{"type":"FeatureCollection","features":[{"type":"Feature","properties":{},"geometry":{"type":"MultiPolygon","coordinates":[[[[135.5,33.1],[133.6,32.4],[132.2,32.6],[130.5,32.2],[129,31.1],[126.9,26.4],[124,27.2],[122.1,28.2],[124,29.1],[126.2,32.1],[129.8,33.2],[131.4,33.8],[132.4,34.1],[135.5,33.1]]]]}},{"type":"Feature","properties":{},"geometry":{"type":"MultiPolygon","coordinates":[[[[142.3,29.8],[141.5,29.5],[140.8,30.9],[139.5,30.7],[138.1,30.4],[136.3,30.5],[135.2,30.3],[135,30.3],[135.2,30.4],[135.7,30.7],[137,31.4],[141,31.6],[142.3,29.8]]]]}},{"type":"Feature","properties":{},"geometry":{"type":"MultiPolygon","coordinates":[[[[135.3,29.8],[135.2,29.9],[134.6,29.7],[135,29.9],[135.4,30.1],[135.3,29.8]]]]}},{"type":"Feature","properties":{},"geometry":{"type":"MultiPolygon","coordinates":[[[[134.5,28.4],[131.4,27.1],[132.3,28.2],[133.1,28.6],[133.5,28.9],[134.2,28.9],[134.4,28.5],[134.5,28.4]]]]}},{"type":"Feature","properties":{},"geometry":{"type":"MultiPolygon","coordinates":[[[[143.5,31],[143.1,30.8],[142.8,30.4],[141.6,31.1],[138.1,31.2],[136.2,31.3],[136.1,31.7],[135.2,31.7],[134.7,31.4],[133.6,31.1],[133,30.6],[132.2,30.9],[131.5,30.4],[132.2,29.7],[132.5,29.6],[132.2,28.9],[131.9,27.6],[131.3,27],[130,24.9],[129.3,23.9],[128.7,23.7],[127.7,24.3],[126.9,24.7],[127.4,27.7],[129.3,31.3],[131,32.4],[132.6,32.5],[133.9,32.6],[135.9,33.1],[138,32.9],[139.6,32.7],[141.5,32.5],[142.3,32.1],[143.2,31.3],[143.5,31]]]]}},{"type":"Feature","properties":{},"geometry":{"type":"MultiPolygon","coordinates":[[[[69.5,44.6],[72.8,46.4],[75.9,47.9],[77.8,48.2],[79.1,46.8],[76.8,43.9],[74.1,41.8],[73.1,40.9],[71.1,38.2],[69.8,36.1],[70,36.9],[69.8,39.4],[66.6,38.4],[64.7,37.9],[62.6,37],[63.7,38.6],[64.4,39.7],[65.8,41.6],[67.4,43.4],[69.5,44.6]]]]}},{"type":"Feature","properties":{},"geometry":{"type":"MultiPolygon","coordinates":[[[[130.3,33.4],[126.9,33.1],[122.9,33.3],[119.7,32.1],[118.1,33.4],[123.7,34.7],[127.3,34.3],[130.3,33.4]]]]}},{"type":"Feature","properties":{},"geometry":{"type":"MultiPolygon","coordinates":[[[[80.2,45],[77.8,42.3],[75.6,42.1],[74.1,41.8],[76.8,43.9],[79.1,46.8],[80.2,45]]]]}},{"type":"Feature","properties":{},"geometry":{"type":"MultiPolygon","coordinates":[[[[10.4,52.6],[11.3,52.6],[11.8,52.7],[13.4,52.7],[15,52.9],[14,53],[12.8,53.2],[12.2,53.3],[12.4,53.1],[11.5,53.1],[11.4,53.5],[11.3,53.9],[11,54.1],[10.3,54.1],[8,55.7],[5.9,56.8],[8.1,59.9],[10.8,62.8],[13.5,63.6],[13,61.4],[12.5,60.6],[9.5,58.5],[7.1,57.3],[8.4,56.5],[10.3,55],[12.2,54.1],[15,53.4],[16.5,53.2],[19.6,52.9],[22.2,50.5],[24.4,49.5],[24.3,49.1],[24.7,48.8],[24.2,48.4],[24.2,48.2],[23.6,48.3],[22.8,48],[22,48],[21.4,47.4],[20.6,47.7],[19.6,48.2],[19.2,48.8],[18.2,49.4],[17.2,50.4],[15.5,50.5],[14.1,50.8],[13.4,51.1],[12.9,51.2],[12.4,51.2],[12.6,51.5],[11.6,51.6],[11,52.1],[10.4,52.6]]]]}},{"type":"Feature","properties":{},"geometry":{"type":"MultiPolygon","coordinates":[[[[10.8,54.7],[12.8,56.6],[14.1,58.4],[12.5,59.7],[12.7,61],[15.4,58.1],[15.3,57.3],[15.5,56.8],[15.2,55.8],[14.9,54.8],[13.3,54],[10.8,54.7]]]]}},{"type":"Feature","properties":{},"geometry":{"type":"MultiPolygon","coordinates":[[[[16.2,72.2],[22.3,71.5],[22.4,71.2],[24.9,69.6],[26.1,69.3],[26.5,68.5],[20.5,65.2],[14.6,64.6],[15.3,67.5],[16.4,69.7],[16.3,69.9],[16.7,71.2],[16.2,72.2]]]]}},{"type":"Feature","properties":{},"geometry":{"type":"MultiPolygon","coordinates":[[[[12.7,61],[13.1,62.1],[13.4,63.7],[15.5,63.6],[20.6,63.6],[24.3,64.2],[26.3,64.2],[25.8,63.5],[23.1,61.3],[20.5,57.4],[18.2,55.5],[17.8,55],[16.5,53.9],[15,53.4],[14.8,54.9],[15.3,56.2],[15.5,56.8],[15.4,57.4],[14.9,58.8],[12.7,61]]]]}},{"type":"Feature","properties":{},"geometry":{"type":"MultiPolygon","coordinates":[[[[10.4,65.1],[18.9,64.8],[26.5,64.9],[27.9,64.6],[28.6,64.3],[27,64.3],[24.4,64.2],[22.9,63.9],[18.3,63.5],[13.9,63.6],[11.4,64.4],[10.4,65.1]]]]}},{"type":"Feature","properties":{},"geometry":{"type":"MultiPolygon","coordinates":[[[[-2.1,-63.6],[-4.7,-63],[-7.4,-63.4],[-13.2,-59.1],[-6.9,-58.5],[-2.2,-59.3],[-0.7,-61],[-1.7,-62.8],[-2.1,-63.6]]]]}},{"type":"Feature","properties":{},"geometry":{"type":"MultiPolygon","coordinates":[[[[-10.1,-62.9],[-15.2,-62.4],[-22.3,-62.2],[-27.5,-60.7],[-30.1,-59.9],[-33,-59],[-36.6,-57.8],[-34.9,-57.3],[-33.7,-56.9],[-32.7,-56.6],[-30.4,-56.2],[-28.5,-56.6],[-27,-57.5],[-25.6,-58.8],[-23.8,-60.9],[-19.9,-60.6],[-16.3,-60.1],[-10.1,-62.9]]]]}},{"type":"Feature","properties":{},"geometry":{"type":"MultiPolygon","coordinates":[[[[29.3,-44.6],[26.3,-49.2],[26.6,-45.8],[26.9,-44.7],[28.5,-44.4],[29.3,-44.6]]]]}},{"type":"Feature","properties":{},"geometry":{"type":"MultiPolygon","coordinates":[[[[26.5,-49.7],[29.3,-44.6],[30.3,-44.4],[31.1,-46.6],[31.5,-47.5],[26.9,-49.7],[26.5,-49.7]]]]}},{"type":"Feature","properties":{},"geometry":{"type":"MultiPolygon","coordinates":[[[[29.4,-43.1],[28.5,-44.4],[26.9,-44.7],[26.6,-45.8],[26.3,-49.2],[23.9,-50.8],[21.9,-49.5],[21,-48],[22.6,-43.5],[25.1,-42],[28.9,-43.3],[29.4,-43.1]]]]}},{"type":"Feature","properties":{},"geometry":{"type":"MultiPolygon","coordinates":[[[[22.6,-43.5],[18.4,-43.4],[15.5,-41.2],[11.7,-40.2],[6.1,-39],[3.2,-37.7],[1.3,-35.2],[2.8,-35.9],[8.3,-38.5],[13.6,-39.7],[20.1,-42.9],[22.6,-43.5]]]]}},{"type":"Feature","properties":{},"geometry":{"type":"MultiPolygon","coordinates":[[[[9.9,-25.6],[10.4,-21.3],[12.8,-20],[16.2,-21.5],[16.7,-23.8],[15.1,-25.3],[13,-26.3],[11.6,-27.5],[9.7,-27.1],[9.9,-25.6]]]]}},{"type":"Feature","properties":{},"geometry":{"type":"MultiPolygon","coordinates":[[[[10.2,-23.6],[9.7,-27.3],[9.3,-31.8],[7.3,-33.5],[6.8,-33.2],[6.5,-32.7],[6.5,-33.6],[6.4,-33.8],[4.5,-34.9],[2.6,-33.5],[4.8,-27.7],[5.5,-27.6],[6.4,-26.5],[6.9,-24.5],[7.2,-24.8],[7.5,-24.5],[8.2,-23.8],[8,-23.3],[8.5,-22.9],[8.8,-22.3],[9.3,-21.2],[10.3,-21.8],[10.2,-23.6]]]]}},{"type":"Feature","properties":{},"geometry":{"type":"MultiPolygon","coordinates":[[[[6.9,-18.7],[5.6,-19.6],[4.8,-20.4],[3,-21.9],[1.8,-22.3],[3.1,-21],[4.1,-20.3],[5.2,-19.5],[5.9,-18.8],[7.4,-18],[6.9,-18.7]]]]}},{"type":"Feature","properties":{},"geometry":{"type":"MultiPolygon","coordinates":[[[[15,-14.5],[12.5,-17.8],[9.7,-20.7],[9.2,-20.8],[9,-20.5],[8.4,-19.9],[8.2,-19.3],[7.5,-18.4],[6.8,-18.5],[5.8,-18.5],[5.9,-17.8],[4.9,-18.1],[4.3,-18.8],[4.2,-18.2],[3.9,-18.2],[3.9,-17.6],[3.6,-17.9],[3.3,-16.8],[4.3,-12.8],[6.1,-9.5],[10.3,-10.5],[13.6,-10.9],[14.1,-11],[15,-14.5]]]]}},{"type":"Feature","properties":{},"geometry":{"type":"MultiPolygon","coordinates":[[[[-8.4,-40.4],[-11.2,-42],[-11.4,-42.4],[-11.6,-42.6],[-14.2,-42.9],[-18.7,-45.2],[-22.7,-48],[-23.5,-45.9],[-22.7,-43.4],[-16.6,-41.1],[-13.8,-38.5],[-11.4,-37.2],[-10,-38.8],[-8.4,-40.4]]]]}},{"type":"Feature","properties":{},"geometry":{"type":"MultiPolygon","coordinates":[[[[-18.2,-28.2],[-21.9,-30.8],[-24.1,-26.5],[-26.7,-22.8],[-29.1,-21.3],[-30.2,-20.2],[-27.3,-19.9],[-29.6,-17.4],[-33.2,-16.3],[-33.4,-13.8],[-31.5,-13.9],[-29.1,-14],[-27.2,-14.1],[-27.3,-14.3],[-27.3,-14.5],[-26.7,-14.7],[-26.3,-15.2],[-25.7,-16.8],[-26,-17.4],[-25.6,-17],[-25.3,-17.2],[-25.1,-17.9],[-24.7,-18.2],[-23.6,-18.9],[-23.6,-18.7],[-22.8,-19.1],[-22.7,-19.1],[-21.7,-19.5],[-21.6,-19.5],[-20.5,-20.5],[-20.4,-20.9],[-20.2,-20.9],[-20.1,-21.2],[-19.8,-21.5],[-19.8,-21.8],[-19.6,-22.6],[-19.5,-23.5],[-19.6,-24],[-18.9,-24.6],[-19,-25.1],[-19.5,-25.3],[-20.3,-25.8],[-20.9,-26],[-22,-26.8],[-23,-26.9],[-21.3,-27],[-20.8,-27],[-20.8,-27.6],[-20.6,-28],[-20.2,-28],[-19.8,-28.2],[-19.4,-28.1],[-19.8,-28.6],[-19.8,-28.8],[-19.3,-28.3],[-18.5,-28.1],[-18.2,-28.2]]]]}},{"type":"Feature","properties":{},"geometry":{"type":"MultiPolygon","coordinates":[[[[-19.2,-26.6],[-18.5,-26.8],[-18.2,-27.4],[-18.6,-27.8],[-18.9,-27.8],[-18.9,-27.9],[-19.1,-28],[-19.4,-27.9],[-19.6,-27.8],[-19.9,-28],[-20.8,-27.8],[-20.5,-27.2],[-20.6,-26.8],[-20.4,-26.8],[-20.3,-26.5],[-20.4,-26.3],[-19.9,-26.2],[-19.2,-26.6]]]]}},{"type":"Feature","properties":{},"geometry":{"type":"MultiPolygon","coordinates":[[[[-21,-26.5],[-22.1,-27.1],[-21.7,-26.7],[-21.2,-26.4],[-21,-26.5]]]]}},{"type":"Feature","properties":{},"geometry":{"type":"MultiPolygon","coordinates":[[[[-16.2,-28],[-16.2,-28.2],[-15.5,-29.5],[-14.7,-30.7],[-15,-30.9],[-14.8,-30.9],[-12.3,-30.8],[-11.7,-31.1],[-11.4,-31.1],[-11,-31.9],[-12.4,-33.9],[-19.5,-36.6],[-23.8,-38.1],[-29.1,-40.9],[-33.4,-43],[-42.9,-46.7],[-43.6,-44.2],[-43.4,-40.8],[-48.4,-41.1],[-49.1,-38.5],[-44.3,-35.3],[-41.7,-37.9],[-36.9,-41.4],[-35.3,-38.8],[-32.3,-37.7],[-27.8,-37.9],[-24.6,-37.2],[-23.2,-35.1],[-21.5,-33],[-19.1,-29.9],[-18.2,-28.2],[-17.7,-27.5],[-17.5,-27.5],[-17.2,-27.5],[-17.2,-27.7],[-17,-27.8],[-16.8,-27.6],[-16.7,-27.7],[-16.7,-27.9],[-16.4,-27.9],[-16.3,-28],[-16.2,-28]]]]}},{"type":"Feature","properties":{},"geometry":{"type":"MultiPolygon","coordinates":[[[[-8.4,-40.4],[-8.6,-40.7],[-10.6,-41.9],[-10.9,-41.6],[-11,-42],[-8.4,-40.4]]]]}},{"type":"Feature","properties":{},"geometry":{"type":"MultiPolygon","coordinates":[[[[-25.6,-39.6],[-27,-40.6],[-27.6,-43.4],[-25.5,-45.6],[-24,-48],[-19.4,-46.2],[-15.4,-43],[-11.6,-42.7],[-11.7,-43],[-11.9,-43.7],[-13,-45.8],[-13.2,-46.3],[-14.7,-47.9],[-15.7,-48.5],[-16.4,-48.8],[-18.5,-49.9],[-19.3,-50.4],[-20.8,-50.1],[-22.1,-49.8],[-22.4,-49.7],[-23.1,-49.9],[-23,-50],[-23.4,-49.9],[-24,-50],[-25.4,-50],[-25.8,-50],[-27.7,-50.2],[-29,-50.6],[-29.1,-50.5],[-29.3,-50.5],[-29.7,-50.4],[-29.8,-50.9],[-30.4,-51.3],[-30.6,-51.8],[-30.8,-52.2],[-31.1,-52.5],[-31.8,-53.1],[-34.4,-51.9],[-40.2,-48.6],[-38,-45],[-30.8,-41.8],[-32.4,-43.5],[-34.4,-44.3],[-37.1,-45.8],[-40,-46.5],[-40.5,-48],[-37.1,-47.6],[-33.5,-47],[-30.3,-46.8],[-27.5,-46.9],[-27.8,-45],[-28.5,-43.2],[-29.8,-41.5],[-26,-39.4],[-25.6,-39.6]]]]}},{"type":"Feature","properties":{},"geometry":{"type":"MultiPolygon","coordinates":[[[[-44.5,-34.9],[-50.8,-39.7],[-51.1,-37.3],[-49.9,-35.3],[-50.1,-33.7],[-50.9,-32.3],[-52.5,-30],[-52.6,-29.5],[-52.8,-28.5],[-52.8,-28.1],[-52.4,-26.6],[-52.4,-25.6],[-52.4,-24],[-52.3,-23.1],[-52.3,-22.9],[-52.2,-22.1],[-52.3,-20.2],[-52.8,-18.9],[-52.5,-18.6],[-52.4,-18],[-51,-17.1],[-50.6,-17.1],[-50,-16.6],[-49.5,-16.2],[-47.9,-15.6],[-47.3,-16.1],[-49.1,-19.7],[-48,-22.7],[-48.5,-26.1],[-48.2,-28],[-46.5,-30.2],[-44.4,-33.2],[-44.5,-34.9]]]]}},{"type":"Feature","properties":{},"geometry":{"type":"MultiPolygon","coordinates":[[[[-60,-48.1],[-61.4,-50.8],[-62.4,-54.5],[-59.2,-54.1],[-56.7,-53.2],[-57.5,-57.2],[-57.7,-57.4],[-59.6,-56.3],[-66.5,-52.2],[-68.4,-50.4],[-67.6,-50.5],[-67.3,-50.2],[-66.3,-49.7],[-65.4,-49.3],[-64,-48.4],[-63,-47.6],[-62.1,-47.2],[-61.9,-46.6],[-60.6,-46.8],[-60,-48.1]]]]}},{"type":"Feature","properties":{},"geometry":{"type":"MultiPolygon","coordinates":[[[[-50.8,-39.7],[-51.5,-42.3],[-55.9,-47.1],[-54.5,-44.1],[-58.2,-46.4],[-59.6,-44.6],[-59,-44.3],[-58.5,-44],[-57.6,-43.2],[-56.6,-42.5],[-55.8,-41.9],[-55.2,-41.5],[-54.3,-40.8],[-53,-39.2],[-52.7,-38.8],[-52,-38.3],[-50.8,-39.7]]]]}},{"type":"Feature","properties":{},"geometry":{"type":"MultiPolygon","coordinates":[[[[-42.9,-46.7],[-37.4,-50.3],[-31.9,-53.1],[-32.2,-53.3],[-34.8,-54],[-38.9,-55],[-38.6,-54.9],[-37.7,-54.8],[-37,-54.6],[-35.9,-54.1],[-35.7,-54],[-36.3,-54],[-36.3,-53.6],[-37,-54.3],[-37.4,-54.3],[-37.9,-54.5],[-38.6,-54.6],[-39.1,-54.8],[-39,-55],[-39.6,-55.2],[-42.8,-56.1],[-44.1,-56.3],[-43.7,-55.4],[-41.4,-53.5],[-42.3,-52.4],[-43,-51.8],[-44.2,-50.9],[-45.8,-49.8],[-50.2,-48.4],[-55.5,-51.6],[-56.5,-51.5],[-48.4,-46.4],[-44.2,-45.8],[-42.9,-46.7]]]]}},{"type":"Feature","properties":{},"geometry":{"type":"MultiPolygon","coordinates":[[[[-45.2,-50.8],[-44.1,-53.9],[-45.7,-56],[-47,-55.4],[-46.9,-55.4],[-48.3,-54.2],[-47.5,-53.1],[-48.4,-53.5],[-48.6,-53.7],[-48.7,-54],[-49.1,-54.1],[-48.5,-55.6],[-49.2,-56.4],[-49.2,-56.7],[-54.5,-52.2],[-48.4,-48.2],[-45.2,-50.8]]]]}},{"type":"Feature","properties":{},"geometry":{"type":"MultiPolygon","coordinates":[[[[-22.6,17.8],[-23.9,16.8],[-25.3,15.7],[-25.8,15],[-26,14.6],[-26.5,14.6],[-27.4,14.8],[-27.4,15.9],[-28.5,16.8],[-29.7,17.4],[-30.1,17.8],[-29.5,18.9],[-28.2,19.6],[-26.9,20],[-26.1,20],[-25,20],[-24.3,19.9],[-22.9,19.8],[-22.8,19.2],[-22.7,18.1],[-22.6,17.8]]]]}},{"type":"Feature","properties":{},"geometry":{"type":"MultiPolygon","coordinates":[[[[-13.7,13.8],[-16.1,14.4],[-17.1,15.2],[-17.8,16.2],[-15.5,15.6],[-14.9,15],[-15,14.7],[-13.7,13.8]]]]}},{"type":"Feature","properties":{},"geometry":{"type":"MultiPolygon","coordinates":[[[[-1.7,27.8],[-0.8,27.6],[-0.6,27.7],[-0.3,27.5],[0.1,27.7],[-0.2,27.7],[1.3,28.7],[2.6,28.8],[3.4,28.9],[3.6,28.8],[3.2,28.8],[3.1,28.8],[2.7,28.6],[2.5,28.5],[2.2,28.6],[2.3,28.6],[2.4,28.3],[2.3,28.3],[1.7,28.2],[2.1,28.1],[1.9,27.9],[1.7,27.6],[1.6,27.3],[0.9,27],[0.4,27.6],[0.2,27.2],[0.7,27],[0.7,26.6],[0.8,26.3],[-0.2,26.2],[-0.3,26.6],[-0.4,26.5],[-0.7,26.7],[-0.9,27],[-1.3,27],[-1.3,27.1],[-1.6,27.1],[-1.7,27.3],[-1.7,27.5],[-1.7,27.8]]]]}},{"type":"Feature","properties":{},"geometry":{"type":"MultiPolygon","coordinates":[[[[-3,28],[-2.1,27.6],[-2,27.3],[-2.5,27.6],[-2.5,27.3],[-2.7,27.2],[-2.3,27.2],[-2.3,26.9],[-2.4,26.7],[-2.1,26.5],[-2,26.2],[-1.5,26.2],[-1.2,26.2],[-0.5,25.9],[-0.3,25.5],[-0.6,25.1],[-0.6,24.9],[-1.3,24.8],[-1.5,25],[-1.7,25.1],[-2.1,25.5],[-2.5,25.4],[-2.6,25.6],[-3,25.7],[-2.9,26.1],[-3.4,26.1],[-3.5,26.3],[-3.6,26.4],[-3.5,26.8],[-3.1,27.1],[-2.9,28],[-3,28]]]]}},{"type":"Feature","properties":{},"geometry":{"type":"MultiPolygon","coordinates":[[[[-4.9,28.4],[-4.1,28.2],[-4.3,28],[-4.5,28],[-4.5,27.9],[-4.7,27.8],[-5.1,27.9],[-5.3,28],[-5.1,28.4],[-4.9,28.4]]]]}},{"type":"Feature","properties":{},"geometry":{"type":"MultiPolygon","coordinates":[[[[-3.6,27.5],[-4.4,26.9],[-4.5,27.2],[-4.5,27.4],[-4.1,27.6],[-3.8,27.7],[-3.6,27.5]]]]}},{"type":"Feature","properties":{},"geometry":{"type":"MultiPolygon","coordinates":[[[[-29.3,23.1],[-29.2,24.4],[-28.7,24.8],[-27.2,25.1],[-26.7,25.1],[-25.1,25],[-27.9,24.2],[-29.3,23.1]]]]}},{"type":"Feature","properties":{},"geometry":{"type":"MultiPolygon","coordinates":[[[[-26.2,11.6],[-28.3,8.7],[-30,7.1],[-31.8,6.9],[-33.5,7.9],[-35.6,9],[-37,9.6],[-39.3,10.5],[-39.4,12.2],[-37,12],[-35.5,12.1],[-33.2,11.6],[-33.1,12.1],[-33.2,12.8],[-32.6,13.3],[-31.2,13.7],[-30.9,14.2],[-29.5,13.9],[-27.1,13.9],[-25.7,14.2],[-25.6,13.9],[-25.8,12.9],[-26.2,11.6]]]]}},{"type":"Feature","properties":{},"geometry":{"type":"MultiPolygon","coordinates":[[[[-8.8,0.7],[-9.2,1],[-9.8,0.6],[-10,0.5],[-10.8,0.1],[-11.1,-0.4],[-11.6,-0.9],[-11.9,-1],[-12.1,-1.2],[-13.8,-1],[-12.9,-1.5],[-13.9,-2.8],[-14.8,-3.6],[-17.7,-5.3],[-21,-7.3],[-23.6,-8.7],[-25.4,-8.7],[-26.7,-6.6],[-28.6,-3.5],[-30.4,-4.1],[-32,-6.2],[-32.9,-6.5],[-33.2,-4.8],[-34,-4],[-34.7,-3.4],[-35.7,-3.1],[-36.1,-3.1],[-36.4,-2.8],[-36.5,-3],[-36.9,-3.5],[-37.5,-3.5],[-38,-3.8],[-37.8,-2.7],[-37.7,-1],[-38,-0.1],[-35.6,-0.6],[-34.8,-1.2],[-32.4,-0.8],[-30.8,-1.4],[-28.2,-2.6],[-25.4,-2.6],[-23.1,-1.6],[-19.3,-1.3],[-16.2,-0.3],[-15.4,-0.6],[-14.6,1.2],[-14.3,0.7],[-14.2,0.5],[-13.8,0],[-13.6,0.2],[-13.5,0.4],[-13.5,0.8],[-13.6,1.1],[-13,1.3],[-12.9,1.1],[-12.8,1.5],[-12.2,1.7],[-11.6,1.6],[-11.4,1.5],[-11.3,1.6],[-10.7,2],[-9.9,1.9],[-9.8,1.7],[-9.4,1.3],[-9.3,1.4],[-8.7,1.2],[-8.8,0.7]]]]}},{"type":"Feature","properties":{},"geometry":{"type":"MultiPolygon","coordinates":[[[[-17,2.1],[-17.3,0.7],[-18.6,-1],[-21.5,-1.6],[-25.2,-2.5],[-27,-2.7],[-29.6,-1.5],[-29.8,0.2],[-28,1.2],[-26.3,1.8],[-25.5,2.1],[-24.3,2.1],[-22.5,2.5],[-18.8,2.6],[-18.4,2.6],[-19,1.8],[-19.9,0.4],[-19.2,-0.3],[-18.4,0.7],[-18.2,1.3],[-17.6,2],[-17.3,2],[-17,2],[-17,2.1]]]]}},{"type":"Feature","properties":{},"geometry":{"type":"MultiPolygon","coordinates":[[[[-28.2,1],[-32.4,-0.8],[-34.8,-1.2],[-35.6,-0.6],[-38,-0.1],[-38.3,0.6],[-39.5,1.8],[-39.9,2.7],[-40,4],[-39.2,4.1],[-37.4,3.6],[-35.7,3.4],[-35.3,2.5],[-31.1,1.6],[-28.7,1.5],[-28,1.3],[-28.2,1]]]]}},{"type":"Feature","properties":{},"geometry":{"type":"MultiPolygon","coordinates":[[[[-0.9,18.6],[-0.6,17.9],[-0.8,18],[-1.1,18],[-0.9,17.8],[-1.1,17.6],[-0.9,17.5],[-0.8,17.5],[-0.8,17.4],[-1.2,17],[-3.5,17.1],[-3.8,17.3],[-3.6,17.6],[-3.8,17.6],[-3.7,17.7],[-3.9,17.5],[-4.1,17.4],[-3.9,17.6],[-3.9,17.8],[-4.1,17.9],[-4.1,17.7],[-4.3,17.6],[-4.6,17.8],[-5,17.9],[-5.1,17.9],[-5.4,18],[-5.5,18.2],[-5.5,18.6],[-5,18.8],[-4.8,19.1],[-4.2,18.6],[-3.8,18.6],[-3.3,18.6],[-2.2,19.2],[-2,19.8],[-0.9,18.6]]]]}},{"type":"Feature","properties":{},"geometry":{"type":"MultiPolygon","coordinates":[[[[-2.9,20.7],[-3.8,20.6],[-3.2,20.9],[-2.9,20.7]]]]}},{"type":"Feature","properties":{},"geometry":{"type":"MultiPolygon","coordinates":[[[[0.9,17.2],[0.8,17],[0.8,16.8],[0.7,16.6],[0.7,16.5],[0.6,16.4],[0.6,16.5],[0.4,16.7],[0.3,16.7],[0.1,16.8],[0.1,17],[0.3,17.2],[0,17.2],[0.1,17.5],[0.9,17.2]]]]}},{"type":"Feature","properties":{},"geometry":{"type":"MultiPolygon","coordinates":[[[[1.2,17.1],[1.1,16.9],[1.1,17.1],[1.2,17.1]]]]}},{"type":"Feature","properties":{},"geometry":{"type":"MultiPolygon","coordinates":[[[[-0.8,14.4],[-0.8,14.6],[-1,14.6],[-0.9,14.9],[-0.9,17.3],[-0.9,17],[-0.8,16.9],[-0.6,16.9],[-0.5,16.7],[-0.7,16.5],[-0.6,16.6],[-0.5,16.5],[-0.4,16.6],[-0.4,16.5],[-0.3,16.3],[-0.2,16.2],[-0.5,16.1],[-0.4,15.8],[-0.3,15.7],[-0.4,15.5],[-0.3,15.1],[-0.4,15],[-0.5,15.6],[-0.6,15.2],[-0.5,15],[-0.5,14.8],[-0.5,14.6],[-0.8,14.4]]]]}},{"type":"Feature","properties":{},"geometry":{"type":"MultiPolygon","coordinates":[[[[-0.2,16.5],[-0.2,16.3],[-0.4,16.3],[-0.2,16.5]]]]}},{"type":"Feature","properties":{},"geometry":{"type":"MultiPolygon","coordinates":[[[[20.2,13.4],[20.4,13],[20.6,12.7],[20.6,12.6],[20.8,12.5],[21.1,12.6],[21,12.3],[21.1,11.9],[20.8,11.6],[21,11.4],[21.2,11.2],[20.6,11],[20.1,11.2],[19.9,12],[19.9,12.7],[20,13.3],[20.2,13.6],[20.2,13.4]]]]}},{"type":"Feature","properties":{},"geometry":{"type":"MultiPolygon","coordinates":[[[[23.1,13],[22.9,12.5],[22.5,12.7],[23.1,13]]]]}},{"type":"Feature","properties":{},"geometry":{"type":"MultiPolygon","coordinates":[[[[21.9,12.8],[22.1,12.8],[22.4,12.5],[22.2,12.2],[22.5,11.8],[22.6,11.5],[22.2,11.7],[22.2,11.8],[21.7,11.9],[21.4,12],[21.6,12.4],[21.7,12.4],[21.8,12.2],[22,12.3],[21.8,12.5],[21.9,12.8]]]]}},{"type":"Feature","properties":{},"geometry":{"type":"MultiPolygon","coordinates":[[[[21.5,11.7],[21.4,11.2],[21,11.4],[21.1,11.6],[21.4,11.6],[21.4,11.7],[21.5,11.7]]]]}},{"type":"Feature","properties":{},"geometry":{"type":"MultiPolygon","coordinates":[[[[22.4,11.3],[22,11.3],[22.3,11.5],[22.4,11.3]]]]}},{"type":"Feature","properties":{},"geometry":{"type":"MultiPolygon","coordinates":[[[[23.3,12],[23.6,11.8],[23.5,11.7],[23.4,11.7],[23.3,11.8],[23.4,11.9],[23.2,11.8],[23.3,12]]]]}},{"type":"Feature","properties":{},"geometry":{"type":"MultiPolygon","coordinates":[[[[-8.3,-64.9],[-12.3,-64.6],[-14.5,-64.3],[-21.8,-63.6],[-26.4,-62.2],[-29.4,-60.6],[-32.9,-59.8],[-34.9,-58.9],[-36.2,-60],[-37.9,-61.6],[-39.1,-62],[-38.2,-59.1],[-37.2,-58.1],[-35.4,-58.1],[-32.2,-59.3],[-29.5,-60.1],[-26.5,-61.1],[-21,-62.3],[-13.2,-62.4],[-9.7,-63],[-8.3,-64.9]]]]}},{"type":"Feature","properties":{},"geometry":{"type":"MultiPolygon","coordinates":[[[[7.3,-67.5],[0.4,-68.1],[-0.1,-68.6],[-1,-68.4],[-1.7,-67.7],[-3.5,-67],[-5.8,-65.6],[-6.6,-65.2],[-9.3,-63.3],[-6.9,-63.6],[-3.9,-64.6],[1.3,-65.1],[8.2,-65.9],[7.3,-67.1],[6.8,-67.6],[7.3,-67.5]]]]}},{"type":"Feature","properties":{},"geometry":{"type":"MultiPolygon","coordinates":[[[[32.2,-27.2],[32.7,-28.5],[32.7,-29],[32.7,-29.7],[33.8,-32.8],[33.4,-33.1],[34.1,-34.4],[34.2,-34.8],[32.2,-35.5],[32,-34],[30.7,-32.1],[31.6,-27],[32.2,-27.2]]]]}},{"type":"Feature","properties":{},"geometry":{"type":"MultiPolygon","coordinates":[[[[37,-32.9],[37.8,-35.1],[37.7,-35.9],[35.7,-36.7],[34.6,-36.8],[34.8,-36.7],[35.1,-36.2],[35,-35.9],[34.5,-34.6],[34.4,-34.1],[35.3,-33.5],[34.9,-32.6],[36.5,-32.8],[37,-32.9]]]]}},{"type":"Feature","properties":{},"geometry":{"type":"MultiPolygon","coordinates":[[[[32.6,-19.6],[32.3,-19.5],[32,-19.1],[32.6,-19.6]]]]}},{"type":"Feature","properties":{},"geometry":{"type":"MultiPolygon","coordinates":[[[[32.4,-25.8],[32.4,-25.4],[32.6,-24.9],[32.4,-25.7],[32.4,-25.8]]]]}},{"type":"Feature","properties":{},"geometry":{"type":"MultiPolygon","coordinates":[[[[33.8,-25.3],[33.1,-25.2],[33.3,-25.1],[33.6,-25.3],[33.8,-25.3]]]]}},{"type":"Feature","properties":{},"geometry":{"type":"MultiPolygon","coordinates":[[[[32.4,-25.8],[32.3,-26.3],[32.2,-27.2],[29.3,-26],[25.8,-25.1],[21.5,-22.9],[19.4,-20.2],[15.4,-18.6],[11.4,-19.6],[14.1,-16.1],[15.9,-15],[16.2,-15.2],[16.3,-15.6],[16.3,-15.7],[17.7,-17.1],[18.7,-18.4],[19.3,-19.8],[21.2,-21.6],[22.2,-20.4],[23.8,-20.2],[25.1,-20.9],[25.1,-21.4],[26.4,-22.6],[28.2,-23.4],[28.6,-23.9],[30.6,-24.3],[30.9,-24.2],[31,-24.3],[31.5,-24.3],[32,-24.5],[32.2,-24.9],[32.4,-25],[32.5,-24.8],[32.4,-25.3],[32.4,-25.6],[32.4,-25.8]]]]}},{"type":"Feature","properties":{},"geometry":{"type":"MultiPolygon","coordinates":[[[[35.8,-21.1],[34.7,-21.7],[34.1,-21.7],[33.8,-21.3],[34.9,-21.2],[35.8,-21.1]]]]}},{"type":"Feature","properties":{},"geometry":{"type":"MultiPolygon","coordinates":[[[[25.7,-14.8],[25.5,-15.1],[25.4,-14.9],[25.7,-14.8]]]]}},{"type":"Feature","properties":{},"geometry":{"type":"MultiPolygon","coordinates":[[[[30.4,-33.9],[28.9,-34.5],[28,-34.1],[27.1,-34.6],[25.6,-34.9],[28,-33.3],[31,-28.4],[31.2,-29.9],[30.4,-33.9]]]]}},{"type":"Feature","properties":{},"geometry":{"type":"MultiPolygon","coordinates":[[[[38.3,-43.7],[38.9,-44],[39.5,-44.9],[40.2,-45.7],[39.8,-45.8],[38.9,-46.1],[39.8,-46.2],[37.9,-47.9],[37.1,-47.9],[35,-48.3],[35,-47.4],[35.4,-46.7],[35.5,-45.9],[35.3,-45.3],[35.8,-44.4],[36.2,-43.5],[38.3,-43.7]]]]}},{"type":"Feature","properties":{},"geometry":{"type":"MultiPolygon","coordinates":[[[[38.3,-43.7],[36.1,-42.2],[36.5,-42],[36.8,-42.4],[37.1,-42.5],[38.2,-43.7],[38.3,-43.7]]]]}},{"type":"Feature","properties":{},"geometry":{"type":"MultiPolygon","coordinates":[[[[36.7,-41.7],[36.8,-41.7],[36.4,-41.6],[36.6,-41.5],[36.7,-41.7]]]]}},{"type":"Feature","properties":{},"geometry":{"type":"MultiPolygon","coordinates":[[[[3.3,-16.8],[1.3,-18.6],[0.1,-20.1],[-2.6,-21.5],[-3.7,-23.1],[-4.3,-21.9],[-6.6,-21.5],[-7.3,-21.4],[-9.3,-22.1],[-11.1,-20.8],[-9.6,-20.1],[-8.9,-18.2],[-9.4,-14.5],[-11.9,-14.9],[-11.4,-13.1],[-11.1,-10.7],[-7.5,-10.9],[-3,-13],[0.3,-13.6],[1.6,-13.6],[1.6,-12.3],[-2,-9.9],[-3.3,-7.8],[-0.6,-8.9],[1.6,-10.2],[4.6,-10.8],[3.5,-15.6],[3.3,-16.8]]]]}},{"type":"Feature","properties":{},"geometry":{"type":"MultiPolygon","coordinates":[[[[-4,-23.6],[-3.3,-25],[-4.1,-27],[-6.2,-28.1],[-10.2,-30.2],[-10.4,-30.2],[-9.8,-29.8],[-9.7,-29.5],[-9.4,-29.3],[-9.4,-29.2],[-9.2,-29],[-9.1,-28.8],[-9,-28.7],[-9.3,-28.9],[-9.5,-29.1],[-9.6,-28.9],[-9.5,-28.7],[-9.7,-28.5],[-9.6,-28],[-9.8,-28],[-9.6,-27.5],[-9.8,-27.6],[-10,-27.5],[-9.9,-27.7],[-9.9,-28.3],[-9.9,-28.5],[-10,-28.7],[-9.8,-28.8],[-9.8,-29.1],[-10,-29.1],[-9.8,-29.4],[-10,-29.3],[-10.1,-29.7],[-10.3,-29.8],[-10.3,-29.9],[-10.7,-30],[-10.7,-29.6],[-11,-29.5],[-10.9,-30.2],[-11.2,-30.4],[-13.8,-29.9],[-14.7,-28.3],[-14.9,-28.1],[-16.7,-26.8],[-18.3,-26.1],[-17.8,-25.4],[-15,-24.1],[-14.8,-20.9],[-17.2,-18.7],[-12.3,-15.1],[-10.2,-14.1],[-8.2,-17.3],[-9.6,-19.7],[-11,-20.7],[-10.1,-21.8],[-7.6,-21.4],[-6.9,-21.6],[-4.9,-21.6],[-4,-23.6]]]]}},{"type":"Feature","properties":{},"geometry":{"type":"MultiPolygon","coordinates":[[[[-47.9,-56.6],[-49.8,-57.3],[-53.8,-57.4],[-55.9,-54.3],[-51.5,-53.9],[-47.9,-56.6]]]]}},{"type":"Feature","properties":{},"geometry":{"type":"MultiPolygon","coordinates":[[[[-33.2,-16.3],[-32.5,-19.6],[-30.7,-22.5],[-31.6,-25.3],[-29.8,-29.7],[-26.7,-32.9],[-27.9,-35],[-29.8,-34.1],[-32.4,-32.1],[-35.6,-29],[-33.2,-29.6],[-33.5,-28.8],[-34.3,-28.1],[-36,-27.7],[-37.6,-21.5],[-37.7,-18.1],[-37.5,-16.5],[-36.3,-15.5],[-34.8,-14.4],[-33.3,-15.8],[-33.2,-16.3]]]]}},{"type":"Feature","properties":{},"geometry":{"type":"MultiPolygon","coordinates":[[[[-4.6,-37.9],[-9,-37.7],[-12.7,-36.3],[-10.2,-35.8],[-5.9,-36.6],[-4.5,-36.6],[-4.5,-36.9],[-4.5,-37.3],[-4.6,-37.9]]]]}},{"type":"Feature","properties":{},"geometry":{"type":"MultiPolygon","coordinates":[[[[-41,7.4],[-42.8,6.6],[-43.2,8.3],[-43.2,9],[-42.1,8.8],[-41,7.7],[-41,7.4]]]]}},{"type":"Feature","properties":{},"geometry":{"type":"MultiPolygon","coordinates":[[[[-40.1,4.3],[-41.4,4.5],[-41.8,3.7],[-42.6,4.3],[-42.7,5.6],[-40.9,7.3],[-40.9,6.4],[-40.5,5.1],[-40.1,4.3]]]]}},{"type":"Feature","properties":{},"geometry":{"type":"MultiPolygon","coordinates":[[[[-26.1,20.6],[-27.6,21.2],[-25.6,24.2],[-23.3,25],[-21.2,24.7],[-20.3,24.6],[-20.6,24.4],[-22.6,24.1],[-24.5,23],[-26.1,20.9],[-26.1,20.6]]]]}},{"type":"Feature","properties":{},"geometry":{"type":"MultiPolygon","coordinates":[[[[-17.8,3.2],[-18.8,2.6],[-21.7,2.5],[-23.6,2],[-23.3,2.6],[-22.3,3.3],[-22.1,3.9],[-20.7,4.9],[-20.2,4.7],[-18.9,4.2],[-18,3.4],[-17.8,3.2]]]]}},{"type":"Feature","properties":{},"geometry":{"type":"MultiPolygon","coordinates":[[[[-27.3,1.7],[-30.4,1.7],[-33.5,2],[-35.8,2.9],[-36.3,3.6],[-38.1,3.8],[-40.1,4.3],[-40.5,5.1],[-40.9,6.4],[-40.9,7.3],[-38.6,10.2],[-36.8,9.4],[-35.6,9.4],[-33,7.6],[-30.9,6.9],[-30.1,6.8],[-28.3,6.6],[-26.8,5.5],[-26.3,4.8],[-25.8,4.2],[-24,4.1],[-23,3.3],[-25.6,2.6],[-26.5,2.3],[-27.3,1.7]]]]}},{"type":"Feature","properties":{},"geometry":{"type":"MultiPolygon","coordinates":[[[[-45.3,-44.8],[-49.1,-41.4],[-43.9,-40.4],[-42,-43.5],[-45.3,-44.8]]]]}},{"type":"Feature","properties":{},"geometry":{"type":"MultiPolygon","coordinates":[[[[-45.3,-44.8],[-52.2,-49],[-57.2,-51.1],[-52.7,-47.4],[-47.9,-42.6],[-45.3,-44.8]]]]}},{"type":"Feature","properties":{},"geometry":{"type":"MultiPolygon","coordinates":[[[[0.8,18.7],[-0.4,19],[-2,20.3],[-2,20.6],[-2.2,21.1],[-2.2,21.3],[-2.3,21.6],[-2.3,21.7],[-2.5,21.8],[-2.6,22],[-2.5,22.4],[-2.3,22.6],[-2.7,22.7],[-2.6,22.9],[-2.8,22.9],[-2.8,23.6],[-2.8,23.7],[-2.7,23.9],[-2.8,23.9],[-3.1,23.8],[-3.4,23.3],[-3.5,23.6],[-3.9,23.8],[-4.1,23.8],[-4.3,23.9],[-4.9,24.5],[-5.1,24.6],[-5.1,25.1],[-5.3,25.1],[-5.4,25.1],[-5.8,25.4],[-5.7,26.1],[-5.1,25.7],[-4.4,25.5],[-4.4,25.4],[-4.1,25.5],[-4,25.9],[-4,26.3],[-3.5,26.1],[-3.5,26.2],[-3.4,26.4],[-3.2,26.9],[-3.1,27.1],[-3,27.1],[-2.7,27.2],[-2.5,27],[-2.1,27.2],[-1.8,26.3],[-2.2,25.8],[-2.5,25.5],[-2.4,25.4],[-2.1,25.3],[-2.1,25.4],[-1.8,25.3],[-1.9,25.2],[-1.8,24.9],[-1.8,25.3],[-1.5,25.1],[-1.6,25.4],[-1,25.3],[-0.6,25],[-1.1,24.7],[-1,24.6],[-1.1,24.3],[-1.1,24.1],[-1.2,23.8],[-0.7,24.1],[-0.5,24.1],[-0.8,23.9],[-0.7,23.7],[-0.6,23.7],[-0.2,23.9],[-0.3,23.3],[-0.7,22.9],[-0.1,23.1],[-0.1,22.8],[-0.6,22.7],[-0.3,22.7],[0.3,22.7],[0,22.5],[0.4,22.7],[0.5,22.1],[0,22],[0.1,22.1],[-0.1,21.8],[0.2,21.8],[0.5,22],[0.8,21.4],[-0.1,21.5],[0.4,21.3],[0.4,20.9],[0,21.3],[-0.1,21.1],[0.1,21],[0.2,20.8],[-0.1,20.8],[-0.4,20.9],[-0.2,20.6],[0,20.3],[0.2,20.3],[0.3,20.2],[0,20.1],[0.2,20.1],[0.3,20],[0.3,19.7],[0.5,19.7],[0.4,19.5],[0.6,19.6],[0.8,19.6],[0.8,19.5],[1,19.4],[0.9,19.3],[1,19.2],[1.1,19.1],[1.1,18.8],[0.8,18.7]]]]}},{"type":"Feature","properties":{},"geometry":{"type":"MultiPolygon","coordinates":[[[[-3.1,27.4],[-4.1,26.3],[-4.2,25.5],[-4.4,25.5],[-5,25.6],[-5.5,26.4],[-5.1,27.1],[-4.6,27.4],[-4.4,27.6],[-3.8,27.8],[-2.6,27.6],[-3.1,27.4]]]]}},{"type":"Feature","properties":{},"geometry":{"type":"MultiPolygon","coordinates":[[[[-1.3,26.7],[-0.7,25.9],[-0.7,25.5],[-1.7,25.8],[-1.6,26.3],[-1.6,26.7],[-1.3,26.7]]]]}},{"type":"Feature","properties":{},"geometry":{"type":"MultiPolygon","coordinates":[[[[-2.9,20.7],[-3.2,21],[-2.7,21.2],[-2.9,20.7]]]]}},{"type":"Feature","properties":{},"geometry":{"type":"MultiPolygon","coordinates":[[[[-2.4,21],[-2.2,20.6],[-2.6,20.9],[-2.4,21]]]]}},{"type":"Feature","properties":{},"geometry":{"type":"MultiPolygon","coordinates":[[[[-3.6,22.4],[-3.7,22.5],[-3.2,22.6],[-3.6,22.4]]]]}},{"type":"Feature","properties":{},"geometry":{"type":"MultiPolygon","coordinates":[[[[-3.4,23.3],[-3.7,23.2],[-3.7,23.3],[-3.8,23.4],[-3.4,23.3]]]]}},{"type":"Feature","properties":{},"geometry":{"type":"MultiPolygon","coordinates":[[[[4.8,-10.2],[0.5,-10.1],[-1.6,-8.6],[-0.5,-7.2],[4,-7.9],[4.8,-10.2]]]]}},{"type":"Feature","properties":{},"geometry":{"type":"MultiPolygon","coordinates":[[[[-4.3,23],[-5.7,23.3],[-5.5,23.3],[-5.7,23.5],[-5.6,23.7],[-5.5,23.9],[-5.3,24.1],[-4.8,23.7],[-4.5,23.5],[-4.5,23.3],[-4.4,23.1],[-4.3,23]]]]}},{"type":"Feature","properties":{},"geometry":{"type":"MultiPolygon","coordinates":[[[[-1,14.8],[-1,14.9],[-1.1,14.8],[-1.3,15.3],[-1.4,15.2],[-1.5,15.3],[-1.6,15.8],[-1.8,15.8],[-1.8,15.9],[-1,14.8]]]]}},{"type":"Feature","properties":{},"geometry":{"type":"MultiPolygon","coordinates":[[[[-1.5,13.8],[-1.5,14.5],[-1.5,14.2],[-1.3,14.1],[-1.4,13.9],[-1.5,13.8]]]]}},{"type":"Feature","properties":{},"geometry":{"type":"MultiPolygon","coordinates":[[[[25.3,-60.8],[25,-61],[24.7,-61.1],[23.3,-60.8],[22.9,-59.4],[23.2,-54.9],[25.4,-53.3],[25.5,-52.6],[28.6,-50.9],[30.5,-51.6],[31.8,-52.1],[31.8,-51.2],[32.1,-50.7],[32,-50.1],[30.6,-50.1],[30,-50.5],[30.9,-48.7],[33.8,-48.2],[35.6,-47.8],[36.4,-47.7],[34.8,-50.2],[31.1,-55.4],[25.2,-60.8],[25.3,-60.8]]]]}},{"type":"Feature","properties":{},"geometry":{"type":"MultiPolygon","coordinates":[[[[31.9,-49],[30.2,-50.5],[28.4,-50.6],[26.7,-49.8],[30.5,-48.4],[31.4,-46.9],[30.4,-45.4],[29.6,-44.7],[31.1,-42.9],[31.9,-49]]]]}},{"type":"Feature","properties":{},"geometry":{"type":"MultiPolygon","coordinates":[[[[41.6,-36.9],[41.8,-39.2],[42.6,-40.6],[40.9,-42.2],[40.5,-43.4],[40.2,-44.6],[40,-42.9],[39.7,-42.5],[40,-42.5],[40.1,-41],[39.7,-40.7],[38.6,-38.9],[38.6,-38.5],[38.4,-37.8],[37.7,-37.2],[38.2,-36.5],[40.8,-35.8],[41.6,-36.9]]]]}},{"type":"Feature","properties":{},"geometry":{"type":"MultiPolygon","coordinates":[[[[38.9,-40.8],[39.4,-41.1],[39.2,-41],[38.9,-40.8]]]]}},{"type":"Feature","properties":{},"geometry":{"type":"MultiPolygon","coordinates":[[[[10.3,-55.7],[9.9,-56.1],[8.9,-56.4],[10.3,-55.7]]]]}},{"type":"Feature","properties":{},"geometry":{"type":"MultiPolygon","coordinates":[[[[13.5,-62.4],[10.6,-61],[9.1,-58.1],[9.8,-57.2],[10.5,-56.6],[12.3,-56.3],[14.5,-55.9],[14.6,-56.1],[10.8,-57.7],[10.5,-59.9],[11.5,-61.8],[13.4,-62.4],[13.5,-62.4]]]]}},{"type":"Feature","properties":{},"geometry":{"type":"MultiPolygon","coordinates":[[[[41.2,-35.8],[40.3,-35.4],[38.7,-35.6],[39.3,-37.8],[39.2,-39.1],[38.6,-38],[38.1,-35.7],[38,-34.6],[38.3,-33.7],[40.1,-33.8],[40.8,-34.3],[41.1,-35.1],[41.2,-35.8]]]]}},{"type":"Feature","properties":{},"geometry":{"type":"MultiPolygon","coordinates":[[[[45.8,-47.1],[44.9,-51.1],[44.8,-53.7],[36.2,-56.8],[32.4,-58.3],[30.9,-58.9],[30.7,-58.9],[30.2,-58.9],[30.1,-59],[29.8,-59.1],[29.3,-59.3],[28.4,-59.6],[27.6,-59.8],[26.6,-60.4],[25.8,-60.8],[25.3,-60.8],[29.8,-56.8],[33.8,-51.2],[36.9,-47.7],[38.9,-47.5],[40.2,-47.4],[42.4,-47.1],[45.2,-47.1],[45.8,-47.1]]]]}},{"type":"Feature","properties":{},"geometry":{"type":"MultiPolygon","coordinates":[[[[39.6,-47.8],[37.8,-47.9],[36.4,-47.7],[39.2,-47.4],[39.6,-47.8]]]]}},{"type":"Feature","properties":{},"geometry":{"type":"MultiPolygon","coordinates":[[[[1.2,17.1],[0.2,17.5],[0.4,17.6],[0.3,17.7],[0.2,18],[-0.2,18],[-0.2,18.3],[-0.2,18.4],[-0.5,18.5],[-0.5,18.3],[-0.6,18.4],[-0.8,18.6],[0.8,18.7],[1,18.7],[1.3,18.6],[1.5,18.7],[1,18.2],[1.2,18.3],[1.5,18.2],[1.7,18.2],[1.8,18.2],[1.8,18],[1.7,17.9],[1.6,17.6],[1.5,17.6],[1.5,17.7],[1.3,17.5],[1.2,17.4],[1.3,17.2],[1.2,17.1]]]]}},{"type":"Feature","properties":{},"geometry":{"type":"MultiPolygon","coordinates":[[[[147.9,-43.7],[148,-43.6],[147.9,-43.6],[147.9,-43.5],[148,-43.6],[147.9,-43.7]]]]}},{"type":"Feature","properties":{},"geometry":{"type":"MultiPolygon","coordinates":[[[[165.9,-57.7],[164,-57.6],[163.9,-57.6],[163.8,-57.6],[163.7,-57.6],[163.6,-57.5],[163.4,-57.5],[163.3,-57.5],[163.2,-57.5],[163.1,-57.4],[163,-57.4],[162.9,-57.4],[162.8,-57.4],[162.8,-57.3],[162.7,-57.3],[162.6,-57.3],[162.5,-57.2],[162.4,-57.2],[162.4,-57.1],[162.3,-57.1],[162.2,-57.1],[162.2,-57],[162.1,-57],[162,-57],[162,-56.9],[161.9,-56.9],[161.8,-56.9],[161.8,-56.8],[161.7,-56.8],[161.6,-56.7],[161.5,-56.7],[161.5,-56.6],[161.4,-56.6],[161.4,-56.5],[161.3,-56.5],[161.2,-56.4],[161.1,-56.3],[161,-56.2],[160.9,-56.2],[160.9,-56.1],[160.8,-56.1],[160.8,-56],[160.7,-56],[160.7,-55.9],[160.6,-55.9],[160.6,-55.8],[160.5,-55.8],[160.5,-55.7],[160.4,-55.7],[160.4,-55.6],[160.3,-55.5],[160.2,-55.4],[160.1,-55.3],[160.1,-55.2],[160,-55.2],[160,-55.1],[159.9,-55.1],[159.8,-55.1],[159.8,-55],[159.7,-54.9],[159.6,-54.8],[159.5,-54.7],[159.4,-54.6],[159.4,-54.5],[159.3,-54.4],[159.3,-54.3],[159.2,-54.3],[159.2,-54.2],[159.1,-54.1],[159.1,-54],[159,-53.9],[159,-53.8],[158.9,-53.8],[158.9,-53.7],[158.8,-53.6],[158.8,-53.5],[158.7,-53.5],[158.6,-53.4],[158.6,-53.3],[158.5,-53.3],[158.5,-53.2],[158.5,-53.1],[158.4,-53.1],[158.4,-53],[158.3,-52.9],[158.3,-52.8],[158.2,-52.8],[158.2,-52.7],[158.2,-52.6],[158.1,-52.6],[158.1,-52.5],[158,-52.4],[158,-52.3],[157.9,-52.3],[157.9,-52.2],[157.8,-52.2],[157.8,-52.1],[157.7,-52],[157.5,-51.8],[157.5,-51.7],[157.4,-51.7],[157.4,-51.6],[157.3,-51.5],[157.2,-51.4],[157.2,-51.3],[157.1,-51.2],[157,-51.1],[156.9,-51],[156.8,-50.9],[156.7,-50.8],[156.6,-50.7],[156.6,-50.6],[156.5,-50.6],[156.5,-50.5],[156.4,-50.5],[156.4,-50.4],[156.3,-50.3],[156.2,-50.3],[156.2,-50.2],[156.1,-50.2],[156.1,-50.1],[156,-50],[155.9,-49.9],[155.9,-49.8],[155.8,-49.8],[155.8,-49.7],[155.7,-49.6],[155.6,-49.5],[155.6,-49.4],[155.5,-49.4],[155.5,-49.3],[155.4,-49.3],[155.3,-49.3],[155.3,-49.2],[155.2,-49.2],[155.2,-49.1],[155.1,-49.1],[155.1,-49],[155,-49],[154.9,-48.9],[154.8,-48.9],[154.8,-48.8],[154.7,-48.8],[154.6,-48.7],[154.5,-48.7],[154.4,-48.6],[154.3,-48.5],[154.2,-48.5],[154.1,-48.5],[154.1,-48.4],[154,-48.4],[153.9,-48.3],[153.8,-48.3],[153.7,-48.3],[153.6,-48.2],[153.5,-48.2],[153.5,-48.1],[153.5,-48],[153.5,-47.9],[153.4,-47.9],[153.4,-47.8],[153.4,-47.7],[153.3,-47.7],[153.2,-47.6],[153.2,-47.5],[153.1,-47.5],[153,-47.4],[152.9,-47.3],[152.6,-47],[152.5,-47],[152.4,-46.9],[152.3,-46.9],[152.2,-46.8],[152.1,-46.8],[152,-46.7],[151.9,-46.7],[151.8,-46.6],[151.7,-46.6],[151.7,-46.5],[151.6,-46.5],[151.5,-46.5],[151.5,-46.4],[151.4,-46.4],[151.3,-46.4],[151.2,-46.3],[151.1,-46.3],[151.1,-46.2],[151,-46.2],[150.9,-46.2],[150.7,-46.1],[150.6,-46.1],[150.5,-46.1],[150.5,-46],[151.2,-46.1],[151.8,-46],[152.5,-46.4],[152.9,-46.3],[153.5,-46.5],[153.8,-46.4],[154.1,-46.6],[153.9,-46.8],[154.2,-47],[154.7,-47],[155,-47.3],[155.5,-47.5],[156,-48.2],[156.2,-48.1],[156.5,-48],[157.4,-48],[157.4,-47.8],[157.6,-47.9],[157.7,-47.9],[158.2,-48.6],[158.6,-48.9],[159.6,-49.1],[159.8,-49],[160.1,-49],[160.8,-49.4],[161.2,-49.4],[162.1,-49.7],[162.2,-49.9],[162.6,-50.1],[162.8,-50.2],[163.1,-50.9],[163.6,-51.2],[163.4,-51.3],[163.7,-51.6],[164.9,-52.1],[165.3,-52.7],[165.4,-53.2],[166.4,-54.8],[166.4,-56.1],[166.7,-56],[166.5,-56.6],[166.3,-56.8],[166.2,-57],[166.2,-57.2],[166.2,-57.3],[166.2,-57.5],[166.1,-57.7],[165.9,-57.7]]]]}},{"type":"Feature","properties":{},"geometry":{"type":"MultiPolygon","coordinates":[[[[162.5,-49.3],[162.3,-49.8],[162,-49.2],[162.5,-49.3]]]]}},{"type":"Feature","properties":{},"geometry":{"type":"MultiPolygon","coordinates":[[[[170.4,-66.8],[170.6,-66.9],[170.7,-66.9],[170.7,-67],[170.8,-67],[170.9,-67],[171,-67.1],[171.1,-67.1],[171.2,-67.1],[171,-67.2],[171.1,-67.2],[171.2,-67.2],[171.3,-67.3],[171.3,-67.4],[171.4,-67.3],[171.2,-67.3],[171.1,-67.3],[170.9,-67.3],[170.8,-67.3],[171.2,-67.4],[171.1,-67.5],[171.4,-67.7],[171.2,-67.7],[171,-67.6],[171,-67.7],[170.8,-67.7],[170.9,-67.7],[171.2,-67.8],[171.3,-67.8],[171.1,-67.9],[171.2,-67.9],[171.3,-68],[171.4,-68.1],[171.2,-68.1],[171.1,-68.2],[171,-68.2],[170.6,-68.1],[170.6,-68.2],[170.3,-68.2],[170.2,-68.3],[170.1,-68.3],[170,-68.3],[169.9,-68.4],[169.8,-68.3],[169.6,-68.3],[169.5,-68.2],[169.9,-68.1],[169.8,-68.1],[169.7,-68.1],[169.7,-68.2],[169.6,-68.2],[169.4,-68.2],[169.3,-68.2],[169.2,-68.2],[169.3,-68.3],[169,-68.2],[168.9,-68.2],[168.6,-68.1],[168.3,-68.1],[168.2,-68.1],[168.1,-68.1],[168.1,-68],[168,-68],[168,-67.9],[167.9,-67.9],[167.8,-67.9],[167.8,-67.8],[167.7,-67.8],[167.6,-67.8],[167.6,-67.7],[167.5,-67.7],[167.4,-67.6],[167.3,-67.6],[167.3,-67.5],[167.2,-67.5],[167.2,-67.4],[167.1,-67.4],[167,-67.4],[167,-67.3],[166.9,-67.3],[166.8,-67.3],[166.8,-67.2],[166.7,-67.2],[166.7,-67.1],[166.6,-67.1],[166.6,-67],[166.6,-66.9],[166.7,-66.9],[166.7,-66.8],[166.7,-66.7],[166.8,-66.7],[166.9,-66.6],[167,-66.6],[167.1,-66.6],[167.2,-66.6],[167.3,-66.6],[167.4,-66.5],[167.5,-66.5],[167.7,-66.5],[167.8,-66.5],[167.9,-66.6],[168.1,-66.6],[168.2,-66.6],[168.4,-66.5],[168.6,-66.5],[168.7,-66.5],[169,-66.6],[169.3,-66.6],[169.9,-66.8],[170.4,-66.8]]]]}},{"type":"Feature","properties":{},"geometry":{"type":"MultiPolygon","coordinates":[[[[158,-52.4],[158.1,-52.5],[158.2,-52.6],[158.2,-52.7],[158.2,-52.8],[158.3,-52.8],[158.3,-52.9],[158.3,-53],[158.4,-53],[158.4,-53.1],[158.5,-53.1],[158.5,-53.2],[158.5,-53.3],[158.6,-53.3],[158.6,-53.4],[158.7,-53.4],[158.7,-53.5],[158.8,-53.6],[158.9,-53.7],[158.9,-53.8],[159,-53.8],[159,-53.9],[159.1,-54],[159.1,-54.1],[159.2,-54.1],[159.2,-54.2],[159.2,-54.3],[159.3,-54.3],[159.3,-54.4],[159.3,-54.5],[159.4,-54.5],[159.4,-54.6],[159.5,-54.7],[159.6,-54.8],[159.7,-54.9],[159.7,-55],[159.8,-55],[159.9,-55.1],[160,-55.2],[160.1,-55.3],[160.2,-55.4],[160.3,-55.5],[160.3,-55.6],[160.4,-55.6],[160.5,-55.7],[160.6,-55.8],[160.6,-55.9],[160.7,-55.9],[160.7,-56],[160.8,-56],[160.8,-56.1],[160.9,-56.2],[161,-56.2],[161,-56.3],[161.1,-56.3],[161.2,-56.4],[161.3,-56.4],[161.3,-56.5],[161.4,-56.6],[161.5,-56.6],[161.6,-56.7],[161.7,-56.7],[161.7,-56.8],[161.8,-56.8],[161.9,-56.9],[162,-56.9],[162,-57],[162.1,-57],[162.2,-57],[162.3,-57.1],[162.4,-57.2],[162.5,-57.2],[162.6,-57.3],[162.7,-57.3],[162.8,-57.3],[162.9,-57.4],[163,-57.4],[163.2,-57.4],[163.2,-57.5],[163.3,-57.5],[163.4,-57.5],[163.5,-57.5],[163.6,-57.6],[163.7,-57.6],[163.8,-57.6],[163.9,-57.6],[164,-57.6],[164.9,-57.7],[166.1,-57.8],[166.2,-57.8],[166.4,-58],[166.3,-58.1],[166.4,-58.2],[166.5,-58.7],[166.3,-59.2],[166.9,-59.2],[166.9,-59.4],[166.7,-60.1],[167.1,-60.6],[167.6,-61.4],[168.1,-61.7],[167.9,-61.8],[165.4,-62.9],[165.6,-62.8],[164.4,-64.1],[164.6,-64.5],[163.9,-64.4],[163.2,-64.4],[162.2,-64.3],[161.9,-64.3],[161.4,-64.4],[160.2,-64.4],[160.5,-64.5],[159.6,-65.3],[159.5,-65.3],[159.4,-65.2],[159.3,-65.2],[159.2,-65.1],[159,-65],[158.8,-64.9],[158.6,-64.8],[158.4,-64.7],[158.1,-64.6],[157.9,-64.5],[157.8,-64.5],[157.7,-64.5],[157.7,-64.4],[157.6,-64.4],[157.5,-64.4],[157.4,-64.3],[157.3,-64.3],[157.2,-64.2],[157.1,-64.2],[157,-64.2],[156.9,-64.2],[156.9,-64.1],[156.8,-64.1],[156.7,-64.1],[156.6,-64.1],[156.5,-64.1],[156.4,-64.1],[156.3,-64],[156.2,-64],[156.1,-64],[156,-64],[155.9,-64],[155.8,-63.9],[155.7,-63.9],[155.6,-63.9],[155.6,-63.8],[155.5,-63.8],[155.4,-63.8],[155.3,-63.8],[155.2,-63.7],[155.1,-63.7],[155,-63.7],[154.9,-63.6],[154.8,-63.6],[154.7,-63.5],[154.6,-63.5],[154.5,-63.5],[154.4,-63.5],[154.3,-63.4],[154.1,-63.4],[154,-63.4],[153.9,-63.4],[153.7,-63.3],[153.6,-63.3],[153.4,-63.3],[153.4,-63.2],[153.3,-63.2],[153.2,-63.2],[153.1,-63.1],[153,-63.1],[152.9,-63],[152.8,-62.9],[152.7,-62.9],[152.7,-62.8],[152.6,-62.8],[152.5,-62.8],[152.5,-62.7],[152.4,-62.7],[152.3,-62.7],[152.2,-62.6],[152.1,-62.6],[152,-62.6],[151.9,-62.6],[151.8,-62.5],[151.7,-62.5],[151.7,-62.4],[151.6,-62.4],[151.6,-62.3],[151.5,-62.3],[151.5,-62.2],[151.5,-62.1],[151.5,-62],[151.5,-61.9],[151.6,-61.8],[151.6,-61.7],[151.7,-61.6],[151.8,-61.5],[151.8,-61.4],[151.9,-61.4],[151.9,-61.3],[152,-61.3],[152,-61.2],[152.1,-61.1],[152.2,-61.1],[152.2,-61],[152.3,-60.9],[152.4,-60.8],[152.4,-60.7],[152.5,-60.7],[152.5,-60.6],[152.6,-60.5],[152.6,-60.4],[152.7,-60.3],[152.7,-60.2],[152.8,-60.2],[152.9,-60.1],[153,-60.1],[153,-60],[153.1,-60],[153.2,-59.9],[153.3,-59.8],[153.2,-59.8],[153.2,-59.7],[153.1,-59.7],[153.1,-59.6],[153,-59.6],[153,-59.5],[152.9,-59.5],[152.9,-59.4],[152.8,-59.4],[152.7,-59.3],[152.6,-59.3],[152.6,-59.2],[152.5,-59.2],[152.4,-59.1],[152.3,-59.1],[152.3,-59],[151.8,-58.3],[151.3,-57.7],[151.5,-57.8],[151.6,-57.8],[151.7,-57.8],[151.8,-57.8],[151.9,-57.8],[152,-57.8],[152.1,-57.8],[152.2,-57.8],[152.3,-57.8],[152.4,-57.8],[152.5,-57.8],[152.6,-57.8],[152.7,-57.8],[152.9,-57.8],[153,-57.8],[153.1,-57.8],[153.2,-57.8],[153.3,-57.8],[153.3,-57.7],[153.4,-57.7],[153.5,-57.7],[153.6,-57.7],[153.7,-57.6],[153.8,-57.6],[153.9,-57.6],[154,-57.6],[154.1,-57.5],[154.2,-57.5],[154.3,-57.5],[154.4,-57.5],[154.4,-57.4],[154.5,-57.4],[154.6,-57.4],[154.7,-57.4],[154.8,-57.4],[154.9,-57.4],[155,-57.4],[155.1,-57.4],[155.2,-57.4],[155.3,-57.4],[155.4,-57.4],[155.5,-57.4],[155.6,-57.4],[155.7,-57.4],[155.8,-57.4],[155.8,-57.3],[155.9,-57.3],[156.1,-57.3],[156.2,-57.3],[156.3,-57.3],[156.4,-57.3],[156.5,-57.3],[156.6,-57.2],[156.7,-57.2],[156.8,-57.2],[156.9,-57.1],[157,-57.1],[157.1,-57.1],[157.2,-57],[157.4,-57],[157.5,-57],[157.6,-56.9],[157.7,-56.9],[157.9,-56.9],[158,-56.9],[158,-56.8],[158.1,-56.8],[158.1,-56.7],[158,-56.7],[158,-56.6],[158,-56.5],[158,-56.4],[158,-56.3],[157.9,-56.3],[157.9,-56.2],[157.9,-56.1],[157.9,-56],[157.9,-55.9],[157.9,-55.8],[157.9,-55.7],[157.8,-55.7],[157.8,-55.6],[157.8,-55.5],[157.7,-55.4],[157.7,-55.3],[157.7,-55.2],[157.7,-55.1],[157.7,-55],[157.7,-54.9],[157.6,-54.9],[157.5,-54.9],[157.5,-54.8],[157.4,-54.8],[157.4,-54.7],[157.3,-54.7],[157.3,-54.6],[157.3,-54.5],[157.4,-54.4],[157.4,-54.3],[157.3,-54.3],[157.3,-54.2],[157.2,-54.1],[157.1,-54.1],[157.1,-54],[157.1,-53.9],[157,-53.9],[157,-53.8],[157,-53.7],[157,-53.6],[157,-53.5],[157,-53.3],[157,-53.2],[157,-53.1],[157,-53],[156.9,-52.9],[156.9,-52.8],[156.9,-52.7],[156.9,-52.6],[157,-52.5],[157,-52.4],[157.1,-52.4],[157.1,-52.3],[157.2,-52.3],[157.3,-52.4],[157.4,-52.4],[157.5,-52.4],[157.7,-52.4],[157.8,-52.4],[157.9,-52.4],[158,-52.4]]]]}},{"type":"Feature","properties":{},"geometry":{"type":"MultiPolygon","coordinates":[[[[171.2,-67.1],[171.1,-67.1],[171,-67.1],[170.9,-67],[170.8,-67],[170.7,-67],[170.7,-66.9],[170.6,-66.9],[170.4,-66.8],[170.3,-66.8],[170.2,-66.7],[170.1,-66.7],[170,-66.6],[169.9,-66.6],[169.8,-66.6],[169.6,-66.5],[169.4,-66.5],[169.3,-66.5],[169.3,-66.4],[169.2,-66.4],[169.1,-66.4],[169,-66.3],[168.9,-66.3],[168.8,-66.3],[168.7,-66.3],[168.6,-66.2],[168.5,-66.2],[168.4,-66.2],[168.3,-66.2],[168.2,-66.2],[168.1,-66.1],[168,-66.1],[167.6,-66],[168.5,-65.7],[169.2,-65.2],[170.1,-65.7],[171.2,-66.2],[171.1,-66.3],[171,-66.4],[171.3,-66.8],[172.1,-67.2],[172.2,-67.4],[171.6,-67.2],[171.5,-67.2],[171.2,-67.1]]]]}},{"type":"Feature","properties":{},"geometry":{"type":"MultiPolygon","coordinates":[[[[168.5,-64.5],[168.6,-64.8],[167.8,-64.6],[168.5,-64.5]]]]}},{"type":"Feature","properties":{},"geometry":{"type":"MultiPolygon","coordinates":[[[[167.8,-66.1],[168,-66.1],[168.1,-66.1],[168.2,-66.1],[168.3,-66.2],[168.4,-66.2],[168.5,-66.2],[168.6,-66.3],[168.7,-66.3],[168.8,-66.3],[168.9,-66.3],[169,-66.4],[169.1,-66.4],[169.2,-66.4],[169.3,-66.4],[169.4,-66.5],[169.5,-66.5],[169.6,-66.5],[169.7,-66.6],[169.8,-66.6],[169.9,-66.6],[170,-66.7],[170.1,-66.7],[170.2,-66.7],[170.3,-66.8],[170.1,-66.8],[169.4,-66.7],[169,-66.6],[168.7,-66.5],[168.6,-66.5],[168.4,-66.5],[168.3,-66.6],[168.1,-66.6],[168,-66.6],[167.9,-66.5],[167.7,-66.5],[167.6,-66.5],[167.4,-66.5],[167.3,-66.6],[167.1,-66.6],[167,-66.6],[166.9,-66.6],[166.8,-66.6],[166.8,-66.7],[166.7,-66.7],[166.7,-66.8],[166.6,-66.9],[166.6,-67],[166.6,-67.1],[166.7,-67.1],[166.7,-67.2],[166.8,-67.2],[166.8,-67.3],[166.9,-67.3],[167,-67.3],[167,-67.4],[167.1,-67.4],[167.2,-67.5],[167.3,-67.5],[167.3,-67.6],[167.4,-67.6],[167.5,-67.7],[167.6,-67.7],[167.6,-67.8],[167.7,-67.8],[167.8,-67.8],[167.8,-67.9],[167.9,-67.9],[168,-67.9],[168,-68],[168.1,-68],[168.2,-68.1],[168.3,-68.1],[168.1,-68.1],[167.8,-68],[167.7,-68],[167.4,-67.9],[167.3,-67.9],[167.2,-67.9],[167,-67.8],[166.7,-67.7],[166.8,-67.7],[166.9,-67.7],[167.5,-67.8],[167.3,-67.6],[167,-67.6],[166.8,-67.5],[166.7,-67.6],[166.3,-67.4],[165.9,-67.4],[165.9,-67.3],[166,-67.3],[166.1,-67.3],[166.1,-67.2],[166,-67.2],[166,-67.1],[165.9,-67.1],[165.8,-67.1],[165.8,-67],[165.8,-66.9],[165.9,-66.9],[165.9,-66.8],[166,-66.8],[166.1,-66.8],[166.2,-66.7],[166.2,-66.6],[166.3,-66.6],[166.3,-66.5],[166.4,-66.5],[166.4,-66.4],[166.5,-66.4],[166.6,-66.3],[167.1,-66.3],[167.2,-66.2],[167.4,-66.2],[167.4,-66.1],[167.8,-66.1]]]]}},{"type":"Feature","properties":{},"geometry":{"type":"MultiPolygon","coordinates":[[[[151.9,-58.8],[152.3,-59],[152.3,-59.1],[152.4,-59.1],[152.5,-59.2],[152.6,-59.2],[152.6,-59.3],[152.7,-59.3],[152.8,-59.4],[152.9,-59.5],[153,-59.5],[153,-59.6],[153.1,-59.6],[153.1,-59.7],[153.2,-59.7],[153.2,-59.8],[153.3,-59.8],[153.2,-59.9],[153.1,-60],[153,-60],[153,-60.1],[152.9,-60.1],[152.8,-60.2],[152.7,-60.2],[152.7,-60.3],[152.6,-60.4],[152.6,-60.5],[152.5,-60.5],[152.5,-60.6],[152.5,-60.7],[152.4,-60.8],[152.3,-60.8],[152.3,-60.9],[152.2,-61],[152.1,-61.1],[152,-61.2],[152,-61.3],[151.9,-61.3],[151.9,-61.4],[151.8,-61.4],[151.8,-61.5],[151.7,-61.5],[151.7,-61.6],[151.6,-61.7],[151.6,-61.8],[151.5,-61.9],[151.5,-62],[151.5,-62.1],[151.5,-62.2],[151.5,-62.3],[151.6,-62.3],[151.6,-62.4],[151.7,-62.4],[151.7,-62.5],[151.8,-62.5],[151.9,-62.6],[152,-62.6],[152.1,-62.6],[152.2,-62.6],[152.3,-62.7],[152.4,-62.7],[152.5,-62.7],[152.5,-62.8],[152.6,-62.8],[152.7,-62.8],[152.7,-62.9],[152.8,-62.9],[152.9,-63],[153,-63.1],[153.1,-63.1],[153.2,-63.1],[153.2,-63.2],[153.3,-63.2],[153.4,-63.2],[153.4,-63.3],[153.5,-63.3],[153.6,-63.3],[153.7,-63.3],[153.8,-63.4],[153.9,-63.4],[154,-63.4],[154.1,-63.4],[154.2,-63.4],[154.3,-63.5],[154.4,-63.5],[154.5,-63.5],[154.6,-63.5],[154.7,-63.5],[154.8,-63.6],[154.9,-63.6],[155,-63.6],[155.1,-63.7],[155.2,-63.7],[155.3,-63.7],[155.4,-63.8],[155.5,-63.8],[155.6,-63.9],[155.7,-63.9],[155.8,-63.9],[155.9,-64],[156,-64],[156.1,-64],[156.2,-64],[156.3,-64],[156.4,-64.1],[156.5,-64.1],[156.6,-64.1],[156.7,-64.1],[156.8,-64.1],[156.9,-64.1],[156.9,-64.2],[157,-64.2],[157.1,-64.2],[157.2,-64.2],[157.3,-64.3],[157.4,-64.3],[157.5,-64.4],[157.6,-64.4],[157.7,-64.4],[157.7,-64.5],[157.9,-64.5],[158.1,-64.6],[158.3,-64.7],[158.5,-64.8],[158.7,-64.9],[158.9,-65],[159.1,-65.1],[159.3,-65.1],[159.4,-65.2],[159.5,-65.3],[156.8,-65.4],[155.5,-65.7],[153.3,-65.5],[151.5,-65],[150.4,-64.2],[149.7,-63.9],[148.6,-63.8],[148.4,-63.7],[148.5,-63.6],[148.4,-63.2],[148.2,-62.8],[148.2,-62.6],[148.2,-62.1],[147.9,-61.7],[147.9,-61.5],[148.2,-61.4],[148.7,-60.9],[149.5,-60.5],[150,-60.3],[150.4,-60.1],[151,-59.7],[151.3,-59.6],[151.4,-59.5],[151.3,-59.4],[151.2,-59.4],[151.1,-59.3],[151.1,-59.2],[151,-59.2],[150.9,-59.1],[150.9,-59],[150.8,-59],[150.7,-59],[150.6,-59],[150.6,-58.9],[150.5,-58.9],[150.4,-58.9],[150.3,-58.9],[150.2,-58.8],[150.1,-58.8],[150.1,-58.7],[150,-58.7],[150,-58.6],[149.9,-58.6],[149.9,-58.5],[149.8,-58.5],[149.6,-58.5],[149.3,-58.4],[149.3,-58.2],[148.8,-58.1],[148,-58],[146.4,-58],[145.9,-58.2],[145.2,-58.1],[144.5,-58],[144.1,-58],[143.9,-57.9],[143.8,-57.9],[143,-57.8],[142.8,-57.8],[142.7,-57.7],[142.3,-57.7],[142.4,-57.7],[143.6,-57.7],[144.8,-57.7],[145.5,-57.6],[145.4,-57.5],[145.3,-57.4],[145.3,-57.2],[145.3,-57.1],[145.6,-56.9],[147.4,-56.6],[148,-57],[148.1,-57],[148.3,-57.1],[148.9,-57.4],[149,-57.4],[149.1,-57.5],[149.2,-57.5],[149.2,-57.6],[149.3,-57.6],[149.4,-57.6],[149.6,-57.8],[149.9,-57.9],[150.1,-57.9],[150.2,-57.9],[150.3,-58],[150.4,-58],[150.6,-58],[151.2,-58.3],[151.4,-58.4],[151.5,-58.5],[151.6,-58.6],[151.7,-58.6],[151.9,-58.8]]]]}},{"type":"Feature","properties":{},"geometry":{"type":"MultiPolygon","coordinates":[[[[163.7,-66.5],[163.8,-66.6],[164,-66.7],[163.7,-66.5]]]]}},{"type":"Feature","properties":{},"geometry":{"type":"MultiPolygon","coordinates":[[[[165.2,-67.2],[164,-66.8],[164.1,-66.8],[164.2,-66.9],[164.4,-67],[164.7,-67],[164.8,-67.1],[165.2,-67.2]]]]}},{"type":"Feature","properties":{},"geometry":{"type":"MultiPolygon","coordinates":[[[[165.9,-67.4],[166.3,-67.4],[166.7,-67.6],[166.3,-67.4],[165.6,-67.3],[165.9,-67.4]]]]}},{"type":"Feature","properties":{},"geometry":{"type":"MultiPolygon","coordinates":[[[[166.6,-67.6],[166.8,-67.7],[167,-67.8],[167.3,-67.9],[167.4,-67.9],[167.6,-68],[167.8,-68],[167.3,-68],[166.6,-67.6]]]]}},{"type":"Feature","properties":{},"geometry":{"type":"MultiPolygon","coordinates":[[[[167.4,-67.6],[167.2,-67.6],[167.3,-67.6],[167.4,-67.6]]]]}},{"type":"Feature","properties":{},"geometry":{"type":"MultiPolygon","coordinates":[[[[171.2,-67.3],[171,-67.3],[170.8,-67.3],[170.9,-67.3],[171.1,-67.3],[171.2,-67.3]]]]}},{"type":"Feature","properties":{},"geometry":{"type":"MultiPolygon","coordinates":[[[[168.3,-68.1],[168.5,-68.1],[168.6,-68.1],[168,-68.1],[168.2,-68.1],[168.3,-68.1]]]]}},{"type":"Feature","properties":{},"geometry":{"type":"MultiPolygon","coordinates":[[[[169.3,-68.2],[168.7,-68.2],[169,-68.2],[169.2,-68.3],[169.3,-68.2]]]]}},{"type":"Feature","properties":{},"geometry":{"type":"MultiPolygon","coordinates":[[[[171.1,-67.7],[170.8,-67.7],[171,-67.7],[171.1,-67.7]]]]}},{"type":"Feature","properties":{},"geometry":{"type":"MultiPolygon","coordinates":[[[[171.3,-67.7],[171,-67.7],[171.2,-67.7],[171.3,-67.7]]]]}},{"type":"Feature","properties":{},"geometry":{"type":"MultiPolygon","coordinates":[[[[169.9,-68.1],[169.4,-68.2],[169.6,-68.2],[169.7,-68.2],[169.8,-68.1],[169.9,-68.1]]]]}},{"type":"Feature","properties":{},"geometry":{"type":"MultiPolygon","coordinates":[[[[171.2,-67.9],[171.1,-67.9],[171.3,-67.8],[171.2,-67.9]]]]}},{"type":"Feature","properties":{},"geometry":{"type":"MultiPolygon","coordinates":[[[[169.6,-68.3],[169.8,-68.3],[169.9,-68.4],[170,-68.3],[170.1,-68.3],[170,-68.4],[169.6,-68.3]]]]}},{"type":"Feature","properties":{},"geometry":{"type":"MultiPolygon","coordinates":[[[[171.4,-68.1],[171.3,-68],[171.4,-67.9],[171.4,-68.1]]]]}},{"type":"Feature","properties":{},"geometry":{"type":"MultiPolygon","coordinates":[[[[170.7,-68.1],[170.6,-68.2],[170.6,-68.1],[170.7,-68.1]]]]}},{"type":"Feature","properties":{},"geometry":{"type":"MultiPolygon","coordinates":[[[[171.4,-68.1],[171,-68.2],[171.1,-68.1],[171.3,-68.1],[171.4,-68.1]]]]}},{"type":"Feature","properties":{},"geometry":{"type":"MultiPolygon","coordinates":[[[[161.2,-65.8],[161.2,-65.9],[161.4,-66.1],[161.7,-66.3],[161.8,-66.3],[161.1,-66],[161.2,-65.8]]]]}},{"type":"Feature","properties":{},"geometry":{"type":"MultiPolygon","coordinates":[[[[171.6,-67.7],[171.4,-67.9],[171.6,-67.6],[171.7,-67.6],[171.6,-67.7]]]]}},{"type":"Feature","properties":{},"geometry":{"type":"MultiPolygon","coordinates":[[[[43.9,-58],[42.3,-58.3],[42.1,-57.8],[41.6,-56.5],[43.8,-56],[43.9,-56.6],[43.9,-58]]]]}},{"type":"Feature","properties":{},"geometry":{"type":"MultiPolygon","coordinates":[[[[42,-58.3],[40.2,-59.7],[40.3,-60.9],[40.2,-61.8],[37,-63.1],[37.4,-64],[35.8,-64.9],[34.5,-65.9],[32.8,-64.6],[33.4,-62.9],[32.7,-62.1],[33.5,-59.8],[37.3,-59.2],[39.8,-57.9],[41.8,-57.2],[42,-58.3]]]]}},{"type":"Feature","properties":{},"geometry":{"type":"MultiPolygon","coordinates":[[[[150.5,-46],[150.5,-46.1],[150.6,-46.1],[150.7,-46.1],[150.8,-46.1],[150.9,-46.2],[151,-46.2],[151.1,-46.2],[151.1,-46.3],[151.2,-46.3],[151.3,-46.3],[151.3,-46.4],[151.4,-46.4],[151.5,-46.4],[151.5,-46.5],[151.6,-46.5],[151.7,-46.5],[151.7,-46.6],[151.8,-46.6],[151.9,-46.7],[152,-46.7],[152.1,-46.8],[152.2,-46.8],[152.3,-46.9],[152.4,-46.9],[152.5,-47],[152.6,-47],[152.9,-47.3],[153,-47.4],[153.1,-47.5],[153.2,-47.6],[153.3,-47.6],[153.3,-47.7],[153.4,-47.7],[153.4,-47.8],[153.5,-47.9],[153.5,-48],[153.5,-48.1],[153.5,-48.2],[153.6,-48.2],[153.7,-48.3],[153.8,-48.3],[153.9,-48.3],[153.9,-48.4],[154,-48.4],[154.1,-48.5],[154.2,-48.5],[154.3,-48.5],[154.4,-48.6],[154.5,-48.6],[154.5,-48.7],[154.6,-48.7],[154.7,-48.8],[154.8,-48.8],[154.8,-48.9],[154.9,-48.9],[155,-49],[155.1,-49],[155.1,-49.1],[155.2,-49.1],[155.2,-49.2],[155.3,-49.2],[155.4,-49.3],[155.5,-49.4],[155.6,-49.4],[155.6,-49.5],[155.7,-49.5],[155.7,-49.6],[155.8,-49.7],[155.9,-49.8],[155.9,-49.9],[156,-49.9],[156,-50],[156.1,-50.1],[156.1,-50.2],[156.2,-50.2],[156.3,-50.3],[156.4,-50.4],[156.5,-50.5],[156.5,-50.6],[156.6,-50.6],[156.6,-50.7],[156.7,-50.8],[156.8,-50.8],[156.8,-50.9],[156.9,-51],[157,-51.1],[157,-51.2],[157.1,-51.2],[157.2,-51.3],[157.2,-51.4],[157.3,-51.4],[157.3,-51.5],[157.4,-51.6],[157.4,-51.7],[157.5,-51.7],[157.5,-51.8],[157.7,-52],[157.8,-52.1],[157.8,-52.2],[157.9,-52.2],[157.9,-52.3],[158,-52.3],[158,-52.4],[157.9,-52.4],[157.8,-52.4],[157.7,-52.4],[157.6,-52.4],[157.5,-52.4],[157.4,-52.4],[157.3,-52.4],[157.3,-52.3],[157.2,-52.3],[157.1,-52.3],[157.1,-52.4],[157,-52.4],[157,-52.5],[156.9,-52.6],[156.9,-52.7],[156.9,-52.8],[156.9,-52.9],[156.9,-53],[157,-53.1],[157,-53.2],[157,-53.3],[157,-53.4],[157,-53.5],[157,-53.6],[157,-53.7],[157,-53.8],[157,-53.9],[157.1,-53.9],[157.1,-54],[157.2,-54.1],[157.3,-54.2],[157.3,-54.3],[157.4,-54.3],[157.4,-54.4],[157.3,-54.5],[157.3,-54.6],[157.3,-54.7],[157.4,-54.7],[157.4,-54.8],[157.5,-54.8],[157.5,-54.9],[157.6,-54.9],[157.7,-54.9],[157.7,-55],[157.7,-55.1],[157.7,-55.2],[157.7,-55.3],[157.7,-55.4],[157.8,-55.5],[157.8,-55.6],[157.8,-55.7],[157.9,-55.8],[157.9,-55.9],[157.9,-56],[157.9,-56.1],[157.9,-56.2],[157.9,-56.3],[158,-56.3],[158,-56.4],[158,-56.5],[158,-56.6],[158,-56.7],[158.1,-56.7],[158.1,-56.8],[158,-56.8],[157.9,-56.9],[157.8,-56.9],[157.7,-56.9],[157.5,-56.9],[157.4,-57],[157.3,-57],[157.2,-57],[157.1,-57],[157,-57.1],[156.9,-57.1],[156.8,-57.2],[156.7,-57.2],[156.5,-57.2],[156.4,-57.3],[156.3,-57.3],[156.2,-57.3],[156.1,-57.3],[156,-57.3],[155.9,-57.3],[155.8,-57.4],[155.7,-57.4],[155.6,-57.4],[155.5,-57.4],[155.4,-57.4],[155.3,-57.4],[155.2,-57.4],[155.1,-57.4],[155,-57.4],[154.9,-57.4],[154.8,-57.4],[154.7,-57.4],[154.6,-57.4],[154.5,-57.4],[154.4,-57.5],[154.3,-57.5],[154.2,-57.5],[154.1,-57.5],[154,-57.5],[154,-57.6],[153.9,-57.6],[153.8,-57.6],[153.7,-57.6],[153.6,-57.6],[153.6,-57.7],[153.5,-57.7],[153.4,-57.7],[153.3,-57.7],[153.3,-57.8],[153.2,-57.8],[153.1,-57.8],[152.9,-57.8],[152.8,-57.8],[152.6,-57.8],[152.5,-57.8],[152.4,-57.8],[152.3,-57.8],[152.2,-57.8],[152,-57.8],[151.9,-57.8],[151.8,-57.8],[151.7,-57.8],[151.6,-57.8],[151.5,-57.8],[151.4,-57.7],[151.2,-57.7],[151.9,-58.6],[151.8,-58.7],[151.6,-58.6],[151.5,-58.5],[151.4,-58.4],[151.4,-58.3],[150.8,-58.1],[150.6,-58],[150.5,-58],[150.4,-58],[150.3,-58],[150.3,-57.9],[150.2,-57.9],[149.9,-57.9],[149.7,-57.8],[149.4,-57.6],[149.3,-57.6],[149.2,-57.5],[149.1,-57.5],[149,-57.4],[148.9,-57.4],[148.4,-57.2],[148.2,-57],[148.1,-57],[148,-57],[147.8,-56.9],[146.3,-56.7],[145.3,-57.1],[145.3,-57.2],[145.3,-57.4],[145.4,-57.5],[145.5,-57.6],[145.1,-57.6],[143.9,-57.7],[142.7,-57.7],[141.8,-57.6],[141.6,-57.5],[141.1,-57.4],[141,-57.3],[140.1,-57.2],[139.4,-57.1],[138.7,-57],[138.3,-56.9],[137.4,-56.8],[136.5,-56.7],[135.7,-56.5],[135.1,-56.6],[134.5,-56.6],[134.6,-56.4],[135.6,-56.4],[136.3,-56.3],[137.2,-56],[137.8,-55.6],[137.8,-55.5],[137.9,-55.5],[138,-55.4],[138.1,-55.3],[138.1,-55.2],[138.1,-55.1],[138.2,-55.1],[138.2,-55],[138.3,-54.9],[138.4,-54.8],[138.5,-54.7],[138.6,-54.7],[138.6,-54.6],[138.7,-54.6],[138.8,-54.6],[138.9,-54.5],[139,-54.5],[139.1,-54.5],[139.1,-54.4],[139.1,-54.3],[139,-54.3],[139,-54.2],[139,-54.1],[139,-54],[138.9,-53.9],[138.9,-53.8],[138.9,-53.7],[138.9,-53.6],[138.9,-53.5],[138.8,-53.5],[138.8,-53.4],[138.8,-53.3],[138.7,-53.3],[138.7,-53.2],[138.8,-53.2],[138.9,-53.2],[139,-53.3],[139.1,-53.3],[139.2,-53.3],[139.3,-53.3],[139.4,-53.3],[139.5,-53.4],[139.6,-53.4],[139.7,-53.4],[139.8,-53.4],[139.9,-53.4],[140,-53.4],[140.1,-53.4],[140.1,-53.5],[140.2,-53.5],[140.3,-53.5],[140.4,-53.5],[140.4,-53.6],[140.5,-53.6],[140.6,-53.6],[140.7,-53.6],[140.8,-53.6],[140.9,-53.6],[141,-53.7],[141.1,-53.7],[141.2,-53.7],[141.3,-53.7],[141.4,-53.7],[141.5,-53.7],[141.6,-53.7],[141.7,-53.7],[141.8,-53.7],[141.8,-53.8],[141.9,-53.8],[142,-53.8],[142.1,-53.8],[142.2,-53.8],[142.3,-53.8],[142.4,-53.8],[142.5,-53.8],[142.6,-53.8],[142.7,-53.8],[142.8,-53.8],[142.8,-53.7],[142.9,-53.7],[143,-53.7],[143.1,-53.7],[143.2,-53.7],[143.3,-53.6],[143.4,-53.6],[143.5,-53.6],[143.6,-53.6],[143.7,-53.6],[143.8,-53.6],[143.9,-53.5],[144,-53.5],[144.1,-53.4],[144.3,-53.3],[144.6,-53.1],[144.7,-53.1],[144.7,-53],[144.8,-53],[144.9,-53],[145,-52.9],[145.1,-52.9],[145.2,-52.9],[145.3,-52.9],[145.3,-52.8],[145.4,-52.8],[145.4,-52.7],[145.5,-52.6],[145.6,-52.5],[145.7,-52.4],[145.8,-52.3],[145.9,-52.2],[145.9,-52.1],[146,-52.1],[146.1,-52],[146.2,-51.9],[146.3,-51.8],[146.4,-51.7],[146.5,-51.7],[146.6,-51.6],[146.7,-51.6],[146.8,-51.5],[146.9,-51.5],[146.9,-51.4],[147,-51.4],[147,-51.3],[147.1,-51.3],[147.2,-51.2],[147.2,-51.1],[147.3,-51],[147.3,-50.9],[147.4,-50.9],[147.4,-50.8],[147.4,-50.7],[147.4,-50.6],[147.4,-50.5],[147.4,-50.4],[147.5,-50.4],[147.5,-50.3],[147.6,-50.3],[147.6,-50.2],[147.7,-50.2],[147.8,-50.1],[147.9,-50],[147.9,-49.9],[148,-49.9],[148,-49.8],[148.1,-49.7],[148.1,-49.6],[148.2,-49.6],[148.2,-49.5],[148.3,-49.3],[148.3,-49.2],[148.3,-49.1],[148.3,-49],[148.4,-48.8],[148.4,-48.5],[148.4,-48.4],[148.3,-48.1],[148.4,-48.1],[148.4,-48],[148.5,-48],[148.5,-47.9],[148.6,-47.9],[148.6,-47.8],[148.7,-47.7],[148.8,-47.7],[148.9,-47.7],[148.3,-47.5],[147.6,-47.2],[147.7,-47.2],[147.8,-47.2],[147.9,-47.2],[148,-47.1],[148.1,-47.1],[148.2,-47.1],[148.3,-47.1],[148.4,-47],[148.5,-47],[148.6,-47],[148.6,-46.9],[148.7,-46.9],[148.8,-46.9],[148.9,-46.9],[148.9,-46.8],[149,-46.8],[149,-46.7],[149.1,-46.7],[149.2,-46.6],[149.3,-46.6],[149.4,-46.5],[149.5,-46.4],[149.6,-46.4],[149.7,-46.3],[149.8,-46.2],[149.9,-46.2],[149.9,-46.1],[150,-46.1],[150.1,-46],[150.4,-46],[150.5,-46]]]]}},{"type":"Feature","properties":{},"geometry":{"type":"MultiPolygon","coordinates":[[[[163.9,-66.5],[164,-66.5],[164.6,-66.4],[164.7,-66.4],[164.8,-66.4],[165.2,-66.4],[165.3,-66.3],[165.8,-66.3],[166.6,-66.3],[166.5,-66.4],[166.4,-66.4],[166.4,-66.5],[166.3,-66.5],[166.3,-66.6],[166.2,-66.6],[166.2,-66.7],[166.1,-66.8],[166,-66.8],[165.9,-66.8],[165.9,-66.9],[165.8,-66.9],[165.8,-67],[165.8,-67.1],[165.9,-67.1],[166,-67.1],[166,-67.2],[166.1,-67.2],[166.1,-67.3],[166,-67.3],[165.9,-67.3],[165.9,-67.4],[165.5,-67.3],[165.1,-67.2],[164.8,-67.1],[164.6,-67],[164.3,-66.9],[164.1,-66.8],[164,-66.8],[164,-66.7],[163.8,-66.6],[163.7,-66.5],[163.9,-66.5]]]]}},{"type":"Feature","properties":{},"geometry":{"type":"MultiPolygon","coordinates":[[[[57.7,-66.4],[56.2,-66],[54,-66],[53.9,-65.8],[50.6,-66.3],[49.2,-66.8],[49.3,-66.1],[54.4,-65.2],[57.7,-66.4]]]]}},{"type":"Feature","properties":{},"geometry":{"type":"MultiPolygon","coordinates":[[[[76,-64.4],[74.3,-65],[72.7,-65.4],[69.7,-63.9],[76,-64.4]]]]}},{"type":"Feature","properties":{},"geometry":{"type":"MultiPolygon","coordinates":[[[[69.7,-63.9],[65.1,-65],[63.8,-65.2],[57.9,-65.3],[58.6,-61.9],[60.6,-61.5],[66.1,-62.3],[69.7,-63.9]]]]}},{"type":"Feature","properties":{},"geometry":{"type":"MultiPolygon","coordinates":[[[[58.7,-61.2],[58.3,-63.6],[54.4,-65.2],[49.3,-66.1],[43.1,-66.9],[40.2,-65.4],[39.2,-63.7],[41.8,-62.5],[42.7,-61.9],[43.4,-61.4],[44,-60.8],[44.2,-60.7],[44.7,-60.4],[45.4,-60],[45.4,-59.9],[45.6,-59.7],[46.2,-59.6],[46.7,-59.4],[47.1,-59.1],[47.6,-58.8],[47.8,-58.7],[48.2,-58.3],[48.7,-58.2],[49.1,-58.2],[48.7,-58.1],[49.1,-57.9],[49.5,-57.7],[50.1,-57.3],[51.5,-57],[51.7,-56.8],[51.9,-56.8],[52,-56.7],[52.4,-57.1],[55,-59.9],[58.7,-61.2]]]]}},{"type":"Feature","properties":{},"geometry":{"type":"MultiPolygon","coordinates":[[[[36.9,-69.7],[37.4,-69.5],[38.5,-69.3],[37.3,-68.9],[35.3,-68.4],[34.4,-68.2],[35.4,-68.3],[38,-68.9],[39.5,-69],[40,-69.2],[36.9,-69.7]]]]}},{"type":"Feature","properties":{},"geometry":{"type":"MultiPolygon","coordinates":[[[[111.6,13.3],[111.9,12.9],[111.2,12.1],[110.8,11.9],[110.9,12],[111.2,11.9],[111.7,12.2],[109.3,9.1],[105.7,6.5],[103.3,0.7],[103.2,0.8],[103.2,0.7],[103.1,0.5],[103,0.5],[102.7,0.4],[102.6,0.3],[102.4,0],[101.2,-0.5],[99.1,0.6],[100.5,4.4],[102.9,7.7],[107,9.4],[110.3,12.8],[111.6,13.3]]]]}},{"type":"Feature","properties":{},"geometry":{"type":"MultiPolygon","coordinates":[[[[104.6,11.7],[107.6,11.3],[105.2,10.5],[102,10.4],[99.5,10.5],[96.8,8.7],[96.7,6],[97.2,3.9],[99.1,0.6],[97,1],[95.3,3.6],[95.1,7.7],[95.9,8.2],[97.8,10.9],[102.4,11.7],[104.6,11.7]]]]}},{"type":"Feature","properties":{},"geometry":{"type":"MultiPolygon","coordinates":[[[[132.5,22.8],[129.4,23.3],[129.4,24.1],[130.3,25.7],[131.4,27.1],[134.6,28.4],[135.1,28.2],[135.2,27.8],[135.2,27.6],[135,27.6],[135,27.8],[134.8,27.8],[134.4,27.8],[134.2,27.7],[133.6,27.8],[133.6,27.5],[133.4,27.5],[133.1,27.5],[132.9,27.3],[132.7,27.1],[132.4,27],[131.7,26.6],[131.9,26],[132.4,25.7],[132.4,25.1],[132.4,24.1],[132.8,23.3],[132.6,23.1],[132.2,23.4],[131.9,23.5],[131.9,23.4],[132.5,22.8]]]]}},{"type":"Feature","properties":{},"geometry":{"type":"MultiPolygon","coordinates":[[[[141.5,29.5],[140.8,29.3],[140.3,28.9],[140.1,28.8],[139.3,28.3],[137.7,28.5],[138,28.7],[138.3,28.8],[138.5,29.4],[138.8,29.5],[138.4,29.6],[137.9,29.7],[137.8,30.2],[137.3,30.2],[137,30.2],[136.7,30.2],[136.1,30.1],[135.7,29.9],[135.4,29.7],[135.6,30.1],[136.9,30.4],[138.4,30.4],[139.8,30.8],[141.1,30.8],[141.5,29.5]]]]}},{"type":"Feature","properties":{},"geometry":{"type":"MultiPolygon","coordinates":[[[[140.4,24.4],[140,24.6],[139.8,24.6],[139.6,24.4],[139.5,24.6],[139.1,24.6],[139,24.6],[138.9,24.6],[138.8,24.3],[138.6,24.4],[138.7,24.4],[138.3,24.3],[138.1,24.3],[138,24.5],[137.9,24.5],[138,24.6],[138.1,24.9],[137.9,24.9],[138,25.1],[138.1,25.3],[138.2,25.4],[138.2,25.5],[138.6,25.7],[138.8,25.9],[138.5,26],[138.6,26.5],[138.4,26.6],[138.3,26.7],[138.4,26.7],[138.5,26.8],[138.5,26.7],[138.6,26.7],[138.7,26.8],[138.9,26.7],[139.1,26.7],[138.9,26.8],[139,27],[139.1,27.5],[139.1,27.6],[138.9,27.6],[138.4,27.9],[138.3,27.9],[138.1,27.8],[138,27.8],[138,27.9],[137.8,27.9],[137.7,28],[137.9,28.1],[137.6,28.4],[137.7,28.4],[140.5,28.5],[140.8,27.5],[140.9,25.3],[140.8,24.7],[140.4,24.4]]]]}},{"type":"Feature","properties":{},"geometry":{"type":"MultiPolygon","coordinates":[[[[122.1,28.2],[124,27.2],[126.5,24.8],[127.4,24.4],[128.6,23.7],[128.1,23.1],[125.6,25.1],[123,27.6],[120.6,28.6],[119.6,29],[118.8,29.3],[121.4,28.4],[122.1,28.2]]]]}},{"type":"Feature","properties":{},"geometry":{"type":"MultiPolygon","coordinates":[[[[107.6,11.3],[108.6,12.2],[108.9,11],[104.8,8.6],[101.4,5.8],[100,1.3],[98.2,2.8],[96.6,4.9],[96.6,7.2],[98,10],[100.7,10.1],[103.4,10.8],[107,10],[107.6,11.3]]]]}},{"type":"Feature","properties":{},"geometry":{"type":"MultiPolygon","coordinates":[[[[140.4,24.4],[140.3,24.4],[140,24.6],[140.4,24.4]]]]}},{"type":"Feature","properties":{},"geometry":{"type":"MultiPolygon","coordinates":[[[[138.9,24.5],[139.1,24.5],[138.9,24.3],[138.9,24.5]]]]}},{"type":"Feature","properties":{},"geometry":{"type":"MultiPolygon","coordinates":[[[[137.7,23.2],[137.5,23.5],[137.9,23.2],[137.7,23.2]]]]}},{"type":"Feature","properties":{},"geometry":{"type":"MultiPolygon","coordinates":[[[[140,24.4],[139.8,24.2],[139.9,24.3],[140,24.4]]]]}},{"type":"Feature","properties":{},"geometry":{"type":"MultiPolygon","coordinates":[[[[139.5,22.3],[139.2,22.1],[139.4,22.2],[139.5,22.3]]]]}},{"type":"Feature","properties":{},"geometry":{"type":"MultiPolygon","coordinates":[[[[139.3,24.5],[139.3,24.4],[139.2,24.3],[139.3,24.5]]]]}},{"type":"Feature","properties":{},"geometry":{"type":"MultiPolygon","coordinates":[[[[85.3,41.7],[84.9,40.6],[84.1,39.7],[83.2,38.9],[82.2,38.1],[81.1,37.6],[80,37.1],[78.8,36.6],[78,36.3],[76.7,35.8],[75.3,35.4],[73.6,34.7],[72.2,33.8],[70.8,32.7],[69.4,31.5],[67.9,30.2],[66.4,29.2],[65.3,28.7],[63.8,28.5],[62.5,28.1],[64.2,29.6],[66.3,30.6],[67.4,32.4],[68.3,34.1],[70.2,35.5],[73.3,36.5],[75.7,37.3],[77.8,38.6],[79.3,39.9],[81.5,40.8],[84.7,41.6],[85.3,41.7]]]]}},{"type":"Feature","properties":{},"geometry":{"type":"MultiPolygon","coordinates":[[[[144.2,32.1],[144.4,31.2],[144.2,31.3],[144,31.3],[144,31.2],[143.6,31.1],[143.6,31.3],[142.8,31.7],[141.8,32.2],[140.4,32.4],[138.5,32.7],[136.6,33.1],[135.3,33.2],[131.8,34.3],[128.5,35],[127.3,35.1],[126,35.6],[123.6,35.6],[123.4,36.8],[128.8,35.7],[134.8,35],[141.9,32.9],[144.2,32.1]]]]}},{"type":"Feature","properties":{},"geometry":{"type":"MultiPolygon","coordinates":[[[[10.3,65.1],[11.2,68.2],[9.8,71.3],[8.7,72.1],[6.6,72.5],[7.8,72.5],[7.1,72.7],[8.8,72.8],[9.2,73.1],[11.7,73.2],[11.9,73.4],[13.6,73.4],[14,73.2],[16.7,71.2],[16.3,69.9],[16.4,69.7],[15.3,67.5],[10.4,65.1],[10.3,65.1]]]]}},{"type":"Feature","properties":{},"geometry":{"type":"MultiPolygon","coordinates":[[[[2.7,72.5],[3.7,72.6],[4.6,72.6],[6.1,72.7],[7.8,72.5],[8.5,72],[10.6,70.1],[10.5,66.2],[7.5,65.7],[3.1,67.1],[3.5,67.9],[3.3,68.8],[2.7,68.7],[2.7,69.6],[3.8,70],[3.9,70.5],[4.2,70.9],[4.1,71.5],[2.8,72.4],[2.7,72.5]]]]}},{"type":"Feature","properties":{},"geometry":{"type":"MultiPolygon","coordinates":[[[[2.7,72.5],[1.9,73],[5.8,73.8],[10.1,73.9],[14.1,73.6],[15,73.2],[13.6,73.2],[13.1,73.5],[12,73.3],[11.5,73.2],[9.2,73.1],[7.9,72.7],[7.7,72.6],[7.8,72.5],[5.7,72.8],[4.4,72.5],[3.5,72.5],[2.7,72.5]]]]}},{"type":"Feature","properties":{},"geometry":{"type":"MultiPolygon","coordinates":[[[[27.3,64.3],[29.5,64.4],[33.9,64],[35.6,63.9],[39.2,64],[42.8,64.4],[44,64.4],[42.2,63.8],[36.9,62.2],[29.9,60.2],[26.4,57.8],[22.9,55.8],[18.5,53.2],[16.3,53.2],[17.1,54.5],[18,55.3],[18.9,56.2],[22.5,59.4],[25.4,63.3],[27.3,64.3]]]]}},{"type":"Feature","properties":{},"geometry":{"type":"MultiPolygon","coordinates":[[[[12.1,60.2],[13.8,58.8],[13.3,57],[11.3,55.3],[10.1,55.4],[7.8,56.6],[7.6,57.8],[10.5,59],[12.1,60.2]]]]}},{"type":"Feature","properties":{},"geometry":{"type":"MultiPolygon","coordinates":[[[[6.2,65.2],[1.9,65.9],[1.2,65.9],[0.2,66.1],[-0.1,66.8],[0.2,67],[1,68.7],[1.5,69.6],[1.8,70.4],[0.8,70.4],[0.9,72.1],[2.7,72.5],[3,72.2],[4.1,71],[4,70.6],[4,70],[2.9,69.7],[2.8,69],[3,68.7],[3.4,68.1],[3.3,67.6],[5.5,66.1],[10.4,65.1],[11.4,64.4],[13.5,63.6],[10.2,64.6],[6.2,65.2]]]]}},{"type":"Feature","properties":{},"geometry":{"type":"MultiPolygon","coordinates":[[[[8.6,29.8],[8.9,29.6],[9.2,29.4],[8.4,29.2],[8.3,29],[8.5,29.1],[9.4,29.5],[9.7,29.1],[9.9,28.7],[8.7,28.3],[8.7,28],[9.2,28.2],[9.6,27.7],[10.2,28.5],[10.4,27.7],[10.8,28],[11.2,28.3],[11.1,28.5],[11.9,28.7],[11.9,27.8],[11.4,27.5],[11.1,27.1],[11.6,27.4],[11.3,26.9],[11.3,26.5],[11.4,26.6],[11.8,26.5],[11.7,26],[11.6,25.5],[11.6,25.3],[11.7,24.8],[11.8,24.3],[12.4,24.4],[12,24.4],[12.1,24.2],[12.3,24.2],[12.6,24.2],[12.1,23.7],[12.3,23.6],[11.9,23.4],[12.1,23.2],[12,23.1],[12.3,23],[12.5,23],[12.6,22.8],[12.7,22.8],[13.1,22],[12.3,22.4],[12.8,22],[12.3,21.9],[12.9,21.6],[13.3,21.6],[13.2,21.2],[12.7,21.2],[12.6,20.9],[12.9,20.4],[13.3,20.8],[13.1,20.2],[12.4,20.4],[12.2,20.4],[11.7,20.5],[11.9,19.9],[11.3,19.9],[11.4,19.6],[12.1,19.5],[11.4,19.3],[11.8,19.2],[12.1,19.4],[11.9,18.9],[12.4,19],[13.2,18.7],[13.3,18.6],[13.4,18.3],[13.6,18.1],[13.7,18],[13.6,17.8],[13.8,17.7],[13.8,17.6],[13.7,17.4],[13.3,17.2],[12.6,18],[12,18.2],[11.3,18.4],[11.7,18.2],[11.8,18.1],[12.4,17.9],[12,17.4],[11.5,17.4],[11.3,16.8],[12.2,17],[11.8,16.6],[11.7,16.5],[12.1,16.8],[12.7,17],[13.8,17],[13.5,16.8],[13.6,16.6],[13.4,16.5],[13.3,16.3],[13.1,16.1],[13,15.9],[12.8,15.7],[12.8,15.6],[12.6,15.4],[12.4,15.1],[12.1,15],[11.9,15],[11.6,14.8],[11.3,14.8],[11.2,14.5],[11,14.4],[10.8,14.5],[10.6,14.5],[10.3,14.8],[10.5,14.3],[10.4,14.1],[10.1,13.8],[10,13.4],[9.9,13.2],[9.9,13],[9.8,12.8],[9.7,12.5],[9.5,12.5],[9.3,12.4],[9.4,12.4],[9.3,12.3],[9.2,12.1],[9,12.1],[8.8,12],[8.7,12],[8.5,12.1],[8.5,12.4],[8.4,12.3],[8.4,12],[8.3,12],[8.3,11.7],[8.2,11.8],[8,11.7],[7.8,11.7],[7.6,11.6],[7.7,11.3],[7.5,11.2],[7.2,11.2],[7,11.1],[7.3,10.4],[6.8,10.4],[7.2,10.1],[7.1,9.8],[7.2,9.6],[6.9,9.7],[6.9,9.5],[6.7,9.7],[6.8,9.4],[6.6,9.4],[6.5,9.3],[6.8,9.1],[6.6,9],[6.3,9],[6.4,8.8],[6.3,8.8],[6.4,8.6],[6.5,8.5],[6.4,8.4],[6.3,8.1],[6.5,8],[6.1,7.9],[6.3,7.8],[6.3,7.7],[6.2,7.4],[5.7,7.3],[6.2,7.1],[5.8,7.1],[6,6.8],[6.1,6.7],[6,6.6],[5.7,6.7],[5.4,6.7],[5.8,6.6],[5.9,6.4],[5.7,6.3],[5.5,6.5],[5.3,6.3],[5.1,6.2],[4.9,6.3],[5.2,6.4],[4.9,6.3],[4.8,6.7],[4.7,6.9],[4.8,6.9],[4.7,7],[4.9,7.2],[4.6,7.1],[4.5,7],[4.9,7.3],[4.5,7.2],[4.6,7.4],[4.4,7.3],[4.4,7.2],[4.3,7.2],[4.2,7.2],[4,7.2],[3.9,7.2],[3.8,7.3],[3.6,7.5],[3.6,7.7],[3.4,7.6],[3.5,7.6],[3.4,7.8],[3.2,7.8],[3.5,8],[3.1,7.9],[3.2,8],[3.1,8.2],[3,8.2],[3.3,8.5],[3.2,8.4],[2.9,8.4],[3.1,8.5],[3,8.7],[3,8.8],[2.8,9.1],[2.8,9.3],[2.8,9.4],[2.7,9.4],[2.6,9.7],[2.5,9.7],[2.6,9.9],[2.5,9.9],[2.5,10.1],[2.8,10.1],[2.5,10.2],[2.3,10.2],[2.7,10.4],[2.5,10.5],[3,10.7],[2.5,10.6],[2.7,10.7],[2.9,10.8],[3,10.9],[2.9,11],[3,11.1],[3.1,10.9],[3.2,11.1],[2.9,11.2],[2.8,11.7],[2.7,11.3],[2.4,11.4],[2.6,11.5],[2.3,11.3],[2.3,11.4],[2.4,11.7],[2.4,11.8],[2.2,11.8],[2.7,12.2],[2.6,12.2],[2.2,12],[2.1,12.1],[2.2,12.3],[2.3,12.5],[2.7,12.4],[2.4,12.5],[2,12.5],[2,12.7],[2.7,13.2],[3.4,13.3],[2.7,13.2],[1.9,12.8],[2.2,12.9],[2.3,13.2],[2.2,13.3],[2.6,13.4],[2.6,13.5],[2.3,13.6],[2,13.7],[2.8,13.9],[2.1,14.1],[2.4,14.2],[2.5,14.3],[3.3,14],[3.3,14.2],[3.4,14.3],[3.3,14.4],[2.7,14.4],[2.2,14.1],[2.3,14.5],[2.4,14.4],[2.6,14.5],[2.9,14.5],[2.4,14.8],[2.7,14.7],[3.5,14.3],[3.3,14.6],[3.5,14.9],[2.8,14.7],[2.4,14.9],[2.8,15.1],[3.1,15.1],[3.4,15.1],[3.5,15.1],[3.3,15.2],[3.6,15.6],[3.7,15.4],[3.8,15.4],[3.6,15.5],[3.7,15.6],[3.5,15.7],[3.7,15.9],[3.8,16],[3.8,16.3],[3.6,16.5],[3.4,16.5],[2.5,17.3],[3.8,16.7],[3.6,17],[3.8,16.9],[3.7,17.2],[3.9,17.1],[3.5,17.5],[3.8,17.6],[3.3,17.7],[3.4,17.9],[3.7,18.2],[3.2,18.3],[3.1,18.9],[3,18.2],[2.9,18],[2.5,18.1],[2.5,18.5],[2.9,18.8],[2.6,18.7],[2.9,19],[2.7,19],[2.9,19.1],[3,19.3],[3,19.4],[2.9,19.6],[2.9,19.9],[2.9,20.3],[2.9,20.4],[2.9,20.7],[2.9,20.9],[2.8,21],[3,21.1],[2.8,21.4],[2.8,21.6],[2.7,22.2],[2.7,22.4],[2.6,22.7],[2.3,22.9],[2,23.3],[1.7,23.5],[1.5,23.5],[1.2,23.4],[1.1,23.6],[0.8,23.7],[0.4,23.7],[0.7,24.1],[0.4,24.5],[0.2,24.7],[0.4,24.8],[1.4,24.5],[1.2,24.8],[1.6,24.8],[1.1,25.1],[0.9,25.3],[0.6,25.5],[0.4,26],[1,26.2],[1.4,26.2],[1.7,26.4],[2.1,26.3],[2.7,26.5],[3.1,27],[2.7,27],[3,27.7],[3.3,27.9],[3.6,28],[3.9,28],[4.5,28.4],[4.9,28.6],[5.1,28.7],[5.3,28.1],[5.7,28.2],[5.8,28.8],[6.5,28.1],[7,28.3],[7.1,28.9],[7.4,28.7],[6.8,29],[6.7,29.3],[6.9,29.3],[7.2,29.2],[7.6,28.8],[7.8,29.3],[7.7,29.6],[8,29.7],[8.2,29.6],[8.6,29.8]]]]}},{"type":"Feature","properties":{},"geometry":{"type":"MultiPolygon","coordinates":[[[[3,16.5],[3.2,16],[2.7,16],[2.6,16.1],[2.2,16.3],[2.3,16.6],[2.5,17],[3,16.5]]]]}},{"type":"Feature","properties":{},"geometry":{"type":"MultiPolygon","coordinates":[[[[12.6,17.3],[11.7,16.9],[11.9,17.4],[12.5,17.5],[12.6,17.3]]]]}},{"type":"Feature","properties":{},"geometry":{"type":"MultiPolygon","coordinates":[[[[12.8,19.5],[13.1,19.2],[13.2,19],[12.8,19.1],[12.3,19.5],[12.8,19.5]]]]}},{"type":"Feature","properties":{},"geometry":{"type":"MultiPolygon","coordinates":[[[[12.2,20],[12.7,19.8],[12,20],[12.2,20]]]]}},{"type":"Feature","properties":{},"geometry":{"type":"MultiPolygon","coordinates":[[[[13.1,19.7],[12.8,19.6],[12.3,19.6],[13.1,19.7]]]]}},{"type":"Feature","properties":{},"geometry":{"type":"MultiPolygon","coordinates":[[[[13.5,22.3],[13.7,22.2],[13.3,22],[13.4,22.3],[13.5,22.3]]]]}},{"type":"Feature","properties":{},"geometry":{"type":"MultiPolygon","coordinates":[[[[8.5,12],[8.7,11.8],[8.5,11.7],[8.5,12]]]]}},{"type":"Feature","properties":{},"geometry":{"type":"MultiPolygon","coordinates":[[[[3.5,16.4],[3.6,16],[3.5,16.3],[3.5,16.4]]]]}},{"type":"Feature","properties":{},"geometry":{"type":"MultiPolygon","coordinates":[[[[5.5,6.3],[5.8,6.1],[5.7,6.1],[5.6,6.2],[5.5,6.3]]]]}},{"type":"Feature","properties":{},"geometry":{"type":"MultiPolygon","coordinates":[[[[7.3,10.8],[7.4,10.6],[7.1,11],[7.3,10.8]]]]}},{"type":"Feature","properties":{},"geometry":{"type":"MultiPolygon","coordinates":[[[[6.6,8.9],[6.6,8.8],[6.5,8.9],[6.6,8.9]]]]}},{"type":"Feature","properties":{},"geometry":{"type":"MultiPolygon","coordinates":[[[[4.1,7.2],[4.2,7.1],[4.1,7.1],[4.1,7.2]]]]}},{"type":"Feature","properties":{},"geometry":{"type":"MultiPolygon","coordinates":[[[[-39.3,-62.9],[-41,-64.9],[-41.9,-65.2],[-44.5,-66.4],[-45.5,-67.7],[-46.8,-66.3],[-44.4,-65.1],[-43,-63.4],[-44,-62.7],[-45.1,-63.4],[-46.7,-63.4],[-48.4,-64.7],[-48.1,-63.3],[-47.4,-63.4],[-47,-62.9],[-46.1,-61.5],[-44.4,-61.2],[-42.5,-61],[-40.9,-60.1],[-40,-58.8],[-39.5,-58.6],[-38.2,-58.2],[-37.6,-58.1],[-38.6,-60.4],[-39.3,-62.9]]]]}},{"type":"Feature","properties":{},"geometry":{"type":"MultiPolygon","coordinates":[[[[8.7,-59.4],[9.8,-62.4],[7,-62.8],[1.5,-63.2],[-1.4,-63.6],[-1.7,-62.8],[-0.7,-61],[-2.2,-59.3],[-2.1,-58.8],[1.8,-58.9],[5.8,-58.9],[6.9,-58.5],[7.6,-58.9],[7.6,-60.3],[7.1,-60.5],[7.8,-61],[8.2,-60.4],[8.7,-59.4]]]]}},{"type":"Feature","properties":{},"geometry":{"type":"MultiPolygon","coordinates":[[[[-27,-57.5],[-29.7,-56],[-28.9,-54.9],[-27.1,-53.1],[-25.2,-53.3],[-27.8,-55.9],[-27,-57.5]]]]}},{"type":"Feature","properties":{},"geometry":{"type":"MultiPolygon","coordinates":[[[[-4.9,-71.9],[-5.8,-72.1],[-5.9,-72.3],[-6.2,-72.5],[-7.2,-72.8],[-7.7,-73.2],[-9.1,-73.8],[-11.7,-74.3],[-13.6,-74.5],[-13.6,-74.7],[-21.9,-73.6],[-24.7,-73.4],[-25.7,-73.6],[-34,-74],[-34.5,-73.6],[-30.7,-73.3],[-20.4,-71.6],[-16.6,-70.6],[-11.6,-70.8],[-7.7,-70.9],[-4.5,-70.9],[-2.8,-70.6],[-1.4,-70.3],[-0.5,-69.9],[0.5,-69.2],[1,-68.5],[3.4,-70],[-4.7,-71.4],[-4.9,-71.9]]]]}},{"type":"Feature","properties":{},"geometry":{"type":"MultiPolygon","coordinates":[[[[-44.5,-66.4],[-41.9,-65.2],[-41,-64.9],[-39.6,-64.9],[-36.9,-64.4],[-34.8,-64.2],[-35.6,-64.9],[-40.9,-65.6],[-42.2,-65.4],[-44.5,-66.4]]]]}},{"type":"Feature","properties":{},"geometry":{"type":"MultiPolygon","coordinates":[[[[-5.8,-65.6],[-6.4,-66.4],[-9.4,-66.3],[-12.3,-65.8],[-15.7,-65.5],[-19.9,-65.5],[-20.9,-65.3],[-23.1,-64.7],[-24.5,-64.3],[-25.7,-63.8],[-24,-63.9],[-20.4,-64.1],[-14.5,-64.3],[-12.3,-64.6],[-8.3,-64.9],[-6.3,-65.3],[-5.8,-65.6]]]]}},{"type":"Feature","properties":{},"geometry":{"type":"MultiPolygon","coordinates":[[[[-35.1,-73.6],[-36,-73.6],[-46.1,-72],[-46.8,-69.4],[-45.5,-67.7],[-45.2,-68.6],[-43.3,-69.8],[-38.2,-71.2],[-36.3,-72],[-35.1,-73.6]]]]}},{"type":"Feature","properties":{},"geometry":{"type":"MultiPolygon","coordinates":[[[[-9.2,-70.9],[-15.8,-70.7],[-17.3,-70.3],[-20.5,-69.4],[-22.9,-68.5],[-24,-67.8],[-26.2,-66.3],[-26.7,-64.9],[-25.5,-64.3],[-23.6,-64.7],[-21.3,-65],[-20.5,-66],[-20.6,-67.4],[-18.1,-68.4],[-15.5,-68.8],[-12.3,-69.5],[-8.9,-70.3],[-9.2,-70.9]]]]}},{"type":"Feature","properties":{},"geometry":{"type":"MultiPolygon","coordinates":[[[[-25.9,-64.2],[-26.7,-65.1],[-25.8,-66.7],[-23.9,-67.9],[-22.5,-68.7],[-20,-69.6],[-17,-70.5],[-22.8,-72.3],[-32,-73.5],[-35.1,-73.6],[-36.9,-71.5],[-41.5,-70.3],[-44.5,-69.1],[-45.5,-68.2],[-45.1,-67.1],[-42.5,-65.6],[-41.4,-65.6],[-36.8,-65.4],[-30.3,-63.7],[-27.8,-63.4],[-25.9,-64.2]]]]}},{"type":"Feature","properties":{},"geometry":{"type":"MultiPolygon","coordinates":[[[[-26.2,-63.1],[-29.4,-63.6],[-32.2,-63.9],[-36.2,-64.3],[-38.8,-64.8],[-40.7,-64.9],[-39.9,-63.8],[-37.4,-61.3],[-35.8,-59.6],[-34.6,-58.8],[-31.9,-60],[-28.4,-61.1],[-24.4,-62.9],[-20.5,-63.9],[-21.6,-64.1],[-24.7,-63.7],[-26.2,-63.1]]]]}},{"type":"Feature","properties":{},"geometry":{"type":"MultiPolygon","coordinates":[[[[-26,-63.4],[-29.4,-63.6],[-26.2,-63.1],[-26,-63.4]]]]}},{"type":"Feature","properties":{},"geometry":{"type":"MultiPolygon","coordinates":[[[[-9.2,-70.9],[-5.5,-69.9],[-3.1,-67.8],[-4,-66.8],[-2.5,-67.4],[-0.8,-68.3],[-0.3,-68.7],[0,-68.1],[1,-68.5],[0.5,-69.2],[-0.5,-69.9],[-1.4,-70.3],[-2.8,-70.6],[-4.5,-70.9],[-7.7,-70.9],[-9.2,-70.9]]]]}},{"type":"Feature","properties":{},"geometry":{"type":"MultiPolygon","coordinates":[[[[-13.2,-59.1],[-18.8,-59.9],[-21.1,-61.4],[-25.3,-59.9],[-26.2,-58],[-27.1,-57.3],[-27.3,-54.9],[-23.8,-51.5],[-21.9,-51],[-20,-50.9],[-18.4,-51],[-16.5,-50.2],[-15.9,-49.4],[-14.7,-48.6],[-14.1,-48.5],[-12.4,-46.2],[-12.1,-46.4],[-12.1,-46.3],[-11.6,-45.6],[-9.2,-46.6],[-9.6,-48.3],[-11.6,-51.9],[-11.9,-55.1],[-12.5,-58.4],[-13.2,-59.1]]]]}},{"type":"Feature","properties":{},"geometry":{"type":"MultiPolygon","coordinates":[[[[14.6,-64.5],[13.2,-63.2],[13.5,-62.4],[16.3,-62.9],[17.6,-63.3],[14.6,-64.5]]]]}},{"type":"Feature","properties":{},"geometry":{"type":"MultiPolygon","coordinates":[[[[14.6,-64.5],[11.9,-65.7],[9.7,-65.9],[11.1,-65.3],[11.6,-64.5],[11.8,-62.9],[12.9,-62.7],[13.8,-64.3],[14.6,-64.5]]]]}},{"type":"Feature","properties":{},"geometry":{"type":"MultiPolygon","coordinates":[[[[10.5,-64.6],[8.6,-65.4],[6.3,-65.6],[0.1,-65],[-5.3,-64.2],[-4.7,-63],[-2.1,-63.6],[0,-63.4],[4.2,-63],[9.5,-63.2],[10.6,-63.7],[10.5,-64.6]]]]}},{"type":"Feature","properties":{},"geometry":{"type":"MultiPolygon","coordinates":[[[[28.6,-50.9],[30,-50.5],[30.6,-50.1],[32,-50.1],[32.1,-50.7],[31.8,-51.2],[31.8,-52.1],[30.5,-51.6],[28.6,-50.9]]]]}},{"type":"Feature","properties":{},"geometry":{"type":"MultiPolygon","coordinates":[[[[14.6,-52.7],[10.6,-55.5],[10.6,-54.7],[8.7,-56.9],[7.7,-57.8],[6.9,-58.5],[5.8,-58.9],[1.8,-58.9],[-2.1,-58.8],[-6.9,-58.5],[-3,-57.9],[1.4,-56.9],[5.7,-54.4],[7,-53.2],[7.9,-52.9],[9.1,-51.1],[10.4,-51.4],[11.1,-51.9],[12.7,-51.5],[12.9,-51.5],[13.8,-52.1],[13.4,-52.3],[13.8,-52.6],[14.3,-52.7],[14.6,-52.7]]]]}},{"type":"Feature","properties":{},"geometry":{"type":"MultiPolygon","coordinates":[[[[2.9,-43],[4.5,-43.8],[5.7,-44.8],[7.7,-45.9],[8.7,-47.5],[8.4,-49.3],[8.7,-52.1],[7.3,-53.1],[5.7,-54.2],[3.9,-55.8],[-0.7,-57.7],[-5.2,-58.2],[-10.2,-58.5],[-12.1,-57.8],[-11.8,-54.6],[-11.5,-50.5],[-8.4,-48.2],[-10.4,-45.4],[-11,-43.6],[-10.9,-42.6],[-10.9,-41.9],[-10.9,-41.8],[-10.6,-41.2],[-10.1,-40.4],[-9.9,-39.9],[-9.8,-40.2],[-9.6,-40.2],[-8.5,-39.9],[-8.3,-40.1],[-8.2,-40.1],[-8.2,-39.9],[-8.2,-39.5],[-8,-39.7],[-7.4,-39.5],[-7.6,-39.2],[-5.9,-38.6],[-5.1,-38.2],[-4.7,-37.6],[-3.5,-37.6],[-3.8,-39],[-2.3,-41],[-2.2,-41.5],[-1.3,-41.8],[-0.1,-41.9],[0.2,-41.9],[1.2,-41.9],[0.9,-42.4],[2.9,-43]]]]}},{"type":"Feature","properties":{},"geometry":{"type":"MultiPolygon","coordinates":[[[[9.9,-44.5],[5,-44],[3.1,-43.5],[1.6,-41.2],[0.7,-41.5],[0.2,-41.3],[-0.9,-40.7],[-1.7,-39.6],[-2.5,-38.8],[-2.9,-38.2],[-3.5,-37.6],[-2.2,-37.1],[1.7,-38],[6.7,-41],[9.9,-44.5]]]]}},{"type":"Feature","properties":{},"geometry":{"type":"MultiPolygon","coordinates":[[[[24.3,-55.4],[21.1,-55.6],[21.9,-55.3],[20.9,-55.1],[21,-54.7],[20,-51.6],[23.9,-50.8],[24.2,-53.5],[23.6,-55.5],[24.3,-55.4]]]]}},{"type":"Feature","properties":{},"geometry":{"type":"MultiPolygon","coordinates":[[[[21.1,-22.7],[17.9,-28],[15.1,-32.7],[18.2,-33.3],[21.4,-30.5],[28.1,-31.1],[30,-29.1],[31,-28.4],[28,-33.3],[25.6,-34.9],[25.5,-35.7],[26.4,-35.5],[27.4,-35.4],[29.1,-35.5],[29.6,-36.6],[29.8,-38],[29.6,-39.9],[29.2,-40.6],[29.7,-40.8],[30.4,-41.2],[30,-41.7],[29.7,-42.1],[29.4,-43.1],[28.2,-43.2],[23.9,-41.9],[20.1,-42.9],[13.6,-39.7],[8.3,-38.5],[2.8,-35.9],[3.6,-34.8],[5.6,-33.8],[5.6,-34.3],[6.2,-34.2],[6.9,-34.5],[7.2,-35.9],[12.3,-35.2],[13.9,-33.3],[11.9,-30.4],[9.2,-28.8],[9.7,-26.3],[11,-27.9],[12.6,-26.6],[14.3,-25.4],[16.6,-24.2],[16.5,-22.1],[13.3,-19.9],[10.8,-20.6],[10.1,-23],[12.5,-19.8],[17.7,-17.5],[20.6,-21.7],[21.1,-22.7]]]]}},{"type":"Feature","properties":{},"geometry":{"type":"MultiPolygon","coordinates":[[[[7,-34.4],[6.2,-33.8],[6.4,-33.5],[7.1,-33.8],[7,-34.4]]]]}},{"type":"Feature","properties":{},"geometry":{"type":"MultiPolygon","coordinates":[[[[33,-29.3],[32.4,-29.9],[31.9,-30.2],[31.7,-29.8],[32.2,-29.1],[33,-29.3]]]]}},{"type":"Feature","properties":{},"geometry":{"type":"MultiPolygon","coordinates":[[[[33.4,-29],[33,-29.3],[33.2,-28.9],[33.4,-29]]]]}},{"type":"Feature","properties":{},"geometry":{"type":"MultiPolygon","coordinates":[[[[32.4,-30.2],[32.9,-29.8],[32.5,-30.1],[32.4,-30.2]]]]}},{"type":"Feature","properties":{},"geometry":{"type":"MultiPolygon","coordinates":[[[[34.4,-34.9],[34.6,-35.9],[34.4,-36.4],[34.1,-37],[32.8,-37.7],[30.6,-37.8],[29.8,-36],[30.4,-33.9],[32.4,-34.5],[32.6,-35.4],[34.4,-34.9]]]]}},{"type":"Feature","properties":{},"geometry":{"type":"MultiPolygon","coordinates":[[[[38.3,-33.7],[38,-34.6],[37.1,-33.4],[37.8,-33],[38.3,-33.7]]]]}},{"type":"Feature","properties":{},"geometry":{"type":"MultiPolygon","coordinates":[[[[42,-37.1],[41.4,-37.9],[41.9,-36.8],[42,-37.1]]]]}},{"type":"Feature","properties":{},"geometry":{"type":"MultiPolygon","coordinates":[[[[34.6,-38.3],[33.7,-39.6],[32.7,-41.8],[32.3,-41.3],[32.9,-40.3],[32.1,-39.4],[30.9,-38.9],[30.3,-38.4],[30.6,-37.8],[32.8,-37.7],[34.1,-37],[34.1,-37.2],[34.5,-38.3],[34.6,-38.3]]]]}},{"type":"Feature","properties":{},"geometry":{"type":"MultiPolygon","coordinates":[[[[38.4,-37.6],[34.8,-38.7],[34.6,-37.5],[34.7,-37.2],[36.4,-36],[38.2,-36.7],[38.4,-37.6]]]]}},{"type":"Feature","properties":{},"geometry":{"type":"MultiPolygon","coordinates":[[[[35.9,-42.2],[35.5,-43.4],[34.2,-43.3],[32.5,-42.5],[33.1,-42.2],[32.7,-41.8],[33.7,-39.6],[34.6,-38.3],[35,-38.8],[35.3,-39.1],[35.6,-41.3],[35.9,-42.2]]]]}},{"type":"Feature","properties":{},"geometry":{"type":"MultiPolygon","coordinates":[[[[31.1,-42.9],[29.6,-42.7],[29.9,-41.9],[30.2,-41.3],[29.7,-41.1],[29.4,-40.6],[29.2,-40.1],[30.5,-40.1],[31.1,-40.6],[31.1,-42.9]]]]}},{"type":"Feature","properties":{},"geometry":{"type":"MultiPolygon","coordinates":[[[[30,-38.2],[29.5,-36.9],[29.4,-35.6],[27.8,-35.3],[26.6,-35.6],[25.7,-35.8],[25.6,-35.2],[26.7,-34.8],[27.6,-34],[28.7,-34.3],[30.3,-34.4],[29.8,-36.7],[30,-38.2]]]]}},{"type":"Feature","properties":{},"geometry":{"type":"MultiPolygon","coordinates":[[[[40.6,-36.1],[41.6,-38],[42.9,-39.5],[42.6,-42.2],[41.8,-44.8],[40,-45.9],[37.4,-46.4],[37.8,-44.7],[39.8,-43.4],[40.6,-41.2],[39.3,-37.8],[38.7,-35.6],[40.3,-35.4],[40.6,-36.1]]]]}},{"type":"Feature","properties":{},"geometry":{"type":"MultiPolygon","coordinates":[[[[43.8,-47],[42.6,-47],[38.6,-47.3],[38.1,-47.4],[37.8,-47.4],[37.1,-47.4],[40,-45.9],[42.7,-46.1],[43.8,-47]]]]}},{"type":"Feature","properties":{},"geometry":{"type":"MultiPolygon","coordinates":[[[[39.8,-33],[39.3,-33.9],[37.8,-33],[38.4,-32.2],[39.1,-32.1],[39.8,-32.8],[39.8,-33]]]]}},{"type":"Feature","properties":{},"geometry":{"type":"MultiPolygon","coordinates":[[[[39.6,-39.7],[38.9,-41.4],[39.2,-39.1],[39.6,-39.7]]]]}},{"type":"Feature","properties":{},"geometry":{"type":"MultiPolygon","coordinates":[[[[32.2,-42.1],[31.1,-40.6],[30.5,-38.8],[31,-38.5],[31,-39.1],[32.4,-39.7],[32.8,-40.8],[32.3,-41.5],[32.2,-42.1]]]]}},{"type":"Feature","properties":{},"geometry":{"type":"MultiPolygon","coordinates":[[[[36.2,-43.3],[35.9,-44.2],[35.4,-45.1],[35.4,-45.7],[35.5,-46.6],[35.3,-47.1],[34.6,-48],[31.9,-45.8],[32.5,-42.1],[32.9,-42.4],[33.1,-42.8],[34.3,-43.8],[36.2,-43.3]]]]}},{"type":"Feature","properties":{},"geometry":{"type":"MultiPolygon","coordinates":[[[[39.2,-46.3],[36.1,-47.1],[36,-46.3],[36.6,-44.9],[39.4,-43.6],[38.8,-42.6],[38.7,-40.8],[40.5,-40.4],[40,-43.4],[38.5,-44.6],[36.8,-46.1],[39.2,-46.3]]]]}},{"type":"Feature","properties":{},"geometry":{"type":"MultiPolygon","coordinates":[[[[26.6,-53.1],[26.9,-52],[26.8,-51.5],[26.1,-52.5],[26.1,-53],[26,-53.9],[24.1,-54.7],[23.7,-52.2],[28.4,-50.7],[26.6,-53.1]]]]}},{"type":"Feature","properties":{},"geometry":{"type":"MultiPolygon","coordinates":[[[[5.5,-38.8],[1.7,-38],[-2.2,-37.1],[-4.5,-37.8],[-4.7,-37.4],[-5,-36.5],[-5,-36.3],[-5,-36.2],[-5,-36.1],[-4.3,-35.2],[-3.2,-35],[-2.5,-35],[-2.5,-34.5],[-1.9,-34.7],[-1.4,-34.8],[-0.6,-34.9],[1.3,-34.6],[3,-36.7],[5.5,-38.8]]]]}},{"type":"Feature","properties":{},"geometry":{"type":"MultiPolygon","coordinates":[[[[8.5,-22.1],[7.2,-24],[6.3,-25.2],[4.6,-27.7],[3.8,-27.3],[3.9,-26.3],[5.7,-24.1],[6.7,-23],[7.6,-22.4],[8.3,-22],[8.5,-22.1]]]]}},{"type":"Feature","properties":{},"geometry":{"type":"MultiPolygon","coordinates":[[[[7,-24.4],[8.2,-22.5],[8.8,-22],[8.6,-22.6],[8.3,-23.2],[8.1,-23.5],[7.8,-24.1],[7.4,-25],[7.2,-24.4],[7,-24.4]]]]}},{"type":"Feature","properties":{},"geometry":{"type":"MultiPolygon","coordinates":[[[[9.3,-21.2],[8.4,-22],[7.7,-22.4],[7.4,-22.3],[7.8,-21.7],[8.3,-21.1],[9,-20.7],[9.3,-21],[9.3,-21.2]]]]}},{"type":"Feature","properties":{},"geometry":{"type":"MultiPolygon","coordinates":[[[[9,-20.6],[8,-20.8],[7.3,-21.6],[6.4,-22.4],[6.3,-21.4],[6.9,-20.1],[7.6,-18.6],[8.2,-19.6],[8.5,-20.2],[9,-20.6]]]]}},{"type":"Feature","properties":{},"geometry":{"type":"MultiPolygon","coordinates":[[[[6.2,-22.7],[5.7,-22.6],[5.8,-21.7],[6.1,-20.7],[6.3,-21.4],[6.2,-22.7]]]]}},{"type":"Feature","properties":{},"geometry":{"type":"MultiPolygon","coordinates":[[[[7.6,-18.6],[6.9,-20.1],[5.1,-21.2],[5.9,-19.9],[7.6,-18.6]]]]}},{"type":"Feature","properties":{},"geometry":{"type":"MultiPolygon","coordinates":[[[[-0.3,-23.1],[-0.5,-22.9],[0.6,-22],[1.8,-21.1],[3,-20.2],[2.9,-20.4],[1.8,-21.2],[0.9,-22.2],[-0.3,-23.1]]]]}},{"type":"Feature","properties":{},"geometry":{"type":"MultiPolygon","coordinates":[[[[6.2,-18.6],[5.4,-19.3],[4.5,-20.1],[3.1,-20.8],[2,-22.1],[1.1,-22.6],[0.6,-22.7],[-0.1,-23.2],[0.3,-22.6],[1.3,-21.8],[2.3,-20.9],[3.5,-20],[4.6,-19.2],[5.7,-17.9],[5.7,-18.3],[6.2,-18.6]]]]}},{"type":"Feature","properties":{},"geometry":{"type":"MultiPolygon","coordinates":[[[[4.6,-19.2],[3.4,-19.9],[2.6,-19.7],[3.4,-19.1],[4.3,-18.8],[4.6,-19.2]]]]}},{"type":"Feature","properties":{},"geometry":{"type":"MultiPolygon","coordinates":[[[[4.3,-18.8],[3.4,-19.1],[2.6,-19.7],[1.9,-19.9],[2.6,-18.9],[3.1,-18.4],[3.5,-18.7],[4.1,-18.5],[4.2,-18.5],[4.3,-18.8]]]]}},{"type":"Feature","properties":{},"geometry":{"type":"MultiPolygon","coordinates":[[[[3,-18.3],[2.8,-18.6],[2.6,-18.9],[1.9,-19.9],[1.7,-20.8],[1.3,-21.5],[0.8,-21.7],[-0.2,-22.2],[-1.4,-22.8],[-1.7,-22.8],[-0.5,-21.3],[0.6,-20.4],[2,-19.1],[2.9,-18.1],[3,-18.3]]]]}},{"type":"Feature","properties":{},"geometry":{"type":"MultiPolygon","coordinates":[[[[3.5,-20],[2.5,-20.5],[1.3,-21.8],[-0.1,-22.6],[-0.9,-23.3],[-1.6,-23.5],[-1.4,-22.8],[-0.2,-22.2],[0.8,-21.7],[1.3,-21.5],[1.7,-20.8],[2.6,-19.7],[3.4,-19.9],[3.5,-20]]]]}},{"type":"Feature","properties":{},"geometry":{"type":"MultiPolygon","coordinates":[[[[3.4,-17.4],[2,-19.1],[0.6,-20.4],[-0.5,-21.3],[-1.7,-22.8],[-2.7,-21.8],[-0.6,-20.5],[1,-18.8],[3,-17.3],[3.4,-17.4]]]]}},{"type":"Feature","properties":{},"geometry":{"type":"MultiPolygon","coordinates":[[[[-2.7,-7.5],[-6.6,-8.7],[-9.8,-7.7],[-10.5,-8.5],[-11.1,-10.7],[-11.4,-13.1],[-13.5,-16.1],[-17.6,-18.5],[-18.7,-20.1],[-19,-22.5],[-19,-21.6],[-19,-21.3],[-19,-20.4],[-18.9,-20.1],[-19.2,-19.8],[-18.9,-19.6],[-19,-19.3],[-18.8,-19.3],[-18.7,-19.2],[-18.6,-19.2],[-18.7,-19.1],[-18.8,-19.1],[-18.5,-18.7],[-18.2,-18.5],[-18.2,-18.2],[-18.4,-18.1],[-18.1,-17.8],[-18.2,-17.5],[-18.2,-17.2],[-18.3,-17],[-18.2,-16.7],[-18.1,-16.5],[-18,-16.4],[-18,-16.3],[-18.1,-16],[-18.1,-15.7],[-17.8,-15.6],[-17.7,-15.6],[-17.6,-15.7],[-17.6,-15.5],[-17.8,-15.4],[-17.4,-15.4],[-17.5,-15.2],[-18,-14.7],[-17.6,-14.5],[-17.9,-14.4],[-18,-13.8],[-17.8,-14],[-17.7,-14],[-17.8,-13.9],[-17.5,-13.5],[-17.2,-13.4],[-16.8,-13.7],[-16.4,-14.1],[-17.1,-13.5],[-16.9,-13.1],[-16.6,-13.1],[-16,-12.9],[-14.9,-12.1],[-13.4,-11],[-12.3,-9.7],[-11.9,-9.4],[-11.6,-9.3],[-11.5,-8.8],[-11.3,-8.1],[-10.9,-7.7],[-9.6,-7.4],[-8.6,-7.2],[-7.4,-7.2],[-5.2,-6.7],[-2.7,-6.9],[-0.3,-6.8],[0,-6.7],[-2.7,-7.5]]]]}},{"type":"Feature","properties":{},"geometry":{"type":"MultiPolygon","coordinates":[[[[4.1,-18.4],[3.7,-18.8],[3.2,-18.4],[2.8,-18.4],[3.2,-18.2],[3.7,-17.7],[3.8,-17.9],[4,-18.3],[4.1,-18.4]]]]}},{"type":"Feature","properties":{},"geometry":{"type":"MultiPolygon","coordinates":[[[[6.8,-18.8],[4.3,-21.7],[2.9,-22.7],[3.4,-21.5],[5,-20.2],[5.9,-19.5],[6.8,-18.8]]]]}},{"type":"Feature","properties":{},"geometry":{"type":"MultiPolygon","coordinates":[[[[6.3,-23.5],[5.3,-24.3],[3.9,-26.6],[4,-27.4],[4.8,-27.7],[2.6,-33.5],[1.2,-31.4],[1,-30.4],[-0.4,-29.6],[-2.6,-29.4],[-3.8,-27.7],[-4.2,-26.5],[-3.2,-24.8],[-3.7,-23.1],[-2.8,-22],[-1.7,-23.4],[-1.1,-23.5],[-0.5,-23.1],[0.1,-23],[0.7,-22.6],[1.4,-22.3],[2.3,-22.6],[3.2,-22.9],[3.5,-23.9],[4.5,-23.4],[5.7,-22.6],[6.2,-22.7],[6.3,-23.1],[6.3,-23.5]]]]}},{"type":"Feature","properties":{},"geometry":{"type":"MultiPolygon","coordinates":[[[[-21,-37.4],[-23.5,-40],[-24,-43.3],[-23.3,-45.3],[-24.8,-46.4],[-25.5,-44.3],[-27,-42.4],[-27.1,-41.1],[-25.4,-40.2],[-25.6,-39.6],[-22.7,-37.5],[-21,-37.4]]]]}},{"type":"Feature","properties":{},"geometry":{"type":"MultiPolygon","coordinates":[[[[-11.8,-35.6],[-12.9,-36.4],[-15.1,-37],[-19.1,-37.6],[-19.5,-36.6],[-12.4,-33.9],[-11.2,-34.3],[-11.8,-35.6]]]]}},{"type":"Feature","properties":{},"geometry":{"type":"MultiPolygon","coordinates":[[[[-24.8,-46.4],[-26.7,-44.5],[-26.7,-42.6],[-24.9,-44.5],[-24.8,-46.4]]]]}},{"type":"Feature","properties":{},"geometry":{"type":"MultiPolygon","coordinates":[[[[-30.8,-41.8],[-29,-42.1],[-28.6,-44.2],[-26.9,-46.2],[-28.8,-47],[-31.9,-46.9],[-35.2,-47.2],[-39.2,-48],[-41.1,-47.1],[-38.6,-46.2],[-36,-45.1],[-33.2,-43.9],[-31.7,-42.6],[-30.8,-41.8]]]]}},{"type":"Feature","properties":{},"geometry":{"type":"MultiPolygon","coordinates":[[[[-9.2,-31.8],[-11.4,-31.5],[-11,-31.5],[-10.6,-31.5],[-10,-31.5],[-9.2,-31.8]]]]}},{"type":"Feature","properties":{},"geometry":{"type":"MultiPolygon","coordinates":[[[[-4.4,-36.4],[-8.9,-36.1],[-11.7,-35.4],[-11,-33.6],[-8.5,-32.4],[-7.6,-33.2],[-7.3,-33.8],[-6.6,-34.4],[-5.6,-34.7],[-4.6,-34.9],[-4.5,-35.5],[-4.4,-36],[-4.4,-36.4]]]]}},{"type":"Feature","properties":{},"geometry":{"type":"MultiPolygon","coordinates":[[[[-54.4,-52.6],[-55.7,-56.8],[-56.9,-56.4],[-57.2,-56.8],[-57.2,-57.1],[-56.9,-53.4],[-55.6,-52.1],[-54.4,-52.6]]]]}},{"type":"Feature","properties":{},"geometry":{"type":"MultiPolygon","coordinates":[[[[-47.9,-42.6],[-51.4,-46.1],[-56.6,-50.7],[-56.6,-48.2],[-52.7,-43.8],[-48.6,-41.9],[-47.9,-42.6]]]]}},{"type":"Feature","properties":{},"geometry":{"type":"MultiPolygon","coordinates":[[[[-57.2,-51.1],[-61.4,-54.3],[-60.3,-52.2],[-57.2,-51.1]]]]}},{"type":"Feature","properties":{},"geometry":{"type":"MultiPolygon","coordinates":[[[[-25.6,14.2],[-26,14.3],[-28.1,13.8],[-30.4,14.2],[-31.1,14.3],[-30.6,14.8],[-29.4,14.7],[-27.9,14.4],[-26.5,14.6],[-26.1,14.6],[-25.7,14.5],[-25.6,14.2]]]]}},{"type":"Feature","properties":{},"geometry":{"type":"MultiPolygon","coordinates":[[[[-4.6,15.5],[-4.5,15.2],[-5.2,15.1],[-5.8,15.2],[-6.1,15.2],[-6.1,15.3],[-6,16.1],[-5.3,16.1],[-4.7,15.7],[-4.6,15.5]]]]}},{"type":"Feature","properties":{},"geometry":{"type":"MultiPolygon","coordinates":[[[[-7,15.7],[-7.1,16.1],[-6.5,16.3],[-7,15.7]]]]}},{"type":"Feature","properties":{},"geometry":{"type":"MultiPolygon","coordinates":[[[[-4.8,17],[-5,17],[-5.1,17.2],[-4.8,17]]]]}},{"type":"Feature","properties":{},"geometry":{"type":"MultiPolygon","coordinates":[[[[-2.4,13.6],[-2.5,13.2],[-2.6,12.8],[-3,12.7],[-3,13.5],[-3,13.9],[-2.8,13.8],[-2.5,13.5],[-2.4,13.6]]]]}},{"type":"Feature","properties":{},"geometry":{"type":"MultiPolygon","coordinates":[[[[-2.7,12.5],[-2.8,12.3],[-3,12],[-2.7,11.8],[-2.9,11.7],[-3,11.5],[-3.1,11.5],[-3.2,11.5],[-3.2,11.3],[-2.8,11.5],[-2.8,10.6],[-2.4,8.9],[-2.1,7.2],[-2.3,7.1],[-2.3,7.3],[-2.3,7.5],[-2.4,7.4],[-2.3,7],[-2.4,6.9],[-2.4,6.6],[-2.4,6.7],[-2.2,6.3],[-2.5,6.6],[-2.9,7.9],[-3.2,8.7],[-3.3,10],[-3.5,10.9],[-3.4,11.7],[-3,12.7],[-2.7,12.5]]]]}},{"type":"Feature","properties":{},"geometry":{"type":"MultiPolygon","coordinates":[[[[3.6,1.4],[3.1,1.1],[3.4,1.1],[3.3,0.9],[1.9,-0.1],[2.2,0.3],[2.7,1.1],[3,1.4],[3.3,1.5],[3.6,1.4]]]]}},{"type":"Feature","properties":{},"geometry":{"type":"MultiPolygon","coordinates":[[[[1.7,2.8],[1.7,2.7],[1.5,2.7],[1.2,2.3],[0.8,2],[0.2,2],[0.1,2.1],[-0.4,2],[-1,2.3],[-2,2.5],[-3.2,2.7],[-3.3,2.8],[-2.9,2.9],[-2.8,2.7],[-2.7,2.9],[-2.7,3.1],[-2.4,3.2],[-2.5,3.4],[-2.7,3.2],[-2.9,3.9],[-2.2,4.3],[-1.8,4.5],[-1.8,4.4],[-1.5,3.9],[-1.2,3.6],[-0.9,3.2],[-0.7,3.3],[-0.8,3.4],[-0.4,3.9],[1.2,3.6],[1.7,2.8]]]]}},{"type":"Feature","properties":{},"geometry":{"type":"MultiPolygon","coordinates":[[[[2.7,1.1],[1.9,-0.1],[0.9,-0.5],[1.4,0.2],[1.3,0.2],[1.7,0.7],[1.9,0.6],[2,0.8],[2,1],[2,1.1],[2.1,1.5],[2.5,2.2],[2.8,2.5],[3.2,3],[3.6,2.9],[3.7,2.9],[3.4,2.8],[3.3,2.2],[3.2,2],[2.9,1.6],[2.8,1.3],[2.7,1.1]]]]}},{"type":"Feature","properties":{},"geometry":{"type":"MultiPolygon","coordinates":[[[[-0.7,1],[-1.8,1.8],[-0.8,1.4],[-0.7,1]]]]}},{"type":"Feature","properties":{},"geometry":{"type":"MultiPolygon","coordinates":[[[[-2.4,1.4],[-2.4,1.1],[-2.3,0.6],[-2.7,0.8],[-3.4,1],[-3.9,0.9],[-4.4,0.8],[-4.8,0.6],[-5.5,0],[-6.2,-0.6],[-6.7,-1.2],[-7.3,-1.2],[-7.9,-1.6],[-8.5,-2],[-8.7,-2.1],[-8.8,-2.4],[-9.3,-3.4],[-10.7,-3.7],[-14.3,-4.4],[-17.3,-5.5],[-16.6,-4.7],[-14.2,-3],[-12.9,-1.9],[-12.1,-1.9],[-11.3,-1.5],[-11.5,-1.3],[-11,-1],[-11.9,-1.1],[-11.8,-1],[-11.3,-0.5],[-11,0],[-10.3,0.4],[-9.9,0.4],[-9.3,1],[-8.9,0.8],[-8.7,0.5],[-8.2,0.4],[-7.7,0.3],[-7.3,0.3],[-6.1,0.9],[-6.4,0.6],[-6.9,0.3],[-7.2,0.2],[-5.2,1.3],[-2.6,1.5],[-2.4,1.4]]]]}},{"type":"Feature","properties":{},"geometry":{"type":"MultiPolygon","coordinates":[[[[-12.1,-1.2],[-12,-1.2],[-12.1,-1.3],[-12.1,-1.2]]]]}},{"type":"Feature","properties":{},"geometry":{"type":"MultiPolygon","coordinates":[[[[-12.5,26.7],[-14.6,25.9],[-15.5,24.8],[-17.5,24],[-18.1,24.3],[-18.5,24.8],[-16,27.9],[-14.8,28.4],[-14.3,28.1],[-14.3,27.9],[-14.4,27.3],[-14.3,27.2],[-14.6,27.2],[-14.7,26.8],[-14.5,26.9],[-14.4,26.8],[-14.3,26.9],[-14.1,27.2],[-13.6,27.6],[-13.3,27.4],[-13.1,27.4],[-12.9,27.4],[-12.9,27.7],[-13,27.5],[-13.3,27.6],[-13.4,27.7],[-13.7,28],[-12.4,27.9],[-12.7,27.3],[-12.5,27.1],[-12.5,26.7]]]]}},{"type":"Feature","properties":{},"geometry":{"type":"MultiPolygon","coordinates":[[[[-18.4,24.3],[-18.7,24.5],[-18.6,24.6],[-18.5,24.7],[-18.4,24.3]]]]}},{"type":"Feature","properties":{},"geometry":{"type":"MultiPolygon","coordinates":[[[[-28.1,14.4],[-29.5,14.7],[-31,14.9],[-30.7,16],[-30.4,16.9],[-29.8,17.1],[-28.4,16.4],[-27.8,14.8],[-28.1,14.4]]]]}},{"type":"Feature","properties":{},"geometry":{"type":"MultiPolygon","coordinates":[[[[-27.5,14.5],[-28.1,14.5],[-27.8,15.6],[-29.1,16.8],[-30.3,16.9],[-30.2,17.5],[-29.1,17.1],[-27.9,16.3],[-27.4,15.4],[-27.5,14.5]]]]}},{"type":"Feature","properties":{},"geometry":{"type":"MultiPolygon","coordinates":[[[[-3.7,2.5],[-4.6,2],[-4.8,1.9],[-5,1.8],[-5.4,1.5],[-5.8,1.2],[-5.9,1.1],[-7.1,0.3],[-7.5,0.3],[-8.1,0.3],[-7.9,1.4],[-7.8,2.4],[-7.2,2.9],[-7,4.4],[-5.9,3.5],[-5.7,3],[-5,3.2],[-4.1,3.3],[-3.7,2.5]]]]}},{"type":"Feature","properties":{},"geometry":{"type":"MultiPolygon","coordinates":[[[[-19.6,31.6],[-20.1,31.8],[-19.9,31.7],[-19.6,31.1],[-19.1,30.5],[-19.6,30.8],[-20.2,30.6],[-20.4,30.1],[-21.5,28.8],[-21.8,28.9],[-22.3,28.7],[-22.9,28.6],[-23.3,27.7],[-23.8,27.3],[-24.4,27],[-25.8,26.3],[-26.7,25.1],[-27.2,25.1],[-28.7,24.8],[-28.8,25.3],[-28.4,25.7],[-27.3,26.6],[-26.2,27],[-24.7,27.5],[-24,28],[-23.6,28.3],[-24.2,28.6],[-23.3,28.7],[-22.4,29.4],[-21.6,30.1],[-21.2,30.7],[-21.5,30.3],[-22.5,29.5],[-23.2,29.4],[-22.3,29.8],[-21.6,30.5],[-21.5,31],[-20.8,31.6],[-21.3,33.8],[-19.2,36.2],[-20.2,34.3],[-19.9,32.2],[-19.8,32],[-19.6,31.6]]]]}},{"type":"Feature","properties":{},"geometry":{"type":"MultiPolygon","coordinates":[[[[-7,27.5],[-7.6,27.2],[-8,27.3],[-7.6,27.2],[-7.5,27.5],[-7.1,27.6],[-7,27.5]]]]}},{"type":"Feature","properties":{},"geometry":{"type":"MultiPolygon","coordinates":[[[[-12.3,26.2],[-13.4,25.7],[-14.9,24.8],[-16.2,23.7],[-16.9,23.9],[-15.5,24.8],[-14.6,25.9],[-12.5,26.7],[-12.3,26.2]]]]}},{"type":"Feature","properties":{},"geometry":{"type":"MultiPolygon","coordinates":[[[[-10.5,27.6],[-10.1,27.8],[-10.2,27.6],[-10.3,27.1],[-10.6,27.4],[-10.5,27.6]]]]}},{"type":"Feature","properties":{},"geometry":{"type":"MultiPolygon","coordinates":[[[[-11.8,27.1],[-11.5,27.2],[-11,27.3],[-11,27.1],[-10.9,26.9],[-11.4,27],[-11.8,27.1]]]]}},{"type":"Feature","properties":{},"geometry":{"type":"MultiPolygon","coordinates":[[[[-8.4,28.7],[-6.9,29.8],[-6.3,29.7],[-6.5,29.3],[-6.6,29.1],[-7.1,29.1],[-7.2,28.6],[-7.2,28.2],[-7.5,27.9],[-7.9,27.9],[-8.1,28.1],[-8.5,28],[-8.4,28.7]]]]}},{"type":"Feature","properties":{},"geometry":{"type":"MultiPolygon","coordinates":[[[[-5.7,28.9],[-6.3,28.1],[-6.8,27.6],[-7.1,27.7],[-6.7,28.1],[-6,29.1],[-5.7,28.9]]]]}},{"type":"Feature","properties":{},"geometry":{"type":"MultiPolygon","coordinates":[[[[-16.9,34.8],[-17.6,34],[-16.8,31.5],[-16.2,30],[-16.9,29.3],[-18.3,28.6],[-19.6,27.8],[-20.4,26.9],[-20.7,26.6],[-21.6,25.8],[-21.8,25.7],[-22.2,25.9],[-22.3,25.8],[-23.3,25],[-25.4,25.1],[-26,26],[-25,26.7],[-24,27.3],[-23.4,27.6],[-22.9,28.3],[-22.5,28.8],[-21.8,29.1],[-21.6,28.8],[-20.4,30.1],[-19.4,29.9],[-20.1,29.8],[-20.2,29.8],[-19.3,29.5],[-19,29.8],[-18.5,29.1],[-18.5,29.4],[-18.1,29.4],[-17.9,29.6],[-17.9,29.7],[-18.4,30.1],[-18.3,30.4],[-17.9,30.5],[-18.9,31.1],[-19.2,31.3],[-19.6,31.6],[-19.8,32],[-20,32.5],[-19.8,34.9],[-18.2,35.6],[-17.5,35.2],[-16.9,34.9],[-17.2,34.8],[-16.9,34.8]]]]}},{"type":"Feature","properties":{},"geometry":{"type":"MultiPolygon","coordinates":[[[[-11.4,19.3],[-11.8,19.6],[-11.8,19.2],[-12.1,19.3],[-12.2,19.2],[-12.3,19.2],[-12.4,19.2],[-12.6,19.1],[-12.8,19],[-12.9,19.1],[-13.3,18.9],[-13.5,18.6],[-13.5,18.5],[-14.3,18.8],[-18.9,20.7],[-17.9,20.6],[-17,20.8],[-15.4,21.1],[-14.2,20.5],[-12.2,20.1],[-11.4,19.3]]]]}},{"type":"Feature","properties":{},"geometry":{"type":"MultiPolygon","coordinates":[[[[-20.5,17.6],[-20.4,17.5],[-20.5,17.1],[-20.6,16.9],[-21.3,16.7],[-21.6,16.3],[-22.1,17],[-23.3,17],[-23.3,17.1],[-22.4,17.6],[-21.8,17.8],[-21.8,17.5],[-21.6,17.5],[-20.7,17.6],[-20.6,17.6],[-20.5,17.6]]]]}},{"type":"Feature","properties":{},"geometry":{"type":"MultiPolygon","coordinates":[[[[-27.9,20.8],[-29.3,23.1],[-26.7,24.8],[-24.3,25.1],[-24.8,24.5],[-27.3,22.1],[-27.9,20.8]]]]}},{"type":"Feature","properties":{},"geometry":{"type":"MultiPolygon","coordinates":[[[[-3.3,14.3],[-3.4,14.3],[-4,14.4],[-5,14.8],[-5.8,14.8],[-6.3,14.6],[-6.2,14.6],[-6.6,14.7],[-6,15.2],[-5.4,15],[-4.7,14.9],[-4.8,15.5],[-4.4,15.5],[-3.9,15.4],[-3.5,14.9],[-3.4,14.5],[-3.2,14.4],[-3.4,14.3],[-3.3,14.3]]]]}},{"type":"Feature","properties":{},"geometry":{"type":"MultiPolygon","coordinates":[[[[-15.8,16.2],[-17.4,16.8],[-17.8,16.5],[-18.7,17.2],[-19.4,17.3],[-19.3,17.5],[-19.5,17.6],[-19.8,17.7],[-19.4,18],[-18.4,18.1],[-17,17.1],[-15.9,16.4],[-15.8,16.2]]]]}},{"type":"Feature","properties":{},"geometry":{"type":"MultiPolygon","coordinates":[[[[-19.8,17.8],[-20.1,17.9],[-20.7,17.9],[-21.6,17.7],[-22.3,17.7],[-23.1,17.2],[-24.6,15.9],[-25.3,15.1],[-25.2,13.3],[-25.9,11.7],[-26.1,11.6],[-25.6,13.3],[-25.6,14.2],[-25.8,15],[-25.3,15.7],[-23.9,16.8],[-22.6,17.8],[-21.7,18.3],[-19.7,18.3],[-19.8,18],[-19.8,17.8]]]]}},{"type":"Feature","properties":{},"geometry":{"type":"MultiPolygon","coordinates":[[[[-14.7,15.7],[-16.5,15.6],[-17.6,15.5],[-18.3,15.8],[-18.8,16.1],[-19.2,16.6],[-19.1,17],[-19.8,17.3],[-20,17.5],[-19.8,17.7],[-19.5,17.6],[-19.3,17.5],[-19.4,17.3],[-18.7,17.2],[-17.8,16.5],[-17.4,16.8],[-15.8,16.2],[-14.8,15.9],[-14.7,15.7]]]]}},{"type":"Feature","properties":{},"geometry":{"type":"MultiPolygon","coordinates":[[[[-20.2,17.7],[-20.3,17.7],[-19.9,17.7],[-20.2,17.7]]]]}},{"type":"Feature","properties":{},"geometry":{"type":"MultiPolygon","coordinates":[[[[-20.4,17.7],[-21.7,17.6],[-21.9,17.6],[-21.6,17.7],[-20.7,17.9],[-20.1,17.9],[-20.5,17.7],[-20.4,17.7]]]]}},{"type":"Feature","properties":{},"geometry":{"type":"MultiPolygon","coordinates":[[[[-21.6,22.3],[-22.1,22.3],[-22.3,22],[-22.1,22],[-21.4,21.9],[-21.7,20.1],[-22.1,19.8],[-22.8,19.8],[-24.1,19.9],[-24.8,19.9],[-25.8,19.9],[-26.2,20.1],[-25.6,21.7],[-24.1,23.4],[-22.3,24.1],[-20.3,24.5],[-19.8,24.6],[-18.4,24.3],[-17.4,24],[-19,24],[-19.8,24.1],[-20.8,23.3],[-21.6,22.3]]]]}},{"type":"Feature","properties":{},"geometry":{"type":"MultiPolygon","coordinates":[[[[-26.2,20],[-28,19.6],[-29.4,19.1],[-29.2,20.5],[-27.9,20.8],[-26.2,20.5],[-26.2,20]]]]}},{"type":"Feature","properties":{},"geometry":{"type":"MultiPolygon","coordinates":[[[[-13.8,18.4],[-14.5,17.8],[-14.9,17.3],[-15,16.9],[-14.9,16.7],[-14.5,16.4],[-14.9,15.9],[-15.9,16.4],[-17,17.1],[-18.4,18.1],[-18.8,18.3],[-18.8,18.5],[-19.3,18.4],[-19.7,18.3],[-21.7,18.3],[-22.6,17.8],[-22.7,18.3],[-22.8,19.4],[-22.6,19.8],[-21.9,20],[-19.6,20.5],[-18.9,20.7],[-14,18.5],[-13.8,18.4]]]]}},{"type":"Feature","properties":{},"geometry":{"type":"MultiPolygon","coordinates":[[[[-15.8,-0.2],[-18.5,-1],[-16.6,1.5],[-16,2.1],[-15.8,1.5],[-16.3,0.6],[-16.3,0.3],[-15.8,0.4],[-15.8,-0.2]]]]}},{"type":"Feature","properties":{},"geometry":{"type":"MultiPolygon","coordinates":[[[[-28.6,25.7],[-28.1,26.5],[-27.3,27.8],[-26.7,28.8],[-26.1,28.9],[-25.2,29.3],[-24.2,29.9],[-23.3,30.8],[-22.9,31.7],[-22.8,32.6],[-23,33.3],[-23.2,33.9],[-22.3,35],[-21.6,35.7],[-20.9,36.2],[-19.9,36.4],[-19.8,35.9],[-21.2,33],[-20.9,31.3],[-21.6,30.9],[-21.7,30.4],[-22.6,29.6],[-23.2,29.3],[-22.3,29.7],[-21.4,30.4],[-21.2,30.7],[-21.9,29.8],[-22.6,29.3],[-23.7,28.6],[-24.2,28.4],[-23.6,28.3],[-24.1,27.9],[-24.8,27.3],[-26.3,26.9],[-27.5,26],[-28.6,25.7]]]]}},{"type":"Feature","properties":{},"geometry":{"type":"MultiPolygon","coordinates":[[[[-21.1,16.5],[-21.1,16.3],[-21.2,16.3],[-21.6,16.3],[-21.2,16.6],[-21.1,16.5]]]]}},{"type":"Feature","properties":{},"geometry":{"type":"MultiPolygon","coordinates":[[[[-21.6,16.3],[-23,14.5],[-24.1,13.2],[-24.5,12.2],[-24.7,11.9],[-25.4,10.6],[-26.9,8.7],[-27.6,9.8],[-26,11.5],[-25.3,12.7],[-25.3,14.9],[-24.8,15.8],[-23.6,16.8],[-22.7,17.1],[-21.6,16.6],[-21.6,16.3]]]]}},{"type":"Feature","properties":{},"geometry":{"type":"MultiPolygon","coordinates":[[[[2,2.9],[1.9,2.8],[1.9,2.9],[1.5,3.1],[0.8,3.7],[-0.6,3.9],[-0.8,3.3],[-0.7,3.4],[-0.9,3.4],[-1.3,3.4],[-1.8,4.2],[-1.7,4.4],[-1.8,4.5],[-2.7,3.8],[-3.3,3.4],[-2.6,3.3],[-2.3,3.3],[-2.4,3.3],[-2.7,3.1],[-2.7,2.8],[-3,2.8],[-2.9,3.1],[-3.3,2.7],[-3.5,2.6],[-3.7,2.8],[-4.3,3.2],[-5.1,3.2],[-5.8,3.1],[-6.4,4.7],[-6,5],[-5.4,5],[-4.5,5.2],[-3.8,5.3],[-3.2,5.4],[-2.9,5.7],[-2.6,6.2],[-1.9,6],[-2.1,5.8],[-1.8,5.8],[-1.5,5.7],[-0.2,5.5],[0,5.6],[1,5.6],[2.4,5.9],[2.3,5.8],[1.9,5.6],[1.4,5.5],[1.2,5.2],[1,5],[1.3,5.2],[2,5.6],[2.8,5.7],[2.9,5.3],[2.8,5.1],[3.2,5.2],[3.6,5],[3.7,4.8],[3.7,4.6],[3.6,4.5],[3.4,4.3],[3.7,4.1],[3.5,4],[3.7,3.8],[3.7,3.7],[3.7,3.5],[3.5,3.4],[3,3.1],[2.7,2.9],[2.3,3],[2.1,2.9],[2,2.9]]]]}},{"type":"Feature","properties":{},"geometry":{"type":"MultiPolygon","coordinates":[[[[-32.9,-6.5],[-33.7,-6.2],[-33.9,-6],[-34.9,-5.5],[-35.3,-4.9],[-35.7,-4.1],[-35.8,-4],[-36,-3.9],[-36.5,-3],[-36.4,-2.8],[-35.9,-3.2],[-35.3,-3.1],[-34.5,-3.5],[-33.9,-4.1],[-33,-5.1],[-32.9,-6.5]]]]}},{"type":"Feature","properties":{},"geometry":{"type":"MultiPolygon","coordinates":[[[[-27.2,8.1],[-26.9,7.2],[-26.3,4.8],[-27.2,5.9],[-28.7,6.8],[-30.6,6.8],[-29,8],[-27.6,9.8],[-27.2,8.1]]]]}},{"type":"Feature","properties":{},"geometry":{"type":"MultiPolygon","coordinates":[[[[-17.4,6.1],[-17.1,6.3],[-17.1,6.1],[-17.4,6.1]]]]}},{"type":"Feature","properties":{},"geometry":{"type":"MultiPolygon","coordinates":[[[[-18.2,6],[-20.1,5.6],[-19.5,5.3],[-18,5.1],[-19,4.8],[-20.2,5.2],[-20.4,5],[-22,4.1],[-22.2,3.7],[-22.8,3],[-23.9,2.3],[-24.9,2.1],[-26.4,2.2],[-27.5,1.3],[-28.2,1],[-27.4,1.6],[-26.5,2.2],[-25.7,2.7],[-23.5,3],[-22.6,3.9],[-22.5,4.6],[-22.2,4.9],[-21.2,5.4],[-20.6,5.6],[-19.9,6.5],[-19.3,6.6],[-18.2,6]]]]}},{"type":"Feature","properties":{},"geometry":{"type":"MultiPolygon","coordinates":[[[[-15.6,3.1],[-15.7,3.3],[-15.7,3.4],[-15.6,3.1]]]]}},{"type":"Feature","properties":{},"geometry":{"type":"MultiPolygon","coordinates":[[[[-15.7,2.7],[-16.3,2.6],[-17.1,3.1],[-17.2,3.3],[-17.2,3.7],[-16.2,3.3],[-15.7,2.8],[-15.7,2.7]]]]}},{"type":"Feature","properties":{},"geometry":{"type":"MultiPolygon","coordinates":[[[[-16,2.1],[-17.1,0.9],[-17.1,2],[-16.6,2.4],[-16.2,2.4],[-16,2.1]]]]}},{"type":"Feature","properties":{},"geometry":{"type":"MultiPolygon","coordinates":[[[[-39.4,10.7],[-41.7,11.1],[-42.4,12.6],[-42.2,13.5],[-42,14.3],[-42.4,15.4],[-41.8,16.6],[-40.7,16.4],[-38.7,14.1],[-36.5,12.7],[-38.6,12.9],[-40.3,12.4],[-39.4,10.7]]]]}},{"type":"Feature","properties":{},"geometry":{"type":"MultiPolygon","coordinates":[[[[-42.7,5.6],[-42.6,4.3],[-42.1,3.6],[-42.2,2.8],[-41.1,0.3],[-40.2,-0.9],[-39.5,-2.8],[-38.4,-3.6],[-39.4,-5.4],[-40.4,-5.2],[-41.6,-1.3],[-42.4,2.1],[-42.7,3.3],[-43,3.9],[-43.3,4.6],[-43.1,5.3],[-43,6.1],[-42.8,6.5],[-42.7,5.6]]]]}},{"type":"Feature","properties":{},"geometry":{"type":"MultiPolygon","coordinates":[[[[-40.4,9.5],[-41.8,8.2],[-42.9,9.3],[-43.9,9.5],[-42.9,10.8],[-42.5,12.7],[-42.2,13.5],[-42.4,12.6],[-41.7,11.1],[-40.4,9.5]]]]}},{"type":"Feature","properties":{},"geometry":{"type":"MultiPolygon","coordinates":[[[[0.4,6.1],[-0.2,5.6],[-0.5,6.4],[-0.6,8.9],[-0.8,10.7],[-0.8,11.1],[-0.8,11.3],[-0.7,11.6],[-0.5,11.5],[-0.7,11.9],[-0.5,12],[-0.5,12.1],[-0.4,12.2],[-0.3,12.2],[-0.1,11],[0,9.6],[0.1,8.1],[0.1,6.6],[0.4,6.1]]]]}},{"type":"Feature","properties":{},"geometry":{"type":"MultiPolygon","coordinates":[[[[-58.7,-50.7],[-60.9,-54.1],[-62,-52.8],[-60.9,-49.3],[-59.9,-48.3],[-58.7,-50.7]]]]}},{"type":"Feature","properties":{},"geometry":{"type":"MultiPolygon","coordinates":[[[[35.7,-32.5],[34.9,-33],[35.1,-33.8],[34.3,-34.3],[34,-33.6],[34.1,-32.7],[34,-32.2],[33.7,-30.7],[33.5,-29.8],[33,-29.7],[33.4,-29.6],[33.5,-29.3],[33.8,-28.9],[34,-28.6],[34,-29.5],[34.2,-30.9],[34.7,-31.9],[35.7,-32.5]]]]}},{"type":"Feature","properties":{},"geometry":{"type":"MultiPolygon","coordinates":[[[[21.2,11.4],[21.5,11.2],[21.6,11.2],[21.9,11.1],[22.4,11.3],[22.7,11],[22.8,11.3],[23,11.7],[23.3,11.9],[23.1,11.8],[23.3,11.9],[23.8,12],[24.3,11.8],[24.5,11.9],[24.8,12.7],[26.5,11.8],[25.4,10.3],[23.6,7.5],[21.5,4.8],[19.6,4.7],[19.1,5.4],[20.2,6.5],[19.9,6.5],[20.1,6.7],[20.1,6.9],[19.9,8.1],[20.3,8.1],[20.3,7.8],[20.5,8],[20.3,8.2],[20.5,8.9],[21,9.1],[20.9,9.1],[21.4,9.7],[21.5,9.9],[22.1,10.1],[21.6,10.2],[21.4,10.4],[21.3,10.7],[21.1,10.8],[20.7,11],[20.7,11.3],[21.2,11.4]]]]}},{"type":"Feature","properties":{},"geometry":{"type":"MultiPolygon","coordinates":[[[[14.7,7.7],[15.3,8.4],[15.9,8.1],[16.6,7.9],[17,7.5],[16.8,7.5],[16.8,7.4],[17.4,7.1],[17.4,6.8],[18.3,7.1],[18.4,6.3],[18.5,6.1],[18.2,5.9],[18.1,5.5],[18.4,5.7],[18.5,5.6],[18.8,5.2],[18.2,4.9],[17.8,4.7],[17.5,4.5],[16.9,4.1],[16.3,3.9],[16.4,3.5],[16.3,3.4],[16.1,3.4],[15.7,3.2],[15.5,3],[15.5,2.8],[15.2,2.9],[15.5,3.4],[15.5,3.9],[15.6,4.2],[16.3,4.6],[16.4,5.2],[16.2,4.6],[15.5,4.5],[15.4,4.7],[14.9,4.5],[14.9,4.6],[15,4.9],[15.2,5.5],[15.1,5.8],[14.9,6],[15.2,6.2],[15.4,6.5],[15.4,6.6],[15.3,6.9],[15.3,7],[15.3,7.3],[15,7.2],[14.7,7.7]]]]}},{"type":"Feature","properties":{},"geometry":{"type":"MultiPolygon","coordinates":[[[[12,4.1],[12,4.3],[13.1,5],[13.5,5.9],[13.7,5.8],[14,5.4],[14,4.7],[13.8,4.5],[13.7,4.4],[13.3,4.1],[13.2,4],[12.9,3.9],[13,3.6],[12.8,3.5],[12.5,3.3],[12.4,3.4],[12.3,3.7],[11.9,3.4],[12.1,3.9],[11.8,3.9],[12.1,4],[12,4.1]]]]}},{"type":"Feature","properties":{},"geometry":{"type":"MultiPolygon","coordinates":[[[[20,6.9],[20,6.8],[19.9,6.7],[20,6.9]]]]}},{"type":"Feature","properties":{},"geometry":{"type":"MultiPolygon","coordinates":[[[[23.9,12],[24.2,11.9],[24.1,11.8],[24.1,11.9],[23.9,12]]]]}},{"type":"Feature","properties":{},"geometry":{"type":"MultiPolygon","coordinates":[[[[-47,-67.5],[-46.4,-70.8],[-51.8,-70.2],[-50.7,-69.3],[-50.6,-67.9],[-51,-66.5],[-51.3,-65.2],[-51.5,-64.4],[-49.2,-63.8],[-48.5,-64.1],[-47,-63.6],[-45.7,-63],[-44.5,-62.6],[-43.1,-63.4],[-43.9,-64.9],[-45.5,-66],[-47,-67.5]]]]}},{"type":"Feature","properties":{},"geometry":{"type":"MultiPolygon","coordinates":[[[[-25.5,-52.4],[-27.5,-53.3],[-29.4,-55.5],[-30.4,-56.2],[-32.1,-56],[-30.1,-54.6],[-28.1,-52.9],[-25.7,-51.8],[-23.8,-51.4],[-23.8,-51.5],[-25.5,-52.4]]]]}},{"type":"Feature","properties":{},"geometry":{"type":"MultiPolygon","coordinates":[[[[-4.6,-37.9],[-5.8,-39],[-6.1,-39.2],[-6.4,-39.1],[-6.5,-39.3],[-7.2,-39.9],[-8.3,-40.4],[-9.3,-39.4],[-10.8,-37.5],[-12.9,-37.3],[-14.1,-36.7],[-11.1,-36.7],[-7.7,-37.7],[-4.6,-37.9]]]]}},{"type":"Feature","properties":{},"geometry":{"type":"MultiPolygon","coordinates":[[[[25.6,-61.9],[24.5,-62.4],[25,-63.2],[25.3,-63.6],[24.2,-64],[24.3,-64.2],[24.2,-64.5],[23.6,-64.7],[23.7,-65.4],[23.3,-65.6],[23.6,-65.5],[23.2,-66.2],[23.3,-66.5],[23.6,-66.8],[24.2,-67],[24.1,-67.2],[24,-67.4],[23.6,-67.8],[22.8,-68.6],[22,-69],[22,-69.2],[21.7,-69.4],[21.5,-69.4],[21,-69.9],[20.6,-70.4],[20.6,-70.6],[19.8,-70.9],[20.2,-71],[19.6,-71.2],[19.3,-71.4],[18.8,-71.6],[18,-71.7],[15.4,-72],[15,-72],[14.9,-72.2],[12.7,-72.2],[10.8,-72.1],[8.9,-72],[8.6,-71.9],[4.7,-71.9],[3.8,-71.9],[2.3,-71.9],[1.2,-72.1],[-2.2,-71.9],[-4.4,-71.7],[-2.4,-70.8],[3.6,-68.9],[7.4,-68],[8.3,-67],[9.2,-66.4],[10.6,-65.9],[13.8,-64.8],[16.9,-63.7],[19.3,-62.1],[19.5,-60.8],[22.2,-58.3],[24.4,-61.3],[25.6,-61.9]]]]}},{"type":"Feature","properties":{},"geometry":{"type":"MultiPolygon","coordinates":[[[[25.7,-62.8],[25.9,-63],[25.3,-62.7],[25.8,-62.6],[25.7,-62.8]]]]}},{"type":"Feature","properties":{},"geometry":{"type":"MultiPolygon","coordinates":[[[[-3.6,16.7],[-3.6,16.9],[-3.6,17.1],[-3.6,16.7]]]]}},{"type":"Feature","properties":{},"geometry":{"type":"MultiPolygon","coordinates":[[[[65.3,-55.9],[59.8,-55.8],[56.9,-56.5],[54.5,-57],[55.8,-54.7],[65.1,-54],[67.4,-55],[65.3,-55.9]]]]}},{"type":"Feature","properties":{},"geometry":{"type":"MultiPolygon","coordinates":[[[[76,-64.4],[69,-64],[65.4,-62],[59.6,-61.4],[55,-59.9],[52.4,-57.1],[52,-56.4],[52.8,-56.4],[54.5,-57],[58.9,-59.3],[64.1,-60.5],[71.9,-61.9],[77.5,-63.3],[76,-64.4]]]]}},{"type":"Feature","properties":{},"geometry":{"type":"MultiPolygon","coordinates":[[[[5.7,-22.6],[4.5,-23.4],[3.5,-23.9],[3.2,-22.9],[4.5,-21.6],[5.9,-21],[5.7,-22],[5.7,-22.6]]]]}},{"type":"Feature","properties":{},"geometry":{"type":"MultiPolygon","coordinates":[[[[-55.9,-47.1],[-58.3,-49.8],[-58.9,-47.3],[-57.5,-45.8],[-55,-45],[-55.9,-47.1]]]]}},{"type":"Feature","properties":{},"geometry":{"type":"MultiPolygon","coordinates":[[[[33.5,-29],[33.2,-28.9],[33,-29.3],[32,-28.9],[31.7,-27.8],[31.8,-27.4],[31.9,-26.9],[32.2,-26.5],[32.5,-26.8],[33.4,-27.1],[33.7,-27.8],[33.6,-28.4],[33.5,-29]]]]}},{"type":"Feature","properties":{},"geometry":{"type":"MultiPolygon","coordinates":[[[[-5.2,-66],[-2.2,-68.2],[-7.2,-70.4],[-9.9,-70.1],[-12.6,-69.3],[-16.2,-68.7],[-18.5,-68.1],[-21.2,-67.3],[-20.3,-65.9],[-16.8,-65.4],[-12.8,-65.7],[-10.1,-66.1],[-7.1,-66.4],[-6,-65.8],[-5.2,-66]]]]}},{"type":"Feature","properties":{},"geometry":{"type":"MultiPolygon","coordinates":[[[[58.3,-39.2],[58.5,-40.6],[57.8,-41.3],[57.1,-41.7],[56.5,-42.4],[55.3,-43.3],[54.2,-44.1],[53.2,-44.8],[52.6,-45.1],[52.2,-44.9],[54.8,-40.5],[58.3,-39.2]]]]}},{"type":"Feature","properties":{},"geometry":{"type":"MultiPolygon","coordinates":[[[[95.1,-60.8],[93.2,-61.6],[86.9,-63.7],[82.3,-65.1],[81.4,-65.8],[81.1,-65.6],[80.4,-65.6],[80.1,-65.6],[80.4,-65.4],[79.9,-65.4],[79.3,-65.6],[79.1,-65.4],[78.8,-65.6],[78.2,-65.5],[78,-65.3],[77.7,-65.6],[77.4,-65.5],[77.4,-65.1],[77,-65.1],[76.4,-65.4],[76.1,-65.4],[76.5,-64.8],[75.8,-64.8],[77.2,-62.6],[70,-61.8],[70.2,-60.7],[67.5,-59.6],[65.3,-55.9],[67.4,-55],[69.3,-54.3],[72,-56.9],[74.7,-58.4],[80.3,-60.6],[82.5,-60.9],[88.2,-61.4],[90.6,-61.3],[94.3,-60.5],[95.1,-60.8]]]]}},{"type":"Feature","properties":{},"geometry":{"type":"MultiPolygon","coordinates":[[[[-40,-58.8],[-40.9,-60.1],[-42.5,-61],[-44.4,-61.2],[-43.8,-60.9],[-42.3,-59.8],[-40.4,-58.9],[-40,-58.8]]]]}},{"type":"Feature","properties":{},"geometry":{"type":"MultiPolygon","coordinates":[[[[18,-43.2],[19.1,-46.6],[16,-48.1],[11.2,-45.1],[6.7,-41],[5.5,-38.8],[10.2,-40.3],[14.1,-41],[18,-43.2]]]]}},{"type":"Feature","properties":{},"geometry":{"type":"MultiPolygon","coordinates":[[[[43.2,-55.2],[43,-55.2],[43.2,-55.4],[43.4,-55.5],[43.6,-55.8],[41.9,-56.4],[39.8,-57.9],[37.3,-59.2],[33.5,-59.8],[32.7,-62.1],[31.7,-63.2],[28.1,-65.2],[26.9,-66.7],[26.3,-66.4],[25.9,-65.1],[26.7,-64.6],[26.6,-63.4],[27.1,-63],[27.7,-62.9],[28.4,-62.6],[29.4,-62.2],[30.8,-61.6],[31,-61.2],[31.2,-60.3],[32.7,-58.5],[34.6,-58],[35.1,-58],[35.4,-57.9],[36,-58.1],[36.4,-58],[36.7,-58.2],[36.6,-58],[37.3,-57.8],[37.6,-58],[38.2,-58],[38.8,-57.5],[39.1,-57.4],[39.5,-57.1],[40.2,-56.9],[40.3,-56.9],[40.1,-56.6],[40.2,-56.3],[40.5,-56.3],[40.8,-56.6],[41.3,-56.2],[42.3,-55.8],[42,-55.3],[42.9,-55.1],[43.2,-55.2]]]]}},{"type":"Feature","properties":{},"geometry":{"type":"MultiPolygon","coordinates":[[[[33.9,-66.3],[33.4,-66.5],[32.3,-67.1],[31.3,-67.1],[28.3,-67.2],[27,-66.7],[27.5,-65.5],[30.9,-64.2],[32.9,-63],[33,-63.9],[33.9,-66.3]]]]}},{"type":"Feature","properties":{},"geometry":{"type":"MultiPolygon","coordinates":[[[[43.9,-58],[43.9,-58.1],[44,-58.3],[44.2,-58.5],[43.2,-58.9],[42.6,-58.9],[42.3,-59.7],[41.5,-60.3],[40.9,-61.3],[40.4,-59.9],[42,-58.3],[42.4,-58.3],[43.9,-58]]]]}},{"type":"Feature","properties":{},"geometry":{"type":"MultiPolygon","coordinates":[[[[37.4,-64],[37,-63.1],[39.4,-62.4],[39.1,-62.8],[37.4,-64]]]]}},{"type":"Feature","properties":{},"geometry":{"type":"MultiPolygon","coordinates":[[[[70,-61.8],[61.8,-60.2],[57.2,-58.7],[56.2,-57.1],[59.1,-55.8],[63.8,-56],[67,-58.6],[69.8,-60.4],[70.7,-61.7],[70,-61.8]]]]}},{"type":"Feature","properties":{},"geometry":{"type":"MultiPolygon","coordinates":[[[[68.7,-53.7],[59.8,-54.6],[54.4,-53.2],[55.8,-51.5],[56.9,-50.4],[58.7,-51.2],[61.7,-51.6],[65.8,-50.9],[67.4,-52.5],[68.7,-53.7]]]]}},{"type":"Feature","properties":{},"geometry":{"type":"MultiPolygon","coordinates":[[[[29.3,-69],[31,-68.9],[30.9,-69.2],[32.9,-69.3],[34.3,-69.5],[35.3,-69.9],[33.6,-69.9],[29.3,-69.1],[29.3,-69]]]]}},{"type":"Feature","properties":{},"geometry":{"type":"MultiPolygon","coordinates":[[[[104.1,-0.3],[105,-0.6],[104.9,-0.6],[104.1,-1.1],[103.5,-0.8],[103.7,-0.6],[104,-0.4],[104.1,-0.3]]]]}},{"type":"Feature","properties":{},"geometry":{"type":"MultiPolygon","coordinates":[[[[104.6,11.7],[101.1,11.5],[97.2,10.7],[95.7,7.9],[95.5,7],[95.7,2.4],[95.4,2.1],[94.5,2.9],[94.1,3.4],[93.7,3.8],[93.2,4.9],[92.5,7.1],[91.6,8.6],[90.6,9.5],[89.9,10],[90.3,10.1],[91.3,10],[92.3,9.9],[93.4,10],[94.3,10.2],[95.4,10.7],[96.4,11.2],[97.6,11.8],[98.6,12.1],[99.9,12.1],[103.7,11.9],[104.6,11.7]]]]}},{"type":"Feature","properties":{},"geometry":{"type":"MultiPolygon","coordinates":[[[[103.3,0.7],[105.7,6.5],[109.3,9.1],[111.7,12.2],[112.5,12.1],[112.1,11.6],[112.1,11.4],[112.3,11.7],[112.5,11.6],[112.4,11.3],[112.2,11.4],[112.2,11.2],[112.5,11.1],[112.2,10.8],[112.6,10.4],[112.3,10.4],[112.2,10.3],[111.8,9.9],[111.9,9.6],[112.1,9.3],[111.9,9],[111.9,8.9],[111.9,8.7],[111.9,8.4],[111.6,8.4],[111.4,8.5],[111.4,8.3],[111.7,8.2],[111.5,8.1],[111.8,8.1],[111.7,7.7],[111.6,7.4],[111.8,7.2],[111.7,7.1],[111.4,7],[111.7,6.9],[111.5,6.7],[111.4,6.9],[111.3,6.6],[111.4,6.5],[111.1,6.5],[111.3,6.3],[111.2,6],[110.9,6],[110.7,5.9],[110.8,5.8],[110.8,5.6],[110.8,5.5],[110.7,5.2],[110.5,5.1],[110.5,4.9],[110.3,4.7],[110,4.7],[110,4.6],[110.1,4.5],[109.7,4.4],[109.8,4.1],[109.6,3.7],[109.3,3.5],[109.2,3.5],[108.8,3.4],[108.6,3.2],[108.6,3.1],[108.4,3.3],[108.2,3],[108,2.9],[108.1,2.9],[108.1,2.6],[107.7,2.8],[107.4,3.1],[107.2,3.1],[107.4,2.9],[107.4,2.8],[107.5,2.6],[107.4,2.3],[107.2,2.2],[107.1,2.3],[106.9,2],[106.5,1.9],[106.4,1.7],[106.1,1.4],[105.8,1.2],[105.4,1.1],[105.2,0.7],[105,0.7],[104.8,0.4],[105,0.2],[104.9,-0.3],[104.8,-0.3],[104.6,0],[104.4,0.2],[104.4,0.6],[104.4,0.8],[104.2,0.7],[104.1,1],[103.9,0.6],[103.8,0.6],[103.5,0.7],[103.3,0.7]]]]}},{"type":"Feature","properties":{},"geometry":{"type":"MultiPolygon","coordinates":[[[[102.3,0],[102.1,-0.3],[101.9,-0.5],[101.6,-0.4],[101.7,-0.6],[101.7,-0.8],[101.7,-1],[100.8,-0.7],[102.3,0]]]]}},{"type":"Feature","properties":{},"geometry":{"type":"MultiPolygon","coordinates":[[[[114,7.4],[113.5,7.4],[113.9,7.6],[114,7.4]]]]}},{"type":"Feature","properties":{},"geometry":{"type":"MultiPolygon","coordinates":[[[[105.9,-0.6],[105.2,-0.5],[105.4,-0.4],[105.9,-0.6]]]]}},{"type":"Feature","properties":{},"geometry":{"type":"MultiPolygon","coordinates":[[[[112,7.3],[111.9,7.2],[111.9,7.4],[112,7.3]]]]}},{"type":"Feature","properties":{},"geometry":{"type":"MultiPolygon","coordinates":[[[[122.1,28.2],[121.2,30.6],[120.1,31.7],[122,33],[125.6,33.4],[126.2,32.1],[124,29.1],[122.1,28.2]]]]}},{"type":"Feature","properties":{},"geometry":{"type":"MultiPolygon","coordinates":[[[[132,34.2],[131.1,33.6],[128.4,34.1],[125.7,34.5],[120.4,34.1],[123.6,35.6],[126,35.6],[127.3,35.1],[128.5,35],[131.8,34.3],[132,34.2]]]]}},{"type":"Feature","properties":{},"geometry":{"type":"MultiPolygon","coordinates":[[[[85.8,42.1],[83.6,41.5],[80.4,40.1],[78.4,39.3],[76.7,37.8],[74.6,36.8],[71,35.9],[68.8,34.6],[69.5,35.8],[70.6,37.3],[75.8,40.1],[79.8,41],[85.8,42.1]]]]}},{"type":"Feature","properties":{},"geometry":{"type":"MultiPolygon","coordinates":[[[[66.6,38.4],[69.8,39.4],[70,36.9],[68.9,34.8],[68.1,33.7],[67.1,31.5],[65.8,30.3],[63.6,29.4],[60.3,29],[59.6,30.8],[60.9,33.6],[61.9,35.3],[63.8,36.9],[66.4,38.1],[66.6,38.4]]]]}},{"type":"Feature","properties":{},"geometry":{"type":"MultiPolygon","coordinates":[[[[2.8,57.5],[1.6,58.1],[2.9,60.9],[-1.4,64.1],[-5.8,64.5],[-10.7,66.3],[-7.2,67.2],[-2.4,69.1],[0.8,70.4],[1.8,70.4],[1.5,69.6],[1,68.7],[0.2,67],[-0.1,66.8],[0.2,66.1],[1.2,65.9],[1.9,65.9],[6.2,65.2],[8.5,63],[5.3,58.3],[4.6,58.1],[4.2,58.5],[3.5,58.1],[2.8,57.5]]]]}},{"type":"Feature","properties":{},"geometry":{"type":"MultiPolygon","coordinates":[[[[16.8,28.5],[17.1,28.4],[17.4,28.4],[17.5,28.5],[17.8,28.4],[18.3,28.5],[18.5,28.4],[18.5,28.6],[19,28.9],[19.3,29.2],[19.1,28.9],[19.3,29],[19.6,29],[19.7,29.1],[20,28.8],[19.9,29.4],[20.2,29.5],[20.3,29.8],[21.8,30.1],[21.8,30.2],[22.2,30.4],[22.8,30.5],[23.9,30.2],[23.8,28.7],[22.5,27.8],[22.2,27.8],[21.6,27.6],[21.2,27.4],[21.8,27.4],[22.1,27.3],[22.3,27.2],[23,27.6],[23.2,27.6],[23.5,27.3],[24,27],[24.3,27],[24.5,26.8],[24.8,26.9],[25.2,27],[25.8,27.4],[25.3,27.8],[24.7,27.5],[24.5,27.9],[25.2,28.1],[25.2,28.2],[26,28.8],[25.6,28.9],[24.8,29.1],[24.4,30.4],[25,30.8],[25.1,31],[24.3,31.4],[24.8,31.8],[26.6,33.1],[31.1,36.2],[33,35.6],[36.2,34.7],[41.4,33],[44.4,31.5],[49.1,29.5],[50.1,29],[50.3,28.9],[50.1,28.3],[51.5,27.3],[50.5,26.3],[47.8,23.9],[48.4,24.6],[47.5,25.3],[46.9,25.5],[46.6,25],[46.5,24.9],[46.3,24.7],[45.9,24.2],[45.9,24],[45.8,23.4],[45.7,23.2],[45.8,23],[46,22.8],[46,22.7],[45.9,22.6],[43.2,20.5],[41.7,19.4],[41.6,16],[41.2,15.3],[41.2,15.6],[41.3,15.7],[41.5,15.9],[41.2,16.7],[41.5,16.9],[40.7,17],[40.9,17.3],[40.9,17.8],[40.7,17.9],[40.4,17.3],[40.1,16.6],[39.9,16.2],[39.7,15.5],[39.7,15.4],[39.5,14.9],[39.6,14.8],[39.8,14.6],[40,14.7],[40.3,14.6],[39.8,14.8],[39.6,15],[40.6,15.1],[41,15.3],[40.8,14.8],[40.8,14.3],[40.5,13.4],[40.1,13.3],[39.3,13.5],[39.2,13.4],[39.1,14],[39.2,14.3],[38.8,14.3],[38.3,13.7],[38.1,13.8],[37.7,13.7],[37.8,13.9],[37.5,13.8],[37.4,13.5],[37.5,12.8],[37.1,12.8],[37.5,12.5],[37.4,12.3],[37.3,12.2],[37.6,12],[37.7,11.8],[37.8,11.1],[37.6,11.3],[37.6,11],[35.5,9.6],[35.8,10.2],[34.8,11.2],[34.5,11.6],[33.9,11.6],[33.7,11.5],[33,11.4],[32.8,11.2],[32.4,11.2],[32,11.2],[31.5,11.2],[30.7,10.8],[29.4,9.8],[28.8,8.9],[28.9,7.8],[28.7,8],[28.4,7.7],[28.1,7.4],[28.2,8.6],[28.1,9.8],[27.6,10.7],[27.2,11.2],[25.6,12.4],[25.4,14],[25.7,14.1],[26.4,14.5],[26.5,14.1],[26.5,14.6],[26.5,15],[26.7,15.6],[25.7,16.4],[25.3,17.4],[26.3,17.6],[26.2,18.6],[25.7,18.8],[25.1,18.9],[24.9,19.1],[24.9,19.6],[25.2,19.9],[25.2,20.1],[25.4,20.3],[25.8,20.6],[26.2,21.3],[26.5,21.7],[26.7,22.2],[25.9,21.9],[25.7,22.2],[25.6,21.9],[25.4,21.6],[25.2,21.5],[25,21.2],[25,21],[24.9,21],[25,20.8],[24.7,20.7],[24.6,20.4],[24.6,20.1],[24.4,19.9],[24.2,19.5],[24.1,19.8],[24,19.6],[24,19.8],[23.7,19.7],[23.2,19.7],[23,19.6],[22.8,19.8],[22.7,20.1],[22.5,20.3],[21.9,20.8],[21.7,20.9],[21.5,21],[21.4,21.3],[21.2,21.6],[21.3,21.7],[21.2,22],[21.3,22.2],[21.2,22.4],[21.3,22.7],[21.2,23],[21.1,23.6],[21.1,23.9],[21,24.1],[20.8,24.3],[20.2,24.2],[20,24.1],[19.9,23.9],[19.8,23.9],[19.5,23.7],[19.8,23.5],[19.7,23.3],[19.6,23.1],[19.5,23],[19.8,22.6],[20.2,22.5],[20.3,22.1],[20.5,21.5],[20.4,21.5],[20.3,21.1],[20.1,20.8],[20.2,20.7],[20.2,20.5],[20.3,20.4],[20.3,20.2],[19.9,20.2],[20.3,19.8],[20.3,19.6],[20.8,19.1],[20.7,19],[20.8,18.9],[20.9,18.8],[21.1,18.6],[21.3,18.4],[21.7,18.5],[22.2,18.4],[22.2,18.3],[22.6,18.3],[22.5,18.1],[22.5,17.6],[22.7,17.7],[22.8,17.6],[22.7,17.6],[22.7,17.3],[22.6,17.2],[22.7,17],[22.5,16.8],[22.6,16.7],[22.6,16.5],[22.6,16.3],[22.8,16.2],[22.9,16],[22.8,15.9],[23.1,15.8],[23,15.6],[23.4,15.2],[23.6,14.9],[23.5,14.2],[23.1,13.9],[23.1,13.4],[22,13.3],[22,13.7],[21.5,13.8],[21.1,14],[20.9,14.3],[20.5,14.8],[20.6,14.7],[20.5,14.4],[20.4,14.8],[20.3,14.7],[20.2,14.8],[19.8,15.2],[19.6,15.2],[19.3,15.4],[19.1,15.8],[19.1,15.4],[19.4,15],[19.4,14.9],[19.1,14.8],[19.1,14.6],[19,14.3],[19,14.2],[18.9,13.7],[18.9,13.5],[18.5,13.2],[18.4,13.2],[18.3,13.3],[18.2,13.2],[17.6,13.2],[17.3,13.6],[17.7,13.7],[17.6,13.7],[17.5,13.9],[17.4,14],[17.4,14.1],[17.3,14.2],[17.2,14.1],[17,14],[17.1,13.8],[16.9,14.1],[16.9,14.2],[17.2,14.6],[16.9,14.4],[17,14.7],[17.2,14.8],[17.1,15.2],[16.8,14.9],[16.9,14.5],[16.7,14.4],[16.7,14.6],[16.6,14.6],[16.5,14.8],[16.5,15.2],[16.2,14.9],[16.4,15],[16.3,15.3],[16.1,15.1],[16.2,15.3],[16.5,15.5],[16.8,15.8],[17,15.7],[16.9,15.9],[16.8,16.3],[16.8,16],[16.5,15.8],[16.4,15.7],[16,15.4],[15.9,15.5],[15.9,15.7],[15.8,15.8],[15.8,15.9],[15.7,15.9],[15.8,16.1],[16,16.2],[16.3,16.4],[15.7,16.1],[15.7,16.2],[15.7,16.3],[15.8,16.4],[15.9,16.5],[16.1,16.6],[16,16.9],[16.2,16.6],[16,16.9],[15.7,16.9],[16,17],[16.1,17.1],[16.1,17.2],[16.4,17.4],[15.9,17.2],[15.8,17.4],[16.1,17.5],[16.2,17.7],[16.4,17.6],[16.4,17.7],[16.3,17.7],[16.5,18.1],[16.3,18.1],[16.3,18.3],[16.5,18.3],[16.4,18.5],[16.9,18.5],[17,18.8],[17.1,19.2],[16.8,19.3],[16.9,19],[16.6,18.6],[16.5,18.7],[16.5,19],[16.3,19],[16.4,19.2],[16.4,19.4],[16.5,19.6],[16.7,19.5],[16.6,19.8],[16.6,20.1],[16.4,19.9],[16.5,20.1],[16.4,20.1],[16.7,20.5],[16.6,20.6],[16.5,20.7],[16.3,20.8],[16.5,20.8],[16.4,20.8],[16.3,21],[16.2,21.2],[16.2,21.3],[16.4,21.6],[16.4,21.7],[16.3,21.7],[15.9,21.8],[16.2,21.9],[16,21.9],[16,22.1],[15.8,22.2],[15.9,22.4],[16,22.5],[16.2,22.7],[16.3,22.9],[16,22.8],[16,23],[15.9,23],[16.2,23],[16.2,23.3],[16,23.2],[15.8,23.4],[15.8,23.2],[15.6,23.3],[15.9,23.5],[15.6,23.5],[15.7,23.8],[16,23.7],[16,23.8],[16,23.9],[15.7,23.9],[15.9,24.1],[16.2,24.4],[15.9,24.3],[15.7,24.3],[16,24.5],[15.8,24.6],[15.7,24.7],[15.6,25],[15.7,25.3],[15.6,25.3],[16,25.4],[15.9,25.4],[15.7,25.6],[15.7,25.9],[15.9,25.7],[16,25.9],[16.2,25.9],[16,26.2],[16.1,26.2],[16.4,26.4],[16.2,26.6],[15.8,26.5],[16,26.6],[16.1,26.7],[16.3,26.9],[16.5,26.8],[16.3,27],[16.3,27.1],[16.2,27.6],[16.1,27.7],[16.2,28],[16.5,28.1],[16.7,27.7],[17,27.4],[16.8,28.2],[17,28.1],[16.9,28.3],[16.8,28.5]]]]}},{"type":"Feature","properties":{},"geometry":{"type":"MultiPolygon","coordinates":[[[[19.9,13],[20.2,13.7],[20.1,13.2],[19.9,13]]]]}},{"type":"Feature","properties":{},"geometry":{"type":"MultiPolygon","coordinates":[[[[23.9,16.7],[24,16.4],[24.2,16.1],[24.1,15.7],[23.9,15.9],[23.9,16.6],[23.9,16.7]]]]}},{"type":"Feature","properties":{},"geometry":{"type":"MultiPolygon","coordinates":[[[[24.9,18.5],[25.2,18.3],[25.2,17.9],[25.1,18],[24.7,18.2],[24.8,18.4],[24.9,18.5]]]]}},{"type":"Feature","properties":{},"geometry":{"type":"MultiPolygon","coordinates":[[[[15.2,24.3],[15.4,24.1],[15.4,24.3],[15.7,24.2],[15.5,23.9],[15.4,23.6],[15.3,23.9],[15.2,24.1],[15.2,24.3]]]]}},{"type":"Feature","properties":{},"geometry":{"type":"MultiPolygon","coordinates":[[[[15.2,25.2],[15.3,25.3],[15.6,25.2],[15.5,24.9],[15.4,24.8],[15.3,24.9],[15.3,25],[15.4,25.1],[15.2,25.2]]]]}},{"type":"Feature","properties":{},"geometry":{"type":"MultiPolygon","coordinates":[[[[24.8,18.7],[24.8,18.5],[24.6,18.7],[24.8,18.9],[24.8,18.7]]]]}},{"type":"Feature","properties":{},"geometry":{"type":"MultiPolygon","coordinates":[[[[14.9,24.2],[15.1,23.8],[15,23.9],[14.9,23.9],[15.1,23.9],[14.9,24.2]]]]}},{"type":"Feature","properties":{},"geometry":{"type":"MultiPolygon","coordinates":[[[[22.8,19],[22.9,18.7],[22.8,18.7],[22.7,18.8],[22.8,19]]]]}},{"type":"Feature","properties":{},"geometry":{"type":"MultiPolygon","coordinates":[[[[15.9,27.5],[15.9,27],[15.7,27],[15.7,27.1],[15.9,27.4],[15.8,27.5],[15.9,27.5]]]]}},{"type":"Feature","properties":{},"geometry":{"type":"MultiPolygon","coordinates":[[[[15.6,25.6],[15.5,25.4],[15.3,25.5],[15.4,25.7],[15.6,25.6]]]]}},{"type":"Feature","properties":{},"geometry":{"type":"MultiPolygon","coordinates":[[[[16.1,27.4],[16.2,27],[16.1,27.2],[16.1,27.4]]]]}},{"type":"Feature","properties":{},"geometry":{"type":"MultiPolygon","coordinates":[[[[23.8,19.9],[23.8,19.5],[23.7,19.6],[23.8,19.9]]]]}},{"type":"Feature","properties":{},"geometry":{"type":"MultiPolygon","coordinates":[[[[15.3,23.7],[15.2,23.3],[15.2,23.7],[15.3,23.7]]]]}},{"type":"Feature","properties":{},"geometry":{"type":"MultiPolygon","coordinates":[[[[16.1,28.3],[16.4,28.3],[16.1,28.1],[16.1,28.3]]]]}},{"type":"Feature","properties":{},"geometry":{"type":"MultiPolygon","coordinates":[[[[15.1,23.4],[15.1,23.3],[14.9,23.3],[15.1,23.4]]]]}},{"type":"Feature","properties":{},"geometry":{"type":"MultiPolygon","coordinates":[[[[23.8,38.3],[24.8,39.2],[25.1,39.7],[25.9,40.2],[26.8,39.9],[28.8,38.1],[31.1,36.2],[26.6,33.1],[24.7,32.8],[24.5,33.1],[24.5,33.2],[24.7,33.3],[24.4,33.3],[24.4,33.6],[24.4,33.8],[24.2,34.2],[24.2,34.4],[24.2,34.7],[24.3,34.7],[24.4,34.6],[24.4,34.7],[24.4,34.8],[24.2,34.9],[24.1,34.8],[24,35.3],[24.3,35.3],[24.4,35.3],[24.7,35.2],[24.6,35.2],[24.6,35.1],[24.6,35],[24.7,34.9],[24.8,35.3],[25,35.5],[24.8,35.6],[24.7,35.9],[24.6,36.1],[24.8,36.3],[24.7,36.7],[24.7,36.8],[24.6,36.9],[24.8,36.9],[24.6,37.2],[24.7,37.2],[24.9,37.3],[25.3,37.4],[25.1,37.5],[25,37.9],[24.2,37.8],[24,37.7],[23.7,38],[23.8,38.3]]]]}},{"type":"Feature","properties":{},"geometry":{"type":"MultiPolygon","coordinates":[[[[22.8,32],[23.2,32.6],[23.3,32.6],[23.5,32.6],[24,32.5],[24.5,31.9],[23.4,31.7],[23.4,31.8],[22.9,31.9],[22.7,32],[22.8,32]]]]}},{"type":"Feature","properties":{},"geometry":{"type":"MultiPolygon","coordinates":[[[[17,28.6],[16.7,28.5],[16.7,28.7],[17,28.8],[17,28.6]]]]}},{"type":"Feature","properties":{},"geometry":{"type":"MultiPolygon","coordinates":[[[[18.1,28.9],[17.4,28.9],[17.6,29.1],[18,29.1],[18.1,28.9]]]]}},{"type":"Feature","properties":{},"geometry":{"type":"MultiPolygon","coordinates":[[[[24.3,33.3],[24.7,33.3],[24.5,33.2],[24.3,33.3]]]]}},{"type":"Feature","properties":{},"geometry":{"type":"MultiPolygon","coordinates":[[[[23,34.3],[23.4,34],[23.4,33.6],[22.6,33.8],[23,34.3]]]]}},{"type":"Feature","properties":{},"geometry":{"type":"MultiPolygon","coordinates":[[[[22.8,37.6],[23.8,37.7],[23.4,37.4],[23.1,37.4],[22.8,37.6]]]]}},{"type":"Feature","properties":{},"geometry":{"type":"MultiPolygon","coordinates":[[[[-48.6,-63.6],[-50.4,-63.9],[-51.4,-64.6],[-51,-65.6],[-50.6,-66.9],[-50.6,-68.1],[-51,-69.7],[-52.1,-70],[-53.4,-69],[-53.4,-67.1],[-53.6,-66],[-54.3,-65.4],[-54.6,-64.9],[-55.4,-64],[-54.6,-63.6],[-54,-63.3],[-54.4,-62.9],[-51.9,-62.5],[-51.7,-62.4],[-50.5,-62.7],[-46.2,-61.5],[-46.5,-62.5],[-47,-63.2],[-47.9,-63.3],[-48.6,-63.6]]]]}},{"type":"Feature","properties":{},"geometry":{"type":"MultiPolygon","coordinates":[[[[16.6,-48.8],[19.4,-51],[18.7,-51.7],[16.5,-52.1],[14.5,-52.6],[14,-52.5],[13.5,-52.3],[13.9,-52.1],[12.9,-51.5],[12.7,-51.5],[11.8,-51.8],[10.3,-51.4],[9.4,-50.9],[9,-48.9],[9,-47.1],[7.2,-45.7],[6,-44.4],[12.5,-45.6],[16.6,-48.8]]]]}},{"type":"Feature","properties":{},"geometry":{"type":"MultiPolygon","coordinates":[[[[20.8,-54.7],[20.6,-54.6],[20.2,-54.5],[20.2,-54.4],[19.9,-54.3],[19.5,-54.4],[18.8,-54.3],[18.7,-54.2],[18.3,-54.2],[18.1,-54.1],[17.5,-54.1],[16.6,-54.6],[16.7,-54.9],[15.2,-56],[15.1,-56.2],[15.3,-56.3],[15.8,-56.4],[16.3,-56.2],[16.8,-56.5],[16.8,-56.9],[16.4,-57.1],[16.9,-56.8],[17.9,-57],[18.8,-56.7],[17.9,-56.4],[18.5,-56.4],[18.9,-56.4],[19.1,-56.2],[19.5,-56.2],[20.2,-55.9],[20.3,-55.6],[21.1,-55.5],[22.2,-58.3],[18.4,-60.3],[17,-62.1],[13,-62.3],[11.1,-61.7],[10.3,-59.4],[10.9,-57.6],[14.7,-56],[15.4,-55.1],[16.4,-54.2],[15.2,-53.4],[16.5,-52.1],[16.3,-52.5],[18.3,-52.1],[20,-51.6],[20.8,-54.7]]]]}},{"type":"Feature","properties":{},"geometry":{"type":"MultiPolygon","coordinates":[[[[11.8,-62.9],[11.5,-63.4],[10.8,-64.3],[10.6,-63.7],[9.8,-62.4],[8.7,-59.4],[8.5,-58.6],[8.8,-58.1],[11.8,-62.9]]]]}},{"type":"Feature","properties":{},"geometry":{"type":"MultiPolygon","coordinates":[[[[29.7,-27.1],[29.5,-30.9],[24.6,-30.1],[19.8,-32.3],[16.1,-33.3],[15.6,-30.8],[19.8,-26.2],[24.3,-25.7],[29.7,-27.1]]]]}},{"type":"Feature","properties":{},"geometry":{"type":"MultiPolygon","coordinates":[[[[44.9,-53.6],[44.3,-50.1],[46.4,-46.9],[48.9,-46.7],[50.3,-46.5],[50.1,-47.3],[50.2,-47.7],[49.8,-48],[49.1,-49.4],[47.1,-51.5],[44.9,-53.6]]]]}},{"type":"Feature","properties":{},"geometry":{"type":"MultiPolygon","coordinates":[[[[13.7,-41.2],[9.8,-40.5],[5.1,-39.1],[9.2,-39.7],[13.7,-41.2]]]]}},{"type":"Feature","properties":{},"geometry":{"type":"MultiPolygon","coordinates":[[[[18,-43.2],[14.1,-41],[17.5,-42.1],[18,-43.2]]]]}},{"type":"Feature","properties":{},"geometry":{"type":"MultiPolygon","coordinates":[[[[-11.1,-10],[-10.6,-8.3],[-9,-7.7],[-5.1,-8.7],[-0.6,-11.1],[1.6,-13.4],[1.2,-14.8],[-0.9,-13.1],[-5.7,-12.2],[-10.1,-11.2],[-11.1,-10]]]]}},{"type":"Feature","properties":{},"geometry":{"type":"MultiPolygon","coordinates":[[[[2.1,-33.4],[-1.9,-33.9],[-7,-33.5],[-7.4,-32.7],[-8,-32.5],[-10.2,-31.2],[-10.8,-31.1],[-11.2,-30.4],[-10.4,-30.2],[-8.9,-29.2],[-5,-27.9],[-3.3,-29],[-1.5,-29.6],[0.2,-29.7],[1.4,-30.8],[1.8,-32.8],[2.1,-33.4]]]]}},{"type":"Feature","properties":{},"geometry":{"type":"MultiPolygon","coordinates":[[[[-29.8,-34.1],[-29.8,-38],[-34.3,-38.2],[-37.1,-36.5],[-38.9,-32.6],[-41.9,-27.6],[-42.6,-22.3],[-43.2,-19.1],[-41,-16.7],[-38,-17.4],[-37.7,-20.8],[-36.3,-25.9],[-34.7,-27.6],[-33.9,-29.3],[-32.9,-29.2],[-35.2,-29],[-33.7,-31.5],[-30.3,-33.4],[-29.8,-34.1]]]]}},{"type":"Feature","properties":{},"geometry":{"type":"MultiPolygon","coordinates":[[[[-20.1,-31.7],[-21.9,-33.4],[-23.4,-35.5],[-27.5,-35.4],[-26.7,-32.9],[-29.8,-29.7],[-31.6,-25.3],[-30.7,-22.5],[-28.2,-21.5],[-25.5,-23.6],[-23.8,-27.6],[-20.9,-31.5],[-20.1,-31.7]]]]}},{"type":"Feature","properties":{},"geometry":{"type":"MultiPolygon","coordinates":[[[[-29.8,-38],[-29.8,-34.1],[-27.9,-35],[-26.1,-35.8],[-24.3,-36.9],[-26,-38.3],[-29.8,-38]]]]}},{"type":"Feature","properties":{},"geometry":{"type":"MultiPolygon","coordinates":[[[[-14.7,-30.6],[-16.1,-28.2],[-16,-28.4],[-15.7,-28.2],[-15.7,-28.4],[-15.5,-28.5],[-15.4,-28.7],[-15.4,-28.9],[-15.2,-28.9],[-14.9,-28.9],[-15.1,-29.2],[-14.9,-29.3],[-14.7,-29.1],[-14.6,-29.2],[-14.5,-29.3],[-14.4,-29.4],[-14.2,-29.5],[-14.2,-29.6],[-14.3,-29.8],[-14.5,-30],[-14.2,-30],[-14.3,-30.1],[-14.6,-30.4],[-14.7,-30.6]]]]}},{"type":"Feature","properties":{},"geometry":{"type":"MultiPolygon","coordinates":[[[[-12.3,-30.8],[-14.5,-30.7],[-14.2,-30.6],[-14,-30.6],[-13.8,-30.4],[-13.4,-30.4],[-13.2,-30.5],[-13.1,-30.3],[-12.4,-30.7],[-12.3,-30.8]]]]}},{"type":"Feature","properties":{},"geometry":{"type":"MultiPolygon","coordinates":[[[[-13.9,-30.3],[-14.2,-30.5],[-14.2,-30.4],[-14.2,-30.3],[-13.9,-30.3]]]]}},{"type":"Feature","properties":{},"geometry":{"type":"MultiPolygon","coordinates":[[[[-12.6,-37.9],[-15.7,-39.2],[-19.7,-43.1],[-23.7,-43.7],[-23.9,-40.6],[-21.8,-37.8],[-18.3,-37.5],[-14.6,-36.9],[-12.6,-37.9]]]]}},{"type":"Feature","properties":{},"geometry":{"type":"MultiPolygon","coordinates":[[[[-27.2,-14.1],[-29.1,-14],[-31.5,-13.9],[-33.4,-13.8],[-35.2,-15],[-37,-15.6],[-37.8,-16.7],[-41,-16.7],[-43.2,-19.1],[-42.6,-22.3],[-41.9,-27.6],[-38.9,-32.6],[-37.1,-36.5],[-35.8,-40],[-39.9,-39.9],[-43.1,-36.3],[-44.4,-34],[-45.8,-30.7],[-47.6,-28.6],[-48.6,-26.5],[-48.6,-23.4],[-48.5,-20.6],[-47.8,-16.7],[-45.2,-14.2],[-42.5,-13.1],[-39.8,-12.6],[-39.2,-11.5],[-36.4,-10.4],[-36,-10.3],[-35.6,-10.2],[-35.3,-10.2],[-34.9,-10.1],[-34.6,-10.1],[-34.2,-10.1],[-33.8,-10],[-33.6,-10],[-33.1,-10.2],[-31.5,-10.8],[-30.7,-11.6],[-30.3,-11.6],[-29.8,-11.6],[-29.8,-11.5],[-29.1,-11.7],[-27.6,-12.2],[-28.5,-12],[-28.5,-12.5],[-28.3,-12.9],[-27.8,-13],[-27.3,-13.5],[-27,-13.9],[-27.3,-14.1],[-27.2,-14.1]]]]}},{"type":"Feature","properties":{},"geometry":{"type":"MultiPolygon","coordinates":[[[[-26.8,-12.6],[-26.9,-13],[-27.3,-12.7],[-26.8,-12.5],[-26.8,-12.6]]]]}},{"type":"Feature","properties":{},"geometry":{"type":"MultiPolygon","coordinates":[[[[-45.4,-56.2],[-45.7,-55.9],[-44.1,-53],[-44.9,-50.8],[-43.7,-50.9],[-42.7,-52.4],[-42.1,-52.8],[-41,-54.2],[-45.4,-56.2]]]]}},{"type":"Feature","properties":{},"geometry":{"type":"MultiPolygon","coordinates":[[[[2.4,5.9],[1,5.6],[0.3,5.7],[1.8,6.7],[1.8,6.6],[2,6.7],[2,6.5],[2.3,6.3],[2.6,6.5],[2.6,6.3],[2.9,6],[2.4,6],[2.4,5.9]]]]}},{"type":"Feature","properties":{},"geometry":{"type":"MultiPolygon","coordinates":[[[[1.8,6.8],[0.2,7.1],[0,8.4],[-0.1,10.2],[-0.2,11.3],[-0.3,12.3],[0,12.3],[0,12.2],[-0.1,12],[0,12],[0,11.9],[0.1,11.7],[-0.1,11.5],[0,11.4],[0.2,11.3],[0.3,11.1],[0,11],[0.2,11],[0.3,10.8],[0.4,10.8],[0.2,10.4],[0,10.3],[0.4,10.4],[0.5,10.2],[0.2,10.1],[0.2,9.9],[0.6,10],[0.4,9.8],[0.6,9.8],[0.8,9.6],[0.8,9.5],[0.5,9.3],[0.7,9.1],[0.8,9],[1,8.7],[0.6,8.5],[0.7,8.4],[0.6,8.3],[0.4,8.2],[0.7,8.1],[0.7,7.9],[0.7,7.8],[0.9,7.7],[1.1,7.3],[1.3,7.3],[1.3,7.2],[1.1,6.9],[1.4,7],[1.6,7],[1.7,6.9],[1.8,6.8]]]]}},{"type":"Feature","properties":{},"geometry":{"type":"MultiPolygon","coordinates":[[[[-9.9,-4.8],[-10.2,-4.8],[-10.8,-5],[-11,-5],[-11,-5.4],[-11.9,-5.6],[-12.3,-5.6],[-13,-5.9],[-12.7,-5.7],[-12.9,-5.8],[-13,-5.8],[-13.1,-5.9],[-13.2,-5.9],[-13.3,-6],[-13.6,-6.2],[-13.9,-6.3],[-14.8,-6.8],[-17,-7.6],[-19.2,-8.6],[-21,-9],[-23.1,-9.1],[-21.9,-7.8],[-19.5,-6.5],[-15.9,-5],[-13.3,-4],[-10.5,-3.6],[-9.2,-3.3],[-9.9,-4.8]]]]}},{"type":"Feature","properties":{},"geometry":{"type":"MultiPolygon","coordinates":[[[[-10,-5.2],[-11,-5.2],[-10.7,-5.1],[-10.5,-5],[-10,-5.1],[-10,-5.2]]]]}},{"type":"Feature","properties":{},"geometry":{"type":"MultiPolygon","coordinates":[[[[-26,-8.5],[-28.5,-7.4],[-26.6,-9.5],[-26.9,-9.5],[-27.5,-9.3],[-27,-9.5],[-27.1,-9.8],[-26.9,-9.8],[-26.8,-10],[-27,-9.9],[-27.1,-9.9],[-27.2,-10],[-27.2,-10.3],[-27,-10.6],[-27.1,-10.8],[-27.3,-10.6],[-27.4,-10.3],[-27.4,-10.1],[-27.6,-9.8],[-27.9,-10.2],[-28,-10],[-28.2,-10],[-28.5,-9.7],[-28.5,-9.4],[-28.7,-9.3],[-28.9,-9],[-29,-8.8],[-29.3,-8.9],[-30.3,-8],[-30.4,-8],[-30.9,-7.9],[-31.1,-7.6],[-31.3,-7.6],[-31.3,-7.9],[-31.7,-8],[-32.5,-8],[-32.7,-7.9],[-32.8,-7.8],[-32.8,-7.7],[-32.9,-7.6],[-33.2,-7.9],[-33.2,-7.8],[-33.5,-7.9],[-33.7,-7.8],[-33.8,-7.9],[-34.1,-7.9],[-34.1,-8.1],[-34.3,-8.2],[-34.4,-8.2],[-34.6,-8.2],[-34.6,-8.6],[-34.7,-9],[-34.8,-9.2],[-34.9,-9.6],[-35.7,-10.2],[-35.5,-9.8],[-35.6,-9.8],[-35.8,-10],[-35.9,-10.3],[-36.2,-10.4],[-36.4,-10.3],[-37.7,-7.9],[-39.5,-6.9],[-39.4,-5.4],[-38.4,-3.6],[-37.7,-3.7],[-37.1,-3.4],[-36.6,-3.2],[-35.9,-4],[-35.7,-4],[-35.4,-4.6],[-35.2,-5.1],[-34.5,-5.7],[-33.9,-6],[-33.6,-6.3],[-32.8,-6.6],[-31.2,-5.2],[-29.3,-3.6],[-27.6,-3.8],[-26.2,-7.9],[-26,-8.5]]]]}},{"type":"Feature","properties":{},"geometry":{"type":"MultiPolygon","coordinates":[[[[-0.8,11.5],[-0.9,11.2],[-0.8,11.3],[-0.8,11.5]]]]}},{"type":"Feature","properties":{},"geometry":{"type":"MultiPolygon","coordinates":[[[[-0.8,11.1],[-0.6,10.1],[-0.5,8.2],[-0.3,5.9],[-0.6,5.3],[-1.8,5.9],[-1.8,6.1],[-1.4,6.2],[-0.7,5.9],[-0.6,6],[-0.5,6.1],[-0.9,6.2],[-1.2,6.6],[-1.3,6.4],[-1.5,6.3],[-1.6,6.9],[-1.5,6.2],[-1.9,6.3],[-2.2,6.8],[-2.1,7.5],[-2.6,9.1],[-2.7,10.9],[-2.8,11.5],[-2.4,11.3],[-2.5,10.6],[-2.4,10.6],[-2,10.7],[-1.7,10.8],[-1.3,11.1],[-1.3,10.6],[-1.1,11.1],[-0.8,11.1]]]]}},{"type":"Feature","properties":{},"geometry":{"type":"MultiPolygon","coordinates":[[[[-1.9,6],[-2,6.4],[-1.9,6.2],[-1.9,6]]]]}},{"type":"Feature","properties":{},"geometry":{"type":"MultiPolygon","coordinates":[[[[-1.8,15.9],[-2.1,15.9],[-2,15.2],[-1.8,15.2],[-1.7,15],[-1.7,14.9],[-1.6,14.7],[-1.6,14.6],[-1.9,14.1],[-2.1,14.3],[-2.4,14.6],[-2.5,14.7],[-2.7,14.9],[-2.8,15],[-2.8,15.2],[-2.8,15.4],[-3.3,15.6],[-3.2,15.7],[-3.3,15.8],[-3.4,15.8],[-3.5,16],[-3.5,16.2],[-3.3,16.2],[-3.2,16.3],[-3.3,16.4],[-3.4,16.5],[-3.6,16.5],[-2.6,16.8],[-1.8,15.9]]]]}},{"type":"Feature","properties":{},"geometry":{"type":"MultiPolygon","coordinates":[[[[6.9,-34.5],[7,-34.4],[8.5,-31.9],[9.6,-29.1],[12.1,-30.6],[13.9,-33.8],[10.2,-35.7],[6.9,-35.8],[6.9,-34.5]]]]}},{"type":"Feature","properties":{},"geometry":{"type":"MultiPolygon","coordinates":[[[[-18.5,-25.5],[-18.8,-23.8],[-18.9,-22.6],[-18.4,-19.3],[-17.2,-18.7],[-14.8,-20.9],[-15,-24.1],[-17.8,-25.4],[-18.5,-25.5]]]]}},{"type":"Feature","properties":{},"geometry":{"type":"MultiPolygon","coordinates":[[[[-30.9,-20.1],[-33.7,-17.7],[-31.4,-16.5],[-27.7,-18.6],[-28.5,-20.2],[-30.9,-20.1]]]]}},{"type":"Feature","properties":{},"geometry":{"type":"MultiPolygon","coordinates":[[[[21.7,-49.9],[18.2,-50],[16.9,-48.4],[20.2,-46.6],[21.7,-49.9]]]]}},{"type":"Feature","properties":{},"geometry":{"type":"MultiPolygon","coordinates":[[[[2.9,-43],[0.9,-42.4],[1.2,-41.9],[0.2,-41.9],[-0.1,-41.9],[-1.3,-41.8],[-2.2,-41.5],[-2.3,-41],[-3.8,-39],[-3.5,-37.6],[-2.9,-38.2],[-2.5,-38.8],[-1.7,-39.6],[-0.9,-40.7],[0.2,-41.3],[0.7,-41.5],[1.6,-41.2],[2.9,-43]]]]}},{"type":"Feature","properties":{},"geometry":{"type":"MultiPolygon","coordinates":[[[[7.2,-22.5],[6.3,-23.4],[6.4,-22.7],[6.8,-22.1],[7.5,-21.3],[8.2,-20.8],[8,-21.4],[7.7,-22.1],[7.2,-22.5]]]]}},{"type":"Feature","properties":{},"geometry":{"type":"MultiPolygon","coordinates":[[[[18.4,-62.7],[14.7,-62.7],[17,-62.1],[18.4,-60.3],[22.2,-58.3],[19.5,-60.8],[19.3,-62.1],[18.4,-62.7]]]]}},{"type":"Feature","properties":{},"geometry":{"type":"MultiPolygon","coordinates":[[[[-38.1,-0.1],[-40.4,0.3],[-41.6,1.1],[-42.2,3.1],[-42.2,3.9],[-41.8,4],[-41,4.6],[-40,4],[-39.9,2.7],[-39.5,1.8],[-38.3,0.6],[-38.1,-0.1]]]]}},{"type":"Feature","properties":{},"geometry":{"type":"MultiPolygon","coordinates":[[[[14.6,-55.9],[13.3,-56.3],[11,-56.5],[10.7,-55.6],[12.8,-53.7],[16.3,-53.9],[16.1,-54.9],[14.6,-55.9]]]]}},{"type":"Feature","properties":{},"geometry":{"type":"MultiPolygon","coordinates":[[[[-27,-40.6],[-25.6,-39.6],[-25.4,-40.2],[-27.1,-41.1],[-27,-40.6]]]]}},{"type":"Feature","properties":{},"geometry":{"type":"MultiPolygon","coordinates":[[[[-38.4,-3.6],[-39.5,-2.8],[-40.2,-0.9],[-41.1,0.3],[-39,0.2],[-37.9,-0.6],[-37.6,-2.2],[-38.4,-3.6]]]]}},{"type":"Feature","properties":{},"geometry":{"type":"MultiPolygon","coordinates":[[[[30,-26.9],[26,-25.9],[20.9,-25.9],[20.5,-24],[23,-23.8],[27.6,-25.8],[30,-26.9]]]]}},{"type":"Feature","properties":{},"geometry":{"type":"MultiPolygon","coordinates":[[[[25.5,7.4],[26.3,7.3],[27.4,7.4],[27.9,7.5],[28.1,7.5],[27.9,7.3],[27.3,6.7],[26.9,6.3],[26.7,6.2],[26.5,5.9],[26.1,5.5],[25.9,5.3],[25.8,5.1],[25.6,4.8],[25.5,4.7],[25.5,4.3],[25.3,3.7],[24.9,3.3],[23.7,3.1],[21.3,4],[23.3,5.2],[25.1,7.2],[25.5,7.4]]]]}},{"type":"Feature","properties":{},"geometry":{"type":"MultiPolygon","coordinates":[[[[19.4,4.8],[22,3.7],[21.4,2.5],[21.1,2.2],[20.2,1.7],[19.4,1.6],[17.3,1.4],[16.5,1.1],[16.6,1.3],[16.8,1.5],[16.6,1.6],[16.4,1.7],[17,2],[17.2,2.2],[17.6,2.1],[17.9,2.3],[18,2.4],[18.2,2.6],[17.8,3.4],[18.3,3.3],[19.1,3.8],[19,4.2],[19.3,4.4],[19.4,4.7],[19.4,4.8]]]]}},{"type":"Feature","properties":{},"geometry":{"type":"MultiPolygon","coordinates":[[[[24.8,3.3],[24.5,2.4],[24.9,1.6],[25,1.4],[25.4,1.4],[26.1,1.2],[25.8,0.7],[25,-0.2],[24.6,-0.2],[24.5,-0.3],[24.4,-0.4],[23.7,-0.8],[23.6,-1.3],[23.4,-1.4],[23.3,-1.6],[23.1,-1.6],[22.9,-1.7],[22.7,-1.8],[22.4,-1.8],[22.1,-1.8],[21.9,-1.9],[21.7,-2],[21.5,-2.1],[21.2,-2.2],[20.9,-2.2],[20.6,-2.2],[20.4,-2.3],[20.1,-1.2],[20.1,-1.1],[20.4,-0.5],[19.6,0],[19.6,0.2],[19.4,0.4],[18.4,0.9],[18.2,1],[18.2,1.2],[17.8,1.1],[17.8,1.2],[17.6,1.1],[17.6,1.2],[17.4,1.2],[17.1,1.2],[16.8,1],[17.6,1.4],[19.6,1.6],[20.5,1.8],[21.2,2.3],[21.5,2.6],[23.7,3.1],[24.8,3.3]]]]}},{"type":"Feature","properties":{},"geometry":{"type":"MultiPolygon","coordinates":[[[[15.8,-3.1],[15.9,-3.1],[16.2,-3.3],[16.4,-3.6],[16.5,-3.7],[16.8,-3.9],[17,-4],[17.2,-4],[17.4,-4.2],[17.7,-4.4],[17.8,-4.6],[18.1,-4.7],[18.2,-4.8],[18.4,-4.8],[18.6,-4.8],[18.7,-5],[18.7,-5.5],[18.2,-5.9],[16.3,-6.2],[16.3,-6.3],[15,-7.1],[14.5,-8.1],[14,-8],[13.8,-8],[13.6,-8.2],[13.2,-8.1],[12.9,-8.1],[12.7,-8],[12.3,-8],[11.9,-8],[11.6,-8],[11.3,-7.9],[11,-7.8],[10.7,-7.8],[10.5,-7.9],[10.3,-7.9],[10.2,-7.8],[10,-7.9],[9.7,-7.9],[9.5,-7.9],[9.6,-7.6],[9.5,-7.2],[9.3,-6.7],[9,-6.6],[8.5,-6.6],[8.4,-5.4],[8.6,-5],[8.7,-5],[8.4,-4.6],[8.7,-4.7],[8.8,-4.5],[8.7,-4.1],[9.5,-3.6],[10.1,-2.7],[10.7,-1.7],[10.6,-1.5],[10.5,-1.4],[10.7,-1],[10.7,-0.8],[11.1,-0.7],[11.4,-0.9],[11.6,-0.9],[11.8,-0.8],[12.2,-1.1],[12.8,-1.4],[13.4,-1.7],[14.4,-2.3],[14.5,-2.5],[14.8,-2.7],[15.1,-2.8],[15.8,-3.1]]]]}},{"type":"Feature","properties":{},"geometry":{"type":"MultiPolygon","coordinates":[[[[9.5,-7.9],[9.7,-7.9],[10,-7.9],[10.2,-7.8],[10.3,-7.9],[10.5,-7.9],[10.7,-7.8],[11,-7.8],[11.3,-7.9],[11.6,-8],[11.9,-8],[12.3,-8],[12.7,-8],[12.9,-8.1],[13.2,-8.1],[13.6,-8.2],[13.8,-8],[14,-8],[14.5,-8.1],[14.4,-8.1],[13.9,-8.5],[13.4,-8.5],[12.5,-8.8],[11.6,-8.6],[10.2,-8.2],[9.7,-8.4],[9.5,-7.9]]]]}},{"type":"Feature","properties":{},"geometry":{"type":"MultiPolygon","coordinates":[[[[-15,-73.8],[-30.7,-75.5],[-31.3,-75.4],[-31.6,-75.3],[-33.5,-75.1],[-31.4,-74.5],[-30.6,-74.2],[-26.9,-73.8],[-26.4,-73.4],[-27.7,-72.9],[-26.2,-73.3],[-25.6,-72.7],[-24.3,-73.2],[-23.3,-73.3],[-22.5,-72.9],[-21.1,-72.6],[-21.2,-73.2],[-18.6,-73.2],[-17.6,-73.2],[-15.8,-73.4],[-15,-73.8]]]]}},{"type":"Feature","properties":{},"geometry":{"type":"MultiPolygon","coordinates":[[[[-16.8,-72.7],[-17.3,-73.1],[-18,-72.6],[-16.8,-72.7]]]]}},{"type":"Feature","properties":{},"geometry":{"type":"MultiPolygon","coordinates":[[[[27.8,-72.3],[27.6,-72.3],[27.4,-72.3],[27.8,-72.3]]]]}},{"type":"Feature","properties":{},"geometry":{"type":"MultiPolygon","coordinates":[[[[24,-71.3],[23.9,-71.5],[24,-71.6],[23.5,-71.8],[23.3,-72],[24,-71.3]]]]}},{"type":"Feature","properties":{},"geometry":{"type":"MultiPolygon","coordinates":[[[[21.3,-72.9],[19.2,-75.6],[12,-75],[8.3,-74.4],[6,-73.6],[6.9,-73],[7.8,-72.9],[9,-73.5],[11.5,-73.1],[11.2,-73.3],[13.6,-73.1],[16.5,-73.5],[18.2,-73.3],[21.3,-72.9]]]]}},{"type":"Feature","properties":{},"geometry":{"type":"MultiPolygon","coordinates":[[[[3,-72.7],[-7.8,-75.2],[-16.2,-77.6],[-13.5,-73.3],[-6.5,-72.8],[-6,-72.8],[-5.5,-72.4],[-4.1,-72.6],[-3.4,-72.4],[-0.2,-72.8],[1,-72.7],[3,-72.7]]]]}},{"type":"Feature","properties":{},"geometry":{"type":"MultiPolygon","coordinates":[[[[-16.2,-77.6],[-33.9,-76.8],[-32.4,-75.8],[-31.3,-75.4],[-30.7,-75.5],[-15,-73.8],[-15.4,-76.3],[-16.2,-77.6]]]]}},{"type":"Feature","properties":{},"geometry":{"type":"MultiPolygon","coordinates":[[[[-3.4,14.3],[-3.3,14],[-3.1,13.8],[-2.9,13],[-3.2,12.7],[-3.2,12],[-3.5,11],[-3.3,10.2],[-3.3,9.3],[-2.9,8],[-2.7,7.1],[-2.9,6],[-3,5.6],[-3.6,5.4],[-4.1,5.3],[-4.8,5.2],[-5.7,5],[-6.2,5],[-6.8,4.5],[-7,3],[-7.6,2.4],[-7.9,1.5],[-8.2,0.4],[-8.7,0.5],[-8.8,0.8],[-8.9,1.4],[-9.3,1.2],[-9.5,1.7],[-10,1.8],[-10.1,2],[-11.1,1.5],[-11.4,1.6],[-11.5,1.5],[-11.7,1.8],[-12.5,1.5],[-12.8,1.3],[-13,1.1],[-13.4,1.3],[-13.7,1.1],[-13.8,1.6],[-13.9,1.7],[-14,1.8],[-14.2,1.8],[-14.1,1.9],[-14.2,2],[-15.6,2.8],[-15.6,3.1],[-15.7,3.6],[-15.7,3.7],[-15.8,4.7],[-16.5,6],[-17,6.4],[-17.1,6.2],[-17.3,6.2],[-17.7,6.1],[-18.1,6],[-19.2,6.6],[-19.8,6.5],[-20.4,6],[-21.1,5.5],[-22.1,4.9],[-22.4,4.6],[-22.6,3.9],[-24,4.1],[-26.1,4.2],[-26.3,5.2],[-26.8,7.5],[-26.1,8.5],[-25.4,9.7],[-24.3,11],[-23.6,11.9],[-22.4,13.4],[-21.4,14],[-21.4,13.7],[-21.4,13.4],[-21.7,13],[-21.6,12.7],[-21.6,12.9],[-21,13.6],[-21.2,14.1],[-20,14.5],[-19.4,14.9],[-18.9,15.1],[-18.1,15.5],[-17.6,15.4],[-17,15.2],[-15.4,14],[-13.4,13.5],[-13.2,12.5],[-12.3,11.2],[-11.6,10.8],[-11.1,10.5],[-11.4,9.6],[-11.8,8.4],[-11.6,7.5],[-11.4,6.5],[-11,6.2],[-10.6,6.5],[-10.5,5.9],[-10.3,6.3],[-10.1,6.6],[-9.9,6.9],[-9.9,7.2],[-9.9,7.4],[-9.8,7.6],[-9.7,8.1],[-9.7,8.3],[-9.6,8.5],[-9.6,8.7],[-9.7,9],[-9.7,9.2],[-8.4,9.5],[-7.5,10.1],[-7.1,11.5],[-7.2,12.1],[-7.5,12.8],[-7.5,12.9],[-7.3,13],[-7,13.2],[-6.8,13.3],[-6.8,13.5],[-6.5,13.6],[-6.5,14],[-6.5,14.5],[-6.3,14.5],[-5.3,14.7],[-3.9,14.8],[-3.7,14.3],[-3.4,14.3]]]]}},{"type":"Feature","properties":{},"geometry":{"type":"MultiPolygon","coordinates":[[[[-17.2,3.8],[-17.2,3.3],[-17.2,3.2],[-17.4,3.1],[-17.6,3.4],[-18.4,3.7],[-19.9,4.6],[-20.5,5],[-20.4,5.1],[-19.8,5.1],[-18.4,4.8],[-17.9,4.7],[-17.6,4.3],[-17.2,3.8]]]]}},{"type":"Feature","properties":{},"geometry":{"type":"MultiPolygon","coordinates":[[[[-8.6,10.8],[-8.7,10.7],[-8.8,10.7],[-9,10.7],[-9.3,10.5],[-9,10.8],[-8.9,10.7],[-8.6,10.8]]]]}},{"type":"Feature","properties":{},"geometry":{"type":"MultiPolygon","coordinates":[[[[-15,28.5],[-18.1,25.5],[-19.5,24.9],[-20.4,25.5],[-20.5,26.3],[-20.6,26.7],[-20.2,27.2],[-18.9,28.3],[-17.6,28.9],[-16.3,29.7],[-16.4,30.5],[-17.9,33.4],[-17.1,34.4],[-16.6,34.8],[-16.3,34.8],[-16.2,34.9],[-16.8,33.9],[-16.7,33.5],[-16.6,33.5],[-16.3,33.6],[-16.2,33.7],[-16,33.7],[-15.9,33.7],[-15.8,33.6],[-16.2,33.4],[-16.5,33.1],[-16.3,32.9],[-15.6,31.9],[-15.3,30.8],[-15.1,30.6],[-14.9,29.8],[-15.4,29.8],[-15.9,29.8],[-15.1,28.6],[-15,28.5]]]]}},{"type":"Feature","properties":{},"geometry":{"type":"MultiPolygon","coordinates":[[[[-17.7,35.3],[-18.9,35.9],[-19.7,36.9],[-19.4,37.2],[-19.3,36.8],[-19.3,36.6],[-19.1,36.6],[-18.9,36.9],[-18.8,36.8],[-18.7,36.6],[-18.4,36.6],[-18.1,36.4],[-18.2,36.3],[-18.3,36.2],[-18.1,36],[-17.8,35.9],[-17.3,35.7],[-17,35.5],[-16.9,35.4],[-16.9,35.3],[-17.3,35.3],[-17.7,35.3]]]]}},{"type":"Feature","properties":{},"geometry":{"type":"MultiPolygon","coordinates":[[[[-18.6,24.7],[-19.1,25],[-18.8,24.9],[-18.6,24.7]]]]}},{"type":"Feature","properties":{},"geometry":{"type":"MultiPolygon","coordinates":[[[[-21.2,25.8],[-20.7,26.4],[-20.8,25.9],[-21.2,25.8]]]]}},{"type":"Feature","properties":{},"geometry":{"type":"MultiPolygon","coordinates":[[[[-18.8,24.4],[-19.8,24.6],[-19.2,24.7],[-18.8,24.4]]]]}},{"type":"Feature","properties":{},"geometry":{"type":"MultiPolygon","coordinates":[[[[-10.2,27.8],[-10.5,27.6],[-10.6,27.5],[-10.7,27.5],[-10.9,27.4],[-11.1,27.7],[-11.1,27.5],[-11.1,27.3],[-11.7,27.1],[-11.9,27.3],[-12.1,27.6],[-12.3,28.1],[-13.1,28.5],[-13.9,28.8],[-14.2,28.9],[-14.6,29.8],[-14.2,29.9],[-14.6,31],[-14.4,31.5],[-12.9,30.3],[-12.7,30.1],[-12.9,31],[-13.6,31.5],[-13.8,31.9],[-13.7,32.3],[-12.8,32],[-12.5,31.9],[-13,32.4],[-13,32.5],[-13,32.8],[-12.5,33.1],[-12.2,33.2],[-11,32.3],[-11,32.1],[-10.6,32.1],[-10.9,31.5],[-10.7,31.4],[-10.4,31.3],[-10.2,31.3],[-10.1,31.4],[-10,31.2],[-10,30.9],[-10.6,30.3],[-10.3,30.2],[-9.4,31.2],[-9.1,31],[-9,30.4],[-10,29.1],[-10.3,28.9],[-10.3,28.3],[-10.2,28.2],[-10.2,27.8]]]]}},{"type":"Feature","properties":{},"geometry":{"type":"MultiPolygon","coordinates":[[[[-10.6,34.4],[-10.8,34.2],[-10.5,33],[-12.5,33.4],[-13.1,33.4],[-13.9,33.4],[-14.1,34.2],[-13.9,35],[-12.8,35],[-11.3,35.7],[-10.6,34.4]]]]}},{"type":"Feature","properties":{},"geometry":{"type":"MultiPolygon","coordinates":[[[[-6.9,29.8],[-8.4,28.7],[-8.4,29.2],[-8.5,29.4],[-8,29.6],[-7.9,29.3],[-7.7,29.4],[-7.5,29.7],[-7.4,29.8],[-7.3,30],[-7.3,30.2],[-6.9,30],[-6.9,29.8]]]]}},{"type":"Feature","properties":{},"geometry":{"type":"MultiPolygon","coordinates":[[[[-8.9,30.5],[-8.6,31.2],[-8.8,30.4],[-8.9,30.5]]]]}},{"type":"Feature","properties":{},"geometry":{"type":"MultiPolygon","coordinates":[[[[-19.8,14.7],[-20.6,14.2],[-21.2,14.1],[-21.6,14.3],[-21.7,13.9],[-21.4,14],[-22.4,13.4],[-23.6,11.9],[-24.3,11],[-25.4,9.7],[-26.1,8.5],[-26.8,7.5],[-26.8,9.1],[-25.2,11.3],[-24.6,11.9],[-24.5,12.4],[-24,13.5],[-22.4,15.1],[-21.3,16.1],[-21.2,16.3],[-21.1,16.4],[-20.9,16.6],[-20.8,16.2],[-21,16.1],[-20.4,15.7],[-20.2,15.6],[-20,15.5],[-19.5,15.4],[-19.4,15.3],[-19.6,14.9],[-19.8,14.7]]]]}},{"type":"Feature","properties":{},"geometry":{"type":"MultiPolygon","coordinates":[[[[-17.6,15.5],[-17.6,15.4],[-18.1,15.5],[-18.9,15.1],[-19.4,14.9],[-19.6,14.9],[-19.4,15.3],[-19.5,15.4],[-20,15.5],[-20.2,15.6],[-20.4,15.7],[-21,16.1],[-20.8,16.2],[-20.9,16.6],[-21.1,16.6],[-21.3,16.6],[-21.2,16.7],[-20.5,17],[-20.5,17.3],[-20.4,17.5],[-20,17.5],[-19.8,17.3],[-19.1,17],[-19.2,16.6],[-18.8,16.1],[-18.3,15.8],[-17.6,15.5]]]]}},{"type":"Feature","properties":{},"geometry":{"type":"MultiPolygon","coordinates":[[[[-20.4,17.7],[-20.8,17.5],[-21.7,17.5],[-21.8,17.5],[-20.6,17.7],[-20.4,17.7]]]]}},{"type":"Feature","properties":{},"geometry":{"type":"MultiPolygon","coordinates":[[[[-5.9,23.3],[-5.7,23.1],[-5.3,23.2],[-4.3,22.8],[-4.5,22.7],[-4.9,22.3],[-5.1,22.4],[-5,22.3],[-5.2,21.9],[-5.7,20.8],[-6.4,20.7],[-6.5,21],[-6.5,21.3],[-6.7,21.5],[-6.6,21.4],[-6.6,21.2],[-6.7,20.6],[-6.8,20.8],[-7,20.9],[-7.3,21.3],[-7.4,21],[-8.2,20.7],[-8.8,21.2],[-9,21.6],[-9.2,21.7],[-8.7,20.6],[-8.7,20.1],[-9,20],[-9.7,19.7],[-9.9,19.8],[-10,19.9],[-10.3,19.8],[-10.8,19.9],[-11.3,20.4],[-11.7,20.9],[-11.6,20.6],[-11.3,20.4],[-11.3,20.3],[-10.9,19.8],[-10.9,19.4],[-11.6,19.7],[-12.4,20.3],[-14.8,20.3],[-15.8,21.1],[-17.2,20.7],[-18.3,20.7],[-18.9,20.7],[-19.6,20.5],[-21.4,21.9],[-20.5,21.4],[-20.1,21.2],[-20.7,22],[-21.6,22.3],[-20.9,23.2],[-19.9,23.9],[-19.2,24.2],[-16.9,23.9],[-16.2,23.7],[-14.9,24.8],[-13.4,25.7],[-12.3,26.2],[-12,25.9],[-11.8,25.7],[-11.5,25.6],[-10.9,25.1],[-10.8,24.7],[-10.7,24.7],[-10.4,24.9],[-10.6,25.1],[-10.7,25.3],[-10.5,25.5],[-10.3,25.4],[-10.1,25.4],[-10,25],[-10.2,24.8],[-10.3,24.5],[-10.3,24.3],[-10.2,24.1],[-10.3,23.9],[-10,24.4],[-9,24.6],[-8.6,24.9],[-8.8,24.9],[-8.6,25.2],[-8.5,25.2],[-8.2,25.4],[-8.6,25.7],[-8.7,26.2],[-8.2,26.7],[-8.2,27.1],[-7.1,27.3],[-6.9,27.4],[-6.9,27.2],[-7.1,26],[-7.2,25.8],[-7.1,25.7],[-7.4,25.8],[-7.5,25.7],[-7.7,25.3],[-7.6,25],[-7.3,24.8],[-7.2,24.8],[-7.5,24.6],[-7.6,24.8],[-7.7,24.2],[-7.9,23.8],[-7.7,23.7],[-6.8,23.9],[-7.2,23.3],[-7.5,22.8],[-7.5,22.2],[-7.3,22.2],[-7.2,22.3],[-6.9,22.5],[-5.9,23.3]]]]}},{"type":"Feature","properties":{},"geometry":{"type":"MultiPolygon","coordinates":[[[[-7.5,20.8],[-7.5,20.3],[-7.3,20.2],[-7,19.4],[-6.7,18.4],[-6.5,18.1],[-6.3,18],[-6.4,17.8],[-7.3,18.1],[-7.3,18.7],[-7.8,18.5],[-8.7,18.2],[-8.9,18.9],[-9.2,19.1],[-8.2,20],[-7.5,20.8]]]]}},{"type":"Feature","properties":{},"geometry":{"type":"MultiPolygon","coordinates":[[[[-6.3,28.2],[-5.7,29],[-5.2,29.2],[-4.9,29],[-4.8,28.2],[-5.2,28],[-6.3,28.2]]]]}},{"type":"Feature","properties":{},"geometry":{"type":"MultiPolygon","coordinates":[[[[-6.8,27.6],[-6.3,28.1],[-6.7,27.6],[-6.8,27.6]]]]}},{"type":"Feature","properties":{},"geometry":{"type":"MultiPolygon","coordinates":[[[[-9.2,26.4],[-9.2,25.8],[-9.1,25.2],[-9.5,25.1],[-9.9,25.4],[-10.2,25.7],[-10.3,26],[-10.3,26.1],[-10.4,26.2],[-10.2,26.3],[-9.8,26.4],[-9.6,26.5],[-9.2,26.4]]]]}},{"type":"Feature","properties":{},"geometry":{"type":"MultiPolygon","coordinates":[[[[-7.3,17.3],[-8.3,17.1],[-8.1,17.6],[-7.5,17.5],[-7.3,17.3]]]]}},{"type":"Feature","properties":{},"geometry":{"type":"MultiPolygon","coordinates":[[[[-6.8,20.3],[-6.8,20.2],[-6.9,20.3],[-6.8,20.3]]]]}},{"type":"Feature","properties":{},"geometry":{"type":"MultiPolygon","coordinates":[[[[-8.8,26],[-8.9,25.7],[-9.1,25.8],[-8.8,26]]]]}},{"type":"Feature","properties":{},"geometry":{"type":"MultiPolygon","coordinates":[[[[-2.5,0.6],[-3,0.4],[-3.8,0.6],[-3.6,0.4],[-3,0.2],[-2.8,0],[-2.8,-0.1],[-2.9,-0.4],[-2.9,-0.6],[-3.7,-1.1],[-5.2,-1.9],[-6.1,-2.4],[-7,-2.8],[-7.8,-3.3],[-9.5,-4.9],[-9.9,-4.8],[-8.8,-2.5],[-8.7,-2.2],[-8.6,-2.1],[-7.9,-1.6],[-7.4,-1.2],[-6.9,-1.2],[-6.3,-0.9],[-5.7,-0.1],[-4.9,0.6],[-4.6,0.7],[-4,0.9],[-3.6,1],[-2.8,0.9],[-2.5,0.6]]]]}},{"type":"Feature","properties":{},"geometry":{"type":"MultiPolygon","coordinates":[[[[45,-22.7],[44.8,-23.1],[44.9,-23.4],[45.2,-24],[45.5,-24.8],[46.3,-26],[47,-27.5],[49.1,-28.8],[49.4,-29],[50.5,-30],[51.4,-31.2],[52.9,-32.5],[54.7,-33.7],[55.8,-35.4],[55.7,-35.1],[55.4,-34.9],[54.3,-35.1],[52.9,-35.4],[51.9,-35],[50.9,-34.2],[49.8,-33.8],[49.5,-32.9],[49.5,-32.8],[48.9,-31.7],[48.2,-31.4],[47.7,-31.1],[47.9,-31.1],[47.6,-31.1],[47.4,-31.5],[46.9,-31.3],[46.3,-31.9],[46.7,-32],[46.8,-32.8],[47.1,-33.5],[47.1,-33.6],[47.1,-33.7],[47.3,-34.1],[47.5,-34.3],[47.7,-34.4],[48.3,-35],[48.3,-35.1],[48,-35.6],[48.1,-35.9],[48.5,-36.6],[48.9,-36.2],[49,-36.1],[49.1,-35.7],[49.7,-35.8],[49.7,-36],[49.6,-36.4],[49.3,-37.1],[49.3,-37.4],[49.6,-37.5],[49.8,-37.8],[50.3,-37.8],[51.4,-37.8],[52.5,-37.8],[52.5,-37.7],[52.8,-37.6],[52.8,-37.5],[53.1,-37.2],[54,-36.7],[54.4,-36.3],[55,-35.9],[55,-35.8],[55.2,-35.8],[55,-35.9],[55.1,-36.1],[55,-37.1],[54.8,-40.5],[52.2,-44.9],[50.5,-45.2],[48.8,-46.1],[45.5,-46.6],[43.8,-47],[40.8,-45.5],[42.1,-44.5],[42.8,-41.2],[42.7,-39.1],[42,-37.1],[41.2,-35.8],[40.8,-34.6],[40.4,-34.1],[40.2,-33.3],[39.9,-32.6],[38.8,-32.2],[38.2,-32.4],[37.7,-33.3],[36.5,-32.8],[34.7,-31.9],[34.2,-30.9],[34,-29.5],[34,-28.6],[34.1,-28.5],[34.9,-27.7],[35.5,-26.8],[35.7,-26.4],[36,-25.8],[36.2,-25.4],[36.4,-25],[37.1,-23.8],[37.4,-23.1],[37.6,-22.7],[38.7,-22],[39.8,-21.6],[40.6,-21.4],[41.5,-21.4],[43.7,-21.8],[45,-22.7]]]]}},{"type":"Feature","properties":{},"geometry":{"type":"MultiPolygon","coordinates":[[[[55,-35.1],[53.9,-35.4],[54.8,-35.1],[55,-35.1]]]]}},{"type":"Feature","properties":{},"geometry":{"type":"MultiPolygon","coordinates":[[[[46.9,-31.4],[46.8,-31.5],[46.8,-31.4],[46.9,-31.4]]]]}},{"type":"Feature","properties":{},"geometry":{"type":"MultiPolygon","coordinates":[[[[56.5,-20.8],[57.6,-24],[58,-26.4],[60.1,-28.4],[58.9,-29.6],[57.6,-29.9],[55.5,-29.8],[55.2,-28.4],[53.1,-27.3],[50.8,-25.3],[50.3,-23.1],[53.6,-20.9],[54.9,-20.2],[54.7,-19.6],[55.8,-20.1],[56.5,-20.8]]]]}},{"type":"Feature","properties":{},"geometry":{"type":"MultiPolygon","coordinates":[[[[72.5,-33.8],[66.9,-34.3],[61.6,-35.5],[59.5,-34.7],[58.3,-32.4],[59.4,-30.1],[62.8,-30.3],[68.2,-32.7],[69.9,-32.8],[72.5,-33.8]]]]}},{"type":"Feature","properties":{},"geometry":{"type":"MultiPolygon","coordinates":[[[[15.9,-14.9],[15.1,-12.8],[14.8,-10.7],[15.9,-11.1],[16,-11.1],[16.2,-11.2],[16.6,-11.4],[17.6,-11.6],[17.5,-11.7],[17.6,-11.9],[17.5,-12.3],[18.1,-12.6],[17.3,-13.2],[17.3,-13.8],[15.9,-14.3],[15.9,-14.9]]]]}},{"type":"Feature","properties":{},"geometry":{"type":"MultiPolygon","coordinates":[[[[91.8,-42.1],[92.6,-42.3],[94.2,-42.7],[96.1,-43.8],[97.8,-45.2],[97.1,-45.4],[95.4,-44.9],[94.6,-44.5],[93.8,-44.3],[92.3,-44.4],[91,-44.4],[89.5,-44.8],[88.4,-44.8],[87.2,-45.3],[86,-44.6],[85.1,-44.6],[83.7,-44.8],[82,-45.1],[81.4,-45],[80.9,-45.2],[80.4,-45.1],[79.6,-45],[79.9,-44.8],[79.1,-44.3],[77.9,-44],[79.1,-43.7],[81.3,-43.3],[83.2,-42.9],[85.1,-42.5],[87.4,-42.3],[89.1,-42.3],[90.6,-42.2],[91.8,-42.1]]]]}},{"type":"Feature","properties":{},"geometry":{"type":"MultiPolygon","coordinates":[[[[22,47.4],[22.7,47.6],[24.6,45.8],[26.5,45.4],[25.7,45.1],[23.6,44.9],[22.4,45.1],[21.3,45.2],[22,45.4],[23.4,45.5],[23.6,46.3],[23,46.3],[22.5,45.5],[22.1,46.2],[21.9,46],[21.5,46.5],[22,47.4]]]]}},{"type":"Feature","properties":{},"geometry":{"type":"MultiPolygon","coordinates":[[[[26.9,45.7],[33.7,47.2],[40.9,49],[45,49.7],[47.1,48.6],[48.2,48.3],[49.6,48],[51.7,48.3],[55.9,50.5],[59.8,50.6],[57.1,48.8],[54.4,47.1],[51.3,46.5],[45.7,45.5],[40.4,43.8],[35.6,44.2],[31.3,43.5],[30,43.6],[29.9,43.7],[28,43.5],[25.8,44.3],[23.3,44.3],[21.6,44.5],[23.4,44.3],[25,44.6],[26.2,44.8],[27.3,45.2],[28.6,45.1],[29.2,44.7],[29.7,44.6],[30,44],[30,43.7],[30.5,44.5],[30.2,44.9],[29.1,45.5],[27.1,45.5],[26.9,45.7]]]]}},{"type":"Feature","properties":{},"geometry":{"type":"MultiPolygon","coordinates":[[[[29.8,44.5],[30.1,44.3],[29.9,44.3],[29.8,44.5]]]]}},{"type":"Feature","properties":{},"geometry":{"type":"MultiPolygon","coordinates":[[[[16.3,41.8],[17.6,40.5],[18,40.1],[18.1,39.9],[18.5,39.5],[18.8,39.6],[18.8,39.3],[19.1,39.1],[19.4,39],[19.7,38.9],[19.5,38.8],[20,38.7],[20.1,38.7],[20.5,38.4],[20.3,38.2],[20.2,37.7],[20,38.2],[19.7,37.7],[19.5,37.9],[19.1,38.2],[19,38.5],[18.7,38.6],[18.4,38.6],[18.1,38.6],[17.9,38.8],[17.6,39.1],[17.2,39.6],[17.2,39.8],[16.9,40.2],[16.8,40.5],[16.6,41],[15.9,41.4],[16.3,41.8]]]]}},{"type":"Feature","properties":{},"geometry":{"type":"MultiPolygon","coordinates":[[[[20.4,38.1],[20.7,38.1],[20.9,38.2],[21.2,38],[21.4,37.8],[21.9,37.8],[22.6,37.8],[23.9,38.1],[23.7,37.8],[23.9,37.8],[23.6,37.4],[23.4,37.2],[23.4,37],[23.3,37],[23,37.2],[22.9,37.1],[22.5,37],[22.5,36.9],[22.4,36.7],[21.5,36.7],[21.3,37],[21.1,37.1],[21,37.1],[20.7,37.3],[20.3,37.6],[20.4,38.1]]]]}},{"type":"Feature","properties":{},"geometry":{"type":"MultiPolygon","coordinates":[[[[22.5,36.8],[23.1,36.8],[22.6,36.6],[22.5,36.8]]]]}},{"type":"Feature","properties":{},"geometry":{"type":"MultiPolygon","coordinates":[[[[21.6,44.4],[23.6,44.3],[26.9,44],[28.1,43.6],[28.2,43],[28.1,43.3],[27,43.5],[26.5,43.2],[26.1,42.8],[25.4,42.8],[25,42.9],[24.4,42.9],[24,42.7],[23.3,43.1],[21.4,43.5],[21.6,44.4]]]]}},{"type":"Feature","properties":{},"geometry":{"type":"MultiPolygon","coordinates":[[[[20.7,43.9],[21.1,43.9],[21.3,43.6],[20.7,43.9]]]]}},{"type":"Feature","properties":{},"geometry":{"type":"MultiPolygon","coordinates":[[[[-57.1,-57.8],[-57.6,-58.5],[-58.8,-58.7],[-60.5,-58.2],[-61,-57.8],[-61.5,-57.7],[-62.1,-58.3],[-61.9,-59.2],[-61.4,-59.3],[-61.1,-59.7],[-62.1,-59.8],[-62.4,-59.3],[-63.7,-59.9],[-64.6,-60.5],[-65.2,-60.8],[-66.3,-61.1],[-67.5,-60.9],[-69.2,-61.1],[-71.1,-61.3],[-75.8,-59.3],[-76.5,-59],[-76.4,-58.8],[-75.8,-58.7],[-75.8,-58.5],[-75.2,-58.8],[-75.6,-58.4],[-75.2,-58.1],[-74,-58],[-74,-57.9],[-74.2,-57.6],[-74.2,-57.4],[-74,-57.4],[-73.6,-57.4],[-73.4,-57.3],[-73.2,-56.9],[-72.6,-56.7],[-71.9,-56.5],[-71.6,-56.2],[-71.3,-56.2],[-71.7,-55.7],[-71,-55.7],[-71.6,-55.4],[-71.8,-55.5],[-72.1,-55.5],[-72,-55.2],[-71.9,-54.5],[-71.4,-54.2],[-70.5,-53.7],[-70.5,-53.8],[-69.5,-52.8],[-69.1,-52.2],[-60.9,-56.4],[-57.1,-57.8]]]]}},{"type":"Feature","properties":{},"geometry":{"type":"MultiPolygon","coordinates":[[[[-77.2,-58.7],[-77.9,-58.5],[-78.2,-58.3],[-77.9,-58.3],[-77.4,-58.4],[-77.2,-58.5],[-77,-58.6],[-77.2,-58.7]]]]}},{"type":"Feature","properties":{},"geometry":{"type":"MultiPolygon","coordinates":[[[[-72.9,-55.3],[-72.3,-55.5],[-72.5,-55.8],[-73,-56],[-73.5,-56.3],[-73.9,-56.6],[-74.3,-56.5],[-74.4,-56.5],[-73.7,-55.7],[-72.7,-55.2],[-72.9,-55.3]]]]}},{"type":"Feature","properties":{},"geometry":{"type":"MultiPolygon","coordinates":[[[[-74.2,-57.9],[-74.3,-58.1],[-74.7,-58.1],[-74.9,-58],[-74.9,-57.8],[-74.6,-57.7],[-74.2,-57.8],[-74.2,-57.9]]]]}},{"type":"Feature","properties":{},"geometry":{"type":"MultiPolygon","coordinates":[[[[-75.7,-58.1],[-76,-58.1],[-76.3,-57.9],[-75.7,-58.1]]]]}},{"type":"Feature","properties":{},"geometry":{"type":"MultiPolygon","coordinates":[[[[-75.5,-57.6],[-75.7,-57.7],[-75.8,-57.6],[-75.5,-57.6]]]]}},{"type":"Feature","properties":{},"geometry":{"type":"MultiPolygon","coordinates":[[[[-76.8,-58.2],[-77,-58.2],[-77.1,-58.4],[-76.9,-58.1],[-76.8,-58.2]]]]}},{"type":"Feature","properties":{},"geometry":{"type":"MultiPolygon","coordinates":[[[[-75.1,-57.7],[-75.4,-57.6],[-75.1,-57.6],[-75.1,-57.7]]]]}},{"type":"Feature","properties":{},"geometry":{"type":"MultiPolygon","coordinates":[[[[-75,-57.3],[-75.3,-57.2],[-75.1,-57.2],[-75,-57.3]]]]}},{"type":"Feature","properties":{},"geometry":{"type":"MultiPolygon","coordinates":[[[[-141.3,-67.8],[-142.2,-68.1],[-142.2,-67.9],[-142.1,-67.8],[-141.3,-67.8]]]]}},{"type":"Feature","properties":{},"geometry":{"type":"MultiPolygon","coordinates":[[[[-170.3,-66.3],[-168,-66.2],[-167.5,-66],[-167.3,-66],[-166.8,-66],[-166.6,-65.9],[-166.1,-65.9],[-162,-65.5],[-159.4,-65.6],[-161.8,-66.4],[-161.9,-66.6],[-161.5,-66.9],[-162.9,-66.8],[-163.7,-66.8],[-164.5,-66.7],[-165.1,-67.1],[-165.5,-67.6],[-166.9,-68.3],[-168.5,-68.6],[-169.6,-68.8],[-170.7,-68.8],[-171.7,-68.5],[-171.6,-68.4],[-172.6,-68],[-174.3,-67.8],[-174.2,-67.6],[-174.5,-67.5],[-173.3,-67.3],[-173.4,-67.2],[-173.3,-67.1],[-173.2,-67.1],[-173,-67],[-172.9,-66.9],[-172.6,-66.8],[-172.5,-66.7],[-171.7,-66.6],[-170.9,-66.6],[-170.3,-66.3]]]]}},{"type":"Feature","properties":{},"geometry":{"type":"MultiPolygon","coordinates":[[[[-172.6,-68.6],[-172.7,-68.8],[-172.9,-69],[-173.8,-69],[-173.3,-68.8],[-172.6,-68.6]]]]}},{"type":"Feature","properties":{},"geometry":{"type":"MultiPolygon","coordinates":[[[[179.8,-71.6],[179.7,-71.8],[179.3,-71.8],[179,-71.8],[179.8,-71.6]]]]}},{"type":"Feature","properties":{},"geometry":{"type":"MultiPolygon","coordinates":[[[[80.8,9.5],[81.2,9.2],[81.7,8.7],[82.2,8],[82.2,7.6],[82.2,7.5],[82.4,7.2],[82.7,6.7],[82.4,6.7],[82.6,6.4],[82.6,6.1],[82.7,5.9],[82.4,5.4],[81.9,4.8],[81.6,5],[80.9,7.9],[80.8,9.5]]]]}},{"type":"Feature","properties":{},"geometry":{"type":"MultiPolygon","coordinates":[[[[74.2,12.4],[74.5,11.7],[76.7,10.6],[79.1,9.7],[80.3,9],[82.1,5.7],[81.2,4.1],[81,4.1],[80.9,4],[80.7,4],[79.6,4.3],[76.6,5.5],[74.4,7.2],[73.7,9.9],[74,12.2],[74.2,12.4]]]]}},{"type":"Feature","properties":{},"geometry":{"type":"MultiPolygon","coordinates":[[[[73.8,6.4],[75.1,4.5],[74.5,4.5],[74.5,4.9],[74.5,5.3],[73.9,5.1],[73.4,6.5],[73.8,6.4]]]]}},{"type":"Feature","properties":{},"geometry":{"type":"MultiPolygon","coordinates":[[[[-17.1,38.9],[-17.5,38.8],[-17.9,39.3],[-18,39.8],[-18.1,40.4],[-18,41.4],[-18.7,41],[-18.3,41.8],[-17.5,41.5],[-17.1,40.3],[-16.8,39.6],[-17.1,38.9]]]]}},{"type":"Feature","properties":{},"geometry":{"type":"MultiPolygon","coordinates":[[[[114,6.3],[114,5.1],[114,4.2],[113.1,5],[112.9,5.1],[113,5.9],[113,6.7],[113.9,7.3],[114,6.3]]]]}},{"type":"Feature","properties":{},"geometry":{"type":"MultiPolygon","coordinates":[[[[144.9,-34.2],[146.7,-35.5],[147.3,-36.5],[147.1,-36.4],[146.3,-36],[145.5,-35.6],[145,-35.6],[144.7,-35.6],[144.3,-35.6],[144,-35.4],[144,-35.6],[143.9,-35.6],[143.5,-35.7],[143.3,-35.6],[143.1,-35.8],[143.2,-36.1],[142.6,-36.2],[142.2,-36.6],[141.2,-36.6],[142.4,-36.7],[142.1,-37.7],[140.8,-37.8],[139.1,-37.3],[138,-37.1],[137.2,-37.2],[137.4,-36.7],[137.3,-36.3],[136.5,-36.2],[136.6,-35.8],[135.9,-35.2],[135.8,-35.1],[135.7,-34.8],[135.6,-34.7],[135.3,-34.7],[135.1,-34.6],[135,-34.5],[134.8,-34.5],[134.7,-34.6],[134.5,-34.5],[134.2,-34.5],[133.9,-34.4],[132,-34.3],[132,-33.4],[134.4,-33.1],[136,-32.9],[139.7,-33.5],[143.1,-33.7],[144.9,-34.2]]]]}},{"type":"Feature","properties":{},"geometry":{"type":"MultiPolygon","coordinates":[[[[136.8,-37.6],[135.8,-37.4],[136.2,-36.8],[137.2,-37],[136.8,-37.6]]]]}},{"type":"Feature","properties":{},"geometry":{"type":"MultiPolygon","coordinates":[[[[21.9,-13.4],[21.1,-14],[20.8,-14.4],[20.4,-14.2],[19.7,-12.8],[19.9,-12.3],[20.2,-12.4],[20.5,-12.8],[21.5,-13.3],[22,-13.4],[21.9,-13.4]]]]}},{"type":"Feature","properties":{},"geometry":{"type":"MultiPolygon","coordinates":[[[[25.1,-10.2],[25,-10.6],[24.7,-11.3],[24.1,-11.4],[23.3,-11.3],[23.8,-10.9],[24.5,-9.7],[24.3,-9.4],[25.1,-10.2]]]]}},{"type":"Feature","properties":{},"geometry":{"type":"MultiPolygon","coordinates":[[[[27.7,-12.9],[27.7,-13],[27.7,-13.4],[27.6,-14],[27.4,-13.8],[27.3,-14.1],[26.8,-14.4],[26.4,-14.2],[25.8,-13.9],[25.9,-13.5],[25.9,-13.3],[25.9,-13.2],[25.7,-12.8],[25.7,-12.3],[25.6,-11.4],[25.7,-11.4],[25.9,-11],[26,-11.1],[26.3,-10.6],[26.5,-10.6],[27.7,-12.9]]]]}},{"type":"Feature","properties":{},"geometry":{"type":"MultiPolygon","coordinates":[[[[25.6,-12.6],[25.5,-12.2],[25.6,-12.4],[25.6,-12.6]]]]}},{"type":"Feature","properties":{},"geometry":{"type":"MultiPolygon","coordinates":[[[[27.8,-15.1],[27.4,-15.3],[26.9,-15.3],[27,-15.5],[26.7,-15.5],[26.4,-16.2],[26.2,-15.9],[25.9,-15.9],[25.7,-15.6],[25.5,-15.4],[25.7,-14.7],[25.6,-14.3],[25.8,-14.3],[26.2,-14.2],[26.9,-14.9],[26.9,-14.5],[27.4,-14.3],[27.5,-14.5],[27.8,-15],[27.8,-15.1]]]]}},{"type":"Feature","properties":{},"geometry":{"type":"MultiPolygon","coordinates":[[[[28,-15.2],[27.7,-14.8],[27.7,-14.2],[28,-15.2]]]]}},{"type":"Feature","properties":{},"geometry":{"type":"MultiPolygon","coordinates":[[[[40.8,-17.3],[40.9,-17.5],[41,-17.6],[41.4,-17.9],[41.7,-18.1],[40.8,-18.4],[39.8,-18.5],[39.1,-18.6],[37.8,-19],[37.1,-19],[36.6,-19.2],[35.3,-18.9],[34.9,-19],[34.2,-18.8],[32.9,-17.3],[32.1,-17.1],[31.7,-17],[31.5,-16.8],[31.3,-16.5],[31.1,-16.5],[30.9,-16.4],[30.6,-16.3],[31,-16.3],[30.7,-16],[30.7,-15.8],[30.8,-15.6],[30.7,-15.2],[30.8,-14.8],[31.1,-14.6],[32.1,-14.5],[32.7,-14.2],[33.4,-14.4],[34.3,-14.7],[35.1,-15.1],[36,-15.4],[38.1,-17.5],[39.9,-17.4],[40.8,-17.3]]]]}},{"type":"Feature","properties":{},"geometry":{"type":"MultiPolygon","coordinates":[[[[40.9,-16.4],[40,-16.5],[38.2,-16.7],[36.3,-14.7],[37.4,-14.8],[38.4,-14.7],[38.9,-14.8],[39.2,-15.2],[39.4,-15.4],[39.6,-15.6],[40,-15.7],[40.3,-15.8],[40.5,-16],[40.7,-16.1],[40.8,-16.3],[40.9,-16.4]]]]}},{"type":"Feature","properties":{},"geometry":{"type":"MultiPolygon","coordinates":[[[[41.9,-6],[43.2,-6.1],[44.2,-6.3],[44.7,-6.8],[46.7,-9.8],[44.7,-9.9],[43.3,-9.8],[40.8,-8.4],[40.6,-8.1],[40.4,-8],[40,-7.8],[39.8,-7.7],[39.8,-7.4],[39.6,-7.3],[39.4,-7.2],[39.2,-7],[38.9,-6.9],[38.6,-6.8],[38.3,-6.6],[38.1,-6.4],[37.8,-6.1],[37.7,-5.9],[37.4,-5.6],[36.4,-4.3],[37.3,-4.6],[37.4,-5],[37.9,-5.5],[38.6,-5.8],[38.9,-6.1],[40.1,-6.2],[41.9,-6]]]]}},{"type":"Feature","properties":{},"geometry":{"type":"MultiPolygon","coordinates":[[[[38.1,-4.9],[38.2,-4.9],[38.3,-5.1],[37.6,-5],[36.5,-5.2],[35.8,-5.2],[34.8,-5.1],[34,-4.8],[33,-4.6],[32.3,-4.4],[31.7,-4.8],[30.9,-5.1],[30.4,-5.2],[30.1,-5],[30.3,-4.9],[30.4,-4.8],[30.5,-5],[30.5,-4.7],[30.8,-4.6],[31,-3.9],[30.7,-3.3],[31.6,-3.2],[31.8,-3.3],[32,-3.5],[32.6,-3.5],[33.5,-3.6],[33.2,-3.4],[33.4,-3.6],[33.7,-3.7],[34.2,-4.1],[34.5,-4.1],[35,-4.1],[35.6,-4.2],[36,-4.2],[36.3,-4.3],[36.8,-4.3],[37,-4.4],[37.6,-4.6],[37.9,-4.8],[38.1,-4.9]]]]}},{"type":"Feature","properties":{},"geometry":{"type":"MultiPolygon","coordinates":[[[[31.1,-2.8],[31.3,-2.9],[31.7,-2.9],[31.1,-3],[31.2,-3],[31.1,-2.8]]]]}},{"type":"Feature","properties":{},"geometry":{"type":"MultiPolygon","coordinates":[[[[30.5,-4],[30.5,-4.4],[30.4,-4.1],[30.1,-3.9],[30.5,-4]]]]}},{"type":"Feature","properties":{},"geometry":{"type":"MultiPolygon","coordinates":[[[[29.9,-3],[29.9,-3.3],[29.9,-3.2],[29.9,-3]]]]}},{"type":"Feature","properties":{},"geometry":{"type":"MultiPolygon","coordinates":[[[[36.3,-4.3],[37.1,-5.1],[37.5,-5.8],[37.2,-5.6],[36.7,-5.4],[36.4,-5.3],[35.9,-5.2],[35.6,-5.2],[35.3,-5.2],[34.7,-5.1],[34.2,-5.1],[33.9,-5],[33.3,-4.7],[33,-4.5],[32.8,-4.4],[32.5,-4],[32.6,-4],[33.5,-4.2],[34.3,-4.4],[36.3,-4.3]]]]}},{"type":"Feature","properties":{},"geometry":{"type":"MultiPolygon","coordinates":[[[[8,32],[8.3,31.6],[7.9,31.7],[8.1,31.4],[8.2,31.1],[7.9,31],[7.4,31.1],[7.3,31.5],[7.1,31.7],[7,31.4],[6.6,31.8],[6.6,32],[6.9,32.3],[7,31.9],[7.4,31.9],[7.8,31.9],[8,32]]]]}},{"type":"Feature","properties":{},"geometry":{"type":"MultiPolygon","coordinates":[[[[9.5,31.1],[10,30.4],[9.6,30.3],[9.3,30.4],[8.9,30.6],[8.8,30.8],[9,31.3],[8.3,30.9],[8.5,31.1],[8.6,31.6],[9.5,31.1]]]]}},{"type":"Feature","properties":{},"geometry":{"type":"MultiPolygon","coordinates":[[[[50.2,-22.7],[50.5,-24.8],[52.5,-27],[55,-28],[55.1,-29.5],[53.7,-28.6],[51.8,-27.7],[50.1,-26.4],[49.3,-25.5],[48.6,-24.7],[47.8,-24.1],[45.8,-23.3],[45,-21.9],[44,-20.7],[43.5,-19.7],[43.2,-19.2],[43.1,-18.8],[43.1,-18.3],[43.6,-18.3],[45.4,-18.3],[45.8,-19.4],[46.5,-20.3],[47.5,-21.1],[48.4,-21.7],[50.2,-22.7]]]]}},{"type":"Feature","properties":{},"geometry":{"type":"MultiPolygon","coordinates":[[[[48.7,-20.1],[51.1,-20.1],[51.6,-20],[53.5,-19.4],[54.5,-19.8],[53.4,-20.6],[50.2,-22.7],[48.4,-21.7],[47.5,-21.1],[46.5,-20.3],[45.8,-19.4],[45.4,-18.3],[47.1,-18.6],[47.4,-19.3],[48.3,-19.8],[48.7,-20.1]]]]}},{"type":"Feature","properties":{},"geometry":{"type":"MultiPolygon","coordinates":[[[[28.2,9.3],[28.2,7.7],[27.8,7.5],[27.2,7.4],[26.3,7.3],[25.5,7.4],[25.6,8],[26.7,9.9],[27.3,9.8],[28,9.5],[28.2,9.3]]]]}},{"type":"Feature","properties":{},"geometry":{"type":"MultiPolygon","coordinates":[[[[11.5,-8.4],[11.8,-8.9],[12.7,-9.4],[14,-10.9],[13.6,-10.9],[13.3,-10.5],[12.5,-9.8],[11.2,-9.3],[9.5,-8.3],[8.6,-7.9],[8,-7.5],[9,-7.5],[9.6,-7.8],[11.3,-8.1],[11.5,-8.4]]]]}},{"type":"Feature","properties":{},"geometry":{"type":"MultiPolygon","coordinates":[[[[6.9,-6.4],[7.4,-6.7],[7.4,-6.9],[7.5,-7.1],[7.7,-7.2],[6.8,-7],[5.8,-6.9],[5,-6.3],[4.5,-5.5],[6,-4.9],[5.9,-5.8],[6.3,-6.3],[6.9,-6.4]]]]}},{"type":"Feature","properties":{},"geometry":{"type":"MultiPolygon","coordinates":[[[[10.7,-9.7],[10.2,-9.7],[9.5,-9.1],[9.9,-8.6],[10.2,-9.6],[10.7,-9.7]]]]}},{"type":"Feature","properties":{},"geometry":{"type":"MultiPolygon","coordinates":[[[[27.2,11.2],[27.6,10.7],[28,10.1],[28.2,9.3],[27.4,9.8],[26.9,9.8],[25.8,8.5],[25.3,7.5],[25.1,7.2],[22.8,4.7],[21.3,4],[21.5,4.8],[23.6,7.5],[25.4,10.3],[27.2,11.2]]]]}},{"type":"Feature","properties":{},"geometry":{"type":"MultiPolygon","coordinates":[[[[-20.1,37.4],[-20.7,36.7],[-21.7,36.5],[-22.3,35.9],[-23.3,35],[-23.9,34.5],[-24,35.3],[-24.5,35.9],[-24.9,36.8],[-25.2,38.4],[-25.1,39.9],[-25.2,41.4],[-24.8,41.3],[-24.6,40.7],[-23.7,40.7],[-23.4,41],[-23.3,40.6],[-22.9,39.6],[-21.6,37.7],[-20,37.5],[-20.1,37.4]]]]}},{"type":"Feature","properties":{},"geometry":{"type":"MultiPolygon","coordinates":[[[[-47.9,18.6],[-49.2,17.8],[-48.7,16.7],[-48,15.4],[-47.8,13.8],[-47.6,11.8],[-48,10.8],[-48.7,11.3],[-49.3,12.2],[-49.8,14.4],[-49.7,14.8],[-50,14.7],[-50.2,15.2],[-50.3,17.6],[-49.5,18.8],[-49.2,19.4],[-47.9,18.6]]]]}},{"type":"Feature","properties":{},"geometry":{"type":"MultiPolygon","coordinates":[[[[-21.2,43.6],[-20.6,43.9],[-19.9,43.1],[-19.5,42.2],[-19.6,41.7],[-20.2,42.4],[-20.7,43.1],[-21.2,43.6]]]]}},{"type":"Feature","properties":{},"geometry":{"type":"MultiPolygon","coordinates":[[[[78.2,11.9],[78.3,11.3],[78.4,11],[77.1,11.1],[75.5,11.7],[75.2,12.7],[76,12.7],[78.2,11.9]]]]}},{"type":"Feature","properties":{},"geometry":{"type":"MultiPolygon","coordinates":[[[[77.9,11.2],[78.2,11.1],[78.4,11],[78.6,10.8],[79.6,10.1],[79.8,10],[77,10.5],[74.7,11.5],[74.5,12.2],[75.9,11.6],[77.9,11.2]]]]}},{"type":"Feature","properties":{},"geometry":{"type":"MultiPolygon","coordinates":[[[[79.6,10.2],[79.8,10],[80.1,9.8],[80.5,9.9],[80.6,9.8],[79.9,9.5],[78.9,10.1],[79.6,10.2]]]]}},{"type":"Feature","properties":{},"geometry":{"type":"MultiPolygon","coordinates":[[[[-17.9,39.5],[-17.5,39.4],[-17.8,38.9],[-17.9,39.5]]]]}},{"type":"Feature","properties":{},"geometry":{"type":"MultiPolygon","coordinates":[[[[25.7,3.4],[25.7,3.1],[25.3,2.5],[25.6,1.9],[25.7,1.6],[26.2,1.9],[26.4,1.8],[26.3,1.6],[26.3,1.5],[26.3,1.3],[26,1.4],[25.3,1.3],[24.9,1.4],[24.8,1.7],[24.7,2.7],[24.8,3.3],[25.2,3.6],[25.5,4.1],[25.5,4.6],[25.6,4.7],[25.7,3.4]]]]}},{"type":"Feature","properties":{},"geometry":{"type":"MultiPolygon","coordinates":[[[[13.6,-10.9],[8.9,-10.4],[4.7,-8.4],[0,-6.7],[0,-6.6],[1.4,-5.6],[3.5,-5.5],[4.5,-5.5],[5.1,-6.3],[6.1,-7],[7,-7],[7.8,-7.3],[8,-7.5],[8.2,-7.5],[9,-8.2],[10.1,-8.8],[11.7,-9.6],[13.1,-10.2],[13.6,-10.9]]]]}},{"type":"Feature","properties":{},"geometry":{"type":"MultiPolygon","coordinates":[[[[-20.1,44.8],[-19.6,45.4],[-18.6,44.5],[-18.4,43.1],[-18.1,42.2],[-18.8,42.7],[-19.3,44.2],[-20.1,44.8]]]]}},{"type":"Feature","properties":{},"geometry":{"type":"MultiPolygon","coordinates":[[[[-24.9,37.3],[-25.9,38],[-26.2,36.4],[-27,36.2],[-27.6,35.6],[-28.3,35.8],[-27.9,36.6],[-27.6,38.2],[-27.7,39.9],[-28.8,41.2],[-30,42.3],[-29.2,42.1],[-28.2,41.9],[-27.1,41.6],[-25.9,41.5],[-24.6,39.9],[-24.6,38.3],[-24.9,37.3]]]]}},{"type":"Feature","properties":{},"geometry":{"type":"MultiPolygon","coordinates":[[[[-16.7,34.8],[-14.6,38.9],[-10.7,42.7],[-10.2,42],[-10.1,41.4],[-10.2,41.5],[-10.3,40.7],[-10.6,40.9],[-10.5,40.7],[-10.3,40.3],[-10.5,40.3],[-10.6,39.6],[-10.6,39.3],[-10.8,39.3],[-11.1,39.5],[-11.3,39.5],[-11.3,39.2],[-11.1,39.1],[-11.5,39.1],[-11.9,38.6],[-12.3,38.7],[-12.6,38.6],[-12.9,38.4],[-13.1,37.9],[-13.7,37.5],[-14,37.1],[-14.6,36.8],[-15.5,35.7],[-16.4,35],[-16.7,34.8]]]]}},{"type":"Feature","properties":{},"geometry":{"type":"MultiPolygon","coordinates":[[[[-63.9,-68.8],[-63.4,-68.9],[-63.7,-68.9],[-63.6,-69.1],[-63.5,-69.2],[-63.3,-69],[-62.8,-69.3],[-62.9,-69.4],[-63.9,-69.3],[-64.3,-69.4],[-64.7,-69.4],[-65.2,-69.3],[-65.5,-69.2],[-65.6,-69.3],[-65.7,-69.5],[-66.4,-69.4],[-66,-69],[-65.6,-69],[-65,-69.1],[-64.7,-68.8],[-64.7,-68.7],[-63.9,-68.8]]]]}},{"type":"Feature","properties":{},"geometry":{"type":"MultiPolygon","coordinates":[[[[-64.7,-68.7],[-66.9,-68.9],[-67.8,-68.8],[-67.9,-68.8],[-68.3,-68.6],[-68.1,-68.6],[-67.5,-68.7],[-66.9,-68.6],[-66.7,-68.5],[-66.5,-68.5],[-66.5,-68.3],[-65.9,-68.5],[-65.7,-68.5],[-65.3,-68.6],[-64.7,-68.7]]]]}},{"type":"Feature","properties":{},"geometry":{"type":"MultiPolygon","coordinates":[[[[-67.6,-68.4],[-68,-68.4],[-68.1,-68.4],[-67.6,-68.4]]]]}},{"type":"Feature","properties":{},"geometry":{"type":"MultiPolygon","coordinates":[[[[-12.1,60],[-14,60.2],[-15.7,60],[-15.7,61.2],[-12.1,60.8],[-11.6,60.2],[-12.1,60]]]]}},{"type":"Feature","properties":{},"geometry":{"type":"MultiPolygon","coordinates":[[[[-10.4,60.8],[-7.6,62.1],[-9.1,60.6],[-10.4,60.8]]]]}},{"type":"Feature","properties":{},"geometry":{"type":"MultiPolygon","coordinates":[[[[-17.6,37.9],[-16.6,37.7],[-16.9,37.2],[-17.6,37.9]]]]}},{"type":"Feature","properties":{},"geometry":{"type":"MultiPolygon","coordinates":[[[[-17.3,38.6],[-17.1,39],[-16.8,39.6],[-14.8,42.3],[-14.5,42.4],[-16,40.7],[-16.8,38.7],[-17.3,38.6]]]]}},{"type":"Feature","properties":{},"geometry":{"type":"MultiPolygon","coordinates":[[[[-80.7,-56.8],[-81.7,-57],[-81.8,-56.6],[-82,-56.8],[-82,-56.4],[-81.9,-56.2],[-82.4,-56.1],[-82.4,-56.2],[-82.4,-56.3],[-82.2,-56],[-81.8,-56.1],[-81.4,-56.3],[-81.3,-56.3],[-81,-56.3],[-80.7,-56.5],[-80.5,-56.7],[-80.6,-56.7],[-80.7,-56.8]]]]}},{"type":"Feature","properties":{},"geometry":{"type":"MultiPolygon","coordinates":[[[[-82.5,-57.3],[-82.6,-57.3],[-82.7,-57.2],[-82.4,-57.1],[-82.5,-57.3]]]]}},{"type":"Feature","properties":{},"geometry":{"type":"MultiPolygon","coordinates":[[[[-83.2,-57.4],[-83.5,-57.2],[-83.5,-57.1],[-83.1,-57.2],[-83.2,-57.4]]]]}},{"type":"Feature","properties":{},"geometry":{"type":"MultiPolygon","coordinates":[[[[-84,-57.6],[-84,-57.4],[-83.7,-57.3],[-84,-57.6]]]]}},{"type":"Feature","properties":{},"geometry":{"type":"MultiPolygon","coordinates":[[[[-85,-57.8],[-85.7,-58],[-84.9,-57.7],[-85,-57.8]]]]}},{"type":"Feature","properties":{},"geometry":{"type":"MultiPolygon","coordinates":[[[[-87.3,-58.6],[-87.5,-58.6],[-87.7,-58.3],[-87.6,-58.2],[-87.4,-58.2],[-87.3,-58.4],[-87.3,-58.6]]]]}},{"type":"Feature","properties":{},"geometry":{"type":"MultiPolygon","coordinates":[[[[-87.8,-58.8],[-88.1,-58.8],[-87.9,-58.5],[-87.8,-58.8]]]]}},{"type":"Feature","properties":{},"geometry":{"type":"MultiPolygon","coordinates":[[[[-88.4,-59],[-89.1,-59],[-88.6,-58.8],[-88.4,-59]]]]}},{"type":"Feature","properties":{},"geometry":{"type":"MultiPolygon","coordinates":[[[[-89.5,-59.3],[-89.7,-59.3],[-89.2,-59.1],[-89.5,-59.3]]]]}},{"type":"Feature","properties":{},"geometry":{"type":"MultiPolygon","coordinates":[[[[-90.4,-59.9],[-90.8,-60.1],[-91,-60.2],[-91.1,-60.2],[-91.2,-60.3],[-92.1,-60.2],[-92.1,-60],[-91.8,-60.1],[-91.5,-60],[-91,-60],[-90.8,-59.9],[-91.2,-59.9],[-91.5,-59.7],[-91.1,-59.8],[-90.6,-59.7],[-90.4,-59.9]]]]}},{"type":"Feature","properties":{},"geometry":{"type":"MultiPolygon","coordinates":[[[[-92,-60.9],[-92.2,-60.9],[-92.6,-60.9],[-92.5,-61.7],[-92.7,-61.1],[-92,-60.8],[-92,-60.9]]]]}},{"type":"Feature","properties":{},"geometry":{"type":"MultiPolygon","coordinates":[[[[-93.3,-62.6],[-93.7,-62.8],[-93.3,-62.9],[-93.7,-63.8],[-94.1,-63.2],[-94.1,-62.7],[-94.2,-62.6],[-94.4,-62.5],[-94.5,-62.3],[-94.2,-62.2],[-94.3,-61.9],[-94.5,-61.8],[-94.3,-61.7],[-94.3,-61.6],[-94.4,-61.5],[-94.1,-61.4],[-94.1,-61.6],[-94,-61.9],[-94,-62],[-93.9,-62.3],[-93.4,-62.1],[-93.2,-61.8],[-93.3,-62.3],[-93.6,-62.5],[-93.3,-62.6]]]]}},{"type":"Feature","properties":{},"geometry":{"type":"MultiPolygon","coordinates":[[[[-85.1,-57.6],[-85.3,-57.7],[-85.9,-58],[-86.5,-58.1],[-87,-58.2],[-87.1,-58.2],[-87.3,-58],[-87.1,-58.1],[-86.9,-58.1],[-86.8,-57.8],[-86.6,-57.8],[-86.2,-57.9],[-86.2,-57.8],[-86.6,-57.8],[-86.7,-57.8],[-87,-57.9],[-87,-57.7],[-86.8,-57.6],[-86.8,-57.5],[-86.4,-57.4],[-86.4,-57.7],[-86.4,-57.5],[-86.4,-57.6],[-86.2,-57.6],[-86,-57.7],[-85.8,-57.7],[-85.5,-57.6],[-85.3,-57.5],[-85.4,-57.5],[-85,-57.5],[-85.1,-57.6]]]]}},{"type":"Feature","properties":{},"geometry":{"type":"MultiPolygon","coordinates":[[[[-91.3,-60.4],[-91.5,-60.5],[-91.8,-60.7],[-92.2,-60.7],[-92.6,-60.8],[-92.2,-60.3],[-92.2,-60.4],[-91.7,-60.3],[-91.3,-60.4]]]]}},{"type":"Feature","properties":{},"geometry":{"type":"MultiPolygon","coordinates":[[[[-94,-63.4],[-94.4,-63.3],[-94.7,-63.3],[-94.9,-63.4],[-94.9,-63.7],[-95.5,-63.8],[-95.3,-63.7],[-95.2,-63.4],[-95.2,-63.2],[-94.9,-63.2],[-94.9,-63],[-95.4,-63.1],[-95.6,-63],[-95.1,-62.9],[-95,-62.6],[-94.9,-62.6],[-94.6,-62.9],[-94,-63.4]]]]}},{"type":"Feature","properties":{},"geometry":{"type":"MultiPolygon","coordinates":[[[[-92.6,-60.4],[-92.8,-60.5],[-93,-60.7],[-92.9,-60.8],[-93.1,-60.9],[-93.6,-61],[-93.7,-60.8],[-93.9,-60.6],[-93.7,-60.7],[-93.3,-60.6],[-93.8,-60.4],[-93.4,-60.2],[-93,-60.3],[-92.6,-60.4]]]]}},{"type":"Feature","properties":{},"geometry":{"type":"MultiPolygon","coordinates":[[[[-94.1,-64.2],[-94.5,-63.9],[-94.6,-63.7],[-93.7,-64],[-94.1,-64.2]]]]}},{"type":"Feature","properties":{},"geometry":{"type":"MultiPolygon","coordinates":[[[[-92.8,-62.1],[-93.1,-62],[-92.9,-61.8],[-92.8,-62.1]]]]}},{"type":"Feature","properties":{},"geometry":{"type":"MultiPolygon","coordinates":[[[[-92.3,-59.8],[-92.5,-60.1],[-92.6,-60.3],[-92.5,-59.9],[-92.3,-59.8]]]]}},{"type":"Feature","properties":{},"geometry":{"type":"MultiPolygon","coordinates":[[[[-92.3,-59.8],[-92.6,-59.6],[-92.4,-59.5],[-92.2,-59.4],[-92.3,-59.6],[-92.3,-59.8]]]]}},{"type":"Feature","properties":{},"geometry":{"type":"MultiPolygon","coordinates":[[[[-84.3,-56.9],[-84.5,-56.9],[-84.8,-57.1],[-85.2,-57.2],[-84.9,-57],[-85,-56.9],[-84.6,-56.7],[-84.3,-56.9]]]]}},{"type":"Feature","properties":{},"geometry":{"type":"MultiPolygon","coordinates":[[[[-93.1,-61.3],[-93.1,-61.5],[-93.4,-61.7],[-93.6,-61.8],[-93.8,-61.6],[-93.4,-61.5],[-93.7,-61.4],[-93.1,-61.3]]]]}},{"type":"Feature","properties":{},"geometry":{"type":"MultiPolygon","coordinates":[[[[-93,-61.2],[-93.3,-61.3],[-93.6,-61.3],[-94,-61.4],[-93.8,-61.2],[-93.6,-61.2],[-93.3,-61],[-93,-61.2]]]]}},{"type":"Feature","properties":{},"geometry":{"type":"MultiPolygon","coordinates":[[[[-87.5,-57.8],[-87.7,-58],[-87.8,-58],[-87.5,-58.1],[-88.3,-57.9],[-87.8,-57.9],[-87.8,-57.8],[-87.5,-57.8]]]]}},{"type":"Feature","properties":{},"geometry":{"type":"MultiPolygon","coordinates":[[[[-84.6,-57.4],[-84.9,-57.6],[-84.9,-57.3],[-84.5,-57.3],[-84.6,-57.4]]]]}},{"type":"Feature","properties":{},"geometry":{"type":"MultiPolygon","coordinates":[[[[-88.5,-58.6],[-88.9,-58.7],[-89,-58.5],[-88.8,-58.6],[-88.4,-58.5],[-88.5,-58.6]]]]}},{"type":"Feature","properties":{},"geometry":{"type":"MultiPolygon","coordinates":[[[[-84.3,-57.1],[-84.5,-57.2],[-84.7,-57.1],[-84.6,-57],[-84.4,-56.9],[-84.3,-57.1]]]]}},{"type":"Feature","properties":{},"geometry":{"type":"MultiPolygon","coordinates":[[[[-87.9,-58.5],[-88.4,-58.8],[-88.3,-58.6],[-88.1,-58.5],[-88.1,-58.3],[-87.9,-58.5]]]]}},{"type":"Feature","properties":{},"geometry":{"type":"MultiPolygon","coordinates":[[[[-94.6,-62.3],[-95,-62.4],[-95.3,-62.3],[-95,-62.2],[-95.2,-62.1],[-94.9,-62.1],[-94.6,-62.3]]]]}},{"type":"Feature","properties":{},"geometry":{"type":"MultiPolygon","coordinates":[[[[-94.3,-62.8],[-94.7,-62.7],[-94.5,-62.6],[-94.3,-62.6],[-94.3,-62.8]]]]}},{"type":"Feature","properties":{},"geometry":{"type":"MultiPolygon","coordinates":[[[[-89.3,-58.7],[-89.7,-58.7],[-90,-58.5],[-89.3,-58.7]]]]}},{"type":"Feature","properties":{},"geometry":{"type":"MultiPolygon","coordinates":[[[[-85,-57],[-85.6,-57],[-85.4,-57],[-85.3,-56.9],[-85,-57]]]]}},{"type":"Feature","properties":{},"geometry":{"type":"MultiPolygon","coordinates":[[[[-88.4,-58],[-88.6,-58.1],[-88.9,-58.1],[-88.8,-57.9],[-88.4,-58]]]]}},{"type":"Feature","properties":{},"geometry":{"type":"MultiPolygon","coordinates":[[[[-86.9,-57.6],[-87.4,-57.7],[-87.2,-57.4],[-86.9,-57.6]]]]}},{"type":"Feature","properties":{},"geometry":{"type":"MultiPolygon","coordinates":[[[[-85.7,-57.2],[-85.8,-57.3],[-85.9,-57.2],[-85.7,-57.2]]]]}},{"type":"Feature","properties":{},"geometry":{"type":"MultiPolygon","coordinates":[[[[-85.8,-57.5],[-86.1,-57.5],[-85.9,-57.5],[-85.8,-57.5]]]]}},{"type":"Feature","properties":{},"geometry":{"type":"MultiPolygon","coordinates":[[[[-90.5,-58.8],[-90.9,-58.7],[-90.7,-58.8],[-90.5,-58.8]]]]}},{"type":"Feature","properties":{},"geometry":{"type":"MultiPolygon","coordinates":[[[[-91.1,-59.7],[-91.6,-59.6],[-91.6,-59.5],[-91.1,-59.7]]]]}},{"type":"Feature","properties":{},"geometry":{"type":"MultiPolygon","coordinates":[[[[-84,-57],[-84.2,-57.1],[-84.2,-56.9],[-84,-57]]]]}},{"type":"Feature","properties":{},"geometry":{"type":"MultiPolygon","coordinates":[[[[-89.6,-58.4],[-89.8,-58.5],[-90.4,-58.5],[-89.6,-58.4]]]]}},{"type":"Feature","properties":{},"geometry":{"type":"MultiPolygon","coordinates":[[[[-85.9,-57.3],[-86.3,-57.4],[-86.5,-57.3],[-85.9,-57.3]]]]}},{"type":"Feature","properties":{},"geometry":{"type":"MultiPolygon","coordinates":[[[[-90.3,-59.3],[-90.4,-59.4],[-90.5,-59.3],[-90.3,-59.3]]]]}},{"type":"Feature","properties":{},"geometry":{"type":"MultiPolygon","coordinates":[[[[-88.5,-58.4],[-88.8,-58.5],[-88.8,-58.4],[-88.7,-58.3],[-88.5,-58.3],[-88.5,-58.4]]]]}},{"type":"Feature","properties":{},"geometry":{"type":"MultiPolygon","coordinates":[[[[-89.6,-59.1],[-89.9,-59.3],[-89.9,-59.2],[-89.6,-59.1]]]]}},{"type":"Feature","properties":{},"geometry":{"type":"MultiPolygon","coordinates":[[[[-90.9,-59.4],[-91.2,-59.4],[-90.9,-59.3],[-90.9,-59.4]]]]}},{"type":"Feature","properties":{},"geometry":{"type":"MultiPolygon","coordinates":[[[[-92.8,-60.2],[-93.2,-60.2],[-93,-60],[-92.8,-60.2]]]]}},{"type":"Feature","properties":{},"geometry":{"type":"MultiPolygon","coordinates":[[[[-83.6,-56.8],[-84,-56.8],[-83.8,-56.8],[-83.6,-56.8]]]]}},{"type":"Feature","properties":{},"geometry":{"type":"MultiPolygon","coordinates":[[[[86.1,-47.3],[87.8,-47.2],[90.1,-47],[89,-47.5],[87.9,-48],[84.5,-49],[86.1,-47.3]]]]}},{"type":"Feature","properties":{},"geometry":{"type":"MultiPolygon","coordinates":[[[[88.4,-46.3],[90.7,-46.3],[86.6,-47.3],[88.3,-46.4],[88.4,-46.3]]]]}},{"type":"Feature","properties":{},"geometry":{"type":"MultiPolygon","coordinates":[[[[90.7,-46.3],[93.2,-46.4],[94.7,-48.3],[92,-47.6],[90.1,-47],[87.8,-47.2],[90.7,-46.3]]]]}},{"type":"Feature","properties":{},"geometry":{"type":"MultiPolygon","coordinates":[[[[113.9,-47.7],[118.6,-47.2],[120.7,-46.6],[123.8,-45.7],[122.2,-46.6],[119.5,-47.4],[119.2,-47.3],[118.7,-47.7],[117.3,-48.2],[115.6,-49.1],[112.9,-50],[112.4,-49.8],[112.8,-49.2],[113.9,-48.1],[113.9,-47.7]]]]}},{"type":"Feature","properties":{},"geometry":{"type":"MultiPolygon","coordinates":[[[[121.4,-44],[124.8,-44.5],[123.8,-45.7],[120.7,-46.6],[118.6,-47.2],[113.9,-47.7],[115,-47.4],[115.7,-47.4],[116,-47.1],[117.2,-46.3],[117.8,-46],[118.4,-45.9],[118.6,-45.8],[119.3,-45.4],[119.8,-45.1],[119.1,-45],[120.2,-44.4],[121.4,-44]]]]}},{"type":"Feature","properties":{},"geometry":{"type":"MultiPolygon","coordinates":[[[[-70.5,55.9],[-70.5,55.5],[-70.6,55.3],[-71,55.3],[-70.6,55.7],[-70.5,55.9]]]]}},{"type":"Feature","properties":{},"geometry":{"type":"MultiPolygon","coordinates":[[[[-71.8,56.2],[-71.7,55.9],[-71.4,55.5],[-71.3,55.4],[-71.2,55.2],[-71.3,55.1],[-71.3,55],[-71,55],[-71.2,54.8],[-71.3,54.7],[-71.1,54.6],[-71.1,54.5],[-71.4,54.5],[-71.4,54.9],[-71.6,54.7],[-71.5,54.8],[-71.5,55.1],[-72,55.1],[-71.8,55.2],[-72.2,55.5],[-71.8,56],[-71.8,56.2]]]]}},{"type":"Feature","properties":{},"geometry":{"type":"MultiPolygon","coordinates":[[[[-71.9,58.1],[-72.1,57.8],[-71.9,57.4],[-71.9,57.3],[-72.1,57.3],[-72.3,57.2],[-72.4,57.3],[-72.3,57.5],[-72.4,58.1],[-72.3,58.1],[-71.9,58.1]]]]}},{"type":"Feature","properties":{},"geometry":{"type":"MultiPolygon","coordinates":[[[[-70.3,55.1],[-70.5,54.9],[-70.4,55.4],[-70.3,55.4],[-70.3,55.1]]]]}},{"type":"Feature","properties":{},"geometry":{"type":"MultiPolygon","coordinates":[[[[-71.5,56.9],[-71.4,56.4],[-71.6,56.5],[-71.9,56.3],[-72.1,56.8],[-72.2,57],[-71.5,56.9]]]]}},{"type":"Feature","properties":{},"geometry":{"type":"MultiPolygon","coordinates":[[[[-68.9,52.7],[-68.7,51.9],[-68.8,51.9],[-69.1,52.1],[-69.1,52.3],[-69,52.6],[-68.9,52.7]]]]}},{"type":"Feature","properties":{},"geometry":{"type":"MultiPolygon","coordinates":[[[[-72.4,56.9],[-72,56.7],[-72.2,56.5],[-72.3,56.3],[-72.4,56.2],[-72.7,56.2],[-72.8,56.3],[-72.4,56.5],[-72.5,56.6],[-72.5,56.9],[-72.4,56.9]]]]}},{"type":"Feature","properties":{},"geometry":{"type":"MultiPolygon","coordinates":[[[[-69.8,53.4],[-69.4,52.6],[-69.6,53.1],[-69.8,53.3],[-69.8,53.4]]]]}},{"type":"Feature","properties":{},"geometry":{"type":"MultiPolygon","coordinates":[[[[-70.9,56],[-70.8,55.8],[-70.9,55.6],[-71.2,55.9],[-71,56.1],[-70.9,56]]]]}},{"type":"Feature","properties":{},"geometry":{"type":"MultiPolygon","coordinates":[[[[-72.1,55.1],[-72,54.9],[-72,54.7],[-72.1,55],[-72.1,55.1]]]]}},{"type":"Feature","properties":{},"geometry":{"type":"MultiPolygon","coordinates":[[[[-70.6,56],[-70.6,55.9],[-70.7,56.1],[-70.6,56]]]]}},{"type":"Feature","properties":{},"geometry":{"type":"MultiPolygon","coordinates":[[[[-69.9,53.6],[-69.9,53.5],[-70.3,53.4],[-69.9,53.6]]]]}},{"type":"Feature","properties":{},"geometry":{"type":"MultiPolygon","coordinates":[[[[-71.8,56],[-72.4,55.9],[-72.2,56.1],[-71.8,56]]]]}},{"type":"Feature","properties":{},"geometry":{"type":"MultiPolygon","coordinates":[[[[-68.3,52.1],[-68.5,51.8],[-68.5,52],[-68.3,52.1]]]]}},{"type":"Feature","properties":{},"geometry":{"type":"MultiPolygon","coordinates":[[[[89.4,-47.4],[91.1,-47.4],[94.8,-48.5],[93.9,-48.8],[90.1,-48.3],[89.4,-47.4]]]]}},{"type":"Feature","properties":{},"geometry":{"type":"MultiPolygon","coordinates":[[[[109.5,-48.2],[106.3,-48.6],[106.8,-48],[109.5,-48.2]]]]}},{"type":"Feature","properties":{},"geometry":{"type":"MultiPolygon","coordinates":[[[[-49,41.1],[-48.5,38],[-49.4,38.7],[-49.6,38.2],[-50,37.6],[-50.4,36.4],[-50.8,34.6],[-50.7,35.6],[-50.7,36.4],[-50.8,37.7],[-51.2,38.1],[-51.3,38.6],[-50.4,38.7],[-50.6,40],[-49.8,40.2],[-50.2,41.4],[-49,41.1]]]]}},{"type":"Feature","properties":{},"geometry":{"type":"MultiPolygon","coordinates":[[[[-18.9,39.3],[-18.7,41],[-18.3,41.4],[-18.3,40.6],[-18.7,39.4],[-18.9,39.3]]]]}},{"type":"Feature","properties":{},"geometry":{"type":"MultiPolygon","coordinates":[[[[68.8,16.2],[69.7,13.9],[71.1,12.2],[71.5,9.5],[71.3,8.1],[71.8,6.8],[72,6.2],[69.8,8.8],[69.8,11.5],[69.1,13.8],[68.8,16.2]]]]}},{"type":"Feature","properties":{},"geometry":{"type":"MultiPolygon","coordinates":[[[[103.9,-47.7],[104.4,-47.8],[102.8,-48.1],[103.9,-47.7]]]]}},{"type":"Feature","properties":{},"geometry":{"type":"MultiPolygon","coordinates":[[[[108.4,-44.1],[110.9,-44.1],[111.8,-44.1],[112.7,-44.1],[114,-44.2],[115.8,-44.4],[115.4,-44.6],[114.4,-44.8],[113.9,-44.6],[113.5,-44.7],[112.7,-44.6],[113,-44.9],[112.4,-44.9],[112.1,-44.9],[111.9,-44.9],[111.3,-45],[110.8,-44.8],[110.8,-45.1],[110.4,-45.1],[110.2,-45.2],[110,-45.3],[109.8,-45.2],[109.4,-45.3],[108.8,-45.5],[108.2,-45.9],[108.3,-45.9],[107.4,-46.2],[106.8,-46.4],[106.2,-46.5],[105.6,-46.7],[108.4,-44.1]]]]}},{"type":"Feature","properties":{},"geometry":{"type":"MultiPolygon","coordinates":[[[[115.9,-44.4],[116.3,-44.3],[115.8,-44.5],[115.9,-44.4]]]]}},{"type":"Feature","properties":{},"geometry":{"type":"MultiPolygon","coordinates":[[[[76,14.1],[78.8,12.4],[78.8,12.3],[78.5,12],[78.3,11.8],[77.9,11.8],[75.5,13.1],[75.1,14.4],[76,14.1]]]]}},{"type":"Feature","properties":{},"geometry":{"type":"MultiPolygon","coordinates":[[[[-16.6,37.7],[-17.4,38.4],[-16.8,38.7],[-16,40.7],[-14.5,42.4],[-14,43],[-13.8,42.4],[-14.6,41.5],[-16.1,39.2],[-16.4,37.7],[-16.6,37.7]]]]}},{"type":"Feature","properties":{},"geometry":{"type":"MultiPolygon","coordinates":[[[[23.2,-11.3],[23.3,-10.3],[24.4,-11.2],[24.3,-12.1],[23.8,-11.1],[23.2,-11.2],[23.2,-11.3]]]]}},{"type":"Feature","properties":{},"geometry":{"type":"MultiPolygon","coordinates":[[[[-30.8,23.5],[-31.1,22.2],[-31.4,20.3],[-31.1,20.2],[-31.7,18.5],[-32,18.6],[-33.2,18.4],[-32.9,19.2],[-32.6,19.6],[-33,19.8],[-32,21],[-31.2,23.4],[-30.8,23.5]]]]}},{"type":"Feature","properties":{},"geometry":{"type":"MultiPolygon","coordinates":[[[[-10,70.7],[-18.4,72.7],[-17.9,72.9],[-15.6,73.3],[-14.7,73.1],[-10.4,73.5],[-8,74.4],[-5.4,75.4],[-2.4,76.2],[-1.7,76.5],[-0.3,77],[-0.9,75.8],[-4.6,72.7],[-10,70.7]]]]}},{"type":"Feature","properties":{},"geometry":{"type":"MultiPolygon","coordinates":[[[[5.2,57.8],[8.5,62.3],[6.4,65],[10.2,64.6],[11.1,63.5],[10.5,62],[7.1,58.9],[5.2,57.8]]]]}},{"type":"Feature","properties":{},"geometry":{"type":"MultiPolygon","coordinates":[[[[9.6,38],[10,38],[10.2,37.5],[10.4,37.4],[10.3,37.2],[10.1,37.3],[9.9,37.4],[9.8,37.8],[9.6,37.9],[9.6,38]]]]}},{"type":"Feature","properties":{},"geometry":{"type":"MultiPolygon","coordinates":[[[[10.4,39.7],[10.5,39.4],[9.9,39.8],[10.4,39.7]]]]}},{"type":"Feature","properties":{},"geometry":{"type":"MultiPolygon","coordinates":[[[[10.2,40.1],[10,39.9],[9.5,40.3],[10.2,40.1]]]]}},{"type":"Feature","properties":{},"geometry":{"type":"MultiPolygon","coordinates":[[[[9.6,37.6],[9.8,37.4],[9.8,37.1],[9.5,37.5],[9.6,37.6]]]]}},{"type":"Feature","properties":{},"geometry":{"type":"MultiPolygon","coordinates":[[[[10.6,39.1],[10.8,39],[10.6,39.3],[10.6,39.1]]]]}},{"type":"Feature","properties":{},"geometry":{"type":"MultiPolygon","coordinates":[[[[9.5,38.7],[10.1,39],[9.6,38.6],[9.5,38.7]]]]}},{"type":"Feature","properties":{},"geometry":{"type":"MultiPolygon","coordinates":[[[[9.1,39],[9.5,38.9],[9.3,39],[9.1,39]]]]}},{"type":"Feature","properties":{},"geometry":{"type":"MultiPolygon","coordinates":[[[[-7,32.5],[-7.1,32.9],[-6.7,33.3],[-6.4,33.2],[-6.8,32.7],[-7,32.5]]]]}},{"type":"Feature","properties":{},"geometry":{"type":"MultiPolygon","coordinates":[[[[-7.7,32.8],[-8.6,33.4],[-8.4,33.5],[-9,34.2],[-8.7,34],[-8.4,34.3],[-7.8,34],[-7.5,34.1],[-7.6,33.5],[-7.7,33.2],[-7.7,32.8]]]]}},{"type":"Feature","properties":{},"geometry":{"type":"MultiPolygon","coordinates":[[[[-0.1,33.3],[-0.4,32.4],[-0.5,32.1],[-0.8,31.8],[-0.9,31.7],[-1.1,31.7],[-1.2,31.7],[-1.5,31.7],[-1.7,31.6],[-2.1,31.9],[-2,32.2],[-1.9,32.6],[-1.4,32.5],[-1,32.6],[-1.3,32.8],[-1.4,32.9],[-1.6,33],[-1.7,33.2],[-1.6,33.3],[-1.4,33.7],[-1.1,33.5],[-1.2,33.7],[-1,33.8],[-0.6,33.7],[-0.4,34.2],[-0.1,34.1],[0,34.3],[-0.1,33.4],[-0.1,33.3]]]]}},{"type":"Feature","properties":{},"geometry":{"type":"MultiPolygon","coordinates":[[[[-6.7,35.1],[-7.3,34.8],[-8.1,34.6],[-7.8,35.1],[-8.4,34.9],[-8.6,35],[-9,35],[-8.9,35.2],[-9.1,35.3],[-9,35.6],[-8.8,35.8],[-8,35.5],[-7,35.1],[-6.9,35.1],[-6.7,35.1]]]]}},{"type":"Feature","properties":{},"geometry":{"type":"MultiPolygon","coordinates":[[[[-3.1,33.9],[-3,33.4],[-3.1,33.1],[-3.4,32.5],[-3.9,32.6],[-3.8,33.3],[-4,33.7],[-3.6,33.6],[-3.7,33.8],[-3.5,34],[-3.1,33.9]]]]}},{"type":"Feature","properties":{},"geometry":{"type":"MultiPolygon","coordinates":[[[[-2.8,31.9],[-3.3,32],[-3,32.3],[-2.9,32.8],[-2.5,32.6],[-2.7,32.2],[-2.8,31.9]]]]}},{"type":"Feature","properties":{},"geometry":{"type":"MultiPolygon","coordinates":[[[[-5.8,34],[-6.3,34.5],[-5.4,34.2],[-5.6,34.1],[-5.8,34]]]]}},{"type":"Feature","properties":{},"geometry":{"type":"MultiPolygon","coordinates":[[[[-4.7,34.4],[-5.3,34.6],[-5.4,35],[-4.7,34.4]]]]}},{"type":"Feature","properties":{},"geometry":{"type":"MultiPolygon","coordinates":[[[[-3,31.9],[-2.8,31.6],[-3.3,31.7],[-3,31.9]]]]}},{"type":"Feature","properties":{},"geometry":{"type":"MultiPolygon","coordinates":[[[[9.5,31.1],[8.6,31.6],[8.4,31.8],[8.1,31.9],[7.1,32.6],[7.4,32.8],[7.8,32.7],[8.4,32.5],[9.1,32.4],[9,32],[9.5,31.2],[9.5,31.1]]]]}},{"type":"Feature","properties":{},"geometry":{"type":"MultiPolygon","coordinates":[[[[7.2,33.4],[7.7,33.5],[7.6,33.7],[7.7,33.8],[7.9,33.8],[8,33.9],[8.3,34],[8.7,34],[8.9,33.4],[8.6,33.1],[8.3,33],[7.8,32.8],[7.5,33],[7.5,33.1],[7.2,33.4]]]]}},{"type":"Feature","properties":{},"geometry":{"type":"MultiPolygon","coordinates":[[[[10.4,32.2],[10.4,31.9],[9.5,32],[10.4,32.2]]]]}},{"type":"Feature","properties":{},"geometry":{"type":"MultiPolygon","coordinates":[[[[9.1,32.4],[9.5,32.3],[9.2,32.2],[9.1,32.4]]]]}},{"type":"Feature","properties":{},"geometry":{"type":"MultiPolygon","coordinates":[[[[90.6,-45.4],[96.5,-45.3],[99.3,-45.6],[103.8,-45.3],[107.1,-44],[108.3,-44.2],[106.3,-46.1],[105,-46.9],[104.3,-46.9],[104.1,-47.2],[103.6,-47.5],[103.2,-47.7],[101.4,-48.2],[95.9,-48.8],[94.7,-47.4],[92.9,-46.2],[90.3,-46.3],[89.1,-45.9],[89.8,-45.6],[90.6,-45.4]]]]}},{"type":"Feature","properties":{},"geometry":{"type":"MultiPolygon","coordinates":[[[[74.9,6.1],[76.9,5.4],[80.7,3.8],[80.9,3.6],[80.8,3.5],[80.8,3.3],[80.7,3],[80.5,2.8],[79.5,1.7],[79.3,3],[78.8,3.1],[78.4,3.4],[77.8,3.1],[77.8,3.5],[77.5,3.7],[77.2,3.3],[77,3.9],[76.9,4.1],[76.3,4.5],[76,4.5],[75.9,4.6],[75.7,4.6],[75.4,4.7],[73.8,6.4],[74.9,6.1]]]]}},{"type":"Feature","properties":{},"geometry":{"type":"MultiPolygon","coordinates":[[[[84.2,-1.9],[84,-2],[83.8,-1.9],[84.2,-1.9]]]]}},{"type":"Feature","properties":{},"geometry":{"type":"MultiPolygon","coordinates":[[[[78.3,3.1],[78.3,2.8],[78.2,3.2],[78.3,3.1]]]]}},{"type":"Feature","properties":{},"geometry":{"type":"MultiPolygon","coordinates":[[[[-46.9,-16.2],[-47.3,-16.5],[-47.7,-16.6],[-47.7,-17.2],[-48.4,-17.7],[-49.2,-17.3],[-50.6,-16.6],[-50.3,-14.4],[-49.3,-12.7],[-48.1,-11],[-47.2,-9.3],[-46.2,-8.6],[-46,-8.2],[-45.6,-7.9],[-44.7,-8],[-45.6,-11.1],[-46.9,-16.2]]]]}},{"type":"Feature","properties":{},"geometry":{"type":"MultiPolygon","coordinates":[[[[113.5,-43.4],[114.4,-43.4],[117.7,-43.6],[119.5,-43.9],[118.7,-44.5],[117.9,-44.5],[116.9,-45],[116.7,-44.8],[116.3,-44.9],[115.8,-44.9],[115.6,-44.8],[114.9,-44.9],[113.8,-44.8],[112.9,-45],[112.1,-45.2],[111.9,-45.2],[111.7,-45.3],[111.3,-45.4],[111.1,-45.5],[110.7,-45.5],[110,-45.7],[109.8,-45.9],[108.4,-44.9],[109.1,-44.9],[110.5,-44.4],[111.8,-44.3],[112.3,-44.3],[113,-43.6],[113.5,-43.4]]]]}},{"type":"Feature","properties":{},"geometry":{"type":"MultiPolygon","coordinates":[[[[-42.3,-8.6],[-42.3,-9.2],[-42.2,-9.6],[-42,-10.2],[-42.1,-10.5],[-42.1,-10.8],[-42.2,-11.3],[-42.5,-11.9],[-42.5,-12.4],[-42.5,-12.9],[-44.3,-13.7],[-47.1,-15.2],[-48.8,-15.9],[-50,-16.5],[-50,-16.2],[-50.4,-16.4],[-50.5,-16.4],[-51,-15.7],[-50.5,-15.2],[-49.9,-14.8],[-49.6,-14.4],[-48.8,-14.1],[-48.1,-13.6],[-47.6,-13.8],[-47.4,-13.7],[-47.2,-13.4],[-46.9,-13.4],[-46.7,-13],[-46.5,-12.8],[-46.1,-12.9],[-45.8,-12.9],[-45.5,-12.9],[-45.4,-12.8],[-45.4,-12.6],[-45.2,-12.6],[-44.9,-12.5],[-44.7,-12.4],[-44.6,-12.3],[-44.6,-12.2],[-44.4,-12.2],[-44.6,-12],[-44.7,-11.9],[-44.6,-11.7],[-44.3,-11.4],[-44,-10.6],[-43.7,-10.4],[-43.7,-9.8],[-43.4,-9.7],[-43.6,-9.2],[-43.3,-8.8],[-42.5,-8.3],[-42.3,-8.5],[-42.3,-8.6]]]]}},{"type":"Feature","properties":{},"geometry":{"type":"MultiPolygon","coordinates":[[[[-88.8,-75.7],[-102.1,-73.9],[-98.5,-72.5],[-96.5,-72.1],[-95.1,-72],[-94,-72.6],[-92.3,-72.5],[-91.2,-72.5],[-90.1,-72.5],[-88.4,-72.4],[-84.4,-72],[-83.8,-69.5],[-83.8,-68.6],[-82.4,-68.5],[-82.3,-68.2],[-82.4,-67.7],[-81.8,-67.5],[-81.9,-67.2],[-82,-66.9],[-81.7,-66.8],[-82.5,-66.4],[-81.9,-66.3],[-81.7,-66.6],[-81,-65.9],[-80.3,-65.7],[-80.2,-65.4],[-79.2,-65.4],[-78.9,-65.2],[-78.7,-64.9],[-78.5,-64.7],[-78.1,-64.4],[-77.4,-64.5],[-77,-64.4],[-76.9,-64.1],[-76.5,-64.3],[-76,-64.2],[-75.9,-63.9],[-75.4,-63.8],[-75.2,-63.6],[-74.2,-63.5],[-73.6,-63.3],[-72.3,-63],[-71.2,-63],[-71,-63.3],[-71.7,-63.1],[-71.8,-63.3],[-73.1,-63.8],[-73.2,-64],[-73.7,-64],[-74.1,-64.2],[-74.8,-64.1],[-75.9,-64.6],[-76.7,-64.8],[-76.7,-65.2],[-76.5,-65.6],[-76.1,-65.4],[-75.5,-65.7],[-75.8,-65.9],[-76.3,-65.7],[-76.7,-65.7],[-77.6,-66],[-78.5,-65.6],[-78.7,-65.8],[-78.8,-65.9],[-79,-66.3],[-79.5,-66.1],[-79.9,-66.4],[-80,-66.6],[-80.6,-66.6],[-80.5,-67.3],[-80.1,-67.3],[-80.3,-67.7],[-80,-68.1],[-79.6,-68.1],[-79.6,-67.9],[-78.7,-67.8],[-79,-68.2],[-79.1,-68.6],[-78.2,-68.9],[-78.4,-69.6],[-78.1,-69.9],[-78.1,-70.2],[-77.8,-70.5],[-77.5,-70.8],[-78.3,-71],[-77.5,-71.3],[-78.9,-71.4],[-78,-71.5],[-77.6,-71.7],[-78.1,-71.9],[-78.3,-72.2],[-77.8,-72.5],[-77.4,-72.7],[-78.3,-72.7],[-79,-72.7],[-79.2,-73],[-78.8,-73.2],[-79.5,-73.3],[-78.9,-73.5],[-79.9,-73.7],[-79.4,-74],[-80.9,-74.3],[-81.7,-74.2],[-81.4,-74.5],[-81.6,-74.7],[-86.8,-75.2],[-88.6,-75.5],[-88.7,-75.6],[-88.8,-75.7]]]]}},{"type":"Feature","properties":{},"geometry":{"type":"MultiPolygon","coordinates":[[[[-85.4,-68],[-84.9,-69],[-84.7,-71],[-85.5,-71.5],[-87.3,-71.6],[-89.2,-71.6],[-88.5,-71.3],[-87.6,-71.3],[-87.4,-70.9],[-88.4,-70.6],[-89.7,-70.9],[-91.4,-70.8],[-90.3,-70.6],[-89.4,-70.5],[-88.2,-70.4],[-87.6,-70.2],[-85.9,-70.2],[-86.5,-69.5],[-85.9,-69.3],[-87.4,-69],[-87.4,-68.1],[-85.4,-68]]]]}},{"type":"Feature","properties":{},"geometry":{"type":"MultiPolygon","coordinates":[[[[-89.6,-69.5],[-92.1,-69.8],[-90.2,-69.7],[-89.6,-69.5]]]]}},{"type":"Feature","properties":{},"geometry":{"type":"MultiPolygon","coordinates":[[[[-90.8,-71.9],[-91.4,-72.5],[-92,-72],[-91.8,-71.7],[-90.8,-71.9]]]]}},{"type":"Feature","properties":{},"geometry":{"type":"MultiPolygon","coordinates":[[[[-90,-68.9],[-91,-68.7],[-89.8,-68.9],[-90,-68.9]]]]}},{"type":"Feature","properties":{},"geometry":{"type":"MultiPolygon","coordinates":[[[[180,-82.2],[177.7,-82.3],[179.3,-82.2],[180,-82.2]]]]}},{"type":"Feature","properties":{},"geometry":{"type":"MultiPolygon","coordinates":[[[[-180,-82.7],[-177.4,-82.5],[-172.9,-82.5],[-172.4,-82],[-167.4,-81.4],[-170.1,-80.3],[-169.6,-79.9],[-164,-79.6],[-164.5,-79.5],[-165.1,-79.4],[-165.4,-79.3],[-165.8,-78.9],[-163.8,-78.8],[-163.6,-78.8],[-165.9,-78.4],[-167.1,-78],[-168.2,-78],[-171.1,-77.5],[-169.1,-77.1],[-170.2,-77],[-173.3,-76.9],[-172.9,-76],[-171.3,-76],[-168.7,-76.2],[-165.5,-76.7],[-164.6,-76.4],[-163.8,-76.1],[-162.9,-76.1],[-162,-76.1],[-162,-75.7],[-163.1,-75.3],[-164.4,-75.1],[-162.3,-75.3],[-162.3,-74.8],[-159.6,-74.4],[-158,-74.6],[-156.9,-74.3],[-155.3,-74.5],[-147,-74.7],[-136.5,-74.6],[-129,-74.3],[-117.5,-74.7],[-98.7,-76.2],[-96.5,-77],[-94.8,-77.5],[-97.8,-77.4],[-102.1,-77.1],[-101.9,-77.3],[-99.8,-77.6],[-99.2,-78.2],[-102.8,-78],[-104.1,-77.7],[-104.7,-77.7],[-104.4,-78],[-102.7,-78.6],[-102.2,-79],[-97.9,-78.9],[-100,-79.4],[-98.3,-79.5],[-101.1,-80],[-107.3,-81.4],[-114.3,-81.6],[-114,-82.8],[-106.7,-83.3],[-115.5,-84.1],[-131.8,-82.1],[-156.6,-83.7],[-169.4,-83.8],[-176.5,-83.4],[-175.7,-83.3],[-176.8,-82.9],[-180,-82.7]]]]}},{"type":"Feature","properties":{},"geometry":{"type":"MultiPolygon","coordinates":[[[[143.1,-33],[141.7,-32.8],[140.3,-32.5],[139.4,-32.4],[138.5,-32.2],[137.8,-31.9],[137.8,-31.4],[137.8,-31],[138.6,-31.1],[139,-31.4],[140,-31.6],[140.9,-31.2],[141.3,-31.3],[141.7,-31.8],[142.8,-32.4],[143.1,-33]]]]}},{"type":"Feature","properties":{},"geometry":{"type":"MultiPolygon","coordinates":[[[[132.3,-33.5],[131.9,-34],[131.5,-34.1],[131.9,-34],[131.1,-33.8],[130.9,-33.8],[130.6,-33.5],[130.4,-33.5],[130.6,-33.1],[130.7,-32.9],[130.3,-33.2],[130.1,-33.5],[129.8,-33.9],[129.6,-33.3],[129.4,-33.1],[129,-32.6],[128.7,-32.4],[129.2,-32.4],[129.9,-32.3],[130.2,-32.5],[130.4,-32.4],[130.6,-32.5],[130.8,-32.6],[130.9,-32.3],[131,-32.1],[131.5,-32.9],[131.6,-32.5],[131.9,-32.9],[132,-33.4],[132.3,-33.5]]]]}},{"type":"Feature","properties":{},"geometry":{"type":"MultiPolygon","coordinates":[[[[131.1,-31.6],[131.4,-32.6],[130.8,-32.7],[129.9,-33],[128.9,-32.9],[128.9,-32.5],[128.5,-32.4],[128.4,-32.4],[128.2,-32.3],[128,-32.4],[127.6,-32.4],[127.9,-31.9],[129.6,-31.4],[131.1,-31.6]]]]}},{"type":"Feature","properties":{},"geometry":{"type":"MultiPolygon","coordinates":[[[[131.6,-33],[131.9,-33],[131.7,-33.3],[130.9,-33.3],[131.6,-33]]]]}},{"type":"Feature","properties":{},"geometry":{"type":"MultiPolygon","coordinates":[[[[129.4,-32.8],[129.8,-33.1],[129.6,-33.2],[129.2,-33.2],[129.1,-32.8],[129.4,-32.8]]]]}},{"type":"Feature","properties":{},"geometry":{"type":"MultiPolygon","coordinates":[[[[132.1,-33],[133.2,-32.9],[132.2,-33.1],[132.1,-33]]]]}},{"type":"Feature","properties":{},"geometry":{"type":"MultiPolygon","coordinates":[[[[123.5,-39.6],[122.1,-40.2],[120.5,-40.9],[119.3,-41.6],[119,-41.4],[118.8,-41],[120.5,-40.2],[122.3,-39.6],[123.5,-39.6]]]]}},{"type":"Feature","properties":{},"geometry":{"type":"MultiPolygon","coordinates":[[[[128.9,-38.4],[128.4,-38.8],[128.4,-38.6],[128.6,-38],[128.9,-38],[128.9,-38.4]]]]}},{"type":"Feature","properties":{},"geometry":{"type":"MultiPolygon","coordinates":[[[[118.3,-42.2],[117.7,-42.1],[118.4,-41.9],[118.3,-42.2]]]]}},{"type":"Feature","properties":{},"geometry":{"type":"MultiPolygon","coordinates":[[[[-23.9,-12.3],[-25,-13.7],[-25.1,-13.7],[-25.4,-13.5],[-25.5,-13.4],[-25.4,-13.1],[-25.5,-12.8],[-25.5,-12.7],[-25.7,-12.5],[-25.7,-12.4],[-25.7,-11.8],[-25.6,-11.4],[-25.7,-11.5],[-25.7,-10.8],[-25.4,-10.6],[-25.5,-10.4],[-25.7,-10.3],[-25,-10.5],[-24.8,-11.4],[-24.2,-12.2],[-23.9,-12.3]]]]}},{"type":"Feature","properties":{},"geometry":{"type":"MultiPolygon","coordinates":[[[[-21.9,-14.1],[-22.2,-14.2],[-21.9,-14],[-21.8,-13.8],[-21.9,-13.6],[-21.7,-13.9],[-21.9,-14.1]]]]}},{"type":"Feature","properties":{},"geometry":{"type":"MultiPolygon","coordinates":[[[[-22.8,-13.1],[-22.3,-13.3],[-22.8,-13],[-22.8,-13.1]]]]}},{"type":"Feature","properties":{},"geometry":{"type":"MultiPolygon","coordinates":[[[[5.2,33.7],[3.4,33.5],[1,33.4],[1.3,33.5],[0.6,33.8],[1,34],[0.7,34.2],[0.5,34.3],[1,34.3],[1.4,34.5],[1.6,34],[1.7,34.1],[1.6,34.4],[1.8,34.5],[2.3,34.3],[3.1,34.5],[3.2,34.4],[3.7,34.6],[4.4,34.1],[4.7,33.7],[5.1,33.7],[5.2,33.7]]]]}},{"type":"Feature","properties":{},"geometry":{"type":"MultiPolygon","coordinates":[[[[-0.1,32.8],[-0.2,33],[0.1,33.2],[-0.1,32.8]]]]}},{"type":"Feature","properties":{},"geometry":{"type":"MultiPolygon","coordinates":[[[[3.6,29.5],[2.7,29.6],[2,29.5],[0.3,29],[-0.3,28.7],[-0.5,28.9],[-0.5,29],[-0.2,29.2],[0,29.3],[-0.4,29.2],[0.4,29.7],[0.7,29.3],[1,29.5],[0.5,29.8],[0.6,29.8],[0.8,30],[1.4,30.3],[1.7,29.9],[1.5,30.4],[2.1,30.3],[5.1,30.5],[3.8,30],[3.4,29.6],[3.6,29.5]]]]}},{"type":"Feature","properties":{},"geometry":{"type":"MultiPolygon","coordinates":[[[[-0.7,28.5],[-0.9,28.5],[-1.1,28.5],[-1.4,28.6],[-1.2,28.5],[-1.1,28.7],[-0.8,29.2],[-0.8,28.6],[-0.7,28.5]]]]}},{"type":"Feature","properties":{},"geometry":{"type":"MultiPolygon","coordinates":[[[[5,31.6],[1.4,31.5],[1.8,31.5],[2.4,31.6],[2.9,32.1],[2.4,31.9],[1.5,31.8],[1.4,32],[0.9,32],[1.6,32.3],[3.8,32.6],[5.4,32.7],[5.7,32.3],[5.1,31.8],[4.9,31.7],[4.3,31.7],[3.9,31.5],[5,31.6]]]]}},{"type":"Feature","properties":{},"geometry":{"type":"MultiPolygon","coordinates":[[[[1.1,31.4],[0.4,30.7],[0.7,31.4],[1.1,31.4]]]]}},{"type":"Feature","properties":{},"geometry":{"type":"MultiPolygon","coordinates":[[[[0.1,30.5],[-0.6,30],[-0.7,30.1],[-0.7,30.4],[-0.4,30.6],[0.1,30.5]]]]}},{"type":"Feature","properties":{},"geometry":{"type":"MultiPolygon","coordinates":[[[[-0.6,30.6],[-0.3,31],[-0.1,31.3],[0.1,31.9],[0.2,31.9],[0.4,31.7],[0,31.3],[0.3,31.3],[-0.1,30.8],[-0.6,30.6]]]]}},{"type":"Feature","properties":{},"geometry":{"type":"MultiPolygon","coordinates":[[[[-16.7,34.8],[-17.3,34.6],[-18.1,35.8],[-17.6,37.9],[-16.9,37.2],[-16.6,37.7],[-16.1,38.9],[-15.1,41.2],[-13.7,42.3],[-14,43.1],[-13.6,43.5],[-13.1,43.7],[-12.6,44],[-10.5,43.5],[-10.7,42.8],[-13.6,39.8],[-15.8,35.6],[-16.7,34.8]]]]}},{"type":"Feature","properties":{},"geometry":{"type":"MultiPolygon","coordinates":[[[[-128.5,-73.6],[-129.8,-74.2],[-129,-74.3],[-136.5,-74.6],[-147,-74.7],[-155.3,-74.5],[-156.1,-74.1],[-153.8,-74],[-153.6,-73.6],[-151.4,-73.5],[-149.8,-73.6],[-147.9,-73.7],[-143.2,-73.6],[-140.9,-73.6],[-137.3,-73.6],[-135.9,-73.2],[-134,-73.3],[-133.2,-73],[-132.4,-73],[-132.1,-73.2],[-131.9,-73.6],[-132.4,-74],[-130.2,-73.5],[-129.9,-73.1],[-128.5,-73.6]]]]}},{"type":"Feature","properties":{},"geometry":{"type":"MultiPolygon","coordinates":[[[[-142.7,-72.5],[-143.1,-72.7],[-141.6,-72.7],[-142.7,-73.1],[-144.6,-72.6],[-144.7,-72.2],[-142.7,-72.5]]]]}},{"type":"Feature","properties":{},"geometry":{"type":"MultiPolygon","coordinates":[[[[-140,-72.6],[-138.5,-72.8],[-138.8,-73.2],[-140.4,-73.1],[-140.9,-72.7],[-140,-72.6]]]]}},{"type":"Feature","properties":{},"geometry":{"type":"MultiPolygon","coordinates":[[[[-102.7,-73.1],[-117.5,-74.7],[-128.9,-74.2],[-125.7,-74.3],[-120.8,-74.2],[-120.3,-74.5],[-117.9,-74.4],[-118.1,-74.3],[-119.1,-73.9],[-119.8,-73.6],[-120.4,-73.1],[-120.2,-72.8],[-118.5,-72.7],[-118.6,-72.6],[-122,-72.2],[-120.8,-72],[-119.6,-72.1],[-116.8,-72.3],[-114.3,-72.4],[-112,-72.3],[-109.5,-72.4],[-108.2,-71.9],[-107.8,-72.5],[-105.2,-72.5],[-103.4,-72.9],[-102.7,-73.1]]]]}},{"type":"Feature","properties":{},"geometry":{"type":"MultiPolygon","coordinates":[[[[-117,-71.1],[-116.7,-71.3],[-116.2,-71.1],[-115.2,-71],[-115.2,-71.2],[-114.4,-71.3],[-115,-71.6],[-115.6,-71.6],[-117.5,-71.7],[-120.3,-71.2],[-119.2,-71],[-118.7,-71.1],[-117.9,-71],[-117,-71.1]]]]}},{"type":"Feature","properties":{},"geometry":{"type":"MultiPolygon","coordinates":[[[[150.9,-39.5],[150.6,-39.6],[150.2,-39.4],[149.1,-39.3],[149.9,-39.3],[150.9,-39.5]]]]}},{"type":"Feature","properties":{},"geometry":{"type":"MultiPolygon","coordinates":[[[[144.9,-34.2],[142,-33.5],[139.4,-33.4],[135.6,-32.9],[133.7,-33.1],[134.2,-32.5],[136.4,-31.9],[138.1,-32.1],[140,-32.5],[142.3,-33],[144.2,-33.6],[144.9,-34.2]]]]}},{"type":"Feature","properties":{},"geometry":{"type":"MultiPolygon","coordinates":[[[[-88.8,-75.7],[-92.5,-75.6],[-94.8,-75.3],[-95.9,-75.2],[-94.8,-76.1],[-96.4,-75.5],[-88.8,-75.7]]]]}},{"type":"Feature","properties":{},"geometry":{"type":"MultiPolygon","coordinates":[[[[-96.7,-76.7],[-99.4,-76.2],[-98.5,-76.4],[-96.7,-76.7]]]]}},{"type":"Feature","properties":{},"geometry":{"type":"MultiPolygon","coordinates":[[[[-101.2,-77.8],[-102.5,-77.2],[-101.3,-77.6],[-101.2,-77.8]]]]}},{"type":"Feature","properties":{},"geometry":{"type":"MultiPolygon","coordinates":[[[[-96.8,-78.2],[-100.4,-78.2],[-100.5,-77.9],[-96.8,-78.2]]]]}},{"type":"Feature","properties":{},"geometry":{"type":"MultiPolygon","coordinates":[[[[-91.7,-81],[-95.5,-80],[-98.6,-80.3],[-97.4,-79.7],[-94.4,-79.6],[-92.7,-80],[-90.2,-80.6],[-88.9,-80.9],[-89.5,-80.8],[-90.9,-80.8],[-90.3,-81],[-91.7,-81]]]]}},{"type":"Feature","properties":{},"geometry":{"type":"MultiPolygon","coordinates":[[[[-90.4,-82],[-91.4,-81.3],[-89.5,-81.4],[-89.9,-81.7],[-90.4,-82]]]]}},{"type":"Feature","properties":{},"geometry":{"type":"MultiPolygon","coordinates":[[[[-90.7,-82.5],[-91.1,-82.3],[-90.2,-82.2],[-90.7,-82.5]]]]}},{"type":"Feature","properties":{},"geometry":{"type":"MultiPolygon","coordinates":[[[[-83.4,-79.7],[-85.1,-80.3],[-88,-79.9],[-89,-79.3],[-85.6,-79.7],[-84.3,-79.2],[-83.2,-79.5],[-83.4,-79.7]]]]}},{"type":"Feature","properties":{},"geometry":{"type":"MultiPolygon","coordinates":[[[[-91.3,-78.6],[-91.9,-77.9],[-91.3,-78.4],[-91.3,-78.6]]]]}},{"type":"Feature","properties":{},"geometry":{"type":"MultiPolygon","coordinates":[[[[-88,-79.1],[-89,-78.9],[-88.7,-78.8],[-88,-79.1]]]]}},{"type":"Feature","properties":{},"geometry":{"type":"MultiPolygon","coordinates":[[[[-33.7,22.1],[-34.7,20.1],[-34.9,18.9],[-35.4,18],[-34.9,16.8],[-34.4,16.3],[-35.4,15.4],[-36.2,14.3],[-36.2,13.1],[-36.5,12.7],[-38.7,14.1],[-40.7,16.4],[-41.6,18],[-40.8,18.5],[-39.8,19],[-39,19.7],[-38.8,19.8],[-38.3,20],[-38.3,20.1],[-38.2,20.2],[-37.9,20.4],[-37.7,20.5],[-37.2,21.6],[-36.6,21.2],[-36.4,20.8],[-36.2,20.7],[-36.5,20.6],[-36.8,20.5],[-36.3,20.5],[-36.6,20.3],[-36.8,20.2],[-37.1,20.3],[-37.2,20.2],[-37.2,20.1],[-37.1,20],[-36.5,20.2],[-36.5,20.1],[-36.4,20.3],[-36,20.6],[-36,20.7],[-35.8,20.8],[-35.7,21.1],[-35.7,21.5],[-35.5,21.6],[-35.4,21.6],[-35.5,21.9],[-35.4,22.2],[-35.2,22.4],[-35,22.7],[-35.4,22.4],[-34.9,23],[-34.7,23.2],[-34,23.3],[-33.7,22.1]]]]}},{"type":"Feature","properties":{},"geometry":{"type":"MultiPolygon","coordinates":[[[[-36.1,20.7],[-36.2,20.5],[-36.2,20.8],[-36.1,20.7]]]]}},{"type":"Feature","properties":{},"geometry":{"type":"MultiPolygon","coordinates":[[[[70.5,-37.5],[71.6,-38.5],[72.4,-39.8],[73.4,-40.6],[75.3,-41.5],[75.7,-42.2],[76.1,-42.8],[76.1,-43.2],[76.4,-43.5],[76.4,-43.8],[77,-44],[77.5,-44.2],[78,-44.6],[79.9,-45.2],[80.6,-45.8],[81.2,-46.5],[81.1,-47.1],[80.1,-46.6],[78.6,-45.9],[77.8,-45.5],[76.9,-45.2],[76.2,-45],[74.7,-44.4],[73.9,-43.9],[72.8,-43.2],[72.1,-42.5],[70.9,-41.3],[69.8,-39.5],[69.1,-37.6],[68.4,-36.8],[69.9,-37],[70.5,-37.5]]]]}},{"type":"Feature","properties":{},"geometry":{"type":"MultiPolygon","coordinates":[[[[88.1,-51],[87.4,-50.5],[86.6,-49.5],[85.4,-48.7],[84.6,-48.2],[83.6,-47.8],[84.9,-48],[86,-48.6],[87.1,-49.3],[87.8,-49.8],[88.1,-50.4],[88.1,-51]]]]}},{"type":"Feature","properties":{},"geometry":{"type":"MultiPolygon","coordinates":[[[[101,-47.2],[100.4,-47.8],[99.2,-48.2],[98.8,-48.1],[99.8,-47.4],[101,-47.2]]]]}},{"type":"Feature","properties":{},"geometry":{"type":"MultiPolygon","coordinates":[[[[-67.9,50.9],[-68.2,50.7],[-68.2,50.8],[-68.1,51.2],[-67.9,50.9]]]]}},{"type":"Feature","properties":{},"geometry":{"type":"MultiPolygon","coordinates":[[[[-66.4,49.9],[-67.1,49.8],[-67.3,50],[-67.6,50],[-67.7,50],[-68.3,50.2],[-67.4,50.3],[-67.9,50.3],[-68.1,50.4],[-68.5,50.4],[-68.2,50.5],[-68,50.6],[-68.1,50.6],[-67.8,50.8],[-66.4,49.9]]]]}},{"type":"Feature","properties":{},"geometry":{"type":"MultiPolygon","coordinates":[[[[-65.8,49.7],[-66.2,49.3],[-66.4,49.4],[-66.7,49.5],[-67,49.5],[-66.9,49.7],[-66.4,49.9],[-65.8,49.7]]]]}},{"type":"Feature","properties":{},"geometry":{"type":"MultiPolygon","coordinates":[[[[-65.6,49.7],[-66,49.2],[-66.1,49.4],[-65.6,49.7]]]]}},{"type":"Feature","properties":{},"geometry":{"type":"MultiPolygon","coordinates":[[[[-65.3,48.6],[-66,48.9],[-66,49],[-65.3,48.6]]]]}},{"type":"Feature","properties":{},"geometry":{"type":"MultiPolygon","coordinates":[[[[-65.2,48.5],[-65.1,48.4],[-65.4,48.4],[-65.2,48.5]]]]}},{"type":"Feature","properties":{},"geometry":{"type":"MultiPolygon","coordinates":[[[[-68.8,49.4],[-68.7,49.6],[-68.4,49.6],[-68.8,49.9],[-68.9,49.7],[-66.5,49.3],[-66.1,48.3],[-65.2,47.6],[-65.2,47.2],[-65.6,47.2],[-66.7,47.7],[-66.2,48.1],[-66.7,47.9],[-67,47.9],[-67.2,48.1],[-67.3,48.3],[-67.3,48.5],[-67.7,48.6],[-67.7,48.8],[-67.9,49],[-68,49.1],[-68.3,49.1],[-68.1,49.3],[-68.5,49.3],[-68.6,49.4],[-68.8,49.4]]]]}},{"type":"Feature","properties":{},"geometry":{"type":"MultiPolygon","coordinates":[[[[-72,53.9],[-71.7,53.8],[-72.1,53.4],[-71.8,53.6],[-71.1,53.9],[-71.9,53],[-71.5,52.8],[-71.9,52.7],[-71.8,52.5],[-71.5,52],[-71.3,51.8],[-71.5,51.8],[-71.6,52.1],[-71.9,52.5],[-72.2,52.6],[-72,52.7],[-72.3,53],[-72.3,53.1],[-72.4,53.2],[-72.5,53.3],[-72.6,53.5],[-72.5,53.7],[-72,53.9]]]]}},{"type":"Feature","properties":{},"geometry":{"type":"MultiPolygon","coordinates":[[[[-66.3,48.9],[-66.3,49.2],[-66.3,49.1],[-66.3,48.9]]]]}},{"type":"Feature","properties":{},"geometry":{"type":"MultiPolygon","coordinates":[[[[5.4,42.2],[5.2,42.5],[5.1,43.1],[5.4,43.2],[6.1,43.4],[6.4,43.5],[7.1,42.8],[6.9,42.5],[6.9,42.3],[6.8,42.1],[6.4,42],[6.2,42.1],[5.8,42.6],[5.4,42.2]]]]}},{"type":"Feature","properties":{},"geometry":{"type":"MultiPolygon","coordinates":[[[[-9.7,44.6],[-11.8,44],[-11.9,43.9],[-14,46],[-11.9,46.2],[-11.1,47.5],[-8.7,48.4],[-5.2,47.9],[-4.4,47.4],[-5.4,46.8],[-6.9,46.5],[-8.3,46.3],[-8.9,46.3],[-9,46],[-8.2,45.7],[-8.9,44.9],[-9.1,44.8],[-9.6,44.6],[-9.7,44.6]]]]}},{"type":"Feature","properties":{},"geometry":{"type":"MultiPolygon","coordinates":[[[[104.8,-0.9],[104.8,-1.4],[104.7,-1.5],[104.5,-1.9],[104.2,-2.1],[104.1,-2.1],[103.6,-2.2],[103,-1.2],[104.7,-0.9],[104.8,-0.9]]]]}},{"type":"Feature","properties":{},"geometry":{"type":"MultiPolygon","coordinates":[[[[-28.9,66.9],[-28.2,67.4],[-27.5,67.7],[-26.4,68.3],[-26.6,69.5],[-26.2,70.3],[-26.7,70.7],[-23.1,71.7],[-22.3,71.9],[-21,71.9],[-19.8,72.4],[-20,72.5],[-18.8,72.6],[-11.9,71.1],[-12.3,69.8],[-15.9,70.1],[-20.2,69.7],[-24,67.2],[-28.1,66.8],[-28.9,66.9]]]]}},{"type":"Feature","properties":{},"geometry":{"type":"MultiPolygon","coordinates":[[[[-20,62.7],[-20.9,63.8],[-17.5,62.8],[-19.2,62.7],[-20,62.7]]]]}},{"type":"Feature","properties":{},"geometry":{"type":"MultiPolygon","coordinates":[[[[-23.4,59.8],[-26.7,61.3],[-27,62.8],[-24.6,62.4],[-22.3,61.1],[-23,59.5],[-23.4,59.8]]]]}},{"type":"Feature","properties":{},"geometry":{"type":"MultiPolygon","coordinates":[[[[-74.2,61.2],[-72.6,59.4],[-72.5,59.2],[-72.9,58.6],[-73.3,58.6],[-73.1,59],[-73.3,59.1],[-73.5,59],[-73.8,59.2],[-74.5,59.8],[-75.3,60.2],[-75.6,60.6],[-76.7,61.3],[-77.1,61.8],[-77.1,62],[-75.5,61.8],[-74.2,61.2]]]]}},{"type":"Feature","properties":{},"geometry":{"type":"MultiPolygon","coordinates":[[[[-16.2,43.6],[-13.5,44.6],[-12.7,43.8],[-13.3,43.9],[-14.1,43.7],[-14.3,43.6],[-14.6,43.6],[-16.2,43.6]]]]}},{"type":"Feature","properties":{},"geometry":{"type":"MultiPolygon","coordinates":[[[[130.8,-41.9],[128.8,-42.1],[127.2,-44],[123.8,-44.3],[121.5,-43.9],[122.2,-43.2],[122.4,-42.8],[122.9,-42.8],[123,-43],[123.3,-43],[123.4,-43.1],[123.8,-43.2],[124.2,-42.9],[124.5,-42.4],[125.5,-42.2],[125.7,-42.1],[125.9,-41.8],[126.2,-42.1],[126.1,-41.8],[126.2,-41.8],[126.4,-41.6],[126.7,-41.1],[127.5,-40.7],[128.3,-40.9],[129.1,-41],[129.8,-41],[130.6,-41.7],[130.8,-41.8],[130.8,-41.9]]]]}},{"type":"Feature","properties":{},"geometry":{"type":"MultiPolygon","coordinates":[[[[125.5,-40.6],[126.8,-39.9],[127.3,-40.1],[127.2,-40.4],[126.4,-40.9],[126,-41.3],[125.4,-41.3],[125.5,-41],[125.4,-40.6],[125.5,-40.6]]]]}},{"type":"Feature","properties":{},"geometry":{"type":"MultiPolygon","coordinates":[[[[126.9,-38.8],[127.3,-38.5],[127.8,-38.8],[127.6,-39.2],[127.1,-39.1],[126.9,-38.8]]]]}},{"type":"Feature","properties":{},"geometry":{"type":"MultiPolygon","coordinates":[[[[121.5,-43.3],[121.6,-43.7],[121.3,-43.6],[121.5,-43.3]]]]}},{"type":"Feature","properties":{},"geometry":{"type":"MultiPolygon","coordinates":[[[[113.6,-49.7],[110.9,-49.3],[107.6,-48.5],[107.4,-48.3],[109.5,-47.7],[110.7,-47.6],[111.8,-48],[112.4,-48.1],[113.9,-48.2],[115.9,-48.2],[115.6,-48.3],[115.4,-48.6],[115.1,-49],[113.9,-49.5],[113.6,-49.7]]]]}},{"type":"Feature","properties":{},"geometry":{"type":"MultiPolygon","coordinates":[[[[116.2,-48],[116.5,-48.2],[116.2,-48.4],[116.2,-48]]]]}},{"type":"Feature","properties":{},"geometry":{"type":"MultiPolygon","coordinates":[[[[115.7,-49.6],[115.4,-49.8],[116,-49.5],[115.7,-49.6]]]]}},{"type":"Feature","properties":{},"geometry":{"type":"MultiPolygon","coordinates":[[[[117.9,-48.4],[118.6,-48.1],[118.2,-48.6],[117.9,-48.4]]]]}},{"type":"Feature","properties":{},"geometry":{"type":"MultiPolygon","coordinates":[[[[118.4,-48.6],[118.8,-48.8],[118.3,-48.7],[118.4,-48.6]]]]}},{"type":"Feature","properties":{},"geometry":{"type":"MultiPolygon","coordinates":[[[[139.1,-28.6],[142.2,-29.7],[144.9,-31],[146.3,-31.8],[145.7,-31.9],[145.4,-32.1],[144.9,-32.6],[144.2,-32.9],[144.6,-31.9],[143.8,-31.7],[143,-31.5],[142.8,-31.6],[142.7,-31.7],[142.5,-31.6],[142.3,-31.6],[142.2,-31.5],[141.7,-30.9],[141.5,-30.7],[141.1,-30.3],[140.8,-30.6],[140.8,-30.5],[140.6,-30.6],[140.3,-30.4],[139.8,-30.4],[139.8,-30.3],[139.6,-30.2],[138.6,-29.1],[139.1,-28.6]]]]}},{"type":"Feature","properties":{},"geometry":{"type":"MultiPolygon","coordinates":[[[[69.2,-32.5],[66.2,-31.7],[60.6,-29.4],[63.4,-26.9],[65.3,-29.4],[69.2,-32.5]]]]}},{"type":"Feature","properties":{},"geometry":{"type":"MultiPolygon","coordinates":[[[[60.2,-36.2],[58,-37.6],[58,-37.1],[58,-37.3],[57.2,-36.5],[56.6,-36.2],[56.3,-35.6],[56.3,-35.5],[55.9,-35.2],[55.3,-34.5],[55,-34.4],[54.9,-34.3],[54.6,-33.9],[54.2,-33.1],[54.1,-33],[53.8,-32.5],[53.6,-32],[53.5,-31.9],[53.3,-31.3],[52.9,-30.7],[53,-30],[53.6,-29.6],[54.6,-29.6],[54.9,-31.1],[55.4,-31.9],[57.6,-33.3],[60.4,-35.4],[60.2,-36.2]]]]}},{"type":"Feature","properties":{},"geometry":{"type":"MultiPolygon","coordinates":[[[[51.2,-32.8],[51.2,-32.1],[51.5,-30],[50.9,-31.1],[51.2,-32.8]]]]}},{"type":"Feature","properties":{},"geometry":{"type":"MultiPolygon","coordinates":[[[[-48,31],[-48.1,29.3],[-47.9,28.3],[-47.9,27.7],[-47.7,27.2],[-48,26.6],[-47.7,24.5],[-48.4,22.6],[-48.3,22.1],[-49.3,21.9],[-48.6,24.1],[-48.5,28.9],[-48.5,29.9],[-48.3,31.4],[-48.2,31.8],[-48,31]]]]}},{"type":"Feature","properties":{},"geometry":{"type":"MultiPolygon","coordinates":[[[[-33,21.1],[-32.1,23],[-30.8,26],[-29.9,27.1],[-30.2,26.1],[-31.7,22.4],[-33,21.1]]]]}},{"type":"Feature","properties":{},"geometry":{"type":"MultiPolygon","coordinates":[[[[-48.7,37.3],[-49.3,36.2],[-49.9,36],[-49.9,33.6],[-49,32.6],[-48.3,31],[-48.7,29.7],[-48.8,26.6],[-49.1,24.2],[-49.5,24.6],[-50.3,24.6],[-50.6,25.3],[-51.2,27.1],[-51.2,27.3],[-51,28.5],[-51.4,28.9],[-50.9,30.8],[-50.9,31.3],[-50.7,34.5],[-50.3,36.9],[-50,37.8],[-49.5,38.1],[-49.3,38.6],[-48.7,37.3]]]]}},{"type":"Feature","properties":{},"geometry":{"type":"MultiPolygon","coordinates":[[[[-48,31],[-49.3,33.7],[-49.2,35.8],[-49,36.7],[-48.5,36.8],[-48.3,35.1],[-48.6,33.1],[-48,31]]]]}},{"type":"Feature","properties":{},"geometry":{"type":"MultiPolygon","coordinates":[[[[-23.7,34.4],[-23.6,33.7],[-23.4,33],[-23.5,32.1],[-23.9,31.2],[-24.8,30.3],[-25.9,29.7],[-26.7,29.3],[-27.3,29.2],[-27.9,28.3],[-28.7,26.9],[-29.2,26.2],[-29.6,25.5],[-29.8,24.9],[-29.9,23.8],[-29.9,21.6],[-29.9,20.6],[-30.1,19.5],[-30.6,18.6],[-31,17.8],[-31.3,16.7],[-31.7,15.5],[-31.8,15.1],[-31.9,14.3],[-32.8,13.9],[-33.8,13.5],[-33.9,12.8],[-33.6,12.1],[-35.9,12.5],[-36.4,13.6],[-35.8,14.9],[-34.9,15.8],[-34.7,16.6],[-35.3,17.2],[-35.2,18.7],[-34.4,19.3],[-33.7,20],[-33.3,19.7],[-33.8,19.7],[-33.4,19],[-32.8,19.4],[-32.3,19],[-32.1,20.3],[-31.9,21],[-31.7,22.9],[-31.5,23.8],[-30.9,24.7],[-31,25.4],[-30.7,26],[-30.3,27.2],[-30,26.1],[-28.1,29.9],[-26.9,31.3],[-26.5,32.4],[-26.7,32.7],[-26.6,34.1],[-25.4,37.4],[-24.6,36.1],[-24.1,35.4],[-23.9,34.7],[-23.7,34.4]]]]}},{"type":"Feature","properties":{},"geometry":{"type":"MultiPolygon","coordinates":[[[[-47.4,33.8],[-47.4,35.3],[-47.5,36.5],[-47.2,36.3],[-46.9,35.5],[-47.4,33.8]]]]}},{"type":"Feature","properties":{},"geometry":{"type":"MultiPolygon","coordinates":[[[[-28.9,28.4],[-29.3,29.9],[-29.6,31],[-28.3,32.7],[-28.5,31.5],[-28.9,28.4]]]]}},{"type":"Feature","properties":{},"geometry":{"type":"MultiPolygon","coordinates":[[[[137.8,-31.7],[133.8,-31.7],[133.1,-31.6],[132.9,-31.6],[131.5,-31.2],[130.6,-30.6],[134.4,-30.9],[135.5,-30.5],[136.2,-30.8],[137,-31.1],[137.6,-31.4],[137.8,-31.7]]]]}},{"type":"Feature","properties":{},"geometry":{"type":"MultiPolygon","coordinates":[[[[139.1,-31.3],[137.7,-31.4],[137.9,-31.1],[139.1,-31.3]]]]}},{"type":"Feature","properties":{},"geometry":{"type":"MultiPolygon","coordinates":[[[[71.7,15.7],[73.8,15],[74.1,13.3],[73.8,11.7],[73.8,9.6],[74.9,6.1],[73.3,6.9],[72.9,7.9],[72.7,9.1],[72.7,11.1],[72,13.5],[70.8,15.3],[70.9,16.1],[71.7,15.7]]]]}},{"type":"Feature","properties":{},"geometry":{"type":"MultiPolygon","coordinates":[[[[70.6,-37.2],[70.2,-37.2],[68.8,-36.7],[68.4,-36.2],[67.7,-35.3],[65.7,-34],[67,-33.7],[68.7,-33.7],[70.1,-34.7],[70.6,-37.2]]]]}},{"type":"Feature","properties":{},"geometry":{"type":"MultiPolygon","coordinates":[[[[71.5,-34.5],[70.6,-37.2],[70.1,-34.7],[68.7,-33.7],[67,-33.7],[65.7,-34],[67.5,-32.8],[70.7,-33.6],[71.3,-34.3],[71.5,-34.5]]]]}},{"type":"Feature","properties":{},"geometry":{"type":"MultiPolygon","coordinates":[[[[26.5,40.7],[29.5,39],[37.8,36.8],[43,34.5],[46.6,32.5],[50.2,30.4],[50.4,30.1],[49.8,29.9],[50,29.8],[49.8,29.8],[50,29.4],[50,29.1],[47.4,30.4],[42.8,32.3],[37.9,34.2],[34.9,35],[31.7,36],[30.2,36.8],[27.6,39.5],[26.5,40.4],[26.5,40.7]]]]}},{"type":"Feature","properties":{},"geometry":{"type":"MultiPolygon","coordinates":[[[[51.7,29.8],[51.2,29.6],[51,29.9],[50.8,30.1],[51.7,29.8]]]]}},{"type":"Feature","properties":{},"geometry":{"type":"MultiPolygon","coordinates":[[[[53.2,29.3],[58.4,28.8],[53.8,28],[53.1,28.1],[53.1,28.4],[53.2,28.6],[53,28.8],[52.8,28.9],[52.7,29.1],[52.3,29.3],[52.3,29.5],[53.2,29.3]]]]}},{"type":"Feature","properties":{},"geometry":{"type":"MultiPolygon","coordinates":[[[[49.7,41.9],[48.4,41],[46.6,39.9],[45.3,39.2],[44.8,38.4],[44.6,37.7],[44.3,36.9],[44.2,35.3],[41.9,35],[36.2,37.4],[28.3,40],[28.2,40.5],[28.4,40.5],[32,40.4],[36.7,39.8],[40.3,40.2],[45.7,41.6],[49.7,41.9]]]]}},{"type":"Feature","properties":{},"geometry":{"type":"MultiPolygon","coordinates":[[[[44.9,36.3],[48,33.9],[48.4,32.7],[48.1,32.2],[45.1,33.5],[44.2,35.3],[44.9,36.3]]]]}},{"type":"Feature","properties":{},"geometry":{"type":"MultiPolygon","coordinates":[[[[44.8,37.9],[48,36.9],[50.2,35.1],[53.1,34.1],[55.6,34.5],[53.6,33.4],[49.8,32.5],[48.6,32.8],[46.9,34.7],[44.4,36.8],[44.6,37.6],[44.8,37.9]]]]}},{"type":"Feature","properties":{},"geometry":{"type":"MultiPolygon","coordinates":[[[[51.1,40.6],[51.8,39.1],[54.6,39.1],[54.5,38.8],[54.9,38.2],[54.9,38],[55.2,37.9],[55.4,37.7],[53.5,37.3],[50.8,37.7],[50.1,39],[49.4,40.4],[51.1,40.6]]]]}},{"type":"Feature","properties":{},"geometry":{"type":"MultiPolygon","coordinates":[[[[55.1,39.2],[56.7,40.2],[58.3,41.7],[60.2,43.8],[61.2,44.1],[60.5,42.1],[58.4,39.9],[56.1,38.2],[55.8,38.2],[55.3,38.4],[55.1,38.9],[55,39.1],[55.1,39.2]]]]}},{"type":"Feature","properties":{},"geometry":{"type":"MultiPolygon","coordinates":[[[[57.8,54.2],[59.8,54.7],[62,55.4],[62.2,55.3],[60.3,53.9],[59.6,52.6],[59.9,50.7],[56.8,52],[57.8,54.2]]]]}},{"type":"Feature","properties":{},"geometry":{"type":"MultiPolygon","coordinates":[[[[171.2,51.8],[162.9,52.4],[153.5,51.7],[145,50.9],[141,51.2],[142.8,51.2],[148,52],[151.6,52.5],[160.2,54.6],[168.2,56.1],[170.9,54.7],[170.9,52.5],[171.2,51.8]]]]}},{"type":"Feature","properties":{},"geometry":{"type":"MultiPolygon","coordinates":[[[[180,61.9],[179.6,57.1],[177,54.3],[175.7,52.9],[173.9,51],[173.4,51.2],[173.2,51.6],[172.5,51.5],[172.4,51.6],[172,51.4],[171.8,51.2],[171.2,51.8],[170.4,53.1],[172.3,57],[174.4,58.4],[178.9,61],[180,61.9]]]]}},{"type":"Feature","properties":{},"geometry":{"type":"MultiPolygon","coordinates":[[[[-180,57.6],[-179.4,61.9],[-178.9,61.7],[-178.1,61.9],[-178.1,61.7],[-179.2,58.7],[-180,57.6]]]]}},{"type":"Feature","properties":{},"geometry":{"type":"MultiPolygon","coordinates":[[[[10.4,48.5],[10.6,48.4],[10.7,48.5],[11.7,48.5],[14.5,47.8],[17.3,45.9],[17.5,45.8],[17.6,45.7],[17.2,45.4],[17.1,45.5],[17.3,45.7],[16.9,45.5],[16.7,45.3],[16.6,45.5],[16.3,45.5],[16.2,45.4],[15.9,45.7],[15.5,45.8],[15.3,45.8],[14.9,46.2],[14.9,46.4],[14.1,46.8],[14.2,46.6],[14,46.5],[13.8,46.8],[13.8,46.9],[14,47.2],[13.5,47.4],[13.4,47.5],[13,47.6],[13,47.8],[12.7,47.6],[12.2,48],[11.4,47.7],[10.1,47.8],[9.9,48.2],[10.5,48.3],[10.4,48.5]]]]}},{"type":"Feature","properties":{},"geometry":{"type":"MultiPolygon","coordinates":[[[[8.2,45.4],[8.2,45.6],[8.3,45.9],[9.2,46.3],[9.9,46.1],[9.8,45.6],[9.6,45.1],[9.6,45],[8.9,45],[8.6,45.1],[8.2,45.4]]]]}},{"type":"Feature","properties":{},"geometry":{"type":"MultiPolygon","coordinates":[[[[8.4,46.7],[8.8,46.8],[8.6,47.3],[9.9,47.3],[10.5,47],[9.7,46.7],[9.4,46.6],[9,46.5],[8.4,46.5],[8.4,46.7]]]]}},{"type":"Feature","properties":{},"geometry":{"type":"MultiPolygon","coordinates":[[[[7.3,44.7],[7.6,45.2],[8.9,44.9],[8.8,44.7],[8.6,44.5],[8,44.4],[7.8,44.4],[7.2,44.5],[7.3,44.7]]]]}},{"type":"Feature","properties":{},"geometry":{"type":"MultiPolygon","coordinates":[[[[9,44.9],[9.6,44.6],[9.4,44.5],[9,44.9]]]]}},{"type":"Feature","properties":{},"geometry":{"type":"MultiPolygon","coordinates":[[[[13.2,47.1],[13.5,47.2],[13.3,47],[13.2,47.1]]]]}},{"type":"Feature","properties":{},"geometry":{"type":"MultiPolygon","coordinates":[[[[16,44.1],[16.5,44.2],[16.3,44],[16,44.1]]]]}},{"type":"Feature","properties":{},"geometry":{"type":"MultiPolygon","coordinates":[[[[16.3,45.5],[16.5,45.5],[16.4,45.4],[16.3,45.5]]]]}},{"type":"Feature","properties":{},"geometry":{"type":"MultiPolygon","coordinates":[[[[10.1,14],[10.3,13.9],[10.1,13.9],[10.1,14]]]]}},{"type":"Feature","properties":{},"geometry":{"type":"MultiPolygon","coordinates":[[[[15.5,8.6],[14.9,7.9],[14.8,7.9],[14.4,7.5],[13.9,7.3],[13.8,7.4],[13.6,8.2],[13.5,8.5],[13.4,8.6],[13.3,8.4],[13.3,8.7],[13.4,7.8],[13.2,8.1],[13.1,8.4],[13,8.6],[13,8.8],[13,9],[12.9,9.2],[12.9,9],[12.7,9.1],[12.6,9.3],[12.6,9.5],[12.6,9.6],[12.4,9.8],[12.4,10],[12.5,10.2],[12.5,10.4],[12.4,10.7],[12.5,10.9],[12.7,10.9],[13.1,11.2],[13.4,11],[13.2,10.3],[13.1,10.2],[13.1,9.9],[13.8,10.4],[14.4,10.3],[14.5,9.5],[14.4,9.2],[14.2,8.8],[14.6,9],[15.5,8.6]]]]}},{"type":"Feature","properties":{},"geometry":{"type":"MultiPolygon","coordinates":[[[[13.6,6],[13.3,5.5],[13,4.9],[12.1,4.3],[12.3,4.4],[12,4.4],[12.1,4.7],[12.3,5.1],[11.9,4.9],[11.7,5],[11.5,5],[11.5,5.3],[11.4,5.5],[11.4,5.7],[11.3,5.7],[11.3,5.8],[11.7,6],[12.1,6.1],[12,6.2],[12,6.4],[11.9,6.6],[11.9,6.7],[11.9,7],[12.2,7.2],[12.3,7.2],[12.3,7.3],[12.5,7.1],[13.3,7.3],[13.7,6.9],[13.6,6.8],[13.6,6.5],[13.4,6.3],[13.6,6]]]]}},{"type":"Feature","properties":{},"geometry":{"type":"MultiPolygon","coordinates":[[[[11.9,10.4],[11.9,10.1],[11.9,9.9],[11.8,9.9],[11.7,10],[11.7,10.1],[11.8,10.5],[11.9,10.4]]]]}},{"type":"Feature","properties":{},"geometry":{"type":"MultiPolygon","coordinates":[[[[12.2,9.7],[12.6,9.5],[12.4,9.4],[12.2,9.4],[12.1,9.5],[12.1,9.8],[12.2,9.7]]]]}},{"type":"Feature","properties":{},"geometry":{"type":"MultiPolygon","coordinates":[[[[13.4,13.5],[13.6,13.3],[13.6,13.1],[13.6,12.9],[13.3,13.1],[13.5,13.2],[13.3,13.4],[13.4,13.5]]]]}},{"type":"Feature","properties":{},"geometry":{"type":"MultiPolygon","coordinates":[[[[12.9,8.7],[12.8,8.6],[12.7,8.7],[12.7,8.8],[12.9,8.7]]]]}},{"type":"Feature","properties":{},"geometry":{"type":"MultiPolygon","coordinates":[[[[12.8,8.2],[12.7,7.9],[12.8,8],[12.8,8.2]]]]}},{"type":"Feature","properties":{},"geometry":{"type":"MultiPolygon","coordinates":[[[[13.2,11.7],[13.4,11.6],[13.3,11.5],[13.1,11.5],[13.2,11.7]]]]}},{"type":"Feature","properties":{},"geometry":{"type":"MultiPolygon","coordinates":[[[[33.6,-29],[33.5,-29],[33.6,-28.1],[33.7,-27.6],[35.2,-26],[36.4,-25],[36.1,-25.6],[35.8,-26.1],[35.6,-26.5],[35.2,-27],[34.9,-27.6],[34,-28.7],[33.6,-29]]]]}},{"type":"Feature","properties":{},"geometry":{"type":"MultiPolygon","coordinates":[[[[95.1,-60.8],[92.4,-60.9],[89.2,-61.5],[84.6,-61.3],[81.9,-60.7],[76.8,-59.5],[72.5,-57.7],[70.9,-55.6],[68.5,-53.1],[67.8,-49.5],[66.2,-46.8],[65.6,-46.3],[67,-47.1],[67.9,-47.2],[69,-51.3],[69.2,-52.9],[70.1,-54.8],[72,-56.1],[73.6,-57.2],[75.8,-58.7],[80.7,-60.4],[87.1,-61.2],[91.1,-61],[94.5,-60.3],[95.1,-60.8]]]]}},{"type":"Feature","properties":{},"geometry":{"type":"MultiPolygon","coordinates":[[[[32.4,-1.3],[32.5,-1.5],[32.6,-1.9],[32.5,-2.1],[32.6,-2.4],[33,-2.9],[33.1,-3],[32.7,-3],[32.1,-2.8],[31.7,-2.9],[31.3,-2.9],[31.1,-2.8],[30.2,-2.1],[29.8,-2],[29.3,-1.9],[29.4,-0.4],[29.4,1],[30.2,0.1],[31,-0.4],[32.4,-1.3]]]]}},{"type":"Feature","properties":{},"geometry":{"type":"MultiPolygon","coordinates":[[[[35.5,9.6],[37.6,11],[37.7,11],[37.8,10.8],[38.1,10.2],[38.2,9.7],[38.5,8.9],[38.5,8.8],[36.9,7.7],[35.9,7.2],[35,7],[34.7,7.3],[34.5,7.6],[34.4,7.9],[34.2,8.5],[35.4,9.5],[35.5,9.6]]]]}},{"type":"Feature","properties":{},"geometry":{"type":"MultiPolygon","coordinates":[[[[27.2,-4.6],[25.9,-4.2],[23.9,-4.8],[24,-4.3],[24.7,-3.6],[28.3,-2.8],[28.2,-3.2],[27.9,-4.6],[27.2,-4.6]]]]}},{"type":"Feature","properties":{},"geometry":{"type":"MultiPolygon","coordinates":[[[[27.6,-2.5],[23.3,-3.9],[23.2,-3.5],[23,-3.3],[22.4,-2.9],[22,-2.5],[21.5,-2],[22.5,-1.5],[26.4,-1.4],[26.7,-1.5],[27.1,-2],[27.4,-2.1],[27.6,-2.5]]]]}},{"type":"Feature","properties":{},"geometry":{"type":"MultiPolygon","coordinates":[[[[28,-2],[23.4,-2.4],[22.9,-2.3],[22.3,-2.1],[22.1,-1.9],[20.7,0.2],[21,0.1],[21.9,-0.2],[22.4,-0.3],[22.8,-0.4],[23.2,-0.5],[23.1,-0.7],[24,-0.1],[25.1,-0.1],[26.5,-0.6],[27.4,-1],[27.6,-1.5],[27.8,-1.8],[28,-2]]]]}},{"type":"Feature","properties":{},"geometry":{"type":"MultiPolygon","coordinates":[[[[26.6,-4.7],[27.1,-5],[27.4,-5.3],[27.6,-5.6],[28,-6.3],[28.3,-6.7],[28.7,-7.3],[28.9,-7.6],[28.9,-7.9],[28.7,-8.5],[28.6,-8.9],[28.5,-11.1],[28.1,-11.5],[28.1,-10.5],[27.9,-8.2],[27.4,-6.9],[26.5,-5.3],[26.2,-5],[26.6,-4.7]]]]}},{"type":"Feature","properties":{},"geometry":{"type":"MultiPolygon","coordinates":[[[[27.5,-7.3],[27.1,-7.6],[27.3,-7.9],[28.2,-9.6],[28.5,-11],[28.5,-13.2],[28.4,-14.2],[28.9,-15.5],[29,-16],[28.6,-15.7],[28.6,-15.2],[28.1,-15.4],[27.3,-13],[27.4,-12.4],[27.1,-10.9],[26.7,-8.7],[25.9,-5.6],[25.5,-5.4],[24.9,-5.4],[24.2,-5],[23.8,-4.6],[24,-4.5],[25.1,-4.2],[25.5,-4.3],[25.7,-4.3],[25.9,-4.5],[26.4,-4.7],[26.7,-4.9],[27.5,-7.3]]]]}},{"type":"Feature","properties":{},"geometry":{"type":"MultiPolygon","coordinates":[[[[27.6,-17.8],[28,-17.7],[27.6,-18.1],[27.6,-17.8]]]]}},{"type":"Feature","properties":{},"geometry":{"type":"MultiPolygon","coordinates":[[[[28,-17.7],[28.3,-17.9],[28,-17.8],[28,-17.7]]]]}},{"type":"Feature","properties":{},"geometry":{"type":"MultiPolygon","coordinates":[[[[23.7,-10.1],[22.1,-10.5],[21.9,-9.9],[23.4,-9.8],[23.7,-10.1]]]]}},{"type":"Feature","properties":{},"geometry":{"type":"MultiPolygon","coordinates":[[[[27.4,-12.5],[27.5,-12.3],[27.2,-11.4],[27.3,-11.4],[26.9,-10.7],[26.2,-9.5],[26.1,-8.5],[26.3,-8.7],[26.3,-7.2],[25.8,-7.5],[25.7,-7.1],[25.9,-6.8],[25.9,-6.6],[25.7,-6.4],[25.2,-6.3],[25,-6.5],[25,-6.7],[24.8,-6.8],[24.8,-8.4],[24.6,-10.1],[25.1,-10.7],[25,-10.9],[23.5,-11.1],[23.5,-10.6],[23,-10],[22.9,-9],[22.6,-8.2],[22.7,-7.6],[23.1,-6.5],[22.8,-5.8],[22.4,-5.3],[22,-4.9],[22.2,-4.7],[22.6,-4.3],[23.3,-4.4],[23.6,-4.3],[23.8,-4.4],[24.4,-4.9],[25,-5.1],[25.5,-5.1],[26.5,-7.1],[26.9,-9],[27.6,-11],[27.8,-12.3],[27.4,-12.5]]]]}},{"type":"Feature","properties":{},"geometry":{"type":"MultiPolygon","coordinates":[[[[26.1,-7.9],[26.2,-8.1],[26.1,-8.2],[26.1,-7.9]]]]}},{"type":"Feature","properties":{},"geometry":{"type":"MultiPolygon","coordinates":[[[[22.2,-6.6],[22.9,-6.2],[22.5,-6.5],[22.2,-6.6]]]]}},{"type":"Feature","properties":{},"geometry":{"type":"MultiPolygon","coordinates":[[[[22.2,-6.3],[21.3,-6.3],[21.5,-6],[21.7,-5.7],[22,-5.5],[22.7,-5.6],[22.2,-6.3]]]]}},{"type":"Feature","properties":{},"geometry":{"type":"MultiPolygon","coordinates":[[[[20.7,-6],[20.2,-6.1],[19.5,-5.9],[19.8,-5.5],[20.7,-5.8],[20.7,-6]]]]}},{"type":"Feature","properties":{},"geometry":{"type":"MultiPolygon","coordinates":[[[[20.1,-6.3],[21.5,-6.3],[21,-6.8],[20,-7.2],[19.5,-7.2],[19.5,-7],[19.7,-6.8],[20,-6.5],[20.1,-6.3]]]]}},{"type":"Feature","properties":{},"geometry":{"type":"MultiPolygon","coordinates":[[[[17.3,-7.1],[17.2,-7.5],[16.9,-7.4],[17,-6.9],[17.3,-7.1]]]]}},{"type":"Feature","properties":{},"geometry":{"type":"MultiPolygon","coordinates":[[[[18,-6.9],[18,-7.2],[17.8,-6.9],[18,-6.9]]]]}},{"type":"Feature","properties":{},"geometry":{"type":"MultiPolygon","coordinates":[[[[20.3,-8.1],[18,-8],[18.2,-7.9],[19.1,-7.8],[19.9,-7.8],[20.3,-8.1]]]]}},{"type":"Feature","properties":{},"geometry":{"type":"MultiPolygon","coordinates":[[[[15.6,-9.3],[14.9,-9.3],[15.2,-9.1],[15.6,-9.3]]]]}},{"type":"Feature","properties":{},"geometry":{"type":"MultiPolygon","coordinates":[[[[17.2,-9.2],[16.8,-9.6],[17.1,-9.1],[17.2,-9.2]]]]}},{"type":"Feature","properties":{},"geometry":{"type":"MultiPolygon","coordinates":[[[[-26.1,33.1],[-26.6,31.3],[-27.9,28.7],[-29.5,25.4],[-29.6,26.8],[-28.7,29.2],[-28,30.7],[-27.2,32.8],[-26.2,34.2],[-26.1,33.1]]]]}},{"type":"Feature","properties":{},"geometry":{"type":"MultiPolygon","coordinates":[[[[-2.1,27.9],[-3.3,28.1],[-3.3,28.4],[-3.2,28.5],[-3.1,28.7],[-2.9,28.9],[-2.6,28.5],[-2.6,28.1],[-2.1,27.9]]]]}},{"type":"Feature","properties":{},"geometry":{"type":"MultiPolygon","coordinates":[[[[-7.6,30.9],[-6.7,30.4],[-6.3,30.1],[-6.1,30],[-5.9,29.9],[-5.9,29.8],[-5.6,29.6],[-6.4,29.2],[-6.9,29.5],[-6.9,29.7],[-8.2,30.1],[-7.7,30.5],[-7.3,30.3],[-7.4,30.6],[-7.8,30.8],[-7.6,30.9]]]]}},{"type":"Feature","properties":{},"geometry":{"type":"MultiPolygon","coordinates":[[[[-7.7,31],[-7.9,30.9],[-8,31.2],[-8.1,31.3],[-8.2,31.7],[-7.7,31]]]]}},{"type":"Feature","properties":{},"geometry":{"type":"MultiPolygon","coordinates":[[[[-4.1,28.2],[-4.7,28.4],[-5.3,28.9],[-5.1,29],[-4.8,28.7],[-4.8,29],[-4.4,29.4],[-4.5,28.9],[-4.4,28.6],[-4.4,29],[-4.2,28.9],[-4,29.2],[-3.9,28.8],[-3.7,29],[-3.6,28.7],[-4.1,28.2]]]]}},{"type":"Feature","properties":{},"geometry":{"type":"MultiPolygon","coordinates":[[[[-6,28.8],[-6.1,29],[-5.8,28.8],[-6,28.8]]]]}},{"type":"Feature","properties":{},"geometry":{"type":"MultiPolygon","coordinates":[[[[-4.6,29.9],[-4.9,29.5],[-4.8,29.9],[-4.6,29.9]]]]}},{"type":"Feature","properties":{},"geometry":{"type":"MultiPolygon","coordinates":[[[[-77,-61],[-76.9,-62.2],[-78.3,-62.5],[-78.9,-62.4],[-81.6,-61.9],[-83.1,-62.1],[-83.9,-61.7],[-85.1,-61.6],[-87.3,-62.1],[-87.7,-61.9],[-88.6,-62.1],[-90,-61.7],[-90.4,-61.4],[-91.8,-61.5],[-91.7,-61],[-90.8,-61.1],[-90.9,-60.4],[-91,-60.2],[-90.1,-60.3],[-89.1,-59.9],[-88.7,-59.6],[-88.8,-59.6],[-89.2,-59.6],[-89.4,-59.8],[-89.6,-59.6],[-89.7,-59.8],[-90,-59.8],[-90.1,-59.7],[-89.6,-59.5],[-89.6,-59.4],[-89.4,-59.4],[-89.1,-59.2],[-88.7,-59.1],[-88.5,-59],[-87.9,-58.9],[-87.7,-58.9],[-87.8,-58.8],[-87.5,-58.7],[-87.3,-58.6],[-86.9,-58.6],[-86.5,-58.5],[-86.6,-58.3],[-86.3,-58.2],[-86.1,-58.4],[-86,-58.4],[-85.5,-58.1],[-86.2,-58.2],[-84.9,-57.8],[-84.7,-57.8],[-84.4,-57.7],[-84.2,-57.6],[-84,-57.6],[-83.5,-57.7],[-83.6,-57.8],[-83.6,-58.1],[-83.5,-58.1],[-83.2,-57.8],[-83,-57.8],[-83.1,-57.7],[-83.2,-57.4],[-83,-57.4],[-82.9,-57.4],[-82.5,-57.3],[-82.2,-57.3],[-80.7,-56.8],[-80.4,-56.8],[-80.9,-57],[-80.4,-57.2],[-78.6,-58.5],[-77,-61]]]]}},{"type":"Feature","properties":{},"geometry":{"type":"MultiPolygon","coordinates":[[[[-90.8,-60.1],[-90.5,-60.1],[-89.8,-60],[-90.8,-60.1]]]]}},{"type":"Feature","properties":{},"geometry":{"type":"MultiPolygon","coordinates":[[[[-93.6,-64.4],[-93.2,-63],[-91.2,-62.5],[-91.5,-61.8],[-90.7,-61.8],[-90.5,-61.8],[-90.3,-62],[-89.6,-62.3],[-89.9,-62.9],[-91.3,-63.5],[-92.5,-64.6],[-93.2,-65],[-93.7,-64.5],[-93.6,-64.4]]]]}},{"type":"Feature","properties":{},"geometry":{"type":"MultiPolygon","coordinates":[[[[-91.7,-60.6],[-90.7,-60.9],[-91.4,-60.9],[-91.7,-60.6]]]]}},{"type":"Feature","properties":{},"geometry":{"type":"MultiPolygon","coordinates":[[[[-92,-66],[-92.4,-65.7],[-92.4,-65.5],[-92.5,-65.6],[-92,-66]]]]}},{"type":"Feature","properties":{},"geometry":{"type":"MultiPolygon","coordinates":[[[[124.8,-45.4],[127.2,-44],[128.8,-42.1],[130.8,-41.9],[131,-42.4],[129.9,-43],[128.9,-44],[126.3,-45.4],[124.6,-46],[123.9,-46.2],[122,-46.7],[121,-47.2],[124.3,-45.7],[124.8,-45.4]]]]}},{"type":"Feature","properties":{},"geometry":{"type":"MultiPolygon","coordinates":[[[[161.5,-65.9],[161.7,-66],[161.8,-66],[162,-66.1],[161.7,-66.3],[161.6,-66.2],[161.4,-66.1],[161.2,-65.9],[161.5,-65.9]]]]}},{"type":"Feature","properties":{},"geometry":{"type":"MultiPolygon","coordinates":[[[[146.2,-42.1],[146.6,-42.2],[146.7,-42.3],[147.1,-42.3],[147.2,-42.4],[147.3,-42.7],[147.4,-42.7],[147.4,-42.8],[147.5,-43],[147.9,-43.5],[147.9,-43.6],[148,-43.6],[147.9,-43.6],[147.9,-43.8],[148.6,-44.2],[148.8,-44.1],[148.8,-44.3],[149.1,-44.5],[149.2,-44.6],[149.3,-44.7],[149.4,-44.8],[149.4,-44.9],[149.4,-45.2],[149.4,-45.3],[149.5,-45.4],[149.6,-45.5],[150,-45.6],[150,-45.7],[150,-45.8],[150.1,-45.9],[150.1,-46],[150,-46.1],[149.9,-46.1],[149.9,-46.2],[149.8,-46.2],[149.7,-46.3],[149.6,-46.4],[149.5,-46.4],[149.4,-46.5],[149.3,-46.6],[149.2,-46.6],[149.1,-46.7],[149,-46.7],[149,-46.8],[148.9,-46.8],[148.9,-46.9],[148.8,-46.9],[148.7,-46.9],[148.6,-46.9],[148.6,-47],[148.5,-47],[148.4,-47],[148.3,-47.1],[148.2,-47.1],[148.1,-47.1],[148,-47.1],[147.9,-47.2],[147.8,-47.2],[147.7,-47.2],[147.6,-47.2],[147.6,-47.1],[147.7,-47.1],[147.7,-47],[147.8,-47],[147.8,-46.9],[147.9,-46.9],[147.9,-46.8],[148,-46.8],[148,-46.7],[148.1,-46.7],[148.1,-46.6],[148.2,-46.5],[148.2,-46.4],[148.3,-46.3],[148.3,-46.2],[148.4,-46.1],[148.4,-46],[148.4,-45.9],[148.5,-45.9],[148.5,-45.8],[148.5,-45.7],[148.6,-45.7],[148.6,-45.6],[148.7,-45.6],[148.7,-45.5],[148.7,-45.4],[148.7,-45.3],[148.6,-45.3],[148.5,-45.3],[148.4,-45.3],[148.4,-45.2],[148.3,-45.2],[148.2,-45.2],[148.1,-45.2],[148.1,-45.1],[148,-45.1],[147.9,-45.1],[147.8,-45.1],[147.7,-45.1],[147.7,-45],[147.6,-45],[147.5,-45],[147.4,-45],[147.4,-44.9],[147.3,-44.9],[147.2,-44.9],[147.1,-44.9],[147,-44.9],[146.9,-44.8],[146.8,-44.8],[146.6,-44.7],[146.4,-44.4],[146.3,-44.4],[146.3,-44.3],[146.3,-44.2],[146.3,-44.1],[146.2,-44.1],[146.2,-44],[146.2,-43.9],[146.2,-43.8],[146.1,-43.8],[146.1,-43.7],[146,-43.6],[146,-43.5],[146,-43.4],[146,-43.2],[146,-43.1],[146,-43],[145.9,-42.5],[145.9,-42.2],[145.9,-42],[146,-41.9],[146.2,-42.1]]]]}},{"type":"Feature","properties":{},"geometry":{"type":"MultiPolygon","coordinates":[[[[-4.4,-2.3],[-2.6,-1.6],[-2.5,-1.8],[-2.2,-2],[-1.9,-2.1],[-1.2,-2.4],[-0.7,-2.6],[-0.6,-2.8],[-0.8,-2.8],[-1.2,-2.8],[-1.3,-2.9],[-1.4,-3],[-1.7,-3.1],[-1.8,-3.1],[-2.1,-3.1],[-2.2,-3.1],[-2.4,-3.1],[-2.6,-3.4],[-2.8,-3.2],[-2.9,-3.3],[-3.1,-3.2],[-3.2,-3.3],[-3.3,-3.6],[-3.5,-3.8],[-3.7,-3.8],[-3.8,-3.9],[-4,-4],[-4.2,-4],[-4.4,-3.8],[-4.5,-3.6],[-4.2,-2.9],[-4,-2.9],[-4,-2.8],[-3,-2.4],[-2.8,-2.7],[-3.2,-2.4],[-3,-2.1],[-2.8,-2],[-3,-1.7],[-4,-2.3],[-4.4,-2.3]]]]}},{"type":"Feature","properties":{},"geometry":{"type":"MultiPolygon","coordinates":[[[[-9.5,-4.9],[-8.1,-3.8],[-7.9,-4],[-8.2,-4.2],[-8.1,-4.3],[-8.1,-4.7],[-7.7,-4.6],[-7.7,-5],[-8.2,-4.9],[-8.5,-5],[-8.6,-4.7],[-8.7,-4.7],[-8.9,-4.9],[-9.3,-4.9],[-9.5,-4.9]]]]}},{"type":"Feature","properties":{},"geometry":{"type":"MultiPolygon","coordinates":[[[[3.3,-0.9],[4.5,0.2],[4.5,0],[4.4,-0.3],[4.7,-0.2],[5,-0.1],[4.9,-0.3],[4.5,-0.5],[4.6,-0.9],[4.7,-1.1],[5.1,-0.6],[4.9,-1],[5,-1.2],[5.3,-0.9],[5.2,-1.6],[5,-2],[4.7,-2],[4.7,-1.7],[4.7,-1.4],[4.4,-1.4],[4.5,-1.2],[4.4,-0.7],[4,-1.2],[3.9,-1.2],[3.6,-1.6],[3.5,-1.7],[3.2,-1.4],[3.8,-1],[3.5,-0.9],[3.5,-1.1],[3.2,-1.1],[3.3,-0.9]]]]}},{"type":"Feature","properties":{},"geometry":{"type":"MultiPolygon","coordinates":[[[[-0.9,-2.3],[-0.4,-2.5],[0.1,-2],[0.3,-2.1],[0.3,-2.3],[-0.3,-2.6],[-0.8,-2.5],[-0.9,-2.3]]]]}},{"type":"Feature","properties":{},"geometry":{"type":"MultiPolygon","coordinates":[[[[-1.5,-1.9],[-1.5,-2],[-1.9,-1.8],[-1.5,-1.9]]]]}},{"type":"Feature","properties":{},"geometry":{"type":"MultiPolygon","coordinates":[[[[4.8,0.7],[4.8,0.4],[4.6,0.4],[4.2,-0.1],[3.2,-0.9],[3.2,-0.8],[3.2,-0.7],[3,-0.8],[2.9,-0.7],[2.7,-0.9],[2.6,-0.9],[2.5,-0.9],[2.3,-0.8],[2.3,-0.7],[1.9,-0.8],[1.8,-0.7],[1.5,-0.7],[1.4,-0.6],[1,-0.7],[0.9,-0.6],[1.8,-0.4],[2.5,-0.3],[3.3,0.1],[4.2,0.7],[4.4,0.8],[4.8,0.7]]]]}},{"type":"Feature","properties":{},"geometry":{"type":"MultiPolygon","coordinates":[[[[-2.6,-1.6],[-4.4,-2.3],[-4.7,-2.1],[-4.9,-2.3],[-5.1,-2.6],[-5.2,-2.6],[-5.4,-2.6],[-5.5,-2.6],[-5.6,-2.7],[-5.7,-2.7],[-5.8,-2.6],[-6,-2.6],[-6,-2.8],[-6.1,-2.4],[-5.2,-1.9],[-3.7,-1.1],[-3,-0.8],[-3,-1],[-2.9,-1.3],[-2.7,-1.5],[-2.6,-1.6]]]]}},{"type":"Feature","properties":{},"geometry":{"type":"MultiPolygon","coordinates":[[[[-6.5,-2.9],[-6.7,-2.9],[-6.8,-2.8],[-6.9,-2.9],[-6.2,-2.4],[-6.5,-2.8],[-6.5,-2.9]]]]}},{"type":"Feature","properties":{},"geometry":{"type":"MultiPolygon","coordinates":[[[[-8,-3.8],[-7.8,-3.3],[-7.5,-3.2],[-8,-3.8]]]]}},{"type":"Feature","properties":{},"geometry":{"type":"MultiPolygon","coordinates":[[[[0.1,-1.3],[-0.1,-1.8],[-0.5,-2.1],[-0.4,-2.3],[-0.5,-2.3],[-0.9,-2],[0.1,-1.3]]]]}},{"type":"Feature","properties":{},"geometry":{"type":"MultiPolygon","coordinates":[[[[0.1,-2],[-0.3,-2.4],[-0.4,-2.2],[0,-1.9],[0.1,-2]]]]}},{"type":"Feature","properties":{},"geometry":{"type":"MultiPolygon","coordinates":[[[[-1.5,-1.9],[-1.8,-1.6],[-2.2,-1.6],[-2.6,-1.4],[-2.7,-1],[-2.5,-1.1],[-2.3,-1.3],[-2.1,-1.3],[-1.8,-1.5],[-1.5,-1.5],[-1.4,-1.7],[-1.5,-1.8],[-1.5,-1.9]]]]}},{"type":"Feature","properties":{},"geometry":{"type":"MultiPolygon","coordinates":[[[[-12.4,-5.7],[-11.4,-5.5],[-11.1,-5.4],[-11.3,-6],[-11.6,-6.1],[-11.8,-6.3],[-12.2,-6.5],[-12.4,-5.9],[-12.4,-5.7]]]]}},{"type":"Feature","properties":{},"geometry":{"type":"MultiPolygon","coordinates":[[[[-13,-5.9],[-12.4,-5.7],[-12.3,-6.6],[-12.5,-6.8],[-12.4,-6.9],[-12.6,-7.1],[-12.9,-7.4],[-13.3,-7.7],[-13.4,-7.6],[-13,-7.3],[-13.2,-7.2],[-13.2,-7],[-13.2,-6.9],[-13.3,-6.7],[-13.2,-6.6],[-13,-6.5],[-13.2,-6.4],[-13.2,-6.2],[-13.1,-6.3],[-13.3,-6.2],[-13,-6],[-13,-5.9]]]]}},{"type":"Feature","properties":{},"geometry":{"type":"MultiPolygon","coordinates":[[[[-14,-6.4],[-13.4,-6.1],[-13.4,-6.7],[-13.7,-6.7],[-13.9,-6.5],[-14.1,-6.4],[-14,-6.4]]]]}},{"type":"Feature","properties":{},"geometry":{"type":"MultiPolygon","coordinates":[[[[-20.7,-16.2],[-21,-16.1],[-21.6,-15.4],[-21.9,-14.5],[-22,-13.5],[-22,-13.1],[-22.3,-12.5],[-22.7,-11.8],[-22.9,-11.8],[-23.4,-11.9],[-23.8,-11.5],[-23.8,-11.4],[-23.8,-11.2],[-23.9,-11.1],[-24.2,-10.7],[-24.3,-10.5],[-24.7,-10.3],[-24.9,-10.3],[-25,-10.3],[-25.3,-10.3],[-25.4,-10.2],[-25.6,-9.8],[-26,-9.8],[-26.6,-9.6],[-26.6,-9.5],[-28.1,-7.8],[-26.2,-8.4],[-24.8,-8.8],[-22.7,-9.1],[-18.3,-9.2],[-15.2,-7.2],[-14.1,-6.4],[-13.7,-6.8],[-13.6,-7.4],[-13.8,-7.2],[-13.7,-7.5],[-13.9,-7.7],[-14,-7.6],[-14,-7.7],[-14.1,-7.8],[-13.9,-8.1],[-13.7,-9.3],[-13.7,-8.6],[-14,-8.7],[-14.1,-8.9],[-14.5,-8.7],[-14.2,-9],[-13.8,-9.1],[-14,-9.5],[-14.5,-9.5],[-14.6,-9.3],[-14.9,-9.2],[-14.7,-9.6],[-15,-9.6],[-14.7,-9.9],[-14.6,-9.8],[-14.8,-10.1],[-15,-10],[-15.3,-9.9],[-15.5,-10],[-16.3,-10.4],[-17.4,-10.7],[-17.7,-10.8],[-18.2,-10.8],[-18.5,-10.9],[-18.7,-10.9],[-19,-10.8],[-19.1,-11.1],[-19.4,-11.2],[-19.5,-11.3],[-19.6,-11.4],[-19.7,-11.5],[-19.7,-11.6],[-19.9,-11.7],[-20,-11.9],[-20.1,-11.9],[-20.2,-11.9],[-20.2,-12.2],[-20.3,-12.4],[-20.4,-14.6],[-20.6,-14.6],[-20.8,-15.8],[-20.7,-16.2]]]]}},{"type":"Feature","properties":{},"geometry":{"type":"MultiPolygon","coordinates":[[[[-22,-9.1],[-19.8,-8.7],[-18.2,-8.1],[-15.8,-7.2],[-16.3,-8.5],[-21,-9.4],[-22,-9.1]]]]}},{"type":"Feature","properties":{},"geometry":{"type":"MultiPolygon","coordinates":[[[[2.5,-0.3],[1.8,-0.4],[2.3,0.1],[3.1,0.5],[2.5,-0.3]]]]}},{"type":"Feature","properties":{},"geometry":{"type":"MultiPolygon","coordinates":[[[[4.2,0.7],[3.3,0.1],[2.5,-0.3],[3.3,0.9],[3.6,0.9],[3.6,0.8],[3.7,0.9],[3.8,0.9],[3.7,0.6],[4,0.7],[4.2,0.8],[4.2,0.7]]]]}},{"type":"Feature","properties":{},"geometry":{"type":"MultiPolygon","coordinates":[[[[4,1],[4.2,1],[4,0.9],[4,1]]]]}},{"type":"Feature","properties":{},"geometry":{"type":"MultiPolygon","coordinates":[[[[47.4,40.2],[49.7,39],[50.3,37.9],[49,38.5],[46.4,39.9],[47.4,40.2]]]]}},{"type":"Feature","properties":{},"geometry":{"type":"MultiPolygon","coordinates":[[[[59.7,36.6],[60.5,37.9],[61.7,40.3],[62.1,39.8],[61.5,36.6],[58.5,35.8],[59.7,36.6]]]]}},{"type":"Feature","properties":{},"geometry":{"type":"MultiPolygon","coordinates":[[[[62.3,46.3],[62.3,44.5],[61.9,43.2],[61.7,40.3],[60.5,37.9],[59.7,36.6],[60.3,39.2],[60.6,42.7],[61.2,44.7],[62.3,46.3]]]]}},{"type":"Feature","properties":{},"geometry":{"type":"MultiPolygon","coordinates":[[[[48.1,32.2],[49.6,31.4],[53,30.4],[52.3,29.8],[52.2,29.9],[52,30],[51.9,29.8],[50.6,30.3],[50.2,30.5],[47.8,31.6],[48.1,32.2]]]]}},{"type":"Feature","properties":{},"geometry":{"type":"MultiPolygon","coordinates":[[[[55.5,36.5],[58.5,37.7],[58.5,35.8],[56.3,34.8],[53.1,34.1],[52.7,36],[54.9,36.3],[55.5,36.5]]]]}},{"type":"Feature","properties":{},"geometry":{"type":"MultiPolygon","coordinates":[[[[46.4,39.9],[49,38.5],[48.1,37.4],[45,38],[45.1,38.7],[46.1,39.7],[46.4,39.9]]]]}},{"type":"Feature","properties":{},"geometry":{"type":"MultiPolygon","coordinates":[[[[49.4,37.2],[52.1,36],[50.2,35.1],[48,36.9],[49.4,37.2]]]]}},{"type":"Feature","properties":{},"geometry":{"type":"MultiPolygon","coordinates":[[[[55.8,38],[57.6,39.4],[60.1,41.7],[60.4,39.6],[59.2,38.1],[56,36.6],[56.2,37.7],[56.4,37.8],[55.9,38],[55.8,38]]]]}},{"type":"Feature","properties":{},"geometry":{"type":"MultiPolygon","coordinates":[[[[50.3,37.9],[52.7,37.3],[55.2,37.6],[55.6,37.6],[53.8,36.1],[52.1,36],[49.4,37.2],[50.3,37.9]]]]}},{"type":"Feature","properties":{},"geometry":{"type":"MultiPolygon","coordinates":[[[[56,34.7],[58.2,35.6],[60.1,34.9],[59.9,32.8],[56.4,31.2],[53,30.4],[53.6,33.4],[55.6,34.5],[56,34.7]]]]}},{"type":"Feature","properties":{},"geometry":{"type":"MultiPolygon","coordinates":[[[[48.4,32.6],[52,32.7],[51.3,31],[48.7,31.5],[48.3,32.6],[48.4,32.6]]]]}},{"type":"Feature","properties":{},"geometry":{"type":"MultiPolygon","coordinates":[[[[59.4,32.4],[59.2,29.4],[55.3,28.6],[54.5,30.7],[58.1,31.9],[59.4,32.4]]]]}},{"type":"Feature","properties":{},"geometry":{"type":"MultiPolygon","coordinates":[[[[145.8,-42.1],[145.9,-42.3],[145.9,-42.5],[145.9,-42.6],[146,-43],[146,-43.1],[146,-43.2],[145.9,-43.3],[146,-43.5],[146,-43.6],[146.1,-43.6],[146.1,-43.7],[146.2,-43.8],[146.2,-43.9],[146.2,-44],[146.2,-44.1],[146.3,-44.1],[146.3,-44.2],[146.3,-44.3],[146.3,-44.4],[146.4,-44.5],[146.8,-44.8],[146.9,-44.8],[147,-44.9],[147.1,-44.9],[147.2,-44.9],[147.3,-44.9],[147.4,-44.9],[147.4,-45],[147.5,-45],[147.6,-45],[147.7,-45],[147.7,-45.1],[147.8,-45.1],[147.9,-45.1],[148,-45.1],[148.1,-45.1],[148.2,-45.2],[148.3,-45.2],[148.4,-45.2],[148.5,-45.3],[148.6,-45.3],[148.7,-45.4],[148.7,-45.5],[148.7,-45.6],[148.6,-45.6],[148.6,-45.7],[148.5,-45.7],[148.5,-45.8],[148.5,-45.9],[148.4,-45.9],[148.4,-46],[148.4,-46.1],[148.3,-46.2],[148.3,-46.3],[148.2,-46.4],[148.2,-46.5],[148.1,-46.6],[148.1,-46.7],[148,-46.7],[148,-46.8],[147.9,-46.8],[147.9,-46.9],[147.8,-46.9],[147.8,-47],[147.7,-47],[147.7,-47.1],[147.6,-47.1],[147.6,-47.2],[148.3,-47.5],[148.9,-47.7],[148.8,-47.7],[148.7,-47.7],[148.6,-47.8],[148.6,-47.9],[148.5,-47.9],[148.5,-48],[148.4,-48],[148.4,-48.1],[148.3,-48.1],[148.4,-48.4],[148.4,-48.5],[148.4,-48.8],[148.3,-49],[148.3,-49.1],[148.3,-49.2],[148.3,-49.3],[148.2,-49.5],[148.2,-49.6],[148.1,-49.6],[148.1,-49.7],[148,-49.8],[148,-49.9],[147.9,-49.9],[147.9,-50],[147.8,-50.1],[147.7,-50.2],[147.6,-50.2],[147.6,-50.3],[147.5,-50.3],[147.5,-50.4],[147.4,-50.4],[147.4,-50.5],[147.4,-50.6],[147.4,-50.7],[147.4,-50.8],[147.4,-50.9],[147.3,-50.9],[147.3,-51],[147.2,-51.1],[147.2,-51.2],[147.1,-51.3],[147,-51.3],[147,-51.4],[146.9,-51.4],[146.9,-51.5],[146.8,-51.5],[146.7,-51.6],[146.6,-51.6],[146.5,-51.7],[146.4,-51.7],[146.3,-51.8],[146.2,-51.9],[146.1,-52],[146,-52.1],[145.9,-52.1],[145.9,-52.2],[145.8,-52.3],[145.7,-52.4],[145.6,-52.5],[145.5,-52.6],[145.4,-52.7],[145.4,-52.8],[145.3,-52.8],[145.3,-52.9],[145.2,-52.9],[145.1,-52.9],[145,-52.9],[144.9,-53],[144.8,-53],[144.7,-53],[144.7,-53.1],[144.6,-53.1],[144.5,-53.1],[144.4,-53.1],[144.3,-53.1],[144.2,-53.1],[144.2,-53],[144.1,-53],[144.1,-52.9],[144.1,-52.8],[144,-52.7],[143.9,-52.7],[143.8,-52.7],[143.7,-52.6],[143.6,-52.6],[143.6,-52.5],[143.5,-52.5],[143.4,-52.4],[143.3,-52.3],[143.3,-52.2],[143.2,-52.2],[143.2,-52.1],[143.1,-52.1],[143.1,-52],[143,-52],[143,-51.9],[142.9,-51.9],[142.8,-51.8],[142.7,-51.8],[142.7,-51.7],[142.6,-51.7],[142.6,-51.6],[142.5,-51.6],[142.4,-51.5],[142.3,-51.5],[142.3,-51.4],[142.2,-51.4],[142.2,-51.3],[142.1,-51.3],[142.1,-51.2],[142,-51.2],[142,-51.1],[141.9,-51],[141.9,-50.9],[141.9,-50.8],[141.9,-50.7],[141.9,-50.6],[141.9,-50.5],[142,-50.5],[142,-50.4],[142.1,-50.3],[142,-50.3],[141.9,-50.2],[141.9,-50.1],[141.9,-50],[141.9,-49.9],[141.8,-49.9],[141.8,-49.8],[141.7,-49.8],[141.6,-49.8],[141.5,-49.8],[141.5,-49.7],[141.4,-49.7],[141.4,-49.6],[141.4,-49.5],[141.4,-49.4],[141.3,-49.4],[141.3,-49.3],[141.2,-49.3],[141.2,-49.2],[141.1,-49.2],[141,-49.1],[141,-49],[141.1,-49],[141.2,-49],[141.3,-49],[141.2,-49],[141.2,-48.9],[141.1,-48.9],[141,-48.8],[140.9,-48.7],[141,-48.7],[141.1,-48.7],[141.1,-48.6],[141,-48.6],[141,-48.5],[140.9,-48.4],[140.9,-48.3],[140.9,-48.2],[140.8,-48.1],[140.9,-48.1],[140.9,-48],[141,-47.9],[141,-47.8],[141.1,-47.8],[141.1,-47.7],[141.1,-47.6],[141.2,-47.6],[141.2,-47.5],[141.3,-47.5],[141.4,-47.5],[141.5,-47.5],[141.5,-47.4],[141.6,-47.4],[141.6,-47.3],[141.6,-47.2],[141.7,-47.2],[141.7,-47.1],[141.7,-47],[141.8,-47],[141.8,-46.9],[141.9,-46.8],[141.9,-46.7],[142,-46.7],[142,-46.6],[142.1,-46.6],[142.1,-46.5],[142.4,-46.1],[142.3,-46.1],[142.2,-46.1],[142.4,-45.9],[142.6,-44.3],[142.3,-42.6],[142.1,-41.8],[141.9,-41.4],[142.2,-41.2],[142.1,-41],[141.9,-41],[141.8,-40.7],[142.1,-40.5],[142,-40.2],[142.1,-39.9],[142.2,-39.3],[142.3,-39.3],[142.7,-39.2],[143.4,-40],[143.8,-40.5],[144.3,-40.8],[144.9,-41.9],[145.6,-42.1],[145.8,-42.1]]]]}},{"type":"Feature","properties":{},"geometry":{"type":"MultiPolygon","coordinates":[[[[131.6,-41.7],[131.5,-41.7],[131.5,-41.8],[131.6,-41.8],[131.6,-41.9],[131.6,-42],[131.6,-42.1],[131.5,-42.2],[131.5,-42.3],[131.4,-42.3],[131.3,-42.3],[131.3,-42.4],[131.2,-42.4],[131.1,-42.4],[131.1,-42.5],[131,-42.5],[131,-42.6],[131,-42.7],[130.9,-42.7],[130.9,-42.8],[130.9,-42.9],[130.8,-42.9],[130.7,-42.8],[130.6,-42.8],[130.5,-42.9],[130.5,-43],[130.4,-43],[130.4,-43.1],[130.3,-43.2],[130.3,-43.3],[130.4,-43.4],[130.4,-43.5],[130.4,-43.6],[130.4,-43.7],[130.3,-43.8],[130.3,-43.9],[130.4,-43.9],[130.4,-44],[130.5,-44],[130.6,-44.1],[130.7,-44.1],[130.7,-44.2],[130.8,-44.2],[130.8,-44.3],[130.9,-44.4],[130.9,-44.5],[130.9,-44.6],[130.9,-44.7],[130.8,-44.7],[130.7,-44.7],[130.8,-44.7],[130.9,-44.8],[131,-44.8],[131,-44.9],[131.1,-44.9],[131.1,-45],[131.1,-45.1],[131.2,-45.1],[131.9,-45.4],[131.7,-46.5],[131.7,-47],[131.8,-47],[131.9,-47],[131.9,-47.1],[131.9,-47.2],[132,-47.2],[132.1,-47.2],[132.2,-47.2],[132.3,-47.2],[132.4,-47.2],[132.4,-47.3],[132.5,-47.3],[132.8,-47.6],[132.9,-47.6],[132.9,-47.7],[133,-47.8],[133.1,-47.9],[133.1,-48],[133.2,-48],[133.2,-48.1],[133.3,-48.2],[133.3,-48.3],[133.4,-48.3],[133.3,-48.3],[133.2,-48.4],[133.1,-48.4],[133.2,-48.5],[133.3,-48.5],[133.3,-48.6],[133.4,-48.6],[133.4,-48.7],[133.5,-48.7],[133.6,-48.8],[133.7,-48.8],[133.7,-48.9],[133.8,-48.9],[133.8,-49],[133.9,-49],[134,-49],[134.1,-49],[134.2,-49],[134.3,-49],[134.4,-49],[134.6,-49],[134.7,-49],[134.8,-49],[134.9,-48.9],[135,-48.9],[135.1,-48.8],[135.2,-48.7],[135.1,-48.7],[135.1,-48.6],[135,-48.6],[135,-48.5],[134.9,-48.5],[134.9,-48.4],[135,-48.4],[135.1,-48.4],[135.3,-48.4],[135.4,-48.3],[135.5,-48.3],[135.5,-48.2],[135.6,-48.2],[135.7,-48.1],[135.7,-48],[135.7,-47.9],[135.7,-47.8],[135.8,-47.8],[135.8,-47.7],[135.9,-47.7],[136,-47.7],[136,-47.6],[136,-47.5],[136.1,-47.5],[136.2,-47.5],[136.3,-47.4],[136.5,-47.4],[136.6,-47.3],[136.7,-47.3],[136.8,-47.2],[136.9,-47.2],[137,-47.2],[137.2,-47.2],[137.4,-47.2],[137.6,-47.2],[137.8,-47.1],[137.9,-47.1],[138,-47.1],[138.1,-47],[138.2,-47],[138.3,-47],[138.4,-47],[138.4,-46.9],[138.5,-46.9],[138.7,-46.9],[138.7,-46.8],[138.8,-46.8],[138.9,-46.8],[139,-46.8],[139.1,-46.7],[139.2,-46.7],[139.4,-46.7],[139.4,-46.6],[139.5,-46.6],[139.6,-46.6],[139.7,-46.6],[139.8,-46.6],[139.9,-46.5],[140,-46.5],[140.1,-46.5],[140.2,-46.5],[140.3,-46.5],[140.4,-46.5],[140.5,-46.5],[140.6,-46.4],[140.7,-46.4],[140.8,-46.4],[140.9,-46.4],[141,-46.4],[141.1,-46.4],[141.2,-46.4],[141.4,-46.4],[141.5,-46.4],[141.6,-46.4],[141.6,-46.3],[142.2,-46.1],[142.3,-46.1],[142.4,-46.1],[142.5,-46.1],[142.1,-46.5],[142.1,-46.6],[142,-46.6],[142,-46.7],[141.9,-46.7],[141.9,-46.8],[141.8,-46.8],[141.8,-46.9],[141.8,-47],[141.7,-47],[141.7,-47.1],[141.7,-47.2],[141.6,-47.2],[141.6,-47.3],[141.6,-47.4],[141.5,-47.4],[141.5,-47.5],[141.4,-47.5],[141.3,-47.5],[141.2,-47.5],[141.2,-47.6],[141.1,-47.7],[141.1,-47.8],[141,-47.8],[141,-47.9],[140.9,-47.9],[140.9,-48],[140.9,-48.1],[140.8,-48.1],[140.8,-48.2],[140.9,-48.2],[140.8,-48.2],[140.9,-48.2],[140.9,-48.3],[140.9,-48.4],[141,-48.5],[141.1,-48.6],[141.1,-48.7],[141,-48.7],[140.9,-48.7],[141,-48.8],[141.1,-48.8],[141.1,-48.9],[141.2,-48.9],[141.2,-49],[141.3,-49],[141.2,-49],[141.1,-49],[141,-49],[141,-49.1],[141.1,-49.2],[141.2,-49.2],[141.2,-49.3],[141.3,-49.3],[141.3,-49.4],[141.4,-49.4],[141.4,-49.5],[141.4,-49.6],[141.4,-49.7],[141.5,-49.7],[141.5,-49.8],[141.6,-49.8],[141.7,-49.8],[141.8,-49.8],[141.8,-49.9],[141.9,-50],[141.9,-50.1],[141.9,-50.2],[142,-50.2],[142,-50.3],[142.1,-50.3],[142,-50.4],[142,-50.5],[141.9,-50.6],[141.9,-50.7],[141.9,-50.8],[141.9,-50.9],[141.9,-51],[142,-51],[142,-51.1],[142.1,-51.2],[142.1,-51.3],[142.2,-51.3],[142.3,-51.4],[142.4,-51.5],[142.4,-51.6],[142.5,-51.6],[142.6,-51.7],[142.7,-51.7],[142.7,-51.8],[142.8,-51.8],[142.9,-51.9],[143,-51.9],[143,-52],[143.1,-52],[143.1,-52.1],[143.2,-52.1],[143.2,-52.2],[143.3,-52.2],[143.3,-52.3],[143.4,-52.3],[143.4,-52.4],[143.5,-52.5],[143.6,-52.5],[143.6,-52.6],[143.7,-52.6],[143.8,-52.6],[143.9,-52.7],[144,-52.7],[144.1,-52.8],[144.1,-52.9],[144.1,-53],[144.2,-53],[144.2,-53.1],[144.3,-53.1],[144.4,-53.1],[144.5,-53.1],[144.5,-53.2],[144.2,-53.4],[144,-53.5],[143.9,-53.5],[143.8,-53.6],[143.7,-53.6],[143.6,-53.6],[143.5,-53.6],[143.4,-53.6],[143.3,-53.6],[143.2,-53.6],[143.2,-53.7],[143.1,-53.7],[143,-53.7],[142.9,-53.7],[142.8,-53.7],[142.7,-53.8],[142.6,-53.8],[142.5,-53.8],[142.4,-53.8],[142.3,-53.8],[142.2,-53.8],[142.1,-53.8],[142,-53.8],[141.9,-53.8],[141.8,-53.8],[141.8,-53.7],[141.7,-53.7],[141.6,-53.7],[141.5,-53.7],[141.4,-53.7],[141.3,-53.7],[141.2,-53.7],[141.1,-53.7],[141,-53.7],[141,-53.6],[140.9,-53.6],[140.8,-53.6],[140.7,-53.6],[140.6,-53.6],[140.5,-53.6],[140.4,-53.6],[140.4,-53.5],[140.3,-53.5],[140.2,-53.5],[140.1,-53.4],[140,-53.4],[139.9,-53.4],[139.8,-53.4],[139.7,-53.4],[139.6,-53.4],[139.5,-53.4],[139.5,-53.3],[139.4,-53.3],[139.3,-53.3],[139.2,-53.3],[139.1,-53.3],[139,-53.3],[138.9,-53.2],[138.8,-53.2],[138.7,-53.2],[138.7,-53.3],[138.8,-53.3],[138.8,-53.4],[138.8,-53.5],[138.9,-53.5],[138.9,-53.6],[138.9,-53.7],[138.9,-53.8],[138.9,-53.9],[138.9,-54],[139,-54],[139,-54.1],[139,-54.2],[139,-54.3],[139.1,-54.3],[139.1,-54.4],[139,-54.5],[138.9,-54.5],[138.9,-54.6],[138.8,-54.6],[138.7,-54.6],[138.6,-54.6],[138.6,-54.7],[138.5,-54.7],[138.4,-54.7],[138.3,-54.7],[138.2,-54.7],[138.1,-54.7],[138.1,-54.6],[137.9,-54.6],[137.8,-54.5],[137.7,-54.5],[137.6,-54.5],[137.5,-54.4],[137.4,-54.4],[137.3,-54.3],[137.2,-54.2],[137.1,-54.2],[137,-54.1],[136.9,-54.1],[136.8,-54],[136.7,-54],[136.7,-53.9],[136.6,-54],[136.5,-54],[136.4,-54],[136.3,-54.1],[136.2,-54.2],[136.2,-54.3],[136.1,-54.3],[136,-54.3],[136,-54.4],[135.9,-54.4],[135.8,-54.5],[135.7,-54.5],[135.7,-54.6],[135.6,-54.6],[135.5,-54.7],[135.4,-54.8],[135.4,-54.9],[135.3,-54.9],[135.2,-55],[135.1,-55.1],[135,-55.1],[135,-55.2],[134.9,-55.2],[134.8,-55.3],[134.7,-55.3],[134.6,-55.3],[134.5,-55.4],[134.4,-55.4],[134.3,-55.4],[134.2,-55.4],[134,-55.5],[133.9,-55.5],[133.8,-55.5],[133.7,-55.5],[133.6,-55.5],[133.5,-55.5],[133.4,-55.5],[133.3,-55.5],[133.2,-55.5],[133.1,-55.5],[133,-55.5],[132.9,-55.5],[132.8,-55.5],[132.7,-55.5],[132.6,-55.5],[132.4,-55.5],[132.3,-55.5],[132.2,-55.5],[132.1,-55.6],[132,-55.6],[131.9,-55.6],[131.8,-55.6],[131.7,-55.6],[131.6,-55.6],[131.5,-55.7],[131.4,-55.7],[131.3,-55.7],[131.2,-55.7],[131.1,-55.7],[131,-55.7],[130.9,-55.7],[130.8,-55.7],[130.7,-55.7],[130.7,-55.8],[130.6,-55.8],[130.5,-55.8],[130.4,-55.8],[130.3,-55.8],[130.2,-55.8],[130.2,-55.7],[130.1,-55.7],[130,-55.7],[129.9,-55.7],[129.8,-55.7],[129.7,-55.7],[129.6,-55.7],[129.5,-55.6],[129.4,-55.6],[129.3,-55.6],[129.2,-55.6],[129.1,-55.5],[129,-55.5],[128.9,-55.5],[128.8,-55.5],[128.7,-55.4],[128.6,-55.4],[128.5,-55.4],[128.4,-55.4],[128.4,-55.3],[128.3,-55.3],[128.2,-55.3],[128.1,-55.2],[128,-55.2],[127.9,-55.2],[127.8,-55.1],[127.7,-55.1],[127.6,-55.1],[127.5,-55.1],[127.4,-55.1],[127.1,-55.2],[127,-55.2],[127,-55.3],[126.9,-55.3],[126.8,-55.3],[126.7,-55.3],[126.6,-55.3],[126.5,-55.3],[126.4,-55.4],[126.3,-55.4],[126.2,-55.4],[126.1,-55.4],[126,-55.4],[126,-55.3],[125.9,-55.3],[125.8,-55.3],[125.7,-55.3],[125.6,-55.3],[125.5,-55.3],[125.4,-55.3],[125.3,-55.3],[125.1,-55.3],[125,-55.3],[124.9,-55.4],[124.8,-55.4],[124.7,-55.4],[124.6,-55.3],[124.5,-55.3],[124.4,-55.3],[124.3,-55.2],[124.2,-55.2],[124.1,-55.2],[124.1,-55.1],[124.1,-55],[124,-55],[124,-54.9],[124,-54.8],[124,-54.7],[123.9,-54.7],[123.9,-54.6],[123.8,-54.6],[123.7,-54.6],[123.6,-54.6],[123.5,-54.7],[123.4,-54.7],[123.3,-54.7],[123.2,-54.7],[123.1,-54.7],[123.1,-54.6],[123,-54.5],[123,-54.4],[123,-54.3],[123,-54.2],[123,-54.1],[123,-54],[123,-53.9],[122.9,-53.9],[122.9,-54],[122.8,-54],[122.7,-54.1],[122.6,-54.1],[122.5,-54.1],[122.5,-54.2],[122.4,-54.2],[122.3,-54.2],[122.2,-54.2],[122.2,-54.3],[122.2,-54.2],[122.2,-54.1],[122.2,-54],[122.2,-53.9],[122.1,-53.9],[122.1,-53.8],[122,-53.8],[122,-53.7],[121.9,-53.6],[121.8,-53.6],[121.7,-53.6],[121.7,-53.5],[121.6,-53.5],[121.5,-53.5],[121.4,-53.5],[121.3,-53.5],[121.2,-53.5],[121.1,-53.5],[121,-53.5],[120.9,-53.4],[120.8,-53.4],[120.7,-53.4],[120.6,-53.4],[120.5,-53.4],[120.4,-53.4],[120.3,-53.4],[120.2,-53.4],[120.1,-53.4],[120,-53.4],[119.9,-53.4],[119.8,-53.4],[119.7,-53.4],[119.6,-53.4],[119.5,-53.4],[119.4,-53.3],[119.3,-53.3],[119.2,-53.3],[119.1,-53.3],[119,-53.3],[118.9,-53.3],[118.8,-53.2],[118.7,-53.2],[118.6,-53.2],[118.6,-53.1],[118.5,-53.1],[118.4,-53.1],[118.3,-53.1],[118.2,-53],[118.1,-53],[118,-53],[117.9,-53],[117.9,-52.9],[117.8,-52.9],[117.8,-52.8],[117.8,-52.7],[117.7,-52.7],[117.7,-52.6],[117.6,-52.6],[117.6,-52.5],[117.5,-52.5],[117.4,-52.4],[117.3,-52.3],[117.2,-52.3],[117.2,-52.2],[117.1,-52.2],[117,-52.1],[116.9,-52],[116.8,-51.9],[116.8,-51.8],[116.7,-51.7],[116.6,-51.6],[116.6,-51.5],[116.5,-51.5],[116.5,-51.4],[116.5,-51.3],[116.4,-51.3],[116.4,-51.2],[116.4,-51.1],[116.3,-51.1],[116.3,-51],[116.2,-50.9],[116.2,-50.8],[116.1,-50.8],[116.1,-50.7],[116.1,-50.6],[116.1,-50.5],[116.2,-50.5],[116.3,-50.4],[116.3,-50.3],[116.2,-50.3],[116.2,-50.2],[116.1,-50.2],[116.1,-50.1],[116,-50.1],[115.9,-50],[115.8,-50],[115.8,-49.9],[115.7,-49.9],[115.6,-49.9],[115.6,-49.8],[115.5,-49.8],[115.6,-49.6],[115.8,-49.2],[116.3,-48.8],[116.5,-47.9],[116.7,-47.7],[117.2,-47.6],[117.6,-47.2],[117.7,-47.5],[118.3,-48.3],[118.3,-47.8],[118.8,-47.8],[118.8,-47.6],[118.4,-47.3],[118.4,-47.2],[118.5,-47.1],[118.3,-46.9],[118.5,-46.9],[118.5,-47],[118.9,-47.1],[119.1,-47],[119.4,-47.2],[119.4,-47.1],[120.3,-47.1],[119.5,-46.8],[119.8,-46.8],[119.8,-46.5],[119.4,-46.4],[119.5,-46.2],[119.9,-46.1],[120,-46],[120.3,-46.2],[120.3,-46.1],[120.3,-45.9],[120.2,-45.8],[120.6,-45.8],[120.9,-45.7],[120.7,-45.6],[120.5,-45.3],[120.8,-45.3],[121.2,-45],[121.2,-45.2],[121.4,-45.2],[121.6,-44.9],[121.5,-44.7],[121.5,-44.6],[121.7,-44.7],[121.8,-44.9],[122.2,-44.6],[122.4,-44.7],[122.8,-44.6],[122.7,-44.4],[123.1,-44.6],[123.4,-44.5],[124.3,-45.1],[124.4,-45.4],[124.4,-45.8],[124.5,-45.7],[124.6,-45.6],[125,-45.6],[125.1,-45.5],[125.3,-45.3],[125.8,-45.3],[126,-45.6],[126,-45.5],[126.1,-45.3],[126.5,-45.6],[126.6,-45.2],[126.9,-45.2],[126.8,-45.1],[126.6,-45.1],[126.6,-45],[126.3,-44.9],[126.3,-44.6],[126.5,-44.4],[126.6,-44.2],[126.9,-43.9],[127,-43.4],[127.3,-43.1],[127.6,-43],[127.5,-42.7],[127.8,-42.9],[128,-42.9],[127.9,-42.6],[128.4,-42.3],[129.4,-42.5],[129.9,-42.4],[130.1,-42.2],[130.2,-41.7],[130,-41.6],[129.9,-41.5],[129.1,-41.6],[129,-41.5],[129.3,-41.4],[129.3,-41.3],[129.6,-41.4],[130.3,-41.5],[131,-41.7],[131.2,-41.7],[131.6,-41.7]]]]}},{"type":"Feature","properties":{},"geometry":{"type":"MultiPolygon","coordinates":[[[[134.3,-41.6],[134.1,-41.8],[134.2,-41.6],[134.3,-41.6]]]]}},{"type":"Feature","properties":{},"geometry":{"type":"MultiPolygon","coordinates":[[[[133.9,-41.8],[133.7,-41.9],[133.7,-41.8],[133.9,-41.8]]]]}},{"type":"Feature","properties":{},"geometry":{"type":"MultiPolygon","coordinates":[[[[135.4,-42.3],[135.3,-42.3],[135.3,-42.2],[135.4,-42.3]]]]}},{"type":"Feature","properties":{},"geometry":{"type":"MultiPolygon","coordinates":[[[[135.4,-42.5],[135.3,-42.5],[135.4,-42.4],[135.4,-42.5]]]]}},{"type":"Feature","properties":{},"geometry":{"type":"MultiPolygon","coordinates":[[[[135.2,-42.7],[135.1,-42.6],[135.2,-42.6],[135.2,-42.7]]]]}},{"type":"Feature","properties":{},"geometry":{"type":"MultiPolygon","coordinates":[[[[135.2,-42.7],[135,-42.6],[135.1,-42.7],[135.2,-42.7]]]]}},{"type":"Feature","properties":{},"geometry":{"type":"MultiPolygon","coordinates":[[[[140.1,-46.1],[140,-46],[140,-45.9],[140.1,-46.1]]]]}},{"type":"Feature","properties":{},"geometry":{"type":"MultiPolygon","coordinates":[[[[127.3,-41.6],[127.4,-41.6],[127.7,-41.6],[127.9,-41.6],[128.1,-41.6],[128.6,-41.7],[128.3,-42],[127.3,-41.6]]]]}},{"type":"Feature","properties":{},"geometry":{"type":"MultiPolygon","coordinates":[[[[135.9,-43.3],[136,-43.3],[136.1,-43.6],[135.6,-43.7],[135.5,-43.5],[135.8,-43.1],[135.9,-43.3]]]]}},{"type":"Feature","properties":{},"geometry":{"type":"MultiPolygon","coordinates":[[[[127.1,-41.8],[127.2,-41.9],[127.4,-42.1],[126.7,-42],[126.9,-42],[126.9,-41.9],[127.1,-41.8]]]]}},{"type":"Feature","properties":{},"geometry":{"type":"MultiPolygon","coordinates":[[[[140.3,-45.2],[140.3,-45.5],[139.8,-45.5],[140.3,-45.2]]]]}},{"type":"Feature","properties":{},"geometry":{"type":"MultiPolygon","coordinates":[[[[138.5,-54.7],[138.4,-54.8],[138.3,-54.9],[138.2,-55],[138.1,-55.1],[138.1,-55.2],[138.1,-55.3],[138,-55.4],[137.9,-55.5],[137.8,-55.5],[137.8,-55.6],[137.6,-55.7],[136.7,-56.2],[135.8,-56.4],[135.2,-56.4],[134.6,-56.5],[134.5,-56.6],[135.3,-56.5],[135.6,-56.6],[134.7,-56.8],[133.8,-57.2],[132.7,-57.3],[132.3,-57.6],[131.2,-57.7],[130.5,-57.9],[130.1,-57.8],[129.3,-57.8],[128.7,-57.7],[128.4,-57.6],[127.7,-57.4],[127.6,-57.3],[127.5,-57.3],[127.4,-57.2],[127.3,-57.2],[127.2,-57.2],[127.1,-57.2],[127,-57.2],[126.9,-57.2],[126.8,-57.2],[126.7,-57.2],[126.6,-57.2],[126.5,-57.2],[126.5,-57.1],[126.4,-57.1],[126.4,-57],[126.3,-57],[126.2,-57],[126.1,-57],[126,-57],[125.9,-57],[125.8,-57],[125.7,-57],[125.6,-57],[125.5,-57],[125.4,-57],[125.3,-57],[125.2,-57],[125.1,-57],[125,-57],[124.9,-57],[124.8,-57],[124.7,-57],[124.6,-57],[124.5,-57],[124.4,-57],[124.3,-57],[124.2,-57],[124.1,-56.9],[124,-56.9],[123.9,-56.9],[123.8,-56.9],[123.7,-56.9],[123.6,-56.8],[123.5,-56.8],[123.4,-56.8],[123.4,-56.7],[123.3,-56.7],[123.2,-56.7],[123.1,-56.7],[123,-56.6],[122.9,-56.6],[122.9,-56.5],[122.8,-56.5],[122.7,-56.4],[122.6,-56.3],[122.1,-55.9],[122,-55.6],[121.9,-55.6],[121.8,-55.6],[121.8,-55.5],[121.7,-55.5],[121.6,-55.5],[121.5,-55.4],[121.4,-55.4],[121.3,-55.3],[121.2,-55.3],[121.2,-55.2],[121.1,-55.2],[121,-55.1],[120.9,-55.1],[120.9,-55],[120.8,-54.9],[120.7,-54.9],[120.7,-54.8],[120.6,-54.8],[120.6,-54.7],[120.5,-54.7],[120.5,-54.6],[120.4,-54.5],[120.4,-54.4],[120.3,-54.4],[120.3,-54.3],[120.2,-54.2],[120.2,-54.1],[120.1,-54.1],[120,-54.1],[119.9,-54.1],[119.8,-54.1],[119.7,-54.1],[119.6,-54.1],[119.6,-54],[119.5,-54],[119.4,-54],[119.3,-54],[119.2,-54],[119.1,-54],[119,-54],[118.9,-54],[118.8,-54],[118.7,-54],[118.6,-53.9],[118.6,-54],[118.5,-54],[118.4,-54],[118.3,-54],[118.2,-54],[118.1,-54],[118,-53.9],[117.9,-53.9],[117.7,-53.9],[117.6,-53.9],[117.5,-53.8],[117.4,-53.8],[117.3,-53.8],[117.2,-53.8],[117.1,-53.7],[117,-53.7],[116.8,-53.7],[116.8,-53.6],[116.7,-53.6],[116.6,-53.6],[116.5,-53.6],[116.5,-53.5],[116.4,-53.5],[116.3,-53.5],[116.3,-53.4],[116.2,-53.4],[116.1,-53.4],[116.1,-53.3],[116,-53.3],[115.9,-53.2],[115.9,-53.1],[115.8,-53.1],[115.8,-53],[115.8,-52.9],[115.7,-52.9],[115.7,-52.8],[115.7,-52.7],[115.6,-52.7],[115.6,-52.6],[115.6,-52.5],[115.5,-52.4],[115.5,-52.3],[115.4,-52.2],[115.4,-52.1],[115.3,-52.1],[115.3,-52],[115.3,-51.9],[115.2,-51.9],[115.2,-51.8],[115.2,-51.7],[115.1,-51.7],[115.1,-51.6],[115.1,-51.5],[115,-51.5],[115,-51.4],[114.9,-51.3],[114.9,-51.2],[114.8,-51.1],[114.8,-51],[114.7,-50.9],[114.7,-50.8],[114.6,-50.7],[114.5,-50.7],[114.5,-50.6],[114.4,-50.6],[114.4,-50.5],[114.3,-50.5],[115.5,-49.8],[115.6,-49.8],[115.6,-49.9],[115.7,-49.9],[115.8,-49.9],[115.9,-50],[116,-50],[116,-50.1],[116.1,-50.1],[116.1,-50.2],[116.2,-50.2],[116.3,-50.3],[116.3,-50.4],[116.2,-50.4],[116.2,-50.5],[116.1,-50.5],[116.1,-50.6],[116.1,-50.7],[116.1,-50.8],[116.2,-50.8],[116.2,-50.9],[116.3,-51],[116.3,-51.1],[116.4,-51.1],[116.4,-51.2],[116.4,-51.3],[116.5,-51.3],[116.5,-51.4],[116.5,-51.5],[116.6,-51.5],[116.6,-51.6],[116.7,-51.7],[116.7,-51.8],[116.8,-51.8],[116.8,-51.9],[116.9,-52],[117,-52.1],[117.1,-52.1],[117.1,-52.2],[117.2,-52.2],[117.2,-52.3],[117.3,-52.3],[117.4,-52.4],[117.5,-52.5],[117.6,-52.5],[117.6,-52.6],[117.7,-52.6],[117.7,-52.7],[117.8,-52.7],[117.8,-52.8],[117.8,-52.9],[117.9,-52.9],[117.9,-53],[118,-53],[118.1,-53],[118.2,-53],[118.2,-53.1],[118.3,-53.1],[118.4,-53.1],[118.5,-53.1],[118.6,-53.1],[118.6,-53.2],[118.7,-53.2],[118.8,-53.2],[118.9,-53.3],[119,-53.3],[119.1,-53.3],[119.2,-53.3],[119.3,-53.3],[119.4,-53.3],[119.5,-53.4],[119.6,-53.4],[119.7,-53.4],[119.8,-53.4],[119.9,-53.4],[120,-53.4],[120.1,-53.4],[120.2,-53.4],[120.3,-53.4],[120.4,-53.4],[120.6,-53.4],[120.7,-53.4],[120.8,-53.4],[120.9,-53.4],[121,-53.5],[121.1,-53.5],[121.2,-53.5],[121.3,-53.5],[121.4,-53.5],[121.5,-53.5],[121.6,-53.5],[121.7,-53.5],[121.7,-53.6],[121.8,-53.6],[121.9,-53.6],[122,-53.7],[122,-53.8],[122.1,-53.8],[122.1,-53.9],[122.2,-53.9],[122.2,-54],[122.2,-54.1],[122.2,-54.2],[122.2,-54.3],[122.3,-54.2],[122.4,-54.2],[122.5,-54.2],[122.5,-54.1],[122.6,-54.1],[122.7,-54.1],[122.8,-54],[122.9,-54],[122.9,-53.9],[123,-53.9],[123,-54],[123,-54.1],[123,-54.2],[123,-54.3],[123.1,-54.4],[123,-54.5],[123.1,-54.5],[123.1,-54.6],[123.1,-54.7],[123.2,-54.7],[123.3,-54.7],[123.4,-54.7],[123.5,-54.7],[123.6,-54.6],[123.7,-54.6],[123.8,-54.6],[123.9,-54.6],[123.9,-54.7],[124,-54.7],[124,-54.8],[124,-54.9],[124,-55],[124.1,-55.1],[124.2,-55.2],[124.3,-55.2],[124.3,-55.3],[124.4,-55.3],[124.5,-55.3],[124.6,-55.3],[124.7,-55.3],[124.7,-55.4],[124.8,-55.4],[124.9,-55.4],[125,-55.3],[125.1,-55.3],[125.2,-55.3],[125.3,-55.3],[125.4,-55.3],[125.5,-55.3],[125.6,-55.3],[125.7,-55.3],[125.8,-55.3],[125.9,-55.3],[126,-55.3],[126,-55.4],[126.1,-55.4],[126.2,-55.4],[126.3,-55.4],[126.4,-55.4],[126.5,-55.3],[126.6,-55.3],[126.7,-55.3],[126.8,-55.3],[126.9,-55.3],[127,-55.2],[127.1,-55.2],[127.4,-55.1],[127.5,-55.1],[127.6,-55.1],[127.7,-55.1],[127.8,-55.1],[127.9,-55.2],[128,-55.2],[128.1,-55.2],[128.2,-55.3],[128.3,-55.3],[128.4,-55.3],[128.4,-55.4],[128.5,-55.4],[128.6,-55.4],[128.7,-55.4],[128.8,-55.5],[129,-55.5],[129.1,-55.5],[129.2,-55.6],[129.3,-55.6],[129.4,-55.6],[129.5,-55.7],[129.6,-55.7],[129.7,-55.7],[129.8,-55.7],[129.9,-55.7],[130,-55.7],[130.1,-55.7],[130.2,-55.7],[130.2,-55.8],[130.3,-55.8],[130.4,-55.8],[130.5,-55.8],[130.6,-55.8],[130.7,-55.8],[130.8,-55.7],[130.9,-55.7],[131,-55.7],[131.1,-55.7],[131.2,-55.7],[131.3,-55.7],[131.4,-55.7],[131.5,-55.7],[131.5,-55.6],[131.6,-55.6],[131.7,-55.6],[131.8,-55.6],[131.9,-55.6],[132,-55.6],[132.1,-55.6],[132.1,-55.5],[132.2,-55.5],[132.3,-55.5],[132.5,-55.5],[132.6,-55.5],[132.7,-55.5],[132.8,-55.5],[132.9,-55.5],[133,-55.5],[133.1,-55.5],[133.2,-55.5],[133.3,-55.5],[133.4,-55.5],[133.5,-55.5],[133.6,-55.5],[133.7,-55.5],[133.8,-55.5],[134,-55.5],[134.1,-55.4],[134.2,-55.4],[134.3,-55.4],[134.4,-55.4],[134.5,-55.4],[134.6,-55.3],[134.7,-55.3],[134.8,-55.3],[134.9,-55.2],[135,-55.2],[135.1,-55.1],[135.2,-55],[135.3,-54.9],[135.4,-54.8],[135.5,-54.7],[135.6,-54.7],[135.6,-54.6],[135.7,-54.6],[135.7,-54.5],[135.8,-54.5],[135.9,-54.4],[136,-54.4],[136,-54.3],[136.1,-54.3],[136.2,-54.3],[136.3,-54.2],[136.3,-54.1],[136.4,-54],[136.5,-54],[136.6,-54],[136.7,-53.9],[136.8,-54],[136.9,-54.1],[137,-54.2],[137.1,-54.2],[137.2,-54.2],[137.3,-54.3],[137.4,-54.4],[137.5,-54.4],[137.6,-54.5],[137.7,-54.5],[137.8,-54.5],[137.9,-54.6],[138,-54.6],[138.1,-54.6],[138.1,-54.7],[138.2,-54.7],[138.3,-54.7],[138.4,-54.7],[138.5,-54.7]]]]}},{"type":"Feature","properties":{},"geometry":{"type":"MultiPolygon","coordinates":[[[[135.9,-56.6],[136.8,-56.8],[137.6,-56.9],[138.3,-56.9],[138.8,-57],[139.6,-57.1],[140.3,-57.2],[141.1,-57.3],[141.1,-57.4],[141.2,-57.4],[141.8,-57.6],[142,-57.6],[142.3,-57.7],[142.7,-57.7],[142.8,-57.8],[143,-57.8],[143.8,-57.9],[143.9,-57.9],[144.1,-58],[144.5,-58],[145.2,-58.1],[145.9,-58.2],[146.4,-58],[148,-58],[148.8,-58.1],[149.3,-58.2],[149.3,-58.4],[149.6,-58.5],[149.8,-58.5],[149.9,-58.5],[149.9,-58.6],[150,-58.6],[150,-58.7],[150.1,-58.7],[150.1,-58.8],[150.2,-58.8],[150.3,-58.9],[150.4,-58.9],[150.5,-58.9],[150.6,-58.9],[150.6,-59],[150.7,-59],[150.8,-59],[150.9,-59],[150.9,-59.1],[151,-59.2],[151.1,-59.2],[151.1,-59.3],[151.2,-59.4],[151.3,-59.4],[151.4,-59.5],[151.3,-59.6],[151,-59.7],[150.4,-60.1],[150,-60.3],[149.5,-60.5],[148.7,-60.9],[148.2,-61.4],[147.9,-61.5],[147.9,-61.7],[148.2,-62.1],[148.2,-62.6],[148.2,-62.8],[148.4,-63.2],[148.5,-63.6],[148.4,-63.7],[148.5,-63.8],[147.3,-64.1],[147.6,-63.2],[146.2,-63.7],[145.4,-64],[145.7,-63.6],[145.4,-63],[145.7,-62.1],[145.1,-61.4],[144.5,-61.9],[143.9,-62.6],[143.1,-63.6],[142.7,-63.9],[142.5,-64.1],[141.5,-63.7],[142.1,-63.8],[141,-63.1],[139.8,-62.6],[139.2,-62.6],[138.8,-62.4],[138.7,-62.2],[138.2,-62],[137.3,-61.7],[137.2,-61.9],[135.2,-61.8],[132.7,-61.5],[127.7,-62.4],[123.6,-62.9],[120,-64.3],[118.4,-64.7],[117,-64.7],[115.8,-64.7],[115.4,-64.6],[115.5,-64.6],[115.5,-64.5],[115.6,-64.5],[115.7,-64.5],[115.7,-64.4],[115.8,-64.4],[115.8,-64.3],[115.9,-64.3],[116,-64.3],[116,-64.2],[116.1,-64.2],[116.2,-64.2],[116.3,-64.2],[116.3,-64.1],[116.4,-64.1],[116.5,-64.1],[116.6,-64],[116.7,-64],[116.8,-64],[116.9,-64],[117,-64],[117.1,-63.9],[117.2,-63.9],[117.3,-63.9],[117.4,-63.9],[117.3,-63.9],[117.3,-64],[117.2,-64],[117.1,-64.1],[117,-64.1],[116.9,-64.2],[116.8,-64.2],[116.7,-64.2],[116.6,-64.2],[116.6,-64.3],[116.5,-64.3],[116.4,-64.3],[116.4,-64.4],[116.5,-64.4],[116.6,-64.4],[116.7,-64.3],[116.8,-64.3],[116.9,-64.3],[117,-64.2],[117.1,-64.2],[117.2,-64.2],[117.2,-64.1],[117.3,-64.1],[117.4,-64.1],[117.4,-64],[117.5,-64],[117.6,-64],[117.6,-63.9],[117.7,-63.9],[117.7,-63.8],[117.8,-63.8],[117.8,-63.7],[117.9,-63.7],[117.9,-63.6],[118,-63.5],[118,-63.4],[118.1,-63.4],[118.1,-63.3],[118.2,-63.2],[118.1,-63.2],[118,-63.2],[117.9,-63.2],[117.8,-63.2],[117.7,-63.2],[117.6,-63.2],[117.5,-63.2],[117.5,-63.1],[117.4,-63.1],[117.4,-63],[117.5,-62.9],[117.6,-62.8],[117.7,-62.8],[117.7,-62.7],[117.8,-62.7],[117.9,-62.6],[118,-62.6],[118.1,-62.5],[118.2,-62.5],[118.3,-62.4],[118.4,-62.4],[118.4,-62.3],[118.5,-62.3],[118.6,-62.3],[118.7,-62.2],[118.8,-62.2],[118.9,-62.1],[119,-62.1],[119.1,-62],[119.2,-62],[119.2,-61.9],[119.3,-61.9],[119.4,-61.9],[119.4,-61.8],[119.5,-61.8],[119.5,-61.7],[119.6,-61.7],[119.6,-61.6],[119.7,-61.5],[119.8,-61.5],[119.8,-61.4],[119.9,-61.4],[119.9,-61.3],[120,-61.3],[120.1,-61.2],[120.1,-61.1],[120.1,-61],[120.2,-61],[120.2,-60.9],[120.3,-60.8],[120.3,-60.7],[120.4,-60.6],[120.5,-60.5],[120.5,-60.4],[120.6,-60.4],[120.6,-60.3],[120.7,-60.3],[120.7,-60.2],[120.6,-60.2],[120.6,-60.3],[120.5,-60.3],[120.4,-60.4],[120.3,-60.4],[120.2,-60.5],[120.1,-60.5],[120.1,-60.4],[120.1,-60.3],[120.2,-60.2],[120.2,-60.1],[120.3,-60.1],[120.3,-60],[120.4,-59.9],[120.4,-59.8],[120.5,-59.8],[120.6,-59.7],[120.7,-59.6],[120.8,-59.5],[120.9,-59.5],[121,-59.4],[121.1,-59.4],[121.1,-59.3],[121.2,-59.3],[121.3,-59.2],[121.4,-59.2],[121.5,-59.1],[121.6,-59.1],[121.6,-59],[121.7,-59],[121.8,-58.9],[121.9,-58.8],[122,-58.8],[122,-58.7],[122.1,-58.7],[122.2,-58.6],[122.3,-58.6],[122.4,-58.6],[122.5,-58.5],[122.6,-58.5],[122.7,-58.5],[122.8,-58.4],[122.9,-58.4],[123,-58.4],[123,-58.3],[123.1,-58.3],[123.2,-58.3],[123.2,-58.2],[123.3,-58.2],[123.4,-58.2],[123.5,-58.1],[123.6,-58.1],[123.6,-58],[124.1,-58.1],[124.7,-58.2],[125.3,-57.9],[126,-57],[126.1,-57],[126.2,-57],[126.3,-57],[126.4,-57],[126.4,-57.1],[126.5,-57.1],[126.5,-57.2],[126.6,-57.2],[126.7,-57.2],[126.8,-57.2],[126.9,-57.2],[127,-57.2],[127.1,-57.2],[127.2,-57.2],[127.3,-57.2],[127.4,-57.2],[127.5,-57.3],[127.6,-57.3],[127.7,-57.4],[128.6,-57.7],[128.9,-57.6],[129.5,-57.8],[130.1,-57.8],[130.7,-57.9],[131.6,-57.7],[132.3,-57.5],[132.8,-57.3],[133.9,-57.1],[134.7,-56.8],[135.9,-56.6]]]]}},{"type":"Feature","properties":{},"geometry":{"type":"MultiPolygon","coordinates":[[[[104.1,-65.1],[104.2,-65],[104.2,-64.9],[104.3,-64.8],[104.4,-64.8],[104.5,-64.8],[104.6,-64.8],[104.7,-64.8],[104.8,-64.8],[104.9,-64.8],[105,-64.8],[105.1,-64.8],[105.2,-64.8],[105.3,-64.8],[105.4,-64.8],[105.5,-64.8],[105.6,-64.8],[105.7,-64.8],[105.8,-64.9],[105.9,-64.9],[106,-64.9],[106.1,-64.9],[106.3,-64.9],[106.4,-64.9],[106.5,-64.9],[106.6,-65],[106.7,-65],[106.8,-65],[106.9,-65],[107,-65],[107.1,-65],[107.2,-65],[107.4,-65],[107.5,-65],[107.7,-65.1],[107.8,-65.1],[107.9,-65.1],[108,-65.1],[108.1,-65.1],[108.2,-65.1],[108.3,-65.1],[108.4,-65.1],[108.5,-65.1],[108.6,-65.1],[108.7,-65.1],[108.8,-65.1],[108.9,-65.1],[109.1,-65.1],[109.2,-65.1],[109.3,-65.1],[109.4,-65.1],[109.5,-65.1],[109.6,-65.1],[109.8,-65.1],[109.9,-65.1],[110,-65.1],[110.2,-65.1],[110.3,-65.1],[110.4,-65.1],[110.5,-65.1],[110.6,-65.1],[110.7,-65.1],[110.7,-65],[110.8,-65],[110.9,-65],[111,-65],[111.1,-65],[111.2,-65],[111.3,-65],[110.9,-65.2],[109.9,-65.2],[108.7,-65.6],[108.2,-65.6],[107.7,-65.7],[105.8,-65.6],[105.2,-65.4],[104.1,-65.1]]]]}},{"type":"Feature","properties":{},"geometry":{"type":"MultiPolygon","coordinates":[[[[146.9,-64.3],[147.5,-64.4],[146.1,-64.6],[144.8,-64.7],[146.9,-64.3]]]]}},{"type":"Feature","properties":{},"geometry":{"type":"MultiPolygon","coordinates":[[[[104.2,-64.9],[104.2,-65],[104.1,-65.1],[102.9,-64.8],[103.5,-64.1],[104.5,-62.8],[104.9,-62.5],[103.7,-60.5],[103.5,-59.1],[103,-58.1],[102,-56.3],[102.2,-56.8],[102.4,-57],[102.3,-56],[102.7,-56.2],[102.9,-56.6],[103.5,-56.4],[102.8,-55.4],[102.7,-54.2],[103.3,-52.9],[104,-52.7],[104.3,-52.9],[104.5,-52.7],[104.8,-52.4],[106.1,-52.1],[106,-52.1],[106,-52.2],[105.9,-52.2],[105.8,-52.2],[105.7,-52.3],[105.6,-52.3],[105.6,-52.4],[105.5,-52.4],[105.4,-52.5],[105.3,-52.6],[105.2,-52.6],[105.1,-52.6],[105,-52.7],[104.9,-52.7],[104.9,-52.8],[104.8,-53],[104.9,-53.1],[104.9,-53.2],[104.8,-53.3],[104.8,-53.4],[104.7,-53.6],[104.7,-53.8],[104.6,-53.9],[104.7,-53.9],[104.6,-54],[104.6,-54.1],[104.6,-54.2],[104.6,-54.4],[104.5,-54.5],[104.5,-54.6],[104.5,-54.7],[104.5,-54.8],[104.5,-54.9],[104.5,-55],[104.5,-55.1],[104.6,-55.2],[104.6,-55.3],[104.6,-55.4],[104.7,-55.5],[104.7,-55.6],[104.7,-55.7],[104.8,-55.8],[104.9,-56],[105,-56.1],[105.1,-56.1],[105.1,-56.2],[105.2,-56.2],[105.2,-56.3],[105.2,-56.4],[105.2,-56.5],[105.2,-56.6],[105.2,-56.7],[105.2,-56.8],[105.2,-56.9],[105.2,-57],[105.2,-57.1],[105.2,-57.2],[105.1,-57.2],[105.1,-57.3],[105.1,-57.4],[105.1,-57.5],[105.1,-57.6],[105.1,-57.7],[105.1,-57.8],[105,-57.9],[105,-58],[105,-58.1],[105,-58.2],[105,-58.3],[105,-58.4],[105,-58.5],[105,-58.6],[105,-58.7],[105,-58.8],[105,-58.9],[105,-59],[105,-59.1],[105,-59.2],[105,-59.3],[105.1,-59.4],[105.1,-59.5],[105.1,-59.6],[105.2,-59.7],[105.2,-59.8],[105.3,-59.8],[105.3,-59.9],[105.3,-60],[105.4,-60],[105.4,-60.1],[105.4,-60.2],[105.4,-60.3],[105.4,-60.4],[105.4,-60.5],[105.4,-60.6],[105.4,-60.7],[105.4,-60.8],[105.4,-60.9],[105.4,-61],[105.4,-61.1],[105.4,-61.2],[105.4,-61.3],[105.4,-61.4],[105.4,-61.5],[105.4,-61.6],[105.4,-61.7],[105.4,-61.8],[105.3,-61.9],[105.3,-62],[105.3,-62.1],[105.3,-62.2],[105.3,-62.3],[105.2,-62.4],[105.2,-62.5],[105.1,-62.6],[105.1,-62.7],[105,-62.8],[105,-62.9],[104.9,-63],[104.9,-63.1],[104.9,-63.2],[104.8,-63.2],[104.8,-63.3],[104.7,-63.4],[104.7,-63.5],[104.6,-63.6],[104.6,-63.7],[104.5,-63.8],[104.5,-63.9],[104.4,-64],[104.4,-64.1],[104.3,-64.2],[104.3,-64.3],[104.3,-64.4],[104.2,-64.5],[104.2,-64.6],[104.2,-64.7],[104.2,-64.8],[104.2,-64.9]]]]}},{"type":"Feature","properties":{},"geometry":{"type":"MultiPolygon","coordinates":[[[[126,-57],[125.3,-57.9],[124.7,-58.2],[124.1,-58.1],[123.6,-58],[123.6,-58.1],[123.5,-58.1],[123.4,-58.2],[123.3,-58.2],[123.2,-58.2],[123.2,-58.3],[123.1,-58.3],[123,-58.3],[123,-58.4],[122.9,-58.4],[122.8,-58.4],[122.7,-58.5],[122.6,-58.5],[122.5,-58.5],[122.4,-58.6],[122.3,-58.6],[122.2,-58.6],[122.1,-58.7],[122,-58.7],[122,-58.8],[121.9,-58.8],[121.8,-58.9],[121.7,-59],[121.6,-59],[121.6,-59.1],[121.5,-59.1],[121.4,-59.2],[121.3,-59.2],[121.2,-59.3],[121.1,-59.3],[121.1,-59.4],[121,-59.4],[120.9,-59.5],[120.8,-59.5],[120.7,-59.6],[120.6,-59.7],[120.5,-59.8],[120.4,-59.8],[120.4,-59.9],[120.3,-60],[120.3,-60.1],[120.2,-60.1],[120.2,-60.2],[120.1,-60.3],[120.1,-60.4],[120.1,-60.5],[120.2,-60.5],[120.3,-60.4],[120.4,-60.4],[120.5,-60.3],[120.6,-60.3],[120.6,-60.2],[120.7,-60.2],[120.7,-60.3],[120.6,-60.3],[120.6,-60.4],[120.5,-60.4],[120.5,-60.5],[120.4,-60.6],[120.3,-60.7],[120.3,-60.8],[120.2,-60.9],[120.2,-61],[120.1,-61],[120.1,-61.1],[120.1,-61.2],[120,-61.3],[119.9,-61.3],[119.9,-61.4],[119.8,-61.4],[119.8,-61.5],[119.7,-61.5],[119.6,-61.6],[119.6,-61.7],[119.5,-61.7],[119.5,-61.8],[119.4,-61.8],[119.4,-61.9],[119.3,-61.9],[119.2,-61.9],[119.2,-62],[119.1,-62],[119,-62.1],[118.9,-62.1],[118.8,-62.2],[118.7,-62.2],[118.6,-62.3],[118.5,-62.3],[118.4,-62.3],[118.4,-62.4],[118.3,-62.4],[118.2,-62.5],[118.1,-62.5],[118,-62.6],[117.9,-62.6],[117.8,-62.7],[117.7,-62.7],[117.7,-62.8],[117.6,-62.8],[117.5,-62.9],[117.4,-63],[117.4,-63.1],[117.5,-63.1],[117.5,-63.2],[117.6,-63.2],[117.7,-63.2],[117.8,-63.2],[117.9,-63.2],[118,-63.2],[118.1,-63.2],[118.2,-63.2],[118.1,-63.3],[118.1,-63.4],[118,-63.4],[118,-63.5],[117.9,-63.6],[117.9,-63.7],[117.8,-63.7],[117.8,-63.8],[117.7,-63.8],[117.7,-63.9],[117.6,-63.9],[117.6,-64],[117.5,-64],[117.4,-64],[117.4,-64.1],[117.3,-64.1],[117.2,-64.1],[117.2,-64.2],[117.1,-64.2],[117,-64.2],[116.9,-64.3],[116.8,-64.3],[116.7,-64.3],[116.6,-64.4],[116.5,-64.4],[116.4,-64.4],[116.4,-64.3],[116.5,-64.3],[116.6,-64.3],[116.6,-64.2],[116.7,-64.2],[116.8,-64.2],[116.9,-64.2],[117,-64.1],[117.1,-64.1],[117.2,-64],[117.3,-64],[117.3,-63.9],[117.4,-63.9],[117.3,-63.9],[117.2,-63.9],[117.1,-63.9],[117,-64],[116.9,-64],[116.8,-64],[116.7,-64],[116.6,-64],[116.5,-64.1],[116.4,-64.1],[116.3,-64.1],[116.3,-64.2],[116.2,-64.2],[116.1,-64.2],[116,-64.2],[116,-64.3],[115.9,-64.3],[115.8,-64.3],[115.8,-64.4],[115.7,-64.4],[115.7,-64.5],[115.6,-64.5],[115.5,-64.5],[115.5,-64.6],[115.4,-64.6],[115,-64.6],[111.5,-65],[111.3,-65],[111.2,-65],[111.1,-65],[111,-65],[110.9,-65],[110.8,-65],[110.7,-65.1],[110.6,-65.1],[110.5,-65.1],[110.4,-65.1],[110.3,-65.1],[110.2,-65.1],[110.1,-65.1],[110,-65.1],[109.9,-65.1],[109.7,-65.1],[109.6,-65.1],[109.5,-65.1],[109.4,-65.1],[109.3,-65.1],[109.2,-65.1],[109.1,-65.1],[109,-65.1],[108.9,-65.1],[108.8,-65.1],[108.7,-65.1],[108.6,-65.1],[108.5,-65.1],[108.4,-65.1],[108.3,-65.1],[108.2,-65.1],[108.1,-65.1],[108,-65.1],[107.9,-65.1],[107.8,-65.1],[107.7,-65.1],[107.6,-65.1],[107.5,-65],[107.4,-65],[107.3,-65],[107.2,-65],[107.1,-65],[107,-65],[106.9,-65],[106.8,-65],[106.7,-65],[106.6,-65],[106.5,-64.9],[106.4,-64.9],[106.2,-64.9],[106.1,-64.9],[106,-64.9],[105.9,-64.9],[105.8,-64.9],[105.7,-64.8],[105.6,-64.8],[105.5,-64.8],[105.4,-64.8],[105.3,-64.8],[105.2,-64.8],[105.1,-64.8],[105,-64.8],[104.9,-64.8],[104.8,-64.8],[104.7,-64.8],[104.6,-64.8],[104.5,-64.8],[104.4,-64.8],[104.3,-64.8],[104.2,-64.8],[104.2,-64.7],[104.2,-64.6],[104.2,-64.5],[104.3,-64.4],[104.3,-64.3],[104.3,-64.2],[104.4,-64.1],[104.4,-64],[104.4,-63.9],[104.5,-63.8],[104.5,-63.7],[104.6,-63.6],[104.6,-63.5],[104.7,-63.5],[104.7,-63.4],[104.8,-63.3],[104.8,-63.2],[104.9,-63.2],[104.9,-63.1],[104.9,-63],[105,-62.9],[105,-62.8],[105.1,-62.7],[105.1,-62.6],[105.1,-62.5],[105.2,-62.5],[105.2,-62.4],[105.3,-62.3],[105.3,-62.2],[105.3,-62.1],[105.3,-62],[105.3,-61.9],[105.4,-61.9],[105.4,-61.8],[105.4,-61.7],[105.4,-61.6],[105.4,-61.5],[105.4,-61.4],[105.4,-61.3],[105.4,-61.2],[105.4,-61.1],[105.4,-61],[105.4,-60.9],[105.4,-60.8],[105.4,-60.7],[105.4,-60.6],[105.4,-60.5],[105.4,-60.4],[105.4,-60.3],[105.4,-60.2],[105.4,-60.1],[105.4,-60],[105.3,-59.9],[105.3,-59.8],[105.2,-59.8],[105.2,-59.7],[105.2,-59.6],[105.1,-59.6],[105.1,-59.5],[105.1,-59.4],[105,-59.3],[105,-59.2],[105,-59.1],[105,-59],[105,-58.9],[105,-58.8],[105,-58.7],[105,-58.6],[105,-58.5],[105,-58.4],[105,-58.3],[105,-58.2],[105,-58.1],[105,-58],[105,-57.9],[105,-57.8],[105.1,-57.8],[105.1,-57.7],[105.1,-57.6],[105.1,-57.5],[105.1,-57.4],[105.1,-57.3],[105.1,-57.2],[105.2,-57.2],[105.2,-57.1],[105.2,-57],[105.2,-56.9],[105.2,-56.8],[105.2,-56.7],[105.2,-56.6],[105.2,-56.5],[105.2,-56.4],[105.2,-56.3],[105.1,-56.2],[105.1,-56.1],[105,-56.1],[105,-56],[104.9,-55.9],[104.8,-55.8],[104.8,-55.7],[104.7,-55.7],[104.7,-55.6],[104.6,-55.5],[104.6,-55.4],[104.6,-55.3],[104.6,-55.2],[104.5,-55.1],[104.5,-55],[104.5,-54.9],[104.5,-54.8],[104.5,-54.7],[104.5,-54.6],[104.5,-54.5],[104.6,-54.3],[104.6,-54.1],[104.6,-54],[104.7,-54],[104.7,-53.9],[104.6,-53.8],[104.7,-53.7],[104.7,-53.6],[104.7,-53.5],[104.8,-53.3],[104.8,-53.2],[104.9,-53.2],[104.9,-53.1],[104.9,-53],[104.9,-52.9],[104.9,-52.8],[105,-52.7],[105.1,-52.6],[105.2,-52.6],[105.3,-52.6],[105.3,-52.5],[105.4,-52.5],[105.5,-52.4],[105.6,-52.4],[105.7,-52.3],[105.8,-52.3],[105.8,-52.2],[105.9,-52.2],[106,-52.1],[106.2,-52.1],[107.3,-51.6],[108.1,-51.4],[108.3,-51.3],[108.9,-51.3],[109.8,-51.4],[110.4,-51],[111.9,-50.8],[112.8,-50.7],[114.3,-50.5],[114.4,-50.5],[114.4,-50.6],[114.5,-50.6],[114.5,-50.7],[114.6,-50.7],[114.7,-50.7],[114.7,-50.8],[114.7,-50.9],[114.8,-51],[114.8,-51.1],[114.9,-51.2],[114.9,-51.3],[115,-51.4],[115,-51.5],[115.1,-51.5],[115.1,-51.6],[115.1,-51.7],[115.2,-51.7],[115.2,-51.8],[115.2,-51.9],[115.3,-51.9],[115.3,-52],[115.3,-52.1],[115.4,-52.1],[115.4,-52.2],[115.4,-52.3],[115.5,-52.3],[115.5,-52.4],[115.6,-52.5],[115.6,-52.6],[115.6,-52.7],[115.7,-52.7],[115.7,-52.8],[115.8,-52.9],[115.8,-53],[115.8,-53.1],[115.9,-53.1],[115.9,-53.2],[116,-53.2],[116,-53.3],[116.1,-53.3],[116.1,-53.4],[116.2,-53.4],[116.3,-53.4],[116.3,-53.5],[116.4,-53.5],[116.5,-53.5],[116.6,-53.6],[116.7,-53.6],[116.8,-53.6],[116.9,-53.7],[117,-53.7],[117.1,-53.7],[117.2,-53.8],[117.3,-53.8],[117.4,-53.8],[117.5,-53.8],[117.6,-53.8],[117.6,-53.9],[117.8,-53.9],[117.9,-53.9],[118,-53.9],[118.1,-54],[118.2,-54],[118.3,-54],[118.4,-54],[118.5,-54],[118.6,-54],[118.6,-53.9],[118.7,-54],[118.8,-54],[118.9,-54],[119,-54],[119.1,-54],[119.2,-54],[119.3,-54],[119.4,-54],[119.5,-54],[119.6,-54],[119.6,-54.1],[119.7,-54.1],[119.8,-54.1],[119.9,-54.1],[120,-54.1],[120.1,-54.1],[120.2,-54.1],[120.2,-54.2],[120.3,-54.3],[120.3,-54.4],[120.4,-54.4],[120.4,-54.5],[120.5,-54.6],[120.5,-54.7],[120.6,-54.7],[120.6,-54.8],[120.7,-54.8],[120.7,-54.9],[120.8,-54.9],[120.8,-55],[120.9,-55],[120.9,-55.1],[121,-55.1],[121,-55.2],[121.1,-55.2],[121.2,-55.2],[121.2,-55.3],[121.3,-55.3],[121.3,-55.4],[121.4,-55.4],[121.5,-55.4],[121.6,-55.5],[121.7,-55.5],[121.8,-55.5],[121.8,-55.6],[121.9,-55.6],[122,-55.6],[122.5,-56.2],[122.6,-56.3],[122.7,-56.4],[122.7,-56.5],[122.8,-56.5],[122.9,-56.6],[123,-56.6],[123.1,-56.6],[123.1,-56.7],[123.2,-56.7],[123.3,-56.7],[123.4,-56.7],[123.4,-56.8],[123.5,-56.8],[123.6,-56.8],[123.7,-56.8],[123.7,-56.9],[123.8,-56.9],[123.9,-56.9],[124,-56.9],[124.1,-56.9],[124.1,-57],[124.2,-57],[124.3,-57],[124.4,-57],[124.5,-57],[124.6,-57],[124.7,-57],[124.8,-57],[124.9,-57],[125,-57],[125.1,-57],[125.2,-57],[125.3,-57],[125.4,-57],[125.5,-57],[125.6,-57],[125.7,-57],[125.8,-57],[125.9,-57],[126,-57]]]]}},{"type":"Feature","properties":{},"geometry":{"type":"MultiPolygon","coordinates":[[[[131.7,-41.7],[131.8,-41.8],[132.1,-41.8],[132.1,-41.9],[132.2,-42],[132.2,-41.8],[132.5,-41.9],[132.9,-41.7],[133.3,-42],[133.5,-42],[133.6,-41.9],[133.7,-41.9],[133.8,-41.9],[134.3,-41.6],[134.1,-41.7],[134.1,-41.8],[134.1,-41.9],[134.2,-41.9],[134.3,-41.8],[134.4,-41.8],[134.5,-41.7],[134.5,-41.9],[134.6,-41.9],[134.5,-42],[134.6,-42],[134.7,-42],[135,-41.9],[135,-41.7],[134.9,-41.7],[134.8,-41.7],[134.9,-41.6],[135.1,-41.4],[135.1,-41.5],[135.2,-41.5],[135.3,-41.7],[135.4,-41.7],[135.5,-41.7],[135.4,-41.7],[135.5,-41.6],[135.6,-41.6],[135.7,-41.7],[135.7,-41.8],[135.8,-41.7],[135.7,-41.8],[135.6,-42],[135.6,-41.9],[135.6,-42],[135.5,-42.1],[135.4,-42.2],[135.4,-42.3],[135.3,-42.2],[135.3,-42.3],[135.4,-42.3],[135.4,-42.4],[135.5,-42.5],[135.4,-42.4],[135.3,-42.5],[135.4,-42.5],[135.4,-42.6],[135.4,-42.7],[135.3,-42.7],[135.2,-42.8],[135.3,-42.7],[135.2,-42.7],[135.2,-42.6],[135.1,-42.6],[135.2,-42.7],[135.1,-42.6],[135,-42.7],[135,-42.8],[134.9,-42.7],[134.8,-42.8],[134.7,-42.8],[134.6,-42.9],[134.7,-43],[134.8,-43],[134.7,-43],[134.6,-43],[134.7,-43.1],[134.6,-43.2],[134.8,-43.3],[134.9,-43.3],[134.9,-43.5],[134.8,-43.7],[134.6,-43.9],[134.5,-44.1],[134.5,-44.2],[134.4,-44.3],[134.3,-44.3],[134.6,-44.7],[134.8,-44.7],[135.2,-44.8],[135.6,-44.9],[136.4,-45.3],[136.7,-45.3],[136.7,-45.2],[137.9,-45.5],[138.1,-45.6],[138.8,-45.8],[139,-45.8],[139.2,-45.8],[139.3,-45.8],[139.7,-45.8],[139.9,-45.9],[140,-46],[140.1,-46.1],[140.2,-46.2],[140.3,-46.2],[140.7,-46.3],[141,-46.3],[141.1,-46.3],[141.4,-46.4],[141.6,-46.3],[141.5,-46.4],[141.4,-46.4],[141.1,-46.4],[141,-46.4],[140.9,-46.4],[140.8,-46.4],[140.7,-46.4],[140.6,-46.4],[140.5,-46.5],[140.4,-46.5],[140.3,-46.5],[140.2,-46.5],[140.1,-46.5],[140,-46.5],[139.9,-46.5],[139.8,-46.6],[139.7,-46.6],[139.6,-46.6],[139.5,-46.6],[139.4,-46.7],[139.3,-46.7],[139.2,-46.7],[139.1,-46.7],[139,-46.8],[138.9,-46.8],[138.8,-46.8],[138.7,-46.9],[138.6,-46.9],[138.5,-46.9],[138.4,-46.9],[138.3,-47],[138.2,-47],[138,-47.1],[137.8,-47.1],[137.7,-47.2],[137.5,-47.2],[137.3,-47.2],[137.2,-47.2],[137.1,-47.2],[137,-47.2],[136.9,-47.2],[136.7,-47.2],[136.6,-47.3],[136.5,-47.4],[136.4,-47.4],[136.3,-47.4],[136.2,-47.5],[136.1,-47.5],[136,-47.5],[136,-47.6],[136,-47.7],[135.9,-47.7],[135.8,-47.7],[135.8,-47.8],[135.7,-47.9],[135.7,-48],[135.7,-48.1],[135.6,-48.2],[135.5,-48.3],[135.4,-48.3],[135.3,-48.3],[135.2,-48.4],[135.1,-48.4],[135,-48.4],[134.9,-48.4],[134.9,-48.5],[135,-48.5],[135,-48.6],[135.1,-48.6],[135.1,-48.7],[135.2,-48.7],[135.2,-48.8],[135.1,-48.8],[135,-48.9],[134.9,-48.9],[134.8,-48.9],[134.8,-49],[134.7,-49],[134.6,-49],[134.5,-49],[134.3,-49],[134.2,-49],[134.1,-49],[134,-49],[133.9,-49],[133.8,-49],[133.8,-48.9],[133.7,-48.9],[133.6,-48.8],[133.5,-48.8],[133.5,-48.7],[133.4,-48.7],[133.4,-48.6],[133.3,-48.6],[133.2,-48.5],[133.2,-48.4],[133.1,-48.4],[133.2,-48.4],[133.2,-48.3],[133.3,-48.3],[133.4,-48.3],[133.3,-48.3],[133.3,-48.2],[133.2,-48.1],[133.2,-48],[133.1,-48],[133.1,-47.9],[133,-47.9],[133,-47.8],[133,-47.7],[132.9,-47.7],[132.9,-47.6],[132.6,-47.5],[132.5,-47.3],[132.4,-47.3],[132.4,-47.2],[132.3,-47.2],[132.2,-47.2],[132.1,-47.2],[132,-47.2],[131.9,-47.2],[131.9,-47.1],[131.9,-47],[131.8,-47],[131.7,-47],[131.9,-46],[131.2,-45.1],[131.1,-45.1],[131.1,-45],[131,-44.9],[131,-44.8],[130.9,-44.8],[130.8,-44.8],[130.8,-44.7],[130.7,-44.7],[130.8,-44.7],[130.9,-44.7],[130.9,-44.6],[130.9,-44.5],[130.9,-44.4],[130.8,-44.4],[130.8,-44.3],[130.8,-44.2],[130.7,-44.2],[130.6,-44.1],[130.5,-44],[130.4,-44],[130.3,-43.9],[130.3,-43.8],[130.4,-43.7],[130.4,-43.6],[130.4,-43.5],[130.4,-43.4],[130.3,-43.3],[130.3,-43.2],[130.4,-43.2],[130.4,-43.1],[130.4,-43],[130.5,-42.9],[130.5,-42.8],[130.6,-42.8],[130.7,-42.8],[130.8,-42.9],[130.9,-42.9],[130.9,-42.8],[131,-42.7],[131,-42.6],[131,-42.5],[131.1,-42.5],[131.1,-42.4],[131.2,-42.4],[131.3,-42.4],[131.3,-42.3],[131.4,-42.3],[131.5,-42.3],[131.5,-42.2],[131.6,-42.1],[131.6,-42],[131.6,-41.9],[131.5,-41.8],[131.5,-41.7],[131.7,-41.6],[131.7,-41.7]]]]}},{"type":"Feature","properties":{},"geometry":{"type":"MultiPolygon","coordinates":[[[[57.7,-66.4],[61.8,-65.5],[64.7,-65.1],[70,-65.1],[72.7,-65.5],[72.8,-65.6],[71.8,-65.8],[70.7,-66],[68.6,-65.8],[66.3,-65.9],[63.9,-66.1],[59.5,-66.1],[58.5,-66.1],[57.7,-66.4]]]]}},{"type":"Feature","properties":{},"geometry":{"type":"MultiPolygon","coordinates":[[[[65.6,-46.3],[66.2,-46.8],[67.8,-49.5],[68.5,-53.1],[67.8,-53.1],[66.3,-50.7],[62.8,-51.4],[59.4,-51.5],[58.1,-50.5],[56.2,-51.3],[55.1,-53],[55.3,-55.2],[52.4,-56.2],[52.8,-56],[53.5,-56],[53.1,-55.6],[52.5,-55.7],[52.3,-55.8],[50.4,-55.9],[49.8,-53.1],[50,-53.3],[50.4,-53.6],[51.1,-53.8],[52,-53.6],[51.5,-53.5],[51,-53.1],[50.7,-52.5],[51,-52.1],[51.4,-52],[51.4,-51.9],[50.9,-51.9],[51.2,-51.7],[51.2,-51.5],[50.9,-51.4],[50.8,-51.2],[50.7,-51.1],[50.8,-51],[50.8,-50.9],[51.2,-50.8],[51.2,-50.6],[51.4,-50.6],[51.5,-50.3],[51.7,-49.8],[52.3,-49.2],[58,-47.1],[65.5,-46.2],[65.6,-46.3]]]]}},{"type":"Feature","properties":{},"geometry":{"type":"MultiPolygon","coordinates":[[[[34.2,-67.8],[34,-66.2],[34.7,-66],[34.6,-66.3],[34.3,-67],[34.2,-67.7],[34.2,-67.8]]]]}},{"type":"Feature","properties":{},"geometry":{"type":"MultiPolygon","coordinates":[[[[35.1,-67.8],[34.2,-67.7],[34.3,-67],[34.6,-66.3],[35.1,-65.8],[34.8,-67.1],[35.1,-67.8]]]]}},{"type":"Feature","properties":{},"geometry":{"type":"MultiPolygon","coordinates":[[[[48.1,-67.3],[43.5,-67.9],[42.7,-68],[40.4,-66.8],[38.6,-65.8],[37.5,-64.9],[38.1,-64.7],[39.5,-64.4],[42.8,-66.8],[47.8,-66.5],[48.1,-67.3]]]]}},{"type":"Feature","properties":{},"geometry":{"type":"MultiPolygon","coordinates":[[[[37.7,-68.2],[35.3,-67.7],[34.8,-67.5],[35.1,-66],[36.5,-65.4],[37.5,-64.9],[38.6,-65.8],[40.4,-66.8],[42.7,-68],[41,-68.5],[39.7,-68.1],[37.7,-68.2]]]]}},{"type":"Feature","properties":{},"geometry":{"type":"MultiPolygon","coordinates":[[[[36.8,-69.7],[35,-69.1],[33.3,-68.9],[32.7,-69],[32.7,-68.8],[32.7,-68.6],[32,-68.3],[32.4,-68],[35.3,-68.4],[37.3,-68.9],[38.5,-69.3],[37.4,-69.5],[36.8,-69.7]]]]}},{"type":"Feature","properties":{},"geometry":{"type":"MultiPolygon","coordinates":[[[[35.3,-69.9],[34.3,-69.5],[32.9,-69.3],[30.9,-69.2],[31,-68.9],[29.3,-69],[30.7,-67.9],[32,-68.3],[32.7,-68.6],[32.7,-68.8],[32.7,-69],[33.3,-68.9],[35,-69.1],[36.8,-69.7],[35.4,-69.9],[35.3,-69.9]]]]}},{"type":"Feature","properties":{},"geometry":{"type":"MultiPolygon","coordinates":[[[[15.3,72.9],[14.6,73.4],[12.9,73.7],[7.2,73.9],[3.6,73.5],[2,73.4],[4.2,73.8],[6.6,74.6],[13.5,74.9],[16.9,74.5],[19.1,74.1],[21.2,74],[22.7,73.8],[23.9,73.3],[26.1,72.2],[30.7,70.6],[31.6,70.5],[33.7,69.5],[32.8,68.6],[31.2,69.2],[27.6,69.6],[23.4,71.1],[22.7,71.5],[22,71.8],[20.1,72.2],[16.2,72.8],[15.3,72.9]]]]}},{"type":"Feature","properties":{},"geometry":{"type":"MultiPolygon","coordinates":[[[[2.4,75.7],[10,75.9],[19,74.7],[23.5,73.7],[27.3,72.6],[30.3,72.2],[33.5,71.5],[36.2,71.2],[39.8,70.7],[44.3,69.7],[46.3,68.9],[45.1,69.1],[43.6,69.9],[39.9,70.6],[36.6,70.9],[33.2,71.5],[27.9,72],[25.6,72.7],[23.9,73.3],[22.7,73.8],[21.2,74],[19.1,74.1],[16.9,74.5],[13.5,74.9],[6.6,74.6],[4,74.7],[4,75],[3.8,75.6],[3.3,75.3],[2.4,75.4],[1.6,75.5],[2.4,75.7]]]]}},{"type":"Feature","properties":{},"geometry":{"type":"MultiPolygon","coordinates":[[[[26.6,69.1],[27.6,69],[28.5,68.6],[28.5,68.8],[30.6,68.7],[33.4,68.3],[29.9,67.4],[27,66.4],[25.6,65.7],[25.5,65.2],[26.5,65.1],[22.3,64.9],[22,67],[26.6,69.1]]]]}},{"type":"Feature","properties":{},"geometry":{"type":"MultiPolygon","coordinates":[[[[26.6,69.1],[26.1,69.3],[23,70.4],[22.1,71.3],[22.3,71.5],[15.3,72.9],[16.4,72.6],[20.1,72.2],[22.1,71.7],[22.8,71.5],[26.3,69.9],[28.9,69.5],[31.6,69.1],[33.7,68.6],[35.4,68.3],[32.8,68.4],[30.2,68.8],[28.4,68.7],[28.4,68.6],[27.3,69],[26.6,69.1]]]]}},{"type":"Feature","properties":{},"geometry":{"type":"MultiPolygon","coordinates":[[[[33.7,68.6],[32.2,69.6],[30.9,70.6],[28.9,70.7],[25.5,72.5],[26.1,72.7],[28.3,72],[33.4,71.5],[37.2,70.8],[40.6,70.5],[44.3,69.7],[45.6,68.9],[44.9,68.4],[41.9,68.6],[35.6,68.2],[33.7,68.6]]]]}},{"type":"Feature","properties":{},"geometry":{"type":"MultiPolygon","coordinates":[[[[38.9,64.5],[40.4,64.5],[42.3,64.8],[44.7,64.7],[46.7,64.2],[48.9,63.9],[50.1,63.5],[49.2,63.6],[45.7,64.2],[43.7,64.5],[42.4,64.4],[38.6,64],[35.2,63.9],[33.5,64.1],[29.5,64.4],[27.2,64.9],[33,64.9],[35.7,64.5],[36.3,64.7],[36.4,64.8],[38.9,64.5]]]]}},{"type":"Feature","properties":{},"geometry":{"type":"MultiPolygon","coordinates":[[[[56.7,58.7],[59,58.6],[60.4,59.5],[63.3,61.5],[65.3,63],[66.1,62],[64.8,60.1],[63,58.8],[62.2,57.2],[58.4,57],[56.8,58],[56.7,58.7]]]]}},{"type":"Feature","properties":{},"geometry":{"type":"MultiPolygon","coordinates":[[[[53,64.5],[56.3,62.1],[56.4,60.8],[54.2,61.1],[53.6,61.6],[52.4,62.6],[52.8,63.7],[51,64.6],[53,64.5]]]]}},{"type":"Feature","properties":{},"geometry":{"type":"MultiPolygon","coordinates":[[[[51,64.6],[52.8,63.7],[52.4,62.6],[53.6,61.6],[53,60.9],[51.2,61.9],[50.8,62.9],[49.6,64.3],[48.8,65],[51,64.6]]]]}},{"type":"Feature","properties":{},"geometry":{"type":"MultiPolygon","coordinates":[[[[56.4,61.6],[58.6,62.7],[59.3,60.6],[59.7,59.2],[57.8,58.3],[56.6,59.6],[56.4,61],[56.4,61.6]]]]}},{"type":"Feature","properties":{},"geometry":{"type":"MultiPolygon","coordinates":[[[[49.3,60.7],[50.9,62.2],[52.2,60.9],[54.6,61.1],[56.5,60.6],[56.7,58.7],[56.7,57.3],[55,57.4],[54.2,59.1],[50.3,59.7],[49.3,60.7]]]]}},{"type":"Feature","properties":{},"geometry":{"type":"MultiPolygon","coordinates":[[[[46.5,68.7],[51.5,68.5],[57.8,67],[63.5,64.5],[64.7,62.9],[62,60.4],[59.5,59.7],[59.3,62.8],[57.3,64.9],[52.9,66.6],[48,68.2],[46.4,68.6],[46.5,68.7]]]]}},{"type":"Feature","properties":{},"geometry":{"type":"MultiPolygon","coordinates":[[[[45.3,68.4],[49.5,68],[53.8,66.3],[58.4,64.2],[58.3,62.4],[56.3,62.1],[53,64.5],[48.5,66.9],[42.9,68.4],[45.3,68.4]]]]}},{"type":"Feature","properties":{},"geometry":{"type":"MultiPolygon","coordinates":[[[[48.3,70.9],[51.7,69.2],[56.2,68.4],[60.4,66.3],[64.6,63.7],[61.5,65.5],[54.2,67.9],[46.3,68.9],[44.3,69.7],[43.3,70.3],[46.1,70.2],[47.4,71],[48.3,70.9]]]]}},{"type":"Feature","properties":{},"geometry":{"type":"MultiPolygon","coordinates":[[[[153.7,57.4],[147.5,55.4],[143,54.3],[145.2,55.6],[148.3,56.9],[151.9,58],[154.4,58.3],[153.7,57.4]]]]}},{"type":"Feature","properties":{},"geometry":{"type":"MultiPolygon","coordinates":[[[[155.7,56],[150.4,54.6],[147.6,53.9],[145.4,53.6],[141.4,52.7],[137.3,52.6],[138.6,53.3],[143,54.3],[147.5,55.4],[153.7,57.4],[155.7,56]]]]}},{"type":"Feature","properties":{},"geometry":{"type":"MultiPolygon","coordinates":[[[[166.9,62.4],[170.2,62.2],[173.7,61.2],[165.3,60.3],[161.3,58],[157.3,56.4],[154.9,56.3],[153.9,58.5],[153.6,59.4],[153.7,60],[155.9,60.9],[158,61.6],[159.7,62.1],[162.3,62.3],[164.5,62.6],[166.9,62.4]]]]}},{"type":"Feature","properties":{},"geometry":{"type":"MultiPolygon","coordinates":[[[[48.7,64],[45.8,64.5],[46.8,64.3],[48.7,64]]]]}},{"type":"Feature","properties":{},"geometry":{"type":"MultiPolygon","coordinates":[[[[48.8,64.6],[48.4,64.3],[47.4,64.8],[48.8,64.6]]]]}},{"type":"Feature","properties":{},"geometry":{"type":"MultiPolygon","coordinates":[[[[31.6,67.5],[36.3,67.4],[36.3,66.2],[40.5,65.6],[41.9,65.2],[39.3,65],[39.5,64.7],[41.5,64.8],[42.9,64.8],[40.8,64.6],[39.3,64.5],[33.4,65.3],[31.2,66.9],[31.6,67.5]]]]}},{"type":"Feature","properties":{},"geometry":{"type":"MultiPolygon","coordinates":[[[[36.7,67.8],[42.3,66.9],[48.2,65.2],[49.5,64.4],[47.4,64.8],[46.7,65.1],[45.2,65.4],[44.3,65.4],[43.2,65.4],[41.1,65.4],[37.1,66],[36.1,67.2],[36.7,67.8]]]]}},{"type":"Feature","properties":{},"geometry":{"type":"MultiPolygon","coordinates":[[[[35.6,68.2],[41.9,68.6],[45.4,67.8],[50.8,65.6],[51.7,64.6],[48.8,65],[44.1,66.5],[37.6,67.6],[35.6,68.2]]]]}},{"type":"Feature","properties":{},"geometry":{"type":"MultiPolygon","coordinates":[[[[170.7,56.5],[161,54.7],[153.9,52.8],[148.5,52],[146.8,53.1],[148.6,54.2],[152.8,55.2],[157.3,56.4],[161,56.8],[165.2,57.2],[167.1,57.6],[170,58.5],[171.6,59.6],[173.6,61.1],[175.2,61.4],[179.2,61.8],[178.1,60.2],[173.2,57.8],[170.7,56.5]]]]}},{"type":"Feature","properties":{},"geometry":{"type":"MultiPolygon","coordinates":[[[[176.7,61.6],[174.3,61.3],[172.5,60.2],[171,59.1],[168.4,57.9],[167,57.5],[164.1,57.1],[158.3,56.5],[158.9,56.8],[163.3,59.6],[168.6,60.8],[176.5,61.6],[176.7,61.6]]]]}},{"type":"Feature","properties":{},"geometry":{"type":"MultiPolygon","coordinates":[[[[62.3,55.6],[63.3,57.6],[65.4,58.5],[65.4,57.3],[64.6,56.1],[64.1,55.1],[62.4,54.4],[60.8,53.2],[59.8,53],[61.7,54.7],[62.3,55.6]]]]}},{"type":"Feature","properties":{},"geometry":{"type":"MultiPolygon","coordinates":[[[[49,57.4],[51.8,56.7],[53.4,55],[55.2,54.5],[55.3,53.3],[55.1,53.1],[54.3,52.7],[53.6,52.5],[53,52.6],[52.1,53.4],[51.5,54.2],[51,54.8],[49.9,55.6],[49.5,56.1],[49.3,56.8],[49,57.4]]]]}},{"type":"Feature","properties":{},"geometry":{"type":"MultiPolygon","coordinates":[[[[55.3,53.2],[55.7,54.7],[59.1,55.3],[60.4,55.9],[61.9,56.8],[62.9,57.3],[62.4,55.9],[61.9,55.3],[59.5,54.6],[56.8,53.9],[55.8,53.3],[55.2,52.9],[55.3,53.2]]]]}},{"type":"Feature","properties":{},"geometry":{"type":"MultiPolygon","coordinates":[[[[31.6,67.5],[31.4,65.9],[38.5,64.6],[37.3,64.6],[36.1,64.7],[36.2,64.6],[34.1,64.8],[26.9,65],[25.5,65.2],[25.5,65.6],[26.1,66],[29.2,67.2],[31.6,67.5]]]]}},{"type":"Feature","properties":{},"geometry":{"type":"MultiPolygon","coordinates":[[[[44.7,51.5],[46.1,51.1],[49,48.9],[49.6,48],[48.6,48.2],[47.3,48.5],[45.1,49.7],[44.5,50.6],[44.7,51.5]]]]}},{"type":"Feature","properties":{},"geometry":{"type":"MultiPolygon","coordinates":[[[[52,51.6],[54,52],[54.9,52.4],[55.3,52.9],[56.2,53.6],[57.3,53.1],[55.1,50],[51,48.2],[49.1,48.7],[48.9,49.2],[48.9,50],[48.7,50.8],[49,51.3],[49.4,51.5],[51.2,51.6],[52,51.6]]]]}},{"type":"Feature","properties":{},"geometry":{"type":"MultiPolygon","coordinates":[[[[51.4,54.2],[51.7,53.8],[52.4,53],[53.3,52.5],[53.8,52.5],[54.9,53],[55.3,53.2],[55.2,52.7],[54.3,52.1],[52.8,51.8],[51.8,51.9],[49.7,53.4],[49.1,53.6],[50.1,54.1],[51.4,54.2]]]]}},{"type":"Feature","properties":{},"geometry":{"type":"MultiPolygon","coordinates":[[[[45.7,52.4],[46,53.5],[47.2,53.9],[47.6,54],[47.8,54.1],[49.2,54.9],[51.2,54.6],[50.1,54.1],[49.1,53.6],[48.1,53.3],[47.3,53],[46.9,52.9],[45.7,52.4]]]]}},{"type":"Feature","properties":{},"geometry":{"type":"MultiPolygon","coordinates":[[[[48.3,58.1],[49.3,56.8],[49.5,56.1],[49.7,55.7],[50.2,55.3],[48.1,54.3],[47.7,54.1],[47.3,53.9],[46.5,53.7],[46.3,54.3],[46.7,55.4],[47.2,55.9],[48.2,57.9],[48.3,58.1]]]]}},{"type":"Feature","properties":{},"geometry":{"type":"MultiPolygon","coordinates":[[[[45.7,52.4],[46.9,52.9],[47.3,53],[48.1,53.3],[49.7,53.4],[51.8,51.9],[50.3,51.7],[49.2,51.5],[48.8,51],[48.7,50.7],[49,49.6],[48.8,49.1],[45.8,51.2],[44.9,51.6],[45.6,52.3],[45.7,52.4]]]]}},{"type":"Feature","properties":{},"geometry":{"type":"MultiPolygon","coordinates":[[[[48.6,60.2],[49,60.5],[50.3,59.7],[53,59.4],[54.5,58.1],[56.5,56.8],[58.4,57],[62.2,57.2],[63,58.8],[64.4,59.4],[63.5,58.2],[62.7,57.2],[61.3,56.4],[60.1,55.7],[58.9,55.2],[55.2,54.5],[53.4,55],[51.8,56.7],[49,57.4],[48.9,59.1],[48.6,60.2]]]]}},{"type":"Feature","properties":{},"geometry":{"type":"MultiPolygon","coordinates":[[[[98.9,-48.3],[99.9,-48],[101,-47.3],[101.9,-46.9],[103.1,-46.7],[104.2,-46.5],[106.2,-46.6],[107.1,-46.4],[110.6,-47],[109.1,-47.1],[105,-47.8],[99.1,-49.5],[95.5,-49.9],[91,-51],[89.1,-51.6],[87.2,-51.8],[84.1,-52.4],[79.8,-50.8],[77.7,-50],[78.4,-49.8],[80.1,-50],[84.6,-50.9],[85.9,-51.1],[88,-50.9],[89.6,-50.8],[91,-50.6],[92.1,-50.4],[93.6,-49.8],[94.5,-49.6],[95.5,-49.2],[97,-48.8],[98.4,-48.5],[98.9,-48.3]]]]}},{"type":"Feature","properties":{},"geometry":{"type":"MultiPolygon","coordinates":[[[[70.2,-47.4],[69.6,-48.2],[70.8,-49.1],[71.7,-51.9],[72.4,-54.7],[76.2,-56.5],[84.3,-58.3],[89.5,-59.3],[92.4,-59.3],[94,-59],[96.3,-61.3],[95.6,-61.3],[94.5,-60.3],[91.1,-61],[87.1,-61.2],[80.7,-60.4],[75.8,-58.7],[73.6,-57.2],[72,-56.1],[70.1,-54.8],[69.2,-52.9],[69,-51.3],[67.9,-47.2],[67,-47.1],[65.6,-46.3],[66.3,-46.4],[67.9,-46.5],[68.5,-46.6],[68.3,-47],[68.9,-47.2],[70.2,-47.4]]]]}},{"type":"Feature","properties":{},"geometry":{"type":"MultiPolygon","coordinates":[[[[105,-47.8],[103,-48.9],[101.5,-49.4],[100.4,-49.7],[98.5,-50.6],[95.8,-51.4],[94.1,-51.8],[91.9,-52.3],[89.5,-52.8],[87.4,-52.7],[85.5,-52.5],[86.3,-52.1],[88.8,-51.7],[90.3,-51.1],[93.8,-50.4],[97.7,-49.7],[102.3,-48.3],[105,-47.8]]]]}},{"type":"Feature","properties":{},"geometry":{"type":"MultiPolygon","coordinates":[[[[84.8,-52.4],[86.4,-52.7],[88.4,-52.8],[91,-52.5],[92.9,-52.1],[94.8,-51.5],[96.6,-51.4],[99.5,-50.2],[101,-49.5],[102.1,-49.2],[104.1,-48.5],[104.8,-49],[102.7,-49.7],[98,-51.7],[90.7,-53.6],[87.6,-53.9],[84.8,-52.4]]]]}},{"type":"Feature","properties":{},"geometry":{"type":"MultiPolygon","coordinates":[[[[45,58.2],[46.1,57.8],[44.4,56.3],[41.9,57.9],[45,58.2]]]]}},{"type":"Feature","properties":{},"geometry":{"type":"MultiPolygon","coordinates":[[[[42.5,55.3],[36.7,52.8],[36.6,53.5],[39.8,54.3],[41,55.3],[42.5,55.3]]]]}},{"type":"Feature","properties":{},"geometry":{"type":"MultiPolygon","coordinates":[[[[41.2,57.5],[43.6,56],[41,55.3],[39.8,54.3],[36.6,53.5],[35.7,52.4],[36,54.1],[37.7,55.4],[38.7,56.7],[41.2,57.5]]]]}},{"type":"Feature","properties":{},"geometry":{"type":"MultiPolygon","coordinates":[[[[49.7,63.4],[50.1,63.5],[50.9,62.7],[49.7,61],[48.6,60.3],[46.8,58.2],[45,58.3],[46.4,59.5],[47.4,60.1],[48.8,61.4],[49.8,62.5],[49.8,63.4],[49.7,63.4]]]]}},{"type":"Feature","properties":{},"geometry":{"type":"MultiPolygon","coordinates":[[[[41,57.9],[38.7,56.7],[37.7,55.4],[36,54.1],[34.6,54.9],[37.8,57],[41,57.9]]]]}},{"type":"Feature","properties":{},"geometry":{"type":"MultiPolygon","coordinates":[[[[10.4,52.6],[11.1,52],[11.9,51.5],[12.5,51.4],[12.6,51],[12.9,51.2],[13.6,51.1],[14.5,50.7],[15.9,50.4],[17.6,50.1],[18.5,49.1],[19.2,48.7],[20,48.1],[20.9,47.4],[21.7,47.5],[22.4,47.9],[21.5,47.3],[21.2,46.9],[20.3,46.6],[19.9,46.5],[18.8,47.6],[18.1,47.9],[17.5,48.3],[15.2,49.4],[12.1,50.1],[10.3,49.9],[9.9,50],[10.5,50.3],[9.6,50.6],[8.9,50.8],[8.9,51],[8.8,51.4],[9.1,51.6],[8.8,51.5],[8.9,52],[9.2,52],[9.2,52.1],[10.1,52.6],[10.4,52.6]]]]}},{"type":"Feature","properties":{},"geometry":{"type":"MultiPolygon","coordinates":[[[[45,64.3],[47.6,63.9],[49.8,63.4],[49.9,62.6],[49,61.5],[47.7,60.6],[46.5,59.5],[44.8,58.6],[44.2,57.9],[39.5,57.7],[34.9,55.3],[35.6,52.8],[34.2,51.9],[32.4,51.5],[30.4,51.3],[29.5,51.1],[28.7,50.6],[27.4,50.1],[26.7,50.1],[26.4,49.9],[25.5,49.5],[24.6,49.6],[22.9,50.1],[20.4,52.4],[19.4,54.1],[23.7,56.2],[27.7,58.7],[31.4,60.5],[38.2,62.5],[44.7,64.2],[45,64.3]]]]}},{"type":"Feature","properties":{},"geometry":{"type":"MultiPolygon","coordinates":[[[[24.5,48.6],[24.4,48.9],[24.7,49.4],[25.8,49.6],[26.6,49.9],[27,50],[27.5,50.2],[28.9,50.8],[29.7,51.2],[30.7,51.3],[32.7,51.5],[34.6,52.1],[36.7,52.8],[42.5,55.3],[44.4,56.3],[47.9,58],[48.6,60.2],[48.8,58.8],[48.2,57.9],[47.2,55.9],[46.7,55.4],[46.3,54.3],[45.8,52.7],[45.5,52.2],[44.7,51.5],[44.5,50.6],[39.6,48.6],[31,46.6],[26.6,46.1],[27.2,46.6],[28.1,46.7],[28.5,47.3],[28.4,47.1],[28.3,46.8],[27.1,46.8],[26.5,45.6],[23.3,47.1],[23.7,47.7],[23.5,47.8],[23.8,48.1],[24.2,48],[24.7,48.5],[24.5,48.6]]]]}},{"type":"Feature","properties":{},"geometry":{"type":"MultiPolygon","coordinates":[[[[140.5,-66],[140.9,-66.9],[141.1,-67.1],[143.6,-73.7],[135.5,-79.6],[92.8,-85.2],[13.9,-82.8],[38,-81.2],[62.1,-81.4],[75.7,-80.6],[82.2,-79.3],[95.5,-78.5],[112.2,-74.5],[124.2,-68.5],[126.8,-66.7],[127.1,-66],[129.4,-65.7],[131.3,-65.8],[131.7,-65.8],[132.5,-65.8],[133.6,-65.8],[135.3,-65.9],[136.7,-66.1],[137.7,-66],[139.3,-66.2],[140.5,-66]]]]}},{"type":"Feature","properties":{},"geometry":{"type":"MultiPolygon","coordinates":[[[[6,-73],[7,-74.1],[10,-74.8],[15.6,-75.2],[20.3,-75.7],[7.4,-77.1],[5.8,-77.4],[4.7,-79.1],[-2,-80.5],[-12.7,-79.3],[-7.8,-75.2],[3,-72.7],[4.7,-72.6],[6,-73]]]]}},{"type":"Feature","properties":{},"geometry":{"type":"MultiPolygon","coordinates":[[[[33.3,-75.7],[33.6,-77.2],[33.8,-77.5],[44.1,-80.8],[21.1,-82.3],[-3.8,-83.1],[-16.6,-81.4],[-14.9,-80.9],[-13.1,-80.1],[-8.1,-79.8],[3.1,-79.5],[5.6,-77.5],[7,-77.2],[19.3,-76.5],[33.3,-75.7]]]]}},{"type":"Feature","properties":{},"geometry":{"type":"MultiPolygon","coordinates":[[[[140.9,-66.9],[140.5,-66],[140.9,-66.2],[141.4,-66.2],[141.1,-66.5],[140.9,-66.9]]]]}},{"type":"Feature","properties":{},"geometry":{"type":"MultiPolygon","coordinates":[[[[180,-81.8],[164.8,-82.2],[156.9,-75.2],[142.5,-70.1],[141.2,-67],[142.2,-66.5],[142.9,-66.6],[143.3,-66.7],[143.6,-67.2],[144.1,-67.4],[145.3,-67.4],[146.2,-67.3],[146.8,-67.3],[147.9,-67.6],[148.4,-67.5],[150.2,-67.5],[150.3,-67],[151.1,-67.3],[151.7,-67.5],[152.5,-67.7],[153.8,-67.7],[154.2,-67.8],[155.4,-67.8],[156.9,-68.2],[156.8,-68.4],[158,-68.9],[159.2,-69.5],[158.7,-68.7],[160.4,-68.9],[160.6,-68.8],[162.3,-68.9],[162.8,-69],[164.2,-69.2],[165.1,-69.4],[167.2,-69.9],[166.2,-70.3],[166.8,-70.7],[165,-70.5],[166.5,-70.8],[165.8,-71.4],[165.3,-71.3],[163.6,-71.1],[164.2,-71.4],[164.3,-71.6],[164.1,-71.8],[163.5,-71.8],[163.4,-72],[162.7,-72.1],[161.9,-71.6],[162.4,-72.2],[162.5,-72.5],[162.5,-72.8],[161,-72.7],[160.8,-73.2],[160.6,-73.6],[159.2,-73.8],[160.8,-73.8],[161.5,-74.4],[161.3,-74.4],[161.8,-74.8],[161.8,-75.1],[162.3,-75.3],[163.8,-76],[163.7,-76.5],[165,-76.4],[166.9,-76.8],[163.8,-77],[162.2,-76.9],[162.8,-77.4],[162,-77.4],[161.8,-77.8],[162.2,-77.9],[162.5,-78.3],[161.1,-78.9],[162.9,-78.9],[163.5,-78.9],[162.3,-79.2],[163.2,-79.5],[164.2,-79.8],[165.7,-80.1],[167.5,-80.4],[167.6,-80.7],[169.1,-80.7],[171.8,-81],[172.5,-81.3],[173.3,-81.3],[174.8,-81.4],[175.8,-81.6],[178.1,-81.7],[180,-81.8]]]]}},{"type":"Feature","properties":{},"geometry":{"type":"MultiPolygon","coordinates":[[[[165.7,-75.3],[168,-75.6],[166.1,-75.8],[165.6,-75.5],[165.7,-75.3]]]]}},{"type":"Feature","properties":{},"geometry":{"type":"MultiPolygon","coordinates":[[[[-12.7,-79.3],[-13.8,-80.5],[-16.6,-81.4],[-18.6,-81.4],[-15.6,-77.6],[-12.7,-79.3]]]]}},{"type":"Feature","properties":{},"geometry":{"type":"MultiPolygon","coordinates":[[[[-16.2,-77.6],[-42.8,-81.4],[-40.1,-78.1],[-39,-77.1],[-37.3,-77.1],[-36.2,-77.1],[-36.5,-76.9],[-36.4,-76.8],[-35.7,-76.6],[-34.9,-76.2],[-33.9,-76.8],[-16.2,-77.6]]]]}},{"type":"Feature","properties":{},"geometry":{"type":"MultiPolygon","coordinates":[[[[-39.9,-77.2],[-45.5,-81],[-52.8,-79.8],[-57.3,-78.8],[-55,-78.3],[-53.3,-78.1],[-51.2,-77.9],[-49.2,-77.6],[-47.4,-77.4],[-46,-77.4],[-45.7,-77.3],[-44.6,-77.2],[-42.4,-77.1],[-41,-77.1],[-39.9,-77.2]]]]}},{"type":"Feature","properties":{},"geometry":{"type":"MultiPolygon","coordinates":[[[[126.2,-66.9],[116,-73.1],[95.9,-78.3],[94.2,-74],[89.5,-68.9],[89.2,-68],[90.4,-68],[92.1,-68],[93.7,-67.7],[95.2,-67.8],[95.6,-68],[96.3,-67.8],[97.4,-67.5],[97.8,-67.1],[100.4,-66.9],[102.2,-67],[104.9,-67.4],[105.7,-67.5],[107.5,-67.3],[107.5,-66.9],[111.4,-66.8],[112.8,-67],[111.1,-68],[112.7,-67.6],[114.2,-67.3],[115.2,-67.3],[116.7,-67.3],[116.1,-67.5],[119.5,-66.9],[121.5,-66.7],[123,-66.2],[123.5,-66.2],[124,-66.5],[124.4,-67],[125.4,-66.9],[126.2,-66.9]]]]}},{"type":"Feature","properties":{},"geometry":{"type":"MultiPolygon","coordinates":[[[[126.6,-66.7],[126.6,-66.4],[126.9,-66.5],[126.6,-66.7]]]]}},{"type":"Feature","properties":{},"geometry":{"type":"MultiPolygon","coordinates":[[[[180,-84.1],[143.5,-84.8],[138.7,-78.3],[143.9,-71.8],[158.3,-77.1],[171.2,-83.5],[180,-84.1]]]]}},{"type":"Feature","properties":{},"geometry":{"type":"MultiPolygon","coordinates":[[[[-152.2,-87.4],[-170.3,-83.9],[-154.8,-84.4],[-139.1,-84.5],[-121.3,-84.6],[-106,-84.5],[-89.8,-84.1],[-79.3,-83.2],[-82.9,-85.5],[-152.2,-87.4]]]]}},{"type":"Feature","properties":{},"geometry":{"type":"MultiPolygon","coordinates":[[[[180,-87.4],[-180,-88.7],[-61.6,-88],[-19.4,-81.4],[-14.6,-82.2],[13.9,-82.8],[92.8,-85.2],[137.1,-83.2],[180,-87.4]]]]}},{"type":"Feature","properties":{},"geometry":{"type":"MultiPolygon","coordinates":[[[[-120,-88.3],[-69.5,-83],[-46,-81],[-50.6,-80.6],[-31.1,-81.6],[-36.5,-86.6],[-120,-88.3]]]]}},{"type":"Feature","properties":{},"geometry":{"type":"MultiPolygon","coordinates":[[[[27.4,-72.3],[27.6,-72.3],[27.8,-72.3],[28.7,-72.3],[29.5,-72.4],[29.7,-72.6],[30.1,-72.6],[31.2,-71.8],[26.6,-75.9],[20.4,-75.3],[21.7,-72.9],[23.4,-71.9],[23.5,-71.7],[24,-71.6],[23.9,-71.4],[25.1,-71.4],[24.8,-71.8],[26.1,-72.2],[27.1,-72.4],[27.4,-72.3]]]]}},{"type":"Feature","properties":{},"geometry":{"type":"MultiPolygon","coordinates":[[[[63.1,-74.7],[63.4,-75.5],[64.3,-74.8],[67,-76.1],[61.8,-76.2],[56.2,-75.6],[63.1,-74.7]]]]}},{"type":"Feature","properties":{},"geometry":{"type":"MultiPolygon","coordinates":[[[[66.3,-75.1],[85.8,-74.5],[95.3,-76.6],[91.9,-78.6],[76.6,-79.9],[75.5,-80.7],[55.2,-81.4],[37.6,-79.3],[33.6,-77.2],[49,-75.3],[56.7,-76.2],[63.3,-76.2],[66.9,-75.7],[66.3,-75.1]]]]}},{"type":"Feature","properties":{},"geometry":{"type":"MultiPolygon","coordinates":[[[[63.1,-74.7],[41.3,-75.7],[32.8,-71.6],[34.4,-70.8],[36.5,-70.6],[37,-70.3],[38.4,-70.2],[38.5,-70.2],[39.3,-69.9],[39.7,-70.2],[39.9,-70.4],[40.8,-70.6],[41.8,-70],[41.6,-69.7],[40.9,-69.6],[42.5,-69.6],[43.4,-69.7],[43.1,-69.5],[42.9,-69],[45,-68.5],[49.1,-68.6],[50.7,-69],[49.4,-69.1],[50,-69.3],[49.6,-69.4],[49.1,-69.7],[50,-69.6],[51.1,-69.4],[52.1,-69.6],[52.3,-69.7],[53.3,-70],[55.3,-70],[59.2,-70],[64,-70],[65.4,-70.6],[64.5,-71.1],[65,-71.5],[64,-71.6],[64.6,-71.9],[63.9,-72.2],[62.8,-72.2],[63.1,-72.5],[64,-72.7],[64.6,-73.2],[63.5,-73.8],[63,-74.3],[63.1,-74.7]]]]}},{"type":"Feature","properties":{},"geometry":{"type":"MultiPolygon","coordinates":[[[[87.7,-68],[93.3,-72.6],[80.9,-74.7],[64.7,-74.8],[65.8,-74.6],[66.9,-74.1],[67.2,-73.7],[67.6,-73.3],[67.7,-72.8],[68.5,-72.3],[69.6,-71.9],[70.7,-71.8],[71.3,-71.8],[72.2,-71.4],[72.9,-71.3],[73.9,-70.9],[74.4,-70.5],[78.4,-69.5],[79.8,-69.4],[81.1,-68.8],[84.2,-68.3],[85.9,-68.4],[87.7,-68]]]]}},{"type":"Feature","properties":{},"geometry":{"type":"MultiPolygon","coordinates":[[[[-39.9,-77.2],[-41,-77.1],[-42.4,-77.1],[-44.6,-77.2],[-45.7,-77.3],[-46,-77.4],[-47.4,-77.4],[-49.2,-77.6],[-51.2,-77.9],[-53.3,-78.1],[-55,-78.3],[-57.3,-78.8],[-58.2,-78.9],[-55.8,-78.4],[-52.4,-77.9],[-49.5,-77.4],[-43,-76.8],[-39.2,-76.9],[-37.2,-76.8],[-35.5,-76.2],[-34.4,-75.7],[-35.2,-76.4],[-36.2,-76.7],[-36.5,-76.9],[-36.1,-77.1],[-36.7,-77.1],[-38.4,-77],[-39.5,-77.2],[-39.9,-77.2]]]]}},{"type":"Feature","properties":{},"geometry":{"type":"MultiPolygon","coordinates":[[[[-97.8,-79.4],[-98,-79.6],[-98.9,-80.6],[-93.8,-80],[-91.7,-81],[-92.2,-81.3],[-90.4,-82],[-92.3,-82.8],[-90.7,-82.6],[-83.7,-81.9],[-81.7,-81.7],[-76.2,-81.7],[-74,-82],[-74.6,-82.4],[-82.7,-83.5],[-91.8,-84.2],[-109.3,-84.5],[-124.9,-84.6],[-142.3,-84.5],[-158.7,-84.3],[-174.4,-83.7],[-175.8,-82.1],[-173.9,-82],[-167.6,-82.3],[-162.1,-82.6],[-160.2,-82.5],[-138.1,-81.6],[-123.8,-81.5],[-113.4,-82.9],[-108,-82.1],[-115.2,-81.4],[-110.4,-80.4],[-108.1,-80.1],[-99.6,-79],[-97.9,-79.3],[-97.8,-79.4]]]]}},{"type":"Feature","properties":{},"geometry":{"type":"MultiPolygon","coordinates":[[[[-67.7,-80.2],[-74.6,-80.5],[-78.8,-80.2],[-76.4,-79.9],[-70.6,-78],[-65.6,-78.4],[-66.2,-78.9],[-67.9,-80.1],[-67.7,-80.2]]]]}},{"type":"Feature","properties":{},"geometry":{"type":"MultiPolygon","coordinates":[[[[-38,-75.6],[-39.6,-75.3],[-37.8,-74.9],[-38,-75.6]]]]}},{"type":"Feature","properties":{},"geometry":{"type":"MultiPolygon","coordinates":[[[[-54.1,-80.6],[-54.7,-80.6],[-55,-80.4],[-54.1,-80.6]]]]}},{"type":"Feature","properties":{},"geometry":{"type":"MultiPolygon","coordinates":[[[[-53.1,-79.8],[-57.3,-79.6],[-54.5,-79.6],[-53.1,-79.8]]]]}},{"type":"Feature","properties":{},"geometry":{"type":"MultiPolygon","coordinates":[[[[-48.8,-80.4],[-52.4,-80],[-52.7,-79.8],[-48.8,-80.4]]]]}},{"type":"Feature","properties":{},"geometry":{"type":"MultiPolygon","coordinates":[[[[-69.5,-83],[-74.6,-82.4],[-70.9,-81.9],[-69,-81.7],[-64.8,-81.4],[-61.8,-81.3],[-58.2,-81.1],[-55.2,-81.2],[-55.3,-81],[-52.7,-80.9],[-69.5,-83]]]]}},{"type":"Feature","properties":{},"geometry":{"type":"MultiPolygon","coordinates":[[[[-54.1,-80.7],[-54.1,-80.5],[-53.9,-80.7],[-54.1,-80.7]]]]}},{"type":"Feature","properties":{},"geometry":{"type":"MultiPolygon","coordinates":[[[[74.3,41.6],[76.7,42.3],[80,43],[82.3,43.7],[84.3,44.2],[88.2,43.9],[86.3,42.5],[81.5,41.4],[76.7,40.3],[72.3,39.5],[74.3,41.6]]]]}},{"type":"Feature","properties":{},"geometry":{"type":"MultiPolygon","coordinates":[[[[74.3,41.6],[76.7,42.3],[80,43],[82.3,43.7],[84.3,44.2],[88.2,43.9],[86.3,42.5],[81.5,41.4],[76.7,40.3],[72.3,39.5],[74.3,41.6]]]]}}]}