{"type":"FeatureCollection","features":[{"type":"Feature","properties":{},"geometry":{"type":"MultiPolygon","coordinates":[[[[88.4,22.5],[86.5,22.2],[85.3,22.5],[83.7,22.4],[82.1,21.5],[79.2,17.2],[76.8,18.6],[75.2,19.9],[77.2,20.4],[79.8,23],[83.2,23.5],[84.8,23.8],[85.8,24],[88.4,22.5]]]]}},{"type":"Feature","properties":{},"geometry":{"type":"MultiPolygon","coordinates":[[[[93.9,18.4],[93.1,18.2],[92.7,19.7],[91.5,19.7],[90.2,19.5],[88.6,19.9],[87.5,19.8],[87.4,19.9],[87.6,19.9],[88.1,20.2],[89.4,20.7],[93,20.3],[93.9,18.4]]]]}},{"type":"Feature","properties":{},"geometry":{"type":"MultiPolygon","coordinates":[[[[87.6,19.4],[87.5,19.4],[87,19.3],[87.3,19.5],[87.7,19.6],[87.6,19.4]]]]}},{"type":"Feature","properties":{},"geometry":{"type":"MultiPolygon","coordinates":[[[[86.6,18.1],[83.6,17.2],[84.6,18.2],[85.3,18.5],[85.8,18.7],[86.4,18.6],[86.6,18.2],[86.6,18.1]]]]}},{"type":"Feature","properties":{},"geometry":{"type":"MultiPolygon","coordinates":[[[[95.2,19.5],[94.8,19.3],[94.4,19],[93.5,19.8],[90.3,20.3],[88.7,20.7],[88.6,21.1],[87.9,21.2],[87.3,21],[86.3,20.8],[85.6,20.5],[84.9,20.9],[84.3,20.5],[84.7,19.7],[85,19.5],[84.6,18.9],[84.1,17.7],[83.5,17.2],[81.8,15.3],[81,14.4],[80.4,14.3],[79.6,15.1],[78.9,15.6],[80,18.5],[82.4,21.7],[84.2,22.5],[85.6,22.4],[86.9,22.3],[88.7,22.5],[90.6,22],[91.9,21.6],[93.6,21.2],[94.2,20.7],[94.9,19.8],[95.2,19.5]]]]}},{"type":"Feature","properties":{},"geometry":{"type":"MultiPolygon","coordinates":[[[[58.2,-8.5],[58.6,-5.6],[58.9,-3],[59.5,-1.9],[61.1,-2.1],[62.3,-5.2],[62.6,-8.1],[62.7,-9.2],[63.6,-12.2],[64.4,-14.5],[64,-13.7],[62.1,-12.1],[60.9,-14.5],[60,-15.9],[59.3,-17.6],[58.9,-15.9],[58.7,-14.7],[58.2,-12.5],[57.9,-10.4],[58.2,-8.5]]]]}},{"type":"Feature","properties":{},"geometry":{"type":"MultiPolygon","coordinates":[[[[83.7,23.6],[80.6,23.9],[77.1,24.7],[73.9,24.1],[72.8,25.7],[78.1,25.9],[81.3,24.9],[83.7,23.6]]]]}},{"type":"Feature","properties":{},"geometry":{"type":"MultiPolygon","coordinates":[[[[63,-2.6],[64,-5.7],[63.1,-7.1],[62.6,-8.1],[62.3,-5.2],[61.1,-2.1],[63,-2.6]]]]}},{"type":"Feature","properties":{},"geometry":{"type":"MultiPolygon","coordinates":[[[[-102.4,-5.1],[-101.8,-5.2],[-101.5,-5],[-100.5,-5.1],[-99.6,-5.1],[-100.2,-4.9],[-100.9,-4.7],[-101.3,-4.5],[-101.1,-4.7],[-101.7,-4.7],[-101.7,-4.2],[-101.7,-3.9],[-101.8,-3.6],[-102.2,-3.6],[-103.3,-1.7],[-104.2,-0.5],[-102.5,2.3],[-100.8,5],[-99.5,5.6],[-99.9,3.5],[-100.3,2.7],[-102,0.9],[-103.5,-0.1],[-102.9,-1],[-102.1,-2.7],[-101.1,-3.7],[-99.6,-4.6],[-98.7,-4.8],[-96.8,-5.2],[-95.2,-7.5],[-93.7,-8.5],[-93.7,-8.8],[-93.5,-9.2],[-93.7,-9.6],[-93.7,-9.8],[-94.1,-9.7],[-94.6,-10],[-95.2,-10.1],[-95.6,-10.7],[-96.1,-10.4],[-96.8,-9.9],[-97.1,-9.3],[-97.8,-8.7],[-98.3,-7.7],[-99.4,-7.5],[-100.3,-7.1],[-100.7,-6.7],[-101,-6.7],[-101.3,-6.7],[-101.2,-6.4],[-101.8,-6.2],[-102.1,-5.6],[-102.4,-5.1]]]]}},{"type":"Feature","properties":{},"geometry":{"type":"MultiPolygon","coordinates":[[[[-101.9,-3.1],[-100.5,-1.2],[-99.7,0.5],[-100.3,1.9],[-100.1,3.1],[-99,0.1],[-99.1,-0.7],[-99,-1.2],[-99.2,-2.1],[-99.5,-3.1],[-100.5,-3.9],[-101.9,-3.1]]]]}},{"type":"Feature","properties":{},"geometry":{"type":"MultiPolygon","coordinates":[[[[-97.7,14.1],[-95.8,13.4],[-95.8,13.1],[-94.8,11.6],[-94.3,11.4],[-94.1,10.6],[-96.3,7.2],[-98.9,6.6],[-98.4,9.5],[-97.8,11.7],[-97.8,11.8],[-97.6,13.1],[-97.7,14.1]]]]}},{"type":"Feature","properties":{},"geometry":{"type":"MultiPolygon","coordinates":[[[[-100.1,3.1],[-99.8,4.2],[-99.5,5.8],[-98.5,5.6],[-96.3,5.5],[-94.7,6.2],[-93.8,6.3],[-93.9,5.6],[-95.1,3.3],[-96.3,-0.7],[-97.6,-2.6],[-97.8,-3],[-98.6,-4.1],[-99.6,-4.6],[-99.5,-3],[-99.2,-1.7],[-99,-1.1],[-99,-0.6],[-99.2,0.8],[-100.1,3.1]]]]}},{"type":"Feature","properties":{},"geometry":{"type":"MultiPolygon","coordinates":[[[[-100.6,7.3],[-97,6.7],[-93.8,7],[-93.1,6.7],[-92.8,6.5],[-93.5,6.3],[-94.6,6.2],[-95.3,5.8],[-97.3,5.4],[-99.3,5.7],[-100.3,6.6],[-100.6,7.3]]]]}},{"type":"Feature","properties":{},"geometry":{"type":"MultiPolygon","coordinates":[[[[124.9,-50.7],[126.6,-51.4],[128.6,-51],[133.6,-55.2],[127.8,-56],[123.7,-54.9],[123.1,-53],[124.4,-51.4],[124.9,-50.7]]]]}},{"type":"Feature","properties":{},"geometry":{"type":"MultiPolygon","coordinates":[[[[130.5,-51.6],[134.4,-51.8],[139.6,-51.2],[144.2,-51.5],[146.6,-51.6],[149.4,-51.5],[152.9,-51.2],[152.4,-52.2],[152,-52.9],[151.6,-53.5],[150.2,-54.5],[148.4,-54.8],[146.4,-54.5],[144.2,-53.6],[141.4,-52.1],[138.6,-53.1],[135.9,-54],[130.5,-51.6]]]]}},{"type":"Feature","properties":{},"geometry":{"type":"MultiPolygon","coordinates":[[[[82.4,-53.3],[90.7,-53.2],[85.4,-54.5],[83.6,-54.8],[82.3,-53.8],[82.4,-53.3]]]]}},{"type":"Feature","properties":{},"geometry":{"type":"MultiPolygon","coordinates":[[[[91.4,-52.9],[82.4,-53.3],[81.7,-52.6],[84.7,-51.4],[85.8,-50.8],[91.2,-52.6],[91.4,-52.9]]]]}},{"type":"Feature","properties":{},"geometry":{"type":"MultiPolygon","coordinates":[[[[80,-53.7],[82.3,-53.8],[83.6,-54.8],[85.4,-54.5],[90.7,-53.2],[94.4,-53.7],[93.8,-55.5],[92.2,-56.8],[83.9,-58.1],[80.1,-57],[80.4,-54],[80,-53.7]]]]}},{"type":"Feature","properties":{},"geometry":{"type":"MultiPolygon","coordinates":[[[[83.9,-58.1],[86.7,-60.8],[85.2,-63.8],[87,-66.8],[92.3,-70.8],[94.7,-73.3],[92.9,-76.2],[91.1,-74.8],[87.7,-69.8],[83.9,-65.8],[84.5,-60],[83.9,-58.1]]]]}},{"type":"Feature","properties":{},"geometry":{"type":"MultiPolygon","coordinates":[[[[47.3,-73.1],[33.2,-72.2],[31.1,-69.6],[37.1,-66.9],[43.2,-66.8],[46.9,-68.4],[49.6,-70.3],[53.4,-71.5],[52.4,-73.2],[47.3,-73.1]]]]}},{"type":"Feature","properties":{},"geometry":{"type":"MultiPolygon","coordinates":[[[[40.7,-72.7],[53.4,-73.3],[68.6,-72.7],[76.3,-73.5],[76.1,-74],[74.7,-74.4],[77.8,-74],[78.5,-74],[85.2,-74.6],[84.7,-76.7],[57.2,-77.6],[56.4,-76.9],[51.2,-76.3],[43.1,-75.8],[44.1,-75.6],[42.9,-75.3],[40.6,-74.6],[38.4,-74.7],[37.3,-74.2],[35.4,-73.8],[32,-73.1],[34.6,-72.4],[40.7,-72.7]]]]}},{"type":"Feature","properties":{},"geometry":{"type":"MultiPolygon","coordinates":[[[[20.7,-74.3],[22.2,-75.9],[23.9,-76.8],[27.6,-79],[27.7,-80.2],[23.2,-78.6],[22,-77.5],[20.9,-76.2],[19.7,-75.2],[19.6,-73.6],[20.7,-74.3]]]]}},{"type":"Feature","properties":{},"geometry":{"type":"MultiPolygon","coordinates":[[[[19.9,-65.6],[25.1,-69.2],[30.7,-72.5],[30.4,-73.1],[29.4,-73.1],[26.8,-73.5],[24.7,-73.5],[20.7,-73.7],[20.2,-74.4],[18.4,-75.2],[16.4,-74.8],[15.3,-75.8],[16.8,-76.7],[14.5,-76.4],[13.7,-76.7],[11.8,-76.4],[12.1,-76.8],[7.5,-76.3],[-1.5,-73.1],[-4.6,-69.4],[5.2,-67.2],[11,-64.8],[11.7,-64.5],[19.9,-65.6]]]]}},{"type":"Feature","properties":{},"geometry":{"type":"MultiPolygon","coordinates":[[[[128.7,-74.1],[135.6,-72.4],[135.9,-72],[136.3,-71.7],[141.9,-71],[148.4,-67.7],[151.2,-64],[154.8,-65.5],[157.2,-67.8],[149.3,-72.1],[145.3,-75.3],[139.1,-77.1],[133.6,-75.6],[128.7,-74.1]]]]}},{"type":"Feature","properties":{},"geometry":{"type":"MultiPolygon","coordinates":[[[[-178.7,-77.6],[-161.6,-76.1],[-143.1,-75.6],[-135.3,-72.5],[-137.4,-70.1],[-131.4,-71.3],[-125.7,-71.4],[-124,-67.4],[-122.7,-64.8],[-118.6,-65],[-116.8,-66.7],[-114.7,-69.1],[-113.4,-69.8],[-113.7,-69.8],[-114.4,-70.2],[-114.6,-71],[-115.2,-71.7],[-119.8,-72.4],[-119.1,-72.4],[-119.1,-72.7],[-120,-73.5],[-119.8,-73.5],[-120.8,-74.1],[-121.1,-75.1],[-120.5,-75.9],[-120.9,-75.9],[-120,-76],[-120.6,-77.1],[-122,-77.9],[-122.9,-78.4],[-124.2,-78.8],[-125.6,-78.8],[-126.8,-79.1],[-128.5,-79.4],[-127.5,-79.8],[-129.6,-80],[-137.8,-80.1],[-142.1,-80.3],[-146.2,-80.4],[-146.9,-80.5],[-148.4,-80.1],[-150.8,-79.1],[-153.8,-78.1],[-154.9,-77.7],[-155.5,-77.3],[-155.1,-78.8],[-156.9,-78.8],[-159.4,-78.6],[-161.9,-79],[-163.1,-79.2],[-163.8,-79.7],[-164,-79.6],[-166.4,-78.9],[-164.8,-79.8],[-164.3,-80.5],[-166.6,-80.5],[-173.3,-79.3],[-178.7,-77.6]]]]}},{"type":"Feature","properties":{},"geometry":{"type":"MultiPolygon","coordinates":[[[[-163.3,-81.2],[-164.5,-80.8],[-163.1,-81.2],[-163.3,-81.2]]]]}},{"type":"Feature","properties":{},"geometry":{"type":"MultiPolygon","coordinates":[[[[-155.3,-80.3],[-157.5,-80.9],[-161.3,-81],[-162.9,-80.5],[-162.8,-80.3],[-163.1,-80.3],[-163.6,-80],[-162.4,-79.9],[-161.9,-79.7],[-162.4,-79.4],[-160,-78.7],[-157.4,-79],[-155,-79],[-155.2,-79.2],[-154.1,-79.3],[-153,-79.3],[-152.7,-79.7],[-155.3,-80.3]]]]}},{"type":"Feature","properties":{},"geometry":{"type":"MultiPolygon","coordinates":[[[[-153.4,-78.8],[-155.4,-77.7],[-154,-78.1],[-153,-78.5],[-153.4,-78.8]]]]}},{"type":"Feature","properties":{},"geometry":{"type":"MultiPolygon","coordinates":[[[[167.2,-43.8],[163.8,-41.9],[163,-39.7],[164.2,-39.6],[164.2,-39.7],[166,-40],[166.5,-41.1],[166.7,-40.5],[166.7,-40.3],[166.4,-40],[166.6,-39.8],[164.9,-38.9],[164.5,-38],[164.2,-37.9],[171.1,-38.6],[171.9,-44.2],[167.2,-43.8]]]]}},{"type":"Feature","properties":{},"geometry":{"type":"MultiPolygon","coordinates":[[[[-149,2.8],[-150.6,3.1],[-152.3,3.5],[-153.1,3.3],[-153.5,3.2],[-153.8,3.6],[-154.3,4.5],[-153.4,5.2],[-153.3,6.5],[-153.6,7.8],[-153.5,8.3],[-152.3,8.6],[-150.9,8],[-149.9,7.3],[-149.4,6.7],[-148.7,5.9],[-148.4,5.3],[-147.7,4.2],[-148.1,3.7],[-148.9,3.1],[-149,2.8]]]]}},{"type":"Feature","properties":{},"geometry":{"type":"MultiPolygon","coordinates":[[[[-146.5,-6.4],[-147.6,-4.2],[-147.6,-3],[-147.3,-1.8],[-146.3,-3.8],[-146.4,-4.7],[-146.7,-4.9],[-146.5,-6.4]]]]}},{"type":"Feature","properties":{},"geometry":{"type":"MultiPolygon","coordinates":[[[[-125.9,-1.6],[-125.3,-2.3],[-125.2,-2.4],[-125.1,-2.6],[-124.8,-2.7],[-124.9,-2.5],[-123.3,-2.6],[-122.3,-3.2],[-121.7,-3.6],[-121.7,-3.8],[-121.9,-3.6],[-122,-3.6],[-122.4,-3.4],[-122.6,-3.4],[-122.7,-3.2],[-122.7,-3.3],[-122.8,-3.5],[-123.3,-3.2],[-123.1,-3.5],[-123.4,-3.6],[-123.7,-3.7],[-124,-3.8],[-124.6,-3.7],[-124.6,-3],[-125,-3.2],[-124.8,-3.6],[-125,-3.9],[-125.1,-4.2],[-125.9,-3.7],[-125.7,-3.3],[-125.8,-3.3],[-125.9,-3],[-125.9,-2.7],[-126.1,-2.4],[-126.1,-2.3],[-126.2,-2.2],[-126.2,-2],[-126.1,-1.9],[-125.9,-1.6]]]]}},{"type":"Feature","properties":{},"geometry":{"type":"MultiPolygon","coordinates":[[[[-126.6,-0.7],[-126.3,-1.5],[-126.4,-1.8],[-126.5,-1.3],[-126.7,-1.5],[-127,-1.4],[-126.7,-1.7],[-126.9,-2],[-127.1,-2],[-127,-2.3],[-127.1,-2.7],[-126.8,-2.9],[-126.6,-3.1],[-126.3,-3.7],[-126.4,-4.2],[-126.9,-4.3],[-127.1,-4.5],[-127.6,-4.1],[-127.6,-3.8],[-127.7,-3.7],[-127.7,-3.1],[-128,-3],[-128,-2.7],[-128.1,-2.4],[-127.8,-2.2],[-128.1,-1.8],[-128,-1.7],[-128,-1.6],[-127.7,-1.3],[-127.2,-1.3],[-126.6,-0.8],[-126.6,-0.7]]]]}},{"type":"Feature","properties":{},"geometry":{"type":"MultiPolygon","coordinates":[[[[-127.5,0.7],[-127.2,0.1],[-127.4,0.1],[-127.6,0.2],[-127.7,0.1],[-127.8,0.2],[-128.1,0.5],[-128.1,0.7],[-127.7,0.9],[-127.5,0.7]]]]}},{"type":"Feature","properties":{},"geometry":{"type":"MultiPolygon","coordinates":[[[[-127.3,-0.7],[-128.2,-0.7],[-128.1,-0.4],[-128,-0.2],[-127.6,-0.4],[-127.3,-0.5],[-127.3,-0.7]]]]}},{"type":"Feature","properties":{},"geometry":{"type":"MultiPolygon","coordinates":[[[[-148.7,10.9],[-147.7,11.6],[-147,11.6],[-145.9,10.6],[-145.7,10.3],[-144.8,9],[-147.1,10.6],[-148.7,10.9]]]]}},{"type":"Feature","properties":{},"geometry":{"type":"MultiPolygon","coordinates":[[[[-156,1.5],[-159.6,1.4],[-161.9,1.7],[-163.2,2.9],[-163.4,4.9],[-163.9,7.2],[-164.2,8.7],[-164.9,11.1],[-163.5,12.2],[-162.2,10.2],[-161.3,9],[-160.3,7],[-159.8,7.2],[-159.3,7.7],[-158.5,7.5],[-157.4,6.7],[-156.9,6.7],[-156.3,5.5],[-154.8,3.7],[-153.7,2.8],[-153.9,2.6],[-154.8,2],[-156,1.5]]]]}},{"type":"Feature","properties":{},"geometry":{"type":"MultiPolygon","coordinates":[[[[-153.2,-18.6],[-153.3,-18.2],[-154.2,-18],[-154.4,-17.8],[-155.2,-17.5],[-155.8,-17.7],[-156.6,-17.5],[-157,-17.1],[-156.8,-17.4],[-157.1,-17.2],[-158.3,-15.9],[-157.8,-17.3],[-159.7,-17],[-161.3,-16.6],[-165.7,-15.2],[-167.9,-14.5],[-170.9,-12.9],[-171.8,-11.1],[-169.8,-8.1],[-169.6,-5.7],[-171.4,-5.3],[-174,-4.9],[-173.7,-3.5],[-173.1,-2.7],[-173,-1.9],[-173.1,-0.9],[-173.5,-0.1],[-173.6,0.4],[-173.8,0.6],[-173.9,0.4],[-174.5,0.6],[-175,1],[-175.4,1.4],[-173.9,1.9],[-172.8,3.1],[-172.5,3.1],[-171.5,0.9],[-171.3,0.2],[-168.8,-1.8],[-168.4,-3.9],[-167.8,-6.7],[-166.5,-8],[-163.4,-10.3],[-161.1,-12.3],[-158.6,-13.9],[-157.9,-14.3],[-156.7,-14.3],[-157,-14.4],[-157.3,-14.7],[-157,-15.3],[-156.8,-15.5],[-156.6,-15.1],[-156.4,-14.9],[-156,-14.8],[-155.6,-15.2],[-155.7,-15.3],[-155.2,-15.3],[-154.4,-15.8],[-154.5,-16.1],[-154.3,-16.1],[-154.2,-16.3],[-153.2,-16.7],[-153.1,-17],[-153.1,-17.4],[-153.2,-17.9],[-152.8,-18.1],[-152.8,-18.5],[-153.2,-18.6]]]]}},{"type":"Feature","properties":{},"geometry":{"type":"MultiPolygon","coordinates":[[[[-157.6,-11.5],[-158.9,-12.2],[-161.1,-12.3],[-163.4,-10.3],[-166.5,-8],[-167.8,-6.7],[-168.4,-3.9],[-167.2,-2.7],[-165.3,-3.6],[-163.7,-4.4],[-163,-4.9],[-162.3,-5.8],[-160.8,-7],[-158.4,-9.8],[-158.1,-10.1],[-159.1,-10.1],[-160.8,-10.4],[-161,-11.3],[-159.6,-11.3],[-159.1,-11.1],[-158.1,-11.1],[-157.9,-11.4],[-157.7,-11.5],[-157.6,-11.5]]]]}},{"type":"Feature","properties":{},"geometry":{"type":"MultiPolygon","coordinates":[[[[-165.6,-3.4],[-169.6,-1.3],[-171.4,0.3],[-171.4,1.4],[-172.5,3.6],[-172.1,4.2],[-171.9,5.9],[-171.5,6.8],[-170.5,7.6],[-170,7.1],[-169.2,5.4],[-168.3,3.8],[-168.8,3],[-166.9,-0.9],[-165.5,-2.8],[-165.2,-3.5],[-165.6,-3.4]]]]}},{"type":"Feature","properties":{},"geometry":{"type":"MultiPolygon","coordinates":[[[[-134.3,-11.8],[-134.5,-12.5],[-134.7,-12.3],[-134.9,-12.1],[-134.9,-12.3],[-135.1,-12.4],[-135,-12.6],[-135,-12.7],[-135.1,-12.8],[-135.7,-12.8],[-137.2,-11.2],[-137.3,-10.9],[-136.9,-10.7],[-137.1,-10.6],[-137,-10.6],[-137.2,-10.6],[-137.4,-10.5],[-137.1,-10.5],[-137,-10.4],[-137.1,-10.2],[-137.2,-10.3],[-137.4,-10.3],[-137.5,-9.9],[-137.7,-9.6],[-137.8,-9.5],[-137.9,-9.2],[-137.8,-9.1],[-137.6,-8.8],[-137,-9],[-136.7,-8.9],[-136.7,-9.6],[-136.4,-9.9],[-136,-10.2],[-134.8,-10.4],[-134.3,-10.2],[-134.3,-11.8]]]]}},{"type":"Feature","properties":{},"geometry":{"type":"MultiPolygon","coordinates":[[[[-134.3,-9],[-135,-8.4],[-134.3,-8.6],[-134.3,-9]]]]}},{"type":"Feature","properties":{},"geometry":{"type":"MultiPolygon","coordinates":[[[[-134,-13.9],[-134.2,-14.1],[-134.3,-14.2],[-134.5,-14.3],[-134.6,-14.3],[-134.8,-14.4],[-134.7,-14.2],[-134.7,-14],[-134.7,-13.9],[-134.8,-13.8],[-134.7,-13.6],[-134.5,-13.6],[-134.6,-13.4],[-134.4,-13.2],[-134,-13.9]]]]}},{"type":"Feature","properties":{},"geometry":{"type":"MultiPolygon","coordinates":[[[[-133.8,-14.2],[-134,-14.3],[-133.9,-14.1],[-133.8,-14.2]]]]}},{"type":"Feature","properties":{},"geometry":{"type":"MultiPolygon","coordinates":[[[[-137.2,-14.9],[-137.1,-14.8],[-137.1,-14.6],[-136.9,-14.5],[-135.2,-12.8],[-135.4,-13],[-135.4,-13.1],[-135.3,-13.2],[-135.4,-13.4],[-135.7,-13.5],[-135.5,-13.5],[-135.5,-13.6],[-135.3,-13.6],[-135.4,-13.6],[-135.5,-13.9],[-135.5,-14],[-135.8,-13.9],[-135.9,-14.2],[-136,-14.3],[-136.1,-14.4],[-136.3,-14.8],[-136.4,-14.7],[-136.2,-14.2],[-136.5,-14.5],[-136.6,-14.7],[-136.7,-14.8],[-136.8,-15],[-137.2,-14.9]]]]}},{"type":"Feature","properties":{},"geometry":{"type":"MultiPolygon","coordinates":[[[[-135.3,-13.8],[-135.4,-13.9],[-135.6,-13.8],[-135.3,-13.8]]]]}},{"type":"Feature","properties":{},"geometry":{"type":"MultiPolygon","coordinates":[[[[-67.9,-41.5],[-67.4,-41.7],[-67,-41.9],[-66.9,-41.9],[-66.7,-42],[-66.4,-41.7],[-66.2,-42.1],[-65.9,-42.4],[-66,-42.8],[-65.6,-42.8],[-65.3,-42.9],[-65.8,-43.4],[-66.5,-43.4],[-67.3,-42.9],[-67.8,-42.3],[-68.1,-41.7],[-68,-41.3],[-67.9,-41.5]]]]}},{"type":"Feature","properties":{},"geometry":{"type":"MultiPolygon","coordinates":[[[[-64.4,-40.4],[-64.3,-41],[-64.8,-41],[-64.4,-40.4]]]]}},{"type":"Feature","properties":{},"geometry":{"type":"MultiPolygon","coordinates":[[[[-65.6,-41.2],[-65.4,-41.1],[-64.8,-41.2],[-64.8,-41.5],[-64.2,-41.7],[-63.9,-41.9],[-64.5,-42],[-64.6,-41.9],[-65.2,-42.1],[-65.6,-42.1],[-65.6,-41.7],[-65.5,-41.6],[-65.3,-41.7],[-65.1,-41.6],[-65.5,-41.5],[-65.6,-41.2]]]]}},{"type":"Feature","properties":{},"geometry":{"type":"MultiPolygon","coordinates":[[[[-65.3,-42.3],[-65,-42.8],[-65.6,-42.8],[-65.6,-42.6],[-65.3,-42.4],[-65.3,-42.3]]]]}},{"type":"Feature","properties":{},"geometry":{"type":"MultiPolygon","coordinates":[[[[-64,-42.2],[-64.4,-42.4],[-64.2,-42.1],[-64,-42.2]]]]}},{"type":"Feature","properties":{},"geometry":{"type":"MultiPolygon","coordinates":[[[[-63.5,-41.2],[-63,-41.1],[-63,-41.2],[-63.2,-41.4],[-63.3,-41.3],[-63.3,-41.2],[-63.4,-41.4],[-63.5,-41.2]]]]}},{"type":"Feature","properties":{},"geometry":{"type":"MultiPolygon","coordinates":[[[[129.3,-49.6],[131.9,-49.8],[133.4,-50],[138.6,-49.9],[142.4,-50.4],[145.6,-51.2],[148.6,-50.9],[150.7,-51],[150.4,-49.7],[149.7,-47.9],[150,-47.3],[152.5,-49.7],[153,-50.8],[151.9,-51.4],[148.6,-51.4],[146,-51.5],[143.2,-51.4],[138.6,-51.2],[132.9,-52],[130.2,-51.5],[129.3,-49.6]]]]}},{"type":"Feature","properties":{},"geometry":{"type":"MultiPolygon","coordinates":[[[[120.8,-45.9],[124.7,-46],[125,-45.5],[125.5,-45.8],[125.7,-46.6],[126.5,-47.3],[127.7,-48.8],[128.1,-49.2],[129.9,-51.2],[128.3,-50.9],[126.3,-49.8],[123.1,-48.9],[119.4,-47.2],[120.6,-46.2],[121.1,-45.8],[120.8,-45.9]]]]}},{"type":"Feature","properties":{},"geometry":{"type":"MultiPolygon","coordinates":[[[[52.8,-53.2],[55.1,-52.9],[55.8,-52.9],[57,-52.9],[62.1,-52],[62.7,-52.4],[64.7,-51.7],[65.4,-51.6],[66.7,-53.2],[64.3,-53.5],[61.1,-54.7],[52.4,-53.8],[52.8,-53.2]]]]}},{"type":"Feature","properties":{},"geometry":{"type":"MultiPolygon","coordinates":[[[[62.2,-49.3],[65.6,-48.7],[66.8,-48.7],[68.2,-50.3],[68.5,-51.1],[68.4,-50.9],[67.4,-50.8],[67.1,-50.8],[64.9,-51.3],[64.2,-51.4],[63.2,-50.7],[61.7,-51.1],[62.1,-49.7],[62.2,-49.3]]]]}},{"type":"Feature","properties":{},"geometry":{"type":"MultiPolygon","coordinates":[[[[40.6,-51.5],[40.5,-51.8],[39.6,-51.9],[40.6,-51.5]]]]}},{"type":"Feature","properties":{},"geometry":{"type":"MultiPolygon","coordinates":[[[[50.5,-52.9],[49.9,-52.8],[49.2,-52.6],[50.3,-52.9],[50.5,-52.9]]]]}},{"type":"Feature","properties":{},"geometry":{"type":"MultiPolygon","coordinates":[[[[50,-51.6],[49.7,-52.2],[49.6,-52],[49.9,-51.8],[50,-51.6]]]]}},{"type":"Feature","properties":{},"geometry":{"type":"MultiPolygon","coordinates":[[[[50.6,-52.9],[51.3,-53],[52.7,-53.2],[50.4,-55.7],[48.1,-58.8],[42.6,-62.3],[35.7,-63.6],[29.5,-66.8],[28.7,-70.7],[22.4,-67.1],[21.8,-65],[22.6,-64.9],[23.6,-64.9],[27.9,-64.2],[31.4,-63.8],[34.9,-63.6],[39.8,-62.3],[37.6,-61.1],[38,-59.7],[39.9,-58.6],[40.8,-58.8],[43.6,-57.8],[45.6,-56.3],[46.4,-56],[47.6,-54.3],[47.6,-54],[47.8,-53.9],[47.9,-53.5],[48.3,-53.1],[49,-52.9],[49.2,-52.8],[49,-52.7],[49.8,-52.8],[50.2,-52.9],[50.6,-52.9]]]]}},{"type":"Feature","properties":{},"geometry":{"type":"MultiPolygon","coordinates":[[[[44.1,-49],[44.7,-50.1],[44.5,-50.7],[43.7,-50.8],[44,-49.8],[44.1,-49]]]]}},{"type":"Feature","properties":{},"geometry":{"type":"MultiPolygon","coordinates":[[[[29.3,-56.3],[29.7,-56.6],[29.4,-56.6],[29.3,-56.3]]]]}},{"type":"Feature","properties":{},"geometry":{"type":"MultiPolygon","coordinates":[[[[64.1,-54.8],[65.5,-56],[65,-56.8],[66,-57.4],[67,-58.6],[63.5,-56.8],[54.8,-54.4],[57.3,-54.2],[64.1,-54.8]]]]}},{"type":"Feature","properties":{},"geometry":{"type":"MultiPolygon","coordinates":[[[[78.3,-47.3],[78.7,-46.8],[79.8,-46.2],[80.7,-45.6],[81,-45.8],[81.6,-46.4],[81.5,-45.8],[84.4,-46.6],[84.6,-47.1],[85.8,-48.3],[84.6,-48.6],[83.3,-48.6],[82.1,-48.7],[81.4,-49],[79.9,-48.9],[78.4,-48.8],[78.3,-47.3]]]]}},{"type":"Feature","properties":{},"geometry":{"type":"MultiPolygon","coordinates":[[[[78.3,-47.3],[76.6,-49.2],[76.2,-48.9],[76.7,-48.6],[76.9,-48.4],[78.3,-47.3]]]]}},{"type":"Feature","properties":{},"geometry":{"type":"MultiPolygon","coordinates":[[[[75.7,-48.8],[75.6,-48.7],[75.6,-49],[75.4,-48.9],[75.7,-48.8]]]]}},{"type":"Feature","properties":{},"geometry":{"type":"MultiPolygon","coordinates":[[[[7.5,-76.3],[9.4,-79],[12.8,-80.7],[13.2,-83.6],[23.6,-85.2],[8.3,-85.2],[-16.9,-86.5],[-27.5,-86.7],[-63.9,-87.5],[-82.1,-85.8],[-60.4,-85.5],[-51.9,-83.7],[-54.2,-80],[-68.2,-80],[-63.4,-78.3],[-60.1,-76.1],[-45.5,-76.3],[-24.2,-77.3],[-10.5,-76.2],[-6.7,-75.4],[-9.7,-74.4],[-25.7,-74.1],[-32.3,-72.6],[-22.5,-72.6],[-14.1,-72.6],[-5.5,-71.4],[3.8,-75.5],[7.5,-76.3]]]]}},{"type":"Feature","properties":{},"geometry":{"type":"MultiPolygon","coordinates":[[[[180,-83.3],[180,-90],[-180,-85],[-177.3,-83.4],[-162.6,-82.8],[-159.2,-82.3],[-151.8,-81.1],[-149.4,-82.3],[-126.8,-84.7],[-104.5,-82.3],[-96.8,-80],[-68.2,-80],[-54.2,-80],[-51.9,-83.7],[-60.4,-85.5],[-82.1,-85.8],[-63.9,-87.5],[-27.5,-86.7],[-16.9,-86.5],[8.3,-85.2],[35,-85.5],[50.6,-85.6],[77.1,-85.1],[109,-86.1],[143.2,-84.1],[143,-84.3],[139.8,-84.7],[138.1,-84.9],[138.1,-85.1],[136.5,-85.4],[135.1,-85.5],[127.4,-86],[134.4,-85.6],[135.6,-85.3],[139,-85.2],[140.7,-85.7],[140.4,-85.8],[144,-86.2],[141.3,-86.5],[143.6,-86.7],[143.3,-86.9],[144.5,-86.6],[149.9,-86.7],[148.2,-86.4],[145.6,-86.1],[144.8,-85.8],[142.3,-85.7],[140.8,-85.7],[141.5,-85.3],[141.1,-85.1],[141.2,-85],[141.4,-85],[143,-84.7],[143.3,-84.4],[145,-84.4],[147.4,-84.3],[149.4,-84.5],[151.8,-84.7],[147.3,-84],[152.9,-83.3],[168.8,-83],[180,-83.3]]]]}},{"type":"Feature","properties":{},"geometry":{"type":"MultiPolygon","coordinates":[[[[163.7,-38.4],[164,-37.2],[165.8,-35.6],[169.7,-36.7],[168,-38.9],[163.7,-38.4]]]]}},{"type":"Feature","properties":{},"geometry":{"type":"MultiPolygon","coordinates":[[[[-125.4,-65.7],[-132.7,-67.5],[-139.3,-69.7],[-147.5,-69.3],[-160.7,-70.5],[-172.7,-72.2],[-177.3,-70.4],[-173.1,-69.3],[-165.9,-67.9],[-157.1,-65.7],[-159.2,-67.6],[-156.9,-67.4],[-154.9,-66.9],[-154,-65.3],[-140.1,-63.3],[-132.7,-62.3],[-129.5,-62],[-126.6,-62.6],[-123,-63.5],[-124.6,-65.4],[-125.4,-65.7]]]]}},{"type":"Feature","properties":{},"geometry":{"type":"MultiPolygon","coordinates":[[[[115.9,-76.2],[130.6,-76.8],[144.7,-77.7],[135.5,-78.6],[118.9,-77.7],[113.7,-77.4],[114.1,-77.1],[114.9,-76.7],[115.9,-76.2]]]]}},{"type":"Feature","properties":{},"geometry":{"type":"MultiPolygon","coordinates":[[[[-168.3,10.5],[-170.2,11.4],[-169,12.8],[-168.4,13.2],[-168,12.2],[-168.2,10.7],[-168.3,10.5]]]]}},{"type":"Feature","properties":{},"geometry":{"type":"MultiPolygon","coordinates":[[[[-170.3,7.9],[-171,9.1],[-171.8,8.9],[-171.9,9.8],[-170.9,10.7],[-168.4,10.4],[-169.2,9.8],[-170,8.7],[-170.3,7.9]]]]}},{"type":"Feature","properties":{},"geometry":{"type":"MultiPolygon","coordinates":[[[[-148.9,7.1],[-149.3,8.6],[-145.8,9],[-143.8,7.8],[-142.8,6.1],[-142.4,5.4],[-142.7,5.5],[-144.2,6.7],[-146.1,7.5],[-148.7,7.2],[-148.9,7.1]]]]}},{"type":"Feature","properties":{},"geometry":{"type":"MultiPolygon","coordinates":[[[[-157.3,-10.2],[-158.4,-9.8],[-160.3,-7.7],[-161.9,-6.4],[-161.2,-6.3],[-160.1,-6.6],[-159.5,-6.4],[-157.8,-6.8],[-157.6,-7.4],[-157.3,-8.7],[-157.3,-9.9],[-157.3,-10.2]]]]}},{"type":"Feature","properties":{},"geometry":{"type":"MultiPolygon","coordinates":[[[[-164.4,-3.8],[-166.4,-1.3],[-168.1,1.2],[-168.7,3.6],[-168.5,4.5],[-169.5,6],[-170.3,7.9],[-170,8.7],[-169.2,9.8],[-168.4,10.4],[-164.7,10.4],[-164.2,8.4],[-163.5,7.5],[-163.3,4.3],[-162.6,2.3],[-162.2,1.6],[-161.2,0.1],[-161.2,-1.8],[-161.4,-2.7],[-161.6,-3.4],[-160.5,-4.8],[-160.5,-6.1],[-162.7,-4.5],[-163.5,-4],[-164.4,-3.8]]]]}},{"type":"Feature","properties":{},"geometry":{"type":"MultiPolygon","coordinates":[[[[-174.3,-43.5],[-169.1,-41.2],[-168.4,-45.2],[-173.1,-46.1],[-174.3,-43.5]]]]}},{"type":"Feature","properties":{},"geometry":{"type":"MultiPolygon","coordinates":[[[[-180,-36.4],[-176.5,-38],[-170.8,-42],[-174.9,-42],[-179.7,-36.7],[-180,-36.4]]]]}},{"type":"Feature","properties":{},"geometry":{"type":"MultiPolygon","coordinates":[[[[-133,-12.8],[-133.7,-11.8],[-133.9,-9.9],[-133.7,-9.6],[-133.5,-9.1],[-133.4,-9],[-133.2,-8.7],[-133.2,-8.6],[-133.3,-8.4],[-133.2,-8.2],[-132.8,-7.9],[-132.6,-7.9],[-132.7,-7.6],[-132.5,-7.5],[-132.7,-7.4],[-132.2,-6.9],[-132.1,-6.8],[-132,-6.8],[-132,-6.7],[-132.3,-6.6],[-132.8,-6.7],[-132.7,-6.5],[-132.8,-6],[-133,-5.9],[-133,-5.7],[-132.9,-5],[-133,-4.7],[-132.6,-4.3],[-132.8,-4.2],[-132.9,-4.2],[-132.9,-3.8],[-132.4,-3.3],[-132.3,-4],[-131.9,-4.5],[-132,-4.6],[-131.7,-4.7],[-131.4,-4.5],[-131.1,-4.2],[-131,-4.6],[-130.8,-4.6],[-130.6,-4.5],[-130.2,-4.2],[-130,-4.2],[-129.9,-4.2],[-129.7,-4.3],[-129.6,-4.6],[-129.3,-4.7],[-129.7,-5.5],[-130.3,-5.7],[-130.7,-5.7],[-130.7,-5.9],[-130.6,-6.1],[-130.5,-6],[-130.4,-6.2],[-130.4,-6.3],[-130.6,-6.5],[-130.4,-6.3],[-130.3,-6.6],[-130.2,-6.3],[-129.8,-6.8],[-129.8,-7.2],[-130.3,-7.1],[-130.3,-7.3],[-130.6,-7.5],[-130.7,-7.6],[-131,-7.7],[-130.4,-7.8],[-130.3,-8],[-130.6,-8],[-130.7,-8.1],[-130.6,-8.2],[-130.2,-8.3],[-130.7,-8.7],[-131.2,-8.7],[-130.7,-9],[-130.9,-9.2],[-131.3,-9],[-131.1,-9.2],[-130.6,-9.5],[-131,-9.5],[-130.6,-9.6],[-130.9,-10],[-131.4,-9.8],[-131.2,-9.8],[-131.5,-9.9],[-131.3,-10.1],[-131,-10.2],[-131.2,-10.7],[-131.7,-10.2],[-131.6,-10.6],[-131.8,-10.9],[-131.9,-10.4],[-132.1,-10.4],[-131.9,-10.6],[-132.1,-10.8],[-132.2,-10.7],[-132.4,-10.4],[-132.4,-10.8],[-132.5,-11.1],[-132.4,-11.2],[-132.3,-11.3],[-132.6,-11.2],[-132.5,-11.3],[-132.5,-11.4],[-132.7,-11.7],[-132.5,-11.8],[-132.8,-11.9],[-132.6,-12],[-132.5,-12.1],[-132.5,-12.2],[-132.4,-12.3],[-132.5,-12.4],[-132.5,-12.6],[-132.6,-12.7],[-132.7,-13],[-133,-12.8]]]]}},{"type":"Feature","properties":{},"geometry":{"type":"MultiPolygon","coordinates":[[[[-129.8,-4],[-131.2,-4.1],[-131.8,-4.6],[-131.9,-4.5],[-132.2,-4.1],[-132,-3.2],[-131.3,-3],[-130.7,-3],[-130.5,-3.1],[-130,-3.2],[-129.3,-4.1],[-129.8,-4]]]]}},{"type":"Feature","properties":{},"geometry":{"type":"MultiPolygon","coordinates":[[[[-129.1,-5.5],[-129.2,-6.5],[-129.4,-6.7],[-130,-6],[-129.6,-5.6],[-129.3,-5.3],[-129.1,-5.5]]]]}},{"type":"Feature","properties":{},"geometry":{"type":"MultiPolygon","coordinates":[[[[-134.3,-9],[-134.3,-8.6],[-133.8,-8.8],[-134.3,-9]]]]}},{"type":"Feature","properties":{},"geometry":{"type":"MultiPolygon","coordinates":[[[[-133.7,-9.1],[-133.8,-9.5],[-133.9,-9],[-133.7,-9.1]]]]}},{"type":"Feature","properties":{},"geometry":{"type":"MultiPolygon","coordinates":[[[[-133.6,-7.3],[-133.6,-7.1],[-133.2,-7.4],[-133.6,-7.3]]]]}},{"type":"Feature","properties":{},"geometry":{"type":"MultiPolygon","coordinates":[[[[-132.8,-6.8],[-133.1,-6.7],[-133,-6.6],[-133,-6.4],[-132.8,-6.8]]]]}},{"type":"Feature","properties":{},"geometry":{"type":"MultiPolygon","coordinates":[[[[-6.1,-70.8],[-17.5,-73.1],[-26.1,-72.7],[-24.6,-71],[-12.1,-69.5],[-6.1,-70.8]]]]}},{"type":"Feature","properties":{},"geometry":{"type":"MultiPolygon","coordinates":[[[[-133.6,-6.4],[-134.4,-5.3],[-134.2,-5.4],[-134.2,-5.1],[-134,-5.1],[-133.8,-5],[-133.5,-4.9],[-133.5,-5.5],[-133.4,-5.9],[-133.6,-6.1],[-133.6,-6.3],[-133.6,-6.4]]]]}},{"type":"Feature","properties":{},"geometry":{"type":"MultiPolygon","coordinates":[[[[-137,-14.5],[-137,-14.4],[-137.1,-14.4],[-136.9,-13.9],[-137.1,-14],[-137.1,-13.8],[-136.8,-13.4],[-136.9,-13.2],[-137,-14.5]]]]}},{"type":"Feature","properties":{},"geometry":{"type":"MultiPolygon","coordinates":[[[[-138.1,-14.8],[-137.6,-14.4],[-137.8,-14.6],[-137.7,-14.8],[-138,-14.9],[-138.1,-14.8]]]]}},{"type":"Feature","properties":{},"geometry":{"type":"MultiPolygon","coordinates":[[[[-138,-15.6],[-138.3,-15.5],[-138,-15.5],[-138,-15.6]]]]}},{"type":"Feature","properties":{},"geometry":{"type":"MultiPolygon","coordinates":[[[[106,-46.9],[106.4,-46.8],[106.6,-46.8],[107,-47.6],[105.7,-48.7],[100.2,-51.6],[96.9,-51.5],[96,-51.8],[92,-51.1],[92.2,-49.7],[92.2,-48.8],[91,-49.2],[90.2,-49.2],[89.4,-49.5],[90,-50.3],[90.9,-50.5],[87.8,-50.7],[86,-49.1],[84.8,-48.1],[84.5,-47.6],[88.6,-47.8],[96.9,-47.5],[106,-46.9]]]]}},{"type":"Feature","properties":{},"geometry":{"type":"MultiPolygon","coordinates":[[[[87.9,-50],[90.7,-50.4],[91.7,-51.3],[91.4,-52.7],[87.7,-51.1],[85,-51.1],[83.1,-52.2],[82.4,-53],[79.1,-52.6],[87.9,-50]]]]}},{"type":"Feature","properties":{},"geometry":{"type":"MultiPolygon","coordinates":[[[[68.1,-45.5],[71.3,-45.2],[73.3,-44.6],[75.7,-45.7],[77.5,-45.8],[79.1,-45.8],[76.8,-46.2],[76.3,-46.5],[76.3,-46.3],[74.1,-46.4],[73.7,-46.7],[71.2,-47.7],[70.5,-47.8],[69.6,-48],[68.7,-48.6],[67.6,-48.2],[66.6,-46.2],[68.1,-45.5]]]]}},{"type":"Feature","properties":{},"geometry":{"type":"MultiPolygon","coordinates":[[[[73.9,-47.3],[74.3,-46.9],[74.2,-47.1],[73.9,-47.3]]]]}},{"type":"Feature","properties":{},"geometry":{"type":"MultiPolygon","coordinates":[[[[110.4,-55.8],[111.2,-55.5],[112.2,-55.6],[110.4,-55.8]]]]}},{"type":"Feature","properties":{},"geometry":{"type":"MultiPolygon","coordinates":[[[[114,-49.2],[114.7,-51.1],[113.5,-54.1],[112.3,-54.6],[111.2,-55],[109.4,-54.7],[107.2,-54.3],[107.4,-54.1],[111.9,-54],[113.9,-52.1],[114.8,-50.2],[114,-49.3],[114,-49.2]]]]}},{"type":"Feature","properties":{},"geometry":{"type":"MultiPolygon","coordinates":[[[[66.4,-45.9],[66,-46.6],[66.3,-47.9],[69.5,-47.3],[71.5,-47.3],[69.8,-47.8],[66.5,-48.4],[64.9,-48.5],[63.4,-48.2],[63.6,-46.7],[64.4,-46.2],[65.6,-45.9],[66.4,-45.9]]]]}},{"type":"Feature","properties":{},"geometry":{"type":"MultiPolygon","coordinates":[[[[81.7,-41.5],[87.1,-41.4],[90.5,-40.8],[96.8,-44.4],[100,-45.4],[101.3,-45.8],[101.4,-45.9],[101.6,-46.1],[101.8,-46.1],[102,-46.2],[102.4,-46.3],[103.2,-46.5],[103.8,-46.6],[104.9,-46.6],[105.7,-46.7],[106,-46.9],[99.2,-47.4],[90.2,-48],[84.4,-47.3],[83.5,-46.1],[83.1,-45.2],[82.3,-43.8],[81.8,-42],[81.7,-41.5]]]]}},{"type":"Feature","properties":{},"geometry":{"type":"MultiPolygon","coordinates":[[[[83.9,-45.5],[84.3,-46.7],[84.4,-47.6],[83.4,-45.9],[83.9,-45.5]]]]}},{"type":"Feature","properties":{},"geometry":{"type":"MultiPolygon","coordinates":[[[[-133.8,-14.2],[-134.3,-13.3],[-134.1,-13.4],[-134.1,-13.3],[-133.9,-12.9],[-134.2,-12.7],[-134.1,-12.5],[-134,-12.3],[-134.1,-12.1],[-134.2,-12.2],[-134.3,-12.1],[-134.2,-11.8],[-133,-12.7],[-132.9,-12.9],[-132.7,-13.2],[-132.6,-13.2],[-133.2,-13.3],[-133,-13.4],[-132.8,-13.6],[-132.7,-13.7],[-132.6,-13.8],[-132.7,-13.9],[-132.9,-13.9],[-133.1,-14.1],[-133.2,-14.1],[-133.2,-13.9],[-133.5,-14],[-133.6,-14],[-133.7,-14.2],[-133.8,-14.2]]]]}},{"type":"Feature","properties":{},"geometry":{"type":"MultiPolygon","coordinates":[[[[140.3,-1.8],[140.3,-1.9],[140.4,-1.9],[140.5,-1.9],[140.5,-2],[140.6,-2],[140.7,-2],[140.6,-2.1],[140.7,-2.1],[140.8,-2.1],[140.8,-2.2],[140.7,-2.1],[140.7,-2.2],[140.6,-2.2],[140.5,-2.2],[140.8,-2.3],[140.9,-2.5],[140.8,-2.5],[140.8,-2.6],[140.9,-2.6],[141,-2.7],[141.1,-2.8],[141,-2.8],[141.1,-2.8],[141.1,-2.9],[141.1,-3],[140.9,-3],[140.8,-3.1],[140.8,-3.2],[140.7,-3.2],[140.8,-3.3],[140.7,-3.3],[140.6,-3.3],[140.7,-3.2],[140.6,-3.1],[140.6,-3.2],[140.5,-3.2],[140.4,-3.2],[140.4,-3.3],[140.5,-3.3],[140.5,-3.4],[140.4,-3.3],[140.3,-3.3],[140.2,-3.3],[140.1,-3.4],[140,-3.4],[140,-3.3],[139.9,-3.3],[139.9,-3.2],[139.8,-3.2],[139.7,-3.2],[139.7,-3.1],[139.6,-3.1],[139.5,-3.1],[139.5,-3],[139.4,-3],[139.4,-2.9],[139.3,-2.9],[139.2,-2.9],[139.2,-2.8],[139.1,-2.8],[139.1,-2.7],[139,-2.7],[139,-2.6],[138.9,-2.5],[138.9,-2.4],[138.9,-2.3],[138.9,-2.2],[139,-2.2],[139.1,-2.1],[139.2,-2.1],[139.2,-2],[139.3,-2],[139.4,-2],[139.4,-1.9],[139.5,-1.9],[139.7,-1.9],[139.8,-1.9],[140.1,-1.9],[140.3,-1.8]]]]}},{"type":"Feature","properties":{},"geometry":{"type":"MultiPolygon","coordinates":[[[[139,-1.6],[139.1,-1.6],[139.2,-1.6],[139.3,-1.6],[139.4,-1.6],[139.5,-1.7],[139.6,-1.7],[139.7,-1.7],[139.8,-1.7],[139.9,-1.7],[140,-1.7],[140,-1.8],[140.1,-1.8],[140.2,-1.8],[140.1,-1.9],[139.8,-1.9],[139.7,-1.9],[139.5,-1.9],[139.4,-1.9],[139.4,-2],[139.3,-2],[139.2,-2],[139.2,-2.1],[139.1,-2.1],[139,-2.2],[138.9,-2.2],[138.9,-2.3],[138.9,-2.4],[138.9,-2.5],[139,-2.6],[139,-2.7],[139.1,-2.7],[139.1,-2.8],[139.2,-2.8],[139.2,-2.9],[139.3,-2.9],[139.4,-2.9],[139.4,-3],[139.5,-3],[139.5,-3.1],[139.6,-3.1],[139.7,-3.1],[139.7,-3.2],[139.8,-3.2],[139.9,-3.2],[139.9,-3.3],[140,-3.3],[140,-3.4],[140.1,-3.4],[140,-3.4],[139.9,-3.4],[139.8,-3.4],[139.7,-3.3],[139.7,-3.4],[139.6,-3.3],[139.5,-3.3],[139.4,-3.2],[139.7,-3.2],[139.5,-3.1],[139.4,-3.1],[139.3,-3.1],[139.3,-3.2],[139.1,-3.1],[138.9,-3.1],[138.9,-3],[138.9,-2.9],[138.8,-2.9],[138.7,-2.8],[138.7,-2.7],[138.7,-2.6],[138.7,-2.5],[138.7,-2.4],[138.7,-2.3],[138.7,-2.2],[138.7,-2.1],[138.8,-1.9],[138.8,-1.8],[138.9,-1.8],[138.9,-1.7],[139,-1.6]]]]}},{"type":"Feature","properties":{},"geometry":{"type":"MultiPolygon","coordinates":[[[[96.1,-40.1],[96.9,-40.8],[96.3,-41.1],[94.8,-41.8],[93.6,-40.8],[94.4,-40.5],[96.1,-40.1]]]]}},{"type":"Feature","properties":{},"geometry":{"type":"MultiPolygon","coordinates":[[[[96.9,-40.9],[99.1,-41.3],[100.5,-40.7],[101.7,-40.4],[104.1,-41],[105,-40.5],[106.5,-40.5],[108,-40.4],[107.1,-41.8],[105.1,-42.5],[104.3,-43.3],[101.4,-44.2],[99.4,-42.8],[97.1,-42.2],[95.7,-41.4],[96.9,-40.9]]]]}},{"type":"Feature","properties":{},"geometry":{"type":"MultiPolygon","coordinates":[[[[137.8,-2.8],[137.9,-2.7],[138,-2.6],[138.1,-2.5],[138.2,-2.4],[138.2,-2.3],[138.4,-2.2],[138.7,-2.1],[138.7,-2.2],[138.7,-2.3],[138.7,-2.4],[138.7,-2.5],[138.7,-2.6],[138.7,-2.7],[138.7,-2.8],[138.8,-2.9],[138.9,-2.9],[138.9,-3],[138.9,-3.1],[138.8,-3.1],[138.6,-3.1],[138.4,-3.1],[138.3,-3.1],[138.2,-3],[138.1,-3],[138,-3],[137.9,-2.9],[137.8,-2.8]]]]}},{"type":"Feature","properties":{},"geometry":{"type":"MultiPolygon","coordinates":[[[[104,-31.7],[103.7,-32.4],[103.9,-33.2],[103.7,-33.3],[104.7,-34.5],[105.6,-34.8],[104.7,-35],[103,-33.3],[104,-31.7]]]]}},{"type":"Feature","properties":{},"geometry":{"type":"MultiPolygon","coordinates":[[[[101.3,-24.2],[102,-25],[102.4,-25.7],[100.6,-26.9],[101.3,-24.2]]]]}},{"type":"Feature","properties":{},"geometry":{"type":"MultiPolygon","coordinates":[[[[100.6,-26.9],[102,-28.9],[102.2,-29.4],[102.7,-31.8],[98.6,-32.1],[98.1,-31.1],[98.8,-28.5],[100.6,-26.9]]]]}},{"type":"Feature","properties":{},"geometry":{"type":"MultiPolygon","coordinates":[[[[97.9,-32.1],[100.7,-31.9],[103,-33.3],[104.7,-35],[106.8,-37],[105.8,-38.7],[104.1,-39.9],[102,-39.4],[101.1,-39.2],[100.3,-39.2],[99.5,-39.1],[99.4,-39],[98.9,-38.9],[98.2,-38.7],[98.1,-38.8],[97.9,-38.7],[97.6,-38.5],[97.2,-38.3],[96.9,-38.2],[96.4,-38],[96.2,-37.9],[95.7,-37.8],[95.4,-37.6],[95.3,-37.4],[95.3,-37.7],[95,-37.5],[94.7,-37.3],[94.1,-37.1],[93.5,-36.4],[93.3,-36.3],[93.2,-36.3],[93.1,-36.2],[93.6,-35.9],[96.6,-34.1],[97.9,-32.1]]]]}},{"type":"Feature","properties":{},"geometry":{"type":"MultiPolygon","coordinates":[[[[75.1,-3.6],[75.5,-3.3],[76.2,-4.1],[76.4,-4.5],[76.3,-4.4],[76.4,-4.1],[76.2,-3.6],[79,-6.2],[81.4,-10],[87.1,-12.9],[86.9,-13],[87.1,-13],[87.3,-13.1],[87.3,-13.2],[87.4,-13.5],[87.5,-13.6],[87.7,-13.8],[88.2,-15],[86.9,-17],[83.1,-15.4],[79.9,-12.7],[78.5,-8.5],[75.4,-4.9],[75.1,-3.6]]]]}},{"type":"Feature","properties":{},"geometry":{"type":"MultiPolygon","coordinates":[[[[76,-10.6],[76.7,-7.7],[77.3,-10.1],[77,-13.3],[76.7,-15.7],[78.2,-18.5],[81,-18.9],[83.2,-18.6],[86.9,-17],[86.2,-19.1],[83.3,-20.5],[79,-20.3],[78.6,-19.4],[76,-17.3],[75.7,-12.7],[76,-10.6]]]]}},{"type":"Feature","properties":{},"geometry":{"type":"MultiPolygon","coordinates":[[[[83.8,12.8],[81,13.8],[81.2,14.6],[82.3,16],[83.6,17.2],[86.6,18],[87.1,17.8],[87.2,17.4],[87.1,17.2],[87,17.2],[87,17.4],[86.7,17.4],[86.4,17.5],[86.2,17.4],[85.7,17.6],[85.7,17.3],[85.4,17.3],[85.1,17.3],[84.9,17.2],[84.7,17],[84.4,17],[83.7,16.7],[83.8,16.1],[84.2,15.7],[84.1,15.1],[84,14.1],[84.1,13.3],[83.9,13.1],[83.6,13.4],[83.4,13.6],[83.3,13.6],[83.8,12.8]]]]}},{"type":"Feature","properties":{},"geometry":{"type":"MultiPolygon","coordinates":[[[[93.1,18.2],[92.5,18.1],[92,17.8],[91.8,17.7],[91,17.3],[89.5,17.7],[89.9,17.9],[90.2,17.9],[90.4,18.5],[90.7,18.6],[90.4,18.7],[89.9,18.9],[89.9,19.3],[89.5,19.4],[89.2,19.5],[89,19.5],[88.4,19.6],[87.9,19.3],[87.6,19.3],[87.9,19.6],[89.1,19.7],[90.5,19.5],[91.8,19.7],[93,19.5],[93.1,18.2]]]]}},{"type":"Feature","properties":{},"geometry":{"type":"MultiPolygon","coordinates":[[[[91.4,13.3],[91,13.6],[90.9,13.6],[90.7,13.4],[90.6,13.7],[90.3,13.7],[90.1,13.7],[89.9,13.4],[89.7,13.6],[89.9,13.6],[89.5,13.5],[89.3,13.5],[89.2,13.7],[89.1,13.8],[89.2,13.9],[89.4,14.1],[89.1,14.1],[89.3,14.3],[89.4,14.5],[89.5,14.6],[89.6,14.7],[90,14.8],[90.1,15],[89.9,15.1],[90,15.6],[89.9,15.7],[89.9,15.8],[89.8,15.8],[89.9,15.8],[90,15.9],[90.1,15.8],[90.2,15.9],[90.3,15.8],[90.5,15.7],[90.4,15.9],[90.5,16.1],[90.6,16.6],[90.7,16.6],[90.5,16.7],[90.1,17],[90,17],[89.8,17],[89.7,17],[89.7,17.1],[89.6,17.1],[89.5,17.2],[89.7,17.3],[89.4,17.6],[89.6,17.6],[92.1,17.3],[92.3,16.3],[92,14.1],[91.8,13.6],[91.4,13.3]]]]}},{"type":"Feature","properties":{},"geometry":{"type":"MultiPolygon","coordinates":[[[[75.2,19.9],[76.8,18.6],[78.6,15.8],[79.4,15.3],[80.4,14.3],[79.7,13.9],[77.8,16.2],[75.9,19.1],[74,20.5],[73.1,21.1],[72.5,21.6],[74.6,20.3],[75.2,19.9]]]]}},{"type":"Feature","properties":{},"geometry":{"type":"MultiPolygon","coordinates":[[[[76.7,-7.7],[75.9,-6.7],[77.2,-6.5],[79.2,-10.7],[81.7,-14.3],[86.2,-16.1],[84.5,-17.7],[82.1,-19.2],[79.7,-18.9],[76.9,-17.2],[77.2,-14.5],[76.8,-11.8],[77.9,-8.4],[76.7,-7.7]]]]}},{"type":"Feature","properties":{},"geometry":{"type":"MultiPolygon","coordinates":[[[[91.4,13.3],[91.3,13.4],[91,13.5],[91.4,13.3]]]]}},{"type":"Feature","properties":{},"geometry":{"type":"MultiPolygon","coordinates":[[[[90.1,13.6],[90.2,13.6],[90,13.4],[90.1,13.6]]]]}},{"type":"Feature","properties":{},"geometry":{"type":"MultiPolygon","coordinates":[[[[88.7,12.5],[88.5,12.8],[88.9,12.4],[88.7,12.5]]]]}},{"type":"Feature","properties":{},"geometry":{"type":"MultiPolygon","coordinates":[[[[91,13.4],[90.8,13.1],[90.9,13.3],[91,13.4]]]]}},{"type":"Feature","properties":{},"geometry":{"type":"MultiPolygon","coordinates":[[[[90.4,13.6],[90.4,13.5],[90.3,13.4],[90.4,13.6]]]]}},{"type":"Feature","properties":{},"geometry":{"type":"MultiPolygon","coordinates":[[[[67.9,-16.2],[67.8,-17.4],[67.4,-18.4],[66.9,-19.3],[66.2,-20.2],[65.4,-20.9],[64.5,-21.5],[63.6,-22.1],[62.9,-22.6],[61.8,-23.2],[60.6,-23.6],[59.2,-24.5],[57.9,-25.4],[56.7,-26.5],[55.3,-27.7],[53.7,-28.9],[52.2,-29.8],[51,-30.3],[49.5,-30.3],[48.1,-30.6],[50.1,-29.2],[52.3,-28.5],[53.5,-26.6],[54.4,-25],[56.2,-23.6],[58.8,-22.7],[60.9,-21.7],[62.5,-20.3],[63.5,-18.9],[65.2,-17.7],[67.5,-16.5],[67.9,-16.2]]]]}},{"type":"Feature","properties":{},"geometry":{"type":"MultiPolygon","coordinates":[[[[96,20.5],[96,19.5],[95.9,19.7],[95.7,19.7],[95.7,19.6],[95.3,19.6],[95.3,19.7],[94.6,20.3],[93.8,20.9],[92.6,21.2],[91,21.8],[89.3,22.4],[88.1,22.7],[85.3,24.3],[82.5,25.5],[81.4,25.7],[80.4,26.4],[78.3,26.9],[78.3,28.1],[82.9,26.1],[88.1,24.6],[94,21.5],[96,20.5]]]]}},{"type":"Feature","properties":{},"geometry":{"type":"MultiPolygon","coordinates":[[[[-100.6,7.4],[-99.9,10.3],[-99.9,13.4],[-100.1,14.3],[-100.7,14.8],[-100.3,14.8],[-100.5,15],[-99.9,15],[-99.8,15.3],[-99,15.3],[-98.9,15.5],[-98.4,15.4],[-98.3,15.2],[-97.6,13.1],[-97.8,11.8],[-97.8,11.7],[-98.4,9.5],[-100.6,7.3],[-100.6,7.4]]]]}},{"type":"Feature","properties":{},"geometry":{"type":"MultiPolygon","coordinates":[[[[-101.9,15.1],[-101.5,15.1],[-101.3,15.1],[-100.8,15],[-100.3,14.7],[-100.2,14.3],[-99.8,12.2],[-100.4,8.4],[-101.7,8.1],[-103.1,9.9],[-102.8,10.6],[-102.6,11.5],[-102.9,11.5],[-102.6,12.3],[-102.2,12.6],[-102,13.1],[-101.8,13.4],[-101.7,14.1],[-101.9,15],[-101.9,15.1]]]]}},{"type":"Feature","properties":{},"geometry":{"type":"MultiPolygon","coordinates":[[[[-101.9,15.1],[-102,15.7],[-100.6,16.2],[-99.4,16.1],[-98.3,15.6],[-98,15.1],[-98.4,15.2],[-98.6,15.5],[-98.9,15.4],[-99.1,15.3],[-99.8,15.2],[-100.2,15],[-100.3,14.9],[-100.3,14.8],[-100.9,15.2],[-101.3,15],[-101.6,15.1],[-101.9,15.1]]]]}},{"type":"Feature","properties":{},"geometry":{"type":"MultiPolygon","coordinates":[[[[-93.4,6.4],[-92.4,6.6],[-90.5,6.6],[-89.7,6.7],[-88.2,7.1],[-86.8,8],[-86.3,8.2],[-86.9,7.3],[-88.7,5.1],[-91.6,2.4],[-93.1,-0.1],[-94.9,-2.3],[-97.5,-4.9],[-98.8,-4.8],[-98.3,-3.6],[-97.7,-2.8],[-97.2,-1.9],[-95.3,1.3],[-94.1,5.4],[-93.4,6.4]]]]}},{"type":"Feature","properties":{},"geometry":{"type":"MultiPolygon","coordinates":[[[[-100.5,2.4],[-99.8,0.9],[-100.2,-0.9],[-101.5,-2.5],[-102.1,-2.2],[-103.2,-0.8],[-103.1,0.3],[-101.4,1.3],[-100.5,2.4]]]]}},{"type":"Feature","properties":{},"geometry":{"type":"MultiPolygon","coordinates":[[[[-102.4,7.7],[-104,8.8],[-104.2,8.9],[-104.6,9.2],[-104.4,9.9],[-104.3,10.1],[-103.5,11.6],[-103.1,12.4],[-102.7,13.2],[-103,13.3],[-102.5,14.9],[-101.9,15.1],[-101.8,14.8],[-101.8,13.6],[-101.9,13.1],[-102.1,12.6],[-102.5,12.4],[-102.7,11.8],[-102.8,11.4],[-102.8,10.8],[-102.9,10.3],[-102.4,8.7],[-100.6,7.3],[-100.3,6.6],[-99.5,5.6],[-100.8,6.8],[-102.4,7.7]]]]}},{"type":"Feature","properties":{},"geometry":{"type":"MultiPolygon","coordinates":[[[[-120.3,-8.7],[-120.2,-9],[-120.1,-9.3],[-120.8,-9],[-121,-9.1],[-120.8,-9.2],[-119.9,-9.4],[-119.9,-9.8],[-120,-10.2],[-121.1,-9.9],[-121.3,-10.2],[-120.8,-10.2],[-120.8,-10.9],[-119.9,-10.5],[-120.2,-11.3],[-119.8,-11.3],[-119.3,-11.2],[-119.3,-11],[-118.6,-11.2],[-119.1,-12],[-119.6,-11.9],[-120.1,-12.1],[-119.5,-12.2],[-120,-12.4],[-120.3,-12.7],[-120.1,-12.6],[-119.9,-13],[-120.3,-13.3],[-120.2,-13.4],[-120.6,-13.7],[-120.7,-13.8],[-121,-14.3],[-121.1,-14.8],[-120.6,-15],[-121,-14.7],[-121,-15],[-120.9,-15.1],[-120.6,-15.3],[-121.3,-15.5],[-121.3,-15.6],[-121.7,-15.6],[-121.6,-15.8],[-121.7,-15.8],[-121.5,-16.1],[-121.4,-16.2],[-121.5,-16.5],[-121.4,-16.5],[-121.5,-17.3],[-122,-16.6],[-121.8,-17.2],[-122.2,-17],[-121.9,-17.6],[-121.6,-17.8],[-122,-18.1],[-122.3,-17.8],[-122.6,-18],[-122.6,-18.5],[-122.1,-18.5],[-122.6,-18.8],[-123.1,-18.3],[-123.2,-18.2],[-123.6,-17.9],[-123.7,-18.4],[-124.2,-18.1],[-124.3,-18.4],[-123.8,-18.9],[-124.5,-18.7],[-124.2,-18.9],[-123.9,-19],[-124.4,-19.2],[-123.9,-19.4],[-123.5,-20.1],[-123.4,-20.3],[-123.5,-20.6],[-123.5,-20.8],[-123.5,-20.9],[-123.6,-21],[-123.6,-21.2],[-123.6,-21.4],[-123.8,-21.5],[-124.3,-21.4],[-124.3,-20.4],[-124.8,-19.9],[-125.2,-19.3],[-125,-19.7],[-125,-19.8],[-124.6,-20.3],[-125.2,-20.5],[-125.7,-20.2],[-126.2,-20.5],[-125.3,-20.9],[-125.9,-21.1],[-126,-21],[-125.5,-21.1],[-124.9,-21.2],[-124,-21.8],[-124.4,-21.9],[-124.4,-22.1],[-124.7,-22],[-124.9,-22.1],[-125.2,-22.1],[-125.4,-22.3],[-125.6,-22.3],[-125.7,-22.4],[-126,-22.5],[-126.4,-22.5],[-126.6,-22.5],[-126.8,-22.4],[-127.2,-22.4],[-127.5,-22.2],[-127.8,-22.4],[-128,-22.3],[-128.1,-22.2],[-128.3,-22],[-128.4,-21.6],[-128.4,-22.1],[-128.7,-22.2],[-129.1,-22.3],[-129.4,-22.5],[-129.7,-22.6],[-129.8,-22.8],[-130.1,-22.9],[-130.4,-23],[-130.6,-22.9],[-130.7,-22.9],[-130.8,-23],[-131.1,-23.1],[-131.2,-22.9],[-131.5,-22.9],[-131.5,-22.8],[-131.6,-22.8],[-131.6,-22.6],[-131.4,-22.4],[-131.6,-22.4],[-131.8,-22.6],[-131.9,-22.5],[-132,-22.8],[-132.1,-22.6],[-132.3,-22.6],[-132.4,-22.5],[-132.4,-22.4],[-132.7,-22.4],[-132.8,-22.7],[-133,-22.7],[-133.3,-22.5],[-133.5,-22.5],[-133.8,-23.1],[-134.2,-22.9],[-134.1,-23.4],[-134.4,-23.5],[-134.5,-23.7],[-134.6,-23.5],[-134.7,-23.6],[-134.8,-23.4],[-134.9,-23.6],[-135.1,-23.5],[-135.2,-23.5],[-135.1,-23.8],[-135.4,-23.8],[-135.6,-23.6],[-135.7,-23.8],[-135.8,-23.7],[-135.8,-24],[-135.8,-24.1],[-135.9,-24.1],[-136.3,-24.3],[-136.2,-24.5],[-136.5,-24.3],[-136.5,-24.5],[-136.6,-24.6],[-136.8,-24.7],[-137.3,-24.5],[-137.1,-24.9],[-137.4,-24.7],[-137.4,-25.1],[-137.4,-25.2],[-137.6,-25.1],[-137.8,-24.9],[-138,-24.7],[-137.7,-25.1],[-137.8,-25.3],[-138.1,-25.2],[-138.1,-24.9],[-138.4,-24.9],[-138.6,-24.9],[-138.7,-24.7],[-138.3,-24.8],[-138.7,-24.6],[-138.5,-24.3],[-138.4,-24.1],[-138.3,-24.1],[-138.3,-24],[-138,-24],[-138.4,-23.9],[-138.5,-23.8],[-138,-23.9],[-138.3,-23.7],[-138.1,-23.6],[-138.3,-23.6],[-138.4,-23.6],[-138.5,-23.6],[-138.6,-23.6],[-138.7,-23.3],[-138.8,-23.4],[-138.8,-23.2],[-138.8,-22.9],[-138.7,-22.8],[-139,-22.7],[-138.8,-22.7],[-138.8,-22.5],[-138.9,-22.4],[-138.6,-22.5],[-138.9,-22.2],[-138.8,-22.2],[-138.7,-22],[-138.8,-22],[-138.4,-22],[-138.5,-22],[-138.7,-21.8],[-138.5,-21.8],[-138.4,-21.7],[-138.3,-21.6],[-138.3,-21.2],[-138.2,-21.1],[-138,-21],[-138.1,-20.8],[-138,-20.6],[-138,-20.5],[-137.9,-20.5],[-138,-20.4],[-137.8,-20.3],[-137.5,-20.4],[-137.8,-20.2],[-137.8,-20],[-137.4,-20.1],[-137.5,-19.9],[-137,-20.2],[-137.5,-19.9],[-137.2,-19.9],[-137,-20],[-136.8,-20],[-136.8,-19.8],[-136.7,-19.8],[-136.8,-20],[-136.6,-20],[-136.7,-19.7],[-136.4,-19.3],[-136.8,-19.5],[-136.9,-19.3],[-136.7,-19.3],[-137,-19.2],[-137,-19.1],[-136.7,-19],[-136.6,-18.9],[-136.7,-18.8],[-136.1,-18.8],[-136.2,-18.7],[-136.6,-18.6],[-136.6,-18.5],[-136.5,-18.4],[-136.2,-18.3],[-136,-18.6],[-136.2,-18.5],[-136.4,-18.1],[-136.4,-18],[-135.5,-18.1],[-134.9,-18.5],[-135.5,-18.1],[-136.3,-17.9],[-136,-18],[-135.7,-17.9],[-135.7,-17.7],[-135.4,-17.9],[-135.3,-17.8],[-135.5,-17.5],[-135.6,-17.2],[-134.9,-17.6],[-135.3,-17.1],[-134.9,-17.1],[-134.8,-17.2],[-134.4,-17.9],[-134.3,-17.7],[-134.1,-17.8],[-134.1,-17.5],[-134.6,-17.3],[-135.2,-17.1],[-134.8,-16.9],[-134.8,-17],[-134.6,-17],[-134.4,-17.3],[-134.6,-16.7],[-134.3,-17],[-134,-17.8],[-134,-17.4],[-133.6,-17.3],[-134.3,-17],[-134.4,-16.6],[-134.1,-16.7],[-133.8,-16.9],[-133.5,-17.1],[-133.5,-17.2],[-133.6,-17],[-133.1,-16.9],[-133.1,-17],[-133.1,-17.2],[-133.1,-16.9],[-133,-16.9],[-133.1,-16.8],[-132.8,-16.7],[-132.7,-16.7],[-132.5,-16.4],[-132.5,-16.2],[-132.6,-16.1],[-132.7,-14.9],[-132.1,-16.2],[-132.1,-15.8],[-132,-16],[-131.9,-15.8],[-131.8,-15.9],[-131.8,-15.4],[-131.6,-15.5],[-131.9,-15.1],[-131.7,-15],[-131.2,-15],[-131.6,-14.6],[-131.2,-14.1],[-131.8,-14.5],[-131.9,-14.6],[-132.2,-14.3],[-131.9,-14],[-131.4,-14],[-131.7,-13.9],[-131.3,-13.9],[-131.4,-13.7],[-131.2,-13.8],[-131,-13.7],[-130.9,-13.6],[-130.9,-13.4],[-130.7,-13.2],[-130.4,-12.8],[-130.1,-12.6],[-130,-12.4],[-130,-12.3],[-129.8,-12.3],[-129.8,-12],[-129.6,-11.8],[-129.4,-11.3],[-129.1,-11.2],[-129.1,-10.9],[-129.1,-10.5],[-129.1,-10],[-129.2,-9.8],[-129.3,-9.6],[-129.6,-9.4],[-129.5,-9.3],[-129.7,-9],[-129.9,-8.8],[-129.5,-8.7],[-129.4,-8.2],[-129.4,-8],[-129.2,-7.9],[-128.7,-8.8],[-128.7,-8.5],[-128.4,-8.6],[-128.5,-8.1],[-128.5,-7.9],[-128.6,-7.6],[-128.4,-7.1],[-127.8,-7.2],[-127.5,-7.5],[-127.3,-7.5],[-127.1,-7.8],[-126.5,-8],[-125.9,-7.9],[-126.1,-7.6],[-125.6,-7.3],[-125.2,-7.3],[-124.9,-7.4],[-124.7,-7.5],[-124.1,-7.5],[-123.6,-7.6],[-123.4,-7.7],[-123.6,-8.3],[-123.3,-8.4],[-122.9,-8],[-122.8,-8.9],[-122.3,-9],[-121.9,-8.6],[-121.8,-8.9],[-122.1,-8.3],[-121.9,-8.1],[-121.8,-8.1],[-121.7,-8.4],[-121.6,-8.9],[-121.1,-8.7],[-121,-8.3],[-120.8,-8.5],[-120.7,-8.6],[-120.3,-8.7]]]]}},{"type":"Feature","properties":{},"geometry":{"type":"MultiPolygon","coordinates":[[[[-132.9,-15.9],[-133.1,-16.3],[-133.5,-16],[-133.5,-15.8],[-133.6,-15.5],[-133.4,-15.3],[-132.9,-15.2],[-132.9,-15.9]]]]}},{"type":"Feature","properties":{},"geometry":{"type":"MultiPolygon","coordinates":[[[[-124.8,-20.9],[-125.8,-20.8],[-125.3,-20.5],[-124.8,-20.7],[-124.8,-20.9]]]]}},{"type":"Feature","properties":{},"geometry":{"type":"MultiPolygon","coordinates":[[[[-123.3,-19.2],[-123.2,-19.6],[-123.2,-19.9],[-123.5,-19.6],[-123.7,-19],[-123.3,-19.2]]]]}},{"type":"Feature","properties":{},"geometry":{"type":"MultiPolygon","coordinates":[[[[-123.5,-18.5],[-123.2,-18.9],[-123.7,-18.4],[-123.5,-18.5]]]]}},{"type":"Feature","properties":{},"geometry":{"type":"MultiPolygon","coordinates":[[[[-122.9,-19.2],[-123.2,-19.2],[-123.6,-18.9],[-122.9,-19.2]]]]}},{"type":"Feature","properties":{},"geometry":{"type":"MultiPolygon","coordinates":[[[[-121,-17.3],[-120.9,-17.4],[-121.4,-17.5],[-121.2,-17.3],[-121,-17.3]]]]}},{"type":"Feature","properties":{},"geometry":{"type":"MultiPolygon","coordinates":[[[[-131.7,-22.7],[-131.7,-22.9],[-131.9,-22.9],[-131.7,-22.7]]]]}},{"type":"Feature","properties":{},"geometry":{"type":"MultiPolygon","coordinates":[[[[-132.6,-16.3],[-132.8,-16.6],[-132.7,-16.3],[-132.6,-16.3]]]]}},{"type":"Feature","properties":{},"geometry":{"type":"MultiPolygon","coordinates":[[[[-138.2,-25],[-138,-25.4],[-138.2,-25.4],[-138.2,-25.2],[-138.2,-25]]]]}},{"type":"Feature","properties":{},"geometry":{"type":"MultiPolygon","coordinates":[[[[-133.5,-22.9],[-133.5,-23.1],[-133.5,-22.6],[-133.4,-22.9],[-133.5,-22.9]]]]}},{"type":"Feature","properties":{},"geometry":{"type":"MultiPolygon","coordinates":[[[[-135.4,-23.9],[-135.5,-23.9],[-135.5,-23.8],[-135.4,-23.9]]]]}},{"type":"Feature","properties":{},"geometry":{"type":"MultiPolygon","coordinates":[[[[-138.7,-23.5],[-138.7,-23.6],[-138.8,-23.5],[-138.7,-23.5]]]]}},{"type":"Feature","properties":{},"geometry":{"type":"MultiPolygon","coordinates":[[[[149.2,-46.5],[148,-44.5],[148.2,-44.1],[148.1,-42.5],[147.1,-41.3],[148.9,-41.9],[149.3,-43.4],[150.4,-45],[151.6,-45.2],[151.3,-44.3],[152,-43.8],[151.2,-42.4],[152.6,-43.3],[152.2,-43.5],[152.6,-44],[153.8,-45.2],[153.4,-46],[152.7,-46.8],[152.8,-48],[153.8,-49.2],[153.7,-49.5],[153.4,-50.3],[153.2,-50.6],[151.4,-48.6],[149.2,-46.5]]]]}},{"type":"Feature","properties":{},"geometry":{"type":"MultiPolygon","coordinates":[[[[114.8,-53],[116.3,-50.1],[118.3,-50.3],[122.3,-50.7],[124.4,-50.6],[124.4,-51.4],[123.1,-53],[123.7,-54.9],[123.5,-55.4],[120.1,-54.7],[116.8,-54.1],[115.6,-54.3],[115.4,-53.7],[116.3,-52.5],[116.8,-52.3],[116.7,-51.7],[116,-52.2],[114.8,-53]]]]}},{"type":"Feature","properties":{},"geometry":{"type":"MultiPolygon","coordinates":[[[[146.4,-54.5],[149.9,-54.9],[150.4,-56.1],[150.6,-58.2],[148.5,-58.6],[148.4,-55.6],[146.4,-54.5]]]]}},{"type":"Feature","properties":{},"geometry":{"type":"MultiPolygon","coordinates":[[[[127.9,-42.5],[128.3,-42.3],[128.4,-42.1],[128.5,-42],[128.9,-41.6],[129.1,-41.2],[129.7,-40.6],[130.6,-40.1],[131.2,-39.9],[131.2,-39.7],[134.4,-40.3],[135.4,-40.3],[135.7,-40.1],[138.2,-38.7],[138.6,-38.9],[137.6,-39.8],[134.5,-42.4],[133.1,-43.7],[130.8,-43.6],[129.1,-43.5],[127.6,-43.5],[126.8,-43.7],[126.1,-44],[125.6,-44.3],[124.9,-44.9],[124.4,-45.6],[123.8,-43.9],[127.8,-43],[127.9,-42.5]]]]}},{"type":"Feature","properties":{},"geometry":{"type":"MultiPolygon","coordinates":[[[[148.1,-42.5],[148.2,-44.1],[148,-44.5],[147.5,-45],[146.7,-46.1],[145.7,-46.8],[145.6,-46],[147.3,-44.1],[148.1,-43.9],[148.1,-42.5]]]]}},{"type":"Feature","properties":{},"geometry":{"type":"MultiPolygon","coordinates":[[[[127.7,-48.8],[128.1,-48.1],[129.9,-48.2],[131.8,-48.7],[133.9,-48.7],[136.4,-48.3],[137.2,-48.4],[138.8,-48.7],[139.8,-48.9],[140.8,-49.1],[139.8,-49.3],[137.3,-49.6],[133.4,-50],[131.9,-49.8],[129.3,-49.6],[128,-49.1],[127.7,-48.8]]]]}},{"type":"Feature","properties":{},"geometry":{"type":"MultiPolygon","coordinates":[[[[138.8,-38.9],[139.1,-38.8],[143.3,-38.1],[145.9,-39.8],[147.1,-41.3],[146.2,-40.7],[144.4,-40.4],[141.5,-40.4],[140.3,-40],[138.8,-38.9]]]]}},{"type":"Feature","properties":{},"geometry":{"type":"MultiPolygon","coordinates":[[[[129.7,-43.5],[132.7,-43.6],[133.5,-43.9],[135.3,-44.5],[136.8,-45.1],[137.7,-45.7],[139.7,-46.7],[140.8,-47.9],[140.4,-48.7],[139.1,-48.7],[137.5,-48.6],[136.6,-47.8],[136.1,-46.4],[134.5,-45.8],[133,-45.5],[131.3,-44.9],[129.6,-44.2],[129.7,-43.5]]]]}},{"type":"Feature","properties":{},"geometry":{"type":"MultiPolygon","coordinates":[[[[140.8,-48.8],[140.7,-47.7],[139.2,-46.5],[137.6,-45.5],[136.5,-45],[135,-44.4],[133.3,-43.7],[135.2,-41.5],[137.9,-39.4],[138.8,-38.9],[140.9,-40.3],[143.4,-40.4],[145.5,-40.6],[146.6,-41],[147.5,-41.8],[148,-43.6],[147.6,-44],[145.8,-45.3],[143.7,-48.3],[142.4,-49.1],[140.8,-48.8]]]]}},{"type":"Feature","properties":{},"geometry":{"type":"MultiPolygon","coordinates":[[[[141.7,-49.7],[143.3,-48.6],[144.6,-47.6],[146.3,-46.3],[147.2,-45.3],[147.9,-44.6],[148.6,-45.7],[149.8,-48.3],[150.6,-50.1],[150.6,-51.1],[147.7,-51],[144.5,-50.9],[140.6,-50.1],[137.5,-49.9],[138.1,-49.5],[140.3,-49.3],[141.7,-49.7]]]]}},{"type":"Feature","properties":{},"geometry":{"type":"MultiPolygon","coordinates":[[[[141.4,-49.5],[143.3,-48.6],[141.7,-49.7],[141.4,-49.5]]]]}},{"type":"Feature","properties":{},"geometry":{"type":"MultiPolygon","coordinates":[[[[129.7,-43.5],[128,-44.5],[126.4,-46.6],[126.8,-47.6],[126,-46.9],[125.3,-45.9],[125.2,-45.5],[124.9,-46],[124.4,-45.6],[124.9,-44.9],[125.6,-44.3],[126.1,-44],[126.8,-43.7],[127.6,-43.5],[129.1,-43.5],[129.7,-43.5]]]]}},{"type":"Feature","properties":{},"geometry":{"type":"MultiPolygon","coordinates":[[[[133.6,-55.2],[138.1,-53.9],[139.1,-52.1],[143.2,-52.7],[145.3,-54.3],[146.6,-54.6],[149,-56.6],[148.8,-60.6],[147.1,-61.6],[144.8,-62.2],[142.7,-62.4],[140.7,-63.6],[140.3,-64.4],[139.1,-65.4],[138.1,-65.6],[136.3,-68.1],[135.8,-67.9],[135.8,-68.1],[135,-68.7],[130.3,-67.9],[130.9,-66.2],[133.4,-62.5],[133,-59.3],[133,-56],[133.6,-55.2]]]]}},{"type":"Feature","properties":{},"geometry":{"type":"MultiPolygon","coordinates":[[[[115,-47.2],[114.8,-48.6],[114,-49.2],[112.7,-48.2],[112.4,-47.5],[115,-47.2]]]]}},{"type":"Feature","properties":{},"geometry":{"type":"MultiPolygon","coordinates":[[[[115,-47.2],[117.3,-46.7],[118.6,-47],[117.5,-47.2],[116.6,-47.9],[115.4,-49.2],[114.6,-49.1],[115.3,-47.6],[115,-47.2]]]]}},{"type":"Feature","properties":{},"geometry":{"type":"MultiPolygon","coordinates":[[[[117.4,-47.9],[118.9,-47.6],[120.4,-47.7],[123.8,-49.1],[127.2,-50.2],[126.6,-51.4],[124.9,-50.7],[123.4,-50.6],[120.3,-50.6],[117,-49.4],[116.7,-48.7],[117.4,-47.9]]]]}},{"type":"Feature","properties":{},"geometry":{"type":"MultiPolygon","coordinates":[[[[92,-51.1],[90.9,-50.5],[90,-50.3],[89.4,-49.5],[90.2,-49.2],[91,-49.2],[92.2,-48.8],[92.2,-49.7],[92,-51.1]]]]}},{"type":"Feature","properties":{},"geometry":{"type":"MultiPolygon","coordinates":[[[[103.6,-56.7],[110,-55.9],[109.2,-56.5],[112.9,-55.2],[114.4,-54.7],[115.6,-54.3],[116.8,-54.1],[120.1,-54.7],[123.5,-55.4],[127.8,-56],[124,-56.3],[119.4,-56.8],[113.5,-58.2],[111.2,-58.9],[110,-58.9],[106.9,-60],[105.9,-59.4],[105.8,-58.7],[103.8,-58.4],[103.6,-58.3],[103.5,-57.5],[104.1,-57.5],[104.1,-57.1],[103.8,-56.8],[103.6,-56.7]]]]}},{"type":"Feature","properties":{},"geometry":{"type":"MultiPolygon","coordinates":[[[[105.1,-69.2],[103.5,-67.9],[103.1,-66.5],[101.9,-64.9],[102.9,-63.1],[105.6,-61.8],[108.4,-59.4],[110.8,-58.9],[113.3,-58.4],[116.4,-57.3],[121.7,-56.3],[126.2,-56.2],[130.9,-55.9],[132.8,-56.6],[133.1,-59.8],[133.5,-63.9],[129,-66.3],[132.8,-69.1],[134.4,-70.8],[134.5,-71.8],[134.8,-72.5],[134.8,-72.6],[134.3,-73.2],[133.4,-74],[132.9,-74.5],[132.6,-74.3],[131.9,-74.2],[128.8,-74.6],[128.4,-74.4],[128,-74.3],[127.9,-74.6],[127.9,-74.9],[127.3,-74.7],[125.6,-74.9],[126.1,-75.3],[120.6,-75.7],[117.8,-75.9],[115.9,-76.4],[115.9,-76.5],[111.8,-76.2],[114.8,-74.9],[113.1,-72.6],[113.4,-72.2],[111.8,-71.6],[109.2,-71.2],[108.6,-71],[106.6,-70.7],[107.9,-70.3],[105.1,-69.2]]]]}},{"type":"Feature","properties":{},"geometry":{"type":"MultiPolygon","coordinates":[[[[97,-64.9],[103,-67.5],[105.4,-68.6],[104.9,-71.2],[107.1,-71.2],[107.8,-71.6],[109.5,-72.5],[109.8,-73.7],[110.7,-74.7],[111,-75.4],[111.8,-76.2],[107.2,-76.2],[98.7,-73.8],[95.3,-69.1],[97,-64.9]]]]}},{"type":"Feature","properties":{},"geometry":{"type":"MultiPolygon","coordinates":[[[[100.2,-50.8],[102.4,-52],[101.6,-51.8],[101.8,-52.4],[101.4,-52.7],[98,-55.1],[94.4,-53.6],[97.8,-52],[100.7,-51],[100.2,-50.8]]]]}},{"type":"Feature","properties":{},"geometry":{"type":"MultiPolygon","coordinates":[[[[41.9,-62.6],[53.8,-65.9],[66.6,-67.6],[66.2,-64.9],[58.9,-62.7],[59.5,-56.9],[55.8,-55.3],[54.8,-54.4],[63.5,-56.8],[67,-58.6],[68.5,-58.6],[67.8,-57.8],[67.5,-57.1],[67.2,-55.7],[69,-55.1],[71.4,-54.7],[74.7,-54.5],[75.9,-54.6],[76.1,-54.1],[76.5,-53.5],[77.4,-53.7],[78.2,-53.8],[80,-53.7],[80.6,-54.5],[80.5,-57.9],[84.5,-60],[83.9,-65.8],[87.7,-69.8],[91.1,-74.8],[86.4,-75.2],[79.6,-74.4],[81.1,-74.1],[79.7,-73.8],[79.4,-73.1],[83.2,-72.2],[74.9,-68.9],[68.7,-68.4],[62.2,-70.7],[58.7,-73.4],[49.6,-73.2],[54.7,-72],[50.3,-70.6],[47,-69.1],[44.1,-66.9],[38.9,-66.7],[31.2,-69.1],[31.2,-71.6],[38.4,-72.7],[30.4,-69.8],[28.8,-64.4],[39.6,-62.9],[41.9,-62.6]]]]}},{"type":"Feature","properties":{},"geometry":{"type":"MultiPolygon","coordinates":[[[[79.1,-73.2],[78.5,-74],[77.3,-74],[77.3,-73.4],[79.1,-73.2]]]]}},{"type":"Feature","properties":{},"geometry":{"type":"MultiPolygon","coordinates":[[[[56.4,-52.6],[57.3,-53.2],[57.9,-53.6],[57.2,-53.8],[56,-53.4],[56.4,-52.7],[56.4,-52.6]]]]}},{"type":"Feature","properties":{},"geometry":{"type":"MultiPolygon","coordinates":[[[[55.9,-52.3],[56.3,-52.7],[55.8,-52.5],[55.9,-52.3]]]]}},{"type":"Feature","properties":{},"geometry":{"type":"MultiPolygon","coordinates":[[[[57.8,-53.2],[57.2,-52.7],[57.7,-53.1],[57.8,-53.2]]]]}},{"type":"Feature","properties":{},"geometry":{"type":"MultiPolygon","coordinates":[[[[65.5,-51.4],[67.1,-51.2],[67.8,-51.3],[68.8,-51.5],[70.2,-52.4],[70.8,-54.1],[67.9,-55],[64.1,-54.8],[64.9,-53.1],[66.4,-52.8],[65.5,-51.4]]]]}},{"type":"Feature","properties":{},"geometry":{"type":"MultiPolygon","coordinates":[[[[63.4,-48.2],[64.9,-48.5],[63,-49.2],[62.4,-48.7],[63.4,-48.2]]]]}},{"type":"Feature","properties":{},"geometry":{"type":"MultiPolygon","coordinates":[[[[68.4,-45.2],[69.5,-45.6],[68,-45.3],[68.4,-45.2]]]]}},{"type":"Feature","properties":{},"geometry":{"type":"MultiPolygon","coordinates":[[[[70.9,-50.9],[73,-51.4],[76.7,-51.7],[76.1,-52.1],[74.4,-51.9],[73.2,-52.6],[72.6,-53.7],[71.9,-54.2],[70.8,-54.1],[70.2,-52.4],[68.8,-51.5],[69.2,-51.4],[70.8,-51],[70.9,-50.9]]]]}},{"type":"Feature","properties":{},"geometry":{"type":"MultiPolygon","coordinates":[[[[69.2,-48],[71.4,-50.7],[69.5,-51],[69,-51],[67,-49.8],[67.9,-48.2],[69.2,-48]]]]}},{"type":"Feature","properties":{},"geometry":{"type":"MultiPolygon","coordinates":[[[[76.6,-49.3],[78.4,-49.3],[78.7,-50.3],[78,-51.7],[77.3,-51.3],[76.7,-51.7],[73,-51.4],[70.9,-50.9],[71.5,-50.5],[71.9,-50.3],[75.3,-49.6],[76.6,-49.3]]]]}},{"type":"Feature","properties":{},"geometry":{"type":"MultiPolygon","coordinates":[[[[79.1,-52.6],[79.2,-53.7],[77.9,-53.7],[76.8,-53.7],[76.6,-54.1],[75.8,-54.4],[75.1,-54.7],[74.7,-53.7],[75.3,-53.2],[79.1,-52.6]]]]}},{"type":"Feature","properties":{},"geometry":{"type":"MultiPolygon","coordinates":[[[[71.6,-54.5],[69.6,-55.2],[67.4,-55.4],[67.1,-56.7],[68,-57.6],[68.6,-58.4],[67.5,-58.6],[66.6,-57.7],[64.8,-57.1],[65.2,-56.2],[65.1,-54.8],[69.1,-55],[71.6,-54.5]]]]}},{"type":"Feature","properties":{},"geometry":{"type":"MultiPolygon","coordinates":[[[[66.9,-46.3],[69.7,-45.5],[71.8,-44.4],[75.5,-44.4],[79.2,-44.7],[81.1,-45.7],[82.3,-47.3],[79.8,-47.4],[77.6,-46.3],[74.3,-46],[69.5,-47.3],[66.3,-47.9],[66,-46.6],[66.9,-46.3]]]]}},{"type":"Feature","properties":{},"geometry":{"type":"MultiPolygon","coordinates":[[[[81.9,-42.9],[82.1,-43.7],[83.3,-46.3],[83.6,-46.6],[83.7,-46.8],[83.8,-47.2],[81.1,-45.7],[80.8,-43.8],[81.9,-42.9]]]]}},{"type":"Feature","properties":{},"geometry":{"type":"MultiPolygon","coordinates":[[[[62.4,-47],[63.8,-47.4],[62.4,-48.7],[61.2,-48.2],[61.1,-47.6],[62.2,-47],[62.4,-47]]]]}},{"type":"Feature","properties":{},"geometry":{"type":"MultiPolygon","coordinates":[[[[72.3,-46.9],[74.8,-47.2],[71.5,-47.3],[72.3,-46.9]]]]}},{"type":"Feature","properties":{},"geometry":{"type":"MultiPolygon","coordinates":[[[[77.3,-52],[75.3,-53.2],[72.6,-54],[71.8,-53.7],[72.9,-53.6],[73.5,-52.4],[75.1,-51.9],[76.3,-52.1],[77.3,-52]]]]}},{"type":"Feature","properties":{},"geometry":{"type":"MultiPolygon","coordinates":[[[[78.1,-48.9],[79.6,-48.9],[81,-49],[82,-48.8],[83.1,-48.5],[83.9,-48.5],[85.5,-48.7],[83.1,-51.1],[77.3,-51.8],[77.6,-51.4],[78.2,-51.2],[79.4,-50.1],[78.1,-48.9]]]]}},{"type":"Feature","properties":{},"geometry":{"type":"MultiPolygon","coordinates":[[[[81.8,-46.1],[83.7,-48],[82.6,-48.3],[80.4,-48.2],[78,-46.5],[76.6,-47.1],[74.1,-47.5],[73.1,-46.1],[77.5,-46.2],[79.5,-47],[82.1,-47.8],[81.8,-46.1]]]]}},{"type":"Feature","properties":{},"geometry":{"type":"MultiPolygon","coordinates":[[[[96.1,-51],[94.4,-51.4],[93.8,-51.7],[95.5,-51.6],[96.2,-51.3],[97.4,-50.9],[99.4,-51.3],[96.5,-52.9],[91.9,-51.3],[96.1,-51]]]]}},{"type":"Feature","properties":{},"geometry":{"type":"MultiPolygon","coordinates":[[[[92.8,-71.3],[98.7,-73.8],[107.2,-76.2],[115.3,-76.2],[115.6,-76.6],[115.4,-77.5],[115.4,-77.6],[115.2,-77.7],[115.2,-77.8],[115.1,-77.9],[115,-78],[110.9,-78.6],[106.5,-78.4],[103.7,-78.2],[102.8,-78.6],[101,-78.1],[99.7,-77.9],[97.5,-77.4],[91.4,-76.7],[92.8,-74.2],[92.8,-71.3]]]]}},{"type":"Feature","properties":{},"geometry":{"type":"MultiPolygon","coordinates":[[[[34.7,-74],[40.9,-75.5],[45.9,-76.4],[57.3,-77.7],[56,-78.5],[51.3,-78.6],[40.9,-76.9],[36.8,-75.8],[35,-74.9],[34.1,-74.2],[34.7,-74]]]]}},{"type":"Feature","properties":{},"geometry":{"type":"MultiPolygon","coordinates":[[[[42.6,-75.9],[35.7,-74.5],[34.5,-73.8],[36.3,-74.2],[38.3,-74.6],[39.5,-74.8],[41.7,-75.1],[44.9,-75.6],[42.3,-75.7],[42.6,-75.9]]]]}},{"type":"Feature","properties":{},"geometry":{"type":"MultiPolygon","coordinates":[[[[32.2,-73.1],[34.2,-74.2],[34.9,-74.9],[34.4,-75.2],[32.6,-74.7],[30.8,-74],[30.2,-73.3],[31.7,-73.1],[32.2,-73.1]]]]}},{"type":"Feature","properties":{},"geometry":{"type":"MultiPolygon","coordinates":[[[[30.1,-73.3],[29.5,-74.2],[31.5,-75.1],[33.8,-76.1],[29.7,-75.9],[25.8,-74.9],[21.5,-73.7],[25.6,-73.6],[28.1,-73.6],[30.1,-73.3]]]]}},{"type":"Feature","properties":{},"geometry":{"type":"MultiPolygon","coordinates":[[[[35.1,-76.2],[34.4,-76.6],[30.8,-76.3],[27.1,-75.8],[29.9,-75.8],[35.1,-76.2]]]]}},{"type":"Feature","properties":{},"geometry":{"type":"MultiPolygon","coordinates":[[[[21.5,-73.7],[25.8,-74.9],[27.6,-76.9],[23.4,-75.7],[21.5,-73.7]]]]}},{"type":"Feature","properties":{},"geometry":{"type":"MultiPolygon","coordinates":[[[[28.9,-82.2],[27.2,-82.3],[23.7,-81.1],[21.1,-79.7],[19.6,-78.3],[20.3,-78.5],[21.8,-79.7],[25.3,-80.9],[28.9,-82.2]]]]}},{"type":"Feature","properties":{},"geometry":{"type":"MultiPolygon","coordinates":[[[[19.2,-74.9],[20.6,-75.9],[21.7,-77],[22.5,-78.5],[26.9,-79.9],[27.9,-80.9],[28,-81.3],[30.1,-82.1],[26.4,-81.5],[23.9,-80.4],[21.4,-79.3],[19.7,-77.8],[18.6,-76.5],[16.2,-75],[17.6,-75.2],[19.2,-74.9]]]]}},{"type":"Feature","properties":{},"geometry":{"type":"MultiPolygon","coordinates":[[[[18.6,-76.5],[19.2,-77.8],[16.4,-78.4],[15.7,-77.5],[16.4,-76.6],[18.6,-76.5]]]]}},{"type":"Feature","properties":{},"geometry":{"type":"MultiPolygon","coordinates":[[[[16.4,-76.6],[15.7,-77.5],[16.4,-78.4],[15.8,-79],[13.1,-78],[12.6,-77.3],[14.7,-77.2],[15.1,-76.6],[15.1,-76.5],[16.4,-76.6]]]]}},{"type":"Feature","properties":{},"geometry":{"type":"MultiPolygon","coordinates":[[[[11.7,-77.3],[12.3,-77.7],[13.1,-78],[15.8,-79],[19.3,-79.7],[22.3,-80.3],[22.2,-80.8],[23,-81.9],[24.1,-83.1],[23.4,-83.4],[16.3,-81.7],[14.8,-80.4],[12.2,-78.6],[10.9,-77.3],[11.7,-77.3]]]]}},{"type":"Feature","properties":{},"geometry":{"type":"MultiPolygon","coordinates":[[[[19.7,-77.8],[19.7,-78.9],[23.7,-80.4],[25.6,-81.9],[29.3,-82.9],[29.2,-83.5],[24.1,-83.1],[23,-81.9],[22.2,-80.8],[22.3,-80.3],[19.3,-79.7],[16.4,-78.4],[19.2,-77.8],[19.7,-77.8]]]]}},{"type":"Feature","properties":{},"geometry":{"type":"MultiPolygon","coordinates":[[[[9.5,-76.6],[12.2,-78.6],[14.8,-80.4],[16.3,-81.7],[23.4,-83.4],[11.2,-83.8],[11.3,-81.4],[8.4,-79.1],[8.3,-76.7],[9.5,-76.6]]]]}},{"type":"Feature","properties":{},"geometry":{"type":"MultiPolygon","coordinates":[[[[-32.3,-72.6],[-44.9,-74.3],[-56.3,-73.3],[-57.8,-74.2],[-58.8,-77],[-63.5,-78.8],[-89.6,-80.3],[-106.7,-79.4],[-120.2,-80],[-129.6,-80.3],[-126.6,-80.2],[-119.5,-79.4],[-118.8,-79.5],[-117.8,-79.4],[-116,-79.2],[-115.1,-79.3],[-112.9,-79.1],[-113,-79.2],[-113,-79.4],[-112.4,-79.3],[-111.9,-79.3],[-111,-79.2],[-109.5,-79.2],[-108.3,-79.2],[-107,-79.1],[-105.5,-79.2],[-104.5,-79.1],[-103.1,-78.8],[-102.8,-78.6],[-101.9,-78.4],[-99.5,-78.4],[-99.7,-78.1],[-98.9,-78.1],[-98.3,-78],[-97.6,-77.9],[-96.4,-77.6],[-95.5,-77.7],[-95.4,-77.8],[-95.1,-77.8],[-95.3,-77.7],[-95.6,-77.6],[-95.2,-77.5],[-93.7,-78],[-94.6,-77.3],[-93.6,-76.7],[-92.2,-76.8],[-92.6,-76.6],[-91.7,-76.3],[-91.1,-76.5],[-90.6,-76.5],[-91.2,-76.2],[-88,-76.1],[-88,-76.4],[-87.4,-77],[-87.2,-77],[-87.5,-76.5],[-85.4,-76.2],[-84.3,-76.5],[-81,-76.5],[-75.8,-76.2],[-67.1,-75.5],[-63.6,-74.8],[-62.5,-74.6],[-60.9,-74.3],[-60.2,-74],[-60.1,-73.4],[-56.4,-73],[-53.1,-73],[-49.6,-72.6],[-44.6,-72.3],[-36.3,-71.3],[-29.5,-71.3],[-24,-70.3],[-24.6,-71],[-32.3,-72.6]]]]}},{"type":"Feature","properties":{},"geometry":{"type":"MultiPolygon","coordinates":[[[[14.8,-76.5],[15.3,-77.1],[12.6,-77.2],[11.8,-77.6],[11.9,-77.2],[11.4,-76.4],[12.3,-76.4],[14.2,-76.5],[14.8,-76.5]]]]}},{"type":"Feature","properties":{},"geometry":{"type":"MultiPolygon","coordinates":[[[[21,-74.5],[28.7,-77.8],[31.3,-79.3],[26.4,-78.5],[23.3,-76.6],[21.9,-75.5],[21,-74.5]]]]}},{"type":"Feature","properties":{},"geometry":{"type":"MultiPolygon","coordinates":[[[[38.5,-76.4],[41.2,-77.4],[52.3,-78.7],[56.5,-78.5],[57.1,-77.8],[85.4,-77.2],[80.7,-79.4],[76.2,-80],[76.2,-81.5],[82.5,-83.2],[74.7,-85],[62.7,-85.9],[39.2,-85.2],[18.4,-85.2],[12.6,-83.9],[28.4,-83.6],[30.3,-83.1],[28.7,-82.4],[28.8,-81.8],[27.4,-81.2],[27.1,-80.5],[30,-79.8],[32.9,-79.1],[38,-79],[36.8,-78.1],[34,-76.8],[34.8,-76.4],[36.5,-76.4],[38.5,-76.4]]]]}},{"type":"Feature","properties":{},"geometry":{"type":"MultiPolygon","coordinates":[[[[165.7,-73.4],[164.5,-70.1],[159.4,-67.4],[155.4,-66],[156,-64.5],[160,-65.9],[165.2,-66.6],[167.7,-67.5],[167,-68.9],[168.8,-69.2],[168.7,-72.3],[165.7,-73.4]]]]}},{"type":"Feature","properties":{},"geometry":{"type":"MultiPolygon","coordinates":[[[[142.2,-78.6],[145.3,-77.6],[151.4,-76.4],[161,-74.2],[164.3,-74.8],[147.4,-80],[141.4,-79.9],[142.2,-78.6]]]]}},{"type":"Feature","properties":{},"geometry":{"type":"MultiPolygon","coordinates":[[[[156,-64.5],[161.1,-65.2],[164.4,-66.6],[158.9,-66.1],[156,-64.5]]]]}},{"type":"Feature","properties":{},"geometry":{"type":"MultiPolygon","coordinates":[[[[170.7,-64.8],[168.1,-65.7],[164,-64.5],[158.8,-63.8],[159.9,-62.4],[163.1,-61],[165.6,-59.1],[167.3,-56.4],[169.8,-55.8],[169.7,-57.7],[169.6,-59.9],[169.2,-62.2],[170.2,-63.8],[170.7,-64.8]]]]}},{"type":"Feature","properties":{},"geometry":{"type":"MultiPolygon","coordinates":[[[[132.3,-82.6],[147.5,-82.6],[144.6,-82.7],[142.6,-82.8],[138,-82.9],[132.3,-82.6]]]]}},{"type":"Feature","properties":{},"geometry":{"type":"MultiPolygon","coordinates":[[[[113.1,-77.6],[130.3,-78.4],[141.8,-78.8],[141.4,-80.7],[128.1,-82],[123.4,-81.2],[122,-80.6],[119.5,-79.9],[115.2,-79.4],[111.7,-78.9],[112.2,-78.4],[112.7,-77.9],[113.1,-77.6]]]]}},{"type":"Feature","properties":{},"geometry":{"type":"MultiPolygon","coordinates":[[[[-180,-35.2],[-177.1,-35.3],[-171.9,-38.4],[-169.9,-41.6],[-173.9,-39.9],[-178.9,-36.1],[-180,-35.2]]]]}},{"type":"Feature","properties":{},"geometry":{"type":"MultiPolygon","coordinates":[[[[180,-33.7],[178.2,-34.1],[176.1,-31.6],[180,-33.7]]]]}},{"type":"Feature","properties":{},"geometry":{"type":"MultiPolygon","coordinates":[[[[-153.7,2.8],[-153.8,3],[-155.4,4.4],[-156.6,6.4],[-156.9,7],[-156.2,7],[-155.6,5.9],[-154.9,4.6],[-153.9,3.7],[-153.7,3.4],[-153.5,3],[-153.7,2.8]]]]}},{"type":"Feature","properties":{},"geometry":{"type":"MultiPolygon","coordinates":[[[[-139.1,-11.6],[-139.3,-11.8],[-139.8,-11.5],[-140.2,-11],[-140.4,-10.7],[-140.2,-10.7],[-139.7,-10.2],[-139.2,-10.7],[-139.1,-11.4],[-139.1,-11.6]]]]}},{"type":"Feature","properties":{},"geometry":{"type":"MultiPolygon","coordinates":[[[[-140.6,-9.8],[-140.4,-9.5],[-139.9,-9.7],[-140.6,-9.8]]]]}},{"type":"Feature","properties":{},"geometry":{"type":"MultiPolygon","coordinates":[[[[-138.2,-10.4],[-138.4,-10.2],[-138.3,-10],[-138.2,-10.4]]]]}},{"type":"Feature","properties":{},"geometry":{"type":"MultiPolygon","coordinates":[[[[-138.9,-14.4],[-139.3,-14.6],[-139.6,-14.8],[-140,-14.6],[-139.4,-14],[-139.2,-13.8],[-139.1,-14],[-139.1,-14.4],[-138.9,-14.4]]]]}},{"type":"Feature","properties":{},"geometry":{"type":"MultiPolygon","coordinates":[[[[-139.9,-15],[-140.1,-15],[-140.5,-15.2],[-140.4,-15.4],[-140.7,-15.5],[-140.9,-15.5],[-140.9,-15.4],[-141.1,-15.4],[-141.2,-15.5],[-140.7,-15.7],[-141.4,-16.3],[-142.4,-17.8],[-143.4,-19.2],[-143.6,-19.1],[-143.5,-19],[-143.3,-18.9],[-143.5,-18.9],[-143.7,-19.1],[-143.8,-19.2],[-144.1,-19.4],[-144,-19.3],[-144.2,-19.7],[-144.2,-19.3],[-143.5,-18.2],[-143.1,-17.3],[-142.2,-16.3],[-141.6,-15.6],[-141,-15.1],[-140,-14.6],[-139.9,-15]]]]}},{"type":"Feature","properties":{},"geometry":{"type":"MultiPolygon","coordinates":[[[[-143.5,-27.3],[-144.2,-27.2],[-144,-27.4],[-144.2,-27.5],[-146,-27.2],[-145.5,-27],[-144.5,-26.9],[-144,-26.9],[-143.7,-27],[-143.5,-27.3]]]]}},{"type":"Feature","properties":{},"geometry":{"type":"MultiPolygon","coordinates":[[[[-143.8,-25],[-144,-25],[-144.2,-24.9],[-144.7,-24.9],[-145.2,-24.9],[-145.7,-24.4],[-145.7,-24.3],[-146.1,-24],[-146.3,-23.4],[-146.9,-22.5],[-147.7,-21.5],[-147.7,-21.4],[-147.3,-21.6],[-147.4,-21.8],[-147.1,-21.8],[-147,-21.6],[-146.7,-21.8],[-146.6,-21.6],[-146.9,-21.5],[-146.5,-20.9],[-145.7,-21.1],[-145.3,-21.3],[-145.3,-21.4],[-145.5,-21.9],[-145.5,-22.3],[-145.5,-22.8],[-145.4,-22.9],[-145.4,-22.8],[-144.7,-22.7],[-143.7,-24],[-143.8,-25]]]]}},{"type":"Feature","properties":{},"geometry":{"type":"MultiPolygon","coordinates":[[[[-144.4,-26.9],[-146,-27.1],[-147.1,-26.7],[-146.2,-26.5],[-146.3,-26.5],[-145.6,-26.4],[-145.5,-26.6],[-145.2,-26.5],[-145.1,-26.4],[-145,-26.4],[-144.6,-26.2],[-143.7,-25.9],[-143.2,-25.9],[-142.6,-25.9],[-142.3,-26.2],[-142.2,-26.3],[-142.6,-26.1],[-143.1,-26.5],[-143.4,-26.6],[-143.9,-26.6],[-144.2,-26.8],[-144.4,-26.9]]]]}},{"type":"Feature","properties":{},"geometry":{"type":"MultiPolygon","coordinates":[[[[-147.1,-24.5],[-147.3,-23.2],[-146.9,-24.2],[-147.1,-24.5]]]]}},{"type":"Feature","properties":{},"geometry":{"type":"MultiPolygon","coordinates":[[[[-148.1,-23],[-148.3,-23.2],[-148.6,-23.6],[-148.8,-23.2],[-149.2,-22.5],[-149.6,-22.2],[-150.1,-21.9],[-150.5,-21.7],[-151.5,-21.6],[-152.5,-21.5],[-153.3,-21.5],[-153.7,-21.1],[-154.5,-20.9],[-155.2,-20.6],[-155.4,-20.6],[-155.7,-20.7],[-156.9,-20.9],[-158.1,-20.1],[-161.1,-17.7],[-163.9,-16],[-162.8,-16.1],[-159.8,-16.9],[-158.1,-17.2],[-157.6,-17.8],[-156.7,-18.2],[-156.6,-17.9],[-156.1,-18.2],[-156.8,-17.5],[-156.7,-17.5],[-155.9,-17.6],[-155.3,-17.5],[-154.6,-17.7],[-154.2,-18],[-153.4,-18.1],[-153.2,-18.5],[-153.4,-18.9],[-153.1,-19.3],[-152.8,-19.8],[-152.5,-20.1],[-151.2,-20.5],[-151.6,-20.5],[-152.2,-20.4],[-152.5,-20.2],[-150.3,-21],[-148.2,-22.8],[-148.1,-23]]]]}},{"type":"Feature","properties":{},"geometry":{"type":"MultiPolygon","coordinates":[[[[-157,-17.4],[-156.9,-17.4],[-157.1,-17.5],[-157,-17.4]]]]}},{"type":"Feature","properties":{},"geometry":{"type":"MultiPolygon","coordinates":[[[[-136.2,1.5],[-138.1,2.3],[-139.4,2.2],[-141.2,3.1],[-141.4,3.7],[-141.2,4.3],[-137.4,4.6],[-136.3,4.2],[-136.3,3.7],[-136.4,3.5],[-136.8,3.2],[-136.9,3],[-137,3.3],[-137.4,3],[-137.2,2.9],[-137.3,2.8],[-137.2,2.8],[-137.1,2.8],[-136.8,2.9],[-136.2,2.8],[-136.1,2.5],[-136.1,2.3],[-135.9,2.3],[-135.7,2.4],[-135.9,2.4],[-136,2.6],[-136,2.8],[-135.9,3.1],[-135.3,2.2],[-135.8,2],[-135.9,1.8],[-136.2,1.5]]]]}},{"type":"Feature","properties":{},"geometry":{"type":"MultiPolygon","coordinates":[[[[-141.5,3.9],[-141.6,4.2],[-141.4,4.3],[-141.3,4.2],[-141.5,3.9]]]]}},{"type":"Feature","properties":{},"geometry":{"type":"MultiPolygon","coordinates":[[[[-155,4.8],[-155.6,6],[-156.4,7.3],[-155.3,7.7],[-154.4,8.1],[-153.8,7.7],[-153.6,6.2],[-154.5,4.8],[-155,4.8]]]]}},{"type":"Feature","properties":{},"geometry":{"type":"MultiPolygon","coordinates":[[[[-154.6,4.4],[-154.9,4.8],[-153.9,5.2],[-153.7,7],[-154.3,8],[-153.8,8.2],[-153.5,7.1],[-153.4,5.8],[-153.8,4.9],[-154.6,4.4]]]]}},{"type":"Feature","properties":{},"geometry":{"type":"MultiPolygon","coordinates":[[[[-148.2,-21.3],[-149.3,-21],[-149.4,-20.9],[-149.7,-20.8],[-150.2,-20.7],[-150.7,-20.6],[-150.8,-20.6],[-152.3,-20.2],[-152.6,-19.9],[-153.1,-19.5],[-152,-18.9],[-151.2,-18.4],[-150.4,-18.4],[-149.1,-17.6],[-149,-18.9],[-149.3,-19.4],[-148.6,-19.8],[-147.9,-20.4],[-148.2,-21.3]]]]}},{"type":"Feature","properties":{},"geometry":{"type":"MultiPolygon","coordinates":[[[[-136.6,9.4],[-136.6,9.8],[-136.7,9.6],[-137,9.1],[-137.2,8.4],[-137.1,8.9],[-137.7,9.2],[-138.2,9],[-139.9,8.9],[-139.9,9.2],[-140.3,9.4],[-140.8,9.7],[-141.7,9.5],[-142.3,9.6],[-142.8,9.8],[-144.2,10.3],[-145.7,10.3],[-145.9,10.6],[-147,11.6],[-146.6,11.9],[-146.2,11.9],[-144.8,11.6],[-143.9,11.1],[-142.6,10.3],[-141.8,10.1],[-141.3,10.1],[-141.5,10.6],[-140.9,10.1],[-139.9,9.9],[-138.9,9.8],[-138.1,10],[-138.6,9.8],[-139.8,10.1],[-140.3,10.5],[-139.5,10.1],[-138.5,10],[-138.1,10.3],[-137.2,10.1],[-135.7,11.8],[-132.7,12],[-134.8,11.5],[-136.2,10],[-136.4,9.8],[-136.6,9.4]]]]}},{"type":"Feature","properties":{},"geometry":{"type":"MultiPolygon","coordinates":[[[[-132.2,-1.5],[-132.8,-1.3],[-133,-1],[-132.8,-1.3],[-132.5,-1.1],[-132.2,-1.3],[-132.2,-1.5]]]]}},{"type":"Feature","properties":{},"geometry":{"type":"MultiPolygon","coordinates":[[[[-136.4,1.1],[-137.5,1.4],[-139,1.8],[-140.6,2],[-140.9,2.6],[-139.4,2.2],[-138.1,2.3],[-136.2,1.5],[-136.4,1.1]]]]}},{"type":"Feature","properties":{},"geometry":{"type":"MultiPolygon","coordinates":[[[[-134.3,0.8],[-134,0.7],[-134.1,0.6],[-134.6,0.4],[-134.5,0.7],[-134.3,0.8]]]]}},{"type":"Feature","properties":{},"geometry":{"type":"MultiPolygon","coordinates":[[[[-135.5,1.3],[-135.3,1.2],[-134.8,0.9],[-135,0.8],[-135.1,0.6],[-135.4,1],[-135.5,1.3]]]]}},{"type":"Feature","properties":{},"geometry":{"type":"MultiPolygon","coordinates":[[[[-132.2,0.3],[-130.5,0.1],[-130.3,-0.3],[-130.6,-0.5],[-130.8,-0.5],[-131.2,-0.3],[-131.6,-0.6],[-131.9,-0.8],[-132.2,-0.8],[-132.6,-0.6],[-132.5,-0.3],[-132.8,-0.2],[-132.2,0.3]]]]}},{"type":"Feature","properties":{},"geometry":{"type":"MultiPolygon","coordinates":[[[[-130.4,-1.2],[-131.3,-1.5],[-132,-1.5],[-132.1,-1.3],[-131.6,-1.2],[-130.4,-0.9],[-130.4,-1.2]]]]}},{"type":"Feature","properties":{},"geometry":{"type":"MultiPolygon","coordinates":[[[[-132.6,9.7],[-133.6,9.7],[-135.1,7.5],[-135.9,6.2],[-136.8,6.1],[-138.2,6.6],[-139.6,7],[-140.7,7],[-141,7],[-142.2,7.1],[-142.4,7.2],[-142.4,7.6],[-142.6,7.5],[-143.8,7.8],[-144.9,9.3],[-144.6,10.4],[-143.5,10],[-142.4,9.7],[-141.8,9.4],[-141,9.5],[-140.4,9.6],[-139.8,9.3],[-139.9,9],[-138.2,9],[-137.7,8.2],[-138.3,8.6],[-138,7.9],[-137.6,7.8],[-137.9,7.1],[-137.7,7.3],[-137.4,7],[-137.2,7],[-137.1,7.1],[-137.1,7.7],[-136.7,7.8],[-136.5,7.6],[-136.6,8.7],[-136.6,9],[-136.6,9.4],[-136.3,9.8],[-136.1,10.2],[-134.1,11.6],[-132.7,11],[-132.6,10.3],[-132.5,9.7],[-132.8,9.9],[-132.6,9.7]]]]}},{"type":"Feature","properties":{},"geometry":{"type":"MultiPolygon","coordinates":[[[[-140.9,-4.3],[-141,-3.8],[-141.3,-4],[-141.4,-3.8],[-141.5,-3.8],[-141.6,-3.7],[-141.7,-3.6],[-141.9,-3.6],[-142,-3.5],[-142,-3.4],[-142.5,-3.3],[-142.8,-3.3],[-143.2,-2.6],[-144.5,1.9],[-144.1,1.1],[-143.4,0.6],[-142.1,-0.2],[-141.8,-1.5],[-140.9,-3.2],[-140.9,-4.3]]]]}},{"type":"Feature","properties":{},"geometry":{"type":"MultiPolygon","coordinates":[[[[-147.9,1.1],[-147.9,1],[-147.9,0.9],[-148.3,0.8],[-148.5,0.7],[-149.1,1.1],[-149.6,1.1],[-149.3,1.9],[-150.1,2.7],[-150,2.8],[-149,2.5],[-148.6,2.1],[-148.8,2],[-148.7,1.8],[-148.1,1.2],[-148,1.1],[-147.9,1.1]]]]}},{"type":"Feature","properties":{},"geometry":{"type":"MultiPolygon","coordinates":[[[[-149.7,8.5],[-148.7,10.9],[-146,10.1],[-144.3,8.5],[-145.1,8.5],[-148.4,8.9],[-149.7,8.5]]]]}},{"type":"Feature","properties":{},"geometry":{"type":"MultiPolygon","coordinates":[[[[-139.1,-13.3],[-139.2,-13.3],[-139.4,-12.8],[-139.9,-11.8],[-140.4,-11.2],[-141,-11],[-140.9,-11.1],[-141,-10.8],[-140.3,-10.9],[-140,-11.4],[-139.6,-11.9],[-139.3,-11.5],[-139,-11.7],[-138.6,-12.1],[-138.8,-12.7],[-138.9,-13.1],[-138.9,-13.3],[-139.1,-13.3]]]]}},{"type":"Feature","properties":{},"geometry":{"type":"MultiPolygon","coordinates":[[[[-146,-3.3],[-146.6,-1.7],[-147.1,-1.6],[-147.2,-0.5],[-147.4,0.1],[-147.2,0.1],[-147.3,0.4],[-147.4,0.6],[-146.9,0.5],[-146.3,-0.1],[-146.1,-1.8],[-146,-3],[-146,-3.3]]]]}},{"type":"Feature","properties":{},"geometry":{"type":"MultiPolygon","coordinates":[[[[-147.4,0.7],[-147.4,1],[-147.8,1.4],[-148.5,2],[-148.9,2.4],[-149.7,2.7],[-151.7,3.1],[-152.8,3.1],[-154.1,1.9],[-155.8,1.3],[-156,1.5],[-154.4,2.2],[-153.7,2.8],[-153.1,3.3],[-152.3,3.5],[-150.6,3.1],[-149,2.8],[-148.1,2.4],[-146.9,1],[-147.2,0.8],[-147.4,0.7]]]]}},{"type":"Feature","properties":{},"geometry":{"type":"MultiPolygon","coordinates":[[[[-145.7,-4.4],[-146.9,-3.2],[-147.8,-2.4],[-147.9,-1.6],[-148,-1.1],[-147.9,-0.5],[-147.5,-0.3],[-147.7,0.4],[-147.6,0.6],[-147.4,0.6],[-147.3,0.4],[-147.2,0.1],[-147.4,0.1],[-147.2,-0.5],[-147.1,-1.6],[-146.6,-1.7],[-146,-3.3],[-145.7,-4.1],[-145.7,-4.4]]]]}},{"type":"Feature","properties":{},"geometry":{"type":"MultiPolygon","coordinates":[[[[-147.7,0.9],[-147.8,1],[-147.5,0.7],[-147.7,0.9]]]]}},{"type":"Feature","properties":{},"geometry":{"type":"MultiPolygon","coordinates":[[[[-147.8,1.1],[-148.6,2],[-148.8,2.1],[-148.5,2],[-147.8,1.4],[-147.4,1],[-147.8,1.1]]]]}},{"type":"Feature","properties":{},"geometry":{"type":"MultiPolygon","coordinates":[[[[-145,4.9],[-145.3,5.3],[-145.6,5.2],[-145.5,5],[-145.1,4.5],[-146.8,3.6],[-147.2,3.7],[-147.6,4.1],[-148.3,5.1],[-148.7,5.7],[-149.3,6.4],[-149.4,6.9],[-147.7,7.4],[-145.6,7.4],[-143.9,6.6],[-142.5,5.3],[-142.1,5.1],[-141.5,3.9],[-141.1,3],[-142.1,4.2],[-142.5,4.7],[-143.7,5],[-145,4.9]]]]}},{"type":"Feature","properties":{},"geometry":{"type":"MultiPolygon","coordinates":[[[[-149.4,6.8],[-150.8,7.9],[-152,8.6],[-150.8,9.3],[-149.7,8.5],[-149.1,7.1],[-149.4,6.8]]]]}},{"type":"Feature","properties":{},"geometry":{"type":"MultiPolygon","coordinates":[[[[-143.1,-3.2],[-144,-3.1],[-144.7,-3.2],[-145,-3.3],[-145.1,-3.6],[-145.1,-4.1],[-145.7,-4.1],[-146,-3],[-146.1,-1.8],[-146.3,-0.1],[-146.4,0.3],[-146.3,0.3],[-146.1,0.4],[-146.6,0.7],[-146.9,1],[-148.1,2.4],[-149,2.8],[-148.7,3.1],[-147.9,3.9],[-147.4,4],[-146.9,3.6],[-145.1,2.3],[-144.6,2],[-143.1,-3],[-143.1,-3.2]]]]}},{"type":"Feature","properties":{},"geometry":{"type":"MultiPolygon","coordinates":[[[[-158.6,-13.9],[-161.1,-12.3],[-157.9,-12.2],[-157,-12.3],[-157.3,-12.8],[-158.3,-13],[-158.6,-13.2],[-158.2,-13.6],[-158.6,-13.9]]]]}},{"type":"Feature","properties":{},"geometry":{"type":"MultiPolygon","coordinates":[[[[-146.2,12],[-145.3,12.1],[-143.8,12.3],[-142.6,12.5],[-142.3,12.1],[-141.5,11.8],[-140.4,11.4],[-139.2,11.3],[-138.3,11.7],[-137.5,12.1],[-137.1,12.7],[-136.6,13.2],[-135.3,13.3],[-134.4,13.3],[-133.6,13.1],[-132.9,12.6],[-133.2,12.3],[-136.4,11.3],[-137.5,10.1],[-138.2,10.3],[-138.6,10],[-139.8,10.2],[-140.3,10.4],[-139.6,10],[-138.5,9.8],[-138.2,9.9],[-139.3,9.8],[-140.1,10],[-141.2,10.4],[-141.6,10.5],[-141.3,10],[-141.9,10.1],[-142.8,10.3],[-144,11.1],[-145.3,11.4],[-146.2,12]]]]}},{"type":"Feature","properties":{},"geometry":{"type":"MultiPolygon","coordinates":[[[[-149.1,0.8],[-149.3,0.7],[-149.4,0.7],[-149.6,1],[-149.1,1],[-149.1,0.8]]]]}},{"type":"Feature","properties":{},"geometry":{"type":"MultiPolygon","coordinates":[[[[-149.6,1],[-151.9,1],[-153.5,1],[-154.5,0.6],[-154.9,0.6],[-156.4,0.3],[-158.8,0.3],[-158.3,1.5],[-156,1.4],[-154.6,1.6],[-153,2.9],[-151.9,3.1],[-150.4,2.9],[-149.7,2.4],[-149.3,1.2],[-149.6,1]]]]}},{"type":"Feature","properties":{},"geometry":{"type":"MultiPolygon","coordinates":[[[[-143.6,-25.1],[-143.8,-25.1],[-143.6,-25],[-143.8,-24.6],[-143.9,-23.7],[-144.8,-22.5],[-145.4,-22.8],[-145.3,-22.9],[-145.4,-22.6],[-145.7,-22.4],[-145.5,-21.5],[-145.2,-21.4],[-145.3,-21.3],[-146.4,-21.1],[-147.2,-20.9],[-146.8,-21.5],[-146.6,-21.7],[-147,-21.6],[-147.2,-21.8],[-147.5,-21.6],[-147.2,-21.4],[-147.7,-21.4],[-148,-21.4],[-148,-21.1],[-148.1,-20.4],[-148.7,-19.8],[-149.3,-19.4],[-148.4,-17.8],[-147.9,-17.9],[-147.4,-18.3],[-146.6,-18.8],[-146.1,-19.3],[-145.6,-19.6],[-145.2,-19.6],[-144.5,-19.5],[-144.2,-20.1],[-144.4,-20.1],[-144.2,-20.3],[-144.2,-20.7],[-143.3,-21.7],[-143,-21.8],[-142.3,-22.5],[-141,-23.2],[-141.2,-23.2],[-141.5,-23.1],[-142.1,-22.8],[-142.5,-22.9],[-142.7,-22.9],[-142.3,-22.9],[-141.6,-23.2],[-140.8,-23.7],[-141,-24],[-141.2,-24.1],[-140.8,-24.3],[-140.9,-24.3],[-140.8,-24.7],[-140.8,-24.9],[-140.9,-25.1],[-141.1,-25.1],[-141.4,-25.1],[-141.3,-25.4],[-141.5,-25.3],[-141.5,-25.7],[-141.6,-25.7],[-141.8,-25.8],[-142,-25.8],[-142.7,-25.7],[-143,-25.5],[-143.3,-25.3],[-143.5,-25.1],[-143.6,-25.1]]]]}},{"type":"Feature","properties":{},"geometry":{"type":"MultiPolygon","coordinates":[[[[-174.4,-4.4],[-174.6,-3.6],[-174.6,-3.3],[-174.8,-2.2],[-174.6,-1.6],[-174.2,-0.8],[-174.2,-0.6],[-174.2,-0.4],[-173.9,0.6],[-173.6,0.6],[-173.7,0],[-173.2,-0.4],[-173,-1.3],[-173.1,-2.2],[-173.3,-3.5],[-174.4,-4.4]]]]}},{"type":"Feature","properties":{},"geometry":{"type":"MultiPolygon","coordinates":[[[[-159.4,0.2],[-159.9,-0.7],[-161.5,-2.6],[-161.1,-1.2],[-161.4,0.5],[-162.5,2],[-160.6,1.4],[-158.3,1.5],[-159.4,0.2]]]]}},{"type":"Feature","properties":{},"geometry":{"type":"MultiPolygon","coordinates":[[[[-154.7,-8.6],[-154.4,-8.8],[-154.6,-8.9],[-154.8,-8.7],[-154.7,-8.6]]]]}},{"type":"Feature","properties":{},"geometry":{"type":"MultiPolygon","coordinates":[[[[-155.3,-8.1],[-156.9,-6.8],[-156.8,-7.5],[-156,-8.8],[-156.8,-8.3],[-157.3,-7.1],[-157.6,-7],[-159.3,-6.4],[-159.7,-6.5],[-160.6,-6.5],[-161.9,-6],[-162.7,-5.4],[-163.5,-4.1],[-165,-3.9],[-165.6,-3.4],[-164.6,-3.7],[-163.5,-4.1],[-162.7,-4.4],[-161,-5.9],[-159.8,-6.1],[-159.2,-5.7],[-158.8,-5.8],[-157.8,-6.1],[-157.2,-6.5],[-156,-6.5],[-155.6,-6.9],[-155.3,-8.1]]]]}},{"type":"Feature","properties":{},"geometry":{"type":"MultiPolygon","coordinates":[[[[-156.3,-12.2],[-156.7,-11.8],[-156.9,-10.8],[-156.8,-10.6],[-156.5,-10.3],[-156.2,-11.4],[-156.2,-12],[-156.3,-12.2]]]]}},{"type":"Feature","properties":{},"geometry":{"type":"MultiPolygon","coordinates":[[[[-157,-12.3],[-158.7,-12.2],[-157.8,-11.6],[-157.1,-11.6],[-156.9,-12],[-157,-12.3]]]]}},{"type":"Feature","properties":{},"geometry":{"type":"MultiPolygon","coordinates":[[[[-164.7,10.4],[-165.8,12.4],[-165,13.8],[-164.1,14.2],[-163.3,14.5],[-162.6,15.5],[-161.3,15.7],[-160.8,14.7],[-161.5,11.8],[-161.3,9.3],[-162.4,11.1],[-163.8,12.1],[-164.7,10.4]]]]}},{"type":"Feature","properties":{},"geometry":{"type":"MultiPolygon","coordinates":[[[[-171.5,10.2],[-171.9,9.7],[-172.2,9],[-173.4,7.8],[-174,5.7],[-174.9,4.4],[-175.6,3.1],[-175.5,1.7],[-178.1,1.1],[-177.5,2.9],[-175.3,6.4],[-172.8,9],[-172.7,9.6],[-172.5,10.1],[-171.9,10.7],[-171,11.1],[-170.6,11.1],[-170.2,11.4],[-171.5,10.2]]]]}},{"type":"Feature","properties":{},"geometry":{"type":"MultiPolygon","coordinates":[[[[-166.3,10.4],[-168.2,10.7],[-168,12.2],[-168.4,13.2],[-166.8,13.1],[-165,13.9],[-164.1,14.2],[-165,13.8],[-165.8,12.4],[-166.3,10.4]]]]}},{"type":"Feature","properties":{},"geometry":{"type":"MultiPolygon","coordinates":[[[[-142.4,-21.7],[-143.1,-21.6],[-142.9,-20.8],[-141,-19.1],[-139.8,-17.6],[-139.6,-17.3],[-139.4,-17.2],[-139.1,-17],[-139.1,-17.2],[-138.9,-16.8],[-138.7,-16.9],[-138.5,-16.8],[-138.4,-16.8],[-138.3,-16.8],[-139.2,-17.9],[-140.1,-18.9],[-141.1,-20.1],[-142.2,-21.1],[-142.4,-21.7]]]]}},{"type":"Feature","properties":{},"geometry":{"type":"MultiPolygon","coordinates":[[[[-177.4,-9],[-178.5,-4.7],[-176.4,-7.2],[-175.3,-10.6],[-175.6,-10.6],[-177.4,-9]]]]}},{"type":"Feature","properties":{},"geometry":{"type":"MultiPolygon","coordinates":[[[[61.6,-50.4],[62.5,-51.1],[63.7,-50.9],[64.5,-51.5],[63.4,-51.8],[61.9,-51.8],[61.1,-51.9],[58.7,-52.1],[57.3,-52.3],[57.1,-52.6],[56.8,-52.4],[56.4,-52.2],[55.8,-51.9],[55.3,-51.7],[56.8,-51.8],[59,-51.7],[60.7,-51.3],[61.6,-50.4]]]]}},{"type":"Feature","properties":{},"geometry":{"type":"MultiPolygon","coordinates":[[[[-28.8,-57.8],[-28.4,-57.9],[-28.3,-58],[-27.8,-58.2],[-26.7,-58.1],[-26.4,-58.4],[-26,-58.2],[-25.4,-57.8],[-25,-57.7],[-25.3,-57.8],[-24.8,-57.7],[-23.9,-57.7],[-23.1,-57.9],[-22.7,-57.9],[-22.1,-57.2],[-19,-58.2],[-21.6,-59.6],[-26.1,-62],[-32.1,-64.1],[-36.2,-63.6],[-36.6,-62.8],[-33.5,-62.1],[-34.3,-62],[-33.6,-61.9],[-33.6,-61.7],[-33.1,-60.5],[-32.4,-60.6],[-32.4,-60.9],[-32.1,-60.8],[-32.4,-60.5],[-31.6,-60],[-30.5,-59.9],[-30.6,-59.8],[-29.4,-59.5],[-29.3,-59.4],[-29.1,-59.3],[-27.9,-59.1],[-28.8,-59],[-29,-58.7],[-29,-58.4],[-29.4,-58.3],[-29.9,-58],[-29.7,-57.7],[-28.8,-57.8]]]]}},{"type":"Feature","properties":{},"geometry":{"type":"MultiPolygon","coordinates":[[[[-42.9,-58.9],[-41.1,-58.5],[-40.3,-59],[-39.4,-59.5],[-39,-60],[-39.3,-60],[-38.5,-60.6],[-38.9,-60.8],[-36.8,-61],[-37.4,-61.7],[-37.2,-61.9],[-37.9,-62],[-38.5,-62.3],[-37.8,-62.3],[-37.6,-62.4],[-37.5,-62.8],[-38.8,-63],[-39.9,-62.9],[-40.7,-63],[-42.2,-63.1],[-43.7,-63],[-43.8,-63.3],[-44.2,-63.4],[-44.6,-63.3],[-45.5,-63.2],[-46.1,-63.3],[-46.3,-63.6],[-46.9,-63.3],[-45.6,-63],[-45,-62.6],[-44.6,-62.4],[-42.8,-62.3],[-42.1,-61.9],[-43.1,-62.3],[-44.6,-62],[-44.5,-61.8],[-45.5,-61.8],[-45.6,-61.7],[-45,-61.5],[-44.1,-61],[-43.9,-60.7],[-44,-60.4],[-43.3,-60.4],[-42.6,-60.2],[-42.7,-60.1],[-42.6,-59.8],[-42.3,-59.7],[-42.2,-59.5],[-42.7,-59.4],[-42.9,-58.9]]]]}},{"type":"Feature","properties":{},"geometry":{"type":"MultiPolygon","coordinates":[[[[-51.2,-60.5],[-50.8,-60.4],[-48.2,-60.3],[-46.6,-59.9],[-46.3,-60],[-46.3,-60.5],[-47,-61.1],[-47.5,-61.2],[-47.9,-61.2],[-48.8,-61.3],[-49.2,-61.3],[-49.8,-61.2],[-50,-61.5],[-50.5,-61.5],[-51.2,-61.5],[-51.3,-61.3],[-51.1,-61.1],[-52.1,-61],[-51.2,-60.8],[-51.6,-60.6],[-51.1,-60.7],[-51.2,-60.5]]]]}},{"type":"Feature","properties":{},"geometry":{"type":"MultiPolygon","coordinates":[[[[-33.6,-61.7],[-33.8,-61.8],[-34,-61.9],[-33.6,-61.7]]]]}},{"type":"Feature","properties":{},"geometry":{"type":"MultiPolygon","coordinates":[[[[-23.8,-57.7],[-23.3,-57.8],[-23.4,-57.9],[-23.5,-57.9],[-23.9,-57.7],[-23.8,-57.7]]]]}},{"type":"Feature","properties":{},"geometry":{"type":"MultiPolygon","coordinates":[[[[147.8,-41],[144.5,-38.9],[146.6,-38],[147.1,-38.8],[148.6,-39.7],[150.2,-40.4],[151.6,-41],[152.5,-41.5],[152.5,-42.7],[151.9,-42.7],[151.8,-43.5],[152,-44.4],[151.9,-45],[150.5,-45],[149.2,-43.7],[148.8,-42.4],[147.8,-41]]]]}},{"type":"Feature","properties":{},"geometry":{"type":"MultiPolygon","coordinates":[[[[149.7,-59.3],[150.7,-57.9],[150.2,-55.5],[150.2,-54.5],[151.8,-54.1],[151.7,-56],[151.8,-58.1],[150.4,-59.7],[148.9,-60.7],[148.8,-60.6],[149.7,-59.3]]]]}},{"type":"Feature","properties":{},"geometry":{"type":"MultiPolygon","coordinates":[[[[115.9,-76.2],[120.4,-75.3],[121.6,-75.1],[122.3,-75.2],[122.7,-75],[125,-74.6],[128.3,-74.1],[131.1,-75],[136.8,-76.9],[144,-76.7],[148.7,-76.9],[138.5,-77.6],[125.9,-76.7],[115.9,-76.2]]]]}},{"type":"Feature","properties":{},"geometry":{"type":"MultiPolygon","coordinates":[[[[107,-46],[108.1,-46],[108.7,-45.3],[108.9,-44.9],[109.8,-45],[110,-44.8],[110.3,-44.7],[110.7,-44.7],[111.4,-44.2],[111.7,-44.1],[111.5,-44.1],[112.3,-43.7],[112.6,-43.5],[112.8,-43.1],[112.7,-42.8],[112.9,-42.7],[113.2,-42.6],[113.7,-42.4],[114.6,-42],[115.3,-41.8],[115.5,-41.7],[115.7,-41.6],[115.8,-41.6],[116.4,-41.3],[117,-41],[117.1,-40.8],[117.6,-40.8],[117.5,-40.6],[117.9,-40.6],[118.2,-40.4],[118.5,-40.4],[118.9,-40.4],[120,-40.6],[120.1,-40.6],[120.2,-40.5],[121,-40.8],[121.7,-41.2],[122.3,-41.5],[122.4,-41.6],[124,-42],[124.3,-42.1],[124.9,-42.2],[125.4,-42.1],[126.8,-42.4],[127.7,-42.7],[126.7,-43.6],[123.3,-45],[121,-45.4],[120,-46.2],[119.2,-46.6],[118.1,-46.8],[115.6,-47.1],[113.1,-47.3],[110.4,-47.9],[109,-48.8],[104.8,-49.7],[106.9,-46.8],[107,-46]]]]}},{"type":"Feature","properties":{},"geometry":{"type":"MultiPolygon","coordinates":[[[[107.9,-45.4],[108.1,-45.2],[108,-45.6],[107.7,-45.5],[107.9,-45.4]]]]}},{"type":"Feature","properties":{},"geometry":{"type":"MultiPolygon","coordinates":[[[[-137.6,-11.5],[-137.4,-11.3],[-137.3,-11.1],[-137.6,-11.5]]]]}},{"type":"Feature","properties":{},"geometry":{"type":"MultiPolygon","coordinates":[[[[91.5,-28.9],[91.5,-32],[92.4,-33.6],[93.3,-34.8],[90.3,-34.3],[89.3,-29],[90.6,-27.7],[91.5,-28.9]]]]}},{"type":"Feature","properties":{},"geometry":{"type":"MultiPolygon","coordinates":[[[[101.3,-24.2],[100.7,-27.2],[98.5,-28.9],[98,-31.6],[96.6,-34.1],[93.6,-35.9],[92.8,-36.2],[92.6,-35.8],[93.3,-34.8],[95.6,-32.2],[96.8,-29.5],[98.5,-25.8],[100.3,-23.4],[101.3,-24.2]]]]}},{"type":"Feature","properties":{},"geometry":{"type":"MultiPolygon","coordinates":[[[[34,-76.8],[36.8,-78.1],[38,-79],[32.9,-79.1],[28.5,-77.5],[27.8,-76.2],[31.4,-76.6],[34,-76.8]]]]}},{"type":"Feature","properties":{},"geometry":{"type":"MultiPolygon","coordinates":[[[[-177,-13.2],[-177.1,-10.1],[-175.3,-12],[-175.3,-13.8],[-176.4,-15.4],[-177,-13.2]]]]}},{"type":"Feature","properties":{},"geometry":{"type":"MultiPolygon","coordinates":[[[[55.9,-52.3],[55.8,-52.5],[56.3,-52.7],[55.7,-53.6],[53.7,-53.7],[53.2,-53.6],[52.3,-53.5],[51.6,-53.2],[52.2,-52.9],[52.8,-52.2],[53.9,-52],[55,-52.1],[55.9,-52.3]]]]}},{"type":"Feature","properties":{},"geometry":{"type":"MultiPolygon","coordinates":[[[[127.4,-48.4],[126,-46.1],[128.8,-44.1],[130.1,-44.4],[131.5,-45.1],[133.4,-45.6],[134.8,-46],[136.5,-46.5],[136.6,-47.9],[134.6,-48.7],[132.1,-48.7],[130.4,-48.4],[128.5,-48],[127.8,-48.6],[127.4,-48.4]]]]}},{"type":"Feature","properties":{},"geometry":{"type":"MultiPolygon","coordinates":[[[[71.3,-32.7],[70.3,-34.2],[71.2,-32.7],[71.3,-32.7]]]]}},{"type":"Feature","properties":{},"geometry":{"type":"MultiPolygon","coordinates":[[[[71.7,-32.5],[73.5,-32.5],[74.3,-33.1],[74.6,-33.6],[75.4,-34.1],[76.5,-35],[77.5,-35.8],[78.3,-36.6],[78.6,-37],[78.5,-37.2],[73.1,-35.2],[71.7,-32.5]]]]}},{"type":"Feature","properties":{},"geometry":{"type":"MultiPolygon","coordinates":[[[[100.2,-14.8],[100.6,-15.9],[101.6,-19.4],[102.6,-21.6],[103.2,-22.1],[103.1,-22.2],[103,-22.5],[102.9,-22.6],[102.8,-22.5],[102.8,-22.7],[102.9,-23],[102.7,-23],[102.9,-23.2],[102.8,-23.4],[102.4,-23.4],[102.8,-23.6],[102.6,-23.7],[102.2,-23.7],[102.2,-23.9],[102.5,-24.1],[102.4,-24.3],[101.9,-24],[101.8,-24.3],[99.5,-23.4],[98.3,-26.7],[97.1,-26.6],[95.8,-27.8],[91.5,-28.9],[90.6,-27.7],[89.9,-26.5],[92.9,-25.3],[94.8,-24],[97.6,-21.6],[98.2,-20.6],[99.6,-18.1],[99.8,-17],[99.7,-15],[100.2,-14.8]]]]}},{"type":"Feature","properties":{},"geometry":{"type":"MultiPolygon","coordinates":[[[[153.8,-49.2],[152.8,-48],[152.7,-46.8],[153.4,-46],[153.5,-46.4],[154,-47.7],[154,-49],[153.8,-49.2]]]]}},{"type":"Feature","properties":{},"geometry":{"type":"MultiPolygon","coordinates":[[[[86.7,-61.2],[91.6,-58.7],[96.3,-59.3],[96.4,-63.8],[95.3,-69.1],[92.8,-71.3],[89,-67.6],[86.1,-64.8],[86.7,-61.2]]]]}},{"type":"Feature","properties":{},"geometry":{"type":"MultiPolygon","coordinates":[[[[92.8,-41.4],[92.9,-41.4],[93,-41.3],[93.1,-41.1],[93.4,-40.9],[94.5,-41.7],[97.1,-42.2],[99.4,-42.8],[101.4,-44.2],[104.3,-43.3],[106,-43],[109.4,-43],[111.3,-42.3],[111.3,-42.7],[110.2,-43.7],[109.4,-43.8],[108.1,-44.7],[107.6,-44.8],[107.2,-44.7],[106.6,-44.6],[105.7,-44.5],[104.5,-44.3],[103.9,-44.5],[102.9,-44.9],[100.1,-45.2],[98.8,-44.6],[98.7,-44.3],[98.4,-44.3],[98.4,-43.9],[98.2,-43.7],[98.3,-43.5],[98.1,-43.7],[97.7,-43.4],[97.9,-43.2],[97.6,-42.9],[96.8,-42.8],[96.6,-42.7],[96.1,-42.6],[95.6,-42.4],[95.7,-42.3],[95.3,-42.5],[94.9,-42.6],[94.8,-42.4],[95.1,-42.2],[94.5,-42],[93.8,-41.6],[93.2,-41.9],[92.8,-41.5],[92.8,-41.4]]]]}},{"type":"Feature","properties":{},"geometry":{"type":"MultiPolygon","coordinates":[[[[108.6,-40.4],[109,-40.5],[109.9,-40.5],[110.2,-40.7],[111.3,-41.6],[111.3,-42.3],[110,-43],[107.3,-42.7],[105.3,-42.7],[106.3,-42.1],[108.6,-40.4]]]]}},{"type":"Feature","properties":{},"geometry":{"type":"MultiPolygon","coordinates":[[[[96.1,-40.1],[96.3,-40],[96.5,-40],[96.6,-39.8],[97.4,-40.1],[97.5,-40.4],[98.6,-40.3],[99.5,-40.4],[100.9,-40.3],[99.4,-41],[96.9,-41],[96.9,-40.7],[96.1,-40.1]]]]}},{"type":"Feature","properties":{},"geometry":{"type":"MultiPolygon","coordinates":[[[[105,-40.5],[104.1,-41],[102.6,-40.4],[103.1,-40.4],[105,-40.5]]]]}},{"type":"Feature","properties":{},"geometry":{"type":"MultiPolygon","coordinates":[[[[98.3,-26.7],[96.6,-30.7],[95.1,-33.2],[93.1,-33.9],[91.5,-32.4],[91.6,-29.8],[94.7,-28],[96.7,-26.7],[98.1,-26.3],[98.3,-26.7]]]]}},{"type":"Feature","properties":{},"geometry":{"type":"MultiPolygon","coordinates":[[[[89.1,-26.8],[90,-32.1],[88.6,-35.3],[86.5,-34.6],[85.1,-34],[86,-32.8],[86.5,-30.9],[85.9,-28.4],[87.7,-27.5],[89.1,-26.8]]]]}},{"type":"Feature","properties":{},"geometry":{"type":"MultiPolygon","coordinates":[[[[112.7,-40.1],[112.1,-39.7],[112.5,-39.5],[112,-38.9],[111.8,-38.4],[111.9,-37.9],[112.4,-38.3],[112.8,-40],[112.7,-40.1]]]]}},{"type":"Feature","properties":{},"geometry":{"type":"MultiPolygon","coordinates":[[[[88.2,-12.1],[88.5,-11.3],[88.9,-12.2],[88.6,-12.8],[88.4,-12.6],[88.2,-12.2],[88.2,-12.1]]]]}},{"type":"Feature","properties":{},"geometry":{"type":"MultiPolygon","coordinates":[[[[76,-10.6],[75.8,-14],[76.1,-17.9],[78.8,-19.7],[79.8,-20],[84.6,-20.3],[85,-20.7],[84,-21.4],[83.4,-21.8],[82.9,-22.2],[81.7,-22.6],[79.3,-23],[77.5,-23.7],[76.3,-24.5],[75.7,-25.1],[75.7,-24.7],[76,-23.8],[76.3,-22.7],[76.2,-21.7],[76.2,-20.8],[75.9,-19.6],[75.5,-18.6],[75,-17.4],[74.9,-16.4],[75,-15.1],[75.7,-11.4],[76,-10.6]]]]}},{"type":"Feature","properties":{},"geometry":{"type":"MultiPolygon","coordinates":[[[[87.1,-12.9],[81.4,-10],[79,-6.2],[76.2,-3.6],[76.3,-2.9],[76.8,-3.3],[77,-3.3],[76.8,-3.1],[76.9,-2.9],[77.1,-3],[77.1,-3.2],[77.3,-3.2],[77.4,-3],[77.7,-3.2],[78,-2.9],[78,-3.2],[78.2,-3.3],[78.5,-3.7],[78.8,-3.6],[79.1,-3.5],[79.4,-3.6],[79.5,-3.6],[79.7,-3.7],[80,-3.7],[80,-4],[79.8,-4.2],[80.1,-4.2],[80.2,-3.9],[80.2,-4.1],[80.2,-3.8],[80.7,-3.9],[81,-4.1],[81.2,-3.9],[81.3,-4],[81.4,-4.3],[81.4,-4.1],[81.6,-4.2],[81.5,-4.3],[81.7,-4.5],[81.9,-4.4],[81.9,-4.6],[82.1,-4.5],[82.3,-4.6],[82.3,-4.9],[82.4,-5.1],[82.5,-5],[82.7,-5],[82.8,-5.1],[83.1,-5.2],[83.2,-5.3],[83.3,-5.4],[83.5,-5.6],[83.5,-5.8],[83.7,-5.9],[83.8,-5.8],[83.9,-6.2],[84.1,-6.1],[84.5,-6.4],[84.7,-6.6],[84.7,-6.8],[84.8,-7.2],[84.9,-7.4],[85,-7.4],[84.8,-7.6],[85.1,-7.8],[85.2,-8],[85.2,-7.9],[85.5,-7.9],[85.3,-8.3],[84.9,-8.6],[84.9,-8.8],[85.1,-8.6],[85.3,-8.6],[85.5,-8.5],[85.7,-8.7],[85.9,-8.9],[85.8,-9],[86,-9.1],[86.1,-9.6],[86.3,-9.7],[86.5,-10],[86.6,-10],[86.8,-10.3],[86.8,-10.4],[86.8,-10.7],[87.2,-11],[87.2,-11.2],[87.5,-11.4],[87.7,-11.2],[88.2,-11.4],[87.9,-11.6],[87.7,-11.8],[87.2,-11.8],[87.1,-11.8],[87.1,-11.9],[86.9,-12],[87.2,-12.3],[87.2,-12.4],[87.1,-12.7],[87.1,-12.9]]]]}},{"type":"Feature","properties":{},"geometry":{"type":"MultiPolygon","coordinates":[[[[87.7,-14],[87.8,-13.9],[88,-14.1],[88.2,-14.4],[88.1,-14.7],[88.3,-14.5],[88.5,-14.6],[88.7,-14.6],[88.3,-15.4],[87.7,-14]]]]}},{"type":"Feature","properties":{},"geometry":{"type":"MultiPolygon","coordinates":[[[[81.1,-1.7],[81.1,-2.2],[81,-1.8],[81.1,-1.7]]]]}},{"type":"Feature","properties":{},"geometry":{"type":"MultiPolygon","coordinates":[[[[88.6,-10.4],[88.5,-11.1],[88.3,-10.8],[88.6,-10.4]]]]}},{"type":"Feature","properties":{},"geometry":{"type":"MultiPolygon","coordinates":[[[[81.1,-3.7],[81.2,-3.8],[81,-3.8],[81.1,-3.7]]]]}},{"type":"Feature","properties":{},"geometry":{"type":"MultiPolygon","coordinates":[[[[75.2,19.9],[74.9,22.4],[74.2,23.7],[76.2,24.6],[79.5,24.4],[79.8,23],[77.2,20.4],[75.2,19.9]]]]}},{"type":"Feature","properties":{},"geometry":{"type":"MultiPolygon","coordinates":[[[[85.5,24.2],[84.5,23.7],[82.2,24.6],[79.9,25.5],[75,25.9],[78.3,26.9],[80.4,26.4],[81.4,25.7],[82.5,25.5],[85.3,24.3],[85.5,24.2]]]]}},{"type":"Feature","properties":{},"geometry":{"type":"MultiPolygon","coordinates":[[[[72,-0.9],[71.6,-2.6],[71.4,-5.4],[71.1,-7.1],[71.5,-9.1],[71.1,-11],[69.9,-13.8],[69.6,-16],[69.2,-14.8],[68.6,-13],[69.2,-8.1],[70.3,-5.2],[72,-0.9]]]]}},{"type":"Feature","properties":{},"geometry":{"type":"MultiPolygon","coordinates":[[[[54.7,-8],[54.8,-5.3],[57.2,-6.1],[58.8,-7.8],[59.5,-8.8],[61.2,-10.5],[61.8,-12.1],[61.9,-14.1],[60.8,-16.9],[58.8,-16.6],[56.8,-14.3],[55.8,-12.7],[55.1,-10.6],[54.8,-8.3],[54.7,-8]]]]}},{"type":"Feature","properties":{},"geometry":{"type":"MultiPolygon","coordinates":[[[[-79.3,-29.1],[-79,-29.2],[-78.7,-29.1],[-78.7,-28.9],[-78.4,-28.9],[-77.9,-28.7],[-77.7,-28.6],[-77.8,-28.5],[-77.5,-28.1],[-77.3,-27.7],[-77.4,-28],[-77.2,-27.8],[-77,-27.8],[-76.9,-27.6],[-76.5,-27.8],[-76.9,-27.3],[-76.6,-27],[-76.6,-26.8],[-75.5,-26],[-75.6,-25.9],[-75.3,-25.5],[-74.9,-25.2],[-73.8,-25],[-73.1,-26.4],[-73.8,-27.7],[-74,-27.9],[-74.5,-28.3],[-74.7,-28.6],[-74.2,-28.4],[-73.9,-28.3],[-73.6,-28.4],[-73.2,-27.7],[-73,-27.7],[-72.6,-27.8],[-72,-27.8],[-71.8,-27.8],[-71.5,-27.8],[-71.3,-27.6],[-71,-27.3],[-70.7,-26.7],[-71.3,-26.6],[-71.6,-27.1],[-72.1,-26.8],[-71.6,-26.3],[-71.3,-25.5],[-71.7,-25.5],[-72.5,-25.7],[-73.4,-24.7],[-73.1,-24.1],[-73.2,-23.9],[-74,-23.8],[-73.8,-23.3],[-73,-21.4],[-71.4,-16.8],[-69.7,-16.5],[-66.9,-15.7],[-62.4,-14.4],[-59.3,-13.8],[-54.9,-12.4],[-54,-12.1],[-53.8,-12.1],[-53.4,-12.6],[-51.8,-12.4],[-51.6,-13.7],[-51.5,-17.2],[-51.7,-16.3],[-52.8,-16.4],[-53.3,-16.6],[-53.2,-17.1],[-53.1,-17.3],[-53.2,-17.5],[-53,-18.1],[-52.9,-18.3],[-52.5,-18.8],[-52.4,-19],[-52.2,-19.1],[-51.9,-19],[-51.9,-19.2],[-51.9,-19.3],[-52.1,-22.6],[-52.5,-24.3],[-49.8,-26.8],[-49.6,-27.6],[-49.9,-27.4],[-49.8,-27.2],[-49.9,-26.9],[-50.7,-26.6],[-50.7,-26.2],[-51.3,-26.7],[-51.5,-26.4],[-51.8,-26],[-52,-26.1],[-51.9,-26.7],[-51.5,-27.4],[-51.3,-27.8],[-51,-28.4],[-50.9,-28.6],[-50.7,-29],[-50.5,-29],[-50.2,-29],[-50.1,-28.9],[-49.8,-28.7],[-50.3,-28.8],[-50.6,-28.9],[-49.9,-28.1],[-49.7,-27.7],[-49.5,-28.2],[-49.1,-28.6],[-48.6,-29.4],[-48.9,-29.7],[-49.7,-30.1],[-49.6,-30.4],[-50.2,-29.9],[-50.4,-29.7],[-50.7,-30],[-50.7,-30.6],[-50.9,-30.8],[-51.1,-31.2],[-51.2,-30.8],[-51.2,-30.9],[-51.3,-31.2],[-51.2,-31.5],[-50.5,-31.9],[-50.9,-32.1],[-50.3,-32.1],[-50.2,-32.3],[-50.3,-32.5],[-49.8,-32.4],[-49.5,-32.5],[-48.9,-32.9],[-49.3,-32.9],[-49,-33.1],[-49.7,-35.6],[-49.9,-34.9],[-51.6,-34.8],[-52.2,-34.8],[-52.7,-35.1],[-52.7,-35.3],[-53.3,-35.8],[-53.4,-36.1],[-53.7,-36.4],[-54.1,-36.7],[-54.6,-37],[-55,-37.9],[-55.5,-39.4],[-55.3,-40.4],[-54.3,-41.2],[-54.7,-41.2],[-54.6,-41.6],[-54.7,-42],[-55.7,-41.1],[-56.8,-40.2],[-57.9,-39.8],[-58.8,-39.6],[-61.3,-39.5],[-62.6,-38.3],[-62.5,-38.1],[-62,-37.3],[-61.7,-37.7],[-62,-37.2],[-62.3,-37],[-62.3,-36.9],[-62.5,-36.4],[-64,-36.2],[-65.2,-35.5],[-64.3,-34.9],[-65,-34.1],[-65.6,-34.2],[-66.3,-34.3],[-66.6,-34.3],[-66.9,-33.9],[-66.8,-33.5],[-66.9,-33.3],[-66.8,-33],[-66.7,-32.5],[-66.8,-31.8],[-66.7,-31.3],[-66.8,-30.8],[-67.4,-31.4],[-67.7,-31.3],[-67.6,-31.6],[-67.7,-31.9],[-67.8,-32.1],[-67.8,-32.4],[-67.7,-32.6],[-67.7,-32.7],[-67.6,-32.8],[-67.7,-33],[-67.7,-33.3],[-67.5,-33.5],[-67.6,-33.8],[-67.6,-34.3],[-67.8,-34.1],[-67.8,-34.3],[-67.9,-34.1],[-68.2,-34.3],[-68.6,-34.6],[-68.7,-34.8],[-69.1,-34.7],[-69.4,-34.5],[-69.8,-34.4],[-70.6,-34.2],[-70.9,-34.2],[-71.1,-34.2],[-71.4,-34],[-71.8,-33.8],[-71.6,-33.6],[-72,-33.4],[-72,-33.2],[-72.2,-33.1],[-72.2,-32.8],[-72.5,-32.5],[-72.9,-32.1],[-73.1,-31.8],[-73.3,-31.6],[-73.6,-31.6],[-74.1,-31.8],[-74.2,-32.1],[-74.2,-32.2],[-74.3,-32.3],[-74.5,-32.6],[-74.2,-32.7],[-74.1,-32.9],[-74.2,-33.1],[-74.1,-33.2],[-73.6,-33.5],[-73.3,-33.4],[-72.9,-33.8],[-72.4,-34.2],[-72.5,-34.2],[-72.3,-34.6],[-72.4,-35],[-72.2,-35.1],[-72.1,-35.2],[-72,-35.2],[-71.9,-35.5],[-72.3,-35.6],[-71.7,-35.8],[-71.5,-36],[-70.7,-36.2],[-70.8,-36.3],[-70.6,-36.4],[-70.4,-36.4],[-70.1,-36.5],[-69.8,-36.6],[-69.5,-36.4],[-68.9,-36.2],[-68.8,-36.2],[-68.4,-36.1],[-68.3,-36.3],[-68.1,-36.7],[-68,-36.6],[-67.8,-36.6],[-67.9,-36.7],[-67.6,-36.9],[-67.7,-37.1],[-67.5,-37.2],[-67.5,-37.5],[-67.4,-37.5],[-67.2,-37.6],[-67.2,-37.8],[-66.9,-37.8],[-66.7,-37.9],[-66.7,-38.1],[-66.3,-38],[-66.3,-38.2],[-65.6,-38.3],[-65.6,-38.4],[-65.2,-38.6],[-64.8,-39.2],[-65.1,-39.6],[-64.6,-40],[-65.9,-40.7],[-66.1,-40.3],[-66.7,-40.5],[-67.2,-40.5],[-67.7,-40.4],[-68.5,-40.1],[-68.3,-40.2],[-68.2,-40.4],[-68.6,-40.2],[-68.7,-40.3],[-68.8,-40.3],[-69.5,-40.1],[-69.8,-40.2],[-70.2,-40.1],[-70.6,-39.9],[-70.4,-40.2],[-69.8,-40.4],[-69.8,-40.6],[-70,-40.7],[-69.9,-40.9],[-69.8,-41.2],[-69.7,-41.3],[-69.5,-41.9],[-69.5,-42.1],[-69.8,-42.4],[-69.9,-42.5],[-70,-42.5],[-70.1,-42.5],[-70.9,-42.8],[-71.5,-42.6],[-71,-42.4],[-71.1,-42.4],[-71.3,-42.3],[-71.5,-42.2],[-71.7,-42],[-71.7,-42.1],[-71.8,-42.3],[-72,-42.4],[-71.8,-42.5],[-72.2,-42.3],[-72.2,-42.2],[-72.1,-41.8],[-72.3,-42.1],[-72.4,-41.8],[-72.2,-41.6],[-72.6,-41.2],[-72.7,-41.6],[-72.4,-42],[-72.6,-42.1],[-72.7,-42],[-73,-41.9],[-73.3,-41.5],[-73.4,-41.9],[-73.3,-41.7],[-73.6,-41.5],[-73.7,-41.7],[-73.7,-41.5],[-73.4,-41.2],[-73.2,-40.9],[-73,-40.9],[-73.1,-40.7],[-73.4,-40.4],[-73.3,-40.7],[-73.6,-41],[-73.7,-41.2],[-73.9,-41.5],[-74.2,-41.5],[-74.3,-41.3],[-74.4,-41.3],[-74.4,-41.2],[-74.6,-41.1],[-74.5,-40.9],[-74.4,-40.8],[-74.1,-40.5],[-74.7,-41],[-74.8,-40.9],[-74.7,-40.8],[-74.7,-40.7],[-74.7,-40.6],[-74.5,-40.4],[-74.8,-40.2],[-74.3,-40.3],[-74.8,-40.1],[-75.1,-40.3],[-74.8,-40.1],[-74.8,-39.9],[-74.7,-39.8],[-74.6,-39.5],[-75,-39.9],[-75.2,-39.8],[-74.9,-39.6],[-75,-39.4],[-74.7,-39.4],[-74.7,-39.3],[-74.9,-39.3],[-74.8,-38.9],[-75.1,-39],[-75.1,-38.8],[-74.9,-38.7],[-75.1,-38.6],[-75.1,-38.5],[-74.6,-38.4],[-74.6,-38.1],[-74.7,-37.7],[-75.1,-37.6],[-74.8,-37.9],[-75,-38.4],[-75.2,-38.3],[-75.3,-38.1],[-75.5,-38.1],[-75.5,-37.9],[-75.6,-37.7],[-75.6,-37.5],[-75.4,-37.5],[-75.5,-37.3],[-75.7,-37],[-75.8,-37.3],[-75.9,-37],[-76,-37.1],[-75.8,-36.6],[-76,-36.6],[-76.1,-36.5],[-76.4,-36.4],[-76.2,-36.4],[-76.3,-36.4],[-76.5,-36.3],[-76.7,-36.1],[-76.7,-36],[-76.7,-35.7],[-76.7,-35.6],[-76.9,-35.6],[-77.2,-35.7],[-77.1,-35.5],[-77.2,-35.5],[-77.3,-35.4],[-77.3,-35.3],[-77.6,-35.3],[-77.6,-35.1],[-77.5,-35],[-77.4,-34.7],[-77.4,-34.5],[-77.7,-34.7],[-77.7,-34.6],[-77.8,-34.6],[-77.5,-34.4],[-77.7,-34.2],[-77.8,-34.4],[-78.1,-34.2],[-78,-34.4],[-78.2,-34.4],[-78,-34.1],[-78.3,-34.2],[-78.4,-33.8],[-78.1,-33.9],[-78.1,-33.8],[-78.2,-33.7],[-78.4,-33.8],[-78.3,-33.5],[-78.1,-33.2],[-78.4,-33.4],[-78.6,-33.5],[-78.5,-33.1],[-78.7,-33.1],[-79,-32.8],[-79,-32.5],[-79.1,-32.5],[-78.8,-32.3],[-78.9,-32.3],[-79.1,-32.2],[-79.3,-32],[-79.1,-32],[-79,-31.8],[-78.8,-31.7],[-79.1,-31.6],[-79,-31.5],[-78.8,-31.2],[-79.1,-31.1],[-79.4,-31.3],[-79.3,-31.2],[-79.2,-31],[-79.2,-30.8],[-78.9,-30.9],[-79.2,-30.7],[-79.2,-30.6],[-79.5,-30.2],[-79.7,-30.1],[-79.7,-29.9],[-79.7,-29.8],[-79.5,-29.6],[-79.1,-30],[-78.7,-30.1],[-79.2,-29.4],[-79,-29.5],[-79.2,-29.3],[-79.3,-29.1]]]]}},{"type":"Feature","properties":{},"geometry":{"type":"MultiPolygon","coordinates":[[[[-68,-42],[-68.1,-41.2],[-67.9,-41.7],[-68,-42]]]]}},{"type":"Feature","properties":{},"geometry":{"type":"MultiPolygon","coordinates":[[[[-66.1,-36.8],[-65.8,-37],[-65.3,-37.2],[-65.2,-37.5],[-65.5,-37.5],[-66,-36.9],[-66.1,-36.8]]]]}},{"type":"Feature","properties":{},"geometry":{"type":"MultiPolygon","coordinates":[[[[-66.3,-34.8],[-65.8,-34.8],[-65.5,-35.2],[-65.7,-35.1],[-66.2,-35.1],[-66.2,-35],[-66.3,-34.8]]]]}},{"type":"Feature","properties":{},"geometry":{"type":"MultiPolygon","coordinates":[[[[-79.1,-33.5],[-78.8,-33.7],[-78.9,-33.5],[-78.6,-33.5],[-78.6,-33.8],[-78.6,-34.2],[-78.9,-33.9],[-79,-33.8],[-79.1,-33.5]]]]}},{"type":"Feature","properties":{},"geometry":{"type":"MultiPolygon","coordinates":[[[[-79.5,-32.7],[-79.4,-32.6],[-79.1,-32.7],[-79.1,-32.9],[-79.1,-33],[-79.3,-33],[-79.3,-32.9],[-79.3,-32.7],[-79.5,-32.7]]]]}},{"type":"Feature","properties":{},"geometry":{"type":"MultiPolygon","coordinates":[[[[-66.4,-34.7],[-66.3,-34.8],[-66.7,-34.7],[-66.6,-34.5],[-66.4,-34.7]]]]}},{"type":"Feature","properties":{},"geometry":{"type":"MultiPolygon","coordinates":[[[[-79.4,-33.7],[-79,-34],[-79.1,-34],[-79.2,-34.1],[-79.1,-34],[-79.4,-33.7]]]]}},{"type":"Feature","properties":{},"geometry":{"type":"MultiPolygon","coordinates":[[[[-68.6,-35.4],[-68.4,-35.6],[-68.3,-35.6],[-68.4,-35.7],[-68.6,-35.7],[-68.6,-35.4]]]]}},{"type":"Feature","properties":{},"geometry":{"type":"MultiPolygon","coordinates":[[[[-79.7,-30.4],[-79.6,-30.9],[-79.7,-30.9],[-79.8,-30.8],[-79.7,-30.5],[-79.8,-30.4],[-79.7,-30.4]]]]}},{"type":"Feature","properties":{},"geometry":{"type":"MultiPolygon","coordinates":[[[[-79.3,-32.2],[-79.3,-32.4],[-79.5,-32.4],[-79.5,-32.2],[-79.3,-32.2]]]]}},{"type":"Feature","properties":{},"geometry":{"type":"MultiPolygon","coordinates":[[[[-75.4,-38.7],[-75.2,-38.6],[-75.4,-38.8],[-75.4,-38.7]]]]}},{"type":"Feature","properties":{},"geometry":{"type":"MultiPolygon","coordinates":[[[[-79.5,-30.4],[-79.3,-30.7],[-79.4,-30.6],[-79.5,-30.4]]]]}},{"type":"Feature","properties":{},"geometry":{"type":"MultiPolygon","coordinates":[[[[-68.1,-34.1],[-67.9,-34.5],[-68.1,-34.4],[-68.1,-34.1]]]]}},{"type":"Feature","properties":{},"geometry":{"type":"MultiPolygon","coordinates":[[[[-78.7,-34.1],[-78.7,-34.5],[-78.8,-34.2],[-78.7,-34.1]]]]}},{"type":"Feature","properties":{},"geometry":{"type":"MultiPolygon","coordinates":[[[[-79.8,-29.6],[-79.6,-29.5],[-79.8,-29.7],[-79.8,-29.6]]]]}},{"type":"Feature","properties":{},"geometry":{"type":"MultiPolygon","coordinates":[[[[-78.8,-34.5],[-78.8,-34.6],[-78.9,-34.6],[-78.8,-34.5]]]]}},{"type":"Feature","properties":{},"geometry":{"type":"MultiPolygon","coordinates":[[[[-77.7,-17.9],[-77.5,-16.7],[-77.5,-16.1],[-77.1,-15.4],[-76.3,-15.4],[-74.1,-16.2],[-71.4,-16.8],[-73,-21.4],[-74.5,-22.4],[-74.7,-22.2],[-74.8,-22.1],[-74.7,-22],[-74.9,-22.1],[-75.1,-21.8],[-75.2,-21.7],[-75.5,-21.4],[-75.6,-21.2],[-75.8,-21],[-75.6,-20.9],[-75.6,-20.8],[-75.7,-20.7],[-75.9,-20.8],[-75.8,-20.9],[-76.2,-20.4],[-76,-20.3],[-75.9,-20.4],[-75.6,-20.3],[-75.7,-20.4],[-75.6,-20.4],[-75.5,-20.5],[-75.4,-20.5],[-75.5,-20.2],[-75.5,-20],[-75.5,-19.9],[-75.7,-19.9],[-76,-19.7],[-76.1,-19.5],[-76.1,-19.2],[-76.3,-19],[-76.4,-18.9],[-76.5,-18.8],[-76.4,-18.7],[-76.7,-18.6],[-76.6,-18.6],[-76.4,-18.3],[-76.2,-18.1],[-76.4,-18.1],[-76.7,-17.7],[-77.2,-18.1],[-77.3,-18.3],[-77.7,-18.1],[-77.7,-17.9]]]]}},{"type":"Feature","properties":{},"geometry":{"type":"MultiPolygon","coordinates":[[[[-75.6,-23.9],[-75.5,-23.2],[-75.3,-23.1],[-74.8,-22.9],[-74.1,-23.3],[-74.9,-23.9],[-75,-23.9],[-75.5,-23.9],[-75.6,-23.9]]]]}},{"type":"Feature","properties":{},"geometry":{"type":"MultiPolygon","coordinates":[[[[96.8,-58.6],[97.8,-55.8],[99.1,-55.7],[101.3,-56.4],[103.6,-56.8],[103.9,-57.1],[104.1,-57.4],[103.5,-57.5],[103.6,-58.3],[103.7,-58.4],[105,-58.5],[106,-59.4],[106.4,-60.1],[104.4,-61.9],[102.1,-63.3],[102.3,-65.2],[102.2,-66.8],[95.8,-62.8],[96.8,-58.6]]]]}},{"type":"Feature","properties":{},"geometry":{"type":"MultiPolygon","coordinates":[[[[101.5,-52.7],[101.4,-52.9],[101.7,-53.1],[101.5,-53.2],[101.5,-53.4],[101.9,-53.5],[102.3,-53.9],[102.2,-54],[102.5,-54.1],[102.6,-54.3],[103.1,-54.5],[104.3,-54.5],[104.6,-54.3],[106.8,-54],[107.2,-53.8],[107.1,-53.7],[106.8,-53.4],[106.3,-53.4],[106.2,-53.1],[106.7,-52.7],[107.1,-52.7],[106.5,-52.8],[106,-52.3],[105.1,-52.1],[105.4,-52.6],[105,-52.5],[104.7,-52.3],[104.3,-52.4],[104,-52.3],[103.3,-52.2],[102.9,-52.3],[102.3,-52],[104.8,-49.7],[109.1,-49.5],[111.6,-48.6],[114.2,-49.4],[114.9,-50.4],[113.7,-52.6],[111.6,-54],[107.2,-54.1],[105.7,-54.5],[104,-54.9],[103.9,-56],[101.3,-56.4],[101.9,-56.2],[99.9,-55.6],[98,-55.1],[101.5,-52.7]]]]}},{"type":"Feature","properties":{},"geometry":{"type":"MultiPolygon","coordinates":[[[[115.4,-49.2],[116,-48.8],[116.9,-48.2],[116.7,-48.7],[116.3,-50.1],[114.8,-53],[114.4,-53.8],[113.7,-54.2],[115.4,-49.2]]]]}},{"type":"Feature","properties":{},"geometry":{"type":"MultiPolygon","coordinates":[[[[52.3,-55.5],[59,-55.7],[57.8,-59.9],[63.5,-63.8],[67.5,-66.6],[61.4,-67.6],[49.4,-64.2],[49,-60.1],[52.3,-55.5]]]]}},{"type":"Feature","properties":{},"geometry":{"type":"MultiPolygon","coordinates":[[[[90.4,-40.8],[86,-41.9],[81.4,-41.2],[80.9,-39.5],[80.5,-38.5],[81.6,-38.6],[82.1,-38.5],[82.5,-38.8],[84.4,-39.1],[87.3,-40],[90.4,-40.8]]]]}},{"type":"Feature","properties":{},"geometry":{"type":"MultiPolygon","coordinates":[[[[86.8,-64.9],[90,-67.7],[94.3,-71.3],[89.1,-68.6],[86.8,-64.9]]]]}},{"type":"Feature","properties":{},"geometry":{"type":"MultiPolygon","coordinates":[[[[86.7,-61.2],[86.1,-64.8],[85.2,-62.1],[86.7,-61.2]]]]}},{"type":"Feature","properties":{},"geometry":{"type":"MultiPolygon","coordinates":[[[[-59.5,-75.3],[-56.9,-73.7],[-51.2,-73.2],[-37.6,-73.8],[-19.1,-74.5],[-7.1,-75.3],[-4.7,-76.6],[-16.2,-76.4],[-37,-77.4],[-56.3,-76.6],[-59.5,-75.3]]]]}},{"type":"Feature","properties":{},"geometry":{"type":"MultiPolygon","coordinates":[[[[85.2,-77],[98.8,-78.8],[120.6,-80.8],[121.6,-81.7],[124.9,-82],[140.2,-83.2],[144.4,-83.1],[149.1,-83.7],[143.5,-84.1],[131.6,-85.3],[86,-85.2],[84,-83.4],[79.8,-81.8],[75,-80.4],[77.1,-79],[83.8,-77.6],[85.2,-77]]]]}},{"type":"Feature","properties":{},"geometry":{"type":"MultiPolygon","coordinates":[[[[-180,-68.1],[-178.9,-64.4],[-173.6,-62.9],[-164.6,-62.4],[-153.6,-60.2],[-143.5,-58.9],[-137.8,-57.6],[-132.3,-58.9],[-131.7,-61.8],[-138.5,-63.1],[-149.5,-65.1],[-153.7,-66.5],[-158.1,-67.1],[-158.2,-68],[-157.2,-66],[-163.7,-66.9],[-170.7,-69.2],[-180,-68.1]]]]}},{"type":"Feature","properties":{},"geometry":{"type":"MultiPolygon","coordinates":[[[[180,-70.8],[180,-77.3],[178.7,-75.4],[175.1,-73.2],[180,-70.8]]]]}},{"type":"Feature","properties":{},"geometry":{"type":"MultiPolygon","coordinates":[[[[-180,-77.3],[-180,-70.8],[-175,-71.8],[-163.5,-71.1],[-150.6,-69.5],[-141.4,-69.4],[-135.1,-71],[-138.5,-73.5],[-152,-76],[-172.1,-76.8],[-180,-77.3]]]]}},{"type":"Feature","properties":{},"geometry":{"type":"MultiPolygon","coordinates":[[[[180,-68.1],[178.2,-71.3],[173,-71.8],[172.2,-69.8],[178.3,-67.8],[180,-68.1]]]]}},{"type":"Feature","properties":{},"geometry":{"type":"MultiPolygon","coordinates":[[[[-180,-70.8],[-176,-68.9],[-176.8,-70.1],[-180,-70.8]]]]}},{"type":"Feature","properties":{},"geometry":{"type":"MultiPolygon","coordinates":[[[[180,-82.2],[179.1,-82.9],[177.5,-82.6],[177.4,-82.7],[177.6,-83],[176.6,-83],[174.9,-82.9],[174,-82.8],[173.1,-82.8],[172.2,-82.8],[170.9,-82.8],[172,-82.5],[171.4,-82.3],[170.4,-82.6],[169,-82.6],[169.5,-82.3],[169.9,-82.1],[178.2,-82.2],[180,-82.2]]]]}},{"type":"Feature","properties":{},"geometry":{"type":"MultiPolygon","coordinates":[[[[-180,-82.7],[-172,-82.4],[-172.8,-82.5],[-174,-82.4],[-175.2,-82.4],[-176.7,-82.6],[-176.7,-82.8],[-178.3,-82.8],[-179.5,-82.9],[-180,-82.7]]]]}},{"type":"Feature","properties":{},"geometry":{"type":"MultiPolygon","coordinates":[[[[155.3,-82.9],[167.5,-82],[166.7,-82.1],[166,-82.3],[165.3,-82.6],[163.5,-82.7],[161.5,-82.8],[162.1,-83],[156.1,-82.9],[155.3,-82.9]]]]}},{"type":"Feature","properties":{},"geometry":{"type":"MultiPolygon","coordinates":[[[[166.4,-82.6],[167.1,-82.3],[167.5,-82.3],[168.1,-82.5],[166.4,-82.6]]]]}},{"type":"Feature","properties":{},"geometry":{"type":"MultiPolygon","coordinates":[[[[142.3,-76.2],[149.7,-74.1],[152.6,-69.3],[158.5,-67.2],[164,-69.4],[166.3,-72.6],[159.4,-74.6],[150.1,-76.6],[142.3,-76.2]]]]}},{"type":"Feature","properties":{},"geometry":{"type":"MultiPolygon","coordinates":[[[[-180,-63],[-175.7,-59.1],[-169.3,-57.9],[-164.4,-57.8],[-158.7,-56.1],[-154.9,-54.5],[-151.8,-54.1],[-145.9,-54.1],[-141.4,-52.5],[-134.9,-53],[-129.3,-54.8],[-127.1,-56.1],[-123.8,-58.4],[-120.5,-58.9],[-116.8,-60.3],[-116.4,-60.5],[-115.8,-60.8],[-115.5,-61],[-115,-61.3],[-114.5,-61.7],[-114.1,-61.9],[-113.6,-62.2],[-113.2,-62.4],[-112.4,-63.5],[-112.7,-64.7],[-112.5,-65.8],[-112,-66],[-111.2,-66.6],[-110.9,-66.1],[-109.7,-67.6],[-109.7,-68],[-110.6,-67.6],[-111,-67.8],[-111.2,-68.3],[-111.4,-68.9],[-111.7,-69.5],[-112.8,-69.6],[-113.2,-69.7],[-115.6,-68.1],[-118.4,-66.1],[-120.4,-64.5],[-124.6,-63.4],[-127.3,-62.1],[-130,-61.8],[-132.3,-58.9],[-137.8,-57.6],[-143.5,-58.9],[-153.6,-60.2],[-164.6,-62.4],[-173.6,-62.9],[-180,-63]]]]}},{"type":"Feature","properties":{},"geometry":{"type":"MultiPolygon","coordinates":[[[[-108.9,-69.2],[-110.1,-69.4],[-110,-68.9],[-108.7,-69.2],[-108.9,-69.2]]]]}},{"type":"Feature","properties":{},"geometry":{"type":"MultiPolygon","coordinates":[[[[162.7,-39.6],[163.1,-39.8],[164.5,-42.5],[167.1,-43.9],[166.1,-44.3],[164.2,-43.6],[163.4,-43.5],[161.6,-42.8],[162.7,-39.6]]]]}},{"type":"Feature","properties":{},"geometry":{"type":"MultiPolygon","coordinates":[[[[-141,-23.2],[-142.3,-22.5],[-142.8,-21.9],[-140.8,-22.2],[-140.9,-22.3],[-140.7,-22.4],[-140.9,-22.6],[-140.7,-22.9],[-140.4,-23],[-140.5,-23.1],[-140.5,-23.5],[-140.9,-23.2],[-141,-23.2]]]]}},{"type":"Feature","properties":{},"geometry":{"type":"MultiPolygon","coordinates":[[[[-140.8,-22.2],[-141.8,-20.9],[-140.9,-19.8],[-139.7,-18.4],[-139,-17.6],[-138.2,-16.8],[-138.1,-17],[-138.2,-17],[-138.4,-17.1],[-138.3,-17.2],[-138.4,-17.3],[-138.4,-17.4],[-138.7,-17.5],[-138.8,-17.6],[-138.7,-17.8],[-138.7,-18],[-139,-17.9],[-138.9,-18.1],[-138.9,-18.3],[-139.3,-18.5],[-139.6,-18.4],[-139.1,-18.6],[-139.2,-18.8],[-139.5,-18.7],[-139.7,-18.8],[-139.3,-19],[-139.6,-19],[-139.5,-19.2],[-139.5,-19.4],[-139.6,-19.6],[-139.9,-19.5],[-139.9,-19.8],[-139.8,-19.9],[-140,-20.2],[-140.4,-20.1],[-140.4,-20.3],[-140.6,-20.3],[-140.8,-20.3],[-140.7,-20.5],[-140.8,-20.7],[-140.8,-20.9],[-140.9,-21.4],[-140.8,-21.4],[-140.8,-21.5],[-141.2,-21.6],[-140.9,-21.8],[-140.8,-21.9],[-140.8,-22.1],[-140.8,-22.2]]]]}},{"type":"Feature","properties":{},"geometry":{"type":"MultiPolygon","coordinates":[[[[-158.5,-21.4],[-158.7,-21.2],[-159.3,-20.8],[-159.4,-20.7],[-159.7,-20.9],[-160.4,-20.3],[-160.8,-20],[-161.5,-19.7],[-161.1,-19.8],[-161.2,-19.7],[-161.4,-19.6],[-161.5,-19.5],[-161.6,-19.5],[-161.7,-19.5],[-162.1,-19.4],[-162.4,-19.2],[-163.3,-18.8],[-165.4,-17.6],[-167.6,-16.5],[-169.1,-15.2],[-170.5,-13.7],[-168.7,-13.9],[-166.1,-15],[-162.7,-16.8],[-160.1,-18.2],[-157.9,-20.2],[-156.8,-20.9],[-158.5,-21.4]]]]}},{"type":"Feature","properties":{},"geometry":{"type":"MultiPolygon","coordinates":[[[[-158.9,-21.5],[-159.5,-20.8],[-159.2,-20.9],[-159.1,-21.1],[-158.8,-21.5],[-158.9,-21.5]]]]}},{"type":"Feature","properties":{},"geometry":{"type":"MultiPolygon","coordinates":[[[[-171.9,-10.8],[-172.5,-9],[-173,-11.1],[-173.2,-11],[-173.4,-10.5],[-173.4,-10.8],[-173.5,-11],[-173.4,-11.2],[-173.5,-11.2],[-173.6,-11.2],[-173.7,-11.1],[-173.8,-11.1],[-173.9,-11.3],[-174.1,-11.7],[-174.2,-11.4],[-174.1,-11.2],[-174,-11.1],[-173.9,-10.9],[-173.9,-10.5],[-174.2,-10.6],[-174.1,-10.4],[-174.3,-10.2],[-174.2,-9.8],[-174,-9.5],[-173.9,-9.4],[-173.8,-9.1],[-173.9,-8.8],[-173.9,-7.8],[-173.9,-7.4],[-174.1,-7.4],[-174.3,-6.6],[-174.2,-6.4],[-174.4,-6.5],[-174.6,-6.5],[-174.8,-6.3],[-175.2,-5.9],[-175.4,-5.5],[-175.2,-5.2],[-175.4,-5.2],[-175.3,-5],[-175.7,-5.1],[-175.6,-4.9],[-175.8,-4.8],[-175.9,-4.6],[-175.9,-4.8],[-176.2,-4.5],[-176.4,-4.6],[-176.7,-4.3],[-176.8,-4.3],[-176.9,-4.4],[-177.2,-4.4],[-177.7,-4.5],[-177.9,-4.6],[-178,-4.8],[-178.7,-4.6],[-178.7,-4.5],[-178.8,-4.3],[-178.9,-4.3],[-179.2,-4.3],[-179.6,-4.3],[-179.1,-3.8],[-178.6,-1.4],[-178.7,0.7],[-176.5,1.6],[-175.4,1.4],[-175,1],[-174.5,0.6],[-173.9,0.4],[-174.3,-0.5],[-174.2,-0.7],[-174.5,-1.4],[-174.8,-1.9],[-174.7,-2.9],[-174.6,-3.5],[-174.7,-4.1],[-174,-4.9],[-171.4,-5.3],[-169.6,-5.7],[-169.8,-8.1],[-171.8,-11.1],[-171.9,-10.8]]]]}},{"type":"Feature","properties":{},"geometry":{"type":"MultiPolygon","coordinates":[[[[-139.3,-17.1],[-139.5,-17.1],[-139.4,-17.2],[-139.3,-17.1]]]]}},{"type":"Feature","properties":{},"geometry":{"type":"MultiPolygon","coordinates":[[[[-139.6,-17.3],[-140.1,-18.1],[-141.5,-19.6],[-143.1,-21.4],[-143.7,-21.6],[-144.2,-20.3],[-144,-20.2],[-143.6,-20.4],[-143.3,-21.1],[-143.2,-21.1],[-143,-21],[-143.3,-20.8],[-143.1,-20.2],[-143.4,-20.3],[-143.6,-20.2],[-143.3,-19.7],[-143.7,-20.3],[-143.9,-20],[-143.7,-19.4],[-143.1,-18.9],[-142.3,-17.5],[-141.1,-16.1],[-140.7,-15.6],[-140.6,-16.1],[-141.2,-16.5],[-141.1,-16.6],[-140.8,-16.7],[-140.4,-16.9],[-139.9,-16.9],[-140.3,-17.3],[-139.8,-17.1],[-139.6,-17.3]]]]}},{"type":"Feature","properties":{},"geometry":{"type":"MultiPolygon","coordinates":[[[[-144.2,-20.2],[-143.9,-19.8],[-144,-20],[-144.2,-20.2]]]]}},{"type":"Feature","properties":{},"geometry":{"type":"MultiPolygon","coordinates":[[[[-136.9,-13.2],[-137.1,-12.9],[-137.4,-13.5],[-137.3,-13.7],[-137.4,-13.9],[-137.5,-14],[-137.5,-14.1],[-137.6,-14.3],[-138.2,-14.4],[-138.1,-14.1],[-138.2,-13.7],[-138.2,-13.6],[-138.2,-13.3],[-138.2,-13.2],[-138.1,-13],[-137.9,-12.8],[-138.1,-12.4],[-138,-12.4],[-138,-12.2],[-138.1,-12.1],[-138,-11.9],[-137.9,-11.8],[-137.7,-12],[-137.6,-12],[-137.5,-11.8],[-137.6,-11.7],[-137.6,-11.5],[-136.8,-12],[-136.9,-13.2]]]]}},{"type":"Feature","properties":{},"geometry":{"type":"MultiPolygon","coordinates":[[[[79.4,-73.1],[79.1,-73.2],[69.4,-73.1],[59.5,-73],[62.7,-70.6],[70,-68.2],[78.5,-70.2],[83.2,-72.4],[79.4,-73.1]]]]}},{"type":"Feature","properties":{},"geometry":{"type":"MultiPolygon","coordinates":[[[[-149.4,-81.1],[-138.4,-80.8],[-131.4,-80.5],[-112.3,-79.7],[-105.8,-80.3],[-109.3,-83.4],[-137.7,-84.3],[-149,-81.7],[-149.4,-81.1]]]]}},{"type":"Feature","properties":{},"geometry":{"type":"MultiPolygon","coordinates":[[[[-132.9,-69.1],[-129.1,-65.8],[-124,-67.4],[-125.7,-71.4],[-131.4,-71.3],[-132.9,-69.1]]]]}},{"type":"Feature","properties":{},"geometry":{"type":"MultiPolygon","coordinates":[[[[94.5,-55.3],[97.2,-57],[95.9,-58.7],[90.7,-58.1],[94.5,-55.3]]]]}},{"type":"Feature","properties":{},"geometry":{"type":"MultiPolygon","coordinates":[[[[105.1,-69.2],[107.9,-70.3],[106.6,-70.7],[108.6,-71],[109.2,-71.2],[111.8,-71.6],[113.4,-72.2],[113.1,-72.6],[114.8,-74.9],[111.8,-76.2],[111,-75.4],[110.7,-74.7],[109.8,-73.7],[109.5,-72.5],[107.8,-71.6],[107.1,-71.2],[104.9,-71.2],[105.1,-69.2]]]]}},{"type":"Feature","properties":{},"geometry":{"type":"MultiPolygon","coordinates":[[[[34.8,-75.4],[37.9,-76.4],[35.2,-76.2],[33.1,-75.7],[30.7,-74.8],[29.8,-74],[31.6,-74.4],[33.8,-74.8],[34.8,-75.4]]]]}},{"type":"Feature","properties":{},"geometry":{"type":"MultiPolygon","coordinates":[[[[111.4,-47.7],[113.5,-48.7],[111.6,-48.6],[109.1,-49.5],[104.8,-49.7],[109,-48.8],[110.4,-47.9],[111.4,-47.7]]]]}},{"type":"Feature","properties":{},"geometry":{"type":"MultiPolygon","coordinates":[[[[-172.6,3.6],[-173.7,5.6],[-173.8,7.1],[-172.6,8.9],[-172,9.3],[-171.6,9.1],[-170.7,8.8],[-170.5,7.6],[-171.5,6.8],[-171.9,5.9],[-172.1,4.2],[-172.6,3.6]]]]}},{"type":"Feature","properties":{},"geometry":{"type":"MultiPolygon","coordinates":[[[[107.2,-54.3],[108.6,-54.4],[110.6,-54.9],[110,-55.8],[106.3,-56.6],[103.6,-55.2],[105,-54.4],[107.2,-54.3]]]]}},{"type":"Feature","properties":{},"geometry":{"type":"MultiPolygon","coordinates":[[[[168.5,-67.8],[168.8,-69.2],[167,-68.9],[167.7,-67.5],[168.5,-67.8]]]]}},{"type":"Feature","properties":{},"geometry":{"type":"MultiPolygon","coordinates":[[[[-175.5,1.7],[-175.6,3.1],[-174.5,4.8],[-174.1,6.2],[-172.9,4.4],[-172.8,3.1],[-173.9,1.9],[-175.5,1.7]]]]}},{"type":"Feature","properties":{},"geometry":{"type":"MultiPolygon","coordinates":[[[[52,-55.1],[49.6,-58.6],[48.9,-63.2],[44.6,-63.4],[44.9,-61.1],[49.7,-57.2],[52,-55.1]]]]}},{"type":"Feature","properties":{},"geometry":{"type":"MultiPolygon","coordinates":[[[[-1.2,-43.3],[-0.3,-42.8],[0.6,-42],[1,-41.5],[1.2,-41.3],[1.3,-41.7],[1.3,-42.5],[1.2,-43.1],[1.2,-43.3],[1.3,-43.7],[1.3,-44.2],[1.3,-44.5],[1.4,-44.7],[1.5,-45],[1.6,-45.2],[1.9,-45.5],[2.4,-46],[2.4,-46.6],[1.4,-47.6],[-2.2,-48.6],[-1.3,-46.3],[-1.3,-43.7],[-1.2,-43.3]]]]}},{"type":"Feature","properties":{},"geometry":{"type":"MultiPolygon","coordinates":[[[[-5,-49.3],[-1,-48.3],[-0.4,-49.6],[-0.4,-50],[-0.9,-51.1],[-1.6,-51.7],[-4,-53.3],[-4.7,-54],[-4.8,-53.8],[-4.7,-53.5],[-5.1,-53.5],[-5.5,-53.6],[-5.1,-53],[-5.1,-52.7],[-4.4,-52.5],[-4.3,-52.2],[-4.3,-52],[-4.2,-51.8],[-5.6,-51.4],[-4.9,-51.1],[-4.4,-50.2],[-4.9,-50],[-4.8,-49.7],[-5.1,-49.4],[-5,-49.3]]]]}},{"type":"Feature","properties":{},"geometry":{"type":"MultiPolygon","coordinates":[[[[2.3,-46.7],[3,-47.5],[4.1,-47.7],[4.5,-47.8],[4.9,-47.5],[5.8,-47.1],[6.1,-47.6],[6.4,-48.8],[6,-49.1],[5.9,-49.3],[6,-49.4],[5.8,-50.2],[6.3,-50.6],[6.2,-50.6],[6.3,-50.8],[6.2,-51],[6.1,-51.2],[6,-51.4],[5.8,-51.6],[5.6,-51.9],[5.3,-52.1],[5.2,-52.3],[5.1,-52.5],[5,-52.8],[4.8,-53],[4.4,-53.2],[4,-53.5],[3.9,-53.7],[2.3,-53.1],[2.1,-53.1],[1.8,-52.5],[0.4,-52.7],[0.2,-52.5],[-0.4,-52.5],[-2.1,-52.8],[-2.5,-52.9],[-2.8,-52.8],[-3.1,-53.1],[-3.3,-53.1],[-3.4,-53.2],[-3.5,-53.2],[-3.7,-53.3],[-4.1,-53.6],[-4.2,-53.9],[-3.7,-53.1],[-1.5,-51.6],[-0.7,-50.8],[-0.4,-49.9],[-0.4,-49.5],[1.4,-47.6],[2.3,-46.7]]]]}},{"type":"Feature","properties":{},"geometry":{"type":"MultiPolygon","coordinates":[[[[-1.2,-59.1],[-1,-59.2],[-0.5,-59.3],[0,-59.6],[0.4,-59.7],[1,-59.8],[1.4,-59.9],[1.8,-59.9],[2.2,-60],[2.8,-60.2],[3.2,-60.3],[3.7,-60.4],[4.1,-60.4],[4.4,-60.5],[4.8,-60.4],[5,-60.5],[5.3,-61],[4.5,-61.6],[0.7,-62.1],[0.6,-62.3],[-1.8,-63.3],[-2.8,-64.3],[-3.8,-64.2],[-4.3,-64.3],[-4.9,-64.5],[-5.7,-64.5],[-6.2,-64.5],[-6.9,-64.3],[-7.8,-64.4],[-8.7,-64.4],[-9.4,-64.4],[-10,-64.3],[-10.7,-64.2],[-11.4,-64.2],[-11.8,-64.2],[-12.3,-64.3],[-12.6,-64.1],[-13,-64.3],[-13.6,-64.3],[-14.2,-64.3],[-14,-64],[-14,-63.5],[-14.3,-63.1],[-15,-62.9],[-16.1,-62.9],[-16.2,-61.7],[-15.5,-61.3],[-15.9,-60.9],[-15.4,-61],[-15.1,-60.8],[-15.3,-60.4],[-13.6,-59.9],[-12.3,-59.1],[-11.1,-58.1],[-11.4,-57.8],[-11.5,-57.8],[-11.2,-57.4],[-11.1,-57.2],[-10.5,-57.1],[-9.8,-57.3],[-9.5,-57.2],[-9,-57.2],[-8.4,-57.5],[-7.1,-57.8],[-6.1,-58.1],[-4.1,-58.6],[-3.8,-58.7],[-3.2,-58.9],[-2.7,-58.9],[-1.2,-59.1]]]]}},{"type":"Feature","properties":{},"geometry":{"type":"MultiPolygon","coordinates":[[[[-14.2,-64.3],[-13.6,-64.3],[-13,-64.3],[-12.6,-64.1],[-12.3,-64.3],[-11.8,-64.2],[-11.4,-64.2],[-10.7,-64.2],[-10,-64.3],[-9.4,-64.4],[-8.7,-64.4],[-7.8,-64.4],[-6.9,-64.3],[-6.2,-64.5],[-5.7,-64.5],[-4.9,-64.5],[-4.3,-64.3],[-3.8,-64.2],[-2.8,-64.3],[-3.9,-64.8],[-5.1,-64.8],[-7.3,-65.2],[-9.3,-64.9],[-12.5,-64.5],[-13.7,-64.7],[-14.2,-64.3]]]]}},{"type":"Feature","properties":{},"geometry":{"type":"MultiPolygon","coordinates":[[[[131.8,-40.6],[136.3,-37.7],[136.5,-37.8],[136.7,-37.9],[137.4,-37.8],[137.1,-38.5],[137,-38.9],[136,-39.7],[136,-40.1],[136.7,-40.4],[136,-40.3],[136.1,-40.9],[135.4,-40.6],[135,-40.5],[134.8,-40.9],[134.5,-41.4],[134.3,-40.8],[133.3,-41],[132.9,-41],[132.2,-40.9],[131.8,-40.6]]]]}},{"type":"Feature","properties":{},"geometry":{"type":"MultiPolygon","coordinates":[[[[132.7,-41.6],[132.8,-41.1],[133.2,-41.6],[132.7,-41.6]]]]}},{"type":"Feature","properties":{},"geometry":{"type":"MultiPolygon","coordinates":[[[[116.2,-38.1],[116.3,-38.1],[116.3,-38.2],[116.2,-38.1]]]]}},{"type":"Feature","properties":{},"geometry":{"type":"MultiPolygon","coordinates":[[[[116.5,-39.6],[116.7,-39.5],[116.8,-39.4],[117.1,-39.3],[117.3,-39.3],[116.5,-39.6]]]]}},{"type":"Feature","properties":{},"geometry":{"type":"MultiPolygon","coordinates":[[[[118.6,-38.9],[121.1,-36.9],[122.8,-38.3],[123.7,-39.3],[124.1,-40.3],[123.6,-40.7],[123.2,-40.7],[123,-40.1],[122,-40.1],[122.2,-40],[121.3,-39.9],[120.6,-39.1],[119.9,-39],[118.6,-38.9]]]]}},{"type":"Feature","properties":{},"geometry":{"type":"MultiPolygon","coordinates":[[[[124.9,-41.3],[129.2,-39.2],[131.5,-36.7],[131.3,-41.1],[128.6,-41.6],[128.5,-41.6],[128.2,-42],[127.7,-41.8],[127.3,-42],[126.2,-41.5],[125.7,-41.5],[124.9,-41.3]]]]}},{"type":"Feature","properties":{},"geometry":{"type":"MultiPolygon","coordinates":[[[[131.5,-36.7],[136.4,-36.2],[136.6,-37.3],[136.5,-37.8],[136.3,-37.7],[131.8,-40.6],[131.5,-38.1],[131.5,-36.7]]]]}},{"type":"Feature","properties":{},"geometry":{"type":"MultiPolygon","coordinates":[[[[-139.2,-13.3],[-139.3,-13.5],[-139.2,-13.8],[-139.7,-14.5],[-140.1,-14.5],[-140.6,-15],[-141.6,-15.5],[-142,-16.2],[-142.7,-16.9],[-143.3,-18],[-144,-18.8],[-144.9,-19.5],[-145.2,-19.7],[-145.9,-19.4],[-146.3,-19.1],[-146.9,-18.6],[-147.7,-18.1],[-148,-17.8],[-148.9,-17.6],[-150.2,-18.5],[-151.1,-18.4],[-151.9,-18.8],[-153.1,-19.3],[-153.4,-18.9],[-153.1,-18.6],[-152.8,-18.2],[-153.1,-18],[-152.9,-17.5],[-153.2,-17.1],[-153.1,-16.9],[-154.2,-16.4],[-154.3,-16.1],[-154.5,-16.2],[-154.4,-15.8],[-155.1,-15.4],[-155.5,-15.2],[-155.7,-15.2],[-155.9,-14.8],[-156.2,-14.7],[-155.9,-14.3],[-155.9,-14.1],[-155.9,-14],[-156,-13.9],[-155.9,-13.9],[-155.9,-13.7],[-156.1,-12.1],[-155.9,-11.9],[-155.6,-11.6],[-155.5,-11.5],[-154.8,-10.7],[-154.3,-9.4],[-154.3,-8.8],[-154.5,-8.8],[-154.7,-8.6],[-154.9,-8.4],[-155.3,-8.1],[-155.6,-6.9],[-156,-6.5],[-156.7,-6.5],[-157.6,-6.2],[-158.7,-5.8],[-159.1,-5.7],[-159.8,-6.1],[-160.5,-4.8],[-161.8,-3.2],[-161.1,-2.3],[-159.6,-0.6],[-158.4,-0.5],[-157,-0.2],[-155.3,-0.3],[-154.2,-0.2],[-152.3,-0.2],[-151.2,-0.6],[-151.4,-0.7],[-151.6,-0.9],[-152.2,-1],[-152.4,-1.2],[-152.2,-1.1],[-151.3,-1.1],[-151,-0.6],[-149.9,-1.3],[-149.3,-1.5],[-148.8,-1.7],[-148,-2],[-147.8,-2.5],[-147.6,-3.1],[-147.5,-5],[-146.5,-6.7],[-147.1,-7.6],[-147.5,-9.1],[-147.3,-9.9],[-147.2,-10.5],[-148.1,-10.9],[-149.3,-11.3],[-149.9,-12.1],[-150.5,-12.9],[-150.5,-13.4],[-150,-13.5],[-150.4,-13.9],[-149.9,-13.8],[-149.5,-13.8],[-149.1,-13.7],[-148.9,-13.5],[-148.8,-13.5],[-148.6,-13.4],[-148.1,-13.1],[-147.9,-13],[-147.7,-12.9],[-147.6,-12.8],[-147.5,-12.5],[-147.3,-12.4],[-146.2,-13.1],[-145.1,-13.3],[-143.7,-12.7],[-143.4,-12.1],[-143.1,-11.5],[-143,-11.4],[-142.8,-11.4],[-142.5,-11.5],[-142.3,-11.6],[-142.1,-11.5],[-141.8,-11.6],[-141.5,-11.4],[-141.1,-11],[-141,-11.1],[-140.1,-11.6],[-139.1,-12.5],[-139.3,-13],[-139.2,-13.3]]]]}},{"type":"Feature","properties":{},"geometry":{"type":"MultiPolygon","coordinates":[[[[-156.5,-10.3],[-156.8,-10.6],[-156.9,-10.7],[-157.1,-10.5],[-157,-10.2],[-157.3,-9.4],[-157.5,-7.7],[-157.6,-7],[-157.4,-7],[-157.1,-7.5],[-156.4,-8.8],[-156.2,-9.2],[-156.3,-9.6],[-156.5,-10.3]]]]}},{"type":"Feature","properties":{},"geometry":{"type":"MultiPolygon","coordinates":[[[[-145.3,-12],[-145.5,-12],[-145.7,-11.8],[-146,-11.7],[-145.6,-11.8],[-145.6,-11.9],[-145.3,-12]]]]}},{"type":"Feature","properties":{},"geometry":{"type":"MultiPolygon","coordinates":[[[[-136.3,4.4],[-140.4,4.5],[-141.7,5.1],[-141.7,6],[-141.2,6.7],[-141,7],[-140.3,7],[-138.8,6.8],[-137.6,6.4],[-136.2,6.1],[-135.6,6.6],[-134.3,9.4],[-133,9.6],[-132.4,9.5],[-132.3,9.3],[-132.2,9.3],[-133.2,9.1],[-133.5,8.8],[-133.4,8.7],[-133.2,8.6],[-133.1,8.6],[-133,8.5],[-132.9,8.4],[-132.9,8.2],[-133.3,8.4],[-133.7,8.4],[-133.7,8.1],[-134.1,7],[-134.8,6.1],[-134.8,5.8],[-135.4,5.2],[-135.6,5.5],[-135.9,5.8],[-136.3,4.5],[-136.3,4.4]]]]}},{"type":"Feature","properties":{},"geometry":{"type":"MultiPolygon","coordinates":[[[[-132.6,10.5],[-132.8,11.6],[-132.4,12.8],[-132,12.8],[-132.3,12.5],[-132.4,12.3],[-132.3,12.2],[-132,12.3],[-132,12.1],[-132.1,12],[-132,11.8],[-132,11.5],[-132.1,11.4],[-132.3,11.5],[-132.3,11.2],[-132.2,10.9],[-132.1,10.5],[-132.1,10.2],[-132.1,10.1],[-132.2,10],[-132.4,10.3],[-132.6,10.5]]]]}},{"type":"Feature","properties":{},"geometry":{"type":"MultiPolygon","coordinates":[[[[-141.3,4.3],[-141.4,4.8],[-141.3,4.6],[-141.3,4.3]]]]}},{"type":"Feature","properties":{},"geometry":{"type":"MultiPolygon","coordinates":[[[[-142,6.8],[-141.3,6.9],[-141.7,6.6],[-142,6.8]]]]}},{"type":"Feature","properties":{},"geometry":{"type":"MultiPolygon","coordinates":[[[[-141.7,4.2],[-142.1,5.1],[-141.7,4.8],[-141.7,4.2]]]]}},{"type":"Feature","properties":{},"geometry":{"type":"MultiPolygon","coordinates":[[[[-142.9,6.3],[-142.9,7.3],[-142.9,6.4],[-142.9,6.3]]]]}},{"type":"Feature","properties":{},"geometry":{"type":"MultiPolygon","coordinates":[[[[-134,0.7],[-134.3,0.8],[-134.4,0.8],[-134.5,0.9],[-134.7,1],[-134.6,1.3],[-134.7,1.1],[-134.9,1],[-135.4,1.3],[-135.4,1.5],[-135.3,1.9],[-135.1,2.3],[-135.2,3.1],[-135.5,3.8],[-135.6,4.1],[-135.1,4.9],[-134.8,4.8],[-134.2,5.8],[-133.7,6],[-133.8,4.2],[-133.7,3.9],[-133.3,4.7],[-133.3,5.4],[-133.1,5.8],[-132.7,6.1],[-132.4,5.3],[-132.4,5],[-132.2,5.7],[-132,5.9],[-131.5,5.8],[-131.2,5.7],[-131.2,4.3],[-131.3,4.2],[-131.1,4],[-131.7,3.7],[-131.6,3.6],[-131.7,3.6],[-131.6,3.3],[-131.4,3.2],[-131.3,3.2],[-131.4,3],[-131.6,2.8],[-132.5,2.8],[-132.3,2.5],[-131,2.6],[-131.1,2.3],[-131.4,1.9],[-132.9,1.5],[-133.2,1.6],[-133.7,1.2],[-133.8,1.1],[-134,0.7]]]]}},{"type":"Feature","properties":{},"geometry":{"type":"MultiPolygon","coordinates":[[[[-129.4,5.6],[-129.7,5.5],[-130.4,4.6],[-131.3,6],[-131.5,6.4],[-132,6.9],[-131.5,7.6],[-130.9,8],[-130.2,7.3],[-128.9,6.9],[-129.4,5.6]]]]}},{"type":"Feature","properties":{},"geometry":{"type":"MultiPolygon","coordinates":[[[[-130.5,0.1],[-132.2,0.3],[-131.9,0.6],[-131.8,0.8],[-131.3,0.7],[-131.5,0.4],[-131.3,0.3],[-131,0.4],[-130.8,0.4],[-130.6,0.5],[-130.5,0.6],[-130.3,0.3],[-130.5,0.1]]]]}},{"type":"Feature","properties":{},"geometry":{"type":"MultiPolygon","coordinates":[[[[-131.3,1.8],[-130.5,2.1],[-131.3,1.7],[-131.3,1.8]]]]}},{"type":"Feature","properties":{},"geometry":{"type":"MultiPolygon","coordinates":[[[[-149.7,-1.3],[-150.6,-1],[-151.1,-0.6],[-151.1,-0.2],[-151.5,-0.4],[-151.2,-0.6],[-152.3,-0.2],[-154.2,-0.2],[-155.3,-0.3],[-157,-0.2],[-158.4,-0.5],[-159.6,-0.6],[-158.3,0.5],[-155.7,0.6],[-154.8,0.6],[-154.4,0.7],[-153.3,1.1],[-151,0.9],[-149.6,0.8],[-149.3,0.7],[-149.2,0.8],[-149,0.7],[-149.2,0.4],[-149.4,0.5],[-149.2,-0.2],[-149.2,-0.4],[-149.2,-0.7],[-149,-1.1],[-149,-1.2],[-149.5,-1.3],[-149.7,-1.3]]]]}},{"type":"Feature","properties":{},"geometry":{"type":"MultiPolygon","coordinates":[[[[-147.8,-2.4],[-147.8,-2.5],[-148,-2],[-148.8,-1.7],[-149.3,-1.5],[-149.5,-1.3],[-149,-1.2],[-149,-1.1],[-149.2,-0.7],[-149.2,-0.4],[-149.2,-0.2],[-149.4,0.5],[-149.2,0.4],[-149,0.7],[-149.1,0.9],[-149.2,1],[-149,1],[-148.4,0.7],[-148.2,0.9],[-147.9,0.9],[-147.6,0.6],[-147.7,0.4],[-147.5,-0.3],[-147.9,-0.5],[-148,-1.1],[-147.9,-1.6],[-147.8,-2.4]]]]}},{"type":"Feature","properties":{},"geometry":{"type":"MultiPolygon","coordinates":[[[[-147.8,1.1],[-148.2,1.2],[-148.7,1.9],[-148.8,2],[-147.9,1.2],[-147.8,1.1]]]]}},{"type":"Feature","properties":{},"geometry":{"type":"MultiPolygon","coordinates":[[[[-134.5,-5.2],[-134.5,-5.4],[-134.1,-5.6],[-133.7,-6.5],[-134,-6.5],[-134.5,-6.5],[-134.5,-6.3],[-134.6,-6.4],[-135,-6.6],[-136.1,-7],[-136.6,-6.7],[-136.5,-6.4],[-136.2,-6.2],[-136.3,-5.9],[-136.3,-6.1],[-136.4,-6.2],[-136.9,-6.6],[-136.8,-6.3],[-136.9,-6.1],[-136.8,-5.6],[-137.1,-5.8],[-137.8,-5.5],[-137.9,-4.7],[-137.7,-4.3],[-137.8,-4.1],[-138.2,-5.2],[-138.6,-5.6],[-138.9,-5.4],[-139.5,-5.1],[-139.6,-4.9],[-139.6,-4.8],[-139.8,-4.7],[-140.1,-4.3],[-140.1,-3.6],[-139.9,-3],[-140.1,-3.3],[-140,-3.6],[-140.2,-3.7],[-140.2,-4.3],[-140.5,-4.5],[-140.8,-3.8],[-140.8,-2.8],[-142.3,-1.2],[-142.4,0],[-143.5,0.7],[-144.2,1.5],[-144.6,2],[-145.1,2.3],[-145.1,4.5],[-145,3.5],[-144.9,3.1],[-144.7,4.1],[-145,4.9],[-143.8,4.9],[-142.7,4.7],[-142.1,4.4],[-140.9,2.6],[-140.6,2],[-139,1.8],[-137.5,1.4],[-136.4,1.1],[-136.5,0.7],[-136.4,0.4],[-136.4,0.1],[-136.4,-0.7],[-136.6,-1],[-136.2,-1.1],[-136.2,-0.8],[-136.1,-0.6],[-135.9,-0.6],[-135.8,-0.9],[-135.6,-1],[-135.9,-1.3],[-136.1,-1.3],[-136.4,-1.4],[-136.6,-1.6],[-136.7,-1.8],[-136.9,-1.9],[-136.3,-1.7],[-135.5,-2.2],[-135.1,-2.3],[-135.2,-2.1],[-134.8,-2.1],[-134.7,-2.1],[-134.4,-2.2],[-134.5,-1.7],[-134.2,-1.3],[-133.6,-1.3],[-133.3,-1],[-132.4,-1.5],[-132.2,-1.6],[-132.4,-1.8],[-133.3,-2.4],[-133.5,-2.6],[-133.5,-2.7],[-133.7,-2.5],[-133.8,-2.4],[-134.2,-2.6],[-134.3,-2.9],[-134.3,-3.1],[-134.2,-3.2],[-134.6,-3.2],[-134.5,-3],[-135,-3.4],[-135.4,-3.5],[-135.3,-3.7],[-134.7,-4.2],[-135.3,-4.3],[-135.9,-4.5],[-136.3,-4.8],[-136.2,-5],[-136,-5],[-135.7,-5.1],[-134.5,-5.2]]]]}},{"type":"Feature","properties":{},"geometry":{"type":"MultiPolygon","coordinates":[[[[-137.3,-5.9],[-137.6,-6.2],[-137.6,-6.5],[-137.9,-7.2],[-138.5,-8.1],[-138.5,-8.4],[-138.5,-8.6],[-138.7,-8.7],[-139.1,-7.9],[-138.6,-7.5],[-139.1,-7.3],[-140,-6.9],[-139.6,-6.3],[-139.6,-5.9],[-138.3,-6],[-137.3,-5.9]]]]}},{"type":"Feature","properties":{},"geometry":{"type":"MultiPolygon","coordinates":[[[[-131.3,-1.5],[-130.4,-1.2],[-129.9,-1.3],[-129.9,-1.7],[-130.3,-2.3],[-130.7,-2.2],[-131.3,-1.5]]]]}},{"type":"Feature","properties":{},"geometry":{"type":"MultiPolygon","coordinates":[[[[-132,-1.5],[-131.3,-1.5],[-132,-1.6],[-132,-1.5]]]]}},{"type":"Feature","properties":{},"geometry":{"type":"MultiPolygon","coordinates":[[[[-134.4,-0.8],[-134.8,-1.3],[-135.2,-1.7],[-135.5,-1.5],[-135.5,-1.1],[-135.5,-0.7],[-135.4,-0.4],[-135.3,-0.3],[-135.3,-0.2],[-135.1,-0.2],[-134.7,-0.4],[-134.6,-0.5],[-134.4,-0.8]]]]}},{"type":"Feature","properties":{},"geometry":{"type":"MultiPolygon","coordinates":[[[[-139.7,-8.4],[-140.5,-7.9],[-139.9,-7.7],[-139.7,-8.2],[-139.7,-8.4]]]]}},{"type":"Feature","properties":{},"geometry":{"type":"MultiPolygon","coordinates":[[[[-137.2,-6.7],[-137.3,-6.8],[-137.3,-6.6],[-137.2,-6.7]]]]}},{"type":"Feature","properties":{},"geometry":{"type":"MultiPolygon","coordinates":[[[[-134.5,-1.4],[-134.7,-1.5],[-134.7,-1.4],[-134.5,-1.4]]]]}},{"type":"Feature","properties":{},"geometry":{"type":"MultiPolygon","coordinates":[[[[49,-41.1],[49.5,-41.3],[50,-41.3],[50.8,-41.2],[52,-41.1],[53.7,-40.6],[55.8,-40.2],[57.8,-38.6],[58.1,-38.4],[59.6,-37.6],[61.2,-37.1],[63.1,-36],[64.7,-34.6],[67,-34],[66.6,-34],[66.3,-34.2],[66.4,-35.2],[66.6,-36.3],[66,-37.1],[64.9,-37.8],[64.3,-38.7],[63.1,-38.8],[62.9,-38.9],[61.5,-39.3],[61,-39.7],[60.5,-40.1],[60.5,-40],[60.6,-40.3],[61,-40.5],[60.7,-40.9],[61.4,-41.5],[61.6,-41.1],[62.6,-41.1],[63.6,-41],[63.8,-40.9],[63.9,-40.9],[64.4,-40.8],[64.7,-40.6],[64.8,-40.5],[65.6,-40],[65.8,-40],[66.4,-40.3],[66.8,-40.2],[67.7,-40],[67.3,-39.7],[67.1,-39.5],[66.6,-39.4],[66.9,-38.9],[67.1,-39],[67.6,-39.1],[68.4,-39.4],[68.5,-39.3],[68.9,-39.3],[69,-39.2],[69.4,-39],[69.5,-38.6],[69.5,-37.7],[69.5,-36.9],[69.4,-36.9],[69.3,-36.6],[69.2,-36.6],[68.9,-36.3],[68.3,-35.6],[67.9,-35.2],[67.4,-34.7],[67.3,-34.7],[67.4,-34.5],[67.5,-34.7],[67.8,-34.6],[69,-34.8],[73.1,-35.2],[78.5,-37.2],[78.8,-38.5],[80.2,-39.6],[81.1,-41.8],[81.9,-42.9],[80.4,-45.2],[78.7,-44.4],[74.1,-44.3],[71.1,-44.5],[68.4,-45.2],[66.4,-45.9],[64.8,-46.2],[64,-46.5],[62.8,-46.6],[61.9,-46.9],[61.3,-47.8],[61.5,-48.3],[62.8,-48.8],[62.1,-49.7],[60.7,-51.3],[59,-51.7],[56.8,-51.8],[55.3,-51.7],[55.2,-51.7],[53.9,-50.9],[52.7,-50.3],[52,-50],[51.2,-49.7],[50.7,-49.5],[50.1,-49.2],[48.5,-48.4],[47.5,-47.9],[46.9,-47.7],[46.3,-46.5],[46.1,-45.5],[46.1,-44.7],[46.3,-43.9],[47.5,-42],[49,-41.1]]]]}},{"type":"Feature","properties":{},"geometry":{"type":"MultiPolygon","coordinates":[[[[66.5,-34.6],[66.7,-35.6],[66.4,-34.7],[66.5,-34.6]]]]}},{"type":"Feature","properties":{},"geometry":{"type":"MultiPolygon","coordinates":[[[[60.8,-40.9],[60.9,-41],[60.8,-41],[60.8,-40.9]]]]}},{"type":"Feature","properties":{},"geometry":{"type":"MultiPolygon","coordinates":[[[[50.3,-30.3],[54.1,-30.2],[56.9,-30.4],[59.7,-29.1],[60.8,-30.4],[60.8,-31.6],[60.2,-33.3],[58.5,-33.3],[56.8,-34.9],[53.8,-36.4],[51,-36.3],[49.5,-32.9],[49.1,-31.6],[48.3,-31.5],[49.2,-30.7],[50.3,-30.3]]]]}},{"type":"Feature","properties":{},"geometry":{"type":"MultiPolygon","coordinates":[[[[68.5,-20.2],[67.7,-24.8],[67.9,-29.4],[66.7,-30.9],[63.8,-31.4],[61.5,-30],[62.5,-27.2],[66.2,-23.4],[66.8,-22.1],[68.5,-20.2]]]]}},{"type":"Feature","properties":{},"geometry":{"type":"MultiPolygon","coordinates":[[[[21.7,-65],[16.5,-64.6],[12,-63.8],[14.1,-63],[14.2,-63],[14.6,-62.9],[15.6,-62.7],[16.9,-62],[17.1,-62.1],[17.5,-62],[18.1,-62.3],[19.3,-61.9],[19.6,-63],[20.7,-63.3],[20.3,-64.7],[21.7,-65]]]]}},{"type":"Feature","properties":{},"geometry":{"type":"MultiPolygon","coordinates":[[[[24.2,-59.1],[24.5,-60],[25.1,-60.4],[24.3,-60.8],[21.3,-60.7],[20.4,-60.3],[20.9,-60.1],[22,-60.1],[23.7,-59.4],[24.2,-59],[24.2,-59.1]]]]}},{"type":"Feature","properties":{},"geometry":{"type":"MultiPolygon","coordinates":[[[[21.6,-63.4],[21.7,-63.8],[22,-64.5],[20.8,-64.9],[18.9,-65.2],[19.6,-64.6],[19.8,-63.2],[19.1,-63],[21.6,-63.4]]]]}},{"type":"Feature","properties":{},"geometry":{"type":"MultiPolygon","coordinates":[[[[40.7,-43.4],[40.9,-43.4],[41.1,-43.3],[41.6,-43],[42,-42.8],[42.1,-43.7],[41.8,-44.7],[41.7,-45.4],[41.8,-46.6],[41.5,-47.3],[41.6,-47.7],[40.6,-48.8],[40.6,-49.2],[40,-49.9],[37.2,-50.6],[36.5,-51.2],[36.2,-51.6],[35.9,-51.8],[35.3,-51.8],[35.2,-51.9],[34.9,-52.2],[34.7,-52.3],[34.8,-52],[34.2,-52.2],[33.8,-52.1],[33.6,-51.9],[33,-51.9],[32.4,-51.7],[32.3,-51.3],[32.7,-50.4],[32.6,-49.7],[33.2,-49.2],[34.2,-48.5],[35.2,-47.9],[35.9,-47.1],[39.8,-45.9],[40.4,-44.2],[40.7,-43.4]]]]}},{"type":"Feature","properties":{},"geometry":{"type":"MultiPolygon","coordinates":[[[[39.5,-43.1],[39.2,-43.9],[38.7,-45.6],[35.2,-46.7],[35.8,-45.7],[36.2,-44.8],[36.5,-44.3],[37.1,-44.2],[37.5,-44.1],[37.9,-43.9],[38.2,-43.7],[38.5,-43.4],[38.8,-43.3],[39,-43.2],[39.3,-43.1],[39.5,-43.1]]]]}},{"type":"Feature","properties":{},"geometry":{"type":"MultiPolygon","coordinates":[[[[-119.1,-5.2],[-119,-5.6],[-119.2,-5.3],[-119.3,-5.7],[-119.3,-6],[-119.6,-5.9],[-119.9,-5.6],[-119.8,-5.3],[-119.9,-5],[-120.1,-5.3],[-120.2,-4.8],[-120.1,-4.6],[-119.8,-4.4],[-119.9,-4.8],[-119.6,-5],[-119.2,-5.1],[-119.1,-5.2]]]]}},{"type":"Feature","properties":{},"geometry":{"type":"MultiPolygon","coordinates":[[[[-118.3,-6.5],[-118.3,-7.3],[-118.7,-7.2],[-118.8,-7],[-119,-6.7],[-119.1,-6.5],[-118.7,-6.1],[-119.4,-6.2],[-119.1,-6.1],[-118.8,-5.8],[-118.3,-6.5]]]]}},{"type":"Feature","properties":{},"geometry":{"type":"MultiPolygon","coordinates":[[[[50.5,-36.4],[53.2,-36.6],[56.3,-35.3],[58,-33.4],[59.9,-33.6],[58.5,-34.6],[57,-36.1],[55.1,-37.3],[53.8,-37.8],[52.5,-38.3],[51.6,-38.9],[50.1,-40.4],[48,-40.8],[46.2,-41.4],[44.7,-41.6],[44,-41.7],[43.4,-41.7],[42.8,-41.7],[42.9,-41.1],[43.6,-39.5],[45.1,-39.5],[46.5,-39.1],[47.7,-38.4],[48.8,-37.8],[50.5,-36.4]]]]}},{"type":"Feature","properties":{},"geometry":{"type":"MultiPolygon","coordinates":[[[[47,-37],[47.8,-34.9],[47.8,-34.4],[47.8,-32.5],[48.5,-31.7],[49,-32.9],[50.5,-36.4],[48.8,-37.8],[47.7,-38.4],[46.5,-39.1],[45.1,-39.5],[43.6,-39.5],[44.6,-38.1],[45.6,-38],[46.5,-37.4],[47,-37]]]]}},{"type":"Feature","properties":{},"geometry":{"type":"MultiPolygon","coordinates":[[[[-0.4,-40],[1,-41.2],[0.9,-41.5],[0.5,-42.1],[-0.3,-42.8],[-1.2,-43.3],[-1.7,-42.8],[-2.3,-40.7],[-1.7,-40.3],[-0.8,-40.1],[-0.4,-40]]]]}},{"type":"Feature","properties":{},"geometry":{"type":"MultiPolygon","coordinates":[[[[3.3,-64.9],[4.5,-65],[6.8,-64.7],[11.4,-64.5],[10.8,-64.8],[9.8,-64.8],[7.2,-65],[4.2,-65.7],[-0.2,-66.2],[-2.4,-66.6],[-4.4,-66.6],[-2.6,-66],[-1,-65.8],[2.4,-64.8],[3.3,-64.9]]]]}},{"type":"Feature","properties":{},"geometry":{"type":"MultiPolygon","coordinates":[[[[-8.4,-66.5],[-6.9,-66.5],[-6.5,-66.6],[-5.9,-66.7],[-5.3,-66.6],[-7.5,-67.1],[-9.7,-67.6],[-12.4,-67.6],[-14.5,-67.2],[-12.2,-65.8],[-11.1,-66.6],[-9.6,-66.7],[-8.4,-66.5]]]]}},{"type":"Feature","properties":{},"geometry":{"type":"MultiPolygon","coordinates":[[[[-11.6,-66.1],[-12.8,-66],[-14.3,-65.4],[-13.3,-64.9],[-12.6,-66],[-11.6,-66.1]]]]}},{"type":"Feature","properties":{},"geometry":{"type":"MultiPolygon","coordinates":[[[[-3,-39.4],[-2.3,-39.5],[-1.4,-39.6],[-0.5,-40],[-1.6,-40.2],[-2.1,-40.6],[-1.9,-42.3],[-1.4,-43.3],[-1.3,-43.7],[-1.2,-47],[-2.2,-48.6],[-2.7,-47.9],[-3.2,-44.5],[-4,-41.3],[-3,-39.4]]]]}},{"type":"Feature","properties":{},"geometry":{"type":"MultiPolygon","coordinates":[[[[10.8,-64.8],[2.6,-68.1],[-9.7,-69.4],[-23.8,-70.3],[-24,-70.3],[-21.5,-68.7],[-16.7,-67.7],[-14.4,-67.2],[-12.1,-67.5],[-9,-67.5],[-7.1,-66.9],[-5.1,-66.7],[-4.5,-66.7],[-3.9,-66.5],[-1.5,-66.5],[1.6,-66.1],[5.6,-65.5],[8.9,-64.8],[10.8,-64.8]]]]}},{"type":"Feature","properties":{},"geometry":{"type":"MultiPolygon","coordinates":[[[[21.7,-57],[20.2,-56.4],[22.6,-55.9],[23.9,-56.4],[22,-56.4],[21.6,-57],[21.7,-57]]]]}},{"type":"Feature","properties":{},"geometry":{"type":"MultiPolygon","coordinates":[[[[-119.2,-15.3],[-119,-14.4],[-118.9,-14.1],[-118.9,-13.9],[-118.5,-12.9],[-118.3,-13],[-118.3,-13.3],[-118.2,-13.9],[-118.1,-14.4],[-118.5,-14.6],[-119.2,-15.3]]]]}},{"type":"Feature","properties":{},"geometry":{"type":"MultiPolygon","coordinates":[[[[-117.7,-12.6],[-117.4,-13],[-117.3,-12.9],[-117.1,-12.9],[-117.1,-13.1],[-117,-13.1],[-116.8,-13.3],[-116.7,-13.6],[-117.2,-14],[-117.6,-13.9],[-117.8,-13.6],[-118.2,-13.3],[-118,-13],[-117.9,-13],[-117.7,-12.6]]]]}},{"type":"Feature","properties":{},"geometry":{"type":"MultiPolygon","coordinates":[[[[-117.9,-15.6],[-118.2,-15.7],[-118.4,-14.9],[-117.9,-15.6]]]]}},{"type":"Feature","properties":{},"geometry":{"type":"MultiPolygon","coordinates":[[[[-118.1,-14.5],[-118.1,-14.9],[-118.3,-14.6],[-118.1,-14.5]]]]}},{"type":"Feature","properties":{},"geometry":{"type":"MultiPolygon","coordinates":[[[[-102.9,-71.1],[-108.3,-71.2],[-108.5,-71.2],[-108.6,-70.8],[-108.6,-70.7],[-107.5,-70.6],[-107.2,-70.4],[-106.8,-70.2],[-106.8,-70],[-106.7,-69.9],[-105.3,-69.5],[-104.2,-69.4],[-104.5,-69.3],[-103.1,-68.9],[-102.2,-68.9],[-102,-68.8],[-101.9,-68.7],[-102.1,-68.5],[-101.3,-69.1],[-102.6,-70],[-103.2,-70.8],[-102.9,-71.1]]]]}},{"type":"Feature","properties":{},"geometry":{"type":"MultiPolygon","coordinates":[[[[-103,-73.8],[-103.8,-73.7],[-102.6,-73.7],[-101.9,-73.7],[-101.5,-73.5],[-102,-73.9],[-103,-73.8]]]]}},{"type":"Feature","properties":{},"geometry":{"type":"MultiPolygon","coordinates":[[[[-102.4,-72.5],[-101.7,-73],[-102.2,-72.5],[-102.4,-72.5]]]]}},{"type":"Feature","properties":{},"geometry":{"type":"MultiPolygon","coordinates":[[[[90.9,-6.1],[91.4,-6.6],[91.6,-7.5],[91.4,-7.7],[90.9,-6.9],[90.9,-6.1]]]]}},{"type":"Feature","properties":{},"geometry":{"type":"MultiPolygon","coordinates":[[[[66.3,-22.5],[64.7,-24.8],[60.9,-28.9],[58.9,-25.8],[62,-24.9],[66.3,-22.5]]]]}},{"type":"Feature","properties":{},"geometry":{"type":"MultiPolygon","coordinates":[[[[68.5,-30.6],[69.8,-32.5],[69.2,-32.4],[69.5,-32.5],[68.5,-33],[68,-33.5],[67.3,-33.6],[67.1,-33.6],[66.7,-33.9],[65.9,-34.3],[65.7,-34.5],[65.5,-34.6],[64.9,-34.7],[63.9,-35],[63.8,-35],[63.2,-35.2],[62.5,-35.3],[61.6,-35.5],[60.9,-35.7],[60.1,-35.5],[59.7,-34.9],[59.9,-34.1],[61.7,-34.1],[62.8,-33.8],[64.8,-32.2],[67.6,-30.3],[68.5,-30.6]]]]}},{"type":"Feature","properties":{},"geometry":{"type":"MultiPolygon","coordinates":[[[[63.2,-37.4],[62.3,-37.4],[59.7,-36.7],[61,-37.4],[63.2,-37.4]]]]}},{"type":"Feature","properties":{},"geometry":{"type":"MultiPolygon","coordinates":[[[[71.6,-22.6],[71.4,-23],[70.6,-23.9],[70,-24.1],[68.9,-24.5],[67.1,-25.7],[67,-24.6],[67.4,-23.3],[68.8,-22.4],[71.6,-22.6]]]]}},{"type":"Feature","properties":{},"geometry":{"type":"MultiPolygon","coordinates":[[[[69,-21.2],[71.6,-22.6],[68.8,-22.4],[67.4,-23.3],[67,-24.6],[67.1,-25.7],[66.2,-24],[67.8,-21.6],[68.6,-21.3],[69,-21.2]]]]}},{"type":"Feature","properties":{},"geometry":{"type":"MultiPolygon","coordinates":[[[[-85.7,-19.9],[-85.6,-19.8],[-85.1,-19.3],[-83,-18.7],[-80.2,-18.9],[-80,-18.9],[-79.9,-19],[-79.9,-19.4],[-80,-19.3],[-80,-19.2],[-80.1,-19.4],[-80.1,-19.7],[-80.3,-19.6],[-80.5,-19.7],[-80.4,-19.8],[-80.8,-19.8],[-81.1,-19.9],[-81.2,-19.9],[-81.7,-19.9],[-81.8,-19.7],[-82.6,-19.7],[-82.4,-19.8],[-82.4,-20],[-82.7,-19.9],[-82.8,-19.8],[-82.9,-19.5],[-83.3,-19.5],[-83.4,-19.5],[-83.8,-19.5],[-83.9,-19.3],[-83.9,-19.6],[-84.4,-19.6],[-84.7,-20.1],[-85.5,-20.5],[-85.9,-20.3],[-85.6,-20],[-85.7,-19.9]]]]}},{"type":"Feature","properties":{},"geometry":{"type":"MultiPolygon","coordinates":[[[[-85.2,-23.3],[-85.3,-23.1],[-85.5,-22.8],[-85.1,-22.1],[-84.6,-22],[-84.3,-22.4],[-84.2,-22.9],[-84.1,-23],[-84.6,-23.3],[-84.8,-23.3],[-85.2,-23.3]]]]}},{"type":"Feature","properties":{},"geometry":{"type":"MultiPolygon","coordinates":[[[[-85.8,-22.1],[-85.7,-21.8],[-86.1,-21.5],[-85.4,-21],[-84.8,-21.1],[-85.1,-21.6],[-85.2,-21.8],[-85.4,-22],[-85.7,-22.2],[-85.8,-22.1]]]]}},{"type":"Feature","properties":{},"geometry":{"type":"MultiPolygon","coordinates":[[[[-85.4,-24.2],[-85.5,-23.7],[-84.4,-23.4],[-84.4,-23.6],[-84.5,-23.8],[-84.8,-24.1],[-84.9,-24.3],[-85.4,-24.4],[-85.4,-24.2]]]]}},{"type":"Feature","properties":{},"geometry":{"type":"MultiPolygon","coordinates":[[[[-84.4,-23.3],[-83.9,-23.3],[-83.9,-23.5],[-84.4,-23.3]]]]}},{"type":"Feature","properties":{},"geometry":{"type":"MultiPolygon","coordinates":[[[[-83.2,-19.8],[-83.2,-19.6],[-83.1,-19.9],[-83.2,-19.8]]]]}},{"type":"Feature","properties":{},"geometry":{"type":"MultiPolygon","coordinates":[[[[-79.6,-20.9],[-79.4,-20.7],[-79.4,-20.8],[-79.6,-20.9]]]]}},{"type":"Feature","properties":{},"geometry":{"type":"MultiPolygon","coordinates":[[[[-129.9,-22.1],[-129.9,-22.3],[-130,-22.1],[-129.9,-22.1]]]]}},{"type":"Feature","properties":{},"geometry":{"type":"MultiPolygon","coordinates":[[[[-128.9,-29.6],[-130,-29.8],[-130.6,-29.8],[-131.2,-29.6],[-131.2,-29.5],[-130.9,-28.8],[-130.7,-28.5],[-130.8,-28.3],[-131,-28.5],[-130.7,-28.2],[-131.4,-29],[-131.3,-28.6],[-131.2,-28.3],[-131.2,-28.2],[-131,-28],[-130.9,-27.8],[-130.8,-27.6],[-131,-27.7],[-131,-27.5],[-131,-27.4],[-130.8,-27.2],[-130.8,-27],[-130.8,-26.8],[-130.7,-26.6],[-130.5,-26.6],[-130.3,-26.4],[-130.2,-26.1],[-130,-26],[-129.8,-26.1],[-129.3,-26.1],[-129.1,-26.5],[-129.8,-26.9],[-129.9,-27],[-130.1,-27.1],[-129.2,-27.2],[-128.7,-27.6],[-129.2,-28.3],[-129.5,-28.4],[-129.9,-28.7],[-129.4,-28.8],[-128.9,-29.6]]]]}},{"type":"Feature","properties":{},"geometry":{"type":"MultiPolygon","coordinates":[[[[-134.4,-31],[-134.9,-30.9],[-135.1,-30.8],[-134.8,-30.5],[-134.4,-30.4],[-134.7,-30.2],[-135,-30.1],[-135,-29.9],[-134.8,-29.7],[-134.7,-29.5],[-134.7,-29.4],[-134.7,-29.2],[-134.5,-29.3],[-134.1,-29.5],[-133.7,-29.5],[-133.4,-29.4],[-133.5,-29.2],[-133.4,-29.1],[-133.3,-28.9],[-133.1,-28.8],[-132.8,-28.9],[-132.7,-28.9],[-132.5,-28.8],[-132.5,-29],[-131.7,-29.5],[-131.7,-30],[-131.8,-30],[-132.2,-30.2],[-132.4,-30.4],[-132.6,-30.6],[-133.6,-30.9],[-134.4,-31]]]]}},{"type":"Feature","properties":{},"geometry":{"type":"MultiPolygon","coordinates":[[[[-130.8,-26.1],[-131,-26.3],[-131.2,-26.4],[-131.3,-26.4],[-131.3,-26.2],[-130.8,-25.9],[-130.8,-26.1]]]]}},{"type":"Feature","properties":{},"geometry":{"type":"MultiPolygon","coordinates":[[[[-131,-26.8],[-130.9,-27.2],[-131.1,-27.1],[-131.3,-27],[-131.3,-26.9],[-131.1,-26.6],[-131,-26.8]]]]}},{"type":"Feature","properties":{},"geometry":{"type":"MultiPolygon","coordinates":[[[[-127.5,-24.4],[-127.4,-24.7],[-127.6,-24.9],[-127.7,-25.1],[-127.8,-24.7],[-127.6,-24.7],[-127.7,-24.5],[-127.5,-24.4]]]]}},{"type":"Feature","properties":{},"geometry":{"type":"MultiPolygon","coordinates":[[[[-131.1,-27.9],[-131.3,-28],[-131.3,-27.9],[-131.3,-27.8],[-131.1,-27.9]]]]}},{"type":"Feature","properties":{},"geometry":{"type":"MultiPolygon","coordinates":[[[[-131.6,-28.4],[-131.9,-28.5],[-131.7,-28.4],[-131.6,-28.4]]]]}},{"type":"Feature","properties":{},"geometry":{"type":"MultiPolygon","coordinates":[[[[-128.9,-25.7],[-128.7,-25.9],[-128.9,-26],[-129.1,-25.8],[-128.9,-25.7]]]]}},{"type":"Feature","properties":{},"geometry":{"type":"MultiPolygon","coordinates":[[[[55.9,-52.2],[55.8,-52.3],[54.5,-52],[53.6,-51.9],[51.4,-50.5],[50,-49.2],[51,-49.6],[51.6,-49.9],[52.2,-50.1],[53,-50.5],[53.8,-50.8],[55.4,-51.8],[55.9,-52.2]]]]}},{"type":"Feature","properties":{},"geometry":{"type":"MultiPolygon","coordinates":[[[[100.2,-14.8],[99.8,-16.1],[99.8,-17.7],[98.9,-19.7],[98,-20.9],[96.1,-23.1],[93.8,-25.1],[91.4,-25.7],[88.5,-26.9],[84.4,-26.9],[81.3,-27.6],[80.7,-28],[81.7,-27.1],[81.9,-26.5],[86.5,-26.4],[88.3,-26.4],[90.5,-26.1],[92,-25.2],[93.4,-24.4],[95.2,-23.5],[97.5,-21.4],[99.1,-18.6],[99.6,-16.7],[99.6,-14.9],[100.2,-14.8]]]]}},{"type":"Feature","properties":{},"geometry":{"type":"MultiPolygon","coordinates":[[[[-49.7,-35.6],[-49,-33.1],[-48.9,-33],[-48.6,-33.1],[-47.9,-33.3],[-47.4,-33.6],[-46.4,-34],[-46.4,-34.1],[-46.7,-36],[-47.2,-37],[-47.9,-37.7],[-48.3,-37.7],[-48.8,-37.7],[-49.2,-37.5],[-49.8,-37.2],[-49.7,-35.7],[-49.7,-35.6]]]]}},{"type":"Feature","properties":{},"geometry":{"type":"MultiPolygon","coordinates":[[[[20.2,-56],[19.4,-57.5],[18.4,-57.4],[19.5,-56.1],[20.2,-56]]]]}},{"type":"Feature","properties":{},"geometry":{"type":"MultiPolygon","coordinates":[[[[13,-61.1],[14,-60.6],[13.4,-61],[13,-61.1]]]]}},{"type":"Feature","properties":{},"geometry":{"type":"MultiPolygon","coordinates":[[[[12.6,-60.8],[11,-61.1],[11.1,-60.8],[11.3,-60.4],[11.9,-60.2],[13.1,-60],[12.6,-60.8]]]]}},{"type":"Feature","properties":{},"geometry":{"type":"MultiPolygon","coordinates":[[[[9.6,-61.1],[8.7,-61.3],[7.2,-61.2],[7.6,-60.8],[9.4,-60.9],[9.6,-61.1]]]]}},{"type":"Feature","properties":{},"geometry":{"type":"MultiPolygon","coordinates":[[[[8.5,-61.5],[11.3,-61.1],[10.7,-61.8],[8.9,-62.3],[7.9,-62.5],[7.6,-62.3],[8,-62],[8.6,-61.7],[8.6,-61.5],[8.5,-61.5]]]]}},{"type":"Feature","properties":{},"geometry":{"type":"MultiPolygon","coordinates":[[[[3,-62.9],[3.1,-63.3],[2.4,-63.3],[2.5,-62.8],[3,-62.9]]]]}},{"type":"Feature","properties":{},"geometry":{"type":"MultiPolygon","coordinates":[[[[4.6,-62.6],[4.8,-62.8],[4.1,-62.6],[4.6,-62.6]]]]}},{"type":"Feature","properties":{},"geometry":{"type":"MultiPolygon","coordinates":[[[[10.1,-63.2],[5,-63.7],[5.4,-63.6],[7.4,-63.2],[8.9,-63],[10,-63.2],[10.1,-63.2]]]]}},{"type":"Feature","properties":{},"geometry":{"type":"MultiPolygon","coordinates":[[[[0.3,-65.4],[-1.4,-65.4],[-0.9,-65.2],[0.3,-65.4]]]]}},{"type":"Feature","properties":{},"geometry":{"type":"MultiPolygon","coordinates":[[[[3.9,-65],[3.2,-65.5],[3.6,-64.9],[3.9,-65]]]]}},{"type":"Feature","properties":{},"geometry":{"type":"MultiPolygon","coordinates":[[[[136.7,-2.7],[136.8,-2.8],[136.9,-2.8],[137,-2.9],[137,-3],[136.9,-3],[136.7,-2.9],[136.6,-2.8],[136.7,-2.7]]]]}},{"type":"Feature","properties":{},"geometry":{"type":"MultiPolygon","coordinates":[[[[108,19.6],[108.4,19.7],[108.5,19.7],[108.8,19.8],[109.1,19.6],[109.2,19.7],[109.2,19.6],[109.5,19.4],[109.9,19.3],[110,19.2],[110.1,19.2],[110.1,19.1],[110.2,19],[110.9,19],[111,19.1],[111,19],[111.3,18.9],[111.4,18.9],[111.5,18.8],[111.7,18.7],[111.8,18.7],[111.9,18.4],[112,18.4],[112.1,18.3],[112.2,18.3],[112.5,18.4],[112.6,18.3],[112.7,18.2],[112.7,18.1],[112.8,18],[112.8,17.9],[112.8,17.8],[112.8,17.7],[112.7,17.6],[112.7,17.5],[112.7,17.4],[112.7,17.3],[112.6,17.2],[112.6,17.1],[112.6,17],[112.6,16.9],[112.6,16.8],[112.5,16.8],[112.5,16.7],[112.5,16.6],[112.4,16.6],[112.4,16.5],[112.3,16.5],[112.3,16.4],[112.3,16.3],[112.2,16.3],[112.2,16.2],[112.1,16.2],[112.1,16.1],[112,16.1],[112,16.2],[112,16.3],[112,16.4],[112,16.5],[112,16.6],[112,16.7],[112,16.8],[112,16.9],[111.9,17],[111.9,17.1],[111.9,17.2],[111.8,17.2],[111.8,17.3],[111.8,17.4],[111.8,17.5],[111.8,17.6],[111.7,17.6],[111.7,17.7],[111.7,17.8],[111.7,17.9],[111.6,18],[111.5,18],[111.4,18],[111.3,18],[111.2,18],[111.1,18],[111,17.9],[110.9,17.9],[110.8,17.9],[110.7,17.9],[110.6,17.9],[110.6,17.8],[110.5,17.8],[110.4,17.8],[110.3,17.8],[110.3,17.7],[110.2,17.7],[110.1,17.7],[109.9,17.7],[109.6,17.8],[109.6,17.9],[109.5,17.9],[109.4,18],[109.3,18.1],[109.2,18.1],[109.2,18.2],[109.1,18.2],[109,18.3],[108.9,18.3],[108.8,18.4],[108.7,18.5],[108.6,18.6],[108.6,18.7],[108.5,18.8],[108.1,19.2],[107.9,19.4],[107.8,19.6],[107.8,19.7],[108,19.6]]]]}},{"type":"Feature","properties":{},"geometry":{"type":"MultiPolygon","coordinates":[[[[-63.8,-65.8],[-59.1,-65.4],[-58.9,-65.6],[-58.4,-65.9],[-57.7,-66],[-56,-66.4],[-54.8,-66.6],[-54.5,-66.8],[-55.1,-66.9],[-56,-66.8],[-56.3,-66.9],[-56.6,-67],[-57.4,-67.1],[-57.8,-67.1],[-58.5,-67],[-58.7,-67],[-59.2,-67],[-59.8,-67.1],[-60.2,-67],[-60.5,-67],[-61,-66.9],[-61.2,-67],[-61.7,-67.2],[-62.4,-67.4],[-62.8,-67.4],[-63.1,-67.5],[-63.6,-67.5],[-64.3,-67.4],[-64.6,-67.2],[-64.7,-67],[-63.6,-66.4],[-63.2,-66.4],[-63,-66.3],[-60.4,-66.1],[-60.1,-66.5],[-60.9,-66.1],[-60.3,-65.8],[-59.6,-65.8],[-60.1,-65.4],[-62.8,-65.8],[-63.8,-65.8]]]]}},{"type":"Feature","properties":{},"geometry":{"type":"MultiPolygon","coordinates":[[[[-77.8,-66.5],[-73.4,-66.1],[-73.2,-66.3],[-74.1,-66.4],[-74,-66.5],[-74.2,-66.9],[-73.3,-67],[-73.7,-67.4],[-74.8,-67],[-75.5,-67],[-75.4,-66.7],[-75.7,-66.7],[-76.4,-66.8],[-77.3,-66.6],[-77.8,-66.5]]]]}},{"type":"Feature","properties":{},"geometry":{"type":"MultiPolygon","coordinates":[[[[-45.1,-65],[-44.8,-65],[-42.4,-63.8],[-42.3,-64],[-42.5,-64.3],[-41.9,-64.2],[-41.2,-64.1],[-41.4,-64.2],[-42.2,-64.5],[-41.9,-64.8],[-41.7,-65.1],[-40.8,-64.5],[-41.1,-65],[-41,-65.1],[-40.3,-64.8],[-40.3,-65.5],[-40.7,-66],[-41.3,-66],[-41.5,-65.7],[-41.4,-65.4],[-42.2,-65.4],[-42.1,-65.2],[-42.4,-64.7],[-43.2,-65.3],[-43.6,-65.2],[-44.1,-65.6],[-44.4,-65.8],[-45.1,-65.5],[-43.8,-65.1],[-44.4,-65],[-44.5,-65.2],[-45.1,-65.2],[-45,-65],[-45.1,-65]]]]}},{"type":"Feature","properties":{},"geometry":{"type":"MultiPolygon","coordinates":[[[[-55.1,-66.4],[-54.1,-66.5],[-52.8,-66.1],[-52.1,-66.2],[-52.1,-66.4],[-53.8,-66.7],[-54.9,-66.6],[-55.1,-66.4]]]]}},{"type":"Feature","properties":{},"geometry":{"type":"MultiPolygon","coordinates":[[[[-56.5,-65.8],[-56.6,-65.9],[-57.5,-65.8],[-56.5,-65.8]]]]}},{"type":"Feature","properties":{},"geometry":{"type":"MultiPolygon","coordinates":[[[[-61.6,-70.9],[-58.7,-70.8],[-57.5,-70.8],[-58.6,-71.3],[-59.4,-71.5],[-60.2,-71.6],[-61.5,-71.7],[-61.9,-71.1],[-61.6,-70.9]]]]}},{"type":"Feature","properties":{},"geometry":{"type":"MultiPolygon","coordinates":[[[[-63.7,-71],[-61.6,-70.9],[-62,-71.8],[-62.5,-71.9],[-62.4,-72.1],[-63.2,-72.3],[-64.2,-72.5],[-65.9,-72.7],[-66,-72.6],[-65.9,-72.5],[-64.7,-72.3],[-65.1,-72.2],[-64.9,-72],[-64.8,-71.9],[-65.1,-71.7],[-64.7,-71.6],[-64,-71.6],[-64.7,-71.4],[-64.3,-71.3],[-64.2,-71.3],[-64.6,-71.2],[-63.7,-71.1],[-63.7,-71]]]]}},{"type":"Feature","properties":{},"geometry":{"type":"MultiPolygon","coordinates":[[[[-67.1,-71.2],[-64.8,-71.1],[-65.4,-71.6],[-66.2,-71.6],[-66.8,-71.3],[-67.1,-71.2]]]]}},{"type":"Feature","properties":{},"geometry":{"type":"MultiPolygon","coordinates":[[[[-106.2,-76.1],[-106.6,-75.8],[-105.8,-74.9],[-104.1,-74.1],[-101.7,-73.4],[-100.7,-73.1],[-99.7,-72.5],[-99.2,-71.7],[-99.7,-71.6],[-100.9,-71.2],[-100.9,-70.7],[-100.6,-70.6],[-100.4,-70.5],[-100.1,-70.4],[-100.2,-70.4],[-100,-69.9],[-99.9,-69.6],[-100.4,-69.2],[-100.7,-69.1],[-100.8,-69],[-101.3,-68.8],[-101.4,-68.7],[-100.9,-68.3],[-101.7,-67.9],[-102.3,-67.4],[-102.2,-67.3],[-101.7,-65.1],[-99.6,-66.8],[-97.5,-68.1],[-93.8,-69.7],[-83,-72.2],[-71.4,-71.7],[-67.4,-71.2],[-66.3,-71.7],[-66.6,-72.3],[-66.9,-72],[-67,-72.3],[-67.6,-72.5],[-67.9,-72.4],[-68.1,-72.5],[-68.5,-72.6],[-68.1,-72.9],[-68.6,-74.2],[-68,-73.4],[-68.1,-73.4],[-69,-73.4],[-69.5,-73.6],[-70.6,-73.3],[-70,-73.6],[-68.9,-73.9],[-69.8,-74.2],[-71.6,-74.1],[-71.6,-73.8],[-72.6,-73.7],[-72.4,-74.1],[-73.4,-74],[-72.7,-74.3],[-72.3,-74.3],[-73.4,-74.5],[-73.9,-74.3],[-74.8,-74.2],[-75.8,-74.2],[-78.8,-74.2],[-83,-73.9],[-83.9,-73.9],[-85.6,-73.6],[-86.6,-73.5],[-87.2,-73.5],[-87.8,-73.2],[-88.7,-73.4],[-89.7,-73.4],[-90.1,-73.3],[-90.7,-73.3],[-91.1,-73.4],[-91.3,-73.4],[-92,-73.4],[-92.2,-73.4],[-92.9,-73.5],[-93.1,-73.4],[-93.5,-73.4],[-94.2,-73.6],[-94.8,-73.7],[-100.8,-75.2],[-101.1,-75.1],[-105.1,-75.8],[-106.2,-76.1]]]]}},{"type":"Feature","properties":{},"geometry":{"type":"MultiPolygon","coordinates":[[[[-61.6,-66.5],[-63.4,-66.5],[-61.8,-66.1],[-59.7,-65.9],[-61.6,-66.5]]]]}},{"type":"Feature","properties":{},"geometry":{"type":"MultiPolygon","coordinates":[[[[-56.8,-65.8],[-59.3,-66.3],[-61.6,-66.5],[-59,-65.6],[-58.4,-65.6],[-58.3,-65.6],[-58.3,-65.7],[-58.1,-65.6],[-57.8,-65.6],[-58.2,-65.9],[-57.5,-65.8],[-56.9,-65.8],[-56.8,-65.8]]]]}},{"type":"Feature","properties":{},"geometry":{"type":"MultiPolygon","coordinates":[[[[-57.3,-65.6],[-57,-65.6],[-57.4,-65.7],[-57.3,-65.6]]]]}},{"type":"Feature","properties":{},"geometry":{"type":"MultiPolygon","coordinates":[[[[28.2,-34.8],[30.1,-32.7],[31.2,-34.4],[29.8,-36.1],[27.2,-37.8],[25.9,-36.2],[27.8,-35.3],[28.2,-34.8]]]]}},{"type":"Feature","properties":{},"geometry":{"type":"MultiPolygon","coordinates":[[[[21.9,-36.8],[24.6,-35.5],[24.6,-37.3],[21.4,-37.9],[21.9,-36.8]]]]}},{"type":"Feature","properties":{},"geometry":{"type":"MultiPolygon","coordinates":[[[[26.7,-33.7],[28.9,-32.8],[30.3,-31.2],[30.5,-30.9],[30.6,-33],[29.6,-34.1],[26.6,-34.6],[26.7,-33.7]]]]}},{"type":"Feature","properties":{},"geometry":{"type":"MultiPolygon","coordinates":[[[[49,-3.9],[47.7,-2.4],[48,-0.7],[50.1,-0.3],[52.3,-2.8],[53.8,-5.5],[50.7,-5.6],[49.3,-4.2],[49,-3.9]]]]}},{"type":"Feature","properties":{},"geometry":{"type":"MultiPolygon","coordinates":[[[[107.8,19.5],[108,19.3],[108.1,19.2],[108.2,19.1],[108.5,18.8],[108.6,18.7],[108.6,18.6],[108.7,18.5],[108.8,18.4],[108.9,18.4],[108.9,18.3],[109,18.3],[109.1,18.2],[109.2,18.2],[109.2,18.1],[109.3,18.1],[109.3,18],[109.4,18],[109.5,17.9],[109.6,17.9],[109.6,17.8],[109.7,17.8],[110.1,17.7],[110.2,17.7],[110.3,17.8],[110.4,17.8],[110.5,17.8],[110.6,17.8],[110.7,17.9],[110.8,17.9],[110.9,17.9],[111,17.9],[111.1,18],[111.2,18],[111.3,18],[111.4,18],[111.5,18],[111.6,18],[111.7,17.9],[111.7,17.8],[111.7,17.7],[111.7,17.6],[111.8,17.5],[111.8,17.4],[111.8,17.3],[111.9,17.2],[111.9,17.1],[111.9,17],[111.9,16.9],[112,16.9],[112,16.8],[112,16.7],[112,16.6],[112,16.5],[112,16.4],[112,16.3],[112,16.2],[112,16.1],[112.6,16],[113,16.2],[113,16.1],[113,16],[113,15.9],[113,15.8],[113,15.7],[113,15.6],[113.2,15.4],[113.3,15.3],[113.4,15.1],[113.5,14.9],[113.5,14.8],[113.6,14.8],[113.6,14.7],[113.7,14.7],[113.7,14.4],[113.7,14.3],[113.8,14.3],[113.8,14.2],[113.8,14.1],[113.8,14],[113.8,13.9],[113.9,13.9],[113.9,13.8],[113.8,13.7],[113.8,13.6],[113.8,13.5],[113.8,13.4],[113.8,13.3],[113.9,13.2],[114,13.2],[114,13.1],[114.1,13.1],[114.1,13],[114.1,12.9],[114.1,12.8],[114.1,12.7],[114.2,12.6],[114.2,12.5],[114.2,12.4],[114.1,12.4],[114.1,12.3],[114.1,12.2],[114.1,12.1],[114.1,12],[114.1,11.9],[114.1,11.8],[114,11.8],[114,11.7],[114.1,11.6],[114.1,11.5],[114.1,11.4],[114.1,11.3],[114.1,11.2],[114.1,11.1],[114.1,11],[114.1,10.9],[114.1,10.8],[114.1,10.7],[114.1,10.6],[114.1,10.5],[114.1,10.4],[114,10.4],[114,10.3],[114,10.2],[114,10.1],[113.9,10.1],[113.8,10.1],[113.7,10.1],[113.6,10.1],[113.6,10.2],[113.5,10.2],[113.5,10.3],[113.4,10.3],[113.3,10.2],[113.2,10.2],[113.1,10.2],[113.1,10.3],[113,10.3],[112.9,10.3],[112.8,10.3],[112.8,10.4],[112.7,10.4],[112.6,10.4],[112.6,10.5],[112.5,10.5],[112.4,10.5],[112.3,10.5],[112.2,10.5],[112.1,10.6],[112,10.6],[111.9,10.6],[111.8,10.6],[111.7,10.7],[111.6,10.7],[111.5,10.7],[111.4,10.8],[111.3,10.8],[111.2,10.9],[111.2,11],[111.1,11],[111.1,11.1],[111.1,11.2],[111,11.2],[111,11.3],[111,11.4],[110.9,11.4],[110.8,11.4],[110.8,11.5],[110.7,11.5],[110.7,11.6],[110.6,11.6],[110.5,11.6],[110.5,11.7],[110.4,11.7],[110.4,11.6],[110.3,11.6],[110.2,11.6],[110.2,11.7],[110.1,11.7],[110.1,11.8],[110,11.8],[109.9,11.8],[109.9,11.9],[109.8,11.9],[109.7,11.9],[109.6,11.9],[109.6,12],[109.7,12],[109.7,12.1],[109.6,12.1],[109.5,12.1],[109.4,12.1],[109.3,12.2],[109.4,12.2],[109.4,12.3],[109.3,12.3],[109.2,12.3],[109.2,12.4],[109.1,12.4],[109,12.4],[109,12.5],[108.9,12.5],[108.9,12.6],[108.9,12.7],[108.8,12.7],[108.8,12.8],[108.8,12.9],[108.8,13],[108.7,13],[108.7,13.1],[108.7,13.2],[108.8,13.2],[108.8,13.3],[108.8,13.4],[108.8,13.5],[108.7,13.6],[108.7,13.7],[108.7,13.8],[108.6,13.8],[108.6,13.9],[108.6,14],[108.6,14.1],[108.5,14.2],[108.5,14.3],[108.5,14.4],[108.4,14.8],[108.3,14.8],[108.3,14.7],[108.3,15],[107.3,16.2],[106,17.4],[105.3,18],[105,18.1],[105,18.5],[104.8,18.5],[104.7,18.4],[104.4,18.7],[104.4,19],[104.2,19.1],[104,19.4],[103.6,19.9],[103.8,20],[103.9,20.2],[104.9,19.9],[105.4,19.8],[106,19.7],[107.1,19.1],[107.6,19.4],[107.8,19.5]]]]}},{"type":"Feature","properties":{},"geometry":{"type":"MultiPolygon","coordinates":[[[[99.5,12.5],[99.5,12.4],[99.6,12.4],[99.7,12.3],[99.8,12.2],[99.9,12.1],[99.9,12],[99.9,11.9],[99.9,11.8],[99.9,11.7],[99.9,11.6],[100,11.5],[100,11.4],[100.1,11.4],[100.1,11.3],[100,11.3],[100,11.2],[99.9,11.2],[99.9,11.1],[99.9,11],[100,11],[100,10.9],[100.1,10.8],[100.1,10.7],[100.2,10.7],[100.3,10.7],[100.3,10.6],[100.4,10.6],[100.5,10.5],[100.5,10.4],[100.6,10.3],[100.7,10.3],[100.7,10.4],[100.8,10.4],[100.9,10.4],[101,10.4],[101.1,10.4],[101.2,10.3],[101.3,10.3],[101.3,10.2],[101.4,10.2],[101.5,10.2],[101.5,10.1],[101.4,10.1],[101.5,10.1],[101.6,10.1],[101.7,10.1],[101.8,10.1],[101.9,10.1],[101.9,10],[102.4,10.2],[103.3,9.4],[103.6,9],[103.6,9.1],[103.7,9.1],[103.8,9.1],[103.9,9.1],[103.9,9],[103.9,9.1],[104,9.1],[104,9.2],[104.1,9.2],[104.1,9.3],[104.2,9.2],[104.5,9.2],[104.6,9.2],[104.7,9.2],[104.8,9.2],[104.9,9.2],[104.9,9.1],[105,9.1],[105.1,9.1],[105.2,9.1],[105.2,9],[105.3,9],[105.4,9],[105.3,9],[105.3,8.9],[105.3,8.8],[105.4,8.8],[105.5,8.8],[105.6,8.8],[105.7,8.8],[105.8,8.8],[105.9,8.8],[106,8.8],[106.1,8.8],[106.2,8.8],[106.3,8.9],[106.4,9],[106.4,9.1],[106.5,9.1],[106.5,9.2],[106.5,9.3],[106.5,9.4],[106.5,9.5],[106.5,9.6],[106.4,9.6],[106.3,9.6],[106.2,9.6],[106.2,9.7],[106.3,9.8],[106.3,9.9],[106.3,10],[106.3,10.1],[106.3,10.2],[106.3,10.3],[106.2,10.3],[106.2,10.4],[106.1,10.5],[106.1,10.6],[106.1,10.7],[106.1,10.8],[106.1,10.9],[106.1,11],[106.2,11.1],[106.2,11.2],[106.2,11.3],[106.2,11.4],[106.2,11.5],[106.3,11.5],[106.4,11.6],[106.4,11.7],[106.5,11.7],[106.6,11.8],[106.7,11.9],[106.7,12],[106.7,12.1],[106.8,12.2],[106.8,12.3],[106.8,12.4],[106.9,12.4],[106.9,12.5],[106.9,12.6],[107,12.6],[107,12.7],[107,12.8],[107.1,12.9],[107.1,13],[107.2,13.1],[107.2,13.2],[107.3,13.2],[107.3,13.3],[107.3,13.4],[107.4,13.4],[107.4,13.5],[107.5,13.5],[107.5,13.6],[107.6,13.6],[107.6,13.7],[107.7,13.8],[107.8,13.8],[107.8,13.9],[107.9,14],[108,14.1],[108.1,14.1],[108.1,14.2],[108.1,14.3],[108.3,14.7],[108.3,14.8],[108.4,14.8],[108.5,14.4],[108.5,14.3],[108.5,14.2],[108.6,14.2],[108.6,14.1],[108.6,14],[108.6,13.9],[108.6,13.8],[108.7,13.8],[108.7,13.7],[108.7,13.6],[108.7,13.5],[108.8,13.5],[108.8,13.4],[108.8,13.3],[108.8,13.2],[108.7,13.2],[108.7,13.1],[108.8,13],[108.8,12.9],[108.8,12.8],[108.8,12.7],[108.9,12.7],[108.9,12.6],[108.9,12.5],[109,12.5],[109.1,12.4],[109.2,12.4],[109.2,12.3],[109.3,12.3],[109.4,12.3],[109.4,12.2],[109.3,12.2],[109.4,12.1],[109.5,12.1],[109.6,12.1],[109.7,12.1],[109.7,12],[109.6,12],[109.6,11.9],[109.7,11.9],[109.8,11.9],[109.9,11.8],[110,11.8],[110.1,11.8],[110.1,11.7],[110.2,11.7],[110.2,11.6],[110.3,11.6],[110.4,11.6],[110.4,11.7],[110.5,11.7],[110.5,11.6],[110.6,11.6],[110.7,11.6],[110.7,11.5],[110.8,11.5],[110.8,11.4],[110.9,11.4],[111,11.4],[111,11.3],[111,11.2],[111.1,11.2],[111.1,11.1],[111.1,11],[111.2,11],[111.2,10.9],[111.3,10.9],[111.3,10.8],[111.4,10.8],[111.5,10.7],[111.6,10.7],[111.7,10.7],[111.8,10.6],[111.9,10.6],[112,10.6],[112.1,10.6],[112.2,10.5],[112.3,10.5],[112.4,10.5],[112.5,10.5],[112.6,10.5],[112.6,10.4],[112.7,10.4],[112.8,10.4],[112.9,10.3],[113,10.3],[113.1,10.3],[113.1,10.2],[113.2,10.2],[113.3,10.2],[113.4,10.3],[113.5,10.3],[113.6,10.2],[113.6,10.1],[113.7,10.1],[113.8,10.1],[113.9,10.1],[114,10],[113.9,9.8],[113.9,9.7],[113.9,9.6],[113.9,9.5],[113.8,9.5],[113.8,9.4],[113.7,9.4],[113.7,9.3],[113.6,9.2],[113.6,9.1],[113.5,9.1],[113.5,9],[113.5,8.9],[113.4,8.9],[113.4,8.8],[113.3,8.8],[113.2,8.7],[113.1,8.7],[113.1,8.6],[113,8.6],[112.9,8.6],[112.8,8.5],[112.7,8.5],[112.7,8.4],[112.6,8.4],[112.5,8.4],[112.5,8.3],[112.4,8.3],[112.3,8.3],[112.2,8.3],[112.2,8.2],[112.1,8.2],[112,8.2],[111.9,8.2],[111.9,8.1],[111.8,8.1],[111.7,8.1],[111.7,8],[111.6,8],[111.5,8],[111.5,7.9],[111.4,7.9],[111.3,7.9],[111.3,7.8],[111.4,7.8],[111.5,7.7],[111.6,7.7],[111.7,7.6],[111.7,7.5],[111.8,7.5],[111.8,7.4],[111.9,7.4],[111.9,7.3],[112,7.3],[112.1,7.2],[112.2,7.2],[112.2,7.1],[112.3,7.1],[112.3,7],[112.2,6.9],[112.2,6.8],[112.2,6.7],[112.2,6.6],[112.1,6.6],[112,6.6],[112,6.5],[111.9,6.5],[111.8,6.5],[111.7,6.5],[111.6,6.5],[111.5,6.5],[111.4,6.5],[111.3,6.5],[111.2,6.5],[111.1,6.5],[111,6.5],[110.9,6.5],[110.9,6.4],[110.8,6.4],[110.8,6.3],[110.8,6.2],[110.9,6.2],[110.9,6.1],[110.9,6],[110.9,5.9],[110.9,5.8],[110.9,5.7],[110.9,5.6],[110.9,5.5],[110.9,5.4],[110.9,5.3],[111,5.3],[111,5.2],[111,5.1],[111,5],[111,4.9],[111,4.8],[111,4.7],[111,4.6],[110.9,4.6],[110.9,4.5],[110.9,4.4],[110.8,4.4],[110.8,4.3],[110.8,4.2],[110.7,4.1],[110.7,4],[110.6,4],[110.6,3.9],[110.5,3.9],[110.5,3.8],[110.4,3.8],[110.3,3.7],[110.3,3.6],[110.2,3.6],[110.2,3.5],[110.1,3.4],[110.1,3.3],[110,3.2],[110,3.1],[110,3],[109.9,3],[109.9,2.9],[109.8,2.9],[109.8,2.8],[109.8,2.7],[109.7,2.7],[109.7,2.6],[109.6,2.6],[109.6,2.5],[109.5,2.5],[109.4,2.5],[109.4,2.4],[109.3,2.4],[109.3,2.3],[109.2,2.3],[109.1,2.3],[109.1,2.2],[109,2.2],[108.9,2.2],[108.8,2.1],[108.7,2.1],[108.6,2],[108.5,2],[108.4,2],[108.3,2],[108.3,1.9],[108.2,1.9],[108.1,1.8],[108.1,1.7],[108.1,1.5],[108,1.5],[108,1.4],[108,1.3],[108,1.2],[107.9,1.2],[107.9,1.1],[107.9,1],[107.8,1],[107.7,0.9],[107.6,0.9],[107.6,0.8],[107.5,0.8],[107.5,0.7],[107.5,0.6],[107.4,0.6],[107.4,0.5],[107.4,0.4],[107.3,0.4],[107.3,0.3],[107.2,0.3],[107.1,0.3],[107,0.2],[106.9,0.2],[106.9,0.3],[106.8,0.3],[106.7,0.3],[106.7,0.4],[106.6,0.4],[106.5,0.4],[106.5,0.5],[106.5,0.4],[106.4,0.3],[106.4,0.2],[106.3,0.2],[106.3,0.1],[106.3,0],[106.2,0],[106.2,0.1],[106.1,0.1],[106,0.1],[106,0.2],[105.9,0.2],[105.8,0.3],[105.7,0.3],[105.7,0.4],[105.6,0.4],[105.6,0.3],[105.6,0.2],[105.6,0.1],[105.6,0],[105.6,-0.1],[105.6,-0.2],[105.6,-0.1],[105.5,-0.1],[105.5,0],[105.4,0],[105.3,0],[105.2,0],[105.1,0],[105.1,0.1],[105,0.1],[104.9,0],[104.8,0],[104.8,-0.1],[104.7,-0.1],[104.6,-0.2],[104.6,-0.3],[104.5,-0.3],[104.5,-0.4],[104.4,-0.4],[104.3,-0.4],[104.3,-0.5],[104.2,-0.6],[104.2,-0.7],[104.2,-0.8],[104.1,-0.8],[104.1,-0.9],[104,-0.9],[104,-1],[103.9,-1],[103.9,-1.1],[103.8,-1.1],[103.8,-1.2],[103.7,-1.2],[103.7,-1.3],[103.6,-1.3],[103.5,-1.3],[103.5,-1.4],[103.4,-1.4],[103.3,-1.5],[103.2,-1.5],[103.2,-1.6],[103.1,-1.6],[103,-1.6],[102.9,-1.6],[102.9,-1.5],[102.8,-1.5],[102.7,-1.5],[102.7,-1.6],[102.6,-1.6],[102.5,-1.6],[102.4,-1.6],[102.3,-1.6],[102.2,-1.6],[102.1,-1.6],[102,-1.6],[101.9,-1.6],[101.8,-1.6],[101.7,-1.6],[101.6,-1.6],[101.5,-1.6],[101.4,-1.6],[101.4,-1.5],[101.3,-1.5],[101.2,-1.5],[101.1,-1.5],[101,-1.5],[100.9,-1.5],[100.8,-1.5],[100.7,-1.4],[100.6,-1.4],[100.5,-1.4],[100.5,-1.3],[100.5,-1.2],[100.4,-1.2],[100.4,-1.1],[100.3,-1.1],[100.2,-1.1],[100.1,-1.1],[100,-1.2],[99.9,-1.2],[99.8,-1.2],[99.8,-1.3],[99.7,-1.3],[99.6,-1.3],[99.5,-1.2],[99.3,-0.9],[99,-0.3],[98.4,0.2],[98.2,0.5],[98.3,0.8],[98.1,1.2],[98.3,1.1],[99.3,1.1],[98.9,1.3],[99,1.6],[98.9,1.7],[98.5,1.6],[98.4,1.6],[98.4,1.8],[98.1,1.7],[98.1,1.9],[98.3,1.8],[98.5,2],[98.5,2.1],[98.7,2.3],[98.6,2.3],[99,2.8],[98.4,2.5],[98.6,2.7],[98.3,2.8],[98,2.6],[97.9,2.8],[98,3.1],[98,3.2],[98.2,3.3],[98.1,3.4],[97.9,3.5],[98,3.7],[98,3.9],[97.8,3.8],[97.6,3.9],[97.7,4.1],[97.5,4.5],[97.7,4.4],[97.8,4.5],[97.6,4.8],[97.5,4.8],[97.3,4.9],[97.5,5],[97.7,4.9],[97.6,5.3],[97.8,5.3],[97.9,5.6],[97.6,5.7],[98,5.9],[98.1,6.1],[98.9,6.2],[99.2,6.1],[99.5,5.9],[99.5,6],[99.4,6.1],[99.5,6.3],[99.6,6.4],[99.4,6.7],[99.7,6.9],[100,6.9],[100,7],[99.8,7.1],[100.2,7.2],[100,7.4],[100,7.6],[99.9,7.6],[99.8,7.6],[99.6,7.5],[99.4,7.7],[99.3,7.8],[99.1,8.1],[99,8.4],[98.7,8.7],[98.5,9.2],[98.6,9.4],[98.3,9.5],[98.6,9.5],[98.8,9.7],[98.4,9.8],[98.4,10.3],[99.1,10.8],[99.3,11.1],[99.1,11.3],[98.8,11.7],[98.7,11.6],[98.5,11.6],[98.2,11.1],[98,11.1],[98.1,11.4],[98.1,11.5],[98.3,11.6],[98.7,11.9],[99.2,12.2],[99.4,12.3],[99.5,12.5]]]]}},{"type":"Feature","properties":{},"geometry":{"type":"MultiPolygon","coordinates":[[[[100.8,14.1],[100.8,13.8],[100.8,14],[100.8,14.1]]]]}},{"type":"Feature","properties":{},"geometry":{"type":"MultiPolygon","coordinates":[[[[100.8,13.8],[100.7,13.6],[100.6,13.6],[100.8,13.8]]]]}},{"type":"Feature","properties":{},"geometry":{"type":"MultiPolygon","coordinates":[[[[101.9,14.2],[101.8,14.1],[101.8,14.2],[101.9,14.2]]]]}},{"type":"Feature","properties":{},"geometry":{"type":"MultiPolygon","coordinates":[[[[102,14.1],[101.9,14.1],[101.8,14.1],[102,14.1]]]]}},{"type":"Feature","properties":{},"geometry":{"type":"MultiPolygon","coordinates":[[[[102.1,14.1],[102,14],[102,14.1],[102.1,14.1]]]]}},{"type":"Feature","properties":{},"geometry":{"type":"MultiPolygon","coordinates":[[[[102.1,13.8],[102,13.8],[102,13.9],[102.1,13.8]]]]}},{"type":"Feature","properties":{},"geometry":{"type":"MultiPolygon","coordinates":[[[[102.1,13.8],[102,13.7],[102,13.8],[102.1,13.8]]]]}},{"type":"Feature","properties":{},"geometry":{"type":"MultiPolygon","coordinates":[[[[102.9,12.4],[102.8,12.4],[102.8,12.5],[102.9,12.4]]]]}},{"type":"Feature","properties":{},"geometry":{"type":"MultiPolygon","coordinates":[[[[107.2,13.8],[107.1,13.8],[107,13.8],[107.2,13.8]]]]}},{"type":"Feature","properties":{},"geometry":{"type":"MultiPolygon","coordinates":[[[[97.4,10.1],[97.5,10.1],[97.6,10.3],[97.6,10.4],[97.7,10.6],[98,10.8],[98.1,10.4],[97.4,10.1]]]]}},{"type":"Feature","properties":{},"geometry":{"type":"MultiPolygon","coordinates":[[[[102.9,13.7],[103,13.7],[103.3,13.7],[103,13.3],[102.8,13.4],[102.7,13.9],[102.9,13.7]]]]}},{"type":"Feature","properties":{},"geometry":{"type":"MultiPolygon","coordinates":[[[[97.4,9.8],[97.6,9.8],[97.9,9.8],[97.4,9.4],[97.5,9.6],[97.4,9.7],[97.4,9.8]]]]}},{"type":"Feature","properties":{},"geometry":{"type":"MultiPolygon","coordinates":[[[[106.6,14.5],[106.8,14.3],[106.6,14.1],[106.6,14.5]]]]}},{"type":"Feature","properties":{},"geometry":{"type":"MultiPolygon","coordinates":[[[[112.2,6.6],[112.2,6.5],[112.2,6.4],[112.3,6.3],[112.3,6.2],[112.4,6.2],[112.4,6.1],[112.4,6],[112.4,5.9],[112.5,5.8],[112.5,5.5],[112.4,4.9],[112.2,4.4],[112,4.1],[111.8,3.9],[111.9,3.7],[112.1,4.1],[112.3,4.2],[112.1,3.7],[112,3],[111.7,2.5],[111.7,2.2],[111.4,1.7],[111.3,1.3],[111.1,1.1],[110.8,0.9],[110.5,0.7],[110.4,0.6],[109.9,0.5],[109.9,0.4],[109.8,0.4],[109.7,0.4],[109.6,0.4],[109.6,0.3],[109.6,0.2],[109.5,0.2],[109.5,0.1],[109.4,0.1],[109.3,0.1],[109.2,0.1],[109.1,0.1],[109.1,0],[109,-0.1],[109,-0.2],[108.9,-0.2],[108.9,-0.3],[108.9,-0.4],[108.8,-0.4],[108.8,-0.5],[108.7,-0.5],[108.7,-0.6],[108.6,-0.6],[108.6,-0.7],[108.5,-0.7],[108.5,-0.8],[108.4,-0.8],[108.4,-0.9],[108.3,-0.9],[108.2,-0.9],[108.2,-1],[108.1,-1],[108,-1],[108,-1.1],[107.9,-1.1],[107.8,-1.1],[107.7,-1.1],[107.7,-1.2],[107.6,-1.2],[107.6,-1.1],[107.5,-1.1],[107.4,-1.1],[106.9,-1.1],[106.7,-1],[106.6,-1],[106.6,-1.1],[106.5,-1.1],[106.4,-1.1],[106.3,-1.2],[106.2,-1.2],[106.1,-1.2],[106,-1.2],[105.9,-1.2],[105.8,-1.2],[105.7,-1.2],[105.6,-1.2],[105.5,-1.2],[105.4,-1.2],[105.3,-1.2],[105.2,-1.2],[105.1,-1.1],[105,-1.1],[104.9,-1.1],[104.8,-1.1],[104.7,-1.1],[104.7,-1.2],[104.6,-1.3],[104.6,-1.4],[104.5,-1.4],[104.5,-1.5],[104.4,-1.5],[104.4,-1.6],[104.3,-1.6],[104.3,-1.7],[104.2,-1.7],[104.2,-1.8],[104.3,-1.8],[104.2,-1.8],[104.2,-1.9],[104.1,-1.9],[104.1,-2],[104,-2],[104,-2.1],[103.9,-2.1],[103.9,-2.2],[103.8,-2.2],[103.7,-2.3],[103.6,-2.3],[103.6,-2.4],[103.5,-2.4],[103.5,-2.5],[103.4,-2.5],[103.3,-2.6],[103.2,-2.6],[103.1,-2.7],[103,-2.7],[102.9,-2.7],[102.8,-2.7],[102.7,-2.7],[102.6,-2.7],[102.5,-2.7],[102.4,-2.7],[102.3,-2.7],[102.3,-2.6],[102.2,-2.6],[102.1,-2.6],[102,-2.6],[101.9,-2.6],[101.8,-2.5],[101.7,-2.5],[101.6,-2.5],[101.5,-2.5],[101.4,-2.5],[101.3,-2.5],[101.3,-2.4],[101.2,-2.4],[101.1,-2.4],[101,-2.4],[100.9,-2.4],[100.8,-2.4],[100.7,-2.3],[100.6,-2.3],[100.5,-2.3],[100.4,-2.3],[100.3,-2.3],[100.3,-2.2],[100.2,-2.2],[100.2,-2.3],[100.1,-2.3],[100,-2.3],[99.9,-2.3],[99.6,-1.3],[99.7,-1.3],[99.8,-1.3],[99.8,-1.2],[99.9,-1.2],[100,-1.2],[100.1,-1.2],[100.2,-1.1],[100.3,-1.1],[100.4,-1.1],[100.4,-1.2],[100.5,-1.3],[100.5,-1.4],[100.6,-1.4],[100.7,-1.4],[100.8,-1.5],[100.9,-1.5],[101,-1.5],[101.1,-1.5],[101.2,-1.5],[101.3,-1.5],[101.4,-1.5],[101.4,-1.6],[101.5,-1.6],[101.6,-1.6],[101.7,-1.6],[101.8,-1.6],[101.9,-1.6],[102,-1.6],[102.1,-1.6],[102.2,-1.6],[102.3,-1.6],[102.4,-1.6],[102.5,-1.6],[102.6,-1.6],[102.7,-1.6],[102.7,-1.5],[102.8,-1.5],[102.9,-1.5],[102.9,-1.6],[103,-1.6],[103.1,-1.6],[103.2,-1.6],[103.2,-1.5],[103.3,-1.5],[103.4,-1.4],[103.5,-1.4],[103.5,-1.3],[103.6,-1.3],[103.7,-1.3],[103.7,-1.2],[103.8,-1.2],[103.8,-1.1],[103.9,-1.1],[103.9,-1],[104,-1],[104,-0.9],[104.1,-0.9],[104.1,-0.8],[104.2,-0.7],[104.2,-0.6],[104.3,-0.6],[104.3,-0.5],[104.3,-0.4],[104.4,-0.4],[104.5,-0.4],[104.5,-0.3],[104.6,-0.3],[104.6,-0.2],[104.7,-0.2],[104.7,-0.1],[104.8,-0.1],[104.8,0],[104.9,0],[105,0.1],[105.1,0.1],[105.1,0],[105.2,0],[105.3,0],[105.4,0],[105.5,0],[105.5,-0.1],[105.6,-0.1],[105.6,-0.2],[105.6,-0.1],[105.6,0],[105.6,0.1],[105.6,0.2],[105.6,0.3],[105.6,0.4],[105.7,0.4],[105.8,0.3],[105.9,0.3],[105.9,0.2],[106,0.2],[106.1,0.1],[106.2,0.1],[106.2,0],[106.3,0],[106.3,0.1],[106.3,0.2],[106.4,0.3],[106.4,0.4],[106.5,0.4],[106.5,0.5],[106.5,0.4],[106.6,0.4],[106.7,0.4],[106.7,0.3],[106.8,0.3],[106.9,0.3],[107,0.2],[107.1,0.3],[107.2,0.3],[107.3,0.3],[107.3,0.4],[107.4,0.4],[107.4,0.5],[107.5,0.6],[107.5,0.7],[107.5,0.8],[107.6,0.8],[107.6,0.9],[107.7,0.9],[107.8,1],[107.9,1],[107.9,1.1],[107.9,1.2],[108,1.3],[108,1.4],[108,1.5],[108.1,1.5],[108.1,1.7],[108.1,1.8],[108.2,1.8],[108.2,1.9],[108.3,1.9],[108.4,2],[108.5,2],[108.6,2],[108.7,2.1],[108.8,2.1],[108.9,2.2],[109,2.2],[109.1,2.2],[109.1,2.3],[109.2,2.3],[109.3,2.3],[109.3,2.4],[109.4,2.4],[109.4,2.5],[109.5,2.5],[109.6,2.5],[109.6,2.6],[109.7,2.6],[109.7,2.7],[109.8,2.7],[109.8,2.8],[109.8,2.9],[109.9,2.9],[109.9,3],[110,3],[110,3.1],[110,3.2],[110.1,3.3],[110.1,3.4],[110.2,3.5],[110.2,3.6],[110.3,3.7],[110.4,3.8],[110.5,3.9],[110.6,4],[110.7,4.1],[110.8,4.2],[110.8,4.3],[110.9,4.4],[110.9,4.5],[110.9,4.6],[111,4.6],[111,4.7],[111,4.8],[111,4.9],[111,5],[111,5.1],[111,5.2],[111,5.3],[110.9,5.3],[110.9,5.4],[110.9,5.5],[110.9,5.6],[110.9,5.7],[110.9,5.8],[110.9,5.9],[110.9,6],[110.9,6.1],[110.8,6.2],[110.8,6.3],[110.8,6.4],[110.9,6.4],[110.9,6.5],[111,6.5],[111.1,6.5],[111.2,6.5],[111.3,6.5],[111.4,6.5],[111.5,6.5],[111.6,6.5],[111.7,6.5],[111.8,6.5],[111.9,6.5],[112,6.5],[112,6.6],[112.1,6.6],[112.2,6.6]]]]}},{"type":"Feature","properties":{},"geometry":{"type":"MultiPolygon","coordinates":[[[[112.3,4.3],[112.9,4.5],[113.3,4.7],[113.6,4.9],[113.9,5],[114.3,5.3],[114.6,5.4],[115,5.6],[115.1,5.6],[115.5,5.7],[115.6,5.7],[115.7,5.8],[116,5.8],[116,5.9],[116.1,5.9],[116.5,6],[116.6,6.1],[116.7,6.1],[116.9,6.2],[117.2,6.3],[117.6,6.5],[117.7,6.8],[118.4,7.3],[118.8,7.4],[119,7.5],[119.2,7.3],[119.4,7.3],[119.5,7.3],[119.5,7.4],[119.5,7.3],[119.6,7.3],[119.7,7.2],[119.8,7.2],[119.9,7.2],[120,7.2],[120.1,7.2],[120.2,7.2],[120.2,7.1],[120.3,7.1],[120.4,7.1],[120.4,7],[120.5,7],[120.6,7],[120.6,6.9],[120.7,6.9],[120.7,6.8],[120.6,6.6],[120.6,6.1],[120.5,5.9],[120.4,5.6],[120.3,5],[120.3,4.5],[120.3,4.3],[120.4,4.2],[120.7,3.8],[121,3.5],[121.1,3.3],[121.4,2.9],[121.7,2.6],[121.7,2.5],[121.5,2],[121.1,2.8],[120.8,2.1],[120.7,1.6],[120.6,2],[120.1,2.4],[119.8,3.2],[119.1,3.6],[119.2,3.1],[119.4,2.3],[119.6,1.3],[119.7,1],[119.7,0.8],[119.2,0.8],[119.4,0.9],[118.7,1.1],[117.9,1.2],[117.7,0.9],[117.4,1],[117.3,1.1],[116.9,1.1],[116.4,1],[116.5,0.9],[115.8,0.3],[114.8,-0.3],[113.9,-2.7],[113.1,-4.5],[113.4,-6.6],[113.4,-7.4],[113.1,-7.9],[112.8,-8.4],[112.6,-8.5],[112.6,-8.4],[112.6,-8.3],[112.5,-8.2],[112.5,-8.1],[112.4,-8.1],[112.5,-8],[112.4,-7.9],[112.4,-7.8],[112.4,-7.7],[112.4,-7.6],[112.4,-7.5],[112.4,-7.4],[112.5,-7.4],[112.5,-7.5],[112.5,-7.6],[112.6,-7.6],[112.6,-7.7],[112.6,-7.8],[112.6,-7.9],[112.6,-8],[112.7,-8],[112.7,-7.9],[112.7,-7.8],[112.7,-7.7],[112.7,-7.6],[112.6,-7.6],[112.6,-7.5],[112.6,-7.4],[112.5,-7.3],[112.5,-7.2],[112.4,-7.2],[112.4,-7.1],[112.3,-7.1],[112.3,-7],[112.2,-6.9],[112.1,-6.8],[112,-6.8],[111.9,-6.8],[111.9,-6.9],[111.9,-7],[111.8,-7],[111.7,-7],[111.7,-6.9],[111.6,-6.9],[111.6,-6.8],[111.5,-6.7],[111.5,-6.6],[111.4,-6.5],[111.4,-6.4],[111.4,-6.3],[111.4,-6.2],[111.3,-6.2],[111.3,-6.1],[111.3,-6],[111.3,-5.9],[111.2,-5.8],[111.2,-5.7],[111.2,-5.6],[111.1,-5.6],[111.1,-5.5],[111.1,-5.4],[111,-5.4],[111,-5.3],[110.9,-5.3],[110.9,-5.2],[110.9,-5.1],[110.8,-5.1],[110.8,-5],[110.8,-4.9],[110.7,-4.9],[110.7,-4.8],[110.6,-4.8],[110.6,-4.7],[110.5,-4.6],[110.4,-4.6],[110.4,-4.5],[110.3,-4.4],[110.3,-4.3],[110.2,-4.3],[110.2,-4.2],[110.1,-4.2],[110.1,-4.3],[110.2,-4.3],[110.2,-4.4],[110.2,-4.5],[110.1,-4.5],[110,-4.4],[109.9,-4.3],[109.9,-4.2],[109.8,-4.2],[109.8,-4.1],[109.7,-4.1],[109.7,-4],[109.7,-3.9],[109.6,-3.9],[109.6,-3.8],[109.6,-3.7],[109.5,-3.6],[109.5,-3.5],[109.5,-3.4],[109.5,-3.3],[109.4,-3.3],[109.4,-3.2],[109.4,-3.1],[109.4,-3],[109.3,-3],[109.3,-2.9],[109.3,-2.8],[109.2,-2.8],[109.2,-2.7],[109.2,-2.6],[109.2,-2.5],[109.2,-2.4],[109.2,-2.3],[109.2,-2.2],[109.2,-2.1],[109.2,-2],[109.2,-1.9],[109.2,-1.8],[109.1,-1.7],[109.2,-1.7],[109.4,-1.5],[109.6,-1.3],[109.6,-0.9],[109.1,0],[109.1,0.1],[109.2,0.1],[109.3,0.1],[109.4,0.1],[109.5,0.1],[109.5,0.2],[109.6,0.2],[109.6,0.3],[109.6,0.4],[109.7,0.4],[109.8,0.4],[109.9,0.4],[109.9,0.5],[110.5,0.6],[110.6,0.8],[110.9,0.9],[111.1,1.1],[111.4,1.3],[111.6,1.9],[111.6,2.3],[111.7,2.6],[112,3.1],[112.1,3.7],[112.3,4.3]]]]}},{"type":"Feature","properties":{},"geometry":{"type":"MultiPolygon","coordinates":[[[[111.2,-13.1],[111.1,-13],[111,-13],[111,-12.9],[111,-12.8],[111,-12.7],[111,-12.6],[111.1,-12.5],[111.1,-12.4],[111.2,-12.4],[111.2,-12.3],[111.3,-12.3],[111.3,-12.2],[111.4,-12.1],[111.4,-12],[111.5,-12],[111.5,-11.9],[111.6,-11.8],[111.6,-11.7],[111.7,-11.7],[111.7,-11.6],[111.8,-11.6],[111.8,-11.5],[111.9,-11.4],[111.9,-11.3],[111.9,-11.2],[112,-11.2],[112,-11.1],[112,-11],[112,-10.9],[112.1,-10.9],[112.1,-10.8],[112.1,-10.7],[112.1,-10.6],[112.2,-10.6],[112.2,-10.5],[112.2,-10.4],[112.2,-10.3],[112.2,-10.2],[112.2,-10.3],[112.3,-10.5],[112.2,-10.9],[112.4,-11.5],[112.3,-11.7],[112.3,-11.9],[111.9,-12.6],[111.6,-12.8],[111.2,-13.1]]]]}},{"type":"Feature","properties":{},"geometry":{"type":"MultiPolygon","coordinates":[[[[121.4,1.7],[121.7,1.8],[121.3,1.2],[120.9,0.8],[121.4,1.7]]]]}},{"type":"Feature","properties":{},"geometry":{"type":"MultiPolygon","coordinates":[[[[111,-13],[111.1,-13],[111.2,-13.1],[110.7,-13.5],[110.1,-13],[109,-12.2],[108.8,-11.9],[106.7,-11.8],[105.3,-11.5],[104.2,-11.4],[102.3,-11.3],[102.8,-11.4],[103.1,-11.3],[102.1,-11.1],[102.4,-10.9],[102.8,-10.9],[102.7,-10.5],[101.6,-10.6],[100.4,-10.3],[99.3,-9.5],[99.3,-9.1],[99.5,-9],[99.4,-8.8],[99.2,-8.5],[99.1,-7.7],[99.2,-7.7],[99.2,-7.8],[99.2,-7.9],[99.3,-8],[99.3,-8.1],[99.4,-8.2],[99.4,-8.3],[99.4,-8.4],[99.5,-8.5],[99.5,-8.6],[99.6,-8.6],[99.7,-8.7],[99.8,-8.7],[99.9,-8.7],[100,-8.8],[100.1,-8.9],[100.2,-9],[100.3,-9],[100.4,-9.1],[100.5,-9.1],[100.6,-9.1],[100.7,-9.2],[100.8,-9.3],[101,-9.3],[101.1,-9.4],[101.2,-9.5],[101.3,-9.5],[101.4,-9.5],[101.5,-9.5],[101.5,-9.6],[101.6,-9.6],[101.7,-9.6],[101.8,-9.6],[101.9,-9.6],[102,-9.6],[102,-9.7],[102.2,-9.7],[102.3,-9.7],[102.4,-9.7],[102.6,-9.7],[102.7,-9.7],[102.8,-9.7],[102.9,-9.7],[103,-9.7],[103.1,-9.7],[103.2,-9.7],[103.2,-9.8],[103.3,-9.8],[103.4,-9.8],[103.5,-9.8],[103.5,-9.9],[103.6,-9.9],[103.7,-10],[103.8,-10],[103.9,-10.1],[104,-10.1],[104.1,-10.1],[104.1,-10.2],[104.2,-10.2],[104.3,-10.2],[104.3,-10.3],[104.4,-10.3],[104.5,-10.3],[104.5,-10.4],[104.6,-10.4],[104.7,-10.4],[104.8,-10.4],[104.8,-10.5],[104.9,-10.5],[105,-10.5],[105.1,-10.6],[105.2,-10.6],[105.3,-10.6],[105.3,-10.7],[105.4,-10.7],[105.5,-10.7],[105.6,-10.7],[105.6,-10.8],[105.7,-10.8],[105.8,-10.8],[105.9,-10.8],[106,-10.8],[106.1,-10.8],[106.2,-10.8],[106.2,-10.9],[106.3,-10.9],[106.4,-10.9],[106.5,-10.9],[106.6,-10.9],[106.7,-10.9],[106.8,-11],[106.9,-11],[107,-11],[107.1,-11],[107.1,-11.1],[107.2,-11.1],[107.3,-11.1],[107.4,-11.2],[107.6,-11.2],[107.6,-11.3],[107.7,-11.3],[107.8,-11.3],[107.9,-11.4],[108,-11.4],[108.1,-11.4],[108.2,-11.5],[108.3,-11.5],[108.4,-11.6],[108.5,-11.6],[108.6,-11.6],[108.6,-11.7],[108.7,-11.7],[108.8,-11.8],[108.9,-11.8],[108.9,-11.9],[109,-11.9],[109.1,-12],[109.2,-12],[109.3,-12.1],[109.4,-12.1],[109.4,-12.2],[109.5,-12.2],[109.6,-12.2],[109.6,-12.3],[109.7,-12.3],[109.7,-12.4],[109.8,-12.4],[109.9,-12.4],[109.9,-12.5],[110,-12.6],[110.2,-12.6],[110.3,-12.7],[110.4,-12.7],[110.5,-12.8],[110.6,-12.8],[110.7,-12.9],[110.8,-12.9],[110.9,-13],[111,-13]]]]}},{"type":"Feature","properties":{},"geometry":{"type":"MultiPolygon","coordinates":[[[[109.1,0],[109.6,-0.9],[109.6,-1.3],[109.4,-1.5],[109.2,-1.7],[109.1,-1.7],[109.2,-1.8],[109.2,-1.9],[109.2,-2],[109.2,-2.1],[109.2,-2.2],[109.2,-2.3],[109.2,-2.4],[109.2,-2.5],[109.2,-2.6],[109.2,-2.7],[109.2,-2.8],[109.3,-2.8],[109.3,-2.9],[109.3,-3],[109.4,-3],[109.4,-3.1],[109.4,-3.2],[109.4,-3.3],[109.5,-3.3],[109.5,-3.4],[109.5,-3.5],[109.5,-3.6],[109.6,-3.7],[109.6,-3.8],[109.6,-3.9],[109.7,-3.9],[109.7,-4],[109.7,-4.1],[109.8,-4.1],[109.8,-4.2],[109.9,-4.2],[109.9,-4.3],[110,-4.4],[110.1,-4.5],[110.2,-4.5],[110.2,-4.4],[110.2,-4.3],[110.1,-4.3],[110.1,-4.2],[110.2,-4.2],[110.2,-4.3],[110.3,-4.3],[110.3,-4.4],[110.4,-4.5],[110.4,-4.6],[110.5,-4.6],[110.6,-4.7],[110.6,-4.8],[110.7,-4.8],[110.7,-4.9],[110.8,-4.9],[110.8,-5],[110.8,-5.1],[110.9,-5.1],[110.9,-5.2],[110.9,-5.3],[111,-5.3],[111,-5.4],[111.1,-5.4],[111.1,-5.5],[111.1,-5.6],[111.2,-5.6],[111.2,-5.7],[111.2,-5.8],[111.3,-5.9],[111.3,-6],[111.3,-6.1],[111.3,-6.2],[111.4,-6.2],[111.4,-6.3],[111.4,-6.4],[111.4,-6.5],[111.5,-6.6],[111.5,-6.7],[111.6,-6.8],[111.6,-6.9],[111.7,-6.9],[111.7,-7],[111.8,-7],[111.9,-7],[111.9,-6.9],[111.9,-6.8],[112,-6.8],[112.1,-6.8],[112.2,-6.9],[112.3,-7],[112.3,-7.1],[112.4,-7.1],[112.4,-7.2],[112.5,-7.2],[112.5,-7.3],[112.6,-7.4],[112.6,-7.5],[112.6,-7.6],[112.7,-7.6],[112.7,-7.7],[112.7,-7.8],[112.7,-7.9],[112.7,-8],[112.6,-8],[112.6,-7.9],[112.6,-7.8],[112.6,-7.7],[112.6,-7.6],[112.5,-7.6],[112.5,-7.5],[112.5,-7.4],[112.4,-7.4],[112.4,-7.5],[112.4,-7.6],[112.4,-7.7],[112.4,-7.8],[112.4,-7.9],[112.5,-8],[112.4,-8.1],[112.5,-8.1],[112.5,-8.2],[112.6,-8.3],[112.6,-8.4],[112.6,-8.5],[112.6,-8.6],[112.2,-10.1],[112.2,-10.2],[112.2,-10.3],[112.2,-10.4],[112.2,-10.5],[112.2,-10.6],[112.1,-10.6],[112.1,-10.7],[112.1,-10.8],[112.1,-10.9],[112,-10.9],[112,-11],[112,-11.1],[112,-11.2],[111.9,-11.3],[111.9,-11.4],[111.8,-11.5],[111.8,-11.6],[111.7,-11.6],[111.7,-11.7],[111.6,-11.7],[111.6,-11.8],[111.5,-11.9],[111.5,-12],[111.4,-12],[111.4,-12.1],[111.3,-12.2],[111.3,-12.3],[111.2,-12.3],[111.2,-12.4],[111.1,-12.4],[111.1,-12.5],[111,-12.6],[111,-12.7],[111,-12.8],[111,-12.9],[110.9,-13],[110.8,-12.9],[110.7,-12.9],[110.6,-12.8],[110.5,-12.8],[110.4,-12.7],[110.3,-12.7],[110.2,-12.6],[110.1,-12.6],[110,-12.5],[109.9,-12.5],[109.8,-12.4],[109.7,-12.3],[109.6,-12.3],[109.6,-12.2],[109.5,-12.2],[109.4,-12.2],[109.4,-12.1],[109.3,-12.1],[109.2,-12],[109.1,-12],[109.1,-11.9],[108.9,-11.9],[108.9,-11.8],[108.8,-11.8],[108.7,-11.7],[108.6,-11.7],[108.5,-11.6],[108.4,-11.6],[108.3,-11.5],[108.2,-11.5],[108.1,-11.5],[108.1,-11.4],[108,-11.4],[107.9,-11.4],[107.8,-11.3],[107.7,-11.3],[107.6,-11.3],[107.6,-11.2],[107.5,-11.2],[107.4,-11.2],[107.3,-11.1],[107.2,-11.1],[107.1,-11.1],[107,-11],[106.9,-11],[106.8,-11],[106.7,-10.9],[106.6,-10.9],[106.5,-10.9],[106.4,-10.9],[106.3,-10.9],[106.2,-10.9],[106.1,-10.8],[106,-10.8],[105.9,-10.8],[105.8,-10.8],[105.7,-10.8],[105.6,-10.8],[105.6,-10.7],[105.5,-10.7],[105.4,-10.7],[105.3,-10.6],[105.2,-10.6],[105.1,-10.6],[105,-10.5],[104.9,-10.5],[104.8,-10.5],[104.7,-10.4],[104.6,-10.4],[104.5,-10.4],[104.5,-10.3],[104.4,-10.3],[104.3,-10.3],[104.3,-10.2],[104.2,-10.2],[104.1,-10.2],[104,-10.1],[103.9,-10.1],[103.8,-10],[103.7,-10],[103.7,-9.9],[103.6,-9.9],[103.5,-9.9],[103.5,-9.8],[103.4,-9.8],[103.3,-9.8],[103.2,-9.7],[103.1,-9.7],[103,-9.7],[102.9,-9.7],[102.8,-9.7],[102.7,-9.7],[102.6,-9.7],[102.5,-9.7],[102.3,-9.7],[102.2,-9.7],[102.1,-9.7],[102,-9.7],[102,-9.6],[101.9,-9.6],[101.8,-9.6],[101.7,-9.6],[101.6,-9.6],[101.5,-9.6],[101.5,-9.5],[101.4,-9.5],[101.3,-9.5],[101.2,-9.5],[101.1,-9.4],[100.9,-9.3],[100.7,-9.2],[100.6,-9.1],[100.5,-9.1],[100.4,-9],[100.2,-9],[100.2,-8.9],[100,-8.8],[99.9,-8.8],[99.9,-8.7],[99.8,-8.7],[99.6,-8.6],[99.5,-8.6],[99.5,-8.5],[99.4,-8.5],[99.4,-8.4],[99.4,-8.3],[99.4,-8.2],[99.3,-8.1],[99.3,-8],[99.2,-7.9],[99.2,-7.8],[99.2,-7.7],[99.1,-7.6],[98.9,-6.7],[99,-6.2],[98.9,-6.1],[99.1,-5.8],[99.4,-5.3],[99.2,-4.8],[99.4,-3.8],[99.6,-3.3],[99.9,-2.3],[100,-2.3],[100.1,-2.3],[100.2,-2.2],[100.3,-2.2],[100.3,-2.3],[100.4,-2.3],[100.5,-2.3],[100.6,-2.3],[100.7,-2.3],[100.8,-2.4],[100.9,-2.4],[101,-2.4],[101.1,-2.4],[101.2,-2.4],[101.3,-2.4],[101.3,-2.5],[101.4,-2.5],[101.5,-2.5],[101.6,-2.5],[101.7,-2.5],[101.8,-2.5],[101.8,-2.6],[101.9,-2.6],[102,-2.6],[102.1,-2.6],[102.2,-2.6],[102.3,-2.6],[102.3,-2.7],[102.4,-2.7],[102.5,-2.7],[102.6,-2.7],[102.7,-2.7],[102.8,-2.7],[102.9,-2.7],[103,-2.7],[103.1,-2.7],[103.1,-2.6],[103.2,-2.6],[103.3,-2.6],[103.4,-2.5],[103.5,-2.5],[103.5,-2.4],[103.6,-2.4],[103.6,-2.3],[103.7,-2.3],[103.8,-2.2],[103.9,-2.2],[104,-2.1],[104,-2],[104.1,-2],[104.1,-1.9],[104.2,-1.9],[104.2,-1.8],[104.3,-1.8],[104.2,-1.8],[104.2,-1.7],[104.3,-1.7],[104.3,-1.6],[104.4,-1.6],[104.4,-1.5],[104.5,-1.5],[104.5,-1.4],[104.6,-1.4],[104.6,-1.3],[104.7,-1.2],[104.7,-1.1],[104.8,-1.1],[104.9,-1.1],[105,-1.1],[105.1,-1.1],[105.2,-1.1],[105.2,-1.2],[105.3,-1.2],[105.4,-1.2],[105.5,-1.2],[105.6,-1.2],[105.7,-1.2],[105.8,-1.2],[105.9,-1.2],[106,-1.2],[106.1,-1.2],[106.2,-1.2],[106.3,-1.2],[106.4,-1.1],[106.5,-1.1],[106.6,-1.1],[106.6,-1],[106.7,-1],[107.3,-1.1],[107.4,-1.1],[107.5,-1.1],[107.6,-1.1],[107.6,-1.2],[107.7,-1.2],[107.7,-1.1],[107.8,-1.1],[107.9,-1.1],[108,-1.1],[108,-1],[108.1,-1],[108.2,-1],[108.3,-0.9],[108.4,-0.9],[108.4,-0.8],[108.5,-0.8],[108.6,-0.7],[108.6,-0.6],[108.7,-0.6],[108.7,-0.5],[108.8,-0.5],[108.8,-0.4],[108.9,-0.4],[108.9,-0.3],[108.9,-0.2],[109,-0.2],[109,-0.1],[109.1,0]]]]}},{"type":"Feature","properties":{},"geometry":{"type":"MultiPolygon","coordinates":[[[[99.6,12.5],[99.7,12.5],[99.9,12.7],[100,12.6],[99.9,12.8],[100.1,12.8],[100.2,13.2],[100.6,13.2],[100.7,13.4],[100.7,13.5],[100.8,13.5],[100.7,13.6],[100.8,14],[100.8,13.9],[100.9,13.8],[101,13.8],[101,14],[101,14.1],[101.1,14],[101.2,14],[101.2,13.9],[101.3,13.9],[101.3,14],[101.4,14.2],[101.3,14.4],[101.2,14.3],[101.1,14.4],[101.1,14.6],[101.2,14.6],[101.4,14.6],[101.5,14.6],[101.5,14.7],[101.7,14.8],[101.7,14.7],[101.7,14.8],[101.7,14.7],[101.8,14.5],[101.7,14.6],[101.8,14.5],[101.9,14.4],[101.8,14.3],[101.9,14.2],[101.8,14.2],[101.8,14.1],[101.9,14.1],[102,14.1],[102.1,14.1],[102,14.1],[102,14],[102.1,14],[102.2,14],[102.2,13.9],[102.2,13.7],[102.2,13.8],[102.1,13.8],[102,13.9],[102,13.8],[102.1,13.8],[102,13.8],[102,13.7],[102.1,13.6],[102,13.7],[102,13.6],[102,13.5],[101.9,13.5],[101.9,13.4],[102,13.4],[102.1,13.4],[102.1,13.3],[102.1,13.2],[102.2,13.2],[102.4,13.2],[102.4,13.3],[102.5,13.1],[102.6,12.9],[102.7,12.9],[102.7,12.7],[102.8,12.5],[102.8,12.4],[102.9,12.4],[102.9,12.3],[102.9,12.2],[103.3,12.1],[103.4,12.2],[103.7,12.4],[103.9,12.5],[104.6,12.6],[104.8,12.7],[104.7,12.8],[105.5,13.2],[105.8,13.2],[106.2,13.4],[106.4,13.5],[106.4,13.6],[106.5,13.6],[106.7,13.8],[106.9,13.8],[107,13.8],[107.1,13.8],[107.2,13.7],[107.3,13.8],[107.6,13.9],[107.8,14],[108,14.1],[108.1,14.2],[108.1,14.3],[108.1,14.2],[108.1,14.1],[107.9,14],[107.8,13.9],[107.7,13.8],[107.7,13.7],[107.6,13.7],[107.5,13.6],[107.5,13.5],[107.4,13.5],[107.4,13.4],[107.3,13.3],[107.2,13.2],[107.2,13.1],[107.2,13],[107.1,12.9],[107,12.8],[107,12.7],[107,12.6],[106.9,12.6],[106.9,12.5],[106.8,12.4],[106.8,12.3],[106.8,12.2],[106.7,12.1],[106.7,12],[106.6,11.9],[106.5,11.8],[106.4,11.7],[106.4,11.6],[106.3,11.6],[106.3,11.5],[106.2,11.4],[106.2,11.3],[106.2,11.2],[106.1,11.1],[106.1,11],[106.1,10.9],[106.1,10.8],[106.1,10.7],[106.1,10.6],[106.1,10.5],[106.2,10.4],[106.2,10.3],[106.3,10.3],[106.3,10.2],[106.3,10.1],[106.3,10],[106.3,9.9],[106.3,9.8],[106.2,9.7],[106.2,9.6],[106.3,9.6],[106.4,9.6],[106.5,9.6],[106.5,9.5],[106.5,9.4],[106.5,9.3],[106.5,9.2],[106.4,9.1],[106.4,9],[106.3,9],[106.3,8.9],[106.2,8.8],[106.1,8.8],[106,8.8],[105.9,8.8],[105.8,8.8],[105.7,8.8],[105.6,8.8],[105.5,8.8],[105.4,8.8],[105.3,8.8],[105.3,8.9],[105.3,9],[105.4,9],[105.3,9],[105.2,9.1],[105.1,9.1],[105,9.1],[104.9,9.1],[104.9,9.2],[104.8,9.2],[104.7,9.2],[104.6,9.2],[104.4,9.2],[104.2,9.2],[104.1,9.3],[104.1,9.2],[104,9.2],[104,9.1],[103.9,9.1],[103.9,9],[103.8,9.1],[103.7,9.1],[103.6,9.1],[103.6,9],[102.9,9.8],[102,10],[101.9,10],[101.8,10.1],[101.7,10.1],[101.6,10.1],[101.5,10.1],[101.4,10.1],[101.5,10.1],[101.5,10.2],[101.4,10.2],[101.3,10.3],[101.2,10.3],[101.2,10.4],[101.1,10.4],[101,10.4],[100.9,10.4],[100.8,10.4],[100.7,10.4],[100.7,10.3],[100.6,10.3],[100.5,10.4],[100.5,10.5],[100.4,10.6],[100.3,10.7],[100.2,10.7],[100.1,10.7],[100.1,10.8],[100,10.9],[100,11],[99.9,11],[99.9,11.1],[99.9,11.2],[100,11.3],[100.1,11.4],[100,11.4],[100,11.5],[99.9,11.5],[99.9,11.6],[99.9,11.7],[99.9,11.8],[99.9,11.9],[99.9,12],[99.9,12.1],[99.8,12.2],[99.8,12.3],[99.7,12.3],[99.6,12.4],[99.5,12.4],[99.5,12.5],[99.5,12.6],[99.6,12.5]]]]}},{"type":"Feature","properties":{},"geometry":{"type":"MultiPolygon","coordinates":[[[[104,-31.7],[102.6,-30.2],[102,-29],[102,-26.8],[102.5,-25.7],[102.6,-25.6],[102.8,-26],[103,-26.5],[102.8,-27.4],[102.9,-28.3],[103.3,-29.3],[103.4,-31.1],[103.6,-31.4],[104,-31.7]]]]}},{"type":"Feature","properties":{},"geometry":{"type":"MultiPolygon","coordinates":[[[[80.7,-28],[81.3,-27.6],[84.4,-26.9],[88.5,-26.9],[88.5,-27.3],[85.6,-28],[86.3,-30.2],[86.4,-32.4],[85.2,-33.2],[86.2,-34.4],[88.3,-34.9],[91,-34.6],[92.4,-36],[92.1,-35.9],[92.1,-35.5],[91.7,-35.8],[91.9,-36.1],[92,-36.2],[92.3,-37.2],[89,-38],[89.2,-37.9],[89.5,-37.6],[89.6,-37.2],[89.3,-36.7],[89.2,-37],[88.8,-37.4],[88.1,-37.6],[87.6,-37.5],[87.4,-37.3],[87.2,-37.3],[87.3,-37.6],[87,-37.4],[86.8,-37.5],[86.7,-37.7],[86.5,-37.7],[86.3,-37.8],[86.2,-37.8],[86.1,-37.8],[85.9,-37.6],[85.7,-37.6],[85.6,-37.4],[85.2,-37.4],[84.6,-37.3],[83.8,-37],[81.1,-33.3],[80.5,-28.1],[80.7,-28]]]]}},{"type":"Feature","properties":{},"geometry":{"type":"MultiPolygon","coordinates":[[[[110.1,-39.5],[108.5,-40.4],[108,-40.4],[108.3,-40.2],[109.1,-39.9],[109.9,-39.5],[110.1,-39.5]]]]}},{"type":"Feature","properties":{},"geometry":{"type":"MultiPolygon","coordinates":[[[[109.8,-39.2],[109.9,-39.5],[109.1,-39.9],[108.3,-40.2],[107.7,-40.3],[109.2,-39.7],[109.8,-39.2]]]]}},{"type":"Feature","properties":{},"geometry":{"type":"MultiPolygon","coordinates":[[[[106.2,-35.1],[107.9,-36.4],[108.1,-36.6],[107.3,-38],[106.7,-39.1],[106,-40],[105.5,-39.8],[104.9,-39.4],[106.8,-37.1],[105.4,-35.4],[106.2,-35.1]]]]}},{"type":"Feature","properties":{},"geometry":{"type":"MultiPolygon","coordinates":[[[[109.5,-38.1],[109.7,-39.2],[109.5,-39.5],[107.9,-40.2],[106.8,-40.1],[106,-40],[106.7,-39.1],[107.3,-38],[108.1,-36.6],[109,-37],[108.9,-37.5],[109.5,-38.1]]]]}},{"type":"Feature","properties":{},"geometry":{"type":"MultiPolygon","coordinates":[[[[111.3,-37.6],[111.2,-38.4],[111.5,-39],[111.7,-39.2],[111.5,-39.3],[111.4,-39.4],[111.2,-39.8],[110.8,-39.9],[110.4,-38.8],[110.4,-37.9],[110.5,-37.3],[111,-37.5],[111.3,-37.6]]]]}},{"type":"Feature","properties":{},"geometry":{"type":"MultiPolygon","coordinates":[[[[111.9,-37.9],[111.8,-38.4],[112,-38.9],[112.5,-39.5],[112.1,-39.7],[112.7,-40.1],[111.2,-40.4],[111.2,-39.8],[111.4,-39.4],[111.5,-39.3],[111.7,-39.2],[111.5,-39],[111.2,-38.4],[111.3,-37.6],[111.9,-37.8],[111.9,-37.9]]]]}},{"type":"Feature","properties":{},"geometry":{"type":"MultiPolygon","coordinates":[[[[-98,14.9],[-98.1,15.4],[-98.6,15.7],[-100.2,16.2],[-101.3,16],[-101.8,16],[-101.1,16.3],[-100.2,16.9],[-98.3,17],[-97.4,16.5],[-96.8,16],[-96.2,15.9],[-95.8,15.7],[-95.4,15.2],[-94.6,14.2],[-92.9,12.8],[-92.6,12.8],[-91.7,11.9],[-91.8,11],[-92.5,11.4],[-93.8,11.7],[-95.4,13],[-95.7,13.5],[-95.9,13.7],[-96.5,14.1],[-97.7,14.7],[-98,14.9]]]]}},{"type":"Feature","properties":{},"geometry":{"type":"MultiPolygon","coordinates":[[[[-101,18.2],[-99.1,18],[-96.8,16.6],[-95.5,15.6],[-94.3,14.7],[-93.3,14.4],[-92.2,13.9],[-91.2,13.8],[-89.9,13.6],[-88.1,13.1],[-87.1,12.6],[-87.6,12.7],[-88.4,13.3],[-89.9,13.5],[-91,13.5],[-92.3,13.8],[-94.1,14.1],[-94.8,14.7],[-95.4,15.2],[-95.8,15.7],[-96.2,15.9],[-96.8,16],[-97.4,16.5],[-98.3,17],[-100.2,16.9],[-100.9,17.2],[-100.8,17.4],[-100.7,18],[-100.9,17.8],[-101.1,17.9],[-101.3,18.1],[-101,18.2]]]]}},{"type":"Feature","properties":{},"geometry":{"type":"MultiPolygon","coordinates":[[[[-94.2,11.2],[-93.8,11],[-93.4,10.7],[-93.4,10.9],[-92.6,11],[-91.5,10.7],[-92.7,9.6],[-93.7,8.4],[-94.2,7.7],[-94.2,7.2],[-93.8,7.1],[-95.6,6.8],[-95.8,8.9],[-94.2,11.2]]]]}},{"type":"Feature","properties":{},"geometry":{"type":"MultiPolygon","coordinates":[[[[-94.2,11.2],[-94.4,11.4],[-95.5,12.4],[-95.9,13.2],[-95.8,13.4],[-98,14.9],[-97.6,14.5],[-96.5,14.1],[-95.9,13.7],[-95.6,13.4],[-94.3,11.9],[-93.4,11.6],[-92.4,11.4],[-91.5,11],[-90.8,10.8],[-91.8,10.7],[-92.8,11],[-93.5,10.8],[-93.4,10.7],[-93.9,11],[-94.2,11.2]]]]}},{"type":"Feature","properties":{},"geometry":{"type":"MultiPolygon","coordinates":[[[[-91.5,11],[-92.2,11.9],[-92.9,12.8],[-93.5,12.8],[-94.8,14.4],[-94.7,14.7],[-93.9,14.1],[-92.2,13.8],[-90.8,13.4],[-89.6,13.5],[-88.1,13.1],[-87.4,12.6],[-87.4,12],[-88.5,11.8],[-90.7,10.8],[-91.5,11]]]]}},{"type":"Feature","properties":{},"geometry":{"type":"MultiPolygon","coordinates":[[[[-88.5,7.6],[-87.8,7.8],[-87.1,8.3],[-86.1,8.5],[-85.2,8.4],[-84.1,8.5],[-83.5,8.3],[-83.9,8.3],[-85.6,8.3],[-86.5,8.2],[-87,7.9],[-88.4,7],[-89.9,6.6],[-90.7,6.6],[-92.4,6.6],[-93.5,7],[-91,7.4],[-89.8,7.2],[-89.6,7.4],[-89.6,7.5],[-88.5,7.6]]]]}},{"type":"Feature","properties":{},"geometry":{"type":"MultiPolygon","coordinates":[[[[-76.8,11.8],[-75.7,12.4],[-75.6,13.6],[-75.7,16],[-75.9,17.8],[-75,17.3],[-74.2,15.4],[-74.1,13.8],[-73.5,12.3],[-75,10.9],[-76.3,11.3],[-76.8,11.8]]]]}},{"type":"Feature","properties":{},"geometry":{"type":"MultiPolygon","coordinates":[[[[-82.8,9.8],[-80.3,8.4],[-79.6,7.4],[-80.7,7],[-81.1,7.4],[-82.1,8],[-82.5,9.1],[-83.6,9.6],[-82.8,9.8]]]]}},{"type":"Feature","properties":{},"geometry":{"type":"MultiPolygon","coordinates":[[[[-83.6,9.6],[-82.5,9.1],[-82.1,8],[-81.1,7.4],[-81.1,6.7],[-82.3,7.1],[-82.9,8],[-84,9],[-84.6,9.5],[-83.6,9.6]]]]}},{"type":"Feature","properties":{},"geometry":{"type":"MultiPolygon","coordinates":[[[[-78.5,14.2],[-78.3,15.7],[-76.7,14.2],[-75.8,13.1],[-76.1,11.8],[-77.3,12.6],[-78.2,13.7],[-78.5,14.2]]]]}},{"type":"Feature","properties":{},"geometry":{"type":"MultiPolygon","coordinates":[[[[-81.1,11.7],[-81.1,13.4],[-79.9,12.6],[-79,13.3],[-78,13.4],[-76.8,11.8],[-76,10.7],[-76.9,10.3],[-78.1,11.5],[-80.2,11.1],[-81.1,11.7]]]]}},{"type":"Feature","properties":{},"geometry":{"type":"MultiPolygon","coordinates":[[[[-87.3,12.1],[-85.7,12.3],[-83.3,11.5],[-80.6,10.8],[-79.7,9.2],[-80.3,8.4],[-82.8,9.8],[-85.5,11.1],[-88.2,11.8],[-87.3,12.1]]]]}},{"type":"Feature","properties":{},"geometry":{"type":"MultiPolygon","coordinates":[[[[-90.2,24.4],[-86.2,23],[-83.6,21.4],[-85.6,21.8],[-87.8,22.5],[-90,23.3],[-91.2,24.1],[-90.2,24.4]]]]}},{"type":"Feature","properties":{},"geometry":{"type":"MultiPolygon","coordinates":[[[[-89.8,26.2],[-86.5,24.8],[-84.9,23.8],[-83.7,23],[-81.6,21.3],[-80.4,19.2],[-81.4,19.6],[-83.6,21.4],[-86.2,23],[-90.2,24.4],[-89.8,26.2]]]]}},{"type":"Feature","properties":{},"geometry":{"type":"MultiPolygon","coordinates":[[[[-99.3,25],[-100.6,26],[-101.8,27.6],[-97.3,26.3],[-93.9,26.8],[-90.9,26.6],[-89.8,25.7],[-91.2,23.8],[-91.8,23],[-92.3,22.7],[-93.8,22.8],[-95.2,23],[-96.2,23.2],[-97.3,23.8],[-98.4,24.1],[-99.3,25]]]]}},{"type":"Feature","properties":{},"geometry":{"type":"MultiPolygon","coordinates":[[[[-84.3,8.5],[-85.6,8.5],[-85.2,8.5],[-84.3,8.5]]]]}},{"type":"Feature","properties":{},"geometry":{"type":"MultiPolygon","coordinates":[[[[-84.5,9.1],[-84.5,8.8],[-85.1,9],[-84.5,9.1]]]]}},{"type":"Feature","properties":{},"geometry":{"type":"MultiPolygon","coordinates":[[[[-92.1,9.8],[-90.2,10.1],[-90,8.9],[-88.1,8.8],[-87.5,8.6],[-88.4,8.1],[-88.3,7.8],[-87.5,8.1],[-86.9,8.4],[-87.7,7.9],[-88.3,7.6],[-90.9,7.8],[-92.1,9.2],[-92.1,9.8]]]]}},{"type":"Feature","properties":{},"geometry":{"type":"MultiPolygon","coordinates":[[[[-90.2,10.5],[-87.8,10.2],[-84.9,9.5],[-84.1,9.1],[-85.1,9],[-85.5,9.2],[-86.2,9.2],[-86.6,9.1],[-87,9],[-87.8,8.7],[-89.6,8.8],[-90.3,9.9],[-90.2,10.5]]]]}},{"type":"Feature","properties":{},"geometry":{"type":"MultiPolygon","coordinates":[[[[-90.7,10.8],[-88.5,11.8],[-87,11.5],[-84.1,10.4],[-83.3,9.7],[-84.6,9.5],[-87,10.1],[-89.8,10.4],[-90.7,10.8]]]]}},{"type":"Feature","properties":{},"geometry":{"type":"MultiPolygon","coordinates":[[[[-81.4,2.6],[-79.7,2.7],[-78.2,1.5],[-77,1.6],[-76.4,0.6],[-76.4,0.3],[-76.6,-0.3],[-76.9,-0.6],[-77.2,-0.7],[-78.1,-0.3],[-78.8,0.3],[-79.3,0.7],[-80.2,1.1],[-80.6,1.5],[-81,2.1],[-81.4,2.6]]]]}},{"type":"Feature","properties":{},"geometry":{"type":"MultiPolygon","coordinates":[[[[-92.1,9.8],[-91.9,8.3],[-88.7,7.6],[-89.2,7.5],[-89.7,7.4],[-89.6,7.4],[-90.5,7.4],[-93.6,7.1],[-94.2,7.2],[-94.2,7.6],[-94.1,8],[-93,9.4],[-92.1,9.8]]]]}},{"type":"Feature","properties":{},"geometry":{"type":"MultiPolygon","coordinates":[[[[-81.4,-3.8],[-80.5,-3.9],[-77.9,-5.2],[-77.2,-5.8],[-77.8,-5.9],[-78.8,-6],[-80.6,-5.4],[-81.3,-4.7],[-81.4,-3.8]]]]}},{"type":"Feature","properties":{},"geometry":{"type":"MultiPolygon","coordinates":[[[[-77.3,-1.9],[-76.4,-1],[-76.1,-0.4],[-76.1,0.2],[-76,1.1],[-75.2,1],[-74.8,-2.4],[-76.4,-5.2],[-77.7,-5.3],[-78.1,-4.9],[-78.4,-4.2],[-78.8,-3.5],[-78.9,-3],[-78.8,-2.7],[-77.8,-2.1],[-77.3,-1.9]]]]}},{"type":"Feature","properties":{},"geometry":{"type":"MultiPolygon","coordinates":[[[[-78.8,0.3],[-78.5,0],[-77.7,-0.5],[-77.1,-0.7],[-76.8,-0.5],[-76.4,0.2],[-76.3,0.5],[-76.1,0],[-76.3,-0.8],[-76.9,-1.5],[-77.6,-1.6],[-79.4,-0.9],[-79.8,-0.8],[-79.5,-0.1],[-78.8,0.3]]]]}},{"type":"Feature","properties":{},"geometry":{"type":"MultiPolygon","coordinates":[[[[-81.2,-2.7],[-81.4,-1.7],[-80.9,-1],[-80.8,-0.8],[-80.7,-0.6],[-80.3,0.4],[-79.1,0.6],[-79.5,-0.1],[-79.8,-0.8],[-80.2,-1.4],[-80.5,-1.9],[-80.7,-2.1],[-81.2,-2.7]]]]}},{"type":"Feature","properties":{},"geometry":{"type":"MultiPolygon","coordinates":[[[[-82,3.1],[-81,2.1],[-80.6,1.5],[-80.3,1.2],[-79.9,1],[-80.6,-0.5],[-80.7,-0.8],[-80.9,-1],[-81.2,-1.3],[-81.6,-0.9],[-81.8,0.2],[-81.7,0.8],[-82,2.8],[-82,3.1]]]]}},{"type":"Feature","properties":{},"geometry":{"type":"MultiPolygon","coordinates":[[[[-81.2,-2.7],[-80.7,-2.1],[-80.5,-1.9],[-80.2,-1.4],[-79.4,-0.9],[-77.6,-1.6],[-78.3,-2.3],[-78.9,-2.8],[-78.9,-3.3],[-78.8,-3.6],[-78.2,-4.5],[-78.1,-5],[-80.7,-3.9],[-81.4,-3.6],[-81.2,-2.8],[-81.2,-2.7]]]]}},{"type":"Feature","properties":{},"geometry":{"type":"MultiPolygon","coordinates":[[[[-81.1,11.1],[-81.1,11.5],[-80.2,11.1],[-78.8,11.5],[-77.4,10.7],[-75.8,10.2],[-75,10.9],[-73.5,12.3],[-74.1,13.8],[-73.9,14.8],[-73.5,13.5],[-73.2,12.5],[-73.4,11.4],[-73.5,10.4],[-73.8,9.6],[-75.2,7.9],[-76.4,7.8],[-78,8.8],[-79.7,8.7],[-80.5,10.2],[-81.1,11.1]]]]}},{"type":"Feature","properties":{},"geometry":{"type":"MultiPolygon","coordinates":[[[[82.4,-25],[83.2,-25.6],[84.3,-24.9],[87.5,-24.8],[90.6,-24.8],[92.9,-23],[95.8,-19.1],[97.7,-16.8],[98.2,-15.5],[98.3,-14.6],[100.9,-14.5],[100.8,-14.8],[99.6,-14.9],[99.6,-16.7],[99.1,-18.6],[97.5,-21.4],[95.2,-23.5],[93.4,-24.4],[92,-25.2],[90.5,-26.1],[88.3,-26.4],[86.5,-26.4],[81.9,-26.5],[81.7,-27.1],[80.7,-28],[80.8,-27.5],[81.1,-26.4],[81.3,-26.1],[81.7,-26.3],[82,-25.9],[82.4,-25]]]]}},{"type":"Feature","properties":{},"geometry":{"type":"MultiPolygon","coordinates":[[[[92.2,-3.6],[92.9,-5.3],[93.1,-6.3],[93.2,-7.1],[93.9,-8.5],[94.3,-10.3],[94.5,-11.4],[94.8,-12.8],[95.2,-14.3],[95,-15.6],[94.8,-16.7],[94.4,-16.2],[94.1,-14.6],[93.5,-13.6],[93.1,-11.4],[92.8,-8.8],[92.2,-5.5],[92.2,-3.6]]]]}},{"type":"Feature","properties":{},"geometry":{"type":"MultiPolygon","coordinates":[[[[94.6,-17.1],[94.9,-16.2],[95.1,-14.9],[95,-13.4],[94.8,-12.2],[94.3,-10.9],[94.4,-9.8],[93.6,-7.8],[93.2,-6.7],[93,-5.9],[92.7,-4.5],[93.3,-4.1],[93.7,-5.6],[94.9,-9],[96.1,-13.7],[96.2,-15.5],[94.6,-17.1]]]]}},{"type":"Feature","properties":{},"geometry":{"type":"MultiPolygon","coordinates":[[[[-83.7,2.5],[-83,2.3],[-83.3,0.6],[-85.1,1.7],[-83.7,2.5]]]]}},{"type":"Feature","properties":{},"geometry":{"type":"MultiPolygon","coordinates":[[[[-84,-0.7],[-86.5,-4],[-86.8,-3.4],[-85.1,-2.1],[-84.8,-1],[-84,-0.7]]]]}},{"type":"Feature","properties":{},"geometry":{"type":"MultiPolygon","coordinates":[[[[-85.3,1.2],[-83.6,0.2],[-84.8,-1],[-85.1,-2.1],[-86.8,-3.4],[-87,-4.5],[-87.2,-2.9],[-86.6,-1.4],[-86.4,0],[-85.3,1.2]]]]}},{"type":"Feature","properties":{},"geometry":{"type":"MultiPolygon","coordinates":[[[[-83.6,8.2],[-83.5,8.3],[-82.8,7.8],[-82.6,6],[-82.8,5.1],[-82.8,2.8],[-83.7,2.6],[-83.5,4],[-83.2,4.8],[-83.2,6.2],[-83.2,7.4],[-83.5,8.2],[-83.6,8.2]]]]}},{"type":"Feature","properties":{},"geometry":{"type":"MultiPolygon","coordinates":[[[[-85.6,1.5],[-86.4,0],[-86.6,-1.4],[-87.2,-2.9],[-88.2,-2.3],[-87,0.2],[-85.6,1.5]]]]}},{"type":"Feature","properties":{},"geometry":{"type":"MultiPolygon","coordinates":[[[[-102.4,-5.1],[-102.1,-5.7],[-101.6,-6.3],[-101.3,-6.4],[-101.2,-6.8],[-101,-6.6],[-100.6,-6.8],[-100.1,-7.3],[-99.2,-7.6],[-98.1,-8],[-97.6,-9],[-97.1,-9.4],[-96.5,-10],[-96,-10.6],[-95.4,-10.5],[-94.9,-10.1],[-95.5,-10.7],[-95.7,-11.2],[-96.4,-11.5],[-96.7,-11.6],[-97.4,-10.4],[-97.9,-10.1],[-98.2,-9.7],[-99.7,-8.6],[-101.7,-7.7],[-102.8,-7.7],[-103.1,-7.5],[-102.7,-7.3],[-103.2,-6.9],[-103.6,-6.7],[-103.6,-6.5],[-103.6,-6.1],[-103.3,-5.9],[-103.5,-6],[-103.4,-5.5],[-103.2,-5.6],[-103.2,-5.5],[-102.6,-5],[-102.4,-5.1]]]]}},{"type":"Feature","properties":{},"geometry":{"type":"MultiPolygon","coordinates":[[[[-85.9,8.2],[-84.7,8.3],[-83.6,8.2],[-83.2,7.5],[-83.1,6.3],[-83.3,5.2],[-83.5,4],[-83.9,2.8],[-84,2.1],[-86.3,1.1],[-88.2,-1.8],[-87.2,-4.2],[-87.8,-5.2],[-88.9,-5.8],[-90.1,-6.3],[-90.6,-6.5],[-91,-7.2],[-91.8,-7.7],[-92.2,-7.8],[-92.4,-8],[-93,-8.4],[-93.6,-8.4],[-94.7,-7.9],[-96.3,-5.7],[-96.9,-4],[-94.5,-1.8],[-92.6,0.9],[-90.9,2.9],[-88.2,5.6],[-86,8.1],[-85.9,8.2]]]]}},{"type":"Feature","properties":{},"geometry":{"type":"MultiPolygon","coordinates":[[[[-93.5,-9.4],[-93.6,-9.1],[-93.5,-8.5],[-92.8,-8.3],[-92.2,-7.9],[-92,-7.8],[-91.7,-7.6],[-90.9,-6.9],[-90.5,-6.4],[-89.9,-6.2],[-88.7,-5.8],[-87.6,-5],[-86.5,-4],[-84,-0.7],[-83.3,0.6],[-82.2,2.9],[-82.7,5],[-82.1,3.9],[-82,2.8],[-81.7,0.8],[-81.8,0.2],[-81.6,-0.9],[-81.3,-2.4],[-81.2,-3],[-81.4,-3.8],[-81.3,-4.7],[-83.6,-7.6],[-88.9,-10.9],[-91.9,-11.7],[-91.5,-11.2],[-90.9,-11.1],[-90.7,-10.4],[-90.8,-10.6],[-90.8,-11],[-91.6,-11.1],[-91.9,-12.2],[-94.3,-10.9],[-94,-10.3],[-94.2,-10.2],[-94,-9.9],[-93.7,-10],[-93.4,-9.5],[-93.5,-9.4]]]]}},{"type":"Feature","properties":{},"geometry":{"type":"MultiPolygon","coordinates":[[[[120.3,-1.3],[120.5,-1.5],[121.1,-1.9],[124.9,-5.1],[128,-10.9],[130.7,-17.6],[133.9,-24.7],[131.9,-26.9],[128.9,-24.6],[126.8,-22],[125.9,-22],[124.2,-19.3],[122.2,-15.4],[118.7,-9.1],[117,-5.8],[116.5,-5.3],[116.8,-4.6],[117.2,-3.8],[117.6,-3.9],[117.6,-3.3],[118.2,-3.2],[118.6,-2.7],[119.1,-2.2],[119.3,-2.1],[119.7,-1.7],[120.3,-1.3]]]]}},{"type":"Feature","properties":{},"geometry":{"type":"MultiPolygon","coordinates":[[[[123.9,-40.8],[124,-39.6],[123.3,-38.7],[121.9,-37.8],[121,-36.7],[125.1,-36.8],[125.6,-36.6],[126.4,-35.1],[128.2,-33.9],[130.4,-35.2],[129.2,-39.2],[124.9,-41.3],[124.2,-41.3],[123.9,-40.8]]]]}},{"type":"Feature","properties":{},"geometry":{"type":"MultiPolygon","coordinates":[[[[130.4,-35.2],[130.5,-34],[130.9,-33],[131.3,-33],[131.4,-36.8],[130.4,-35.2]]]]}},{"type":"Feature","properties":{},"geometry":{"type":"MultiPolygon","coordinates":[[[[131.5,-36.7],[135.1,-31.4],[137,-34.5],[137.4,-35.4],[137,-35.6],[136.8,-35.8],[137,-35.8],[137.1,-36],[137,-36.2],[137,-36.7],[136.4,-36.2],[131.5,-36.7]]]]}},{"type":"Feature","properties":{},"geometry":{"type":"MultiPolygon","coordinates":[[[[137.6,-35.2],[135.9,-31.6],[137.8,-31.6],[139.4,-31.6],[139.5,-32.2],[139.5,-32.6],[139.3,-33.1],[139.1,-33.6],[139,-34],[138.8,-34.3],[138.7,-34.3],[138.6,-34.6],[138.2,-34.9],[137.9,-35.1],[137.6,-35.2]]]]}},{"type":"Feature","properties":{},"geometry":{"type":"MultiPolygon","coordinates":[[[[117,-6],[120.4,-12.2],[124,-18.5],[119.4,-18.4],[113.9,-19.4],[113,-19.5],[113,-19],[113,-18.4],[112.8,-17.7],[113,-17.2],[113.3,-17.1],[113.1,-16.8],[112.9,-16.3],[112.5,-16.1],[112.6,-15.1],[112.9,-14.4],[113.5,-13.5],[113.7,-13.2],[113.8,-12.5],[113.4,-12.4],[113.9,-10.9],[114.3,-10.5],[114.9,-11.5],[114.9,-10.8],[114.8,-10.1],[115.1,-9.8],[115.3,-9.3],[115.4,-9.6],[115.5,-8.2],[115.8,-7.4],[115.7,-6.6],[115.8,-6.5],[116.2,-6.5],[116.6,-6.6],[116.8,-6.2],[117,-6]]]]}},{"type":"Feature","properties":{},"geometry":{"type":"MultiPolygon","coordinates":[[[[117,-5.8],[116.7,-5.6],[116.8,-5.5],[117,-5.8]]]]}},{"type":"Feature","properties":{},"geometry":{"type":"MultiPolygon","coordinates":[[[[136.7,-13.8],[137.3,-17.4],[131.1,-14.6],[127.5,-9.5],[126.5,-5.4],[132,-9.3],[136.7,-13.8]]]]}},{"type":"Feature","properties":{},"geometry":{"type":"MultiPolygon","coordinates":[[[[137.8,-18.5],[136.9,-13.3],[138.1,-14],[139.5,-14.9],[140.8,-16.1],[141.6,-17.3],[142.5,-18.8],[143.2,-19.8],[142.3,-20.5],[137.8,-18.5]]]]}},{"type":"Feature","properties":{},"geometry":{"type":"MultiPolygon","coordinates":[[[[134.8,-26.5],[131.2,-19.4],[131.1,-14.6],[137.3,-17.4],[139.1,-23.8],[139.6,-27.5],[136.7,-26.4],[134.8,-26.5]]]]}},{"type":"Feature","properties":{},"geometry":{"type":"MultiPolygon","coordinates":[[[[137.8,-18.5],[143.5,-21.4],[143.8,-25.2],[144.6,-24.8],[141.6,-26.3],[138.7,-22],[137.8,-18.5]]]]}},{"type":"Feature","properties":{},"geometry":{"type":"MultiPolygon","coordinates":[[[[116.3,-38.2],[116.3,-38.1],[116.2,-38.1],[116,-37.9],[115.9,-37.6],[116,-37.5],[115.9,-37.4],[114.9,-37.7],[119.5,-35.6],[120.6,-37.1],[118.5,-38.8],[117.2,-39.3],[117,-39.4],[116.8,-39.4],[116.6,-39.6],[116.2,-39.4],[116.7,-39.1],[116.6,-38.5],[116.5,-38.2],[116.3,-38.2]]]]}},{"type":"Feature","properties":{},"geometry":{"type":"MultiPolygon","coordinates":[[[[113,-28.3],[113.9,-28.1],[113,-28],[114.3,-27.1],[114.7,-28.3],[114.4,-29.8],[113,-28.3]]]]}},{"type":"Feature","properties":{},"geometry":{"type":"MultiPolygon","coordinates":[[[[113.2,-27.4],[112.8,-22.3],[115.6,-20.6],[117.4,-21.9],[118.5,-24.9],[119.3,-25.1],[120.8,-28],[120.4,-31.6],[119.2,-33.6],[114.9,-31.6],[115.1,-29.5],[114.7,-28],[113.9,-27.2],[113.2,-27.4]]]]}},{"type":"Feature","properties":{},"geometry":{"type":"MultiPolygon","coordinates":[[[[113,-28.3],[116.4,-33.1],[114.2,-37.5],[113.1,-37.6],[112.3,-37.1],[111.9,-37.1],[111.5,-36.8],[111.4,-36.8],[111,-36.7],[111.1,-36.5],[111.3,-36.3],[111.4,-36],[110.5,-36],[110.2,-36.1],[110.2,-36.4],[109.9,-35.9],[109.9,-35.6],[109.7,-35.8],[109.2,-36.1],[108.2,-35.6],[107.6,-34.2],[107.8,-33.6],[108.1,-33.9],[108.2,-33.7],[108.4,-33.8],[108.8,-33.8],[108.5,-33.6],[108.2,-33.3],[108.3,-32.9],[108.4,-32.8],[108.6,-32.3],[108.3,-31.7],[107.9,-30.4],[107.7,-28.8],[108.3,-28.3],[108.8,-28.5],[109.3,-28.3],[109.4,-28.6],[109.7,-28.4],[110.2,-28.5],[110.2,-28.8],[110.5,-28.7],[110.7,-28.4],[111.2,-28.2],[111.9,-28.4],[112.6,-28.4],[113,-28.3]]]]}},{"type":"Feature","properties":{},"geometry":{"type":"MultiPolygon","coordinates":[[[[106.2,-20.3],[111.4,-19.8],[112.8,-23.6],[113,-27.9],[112.8,-27.6],[112.2,-27.4],[111.7,-27.4],[111.3,-27.3],[110.7,-27.3],[110,-27.1],[109.6,-26.8],[109.5,-26.5],[109.5,-26.3],[109,-26],[108.9,-25.8],[108.5,-25.4],[108.1,-25.3],[107,-23.8],[107,-23.3],[106.4,-22.8],[106.2,-21.6],[106.3,-21],[106.2,-20.3]]]]}},{"type":"Feature","properties":{},"geometry":{"type":"MultiPolygon","coordinates":[[[[67.3,-8],[67.9,-6.3],[68.9,-4],[69.3,-2.1],[69.7,-0.7],[71.4,1.5],[71.8,-0.3],[70.8,-3.9],[69.5,-7.5],[67.8,-10.6],[67.3,-8]]]]}},{"type":"Feature","properties":{},"geometry":{"type":"MultiPolygon","coordinates":[[[[67.3,-8],[67.9,-6.3],[68.9,-4],[69.3,-2.1],[69.7,-0.7],[71.4,1.5],[71.8,-0.3],[70.8,-3.9],[69.5,-7.5],[67.8,-10.6],[67.3,-8]]]]}}]}