{"type":"FeatureCollection","features":[{"type":"Feature","properties":{},"geometry":{"type":"MultiPolygon","coordinates":[[[[132.9,37.7],[130.8,37],[129.4,37.1],[127.6,36.7],[126,35.6],[123.9,30.9],[120.9,31.6],[118.9,32.6],[120.9,33.5],[123.1,36.5],[126.8,37.7],[128.5,38.4],[129.6,38.7],[132.9,37.7]]]]}},{"type":"Feature","properties":{},"geometry":{"type":"MultiPolygon","coordinates":[[[[140,34.4],[139.2,34],[138.5,35.5],[137.1,35.3],[135.6,35],[133.7,35.1],[132.6,34.9],[132.4,34.9],[132.6,35],[133.1,35.3],[134.5,36],[138.7,36.2],[140,34.4]]]]}},{"type":"Feature","properties":{},"geometry":{"type":"MultiPolygon","coordinates":[[[[132.7,34.4],[132.6,34.4],[132,34.3],[132.3,34.5],[132.8,34.7],[132.7,34.4]]]]}},{"type":"Feature","properties":{},"geometry":{"type":"MultiPolygon","coordinates":[[[[131.9,33],[128.7,31.6],[129.6,32.7],[130.4,33.2],[130.8,33.5],[131.5,33.5],[131.8,33.1],[131.9,33]]]]}},{"type":"Feature","properties":{},"geometry":{"type":"MultiPolygon","coordinates":[[[[141.4,35.6],[140.9,35.4],[140.6,35],[139.3,35.7],[135.6,35.8],[133.6,35.9],[133.5,36.3],[132.6,36.3],[132.1,36],[130.9,35.7],[130.2,35.2],[129.4,35.4],[128.7,35],[129.4,34.2],[129.8,34.1],[129.5,33.5],[129.2,32.2],[128.6,31.6],[127.2,29.4],[126.5,28.4],[125.9,28.2],[124.8,28.8],[123.9,29.2],[124.5,32.3],[126.4,35.8],[128.1,37],[129.8,37.1],[131.2,37.2],[133.3,37.7],[135.6,37.5],[137.2,37.3],[139.2,37.1],[140,36.7],[141,35.9],[141.4,35.6]]]]}},{"type":"Feature","properties":{},"geometry":{"type":"MultiPolygon","coordinates":[[[[66.2,54.1],[68.3,56.8],[70.3,59.1],[72.2,60],[75,59.2],[74.9,55.9],[73.3,53.1],[72.9,52],[72.5,48.9],[72.3,46.5],[72.1,47.4],[70.3,49.6],[67.5,47.6],[65.8,46.5],[64.3,45],[64.3,46.8],[64.4,48],[64.5,50.2],[64.9,52.3],[66.2,54.1]]]]}},{"type":"Feature","properties":{},"geometry":{"type":"MultiPolygon","coordinates":[[[[127.4,37.9],[123.8,37.6],[119.6,37.7],[116.3,36.5],[114.5,37.7],[120.4,39.1],[124.2,38.8],[127.4,37.9]]]]}},{"type":"Feature","properties":{},"geometry":{"type":"MultiPolygon","coordinates":[[[[77.9,57.9],[77.1,54.8],[74.8,53.9],[73.3,53.1],[74.9,55.9],[75,59.2],[77.9,57.9]]]]}},{"type":"Feature","properties":{},"geometry":{"type":"MultiPolygon","coordinates":[[[[11.8,53.8],[12.7,53.7],[13.2,53.9],[14.9,53.9],[16.5,54],[15.5,54.1],[14.3,54.3],[13.7,54.4],[13.9,54.2],[13,54.2],[12.9,54.7],[12.8,55],[12.5,55.3],[11.8,55.3],[9.6,57],[7.5,58.1],[10,61.1],[13.1,64],[15.9,64.7],[15.1,62.5],[14.5,61.7],[11.3,59.7],[8.7,58.5],[10,57.7],[11.8,56.2],[13.7,55.3],[16.6,54.4],[18.1,54.2],[21.3,53.9],[23.7,51.4],[25.9,50.4],[25.8,50],[26.1,49.7],[25.7,49.2],[25.6,49.1],[25,49.2],[24.2,48.9],[23.3,48.9],[22.8,48.3],[22,48.6],[21,49.2],[20.6,49.8],[19.6,50.4],[18.7,51.4],[16.9,51.5],[15.5,51.9],[14.8,52.3],[14.3,52.3],[13.8,52.3],[14,52.6],[13,52.8],[12.4,53.3],[11.8,53.8]]]]}},{"type":"Feature","properties":{},"geometry":{"type":"MultiPolygon","coordinates":[[[[12.3,55.8],[14.5,57.8],[16,59.5],[14.5,60.9],[14.8,62.1],[17.3,59.1],[17.2,58.4],[17.4,57.9],[17,56.9],[16.6,55.9],[14.9,55.1],[12.3,55.8]]]]}},{"type":"Feature","properties":{},"geometry":{"type":"MultiPolygon","coordinates":[[[[20.4,73.2],[26.6,72.3],[26.6,72],[28.8,70.4],[30,70.1],[30.2,69.3],[23.4,66.2],[17.2,65.7],[18.4,68.5],[20,70.7],[19.9,70.9],[20.7,72.2],[20.4,73.2]]]]}},{"type":"Feature","properties":{},"geometry":{"type":"MultiPolygon","coordinates":[[[[14.8,62.1],[15.4,63.2],[15.9,64.8],[18.1,64.7],[23.3,64.5],[27.2,65.1],[29.2,65],[28.7,64.3],[25.6,62.2],[22.5,58.3],[20,56.5],[19.6,56.1],[18.1,55],[16.6,54.4],[16.5,56],[17,57.3],[17.4,57.9],[17.3,58.5],[16.9,59.9],[14.8,62.1]]]]}},{"type":"Feature","properties":{},"geometry":{"type":"MultiPolygon","coordinates":[[[[12.9,66.2],[21.7,65.8],[29.6,65.7],[31,65.3],[31.6,65],[30,65],[27.3,65.1],[25.7,64.8],[20.9,64.5],[16.3,64.7],[13.9,65.6],[12.9,66.2]]]]}},{"type":"Feature","properties":{},"geometry":{"type":"MultiPolygon","coordinates":[[[[-1.6,-62.1],[-4.1,-61.6],[-6.7,-62],[-12.3,-57.7],[-6.2,-57],[-1.7,-57.9],[-0.2,-59.6],[-1.2,-61.4],[-1.6,-62.1]]]]}},{"type":"Feature","properties":{},"geometry":{"type":"MultiPolygon","coordinates":[[[[-9.2,-61.4],[-14.1,-61],[-20.9,-60.8],[-25.9,-59.4],[-28.4,-58.6],[-31.2,-57.7],[-34.8,-56.6],[-33.2,-56],[-32,-55.6],[-31.1,-55.3],[-28.8,-54.9],[-27.1,-55.3],[-25.5,-56.1],[-24.1,-57.5],[-22.4,-59.6],[-18.6,-59.2],[-15.2,-58.7],[-9.2,-61.4]]]]}},{"type":"Feature","properties":{},"geometry":{"type":"MultiPolygon","coordinates":[[[[29.2,-43.5],[26.1,-48],[26.5,-44.6],[26.8,-43.5],[28.5,-43.2],[29.2,-43.5]]]]}},{"type":"Feature","properties":{},"geometry":{"type":"MultiPolygon","coordinates":[[[[26.3,-48.4],[29.2,-43.5],[30.2,-43.3],[30.8,-45.4],[31.2,-46.3],[26.7,-48.5],[26.3,-48.4]]]]}},{"type":"Feature","properties":{},"geometry":{"type":"MultiPolygon","coordinates":[[[[29.3,-41.9],[28.5,-43.2],[26.8,-43.5],[26.5,-44.6],[26.1,-48],[23.7,-49.5],[21.8,-48.2],[21,-46.7],[22.6,-42.2],[25.1,-40.8],[28.8,-42.1],[29.3,-41.9]]]]}},{"type":"Feature","properties":{},"geometry":{"type":"MultiPolygon","coordinates":[[[[22.6,-42.2],[18.6,-42.1],[15.7,-39.9],[12,-38.8],[6.5,-37.6],[3.7,-36.2],[1.9,-33.8],[3.3,-34.5],[8.7,-37.1],[13.9,-38.3],[20.2,-41.6],[22.6,-42.2]]]]}},{"type":"Feature","properties":{},"geometry":{"type":"MultiPolygon","coordinates":[[[[10.4,-24.2],[10.9,-19.9],[13.3,-18.6],[16.7,-20.1],[17.1,-22.5],[15.6,-24],[13.4,-25],[12.1,-26.2],[10.2,-25.7],[10.4,-24.2]]]]}},{"type":"Feature","properties":{},"geometry":{"type":"MultiPolygon","coordinates":[[[[10.7,-22.2],[10.1,-26],[9.7,-30.4],[7.7,-32.1],[7.3,-31.8],[7,-31.3],[7,-32.2],[6.9,-32.4],[5,-33.5],[3.2,-32.1],[5.3,-26.3],[6.1,-26.2],[7,-25.1],[7.4,-23.1],[7.7,-23.4],[8.1,-23.1],[8.7,-22.4],[8.5,-21.9],[9,-21.5],[9.3,-20.9],[9.9,-19.8],[10.8,-20.4],[10.7,-22.2]]]]}},{"type":"Feature","properties":{},"geometry":{"type":"MultiPolygon","coordinates":[[[[7.5,-17.3],[6.2,-18.2],[5.4,-19],[3.6,-20.5],[2.4,-20.9],[3.7,-19.5],[4.6,-18.9],[5.8,-18.1],[6.5,-17.4],[8,-16.6],[7.5,-17.3]]]]}},{"type":"Feature","properties":{},"geometry":{"type":"MultiPolygon","coordinates":[[[[15.5,-13.2],[13,-16.5],[10.3,-19.3],[9.7,-19.4],[9.6,-19.1],[9,-18.5],[8.7,-17.9],[8,-17],[7.3,-17.1],[6.4,-17.1],[6.5,-16.4],[5.5,-16.6],[4.8,-17.4],[4.8,-16.8],[4.5,-16.8],[4.5,-16.2],[4.2,-16.5],[3.9,-15.4],[4.9,-11.4],[6.7,-8.1],[10.9,-9.2],[14.2,-9.6],[14.6,-9.7],[15.5,-13.2]]]]}},{"type":"Feature","properties":{},"geometry":{"type":"MultiPolygon","coordinates":[[[[-7.7,-38.9],[-10.4,-40.6],[-10.6,-40.9],[-10.8,-41.2],[-13.3,-41.5],[-17.8,-43.8],[-21.6,-46.6],[-22.4,-44.5],[-21.6,-42.1],[-15.7,-39.7],[-13,-37.1],[-10.6,-35.7],[-9.3,-37.4],[-7.7,-38.9]]]]}},{"type":"Feature","properties":{},"geometry":{"type":"MultiPolygon","coordinates":[[[[-17.4,-26.8],[-21,-29.5],[-23.2,-25.1],[-25.8,-21.5],[-28.2,-20],[-29.3,-18.9],[-26.4,-18.6],[-28.7,-16],[-32.3,-15],[-32.5,-12.6],[-30.7,-12.6],[-28.3,-12.7],[-26.4,-12.8],[-26.5,-12.9],[-26.5,-13.1],[-25.9,-13.4],[-25.5,-13.9],[-24.9,-15.5],[-25.2,-16],[-24.8,-15.7],[-24.5,-15.8],[-24.3,-16.6],[-23.9,-16.8],[-22.8,-17.5],[-22.8,-17.4],[-22,-17.7],[-21.9,-17.7],[-20.9,-18.1],[-20.8,-18.2],[-19.7,-19.1],[-19.6,-19.5],[-19.4,-19.5],[-19.3,-19.8],[-19,-20.1],[-19,-20.5],[-18.8,-21.2],[-18.7,-22.1],[-18.8,-22.6],[-18.1,-23.2],[-18.2,-23.7],[-18.7,-24],[-19.5,-24.4],[-20,-24.6],[-21.1,-25.4],[-22.1,-25.5],[-20.5,-25.6],[-19.9,-25.6],[-20,-26.2],[-19.8,-26.6],[-19.3,-26.6],[-19,-26.8],[-18.5,-26.7],[-19,-27.2],[-18.9,-27.4],[-18.4,-26.9],[-17.7,-26.7],[-17.4,-26.8]]]]}},{"type":"Feature","properties":{},"geometry":{"type":"MultiPolygon","coordinates":[[[[-18.4,-25.2],[-17.6,-25.4],[-17.4,-26],[-17.8,-26.4],[-18,-26.4],[-18,-26.5],[-18.3,-26.6],[-18.5,-26.5],[-18.7,-26.4],[-19,-26.6],[-19.9,-26.4],[-19.7,-25.8],[-19.8,-25.4],[-19.6,-25.4],[-19.5,-25.2],[-19.5,-24.9],[-19.1,-24.8],[-18.4,-25.2]]]]}},{"type":"Feature","properties":{},"geometry":{"type":"MultiPolygon","coordinates":[[[[-20.1,-25.1],[-21.2,-25.7],[-20.8,-25.3],[-20.4,-25.1],[-20.1,-25.1]]]]}},{"type":"Feature","properties":{},"geometry":{"type":"MultiPolygon","coordinates":[[[[-15.4,-26.6],[-15.4,-26.7],[-14.7,-28.1],[-13.9,-29.3],[-14.2,-29.4],[-14,-29.4],[-11.6,-29.4],[-10.9,-29.7],[-10.7,-29.7],[-10.3,-30.5],[-11.6,-32.5],[-18.6,-35.2],[-22.8,-36.7],[-27.9,-39.6],[-32.1,-41.7],[-41.3,-45.6],[-42.1,-43],[-42,-39.7],[-46.9,-40.1],[-47.7,-37.5],[-43,-34.2],[-40.4,-36.7],[-35.6,-40.2],[-34,-37.5],[-31.2,-36.4],[-26.7,-36.6],[-23.6,-35.8],[-22.3,-33.7],[-20.6,-31.6],[-18.3,-28.5],[-17.4,-26.8],[-16.9,-26.1],[-16.7,-26.1],[-16.4,-26.1],[-16.4,-26.3],[-16.2,-26.4],[-16,-26.2],[-15.9,-26.3],[-15.9,-26.5],[-15.6,-26.5],[-15.5,-26.6],[-15.4,-26.6]]]]}},{"type":"Feature","properties":{},"geometry":{"type":"MultiPolygon","coordinates":[[[[-7.6,-39],[-7.9,-39.2],[-9.8,-40.4],[-10.1,-40.2],[-10.2,-40.5],[-7.7,-38.9],[-7.6,-39]]]]}},{"type":"Feature","properties":{},"geometry":{"type":"MultiPolygon","coordinates":[[[[-24.6,-38.2],[-25.9,-39.3],[-26.5,-42],[-24.3,-44.3],[-22.9,-46.6],[-18.4,-44.8],[-14.5,-41.6],[-10.8,-41.3],[-10.9,-41.6],[-11.1,-42.3],[-12.1,-44.3],[-12.3,-44.9],[-13.8,-46.5],[-14.7,-47.1],[-15.4,-47.4],[-17.5,-48.5],[-18.2,-49],[-19.7,-48.7],[-21,-48.5],[-21.3,-48.4],[-21.9,-48.5],[-21.9,-48.6],[-22.2,-48.5],[-22.8,-48.7],[-24.1,-48.6],[-24.5,-48.6],[-26.4,-48.9],[-27.7,-49.3],[-27.7,-49.1],[-28,-49.2],[-28.3,-49.1],[-28.4,-49.6],[-29,-50],[-29.2,-50.5],[-29.4,-50.9],[-29.7,-51.2],[-30.3,-51.8],[-32.9,-50.6],[-38.7,-47.4],[-36.6,-43.7],[-29.6,-40.5],[-31.1,-42.2],[-33.1,-43.1],[-35.7,-44.6],[-38.5,-45.3],[-38.9,-46.8],[-35.6,-46.3],[-32.2,-45.8],[-29,-45.5],[-26.2,-45.6],[-26.6,-43.7],[-27.3,-41.9],[-28.6,-40.2],[-24.9,-38],[-24.6,-38.2]]]]}},{"type":"Feature","properties":{},"geometry":{"type":"MultiPolygon","coordinates":[[[[-43.2,-33.7],[-49.3,-38.7],[-49.7,-36.3],[-48.5,-34.2],[-48.7,-32.6],[-49.6,-31.2],[-51.3,-29.1],[-51.3,-28.5],[-51.6,-27.6],[-51.6,-27.1],[-51.2,-25.6],[-51.2,-24.6],[-51.3,-23],[-51.2,-22.1],[-51.2,-21.9],[-51.1,-21.1],[-51.3,-19.2],[-51.7,-17.9],[-51.5,-17.6],[-51.4,-17],[-50.1,-16.1],[-49.6,-16.1],[-49,-15.5],[-48.5,-15.2],[-46.9,-14.5],[-46.4,-15],[-48.1,-18.7],[-47,-21.7],[-47.4,-25],[-47.1,-26.9],[-45.3,-29.1],[-43.1,-32],[-43.2,-33.7]]]]}},{"type":"Feature","properties":{},"geometry":{"type":"MultiPolygon","coordinates":[[[[-58,-47.3],[-59.3,-49.9],[-60,-53.7],[-57,-53.2],[-54.6,-52.3],[-55.1,-56.3],[-55.3,-56.5],[-57.2,-55.5],[-64.3,-51.5],[-66.2,-49.7],[-65.5,-49.8],[-65.2,-49.5],[-64.2,-48.9],[-63.3,-48.6],[-62,-47.6],[-61,-46.8],[-60.1,-46.3],[-60,-45.8],[-58.7,-46],[-58,-47.3]]]]}},{"type":"Feature","properties":{},"geometry":{"type":"MultiPolygon","coordinates":[[[[-49.3,-38.7],[-49.9,-41.3],[-54.1,-46.2],[-52.8,-43.2],[-56.4,-45.5],[-57.9,-43.7],[-57.2,-43.4],[-56.8,-43.1],[-55.9,-42.3],[-54.9,-41.5],[-54.2,-41],[-53.6,-40.6],[-52.7,-39.9],[-51.5,-38.2],[-51.3,-37.8],[-50.5,-37.3],[-49.3,-38.7]]]]}},{"type":"Feature","properties":{},"geometry":{"type":"MultiPolygon","coordinates":[[[[-41.3,-45.6],[-35.8,-49],[-30.5,-51.8],[-30.7,-52],[-33.2,-52.8],[-37.1,-53.8],[-36.8,-53.7],[-36,-53.6],[-35.4,-53.3],[-34.3,-52.9],[-34.1,-52.8],[-34.7,-52.8],[-34.7,-52.3],[-35.3,-53.1],[-35.7,-53.1],[-36.2,-53.2],[-36.8,-53.4],[-37.4,-53.6],[-37.3,-53.8],[-37.8,-54],[-40.9,-54.9],[-42.2,-55.2],[-41.8,-54.3],[-39.6,-52.3],[-40.5,-51.2],[-41.2,-50.7],[-42.5,-49.8],[-44.1,-48.7],[-48.4,-47.4],[-53.5,-50.7],[-54.5,-50.5],[-46.8,-45.3],[-42.6,-44.6],[-41.3,-45.6]]]]}},{"type":"Feature","properties":{},"geometry":{"type":"MultiPolygon","coordinates":[[[[-43.5,-49.7],[-42.2,-52.8],[-43.7,-54.9],[-45,-54.3],[-44.9,-54.3],[-46.3,-53.2],[-45.6,-52.1],[-46.5,-52.4],[-46.7,-52.6],[-46.7,-52.9],[-47.1,-53],[-46.4,-54.5],[-47.1,-55.4],[-47,-55.6],[-52.5,-51.3],[-46.7,-47.1],[-43.5,-49.7]]]]}},{"type":"Feature","properties":{},"geometry":{"type":"MultiPolygon","coordinates":[[[[-22.1,19.2],[-23.3,18.2],[-24.8,17],[-25.2,16.3],[-25.4,16],[-25.9,16],[-26.9,16.1],[-26.9,17.3],[-28,18.1],[-29.2,18.7],[-29.6,19.1],[-29.1,20.2],[-27.7,20.9],[-26.4,21.3],[-25.7,21.3],[-24.5,21.4],[-23.8,21.2],[-22.4,21.1],[-22.2,20.5],[-22.2,19.5],[-22.1,19.2]]]]}},{"type":"Feature","properties":{},"geometry":{"type":"MultiPolygon","coordinates":[[[[-13.1,15.2],[-15.5,15.8],[-16.5,16.6],[-17.2,17.6],[-14.9,17],[-14.3,16.4],[-14.3,16.1],[-13.1,15.2]]]]}},{"type":"Feature","properties":{},"geometry":{"type":"MultiPolygon","coordinates":[[[[-1,29.2],[0,29.1],[0.1,29.1],[0.4,29],[0.8,29.1],[0.6,29.2],[2.1,30.1],[3.3,30.2],[4.2,30.3],[4.4,30.2],[4,30.2],[3.9,30.2],[3.5,30.1],[3.3,30],[3,30.1],[3,30],[3.1,29.7],[2.5,29.6],[2.9,29.6],[2.7,29.3],[2.5,29],[2.3,28.7],[1.7,28.4],[1.2,29],[0.9,28.6],[1.4,28.4],[1.4,28.1],[1.6,27.7],[0.5,27.6],[0.5,28],[0.4,27.9],[0,28.2],[-0.2,28.4],[-0.6,28.4],[-0.6,28.5],[-0.8,28.5],[-1,28.7],[-1,28.9],[-1,29.2]]]]}},{"type":"Feature","properties":{},"geometry":{"type":"MultiPolygon","coordinates":[[[[-2.3,29.4],[-1.4,29.1],[-1.3,28.7],[-1.8,29],[-1.8,28.8],[-2,28.6],[-1.6,28.6],[-1.6,28.3],[-1.7,28.1],[-1.4,27.9],[-1.2,27.6],[-0.8,27.6],[-0.5,27.6],[0.2,27.4],[0.5,26.9],[0.1,26.5],[0.1,26.3],[-0.5,26.2],[-0.8,26.4],[-1,26.5],[-1.4,26.9],[-1.8,26.8],[-1.9,27],[-2.3,27.2],[-2.2,27.5],[-2.7,27.6],[-2.8,27.8],[-2.9,27.8],[-2.8,28.2],[-2.4,28.6],[-2.2,29.4],[-2.3,29.4]]]]}},{"type":"Feature","properties":{},"geometry":{"type":"MultiPolygon","coordinates":[[[[-4.2,29.8],[-3.4,29.6],[-3.6,29.5],[-3.8,29.4],[-3.9,29.3],[-4,29.3],[-4.4,29.3],[-4.6,29.4],[-4.4,29.8],[-4.2,29.8]]]]}},{"type":"Feature","properties":{},"geometry":{"type":"MultiPolygon","coordinates":[[[[-2.9,29],[-3.7,28.3],[-3.8,28.6],[-3.8,28.9],[-3.4,29],[-3.1,29.1],[-2.9,29]]]]}},{"type":"Feature","properties":{},"geometry":{"type":"MultiPolygon","coordinates":[[[[-28.9,24.4],[-28.8,25.7],[-28.3,26.2],[-26.8,26.4],[-26.3,26.4],[-24.6,26.3],[-27.5,25.5],[-28.9,24.4]]]]}},{"type":"Feature","properties":{},"geometry":{"type":"MultiPolygon","coordinates":[[[[-25.6,12.9],[-27.7,10],[-29.4,8.5],[-31.2,8.2],[-32.9,9.2],[-35.1,10.2],[-36.4,10.8],[-38.8,11.7],[-38.9,13.4],[-36.5,13.2],[-35,13.3],[-32.7,12.9],[-32.6,13.4],[-32.7,14.1],[-32.1,14.6],[-30.7,15],[-30.4,15.5],[-29,15.2],[-26.6,15.2],[-25.1,15.6],[-25.1,15.3],[-25.2,14.2],[-25.6,12.9]]]]}},{"type":"Feature","properties":{},"geometry":{"type":"MultiPolygon","coordinates":[[[[-8.1,2.2],[-8.5,2.4],[-9.1,2],[-9.3,1.9],[-10.1,1.5],[-10.4,1.1],[-11,0.6],[-11.2,0.4],[-11.5,0.2],[-13.2,0.5],[-12.2,-0.1],[-13.2,-1.4],[-14.2,-2.2],[-17,-3.9],[-20.3,-5.9],[-22.9,-7.3],[-24.7,-7.3],[-25.9,-5.2],[-27.9,-2.2],[-29.7,-2.8],[-31.3,-4.9],[-32.1,-5.2],[-32.5,-3.6],[-33.2,-2.7],[-34,-2.1],[-35,-1.8],[-35.4,-1.8],[-35.7,-1.6],[-35.8,-1.8],[-36.2,-2.2],[-36.8,-2.3],[-37.3,-2.6],[-37.1,-1.5],[-37.1,0.2],[-37.4,1.1],[-34.9,0.6],[-34.1,0],[-31.7,0.5],[-30.1,-0.1],[-27.5,-1.2],[-24.7,-1.2],[-22.4,-0.3],[-18.6,0.1],[-15.5,1.1],[-14.7,0.9],[-13.9,2.6],[-13.6,2.2],[-13.6,1.9],[-13.2,1.4],[-12.9,1.7],[-12.8,1.8],[-12.8,2.3],[-12.9,2.5],[-12.3,2.7],[-12.3,2.5],[-12.1,2.9],[-11.6,3.1],[-10.9,3],[-10.8,2.9],[-10.6,3],[-10,3.4],[-9.3,3.3],[-9.1,3.2],[-8.7,2.7],[-8.6,2.9],[-8.1,2.6],[-8.1,2.2]]]]}},{"type":"Feature","properties":{},"geometry":{"type":"MultiPolygon","coordinates":[[[[-16.4,3.5],[-16.6,2.1],[-17.9,0.4],[-20.9,-0.2],[-24.5,-1.1],[-26.3,-1.4],[-28.9,-0.2],[-29.2,1.6],[-27.3,2.5],[-25.7,3.2],[-24.9,3.5],[-23.7,3.5],[-21.8,3.9],[-18.2,4],[-17.7,4],[-18.4,3.2],[-19.2,1.8],[-18.5,1.1],[-17.8,2.1],[-17.6,2.7],[-16.9,3.4],[-16.6,3.4],[-16.4,3.4],[-16.4,3.5]]]]}},{"type":"Feature","properties":{},"geometry":{"type":"MultiPolygon","coordinates":[[[[-27.6,2.4],[-31.7,0.5],[-34.1,0],[-34.9,0.6],[-37.4,1.1],[-37.6,1.8],[-38.9,3],[-39.3,3.9],[-39.4,5.1],[-38.6,5.3],[-36.8,4.9],[-35,4.6],[-34.7,3.8],[-30.4,2.9],[-28,2.9],[-27.3,2.6],[-27.6,2.4]]]]}},{"type":"Feature","properties":{},"geometry":{"type":"MultiPolygon","coordinates":[[[[-0.1,20],[0.2,19.3],[-0.1,19.4],[-0.4,19.4],[-0.2,19.3],[-0.4,19],[-0.2,19],[-0.1,18.9],[-0.1,18.8],[-0.5,18.4],[-2.8,18.5],[-3.1,18.7],[-2.9,19],[-3.1,19],[-3,19.1],[-3.2,18.9],[-3.4,18.9],[-3.2,19],[-3.2,19.3],[-3.4,19.3],[-3.4,19.2],[-3.6,19],[-3.9,19.3],[-4.3,19.3],[-4.5,19.3],[-4.8,19.4],[-4.8,19.6],[-4.9,20],[-4.3,20.2],[-4.2,20.5],[-3.5,20],[-3.1,20],[-2.6,20.1],[-1.5,20.7],[-1.3,21.2],[-0.1,20]]]]}},{"type":"Feature","properties":{},"geometry":{"type":"MultiPolygon","coordinates":[[[[-2.2,22.1],[-3.1,22],[-2.5,22.3],[-2.2,22.1]]]]}},{"type":"Feature","properties":{},"geometry":{"type":"MultiPolygon","coordinates":[[[[1.6,18.6],[1.5,18.4],[1.5,18.3],[1.5,18],[1.4,17.9],[1.3,17.8],[1.3,17.9],[1.1,18.1],[1,18.2],[0.9,18.2],[0.8,18.4],[1,18.6],[0.7,18.7],[0.8,18.9],[1.6,18.6]]]]}},{"type":"Feature","properties":{},"geometry":{"type":"MultiPolygon","coordinates":[[[[1.9,18.5],[1.9,18.3],[1.8,18.5],[1.9,18.5]]]]}},{"type":"Feature","properties":{},"geometry":{"type":"MultiPolygon","coordinates":[[[[-0.1,15.8],[-0.1,16],[-0.3,16.1],[-0.2,16.3],[-0.2,18.7],[-0.2,18.4],[-0.1,18.3],[0.1,18.3],[0.2,18.1],[0,17.9],[0.1,18],[0.2,17.9],[0.3,18.1],[0.3,18],[0.4,17.7],[0.5,17.6],[0.2,17.5],[0.3,17.2],[0.4,17.1],[0.3,16.9],[0.4,16.5],[0.3,16.4],[0.2,17],[0.1,16.6],[0.2,16.4],[0.2,16.3],[0.2,16],[-0.1,15.8]]]]}},{"type":"Feature","properties":{},"geometry":{"type":"MultiPolygon","coordinates":[[[[0.5,17.9],[0.5,17.8],[0.3,17.7],[0.5,17.9]]]]}},{"type":"Feature","properties":{},"geometry":{"type":"MultiPolygon","coordinates":[[[[21,14.7],[21.2,14.3],[21.4,14],[21.5,13.9],[21.6,13.8],[21.9,13.9],[21.8,13.5],[21.9,13.2],[21.6,12.9],[21.8,12.7],[22,12.5],[21.4,12.3],[20.9,12.5],[20.7,13.3],[20.7,14],[20.8,14.6],[21,14.9],[21,14.7]]]]}},{"type":"Feature","properties":{},"geometry":{"type":"MultiPolygon","coordinates":[[[[24,14.3],[23.7,13.7],[23.3,13.9],[24,14.3]]]]}},{"type":"Feature","properties":{},"geometry":{"type":"MultiPolygon","coordinates":[[[[22.8,14.1],[22.9,14.1],[23.2,13.7],[23.1,13.5],[23.3,13.1],[23.4,12.8],[23,13],[23,13.1],[22.5,13.2],[22.2,13.3],[22.5,13.6],[22.5,13.7],[22.6,13.5],[22.8,13.5],[22.6,13.8],[22.8,14.1]]]]}},{"type":"Feature","properties":{},"geometry":{"type":"MultiPolygon","coordinates":[[[[22.3,13],[22.2,12.5],[21.8,12.7],[21.9,12.8],[22.2,12.9],[22.3,12.9],[22.3,13]]]]}},{"type":"Feature","properties":{},"geometry":{"type":"MultiPolygon","coordinates":[[[[23.2,12.5],[22.8,12.6],[23.1,12.7],[23.2,12.5]]]]}},{"type":"Feature","properties":{},"geometry":{"type":"MultiPolygon","coordinates":[[[[24.1,13.2],[24.5,13.1],[24.3,13],[24.2,12.9],[24.1,13],[24.2,13.2],[24,13],[24.1,13.2]]]]}},{"type":"Feature","properties":{},"geometry":{"type":"MultiPolygon","coordinates":[[[[-7.5,-63.4],[-11.3,-63.2],[-13.4,-62.9],[-20.4,-62.2],[-24.8,-60.8],[-27.8,-59.3],[-31.2,-58.5],[-33.1,-57.6],[-34.4,-58.8],[-35.9,-60.4],[-37,-60.8],[-36.3,-57.9],[-35.4,-56.8],[-33.6,-56.8],[-30.5,-58],[-27.9,-58.8],[-25,-59.8],[-19.6,-61],[-12.1,-60.9],[-8.8,-61.6],[-7.5,-63.4]]]]}},{"type":"Feature","properties":{},"geometry":{"type":"MultiPolygon","coordinates":[[[[7.2,-66.1],[0.7,-66.7],[0.3,-67.2],[-0.6,-67],[-1.3,-66.3],[-3,-65.6],[-5.1,-64.2],[-5.9,-63.8],[-8.5,-61.8],[-6.2,-62.2],[-3.3,-63.1],[1.6,-63.6],[8.1,-64.5],[7.3,-65.7],[6.7,-66.2],[7.2,-66.1]]]]}},{"type":"Feature","properties":{},"geometry":{"type":"MultiPolygon","coordinates":[[[[32.4,-26.1],[32.9,-27.4],[32.9,-27.9],[32.9,-28.6],[33.9,-31.7],[33.5,-32],[34.1,-33.3],[34.2,-33.7],[32.2,-34.4],[32.1,-32.9],[30.8,-30.9],[31.8,-25.8],[32.4,-26.1]]]]}},{"type":"Feature","properties":{},"geometry":{"type":"MultiPolygon","coordinates":[[[[37.1,-31.8],[37.8,-34.1],[37.7,-34.8],[35.6,-35.6],[34.6,-35.7],[34.8,-35.6],[35.1,-35.1],[35,-34.8],[34.6,-33.5],[34.5,-33],[35.4,-32.4],[35,-31.5],[36.6,-31.8],[37.1,-31.8]]]]}},{"type":"Feature","properties":{},"geometry":{"type":"MultiPolygon","coordinates":[[[[33,-18.4],[32.7,-18.4],[32.4,-17.9],[33,-18.4]]]]}},{"type":"Feature","properties":{},"geometry":{"type":"MultiPolygon","coordinates":[[[[32.6,-24.6],[32.7,-24.3],[32.9,-23.8],[32.6,-24.5],[32.6,-24.6]]]]}},{"type":"Feature","properties":{},"geometry":{"type":"MultiPolygon","coordinates":[[[[34.1,-24.2],[33.4,-24.1],[33.6,-24],[33.8,-24.1],[34.1,-24.2]]]]}},{"type":"Feature","properties":{},"geometry":{"type":"MultiPolygon","coordinates":[[[[32.6,-24.7],[32.6,-25.1],[32.4,-26],[29.5,-24.9],[26.1,-23.9],[21.9,-21.6],[19.9,-18.8],[15.9,-17.2],[11.9,-18.2],[14.6,-14.8],[16.4,-13.6],[16.7,-13.9],[16.8,-14.3],[18.2,-15.8],[19.2,-17.1],[19.8,-18.5],[21.6,-20.4],[22.7,-19.1],[24.2,-18.9],[25.5,-19.7],[25.5,-20.1],[26.8,-21.4],[28.5,-22.3],[28.9,-22.7],[30.9,-23.1],[31.2,-23.1],[31.3,-23.2],[31.8,-23.2],[32.2,-23.4],[32.5,-23.7],[32.7,-23.8],[32.8,-23.7],[32.7,-24.2],[32.6,-24.5],[32.6,-24.7]]]]}},{"type":"Feature","properties":{},"geometry":{"type":"MultiPolygon","coordinates":[[[[36.1,-20],[35,-20.6],[34.4,-20.6],[34.1,-20.2],[35.2,-20.1],[36.1,-20]]]]}},{"type":"Feature","properties":{},"geometry":{"type":"MultiPolygon","coordinates":[[[[26.2,-13.5],[26,-13.8],[25.9,-13.7],[26.2,-13.5]]]]}},{"type":"Feature","properties":{},"geometry":{"type":"MultiPolygon","coordinates":[[[[30.5,-32.7],[29,-33.3],[28.1,-32.9],[27.3,-33.4],[25.8,-33.7],[28.2,-32.1],[31.2,-27.3],[31.4,-28.7],[30.5,-32.7]]]]}},{"type":"Feature","properties":{},"geometry":{"type":"MultiPolygon","coordinates":[[[[38,-42.7],[38.6,-43],[39.2,-43.9],[39.9,-44.7],[39.5,-44.8],[38.5,-45.1],[39.4,-45.2],[37.5,-46.9],[36.7,-46.8],[34.7,-47.2],[34.7,-46.4],[35.1,-45.6],[35.2,-44.8],[35.1,-44.2],[35.6,-43.3],[35.9,-42.4],[38,-42.7]]]]}},{"type":"Feature","properties":{},"geometry":{"type":"MultiPolygon","coordinates":[[[[38,-42.7],[35.9,-41.2],[36.3,-41],[36.6,-41.3],[36.9,-41.5],[38,-42.6],[38,-42.7]]]]}},{"type":"Feature","properties":{},"geometry":{"type":"MultiPolygon","coordinates":[[[[36.5,-40.7],[36.7,-40.6],[36.2,-40.6],[36.4,-40.5],[36.5,-40.7]]]]}},{"type":"Feature","properties":{},"geometry":{"type":"MultiPolygon","coordinates":[[[[3.9,-15.4],[1.9,-17.2],[0.7,-18.6],[-2,-20.1],[-3.1,-21.6],[-3.7,-20.5],[-6,-20.1],[-6.7,-20],[-8.6,-20.6],[-10.4,-19.4],[-8.9,-18.6],[-8.2,-16.8],[-8.7,-13.1],[-11.2,-13.4],[-10.7,-11.6],[-10.4,-9.3],[-6.9,-9.4],[-2.4,-11.6],[1,-12.2],[2.2,-12.2],[2.3,-10.9],[-1.4,-8.4],[-2.7,-6.4],[0.1,-7.5],[2.3,-8.8],[5.2,-9.4],[4.1,-14.1],[3.9,-15.4]]]]}},{"type":"Feature","properties":{},"geometry":{"type":"MultiPolygon","coordinates":[[[[-3.3,-22.2],[-2.7,-23.5],[-3.5,-25.6],[-5.5,-26.6],[-9.5,-28.7],[-9.7,-28.7],[-9.1,-28.3],[-9,-28.1],[-8.6,-27.8],[-8.7,-27.7],[-8.5,-27.6],[-8.4,-27.3],[-8.3,-27.3],[-8.6,-27.5],[-8.8,-27.7],[-8.9,-27.5],[-8.8,-27.3],[-9,-27],[-8.9,-26.5],[-9.1,-26.6],[-8.9,-26.1],[-9.1,-26.2],[-9.2,-26],[-9.2,-26.3],[-9.1,-26.8],[-9.2,-27.1],[-9.2,-27.2],[-9.1,-27.4],[-9,-27.6],[-9.2,-27.7],[-9.1,-28],[-9.3,-27.9],[-9.4,-28.3],[-9.5,-28.3],[-9.6,-28.5],[-9.9,-28.5],[-10,-28.1],[-10.2,-28.1],[-10.1,-28.8],[-10.4,-28.9],[-13,-28.5],[-13.9,-26.9],[-14.1,-26.7],[-15.9,-25.4],[-17.4,-24.7],[-17,-24],[-14.2,-22.6],[-14.1,-19.5],[-16.4,-17.3],[-11.6,-13.7],[-9.5,-12.7],[-7.5,-15.8],[-8.9,-18.2],[-10.3,-19.3],[-9.4,-20.4],[-7,-20],[-6.2,-20.2],[-4.2,-20.2],[-3.3,-22.2]]]]}},{"type":"Feature","properties":{},"geometry":{"type":"MultiPolygon","coordinates":[[[[-45.8,-55.5],[-47.6,-56.3],[-51.5,-56.4],[-53.7,-53.4],[-49.5,-52.9],[-45.8,-55.5]]]]}},{"type":"Feature","properties":{},"geometry":{"type":"MultiPolygon","coordinates":[[[[-32.3,-15],[-31.6,-18.3],[-29.8,-21.2],[-30.6,-24],[-28.8,-28.4],[-25.7,-31.5],[-26.9,-33.7],[-28.8,-32.8],[-31.4,-30.8],[-34.5,-27.8],[-32.2,-28.3],[-32.5,-27.5],[-33.2,-26.8],[-35,-26.5],[-36.7,-20.3],[-36.8,-16.8],[-36.6,-15.3],[-35.5,-14.3],[-34,-13.2],[-32.5,-14.6],[-32.3,-15]]]]}},{"type":"Feature","properties":{},"geometry":{"type":"MultiPolygon","coordinates":[[[[-4,-36.4],[-8.3,-36.2],[-11.9,-34.9],[-9.4,-34.4],[-5.2,-35.1],[-3.8,-35.1],[-3.8,-35.5],[-3.9,-35.9],[-4,-36.4]]]]}},{"type":"Feature","properties":{},"geometry":{"type":"MultiPolygon","coordinates":[[[[-40.4,8.6],[-42.2,7.7],[-42.6,9.5],[-42.6,10.1],[-41.6,9.9],[-40.5,8.8],[-40.4,8.6]]]]}},{"type":"Feature","properties":{},"geometry":{"type":"MultiPolygon","coordinates":[[[[-39.5,5.5],[-40.8,5.7],[-41.2,4.9],[-42,5.4],[-42.1,6.7],[-40.3,8.5],[-40.3,7.5],[-39.9,6.2],[-39.5,5.5]]]]}},{"type":"Feature","properties":{},"geometry":{"type":"MultiPolygon","coordinates":[[[[-25.7,22],[-27.1,22.6],[-25.2,25.6],[-22.9,26.4],[-20.7,26.1],[-19.8,26],[-20.1,25.8],[-22.2,25.5],[-24.1,24.4],[-25.6,22.2],[-25.7,22]]]]}},{"type":"Feature","properties":{},"geometry":{"type":"MultiPolygon","coordinates":[[[[-17.2,4.6],[-18.2,4],[-21,3.8],[-23,3.4],[-22.6,4],[-21.7,4.7],[-21.4,5.3],[-20.1,6.3],[-19.6,6.1],[-18.3,5.6],[-17.4,4.8],[-17.2,4.6]]]]}},{"type":"Feature","properties":{},"geometry":{"type":"MultiPolygon","coordinates":[[[[-26.6,3.1],[-29.8,3],[-32.8,3.2],[-35.1,4.2],[-35.7,4.9],[-37.5,5],[-39.5,5.5],[-39.9,6.2],[-40.3,7.5],[-40.3,8.5],[-38.1,11.4],[-36.2,10.7],[-35.1,10.7],[-32.4,8.9],[-30.3,8.2],[-29.5,8.1],[-27.7,8],[-26.2,6.8],[-25.7,6.1],[-25.2,5.5],[-23.4,5.5],[-22.3,4.7],[-24.9,4],[-25.9,3.7],[-26.6,3.1]]]]}},{"type":"Feature","properties":{},"geometry":{"type":"MultiPolygon","coordinates":[[[[-43.7,-43.7],[-47.6,-40.4],[-42.5,-39.3],[-40.6,-42.3],[-43.7,-43.7]]]]}},{"type":"Feature","properties":{},"geometry":{"type":"MultiPolygon","coordinates":[[[[-43.7,-43.7],[-50.3,-48],[-55.2,-50.2],[-50.9,-46.4],[-46.4,-41.5],[-43.7,-43.7]]]]}},{"type":"Feature","properties":{},"geometry":{"type":"MultiPolygon","coordinates":[[[[1.5,20.1],[0.3,20.4],[-1.3,21.7],[-1.3,22],[-1.5,22.6],[-1.5,22.7],[-1.6,23],[-1.6,23.2],[-1.8,23.2],[-1.9,23.4],[-1.8,23.8],[-1.6,24],[-2,24.2],[-1.9,24.4],[-2.1,24.3],[-2.1,25],[-2.1,25.1],[-2,25.3],[-2.1,25.4],[-2.4,25.2],[-2.7,24.8],[-2.8,25],[-3.2,25.2],[-3.5,25.2],[-3.6,25.3],[-4.2,25.9],[-4.5,26.1],[-4.4,26.6],[-4.7,26.6],[-4.8,26.5],[-5.1,26.8],[-5,27.5],[-4.4,27.1],[-3.7,26.9],[-3.7,26.8],[-3.4,27],[-3.3,27.3],[-3.3,27.7],[-2.8,27.5],[-2.8,27.6],[-2.7,27.9],[-2.5,28.4],[-2.4,28.5],[-2.3,28.5],[-2,28.6],[-1.7,28.5],[-1.3,28.6],[-1.1,27.8],[-1.4,27.2],[-1.8,26.9],[-1.6,26.8],[-1.4,26.7],[-1.4,26.8],[-1.1,26.8],[-1.1,26.7],[-1.1,26.3],[-1.1,26.7],[-0.8,26.5],[-0.9,26.8],[-0.3,26.7],[0.1,26.4],[-0.4,26.1],[-0.3,26],[-0.4,25.7],[-0.4,25.5],[-0.5,25.2],[0.1,25.6],[0.2,25.5],[-0.1,25.3],[0,25.2],[0.1,25.1],[0.5,25.3],[0.4,24.7],[0,24.3],[0.6,24.5],[0.7,24.2],[0.1,24.1],[0.5,24.1],[1,24.2],[0.7,23.9],[1.1,24.1],[1.2,23.6],[0.7,23.4],[0.8,23.5],[0.6,23.3],[0.9,23.3],[1.3,23.4],[1.5,22.8],[0.7,22.9],[1.1,22.7],[1.1,22.4],[0.7,22.7],[0.6,22.5],[0.8,22.5],[0.9,22.2],[0.7,22.2],[0.4,22.3],[0.6,22],[0.7,21.7],[0.9,21.7],[1.1,21.7],[0.7,21.5],[0.9,21.6],[1,21.5],[1,21.1],[1.2,21.2],[1.1,20.9],[1.3,21],[1.5,21],[1.5,20.9],[1.7,20.8],[1.6,20.7],[1.8,20.6],[1.8,20.5],[1.9,20.2],[1.5,20.1]]]]}},{"type":"Feature","properties":{},"geometry":{"type":"MultiPolygon","coordinates":[[[[-2.4,28.8],[-3.5,27.7],[-3.5,26.9],[-3.7,27],[-4.3,27.1],[-4.8,27.8],[-4.4,28.5],[-3.9,28.9],[-3.7,29],[-3.2,29.2],[-1.9,29],[-2.4,28.8]]]]}},{"type":"Feature","properties":{},"geometry":{"type":"MultiPolygon","coordinates":[[[[-0.6,28.2],[0,27.4],[0,27],[-1,27.2],[-0.9,27.8],[-0.9,28.1],[-0.6,28.2]]]]}},{"type":"Feature","properties":{},"geometry":{"type":"MultiPolygon","coordinates":[[[[-2.2,22.1],[-2.5,22.4],[-2,22.6],[-2.2,22.1]]]]}},{"type":"Feature","properties":{},"geometry":{"type":"MultiPolygon","coordinates":[[[[-1.7,22.4],[-1.5,22.1],[-1.9,22.4],[-1.7,22.4]]]]}},{"type":"Feature","properties":{},"geometry":{"type":"MultiPolygon","coordinates":[[[[-2.9,23.8],[-3,24],[-2.5,24],[-2.9,23.8]]]]}},{"type":"Feature","properties":{},"geometry":{"type":"MultiPolygon","coordinates":[[[[-2.7,24.7],[-3,24.6],[-3,24.7],[-3.1,24.9],[-2.7,24.7]]]]}},{"type":"Feature","properties":{},"geometry":{"type":"MultiPolygon","coordinates":[[[[5.4,-8.8],[1.1,-8.6],[-0.9,-7.1],[0.2,-5.7],[4.6,-6.5],[5.4,-8.8]]]]}},{"type":"Feature","properties":{},"geometry":{"type":"MultiPolygon","coordinates":[[[[-3.6,24.4],[-5,24.7],[-4.8,24.7],[-5,25],[-4.9,25.1],[-4.8,25.4],[-4.7,25.6],[-4.1,25.2],[-3.8,24.9],[-3.8,24.7],[-3.7,24.5],[-3.6,24.4]]]]}},{"type":"Feature","properties":{},"geometry":{"type":"MultiPolygon","coordinates":[[[[-0.3,16.3],[-0.3,16.4],[-0.4,16.3],[-0.6,16.7],[-0.7,16.6],[-0.8,16.7],[-0.9,17.2],[-1.1,17.2],[-1.1,17.3],[-0.3,16.3]]]]}},{"type":"Feature","properties":{},"geometry":{"type":"MultiPolygon","coordinates":[[[[-0.8,15.3],[-0.8,15.9],[-0.8,15.7],[-0.6,15.6],[-0.7,15.3],[-0.8,15.3]]]]}},{"type":"Feature","properties":{},"geometry":{"type":"MultiPolygon","coordinates":[[[[-0.2,14.8],[-0.4,14.7],[-0.2,14.9],[-0.2,14.8]]]]}},{"type":"Feature","properties":{},"geometry":{"type":"MultiPolygon","coordinates":[[[[24.7,-59.6],[24.4,-59.8],[24.2,-59.9],[22.7,-59.5],[22.5,-58.2],[22.9,-53.6],[25.1,-52],[25.2,-51.4],[28.3,-49.7],[30.2,-50.5],[31.4,-50.9],[31.4,-50],[31.7,-49.6],[31.7,-48.9],[30.3,-49],[29.6,-49.4],[30.6,-47.5],[33.4,-47.1],[35.3,-46.7],[36.1,-46.6],[34.4,-49.1],[30.6,-54.3],[24.7,-59.6]]]]}},{"type":"Feature","properties":{},"geometry":{"type":"MultiPolygon","coordinates":[[[[31.6,-47.8],[29.9,-49.3],[28.2,-49.4],[26.5,-48.5],[30.2,-47.3],[31.2,-45.7],[30.3,-44.2],[29.5,-43.5],[31,-41.8],[31.6,-47.8]]]]}},{"type":"Feature","properties":{},"geometry":{"type":"MultiPolygon","coordinates":[[[[41.5,-35.9],[41.7,-38.2],[42.3,-39.7],[40.6,-41.2],[40.2,-42.4],[39.9,-43.6],[39.7,-41.9],[39.5,-41.5],[39.7,-41.5],[39.9,-40],[39.5,-39.7],[38.5,-37.9],[38.5,-37.4],[38.3,-36.8],[37.6,-36.1],[38.2,-35.4],[40.7,-34.9],[41.5,-35.9]]]]}},{"type":"Feature","properties":{},"geometry":{"type":"MultiPolygon","coordinates":[[[[38.8,-39.7],[39.2,-40.1],[39,-40],[38.8,-39.7]]]]}},{"type":"Feature","properties":{},"geometry":{"type":"MultiPolygon","coordinates":[[[[10.4,-54.3],[10.1,-54.7],[9.1,-55],[10.4,-54.3]]]]}},{"type":"Feature","properties":{},"geometry":{"type":"MultiPolygon","coordinates":[[[[13.3,-61],[10.6,-59.6],[9.2,-56.7],[9.9,-55.8],[10.5,-55.3],[12.3,-54.9],[14.5,-54.5],[14.5,-54.7],[10.8,-56.3],[10.5,-58.5],[11.4,-60.5],[13.2,-61],[13.3,-61]]]]}},{"type":"Feature","properties":{},"geometry":{"type":"MultiPolygon","coordinates":[[[[41.1,-34.8],[40.2,-34.4],[38.6,-34.6],[39.2,-36.7],[39,-38.1],[38.5,-37],[38,-34.7],[38,-33.6],[38.4,-32.6],[40.1,-32.8],[40.7,-33.3],[41.1,-34.1],[41.1,-34.8]]]]}},{"type":"Feature","properties":{},"geometry":{"type":"MultiPolygon","coordinates":[[[[45.3,-46.2],[44.2,-50.2],[44,-52.8],[35.5,-55.7],[31.7,-57.2],[30.3,-57.7],[30,-57.7],[29.5,-57.7],[29.4,-57.8],[29.1,-57.9],[28.6,-58.1],[27.7,-58.4],[27,-58.6],[26,-59.2],[25.2,-59.6],[24.7,-59.6],[29.3,-55.6],[33.4,-50.1],[36.5,-46.7],[38.5,-46.5],[39.8,-46.4],[42,-46.2],[44.7,-46.2],[45.3,-46.2]]]]}},{"type":"Feature","properties":{},"geometry":{"type":"MultiPolygon","coordinates":[[[[39.2,-46.8],[37.4,-46.8],[36.1,-46.6],[38.8,-46.4],[39.2,-46.8]]]]}},{"type":"Feature","properties":{},"geometry":{"type":"MultiPolygon","coordinates":[[[[1.9,18.5],[0.9,18.9],[1.1,19],[1.1,19.1],[1,19.5],[0.5,19.4],[0.5,19.7],[0.5,19.8],[0.2,19.9],[0.2,19.8],[0.1,19.8],[-0.1,20.1],[1.5,20.2],[1.7,20.1],[2,20],[2.2,20.1],[1.8,19.7],[2,19.7],[2.2,19.7],[2.4,19.6],[2.6,19.6],[2.6,19.4],[2.5,19.3],[2.4,19.1],[2.3,19],[2.2,19.1],[2,18.9],[1.9,18.8],[2,18.6],[1.9,18.5]]]]}},{"type":"Feature","properties":{},"geometry":{"type":"MultiPolygon","coordinates":[[[[149.3,-45.9],[149.1,-45.8],[149.2,-45.9],[149.3,-45.9]]]]}},{"type":"Feature","properties":{},"geometry":{"type":"MultiPolygon","coordinates":[[[[166.3,-59.1],[164.3,-59],[164.2,-59],[164.1,-59],[164,-59],[163.9,-59],[163.8,-59],[163.7,-58.9],[163.6,-58.9],[163.5,-58.9],[163.4,-58.9],[163.3,-58.8],[163.2,-58.8],[163.1,-58.8],[163,-58.8],[163,-58.7],[162.9,-58.7],[162.8,-58.7],[162.7,-58.6],[162.6,-58.6],[162.6,-58.5],[162.5,-58.5],[162.4,-58.5],[162.3,-58.4],[162.2,-58.4],[162.2,-58.3],[162.1,-58.3],[162,-58.3],[161.9,-58.2],[161.8,-58.1],[161.7,-58.1],[161.7,-58],[161.6,-58],[161.5,-57.9],[161.4,-57.9],[161.4,-57.8],[161.3,-57.8],[161.3,-57.7],[161.2,-57.7],[161.2,-57.6],[161.1,-57.6],[161,-57.5],[160.9,-57.4],[160.9,-57.3],[160.8,-57.3],[160.8,-57.2],[160.7,-57.2],[160.7,-57.1],[160.6,-57.1],[160.6,-57],[160.5,-57],[160.4,-56.9],[160.4,-56.8],[160.3,-56.8],[160.3,-56.7],[160.2,-56.7],[160.2,-56.6],[160.1,-56.6],[160.1,-56.5],[160,-56.4],[159.9,-56.4],[159.9,-56.3],[159.8,-56.3],[159.8,-56.2],[159.7,-56.2],[159.7,-56.1],[159.6,-56.1],[159.6,-56],[159.5,-55.9],[159.5,-55.8],[159.4,-55.8],[159.4,-55.7],[159.3,-55.6],[159.3,-55.5],[159.2,-55.5],[159.2,-55.4],[159.2,-55.3],[159.1,-55.3],[159.1,-55.2],[159,-55.1],[158.9,-55],[158.9,-54.9],[158.8,-54.9],[158.8,-54.8],[158.7,-54.7],[158.7,-54.6],[158.6,-54.6],[158.6,-54.5],[158.5,-54.5],[158.5,-54.4],[158.5,-54.3],[158.4,-54.3],[158.4,-54.2],[158.4,-54.1],[158.3,-54.1],[158.3,-54],[158.2,-53.9],[158.2,-53.8],[158.1,-53.7],[158,-53.6],[158,-53.5],[157.9,-53.5],[157.9,-53.4],[157.8,-53.4],[157.8,-53.3],[157.7,-53.2],[157.6,-53.2],[157.6,-53.1],[157.5,-53],[157.5,-52.9],[157.4,-52.8],[157.3,-52.8],[157.3,-52.7],[157.2,-52.6],[157.1,-52.5],[157,-52.4],[157,-52.3],[156.9,-52.3],[156.9,-52.2],[156.8,-52.1],[156.7,-52],[156.6,-51.9],[156.5,-51.8],[156.4,-51.7],[156.4,-51.6],[156.3,-51.6],[156.3,-51.5],[156.2,-51.5],[156.2,-51.4],[156.1,-51.3],[156,-51.2],[155.9,-51.1],[155.9,-51],[155.8,-51],[155.8,-50.9],[155.7,-50.8],[155.6,-50.8],[155.6,-50.7],[155.5,-50.6],[155.4,-50.6],[155.3,-50.5],[155.3,-50.4],[155.2,-50.4],[155.1,-50.3],[155,-50.2],[154.9,-50.2],[154.8,-50.1],[154.7,-50.1],[154.6,-50],[154.5,-50],[154.4,-49.9],[154.3,-49.9],[154.3,-49.8],[154.2,-49.8],[154.1,-49.8],[154,-49.7],[153.9,-49.7],[153.8,-49.6],[153.7,-49.6],[153.6,-49.5],[153.6,-49.4],[153.6,-49.3],[153.5,-49.3],[153.5,-49.2],[153.5,-49.1],[153.4,-49],[153.3,-48.9],[153.2,-48.9],[153.2,-48.8],[153.1,-48.8],[153.1,-48.7],[153,-48.7],[152.7,-48.4],[152.7,-48.3],[152.6,-48.3],[152.5,-48.3],[152.4,-48.2],[152.3,-48.2],[152.2,-48.1],[152.1,-48.1],[152,-48],[151.9,-48],[151.8,-47.9],[151.7,-47.9],[151.7,-47.8],[151.6,-47.8],[151.5,-47.8],[151.5,-47.7],[151.4,-47.7],[151.3,-47.6],[151.2,-47.6],[151.1,-47.6],[151.1,-47.5],[151,-47.5],[150.9,-47.5],[150.8,-47.4],[150.7,-47.4],[150.6,-47.4],[150.5,-47.4],[151.2,-47.4],[151.8,-47.3],[152.6,-47.7],[153,-47.7],[153.6,-47.8],[153.9,-47.7],[154.2,-47.9],[154,-48.1],[154.4,-48.3],[154.8,-48.4],[155.1,-48.7],[155.6,-48.8],[156.1,-49.5],[156.4,-49.5],[156.7,-49.4],[157.6,-49.3],[157.6,-49.2],[157.8,-49.3],[157.9,-49.3],[158.4,-49.9],[158.8,-50.3],[159.8,-50.5],[160,-50.4],[160.3,-50.4],[161,-50.8],[161.5,-50.8],[162.4,-51.1],[162.5,-51.3],[162.9,-51.5],[163.1,-51.6],[163.4,-52.3],[163.9,-52.6],[163.7,-52.7],[164,-53],[165.2,-53.5],[165.7,-54.1],[165.7,-54.7],[166.8,-56.2],[166.7,-57.5],[167,-57.5],[166.9,-58],[166.6,-58.2],[166.6,-58.4],[166.5,-58.6],[166.5,-58.7],[166.6,-58.9],[166.5,-59.1],[166.3,-59.1]]]]}},{"type":"Feature","properties":{},"geometry":{"type":"MultiPolygon","coordinates":[[[[162.8,-50.7],[162.6,-51.2],[162.3,-50.6],[162.8,-50.7]]]]}},{"type":"Feature","properties":{},"geometry":{"type":"MultiPolygon","coordinates":[[[[170.8,-68.3],[171,-68.3],[171.1,-68.3],[171.1,-68.4],[171.2,-68.4],[171.3,-68.4],[171.3,-68.5],[171.4,-68.5],[171.5,-68.5],[171.6,-68.6],[171.4,-68.6],[171.6,-68.6],[171.7,-68.6],[171.8,-68.7],[171.8,-68.8],[171.9,-68.8],[171.7,-68.7],[171.6,-68.7],[171.4,-68.7],[171.2,-68.7],[171.6,-68.8],[171.6,-68.9],[171.8,-69.1],[171.6,-69.1],[171.4,-69.1],[171.5,-69.1],[171.3,-69.1],[171.4,-69.1],[171.6,-69.2],[171.7,-69.2],[171.6,-69.3],[171.6,-69.4],[171.8,-69.4],[171.7,-69.4],[171.9,-69.5],[171.8,-69.5],[171.7,-69.5],[171.6,-69.6],[171.4,-69.6],[171.1,-69.6],[171,-69.6],[170.8,-69.7],[170.6,-69.7],[170.5,-69.7],[170.4,-69.7],[170.4,-69.8],[170.3,-69.8],[170.1,-69.7],[170,-69.7],[169.9,-69.7],[170.3,-69.6],[170.2,-69.6],[170.1,-69.6],[170,-69.6],[169.9,-69.6],[169.7,-69.6],[169.6,-69.6],[169.6,-69.7],[169.3,-69.6],[169.2,-69.6],[168.9,-69.6],[168.9,-69.5],[168.6,-69.5],[168.5,-69.5],[168.4,-69.5],[168.3,-69.4],[168.2,-69.4],[168.2,-69.3],[168.1,-69.3],[168,-69.3],[168,-69.2],[167.9,-69.2],[167.8,-69.2],[167.7,-69.1],[167.6,-69],[167.5,-69],[167.5,-68.9],[167.4,-68.9],[167.3,-68.9],[167.3,-68.8],[167.2,-68.8],[167.2,-68.7],[167.1,-68.7],[167,-68.7],[166.9,-68.6],[166.8,-68.6],[166.8,-68.5],[166.8,-68.4],[166.8,-68.3],[166.9,-68.3],[166.9,-68.2],[166.9,-68.1],[167,-68.1],[167.1,-68.1],[167.1,-68],[167.2,-68],[167.3,-68],[167.5,-68],[167.6,-68],[167.7,-68],[167.8,-68],[168,-68],[168.1,-68],[168.2,-68],[168.4,-68],[168.5,-68],[168.7,-68],[168.9,-68],[169,-68],[169.4,-68],[169.7,-68.1],[170.3,-68.2],[170.8,-68.3]]]]}},{"type":"Feature","properties":{},"geometry":{"type":"MultiPolygon","coordinates":[[[[158.1,-53.8],[158.2,-53.8],[158.2,-53.9],[158.3,-54],[158.3,-54.1],[158.4,-54.2],[158.4,-54.3],[158.5,-54.3],[158.5,-54.4],[158.5,-54.5],[158.6,-54.5],[158.6,-54.6],[158.7,-54.6],[158.7,-54.7],[158.8,-54.8],[158.8,-54.9],[158.9,-55],[159,-55.1],[159,-55.2],[159.1,-55.2],[159.1,-55.3],[159.2,-55.3],[159.2,-55.4],[159.3,-55.5],[159.3,-55.6],[159.4,-55.7],[159.4,-55.8],[159.5,-55.9],[159.5,-56],[159.6,-56.1],[159.7,-56.1],[159.7,-56.2],[159.8,-56.2],[159.8,-56.3],[159.9,-56.3],[159.9,-56.4],[160,-56.4],[160,-56.5],[160.1,-56.5],[160.1,-56.6],[160.2,-56.6],[160.2,-56.7],[160.3,-56.7],[160.4,-56.8],[160.4,-56.9],[160.5,-56.9],[160.5,-57],[160.6,-57.1],[160.7,-57.2],[160.8,-57.2],[160.8,-57.3],[160.9,-57.3],[160.9,-57.4],[160.9,-57.5],[161,-57.5],[161.1,-57.6],[161.2,-57.7],[161.3,-57.7],[161.3,-57.8],[161.4,-57.8],[161.5,-57.9],[161.6,-58],[161.7,-58],[161.7,-58.1],[161.8,-58.1],[161.9,-58.2],[162,-58.2],[162.1,-58.3],[162.2,-58.3],[162.2,-58.4],[162.3,-58.4],[162.4,-58.4],[162.4,-58.5],[162.5,-58.5],[162.6,-58.6],[162.7,-58.6],[162.8,-58.7],[162.9,-58.7],[163,-58.7],[163.1,-58.8],[163.2,-58.8],[163.4,-58.9],[163.5,-58.9],[163.6,-58.9],[163.8,-58.9],[163.9,-59],[164,-59],[164.1,-59],[164.2,-59],[165.2,-59.1],[166.4,-59.2],[166.5,-59.2],[166.7,-59.4],[166.6,-59.5],[166.8,-59.6],[166.8,-60.1],[166.7,-60.6],[167.2,-60.7],[167.2,-60.8],[167.1,-61.5],[167.4,-62],[167.9,-62.8],[168.5,-63.1],[168.2,-63.3],[165.6,-64.3],[165.8,-64.3],[164.5,-65.5],[164.8,-65.9],[164,-65.8],[163.3,-65.8],[162.2,-65.7],[161.9,-65.7],[161.3,-65.8],[160.1,-65.8],[160.4,-65.9],[159.4,-66.7],[159.3,-66.7],[159.2,-66.6],[159.1,-66.5],[159,-66.5],[158.8,-66.4],[158.6,-66.3],[158.4,-66.2],[158.1,-66.1],[157.9,-66],[157.7,-65.9],[157.5,-65.9],[157.5,-65.8],[157.4,-65.8],[157.3,-65.8],[157.2,-65.7],[157.1,-65.7],[157,-65.6],[156.9,-65.6],[156.8,-65.6],[156.7,-65.5],[156.6,-65.5],[156.5,-65.5],[156.4,-65.5],[156.3,-65.4],[156.2,-65.4],[156.1,-65.4],[156,-65.4],[155.9,-65.4],[155.8,-65.4],[155.7,-65.3],[155.6,-65.3],[155.5,-65.3],[155.4,-65.3],[155.3,-65.2],[155.2,-65.2],[155.1,-65.1],[154.9,-65.1],[154.8,-65.1],[154.8,-65],[154.7,-65],[154.6,-65],[154.5,-64.9],[154.4,-64.9],[154.2,-64.9],[154.2,-64.8],[154.1,-64.8],[154,-64.8],[153.9,-64.8],[153.8,-64.8],[153.7,-64.7],[153.6,-64.7],[153.5,-64.7],[153.3,-64.7],[153.2,-64.6],[153,-64.6],[152.9,-64.6],[152.8,-64.5],[152.7,-64.5],[152.7,-64.4],[152.6,-64.4],[152.5,-64.4],[152.5,-64.3],[152.4,-64.3],[152.4,-64.2],[152.3,-64.2],[152.2,-64.2],[152.2,-64.1],[152.1,-64.1],[152,-64.1],[151.9,-64],[151.8,-64],[151.7,-64],[151.7,-63.9],[151.6,-63.9],[151.5,-63.9],[151.4,-63.9],[151.4,-63.8],[151.3,-63.8],[151.2,-63.8],[151.2,-63.7],[151.1,-63.7],[151.1,-63.6],[151.1,-63.5],[151,-63.5],[151,-63.4],[151,-63.3],[151.1,-63.3],[151.1,-63.2],[151.1,-63.1],[151.2,-63.1],[151.2,-63],[151.3,-63],[151.3,-62.9],[151.4,-62.8],[151.5,-62.7],[151.5,-62.6],[151.6,-62.6],[151.7,-62.5],[151.8,-62.4],[151.9,-62.3],[152,-62.2],[152,-62.1],[152.1,-62.1],[152.1,-62],[152.2,-62],[152.2,-61.9],[152.3,-61.8],[152.3,-61.7],[152.4,-61.7],[152.4,-61.6],[152.5,-61.6],[152.5,-61.5],[152.6,-61.5],[152.6,-61.4],[152.7,-61.4],[152.8,-61.4],[152.8,-61.3],[152.9,-61.3],[152.9,-61.2],[153,-61.2],[153,-61.1],[152.9,-61.1],[152.9,-61],[152.8,-61],[152.8,-60.9],[152.7,-60.9],[152.7,-60.8],[152.6,-60.8],[152.5,-60.7],[152.4,-60.6],[152.3,-60.6],[152.3,-60.5],[152.2,-60.5],[152.1,-60.4],[152,-60.4],[152,-60.3],[151.5,-59.6],[151.1,-59.1],[151.2,-59.1],[151.3,-59.1],[151.4,-59.1],[151.5,-59.1],[151.6,-59.1],[151.7,-59.1],[151.8,-59.2],[151.9,-59.2],[152,-59.2],[152.1,-59.2],[152.2,-59.2],[152.3,-59.2],[152.4,-59.2],[152.5,-59.2],[152.7,-59.1],[152.8,-59.1],[152.9,-59.1],[153,-59.1],[153.1,-59.1],[153.2,-59.1],[153.3,-59],[153.4,-59],[153.5,-59],[153.6,-59],[153.7,-58.9],[153.8,-58.9],[153.9,-58.9],[154,-58.9],[154.1,-58.8],[154.2,-58.8],[154.3,-58.8],[154.4,-58.8],[154.5,-58.8],[154.6,-58.8],[154.7,-58.8],[154.8,-58.8],[154.9,-58.8],[155,-58.8],[155.1,-58.8],[155.2,-58.7],[155.3,-58.7],[155.4,-58.7],[155.5,-58.7],[155.6,-58.7],[155.7,-58.7],[155.9,-58.7],[156,-58.7],[156.1,-58.7],[156.2,-58.7],[156.3,-58.6],[156.4,-58.6],[156.6,-58.6],[156.7,-58.6],[156.8,-58.5],[156.9,-58.5],[157,-58.5],[157,-58.4],[157.1,-58.4],[157.2,-58.4],[157.4,-58.4],[157.5,-58.3],[157.6,-58.3],[157.7,-58.3],[157.9,-58.2],[158,-58.2],[158.1,-58.2],[158.1,-58.1],[158.1,-58],[158,-58],[158,-57.9],[158,-57.8],[158,-57.7],[158,-57.6],[158,-57.5],[157.9,-57.5],[157.9,-57.4],[157.9,-57.3],[157.9,-57.2],[157.9,-57.1],[157.9,-57],[157.8,-56.9],[157.8,-56.8],[157.8,-56.7],[157.7,-56.7],[157.7,-56.6],[157.7,-56.5],[157.7,-56.4],[157.7,-56.3],[157.6,-56.2],[157.5,-56.2],[157.5,-56.1],[157.4,-56.1],[157.4,-56],[157.4,-55.9],[157.4,-55.8],[157.4,-55.7],[157.4,-55.6],[157.3,-55.6],[157.3,-55.5],[157.2,-55.5],[157.2,-55.4],[157.1,-55.4],[157.1,-55.3],[157.1,-55.2],[157.1,-55.1],[157.1,-55],[157.1,-54.9],[157.1,-54.8],[157.1,-54.7],[157.1,-54.6],[157.1,-54.5],[157,-54.5],[157,-54.4],[157,-54.3],[157,-54.2],[157,-54.1],[157,-54],[157,-53.9],[157.1,-53.9],[157.1,-53.8],[157.2,-53.7],[157.3,-53.7],[157.4,-53.7],[157.5,-53.7],[157.6,-53.7],[157.7,-53.8],[157.8,-53.8],[157.9,-53.8],[158,-53.8],[158.1,-53.8]]]]}},{"type":"Feature","properties":{},"geometry":{"type":"MultiPolygon","coordinates":[[[[171.6,-68.6],[171.5,-68.5],[171.4,-68.5],[171.3,-68.5],[171.3,-68.4],[171.2,-68.4],[171.1,-68.4],[171.1,-68.3],[171,-68.3],[170.8,-68.3],[170.7,-68.2],[170.6,-68.2],[170.5,-68.1],[170.4,-68.1],[170.3,-68.1],[170.2,-68],[170,-68],[169.9,-67.9],[169.8,-67.9],[169.7,-67.9],[169.6,-67.9],[169.5,-67.8],[169.4,-67.8],[169.3,-67.8],[169.2,-67.8],[169.2,-67.7],[169.1,-67.7],[169,-67.7],[168.9,-67.7],[168.8,-67.7],[168.8,-67.6],[168.7,-67.6],[168.6,-67.6],[168.5,-67.6],[168.4,-67.6],[168.3,-67.5],[167.8,-67.4],[168.8,-67.1],[169.6,-66.7],[170.5,-67.1],[171.7,-67.7],[171.5,-67.7],[171.5,-67.8],[171.8,-68.2],[172.6,-68.6],[172.7,-68.8],[172.1,-68.6],[172,-68.6],[171.6,-68.6]]]]}},{"type":"Feature","properties":{},"geometry":{"type":"MultiPolygon","coordinates":[[[[168.8,-65.9],[168.9,-66.3],[168.1,-66],[168.8,-65.9]]]]}},{"type":"Feature","properties":{},"geometry":{"type":"MultiPolygon","coordinates":[[[[168,-67.5],[168.3,-67.5],[168.4,-67.6],[168.5,-67.6],[168.6,-67.6],[168.7,-67.6],[168.8,-67.6],[168.9,-67.7],[169,-67.7],[169.1,-67.7],[169.2,-67.7],[169.3,-67.8],[169.5,-67.8],[169.6,-67.8],[169.7,-67.9],[169.9,-67.9],[170,-68],[170.1,-68],[170.2,-68],[170.3,-68.1],[170.4,-68.1],[170.5,-68.1],[170.6,-68.2],[170.8,-68.2],[170.5,-68.2],[169.8,-68.1],[169.4,-68],[169,-68],[168.9,-68],[168.7,-68],[168.6,-68],[168.4,-68],[168.3,-68],[168.1,-68],[168,-68],[167.9,-68],[167.7,-68],[167.6,-68],[167.5,-68],[167.4,-68],[167.2,-68],[167.1,-68],[167.1,-68.1],[167,-68.1],[166.9,-68.1],[166.9,-68.2],[166.9,-68.3],[166.8,-68.3],[166.8,-68.4],[166.8,-68.5],[166.8,-68.6],[166.9,-68.6],[167,-68.7],[167.1,-68.7],[167.2,-68.8],[167.3,-68.8],[167.3,-68.9],[167.4,-68.9],[167.5,-68.9],[167.5,-69],[167.6,-69],[167.7,-69.1],[167.8,-69.1],[167.8,-69.2],[167.9,-69.2],[168,-69.2],[168,-69.3],[168.1,-69.3],[168.2,-69.3],[168.2,-69.4],[168.3,-69.4],[168.4,-69.5],[168.5,-69.5],[168.3,-69.5],[168,-69.5],[167.9,-69.4],[167.7,-69.3],[167.5,-69.4],[167.4,-69.3],[167.2,-69.2],[166.9,-69.1],[167,-69.1],[167.1,-69.1],[167.7,-69.2],[167.5,-69],[167.2,-69],[167,-69],[166.9,-69],[166.8,-69],[166.5,-68.9],[166,-68.8],[166.1,-68.8],[166.1,-68.7],[166.2,-68.7],[166.2,-68.6],[166.1,-68.6],[166.1,-68.5],[166,-68.5],[165.9,-68.4],[166,-68.3],[166.1,-68.3],[166.2,-68.2],[166.3,-68.2],[166.3,-68.1],[166.4,-68.1],[166.4,-68],[166.4,-67.9],[166.5,-67.9],[166.6,-67.8],[166.7,-67.8],[167.3,-67.7],[167.5,-67.6],[167.7,-67.6],[167.7,-67.5],[168,-67.5]]]]}},{"type":"Feature","properties":{},"geometry":{"type":"MultiPolygon","coordinates":[[[[151.6,-60.1],[152,-60.4],[152.1,-60.4],[152.2,-60.5],[152.3,-60.5],[152.3,-60.6],[152.4,-60.6],[152.4,-60.7],[152.5,-60.7],[152.6,-60.8],[152.7,-60.8],[152.7,-60.9],[152.8,-60.9],[152.8,-61],[152.9,-61],[152.9,-61.1],[153,-61.1],[153,-61.2],[152.9,-61.2],[152.9,-61.3],[152.8,-61.3],[152.8,-61.4],[152.7,-61.4],[152.6,-61.5],[152.5,-61.5],[152.5,-61.6],[152.4,-61.6],[152.4,-61.7],[152.3,-61.7],[152.3,-61.8],[152.2,-61.9],[152.1,-62],[152.1,-62.1],[152,-62.1],[152,-62.2],[151.9,-62.3],[151.8,-62.4],[151.7,-62.5],[151.6,-62.6],[151.5,-62.6],[151.5,-62.7],[151.4,-62.8],[151.3,-62.9],[151.3,-63],[151.2,-63],[151.2,-63.1],[151.1,-63.1],[151.1,-63.2],[151.1,-63.3],[151,-63.3],[151,-63.4],[151,-63.5],[151.1,-63.5],[151.1,-63.6],[151.1,-63.7],[151.2,-63.7],[151.2,-63.8],[151.3,-63.8],[151.4,-63.8],[151.4,-63.9],[151.5,-63.9],[151.6,-63.9],[151.7,-63.9],[151.7,-64],[151.8,-64],[151.9,-64],[152,-64.1],[152.1,-64.1],[152.2,-64.1],[152.2,-64.2],[152.3,-64.2],[152.4,-64.3],[152.5,-64.3],[152.6,-64.4],[152.7,-64.5],[152.8,-64.5],[152.9,-64.6],[153,-64.6],[153.1,-64.6],[153.2,-64.7],[153.3,-64.7],[153.4,-64.7],[153.5,-64.7],[153.7,-64.7],[153.8,-64.8],[153.9,-64.8],[154,-64.8],[154.2,-64.8],[154.3,-64.9],[154.4,-64.9],[154.5,-64.9],[154.6,-65],[154.7,-65],[154.8,-65.1],[154.9,-65.1],[155,-65.1],[155.1,-65.2],[155.2,-65.2],[155.3,-65.2],[155.4,-65.3],[155.5,-65.3],[155.6,-65.3],[155.7,-65.3],[155.8,-65.4],[155.9,-65.4],[156,-65.4],[156.1,-65.4],[156.2,-65.4],[156.3,-65.4],[156.4,-65.5],[156.5,-65.5],[156.6,-65.5],[156.7,-65.5],[156.8,-65.6],[156.9,-65.6],[157,-65.6],[157.1,-65.7],[157.2,-65.7],[157.3,-65.8],[157.4,-65.8],[157.5,-65.8],[157.6,-65.9],[157.8,-66],[158.1,-66.1],[158.3,-66.1],[158.5,-66.2],[158.7,-66.4],[158.9,-66.4],[159.1,-66.5],[159.2,-66.6],[159.3,-66.7],[159.4,-66.7],[156.5,-66.8],[155.1,-67],[152.8,-66.9],[150.9,-66.3],[149.8,-65.5],[149.1,-65.2],[148,-65.1],[147.8,-65],[147.8,-64.9],[147.7,-64.5],[147.6,-64.1],[147.6,-63.9],[147.6,-63.4],[147.3,-63],[147.3,-62.8],[147.6,-62.7],[148.2,-62.2],[149.1,-61.8],[149.6,-61.6],[150,-61.4],[150.6,-61],[150.9,-60.9],[151.1,-60.8],[151,-60.8],[151,-60.7],[150.9,-60.7],[150.8,-60.6],[150.7,-60.5],[150.6,-60.4],[150.5,-60.4],[150.5,-60.3],[150.4,-60.3],[150.3,-60.3],[150.2,-60.2],[150.1,-60.2],[150,-60.2],[149.9,-60.2],[149.8,-60.1],[149.7,-60.1],[149.7,-60],[149.6,-59.9],[149.6,-59.8],[149.5,-59.8],[149.4,-59.8],[149.2,-59.8],[149,-59.7],[148.9,-59.5],[148.4,-59.3],[147.6,-59.2],[146,-59.3],[145.4,-59.4],[144.7,-59.3],[144,-59.3],[143.5,-59.2],[143.4,-59.2],[143.2,-59.1],[142.4,-59],[142.3,-59],[142.2,-59],[141.7,-58.9],[141.8,-58.9],[143.1,-59],[144.3,-58.9],[145,-58.8],[144.9,-58.8],[144.8,-58.7],[144.8,-58.5],[144.8,-58.4],[144.8,-58.3],[145.1,-58.1],[147,-57.8],[147.6,-58.2],[147.7,-58.3],[147.8,-58.3],[148,-58.4],[148.5,-58.7],[148.6,-58.7],[148.7,-58.7],[148.7,-58.8],[148.8,-58.8],[148.9,-58.8],[148.9,-58.9],[149,-58.9],[149.3,-59.1],[149.6,-59.2],[149.8,-59.2],[149.9,-59.2],[150,-59.3],[150.1,-59.3],[150.3,-59.3],[150.3,-59.4],[150.9,-59.6],[151.1,-59.7],[151.2,-59.8],[151.3,-59.9],[151.5,-60],[151.6,-60.1]]]]}},{"type":"Feature","properties":{},"geometry":{"type":"MultiPolygon","coordinates":[[[[163.8,-67.9],[163.9,-68],[164,-68.1],[163.8,-67.9]]]]}},{"type":"Feature","properties":{},"geometry":{"type":"MultiPolygon","coordinates":[[[[165.3,-68.6],[164,-68.2],[164.1,-68.2],[164.3,-68.3],[164.5,-68.4],[164.8,-68.5],[164.9,-68.5],[165.3,-68.6]]]]}},{"type":"Feature","properties":{},"geometry":{"type":"MultiPolygon","coordinates":[[[[166,-68.8],[166.5,-68.9],[166.8,-69],[166.5,-68.9],[165.7,-68.7],[166,-68.8]]]]}},{"type":"Feature","properties":{},"geometry":{"type":"MultiPolygon","coordinates":[[[[166.8,-69.1],[167,-69.1],[167.2,-69.2],[167.5,-69.3],[167.6,-69.3],[167.9,-69.4],[168,-69.4],[167.5,-69.4],[166.8,-69.1]]]]}},{"type":"Feature","properties":{},"geometry":{"type":"MultiPolygon","coordinates":[[[[167.6,-69],[167.4,-69],[167.5,-69],[167.6,-69]]]]}},{"type":"Feature","properties":{},"geometry":{"type":"MultiPolygon","coordinates":[[[[171.7,-68.7],[171.5,-68.7],[171.2,-68.7],[171.4,-68.7],[171.6,-68.7],[171.7,-68.7]]]]}},{"type":"Feature","properties":{},"geometry":{"type":"MultiPolygon","coordinates":[[[[168.5,-69.5],[168.8,-69.6],[168.9,-69.6],[168.3,-69.5],[168.4,-69.6],[168.5,-69.5]]]]}},{"type":"Feature","properties":{},"geometry":{"type":"MultiPolygon","coordinates":[[[[169.7,-69.7],[169,-69.6],[169.3,-69.6],[169.5,-69.7],[169.7,-69.7]]]]}},{"type":"Feature","properties":{},"geometry":{"type":"MultiPolygon","coordinates":[[[[171.8,-69.1],[171.5,-69.1],[171.6,-69.1],[171.8,-69.1]]]]}},{"type":"Feature","properties":{},"geometry":{"type":"MultiPolygon","coordinates":[[[[170.3,-69.6],[169.8,-69.6],[170,-69.6],[170.1,-69.6],[170.2,-69.6],[170.3,-69.6]]]]}},{"type":"Feature","properties":{},"geometry":{"type":"MultiPolygon","coordinates":[[[[171.6,-69.4],[171.6,-69.3],[171.7,-69.2],[171.6,-69.4]]]]}},{"type":"Feature","properties":{},"geometry":{"type":"MultiPolygon","coordinates":[[[[169.9,-69.7],[170,-69.7],[170.1,-69.7],[170.3,-69.8],[170.4,-69.8],[170.4,-69.7],[170.3,-69.8],[169.9,-69.7]]]]}},{"type":"Feature","properties":{},"geometry":{"type":"MultiPolygon","coordinates":[[[[171.9,-69.5],[171.7,-69.4],[171.8,-69.4],[171.9,-69.5]]]]}},{"type":"Feature","properties":{},"geometry":{"type":"MultiPolygon","coordinates":[[[[171.1,-69.6],[171,-69.6],[171.1,-69.5],[171.1,-69.6]]]]}},{"type":"Feature","properties":{},"geometry":{"type":"MultiPolygon","coordinates":[[[[171.9,-69.5],[171.4,-69.6],[171.6,-69.6],[171.8,-69.6],[171.9,-69.5]]]]}},{"type":"Feature","properties":{},"geometry":{"type":"MultiPolygon","coordinates":[[[[161.1,-67.2],[161.1,-67.3],[161.3,-67.5],[161.6,-67.7],[161.7,-67.7],[161,-67.4],[161.1,-67.2]]]]}},{"type":"Feature","properties":{},"geometry":{"type":"MultiPolygon","coordinates":[[[[172.1,-69.1],[171.9,-69.3],[172.1,-69],[172.2,-69],[172.1,-69.1]]]]}},{"type":"Feature","properties":{},"geometry":{"type":"MultiPolygon","coordinates":[[[[42.9,-57],[41.3,-57.4],[41.1,-56.8],[40.7,-55.5],[42.9,-55],[42.9,-55.7],[42.9,-57]]]]}},{"type":"Feature","properties":{},"geometry":{"type":"MultiPolygon","coordinates":[[[[41,-57.3],[39.2,-58.7],[39.2,-59.8],[39,-60.8],[35.9,-62],[36.1,-62.9],[34.6,-63.9],[33.2,-64.8],[31.6,-63.4],[32.4,-61.8],[31.8,-60.9],[32.7,-58.7],[36.3,-58.1],[38.9,-56.9],[40.9,-56.3],[41,-57.3]]]]}},{"type":"Feature","properties":{},"geometry":{"type":"MultiPolygon","coordinates":[[[[150.5,-47.4],[150.6,-47.4],[150.7,-47.4],[150.8,-47.4],[150.9,-47.5],[151,-47.5],[151.1,-47.6],[151.2,-47.6],[151.3,-47.6],[151.3,-47.7],[151.4,-47.7],[151.5,-47.7],[151.5,-47.8],[151.6,-47.8],[151.7,-47.8],[151.7,-47.9],[151.8,-47.9],[151.9,-47.9],[151.9,-48],[152,-48],[152.1,-48.1],[152.2,-48.1],[152.3,-48.2],[152.4,-48.2],[152.5,-48.3],[152.6,-48.3],[152.7,-48.3],[152.7,-48.4],[153,-48.7],[153.1,-48.7],[153.1,-48.8],[153.2,-48.8],[153.2,-48.9],[153.3,-48.9],[153.4,-49],[153.5,-49.1],[153.5,-49.2],[153.5,-49.3],[153.6,-49.3],[153.6,-49.4],[153.6,-49.5],[153.7,-49.6],[153.8,-49.6],[153.9,-49.7],[154,-49.7],[154.1,-49.8],[154.2,-49.8],[154.3,-49.8],[154.3,-49.9],[154.4,-49.9],[154.5,-50],[154.6,-50],[154.7,-50.1],[154.8,-50.1],[154.9,-50.2],[155,-50.2],[155,-50.3],[155.1,-50.3],[155.2,-50.4],[155.3,-50.5],[155.4,-50.6],[155.5,-50.6],[155.5,-50.7],[155.6,-50.7],[155.7,-50.8],[155.7,-50.9],[155.8,-50.9],[155.8,-51],[155.9,-51],[155.9,-51.1],[156,-51.2],[156.1,-51.3],[156.1,-51.4],[156.2,-51.4],[156.2,-51.5],[156.3,-51.5],[156.3,-51.6],[156.4,-51.7],[156.5,-51.8],[156.6,-51.9],[156.7,-52],[156.7,-52.1],[156.8,-52.1],[156.9,-52.2],[156.9,-52.3],[157,-52.3],[157,-52.4],[157.1,-52.5],[157.2,-52.6],[157.3,-52.7],[157.4,-52.8],[157.4,-52.9],[157.5,-52.9],[157.5,-53],[157.6,-53],[157.6,-53.1],[157.6,-53.2],[157.7,-53.2],[157.8,-53.3],[157.8,-53.4],[157.9,-53.4],[157.9,-53.5],[158,-53.5],[158,-53.6],[158.1,-53.7],[158.1,-53.8],[158,-53.8],[157.9,-53.8],[157.8,-53.8],[157.7,-53.8],[157.6,-53.8],[157.5,-53.7],[157.4,-53.7],[157.3,-53.7],[157.2,-53.7],[157.1,-53.8],[157.1,-53.9],[157,-53.9],[157,-54],[157,-54.1],[157,-54.2],[157,-54.3],[157,-54.4],[157,-54.5],[157.1,-54.6],[157.1,-54.8],[157.1,-54.9],[157.1,-55],[157.1,-55.1],[157.1,-55.2],[157.1,-55.3],[157.1,-55.4],[157.2,-55.4],[157.2,-55.5],[157.3,-55.5],[157.4,-55.6],[157.4,-55.7],[157.4,-55.8],[157.4,-55.9],[157.4,-56],[157.4,-56.1],[157.5,-56.2],[157.6,-56.2],[157.6,-56.3],[157.7,-56.3],[157.7,-56.4],[157.7,-56.5],[157.7,-56.6],[157.7,-56.7],[157.8,-56.7],[157.8,-56.8],[157.8,-56.9],[157.9,-57],[157.9,-57.1],[157.9,-57.2],[157.9,-57.3],[157.9,-57.4],[158,-57.5],[158,-57.6],[158,-57.7],[158,-57.8],[158,-57.9],[158,-58],[158.1,-58],[158.1,-58.1],[158.2,-58.2],[158.1,-58.2],[158,-58.2],[157.8,-58.3],[157.7,-58.3],[157.5,-58.3],[157.4,-58.3],[157.3,-58.4],[157.2,-58.4],[157.1,-58.4],[157,-58.5],[156.9,-58.5],[156.8,-58.5],[156.6,-58.6],[156.5,-58.6],[156.4,-58.6],[156.2,-58.7],[156.1,-58.7],[155.9,-58.7],[155.8,-58.7],[155.7,-58.7],[155.6,-58.7],[155.5,-58.7],[155.4,-58.7],[155.3,-58.7],[155.2,-58.7],[155.1,-58.7],[155.1,-58.8],[155,-58.8],[154.9,-58.8],[154.8,-58.8],[154.7,-58.8],[154.6,-58.8],[154.5,-58.8],[154.4,-58.8],[154.3,-58.8],[154.2,-58.8],[154.1,-58.8],[154,-58.8],[154,-58.9],[153.9,-58.9],[153.8,-58.9],[153.7,-58.9],[153.6,-59],[153.5,-59],[153.4,-59],[153.3,-59],[153.2,-59.1],[153.1,-59.1],[153,-59.1],[152.9,-59.1],[152.7,-59.1],[152.5,-59.1],[152.4,-59.2],[152.3,-59.2],[152.2,-59.2],[152.1,-59.2],[152,-59.2],[151.9,-59.2],[151.8,-59.2],[151.8,-59.1],[151.6,-59.1],[151.5,-59.1],[151.4,-59.1],[151.3,-59.1],[151.1,-59.1],[151,-59],[151.6,-59.9],[151.5,-60],[151.3,-59.9],[151.2,-59.8],[151.2,-59.7],[151.1,-59.7],[150.5,-59.4],[150.3,-59.3],[150.2,-59.3],[150.1,-59.3],[150,-59.3],[149.9,-59.3],[149.9,-59.2],[149.6,-59.2],[149.4,-59.1],[149.1,-58.9],[149,-58.9],[148.9,-58.9],[148.9,-58.8],[148.8,-58.8],[148.7,-58.8],[148.7,-58.7],[148.6,-58.7],[148.1,-58.5],[147.8,-58.3],[147.7,-58.3],[147.7,-58.2],[147.4,-58.1],[145.9,-57.9],[144.8,-58.3],[144.8,-58.4],[144.8,-58.5],[144.8,-58.6],[144.9,-58.7],[145,-58.8],[144.6,-58.9],[143.4,-59],[142.2,-58.9],[141.2,-58.8],[141,-58.7],[140.5,-58.6],[140.4,-58.5],[139.4,-58.3],[138.8,-58.3],[138,-58.2],[137.6,-58.1],[136.7,-58],[135.8,-57.8],[134.9,-57.6],[134.4,-57.7],[133.7,-57.7],[133.8,-57.5],[134.8,-57.5],[135.6,-57.4],[136.5,-57.1],[137.1,-56.7],[137.2,-56.7],[137.3,-56.6],[137.4,-56.6],[137.4,-56.5],[137.5,-56.5],[137.5,-56.4],[137.5,-56.3],[137.6,-56.2],[137.7,-56.1],[137.8,-56],[137.8,-55.9],[137.9,-55.9],[138,-55.9],[138,-55.8],[138.1,-55.8],[138.2,-55.8],[138.2,-55.7],[138.3,-55.7],[138.4,-55.7],[138.5,-55.6],[138.6,-55.6],[138.6,-55.5],[138.5,-55.5],[138.5,-55.4],[138.5,-55.3],[138.5,-55.2],[138.4,-55.2],[138.4,-55.1],[138.4,-55],[138.4,-54.9],[138.4,-54.8],[138.4,-54.7],[138.4,-54.6],[138.3,-54.6],[138.3,-54.5],[138.3,-54.4],[138.2,-54.4],[138.3,-54.4],[138.4,-54.4],[138.5,-54.4],[138.6,-54.4],[138.7,-54.5],[138.8,-54.5],[138.9,-54.5],[139,-54.5],[139.1,-54.5],[139.2,-54.5],[139.2,-54.6],[139.3,-54.6],[139.4,-54.6],[139.5,-54.6],[139.6,-54.6],[139.7,-54.6],[139.7,-54.7],[139.8,-54.7],[139.9,-54.7],[140,-54.7],[140.1,-54.8],[140.2,-54.8],[140.3,-54.8],[140.4,-54.8],[140.5,-54.8],[140.6,-54.9],[140.7,-54.9],[140.8,-54.9],[140.9,-54.9],[141,-54.9],[141.1,-54.9],[141.2,-54.9],[141.3,-54.9],[141.4,-55],[141.5,-55],[141.6,-55],[141.7,-55],[141.8,-55],[141.9,-55],[142,-55],[142.1,-55],[142.2,-55],[142.3,-55],[142.4,-55],[142.5,-54.9],[142.6,-54.9],[142.7,-54.9],[142.8,-54.9],[142.9,-54.9],[143,-54.9],[143,-54.8],[143.1,-54.8],[143.2,-54.8],[143.3,-54.8],[143.4,-54.8],[143.5,-54.8],[143.6,-54.8],[143.6,-54.7],[143.7,-54.7],[143.8,-54.7],[144,-54.5],[144.2,-54.4],[144.3,-54.3],[144.4,-54.3],[144.5,-54.2],[144.6,-54.2],[144.7,-54.2],[144.8,-54.2],[144.9,-54.1],[145,-54.1],[145,-54],[145.1,-54],[145.2,-53.9],[145.2,-53.8],[145.3,-53.8],[145.3,-53.7],[145.4,-53.7],[145.5,-53.6],[145.6,-53.5],[145.7,-53.4],[145.8,-53.3],[145.9,-53.2],[146,-53.1],[146.1,-53.1],[146.1,-53],[146.2,-53],[146.3,-53],[146.3,-52.9],[146.4,-52.9],[146.5,-52.8],[146.6,-52.8],[146.7,-52.7],[146.8,-52.7],[146.8,-52.6],[146.9,-52.6],[146.9,-52.5],[147,-52.5],[147,-52.4],[147.1,-52.4],[147.1,-52.3],[147.2,-52.2],[147.3,-52.1],[147.3,-52],[147.2,-51.9],[147.2,-51.8],[147.3,-51.7],[147.3,-51.6],[147.4,-51.6],[147.4,-51.5],[147.5,-51.5],[147.6,-51.5],[147.6,-51.4],[147.7,-51.4],[147.8,-51.3],[147.8,-51.2],[147.9,-51.2],[147.9,-51.1],[147.9,-51],[148,-51],[148,-50.9],[148.1,-50.8],[148.3,-50.5],[148.3,-50.4],[148.2,-50.4],[148.2,-50.3],[148.3,-50.1],[148.4,-49.8],[148.3,-49.8],[148.3,-49.7],[148.3,-49.4],[148.4,-49.3],[148.4,-49.2],[148.5,-49.2],[148.5,-49.1],[148.6,-49.1],[148.6,-49],[148.7,-49],[148.8,-49],[148.2,-48.8],[147.5,-48.5],[147.6,-48.5],[147.7,-48.5],[147.8,-48.5],[147.8,-48.4],[147.9,-48.4],[148,-48.4],[148.1,-48.4],[148.2,-48.4],[148.3,-48.3],[148.4,-48.3],[148.5,-48.3],[148.6,-48.2],[148.7,-48.2],[148.8,-48.2],[148.9,-48.2],[148.9,-48.1],[149,-48.1],[149,-48],[149.1,-48],[149.2,-47.9],[149.3,-47.9],[149.4,-47.8],[149.5,-47.7],[149.6,-47.7],[149.7,-47.6],[149.8,-47.5],[149.9,-47.5],[150,-47.4],[150.1,-47.4],[150.1,-47.3],[150.5,-47.4]]]]}},{"type":"Feature","properties":{},"geometry":{"type":"MultiPolygon","coordinates":[[[[163.9,-67.9],[164.1,-67.9],[164.6,-67.9],[164.7,-67.8],[164.9,-67.8],[165.3,-67.8],[165.4,-67.8],[165.9,-67.8],[166.7,-67.8],[166.6,-67.8],[166.5,-67.9],[166.4,-67.9],[166.4,-68],[166.4,-68.1],[166.3,-68.1],[166.3,-68.2],[166.2,-68.2],[166.1,-68.3],[166,-68.3],[165.9,-68.4],[166,-68.5],[166.1,-68.5],[166.1,-68.6],[166.2,-68.6],[166.2,-68.7],[166.1,-68.7],[166.1,-68.8],[166,-68.8],[165.7,-68.7],[165.2,-68.6],[164.8,-68.5],[164.6,-68.4],[164.3,-68.3],[164.2,-68.2],[164,-68.2],[164,-68.1],[163.9,-68],[163.8,-67.9],[163.9,-67.9]]]]}},{"type":"Feature","properties":{},"geometry":{"type":"MultiPolygon","coordinates":[[[[55.5,-65.7],[54.1,-65.3],[52,-65.3],[51.9,-65],[48.6,-65.4],[47.3,-66],[47.4,-65.3],[52.4,-64.5],[55.5,-65.7]]]]}},{"type":"Feature","properties":{},"geometry":{"type":"MultiPolygon","coordinates":[[[[73.7,-64.1],[72,-64.7],[70.4,-65.1],[67.5,-63.5],[73.7,-64.1]]]]}},{"type":"Feature","properties":{},"geometry":{"type":"MultiPolygon","coordinates":[[[[67.5,-63.5],[62.9,-64.5],[61.6,-64.6],[55.9,-64.6],[56.9,-61.2],[58.9,-60.9],[64.2,-61.8],[67.5,-63.5]]]]}},{"type":"Feature","properties":{},"geometry":{"type":"MultiPolygon","coordinates":[[[[57.1,-60.6],[56.5,-63],[52.4,-64.5],[47.4,-65.3],[41.3,-66],[38.7,-64.4],[37.9,-62.7],[40.6,-61.5],[41.4,-60.9],[42.1,-60.4],[42.8,-59.8],[42.9,-59.8],[43.4,-59.5],[44.2,-59.1],[44.2,-58.9],[44.4,-58.8],[45,-58.7],[45.5,-58.5],[45.9,-58.2],[46.4,-57.9],[46.6,-57.8],[47.1,-57.5],[47.6,-57.3],[48,-57.3],[47.5,-57.2],[48,-57],[48.3,-56.8],[49,-56.5],[50.3,-56.2],[50.6,-56],[50.7,-56],[50.8,-55.9],[51.2,-56.3],[53.5,-59.1],[57.1,-60.6]]]]}},{"type":"Feature","properties":{},"geometry":{"type":"MultiPolygon","coordinates":[[[[35,-68.6],[35.6,-68.5],[36.7,-68.3],[35.6,-67.9],[33.7,-67.3],[32.9,-67.1],[33.8,-67.2],[36.2,-67.8],[37.6,-68],[38.1,-68.2],[35,-68.6]]]]}},{"type":"Feature","properties":{},"geometry":{"type":"MultiPolygon","coordinates":[[[[108.4,16.3],[108.8,15.9],[108.1,15.1],[107.7,14.9],[107.8,15],[108.1,14.9],[108.7,15.2],[106.4,12],[102.9,9.1],[100.9,3.2],[100.8,3.3],[100.8,3.2],[100.7,2.9],[100.7,3],[100.4,2.8],[100.3,2.7],[100.1,2.5],[99,1.8],[96.8,2.8],[97.9,6.7],[100,10.2],[104.1,12.1],[107.2,15.7],[108.4,16.3]]]]}},{"type":"Feature","properties":{},"geometry":{"type":"MultiPolygon","coordinates":[[[[101.5,14.2],[104.6,14.1],[102.1,13.1],[99,12.8],[96.5,12.7],[93.9,10.7],[94,8],[94.7,6],[96.8,2.8],[94.6,3.1],[92.8,5.6],[92.2,9.6],[93.1,10.1],[94.7,13],[99.3,14.1],[101.5,14.2]]]]}},{"type":"Feature","properties":{},"geometry":{"type":"MultiPolygon","coordinates":[[[[129.8,27.4],[126.7,27.9],[126.6,28.6],[127.5,30.2],[128.7,31.6],[131.9,33],[132.5,32.8],[132.6,32.4],[132.6,32.2],[132.5,32.2],[132.4,32.4],[132.1,32.4],[131.8,32.4],[131.5,32.3],[131,32.3],[131,32.1],[130.7,32.1],[130.4,32],[130.2,31.9],[130,31.7],[129.7,31.6],[129,31.2],[129.2,30.6],[129.7,30.2],[129.8,29.7],[129.8,28.6],[130.1,27.9],[129.9,27.7],[129.5,27.9],[129.2,28],[129.8,27.4]]]]}},{"type":"Feature","properties":{},"geometry":{"type":"MultiPolygon","coordinates":[[[[139.2,34],[138.5,33.9],[138,33.5],[137.8,33.4],[136.9,32.9],[135.2,33.1],[135.6,33.3],[135.9,33.4],[136.1,33.9],[136.3,34.1],[136,34.2],[135.5,34.3],[135.3,34.8],[134.8,34.8],[134.5,34.8],[134.2,34.8],[133.5,34.7],[133.1,34.4],[132.8,34.3],[133,34.7],[134.4,35],[136,35],[137.4,35.4],[138.8,35.4],[139.2,34]]]]}},{"type":"Feature","properties":{},"geometry":{"type":"MultiPolygon","coordinates":[[[[138.1,29],[137.6,29.2],[137.4,29.2],[137.3,29],[137.1,29.2],[136.7,29.2],[136.6,29.2],[136.5,29.2],[136.3,28.9],[136.2,29],[136.3,29],[135.9,28.9],[135.7,28.9],[135.5,29.1],[135.4,29.1],[135.5,29.2],[135.7,29.5],[135.4,29.5],[135.5,29.7],[135.7,29.9],[135.8,30],[135.8,30.1],[136.2,30.3],[136.3,30.5],[136.1,30.6],[136.2,31.1],[136,31.2],[135.9,31.3],[136.1,31.4],[136.1,31.3],[136.2,31.3],[136.3,31.4],[136.5,31.3],[136.7,31.3],[136.5,31.4],[136.6,31.6],[136.6,32.1],[136.7,32.2],[136.5,32.2],[136,32.5],[135.8,32.5],[135.7,32.4],[135.6,32.4],[135.6,32.5],[135.4,32.5],[135.3,32.6],[135.5,32.7],[135.1,32.9],[135.3,33],[138.1,33.1],[138.5,32.1],[138.5,29.9],[138.4,29.3],[138.1,29]]]]}},{"type":"Feature","properties":{},"geometry":{"type":"MultiPolygon","coordinates":[[[[118.9,32.6],[120.9,31.6],[123.6,29.3],[124.5,28.9],[125.8,28.2],[125.2,27.6],[122.6,29.5],[119.8,32],[117.3,33],[116.2,33.3],[115.4,33.6],[118.1,32.8],[118.9,32.6]]]]}},{"type":"Feature","properties":{},"geometry":{"type":"MultiPolygon","coordinates":[[[[104.6,14.1],[105.5,15],[105.9,13.8],[101.9,11.2],[98.7,8.1],[97.6,3.5],[95.7,5],[94,6.9],[93.8,9.2],[94.9,12.1],[97.7,12.3],[100.4,13.3],[104.1,12.8],[104.6,14.1]]]]}},{"type":"Feature","properties":{},"geometry":{"type":"MultiPolygon","coordinates":[[[[138.1,29],[138,29],[137.6,29.2],[138.1,29]]]]}},{"type":"Feature","properties":{},"geometry":{"type":"MultiPolygon","coordinates":[[[[136.5,29.1],[136.7,29.1],[136.5,28.9],[136.5,29.1]]]]}},{"type":"Feature","properties":{},"geometry":{"type":"MultiPolygon","coordinates":[[[[135.2,27.8],[135,28.1],[135.4,27.8],[135.2,27.8]]]]}},{"type":"Feature","properties":{},"geometry":{"type":"MultiPolygon","coordinates":[[[[137.6,29],[137.4,28.8],[137.5,28.9],[137.6,29]]]]}},{"type":"Feature","properties":{},"geometry":{"type":"MultiPolygon","coordinates":[[[[137.1,26.9],[136.8,26.7],[137,26.8],[137.1,26.9]]]]}},{"type":"Feature","properties":{},"geometry":{"type":"MultiPolygon","coordinates":[[[[136.9,29.1],[136.9,29],[136.8,28.9],[136.9,29.1]]]]}},{"type":"Feature","properties":{},"geometry":{"type":"MultiPolygon","coordinates":[[[[86.6,56.5],[86.9,55.4],[86.5,54.3],[85.9,53.3],[85.1,52.3],[84.2,51.5],[83.2,50.7],[82.1,49.9],[81.3,49.3],[80.1,48.5],[78.7,47.7],[77.3,46.5],[76.3,45.2],[75.3,43.8],[74.4,42.2],[73.4,40.5],[72.4,39.1],[71.4,38.2],[70,37.6],[68.9,36.8],[69.9,38.8],[71.7,40.3],[71.8,42.4],[71.9,44.2],[73.1,46.2],[75.9,48],[78.1,49.5],[79.7,51.4],[80.6,53],[82.7,54.5],[86,56.2],[86.6,56.5]]]]}},{"type":"Feature","properties":{},"geometry":{"type":"MultiPolygon","coordinates":[[[[142.1,36.7],[142.3,35.8],[142.1,35.9],[141.8,35.9],[141.9,35.7],[141.5,35.7],[141.4,35.9],[140.6,36.3],[139.5,36.8],[138.1,37],[136.1,37.3],[134,37.7],[132.6,37.8],[129,38.9],[125.4,39.5],[124.1,39.6],[122.8,40.1],[120.2,40],[119.9,41.2],[125.7,40.2],[132.1,39.6],[139.7,37.5],[142.1,36.7]]]]}},{"type":"Feature","properties":{},"geometry":{"type":"MultiPolygon","coordinates":[[[[12.9,66.3],[14.2,69.4],[13.4,72.5],[12.3,73.3],[10.2,73.7],[11.5,73.8],[10.8,74],[12.7,74],[13.2,74.3],[15.9,74.4],[16.1,74.6],[17.9,74.5],[18.3,74.3],[20.7,72.2],[19.9,70.9],[20,70.7],[18.4,68.5],[12.9,66.2],[12.9,66.3]]]]}},{"type":"Feature","properties":{},"geometry":{"type":"MultiPolygon","coordinates":[[[[6.1,73.8],[7.1,73.9],[8.1,73.9],[9.7,73.9],[11.5,73.7],[12.1,73.3],[13.9,71.2],[13.2,67.4],[9.9,67],[5.5,68.5],[6,69.3],[5.9,70.1],[5.4,70.1],[5.5,70.9],[6.7,71.3],[6.9,71.8],[7.3,72.2],[7.3,72.8],[6.1,73.7],[6.1,73.8]]]]}},{"type":"Feature","properties":{},"geometry":{"type":"MultiPolygon","coordinates":[[[[6.1,73.8],[5.3,74.4],[9.8,75.1],[14.4,75.1],[18.5,74.7],[19.4,74.2],[18,74.3],[17.4,74.6],[16.3,74.4],[15.6,74.4],[13.2,74.3],[11.7,73.9],[11.4,73.8],[11.5,73.8],[9.4,74],[7.9,73.8],[6.9,73.8],[6.1,73.8]]]]}},{"type":"Feature","properties":{},"geometry":{"type":"MultiPolygon","coordinates":[[[[30.3,65],[32.6,65.1],[37,64.6],[38.7,64.5],[42.4,64.5],[46.1,64.8],[47.3,64.7],[45.4,64.1],[39.8,62.7],[32.4,60.9],[28.7,58.6],[24.8,56.7],[20.1,54.2],[17.9,54.2],[18.8,55.5],[19.8,56.3],[20.8,57.2],[24.7,60.3],[28.2,64.2],[30.3,65]]]]}},{"type":"Feature","properties":{},"geometry":{"type":"MultiPolygon","coordinates":[[[[14.1,61.4],[15.8,59.9],[15.1,58.1],[12.9,56.5],[11.7,56.6],[9.4,57.9],[9.3,59.1],[12.3,60.2],[14.1,61.4]]]]}},{"type":"Feature","properties":{},"geometry":{"type":"MultiPolygon","coordinates":[[[[8.5,66.4],[4,67.2],[3.3,67.3],[2.3,67.5],[2.1,68.2],[2.4,68.4],[3.5,70.1],[4.2,70.9],[4.6,71.8],[3.6,71.8],[4,73.5],[6.1,73.8],[6.3,73.5],[7.2,72.3],[7.1,71.9],[6.9,71.3],[5.7,71.1],[5.5,70.4],[5.6,70],[5.9,69.5],[5.8,68.9],[7.9,67.4],[12.9,66.2],[13.9,65.6],[15.9,64.7],[12.7,65.8],[8.5,66.4]]]]}},{"type":"Feature","properties":{},"geometry":{"type":"MultiPolygon","coordinates":[[[[9.5,31.2],[9.8,31],[10.1,30.8],[9.3,30.6],[9.1,30.4],[9.4,30.5],[10.3,30.8],[10.6,30.5],[10.8,30],[9.6,29.7],[9.6,29.4],[10.1,29.6],[10.5,29.1],[11.1,29.9],[11.3,29.1],[11.7,29.3],[12.1,29.6],[12,29.9],[12.8,30],[12.8,29.1],[12.3,28.9],[11.9,28.5],[12.5,28.8],[12.2,28.3],[12.2,27.9],[12.3,28],[12.7,27.9],[12.6,27.4],[12.5,26.9],[12.5,26.7],[12.6,26.2],[12.7,25.7],[13.3,25.8],[12.8,25.8],[13,25.6],[13.2,25.5],[13.5,25.6],[13,25],[13.1,24.9],[12.8,24.8],[13,24.6],[12.8,24.5],[13.2,24.4],[13.4,24.4],[13.5,24.1],[13.6,24.1],[14,23.4],[13.1,23.7],[13.7,23.4],[13.2,23.2],[13.8,22.9],[14.1,23],[14,22.5],[13.6,22.5],[13.5,22.3],[13.8,21.8],[14.2,22.1],[13.9,21.6],[13.2,21.7],[13.1,21.8],[12.5,21.8],[12.8,21.3],[12.2,21.3],[12.3,21],[12.3,20.9],[12.9,20.9],[12.3,20.6],[12.6,20.6],[12.9,20.7],[12.7,20.3],[13.2,20.4],[14,20.1],[14.2,19.9],[14.2,19.7],[14.4,19.5],[14.5,19.4],[14.4,19.2],[14.6,19.1],[14.7,18.9],[14.5,18.7],[14.1,18.6],[13.5,19.4],[12.8,19.5],[12.1,19.8],[12.5,19.5],[12.6,19.4],[13.2,19.2],[12.8,18.8],[12.3,18.8],[12.1,18.2],[13,18.4],[12.6,17.9],[12.5,17.9],[12.9,18.1],[13.5,18.4],[14.6,18.3],[14.4,18.1],[14.4,17.9],[14.2,17.8],[14.1,17.6],[13.9,17.5],[13.8,17.2],[13.6,17.1],[13.6,16.9],[13.4,16.7],[13.2,16.5],[12.9,16.4],[12.7,16.3],[12.4,16.2],[12.1,16.2],[12,15.8],[11.8,15.8],[11.6,15.9],[11.3,15.9],[11.1,16.2],[11.3,15.7],[11.2,15.5],[10.9,15.2],[10.8,14.8],[10.7,14.6],[10.7,14.4],[10.6,14.2],[10.4,13.9],[10.2,13.9],[10.1,13.8],[10.1,13.7],[9.9,13.4],[9.8,13.5],[9.5,13.4],[9.4,13.3],[9.3,13.5],[9.3,13.8],[9.2,13.8],[9.2,13.7],[9.1,13.4],[9,13.4],[9,13.1],[8.9,13.2],[8.8,13.1],[8.6,13.1],[8.5,13.1],[8.3,13],[8.4,12.7],[8.3,12.6],[7.9,12.6],[7.7,12.5],[8,11.8],[7.6,11.8],[8,11.5],[7.8,11.2],[7.9,11],[7.7,11.1],[7.7,10.9],[7.5,11.1],[7.5,10.8],[7.3,10.8],[7.2,10.7],[7.5,10.5],[7.3,10.4],[7,10.4],[7.1,10.2],[7,10.2],[7.1,10],[7.2,9.9],[7.2,9.8],[7,9.5],[7.2,9.4],[6.9,9.3],[7,9.2],[7,9.1],[6.9,8.8],[6.5,8.7],[6.9,8.5],[6.5,8.5],[6.7,8.2],[6.8,8.1],[6.7,8],[6.4,8.1],[6.1,8.1],[6.6,8],[6.6,7.8],[6.4,7.7],[6.2,7.9],[6,7.7],[5.8,7.6],[5.6,7.7],[5.9,7.8],[5.6,7.7],[5.5,8.1],[5.4,8.3],[5.5,8.3],[5.4,8.4],[5.6,8.6],[5.3,8.5],[5.2,8.5],[5.6,8.7],[5.2,8.6],[5.3,8.9],[5.2,8.7],[5.1,8.7],[5,8.6],[4.9,8.6],[4.7,8.7],[4.6,8.6],[4.5,8.7],[4.3,9],[4.3,9.1],[4.1,9],[4.2,9.1],[4.1,9.2],[3.9,9.2],[4.2,9.4],[3.8,9.4],[3.9,9.4],[3.8,9.7],[3.7,9.6],[4,9.9],[3.9,9.8],[3.6,9.8],[3.8,9.9],[3.7,10.1],[3.7,10.2],[3.5,10.5],[3.5,10.7],[3.6,10.8],[3.4,10.9],[3.3,11.1],[3.2,11.2],[3.3,11.3],[3.2,11.3],[3.2,11.5],[3.5,11.5],[3.2,11.6],[3,11.7],[3.4,11.8],[3.2,12],[3.7,12.1],[3.2,12],[3.4,12.1],[3.6,12.3],[3.8,12.3],[3.6,12.5],[3.7,12.5],[3.8,12.3],[3.9,12.5],[3.7,12.6],[3.6,13.1],[3.4,12.7],[3.1,12.8],[3.3,12.9],[3,12.8],[3,12.9],[3.1,13.2],[3.1,13.3],[3,13.3],[3.4,13.6],[3.3,13.6],[2.9,13.5],[2.9,13.6],[2.9,13.7],[3,14],[3.4,13.9],[3.1,13.9],[2.7,14],[2.7,14.1],[3.4,14.6],[4.1,14.7],[3.4,14.6],[2.6,14.2],[2.9,14.3],[3.1,14.6],[2.9,14.7],[3.3,14.8],[3.3,15],[3,15],[2.7,15.2],[3.5,15.4],[2.8,15.5],[3.1,15.7],[3.3,15.7],[4,15.4],[4,15.6],[4.1,15.7],[4,15.8],[3.5,15.8],[2.9,15.5],[3,15.9],[3.1,15.9],[3.3,16],[3.6,15.9],[3.1,16.2],[3.5,16.2],[4.3,15.7],[4,16],[4.2,16.3],[3.5,16.1],[3.1,16.3],[3.5,16.5],[3.8,16.5],[4.1,16.6],[4.3,16.5],[4,16.6],[4.3,17],[4.4,16.8],[4.5,16.8],[4.3,17],[4.4,17],[4.3,17.1],[4.5,17.3],[4.5,17.4],[4.5,17.7],[4.4,17.9],[4.2,17.9],[3.2,18.7],[4.6,18.1],[4.4,18.4],[4.5,18.4],[4.5,18.6],[4.6,18.5],[4.3,18.9],[4.5,19],[4.1,19.1],[4.1,19.3],[4.5,19.6],[3.9,19.7],[3.9,20.3],[3.7,19.6],[3.7,19.4],[3.2,19.5],[3.3,19.9],[3.7,20.2],[3.4,20.1],[3.6,20.4],[3.4,20.5],[3.6,20.5],[3.8,20.7],[3.8,20.8],[3.7,21],[3.6,21.3],[3.6,21.7],[3.6,21.8],[3.7,22.1],[3.7,22.3],[3.5,22.4],[3.7,22.5],[3.5,22.8],[3.5,23],[3.4,23.6],[3.5,23.8],[3.3,24.1],[3.1,24.4],[2.7,24.7],[2.5,24.9],[2.2,25],[1.9,24.9],[1.9,25],[1.5,25.1],[1.1,25.2],[1.5,25.5],[1.1,25.9],[0.9,26.1],[1.1,26.3],[2.2,25.9],[2,26.2],[2.3,26.3],[1.8,26.6],[1.7,26.7],[1.3,26.9],[1.2,27.4],[1.7,27.7],[2.2,27.7],[2.4,27.8],[2.8,27.7],[3.5,27.9],[3.9,28.4],[3.5,28.4],[3.7,29.1],[4.1,29.3],[4.4,29.4],[4.7,29.4],[5.3,29.8],[5.8,30.1],[5.9,30.1],[6.1,29.5],[6.6,29.6],[6.7,30.2],[7.3,29.5],[7.8,29.7],[8,30.3],[8.2,30.1],[7.6,30.4],[7.6,30.7],[7.8,30.7],[8,30.6],[8.5,30.2],[8.7,30.7],[8.6,31],[8.9,31.1],[9.1,31],[9.5,31.2]]]]}},{"type":"Feature","properties":{},"geometry":{"type":"MultiPolygon","coordinates":[[[[3.7,17.9],[3.9,17.5],[3.4,17.4],[3.3,17.5],[2.9,17.7],[3,18],[3.3,18.4],[3.7,17.9]]]]}},{"type":"Feature","properties":{},"geometry":{"type":"MultiPolygon","coordinates":[[[[13.4,18.6],[12.5,18.2],[12.7,18.8],[13.3,18.9],[13.4,18.6]]]]}},{"type":"Feature","properties":{},"geometry":{"type":"MultiPolygon","coordinates":[[[[13.6,20.9],[14,20.6],[14.1,20.3],[13.7,20.4],[13.2,20.8],[13.6,20.9]]]]}},{"type":"Feature","properties":{},"geometry":{"type":"MultiPolygon","coordinates":[[[[13,21.4],[13.6,21.2],[12.8,21.3],[13,21.4]]]]}},{"type":"Feature","properties":{},"geometry":{"type":"MultiPolygon","coordinates":[[[[13.9,21.1],[13.6,20.9],[13.1,21],[13.9,21.1]]]]}},{"type":"Feature","properties":{},"geometry":{"type":"MultiPolygon","coordinates":[[[[14.4,23.7],[14.5,23.6],[14.2,23.3],[14.2,23.6],[14.4,23.7]]]]}},{"type":"Feature","properties":{},"geometry":{"type":"MultiPolygon","coordinates":[[[[9.2,13.4],[9.4,13.2],[9.2,13.1],[9.2,13.4]]]]}},{"type":"Feature","properties":{},"geometry":{"type":"MultiPolygon","coordinates":[[[[4.3,17.8],[4.3,17.4],[4.2,17.7],[4.3,17.8]]]]}},{"type":"Feature","properties":{},"geometry":{"type":"MultiPolygon","coordinates":[[[[6.2,7.7],[6.5,7.6],[6.4,7.5],[6.3,7.6],[6.2,7.7]]]]}},{"type":"Feature","properties":{},"geometry":{"type":"MultiPolygon","coordinates":[[[[8,12.2],[8.1,12],[7.9,12.4],[8.1,12.2],[8,12.2]]]]}},{"type":"Feature","properties":{},"geometry":{"type":"MultiPolygon","coordinates":[[[[7.4,10.3],[7.3,10.2],[7.2,10.3],[7.4,10.3]]]]}},{"type":"Feature","properties":{},"geometry":{"type":"MultiPolygon","coordinates":[[[[4.8,8.6],[4.9,8.5],[4.8,8.5],[4.8,8.6]]]]}},{"type":"Feature","properties":{},"geometry":{"type":"MultiPolygon","coordinates":[[[[-37.1,-61.7],[-38.6,-63.7],[-39.5,-64],[-41.9,-65.2],[-42.7,-66.6],[-44.1,-65.2],[-41.9,-64],[-40.6,-62.3],[-41.7,-61.5],[-42.7,-62.3],[-44.2,-62.3],[-45.8,-63.6],[-45.6,-62.2],[-44.9,-62.3],[-44.6,-61.8],[-43.8,-60.4],[-42.2,-60.1],[-40.4,-59.8],[-38.8,-59],[-38,-57.6],[-37.6,-57.4],[-36.3,-57],[-35.7,-56.9],[-36.7,-59.2],[-37.1,-61.7]]]]}},{"type":"Feature","properties":{},"geometry":{"type":"MultiPolygon","coordinates":[[[[8.8,-58],[9.8,-61],[7.1,-61.3],[1.8,-61.8],[-0.9,-62.1],[-1.2,-61.4],[-0.2,-59.6],[-1.7,-57.9],[-1.6,-57.4],[2.2,-57.5],[6,-57.5],[7.1,-57],[7.7,-57.5],[7.7,-58.9],[7.3,-59.1],[7.9,-59.6],[8.3,-59],[8.8,-58]]]]}},{"type":"Feature","properties":{},"geometry":{"type":"MultiPolygon","coordinates":[[[[-25.5,-56.1],[-28.2,-54.7],[-27.5,-53.6],[-25.8,-51.7],[-23.9,-52],[-26.4,-54.6],[-25.5,-56.1]]]]}},{"type":"Feature","properties":{},"geometry":{"type":"MultiPolygon","coordinates":[[[[-4.3,-70.5],[-5.1,-70.7],[-5.2,-70.9],[-5.5,-71.1],[-6.4,-71.4],[-6.9,-71.8],[-8.2,-72.4],[-10.6,-72.9],[-12.2,-73.1],[-12.2,-73.3],[-20,-72.3],[-22.6,-72],[-23.5,-72.2],[-31.2,-72.7],[-31.6,-72.4],[-28.1,-71.9],[-18.7,-70.2],[-15.2,-69.2],[-10.5,-69.4],[-6.9,-69.5],[-3.9,-69.5],[-2.3,-69.2],[-1,-68.8],[-0.1,-68.5],[0.8,-67.8],[1.3,-67.1],[3.5,-68.6],[-4.1,-70],[-4.3,-70.5]]]]}},{"type":"Feature","properties":{},"geometry":{"type":"MultiPolygon","coordinates":[[[[-41.9,-65.2],[-39.5,-64],[-38.6,-63.7],[-37.3,-63.7],[-34.7,-63.1],[-32.7,-63],[-33.5,-63.6],[-38.5,-64.4],[-39.8,-64.2],[-41.9,-65.2]]]]}},{"type":"Feature","properties":{},"geometry":{"type":"MultiPolygon","coordinates":[[[[-5.1,-64.2],[-5.7,-64.9],[-8.5,-64.8],[-11.3,-64.3],[-14.5,-64.1],[-18.5,-64.1],[-19.5,-63.9],[-21.6,-63.3],[-22.9,-62.9],[-24,-62.5],[-22.5,-62.5],[-19,-62.7],[-13.4,-62.9],[-11.3,-63.2],[-7.5,-63.4],[-5.6,-63.9],[-5.1,-64.2]]]]}},{"type":"Feature","properties":{},"geometry":{"type":"MultiPolygon","coordinates":[[[[-32.2,-72.3],[-33,-72.3],[-42.7,-70.9],[-43.7,-68.3],[-42.7,-66.6],[-42.3,-67.5],[-40.4,-68.7],[-35.4,-70],[-33.5,-70.8],[-32.2,-72.3]]]]}},{"type":"Feature","properties":{},"geometry":{"type":"MultiPolygon","coordinates":[[[[-8.3,-69.5],[-14.5,-69.3],[-15.9,-68.9],[-18.9,-68],[-21.2,-67.2],[-22.3,-66.4],[-24.5,-64.9],[-25,-63.6],[-23.8,-62.9],[-22.1,-63.3],[-19.9,-63.6],[-19.1,-64.6],[-19.1,-66],[-16.7,-66.9],[-14.2,-67.4],[-11.3,-68.1],[-8,-68.8],[-8.3,-69.5]]]]}},{"type":"Feature","properties":{},"geometry":{"type":"MultiPolygon","coordinates":[[[[-24.2,-62.8],[-25,-63.8],[-24.1,-65.3],[-22.2,-66.6],[-20.8,-67.4],[-18.4,-68.2],[-15.6,-69.1],[-20.9,-70.9],[-29.4,-72.2],[-32.2,-72.3],[-34.2,-70.3],[-38.6,-69.1],[-41.6,-68],[-42.6,-67.1],[-42.4,-66],[-40,-64.4],[-39,-64.4],[-34.6,-64.1],[-28.5,-62.4],[-26.1,-62.1],[-24.2,-62.8]]]]}},{"type":"Feature","properties":{},"geometry":{"type":"MultiPolygon","coordinates":[[[[-24.6,-61.8],[-27.6,-62.2],[-30.2,-62.7],[-34.1,-63.1],[-36.5,-63.5],[-38.3,-63.8],[-37.7,-62.6],[-35.4,-60.1],[-34,-58.3],[-32.8,-57.6],[-30.1,-58.7],[-26.8,-59.8],[-22.9,-61.6],[-19.1,-62.5],[-20.1,-62.7],[-23.1,-62.4],[-24.6,-61.8]]]]}},{"type":"Feature","properties":{},"geometry":{"type":"MultiPolygon","coordinates":[[[[-24.4,-62],[-27.6,-62.2],[-24.6,-61.8],[-24.4,-62]]]]}},{"type":"Feature","properties":{},"geometry":{"type":"MultiPolygon","coordinates":[[[[-8.3,-69.5],[-4.9,-68.5],[-2.6,-66.3],[-3.4,-65.3],[-2,-66],[-0.4,-66.9],[0,-67.3],[0.3,-66.7],[1.3,-67.1],[0.8,-67.8],[-0.1,-68.5],[-1,-68.8],[-2.3,-69.2],[-3.9,-69.5],[-6.9,-69.5],[-8.3,-69.5]]]]}},{"type":"Feature","properties":{},"geometry":{"type":"MultiPolygon","coordinates":[[[[-12.3,-57.7],[-17.6,-58.5],[-19.7,-60],[-23.9,-58.5],[-24.7,-56.6],[-25.6,-56],[-25.9,-53.6],[-22.6,-50.2],[-20.8,-49.6],[-18.9,-49.5],[-17.4,-49.6],[-15.5,-48.8],[-14.9,-48],[-13.8,-47.2],[-13.2,-47.1],[-11.6,-44.8],[-11.3,-44.9],[-11.3,-44.8],[-10.8,-44.2],[-8.4,-45.2],[-8.8,-46.8],[-10.8,-50.5],[-11,-53.7],[-11.5,-56.9],[-12.3,-57.7]]]]}},{"type":"Feature","properties":{},"geometry":{"type":"MultiPolygon","coordinates":[[[[14.3,-63.1],[13,-61.9],[13.3,-61],[16,-61.5],[17.2,-62],[14.3,-63.1]]]]}},{"type":"Feature","properties":{},"geometry":{"type":"MultiPolygon","coordinates":[[[[14.3,-63.1],[11.7,-64.3],[9.5,-64.5],[10.9,-63.9],[11.4,-63.1],[11.7,-61.5],[12.7,-61.4],[13.5,-62.9],[14.3,-63.1]]]]}},{"type":"Feature","properties":{},"geometry":{"type":"MultiPolygon","coordinates":[[[[10.3,-63.3],[8.5,-64],[6.4,-64.2],[0.5,-63.6],[-4.6,-62.7],[-4.1,-61.6],[-1.6,-62.1],[0.4,-62],[4.4,-61.5],[9.5,-61.8],[10.5,-62.4],[10.3,-63.3]]]]}},{"type":"Feature","properties":{},"geometry":{"type":"MultiPolygon","coordinates":[[[[28.3,-49.7],[29.6,-49.4],[30.3,-49],[31.7,-48.9],[31.7,-49.6],[31.4,-50],[31.4,-50.9],[30.2,-50.5],[28.3,-49.7]]]]}},{"type":"Feature","properties":{},"geometry":{"type":"MultiPolygon","coordinates":[[[[14.6,-51.4],[10.7,-54.2],[10.7,-53.3],[8.8,-55.5],[7.9,-56.4],[7.1,-57],[6,-57.5],[2.2,-57.5],[-1.6,-57.4],[-6.2,-57],[-2.4,-56.5],[1.9,-55.4],[6,-53],[7.2,-51.8],[8.2,-51.5],[9.3,-49.7],[10.6,-50],[11.3,-50.6],[12.8,-50.1],[13,-50.1],[13.9,-50.7],[13.5,-50.9],[13.9,-51.2],[14.4,-51.3],[14.6,-51.4]]]]}},{"type":"Feature","properties":{},"geometry":{"type":"MultiPolygon","coordinates":[[[[3.3,-41.6],[4.9,-42.4],[6.1,-43.4],[8,-44.5],[9,-46.1],[8.7,-47.9],[8.9,-50.7],[7.5,-51.7],[6,-52.8],[4.2,-54.4],[-0.2,-56.2],[-4.6,-56.7],[-9.3,-57.1],[-11.2,-56.4],[-10.9,-53.2],[-10.6,-49.1],[-7.7,-46.7],[-9.6,-43.9],[-10.2,-42.2],[-10.1,-41.2],[-10.1,-40.5],[-10.1,-40.4],[-9.8,-39.8],[-9.4,-39],[-9.1,-38.5],[-9.1,-38.8],[-8.8,-38.8],[-7.7,-38.5],[-7.6,-38.6],[-7.5,-38.7],[-7.5,-38.5],[-7.5,-38.1],[-7.3,-38.3],[-6.7,-38.1],[-6.9,-37.7],[-5.2,-37.1],[-4.5,-36.8],[-4.1,-36.2],[-4.1,-36.1],[-2.8,-36.1],[-3.2,-37.6],[-1.7,-39.6],[-1.6,-40],[-0.7,-40.4],[0.5,-40.5],[0.8,-40.5],[1.7,-40.5],[1.5,-41],[3.3,-41.6]]]]}},{"type":"Feature","properties":{},"geometry":{"type":"MultiPolygon","coordinates":[[[[10.2,-43.1],[5.4,-42.6],[3.6,-42.1],[2.1,-39.8],[1.2,-40.1],[0.8,-39.9],[-0.4,-39.2],[-1.1,-38.2],[-1.8,-37.4],[-2.2,-36.8],[-2.8,-36.1],[-1.6,-35.7],[2.2,-36.6],[7.1,-39.6],[10.2,-43.1]]]]}},{"type":"Feature","properties":{},"geometry":{"type":"MultiPolygon","coordinates":[[[[23.9,-54.1],[20.9,-54.3],[21.6,-54.1],[20.7,-53.8],[20.8,-53.4],[19.9,-50.3],[23.8,-49.5],[23.9,-52.2],[23.3,-54.2],[23.9,-54.1]]]]}},{"type":"Feature","properties":{},"geometry":{"type":"MultiPolygon","coordinates":[[[[21.5,-21.4],[18.2,-26.7],[15.4,-31.4],[18.5,-32],[21.7,-29.2],[28.3,-29.9],[30.2,-27.9],[31.2,-27.3],[28.2,-32.1],[25.8,-33.7],[25.6,-34.5],[26.5,-34.3],[27.5,-34.2],[29.2,-34.3],[29.6,-35.4],[29.8,-36.8],[29.6,-38.7],[29.2,-39.4],[29.7,-39.6],[30.4,-40],[30,-40.5],[29.6,-40.9],[29.3,-41.9],[28.1,-42],[23.9,-40.7],[20.2,-41.6],[13.9,-38.3],[8.7,-37.1],[3.3,-34.5],[4.1,-33.4],[6.1,-32.4],[6.1,-32.9],[6.7,-32.8],[7.4,-33.1],[7.6,-34.5],[12.7,-33.8],[14.3,-31.9],[12.4,-29.1],[9.7,-27.5],[10.2,-24.9],[11.5,-26.5],[13.1,-25.2],[14.7,-24.1],[17.1,-22.8],[17,-20.8],[13.8,-18.5],[11.3,-19.2],[10.6,-21.6],[13,-18.4],[18.2,-16.2],[21,-20.4],[21.5,-21.4]]]]}},{"type":"Feature","properties":{},"geometry":{"type":"MultiPolygon","coordinates":[[[[7.4,-33],[6.7,-32.4],[6.9,-32.1],[7.5,-32.4],[7.4,-33]]]]}},{"type":"Feature","properties":{},"geometry":{"type":"MultiPolygon","coordinates":[[[[33.2,-28.2],[32.6,-28.7],[32.1,-29.1],[31.9,-28.7],[32.4,-28],[33.2,-28.2]]]]}},{"type":"Feature","properties":{},"geometry":{"type":"MultiPolygon","coordinates":[[[[33.6,-27.9],[33.2,-28.1],[33.4,-27.8],[33.6,-27.9]]]]}},{"type":"Feature","properties":{},"geometry":{"type":"MultiPolygon","coordinates":[[[[32.6,-29],[33.1,-28.7],[32.7,-29],[32.6,-29]]]]}},{"type":"Feature","properties":{},"geometry":{"type":"MultiPolygon","coordinates":[[[[34.5,-33.8],[34.6,-34.8],[34.5,-35.3],[34.1,-35.9],[32.8,-36.6],[30.6,-36.6],[29.9,-34.8],[30.5,-32.7],[32.5,-33.3],[32.7,-34.2],[34.5,-33.8]]]]}},{"type":"Feature","properties":{},"geometry":{"type":"MultiPolygon","coordinates":[[[[38.4,-32.6],[38,-33.6],[37.2,-32.4],[37.8,-31.9],[38.4,-32.6]]]]}},{"type":"Feature","properties":{},"geometry":{"type":"MultiPolygon","coordinates":[[[[41.9,-36.1],[41.3,-36.9],[41.8,-35.9],[41.9,-36.1]]]]}},{"type":"Feature","properties":{},"geometry":{"type":"MultiPolygon","coordinates":[[[[34.5,-37.2],[33.7,-38.4],[32.6,-40.6],[32.2,-40.1],[32.8,-39.2],[32.1,-38.3],[30.9,-37.7],[30.4,-37.2],[30.6,-36.6],[32.8,-36.6],[34.1,-35.9],[34.1,-36.1],[34.5,-37.2]]]]}},{"type":"Feature","properties":{},"geometry":{"type":"MultiPolygon","coordinates":[[[[38.3,-36.5],[34.8,-37.6],[34.6,-36.4],[34.6,-36.1],[36.4,-34.9],[38.2,-35.6],[38.3,-36.5]]]]}},{"type":"Feature","properties":{},"geometry":{"type":"MultiPolygon","coordinates":[[[[35.8,-41.1],[35.3,-42.3],[34,-42.2],[32.3,-41.4],[33,-41.1],[32.6,-40.6],[33.7,-38.4],[34.5,-37.2],[35,-37.7],[35.2,-38],[35.5,-40.2],[35.8,-41.1]]]]}},{"type":"Feature","properties":{},"geometry":{"type":"MultiPolygon","coordinates":[[[[31,-41.8],[29.5,-41.5],[29.9,-40.8],[30.1,-40.1],[29.6,-39.9],[29.4,-39.4],[29.2,-38.9],[30.5,-39],[31,-39.4],[31,-41.8]]]]}},{"type":"Feature","properties":{},"geometry":{"type":"MultiPolygon","coordinates":[[[[30,-37],[29.5,-35.8],[29.5,-34.4],[28,-34.1],[26.8,-34.4],[25.8,-34.5],[25.7,-33.9],[26.9,-33.6],[27.8,-32.8],[28.8,-33.1],[30.4,-33.2],[29.8,-35.5],[30,-37]]]]}},{"type":"Feature","properties":{},"geometry":{"type":"MultiPolygon","coordinates":[[[[40.6,-35.1],[41.5,-37],[42.7,-38.6],[42.4,-41.3],[41.4,-43.8],[39.6,-44.9],[37.1,-45.3],[37.6,-43.6],[39.5,-42.4],[40.4,-40.2],[39.2,-36.7],[38.6,-34.6],[40.2,-34.4],[40.6,-35.1]]]]}},{"type":"Feature","properties":{},"geometry":{"type":"MultiPolygon","coordinates":[[[[43.4,-46.1],[42.1,-46],[38.2,-46.3],[37.7,-46.4],[37.4,-46.3],[36.8,-46.3],[39.6,-44.9],[42.3,-45.1],[43.4,-46.1]]]]}},{"type":"Feature","properties":{},"geometry":{"type":"MultiPolygon","coordinates":[[[[39.8,-31.9],[39.3,-32.9],[37.8,-31.9],[38.4,-31.2],[39.1,-31.1],[39.8,-31.8],[39.8,-31.9]]]]}},{"type":"Feature","properties":{},"geometry":{"type":"MultiPolygon","coordinates":[[[[39.5,-38.7],[38.7,-40.4],[39,-38.1],[39.5,-38.7]]]]}},{"type":"Feature","properties":{},"geometry":{"type":"MultiPolygon","coordinates":[[[[32.1,-40.9],[31,-39.4],[30.5,-37.7],[31,-37.3],[31,-37.9],[32.4,-38.6],[32.7,-39.6],[32.2,-40.3],[32.1,-40.9]]]]}},{"type":"Feature","properties":{},"geometry":{"type":"MultiPolygon","coordinates":[[[[36,-42.2],[35.6,-43.1],[35.1,-44],[35.1,-44.6],[35.2,-45.5],[35,-46],[34.2,-46.9],[31.7,-44.6],[32.4,-41],[32.8,-41.2],[32.9,-41.6],[34.1,-42.7],[36,-42.2]]]]}},{"type":"Feature","properties":{},"geometry":{"type":"MultiPolygon","coordinates":[[[[38.9,-45.3],[35.7,-46],[35.7,-45.2],[36.3,-43.8],[39.1,-42.6],[38.5,-41.6],[38.5,-39.8],[40.3,-39.4],[39.7,-42.4],[38.2,-43.5],[36.5,-45],[38.9,-45.3]]]]}},{"type":"Feature","properties":{},"geometry":{"type":"MultiPolygon","coordinates":[[[[26.2,-51.9],[26.7,-50.8],[26.6,-50.3],[25.8,-51.3],[25.8,-51.8],[25.6,-52.6],[23.8,-53.4],[23.5,-51],[28.1,-49.5],[26.2,-51.9]]]]}},{"type":"Feature","properties":{},"geometry":{"type":"MultiPolygon","coordinates":[[[[6,-37.4],[2.2,-36.6],[-1.6,-35.7],[-3.8,-36.3],[-4.1,-36],[-4.3,-35.1],[-4.3,-34.9],[-4.4,-34.8],[-4.4,-34.7],[-4.4,-34.6],[-3.7,-33.7],[-2.6,-33.6],[-1.9,-33.6],[-1.9,-33.1],[-1.3,-33.3],[-0.8,-33.4],[-0.1,-33.5],[1.8,-33.2],[3.5,-35.3],[6,-37.4]]]]}},{"type":"Feature","properties":{},"geometry":{"type":"MultiPolygon","coordinates":[[[[9,-20.7],[7.7,-22.6],[6.8,-23.8],[5.2,-26.3],[4.4,-25.8],[4.4,-24.9],[6.3,-22.7],[7.3,-21.6],[8.1,-21],[8.8,-20.6],[9,-20.7]]]]}},{"type":"Feature","properties":{},"geometry":{"type":"MultiPolygon","coordinates":[[[[7.5,-23],[8.8,-21.1],[9.4,-20.6],[9.1,-21.2],[8.8,-21.8],[8.6,-22.1],[8.3,-22.7],[7.9,-23.6],[7.7,-23],[7.5,-23]]]]}},{"type":"Feature","properties":{},"geometry":{"type":"MultiPolygon","coordinates":[[[[9.9,-19.8],[8.9,-20.6],[8.3,-21],[7.9,-20.9],[8.3,-20.3],[8.9,-19.7],[9.6,-19.3],[9.8,-19.6],[9.9,-19.8]]]]}},{"type":"Feature","properties":{},"geometry":{"type":"MultiPolygon","coordinates":[[[[9.5,-19.3],[8.5,-19.4],[7.8,-20.2],[6.9,-21],[6.9,-20],[7.5,-18.7],[8.1,-17.2],[8.7,-18.2],[9.1,-18.8],[9.5,-19.3]]]]}},{"type":"Feature","properties":{},"geometry":{"type":"MultiPolygon","coordinates":[[[[6.7,-21.3],[6.3,-21.2],[6.4,-20.3],[6.6,-19.3],[6.9,-20],[6.7,-21.3]]]]}},{"type":"Feature","properties":{},"geometry":{"type":"MultiPolygon","coordinates":[[[[8.1,-17.2],[7.5,-18.7],[5.6,-19.8],[6.4,-18.5],[8.1,-17.2]]]]}},{"type":"Feature","properties":{},"geometry":{"type":"MultiPolygon","coordinates":[[[[0.3,-21.7],[0.2,-21.5],[1.2,-20.6],[2.4,-19.6],[3.6,-18.8],[3.5,-19],[2.4,-19.8],[1.5,-20.7],[0.3,-21.7]]]]}},{"type":"Feature","properties":{},"geometry":{"type":"MultiPolygon","coordinates":[[[[6.7,-17.1],[6,-17.9],[5,-18.6],[3.7,-19.4],[2.6,-20.7],[1.7,-21.1],[1.2,-21.3],[0.5,-21.8],[0.9,-21.1],[1.9,-20.4],[2.9,-19.5],[4.1,-18.6],[5.2,-17.8],[6.3,-16.5],[6.3,-16.9],[6.7,-17.1]]]]}},{"type":"Feature","properties":{},"geometry":{"type":"MultiPolygon","coordinates":[[[[5.2,-17.8],[4,-18.5],[3.2,-18.2],[4,-17.7],[4.8,-17.4],[5.2,-17.8]]]]}},{"type":"Feature","properties":{},"geometry":{"type":"MultiPolygon","coordinates":[[[[4.8,-17.4],[4,-17.7],[3.2,-18.2],[2.5,-18.5],[3.2,-17.4],[3.7,-17],[4.1,-17.3],[4.7,-17.1],[4.8,-17],[4.8,-17.4]]]]}},{"type":"Feature","properties":{},"geometry":{"type":"MultiPolygon","coordinates":[[[[3.6,-16.8],[3.4,-17.2],[3.2,-17.4],[2.5,-18.5],[2.3,-19.4],[1.9,-20.1],[1.4,-20.2],[0.4,-20.8],[-0.8,-21.4],[-1.1,-21.4],[0.1,-19.9],[1.2,-19],[2.6,-17.6],[3.5,-16.7],[3.6,-16.8]]]]}},{"type":"Feature","properties":{},"geometry":{"type":"MultiPolygon","coordinates":[[[[4.1,-18.6],[3.1,-19.1],[1.9,-20.3],[0.5,-21.1],[-0.3,-21.9],[-0.9,-22],[-0.8,-21.4],[0.4,-20.8],[1.4,-20.2],[1.9,-20.1],[2.3,-19.4],[3.2,-18.2],[4,-18.5],[4.1,-18.6]]]]}},{"type":"Feature","properties":{},"geometry":{"type":"MultiPolygon","coordinates":[[[[4,-16],[2.6,-17.6],[1.2,-19],[0.1,-19.9],[-1.1,-21.4],[-2.1,-20.3],[0,-19.1],[1.7,-17.4],[3.6,-15.9],[4,-16]]]]}},{"type":"Feature","properties":{},"geometry":{"type":"MultiPolygon","coordinates":[[[[-2,-6],[-5.9,-7.3],[-9.1,-6.3],[-9.8,-7.1],[-10.4,-9.3],[-10.7,-11.6],[-12.8,-14.7],[-16.9,-17.1],[-17.9,-18.7],[-18.2,-21.1],[-18.2,-20.2],[-18.2,-19.9],[-18.2,-19],[-18.2,-18.7],[-18.4,-18.4],[-18.2,-18.2],[-18.2,-17.9],[-18.1,-17.9],[-17.9,-17.8],[-17.8,-17.8],[-17.9,-17.7],[-18,-17.7],[-17.7,-17.3],[-17.5,-17.1],[-17.4,-16.8],[-17.6,-16.6],[-17.4,-16.4],[-17.4,-16.1],[-17.5,-15.8],[-17.5,-15.6],[-17.5,-15.3],[-17.4,-15.1],[-17.3,-15],[-17.2,-14.9],[-17.3,-14.6],[-17.4,-14.3],[-17,-14.2],[-16.8,-14.3],[-16.9,-14],[-17,-14],[-16.7,-14],[-16.8,-13.8],[-17.3,-13.3],[-16.9,-13.1],[-17.2,-13],[-17.2,-12.4],[-17.1,-12.6],[-17,-12.6],[-17.1,-12.5],[-16.8,-12.1],[-16.4,-11.9],[-16.1,-12.3],[-15.7,-12.7],[-16.4,-12.1],[-16.2,-11.7],[-15.9,-11.6],[-15.2,-11.4],[-14.2,-10.7],[-12.7,-9.6],[-11.6,-8.2],[-11.2,-8],[-10.9,-7.8],[-10.8,-7.4],[-10.7,-6.7],[-10.2,-6.2],[-9,-6],[-8,-5.8],[-6.8,-5.7],[-4.5,-5.2],[-2,-5.5],[0.4,-5.4],[0.7,-5.2],[-2,-6]]]]}},{"type":"Feature","properties":{},"geometry":{"type":"MultiPolygon","coordinates":[[[[4.7,-17],[4.3,-17.4],[3.8,-17],[3.4,-17],[3.8,-16.8],[4.3,-16.3],[4.4,-16.5],[4.6,-16.9],[4.7,-17]]]]}},{"type":"Feature","properties":{},"geometry":{"type":"MultiPolygon","coordinates":[[[[7.4,-17.4],[4.8,-20.3],[3.5,-21.3],[4,-20.1],[5.6,-18.8],[6.5,-18],[7.4,-17.4]]]]}},{"type":"Feature","properties":{},"geometry":{"type":"MultiPolygon","coordinates":[[[[6.8,-22.1],[5.8,-22.9],[4.4,-25.2],[4.6,-26],[5.3,-26.3],[3.2,-32.1],[1.8,-30],[1.6,-29],[0.2,-28.2],[-2,-27.9],[-3.2,-26.3],[-3.6,-25],[-2.6,-23.3],[-3.1,-21.6],[-2.2,-20.6],[-1.1,-22],[-0.5,-22.1],[0.1,-21.7],[0.7,-21.5],[1.3,-21.2],[2,-20.9],[2.9,-21.2],[3.7,-21.5],[4,-22.4],[5,-22],[6.3,-21.2],[6.7,-21.3],[6.8,-21.7],[6.8,-22.1]]]]}},{"type":"Feature","properties":{},"geometry":{"type":"MultiPolygon","coordinates":[[[[-20.1,-36],[-22.5,-38.7],[-22.9,-42],[-22.3,-43.9],[-23.7,-45.1],[-24.4,-42.9],[-25.9,-41],[-25.9,-39.7],[-24.3,-38.9],[-24.6,-38.2],[-21.7,-36.1],[-20.1,-36]]]]}},{"type":"Feature","properties":{},"geometry":{"type":"MultiPolygon","coordinates":[[[[-11,-34.2],[-12.1,-35],[-14.2,-35.6],[-18.1,-36.2],[-18.6,-35.2],[-11.6,-32.5],[-10.5,-32.9],[-11,-34.2]]]]}},{"type":"Feature","properties":{},"geometry":{"type":"MultiPolygon","coordinates":[[[[-23.7,-45.1],[-25.5,-43.2],[-25.6,-41.3],[-23.8,-43.1],[-23.7,-45.1]]]]}},{"type":"Feature","properties":{},"geometry":{"type":"MultiPolygon","coordinates":[[[[-29.6,-40.5],[-27.9,-40.8],[-27.4,-42.9],[-25.7,-44.9],[-27.5,-45.6],[-30.5,-45.6],[-33.8,-45.9],[-37.6,-46.8],[-39.5,-46],[-37.2,-45],[-34.6,-43.8],[-31.9,-42.6],[-30.5,-41.3],[-29.6,-40.5]]]]}},{"type":"Feature","properties":{},"geometry":{"type":"MultiPolygon","coordinates":[[[[-8.4,-30.4],[-10.7,-30.1],[-10.2,-30.1],[-9.9,-30.1],[-9.2,-30.1],[-8.4,-30.4]]]]}},{"type":"Feature","properties":{},"geometry":{"type":"MultiPolygon","coordinates":[[[[-3.7,-34.9],[-8.2,-34.6],[-10.9,-34],[-10.3,-32.1],[-7.8,-31],[-6.9,-31.8],[-6.6,-32.3],[-5.9,-32.9],[-4.9,-33.3],[-4,-33.5],[-3.8,-34.1],[-3.8,-34.6],[-3.7,-34.9]]]]}},{"type":"Feature","properties":{},"geometry":{"type":"MultiPolygon","coordinates":[[[[-52.4,-51.7],[-53.4,-55.9],[-54.6,-55.5],[-54.9,-55.9],[-54.8,-56.2],[-54.7,-52.5],[-53.5,-51.2],[-52.4,-51.7]]]]}},{"type":"Feature","properties":{},"geometry":{"type":"MultiPolygon","coordinates":[[[[-46.4,-41.5],[-49.7,-45.1],[-54.6,-49.8],[-54.8,-47.3],[-51.1,-42.8],[-47.1,-40.9],[-46.4,-41.5]]]]}},{"type":"Feature","properties":{},"geometry":{"type":"MultiPolygon","coordinates":[[[[-55.2,-50.2],[-59.1,-53.5],[-58.2,-51.4],[-55.2,-50.2]]]]}},{"type":"Feature","properties":{},"geometry":{"type":"MultiPolygon","coordinates":[[[[-25.1,15.5],[-25.4,15.6],[-27.5,15.2],[-29.9,15.5],[-30.6,15.6],[-30.1,16.1],[-28.9,16],[-27.4,15.8],[-26,16],[-25.6,16],[-25.2,15.9],[-25.1,15.5]]]]}},{"type":"Feature","properties":{},"geometry":{"type":"MultiPolygon","coordinates":[[[[-3.9,16.9],[-3.8,16.6],[-4.5,16.5],[-5.1,16.6],[-5.5,16.6],[-5.4,16.8],[-5.3,17.5],[-4.6,17.5],[-4.1,17.1],[-3.9,16.9]]]]}},{"type":"Feature","properties":{},"geometry":{"type":"MultiPolygon","coordinates":[[[[-6.3,17.2],[-6.4,17.5],[-5.8,17.7],[-6.3,17.2]]]]}},{"type":"Feature","properties":{},"geometry":{"type":"MultiPolygon","coordinates":[[[[-4.1,18.4],[-4.4,18.4],[-4.5,18.7],[-4.1,18.4]]]]}},{"type":"Feature","properties":{},"geometry":{"type":"MultiPolygon","coordinates":[[[[-1.7,15],[-1.9,14.6],[-1.9,14.3],[-2.3,14.2],[-2.3,15],[-2.4,15.3],[-2.1,15.2],[-1.8,15],[-1.7,15]]]]}},{"type":"Feature","properties":{},"geometry":{"type":"MultiPolygon","coordinates":[[[[-2,13.9],[-2.1,13.8],[-2.3,13.4],[-2.1,13.3],[-2.2,13.1],[-2.4,12.9],[-2.6,12.9],[-2.5,12.7],[-2.1,12.9],[-2.1,12],[-1.7,10.3],[-1.4,8.6],[-1.6,8.5],[-1.6,8.7],[-1.6,8.9],[-1.7,8.8],[-1.7,8.4],[-1.7,8.3],[-1.7,8],[-1.7,8.2],[-1.6,7.7],[-1.9,8],[-2.2,9.3],[-2.5,10.1],[-2.6,11.4],[-2.8,12.3],[-2.7,13.2],[-2.3,14.1],[-2,13.9]]]]}},{"type":"Feature","properties":{},"geometry":{"type":"MultiPolygon","coordinates":[[[[4.3,2.8],[3.8,2.5],[4,2.5],[4,2.3],[2.6,1.3],[2.8,1.7],[3.4,2.5],[3.7,2.8],[4,2.9],[4.3,2.9],[4.3,2.8]]]]}},{"type":"Feature","properties":{},"geometry":{"type":"MultiPolygon","coordinates":[[[[2.4,4.3],[2.3,4.2],[2.2,4.1],[1.8,3.7],[1.5,3.4],[0.9,3.4],[0.8,3.5],[0.3,3.5],[-0.3,3.8],[-1.4,4],[-2.5,4.1],[-2.6,4.2],[-2.2,4.4],[-2.2,4.1],[-2,4.3],[-2.1,4.6],[-1.7,4.6],[-1.8,4.8],[-2,4.7],[-2.2,5.3],[-1.5,5.7],[-1.1,5.9],[-1.1,5.8],[-0.9,5.3],[-0.5,5],[-0.2,4.7],[0,4.7],[-0.2,4.8],[0.3,5.3],[1.8,5],[2.4,4.3]]]]}},{"type":"Feature","properties":{},"geometry":{"type":"MultiPolygon","coordinates":[[[[3.4,2.6],[2.5,1.4],[1.6,1],[2.1,1.6],[1.9,1.6],[2.3,2.1],[2.5,2],[2.6,2.3],[2.7,2.4],[2.7,2.5],[2.8,2.9],[3.1,3.7],[3.5,3.9],[3.9,4.4],[4.3,4.3],[4.4,4.4],[4,4.2],[4,3.6],[3.8,3.4],[3.6,3],[3.5,2.8],[3.4,2.6]]]]}},{"type":"Feature","properties":{},"geometry":{"type":"MultiPolygon","coordinates":[[[[0,2.5],[-1.1,3.2],[-0.1,2.8],[0,2.5]]]]}},{"type":"Feature","properties":{},"geometry":{"type":"MultiPolygon","coordinates":[[[[-1.7,2.8],[-1.7,2.6],[-1.6,2.1],[-2,2.2],[-2.7,2.4],[-3.2,2.4],[-3.7,2.2],[-4.2,2],[-4.8,1.5],[-5.5,0.8],[-6.1,0.3],[-6.6,0.2],[-7.2,-0.2],[-7.8,-0.5],[-8,-0.7],[-8.1,-0.9],[-8.7,-1.9],[-10,-2.2],[-13.6,-3],[-16.6,-4.1],[-15.9,-3.3],[-13.5,-1.6],[-12.2,-0.5],[-11.5,-0.5],[-10.6,0],[-10.8,0.2],[-10.3,0.4],[-11.3,0.3],[-11.2,0.4],[-10.6,0.9],[-10.3,1.4],[-9.7,1.8],[-9.2,1.8],[-8.6,2.4],[-8.2,2.3],[-8.1,1.9],[-7.6,1.9],[-7.1,1.7],[-6.6,1.7],[-5.5,2.4],[-5.7,2.1],[-6.2,1.7],[-6.5,1.6],[-4.6,2.7],[-1.9,2.9],[-1.7,2.8]]]]}},{"type":"Feature","properties":{},"geometry":{"type":"MultiPolygon","coordinates":[[[[-11.5,0.2],[-11.3,0.3],[-11.4,0.1],[-11.5,0.2]]]]}},{"type":"Feature","properties":{},"geometry":{"type":"MultiPolygon","coordinates":[[[[-12,28.1],[-14,27.3],[-14.9,26.3],[-16.9,25.4],[-17.6,25.7],[-18,26.2],[-15.5,29.3],[-14.3,29.8],[-13.8,29.5],[-13.8,29.3],[-13.8,28.8],[-13.7,28.6],[-14,28.7],[-14.1,28.2],[-13.9,28.3],[-13.9,28.2],[-13.8,28.2],[-13.7,28.3],[-13.6,28.6],[-13,29],[-12.7,28.8],[-12.5,28.8],[-12.4,28.8],[-12.3,29.1],[-12.5,28.9],[-12.7,29.1],[-12.9,29.1],[-13.1,29.4],[-11.8,29.3],[-12.1,28.7],[-11.9,28.5],[-12,28.1]]]]}},{"type":"Feature","properties":{},"geometry":{"type":"MultiPolygon","coordinates":[[[[-17.9,25.7],[-18.2,25.9],[-18.1,26],[-18,26.1],[-17.9,25.7]]]]}},{"type":"Feature","properties":{},"geometry":{"type":"MultiPolygon","coordinates":[[[[-27.6,15.8],[-28.9,16],[-30.5,16.2],[-30.2,17.3],[-29.9,18.2],[-29.3,18.4],[-27.9,17.7],[-27.3,16.2],[-27.6,15.8]]]]}},{"type":"Feature","properties":{},"geometry":{"type":"MultiPolygon","coordinates":[[[[-27,15.8],[-27.6,15.9],[-27.3,16.9],[-28.6,18.1],[-29.8,18.3],[-29.7,18.8],[-28.6,18.4],[-27.4,17.6],[-26.9,16.7],[-27,15.8]]]]}},{"type":"Feature","properties":{},"geometry":{"type":"MultiPolygon","coordinates":[[[[-3,3.9],[-3.9,3.4],[-4.1,3.4],[-4.3,3.2],[-4.7,2.9],[-5.1,2.6],[-5.2,2.6],[-6.4,1.8],[-6.9,1.8],[-7.4,1.7],[-7.2,2.9],[-7.1,3.8],[-6.6,4.4],[-6.3,5.8],[-5.3,5],[-5.1,4.4],[-4.3,4.6],[-3.5,4.7],[-3,3.9]]]]}},{"type":"Feature","properties":{},"geometry":{"type":"MultiPolygon","coordinates":[[[[-19.2,33],[-19.6,33.2],[-19.5,33],[-19.2,32.5],[-18.7,31.9],[-19.1,32.2],[-19.8,32],[-20,31.5],[-21.1,30.2],[-21.4,30.3],[-21.9,30.1],[-22.5,29.9],[-22.9,29.1],[-23.4,28.7],[-24,28.4],[-25.4,27.6],[-26.3,26.4],[-26.8,26.4],[-28.3,26.2],[-28.4,26.6],[-28.1,27],[-26.9,27.9],[-25.8,28.3],[-24.3,28.8],[-23.5,29.3],[-23.2,29.7],[-23.7,29.9],[-22.9,30.1],[-22,30.7],[-21.2,31.4],[-20.8,32.1],[-21.1,31.7],[-22.1,30.9],[-22.8,30.7],[-21.9,31.2],[-21.1,31.9],[-21.1,32.4],[-20.3,33],[-20.9,35.1],[-18.8,37.6],[-19.8,35.6],[-19.5,33.6],[-19.3,33.4],[-19.2,33]]]]}},{"type":"Feature","properties":{},"geometry":{"type":"MultiPolygon","coordinates":[[[[-6.3,28.9],[-7,28.6],[-7.4,28.7],[-7,28.6],[-6.9,29],[-6.5,29],[-6.3,28.9]]]]}},{"type":"Feature","properties":{},"geometry":{"type":"MultiPolygon","coordinates":[[[[-11.7,27.7],[-12.8,27.1],[-14.3,26.2],[-15.7,25.1],[-16.3,25.3],[-14.9,26.3],[-14,27.3],[-12,28.1],[-11.7,27.7]]]]}},{"type":"Feature","properties":{},"geometry":{"type":"MultiPolygon","coordinates":[[[[-9.9,29],[-9.5,29.2],[-9.6,29],[-9.7,28.5],[-10,28.8],[-9.9,29]]]]}},{"type":"Feature","properties":{},"geometry":{"type":"MultiPolygon","coordinates":[[[[-11.2,28.5],[-10.9,28.6],[-10.4,28.7],[-10.4,28.5],[-10.3,28.3],[-10.9,28.4],[-11.2,28.5]]]]}},{"type":"Feature","properties":{},"geometry":{"type":"MultiPolygon","coordinates":[[[[-7.8,30.2],[-6.2,31.2],[-5.7,31.1],[-5.8,30.7],[-5.9,30.6],[-6.4,30.5],[-6.5,30],[-6.6,29.6],[-6.9,29.4],[-7.3,29.3],[-7.5,29.6],[-7.9,29.4],[-7.8,30.2]]]]}},{"type":"Feature","properties":{},"geometry":{"type":"MultiPolygon","coordinates":[[[[-5.1,30.4],[-5.6,29.6],[-6.1,29],[-6.4,29.1],[-6,29.5],[-5.3,30.6],[-5.1,30.4]]]]}},{"type":"Feature","properties":{},"geometry":{"type":"MultiPolygon","coordinates":[[[[-16.4,36.2],[-17.2,35.4],[-16.3,32.9],[-15.7,31.4],[-16.4,30.7],[-17.9,30],[-19.2,29.2],[-19.9,28.3],[-20.2,28],[-21.1,27.2],[-21.4,27.1],[-21.7,27.3],[-21.8,27.1],[-22.9,26.4],[-24.9,26.5],[-25.6,27.3],[-24.6,28],[-23.5,28.6],[-22.9,29],[-22.5,29.6],[-22.1,30.1],[-21.4,30.5],[-21.2,30.1],[-19.9,31.5],[-18.9,31.3],[-19.7,31.2],[-19.7,31.1],[-18.8,30.9],[-18.5,31.2],[-18,30.5],[-18,30.8],[-17.6,30.8],[-17.4,31],[-17.4,31.1],[-17.9,31.5],[-17.8,31.8],[-17.4,31.9],[-18.5,32.5],[-18.8,32.7],[-19.2,33],[-19.4,33.4],[-19.5,33.8],[-19.4,36.3],[-17.8,37],[-17,36.6],[-16.4,36.3],[-16.7,36.2],[-16.4,36.2]]]]}},{"type":"Feature","properties":{},"geometry":{"type":"MultiPolygon","coordinates":[[[[-10.7,20.7],[-11.2,21],[-11.2,20.6],[-11.5,20.7],[-11.6,20.6],[-11.7,20.6],[-11.8,20.6],[-12,20.5],[-12.2,20.5],[-12.3,20.5],[-12.7,20.3],[-12.9,20],[-13.7,20.2],[-18.3,22.1],[-17.4,22],[-16.5,22.2],[-14.9,22.5],[-13.7,21.9],[-11.6,21.5],[-10.7,20.7]]]]}},{"type":"Feature","properties":{},"geometry":{"type":"MultiPolygon","coordinates":[[[[-19.9,19],[-19.8,18.9],[-20,18.5],[-20,18.3],[-20.7,18],[-21.1,17.7],[-21.6,18.4],[-22.8,18.3],[-22.8,18.4],[-21.9,19],[-21.3,19.2],[-21.3,18.8],[-21,18.8],[-20.2,19],[-20,19],[-19.9,19]]]]}},{"type":"Feature","properties":{},"geometry":{"type":"MultiPolygon","coordinates":[[[[-27.4,22.2],[-28.9,24.4],[-26.3,26.1],[-23.8,26.4],[-24.3,25.8],[-26.9,23.4],[-27.4,22.2]]]]}},{"type":"Feature","properties":{},"geometry":{"type":"MultiPolygon","coordinates":[[[[-2.7,15.7],[-3.3,15.9],[-4.4,16.2],[-5.1,16.3],[-5.7,16],[-5.6,16.1],[-5.9,16.2],[-5.3,16.6],[-4.7,16.4],[-4,16.4],[-4.1,16.9],[-3.7,16.9],[-3.2,16.9],[-2.9,16.3],[-2.7,16],[-2.5,15.9],[-2.7,15.7]]]]}},{"type":"Feature","properties":{},"geometry":{"type":"MultiPolygon","coordinates":[[[[-15.2,17.6],[-16.8,18.2],[-17.2,17.9],[-18.2,18.6],[-18.8,18.7],[-18.7,18.9],[-19,19],[-19.2,19.1],[-18.8,19.4],[-17.8,19.5],[-16.4,18.5],[-15.3,17.8],[-15.2,17.6]]]]}},{"type":"Feature","properties":{},"geometry":{"type":"MultiPolygon","coordinates":[[[[-19.3,19.2],[-19.6,19.3],[-20.1,19.2],[-21.1,19.1],[-21.7,19],[-22.5,18.6],[-24.1,17.2],[-24.8,16.5],[-24.7,14.7],[-25.3,13],[-25.6,13],[-25.1,14.6],[-25.1,15.5],[-25.2,16.3],[-24.8,17],[-23.3,18.2],[-22.1,19.2],[-21.1,19.6],[-19.2,19.7],[-19.3,19.4],[-19.3,19.2]]]]}},{"type":"Feature","properties":{},"geometry":{"type":"MultiPolygon","coordinates":[[[[-14.1,17.1],[-15.9,17],[-17.1,16.9],[-17.8,17.2],[-18.3,17.5],[-18.7,18],[-18.6,18.4],[-19.2,18.7],[-19.4,18.9],[-19.2,19.1],[-19,19],[-18.7,18.9],[-18.8,18.7],[-18.2,18.6],[-17.2,17.9],[-16.8,18.2],[-15.2,17.6],[-14.2,17.3],[-14.1,17.1]]]]}},{"type":"Feature","properties":{},"geometry":{"type":"MultiPolygon","coordinates":[[[[-19.6,19.1],[-19.8,19.1],[-19.4,19.1],[-19.6,19.1]]]]}},{"type":"Feature","properties":{},"geometry":{"type":"MultiPolygon","coordinates":[[[[-19.8,19.1],[-21.2,19],[-21.4,19],[-21.1,19.1],[-20.1,19.2],[-19.6,19.3],[-19.9,19.1],[-19.8,19.1]]]]}},{"type":"Feature","properties":{},"geometry":{"type":"MultiPolygon","coordinates":[[[[-21.1,23.6],[-21.6,23.7],[-21.8,23.4],[-21.6,23.4],[-20.9,23.3],[-21.2,21.4],[-21.6,21.2],[-22.3,21.1],[-23.6,21.2],[-24.3,21.3],[-25.3,21.3],[-25.8,21.5],[-25.2,23.1],[-23.7,24.7],[-21.8,25.5],[-19.8,25.9],[-19.3,26],[-17.9,25.7],[-16.8,25.5],[-18.5,25.4],[-19.3,25.5],[-20.3,24.7],[-21.1,23.6]]]]}},{"type":"Feature","properties":{},"geometry":{"type":"MultiPolygon","coordinates":[[[[-25.8,21.4],[-27.6,20.9],[-29,20.4],[-28.8,21.8],[-27.4,22.2],[-25.7,21.8],[-25.8,21.4]]]]}},{"type":"Feature","properties":{},"geometry":{"type":"MultiPolygon","coordinates":[[[[-13.2,19.8],[-13.9,19.3],[-14.3,18.7],[-14.4,18.3],[-14.3,18.1],[-13.9,17.8],[-14.3,17.3],[-15.3,17.8],[-16.4,18.5],[-17.8,19.5],[-18.2,19.7],[-18.2,19.9],[-18.8,19.8],[-19.2,19.7],[-21.1,19.6],[-22.1,19.2],[-22.1,19.6],[-22.3,20.8],[-22,21.2],[-21.4,21.4],[-19,21.9],[-18.4,22.1],[-13.4,19.9],[-13.2,19.8]]]]}},{"type":"Feature","properties":{},"geometry":{"type":"MultiPolygon","coordinates":[[[[-15.2,1.3],[-17.9,0.4],[-16,2.9],[-15.3,3.5],[-15.1,2.9],[-15.6,2],[-15.7,1.7],[-15.1,1.8],[-15.2,1.3]]]]}},{"type":"Feature","properties":{},"geometry":{"type":"MultiPolygon","coordinates":[[[[-28.2,27.1],[-27.7,27.8],[-26.9,29.1],[-26.3,30.1],[-25.7,30.2],[-24.8,30.6],[-23.8,31.3],[-22.9,32.1],[-22.5,33.1],[-22.4,34],[-22.7,34.6],[-22.8,35.3],[-22,36.4],[-21.3,37.1],[-20.5,37.5],[-19.5,37.8],[-19.4,37.3],[-20.8,34.3],[-20.4,32.7],[-21.2,32.3],[-21.2,31.8],[-22.2,30.9],[-22.8,30.7],[-21.9,31],[-21,31.7],[-20.8,32.1],[-21.5,31.2],[-22.2,30.6],[-23.3,30],[-23.8,29.8],[-23.2,29.7],[-23.6,29.3],[-24.4,28.7],[-25.9,28.2],[-27.1,27.4],[-28.2,27.1]]]]}},{"type":"Feature","properties":{},"geometry":{"type":"MultiPolygon","coordinates":[[[[-20.5,17.9],[-20.6,17.7],[-20.6,17.6],[-21.1,17.7],[-20.6,18],[-20.5,17.9]]]]}},{"type":"Feature","properties":{},"geometry":{"type":"MultiPolygon","coordinates":[[[[-21.1,17.7],[-22.5,15.9],[-23.6,14.6],[-23.9,13.6],[-24.2,13.2],[-24.8,11.9],[-26.4,10.1],[-27,11.1],[-25.5,12.8],[-24.8,14.1],[-24.8,16.2],[-24.3,17.1],[-23,18.2],[-22.2,18.4],[-21,18],[-21.1,17.7]]]]}},{"type":"Feature","properties":{},"geometry":{"type":"MultiPolygon","coordinates":[[[[2.7,4.3],[2.5,4.2],[2.6,4.3],[2.2,4.5],[1.5,5.1],[0,5.4],[-0.2,4.8],[0,4.8],[-0.2,4.9],[-0.6,4.8],[-1.1,5.6],[-1,5.9],[-1.1,5.9],[-2,5.3],[-2.7,4.9],[-2,4.7],[-1.7,4.7],[-2.1,4.5],[-2,4.3],[-2.3,4.2],[-2.3,4.5],[-2.6,4.2],[-2.8,4],[-3.1,4.2],[-3.6,4.6],[-4.4,4.6],[-5.1,4.5],[-5.8,6.1],[-5.3,6.4],[-4.7,6.5],[-3.8,6.7],[-3.1,6.8],[-2.5,6.9],[-2.3,7.1],[-1.9,7.7],[-1.3,7.4],[-1.4,7.3],[-1.2,7.3],[-0.9,7.1],[0.5,6.9],[0.7,7],[1.7,7],[3.1,7.3],[2.9,7.2],[2.6,7.1],[2.1,6.9],[1.9,6.6],[1.7,6.5],[2,6.7],[2.6,7],[3.5,7.1],[3.6,6.8],[3.5,6.5],[3.9,6.7],[3.9,6.6],[4.2,6.4],[4.4,6.2],[4.4,6],[4.3,5.9],[4.1,5.7],[4.4,5.5],[4.2,5.5],[4.4,5.2],[4.4,5.1],[4.3,4.9],[4.2,4.8],[3.7,4.5],[3.3,4.4],[3,4.4],[2.8,4.4],[2.7,4.3]]]]}},{"type":"Feature","properties":{},"geometry":{"type":"MultiPolygon","coordinates":[[[[-32.1,-5.2],[-33,-4.9],[-33.2,-4.7],[-34.2,-4.2],[-34.6,-3.7],[-35,-2.9],[-35.1,-2.8],[-35.3,-2.6],[-35.8,-1.7],[-35.7,-1.6],[-35.2,-2],[-34.6,-1.8],[-33.8,-2.2],[-33.2,-2.8],[-32.3,-3.8],[-32.1,-5.2]]]]}},{"type":"Feature","properties":{},"geometry":{"type":"MultiPolygon","coordinates":[[[[-26.6,9.5],[-26.3,8.5],[-25.7,6.1],[-26.6,7.3],[-28.1,8.1],[-30,8.1],[-28.4,9.3],[-27,11.1],[-26.6,9.5]]]]}},{"type":"Feature","properties":{},"geometry":{"type":"MultiPolygon","coordinates":[[[[-16.7,7.5],[-16.4,7.7],[-16.5,7.5],[-16.8,7.5],[-16.7,7.5]]]]}},{"type":"Feature","properties":{},"geometry":{"type":"MultiPolygon","coordinates":[[[[-17.6,7.4],[-19.5,7],[-18.9,6.7],[-17.4,6.5],[-18.3,6.2],[-19.6,6.6],[-19.8,6.4],[-21.4,5.5],[-21.6,5.1],[-22.2,4.4],[-23.3,3.6],[-24.3,3.4],[-25.8,3.5],[-26.9,2.6],[-27.6,2.4],[-26.8,3],[-25.8,3.6],[-25.1,4.1],[-22.8,4.4],[-22,5.3],[-21.8,5.9],[-21.5,6.3],[-20.6,6.8],[-20,7],[-19.2,7.9],[-18.7,8],[-17.6,7.4]]]]}},{"type":"Feature","properties":{},"geometry":{"type":"MultiPolygon","coordinates":[[[[-15,4.1],[-15.6,4],[-16.5,4.5],[-16.5,4.7],[-16.5,5.1],[-15.5,4.7],[-15.1,4.2],[-15,4.1]]]]}},{"type":"Feature","properties":{},"geometry":{"type":"MultiPolygon","coordinates":[[[[-15.4,3.5],[-16.4,2.3],[-16.4,3.4],[-16,3.8],[-15.5,3.8],[-15.4,3.5]]]]}},{"type":"Feature","properties":{},"geometry":{"type":"MultiPolygon","coordinates":[[[[-38.9,11.9],[-41.2,12.3],[-41.9,13.8],[-41.7,14.6],[-41.5,15.5],[-42,16.6],[-41.4,17.7],[-40.2,17.5],[-38.2,15.3],[-36,14],[-38.2,14.1],[-39.8,13.6],[-38.9,11.9]]]]}},{"type":"Feature","properties":{},"geometry":{"type":"MultiPolygon","coordinates":[[[[-42.1,6.7],[-42,5.4],[-41.5,4.8],[-41.5,4],[-40.4,1.5],[-39.6,0.3],[-38.8,-1.6],[-37.7,-2.4],[-38.6,-4.2],[-39.6,-4],[-41,-0.1],[-41.7,3.2],[-42.1,4.4],[-42.4,5],[-42.7,5.7],[-42.5,6.5],[-42.4,7.2],[-42.3,7.6],[-42.1,6.7]]]]}},{"type":"Feature","properties":{},"geometry":{"type":"MultiPolygon","coordinates":[[[[-39.9,10.7],[-41.3,9.3],[-42.4,10.4],[-43.4,10.6],[-42.4,11.9],[-42,13.8],[-41.7,14.6],[-41.9,13.8],[-41.2,12.3],[-39.9,10.7]]]]}},{"type":"Feature","properties":{},"geometry":{"type":"MultiPolygon","coordinates":[[[[1.1,7.5],[0.5,7.1],[0.1,7.8],[0.1,10.3],[-0.1,12.2],[-0.1,12.5],[-0.1,12.7],[0,13],[0.2,12.9],[0,13.3],[0.2,13.4],[0.2,13.6],[0.3,13.7],[0.4,13.7],[0.6,12.4],[0.7,11],[0.8,9.5],[0.8,8],[1.1,7.5]]]]}},{"type":"Feature","properties":{},"geometry":{"type":"MultiPolygon","coordinates":[[[[-56.7,-49.9],[-58.7,-53.3],[-59.8,-52],[-58.9,-48.4],[-58,-47.4],[-56.7,-49.9]]]]}},{"type":"Feature","properties":{},"geometry":{"type":"MultiPolygon","coordinates":[[[[35.8,-31.4],[35,-31.9],[35.1,-32.7],[34.4,-33.2],[34.1,-32.5],[34.2,-31.5],[34.1,-31.1],[33.8,-29.6],[33.6,-28.7],[33.2,-28.6],[33.5,-28.4],[33.6,-28.2],[34,-27.8],[34.2,-27.5],[34.2,-28.4],[34.3,-29.7],[34.8,-30.8],[35.8,-31.4]]]]}},{"type":"Feature","properties":{},"geometry":{"type":"MultiPolygon","coordinates":[[[[22,12.6],[22.3,12.5],[22.4,12.5],[22.7,12.3],[23.2,12.6],[23.5,12.3],[23.6,12.5],[23.9,13],[24.1,13.2],[24,13],[24.2,13.2],[24.7,13.2],[25.2,13.1],[25.3,13.1],[25.6,13.9],[27.4,13],[26.2,11.5],[24.4,8.8],[22.2,6.1],[20.3,6],[19.8,6.7],[21,7.8],[20.6,7.8],[20.9,8],[20.8,8.2],[20.6,9.4],[21,9.4],[21.1,9.1],[21.2,9.3],[21,9.5],[21.2,10.2],[21.8,10.4],[21.7,10.4],[22.2,10.9],[22.2,11],[22.3,11.2],[22.8,11.4],[22.4,11.5],[22.2,11.7],[22.1,12],[21.9,12.1],[21.5,12.3],[21.5,12.6],[22,12.6]]]]}},{"type":"Feature","properties":{},"geometry":{"type":"MultiPolygon","coordinates":[[[[15.4,9],[16.1,9.7],[16.7,9.4],[17.3,9.2],[17.7,8.9],[17.6,8.8],[18.2,8.4],[18.1,8.1],[19.1,8.4],[19.1,7.6],[19.2,7.4],[19,7.2],[18.8,6.9],[19.1,7],[19.3,6.9],[19.5,6.5],[19,6.2],[18.5,6],[18.2,5.8],[17.6,5.4],[17,5.2],[17.1,4.9],[17,4.7],[16.8,4.7],[16.4,4.6],[16.2,4.4],[16.2,4.1],[15.9,4.2],[16.2,4.7],[16.2,5.3],[16.4,5.5],[17,6],[17.2,6.5],[16.9,5.9],[16.2,5.8],[16.1,6],[15.7,5.8],[15.6,5.9],[15.7,6.2],[15.9,6.8],[15.8,7.1],[15.6,7.4],[15.9,7.6],[16.2,7.9],[16.1,7.9],[16,8.2],[16.1,8.4],[16,8.6],[15.8,8.6],[15.4,9]]]]}},{"type":"Feature","properties":{},"geometry":{"type":"MultiPolygon","coordinates":[[[[12.7,5.4],[12.8,5.6],[13.8,6.4],[14.2,7.2],[14.4,7.2],[14.7,6.8],[14.7,6.1],[14.5,5.9],[14.4,5.8],[14,5.4],[13.9,5.3],[13.6,5.3],[13.7,5],[13.5,4.8],[13.2,4.7],[13.1,4.8],[13,5],[12.6,4.8],[12.8,5.3],[12.5,5.2],[12.8,5.4],[12.7,5.4]]]]}},{"type":"Feature","properties":{},"geometry":{"type":"MultiPolygon","coordinates":[[[[20.8,8.2],[20.7,8.1],[20.7,8],[20.8,8.2]]]]}},{"type":"Feature","properties":{},"geometry":{"type":"MultiPolygon","coordinates":[[[[24.7,13.2],[25,13.2],[25,13.1],[24.9,13.1],[24.7,13.2]]]]}},{"type":"Feature","properties":{},"geometry":{"type":"MultiPolygon","coordinates":[[[[-44.1,-66.4],[-43.2,-69.7],[-48.4,-69.2],[-47.5,-68.3],[-47.6,-66.8],[-48.1,-65.5],[-48.5,-64.2],[-48.7,-63.4],[-46.6,-62.7],[-45.9,-63],[-44.5,-62.5],[-43.3,-61.9],[-42.2,-61.5],[-40.8,-62.2],[-41.4,-63.8],[-42.9,-64.9],[-44.1,-66.4]]]]}},{"type":"Feature","properties":{},"geometry":{"type":"MultiPolygon","coordinates":[[[[-24.2,-51],[-26.1,-52],[-27.9,-54.2],[-28.8,-54.9],[-30.6,-54.8],[-28.6,-53.3],[-26.8,-51.5],[-24.4,-50.5],[-22.6,-50],[-22.6,-50.2],[-24.2,-51]]]]}},{"type":"Feature","properties":{},"geometry":{"type":"MultiPolygon","coordinates":[[[[-4,-36.4],[-5.1,-37.5],[-5.4,-37.8],[-5.7,-37.7],[-5.8,-37.9],[-6.5,-38.4],[-7.6,-38.9],[-8.5,-38],[-10.1,-36.1],[-12.1,-35.8],[-13.2,-35.3],[-10.4,-35.3],[-7,-36.3],[-4,-36.4]]]]}},{"type":"Feature","properties":{},"geometry":{"type":"MultiPolygon","coordinates":[[[[24.9,-60.6],[23.9,-61.2],[24.3,-62],[24.6,-62.3],[23.5,-62.8],[23.5,-63],[23.5,-63.2],[22.9,-63.4],[22.9,-64.1],[22.5,-64.3],[22.8,-64.2],[22.4,-64.9],[22.5,-65.2],[22.7,-65.6],[23.3,-65.7],[23.1,-65.9],[23,-66.2],[22.6,-66.6],[21.8,-67.3],[21.1,-67.7],[21,-67.9],[20.7,-68.1],[20.6,-68.1],[20,-68.6],[19.6,-69.1],[19.6,-69.3],[18.8,-69.6],[19.2,-69.7],[18.6,-69.9],[18.3,-70.1],[17.8,-70.3],[17,-70.4],[14.5,-70.7],[14.2,-70.7],[14.1,-70.8],[12.1,-70.8],[10.3,-70.7],[8.6,-70.6],[8.3,-70.5],[4.6,-70.5],[3.8,-70.5],[2.4,-70.5],[1.4,-70.7],[-1.8,-70.5],[-3.9,-70.3],[-1.9,-69.3],[3.7,-67.4],[7.4,-66.6],[8.2,-65.6],[9.1,-65],[10.4,-64.5],[13.5,-63.4],[16.5,-62.4],[18.8,-60.8],[19.1,-59.5],[21.8,-57],[23.8,-60],[24.9,-60.6]]]]}},{"type":"Feature","properties":{},"geometry":{"type":"MultiPolygon","coordinates":[[[[25,-61.5],[25.1,-61.8],[24.6,-61.4],[25.1,-61.3],[25,-61.5]]]]}},{"type":"Feature","properties":{},"geometry":{"type":"MultiPolygon","coordinates":[[[[-2.9,18.1],[-2.9,18.3],[-2.9,18.5],[-2.9,18.1]]]]}},{"type":"Feature","properties":{},"geometry":{"type":"MultiPolygon","coordinates":[[[[63.9,-55.4],[58.6,-55.2],[55.7,-55.8],[53.3,-56.3],[54.7,-54],[63.9,-53.5],[66.1,-54.6],[63.9,-55.4]]]]}},{"type":"Feature","properties":{},"geometry":{"type":"MultiPolygon","coordinates":[[[[73.7,-64.1],[66.8,-63.6],[63.5,-61.5],[57.9,-60.7],[53.5,-59.1],[51.2,-56.3],[50.9,-55.7],[51.6,-55.6],[53.3,-56.3],[57.4,-58.6],[62.4,-60],[70,-61.6],[75.3,-63.1],[73.7,-64.1]]]]}},{"type":"Feature","properties":{},"geometry":{"type":"MultiPolygon","coordinates":[[[[6.3,-21.2],[5,-22],[4,-22.4],[3.7,-21.5],[5.1,-20.2],[6.4,-19.6],[6.3,-20.5],[6.3,-21.2]]]]}},{"type":"Feature","properties":{},"geometry":{"type":"MultiPolygon","coordinates":[[[[-54.1,-46.2],[-56.4,-49],[-57.1,-46.4],[-55.7,-44.9],[-53.3,-44],[-54.1,-46.2]]]]}},{"type":"Feature","properties":{},"geometry":{"type":"MultiPolygon","coordinates":[[[[33.6,-27.9],[33.4,-27.8],[33.2,-28.1],[32.2,-27.8],[31.9,-26.6],[32,-26.3],[32.1,-25.8],[32.4,-25.3],[32.8,-25.7],[33.6,-26],[33.9,-26.7],[33.8,-27.3],[33.6,-27.9]]]]}},{"type":"Feature","properties":{},"geometry":{"type":"MultiPolygon","coordinates":[[[[-4.5,-64.6],[-1.7,-66.7],[-6.4,-68.9],[-9,-68.6],[-11.5,-67.9],[-14.9,-67.3],[-17.1,-66.6],[-19.7,-65.9],[-18.9,-64.5],[-15.5,-64],[-11.8,-64.3],[-9.2,-64.7],[-6.3,-65],[-5.3,-64.4],[-4.5,-64.6]]]]}},{"type":"Feature","properties":{},"geometry":{"type":"MultiPolygon","coordinates":[[[[58,-38.5],[58.1,-40],[57.4,-40.7],[56.7,-41],[56,-41.7],[54.8,-42.6],[53.7,-43.4],[52.7,-44],[52,-44.3],[51.7,-44.2],[54.5,-39.8],[58,-38.5]]]]}},{"type":"Feature","properties":{},"geometry":{"type":"MultiPolygon","coordinates":[[[[93.2,-61],[91.3,-61.8],[84.7,-63.7],[79.9,-65],[78.9,-65.6],[78.6,-65.5],[77.9,-65.5],[77.7,-65.4],[77.9,-65.3],[77.5,-65.3],[76.8,-65.4],[76.7,-65.3],[76.3,-65.4],[75.8,-65.4],[75.6,-65.1],[75.2,-65.4],[74.9,-65.3],[75.1,-64.9],[74.6,-64.9],[74,-65.2],[73.7,-65.1],[74.1,-64.6],[73.5,-64.6],[75.1,-62.4],[68.1,-61.5],[68.4,-60.3],[65.9,-59.2],[63.9,-55.4],[66.1,-54.6],[68.1,-53.9],[70.6,-56.6],[73.1,-58.1],[78.4,-60.4],[80.6,-60.8],[86.3,-61.5],[88.6,-61.4],[92.4,-60.7],[93.2,-61]]]]}},{"type":"Feature","properties":{},"geometry":{"type":"MultiPolygon","coordinates":[[[[-38,-57.6],[-38.8,-59],[-40.4,-59.8],[-42.2,-60.1],[-41.6,-59.7],[-40.2,-58.6],[-38.4,-57.7],[-38,-57.6]]]]}},{"type":"Feature","properties":{},"geometry":{"type":"MultiPolygon","coordinates":[[[[18.2,-41.9],[19.1,-45.3],[16.1,-46.8],[11.5,-43.7],[7.1,-39.6],[6,-37.4],[10.5,-38.9],[14.4,-39.7],[18.2,-41.9]]]]}},{"type":"Feature","properties":{},"geometry":{"type":"MultiPolygon","coordinates":[[[[42.3,-54.2],[42.2,-54.3],[42.4,-54.4],[42.6,-54.5],[42.7,-54.9],[41,-55.4],[38.9,-56.9],[36.3,-58.1],[32.7,-58.7],[31.8,-60.9],[30.7,-62.1],[27.1,-64],[25.9,-65.5],[25.4,-65.2],[25,-63.9],[25.8,-63.4],[25.8,-62.2],[26.3,-61.8],[26.8,-61.7],[27.6,-61.4],[28.6,-61],[29.9,-60.4],[30.2,-60],[30.4,-59.2],[32,-57.3],[33.8,-56.8],[34.3,-56.9],[34.6,-56.8],[35.2,-57],[35.6,-56.9],[35.9,-57.1],[35.8,-56.9],[36.5,-56.8],[36.8,-57],[37.4,-56.9],[37.9,-56.4],[38.2,-56.4],[38.7,-56.1],[39.3,-55.8],[39.4,-55.9],[39.2,-55.6],[39.4,-55.3],[39.7,-55.3],[39.9,-55.6],[40.4,-55.2],[41.4,-54.8],[41.2,-54.4],[42.1,-54.2],[42.3,-54.2]]]]}},{"type":"Feature","properties":{},"geometry":{"type":"MultiPolygon","coordinates":[[[[32.6,-65.2],[32.1,-65.4],[31,-66],[30.1,-66],[27.2,-66],[26,-65.5],[26.5,-64.3],[29.9,-63],[31.8,-61.9],[32,-62.8],[32.6,-65.2]]]]}},{"type":"Feature","properties":{},"geometry":{"type":"MultiPolygon","coordinates":[[[[42.9,-57],[42.9,-57.2],[42.9,-57.4],[43.1,-57.5],[42.1,-58],[41.6,-57.9],[41.2,-58.8],[40.4,-59.3],[39.7,-60.3],[39.4,-58.9],[41,-57.3],[41.4,-57.3],[42.9,-57]]]]}},{"type":"Feature","properties":{},"geometry":{"type":"MultiPolygon","coordinates":[[[[36.1,-62.9],[35.9,-62],[38.2,-61.4],[37.9,-61.7],[36.1,-62.9]]]]}},{"type":"Feature","properties":{},"geometry":{"type":"MultiPolygon","coordinates":[[[[68.1,-61.5],[60.2,-59.7],[55.8,-58.1],[54.9,-56.4],[57.9,-55.2],[62.5,-55.5],[65.5,-58.2],[68,-60],[68.8,-61.3],[68.1,-61.5]]]]}},{"type":"Feature","properties":{},"geometry":{"type":"MultiPolygon","coordinates":[[[[67.5,-53.3],[58.6,-54],[53.4,-52.5],[54.9,-50.8],[56,-49.7],[57.8,-50.6],[60.8,-51.1],[64.8,-50.5],[66.3,-52],[67.5,-53.3]]]]}},{"type":"Feature","properties":{},"geometry":{"type":"MultiPolygon","coordinates":[[[[28,-67.8],[29.6,-67.7],[29.4,-68],[31.3,-68.2],[32.6,-68.4],[33.5,-68.8],[31.9,-68.8],[28,-67.9],[28,-67.8]]]]}},{"type":"Feature","properties":{},"geometry":{"type":"MultiPolygon","coordinates":[[[[101.8,2.2],[102.7,2],[101.8,1.5],[101.2,1.7],[101.4,1.9],[101.7,2.2],[101.8,2.2]]]]}},{"type":"Feature","properties":{},"geometry":{"type":"MultiPolygon","coordinates":[[[[101.5,14.2],[98,13.8],[94.1,12.7],[92.8,9.9],[92.7,8.9],[93.2,4.4],[92.9,4],[92,4.8],[91.6,5.2],[91.1,5.6],[90.5,6.7],[89.7,8.8],[88.7,10.3],[87.6,11.1],[86.8,11.5],[87.2,11.6],[88.2,11.6],[89.3,11.6],[90.3,11.8],[91.2,12],[92.4,12.6],[93.3,13.2],[94.4,13.9],[95.4,14.2],[96.7,14.4],[100.6,14.4],[101.5,14.2]]]]}},{"type":"Feature","properties":{},"geometry":{"type":"MultiPolygon","coordinates":[[[[100.9,3.2],[102.9,9.1],[106.4,12],[108.7,15.2],[109.4,15.1],[109,14.6],[109.1,14.4],[109.2,14.7],[109.4,14.6],[109.4,14.4],[109.2,14.4],[109.2,14.2],[109.5,14.1],[109.2,13.8],[109.7,13.5],[109.3,13.4],[109.3,13.3],[108.9,12.9],[109,12.6],[109.2,12.3],[109.1,12],[109,11.7],[109,11.4],[108.8,11.4],[108.5,11.5],[108.6,11.2],[108.9,11.2],[108.7,11.1],[109,11.1],[108.9,10.7],[108.8,10.3],[109.1,10.2],[109,10.1],[108.6,10],[108.9,9.9],[108.8,9.7],[108.7,9.8],[108.6,9.6],[108.7,9.5],[108.4,9.4],[108.6,9.3],[108.5,9],[108.2,8.9],[108,8.9],[108.1,8.7],[108.1,8.6],[108.1,8.5],[108,8.1],[107.9,8],[107.8,7.9],[107.7,7.7],[107.4,7.6],[107.4,7.5],[107.5,7.4],[107.1,7.3],[107.2,7],[107,6.5],[106.8,6.4],[106.6,6.3],[106.3,6.2],[106.1,6.1],[106.1,5.9],[105.9,6.1],[105.7,5.8],[105.5,5.7],[105.6,5.6],[105.7,5.4],[105.2,5.6],[104.8,5.9],[104.7,5.9],[104.9,5.7],[104.9,5.5],[105,5.3],[104.9,5.1],[104.7,4.9],[104.6,5],[104.5,4.7],[104.1,4.6],[104,4.4],[103.7,4.1],[103.7,4],[103.4,3.8],[103.1,3.7],[102.8,3.3],[102.6,3.3],[102.5,2.9],[102.7,2.8],[102.6,2.2],[102.5,2.3],[102.3,2.6],[102,2.7],[102,3.2],[102,3.3],[101.9,3.3],[101.7,3.5],[101.6,3.1],[101.4,3.1],[101.1,3.1],[100.9,3.2]]]]}},{"type":"Feature","properties":{},"geometry":{"type":"MultiPolygon","coordinates":[[[[99.9,2.4],[100,2.4],[99.8,2.1],[99.6,1.9],[99.3,1.9],[99.5,1.7],[99.4,1.6],[99.4,1.3],[98.6,1.7],[99.9,2.4]]]]}},{"type":"Feature","properties":{},"geometry":{"type":"MultiPolygon","coordinates":[[[[111.3,10.6],[110.7,10.5],[111.1,10.7],[111.3,10.6]]]]}},{"type":"Feature","properties":{},"geometry":{"type":"MultiPolygon","coordinates":[[[[103.6,2.1],[102.9,2.1],[103.1,2.2],[103.6,2.1]]]]}},{"type":"Feature","properties":{},"geometry":{"type":"MultiPolygon","coordinates":[[[[109.2,10.3],[109.1,10.2],[109.1,10.4],[109.2,10.3]]]]}},{"type":"Feature","properties":{},"geometry":{"type":"MultiPolygon","coordinates":[[[[118.9,32.6],[117.8,35],[116.7,36],[118.6,37.4],[122.4,37.9],[123.1,36.5],[120.9,33.5],[118.9,32.6]]]]}},{"type":"Feature","properties":{},"geometry":{"type":"MultiPolygon","coordinates":[[[[129.2,38.8],[128.3,38.2],[125.4,38.6],[122.5,39],[116.9,38.4],[120.2,40],[122.8,40.1],[124.1,39.6],[125.4,39.5],[129,38.9],[129.2,38.8]]]]}},{"type":"Feature","properties":{},"geometry":{"type":"MultiPolygon","coordinates":[[[[87,57],[84.7,55.8],[81.8,53.6],[80,52.2],[79,50.3],[77.1,48.8],[73.8,46.7],[72.1,44.9],[72.2,46.1],[72.5,48],[76.5,52.2],[80.4,54.2],[87,57]]]]}},{"type":"Feature","properties":{},"geometry":{"type":"MultiPolygon","coordinates":[[[[67.5,47.6],[70.3,49.6],[72.1,47.4],[72.1,45.1],[71.9,43.9],[72,41.5],[71.2,39.9],[69.4,38.4],[66.2,36.9],[64.6,38.3],[64.4,41.3],[64.6,43.2],[65.6,45.3],[67.4,47.3],[67.5,47.6]]]]}},{"type":"Feature","properties":{},"geometry":{"type":"MultiPolygon","coordinates":[[[[4.2,58.9],[3.1,59.4],[4.6,62.2],[0.4,65.5],[-4.2,66],[-9.3,67.9],[-5.4,68.7],[-0.1,70.5],[3.6,71.8],[4.6,71.8],[4.2,70.9],[3.5,70.1],[2.4,68.4],[2.1,68.2],[2.3,67.5],[3.3,67.3],[4,67.2],[8.5,66.4],[10.7,64.2],[6.9,59.6],[6.2,59.4],[5.8,59.8],[5.1,59.4],[4.3,58.9],[4.2,58.9]]]]}},{"type":"Feature","properties":{},"geometry":{"type":"MultiPolygon","coordinates":[[[[17.8,29.8],[18.1,29.7],[18.3,29.7],[18.4,29.8],[18.8,29.7],[19.3,29.8],[19.5,29.7],[19.5,29.9],[20,30.2],[20.3,30.5],[20.1,30.2],[20.4,30.3],[20.6,30.3],[20.7,30.4],[21,30.1],[20.9,30.7],[21.3,30.8],[21.4,31],[22.9,31.3],[22.8,31.5],[23.3,31.7],[23.9,31.8],[25,31.5],[24.9,30],[23.5,29.1],[23.2,29],[22.6,28.9],[22.3,28.7],[22.8,28.7],[23.1,28.6],[23.4,28.4],[24.1,28.8],[24.3,28.8],[24.6,28.5],[25,28.3],[25.3,28.2],[25.5,28.1],[25.8,28.2],[26.2,28.3],[26.9,28.6],[26.4,29],[25.8,28.7],[25.6,29.2],[26.2,29.4],[26.3,29.4],[27.1,30],[26.7,30.1],[25.8,30.3],[25.5,31.6],[26.2,32],[26.2,32.2],[25.4,32.6],[25.9,33],[27.8,34.3],[32.4,37.4],[34.3,36.8],[37.6,35.8],[42.7,34],[45.7,32.4],[50.5,30.3],[51.5,29.8],[51.6,29.7],[51.5,29.1],[52.8,28.1],[51.7,27.1],[49,24.7],[49.6,25.4],[48.7,26.1],[48.2,26.4],[47.8,25.9],[47.7,25.7],[47.5,25.6],[47.1,25.1],[47.1,24.9],[47,24.2],[46.9,24.1],[47,23.9],[47.2,23.7],[47.1,23.6],[47.1,23.5],[47,23.5],[44.3,21.4],[42.7,20.4],[42.6,17],[42.2,16.3],[42.1,16.6],[42.3,16.7],[42.5,16.9],[42.2,17.7],[42.5,17.9],[41.7,18],[41.9,18.3],[41.9,18.8],[41.7,18.8],[41.4,18.3],[41,17.6],[40.9,17.2],[40.6,16.6],[40.6,16.4],[40.4,16],[40.5,15.8],[40.7,15.6],[40.9,15.7],[41.2,15.6],[40.8,15.8],[40.5,16],[41.6,16.1],[42,16.3],[41.8,15.8],[41.7,15.2],[41.4,14.4],[41,14.3],[40.2,14.5],[40.1,14.4],[40.1,15],[40.1,15.3],[39.7,15.3],[39.2,14.8],[39,14.8],[38.6,14.7],[38.8,15],[38.7,14.9],[38.5,14.8],[38.3,14.5],[38.4,13.8],[38,13.9],[38.4,13.5],[38.3,13.3],[38.2,13.2],[38.5,13.1],[38.6,12.8],[38.6,12.1],[38.5,12.4],[38.4,12],[36.3,10.7],[36.6,11.3],[35.6,12.3],[35.3,12.7],[34.8,12.7],[34.6,12.6],[33.9,12.5],[33.6,12.3],[33.3,12.3],[32.8,12.3],[32.3,12.4],[31.5,11.9],[30.2,11],[29.6,10.1],[29.7,9],[29.5,9.2],[29.2,8.9],[28.9,8.6],[29,9.8],[28.9,11],[28.4,11.9],[28,12.4],[26.5,13.6],[26.3,15.2],[26.5,15.3],[27.3,15.7],[27.3,15.3],[27.4,15.8],[27.4,16.2],[27.5,16.8],[26.6,17.6],[26.2,18.6],[27.2,18.8],[27.1,19.8],[26.6,20],[26.1,20.1],[25.9,20.3],[25.9,20.8],[26.1,21.1],[26.2,21.3],[26.4,21.5],[26.8,21.8],[27.1,22.5],[27.4,22.9],[27.7,23.4],[26.9,23.1],[26.7,23.4],[26.6,23.1],[26.3,22.8],[26.1,22.7],[26,22.5],[26,22.3],[25.9,22.2],[25.9,22.1],[25.7,21.9],[25.6,21.7],[25.6,21.4],[25.3,21.2],[25.1,20.7],[25.1,21],[24.9,20.9],[24.9,21],[24.7,21],[24.2,21],[24,20.8],[23.8,21.1],[23.7,21.1],[23.6,21.4],[23.4,21.6],[22.8,22.1],[22.6,22.2],[22.5,22.3],[22.3,22.5],[22.1,22.9],[22.3,23],[22.1,23.3],[22.3,23.5],[22.2,23.7],[22.3,23.9],[22.2,24.3],[22,24.8],[22,25.2],[22,25.4],[21.7,25.6],[21.2,25.5],[21,25.3],[20.9,25.2],[20.8,25.2],[20.4,25],[20.7,24.8],[20.6,24.6],[20.5,24.4],[20.5,24.3],[20.7,23.9],[21.1,23.8],[21.2,23.4],[21.4,22.8],[21.3,22.8],[21.2,22.4],[21,22],[21.1,22],[21.1,21.8],[21.2,21.7],[21.2,21.5],[20.8,21.5],[21.2,21.1],[21.2,20.9],[21.7,20.4],[21.6,20.3],[21.7,20.2],[21.8,20.1],[22,19.8],[22.2,19.7],[22.6,19.8],[23.1,19.7],[23.1,19.6],[23.5,19.5],[23.4,19.3],[23.4,18.9],[23.6,19],[23.7,18.9],[23.5,18.9],[23.6,18.5],[23.5,18.4],[23.6,18.2],[23.4,18],[23.5,17.9],[23.5,17.8],[23.5,17.6],[23.7,17.4],[23.8,17.3],[23.7,17.1],[23.9,17],[23.9,16.9],[24.3,16.5],[24.2,16.4],[24.4,16.1],[24.4,15.5],[23.9,15.2],[24,14.6],[22.8,14.6],[22.9,15],[22.4,15.1],[22,15.3],[21.8,15.6],[21.4,16.1],[21.4,16],[21.4,15.7],[21.2,16.1],[21.1,16],[21,16.1],[20.6,16.5],[20.4,16.5],[20.1,16.7],[19.9,17.1],[20,16.7],[20.3,16.3],[20.2,16.2],[20,16.1],[19.9,15.9],[19.8,15.6],[19.9,15.5],[19.8,15],[19.7,14.8],[19.3,14.5],[19.2,14.5],[19.1,14.6],[19,14.6],[18.4,14.6],[18.1,15],[18.5,15],[18.4,15],[18.3,15.2],[18.2,15.3],[18.2,15.4],[18.2,15.6],[18.1,15.5],[18,15.4],[17.8,15.3],[17.9,15.2],[17.7,15.5],[17.8,15.5],[18,15.9],[17.7,15.7],[17.8,16],[18,16.1],[17.9,16.6],[17.7,16.3],[17.7,15.8],[17.5,15.7],[17.5,15.9],[17.3,16.1],[17.3,16.5],[17,16.3],[17.2,16.3],[17.1,16.6],[16.9,16.5],[17,16.6],[17.4,16.9],[17.7,17.1],[17.8,17],[17.8,17.2],[17.7,17.6],[17.6,17.3],[17.3,17.1],[17.2,17],[16.9,16.8],[16.7,16.8],[16.7,17],[16.6,17.1],[16.7,17.2],[16.6,17.3],[16.7,17.5],[16.8,17.5],[17.2,17.7],[16.5,17.5],[16.6,17.7],[16.7,17.8],[16.9,18],[16.8,18.2],[17.1,18],[16.8,18.3],[16.5,18.2],[16.8,18.4],[16.9,18.5],[17,18.5],[17.3,18.8],[16.8,18.5],[16.6,18.7],[17,18.8],[17,19],[17.2,18.9],[17.2,19],[17.1,19.1],[17.3,19.4],[17.1,19.4],[17.2,19.6],[17.3,19.6],[17.3,19.8],[17.8,19.8],[17.8,20.1],[18,20.5],[17.7,20.6],[17.8,20.3],[17.4,19.9],[17.3,20.1],[17.4,20.3],[17.2,20.4],[17.3,20.5],[17.3,20.8],[17.3,21],[17.5,20.9],[17.5,21.1],[17.5,21.4],[17.3,21.2],[17.4,21.5],[17.2,21.4],[17.5,21.8],[17.5,21.9],[17.4,22],[17.2,22.2],[17.4,22.1],[17.3,22.2],[17.1,22.3],[17.1,22.5],[17.1,22.6],[17.3,22.9],[17.3,23],[17.1,23],[16.8,23.1],[17,23.2],[16.9,23.3],[16.9,23.4],[16.9,23.5],[16.7,23.5],[16.8,23.8],[16.9,23.8],[17.1,24],[17.2,24.3],[16.9,24.1],[16.9,24.3],[16.8,24.3],[17.1,24.4],[17.1,24.6],[16.9,24.5],[16.7,24.7],[16.7,24.6],[16.5,24.6],[16.8,24.9],[16.5,24.8],[16.6,25.2],[16.9,25],[16.9,25.1],[16.9,25.3],[16.7,25.3],[16.8,25.4],[17.1,25.7],[16.8,25.6],[16.6,25.6],[16.9,25.9],[16.7,26],[16.6,26],[16.5,26.4],[16.6,26.6],[16.5,26.6],[16.9,26.8],[16.8,26.7],[16.7,26.9],[16.6,27.2],[16.8,27.1],[17,27.2],[17.2,27.2],[16.9,27.5],[17,27.5],[17.4,27.7],[17.1,27.9],[16.7,27.8],[17,28],[17.1,28],[17.2,28.3],[17.5,28.1],[17.3,28.3],[17.2,28.5],[17.2,28.9],[17,29.1],[17.1,29.3],[17.2,29.4],[17.4,29.4],[17.6,29],[17.9,28.7],[17.7,29.5],[18,29.4],[17.8,29.7],[17.8,29.8]]]]}},{"type":"Feature","properties":{},"geometry":{"type":"MultiPolygon","coordinates":[[[[20.7,14.3],[21,15],[20.9,14.5],[20.7,14.3]]]]}},{"type":"Feature","properties":{},"geometry":{"type":"MultiPolygon","coordinates":[[[[24.8,18],[24.9,17.7],[25.1,17.3],[25,17],[24.8,17.2],[24.8,17.8],[24.8,18]]]]}},{"type":"Feature","properties":{},"geometry":{"type":"MultiPolygon","coordinates":[[[[25.8,19.7],[26.1,19.5],[26.1,19.1],[26,19.3],[25.7,19.5],[25.7,19.6],[25.8,19.7]]]]}},{"type":"Feature","properties":{},"geometry":{"type":"MultiPolygon","coordinates":[[[[16.1,25.7],[16.3,25.5],[16.3,25.6],[16.6,25.5],[16.4,25.3],[16.3,25],[16.2,25.2],[16.1,25.4],[16.1,25.7]]]]}},{"type":"Feature","properties":{},"geometry":{"type":"MultiPolygon","coordinates":[[[[16.1,26.5],[16.3,26.6],[16.5,26.5],[16.4,26.2],[16.3,26.2],[16.2,26.3],[16.2,26.4],[16.3,26.5],[16.1,26.5]]]]}},{"type":"Feature","properties":{},"geometry":{"type":"MultiPolygon","coordinates":[[[[25.8,20],[25.7,19.8],[25.5,20],[25.7,20.1],[25.8,20]]]]}},{"type":"Feature","properties":{},"geometry":{"type":"MultiPolygon","coordinates":[[[[15.8,25.6],[16,25.2],[15.9,25.2],[15.8,25.2],[16,25.3],[15.8,25.6]]]]}},{"type":"Feature","properties":{},"geometry":{"type":"MultiPolygon","coordinates":[[[[23.7,20.2],[23.8,20],[23.7,19.9],[23.6,20],[23.7,20.2]]]]}},{"type":"Feature","properties":{},"geometry":{"type":"MultiPolygon","coordinates":[[[[16.9,28.8],[16.8,28.3],[16.6,28.3],[16.6,28.5],[16.8,28.7],[16.8,28.8],[16.9,28.8]]]]}},{"type":"Feature","properties":{},"geometry":{"type":"MultiPolygon","coordinates":[[[[16.5,27],[16.4,26.8],[16.3,26.9],[16.3,27],[16.5,27]]]]}},{"type":"Feature","properties":{},"geometry":{"type":"MultiPolygon","coordinates":[[[[17,28.7],[17.1,28.4],[17.1,28.5],[17,28.7]]]]}},{"type":"Feature","properties":{},"geometry":{"type":"MultiPolygon","coordinates":[[[[24.8,21.1],[24.8,20.7],[24.7,20.8],[24.8,21.1]]]]}},{"type":"Feature","properties":{},"geometry":{"type":"MultiPolygon","coordinates":[[[[16.2,25],[16.1,24.7],[16.1,25],[16.2,25]]]]}},{"type":"Feature","properties":{},"geometry":{"type":"MultiPolygon","coordinates":[[[[17.1,29.6],[17.4,29.6],[17.1,29.4],[17.1,29.6]]]]}},{"type":"Feature","properties":{},"geometry":{"type":"MultiPolygon","coordinates":[[[[16,24.7],[16,24.6],[15.8,24.6],[16,24.7]]]]}},{"type":"Feature","properties":{},"geometry":{"type":"MultiPolygon","coordinates":[[[[25.1,39.5],[26.1,40.5],[26.4,41],[27.2,41.4],[28.1,41.1],[30.1,39.3],[32.4,37.4],[27.8,34.3],[25.8,34.1],[25.7,34.4],[25.8,34.5],[25.5,34.5],[25.6,34.8],[25.5,35],[25.4,35.4],[25.4,35.6],[25.3,35.9],[25.5,35.9],[25.6,35.9],[25.6,36],[25.6,36.1],[25.3,36.1],[25.3,36],[25.2,36.6],[25.5,36.6],[25.5,36.5],[25.9,36.4],[25.8,36.4],[25.8,36.3],[25.8,36.2],[25.9,36.2],[26,36.5],[26.2,36.7],[26.2,36.8],[26,36.8],[25.9,37.2],[25.9,37.3],[26,37.6],[26,37.9],[25.9,38],[25.9,38.1],[26,38.2],[25.8,38.4],[25.9,38.4],[26.2,38.6],[26.6,38.6],[26.3,38.7],[26.3,39.2],[25.5,39],[25.2,39],[24.9,39.3],[25.1,39.5]]]]}},{"type":"Feature","properties":{},"geometry":{"type":"MultiPolygon","coordinates":[[[[23.9,33.3],[24.3,33.8],[24.4,33.8],[24.7,33.8],[25.2,33.8],[25.6,33.1],[24.6,33],[24.5,33],[24,33.2],[23.9,33.3]]]]}},{"type":"Feature","properties":{},"geometry":{"type":"MultiPolygon","coordinates":[[[[18,29.9],[17.7,29.8],[17.6,30],[18,30.2],[18,29.9]]]]}},{"type":"Feature","properties":{},"geometry":{"type":"MultiPolygon","coordinates":[[[[19.1,30.2],[18.4,30.3],[18.6,30.4],[19,30.4],[19.1,30.2]]]]}},{"type":"Feature","properties":{},"geometry":{"type":"MultiPolygon","coordinates":[[[[25.5,34.5],[25.8,34.5],[25.7,34.4],[25.5,34.5]]]]}},{"type":"Feature","properties":{},"geometry":{"type":"MultiPolygon","coordinates":[[[[24.2,35.5],[24.6,35.3],[24.5,34.8],[23.8,35.1],[24.2,35.5]]]]}},{"type":"Feature","properties":{},"geometry":{"type":"MultiPolygon","coordinates":[[[[24,38.8],[25,39],[24.6,38.7],[24.3,38.7],[24,38.8]]]]}},{"type":"Feature","properties":{},"geometry":{"type":"MultiPolygon","coordinates":[[[[-46.1,-62.6],[-47.8,-62.8],[-48.6,-63.6],[-48.2,-64.6],[-47.7,-65.9],[-47.5,-67],[-47.7,-68.7],[-48.7,-69],[-50.1,-68],[-50.3,-66.1],[-50.7,-65],[-51.4,-64.4],[-51.7,-64],[-52.6,-63],[-51.8,-62.7],[-51.3,-62.3],[-51.7,-61.9],[-49.3,-61.4],[-49.1,-61.4],[-48,-61.7],[-43.9,-60.4],[-44.1,-61.4],[-44.6,-62.1],[-45.4,-62.2],[-46.1,-62.6]]]]}},{"type":"Feature","properties":{},"geometry":{"type":"MultiPolygon","coordinates":[[[[16.6,-47.4],[19.3,-49.7],[18.7,-50.4],[16.5,-50.8],[14.5,-51.3],[14.1,-51.2],[13.6,-51],[13.9,-50.7],[13,-50.1],[12.9,-50.1],[11.9,-50.5],[10.5,-50],[9.6,-49.5],[9.3,-47.5],[9.3,-45.7],[7.5,-44.3],[6.4,-43],[12.8,-44.3],[16.6,-47.4]]]]}},{"type":"Feature","properties":{},"geometry":{"type":"MultiPolygon","coordinates":[[[[20.6,-53.4],[20.5,-53.3],[20,-53.2],[20.1,-53.1],[19.8,-53],[19.4,-53.1],[18.7,-53],[18.6,-52.8],[18.2,-52.8],[18,-52.8],[17.4,-52.8],[16.5,-53.3],[16.6,-53.6],[15.1,-54.6],[15.1,-54.9],[15.3,-55],[15.7,-55],[16.2,-54.9],[16.6,-55.1],[16.6,-55.6],[16.2,-55.7],[16.7,-55.5],[17.7,-55.7],[18.6,-55.4],[17.8,-55.1],[18.3,-55.1],[18.7,-55.1],[18.9,-54.9],[19.3,-54.9],[20,-54.6],[20.1,-54.3],[20.9,-54.2],[21.8,-57],[18.1,-59],[16.7,-60.7],[12.9,-60.9],[11.1,-60.3],[10.3,-58.1],[11,-56.2],[14.7,-54.7],[15.4,-53.8],[16.3,-52.9],[15.2,-52],[16.5,-50.8],[16.3,-51.1],[18.3,-50.8],[19.9,-50.3],[20.6,-53.4]]]]}},{"type":"Feature","properties":{},"geometry":{"type":"MultiPolygon","coordinates":[[[[11.7,-61.5],[11.3,-62],[10.7,-62.9],[10.5,-62.4],[9.8,-61],[8.8,-58],[8.6,-57.2],[8.9,-56.7],[11.7,-61.5]]]]}},{"type":"Feature","properties":{},"geometry":{"type":"MultiPolygon","coordinates":[[[[29.9,-25.9],[29.7,-29.7],[24.9,-28.9],[20.1,-31],[16.4,-32],[16,-29.5],[20.2,-24.9],[24.7,-24.5],[29.9,-25.9]]]]}},{"type":"Feature","properties":{},"geometry":{"type":"MultiPolygon","coordinates":[[[[44.1,-52.7],[43.7,-49.2],[45.9,-46],[48.3,-45.9],[49.8,-45.6],[49.5,-46.5],[49.6,-46.9],[49.2,-47.2],[48.4,-48.6],[46.3,-50.6],[44.1,-52.7]]]]}},{"type":"Feature","properties":{},"geometry":{"type":"MultiPolygon","coordinates":[[[[14,-39.8],[10.1,-39.1],[5.5,-37.7],[9.6,-38.3],[14,-39.8]]]]}},{"type":"Feature","properties":{},"geometry":{"type":"MultiPolygon","coordinates":[[[[18.2,-41.9],[14.4,-39.7],[17.7,-40.8],[18.2,-41.9]]]]}},{"type":"Feature","properties":{},"geometry":{"type":"MultiPolygon","coordinates":[[[[-10.4,-8.5],[-9.9,-6.8],[-8.3,-6.2],[-4.5,-7.2],[0.1,-9.6],[2.2,-12],[1.8,-13.4],[-0.3,-11.6],[-5.1,-10.8],[-9.4,-9.7],[-10.4,-8.5]]]]}},{"type":"Feature","properties":{},"geometry":{"type":"MultiPolygon","coordinates":[[[[2.6,-31.9],[-1.3,-32.5],[-6.3,-32.1],[-6.7,-31.2],[-7.3,-31],[-9.5,-29.7],[-10,-29.7],[-10.4,-28.9],[-9.6,-28.8],[-8.2,-27.7],[-4.3,-26.5],[-2.7,-27.6],[-0.9,-28.2],[0.8,-28.3],[2,-29.4],[2.4,-31.3],[2.6,-31.9]]]]}},{"type":"Feature","properties":{},"geometry":{"type":"MultiPolygon","coordinates":[[[[-28.8,-32.8],[-28.7,-36.7],[-33.1,-36.9],[-35.9,-35.3],[-37.8,-31.4],[-40.8,-26.4],[-41.6,-21.2],[-42.2,-17.9],[-40.1,-15.6],[-37.1,-16.2],[-36.7,-19.6],[-35.3,-24.6],[-33.7,-26.3],[-32.9,-28],[-31.8,-27.9],[-34.1,-27.8],[-32.7,-30.2],[-29.2,-32.1],[-28.8,-32.8]]]]}},{"type":"Feature","properties":{},"geometry":{"type":"MultiPolygon","coordinates":[[[[-19.3,-30.3],[-21,-32.1],[-22.5,-34.2],[-26.5,-34],[-25.7,-31.5],[-28.8,-28.4],[-30.6,-24],[-29.8,-21.2],[-27.3,-20.1],[-24.6,-22.3],[-22.9,-26.3],[-20,-30.1],[-19.3,-30.3]]]]}},{"type":"Feature","properties":{},"geometry":{"type":"MultiPolygon","coordinates":[[[[-28.7,-36.7],[-28.8,-32.8],[-26.9,-33.7],[-25,-34.5],[-23.3,-35.5],[-25,-36.9],[-28.7,-36.7]]]]}},{"type":"Feature","properties":{},"geometry":{"type":"MultiPolygon","coordinates":[[[[-13.9,-29.2],[-15.3,-26.8],[-15.2,-27],[-14.9,-26.8],[-14.9,-27],[-14.7,-27.1],[-14.6,-27.3],[-14.6,-27.5],[-14.4,-27.5],[-14.1,-27.4],[-14.3,-27.8],[-14.1,-27.8],[-13.9,-27.7],[-13.8,-27.8],[-13.7,-27.8],[-13.6,-28],[-13.5,-28],[-13.4,-28.1],[-13.5,-28.3],[-13.7,-28.5],[-13.7,-28.6],[-13.4,-28.6],[-13.5,-28.7],[-13.8,-29],[-13.9,-29.2]]]]}},{"type":"Feature","properties":{},"geometry":{"type":"MultiPolygon","coordinates":[[[[-11.6,-29.4],[-13.7,-29.3],[-13.5,-29.2],[-13.2,-29.1],[-13,-29],[-12.6,-29],[-12.4,-29.1],[-12.3,-28.9],[-11.6,-29.3],[-11.6,-29.4]]]]}},{"type":"Feature","properties":{},"geometry":{"type":"MultiPolygon","coordinates":[[[[-13.1,-28.9],[-13.4,-29],[-13.4,-28.9],[-13.1,-28.9]]]]}},{"type":"Feature","properties":{},"geometry":{"type":"MultiPolygon","coordinates":[[[[-11.8,-36.5],[-14.9,-37.8],[-18.7,-41.7],[-22.7,-42.3],[-22.9,-39.3],[-20.9,-36.4],[-17.4,-36.1],[-13.7,-35.4],[-11.8,-36.5]]]]}},{"type":"Feature","properties":{},"geometry":{"type":"MultiPolygon","coordinates":[[[[-26.4,-12.8],[-28.3,-12.7],[-30.7,-12.6],[-32.5,-12.6],[-34.3,-13.7],[-36.1,-14.4],[-36.9,-15.4],[-40.1,-15.6],[-42.2,-17.9],[-41.6,-21.2],[-40.8,-26.4],[-37.8,-31.4],[-35.9,-35.3],[-34.6,-38.7],[-38.5,-38.7],[-41.8,-35.2],[-43.1,-32.9],[-44.6,-29.6],[-46.4,-27.5],[-47.4,-25.5],[-47.6,-22.4],[-47.5,-19.5],[-46.9,-15.6],[-44.3,-13.1],[-41.7,-11.9],[-39,-11.4],[-38.4,-10.3],[-35.6,-9.2],[-35.2,-9],[-34.9,-8.9],[-34.5,-8.9],[-34.1,-8.9],[-33.8,-8.8],[-33.4,-8.8],[-33,-8.8],[-32.8,-8.8],[-32.4,-8.9],[-30.8,-9.5],[-30,-10.3],[-29.5,-10.3],[-29,-10.2],[-28.3,-10.3],[-26.8,-10.9],[-27.7,-10.7],[-27.7,-11.2],[-27.5,-11.5],[-27,-11.7],[-26.5,-12.1],[-26.2,-12.5],[-26.5,-12.8],[-26.4,-12.8]]]]}},{"type":"Feature","properties":{},"geometry":{"type":"MultiPolygon","coordinates":[[[[-26,-11.3],[-26.1,-11.7],[-26.5,-11.4],[-26,-11.2],[-26,-11.3]]]]}},{"type":"Feature","properties":{},"geometry":{"type":"MultiPolygon","coordinates":[[[[-43.4,-55.1],[-43.7,-54.8],[-42.3,-51.9],[-43.2,-49.7],[-42,-49.8],[-40.9,-51.2],[-40.4,-51.7],[-39.2,-53],[-43.4,-55.1]]]]}},{"type":"Feature","properties":{},"geometry":{"type":"MultiPolygon","coordinates":[[[[3.1,7.3],[1.7,7],[1,7.1],[2.4,8.2],[2.5,8],[2.7,8.1],[2.7,7.9],[3,7.7],[3.3,7.9],[3.3,7.7],[3.6,7.4],[3.1,7.4],[3.1,7.3]]]]}},{"type":"Feature","properties":{},"geometry":{"type":"MultiPolygon","coordinates":[[[[2.5,8.2],[0.9,8.5],[0.7,9.9],[0.6,11.6],[0.5,12.7],[0.4,13.8],[0.7,13.7],[0.6,13.5],[0.7,13.4],[0.7,13.3],[0.8,13.2],[0.6,13],[0.6,12.8],[0.9,12.7],[1,12.6],[0.7,12.5],[0.9,12.4],[1,12.3],[1.1,12.2],[0.9,11.9],[0.7,11.7],[1.1,11.8],[1.2,11.6],[0.9,11.5],[0.9,11.4],[1.3,11.5],[1.1,11.2],[1.3,11.2],[1.5,11],[1.5,10.9],[1.2,10.7],[1.4,10.5],[1.5,10.5],[1.7,10.2],[1.3,10],[1.4,9.9],[1.4,9.8],[1.3,9.7],[1.1,9.6],[1.3,9.5],[1.4,9.3],[1.4,9.2],[1.6,9.1],[1.8,8.7],[2,8.8],[2,8.6],[1.8,8.3],[2.1,8.4],[2.3,8.4],[2.4,8.3],[2.5,8.2]]]]}},{"type":"Feature","properties":{},"geometry":{"type":"MultiPolygon","coordinates":[[[[-9.3,-3.4],[-9.5,-3.4],[-10.2,-3.6],[-10.3,-3.6],[-10.3,-4],[-11.2,-4.1],[-11.7,-4.2],[-12.3,-4.5],[-12,-4.3],[-12.2,-4.3],[-12.4,-4.4],[-12.5,-4.4],[-12.5,-4.5],[-12.6,-4.6],[-12.9,-4.7],[-13.3,-4.9],[-14.1,-5.3],[-16.3,-6.2],[-18.4,-7.2],[-20.3,-7.6],[-22.4,-7.7],[-21.2,-6.4],[-18.8,-5.1],[-15.3,-3.6],[-12.7,-2.6],[-9.8,-2.2],[-8.6,-1.9],[-9.3,-3.4]]]]}},{"type":"Feature","properties":{},"geometry":{"type":"MultiPolygon","coordinates":[[[[-9.4,-3.8],[-10.3,-3.8],[-10,-3.6],[-9.8,-3.6],[-9.3,-3.6],[-9.4,-3.8]]]]}},{"type":"Feature","properties":{},"geometry":{"type":"MultiPolygon","coordinates":[[[[-25.2,-7.2],[-27.7,-6.1],[-25.9,-8.1],[-26.1,-8.2],[-26.8,-8],[-26.2,-8.2],[-26.4,-8.4],[-26.2,-8.5],[-26.1,-8.7],[-26.2,-8.6],[-26.4,-8.6],[-26.5,-8.7],[-26.5,-8.9],[-26.3,-9.3],[-26.4,-9.4],[-26.5,-9.3],[-26.6,-9],[-26.7,-8.8],[-26.9,-8.5],[-27.2,-8.9],[-27.2,-8.7],[-27.5,-8.7],[-27.8,-8.4],[-27.8,-8.1],[-28,-8],[-28.1,-7.6],[-28.3,-7.5],[-28.5,-7.6],[-29.6,-6.7],[-30.1,-6.6],[-30.4,-6.3],[-30.6,-6.3],[-30.5,-6.6],[-31,-6.7],[-31.7,-6.7],[-32,-6.6],[-32,-6.5],[-32.1,-6.4],[-32.2,-6.4],[-32.4,-6.6],[-32.5,-6.5],[-32.8,-6.7],[-32.9,-6.5],[-33,-6.7],[-33.3,-6.6],[-33.3,-6.9],[-33.5,-6.9],[-33.7,-7],[-33.8,-7],[-33.9,-7.3],[-34,-7.7],[-34,-8],[-34.1,-8.3],[-34.9,-9],[-34.7,-8.6],[-34.8,-8.6],[-35,-8.7],[-35.1,-9],[-35.5,-9.2],[-35.6,-9.1],[-36.9,-6.7],[-38.7,-5.8],[-38.6,-4.2],[-37.7,-2.4],[-37,-2.5],[-36.4,-2.2],[-35.9,-2],[-35.2,-2.7],[-35,-2.8],[-34.6,-3.3],[-34.5,-3.8],[-33.8,-4.4],[-33.1,-4.8],[-32.8,-5.1],[-32.1,-5.3],[-30.5,-3.9],[-28.6,-2.3],[-26.9,-2.5],[-25.4,-6.6],[-25.2,-7.2]]]]}},{"type":"Feature","properties":{},"geometry":{"type":"MultiPolygon","coordinates":[[[[-0.1,12.9],[-0.2,12.7],[-0.1,12.7],[-0.1,12.9]]]]}},{"type":"Feature","properties":{},"geometry":{"type":"MultiPolygon","coordinates":[[[[-0.1,12.5],[0.1,11.5],[0.2,9.6],[0.4,7.3],[0.1,6.7],[-1.1,7.3],[-1.1,7.5],[-0.7,7.6],[0,7.4],[0.1,7.4],[0.1,7.6],[-0.2,7.6],[-0.5,8],[-0.6,7.8],[-0.9,7.8],[-1,8.3],[-0.8,7.6],[-1.2,7.7],[-1.5,8.2],[-1.4,9],[-1.9,10.6],[-2,12.3],[-2.1,12.9],[-1.7,12.7],[-1.8,12],[-1.7,12],[-1.3,12.1],[-1,12.3],[-0.7,12.5],[-0.6,12],[-0.5,12.5],[-0.4,12.5],[-0.1,12.5]]]]}},{"type":"Feature","properties":{},"geometry":{"type":"MultiPolygon","coordinates":[[[[-1.2,7.4],[-1.3,7.8],[-1.3,7.6],[-1.2,7.4]]]]}},{"type":"Feature","properties":{},"geometry":{"type":"MultiPolygon","coordinates":[[[[-1.1,17.3],[-1.4,17.3],[-1.3,16.7],[-1.1,16.6],[-1,16.4],[-1,16.3],[-0.9,16.2],[-0.9,16],[-1.2,15.6],[-1.4,15.8],[-1.7,16],[-1.8,16.1],[-2,16.3],[-2.1,16.4],[-2.1,16.6],[-2.1,16.8],[-2.6,17],[-2.5,17.1],[-2.6,17.2],[-2.8,17.3],[-2.8,17.5],[-2.8,17.6],[-2.6,17.6],[-2.5,17.7],[-2.6,17.9],[-2.7,17.9],[-2.9,18],[-1.9,18.3],[-1.1,17.3]]]]}},{"type":"Feature","properties":{},"geometry":{"type":"MultiPolygon","coordinates":[[[[7.4,-33.1],[7.4,-33],[9,-30.5],[10.1,-27.8],[12.5,-29.3],[14.3,-32.4],[10.6,-34.3],[7.3,-34.4],[7.4,-33.1]]]]}},{"type":"Feature","properties":{},"geometry":{"type":"MultiPolygon","coordinates":[[[[-17.7,-24.1],[-18,-22.4],[-18.1,-21.2],[-17.6,-17.9],[-16.4,-17.3],[-14.1,-19.5],[-14.2,-22.6],[-17,-24],[-17.7,-24.1]]]]}},{"type":"Feature","properties":{},"geometry":{"type":"MultiPolygon","coordinates":[[[[-30,-18.8],[-32.8,-16.5],[-30.5,-15.2],[-26.9,-17.2],[-27.6,-18.9],[-30,-18.8]]]]}},{"type":"Feature","properties":{},"geometry":{"type":"MultiPolygon","coordinates":[[[[21.6,-48.6],[18.2,-48.7],[17,-47],[20.2,-45.3],[21.6,-48.6]]]]}},{"type":"Feature","properties":{},"geometry":{"type":"MultiPolygon","coordinates":[[[[3.3,-41.6],[1.5,-41],[1.7,-40.5],[0.8,-40.5],[0.5,-40.5],[-0.7,-40.4],[-1.6,-40],[-1.7,-39.6],[-3.2,-37.6],[-2.8,-36.1],[-2.2,-36.8],[-1.8,-37.4],[-1.1,-38.2],[-0.4,-39.2],[0.8,-39.9],[1.2,-40.1],[2.1,-39.8],[3.3,-41.6]]]]}},{"type":"Feature","properties":{},"geometry":{"type":"MultiPolygon","coordinates":[[[[7.8,-21.1],[6.8,-22],[7,-21.3],[7.3,-20.7],[8.1,-19.9],[8.8,-19.4],[8.5,-20],[8.3,-20.7],[7.8,-21.1]]]]}},{"type":"Feature","properties":{},"geometry":{"type":"MultiPolygon","coordinates":[[[[18,-61.4],[14.4,-61.4],[16.7,-60.7],[18.1,-59],[21.8,-57],[19.1,-59.5],[18.8,-60.8],[18,-61.4]]]]}},{"type":"Feature","properties":{},"geometry":{"type":"MultiPolygon","coordinates":[[[[-37.4,1.1],[-39.7,1.5],[-40.9,2.2],[-41.6,4.3],[-41.6,5],[-41.2,5.2],[-40.4,5.8],[-39.4,5.1],[-39.3,3.9],[-38.9,3],[-37.6,1.8],[-37.4,1.1]]]]}},{"type":"Feature","properties":{},"geometry":{"type":"MultiPolygon","coordinates":[[[[14.5,-54.5],[13.3,-54.9],[11.1,-55.1],[10.8,-54.2],[12.9,-52.4],[16.3,-52.6],[16.1,-53.6],[14.5,-54.5]]]]}},{"type":"Feature","properties":{},"geometry":{"type":"MultiPolygon","coordinates":[[[[-25.9,-39.3],[-24.6,-38.2],[-24.3,-38.9],[-25.9,-39.7],[-25.9,-39.3]]]]}},{"type":"Feature","properties":{},"geometry":{"type":"MultiPolygon","coordinates":[[[[-37.7,-2.4],[-38.8,-1.6],[-39.6,0.3],[-40.4,1.5],[-38.3,1.4],[-37.2,0.6],[-36.9,-1],[-37.7,-2.4]]]]}},{"type":"Feature","properties":{},"geometry":{"type":"MultiPolygon","coordinates":[[[[30.3,-25.7],[26.3,-24.7],[21.2,-24.6],[20.9,-22.7],[23.4,-22.6],[27.9,-24.6],[30.3,-25.7]]]]}},{"type":"Feature","properties":{},"geometry":{"type":"MultiPolygon","coordinates":[[[[26.3,8.6],[27.1,8.5],[28.1,8.6],[28.7,8.7],[28.9,8.7],[28.7,8.5],[28.1,7.9],[27.6,7.5],[27.5,7.4],[27.2,7.1],[26.9,6.7],[26.6,6.5],[26.5,6.3],[26.3,6],[26.3,5.9],[26.2,5.5],[26.1,4.9],[25.6,4.5],[24.4,4.4],[22,5.3],[24,6.5],[25.9,8.4],[26.3,8.6]]]]}},{"type":"Feature","properties":{},"geometry":{"type":"MultiPolygon","coordinates":[[[[20.1,6.1],[22.7,5],[22.1,3.8],[21.8,3.5],[20.9,3],[20.1,2.9],[18,2.7],[17.2,2.4],[17.3,2.6],[17.5,2.8],[17.3,2.9],[17.1,3],[17.7,3.3],[17.9,3.5],[18.3,3.4],[18.6,3.6],[18.7,3.8],[18.9,3.9],[18.5,4.7],[19,4.6],[19.8,5.1],[19.7,5.5],[20,5.7],[20.1,6],[20.1,6.1]]]]}},{"type":"Feature","properties":{},"geometry":{"type":"MultiPolygon","coordinates":[[[[25.5,4.5],[25.2,3.6],[25.5,2.9],[25.7,2.7],[26.1,2.7],[26.8,2.4],[26.5,1.9],[25.7,1],[25.3,1],[25.2,1],[25.1,0.9],[24.4,0.4],[24.3,0],[24.2,0],[24.1,-0.2],[24,-0.3],[23.8,-0.3],[23.6,-0.5],[23.3,-0.5],[23,-0.5],[22.7,-0.6],[22.5,-0.6],[22.4,-0.7],[22.1,-0.9],[21.9,-0.9],[21.5,-0.9],[21.2,-0.9],[21,-1],[20.8,0.1],[20.7,0.2],[21.1,0.8],[20.3,1.3],[20.3,1.5],[20.1,1.7],[19.1,2.2],[18.9,2.3],[18.9,2.5],[18.5,2.4],[18.4,2.5],[18.3,2.4],[18.2,2.5],[18,2.5],[17.7,2.5],[17.5,2.3],[18.3,2.7],[20.3,2.8],[21.2,3.1],[21.9,3.6],[22.2,3.9],[24.4,4.4],[25.5,4.5]]]]}},{"type":"Feature","properties":{},"geometry":{"type":"MultiPolygon","coordinates":[[[[16.4,-1.7],[16.6,-1.8],[16.8,-1.9],[17,-2.3],[17.2,-2.4],[17.5,-2.6],[17.7,-2.6],[17.8,-2.7],[18,-2.8],[18.3,-3.1],[18.5,-3.2],[18.7,-3.3],[18.8,-3.5],[19,-3.5],[19.2,-3.5],[19.3,-3.6],[19.3,-4.2],[18.8,-4.6],[16.9,-4.8],[16.9,-5],[15.6,-5.8],[15.1,-6.7],[14.6,-6.6],[14.4,-6.7],[14.2,-6.8],[13.8,-6.8],[13.6,-6.8],[13.3,-6.6],[12.9,-6.6],[12.5,-6.6],[12.2,-6.6],[11.9,-6.6],[11.6,-6.4],[11.3,-6.4],[11.1,-6.5],[10.9,-6.5],[10.8,-6.4],[10.6,-6.5],[10.4,-6.6],[10.1,-6.6],[10.2,-6.2],[10.2,-5.8],[10,-5.4],[9.7,-5.2],[9.2,-5.2],[9,-4],[9.3,-3.6],[9.1,-3.2],[9.3,-3.4],[9.5,-3.1],[9.3,-2.7],[10.1,-2.2],[10.8,-1.4],[11.4,-0.3],[11.2,-0.1],[11.2,0],[11.3,0.4],[11.4,0.5],[11.7,0.6],[12.1,0.5],[12.2,0.5],[12.5,0.6],[12.9,0.3],[13.5,-0.1],[14,-0.4],[15,-1],[15.2,-1.1],[15.5,-1.4],[15.7,-1.4],[16.4,-1.7]]]]}},{"type":"Feature","properties":{},"geometry":{"type":"MultiPolygon","coordinates":[[[[10.1,-6.6],[10.4,-6.6],[10.6,-6.5],[10.8,-6.4],[10.9,-6.5],[11.1,-6.5],[11.3,-6.4],[11.6,-6.4],[11.9,-6.6],[12.2,-6.6],[12.5,-6.6],[12.9,-6.6],[13.3,-6.6],[13.6,-6.8],[13.8,-6.8],[14.2,-6.8],[14.4,-6.7],[14.6,-6.6],[15.1,-6.7],[14.5,-7.1],[14,-7.2],[13.1,-7.4],[12.2,-7.2],[10.8,-6.8],[10.3,-7],[10.1,-6.6]]]]}},{"type":"Feature","properties":{},"geometry":{"type":"MultiPolygon","coordinates":[[[[-13.6,-72.4],[-27.9,-74.2],[-28.4,-74.1],[-28.7,-74],[-30.6,-73.8],[-28.6,-73.2],[-28,-72.9],[-24.6,-72.5],[-24.1,-72.1],[-25.4,-71.6],[-24,-71.9],[-23.5,-71.3],[-22.3,-71.8],[-21.3,-72],[-20.6,-71.6],[-19.4,-71.2],[-19.4,-71.8],[-17,-71.8],[-16,-71.8],[-14.4,-72],[-13.6,-72.4]]]]}},{"type":"Feature","properties":{},"geometry":{"type":"MultiPolygon","coordinates":[[[[-15.3,-71.3],[-15.7,-71.7],[-16.4,-71.2],[-15.3,-71.3]]]]}},{"type":"Feature","properties":{},"geometry":{"type":"MultiPolygon","coordinates":[[[[26.2,-71.1],[26.1,-71.1],[26,-71.1],[25.7,-71],[26.2,-71.1]]]]}},{"type":"Feature","properties":{},"geometry":{"type":"MultiPolygon","coordinates":[[[[22.7,-70],[22.6,-70.2],[22.6,-70.3],[22.2,-70.5],[21.9,-70.7],[22.7,-70]]]]}},{"type":"Feature","properties":{},"geometry":{"type":"MultiPolygon","coordinates":[[[[20,-71.6],[17.7,-74.3],[11.2,-73.7],[7.8,-73],[5.8,-72.1],[6.6,-71.6],[7.4,-71.5],[8.5,-72.1],[10.9,-71.7],[10.6,-71.9],[12.8,-71.8],[15.4,-72.2],[17.1,-72],[20,-71.6]]]]}},{"type":"Feature","properties":{},"geometry":{"type":"MultiPolygon","coordinates":[[[[3.1,-71.3],[-6.9,-73.8],[-14.4,-76.2],[-12.2,-71.9],[-5.7,-71.4],[-5.3,-71.4],[-4.8,-71],[-3.5,-71.2],[-2.9,-71],[0.1,-71.3],[1.2,-71.2],[3.1,-71.3]]]]}},{"type":"Feature","properties":{},"geometry":{"type":"MultiPolygon","coordinates":[[[[-14.4,-76.2],[-30.6,-75.5],[-29.4,-74.5],[-28.4,-74.1],[-27.9,-74.2],[-13.6,-72.4],[-13.9,-74.8],[-14.4,-76.2]]]]}},{"type":"Feature","properties":{},"geometry":{"type":"MultiPolygon","coordinates":[[[[-2.7,15.7],[-2.7,15.4],[-2.4,15.3],[-2.2,14.4],[-2.5,14.2],[-2.5,13.4],[-2.8,12.4],[-2.6,11.7],[-2.6,10.7],[-2.2,9.5],[-2.1,8.5],[-2.2,7.4],[-2.3,7.1],[-2.9,6.8],[-3.4,6.7],[-4.1,6.6],[-5,6.4],[-5.5,6.4],[-6.2,5.9],[-6.4,4.4],[-7,3.9],[-7.2,3],[-7.6,1.9],[-8.1,1.9],[-8.1,2.3],[-8.2,2.8],[-8.6,2.7],[-8.8,3.1],[-9.3,3.2],[-9.4,3.4],[-10.4,2.9],[-10.7,3.1],[-10.8,2.9],[-11,3.2],[-11.8,2.9],[-12.2,2.7],[-12.3,2.6],[-12.7,2.7],[-13,2.6],[-13.1,3],[-13.3,3.1],[-13.4,3.2],[-13.5,3.3],[-13.6,3.4],[-15,4.2],[-14.9,4.5],[-15,5],[-15,5.2],[-15.2,6.1],[-15.8,7.4],[-16.4,7.8],[-16.5,7.7],[-16.7,7.6],[-17,7.5],[-17.5,7.4],[-18.6,8],[-19.2,7.9],[-19.7,7.4],[-20.5,6.9],[-21.4,6.3],[-21.8,6],[-21.9,5.3],[-23.4,5.5],[-25.5,5.5],[-25.7,6.5],[-26.2,8.8],[-25.5,9.8],[-24.8,11.1],[-23.7,12.4],[-23,13.3],[-21.8,14.8],[-20.8,15.4],[-20.8,15.1],[-20.8,14.8],[-21.1,14.4],[-21.1,14.1],[-21,14.3],[-20.4,15],[-20.6,15.5],[-19.4,15.9],[-18.8,16.3],[-18.3,16.5],[-17.5,16.9],[-17,16.8],[-16.4,16.6],[-14.8,15.4],[-12.8,15],[-12.6,13.9],[-11.7,12.7],[-10.9,12.2],[-10.4,11.9],[-10.7,11],[-11.2,9.8],[-11,8.9],[-10.7,7.9],[-10.3,7.6],[-10,7.9],[-9.9,7.3],[-9.7,7.7],[-9.5,8.1],[-9.2,8.4],[-9.3,8.6],[-9.2,8.8],[-9.2,9],[-9,9.6],[-9,9.7],[-8.9,9.9],[-8.9,10.1],[-9.1,10.4],[-9,10.6],[-7.8,10.9],[-6.8,11.5],[-6.4,13],[-6.6,13.6],[-6.9,14.2],[-6.9,14.4],[-6.7,14.4],[-6.4,14.6],[-6.2,14.7],[-6.1,14.9],[-5.8,15.1],[-5.8,15.4],[-5.8,15.9],[-5.7,15.9],[-4.6,16.2],[-3.2,16.2],[-3,15.7],[-2.7,15.7]]]]}},{"type":"Feature","properties":{},"geometry":{"type":"MultiPolygon","coordinates":[[[[-16.6,5.2],[-16.5,4.7],[-16.5,4.6],[-16.8,4.5],[-17,4.8],[-17.8,5.1],[-19.3,6],[-19.8,6.3],[-19.8,6.5],[-19.2,6.4],[-17.7,6.2],[-17.2,6.1],[-17,5.7],[-16.6,5.2]]]]}},{"type":"Feature","properties":{},"geometry":{"type":"MultiPolygon","coordinates":[[[[-7.9,12.2],[-8.1,12.2],[-8.1,12.1],[-8.4,12.1],[-8.6,12],[-8.3,12.2],[-8.3,12.1],[-7.9,12.2]]]]}},{"type":"Feature","properties":{},"geometry":{"type":"MultiPolygon","coordinates":[[[[-14.5,29.9],[-17.6,26.9],[-19,26.3],[-19.9,26.9],[-20,27.7],[-20.2,28.1],[-19.7,28.6],[-18.5,29.7],[-17.1,30.3],[-15.8,31.1],[-15.9,31.9],[-17.5,34.8],[-16.6,35.8],[-16.1,36.2],[-15.9,36.2],[-15.7,36.3],[-16.3,35.3],[-16.3,34.9],[-16.1,34.9],[-15.8,35],[-15.8,35.1],[-15.6,35.2],[-15.4,35.1],[-15.3,35],[-15.8,34.9],[-16,34.5],[-15.8,34.4],[-15.1,33.3],[-14.8,32.2],[-14.6,32],[-14.4,31.2],[-14.9,31.2],[-15.4,31.2],[-14.5,30],[-14.5,29.9]]]]}},{"type":"Feature","properties":{},"geometry":{"type":"MultiPolygon","coordinates":[[[[-17.2,36.7],[-18.5,37.3],[-19.3,38.3],[-19,38.6],[-18.9,38.2],[-18.8,38],[-18.7,38],[-18.5,38.3],[-18.4,38.2],[-18.3,38],[-18,38],[-17.7,37.8],[-17.7,37.7],[-17.9,37.6],[-17.7,37.4],[-17.3,37.3],[-16.8,37.1],[-16.6,36.9],[-16.4,36.8],[-16.4,36.7],[-16.9,36.7],[-17.2,36.7]]]]}},{"type":"Feature","properties":{},"geometry":{"type":"MultiPolygon","coordinates":[[[[-18,26.1],[-18.6,26.3],[-18.3,26.3],[-18,26.1]]]]}},{"type":"Feature","properties":{},"geometry":{"type":"MultiPolygon","coordinates":[[[[-20.7,27.1],[-20.3,27.8],[-20.4,27.3],[-20.7,27.1]]]]}},{"type":"Feature","properties":{},"geometry":{"type":"MultiPolygon","coordinates":[[[[-18.2,25.8],[-19.3,26],[-18.7,26.1],[-18.2,25.8]]]]}},{"type":"Feature","properties":{},"geometry":{"type":"MultiPolygon","coordinates":[[[[-20.9,26.2],[-21.7,26.8],[-21,26.2],[-20.9,26.2]]]]}},{"type":"Feature","properties":{},"geometry":{"type":"MultiPolygon","coordinates":[[[[-9.5,29.2],[-9.9,29],[-10,29],[-10.1,29],[-10.3,28.8],[-10.5,29.2],[-10.5,28.9],[-10.5,28.8],[-11.2,28.5],[-11.3,28.7],[-11.6,29.1],[-11.7,29.5],[-12.5,29.9],[-13.3,30.2],[-13.6,30.3],[-14,31.2],[-13.7,31.3],[-14.1,32.5],[-13.8,33],[-12.3,31.7],[-12.1,31.6],[-12.3,32.4],[-13,32.9],[-13.3,33.3],[-13.2,33.8],[-12.2,33.5],[-12,33.3],[-12.4,33.9],[-12.5,34.2],[-12,34.5],[-11.6,34.7],[-10.4,33.7],[-10.4,33.5],[-10,33.6],[-10.3,32.9],[-10.1,32.9],[-10.1,32.8],[-9.8,32.7],[-9.6,32.8],[-9.5,32.9],[-9.4,32.6],[-9.4,32.3],[-10.1,31.7],[-9.7,31.6],[-8.8,32.7],[-8.5,32.4],[-8.4,31.9],[-9.4,30.5],[-9.7,30.3],[-9.7,29.8],[-9.6,29.6],[-9.5,29.2]]]]}},{"type":"Feature","properties":{},"geometry":{"type":"MultiPolygon","coordinates":[[[[-10.1,35.9],[-10.2,35.6],[-10,34.5],[-11.9,34.8],[-12.5,34.9],[-13.4,34.8],[-13.6,35.7],[-13.4,36.4],[-12.3,36.4],[-10.8,37.1],[-10.1,35.9]]]]}},{"type":"Feature","properties":{},"geometry":{"type":"MultiPolygon","coordinates":[[[[-6.2,31.2],[-7.8,30.2],[-7.8,30.6],[-7.8,30.8],[-7.4,31.1],[-7.3,30.7],[-7.1,30.8],[-6.9,31.1],[-6.7,31.2],[-6.7,31.5],[-6.6,31.6],[-6.2,31.5],[-6.2,31.2]]]]}},{"type":"Feature","properties":{},"geometry":{"type":"MultiPolygon","coordinates":[[[[-8.3,31.9],[-7.9,32.7],[-8.2,31.9],[-8.3,31.9]]]]}},{"type":"Feature","properties":{},"geometry":{"type":"MultiPolygon","coordinates":[[[[-19.3,16],[-20,15.6],[-20.7,15.5],[-21,15.7],[-21.1,15.3],[-20.8,15.4],[-21.8,14.8],[-23,13.3],[-23.7,12.4],[-24.8,11.1],[-25.5,9.8],[-26.2,8.8],[-26.2,10.5],[-24.6,12.6],[-24.1,13.3],[-23.9,13.8],[-23.5,14.8],[-21.8,16.5],[-20.8,17.5],[-20.6,17.7],[-20.5,17.8],[-20.4,17.9],[-20.3,17.6],[-20.4,17.5],[-19.8,17.1],[-19.6,17],[-19.4,16.9],[-18.9,16.8],[-18.8,16.7],[-19.1,16.2],[-19.3,16]]]]}},{"type":"Feature","properties":{},"geometry":{"type":"MultiPolygon","coordinates":[[[[-17.1,16.9],[-17,16.8],[-17.5,16.9],[-18.3,16.5],[-18.8,16.3],[-19.1,16.2],[-18.8,16.7],[-18.9,16.8],[-19.4,16.9],[-19.6,17],[-19.8,17.1],[-20.4,17.5],[-20.3,17.6],[-20.4,17.9],[-20.5,18],[-20.7,18],[-20.7,18.1],[-19.9,18.4],[-19.9,18.7],[-19.8,18.9],[-19.4,18.9],[-19.2,18.7],[-18.6,18.4],[-18.7,18],[-18.3,17.5],[-17.8,17.2],[-17.1,16.9]]]]}},{"type":"Feature","properties":{},"geometry":{"type":"MultiPolygon","coordinates":[[[[-19.9,19.1],[-20.3,18.9],[-21.2,18.8],[-21.3,18.9],[-20.1,19.1],[-19.9,19.1]]]]}},{"type":"Feature","properties":{},"geometry":{"type":"MultiPolygon","coordinates":[[[[-5.3,24.7],[-5,24.5],[-4.7,24.7],[-3.6,24.3],[-3.8,24.1],[-4.2,23.8],[-4.4,23.9],[-4.4,23.7],[-4.5,23.3],[-5.1,22.3],[-5.7,22.2],[-5.8,22.5],[-5.8,22.7],[-6,22.9],[-5.9,22.8],[-5.9,22.6],[-6,22.1],[-6.1,22.3],[-6.4,22.3],[-6.6,22.7],[-6.8,22.5],[-7.5,22.1],[-8.2,22.6],[-8.4,23],[-8.6,23.1],[-8.1,22.1],[-8.1,21.5],[-8.4,21.4],[-9.1,21.2],[-9.3,21.3],[-9.4,21.3],[-9.7,21.3],[-10.2,21.3],[-10.7,21.8],[-11.1,22.3],[-11,22],[-10.7,21.9],[-10.7,21.7],[-10.3,21.2],[-10.3,20.9],[-11,21.1],[-11.8,21.8],[-14.2,21.7],[-15.3,22.5],[-16.7,22.1],[-17.7,22.1],[-18.4,22.1],[-19,21.9],[-20.9,23.3],[-19.9,22.7],[-19.6,22.6],[-20.2,23.4],[-21.1,23.6],[-20.4,24.6],[-19.4,25.3],[-18.7,25.6],[-16.3,25.3],[-15.7,25.1],[-14.3,26.2],[-12.8,27.1],[-11.7,27.7],[-11.4,27.4],[-11.2,27.2],[-10.9,27],[-10.3,26.5],[-10.2,26.2],[-10.1,26.1],[-9.8,26.4],[-10,26.6],[-10.1,26.7],[-9.9,26.9],[-9.7,26.8],[-9.4,26.8],[-9.4,26.4],[-9.6,26.3],[-9.7,26],[-9.7,25.7],[-9.6,25.5],[-9.7,25.3],[-9.4,25.8],[-8.4,26.1],[-8,26.3],[-8.2,26.3],[-7.9,26.6],[-7.8,26.7],[-7.5,26.8],[-7.9,27.1],[-8.1,27.7],[-7.6,28.1],[-7.6,28.5],[-6.5,28.8],[-6.3,28.8],[-6.2,28.6],[-6.5,27.5],[-6.5,27.2],[-6.4,27.2],[-6.7,27.2],[-6.9,27.1],[-7,26.7],[-6.9,26.4],[-6.7,26.3],[-6.6,26.3],[-6.8,26.1],[-7,26.3],[-7,25.7],[-7.3,25.2],[-7,25.2],[-6.2,25.3],[-6.5,24.7],[-6.8,24.2],[-6.9,23.7],[-6.7,23.6],[-6.5,23.7],[-6.2,23.9],[-5.3,24.7]]]]}},{"type":"Feature","properties":{},"geometry":{"type":"MultiPolygon","coordinates":[[[[-6.8,22.2],[-6.9,21.8],[-6.6,21.6],[-6.3,20.9],[-6,19.8],[-5.8,19.6],[-5.7,19.4],[-5.8,19.3],[-6.6,19.6],[-6.6,20.1],[-7.1,19.9],[-8,19.6],[-8.2,20.3],[-8.6,20.6],[-7.5,21.4],[-6.8,22.2]]]]}},{"type":"Feature","properties":{},"geometry":{"type":"MultiPolygon","coordinates":[[[[-5.6,29.6],[-5.1,30.4],[-4.6,30.6],[-4.2,30.4],[-4.1,29.7],[-4.5,29.5],[-5.6,29.6]]]]}},{"type":"Feature","properties":{},"geometry":{"type":"MultiPolygon","coordinates":[[[[-6.1,29],[-5.6,29.6],[-6,29],[-6.1,29]]]]}},{"type":"Feature","properties":{},"geometry":{"type":"MultiPolygon","coordinates":[[[[-8.6,27.8],[-8.5,27.3],[-8.5,26.6],[-8.9,26.6],[-9.3,26.8],[-9.6,27.2],[-9.7,27.4],[-9.7,27.5],[-9.8,27.6],[-9.6,27.8],[-9.2,27.8],[-9,27.9],[-8.6,27.8]]]]}},{"type":"Feature","properties":{},"geometry":{"type":"MultiPolygon","coordinates":[[[[-6.7,18.8],[-7.7,18.5],[-7.4,19.1],[-6.8,18.9],[-6.7,18.8]]]]}},{"type":"Feature","properties":{},"geometry":{"type":"MultiPolygon","coordinates":[[[[-6.2,21.8],[-6.1,21.6],[-6.3,21.7],[-6.2,21.8]]]]}},{"type":"Feature","properties":{},"geometry":{"type":"MultiPolygon","coordinates":[[[[-8.2,27.4],[-8.3,27.2],[-8.4,27.2],[-8.2,27.4]]]]}},{"type":"Feature","properties":{},"geometry":{"type":"MultiPolygon","coordinates":[[[[-1.8,2.1],[-2.3,1.8],[-3.1,2.1],[-2.9,1.8],[-2.3,1.6],[-2.1,1.5],[-2.1,1.4],[-2.2,1.3],[-2.3,1],[-2.2,0.8],[-3,0.4],[-4.5,-0.5],[-5.5,-0.9],[-6.3,-1.4],[-6.4,-1.4],[-7.1,-1.8],[-8.9,-3.5],[-9.3,-3.4],[-8.2,-1.1],[-8,-0.8],[-7.9,-0.6],[-7.2,-0.2],[-6.7,0.3],[-6.2,0.2],[-5.6,0.5],[-5.1,1.3],[-4.2,2],[-4,2.1],[-3.4,2.3],[-3,2.4],[-2.1,2.3],[-1.8,2.1]]]]}},{"type":"Feature","properties":{},"geometry":{"type":"MultiPolygon","coordinates":[[[[0.1,0.9],[0,0.9],[0.2,1],[0.1,0.9]]]]}},{"type":"Feature","properties":{},"geometry":{"type":"MultiPolygon","coordinates":[[[[45.2,-21.8],[45,-22.2],[45.1,-22.5],[45.4,-23.1],[45.6,-23.9],[46.5,-25.1],[47.1,-26.7],[49.2,-27.9],[49.5,-28.2],[50.5,-29.2],[51.3,-30.4],[52.8,-31.8],[54.6,-32.9],[55.6,-34.7],[55.5,-34.4],[55.2,-34.2],[54.1,-34.3],[52.7,-34.6],[51.8,-34.2],[50.8,-33.4],[49.7,-33],[49.4,-32.1],[49.4,-31.9],[48.8,-30.9],[48.2,-30.6],[47.7,-30.2],[47.9,-30.2],[47.5,-30.3],[47.3,-30.6],[46.9,-30.5],[46.3,-31],[46.6,-31.1],[46.8,-31.9],[47,-32.6],[47.1,-32.7],[47.1,-32.9],[47.3,-33.2],[47.4,-33.4],[47.6,-33.5],[48.2,-34.1],[48.2,-34.2],[47.9,-34.7],[48,-35],[48.3,-35.7],[48.7,-35.4],[48.8,-35.2],[48.9,-34.9],[49.6,-35],[49.5,-35.2],[49.4,-35.6],[49.1,-36.2],[49.1,-36.3],[49.1,-36.6],[49.4,-36.7],[49.6,-37],[50,-37],[51.2,-37],[52.2,-37],[52.2,-36.9],[52.6,-36.8],[52.9,-36.4],[53.8,-35.9],[54.2,-35.6],[54.8,-35.2],[54.8,-35.1],[55,-35.1],[54.8,-35.2],[54.9,-35.4],[54.8,-36.4],[54.5,-39.8],[51.7,-44.2],[50,-44.3],[48.3,-45.3],[45,-45.7],[43.4,-46.1],[40.5,-44.5],[41.8,-43.5],[42.5,-40.3],[42.5,-38.1],[41.9,-36.1],[41.1,-34.8],[40.8,-33.6],[40.4,-33],[40.2,-32.3],[39.9,-31.6],[38.9,-31.2],[38.2,-31.4],[37.7,-32.2],[36.6,-31.8],[34.8,-30.8],[34.3,-29.7],[34.2,-28.4],[34.2,-27.5],[34.3,-27.4],[35.1,-26.6],[35.7,-25.7],[35.9,-25.3],[36.2,-24.7],[36.4,-24.4],[36.6,-23.9],[37.3,-22.8],[37.7,-22],[37.9,-21.6],[39,-21],[40.1,-20.6],[40.9,-20.4],[41.8,-20.4],[44,-20.8],[45.2,-21.8]]]]}},{"type":"Feature","properties":{},"geometry":{"type":"MultiPolygon","coordinates":[[[[54.8,-34.4],[53.7,-34.6],[54.7,-34.4],[54.8,-34.4]]]]}},{"type":"Feature","properties":{},"geometry":{"type":"MultiPolygon","coordinates":[[[[46.9,-30.5],[46.8,-30.6],[46.8,-30.5],[46.9,-30.5]]]]}},{"type":"Feature","properties":{},"geometry":{"type":"MultiPolygon","coordinates":[[[[56.7,-20.2],[57.7,-23.3],[58,-25.7],[60.1,-27.8],[58.9,-29],[57.5,-29.3],[55.5,-29.1],[55.2,-27.6],[53.2,-26.5],[51,-24.5],[50.5,-22.2],[53.8,-20.2],[55.1,-19.5],[54.9,-18.9],[56,-19.4],[56.7,-20.2]]]]}},{"type":"Feature","properties":{},"geometry":{"type":"MultiPolygon","coordinates":[[[[72.3,-33.5],[66.7,-33.9],[61.3,-34.9],[59.3,-34.1],[58.2,-31.7],[59.4,-29.5],[62.7,-29.8],[68,-32.2],[69.6,-32.4],[72.3,-33.5]]]]}},{"type":"Feature","properties":{},"geometry":{"type":"MultiPolygon","coordinates":[[[[16.4,-13.6],[15.7,-11.5],[15.3,-9.4],[16.5,-9.7],[16.5,-9.8],[16.8,-9.8],[17.2,-10.1],[18.1,-10.3],[18.1,-10.4],[18.2,-10.6],[18.1,-10.9],[18.7,-11.2],[17.8,-11.9],[17.8,-12.5],[16.4,-12.9],[16.4,-13.6]]]]}},{"type":"Feature","properties":{},"geometry":{"type":"MultiPolygon","coordinates":[[[[91.2,-42.2],[92,-42.5],[93.6,-43],[95.4,-44.1],[97,-45.5],[96.3,-45.7],[94.7,-45.1],[93.8,-44.7],[93.1,-44.6],[91.6,-44.6],[90.2,-44.5],[88.8,-44.9],[87.6,-44.9],[86.5,-45.3],[85.3,-44.7],[84.3,-44.7],[83,-44.7],[81.2,-45],[80.6,-44.9],[80.1,-45.1],[79.6,-45],[78.8,-44.9],[79.2,-44.7],[78.4,-44.2],[77.2,-43.8],[78.4,-43.5],[80.6,-43.2],[82.5,-42.8],[84.4,-42.5],[86.8,-42.4],[88.5,-42.4],[90,-42.3],[91.2,-42.2]]]]}},{"type":"Feature","properties":{},"geometry":{"type":"MultiPolygon","coordinates":[[[[23.4,48.3],[24.1,48.5],[25.9,46.7],[27.8,46.2],[27,45.9],[24.9,45.8],[23.6,46],[22.6,46.2],[23.2,46.3],[24.6,46.4],[24.9,47.2],[24.3,47.2],[23.8,46.4],[23.4,47.1],[23.2,46.9],[22.8,47.4],[23.4,48.3]]]]}},{"type":"Feature","properties":{},"geometry":{"type":"MultiPolygon","coordinates":[[[[28.3,46.5],[35.2,47.8],[42.6,49.4],[46.7,50],[48.8,48.8],[49.9,48.4],[51.3,48.2],[53.4,48.4],[57.7,50.5],[61.6,50.4],[58.8,48.7],[56,47.1],[52.8,46.6],[47.2,45.8],[41.7,44.2],[37,44.8],[32.5,44.2],[31.2,44.3],[31.1,44.4],[29.2,44.3],[27.1,45.1],[24.5,45.1],[22.8,45.4],[24.6,45.2],[26.3,45.5],[27.5,45.6],[28.7,46],[29.9,45.9],[30.5,45.5],[31.1,45.4],[31.3,44.7],[31.3,44.4],[31.9,45.2],[31.5,45.6],[30.5,46.2],[28.5,46.3],[28.3,46.5]]]]}},{"type":"Feature","properties":{},"geometry":{"type":"MultiPolygon","coordinates":[[[[31.1,45.3],[31.4,45.1],[31.2,45],[31.1,45.3]]]]}},{"type":"Feature","properties":{},"geometry":{"type":"MultiPolygon","coordinates":[[[[17.5,43.1],[18.8,41.8],[19.2,41.4],[19.3,41.2],[19.7,40.8],[20,40.9],[20,40.6],[20.3,40.4],[20.6,40.3],[20.9,40.2],[20.7,40.1],[21.2,40],[21.3,40],[21.7,39.7],[21.4,39.5],[21.4,39],[21.2,39.5],[20.8,39],[20.6,39.2],[20.3,39.5],[20.2,39.8],[19.9,39.9],[19.6,39.9],[19.3,39.9],[19,40.1],[18.7,40.4],[18.3,40.9],[18.4,41.1],[18.1,41.5],[18,41.9],[17.7,42.3],[17.1,42.8],[17.5,43.1]]]]}},{"type":"Feature","properties":{},"geometry":{"type":"MultiPolygon","coordinates":[[[[21.6,39.4],[21.9,39.4],[22.1,39.5],[22.4,39.2],[22.6,39],[23.1,39],[23.8,39],[25.2,39.3],[24.9,39.1],[25.1,39.1],[24.8,38.7],[24.6,38.5],[24.6,38.3],[24.5,38.2],[24.2,38.4],[24.1,38.4],[23.7,38.2],[23.7,38.1],[23.5,37.9],[22.7,38],[22.5,38.3],[22.3,38.4],[22.2,38.4],[21.8,38.6],[21.4,38.9],[21.6,39.4]]]]}},{"type":"Feature","properties":{},"geometry":{"type":"MultiPolygon","coordinates":[[[[23.7,38.1],[24.3,38.1],[23.8,37.9],[23.7,38.1]]]]}},{"type":"Feature","properties":{},"geometry":{"type":"MultiPolygon","coordinates":[[[[22.8,45.3],[24.8,45.2],[28.2,44.8],[29.3,44.4],[29.4,43.7],[29.3,44],[28.3,44.3],[27.7,44],[27.2,43.6],[26.6,43.7],[26.2,43.7],[25.5,43.7],[25.2,43.6],[24.4,44],[22.6,44.5],[22.8,45.3]]]]}},{"type":"Feature","properties":{},"geometry":{"type":"MultiPolygon","coordinates":[[[[21.8,44.9],[22.3,44.8],[22.5,44.6],[21.8,44.9]]]]}},{"type":"Feature","properties":{},"geometry":{"type":"MultiPolygon","coordinates":[[[[-54.7,-56.9],[-55.1,-57.6],[-56.3,-57.8],[-58,-57.3],[-58.5,-57],[-59,-56.9],[-59.5,-57.5],[-59.3,-58.3],[-58.8,-58.5],[-58.4,-58.9],[-59.4,-59],[-59.8,-58.5],[-61,-59.1],[-61.8,-59.7],[-62.4,-60.1],[-63.4,-60.4],[-64.6,-60.2],[-66.2,-60.5],[-68.1,-60.7],[-72.9,-58.7],[-73.6,-58.5],[-73.5,-58.3],[-73,-58.2],[-73,-58],[-72.3,-58.2],[-72.7,-57.9],[-72.4,-57.6],[-71.2,-57.5],[-71.2,-57.3],[-71.4,-57.1],[-71.5,-56.9],[-71.2,-56.8],[-70.9,-56.8],[-70.7,-56.8],[-70.6,-56.3],[-69.9,-56.1],[-69.3,-55.9],[-69,-55.6],[-68.7,-55.6],[-69.1,-55.1],[-68.4,-55.1],[-69.1,-54.8],[-69.3,-54.9],[-69.6,-54.9],[-69.5,-54.6],[-69.4,-53.9],[-68.9,-53.6],[-68.1,-53.1],[-67.2,-52.2],[-66.8,-51.5],[-58.5,-55.6],[-54.7,-56.9]]]]}},{"type":"Feature","properties":{},"geometry":{"type":"MultiPolygon","coordinates":[[[[-74.3,-58.3],[-75,-58],[-75.4,-57.9],[-75.3,-57.8],[-75,-57.8],[-74.6,-57.9],[-74.3,-58],[-74.1,-58.1],[-74.3,-58.3]]]]}},{"type":"Feature","properties":{},"geometry":{"type":"MultiPolygon","coordinates":[[[[-70.3,-54.7],[-69.8,-54.9],[-69.9,-55.2],[-70.4,-55.4],[-70.9,-55.7],[-71.2,-56.1],[-71.7,-56],[-71.8,-55.9],[-71.2,-55.2],[-70.2,-54.6],[-70.3,-54.7]]]]}},{"type":"Feature","properties":{},"geometry":{"type":"MultiPolygon","coordinates":[[[[-71.4,-57.3],[-71.5,-57.5],[-71.9,-57.6],[-72.1,-57.4],[-72.1,-57.3],[-71.8,-57.2],[-71.4,-57.2],[-71.4,-57.3]]]]}},{"type":"Feature","properties":{},"geometry":{"type":"MultiPolygon","coordinates":[[[[-72.9,-57.5],[-73.2,-57.6],[-73.5,-57.4],[-72.9,-57.5]]]]}},{"type":"Feature","properties":{},"geometry":{"type":"MultiPolygon","coordinates":[[[[-72.8,-57.1],[-72.9,-57.2],[-73.1,-57.1],[-72.8,-57.1]]]]}},{"type":"Feature","properties":{},"geometry":{"type":"MultiPolygon","coordinates":[[[[-74,-57.7],[-74.1,-57.7],[-74.2,-57.9],[-74.1,-57.6],[-74,-57.7]]]]}},{"type":"Feature","properties":{},"geometry":{"type":"MultiPolygon","coordinates":[[[[-72.4,-57.2],[-72.7,-57.1],[-72.4,-57.1],[-72.4,-57.2]]]]}},{"type":"Feature","properties":{},"geometry":{"type":"MultiPolygon","coordinates":[[[[-72.3,-56.8],[-72.5,-56.7],[-72.4,-56.7],[-72.3,-56.8]]]]}},{"type":"Feature","properties":{},"geometry":{"type":"MultiPolygon","coordinates":[[[[-138,-68.8],[-138.9,-69.1],[-138.9,-68.9],[-138.9,-68.8],[-138,-68.8]]]]}},{"type":"Feature","properties":{},"geometry":{"type":"MultiPolygon","coordinates":[[[[-168.7,-67.7],[-166.2,-67.6],[-165.8,-67.4],[-165.5,-67.4],[-165.1,-67.3],[-164.8,-67.3],[-164.3,-67.2],[-160,-66.8],[-157.2,-66.9],[-159.7,-67.7],[-159.8,-67.9],[-159.4,-68.2],[-160.8,-68.1],[-161.7,-68.2],[-162.5,-68],[-163.2,-68.4],[-163.5,-68.9],[-164.9,-69.7],[-166.7,-70],[-167.8,-70.2],[-169,-70.2],[-170.1,-69.9],[-170,-69.8],[-171.1,-69.4],[-172.9,-69.2],[-172.8,-69],[-173.1,-69],[-171.8,-68.7],[-171.9,-68.6],[-171.8,-68.5],[-171.7,-68.5],[-171.5,-68.4],[-171.4,-68.3],[-171.1,-68.2],[-171,-68.1],[-170.2,-68],[-169.3,-68],[-168.7,-67.7]]]]}},{"type":"Feature","properties":{},"geometry":{"type":"MultiPolygon","coordinates":[[[[-171,-70],[-171.1,-70.2],[-171.3,-70.4],[-172.3,-70.4],[-171.8,-70.2],[-171,-70]]]]}},{"type":"Feature","properties":{},"geometry":{"type":"MultiPolygon","coordinates":[[[[-180,-73.3],[-179.2,-73],[-178.9,-73.1],[-179.3,-73.4],[-179.9,-73.3],[-180,-73.3]]]]}},{"type":"Feature","properties":{},"geometry":{"type":"MultiPolygon","coordinates":[[[[77.2,9.9],[77.7,9.7],[78.3,9.3],[78.8,8.6],[78.9,8.3],[78.9,8.1],[79.2,7.9],[79.5,7.5],[79.2,7.4],[79.4,7.1],[79.5,6.8],[79.7,6.6],[79.4,6.1],[79,5.4],[78.7,5.6],[77.6,8.4],[77.2,9.9]]]]}},{"type":"Feature","properties":{},"geometry":{"type":"MultiPolygon","coordinates":[[[[70.3,12],[70.7,11.3],[73,10.5],[75.5,10],[76.9,9.4],[79.1,6.3],[78.4,4.6],[78.1,4.6],[78.1,4.5],[77.9,4.5],[76.8,4.7],[73.7,5.5],[71.3,6.8],[70.1,9.5],[70.2,11.8],[70.3,12]]]]}},{"type":"Feature","properties":{},"geometry":{"type":"MultiPolygon","coordinates":[[[[70.8,5.9],[72.3,4.3],[71.7,4.2],[71.6,4.5],[71.5,4.9],[71,4.7],[70.3,6.1],[70.8,5.9]]]]}},{"type":"Feature","properties":{},"geometry":{"type":"MultiPolygon","coordinates":[[[[-16.7,40.3],[-17.1,40.2],[-17.5,40.7],[-17.6,41.2],[-17.7,41.8],[-17.6,42.8],[-18.3,42.4],[-17.9,43.2],[-17.1,42.9],[-16.7,41.7],[-16.4,41],[-16.7,40.3]]]]}},{"type":"Feature","properties":{},"geometry":{"type":"MultiPolygon","coordinates":[[[[111.3,9.5],[111.4,8.2],[111.4,7.3],[110.4,8.1],[110.3,8.2],[110.3,8.9],[110.3,9.8],[111.1,10.5],[111.3,9.5]]]]}},{"type":"Feature","properties":{},"geometry":{"type":"MultiPolygon","coordinates":[[[[145.1,-35.5],[146.9,-36.7],[147.4,-37.8],[147.3,-37.7],[146.4,-37.2],[145.7,-36.9],[145.1,-36.9],[144.8,-36.9],[144.4,-36.9],[144.2,-36.7],[144.1,-36.8],[144,-36.8],[143.7,-36.9],[143.5,-36.8],[143.2,-37],[143.3,-37.3],[142.7,-37.4],[142.3,-37.8],[141.3,-37.8],[142.5,-37.9],[142.1,-38.9],[140.9,-39],[139.1,-38.5],[138,-38.2],[137.2,-38.4],[137.4,-37.8],[137.3,-37.5],[136.5,-37.3],[136.6,-37],[135.9,-36.3],[135.8,-36.2],[135.7,-36],[135.6,-35.8],[135.3,-35.8],[135.1,-35.7],[135,-35.7],[134.8,-35.6],[134.8,-35.7],[134.5,-35.6],[134.2,-35.5],[133.9,-35.5],[132,-35.3],[132,-34.5],[134.5,-34.2],[136.1,-34.1],[139.8,-34.7],[143.2,-34.9],[145.1,-35.5]]]]}},{"type":"Feature","properties":{},"geometry":{"type":"MultiPolygon","coordinates":[[[[136.8,-38.7],[135.8,-38.5],[136.2,-37.9],[137.2,-38.2],[136.8,-38.7]]]]}},{"type":"Feature","properties":{},"geometry":{"type":"MultiPolygon","coordinates":[[[[22.4,-12.1],[21.6,-12.7],[21.3,-13.1],[20.9,-12.9],[20.2,-11.5],[20.4,-11],[20.7,-11.1],[21,-11.5],[22,-12],[22.5,-12.1],[22.4,-12.1]]]]}},{"type":"Feature","properties":{},"geometry":{"type":"MultiPolygon","coordinates":[[[[25.6,-9],[25.5,-9.3],[25.3,-10.1],[24.6,-10.2],[23.8,-10.1],[24.3,-9.7],[25,-8.4],[24.8,-8.1],[25.6,-9]]]]}},{"type":"Feature","properties":{},"geometry":{"type":"MultiPolygon","coordinates":[[[[28.2,-11.7],[28.2,-11.8],[28.2,-12.2],[28,-12.8],[27.9,-12.6],[27.8,-12.9],[27.3,-13.2],[26.9,-13],[26.3,-12.7],[26.4,-12.2],[26.4,-12.1],[26.4,-12],[26.2,-11.5],[26.2,-11.1],[26.1,-10.2],[26.3,-10.2],[26.5,-9.8],[26.5,-9.9],[26.8,-9.4],[27,-9.3],[28.2,-11.7]]]]}},{"type":"Feature","properties":{},"geometry":{"type":"MultiPolygon","coordinates":[[[[26.2,-11.3],[26,-11],[26.1,-11.1],[26.2,-11.3]]]]}},{"type":"Feature","properties":{},"geometry":{"type":"MultiPolygon","coordinates":[[[[28.3,-13.9],[27.9,-14.1],[27.4,-14.1],[27.5,-14.3],[27.2,-14.3],[26.8,-14.9],[26.6,-14.6],[26.4,-14.6],[26.1,-14.4],[26,-14.2],[26.2,-13.5],[26.1,-13.1],[26.3,-13.1],[26.7,-13],[27.4,-13.6],[27.4,-13.3],[27.8,-13.1],[28,-13.3],[28.3,-13.8],[28.3,-13.9]]]]}},{"type":"Feature","properties":{},"geometry":{"type":"MultiPolygon","coordinates":[[[[28.5,-14],[28.1,-13.6],[28.2,-13],[28.5,-14]]]]}},{"type":"Feature","properties":{},"geometry":{"type":"MultiPolygon","coordinates":[[[[28.5,-15.7],[27.6,-16.2],[27.5,-16.2],[26.4,-16.2],[26.4,-15.8],[26.8,-15.9],[27.5,-15.7],[28.2,-15.8],[28.5,-15.7]]]]}},{"type":"Feature","properties":{},"geometry":{"type":"MultiPolygon","coordinates":[[[[41.2,-16.4],[41.2,-16.5],[41.4,-16.6],[41.7,-16.9],[42,-17.1],[41.1,-17.4],[40.1,-17.5],[39.4,-17.6],[38.2,-18],[37.4,-17.9],[37,-18.1],[35.7,-17.8],[35.3,-17.9],[34.6,-17.7],[33.3,-16.1],[32.5,-15.9],[32.1,-15.8],[31.9,-15.7],[31.7,-15.3],[31.6,-15.4],[31.3,-15.3],[31.1,-15.2],[31.4,-15.2],[31.2,-14.8],[31.1,-14.6],[31.3,-14.4],[31.1,-14],[31.2,-13.7],[31.6,-13.4],[32.5,-13.4],[33.2,-13.1],[33.8,-13.2],[34.7,-13.6],[35.5,-14],[36.4,-14.3],[38.4,-16.4],[40.3,-16.4],[41.2,-16.4]]]]}},{"type":"Feature","properties":{},"geometry":{"type":"MultiPolygon","coordinates":[[[[41.3,-15.4],[40.4,-15.5],[38.6,-15.6],[36.7,-13.6],[37.8,-13.7],[38.8,-13.7],[39.4,-13.7],[39.6,-14.1],[39.8,-14.4],[40,-14.6],[40.3,-14.7],[40.7,-14.8],[40.8,-15],[41,-15.1],[41.2,-15.3],[41.3,-15.4]]]]}},{"type":"Feature","properties":{},"geometry":{"type":"MultiPolygon","coordinates":[[[[42.4,-5],[43.8,-5.1],[44.8,-5.4],[45.2,-5.9],[47.2,-8.9],[45.2,-8.9],[43.7,-8.8],[41.4,-7.4],[41.1,-7.1],[40.9,-7],[40.5,-6.8],[40.4,-6.7],[40.3,-6.4],[40.1,-6.3],[40,-6.2],[39.8,-6],[39.4,-5.9],[39.1,-5.8],[38.9,-5.6],[38.7,-5.4],[38.4,-5],[38.2,-4.9],[38,-4.5],[37,-3.3],[37.9,-3.5],[38,-4],[38.5,-4.5],[39.1,-4.8],[39.5,-5.1],[40.7,-5.2],[42.4,-5]]]]}},{"type":"Feature","properties":{},"geometry":{"type":"MultiPolygon","coordinates":[[[[38.7,-3.8],[38.8,-3.9],[38.8,-4],[38.2,-4],[37,-4.2],[36.3,-4.1],[35.4,-4],[34.6,-3.7],[33.6,-3.5],[32.9,-3.3],[32.3,-3.6],[31.5,-3.9],[31,-4],[30.7,-3.8],[30.9,-3.7],[31,-3.7],[31.1,-3.9],[31.2,-3.5],[31.4,-3.4],[31.6,-2.8],[31.3,-2.2],[32.2,-2],[32.5,-2.2],[32.6,-2.3],[33.3,-2.4],[34.2,-2.5],[33.8,-2.2],[34,-2.4],[34.3,-2.6],[34.8,-3],[35.1,-3],[35.6,-3],[36.2,-3.1],[36.6,-3.1],[36.9,-3.2],[37.4,-3.3],[37.6,-3.3],[38.2,-3.6],[38.5,-3.7],[38.7,-3.8]]]]}},{"type":"Feature","properties":{},"geometry":{"type":"MultiPolygon","coordinates":[[[[31.7,-1.7],[32,-1.8],[32.3,-1.8],[31.8,-1.9],[31.9,-1.8],[31.7,-1.7]]]]}},{"type":"Feature","properties":{},"geometry":{"type":"MultiPolygon","coordinates":[[[[31.1,-2.8],[31.1,-3.2],[31,-2.9],[30.7,-2.8],[31.1,-2.8]]]]}},{"type":"Feature","properties":{},"geometry":{"type":"MultiPolygon","coordinates":[[[[30.6,-1.9],[30.6,-2.1],[30.5,-2.1],[30.6,-1.9]]]]}},{"type":"Feature","properties":{},"geometry":{"type":"MultiPolygon","coordinates":[[[[37,-3.2],[37.7,-4.1],[38.1,-4.8],[37.8,-4.6],[37.3,-4.3],[37,-4.3],[36.5,-4.2],[36.2,-4.1],[35.8,-4.1],[35.3,-4],[34.8,-3.9],[34.5,-3.9],[33.9,-3.6],[33.6,-3.4],[33.4,-3.2],[33.1,-2.9],[33.2,-2.8],[34.1,-3.1],[34.9,-3.3],[37,-3.2]]]]}},{"type":"Feature","properties":{},"geometry":{"type":"MultiPolygon","coordinates":[[[[8.8,33.3],[9.2,33],[8.8,33.1],[8.9,32.8],[9,32.5],[8.7,32.4],[8.2,32.5],[8.2,32.9],[7.9,33],[7.9,32.8],[7.4,33.2],[7.4,33.4],[7.7,33.7],[7.8,33.3],[8.2,33.3],[8.6,33.3],[8.8,33.3]]]]}},{"type":"Feature","properties":{},"geometry":{"type":"MultiPolygon","coordinates":[[[[10.4,32.5],[10.9,31.8],[10.4,31.7],[10.1,31.8],[9.8,32],[9.6,32.1],[9.8,32.7],[9.1,32.3],[9.3,32.5],[9.5,32.9],[10.4,32.5]]]]}},{"type":"Feature","properties":{},"geometry":{"type":"MultiPolygon","coordinates":[[[[50.4,-21.9],[50.7,-24],[52.6,-26.2],[55,-27.2],[55.1,-28.8],[53.7,-27.8],[51.9,-26.9],[50.2,-25.6],[49.4,-24.7],[48.7,-23.8],[47.9,-23.3],[46,-22.4],[45.2,-21],[44.3,-19.8],[43.8,-18.8],[43.5,-18.3],[43.4,-17.8],[43.4,-17.4],[43.9,-17.3],[45.7,-17.4],[46,-18.5],[46.7,-19.4],[47.7,-20.2],[48.6,-20.9],[50.4,-21.9]]]]}},{"type":"Feature","properties":{},"geometry":{"type":"MultiPolygon","coordinates":[[[[49,-19.3],[51.3,-19.4],[51.8,-19.2],[53.7,-18.7],[54.8,-19],[53.6,-19.8],[50.4,-21.9],[48.6,-20.9],[47.7,-20.2],[46.7,-19.4],[46,-18.5],[45.7,-17.4],[47.4,-17.7],[47.7,-18.4],[48.5,-19],[49,-19.3]]]]}},{"type":"Feature","properties":{},"geometry":{"type":"MultiPolygon","coordinates":[[[[29,10.5],[28.9,8.9],[28.6,8.7],[28,8.6],[27.1,8.5],[26.3,8.6],[26.4,9.3],[27.5,11.1],[28.1,11],[28.8,10.7],[29,10.5]]]]}},{"type":"Feature","properties":{},"geometry":{"type":"MultiPolygon","coordinates":[[[[12.1,-7.1],[12.4,-7.5],[13.3,-8.1],[14.6,-9.6],[14.2,-9.5],[13.9,-9.2],[13.1,-8.4],[11.8,-7.9],[10.2,-6.9],[9.3,-6.6],[8.7,-6.1],[9.6,-6.1],[10.2,-6.4],[11.9,-6.8],[12.1,-7.1]]]]}},{"type":"Feature","properties":{},"geometry":{"type":"MultiPolygon","coordinates":[[[[7.5,-5],[8,-5.3],[8,-5.5],[8.2,-5.7],[8.4,-5.8],[7.4,-5.6],[6.4,-5.5],[5.6,-4.9],[5.2,-4.1],[6.7,-3.5],[6.6,-4.4],[7,-4.8],[7.5,-5]]]]}},{"type":"Feature","properties":{},"geometry":{"type":"MultiPolygon","coordinates":[[[[11.3,-8.4],[10.8,-8.3],[10.1,-7.7],[10.5,-7.2],[10.9,-8.2],[11.3,-8.4]]]]}},{"type":"Feature","properties":{},"geometry":{"type":"MultiPolygon","coordinates":[[[[28,12.4],[28.4,11.9],[28.8,11.3],[29,10.5],[28.2,11],[27.7,11],[26.6,9.7],[26.1,8.7],[25.9,8.4],[23.6,6],[22,5.3],[22.2,6.1],[24.4,8.8],[26.2,11.5],[28,12.4]]]]}},{"type":"Feature","properties":{},"geometry":{"type":"MultiPolygon","coordinates":[[[[-19.7,38.8],[-20.3,38.1],[-21.3,37.8],[-22,37.3],[-23,36.4],[-23.5,35.8],[-23.6,36.6],[-24.1,37.3],[-24.6,38.1],[-24.9,39.7],[-24.9,41.2],[-24.9,42.8],[-24.6,42.6],[-24.3,42.1],[-23.4,42.1],[-23.2,42.4],[-23,42],[-22.6,41],[-21.3,39.1],[-19.6,38.9],[-19.7,38.8]]]]}},{"type":"Feature","properties":{},"geometry":{"type":"MultiPolygon","coordinates":[[[[-49.2,19.8],[-50.4,18.8],[-49.8,17.8],[-48.9,16.5],[-48.4,15],[-48,13.1],[-48.3,12],[-49.1,12.4],[-49.7,13.3],[-50.6,15.4],[-50.5,15.8],[-50.7,15.6],[-51,16.1],[-51.4,18.5],[-50.9,19.8],[-50.6,20.4],[-49.2,19.8]]]]}},{"type":"Feature","properties":{},"geometry":{"type":"MultiPolygon","coordinates":[[[[-20.9,45],[-20.3,45.3],[-19.6,44.5],[-19.1,43.6],[-19.3,43],[-19.9,43.8],[-20.4,44.5],[-20.9,45]]]]}},{"type":"Feature","properties":{},"geometry":{"type":"MultiPolygon","coordinates":[[[[74.4,12],[74.5,11.5],[74.7,11.2],[73.4,11],[71.7,11.4],[71.2,12.4],[72,12.5],[74.4,12]]]]}},{"type":"Feature","properties":{},"geometry":{"type":"MultiPolygon","coordinates":[[[[74.2,11.2],[74.4,11.2],[74.7,11.1],[74.9,11],[76,10.4],[76.2,10.4],[73.3,10.4],[71,11.1],[70.6,11.8],[72.1,11.4],[74.2,11.2]]]]}},{"type":"Feature","properties":{},"geometry":{"type":"MultiPolygon","coordinates":[[[[76,10.4],[76.2,10.3],[76.5,10.2],[76.9,10.3],[77,10.2],[76.4,9.9],[75.3,10.3],[76,10.4]]]]}},{"type":"Feature","properties":{},"geometry":{"type":"MultiPolygon","coordinates":[[[[-17.5,40.9],[-17.1,40.8],[-17.4,40.3],[-17.5,40.9]]]]}},{"type":"Feature","properties":{},"geometry":{"type":"MultiPolygon","coordinates":[[[[26.4,4.6],[26.4,4.3],[26,3.7],[26.3,3.2],[26.4,2.9],[26.9,3.2],[27.1,3],[27,2.9],[27,2.7],[27,2.6],[26.7,2.6],[26,2.5],[25.6,2.7],[25.5,3],[25.5,3.9],[25.6,4.6],[25.9,4.8],[26.2,5.4],[26.3,5.8],[26.3,5.9],[26.4,4.6]]]]}},{"type":"Feature","properties":{},"geometry":{"type":"MultiPolygon","coordinates":[[[[14.2,-9.5],[9.5,-9],[5.3,-7],[0.7,-5.2],[2.1,-4.1],[4.2,-4.1],[5.2,-4.1],[5.7,-4.9],[6.7,-5.6],[7.6,-5.6],[8.4,-5.9],[8.6,-6.1],[8.9,-6.1],[9.6,-6.8],[10.7,-7.4],[12.3,-8.2],[13.7,-8.9],[14.2,-9.5]]]]}},{"type":"Feature","properties":{},"geometry":{"type":"MultiPolygon","coordinates":[[[[-19.8,46.2],[-19.3,46.7],[-18.3,45.9],[-18,44.5],[-17.7,43.7],[-18.4,44.1],[-18.9,45.6],[-19.8,46.2]]]]}},{"type":"Feature","properties":{},"geometry":{"type":"MultiPolygon","coordinates":[[[[-24.6,38.6],[-25.7,39.3],[-25.9,37.8],[-26.7,37.5],[-27.3,36.9],[-28,37.1],[-27.7,37.9],[-27.3,39.6],[-27.5,41.2],[-28.6,42.5],[-29.8,43.6],[-29.1,43.4],[-28.1,43.2],[-26.9,42.9],[-25.7,42.8],[-24.3,41.2],[-24.3,39.6],[-24.6,38.6]]]]}},{"type":"Feature","properties":{},"geometry":{"type":"MultiPolygon","coordinates":[[[[-16.2,36.2],[-14.1,40.3],[-10.1,44.1],[-9.7,43.4],[-9.5,42.8],[-9.6,42.9],[-9.7,42.1],[-10,42.3],[-10,42.1],[-9.7,41.8],[-9.9,41.7],[-10,41],[-10,40.7],[-10.3,40.8],[-10.5,40.9],[-10.7,41],[-10.7,40.6],[-10.6,40.5],[-10.9,40.6],[-11.4,40],[-11.7,40.1],[-12.1,40.1],[-12.3,39.8],[-12.5,39.3],[-13.2,39],[-13.5,38.6],[-14.1,38.2],[-15,37.1],[-15.9,36.4],[-16.2,36.2]]]]}},{"type":"Feature","properties":{},"geometry":{"type":"MultiPolygon","coordinates":[[[[-60.2,-68],[-59.7,-68.1],[-60,-68.1],[-59.8,-68.3],[-59.7,-68.4],[-59.6,-68.2],[-59.1,-68.5],[-59.1,-68.6],[-60.1,-68.5],[-60.5,-68.6],[-60.9,-68.6],[-61.4,-68.6],[-61.7,-68.4],[-61.7,-68.6],[-61.9,-68.7],[-62.5,-68.7],[-62.2,-68.3],[-61.9,-68.2],[-61.2,-68.3],[-61,-68],[-60.2,-68]]]]}},{"type":"Feature","properties":{},"geometry":{"type":"MultiPolygon","coordinates":[[[[-61,-67.9],[-63.1,-68.1],[-63.9,-68.1],[-64.1,-68.1],[-64.5,-67.9],[-64.3,-67.9],[-63.7,-68],[-63.1,-67.9],[-63,-67.8],[-62.8,-67.8],[-62.8,-67.6],[-62.2,-67.7],[-62,-67.7],[-61.6,-67.9],[-61,-67.9]]]]}},{"type":"Feature","properties":{},"geometry":{"type":"MultiPolygon","coordinates":[[[[-63.8,-67.7],[-64.2,-67.7],[-64.3,-67.7],[-63.8,-67.7]]]]}},{"type":"Feature","properties":{},"geometry":{"type":"MultiPolygon","coordinates":[[[[-11.1,61.6],[-13.1,61.8],[-14.9,61.7],[-14.9,62.8],[-11.1,62.3],[-10.6,61.8],[-11.1,61.6]]]]}},{"type":"Feature","properties":{},"geometry":{"type":"MultiPolygon","coordinates":[[[[-9.3,62.4],[-6.3,63.6],[-8,62.1],[-9.3,62.4]]]]}},{"type":"Feature","properties":{},"geometry":{"type":"MultiPolygon","coordinates":[[[[-17.2,39.3],[-16.1,39.1],[-16.4,38.6],[-17.2,39.3]]]]}},{"type":"Feature","properties":{},"geometry":{"type":"MultiPolygon","coordinates":[[[[-16.8,40.1],[-16.7,40.4],[-16.4,41],[-14.3,43.8],[-14,43.9],[-15.5,42.1],[-16.3,40.1],[-16.8,40.1]]]]}},{"type":"Feature","properties":{},"geometry":{"type":"MultiPolygon","coordinates":[[[[-74.1,-58.6],[-74.8,-59],[-75.3,-58.8],[-75.3,-59],[-75.7,-58.6],[-75.7,-58.4],[-76.3,-58.4],[-76.2,-58.6],[-76.1,-58.6],[-76.2,-58.3],[-75.7,-58.3],[-75.2,-58.4],[-75.1,-58.3],[-74.9,-58.2],[-74.4,-58.3],[-74,-58.5],[-74.1,-58.5],[-74.1,-58.6]]]]}},{"type":"Feature","properties":{},"geometry":{"type":"MultiPolygon","coordinates":[[[[-75.3,-59.5],[-75.4,-59.6],[-75.5,-59.5],[-75.3,-59.3],[-75.3,-59.5]]]]}},{"type":"Feature","properties":{},"geometry":{"type":"MultiPolygon","coordinates":[[[[-75.7,-59.8],[-76.3,-59.7],[-76.4,-59.6],[-75.9,-59.6],[-75.7,-59.8]]]]}},{"type":"Feature","properties":{},"geometry":{"type":"MultiPolygon","coordinates":[[[[-76.4,-60.2],[-76.6,-60],[-76.4,-59.8],[-76.4,-60.2]]]]}},{"type":"Feature","properties":{},"geometry":{"type":"MultiPolygon","coordinates":[[[[-77,-60.6],[-77.5,-61],[-77,-60.5],[-77,-60.6]]]]}},{"type":"Feature","properties":{},"geometry":{"type":"MultiPolygon","coordinates":[[[[-78.4,-61.9],[-78.6,-62],[-79,-61.8],[-79.1,-61.7],[-78.9,-61.6],[-78.5,-61.8],[-78.4,-61.9]]]]}},{"type":"Feature","properties":{},"geometry":{"type":"MultiPolygon","coordinates":[[[[-78.7,-62.2],[-79,-62.3],[-79,-62],[-78.7,-62.2]]]]}},{"type":"Feature","properties":{},"geometry":{"type":"MultiPolygon","coordinates":[[[[-79,-62.6],[-79.6,-62.7],[-79.5,-62.4],[-79,-62.6]]]]}},{"type":"Feature","properties":{},"geometry":{"type":"MultiPolygon","coordinates":[[[[-79.6,-63.2],[-79.8,-63.2],[-79.6,-62.9],[-79.6,-63.2]]]]}},{"type":"Feature","properties":{},"geometry":{"type":"MultiPolygon","coordinates":[[[[-79.8,-63.8],[-79.9,-64.2],[-80,-64.3],[-80.1,-64.3],[-80,-64.4],[-81.1,-64.6],[-81.3,-64.4],[-80.9,-64.4],[-80.7,-64.2],[-80.3,-64.1],[-80.2,-64],[-80.6,-64.1],[-81,-64],[-80.7,-64],[-80.3,-63.7],[-79.8,-63.8]]]]}},{"type":"Feature","properties":{},"geometry":{"type":"MultiPolygon","coordinates":[[[[-80.2,-65.1],[-80.2,-65.2],[-80.6,-65.3],[-79.6,-65.9],[-80.5,-65.5],[-80.2,-65.1]]]]}},{"type":"Feature","properties":{},"geometry":{"type":"MultiPolygon","coordinates":[[[[-78.9,-66.9],[-79.1,-67.2],[-78.5,-67.1],[-77.5,-68],[-78.7,-67.6],[-79.6,-67.2],[-79.8,-67.2],[-80.2,-67.1],[-80.5,-67],[-80.4,-66.8],[-80.9,-66.6],[-81.2,-66.6],[-81.2,-66.4],[-81.4,-66.4],[-81.6,-66.3],[-81.5,-66.3],[-81.4,-66.1],[-81.1,-66.3],[-80.7,-66.5],[-80.4,-66.6],[-79.9,-66.8],[-79.8,-66.5],[-80,-66.2],[-79.5,-66.6],[-79.5,-66.9],[-78.9,-66.9]]]]}},{"type":"Feature","properties":{},"geometry":{"type":"MultiPolygon","coordinates":[[[[-77.3,-60.5],[-77.4,-60.7],[-77.8,-61],[-78.1,-61.3],[-78.4,-61.5],[-78.6,-61.6],[-79.1,-61.4],[-78.8,-61.4],[-78.5,-61.4],[-78.7,-61.2],[-78.6,-61.1],[-78.1,-61.1],[-78.3,-60.9],[-78.6,-61],[-78.7,-61.1],[-78.9,-61.3],[-79.1,-61.1],[-79.1,-61],[-79,-60.9],[-79.1,-60.8],[-78.8,-60.7],[-78.5,-60.9],[-78.7,-60.8],[-78.5,-60.9],[-78.4,-60.8],[-78.1,-60.8],[-77.9,-60.7],[-77.8,-60.6],[-77.7,-60.5],[-77.8,-60.5],[-77.4,-60.4],[-77.3,-60.5]]]]}},{"type":"Feature","properties":{},"geometry":{"type":"MultiPolygon","coordinates":[[[[-80.1,-64.6],[-80.2,-64.6],[-80.2,-64.9],[-80.6,-65],[-80.8,-65.2],[-81,-64.7],[-80.9,-64.8],[-80.6,-64.5],[-80.1,-64.6]]]]}},{"type":"Feature","properties":{},"geometry":{"type":"MultiPolygon","coordinates":[[[[-78.4,-67.7],[-78.9,-67.8],[-79.2,-67.8],[-79.2,-68],[-78.8,-68.2],[-79.1,-68.5],[-79.2,-68.3],[-79.5,-68.1],[-79.9,-67.9],[-79.6,-67.8],[-79.9,-67.7],[-80.1,-67.9],[-80.5,-67.8],[-80.3,-67.6],[-80.6,-67.4],[-80.5,-67.3],[-79.7,-67.5],[-78.4,-67.7]]]]}},{"type":"Feature","properties":{},"geometry":{"type":"MultiPolygon","coordinates":[[[[-81.4,-64.9],[-81.4,-65],[-81.4,-65.2],[-81,-65.3],[-81.1,-65.5],[-81.6,-65.6],[-81.8,-65.5],[-82.3,-65.4],[-82,-65.5],[-81.7,-65.3],[-82.6,-65.2],[-82.3,-65],[-81.8,-64.9],[-81.4,-64.9]]]]}},{"type":"Feature","properties":{},"geometry":{"type":"MultiPolygon","coordinates":[[[[-77.1,-68.4],[-78,-68.3],[-78.5,-68.1],[-77,-68.1],[-77.1,-68.4]]]]}},{"type":"Feature","properties":{},"geometry":{"type":"MultiPolygon","coordinates":[[[[-79.3,-66.3],[-79.6,-66.4],[-79.8,-66.1],[-79.3,-66.3]]]]}},{"type":"Feature","properties":{},"geometry":{"type":"MultiPolygon","coordinates":[[[[-82.2,-63.9],[-82.1,-64],[-81.6,-64.4],[-81.5,-64.7],[-81.8,-64.6],[-81.9,-64.4],[-82.1,-64.3],[-82.4,-64.2],[-82.2,-63.9]]]]}},{"type":"Feature","properties":{},"geometry":{"type":"MultiPolygon","coordinates":[[[[-77.4,-59.6],[-77.4,-59.7],[-77.6,-60],[-77.9,-60.2],[-77.8,-59.9],[-78,-59.8],[-77.8,-59.6],[-77.4,-59.6]]]]}},{"type":"Feature","properties":{},"geometry":{"type":"MultiPolygon","coordinates":[[[[-80.6,-65.8],[-80.4,-65.9],[-80.3,-66.2],[-80.4,-66.3],[-80.8,-66.2],[-80.7,-66],[-81.1,-66],[-80.6,-65.8]]]]}},{"type":"Feature","properties":{},"geometry":{"type":"MultiPolygon","coordinates":[[[[-80.7,-65.6],[-80.9,-65.8],[-81.1,-65.9],[-81.4,-66.1],[-81.4,-65.9],[-81.3,-65.8],[-81.3,-65.6],[-80.7,-65.6]]]]}},{"type":"Feature","properties":{},"geometry":{"type":"MultiPolygon","coordinates":[[[[-79.5,-61.3],[-79.4,-61.5],[-79.5,-61.5],[-79.2,-61.5],[-80.1,-61.6],[-79.7,-61.5],[-79.7,-61.4],[-79.5,-61.3]]]]}},{"type":"Feature","properties":{},"geometry":{"type":"MultiPolygon","coordinates":[[[[-77.1,-60.2],[-77.1,-60.5],[-77.5,-60.1],[-77.1,-60],[-77.1,-60.2]]]]}},{"type":"Feature","properties":{},"geometry":{"type":"MultiPolygon","coordinates":[[[[-79.5,-62.2],[-79.8,-62.4],[-80.1,-62.3],[-79.8,-62.3],[-79.6,-62.1],[-79.5,-62.2]]]]}},{"type":"Feature","properties":{},"geometry":{"type":"MultiPolygon","coordinates":[[[[-77.1,-59.8],[-77.2,-60],[-77.5,-59.9],[-77.4,-59.7],[-77.1,-59.8]]]]}},{"type":"Feature","properties":{},"geometry":{"type":"MultiPolygon","coordinates":[[[[-79,-62],[-79.3,-62.4],[-79.4,-62.2],[-79.3,-62.1],[-79.4,-61.9],[-79,-62]]]]}},{"type":"Feature","properties":{},"geometry":{"type":"MultiPolygon","coordinates":[[[[-80.6,-67],[-80.9,-67.1],[-81.2,-67.2],[-81.2,-67],[-81.6,-67],[-81.3,-66.9],[-80.6,-67]]]]}},{"type":"Feature","properties":{},"geometry":{"type":"MultiPolygon","coordinates":[[[[-79.6,-67.3],[-80.1,-67.4],[-80.1,-67.3],[-79.9,-67.2],[-79.6,-67.3]]]]}},{"type":"Feature","properties":{},"geometry":{"type":"MultiPolygon","coordinates":[[[[-80.2,-62.6],[-80.5,-62.7],[-81,-62.6],[-80.2,-62.6]]]]}},{"type":"Feature","properties":{},"geometry":{"type":"MultiPolygon","coordinates":[[[[-77.8,-60],[-78.4,-60.1],[-78.3,-60.1],[-78.2,-59.9],[-77.8,-60]]]]}},{"type":"Feature","properties":{},"geometry":{"type":"MultiPolygon","coordinates":[[[[-80.1,-61.7],[-80.2,-61.8],[-80.5,-62],[-80.6,-61.8],[-80.1,-61.7]]]]}},{"type":"Feature","properties":{},"geometry":{"type":"MultiPolygon","coordinates":[[[[-79.1,-60.9],[-79.4,-61.2],[-79.5,-60.9],[-79.1,-60.9]]]]}},{"type":"Feature","properties":{},"geometry":{"type":"MultiPolygon","coordinates":[[[[-78.3,-60.3],[-78.3,-60.4],[-78.5,-60.3],[-78.3,-60.3]]]]}},{"type":"Feature","properties":{},"geometry":{"type":"MultiPolygon","coordinates":[[[[-78.1,-60.6],[-78.5,-60.6],[-78.2,-60.6],[-78.1,-60.6]]]]}},{"type":"Feature","properties":{},"geometry":{"type":"MultiPolygon","coordinates":[[[[-81.2,-63],[-81.7,-63],[-81.5,-63],[-81.2,-63]]]]}},{"type":"Feature","properties":{},"geometry":{"type":"MultiPolygon","coordinates":[[[[-80.8,-63.9],[-81.4,-63.9],[-81.5,-63.9],[-80.8,-63.9]]]]}},{"type":"Feature","properties":{},"geometry":{"type":"MultiPolygon","coordinates":[[[[-77,-59.6],[-77,-59.8],[-77.2,-59.7],[-77,-59.6]]]]}},{"type":"Feature","properties":{},"geometry":{"type":"MultiPolygon","coordinates":[[[[-80.8,-62.4],[-80.9,-62.5],[-81.5,-62.6],[-80.8,-62.4]]]]}},{"type":"Feature","properties":{},"geometry":{"type":"MultiPolygon","coordinates":[[[[-78.4,-60.5],[-78.7,-60.6],[-79,-60.6],[-78.4,-60.5]]]]}},{"type":"Feature","properties":{},"geometry":{"type":"MultiPolygon","coordinates":[[[[-80.4,-63.4],[-80.4,-63.5],[-80.7,-63.4],[-80.4,-63.4]]]]}},{"type":"Feature","properties":{},"geometry":{"type":"MultiPolygon","coordinates":[[[[-79.7,-62.1],[-79.9,-62.2],[-80,-62.1],[-80.1,-62.1],[-79.9,-62],[-79.7,-62.1]]]]}},{"type":"Feature","properties":{},"geometry":{"type":"MultiPolygon","coordinates":[[[[-80,-63],[-80.1,-63.2],[-80.2,-63.1],[-80,-63]]]]}},{"type":"Feature","properties":{},"geometry":{"type":"MultiPolygon","coordinates":[[[[-80.9,-63.6],[-81.3,-63.7],[-81.1,-63.5],[-80.9,-63.6]]]]}},{"type":"Feature","properties":{},"geometry":{"type":"MultiPolygon","coordinates":[[[[-81.8,-64.7],[-82.2,-64.9],[-82.1,-64.7],[-81.8,-64.7]]]]}},{"type":"Feature","properties":{},"geometry":{"type":"MultiPolygon","coordinates":[[[[-76.8,-59.4],[-77.1,-59.5],[-77,-59.4],[-76.8,-59.4]]]]}},{"type":"Feature","properties":{},"geometry":{"type":"MultiPolygon","coordinates":[[[[84.8,-47.5],[86.6,-47.4],[88.9,-47.4],[87.7,-47.8],[86.6,-48.2],[83,-49.1],[84.8,-47.5]]]]}},{"type":"Feature","properties":{},"geometry":{"type":"MultiPolygon","coordinates":[[[[87.2,-46.6],[89.5,-46.7],[85.4,-47.6],[87.1,-46.7],[87.2,-46.6]]]]}},{"type":"Feature","properties":{},"geometry":{"type":"MultiPolygon","coordinates":[[[[89.5,-46.7],[92.1,-46.9],[93.4,-48.8],[90.7,-48],[88.9,-47.4],[86.6,-47.4],[89.5,-46.7]]]]}},{"type":"Feature","properties":{},"geometry":{"type":"MultiPolygon","coordinates":[[[[112.9,-48.8],[117.7,-48.4],[119.9,-47.9],[123.1,-47.1],[121.5,-47.9],[118.7,-48.7],[118.4,-48.6],[117.9,-49],[116.4,-49.4],[114.6,-50.2],[111.7,-51],[111.2,-50.9],[111.7,-50.3],[112.8,-49.2],[112.9,-48.8]]]]}},{"type":"Feature","properties":{},"geometry":{"type":"MultiPolygon","coordinates":[[[[120.8,-45.3],[124.2,-45.9],[123.1,-47.1],[119.9,-47.9],[117.7,-48.4],[112.9,-48.8],[114.1,-48.5],[114.8,-48.6],[115.1,-48.2],[116.4,-47.5],[117,-47.2],[117.6,-47.1],[117.8,-47],[118.6,-46.6],[119.1,-46.4],[118.4,-46.2],[119.5,-45.7],[120.8,-45.3]]]]}},{"type":"Feature","properties":{},"geometry":{"type":"MultiPolygon","coordinates":[[[[-79.4,52.3],[-79.3,52],[-79.3,51.8],[-79.7,51.7],[-79.4,52.1],[-79.4,52.3]]]]}},{"type":"Feature","properties":{},"geometry":{"type":"MultiPolygon","coordinates":[[[[-76.2,48.8],[-76.4,49],[-76.2,48.9],[-76.2,48.8]]]]}},{"type":"Feature","properties":{},"geometry":{"type":"MultiPolygon","coordinates":[[[[-80.7,52.4],[-80.5,52.2],[-80,51.8],[-80,51.7],[-79.8,51.5],[-79.8,51.4],[-79.8,51.3],[-79.5,51.4],[-79.6,51.1],[-79.7,51],[-79.5,51],[-79.5,50.9],[-79.8,50.9],[-79.9,51.2],[-80,51],[-80,51.2],[-80,51.4],[-80.4,51.3],[-80.3,51.5],[-80.8,51.7],[-80.6,52.3],[-80.7,52.4]]]]}},{"type":"Feature","properties":{},"geometry":{"type":"MultiPolygon","coordinates":[[[[-81.5,54.3],[-81.5,54],[-81.2,53.6],[-81.3,53.4],[-81.5,53.4],[-81.6,53.4],[-81.6,53.6],[-81.9,54.2],[-81.8,54.3],[-81.5,54.3]]]]}},{"type":"Feature","properties":{},"geometry":{"type":"MultiPolygon","coordinates":[[[[-79,51.5],[-79.1,51.4],[-79.2,51.8],[-79.1,51.8],[-79,51.5]]]]}},{"type":"Feature","properties":{},"geometry":{"type":"MultiPolygon","coordinates":[[[[-80.7,53.1],[-80.4,52.7],[-80.6,52.8],[-80.8,52.6],[-81.2,53],[-81.3,53.2],[-80.7,53.1]]]]}},{"type":"Feature","properties":{},"geometry":{"type":"MultiPolygon","coordinates":[[[[-76.9,49.4],[-76.5,48.7],[-76.9,48.8],[-76.9,48.9],[-76.9,49.2],[-76.9,49.4]]]]}},{"type":"Feature","properties":{},"geometry":{"type":"MultiPolygon","coordinates":[[[[-81.5,53.1],[-81,52.9],[-81.1,52.7],[-81.1,52.4],[-81.2,52.3],[-81.5,52.3],[-81.6,52.4],[-81.3,52.6],[-81.5,52.8],[-81.6,53],[-81.5,53.1]]]]}},{"type":"Feature","properties":{},"geometry":{"type":"MultiPolygon","coordinates":[[[[-77.9,50],[-77.3,49.3],[-77.6,49.6],[-77.7,49.7],[-77.9,49.9],[-77.9,50]]]]}},{"type":"Feature","properties":{},"geometry":{"type":"MultiPolygon","coordinates":[[[[-79.8,52.4],[-79.7,52.2],[-79.7,52],[-80,52.3],[-80,52.4],[-79.8,52.4]]]]}},{"type":"Feature","properties":{},"geometry":{"type":"MultiPolygon","coordinates":[[[[-80.5,51.4],[-80.4,51.1],[-80.4,51],[-80.5,51.2],[-80.5,51.4]]]]}},{"type":"Feature","properties":{},"geometry":{"type":"MultiPolygon","coordinates":[[[[-78.1,50.2],[-78,50],[-78.3,49.9],[-78.1,50.2]]]]}},{"type":"Feature","properties":{},"geometry":{"type":"MultiPolygon","coordinates":[[[[-80.7,52.3],[-81.1,52.1],[-81,52.3],[-80.7,52.3]]]]}},{"type":"Feature","properties":{},"geometry":{"type":"MultiPolygon","coordinates":[[[[-76.2,48.8],[-76.2,48.6],[-76.4,48.8],[-76.2,48.8]]]]}},{"type":"Feature","properties":{},"geometry":{"type":"MultiPolygon","coordinates":[[[[88.1,-47.7],[89.9,-47.8],[93.4,-49],[92.6,-49.2],[88.7,-48.6],[88.1,-47.7]]]]}},{"type":"Feature","properties":{},"geometry":{"type":"MultiPolygon","coordinates":[[[[107.8,-49.6],[104.5,-49.9],[105.2,-49.3],[107.8,-49.6]]]]}},{"type":"Feature","properties":{},"geometry":{"type":"MultiPolygon","coordinates":[[[[-54,41.9],[-52.8,38.9],[-53.9,39.5],[-54,39],[-54.2,38.3],[-54.4,37.2],[-54.5,35.3],[-54.6,36.3],[-54.8,37.1],[-55,38.4],[-55.6,38.7],[-55.7,39.2],[-54.9,39.4],[-55.4,40.6],[-54.6,41],[-55.2,42.1],[-54,41.9]]]]}},{"type":"Feature","properties":{},"geometry":{"type":"MultiPolygon","coordinates":[[[[-18.5,40.7],[-18.3,42.4],[-17.9,42.8],[-17.9,42],[-18.3,40.8],[-18.5,40.7]]]]}},{"type":"Feature","properties":{},"geometry":{"type":"MultiPolygon","coordinates":[[[[64.5,15],[65.6,12.9],[67.2,11.4],[68.1,8.7],[68,7.3],[68.7,6.1],[69,5.5],[66.5,7.8],[66.1,10.5],[65.1,12.7],[64.5,15]]]]}},{"type":"Feature","properties":{},"geometry":{"type":"MultiPolygon","coordinates":[[[[102.7,-48.5],[103.3,-48.6],[101.5,-48.9],[102.7,-48.5]]]]}},{"type":"Feature","properties":{},"geometry":{"type":"MultiPolygon","coordinates":[[[[107.5,-45],[110,-45.1],[111,-45.2],[111.9,-45.2],[113.2,-45.3],[115,-45.5],[114.6,-45.8],[113.6,-45.9],[113.1,-45.7],[112.7,-45.8],[111.9,-45.7],[112.2,-45.9],[111.5,-46],[111.2,-46],[111,-45.9],[110.4,-46],[110,-45.9],[109.9,-46.1],[109.6,-46.1],[109.3,-46.2],[109.1,-46.3],[108.9,-46.2],[108.5,-46.3],[107.9,-46.4],[107.2,-46.8],[107.3,-46.9],[106.4,-47.2],[105.8,-47.3],[105.2,-47.4],[104.5,-47.5],[107.5,-45]]]]}},{"type":"Feature","properties":{},"geometry":{"type":"MultiPolygon","coordinates":[[[[115.2,-45.5],[115.5,-45.5],[115.1,-45.7],[115.2,-45.5]]]]}},{"type":"Feature","properties":{},"geometry":{"type":"MultiPolygon","coordinates":[[[[71.9,13.9],[74.9,12.6],[74.9,12.5],[74.7,12.1],[74.5,11.9],[74.1,11.9],[71.5,12.8],[70.9,14],[71.9,13.9]]]]}},{"type":"Feature","properties":{},"geometry":{"type":"MultiPolygon","coordinates":[[[[-16.1,39.1],[-16.9,39.8],[-16.3,40.1],[-15.5,42.1],[-14,43.9],[-13.6,44.5],[-13.3,43.9],[-14.1,42.9],[-15.6,40.6],[-16,39.1],[-16.1,39.1]]]]}},{"type":"Feature","properties":{},"geometry":{"type":"MultiPolygon","coordinates":[[[[23.7,-10],[23.8,-9],[25,-10],[24.8,-10.8],[24.3,-9.9],[23.7,-10]]]]}},{"type":"Feature","properties":{},"geometry":{"type":"MultiPolygon","coordinates":[[[[-30.4,24.8],[-30.7,23.5],[-30.9,21.6],[-30.7,21.5],[-31.2,19.8],[-31.6,19.8],[-32.7,19.6],[-32.5,20.5],[-32.2,20.9],[-32.6,21],[-31.6,22.3],[-30.8,24.7],[-30.4,24.8]]]]}},{"type":"Feature","properties":{},"geometry":{"type":"MultiPolygon","coordinates":[[[[-8,72.2],[-16.9,74.3],[-16.4,74.5],[-13.8,74.9],[-12.8,74.7],[-8.1,75],[-5.2,75.9],[-2,76.8],[1.5,77.6],[2.4,77.9],[4.1,78.4],[3.1,77.2],[-1.8,74.2],[-8,72.2]]]]}},{"type":"Feature","properties":{},"geometry":{"type":"MultiPolygon","coordinates":[[[[6.8,59.1],[10.6,63.6],[8.8,66.3],[12.7,65.8],[13.5,64.7],[12.6,63.2],[8.9,60.1],[6.8,59.1]]]]}},{"type":"Feature","properties":{},"geometry":{"type":"MultiPolygon","coordinates":[[[[10.6,39.4],[11,39.4],[11.2,38.9],[11.3,38.8],[11.2,38.6],[11.1,38.7],[10.9,38.8],[10.7,39.2],[10.5,39.3],[10.6,39.4]]]]}},{"type":"Feature","properties":{},"geometry":{"type":"MultiPolygon","coordinates":[[[[11.4,41.1],[11.5,40.8],[10.9,41.2],[11.4,41.1]]]]}},{"type":"Feature","properties":{},"geometry":{"type":"MultiPolygon","coordinates":[[[[11.2,41.5],[10.9,41.3],[10.5,41.6],[11.2,41.5]]]]}},{"type":"Feature","properties":{},"geometry":{"type":"MultiPolygon","coordinates":[[[[10.5,39],[10.7,38.8],[10.7,38.5],[10.4,38.9],[10.5,39]]]]}},{"type":"Feature","properties":{},"geometry":{"type":"MultiPolygon","coordinates":[[[[11.6,40.5],[11.7,40.3],[11.6,40.7],[11.6,40.5]]]]}},{"type":"Feature","properties":{},"geometry":{"type":"MultiPolygon","coordinates":[[[[10.4,40],[11,40.3],[10.5,40],[10.4,40]]]]}},{"type":"Feature","properties":{},"geometry":{"type":"MultiPolygon","coordinates":[[[[10.1,40.3],[10.4,40.3],[10.3,40.3],[10.1,40.3]]]]}},{"type":"Feature","properties":{},"geometry":{"type":"MultiPolygon","coordinates":[[[[-6.4,33.9],[-6.4,34.3],[-6.1,34.7],[-5.8,34.6],[-6.1,34.1],[-6.4,33.9]]]]}},{"type":"Feature","properties":{},"geometry":{"type":"MultiPolygon","coordinates":[[[[-7.1,34.3],[-8,34.8],[-7.8,34.9],[-8.4,35.6],[-8.1,35.4],[-7.8,35.7],[-7.2,35.5],[-6.8,35.5],[-7,34.9],[-7.1,34.7],[-7.1,34.3]]]]}},{"type":"Feature","properties":{},"geometry":{"type":"MultiPolygon","coordinates":[[[[0.7,34.8],[0.3,33.8],[0.2,33.6],[0,33.2],[-0.1,33.2],[-0.3,33.1],[-0.4,33.1],[-0.8,33.1],[-1,33],[-1.4,33.3],[-1.3,33.6],[-1.1,34],[-0.7,33.9],[-0.3,34],[-0.6,34.2],[-0.6,34.3],[-0.8,34.4],[-1,34.6],[-0.9,34.7],[-0.6,35.1],[-0.4,34.9],[-0.5,35.1],[-0.2,35.2],[0.1,35.2],[0.4,35.7],[0.7,35.5],[0.8,35.7],[0.6,34.9],[0.7,34.8]]]]}},{"type":"Feature","properties":{},"geometry":{"type":"MultiPolygon","coordinates":[[[[-6,36.5],[-6.7,36.2],[-7.4,36],[-7.2,36.5],[-7.8,36.4],[-8,36.4],[-8.4,36.4],[-8.3,36.6],[-8.5,36.7],[-8.4,37],[-8.2,37.2],[-7.4,36.9],[-6.3,36.6],[-6.2,36.6],[-6,36.5]]]]}},{"type":"Feature","properties":{},"geometry":{"type":"MultiPolygon","coordinates":[[[[-2.4,35.3],[-2.3,34.9],[-2.4,34.6],[-2.7,34],[-3.2,34],[-3.1,34.8],[-3.3,35.2],[-2.9,35.1],[-3,35.2],[-2.8,35.5],[-2.4,35.3]]]]}},{"type":"Feature","properties":{},"geometry":{"type":"MultiPolygon","coordinates":[[[[-2.1,33.4],[-2.6,33.5],[-2.3,33.7],[-2.2,34.2],[-1.8,34],[-2,33.6],[-2.1,33.4]]]]}},{"type":"Feature","properties":{},"geometry":{"type":"MultiPolygon","coordinates":[[[[-5.1,35.4],[-5.6,35.9],[-4.7,35.6],[-4.9,35.5],[-5.1,35.4]]]]}},{"type":"Feature","properties":{},"geometry":{"type":"MultiPolygon","coordinates":[[[[-4,35.8],[-4.6,36.1],[-4.7,36.4],[-4,35.8]]]]}},{"type":"Feature","properties":{},"geometry":{"type":"MultiPolygon","coordinates":[[[[-2.3,33.3],[-2.1,33],[-2.6,33.1],[-2.3,33.3]]]]}},{"type":"Feature","properties":{},"geometry":{"type":"MultiPolygon","coordinates":[[[[10.4,32.5],[9.5,33],[9.2,33.2],[8.9,33.3],[8,34],[8.2,34.1],[8.6,34],[9.3,33.9],[9.9,33.8],[9.9,33.4],[10.4,32.6],[10.4,32.5]]]]}},{"type":"Feature","properties":{},"geometry":{"type":"MultiPolygon","coordinates":[[[[8,34.8],[8.5,34.9],[8.5,35.1],[8.6,35.2],[8.8,35.2],[8.9,35.3],[9.2,35.4],[9.6,35.4],[9.8,34.8],[9.5,34.5],[9.1,34.4],[8.6,34.2],[8.3,34.4],[8.4,34.5],[8,34.8]]]]}},{"type":"Feature","properties":{},"geometry":{"type":"MultiPolygon","coordinates":[[[[11.3,33.5],[11.2,33.2],[10.3,33.4],[11.3,33.5]]]]}},{"type":"Feature","properties":{},"geometry":{"type":"MultiPolygon","coordinates":[[[[9.9,33.8],[10.4,33.7],[10,33.5],[9.9,33.8]]]]}},{"type":"Feature","properties":{},"geometry":{"type":"MultiPolygon","coordinates":[[[[89.5,-45.7],[95.4,-45.9],[98.2,-46.2],[102.8,-46.1],[106.2,-44.9],[107.5,-45.1],[105.3,-46.9],[103.9,-47.8],[103.2,-47.7],[103,-48],[102.4,-48.2],[102.1,-48.5],[100.1,-48.9],[94.6,-49.3],[93.4,-47.9],[91.8,-46.6],[89.1,-46.7],[87.9,-46.2],[88.7,-46],[89.5,-45.7]]]]}},{"type":"Feature","properties":{},"geometry":{"type":"MultiPolygon","coordinates":[[[[71.8,5.8],[74,5.4],[77.9,4.3],[78.1,4.1],[78,4],[78.1,3.8],[78,3.5],[77.9,3.2],[77,2.1],[76.6,3.3],[76.1,3.3],[75.7,3.6],[75.1,3.2],[75,3.6],[74.7,3.8],[74.5,3.4],[74.2,3.9],[74.1,4],[73.5,4.4],[73.2,4.3],[73.1,4.5],[72.9,4.5],[72.6,4.5],[70.8,5.9],[71.8,5.8]]]]}},{"type":"Feature","properties":{},"geometry":{"type":"MultiPolygon","coordinates":[[[[82.2,-0.9],[82,-1],[81.7,-0.9],[82.2,-0.9]]]]}},{"type":"Feature","properties":{},"geometry":{"type":"MultiPolygon","coordinates":[[[[75.6,3.3],[75.6,3],[75.5,3.3],[75.6,3.3]]]]}},{"type":"Feature","properties":{},"geometry":{"type":"MultiPolygon","coordinates":[[[[-45.9,-15.1],[-46.4,-15.4],[-46.7,-15.5],[-46.8,-16.1],[-47.4,-16.6],[-48.2,-16.3],[-49.6,-15.6],[-49.4,-13.4],[-48.4,-11.6],[-47.2,-9.9],[-46.4,-8.2],[-45.4,-7.5],[-45.2,-7.1],[-44.8,-6.8],[-43.9,-6.9],[-44.8,-10],[-45.9,-15.1]]]]}},{"type":"Feature","properties":{},"geometry":{"type":"MultiPolygon","coordinates":[[[[112.7,-44.5],[113.7,-44.5],[117,-44.8],[118.9,-45.2],[118,-45.7],[117.2,-45.7],[116.1,-46.2],[115.9,-46],[115.5,-46.1],[115,-46.1],[114.8,-46],[114.1,-46.1],[113,-45.9],[112,-46.1],[111.3,-46.3],[111,-46.3],[110.9,-46.3],[110.5,-46.5],[110.2,-46.5],[109.8,-46.5],[109.1,-46.7],[108.9,-46.9],[107.5,-45.8],[108.2,-45.8],[109.6,-45.4],[111,-45.4],[111.5,-45.4],[112.3,-44.7],[112.7,-44.5]]]]}},{"type":"Feature","properties":{},"geometry":{"type":"MultiPolygon","coordinates":[[[[-41.5,-7.5],[-41.5,-8.1],[-41.4,-8.5],[-41.2,-9],[-41.3,-9.4],[-41.3,-9.6],[-41.4,-10.2],[-41.6,-10.7],[-41.7,-11.2],[-41.7,-11.8],[-43.4,-12.6],[-46.2,-14.1],[-47.8,-14.9],[-49,-15.4],[-49.1,-15.2],[-49.4,-15.4],[-49.6,-15.4],[-50,-14.7],[-49.6,-14.2],[-49,-13.8],[-48.7,-13.3],[-47.9,-13.1],[-47.3,-12.5],[-46.7,-12.7],[-46.5,-12.6],[-46.3,-12.4],[-46,-12.3],[-45.8,-11.9],[-45.6,-11.7],[-45.2,-11.9],[-45,-11.8],[-44.7,-11.8],[-44.5,-11.7],[-44.5,-11.5],[-44.3,-11.5],[-44,-11.3],[-43.9,-11.3],[-43.7,-11.2],[-43.8,-11.1],[-43.5,-11],[-43.7,-10.9],[-43.9,-10.7],[-43.8,-10.6],[-43.5,-10.3],[-43.2,-9.5],[-42.9,-9.3],[-42.9,-8.7],[-42.6,-8.5],[-42.8,-8.1],[-42.5,-7.6],[-41.7,-7.2],[-41.5,-7.3],[-41.5,-7.5]]]]}},{"type":"Feature","properties":{},"geometry":{"type":"MultiPolygon","coordinates":[[[[-49.3,-15.6],[-49.6,-15.7],[-49.4,-15.6],[-49.3,-15.6]]]]}},{"type":"Feature","properties":{},"geometry":{"type":"MultiPolygon","coordinates":[[[[-82.6,-75.4],[-96.5,-74],[-93.3,-72.5],[-91.4,-72],[-90.1,-72],[-88.7,-72.5],[-87.1,-72.4],[-86,-72.4],[-84.9,-72.3],[-83.3,-72.1],[-79.5,-71.7],[-79.4,-69.1],[-79.6,-68.2],[-78.2,-68.1],[-78.2,-67.8],[-78.4,-67.4],[-77.8,-67.1],[-78,-66.8],[-78.1,-66.5],[-77.8,-66.4],[-78.7,-66],[-78.2,-65.9],[-77.9,-66.2],[-77.3,-65.5],[-76.6,-65.3],[-76.6,-65],[-75.6,-64.9],[-75.4,-64.7],[-75.1,-64.4],[-74.9,-64.3],[-74.6,-64],[-74,-64],[-73.5,-63.9],[-73.5,-63.6],[-73.1,-63.7],[-72.6,-63.6],[-72.5,-63.4],[-72.1,-63.3],[-71.9,-63],[-70.9,-63],[-70.4,-62.8],[-69.1,-62.4],[-68,-62.3],[-67.8,-62.6],[-68.5,-62.5],[-68.6,-62.7],[-69.8,-63.3],[-69.8,-63.5],[-70.4,-63.5],[-70.7,-63.6],[-71.4,-63.5],[-72.4,-64],[-73.2,-64.3],[-73.2,-64.7],[-72.9,-65.1],[-72.5,-64.9],[-71.9,-65.1],[-72.2,-65.3],[-72.7,-65.2],[-73.1,-65.2],[-73.9,-65.5],[-74.9,-65.1],[-75,-65.3],[-75.1,-65.5],[-75.2,-65.9],[-75.7,-65.7],[-76.1,-65.9],[-76.2,-66.2],[-76.8,-66.2],[-76.6,-66.9],[-76.2,-66.9],[-76.3,-67.3],[-75.9,-67.7],[-75.6,-67.7],[-75.6,-67.5],[-74.7,-67.4],[-74.9,-67.7],[-75,-68.1],[-74,-68.5],[-74.1,-69.2],[-73.7,-69.4],[-73.7,-69.7],[-73.3,-70],[-73,-70.4],[-73.8,-70.6],[-72.9,-70.8],[-74.2,-71],[-73.3,-71],[-72.9,-71.2],[-73.3,-71.4],[-73.5,-71.8],[-73,-72],[-72.5,-72.2],[-73.3,-72.2],[-74,-72.2],[-74.2,-72.5],[-73.7,-72.7],[-74.4,-72.9],[-73.7,-73.1],[-74.6,-73.3],[-74.1,-73.5],[-75.4,-73.9],[-76.3,-73.8],[-75.9,-74.1],[-76,-74.3],[-80.8,-75],[-82.5,-75.3],[-82.6,-75.4]]]]}},{"type":"Feature","properties":{},"geometry":{"type":"MultiPolygon","coordinates":[[[[-81.2,-67.7],[-80.6,-68.7],[-80,-70.7],[-80.7,-71.2],[-82.5,-71.3],[-84.3,-71.4],[-83.7,-71.1],[-82.8,-71],[-82.7,-70.7],[-83.8,-70.4],[-84.9,-70.7],[-86.7,-70.6],[-85.7,-70.4],[-84.7,-70.3],[-83.6,-70.1],[-83,-69.9],[-81.3,-69.9],[-82.1,-69.2],[-81.6,-69],[-83,-68.8],[-83.3,-67.8],[-81.2,-67.7]]]]}},{"type":"Feature","properties":{},"geometry":{"type":"MultiPolygon","coordinates":[[[[-85.2,-69.3],[-87.6,-69.6],[-85.7,-69.5],[-85.2,-69.3]]]]}},{"type":"Feature","properties":{},"geometry":{"type":"MultiPolygon","coordinates":[[[[-85.8,-71.7],[-86.2,-72.3],[-86.9,-71.8],[-86.9,-71.5],[-85.8,-71.7]]]]}},{"type":"Feature","properties":{},"geometry":{"type":"MultiPolygon","coordinates":[[[[-85.7,-68.7],[-86.7,-68.6],[-85.5,-68.7],[-85.7,-68.7]]]]}},{"type":"Feature","properties":{},"geometry":{"type":"MultiPolygon","coordinates":[[[[-180,-83.8],[-176.5,-83.5],[-172.3,-83.9],[-167.6,-83.7],[-166.1,-83.3],[-164.9,-82],[-168.6,-81.5],[-161.3,-81.3],[-160.5,-80.9],[-159.9,-80.8],[-162.2,-80.6],[-162.6,-80.4],[-159.4,-80.2],[-159.9,-80.1],[-160.1,-80],[-164,-79.5],[-164.9,-79.4],[-169,-79],[-167.1,-78.7],[-167.7,-78.5],[-169.3,-78.4],[-171,-77.9],[-169.4,-77.5],[-167.8,-77.4],[-165.4,-77.7],[-162.5,-77.8],[-161.9,-77.5],[-160.5,-77.5],[-158.5,-77.6],[-159.2,-77.2],[-159.1,-76.9],[-162.7,-76.6],[-161.5,-76.3],[-158.5,-76.5],[-157.1,-75.8],[-155.5,-75.6],[-154.5,-75.6],[-153.1,-75.4],[-146.8,-75.9],[-136.4,-75.6],[-128.6,-75.4],[-122.1,-75.1],[-99.4,-74.9],[-90.1,-76.8],[-87.7,-77.1],[-89.2,-77.5],[-93.6,-77.2],[-94.7,-77.2],[-93.8,-77.6],[-91.3,-77.9],[-94,-78.3],[-96.5,-77.8],[-97.3,-77.8],[-97.3,-78],[-95.9,-78.6],[-94.3,-79],[-93.8,-78.7],[-89.9,-79.2],[-91.8,-79.6],[-91.1,-79.7],[-98.4,-81.1],[-98.8,-81.7],[-103,-82.3],[-95.4,-83.1],[-95.6,-83.9],[-109.1,-84.2],[-128.1,-83],[-164.2,-85.3],[-166.8,-85.1],[-172.9,-84.8],[-174.8,-84.4],[-176.4,-84.2],[-178.7,-84.1],[-180,-83.8]]]]}},{"type":"Feature","properties":{},"geometry":{"type":"MultiPolygon","coordinates":[[[[143.3,-34.2],[141.9,-34],[140.4,-33.7],[139.5,-33.5],[138.6,-33.3],[137.9,-33],[137.9,-32.5],[138,-32.1],[138.7,-32.3],[139.1,-32.6],[140.1,-32.8],[141.1,-32.4],[141.5,-32.5],[141.9,-33],[143,-33.6],[143.3,-34.2]]]]}},{"type":"Feature","properties":{},"geometry":{"type":"MultiPolygon","coordinates":[[[[132.4,-34.5],[131.9,-35.1],[131.5,-35.1],[131.9,-35],[131.1,-34.9],[130.9,-34.9],[130.6,-34.5],[130.4,-34.6],[130.6,-34.1],[130.7,-34],[130.3,-34.2],[130.1,-34.6],[129.8,-34.9],[129.6,-34.3],[129.4,-34.1],[129,-33.6],[128.7,-33.4],[129.2,-33.5],[129.9,-33.3],[130.2,-33.5],[130.4,-33.4],[130.6,-33.5],[130.8,-33.6],[130.9,-33.3],[131.1,-33.1],[131.5,-33.9],[131.7,-33.5],[132,-34],[132,-34.5],[132.4,-34.5]]]]}},{"type":"Feature","properties":{},"geometry":{"type":"MultiPolygon","coordinates":[[[[131.1,-32.6],[131.4,-33.6],[130.8,-33.8],[129.9,-34],[128.9,-33.9],[128.9,-33.5],[128.5,-33.4],[128.4,-33.4],[128.2,-33.3],[128,-33.4],[127.6,-33.4],[127.9,-32.9],[129.6,-32.4],[131.1,-32.6]]]]}},{"type":"Feature","properties":{},"geometry":{"type":"MultiPolygon","coordinates":[[[[131.6,-34.1],[131.9,-34],[131.7,-34.3],[130.9,-34.3],[131.6,-34.1]]]]}},{"type":"Feature","properties":{},"geometry":{"type":"MultiPolygon","coordinates":[[[[129.4,-33.8],[129.8,-34.1],[129.5,-34.3],[129.2,-34.2],[129.1,-33.8],[129.4,-33.8]]]]}},{"type":"Feature","properties":{},"geometry":{"type":"MultiPolygon","coordinates":[[[[132.1,-34.1],[133.3,-33.9],[132.2,-34.2],[132.1,-34.1]]]]}},{"type":"Feature","properties":{},"geometry":{"type":"MultiPolygon","coordinates":[[[[123.2,-40.5],[121.8,-41.1],[120.2,-41.8],[118.9,-42.4],[118.6,-42.2],[118.4,-41.8],[120.2,-41.1],[122,-40.5],[123.2,-40.5]]]]}},{"type":"Feature","properties":{},"geometry":{"type":"MultiPolygon","coordinates":[[[[128.7,-39.4],[128.2,-39.8],[128.2,-39.5],[128.4,-39],[128.8,-39],[128.7,-39.4]]]]}},{"type":"Feature","properties":{},"geometry":{"type":"MultiPolygon","coordinates":[[[[117.8,-43],[117.3,-42.9],[118,-42.7],[117.8,-43]]]]}},{"type":"Feature","properties":{},"geometry":{"type":"MultiPolygon","coordinates":[[[[-23.2,-10.9],[-24.3,-12.3],[-24.3,-12.4],[-24.6,-12.1],[-24.7,-12],[-24.6,-11.7],[-24.7,-11.5],[-24.8,-11.3],[-24.9,-11.2],[-25,-11.1],[-24.9,-10.5],[-24.8,-10.1],[-24.9,-10.1],[-24.9,-9.4],[-24.7,-9.2],[-24.7,-9.1],[-24.7,-9],[-24.9,-8.9],[-24.3,-9.2],[-24,-10],[-23.5,-10.8],[-23.2,-10.9]]]]}},{"type":"Feature","properties":{},"geometry":{"type":"MultiPolygon","coordinates":[[[[-21.1,-12.7],[-21.4,-12.8],[-21.2,-12.6],[-21,-12.4],[-21.1,-12.2],[-20.9,-12.5],[-21.1,-12.7]]]]}},{"type":"Feature","properties":{},"geometry":{"type":"MultiPolygon","coordinates":[[[[-22,-11.7],[-21.5,-11.9],[-22,-11.6],[-22,-11.7]]]]}},{"type":"Feature","properties":{},"geometry":{"type":"MultiPolygon","coordinates":[[[[6,35.1],[4.3,35],[1.8,34.8],[2.1,34.9],[1.4,35.2],[1.8,35.5],[1.5,35.6],[1.2,35.7],[1.8,35.7],[2.2,35.9],[2.4,35.4],[2.5,35.5],[2.4,35.8],[2.6,35.9],[3.1,35.7],[3.9,35.9],[4,35.8],[4.6,36],[5.2,35.5],[5.6,35.2],[5.9,35.1],[6,35.1]]]]}},{"type":"Feature","properties":{},"geometry":{"type":"MultiPolygon","coordinates":[[[[0.7,34.2],[0.5,34.5],[0.8,34.6],[0.7,34.2]]]]}},{"type":"Feature","properties":{},"geometry":{"type":"MultiPolygon","coordinates":[[[[4.4,30.9],[3.5,31.1],[2.8,30.9],[1.1,30.5],[0.4,30.2],[0.3,30.3],[0.3,30.5],[0.6,30.6],[0.7,30.7],[0.3,30.6],[1.1,31.1],[1.5,30.7],[1.8,30.9],[1.2,31.3],[1.4,31.3],[1.6,31.5],[2.2,31.7],[2.5,31.3],[2.3,31.9],[2.9,31.7],[6,31.9],[4.6,31.4],[4.2,31],[4.4,31],[4.4,30.9]]]]}},{"type":"Feature","properties":{},"geometry":{"type":"MultiPolygon","coordinates":[[[[0,30],[-0.2,29.9],[-0.3,29.9],[-0.6,30],[-0.4,30],[-0.3,30.2],[-0.1,30.6],[0,30.1],[0,30]]]]}},{"type":"Feature","properties":{},"geometry":{"type":"MultiPolygon","coordinates":[[[[5.8,33],[2.2,32.9],[2.6,32.9],[3.2,33],[3.7,33.5],[3.2,33.3],[2.3,33.3],[2.2,33.4],[1.7,33.4],[2.4,33.8],[4.7,34],[6.2,34.1],[6.6,33.7],[5.9,33.2],[5.7,33.2],[5.2,33.1],[4.7,32.9],[5.8,33]]]]}},{"type":"Feature","properties":{},"geometry":{"type":"MultiPolygon","coordinates":[[[[1.9,32.8],[1.1,32.2],[1.4,32.9],[1.9,32.8]]]]}},{"type":"Feature","properties":{},"geometry":{"type":"MultiPolygon","coordinates":[[[[0.9,31.9],[0.1,31.4],[0,31.5],[0,31.8],[0.4,32],[0.9,31.9]]]]}},{"type":"Feature","properties":{},"geometry":{"type":"MultiPolygon","coordinates":[[[[0.2,32],[0.5,32.4],[0.6,32.7],[0.8,33.4],[1,33.3],[1.2,33.2],[0.8,32.7],[1.1,32.7],[0.6,32.3],[0.2,32]]]]}},{"type":"Feature","properties":{},"geometry":{"type":"MultiPolygon","coordinates":[[[[-16.2,36.2],[-16.9,36],[-17.7,37.2],[-17.2,39.3],[-16.4,38.6],[-16.1,39.1],[-15.7,40.3],[-14.6,42.6],[-13.2,43.8],[-13.5,44.5],[-13.1,44.9],[-12.7,45.2],[-12.1,45.4],[-10,45],[-10.1,44.2],[-13.1,41.2],[-15.3,37],[-16.2,36.2]]]]}},{"type":"Feature","properties":{},"geometry":{"type":"MultiPolygon","coordinates":[[[[-123.6,-74.3],[-124.7,-75],[-123.8,-75],[-131.7,-75.5],[-142.8,-75.8],[-151.8,-75.7],[-152.8,-75.3],[-150.3,-75.2],[-150.1,-74.8],[-147.8,-74.7],[-146.1,-74.8],[-144,-74.8],[-139.1,-74.6],[-136.6,-74.6],[-132.8,-74.5],[-131.4,-74.1],[-129.4,-74.2],[-128.6,-73.9],[-127.8,-73.8],[-127.4,-74],[-127.1,-74.4],[-127.5,-74.8],[-125.3,-74.2],[-125.1,-73.9],[-123.6,-74.3]]]]}},{"type":"Feature","properties":{},"geometry":{"type":"MultiPolygon","coordinates":[[[[-138.7,-73.5],[-139.1,-73.7],[-137.5,-73.7],[-138.6,-74.1],[-140.7,-73.7],[-140.9,-73.3],[-138.7,-73.5]]]]}},{"type":"Feature","properties":{},"geometry":{"type":"MultiPolygon","coordinates":[[[[-135.9,-73.5],[-134.2,-73.7],[-134.4,-74.2],[-136.1,-74.1],[-136.7,-73.6],[-135.9,-73.5]]]]}},{"type":"Feature","properties":{},"geometry":{"type":"MultiPolygon","coordinates":[[[[-97.3,-73.2],[-111.8,-75.1],[-123.8,-74.9],[-120.4,-75],[-115.4,-74.7],[-114.7,-75.1],[-112.3,-74.9],[-112.6,-74.8],[-113.7,-74.5],[-114.6,-74.2],[-115.3,-73.6],[-115.2,-73.3],[-113.4,-73.2],[-113.6,-73.1],[-117.1,-72.8],[-116,-72.5],[-114.8,-72.6],[-111.9,-72.8],[-109.2,-72.8],[-106.9,-72.7],[-104.3,-72.7],[-103.1,-72.2],[-102.6,-72.8],[-99.9,-72.6],[-98,-73],[-97.3,-73.2]]]]}},{"type":"Feature","properties":{},"geometry":{"type":"MultiPolygon","coordinates":[[[[-112.4,-71.6],[-112,-71.8],[-111.5,-71.6],[-110.5,-71.4],[-110.5,-71.6],[-109.6,-71.7],[-110.1,-72],[-110.8,-72.1],[-112.7,-72.2],[-115.7,-71.8],[-114.6,-71.5],[-114,-71.6],[-113.2,-71.5],[-112.4,-71.6]]]]}},{"type":"Feature","properties":{},"geometry":{"type":"MultiPolygon","coordinates":[[[[154.6,-41.5],[155.1,-41.8],[154.6,-41.6],[154.6,-41.5]]]]}},{"type":"Feature","properties":{},"geometry":{"type":"MultiPolygon","coordinates":[[[[151.1,-40.8],[150.8,-40.9],[150.4,-40.7],[149.3,-40.6],[150.1,-40.6],[151.1,-40.8]]]]}},{"type":"Feature","properties":{},"geometry":{"type":"MultiPolygon","coordinates":[[[[145.1,-35.5],[142.2,-34.7],[139.5,-34.6],[135.7,-34],[133.7,-34.2],[134.2,-33.5],[136.5,-33],[138.3,-33.3],[140.2,-33.7],[142.4,-34.2],[144.4,-34.9],[145.1,-35.5]]]]}},{"type":"Feature","properties":{},"geometry":{"type":"MultiPolygon","coordinates":[[[[-82.6,-75.4],[-86.3,-75.4],[-88.7,-75.2],[-89.8,-75.1],[-88.3,-76],[-90.2,-75.5],[-82.6,-75.4]]]]}},{"type":"Feature","properties":{},"geometry":{"type":"MultiPolygon","coordinates":[[[[-90,-76.6],[-92.9,-76.3],[-91.9,-76.4],[-90,-76.6]]]]}},{"type":"Feature","properties":{},"geometry":{"type":"MultiPolygon","coordinates":[[[[-93.8,-77.9],[-95.5,-77.3],[-94.1,-77.7],[-93.8,-77.9]]]]}},{"type":"Feature","properties":{},"geometry":{"type":"MultiPolygon","coordinates":[[[[-89.3,-78.1],[-92.8,-78.2],[-93.2,-77.9],[-89.3,-78.1]]]]}},{"type":"Feature","properties":{},"geometry":{"type":"MultiPolygon","coordinates":[[[[-82.2,-80.8],[-86.8,-79.9],[-89.5,-80.3],[-88.9,-79.6],[-85.9,-79.5],[-84.1,-79.8],[-81.1,-80.3],[-79.5,-80.6],[-80.2,-80.6],[-81.5,-80.6],[-80.8,-80.8],[-82.2,-80.8]]]]}},{"type":"Feature","properties":{},"geometry":{"type":"MultiPolygon","coordinates":[[[[-79.8,-81.8],[-81.6,-81.1],[-79.7,-81.1],[-79.7,-81.4],[-79.8,-81.8]]]]}},{"type":"Feature","properties":{},"geometry":{"type":"MultiPolygon","coordinates":[[[[-79.4,-82.3],[-80.1,-82.1],[-79.3,-82],[-79.4,-82.3]]]]}},{"type":"Feature","properties":{},"geometry":{"type":"MultiPolygon","coordinates":[[[[-75.3,-79.3],[-76.5,-79.9],[-79.5,-79.6],[-80.9,-79],[-77.4,-79.3],[-76.5,-78.8],[-75.3,-79.1],[-75.3,-79.3]]]]}},{"type":"Feature","properties":{},"geometry":{"type":"MultiPolygon","coordinates":[[[[-83.7,-78.4],[-84.6,-77.7],[-83.7,-78.2],[-83.7,-78.4]]]]}},{"type":"Feature","properties":{},"geometry":{"type":"MultiPolygon","coordinates":[[[[-80.1,-78.8],[-81.2,-78.6],[-81,-78.5],[-80.1,-78.8]]]]}},{"type":"Feature","properties":{},"geometry":{"type":"MultiPolygon","coordinates":[[[[-33.4,23.4],[-34.3,21.4],[-34.5,20.2],[-35,19.3],[-34.5,18.1],[-34,17.6],[-34.9,16.7],[-35.7,15.6],[-35.7,14.3],[-36,14],[-38.2,15.3],[-40.2,17.5],[-41.2,19.2],[-40.4,19.7],[-39.5,20.2],[-38.6,20.9],[-38.4,21],[-38,21.2],[-37.9,21.3],[-37.9,21.4],[-37.5,21.7],[-37.3,21.8],[-36.9,22.8],[-36.3,22.5],[-36,22.1],[-35.8,22],[-36.1,21.8],[-36.4,21.7],[-35.9,21.8],[-36.2,21.5],[-36.4,21.4],[-36.7,21.5],[-36.8,21.5],[-36.8,21.3],[-36.7,21.3],[-36.1,21.4],[-36.1,21.3],[-36.1,21.5],[-35.6,21.8],[-35.6,21.9],[-35.4,22],[-35.3,22.3],[-35.3,22.7],[-35.2,22.8],[-35,22.9],[-35.1,23.2],[-35.1,23.5],[-34.9,23.7],[-34.7,23.9],[-35,23.7],[-34.6,24.3],[-34.4,24.5],[-33.6,24.6],[-33.4,23.4]]]]}},{"type":"Feature","properties":{},"geometry":{"type":"MultiPolygon","coordinates":[[[[-35.7,21.9],[-35.8,21.7],[-35.8,22],[-35.7,21.9]]]]}},{"type":"Feature","properties":{},"geometry":{"type":"MultiPolygon","coordinates":[[[[70.2,-37.1],[71.1,-38.2],[71.9,-39.5],[72.9,-40.3],[74.8,-41.2],[75.1,-41.9],[75.5,-42.5],[75.4,-43],[75.7,-43.2],[75.7,-43.6],[76.3,-43.8],[76.8,-44],[77.2,-44.4],[79.1,-45.1],[79.8,-45.7],[80.4,-46.4],[80.2,-47],[79.3,-46.5],[77.8,-45.8],[77,-45.3],[76.1,-45],[75.5,-44.7],[74,-44.2],[73.2,-43.6],[72.2,-42.9],[71.4,-42.1],[70.3,-41],[69.4,-39.1],[68.7,-37.3],[68,-36.4],[69.5,-36.7],[70.1,-37.1],[70.2,-37.1]]]]}},{"type":"Feature","properties":{},"geometry":{"type":"MultiPolygon","coordinates":[[[[87,-51.1],[86.4,-50.6],[85.6,-49.5],[84.5,-48.7],[83.7,-48.2],[82.7,-47.8],[84,-48],[85,-48.6],[86.1,-49.3],[86.7,-49.9],[87,-50.5],[87,-51.1]]]]}},{"type":"Feature","properties":{},"geometry":{"type":"MultiPolygon","coordinates":[[[[99.8,-47.9],[99.2,-48.5],[97.9,-48.8],[97.6,-48.7],[98.6,-48.1],[99.8,-47.9]]]]}},{"type":"Feature","properties":{},"geometry":{"type":"MultiPolygon","coordinates":[[[[-75.4,47.8],[-75.7,47.5],[-75.7,47.7],[-75.7,48],[-75.4,47.8]]]]}},{"type":"Feature","properties":{},"geometry":{"type":"MultiPolygon","coordinates":[[[[-73.7,47],[-74.3,46.8],[-74.6,46.9],[-74.9,46.9],[-75,46.9],[-75.5,47.1],[-74.7,47.2],[-75.2,47.1],[-75.4,47.2],[-75.8,47.2],[-75.6,47.3],[-75.4,47.4],[-75.6,47.4],[-75.3,47.7],[-73.7,47]]]]}},{"type":"Feature","properties":{},"geometry":{"type":"MultiPolygon","coordinates":[[[[-73.1,46.9],[-73.4,46.4],[-73.6,46.5],[-73.9,46.5],[-74.2,46.5],[-74.1,46.7],[-73.7,47],[-73.1,46.9]]]]}},{"type":"Feature","properties":{},"geometry":{"type":"MultiPolygon","coordinates":[[[[-73,46.9],[-73.2,46.4],[-73.3,46.5],[-73,46.9]]]]}},{"type":"Feature","properties":{},"geometry":{"type":"MultiPolygon","coordinates":[[[[-72.4,45.9],[-73,46],[-73,46.1],[-72.4,45.9]]]]}},{"type":"Feature","properties":{},"geometry":{"type":"MultiPolygon","coordinates":[[[[-72.2,45.7],[-72.1,45.6],[-72.4,45.7],[-72.2,45.7]]]]}},{"type":"Feature","properties":{},"geometry":{"type":"MultiPolygon","coordinates":[[[[-75.8,46.2],[-75.7,46.3],[-75.5,46.4],[-76,46.7],[-76,46.5],[-73.6,46.4],[-73,45.5],[-71.9,44.9],[-71.9,44.5],[-71.8,44.5],[-72.2,44.4],[-73.3,44.7],[-73.1,45.3],[-73.4,45],[-73.7,44.9],[-73.9,45.1],[-74.1,45.3],[-74.2,45.5],[-74.5,45.5],[-74.6,45.7],[-74.9,45.9],[-75,46],[-75.2,45.9],[-75.2,46.2],[-75.5,46.1],[-75.6,46.1],[-75.8,46.2]]]]}},{"type":"Feature","properties":{},"geometry":{"type":"MultiPolygon","coordinates":[[[[-80.1,50.2],[-79.7,50.1],[-80,49.7],[-79.8,49.9],[-79.2,50.3],[-79.7,49.3],[-79.3,49.2],[-79.6,49],[-79.5,48.8],[-79,48.4],[-78.8,48.2],[-79,48.2],[-79.2,48.5],[-79.5,48.8],[-79.8,48.9],[-79.7,49],[-80.1,49.2],[-80.1,49.4],[-80.3,49.5],[-80.3,49.6],[-80.5,49.7],[-80.5,49.9],[-80.1,50.2]]]]}},{"type":"Feature","properties":{},"geometry":{"type":"MultiPolygon","coordinates":[[[[-73.4,46],[-73.5,46.3],[-73.4,46.1],[-73.4,46]]]]}},{"type":"Feature","properties":{},"geometry":{"type":"MultiPolygon","coordinates":[[[[6.4,43.6],[6.2,43.9],[6,44.5],[6.3,44.6],[7,44.8],[7.4,44.9],[8.1,44.2],[7.9,43.9],[7.9,43.7],[7.7,43.5],[7.4,43.4],[7.1,43.5],[6.8,44],[6.4,43.6]]]]}},{"type":"Feature","properties":{},"geometry":{"type":"MultiPolygon","coordinates":[[[[-9.2,46],[-11.2,45.4],[-11.4,45.3],[-13.6,47.5],[-11.4,47.6],[-10.5,49],[-8.2,49.8],[-4.5,49.3],[-3.7,48.8],[-4.7,48.2],[-6.3,47.9],[-7.7,47.8],[-8.3,47.8],[-8.4,47.5],[-7.6,47.2],[-8.3,46.3],[-8.6,46.3],[-9.1,46.1],[-9.2,46]]]]}},{"type":"Feature","properties":{},"geometry":{"type":"MultiPolygon","coordinates":[[[[102.6,1.7],[102.6,1.2],[102.5,1],[102.3,0.7],[102,0.5],[101.9,0.4],[101.4,0.3],[100.8,1.2],[102.5,1.7],[102.6,1.7]]]]}},{"type":"Feature","properties":{},"geometry":{"type":"MultiPolygon","coordinates":[[[[-28.7,68.6],[-27.9,69.2],[-27.2,69.4],[-25.9,70],[-26.1,71.2],[-25.7,72],[-26.2,72.4],[-22.2,73.3],[-21.3,73.6],[-19.9,73.6],[-18.5,74.1],[-18.7,74.1],[-17.4,74.2],[-10,72.7],[-10.6,71.4],[-14.5,71.7],[-19.2,71.3],[-23.4,68.9],[-27.9,68.5],[-28.7,68.6]]]]}},{"type":"Feature","properties":{},"geometry":{"type":"MultiPolygon","coordinates":[[[[-19.3,64.4],[-20.2,65.5],[-16.7,64.4],[-18.5,64.3],[-19.3,64.4]]]]}},{"type":"Feature","properties":{},"geometry":{"type":"MultiPolygon","coordinates":[[[[-23,61.5],[-26.5,63],[-26.7,64.5],[-24.2,64.1],[-21.8,62.8],[-22.6,61.2],[-23,61.5]]]]}},{"type":"Feature","properties":{},"geometry":{"type":"MultiPolygon","coordinates":[[[[-84.8,57.1],[-82.6,55.4],[-82.4,55.3],[-82.5,54.7],[-82.9,54.6],[-82.9,55.1],[-83.1,55.1],[-83.2,55],[-83.6,55.2],[-84.5,55.7],[-85.3,56],[-85.7,56.3],[-87,56.8],[-87.5,57.3],[-87.6,57.5],[-86.1,57.5],[-84.8,57.1]]]]}},{"type":"Feature","properties":{},"geometry":{"type":"MultiPolygon","coordinates":[[[[-15.8,45.1],[-13,46],[-12.2,45.2],[-12.8,45.3],[-13.6,45.1],[-13.8,45.1],[-14.2,45],[-15.8,45.1]]]]}},{"type":"Feature","properties":{},"geometry":{"type":"MultiPolygon","coordinates":[[[[130.5,-43.5],[128.5,-43.6],[126.8,-45.4],[123.3,-45.7],[120.9,-45.2],[121.7,-44.6],[121.9,-44.1],[122.4,-44.2],[122.5,-44.4],[122.8,-44.4],[122.9,-44.5],[123.2,-44.6],[123.7,-44.3],[124,-43.8],[125.1,-43.6],[125.3,-43.6],[125.5,-43.2],[125.8,-43.5],[125.8,-43.2],[126,-43.1],[126.4,-42.6],[127.2,-42.2],[128,-42.4],[128.8,-42.5],[129.5,-42.6],[130.3,-43.3],[130.6,-43.3],[130.5,-43.5]]]]}},{"type":"Feature","properties":{},"geometry":{"type":"MultiPolygon","coordinates":[[[[125.2,-42.1],[126.5,-41.4],[127,-41.6],[126.9,-41.8],[126,-42.4],[125.7,-42.7],[125,-42.7],[125.2,-42.4],[125,-42],[125.2,-42.1]]]]}},{"type":"Feature","properties":{},"geometry":{"type":"MultiPolygon","coordinates":[[[[126.7,-40.2],[127.1,-40],[127.6,-40.3],[127.3,-40.7],[126.9,-40.6],[126.7,-40.2]]]]}},{"type":"Feature","properties":{},"geometry":{"type":"MultiPolygon","coordinates":[[[[121,-44.7],[121,-45],[120.8,-44.9],[121,-44.7]]]]}},{"type":"Feature","properties":{},"geometry":{"type":"MultiPolygon","coordinates":[[[[112.5,-50.8],[109.8,-50.3],[106.4,-49.4],[106.3,-49.2],[108.4,-48.7],[109.7,-48.6],[110.8,-49],[111.4,-49.2],[112.9,-49.3],[114.9,-49.4],[114.6,-49.4],[114.4,-49.7],[114,-50.1],[112.8,-50.6],[112.5,-50.8]]]]}},{"type":"Feature","properties":{},"geometry":{"type":"MultiPolygon","coordinates":[[[[115.3,-49.1],[115.5,-49.4],[115.3,-49.5],[115.3,-49.1]]]]}},{"type":"Feature","properties":{},"geometry":{"type":"MultiPolygon","coordinates":[[[[114.6,-50.8],[114.3,-50.9],[114.9,-50.6],[114.6,-50.8]]]]}},{"type":"Feature","properties":{},"geometry":{"type":"MultiPolygon","coordinates":[[[[117,-49.6],[117.7,-49.3],[117.3,-49.8],[117,-49.6]]]]}},{"type":"Feature","properties":{},"geometry":{"type":"MultiPolygon","coordinates":[[[[117.4,-49.8],[117.9,-50.1],[117.4,-50],[117.4,-49.8]]]]}},{"type":"Feature","properties":{},"geometry":{"type":"MultiPolygon","coordinates":[[[[139.3,-29.8],[142.4,-30.9],[145.1,-32.3],[146.6,-33.1],[145.9,-33.2],[145.6,-33.3],[145.1,-33.9],[144.4,-34.1],[144.8,-33.2],[144,-32.9],[143.2,-32.7],[143,-32.9],[142.8,-32.9],[142.7,-32.8],[142.5,-32.9],[142.4,-32.7],[141.9,-32.1],[141.7,-31.9],[141.3,-31.5],[141,-31.8],[141,-31.7],[140.8,-31.8],[140.5,-31.6],[140,-31.6],[140,-31.4],[139.7,-31.4],[138.8,-30.3],[139.3,-29.8]]]]}},{"type":"Feature","properties":{},"geometry":{"type":"MultiPolygon","coordinates":[[[[69,-32.1],[66,-31.2],[60.6,-28.8],[63.4,-26.4],[65.2,-28.9],[69,-32.1]]]]}},{"type":"Feature","properties":{},"geometry":{"type":"MultiPolygon","coordinates":[[[[59.9,-35.6],[57.7,-36.9],[57.7,-36.4],[57.7,-36.7],[56.9,-35.8],[56.3,-35.5],[56.1,-35],[56.1,-34.8],[55.7,-34.5],[55.1,-33.8],[54.9,-33.7],[54.7,-33.6],[54.5,-33.1],[54,-32.3],[54,-32.2],[53.7,-31.7],[53.5,-31.2],[53.2,-30.5],[52.9,-29.9],[53,-29.3],[53.6,-28.9],[54.5,-28.9],[54.8,-30.4],[55.3,-31.2],[57.4,-32.7],[60.2,-34.8],[59.9,-35.6]]]]}},{"type":"Feature","properties":{},"geometry":{"type":"MultiPolygon","coordinates":[[[[51.1,-32],[51.1,-31.3],[51.5,-29.2],[50.9,-30.3],[51.1,-32]]]]}},{"type":"Feature","properties":{},"geometry":{"type":"MultiPolygon","coordinates":[[[[-51.1,32.1],[-50.9,30.3],[-50.5,29.4],[-50.5,28.8],[-50.2,28.4],[-50.4,27.7],[-49.8,25.6],[-50.3,23.7],[-50,23.2],[-51,22.8],[-50.7,25.1],[-51.3,29.9],[-51.4,30.9],[-51.4,32.4],[-51.4,32.8],[-51.1,32.1]]]]}},{"type":"Feature","properties":{},"geometry":{"type":"MultiPolygon","coordinates":[[[[-32.6,22.4],[-31.7,24.2],[-30.4,27.3],[-29.5,28.4],[-29.8,27.4],[-31.3,23.7],[-32.6,22.4]]]]}},{"type":"Feature","properties":{},"geometry":{"type":"MultiPolygon","coordinates":[[[[-52.9,38.2],[-53.3,37.1],[-53.9,36.7],[-53.4,34.4],[-52.3,33.5],[-51.4,32],[-51.6,30.7],[-51.2,27.6],[-51.1,25.2],[-51.7,25.6],[-52.4,25.5],[-52.9,26.1],[-53.6,27.9],[-53.7,28.1],[-53.7,29.2],[-54.1,29.6],[-54,31.5],[-54.1,32],[-54.4,35.2],[-54.4,37.6],[-54.3,38.6],[-53.9,38.9],[-53.7,39.5],[-52.9,38.2]]]]}},{"type":"Feature","properties":{},"geometry":{"type":"MultiPolygon","coordinates":[[[[-51.1,32.1],[-52.9,34.6],[-53.2,36.6],[-53.1,37.6],[-52.6,37.7],[-52.1,36.1],[-52,34],[-51.1,32.1]]]]}},{"type":"Feature","properties":{},"geometry":{"type":"MultiPolygon","coordinates":[[[[-23.4,35.7],[-23.2,35.1],[-23,34.4],[-23.1,33.5],[-23.5,32.5],[-24.4,31.7],[-25.5,31.1],[-26.4,30.7],[-27,30.6],[-27.5,29.6],[-28.3,28.2],[-28.8,27.5],[-29.2,26.8],[-29.4,26.3],[-29.6,25.1],[-29.5,23],[-29.5,21.9],[-29.7,20.8],[-30.2,19.9],[-30.5,19.1],[-30.9,18],[-31.2,16.8],[-31.3,16.4],[-31.4,15.6],[-32.3,15.2],[-33.3,14.7],[-33.4,14],[-33.1,13.4],[-35.4,13.7],[-35.9,14.9],[-35.3,16.1],[-34.4,17],[-34.2,17.9],[-34.8,18.5],[-34.8,19.9],[-34,20.6],[-33.3,21.2],[-32.9,21],[-33.4,21],[-33,20.2],[-32.4,20.7],[-31.9,20.3],[-31.7,21.6],[-31.5,22.3],[-31.3,24.2],[-31.1,25.1],[-30.5,26],[-30.6,26.7],[-30.3,27.3],[-29.9,28.5],[-29.7,27.5],[-27.8,31.2],[-26.6,32.6],[-26.2,33.8],[-26.4,34.1],[-26.3,35.5],[-25.1,38.7],[-24.3,37.5],[-23.7,36.8],[-23.5,36.1],[-23.4,35.7]]]]}},{"type":"Feature","properties":{},"geometry":{"type":"MultiPolygon","coordinates":[[[[-51,34.9],[-51.3,36.4],[-51.6,37.6],[-51.2,37.4],[-50.8,36.7],[-51,34.9]]]]}},{"type":"Feature","properties":{},"geometry":{"type":"MultiPolygon","coordinates":[[[[-28.5,29.7],[-29,31.2],[-29.3,32.3],[-28,34],[-28.2,32.8],[-28.5,29.7]]]]}},{"type":"Feature","properties":{},"geometry":{"type":"MultiPolygon","coordinates":[[[[137.9,-32.8],[133.9,-32.8],[133.1,-32.7],[133,-32.7],[131.6,-32.3],[130.6,-31.7],[134.5,-32],[135.6,-31.6],[136.3,-32],[137.1,-32.2],[137.7,-32.6],[137.9,-32.8]]]]}},{"type":"Feature","properties":{},"geometry":{"type":"MultiPolygon","coordinates":[[[[139.2,-32.5],[137.8,-32.6],[138,-32.3],[139.2,-32.5]]]]}},{"type":"Feature","properties":{},"geometry":{"type":"MultiPolygon","coordinates":[[[[67.4,14.9],[69.5,14.4],[70.1,12.9],[70,11.2],[70.3,9.1],[71.8,5.8],[70.2,6.4],[69.6,7.3],[69.2,8.5],[69,10.5],[67.9,12.8],[66.6,14.4],[66.6,15.2],[67.4,14.9]]]]}},{"type":"Feature","properties":{},"geometry":{"type":"MultiPolygon","coordinates":[[[[70.2,-36.9],[69.8,-36.8],[68.5,-36.3],[68.1,-35.8],[67.4,-34.9],[65.5,-33.5],[66.8,-33.2],[68.4,-33.3],[69.8,-34.4],[70.2,-36.9]]]]}},{"type":"Feature","properties":{},"geometry":{"type":"MultiPolygon","coordinates":[[[[71.3,-34.2],[70.2,-36.9],[69.8,-34.4],[68.4,-33.3],[66.8,-33.2],[65.5,-33.5],[67.3,-32.4],[70.4,-33.2],[71.1,-33.9],[71.3,-34.2]]]]}},{"type":"Feature","properties":{},"geometry":{"type":"MultiPolygon","coordinates":[[[[27.9,41.9],[30.8,40.2],[39.2,37.9],[44.4,35.4],[48,33.4],[51.6,31.2],[51.8,30.9],[51.2,30.7],[51.4,30.6],[51.2,30.6],[51.3,30.2],[51.3,29.9],[48.7,31.2],[44.2,33.3],[39.3,35.2],[36.3,36.1],[33,37.2],[31.5,37.9],[28.9,40.6],[27.8,41.6],[27.9,41.9]]]]}},{"type":"Feature","properties":{},"geometry":{"type":"MultiPolygon","coordinates":[[[[53.1,30.6],[52.6,30.4],[52.4,30.7],[52.1,30.9],[53.1,30.6]]]]}},{"type":"Feature","properties":{},"geometry":{"type":"MultiPolygon","coordinates":[[[[54.6,30],[59.7,29.4],[55.2,28.7],[54.4,28.9],[54.4,29.2],[54.6,29.4],[54.4,29.5],[54.1,29.6],[54.1,29.8],[53.7,30.1],[53.7,30.3],[54.6,30]]]]}},{"type":"Feature","properties":{},"geometry":{"type":"MultiPolygon","coordinates":[[[[51.5,42.7],[50.1,41.8],[48.3,40.8],[46.9,40.1],[46.4,39.3],[46.1,38.6],[45.8,37.8],[45.6,36.2],[43.4,36],[37.6,38.4],[29.6,41.2],[29.6,41.7],[29.8,41.7],[33.4,41.5],[38.2,40.8],[41.8,41.2],[47.4,42.5],[51.5,42.7]]]]}},{"type":"Feature","properties":{},"geometry":{"type":"MultiPolygon","coordinates":[[[[46.4,37.2],[49.4,34.7],[49.9,33.5],[49.5,33],[46.5,34.4],[45.6,36.2],[46.4,37.2]]]]}},{"type":"Feature","properties":{},"geometry":{"type":"MultiPolygon","coordinates":[[[[46.4,38.8],[49.5,37.8],[51.7,35.9],[54.6,34.8],[57.2,35.2],[55.1,34.1],[51.3,33.3],[50.1,33.6],[48.4,35.6],[45.9,37.7],[46.1,38.5],[46.4,38.8]]]]}},{"type":"Feature","properties":{},"geometry":{"type":"MultiPolygon","coordinates":[[[[52.9,41.4],[53.5,39.8],[56.3,39.8],[56.2,39.5],[56.6,38.9],[56.6,38.7],[56.8,38.6],[57.1,38.4],[55.1,38],[52.4,38.4],[51.8,39.8],[51.1,41.2],[52.9,41.4]]]]}},{"type":"Feature","properties":{},"geometry":{"type":"MultiPolygon","coordinates":[[[[56.8,39.9],[58.5,40.8],[60.2,42.4],[62.1,44.4],[63.1,44.6],[62.3,42.7],[60.1,40.5],[57.7,38.9],[57.4,38.9],[57,39.1],[56.8,39.6],[56.7,39.8],[56.8,39.9]]]]}},{"type":"Feature","properties":{},"geometry":{"type":"MultiPolygon","coordinates":[[[[59.9,54.1],[62,54.5],[64.2,55.2],[64.4,55.1],[62.4,53.7],[61.5,52.4],[61.7,50.5],[58.8,51.9],[59.9,54.1]]]]}},{"type":"Feature","properties":{},"geometry":{"type":"MultiPolygon","coordinates":[[[[164.1,50.1],[156.1,50.6],[147,50.1],[138.7,49.3],[134.9,49.6],[136.6,49.6],[141.7,50.4],[145.1,50.8],[153.5,52.9],[161.2,54.3],[163.8,52.9],[163.7,50.8],[164.1,50.1]]]]}},{"type":"Feature","properties":{},"geometry":{"type":"MultiPolygon","coordinates":[[[[174.2,60.2],[173.4,57.6],[172.7,56.2],[170.2,53.1],[168.8,51.6],[167.2,49.5],[166.5,49.4],[165.9,49.5],[165.9,50],[165.5,49.9],[165.2,49.9],[164.9,49.6],[164.6,49.3],[163.7,50.8],[163.8,52.9],[165.6,55.9],[169.8,57.8],[171.8,60.1],[172.6,60],[174.2,60.3],[174.2,60.2]]]]}},{"type":"Feature","properties":{},"geometry":{"type":"MultiPolygon","coordinates":[[[[11.5,49.8],[11.8,49.8],[12.8,49.9],[15.7,49.2],[18.6,47.3],[18.8,47.1],[18.8,47],[18.4,46.7],[18.4,46.9],[18.5,47],[18.1,46.9],[17.9,46.6],[17.9,46.8],[17.5,46.8],[17.4,46.7],[17.1,47],[16.7,47.2],[16.5,47.2],[16.1,47.5],[16.1,47.7],[15.3,48.1],[15.4,47.9],[15.2,47.9],[15,48.1],[14.9,48.3],[15.2,48.5],[14.7,48.8],[14.6,48.8],[14.2,49],[14.2,49.2],[13.9,49],[13.4,49.3],[12.5,49],[11.2,49.2],[11,49.6],[11.6,49.7],[11.5,49.8]]]]}},{"type":"Feature","properties":{},"geometry":{"type":"MultiPolygon","coordinates":[[[[9.3,46.8],[9.2,47],[9.4,47.3],[10.3,47.7],[11,47.4],[10.9,47],[10.7,46.5],[10.6,46.4],[9.9,46.4],[9.6,46.5],[9.3,46.8]]]]}},{"type":"Feature","properties":{},"geometry":{"type":"MultiPolygon","coordinates":[[[[9.5,48.1],[9.8,48.2],[9.7,48.7],[11,48.7],[11.6,48.4],[10.8,48.1],[10.4,48],[10,47.9],[9.5,47.9],[9.5,48.1]]]]}},{"type":"Feature","properties":{},"geometry":{"type":"MultiPolygon","coordinates":[[[[8.3,46.1],[8.6,46.6],[10,46.2],[9.9,46.1],[9.6,45.9],[9,45.8],[8.8,45.8],[8.2,45.9],[8.3,46.1]]]]}},{"type":"Feature","properties":{},"geometry":{"type":"MultiPolygon","coordinates":[[[[10.1,46.3],[10.7,46],[10.5,45.9],[10.1,46.3]]]]}},{"type":"Feature","properties":{},"geometry":{"type":"MultiPolygon","coordinates":[[[[14.4,48.4],[14.7,48.5],[14.5,48.4],[14.4,48.4]]]]}},{"type":"Feature","properties":{},"geometry":{"type":"MultiPolygon","coordinates":[[[[17.2,45.4],[17.7,45.5],[17.5,45.4],[17.2,45.4]]]]}},{"type":"Feature","properties":{},"geometry":{"type":"MultiPolygon","coordinates":[[[[17.5,46.8],[17.7,46.8],[17.7,46.7],[17.5,46.8]]]]}},{"type":"Feature","properties":{},"geometry":{"type":"MultiPolygon","coordinates":[[[[10.9,15.4],[11,15.3],[10.8,15.3],[10.9,15.4]]]]}},{"type":"Feature","properties":{},"geometry":{"type":"MultiPolygon","coordinates":[[[[16.2,9.9],[15.6,9.2],[15.6,9.3],[15.2,8.9],[14.6,8.7],[14.6,8.8],[14.3,9.5],[14.3,9.8],[14.1,10],[14.1,9.7],[14.1,10.1],[14.1,9.1],[13.9,9.5],[13.8,9.8],[13.7,9.9],[13.7,10.1],[13.8,10.2],[13.7,10.3],[13.7,10.5],[13.6,10.3],[13.5,10.5],[13.4,10.6],[13.4,10.9],[13.3,11],[13.1,11.2],[13.1,11.4],[13.3,11.5],[13.2,11.8],[13.2,12],[13.2,12.1],[13.3,12.3],[13.5,12.3],[13.8,12.5],[14.2,12.3],[14,11.7],[13.9,11.5],[13.9,11.3],[14.5,11.8],[15.2,11.7],[15.2,10.8],[15.1,10.6],[15,10.1],[15.3,10.4],[16.2,9.9]]]]}},{"type":"Feature","properties":{},"geometry":{"type":"MultiPolygon","coordinates":[[[[14.3,7.4],[14,6.9],[13.7,6.2],[12.8,5.7],[13,5.8],[12.7,5.8],[12.8,6.1],[13,6.4],[12.6,6.3],[12.4,6.3],[12.2,6.4],[12.2,6.7],[12.2,6.9],[12.1,7.1],[12,7],[12,7.2],[12.4,7.4],[12.8,7.5],[12.7,7.5],[12.8,7.8],[12.6,7.9],[12.7,8.1],[12.7,8.4],[12.9,8.6],[13,8.6],[13.3,8.4],[14,8.7],[14.5,8.3],[14.4,8.1],[14.4,7.9],[14.1,7.7],[14.3,7.4]]]]}},{"type":"Feature","properties":{},"geometry":{"type":"MultiPolygon","coordinates":[[[[12.7,11.8],[12.7,11.5],[12.6,11.3],[12.5,11.2],[12.4,11.4],[12.6,11.9],[12.7,11.8]]]]}},{"type":"Feature","properties":{},"geometry":{"type":"MultiPolygon","coordinates":[[[[13,11.1],[13.4,10.8],[13.2,10.7],[12.9,10.7],[12.8,10.8],[12.9,11.1],[13,11.1]]]]}},{"type":"Feature","properties":{},"geometry":{"type":"MultiPolygon","coordinates":[[[[14.1,14.8],[14.3,14.7],[14.4,14.4],[14.4,14.2],[14.1,14.4],[14.3,14.6],[14.1,14.7],[14.1,14.8]]]]}},{"type":"Feature","properties":{},"geometry":{"type":"MultiPolygon","coordinates":[[[[13.6,10.1],[13.6,10],[13.5,10.1],[13.4,10.2],[13.6,10.1]]]]}},{"type":"Feature","properties":{},"geometry":{"type":"MultiPolygon","coordinates":[[[[13.6,9.5],[13.5,9.2],[13.5,9.4],[13.6,9.5]]]]}},{"type":"Feature","properties":{},"geometry":{"type":"MultiPolygon","coordinates":[[[[13.9,13.1],[14.1,13],[14.1,12.8],[13.9,12.9],[13.9,13.1]]]]}},{"type":"Feature","properties":{},"geometry":{"type":"MultiPolygon","coordinates":[[[[33.7,-27.9],[33.6,-27.8],[33.8,-27],[33.9,-26.5],[35.4,-24.9],[36.6,-23.9],[36.3,-24.5],[36,-25],[35.8,-25.4],[35.4,-25.9],[35.1,-26.5],[34.1,-27.5],[33.7,-27.9]]]]}},{"type":"Feature","properties":{},"geometry":{"type":"MultiPolygon","coordinates":[[[[93.2,-61],[90.5,-61.1],[87.2,-61.6],[82.7,-61.2],[80.1,-60.6],[75.1,-59.3],[71,-57.3],[69.6,-55.2],[67.4,-52.7],[66.9,-49.1],[65.4,-46.3],[64.9,-45.9],[66.2,-46.7],[67.1,-46.8],[68,-50.9],[68.1,-52.5],[68.8,-54.5],[70.6,-55.7],[72.1,-56.9],[74.1,-58.4],[78.9,-60.2],[85.1,-61.2],[89.1,-61.2],[92.7,-60.5],[93.2,-61]]]]}},{"type":"Feature","properties":{},"geometry":{"type":"MultiPolygon","coordinates":[[[[33.1,-0.2],[33.2,-0.3],[33.2,-0.4],[33.3,-0.8],[33.2,-1],[33.2,-1.3],[33.7,-1.8],[33.7,-1.9],[33.3,-1.8],[32.7,-1.7],[32.3,-1.8],[32,-1.8],[31.7,-1.7],[30.9,-1],[30.5,-0.8],[29.9,-0.7],[30.1,0.8],[30.1,2.1],[30.8,1.3],[31.6,0.7],[33.1,-0.2]]]]}},{"type":"Feature","properties":{},"geometry":{"type":"MultiPolygon","coordinates":[[[[36.3,10.7],[38.4,12],[38.6,12.1],[38.7,11.8],[39,11.3],[39.1,10.7],[39.4,9.9],[39.3,9.8],[37.7,8.7],[36.7,8.3],[35.8,8.1],[35.5,8.4],[35.3,8.7],[35.2,9],[35,9.6],[36.2,10.6],[36.3,10.7]]]]}},{"type":"Feature","properties":{},"geometry":{"type":"MultiPolygon","coordinates":[[[[27.8,-3.4],[26.6,-3],[24.5,-3.6],[24.6,-3],[25.4,-2.4],[29,-1.6],[28.9,-2],[28.5,-3.4],[27.8,-3.4]]]]}},{"type":"Feature","properties":{},"geometry":{"type":"MultiPolygon","coordinates":[[[[28.2,-1.3],[23.9,-2.6],[23.9,-2.3],[23.6,-2],[23.1,-1.6],[22.7,-1.3],[22.1,-0.7],[23.2,-0.3],[27,-0.2],[27.3,-0.3],[27.8,-0.8],[28,-0.9],[28.2,-1.3]]]]}},{"type":"Feature","properties":{},"geometry":{"type":"MultiPolygon","coordinates":[[[[28.7,-0.8],[24.1,-1.2],[23.6,-1],[23,-0.8],[22.8,-0.7],[21.4,1.4],[21.7,1.4],[22.6,1.1],[23.1,0.9],[23.4,0.8],[23.8,0.8],[23.8,0.5],[24.7,1.2],[25.8,1.2],[27.2,0.6],[28,0.2],[28.2,-0.3],[28.5,-0.6],[28.7,-0.8]]]]}},{"type":"Feature","properties":{},"geometry":{"type":"MultiPolygon","coordinates":[[[[27.2,-3.5],[27.7,-3.8],[28,-4],[28.2,-4.4],[28.5,-5.1],[28.9,-5.5],[29.3,-6.1],[29.5,-6.4],[29.4,-6.7],[29.2,-7.3],[29.1,-7.7],[29,-9.9],[28.6,-10.3],[28.6,-9.3],[28.5,-7],[28,-5.7],[27.1,-4.1],[26.8,-3.8],[27.2,-3.5]]]]}},{"type":"Feature","properties":{},"geometry":{"type":"MultiPolygon","coordinates":[[[[28.1,-6.1],[27.7,-6.4],[27.9,-6.7],[28.7,-8.4],[29.1,-9.8],[29,-12],[28.9,-13],[29.4,-14.4],[29.5,-14.9],[29.1,-14.5],[29.1,-14],[28.5,-14.2],[27.8,-11.8],[28,-11.2],[27.6,-9.7],[27.2,-7.5],[26.5,-4.3],[26.1,-4.2],[25.6,-4.2],[24.8,-3.7],[24.4,-3.4],[24.6,-3.3],[25.8,-2.9],[26.1,-3],[26.3,-3.1],[26.5,-3.3],[27,-3.5],[27.4,-3.7],[28.1,-6.1]]]]}},{"type":"Feature","properties":{},"geometry":{"type":"MultiPolygon","coordinates":[[[[28,-16.6],[28.4,-16.5],[28.1,-16.9],[28,-16.6]]]]}},{"type":"Feature","properties":{},"geometry":{"type":"MultiPolygon","coordinates":[[[[28.5,-16.5],[28.7,-16.8],[28.4,-16.6],[28.5,-16.5]]]]}},{"type":"Feature","properties":{},"geometry":{"type":"MultiPolygon","coordinates":[[[[24.2,-8.8],[22.7,-9.2],[22.5,-8.7],[24,-8.5],[24.2,-8.8]]]]}},{"type":"Feature","properties":{},"geometry":{"type":"MultiPolygon","coordinates":[[[[27.9,-11.3],[28,-11.1],[27.7,-10.2],[27.8,-10.2],[27.4,-9.5],[26.8,-8.3],[26.6,-7.3],[26.9,-7.5],[26.9,-6],[26.4,-6.3],[26.3,-5.9],[26.5,-5.5],[26.5,-5.3],[26.3,-5.2],[25.8,-5],[25.6,-5.2],[25.5,-5.5],[25.4,-5.5],[25.4,-7.1],[25.1,-8.9],[25.6,-9.4],[25.6,-9.7],[24,-9.8],[24,-9.4],[23.6,-8.7],[23.5,-7.7],[23.2,-6.9],[23.3,-6.3],[23.7,-5.3],[23.4,-4.6],[23,-4],[22.6,-3.6],[22.8,-3.4],[23.3,-3],[24,-3.2],[24.2,-3.1],[24.4,-3.2],[25,-3.7],[25.6,-3.9],[26.1,-3.9],[27.1,-5.8],[27.4,-7.7],[28.1,-9.8],[28.3,-11.1],[27.9,-11.3]]]]}},{"type":"Feature","properties":{},"geometry":{"type":"MultiPolygon","coordinates":[[[[22.8,-5.3],[23.5,-5],[23.1,-5.2],[22.8,-5.3]]]]}},{"type":"Feature","properties":{},"geometry":{"type":"MultiPolygon","coordinates":[[[[22.8,-5],[21.9,-5],[22.1,-4.7],[22.3,-4.4],[22.6,-4.3],[23.3,-4.3],[22.8,-5]]]]}},{"type":"Feature","properties":{},"geometry":{"type":"MultiPolygon","coordinates":[[[[21.3,-4.8],[20.8,-4.8],[20.1,-4.6],[20.5,-4.2],[21.3,-4.5],[21.3,-4.8]]]]}},{"type":"Feature","properties":{},"geometry":{"type":"MultiPolygon","coordinates":[[[[20.7,-5],[22.1,-5],[21.6,-5.6],[20.6,-5.9],[20.1,-5.9],[20.1,-5.7],[20.3,-5.5],[20.7,-5.2],[20.7,-5.1],[20.7,-5]]]]}},{"type":"Feature","properties":{},"geometry":{"type":"MultiPolygon","coordinates":[[[[17.9,-5.7],[17.8,-6.2],[17.5,-6.1],[17.6,-5.6],[17.9,-5.7]]]]}},{"type":"Feature","properties":{},"geometry":{"type":"MultiPolygon","coordinates":[[[[18.7,-5.6],[18.7,-5.8],[18.4,-5.5],[18.7,-5.6]]]]}},{"type":"Feature","properties":{},"geometry":{"type":"MultiPolygon","coordinates":[[[[20.9,-6.8],[18.6,-6.7],[18.8,-6.6],[19.7,-6.5],[20.5,-6.5],[20.9,-6.8]]]]}},{"type":"Feature","properties":{},"geometry":{"type":"MultiPolygon","coordinates":[[[[16.2,-8],[15.5,-7.9],[15.8,-7.7],[16.2,-8]]]]}},{"type":"Feature","properties":{},"geometry":{"type":"MultiPolygon","coordinates":[[[[17.8,-7.9],[17.4,-8.3],[17.7,-7.8],[17.8,-7.9]]]]}},{"type":"Feature","properties":{},"geometry":{"type":"MultiPolygon","coordinates":[[[[-25.8,34.5],[-26.3,32.7],[-27.5,30],[-29.1,26.7],[-29.2,28.2],[-28.4,30.5],[-27.7,32],[-26.9,34.1],[-25.8,35.5],[-25.8,34.5]]]]}},{"type":"Feature","properties":{},"geometry":{"type":"MultiPolygon","coordinates":[[[[-1.4,29.3],[-2.6,29.5],[-2.6,29.8],[-2.5,29.9],[-2.4,30.1],[-2.2,30.3],[-1.9,29.9],[-1.9,29.5],[-1.4,29.3]]]]}},{"type":"Feature","properties":{},"geometry":{"type":"MultiPolygon","coordinates":[[[[-7,32.3],[-6.1,31.8],[-5.7,31.6],[-5.5,31.5],[-5.2,31.4],[-5.2,31.3],[-4.9,31],[-5.8,30.6],[-6.2,30.9],[-6.3,31.2],[-7.5,31.5],[-7.1,32],[-6.7,31.8],[-6.7,32],[-7.2,32.2],[-7,32.3]]]]}},{"type":"Feature","properties":{},"geometry":{"type":"MultiPolygon","coordinates":[[[[-7,32.4],[-7.3,32.3],[-7.4,32.6],[-7.5,32.7],[-7.6,33.1],[-7,32.4]]]]}},{"type":"Feature","properties":{},"geometry":{"type":"MultiPolygon","coordinates":[[[[-3.4,29.6],[-4,29.9],[-4.6,30.3],[-4.4,30.4],[-4.1,30.2],[-4.1,30.4],[-3.8,30.8],[-3.8,30.3],[-3.7,30],[-3.7,30.4],[-3.5,30.3],[-3.3,30.7],[-3.2,30.3],[-3,30.5],[-2.9,30.1],[-3.4,29.6]]]]}},{"type":"Feature","properties":{},"geometry":{"type":"MultiPolygon","coordinates":[[[[-5.4,30.2],[-5.5,30.4],[-5.2,30.2],[-5.4,30.2]]]]}},{"type":"Feature","properties":{},"geometry":{"type":"MultiPolygon","coordinates":[[[[-4,31.3],[-4.2,31],[-4.1,31.4],[-4,31.3]]]]}},{"type":"Feature","properties":{},"geometry":{"type":"MultiPolygon","coordinates":[[[[-66.5,-61.2],[-65,-62.2],[-65.8,-62.8],[-66.5,-62.8],[-69.3,-63.2],[-70.4,-63.7],[-71.6,-63.6],[-72.8,-63.9],[-74.1,-64.8],[-74.7,-64.8],[-75.3,-65.3],[-77.1,-65.3],[-78,-65.1],[-79,-65.6],[-79.7,-65.2],[-78.7,-65],[-79.8,-64.4],[-80,-64.3],[-79.1,-64.1],[-78.6,-63.5],[-78.6,-63.1],[-78.7,-63.2],[-79,-63.3],[-79,-63.5],[-79.4,-63.4],[-79.3,-63.6],[-79.5,-63.7],[-79.8,-63.7],[-79.8,-63.6],[-79.5,-63.3],[-79.7,-63.3],[-79.5,-63.2],[-79.4,-62.9],[-79.1,-62.7],[-79,-62.6],[-78.6,-62.4],[-78.5,-62.3],[-78.6,-62.3],[-78.5,-62.1],[-78.4,-61.9],[-78,-61.9],[-77.7,-61.7],[-78,-61.5],[-77.8,-61.3],[-77.5,-61.4],[-77.4,-61.4],[-77.2,-61.1],[-77.8,-61.3],[-77,-60.6],[-76.8,-60.5],[-76.6,-60.4],[-76.5,-60.3],[-76.4,-60.2],[-76.3,-60.2],[-75.8,-60.1],[-75.7,-60.2],[-75.5,-60.5],[-75.4,-60.5],[-75.4,-60.1],[-75.2,-60.1],[-75.4,-60],[-75.7,-59.8],[-75.6,-59.7],[-75.3,-59.5],[-75,-59.4],[-74.1,-58.6],[-73.9,-58.5],[-74.1,-58.9],[-73.5,-58.8],[-70.5,-59.5],[-66.5,-61.2]]]]}},{"type":"Feature","properties":{},"geometry":{"type":"MultiPolygon","coordinates":[[[[-79.9,-64.2],[-79.7,-64.1],[-79.1,-63.8],[-79.9,-64.2]]]]}},{"type":"Feature","properties":{},"geometry":{"type":"MultiPolygon","coordinates":[[[[-76.5,-68.4],[-78.3,-67.2],[-77.2,-66.2],[-78.4,-65.8],[-77.7,-65.5],[-77.6,-65.5],[-77,-65.5],[-75.9,-65.7],[-75.4,-66.2],[-75.7,-67.1],[-75,-68.3],[-75,-68.7],[-76.2,-68.5],[-76.5,-68.4]]]]}},{"type":"Feature","properties":{},"geometry":{"type":"MultiPolygon","coordinates":[[[[-80.2,-64.9],[-78.9,-64.8],[-79.5,-65],[-80.2,-64.9]]]]}},{"type":"Feature","properties":{},"geometry":{"type":"MultiPolygon","coordinates":[[[[-72.1,-69.2],[-73,-69.1],[-73.3,-69],[-73.2,-69.1],[-72.1,-69.2]]]]}},{"type":"Feature","properties":{},"geometry":{"type":"MultiPolygon","coordinates":[[[[124.2,-46.8],[126.8,-45.4],[128.5,-43.6],[130.5,-43.5],[130.7,-44],[129.5,-44.5],[128.5,-45.5],[125.7,-46.9],[123.9,-47.4],[123.2,-47.6],[121.3,-48],[120.2,-48.5],[123.6,-47.1],[124.2,-46.8]]]]}},{"type":"Feature","properties":{},"geometry":{"type":"MultiPolygon","coordinates":[[[[161.4,-67.3],[161.6,-67.4],[161.7,-67.4],[161.9,-67.5],[161.6,-67.7],[161.5,-67.6],[161.3,-67.5],[161.1,-67.3],[161.4,-67.3]]]]}},{"type":"Feature","properties":{},"geometry":{"type":"MultiPolygon","coordinates":[[[[146.2,-43.4],[146.7,-43.5],[147.2,-43.6],[147.2,-43.7],[147.4,-44],[147.4,-44.1],[147.6,-44.3],[147.9,-44.7],[147.9,-44.8],[148,-44.9],[148,-45.1],[148.7,-45.5],[148.9,-45.4],[148.9,-45.6],[149.1,-45.8],[149.2,-45.9],[149.3,-46],[149.4,-46.1],[149.4,-46.2],[149.5,-46.5],[149.5,-46.6],[149.5,-46.7],[149.7,-46.8],[150.1,-46.9],[150.1,-47],[150.1,-47.1],[150.1,-47.2],[150.1,-47.3],[150.1,-47.4],[150,-47.4],[149.9,-47.5],[149.8,-47.5],[149.7,-47.6],[149.6,-47.7],[149.5,-47.7],[149.4,-47.8],[149.3,-47.9],[149.2,-47.9],[149.1,-48],[149,-48],[149,-48.1],[148.9,-48.1],[148.9,-48.2],[148.8,-48.2],[148.7,-48.2],[148.6,-48.2],[148.5,-48.3],[148.4,-48.3],[148.3,-48.3],[148.2,-48.4],[148.1,-48.4],[148,-48.4],[147.9,-48.4],[147.8,-48.4],[147.8,-48.5],[147.7,-48.5],[147.6,-48.5],[147.6,-48.4],[147.7,-48.3],[147.8,-48.2],[147.9,-48.1],[148,-48],[148,-47.9],[148.1,-47.9],[148.1,-47.8],[148.2,-47.8],[148.2,-47.7],[148.2,-47.6],[148.3,-47.6],[148.3,-47.5],[148.3,-47.4],[148.4,-47.4],[148.4,-47.3],[148.4,-47.2],[148.5,-47.2],[148.5,-47.1],[148.5,-47],[148.6,-47],[148.6,-46.9],[148.7,-46.8],[148.8,-46.7],[148.7,-46.7],[148.7,-46.6],[148.6,-46.6],[148.5,-46.6],[148.4,-46.5],[148.3,-46.5],[148.2,-46.5],[148.1,-46.4],[148,-46.4],[147.9,-46.4],[147.8,-46.4],[147.7,-46.3],[147.6,-46.3],[147.5,-46.3],[147.4,-46.2],[147.3,-46.2],[147.2,-46.2],[147.1,-46.2],[147,-46.1],[146.9,-46.1],[146.8,-46.1],[146.8,-46],[146.5,-45.9],[146.3,-45.7],[146.3,-45.6],[146.3,-45.5],[146.3,-45.4],[146.2,-45.4],[146.2,-45.3],[146.2,-45.2],[146.2,-45.1],[146.1,-45.1],[146.1,-45],[146.1,-44.9],[146,-44.9],[146,-44.8],[146,-44.7],[146,-44.5],[146,-44.4],[146,-44.3],[146,-44.2],[146,-43.8],[146,-43.7],[145.9,-43.5],[145.9,-43.2],[146,-43.1],[146.2,-43.4]]]]}},{"type":"Feature","properties":{},"geometry":{"type":"MultiPolygon","coordinates":[[[[-3.8,-0.9],[-1.9,-0.2],[-1.8,-0.4],[-1.6,-0.6],[-1.3,-0.7],[-0.5,-1],[-0.1,-1.2],[0.1,-1.4],[-0.2,-1.4],[-0.5,-1.3],[-0.6,-1.5],[-0.7,-1.6],[-1,-1.7],[-1.2,-1.7],[-1.5,-1.7],[-1.7,-1.7],[-1.9,-1.9],[-2.1,-1.8],[-2.2,-1.8],[-2.4,-1.8],[-2.5,-1.9],[-2.6,-2.2],[-2.9,-2.4],[-3,-2.4],[-3.1,-2.5],[-3.3,-2.6],[-3.6,-2.5],[-3.7,-2.3],[-3.8,-2.2],[-3.5,-1.5],[-3.4,-1.5],[-3.3,-1.4],[-2.3,-0.9],[-2.1,-1.3],[-2.5,-0.9],[-2.3,-0.7],[-2.1,-0.5],[-2.3,-0.3],[-3.3,-0.9],[-3.8,-0.9]]]]}},{"type":"Feature","properties":{},"geometry":{"type":"MultiPolygon","coordinates":[[[[-8.9,-3.5],[-7.4,-2.4],[-7.2,-2.5],[-7.6,-2.7],[-7.5,-2.9],[-7.4,-3.2],[-7,-3.2],[-7.1,-3.6],[-7.6,-3.4],[-7.8,-3.5],[-7.9,-3.3],[-8,-3.3],[-8.2,-3.5],[-8.7,-3.4],[-8.9,-3.5]]]]}},{"type":"Feature","properties":{},"geometry":{"type":"MultiPolygon","coordinates":[[[[3.9,0.5],[4,0.5],[5.2,1.6],[5.2,1.5],[5.2,1.4],[5.1,1.1],[5.3,1.2],[5.7,1.3],[5.6,1.2],[5.2,0.9],[5.3,0.6],[5.3,0.3],[5.8,0.8],[5.6,0.4],[5.6,0.2],[5.9,0.6],[5.9,-0.2],[5.6,-0.6],[5.4,-0.6],[5.3,-0.3],[5.4,0],[5.1,0],[5.1,0.2],[5.1,0.7],[4.7,0.2],[4.5,0.3],[4.3,-0.1],[4.1,-0.3],[3.9,0],[4.5,0.4],[4.2,0.5],[4.1,0.3],[3.9,0.3],[3.9,0.5]]]]}},{"type":"Feature","properties":{},"geometry":{"type":"MultiPolygon","coordinates":[[[[-0.2,-0.9],[0.2,-1],[0.7,-0.6],[1,-0.6],[1,-0.9],[0.3,-1.2],[-0.1,-1.1],[-0.2,-0.9]]]]}},{"type":"Feature","properties":{},"geometry":{"type":"MultiPolygon","coordinates":[[[[-0.8,-0.4],[-0.9,-0.5],[-1.2,-0.4],[-0.8,-0.4]]]]}},{"type":"Feature","properties":{},"geometry":{"type":"MultiPolygon","coordinates":[[[[5.5,2.1],[5.5,1.8],[5.3,1.8],[4.8,1.3],[3.9,0.5],[3.9,0.7],[3.7,0.6],[3.6,0.7],[3.4,0.5],[3.3,0.5],[3.2,0.5],[3,0.7],[2.9,0.7],[2.6,0.7],[2.4,0.7],[2.2,0.7],[2.1,0.8],[1.7,0.7],[1.6,0.8],[2.4,1],[3.1,1.2],[4,1.5],[4.9,2.2],[5.1,2.2],[5.5,2.1]]]]}},{"type":"Feature","properties":{},"geometry":{"type":"MultiPolygon","coordinates":[[[[-1.9,-0.2],[-3.8,-0.9],[-4.1,-0.7],[-4.3,-0.9],[-4.4,-1.1],[-4.6,-1.2],[-4.7,-1.2],[-4.9,-1.2],[-4.9,-1.3],[-5,-1.3],[-5.1,-1.2],[-5.3,-1.1],[-5.4,-1.4],[-5.5,-0.9],[-4.5,-0.5],[-3,0.4],[-2.3,0.6],[-2.3,0.4],[-2.2,0.1],[-2,-0.1],[-1.9,-0.2]]]]}},{"type":"Feature","properties":{},"geometry":{"type":"MultiPolygon","coordinates":[[[[-5.9,-1.5],[-6,-1.5],[-6.1,-1.4],[-6.2,-1.4],[-5.5,-1],[-5.8,-1.4],[-5.9,-1.5]]]]}},{"type":"Feature","properties":{},"geometry":{"type":"MultiPolygon","coordinates":[[[[-7.4,-2.4],[-7.1,-1.8],[-6.8,-1.8],[-7.4,-2.4]]]]}},{"type":"Feature","properties":{},"geometry":{"type":"MultiPolygon","coordinates":[[[[0.8,0.1],[0.6,-0.4],[0.2,-0.7],[0.2,-0.8],[0.2,-0.9],[-0.2,-0.6],[0.8,0.1]]]]}},{"type":"Feature","properties":{},"geometry":{"type":"MultiPolygon","coordinates":[[[[0.8,-0.5],[0.3,-1],[0.3,-0.8],[0.7,-0.4],[0.8,-0.5]]]]}},{"type":"Feature","properties":{},"geometry":{"type":"MultiPolygon","coordinates":[[[[-0.8,-0.4],[-1.2,-0.2],[-1.5,-0.2],[-1.9,0.1],[-2,0.4],[-1.8,0.4],[-1.7,0.2],[-1.4,0.1],[-1.1,-0.1],[-0.9,0],[-0.7,-0.3],[-0.8,-0.3],[-0.8,-0.4]]]]}},{"type":"Feature","properties":{},"geometry":{"type":"MultiPolygon","coordinates":[[[[-11.7,-4.3],[-10.8,-4],[-10.4,-4],[-10.7,-4.6],[-10.9,-4.7],[-11.1,-4.8],[-11.5,-5.1],[-11.8,-4.4],[-11.7,-4.3]]]]}},{"type":"Feature","properties":{},"geometry":{"type":"MultiPolygon","coordinates":[[[[-12.4,-4.5],[-11.7,-4.3],[-11.6,-5.2],[-11.8,-5.4],[-11.7,-5.5],[-11.9,-5.7],[-12.2,-6],[-12.6,-6.3],[-12.7,-6.2],[-12.7,-6.1],[-12.4,-5.9],[-12.5,-5.8],[-12.5,-5.6],[-12.5,-5.5],[-12.6,-5.3],[-12.5,-5.1],[-12.3,-5.1],[-12.6,-5],[-12.5,-4.8],[-12.4,-4.8],[-12.6,-4.8],[-12.3,-4.6],[-12.4,-4.5]]]]}},{"type":"Feature","properties":{},"geometry":{"type":"MultiPolygon","coordinates":[[[[-13.4,-5],[-12.7,-4.7],[-12.7,-5.2],[-13,-5.3],[-13.3,-5],[-13.4,-5]]]]}},{"type":"Feature","properties":{},"geometry":{"type":"MultiPolygon","coordinates":[[[[-19.9,-14.8],[-20.2,-14.7],[-20.8,-14],[-21.2,-13.1],[-21.2,-12.1],[-21.2,-11.8],[-21.5,-11.1],[-22,-10.4],[-22.1,-10.5],[-22.7,-10.5],[-23,-10.2],[-23,-10],[-23.1,-9.9],[-23.1,-9.7],[-23.4,-9.3],[-23.6,-9.2],[-24,-9],[-24.2,-9],[-24.3,-8.9],[-24.5,-8.9],[-24.6,-8.9],[-24.8,-8.5],[-25.3,-8.4],[-25.8,-8.2],[-25.9,-8.1],[-27.3,-6.5],[-25.5,-7.1],[-24,-7.5],[-22,-7.7],[-17.6,-7.8],[-14.5,-5.8],[-13.4,-5],[-13,-5.4],[-12.9,-6],[-13.1,-5.8],[-13,-6],[-13.2,-6.2],[-13.3,-6.2],[-13.3,-6.3],[-13.4,-6.4],[-13.2,-6.7],[-13,-7.9],[-13,-7.2],[-13.3,-7.3],[-13.4,-7.4],[-13.8,-7.3],[-13.5,-7.6],[-13.1,-7.7],[-13.3,-8],[-13.8,-8.1],[-13.9,-7.9],[-14.2,-7.8],[-14,-8.2],[-14.3,-8.2],[-14,-8.4],[-13.9,-8.4],[-14.1,-8.7],[-14.3,-8.5],[-14.6,-8.5],[-14.8,-8.6],[-15.6,-9],[-16.7,-9.3],[-16.9,-9.4],[-17.5,-9.4],[-17.8,-9.5],[-18,-9.5],[-18.3,-9.4],[-18.4,-9.7],[-18.6,-9.9],[-18.7,-9.9],[-18.9,-10],[-19,-10.1],[-19,-10.2],[-19.1,-10.3],[-19.2,-10.3],[-19.3,-10.5],[-19.4,-10.5],[-19.5,-10.6],[-19.5,-10.8],[-19.6,-11],[-19.7,-13.2],[-19.8,-13.2],[-20,-14.4],[-19.9,-14.8]]]]}},{"type":"Feature","properties":{},"geometry":{"type":"MultiPolygon","coordinates":[[[[-21.2,-7.7],[-19.1,-7.3],[-17.5,-6.7],[-15.1,-5.7],[-15.5,-7.1],[-20.3,-8],[-21.2,-7.7]]]]}},{"type":"Feature","properties":{},"geometry":{"type":"MultiPolygon","coordinates":[[[[3.1,1.2],[2.4,1],[3,1.6],[3.7,1.9],[3.1,1.2]]]]}},{"type":"Feature","properties":{},"geometry":{"type":"MultiPolygon","coordinates":[[[[4.9,2.2],[4,1.5],[3.1,1.2],[4,2.3],[4.2,2.4],[4.3,2.3],[4.3,2.2],[4.4,2.4],[4.5,2.4],[4.4,2],[4.6,2.1],[4.9,2.2]]]]}},{"type":"Feature","properties":{},"geometry":{"type":"MultiPolygon","coordinates":[[[[4.7,2.4],[4.8,2.4],[4.6,2.3],[4.7,2.4]]]]}},{"type":"Feature","properties":{},"geometry":{"type":"MultiPolygon","coordinates":[[[[49.1,41.1],[51.3,39.8],[51.9,38.7],[50.6,39.3],[48.1,40.7],[49.1,41.1]]]]}},{"type":"Feature","properties":{},"geometry":{"type":"MultiPolygon","coordinates":[[[[61.4,37.2],[62.2,38.5],[63.5,40.8],[63.9,40.3],[63.1,37.2],[60.1,36.4],[61.4,37.2]]]]}},{"type":"Feature","properties":{},"geometry":{"type":"MultiPolygon","coordinates":[[[[64.3,46.8],[64.3,45],[63.8,43.7],[63.5,40.8],[62.2,38.5],[61.4,37.2],[62,39.8],[62.5,43.3],[63.2,45.3],[64.3,46.8]]]]}},{"type":"Feature","properties":{},"geometry":{"type":"MultiPolygon","coordinates":[[[[49.5,33],[51,32.2],[54.4,31.2],[53.7,30.6],[53.5,30.7],[53.4,30.7],[53.3,30.5],[51.9,31],[51.6,31.3],[49.2,32.4],[49.5,33]]]]}},{"type":"Feature","properties":{},"geometry":{"type":"MultiPolygon","coordinates":[[[[57.1,37.2],[60.2,38.3],[60.1,36.4],[57.8,35.5],[54.6,34.8],[54.3,36.8],[56.5,37],[57.1,37.2]]]]}},{"type":"Feature","properties":{},"geometry":{"type":"MultiPolygon","coordinates":[[[[48.1,40.7],[50.6,39.3],[49.7,38.2],[46.6,38.9],[46.6,39.6],[47.7,40.6],[48.1,40.7]]]]}},{"type":"Feature","properties":{},"geometry":{"type":"MultiPolygon","coordinates":[[[[51,38],[53.7,36.7],[51.7,35.9],[49.5,37.8],[51,38]]]]}},{"type":"Feature","properties":{},"geometry":{"type":"MultiPolygon","coordinates":[[[[57.5,38.7],[59.3,40.1],[62,42.2],[62.2,40.2],[60.9,38.7],[57.7,37.3],[57.8,38.4],[58.1,38.5],[57.5,38.6],[57.5,38.7]]]]}},{"type":"Feature","properties":{},"geometry":{"type":"MultiPolygon","coordinates":[[[[51.9,38.7],[54.3,38],[56.9,38.3],[57.3,38.3],[55.4,36.9],[53.7,36.7],[51,38],[51.9,38.7]]]]}},{"type":"Feature","properties":{},"geometry":{"type":"MultiPolygon","coordinates":[[[[57.6,35.4],[59.8,36.2],[61.7,35.4],[61.4,33.4],[57.9,31.9],[54.4,31.2],[55.1,34.1],[57.2,35.2],[57.6,35.4]]]]}},{"type":"Feature","properties":{},"geometry":{"type":"MultiPolygon","coordinates":[[[[49.9,33.4],[53.4,33.5],[52.7,31.8],[50.1,32.3],[49.7,33.4],[49.9,33.4]]]]}},{"type":"Feature","properties":{},"geometry":{"type":"MultiPolygon","coordinates":[[[[64.2,44.6],[65.9,46.7],[67.4,47.3],[65.6,45.3],[64.6,43.2],[64.4,41.3],[64.6,38.3],[65.1,36.8],[64.4,36.1],[62.2,34.3],[61.4,36.2],[63.6,37.3],[63.9,41.2],[63.8,44.1],[64.2,44.6]]]]}},{"type":"Feature","properties":{},"geometry":{"type":"MultiPolygon","coordinates":[[[[60.9,33],[60.6,30],[56.7,29.3],[56,31.4],[59.6,32.5],[60.9,33]]]]}},{"type":"Feature","properties":{},"geometry":{"type":"MultiPolygon","coordinates":[[[[145.8,-43.3],[145.9,-43.6],[146,-43.7],[146,-43.9],[146,-44.3],[146,-44.4],[146,-44.5],[146,-44.6],[146,-44.7],[146,-44.9],[146.1,-44.9],[146.1,-45],[146.1,-45.1],[146.2,-45.1],[146.2,-45.2],[146.2,-45.3],[146.2,-45.4],[146.3,-45.4],[146.3,-45.5],[146.3,-45.6],[146.3,-45.7],[146.4,-45.8],[146.8,-46],[146.8,-46.1],[146.9,-46.1],[147,-46.1],[147.1,-46.1],[147.2,-46.2],[147.3,-46.2],[147.4,-46.2],[147.5,-46.3],[147.6,-46.3],[147.7,-46.3],[147.8,-46.4],[147.9,-46.4],[148,-46.4],[148.1,-46.4],[148.2,-46.5],[148.3,-46.5],[148.4,-46.5],[148.5,-46.6],[148.6,-46.6],[148.7,-46.6],[148.7,-46.7],[148.7,-46.8],[148.7,-46.9],[148.6,-46.9],[148.6,-47],[148.5,-47.1],[148.5,-47.2],[148.4,-47.2],[148.4,-47.3],[148.4,-47.4],[148.3,-47.5],[148.3,-47.6],[148.2,-47.7],[148.1,-47.8],[148.1,-47.9],[148,-48],[147.9,-48.1],[147.8,-48.2],[147.7,-48.3],[147.6,-48.4],[147.5,-48.5],[148.2,-48.8],[148.8,-49],[148.7,-49],[148.6,-49],[148.6,-49.1],[148.5,-49.1],[148.5,-49.2],[148.4,-49.2],[148.4,-49.3],[148.3,-49.4],[148.3,-49.7],[148.3,-49.8],[148.4,-49.8],[148.3,-50.1],[148.2,-50.3],[148.2,-50.4],[148.3,-50.4],[148.3,-50.5],[148.1,-50.8],[148,-50.9],[148,-51],[147.9,-51],[147.9,-51.1],[147.9,-51.2],[147.8,-51.2],[147.8,-51.3],[147.7,-51.4],[147.6,-51.4],[147.6,-51.5],[147.5,-51.5],[147.4,-51.5],[147.4,-51.6],[147.3,-51.6],[147.3,-51.7],[147.2,-51.8],[147.2,-51.9],[147.3,-52],[147.3,-52.1],[147.2,-52.2],[147.1,-52.3],[147.1,-52.4],[147,-52.4],[147,-52.5],[146.9,-52.5],[146.9,-52.6],[146.8,-52.6],[146.8,-52.7],[146.7,-52.7],[146.6,-52.8],[146.5,-52.8],[146.4,-52.9],[146.3,-52.9],[146.3,-53],[146.2,-53],[146.1,-53],[146.1,-53.1],[146,-53.1],[145.9,-53.2],[145.8,-53.3],[145.7,-53.4],[145.6,-53.5],[145.5,-53.6],[145.4,-53.7],[145.3,-53.7],[145.3,-53.8],[145.2,-53.8],[145.2,-53.9],[145.1,-54],[145,-54],[145,-54.1],[144.9,-54.1],[144.8,-54.2],[144.7,-54.2],[144.6,-54.2],[144.5,-54.2],[144.4,-54.3],[144.3,-54.3],[144.2,-54.4],[144.1,-54.4],[144.1,-54.3],[144,-54.3],[143.9,-54.3],[143.8,-54.3],[143.8,-54.2],[143.8,-54.1],[143.8,-54],[143.7,-54],[143.6,-53.9],[143.5,-53.9],[143.4,-53.8],[143.3,-53.8],[143.2,-53.7],[143.1,-53.7],[143.1,-53.6],[143,-53.6],[143,-53.5],[142.9,-53.4],[142.8,-53.3],[142.8,-53.2],[142.7,-53.2],[142.6,-53.1],[142.5,-53.1],[142.4,-53],[142.3,-52.9],[142.2,-52.9],[142.2,-52.8],[142.1,-52.8],[142.1,-52.7],[142,-52.7],[142,-52.6],[141.9,-52.6],[141.9,-52.5],[141.8,-52.5],[141.8,-52.4],[141.7,-52.4],[141.7,-52.3],[141.6,-52.3],[141.6,-52.2],[141.6,-52.1],[141.6,-52],[141.6,-51.9],[141.6,-51.8],[141.7,-51.7],[141.7,-51.6],[141.8,-51.6],[141.8,-51.5],[141.7,-51.5],[141.7,-51.4],[141.6,-51.4],[141.6,-51.3],[141.6,-51.2],[141.6,-51.1],[141.5,-51.1],[141.5,-51],[141.4,-51],[141.3,-51],[141.2,-51],[141.2,-50.9],[141.2,-50.8],[141.1,-50.8],[141.1,-50.7],[141.1,-50.6],[141,-50.6],[141,-50.5],[140.9,-50.4],[140.8,-50.4],[140.8,-50.3],[140.7,-50.3],[140.7,-50.2],[140.8,-50.2],[140.9,-50.2],[141,-50.2],[140.9,-50.2],[140.9,-50.1],[140.8,-50.1],[140.8,-50],[140.7,-50],[140.7,-49.9],[140.8,-49.9],[140.9,-49.9],[140.9,-49.8],[140.8,-49.8],[140.8,-49.7],[140.7,-49.7],[140.7,-49.6],[140.6,-49.6],[140.6,-49.5],[140.6,-49.4],[140.6,-49.3],[140.7,-49.2],[140.7,-49.1],[140.8,-49.1],[140.8,-49],[140.8,-48.9],[140.9,-48.9],[140.9,-48.8],[141,-48.8],[141,-48.7],[141.1,-48.7],[141.2,-48.7],[141.3,-48.7],[141.3,-48.6],[141.4,-48.6],[141.4,-48.5],[141.4,-48.4],[141.5,-48.4],[141.5,-48.3],[141.6,-48.2],[141.6,-48.1],[141.7,-48.1],[141.7,-48],[141.8,-47.9],[141.9,-47.8],[141.9,-47.7],[142,-47.7],[142.3,-47.3],[142.2,-47.3],[142.1,-47.3],[142.3,-47.1],[142.5,-45.6],[142.2,-43.8],[142.1,-43],[141.8,-42.6],[142.2,-42.4],[142,-42.2],[141.9,-42.2],[141.8,-41.9],[142.1,-41.7],[142,-41.4],[142.1,-41.1],[142.2,-40.5],[142.4,-40.5],[142.8,-40.5],[143.5,-41.3],[143.8,-41.7],[144.3,-42.1],[144.9,-43.2],[145.6,-43.3],[145.8,-43.3]]]]}},{"type":"Feature","properties":{},"geometry":{"type":"MultiPolygon","coordinates":[[[[131.3,-42.7],[131.3,-42.8],[131.3,-42.9],[131.3,-43],[131.4,-43],[131.3,-43.1],[131.3,-43.2],[131.3,-43.3],[131.2,-43.3],[131.1,-43.4],[131,-43.4],[130.9,-43.4],[130.9,-43.5],[130.8,-43.5],[130.8,-43.6],[130.7,-43.6],[130.7,-43.7],[130.7,-43.8],[130.7,-43.9],[130.6,-43.9],[130.5,-43.9],[130.4,-43.9],[130.3,-43.9],[130.2,-43.9],[130.2,-44],[130.1,-44],[130.1,-44.1],[130.1,-44.2],[130,-44.2],[130,-44.3],[130.1,-44.4],[130.1,-44.5],[130.1,-44.6],[130.1,-44.7],[130,-44.8],[130,-44.9],[130,-45],[130.1,-45],[130.2,-45],[130.2,-45.1],[130.3,-45.1],[130.3,-45.2],[130.4,-45.2],[130.5,-45.3],[130.5,-45.4],[130.5,-45.5],[130.5,-45.6],[130.6,-45.7],[130.5,-45.7],[130.4,-45.7],[130.4,-45.8],[130.5,-45.8],[130.6,-45.8],[130.6,-45.9],[130.7,-45.9],[130.7,-46],[130.8,-46],[130.8,-46.1],[130.8,-46.2],[131.5,-46.4],[131.3,-47.5],[131.3,-48],[131.4,-48],[131.5,-48.1],[131.5,-48.2],[131.5,-48.3],[131.6,-48.3],[131.7,-48.3],[131.8,-48.3],[131.9,-48.3],[132,-48.3],[132.1,-48.4],[132.4,-48.6],[132.5,-48.7],[132.5,-48.8],[132.6,-48.8],[132.6,-48.9],[132.7,-48.9],[132.7,-49],[132.7,-49.1],[132.8,-49.1],[132.8,-49.2],[132.9,-49.3],[132.9,-49.4],[133,-49.4],[132.9,-49.4],[132.8,-49.4],[132.7,-49.5],[132.8,-49.5],[132.8,-49.6],[132.9,-49.7],[133,-49.8],[133.1,-49.9],[133.2,-49.9],[133.3,-50],[133.4,-50],[133.4,-50.1],[133.5,-50.1],[133.6,-50.1],[133.8,-50.1],[133.9,-50.1],[134,-50.1],[134.2,-50.1],[134.3,-50.1],[134.4,-50.1],[134.5,-50],[134.6,-50],[134.7,-49.9],[134.8,-49.9],[134.8,-49.8],[134.7,-49.8],[134.7,-49.7],[134.6,-49.7],[134.6,-49.6],[134.5,-49.6],[134.5,-49.5],[134.6,-49.5],[134.7,-49.5],[134.9,-49.5],[135,-49.4],[135.1,-49.4],[135.2,-49.4],[135.2,-49.3],[135.3,-49.3],[135.3,-49.2],[135.3,-49.1],[135.4,-49.1],[135.4,-49],[135.4,-48.9],[135.5,-48.9],[135.5,-48.8],[135.6,-48.8],[135.7,-48.7],[135.8,-48.6],[135.9,-48.6],[136,-48.6],[136.1,-48.5],[136.3,-48.4],[136.4,-48.4],[136.5,-48.3],[136.6,-48.3],[136.7,-48.3],[136.9,-48.3],[137.1,-48.3],[137.3,-48.3],[137.5,-48.3],[137.6,-48.3],[137.7,-48.2],[137.9,-48.2],[138,-48.1],[138.1,-48.1],[138.2,-48.1],[138.3,-48.1],[138.4,-48],[138.5,-48],[138.6,-48],[138.7,-48],[138.8,-47.9],[138.9,-47.9],[139,-47.9],[139.1,-47.8],[139.2,-47.8],[139.3,-47.8],[139.4,-47.8],[139.5,-47.7],[139.6,-47.7],[139.7,-47.7],[139.8,-47.7],[139.9,-47.7],[140,-47.7],[140.1,-47.7],[140.2,-47.6],[140.3,-47.6],[140.4,-47.6],[140.5,-47.6],[140.6,-47.6],[140.7,-47.6],[140.8,-47.6],[140.9,-47.6],[141.1,-47.6],[141.3,-47.6],[141.4,-47.6],[141.5,-47.5],[142,-47.3],[142.1,-47.3],[142.2,-47.3],[142.3,-47.3],[142,-47.7],[141.9,-47.7],[141.9,-47.8],[141.8,-47.9],[141.8,-48],[141.7,-48],[141.7,-48.1],[141.6,-48.1],[141.6,-48.2],[141.6,-48.3],[141.5,-48.3],[141.5,-48.4],[141.4,-48.4],[141.4,-48.5],[141.4,-48.6],[141.3,-48.6],[141.3,-48.7],[141.2,-48.7],[141.1,-48.7],[141,-48.7],[141,-48.8],[140.9,-48.8],[140.9,-48.9],[140.8,-49],[140.8,-49.1],[140.7,-49.1],[140.7,-49.2],[140.6,-49.2],[140.6,-49.3],[140.6,-49.4],[140.6,-49.5],[140.7,-49.6],[140.7,-49.7],[140.8,-49.7],[140.8,-49.8],[140.9,-49.8],[140.9,-49.9],[140.8,-49.9],[140.7,-49.9],[140.7,-50],[140.8,-50],[140.8,-50.1],[140.9,-50.1],[140.9,-50.2],[141,-50.2],[140.9,-50.2],[140.8,-50.2],[140.7,-50.3],[140.8,-50.3],[140.8,-50.4],[140.9,-50.4],[140.9,-50.5],[141,-50.5],[141,-50.6],[141.1,-50.6],[141.1,-50.7],[141.1,-50.8],[141.2,-50.8],[141.2,-50.9],[141.2,-51],[141.3,-51],[141.4,-51],[141.5,-51],[141.5,-51.1],[141.6,-51.1],[141.6,-51.2],[141.6,-51.3],[141.6,-51.4],[141.7,-51.4],[141.7,-51.5],[141.8,-51.5],[141.8,-51.6],[141.7,-51.6],[141.7,-51.7],[141.6,-51.8],[141.6,-51.9],[141.6,-52],[141.6,-52.1],[141.6,-52.2],[141.7,-52.3],[141.7,-52.4],[141.8,-52.4],[141.8,-52.5],[141.9,-52.5],[141.9,-52.6],[142,-52.7],[142.1,-52.7],[142.1,-52.8],[142.2,-52.8],[142.3,-52.9],[142.4,-52.9],[142.4,-53],[142.5,-53],[142.5,-53.1],[142.6,-53.1],[142.7,-53.2],[142.8,-53.3],[142.9,-53.3],[142.9,-53.4],[142.9,-53.5],[143,-53.5],[143,-53.6],[143.1,-53.6],[143.1,-53.7],[143.2,-53.7],[143.3,-53.8],[143.4,-53.8],[143.5,-53.9],[143.6,-53.9],[143.7,-53.9],[143.7,-54],[143.8,-54],[143.8,-54.1],[143.8,-54.2],[143.8,-54.3],[143.9,-54.3],[144,-54.3],[144.1,-54.3],[144.1,-54.4],[144.2,-54.4],[144.1,-54.4],[143.8,-54.6],[143.7,-54.7],[143.6,-54.7],[143.6,-54.8],[143.5,-54.8],[143.4,-54.8],[143.3,-54.8],[143.2,-54.8],[143.1,-54.8],[143,-54.8],[142.9,-54.9],[142.8,-54.9],[142.7,-54.9],[142.6,-54.9],[142.5,-54.9],[142.5,-55],[142.4,-55],[142.3,-55],[142.2,-55],[142.1,-55],[142,-55],[141.9,-55],[141.8,-55],[141.7,-55],[141.6,-55],[141.5,-55],[141.4,-55],[141.3,-54.9],[141.2,-54.9],[141.1,-54.9],[141,-54.9],[140.9,-54.9],[140.8,-54.9],[140.7,-54.9],[140.6,-54.9],[140.5,-54.8],[140.4,-54.8],[140.3,-54.8],[140.2,-54.8],[140.1,-54.8],[140,-54.8],[140,-54.7],[139.9,-54.7],[139.8,-54.7],[139.7,-54.7],[139.7,-54.6],[139.5,-54.6],[139.4,-54.6],[139.3,-54.6],[139.2,-54.6],[139.2,-54.5],[139.1,-54.5],[139,-54.5],[138.9,-54.5],[138.8,-54.5],[138.7,-54.5],[138.6,-54.4],[138.5,-54.4],[138.4,-54.4],[138.3,-54.4],[138.2,-54.4],[138.3,-54.4],[138.3,-54.5],[138.3,-54.6],[138.4,-54.6],[138.4,-54.7],[138.4,-54.8],[138.4,-54.9],[138.4,-55],[138.4,-55.1],[138.4,-55.2],[138.5,-55.2],[138.5,-55.3],[138.5,-55.4],[138.5,-55.5],[138.6,-55.5],[138.6,-55.6],[138.5,-55.6],[138.5,-55.7],[138.4,-55.7],[138.3,-55.7],[138.2,-55.7],[138.2,-55.8],[138.1,-55.8],[138,-55.8],[138,-55.9],[137.9,-55.9],[137.8,-55.9],[137.7,-55.9],[137.7,-55.8],[137.6,-55.8],[137.5,-55.8],[137.4,-55.7],[137.3,-55.7],[137.2,-55.7],[137.1,-55.6],[137,-55.6],[136.9,-55.6],[136.8,-55.5],[136.7,-55.4],[136.6,-55.4],[136.5,-55.3],[136.4,-55.3],[136.3,-55.2],[136.2,-55.1],[136.1,-55.1],[136,-55.1],[135.9,-55.1],[135.8,-55.2],[135.7,-55.2],[135.6,-55.3],[135.6,-55.4],[135.5,-55.4],[135.4,-55.5],[135.3,-55.5],[135.2,-55.6],[135.1,-55.6],[135.1,-55.7],[135,-55.7],[134.9,-55.8],[134.8,-55.8],[134.8,-55.9],[134.7,-55.9],[134.7,-56],[134.6,-56],[134.6,-56.1],[134.5,-56.1],[134.4,-56.2],[134.3,-56.3],[134.2,-56.3],[134.1,-56.4],[134,-56.4],[133.9,-56.4],[133.8,-56.5],[133.7,-56.5],[133.6,-56.5],[133.5,-56.5],[133.3,-56.5],[133.2,-56.6],[133.1,-56.6],[133,-56.6],[132.9,-56.6],[132.8,-56.6],[132.7,-56.6],[132.6,-56.6],[132.5,-56.6],[132.4,-56.6],[132.2,-56.6],[132.1,-56.6],[132,-56.6],[131.9,-56.6],[131.8,-56.6],[131.7,-56.6],[131.5,-56.6],[131.4,-56.6],[131.3,-56.6],[131.2,-56.6],[131.1,-56.6],[131,-56.7],[130.9,-56.7],[130.8,-56.7],[130.7,-56.7],[130.6,-56.7],[130.5,-56.7],[130.4,-56.7],[130.3,-56.7],[130.2,-56.8],[130.1,-56.8],[130,-56.8],[129.9,-56.8],[129.8,-56.8],[129.7,-56.8],[129.6,-56.8],[129.5,-56.8],[129.4,-56.8],[129.3,-56.8],[129.3,-56.7],[129.2,-56.7],[129.1,-56.7],[129,-56.7],[128.9,-56.7],[128.8,-56.7],[128.7,-56.7],[128.6,-56.7],[128.5,-56.6],[128.4,-56.6],[128.3,-56.6],[128.2,-56.5],[128.1,-56.5],[128,-56.5],[127.9,-56.4],[127.8,-56.4],[127.7,-56.4],[127.6,-56.4],[127.6,-56.3],[127.5,-56.3],[127.4,-56.3],[127.3,-56.3],[127.2,-56.2],[127.1,-56.2],[127,-56.1],[126.9,-56.1],[126.8,-56.1],[126.7,-56.1],[126.6,-56.1],[126.5,-56.1],[126.2,-56.2],[126.1,-56.2],[126,-56.2],[125.9,-56.2],[125.8,-56.3],[125.7,-56.3],[125.6,-56.3],[125.5,-56.3],[125.4,-56.3],[125.3,-56.4],[125.2,-56.4],[125.2,-56.3],[125.1,-56.3],[125,-56.3],[124.9,-56.2],[124.8,-56.2],[124.7,-56.2],[124.6,-56.2],[124.5,-56.2],[124.4,-56.2],[124.3,-56.2],[124.2,-56.2],[124.1,-56.3],[124,-56.3],[123.9,-56.3],[123.8,-56.3],[123.7,-56.3],[123.6,-56.2],[123.5,-56.2],[123.4,-56.2],[123.3,-56.2],[123.3,-56.1],[123.2,-56.1],[123.1,-56],[123.1,-55.9],[123.1,-55.8],[123,-55.7],[123,-55.6],[123,-55.5],[122.9,-55.5],[122.8,-55.5],[122.7,-55.5],[122.6,-55.5],[122.4,-55.6],[122.3,-55.6],[122.2,-55.6],[122.1,-55.5],[122.1,-55.4],[122.1,-55.3],[122.1,-55.2],[122.1,-55.1],[122.1,-55],[122.1,-54.9],[122,-54.8],[121.9,-54.9],[121.8,-54.9],[121.7,-55],[121.6,-55],[121.5,-55],[121.5,-55.1],[121.4,-55.1],[121.3,-55.1],[121.2,-55.1],[121.3,-55.1],[121.3,-55],[121.3,-54.9],[121.2,-54.8],[121.2,-54.7],[121.1,-54.7],[121.1,-54.6],[121,-54.5],[120.9,-54.4],[120.8,-54.4],[120.7,-54.4],[120.6,-54.4],[120.5,-54.4],[120.4,-54.3],[120.3,-54.3],[120.2,-54.3],[120.1,-54.3],[120,-54.3],[119.9,-54.3],[119.8,-54.2],[119.7,-54.2],[119.6,-54.2],[119.5,-54.2],[119.4,-54.2],[119.3,-54.2],[119.2,-54.2],[119.1,-54.2],[119,-54.2],[118.9,-54.2],[118.8,-54.2],[118.7,-54.2],[118.6,-54.2],[118.5,-54.2],[118.4,-54.1],[118.3,-54.1],[118.2,-54.1],[118.1,-54.1],[118,-54.1],[117.9,-54.1],[117.9,-54],[117.8,-54],[117.7,-54],[117.6,-53.9],[117.5,-53.9],[117.4,-53.9],[117.3,-53.9],[117.3,-53.8],[117.2,-53.8],[117.1,-53.8],[117,-53.8],[116.9,-53.8],[116.9,-53.7],[116.9,-53.6],[116.9,-53.5],[116.8,-53.5],[116.8,-53.4],[116.7,-53.4],[116.7,-53.3],[116.6,-53.3],[116.5,-53.2],[116.4,-53.1],[116.3,-53],[116.2,-53],[116.2,-52.9],[116.1,-52.9],[116,-52.8],[116,-52.7],[115.9,-52.7],[115.9,-52.6],[115.8,-52.5],[115.8,-52.4],[115.7,-52.4],[115.7,-52.3],[115.7,-52.2],[115.6,-52.2],[115.6,-52.1],[115.6,-52],[115.5,-52],[115.5,-51.9],[115.5,-51.8],[115.4,-51.8],[115.4,-51.7],[115.3,-51.6],[115.3,-51.5],[115.2,-51.4],[115.2,-51.3],[115.3,-51.3],[115.3,-51.2],[115.4,-51.2],[115.5,-51.2],[115.5,-51.1],[115.5,-51],[115.4,-51],[115.3,-50.9],[115.2,-50.8],[115.1,-50.8],[115.1,-50.7],[115,-50.7],[114.9,-50.6],[114.8,-50.6],[114.7,-50.5],[114.8,-50.4],[115,-50],[115.6,-49.5],[115.8,-48.7],[116.1,-48.4],[116.6,-48.3],[116.9,-48],[117,-48.2],[117.6,-49.1],[117.6,-48.6],[118.1,-48.6],[118.1,-48.4],[117.7,-48.1],[117.8,-48],[117.9,-47.9],[117.6,-47.7],[117.8,-47.7],[117.9,-47.8],[118.3,-47.9],[118.4,-47.8],[118.8,-48],[118.8,-47.9],[119.6,-47.9],[118.9,-47.6],[119.2,-47.6],[119.2,-47.3],[118.8,-47.2],[118.9,-47],[119.3,-46.9],[119.4,-46.8],[119.8,-47],[119.8,-46.9],[119.7,-46.7],[120,-46.6],[120.3,-46.5],[120.1,-46.4],[120,-46.2],[120.3,-46.2],[120.7,-45.8],[120.7,-46],[120.9,-46.1],[121.1,-45.8],[121,-45.6],[121,-45.4],[121.2,-45.5],[121.4,-45.8],[121.8,-45.4],[121.9,-45.6],[122.3,-45.5],[122.2,-45.2],[122.7,-45.4],[123,-45.4],[123.8,-46],[124,-46.3],[123.9,-46.7],[124.1,-46.6],[124.1,-46.5],[124.5,-46.5],[124.6,-46.5],[124.8,-46.2],[125.4,-46.3],[125.6,-46.5],[125.6,-46.4],[125.7,-46.2],[126.1,-46.5],[126.1,-46.2],[126.4,-46.1],[126.2,-46],[126.2,-45.9],[125.8,-45.9],[125.9,-45.6],[126.1,-45.4],[126.2,-45.1],[126.5,-44.9],[126.6,-44.4],[127,-44],[127.2,-44],[127.1,-43.7],[127.4,-43.9],[127.7,-43.9],[127.6,-43.6],[128.1,-43.3],[129.2,-43.5],[129.6,-43.4],[129.8,-43.2],[129.9,-42.7],[129.7,-42.7],[129.6,-42.6],[128.8,-42.6],[128.7,-42.5],[129,-42.4],[129.1,-42.3],[129.4,-42.4],[130.1,-42.5],[130.7,-42.7],[131,-42.8],[131.3,-42.7]]]]}},{"type":"Feature","properties":{},"geometry":{"type":"MultiPolygon","coordinates":[[[[134.2,-42.7],[133.9,-42.9],[134,-42.7],[134.1,-42.7],[134.2,-42.7]]]]}},{"type":"Feature","properties":{},"geometry":{"type":"MultiPolygon","coordinates":[[[[133.8,-42.9],[133.5,-42.9],[133.5,-42.8],[133.8,-42.9]]]]}},{"type":"Feature","properties":{},"geometry":{"type":"MultiPolygon","coordinates":[[[[134.2,-42.8],[134.3,-42.8],[134.2,-42.9],[134.2,-42.8]]]]}},{"type":"Feature","properties":{},"geometry":{"type":"MultiPolygon","coordinates":[[[[135.2,-43.4],[135.1,-43.4],[135.2,-43.3],[135.2,-43.4]]]]}},{"type":"Feature","properties":{},"geometry":{"type":"MultiPolygon","coordinates":[[[[135.3,-43.6],[135.2,-43.6],[135.2,-43.5],[135.3,-43.6]]]]}},{"type":"Feature","properties":{},"geometry":{"type":"MultiPolygon","coordinates":[[[[135,-43.8],[134.9,-43.7],[135,-43.7],[135,-43.8]]]]}},{"type":"Feature","properties":{},"geometry":{"type":"MultiPolygon","coordinates":[[[[135,-43.8],[134.8,-43.8],[134.9,-43.8],[135,-43.8]]]]}},{"type":"Feature","properties":{},"geometry":{"type":"MultiPolygon","coordinates":[[[[139.9,-47.3],[139.9,-47.2],[139.8,-47.1],[139.9,-47.3]]]]}},{"type":"Feature","properties":{},"geometry":{"type":"MultiPolygon","coordinates":[[[[127,-42.6],[127.1,-42.6],[127.5,-42.6],[127.6,-42.6],[127.8,-42.5],[128.3,-42.7],[128,-43],[127,-42.6]]]]}},{"type":"Feature","properties":{},"geometry":{"type":"MultiPolygon","coordinates":[[[[135.7,-44.4],[135.8,-44.5],[135.9,-44.7],[135.3,-44.8],[135.3,-44.6],[135.6,-44.2],[135.7,-44.4]]]]}},{"type":"Feature","properties":{},"geometry":{"type":"MultiPolygon","coordinates":[[[[126.8,-42.7],[126.9,-42.9],[127.1,-43.1],[126.4,-43],[126.6,-43],[126.6,-42.8],[126.8,-42.7]]]]}},{"type":"Feature","properties":{},"geometry":{"type":"MultiPolygon","coordinates":[[[[140.1,-46.4],[140.1,-46.7],[139.7,-46.7],[140.1,-46.4]]]]}},{"type":"Feature","properties":{},"geometry":{"type":"MultiPolygon","coordinates":[[[[137.9,-55.9],[137.8,-56],[137.7,-56.1],[137.6,-56.2],[137.5,-56.3],[137.5,-56.4],[137.5,-56.5],[137.4,-56.5],[137.4,-56.6],[137.3,-56.6],[137.2,-56.7],[136.9,-56.9],[136,-57.3],[135.1,-57.5],[134.4,-57.5],[133.9,-57.6],[133.7,-57.7],[134.6,-57.6],[134.8,-57.7],[133.9,-57.9],[132.9,-58.2],[131.8,-58.4],[131.4,-58.6],[130.3,-58.7],[129.6,-58.9],[129.1,-58.8],[128.3,-58.8],[127.7,-58.7],[127.4,-58.6],[126.7,-58.3],[126.6,-58.3],[126.5,-58.3],[126.5,-58.2],[126.4,-58.2],[126.3,-58.2],[126.2,-58.1],[126.1,-58.1],[126.1,-58.2],[126,-58.2],[125.9,-58.2],[125.8,-58.2],[125.7,-58.2],[125.6,-58.2],[125.6,-58.1],[125.5,-58.1],[125.4,-58.1],[125.4,-58],[125.3,-58],[125.3,-57.9],[125.2,-57.9],[125.1,-57.9],[125,-57.9],[124.9,-57.9],[124.8,-57.9],[124.7,-57.9],[124.6,-57.9],[124.5,-57.9],[124.4,-57.9],[124.4,-58],[124.3,-58],[124.2,-58],[124.1,-58],[124,-58],[123.9,-58],[123.8,-57.9],[123.7,-57.9],[123.6,-57.9],[123.5,-57.9],[123.4,-57.9],[123.3,-57.9],[123.2,-57.9],[123.1,-57.9],[123,-57.9],[123,-57.8],[122.9,-57.8],[122.8,-57.8],[122.7,-57.8],[122.6,-57.8],[122.6,-57.7],[122.5,-57.7],[122.4,-57.7],[122.3,-57.6],[122.2,-57.6],[122.1,-57.6],[122,-57.5],[121.9,-57.5],[121.8,-57.5],[121.8,-57.4],[121.7,-57.4],[121.7,-57.3],[121.6,-57.3],[121.6,-57.2],[121.1,-56.7],[120.9,-56.5],[120.8,-56.4],[120.7,-56.4],[120.6,-56.3],[120.5,-56.3],[120.4,-56.3],[120.4,-56.2],[120.3,-56.2],[120.2,-56.2],[120.2,-56.1],[120.1,-56.1],[120.1,-56],[120,-56],[120,-55.9],[119.9,-55.9],[119.8,-55.8],[119.7,-55.7],[119.7,-55.6],[119.6,-55.6],[119.6,-55.5],[119.5,-55.5],[119.5,-55.4],[119.4,-55.4],[119.4,-55.3],[119.3,-55.2],[119.3,-55.1],[119.2,-55],[119.1,-54.9],[119,-54.9],[118.9,-54.9],[118.8,-54.9],[118.7,-54.9],[118.6,-54.9],[118.5,-54.9],[118.4,-54.8],[118.3,-54.8],[118.2,-54.8],[118.1,-54.8],[118,-54.8],[117.9,-54.8],[117.8,-54.8],[117.7,-54.8],[117.7,-54.7],[117.6,-54.7],[117.6,-54.8],[117.5,-54.8],[117.4,-54.8],[117.3,-54.8],[117.2,-54.8],[117.1,-54.7],[117,-54.7],[116.9,-54.7],[116.7,-54.7],[116.6,-54.6],[116.5,-54.6],[116.4,-54.6],[116.3,-54.5],[116.2,-54.5],[116.1,-54.5],[116,-54.5],[115.9,-54.5],[115.8,-54.4],[115.7,-54.4],[115.6,-54.3],[115.5,-54.3],[115.4,-54.3],[115.4,-54.2],[115.3,-54.2],[115.2,-54.2],[115.2,-54.1],[115.1,-54.1],[115.1,-54],[115,-54],[114.9,-54],[114.9,-53.9],[114.9,-53.8],[114.8,-53.8],[114.8,-53.7],[114.8,-53.6],[114.7,-53.5],[114.7,-53.4],[114.7,-53.3],[114.6,-53.3],[114.6,-53.2],[114.6,-53.1],[114.5,-53.1],[114.5,-53],[114.4,-52.9],[114.4,-52.8],[114.4,-52.7],[114.3,-52.7],[114.3,-52.6],[114.3,-52.5],[114.2,-52.5],[114.2,-52.4],[114.2,-52.3],[114.1,-52.2],[114.1,-52.1],[114,-52],[114,-51.9],[113.9,-51.8],[113.9,-51.7],[113.9,-51.6],[113.8,-51.6],[113.8,-51.5],[113.7,-51.4],[113.6,-51.4],[113.6,-51.3],[113.5,-51.3],[113.5,-51.2],[113.4,-51.2],[114.6,-50.5],[114.7,-50.5],[114.7,-50.6],[114.8,-50.6],[114.9,-50.6],[114.9,-50.7],[115,-50.7],[115.1,-50.7],[115.1,-50.8],[115.2,-50.8],[115.2,-50.9],[115.3,-50.9],[115.4,-51],[115.5,-51],[115.5,-51.1],[115.4,-51.2],[115.3,-51.2],[115.3,-51.3],[115.2,-51.3],[115.2,-51.5],[115.3,-51.5],[115.3,-51.6],[115.4,-51.7],[115.4,-51.8],[115.5,-51.8],[115.5,-51.9],[115.5,-52],[115.6,-52],[115.6,-52.1],[115.6,-52.2],[115.7,-52.3],[115.7,-52.4],[115.8,-52.4],[115.8,-52.5],[115.9,-52.6],[115.9,-52.7],[116,-52.8],[116.1,-52.8],[116.1,-52.9],[116.2,-52.9],[116.2,-53],[116.3,-53],[116.3,-53.1],[116.4,-53.1],[116.5,-53.2],[116.6,-53.3],[116.7,-53.4],[116.8,-53.4],[116.8,-53.5],[116.9,-53.5],[116.9,-53.6],[116.9,-53.7],[116.9,-53.8],[117,-53.8],[117.1,-53.8],[117.2,-53.8],[117.3,-53.8],[117.4,-53.9],[117.5,-53.9],[117.6,-53.9],[117.7,-54],[117.8,-54],[117.9,-54],[117.9,-54.1],[118,-54.1],[118.1,-54.1],[118.2,-54.1],[118.3,-54.1],[118.4,-54.1],[118.5,-54.2],[118.6,-54.2],[118.7,-54.2],[118.8,-54.2],[118.9,-54.2],[119,-54.2],[119.1,-54.2],[119.2,-54.2],[119.3,-54.2],[119.4,-54.2],[119.5,-54.2],[119.6,-54.2],[119.7,-54.2],[119.8,-54.2],[119.9,-54.2],[119.9,-54.3],[120,-54.3],[120.1,-54.3],[120.2,-54.3],[120.3,-54.3],[120.4,-54.3],[120.5,-54.4],[120.6,-54.4],[120.7,-54.4],[120.8,-54.4],[120.9,-54.4],[120.9,-54.5],[121,-54.5],[121.1,-54.5],[121.1,-54.6],[121.1,-54.7],[121.2,-54.7],[121.2,-54.8],[121.3,-54.9],[121.3,-55],[121.3,-55.1],[121.2,-55.1],[121.3,-55.1],[121.4,-55.1],[121.5,-55.1],[121.5,-55],[121.6,-55],[121.7,-55],[121.8,-54.9],[121.9,-54.9],[122,-54.9],[122,-54.8],[122.1,-54.9],[122.1,-55],[122.1,-55.1],[122.1,-55.2],[122.1,-55.3],[122.1,-55.4],[122.1,-55.5],[122.2,-55.6],[122.3,-55.6],[122.4,-55.6],[122.5,-55.6],[122.6,-55.5],[122.7,-55.5],[122.8,-55.5],[122.9,-55.5],[123,-55.5],[123,-55.6],[123,-55.7],[123.1,-55.8],[123.1,-55.9],[123.1,-56],[123.2,-56],[123.2,-56.1],[123.3,-56.1],[123.4,-56.2],[123.5,-56.2],[123.6,-56.2],[123.7,-56.3],[123.8,-56.3],[123.9,-56.3],[124,-56.3],[124.1,-56.3],[124.2,-56.2],[124.3,-56.2],[124.4,-56.2],[124.5,-56.2],[124.6,-56.2],[124.7,-56.2],[124.8,-56.2],[124.9,-56.2],[125,-56.3],[125.1,-56.3],[125.2,-56.3],[125.2,-56.4],[125.3,-56.4],[125.3,-56.3],[125.4,-56.3],[125.5,-56.3],[125.6,-56.3],[125.7,-56.3],[125.8,-56.3],[125.9,-56.2],[126,-56.2],[126.1,-56.2],[126.2,-56.2],[126.5,-56.1],[126.6,-56.1],[126.7,-56.1],[126.8,-56.1],[126.9,-56.1],[127,-56.1],[127.1,-56.2],[127.2,-56.2],[127.3,-56.2],[127.3,-56.3],[127.4,-56.3],[127.5,-56.3],[127.6,-56.3],[127.6,-56.4],[127.7,-56.4],[127.8,-56.4],[127.9,-56.4],[128,-56.5],[128.1,-56.5],[128.2,-56.5],[128.3,-56.5],[128.3,-56.6],[128.4,-56.6],[128.6,-56.6],[128.7,-56.7],[128.8,-56.7],[129,-56.7],[129.1,-56.7],[129.2,-56.7],[129.3,-56.7],[129.4,-56.8],[129.5,-56.8],[129.6,-56.8],[129.7,-56.8],[129.8,-56.8],[129.9,-56.8],[130,-56.8],[130.1,-56.8],[130.2,-56.8],[130.3,-56.7],[130.4,-56.7],[130.5,-56.7],[130.6,-56.7],[130.7,-56.7],[130.8,-56.7],[130.9,-56.7],[131,-56.7],[131.1,-56.6],[131.2,-56.6],[131.3,-56.6],[131.4,-56.6],[131.5,-56.6],[131.6,-56.6],[131.7,-56.6],[131.8,-56.6],[132,-56.6],[132.1,-56.6],[132.2,-56.6],[132.3,-56.6],[132.4,-56.6],[132.5,-56.6],[132.6,-56.6],[132.7,-56.6],[132.8,-56.6],[132.9,-56.6],[133,-56.6],[133.1,-56.6],[133.2,-56.6],[133.4,-56.5],[133.5,-56.5],[133.6,-56.5],[133.7,-56.5],[133.8,-56.4],[133.9,-56.4],[134,-56.4],[134.1,-56.4],[134.2,-56.3],[134.3,-56.3],[134.4,-56.2],[134.5,-56.2],[134.5,-56.1],[134.6,-56.1],[134.6,-56],[134.7,-56],[134.7,-55.9],[134.8,-55.9],[134.8,-55.8],[134.9,-55.8],[135,-55.7],[135.1,-55.7],[135.1,-55.6],[135.2,-55.6],[135.2,-55.5],[135.3,-55.5],[135.4,-55.5],[135.5,-55.4],[135.6,-55.4],[135.7,-55.3],[135.7,-55.2],[135.8,-55.2],[135.9,-55.1],[136,-55.1],[136.1,-55.1],[136.2,-55.1],[136.3,-55.2],[136.4,-55.2],[136.5,-55.3],[136.6,-55.4],[136.7,-55.4],[136.8,-55.5],[137,-55.6],[137.1,-55.6],[137.1,-55.7],[137.2,-55.7],[137.3,-55.7],[137.4,-55.8],[137.5,-55.8],[137.6,-55.8],[137.7,-55.9],[137.8,-55.9],[137.9,-55.9]]]]}},{"type":"Feature","properties":{},"geometry":{"type":"MultiPolygon","coordinates":[[[[135.1,-57.7],[136,-57.9],[136.9,-58],[137.6,-58.1],[138.2,-58.2],[139,-58.3],[139.7,-58.4],[140.5,-58.5],[140.5,-58.6],[140.6,-58.6],[141.2,-58.8],[141.4,-58.8],[141.7,-58.9],[142.2,-59],[142.3,-59],[142.4,-59],[143.2,-59.1],[143.4,-59.2],[143.5,-59.2],[144,-59.3],[144.7,-59.3],[145.4,-59.4],[146,-59.3],[147.6,-59.2],[148.4,-59.3],[148.9,-59.5],[149,-59.7],[149.2,-59.8],[149.4,-59.8],[149.5,-59.8],[149.6,-59.8],[149.6,-59.9],[149.7,-60],[149.7,-60.1],[149.8,-60.1],[149.9,-60.2],[150,-60.2],[150.1,-60.2],[150.2,-60.2],[150.3,-60.3],[150.4,-60.3],[150.5,-60.3],[150.5,-60.4],[150.6,-60.4],[150.7,-60.5],[150.8,-60.6],[150.9,-60.7],[151,-60.7],[151,-60.8],[151.1,-60.8],[150.9,-60.9],[150.6,-61],[150,-61.4],[149.6,-61.6],[149.1,-61.8],[148.2,-62.2],[147.6,-62.7],[147.3,-62.8],[147.3,-63],[147.6,-63.4],[147.6,-63.9],[147.6,-64.1],[147.7,-64.5],[147.8,-64.9],[147.8,-65],[147.8,-65.1],[146.6,-65.4],[146.9,-64.5],[145.5,-64.9],[144.6,-65.2],[144.9,-64.8],[144.6,-64.2],[145,-63.4],[144.4,-62.7],[143.8,-63.1],[143.1,-63.9],[142.2,-64.8],[141.7,-65.1],[141.5,-65.3],[140.5,-64.9],[141.1,-65],[140.1,-64.3],[138.8,-63.7],[138.2,-63.8],[137.8,-63.6],[137.7,-63.4],[137.3,-63.1],[136.3,-62.8],[136.1,-63],[134.1,-62.9],[131.6,-62.6],[126.3,-63.4],[122,-63.8],[118.2,-65.1],[116.5,-65.4],[115,-65.4],[113.8,-65.4],[113.4,-65.3],[113.5,-65.3],[113.6,-65.2],[113.7,-65.2],[113.8,-65.1],[113.9,-65.1],[113.9,-65],[114,-65],[114.1,-65],[114.1,-64.9],[114.2,-64.9],[114.2,-65],[114.3,-65],[114.3,-64.9],[114.4,-64.9],[114.5,-64.8],[114.6,-64.8],[114.7,-64.8],[114.8,-64.8],[114.8,-64.7],[114.9,-64.7],[115,-64.7],[115.1,-64.7],[115.2,-64.7],[115.3,-64.7],[115.4,-64.7],[115.5,-64.7],[115.4,-64.7],[115.4,-64.8],[115.3,-64.8],[115.2,-64.8],[115.1,-64.9],[115,-64.9],[114.9,-64.9],[114.8,-65],[114.7,-65],[114.6,-65],[114.5,-65.1],[114.6,-65.1],[114.7,-65.1],[114.8,-65.1],[114.8,-65],[114.9,-65],[115,-65],[115.1,-65],[115.2,-65],[115.2,-64.9],[115.3,-64.9],[115.4,-64.9],[115.5,-64.8],[115.6,-64.8],[115.7,-64.7],[115.8,-64.7],[115.8,-64.6],[115.9,-64.6],[115.9,-64.5],[116,-64.5],[116,-64.4],[116.1,-64.4],[116.1,-64.3],[116.2,-64.3],[116.2,-64.2],[116.3,-64.2],[116.3,-64.1],[116.4,-64.1],[116.4,-64],[116.3,-63.9],[116.2,-63.9],[116.1,-64],[116,-64],[115.9,-64],[115.8,-64],[115.8,-63.9],[115.7,-63.9],[115.7,-63.8],[115.6,-63.8],[115.7,-63.7],[115.8,-63.6],[115.9,-63.5],[116,-63.5],[116.1,-63.4],[116.3,-63.3],[116.4,-63.3],[116.5,-63.3],[116.6,-63.2],[116.7,-63.2],[116.8,-63.1],[116.9,-63.1],[117,-63],[117.1,-63],[117.2,-63],[117.3,-62.9],[117.4,-62.9],[117.4,-62.8],[117.5,-62.8],[117.6,-62.8],[117.6,-62.7],[117.7,-62.7],[117.8,-62.7],[117.8,-62.6],[117.9,-62.6],[118,-62.5],[118,-62.4],[118.1,-62.4],[118.1,-62.3],[118.2,-62.3],[118.3,-62.2],[118.4,-62.1],[118.5,-62.1],[118.5,-62],[118.6,-62],[118.6,-61.9],[118.7,-61.8],[118.7,-61.7],[118.8,-61.6],[118.9,-61.5],[119,-61.4],[119.1,-61.3],[119.1,-61.2],[119.2,-61.2],[119.2,-61.1],[119.3,-61.1],[119.3,-61],[119.2,-61.1],[119.1,-61.1],[119.1,-61.2],[119,-61.2],[118.9,-61.2],[118.8,-61.3],[118.7,-61.3],[118.6,-61.3],[118.6,-61.2],[118.7,-61.2],[118.7,-61.1],[118.8,-61],[118.8,-60.9],[118.9,-60.9],[118.9,-60.8],[119,-60.7],[119.1,-60.7],[119.1,-60.6],[119.2,-60.6],[119.3,-60.5],[119.3,-60.4],[119.5,-60.4],[119.5,-60.3],[119.6,-60.3],[119.7,-60.2],[119.8,-60.2],[119.8,-60.1],[119.9,-60.1],[120,-60.1],[120.1,-60],[120.2,-60],[120.3,-59.9],[120.4,-59.9],[120.4,-59.8],[120.5,-59.8],[120.5,-59.7],[120.6,-59.7],[120.7,-59.7],[120.7,-59.6],[120.8,-59.6],[120.8,-59.5],[120.9,-59.5],[121,-59.5],[121.1,-59.5],[121.1,-59.4],[121.2,-59.4],[121.3,-59.4],[121.4,-59.4],[121.5,-59.4],[121.5,-59.3],[121.6,-59.3],[121.7,-59.3],[121.8,-59.2],[121.9,-59.2],[122,-59.2],[122,-59.1],[122.1,-59.1],[122.2,-59],[122.3,-59],[122.4,-58.9],[122.5,-58.9],[123,-59],[123.5,-59.1],[124.2,-58.8],[125,-57.9],[125.1,-57.9],[125.2,-57.9],[125.3,-57.9],[125.3,-58],[125.4,-58],[125.4,-58.1],[125.5,-58.1],[125.6,-58.1],[125.6,-58.2],[125.7,-58.2],[125.8,-58.2],[125.9,-58.2],[126,-58.2],[126.1,-58.2],[126.1,-58.1],[126.2,-58.2],[126.3,-58.2],[126.4,-58.2],[126.5,-58.2],[126.5,-58.3],[126.6,-58.3],[126.7,-58.3],[127.6,-58.7],[127.9,-58.6],[128.5,-58.8],[129.1,-58.8],[129.7,-58.9],[130.7,-58.7],[131.4,-58.5],[131.9,-58.3],[133.1,-58.2],[133.9,-57.9],[135.1,-57.7]]]]}},{"type":"Feature","properties":{},"geometry":{"type":"MultiPolygon","coordinates":[[[[101.8,-65.6],[101.9,-65.5],[101.9,-65.4],[101.9,-65.3],[102,-65.3],[102.1,-65.3],[102.2,-65.3],[102.4,-65.3],[102.5,-65.3],[102.6,-65.3],[102.7,-65.3],[102.8,-65.2],[102.8,-65.3],[102.9,-65.3],[103,-65.3],[103.1,-65.3],[103.2,-65.3],[103.3,-65.3],[103.4,-65.3],[103.5,-65.3],[103.6,-65.4],[103.7,-65.4],[103.8,-65.4],[103.9,-65.4],[104,-65.4],[104.1,-65.4],[104.2,-65.5],[104.3,-65.5],[104.4,-65.5],[104.5,-65.5],[104.6,-65.5],[104.7,-65.5],[104.8,-65.5],[104.9,-65.5],[105,-65.5],[105.1,-65.6],[105.2,-65.6],[105.3,-65.6],[105.4,-65.6],[105.5,-65.6],[105.6,-65.6],[105.7,-65.6],[105.8,-65.6],[105.8,-65.7],[105.9,-65.7],[106,-65.7],[106.1,-65.7],[106.2,-65.7],[106.3,-65.7],[106.4,-65.7],[106.5,-65.7],[106.6,-65.7],[106.7,-65.7],[106.8,-65.7],[106.9,-65.7],[107.1,-65.7],[107.2,-65.7],[107.3,-65.7],[107.4,-65.7],[107.6,-65.7],[107.7,-65.7],[107.8,-65.7],[108,-65.7],[108.1,-65.7],[108.2,-65.7],[108.3,-65.7],[108.4,-65.7],[108.5,-65.7],[108.6,-65.7],[108.6,-65.6],[108.7,-65.6],[108.8,-65.6],[108.9,-65.6],[109,-65.6],[109.1,-65.6],[109.2,-65.6],[109.1,-65.6],[108.7,-65.8],[107.7,-65.8],[106.4,-66.2],[105.9,-66.2],[105.3,-66.2],[103.5,-66],[102.9,-65.9],[101.8,-65.6]]]]}},{"type":"Feature","properties":{},"geometry":{"type":"MultiPolygon","coordinates":[[[[146.1,-65.5],[146.7,-65.6],[145.2,-65.9],[143.8,-66],[146.1,-65.5]]]]}},{"type":"Feature","properties":{},"geometry":{"type":"MultiPolygon","coordinates":[[[[101.9,-65.3],[101.9,-65.4],[101.9,-65.5],[101.8,-65.6],[100.6,-65.2],[101.3,-64.5],[102.5,-63.2],[103,-62.9],[102,-60.9],[101.9,-59.5],[101.4,-58.5],[100.6,-56.7],[100.7,-57.2],[100.9,-57.4],[100.9,-56.4],[101.3,-56.6],[101.5,-57],[102.1,-56.8],[101.5,-55.8],[101.5,-54.6],[102.1,-53.4],[102.9,-53.2],[103.2,-53.4],[103.4,-53.2],[103.7,-52.9],[105,-52.6],[104.9,-52.7],[104.8,-52.7],[104.7,-52.8],[104.6,-52.8],[104.5,-52.9],[104.4,-52.9],[104.3,-53],[104.2,-53],[104.1,-53.1],[104,-53.1],[103.9,-53.1],[103.9,-53.2],[103.8,-53.2],[103.8,-53.3],[103.7,-53.4],[103.7,-53.6],[103.6,-53.8],[103.6,-53.9],[103.5,-54],[103.5,-54.1],[103.5,-54.3],[103.4,-54.3],[103.4,-54.4],[103.4,-54.5],[103.4,-54.6],[103.4,-54.7],[103.3,-54.8],[103.3,-55],[103.2,-55.1],[103.2,-55.2],[103.2,-55.3],[103.2,-55.4],[103.2,-55.5],[103.3,-55.5],[103.3,-55.6],[103.3,-55.7],[103.3,-55.8],[103.3,-55.9],[103.3,-56],[103.4,-56.1],[103.4,-56.2],[103.5,-56.3],[103.6,-56.5],[103.7,-56.6],[103.7,-56.7],[103.8,-56.7],[103.8,-56.8],[103.8,-56.9],[103.8,-57],[103.9,-57],[103.9,-57.1],[103.8,-57.1],[103.8,-57.2],[103.8,-57.3],[103.8,-57.4],[103.7,-57.5],[103.7,-57.6],[103.7,-57.7],[103.7,-57.8],[103.7,-57.9],[103.6,-57.9],[103.6,-58],[103.6,-58.1],[103.6,-58.2],[103.6,-58.3],[103.5,-58.3],[103.5,-58.4],[103.5,-58.5],[103.5,-58.6],[103.5,-58.7],[103.5,-58.8],[103.5,-58.9],[103.4,-58.9],[103.4,-59],[103.4,-59.1],[103.4,-59.2],[103.4,-59.3],[103.4,-59.4],[103.4,-59.5],[103.4,-59.6],[103.4,-59.7],[103.4,-59.8],[103.4,-59.9],[103.4,-60],[103.5,-60],[103.5,-60.1],[103.5,-60.2],[103.6,-60.3],[103.6,-60.4],[103.6,-60.5],[103.7,-60.5],[103.7,-60.6],[103.7,-60.7],[103.7,-60.8],[103.7,-60.9],[103.7,-61],[103.7,-61.1],[103.7,-61.2],[103.6,-61.3],[103.6,-61.4],[103.6,-61.5],[103.6,-61.6],[103.6,-61.7],[103.6,-61.8],[103.5,-61.9],[103.5,-62],[103.5,-62.1],[103.5,-62.2],[103.5,-62.3],[103.5,-62.4],[103.4,-62.5],[103.4,-62.6],[103.4,-62.7],[103.3,-62.7],[103.3,-62.8],[103.3,-62.9],[103.2,-62.9],[103.2,-63],[103.2,-63.1],[103.1,-63.2],[103,-63.3],[103,-63.4],[102.9,-63.4],[102.9,-63.5],[102.9,-63.6],[102.8,-63.6],[102.8,-63.7],[102.7,-63.7],[102.7,-63.8],[102.6,-63.9],[102.6,-64],[102.5,-64],[102.5,-64.1],[102.4,-64.2],[102.3,-64.3],[102.3,-64.4],[102.2,-64.5],[102.2,-64.6],[102.1,-64.7],[102.1,-64.8],[102.1,-64.9],[102,-64.9],[102,-65],[102,-65.1],[101.9,-65.2],[101.9,-65.3]]]]}},{"type":"Feature","properties":{},"geometry":{"type":"MultiPolygon","coordinates":[[[[125,-57.9],[124.2,-58.8],[123.5,-59.1],[123,-59],[122.5,-58.9],[122.4,-58.9],[122.3,-59],[122.2,-59],[122.1,-59.1],[122,-59.1],[122,-59.2],[121.9,-59.2],[121.8,-59.2],[121.7,-59.3],[121.6,-59.3],[121.5,-59.3],[121.5,-59.4],[121.4,-59.4],[121.3,-59.4],[121.2,-59.4],[121.1,-59.4],[121.1,-59.5],[121,-59.5],[120.9,-59.5],[120.8,-59.5],[120.8,-59.6],[120.7,-59.6],[120.7,-59.7],[120.6,-59.7],[120.5,-59.7],[120.5,-59.8],[120.4,-59.8],[120.4,-59.9],[120.3,-59.9],[120.2,-60],[120.1,-60],[120,-60.1],[119.9,-60.1],[119.8,-60.1],[119.8,-60.2],[119.7,-60.2],[119.6,-60.3],[119.5,-60.3],[119.5,-60.4],[119.3,-60.4],[119.3,-60.5],[119.2,-60.6],[119.1,-60.6],[119.1,-60.7],[119,-60.7],[118.9,-60.8],[118.9,-60.9],[118.8,-60.9],[118.8,-61],[118.7,-61.1],[118.7,-61.2],[118.6,-61.2],[118.6,-61.3],[118.7,-61.3],[118.8,-61.3],[118.9,-61.2],[119,-61.2],[119.1,-61.2],[119.1,-61.1],[119.2,-61.1],[119.3,-61],[119.3,-61.1],[119.2,-61.1],[119.2,-61.2],[119.1,-61.2],[119.1,-61.3],[119,-61.4],[118.9,-61.5],[118.8,-61.6],[118.7,-61.7],[118.7,-61.8],[118.6,-61.9],[118.6,-62],[118.5,-62],[118.5,-62.1],[118.4,-62.1],[118.3,-62.2],[118.2,-62.3],[118.1,-62.3],[118.1,-62.4],[118,-62.4],[118,-62.5],[117.9,-62.6],[117.8,-62.6],[117.8,-62.7],[117.7,-62.7],[117.6,-62.7],[117.6,-62.8],[117.5,-62.8],[117.4,-62.8],[117.4,-62.9],[117.3,-62.9],[117.2,-63],[117.1,-63],[117,-63],[116.9,-63.1],[116.8,-63.1],[116.7,-63.2],[116.6,-63.2],[116.5,-63.3],[116.4,-63.3],[116.3,-63.3],[116.1,-63.4],[116,-63.5],[115.9,-63.5],[115.8,-63.6],[115.7,-63.7],[115.6,-63.8],[115.7,-63.8],[115.7,-63.9],[115.8,-63.9],[115.8,-64],[115.9,-64],[116,-64],[116.1,-64],[116.2,-63.9],[116.3,-63.9],[116.4,-64],[116.4,-64.1],[116.3,-64.1],[116.3,-64.2],[116.2,-64.2],[116.2,-64.3],[116.1,-64.3],[116.1,-64.4],[116,-64.4],[116,-64.5],[115.9,-64.5],[115.9,-64.6],[115.8,-64.6],[115.8,-64.7],[115.7,-64.7],[115.6,-64.8],[115.5,-64.8],[115.4,-64.9],[115.3,-64.9],[115.2,-64.9],[115.2,-65],[115.1,-65],[115,-65],[114.9,-65],[114.8,-65],[114.8,-65.1],[114.7,-65.1],[114.6,-65.1],[114.5,-65.1],[114.6,-65],[114.7,-65],[114.8,-65],[114.9,-64.9],[115,-64.9],[115.1,-64.9],[115.2,-64.8],[115.3,-64.8],[115.4,-64.8],[115.4,-64.7],[115.5,-64.7],[115.4,-64.7],[115.3,-64.7],[115.2,-64.7],[115.1,-64.7],[115,-64.7],[114.9,-64.7],[114.8,-64.7],[114.8,-64.8],[114.7,-64.8],[114.6,-64.8],[114.5,-64.8],[114.4,-64.9],[114.3,-64.9],[114.3,-65],[114.2,-65],[114.2,-64.9],[114.1,-64.9],[114.1,-65],[114,-65],[113.9,-65],[113.9,-65.1],[113.8,-65.1],[113.7,-65.2],[113.6,-65.2],[113.5,-65.3],[113.4,-65.3],[113,-65.3],[109.3,-65.6],[109.1,-65.6],[109,-65.6],[108.9,-65.6],[108.8,-65.6],[108.7,-65.6],[108.6,-65.6],[108.6,-65.7],[108.4,-65.7],[108.3,-65.7],[108.2,-65.7],[108.1,-65.7],[108,-65.7],[107.9,-65.7],[107.8,-65.7],[107.7,-65.7],[107.5,-65.7],[107.4,-65.7],[107.3,-65.7],[107.2,-65.7],[107.1,-65.7],[107,-65.7],[106.9,-65.7],[106.8,-65.7],[106.7,-65.7],[106.5,-65.7],[106.4,-65.7],[106.3,-65.7],[106.1,-65.7],[106,-65.7],[105.9,-65.7],[105.8,-65.7],[105.7,-65.6],[105.6,-65.6],[105.5,-65.6],[105.4,-65.6],[105.3,-65.6],[105.2,-65.6],[105.1,-65.6],[104.9,-65.5],[104.8,-65.5],[104.7,-65.5],[104.5,-65.5],[104.4,-65.5],[104.3,-65.5],[104.2,-65.4],[104.1,-65.4],[104,-65.4],[103.9,-65.4],[103.8,-65.4],[103.7,-65.4],[103.6,-65.4],[103.5,-65.4],[103.5,-65.3],[103.4,-65.3],[103.3,-65.3],[103.2,-65.3],[103.1,-65.3],[103,-65.3],[102.9,-65.3],[102.8,-65.3],[102.8,-65.2],[102.7,-65.2],[102.7,-65.3],[102.6,-65.3],[102.5,-65.3],[102.4,-65.3],[102.2,-65.3],[102.1,-65.3],[102,-65.3],[101.9,-65.3],[101.9,-65.2],[102,-65.1],[102,-65],[102,-64.9],[102.1,-64.8],[102.1,-64.7],[102.2,-64.6],[102.3,-64.5],[102.3,-64.4],[102.4,-64.3],[102.4,-64.2],[102.5,-64.1],[102.6,-64],[102.6,-63.9],[102.7,-63.9],[102.7,-63.8],[102.8,-63.7],[102.8,-63.6],[102.9,-63.5],[102.9,-63.4],[103,-63.3],[103.1,-63.2],[103.1,-63.1],[103.2,-63],[103.3,-62.9],[103.3,-62.8],[103.4,-62.7],[103.4,-62.6],[103.4,-62.5],[103.4,-62.4],[103.5,-62.4],[103.5,-62.3],[103.5,-62.2],[103.5,-62.1],[103.5,-62],[103.6,-61.9],[103.6,-61.8],[103.6,-61.7],[103.6,-61.6],[103.6,-61.5],[103.6,-61.4],[103.6,-61.3],[103.7,-61.2],[103.7,-61.1],[103.7,-61],[103.7,-60.9],[103.7,-60.8],[103.7,-60.7],[103.7,-60.6],[103.7,-60.5],[103.6,-60.4],[103.6,-60.3],[103.5,-60.2],[103.5,-60.1],[103.5,-60],[103.4,-59.9],[103.4,-59.8],[103.4,-59.7],[103.4,-59.6],[103.4,-59.5],[103.4,-59.4],[103.4,-59.3],[103.4,-59.2],[103.4,-59.1],[103.4,-59],[103.4,-58.9],[103.5,-58.8],[103.5,-58.7],[103.5,-58.6],[103.5,-58.5],[103.5,-58.4],[103.5,-58.3],[103.6,-58.3],[103.6,-58.2],[103.6,-58.1],[103.6,-58],[103.6,-57.9],[103.7,-57.9],[103.7,-57.8],[103.7,-57.7],[103.7,-57.6],[103.8,-57.5],[103.8,-57.4],[103.8,-57.3],[103.8,-57.2],[103.8,-57.1],[103.9,-57],[103.8,-57],[103.8,-56.9],[103.8,-56.8],[103.8,-56.7],[103.7,-56.7],[103.7,-56.6],[103.6,-56.5],[103.5,-56.4],[103.4,-56.3],[103.4,-56.2],[103.4,-56.1],[103.3,-55.9],[103.3,-55.8],[103.3,-55.7],[103.3,-55.6],[103.3,-55.5],[103.2,-55.5],[103.2,-55.4],[103.2,-55.3],[103.2,-55.2],[103.3,-55],[103.3,-54.8],[103.4,-54.6],[103.4,-54.5],[103.4,-54.4],[103.4,-54.3],[103.5,-54.2],[103.5,-54],[103.6,-53.8],[103.7,-53.7],[103.7,-53.6],[103.7,-53.5],[103.7,-53.4],[103.8,-53.3],[103.8,-53.2],[103.9,-53.2],[104,-53.1],[104.1,-53.1],[104.2,-53],[104.3,-53],[104.4,-52.9],[104.5,-52.9],[104.6,-52.8],[104.7,-52.8],[104.8,-52.7],[104.9,-52.7],[105,-52.7],[105,-52.6],[105.2,-52.6],[106.3,-52.1],[107.1,-51.9],[107.3,-51.9],[107.9,-51.9],[108.8,-52],[109.4,-51.6],[111,-51.4],[111.9,-51.4],[113.4,-51.2],[113.5,-51.2],[113.5,-51.3],[113.6,-51.3],[113.7,-51.4],[113.8,-51.5],[113.8,-51.6],[113.9,-51.7],[113.9,-51.8],[114,-51.9],[114,-52],[114.1,-52.1],[114.1,-52.2],[114.1,-52.3],[114.2,-52.3],[114.2,-52.4],[114.2,-52.5],[114.3,-52.5],[114.3,-52.6],[114.3,-52.7],[114.4,-52.7],[114.4,-52.8],[114.4,-52.9],[114.5,-52.9],[114.5,-53],[114.5,-53.1],[114.6,-53.1],[114.6,-53.2],[114.6,-53.3],[114.7,-53.3],[114.7,-53.4],[114.7,-53.5],[114.8,-53.6],[114.8,-53.7],[114.8,-53.8],[114.9,-53.8],[114.9,-53.9],[115,-54],[115.1,-54.1],[115.2,-54.1],[115.2,-54.2],[115.3,-54.2],[115.4,-54.2],[115.4,-54.3],[115.5,-54.3],[115.6,-54.4],[115.7,-54.4],[115.8,-54.4],[115.9,-54.4],[116,-54.5],[116.1,-54.5],[116.2,-54.5],[116.3,-54.5],[116.4,-54.6],[116.5,-54.6],[116.6,-54.6],[116.7,-54.7],[116.9,-54.7],[117,-54.7],[117.1,-54.7],[117.2,-54.8],[117.3,-54.8],[117.4,-54.8],[117.5,-54.8],[117.6,-54.8],[117.6,-54.7],[117.7,-54.7],[117.7,-54.8],[117.8,-54.8],[117.9,-54.8],[118,-54.8],[118.1,-54.8],[118.2,-54.8],[118.3,-54.8],[118.4,-54.8],[118.5,-54.9],[118.6,-54.9],[118.7,-54.9],[118.8,-54.9],[118.9,-54.9],[119,-54.9],[119.1,-54.9],[119.2,-54.9],[119.2,-55],[119.3,-55.1],[119.3,-55.2],[119.4,-55.3],[119.4,-55.4],[119.5,-55.4],[119.5,-55.5],[119.6,-55.5],[119.6,-55.6],[119.7,-55.7],[119.8,-55.8],[119.8,-55.9],[119.9,-55.9],[120,-55.9],[120,-56],[120.1,-56],[120.1,-56.1],[120.2,-56.1],[120.2,-56.2],[120.3,-56.2],[120.4,-56.2],[120.4,-56.3],[120.5,-56.3],[120.6,-56.3],[120.7,-56.4],[120.8,-56.4],[120.9,-56.4],[120.9,-56.5],[121.5,-57],[121.6,-57.2],[121.6,-57.3],[121.7,-57.3],[121.7,-57.4],[121.8,-57.4],[121.8,-57.5],[121.9,-57.5],[122,-57.5],[122.1,-57.6],[122.2,-57.6],[122.3,-57.6],[122.4,-57.6],[122.4,-57.7],[122.5,-57.7],[122.6,-57.7],[122.6,-57.8],[122.7,-57.8],[122.8,-57.8],[122.9,-57.8],[123,-57.8],[123,-57.9],[123.1,-57.9],[123.2,-57.9],[123.3,-57.9],[123.4,-57.9],[123.5,-57.9],[123.6,-57.9],[123.7,-57.9],[123.8,-57.9],[123.9,-58],[124,-58],[124.1,-58],[124.2,-58],[124.3,-58],[124.4,-58],[124.5,-57.9],[124.6,-57.9],[124.7,-57.9],[124.8,-57.9],[124.9,-57.9],[125,-57.9]]]]}},{"type":"Feature","properties":{},"geometry":{"type":"MultiPolygon","coordinates":[[[[131.5,-42.8],[131.5,-42.9],[131.9,-42.9],[132,-43],[132,-42.9],[132.2,-42.9],[132.6,-42.8],[133.1,-43.1],[133.3,-43.1],[133.4,-43],[133.5,-43],[133.6,-42.9],[134.1,-42.7],[133.9,-42.8],[133.9,-42.9],[134,-43],[134.2,-42.9],[134.3,-42.8],[134.3,-43],[134.4,-42.9],[134.4,-43],[134.3,-43.1],[134.4,-43.1],[134.5,-43.1],[134.8,-43],[134.9,-42.8],[134.7,-42.8],[134.6,-42.8],[134.8,-42.7],[135,-42.5],[134.9,-42.6],[135,-42.6],[135.1,-42.8],[135.2,-42.8],[135.3,-42.8],[135.4,-42.7],[135.4,-42.8],[135.6,-42.8],[135.6,-42.9],[135.4,-43.1],[135.4,-43],[135.4,-43.1],[135.4,-43.3],[135.3,-43.3],[135.3,-43.4],[135.2,-43.3],[135.1,-43.4],[135.2,-43.5],[135.4,-43.6],[135.3,-43.6],[135.2,-43.5],[135.1,-43.6],[135.2,-43.6],[135.2,-43.7],[135.2,-43.8],[135,-43.9],[135.1,-43.9],[135,-43.8],[135,-43.7],[134.9,-43.7],[135,-43.8],[134.9,-43.7],[134.8,-43.8],[134.8,-43.9],[134.7,-43.8],[134.6,-43.9],[134.5,-43.9],[134.4,-44],[134.5,-44.1],[134.6,-44.1],[134.5,-44.1],[134.4,-44.1],[134.4,-44.2],[134.6,-44.4],[134.7,-44.4],[134.6,-44.6],[134.6,-44.8],[134.4,-45],[134.3,-45.2],[134.2,-45.3],[134.2,-45.4],[134.1,-45.4],[134,-45.4],[134.4,-45.8],[134.6,-45.8],[135,-45.9],[135.3,-46],[136.2,-46.4],[136.5,-46.4],[136.4,-46.4],[137.7,-46.6],[137.9,-46.8],[138.6,-47],[138.8,-47],[139,-46.9],[139.1,-47],[139.5,-47],[139.7,-47.1],[139.8,-47.1],[139.9,-47.3],[140,-47.4],[140.2,-47.4],[140.6,-47.5],[140.8,-47.5],[140.9,-47.5],[141.2,-47.6],[141.4,-47.5],[141.4,-47.6],[141.3,-47.6],[141.2,-47.6],[140.9,-47.6],[140.8,-47.6],[140.7,-47.6],[140.6,-47.6],[140.5,-47.6],[140.4,-47.6],[140.3,-47.6],[140.2,-47.6],[140.1,-47.7],[140,-47.7],[139.9,-47.7],[139.8,-47.7],[139.7,-47.7],[139.6,-47.7],[139.5,-47.7],[139.5,-47.8],[139.4,-47.8],[139.3,-47.8],[139.2,-47.8],[139,-47.9],[138.9,-47.9],[138.8,-47.9],[138.7,-47.9],[138.6,-48],[138.5,-48],[138.4,-48],[138.2,-48.1],[138.1,-48.1],[138,-48.2],[137.9,-48.2],[137.8,-48.2],[137.7,-48.2],[137.6,-48.3],[137.4,-48.3],[137.2,-48.3],[137,-48.3],[136.9,-48.3],[136.8,-48.3],[136.7,-48.3],[136.5,-48.3],[136.4,-48.4],[136.3,-48.4],[136.2,-48.5],[136.1,-48.5],[135.9,-48.6],[135.8,-48.6],[135.7,-48.6],[135.7,-48.7],[135.7,-48.8],[135.6,-48.8],[135.5,-48.8],[135.5,-48.9],[135.4,-48.9],[135.4,-49],[135.3,-49.1],[135.3,-49.2],[135.3,-49.3],[135.2,-49.3],[135.2,-49.4],[135.1,-49.4],[135,-49.4],[134.8,-49.5],[134.7,-49.5],[134.6,-49.5],[134.5,-49.5],[134.5,-49.6],[134.6,-49.6],[134.6,-49.7],[134.7,-49.7],[134.7,-49.8],[134.8,-49.8],[134.8,-49.9],[134.7,-49.9],[134.6,-50],[134.5,-50],[134.4,-50],[134.4,-50.1],[134.3,-50.1],[134.2,-50.1],[134.1,-50.1],[133.9,-50.1],[133.8,-50.1],[133.7,-50.1],[133.6,-50.1],[133.5,-50.1],[133.4,-50],[133.3,-50],[133.2,-49.9],[133.1,-49.8],[133,-49.8],[132.9,-49.7],[132.9,-49.6],[132.8,-49.6],[132.7,-49.5],[132.8,-49.4],[132.9,-49.4],[133,-49.4],[132.9,-49.4],[132.9,-49.3],[132.8,-49.2],[132.8,-49.1],[132.7,-49.1],[132.7,-49],[132.6,-48.9],[132.6,-48.8],[132.5,-48.8],[132.5,-48.7],[132.2,-48.5],[132.1,-48.4],[132,-48.3],[131.9,-48.3],[131.8,-48.3],[131.7,-48.3],[131.6,-48.3],[131.5,-48.3],[131.5,-48.2],[131.5,-48.1],[131.4,-48],[131.3,-48],[131.5,-47.1],[130.8,-46.2],[130.8,-46.1],[130.7,-46],[130.7,-45.9],[130.6,-45.9],[130.6,-45.8],[130.5,-45.8],[130.4,-45.8],[130.4,-45.7],[130.5,-45.7],[130.6,-45.7],[130.5,-45.6],[130.5,-45.5],[130.5,-45.4],[130.5,-45.3],[130.4,-45.3],[130.4,-45.2],[130.3,-45.2],[130.3,-45.1],[130.2,-45.1],[130.2,-45],[130.1,-45],[130,-45],[130,-44.9],[130,-44.8],[130,-44.7],[130.1,-44.7],[130.1,-44.6],[130.1,-44.5],[130.1,-44.4],[130,-44.4],[130,-44.3],[130,-44.2],[130.1,-44.2],[130.1,-44.1],[130.2,-44],[130.2,-43.9],[130.3,-43.9],[130.4,-43.9],[130.5,-43.9],[130.6,-43.9],[130.7,-43.9],[130.7,-43.8],[130.7,-43.7],[130.7,-43.6],[130.8,-43.6],[130.8,-43.5],[130.9,-43.5],[130.9,-43.4],[131,-43.4],[131.1,-43.4],[131.2,-43.4],[131.2,-43.3],[131.3,-43.3],[131.3,-43.2],[131.3,-43.1],[131.4,-43],[131.3,-43],[131.3,-42.9],[131.3,-42.8],[131.3,-42.7],[131.5,-42.7],[131.5,-42.8]]]]}},{"type":"Feature","properties":{},"geometry":{"type":"MultiPolygon","coordinates":[[[[55.5,-65.7],[59.6,-64.9],[62.5,-64.6],[67.7,-64.8],[70.3,-65.2],[70.4,-65.3],[69.4,-65.5],[68.2,-65.6],[66.3,-65.4],[64,-65.4],[61.6,-65.6],[57.3,-65.4],[56.4,-65.5],[55.5,-65.7]]]]}},{"type":"Feature","properties":{},"geometry":{"type":"MultiPolygon","coordinates":[[[[64.9,-45.9],[65.4,-46.3],[66.9,-49.1],[67.4,-52.7],[66.6,-52.7],[65.3,-50.2],[61.8,-50.9],[58.5,-50.9],[57.2,-49.8],[55.3,-50.6],[54.1,-52.3],[54.2,-54.5],[51.3,-55.4],[51.7,-55.2],[52.3,-55.2],[52,-54.8],[51.4,-54.9],[51.2,-55],[49.4,-55],[49,-52.3],[49.2,-52.5],[49.5,-52.8],[50.2,-53],[51.1,-52.8],[50.6,-52.7],[50.1,-52.3],[49.9,-51.7],[50.2,-51.3],[50.5,-51.2],[50.6,-51.1],[50.1,-51.1],[50.4,-50.9],[50.4,-50.7],[50.1,-50.6],[50,-50.4],[49.9,-50.3],[50,-50.2],[50,-50.1],[50.4,-50],[50.4,-49.8],[50.6,-49.8],[50.7,-49.5],[51,-49],[51.6,-48.4],[57.3,-46.5],[64.7,-45.7],[64.9,-45.9]]]]}},{"type":"Feature","properties":{},"geometry":{"type":"MultiPolygon","coordinates":[[[[32.7,-66.7],[32.7,-65.1],[33.3,-64.9],[33.2,-65.1],[32.9,-65.8],[32.7,-66.6],[32.7,-66.7]]]]}},{"type":"Feature","properties":{},"geometry":{"type":"MultiPolygon","coordinates":[[[[33.6,-66.7],[32.7,-66.6],[32.9,-65.8],[33.2,-65.1],[33.8,-64.7],[33.4,-66],[33.6,-66.7]]]]}},{"type":"Feature","properties":{},"geometry":{"type":"MultiPolygon","coordinates":[[[[46.1,-66.4],[41.6,-67],[40.8,-67],[38.8,-65.8],[37.1,-64.8],[36.2,-63.8],[36.8,-63.6],[38.2,-63.4],[41.1,-65.9],[45.9,-65.6],[46.1,-66.4]]]]}},{"type":"Feature","properties":{},"geometry":{"type":"MultiPolygon","coordinates":[[[[36,-67.1],[33.8,-66.6],[33.4,-66.3],[33.7,-64.9],[35.2,-64.3],[36.2,-63.8],[37.1,-64.8],[38.8,-65.8],[40.8,-67],[39.1,-67.5],[38,-67.1],[36,-67.1]]]]}},{"type":"Feature","properties":{},"geometry":{"type":"MultiPolygon","coordinates":[[[[35,-68.6],[33.3,-68],[31.7,-67.8],[31.1,-67.8],[31.2,-67.6],[31.2,-67.5],[30.6,-67.2],[31,-66.8],[33.7,-67.3],[35.6,-67.9],[36.7,-68.3],[35.6,-68.5],[35,-68.6]]]]}},{"type":"Feature","properties":{},"geometry":{"type":"MultiPolygon","coordinates":[[[[33.5,-68.8],[32.6,-68.4],[31.3,-68.2],[29.4,-68],[29.6,-67.7],[28,-67.8],[29.4,-66.7],[30.6,-67.2],[31.2,-67.5],[31.2,-67.6],[31.1,-67.8],[31.7,-67.8],[33.3,-68],[35,-68.6],[33.7,-68.8],[33.5,-68.8]]]]}},{"type":"Feature","properties":{},"geometry":{"type":"MultiPolygon","coordinates":[[[[19.7,74],[19,74.5],[17.3,74.8],[11.3,75.1],[7.2,74.8],[5.5,74.8],[8,75.1],[10.8,75.9],[18.4,76],[21.8,75.5],[24,75.1],[26.2,74.9],[27.7,74.6],[28.8,74.1],[30.7,72.9],[35.1,71.2],[35.9,71.2],[37.8,70.1],[36.7,69.2],[35.2,69.8],[31.6,70.3],[27.6,72],[27,72.4],[26.4,72.6],[24.5,73.1],[20.5,73.8],[19.7,74]]]]}},{"type":"Feature","properties":{},"geometry":{"type":"MultiPolygon","coordinates":[[[[6.6,77.1],[15,77],[24.2,75.7],[28.5,74.5],[32.1,73.4],[35.2,72.9],[38.2,72.1],[40.9,71.7],[44.4,71.1],[48.7,69.9],[50.5,69.1],[49.3,69.3],[48,70.2],[44.4,71],[41.2,71.4],[37.9,72],[32.5,72.8],[30.4,73.5],[28.8,74.1],[27.7,74.6],[26.2,74.9],[24,75.1],[21.8,75.5],[18.4,76],[10.8,75.9],[8.1,76],[8.1,76.3],[8.1,76.9],[7.5,76.6],[6.6,76.7],[5.7,76.8],[6.6,77.1]]]]}},{"type":"Feature","properties":{},"geometry":{"type":"MultiPolygon","coordinates":[[[[30.4,69.9],[31.4,69.7],[32.3,69.3],[32.3,69.5],[34.5,69.4],[37.3,68.9],[33.5,68.1],[30.3,67.1],[28.8,66.5],[28.6,66],[29.6,65.9],[25.3,65.8],[25.3,67.8],[30.4,69.9]]]]}},{"type":"Feature","properties":{},"geometry":{"type":"MultiPolygon","coordinates":[[[[30.4,69.9],[30,70.1],[27.1,71.3],[26.3,72.2],[26.6,72.4],[19.7,74],[20.7,73.6],[24.5,73.1],[26.4,72.6],[27.1,72.3],[30.3,70.7],[32.9,70.2],[35.6,69.7],[37.6,69.1],[39.3,68.8],[36.7,69],[34.1,69.5],[32.3,69.5],[32.2,69.3],[31.2,69.7],[30.4,69.9]]]]}},{"type":"Feature","properties":{},"geometry":{"type":"MultiPolygon","coordinates":[[[[37.6,69.1],[36.3,70.2],[35.3,71.3],[33.3,71.4],[30.2,73.2],[30.9,73.4],[33,72.7],[38,72.1],[41.8,71.3],[45.1,70.9],[48.6,69.9],[49.8,69.2],[48.9,68.6],[46,68.9],[39.5,68.7],[37.6,69.1]]]]}},{"type":"Feature","properties":{},"geometry":{"type":"MultiPolygon","coordinates":[[[[42.2,65],[43.7,64.9],[45.7,65.1],[48.1,64.9],[50,64.4],[52.2,64.1],[53.3,63.6],[52.4,63.7],[49,64.5],[47.1,64.8],[45.7,64.8],[41.8,64.4],[38.4,64.5],[36.6,64.7],[32.6,65.1],[30.3,65.7],[36.2,65.5],[38.9,65],[39.5,65.2],[39.7,65.3],[42.2,65]]]]}},{"type":"Feature","properties":{},"geometry":{"type":"MultiPolygon","coordinates":[[[[59.3,58.6],[61.5,58.4],[63.1,59.3],[66.2,61.2],[68.3,62.6],[69,61.7],[67.5,59.8],[65.5,58.5],[64.6,57],[60.8,56.9],[59.3,57.9],[59.3,58.6]]]]}},{"type":"Feature","properties":{},"geometry":{"type":"MultiPolygon","coordinates":[[[[56.3,64.5],[59.2,62],[59.2,60.7],[57,61],[56.5,61.6],[55.5,62.6],[56,63.8],[54.4,64.7],[56.3,64.5]]]]}},{"type":"Feature","properties":{},"geometry":{"type":"MultiPolygon","coordinates":[[[[54.4,64.7],[56,63.8],[55.5,62.6],[56.5,61.6],[55.9,61],[54.2,62],[53.9,63],[52.9,64.4],[52.3,65.2],[54.4,64.7]]]]}},{"type":"Feature","properties":{},"geometry":{"type":"MultiPolygon","coordinates":[[[[59.3,61.5],[61.7,62.5],[62.1,60.4],[62.3,59],[60.3,58.2],[59.3,59.5],[59.2,61],[59.3,61.5]]]]}},{"type":"Feature","properties":{},"geometry":{"type":"MultiPolygon","coordinates":[[[[52.1,60.8],[53.9,62.3],[55.1,61],[57.5,61.1],[59.3,60.6],[59.3,58.6],[59.2,57.2],[57.4,57.4],[56.9,59],[53,59.8],[52.1,60.8]]]]}},{"type":"Feature","properties":{},"geometry":{"type":"MultiPolygon","coordinates":[[[[50.7,68.9],[55.6,68.6],[61.6,66.8],[66.8,64.2],[67.7,62.5],[64.8,60.2],[62.2,59.5],[62.4,62.6],[60.7,64.8],[56.7,66.6],[52,68.4],[50.5,68.8],[50.7,68.9]]]]}},{"type":"Feature","properties":{},"geometry":{"type":"MultiPolygon","coordinates":[[[[49.4,68.6],[53.5,68.1],[57.5,66.2],[61.7,64.1],[61.3,62.3],[59.2,62],[56.3,64.5],[52.3,67],[47,68.7],[49.4,68.6]]]]}},{"type":"Feature","properties":{},"geometry":{"type":"MultiPolygon","coordinates":[[[[53,71.1],[56,69.2],[60.3,68.3],[64,66.1],[67.8,63.3],[65,65.3],[58.2,67.8],[50.5,69.1],[48.7,69.9],[47.8,70.6],[50.6,70.4],[52.1,71.2],[53,71.1]]]]}},{"type":"Feature","properties":{},"geometry":{"type":"MultiPolygon","coordinates":[[[[147.3,55.7],[141.3,53.8],[136.9,52.7],[139.1,54],[142.1,55.3],[145.6,56.4],[148,56.6],[147.3,55.7]]]]}},{"type":"Feature","properties":{},"geometry":{"type":"MultiPolygon","coordinates":[[[[149.2,54.3],[144.1,53],[141.3,52.3],[139.2,51.9],[135.3,51.1],[131.4,51.1],[132.7,51.7],[136.9,52.7],[141.3,53.8],[147.3,55.7],[149.2,54.3]]]]}},{"type":"Feature","properties":{},"geometry":{"type":"MultiPolygon","coordinates":[[[[159.9,60.7],[163.1,60.4],[166.4,59.5],[158.5,58.6],[154.6,56.3],[150.7,54.6],[148.5,54.6],[147.6,56.8],[147.2,57.7],[147.4,58.3],[149.5,59.2],[151.5,59.9],[153.1,60.4],[155.6,60.6],[157.7,60.9],[159.9,60.7]]]]}},{"type":"Feature","properties":{},"geometry":{"type":"MultiPolygon","coordinates":[[[[51.9,64.1],[49.2,64.7],[50.1,64.5],[51.9,64.1]]]]}},{"type":"Feature","properties":{},"geometry":{"type":"MultiPolygon","coordinates":[[[[52.1,64.7],[51.8,64.4],[50.8,65],[52.1,64.7]]]]}},{"type":"Feature","properties":{},"geometry":{"type":"MultiPolygon","coordinates":[[[[35.3,68.1],[40.1,67.9],[39.9,66.7],[44,66],[45.3,65.6],[42.7,65.4],[42.8,65.1],[44.8,65.1],[46.2,65.1],[44.1,65],[42.5,64.9],[36.7,65.9],[34.7,67.5],[35.3,68.1]]]]}},{"type":"Feature","properties":{},"geometry":{"type":"MultiPolygon","coordinates":[[[[40.5,68.3],[46,67.2],[51.7,65.3],[52.8,64.5],[50.8,65],[50.2,65.3],[48.7,65.6],[47.7,65.7],[46.7,65.7],[44.6,65.8],[40.5,66.5],[39.8,67.7],[40.5,68.3]]]]}},{"type":"Feature","properties":{},"geometry":{"type":"MultiPolygon","coordinates":[[[[39.5,68.7],[46,68.9],[49.4,68],[54.3,65.7],[55.1,64.7],[52.3,65.2],[47.8,66.8],[41.4,68.1],[39.5,68.7]]]]}},{"type":"Feature","properties":{},"geometry":{"type":"MultiPolygon","coordinates":[[[[165,55.3],[156.6,53.2],[149.7,51.9],[142.5,50.5],[140.3,50.8],[141.8,52.2],[145.2,53.3],[150.1,54.5],[153.2,54.9],[157.4,55.3],[160.1,55.8],[162.1,56.4],[164.1,57.5],[165.9,59.1],[167.2,59.6],[170.1,59.9],[171.3,59.3],[167.1,56.6],[165,55.3]]]]}},{"type":"Feature","properties":{},"geometry":{"type":"MultiPolygon","coordinates":[[[[169.2,59.9],[166.9,59.6],[165.2,58.5],[163.9,57.4],[161.4,56.1],[160,55.8],[157.3,55.3],[151.7,54.8],[152.3,55.1],[156.5,57.9],[161.6,59],[169.1,59.9],[169.2,59.9]]]]}},{"type":"Feature","properties":{},"geometry":{"type":"MultiPolygon","coordinates":[[[[64.5,55.4],[65.7,57.3],[67.8,58.2],[67.7,57],[66.9,55.8],[66.2,54.8],[64.5,54.2],[62.8,53],[61.8,52.8],[63.8,54.4],[64.5,55.4]]]]}},{"type":"Feature","properties":{},"geometry":{"type":"MultiPolygon","coordinates":[[[[51.5,57.6],[54.2,56.8],[55.6,55.1],[57.4,54.5],[57.4,53.3],[57.1,53.1],[56.3,52.7],[55.6,52.5],[55,52.7],[54.1,53.4],[53.6,54.3],[53.2,54.9],[52.2,55.7],[51.8,56.2],[51.7,56.9],[51.5,57.6]]]]}},{"type":"Feature","properties":{},"geometry":{"type":"MultiPolygon","coordinates":[[[[57.3,53.2],[57.9,54.6],[61.3,55.1],[62.6,55.7],[64.2,56.5],[65.3,57],[64.6,55.7],[64.1,55.1],[61.7,54.5],[59,53.8],[57.8,53.2],[57.2,52.9],[57.3,53.2]]]]}},{"type":"Feature","properties":{},"geometry":{"type":"MultiPolygon","coordinates":[[[[35.3,68.1],[34.8,66.6],[41.8,65],[40.6,65.1],[39.4,65.2],[39.5,65.1],[37.4,65.4],[30,65.8],[28.6,66],[28.7,66.4],[29.3,66.8],[32.7,67.9],[35.3,68.1]]]]}},{"type":"Feature","properties":{},"geometry":{"type":"MultiPolygon","coordinates":[[[[46.6,51.7],[47.9,51.3],[50.7,49],[51.3,48.2],[50.3,48.3],[49,48.7],[46.9,50],[46.3,50.9],[46.6,51.7]]]]}},{"type":"Feature","properties":{},"geometry":{"type":"MultiPolygon","coordinates":[[[[53.9,51.7],[55.9,52],[56.9,52.4],[57.3,52.8],[58.3,53.6],[59.4,53],[56.9,49.9],[52.7,48.3],[50.9,48.9],[50.6,49.4],[50.7,50.1],[50.6,50.9],[50.9,51.5],[51.3,51.7],[53.2,51.7],[53.9,51.7]]]]}},{"type":"Feature","properties":{},"geometry":{"type":"MultiPolygon","coordinates":[[[[53.6,54.3],[53.8,53.9],[54.4,53.1],[55.3,52.5],[55.8,52.5],[56.9,53],[57.3,53.2],[57.2,52.6],[56.3,52.1],[54.8,51.8],[53.8,52],[51.7,53.5],[51.2,53.8],[52.3,54.3],[53.6,54.3]]]]}},{"type":"Feature","properties":{},"geometry":{"type":"MultiPolygon","coordinates":[[[[47.7,52.7],[48.1,53.7],[49.3,54.1],[49.7,54.2],[50,54.3],[51.4,55.1],[53.4,54.7],[52.3,54.3],[51.2,53.8],[50.2,53.4],[49.3,53.2],[48.9,53.1],[47.7,52.7]]]]}},{"type":"Feature","properties":{},"geometry":{"type":"MultiPolygon","coordinates":[[[[50.8,58.3],[51.7,56.9],[51.8,56.2],[52,55.8],[52.5,55.4],[50.3,54.5],[49.8,54.3],[49.4,54.1],[48.6,53.9],[48.4,54.5],[48.9,55.6],[49.5,56.1],[50.7,58],[50.8,58.3]]]]}},{"type":"Feature","properties":{},"geometry":{"type":"MultiPolygon","coordinates":[[[[47.7,52.7],[48.9,53.1],[49.3,53.2],[50.2,53.4],[51.7,53.5],[53.8,52],[52.2,51.8],[51.1,51.6],[50.7,51.2],[50.5,50.9],[50.8,49.7],[50.5,49.3],[47.7,51.4],[46.8,51.9],[47.6,52.6],[47.7,52.7]]]]}},{"type":"Feature","properties":{},"geometry":{"type":"MultiPolygon","coordinates":[[[[51.4,60.3],[51.8,60.6],[53,59.8],[55.7,59.4],[57,58.1],[58.9,56.7],[60.8,56.9],[64.6,57],[65.5,58.5],[67,59.1],[65.9,57.9],[65.1,57],[63.6,56.2],[62.3,55.5],[61.1,55.1],[57.4,54.5],[55.6,55.1],[54.2,56.8],[51.5,57.6],[51.6,59.3],[51.4,60.3]]]]}},{"type":"Feature","properties":{},"geometry":{"type":"MultiPolygon","coordinates":[[[[97.6,-48.9],[98.6,-48.7],[99.8,-48],[100.8,-47.6],[102,-47.5],[103.1,-47.3],[105.2,-47.5],[106.1,-47.3],[109.6,-48],[108.1,-48.1],[103.9,-48.6],[97.8,-50.2],[94.1,-50.5],[89.4,-51.3],[87.4,-51.9],[85.5,-52],[82.4,-52.5],[78.2,-50.8],[76.2,-49.9],[76.9,-49.7],[78.6,-50],[83,-51.1],[84.3,-51.3],[86.5,-51.2],[88.1,-51.1],[89.4,-51],[90.6,-50.8],[92.2,-50.2],[93.1,-50.1],[94.1,-49.7],[95.7,-49.4],[97.1,-49.1],[97.6,-48.9]]]]}},{"type":"Feature","properties":{},"geometry":{"type":"MultiPolygon","coordinates":[[[[69.4,-47.1],[68.7,-47.8],[69.9,-48.7],[70.6,-51.6],[71.1,-54.4],[74.7,-56.3],[82.6,-58.3],[87.8,-59.4],[90.6,-59.5],[92.3,-59.2],[94.4,-61.5],[93.7,-61.6],[92.7,-60.5],[89.1,-61.2],[85.1,-61.2],[78.9,-60.2],[74.1,-58.4],[72.1,-56.9],[70.6,-55.7],[68.8,-54.5],[68.1,-52.5],[68,-50.9],[67.1,-46.8],[66.2,-46.7],[64.9,-45.9],[65.5,-45.9],[67.1,-46.1],[67.7,-46.2],[67.5,-46.6],[68.1,-46.8],[69.4,-47],[69.4,-47.1]]]]}},{"type":"Feature","properties":{},"geometry":{"type":"MultiPolygon","coordinates":[[[[103.9,-48.6],[101.7,-49.7],[100.2,-50.1],[99,-50.4],[97,-51.3],[94.2,-51.9],[92.5,-52.2],[90.2,-52.7],[87.8,-53.1],[85.7,-52.9],[83.8,-52.7],[84.6,-52.3],[87.2,-52],[88.8,-51.5],[92.3,-50.8],[96.3,-50.3],[101.1,-49],[103.9,-48.6]]]]}},{"type":"Feature","properties":{},"geometry":{"type":"MultiPolygon","coordinates":[[[[83.1,-52.5],[84.6,-52.9],[86.7,-53.1],[89.3,-52.9],[91.2,-52.6],[93.2,-52],[95,-51.9],[98,-50.8],[99.6,-50.2],[100.8,-50],[102.9,-49.3],[103.6,-49.8],[101.4,-50.5],[96.5,-52.3],[88.9,-53.9],[85.7,-54.1],[83.1,-52.5]]]]}},{"type":"Feature","properties":{},"geometry":{"type":"MultiPolygon","coordinates":[[[[47.5,58.5],[48.6,58],[46.7,56.6],[44.4,58.3],[47.5,58.5]]]]}},{"type":"Feature","properties":{},"geometry":{"type":"MultiPolygon","coordinates":[[[[44.7,55.6],[38.6,53.3],[38.6,54],[41.9,54.8],[43.2,55.7],[44.7,55.6]]]]}},{"type":"Feature","properties":{},"geometry":{"type":"MultiPolygon","coordinates":[[[[43.6,57.9],[45.9,56.3],[43.2,55.7],[41.9,54.8],[38.6,54],[37.6,53],[38,54.6],[39.8,55.9],[41,57.1],[43.6,57.9]]]]}},{"type":"Feature","properties":{},"geometry":{"type":"MultiPolygon","coordinates":[[[[52.9,63.5],[53.3,63.6],[54,62.8],[52.5,61.1],[51.4,60.4],[49.3,58.4],[47.5,58.6],[49,59.8],[50.2,60.3],[51.7,61.6],[52.8,62.6],[53,63.5],[52.9,63.5]]]]}},{"type":"Feature","properties":{},"geometry":{"type":"MultiPolygon","coordinates":[[[[43.4,58.3],[41,57.1],[39.8,55.9],[38,54.6],[36.7,55.5],[40.1,57.5],[43.4,58.3]]]]}},{"type":"Feature","properties":{},"geometry":{"type":"MultiPolygon","coordinates":[[[[11.8,53.8],[12.5,53.2],[13.3,52.7],[13.9,52.5],[14,52.2],[14.3,52.4],[15,52.2],[15.9,51.8],[17.3,51.4],[19.1,51.1],[19.8,50.1],[20.6,49.7],[21.4,49],[22.2,48.4],[23,48.4],[23.8,48.8],[22.8,48.3],[22.5,47.8],[21.5,47.5],[21.1,47.5],[20.1,48.6],[19.4,49],[18.8,49.3],[16.5,50.4],[13.4,51.2],[11.6,51.1],[11.1,51.2],[11.7,51.5],[10.9,51.8],[10.2,52.1],[10.2,52.2],[10.1,52.6],[10.4,52.9],[10.1,52.7],[10.2,53.2],[10.6,53.2],[10.6,53.3],[11.5,53.8],[11.8,53.8]]]]}},{"type":"Feature","properties":{},"geometry":{"type":"MultiPolygon","coordinates":[[[[48.3,64.6],[50.9,64.1],[53,63.5],[53,62.7],[51.9,61.7],[50.5,60.8],[49.1,59.7],[47.4,58.8],[46.6,58.2],[41.9,58.1],[37,55.9],[37.5,53.4],[36.1,52.5],[34.2,52.2],[32.1,52],[31.2,51.9],[30.4,51.3],[29,50.9],[28.3,50.9],[28,50.7],[27,50.4],[26.1,50.4],[24.4,51],[22,53.3],[21.2,55.1],[25.7,57.1],[30,59.5],[34,61.1],[41.2,63],[48,64.5],[48.3,64.6]]]]}},{"type":"Feature","properties":{},"geometry":{"type":"MultiPolygon","coordinates":[[[[26,49.5],[25.9,49.7],[26.2,50.3],[27.4,50.5],[28.2,50.7],[28.6,50.8],[29.1,51],[30.6,51.5],[31.4,51.9],[32.4,52],[34.5,52.2],[36.5,52.7],[38.6,53.3],[44.7,55.6],[46.7,56.6],[50.4,58.2],[51.4,60.3],[51.4,59],[50.7,58],[49.5,56.1],[48.9,55.6],[48.4,54.5],[47.8,53],[47.5,52.4],[46.6,51.7],[46.3,50.9],[41.3,49.1],[32.4,47.3],[28,46.9],[28.6,47.4],[29.5,47.4],[30,48],[29.8,47.9],[29.7,47.5],[28.5,47.5],[27.8,46.5],[24.6,48],[25.1,48.6],[24.9,48.7],[25.3,49],[25.6,48.8],[26.1,49.4],[26,49.5]]]]}},{"type":"Feature","properties":{},"geometry":{"type":"MultiPolygon","coordinates":[[[[139.2,-67.2],[139.6,-68],[139.8,-68.3],[141.6,-74.9],[130.7,-80.7],[76.4,-85.2],[11.3,-81.5],[32.9,-80.2],[54.6,-80.8],[68.1,-80.3],[75.4,-79.1],[89.2,-78.6],[108.1,-75.2],[122,-69.4],[124.9,-67.6],[125.3,-66.9],[127.7,-66.7],[129.7,-66.9],[130.1,-66.9],[131,-66.9],[132,-66.8],[133.9,-67],[135.3,-67.2],[136.4,-67.1],[138,-67.3],[139.2,-67.2]]]]}},{"type":"Feature","properties":{},"geometry":{"type":"MultiPolygon","coordinates":[[[[5.8,-71.6],[6.6,-72.7],[9.4,-73.4],[14.4,-73.8],[18.7,-74.4],[6.8,-75.7],[5.3,-76],[4.2,-77.7],[-1.8,-79.1],[-11.2,-77.9],[-6.9,-73.8],[3.1,-71.3],[4.6,-71.2],[5.8,-71.6]]]]}},{"type":"Feature","properties":{},"geometry":{"type":"MultiPolygon","coordinates":[[[[30.7,-74.6],[30.6,-76.1],[30.7,-76.3],[38.6,-79.8],[17.7,-81],[-3.5,-81.6],[-14.4,-79.9],[-13,-79.5],[-11.5,-78.6],[-7.1,-78.3],[2.7,-78.1],[5.2,-76.1],[6.4,-75.8],[17.7,-75.2],[30.7,-74.6]]]]}},{"type":"Feature","properties":{},"geometry":{"type":"MultiPolygon","coordinates":[[[[139.6,-68],[139.2,-67.2],[139.6,-67.4],[140.2,-67.4],[139.9,-67.7],[139.6,-68]]]]}},{"type":"Feature","properties":{},"geometry":{"type":"MultiPolygon","coordinates":[[[[180,-83.2],[163.4,-83.6],[155.7,-76.5],[141,-71.3],[139.9,-68.1],[141,-67.7],[141.7,-67.8],[142.1,-67.9],[142.4,-68.4],[142.9,-68.6],[144.2,-68.6],[145.1,-68.6],[145.8,-68.5],[146.9,-68.8],[147.5,-68.7],[149.3,-68.8],[149.5,-68.3],[150.3,-68.6],[150.9,-68.8],[151.8,-69],[153.2,-69],[153.5,-69.1],[154.9,-69.2],[156.5,-69.6],[156.3,-69.8],[157.6,-70.3],[158.8,-70.8],[158.3,-70.1],[160.1,-70.3],[160.4,-70.2],[162.1,-70.3],[162.7,-70.4],[164.2,-70.6],[165.1,-70.8],[167.4,-71.3],[166.3,-71.7],[166.9,-72.1],[164.9,-71.9],[166.6,-72.2],[165.8,-72.8],[165.3,-72.7],[163.4,-72.5],[164.1,-72.8],[164.2,-73],[163.9,-73.2],[163.3,-73.2],[163.1,-73.5],[162.4,-73.5],[161.5,-73],[162.1,-73.6],[162.2,-73.9],[162.1,-74.2],[160.5,-74.1],[160.2,-74.6],[160,-75],[158.5,-75.1],[160.2,-75.2],[160.9,-75.8],[160.6,-75.8],[161.2,-76.2],[161.2,-76.5],[161.8,-76.7],[163.3,-77.4],[163.1,-77.9],[164.6,-77.8],[166.7,-78.2],[163.2,-78.4],[161.4,-78.3],[162,-78.8],[161.1,-78.8],[160.8,-79.2],[161.3,-79.3],[161.6,-79.7],[159.9,-80.2],[161.9,-80.3],[162.6,-80.3],[161.2,-80.6],[162.1,-80.9],[163.2,-81.2],[165,-81.5],[167,-81.8],[167,-82.1],[168.8,-82.1],[172,-82.4],[172.8,-82.7],[173.8,-82.8],[175.6,-82.8],[176.7,-83.1],[179.5,-83.1],[180,-83.2]]]]}},{"type":"Feature","properties":{},"geometry":{"type":"MultiPolygon","coordinates":[[[[-180,-85.4],[-178.9,-83.2],[-167.8,-85.7],[-180,-85.4]]]]}},{"type":"Feature","properties":{},"geometry":{"type":"MultiPolygon","coordinates":[[[[165.5,-76.7],[168,-77],[165.8,-77.3],[165.4,-76.9],[165.5,-76.7]]]]}},{"type":"Feature","properties":{},"geometry":{"type":"MultiPolygon","coordinates":[[[[-11.2,-77.9],[-12,-79],[-14.4,-79.9],[-16.1,-80],[-13.9,-76.2],[-11.2,-77.9]]]]}},{"type":"Feature","properties":{},"geometry":{"type":"MultiPolygon","coordinates":[[[[-14.4,-76.2],[-37.1,-80.3],[-35.9,-76.9],[-35.2,-75.9],[-33.6,-75.9],[-32.6,-75.8],[-33,-75.7],[-32.9,-75.6],[-32.3,-75.3],[-31.6,-74.9],[-30.6,-75.5],[-14.4,-76.2]]]]}},{"type":"Feature","properties":{},"geometry":{"type":"MultiPolygon","coordinates":[[[[-36,-76],[-39.7,-79.8],[-46.8,-78.8],[-51.4,-77.8],[-49.5,-77.3],[-48,-77.1],[-46.2,-76.8],[-44.4,-76.6],[-42.8,-76.3],[-41.5,-76.2],[-41.3,-76.2],[-40.3,-76.1],[-38.3,-76],[-37,-75.9],[-36,-76]]]]}},{"type":"Feature","properties":{},"geometry":{"type":"MultiPolygon","coordinates":[[[[124.3,-67.8],[112.5,-73.8],[89.6,-78.5],[89.9,-74.2],[86.4,-69],[86.3,-68.1],[87.5,-68.1],[89.3,-68.1],[90.9,-67.9],[92.4,-68],[92.8,-68.3],[93.5,-68],[94.7,-67.8],[95.1,-67.3],[97.7,-67.3],[99.6,-67.4],[102.3,-67.8],[103.1,-68],[105,-67.8],[105,-67.4],[109,-67.4],[110.4,-67.6],[108.5,-68.6],[110.2,-68.2],[111.8,-67.9],[112.9,-68],[114.3,-68.1],[113.7,-68.2],[117.3,-67.7],[119.4,-67.5],[121,-67.1],[121.5,-67.1],[122,-67.4],[122.3,-67.9],[123.4,-67.8],[124.3,-67.8]]]]}},{"type":"Feature","properties":{},"geometry":{"type":"MultiPolygon","coordinates":[[[[124.7,-67.7],[124.7,-67.3],[125,-67.4],[124.7,-67.7]]]]}},{"type":"Feature","properties":{},"geometry":{"type":"MultiPolygon","coordinates":[[[[180,-85.4],[133.4,-85.9],[134.9,-79.4],[142.2,-73.1],[157.1,-78.5],[170.9,-85],[180,-85.4]]]]}},{"type":"Feature","properties":{},"geometry":{"type":"MultiPolygon","coordinates":[[[[-122.9,-88.4],[-165,-85.3],[-144.6,-85.5],[-125.5,-85.3],[-105.5,-85.1],[-90.4,-84.6],[-75.9,-83.8],[-67.9,-82.6],[-66,-85],[-122.9,-88.4]]]]}},{"type":"Feature","properties":{},"geometry":{"type":"MultiPolygon","coordinates":[[[[180,-88.8],[-113.9,-88.7],[-21.7,-83.6],[-14.5,-80],[0.1,-81.6],[33.9,-84.3],[115,-83.9],[143.5,-87.5],[180,-88.8]]]]}},{"type":"Feature","properties":{},"geometry":{"type":"MultiPolygon","coordinates":[[[[-69.5,-88.3],[-59.3,-82.2],[-40.1,-79.8],[-44.4,-79.6],[-26.8,-80.3],[-26.9,-85.3],[-69.5,-88.3]]]]}},{"type":"Feature","properties":{},"geometry":{"type":"MultiPolygon","coordinates":[[[[25.7,-71],[26,-71.1],[26.1,-71.1],[26.2,-71.1],[26.9,-71.1],[27.8,-71.2],[27.9,-71.5],[28.3,-71.4],[29.4,-70.6],[24.5,-74.7],[18.8,-74],[20.4,-71.6],[22.1,-70.6],[22.2,-70.5],[22.6,-70.3],[22.6,-70.1],[23.7,-70.1],[23.4,-70.5],[24.5,-71],[25.5,-71.1],[25.7,-71]]]]}},{"type":"Feature","properties":{},"geometry":{"type":"MultiPolygon","coordinates":[[[[59.1,-74.2],[59.1,-75],[60.2,-74.2],[62.3,-75.6],[57.2,-75.6],[52.1,-74.8],[59.1,-74.2]]]]}},{"type":"Feature","properties":{},"geometry":{"type":"MultiPolygon","coordinates":[[[[62,-74.6],[81.3,-74.5],[90,-76.8],[85.5,-78.7],[69.5,-79.7],[67.8,-80.4],[48.2,-80.6],[33.6,-78.2],[30.6,-76.1],[45.5,-74.4],[52.5,-75.4],[58.7,-75.6],[62.4,-75.2],[62,-74.6]]]]}},{"type":"Feature","properties":{},"geometry":{"type":"MultiPolygon","coordinates":[[[[59.1,-74.2],[38.1,-74.6],[31,-70.4],[32.6,-69.7],[34.6,-69.5],[35.1,-69.3],[36.5,-69.2],[36.6,-69.1],[37.3,-68.9],[37.7,-69.1],[37.9,-69.4],[38.6,-69.6],[39.7,-69],[39.6,-68.7],[38.9,-68.5],[40.4,-68.7],[41.2,-68.8],[41,-68.6],[40.8,-68.1],[43,-67.6],[46.9,-67.7],[48.3,-68.2],[47.1,-68.2],[47.6,-68.4],[47.3,-68.5],[46.7,-68.8],[47.6,-68.7],[48.7,-68.6],[49.6,-68.8],[49.7,-68.9],[50.8,-69.3],[52.6,-69.2],[56.4,-69.3],[61,-69.5],[62.3,-70.1],[61.4,-70.5],[61.8,-71],[60.7,-71],[61.3,-71.3],[60.5,-71.7],[59.4,-71.7],[59.7,-71.9],[60.5,-72.1],[60.9,-72.7],[59.7,-73.2],[59.1,-73.8],[59.1,-74.2]]]]}},{"type":"Feature","properties":{},"geometry":{"type":"MultiPolygon","coordinates":[[[[84.8,-68.1],[89.4,-72.8],[76.4,-74.5],[60.5,-74.2],[61.7,-74.1],[62.9,-73.6],[63.3,-73.3],[63.8,-72.9],[64.1,-72.3],[64.9,-71.8],[66.1,-71.5],[67.2,-71.5],[67.8,-71.4],[68.8,-71],[69.5,-71],[70.6,-70.6],[71.2,-70.3],[75.3,-69.3],[76.7,-69.2],[78.1,-68.7],[81.2,-68.3],[82.9,-68.3],[84.8,-68.1]]]]}},{"type":"Feature","properties":{},"geometry":{"type":"MultiPolygon","coordinates":[[[[-36,-76],[-37,-75.9],[-38.3,-76],[-40.3,-76.1],[-41.3,-76.2],[-41.5,-76.2],[-42.8,-76.3],[-44.4,-76.6],[-46.2,-76.8],[-48,-77.1],[-49.5,-77.3],[-51.4,-77.8],[-52.2,-78],[-50.1,-77.5],[-47.2,-76.8],[-44.7,-76.3],[-38.9,-75.7],[-35.4,-75.6],[-33.6,-75.6],[-32.2,-74.9],[-31.2,-74.5],[-31.8,-75.2],[-32.7,-75.5],[-33,-75.6],[-32.6,-75.8],[-33.1,-75.9],[-34.6,-75.8],[-35.6,-76],[-36,-76]]]]}},{"type":"Feature","properties":{},"geometry":{"type":"MultiPolygon","coordinates":[[[[-89.5,-79.3],[-89.5,-79.6],[-89.6,-80.6],[-85.1,-79.9],[-82.2,-80.8],[-82.3,-81.1],[-79.8,-81.8],[-80.6,-82.6],[-79.2,-82.4],[-73.6,-81.5],[-71.9,-81.3],[-66.9,-81.1],[-64.5,-81.4],[-64.6,-81.8],[-70.5,-83.1],[-77.6,-83.9],[-93.5,-84.7],[-109.4,-85.1],[-129.3,-85.4],[-149.6,-85.5],[-170.4,-85.1],[-173,-83.5],[-170.7,-83.4],[-163,-83.6],[-156.1,-83.9],[-153.8,-83.8],[-129.4,-82.5],[-114,-82.1],[-101.3,-83.2],[-96.9,-82.3],[-105.2,-81.7],[-101.2,-80.7],[-99.2,-80.3],[-91.6,-79],[-89.6,-79.2],[-89.5,-79.3]]]]}},{"type":"Feature","properties":{},"geometry":{"type":"MultiPolygon","coordinates":[[[[-60.2,-79.5],[-66.4,-79.9],[-70.6,-79.7],[-68.6,-79.3],[-64.1,-77.3],[-59.2,-77.6],[-59.5,-78.2],[-60.5,-79.3],[-60.2,-79.5]]]]}},{"type":"Feature","properties":{},"geometry":{"type":"MultiPolygon","coordinates":[[[[-34.6,-74.4],[-36.1,-74.1],[-34.5,-73.7],[-34.6,-74.4]]]]}},{"type":"Feature","properties":{},"geometry":{"type":"MultiPolygon","coordinates":[[[[-47.6,-79.6],[-48,-79.7],[-48.5,-79.4],[-47.6,-79.6]]]]}},{"type":"Feature","properties":{},"geometry":{"type":"MultiPolygon","coordinates":[[[[-47.1,-78.8],[-51,-78.6],[-48.4,-78.7],[-47.1,-78.8]]]]}},{"type":"Feature","properties":{},"geometry":{"type":"MultiPolygon","coordinates":[[[[-42.9,-79.3],[-46.3,-79],[-46.7,-78.8],[-42.9,-79.3]]]]}},{"type":"Feature","properties":{},"geometry":{"type":"MultiPolygon","coordinates":[[[[-59.3,-82.2],[-64.6,-81.8],[-61.7,-81.2],[-60.2,-81],[-56.6,-80.6],[-54,-80.5],[-50.9,-80.2],[-48.2,-80.2],[-48.4,-80],[-46.1,-79.9],[-59.3,-82.2]]]]}},{"type":"Feature","properties":{},"geometry":{"type":"MultiPolygon","coordinates":[[[[-47.5,-79.7],[-47.6,-79.5],[-47.4,-79.7],[-47.5,-79.7]]]]}},{"type":"Feature","properties":{},"geometry":{"type":"MultiPolygon","coordinates":[[[[73.7,53.1],[75.9,54.4],[79.3,56],[81.6,57.4],[83.6,58.4],[88.9,59.3],[87.4,57.5],[82.3,55.1],[77.4,52.6],[72.9,50.5],[73.7,53.1]]]]}},{"type":"Feature","properties":{},"geometry":{"type":"MultiPolygon","coordinates":[[[[73.7,53.1],[75.9,54.4],[79.3,56],[81.6,57.4],[83.6,58.4],[88.9,59.3],[87.4,57.5],[82.3,55.1],[77.4,52.6],[72.9,50.5],[73.7,53.1]]]]}}]}