{"type":"FeatureCollection","features":[{"type":"Feature","properties":{},"geometry":{"type":"MultiPolygon","coordinates":[[[[84.9,13.3],[83.1,13.1],[82,13.5],[80.4,13.4],[78.9,12.7],[75.8,8.6],[73.6,10.1],[72.2,11.6],[74.1,11.9],[76.8,14.3],[80.1,14.6],[81.6,14.8],[82.5,14.9],[84.9,13.3]]]]}},{"type":"Feature","properties":{},"geometry":{"type":"MultiPolygon","coordinates":[[[[90,9],[89.3,8.8],[88.9,10.3],[87.8,10.3],[86.5,10.2],[85,10.7],[84,10.7],[83.8,10.7],[84,10.7],[84.6,11],[85.8,11.4],[89.2,10.9],[90,9]]]]}},{"type":"Feature","properties":{},"geometry":{"type":"MultiPolygon","coordinates":[[[[84,10.2],[83.9,10.2],[83.4,10.2],[83.7,10.4],[84.2,10.5],[84,10.2]]]]}},{"type":"Feature","properties":{},"geometry":{"type":"MultiPolygon","coordinates":[[[[83,8.9],[80,8.3],[81,9.2],[81.8,9.5],[82.2,9.6],[82.8,9.5],[83,9.1],[83,8.9]]]]}},{"type":"Feature","properties":{},"geometry":{"type":"MultiPolygon","coordinates":[[[[91.3,10],[90.9,9.9],[90.5,9.5],[89.6,10.3],[86.7,11],[85.1,11.5],[85.1,11.9],[84.4,12.1],[83.8,11.9],[82.9,11.7],[82.2,11.4],[81.5,11.8],[80.9,11.5],[81.3,10.7],[81.5,10.5],[81.1,9.9],[80.6,8.7],[79.9,8.2],[78.2,6.5],[77.3,5.7],[76.8,5.6],[76,6.5],[75.4,7],[76.7,9.8],[79.2,12.8],[80.9,13.6],[82.3,13.3],[83.5,13.2],[85.2,13.3],[87,12.7],[88.2,12.2],[89.8,11.7],[90.4,11.2],[91,10.3],[91.3,10]]]]}},{"type":"Feature","properties":{},"geometry":{"type":"MultiPolygon","coordinates":[[[[54.8,-15.2],[54.7,-12.3],[54.6,-9.8],[55,-8.5],[56.7,-8.5],[58.4,-11.3],[59.2,-14.1],[59.5,-15.2],[61,-18],[62.2,-20.1],[61.6,-19.4],[59.4,-18.2],[58.6,-20.7],[58,-22.2],[57.6,-24.1],[56.9,-22.4],[56.4,-21.3],[55.5,-19.2],[54.9,-17.2],[54.8,-15.2]]]]}},{"type":"Feature","properties":{},"geometry":{"type":"MultiPolygon","coordinates":[[[[80.6,14.6],[77.6,15.1],[74.4,16.2],[71.4,15.9],[70.4,17.6],[75.5,17.4],[78.4,16.2],[80.6,14.6]]]]}},{"type":"Feature","properties":{},"geometry":{"type":"MultiPolygon","coordinates":[[[[58.7,-8.7],[60.2,-11.5],[59.6,-13],[59.2,-14.1],[58.4,-11.3],[56.7,-8.5],[58.7,-8.7]]]]}},{"type":"Feature","properties":{},"geometry":{"type":"MultiPolygon","coordinates":[[[[-84.5,-18.6],[-83.9,-18.6],[-83.7,-18.4],[-82.6,-18.2],[-81.7,-17.8],[-82.3,-17.9],[-83.1,-17.8],[-83.5,-17.8],[-83.3,-17.9],[-83.9,-18.1],[-84,-17.6],[-84.2,-17.3],[-84.4,-17.1],[-84.8,-17.1],[-86.4,-15.7],[-87.6,-14.7],[-86.7,-11.6],[-85.8,-8.5],[-84.7,-7.5],[-84.6,-9.7],[-84.7,-10.6],[-85.9,-12.8],[-87,-14.2],[-86.2,-14.9],[-85,-16.3],[-83.7,-17],[-81.8,-17.4],[-80.9,-17.3],[-78.9,-17.1],[-76.5,-18.9],[-74.7,-19.3],[-74.6,-19.6],[-74.3,-19.9],[-74.3,-20.4],[-74.3,-20.5],[-74.8,-20.6],[-75.1,-21.1],[-75.7,-21.3],[-75.8,-22],[-76.5,-21.9],[-77.4,-21.6],[-77.9,-21.1],[-78.7,-20.7],[-79.6,-20],[-80.8,-20.1],[-81.8,-20],[-82.3,-19.8],[-82.7,-19.8],[-83,-19.8],[-82.9,-19.5],[-83.6,-19.5],[-84.1,-19.1],[-84.5,-18.6]]]]}},{"type":"Feature","properties":{},"geometry":{"type":"MultiPolygon","coordinates":[[[[-84.6,-16.6],[-83.8,-14.4],[-83.4,-12.6],[-84.5,-11.4],[-84.6,-10.2],[-82.7,-12.7],[-82.5,-13.5],[-82.3,-13.9],[-82.2,-14.9],[-82.2,-16],[-82.9,-17],[-84.6,-16.6]]]]}},{"type":"Feature","properties":{},"geometry":{"type":"MultiPolygon","coordinates":[[[[-85.5,1.1],[-83.5,0.9],[-83.4,0.7],[-82,-0.5],[-81.5,-0.6],[-81.1,-1.3],[-82.2,-5.2],[-84.4,-6.4],[-84.8,-3.6],[-84.9,-1.3],[-84.9,-1.1],[-85.1,0.2],[-85.5,1.1]]]]}},{"type":"Feature","properties":{},"geometry":{"type":"MultiPolygon","coordinates":[[[[-84.6,-10.2],[-84.6,-9],[-84.8,-7.4],[-83.8,-7.3],[-81.6,-6.8],[-80.3,-5.6],[-79.5,-5.3],[-79.4,-6],[-79.8,-8.5],[-79.8,-12.7],[-80.5,-14.8],[-80.6,-15.3],[-81.1,-16.6],[-81.8,-17.4],[-82.3,-15.9],[-82.3,-14.5],[-82.3,-13.9],[-82.5,-13.4],[-83.1,-12],[-84.6,-10.2]]]]}},{"type":"Feature","properties":{},"geometry":{"type":"MultiPolygon","coordinates":[[[[-86.3,-6.3],[-82.7,-5.8],[-79.7,-4.6],[-79,-4.7],[-78.6,-4.8],[-79.2,-5.1],[-80.3,-5.6],[-80.8,-6.1],[-82.6,-7.2],[-84.6,-7.4],[-85.8,-6.8],[-86.3,-6.3]]]]}},{"type":"Feature","properties":{},"geometry":{"type":"MultiPolygon","coordinates":[[[[147.4,-48.7],[149.3,-49.1],[150.9,-48.4],[157.4,-51.5],[152.8,-53.2],[148.5,-53],[146.9,-51.4],[147.3,-49.6],[147.4,-48.7]]]]}},{"type":"Feature","properties":{},"geometry":{"type":"MultiPolygon","coordinates":[[[[152.9,-48.6],[156.4,-48],[160.8,-46.5],[164.9,-46.1],[167,-45.7],[169.4,-45.2],[172.3,-44.3],[172.2,-45.4],[172.1,-46.2],[171.9,-46.7],[171.2,-48],[169.8,-48.5],[168,-48.6],[165.8,-48.1],[162.7,-47.1],[160.7,-48.5],[158.8,-49.9],[152.9,-48.6]]]]}},{"type":"Feature","properties":{},"geometry":{"type":"MultiPolygon","coordinates":[[[[106.2,-59.6],[115.3,-58],[110.4,-60.3],[108.5,-60.9],[106.4,-60.2],[106.2,-59.6]]]]}},{"type":"Feature","properties":{},"geometry":{"type":"MultiPolygon","coordinates":[[[[115.7,-57.5],[106.2,-59.6],[105,-59.1],[107.6,-57.4],[108.6,-56.7],[115.4,-57.3],[115.7,-57.5]]]]}},{"type":"Feature","properties":{},"geometry":{"type":"MultiPolygon","coordinates":[[[[103.7,-60.5],[106.4,-60.2],[108.5,-60.9],[110.4,-60.3],[115.3,-58],[119.4,-57.7],[119.9,-59.5],[119.3,-61.1],[111.3,-63.9],[106.1,-63.6],[104.3,-60.7],[103.7,-60.5]]]]}},{"type":"Feature","properties":{},"geometry":{"type":"MultiPolygon","coordinates":[[[[111.3,-63.9],[116.8,-65.9],[118.5,-68.9],[124.6,-71.1],[137.2,-73.4],[145.3,-74.8],[152.6,-77.1],[146.8,-76.6],[130.8,-73.5],[119.7,-70.9],[113.6,-65.5],[111.3,-63.9]]]]}},{"type":"Feature","properties":{},"geometry":{"type":"MultiPolygon","coordinates":[[[[83.7,-83.6],[43.6,-83.8],[38.3,-81.2],[50.6,-78.5],[62.2,-78.1],[71,-79.3],[79.8,-80.8],[90.3,-81.3],[95,-82.9],[83.7,-83.6]]]]}},{"type":"Feature","properties":{},"geometry":{"type":"MultiPolygon","coordinates":[[[[74.5,-83.7],[104.4,-81.8],[121.9,-79.1],[130.4,-78.8],[129.9,-79],[131.4,-79.4],[131.8,-78.6],[133,-78.4],[145.8,-77.3],[149.8,-80],[133,-84.7],[126.6,-85],[106.9,-85.5],[87.8,-86.5],[92.5,-86.1],[81.1,-86.1],[69.2,-85.9],[64.3,-86.1],[57.4,-85.7],[50.3,-85.4],[36.5,-84.2],[57.9,-84.1],[74.5,-83.7]]]]}},{"type":"Feature","properties":{},"geometry":{"type":"MultiPolygon","coordinates":[[[[-0.3,-85.5],[-8.2,-87],[-21.2,-88.4],[-112.8,-88.8],[-109.2,-88.1],[-57.2,-88],[-23.9,-87.4],[-11.6,-86.4],[-7.2,-85.4],[0.8,-85.2],[-0.3,-85.5]]]]}},{"type":"Feature","properties":{},"geometry":{"type":"MultiPolygon","coordinates":[[[[18.2,-76.7],[25.1,-80.6],[36.3,-84.2],[34.9,-84.7],[31.8,-84.8],[22.9,-85],[16.3,-84.8],[4,-84.6],[-1.1,-85.2],[-11.4,-85.6],[-13.5,-84.9],[-23.7,-85.4],[-30.2,-86.2],[-31.8,-85.7],[-36,-85.7],[-35.8,-85.1],[-39.6,-85.4],[-41.1,-84.2],[-33.8,-80.3],[-26.8,-76.8],[-8.1,-76.5],[4.1,-75.1],[5.5,-74.9],[18.2,-76.7]]]]}},{"type":"Feature","properties":{},"geometry":{"type":"MultiPolygon","coordinates":[[[[180,-57.7],[180,-64.9],[177.7,-69.7],[170.7,-69.4],[172.7,-66.8],[172.4,-66.4],[172.4,-66.2],[175.4,-64.7],[177,-60.8],[176.6,-56.9],[180,-57.7]]]]}},{"type":"Feature","properties":{},"geometry":{"type":"MultiPolygon","coordinates":[[[[-180,-70.4],[-180,-63.1],[-179.8,-57.8],[-176.6,-59.7],[-178.5,-64.7],[-177.4,-68],[-178.2,-70.3],[-180,-70.4]]]]}},{"type":"Feature","properties":{},"geometry":{"type":"MultiPolygon","coordinates":[[[[-147.1,-69.4],[-152.1,-65.7],[-141.2,-64.4],[-133.2,-61.9],[-130.8,-59.5],[-128.9,-58.3],[-127.4,-61],[-123.4,-58.3],[-123.2,-54.6],[-119.3,-53.7],[-118.3,-55.5],[-117.1,-57.6],[-116.1,-59.4],[-116.4,-59.4],[-116.7,-59.5],[-116.9,-60.1],[-117.6,-60.6],[-120.4,-61.7],[-121.6,-61.5],[-120.7,-61.8],[-120.8,-62.1],[-122.3,-62.5],[-122.6,-62.9],[-123.6,-64.1],[-123.3,-64.1],[-123.8,-64.9],[-123.6,-65],[-124,-66],[-124.2,-66.1],[-126.2,-67.3],[-127.1,-67.5],[-127.1,-67.6],[-127.7,-67.7],[-128.4,-68.1],[-129.4,-68.2],[-131.4,-68.4],[-133.7,-68.5],[-135.2,-68.4],[-136.9,-69.1],[-138.3,-69],[-138.8,-68.5],[-140,-67.8],[-140.3,-67.3],[-142.1,-66.2],[-142.3,-65.3],[-142.9,-66.8],[-143,-67.3],[-144.5,-67.1],[-145.6,-67.3],[-145.7,-67.7],[-146.4,-67.9],[-146.4,-68.4],[-147.4,-67.9],[-148,-67.9],[-146.9,-68.4],[-146.7,-69.1],[-147.1,-69.4]]]]}},{"type":"Feature","properties":{},"geometry":{"type":"MultiPolygon","coordinates":[[[[-145.6,-69.7],[-146.3,-69.4],[-145.5,-69.7],[-145.6,-69.7]]]]}},{"type":"Feature","properties":{},"geometry":{"type":"MultiPolygon","coordinates":[[[[-142.3,-68.7],[-143.1,-69.3],[-144.8,-69.5],[-145.7,-69.1],[-145.8,-68.8],[-145.9,-68.8],[-146.2,-68.6],[-145.8,-68.4],[-145.6,-68.2],[-145.9,-67.9],[-145,-67.2],[-143.6,-67.4],[-142.4,-67.4],[-142.4,-67.6],[-141.9,-67.7],[-141.3,-67.7],[-141.2,-68.1],[-142.3,-68.7]]]]}},{"type":"Feature","properties":{},"geometry":{"type":"MultiPolygon","coordinates":[[[[-141.7,-67.1],[-142.9,-66.1],[-142,-66.5],[-141.5,-66.9],[-141.7,-67.1]]]]}},{"type":"Feature","properties":{},"geometry":{"type":"MultiPolygon","coordinates":[[[[-147.9,-71.1],[-148.1,-71.1],[-156.4,-71.6],[-157.1,-71.4],[-157.3,-71.2],[-157.2,-71.7],[-160.6,-73.4],[-162,-73.7],[-162.2,-73.9],[-166.8,-73.9],[-169.2,-70.6],[-166,-63.7],[-166.8,-60.6],[-168.3,-55.7],[-169.8,-51.2],[-169.6,-44.9],[-166.9,-46.9],[-162.2,-46.2],[-162.8,-42.1],[-157.4,-43.7],[-155.5,-46.8],[-160.1,-48.5],[-164.3,-51.8],[-161.3,-53.5],[-161.9,-56.8],[-165.2,-60],[-163.6,-61.8],[-159.4,-63.8],[-156.8,-66],[-147.1,-69.4],[-145.6,-69.7],[-145.6,-69.9],[-145.8,-70.1],[-145.9,-70.3],[-145.9,-70.4],[-145.9,-70.5],[-146.4,-70.6],[-146.7,-70.6],[-147.2,-70.8],[-147.7,-70.9],[-147.7,-71.1],[-147.9,-71.1]]]]}},{"type":"Feature","properties":{},"geometry":{"type":"MultiPolygon","coordinates":[[[[170.5,-69.4],[170.6,-69],[172,-67.2],[172.7,-67.3],[172.4,-66.9],[170.7,-69.4],[170.5,-69.4]]]]}},{"type":"Feature","properties":{},"geometry":{"type":"MultiPolygon","coordinates":[[[[180,-48.2],[180,-55],[176.6,-56.9],[177,-60.8],[175.4,-64.7],[171.9,-66],[171.7,-65.8],[170.6,-64.6],[169.2,-62.6],[169.8,-62.1],[169.6,-60.1],[169.4,-59.8],[169.9,-59.1],[170.7,-57.1],[170.5,-56.7],[172.2,-56.6],[172.3,-56.3],[173.7,-55.8],[174.1,-55.8],[174.2,-55.5],[174.1,-55.5],[174.7,-55.1],[175,-54.8],[175.8,-54.2],[176.1,-54],[177.5,-52.4],[177.3,-52.2],[177.7,-52],[177.9,-51.7],[177.2,-51.2],[177,-51],[176.5,-50.5],[176.2,-50.2],[175.8,-49.7],[175.9,-49.2],[180,-48.2]]]]}},{"type":"Feature","properties":{},"geometry":{"type":"MultiPolygon","coordinates":[[[[-180,-56.7],[-180,-49.9],[-176.3,-47.1],[-170.8,-47.4],[-168.6,-55],[-170.2,-53.8],[-170.9,-52.3],[-171.8,-49.9],[-171.9,-48.2],[-172.9,-46.5],[-174.3,-48.2],[-174.9,-50.8],[-176.1,-53],[-178.3,-54.6],[-176.8,-55.8],[-172.8,-56],[-169.3,-56.3],[-167.7,-58],[-167.8,-59.8],[-168.7,-58.4],[-172.9,-56.7],[-177.9,-56.8],[-180,-56.7]]]]}},{"type":"Feature","properties":{},"geometry":{"type":"MultiPolygon","coordinates":[[[[180,-43.9],[178.4,-48.6],[175.6,-49.1],[176,-48.5],[175.9,-45.9],[176.5,-44.8],[176.3,-45.3],[176.2,-45.4],[176.3,-46.1],[176.3,-46.8],[176.7,-46.6],[177.1,-46.5],[176.8,-46.5],[176.9,-46.1],[176.8,-45.6],[177,-45.3],[176.9,-44.9],[176.8,-44.6],[176.6,-44.6],[176.4,-43.2],[176.5,-41.8],[177.2,-40.8],[178.4,-44],[180,-43.9]]]]}},{"type":"Feature","properties":{},"geometry":{"type":"MultiPolygon","coordinates":[[[[-180,-48.2],[-179.5,-43.9],[-178.8,-43.7],[-176.6,-43.7],[-176.1,-43],[-172.1,-41.8],[-174.2,-38.1],[-175.6,-35.9],[-172.3,-38.9],[-168.1,-44.4],[-172.9,-46],[-179.6,-48.1],[-180,-48.2]]]]}},{"type":"Feature","properties":{},"geometry":{"type":"MultiPolygon","coordinates":[[[[180,-39.9],[178.5,-41.7],[177.8,-40.8],[178.6,-40.3],[179.1,-40.2],[180,-39.9]]]]}},{"type":"Feature","properties":{},"geometry":{"type":"MultiPolygon","coordinates":[[[[180,-38.3],[178.8,-39.4],[177.9,-38.8],[177.6,-38.7],[180,-38.3]]]]}},{"type":"Feature","properties":{},"geometry":{"type":"MultiPolygon","coordinates":[[[[-180,-39.5],[-176,-36.9],[-171.8,-41.5],[-176.1,-42.8],[-180,-42.5],[-179.6,-40],[-178.4,-40.7],[-178.6,-40.1],[-178.8,-39.9],[-179.2,-39.8],[-179.2,-39.5],[-180,-39.5]]]]}},{"type":"Feature","properties":{},"geometry":{"type":"MultiPolygon","coordinates":[[[[-139.9,4.2],[-141.4,4.6],[-143.1,5.1],[-143.9,5.1],[-144.3,5],[-144.6,5.5],[-144.9,6.4],[-144,7],[-143.8,8.3],[-143.9,9.6],[-143.8,10.1],[-142.5,10.2],[-141.2,9.5],[-140.3,8.7],[-139.8,8.1],[-139.2,7.2],[-139,6.6],[-138.4,5.4],[-138.8,5],[-139.6,4.4],[-139.9,4.2]]]]}},{"type":"Feature","properties":{},"geometry":{"type":"MultiPolygon","coordinates":[[[[-138.2,-5.2],[-139.1,-2.9],[-139,-1.7],[-138.6,-0.6],[-137.7,-2.7],[-137.9,-3.6],[-138.2,-3.7],[-138.2,-5.2]]]]}},{"type":"Feature","properties":{},"geometry":{"type":"MultiPolygon","coordinates":[[[[-117.2,-2.5],[-116.7,-3.2],[-116.6,-3.3],[-116.6,-3.5],[-116.2,-3.7],[-116.3,-3.5],[-114.7,-3.8],[-113.9,-4.5],[-113.2,-4.9],[-113.2,-5.1],[-113.4,-4.9],[-113.5,-4.9],[-113.9,-4.7],[-114.1,-4.6],[-114.2,-4.4],[-114.2,-4.5],[-114.3,-4.7],[-114.4,-4.7],[-114.8,-4.4],[-114.6,-4.7],[-114.9,-4.8],[-115.2,-4.8],[-115.5,-4.9],[-116.2,-4.7],[-116.1,-4],[-116.5,-4.1],[-116.3,-4.6],[-116.6,-4.8],[-116.7,-5.1],[-117.5,-4.6],[-117.2,-4.2],[-117.3,-4.2],[-117.4,-3.9],[-117.3,-3.6],[-117.5,-3.3],[-117.5,-3.2],[-117.6,-3.1],[-117.6,-2.8],[-117.4,-2.7],[-117.2,-2.5]]]]}},{"type":"Feature","properties":{},"geometry":{"type":"MultiPolygon","coordinates":[[[[-117.9,-1.5],[-117.6,-2.3],[-117.8,-2.7],[-117.8,-2.1],[-118,-2.3],[-118.3,-2.2],[-118.1,-2.5],[-118.3,-2.7],[-118.4,-2.8],[-118.4,-3.1],[-118.6,-3.4],[-118.3,-3.7],[-118.1,-3.9],[-117.8,-4.5],[-118,-5],[-118.5,-5.1],[-118.7,-5.2],[-119.1,-4.9],[-119.1,-4.5],[-119.2,-4.4],[-119.2,-3.8],[-119.4,-3.6],[-119.4,-3.4],[-119.5,-3.1],[-119.2,-2.9],[-119.4,-2.5],[-119.4,-2.3],[-119.4,-2.2],[-119,-2],[-118.5,-2.1],[-117.8,-1.6],[-117.9,-1.5]]]]}},{"type":"Feature","properties":{},"geometry":{"type":"MultiPolygon","coordinates":[[[[-118.6,0],[-118.3,-0.7],[-118.6,-0.6],[-118.8,-0.6],[-119,-0.5],[-119.2,-0.2],[-119.2,0],[-118.8,0.1],[-118.6,0]]]]}},{"type":"Feature","properties":{},"geometry":{"type":"MultiPolygon","coordinates":[[[[-118.5,-1.4],[-119.5,-1.3],[-119.3,-1.1],[-119.2,-0.9],[-118.8,-1.1],[-118.6,-1.2],[-118.5,-1.4]]]]}},{"type":"Feature","properties":{},"geometry":{"type":"MultiPolygon","coordinates":[[[[-138.7,12.2],[-137.6,12.8],[-136.9,12.7],[-136,11.6],[-135.8,11.3],[-135,10],[-137.1,11.7],[-138.7,12.2]]]]}},{"type":"Feature","properties":{},"geometry":{"type":"MultiPolygon","coordinates":[[[[-146.9,3.5],[-150.5,3.8],[-152.7,4.3],[-154,5.6],[-154,7.6],[-154.2,10],[-154.5,11.4],[-154.9,13.9],[-153.4,14.9],[-152.3,12.7],[-151.5,11.5],[-150.7,9.4],[-150.2,9.6],[-149.7,10],[-148.9,9.8],[-147.8,8.9],[-147.3,8.8],[-146.8,7.6],[-145.5,5.6],[-144.5,4.6],[-144.7,4.4],[-145.7,3.9],[-146.9,3.5]]]]}},{"type":"Feature","properties":{},"geometry":{"type":"MultiPolygon","coordinates":[[[[-146.1,-16.8],[-146.1,-16.3],[-146.8,-16.1],[-147,-15.9],[-147.8,-15.5],[-148.4,-15.5],[-149.1,-15.4],[-149.4,-15.3],[-149.4,-15.2],[-149.7,-15.2],[-150.5,-13.6],[-150.4,-14.7],[-152.1,-14.6],[-153.4,-14.3],[-156.4,-12.9],[-159.9,-11.1],[-162.5,-9.7],[-163.5,-8.2],[-162.4,-6],[-160.9,-2.7],[-162.3,-1.6],[-165,-1.4],[-165.7,-0.8],[-164.5,0.4],[-164.2,1.5],[-164.1,2.4],[-164.4,3.4],[-164.6,3.8],[-164.6,4.2],[-164.8,4.1],[-165.4,4.2],[-165.8,4.7],[-166.3,4.9],[-165.3,5.3],[-163.8,6.3],[-163.3,7],[-162.3,4.7],[-162.4,3.7],[-160.7,2],[-160.3,0.2],[-159.9,-2.5],[-158.4,-4.9],[-156.3,-6.3],[-153.9,-9.3],[-151.3,-11.3],[-151,-12.1],[-149.1,-11.8],[-149.3,-12.3],[-149.5,-12.5],[-149.7,-13.1],[-149.3,-13.2],[-149.2,-13.2],[-148.7,-12.9],[-148.6,-12.6],[-148.1,-13],[-148.2,-13.2],[-147.8,-13.1],[-147.3,-13.4],[-147,-14],[-147,-14.2],[-146.8,-14.3],[-146.1,-14.6],[-145.8,-15.2],[-145.8,-15.4],[-146,-16],[-145.8,-16],[-145.6,-16.6],[-146.1,-16.8]]]]}},{"type":"Feature","properties":{},"geometry":{"type":"MultiPolygon","coordinates":[[[[-149.7,-9.3],[-151.1,-9.9],[-153.2,-9.7],[-155.4,-7.6],[-158.2,-5],[-159.4,-3.6],[-159.7,-0.8],[-158.4,0.4],[-156.6,-0.7],[-155.2,-1.7],[-154.5,-2.2],[-153.8,-3.2],[-152.5,-4.5],[-150.4,-7.5],[-150.1,-7.9],[-151.1,-7.8],[-152.8,-7.9],[-153,-8.8],[-151.7,-8.9],[-151.1,-8.7],[-150.1,-8.8],[-150,-9.1],[-149.8,-9.3],[-149.7,-9.3]]]]}},{"type":"Feature","properties":{},"geometry":{"type":"MultiPolygon","coordinates":[[[[-156.9,-0.5],[-160.7,2],[-162.4,3.7],[-162.3,4.7],[-163.3,7],[-162.8,7.6],[-162.5,9.3],[-161.9,10.2],[-160.9,10.9],[-160.4,10.3],[-159.8,8.6],[-159,6.9],[-159.5,6.2],[-158,2.2],[-156.7,0.1],[-156.5,-0.6],[-156.9,-0.5]]]]}},{"type":"Feature","properties":{},"geometry":{"type":"MultiPolygon","coordinates":[[[[-126.6,-11.8],[-127,-12.5],[-127.1,-12.3],[-127.2,-12.1],[-127.2,-12.3],[-127.5,-12.3],[-127.5,-12.5],[-127.4,-12.6],[-127.5,-12.7],[-128.1,-12.6],[-129.5,-10.9],[-129.5,-10.6],[-129.1,-10.5],[-129.3,-10.4],[-129.2,-10.4],[-129.4,-10.4],[-129.5,-10.2],[-129.3,-10.3],[-129.1,-10.1],[-129.2,-9.9],[-129.3,-10.1],[-129.6,-10],[-129.6,-9.6],[-129.8,-9.3],[-129.8,-9.2],[-129.9,-8.9],[-129.8,-8.7],[-129.6,-8.5],[-129,-8.7],[-128.7,-8.6],[-128.8,-9.4],[-128.5,-9.7],[-128.1,-10.1],[-127,-10.4],[-126.4,-10.2],[-126.6,-11.8]]]]}},{"type":"Feature","properties":{},"geometry":{"type":"MultiPolygon","coordinates":[[[[-126.3,-9],[-127,-8.4],[-126.3,-8.6],[-126.3,-9]]]]}},{"type":"Feature","properties":{},"geometry":{"type":"MultiPolygon","coordinates":[[[[-126.5,-14],[-126.8,-14.1],[-126.9,-14.1],[-127.1,-14.3],[-127.2,-14.3],[-127.4,-14.3],[-127.3,-14.2],[-127.3,-14],[-127.3,-13.9],[-127.3,-13.7],[-127.2,-13.6],[-127,-13.6],[-127.1,-13.3],[-126.9,-13.2],[-126.5,-14]]]]}},{"type":"Feature","properties":{},"geometry":{"type":"MultiPolygon","coordinates":[[[[-126.4,-14.3],[-126.6,-14.3],[-126.5,-14.2],[-126.4,-14.3]]]]}},{"type":"Feature","properties":{},"geometry":{"type":"MultiPolygon","coordinates":[[[[-129.9,-14.6],[-129.7,-14.5],[-129.7,-14.3],[-129.5,-14.2],[-127.6,-12.7],[-127.9,-12.8],[-127.9,-13],[-127.8,-13.1],[-127.9,-13.3],[-128.2,-13.3],[-128,-13.3],[-128.1,-13.4],[-127.8,-13.4],[-127.9,-13.5],[-128.1,-13.8],[-128,-13.8],[-128.3,-13.7],[-128.5,-14],[-128.5,-14.1],[-128.7,-14.2],[-128.9,-14.5],[-129.1,-14.5],[-128.7,-14],[-129.1,-14.3],[-129.2,-14.5],[-129.3,-14.5],[-129.5,-14.7],[-129.9,-14.6]]]]}},{"type":"Feature","properties":{},"geometry":{"type":"MultiPolygon","coordinates":[[[[-127.9,-13.7],[-127.9,-13.8],[-128.1,-13.7],[-127.9,-13.7]]]]}},{"type":"Feature","properties":{},"geometry":{"type":"MultiPolygon","coordinates":[[[[-56,-55.5],[-55.6,-55.9],[-55.4,-56.3],[-55.3,-56.3],[-55.1,-56.5],[-54.6,-56.4],[-54.8,-56.8],[-54.8,-57.1],[-55.3,-57.4],[-55,-57.6],[-54.8,-57.8],[-55.8,-58],[-56.7,-57.7],[-56.9,-56.9],[-56.7,-56.2],[-56.4,-55.6],[-55.9,-55.3],[-56,-55.5]]]]}},{"type":"Feature","properties":{},"geometry":{"type":"MultiPolygon","coordinates":[[[[-50.9,-56.2],[-51.5,-56.7],[-52.1,-56.5],[-50.9,-56.2]]]]}},{"type":"Feature","properties":{},"geometry":{"type":"MultiPolygon","coordinates":[[[[-53.1,-56.3],[-52.8,-56.3],[-52.3,-56.7],[-52.6,-57],[-52.2,-57.4],[-52.1,-57.7],[-52.8,-57.4],[-52.8,-57.3],[-53.7,-57.2],[-54.1,-57.1],[-53.7,-56.7],[-53.5,-56.7],[-53.4,-56.9],[-53,-56.9],[-53.4,-56.6],[-53.1,-56.3]]]]}},{"type":"Feature","properties":{},"geometry":{"type":"MultiPolygon","coordinates":[[[[-54,-57.4],[-54.3,-57.9],[-54.9,-57.6],[-54.7,-57.5],[-54.2,-57.4],[-54.1,-57.4],[-54,-57.4]]]]}},{"type":"Feature","properties":{},"geometry":{"type":"MultiPolygon","coordinates":[[[[-52.5,-57.9],[-53.2,-57.8],[-52.6,-57.7],[-52.5,-57.9]]]]}},{"type":"Feature","properties":{},"geometry":{"type":"MultiPolygon","coordinates":[[[[-50.8,-57.2],[-50.1,-57.4],[-50.4,-57.5],[-50.6,-57.6],[-50.7,-57.4],[-50.6,-57.3],[-50.9,-57.4],[-50.8,-57.2]]]]}},{"type":"Feature","properties":{},"geometry":{"type":"MultiPolygon","coordinates":[[[[150.9,-46.9],[153.4,-46.6],[154.8,-46.5],[159.4,-45.5],[162.9,-45.3],[166,-45.5],[168.5,-44.7],[170.3,-44.5],[169.6,-43.2],[168.4,-41.6],[168.4,-41],[171.4,-42.9],[172.2,-43.9],[171.5,-44.7],[168.6,-45.3],[166.5,-45.8],[164,-46.1],[159.9,-46.7],[155.2,-48.5],[152.6,-48.5],[150.9,-46.9]]]]}},{"type":"Feature","properties":{},"geometry":{"type":"MultiPolygon","coordinates":[[[[141.5,-45],[145.2,-44.3],[145.4,-43.8],[145.9,-44],[146.3,-44.7],[147.5,-45.3],[149.1,-46.5],[149.7,-46.7],[152.2,-48.3],[150.6,-48.3],[148.3,-47.6],[145,-47.4],[140.8,-46.5],[141.5,-45.4],[141.8,-44.9],[141.5,-45]]]]}},{"type":"Feature","properties":{},"geometry":{"type":"MultiPolygon","coordinates":[[[[69.6,-63.9],[72.5,-63.3],[73.5,-63.3],[75,-63.1],[81.2,-61.6],[82.1,-61.9],[84.4,-61],[85.2,-60.8],[87.6,-62.2],[84.6,-62.8],[81.2,-64.4],[69.2,-64.5],[69.6,-63.9]]]]}},{"type":"Feature","properties":{},"geometry":{"type":"MultiPolygon","coordinates":[[[[80.2,-59],[84.2,-57.9],[85.6,-57.7],[88,-59.1],[88.7,-59.8],[88.5,-59.7],[87.3,-59.7],[86.8,-59.8],[84.4,-60.6],[83.6,-60.8],[82,-60.3],[80.3,-60.8],[80.3,-59.4],[80.2,-59]]]]}},{"type":"Feature","properties":{},"geometry":{"type":"MultiPolygon","coordinates":[[[[52.5,-63],[52.4,-63.3],[51.2,-63.5],[52.5,-63]]]]}},{"type":"Feature","properties":{},"geometry":{"type":"MultiPolygon","coordinates":[[[[66.3,-63.8],[65.6,-63.7],[64.4,-63.6],[66.1,-63.8],[66.3,-63.8]]]]}},{"type":"Feature","properties":{},"geometry":{"type":"MultiPolygon","coordinates":[[[[65.3,-62.5],[65,-63.1],[64.9,-63],[65.2,-62.7],[65.3,-62.5]]]]}},{"type":"Feature","properties":{},"geometry":{"type":"MultiPolygon","coordinates":[[[[66.5,-63.8],[67.5,-63.8],[69.5,-63.9],[67.2,-66.6],[65.3,-69.8],[58.3,-73.7],[47.1,-75.3],[35.5,-78.4],[32.1,-82.3],[21.7,-78.4],[22,-76.3],[23.6,-76.3],[25.3,-76.4],[25.4,-76.4],[33.3,-75.8],[39.6,-75.4],[45.6,-75.3],[53.6,-73.8],[49.8,-72.7],[50,-71.3],[52.8,-70.2],[54.2,-70.2],[58.1,-69.2],[60.6,-67.6],[61.7,-67.2],[62.8,-65.4],[62.7,-65.1],[63,-65],[63,-64.6],[63.5,-64.2],[64.3,-63.9],[64.5,-63.8],[64.2,-63.7],[65.4,-63.7],[65.9,-63.8],[66.5,-63.8]]]]}},{"type":"Feature","properties":{},"geometry":{"type":"MultiPolygon","coordinates":[[[[56.8,-60.3],[57.8,-61.4],[57.7,-62],[56.6,-62.2],[56.8,-61.2],[56.8,-60.3]]]]}},{"type":"Feature","properties":{},"geometry":{"type":"MultiPolygon","coordinates":[[[[36.7,-67.9],[37.2,-68.2],[36.8,-68.2],[36.7,-67.9]]]]}},{"type":"Feature","properties":{},"geometry":{"type":"MultiPolygon","coordinates":[[[[85.2,-64.1],[87.6,-65],[87.5,-65.8],[89.2,-66.3],[91.3,-67.3],[85.6,-66.1],[72.6,-64.8],[75.9,-64.4],[85.2,-64.1]]]]}},{"type":"Feature","properties":{},"geometry":{"type":"MultiPolygon","coordinates":[[[[98.4,-54.6],[98.7,-54.1],[99.7,-53.3],[100.4,-52.5],[100.9,-52.7],[101.8,-53.1],[101.4,-52.6],[105,-52.9],[105.4,-53.3],[107.3,-54.2],[106,-54.7],[104.7,-54.9],[103.5,-55.3],[102.7,-55.7],[101,-55.8],[99.3,-56.1],[98.4,-54.6]]]]}},{"type":"Feature","properties":{},"geometry":{"type":"MultiPolygon","coordinates":[[[[98.4,-54.6],[97.4,-56.7],[96.8,-56.5],[97.2,-56.1],[97.3,-55.9],[98.4,-54.6]]]]}},{"type":"Feature","properties":{},"geometry":{"type":"MultiPolygon","coordinates":[[[[96.2,-56.5],[96.1,-56.4],[96.2,-56.7],[95.9,-56.7],[96.2,-56.5]]]]}},{"type":"Feature","properties":{},"geometry":{"type":"MultiPolygon","coordinates":[[[[-41.1,-84.2],[-67.8,-85.5],[-92.2,-85.7],[-118.5,-84],[-132.7,-83],[-123.8,-82.4],[-122.8,-80.3],[-122.6,-79.6],[-127.1,-77.8],[-122.5,-76],[-118,-77.3],[-109,-77.3],[-96.3,-75.2],[-102.1,-73.3],[-96,-72.7],[-89.4,-71.5],[-81.4,-74.1],[-72.1,-78.5],[-57.6,-80.5],[-50.1,-80.9],[-48.4,-79.6],[-61.4,-76.2],[-62.8,-73.8],[-54.5,-75.8],[-46.6,-77.5],[-33,-78.2],[-39.4,-83],[-41.1,-84.2]]]]}},{"type":"Feature","properties":{},"geometry":{"type":"MultiPolygon","coordinates":[[[[-140.4,-82.8],[-149.1,-82.4],[-161.6,-81.1],[-158.5,-78.6],[-160.8,-75.2],[-160.2,-75.3],[-159.8,-75.8],[-159.6,-76.1],[-158.8,-76.2],[-158.3,-76.5],[-158.1,-76.6],[-157.4,-77.3],[-157.6,-76.7],[-158.5,-76.5],[-158.5,-76.2],[-156.4,-76.4],[-156,-76.4],[-153.9,-76.5],[-153.5,-76.8],[-152.4,-76.8],[-151.5,-76.9],[-152.6,-76.7],[-151.2,-76.5],[-152.5,-76.4],[-154.1,-76.3],[-155.2,-76.2],[-156,-76.3],[-156.5,-76.3],[-157.5,-76.1],[-158.1,-76],[-158.5,-75.9],[-158.6,-75.9],[-159,-75.6],[-159.8,-75.4],[-159.4,-75.3],[-159.1,-75],[-158.1,-75],[-156.8,-75],[-160.1,-74.8],[-160,-73.9],[-155.1,-72.6],[-149.6,-72.3],[-144.5,-71.3],[-143.4,-70.7],[-140.6,-69.5],[-139.5,-70.7],[-132.2,-73.3],[-121.5,-71.9],[-115,-70.4],[-102.1,-73.3],[-96.3,-75.2],[-109,-77.3],[-118,-77.3],[-122.5,-76],[-127.1,-77.8],[-122.6,-79.6],[-122.8,-80.3],[-123.8,-82.4],[-140.4,-82.8]]]]}},{"type":"Feature","properties":{},"geometry":{"type":"MultiPolygon","coordinates":[[[[180,-35.2],[177.4,-39.4],[177,-38.2],[177.7,-36.1],[180,-35.2]]]]}},{"type":"Feature","properties":{},"geometry":{"type":"MultiPolygon","coordinates":[[[[-180,-38.7],[-178.3,-35.7],[-178.5,-38.2],[-180,-38.7]]]]}},{"type":"Feature","properties":{},"geometry":{"type":"MultiPolygon","coordinates":[[[[-123.2,-54.6],[-128.5,-56.1],[-133.3,-58.1],[-138.7,-57.6],[-147.2,-59.1],[-154.3,-61.2],[-158,-59.7],[-155.6,-58.4],[-151.1,-56.6],[-145.4,-54.1],[-146.6,-56.1],[-145.1,-55.9],[-143.8,-55.3],[-143.3,-53.7],[-133.3,-51.7],[-127.9,-51],[-125.4,-50.7],[-123.4,-51.5],[-121,-52.6],[-122.5,-54.4],[-123.2,-54.6]]]]}},{"type":"Feature","properties":{},"geometry":{"type":"MultiPolygon","coordinates":[[[[180,-71],[172.1,-73.6],[168.6,-74.2],[168,-73.9],[167.5,-73.5],[166.8,-73],[176.6,-71.3],[180,-71]]]]}},{"type":"Feature","properties":{},"geometry":{"type":"MultiPolygon","coordinates":[[[[-180,-72.5],[-174.2,-70.1],[-177.3,-72],[-180,-72.5]]]]}},{"type":"Feature","properties":{},"geometry":{"type":"MultiPolygon","coordinates":[[[[-158.5,13.6],[-160.2,14.6],[-158.9,15.9],[-158.3,16.3],[-158,15.3],[-158.3,13.8],[-158.5,13.6]]]]}},{"type":"Feature","properties":{},"geometry":{"type":"MultiPolygon","coordinates":[[[[-160.6,11.2],[-161.2,12.4],[-162.1,12.3],[-162.1,13.2],[-161,14],[-158.6,13.5],[-159.4,13],[-160.3,11.9],[-160.6,11.2]]]]}},{"type":"Feature","properties":{},"geometry":{"type":"MultiPolygon","coordinates":[[[[-139.3,8.5],[-139.5,9.9],[-136,10],[-134.1,8.7],[-133.3,6.9],[-133,6.1],[-133.3,6.2],[-134.6,7.6],[-136.4,8.5],[-139.1,8.5],[-139.3,8.5]]]]}},{"type":"Feature","properties":{},"geometry":{"type":"MultiPolygon","coordinates":[[[[-149.3,-8],[-150.3,-7.5],[-152.1,-5.2],[-153.5,-3.8],[-152.8,-3.8],[-151.7,-4.2],[-151.1,-4.1],[-149.5,-4.6],[-149.4,-5.2],[-149.1,-6.5],[-149.3,-7.7],[-149.3,-8]]]]}},{"type":"Feature","properties":{},"geometry":{"type":"MultiPolygon","coordinates":[[[[-155.8,-0.9],[-157.6,1.7],[-159,4.3],[-159.4,6.8],[-159.1,7.6],[-160.1,9.2],[-160.6,11.2],[-160.3,11.9],[-159.4,13],[-158.6,13.5],[-154.8,13.1],[-154.4,11.2],[-153.8,10.2],[-154,7],[-153.5,4.9],[-153.1,4.2],[-152.2,2.6],[-152.4,0.7],[-152.7,-0.1],[-152.9,-0.8],[-152,-2.3],[-152.1,-3.6],[-154.1,-1.9],[-154.8,-1.3],[-155.8,-0.9]]]]}},{"type":"Feature","properties":{},"geometry":{"type":"MultiPolygon","coordinates":[[[[-168.1,-44.4],[-162.8,-42.1],[-162.2,-46.2],[-166.9,-46.9],[-168.1,-44.4]]]]}},{"type":"Feature","properties":{},"geometry":{"type":"MultiPolygon","coordinates":[[[[-168.1,-44.4],[-172.3,-38.9],[-174.2,-35.4],[-170.1,-38.8],[-164.5,-42.9],[-168.1,-44.4]]]]}},{"type":"Feature","properties":{},"geometry":{"type":"MultiPolygon","coordinates":[[[[-125.5,-12.9],[-126,-11.9],[-126,-9.9],[-125.8,-9.7],[-125.5,-9.2],[-125.5,-9.1],[-125.3,-8.8],[-125.2,-8.7],[-125.2,-8.5],[-125.1,-8.3],[-124.8,-8.1],[-124.5,-8.1],[-124.6,-7.8],[-124.4,-7.7],[-124.5,-7.6],[-124.1,-7.2],[-123.9,-7.1],[-123.8,-7],[-123.8,-6.9],[-124.1,-6.8],[-124.6,-6.9],[-124.5,-6.7],[-124.6,-6.2],[-124.7,-6.1],[-124.7,-5.9],[-124.6,-5.1],[-124.6,-4.9],[-124.2,-4.6],[-124.4,-4.4],[-124.5,-4.4],[-124.5,-3.9],[-123.9,-3.5],[-123.8,-4.2],[-123.5,-4.8],[-123.6,-4.9],[-123.3,-5],[-123,-4.8],[-122.7,-4.5],[-122.6,-5],[-122.5,-5],[-122.2,-4.9],[-121.7,-4.7],[-121.6,-4.6],[-121.5,-4.7],[-121.3,-4.8],[-121.2,-5.1],[-120.9,-5.3],[-121.4,-6],[-122,-6.1],[-122.4,-6.1],[-122.4,-6.3],[-122.3,-6.5],[-122.3,-6.4],[-122.1,-6.7],[-122.2,-6.7],[-122.5,-6.9],[-122.2,-6.7],[-122.1,-7.1],[-122,-6.7],[-121.6,-7.2],[-121.7,-7.7],[-122.1,-7.6],[-122.2,-7.7],[-122.5,-7.9],[-122.7,-8],[-122.9,-8.1],[-122.3,-8.2],[-122.3,-8.4],[-122.6,-8.3],[-122.6,-8.5],[-122.6,-8.6],[-122.2,-8.7],[-122.7,-9],[-123.2,-9],[-122.7,-9.3],[-122.9,-9.6],[-123.4,-9.3],[-123.2,-9.5],[-122.8,-9.8],[-123.1,-9.8],[-122.7,-10],[-123.1,-10.3],[-123.5,-10.1],[-123.4,-10.1],[-123.7,-10.2],[-123.5,-10.4],[-123.2,-10.5],[-123.5,-11.1],[-123.9,-10.4],[-123.8,-10.9],[-124,-11.1],[-124.1,-10.6],[-124.3,-10.7],[-124.1,-10.9],[-124.3,-11.1],[-124.5,-10.9],[-124.6,-10.6],[-124.7,-11],[-124.8,-11.3],[-124.7,-11.4],[-124.6,-11.6],[-124.9,-11.4],[-124.8,-11.5],[-124.8,-11.6],[-125.1,-11.9],[-124.9,-12],[-125.2,-12.1],[-125,-12.1],[-124.8,-12.3],[-124.9,-12.4],[-124.8,-12.5],[-124.9,-12.6],[-124.9,-12.7],[-125,-12.9],[-125.2,-13.1],[-125.5,-12.9]]]]}},{"type":"Feature","properties":{},"geometry":{"type":"MultiPolygon","coordinates":[[[[-121.4,-4.5],[-122.8,-4.4],[-123.4,-4.9],[-123.5,-4.8],[-123.8,-4.3],[-123.5,-3.4],[-122.7,-3.3],[-122.2,-3.4],[-122,-3.5],[-121.5,-3.7],[-120.9,-4.6],[-121.4,-4.5]]]]}},{"type":"Feature","properties":{},"geometry":{"type":"MultiPolygon","coordinates":[[[[-120.8,-6.1],[-121,-7],[-121.3,-7.3],[-121.7,-6.4],[-121.3,-6.1],[-121,-5.9],[-120.8,-6.1]]]]}},{"type":"Feature","properties":{},"geometry":{"type":"MultiPolygon","coordinates":[[[[-126.3,-9],[-126.3,-8.6],[-125.8,-8.8],[-126.3,-9]]]]}},{"type":"Feature","properties":{},"geometry":{"type":"MultiPolygon","coordinates":[[[[-125.8,-9.1],[-125.9,-9.5],[-125.9,-9],[-125.8,-9.1]]]]}},{"type":"Feature","properties":{},"geometry":{"type":"MultiPolygon","coordinates":[[[[-125.5,-7.4],[-125.4,-7.2],[-125,-7.5],[-125.5,-7.4]]]]}},{"type":"Feature","properties":{},"geometry":{"type":"MultiPolygon","coordinates":[[[[-124.6,-7],[-124.9,-6.8],[-124.8,-6.8],[-124.7,-6.6],[-124.6,-7]]]]}},{"type":"Feature","properties":{},"geometry":{"type":"MultiPolygon","coordinates":[[[[-32,-77.6],[-51.4,-77.1],[-57.9,-75.1],[-52.3,-74.1],[-35.9,-75.4],[-32,-77.6]]]]}},{"type":"Feature","properties":{},"geometry":{"type":"MultiPolygon","coordinates":[[[[-125.4,-6.5],[-126,-5.3],[-125.9,-5.5],[-125.8,-5.2],[-125.7,-5.1],[-125.4,-5.1],[-125.2,-5],[-125.2,-5.7],[-125.2,-6],[-125.3,-6.2],[-125.4,-6.4],[-125.4,-6.5]]]]}},{"type":"Feature","properties":{},"geometry":{"type":"MultiPolygon","coordinates":[[[[-129.6,-14.2],[-129.6,-14.1],[-129.7,-14.1],[-129.5,-13.7],[-129.6,-13.7],[-129.6,-13.5],[-129.3,-13.2],[-129.4,-13],[-129.4,-12.9],[-129.6,-14.2]]]]}},{"type":"Feature","properties":{},"geometry":{"type":"MultiPolygon","coordinates":[[[[-130.7,-14.4],[-130.2,-14.1],[-130.4,-14.2],[-130.4,-14.4],[-130.6,-14.5],[-130.7,-14.4]]]]}},{"type":"Feature","properties":{},"geometry":{"type":"MultiPolygon","coordinates":[[[[127.7,-48.9],[128,-48.8],[128.2,-48.8],[129,-49.4],[128.2,-50.7],[124.2,-54.6],[120.7,-55.1],[120,-55.6],[115.4,-55.7],[114.8,-54.3],[114.4,-53.5],[113.3,-54.1],[112.5,-54.3],[111.7,-54.7],[112.8,-55.3],[113.9,-55.4],[110.7,-56.2],[107.9,-55],[106.1,-54.2],[105.5,-53.8],[110.1,-53.2],[118.7,-51.4],[127.7,-48.9]]]]}},{"type":"Feature","properties":{},"geometry":{"type":"MultiPolygon","coordinates":[[[[110.4,-55.4],[113.6,-55.3],[115.2,-56],[115.6,-57.4],[110.7,-56.6],[107.8,-57],[106.3,-58.5],[106,-59.4],[102,-59.6],[110.4,-55.4]]]]}},{"type":"Feature","properties":{},"geometry":{"type":"MultiPolygon","coordinates":[[[[86,-54.5],[89.6,-53.7],[91.7,-52.8],[94.8,-53.4],[96.9,-53.2],[98.8,-53],[96.3,-53.8],[95.9,-54.1],[95.7,-54],[93.3,-54.4],[93,-54.8],[90.4,-56.2],[89.7,-56.4],[88.7,-56.7],[87.9,-57.4],[86.4,-57.2],[84.4,-55.3],[86,-54.5]]]]}},{"type":"Feature","properties":{},"geometry":{"type":"MultiPolygon","coordinates":[[[[93.4,-55.3],[93.8,-54.8],[93.7,-55],[93.4,-55.3]]]]}},{"type":"Feature","properties":{},"geometry":{"type":"MultiPolygon","coordinates":[[[[136.8,-56.5],[137.3,-56.1],[138.3,-55.9],[136.8,-56.5]]]]}},{"type":"Feature","properties":{},"geometry":{"type":"MultiPolygon","coordinates":[[[[136.5,-49.6],[138.2,-51.2],[138.6,-54.2],[137.8,-55],[136.9,-55.5],[135.1,-55.7],[132.7,-55.7],[132.8,-55.5],[137,-54.5],[137.9,-52.3],[137.7,-50.3],[136.6,-49.6],[136.5,-49.6]]]]}},{"type":"Feature","properties":{},"geometry":{"type":"MultiPolygon","coordinates":[[[[84.1,-55],[83.8,-55.8],[84.7,-57.1],[88.3,-56],[90.6,-55.7],[88.9,-56.5],[85.2,-57.5],[83.2,-57.8],[81.3,-57.7],[81,-56.3],[81.8,-55.7],[83.1,-55.2],[84.1,-55]]]]}},{"type":"Feature","properties":{},"geometry":{"type":"MultiPolygon","coordinates":[[[[100,-48.4],[105.9,-47.3],[109.3,-46.2],[117.2,-48.3],[121,-48.8],[122.4,-48.8],[122.6,-48.9],[122.9,-49.1],[123.1,-49],[123.3,-49],[123.8,-49.1],[124.6,-49.1],[125.3,-49.1],[126.4,-48.9],[127.3,-48.8],[127.7,-48.9],[121.1,-50.8],[111.9,-53.1],[105.3,-53.5],[103.8,-52.5],[103,-51.8],[101.5,-50.5],[100.3,-48.8],[100,-48.4]]]]}},{"type":"Feature","properties":{},"geometry":{"type":"MultiPolygon","coordinates":[[[[103.9,-51.9],[104.9,-52.9],[105.5,-53.8],[103.6,-52.3],[103.9,-51.9]]]]}},{"type":"Feature","properties":{},"geometry":{"type":"MultiPolygon","coordinates":[[[[-126.4,-14.3],[-126.8,-13.3],[-126.6,-13.4],[-126.5,-13.3],[-126.3,-13],[-126.7,-12.7],[-126.5,-12.5],[-126.4,-12.4],[-126.5,-12.1],[-126.6,-12.2],[-126.6,-12.1],[-126.6,-11.8],[-125.5,-12.9],[-125.4,-13],[-125.2,-13.3],[-125.1,-13.4],[-125.7,-13.4],[-125.5,-13.5],[-125.4,-13.7],[-125.3,-13.9],[-125.2,-14],[-125.3,-14.1],[-125.4,-14.1],[-125.7,-14.2],[-125.8,-14.2],[-125.8,-14],[-126,-14],[-126.2,-14.1],[-126.3,-14.3],[-126.4,-14.3]]]]}},{"type":"Feature","properties":{},"geometry":{"type":"MultiPolygon","coordinates":[[[[143.4,-3.1],[143.5,-3.2],[143.6,-3.2],[143.7,-3.3],[143.8,-3.3],[143.7,-3.4],[143.8,-3.4],[143.9,-3.4],[144,-3.5],[143.9,-3.5],[143.8,-3.5],[143.7,-3.5],[143.6,-3.5],[143.9,-3.6],[144.1,-3.8],[144,-3.9],[143.9,-3.8],[143.9,-3.9],[144,-3.9],[144,-4],[144.1,-4],[144.1,-4.1],[144.2,-4.2],[144.1,-4.3],[144,-4.3],[143.9,-4.5],[143.8,-4.5],[143.8,-4.6],[143.8,-4.7],[143.7,-4.6],[143.6,-4.6],[143.7,-4.5],[143.7,-4.4],[143.7,-4.5],[143.6,-4.5],[143.6,-4.6],[143.5,-4.5],[143.5,-4.6],[143.5,-4.7],[143.4,-4.6],[143.2,-4.6],[143.1,-4.6],[143,-4.6],[143,-4.5],[142.9,-4.5],[142.8,-4.5],[142.8,-4.4],[142.7,-4.4],[142.7,-4.3],[142.6,-4.3],[142.5,-4.2],[142.4,-4.1],[142.3,-4.1],[142.3,-4],[142.2,-4],[142.2,-3.9],[142.1,-3.9],[142.1,-3.8],[142.1,-3.7],[142,-3.7],[142,-3.6],[142,-3.5],[142.1,-3.5],[142.1,-3.4],[142.2,-3.3],[142.3,-3.3],[142.4,-3.2],[142.5,-3.2],[142.6,-3.2],[142.7,-3.1],[142.8,-3.1],[143,-3.1],[143.3,-3.1],[143.4,-3.1]]]]}},{"type":"Feature","properties":{},"geometry":{"type":"MultiPolygon","coordinates":[[[[142.2,-2.8],[142.3,-2.8],[142.4,-2.8],[142.5,-2.8],[142.6,-2.9],[142.7,-2.9],[142.8,-2.9],[142.9,-2.9],[143,-3],[143.1,-3],[143.2,-3],[143.3,-3.1],[143.4,-3.1],[143.3,-3.1],[143,-3.1],[142.8,-3.1],[142.7,-3.1],[142.6,-3.2],[142.5,-3.2],[142.4,-3.2],[142.3,-3.3],[142.2,-3.3],[142.1,-3.4],[142.1,-3.5],[142,-3.5],[142,-3.6],[142,-3.7],[142.1,-3.7],[142.1,-3.8],[142.1,-3.9],[142.2,-3.9],[142.2,-4],[142.3,-4],[142.3,-4.1],[142.4,-4.1],[142.5,-4.2],[142.6,-4.3],[142.7,-4.3],[142.7,-4.4],[142.8,-4.4],[142.8,-4.5],[142.9,-4.5],[143,-4.5],[143,-4.6],[143.1,-4.6],[143,-4.6],[142.9,-4.6],[142.8,-4.6],[142.7,-4.6],[142.5,-4.5],[142.4,-4.5],[142.4,-4.4],[142.5,-4.4],[142.7,-4.4],[142.6,-4.3],[142.5,-4.3],[142.4,-4.3],[142.4,-4.4],[142.2,-4.3],[142,-4.3],[142,-4.2],[142,-4.1],[141.9,-4.1],[141.9,-4],[141.8,-4],[141.8,-3.9],[141.8,-3.8],[141.8,-3.7],[141.8,-3.6],[141.8,-3.5],[141.8,-3.4],[141.8,-3.3],[142,-3.1],[142,-3],[142.1,-3],[142.1,-2.9],[142,-2.9],[142.2,-2.8]]]]}},{"type":"Feature","properties":{},"geometry":{"type":"MultiPolygon","coordinates":[[[[114.8,-44.4],[115.9,-44.9],[115.4,-45.3],[114.1,-46.3],[112.5,-45.5],[113.3,-45.1],[114.8,-44.4]]]]}},{"type":"Feature","properties":{},"geometry":{"type":"MultiPolygon","coordinates":[[[[116,-45],[118.4,-44.9],[119.6,-44.1],[120.7,-43.5],[123.3,-43.7],[124,-43],[125.6,-42.7],[127,-42.3],[126.6,-43.9],[124.9,-44.9],[124.4,-45.8],[121.8,-47.3],[119.3,-46.4],[116.7,-46.2],[114.9,-45.7],[116,-45]]]]}},{"type":"Feature","properties":{},"geometry":{"type":"MultiPolygon","coordinates":[[[[140.9,-3.9],[141,-3.8],[141.1,-3.7],[141.2,-3.7],[141.2,-3.6],[141.3,-3.5],[141.4,-3.5],[141.5,-3.4],[141.8,-3.3],[141.8,-3.4],[141.8,-3.5],[141.8,-3.6],[141.8,-3.7],[141.8,-3.8],[141.8,-3.9],[141.8,-4],[141.9,-4],[141.9,-4.1],[142,-4.1],[142,-4.2],[142,-4.3],[141.8,-4.3],[141.6,-4.3],[141.5,-4.3],[141.4,-4.2],[141.2,-4.2],[141.2,-4.1],[141.1,-4.1],[141,-4],[140.9,-3.9]]]]}},{"type":"Feature","properties":{},"geometry":{"type":"MultiPolygon","coordinates":[[[[120.2,-34.7],[120.2,-35.4],[120.7,-36.2],[120.4,-36.3],[121.8,-37.2],[122.8,-37.4],[122,-37.8],[119.7,-36.4],[120.2,-34.7]]]]}},{"type":"Feature","properties":{},"geometry":{"type":"MultiPolygon","coordinates":[[[[115.6,-27.9],[116.5,-28.5],[117,-29.1],[115.6,-30.7],[115.6,-27.9]]]]}},{"type":"Feature","properties":{},"geometry":{"type":"MultiPolygon","coordinates":[[[[115.6,-30.7],[117.4,-32.3],[117.8,-32.8],[119,-35.1],[114.9,-36.1],[114.1,-35.3],[114.2,-32.6],[115.6,-30.7]]]]}},{"type":"Feature","properties":{},"geometry":{"type":"MultiPolygon","coordinates":[[[[114.1,-36.3],[117,-35.5],[119.7,-36.4],[122,-37.8],[124.7,-39.2],[124.3,-41.1],[123,-42.6],[120.7,-42.5],[119.7,-42.6],[118.9,-42.6],[118,-42.7],[117.9,-42.7],[117.3,-42.7],[116.6,-42.6],[116.4,-42.7],[116.2,-42.7],[115.8,-42.5],[115.4,-42.4],[115,-42.4],[114.4,-42.3],[114.2,-42.2],[113.6,-42.2],[113.3,-42.1],[113.2,-41.9],[113.2,-42.2],[112.8,-42.1],[112.4,-42],[111.8,-41.8],[111,-41.3],[110.7,-41.2],[110.6,-41.2],[110.4,-41.2],[110.9,-40.8],[113.4,-38.5],[114.1,-36.3]]]]}},{"type":"Feature","properties":{},"geometry":{"type":"MultiPolygon","coordinates":[[[[83.5,-9.5],[83.7,-9.1],[84.7,-9.6],[85,-10],[84.8,-9.9],[84.9,-9.6],[84.5,-9.1],[88.1,-10.8],[91.5,-13.8],[97.9,-14.8],[97.7,-14.9],[97.9,-14.9],[98.2,-14.9],[98.2,-15],[98.3,-15.2],[98.5,-15.3],[98.8,-15.4],[99.6,-16.5],[99.1,-18.8],[94.8,-18.4],[90.9,-16.7],[88.2,-13.1],[84.2,-10.6],[83.5,-9.5]]]]}},{"type":"Feature","properties":{},"geometry":{"type":"MultiPolygon","coordinates":[[[[86.5,-15.9],[86.2,-12.9],[87.6,-15.1],[88.3,-18.1],[88.7,-20.5],[91.2,-22.8],[94,-22.3],[96.1,-21.4],[99.1,-18.8],[99.1,-20.9],[96.8,-23.2],[92.5,-24.3],[91.9,-23.6],[88.6,-22.3],[86.8,-18],[86.5,-15.9]]]]}},{"type":"Feature","properties":{},"geometry":{"type":"MultiPolygon","coordinates":[[[[79.9,3.9],[77.3,5.1],[77.5,5.8],[78.7,7.2],[80,8.3],[83,8.9],[83.4,8.7],[83.5,8.3],[83.4,8.1],[83.3,8.1],[83.3,8.3],[83.1,8.3],[82.8,8.4],[82.5,8.3],[82.1,8.5],[82,8.2],[81.8,8.3],[81.5,8.3],[81.3,8.2],[81.1,8],[80.8,8],[80.1,7.8],[80.2,7.2],[80.5,6.7],[80.4,6.2],[80.2,5.2],[80.3,4.3],[80.1,4.2],[79.8,4.5],[79.6,4.7],[79.5,4.7],[79.9,3.9]]]]}},{"type":"Feature","properties":{},"geometry":{"type":"MultiPolygon","coordinates":[[[[89.3,8.8],[88.6,8.7],[88.1,8.4],[87.9,8.3],[87.1,8],[85.8,8.4],[86.1,8.6],[86.4,8.6],[86.6,9.2],[86.9,9.3],[86.7,9.4],[86.2,9.6],[86.2,10.1],[85.8,10.2],[85.6,10.2],[85.3,10.3],[84.7,10.4],[84.3,10.2],[84,10.1],[84.3,10.5],[85.5,10.5],[86.8,10.2],[88,10.4],[89.2,10.1],[89.3,8.8]]]]}},{"type":"Feature","properties":{},"geometry":{"type":"MultiPolygon","coordinates":[[[[87.4,4],[87,4.3],[86.9,4.2],[86.7,4.1],[86.6,4.4],[86.3,4.4],[86.1,4.4],[85.9,4.1],[85.7,4.3],[85.9,4.3],[85.5,4.2],[85.3,4.3],[85.2,4.5],[85.1,4.6],[85.3,4.6],[85.4,4.8],[85.2,4.9],[85.3,5.1],[85.5,5.2],[85.6,5.3],[85.6,5.4],[86,5.5],[86.2,5.7],[86,5.9],[86.2,6.3],[86,6.5],[86,6.6],[86.1,6.7],[86.1,6.6],[86.2,6.5],[86.3,6.6],[86.5,6.5],[86.6,6.4],[86.5,6.6],[86.7,6.8],[86.8,7.3],[86.9,7.3],[86.7,7.4],[86.3,7.8],[86.2,7.8],[86,7.7],[85.9,7.7],[85.9,7.9],[85.8,7.8],[85.7,8],[85.9,8],[85.7,8.3],[85.8,8.4],[88.2,8],[88.3,6.9],[88,4.8],[87.8,4.2],[87.4,4]]]]}},{"type":"Feature","properties":{},"geometry":{"type":"MultiPolygon","coordinates":[[[[68.5,8.3],[69.8,6.8],[71.4,4],[72.1,3.4],[72.9,2.4],[72.3,1.9],[70.6,4.4],[69,7.5],[67.3,9.1],[66.5,9.7],[66,10.2],[67.9,8.7],[68.5,8.3]]]]}},{"type":"Feature","properties":{},"geometry":{"type":"MultiPolygon","coordinates":[[[[86.2,-12.9],[85.1,-12.2],[86.3,-11.6],[89.6,-15.1],[93.2,-17.8],[98.1,-18.1],[97,-20.2],[95.2,-22.2],[92.8,-22.7],[89.5,-22],[88.9,-19.3],[87.6,-16.8],[87.6,-13.2],[86.2,-12.9]]]]}},{"type":"Feature","properties":{},"geometry":{"type":"MultiPolygon","coordinates":[[[[87.4,4],[87.3,4],[87,4.2],[87.4,4]]]]}},{"type":"Feature","properties":{},"geometry":{"type":"MultiPolygon","coordinates":[[[[86.1,4.3],[86.3,4.3],[86,4.2],[86.1,4.3]]]]}},{"type":"Feature","properties":{},"geometry":{"type":"MultiPolygon","coordinates":[[[[84.7,3.3],[84.5,3.6],[84.9,3.2],[84.7,3.3]]]]}},{"type":"Feature","properties":{},"geometry":{"type":"MultiPolygon","coordinates":[[[[87,4.1],[86.8,3.8],[86.9,4],[87,4.1]]]]}},{"type":"Feature","properties":{},"geometry":{"type":"MultiPolygon","coordinates":[[[[86.4,4.3],[86.4,4.2],[86.3,4.1],[86.4,4.3]]]]}},{"type":"Feature","properties":{},"geometry":{"type":"MultiPolygon","coordinates":[[[[76.1,-21.1],[76.4,-22.2],[76.4,-23.3],[76.1,-24.3],[75.8,-25.4],[75.3,-26.2],[74.6,-27.1],[73.9,-28],[73.4,-28.6],[72.5,-29.4],[71.5,-30.2],[70.3,-31.4],[69.4,-32.7],[68.5,-34],[67.5,-35.5],[66.4,-37.2],[65.2,-38.5],[64.1,-39.2],[62.5,-39.6],[61.1,-40.3],[62.7,-38.5],[64.7,-37.2],[65.2,-35.1],[65.6,-33.3],[66.9,-31.5],[69.3,-29.8],[71,-28.4],[72.2,-26.5],[72.7,-24.9],[73.9,-23.3],[75.8,-21.4],[76.1,-21.1]]]]}},{"type":"Feature","properties":{},"geometry":{"type":"MultiPolygon","coordinates":[[[[92.1,11],[92.1,10],[91.9,10.2],[91.7,10.2],[91.7,10.1],[91.4,10.1],[91.4,10.3],[90.8,10.8],[90,11.4],[88.9,11.8],[87.3,12.4],[85.8,13.1],[84.7,13.5],[82.1,15.3],[79.5,16.6],[78.5,16.9],[77.6,17.7],[75.7,18.3],[75.9,19.5],[80,17.2],[84.7,15.4],[90.2,12.1],[92.1,11]]]]}},{"type":"Feature","properties":{},"geometry":{"type":"MultiPolygon","coordinates":[[[[-86.3,-6.2],[-86.4,-3.1],[-87.3,-0.2],[-87.8,0.6],[-88.4,0.9],[-88.1,1],[-88.3,1.2],[-87.8,1.3],[-87.7,1.6],[-87,1.9],[-87,2.1],[-86.5,2.1],[-86.4,1.9],[-85.1,0.2],[-84.9,-1.1],[-84.9,-1.3],[-84.8,-3.6],[-86.3,-6.3],[-86.3,-6.2]]]]}},{"type":"Feature","properties":{},"geometry":{"type":"MultiPolygon","coordinates":[[[[-89.6,0.9],[-89.3,1],[-89,1],[-88.6,1.1],[-88.1,1],[-87.8,0.6],[-86.9,-1.3],[-86.4,-5.1],[-87.6,-5.8],[-89.4,-4.4],[-89.3,-3.6],[-89.4,-2.8],[-89.6,-2.8],[-89.6,-2],[-89.2,-1.6],[-89.2,-1.1],[-89.1,-0.7],[-89.2,0],[-89.6,0.8],[-89.6,0.9]]]]}},{"type":"Feature","properties":{},"geometry":{"type":"MultiPolygon","coordinates":[[[[-89.6,0.9],[-89.8,1.5],[-88.7,2.3],[-87.6,2.5],[-86.4,2.4],[-86.1,2],[-86.5,2],[-86.7,2.2],[-86.9,1.9],[-87.1,1.9],[-87.7,1.6],[-88.1,1.2],[-88.1,1.1],[-88.1,1],[-88.7,1.2],[-89.1,1],[-89.4,0.9],[-89.6,0.9]]]]}},{"type":"Feature","properties":{},"geometry":{"type":"MultiPolygon","coordinates":[[[[-79.1,-5.1],[-78.3,-4.6],[-76.4,-4],[-75.7,-3.7],[-74.5,-2.7],[-73.4,-1.5],[-73,-1.2],[-73.2,-2.2],[-74.3,-4.9],[-76.2,-8.3],[-76.9,-11.2],[-78,-13.8],[-79.7,-17],[-81,-17.4],[-80.8,-16],[-80.5,-15.1],[-80.3,-14.1],[-79.4,-10.5],[-79.5,-6.3],[-79.1,-5.1]]]]}},{"type":"Feature","properties":{},"geometry":{"type":"MultiPolygon","coordinates":[[[[-84.8,-10.9],[-83.7,-12.2],[-83.5,-14],[-84.4,-15.9],[-85.1,-15.8],[-86.6,-14.8],[-86.8,-13.6],[-85.4,-12.3],[-84.8,-10.9]]]]}},{"type":"Feature","properties":{},"geometry":{"type":"MultiPolygon","coordinates":[[[[-88.1,-6.4],[-89.9,-5.7],[-90.2,-5.7],[-90.6,-5.5],[-90.6,-4.7],[-90.6,-4.5],[-90.2,-2.9],[-90,-2],[-89.9,-1.2],[-90.2,-1.1],[-90.2,0.6],[-89.6,0.9],[-89.5,0.6],[-89.1,-0.6],[-89.1,-1],[-89.1,-1.6],[-89.5,-1.8],[-89.5,-2.5],[-89.5,-2.9],[-89.3,-3.4],[-89.3,-4],[-88.4,-5.4],[-86.3,-6.3],[-85.8,-6.8],[-84.7,-7.5],[-86.3,-6.7],[-88.1,-6.4]]]]}},{"type":"Feature","properties":{},"geometry":{"type":"MultiPolygon","coordinates":[[[[-112.3,-10.1],[-112.3,-10.4],[-112.2,-10.7],[-112.9,-10.4],[-113.1,-10.4],[-112.9,-10.5],[-112,-10.8],[-112.1,-11.2],[-112.2,-11.7],[-113.3,-11.2],[-113.5,-11.5],[-113,-11.6],[-113.1,-12.2],[-112.2,-12],[-112.5,-12.7],[-112.1,-12.7],[-111.6,-12.7],[-111.5,-12.4],[-110.9,-12.8],[-111.4,-13.5],[-111.9,-13.4],[-112.5,-13.5],[-111.9,-13.6],[-112.4,-13.8],[-112.7,-14.1],[-112.6,-14],[-112.4,-14.4],[-112.8,-14.7],[-113.2,-15],[-113.3,-15.2],[-113.6,-15.6],[-113.8,-16.1],[-113.3,-16.3],[-113.6,-16],[-113.7,-16.3],[-113.6,-16.4],[-113.3,-16.6],[-114.1,-16.7],[-114,-16.9],[-114.4,-16.8],[-114.4,-17.1],[-114.5,-17],[-114.4,-17.3],[-114.2,-17.5],[-114.3,-17.7],[-114.2,-17.8],[-114.5,-18.6],[-114.8,-17.8],[-114.7,-18.4],[-115.2,-18.2],[-114.9,-18.8],[-114.6,-19],[-115,-19.3],[-115.3,-19],[-115.6,-19.1],[-115.7,-19.7],[-115.2,-19.6],[-115.7,-19.9],[-116.1,-19.4],[-116.2,-19.2],[-116.6,-18.9],[-116.8,-19.5],[-117.2,-19.1],[-117.4,-19.3],[-117.4,-19.4],[-117,-19.9],[-117.6,-19.6],[-117.4,-19.9],[-117,-20],[-117.6,-20.2],[-117.1,-20.4],[-116.7,-21.1],[-116.7,-21.3],[-116.8,-21.6],[-116.8,-21.8],[-116.8,-22],[-117,-22],[-117,-22.3],[-117,-22.4],[-117.2,-22.5],[-117.7,-22.3],[-117.6,-21.3],[-118,-20.8],[-118.3,-20.2],[-118.2,-20.6],[-118.2,-20.7],[-117.9,-21.3],[-118.5,-21.3],[-118.9,-21],[-119.5,-21.3],[-118.7,-21.8],[-119.3,-21.9],[-119.4,-21.8],[-118.9,-21.9],[-118.3,-22.1],[-117.4,-22.8],[-117.8,-22.8],[-117.9,-23],[-118.2,-22.9],[-118.4,-23],[-118.7,-23],[-118.9,-23.1],[-119.1,-23.1],[-119.2,-23.2],[-119.5,-23.3],[-119.9,-23.3],[-120.2,-23.2],[-120.4,-23.1],[-120.7,-23],[-121,-22.8],[-121.3,-23],[-121.5,-22.9],[-121.6,-22.7],[-121.7,-22.5],[-121.8,-22.1],[-121.9,-22.7],[-122.2,-22.7],[-122.6,-22.8],[-123,-22.9],[-123.2,-23],[-123.4,-23.1],[-123.6,-23.3],[-124,-23.4],[-124.1,-23.2],[-124.2,-23.2],[-124.3,-23.2],[-124.4,-23.3],[-124.7,-23.3],[-124.7,-23.2],[-125,-23.1],[-125.1,-23],[-125.1,-22.8],[-124.9,-22.6],[-125.1,-22.7],[-125.3,-22.8],[-125.4,-22.7],[-125.6,-22.9],[-125.6,-22.8],[-125.8,-22.8],[-125.9,-22.7],[-125.9,-22.6],[-126.2,-22.5],[-126.3,-22.8],[-126.6,-22.8],[-126.8,-22.5],[-127.1,-22.5],[-127.4,-23.1],[-127.7,-22.8],[-127.7,-23.4],[-128,-23.4],[-128.1,-23.6],[-128.2,-23.4],[-128.3,-23.5],[-128.3,-23.2],[-128.5,-23.5],[-128.7,-23.3],[-128.8,-23.3],[-128.8,-23.7],[-129,-23.6],[-129.2,-23.4],[-129.3,-23.6],[-129.4,-23.5],[-129.4,-23.8],[-129.4,-23.9],[-129.6,-23.9],[-130,-24],[-129.9,-24.2],[-130.2,-24],[-130.2,-24.3],[-130.3,-24.3],[-130.5,-24.4],[-130.6,-24.4],[-131,-24.1],[-130.8,-24.6],[-131.1,-24.3],[-131.2,-24.7],[-131.2,-24.8],[-131.4,-24.7],[-131.5,-24.5],[-131.7,-24.3],[-131.5,-24.7],[-131.6,-24.8],[-131.9,-24.8],[-131.8,-24.4],[-132.1,-24.4],[-132.3,-24.4],[-132.4,-24.2],[-132.1,-24.3],[-132.4,-24.1],[-132.2,-23.8],[-132.1,-23.7],[-132,-23.7],[-131.9,-23.6],[-131.7,-23.5],[-132,-23.4],[-132.1,-23.3],[-131.6,-23.5],[-131.9,-23.3],[-131.7,-23.2],[-131.9,-23.1],[-132,-23.1],[-132.1,-23.1],[-132.2,-23.1],[-132.3,-22.8],[-132.4,-22.9],[-132.4,-22.7],[-132.3,-22.4],[-132.2,-22.3],[-132.4,-22.2],[-132.3,-22.2],[-132.3,-22],[-132.4,-21.9],[-132,-22],[-132.4,-21.7],[-132.2,-21.7],[-132.1,-21.6],[-132.2,-21.5],[-131.8,-21.5],[-131.9,-21.5],[-132.1,-21.3],[-131.9,-21.3],[-131.8,-21.2],[-131.7,-21.1],[-131.6,-20.7],[-131.5,-20.7],[-131.3,-20.6],[-131.4,-20.4],[-131.3,-20.2],[-131.3,-20.1],[-131.1,-20.1],[-131.2,-20],[-131,-19.9],[-130.8,-20.1],[-131,-19.8],[-131,-19.7],[-130.6,-19.8],[-130.7,-19.6],[-130.2,-19.9],[-130.6,-19.5],[-130.4,-19.6],[-130.2,-19.7],[-130,-19.7],[-130,-19.5],[-129.9,-19.5],[-130,-19.8],[-129.7,-19.7],[-129.8,-19.5],[-129.5,-19.1],[-130,-19.2],[-130.1,-19],[-129.8,-19],[-130.2,-18.9],[-130.1,-18.8],[-129.8,-18.7],[-129.7,-18.6],[-129.8,-18.5],[-129.2,-18.6],[-129.3,-18.5],[-129.7,-18.4],[-129.6,-18.2],[-129.5,-18.2],[-129.2,-18.1],[-129,-18.4],[-129.2,-18.2],[-129.4,-17.9],[-129.3,-17.8],[-128.5,-18],[-127.9,-18.4],[-128.4,-18],[-129.3,-17.6],[-129,-17.8],[-128.7,-17.7],[-128.6,-17.5],[-128.3,-17.8],[-128.2,-17.6],[-128.4,-17.4],[-128.5,-17.1],[-127.8,-17.5],[-128.2,-17],[-127.8,-17.1],[-127.7,-17.1],[-127.4,-17.9],[-127.3,-17.7],[-127.1,-17.8],[-127.1,-17.5],[-127.5,-17.2],[-128.1,-17],[-127.7,-16.8],[-127.7,-16.9],[-127.5,-17],[-127.3,-17.2],[-127.4,-16.7],[-127.2,-16.9],[-127,-17.8],[-126.9,-17.4],[-126.6,-17.3],[-127.2,-17],[-127.3,-16.6],[-126.9,-16.7],[-126.7,-16.9],[-126.4,-17.1],[-126.4,-17.3],[-126.5,-17],[-126,-17],[-126,-17.1],[-126,-17.3],[-126,-17],[-125.9,-17],[-125.9,-16.9],[-125.6,-16.9],[-125.5,-16.8],[-125.3,-16.6],[-125.3,-16.4],[-125.4,-16.3],[-125.4,-15.1],[-124.9,-16.4],[-124.9,-16],[-124.8,-16.2],[-124.6,-16],[-124.6,-16.1],[-124.5,-15.6],[-124.4,-15.7],[-124.6,-15.4],[-124.4,-15.3],[-123.9,-15.3],[-124.2,-14.8],[-123.8,-14.4],[-124.4,-14.8],[-124.6,-14.9],[-124.8,-14.5],[-124.5,-14.3],[-123.9,-14.3],[-124.3,-14.2],[-123.9,-14.2],[-124,-14],[-123.8,-14.1],[-123.6,-14],[-123.5,-14],[-123.4,-13.7],[-123.2,-13.5],[-122.9,-13.2],[-122.8,-13.2],[-122.6,-13],[-122.4,-12.9],[-122.4,-12.7],[-122.2,-12.8],[-122.2,-12.5],[-122,-12.3],[-121.7,-11.8],[-121.4,-11.7],[-121.3,-11.4],[-121.3,-11],[-121.3,-10.6],[-121.3,-10.3],[-121.4,-10.1],[-121.7,-9.9],[-121.6,-9.8],[-121.7,-9.5],[-121.9,-9.2],[-121.5,-9.2],[-121.4,-8.7],[-121.4,-8.5],[-121.1,-8.4],[-120.8,-9.4],[-120.7,-9.1],[-120.4,-9.2],[-120.5,-8.7],[-120.5,-8.5],[-120.6,-8.2],[-120.3,-7.7],[-119.7,-7.9],[-119.5,-8.2],[-119.2,-8.2],[-119,-8.6],[-118.5,-8.8],[-117.8,-8.7],[-118.1,-8.5],[-117.5,-8.2],[-117.1,-8.2],[-116.8,-8.4],[-116.6,-8.5],[-116,-8.6],[-115.5,-8.7],[-115.4,-8.8],[-115.7,-9.3],[-115.3,-9.5],[-114.8,-9.2],[-114.9,-10],[-114.4,-10.2],[-113.9,-9.9],[-113.9,-10.2],[-114.1,-9.6],[-113.9,-9.3],[-113.8,-9.4],[-113.7,-9.6],[-113.6,-10.2],[-113.2,-10],[-113,-9.7],[-112.8,-9.8],[-112.7,-10],[-112.3,-10.1]]]]}},{"type":"Feature","properties":{},"geometry":{"type":"MultiPolygon","coordinates":[[[[-125.7,-16],[-125.9,-16.4],[-126.2,-16],[-126.2,-15.9],[-126.4,-15.5],[-126.1,-15.3],[-125.6,-15.3],[-125.7,-16]]]]}},{"type":"Feature","properties":{},"geometry":{"type":"MultiPolygon","coordinates":[[[[-118.2,-21.8],[-119.1,-21.6],[-118.6,-21.3],[-118.1,-21.6],[-118.2,-21.8]]]]}},{"type":"Feature","properties":{},"geometry":{"type":"MultiPolygon","coordinates":[[[[-116.4,-20.2],[-116.4,-20.7],[-116.5,-21],[-116.7,-20.6],[-116.8,-20],[-116.4,-20.2]]]]}},{"type":"Feature","properties":{},"geometry":{"type":"MultiPolygon","coordinates":[[[[-116.5,-19.5],[-116.3,-20],[-116.7,-19.4],[-116.5,-19.5]]]]}},{"type":"Feature","properties":{},"geometry":{"type":"MultiPolygon","coordinates":[[[[-116,-20.3],[-116.4,-20.2],[-116.8,-19.9],[-116,-20.3]]]]}},{"type":"Feature","properties":{},"geometry":{"type":"MultiPolygon","coordinates":[[[[-114,-18.6],[-113.9,-18.7],[-114.3,-18.8],[-114.1,-18.5],[-114,-18.6]]]]}},{"type":"Feature","properties":{},"geometry":{"type":"MultiPolygon","coordinates":[[[[-125.2,-22.9],[-125.2,-23.1],[-125.5,-23.1],[-125.2,-22.9]]]]}},{"type":"Feature","properties":{},"geometry":{"type":"MultiPolygon","coordinates":[[[[-125.4,-16.4],[-125.7,-16.7],[-125.5,-16.4],[-125.4,-16.4]]]]}},{"type":"Feature","properties":{},"geometry":{"type":"MultiPolygon","coordinates":[[[[-132,-24.6],[-131.9,-25],[-132,-24.9],[-131.9,-24.8],[-132,-24.6]]]]}},{"type":"Feature","properties":{},"geometry":{"type":"MultiPolygon","coordinates":[[[[-127,-22.9],[-127.1,-23.1],[-127,-22.6],[-127,-22.9]]]]}},{"type":"Feature","properties":{},"geometry":{"type":"MultiPolygon","coordinates":[[[[-129.1,-23.7],[-129.2,-23.7],[-129.1,-23.6],[-129.1,-23.7]]]]}},{"type":"Feature","properties":{},"geometry":{"type":"MultiPolygon","coordinates":[[[[-132.2,-23],[-132.3,-23.1],[-132.3,-23],[-132.2,-23]]]]}},{"type":"Feature","properties":{},"geometry":{"type":"MultiPolygon","coordinates":[[[[167.5,-40.4],[165.9,-38.7],[165.9,-38.2],[165.3,-36.7],[164.1,-35.7],[165.9,-35.9],[166.6,-37.4],[168.1,-38.7],[169.2,-38.7],[168.7,-37.9],[169.1,-37.3],[168.1,-36],[169.6,-36.7],[169.3,-37],[169.8,-37.3],[171.2,-38.4],[171,-39.2],[170.7,-40.1],[171.1,-41.2],[172.4,-42.3],[172.4,-42.6],[172.4,-43.4],[172.3,-43.7],[170.1,-42],[167.5,-40.4]]]]}},{"type":"Feature","properties":{},"geometry":{"type":"MultiPolygon","coordinates":[[[[139.3,-53],[139.1,-49.9],[141.1,-49.7],[145,-49.3],[146.9,-48.8],[147.3,-49.6],[146.9,-51.4],[148.5,-53],[148.6,-53.5],[145.2,-53.5],[141.7,-53.6],[140.7,-54],[140.1,-53.5],[140.4,-52.2],[140.8,-51.9],[140.3,-51.4],[139.9,-52],[139.3,-53]]]]}},{"type":"Feature","properties":{},"geometry":{"type":"MultiPolygon","coordinates":[[[[168,-48.6],[171.1,-48.4],[172,-49.5],[173.1,-51.5],[171.6,-52.1],[170.2,-49.3],[168,-48.6]]]]}},{"type":"Feature","properties":{},"geometry":{"type":"MultiPolygon","coordinates":[[[[146.9,-40.3],[147.3,-40.1],[147.2,-39.9],[147.3,-39.7],[147.6,-39.3],[147.7,-38.9],[147.9,-38.2],[148.6,-37.5],[149.1,-37.2],[149.1,-37],[152.2,-37],[153.2,-36.8],[153.4,-36.5],[155.3,-34.7],[155.7,-34.9],[155,-35.9],[153,-39],[152.2,-40.4],[150,-40.9],[148.4,-41.1],[147,-41.3],[146.3,-41.7],[145.8,-42.1],[145.4,-42.5],[145,-43.2],[144.8,-44],[143.6,-42.5],[147,-40.8],[146.9,-40.3]]]]}},{"type":"Feature","properties":{},"geometry":{"type":"MultiPolygon","coordinates":[[[[165.3,-36.7],[165.9,-38.2],[165.9,-38.7],[165.5,-39.2],[165.2,-40.4],[164.5,-41.2],[164.2,-40.5],[165.1,-38.3],[165.8,-38],[165.3,-36.7]]]]}},{"type":"Feature","properties":{},"geometry":{"type":"MultiPolygon","coordinates":[[[[149.1,-46.5],[149.2,-45.7],[150.9,-45.4],[152.8,-45.5],[154.7,-45.2],[156.8,-44.3],[157.5,-44.3],[159.1,-44.3],[160.1,-44.3],[161.1,-44.3],[160.2,-44.7],[158.2,-45.4],[154.8,-46.5],[153.4,-46.6],[150.9,-46.9],[149.5,-46.7],[149.1,-46.5]]]]}},{"type":"Feature","properties":{},"geometry":{"type":"MultiPolygon","coordinates":[[[[155.9,-34.8],[156.1,-34.6],[159.8,-33.2],[162.7,-34.4],[164.1,-35.7],[163.1,-35.3],[161.4,-35.2],[158.8,-35.7],[157.5,-35.6],[155.9,-34.8]]]]}},{"type":"Feature","properties":{},"geometry":{"type":"MultiPolygon","coordinates":[[[[149,-41],[151.8,-40.4],[152.6,-40.6],[154.4,-40.9],[156,-41.2],[157.1,-41.6],[159.2,-42.2],[160.6,-43.2],[160.5,-44],[159.4,-44.2],[158,-44.4],[156.8,-43.8],[155.8,-42.6],[154.1,-42.2],[152.7,-42.3],[150.9,-42],[149.1,-41.6],[149,-41]]]]}},{"type":"Feature","properties":{},"geometry":{"type":"MultiPolygon","coordinates":[[[[160.9,-44],[160.4,-43],[158.7,-42],[156.9,-41.5],[155.7,-41.1],[154.1,-40.8],[152.3,-40.4],[153.3,-38],[155.2,-35.4],[155.9,-34.8],[158.2,-35.8],[160.5,-35.4],[162.4,-35.2],[163.6,-35.4],[164.7,-36.1],[165.6,-37.8],[165.3,-38.2],[164.1,-39.8],[163.2,-43],[162.5,-44],[160.9,-44]]]]}},{"type":"Feature","properties":{},"geometry":{"type":"MultiPolygon","coordinates":[[[[162,-44.7],[163,-43.4],[163.8,-42.3],[164.9,-40.7],[165.4,-39.5],[165.8,-38.7],[166.7,-39.6],[168.6,-42],[169.9,-43.7],[170.2,-44.6],[167.7,-45],[165,-45.4],[161.2,-45.3],[158.4,-45.6],[158.8,-45.2],[160.7,-44.6],[162,-44.7]]]]}},{"type":"Feature","properties":{},"geometry":{"type":"MultiPolygon","coordinates":[[[[161.6,-44.6],[163,-43.4],[162,-44.7],[161.6,-44.6]]]]}},{"type":"Feature","properties":{},"geometry":{"type":"MultiPolygon","coordinates":[[[[149,-41],[147.7,-42.3],[147.1,-44.5],[147.8,-45.5],[146.8,-44.9],[145.8,-44.1],[145.5,-43.7],[145.4,-44.3],[144.8,-44],[145,-43.2],[145.4,-42.5],[145.8,-42.1],[146.3,-41.7],[147,-41.3],[148.4,-41.1],[149,-41]]]]}},{"type":"Feature","properties":{},"geometry":{"type":"MultiPolygon","coordinates":[[[[157.4,-51],[160.9,-49.1],[161.8,-47.1],[165.1,-47.6],[167.3,-48.6],[169.7,-49],[171.2,-51.6],[172.7,-54.3],[171.8,-55.4],[170.5,-56.3],[168.6,-57.1],[168.1,-58.1],[168.6,-59.2],[168.6,-59.8],[167.5,-60.4],[168.3,-62.9],[167.6,-62.9],[168.5,-63.3],[168.6,-64.3],[160.9,-63],[163.1,-61.7],[161.2,-57.5],[158.3,-54.7],[157.4,-51.5],[157.4,-51]]]]}},{"type":"Feature","properties":{},"geometry":{"type":"MultiPolygon","coordinates":[[[[136.6,-47.4],[137,-48.8],[136.5,-49.6],[134.8,-48.8],[134.2,-48.2],[136.6,-47.4]]]]}},{"type":"Feature","properties":{},"geometry":{"type":"MultiPolygon","coordinates":[[[[136.6,-47.4],[138.6,-46.5],[139.9,-46.5],[138.9,-46.9],[138.4,-47.7],[137.8,-49.3],[137,-49.3],[137,-47.7],[136.6,-47.4]]]]}},{"type":"Feature","properties":{},"geometry":{"type":"MultiPolygon","coordinates":[[[[139.2,-47.6],[140.5,-47],[141.9,-46.9],[145.7,-47.4],[149.3,-47.9],[149.3,-49.1],[147.4,-48.7],[146,-49],[143.1,-49.6],[139.5,-49.2],[138.9,-48.5],[139.2,-47.6]]]]}},{"type":"Feature","properties":{},"geometry":{"type":"MultiPolygon","coordinates":[[[[115.4,-55.7],[113.9,-55.4],[112.8,-55.3],[111.7,-54.7],[112.5,-54.3],[113.3,-54.1],[114.4,-53.5],[114.8,-54.3],[115.4,-55.7]]]]}},{"type":"Feature","properties":{},"geometry":{"type":"MultiPolygon","coordinates":[[[[130.8,-58.7],[136.4,-56.6],[136.1,-57.4],[138.7,-55.4],[139.8,-54.6],[140.7,-54],[141.7,-53.6],[145.2,-53.5],[148.6,-53.5],[152.8,-53.2],[149.6,-54.2],[145.7,-55.6],[141.3,-58.1],[139.7,-59.2],[138.5,-59.4],[136.5,-61.1],[135,-60.7],[134.4,-60.1],[132.2,-60.2],[132,-60.2],[131.2,-59.5],[131.8,-59.4],[131.5,-59],[131.1,-58.8],[130.8,-58.7]]]]}},{"type":"Feature","properties":{},"geometry":{"type":"MultiPolygon","coordinates":[[[[144.8,-69],[141,-68.5],[139.5,-67.4],[135.6,-65.9],[134.9,-63.9],[136.2,-62],[137.5,-60.1],[139.5,-59.3],[141.3,-58.3],[145.2,-56],[148.8,-54.4],[152,-53.4],[156.7,-51.7],[157.8,-54.2],[160.4,-56.9],[163.2,-61],[161.1,-62.7],[168.6,-64.6],[170.5,-65.9],[171.1,-66.4],[172.1,-67],[172.6,-67.4],[173.1,-67.7],[173.5,-68.7],[173.8,-69],[173.2,-69],[172.2,-69.2],[171.4,-69.6],[170.5,-69.5],[170.6,-69.7],[171.3,-69.8],[171,-70.2],[171,-70],[170.5,-70.5],[169.2,-71.3],[167.7,-72.4],[167.4,-72.6],[167.5,-73.2],[167.5,-73.3],[164.7,-73.4],[160.4,-71.7],[157.1,-70.8],[156.9,-70.4],[153.4,-70.3],[151.4,-70.6],[150.8,-70.5],[148.9,-70.5],[149.4,-69.7],[144.8,-69]]]]}},{"type":"Feature","properties":{},"geometry":{"type":"MultiPolygon","coordinates":[[[[132,-67.5],[141,-68.5],[144.8,-69],[148.7,-71.2],[150.5,-70.8],[151.7,-70.9],[154.8,-71.4],[157.5,-72.3],[160.2,-72.9],[161.9,-73.3],[164.4,-73.7],[161.7,-74.5],[149.6,-74.4],[136.6,-71.4],[132,-67.5]]]]}},{"type":"Feature","properties":{},"geometry":{"type":"MultiPolygon","coordinates":[[[[123.7,-53.8],[126.6,-54.5],[125.7,-54.5],[126.3,-55],[126,-55.3],[124.1,-58.4],[119.4,-57.7],[122,-55.4],[124.4,-53.9],[123.7,-53.8]]]]}},{"type":"Feature","properties":{},"geometry":{"type":"MultiPolygon","coordinates":[[[[72.8,-75.5],[96.9,-76.5],[99.4,-74.1],[86.6,-72.6],[80.2,-68.1],[76.1,-65.5],[69.2,-65.8],[83,-65.5],[89.4,-67.3],[92.9,-67.1],[92.4,-66.6],[91.9,-65.7],[89.7,-64.9],[90.6,-63.9],[93.8,-63.1],[95.8,-62.3],[99.7,-62.3],[98.8,-61.7],[99.3,-61.1],[100.6,-61.1],[101.2,-60.8],[102.8,-60.6],[104.7,-60.8],[106.6,-64.1],[112.6,-64.3],[116.9,-69.8],[128.9,-73.1],[143.6,-75.7],[148.8,-77.4],[135.9,-78.6],[136,-78.2],[134.4,-78],[131.4,-77.7],[132.7,-76.5],[122.1,-75.7],[107.4,-75.6],[102.8,-79],[106.3,-81.6],[83.7,-83.6],[97.1,-81.8],[83.9,-81.1],[74.5,-80.4],[66.7,-78.4],[57.3,-78.1],[42.3,-79.7],[37.3,-82.6],[67,-84.2],[33.7,-82.7],[33.7,-77],[50,-74.8],[67.3,-75.1],[72.8,-75.5]]]]}},{"type":"Feature","properties":{},"geometry":{"type":"MultiPolygon","coordinates":[[[[131,-77.8],[133.4,-78.6],[132.2,-78.8],[129.9,-78.3],[131,-77.8]]]]}},{"type":"Feature","properties":{},"geometry":{"type":"MultiPolygon","coordinates":[[[[74.1,-62.9],[75.5,-63.4],[76.5,-63.7],[75.6,-64],[73.8,-63.7],[74.1,-63],[74.1,-62.9]]]]}},{"type":"Feature","properties":{},"geometry":{"type":"MultiPolygon","coordinates":[[[[73.4,-62.7],[74,-63],[73.3,-62.8],[73.4,-62.7]]]]}},{"type":"Feature","properties":{},"geometry":{"type":"MultiPolygon","coordinates":[[[[76.1,-63.3],[75.2,-62.9],[76,-63.2],[76.1,-63.3]]]]}},{"type":"Feature","properties":{},"geometry":{"type":"MultiPolygon","coordinates":[[[[85.2,-60.6],[87.1,-60.2],[88,-60.1],[89.3,-60.2],[91.4,-60.9],[93.2,-62.4],[90.1,-63.7],[85.2,-64.1],[85.3,-62.3],[87,-61.8],[85.2,-60.6]]]]}},{"type":"Feature","properties":{},"geometry":{"type":"MultiPolygon","coordinates":[[[[81.3,-57.7],[83.2,-57.8],[81.2,-58.8],[80.2,-58.4],[81.3,-57.7]]]]}},{"type":"Feature","properties":{},"geometry":{"type":"MultiPolygon","coordinates":[[[[86.2,-54.1],[87.7,-54.4],[85.8,-54.3],[86.2,-54.1]]]]}},{"type":"Feature","properties":{},"geometry":{"type":"MultiPolygon","coordinates":[[[[91.5,-59.3],[94.2,-59.5],[98.8,-59.1],[98.3,-59.6],[96.1,-59.7],[95.1,-60.6],[95,-61.7],[94.5,-62.3],[93.2,-62.4],[91.4,-60.9],[89.3,-60.2],[89.8,-60.1],[91.4,-59.4],[91.5,-59.3]]]]}},{"type":"Feature","properties":{},"geometry":{"type":"MultiPolygon","coordinates":[[[[88.3,-56.8],[92,-59],[89.9,-59.6],[89.3,-59.7],[86.3,-58.8],[86.8,-57.1],[88.3,-56.8]]]]}},{"type":"Feature","properties":{},"geometry":{"type":"MultiPolygon","coordinates":[[[[97.4,-56.8],[99.5,-56.6],[100.3,-57.4],[100.2,-58.9],[99.2,-58.6],[98.8,-59.1],[94.2,-59.5],[91.5,-59.3],[92.1,-58.8],[92.4,-58.5],[96.1,-57.4],[97.4,-56.8]]]]}},{"type":"Feature","properties":{},"geometry":{"type":"MultiPolygon","coordinates":[[[[102,-59.6],[102.8,-60.6],[101.2,-60.8],[100,-61],[100,-61.4],[99.3,-61.9],[98.6,-62.2],[97.6,-61.4],[98,-60.8],[102,-59.6]]]]}},{"type":"Feature","properties":{},"geometry":{"type":"MultiPolygon","coordinates":[[[[94.3,-62.7],[92.3,-63.6],[89.6,-64.2],[90.2,-65.5],[92,-66.2],[93.2,-66.8],[91.9,-67.2],[90.1,-66.5],[87.4,-66.2],[87.4,-65.2],[86.4,-63.9],[91.6,-63.5],[94.3,-62.7]]]]}},{"type":"Feature","properties":{},"geometry":{"type":"MultiPolygon","coordinates":[[[[84.8,-55.4],[87.8,-54.2],[89.8,-52.8],[94.2,-52.2],[98.4,-51.9],[100.9,-52.6],[103,-53.9],[100.2,-54.5],[97.3,-53.7],[93.4,-54],[88.3,-56],[84.7,-57.1],[83.8,-55.8],[84.8,-55.4]]]]}},{"type":"Feature","properties":{},"geometry":{"type":"MultiPolygon","coordinates":[[[[100.7,-49.7],[101.2,-50.5],[103.6,-52.7],[104.1,-53],[104.3,-53.2],[104.6,-53.6],[100.9,-52.6],[99.9,-50.7],[100.7,-49.7]]]]}},{"type":"Feature","properties":{},"geometry":{"type":"MultiPolygon","coordinates":[[[[79.6,-56.7],[81.5,-56.9],[80.2,-58.4],[78.6,-58],[78.3,-57.4],[79.4,-56.7],[79.6,-56.7]]]]}},{"type":"Feature","properties":{},"geometry":{"type":"MultiPolygon","coordinates":[[[[91.4,-55.2],[94.5,-55.1],[90.6,-55.7],[91.4,-55.2]]]]}},{"type":"Feature","properties":{},"geometry":{"type":"MultiPolygon","coordinates":[[[[99.7,-59.3],[98,-60.8],[95.2,-62],[94.1,-61.8],[95.3,-61.6],[95.4,-60.3],[97,-59.5],[98.5,-59.5],[99.7,-59.3]]]]}},{"type":"Feature","properties":{},"geometry":{"type":"MultiPolygon","coordinates":[[[[98.9,-56.2],[100.6,-55.9],[102.3,-55.8],[103.3,-55.4],[104.5,-55],[105.3,-54.8],[107.1,-54.7],[105.8,-57.4],[99.5,-59.1],[99.7,-58.7],[100.2,-58.4],[101.1,-57.1],[98.9,-56.2]]]]}},{"type":"Feature","properties":{},"geometry":{"type":"MultiPolygon","coordinates":[[[[101.9,-52.8],[104.8,-54.4],[103.7,-54.8],[101.3,-55.1],[97.8,-53.9],[96.4,-54.7],[93.7,-55.5],[92.1,-54.3],[97.1,-53.6],[99.7,-54.1],[103,-54.4],[101.9,-52.8]]]]}},{"type":"Feature","properties":{},"geometry":{"type":"MultiPolygon","coordinates":[[[[119.6,-54.8],[118.1,-55.6],[117.6,-55.9],[119.4,-55.5],[119.9,-55.1],[120.9,-54.5],[123.2,-54.4],[121.2,-56.6],[115.4,-55.9],[119.6,-54.8]]]]}},{"type":"Feature","properties":{},"geometry":{"type":"MultiPolygon","coordinates":[[[[138.6,-73.7],[149.6,-74.4],[161.7,-74.5],[166.6,-73.2],[167.7,-73.4],[169.9,-74.1],[170,-74.1],[170.4,-74.2],[170.6,-74.3],[170.7,-74.4],[171,-74.4],[170.9,-75.5],[168.1,-76.1],[165.8,-76.4],[166.8,-76.8],[164.2,-76.8],[162.6,-76.9],[159.8,-77],[153.3,-77.7],[146.1,-75.8],[138.6,-73.7]]]]}},{"type":"Feature","properties":{},"geometry":{"type":"MultiPolygon","coordinates":[[[[50.7,-85.7],[81.8,-86.6],[120.9,-86.1],[137,-84.7],[142.5,-85.6],[133.4,-87.1],[94.1,-87.6],[53.9,-87],[51.9,-86.4],[47.6,-85.8],[50.7,-85.7]]]]}},{"type":"Feature","properties":{},"geometry":{"type":"MultiPolygon","coordinates":[[[[89,-86.7],[54.2,-86],[48.4,-85.4],[55.8,-85.7],[64,-86],[69.3,-86.1],[79,-86.1],[92.7,-86],[86.1,-86.5],[89,-86.7]]]]}},{"type":"Feature","properties":{},"geometry":{"type":"MultiPolygon","coordinates":[[[[40.4,-84.8],[47.9,-85.8],[52.1,-86.5],[50.7,-86.8],[41.9,-86.3],[35.4,-85.6],[34.2,-84.9],[38.8,-84.8],[40.4,-84.8]]]]}},{"type":"Feature","properties":{},"geometry":{"type":"MultiPolygon","coordinates":[[[[33.7,-84.9],[30.2,-85.8],[37.3,-86.7],[49.9,-87.7],[26.4,-87.4],[14,-86.3],[6,-84.7],[18.5,-85],[26.7,-85.1],[33.7,-84.9]]]]}},{"type":"Feature","properties":{},"geometry":{"type":"MultiPolygon","coordinates":[[[[58.4,-87.8],[56.5,-88.3],[30.7,-88],[13.2,-87.2],[27.6,-87.4],[58.4,-87.8]]]]}},{"type":"Feature","properties":{},"geometry":{"type":"MultiPolygon","coordinates":[[[[6,-84.7],[14,-86.3],[3.2,-88.3],[-1.1,-86.7],[6,-84.7]]]]}},{"type":"Feature","properties":{},"geometry":{"type":"MultiPolygon","coordinates":[[[[-132.5,-85.9],[-127.3,-86.1],[-111,-87.3],[-72.4,-87.4],[-49,-87.4],[-65.1,-87.7],[-97.6,-87.5],[-122.1,-86.9],[-132.5,-85.9]]]]}},{"type":"Feature","properties":{},"geometry":{"type":"MultiPolygon","coordinates":[[[[-8,-85.7],[-13.9,-86.7],[-31.7,-87.7],[-60.2,-88.2],[-116.2,-88],[-122.9,-87.2],[-130.5,-86.8],[-133.4,-86.1],[-122.1,-86.9],[-97.6,-87.5],[-65.1,-87.7],[-42,-87.3],[-21.8,-86.4],[-13.2,-84.9],[-11.3,-85.5],[-8,-85.7]]]]}},{"type":"Feature","properties":{},"geometry":{"type":"MultiPolygon","coordinates":[[[[-24,-86.5],[-44.6,-87.3],[-57.6,-86.8],[-43.4,-86.4],[-30.1,-86.1],[-24,-86.5]]]]}},{"type":"Feature","properties":{},"geometry":{"type":"MultiPolygon","coordinates":[[[[-30.1,-86.1],[-43.4,-86.4],[-57.6,-86.8],[-69.3,-86.7],[-52.9,-86.1],[-45,-85.7],[-40.2,-86.1],[-32.6,-85.9],[-31.3,-85.8],[-30.1,-86.1]]]]}},{"type":"Feature","properties":{},"geometry":{"type":"MultiPolygon","coordinates":[[[[-45.7,-85.7],[-47.8,-85.9],[-54.3,-86.1],[-72.3,-86.8],[-86.4,-87.3],[-107.2,-87.2],[-104.9,-86.9],[-120.6,-86],[-131.4,-84.8],[-123.4,-85],[-101.3,-85.9],[-82.7,-86.2],[-55.5,-85.9],[-47.2,-85.5],[-45.7,-85.7]]]]}},{"type":"Feature","properties":{},"geometry":{"type":"MultiPolygon","coordinates":[[[[-49,-87.4],[-72.4,-87.4],[-111,-87.3],[-127.3,-86.1],[-136.2,-85.2],[-134.5,-84.7],[-125.8,-85.5],[-114.2,-86.5],[-109.9,-87],[-96.8,-87.3],[-75.2,-87.1],[-55.1,-87],[-42,-87.3],[-49,-87.4]]]]}},{"type":"Feature","properties":{},"geometry":{"type":"MultiPolygon","coordinates":[[[[-47.1,-85.3],[-69.3,-86.2],[-92.5,-86.2],[-114.2,-85.3],[-132.2,-84.5],[-115.7,-83.8],[-90,-85.6],[-66.4,-85.3],[-40.2,-84.1],[-47.1,-85.3]]]]}},{"type":"Feature","properties":{},"geometry":{"type":"MultiPolygon","coordinates":[[[[-60.1,-73.7],[-74.2,-73],[-80.2,-70.2],[-83.2,-70.4],[-89.4,-71.5],[-96,-72.7],[-108.2,-72.5],[-119.2,-69.5],[-124.1,-68.9],[-130.8,-69],[-128.5,-68.8],[-127.7,-68.9],[-125.1,-68.6],[-124.4,-68.7],[-123.6,-68.4],[-123.1,-68.6],[-122.1,-68.5],[-122.1,-68.6],[-121.8,-68.7],[-121.8,-68.8],[-121.5,-68.7],[-121.6,-68.6],[-120.4,-68.8],[-119.6,-69],[-118.8,-69],[-118.5,-68.7],[-117.8,-68.9],[-116.9,-68.7],[-116.3,-68.6],[-115.8,-68.5],[-115,-68.5],[-114.3,-68.5],[-113.9,-68.5],[-113.5,-68.5],[-113,-68.4],[-112.3,-68.2],[-111.6,-68.5],[-111.7,-68.6],[-111.7,-68.7],[-111.1,-68.6],[-111.2,-68.4],[-111.1,-68.4],[-110.9,-68.7],[-110.4,-68.6],[-109.8,-67.9],[-108.8,-68.2],[-108.8,-67.8],[-107.5,-67.6],[-107.7,-67.8],[-107.8,-67.9],[-107.4,-67.8],[-106.3,-67.8],[-105.5,-68.1],[-105.9,-68.5],[-106.3,-69.1],[-105.8,-68.2],[-104.5,-68.1],[-104.1,-68.4],[-102.8,-68.9],[-99.5,-69.3],[-94.4,-69.9],[-89.3,-69.9],[-88.2,-70],[-87.2,-70.1],[-85.9,-69.9],[-84.3,-69.5],[-82.5,-69.5],[-79.3,-70.1],[-76.6,-70.6],[-73.6,-71.2],[-66.7,-71.9],[-59.5,-73.2],[-51.3,-73.8],[-50.1,-73.7],[-60.1,-73.7]]]]}},{"type":"Feature","properties":{},"geometry":{"type":"MultiPolygon","coordinates":[[[[-32.3,-85.8],[-38.3,-86.2],[-43.7,-85.7],[-48.8,-85.7],[-44,-85.6],[-36.8,-85.1],[-35.6,-85.3],[-33.3,-85.7],[-32.3,-85.8]]]]}},{"type":"Feature","properties":{},"geometry":{"type":"MultiPolygon","coordinates":[[[[0.4,-86.1],[-23.8,-89.3],[-132.1,-88.8],[-35.9,-88.7],[-8.3,-87.2],[-1.6,-86],[0.4,-86.1]]]]}},{"type":"Feature","properties":{},"geometry":{"type":"MultiPolygon","coordinates":[[[[180,-81.4],[180,-89],[144,-88.8],[90.2,-88.9],[71.1,-88.2],[58.5,-87.7],[75.9,-87.7],[98.4,-87.8],[146.4,-86.3],[146.9,-85.4],[138.3,-84.9],[151.8,-80.1],[158,-80.3],[160.8,-81.7],[171.7,-82.2],[180,-81.4]]]]}},{"type":"Feature","properties":{},"geometry":{"type":"MultiPolygon","coordinates":[[[[-180,-89],[-180,-81.4],[-170.6,-80.9],[-158.7,-81.1],[-146.1,-82.3],[-137.4,-82.8],[-120.8,-83.4],[-132.2,-84.5],[-136.4,-85],[-135,-85.5],[-133.4,-86.1],[-130.5,-86.8],[-122.9,-87.2],[-116.2,-88],[-132.1,-88.8],[-165.6,-89.1],[-180,-89]]]]}},{"type":"Feature","properties":{},"geometry":{"type":"MultiPolygon","coordinates":[[[[-180,-57.7],[-177.2,-57.8],[-173.5,-57.5],[-168.6,-58.1],[-169.9,-58.8],[-169,-60.3],[-166.8,-60.6],[-166,-63.7],[-169.2,-61.6],[-173.9,-59.6],[-177.8,-58.7],[-180,-57.7]]]]}},{"type":"Feature","properties":{},"geometry":{"type":"MultiPolygon","coordinates":[[[[-174.1,-70.9],[-173.9,-69.6],[-172,-67.7],[-168.4,-64.8],[-167.8,-67.2],[-168.5,-72.9],[-173.2,-71.9],[-174.1,-70.9]]]]}},{"type":"Feature","properties":{},"geometry":{"type":"MultiPolygon","coordinates":[[[[-179.5,-56.7],[-175.4,-56.7],[-172.2,-57.7],[-176.5,-57.8],[-179.5,-56.7]]]]}},{"type":"Feature","properties":{},"geometry":{"type":"MultiPolygon","coordinates":[[[[-168.3,-55.7],[-171.2,-56.3],[-174.6,-55.7],[-178.3,-55.4],[-176.9,-53.9],[-175.5,-52],[-174.4,-49.5],[-174.1,-47],[-171.8,-46.9],[-171.9,-48.8],[-170.9,-51.1],[-170.6,-53.3],[-168.7,-54.8],[-168.3,-55.7]]]]}},{"type":"Feature","properties":{},"geometry":{"type":"MultiPolygon","coordinates":[[[[-168.4,-75.2],[-163.5,-73.7],[-164.1,-74.1],[-164.6,-74.3],[-165.8,-74.8],[-168.4,-75.2]]]]}},{"type":"Feature","properties":{},"geometry":{"type":"MultiPolygon","coordinates":[[[[180,-72.5],[178.8,-75],[175.3,-75.3],[172.2,-75.5],[170.7,-75.1],[169.5,-74.7],[168.8,-74.4],[180,-72.5]]]]}},{"type":"Feature","properties":{},"geometry":{"type":"MultiPolygon","coordinates":[[[[-180,-75.2],[-177.3,-72],[-173.2,-71.9],[-168.4,-75.2],[-173.6,-75.3],[-175.9,-75.3],[-179,-75.1],[-180,-75.2]]]]}},{"type":"Feature","properties":{},"geometry":{"type":"MultiPolygon","coordinates":[[[[-164.5,-42.9],[-168.7,-39.9],[-173.8,-35.8],[-170.7,-36.1],[-165.5,-39.3],[-163.5,-42.4],[-164.5,-42.9]]]]}},{"type":"Feature","properties":{},"geometry":{"type":"MultiPolygon","coordinates":[[[[-174.2,-35.4],[-177.7,-32.5],[-175.3,-33.3],[-174.2,-35.4]]]]}},{"type":"Feature","properties":{},"geometry":{"type":"MultiPolygon","coordinates":[[[[-144.5,4.6],[-144.6,4.9],[-146.1,6.4],[-147,8.4],[-147.3,9.1],[-146.6,9],[-146,7.9],[-145.5,6.6],[-144.6,5.5],[-144.4,5.2],[-144.2,4.8],[-144.5,4.6]]]]}},{"type":"Feature","properties":{},"geometry":{"type":"MultiPolygon","coordinates":[[[[-131.4,-11.1],[-131.6,-11.4],[-132.1,-10.9],[-132.4,-10.4],[-132.6,-10.1],[-132.4,-10.1],[-131.8,-9.7],[-131.4,-10.2],[-131.4,-10.9],[-131.4,-11.1]]]]}},{"type":"Feature","properties":{},"geometry":{"type":"MultiPolygon","coordinates":[[[[-132.7,-9.2],[-132.4,-8.9],[-132,-9.2],[-132.7,-9.2]]]]}},{"type":"Feature","properties":{},"geometry":{"type":"MultiPolygon","coordinates":[[[[-130.4,-10],[-130.5,-9.9],[-130.4,-9.6],[-130.4,-10]]]]}},{"type":"Feature","properties":{},"geometry":{"type":"MultiPolygon","coordinates":[[[[-131.5,-14],[-131.9,-14.1],[-132.2,-14.3],[-132.6,-14.1],[-131.9,-13.5],[-131.7,-13.3],[-131.6,-13.6],[-131.6,-13.9],[-131.5,-14]]]]}},{"type":"Feature","properties":{},"geometry":{"type":"MultiPolygon","coordinates":[[[[-132.6,-14.4],[-132.8,-14.5],[-133.1,-14.6],[-133.1,-14.8],[-133.3,-14.8],[-133.6,-14.8],[-133.7,-14.7],[-133.8,-14.8],[-133.4,-15],[-134.2,-15.5],[-135.3,-16.9],[-136.5,-18.2],[-136.7,-18.2],[-136.5,-18.1],[-136.3,-17.9],[-136.5,-17.9],[-136.8,-18.2],[-136.9,-18.2],[-137.2,-18.4],[-137,-18.3],[-137.3,-18.7],[-137.3,-18.3],[-136.4,-17.2],[-135.9,-16.5],[-134.9,-15.5],[-134.3,-14.9],[-133.6,-14.4],[-132.6,-14.1],[-132.6,-14.4]]]]}},{"type":"Feature","properties":{},"geometry":{"type":"MultiPolygon","coordinates":[[[[-137.5,-26.3],[-138.1,-26.2],[-137.9,-26.3],[-138.2,-26.4],[-140,-25.9],[-139.5,-25.9],[-138.4,-25.8],[-137.9,-25.9],[-137.6,-26],[-137.4,-26.3],[-137.5,-26.3]]]]}},{"type":"Feature","properties":{},"geometry":{"type":"MultiPolygon","coordinates":[[[[-137.5,-23.9],[-137.7,-24],[-137.8,-23.9],[-138.4,-23.8],[-138.9,-23.8],[-139.3,-23.3],[-139.3,-23.2],[-139.7,-22.8],[-139.8,-22.1],[-140.3,-21.2],[-140.9,-20.2],[-140.9,-20],[-140.5,-20.2],[-140.7,-20.4],[-140.4,-20.4],[-140.2,-20.3],[-140,-20.5],[-139.9,-20.3],[-140.1,-20.2],[-139.7,-19.7],[-138.9,-20],[-138.5,-20.2],[-138.6,-20.3],[-138.8,-20.7],[-138.8,-21.2],[-138.9,-21.7],[-138.8,-21.7],[-138.8,-21.6],[-138.1,-21.6],[-137.3,-23],[-137.5,-23.9]]]]}},{"type":"Feature","properties":{},"geometry":{"type":"MultiPolygon","coordinates":[[[[-138.3,-25.8],[-140,-25.9],[-140.9,-25.3],[-140.1,-25.3],[-140.1,-25.2],[-139.4,-25.2],[-139.4,-25.4],[-139.1,-25.4],[-138.9,-25.3],[-138.8,-25.3],[-138.4,-25.1],[-137.5,-24.9],[-137.1,-25],[-136.4,-25],[-136.2,-25.4],[-136.1,-25.4],[-136.4,-25.2],[-137,-25.6],[-137.3,-25.6],[-137.8,-25.6],[-138.1,-25.7],[-138.3,-25.8]]]]}},{"type":"Feature","properties":{},"geometry":{"type":"MultiPolygon","coordinates":[[[[-140.7,-23.2],[-140.8,-21.8],[-140.5,-22.9],[-140.7,-23.2]]]]}},{"type":"Feature","properties":{},"geometry":{"type":"MultiPolygon","coordinates":[[[[-141.5,-21.6],[-141.7,-21.8],[-142.1,-22.1],[-142.3,-21.7],[-142.5,-21],[-142.9,-20.6],[-143.3,-20.3],[-143.8,-20.1],[-144.7,-19.9],[-145.7,-19.7],[-146.5,-19.6],[-146.8,-19.1],[-147.5,-18.9],[-148.2,-18.6],[-148.5,-18.5],[-148.7,-18.6],[-149.9,-18.7],[-151,-17.8],[-153.7,-15.1],[-156.4,-13.2],[-155.3,-13.4],[-152.4,-14.5],[-150.7,-14.9],[-150.4,-15.6],[-149.4,-16],[-149.4,-15.8],[-148.9,-16],[-149.5,-15.3],[-149.4,-15.3],[-148.6,-15.5],[-148,-15.5],[-147.3,-15.8],[-147,-16.1],[-146.2,-16.2],[-146,-16.6],[-146.2,-17],[-146,-17.4],[-145.8,-17.9],[-145.5,-18.3],[-144.3,-18.8],[-144.7,-18.8],[-145.3,-18.6],[-145.6,-18.4],[-143.4,-19.4],[-141.6,-21.4],[-141.5,-21.6]]]]}},{"type":"Feature","properties":{},"geometry":{"type":"MultiPolygon","coordinates":[[[[-149.7,-15.2],[-149.6,-15.2],[-149.8,-15.3],[-149.7,-15.2]]]]}},{"type":"Feature","properties":{},"geometry":{"type":"MultiPolygon","coordinates":[[[[-127.2,1.6],[-129,2.6],[-130.2,2.7],[-132,3.7],[-132.1,4.3],[-131.9,4.9],[-128.1,4.8],[-127,4.3],[-127,3.8],[-127.2,3.6],[-127.7,3.4],[-127.8,3.2],[-127.8,3.4],[-128.3,3.2],[-128.1,3.2],[-128.1,3],[-128,3],[-127.7,3.1],[-127,2.9],[-127,2.6],[-127,2.4],[-126.8,2.4],[-126.6,2.5],[-126.8,2.5],[-126.8,2.7],[-126.9,2.9],[-126.8,3.2],[-126.2,2.3],[-126.8,2.1],[-126.9,1.9],[-127.2,1.6]]]]}},{"type":"Feature","properties":{},"geometry":{"type":"MultiPolygon","coordinates":[[[[-132.3,4.5],[-132.3,4.9],[-132.1,4.9],[-132,4.8],[-132.3,4.5]]]]}},{"type":"Feature","properties":{},"geometry":{"type":"MultiPolygon","coordinates":[[[[-145.6,6.7],[-146.1,7.9],[-146.7,9.3],[-145.6,9.6],[-144.7,9.9],[-144.2,9.5],[-144,8],[-145.1,6.7],[-145.6,6.7]]]]}},{"type":"Feature","properties":{},"geometry":{"type":"MultiPolygon","coordinates":[[[[-145.2,6.3],[-145.5,6.7],[-144.4,7.1],[-144.1,8.8],[-144.6,9.9],[-144.1,10],[-143.9,8.9],[-143.9,7.6],[-144.4,6.7],[-145.2,6.3]]]]}},{"type":"Feature","properties":{},"geometry":{"type":"MultiPolygon","coordinates":[[[[-141.4,-19.8],[-142.4,-19.5],[-142.6,-19.4],[-142.9,-19.3],[-143.3,-19.1],[-143.8,-19],[-143.9,-18.9],[-145.4,-18.4],[-145.6,-18],[-146,-17.6],[-144.9,-17.1],[-144.1,-16.7],[-143.3,-16.8],[-141.9,-16.1],[-141.9,-17.5],[-142.3,-17.9],[-141.7,-18.4],[-141,-19],[-141.4,-19.8]]]]}},{"type":"Feature","properties":{},"geometry":{"type":"MultiPolygon","coordinates":[[[[-126.8,9.5],[-126.8,10],[-126.9,9.8],[-127.2,9.3],[-127.5,8.5],[-127.4,9.1],[-127.9,9.4],[-128.4,9.3],[-130.1,9.4],[-130.1,9.6],[-130.5,9.9],[-130.9,10.2],[-131.8,10.1],[-132.4,10.3],[-133,10.5],[-134.3,11.2],[-135.8,11.3],[-136,11.6],[-136.9,12.7],[-136.6,13],[-136.1,12.9],[-134.7,12.5],[-133.9,11.9],[-132.7,11],[-131.9,10.7],[-131.4,10.7],[-131.5,11.2],[-131,10.7],[-130,10.3],[-129,10.1],[-128.3,10.2],[-128.8,10.2],[-129.9,10.5],[-130.4,10.9],[-129.6,10.5],[-128.6,10.3],[-128.2,10.6],[-127.3,10.3],[-125.7,11.9],[-122.6,11.8],[-124.8,11.4],[-126.4,10.1],[-126.5,9.9],[-126.8,9.5]]]]}},{"type":"Feature","properties":{},"geometry":{"type":"MultiPolygon","coordinates":[[[[-123.5,-1.8],[-124.1,-1.5],[-124.3,-1.2],[-124.1,-1.5],[-123.8,-1.4],[-123.5,-1.6],[-123.5,-1.8]]]]}},{"type":"Feature","properties":{},"geometry":{"type":"MultiPolygon","coordinates":[[[[-127.4,1.2],[-128.5,1.7],[-130,2.2],[-131.6,2.6],[-131.8,3.1],[-130.2,2.7],[-129,2.6],[-127.2,1.6],[-127.4,1.2]]]]}},{"type":"Feature","properties":{},"geometry":{"type":"MultiPolygon","coordinates":[[[[-125.4,0.7],[-125.1,0.6],[-125.2,0.5],[-125.7,0.4],[-125.6,0.7],[-125.4,0.7]]]]}},{"type":"Feature","properties":{},"geometry":{"type":"MultiPolygon","coordinates":[[[[-126.5,1.3],[-126.3,1.2],[-125.9,0.9],[-126,0.8],[-126.2,0.6],[-126.4,1],[-126.5,1.3]]]]}},{"type":"Feature","properties":{},"geometry":{"type":"MultiPolygon","coordinates":[[[[-123.3,0],[-121.7,-0.4],[-121.5,-0.8],[-121.8,-0.9],[-122,-0.9],[-122.3,-0.7],[-122.8,-0.9],[-123.1,-1.1],[-123.5,-1.1],[-123.8,-0.9],[-123.7,-0.5],[-124,-0.4],[-123.3,0]]]]}},{"type":"Feature","properties":{},"geometry":{"type":"MultiPolygon","coordinates":[[[[-121.7,-1.6],[-122.6,-1.8],[-123.3,-1.8],[-123.4,-1.6],[-122.9,-1.6],[-121.7,-1.4],[-121.7,-1.6]]]]}},{"type":"Feature","properties":{},"geometry":{"type":"MultiPolygon","coordinates":[[[[-122.8,9.4],[-123.8,9.5],[-125.5,7.5],[-126.4,6.2],[-127.3,6.3],[-128.7,6.9],[-130,7.4],[-131.1,7.5],[-131.5,7.5],[-132.6,7.8],[-132.8,7.9],[-132.8,8.3],[-133,8.3],[-134.1,8.7],[-135.1,10.3],[-134.6,11.3],[-133.6,10.8],[-132.6,10.4],[-132,10.1],[-131.2,10.1],[-130.6,10.1],[-130,9.7],[-130.1,9.4],[-128.4,9.3],[-128.1,8.4],[-128.5,8.9],[-128.6,8.9],[-128.3,8.1],[-128,8.1],[-128.3,7.4],[-128.1,7.5],[-127.9,7.2],[-127.6,7.2],[-127.5,7.2],[-127.4,7.8],[-127.1,7.9],[-126.8,7.7],[-126.9,8.8],[-126.8,9.1],[-126.8,9.5],[-126.5,9.9],[-126.2,10.2],[-124,11.5],[-122.7,10.7],[-122.7,10],[-122.7,9.4],[-122.9,9.6],[-122.8,9.4]]]]}},{"type":"Feature","properties":{},"geometry":{"type":"MultiPolygon","coordinates":[[[[-132.4,-3.7],[-132.5,-3.2],[-132.8,-3.4],[-132.8,-3.1],[-133,-3.1],[-133.1,-3],[-133.2,-3],[-133.4,-2.9],[-133.5,-2.8],[-133.5,-2.7],[-133.9,-2.5],[-134.2,-2.5],[-134.3,-2.5],[-134.5,-1.7],[-135.4,2.9],[-135,2],[-134.4,1.5],[-133.2,0.5],[-133.1,-0.8],[-132.3,-2.6],[-132.4,-3.7]]]]}},{"type":"Feature","properties":{},"geometry":{"type":"MultiPolygon","coordinates":[[[[-138.9,2.3],[-138.9,2.2],[-139.3,2.1],[-139.5,2],[-140.1,2.4],[-140.5,2.5],[-140.2,3.3],[-140.9,4.2],[-140.8,4.3],[-139.9,3.9],[-139.4,3.5],[-139.7,3.3],[-139.6,3.1],[-139,2.5],[-138.9,2.4],[-138.9,2.3]]]]}},{"type":"Feature","properties":{},"geometry":{"type":"MultiPolygon","coordinates":[[[[-140,10],[-138.7,12.2],[-136,11.1],[-134.6,9.4],[-135.3,9.5],[-138.6,10.2],[-140,10]]]]}},{"type":"Feature","properties":{},"geometry":{"type":"MultiPolygon","coordinates":[[[[-131.6,-12.8],[-131.8,-12.3],[-132.2,-11.2],[-132.6,-10.6],[-133.2,-10.4],[-133.1,-10.4],[-133.2,-10.1],[-132.5,-10.3],[-132.3,-10.8],[-131.9,-11.4],[-131.5,-11],[-131.3,-11.2],[-131,-11.7],[-131.2,-12.3],[-131.4,-12.6],[-131.3,-12.8],[-131.6,-12.8]]]]}},{"type":"Feature","properties":{},"geometry":{"type":"MultiPolygon","coordinates":[[[[-137.4,-2.2],[-137.9,-0.5],[-138.3,-0.4],[-138.3,0.7],[-138.5,1.3],[-138.3,1.3],[-138.4,1.6],[-138.4,1.8],[-137.9,1.7],[-137.4,1],[-137.4,-0.7],[-137.4,-1.9],[-137.4,-2.2]]]]}},{"type":"Feature","properties":{},"geometry":{"type":"MultiPolygon","coordinates":[[[[-138.4,1.9],[-138.4,2.2],[-138.8,2.6],[-139.4,3.3],[-139.8,3.8],[-140.6,4.2],[-142.5,4.7],[-143.5,4.8],[-145,3.7],[-146.7,3.4],[-146.9,3.6],[-145.2,4.1],[-144.5,4.6],[-143.9,5.1],[-143.1,5.1],[-141.4,4.6],[-139.9,4.2],[-139,3.6],[-137.9,2.1],[-138.2,2],[-138.4,1.9]]]]}},{"type":"Feature","properties":{},"geometry":{"type":"MultiPolygon","coordinates":[[[[-137.3,-3.3],[-138.3,-2],[-139.1,-1.1],[-139.2,-0.3],[-139.2,0.2],[-139,0.8],[-138.7,0.9],[-138.7,1.6],[-138.7,1.9],[-138.4,1.8],[-138.4,1.6],[-138.3,1.3],[-138.5,1.3],[-138.3,0.7],[-138.3,-0.4],[-137.9,-0.5],[-137.4,-2.2],[-137.1,-3.1],[-137.3,-3.3]]]]}},{"type":"Feature","properties":{},"geometry":{"type":"MultiPolygon","coordinates":[[[[-138.7,2.1],[-138.7,2.3],[-138.5,2],[-138.7,2.1]]]]}},{"type":"Feature","properties":{},"geometry":{"type":"MultiPolygon","coordinates":[[[[-138.8,2.3],[-139.5,3.3],[-139.6,3.4],[-139.4,3.3],[-138.8,2.6],[-138.4,2.2],[-138.8,2.4],[-138.8,2.3]]]]}},{"type":"Feature","properties":{},"geometry":{"type":"MultiPolygon","coordinates":[[[[-135.6,5.8],[-135.8,6.3],[-136.1,6.2],[-136,6],[-135.8,5.5],[-137.5,4.7],[-137.9,4.9],[-138.3,5.4],[-138.9,6.4],[-139.2,7],[-139.7,7.8],[-139.8,8.3],[-138.1,8.7],[-136,8.4],[-134.4,7.4],[-133.1,6],[-132.7,5.7],[-132.3,4.5],[-131.9,3.6],[-132.8,4.9],[-133.1,5.4],[-134.3,5.8],[-135.6,5.8]]]]}},{"type":"Feature","properties":{},"geometry":{"type":"MultiPolygon","coordinates":[[[[-139.9,8.2],[-141.1,9.4],[-142.3,10.3],[-141,10.8],[-140,10],[-139.5,8.4],[-139.9,8.2]]]]}},{"type":"Feature","properties":{},"geometry":{"type":"MultiPolygon","coordinates":[[[[-134.5,-2.4],[-135.4,-2.2],[-136.1,-2.2],[-136.4,-2.3],[-136.6,-2.5],[-136.6,-3.1],[-137.2,-3],[-137.4,-1.9],[-137.4,-0.7],[-137.4,1],[-137.4,1.4],[-137.2,1.5],[-137.6,1.9],[-137.9,2.1],[-139,3.6],[-139.9,4.2],[-139.5,4.4],[-138.6,5.2],[-138.1,5.2],[-137.6,4.8],[-136,3.3],[-135.5,2.9],[-134.5,-2.2],[-134.5,-2.4]]]]}},{"type":"Feature","properties":{},"geometry":{"type":"MultiPolygon","coordinates":[[[[-151,-11.5],[-153.2,-9.7],[-150,-9.9],[-149.2,-10.1],[-149.6,-10.6],[-150.5,-10.7],[-150.9,-10.8],[-150.5,-11.3],[-151,-11.5]]]]}},{"type":"Feature","properties":{},"geometry":{"type":"MultiPolygon","coordinates":[[[[-136.1,13.1],[-135.2,13],[-133.6,13.1],[-132.5,13.2],[-132.2,12.8],[-131.4,12.4],[-130.4,11.9],[-129.2,11.7],[-128.2,11.9],[-127.4,12.3],[-126.9,12.9],[-126.4,13.3],[-125.1,13.3],[-124.2,13.1],[-123.5,12.9],[-122.8,12.4],[-123.2,12],[-126.4,11.4],[-127.6,10.3],[-128.3,10.6],[-128.7,10.3],[-129.9,10.6],[-130.4,10.9],[-129.7,10.4],[-128.7,10.1],[-128.3,10.2],[-129.4,10.2],[-130.2,10.4],[-131.3,10.9],[-131.6,11.1],[-131.4,10.6],[-132,10.8],[-132.9,11],[-134,11.9],[-135.3,12.4],[-136.1,13.1]]]]}},{"type":"Feature","properties":{},"geometry":{"type":"MultiPolygon","coordinates":[[[[-140.1,2.2],[-140.3,2.1],[-140.4,2.1],[-140.6,2.5],[-140.1,2.3],[-140.1,2.2]]]]}},{"type":"Feature","properties":{},"geometry":{"type":"MultiPolygon","coordinates":[[[[-140.6,2.5],[-142.8,2.6],[-144.5,2.8],[-145.5,2.5],[-145.9,2.5],[-147.4,2.4],[-149.8,2.6],[-149.2,3.7],[-146.9,3.4],[-145.5,3.5],[-143.8,4.7],[-142.7,4.8],[-141.2,4.4],[-140.5,3.8],[-140.3,2.6],[-140.6,2.5]]]]}},{"type":"Feature","properties":{},"geometry":{"type":"MultiPolygon","coordinates":[[[[-137.3,-24.2],[-137.5,-24.1],[-137.4,-24],[-137.5,-23.6],[-137.4,-22.7],[-138.2,-21.4],[-138.8,-21.6],[-138.7,-21.7],[-138.8,-21.5],[-139,-21.3],[-138.8,-20.3],[-138.5,-20.3],[-138.5,-20.2],[-139.6,-19.9],[-140.4,-19.6],[-140.1,-20.2],[-139.8,-20.4],[-139.9,-20.4],[-140.3,-20.3],[-140.5,-20.5],[-140.7,-20.3],[-140.4,-20.1],[-141,-20],[-141.2,-20],[-141.2,-19.7],[-141.2,-19],[-141.7,-18.3],[-142.2,-17.9],[-141.3,-16.4],[-140.7,-16.6],[-140.3,-17],[-139.6,-17.6],[-139.1,-18.1],[-138.6,-18.5],[-138.2,-18.5],[-137.6,-18.5],[-137.3,-19.1],[-137.5,-19.1],[-137.4,-19.3],[-137.4,-19.6],[-136.6,-20.8],[-136.4,-20.9],[-135.7,-21.6],[-134.5,-22.5],[-134.7,-22.5],[-135,-22.3],[-135.6,-22],[-135.9,-22.1],[-136.2,-22],[-135.8,-22.1],[-135.1,-22.4],[-134.4,-23],[-134.6,-23.3],[-134.9,-23.3],[-134.5,-23.6],[-134.6,-23.6],[-134.5,-24],[-134.5,-24.2],[-134.7,-24.4],[-134.9,-24.4],[-135.1,-24.3],[-135.1,-24.6],[-135.3,-24.5],[-135.4,-24.9],[-135.6,-25],[-135.8,-25],[-136.5,-24.8],[-136.8,-24.6],[-137,-24.3],[-137.2,-24.2],[-137.3,-24.2]]]]}},{"type":"Feature","properties":{},"geometry":{"type":"MultiPolygon","coordinates":[[[[-165.7,-0.8],[-165.9,0.1],[-165.9,0.3],[-166,1.4],[-165.8,2],[-165.3,2.8],[-165.3,3],[-165.3,3.2],[-164.8,4.2],[-164.6,4.1],[-164.7,3.5],[-164.2,3.1],[-164.1,2.2],[-164.3,1.4],[-164.6,0.1],[-165.7,-0.8]]]]}},{"type":"Feature","properties":{},"geometry":{"type":"MultiPolygon","coordinates":[[[[-150.4,2.5],[-151,1.7],[-152.7,-0.1],[-152.2,1.3],[-152.4,3],[-153.3,4.6],[-151.5,3.9],[-149.2,3.7],[-150.4,2.5]]]]}},{"type":"Feature","properties":{},"geometry":{"type":"MultiPolygon","coordinates":[[[[-146.6,-6.7],[-146.3,-6.9],[-146.4,-6.9],[-146.6,-6.7]]]]}},{"type":"Feature","properties":{},"geometry":{"type":"MultiPolygon","coordinates":[[[[-147.1,-6.1],[-148.6,-4.7],[-148.5,-5.4],[-147.8,-6.8],[-148.6,-6.1],[-149,-4.9],[-149.2,-4.8],[-150.9,-4],[-151.3,-4.1],[-152.3,-4],[-153.5,-3.4],[-154.2,-2.7],[-154.9,-1.4],[-156.3,-1],[-156.9,-0.5],[-155.9,-0.9],[-154.9,-1.3],[-154.1,-1.7],[-152.6,-3.4],[-151.4,-3.6],[-150.8,-3.4],[-150.3,-3.4],[-149.4,-3.9],[-148.8,-4.3],[-147.7,-4.4],[-147.3,-4.8],[-147.1,-6.1]]]]}},{"type":"Feature","properties":{},"geometry":{"type":"MultiPolygon","coordinates":[[[[-148.5,-10],[-148.9,-9.6],[-148.9,-8.6],[-148.8,-8.4],[-148.5,-8.2],[-148.3,-9.3],[-148.4,-9.9],[-148.5,-10]]]]}},{"type":"Feature","properties":{},"geometry":{"type":"MultiPolygon","coordinates":[[[[-149.1,-10.1],[-150.8,-9.9],[-149.9,-9.3],[-149.2,-9.4],[-149,-9.8],[-149.1,-10.1]]]]}},{"type":"Feature","properties":{},"geometry":{"type":"MultiPolygon","coordinates":[[[[-154.8,13.5],[-155.7,15.6],[-154.7,16.9],[-153.8,17.2],[-153,17.5],[-152.2,18.4],[-150.8,18.5],[-150.4,17.4],[-151.4,14.6],[-151.5,12.1],[-152.5,14],[-153.8,15.1],[-154.8,13.5]]]]}},{"type":"Feature","properties":{},"geometry":{"type":"MultiPolygon","coordinates":[[[[-161,14],[-162.1,13.2],[-162.4,12.5],[-163.1,12.1],[-164.6,9.7],[-165.1,8.4],[-166.3,6.8],[-166.4,5.4],[-168.4,5.2],[-168.8,6.1],[-166.3,9.3],[-163.8,11.8],[-163,12.8],[-162.7,13.4],[-162.3,14],[-161.5,14.2],[-160.7,14.5],[-160.3,14.6],[-161,14]]]]}},{"type":"Feature","properties":{},"geometry":{"type":"MultiPolygon","coordinates":[[[[-156.4,13.7],[-158.3,14.1],[-157.9,15.6],[-158.3,16.6],[-156.6,16.4],[-154.7,17.1],[-153.8,17.2],[-154.7,16.9],[-155.7,15.6],[-156.4,13.7]]]]}},{"type":"Feature","properties":{},"geometry":{"type":"MultiPolygon","coordinates":[[[[-135.7,-20.9],[-136.5,-20.7],[-136.1,-20],[-134.1,-18.4],[-132.7,-17],[-132.5,-16.8],[-132.3,-16.6],[-132,-16.5],[-132,-16.7],[-131.7,-16.3],[-131.5,-16.4],[-131.4,-16.3],[-131.2,-16.3],[-131.2,-16.4],[-132.1,-17.3],[-133.2,-18.3],[-134.3,-19.4],[-135.5,-20.3],[-135.7,-20.9]]]]}},{"type":"Feature","properties":{},"geometry":{"type":"MultiPolygon","coordinates":[[[[-169,-5.3],[-169.5,-1.7],[-168.3,-2.5],[-167,-5.9],[-167.1,-7.1],[-169,-5.3]]]]}},{"type":"Feature","properties":{},"geometry":{"type":"MultiPolygon","coordinates":[[[[79.9,-60.1],[81.2,-60.7],[82.7,-60.4],[84,-60.8],[82.8,-61.2],[80.8,-61.4],[79.9,-61.6],[76.8,-62.2],[75.1,-62.5],[75,-62.9],[74.5,-62.6],[73.9,-62.6],[73,-62.3],[72.4,-62.2],[74.3,-62.1],[77,-61.7],[79.1,-61.1],[79.9,-60.1]]]]}},{"type":"Feature","properties":{},"geometry":{"type":"MultiPolygon","coordinates":[[[[-39,-61.7],[-38.7,-61.9],[-38.6,-62],[-38.3,-62.3],[-37,-62.4],[-37,-62.8],[-36.4,-62.6],[-35.5,-62.4],[-34.8,-62.3],[-35.2,-62.4],[-34.7,-62.4],[-33.8,-62.6],[-33,-63],[-32.6,-63],[-31.3,-62.5],[-28.8,-64],[-32.8,-64.8],[-40,-66.2],[-48.5,-66.8],[-51.9,-65.5],[-51.4,-64.7],[-47.7,-64.7],[-48.3,-64.5],[-47.5,-64.5],[-47.3,-64.3],[-45.7,-63.3],[-45.1,-63.6],[-45.4,-63.9],[-45,-63.8],[-44.9,-63.5],[-43.6,-63.1],[-42.5,-63.3],[-42.6,-63.2],[-41,-63.1],[-40.8,-63.1],[-40.5,-63],[-39.2,-63.1],[-39.9,-62.8],[-40,-62.5],[-39.7,-62.2],[-40,-62],[-40.3,-61.6],[-39.9,-61.4],[-39,-61.7]]]]}},{"type":"Feature","properties":{},"geometry":{"type":"MultiPolygon","coordinates":[[[[-53.8,-59.9],[-51.9,-59.9],[-51.5,-60.5],[-51,-61.1],[-51,-61.7],[-51.3,-61.6],[-51.3,-61.7],[-51,-62.3],[-51.6,-62.5],[-49.7,-63],[-51,-63.5],[-51.1,-63.8],[-51.8,-63.7],[-52.6,-63.8],[-52,-64],[-51.9,-64.1],[-52.2,-64.5],[-53.6,-64.4],[-54.6,-64.1],[-55.4,-64],[-56.9,-63.8],[-58.1,-63.4],[-58.6,-63.7],[-59,-63.7],[-59.3,-63.6],[-60.1,-63.3],[-60.6,-63.3],[-61.1,-63.4],[-61.4,-63.1],[-59.9,-63.1],[-59,-62.8],[-58.4,-62.8],[-56.7,-63],[-55.6,-62.8],[-56.9,-62.9],[-58.1,-62.4],[-57.8,-62.2],[-58.8,-62],[-58.7,-61.9],[-57.9,-61.8],[-56.7,-61.6],[-56.3,-61.3],[-56.1,-61.1],[-55.4,-61.2],[-54.7,-61.2],[-54.6,-61.1],[-54.3,-60.8],[-54,-60.8],[-53.6,-60.6],[-54.1,-60.4],[-53.8,-59.9]]]]}},{"type":"Feature","properties":{},"geometry":{"type":"MultiPolygon","coordinates":[[[[-62.7,-59.8],[-62.4,-59.7],[-59.9,-60.1],[-58.1,-60],[-57.9,-60.2],[-58.3,-60.7],[-59.4,-61.1],[-60,-61],[-60.3,-61],[-61.3,-60.9],[-61.7,-60.9],[-62.1,-60.7],[-62.5,-60.9],[-63,-60.8],[-63.5,-60.6],[-63.5,-60.4],[-63.1,-60.2],[-64,-60],[-63,-59.9],[-63.3,-59.7],[-62.8,-59.9],[-62.7,-59.8]]]]}},{"type":"Feature","properties":{},"geometry":{"type":"MultiPolygon","coordinates":[[[[-47.3,-64.3],[-47.6,-64.4],[-47.9,-64.4],[-47.3,-64.3]]]]}},{"type":"Feature","properties":{},"geometry":{"type":"MultiPolygon","coordinates":[[[[-33.6,-62.6],[-33.1,-62.8],[-33.4,-62.9],[-33.4,-62.8],[-33.7,-62.6],[-33.6,-62.6]]]]}},{"type":"Feature","properties":{},"geometry":{"type":"MultiPolygon","coordinates":[[[[164.7,-35.3],[161.1,-33.8],[162.7,-32.5],[163.5,-33.2],[165.1,-33.8],[166.7,-34.3],[168.1,-34.7],[169,-34.9],[169.3,-36.1],[168.8,-36.2],[169,-37.1],[169.4,-37.8],[169.4,-38.5],[168.2,-38.7],[166.7,-37.6],[165.9,-36.5],[164.7,-35.3]]]]}},{"type":"Feature","properties":{},"geometry":{"type":"MultiPolygon","coordinates":[[[[172.9,-52.7],[173.1,-51.1],[171.6,-48.9],[171.2,-48],[172.3,-47.3],[173,-49.2],[174,-51.1],[173.7,-52.9],[172.9,-54.1],[172.8,-54],[172.9,-52.7]]]]}},{"type":"Feature","properties":{},"geometry":{"type":"MultiPolygon","coordinates":[[[[180,-70.4],[173.9,-71.9],[166.8,-72.8],[167.5,-71.5],[168.2,-71.3],[168.3,-71.1],[168.2,-71],[170.3,-69.6],[170.5,-69.5],[176.2,-69.9],[180,-70.4]]]]}},{"type":"Feature","properties":{},"geometry":{"type":"MultiPolygon","coordinates":[[[[-180,-71],[-177.7,-69.5],[-174.6,-68.8],[-174.1,-70],[-180,-71]]]]}},{"type":"Feature","properties":{},"geometry":{"type":"MultiPolygon","coordinates":[[[[128.3,-47.9],[129.3,-47.7],[129.6,-46.9],[129.7,-46.5],[130.6,-46.3],[130.7,-46.2],[130.9,-45.9],[131.4,-45.9],[131.8,-45.3],[132.1,-45.1],[131.9,-45.1],[132.5,-44.6],[132.7,-44.3],[132.7,-44],[132.6,-43.7],[132.7,-43.5],[132.9,-43.4],[133.3,-43.1],[134.1,-42.5],[134.7,-42.2],[134.8,-42],[135.1,-41.9],[135.6,-41.5],[136,-41.1],[136.1,-40.9],[136.6,-40.7],[136.4,-40.6],[136.8,-40.5],[137,-40.3],[137.3,-40.2],[137.6,-40.1],[138.8,-40],[138.9,-40.1],[139,-39.9],[139.9,-40.1],[140.6,-40.3],[141.3,-40.4],[141.4,-40.5],[143,-40.6],[143.4,-40.6],[144,-40.6],[144.4,-40.4],[145.9,-40.5],[146.8,-40.6],[146.1,-41.6],[143.5,-43.7],[141.5,-44.5],[140.9,-45.5],[140.3,-46],[139.4,-46.4],[137.1,-47.2],[134.8,-47.9],[132.5,-49],[131.5,-50.2],[127.8,-51.9],[128.6,-48.7],[128.3,-47.9]]]]}},{"type":"Feature","properties":{},"geometry":{"type":"MultiPolygon","coordinates":[[[[128.9,-47.1],[129,-46.9],[129.1,-47.3],[128.7,-47.3],[128.9,-47.1]]]]}},{"type":"Feature","properties":{},"geometry":{"type":"MultiPolygon","coordinates":[[[[-129.8,-11.1],[-129.6,-11],[-129.5,-10.8],[-129.8,-11.1]]]]}},{"type":"Feature","properties":{},"geometry":{"type":"MultiPolygon","coordinates":[[[[106.8,-34.4],[107.5,-37.4],[108.9,-38.7],[110.2,-39.7],[107,-39.9],[104.5,-34.8],[105.5,-33.3],[106.8,-34.4]]]]}},{"type":"Feature","properties":{},"geometry":{"type":"MultiPolygon","coordinates":[[[[115.6,-27.9],[115.8,-31],[113.9,-33],[114.1,-35.8],[113.4,-38.5],[110.9,-40.8],[110.2,-41.2],[109.9,-40.9],[110.2,-39.7],[111.8,-36.8],[112.3,-34],[113.1,-30],[114.4,-27.3],[115.6,-27.9]]]]}},{"type":"Feature","properties":{},"geometry":{"type":"MultiPolygon","coordinates":[[[[180,-89],[-165.6,-89.1],[-23.8,-89.3],[8.2,-87.7],[22.2,-88],[51.3,-88.5],[102.5,-89],[159.8,-88.7],[180,-89]]]]}},{"type":"Feature","properties":{},"geometry":{"type":"MultiPolygon","coordinates":[[[[-169,-9.4],[-168.8,-6.2],[-167.2,-8.3],[-167.4,-10.1],[-168.6,-11.6],[-169,-9.4]]]]}},{"type":"Feature","properties":{},"geometry":{"type":"MultiPolygon","coordinates":[[[[73.3,-62.6],[73.3,-62.8],[74,-63],[73.5,-63.9],[71,-64.3],[70.2,-64.2],[69,-64.2],[67.9,-64],[68.6,-63.6],[69.2,-62.8],[70.6,-62.5],[72,-62.5],[73.3,-62.6]]]]}},{"type":"Feature","properties":{},"geometry":{"type":"MultiPolygon","coordinates":[[[[148.7,-46.1],[146.5,-44.2],[148.3,-41.7],[149.6,-41.8],[151.1,-42.2],[153.1,-42.3],[154.5,-42.4],[156.2,-42.6],[156.8,-43.9],[155.4,-45.1],[153.1,-45.5],[151.4,-45.5],[149.6,-45.5],[149.2,-46.3],[148.7,-46.1]]]]}},{"type":"Feature","properties":{},"geometry":{"type":"MultiPolygon","coordinates":[[[[86.5,-41.1],[88.4,-40.9],[89.4,-41.4],[89.9,-41.8],[90.9,-42.2],[92.4,-42.9],[93.6,-43.6],[94.7,-44.1],[95.2,-44.5],[95.2,-44.8],[88.6,-43.7],[86.5,-41.1]]]]}},{"type":"Feature","properties":{},"geometry":{"type":"MultiPolygon","coordinates":[[[[112.3,-18.9],[113,-19.9],[114.8,-23.1],[116.3,-25.1],[117,-25.5],[116.9,-25.6],[116.9,-25.9],[116.9,-26],[116.7,-25.9],[116.7,-26.1],[116.9,-26.4],[116.7,-26.5],[116.9,-26.6],[116.9,-26.8],[116.6,-26.9],[117,-27],[116.8,-27.2],[116.4,-27.2],[116.4,-27.4],[116.8,-27.6],[116.8,-27.7],[116.2,-27.6],[116.1,-27.9],[113.6,-27.5],[113.2,-30.9],[111.9,-31],[110.9,-32.5],[106.8,-34.4],[105.5,-33.3],[104.5,-32.3],[107.3,-30.5],[108.9,-29],[111.3,-26.1],[111.6,-25],[112.4,-22.3],[112.5,-21.2],[111.9,-19.2],[112.3,-18.9]]]]}},{"type":"Feature","properties":{},"geometry":{"type":"MultiPolygon","coordinates":[[[[172.4,-42.3],[171.1,-41.2],[170.7,-40.1],[171,-39.2],[171.2,-39.6],[172,-40.8],[172.4,-42.1],[172.4,-42.3]]]]}},{"type":"Feature","properties":{},"geometry":{"type":"MultiPolygon","coordinates":[[[[117.1,-66.2],[120,-62.9],[125.6,-62.6],[130.1,-66.7],[136.6,-71.4],[138.6,-73.7],[127.9,-71.5],[120.6,-69.6],[117.1,-66.2]]]]}},{"type":"Feature","properties":{},"geometry":{"type":"MultiPolygon","coordinates":[[[[111.9,-46.2],[112,-46.3],[112.1,-46.1],[112.1,-46],[112.4,-45.7],[113.8,-46.2],[116.7,-46.2],[119.3,-46.4],[121.8,-47.3],[124.4,-45.8],[126,-45.2],[129.4,-44.5],[131,-43.5],[131.1,-43.8],[130.5,-45],[129.7,-45.3],[128.8,-46.4],[128.3,-46.6],[127.9,-46.6],[127.2,-46.6],[126.3,-46.7],[125.1,-46.8],[124.5,-47],[123.7,-47.6],[120.9,-48.5],[119.4,-48.2],[119.2,-48],[118.9,-47.9],[118.7,-47.6],[118.4,-47.5],[118.5,-47.2],[118.3,-47.4],[117.7,-47.2],[117.8,-47],[117.5,-46.8],[116.6,-46.9],[116.4,-46.8],[115.8,-46.8],[115.2,-46.7],[115.2,-46.6],[115,-46.9],[114.6,-47],[114.4,-46.9],[114.6,-46.6],[113.9,-46.6],[113,-46.3],[112.5,-46.7],[111.9,-46.4],[111.9,-46.2]]]]}},{"type":"Feature","properties":{},"geometry":{"type":"MultiPolygon","coordinates":[[[[127.6,-42.2],[128,-42.2],[128.9,-42],[129.4,-42.2],[130.7,-42.8],[131,-43.4],[130,-44.4],[127.2,-44.7],[125.2,-45],[126,-44.3],[127.6,-42.2]]]]}},{"type":"Feature","properties":{},"geometry":{"type":"MultiPolygon","coordinates":[[[[114.8,-44.4],[115,-44.3],[115.3,-44.2],[115.3,-44],[116.3,-44.2],[116.5,-44.4],[117.5,-44],[118.5,-44],[119.8,-43.6],[118.6,-44.7],[116,-45],[115.9,-44.8],[114.8,-44.4]]]]}},{"type":"Feature","properties":{},"geometry":{"type":"MultiPolygon","coordinates":[[[[124,-43],[123.3,-43.7],[121.6,-43.4],[122.1,-43.3],[124,-43]]]]}},{"type":"Feature","properties":{},"geometry":{"type":"MultiPolygon","coordinates":[[[[113.2,-30.9],[112.4,-35.1],[111.6,-37.8],[109.8,-38.9],[107.7,-37.8],[107.1,-35.2],[109.8,-32.9],[111.6,-31.2],[112.9,-30.6],[113.2,-30.9]]]]}},{"type":"Feature","properties":{},"geometry":{"type":"MultiPolygon","coordinates":[[[[103.8,-32.8],[106,-37.7],[105.5,-41.1],[103.1,-40.8],[101.4,-40.5],[102.1,-39.2],[102.1,-37.2],[100.8,-34.8],[102.4,-33.7],[103.8,-32.8]]]]}},{"type":"Feature","properties":{},"geometry":{"type":"MultiPolygon","coordinates":[[[[131.6,-41],[130.8,-40.8],[131.1,-40.5],[130.4,-40.1],[130.1,-39.6],[130,-39.1],[130.7,-39.4],[131.6,-41]]]]}},{"type":"Feature","properties":{},"geometry":{"type":"MultiPolygon","coordinates":[[[[98.7,-13.7],[98.7,-12.8],[98.7,-12.9],[99.5,-13.6],[99.3,-14.2],[99.1,-14.1],[98.7,-13.8],[98.7,-13.7]]]]}},{"type":"Feature","properties":{},"geometry":{"type":"MultiPolygon","coordinates":[[[[86.5,-15.9],[87.3,-19.2],[88.9,-22.9],[92.2,-23.8],[93.2,-23.8],[98,-22.5],[98.5,-22.8],[97.8,-23.8],[97.4,-24.3],[97,-24.8],[96,-25.6],[93.8,-26.7],[92.3,-27.9],[91.5,-29],[91.1,-29.8],[90.9,-29.4],[90.9,-28.4],[90.8,-27.4],[90.4,-26.4],[90,-25.6],[89.3,-24.5],[88.5,-23.7],[87.7,-22.7],[87.2,-21.7],[86.9,-20.5],[86.4,-16.7],[86.5,-15.9]]]]}},{"type":"Feature","properties":{},"geometry":{"type":"MultiPolygon","coordinates":[[[[97.9,-14.8],[91.5,-13.8],[88.1,-10.8],[84.5,-9.1],[84.5,-8.4],[85,-8.7],[85.2,-8.6],[84.9,-8.5],[85,-8.3],[85.2,-8.3],[85.2,-8.5],[85.5,-8.5],[85.5,-8.2],[85.8,-8.4],[86.1,-7.9],[86.2,-8.2],[86.3,-8.3],[86.8,-8.6],[87,-8.4],[87.3,-8.2],[87.6,-8.2],[87.7,-8.2],[87.9,-8.3],[88.2,-8.2],[88.3,-8.4],[88.2,-8.7],[88.5,-8.6],[88.5,-8.3],[88.6,-8.4],[88.5,-8.2],[88.9,-8.2],[89.3,-8.2],[89.4,-8],[89.6,-8],[89.7,-8.4],[89.7,-8.1],[90,-8.1],[89.9,-8.3],[90.1,-8.4],[90.2,-8.3],[90.3,-8.5],[90.4,-8.3],[90.7,-8.3],[90.8,-8.6],[90.9,-8.7],[91.1,-8.7],[91.2,-8.6],[91.3,-8.6],[91.7,-8.7],[91.8,-8.7],[92,-8.8],[92.2,-8.9],[92.3,-9.1],[92.4,-9.1],[92.5,-9.1],[92.7,-9.4],[92.9,-9.2],[93.4,-9.4],[93.6,-9.5],[93.7,-9.7],[93.9,-10],[94.1,-10.2],[94.2,-10.2],[94,-10.4],[94.4,-10.5],[94.6,-10.7],[94.6,-10.6],[94.8,-10.5],[94.7,-10.9],[94.5,-11.4],[94.5,-11.5],[94.6,-11.3],[94.8,-11.2],[95,-11.1],[95.2,-11.2],[95.5,-11.4],[95.4,-11.4],[95.7,-11.5],[95.9,-11.9],[96.1,-12],[96.4,-12.2],[96.5,-12.2],[96.8,-12.4],[96.8,-12.5],[96.9,-12.8],[97.4,-12.9],[97.5,-13.1],[97.8,-13.2],[97.9,-13],[98.5,-13],[98.2,-13.3],[98.1,-13.6],[97.7,-13.7],[97.5,-13.7],[97.6,-13.9],[97.4,-14],[97.8,-14.1],[97.8,-14.3],[97.9,-14.6],[97.9,-14.8]]]]}},{"type":"Feature","properties":{},"geometry":{"type":"MultiPolygon","coordinates":[[[[98.8,-15.6],[98.9,-15.6],[99.2,-15.7],[99.5,-15.8],[99.5,-16.1],[99.6,-15.9],[99.8,-16],[100,-15.9],[99.9,-16.8],[98.8,-15.6]]]]}},{"type":"Feature","properties":{},"geometry":{"type":"MultiPolygon","coordinates":[[[[88.7,-5.9],[88.8,-6.4],[88.6,-6],[88.7,-5.9]]]]}},{"type":"Feature","properties":{},"geometry":{"type":"MultiPolygon","coordinates":[[[[98.5,-11.9],[98.6,-12.6],[98.4,-12.4],[98.5,-11.9]]]]}},{"type":"Feature","properties":{},"geometry":{"type":"MultiPolygon","coordinates":[[[[89.3,-7.9],[89.4,-7.9],[89.2,-7.9],[89.3,-7.9]]]]}},{"type":"Feature","properties":{},"geometry":{"type":"MultiPolygon","coordinates":[[[[72.2,11.6],[72.1,14.1],[71.6,15.4],[73.5,16.2],[76.7,15.7],[76.8,14.3],[74.1,11.9],[72.2,11.6]]]]}},{"type":"Feature","properties":{},"geometry":{"type":"MultiPolygon","coordinates":[[[[82.3,15.1],[81.3,14.7],[79.2,15.7],[77.1,16.8],[72.6,17.6],[75.7,18.3],[77.6,17.7],[78.5,16.9],[79.5,16.6],[82.1,15.3],[82.3,15.1]]]]}},{"type":"Feature","properties":{},"geometry":{"type":"MultiPolygon","coordinates":[[[[70.6,-4.8],[70.7,-6.5],[71.1,-9.2],[71.4,-11],[72.3,-12.8],[72.5,-14.7],[72.1,-17.7],[72.4,-19.9],[71.6,-18.9],[70.6,-17.3],[69.8,-12.5],[70.1,-9.4],[70.6,-4.8]]]]}},{"type":"Feature","properties":{},"geometry":{"type":"MultiPolygon","coordinates":[[[[55.1,-17.7],[55.4,-15],[57.8,-15.9],[59.4,-17.7],[60.1,-18.7],[61.9,-20.3],[62.6,-21.9],[62.6,-24],[61.4,-26.8],[59.3,-26.4],[57.3,-24],[56.2,-22.5],[55.5,-20.4],[55.3,-18],[55.1,-17.7]]]]}},{"type":"Feature","properties":{},"geometry":{"type":"MultiPolygon","coordinates":[[[[-56.9,-40.1],[-56.6,-40.3],[-56.3,-40.3],[-56.2,-40.2],[-55.9,-40.4],[-55.3,-40.3],[-55,-40.4],[-55,-40.2],[-54.4,-40],[-54,-39.8],[-54.3,-40],[-54,-39.9],[-53.7,-40],[-53.5,-39.9],[-53.3,-40.2],[-53.3,-39.6],[-52.9,-39.5],[-52.7,-39.3],[-51.1,-39.1],[-51.1,-39],[-50.6,-38.8],[-50,-38.7],[-48.8,-39],[-48.9,-40.5],[-50.5,-41.4],[-50.8,-41.4],[-51.6,-41.5],[-52,-41.7],[-51.3,-41.8],[-51,-41.8],[-50.7,-42],[-49.8,-41.6],[-49.6,-41.7],[-49.3,-42],[-48.8,-42.2],[-48.4,-42.3],[-48.2,-42.5],[-47.8,-42.3],[-47.3,-42.3],[-46.6,-41.9],[-47.1,-41.5],[-47.9,-41.8],[-48.1,-41.3],[-47.3,-41.1],[-46.4,-40.5],[-46.9,-40.4],[-47.8,-40.2],[-48.1,-38.9],[-47.5,-38.5],[-47.4,-38.3],[-48.2,-37.9],[-47.7,-37.5],[-45.8,-36.1],[-41.6,-32.8],[-39.7,-33.2],[-36.4,-33.6],[-30.9,-34.1],[-27.4,-34.6],[-21.8,-34.7],[-20.6,-34.7],[-20.4,-34.8],[-20.2,-35.4],[-18.4,-35.7],[-18.6,-37],[-19.9,-40.3],[-19.7,-39.4],[-21,-39.2],[-21.7,-39.2],[-21.8,-39.8],[-21.8,-39.9],[-22,-40.2],[-22.1,-40.7],[-22,-41],[-21.7,-41.6],[-21.7,-41.8],[-21.5,-41.9],[-21.2,-42],[-21.1,-42.1],[-21.2,-42.2],[-23,-45.2],[-24.3,-46.7],[-22.3,-49.9],[-22.5,-50.7],[-22.7,-50.5],[-22.6,-50.3],[-22.5,-50],[-23.3,-49.4],[-23.1,-49.1],[-24.2,-49.3],[-24.2,-49],[-24.5,-48.5],[-24.7,-48.6],[-24.9,-49.1],[-24.8,-50],[-24.8,-50.4],[-24.8,-51.1],[-24.7,-51.2],[-24.7,-51.7],[-24.4,-51.8],[-24,-51.9],[-23.8,-51.8],[-23.3,-51.7],[-24.1,-51.7],[-24.6,-51.6],[-23.2,-51.1],[-22.7,-50.8],[-22.7,-51.3],[-22.4,-51.8],[-22.2,-52.7],[-22.8,-52.9],[-24.1,-53.1],[-24.2,-53.3],[-24.6,-52.7],[-24.8,-52.4],[-25.3,-52.6],[-25.7,-53.2],[-26.1,-53.2],[-26.7,-53.5],[-26.6,-53.2],[-26.9,-53.5],[-27,-53.8],[-26.4,-54.4],[-27,-54.5],[-26.3,-54.7],[-26.2,-54.9],[-26.4,-55],[-25.7,-55.1],[-25.5,-55.3],[-24.9,-55.9],[-25.4,-55.7],[-25.2,-56],[-28,-58],[-27.8,-57.4],[-30,-56.7],[-30.7,-56.5],[-31.6,-56.5],[-31.9,-56.7],[-33.1,-57],[-33.5,-57.2],[-34.1,-57.3],[-34.9,-57.4],[-35.8,-57.5],[-37.1,-58.1],[-39.2,-59.2],[-40.1,-60.1],[-39.8,-61.2],[-40.2,-61.1],[-40.6,-61.4],[-41.2,-61.7],[-41.3,-60.5],[-41.7,-59.3],[-42.8,-58.5],[-43.7,-58],[-46.5,-56.9],[-46.9,-55.3],[-46.5,-55.2],[-45.2,-54.7],[-45.2,-55.2],[-45.1,-54.6],[-45.2,-54.3],[-45.1,-54.3],[-44.9,-53.7],[-46.5,-52.9],[-47.2,-51.9],[-45.7,-51.6],[-45.9,-50.7],[-46.6,-50.5],[-47.4,-50.4],[-47.7,-50.2],[-47.7,-49.7],[-47.3,-49.4],[-47.2,-49.2],[-47,-49],[-46.4,-48.7],[-46,-47.9],[-45.5,-47.6],[-45.3,-47.1],[-46.3,-47.4],[-46.6,-47.1],[-46.7,-47.4],[-47.1,-47.7],[-47.3,-47.8],[-47.6,-48.1],[-47.6,-48.2],[-47.7,-48.3],[-47.6,-48.4],[-47.9,-48.6],[-48.1,-48.8],[-48.1,-49.2],[-48.4,-49.4],[-48.8,-49.8],[-48.8,-49.5],[-49.1,-49.6],[-49,-49.5],[-49.4,-49.5],[-50.1,-49.5],[-50.5,-49.6],[-50.7,-49.4],[-51,-49.1],[-51.2,-48.9],[-52,-48.4],[-52.2,-48.2],[-52.4,-48.1],[-52.6,-47.8],[-52.9,-47.5],[-52.6,-47.4],[-52.7,-47],[-52.6,-46.9],[-52.7,-46.7],[-52.5,-46.5],[-52.5,-46.1],[-52.7,-45.5],[-52.6,-45.1],[-52.7,-44.9],[-53,-44.8],[-53.7,-44.8],[-53.9,-44.9],[-54.1,-45],[-54.2,-45.1],[-54.7,-45.2],[-54.4,-45.5],[-54.5,-45.6],[-54.7,-45.8],[-54.8,-45.9],[-54.5,-46.4],[-54,-46.5],[-54,-46.9],[-53.8,-47.5],[-53.9,-47.5],[-54.1,-47.9],[-54.4,-48.2],[-54.3,-48.3],[-54.4,-48.5],[-54.3,-48.6],[-54.3,-48.8],[-54.8,-48.7],[-54.4,-49.2],[-54.4,-49.4],[-53.8,-49.9],[-53.9,-50],[-53.8,-50.2],[-53.6,-50.3],[-53.4,-50.5],[-53.1,-50.7],[-52.6,-50.6],[-51.9,-50.8],[-51.8,-50.8],[-51.2,-50.9],[-51.3,-51.1],[-51.4,-51.6],[-51.2,-51.5],[-51,-51.6],[-51.2,-51.6],[-51.1,-51.9],[-51.4,-52],[-51.2,-52.2],[-51.5,-52.4],[-51.4,-52.5],[-51.3,-52.7],[-51.5,-52.9],[-51.1,-53],[-51,-53.2],[-51.2,-53.3],[-50.7,-53.4],[-50.8,-53.6],[-50.3,-54],[-50.3,-54.1],[-50,-54.4],[-50.2,-55],[-50.9,-55.3],[-50.9,-55.8],[-52.9,-55.8],[-52.7,-55.4],[-53.5,-55.3],[-54.2,-55],[-54.5,-54.7],[-55,-54.2],[-55,-54.3],[-55.1,-54.5],[-55.3,-54.1],[-55.4,-54.2],[-55.6,-54.2],[-56.1,-53.6],[-56.5,-53.7],[-56.9,-53.4],[-57.1,-53],[-57.1,-53.3],[-56.8,-53.8],[-56.9,-53.9],[-57.3,-53.9],[-57.4,-54.2],[-57.6,-54.4],[-57.7,-54.6],[-58,-55.1],[-58.2,-55.3],[-58.9,-55.4],[-59,-55.4],[-59.2,-55.3],[-59.3,-55.3],[-60.4,-55.2],[-60.7,-54.7],[-60,-54.8],[-60.3,-54.8],[-60.3,-54.5],[-60.4,-54.4],[-60.3,-54.4],[-60.4,-54.2],[-60.5,-54.2],[-60.7,-54.3],[-61,-54.4],[-61,-54.5],[-61.2,-54.2],[-61,-54.1],[-60.5,-53.8],[-61.1,-54],[-60.8,-53.6],[-60.5,-53.6],[-60.4,-53.2],[-60.9,-53.4],[-61.1,-53.8],[-61.4,-53.9],[-61.3,-53.7],[-61.4,-53.7],[-61.6,-53.5],[-61.4,-53.1],[-61.9,-53.3],[-61.6,-53.2],[-61.7,-53],[-62,-53],[-61.8,-52.9],[-61.2,-52.7],[-60.6,-52.6],[-60.4,-52.7],[-60.4,-52.5],[-60.4,-52.1],[-60.6,-52.4],[-61.1,-52.5],[-61.4,-52.6],[-62,-52.7],[-62.2,-52.6],[-62.2,-52.4],[-62.2,-52.3],[-62.1,-52.3],[-62.2,-52.2],[-62,-52],[-61.7,-52],[-61.2,-51.9],[-62.2,-52],[-62.3,-51.9],[-62.2,-51.9],[-62.1,-51.8],[-61.9,-51.7],[-61.8,-51.6],[-61.4,-51.6],[-61.5,-51.3],[-61.2,-51.6],[-61.5,-51.3],[-61.9,-51.3],[-61.4,-51.2],[-61.3,-51.1],[-61.1,-51],[-60.7,-50.9],[-61.5,-51],[-61.6,-50.8],[-61.1,-50.8],[-60.9,-50.6],[-60.6,-50.7],[-60.6,-50.6],[-60.7,-50.6],[-60.4,-50.3],[-60.7,-50.2],[-60.5,-50],[-60.3,-50.1],[-60.3,-49.9],[-60.2,-49.8],[-59.6,-50],[-59.4,-49.7],[-59.1,-49.3],[-59.4,-49.1],[-59.4,-49.4],[-60,-49.8],[-60.1,-49.6],[-60,-49.4],[-60.2,-49.3],[-60,-49.1],[-59.9,-48.9],[-59.8,-48.7],[-59.6,-48.9],[-59.5,-48.6],[-59.5,-48.3],[-59.8,-48.5],[-59.6,-48.2],[-59.8,-48.3],[-59.3,-48],[-59.3,-47.8],[-59.5,-47.7],[-59.7,-47.5],[-59.4,-47.6],[-59.5,-47.6],[-59.7,-47.4],[-59.7,-47.2],[-59.6,-47.1],[-59.3,-46.8],[-59.3,-46.7],[-59.4,-46.7],[-59.8,-46.5],[-59.5,-46.4],[-59.7,-46.4],[-59.6,-46.3],[-59.6,-46.2],[-59.9,-46.1],[-59.7,-45.9],[-59.6,-45.8],[-59.2,-45.7],[-59,-45.5],[-59.5,-45.6],[-59.4,-45.4],[-59.5,-45.4],[-59.1,-45.4],[-59.1,-45.1],[-59.3,-45.2],[-59.5,-44.9],[-59.6,-45.1],[-59.8,-45],[-59.3,-44.8],[-59.7,-44.8],[-59.5,-44.5],[-59.2,-44.7],[-59.2,-44.6],[-59.1,-44.5],[-59.4,-44.4],[-59.1,-44.3],[-58.7,-44],[-59.2,-44.1],[-59.4,-44],[-59,-43.8],[-59.2,-43.7],[-59.2,-43.3],[-59.1,-43.1],[-59.2,-43],[-58.7,-43],[-58.9,-43],[-59,-42.8],[-58.9,-42.5],[-58.8,-42.7],[-58.5,-42.5],[-58.2,-42.6],[-58.5,-42.2],[-58.3,-42.2],[-57.9,-42.1],[-58.1,-41.9],[-58.6,-41.9],[-58.3,-41.8],[-58.2,-41.8],[-57.9,-41.6],[-57.7,-41.8],[-57.9,-41.5],[-57.9,-41.4],[-57.8,-40.9],[-58,-40.7],[-57.8,-40.5],[-57.7,-40.5],[-57.4,-40.4],[-57.3,-40.9],[-57,-41.2],[-57.1,-40.4],[-56.8,-40.6],[-56.9,-40.3],[-56.9,-40.1]]]]}},{"type":"Feature","properties":{},"geometry":{"type":"MultiPolygon","coordinates":[[[[-56.5,-55.9],[-55.8,-55.2],[-56.2,-55.7],[-56.5,-55.9]]]]}},{"type":"Feature","properties":{},"geometry":{"type":"MultiPolygon","coordinates":[[[[-49.4,-52.5],[-49.2,-52.8],[-48.9,-53.2],[-49,-53.5],[-49.4,-53.3],[-49.4,-52.7],[-49.4,-52.5]]]]}},{"type":"Feature","properties":{},"geometry":{"type":"MultiPolygon","coordinates":[[[[-47.8,-50.8],[-47.3,-51],[-47.3,-51.4],[-47.5,-51.3],[-48,-51.1],[-47.9,-50.9],[-47.8,-50.8]]]]}},{"type":"Feature","properties":{},"geometry":{"type":"MultiPolygon","coordinates":[[[[-59.9,-43.9],[-59.7,-44.1],[-59.8,-44],[-59.4,-44.1],[-59.7,-44.4],[-60,-44.6],[-60,-44.3],[-60,-44.1],[-59.9,-43.9]]]]}},{"type":"Feature","properties":{},"geometry":{"type":"MultiPolygon","coordinates":[[[[-59.7,-43.1],[-59.5,-43],[-59.3,-43.2],[-59.4,-43.4],[-59.5,-43.5],[-59.6,-43.3],[-59.6,-43.2],[-59.5,-43.1],[-59.7,-43.1]]]]}},{"type":"Feature","properties":{},"geometry":{"type":"MultiPolygon","coordinates":[[[[-47.9,-50.6],[-47.9,-50.7],[-48.2,-50.5],[-47.9,-50.4],[-47.9,-50.6]]]]}},{"type":"Feature","properties":{},"geometry":{"type":"MultiPolygon","coordinates":[[[[-60.3,-43.9],[-60.3,-44.3],[-60.4,-44.3],[-60.5,-44.3],[-60.3,-44.2],[-60.3,-43.9]]]]}},{"type":"Feature","properties":{},"geometry":{"type":"MultiPolygon","coordinates":[[[[-50.8,-50.2],[-50.8,-50.5],[-50.7,-50.5],[-50.9,-50.5],[-51,-50.4],[-50.8,-50.2]]]]}},{"type":"Feature","properties":{},"geometry":{"type":"MultiPolygon","coordinates":[[[[-58.2,-41],[-58.4,-41.4],[-58.6,-41.4],[-58.6,-41.2],[-58.3,-41.1],[-58.3,-40.9],[-58.2,-41]]]]}},{"type":"Feature","properties":{},"geometry":{"type":"MultiPolygon","coordinates":[[[[-59.1,-42.7],[-59.3,-42.9],[-59.4,-42.7],[-59.4,-42.6],[-59.1,-42.7]]]]}},{"type":"Feature","properties":{},"geometry":{"type":"MultiPolygon","coordinates":[[[[-60.7,-49.9],[-60.4,-49.9],[-60.8,-49.9],[-60.7,-49.9]]]]}},{"type":"Feature","properties":{},"geometry":{"type":"MultiPolygon","coordinates":[[[[-58,-41.1],[-58,-41.4],[-58,-41.3],[-58,-41.1]]]]}},{"type":"Feature","properties":{},"geometry":{"type":"MultiPolygon","coordinates":[[[[-49.3,-49.4],[-49.3,-49.8],[-49.4,-49.7],[-49.3,-49.4]]]]}},{"type":"Feature","properties":{},"geometry":{"type":"MultiPolygon","coordinates":[[[[-60,-44.6],[-60.3,-44.9],[-60.2,-44.5],[-60,-44.6]]]]}},{"type":"Feature","properties":{},"geometry":{"type":"MultiPolygon","coordinates":[[[[-57.8,-40.2],[-57.5,-40.2],[-57.8,-40.4],[-57.8,-40.2]]]]}},{"type":"Feature","properties":{},"geometry":{"type":"MultiPolygon","coordinates":[[[[-60.4,-44.8],[-60.4,-44.9],[-60.6,-44.9],[-60.4,-44.8]]]]}},{"type":"Feature","properties":{},"geometry":{"type":"MultiPolygon","coordinates":[[[[-48.5,-31],[-47.6,-30],[-47.4,-29.6],[-46.7,-29.1],[-45.9,-29.4],[-44,-31.1],[-41.6,-32.8],[-45.8,-36.1],[-47.8,-36.4],[-48,-36.1],[-47.8,-36],[-48.1,-36],[-48.1,-35.7],[-48.1,-35.5],[-48.3,-35.1],[-48.3,-34.9],[-48.3,-34.6],[-48.1,-34.6],[-48,-34.5],[-48.1,-34.4],[-48.3,-34.4],[-48.3,-34.5],[-48.5,-33.9],[-48.4,-33.9],[-48.2,-33.9],[-48.1,-34],[-47.8,-34.1],[-47.9,-34.1],[-47.9,-34.2],[-47.8,-34.3],[-47.7,-34.3],[-47.6,-34],[-47.5,-33.8],[-47.5,-33.7],[-47.6,-33.7],[-47.8,-33.3],[-47.8,-33.2],[-47.6,-32.9],[-47.7,-32.6],[-47.7,-32.5],[-47.8,-32.4],[-47.7,-32.3],[-47.9,-32.1],[-47.8,-32.1],[-47.5,-32],[-47.2,-31.9],[-47.4,-31.8],[-47.4,-31.3],[-48.2,-31.5],[-48.4,-31.5],[-48.7,-31.2],[-48.5,-31]]]]}},{"type":"Feature","properties":{},"geometry":{"type":"MultiPolygon","coordinates":[[[[-49.9,-37.2],[-49.4,-36.7],[-49.3,-36.7],[-49,-36.7],[-48.5,-36.7],[-48,-37.4],[-49.2,-37.5],[-49.8,-37.3],[-49.9,-37.2]]]]}},{"type":"Feature","properties":{},"geometry":{"type":"MultiPolygon","coordinates":[[[[125.4,-61.9],[124.3,-59],[125.5,-58.6],[128.3,-58.9],[130.9,-58.8],[131.3,-59],[131.8,-59.3],[131.2,-59.4],[132,-60.2],[132.2,-60.2],[133.5,-60],[135.1,-60.7],[136.1,-61.3],[135.8,-63.3],[135.1,-65],[137.5,-66.7],[139.3,-68],[128.4,-65.8],[125.4,-61.9]]]]}},{"type":"Feature","properties":{},"geometry":{"type":"MultiPolygon","coordinates":[[[[126.1,-55.4],[126.1,-55.6],[126.5,-55.7],[126.4,-55.8],[126.6,-56],[127,-56],[127.6,-56.3],[127.6,-56.4],[128,-56.5],[128.2,-56.6],[128.8,-56.7],[130,-56.5],[130.1,-56.2],[132.2,-55.5],[132.4,-55.3],[132.2,-55.1],[131.8,-55],[131.3,-55.1],[131,-54.7],[131.3,-54.3],[131.7,-54.2],[131.1,-54.4],[130.4,-54],[129.4,-54.1],[129.9,-54.5],[129.5,-54.4],[129.1,-54.4],[128.8,-54.5],[128.4,-54.4],[127.6,-54.5],[127.3,-54.7],[126.5,-54.6],[127.8,-51.9],[132,-50.8],[133.9,-49.4],[136.8,-49.7],[137.9,-50.5],[137.9,-52.8],[136.8,-54.6],[132.6,-55.6],[131.4,-56.2],[129.9,-56.9],[130.5,-57.9],[128.3,-58.9],[128.7,-58.5],[126.3,-58.4],[124.1,-58.4],[126.1,-55.4]]]]}},{"type":"Feature","properties":{},"geometry":{"type":"MultiPolygon","coordinates":[[[[137.8,-49.3],[138.2,-48.8],[138.9,-48],[138.9,-48.5],[139.1,-49.9],[139.3,-53],[139.3,-53.8],[138.9,-54.3],[137.8,-49.3]]]]}},{"type":"Feature","properties":{},"geometry":{"type":"MultiPolygon","coordinates":[[[[69.8,-66.1],[79,-65.6],[80,-69.9],[91.6,-72.8],[101.1,-74.7],[94.2,-76.6],[70.6,-75],[67.2,-71],[69.8,-66.1]]]]}},{"type":"Feature","properties":{},"geometry":{"type":"MultiPolygon","coordinates":[[[[109.2,-46.2],[104.8,-48.1],[99.6,-48.1],[98.5,-46.6],[97.7,-45.7],[99,-45.6],[99.5,-45.4],[100,-45.6],[102.1,-45.6],[105.6,-45.9],[109.2,-46.2]]]]}},{"type":"Feature","properties":{},"geometry":{"type":"MultiPolygon","coordinates":[[[[121.6,-69.6],[129.1,-71.3],[140,-73.4],[129.7,-72.2],[121.6,-69.6]]]]}},{"type":"Feature","properties":{},"geometry":{"type":"MultiPolygon","coordinates":[[[[117.1,-66.2],[120.6,-69.6],[116.4,-67.3],[117.1,-66.2]]]]}},{"type":"Feature","properties":{},"geometry":{"type":"MultiPolygon","coordinates":[[[[-87.6,-71],[-82.9,-70.2],[-78.2,-70.7],[-69.9,-73.7],[-57.5,-77.8],[-49.9,-80.7],[-55,-81.9],[-62.8,-79.5],[-79.7,-76.3],[-88.4,-72.5],[-87.6,-71]]]]}},{"type":"Feature","properties":{},"geometry":{"type":"MultiPolygon","coordinates":[[[[180,-76.1],[179.7,-81.2],[168.7,-82.1],[157.9,-81.6],[155.2,-80.3],[156.4,-77.8],[172.9,-76.7],[180,-76.1]]]]}},{"type":"Feature","properties":{},"geometry":{"type":"MultiPolygon","coordinates":[[[[-180,-81.2],[-179.8,-76.1],[-173,-75.6],[-173.1,-75.8],[-165.2,-75],[-162.9,-74.5],[-160,-73.9],[-160.5,-74.9],[-160.9,-75.3],[-160.3,-79.4],[-168.7,-81],[-180,-81.2]]]]}},{"type":"Feature","properties":{},"geometry":{"type":"MultiPolygon","coordinates":[[[[-155.6,-58.4],[-162.6,-57.4],[-161.1,-53.9],[-157.7,-52.1],[-151.2,-51.1],[-143.3,-48.5],[-135.6,-47.3],[-131.2,-46.1],[-127.1,-47.5],[-127,-50.5],[-132.1,-51.5],[-140.1,-53.4],[-143,-54.9],[-145.9,-55.5],[-145.9,-56.5],[-145.4,-54.4],[-149.8,-55.5],[-154.1,-58.2],[-155.6,-58.4]]]]}},{"type":"Feature","properties":{},"geometry":{"type":"MultiPolygon","coordinates":[[[[-155.1,-66.9],[-158,-64.9],[-161.5,-63],[-158.9,-59.9],[-154.3,-61.2],[-147.2,-59.1],[-138.7,-57.6],[-133.3,-58.1],[-130.7,-60.4],[-134.8,-63.1],[-143.9,-64.5],[-154.1,-66.3],[-155.1,-66.9]]]]}},{"type":"Feature","properties":{},"geometry":{"type":"MultiPolygon","coordinates":[[[[-162.6,-57.4],[-155.6,-58.4],[-158,-59.7],[-160.5,-60.9],[-163.6,-61.8],[-165.2,-60],[-162.6,-57.4]]]]}},{"type":"Feature","properties":{},"geometry":{"type":"MultiPolygon","coordinates":[[[[-156.6,-71.6],[-148.4,-71.2],[-148.9,-71.2],[-148.5,-71.5],[-149.1,-71.5],[-149.6,-71.6],[-150.2,-71.6],[-150.8,-71.6],[-151,-71.7],[-151.1,-72],[-152.1,-71.7],[-152.4,-71.9],[-152,-72.1],[-152.5,-72.2],[-152.7,-72.2],[-153.3,-72.3],[-153.6,-72.4],[-153.9,-72.4],[-154.4,-72.2],[-154.9,-72],[-155,-71.9],[-155,-72],[-155.2,-72.3],[-155.6,-72.1],[-156.1,-71.8],[-156.6,-71.6]]]]}},{"type":"Feature","properties":{},"geometry":{"type":"MultiPolygon","coordinates":[[[[-160,-73.4],[-157.1,-71.7],[-157.2,-72],[-157.2,-72.2],[-157,-72.4],[-157.4,-72.7],[-158.1,-72.8],[-157.5,-73],[-159.7,-73.4],[-160,-73.4]]]]}},{"type":"Feature","properties":{},"geometry":{"type":"MultiPolygon","coordinates":[[[[-156.5,-72.4],[-156.7,-72.1],[-156.6,-72],[-156.1,-72.1],[-156.5,-72.4]]]]}},{"type":"Feature","properties":{},"geometry":{"type":"MultiPolygon","coordinates":[[[[-177.1,-68.6],[-177.5,-65.9],[-177.3,-61.1],[-175.4,-59],[-170.1,-61],[-167.1,-64],[-171.3,-67],[-174.6,-68.8],[-177.1,-68.6]]]]}},{"type":"Feature","properties":{},"geometry":{"type":"MultiPolygon","coordinates":[[[[-116.1,-59.4],[-117.1,-57.6],[-118.3,-55.5],[-119.3,-53.7],[-122,-52.4],[-123.8,-50.9],[-125.7,-50.5],[-127.1,-47.5],[-131.2,-46.1],[-135.6,-47.3],[-143.3,-48.5],[-151.2,-51.1],[-157.7,-52.1],[-163.5,-52.3],[-162.2,-49.3],[-156.3,-47.3],[-152.8,-46.4],[-148.1,-45.3],[-145.3,-43.6],[-142.6,-42.5],[-138.5,-42],[-134.7,-41.6],[-129.4,-41.3],[-125.3,-42.9],[-122.6,-45.1],[-120.8,-47.4],[-118.8,-47.6],[-115.9,-49.7],[-115.4,-50.1],[-115.1,-50.3],[-114.8,-50.6],[-114.6,-51],[-114.3,-51.3],[-114,-51.6],[-113.7,-51.9],[-113.6,-52.1],[-113.5,-52.6],[-113.4,-54.3],[-114.1,-55.3],[-113.8,-55.7],[-113.4,-56.2],[-113.3,-56.1],[-113.1,-56.8],[-112.9,-58.4],[-113.2,-57.5],[-114,-57.7],[-114.5,-58],[-114.5,-58.5],[-114.9,-59.1],[-115.5,-59.5],[-116.1,-59.4]]]]}},{"type":"Feature","properties":{},"geometry":{"type":"MultiPolygon","coordinates":[[[[-113,-59.3],[-113.9,-59.3],[-113.6,-58.9],[-112.8,-59.3],[-113,-59.3]]]]}},{"type":"Feature","properties":{},"geometry":{"type":"MultiPolygon","coordinates":[[[[180,-42.5],[179,-43.9],[177.3,-40.8],[177.7,-40.8],[180,-42.5]]]]}},{"type":"Feature","properties":{},"geometry":{"type":"MultiPolygon","coordinates":[[[[-180,-43.9],[-177,-42.9],[-176.5,-43.3],[-178,-43.8],[-178.9,-44],[-180,-43.9]]]]}},{"type":"Feature","properties":{},"geometry":{"type":"MultiPolygon","coordinates":[[[[-134.5,-22.5],[-135.7,-21.6],[-136.1,-21.1],[-134.2,-21.5],[-134.3,-21.6],[-134.1,-21.7],[-134.3,-21.9],[-134.2,-22.2],[-133.9,-22.3],[-134,-22.4],[-134.1,-22.8],[-134.4,-22.5],[-134.5,-22.5]]]]}},{"type":"Feature","properties":{},"geometry":{"type":"MultiPolygon","coordinates":[[[[-134.2,-21.5],[-135,-20.1],[-134,-19.1],[-132.7,-17.9],[-131.9,-17.1],[-131.1,-16.4],[-131,-16.6],[-131.2,-16.7],[-131.2,-16.8],[-131.3,-16.8],[-131.3,-17],[-131.6,-17],[-131.7,-17.1],[-131.6,-17.4],[-131.7,-17.5],[-132,-17.4],[-131.8,-17.6],[-131.9,-17.8],[-132.3,-18],[-132.6,-17.9],[-132.2,-18.1],[-132.3,-18.3],[-132.6,-18.2],[-132.7,-18.2],[-132.4,-18.5],[-132.7,-18.5],[-132.6,-18.6],[-132.6,-18.9],[-132.7,-19],[-133,-18.9],[-133,-19.2],[-133,-19.3],[-133.2,-19.6],[-133.6,-19.5],[-133.6,-19.6],[-133.6,-19.7],[-133.8,-19.6],[-134,-19.6],[-133.9,-19.8],[-134,-20],[-134.1,-20],[-134.1,-20.2],[-134.2,-20.7],[-134.1,-20.8],[-134.2,-20.8],[-134.6,-20.9],[-134.3,-21.1],[-134.1,-21.2],[-134.2,-21.4],[-134.2,-21.5]]]]}},{"type":"Feature","properties":{},"geometry":{"type":"MultiPolygon","coordinates":[[[[-151.6,-19],[-151.7,-18.8],[-152.2,-18.4],[-152.4,-18.2],[-152.7,-18.4],[-153.3,-17.8],[-153.7,-17.4],[-154.3,-17],[-153.9,-17.2],[-154.1,-17.1],[-154.2,-17],[-154.3,-16.9],[-154.4,-16.9],[-154.5,-16.9],[-154.9,-16.7],[-155.1,-16.5],[-156,-16],[-157.9,-14.6],[-160,-13.3],[-161.4,-12],[-162.6,-10.3],[-160.8,-10.7],[-158.4,-12],[-155.2,-14.1],[-152.8,-15.7],[-150.8,-17.9],[-149.8,-18.7],[-151.6,-19]]]]}},{"type":"Feature","properties":{},"geometry":{"type":"MultiPolygon","coordinates":[[[[-152,-19.1],[-152.5,-18.4],[-152.2,-18.5],[-152.1,-18.7],[-151.8,-19.1],[-152,-19.1]]]]}},{"type":"Feature","properties":{},"geometry":{"type":"MultiPolygon","coordinates":[[[[-163.7,-7.6],[-164.1,-5],[-164.8,-7.6],[-165,-7.4],[-165.2,-6.8],[-165,-7.3],[-165.3,-7.4],[-165.3,-7.6],[-165.4,-7.7],[-165.4,-7.6],[-165.5,-7.4],[-165.6,-7.4],[-165.8,-7.5],[-166,-7.9],[-166.2,-7.9],[-166.1,-7.7],[-166,-7.5],[-165.8,-7.3],[-165.7,-7],[-166.2,-6.9],[-166,-6.8],[-166.1,-6.6],[-166.1,-6.2],[-165.8,-6],[-165.8,-5.8],[-165.6,-5.5],[-165.6,-5.3],[-165.8,-5.1],[-165.6,-3.7],[-165.8,-3.2],[-165.7,-2.9],[-165.8,-2.7],[-166,-2.9],[-166.4,-2.6],[-166.8,-2],[-166.8,-1.7],[-166.8,-1.6],[-166.7,-1.5],[-166.7,-1.4],[-167.1,-1.3],[-167,-1.2],[-167.3,-1.1],[-167.2,-0.9],[-167.4,-0.9],[-167.5,-0.6],[-167.8,-0.7],[-167.9,-0.6],[-168,-0.5],[-168.1,-0.3],[-168.4,-0.5],[-168.8,-0.7],[-169,-0.7],[-169.4,-0.8],[-170.4,-0.5],[-169.9,-0.5],[-170,-0.4],[-170.2,-0.3],[-170.5,-0.4],[-170.9,-0.2],[-170.9,0],[-169.6,2.4],[-169.8,4.4],[-168.4,5.2],[-166.4,5.4],[-166,4.7],[-165.5,4.4],[-165,4.1],[-165.3,3.1],[-165.3,2.9],[-165.5,2.3],[-165.8,1.9],[-165.9,1],[-165.9,0.3],[-166,-0.1],[-165.8,-0.9],[-163.8,-1.5],[-161.4,-2.2],[-160.6,-3.7],[-163.3,-7.2],[-163.7,-7.6]]]]}},{"type":"Feature","properties":{},"geometry":{"type":"MultiPolygon","coordinates":[[[[-132.1,-16.5],[-132.4,-16.6],[-132.3,-16.6],[-132.1,-16.5]]]]}},{"type":"Feature","properties":{},"geometry":{"type":"MultiPolygon","coordinates":[[[[-132.5,-16.8],[-133.1,-17.5],[-134.6,-18.8],[-136.4,-20.5],[-137,-20.6],[-137.3,-19.3],[-137.2,-19.2],[-136.8,-19.4],[-136.6,-20.1],[-136.5,-20.2],[-136.3,-20.1],[-136.5,-19.8],[-136.3,-19.3],[-136.6,-19.4],[-136.8,-19.2],[-136.4,-18.8],[-136.9,-19.4],[-137,-19],[-136.8,-18.4],[-136.1,-18],[-135.2,-16.6],[-133.9,-15.4],[-133.4,-15],[-133.3,-15.5],[-134,-15.8],[-133.9,-15.9],[-133.6,-16.1],[-133.2,-16.2],[-132.8,-16.3],[-133.2,-16.7],[-132.7,-16.5],[-132.6,-16.5],[-132.5,-16.8]]]]}},{"type":"Feature","properties":{},"geometry":{"type":"MultiPolygon","coordinates":[[[[-137.3,-19.2],[-137,-18.8],[-137.2,-19],[-137.3,-19.2]]]]}},{"type":"Feature","properties":{},"geometry":{"type":"MultiPolygon","coordinates":[[[[-129.4,-12.9],[-129.5,-12.7],[-129.9,-13.2],[-129.9,-13.4],[-130,-13.6],[-130.1,-13.8],[-130.2,-13.9],[-130.7,-14],[-130.7,-13.7],[-130.7,-13.4],[-130.7,-13.2],[-130.7,-12.9],[-130.6,-12.8],[-130.5,-12.6],[-130.4,-12.5],[-130.5,-12],[-130.4,-12],[-130.4,-11.9],[-130.4,-11.7],[-130.3,-11.5],[-130.2,-11.5],[-130,-11.7],[-129.9,-11.6],[-129.8,-11.5],[-129.9,-11.3],[-129.9,-11.2],[-129.1,-11.7],[-129.4,-12.9]]]]}},{"type":"Feature","properties":{},"geometry":{"type":"MultiPolygon","coordinates":[[[[131.2,-77.7],[131,-77.8],[120.4,-79.7],[106.3,-81.6],[102.8,-79],[107.4,-75.6],[122.1,-75.7],[132.7,-76.5],[131.2,-77.7]]]]}},{"type":"Feature","properties":{},"geometry":{"type":"MultiPolygon","coordinates":[[[[-139.5,-69.4],[-134.6,-69.2],[-131.4,-69.1],[-121.9,-69],[-119.5,-70],[-124.9,-72.6],[-135.4,-72.7],[-139.3,-70],[-139.5,-69.4]]]]}},{"type":"Feature","properties":{},"geometry":{"type":"MultiPolygon","coordinates":[[[[-129,-57.7],[-125.8,-54.6],[-122.6,-56.4],[-124.8,-60.2],[-128.4,-59.9],[-129,-57.7]]]]}},{"type":"Feature","properties":{},"geometry":{"type":"MultiPolygon","coordinates":[[[[120.6,-59.2],[124.6,-60.2],[124.6,-62.1],[118.6,-62.5],[120.6,-59.2]]]]}},{"type":"Feature","properties":{},"geometry":{"type":"MultiPolygon","coordinates":[[[[145.4,-69.5],[149.6,-69.9],[149.2,-70.5],[151.3,-70.4],[152,-70.4],[154.8,-70.2],[157,-70.4],[157.5,-70.8],[163.2,-72.2],[164.4,-73.7],[161.9,-73.3],[160.2,-72.9],[157.5,-72.3],[154.8,-71.4],[151.7,-70.9],[150.5,-70.8],[148.7,-71.2],[145.4,-69.5]]]]}},{"type":"Feature","properties":{},"geometry":{"type":"MultiPolygon","coordinates":[[[[52.9,-87],[75.9,-87.7],[58.5,-87.7],[45.1,-87.3],[34.2,-86.4],[31.6,-85.6],[38.2,-86.1],[47.2,-86.4],[52.9,-87]]]]}},{"type":"Feature","properties":{},"geometry":{"type":"MultiPolygon","coordinates":[[[[133.3,-48.6],[135.8,-49.1],[133.9,-49.4],[132,-50.8],[127.8,-51.9],[131.5,-50.2],[132.5,-49],[133.3,-48.6]]]]}},{"type":"Feature","properties":{},"geometry":{"type":"MultiPolygon","coordinates":[[[[-163.3,7.1],[-164.2,9.2],[-164.2,10.6],[-162.9,12.3],[-162.2,12.7],[-161.9,12.4],[-160.9,12.1],[-160.9,10.9],[-161.9,10.2],[-162.5,9.3],[-162.8,7.6],[-163.3,7.1]]]]}},{"type":"Feature","properties":{},"geometry":{"type":"MultiPolygon","coordinates":[[[[132.7,-55.7],[134.1,-55.5],[136.4,-55.6],[136.3,-56.5],[133.3,-58],[129.8,-57.2],[130.6,-56.3],[132.7,-55.7]]]]}},{"type":"Feature","properties":{},"geometry":{"type":"MultiPolygon","coordinates":[[[[-168.7,-58.4],[-167.8,-59.8],[-169.1,-59.6],[-169.5,-58.1],[-168.7,-58.4]]]]}},{"type":"Feature","properties":{},"geometry":{"type":"MultiPolygon","coordinates":[[[[-166.4,5.4],[-166.3,6.8],[-165.1,8.4],[-164.6,9.7],[-163.5,7.9],[-163.6,6.6],[-164.8,5.5],[-166.4,5.4]]]]}},{"type":"Feature","properties":{},"geometry":{"type":"MultiPolygon","coordinates":[[[[69.2,-65.8],[67.3,-69.5],[69.1,-74.1],[62.1,-74.6],[61.5,-72.3],[66.8,-68.1],[69.2,-65.8]]]]}},{"type":"Feature","properties":{},"geometry":{"type":"MultiPolygon","coordinates":[[[[-0.2,-52.6],[1,-52.2],[2.3,-51.5],[2.8,-51.1],[3.2,-51],[3.1,-51.3],[2.9,-52.1],[2.7,-52.7],[2.6,-52.9],[2.6,-53.3],[2.5,-53.8],[2.3,-54.1],[2.4,-54.3],[2.4,-54.6],[2.5,-54.8],[2.8,-55.1],[3.2,-55.7],[3,-56.3],[1.4,-57.1],[-3.3,-57.7],[-1.3,-55.6],[-0.5,-53],[-0.2,-52.6]]]]}},{"type":"Feature","properties":{},"geometry":{"type":"MultiPolygon","coordinates":[[[[-7,-57.9],[-1.8,-57.5],[-1.5,-58.8],[-1.7,-59.3],[-2.8,-60.2],[-3.9,-60.7],[-7.6,-61.9],[-8.9,-62.5],[-9,-62.3],[-8.7,-62],[-9.1,-62],[-9.7,-62],[-8.8,-61.5],[-8.7,-61.2],[-7.7,-61.1],[-7.5,-60.9],[-7.4,-60.6],[-7.2,-60.4],[-8.6,-59.9],[-7.7,-59.7],[-6.7,-58.9],[-7.2,-58.6],[-6.9,-58.3],[-7,-58],[-7,-57.9]]]]}},{"type":"Feature","properties":{},"geometry":{"type":"MultiPolygon","coordinates":[[[[2.9,-56.4],[3.5,-57.2],[4.8,-57.6],[5.2,-57.7],[5.8,-57.4],[7.1,-57.2],[7.3,-57.7],[7.2,-59],[6.6,-59.2],[6.5,-59.3],[6.5,-59.5],[6,-60.2],[6.4,-60.7],[6.3,-60.7],[6.3,-60.9],[6.2,-61.1],[6,-61.2],[5.8,-61.5],[5.5,-61.6],[5,-61.9],[4.6,-62.1],[4.3,-62.3],[4.2,-62.4],[3.9,-62.7],[3.6,-62.9],[2.9,-63],[2.4,-63.2],[2.1,-63.4],[0.3,-62.7],[0.1,-62.6],[0,-62],[-2,-62],[-2.1,-61.8],[-2.8,-61.7],[-5.1,-61.8],[-5.6,-61.8],[-5.9,-61.6],[-6.4,-61.9],[-6.7,-61.8],[-6.8,-62],[-7,-62],[-7.4,-62],[-8,-62.2],[-8.2,-62.5],[-7.1,-61.8],[-3.7,-60.6],[-2.4,-60],[-1.6,-59.2],[-1.5,-58.7],[1.4,-57.1],[2.9,-56.4]]]]}},{"type":"Feature","properties":{},"geometry":{"type":"MultiPolygon","coordinates":[[[[-8,-68],[-7.7,-68.1],[-7.2,-68.2],[-6.8,-68.6],[-6.3,-68.8],[-5.6,-69],[-5.1,-69.1],[-4.6,-69.1],[-4.1,-69.3],[-3.4,-69.6],[-3,-69.8],[-2.4,-69.9],[-1.9,-70],[-1.5,-70.1],[-1,-70.1],[-0.7,-70.2],[-0.7,-70.7],[-2.3,-71.2],[-8.2,-71.1],[-8.4,-71.3],[-12.7,-71.8],[-15.3,-72.5],[-16.6,-72.3],[-17.3,-72.3],[-18.3,-72.4],[-19.4,-72.2],[-20,-72.1],[-20.7,-71.9],[-21.8,-71.8],[-23,-71.6],[-23.9,-71.5],[-24.6,-71.3],[-25.3,-71.1],[-26.1,-70.9],[-26.7,-70.9],[-27.3,-70.8],[-27.4,-70.7],[-28.2,-70.7],[-28.8,-70.6],[-29.5,-70.5],[-28.8,-70.2],[-28.3,-69.8],[-28.1,-69.4],[-28.8,-69.1],[-30,-68.9],[-28.8,-67.7],[-27.6,-67.5],[-27.5,-67.5],[-27.6,-67.1],[-27.2,-67.3],[-26.5,-67.1],[-26.5,-66.7],[-24,-66.6],[-21.8,-66.1],[-19.5,-65.3],[-19.7,-65.1],[-19.7,-65],[-19,-64.7],[-18.7,-64.5],[-18,-64.5],[-17.3,-64.8],[-16.9,-64.8],[-16.3,-64.8],[-15.7,-65.2],[-14.4,-65.7],[-13.4,-66.2],[-11.3,-67],[-11,-67.2],[-10.4,-67.5],[-9.7,-67.6],[-8,-68]]]]}},{"type":"Feature","properties":{},"geometry":{"type":"MultiPolygon","coordinates":[[[[-29.5,-70.5],[-28.8,-70.6],[-28.2,-70.7],[-27.4,-70.7],[-27.3,-70.8],[-26.7,-70.9],[-26.1,-70.9],[-25.3,-71.1],[-24.6,-71.3],[-23.9,-71.5],[-23,-71.6],[-21.8,-71.8],[-20.7,-71.9],[-20,-72.1],[-19.4,-72.2],[-18.3,-72.4],[-17.3,-72.3],[-16.6,-72.3],[-15.3,-72.5],[-17.4,-72.8],[-19.1,-72.7],[-22.4,-72.6],[-24.5,-72],[-27.9,-71],[-29.5,-71],[-29.5,-70.5]]]]}},{"type":"Feature","properties":{},"geometry":{"type":"MultiPolygon","coordinates":[[[[149.9,-37.7],[153.3,-34.1],[153.5,-34.1],[153.6,-34.2],[154.3,-34],[154.2,-34.8],[154.2,-35.1],[153.6,-36.1],[153.7,-36.5],[154.4,-36.7],[153.8,-36.7],[154,-37.2],[153.3,-37],[152.8,-37],[152.8,-37.5],[152.6,-38],[152.3,-37.5],[151.4,-37.8],[151.1,-37.9],[150.4,-38],[149.9,-37.7]]]]}},{"type":"Feature","properties":{},"geometry":{"type":"MultiPolygon","coordinates":[[[[151.1,-38.5],[151,-38.1],[151.5,-38.4],[151.1,-38.5]]]]}},{"type":"Feature","properties":{},"geometry":{"type":"MultiPolygon","coordinates":[[[[134.3,-38.4],[134.4,-38.4],[134.4,-38.5],[134.3,-38.4]]]]}},{"type":"Feature","properties":{},"geometry":{"type":"MultiPolygon","coordinates":[[[[135.1,-39.8],[135.3,-39.7],[135.3,-39.6],[135.6,-39.4],[135.7,-39.3],[135.1,-39.8]]]]}},{"type":"Feature","properties":{},"geometry":{"type":"MultiPolygon","coordinates":[[[[136.9,-38.7],[138.7,-36.3],[140.7,-37.3],[141.9,-38.1],[142.6,-38.9],[142.2,-39.5],[141.9,-39.6],[141.5,-39],[140.5,-39.2],[140.7,-39],[139.7,-39.1],[138.9,-38.5],[138.1,-38.6],[136.9,-38.7]]]]}},{"type":"Feature","properties":{},"geometry":{"type":"MultiPolygon","coordinates":[[[[143.7,-39.8],[147.1,-36.9],[148.5,-34.1],[149.7,-38.4],[147.3,-39.3],[147.2,-39.4],[147,-39.8],[146.4,-39.7],[146.2,-39.9],[144.9,-39.7],[144.5,-39.8],[143.7,-39.8]]]]}},{"type":"Feature","properties":{},"geometry":{"type":"MultiPolygon","coordinates":[[[[148.5,-34.1],[152.9,-32.6],[153.4,-33.6],[153.5,-34.1],[153.3,-34.1],[149.9,-37.7],[148.9,-35.4],[148.5,-34.1]]]]}},{"type":"Feature","properties":{},"geometry":{"type":"MultiPolygon","coordinates":[[[[-131.6,-12.8],[-131.8,-13],[-131.7,-13.3],[-132.3,-14],[-132.7,-13.9],[-133.3,-14.4],[-134.3,-14.8],[-134.7,-15.4],[-135.5,-16],[-136.3,-17.1],[-137,-17.8],[-138,-18.4],[-138.3,-18.5],[-138.9,-18.2],[-139.3,-17.8],[-139.9,-17.4],[-140.6,-16.8],[-140.9,-16.4],[-141.7,-16.2],[-143.1,-16.9],[-143.9,-16.7],[-144.8,-17.1],[-146,-17.4],[-146.2,-17],[-146,-16.8],[-145.6,-16.4],[-145.9,-16.1],[-145.7,-15.7],[-145.9,-15.2],[-145.8,-15],[-146.8,-14.5],[-146.9,-14.1],[-147.1,-14.2],[-146.9,-13.9],[-147.6,-13.4],[-148,-13.2],[-148.2,-13.1],[-148.3,-12.7],[-148.6,-12.6],[-148.3,-12.2],[-148.3,-12],[-148.3,-11.9],[-148.3,-11.8],[-148.3,-11.6],[-148.3,-10],[-148.1,-9.9],[-147.8,-9.5],[-147.6,-9.4],[-146.9,-8.7],[-146.2,-7.5],[-146.2,-6.8],[-146.3,-6.8],[-146.5,-6.7],[-146.8,-6.5],[-147.1,-6.1],[-147.3,-4.9],[-147.6,-4.5],[-148.4,-4.3],[-149.2,-4],[-150.3,-3.5],[-150.7,-3.4],[-151.4,-3.7],[-152,-2.3],[-153.1,-0.6],[-152.4,0.2],[-150.7,1.8],[-149.5,1.8],[-148.1,1.9],[-146.4,1.7],[-145.3,1.6],[-143.4,1.5],[-142.4,1],[-142.6,0.9],[-142.8,0.7],[-143.3,0.7],[-143.5,0.5],[-143.3,0.6],[-142.5,0.5],[-142.1,0.9],[-141.1,0.2],[-140.5,-0.1],[-140.1,-0.3],[-139.3,-0.7],[-139.1,-1.2],[-139,-1.8],[-139,-3.8],[-138.3,-5.5],[-138.9,-6.4],[-139.5,-7.8],[-139.4,-8.6],[-139.3,-9.2],[-140.3,-9.5],[-141.5,-9.9],[-142.1,-10.5],[-142.8,-11.3],[-142.8,-11.9],[-142.4,-12],[-142.8,-12.4],[-142.3,-12.3],[-141.9,-12.3],[-141.5,-12.3],[-141.3,-12.1],[-141.2,-12],[-141,-12],[-140.4,-11.7],[-140.3,-11.6],[-140.1,-11.6],[-139.9,-11.5],[-139.8,-11.2],[-139.5,-11.1],[-138.6,-11.9],[-137.5,-12.3],[-136.1,-11.7],[-135.7,-11.2],[-135.4,-10.6],[-135.3,-10.5],[-135.1,-10.6],[-134.7,-10.7],[-134.5,-10.8],[-134.4,-10.7],[-134.1,-10.8],[-133.8,-10.7],[-133.3,-10.3],[-133.2,-10.4],[-132.4,-11.1],[-131.5,-12.1],[-131.8,-12.5],[-131.6,-12.8]]]]}},{"type":"Feature","properties":{},"geometry":{"type":"MultiPolygon","coordinates":[[[[-148.5,-8.1],[-148.9,-8.5],[-149.1,-8.4],[-149,-8.1],[-149.2,-7.2],[-149.3,-5.5],[-149.3,-4.8],[-149.1,-4.8],[-148.8,-5.3],[-148.3,-6.6],[-148.1,-7.1],[-148.2,-7.5],[-148.5,-8.1]]]]}},{"type":"Feature","properties":{},"geometry":{"type":"MultiPolygon","coordinates":[[[[-137.6,-11],[-137.7,-10.9],[-137.8,-10.9],[-138,-10.7],[-138.2,-10.6],[-137.8,-10.7],[-137.9,-10.8],[-137.6,-11]]]]}},{"type":"Feature","properties":{},"geometry":{"type":"MultiPolygon","coordinates":[[[[-127,4.5],[-131.1,5],[-132.3,5.7],[-132.3,6.7],[-131.6,7.2],[-131.4,7.5],[-130.7,7.5],[-129.2,7.2],[-128.1,6.6],[-126.7,6.2],[-126.1,6.6],[-124.5,9.3],[-123.2,9.3],[-122.6,9.2],[-122.5,9],[-122.4,9],[-123.5,8.9],[-123.8,8.6],[-123.7,8.5],[-123.5,8.4],[-123.4,8.4],[-123.3,8.2],[-123.2,8.1],[-123.2,8],[-123.6,8.2],[-124,8.2],[-124.1,8],[-124.6,6.9],[-125.3,6],[-125.4,5.8],[-126,5.2],[-126.2,5.5],[-126.5,5.9],[-127,4.6],[-127,4.5]]]]}},{"type":"Feature","properties":{},"geometry":{"type":"MultiPolygon","coordinates":[[[[-122.7,10.2],[-122.8,11.4],[-122.2,12.5],[-121.9,12.4],[-122.2,12.2],[-122.3,12],[-122.3,11.9],[-121.9,11.9],[-122,11.8],[-122.1,11.7],[-122,11.4],[-122,11.1],[-122.1,11.1],[-122.3,11.1],[-122.3,10.9],[-122.2,10.6],[-122.2,10.1],[-122.3,9.9],[-122.2,9.8],[-122.3,9.7],[-122.5,10],[-122.7,10.2]]]]}},{"type":"Feature","properties":{},"geometry":{"type":"MultiPolygon","coordinates":[[[[-132,4.9],[-132.1,5.5],[-132,5.2],[-132,4.9]]]]}},{"type":"Feature","properties":{},"geometry":{"type":"MultiPolygon","coordinates":[[[[-132.5,7.5],[-131.7,7.5],[-132.2,7.3],[-132.5,7.5]]]]}},{"type":"Feature","properties":{},"geometry":{"type":"MultiPolygon","coordinates":[[[[-132.4,4.8],[-132.7,5.8],[-132.3,5.4],[-132.4,4.8]]]]}},{"type":"Feature","properties":{},"geometry":{"type":"MultiPolygon","coordinates":[[[[-125.1,0.6],[-125.4,0.7],[-125.5,0.8],[-125.6,0.9],[-125.8,0.9],[-125.6,1.2],[-125.7,1.1],[-125.9,1],[-126.5,1.3],[-126.4,1.5],[-126.2,1.9],[-126,2.3],[-126.1,3.1],[-126.2,3.8],[-126.3,4.1],[-125.8,4.9],[-125.5,4.7],[-124.8,5.7],[-124.2,5.8],[-124.5,4],[-124.5,3.8],[-123.9,4.5],[-123.9,5.2],[-123.7,5.6],[-123.3,5.8],[-123,5],[-123,4.8],[-122.8,5.4],[-122.6,5.6],[-122.1,5.5],[-121.8,5.3],[-121.9,3.9],[-122.1,3.8],[-121.8,3.6],[-122.5,3.4],[-122.4,3.2],[-122.5,3.2],[-122.4,3],[-122.4,2.9],[-122.3,2.9],[-122.2,2.9],[-122.3,2.6],[-122.5,2.5],[-123.4,2.5],[-123.2,2.2],[-121.9,2.2],[-122,1.9],[-122.3,1.5],[-123.9,1.3],[-124.2,1.4],[-124.7,1.1],[-124.8,0.9],[-125.1,0.6]]]]}},{"type":"Feature","properties":{},"geometry":{"type":"MultiPolygon","coordinates":[[[[-120,5],[-120.3,5],[-121.1,4.1],[-121.8,5.6],[-122.1,6],[-122.5,6.6],[-121.9,7.2],[-121.2,7.5],[-120.7,6.8],[-119.4,6.2],[-120,5]]]]}},{"type":"Feature","properties":{},"geometry":{"type":"MultiPolygon","coordinates":[[[[-121.7,-0.4],[-123.3,0],[-123,0.3],[-122.9,0.5],[-122.4,0.3],[-122.6,0.1],[-122.5,0],[-122.1,0],[-122,0],[-121.7,0.1],[-121.6,0.2],[-121.5,-0.2],[-121.7,-0.4]]]]}},{"type":"Feature","properties":{},"geometry":{"type":"MultiPolygon","coordinates":[[[[-122.3,1.4],[-121.5,1.7],[-122.2,1.4],[-122.3,1.4]]]]}},{"type":"Feature","properties":{},"geometry":{"type":"MultiPolygon","coordinates":[[[[-140.9,0.2],[-141.7,0.5],[-142.2,1],[-142.2,1.3],[-142.6,1.2],[-142.4,1],[-143.4,1.5],[-145.3,1.6],[-146.4,1.7],[-148.1,1.9],[-149.5,1.8],[-150.7,1.8],[-149.3,2.7],[-146.7,2.6],[-145.8,2.5],[-145.3,2.6],[-144.2,2.8],[-141.9,2.5],[-140.6,2.2],[-140.3,2.1],[-140.2,2.2],[-140,2.1],[-140.2,1.8],[-140.4,1.9],[-140.3,1.2],[-140.3,1],[-140.4,0.7],[-140.2,0.3],[-140.2,0.2],[-140.7,0.1],[-140.9,0.2]]]]}},{"type":"Feature","properties":{},"geometry":{"type":"MultiPolygon","coordinates":[[[[-139.1,-1.1],[-139.1,-1.2],[-139.3,-0.7],[-140.1,-0.3],[-140.5,-0.1],[-140.7,0.1],[-140.2,0.2],[-140.2,0.3],[-140.4,0.7],[-140.3,1],[-140.3,1.2],[-140.4,1.9],[-140.2,1.8],[-140,2.1],[-140,2.3],[-140.1,2.4],[-140,2.4],[-139.4,2],[-139.1,2.1],[-138.9,2.2],[-138.7,1.9],[-138.7,1.6],[-138.7,0.9],[-139,0.8],[-139.2,0.2],[-139.2,-0.3],[-139.1,-1.1]]]]}},{"type":"Feature","properties":{},"geometry":{"type":"MultiPolygon","coordinates":[[[[-138.8,2.3],[-139.2,2.5],[-139.6,3.2],[-139.7,3.4],[-138.9,2.5],[-138.8,2.3]]]]}},{"type":"Feature","properties":{},"geometry":{"type":"MultiPolygon","coordinates":[[[[-126.2,-5.2],[-126.2,-5.5],[-125.8,-5.6],[-125.5,-6.6],[-125.8,-6.6],[-126.3,-6.5],[-126.3,-6.3],[-126.4,-6.4],[-126.8,-6.6],[-127.9,-6.9],[-128.4,-6.5],[-128.2,-6.2],[-128,-6],[-128,-5.8],[-128,-5.9],[-128.2,-6],[-128.6,-6.3],[-128.6,-6.1],[-128.7,-5.9],[-128.5,-5.4],[-128.8,-5.5],[-129.5,-5.2],[-129.5,-4.4],[-129.3,-4],[-129.3,-3.8],[-129.9,-4.8],[-130.3,-5.2],[-130.6,-5],[-131.1,-4.7],[-131.2,-4.4],[-131.2,-4.3],[-131.4,-4.2],[-131.7,-3.8],[-131.5,-3.1],[-131.3,-2.5],[-131.5,-2.7],[-131.5,-3],[-131.7,-3.1],[-131.8,-3.7],[-132.1,-3.9],[-132.3,-3.2],[-132.2,-2.3],[-133.6,-0.5],[-133.5,0.8],[-134.6,1.6],[-135.2,2.4],[-135.5,2.9],[-136,3.3],[-135.8,5.5],[-135.8,4.4],[-135.7,4.1],[-135.4,5],[-135.6,5.8],[-134.5,5.8],[-133.3,5.5],[-132.8,5.1],[-131.8,3.1],[-131.6,2.6],[-130,2.2],[-128.5,1.7],[-127.4,1.2],[-127.5,0.8],[-127.5,0.5],[-127.5,0.2],[-127.6,-0.5],[-127.8,-0.8],[-127.8,-0.9],[-127.4,-1],[-127.4,-0.7],[-127.3,-0.5],[-127,-0.5],[-127,-0.8],[-126.9,-0.9],[-127.2,-1.2],[-127.4,-1.2],[-127.7,-1.3],[-127.9,-1.4],[-128,-1.6],[-128.2,-1.7],[-127.6,-1.5],[-126.9,-2.1],[-126.5,-2.3],[-126.6,-2.1],[-126.2,-2.1],[-126.1,-2.1],[-125.8,-2.2],[-125.8,-1.8],[-125.4,-1.3],[-124.8,-1.4],[-124.5,-1.2],[-123.7,-1.7],[-123.5,-1.8],[-123.7,-2],[-124.7,-2.6],[-124.9,-2.7],[-124.9,-2.8],[-125.1,-2.6],[-125.2,-2.5],[-125.6,-2.7],[-125.8,-2.9],[-125.8,-3.2],[-125.7,-3.2],[-126,-3.2],[-125.9,-3],[-126.4,-3.3],[-126.9,-3.4],[-126.8,-3.6],[-126.2,-4.2],[-126.9,-4.3],[-127.4,-4.4],[-127.9,-4.7],[-127.8,-4.9],[-127.6,-4.9],[-127.3,-5],[-126.2,-5.2]]]]}},{"type":"Feature","properties":{},"geometry":{"type":"MultiPolygon","coordinates":[[[[-129,-5.7],[-129.4,-5.9],[-129.4,-6.2],[-129.8,-6.8],[-130.4,-7.7],[-130.5,-8],[-130.5,-8.2],[-130.7,-8.3],[-131,-7.4],[-130.5,-7.1],[-131,-6.9],[-131.8,-6.4],[-131.3,-5.8],[-131.3,-5.4],[-130,-5.6],[-129,-5.7]]]]}},{"type":"Feature","properties":{},"geometry":{"type":"MultiPolygon","coordinates":[[[[-122.6,-1.8],[-121.7,-1.6],[-121.2,-1.8],[-121.2,-2.2],[-121.7,-2.8],[-122.1,-2.6],[-122.6,-1.8]]]]}},{"type":"Feature","properties":{},"geometry":{"type":"MultiPolygon","coordinates":[[[[-123.3,-1.8],[-122.6,-1.8],[-123.3,-1.9],[-123.3,-1.8]]]]}},{"type":"Feature","properties":{},"geometry":{"type":"MultiPolygon","coordinates":[[[[-125.6,-0.9],[-126,-1.3],[-126.5,-1.7],[-126.8,-1.5],[-126.8,-1],[-126.7,-0.6],[-126.5,-0.4],[-126.5,-0.3],[-126.5,-0.2],[-126.2,-0.2],[-125.9,-0.5],[-125.8,-0.6],[-125.6,-0.9]]]]}},{"type":"Feature","properties":{},"geometry":{"type":"MultiPolygon","coordinates":[[[[-131.6,-7.9],[-132.4,-7.3],[-131.8,-7.2],[-131.6,-7.7],[-131.6,-7.9]]]]}},{"type":"Feature","properties":{},"geometry":{"type":"MultiPolygon","coordinates":[[[[-129,-6.4],[-129.1,-6.5],[-129,-6.3],[-129,-6.4]]]]}},{"type":"Feature","properties":{},"geometry":{"type":"MultiPolygon","coordinates":[[[[-125.7,-1.4],[-126,-1.5],[-126,-1.4],[-125.7,-1.4]]]]}},{"type":"Feature","properties":{},"geometry":{"type":"MultiPolygon","coordinates":[[[[61.9,-52.1],[62.5,-52.4],[63.1,-52.3],[64,-52.1],[65.4,-51.9],[67.4,-51.2],[69.9,-50.7],[71.9,-48.9],[72.3,-48.6],[73.9,-47.8],[75.6,-47],[77.5,-45.7],[79.1,-44.2],[81.5,-43.2],[81,-43.3],[80.8,-43.6],[81.1,-44.5],[81.6,-45.6],[81.1,-46.5],[80,-47.4],[79.5,-48.2],[78.2,-48.6],[78,-48.6],[76.4,-49.2],[75.9,-49.7],[75.5,-50.1],[75.4,-50],[75.5,-50.3],[76.1,-50.4],[75.9,-50.8],[76.8,-51.3],[76.9,-51],[78.2,-50.8],[79.2,-50.6],[79.5,-50.5],[79.7,-50.5],[80.1,-50.3],[80.5,-50.1],[80.5,-50],[81.4,-49.4],[81.6,-49.4],[82.4,-49.6],[82.8,-49.5],[83.9,-49.1],[83.2,-48.8],[83,-48.7],[82.4,-48.7],[82.6,-48.2],[82.9,-48.2],[83.5,-48.2],[84.5,-48.4],[84.5,-48.3],[85,-48.3],[85,-48.1],[85.5,-47.9],[85.4,-47.5],[85.3,-46.6],[85.1,-45.8],[84.9,-45.8],[84.8,-45.5],[84.7,-45.5],[84.2,-45.3],[83.3,-44.7],[82.9,-44.4],[82.2,-43.9],[82,-43.9],[82.1,-43.8],[82.2,-43.9],[82.5,-43.8],[83.9,-43.8],[88.6,-43.7],[95.2,-44.8],[95.9,-45.9],[97.7,-46.8],[99.4,-48.8],[100.7,-49.7],[99.9,-52.2],[97.8,-51.8],[92.6,-52.4],[89.1,-53.1],[86.2,-54.1],[84.1,-55],[82.3,-55.5],[81.4,-56],[80,-56.3],[79,-56.7],[78.5,-57.6],[79,-58.1],[80.7,-58.4],[80.3,-59.4],[79.1,-61.1],[77,-61.7],[74.3,-62.1],[72.4,-62.2],[72.2,-62.1],[70.2,-61.5],[68.5,-61],[67.5,-60.8],[66.3,-60.5],[65.6,-60.4],[64.7,-60.1],[62.5,-59.5],[61,-59.1],[60.3,-58.9],[59.3,-57.7],[58.9,-56.7],[58.7,-55.9],[58.8,-55.1],[60.1,-53.1],[61.9,-52.1]]]]}},{"type":"Feature","properties":{},"geometry":{"type":"MultiPolygon","coordinates":[[[[81.1,-44],[81.5,-44.9],[81.1,-44.1],[81.1,-44]]]]}},{"type":"Feature","properties":{},"geometry":{"type":"MultiPolygon","coordinates":[[[[61.9,-41.3],[66.3,-40.9],[69.5,-40.9],[72.5,-39.3],[73.8,-40.4],[74.1,-41.6],[73.7,-43.4],[71.8,-43.6],[70,-45.3],[66.9,-47.1],[63.5,-47.3],[61.3,-44],[60.7,-42.6],[59.8,-42.6],[60.8,-41.8],[61.9,-41.3]]]]}},{"type":"Feature","properties":{},"geometry":{"type":"MultiPolygon","coordinates":[[[[80.6,-29.4],[80.6,-34.1],[81.7,-38.6],[80.6,-40.3],[77.5,-41.2],[74.6,-40],[75.2,-37.1],[78.7,-32.9],[79.1,-31.5],[80.6,-29.4]]]]}},{"type":"Feature","properties":{},"geometry":{"type":"MultiPolygon","coordinates":[[[[21.9,-76.3],[13.2,-75.5],[6.8,-74.2],[10.7,-73.7],[10.9,-73.7],[11.6,-73.6],[13.3,-73.5],[15.9,-72.9],[16.2,-73.1],[16.8,-73.1],[17.6,-73.4],[19.7,-73.1],[19.6,-74.2],[21.3,-74.5],[19.7,-75.9],[21.9,-76.3]]]]}},{"type":"Feature","properties":{},"geometry":{"type":"MultiPolygon","coordinates":[[[[28.6,-70.5],[28.8,-71.5],[29.5,-71.9],[28.2,-72.2],[23.4,-72],[22.3,-71.6],[23.1,-71.4],[24.8,-71.4],[27.6,-70.8],[28.6,-70.5]]]]}},{"type":"Feature","properties":{},"geometry":{"type":"MultiPolygon","coordinates":[[[[22.6,-74.7],[22.6,-75.1],[22.7,-75.9],[20.4,-76.2],[16.9,-76.3],[18.6,-75.8],[19.9,-74.4],[18.8,-74.1],[22.6,-74.7]]]]}},{"type":"Feature","properties":{},"geometry":{"type":"MultiPolygon","coordinates":[[[[51.8,-54.9],[52,-54.9],[52.3,-54.8],[52.9,-54.5],[53.4,-54.3],[53.5,-55.2],[53.3,-56.1],[53.3,-56.8],[53.5,-58.1],[53.2,-58.8],[53.4,-59.2],[52.2,-60.3],[52.3,-60.7],[51.5,-61.4],[47.8,-62.2],[46.9,-62.9],[46.5,-63.3],[46.1,-63.4],[45.2,-63.4],[45.2,-63.6],[44.8,-63.8],[44.4,-64],[44.6,-63.7],[43.8,-63.8],[43.3,-63.8],[42.9,-63.6],[42,-63.6],[41.3,-63.4],[41.1,-63],[41.6,-62.1],[41.5,-61.4],[42.3,-60.9],[43.6,-60.1],[44.9,-59.6],[45.9,-58.8],[50.8,-57.5],[51.4,-55.7],[51.8,-54.9]]]]}},{"type":"Feature","properties":{},"geometry":{"type":"MultiPolygon","coordinates":[[[[50.3,-54.6],[50,-55.4],[49.4,-57.2],[44.9,-58.3],[45.7,-57.4],[46.1,-56.4],[46.5,-55.9],[47.3,-55.8],[47.7,-55.7],[48.2,-55.5],[48.6,-55.3],[49,-55],[49.3,-54.9],[49.6,-54.7],[50,-54.6],[50.3,-54.6]]]]}},{"type":"Feature","properties":{},"geometry":{"type":"MultiPolygon","coordinates":[[[[-110.8,-6.7],[-110.7,-7.1],[-111,-6.9],[-111.1,-7.2],[-111.1,-7.5],[-111.4,-7.4],[-111.7,-7.1],[-111.5,-6.8],[-111.6,-6.5],[-111.8,-6.7],[-111.9,-6.2],[-111.8,-6],[-111.4,-5.9],[-111.6,-6.3],[-111.3,-6.5],[-110.9,-6.6],[-110.8,-6.7]]]]}},{"type":"Feature","properties":{},"geometry":{"type":"MultiPolygon","coordinates":[[[[-110.2,-8.1],[-110.2,-8.9],[-110.6,-8.8],[-110.7,-8.6],[-110.9,-8.2],[-110.9,-8.1],[-110.5,-7.7],[-111.2,-7.7],[-110.9,-7.6],[-110.6,-7.3],[-110.2,-8.1]]]]}},{"type":"Feature","properties":{},"geometry":{"type":"MultiPolygon","coordinates":[[[[62.9,-47.4],[66.1,-47.3],[69.6,-45.8],[71.2,-43.7],[73.4,-43.8],[71.9,-44.9],[70.5,-46.5],[68.5,-47.9],[67,-48.5],[65.6,-49.1],[64.6,-49.8],[63,-51.4],[60.6,-52],[58.4,-52.7],[56.6,-53],[55.8,-53.1],[55,-53.1],[54.3,-53.1],[54.4,-52.6],[55,-50.9],[56.8,-50.8],[58.5,-50.3],[59.9,-49.6],[61.1,-48.9],[62.9,-47.4]]]]}},{"type":"Feature","properties":{},"geometry":{"type":"MultiPolygon","coordinates":[[[[58.8,-48.3],[59.5,-46.1],[59.5,-45.6],[59.3,-43.7],[60,-42.8],[60.8,-44],[62.9,-47.4],[61.1,-48.9],[59.9,-49.6],[58.5,-50.3],[56.8,-50.8],[55,-50.9],[56,-49.4],[57.2,-49.3],[58.3,-48.6],[58.8,-48.3]]]]}},{"type":"Feature","properties":{},"geometry":{"type":"MultiPolygon","coordinates":[[[[1.6,-49.5],[3,-50.8],[2.8,-51.1],[2.1,-51.6],[1,-52.2],[-0.2,-52.6],[-0.7,-52],[-0.8,-49.8],[0,-49.6],[1.2,-49.5],[1.6,-49.5]]]]}},{"type":"Feature","properties":{},"geometry":{"type":"MultiPolygon","coordinates":[[[[-7.7,-74.1],[-5.9,-74.3],[-2.2,-74.4],[5.1,-74.9],[3.8,-75.1],[2.2,-75],[-2,-74.8],[-7.4,-75],[-14.5,-74.8],[-18.2,-74.7],[-20.9,-74.4],[-17.4,-74.1],[-15.1,-74.3],[-8.8,-73.9],[-7.7,-74.1]]]]}},{"type":"Feature","properties":{},"geometry":{"type":"MultiPolygon","coordinates":[[[[-25.8,-73.6],[-23.8,-73.8],[-23.6,-74],[-22.9,-74.2],[-22.1,-74.2],[-25.6,-74.2],[-29.3,-74.2],[-32.5,-73.7],[-34.2,-73],[-29.3,-72.2],[-29.3,-73.2],[-27.7,-73.6],[-25.8,-73.6]]]]}},{"type":"Feature","properties":{},"geometry":{"type":"MultiPolygon","coordinates":[[[[-29.1,-72.6],[-30.4,-72.3],[-31.2,-71.5],[-29.3,-71.3],[-30,-72.3],[-29.1,-72.6]]]]}},{"type":"Feature","properties":{},"geometry":{"type":"MultiPolygon","coordinates":[[[[-1.3,-48.5],[-0.4,-48.7],[0.6,-49],[1.5,-49.5],[0.2,-49.5],[-0.5,-49.8],[-0.8,-51.5],[-0.5,-52.6],[-0.5,-53],[-1.5,-56.2],[-3.3,-57.7],[-3.7,-56.9],[-2.9,-53.5],[-2.9,-50.2],[-1.3,-48.5]]]]}},{"type":"Feature","properties":{},"geometry":{"type":"MultiPolygon","coordinates":[[[[3.8,-75.1],[-13.8,-76.9],[-33,-75.8],[-50.1,-73.7],[-50.2,-73.7],[-44.6,-72.9],[-37.6,-73],[-34.2,-73],[-32.1,-73.8],[-28.2,-74.3],[-24.9,-74.2],[-21.8,-74.3],[-21.1,-74.4],[-20.1,-74.4],[-16.8,-74.8],[-11.8,-75],[-5.1,-75],[0.9,-74.8],[3.7,-75.1],[3.8,-75.1]]]]}},{"type":"Feature","properties":{},"geometry":{"type":"MultiPolygon","coordinates":[[[[25.3,-68.4],[23.2,-67.7],[27,-67.3],[28.7,-67.9],[25.9,-67.8],[25.2,-68.3],[25.3,-68.4]]]]}},{"type":"Feature","properties":{},"geometry":{"type":"MultiPolygon","coordinates":[[[[-111.9,-16.7],[-111.7,-15.9],[-111.5,-15.6],[-111.5,-15.4],[-111,-14.4],[-110.8,-14.6],[-110.8,-14.9],[-110.8,-15.5],[-110.7,-16],[-111.1,-16.1],[-111.9,-16.7]]]]}},{"type":"Feature","properties":{},"geometry":{"type":"MultiPolygon","coordinates":[[[[-110.2,-14.2],[-109.9,-14.6],[-109.8,-14.5],[-109.6,-14.6],[-109.6,-14.7],[-109.5,-14.8],[-109.4,-15],[-109.2,-15.3],[-109.8,-15.6],[-110.2,-15.5],[-110.4,-15.2],[-110.7,-14.9],[-110.5,-14.6],[-110.4,-14.6],[-110.2,-14.2]]]]}},{"type":"Feature","properties":{},"geometry":{"type":"MultiPolygon","coordinates":[[[[-110.7,-17.2],[-111,-17.2],[-111.1,-16.5],[-110.7,-17.2]]]]}},{"type":"Feature","properties":{},"geometry":{"type":"MultiPolygon","coordinates":[[[[-110.8,-16],[-110.8,-16.4],[-111,-16.2],[-110.8,-16]]]]}},{"type":"Feature","properties":{},"geometry":{"type":"MultiPolygon","coordinates":[[[[-110.1,-61.7],[-113.7,-61.2],[-113.8,-61.2],[-113.6,-60.9],[-113.5,-60.7],[-112.8,-60.7],[-112.4,-60.6],[-112.1,-60.4],[-112,-60.2],[-111.8,-60.1],[-110.8,-59.9],[-109.9,-59.9],[-110.1,-59.8],[-108.9,-59.5],[-108.3,-59.6],[-108.1,-59.5],[-108,-59.5],[-108,-59.3],[-107.8,-59.9],[-109.2,-60.6],[-110.1,-61.4],[-110.1,-61.7]]]]}},{"type":"Feature","properties":{},"geometry":{"type":"MultiPolygon","coordinates":[[[[-112,-64.2],[-112.4,-64],[-111.7,-64.2],[-111.2,-64.2],[-110.9,-64],[-111.5,-64.3],[-112,-64.2]]]]}},{"type":"Feature","properties":{},"geometry":{"type":"MultiPolygon","coordinates":[[[[-110.7,-63],[-110.7,-63.6],[-110.5,-63],[-110.7,-63]]]]}},{"type":"Feature","properties":{},"geometry":{"type":"MultiPolygon","coordinates":[[[[97.5,-8.7],[98,-9.2],[98.2,-10.1],[98,-10.3],[97.5,-9.5],[97.5,-8.7]]]]}},{"type":"Feature","properties":{},"geometry":{"type":"MultiPolygon","coordinates":[[[[78.7,-32],[77.3,-34.4],[73.8,-38.9],[71.1,-36.1],[74.4,-34.9],[78.7,-32]]]]}},{"type":"Feature","properties":{},"geometry":{"type":"MultiPolygon","coordinates":[[[[82.5,-39.7],[84.4,-41.5],[83.7,-41.4],[84,-41.4],[83,-42.1],[82.5,-42.6],[81.8,-42.8],[81.6,-42.9],[81.2,-43.2],[80.3,-43.7],[80.2,-43.9],[80,-44.1],[79.4,-44.3],[78.3,-44.7],[78.1,-44.7],[77.5,-44.9],[76.7,-45.2],[75.7,-45.4],[74.9,-45.7],[74,-45.6],[73.4,-45.1],[73.5,-44.2],[75.5,-44],[76.7,-43.6],[78.7,-41.8],[81.5,-39.5],[82.5,-39.7]]]]}},{"type":"Feature","properties":{},"geometry":{"type":"MultiPolygon","coordinates":[[[[77.9,-47.2],[77,-47.2],[73.8,-46.9],[75.4,-47.4],[77.9,-47.2]]]]}},{"type":"Feature","properties":{},"geometry":{"type":"MultiPolygon","coordinates":[[[[84.4,-31.4],[84.2,-31.8],[83.6,-32.8],[82.9,-33.1],[81.8,-33.6],[80.1,-35.1],[79.8,-34],[80,-32.6],[81.4,-31.6],[84.4,-31.4]]]]}},{"type":"Feature","properties":{},"geometry":{"type":"MultiPolygon","coordinates":[[[[81.3,-30.4],[84.4,-31.4],[81.4,-31.6],[80,-32.6],[79.8,-34],[80.1,-35.1],[78.8,-33.5],[80.1,-30.9],[81,-30.5],[81.3,-30.4]]]]}},{"type":"Feature","properties":{},"geometry":{"type":"MultiPolygon","coordinates":[[[[-57.4,-29.1],[-57.2,-29.1],[-57.1,-29.1],[-56.4,-29],[-54.2,-29.4],[-51.5,-30.8],[-51.3,-30.9],[-51.3,-31],[-51.5,-31.4],[-51.6,-31.3],[-51.5,-31.1],[-51.8,-31.3],[-51.9,-31.6],[-52,-31.4],[-52.2,-31.4],[-52.3,-31.5],[-52.6,-31.3],[-53,-31.2],[-53.1,-31.2],[-53.5,-31],[-53.6,-30.8],[-54.3,-30.5],[-54.2,-30.7],[-54.3,-30.7],[-54.5,-30.5],[-54.6,-30.4],[-54.4,-30.1],[-54.9,-29.9],[-55.3,-29.7],[-55.3,-29.5],[-55.5,-29.8],[-55.9,-29.5],[-56.5,-29.9],[-57.5,-29.8],[-57.7,-29.4],[-57.3,-29.3],[-57.4,-29.1]]]]}},{"type":"Feature","properties":{},"geometry":{"type":"MultiPolygon","coordinates":[[[[-58.8,-32.3],[-58.8,-32.1],[-58.8,-31.8],[-58,-31.3],[-57.5,-31.6],[-57.5,-32],[-57.6,-32.5],[-57.7,-32.6],[-58.2,-32.7],[-58.5,-32.5],[-58.8,-32.3]]]]}},{"type":"Feature","properties":{},"geometry":{"type":"MultiPolygon","coordinates":[[[[-58.7,-31],[-58.5,-30.8],[-58.6,-30.4],[-57.7,-30.3],[-57.1,-30.6],[-57.7,-31],[-58,-31.1],[-58.3,-31.2],[-58.7,-31.2],[-58.7,-31]]]]}},{"type":"Feature","properties":{},"geometry":{"type":"MultiPolygon","coordinates":[[[[-59.6,-33],[-59.3,-32.6],[-58.2,-32.8],[-58.2,-33],[-58.4,-33.1],[-58.9,-33.3],[-59.1,-33.4],[-59.7,-33.2],[-59.6,-33]]]]}},{"type":"Feature","properties":{},"geometry":{"type":"MultiPolygon","coordinates":[[[[-58.1,-32.8],[-57.6,-33],[-57.7,-33.1],[-58.1,-32.8]]]]}},{"type":"Feature","properties":{},"geometry":{"type":"MultiPolygon","coordinates":[[[[-55,-30.3],[-54.8,-30.1],[-54.9,-30.3],[-55,-30.3]]]]}},{"type":"Feature","properties":{},"geometry":{"type":"MultiPolygon","coordinates":[[[[-52.1,-32.8],[-51.7,-32.7],[-51.8,-32.9],[-52.1,-32.8]]]]}},{"type":"Feature","properties":{},"geometry":{"type":"MultiPolygon","coordinates":[[[[-52.2,-31.5],[-52.1,-31.4],[-52.1,-31.5],[-52.2,-31.5]]]]}},{"type":"Feature","properties":{},"geometry":{"type":"MultiPolygon","coordinates":[[[[-123.4,-22.5],[-123.4,-22.7],[-123.5,-22.5],[-123.4,-22.5]]]]}},{"type":"Feature","properties":{},"geometry":{"type":"MultiPolygon","coordinates":[[[[-123.3,-30],[-124.4,-30.2],[-124.4,-30.1],[-125,-30.1],[-125.6,-29.9],[-125.6,-29.7],[-125.2,-29],[-125,-28.8],[-125,-28.6],[-125.2,-28.7],[-125,-28.5],[-125.7,-29.2],[-125.6,-28.8],[-125.4,-28.6],[-125.4,-28.4],[-125.2,-28.2],[-125,-28.1],[-124.9,-27.9],[-125.1,-28],[-125.1,-27.8],[-125.1,-27.6],[-124.9,-27.4],[-124.9,-27.3],[-124.9,-27.1],[-124.7,-26.9],[-124.5,-26.9],[-124.3,-26.7],[-124.2,-26.5],[-124.1,-26.4],[-123.9,-26.4],[-123.7,-26.5],[-123.3,-26.6],[-123.1,-26.9],[-123.8,-27.2],[-124,-27.3],[-124.2,-27.5],[-123.3,-27.6],[-122.8,-28.1],[-123.4,-28.7],[-123.7,-28.8],[-124.2,-29.1],[-123.7,-29.1],[-123.3,-30]]]]}},{"type":"Feature","properties":{},"geometry":{"type":"MultiPolygon","coordinates":[[[[-129,-30.9],[-129.4,-30.7],[-129.7,-30.6],[-129.3,-30.4],[-128.9,-30.3],[-129.2,-30.1],[-129.4,-29.9],[-129.4,-29.8],[-129.1,-29.5],[-129,-29.4],[-129,-29.3],[-129,-29.1],[-128.8,-29.2],[-128.5,-29.4],[-128,-29.5],[-127.7,-29.3],[-127.8,-29.2],[-127.7,-29.1],[-127.6,-28.9],[-127.4,-28.8],[-127.1,-28.9],[-127,-29],[-126.8,-28.9],[-126.8,-29.1],[-126.1,-29.7],[-126.2,-30.2],[-126.7,-30.3],[-126.9,-30.5],[-127.1,-30.6],[-128.2,-30.9],[-129,-30.9]]]]}},{"type":"Feature","properties":{},"geometry":{"type":"MultiPolygon","coordinates":[[[[-124.7,-26.3],[-125,-26.5],[-125.2,-26.6],[-125.3,-26.6],[-125.3,-26.4],[-125.2,-26.4],[-124.7,-26.2],[-124.7,-26.3]]]]}},{"type":"Feature","properties":{},"geometry":{"type":"MultiPolygon","coordinates":[[[[-125.1,-27],[-124.9,-27.4],[-125.2,-27.4],[-125.4,-27.2],[-125.4,-27.1],[-125.1,-26.9],[-125.1,-27]]]]}},{"type":"Feature","properties":{},"geometry":{"type":"MultiPolygon","coordinates":[[[[-121.3,-25],[-121.2,-25.3],[-121.4,-25.5],[-121.5,-25.6],[-121.6,-25.3],[-121.4,-25.3],[-121.4,-25.1],[-121.3,-25]]]]}},{"type":"Feature","properties":{},"geometry":{"type":"MultiPolygon","coordinates":[[[[-125.3,-28.2],[-125.5,-28.2],[-125.5,-28.1],[-125.4,-28],[-125.3,-28.2]]]]}},{"type":"Feature","properties":{},"geometry":{"type":"MultiPolygon","coordinates":[[[[-125.8,-28.5],[-126.2,-28.7],[-126,-28.6],[-125.8,-28.5]]]]}},{"type":"Feature","properties":{},"geometry":{"type":"MultiPolygon","coordinates":[[[[-122.8,-26.2],[-122.7,-26.4],[-122.9,-26.5],[-123,-26.3],[-122.8,-26.2]]]]}},{"type":"Feature","properties":{},"geometry":{"type":"MultiPolygon","coordinates":[[[[73.3,-62.5],[73.2,-62.6],[71.4,-62.5],[70.2,-62.5],[66.8,-61.3],[64.7,-60.1],[66,-60.5],[66.9,-60.7],[67.7,-60.9],[68.9,-61.2],[70.1,-61.4],[72.5,-62.2],[73.3,-62.5]]]]}},{"type":"Feature","properties":{},"geometry":{"type":"MultiPolygon","coordinates":[[[[112.3,-18.9],[112.2,-20.2],[112.6,-21.8],[112.1,-24],[111.5,-25.3],[110.1,-27.8],[108.2,-30.2],[105.9,-31.3],[103.1,-32.9],[98.8,-33.7],[95.7,-34.9],[95.2,-35.3],[96.1,-34.3],[96.1,-33.7],[101,-32.7],[102.9,-32.5],[105,-31.8],[106.4,-30.6],[107.6,-29.6],[109.2,-28.4],[111,-25.9],[112.1,-22.8],[112.2,-20.9],[111.8,-19.1],[112.3,-18.9]]]]}},{"type":"Feature","properties":{},"geometry":{"type":"MultiPolygon","coordinates":[[[[-28,-58],[-25.2,-56],[-25,-56],[-24.7,-56.1],[-23.7,-56.6],[-23.3,-57],[-22.1,-57.7],[-22.2,-57.8],[-24.1,-59.4],[-25.7,-60.2],[-27.3,-60.6],[-27.9,-60.4],[-28.5,-60.3],[-29,-60],[-29.5,-59.5],[-28.1,-58.1],[-28,-58]]]]}},{"type":"Feature","properties":{},"geometry":{"type":"MultiPolygon","coordinates":[[[[23.5,-67.3],[21.9,-68.8],[20.4,-68.6],[22.4,-67.3],[23.5,-67.3]]]]}},{"type":"Feature","properties":{},"geometry":{"type":"MultiPolygon","coordinates":[[[[10.4,-71.8],[12.4,-71.3],[11.1,-71.6],[10.4,-71.8]]]]}},{"type":"Feature","properties":{},"geometry":{"type":"MultiPolygon","coordinates":[[[[10,-71.4],[7.4,-71.5],[7.8,-71.2],[8.4,-70.9],[9.4,-70.7],[11.3,-70.7],[10,-71.4]]]]}},{"type":"Feature","properties":{},"geometry":{"type":"MultiPolygon","coordinates":[[[[5.4,-71.3],[4,-71.4],[1.8,-71.2],[2.8,-70.8],[5.4,-71.1],[5.4,-71.3]]]]}},{"type":"Feature","properties":{},"geometry":{"type":"MultiPolygon","coordinates":[[[[3.6,-71.6],[7.9,-71.5],[6.5,-72.1],[3.4,-72.5],[1.7,-72.5],[1.5,-72.3],[2.3,-72.1],[3.4,-71.8],[3.5,-71.6],[3.6,-71.6]]]]}},{"type":"Feature","properties":{},"geometry":{"type":"MultiPolygon","coordinates":[[[[-5.6,-72.2],[-6,-72.6],[-7,-72.5],[-6.4,-72],[-5.6,-72.2]]]]}},{"type":"Feature","properties":{},"geometry":{"type":"MultiPolygon","coordinates":[[[[-3,-72.1],[-3.1,-72.4],[-3.9,-72],[-3,-72.1]]]]}},{"type":"Feature","properties":{},"geometry":{"type":"MultiPolygon","coordinates":[[[[4.4,-73.4],[-3.7,-73.2],[-3,-73.2],[0.3,-73],[2.8,-73.1],[4.3,-73.4],[4.4,-73.4]]]]}},{"type":"Feature","properties":{},"geometry":{"type":"MultiPolygon","coordinates":[[[[-12.6,-74.1],[-15,-73.8],[-14,-73.7],[-12.6,-74.1]]]]}},{"type":"Feature","properties":{},"geometry":{"type":"MultiPolygon","coordinates":[[[[-6.9,-74.3],[-8.5,-74.6],[-7.2,-74.2],[-6.9,-74.3]]]]}},{"type":"Feature","properties":{},"geometry":{"type":"MultiPolygon","coordinates":[[[[139.8,-3.7],[139.9,-3.8],[140,-3.8],[140.1,-3.9],[140.1,-4.1],[140,-4],[139.8,-3.9],[139.7,-3.8],[139.8,-3.7]]]]}},{"type":"Feature","properties":{},"geometry":{"type":"MultiPolygon","coordinates":[[[[115.2,16.6],[115.5,16.7],[115.6,16.7],[115.9,16.8],[116,16.8],[116.3,16.6],[116.3,16.7],[116.4,16.6],[116.6,16.4],[117.1,16.2],[117.2,16.1],[117.3,16],[118,15.9],[118,16],[118.1,15.9],[118.4,15.9],[118.5,15.8],[118.6,15.8],[118.8,15.7],[118.9,15.6],[119,15.4],[119.1,15.3],[119.2,15.3],[119.3,15.3],[119.6,15.3],[119.6,15.2],[119.7,15.1],[119.8,15],[119.9,15],[119.9,14.9],[119.9,14.8],[119.8,14.7],[119.8,14.6],[119.8,14.5],[119.7,14.4],[119.7,14.3],[119.7,14.2],[119.7,14.1],[119.7,14],[119.6,14],[119.6,13.9],[119.6,13.8],[119.6,13.7],[119.5,13.6],[119.5,13.5],[119.4,13.5],[119.4,13.4],[119.4,13.3],[119.3,13.3],[119.2,13.2],[119.2,13.1],[119.1,13.1],[119.1,13.2],[119,13.3],[119,13.4],[119,13.5],[119,13.6],[119,13.7],[119,13.8],[119,13.9],[119,14],[119,14.1],[118.9,14.1],[118.9,14.2],[118.9,14.3],[118.8,14.4],[118.8,14.5],[118.8,14.6],[118.8,14.7],[118.8,14.8],[118.8,14.9],[118.7,14.9],[118.7,15],[118.6,15],[118.5,15],[118.4,15],[118.3,15],[118.3,14.9],[118.2,14.9],[118.1,14.9],[118,14.9],[117.9,14.9],[117.9,14.8],[117.8,14.8],[117.7,14.8],[117.6,14.8],[117.5,14.8],[117.4,14.8],[117.4,14.7],[117.3,14.7],[117.2,14.7],[117,14.7],[116.7,14.8],[116.6,14.9],[116.5,14.9],[116.5,15],[116.4,15],[116.4,15.1],[116.3,15.1],[116.3,15.2],[116.2,15.2],[116.2,15.3],[116.1,15.3],[116,15.3],[116,15.4],[115.9,15.5],[115.7,15.6],[115.7,15.7],[115.6,15.8],[115.3,16.2],[115.2,16.2],[115,16.4],[114.9,16.6],[114.9,16.7],[115.2,16.6]]]]}},{"type":"Feature","properties":{},"geometry":{"type":"MultiPolygon","coordinates":[[[[-77.9,-62.2],[-73.8,-62.7],[-73.8,-62.9],[-73.7,-63.2],[-73.3,-63.5],[-72.2,-64.1],[-71.6,-64.6],[-71.5,-64.8],[-72.1,-64.7],[-72.7,-64.5],[-73.1,-64.5],[-73.4,-64.5],[-74.1,-64.4],[-74.4,-64.4],[-74.9,-64.2],[-75.1,-64.1],[-75.5,-64],[-76.1,-64.1],[-76.3,-63.9],[-76.5,-63.8],[-76.9,-63.7],[-77.1,-63.7],[-77.7,-63.8],[-78.4,-63.8],[-78.7,-63.8],[-79,-63.8],[-79.4,-63.7],[-79.9,-63.5],[-79.9,-63.3],[-79.8,-63.1],[-78.3,-62.7],[-78,-62.8],[-77.8,-62.8],[-75.5,-63],[-75.6,-63.5],[-75.9,-62.9],[-75.2,-62.8],[-74.6,-62.9],[-74.7,-62.5],[-77.2,-62.4],[-77.9,-62.2]]]]}},{"type":"Feature","properties":{},"geometry":{"type":"MultiPolygon","coordinates":[[[[-89.3,-60.5],[-85.7,-60.8],[-85.6,-61],[-86.4,-60.9],[-86.5,-61.1],[-86.9,-61.4],[-86.4,-61.6],[-87,-61.9],[-87.4,-61.4],[-87.9,-61.3],[-87.7,-61.1],[-87.8,-61],[-88.5,-61],[-89,-60.6],[-89.3,-60.5]]]]}},{"type":"Feature","properties":{},"geometry":{"type":"MultiPolygon","coordinates":[[[[-61.5,-65],[-61.3,-65],[-57.9,-64.5],[-57.9,-64.6],[-57.9,-64.7],[-58.5,-64.8],[-57.8,-64.9],[-57,-64.9],[-57.3,-65],[-58.4,-65.1],[-58.5,-65.5],[-58.6,-65.7],[-57.2,-65.4],[-57.9,-65.8],[-58,-65.9],[-57,-65.7],[-57.8,-66.4],[-58.7,-66.7],[-59.3,-66.6],[-59.1,-66.3],[-58.7,-66],[-59.4,-65.9],[-59.1,-65.8],[-58.8,-65.3],[-60.1,-65.6],[-60.4,-65.5],[-61.4,-65.7],[-61.8,-65.8],[-62.1,-65.4],[-60.4,-65.3],[-60.9,-65.1],[-61.2,-65.2],[-61.7,-65.1],[-61.5,-65]]]]}},{"type":"Feature","properties":{},"geometry":{"type":"MultiPolygon","coordinates":[[[[-71.5,-64.2],[-70.8,-64.6],[-69.3,-64.5],[-68.8,-64.7],[-69.1,-64.8],[-70.8,-64.7],[-71.6,-64.5],[-71.5,-64.2]]]]}},{"type":"Feature","properties":{},"geometry":{"type":"MultiPolygon","coordinates":[[[[-72.1,-63.5],[-72.3,-63.6],[-72.8,-63.3],[-72.1,-63.5]]]]}},{"type":"Feature","properties":{},"geometry":{"type":"MultiPolygon","coordinates":[[[[-81.9,-67],[-79.7,-67.5],[-78.9,-67.7],[-80.4,-67.9],[-81.1,-67.9],[-81.8,-67.8],[-83,-67.8],[-82.3,-67.1],[-81.9,-67]]]]}},{"type":"Feature","properties":{},"geometry":{"type":"MultiPolygon","coordinates":[[[[-83.6,-66.8],[-81.9,-67],[-83.4,-67.8],[-84,-67.8],[-84.1,-67.9],[-84.9,-68],[-85.9,-67.9],[-87.4,-67.9],[-87.3,-67.8],[-87.1,-67.7],[-86.1,-67.8],[-86.1,-67.6],[-85.7,-67.4],[-85.6,-67.4],[-85.4,-67.1],[-85,-67.1],[-84.5,-67.2],[-84.7,-67],[-84.4,-66.9],[-84.3,-67],[-84.5,-66.8],[-83.7,-66.9],[-83.6,-66.8]]]]}},{"type":"Feature","properties":{},"geometry":{"type":"MultiPolygon","coordinates":[[[[-86.2,-66.4],[-84.4,-66.7],[-85.6,-67],[-86.1,-66.9],[-86.1,-66.5],[-86.2,-66.4]]]]}},{"type":"Feature","properties":{},"geometry":{"type":"MultiPolygon","coordinates":[[[[-115.6,-66.1],[-115.6,-65.8],[-114.5,-65],[-112.9,-64.4],[-110.9,-63.9],[-110.1,-63.8],[-109,-63.2],[-108.1,-62.6],[-108.3,-62.4],[-108.9,-61.9],[-108.6,-61.5],[-108.3,-61.4],[-108,-61.3],[-107.8,-61.2],[-107.4,-60.8],[-107.2,-60.6],[-107.2,-60.1],[-107.4,-60],[-107.4,-59.8],[-107.6,-59.6],[-107.6,-59.5],[-107.1,-59.2],[-107.4,-58.7],[-107.6,-58.2],[-107.4,-58.1],[-106,-56],[-105.4,-57.9],[-104.6,-59.4],[-103,-61.3],[-98,-64.9],[-89.7,-66.1],[-86.4,-66.4],[-86.3,-67],[-87.3,-67.4],[-87.2,-67.2],[-87.6,-67.4],[-88.2,-67.4],[-88.3,-67.3],[-88.5,-67.3],[-89,-67.4],[-89.2,-67.7],[-91.2,-68.7],[-89.7,-68.2],[-89.9,-68.2],[-90.4,-68],[-91,-68.1],[-91.3,-67.7],[-91.4,-68],[-91.1,-68.4],[-92,-68.5],[-93,-68.2],[-92.7,-68],[-93,-67.7],[-93.5,-68],[-94,-67.8],[-94,-68.2],[-93.8,-68.3],[-94.7,-68.3],[-94.7,-68.1],[-95.1,-67.8],[-95.7,-67.7],[-97.7,-67.3],[-99.9,-66.5],[-100.4,-66.4],[-101.2,-65.9],[-101.7,-65.7],[-102,-65.6],[-102.1,-65.2],[-102.9,-65.3],[-103.5,-65.2],[-103.6,-65.1],[-104.1,-65],[-104.4,-65],[-104.5,-65],[-104.9,-64.9],[-105,-64.9],[-105.5,-64.9],[-105.6,-64.8],[-105.8,-64.8],[-106.4,-64.9],[-106.9,-64.9],[-111.8,-65.7],[-111.9,-65.6],[-114.8,-65.9],[-115.6,-66.1]]]]}},{"type":"Feature","properties":{},"geometry":{"type":"MultiPolygon","coordinates":[[[[-76.9,-63.2],[-78.3,-62.9],[-76.7,-62.8],[-74.8,-63],[-76.9,-63.2]]]]}},{"type":"Feature","properties":{},"geometry":{"type":"MultiPolygon","coordinates":[[[[-72.4,-63.5],[-74.9,-63.4],[-76.9,-63.2],[-73.9,-62.8],[-73.4,-62.9],[-73.4,-63],[-73.5,-63.1],[-73.1,-63],[-72.9,-63.1],[-73.6,-63.2],[-72.9,-63.3],[-72.4,-63.4],[-72.4,-63.5]]]]}},{"type":"Feature","properties":{},"geometry":{"type":"MultiPolygon","coordinates":[[[[-72.6,-63.2],[-72.3,-63.2],[-72.7,-63.2],[-72.6,-63.2]]]]}},{"type":"Feature","properties":{},"geometry":{"type":"MultiPolygon","coordinates":[[[[26.1,-33.8],[28.3,-31.9],[29.1,-33.7],[27.5,-35.2],[24.7,-36.7],[23.7,-34.9],[25.6,-34.2],[26.1,-33.8]]]]}},{"type":"Feature","properties":{},"geometry":{"type":"MultiPolygon","coordinates":[[[[19.7,-35.1],[22.5,-34.2],[22.2,-35.9],[19,-36.2],[19.7,-35.1]]]]}},{"type":"Feature","properties":{},"geometry":{"type":"MultiPolygon","coordinates":[[[[21.2,-28.1],[23.5,-27.8],[25.3,-26.5],[25.5,-26.4],[24.9,-28.4],[23.6,-29.2],[20.8,-29],[21.2,-28.1]]]]}},{"type":"Feature","properties":{},"geometry":{"type":"MultiPolygon","coordinates":[[[[49.4,-13.5],[48.2,-11.9],[48.6,-10.2],[50.7,-9.9],[52.9,-12.4],[54.3,-15.2],[51.2,-15.2],[49.7,-13.7],[49.4,-13.5]]]]}},{"type":"Feature","properties":{},"geometry":{"type":"MultiPolygon","coordinates":[[[[114.9,16.5],[115.2,16.3],[115.3,16.2],[115.4,16.1],[115.6,15.8],[115.7,15.7],[115.7,15.6],[115.8,15.5],[115.9,15.4],[116,15.3],[116.1,15.3],[116.2,15.3],[116.2,15.2],[116.3,15.2],[116.3,15.1],[116.4,15.1],[116.4,15],[116.5,15],[116.5,14.9],[116.6,14.9],[116.7,14.8],[116.8,14.7],[117.2,14.7],[117.3,14.7],[117.4,14.7],[117.5,14.8],[117.6,14.8],[117.7,14.8],[117.8,14.8],[117.9,14.8],[118,14.9],[118.1,14.9],[118.2,14.9],[118.3,14.9],[118.4,15],[118.5,15],[118.6,15],[118.7,15],[118.7,14.9],[118.8,14.8],[118.8,14.7],[118.8,14.6],[118.8,14.5],[118.8,14.4],[118.9,14.3],[118.9,14.2],[118.9,14.1],[119,14],[119,13.9],[119,13.8],[119,13.7],[119,13.6],[119,13.5],[119,13.4],[119,13.3],[119.1,13.2],[119.1,13.1],[119.1,13],[119.6,13],[120.1,13.1],[120,13.1],[120,13],[120,12.9],[120,12.8],[120,12.7],[120,12.6],[120,12.5],[120.2,12.3],[120.3,12.2],[120.4,12],[120.5,11.8],[120.5,11.7],[120.6,11.7],[120.6,11.6],[120.7,11.6],[120.7,11.3],[120.7,11.2],[120.8,11.1],[120.8,11],[120.8,10.9],[120.8,10.8],[120.8,10.7],[120.8,10.6],[120.8,10.5],[120.8,10.4],[120.8,10.3],[120.8,10.2],[120.9,10.1],[121,10.1],[121,10],[121,9.9],[121.1,9.9],[121.1,9.8],[121.1,9.7],[121.1,9.6],[121.1,9.5],[121.1,9.4],[121.1,9.3],[121.1,9.2],[121.1,9.1],[121.1,9],[121,9],[121,8.9],[121,8.8],[121,8.7],[121,8.6],[121,8.5],[121,8.4],[121,8.3],[121,8.2],[121,8.1],[121.1,8],[121.1,7.9],[121.1,7.8],[121.1,7.7],[121.1,7.6],[121.1,7.5],[121.1,7.4],[121,7.4],[121,7.3],[120.9,7.3],[120.9,7.2],[120.9,7.1],[120.9,7],[120.8,7],[120.7,7],[120.6,7],[120.6,7.1],[120.5,7.2],[120.4,7.2],[120.3,7.2],[120.2,7.2],[120.1,7.2],[120,7.2],[119.9,7.2],[119.8,7.3],[119.7,7.3],[119.6,7.4],[119.5,7.4],[119.4,7.4],[119.3,7.4],[119.3,7.5],[119.2,7.5],[119.1,7.5],[119,7.5],[118.9,7.5],[118.8,7.6],[118.7,7.6],[118.6,7.6],[118.6,7.7],[118.5,7.7],[118.4,7.7],[118.3,7.8],[118.2,7.8],[118.2,7.9],[118.1,8],[118.1,8.1],[118,8.1],[118,8.2],[118,8.3],[117.9,8.4],[117.8,8.4],[117.7,8.4],[117.7,8.5],[117.6,8.5],[117.6,8.6],[117.5,8.6],[117.4,8.6],[117.4,8.5],[117.3,8.5],[117.3,8.6],[117.2,8.6],[117.2,8.7],[117.1,8.7],[117.1,8.8],[117,8.8],[116.9,8.8],[116.8,8.8],[116.7,8.9],[116.6,8.9],[116.6,9],[116.7,9],[116.7,9.1],[116.6,9.1],[116.5,9.1],[116.4,9.1],[116.3,9.2],[116.4,9.2],[116.4,9.3],[116.3,9.3],[116.2,9.3],[116.2,9.4],[116.1,9.4],[116,9.4],[116,9.5],[115.9,9.5],[115.9,9.6],[115.9,9.7],[115.8,9.8],[115.8,9.9],[115.8,10],[115.8,10.1],[115.7,10.1],[115.7,10.2],[115.8,10.2],[115.8,10.3],[115.8,10.4],[115.8,10.5],[115.8,10.6],[115.7,10.6],[115.7,10.7],[115.7,10.8],[115.7,10.9],[115.6,11],[115.6,11.1],[115.6,11.2],[115.6,11.3],[115.6,11.4],[115.5,11.8],[115.4,11.8],[115.4,11.7],[115.3,12],[114.4,13.2],[113.1,14.5],[112.5,15],[112.1,15.2],[112.1,15.6],[112,15.6],[111.8,15.5],[111.6,15.7],[111.6,16.1],[111.4,16.2],[111.2,16.5],[110.8,17],[111,17],[111.2,17.3],[112.2,17],[112.6,16.8],[113.2,16.8],[114.3,16.2],[114.8,16.4],[114.9,16.5]]]]}},{"type":"Feature","properties":{},"geometry":{"type":"MultiPolygon","coordinates":[[[[106.6,9.7],[106.6,9.6],[106.7,9.6],[106.8,9.5],[106.9,9.4],[107,9.3],[107,9.2],[107,9.1],[107,9],[107,8.9],[107,8.8],[107,8.7],[107.1,8.6],[107.2,8.5],[107.1,8.5],[107.1,8.4],[107,8.4],[107,8.3],[107,8.2],[107,8.1],[107.1,8.1],[107.1,8],[107.2,7.9],[107.3,7.9],[107.4,7.9],[107.4,7.8],[107.5,7.7],[107.6,7.6],[107.6,7.5],[107.7,7.5],[107.8,7.5],[107.9,7.5],[108,7.5],[108.1,7.5],[108.2,7.5],[108.3,7.5],[108.3,7.4],[108.4,7.4],[108.4,7.3],[108.5,7.3],[108.5,7.2],[108.6,7.2],[108.7,7.2],[108.8,7.2],[108.9,7.2],[108.9,7.1],[109,7.1],[109.5,7.3],[110.3,6.5],[110.6,6.1],[110.6,6.2],[110.7,6.2],[110.8,6.2],[110.9,6.1],[111,6.2],[111.1,6.3],[111.2,6.3],[111.5,6.3],[111.6,6.3],[111.7,6.3],[111.7,6.2],[111.8,6.2],[111.9,6.2],[112,6.2],[112.1,6.1],[112.2,6.1],[112.3,6.1],[112.4,6],[112.3,6],[112.3,5.9],[112.4,5.9],[112.4,5.8],[112.5,5.8],[112.6,5.8],[112.7,5.8],[112.8,5.8],[112.9,5.8],[113,5.8],[113.1,5.8],[113.2,5.9],[113.3,5.9],[113.3,6],[113.4,6.1],[113.4,6.2],[113.5,6.2],[113.5,6.3],[113.5,6.4],[113.5,6.5],[113.5,6.6],[113.4,6.6],[113.3,6.6],[113.2,6.6],[113.2,6.7],[113.2,6.8],[113.3,6.8],[113.3,6.9],[113.3,7],[113.3,7.1],[113.3,7.2],[113.3,7.3],[113.3,7.4],[113.2,7.4],[113.2,7.5],[113.1,7.5],[113.1,7.6],[113.1,7.7],[113.1,7.8],[113.1,7.9],[113.1,8],[113.2,8.1],[113.2,8.2],[113.2,8.3],[113.2,8.4],[113.3,8.5],[113.3,8.6],[113.4,8.7],[113.5,8.7],[113.6,8.8],[113.7,9],[113.8,9.1],[113.8,9.2],[113.9,9.3],[113.9,9.4],[113.9,9.5],[114,9.6],[114,9.7],[114.1,9.8],[114.1,9.9],[114.2,10],[114.2,10.1],[114.3,10.2],[114.3,10.3],[114.4,10.3],[114.4,10.4],[114.5,10.5],[114.5,10.6],[114.6,10.6],[114.6,10.7],[114.7,10.7],[114.7,10.8],[114.8,10.8],[114.8,10.9],[114.9,10.9],[114.9,11],[115,11.1],[115.1,11.1],[115.1,11.2],[115.2,11.2],[115.2,11.3],[115.3,11.7],[115.4,11.7],[115.4,11.8],[115.5,11.8],[115.6,11.4],[115.6,11.3],[115.6,11.2],[115.6,11.1],[115.6,11],[115.7,10.9],[115.7,10.8],[115.7,10.7],[115.7,10.6],[115.8,10.6],[115.8,10.5],[115.8,10.4],[115.8,10.3],[115.8,10.2],[115.7,10.2],[115.8,10.1],[115.8,10],[115.8,9.9],[115.8,9.8],[115.9,9.7],[115.9,9.6],[115.9,9.5],[116,9.5],[116,9.4],[116.1,9.4],[116.2,9.4],[116.2,9.3],[116.3,9.3],[116.4,9.3],[116.4,9.2],[116.3,9.2],[116.3,9.1],[116.4,9.1],[116.5,9.1],[116.6,9.1],[116.7,9.1],[116.7,9],[116.6,9],[116.6,8.9],[116.7,8.9],[116.7,8.8],[116.8,8.8],[116.9,8.8],[117,8.8],[117.1,8.8],[117.1,8.7],[117.2,8.7],[117.2,8.6],[117.3,8.6],[117.3,8.5],[117.4,8.5],[117.4,8.6],[117.5,8.6],[117.6,8.6],[117.6,8.5],[117.7,8.5],[117.8,8.4],[117.9,8.4],[118,8.3],[118,8.2],[118,8.1],[118.1,8.1],[118.1,8],[118.1,7.9],[118.2,7.9],[118.2,7.8],[118.3,7.8],[118.4,7.7],[118.5,7.7],[118.6,7.7],[118.6,7.6],[118.7,7.6],[118.8,7.6],[118.9,7.5],[119,7.5],[119.1,7.5],[119.2,7.5],[119.3,7.5],[119.4,7.4],[119.5,7.4],[119.6,7.4],[119.7,7.3],[119.8,7.3],[119.9,7.2],[120,7.2],[120.1,7.2],[120.2,7.2],[120.3,7.2],[120.4,7.2],[120.5,7.2],[120.6,7.1],[120.6,7],[120.7,7],[120.8,7],[120.9,7],[120.9,6.7],[120.9,6.6],[120.9,6.5],[120.8,6.5],[120.8,6.4],[120.7,6.3],[120.6,6.2],[120.6,6.1],[120.5,6.1],[120.5,6],[120.4,5.9],[120.4,5.8],[120.3,5.8],[120.3,5.7],[120.2,5.7],[120.1,5.6],[120,5.6],[119.9,5.6],[119.9,5.5],[119.8,5.5],[119.7,5.5],[119.7,5.4],[119.6,5.4],[119.5,5.3],[119.4,5.3],[119.3,5.3],[119.3,5.2],[119.2,5.2],[119.1,5.2],[119,5.2],[118.9,5.1],[118.8,5.1],[118.7,5],[118.6,5],[118.5,4.9],[118.4,4.9],[118.3,4.9],[118.3,4.8],[118.2,4.8],[118.3,4.8],[118.3,4.7],[118.4,4.7],[118.5,4.7],[118.5,4.6],[118.6,4.6],[118.6,4.5],[118.7,4.5],[118.7,4.4],[118.8,4.4],[118.8,4.3],[118.9,4.3],[118.9,4.2],[119,4.2],[119.1,4.1],[119.2,4.1],[119.2,4],[119.2,3.9],[119.1,3.8],[119.1,3.7],[119.1,3.6],[119.1,3.5],[119,3.5],[118.9,3.5],[118.8,3.5],[118.7,3.5],[118.6,3.4],[118.5,3.4],[118.4,3.4],[118.3,3.4],[118.2,3.4],[118.1,3.4],[118,3.4],[117.9,3.4],[117.8,3.5],[117.8,3.4],[117.7,3.3],[117.7,3.2],[117.8,3.1],[117.8,3],[117.8,2.9],[117.8,2.8],[117.8,2.7],[117.8,2.6],[117.8,2.5],[117.8,2.4],[117.8,2.3],[117.9,2.3],[117.9,2.2],[117.9,2.1],[117.9,2],[117.9,1.9],[117.9,1.8],[117.9,1.7],[117.9,1.6],[117.8,1.5],[117.8,1.4],[117.7,1.3],[117.7,1.2],[117.6,1.1],[117.5,1],[117.5,0.9],[117.4,0.9],[117.4,0.8],[117.3,0.8],[117.3,0.7],[117.2,0.7],[117.2,0.6],[117.1,0.6],[117.1,0.5],[117,0.4],[117,0.3],[116.9,0.2],[116.9,0.1],[116.8,0],[116.8,-0.1],[116.7,-0.1],[116.7,-0.2],[116.6,-0.3],[116.6,-0.4],[116.5,-0.4],[116.5,-0.5],[116.4,-0.5],[116.3,-0.5],[116.3,-0.6],[116.2,-0.6],[116.2,-0.7],[116.1,-0.7],[116,-0.7],[115.9,-0.8],[115.8,-0.8],[115.7,-0.9],[115.6,-0.9],[115.5,-0.9],[115.5,-1],[115.4,-1],[115.3,-1],[115.2,-1],[115.2,-1.1],[115.1,-1.1],[115,-1.1],[115,-1.2],[115,-1.3],[114.9,-1.3],[114.9,-1.5],[114.9,-1.6],[114.8,-1.7],[114.8,-1.8],[114.8,-1.9],[114.7,-2],[114.6,-2],[114.5,-2.1],[114.4,-2.1],[114.4,-2.2],[114.4,-2.3],[114.3,-2.3],[114.3,-2.4],[114.3,-2.5],[114.2,-2.5],[114.2,-2.6],[114.1,-2.6],[114.1,-2.7],[114,-2.7],[113.9,-2.7],[113.8,-2.7],[113.7,-2.7],[113.6,-2.7],[113.5,-2.6],[113.4,-2.6],[113.4,-2.5],[113.3,-2.5],[113.3,-2.6],[113.2,-2.7],[113.2,-2.8],[113.2,-2.9],[113.1,-2.9],[113,-2.9],[112.9,-2.9],[112.9,-2.8],[112.8,-2.8],[112.8,-2.7],[112.7,-2.7],[112.6,-2.7],[112.6,-2.6],[112.5,-2.6],[112.4,-2.6],[112.4,-2.7],[112.4,-2.8],[112.4,-2.9],[112.4,-3],[112.4,-3.1],[112.4,-3],[112.3,-3],[112.2,-3],[112.2,-2.9],[112.1,-2.9],[112,-2.9],[111.9,-2.9],[111.8,-2.9],[111.7,-2.9],[111.6,-3],[111.5,-3],[111.5,-3.1],[111.4,-3.1],[111.4,-3.2],[111.3,-3.3],[111.2,-3.3],[111.2,-3.4],[111.1,-3.4],[111.1,-3.5],[111,-3.6],[111,-3.7],[110.9,-3.7],[110.9,-3.8],[110.8,-3.8],[110.8,-3.9],[110.7,-3.9],[110.7,-4],[110.6,-4],[110.6,-4.1],[110.5,-4.1],[110.5,-4.2],[110.4,-4.2],[110.3,-4.3],[110.2,-4.3],[110.1,-4.4],[110,-4.4],[110,-4.5],[109.9,-4.5],[109.8,-4.5],[109.7,-4.5],[109.7,-4.4],[109.6,-4.4],[109.5,-4.4],[109.4,-4.5],[109.3,-4.5],[109.2,-4.5],[109.1,-4.5],[109,-4.5],[108.9,-4.5],[108.8,-4.5],[108.7,-4.5],[108.6,-4.5],[108.5,-4.5],[108.4,-4.5],[108.3,-4.5],[108.3,-4.4],[108.2,-4.4],[108.1,-4.4],[108,-4.4],[107.9,-4.4],[107.9,-4.3],[107.8,-4.3],[107.7,-4.3],[107.6,-4.3],[107.5,-4.3],[107.4,-4.3],[107.3,-4.2],[107.3,-4.1],[107.2,-4.1],[107.2,-4],[107.2,-3.9],[107.1,-4],[107,-4],[106.9,-4],[106.8,-4],[106.7,-4],[106.6,-4],[106.6,-4.1],[106.5,-4.1],[106.4,-4.1],[106.3,-4],[106.1,-3.7],[105.8,-3.1],[105.2,-2.6],[105,-2.3],[105.1,-2],[104.9,-1.6],[105.2,-1.7],[106.1,-1.8],[105.7,-1.5],[105.9,-1.2],[105.7,-1.1],[105.3,-1.2],[105.2,-1],[105,-1.1],[105,-0.9],[105.1,-1],[105.4,-0.8],[105.3,-0.7],[105.6,-0.6],[105.5,-0.5],[105.8,0],[105.3,-0.3],[105.4,-0.1],[105.2,0],[104.9,-0.2],[104.8,0],[104.9,0.3],[104.9,0.4],[105.1,0.5],[105,0.6],[104.8,0.7],[104.9,0.9],[104.9,1.1],[104.8,1.1],[104.5,1.1],[104.6,1.3],[104.4,1.7],[104.6,1.6],[104.8,1.7],[104.6,2],[104.4,2],[104.3,2.1],[104.4,2.2],[104.7,2.1],[104.6,2.5],[104.7,2.6],[104.8,2.8],[104.6,2.9],[104.9,3.1],[105,3.3],[105.9,3.4],[106.2,3.3],[106.5,3],[106.4,3.2],[106.4,3.3],[106.5,3.5],[106.5,3.6],[106.4,3.9],[106.7,4.1],[107,4.1],[106.9,4.1],[106.8,4.3],[107.2,4.4],[106.9,4.6],[107,4.8],[106.9,4.8],[106.9,4.7],[106.8,4.8],[106.6,4.6],[106.4,4.8],[106.3,5],[106.1,5.3],[106,5.6],[105.7,5.9],[105.6,6.4],[105.7,6.6],[105.4,6.7],[105.7,6.7],[105.8,6.9],[105.5,7],[105.5,7.5],[106.1,8],[106.3,8.2],[106.2,8.5],[105.9,8.9],[105.8,8.8],[105.6,8.8],[105.3,8.4],[105.1,8.3],[105.2,8.6],[105.2,8.7],[105.4,8.8],[105.8,9.1],[106.3,9.3],[106.5,9.5],[106.6,9.7]]]]}},{"type":"Feature","properties":{},"geometry":{"type":"MultiPolygon","coordinates":[[[[108,11.2],[108,11],[108,11.1],[108,11.2]]]]}},{"type":"Feature","properties":{},"geometry":{"type":"MultiPolygon","coordinates":[[[[107.9,10.9],[107.9,10.7],[107.8,10.8],[107.9,10.9]]]]}},{"type":"Feature","properties":{},"geometry":{"type":"MultiPolygon","coordinates":[[[[109.2,10.9],[109.1,11],[109.2,11],[109.2,10.9]]]]}},{"type":"Feature","properties":{},"geometry":{"type":"MultiPolygon","coordinates":[[[[110,9.5],[109.9,9.5],[109.9,9.6],[110,9.5]]]]}},{"type":"Feature","properties":{},"geometry":{"type":"MultiPolygon","coordinates":[[[[114.3,10.8],[114.1,10.8],[114,10.9],[114.3,10.8]]]]}},{"type":"Feature","properties":{},"geometry":{"type":"MultiPolygon","coordinates":[[[[104.5,7.3],[104.6,7.6],[104.7,7.7],[104.8,7.8],[105.1,8],[105.2,7.6],[104.5,7.3]]]]}},{"type":"Feature","properties":{},"geometry":{"type":"MultiPolygon","coordinates":[[[[110,10.8],[110.1,10.8],[110.4,10.7],[110.1,10.4],[110,10.5],[109.8,11],[110,10.8]]]]}},{"type":"Feature","properties":{},"geometry":{"type":"MultiPolygon","coordinates":[[[[104.5,7.1],[104.6,7],[104.9,7],[104.5,6.7],[104.6,6.8],[104.5,6.9],[104.5,7.1]]]]}},{"type":"Feature","properties":{},"geometry":{"type":"MultiPolygon","coordinates":[[[[113.7,11.5],[113.9,11.3],[113.7,11.1],[113.7,11.5]]]]}},{"type":"Feature","properties":{},"geometry":{"type":"MultiPolygon","coordinates":[[[[119.1,3.6],[119.1,3.5],[119.1,3.4],[119.2,3.3],[119.2,3.2],[119.2,3.1],[119.3,3.1],[119.3,3],[119.3,2.9],[119.4,2.8],[119.4,2.7],[119.4,2.5],[119.3,1.8],[119.1,1.3],[118.9,1],[118.7,0.8],[118.7,0.6],[119,1],[119.1,1.1],[119,0.6],[118.8,0],[118.5,-0.5],[118.6,-0.9],[118.3,-1.3],[118.2,-1.7],[118,-1.9],[117.6,-2.2],[117.4,-2.3],[117.2,-2.4],[116.8,-2.6],[116.7,-2.6],[116.6,-2.6],[116.5,-2.6],[116.5,-2.7],[116.4,-2.7],[116.4,-2.8],[116.3,-2.9],[116.2,-2.9],[116.1,-2.9],[116,-2.9],[115.9,-3],[115.9,-3.1],[115.8,-3.1],[115.8,-3.2],[115.8,-3.3],[115.7,-3.3],[115.7,-3.4],[115.6,-3.5],[115.5,-3.6],[115.4,-3.7],[115.3,-3.8],[115.2,-3.8],[115.2,-3.9],[115.1,-3.9],[115,-4],[114.9,-4],[114.8,-4],[114.8,-4.1],[114.7,-4.1],[114.6,-4.1],[114.5,-4.1],[114.4,-4.1],[114.3,-4.1],[114.2,-4.1],[113.7,-4.1],[113.5,-4],[113.4,-4],[113.3,-4],[113.3,-4.1],[113.2,-4.1],[113.1,-4.1],[113,-4.1],[113,-4.2],[112.9,-4.2],[112.8,-4.2],[112.7,-4.2],[112.6,-4.2],[112.5,-4.2],[112.4,-4.2],[112.3,-4.1],[112.2,-4.1],[112.1,-4.1],[112,-4.1],[111.9,-4.1],[111.8,-4.1],[111.8,-4],[111.7,-4],[111.6,-4],[111.6,-4.1],[111.5,-4.1],[111.5,-4.2],[111.4,-4.2],[111.4,-4.3],[111.3,-4.3],[111.3,-4.4],[111.2,-4.4],[111.2,-4.5],[111.1,-4.5],[111.1,-4.6],[111,-4.6],[111,-4.7],[111,-4.8],[110.9,-4.8],[110.9,-4.9],[110.8,-5],[110.7,-5],[110.7,-5.1],[110.6,-5.1],[110.6,-5.2],[110.5,-5.2],[110.4,-5.2],[110.4,-5.3],[110.3,-5.3],[110.3,-5.4],[110.2,-5.4],[110.1,-5.5],[110,-5.5],[109.9,-5.5],[109.9,-5.6],[109.8,-5.6],[109.7,-5.6],[109.6,-5.6],[109.5,-5.6],[109.4,-5.6],[109.3,-5.6],[109.2,-5.6],[109.1,-5.5],[109,-5.5],[108.9,-5.5],[108.8,-5.5],[108.7,-5.4],[108.6,-5.4],[108.5,-5.4],[108.4,-5.4],[108.3,-5.4],[108.2,-5.4],[108.2,-5.3],[108.1,-5.3],[108,-5.3],[107.9,-5.3],[107.8,-5.3],[107.8,-5.2],[107.7,-5.2],[107.6,-5.2],[107.5,-5.2],[107.4,-5.2],[107.3,-5.1],[107.2,-5.1],[107.1,-5.1],[107,-5.1],[106.9,-5.1],[106.8,-5.1],[106.7,-5.1],[106.6,-5.1],[106.4,-4.1],[106.5,-4.1],[106.6,-4.1],[106.7,-4],[106.8,-4],[106.9,-4],[107,-4],[107.1,-4],[107.1,-3.9],[107.2,-4],[107.2,-4.1],[107.3,-4.1],[107.3,-4.2],[107.4,-4.3],[107.5,-4.3],[107.6,-4.3],[107.7,-4.3],[107.8,-4.3],[107.9,-4.3],[107.9,-4.4],[108,-4.4],[108.1,-4.4],[108.2,-4.4],[108.3,-4.4],[108.3,-4.5],[108.4,-4.5],[108.5,-4.5],[108.6,-4.5],[108.7,-4.5],[108.8,-4.5],[108.9,-4.5],[109,-4.5],[109.1,-4.5],[109.2,-4.5],[109.3,-4.5],[109.4,-4.5],[109.5,-4.4],[109.6,-4.4],[109.7,-4.4],[109.7,-4.5],[109.8,-4.5],[109.9,-4.5],[110,-4.5],[110,-4.4],[110.1,-4.4],[110.2,-4.4],[110.2,-4.3],[110.3,-4.3],[110.3,-4.2],[110.4,-4.2],[110.5,-4.2],[110.5,-4.1],[110.6,-4.1],[110.6,-4],[110.7,-4],[110.7,-3.9],[110.8,-3.9],[110.8,-3.8],[110.9,-3.8],[110.9,-3.7],[111,-3.7],[111,-3.6],[111,-3.5],[111.1,-3.5],[111.1,-3.4],[111.2,-3.4],[111.2,-3.3],[111.3,-3.3],[111.3,-3.2],[111.4,-3.2],[111.4,-3.1],[111.5,-3.1],[111.6,-3],[111.7,-2.9],[111.8,-2.9],[111.9,-2.9],[112,-2.9],[112.1,-2.9],[112.2,-2.9],[112.2,-3],[112.3,-3],[112.4,-3],[112.4,-3.1],[112.4,-3],[112.4,-2.9],[112.4,-2.8],[112.4,-2.7],[112.4,-2.6],[112.5,-2.6],[112.6,-2.6],[112.6,-2.7],[112.7,-2.7],[112.8,-2.7],[112.8,-2.8],[112.9,-2.8],[112.9,-2.9],[113,-2.9],[113.1,-2.9],[113.2,-2.9],[113.2,-2.8],[113.2,-2.7],[113.3,-2.6],[113.3,-2.5],[113.4,-2.5],[113.4,-2.6],[113.5,-2.6],[113.6,-2.6],[113.6,-2.7],[113.7,-2.7],[113.8,-2.7],[113.9,-2.7],[114,-2.7],[114.1,-2.7],[114.1,-2.6],[114.2,-2.6],[114.2,-2.5],[114.3,-2.5],[114.3,-2.4],[114.3,-2.3],[114.4,-2.3],[114.4,-2.2],[114.5,-2.1],[114.6,-2],[114.7,-2],[114.8,-1.9],[114.8,-1.8],[114.8,-1.7],[114.9,-1.6],[114.9,-1.5],[115,-1.3],[115,-1.2],[115.1,-1.1],[115.2,-1.1],[115.2,-1],[115.3,-1],[115.4,-1],[115.5,-1],[115.5,-0.9],[115.6,-0.9],[115.7,-0.9],[115.8,-0.8],[115.9,-0.8],[116,-0.7],[116.1,-0.7],[116.2,-0.7],[116.2,-0.6],[116.3,-0.6],[116.3,-0.5],[116.4,-0.5],[116.5,-0.5],[116.5,-0.4],[116.6,-0.4],[116.6,-0.3],[116.7,-0.2],[116.7,-0.1],[116.8,-0.1],[116.8,0],[116.9,0.1],[116.9,0.2],[117,0.3],[117,0.4],[117.1,0.5],[117.1,0.6],[117.2,0.6],[117.2,0.7],[117.3,0.7],[117.3,0.8],[117.4,0.8],[117.4,0.9],[117.5,0.9],[117.5,1],[117.6,1],[117.6,1.1],[117.7,1.2],[117.7,1.3],[117.8,1.4],[117.8,1.5],[117.9,1.6],[117.9,1.7],[117.9,1.8],[117.9,1.9],[117.9,2],[117.9,2.1],[117.9,2.2],[117.9,2.3],[117.8,2.3],[117.8,2.4],[117.8,2.5],[117.8,2.6],[117.8,2.7],[117.8,2.8],[117.8,2.9],[117.8,3],[117.8,3.1],[117.7,3.2],[117.7,3.3],[117.8,3.3],[117.8,3.4],[117.8,3.5],[117.9,3.5],[117.9,3.4],[118,3.4],[118.1,3.4],[118.2,3.4],[118.3,3.4],[118.4,3.4],[118.5,3.4],[118.6,3.4],[118.7,3.5],[118.8,3.5],[118.9,3.5],[119,3.5],[119.1,3.5],[119.1,3.6]]]]}},{"type":"Feature","properties":{},"geometry":{"type":"MultiPolygon","coordinates":[[[[119.2,1.2],[119.7,1.4],[120.1,1.7],[120.5,1.9],[120.8,2],[121.2,2.2],[121.5,2.3],[121.9,2.5],[122,2.5],[122.3,2.6],[122.4,2.6],[122.6,2.7],[122.8,2.7],[122.9,2.8],[123,2.8],[123.4,2.9],[123.5,3],[123.8,3.1],[124.1,3.2],[124.5,3.4],[124.6,3.6],[125.3,4.2],[125.7,4.3],[125.9,4.4],[126.1,4.2],[126.3,4.2],[126.4,4.2],[126.5,4.2],[126.6,4.1],[126.7,4.1],[126.7,4],[126.8,4],[126.9,4.1],[127,4.1],[127,4],[127.1,4],[127.2,4],[127.3,3.9],[127.4,3.9],[127.4,3.8],[127.5,3.8],[127.6,3.8],[127.6,3.7],[127.5,3.5],[127.5,3],[127.4,2.7],[127.3,2.4],[127.1,1.9],[127.2,1.3],[127.1,1.2],[127.2,1],[127.6,0.7],[127.9,0.3],[128,0.2],[128.3,-0.2],[128.5,-0.5],[128.6,-0.6],[128.3,-1.1],[127.9,-0.3],[127.7,-1],[127.6,-1.5],[127.4,-1.1],[127,-0.7],[126.6,0],[126,0.5],[126,-0.1],[126.2,-0.8],[126.5,-1.8],[126.6,-2.2],[126.6,-2.3],[126,-2.3],[126.3,-2.2],[125.5,-2],[124.7,-1.9],[124.5,-2.2],[124.3,-2.1],[124.1,-2],[123.8,-2],[123.3,-2.1],[123.3,-2.2],[122.6,-2.8],[121.6,-3.4],[120.7,-5.8],[119.9,-7.6],[120.2,-9.7],[120.1,-10.5],[119.8,-11],[119.6,-11.4],[119.4,-11.5],[119.3,-11.4],[119.3,-11.3],[119.2,-11.3],[119.2,-11.2],[119.2,-11.1],[119.2,-11],[119.2,-10.9],[119.1,-10.9],[119.1,-10.8],[119.1,-10.7],[119.2,-10.7],[119.2,-10.6],[119.2,-10.5],[119.3,-10.5],[119.3,-10.6],[119.3,-10.7],[119.3,-10.8],[119.3,-10.9],[119.3,-11],[119.4,-11],[119.4,-11.1],[119.4,-11],[119.4,-10.9],[119.4,-10.8],[119.4,-10.7],[119.4,-10.6],[119.3,-10.5],[119.3,-10.4],[119.2,-10.3],[119.2,-10.2],[119.1,-10.2],[119.1,-10.1],[119,-10.1],[119,-10],[118.9,-10],[118.9,-9.9],[118.8,-9.8],[118.7,-9.8],[118.7,-9.9],[118.7,-10],[118.6,-10],[118.5,-10],[118.4,-10],[118.4,-9.9],[118.3,-9.9],[118.3,-9.8],[118.2,-9.7],[118.2,-9.6],[118.2,-9.5],[118.1,-9.4],[118.1,-9.3],[118.1,-9.2],[118.1,-9.1],[118.1,-9],[118,-9],[118,-8.9],[118,-8.8],[118,-8.7],[117.9,-8.7],[117.9,-8.6],[117.9,-8.5],[117.8,-8.5],[117.8,-8.4],[117.7,-8.3],[117.7,-8.2],[117.6,-8.2],[117.6,-8.1],[117.6,-8],[117.5,-8],[117.5,-7.9],[117.4,-7.9],[117.4,-7.8],[117.3,-7.7],[117.2,-7.6],[117.2,-7.5],[117.1,-7.5],[117.1,-7.4],[117,-7.4],[117,-7.3],[116.9,-7.3],[116.9,-7.2],[116.9,-7.3],[116.9,-7.4],[117,-7.4],[117,-7.5],[116.9,-7.5],[116.9,-7.6],[116.9,-7.5],[116.8,-7.5],[116.8,-7.4],[116.7,-7.4],[116.7,-7.3],[116.6,-7.3],[116.6,-7.2],[116.5,-7.1],[116.5,-7],[116.4,-6.9],[116.4,-6.8],[116.3,-6.7],[116.3,-6.6],[116.3,-6.5],[116.2,-6.5],[116.2,-6.4],[116.2,-6.3],[116.2,-6.2],[116.2,-6.1],[116.1,-6.1],[116.1,-6],[116.1,-5.9],[116,-5.8],[116,-5.7],[116,-5.6],[116,-5.5],[116,-5.4],[116,-5.3],[116,-5.2],[116,-5.1],[116,-5],[116,-4.9],[116,-4.8],[116,-4.7],[116.2,-4.5],[116.4,-4.3],[116.4,-3.9],[115.9,-3],[116,-2.9],[116.1,-2.9],[116.2,-2.9],[116.3,-2.9],[116.4,-2.8],[116.4,-2.7],[116.5,-2.7],[116.5,-2.6],[116.6,-2.6],[116.7,-2.6],[116.8,-2.6],[117.3,-2.4],[117.4,-2.3],[117.7,-2.1],[118,-1.9],[118.2,-1.7],[118.4,-1.2],[118.5,-0.8],[118.5,-0.5],[118.9,0.1],[119,0.6],[119.2,1.2]]]]}},{"type":"Feature","properties":{},"geometry":{"type":"MultiPolygon","coordinates":[[[[117.9,-16.1],[117.8,-16.1],[117.7,-16.1],[117.6,-16],[117.6,-15.9],[117.6,-15.8],[117.7,-15.8],[117.7,-15.7],[117.7,-15.6],[117.7,-15.5],[117.8,-15.5],[117.8,-15.4],[117.9,-15.4],[117.9,-15.3],[118,-15.3],[118,-15.2],[118.1,-15.1],[118.1,-15],[118.2,-15],[118.2,-14.9],[118.3,-14.9],[118.3,-14.8],[118.4,-14.7],[118.4,-14.6],[118.5,-14.6],[118.5,-14.5],[118.6,-14.4],[118.6,-14.3],[118.6,-14.2],[118.7,-14.2],[118.7,-14.1],[118.7,-14],[118.8,-13.9],[118.8,-13.8],[118.8,-13.7],[118.9,-13.7],[118.9,-13.6],[118.9,-13.5],[118.9,-13.4],[118.9,-13.3],[119,-13.3],[119,-13.5],[118.9,-13.9],[119.1,-14.5],[119,-14.7],[119,-14.9],[118.5,-15.6],[118.3,-15.8],[117.9,-16.1]]]]}},{"type":"Feature","properties":{},"geometry":{"type":"MultiPolygon","coordinates":[[[[128.3,-1.4],[128.5,-1.3],[128.2,-1.9],[127.8,-2.3],[128.3,-1.4]]]]}},{"type":"Feature","properties":{},"geometry":{"type":"MultiPolygon","coordinates":[[[[117.6,-16],[117.7,-16.1],[117.8,-16.1],[117.9,-16.1],[117.4,-16.5],[116.8,-16],[115.6,-15.2],[115.4,-14.9],[113.3,-14.8],[111.9,-14.4],[110.8,-14.3],[108.9,-14.2],[109.4,-14.3],[109.6,-14.2],[108.6,-13.9],[109,-13.8],[109.4,-13.8],[109.3,-13.4],[108.2,-13.5],[107,-13.1],[105.9,-12.4],[105.9,-11.9],[106.1,-11.8],[106,-11.6],[105.8,-11.3],[105.8,-10.5],[105.8,-10.6],[105.9,-10.6],[105.9,-10.7],[105.9,-10.8],[105.9,-10.9],[106,-10.9],[106,-11],[106,-11.1],[106,-11.2],[106.1,-11.3],[106.1,-11.4],[106.2,-11.4],[106.3,-11.5],[106.4,-11.5],[106.5,-11.6],[106.6,-11.6],[106.7,-11.7],[106.8,-11.8],[106.9,-11.8],[107,-11.9],[107.1,-11.9],[107.2,-12],[107.3,-12],[107.5,-12.1],[107.6,-12.2],[107.7,-12.2],[107.8,-12.3],[107.9,-12.3],[107.9,-12.4],[108,-12.4],[108.1,-12.4],[108.2,-12.4],[108.2,-12.5],[108.3,-12.5],[108.4,-12.5],[108.5,-12.5],[108.6,-12.5],[108.8,-12.6],[108.9,-12.6],[109,-12.6],[109.2,-12.6],[109.3,-12.6],[109.4,-12.6],[109.5,-12.6],[109.6,-12.6],[109.7,-12.6],[109.8,-12.6],[109.9,-12.7],[110,-12.7],[110.1,-12.8],[110.2,-12.8],[110.3,-12.9],[110.4,-12.9],[110.5,-13],[110.6,-13],[110.7,-13.1],[110.8,-13.1],[110.9,-13.2],[111,-13.2],[111.1,-13.2],[111.1,-13.3],[111.2,-13.3],[111.3,-13.3],[111.3,-13.4],[111.4,-13.4],[111.5,-13.4],[111.6,-13.5],[111.7,-13.5],[111.8,-13.5],[111.8,-13.6],[111.9,-13.6],[112,-13.6],[112.1,-13.7],[112.2,-13.7],[112.3,-13.7],[112.4,-13.7],[112.4,-13.8],[112.5,-13.8],[112.6,-13.8],[112.7,-13.8],[112.8,-13.8],[112.9,-13.8],[113,-13.8],[113.1,-13.8],[113.1,-13.9],[113.2,-13.9],[113.3,-13.9],[113.4,-13.9],[113.5,-13.9],[113.5,-14],[113.6,-14],[113.7,-14],[113.8,-14.1],[113.9,-14.1],[114,-14.1],[114,-14.2],[114.1,-14.2],[114.2,-14.2],[114.3,-14.2],[114.3,-14.3],[114.4,-14.3],[114.5,-14.3],[114.6,-14.4],[114.7,-14.4],[114.8,-14.5],[114.9,-14.5],[115,-14.5],[115,-14.6],[115.1,-14.6],[115.2,-14.7],[115.3,-14.7],[115.4,-14.7],[115.4,-14.8],[115.5,-14.8],[115.5,-14.9],[115.7,-14.9],[115.7,-15],[115.8,-15],[115.9,-15.1],[116,-15.1],[116.1,-15.2],[116.2,-15.2],[116.2,-15.3],[116.3,-15.3],[116.3,-15.4],[116.4,-15.4],[116.5,-15.5],[116.6,-15.5],[116.7,-15.6],[116.8,-15.6],[116.9,-15.7],[117,-15.7],[117,-15.8],[117.1,-15.8],[117.2,-15.8],[117.3,-15.9],[117.5,-16],[117.6,-16]]]]}},{"type":"Feature","properties":{},"geometry":{"type":"MultiPolygon","coordinates":[[[[115.9,-3],[116.4,-3.9],[116.4,-4.3],[116.2,-4.5],[116,-4.7],[116,-4.8],[116,-4.9],[116,-5],[116,-5.1],[116,-5.2],[116,-5.3],[116,-5.4],[116,-5.5],[116,-5.6],[116,-5.7],[116,-5.8],[116.1,-5.9],[116.1,-6],[116.1,-6.1],[116.2,-6.1],[116.2,-6.2],[116.2,-6.3],[116.2,-6.4],[116.2,-6.5],[116.3,-6.5],[116.3,-6.6],[116.3,-6.7],[116.4,-6.8],[116.4,-6.9],[116.5,-7],[116.5,-7.1],[116.6,-7.2],[116.6,-7.3],[116.7,-7.3],[116.7,-7.4],[116.8,-7.4],[116.8,-7.5],[116.9,-7.5],[116.9,-7.6],[116.9,-7.5],[117,-7.5],[117,-7.4],[116.9,-7.4],[116.9,-7.3],[116.9,-7.2],[116.9,-7.3],[117,-7.3],[117,-7.4],[117.1,-7.4],[117.1,-7.5],[117.2,-7.5],[117.2,-7.6],[117.3,-7.7],[117.4,-7.8],[117.4,-7.9],[117.5,-7.9],[117.5,-8],[117.6,-8],[117.6,-8.1],[117.6,-8.2],[117.7,-8.2],[117.7,-8.3],[117.8,-8.4],[117.8,-8.5],[117.9,-8.5],[117.9,-8.6],[117.9,-8.7],[118,-8.7],[118,-8.8],[118,-8.9],[118,-9],[118.1,-9],[118.1,-9.1],[118.1,-9.2],[118.1,-9.3],[118.1,-9.4],[118.2,-9.5],[118.2,-9.6],[118.2,-9.7],[118.3,-9.8],[118.3,-9.9],[118.4,-9.9],[118.4,-10],[118.5,-10],[118.6,-10],[118.7,-10],[118.7,-9.9],[118.7,-9.8],[118.8,-9.8],[118.9,-9.9],[118.9,-10],[119,-10],[119,-10.1],[119.1,-10.1],[119.1,-10.2],[119.2,-10.2],[119.2,-10.3],[119.3,-10.4],[119.3,-10.5],[119.4,-10.6],[119.4,-10.7],[119.4,-10.8],[119.4,-10.9],[119.4,-11],[119.4,-11.1],[119.4,-11],[119.3,-11],[119.3,-10.9],[119.3,-10.8],[119.3,-10.7],[119.3,-10.6],[119.3,-10.5],[119.2,-10.5],[119.2,-10.6],[119.2,-10.7],[119.1,-10.7],[119.1,-10.8],[119.1,-10.9],[119.2,-10.9],[119.2,-11],[119.2,-11.1],[119.2,-11.2],[119.2,-11.3],[119.3,-11.3],[119.3,-11.4],[119.4,-11.5],[119.3,-11.7],[118.9,-13.2],[118.9,-13.3],[118.9,-13.4],[118.9,-13.5],[118.9,-13.6],[118.8,-13.7],[118.8,-13.8],[118.8,-13.9],[118.7,-13.9],[118.7,-14],[118.7,-14.1],[118.7,-14.2],[118.6,-14.3],[118.6,-14.4],[118.5,-14.5],[118.5,-14.6],[118.4,-14.6],[118.4,-14.7],[118.3,-14.7],[118.3,-14.8],[118.2,-14.9],[118.2,-15],[118.1,-15],[118.1,-15.1],[118,-15.2],[118,-15.3],[117.9,-15.3],[117.9,-15.4],[117.8,-15.4],[117.8,-15.5],[117.7,-15.5],[117.7,-15.6],[117.7,-15.7],[117.7,-15.8],[117.6,-15.8],[117.6,-15.9],[117.6,-16],[117.5,-16],[117.4,-15.9],[117.3,-15.9],[117.2,-15.9],[117.2,-15.8],[117.1,-15.8],[117,-15.7],[116.9,-15.7],[116.8,-15.6],[116.7,-15.6],[116.6,-15.5],[116.5,-15.5],[116.5,-15.4],[116.4,-15.4],[116.3,-15.3],[116.2,-15.3],[116.2,-15.2],[116.1,-15.2],[116,-15.2],[116,-15.1],[115.9,-15.1],[115.8,-15],[115.7,-14.9],[115.6,-14.9],[115.5,-14.8],[115.4,-14.8],[115.4,-14.7],[115.3,-14.7],[115.2,-14.7],[115.2,-14.6],[115.1,-14.6],[115,-14.6],[115,-14.5],[114.9,-14.5],[114.8,-14.5],[114.8,-14.4],[114.7,-14.4],[114.6,-14.4],[114.5,-14.4],[114.5,-14.3],[114.4,-14.3],[114.3,-14.3],[114.2,-14.2],[114.1,-14.2],[114,-14.2],[114,-14.1],[113.9,-14.1],[113.8,-14.1],[113.7,-14],[113.6,-14],[113.5,-14],[113.4,-13.9],[113.3,-13.9],[113.2,-13.9],[113.1,-13.8],[113,-13.8],[112.9,-13.8],[112.8,-13.8],[112.7,-13.8],[112.6,-13.8],[112.5,-13.8],[112.4,-13.8],[112.4,-13.7],[112.3,-13.7],[112.2,-13.7],[112.1,-13.7],[112,-13.6],[111.9,-13.6],[111.8,-13.5],[111.7,-13.5],[111.6,-13.5],[111.6,-13.4],[111.5,-13.4],[111.4,-13.4],[111.3,-13.4],[111.2,-13.3],[111.1,-13.3],[111,-13.2],[110.9,-13.2],[110.8,-13.1],[110.7,-13.1],[110.6,-13],[110.5,-13],[110.4,-12.9],[110.3,-12.9],[110.2,-12.8],[110.1,-12.8],[110.1,-12.7],[110,-12.7],[109.9,-12.7],[109.8,-12.6],[109.7,-12.6],[109.6,-12.6],[109.5,-12.6],[109.4,-12.6],[109.3,-12.6],[109.2,-12.6],[109.1,-12.6],[109,-12.6],[108.9,-12.6],[108.8,-12.6],[108.6,-12.5],[108.5,-12.5],[108.4,-12.5],[108.3,-12.5],[108.2,-12.4],[108.1,-12.4],[108,-12.4],[107.9,-12.4],[107.8,-12.3],[107.7,-12.3],[107.7,-12.2],[107.5,-12.2],[107.3,-12],[107.2,-12],[107.1,-12],[107.1,-11.9],[107,-11.9],[106.8,-11.8],[106.6,-11.7],[106.6,-11.6],[106.5,-11.6],[106.4,-11.5],[106.2,-11.5],[106.2,-11.4],[106.1,-11.4],[106.1,-11.3],[106,-11.2],[106,-11.1],[106,-11],[106,-10.9],[105.9,-10.9],[105.9,-10.8],[105.9,-10.7],[105.9,-10.6],[105.8,-10.6],[105.8,-10.5],[105.8,-10.4],[105.6,-9.5],[105.6,-9],[105.6,-8.9],[105.8,-8.6],[106.1,-8.1],[106,-7.6],[106.2,-6.6],[106.4,-6.1],[106.6,-5.1],[106.7,-5.1],[106.8,-5.1],[106.9,-5.1],[107,-5.1],[107.1,-5.1],[107.2,-5.1],[107.3,-5.1],[107.3,-5.2],[107.4,-5.2],[107.5,-5.2],[107.6,-5.2],[107.7,-5.2],[107.8,-5.2],[107.8,-5.3],[107.9,-5.3],[108,-5.3],[108.1,-5.3],[108.2,-5.3],[108.2,-5.4],[108.3,-5.4],[108.4,-5.4],[108.5,-5.4],[108.6,-5.4],[108.7,-5.4],[108.8,-5.5],[108.9,-5.5],[109,-5.5],[109.1,-5.5],[109.2,-5.6],[109.3,-5.6],[109.4,-5.6],[109.5,-5.6],[109.6,-5.6],[109.7,-5.6],[109.8,-5.6],[109.9,-5.6],[109.9,-5.5],[110,-5.5],[110.1,-5.5],[110.2,-5.4],[110.3,-5.4],[110.3,-5.3],[110.4,-5.3],[110.4,-5.2],[110.5,-5.2],[110.6,-5.1],[110.7,-5.1],[110.8,-5],[110.8,-4.9],[110.9,-4.9],[111,-4.8],[111,-4.7],[111,-4.6],[111.1,-4.6],[111.1,-4.5],[111.2,-4.5],[111.2,-4.4],[111.3,-4.4],[111.3,-4.3],[111.4,-4.3],[111.4,-4.2],[111.5,-4.2],[111.5,-4.1],[111.6,-4.1],[111.6,-4],[111.7,-4],[111.8,-4],[111.8,-4.1],[111.9,-4.1],[112,-4.1],[112.1,-4.1],[112.2,-4.1],[112.3,-4.1],[112.4,-4.2],[112.5,-4.2],[112.6,-4.2],[112.7,-4.2],[112.8,-4.2],[112.9,-4.2],[113,-4.2],[113,-4.1],[113.1,-4.1],[113.2,-4.1],[113.3,-4.1],[113.3,-4],[113.4,-4],[113.5,-4],[114.1,-4.1],[114.3,-4.1],[114.4,-4.1],[114.5,-4.1],[114.6,-4.1],[114.7,-4.1],[114.8,-4.1],[114.8,-4],[114.9,-4],[115,-4],[115.1,-3.9],[115.2,-3.9],[115.2,-3.8],[115.3,-3.8],[115.4,-3.7],[115.5,-3.6],[115.6,-3.5],[115.7,-3.4],[115.7,-3.3],[115.8,-3.3],[115.8,-3.2],[115.8,-3.1],[115.9,-3.1],[115.9,-3]]]]}},{"type":"Feature","properties":{},"geometry":{"type":"MultiPolygon","coordinates":[[[[106.7,9.7],[106.8,9.7],[107,9.8],[107.1,9.8],[107.1,9.9],[107.2,10],[107.3,10.3],[107.7,10.4],[107.9,10.5],[107.8,10.5],[107.8,10.6],[107.9,10.6],[107.9,10.7],[107.9,11.2],[108,11],[108,10.9],[108.1,11],[108.1,11.1],[108.1,11.2],[108.2,11.2],[108.3,11.1],[108.3,11.2],[108.4,11],[108.4,11.1],[108.5,11.1],[108.6,11.3],[108.5,11.5],[108.4,11.4],[108.3,11.4],[108.3,11.6],[108.3,11.8],[108.3,11.7],[108.4,11.7],[108.5,11.7],[108.6,11.7],[108.7,11.8],[108.6,11.8],[108.6,11.9],[108.7,11.8],[108.8,11.9],[108.9,11.8],[108.9,11.9],[108.9,11.8],[108.9,11.6],[108.9,11.7],[108.9,11.6],[109,11.6],[109,11.5],[109,11.4],[109.1,11.3],[109,11.3],[109,11.2],[109.1,11.3],[109.1,11.2],[109.2,11.2],[109.1,11.1],[109.2,11.1],[109.3,11.1],[109.3,11],[109.3,10.8],[109.3,10.9],[109.2,10.9],[109.2,11],[109.1,11],[109.2,10.9],[109.1,10.9],[109.1,10.8],[109.2,10.7],[109.1,10.8],[109.1,10.7],[109.2,10.6],[109.1,10.6],[109.1,10.5],[109.2,10.5],[109.2,10.4],[109.2,10.3],[109.3,10.3],[109.5,10.3],[109.5,10.4],[109.6,10.2],[109.7,10],[109.8,10],[109.8,9.8],[109.9,9.6],[109.9,9.5],[110,9.5],[110,9.4],[110,9.3],[109.9,9.3],[110.4,9.2],[110.5,9.3],[110.8,9.4],[111,9.5],[111.7,9.7],[111.9,9.8],[111.8,9.8],[112.6,10.2],[112.8,10.3],[113.3,10.4],[113.4,10.5],[113.5,10.6],[113.6,10.7],[113.8,10.8],[114,10.8],[114.1,10.8],[114.2,10.8],[114.3,10.8],[114.4,10.8],[114.7,10.9],[114.9,11],[114.9,11.1],[115.1,11.1],[115.2,11.2],[115.2,11.3],[115.2,11.2],[115.1,11.2],[115.1,11.1],[114.9,11],[114.9,10.9],[114.8,10.9],[114.8,10.8],[114.7,10.8],[114.7,10.7],[114.6,10.7],[114.6,10.6],[114.5,10.6],[114.5,10.5],[114.4,10.4],[114.4,10.3],[114.3,10.3],[114.3,10.2],[114.3,10.1],[114.2,10.1],[114.2,10],[114.1,9.9],[114.1,9.8],[114,9.7],[114,9.6],[113.9,9.5],[113.9,9.4],[113.9,9.3],[113.8,9.3],[113.8,9.2],[113.8,9.1],[113.7,9],[113.6,8.9],[113.6,8.8],[113.5,8.7],[113.4,8.7],[113.4,8.6],[113.3,8.5],[113.2,8.4],[113.2,8.3],[113.2,8.2],[113.2,8.1],[113.1,8],[113.1,7.9],[113.1,7.8],[113.1,7.7],[113.1,7.6],[113.1,7.5],[113.2,7.5],[113.2,7.4],[113.3,7.3],[113.3,7.2],[113.3,7.1],[113.3,7],[113.3,6.8],[113.2,6.8],[113.2,6.7],[113.3,6.6],[113.4,6.6],[113.5,6.6],[113.5,6.5],[113.5,6.4],[113.5,6.3],[113.5,6.2],[113.4,6.2],[113.4,6.1],[113.3,6],[113.3,5.9],[113.2,5.9],[113.2,5.8],[113.1,5.8],[113,5.8],[112.9,5.8],[112.8,5.8],[112.7,5.8],[112.6,5.8],[112.5,5.8],[112.4,5.9],[112.3,5.9],[112.3,6],[112.4,6],[112.3,6.1],[112.2,6.1],[112.1,6.1],[112,6.2],[111.9,6.2],[111.8,6.2],[111.7,6.3],[111.6,6.3],[111.4,6.3],[111.2,6.3],[111.1,6.3],[111,6.3],[111,6.2],[110.9,6.1],[110.8,6.1],[110.8,6.2],[110.7,6.2],[110.6,6.2],[110.6,6.1],[110,6.9],[109,7.1],[108.9,7.1],[108.9,7.2],[108.8,7.2],[108.7,7.2],[108.6,7.2],[108.5,7.2],[108.5,7.3],[108.4,7.3],[108.4,7.4],[108.3,7.4],[108.3,7.5],[108.2,7.5],[108.1,7.5],[108,7.5],[107.9,7.5],[107.8,7.5],[107.7,7.5],[107.6,7.5],[107.6,7.6],[107.5,7.6],[107.5,7.7],[107.4,7.8],[107.3,7.9],[107.2,7.9],[107.1,8],[107.1,8.1],[107,8.1],[107,8.2],[107,8.3],[107,8.4],[107.1,8.4],[107.1,8.5],[107.2,8.5],[107.1,8.6],[107,8.7],[107,8.8],[107,8.9],[107,9],[107,9.1],[107,9.2],[107,9.3],[106.9,9.3],[106.9,9.4],[106.8,9.5],[106.7,9.6],[106.6,9.6],[106.7,9.8],[106.7,9.7]]]]}},{"type":"Feature","properties":{},"geometry":{"type":"MultiPolygon","coordinates":[[[[120.2,-34.7],[118.5,-33.5],[117.5,-32.5],[117,-30.3],[117.1,-29.1],[117.3,-29],[117.5,-29.4],[117.8,-29.8],[117.9,-30.7],[118.2,-31.6],[118.8,-32.5],[119.5,-34.2],[119.8,-34.5],[120.2,-34.7]]]]}},{"type":"Feature","properties":{},"geometry":{"type":"MultiPolygon","coordinates":[[[[95.2,-35.3],[95.7,-34.9],[98.8,-33.7],[103.1,-32.9],[103.2,-33.4],[100.4,-34.5],[101.7,-36.6],[102.3,-38.6],[101.3,-39.7],[102.6,-40.7],[105.1,-40.8],[107.8,-40],[109.7,-41.1],[109.3,-41],[109.2,-40.7],[108.8,-41],[109.1,-41.3],[109.3,-41.4],[109.9,-42.3],[106.7,-43.7],[106.8,-43.6],[107.1,-43.2],[107.1,-42.8],[106.7,-42.3],[106.6,-42.7],[106.3,-43.1],[105.6,-43.5],[105,-43.4],[104.8,-43.3],[104.6,-43.3],[104.8,-43.6],[104.4,-43.5],[104.2,-43.6],[104.2,-43.8],[103.9,-43.9],[103.8,-44],[103.7,-44],[103.6,-44],[103.3,-43.8],[103.1,-43.9],[102.9,-43.7],[102.5,-43.8],[101.9,-43.8],[100.9,-43.6],[96.9,-40.4],[94.9,-35.5],[95.2,-35.3]]]]}},{"type":"Feature","properties":{},"geometry":{"type":"MultiPolygon","coordinates":[[[[128.7,-41],[127.5,-42.2],[127,-42.3],[127.3,-42.1],[128,-41.6],[128.6,-41.1],[128.7,-41]]]]}},{"type":"Feature","properties":{},"geometry":{"type":"MultiPolygon","coordinates":[[[[128.4,-40.8],[128.6,-41.1],[128,-41.6],[127.3,-42.1],[126.7,-42.3],[127.9,-41.3],[128.4,-40.8]]]]}},{"type":"Feature","properties":{},"geometry":{"type":"MultiPolygon","coordinates":[[[[123.5,-37.5],[125.5,-38.5],[125.9,-38.6],[125.5,-40.1],[125.3,-41.3],[124.8,-42.3],[124.4,-42.3],[123.6,-42],[124.7,-39.4],[122.8,-38],[123.5,-37.5]]]]}},{"type":"Feature","properties":{},"geometry":{"type":"MultiPolygon","coordinates":[[[[127.8,-39.8],[128.2,-40.8],[128.2,-41.1],[126.9,-42.2],[125.7,-42.2],[124.8,-42.3],[125.3,-41.3],[125.5,-40.1],[125.9,-38.6],[126.9,-38.8],[127,-39.4],[127.8,-39.8]]]]}},{"type":"Feature","properties":{},"geometry":{"type":"MultiPolygon","coordinates":[[[[129.3,-38.9],[129.5,-39.8],[130,-40.3],[130.3,-40.4],[130.1,-40.5],[130,-40.7],[130,-41],[129.6,-41.3],[128.8,-40.2],[128.5,-39.4],[128.5,-38.8],[129,-38.9],[129.3,-38.9]]]]}},{"type":"Feature","properties":{},"geometry":{"type":"MultiPolygon","coordinates":[[[[130,-39.1],[130.1,-39.6],[130.4,-40.1],[131.1,-40.5],[130.8,-40.8],[131.6,-41],[130.2,-41.7],[130,-41],[130,-40.7],[130.1,-40.5],[130.3,-40.4],[130,-40.3],[129.5,-39.8],[129.3,-38.9],[130,-39],[130,-39.1]]]]}},{"type":"Feature","properties":{},"geometry":{"type":"MultiPolygon","coordinates":[[[[-85.9,1.8],[-86.2,2.2],[-86.8,2.4],[-88.4,2.4],[-89.4,1.9],[-89.8,1.8],[-89.2,2.3],[-88.6,3.1],[-86.8,3.6],[-85.9,3.4],[-85.2,3.2],[-84.6,3.2],[-84.1,3.1],[-83.6,2.8],[-82.6,2],[-80.6,1.2],[-80.3,1.3],[-79.2,0.7],[-79.1,-0.2],[-79.8,0],[-81.1,-0.2],[-83,0.7],[-83.4,1],[-83.7,1.2],[-84.4,1.4],[-85.6,1.7],[-85.9,1.8]]]]}},{"type":"Feature","properties":{},"geometry":{"type":"MultiPolygon","coordinates":[[[[-89.7,4.2],[-87.8,4.4],[-85.4,3.7],[-83.9,3.1],[-82.5,2.6],[-81.5,2.6],[-80.3,2.4],[-79.4,2.7],[-78.1,2.9],[-76.3,2.9],[-75.2,2.8],[-75.7,2.7],[-76.6,3],[-78,2.8],[-79.1,2.4],[-80.3,2.3],[-82.1,2.1],[-83,2.5],[-83.6,2.8],[-84.1,3.1],[-84.6,3.2],[-85.2,3.2],[-85.9,3.4],[-86.8,3.6],[-88.6,3.1],[-89.3,3.2],[-89.3,3.4],[-89.4,4],[-89.5,3.7],[-89.7,3.8],[-89.9,3.9],[-89.7,4.2]]]]}},{"type":"Feature","properties":{},"geometry":{"type":"MultiPolygon","coordinates":[[[[-81.3,-0.7],[-80.9,-0.7],[-80.4,-1],[-80.5,-0.7],[-79.8,-0.5],[-78.7,-0.4],[-79.4,-1.8],[-80.1,-3.2],[-80.3,-4],[-80.2,-4.5],[-79.7,-4.5],[-81.3,-5.3],[-82.1,-3.4],[-81.3,-0.7]]]]}},{"type":"Feature","properties":{},"geometry":{"type":"MultiPolygon","coordinates":[[[[-81.3,-0.7],[-81.5,-0.6],[-82.9,0],[-83.5,0.7],[-83.5,1],[-85.9,1.8],[-85.5,1.5],[-84.4,1.4],[-83.6,1.2],[-83.3,1],[-81.7,0],[-80.7,-0.1],[-79.7,0],[-78.7,-0.1],[-78.1,0],[-78.9,-0.4],[-80,-0.5],[-80.5,-0.8],[-80.5,-1],[-81,-0.8],[-81.3,-0.7]]]]}},{"type":"Feature","properties":{},"geometry":{"type":"MultiPolygon","coordinates":[[[[-78.7,-0.1],[-79.7,0.5],[-80.6,1.3],[-81.2,1],[-82.9,2.2],[-82.8,2.5],[-81.9,2.2],[-80.3,2.4],[-78.8,2.4],[-77.8,2.9],[-76.3,2.9],[-75.4,2.7],[-75.3,2.1],[-76.2,1.6],[-77.9,-0.1],[-78.7,-0.1]]]]}},{"type":"Feature","properties":{},"geometry":{"type":"MultiPolygon","coordinates":[[[[-74.8,-2.4],[-74.3,-2],[-73.8,-1.3],[-73,-0.8],[-72,-0.6],[-71.1,-0.1],[-70.4,-0.1],[-70.8,-0.3],[-72.3,-0.8],[-73.1,-1.2],[-73.6,-1.6],[-74.6,-2.9],[-75.9,-3.8],[-76.6,-4.1],[-78.3,-4.6],[-79.4,-4.5],[-77.2,-3.4],[-76,-3.2],[-75.9,-2.9],[-75.9,-2.8],[-74.8,-2.4]]]]}},{"type":"Feature","properties":{},"geometry":{"type":"MultiPolygon","coordinates":[[[[-65.1,2.9],[-64.3,3.8],[-64.7,5],[-65.6,7.2],[-66.4,8.8],[-65.4,8.7],[-64,7.2],[-63.4,5.7],[-62.3,4.5],[-63.2,2.7],[-64.5,2.5],[-65.1,2.9]]]]}},{"type":"Feature","properties":{},"geometry":{"type":"MultiPolygon","coordinates":[[[[-70.2,1.5],[-67.5,1.1],[-66.4,0.3],[-67.3,-0.4],[-67.9,-0.2],[-69,0],[-69.8,1],[-71,1],[-70.2,1.5]]]]}},{"type":"Feature","properties":{},"geometry":{"type":"MultiPolygon","coordinates":[[[[-71,1],[-69.8,1],[-69,0],[-67.9,-0.2],[-67.6,-0.9],[-68.9,-0.8],[-69.8,-0.3],[-71.1,0.3],[-71.9,0.6],[-71,1]]]]}},{"type":"Feature","properties":{},"geometry":{"type":"MultiPolygon","coordinates":[[[[-67.5,4.6],[-67.8,6.1],[-65.9,5.1],[-64.6,4.5],[-64.5,3.2],[-65.9,3.5],[-67.1,4.2],[-67.5,4.6]]]]}},{"type":"Feature","properties":{},"geometry":{"type":"MultiPolygon","coordinates":[[[[-69.1,1.4],[-69.6,2.9],[-68.3,2.6],[-67.7,3.6],[-66.8,4],[-65.1,2.9],[-64,2.1],[-64.7,1.5],[-66.2,2.2],[-68,1.1],[-69.1,1.4]]]]}},{"type":"Feature","properties":{},"geometry":{"type":"MultiPolygon","coordinates":[[[[-75.2,2.2],[-73.8,3],[-71.3,3],[-68.5,3.1],[-67.1,2],[-67.5,1.1],[-70.2,1.5],[-73.2,1.9],[-75.9,1.7],[-75.2,2.2]]]]}},{"type":"Feature","properties":{},"geometry":{"type":"MultiPolygon","coordinates":[[[[-81.4,10.7],[-77.4,10.5],[-74.6,9.7],[-76.4,9.5],[-78.7,9.5],[-80.9,9.7],[-82.2,10.1],[-81.4,10.7]]]]}},{"type":"Feature","properties":{},"geometry":{"type":"MultiPolygon","coordinates":[[[[-81.6,12.5],[-78.3,12.1],[-76.5,11.7],[-75.2,11.2],[-72.8,10.3],[-70.9,8.7],[-72,8.7],[-74.6,9.7],[-77.4,10.5],[-81.4,10.7],[-81.6,12.5]]]]}},{"type":"Feature","properties":{},"geometry":{"type":"MultiPolygon","coordinates":[[[[-89.6,8.8],[-91,9.5],[-92.5,10.8],[-88.2,10.6],[-85.4,12],[-82.6,12.6],[-81.4,12],[-82.1,9.8],[-82.4,8.9],[-82.7,8.4],[-84.1,8.2],[-85.4,8],[-86.3,7.9],[-87.5,8.2],[-88.6,8.2],[-89.6,8.8]]]]}},{"type":"Feature","properties":{},"geometry":{"type":"MultiPolygon","coordinates":[[[[-71.2,-0.2],[-72.4,-0.6],[-72,-0.5],[-71.2,-0.2]]]]}},{"type":"Feature","properties":{},"geometry":{"type":"MultiPolygon","coordinates":[[[[-71.6,0.3],[-71.5,0],[-72.2,0],[-71.6,0.3]]]]}},{"type":"Feature","properties":{},"geometry":{"type":"MultiPolygon","coordinates":[[[[-78.9,-1.4],[-77.3,-0.6],[-76.7,-1.6],[-74.9,-1.2],[-74.2,-1.1],[-75,-1.9],[-74.7,-2.1],[-74.1,-1.6],[-73.6,-1.2],[-74.2,-1.9],[-74.7,-2.4],[-77.2,-3],[-78.8,-2],[-78.9,-1.4]]]]}},{"type":"Feature","properties":{},"geometry":{"type":"MultiPolygon","coordinates":[[[[-77.4,-0.2],[-75.1,0.3],[-72.2,0.6],[-71.2,0.4],[-72.2,0],[-72.6,0.1],[-73.2,-0.1],[-73.6,-0.4],[-73.9,-0.6],[-74.6,-1.1],[-76.3,-1.6],[-77.3,-0.8],[-77.4,-0.2]]]]}},{"type":"Feature","properties":{},"geometry":{"type":"MultiPolygon","coordinates":[[[[-77.9,-0.1],[-76.2,1.6],[-74.7,1.8],[-71.7,1.6],[-70.7,1.2],[-71.9,0.6],[-74.3,0.5],[-77,-0.2],[-77.9,-0.1]]]]}},{"type":"Feature","properties":{},"geometry":{"type":"MultiPolygon","coordinates":[[[[-66.6,-4.8],[-65,-4.2],[-63.1,-4.7],[-62,-4.3],[-61.1,-5],[-61,-5.3],[-61,-5.9],[-61.2,-6.3],[-61.5,-6.5],[-62.4,-6.4],[-63.3,-6.1],[-63.9,-5.9],[-64.9,-5.8],[-65.4,-5.6],[-66,-5.1],[-66.6,-4.8]]]]}},{"type":"Feature","properties":{},"geometry":{"type":"MultiPolygon","coordinates":[[[[-78.9,-1.4],[-78.3,-2.8],[-75,-2.5],[-75.5,-2.7],[-75.9,-2.9],[-75.8,-3],[-76.7,-3.3],[-79.5,-4.5],[-80.2,-4.5],[-80.3,-4.1],[-80.2,-3.7],[-79.6,-2.1],[-78.9,-1.4]]]]}},{"type":"Feature","properties":{},"geometry":{"type":"MultiPolygon","coordinates":[[[[-64.4,-10.9],[-63.5,-10.6],[-60.5,-10.9],[-59.7,-11.2],[-60.2,-11.6],[-61.1,-12],[-63,-12.1],[-63.9,-11.6],[-64.4,-10.9]]]]}},{"type":"Feature","properties":{},"geometry":{"type":"MultiPolygon","coordinates":[[[[-61.2,-7.6],[-60.6,-6.5],[-60.6,-5.8],[-60.8,-5.3],[-61,-4.4],[-60.2,-4.2],[-58.6,-7.3],[-59.1,-10.5],[-60.4,-11],[-60.9,-10.7],[-61.4,-10.2],[-62,-9.7],[-62.3,-9.2],[-62.3,-8.9],[-61.5,-8],[-61.2,-7.6]]]]}},{"type":"Feature","properties":{},"geometry":{"type":"MultiPolygon","coordinates":[[[[-63.3,-6.1],[-62.9,-6.3],[-62,-6.5],[-61.3,-6.5],[-61.1,-6.2],[-61,-5.4],[-61,-5.1],[-60.7,-5.5],[-60.6,-6.3],[-60.9,-7.2],[-61.5,-7.5],[-63.5,-7.4],[-63.9,-7.5],[-63.8,-6.7],[-63.3,-6.1]]]]}},{"type":"Feature","properties":{},"geometry":{"type":"MultiPolygon","coordinates":[[[[-64.6,-9.8],[-65.1,-8.8],[-64.9,-8],[-64.8,-7.8],[-64.8,-7.6],[-64.7,-6.5],[-63.7,-5.9],[-63.8,-6.7],[-63.9,-7.5],[-64,-8.2],[-64.2,-8.7],[-64.3,-9],[-64.6,-9.8]]]]}},{"type":"Feature","properties":{},"geometry":{"type":"MultiPolygon","coordinates":[[[[-67.3,-4.6],[-66,-5.1],[-65.4,-5.6],[-65.1,-5.8],[-64.6,-5.8],[-64.7,-7.4],[-64.8,-7.8],[-64.8,-8],[-65,-8.5],[-65.5,-8.2],[-66.1,-7.2],[-66.3,-6.6],[-67.2,-4.8],[-67.3,-4.6]]]]}},{"type":"Feature","properties":{},"geometry":{"type":"MultiPolygon","coordinates":[[[[-64.6,-9.8],[-64.3,-9],[-64.2,-8.7],[-64,-8.2],[-63.5,-7.4],[-61.5,-7.5],[-62,-8.4],[-62.3,-9],[-62.2,-9.5],[-62,-9.8],[-61,-10.4],[-60.8,-10.9],[-63.7,-10.7],[-64.4,-10.7],[-64.5,-9.9],[-64.6,-9.8]]]]}},{"type":"Feature","properties":{},"geometry":{"type":"MultiPolygon","coordinates":[[[[-68.9,0.8],[-69,1.1],[-68,1.1],[-66.9,1.9],[-65.4,1.7],[-63.7,1.7],[-63.2,2.7],[-62.3,4.5],[-63.4,5.7],[-63.5,6.6],[-62.7,5.6],[-62.1,4.8],[-61.9,3.7],[-61.6,2.7],[-61.6,1.8],[-62.3,-0.2],[-63.4,-0.7],[-65.3,-0.3],[-66.8,-1],[-68.1,0.2],[-68.9,0.8]]]]}},{"type":"Feature","properties":{},"geometry":{"type":"MultiPolygon","coordinates":[[[[96.4,-32.2],[97.2,-32.5],[98.3,-31.7],[101.6,-31],[104.8,-30.5],[106.8,-28.3],[108.8,-24],[110.2,-21.4],[110.6,-20],[110.4,-19.1],[113,-18.4],[113,-18.8],[111.8,-19.1],[112.2,-20.9],[112.1,-22.8],[111,-25.9],[109.2,-28.4],[107.6,-29.6],[106.4,-30.6],[105,-31.8],[102.9,-32.5],[101,-32.7],[96.1,-33.7],[96.1,-34.3],[95.2,-35.3],[95.2,-34.9],[95.3,-33.7],[95.4,-33.3],[95.8,-33.5],[96.1,-33.1],[96.3,-32.2],[96.4,-32.2]]]]}},{"type":"Feature","properties":{},"geometry":{"type":"MultiPolygon","coordinates":[[[[98.9,-6.2],[99.6,-7.9],[99.7,-9],[99.8,-9.7],[100.4,-11.2],[100.8,-13],[101,-14.1],[101.3,-15.5],[101.6,-17],[101.4,-18.3],[101.1,-19.4],[100.7,-18.9],[100.5,-17.3],[99.9,-16.3],[99.6,-14],[99.4,-11.4],[98.8,-8.1],[98.9,-6.2]]]]}},{"type":"Feature","properties":{},"geometry":{"type":"MultiPolygon","coordinates":[[[[100.9,-19.8],[101.3,-18.9],[101.5,-17.7],[101.5,-16.1],[101.2,-14.9],[100.8,-13.6],[100.9,-12.5],[100.1,-10.4],[99.8,-9.3],[99.7,-8.5],[99.4,-7.1],[100,-6.8],[100.3,-8.3],[101.5,-11.7],[102.5,-16.4],[102.6,-18.3],[100.9,-19.8]]]]}},{"type":"Feature","properties":{},"geometry":{"type":"MultiPolygon","coordinates":[[[[-68.7,-5.7],[-67.9,-5.6],[-67.7,-7.3],[-69.8,-6.9],[-68.7,-5.7]]]]}},{"type":"Feature","properties":{},"geometry":{"type":"MultiPolygon","coordinates":[[[[-67.9,-8.8],[-69.2,-12.8],[-69.6,-12.2],[-68.5,-10.5],[-68.6,-9.3],[-67.9,-8.8]]]]}},{"type":"Feature","properties":{},"geometry":{"type":"MultiPolygon","coordinates":[[[[-69.8,-7.4],[-67.9,-7.8],[-68.6,-9.3],[-68.5,-10.5],[-69.6,-12.2],[-69.5,-13.4],[-70.3,-12],[-70.2,-10.3],[-70.4,-9],[-69.8,-7.4]]]]}},{"type":"Feature","properties":{},"geometry":{"type":"MultiPolygon","coordinates":[[[[-70.5,-0.3],[-70.4,-0.1],[-69.6,-0.4],[-68.8,-2],[-68.7,-2.9],[-67.9,-5.1],[-68.8,-5.6],[-69,-4.2],[-69,-3.4],[-69.4,-2],[-69.8,-0.9],[-70.4,-0.3],[-70.5,-0.3]]]]}},{"type":"Feature","properties":{},"geometry":{"type":"MultiPolygon","coordinates":[[[[-70.2,-7.2],[-70.4,-9],[-70.2,-10.3],[-70.3,-12],[-71.4,-11.7],[-71,-8.9],[-70.2,-7.2]]]]}},{"type":"Feature","properties":{},"geometry":{"type":"MultiPolygon","coordinates":[[[[-84.5,-18.6],[-84,-19.1],[-83.4,-19.6],[-83,-19.6],[-82.8,-20],[-82.7,-19.7],[-82.2,-19.8],[-81.5,-20.1],[-80.5,-20.2],[-79.3,-20.2],[-78.4,-21],[-77.8,-21.2],[-77.1,-21.6],[-76.3,-22],[-75.8,-21.8],[-75.4,-21.3],[-75.8,-22],[-75.8,-22.5],[-76.4,-23],[-76.7,-23.1],[-77.8,-22.3],[-78.4,-22.1],[-78.9,-21.9],[-80.7,-21.3],[-83,-21],[-84.2,-21.3],[-84.5,-21.2],[-84.1,-20.9],[-84.8,-20.6],[-85.2,-20.5],[-85.3,-20.3],[-85.4,-19.9],[-85.2,-19.7],[-85.4,-19.8],[-85.4,-19.4],[-85.2,-19.4],[-85.2,-19.3],[-84.7,-18.7],[-84.5,-18.6]]]]}},{"type":"Feature","properties":{},"geometry":{"type":"MultiPolygon","coordinates":[[[[-72.6,-1],[-71.5,-0.5],[-70.4,-0.3],[-69.9,-0.8],[-69.4,-1.9],[-69.2,-3],[-69,-4.2],[-69,-5.4],[-68.8,-6.1],[-70.6,-7.9],[-71.5,-11.2],[-69.8,-13.1],[-70,-14.3],[-70.9,-15.3],[-71.9,-16],[-72.3,-16.5],[-72.5,-17.2],[-73.1,-17.9],[-73.5,-18.2],[-73.6,-18.4],[-74,-19],[-74.6,-19.2],[-75.9,-19.1],[-78.2,-17.5],[-79.4,-16],[-77.7,-13.2],[-76.7,-10.1],[-75.7,-7.7],[-74,-4.2],[-72.7,-1.2],[-72.6,-1]]]]}},{"type":"Feature","properties":{},"geometry":{"type":"MultiPolygon","coordinates":[[[[-74.2,-20.1],[-74.5,-19.9],[-74.5,-19.3],[-73.9,-18.8],[-73.5,-18.3],[-73.3,-18.1],[-73.1,-17.8],[-72.5,-16.9],[-72.3,-16.3],[-71.7,-15.9],[-70.7,-15.1],[-69.9,-14.1],[-69.2,-12.8],[-67.9,-8.8],[-67.7,-7.3],[-67.4,-4.8],[-68.6,-3],[-67.6,-3.9],[-67.2,-4.8],[-66.3,-6.6],[-66.1,-7.2],[-65.5,-8.2],[-64.7,-9.5],[-64.5,-10],[-64.4,-10.9],[-63.9,-11.6],[-65.2,-15.1],[-69.1,-20],[-71.8,-21.8],[-71.6,-21.2],[-71.1,-20.8],[-71.1,-20.2],[-71.1,-20.4],[-71,-20.7],[-71.8,-21.1],[-71.7,-22.3],[-74.5,-21.8],[-74.5,-21.1],[-74.6,-21.1],[-74.5,-20.7],[-74.2,-20.8],[-74.1,-20.1],[-74.2,-20.1]]]]}},{"type":"Feature","properties":{},"geometry":{"type":"MultiPolygon","coordinates":[[[[127.1,-4.4],[127.3,-4.7],[127.9,-5],[131.7,-8.2],[134.9,-14],[137.6,-20.7],[141,-27.8],[138.9,-30],[135.8,-27.7],[133.7,-25.1],[132.8,-25.1],[131,-22.4],[129,-18.5],[125.5,-12.2],[123.8,-8.9],[123.3,-8.4],[123.6,-7.7],[124,-6.9],[124.5,-7],[124.4,-6.4],[125,-6.3],[125.5,-5.9],[126,-5.4],[126.2,-5.2],[126.6,-4.8],[127.1,-4.4]]]]}},{"type":"Feature","properties":{},"geometry":{"type":"MultiPolygon","coordinates":[[[[142.6,-39.5],[142.3,-38.3],[141.4,-37.6],[139.7,-37],[138.4,-36.1],[142.4,-35.4],[142.9,-35.1],[143.2,-33.4],[144.5,-31.9],[147,-32.7],[147.1,-36.9],[143.7,-39.8],[143,-39.9],[142.6,-39.5]]]]}},{"type":"Feature","properties":{},"geometry":{"type":"MultiPolygon","coordinates":[[[[134.9,-34.7],[135.8,-33.4],[136,-33.2],[136.6,-29.4],[140.8,-29.8],[144.5,-29.4],[146.9,-30.6],[146.8,-31.1],[146.8,-32],[145.9,-32.5],[143.6,-33],[142.9,-35],[142.5,-35.3],[139,-35.4],[134.9,-34.7]]]]}},{"type":"Feature","properties":{},"geometry":{"type":"MultiPolygon","coordinates":[[[[147,-32.7],[146.8,-31.6],[146.9,-30.6],[147.2,-30.4],[148.4,-34.1],[147,-32.7]]]]}},{"type":"Feature","properties":{},"geometry":{"type":"MultiPolygon","coordinates":[[[[148.5,-34.1],[150.5,-28.2],[153,-30.8],[153.6,-31.6],[153.3,-31.9],[153.2,-32.1],[153.4,-32.2],[153.4,-32.3],[153.5,-32.5],[153.6,-32.9],[152.9,-32.6],[148.5,-34.1]]]]}},{"type":"Feature","properties":{},"geometry":{"type":"MultiPolygon","coordinates":[[[[153.8,-31.4],[151.2,-28.2],[153,-27.8],[154.5,-27.5],[154.8,-28.2],[154.8,-28.6],[154.8,-29.1],[154.7,-29.5],[154.7,-30],[154.6,-30.3],[154.6,-30.4],[154.5,-30.6],[154.2,-31],[154,-31.3],[153.8,-31.4]]]]}},{"type":"Feature","properties":{},"geometry":{"type":"MultiPolygon","coordinates":[[[[123.8,-9.1],[127.2,-15.4],[130.8,-21.6],[126.1,-21.5],[120.5,-22.5],[119.6,-22.5],[119.6,-22.1],[119.7,-21.4],[119.4,-20.8],[119.6,-20.2],[119.9,-20.1],[119.7,-19.8],[119.5,-19.4],[119.1,-19.1],[119.2,-18.1],[119.5,-17.5],[120.2,-16.6],[120.4,-16.3],[120.5,-15.6],[120.1,-15.5],[120.6,-14],[121,-13.6],[121.7,-14.6],[121.6,-13.9],[121.5,-13.2],[121.8,-12.9],[122.1,-12.4],[122.1,-12.7],[122.3,-11.3],[122.5,-10.5],[122.5,-9.7],[122.6,-9.6],[123,-9.6],[123.4,-9.7],[123.6,-9.3],[123.8,-9.1]]]]}},{"type":"Feature","properties":{},"geometry":{"type":"MultiPolygon","coordinates":[[[[123.8,-8.9],[123.5,-8.7],[123.6,-8.6],[123.8,-8.9]]]]}},{"type":"Feature","properties":{},"geometry":{"type":"MultiPolygon","coordinates":[[[[143.8,-16.9],[144.4,-20.5],[138.1,-17.7],[134.3,-12.6],[133.4,-8.5],[138.9,-12.4],[143.8,-16.9]]]]}},{"type":"Feature","properties":{},"geometry":{"type":"MultiPolygon","coordinates":[[[[144.9,-21.6],[143.9,-16.4],[145.2,-17.1],[146.6,-17.9],[147.9,-19.1],[148.8,-20.3],[149.7,-21.8],[150.4,-22.8],[149.5,-23.5],[144.9,-21.6]]]]}},{"type":"Feature","properties":{},"geometry":{"type":"MultiPolygon","coordinates":[[[[142,-29.6],[138.2,-22.5],[138.1,-17.7],[144.4,-20.5],[146.3,-26.9],[146.9,-30.6],[143.9,-29.5],[142,-29.6]]]]}},{"type":"Feature","properties":{},"geometry":{"type":"MultiPolygon","coordinates":[[[[144.9,-21.6],[150.8,-24.4],[151.2,-28.1],[152,-27.7],[148.9,-29.3],[145.8,-25.1],[144.9,-21.6]]]]}},{"type":"Feature","properties":{},"geometry":{"type":"MultiPolygon","coordinates":[[[[134.4,-38.5],[134.4,-38.4],[134.3,-38.4],[134.1,-38.3],[133.8,-38.1],[133.9,-37.8],[133.8,-37.8],[132.9,-38.3],[136.7,-35.4],[138.2,-36.6],[136.8,-38.7],[135.6,-39.4],[135.5,-39.5],[135.3,-39.6],[135.2,-39.8],[134.7,-39.6],[135.1,-39.3],[134.9,-38.8],[134.6,-38.5],[134.4,-38.5]]]]}},{"type":"Feature","properties":{},"geometry":{"type":"MultiPolygon","coordinates":[[[[128.3,-29.6],[129.1,-29.2],[128.2,-29.3],[129.3,-28.2],[130,-29.3],[130.1,-30.8],[128.3,-29.6]]]]}},{"type":"Feature","properties":{},"geometry":{"type":"MultiPolygon","coordinates":[[[[128.3,-28.7],[126.6,-23.8],[129,-21.5],[131,-22.4],[132.8,-25.1],[133.7,-25.1],[135.8,-27.7],[136.4,-31.3],[135.8,-33.4],[131.1,-32.4],[130.6,-30.3],[129.8,-28.9],[128.9,-28.3],[128.3,-28.7]]]]}},{"type":"Feature","properties":{},"geometry":{"type":"MultiPolygon","coordinates":[[[[128.3,-29.6],[133,-33.5],[132.1,-38.2],[131,-38.5],[130.2,-38.3],[129.8,-38.4],[129.3,-38.1],[129.2,-38.2],[128.8,-38.2],[128.8,-37.9],[128.9,-37.7],[128.9,-37.3],[128,-37.5],[127.8,-37.7],[127.9,-38],[127.5,-37.6],[127.3,-37.3],[127.2,-37.5],[126.8,-37.9],[125.7,-37.7],[124.6,-36.4],[124.6,-35.7],[125,-36],[125.1,-35.8],[125.2,-35.8],[125.7,-35.8],[125.3,-35.6],[125,-35.3],[124.9,-35],[125,-34.9],[125,-34.4],[124.6,-33.8],[123.8,-32.6],[123.2,-31.1],[123.6,-30.5],[124.2,-30.6],[124.6,-30.3],[124.8,-30.6],[125.1,-30.3],[125.5,-30.3],[125.7,-30.7],[125.9,-30.5],[126,-30.1],[126.5,-29.8],[127.2,-29.9],[127.9,-29.8],[128.3,-29.6]]]]}},{"type":"Feature","properties":{},"geometry":{"type":"MultiPolygon","coordinates":[[[[119.6,-23.1],[124.7,-21.6],[126.9,-25.1],[128.2,-29.2],[127.9,-29],[127.2,-28.9],[126.8,-28.9],[126.3,-28.9],[125.7,-29.1],[125,-29],[124.6,-28.8],[124.4,-28.5],[124.3,-28.3],[123.7,-28.1],[123.6,-27.9],[123.1,-27.7],[122.6,-27.6],[121.2,-26.4],[121.1,-25.9],[120.4,-25.5],[119.8,-24.4],[119.9,-23.8],[119.6,-23.1]]]]}},{"type":"Feature","properties":{},"geometry":{"type":"MultiPolygon","coordinates":[[[[67.9,-12.9],[68.1,-11],[68.3,-8.5],[68.3,-6.7],[68.3,-5.2],[69.4,-2.6],[70.3,-4.3],[70.2,-8],[69.9,-11.8],[69.1,-15.2],[67.9,-12.9]]]]}},{"type":"Feature","properties":{},"geometry":{"type":"MultiPolygon","coordinates":[[[[67.9,-12.9],[68.1,-11],[68.3,-8.5],[68.3,-6.7],[68.3,-5.2],[69.4,-2.6],[70.3,-4.3],[70.2,-8],[69.9,-11.8],[69.1,-15.2],[67.9,-12.9]]]]}}]}