{"type":"FeatureCollection","features":[{"type":"Feature","properties":{},"geometry":{"type":"MultiPolygon","coordinates":[[[[70.2,25.1],[68.3,24.5],[67.1,24.7],[65.4,24.4],[64,23.4],[61.6,18.9],[59,19.9],[57.3,21],[59.2,21.7],[61.5,24.6],[64.9,25.5],[66.4,26],[67.4,26.2],[70.2,25.1]]]]}},{"type":"Feature","properties":{},"geometry":{"type":"MultiPolygon","coordinates":[[[[76.2,21.5],[75.5,21.2],[74.9,22.7],[73.7,22.6],[72.4,22.2],[70.7,22.5],[69.7,22.3],[69.5,22.3],[69.7,22.4],[70.2,22.7],[71.5,23.3],[75.2,23.4],[76.2,21.5]]]]}},{"type":"Feature","properties":{},"geometry":{"type":"MultiPolygon","coordinates":[[[[69.7,21.9],[69.1,21.7],[69.4,22],[69.9,22.1],[69.7,21.9]]]]}},{"type":"Feature","properties":{},"geometry":{"type":"MultiPolygon","coordinates":[[[[69,20.4],[65.9,19.3],[66.9,20.3],[67.6,20.8],[68,21],[68.6,20.9],[68.9,20.6],[69,20.4]]]]}},{"type":"Feature","properties":{},"geometry":{"type":"MultiPolygon","coordinates":[[[[77.5,22.7],[77.1,22.5],[76.7,22.1],[75.7,22.8],[72.4,23.1],[70.7,23.3],[70.6,23.7],[69.8,23.7],[69.3,23.5],[68.3,23.2],[67.6,22.8],[66.9,23],[66.3,22.7],[66.8,21.8],[67.2,21.7],[66.8,21.1],[66.5,19.8],[65.9,19.2],[64.5,17.2],[63.7,16.2],[63.2,16.1],[62.2,16.8],[61.5,17.2],[62.2,20.2],[64.3,23.6],[65.9,24.6],[67.4,24.6],[68.7,24.7],[70.5,25.1],[72.5,24.8],[73.9,24.5],[75.7,24.2],[76.3,23.8],[77.2,23],[77.5,22.7]]]]}},{"type":"Feature","properties":{},"geometry":{"type":"MultiPolygon","coordinates":[[[[38.5,25.7],[38.2,28.6],[37.9,31.1],[38.3,32.4],[40.2,32.5],[42.3,29.7],[43.2,26.9],[43.6,25.8],[45.1,23.1],[46.3,20.9],[45.7,21.6],[43.4,22.9],[42.7,20.3],[42.1,18.8],[41.8,17],[41,18.6],[40.5,19.7],[39.5,21.7],[38.7,23.7],[38.5,25.7]]]]}},{"type":"Feature","properties":{},"geometry":{"type":"MultiPolygon","coordinates":[[[[65.4,25.6],[62.2,25.6],[58.5,26],[55.4,25.1],[54.1,26.5],[59.4,27.4],[62.7,26.7],[65.4,25.6]]]]}},{"type":"Feature","properties":{},"geometry":{"type":"MultiPolygon","coordinates":[[[[42.6,32.3],[44.3,29.5],[43.6,28],[43.2,26.9],[42.3,29.7],[40.2,32.5],[42.6,32.3]]]]}},{"type":"Feature","properties":{},"geometry":{"type":"MultiPolygon","coordinates":[[[[-11.3,2],[-10.9,2.3],[-10.7,2.6],[-10,3.3],[-9.4,4.1],[-9.9,3.7],[-10.6,3.4],[-10.9,3.2],[-10.7,3.2],[-11.1,2.8],[-11.4,3.1],[-11.7,3.3],[-12,3.4],[-12.3,3.1],[-14.4,3.5],[-15.9,3.7],[-16.9,6.8],[-17.8,9.9],[-17.4,11.3],[-16.1,9.5],[-15.7,8.7],[-15.5,6.2],[-15.7,4.5],[-14.6,4.3],[-12.9,3.8],[-11.5,3.8],[-9.7,4.4],[-9,4.9],[-7.5,6.1],[-4.6,5.6],[-2.9,6],[-2.7,5.8],[-2.3,5.7],[-2.1,5.2],[-2,5.1],[-2.3,4.9],[-2.4,4.3],[-2.8,3.8],[-2.6,3.1],[-3.2,2.9],[-4,2.8],[-4.6,3],[-5.5,3],[-6.7,3.2],[-7.5,2.5],[-8.4,2.2],[-8.9,2.1],[-9.2,1.9],[-9.4,1.7],[-9.5,2],[-10.1,1.7],[-10.7,1.8],[-11.3,2]]]]}},{"type":"Feature","properties":{},"geometry":{"type":"MultiPolygon","coordinates":[[[[-12.5,3.7],[-12.9,5.9],[-13.6,7.7],[-15.1,8.1],[-15.9,9.1],[-12.9,7.9],[-12.4,7.4],[-11.9,7.1],[-11.4,6.3],[-10.8,5.4],[-10.9,4.2],[-12.5,3.7]]]]}},{"type":"Feature","properties":{},"geometry":{"type":"MultiPolygon","coordinates":[[[[-23,18.1],[-21.1,19.1],[-20.8,18.9],[-19,18.7],[-18.5,18.9],[-17.7,18.5],[-16.5,14.6],[-17.8,12.4],[-19.6,14.6],[-21,16.5],[-21.2,16.5],[-22.1,17.5],[-23,18.1]]]]}},{"type":"Feature","properties":{},"geometry":{"type":"MultiPolygon","coordinates":[[[[-15.9,9.1],[-16.5,10.1],[-17.5,11.4],[-16.7,11.9],[-15.1,13.6],[-14.6,15.2],[-14.1,15.9],[-13.6,15.4],[-12.6,13],[-10.4,9.4],[-9.9,7.2],[-9.8,6.7],[-9.5,5.4],[-9.7,4.4],[-10.9,5.5],[-11.6,6.6],[-11.9,7.1],[-12.4,7.5],[-13.6,8.3],[-15.9,9.1]]]]}},{"type":"Feature","properties":{},"geometry":{"type":"MultiPolygon","coordinates":[[[[-19.4,11.5],[-16.6,13.8],[-14.6,16.4],[-13.9,16.7],[-13.5,16.8],[-13.9,16.2],[-14.6,15.3],[-14.7,14.5],[-15.8,12.7],[-17.3,11.4],[-18.7,11.3],[-19.4,11.5]]]]}},{"type":"Feature","properties":{},"geometry":{"type":"MultiPolygon","coordinates":[[[[129.2,-49.3],[131,-50],[132.8,-49.5],[138.2,-53.5],[132.8,-54.5],[128.6,-53.6],[127.8,-51.8],[128.8,-50.1],[129.2,-49.3]]]]}},{"type":"Feature","properties":{},"geometry":{"type":"MultiPolygon","coordinates":[[[[134.8,-50],[138.5,-50],[143.4,-49.2],[147.9,-49.4],[150.2,-49.3],[152.8,-49.2],[156.2,-48.7],[155.8,-49.8],[155.4,-50.5],[155.1,-51],[153.9,-52.1],[152.2,-52.5],[150.2,-52.2],[148.1,-51.5],[145.3,-50.1],[142.7,-51.1],[140.3,-52.2],[134.8,-50]]]]}},{"type":"Feature","properties":{},"geometry":{"type":"MultiPolygon","coordinates":[[[[87.5,-54.2],[95.9,-53.7],[90.7,-55.3],[88.9,-55.7],[87.4,-54.8],[87.5,-54.2]]]]}},{"type":"Feature","properties":{},"geometry":{"type":"MultiPolygon","coordinates":[[[[96.4,-53.3],[87.5,-54.2],[86.6,-53.6],[89.4,-52.2],[90.5,-51.6],[96.2,-53],[96.4,-53.3]]]]}},{"type":"Feature","properties":{},"geometry":{"type":"MultiPolygon","coordinates":[[[[85,-54.8],[87.4,-54.8],[88.9,-55.7],[90.7,-55.3],[95.9,-53.7],[99.6,-54],[99.3,-55.8],[97.9,-57.2],[89.8,-59],[85.7,-58.1],[85.5,-55],[85,-54.8]]]]}},{"type":"Feature","properties":{},"geometry":{"type":"MultiPolygon","coordinates":[[[[89.8,-59],[93.2,-61.5],[92.5,-64.6],[95.3,-67.4],[102.3,-71.1],[106.2,-73.5],[106.6,-76.3],[103.7,-75.1],[97.2,-70.4],[91.7,-66.6],[90.8,-60.8],[89.8,-59]]]]}},{"type":"Feature","properties":{},"geometry":{"type":"MultiPolygon","coordinates":[[[[55.3,-75.5],[38.4,-75],[35.3,-72.5],[41.6,-69.7],[48.4,-69.4],[53,-70.9],[56.7,-72.7],[61.5,-73.7],[61.2,-75.4],[55.3,-75.5]]]]}},{"type":"Feature","properties":{},"geometry":{"type":"MultiPolygon","coordinates":[[[[47.3,-75.4],[62.3,-75.4],[78.5,-74.1],[87.2,-74.5],[87.4,-75],[86.2,-75.5],[89.1,-74.9],[89.9,-74.8],[97.3,-75.1],[98.7,-77.2],[70.1,-79.4],[68.5,-78.8],[61.8,-78.4],[51.9,-78.4],[52.9,-78.1],[51.3,-77.8],[48.2,-77.3],[45.6,-77.4],[44,-76.9],[41.5,-76.6],[37.2,-75.9],[40,-75.2],[47.3,-75.4]]]]}},{"type":"Feature","properties":{},"geometry":{"type":"MultiPolygon","coordinates":[[[[23.8,-77.5],[26.2,-78.9],[29,-79.9],[35.5,-81.9],[37.2,-83.1],[29.2,-81.6],[26.9,-80.5],[24.7,-79.3],[22.8,-78.3],[22.2,-76.7],[23.8,-77.5]]]]}},{"type":"Feature","properties":{},"geometry":{"type":"MultiPolygon","coordinates":[[[[21.9,-68.7],[28.2,-72.2],[35.5,-75.5],[35.3,-76],[34.2,-76.1],[31.1,-76.5],[28.5,-76.5],[23.7,-76.8],[23.2,-77.5],[21.1,-78.3],[18.5,-78],[17.2,-78.9],[19.2,-79.8],[16.2,-79.6],[15.2,-79.8],[12.7,-79.5],[13.1,-79.9],[7.2,-79.5],[-3.4,-76.1],[-6.5,-72.4],[5.2,-70.3],[11.8,-68],[12.6,-67.7],[21.9,-68.7]]]]}},{"type":"Feature","properties":{},"geometry":{"type":"MultiPolygon","coordinates":[[[[138.6,-72.5],[144,-70.5],[144,-70.1],[144.3,-69.8],[149.1,-68.9],[154.1,-65.4],[156,-61.6],[159.5,-63],[162.1,-65.2],[156,-69.7],[153.8,-73],[149.5,-75],[143.8,-73.8],[138.6,-72.5]]]]}},{"type":"Feature","properties":{},"geometry":{"type":"MultiPolygon","coordinates":[[[[-165.7,-77.6],[-170.4,-73.6],[-153.9,-73],[-142,-70.7],[-138.5,-68.3],[-136,-67.1],[-133.8,-69.7],[-128.6,-66.9],[-128.7,-63.3],[-123.9,-62.3],[-122.4,-64],[-120.3,-66.1],[-118.6,-67.8],[-119,-67.8],[-119.4,-67.9],[-119.4,-68.5],[-120.2,-69],[-123.8,-70.3],[-125.5,-70.1],[-124.1,-70.4],[-124.3,-70.7],[-126.3,-71.1],[-126.7,-71.6],[-127.7,-72.8],[-127.4,-72.8],[-127.9,-73.6],[-127.6,-73.7],[-127.9,-74.7],[-128.2,-74.8],[-131,-76],[-132.4,-76.2],[-132.4,-76.4],[-133.3,-76.5],[-134.5,-76.8],[-136,-77],[-139.4,-77.2],[-143.2,-77.3],[-145.7,-77.2],[-148.7,-77.8],[-151,-77.7],[-151.7,-77.2],[-153.3,-76.4],[-153.6,-75.9],[-156,-74.8],[-155.9,-73.9],[-157.4,-75.3],[-157.7,-75.8],[-160.1,-75.6],[-161.8,-75.6],[-162.3,-76],[-163.5,-76.3],[-163.8,-76.7],[-165,-76.2],[-165.9,-76.1],[-164.6,-76.7],[-164.9,-77.4],[-165.7,-77.6]]]]}},{"type":"Feature","properties":{},"geometry":{"type":"MultiPolygon","coordinates":[[[[-163.6,-78.1],[-164.4,-77.7],[-163.4,-78.1],[-163.6,-78.1]]]]}},{"type":"Feature","properties":{},"geometry":{"type":"MultiPolygon","coordinates":[[[[-157.5,-77.2],[-159.2,-77.8],[-162.1,-77.9],[-163.2,-77.4],[-163.2,-77.2],[-163.3,-77.2],[-163.7,-76.9],[-162.8,-76.7],[-162.4,-76.6],[-162.8,-76.3],[-160.8,-75.6],[-158.8,-75.9],[-156.9,-76],[-157.1,-76.1],[-156.3,-76.3],[-155.4,-76.3],[-155.3,-76.7],[-157.5,-77.2]]]]}},{"type":"Feature","properties":{},"geometry":{"type":"MultiPolygon","coordinates":[[[[-155.6,-75.7],[-157,-74.6],[-155.9,-75.1],[-155.2,-75.5],[-155.6,-75.7]]]]}},{"type":"Feature","properties":{},"geometry":{"type":"MultiPolygon","coordinates":[[[[180,-70.8],[180,-77.4],[176.1,-78.9],[175.6,-78.6],[175.8,-78.7],[167.8,-79.3],[164.6,-80.1],[163.6,-80.3],[161.2,-80.1],[156.3,-78.7],[166.7,-73.5],[173,-69.4],[173.6,-64.6],[173.9,-61.5],[173.9,-53.9],[177.7,-51.1],[180,-53.6],[180,-58.9],[178.4,-65.3],[175.7,-68.1],[178.5,-70.1],[180,-70.8]]]]}},{"type":"Feature","properties":{},"geometry":{"type":"MultiPolygon","coordinates":[[[[-180,-57.4],[-176.8,-53.8],[-175.6,-50],[-171.5,-50],[-167.4,-54.4],[-172.6,-55.9],[-180,-57.4]]]]}},{"type":"Feature","properties":{},"geometry":{"type":"MultiPolygon","coordinates":[[[[-180,-64.6],[-180,-58.9],[-176.9,-60.9],[-178.8,-64],[-180,-64.6]]]]}},{"type":"Feature","properties":{},"geometry":{"type":"MultiPolygon","coordinates":[[[[-180,-79],[-180,-72.5],[-178.1,-72.3],[-175.6,-74.5],[-165.7,-77.7],[-163.4,-78.1],[-163.9,-78.3],[-164.1,-78.5],[-164.7,-78.6],[-165.6,-78.7],[-165.3,-78.8],[-166,-78.9],[-166.4,-79],[-167.7,-79],[-168.5,-79.1],[-169,-79.2],[-169.3,-79.2],[-180,-79]]]]}},{"type":"Feature","properties":{},"geometry":{"type":"MultiPolygon","coordinates":[[[[138.4,-72.4],[138.9,-72.2],[142.8,-70.7],[143.5,-70.9],[143.5,-70.5],[138.6,-72.5],[138.4,-72.4]]]]}},{"type":"Feature","properties":{},"geometry":{"type":"MultiPolygon","coordinates":[[[[172.8,-66.2],[172.4,-64.6],[166.7,-62.4],[161.4,-62],[156,-61.6],[154.1,-65.4],[149.1,-68.9],[144,-69.6],[144,-69.4],[143.9,-68],[144.2,-66],[145.2,-65.6],[146.3,-63.7],[146.5,-63.3],[147.4,-62.7],[149.4,-61],[149.4,-60.5],[151.3,-60.6],[151.5,-60.4],[153.4,-60.1],[153.8,-60.2],[154.1,-59.9],[153.9,-59.9],[154.8,-59.6],[155.3,-59.3],[156.4,-58.8],[156.8,-58.7],[159,-57.3],[159,-57.1],[159.4,-57],[159.4,-56.9],[159.8,-56.7],[159.2,-56.1],[159.1,-55.9],[158.7,-55.3],[158.5,-55],[158.3,-54.5],[158.5,-54],[163.8,-53.5],[171.9,-52.3],[173.9,-57.7],[173.8,-61.4],[172.2,-59.7],[172.7,-57.5],[172.3,-55.1],[172.8,-53.2],[170.3,-53.1],[169.2,-55.6],[167,-57.8],[164.7,-59.5],[162.4,-60.8],[166.5,-61.6],[170.2,-62.6],[173.9,-62.3],[173.2,-67.3],[172.8,-66.2]]]]}},{"type":"Feature","properties":{},"geometry":{"type":"MultiPolygon","coordinates":[[[[-166.6,-54.3],[-172.9,-48.6],[-169.2,-48.7],[-166.3,-49.9],[-163.8,-49.9],[-161.6,-49.2],[-158.3,-47.8],[-157.4,-47.7],[-156.1,-47.5],[-155.4,-47.5],[-153.2,-47.7],[-151.6,-47.6],[-149.3,-47.3],[-148,-47.3],[-147.8,-47.3],[-146.6,-47.3],[-143.8,-46.7],[-142.2,-46.1],[-141.6,-46.2],[-140.8,-46.1],[-139.1,-47.2],[-138.8,-47.6],[-137.8,-48],[-137.1,-48.4],[-135.5,-49.7],[-136,-50.3],[-142.2,-49.6],[-146.5,-51.2],[-151.9,-51.1],[-154.9,-51.5],[-158.4,-53],[-163.7,-54.6],[-166.6,-54.3]]]]}},{"type":"Feature","properties":{},"geometry":{"type":"MultiPolygon","coordinates":[[[[180,-39.8],[176.9,-40.4],[172.7,-38.8],[168.6,-38.2],[170.7,-40.8],[169.8,-41.1],[165.2,-39.5],[165.2,-39.3],[167.9,-37.9],[174.5,-34.5],[175.4,-35],[175.5,-35.4],[175.7,-35.6],[176.1,-36.5],[176.5,-36.9],[177.5,-38.1],[178.3,-39],[179,-39.3],[179.6,-39.7],[180,-39.8]]]]}},{"type":"Feature","properties":{},"geometry":{"type":"MultiPolygon","coordinates":[[[[-180,-42.9],[-177.9,-41.6],[-177.9,-42],[-177,-42.5],[-176.4,-43.3],[-175.4,-44.2],[-174.8,-44.9],[-174.1,-45.3],[-172.2,-46.7],[-171.7,-46.8],[-171.4,-47.3],[-174.4,-49],[-178.4,-46.4],[-178.5,-45],[-180,-42.9]]]]}},{"type":"Feature","properties":{},"geometry":{"type":"MultiPolygon","coordinates":[[[[173.9,-51.9],[165.8,-53.3],[158.4,-53.9],[158.4,-53.7],[159.4,-52.1],[160.7,-49.7],[160.6,-49.8],[160.2,-50.3],[160.1,-50.7],[159.9,-51.5],[160,-51.7],[160.4,-51.4],[160.9,-51.7],[160.4,-50.9],[160.6,-50.8],[160.8,-50.4],[160.9,-50],[161,-49.6],[160.7,-49.6],[160.8,-49.2],[161.3,-47.2],[161.7,-46.5],[162.6,-47.2],[163.9,-49.4],[165.8,-49.5],[166.8,-49.5],[168.6,-49.2],[170.9,-48.9],[174.4,-46.7],[171.7,-42.5],[172.1,-41.9],[176.7,-48.5],[175.9,-51.5],[173.9,-51.9]]]]}},{"type":"Feature","properties":{},"geometry":{"type":"MultiPolygon","coordinates":[[[[169.2,-48.7],[164.7,-47.8],[162.8,-45.9],[164,-45.6],[166,-45.5],[167.1,-46.4],[167,-45.8],[166.9,-45.6],[166.5,-45.4],[166.5,-45.1],[164.4,-44.8],[163.6,-44],[163.3,-43.9],[170.6,-42.9],[174.1,-47.9],[169.2,-48.7]]]]}},{"type":"Feature","properties":{},"geometry":{"type":"MultiPolygon","coordinates":[[[[-104.5,4.3],[-106,3.7],[-107.7,3.3],[-108.3,2.8],[-108.7,2.5],[-109.1,2.7],[-109.9,3.2],[-109.5,4.3],[-110,5.4],[-110.9,6.5],[-111.1,7],[-110.1,7.8],[-108.6,7.9],[-107.4,7.8],[-106.7,7.5],[-105.7,7.1],[-105.2,6.8],[-104,6.1],[-104.1,5.6],[-104.5,4.6],[-104.5,4.3]]]]}},{"type":"Feature","properties":{},"geometry":{"type":"MultiPolygon","coordinates":[[[[-97.9,-2.6],[-99.9,-1.2],[-100.5,-0.1],[-100.8,1],[-98.9,-0.3],[-98.6,-1.1],[-98.7,-1.4],[-97.9,-2.6]]]]}},{"type":"Feature","properties":{},"geometry":{"type":"MultiPolygon","coordinates":[[[[-81.7,11.1],[-80.9,10.7],[-80.8,10.7],[-80.6,10.5],[-80.2,10.5],[-80.4,10.6],[-78.9,11.2],[-77.7,11.1],[-76.9,11],[-76.9,10.9],[-77.1,10.9],[-77.2,10.9],[-77.7,10.9],[-77.9,10.9],[-78.1,11],[-78,10.9],[-78,10.6],[-78.1,10.7],[-78.6,10.7],[-78.3,10.5],[-78.5,10.3],[-78.7,10.1],[-79,9.9],[-79.6,9.7],[-79.9,10.4],[-80.2,10],[-79.9,9.7],[-79.9,9.4],[-79.9,9],[-80.8,9.1],[-80.8,9.6],[-80.9,9.5],[-81.1,9.8],[-81.2,10.1],[-81.6,10.2],[-81.5,10.3],[-81.7,10.4],[-81.9,10.6],[-81.8,10.8],[-81.7,11.1]]]]}},{"type":"Feature","properties":{},"geometry":{"type":"MultiPolygon","coordinates":[[[[-82.8,11.6],[-82.1,11],[-82.1,10.6],[-82.5,11.1],[-82.5,10.8],[-82.8,10.7],[-82.4,10.6],[-82.5,10.3],[-82.6,10.2],[-82.4,9.9],[-82.4,9.6],[-82,9.4],[-81.7,9.4],[-81.2,9],[-81,8.5],[-81.5,8.2],[-81.5,8],[-82.1,8],[-82.3,8.3],[-82.4,8.4],[-82.7,8.9],[-83,8.9],[-83.1,9.2],[-83.4,9.4],[-83.2,9.7],[-83.6,9.9],[-83.6,10.1],[-83.7,10.2],[-83.5,10.5],[-83.1,10.7],[-82.7,11.5],[-82.8,11.6]]]]}},{"type":"Feature","properties":{},"geometry":{"type":"MultiPolygon","coordinates":[[[[-84.3,12.4],[-83.7,12],[-83.9,11.9],[-84.1,11.9],[-84.1,11.8],[-84.2,11.8],[-84.6,12],[-84.7,12.1],[-84.5,12.5],[-84.3,12.4]]]]}},{"type":"Feature","properties":{},"geometry":{"type":"MultiPolygon","coordinates":[[[[-83.4,11.3],[-84.3,10.9],[-84.3,11.1],[-84.2,11.4],[-83.8,11.4],[-83.5,11.4],[-83.4,11.3]]]]}},{"type":"Feature","properties":{},"geometry":{"type":"MultiPolygon","coordinates":[[[[-108.2,11.5],[-107.6,12.7],[-107,12.9],[-105.6,12.6],[-105.2,12.4],[-103.8,11.7],[-106.6,12],[-108.2,11.5]]]]}},{"type":"Feature","properties":{},"geometry":{"type":"MultiPolygon","coordinates":[[[[-110,-0.2],[-113.1,-2],[-115.3,-2.8],[-117,-2.3],[-118.1,-0.7],[-119.6,1.1],[-120.6,2.2],[-122.3,4.1],[-121.6,5.7],[-119.6,4.5],[-118.2,3.9],[-116.3,2.6],[-116,3],[-115.8,3.6],[-115.1,3.9],[-113.7,3.7],[-113.2,4],[-112.1,3.2],[-110,2.3],[-108.6,2],[-108.6,1.7],[-109.2,0.8],[-110,-0.2]]]]}},{"type":"Feature","properties":{},"geometry":{"type":"MultiPolygon","coordinates":[[[[-97.7,-16.5],[-97.9,-16.1],[-98.6,-16.3],[-98.9,-16.3],[-99.8,-16.4],[-100.3,-16.8],[-101,-17.1],[-101.3,-17.1],[-101.6,-17.2],[-103.2,-16.4],[-102.5,-17.2],[-103.9,-18.1],[-105.2,-18.5],[-108.6,-19.1],[-112.6,-19.6],[-115.7,-19.9],[-117.5,-19.1],[-117.8,-16.7],[-118.3,-13.1],[-120.2,-12.9],[-122.6,-14.2],[-123.5,-14.1],[-123.2,-12.4],[-123.5,-11.3],[-123.9,-10.5],[-124.7,-9.8],[-125.1,-9.6],[-125.2,-9.3],[-125.4,-9.4],[-125.9,-9.6],[-126.5,-9.4],[-127.1,-9.5],[-126.4,-8.6],[-125.7,-7.1],[-125.6,-6.1],[-123.6,-7.6],[-123.1,-8.5],[-120.7,-9.1],[-119.4,-10.3],[-117.5,-12.4],[-114.9,-13.5],[-112.3,-13.6],[-108.6,-14.7],[-105.2,-14.9],[-104.5,-15.5],[-103.1,-14.1],[-103,-14.6],[-103,-14.9],[-102.8,-15.5],[-102.5,-15.4],[-102.3,-15.3],[-102.2,-14.8],[-102.2,-14.5],[-101.5,-14.6],[-101.6,-14.8],[-101.3,-14.5],[-100.7,-14.5],[-100.1,-14.8],[-100,-14.9],[-99.8,-14.9],[-99,-14.7],[-98.4,-15],[-98.2,-15.2],[-98,-15.8],[-97.9,-15.7],[-97.4,-16.1],[-97.7,-16.5]]]]}},{"type":"Feature","properties":{},"geometry":{"type":"MultiPolygon","coordinates":[[[[-105.1,-12.4],[-105.9,-13.7],[-107.8,-14.7],[-110.8,-14.1],[-114.7,-13.6],[-116.5,-13],[-118.4,-10.9],[-117.9,-9.2],[-115.8,-9.1],[-114,-9.1],[-113.1,-9.2],[-112,-9.6],[-110.1,-10],[-106.7,-11.3],[-106.2,-11.4],[-107.1,-11.9],[-108.5,-13],[-108.1,-13.8],[-107,-13.1],[-106.6,-12.7],[-105.7,-12.2],[-105.4,-12.4],[-105.2,-12.4],[-105.1,-12.4]]]]}},{"type":"Feature","properties":{},"geometry":{"type":"MultiPolygon","coordinates":[[[[-116.1,-9.1],[-120.7,-9.1],[-123.1,-8.5],[-123.6,-7.6],[-125.6,-6.1],[-125.5,-5.4],[-126.1,-3.7],[-126.1,-2.7],[-125.6,-1.6],[-124.9,-1.8],[-123.5,-3],[-122,-4],[-122,-4.9],[-118.5,-7.4],[-116.3,-8.5],[-115.7,-8.9],[-116.1,-9.1]]]]}},{"type":"Feature","properties":{},"geometry":{"type":"MultiPolygon","coordinates":[[[[-84.7,-1.8],[-84.6,-2.5],[-84.8,-2.4],[-85,-2.3],[-84.9,-2.5],[-85.2,-2.7],[-85,-2.8],[-84.9,-2.9],[-84.9,-3],[-85.5,-3.3],[-87.5,-2.5],[-87.7,-2.3],[-87.4,-2],[-87.6,-2],[-87.6,-1.9],[-87.8,-2.1],[-87.9,-2],[-87.8,-1.9],[-87.7,-1.7],[-87.9,-1.6],[-87.9,-1.8],[-88.1,-1.8],[-88.3,-1.5],[-88.6,-1.3],[-88.8,-1.3],[-89,-1.1],[-89,-0.9],[-88.9,-0.6],[-88.3,-0.5],[-88.2,-0.2],[-87.8,-0.9],[-87.4,-1],[-86.9,-1.1],[-85.8,-0.8],[-85.4,-0.3],[-84.7,-1.8]]]]}},{"type":"Feature","properties":{},"geometry":{"type":"MultiPolygon","coordinates":[[[[-86,0.7],[-86.8,0.9],[-86.2,1.1],[-86,0.7]]]]}},{"type":"Feature","properties":{},"geometry":{"type":"MultiPolygon","coordinates":[[[[-83.5,-3.5],[-83.6,-3.8],[-83.7,-3.9],[-83.7,-4.1],[-83.8,-4.2],[-84,-4.3],[-83.9,-4.1],[-84,-4],[-84.1,-3.9],[-84.2,-3.8],[-84.2,-3.6],[-84,-3.4],[-84.2,-3.3],[-84.1,-3.1],[-83.5,-3.5]]]]}},{"type":"Feature","properties":{},"geometry":{"type":"MultiPolygon","coordinates":[[[[-83.2,-3.7],[-83.3,-3.9],[-83.3,-3.7],[-83.2,-3.7]]]]}},{"type":"Feature","properties":{},"geometry":{"type":"MultiPolygon","coordinates":[[[[-85.8,-5.9],[-85.7,-5.7],[-85.8,-5.6],[-85.8,-5.3],[-85,-3],[-85.1,-3.3],[-85.1,-3.4],[-85,-3.5],[-84.9,-3.7],[-85.1,-3.9],[-85,-3.8],[-85,-3.9],[-84.8,-3.8],[-84.8,-3.9],[-84.8,-4.2],[-84.7,-4.2],[-85.1,-4.3],[-85,-4.6],[-85,-4.7],[-85.1,-4.9],[-85.1,-5.3],[-85.2,-5.4],[-85.2,-4.8],[-85.3,-5.1],[-85.4,-5.4],[-85.4,-5.5],[-85.4,-5.7],[-85.8,-5.9]]]]}},{"type":"Feature","properties":{},"geometry":{"type":"MultiPolygon","coordinates":[[[[-84.7,-4],[-84.7,-4.1],[-84.9,-4.1],[-84.7,-4]]]]}},{"type":"Feature","properties":{},"geometry":{"type":"MultiPolygon","coordinates":[[[[-66.6,-11.3],[-66.4,-11.7],[-66.3,-12.1],[-66.2,-12.2],[-66.1,-12.3],[-65.8,-12.2],[-65.9,-12.6],[-65.9,-13],[-66.2,-13.2],[-66,-13.4],[-65.9,-13.6],[-66.5,-13.8],[-66.9,-13.5],[-67.1,-12.7],[-67,-12],[-66.8,-11.4],[-66.5,-11.1],[-66.6,-11.3]]]]}},{"type":"Feature","properties":{},"geometry":{"type":"MultiPolygon","coordinates":[[[[-63.7,-12.1],[-64,-12.6],[-64.4,-12.3],[-63.7,-12.1]]]]}},{"type":"Feature","properties":{},"geometry":{"type":"MultiPolygon","coordinates":[[[[-64.9,-12.1],[-64.8,-12.2],[-64.5,-12.5],[-64.7,-12.8],[-64.5,-13.2],[-64.4,-13.5],[-64.8,-13.3],[-64.8,-13.1],[-65.3,-13],[-65.5,-12.9],[-65.3,-12.5],[-65.2,-12.5],[-65.1,-12.7],[-64.9,-12.7],[-65.1,-12.4],[-64.9,-12.1]]]]}},{"type":"Feature","properties":{},"geometry":{"type":"MultiPolygon","coordinates":[[[[-65.5,-13.2],[-65.6,-13.7],[-66,-13.4],[-65.9,-13.3],[-65.6,-13.2],[-65.5,-13.2]]]]}},{"type":"Feature","properties":{},"geometry":{"type":"MultiPolygon","coordinates":[[[[-64.6,-13.7],[-65,-13.7],[-64.7,-13.5],[-64.6,-13.7]]]]}},{"type":"Feature","properties":{},"geometry":{"type":"MultiPolygon","coordinates":[[[[-63.7,-13.1],[-63.3,-13.3],[-63.5,-13.4],[-63.6,-13.4],[-63.7,-13.3],[-63.6,-13.2],[-63.8,-13.3],[-63.7,-13.1]]]]}},{"type":"Feature","properties":{},"geometry":{"type":"MultiPolygon","coordinates":[[[[133.4,-48.1],[135.9,-48.2],[137.4,-48.3],[142.3,-48],[146.1,-48.4],[149.2,-48.9],[152,-48.5],[154.1,-48.6],[153.7,-47.3],[152.9,-45.5],[153.1,-44.9],[155.6,-47.2],[156.2,-48.3],[155.2,-49],[152,-49.1],[149.6,-49.3],[147,-49.3],[142.5,-49.3],[137.1,-50.3],[134.5,-49.9],[133.4,-48.1]]]]}},{"type":"Feature","properties":{},"geometry":{"type":"MultiPolygon","coordinates":[[[[124.7,-44.8],[128.5,-44.7],[128.8,-44.2],[129.3,-44.5],[129.5,-45.2],[130.5,-46],[131.7,-47.4],[132.2,-47.8],[134.2,-49.6],[132.5,-49.4],[130.5,-48.4],[127.3,-47.7],[123.5,-46.2],[124.5,-45.2],[125,-44.7],[124.7,-44.8]]]]}},{"type":"Feature","properties":{},"geometry":{"type":"MultiPolygon","coordinates":[[[[56.7,-55.5],[59.1,-55.1],[59.9,-55.1],[61.1,-55.1],[66.3,-53.9],[66.9,-54.3],[69,-53.5],[69.7,-53.4],[71.3,-54.9],[68.8,-55.3],[65.6,-56.6],[56.3,-56.1],[56.7,-55.5]]]]}},{"type":"Feature","properties":{},"geometry":{"type":"MultiPolygon","coordinates":[[[[66.1,-51.3],[69.6,-50.4],[70.8,-50.4],[72.4,-51.9],[72.9,-52.7],[72.7,-52.6],[71.7,-52.5],[71.3,-52.5],[69.1,-53.1],[68.5,-53.3],[67.3,-52.6],[65.8,-53],[66.1,-51.7],[66.1,-51.3]]]]}},{"type":"Feature","properties":{},"geometry":{"type":"MultiPolygon","coordinates":[[[[43.6,-54.2],[43.5,-54.5],[42.5,-54.7],[43.6,-54.2]]]]}},{"type":"Feature","properties":{},"geometry":{"type":"MultiPolygon","coordinates":[[[[54.2,-55.3],[53.6,-55.2],[52.8,-55],[54,-55.3],[54.2,-55.3]]]]}},{"type":"Feature","properties":{},"geometry":{"type":"MultiPolygon","coordinates":[[[[53.6,-54],[53.3,-54.6],[53.2,-54.4],[53.5,-54.2],[53.6,-54]]]]}},{"type":"Feature","properties":{},"geometry":{"type":"MultiPolygon","coordinates":[[[[54.3,-55.3],[55.1,-55.4],[56.6,-55.6],[54.4,-58.1],[52.4,-61.2],[46.9,-65],[39.5,-66.5],[33,-69.7],[32.7,-73.7],[24.9,-70.1],[24,-68.1],[25,-68],[26.1,-68],[30.9,-67.2],[34.8,-66.7],[38.6,-66.5],[43.8,-65.1],[41.3,-63.9],[41.5,-62.5],[43.5,-61.4],[44.5,-61.5],[47.4,-60.4],[49.3,-58.9],[50.2,-58.6],[51.3,-56.8],[51.3,-56.5],[51.5,-56.4],[51.5,-56],[52,-55.6],[52.6,-55.4],[52.8,-55.2],[52.6,-55.1],[53.5,-55.2],[53.9,-55.3],[54.3,-55.3]]]]}},{"type":"Feature","properties":{},"geometry":{"type":"MultiPolygon","coordinates":[[[[47.1,-51.6],[47.8,-52.7],[47.6,-53.3],[46.8,-53.5],[47,-52.4],[47.1,-51.6]]]]}},{"type":"Feature","properties":{},"geometry":{"type":"MultiPolygon","coordinates":[[[[31.8,-59.2],[32.2,-59.5],[31.9,-59.6],[31.8,-59.2]]]]}},{"type":"Feature","properties":{},"geometry":{"type":"MultiPolygon","coordinates":[[[[68.8,-56.6],[70.4,-57.7],[70,-58.5],[71.2,-59.1],[72.4,-60.3],[68.5,-58.7],[58.9,-56.6],[61.5,-56.4],[68.8,-56.6]]]]}},{"type":"Feature","properties":{},"geometry":{"type":"MultiPolygon","coordinates":[[[[82.4,-48.5],[82.8,-48],[83.8,-47.3],[84.7,-46.6],[85.1,-46.8],[85.7,-47.4],[85.6,-46.8],[88.6,-47.5],[88.8,-48],[90.2,-49.1],[89,-49.4],[87.7,-49.5],[86.5,-49.7],[85.8,-50],[84.3,-50],[82.8,-50],[82.4,-48.5]]]]}},{"type":"Feature","properties":{},"geometry":{"type":"MultiPolygon","coordinates":[[[[82.4,-48.5],[80.9,-50.4],[80.5,-50.2],[81,-49.9],[81.1,-49.6],[82.4,-48.5]]]]}},{"type":"Feature","properties":{},"geometry":{"type":"MultiPolygon","coordinates":[[[[80,-50.1],[79.9,-50],[79.9,-50.3],[79.7,-50.3],[80,-50.1]]]]}},{"type":"Feature","properties":{},"geometry":{"type":"MultiPolygon","coordinates":[[[[8.5,-80],[9.2,-82.4],[14.8,-84.7],[18.3,-87],[63.3,-88.3],[-18.1,-88.4],[-86.3,-88.2],[-97.1,-87.6],[-122.6,-85.8],[-114.2,-84.6],[-96.4,-85.1],[-71,-83.8],[-74.5,-80.1],[-88,-80],[-75.5,-78.6],[-70.6,-76],[-52,-78.3],[-27.6,-79.4],[-12.6,-79.1],[-10.9,-78.3],[-20.3,-77.2],[-39.7,-75.6],[-37.1,-74.2],[-27.4,-75.1],[-14.7,-74.9],[-6.5,-75.4],[6.1,-78.9],[8.5,-80]]]]}},{"type":"Feature","properties":{},"geometry":{"type":"MultiPolygon","coordinates":[[[[180,-80.2],[180,-88],[-180,-86.1],[-173.7,-80.3],[-173.6,-80.3],[-160.9,-79.3],[-157.7,-78.6],[-153.2,-78.1],[-151,-80.6],[-129.3,-81.9],[-116.4,-79],[-96.4,-80],[-77,-79.9],[-67.8,-82.6],[-94,-84.9],[-111.8,-85],[-119.2,-85.1],[-110,-87.5],[-97.7,-88.2],[-44.2,-88.7],[41.5,-88.3],[80,-87.1],[110.4,-86.3],[124,-85],[155.9,-83.2],[160.3,-81.8],[160.1,-82.1],[159.5,-82.5],[159.1,-82.8],[159.9,-83],[158.6,-83.1],[157.2,-83.3],[158,-83.6],[158.7,-83.3],[159.5,-83],[161.3,-82.9],[161.6,-83.3],[164.2,-83.3],[165.6,-83.8],[166,-83.8],[169.1,-84.2],[168.7,-84],[170.2,-83.9],[171.7,-84],[167.5,-83.9],[166.5,-83.3],[164.3,-83.3],[164.1,-83.1],[162.2,-83],[166.4,-82.7],[161.2,-82.6],[161.8,-82.5],[160.3,-82.3],[161.1,-82.1],[162.3,-82],[162.6,-81.9],[165,-81.9],[166.1,-82.1],[163.6,-81.6],[162.5,-81.4],[174,-80.3],[180,-80.2]]]]}},{"type":"Feature","properties":{},"geometry":{"type":"MultiPolygon","coordinates":[[[[163,-44.6],[162.8,-43.3],[163.9,-41.3],[168.3,-41.4],[167.6,-43.9],[163,-44.6]]]]}},{"type":"Feature","properties":{},"geometry":{"type":"MultiPolygon","coordinates":[[[[-128.7,-63.3],[-135.6,-64.8],[-142,-66.9],[-149.1,-66.3],[-160.7,-67.4],[-171.1,-69.1],[-175.1,-67.3],[-171.6,-66.2],[-165.2,-64.7],[-157.3,-62.6],[-159.3,-64.5],[-157.2,-64.4],[-155.5,-63.8],[-154.5,-62.3],[-141.8,-60.5],[-134.9,-59.7],[-131.9,-59.5],[-129.4,-60.2],[-126.2,-61.2],[-127.9,-63.1],[-128.7,-63.3]]]]}},{"type":"Feature","properties":{},"geometry":{"type":"MultiPolygon","coordinates":[[[[128.4,-75.1],[141.9,-75.1],[154.5,-75.4],[147.5,-76.6],[132.4,-76.4],[127.4,-76.4],[127.5,-76.1],[127.9,-75.6],[128.4,-75.1]]]]}},{"type":"Feature","properties":{},"geometry":{"type":"MultiPolygon","coordinates":[[[[-125,2],[-127,1.9],[-126.7,3.7],[-126.3,4.3],[-125.5,3.6],[-125,2.2],[-125,2]]]]}},{"type":"Feature","properties":{},"geometry":{"type":"MultiPolygon","coordinates":[[[[-125.6,-1.2],[-126.7,-0.5],[-127.3,-1],[-127.8,-0.2],[-127.4,1],[-125.1,1.8],[-125.4,1],[-125.6,-0.4],[-125.6,-1.2]]]]}},{"type":"Feature","properties":{},"geometry":{"type":"MultiPolygon","coordinates":[[[[-106.5,8.1],[-107.5,9.2],[-104.6,11.2],[-102.3,11.2],[-100.6,10.2],[-99.9,9.7],[-100.2,9.6],[-102.1,10],[-104.1,9.8],[-106.3,8.3],[-106.5,8.1]]]]}},{"type":"Feature","properties":{},"geometry":{"type":"MultiPolygon","coordinates":[[[[-105.5,-11.1],[-106.6,-11.3],[-109.4,-10.3],[-111.4,-10],[-110.8,-9.6],[-109.7,-9.3],[-109.2,-8.8],[-107.6,-8.4],[-107.2,-8.8],[-106.2,-9.8],[-105.6,-10.9],[-105.5,-11.1]]]]}},{"type":"Feature","properties":{},"geometry":{"type":"MultiPolygon","coordinates":[[[[-114.9,-8.8],[-117.9,-7.6],[-120.5,-6.1],[-122.2,-4.3],[-122.4,-3.5],[-124,-2.6],[-125.6,-1.2],[-125.6,-0.4],[-125.4,1],[-125.1,1.8],[-121.8,3.5],[-120.4,2],[-119.4,1.6],[-117.8,-1.2],[-116.2,-2.6],[-115.5,-3.1],[-113.9,-3.9],[-113,-5.6],[-112.8,-6.5],[-112.6,-7.2],[-111,-7.9],[-110.3,-9],[-113,-8.7],[-114,-8.6],[-114.9,-8.8]]]]}},{"type":"Feature","properties":{},"geometry":{"type":"MultiPolygon","coordinates":[[[[-180,-53.6],[-176.7,-49.7],[-175.6,-53],[-180,-53.6]]]]}},{"type":"Feature","properties":{},"geometry":{"type":"MultiPolygon","coordinates":[[[[180,-48.5],[177.4,-49.6],[173.3,-43.7],[173.1,-42.1],[178,-46.6],[180,-48.5]]]]}},{"type":"Feature","properties":{},"geometry":{"type":"MultiPolygon","coordinates":[[[[-83.2,-2.1],[-84.2,-1.5],[-85.2,0.1],[-85.2,0.4],[-85.2,1],[-85.2,1.1],[-85.2,1.5],[-85.1,1.6],[-85.3,1.7],[-85.3,1.9],[-85.2,2.3],[-84.9,2.5],[-85.2,2.7],[-85.1,2.8],[-85.2,2.9],[-85,3.5],[-85,3.6],[-84.9,3.8],[-85,3.8],[-85.2,3.8],[-85.6,3.4],[-85.7,3.7],[-86,4],[-86.2,4.1],[-86.3,4.2],[-86.6,4.9],[-86.8,5.1],[-86.6,5.6],[-86.8,5.7],[-86.9,5.6],[-87.1,6],[-86.9,6.6],[-86.4,6.1],[-85.9,5.8],[-85.9,5.6],[-85.6,5.7],[-85.5,6],[-85.3,6.4],[-85,6.1],[-84.9,6.2],[-84.7,6.4],[-84.4,6.8],[-84.3,7],[-84.2,6.9],[-84,6.9],[-83.8,6.8],[-83.4,6.8],[-83.4,5.9],[-83.9,5.4],[-84.3,5.3],[-84.2,5.1],[-84,5],[-83.9,5.1],[-83.7,4.9],[-83.8,4.9],[-83.8,4.5],[-83.7,4.9],[-83.5,4.6],[-83.5,5],[-83,4.7],[-82.7,4.3],[-83.2,4.2],[-83.2,4],[-83.3,3.7],[-83.4,3.5],[-83.6,3.3],[-83,3.5],[-82.9,3.4],[-83.2,3.3],[-83.1,3.1],[-82.7,3.1],[-83,2.6],[-83.4,2.3],[-82.8,2.4],[-82.8,2.1],[-83.3,2.1],[-83.1,2],[-82.5,1.9],[-82.9,1.8],[-82.5,1.8],[-82.5,1.3],[-83,1.3],[-82.9,1.4],[-83.1,1.1],[-82.9,1.1],[-82.5,1.1],[-82.5,0.5],[-83.2,0.8],[-82.8,0.5],[-82.9,0.2],[-83.2,0.6],[-83.4,0.4],[-83.1,0.3],[-83.2,0.1],[-83.4,0.1],[-83.6,0.3],[-83.5,-0.1],[-83.5,-0.4],[-83.3,-0.4],[-83.2,-0.5],[-83.5,-0.5],[-83.3,-0.5],[-83.3,-0.7],[-83.4,-1],[-83.1,-1],[-83.3,-1.3],[-83.1,-1.2],[-82.9,-1.3],[-83,-1.3],[-82.8,-1.4],[-82.9,-1.5],[-82.8,-1.7],[-82.8,-1.8],[-82.8,-2.1],[-83.2,-2.1]]]]}},{"type":"Feature","properties":{},"geometry":{"type":"MultiPolygon","coordinates":[[[[-84.2,7.2],[-85.4,6.5],[-85.7,5.7],[-85.8,5.8],[-86.3,6.1],[-86.6,6.9],[-86,7.5],[-85.5,7.7],[-85.3,7.7],[-84.8,7.8],[-83.7,7.3],[-84.2,7.2]]]]}},{"type":"Feature","properties":{},"geometry":{"type":"MultiPolygon","coordinates":[[[[-82.9,6.2],[-82.6,5.3],[-82.7,4.9],[-83.5,5.3],[-83.3,5.9],[-83.2,6.2],[-82.9,6.2]]]]}},{"type":"Feature","properties":{},"geometry":{"type":"MultiPolygon","coordinates":[[[[-86,0.7],[-86.2,1.1],[-85.6,1.1],[-86,0.7]]]]}},{"type":"Feature","properties":{},"geometry":{"type":"MultiPolygon","coordinates":[[[[-85.4,0.9],[-85.3,0.5],[-85.6,0.9],[-85.4,0.9]]]]}},{"type":"Feature","properties":{},"geometry":{"type":"MultiPolygon","coordinates":[[[[-86.1,2.6],[-86.2,2.8],[-85.7,2.7],[-86.1,2.6]]]]}},{"type":"Feature","properties":{},"geometry":{"type":"MultiPolygon","coordinates":[[[[-85.6,3.4],[-85.9,3.3],[-85.9,3.4],[-85.9,3.6],[-85.6,3.4]]]]}},{"type":"Feature","properties":{},"geometry":{"type":"MultiPolygon","coordinates":[[[[-8.5,-73.7],[-22.6,-75.8],[-32.4,-75],[-29.9,-73.4],[-15.1,-72.3],[-8.5,-73.7]]]]}},{"type":"Feature","properties":{},"geometry":{"type":"MultiPolygon","coordinates":[[[[-86.6,3.3],[-87.7,4],[-87.5,4],[-87.6,4.2],[-87.5,4.4],[-87.3,4.6],[-87.1,4.7],[-86.8,4.2],[-86.6,3.9],[-86.6,3.7],[-86.6,3.4],[-86.6,3.3]]]]}},{"type":"Feature","properties":{},"geometry":{"type":"MultiPolygon","coordinates":[[[[-85.8,-5.4],[-85.9,-5.3],[-86,-5.3],[-86,-4.8],[-86.1,-4.9],[-86.2,-4.8],[-86.1,-4.3],[-86.3,-4.2],[-86.3,-4.1],[-85.8,-5.4]]]]}},{"type":"Feature","properties":{},"geometry":{"type":"MultiPolygon","coordinates":[[[[-86.6,-6.2],[-86.4,-5.6],[-86.4,-5.8],[-86.3,-6],[-86.5,-6.1],[-86.6,-6.2]]]]}},{"type":"Feature","properties":{},"geometry":{"type":"MultiPolygon","coordinates":[[[[-86.2,-6.8],[-86.4,-6.9],[-86.2,-6.7],[-86.2,-6.8]]]]}},{"type":"Feature","properties":{},"geometry":{"type":"MultiPolygon","coordinates":[[[[110.3,-46.6],[110.6,-46.5],[110.8,-46.5],[111.3,-47.2],[110.2,-48.4],[105.1,-51.6],[101.8,-51.7],[101,-52],[96.8,-51.5],[96.8,-50.1],[96.8,-49.2],[95.5,-49.7],[94.8,-49.7],[93.9,-50.1],[94.7,-50.8],[95.6,-51],[92.6,-51.4],[90.5,-49.9],[89.2,-48.9],[88.8,-48.4],[92.9,-48.4],[101.3,-47.7],[110.3,-46.6]]]]}},{"type":"Feature","properties":{},"geometry":{"type":"MultiPolygon","coordinates":[[[[92.5,-50.6],[95.4,-50.9],[96.6,-51.7],[96.4,-53.2],[92.4,-51.8],[89.7,-51.9],[88,-53.1],[87.4,-54],[83.9,-53.7],[92.5,-50.6]]]]}},{"type":"Feature","properties":{},"geometry":{"type":"MultiPolygon","coordinates":[[[[71.8,-47.2],[75.1,-46.8],[77.1,-46],[79.6,-47],[81.5,-47],[83.2,-46.9],[80.8,-47.5],[80.4,-47.8],[80.3,-47.6],[78.1,-47.8],[77.7,-48.1],[75.2,-49.3],[74.6,-49.4],[73.6,-49.6],[72.8,-50.3],[71.6,-49.9],[70.3,-47.9],[71.8,-47.2]]]]}},{"type":"Feature","properties":{},"geometry":{"type":"MultiPolygon","coordinates":[[[[77.9,-48.7],[78.4,-48.2],[78.2,-48.4],[77.9,-48.7]]]]}},{"type":"Feature","properties":{},"geometry":{"type":"MultiPolygon","coordinates":[[[[115.9,-55.2],[116.5,-54.9],[117.6,-54.9],[115.9,-55.2]]]]}},{"type":"Feature","properties":{},"geometry":{"type":"MultiPolygon","coordinates":[[[[118.4,-48.5],[119.4,-50.3],[118.6,-53.3],[117.5,-54],[116.5,-54.3],[114.6,-54.2],[112.4,-53.9],[112.6,-53.7],[117,-53.3],[118.7,-51.4],[119.3,-49.4],[118.4,-48.5]]]]}},{"type":"Feature","properties":{},"geometry":{"type":"MultiPolygon","coordinates":[[[[70.1,-47.6],[69.7,-48.4],[70.2,-49.7],[73.4,-48.9],[75.5,-48.8],[73.9,-49.4],[70.5,-50.2],[68.8,-50.3],[67.3,-50.1],[67.3,-48.6],[68.1,-48.1],[69.2,-47.7],[70.1,-47.6]]]]}},{"type":"Feature","properties":{},"geometry":{"type":"MultiPolygon","coordinates":[[[[85.3,-42.5],[90.8,-42.1],[94.2,-41.4],[100.8,-44.5],[104.2,-45.5],[105.5,-45.7],[105.6,-45.8],[105.8,-46],[106,-46],[106.2,-46.1],[106.6,-46.1],[107.4,-46.3],[108,-46.4],[109.1,-46.4],[110,-46.4],[110.3,-46.6],[103.6,-47.5],[94.6,-48.5],[88.7,-48.2],[87.6,-47],[87.1,-46.2],[86.2,-44.8],[85.5,-43],[85.3,-42.5]]]]}},{"type":"Feature","properties":{},"geometry":{"type":"MultiPolygon","coordinates":[[[[87.9,-46.4],[88.5,-47.5],[88.7,-48.5],[87.5,-46.8],[87.9,-46.4]]]]}},{"type":"Feature","properties":{},"geometry":{"type":"MultiPolygon","coordinates":[[[[-83.2,-3.7],[-84,-3.1],[-83.8,-3.1],[-83.8,-3],[-83.8,-2.6],[-84.2,-2.5],[-84.2,-2.3],[-84.2,-2.1],[-84.4,-2],[-84.4,-2.1],[-84.5,-2],[-84.6,-1.8],[-83.2,-2.1],[-83,-2.2],[-82.7,-2.3],[-82.5,-2.3],[-83,-2.6],[-82.8,-2.6],[-82.6,-2.7],[-82.5,-2.8],[-82.3,-2.9],[-82.4,-3],[-82.5,-3.1],[-82.6,-3.3],[-82.7,-3.3],[-82.8,-3.2],[-83,-3.4],[-83.1,-3.5],[-83.1,-3.7],[-83.2,-3.7]]]]}},{"type":"Feature","properties":{},"geometry":{"type":"MultiPolygon","coordinates":[[[[130.2,0.1],[130.3,0.1],[130.3,0],[130.4,0],[130.4,-0.1],[130.5,-0.2],[130.4,-0.2],[130.5,-0.2],[130.5,-0.3],[130.6,-0.4],[130.5,-0.3],[130.4,-0.3],[130.3,-0.3],[130.2,-0.3],[130.5,-0.5],[130.6,-0.7],[130.5,-0.7],[130.4,-0.7],[130.5,-0.8],[130.6,-0.9],[130.5,-0.9],[130.6,-1],[130.6,-1.1],[130.5,-1.2],[130.4,-1.2],[130.2,-1.3],[130.1,-1.3],[130.1,-1.4],[130,-1.4],[129.9,-1.3],[130.1,-1.2],[130,-1.2],[129.9,-1.3],[129.9,-1.2],[129.8,-1.2],[129.8,-1.3],[129.9,-1.3],[129.8,-1.3],[129.7,-1.3],[129.6,-1.2],[129.4,-1.2],[129.4,-1.1],[129.3,-1.1],[129.3,-1],[129.2,-1],[129.2,-0.9],[129.1,-0.9],[129.1,-0.8],[129.1,-0.7],[129,-0.7],[129,-0.6],[128.9,-0.6],[128.9,-0.5],[128.8,-0.5],[128.8,-0.4],[128.7,-0.3],[128.7,-0.2],[128.7,-0.1],[128.7,0],[128.7,0.1],[128.7,0.2],[128.8,0.2],[128.8,0.3],[128.9,0.3],[129,0.3],[129.1,0.3],[129.2,0.3],[129.3,0.3],[129.4,0.4],[129.5,0.4],[129.6,0.3],[129.8,0.3],[130,0.2],[130.2,0.1]]]]}},{"type":"Feature","properties":{},"geometry":{"type":"MultiPolygon","coordinates":[[[[121.6,13.3],[121.6,13.2],[121.7,13.2],[121.7,13.1],[121.8,13],[121.8,12.9],[121.9,12.9],[121.9,12.8],[122,12.7],[122,12.6],[122.1,12.6],[122.1,12.5],[122.2,12.5],[122.2,12.4],[122.3,12.3],[122.4,12.2],[122.4,12.1],[122.5,12.1],[122.5,12],[122.6,12],[122.6,11.9],[122.7,11.8],[122.7,11.7],[122.8,11.7],[122.8,11.6],[122.9,11.5],[122.9,11.4],[123,11.4],[123,11.3],[123.1,11.2],[123.2,11.1],[123.3,11],[123.4,10.9],[123.5,10.9],[123.5,10.8],[123.6,10.7],[123.6,10.6],[123.7,10.6],[123.7,10.5],[123.8,10.5],[123.8,10.4],[123.9,10.4],[123.9,10.3],[124,10.3],[124,10.2],[124.1,10.1],[124.1,10],[124.2,10],[124.3,10],[124.3,9.9],[124.4,9.9],[124.4,9.8],[124.5,9.8],[124.5,9.7],[124.6,9.7],[124.6,9.6],[124.7,9.6],[124.7,9.5],[124.8,9.5],[124.9,9.4],[125,9.4],[125,9.3],[125.1,9.3],[125.2,9.3],[125.2,9.2],[125.3,9.2],[125.3,9.1],[125.4,9.1],[125.5,9.1],[125.6,9],[125.7,9],[125.8,9],[125.9,9],[126,9],[126.1,8.9],[126.6,9],[127.3,8.9],[127.4,8.8],[127.4,8.7],[127.5,8.6],[127.6,8],[127.6,7.6],[127.9,7.5],[127.9,7.4],[127.9,6.7],[128.1,6.2],[128.5,5.4],[128.8,5.2],[128.7,5],[127.7,3.8],[127.7,3.9],[127.4,2.6],[127.5,2.2],[127.2,2.3],[126.9,2.2],[126.5,2.2],[126.4,2.1],[126.1,2],[125.6,1.9],[125.8,1.8],[125.6,1],[125.5,1],[125.4,1.1],[125.3,1.2],[125.2,1.3],[125.1,1.4],[124.9,1.4],[124.8,1.5],[124.7,1.6],[124.6,1.6],[124.5,1.7],[124.4,1.7],[124.3,1.8],[124.2,1.8],[124.1,1.8],[124,1.8],[123.9,1.8],[123.8,1.9],[123.7,1.9],[123.6,1.9],[123.5,1.9],[123.5,2],[123.4,2],[123.3,2],[123.2,2.1],[123.1,2.1],[123,2.1],[122.9,2.1],[122.8,2.1],[122.7,2.2],[122.6,2.2],[122.5,2.2],[122.4,2.2],[122.3,2.2],[122.3,2.3],[122.2,2.3],[122.1,2.4],[122,2.4],[122,2.5],[121.9,2.5],[121.8,2.5],[121.8,2.6],[121.7,2.6],[121.6,2.6],[121.5,2.6],[121.5,2.7],[121.4,2.7],[121.3,2.8],[121.3,2.9],[121.2,2.9],[121.2,3],[121.2,3.1],[121.2,3.2],[121.2,3.3],[121.1,3.3],[121.1,3.4],[121.1,3.5],[121.1,3.6],[121.1,3.7],[121.1,3.8],[121.2,3.9],[121.2,4],[121.2,4.1],[121.2,4.2],[121.2,4.3],[121.2,4.4],[121.2,4.5],[121.2,4.6],[121.2,4.7],[121.1,4.8],[121.1,4.9],[121.1,5],[121.2,5],[121.2,5.1],[121.2,5.2],[121.2,5.3],[121.2,5.4],[121.2,5.5],[121.1,5.5],[121.1,5.6],[121,5.6],[121,5.7],[120.9,5.7],[120.8,5.8],[120.7,5.8],[120.7,5.9],[120.6,5.9],[120.6,6],[120.5,6],[120,6.6],[119.6,7],[119.7,7],[119.8,7],[119.9,7.1],[120,7.1],[120.1,7.1],[120.2,7.1],[120.2,7.2],[120.3,7.2],[120.4,7.2],[120.5,7.3],[120.6,7.4],[120.7,7.5],[120.8,7.6],[120.8,7.7],[120.9,7.7],[121,7.8],[121.1,7.9],[121.2,7.9],[121.3,8],[121.4,8],[121.5,8],[121.5,8.1],[121.6,8.1],[121.7,8.1],[121.7,8.2],[121.8,8.2],[121.9,8.3],[122,8.3],[122.1,8.4],[122.2,8.5],[122.3,8.6],[122.4,8.7],[122.4,8.8],[122.5,8.8],[122.6,8.8],[122.6,8.9],[122.7,8.9],[122.7,9],[122.8,9],[122.8,9.1],[122.7,9.1],[122.7,9.2],[122.7,9.3],[122.6,9.3],[122.6,9.4],[122.6,9.5],[122.6,9.6],[122.5,9.6],[122.5,9.7],[122.5,9.8],[122.4,9.9],[122.4,10],[122.4,10.1],[122.3,10.1],[122.3,10.2],[122.3,10.3],[122.2,10.3],[122.2,10.4],[122.2,10.5],[122.1,10.5],[122.1,10.6],[122.1,10.7],[122.1,10.8],[122,10.8],[121.9,10.8],[121.9,10.9],[121.8,10.9],[121.8,11],[121.8,11.1],[121.7,11.1],[121.7,11.2],[121.7,11.3],[121.7,11.4],[121.6,11.4],[121.6,11.5],[121.5,11.5],[121.5,11.6],[121.4,11.6],[121.4,11.7],[121.4,11.8],[121.3,11.9],[121.3,12],[121.3,12.1],[121.2,12.3],[121.2,12.4],[121.1,12.4],[121.1,12.5],[121.1,12.6],[121,12.7],[121,12.8],[121,12.9],[121,13],[121,13.1],[121,13.2],[121.1,13.2],[121.2,13.2],[121.3,13.2],[121.4,13.2],[121.5,13.3],[121.6,13.3]]]]}},{"type":"Feature","properties":{},"geometry":{"type":"MultiPolygon","coordinates":[[[[130.5,-0.2],[130.4,-0.1],[130.4,0],[130.3,0],[130.3,0.1],[130.2,0.1],[130.1,0.2],[130,0.3],[129.9,0.3],[129.9,0.4],[129.8,0.4],[129.8,0.5],[129.7,0.5],[129.6,0.5],[129.6,0.6],[129.5,0.6],[129.4,0.6],[129.4,0.7],[129.3,0.7],[129.2,0.7],[129.2,0.8],[129.1,0.8],[129,0.8],[129.3,1.2],[129.6,1.7],[130,1.3],[130.4,0.8],[130.4,0.7],[130.4,0.6],[130.5,0.2],[130.8,-0.2],[130.9,-0.4],[130.6,-0.2],[130.5,-0.2]]]]}},{"type":"Feature","properties":{},"geometry":{"type":"MultiPolygon","coordinates":[[[[129.2,2.4],[129.3,2.1],[128.9,2.3],[129.2,2.4]]]]}},{"type":"Feature","properties":{},"geometry":{"type":"MultiPolygon","coordinates":[[[[129,0.8],[129.1,0.8],[129.2,0.8],[129.2,0.7],[129.3,0.7],[129.4,0.7],[129.4,0.6],[129.5,0.6],[129.6,0.6],[129.6,0.5],[129.7,0.5],[129.8,0.4],[129.9,0.4],[129.9,0.3],[130,0.3],[130,0.2],[130.1,0.2],[130,0.2],[129.8,0.3],[129.6,0.3],[129.5,0.4],[129.4,0.4],[129.3,0.3],[129.2,0.3],[129.1,0.3],[129,0.3],[128.9,0.3],[128.8,0.3],[128.8,0.2],[128.7,0.2],[128.7,0.1],[128.7,0],[128.7,-0.1],[128.7,-0.2],[128.7,-0.3],[128.8,-0.4],[128.8,-0.5],[128.9,-0.5],[128.9,-0.6],[129,-0.6],[129,-0.7],[129.1,-0.7],[129.1,-0.8],[129.1,-0.9],[129.2,-0.9],[129.2,-1],[129.3,-1],[129.3,-1.1],[129.4,-1.1],[129.4,-1.2],[129.3,-1.2],[129.2,-1.1],[129.1,-1.1],[129,-1],[128.9,-0.9],[128.8,-0.9],[128.8,-0.8],[128.9,-0.8],[129.1,-0.9],[129,-0.8],[128.9,-0.7],[128.8,-0.7],[128.8,-0.8],[128.6,-0.6],[128.5,-0.6],[128.5,-0.5],[128.5,-0.4],[128.5,-0.3],[128.4,-0.3],[128.4,-0.2],[128.4,-0.1],[128.4,0],[128.5,0],[128.5,0.1],[128.5,0.2],[128.5,0.3],[128.5,0.4],[128.6,0.4],[128.6,0.5],[128.8,0.6],[128.8,0.7],[128.9,0.6],[128.9,0.7],[128.9,0.8],[129,0.8]]]]}},{"type":"Feature","properties":{},"geometry":{"type":"MultiPolygon","coordinates":[[[[120.2,6.2],[120.5,6],[120.6,6],[120.6,5.9],[120.7,5.9],[120.7,5.8],[120.8,5.8],[120.9,5.8],[120.9,5.7],[121,5.7],[121,5.6],[121.1,5.6],[121.1,5.5],[121.2,5.5],[121.2,5.4],[121.3,5.4],[121.2,5.3],[121.2,5.2],[121.2,5.1],[121.2,5],[121.1,5],[121.1,4.9],[121.1,4.8],[121.2,4.7],[121.2,4.6],[121.2,4.5],[121.2,4.4],[121.2,4.3],[121.2,4.2],[121.2,4.1],[121.2,4],[121.2,3.9],[121.1,3.8],[121.1,3.7],[121.1,3.6],[121.1,3.5],[121.1,3.4],[121.1,3.3],[121.2,3.3],[121.2,3.2],[121.2,3.1],[121.2,3],[121.2,2.9],[121.3,2.9],[121.3,2.8],[121.4,2.8],[121.4,2.7],[121.5,2.7],[121.5,2.6],[121.6,2.6],[121.7,2.6],[121.8,2.6],[121.8,2.5],[121.9,2.5],[122,2.5],[122.1,2.4],[122.2,2.3],[122.3,2.3],[122.3,2.2],[122.4,2.2],[122.5,2.2],[122.6,2.2],[122.7,2.2],[122.8,2.1],[122.9,2.1],[123,2.1],[123.1,2.1],[123.2,2.1],[123.2,2],[123.3,2],[123.4,2],[123.5,2],[123.5,1.9],[123.6,1.9],[123.7,1.9],[123.8,1.9],[123.8,1.8],[123.9,1.8],[124,1.8],[124.1,1.8],[124.2,1.8],[124.3,1.8],[124.4,1.7],[124.5,1.7],[124.5,1.6],[124.6,1.6],[124.7,1.6],[124.8,1.5],[124.9,1.4],[125,1.4],[125.1,1.3],[125.3,1.2],[125.4,1.2],[125.4,1.1],[125.5,1.1],[125.6,1],[124.5,0.6],[124.1,0.2],[123.2,0],[122.3,0.3],[121.5,0.9],[121.2,1],[120.7,0.9],[120.6,0.9],[120.5,1],[120.3,1.4],[120.1,1.8],[120,2],[119.8,2.3],[119.5,2.7],[119.4,2.9],[119.5,3],[119.5,3.6],[119.8,4.1],[119.9,4.4],[120,4.7],[120.1,5.1],[120.2,5.3],[120.3,5.4],[120.2,5.4],[120.1,5.5],[120,5.5],[120,5.6],[119.9,5.6],[119.9,5.7],[119.8,5.7],[119.7,5.7],[119.7,5.8],[119.6,5.8],[119.5,5.8],[119.4,5.8],[119.3,5.8],[119.3,5.9],[119.2,5.9],[119.2,6],[119.1,6],[119,6],[118.9,6],[118.7,6.2],[118.4,6.2],[118,6.1],[117.3,5.7],[117.1,5.5],[116.7,5.4],[116.4,5.2],[116.1,5.2],[116,5.2],[115.5,5.1],[115.4,5.1],[115.2,5],[115.8,5.3],[116.4,5.7],[116.6,5.9],[116.5,5.9],[116.5,6],[116.4,6.2],[116.3,6.3],[116.4,6.6],[117.1,7.3],[117.6,7],[117.7,7],[117.8,7],[118.2,6.8],[118.3,6.8],[118.4,6.8],[118.5,6.8],[118.5,6.7],[118.6,6.7],[118.7,6.6],[118.9,6.6],[119,6.6],[119.1,6.6],[119.2,6.6],[119.3,6.6],[119.7,6.5],[119.9,6.4],[119.9,6.3],[120,6.3],[120.1,6.2],[120.2,6.2]]]]}},{"type":"Feature","properties":{},"geometry":{"type":"MultiPolygon","coordinates":[[[[127.5,0.1],[127.6,0.1],[127.6,0],[127.5,0.1]]]]}},{"type":"Feature","properties":{},"geometry":{"type":"MultiPolygon","coordinates":[[[[128.2,-0.5],[127.6,-0.1],[127.7,-0.2],[127.8,-0.2],[127.8,-0.3],[128,-0.3],[128,-0.4],[128.2,-0.5]]]]}},{"type":"Feature","properties":{},"geometry":{"type":"MultiPolygon","coordinates":[[[[128.5,-0.6],[128.6,-0.6],[128.8,-0.8],[128.6,-0.6],[128.3,-0.5],[128.5,-0.6]]]]}},{"type":"Feature","properties":{},"geometry":{"type":"MultiPolygon","coordinates":[[[[128.8,-0.8],[128.9,-0.9],[128.9,-1],[129,-1],[129.1,-1.1],[129.2,-1.1],[129.1,-1.1],[128.8,-0.8]]]]}},{"type":"Feature","properties":{},"geometry":{"type":"MultiPolygon","coordinates":[[[[130.5,-0.3],[130.4,-0.3],[130.3,-0.3],[130.4,-0.3],[130.5,-0.3]]]]}},{"type":"Feature","properties":{},"geometry":{"type":"MultiPolygon","coordinates":[[[[129.9,-1.3],[129.6,-1.2],[129.7,-1.3],[129.8,-1.3],[129.9,-1.3]]]]}},{"type":"Feature","properties":{},"geometry":{"type":"MultiPolygon","coordinates":[[[[130.1,-1.2],[129.9,-1.3],[129.9,-1.2],[130,-1.2],[130.1,-1.2]]]]}},{"type":"Feature","properties":{},"geometry":{"type":"MultiPolygon","coordinates":[[[[129.9,-1.4],[130,-1.3],[130,-1.4],[130.1,-1.4],[130.1,-1.3],[130.1,-1.5],[129.9,-1.4]]]]}},{"type":"Feature","properties":{},"geometry":{"type":"MultiPolygon","coordinates":[[[[130.4,-1.2],[130.3,-1.2],[130.3,-1.1],[130.4,-1.2]]]]}},{"type":"Feature","properties":{},"geometry":{"type":"MultiPolygon","coordinates":[[[[126.4,0.6],[126.4,0.5],[126.5,0.3],[126.6,0.2],[126.7,0.2],[126.4,0.5],[126.4,0.6]]]]}},{"type":"Feature","properties":{},"geometry":{"type":"MultiPolygon","coordinates":[[[[130.7,-0.7],[130.6,-0.9],[130.7,-0.6],[130.7,-0.7]]]]}},{"type":"Feature","properties":{},"geometry":{"type":"MultiPolygon","coordinates":[[[[99.7,-40.4],[100.6,-41],[100,-41.3],[98.5,-42.1],[97.3,-41.2],[98,-40.9],[99.7,-40.4]]]]}},{"type":"Feature","properties":{},"geometry":{"type":"MultiPolygon","coordinates":[[[[100.5,-41.1],[102.8,-41.3],[104.1,-40.7],[105.3,-40.3],[107.7,-40.9],[108.6,-40.2],[110.1,-40.2],[111.6,-40],[110.8,-41.5],[108.9,-42.3],[108.2,-43.1],[105.4,-44.1],[103.2,-42.9],[100.9,-42.3],[99.4,-41.7],[100.5,-41.1]]]]}},{"type":"Feature","properties":{},"geometry":{"type":"MultiPolygon","coordinates":[[[[114.6,17.7],[114.7,17.7],[114.8,17.7],[114.9,17.7],[115,17.7],[115.1,17.6],[115.2,17.6],[115.3,17.6],[115.4,17.6],[115.4,17.5],[115.5,17.5],[115.6,17.5],[115.7,17.5],[115.8,17.5],[115.8,17.4],[115.9,17.4],[116,17.4],[116.1,17.4],[116.2,17.4],[116.2,17.3],[116.3,17.3],[116.4,17.3],[116.7,17.1],[116.8,17.1],[116.8,17],[116.9,17],[117,16.9],[117.1,16.9],[117.2,16.8],[117.2,16.7],[117.3,16.7],[117.3,16.6],[117.4,16.5],[117.4,16.4],[117.5,16.4],[117.6,16.4],[117.7,16.4],[117.7,16.3],[117.8,16.3],[117.9,16.3],[118,16.3],[118.1,16.2],[118.2,16.2],[118.3,16.2],[118.3,16.1],[118.4,16.1],[118.5,16.1],[118.6,16],[118.7,16],[118.8,15.9],[118.9,15.9],[118.9,15.8],[119,15.8],[119.1,15.8],[119.1,15.7],[119.2,15.7],[119.2,15.6],[119.3,15.6],[119.3,15.5],[119.4,15.5],[119.5,15.4],[119.5,15.3],[119.6,15.3],[119.6,15.2],[119.7,15.2],[119.7,15.1],[119.8,15.1],[119.8,15],[119.9,15],[120,14.9],[120.1,14.8],[120.2,14.8],[120.2,14.7],[120.3,14.6],[120.4,14.5],[120.5,14.4],[120.6,14.4],[120.6,14.3],[120.7,14.2],[120.8,14.1],[120.9,14],[121,13.9],[121,13.8],[121.1,13.8],[121.2,13.6],[121.3,13.6],[121.3,13.5],[121.4,13.5],[121.5,13.4],[121.5,13.3],[121.6,13.3],[121.5,13.3],[121.5,13.2],[121.4,13.2],[121.3,13.2],[121.2,13.2],[121.1,13.2],[121,13.2],[121,13.1],[121,13],[121,12.9],[121,12.8],[121,12.7],[121.1,12.6],[121.1,12.5],[121.2,12.4],[121.2,12.3],[121.3,12.1],[121.3,12],[121.3,11.9],[121.4,11.8],[121.4,11.7],[121.4,11.6],[121.5,11.6],[121.5,11.5],[121.6,11.5],[121.6,11.4],[121.7,11.4],[121.7,11.3],[121.7,11.2],[121.7,11.1],[121.8,11.1],[121.8,11],[121.8,10.9],[121.9,10.9],[121.9,10.8],[122,10.8],[122.1,10.8],[122.1,10.7],[122.1,10.6],[122.1,10.5],[122.2,10.5],[122.2,10.4],[122.2,10.3],[122.3,10.3],[122.3,10.2],[122.3,10.1],[122.4,10.1],[122.4,10],[122.4,9.9],[122.5,9.8],[122.5,9.7],[122.5,9.6],[122.6,9.6],[122.6,9.5],[122.6,9.4],[122.6,9.3],[122.7,9.3],[122.7,9.2],[122.7,9.1],[122.8,9.1],[122.8,9],[122.7,9],[122.7,8.9],[122.6,8.9],[122.5,8.8],[122.4,8.7],[122.3,8.7],[122.3,8.6],[122.2,8.5],[122.1,8.4],[122,8.3],[121.9,8.3],[121.8,8.2],[121.7,8.2],[121.7,8.1],[121.6,8.1],[121.5,8.1],[121.5,8],[121.4,8],[121.3,8],[121.2,7.9],[121.1,7.9],[121,7.8],[120.9,7.8],[120.9,7.7],[120.8,7.7],[120.8,7.6],[120.7,7.5],[120.6,7.4],[120.6,7.3],[120.5,7.3],[120.4,7.3],[120.3,7.2],[120.2,7.2],[120.2,7.1],[120.1,7.1],[120,7.1],[119.9,7.1],[119.8,7.1],[119.8,7],[119.7,7],[119.6,7],[119.5,7],[120.2,6.3],[120.1,6.2],[120,6.3],[119.9,6.3],[119.9,6.4],[119.8,6.5],[119.5,6.6],[119.3,6.6],[119.2,6.6],[119.1,6.6],[118.9,6.6],[118.8,6.6],[118.6,6.7],[118.5,6.7],[118.5,6.8],[118.4,6.8],[118.3,6.8],[118.2,6.8],[117.9,6.9],[117.7,7],[117.6,7],[117.5,7.1],[116.6,6.9],[116.3,6.3],[116.3,6.2],[116.4,6.2],[116.4,6],[116.5,5.9],[116.6,5.9],[116.5,5.8],[116,5.4],[115.4,5.1],[114.9,5],[114.8,5],[114.5,5],[114.4,5],[113.9,4.8],[113.5,4.7],[113.1,4.6],[112.9,4.5],[112.5,4.4],[112,4.2],[111.5,4.1],[111.3,3.9],[111,3.6],[111,3.8],[111.4,4.1],[111.6,4.5],[111.9,5],[111.9,5.5],[111.9,5.6],[111.9,5.7],[111.9,5.8],[111.9,5.9],[111.9,6],[111.8,6.1],[111.8,6.2],[111.8,6.3],[111.8,6.4],[111.8,6.5],[111.8,6.6],[111.9,6.6],[111.9,6.7],[111.9,6.8],[111.9,6.9],[112,6.9],[111.9,6.9],[111.9,7],[111.8,7],[111.8,7.1],[111.7,7.1],[111.7,7.2],[111.6,7.2],[111.6,7.3],[111.5,7.3],[111.5,7.4],[111.5,7.5],[111.4,7.5],[111.4,7.6],[111.3,7.6],[111.2,7.7],[111.1,7.8],[111.2,7.8],[111.3,7.8],[111.3,7.9],[111.4,7.9],[111.5,7.9],[111.6,7.9],[111.7,8],[111.8,8],[111.9,8],[112,8],[112.1,8],[112.2,8],[112.2,8.1],[112.3,8.1],[112.4,8.1],[112.5,8.1],[112.6,8.1],[112.6,8.2],[112.7,8.2],[112.8,8.2],[112.8,8.3],[112.9,8.3],[113,8.3],[113.1,8.3],[113.2,8.3],[113.2,8.4],[113.3,8.4],[113.3,8.5],[113.4,8.5],[113.5,8.6],[113.6,8.7],[113.6,8.8],[113.7,8.8],[113.7,8.9],[113.8,8.9],[113.9,9],[113.9,9.1],[114,9.1],[114,9.2],[114.1,9.4],[114.1,9.6],[114.1,9.7],[114.2,9.7],[114.2,9.8],[114.2,9.9],[114.3,9.9],[114.3,10],[114.4,10],[114.4,10.1],[114.4,10.2],[114.4,10.3],[114.4,10.4],[114.4,10.5],[114.4,10.6],[114.4,10.7],[114.4,10.8],[114.4,10.9],[114.4,11],[114.5,11.1],[114.5,11.2],[114.5,11.3],[114.5,11.4],[114.5,11.5],[114.6,11.5],[114.6,11.6],[114.6,11.7],[114.6,11.8],[114.7,11.8],[114.7,11.9],[114.7,12],[114.7,12.1],[114.7,12.2],[114.7,12.3],[114.7,12.4],[114.7,12.5],[114.6,12.6],[114.6,12.7],[114.5,12.7],[114.5,12.8],[114.5,12.9],[114.5,13],[114.5,13.1],[114.6,13.1],[114.6,13.2],[114.6,13.3],[114.6,13.4],[114.6,13.5],[114.6,13.6],[114.6,13.7],[114.6,13.8],[114.6,13.9],[114.6,14.1],[114.6,14.2],[114.5,14.2],[114.5,14.3],[114.4,14.3],[114.4,14.4],[114.4,14.6],[114.3,14.8],[114.2,14.9],[114.1,15.2],[114.1,15.3],[114.1,15.4],[114.1,15.5],[114.1,15.6],[114.1,15.7],[114.2,15.7],[113.8,15.7],[113.2,15.8],[113.3,15.8],[113.3,15.9],[113.4,15.9],[113.4,16],[113.5,16],[113.5,16.1],[113.6,16.1],[113.6,16.2],[113.7,16.2],[113.7,16.3],[113.8,16.3],[113.8,16.4],[113.9,16.4],[113.9,16.5],[113.9,16.6],[113.9,16.7],[114,16.7],[114,16.8],[114,16.9],[114.1,17],[114.1,17.1],[114.2,17.2],[114.2,17.3],[114.2,17.4],[114.3,17.4],[114.3,17.5],[114.3,17.6],[114.5,17.6],[114.6,17.7]]]]}},{"type":"Feature","properties":{},"geometry":{"type":"MultiPolygon","coordinates":[[[[127.6,0.2],[127.8,0.3],[127.9,0.3],[128.1,0.4],[128.3,0.4],[128.6,0.5],[128.6,0.4],[128.5,0.4],[128.5,0.3],[128.5,0.2],[128.5,0.1],[128.5,0],[128.4,0],[128.4,-0.1],[128.4,-0.2],[128.4,-0.3],[128.5,-0.3],[128.5,-0.4],[128.5,-0.5],[128.5,-0.6],[128.3,-0.5],[128.1,-0.4],[128,-0.4],[127.9,-0.3],[127.8,-0.2],[127.7,-0.2],[127.7,-0.1],[127.6,0],[127.6,0.1],[127.5,0.1],[127.6,0.2]]]]}},{"type":"Feature","properties":{},"geometry":{"type":"MultiPolygon","coordinates":[[[[106.8,-31.5],[106.6,-32.2],[106.9,-33.1],[106.7,-33.2],[107.8,-34.3],[108.7,-34.5],[107.8,-34.8],[106,-33.2],[106.8,-31.5]]]]}},{"type":"Feature","properties":{},"geometry":{"type":"MultiPolygon","coordinates":[[[[103.7,-24.2],[104.4,-24.9],[104.8,-25.6],[103.2,-26.9],[103.7,-24.2]]]]}},{"type":"Feature","properties":{},"geometry":{"type":"MultiPolygon","coordinates":[[[[103.2,-26.9],[104.6,-28.8],[104.9,-29.3],[105.5,-31.7],[101.5,-32.2],[100.9,-31.3],[101.5,-28.7],[103.2,-26.9]]]]}},{"type":"Feature","properties":{},"geometry":{"type":"MultiPolygon","coordinates":[[[[100.8,-32.3],[103.6,-31.9],[106,-33.2],[107.8,-34.8],[110.1,-36.7],[109.3,-38.4],[107.7,-39.7],[105.5,-39.3],[104.6,-39.2],[103.8,-39.2],[103,-39.1],[102.9,-39.1],[102.4,-39],[101.7,-38.8],[101.5,-38.9],[101.3,-38.8],[101,-38.6],[100.6,-38.5],[100.3,-38.4],[99.8,-38.3],[99.6,-38.2],[99.1,-38.1],[98.8,-37.9],[98.7,-37.7],[98.6,-38],[98.3,-37.8],[98,-37.7],[97.5,-37.4],[96.8,-36.8],[96.6,-36.7],[96.5,-36.7],[96.3,-36.6],[96.8,-36.3],[99.7,-34.3],[100.8,-32.3]]]]}},{"type":"Feature","properties":{},"geometry":{"type":"MultiPolygon","coordinates":[[[[114.6,-37],[114.3,-36.9],[113.8,-36.7],[113.7,-37.3],[113.8,-38.2],[113.8,-38.6],[113.7,-38.3],[113.5,-37.2],[113.2,-36.7],[113.3,-36.4],[114.6,-37]]]]}},{"type":"Feature","properties":{},"geometry":{"type":"MultiPolygon","coordinates":[[[[81.1,15.4],[81.6,15.5],[82,14.5],[82,14.1],[81.9,14.2],[82.2,14.4],[82.2,15],[83.7,11.4],[84.2,7],[88,2],[87.9,2],[88,1.9],[88.1,1.7],[88,1.4],[88.1,1.2],[88.2,0.9],[88,-0.4],[86,-1.6],[83.4,1.5],[81.8,5.2],[82.3,9.6],[80.9,14.1],[81.1,15.4]]]]}},{"type":"Feature","properties":{},"geometry":{"type":"MultiPolygon","coordinates":[[[[79.2,8.7],[81,11.1],[80.5,8.6],[79,5.8],[77.7,3.8],[77.9,0.5],[80.2,-0.9],[82.2,-1.5],[86,-1.6],[84.6,-3.2],[81.4,-3.3],[77.8,-1.4],[77.9,-0.5],[76.5,2.5],[78,6.8],[79.2,8.7]]]]}},{"type":"Feature","properties":{},"geometry":{"type":"MultiPolygon","coordinates":[[[[66.7,15],[63.8,15.7],[63.9,16.4],[64.8,17.9],[65.9,19.3],[69,20.4],[69.5,20.2],[69.6,19.8],[69.6,19.6],[69.4,19.6],[69.4,19.9],[69.1,19.8],[68.8,19.8],[68.6,19.8],[68.1,19.9],[68.1,19.6],[67.8,19.6],[67.5,19.6],[67.3,19.4],[67.1,19.2],[66.9,19.2],[66.2,18.8],[66.4,18.2],[66.8,17.8],[66.8,17.3],[66.7,16.2],[67,15.4],[66.8,15.3],[66.5,15.5],[66.2,15.7],[66.1,15.6],[66.7,15]]]]}},{"type":"Feature","properties":{},"geometry":{"type":"MultiPolygon","coordinates":[[[[75.5,21.2],[74.8,21.1],[74.4,20.7],[74.2,20.6],[73.4,20.1],[71.9,20.4],[72.3,20.6],[72.5,20.6],[72.7,21.2],[73,21.4],[72.7,21.5],[72.2,21.6],[72.1,22.1],[71.7,22.1],[71.4,22.1],[71.1,22.1],[70.5,22.1],[70.1,21.9],[69.8,21.7],[70,22.1],[71.3,22.3],[72.7,22.3],[74,22.6],[75.2,22.6],[75.5,21.2]]]]}},{"type":"Feature","properties":{},"geometry":{"type":"MultiPolygon","coordinates":[[[[74.3,16.3],[73.9,16.5],[73.7,16.4],[73.6,16.3],[73.4,16.5],[73.1,16.5],[73,16.4],[72.9,16.4],[72.7,16.1],[72.6,16.3],[72.7,16.3],[72.3,16.2],[72.1,16.2],[72,16.4],[71.9,16.5],[72,16.5],[72.2,16.8],[71.9,16.8],[72,17],[72.2,17.2],[72.3,17.3],[72.3,17.4],[72.7,17.6],[72.8,17.8],[72.6,17.9],[72.7,18.4],[72.5,18.5],[72.4,18.6],[72.5,18.6],[72.6,18.7],[72.6,18.6],[72.7,18.6],[72.8,18.7],[73,18.6],[73.2,18.5],[73,18.6],[73.1,18.9],[73.2,19.4],[73.1,19.5],[72.6,19.8],[72.5,19.8],[72.3,19.7],[72.2,19.7],[72.2,19.8],[72,19.8],[71.9,19.9],[72.1,20],[71.8,20.3],[72,20.3],[74.5,20.3],[74.8,19.3],[74.8,17.1],[74.7,16.5],[74.3,16.3]]]]}},{"type":"Feature","properties":{},"geometry":{"type":"MultiPolygon","coordinates":[[[[57.3,21],[59,19.9],[61.2,17.4],[62,16.9],[63.1,16.1],[62.5,15.5],[60.3,17.7],[58,20.4],[55.9,21.6],[55,22],[54.3,22.4],[56.6,21.3],[57.3,21]]]]}},{"type":"Feature","properties":{},"geometry":{"type":"MultiPolygon","coordinates":[[[[81,11.1],[80.6,12.3],[81.9,12],[82,7.3],[82.7,3],[85.8,-0.5],[83.6,-1.2],[81,-1.6],[79.1,-0.4],[77.3,2.2],[78.7,4.6],[79.4,7.3],[81.8,9.9],[81,11.1]]]]}},{"type":"Feature","properties":{},"geometry":{"type":"MultiPolygon","coordinates":[[[[74.3,16.3],[74.2,16.3],[73.9,16.4],[74.3,16.3]]]]}},{"type":"Feature","properties":{},"geometry":{"type":"MultiPolygon","coordinates":[[[[72.9,16.4],[73.1,16.3],[72.9,16.2],[72.9,16.4]]]]}},{"type":"Feature","properties":{},"geometry":{"type":"MultiPolygon","coordinates":[[[[71.6,15.1],[71.5,15.4],[71.8,15.1],[71.6,15.1]]]]}},{"type":"Feature","properties":{},"geometry":{"type":"MultiPolygon","coordinates":[[[[73.9,16.2],[73.7,16],[73.8,16.2],[73.9,16.2]]]]}},{"type":"Feature","properties":{},"geometry":{"type":"MultiPolygon","coordinates":[[[[73.2,16.4],[73.3,16.3],[73.1,16.2],[73.2,16.4]]]]}},{"type":"Feature","properties":{},"geometry":{"type":"MultiPolygon","coordinates":[[[[48.1,34.1],[49.1,33.3],[49.7,32.4],[50.1,31.4],[50.4,30.3],[50.4,29.3],[50.4,28.3],[50.3,27.3],[50.2,26.5],[50,25.3],[49.7,24.2],[49.5,22.6],[49.5,21.2],[49.7,19.6],[50,17.9],[50.2,16.1],[50.2,14.5],[49.9,13.4],[49.2,12.3],[48.8,11.1],[48.6,13.3],[49,15.3],[48.1,17.2],[47.2,18.8],[47,20.9],[47.7,23.4],[48.2,25.5],[47.9,27.6],[47.4,29.2],[47.5,31.2],[48,33.7],[48.1,34.1]]]]}},{"type":"Feature","properties":{},"geometry":{"type":"MultiPolygon","coordinates":[[[[78.2,23.8],[78.3,22.9],[78.1,23],[77.9,23],[77.9,22.9],[77.6,22.8],[77.5,23],[76.8,23.4],[75.9,24],[74.6,24.2],[72.9,24.6],[71.1,25],[69.9,25.2],[66.8,26.5],[63.8,27.4],[62.7,27.5],[61.6,28.1],[59.4,28.3],[59.3,29.5],[64.2,28],[69.6,27.1],[76.1,24.7],[78.2,23.8]]]]}},{"type":"Feature","properties":{},"geometry":{"type":"MultiPolygon","coordinates":[[[[-19.5,11.5],[-21.3,14.1],[-23.8,16],[-24.6,16.4],[-25.4,16.3],[-25.1,16.6],[-25.5,16.6],[-25.1,17],[-25.2,17.3],[-24.7,17.9],[-24.8,18.1],[-24.4,18.3],[-24.2,18.3],[-22.1,17.5],[-21.2,16.5],[-21,16.5],[-19.6,14.6],[-19.4,11.5],[-19.5,11.5]]]]}},{"type":"Feature","properties":{},"geometry":{"type":"MultiPolygon","coordinates":[[[[-26.3,15.6],[-26.2,15.9],[-26,16.1],[-25.6,16.4],[-25.1,16.6],[-24.6,16.4],[-22.8,15.3],[-20.2,12.4],[-20.8,11.2],[-23.1,11.3],[-23.4,12.1],[-24,12.7],[-24.1,12.5],[-24.7,13.3],[-24.6,13.8],[-24.8,14.2],[-25,14.6],[-25.4,15.1],[-26.3,15.5],[-26.3,15.6]]]]}},{"type":"Feature","properties":{},"geometry":{"type":"MultiPolygon","coordinates":[[[[-26.3,15.6],[-26.9,15.9],[-26.4,17.2],[-25.6,18.1],[-24.5,18.6],[-23.9,18.5],[-24.3,18.3],[-24.6,18.3],[-24.7,18],[-24.8,17.8],[-25.2,17.3],[-25.2,16.7],[-25.2,16.6],[-25.1,16.6],[-25.8,16.4],[-26,16],[-26.2,15.8],[-26.3,15.6]]]]}},{"type":"Feature","properties":{},"geometry":{"type":"MultiPolygon","coordinates":[[[[-13.8,16.3],[-13.4,17.2],[-12,18.6],[-11.5,19.2],[-10.9,20.7],[-10.6,22.3],[-10.4,22.7],[-10,21.8],[-9.6,18.9],[-9.6,15],[-8.7,12.2],[-8.3,9.4],[-8.1,5.8],[-9.1,4.8],[-9.6,6.1],[-9.8,7],[-10.2,8],[-11.3,11.5],[-13.6,15.1],[-13.8,16.3]]]]}},{"type":"Feature","properties":{},"geometry":{"type":"MultiPolygon","coordinates":[[[[-15.6,8.4],[-14,7.9],[-12.9,6.4],[-12.7,4.4],[-13.3,4.1],[-15,4.2],[-15.8,5],[-15.4,6.9],[-15.6,8.4]]]]}},{"type":"Feature","properties":{},"geometry":{"type":"MultiPolygon","coordinates":[[[[-20.9,10.5],[-22.8,10],[-23,9.9],[-23.5,9.8],[-24,10.4],[-24,10.6],[-24.7,12.2],[-25,13],[-25.4,13.8],[-25.7,13.6],[-26.6,15],[-26.3,15.6],[-26.1,15.4],[-25.1,14.7],[-24.8,14.3],[-24.5,13.9],[-24.7,13.4],[-24.3,12.8],[-24,12.6],[-23.6,12.2],[-23.3,11.7],[-21.7,11.1],[-19.4,11.5],[-18.7,11.3],[-17.4,11.3],[-19.2,11.1],[-20.9,10.5]]]]}},{"type":"Feature","properties":{},"geometry":{"type":"MultiPolygon","coordinates":[[[[-73.6,7],[-73.4,6.8],[-73.2,6.5],[-73.9,6.4],[-74.1,6.3],[-73.8,6.3],[-73,6.5],[-72.8,6.1],[-72.7,5.6],[-73.8,5.6],[-73.9,5.2],[-73.4,5.4],[-73.2,4.7],[-72.5,5.4],[-72.5,4.6],[-72.1,4.8],[-71.7,5],[-71.7,5.3],[-71,5.3],[-71.1,4.4],[-71.6,4.3],[-72,4],[-71.5,4.1],[-71.8,3.7],[-71.9,3.3],[-71.8,3.4],[-71.5,3.2],[-71.7,2.8],[-71.6,2.7],[-71.8,2.3],[-71.9,2.1],[-71.9,1.6],[-71.9,1.1],[-71.3,1.1],[-71.7,1.2],[-71.6,0.9],[-71.5,0.8],[-71.2,0.8],[-71.7,0.4],[-71.6,0.2],[-72,0.1],[-71.8,-0.1],[-72,-0.1],[-71.7,-0.3],[-71.5,-0.4],[-71.5,-0.6],[-71.4,-0.6],[-71.2,-1.4],[-71.8,-0.9],[-71.4,-1.4],[-71.9,-1.4],[-71.4,-1.8],[-71.1,-1.8],[-71.2,-2.3],[-71.7,-2.2],[-71.8,-2.4],[-71.6,-3],[-71.2,-2.7],[-71.5,-3.2],[-72.1,-2.9],[-72.3,-2.8],[-72.7,-2.7],[-72.6,-3.3],[-73.2,-3.2],[-73.1,-3.5],[-72.5,-3.7],[-73.2,-3.8],[-72.9,-3.9],[-72.6,-3.8],[-72.9,-4.3],[-72.3,-4.2],[-71.7,-4.7],[-71.6,-4.8],[-71.5,-5.1],[-71.4,-5.3],[-71.4,-5.5],[-71.4,-5.6],[-71.3,-5.8],[-71.3,-5.9],[-71.4,-6.1],[-71.9,-6.2],[-72.3,-5.3],[-72.9,-5],[-73.5,-4.7],[-73.2,-4.9],[-73.1,-5.1],[-72.6,-5.4],[-73,-5.7],[-73.5,-5.7],[-73.8,-6.2],[-72.9,-6.2],[-73.4,-6.6],[-73.5,-6.6],[-73,-6.4],[-72.4,-6.3],[-71.4,-6.5],[-71.7,-6.7],[-71.7,-6.9],[-71.9,-6.9],[-72.1,-7.1],[-72.3,-7.2],[-72.4,-7.4],[-72.6,-7.5],[-72.6,-7.7],[-72.8,-7.9],[-73.1,-8.1],[-73.4,-8.1],[-73.6,-8.1],[-73.9,-8.2],[-74.2,-8.2],[-74.4,-8.5],[-74.5,-8.5],[-74.7,-8.4],[-75,-8.3],[-75.2,-8],[-75,-8.5],[-75.2,-8.7],[-75.5,-9],[-75.7,-9.3],[-75.9,-9.5],[-75.9,-9.7],[-76.1,-9.9],[-76.2,-10.1],[-76.5,-10.1],[-76.6,-10.1],[-76.6,-10.3],[-76.8,-10.4],[-76.9,-10.4],[-77.2,-10.4],[-77.3,-10.4],[-77.4,-10.4],[-77.5,-10.3],[-77.4,-9.9],[-77.4,-10],[-77.5,-10.1],[-77.6,-10.3],[-77.7,-10.3],[-77.8,-10.6],[-77.9,-10.5],[-78,-10.5],[-78.2,-10.5],[-78.5,-10.6],[-78.5,-10.8],[-78.6,-11],[-78.9,-10.9],[-79.1,-11],[-79,-11.6],[-79.5,-11.6],[-79.1,-12],[-79.4,-12.2],[-79.3,-12.4],[-79.5,-12.3],[-79.6,-12.5],[-79.7,-12.2],[-79.8,-12.5],[-80,-12.5],[-79.8,-12.8],[-80,-12.9],[-80.3,-12.8],[-80.3,-13],[-80.4,-13],[-80.3,-13.2],[-80.2,-13.3],[-80.3,-13.4],[-80.5,-13.7],[-80.4,-13.8],[-80.7,-13.8],[-80.6,-14],[-80.6,-14.1],[-80.8,-14.3],[-80.8,-14.4],[-81.3,-14.3],[-80.9,-14.6],[-81.3,-14.6],[-81.1,-14.9],[-81.1,-15],[-81.2,-15],[-81.5,-14.9],[-81.7,-14.8],[-81.4,-15.1],[-81.4,-15.3],[-81.6,-15.3],[-81.8,-15],[-82,-15.2],[-82.2,-15.3],[-82.3,-15.1],[-82,-15.1],[-82.3,-15.1],[-82.4,-14.7],[-82.4,-14.5],[-82.3,-14.5],[-82.4,-14.4],[-82.2,-14.2],[-82.5,-14.3],[-82.6,-14.3],[-82.1,-14.1],[-82.5,-14.1],[-82.4,-13.9],[-82.6,-14],[-82.7,-14.1],[-82.8,-14.1],[-83.1,-14],[-83.2,-13.8],[-83.3,-13.6],[-83.3,-13.5],[-83.6,-13.5],[-83.4,-13.4],[-83.5,-13.3],[-83.7,-13.2],[-83.3,-13.2],[-83.8,-13.1],[-83.7,-13],[-83.6,-12.8],[-83.8,-12.8],[-83.4,-12.6],[-83.5,-12.6],[-83.8,-12.6],[-83.6,-12.5],[-83.6,-12.3],[-83.6,-12.2],[-83.7,-11.8],[-83.7,-11.7],[-83.6,-11.6],[-83.8,-11.5],[-83.8,-11.2],[-83.7,-11.1],[-83.8,-11],[-83.7,-10.8],[-83.5,-10.9],[-83.8,-10.8],[-83.9,-10.7],[-83.5,-10.6],[-83.6,-10.4],[-83.1,-10.4],[-83.7,-10.3],[-83.4,-10.3],[-83.2,-10.2],[-83,-10.2],[-83.2,-10],[-83.1,-10],[-83,-10.2],[-82.9,-10],[-83.1,-9.9],[-83,-9.4],[-83.3,-9.7],[-83.5,-9.6],[-83.3,-9.5],[-83.6,-9.6],[-83.6,-9.5],[-83.4,-9.2],[-83.4,-9.1],[-83.6,-9.1],[-83.1,-8.8],[-83.5,-8.9],[-83.6,-8.8],[-83.5,-8.6],[-83.4,-8.4],[-83,-8.6],[-83.2,-8.5],[-83.6,-8.3],[-83.6,-8.2],[-82.8,-7.9],[-82.1,-8],[-82.8,-7.9],[-83.7,-8.1],[-83.4,-8],[-83.1,-7.8],[-83.2,-7.6],[-82.8,-7.7],[-82.8,-7.5],[-83.1,-7.4],[-83.3,-7.2],[-82.5,-7.2],[-83.1,-6.9],[-82.8,-6.8],[-82.7,-6.8],[-82,-7.3],[-82,-7.1],[-81.8,-7],[-81.9,-6.8],[-82.5,-6.8],[-83,-6.9],[-82.8,-6.6],[-82.6,-6.5],[-82.3,-6.7],[-82.7,-6.3],[-82.4,-6.4],[-81.7,-7],[-81.9,-6.7],[-81.6,-6.4],[-82.3,-6.4],[-82.6,-6.1],[-82.2,-6.1],[-81.9,-6.1],[-81.6,-6.2],[-81.5,-6.3],[-81.7,-6.1],[-81.4,-5.8],[-81.3,-6],[-81.2,-6],[-81.4,-5.8],[-81.3,-5.8],[-81.4,-5.7],[-81.2,-5.5],[-81.1,-5.4],[-81,-5.1],[-81.1,-4.9],[-81.2,-4.9],[-81.9,-3.9],[-80.8,-4.7],[-81,-4.4],[-80.8,-4.5],[-80.8,-4.3],[-80.7,-4.4],[-80.9,-3.9],[-80.7,-3.9],[-81.1,-3.7],[-81,-3.5],[-80.6,-3.3],[-81.1,-3],[-81,-2.5],[-81.2,-3.1],[-81.4,-3.3],[-81.8,-3.1],[-81.6,-2.7],[-81.1,-2.5],[-81.5,-2.5],[-81.2,-2.3],[-81.3,-2.2],[-81.1,-2.2],[-81,-2.1],[-80.9,-1.9],[-81,-1.7],[-80.9,-1.4],[-80.8,-1],[-80.8,-0.9],[-80.7,-0.7],[-80.6,-0.5],[-80.7,-0.3],[-80.6,-0.3],[-80.7,0],[-80.6,0.2],[-80.6,0.8],[-80.4,1],[-80.5,1.3],[-80.7,1.7],[-80.9,2.1],[-81.1,2.3],[-81.3,2.4],[-81.6,2.4],[-81.6,2.5],[-81.9,2.7],[-82.2,2.9],[-81.8,3.1],[-82,3.6],[-82.1,3.8],[-81.9,3.9],[-81.1,3.3],[-81.2,3.7],[-80.9,3.7],[-81.2,4],[-81.3,4.2],[-81.6,4.5],[-81.6,5],[-81,5.1],[-80.6,5],[-80.4,5.1],[-80.1,4.9],[-79.5,5],[-79,5.4],[-79.3,5.5],[-78.9,6.1],[-78.6,6.2],[-78.3,6.2],[-78,6.2],[-77.5,6.5],[-77,6.6],[-76.9,6.6],[-76.8,6],[-76.4,6],[-76.2,6.5],[-75.8,5.8],[-75.3,5.9],[-75.1,6.4],[-74.9,6.1],[-75.3,6.6],[-75.3,6.9],[-75.2,6.9],[-75,6.7],[-74.7,6.3],[-74.4,6.6],[-74.4,7],[-74.1,7],[-74,6.9],[-73.6,7]]]]}},{"type":"Feature","properties":{},"geometry":{"type":"MultiPolygon","coordinates":[[[[-81.7,-4.8],[-81.6,-5.3],[-82.1,-5.1],[-82.2,-5],[-82.5,-4.8],[-82.3,-4.5],[-82,-4.2],[-81.7,-4.8]]]]}},{"type":"Feature","properties":{},"geometry":{"type":"MultiPolygon","coordinates":[[[[-72.5,-6],[-73.4,-6.2],[-73.1,-5.8],[-72.5,-5.7],[-72.5,-6]]]]}},{"type":"Feature","properties":{},"geometry":{"type":"MultiPolygon","coordinates":[[[[-71.9,-3.8],[-71.6,-4.1],[-71.6,-4.5],[-71.9,-4.3],[-72.3,-3.8],[-71.9,-3.8]]]]}},{"type":"Feature","properties":{},"geometry":{"type":"MultiPolygon","coordinates":[[[[-72.4,-3.2],[-71.9,-3.5],[-72.6,-3.2],[-72.4,-3.2]]]]}},{"type":"Feature","properties":{},"geometry":{"type":"MultiPolygon","coordinates":[[[[-71.6,-3.7],[-71.9,-3.8],[-72.4,-3.7],[-71.6,-3.7]]]]}},{"type":"Feature","properties":{},"geometry":{"type":"MultiPolygon","coordinates":[[[[-70.7,-1.2],[-70.6,-1.3],[-70.9,-1.5],[-70.9,-1.2],[-70.7,-1.2]]]]}},{"type":"Feature","properties":{},"geometry":{"type":"MultiPolygon","coordinates":[[[[-77.5,-10.4],[-77.4,-10.6],[-77.6,-10.7],[-77.5,-10.4]]]]}},{"type":"Feature","properties":{},"geometry":{"type":"MultiPolygon","coordinates":[[[[-81.2,-5],[-81.3,-5.4],[-81.3,-5.1],[-81.2,-5]]]]}},{"type":"Feature","properties":{},"geometry":{"type":"MultiPolygon","coordinates":[[[[-81.8,-15.2],[-81.5,-15.5],[-81.6,-15.5],[-81.6,-15.4],[-81.8,-15.2]]]]}},{"type":"Feature","properties":{},"geometry":{"type":"MultiPolygon","coordinates":[[[[-78.9,-11.3],[-78.9,-11.5],[-79,-11],[-78.9,-11.3]]]]}},{"type":"Feature","properties":{},"geometry":{"type":"MultiPolygon","coordinates":[[[[-80,-13],[-80.1,-13.1],[-80.2,-12.9],[-80,-13]]]]}},{"type":"Feature","properties":{},"geometry":{"type":"MultiPolygon","coordinates":[[[[-82.9,-14],[-82.9,-14.1],[-83,-14.1],[-82.9,-14]]]]}},{"type":"Feature","properties":{},"geometry":{"type":"MultiPolygon","coordinates":[[[[152.2,-44.2],[151,-42.2],[151.1,-41.8],[150.9,-40.2],[149.9,-39],[151.7,-39.5],[152.1,-41.1],[153.3,-42.6],[154.5,-42.7],[154.2,-41.9],[154.7,-41.3],[153.9,-39.9],[155.3,-40.9],[155,-41.1],[155.4,-41.5],[156.6,-42.7],[156.2,-43.5],[155.6,-44.3],[155.8,-45.5],[156.9,-46.7],[156.8,-47],[156.6,-47.8],[156.4,-48.1],[154.5,-46.2],[152.2,-44.2]]]]}},{"type":"Feature","properties":{},"geometry":{"type":"MultiPolygon","coordinates":[[[[119.8,-52.2],[120.8,-49.2],[122.8,-49.3],[126.7,-49.5],[128.7,-49.3],[128.8,-50.1],[127.8,-51.8],[128.6,-53.6],[128.5,-54.1],[125.2,-53.7],[121.8,-53.2],[120.6,-53.4],[120.3,-52.9],[121.1,-51.6],[121.6,-51.4],[121.4,-50.8],[120.7,-51.3],[119.8,-52.2]]]]}},{"type":"Feature","properties":{},"geometry":{"type":"MultiPolygon","coordinates":[[[[150.2,-52.3],[153.6,-52.6],[154.2,-53.7],[154.6,-55.8],[152.7,-56.2],[152.3,-53.3],[150.2,-52.3]]]]}},{"type":"Feature","properties":{},"geometry":{"type":"MultiPolygon","coordinates":[[[[131.4,-41.1],[131.7,-40.9],[131.8,-40.7],[131.9,-40.5],[132.3,-40.2],[132.4,-39.7],[132.9,-39.1],[133.8,-38.6],[134.3,-38.3],[134.3,-38.1],[137.5,-38.6],[138.5,-38.5],[138.8,-38.3],[141.1,-36.8],[141.5,-37],[140.6,-37.9],[137.7,-40.6],[136.5,-42],[134.3,-42.1],[132.6,-42.1],[131.1,-42],[130.4,-42.3],[129.7,-42.6],[129.2,-43],[128.7,-43.6],[128.2,-44.3],[127.5,-42.7],[131.2,-41.5],[131.4,-41.1]]]]}},{"type":"Feature","properties":{},"geometry":{"type":"MultiPolygon","coordinates":[[[[150.9,-40.2],[151.1,-41.8],[151,-42.2],[150.5,-42.7],[149.8,-43.9],[148.9,-44.6],[148.7,-43.8],[150.3,-41.8],[151,-41.6],[150.9,-40.2]]]]}},{"type":"Feature","properties":{},"geometry":{"type":"MultiPolygon","coordinates":[[[[131.7,-47.4],[132.1,-46.6],[133.9,-46.7],[135.7,-47],[137.7,-47],[140.1,-46.5],[140.9,-46.6],[142.4,-46.7],[143.5,-46.9],[144.5,-47.1],[143.5,-47.4],[141.1,-47.8],[137.4,-48.3],[135.9,-48.2],[133.4,-48.1],[132,-47.6],[131.7,-47.4]]]]}},{"type":"Feature","properties":{},"geometry":{"type":"MultiPolygon","coordinates":[[[[141.7,-37],[141.9,-36.8],[146,-36],[148.7,-37.6],[149.9,-39],[148.9,-38.5],[147.2,-38.2],[144.4,-38.3],[143.2,-38],[141.7,-37]]]]}},{"type":"Feature","properties":{},"geometry":{"type":"MultiPolygon","coordinates":[[[[133.2,-42],[136.1,-41.9],[136.9,-42.2],[138.7,-42.7],[140.2,-43.3],[141.2,-43.8],[143.1,-44.8],[144.3,-45.9],[144,-46.7],[142.7,-46.7],[141.2,-46.8],[140.3,-45.9],[139.6,-44.6],[138,-44],[136.6,-43.8],[134.9,-43.3],[133.1,-42.7],[133.2,-42]]]]}},{"type":"Feature","properties":{},"geometry":{"type":"MultiPolygon","coordinates":[[[[144.3,-46.7],[144.2,-45.7],[142.7,-44.5],[141,-43.7],[139.9,-43.1],[138.4,-42.6],[136.7,-42],[138.3,-39.7],[140.8,-37.5],[141.7,-37],[143.8,-38.3],[146.2,-38.3],[148.2,-38.4],[149.4,-38.7],[150.3,-39.5],[150.9,-41.3],[150.5,-41.7],[148.9,-43.1],[147.1,-46.1],[146,-47],[144.3,-46.7]]]]}},{"type":"Feature","properties":{},"geometry":{"type":"MultiPolygon","coordinates":[[[[145.3,-47.6],[146.7,-46.5],[147.9,-45.5],[149.5,-44.1],[150.2,-43],[150.9,-42.3],[151.6,-43.3],[153,-46],[153.9,-47.7],[153.9,-48.7],[151.2,-48.7],[148.1,-48.8],[144.3,-48.1],[141.3,-48],[141.9,-47.6],[143.9,-47.3],[145.3,-47.6]]]]}},{"type":"Feature","properties":{},"geometry":{"type":"MultiPolygon","coordinates":[[[[145,-47.4],[146.7,-46.5],[145.3,-47.6],[145,-47.4]]]]}},{"type":"Feature","properties":{},"geometry":{"type":"MultiPolygon","coordinates":[[[[133.2,-42],[131.6,-43.1],[130.3,-45.2],[130.7,-46.2],[129.9,-45.5],[129.1,-44.6],[129,-44.1],[128.7,-44.7],[128.2,-44.3],[128.7,-43.6],[129.2,-43],[129.7,-42.6],[130.4,-42.3],[131.1,-42],[132.6,-42.1],[133.2,-42]]]]}},{"type":"Feature","properties":{},"geometry":{"type":"MultiPolygon","coordinates":[[[[138.2,-53.5],[142.3,-52],[143.1,-50.2],[147.1,-50.6],[149.2,-52],[150.4,-52.3],[152.9,-54.3],[153.2,-58.2],[151.8,-59.3],[149.8,-59.9],[147.9,-60.3],[146.2,-61.5],[146,-62.4],[145.1,-63.4],[144.2,-63.6],[143.2,-66.1],[142.6,-66.1],[142.7,-66.2],[142.2,-66.9],[137.6,-66.2],[137.6,-64.5],[139.1,-60.7],[138.2,-57.6],[137.8,-54.3],[138.2,-53.5]]]]}},{"type":"Feature","properties":{},"geometry":{"type":"MultiPolygon","coordinates":[[[[119.2,-46.4],[119.1,-47.8],[118.4,-48.5],[117,-47.5],[116.6,-46.8],[119.2,-46.4]]]]}},{"type":"Feature","properties":{},"geometry":{"type":"MultiPolygon","coordinates":[[[[119.2,-46.4],[121.4,-45.8],[122.7,-46],[121.6,-46.3],[120.8,-47],[119.8,-48.4],[119,-48.3],[119.5,-46.7],[119.2,-46.4]]]]}},{"type":"Feature","properties":{},"geometry":{"type":"MultiPolygon","coordinates":[[[[121.6,-47],[123.1,-46.6],[124.5,-46.7],[128,-47.8],[131.4,-48.8],[131,-50],[129.2,-49.3],[127.8,-49.4],[124.8,-49.5],[121.4,-48.5],[121,-47.8],[121.6,-47]]]]}},{"type":"Feature","properties":{},"geometry":{"type":"MultiPolygon","coordinates":[[[[96.8,-51.5],[95.6,-51],[94.7,-50.8],[93.9,-50.1],[94.8,-49.7],[95.5,-49.7],[96.8,-49.2],[96.8,-50.1],[96.8,-51.5]]]]}},{"type":"Feature","properties":{},"geometry":{"type":"MultiPolygon","coordinates":[[[[109.3,-56.5],[115.5,-55.3],[114.8,-56],[118.2,-54.5],[119.5,-53.9],[120.6,-53.4],[121.8,-53.2],[125.2,-53.7],[128.5,-54.1],[132.8,-54.5],[129.2,-55],[124.7,-55.7],[119.3,-57.5],[117.2,-58.3],[116,-58.3],[113.2,-59.6],[112,-59],[111.8,-58.3],[109.8,-58.2],[109.6,-58.1],[109.3,-57.3],[109.9,-57.3],[109.8,-56.9],[109.5,-56.6],[109.3,-56.5]]]]}},{"type":"Feature","properties":{},"geometry":{"type":"MultiPolygon","coordinates":[[[[114.2,-68.8],[112,-67.6],[111.2,-66.3],[109.5,-64.7],[110,-62.9],[112.3,-61.4],[114.5,-58.9],[116.8,-58.3],[119.1,-57.6],[121.9,-56.4],[127,-55.1],[131.2,-54.8],[135.7,-54.3],[137.6,-54.9],[138.4,-58],[139.5,-62.1],[135.9,-64.7],[140.3,-67.3],[142.3,-68.9],[142.7,-69.9],[143.3,-70.6],[143.4,-70.7],[143.2,-71.3],[142.7,-72.2],[142.5,-72.7],[142.1,-72.5],[141.5,-72.5],[138.9,-72.9],[138.5,-72.8],[138.1,-72.7],[138.2,-73],[138.3,-73.3],[137.7,-73.2],[136.3,-73.4],[137,-73.7],[132.3,-74.4],[129.9,-74.8],[128.6,-75.4],[124.6,-75.3],[126.4,-73.9],[123.4,-71.7],[123.5,-71.3],[121.7,-70.8],[119,-70.5],[118.3,-70.4],[116.3,-70.2],[117.4,-69.8],[114.2,-68.8]]]]}},{"type":"Feature","properties":{},"geometry":{"type":"MultiPolygon","coordinates":[[[[104.6,-65],[111.4,-67.2],[114.2,-68.2],[114.9,-70.8],[117,-70.7],[117.9,-71],[120,-71.9],[121,-73],[122.4,-73.9],[123.2,-74.6],[124.6,-75.3],[120.4,-75.6],[110.5,-73.7],[104.5,-69.2],[104.6,-65]]]]}},{"type":"Feature","properties":{},"geometry":{"type":"MultiPolygon","coordinates":[[[[105,-50.8],[107.3,-51.8],[106.5,-51.7],[106.8,-52.3],[106.4,-52.6],[103.4,-55.2],[99.6,-53.9],[102.8,-52.1],[105.5,-51],[105,-50.8]]]]}},{"type":"Feature","properties":{},"geometry":{"type":"MultiPolygon","coordinates":[[[[46.2,-65.3],[60,-68.2],[74.2,-69.3],[73.1,-66.6],[64.7,-64.7],[64.3,-58.9],[60.1,-57.5],[58.9,-56.6],[68.5,-58.7],[72.4,-60.3],[74,-60.2],[73.2,-59.5],[72.6,-58.7],[72.1,-57.4],[74,-56.7],[76.3,-56.2],[79.7,-55.8],[81,-55.9],[81.1,-55.4],[81.4,-54.8],[82.4,-54.9],[83.2,-55],[85,-54.8],[85.8,-55.5],[86.3,-58.9],[90.8,-60.8],[91.7,-66.6],[97.2,-70.4],[103.7,-75.1],[99.3,-75.7],[91.7,-75.3],[92.9,-74.9],[91.2,-74.7],[90.5,-74.1],[93.8,-72.9],[83.5,-70.1],[76.8,-69.9],[70.8,-72.6],[68.4,-75.4],[58,-75.6],[63.2,-74.1],[57.6,-73],[53.3,-71.6],[49.5,-69.5],[43.6,-69.5],[35.4,-72],[35.8,-74.5],[44.7,-75.5],[34.5,-72.7],[31.9,-67.4],[43.8,-65.7],[46.2,-65.3]]]]}},{"type":"Feature","properties":{},"geometry":{"type":"MultiPolygon","coordinates":[[[[90.2,-74.1],[90.2,-75],[88.9,-75],[88.5,-74.4],[90.2,-74.1]]]]}},{"type":"Feature","properties":{},"geometry":{"type":"MultiPolygon","coordinates":[[[[60.4,-54.8],[61.4,-55.3],[62.1,-55.7],[61.4,-55.9],[60,-55.6],[60.4,-54.8]]]]}},{"type":"Feature","properties":{},"geometry":{"type":"MultiPolygon","coordinates":[[[[59.9,-54.5],[60.3,-54.9],[59.8,-54.7],[59.9,-54.5]]]]}},{"type":"Feature","properties":{},"geometry":{"type":"MultiPolygon","coordinates":[[[[61.9,-55.3],[61.2,-54.9],[61.8,-55.2],[61.9,-55.3]]]]}},{"type":"Feature","properties":{},"geometry":{"type":"MultiPolygon","coordinates":[[[[69.8,-53.2],[71.4,-52.9],[72.2,-52.9],[73.3,-53.1],[74.8,-54],[75.7,-55.7],[72.8,-56.7],[68.8,-56.6],[69.4,-54.9],[70.9,-54.6],[69.8,-53.2]]]]}},{"type":"Feature","properties":{},"geometry":{"type":"MultiPolygon","coordinates":[[[[67.3,-50.1],[68.8,-50.3],[66.9,-51.1],[66.2,-50.6],[67.3,-50.1]]]]}},{"type":"Feature","properties":{},"geometry":{"type":"MultiPolygon","coordinates":[[[[72.1,-46.8],[73.3,-47.2],[71.7,-47],[72.1,-46.8]]]]}},{"type":"Feature","properties":{},"geometry":{"type":"MultiPolygon","coordinates":[[[[75.3,-52.5],[77.5,-52.8],[81.4,-53],[80.8,-53.4],[79,-53.2],[77.9,-54],[77.4,-55.1],[76.8,-55.7],[75.7,-55.7],[74.8,-54],[73.3,-53.1],[73.7,-53],[75.2,-52.5],[75.3,-52.5]]]]}},{"type":"Feature","properties":{},"geometry":{"type":"MultiPolygon","coordinates":[[[[73.3,-49.7],[75.8,-52.2],[73.9,-52.6],[73.4,-52.6],[71.1,-51.5],[71.9,-49.9],[73.3,-49.7]]]]}},{"type":"Feature","properties":{},"geometry":{"type":"MultiPolygon","coordinates":[[[[80.9,-50.5],[82.8,-50.5],[83.2,-51.4],[82.7,-52.9],[81.9,-52.5],[81.4,-53],[77.5,-52.8],[75.3,-52.5],[75.9,-52],[76.3,-51.8],[79.7,-51],[80.9,-50.5]]]]}},{"type":"Feature","properties":{},"geometry":{"type":"MultiPolygon","coordinates":[[[[83.9,-53.7],[84.2,-54.8],[82.8,-54.8],[81.7,-54.9],[81.6,-55.3],[80.9,-55.7],[80.2,-56],[79.6,-55],[80.1,-54.5],[83.9,-53.7]]]]}},{"type":"Feature","properties":{},"geometry":{"type":"MultiPolygon","coordinates":[[[[76.6,-56],[74.6,-56.7],[72.3,-57.1],[72.2,-58.4],[73.3,-59.3],[74,-60],[72.9,-60.2],[71.8,-59.4],[69.9,-58.9],[70.2,-57.9],[69.8,-56.6],[74.1,-56.6],[76.6,-56]]]]}},{"type":"Feature","properties":{},"geometry":{"type":"MultiPolygon","coordinates":[[[[70.7,-48],[73.4,-47.1],[75.5,-45.9],[79.3,-45.7],[83.1,-45.8],[85.1,-46.7],[86.6,-48.3],[84,-48.5],[81.6,-47.5],[78.2,-47.4],[73.4,-48.9],[70.2,-49.7],[69.7,-48.4],[70.7,-48]]]]}},{"type":"Feature","properties":{},"geometry":{"type":"MultiPolygon","coordinates":[[[[85.7,-43.9],[85.9,-44.7],[87.5,-47.2],[87.8,-47.5],[87.9,-47.7],[88.1,-48.1],[85.1,-46.7],[84.6,-44.8],[85.7,-43.9]]]]}},{"type":"Feature","properties":{},"geometry":{"type":"MultiPolygon","coordinates":[[[[66,-48.9],[67.6,-49.3],[66.2,-50.6],[65,-50.2],[64.8,-49.6],[65.9,-48.9],[66,-48.9]]]]}},{"type":"Feature","properties":{},"geometry":{"type":"MultiPolygon","coordinates":[[[[76.3,-48.3],[78.9,-48.6],[75.5,-48.8],[76.3,-48.3]]]]}},{"type":"Feature","properties":{},"geometry":{"type":"MultiPolygon","coordinates":[[[[82.1,-53.2],[80.1,-54.5],[77.5,-55.5],[76.6,-55.1],[77.7,-55],[78.2,-53.8],[79.8,-53.2],[81.1,-53.3],[82.1,-53.2]]]]}},{"type":"Feature","properties":{},"geometry":{"type":"MultiPolygon","coordinates":[[[[82.4,-50],[83.9,-50],[85.4,-50.1],[86.4,-49.8],[87.5,-49.5],[88.3,-49.4],[89.9,-49.5],[87.9,-52],[82,-53],[82.3,-52.6],[82.8,-52.4],[84,-51.2],[82.4,-50]]]]}},{"type":"Feature","properties":{},"geometry":{"type":"MultiPolygon","coordinates":[[[[85.9,-47.1],[88,-48.9],[86.9,-49.2],[84.7,-49.3],[82,-47.7],[80.7,-48.4],[78.1,-48.9],[77,-47.6],[81.6,-47.4],[83.7,-48.1],[86.4,-48.8],[85.9,-47.1]]]]}},{"type":"Feature","properties":{},"geometry":{"type":"MultiPolygon","coordinates":[[[[100.9,-51.2],[99.2,-51.7],[98.7,-52],[100.4,-51.8],[101.1,-51.5],[102.2,-51],[104.3,-51.3],[101.6,-53.1],[96.7,-51.7],[100.9,-51.2]]]]}},{"type":"Feature","properties":{},"geometry":{"type":"MultiPolygon","coordinates":[[[[103,-71.5],[110.5,-73.7],[120.4,-75.6],[127.9,-75.2],[128.5,-75.6],[129.1,-76.4],[129.1,-76.5],[129.2,-76.7],[129.2,-76.8],[129.2,-76.9],[126.3,-77.7],[122,-77.8],[119.2,-77.7],[118.8,-78.1],[116.5,-77.8],[115,-77.6],[112.4,-77.3],[105.6,-76.9],[104.9,-74.4],[103,-71.5]]]]}},{"type":"Feature","properties":{},"geometry":{"type":"MultiPolygon","coordinates":[[[[40.7,-76.8],[49.1,-78.1],[55.7,-78.8],[70.5,-79.5],[70,-80.4],[64.6,-80.7],[50.1,-79.5],[44.3,-78.5],[41.6,-77.7],[40.1,-77],[40.7,-76.8]]]]}},{"type":"Feature","properties":{},"geometry":{"type":"MultiPolygon","coordinates":[[[[51.3,-78.3],[42.1,-77.2],[40.2,-76.5],[42.7,-76.9],[45.2,-77.2],[46.8,-77.3],[49.6,-77.6],[53.8,-77.9],[50.9,-78.1],[51.3,-78.3]]]]}},{"type":"Feature","properties":{},"geometry":{"type":"MultiPolygon","coordinates":[[[[37.2,-75.9],[40.1,-76.9],[41.4,-77.6],[41,-77.9],[38.4,-77.5],[36,-76.9],[35,-76.1],[36.6,-76],[37.2,-75.9]]]]}},{"type":"Feature","properties":{},"geometry":{"type":"MultiPolygon","coordinates":[[[[34.8,-76.2],[34.5,-77.1],[37.4,-77.9],[40.9,-78.8],[35.6,-78.7],[30.3,-77.9],[24.5,-76.8],[29.5,-76.6],[32.5,-76.5],[34.8,-76.2]]]]}},{"type":"Feature","properties":{},"geometry":{"type":"MultiPolygon","coordinates":[[[[42.4,-79.1],[41.8,-79.5],[37.1,-79.2],[32.1,-78.8],[35.7,-78.7],[42.4,-79.1]]]]}},{"type":"Feature","properties":{},"geometry":{"type":"MultiPolygon","coordinates":[[[[24.5,-76.8],[30.3,-77.9],[33.7,-79.9],[27.7,-78.8],[24.5,-76.8]]]]}},{"type":"Feature","properties":{},"geometry":{"type":"MultiPolygon","coordinates":[[[[43.5,-85],[41.2,-85.2],[33.1,-84.1],[27.4,-82.8],[24.2,-81.4],[25.3,-81.6],[28.5,-82.8],[35,-83.8],[43.5,-85]]]]}},{"type":"Feature","properties":{},"geometry":{"type":"MultiPolygon","coordinates":[[[[22,-78],[24.2,-79],[26.2,-80.1],[28.2,-81.5],[35.8,-82.8],[38.7,-83.7],[39.8,-84.2],[45,-84.9],[38,-84.4],[32.3,-83.4],[27.3,-82.3],[24,-80.9],[21.9,-79.6],[18.4,-78.2],[20.2,-78.4],[22,-78]]]]}},{"type":"Feature","properties":{},"geometry":{"type":"MultiPolygon","coordinates":[[[[21.9,-79.6],[23.3,-80.9],[19.8,-81.6],[18.5,-80.7],[19.1,-79.8],[21.9,-79.6]]]]}},{"type":"Feature","properties":{},"geometry":{"type":"MultiPolygon","coordinates":[[[[19.1,-79.8],[18.5,-80.7],[19.8,-81.6],[19.5,-82.2],[15.2,-81.2],[14.3,-80.5],[17.1,-80.4],[17.3,-79.8],[17.4,-79.7],[19.1,-79.8]]]]}},{"type":"Feature","properties":{},"geometry":{"type":"MultiPolygon","coordinates":[[[[13.1,-80.5],[14.1,-80.9],[15.2,-81.2],[19.5,-82.2],[24.9,-82.8],[29.8,-83.3],[30.3,-83.8],[33.5,-84.9],[39,-86],[39.1,-86.4],[22.7,-84.9],[18.9,-83.6],[14.3,-81.8],[12,-80.5],[13.1,-80.5]]]]}},{"type":"Feature","properties":{},"geometry":{"type":"MultiPolygon","coordinates":[[[[24,-80.9],[24.7,-82],[32,-83.4],[37.6,-84.8],[46.3,-85.6],[49.1,-86.2],[39,-86],[33.5,-84.9],[30.3,-83.8],[29.8,-83.3],[24.9,-82.8],[19.8,-81.6],[23.3,-80.9],[24,-80.9]]]]}},{"type":"Feature","properties":{},"geometry":{"type":"MultiPolygon","coordinates":[[[[10.1,-79.8],[14.3,-81.8],[18.9,-83.6],[22.7,-84.9],[39.1,-86.4],[17.2,-87],[14.3,-84.7],[9,-82.4],[8.4,-80],[10.1,-79.8]]]]}},{"type":"Feature","properties":{},"geometry":{"type":"MultiPolygon","coordinates":[[[[-39.3,-74.7],[-54.3,-75.8],[-65.6,-74.2],[-67.9,-75],[-71.5,-77.7],[-78.6,-79.2],[-105,-79.2],[-118.4,-77.6],[-130,-77.7],[-137.7,-77.7],[-135.2,-77.7],[-129,-77.1],[-128.5,-77.3],[-127.6,-77.2],[-125.9,-77],[-125.2,-77.2],[-123.2,-77],[-123.5,-77.2],[-123.6,-77.4],[-123,-77.3],[-122.7,-77.3],[-121.8,-77.3],[-120.6,-77.3],[-119.6,-77.3],[-118.4,-77.3],[-117.2,-77.4],[-116.2,-77.4],[-114.7,-77.1],[-114.3,-77],[-113.3,-76.8],[-111.2,-76.9],[-111.2,-76.6],[-110.4,-76.7],[-109.8,-76.6],[-109.1,-76.6],[-107.8,-76.3],[-107,-76.4],[-107,-76.5],[-106.9,-76.6],[-106.9,-76.4],[-107.1,-76.4],[-106.5,-76.2],[-105.8,-76.8],[-105.9,-76.1],[-104.5,-75.5],[-103.3,-75.7],[-103.5,-75.5],[-102.5,-75.3],[-102,-75.5],[-101.6,-75.5],[-101.9,-75.2],[-98.9,-75.3],[-99.1,-75.5],[-99.1,-76.2],[-98.9,-76.1],[-98.7,-75.6],[-96.5,-75.4],[-95.8,-75.8],[-92.7,-76],[-87.5,-76],[-78.3,-75.8],[-74.2,-75.3],[-73,-75.1],[-71.1,-74.9],[-70.2,-74.7],[-69.7,-74.1],[-65.6,-73.9],[-62.1,-74],[-58.2,-73.9],[-52.7,-73.8],[-43.1,-73.2],[-35.6,-73.5],[-28.9,-72.7],[-29.9,-73.4],[-39.3,-74.7]]]]}},{"type":"Feature","properties":{},"geometry":{"type":"MultiPolygon","coordinates":[[[[17,-79.7],[17.9,-80.3],[14.3,-80.4],[13.4,-80.8],[13.4,-80.4],[12.5,-79.7],[13.7,-79.7],[16.2,-79.7],[17,-79.7]]]]}},{"type":"Feature","properties":{},"geometry":{"type":"MultiPolygon","coordinates":[[[[24.2,-77.6],[35.8,-80.7],[40.9,-82.1],[33.5,-81.5],[28,-79.6],[25.7,-78.6],[24.2,-77.6]]]]}},{"type":"Feature","properties":{},"geometry":{"type":"MultiPolygon","coordinates":[[[[47.9,-79.1],[52,-80],[66.9,-80.5],[71.3,-79.9],[79,-79.2],[100.1,-77.6],[95.4,-79.9],[95,-81],[100,-82.1],[111.7,-83.2],[118.7,-85.1],[103,-86.9],[77.1,-87.5],[28.3,-88],[32.7,-87.3],[49.1,-86.2],[46.3,-85.6],[43.5,-85],[42.8,-84.5],[38.7,-84],[37.2,-83.2],[38.5,-82.3],[43.6,-81.9],[49.2,-81.4],[45.9,-80.4],[42.8,-79.4],[42.7,-78.9],[45,-79],[47.9,-79.1]]]]}},{"type":"Feature","properties":{},"geometry":{"type":"MultiPolygon","coordinates":[[[[171,-69.7],[168.4,-66.6],[163.1,-64.6],[159.5,-63],[160.9,-62.6],[165.4,-63.3],[170.9,-64.1],[170.7,-64.8],[170.7,-66.5],[172.7,-66.4],[172.7,-69.8],[171,-69.7]]]]}},{"type":"Feature","properties":{},"geometry":{"type":"MultiPolygon","coordinates":[[[[153.3,-76.1],[155.9,-74.9],[160.7,-73.5],[168.3,-71.1],[166.7,-73.5],[156.3,-78.7],[152.6,-77.1],[153.3,-76.1]]]]}},{"type":"Feature","properties":{},"geometry":{"type":"MultiPolygon","coordinates":[[[[160.4,-61.9],[165.2,-62.5],[168.3,-63.8],[163.3,-63.4],[160.4,-61.9]]]]}},{"type":"Feature","properties":{},"geometry":{"type":"MultiPolygon","coordinates":[[[[173.9,-62.3],[170.2,-62.6],[166.5,-61.6],[162.4,-60.8],[164.7,-59.5],[167,-57.8],[169.2,-55.6],[170.3,-53.1],[172.8,-53.2],[172.3,-55.1],[172.7,-57.5],[172.2,-59.7],[173.8,-61.4],[173.9,-62.3]]]]}},{"type":"Feature","properties":{},"geometry":{"type":"MultiPolygon","coordinates":[[[[149.9,-80.6],[161.2,-80.1],[159.2,-80.3],[157.9,-80.4],[154.6,-80.7],[149.9,-80.6]]]]}},{"type":"Feature","properties":{},"geometry":{"type":"MultiPolygon","coordinates":[[[[127.1,-76.6],[143,-76.6],[152.9,-76.5],[154.3,-78.4],[145.7,-80.3],[140.5,-79.6],[138.5,-79.1],[135.5,-78.6],[131.1,-78.3],[127.4,-78],[127.1,-77.4],[127,-76.9],[127.1,-76.6]]]]}},{"type":"Feature","properties":{},"geometry":{"type":"MultiPolygon","coordinates":[[[[180,-45.2],[178,-46.6],[173.1,-42.1],[176.5,-42.7],[180,-45.2]]]]}},{"type":"Feature","properties":{},"geometry":{"type":"MultiPolygon","coordinates":[[[[-180,-48.5],[-176.6,-47.5],[-178,-50.1],[-180,-48.5]]]]}},{"type":"Feature","properties":{},"geometry":{"type":"MultiPolygon","coordinates":[[[[172.8,-41.6],[169.6,-38.3],[172,-39.4],[172.8,-41.6]]]]}},{"type":"Feature","properties":{},"geometry":{"type":"MultiPolygon","coordinates":[[[[-108.5,2],[-108.8,2.2],[-110.9,2.6],[-112.8,3.8],[-113.4,4.2],[-112.7,4.5],[-111.7,3.9],[-110.5,3.1],[-109.2,2.7],[-108.8,2.6],[-108.5,2.4],[-108.5,2]]]]}},{"type":"Feature","properties":{},"geometry":{"type":"MultiPolygon","coordinates":[[[[-88.9,-3.7],[-89,-4.1],[-89.6,-4],[-90.2,-3.7],[-90.5,-3.6],[-90.4,-3.5],[-90.1,-2.8],[-89.4,-3],[-89.1,-3.5],[-88.9,-3.7]]]]}},{"type":"Feature","properties":{},"geometry":{"type":"MultiPolygon","coordinates":[[[[-91.1,-2.8],[-91.1,-2.5],[-90.5,-2.5],[-91.1,-2.8]]]]}},{"type":"Feature","properties":{},"geometry":{"type":"MultiPolygon","coordinates":[[[[-88.8,-2.3],[-89,-2.2],[-89,-1.9],[-88.8,-2.3]]]]}},{"type":"Feature","properties":{},"geometry":{"type":"MultiPolygon","coordinates":[[[[-87.4,-6.2],[-87.7,-6.5],[-87.9,-6.9],[-88.3,-6.9],[-88.1,-6.1],[-88,-5.7],[-87.8,-5.9],[-87.6,-6.2],[-87.4,-6.2]]]]}},{"type":"Feature","properties":{},"geometry":{"type":"MultiPolygon","coordinates":[[[[-88.1,-7.1],[-88.2,-7.3],[-88.5,-7.6],[-88.3,-7.8],[-88.5,-7.9],[-88.7,-8],[-88.9,-8],[-88.9,-8.2],[-88.4,-8.1],[-88.7,-8.9],[-88.9,-10.7],[-89,-12.4],[-89.2,-12.4],[-89.2,-12.3],[-89.1,-12.1],[-89.2,-12.2],[-89.3,-12.5],[-89.4,-12.6],[-89.5,-12.9],[-89.5,-12.8],[-89.4,-13.2],[-89.6,-12.9],[-89.6,-11.5],[-89.7,-10.6],[-89.4,-9.4],[-89.3,-8.5],[-88.9,-7.7],[-88.3,-6.9],[-88.1,-7.1]]]]}},{"type":"Feature","properties":{},"geometry":{"type":"MultiPolygon","coordinates":[[[[-84.9,-19.5],[-85.5,-19.7],[-85.3,-19.8],[-85.4,-20],[-87.1,-20.6],[-86.8,-20.2],[-86,-19.6],[-85.5,-19.4],[-85.3,-19.3],[-85,-19.5],[-84.9,-19.5]]]]}},{"type":"Feature","properties":{},"geometry":{"type":"MultiPolygon","coordinates":[[[[-86.5,-17.6],[-86.6,-17.7],[-86.8,-17.7],[-87.2,-18],[-87.6,-18.2],[-88.2,-18],[-88.3,-17.9],[-88.9,-17.8],[-89.3,-17.4],[-90.3,-16.9],[-91.5,-16.4],[-91.5,-16.3],[-91.1,-16.3],[-91.1,-16.5],[-90.9,-16.4],[-90.9,-16.1],[-90.5,-16.2],[-90.5,-16],[-90.8,-16],[-90.8,-15.3],[-90,-15.1],[-89.5,-15.1],[-89.5,-15.2],[-89.5,-15.7],[-89.2,-16.1],[-89,-16.5],[-88.8,-16.5],[-88.9,-16.4],[-88.3,-16.1],[-86.8,-16.8],[-86.5,-17.6]]]]}},{"type":"Feature","properties":{},"geometry":{"type":"MultiPolygon","coordinates":[[[[-85.9,-19.5],[-87.2,-20.5],[-88.2,-20.6],[-87.6,-20.1],[-87.7,-20],[-87.1,-19.7],[-87,-19.8],[-86.8,-19.6],[-86.7,-19.5],[-86.7,-19.4],[-86.5,-19],[-85.9,-18.4],[-85.5,-18.2],[-84.9,-17.9],[-84.5,-18.1],[-84.4,-18.1],[-84.8,-18.1],[-85.1,-18.7],[-85.3,-18.8],[-85.6,-19.1],[-85.8,-19.4],[-85.9,-19.5]]]]}},{"type":"Feature","properties":{},"geometry":{"type":"MultiPolygon","coordinates":[[[[-89.4,-18.7],[-90.3,-17.7],[-89.4,-18.3],[-89.4,-18.7]]]]}},{"type":"Feature","properties":{},"geometry":{"type":"MultiPolygon","coordinates":[[[[-91,-17.9],[-91.1,-18.1],[-91.2,-18.6],[-91.6,-18.4],[-92.2,-18],[-92.7,-17.9],[-93.3,-17.9],[-93.8,-17.9],[-94.6,-18.3],[-95.5,-18.6],[-96.2,-19],[-96.8,-18.8],[-97.5,-19],[-98.3,-19.2],[-98.5,-19.3],[-98.7,-19.4],[-99.6,-20.2],[-101.1,-20],[-104.9,-19.4],[-108.3,-19.3],[-107.3,-18.8],[-104.3,-18.2],[-102.6,-17.6],[-101.9,-17.9],[-100.9,-17.7],[-101,-17.5],[-100.4,-17.5],[-101.4,-17.2],[-101.3,-17.2],[-100.5,-16.9],[-100,-16.5],[-99.3,-16.4],[-98.8,-16.5],[-98.1,-16.1],[-97.7,-16.4],[-97.7,-16.8],[-97.2,-17],[-96.7,-17.3],[-96.3,-17.4],[-94.9,-17.2],[-95.3,-17.4],[-95.9,-17.5],[-96.2,-17.6],[-93.9,-17.2],[-91.2,-17.7],[-91,-17.9]]]]}},{"type":"Feature","properties":{},"geometry":{"type":"MultiPolygon","coordinates":[[[[-101.6,-17.2],[-101.5,-17.2],[-101.6,-17.4],[-101.6,-17.2]]]]}},{"type":"Feature","properties":{},"geometry":{"type":"MultiPolygon","coordinates":[[[[-92.5,9.2],[-94.5,9],[-95.7,8.4],[-97.7,8.3],[-98.2,8.7],[-98.3,9.3],[-95.1,11.4],[-93.9,11.5],[-93.6,11.1],[-93.6,10.9],[-93.9,10.4],[-93.8,10.2],[-94.1,10.3],[-94.3,9.9],[-94.1,10],[-94.1,9.8],[-94,9.9],[-93.9,9.9],[-93.7,10.1],[-93.1,10.4],[-92.9,10.1],[-92.7,10],[-92.6,10],[-92.5,10.2],[-92.7,10.1],[-92.8,10.3],[-93,10.4],[-93,10.8],[-92,10.3],[-92.4,9.8],[-92.3,9.6],[-92.5,9.2]]]]}},{"type":"Feature","properties":{},"geometry":{"type":"MultiPolygon","coordinates":[[[[-98.4,8.8],[-98.6,9.1],[-98.4,9.2],[-98.3,9.2],[-98.4,8.8]]]]}},{"type":"Feature","properties":{},"geometry":{"type":"MultiPolygon","coordinates":[[[[-110.7,3.2],[-111.7,3.9],[-113.1,4.7],[-112.3,5.6],[-111.7,6.3],[-111.1,6.3],[-110.1,5.1],[-110.2,3.4],[-110.7,3.2]]]]}},{"type":"Feature","properties":{},"geometry":{"type":"MultiPolygon","coordinates":[[[[-110.1,3],[-110.6,3.2],[-109.9,4.1],[-110.6,5.7],[-111.6,6.3],[-111.3,6.8],[-110.5,6],[-109.7,4.8],[-109.7,3.8],[-110.1,3]]]]}},{"type":"Feature","properties":{},"geometry":{"type":"MultiPolygon","coordinates":[[[[-92,-16.4],[-93.1,-16.7],[-93.3,-16.6],[-93.5,-16.7],[-94,-16.8],[-94.5,-17],[-94.6,-17.1],[-96.1,-17.4],[-96.5,-17.3],[-97.1,-17.2],[-96.5,-16.1],[-96.1,-15.3],[-95.4,-14.9],[-94.6,-13.6],[-93.9,-14.8],[-93.9,-15.3],[-93.1,-15.4],[-92.2,-15.5],[-92,-16.4]]]]}},{"type":"Feature","properties":{},"geometry":{"type":"MultiPolygon","coordinates":[[[[-96.6,16],[-96.9,16.3],[-96.8,16.1],[-96.9,15.5],[-96.7,14.8],[-96.9,15.3],[-97.5,15.2],[-97.9,14.9],[-99.3,14],[-99.5,14.2],[-100,14.2],[-100.6,14.3],[-101.2,13.6],[-101.8,13.5],[-102.4,13.4],[-103.9,13.2],[-105.2,12.4],[-105.6,12.6],[-107,12.9],[-106.8,13.4],[-106.4,13.6],[-105,14],[-104,14],[-102.5,13.9],[-101.7,14.1],[-101.2,14.3],[-101.6,14.7],[-100.9,14.6],[-99.8,14.8],[-98.9,15.2],[-98.3,15.7],[-98.7,15.4],[-99.9,15],[-100.5,15.1],[-99.6,15.2],[-98.7,15.6],[-98.4,16.1],[-97.6,16.3],[-97.1,18.5],[-94.4,20.1],[-96,18.6],[-96.6,16.7],[-96.6,16.4],[-96.6,16]]]]}},{"type":"Feature","properties":{},"geometry":{"type":"MultiPolygon","coordinates":[[[[-87.5,8.3],[-88.1,8.2],[-88.5,8.5],[-88.2,8.3],[-87.9,8.5],[-87.6,8.5],[-87.5,8.3]]]]}},{"type":"Feature","properties":{},"geometry":{"type":"MultiPolygon","coordinates":[[[[-92.5,8.7],[-93.6,8.5],[-95.2,8.1],[-96.7,7.6],[-97.2,7.9],[-95.7,8.4],[-94.5,9],[-92.5,9.2],[-92.5,8.7]]]]}},{"type":"Feature","properties":{},"geometry":{"type":"MultiPolygon","coordinates":[[[[-90.5,9.4],[-90.1,9.5],[-90.2,9.3],[-90.5,8.9],[-90.6,9.3],[-90.5,9.4]]]]}},{"type":"Feature","properties":{},"geometry":{"type":"MultiPolygon","coordinates":[[[[-91.7,9.3],[-91.5,9.3],[-91,9.3],[-91.1,9.1],[-91.1,8.9],[-91.5,9.1],[-91.7,9.3]]]]}},{"type":"Feature","properties":{},"geometry":{"type":"MultiPolygon","coordinates":[[[[-88.3,9.9],[-86.7,10.5],[-86.3,10.3],[-86.5,9.9],[-86.7,9.8],[-87.1,9.9],[-87.3,9.4],[-87.5,9.1],[-87.8,8.9],[-88.2,9],[-88.3,9.3],[-88.7,9.2],[-88.3,9.9]]]]}},{"type":"Feature","properties":{},"geometry":{"type":"MultiPolygon","coordinates":[[[[-86,9.4],[-86.7,8.8],[-87.3,8.4],[-87.5,8.6],[-87.1,8.8],[-86.2,9.7],[-86,9.4]]]]}},{"type":"Feature","properties":{},"geometry":{"type":"MultiPolygon","coordinates":[[[[-93.2,18.1],[-94.1,17.6],[-94.4,15],[-94.5,13.4],[-95.2,13],[-96.7,12.8],[-98.1,12.5],[-99.1,11.9],[-99.4,11.7],[-100.5,11.3],[-100.8,11.3],[-101,11.6],[-101.1,11.5],[-102.3,11.2],[-104,12],[-104.2,13],[-103.1,13.3],[-102,13.4],[-101.3,13.5],[-100.7,14],[-100.2,14.3],[-99.4,14.4],[-99.4,14],[-97.9,14.9],[-97.1,14.4],[-97.8,14.5],[-97.1,14],[-96.8,14.1],[-96.7,13.3],[-96.6,13.6],[-96.2,13.4],[-96,13.6],[-96,13.7],[-96.2,14.2],[-96,14.5],[-95.6,14.4],[-96.3,15.3],[-96.4,15.6],[-96.6,16],[-96.6,16.4],[-96.6,16.9],[-95.5,19.1],[-93.9,19.2],[-93.5,18.7],[-93.1,18.2],[-93.4,18.2],[-93.2,18.1]]]]}},{"type":"Feature","properties":{},"geometry":{"type":"MultiPolygon","coordinates":[[[[-93.9,1.9],[-94.3,2.3],[-94.4,1.9],[-94.6,2.1],[-94.7,2],[-94.8,2.1],[-95,2.1],[-95.2,2],[-95.3,2],[-95.4,2.1],[-95.8,2],[-96,1.9],[-96.1,1.8],[-96.8,2.3],[-100.1,5.7],[-99.3,5.2],[-98.5,5.1],[-96.9,4.9],[-96.1,3.9],[-94.5,2.8],[-93.9,1.9]]]]}},{"type":"Feature","properties":{},"geometry":{"type":"MultiPolygon","coordinates":[[[[-102.7,3.3],[-102.6,3.2],[-102.6,3.1],[-102.9,2.9],[-103,2.7],[-103.7,2.7],[-104.1,2.5],[-104.3,3.4],[-105.4,3.7],[-105.3,3.8],[-104.3,4],[-103.8,3.9],[-103.9,3.6],[-103.7,3.5],[-102.9,3.3],[-102.8,3.3],[-102.7,3.3]]]]}},{"type":"Feature","properties":{},"geometry":{"type":"MultiPolygon","coordinates":[[[[-107.9,9],[-108.2,11.5],[-105.3,12.1],[-103.1,11.5],[-103.8,11.2],[-106.9,9.9],[-107.9,9]]]]}},{"type":"Feature","properties":{},"geometry":{"type":"MultiPolygon","coordinates":[[[[-88.2,-5.3],[-88.7,-5],[-89.6,-4.3],[-90.3,-4],[-90.9,-4.1],[-90.8,-4.1],[-91,-3.9],[-90.4,-3.7],[-89.9,-4],[-89.2,-4.3],[-89.2,-3.7],[-88.8,-3.8],[-88.3,-4],[-88.2,-4.6],[-88.1,-5],[-88,-5.2],[-88.2,-5.2],[-88.2,-5.3]]]]}},{"type":"Feature","properties":{},"geometry":{"type":"MultiPolygon","coordinates":[[[[-98.9,0.4],[-100.2,1.5],[-100.7,1.4],[-101.3,2.3],[-101.8,2.6],[-101.6,2.8],[-101.8,3],[-102,3.1],[-101.5,3.3],[-100.6,3],[-99.8,1.6],[-99,0.6],[-98.9,0.4]]]]}},{"type":"Feature","properties":{},"geometry":{"type":"MultiPolygon","coordinates":[[[[-102,3.2],[-102.2,3.5],[-102.7,3.6],[-103.6,3.8],[-104.2,4],[-105.1,3.9],[-107,3.2],[-107.9,2.7],[-108.5,1],[-109.7,-0.2],[-110,-0.2],[-108.9,1.2],[-108.5,2],[-108.3,2.8],[-107.7,3.3],[-106,3.7],[-104.5,4.3],[-103.5,4.3],[-101.8,3.6],[-101.9,3.4],[-102,3.2]]]]}},{"type":"Feature","properties":{},"geometry":{"type":"MultiPolygon","coordinates":[[[[-98.2,-0.5],[-99.8,0],[-100.9,0.3],[-101.4,0.9],[-101.7,1.3],[-101.9,1.9],[-101.7,2.2],[-102.1,2.8],[-102.2,3],[-102,3.1],[-101.8,3],[-101.6,2.8],[-101.8,2.6],[-101.3,2.3],[-100.7,1.4],[-100.2,1.5],[-98.9,0.4],[-98.2,-0.2],[-98.2,-0.5]]]]}},{"type":"Feature","properties":{},"geometry":{"type":"MultiPolygon","coordinates":[[[[-102.4,3.2],[-102.5,3.3],[-102.1,3.2],[-102.4,3.2]]]]}},{"type":"Feature","properties":{},"geometry":{"type":"MultiPolygon","coordinates":[[[[-102.6,3.3],[-103.8,3.7],[-103.9,3.8],[-103.6,3.8],[-102.7,3.6],[-102.2,3.5],[-102.6,3.4],[-102.6,3.3]]]]}},{"type":"Feature","properties":{},"geometry":{"type":"MultiPolygon","coordinates":[[[[-101.9,8],[-102.3,8.2],[-102.6,8],[-102.4,7.9],[-101.9,7.6],[-102.8,6],[-103.3,5.9],[-103.9,6.1],[-105,6.7],[-105.6,7],[-106.5,7.3],[-106.7,7.7],[-105.6,8.9],[-103.7,9.9],[-101.8,10],[-99.9,9.6],[-99.4,9.6],[-98.4,8.8],[-97.6,8.2],[-99,8.8],[-99.6,9],[-100.8,8.7],[-101.9,8]]]]}},{"type":"Feature","properties":{},"geometry":{"type":"MultiPolygon","coordinates":[[[[-106.8,7.6],[-108.5,7.9],[-109.9,7.9],[-109.2,9.1],[-107.9,9],[-106.6,8],[-106.8,7.6]]]]}},{"type":"Feature","properties":{},"geometry":{"type":"MultiPolygon","coordinates":[[[[-96.4,1.8],[-97.3,1.5],[-97.8,1.1],[-98,0.8],[-98,0.5],[-97.7,0.1],[-98.3,-0.2],[-99,0.6],[-99.8,1.6],[-100.6,3],[-100.9,3.3],[-100.9,3.4],[-100.8,3.6],[-101.3,3.6],[-101.8,3.6],[-103.5,4.3],[-104.5,4.3],[-104.3,4.7],[-104.1,5.8],[-103.7,6.1],[-103,6],[-100.8,5.7],[-100.2,5.6],[-96.5,2],[-96.4,1.8]]]]}},{"type":"Feature","properties":{},"geometry":{"type":"MultiPolygon","coordinates":[[[[-104.8,-14.9],[-107.7,-14.7],[-105,-13.1],[-104.1,-12.8],[-104.2,-13.4],[-105,-14],[-105.2,-14.3],[-104.6,-14.5],[-104.8,-14.9]]]]}},{"type":"Feature","properties":{},"geometry":{"type":"MultiPolygon","coordinates":[[[[-106.5,13.7],[-105.7,14.2],[-104.5,15.1],[-103.6,15.8],[-103.1,15.7],[-102.2,15.7],[-101.1,15.9],[-100,16.4],[-99.3,17.2],[-98.8,17.9],[-98.7,18.6],[-98.6,19.3],[-97.4,20],[-96.6,20.4],[-95.8,20.6],[-95,20.5],[-95,20.1],[-97.4,17.8],[-97.8,16.1],[-98.6,16],[-98.8,15.6],[-99.9,15.1],[-100.5,15],[-99.6,15.1],[-98.6,15.4],[-98.3,15.7],[-99.3,15.1],[-100,14.8],[-101.2,14.6],[-101.7,14.6],[-101.2,14.3],[-101.8,14.1],[-102.7,13.8],[-104.1,13.9],[-105.4,13.6],[-106.5,13.7]]]]}},{"type":"Feature","properties":{},"geometry":{"type":"MultiPolygon","coordinates":[[[[-103.6,2.5],[-103.7,2.3],[-103.8,2.3],[-104.1,2.5],[-103.6,2.6],[-103.6,2.5]]]]}},{"type":"Feature","properties":{},"geometry":{"type":"MultiPolygon","coordinates":[[[[-104.1,2.5],[-106.1,1.3],[-107.6,0.5],[-108.2,-0.3],[-108.6,-0.5],[-109.7,-1.4],[-111.8,-2.5],[-112,-1.3],[-109.9,-0.3],[-108.8,0.5],[-108,2.5],[-107.2,3.1],[-105.7,3.7],[-104.9,3.6],[-104,2.7],[-104.1,2.5]]]]}},{"type":"Feature","properties":{},"geometry":{"type":"MultiPolygon","coordinates":[[[[-86.2,-17.7],[-86.3,-17.7],[-86.3,-17.6],[-86.6,-17.3],[-87.2,-16.6],[-88.5,-15.9],[-88.9,-16.5],[-88.8,-16.5],[-89,-16.3],[-89.3,-16.3],[-89.6,-15.4],[-89.4,-15.2],[-89.6,-15.1],[-90.6,-15.4],[-91.4,-15.6],[-90.7,-16],[-90.4,-16],[-90.5,-16.1],[-90.9,-16.2],[-90.9,-16.4],[-91.2,-16.4],[-91.1,-16.1],[-91.6,-16.3],[-91.8,-16.4],[-92,-16.2],[-92.4,-15.6],[-93.2,-15.4],[-93.9,-15.3],[-94,-13.5],[-93.5,-13.4],[-92.9,-13.5],[-91.9,-13.6],[-91.3,-13.7],[-90.6,-13.8],[-90.3,-13.6],[-89.8,-13.2],[-89.2,-13.6],[-89.4,-13.7],[-89.2,-13.8],[-88.9,-14],[-87.7,-14.5],[-87.4,-14.6],[-86.5,-14.8],[-85,-14.9],[-85.1,-14.9],[-85.5,-15],[-86.1,-15],[-86.4,-15.3],[-86.6,-15.3],[-86.3,-15.2],[-85.5,-15.1],[-84.6,-15.1],[-84.6,-15.5],[-84.8,-15.7],[-84.3,-15.7],[-84.4,-15.8],[-84.1,-16.1],[-84,-16.3],[-84,-16.5],[-84.1,-16.6],[-84.4,-16.7],[-84.2,-16.9],[-84.4,-16.9],[-84.2,-17.2],[-84.3,-17.3],[-84.3,-17.5],[-84.5,-17.6],[-85.1,-17.7],[-85.5,-17.8],[-85.9,-17.7],[-86.1,-17.6],[-86.2,-17.7]]]]}},{"type":"Feature","properties":{},"geometry":{"type":"MultiPolygon","coordinates":[[[[-123.5,-14.1],[-124.2,-13.4],[-124.3,-13.2],[-125,-12.3],[-125.1,-11.7],[-125.1,-10.7],[-125.2,-10.6],[-125.3,-10.4],[-125.4,-9.3],[-125.2,-9.3],[-125,-9.8],[-124.3,-9.9],[-123.8,-10.6],[-123.4,-11.5],[-123,-12.7],[-123.5,-14.1]]]]}},{"type":"Feature","properties":{},"geometry":{"type":"MultiPolygon","coordinates":[[[[-112.3,-3],[-112.4,-4],[-112.8,-6.4],[-113.2,-5],[-114.3,-3.6],[-115.9,-2.9],[-114,-2.5],[-112,-1.3],[-112.3,-3]]]]}},{"type":"Feature","properties":{},"geometry":{"type":"MultiPolygon","coordinates":[[[[-104,-8.5],[-103.6,-8.5],[-103.7,-8.6],[-104,-8.5]]]]}},{"type":"Feature","properties":{},"geometry":{"type":"MultiPolygon","coordinates":[[[[-104.8,-8.3],[-106.8,-7.9],[-106.3,-8.5],[-105,-9.3],[-106,-9.2],[-107,-8.3],[-107.3,-8.4],[-109.1,-8.7],[-109.4,-9],[-110.3,-9.4],[-111.6,-9.6],[-112.6,-9.4],[-114,-8.7],[-115.3,-9.2],[-116.1,-9.1],[-115.1,-8.9],[-114,-8.7],[-113.1,-8.6],[-110.9,-9.1],[-109.7,-8.7],[-109.3,-8.1],[-108.9,-7.9],[-107.9,-7.8],[-107.2,-7.8],[-106.2,-7.2],[-105.6,-7.4],[-104.8,-8.3]]]]}},{"type":"Feature","properties":{},"geometry":{"type":"MultiPolygon","coordinates":[[[[-103.6,-12.3],[-104.2,-12.2],[-104.8,-11.4],[-104.8,-11.2],[-104.7,-10.8],[-103.9,-11.6],[-103.6,-12.2],[-103.6,-12.3]]]]}},{"type":"Feature","properties":{},"geometry":{"type":"MultiPolygon","coordinates":[[[[-104.1,-12.7],[-105.7,-13.5],[-105.2,-12.5],[-104.6,-12.2],[-104.2,-12.5],[-104.1,-12.7]]]]}},{"type":"Feature","properties":{},"geometry":{"type":"MultiPolygon","coordinates":[[[[-123.4,6.2],[-125.3,7.5],[-125.2,9.2],[-124.6,9.9],[-124.1,10.5],[-124,11.7],[-122.9,12.4],[-122,11.8],[-121.3,8.9],[-120,6.8],[-121.8,7.8],[-123.4,8.1],[-123.4,6.2]]]]}},{"type":"Feature","properties":{},"geometry":{"type":"MultiPolygon","coordinates":[[[[-127.4,1],[-127.8,-0.2],[-127.7,-1],[-128.1,-1.7],[-128.2,-4.5],[-127.9,-5.9],[-128.1,-7.9],[-127.4,-9.1],[-129.1,-10.3],[-129.9,-9.8],[-129.4,-5.7],[-128.6,-2.3],[-128.4,-1],[-128.4,-0.4],[-128.4,0.4],[-127.8,0.9],[-127.4,1.6],[-127.1,1.9],[-127.4,1]]]]}},{"type":"Feature","properties":{},"geometry":{"type":"MultiPolygon","coordinates":[[[[-124.9,5.6],[-126.7,4.9],[-127.2,6.4],[-128,7.1],[-126.5,7.7],[-125.3,9.3],[-124.6,9.9],[-125.2,9.2],[-125.3,7.5],[-124.9,5.6]]]]}},{"type":"Feature","properties":{},"geometry":{"type":"MultiPolygon","coordinates":[[[[-86.9,-14.2],[-87.6,-14.4],[-87.7,-13.6],[-87.1,-11.2],[-86.8,-9.4],[-86.7,-9],[-86.6,-8.8],[-86.5,-8.5],[-86.3,-8.7],[-86.3,-8.3],[-86.1,-8.3],[-86.1,-8.1],[-86,-8],[-85.9,-8.1],[-86.1,-9.3],[-86.4,-10.7],[-86.6,-12.2],[-87.1,-13.6],[-86.9,-14.2]]]]}},{"type":"Feature","properties":{},"geometry":{"type":"MultiPolygon","coordinates":[[[[173.6,-40.8],[169.7,-38.6],[171.5,-38.3],[175.8,-39.7],[176.9,-40.5],[173.6,-40.8]]]]}},{"type":"Feature","properties":{},"geometry":{"type":"MultiPolygon","coordinates":[[[[65.6,-52.4],[66.6,-53],[67.8,-52.8],[68.7,-53.3],[67.7,-53.7],[66,-53.7],[65.3,-53.9],[62.7,-54.2],[61.3,-54.4],[61.2,-54.8],[60.8,-54.5],[60.3,-54.4],[59.7,-54.1],[59.2,-53.9],[60.7,-54],[63,-53.7],[64.8,-53.3],[65.6,-52.4]]]]}},{"type":"Feature","properties":{},"geometry":{"type":"MultiPolygon","coordinates":[[[[-65.8,-13.5],[-65.6,-13.6],[-65.5,-13.7],[-65.2,-13.9],[-64.6,-13.7],[-64.4,-14],[-64.2,-13.7],[-63.9,-13.3],[-63.7,-13.2],[-63.8,-13.3],[-63.6,-13.2],[-63.1,-13.2],[-62.6,-13.4],[-62.5,-13.3],[-62.1,-12.6],[-60.4,-13.6],[-61.8,-15],[-63.8,-17.6],[-66.4,-20],[-68.4,-19.9],[-68.8,-19.1],[-67.5,-18.1],[-67.9,-18.1],[-67.5,-18],[-67.6,-17.7],[-67.6,-16.5],[-67.2,-16.6],[-67.2,-16.9],[-67,-16.7],[-67.2,-16.5],[-66.9,-15.9],[-66.3,-15.7],[-66.4,-15.7],[-65.9,-15.2],[-65.8,-15.1],[-65.7,-15],[-65.1,-14.8],[-65.6,-14.7],[-65.8,-14.5],[-65.8,-14.1],[-66,-14],[-66.4,-13.8],[-66.3,-13.5],[-65.8,-13.5]]]]}},{"type":"Feature","properties":{},"geometry":{"type":"MultiPolygon","coordinates":[[[[-73,-16.2],[-72.2,-15.6],[-71.6,-16],[-71,-16.3],[-70.7,-16.7],[-70.8,-16.7],[-70.8,-16.8],[-70.3,-17.2],[-70.4,-17.5],[-69.3,-17.4],[-69.4,-18.1],[-69.3,-18.3],[-69.6,-18.5],[-69.8,-18.8],[-69.5,-18.8],[-69.4,-18.8],[-69.2,-19.2],[-69.8,-19.5],[-70.3,-19.6],[-70.6,-19.8],[-71.3,-20.1],[-72,-20.2],[-71.9,-20.5],[-72.1,-20.7],[-72.3,-20.7],[-72.8,-20.7],[-73,-20.9],[-73,-21.1],[-73.3,-21],[-72.9,-20.5],[-72.8,-20],[-72.6,-19.8],[-71.9,-19.4],[-71.6,-18.9],[-72,-19.4],[-72.7,-19.5],[-72.8,-19.2],[-73.3,-19.4],[-73.3,-19.3],[-73.1,-19],[-72.9,-18.4],[-72.9,-18.1],[-73,-17.8],[-72.7,-17.7],[-72.4,-17.4],[-72.5,-17.4],[-72.5,-17.1],[-72.4,-16.9],[-72.4,-16.6],[-72.7,-16.7],[-73,-16.2]]]]}},{"type":"Feature","properties":{},"geometry":{"type":"MultiPolygon","coordinates":[[[[-76.4,-19.2],[-76.3,-19.1],[-75.1,-18.5],[-74.5,-17.7],[-74.3,-17.8],[-74.1,-18.3],[-74.2,-18.9],[-74.5,-19.1],[-74.6,-19.2],[-75,-19.5],[-75.2,-19.6],[-75.5,-19.6],[-75.5,-19.9],[-75.7,-20],[-76.1,-20.1],[-76.2,-19.9],[-76.2,-19.7],[-76.7,-19.8],[-76.4,-19.4],[-76.7,-19.4],[-76.4,-19.3],[-76.4,-19.2]]]]}},{"type":"Feature","properties":{},"geometry":{"type":"MultiPolygon","coordinates":[[[[-67.6,-17.7],[-67.7,-17.9],[-67.8,-17.9],[-67.6,-17.7]]]]}},{"type":"Feature","properties":{},"geometry":{"type":"MultiPolygon","coordinates":[[[[-63.1,-13.2],[-62.8,-13.2],[-62.8,-13.4],[-62.9,-13.3],[-63.1,-13.1],[-63.1,-13.2]]]]}},{"type":"Feature","properties":{},"geometry":{"type":"MultiPolygon","coordinates":[[[[150.6,-38.7],[147.2,-36.8],[149.2,-35.7],[149.8,-36.5],[151.2,-37.4],[152.8,-38.1],[154.2,-38.6],[155.1,-39],[155.2,-40.2],[154.6,-40.3],[154.6,-41.1],[154.8,-41.9],[154.7,-42.6],[153.4,-42.6],[152.1,-41.3],[151.6,-40.1],[150.6,-38.7]]]]}},{"type":"Feature","properties":{},"geometry":{"type":"MultiPolygon","coordinates":[[[[153.9,-57],[154.7,-55.5],[153.9,-53.1],[153.9,-52.1],[155.3,-51.7],[155.4,-53.6],[155.8,-55.6],[154.7,-57.3],[153.3,-58.4],[153.2,-58.2],[153.9,-57]]]]}},{"type":"Feature","properties":{},"geometry":{"type":"MultiPolygon","coordinates":[[[[128.4,-75.1],[131.8,-74],[132.8,-73.8],[133.5,-73.8],[133.7,-73.6],[135.5,-73.1],[138.2,-72.5],[141.3,-73.3],[147.4,-74.9],[153.4,-74.5],[157.5,-74.5],[149.3,-75.5],[137.8,-75.2],[128.4,-75.1]]]]}},{"type":"Feature","properties":{},"geometry":{"type":"MultiPolygon","coordinates":[[[[111.1,-45.7],[112.2,-45.6],[112.7,-44.8],[112.9,-44.5],[113.8,-44.5],[114,-44.3],[114.2,-44.1],[114.7,-44.2],[115.3,-43.6],[115.6,-43.5],[115.4,-43.5],[116.2,-43.1],[116.4,-42.8],[116.5,-42.5],[116.4,-42.2],[116.7,-42],[116.9,-41.9],[117.4,-41.7],[118.3,-41.2],[118.9,-41.1],[119.1,-40.9],[119.3,-40.8],[119.4,-40.8],[120,-40.5],[120.5,-40.1],[120.6,-40],[121.1,-39.8],[121,-39.7],[121.4,-39.7],[121.6,-39.5],[121.9,-39.4],[122.3,-39.4],[123.4,-39.5],[123.5,-39.6],[123.7,-39.4],[124.5,-39.7],[125.1,-40],[125.8,-40.3],[125.9,-40.4],[127.4,-40.8],[127.8,-40.8],[128.4,-40.9],[128.9,-40.8],[130.3,-41.1],[131.2,-41.3],[130.2,-42.2],[127.1,-43.8],[124.8,-44.3],[124,-45.1],[123.2,-45.6],[122.2,-45.8],[119.8,-46.3],[117.3,-46.6],[114.7,-47.4],[113.5,-48.4],[109.4,-49.5],[111.2,-46.5],[111.1,-45.7]]]]}},{"type":"Feature","properties":{},"geometry":{"type":"MultiPolygon","coordinates":[[[[112,-45],[112.1,-44.7],[112.1,-45.2],[111.8,-45.1],[112,-45]]]]}},{"type":"Feature","properties":{},"geometry":{"type":"MultiPolygon","coordinates":[[[[-87.7,-2.9],[-87.6,-2.7],[-87.6,-2.5],[-87.7,-2.9]]]]}},{"type":"Feature","properties":{},"geometry":{"type":"MultiPolygon","coordinates":[[[[94.2,-29.5],[94.4,-32.5],[95.4,-34],[96.4,-35.2],[93.4,-34.9],[92,-29.6],[93.1,-28.3],[94.2,-29.5]]]]}},{"type":"Feature","properties":{},"geometry":{"type":"MultiPolygon","coordinates":[[[[103.7,-24.2],[103.3,-27.2],[101.2,-29],[100.8,-31.8],[99.7,-34.3],[96.8,-36.3],[96,-36.7],[95.8,-36.3],[96.4,-35.2],[98.5,-32.5],[99.5,-29.8],[101,-25.9],[102.6,-23.5],[103.7,-24.2]]]]}},{"type":"Feature","properties":{},"geometry":{"type":"MultiPolygon","coordinates":[[[[41.7,-79.5],[46.4,-80.7],[49.2,-81.6],[42.7,-81.8],[35.3,-80.4],[33.5,-79.1],[38.2,-79.4],[41.7,-79.5]]]]}},{"type":"Feature","properties":{},"geometry":{"type":"MultiPolygon","coordinates":[[[[180,-42.9],[177.7,-43.4],[174.6,-41.2],[178.1,-41.4],[179.8,-42.6],[180,-42.9]]]]}},{"type":"Feature","properties":{},"geometry":{"type":"MultiPolygon","coordinates":[[[[59.9,-54.4],[59.8,-54.7],[60.3,-54.9],[59.8,-55.8],[57.7,-56],[57.1,-55.9],[56.2,-55.8],[55.4,-55.6],[56,-55.2],[56.6,-54.5],[57.8,-54.2],[58.8,-54.3],[59.9,-54.4]]]]}},{"type":"Feature","properties":{},"geometry":{"type":"MultiPolygon","coordinates":[[[[131.4,-46.9],[129.8,-44.8],[132.4,-42.6],[133.6,-42.9],[135,-43.5],[136.9,-43.9],[138.3,-44.3],[140,-44.7],[140.2,-46.1],[138.4,-47],[136,-47],[134.3,-46.8],[132.5,-46.6],[131.8,-47.2],[131.4,-46.9]]]]}},{"type":"Feature","properties":{},"geometry":{"type":"MultiPolygon","coordinates":[[[[74,-34.2],[73.1,-35.8],[74,-34.3],[74,-34.2]]]]}},{"type":"Feature","properties":{},"geometry":{"type":"MultiPolygon","coordinates":[[[[74.5,-34],[76.2,-33.9],[77.1,-34.5],[77.5,-35],[78.3,-35.5],[79.5,-36.3],[80.5,-37.1],[81.4,-37.8],[81.8,-38.2],[81.7,-38.4],[76,-36.7],[74.5,-34]]]]}},{"type":"Feature","properties":{},"geometry":{"type":"MultiPolygon","coordinates":[[[[101.9,-14.9],[102.4,-16],[103.7,-19.4],[104.8,-21.6],[105.4,-22],[105.3,-22.1],[105.3,-22.4],[105.2,-22.5],[105,-22.4],[105,-22.6],[105.2,-22.9],[105,-22.9],[105.2,-23.1],[105.1,-23.3],[104.7,-23.4],[105.1,-23.5],[104.9,-23.7],[104.5,-23.6],[104.5,-23.8],[104.8,-24.1],[104.8,-24.2],[104.2,-24],[104.2,-24.3],[101.8,-23.5],[100.9,-26.8],[99.6,-26.8],[98.4,-28.1],[94.2,-29.5],[93.1,-28.3],[92.4,-27.1],[95.4,-25.7],[97.1,-24.4],[99.8,-21.8],[100.3,-20.8],[101.5,-18.2],[101.7,-17.1],[101.5,-15.1],[101.9,-14.9]]]]}},{"type":"Feature","properties":{},"geometry":{"type":"MultiPolygon","coordinates":[[[[156.9,-46.7],[155.8,-45.5],[155.6,-44.3],[156.2,-43.5],[156.4,-43.9],[156.9,-45.2],[157,-46.5],[156.9,-46.7]]]]}},{"type":"Feature","properties":{},"geometry":{"type":"MultiPolygon","coordinates":[[[[93.2,-61.8],[97.6,-59.1],[102.6,-59.5],[103.7,-64],[104.5,-69.2],[103,-71.5],[97.5,-68.1],[93.6,-65.5],[93.2,-61.8]]]]}},{"type":"Feature","properties":{},"geometry":{"type":"MultiPolygon","coordinates":[[[[96.5,-41.8],[96.6,-41.8],[96.7,-41.7],[96.7,-41.5],[97.1,-41.3],[98.3,-42],[100.9,-42.3],[103.2,-42.9],[105.4,-44.1],[108.2,-43.1],[109.8,-42.7],[113.2,-42.5],[115.1,-41.7],[115.1,-42.1],[114.1,-43.2],[113.3,-43.3],[112.1,-44.3],[111.6,-44.4],[111.2,-44.3],[110.6,-44.2],[109.7,-44.2],[108.5,-44.1],[107.9,-44.3],[107,-44.7],[104.2,-45.2],[102.8,-44.7],[102.7,-44.4],[102.4,-44.4],[102.4,-44],[102.1,-43.9],[102.3,-43.6],[102,-43.8],[101.6,-43.5],[101.8,-43.3],[101.5,-43],[100.7,-43],[100.5,-42.9],[99.9,-42.9],[99.4,-42.6],[99.5,-42.6],[99.2,-42.8],[98.7,-42.9],[98.6,-42.7],[98.9,-42.5],[98.3,-42.4],[97.5,-42],[97,-42.3],[96.5,-41.9],[96.5,-41.8]]]]}},{"type":"Feature","properties":{},"geometry":{"type":"MultiPolygon","coordinates":[[[[112.1,-40],[112.6,-40],[113.5,-39.9],[113.8,-40.2],[115,-41],[115,-41.7],[113.8,-42.4],[111.1,-42.3],[109.1,-42.4],[110,-41.8],[112.1,-40]]]]}},{"type":"Feature","properties":{},"geometry":{"type":"MultiPolygon","coordinates":[[[[99.7,-40.4],[99.9,-40.3],[100.1,-40.2],[100.2,-40],[101,-40.3],[101.2,-40.6],[102.2,-40.4],[103.1,-40.5],[104.5,-40.3],[103.1,-41.1],[100.6,-41.2],[100.5,-40.9],[99.7,-40.4]]]]}},{"type":"Feature","properties":{},"geometry":{"type":"MultiPolygon","coordinates":[[[[108.6,-40.2],[107.7,-40.9],[106.2,-40.3],[106.7,-40.3],[108.6,-40.2]]]]}},{"type":"Feature","properties":{},"geometry":{"type":"MultiPolygon","coordinates":[[[[100.9,-26.8],[99.4,-30.9],[98.1,-33.5],[96.2,-34.3],[94.4,-32.9],[94.4,-30.3],[97.3,-28.4],[99.3,-27],[100.6,-26.5],[100.9,-26.8]]]]}},{"type":"Feature","properties":{},"geometry":{"type":"MultiPolygon","coordinates":[[[[91.7,-27.5],[92.9,-32.7],[91.8,-36],[89.6,-35.4],[88.1,-34.8],[89,-33.6],[89.3,-31.7],[88.5,-29.2],[90.3,-28.2],[91.7,-27.5]]]]}},{"type":"Feature","properties":{},"geometry":{"type":"MultiPolygon","coordinates":[[[[116.2,-39.4],[115.6,-39.1],[115.9,-38.9],[115.4,-38.3],[115.1,-37.8],[115.2,-37.3],[115.7,-37.7],[116.3,-39.4],[116.2,-39.4]]]]}},{"type":"Feature","properties":{},"geometry":{"type":"MultiPolygon","coordinates":[[[[89.4,2.2],[90,2.8],[90,1.8],[89.4,1.4],[89.4,1.7],[89.3,2.1],[89.4,2.2]]]]}},{"type":"Feature","properties":{},"geometry":{"type":"MultiPolygon","coordinates":[[[[79.2,8.7],[77.6,5.6],[76.3,1.9],[77.9,-0.8],[78.7,-1.5],[82.7,-3.6],[82.8,-4.1],[81.6,-4.4],[81,-4.5],[80.4,-4.6],[79.2,-4.5],[77,-3.9],[75.2,-3.9],[73.9,-4.2],[73.1,-4.6],[73.3,-4.2],[73.9,-3.4],[74.6,-2.6],[74.9,-1.7],[75.3,-0.8],[75.5,0.4],[75.5,1.5],[75.6,2.8],[75.9,3.8],[76.5,4.9],[78.5,8.1],[79.2,8.7]]]]}},{"type":"Feature","properties":{},"geometry":{"type":"MultiPolygon","coordinates":[[[[88,2],[84.2,7],[83.7,11.4],[82.2,15],[82.6,15.6],[82.9,15],[83.1,15],[82.9,15.2],[83.1,15.3],[83.3,15.2],[83.2,15],[83.4,14.9],[83.6,15.1],[83.7,14.7],[84.2,14.9],[84.1,14.6],[84.2,14.5],[84.3,14],[84.6,13.9],[85,13.9],[85.2,13.6],[85.4,13.4],[85.6,13.3],[85.6,13.1],[85.3,12.9],[85.5,12.8],[85.8,13],[85.8,12.9],[85.9,13.1],[86.2,12.8],[86.5,12.5],[86.7,12.6],[86.8,12.5],[86.7,12.2],[86.9,12.4],[87,12.2],[86.8,12.1],[87,11.9],[87.1,11.9],[87,11.7],[87.3,11.7],[87.4,11.5],[87.3,11.3],[87.3,11.1],[87.5,11],[87.6,11],[87.7,10.9],[87.9,10.6],[87.9,10.5],[88,10.3],[88.1,10.1],[88,9.9],[88.1,9.8],[88.2,9.7],[88.1,9.4],[88.4,9.4],[88.7,8.9],[88.7,8.7],[88.6,8.5],[88.5,8.1],[88.6,7.9],[88.6,7.8],[88.4,7.8],[88.6,7.4],[88.5,7.2],[88.6,7.3],[88.8,7.2],[88.5,6.9],[88,6.8],[87.9,6.7],[88.2,6.7],[88.3,6.6],[88.6,6.6],[88.7,6.4],[88.8,6.1],[88.6,6.1],[88.8,5.8],[88.7,5.4],[88.8,5.2],[88.9,4.8],[88.9,4.5],[88.9,4.4],[88.8,4.1],[89,3.7],[88.9,3.5],[89.1,3.1],[89.3,3.3],[89.7,2.9],[89.7,2.8],[89.3,2.8],[89,2.7],[88.7,2.9],[88.5,3],[88.5,2.8],[88.2,2.9],[88.5,2.5],[88.3,2.4],[88.2,2.2],[88,2]]]]}},{"type":"Feature","properties":{},"geometry":{"type":"MultiPolygon","coordinates":[[[[88.1,0.8],[88.2,0.8],[88.3,0.5],[88.4,0.2],[88.1,0],[88.4,0],[88.5,-0.2],[88.7,-0.3],[88,-0.8],[88.1,0.8]]]]}},{"type":"Feature","properties":{},"geometry":{"type":"MultiPolygon","coordinates":[[[[87.6,14.6],[87.4,14.2],[87.5,14.6],[87.6,14.6]]]]}},{"type":"Feature","properties":{},"geometry":{"type":"MultiPolygon","coordinates":[[[[90.5,3.6],[90.1,3],[90.1,3.3],[90.5,3.6]]]]}},{"type":"Feature","properties":{},"geometry":{"type":"MultiPolygon","coordinates":[[[[86.7,12.8],[86.7,12.7],[86.6,12.8],[86.7,12.8]]]]}},{"type":"Feature","properties":{},"geometry":{"type":"MultiPolygon","coordinates":[[[[57.3,21],[56.6,23.5],[55.8,24.7],[57.6,25.8],[61,26],[61.5,24.6],[59.2,21.7],[57.3,21]]]]}},{"type":"Feature","properties":{},"geometry":{"type":"MultiPolygon","coordinates":[[[[67,26.4],[66.1,25.8],[63.7,26.5],[61.2,27.1],[56.3,27],[59.4,28.3],[61.6,28.1],[62.7,27.5],[63.8,27.4],[66.8,26.5],[67,26.4]]]]}},{"type":"Feature","properties":{},"geometry":{"type":"MultiPolygon","coordinates":[[[[47.9,34.6],[47.6,32.9],[47.6,30.1],[47.6,28.4],[48.2,26.4],[48,24.5],[47.1,21.6],[47,19.4],[46.4,20.5],[45.6,22.2],[45.6,27.1],[46.4,30.2],[47.9,34.6]]]]}},{"type":"Feature","properties":{},"geometry":{"type":"MultiPolygon","coordinates":[[[[42.7,20.3],[43.4,22.9],[45.7,21.6],[46.9,19.6],[47.4,18.4],[48.7,16.4],[48.9,14.7],[48.4,12.7],[46.7,10.3],[44.9,11],[43.5,13.7],[42.8,15.4],[42.5,17.6],[42.8,20],[42.7,20.3]]]]}},{"type":"Feature","properties":{},"geometry":{"type":"MultiPolygon","coordinates":[[[[-67.6,4.1],[-67.3,3.9],[-67.1,3.8],[-67,4],[-66.8,3.8],[-66.3,3.8],[-66.1,3.8],[-66.1,4],[-65.6,4.2],[-65.4,4.4],[-65.5,4.1],[-65.3,4.3],[-65.1,4.2],[-65,4.3],[-64.8,3.9],[-64.8,4.6],[-64.5,4.7],[-64.3,4.9],[-63.1,5],[-63.1,5.2],[-62.6,5.3],[-62.2,5.4],[-61.2,5],[-61.5,3.5],[-62.7,2.7],[-63,2.7],[-63.5,2.6],[-63.8,2.4],[-63.3,2.4],[-63.1,2.3],[-62.9,2.1],[-62.2,2.4],[-62.1,2.4],[-61.8,2.1],[-61.5,1.8],[-61.2,1.7],[-61,1.5],[-60.8,1.7],[-60.4,1.7],[-59.8,2],[-60.2,2.4],[-60.8,2.2],[-60.9,2.7],[-60.3,2.8],[-59.6,3.4],[-59.9,3.5],[-60.6,3.8],[-60.8,5.1],[-60.2,5.5],[-60.1,5.6],[-60.7,6.1],[-60.3,6.5],[-58.6,7.7],[-54.7,10.5],[-53.2,9.9],[-50.5,8.9],[-46.2,7.3],[-43.6,5.9],[-39.3,4.2],[-38.4,3.8],[-38.3,3.7],[-38.3,3.1],[-37.1,2.2],[-37.8,1.1],[-40,-1.5],[-39.6,-0.8],[-40.4,-0.1],[-40.9,0],[-41.2,-0.5],[-41.3,-0.6],[-41.5,-0.8],[-41.7,-1.3],[-41.8,-1.5],[-41.8,-2.2],[-41.9,-2.4],[-41.8,-2.5],[-41.6,-2.7],[-41.6,-2.8],[-41.7,-2.9],[-44.1,-5.2],[-45.5,-6.3],[-45.4,-9.7],[-45.8,-10.4],[-45.8,-10.2],[-45.7,-10],[-45.5,-9.8],[-45.8,-9.1],[-45.6,-8.8],[-46.3,-8.7],[-46.2,-8.4],[-46.2,-7.9],[-46.4,-7.9],[-46.7,-8.4],[-46.9,-9.2],[-47.1,-9.6],[-47.3,-10.2],[-47.3,-10.4],[-47.5,-10.8],[-47.3,-11],[-47.1,-11.2],[-47,-11.1],[-46.7,-11.2],[-47.1,-11],[-47.3,-10.8],[-46.4,-10.6],[-45.9,-10.5],[-46.1,-11],[-46.2,-11.5],[-46.4,-12.4],[-46.8,-12.4],[-47.6,-12.3],[-47.7,-12.4],[-47.8,-11.8],[-47.8,-11.5],[-48.1,-11.5],[-48.6,-12.1],[-48.8,-12],[-49.2,-12.1],[-49.1,-11.9],[-49.4,-12],[-49.5,-12.4],[-49.4,-13],[-49.8,-13],[-49.4,-13.3],[-49.5,-13.5],[-49.6,-13.6],[-49.3,-13.8],[-49.2,-14],[-49.1,-14.7],[-49.3,-14.5],[-49.3,-14.8],[-51.5,-16.2],[-51.2,-15.6],[-52.1,-14.5],[-52.5,-14.2],[-53,-14.1],[-53.2,-14.3],[-53.9,-14.3],[-54.2,-14.5],[-54.5,-14.6],[-55,-14.5],[-55.5,-14.5],[-56.3,-14.9],[-57.7,-15.8],[-58.3,-16.6],[-58.4,-17.7],[-58.5,-17.5],[-58.8,-17.8],[-59.1,-18.1],[-59,-16.9],[-59,-15.7],[-59.4,-14.8],[-59.9,-14.2],[-61.3,-12.9],[-61.3,-11.3],[-61.1,-11.2],[-60.3,-10.9],[-60.3,-11.3],[-60.2,-10.8],[-60.2,-10.4],[-60,-9.8],[-60.9,-9],[-61.2,-7.9],[-60.2,-7.8],[-60.2,-6.8],[-60.7,-6.5],[-61.2,-6.4],[-61.4,-6.2],[-61.3,-5.7],[-61.1,-5.4],[-61,-5.2],[-60.8,-5],[-60.4,-4.7],[-60,-4.1],[-59.7,-3.8],[-59.5,-3.3],[-60.2,-3.5],[-60.3,-3.2],[-60.4,-3.5],[-60.7,-3.7],[-60.9,-3.8],[-61.1,-4.1],[-61.1,-4.3],[-61.2,-4.3],[-61.2,-4.4],[-61.4,-4.6],[-61.5,-4.8],[-61.5,-5.1],[-61.8,-5.3],[-62,-5.7],[-62,-5.4],[-62.2,-5.6],[-62.2,-5.4],[-62.4,-5.4],[-62.9,-5.4],[-63.1,-5.5],[-63.3,-5.3],[-63.4,-5],[-63.6,-4.7],[-64,-4.2],[-64.2,-4.1],[-64.3,-3.9],[-64.4,-3.7],[-64.6,-3.3],[-64.4,-3.2],[-64.5,-2.9],[-64.4,-2.7],[-64.5,-2.5],[-64.4,-2.3],[-64.4,-1.9],[-64.5,-1.4],[-64.4,-1],[-64.5,-0.8],[-64.7,-0.6],[-65.1,-0.6],[-65.3,-0.8],[-65.5,-0.9],[-65.9,-1.1],[-65.7,-1.3],[-65.7,-1.4],[-65.9,-1.6],[-65.9,-1.7],[-65.7,-2.2],[-65.4,-2.3],[-65.4,-2.7],[-65.3,-3.3],[-65.5,-3.7],[-65.7,-4],[-65.6,-4.1],[-65.6,-4.3],[-65.6,-4.4],[-65.6,-4.6],[-65.9,-4.5],[-65.6,-5],[-65.7,-5.2],[-65.3,-5.7],[-65.3,-5.8],[-65.3,-6],[-65.2,-6.1],[-65,-6.3],[-64.8,-6.5],[-64.5,-6.5],[-64.1,-6.6],[-64,-6.7],[-63.6,-6.8],[-63.7,-7],[-63.8,-7.4],[-63.6,-7.3],[-63.5,-7.4],[-63.7,-7.4],[-63.6,-7.8],[-63.8,-7.9],[-63.7,-8.1],[-63.9,-8.3],[-63.9,-8.4],[-63.8,-8.5],[-63.9,-8.7],[-63.7,-8.9],[-63.6,-9.1],[-63.7,-9.2],[-63.5,-9.3],[-63.5,-9.4],[-63.2,-9.9],[-63.3,-9.9],[-63.1,-10.3],[-63.2,-10.9],[-63.7,-11.2],[-63.7,-11.7],[-64.8,-11.6],[-64.7,-11.3],[-65.2,-11.1],[-65.5,-10.8],[-65.7,-10.5],[-66.1,-10],[-66,-10.1],[-66.1,-10.3],[-66.2,-9.9],[-66.3,-10],[-66.4,-10],[-66.7,-9.4],[-67,-9.5],[-67.2,-9.2],[-67.3,-8.8],[-67.3,-9.2],[-67.1,-9.7],[-67.2,-9.7],[-67.4,-9.8],[-67.5,-10],[-67.6,-10.3],[-67.6,-10.4],[-67.8,-10.9],[-67.9,-11.1],[-68.3,-11.3],[-68.4,-11.3],[-68.4,-11.2],[-68.5,-11.2],[-69.2,-11.1],[-69.4,-10.7],[-69,-10.7],[-69.1,-10.7],[-69.1,-10.5],[-69.2,-10.4],[-69.2,-10.3],[-69.2,-10.1],[-69.3,-10.2],[-69.4,-10.3],[-69.6,-10.3],[-69.6,-10.5],[-69.7,-10.2],[-69.6,-10.1],[-69.3,-9.8],[-69.7,-9.9],[-69.5,-9.6],[-69.3,-9.5],[-69.3,-9.1],[-69.6,-9.3],[-69.7,-9.8],[-69.8,-9.8],[-69.8,-9.6],[-69.9,-9.7],[-70,-9.5],[-69.9,-9.1],[-70.2,-9.3],[-70,-9.2],[-70.1,-8.9],[-70.3,-9.1],[-70.2,-8.9],[-69.8,-8.7],[-69.5,-8.5],[-69.4,-8.6],[-69.4,-8.4],[-69.4,-8],[-69.5,-8.3],[-69.8,-8.4],[-70,-8.6],[-70.3,-8.7],[-70.5,-8.6],[-70.4,-8.5],[-70.5,-8.4],[-70.4,-8.3],[-70.5,-8.2],[-70.4,-8],[-70.2,-8],[-69.9,-7.8],[-70.5,-8],[-70.6,-7.9],[-70.5,-7.9],[-70.5,-7.8],[-70.4,-7.7],[-70.3,-7.7],[-70.1,-7.6],[-70.1,-7.3],[-69.9,-7.6],[-70.1,-7.3],[-70.4,-7.3],[-70.1,-7.2],[-70,-7.1],[-69.9,-7],[-69.6,-6.8],[-70.1,-7],[-70.2,-6.8],[-69.9,-6.7],[-69.8,-6.5],[-69.6,-6.7],[-69.6,-6.5],[-69.7,-6.5],[-69.5,-6.2],[-69.7,-6.2],[-69.6,-6],[-69.5,-6],[-69.5,-5.8],[-69.4,-5.8],[-69,-5.9],[-68.9,-5.6],[-68.7,-5.2],[-68.9,-5],[-68.9,-5.4],[-69.3,-5.7],[-69.4,-5.6],[-69.3,-5.3],[-69.5,-5.2],[-69.3,-5.1],[-69.3,-4.8],[-69.2,-4.7],[-69.1,-4.8],[-69.1,-4.5],[-69,-4.2],[-69.3,-4.4],[-69.1,-4.2],[-69.3,-4.2],[-68.9,-3.9],[-69,-3.8],[-69.1,-3.6],[-69.2,-3.4],[-69.1,-3.5],[-69.2,-3.3],[-69.3,-3.1],[-69.2,-3],[-69,-2.7],[-69,-2.6],[-69.1,-2.6],[-69.4,-2.4],[-69.2,-2.4],[-69.3,-2.3],[-69.3,-2.2],[-69.3,-2.1],[-69.5,-2],[-69.3,-1.8],[-69.3,-1.7],[-69,-1.6],[-68.9,-1.4],[-69.2,-1.5],[-69.2,-1.3],[-68.9,-1.3],[-69,-1],[-69.1,-1.1],[-69.3,-0.9],[-69.3,-1],[-69.4,-1],[-69.1,-0.7],[-69.4,-0.7],[-69.3,-0.4],[-69.1,-0.6],[-69,-0.5],[-69,-0.4],[-69.2,-0.3],[-69,-0.2],[-68.7,0.1],[-69.1,0],[-69.3,0],[-69,0.3],[-69.1,0.4],[-69.2,0.8],[-69.1,1],[-69.1,1.1],[-68.8,1.1],[-68.9,1.1],[-69,1.3],[-69,1.6],[-68.9,1.5],[-68.7,1.6],[-68.5,1.6],[-68.7,1.9],[-68.6,1.9],[-68.3,2],[-68.4,2.3],[-68.8,2.2],[-68.6,2.3],[-68.5,2.4],[-68.3,2.6],[-68.1,2.4],[-68.3,2.6],[-68.2,2.8],[-68.2,3.2],[-68.3,3.4],[-68.2,3.6],[-68.2,3.7],[-67.9,3.7],[-67.8,3.3],[-67.6,2.9],[-67.7,3.8],[-67.5,3.6],[-67.6,3.9],[-67.6,4.1]]]]}},{"type":"Feature","properties":{},"geometry":{"type":"MultiPolygon","coordinates":[[[[-66.9,-11.7],[-66.5,-11],[-66.7,-11.5],[-66.9,-11.7]]]]}},{"type":"Feature","properties":{},"geometry":{"type":"MultiPolygon","coordinates":[[[[-62.6,-8.4],[-62.5,-8.7],[-62.3,-9.1],[-62.4,-9.4],[-62.6,-9.2],[-62.6,-8.6],[-62.6,-8.4]]]]}},{"type":"Feature","properties":{},"geometry":{"type":"MultiPolygon","coordinates":[[[[-61.5,-6.8],[-61.2,-7],[-61.2,-7.4],[-61.3,-7.3],[-61.6,-7],[-61.5,-6.9],[-61.5,-6.8]]]]}},{"type":"Feature","properties":{},"geometry":{"type":"MultiPolygon","coordinates":[[[[-69.6,0.2],[-69.5,0],[-69.5,0.1],[-69.3,0],[-69.4,-0.3],[-69.6,-0.6],[-69.7,-0.3],[-69.7,-0.1],[-69.6,0.2]]]]}},{"type":"Feature","properties":{},"geometry":{"type":"MultiPolygon","coordinates":[[[[-69.5,1],[-69.4,1.1],[-69.2,0.9],[-69.3,0.7],[-69.4,0.6],[-69.5,0.8],[-69.4,0.9],[-69.5,1]]]]}},{"type":"Feature","properties":{},"geometry":{"type":"MultiPolygon","coordinates":[[[[-61.5,-6.5],[-61.5,-6.7],[-61.7,-6.5],[-61.5,-6.4],[-61.5,-6.5]]]]}},{"type":"Feature","properties":{},"geometry":{"type":"MultiPolygon","coordinates":[[[[-69.9,0.1],[-69.8,-0.3],[-69.9,-0.3],[-70,-0.3],[-69.9,-0.2],[-69.9,0.1]]]]}},{"type":"Feature","properties":{},"geometry":{"type":"MultiPolygon","coordinates":[[[[-63.4,-6.1],[-63.3,-6.3],[-63.3,-6.4],[-63.4,-6.4],[-63.5,-6.3],[-63.4,-6.1]]]]}},{"type":"Feature","properties":{},"geometry":{"type":"MultiPolygon","coordinates":[[[[-68.5,3.2],[-68.6,2.7],[-68.8,2.7],[-68.8,2.9],[-68.6,3.1],[-68.6,3.2],[-68.5,3.2]]]]}},{"type":"Feature","properties":{},"geometry":{"type":"MultiPolygon","coordinates":[[[[-69.1,1.4],[-69.3,1.2],[-69.4,1.3],[-69.3,1.5],[-69.1,1.4]]]]}},{"type":"Feature","properties":{},"geometry":{"type":"MultiPolygon","coordinates":[[[[-69.7,-5.8],[-69.6,-5.8],[-69.8,-5.8],[-69.7,-5.8]]]]}},{"type":"Feature","properties":{},"geometry":{"type":"MultiPolygon","coordinates":[[[[-68.4,3],[-68.4,2.7],[-68.4,2.9],[-68.4,3]]]]}},{"type":"Feature","properties":{},"geometry":{"type":"MultiPolygon","coordinates":[[[[-62.3,-5.3],[-62.4,-5.7],[-62.4,-5.6],[-62.3,-5.3]]]]}},{"type":"Feature","properties":{},"geometry":{"type":"MultiPolygon","coordinates":[[[[-69.6,-0.5],[-69.8,-0.8],[-69.8,-0.5],[-69.6,-0.5]]]]}},{"type":"Feature","properties":{},"geometry":{"type":"MultiPolygon","coordinates":[[[[-68.2,3.9],[-68,3.9],[-68.3,3.8],[-68.2,3.9]]]]}},{"type":"Feature","properties":{},"geometry":{"type":"MultiPolygon","coordinates":[[[[-60.5,13],[-59.6,13.9],[-59.3,14.3],[-58.6,14.8],[-57.9,14.4],[-56.5,12.5],[-54.7,10.5],[-58.6,7.7],[-60.3,7.5],[-60.4,7.8],[-60.4,7.9],[-60.3,8],[-60.5,8],[-60.5,8.3],[-60.5,8.5],[-60.6,8.9],[-60.5,9.1],[-60.6,9.4],[-60.4,9.4],[-60.3,9.4],[-60.3,9.5],[-60.5,9.6],[-60.6,9.5],[-60.6,10],[-60.6,10.1],[-60.4,10],[-60.3,10],[-60.1,9.9],[-60.1,9.8],[-60.1,9.7],[-60,9.6],[-59.9,9.9],[-59.8,10.1],[-59.8,10.2],[-59.9,10.2],[-60,10.6],[-60,10.8],[-59.8,11],[-59.9,11.4],[-59.9,11.5],[-59.9,11.6],[-59.8,11.6],[-60,11.9],[-59.9,11.8],[-59.7,12],[-59.3,12],[-59.5,12.1],[-59.5,12.6],[-60.2,12.5],[-60.4,12.5],[-60.6,12.8],[-60.5,13]]]]}},{"type":"Feature","properties":{},"geometry":{"type":"MultiPolygon","coordinates":[[[[-62,6.9],[-61.6,7.4],[-61.5,7.4],[-61.3,7.4],[-60.9,7.3],[-60.5,6.6],[-61.5,6.5],[-61.5,6.6],[-61.9,6.8],[-62,6.9]]]]}},{"type":"Feature","properties":{},"geometry":{"type":"MultiPolygon","coordinates":[[[[155.1,-40.5],[155.5,-39.7],[154.9,-39],[153.7,-38.5],[152.2,-38],[151,-37.3],[149.4,-36.2],[149.4,-35.7],[150.8,-35.9],[152.8,-37],[154,-37.4],[154.9,-37.5],[155.4,-37.6],[156.7,-37.8],[156.9,-38.2],[157.1,-38.6],[157.7,-38.6],[157.4,-39.9],[157.5,-40],[156.7,-40.3],[156.6,-42.6],[155.6,-42],[155.1,-41.3],[155.3,-41],[155.1,-40.5]]]]}},{"type":"Feature","properties":{},"geometry":{"type":"MultiPolygon","coordinates":[[[[102.9,-58.8],[103.3,-55.9],[104.6,-55.7],[106.9,-56.3],[109.3,-56.6],[109.6,-56.8],[109.9,-57.2],[109.3,-57.3],[109.6,-58.1],[109.7,-58.2],[111,-58.2],[112.2,-59],[112.7,-59.7],[111.2,-61.6],[109.2,-63.1],[110,-65],[110.4,-66.5],[102.9,-62.9],[102.9,-58.8]]]]}},{"type":"Feature","properties":{},"geometry":{"type":"MultiPolygon","coordinates":[[[[106.5,-52.6],[106.5,-52.8],[106.8,-53],[106.6,-53.1],[106.7,-53.3],[107.1,-53.4],[107.5,-53.7],[107.4,-53.9],[107.7,-54],[107.9,-54.1],[108.4,-54.3],[109.6,-54.2],[109.8,-54],[112,-53.6],[112.3,-53.4],[112.2,-53.3],[111.9,-53.1],[111.4,-53.1],[111.3,-52.7],[111.7,-52.3],[112.1,-52.3],[111.5,-52.4],[111,-51.9],[110.1,-51.8],[110.4,-52.3],[110,-52.2],[109.7,-52.1],[109.3,-52.1],[109,-52],[108.3,-52],[107.9,-52.1],[107.2,-51.9],[109.4,-49.5],[113.7,-49.1],[116,-48],[118.6,-48.7],[119.4,-49.6],[118.6,-51.8],[116.8,-53.4],[112.4,-53.7],[111,-54.2],[109.3,-54.6],[109.4,-55.7],[106.9,-56.3],[107.5,-56],[105.4,-55.6],[103.4,-55.2],[106.5,-52.6]]]]}},{"type":"Feature","properties":{},"geometry":{"type":"MultiPolygon","coordinates":[[[[119.8,-48.4],[120.3,-48],[121.2,-47.3],[121,-47.8],[120.8,-49.2],[119.8,-52.2],[119.4,-53],[118.8,-53.4],[119.8,-48.4]]]]}},{"type":"Feature","properties":{},"geometry":{"type":"MultiPolygon","coordinates":[[[[56.4,-57.8],[63.6,-57.8],[62.9,-62],[69.8,-65.6],[74.9,-68.3],[68.7,-69.5],[54.7,-66.6],[53.5,-62.5],[56.4,-57.8]]]]}},{"type":"Feature","properties":{},"geometry":{"type":"MultiPolygon","coordinates":[[[[94.1,-41.4],[89.7,-42.7],[85,-42.2],[84.3,-40.5],[83.8,-39.6],[85,-39.6],[85.5,-39.5],[85.8,-39.7],[87.8,-39.9],[90.9,-40.7],[94.1,-41.4]]]]}},{"type":"Feature","properties":{},"geometry":{"type":"MultiPolygon","coordinates":[[[[94.4,-65.6],[98.6,-68.2],[104.5,-71.5],[98,-69.1],[94.4,-65.6]]]]}},{"type":"Feature","properties":{},"geometry":{"type":"MultiPolygon","coordinates":[[[[93.2,-61.8],[93.6,-65.5],[92,-62.8],[93.2,-61.8]]]]}},{"type":"Feature","properties":{},"geometry":{"type":"MultiPolygon","coordinates":[[[[-70.6,-76],[-66.6,-74.6],[-60.3,-74.4],[-46,-75.7],[-25.2,-77.1],[-11,-78.2],[-8.6,-79.6],[-22.9,-79.1],[-48.5,-79.2],[-68.6,-77.5],[-70.6,-76]]]]}},{"type":"Feature","properties":{},"geometry":{"type":"MultiPolygon","coordinates":[[[[99.8,-77.6],[115.4,-78.6],[137.6,-79.4],[139.9,-80.2],[143.1,-80.3],[156.7,-80.9],[159.7,-80.7],[164,-81.2],[160.7,-81.7],[155.9,-83.2],[124,-85],[112.6,-83.6],[103.1,-82.4],[94.7,-81.4],[94.3,-79.9],[99.1,-78.2],[99.8,-77.6]]]]}},{"type":"Feature","properties":{},"geometry":{"type":"MultiPolygon","coordinates":[[[[-176.5,-65.3],[-177.2,-62.9],[-177.4,-60.3],[-168.2,-59.3],[-159.1,-58.3],[-150.4,-56.5],[-140.9,-55.4],[-136.3,-55.4],[-133.3,-58.3],[-136.3,-60],[-145.2,-61.3],[-154.9,-62.5],[-157.1,-63.4],[-157.6,-64.7],[-159.6,-64],[-160.3,-62.8],[-166.5,-65.3],[-174.1,-65.7],[-176.5,-65.3]]]]}},{"type":"Feature","properties":{},"geometry":{"type":"MultiPolygon","coordinates":[[[[-180,-70.8],[-178.1,-67.9],[-173,-68.7],[-163.2,-68],[-151.8,-66.4],[-143.7,-66.6],[-138.5,-68.3],[-142,-70.7],[-153.9,-73],[-170.4,-73.6],[-177.4,-73.5],[-179.3,-71.2],[-180,-70.8]]]]}},{"type":"Feature","properties":{},"geometry":{"type":"MultiPolygon","coordinates":[[[[180,-64.6],[178.5,-70.1],[175.7,-68.1],[178.4,-65.3],[180,-64.6]]]]}},{"type":"Feature","properties":{},"geometry":{"type":"MultiPolygon","coordinates":[[[[-180,-69.1],[-179.9,-64.6],[-171.6,-66.2],[-175.1,-67.3],[-179,-68.2],[-180,-69.1]]]]}},{"type":"Feature","properties":{},"geometry":{"type":"MultiPolygon","coordinates":[[[[180,-79.9],[179.4,-80],[178.8,-79.9],[178.2,-79.5],[179.1,-79.2],[177.9,-79.4],[177.9,-79.6],[176.5,-79.6],[177.5,-79.2],[176.7,-79.1],[180,-79.8],[180,-79.9]]]]}},{"type":"Feature","properties":{},"geometry":{"type":"MultiPolygon","coordinates":[[[[-180,-79.8],[-169.8,-79.3],[-170.7,-79.3],[-170.4,-79.6],[-171.4,-79.6],[-172.5,-79.6],[-173.5,-79.6],[-174.5,-79.5],[-175,-79.6],[-175.6,-79.9],[-176.9,-79.5],[-177.6,-79.7],[-177.3,-79.9],[-178.2,-79.9],[-178.6,-79.9],[-179.8,-79.9],[-180,-79.8]]]]}},{"type":"Feature","properties":{},"geometry":{"type":"MultiPolygon","coordinates":[[[[167.2,-80.2],[175.1,-79],[174.7,-79.2],[174.3,-79.4],[174,-79.7],[172.8,-79.9],[171.4,-79.9],[172.1,-80.1],[167.8,-80.2],[167.2,-80.2]]]]}},{"type":"Feature","properties":{},"geometry":{"type":"MultiPolygon","coordinates":[[[[174.9,-79.7],[175.1,-79.4],[175.4,-79.4],[176,-79.5],[174.9,-79.7]]]]}},{"type":"Feature","properties":{},"geometry":{"type":"MultiPolygon","coordinates":[[[[151.6,-74],[157,-71.7],[158.2,-66.8],[163.1,-64.6],[168.4,-66.6],[171,-69.7],[165.5,-71.9],[158.5,-74.2],[151.6,-74]]]]}},{"type":"Feature","properties":{},"geometry":{"type":"MultiPolygon","coordinates":[[[[-180,-58.9],[-174.1,-56],[-168.3,-54.7],[-163.7,-54.6],[-158.4,-53],[-154.9,-51.5],[-151.9,-51.1],[-146.5,-51.2],[-142.2,-49.6],[-136,-50.3],[-130.9,-52.3],[-129,-53.7],[-126.1,-56.1],[-123.1,-56.7],[-119.9,-58.3],[-119.5,-58.5],[-119,-58.8],[-118.8,-59],[-118.4,-59.4],[-117.9,-59.7],[-117.6,-60],[-117.2,-60.3],[-116.8,-60.5],[-116.3,-61.6],[-116.8,-62.8],[-116.9,-63.9],[-116.4,-64.2],[-115.8,-64.8],[-115.4,-64.3],[-114.7,-65.8],[-114.9,-66.3],[-115.6,-65.7],[-116,-66],[-116.3,-66.4],[-116.7,-67],[-117.2,-67.6],[-118.2,-67.7],[-118.6,-67.8],[-120.3,-66.1],[-122.4,-64],[-123.9,-62.3],[-127.6,-61.1],[-129.9,-59.6],[-132.3,-59.2],[-134.2,-56.3],[-139.1,-54.9],[-144.5,-56],[-153.9,-57.1],[-164,-59.2],[-172.1,-59.8],[-179.1,-59.4],[-180,-58.9]]]]}},{"type":"Feature","properties":{},"geometry":{"type":"MultiPolygon","coordinates":[[[[-114.5,-67.5],[-115.7,-67.6],[-115.4,-67.1],[-114.3,-67.4],[-114.5,-67.5]]]]}},{"type":"Feature","properties":{},"geometry":{"type":"MultiPolygon","coordinates":[[[[162.4,-45.9],[162.9,-46],[165.8,-48.2],[169.1,-48.9],[168.4,-49.5],[166,-49.3],[165.1,-49.4],[162.8,-49.2],[162.4,-45.9]]]]}},{"type":"Feature","properties":{},"geometry":{"type":"MultiPolygon","coordinates":[[[[-85,-14.9],[-86.5,-14.8],[-87.1,-14.5],[-85.4,-13.9],[-85.4,-14],[-85.2,-14],[-85.2,-14.2],[-84.9,-14.4],[-84.6,-14.3],[-84.6,-14.5],[-84.5,-14.9],[-84.9,-14.8],[-85,-14.9]]]]}},{"type":"Feature","properties":{},"geometry":{"type":"MultiPolygon","coordinates":[[[[-85.3,-13.8],[-86.8,-13.1],[-86.6,-11.8],[-86.2,-10.1],[-86,-9],[-85.8,-8],[-85.6,-8.1],[-85.7,-8.3],[-85.7,-8.5],[-85.7,-8.6],[-85.8,-8.8],[-85.9,-8.9],[-85.7,-9.1],[-85.6,-9.3],[-85.9,-9.3],[-85.7,-9.4],[-85.6,-9.6],[-85.8,-9.9],[-86.2,-10],[-85.7,-10],[-85.7,-10.2],[-85.9,-10.3],[-86.1,-10.4],[-85.6,-10.4],[-85.9,-10.6],[-85.7,-10.7],[-85.6,-10.9],[-85.6,-11],[-85.9,-11.1],[-85.7,-11.3],[-85.6,-11.4],[-85.6,-11.7],[-86,-11.8],[-85.9,-12],[-86,-12.1],[-86.1,-12.1],[-86.3,-12.2],[-86.1,-12.3],[-86.1,-12.5],[-86.1,-12.6],[-86,-12.8],[-85.9,-13.2],[-85.7,-13.2],[-85.7,-13.3],[-86,-13.6],[-85.7,-13.6],[-85.5,-13.6],[-85.4,-13.7],[-85.3,-13.8]]]]}},{"type":"Feature","properties":{},"geometry":{"type":"MultiPolygon","coordinates":[[[[-100.7,-21.4],[-101,-21.3],[-101.7,-21.2],[-101.9,-21.2],[-102,-21.5],[-103,-21.4],[-103.5,-21.3],[-104.2,-21.3],[-103.8,-21.2],[-104,-21.2],[-104.2,-21.2],[-104.3,-21.2],[-104.4,-21.3],[-104.5,-21.3],[-104.9,-21.3],[-105.3,-21.3],[-106.4,-21.4],[-108.8,-21.4],[-111.4,-21.5],[-113.4,-21.1],[-115.4,-20.4],[-113.7,-19.7],[-110.8,-19.5],[-106.8,-19.4],[-103.8,-19.4],[-100.8,-20.1],[-99.5,-20.2],[-100.7,-21.4]]]]}},{"type":"Feature","properties":{},"geometry":{"type":"MultiPolygon","coordinates":[[[[-101,-21.7],[-101.9,-21.4],[-101.6,-21.3],[-101.4,-21.4],[-100.9,-21.6],[-101,-21.7]]]]}},{"type":"Feature","properties":{},"geometry":{"type":"MultiPolygon","coordinates":[[[[-117.9,-18.7],[-119.8,-16.7],[-119,-19.4],[-119.2,-19.3],[-119.8,-18.8],[-119.3,-19.2],[-119.6,-19.4],[-119.4,-19.5],[-119.4,-19.7],[-119.5,-19.6],[-119.6,-19.5],[-119.8,-19.6],[-119.9,-19.8],[-119.8,-20.2],[-120,-20.3],[-120.1,-20.1],[-120.1,-19.9],[-120,-19.6],[-120.1,-19.3],[-120.5,-19.5],[-120.5,-19.3],[-120.7,-19.2],[-120.9,-18.8],[-120.8,-18.5],[-120.9,-18.3],[-120.9,-18],[-120.9,-17.8],[-121.2,-17.8],[-121.8,-16.5],[-122.3,-16.2],[-122.4,-15.8],[-122.6,-15.8],[-122.7,-16],[-123.1,-15.9],[-123.8,-15.6],[-124,-15.4],[-124,-15.3],[-124.1,-15.2],[-124.1,-15.1],[-124.5,-15.2],[-124.4,-15.1],[-124.8,-15.1],[-124.8,-14.9],[-125,-15],[-125.3,-14.8],[-125.4,-15],[-125.6,-15],[-125.8,-15],[-125.9,-14.9],[-126.1,-15.2],[-126.4,-15.6],[-126.5,-15.7],[-126.8,-16],[-127.8,-16.2],[-127.4,-16],[-127.5,-15.9],[-127.8,-16],[-128,-16.2],[-128.4,-16.2],[-128.5,-16],[-128.6,-13.3],[-129.8,-11.7],[-129.1,-10.3],[-127.4,-9.1],[-126.8,-9.5],[-126.1,-9.5],[-125.6,-9.5],[-125.3,-10.5],[-125.1,-10.6],[-125,-11.3],[-125.1,-11.8],[-124.7,-12.6],[-124.3,-13.3],[-124.1,-13.6],[-123.5,-14.2],[-121.5,-13.6],[-119,-12.9],[-117.5,-13.8],[-117.9,-18.1],[-117.9,-18.7]]]]}},{"type":"Feature","properties":{},"geometry":{"type":"MultiPolygon","coordinates":[[[[-86.5,-8.7],[-86.7,-8.8],[-86.6,-8.8],[-86.5,-8.7]]]]}},{"type":"Feature","properties":{},"geometry":{"type":"MultiPolygon","coordinates":[[[[-86.7,-9],[-86.8,-10],[-87.2,-11.9],[-87.6,-14.2],[-88.1,-14.7],[-89.1,-13.7],[-89.1,-13.6],[-88.6,-13.6],[-88,-14],[-87.9,-14],[-87.8,-13.9],[-88.1,-13.7],[-88.3,-13.2],[-88.5,-13.4],[-88.7,-13.4],[-88.7,-12.8],[-88.7,-13.5],[-89.1,-13.3],[-89.2,-12.7],[-88.9,-12.1],[-89,-10.4],[-88.6,-8.7],[-88.5,-8.1],[-88.1,-8.4],[-88.5,-9],[-88.4,-9.1],[-88,-9.1],[-87.6,-9],[-87.2,-8.9],[-87.3,-9.4],[-87,-8.9],[-86.7,-9]]]]}},{"type":"Feature","properties":{},"geometry":{"type":"MultiPolygon","coordinates":[[[[-89.2,-13.7],[-89.2,-13.2],[-89.2,-13.4],[-89.2,-13.7]]]]}},{"type":"Feature","properties":{},"geometry":{"type":"MultiPolygon","coordinates":[[[[-86.3,-4.1],[-86.6,-4],[-86.6,-4.7],[-86.5,-4.9],[-86.4,-5.1],[-86.5,-5.1],[-86.5,-5.3],[-86.5,-5.5],[-86.9,-5.8],[-87,-5.6],[-87.2,-5.2],[-87.3,-5.1],[-87.4,-4.9],[-87.4,-4.7],[-87.4,-4.5],[-87.4,-4.3],[-87.7,-4.1],[-87.6,-3.9],[-87.7,-3.8],[-87.8,-3.7],[-87.8,-3.5],[-87.8,-3.4],[-87.5,-3.5],[-87.5,-3.4],[-87.5,-3.2],[-87.6,-3.1],[-87.7,-3],[-86.8,-3],[-86.3,-4.1]]]]}},{"type":"Feature","properties":{},"geometry":{"type":"MultiPolygon","coordinates":[[[[90.5,-74.1],[90.2,-74.1],[79.9,-74.6],[69,-74.9],[71.2,-72.4],[78.2,-69.7],[87.9,-71.3],[94,-73.2],[90.5,-74.1]]]]}},{"type":"Feature","properties":{},"geometry":{"type":"MultiPolygon","coordinates":[[[[-153.2,-78.1],[-144.8,-78],[-139.2,-77.9],[-123.3,-77.6],[-118.6,-78.5],[-126.3,-81.3],[-147.3,-81.4],[-153.2,-78.7],[-153.2,-78.1]]]]}},{"type":"Feature","properties":{},"geometry":{"type":"MultiPolygon","coordinates":[[[[-136.1,-66.5],[-132.2,-63.3],[-127.8,-65],[-130.3,-69],[-135.3,-68.7],[-136.1,-66.5]]]]}},{"type":"Feature","properties":{},"geometry":{"type":"MultiPolygon","coordinates":[[[[100,-55.6],[103,-57.1],[102,-58.9],[96.6,-58.5],[100,-55.6]]]]}},{"type":"Feature","properties":{},"geometry":{"type":"MultiPolygon","coordinates":[[[[114.2,-68.8],[117.4,-69.8],[116.3,-70.2],[118.3,-70.4],[119,-70.5],[121.7,-70.8],[123.5,-71.3],[123.4,-71.7],[126.4,-73.9],[124.6,-75.3],[123.2,-74.6],[122.4,-73.9],[121,-73],[120,-71.9],[117.9,-71],[117,-70.7],[114.9,-70.8],[114.2,-68.8]]]]}},{"type":"Feature","properties":{},"geometry":{"type":"MultiPolygon","coordinates":[[[[41.6,-78.1],[46.1,-79],[42.6,-78.8],[39.7,-78.5],[36.3,-77.6],[34.7,-76.9],[37.2,-77.2],[40,-77.6],[41.6,-78.1]]]]}},{"type":"Feature","properties":{},"geometry":{"type":"MultiPolygon","coordinates":[[[[115.7,-47.1],[117.9,-48],[116,-48],[113.7,-49.1],[109.4,-49.5],[113.5,-48.4],[114.7,-47.4],[115.7,-47.1]]]]}},{"type":"Feature","properties":{},"geometry":{"type":"MultiPolygon","coordinates":[[[[-125.6,-6.1],[-127.5,-4.8],[-128.3,-3.5],[-128,-1.4],[-127.7,-0.7],[-127.3,-0.8],[-126.3,-0.6],[-125.6,-1.6],[-126.1,-2.7],[-126.1,-3.7],[-125.5,-5.4],[-125.6,-6.1]]]]}},{"type":"Feature","properties":{},"geometry":{"type":"MultiPolygon","coordinates":[[[[112.4,-53.9],[113.8,-53.9],[115.9,-54.3],[115.4,-55.2],[111.9,-56.2],[109.1,-54.9],[110.3,-54.1],[112.4,-53.9]]]]}},{"type":"Feature","properties":{},"geometry":{"type":"MultiPolygon","coordinates":[[[[172.1,-64.9],[172.6,-66.3],[171,-66.1],[171.4,-64.6],[172.1,-64.9]]]]}},{"type":"Feature","properties":{},"geometry":{"type":"MultiPolygon","coordinates":[[[[-127.4,-9.1],[-128.1,-7.9],[-127.9,-5.9],[-128.2,-4.5],[-126.3,-5.5],[-125.7,-6.6],[-126,-8.2],[-127.4,-9.1]]]]}},{"type":"Feature","properties":{},"geometry":{"type":"MultiPolygon","coordinates":[[[[56.1,-57.5],[54,-61],[54,-65.7],[49.3,-66],[49.3,-63.7],[53.9,-59.6],[56.1,-57.5]]]]}},{"type":"Feature","properties":{},"geometry":{"type":"MultiPolygon","coordinates":[[[[-0.9,-46.3],[0,-45.9],[1,-45],[1.3,-44.6],[1.6,-44.4],[1.7,-44.7],[1.6,-45.5],[1.6,-46.2],[1.6,-46.3],[1.6,-46.7],[1.7,-47.2],[1.6,-47.6],[1.7,-47.8],[1.8,-48.1],[1.9,-48.3],[2.3,-48.6],[2.8,-49.1],[2.7,-49.6],[1.6,-50.6],[-2.2,-51.7],[-1.1,-49.4],[-1.1,-46.7],[-0.9,-46.3]]]]}},{"type":"Feature","properties":{},"geometry":{"type":"MultiPolygon","coordinates":[[[[-5.2,-52.3],[-0.9,-51.4],[-0.3,-52.6],[-0.3,-53.1],[-0.9,-54.1],[-1.7,-54.7],[-4.3,-56.3],[-5.1,-57],[-5.2,-56.8],[-5.1,-56.5],[-5.5,-56.5],[-6,-56.5],[-5.5,-56],[-5.5,-55.7],[-4.7,-55.5],[-4.6,-55.2],[-4.6,-55],[-4.5,-54.8],[-5.9,-54.4],[-5.2,-54.1],[-4.6,-53.2],[-5.2,-53],[-5,-52.7],[-5.3,-52.4],[-5.2,-52.3]]]]}},{"type":"Feature","properties":{},"geometry":{"type":"MultiPolygon","coordinates":[[[[2.7,-49.8],[3.4,-50.6],[4.6,-50.8],[4.9,-50.9],[5.4,-50.6],[6.4,-50.2],[6.7,-50.7],[6.9,-51.9],[6.5,-52.2],[6.5,-52.4],[6.5,-52.5],[6.3,-53.3],[6.8,-53.7],[6.7,-53.8],[6.8,-53.9],[6.8,-54.1],[6.6,-54.3],[6.5,-54.5],[6.3,-54.7],[6,-55],[5.7,-55.2],[5.6,-55.4],[5.6,-55.6],[5.4,-55.9],[5.2,-56.1],[4.7,-56.3],[4.4,-56.6],[4.2,-56.8],[2.5,-56.2],[2.3,-56.2],[2,-55.6],[0.4,-55.8],[0.2,-55.6],[-0.4,-55.6],[-2.3,-55.9],[-2.7,-55.9],[-3,-55.8],[-3.3,-56.1],[-3.5,-56.1],[-3.6,-56.2],[-3.7,-56.3],[-4,-56.4],[-4.5,-56.6],[-4.5,-56.9],[-3.9,-56.1],[-1.5,-54.6],[-0.7,-53.8],[-0.3,-53],[-0.4,-52.5],[1.6,-50.6],[2.7,-49.8]]]]}},{"type":"Feature","properties":{},"geometry":{"type":"MultiPolygon","coordinates":[[[[-1.6,-62.2],[-1.3,-62.2],[-0.8,-62.4],[-0.3,-62.7],[0.1,-62.8],[0.9,-62.9],[1.3,-62.9],[1.6,-63],[2.1,-63.1],[2.8,-63.3],[3.2,-63.4],[3.8,-63.5],[4.2,-63.5],[4.6,-63.6],[5,-63.5],[5.2,-63.6],[5.5,-64.1],[4.6,-64.7],[0.3,-65.2],[0.3,-65.4],[-2.5,-66.3],[-3.8,-67.3],[-4.8,-67.2],[-5.4,-67.3],[-6.1,-67.4],[-7,-67.4],[-7.6,-67.4],[-8.3,-67.3],[-9.3,-67.3],[-10.4,-67.3],[-11.2,-67.3],[-11.9,-67.2],[-12.6,-67],[-13.4,-67],[-13.9,-67.1],[-14.4,-67.1],[-14.6,-66.9],[-15.2,-67.1],[-15.8,-67.1],[-16.4,-67],[-16.2,-66.7],[-16.1,-66.3],[-16.4,-65.8],[-17.2,-65.7],[-18.3,-65.6],[-18.3,-64.4],[-17.5,-64],[-17.4,-64],[-17.8,-63.6],[-17.4,-63.8],[-16.9,-63.5],[-17.2,-63.2],[-15.2,-62.7],[-13.8,-61.9],[-12.3,-60.9],[-12.6,-60.7],[-12.7,-60.6],[-12.4,-60.3],[-12.2,-60.1],[-11.5,-60],[-10.8,-60.2],[-10.5,-60.1],[-10,-60.1],[-9.3,-60.4],[-8,-60.7],[-6.9,-61],[-4.8,-61.6],[-4.4,-61.7],[-3.8,-62],[-3.2,-62],[-1.6,-62.2]]]]}},{"type":"Feature","properties":{},"geometry":{"type":"MultiPolygon","coordinates":[[[[-16.4,-67],[-15.8,-67.1],[-15.2,-67.1],[-14.6,-66.9],[-14.4,-67.1],[-13.9,-67.1],[-13.4,-67],[-12.6,-67],[-11.9,-67.2],[-11.2,-67.3],[-10.4,-67.3],[-9.3,-67.3],[-8.3,-67.3],[-7.6,-67.4],[-7,-67.4],[-6.1,-67.4],[-5.4,-67.3],[-4.8,-67.2],[-3.8,-67.3],[-5,-67.8],[-6.4,-67.8],[-8.9,-68.1],[-11.1,-67.8],[-14.6,-67.4],[-16,-67.5],[-16.4,-67]]]]}},{"type":"Feature","properties":{},"geometry":{"type":"MultiPolygon","coordinates":[[[[135,-39],[139.2,-35.9],[139.4,-35.9],[139.6,-36],[140.2,-35.9],[140,-36.7],[139.9,-37.1],[139,-37.9],[139,-38.3],[139.8,-38.6],[139.1,-38.5],[139.2,-39.1],[138.5,-38.8],[138.1,-38.7],[138,-39.2],[137.6,-39.7],[137.4,-39.1],[136.5,-39.3],[136.1,-39.3],[135.4,-39.2],[135,-39]]]]}},{"type":"Feature","properties":{},"geometry":{"type":"MultiPolygon","coordinates":[[[[136,-39.9],[136,-39.5],[136.4,-39.9],[136,-39.9]]]]}},{"type":"Feature","properties":{},"geometry":{"type":"MultiPolygon","coordinates":[[[[119.5,-37.2],[119.6,-37.2],[119.6,-37.3],[119.6,-37.4],[119.5,-37.2]]]]}},{"type":"Feature","properties":{},"geometry":{"type":"MultiPolygon","coordinates":[[[[119.9,-38.8],[120.1,-38.6],[120.2,-38.5],[120.5,-38.5],[120.6,-38.4],[119.9,-38.8]]]]}},{"type":"Feature","properties":{},"geometry":{"type":"MultiPolygon","coordinates":[[[[121.9,-37.9],[124.3,-35.9],[126,-37.1],[126.9,-38.1],[127.4,-39],[126.9,-39.5],[126.6,-39.5],[126.3,-38.9],[125.3,-39],[125.5,-38.8],[124.6,-38.8],[123.9,-38.1],[123.2,-38],[121.9,-37.9]]]]}},{"type":"Feature","properties":{},"geometry":{"type":"MultiPolygon","coordinates":[[[[128.3,-40],[132.3,-37.7],[134.4,-35.1],[134.6,-39.5],[132,-40.1],[131.8,-40.2],[131.6,-40.6],[131,-40.3],[130.7,-40.6],[129.5,-40.1],[129.1,-40.2],[128.3,-40]]]]}},{"type":"Feature","properties":{},"geometry":{"type":"MultiPolygon","coordinates":[[[[134.4,-35.1],[139.2,-34.4],[139.4,-35.4],[139.4,-35.9],[139.2,-35.9],[135,-39],[134.5,-36.5],[134.4,-35.1]]]]}},{"type":"Feature","properties":{},"geometry":{"type":"MultiPolygon","coordinates":[[[[-88.2,-5.3],[-88.3,-5.5],[-88,-5.8],[-88.1,-6.6],[-88.5,-6.8],[-88.7,-7.5],[-89.3,-8.4],[-89.3,-9.2],[-89.6,-10.1],[-89.6,-11.4],[-89.7,-12.3],[-90.1,-13.4],[-90.4,-13.7],[-91,-13.7],[-91.6,-13.6],[-92.3,-13.5],[-93.2,-13.5],[-93.7,-13.3],[-94.5,-13.6],[-95.2,-14.9],[-95.9,-15.3],[-96.5,-16.1],[-97.2,-17],[-97.7,-16.8],[-97.6,-16.4],[-97.5,-15.9],[-97.9,-15.9],[-98,-15.4],[-98.4,-15.1],[-98.4,-14.9],[-99.6,-15],[-99.9,-14.8],[-100,-14.9],[-100.1,-14.6],[-101,-14.6],[-101.4,-14.6],[-101.6,-14.7],[-101.9,-14.5],[-102.3,-14.5],[-102.2,-14],[-102.3,-13.8],[-102.4,-13.8],[-102.5,-13.7],[-102.4,-13.6],[-102.5,-13.5],[-103.5,-12.2],[-103.4,-12],[-103.3,-11.5],[-103.2,-11.3],[-103.1,-10.4],[-103.2,-9],[-103.6,-8.4],[-103.7,-8.5],[-103.9,-8.5],[-104.3,-8.4],[-104.7,-8.3],[-105.6,-7.4],[-106.1,-7.3],[-106.8,-7.5],[-107.7,-7.7],[-108.8,-7.9],[-109.3,-8],[-109.7,-8.7],[-111,-7.9],[-112.8,-7.1],[-112.7,-6],[-112.2,-3.8],[-111.2,-3.1],[-110.1,-2.2],[-108.6,-1.4],[-107.6,-0.9],[-105.9,0.1],[-104.8,0.2],[-104.9,0],[-105,-0.3],[-105.4,-0.5],[-105.5,-0.8],[-105.4,-0.7],[-104.6,-0.2],[-104.6,0.3],[-103.3,0.3],[-102.6,0.4],[-102.2,0.4],[-101.3,0.5],[-100.9,0.2],[-100.4,-0.2],[-99.4,-1.9],[-97.7,-2.9],[-97.8,-4],[-97.5,-5.5],[-96.9,-6.1],[-96.6,-6.5],[-97.2,-7.3],[-98,-8.3],[-98.1,-9.2],[-98.2,-10.2],[-97.9,-10.7],[-97.5,-10.5],[-97.6,-11],[-97.3,-10.8],[-96.9,-10.5],[-96.6,-10.3],[-96.6,-10],[-96.4,-9.9],[-96.4,-9.7],[-96,-9.2],[-96,-9.1],[-95.8,-8.9],[-95.7,-8.8],[-95.8,-8.4],[-95.7,-8.2],[-94.4,-8.3],[-93.3,-8.1],[-92.5,-6.8],[-92.5,-6.2],[-92.5,-5.5],[-92.5,-5.4],[-92.3,-5.3],[-91.9,-5.2],[-91.7,-5.2],[-91.6,-5.1],[-91.3,-5],[-91.2,-4.7],[-91,-4.2],[-90.9,-4.2],[-89.9,-4.3],[-88.6,-4.6],[-88.5,-5.1],[-88.2,-5.3]]]]}},{"type":"Feature","properties":{},"geometry":{"type":"MultiPolygon","coordinates":[[[[-104.7,-10.7],[-104.9,-11.2],[-104.9,-11.3],[-105.1,-11.3],[-105.2,-11],[-105.9,-10.4],[-106.9,-9],[-107.3,-8.5],[-107.2,-8.3],[-106.6,-8.6],[-105.4,-9.4],[-105,-9.7],[-104.8,-10.1],[-104.7,-10.7]]]]}},{"type":"Feature","properties":{},"geometry":{"type":"MultiPolygon","coordinates":[[[[-94.1,-7],[-94.3,-7.1],[-94.4,-7.1],[-94.6,-7],[-94.9,-7.1],[-94.5,-6.9],[-94.5,-7],[-94.1,-7]]]]}},{"type":"Feature","properties":{},"geometry":{"type":"MultiPolygon","coordinates":[[[[-93.9,11.7],[-97.7,9.8],[-99.1,9.8],[-99.6,10.6],[-99.4,11.4],[-99.4,11.8],[-98.8,12.1],[-97.3,12.7],[-96,12.8],[-94.6,13.2],[-94.4,14],[-94.6,17.1],[-93.5,17.8],[-92.9,18],[-92.7,17.9],[-92.6,18],[-93.4,17.2],[-93.6,16.8],[-93.4,16.8],[-93.2,16.8],[-93.1,16.9],[-92.9,16.9],[-92.8,16.8],[-92.7,16.7],[-93.2,16.6],[-93.5,16.4],[-93.4,16.2],[-93.3,15],[-93.4,13.9],[-93.3,13.7],[-93.5,12.8],[-93.8,13],[-94.3,13.2],[-94,11.8],[-93.9,11.7]]]]}},{"type":"Feature","properties":{},"geometry":{"type":"MultiPolygon","coordinates":[[[[-93.6,18.8],[-94.3,19.7],[-94.5,20.9],[-94.2,21.1],[-94.3,20.7],[-94.3,20.5],[-94.2,20.5],[-93.9,20.6],[-93.9,20.5],[-93.9,20.4],[-93.7,20.2],[-93.5,20],[-93.6,19.8],[-93.8,19.8],[-93.7,19.6],[-93.4,19.4],[-93.1,19],[-93,18.8],[-92.9,18.7],[-93,18.6],[-93.3,18.7],[-93.6,18.8]]]]}},{"type":"Feature","properties":{},"geometry":{"type":"MultiPolygon","coordinates":[[[[-98.4,9.3],[-98.8,9.7],[-98.5,9.5],[-98.4,9.3]]]]}},{"type":"Feature","properties":{},"geometry":{"type":"MultiPolygon","coordinates":[[[[-100.2,11.1],[-99.6,11.5],[-99.9,11.1],[-100.2,11.1]]]]}},{"type":"Feature","properties":{},"geometry":{"type":"MultiPolygon","coordinates":[[[[-98.7,9],[-99.5,9.6],[-98.9,9.5],[-98.7,9]]]]}},{"type":"Feature","properties":{},"geometry":{"type":"MultiPolygon","coordinates":[[[[-90.1,9.5],[-90.5,9.4],[-90.7,9.5],[-90.9,9.4],[-90.9,9.7],[-91,9.5],[-91.1,9.4],[-91.7,9.3],[-91.8,9.6],[-91.9,10],[-91.8,10.4],[-92.4,11.1],[-92.9,11.6],[-93.1,11.8],[-93.2,12.7],[-92.8,12.7],[-92.7,13.9],[-92.3,14.3],[-91.6,12.7],[-91.4,12.5],[-91.3,13.3],[-91.7,14],[-91.7,14.5],[-91.5,14.8],[-90.8,14.3],[-90.7,14.1],[-90.9,14.7],[-90.8,14.8],[-90.8,15],[-90.3,15.2],[-90,15.2],[-89.3,14],[-89.4,13.8],[-89,13.7],[-89.5,13.2],[-89.3,13.1],[-89.4,13.1],[-89.2,12.9],[-89,12.9],[-88.9,13],[-88.9,12.7],[-89,12.4],[-89.7,12],[-89.5,11.9],[-88.3,12.6],[-88.2,12.2],[-88.3,11.7],[-89.5,10.7],[-89.9,10.6],[-90.1,10.1],[-90.1,9.9],[-90.1,9.5]]]]}},{"type":"Feature","properties":{},"geometry":{"type":"MultiPolygon","coordinates":[[[[-88.3,15.9],[-88.5,15.7],[-88.7,14.6],[-90.1,15.4],[-90.6,15.7],[-91.3,15.9],[-91.1,16.7],[-90.7,17.4],[-89.8,17.1],[-88.4,17.3],[-88.3,15.9]]]]}},{"type":"Feature","properties":{},"geometry":{"type":"MultiPolygon","coordinates":[[[[-86.7,10.5],[-88.3,9.9],[-88.2,10.3],[-88.2,10.6],[-87.7,10.7],[-87.8,10.4],[-87.6,10.4],[-87.3,10.6],[-87.1,10.6],[-87,10.9],[-86.9,11],[-86.6,10.7],[-86.7,10.5]]]]}},{"type":"Feature","properties":{},"geometry":{"type":"MultiPolygon","coordinates":[[[[-88.2,11.7],[-87.7,12.3],[-88.1,11.6],[-88.2,11.7]]]]}},{"type":"Feature","properties":{},"geometry":{"type":"MultiPolygon","coordinates":[[[[-103.2,0.3],[-104,0.2],[-104.6,0.3],[-104.8,0.6],[-105.1,0.3],[-104.8,0.2],[-105.9,0.1],[-107.6,-0.9],[-108.6,-1.4],[-110.1,-2.2],[-111.2,-3.1],[-112.2,-3.8],[-111.5,-2.2],[-109.3,-0.9],[-108.5,-0.5],[-108.2,-0.1],[-107.4,0.7],[-105.3,1.7],[-104,2.2],[-103.7,2.3],[-103.6,2.4],[-103.4,2.5],[-103.5,2.1],[-103.6,2],[-103.2,1.5],[-103.1,1.3],[-103,1.1],[-102.6,0.9],[-102.6,0.7],[-102.9,0.4],[-103.2,0.3]]]]}},{"type":"Feature","properties":{},"geometry":{"type":"MultiPolygon","coordinates":[[[[-100.9,0.3],[-100.9,0.2],[-101.3,0.5],[-102.2,0.4],[-102.6,0.4],[-102.9,0.4],[-102.6,0.7],[-102.6,0.9],[-103,1.1],[-103.1,1.3],[-103.2,1.5],[-103.6,2],[-103.5,2.1],[-103.4,2.5],[-103.6,2.6],[-103.7,2.6],[-103.6,2.7],[-102.9,2.7],[-102.8,3],[-102.6,3.1],[-102.2,3],[-102.1,2.8],[-101.7,2.2],[-101.9,1.9],[-101.7,1.3],[-101.4,0.9],[-100.9,0.3]]]]}},{"type":"Feature","properties":{},"geometry":{"type":"MultiPolygon","coordinates":[[[[-102.6,3.3],[-103,3.3],[-103.8,3.6],[-103.9,3.7],[-102.8,3.4],[-102.6,3.3]]]]}},{"type":"Feature","properties":{},"geometry":{"type":"MultiPolygon","coordinates":[[[[-87.9,4],[-87.8,3.8],[-87.4,3.8],[-86.6,3.2],[-86.8,3.1],[-87.2,2.9],[-87.4,3],[-87.4,2.9],[-87.6,2.5],[-88.5,1.7],[-89.1,1.7],[-89.1,2.1],[-89,2.3],[-89.1,2.5],[-89,2.4],[-89.1,2.2],[-89.3,1.7],[-89.4,2],[-89.6,2.1],[-89.7,2.6],[-89.9,2.3],[-90.7,2.2],[-91.1,2.9],[-91.1,3.3],[-91.3,3.5],[-91.2,2.4],[-91.3,1.8],[-91.7,1.8],[-92.3,1.8],[-92.5,1.9],[-92.6,2],[-92.8,2],[-93.3,2.2],[-93.5,2.9],[-93.7,3.5],[-93.7,3.2],[-93.5,2.9],[-93.6,2.8],[-93.4,2.2],[-93.5,1.9],[-94.1,2.3],[-94.6,3.2],[-96.7,3.9],[-97.3,5],[-98.7,5],[-99.6,5.4],[-100.2,5.6],[-100.8,5.7],[-101.9,7.6],[-101.2,6.8],[-101,6.5],[-101.3,7.4],[-101.9,8],[-100.9,8.6],[-99.8,9],[-99.1,9],[-97.2,7.9],[-96.7,7.6],[-95.2,8.1],[-93.6,8.5],[-92.5,8.7],[-92.3,8.3],[-92.2,8.1],[-92,7.9],[-91.6,7.2],[-91.6,6.8],[-91.3,6.9],[-91.4,7.2],[-91.4,7.3],[-91.2,7.5],[-91,7.3],[-90.8,7.2],[-90.9,6.8],[-91.1,6.8],[-91.3,6.5],[-91.4,6.3],[-91.4,6.1],[-91.5,5.9],[-91.1,6.3],[-90.2,6.2],[-89.7,6.3],[-89.9,6.4],[-89.6,6.6],[-89.5,6.6],[-89.2,6.7],[-89.4,7.1],[-89.4,7.7],[-88.8,7.9],[-88.7,8.3],[-87.7,8.3],[-87.5,8.3],[-87.5,8],[-88.1,7],[-88.2,6.8],[-88.1,6.7],[-88.4,6.8],[-88.6,6.8],[-88.8,6.4],[-88.8,6.2],[-88.6,5.9],[-88.8,5.8],[-88.9,6],[-89.1,5.4],[-89.5,5.1],[-89.3,5],[-88.5,4.9],[-89,4.4],[-89.4,4],[-89.6,3.5],[-89.4,3.4],[-89.3,3.5],[-89,3.6],[-87.9,4]]]]}},{"type":"Feature","properties":{},"geometry":{"type":"MultiPolygon","coordinates":[[[[-90,2.1],[-90.2,1.7],[-90,1.5],[-90,0.7],[-90,-0.4],[-89.9,-0.7],[-89.8,-0.9],[-90,-1],[-90.7,-0.5],[-90.5,0.1],[-91,0],[-91.9,0],[-91.9,0.7],[-92.1,1.1],[-90.9,1.6],[-90,2.1]]]]}},{"type":"Feature","properties":{},"geometry":{"type":"MultiPolygon","coordinates":[[[[-86.7,8.8],[-86,9.4],[-85.5,9.5],[-85.3,9.2],[-85.4,8.5],[-85.8,8.4],[-86.7,8.8]]]]}},{"type":"Feature","properties":{},"geometry":{"type":"MultiPolygon","coordinates":[[[[-87.3,8.4],[-86.7,8.8],[-87.2,8.3],[-87.3,8.4]]]]}},{"type":"Feature","properties":{},"geometry":{"type":"MultiPolygon","coordinates":[[[[-89.8,7.9],[-89.9,7.4],[-90.1,6.8],[-90.4,6.8],[-90.7,7.2],[-90.8,7.6],[-90.8,7.9],[-90.8,8],[-90.9,8.1],[-90.6,8.2],[-90.3,8.1],[-90.1,8.1],[-89.8,7.9]]]]}},{"type":"Feature","properties":{},"geometry":{"type":"MultiPolygon","coordinates":[[[[-91,-1.2],[-91.9,-1.2],[-91.5,-0.7],[-91,-1],[-91,-1.2]]]]}},{"type":"Feature","properties":{},"geometry":{"type":"MultiPolygon","coordinates":[[[[-89.6,1.5],[-89.6,1.3],[-89.7,1.5],[-89.6,1.5]]]]}},{"type":"Feature","properties":{},"geometry":{"type":"MultiPolygon","coordinates":[[[[-89.6,7.4],[-89.7,7.2],[-89.8,7.3],[-89.6,7.4]]]]}},{"type":"Feature","properties":{},"geometry":{"type":"MultiPolygon","coordinates":[[[[-91.4,-18.6],[-92,-18.7],[-92.7,-18.2],[-92.5,-18.5],[-92,-18.9],[-91.9,-19],[-91.9,-19.1],[-92,-19.2],[-92.2,-19.4],[-92.2,-19.6],[-93.2,-19.8],[-94.9,-20.2],[-96,-20.3],[-97.1,-20.5],[-98,-20.6],[-100.4,-21.6],[-100.7,-21.3],[-98.8,-19.6],[-98.6,-19.3],[-98.4,-19.2],[-97.6,-19],[-96.9,-18.8],[-96.4,-19],[-95.7,-18.9],[-94.9,-18.3],[-93.8,-17.9],[-93.5,-17.9],[-92.9,-17.9],[-92.4,-17.9],[-91.6,-18.2],[-91.4,-18.6]]]]}},{"type":"Feature","properties":{},"geometry":{"type":"MultiPolygon","coordinates":[[[[-89.8,-20.2],[-89.9,-20.2],[-89.7,-20.2],[-89.8,-20.2]]]]}},{"type":"Feature","properties":{},"geometry":{"type":"MultiPolygon","coordinates":[[[[51.7,-43.5],[52.3,-43.8],[52.8,-43.7],[53.5,-43.6],[54.8,-43.4],[56.6,-42.9],[58.7,-42.4],[60.6,-40.8],[61,-40.5],[62.5,-39.7],[64.1,-39.1],[65.9,-37.9],[67.5,-36.5],[69.7,-35.7],[69.3,-35.8],[69,-36],[69.2,-36.9],[69.5,-38.1],[68.9,-38.9],[67.9,-39.7],[67.3,-40.5],[66.1,-40.8],[65.9,-40.8],[64.5,-41.2],[64,-41.8],[63.6,-42.2],[63.5,-42],[63.6,-42.3],[64.1,-42.5],[63.8,-42.9],[64.6,-43.4],[64.7,-43.1],[65.8,-43],[66.7,-42.8],[66.9,-42.8],[67.1,-42.8],[67.5,-42.6],[67.9,-42.5],[68,-42.3],[68.8,-41.8],[69,-41.8],[69.6,-42.1],[70,-42],[71,-41.7],[70.5,-41.4],[70.3,-41.3],[69.8,-41.2],[70,-40.7],[70.2,-40.7],[70.8,-40.8],[71.6,-41.1],[71.6,-41],[72,-41],[72.1,-40.8],[72.6,-40.6],[72.6,-40.3],[72.6,-39.4],[72.5,-38.5],[72.4,-38.5],[72.3,-38.2],[72.2,-38.2],[71.8,-38],[71.2,-37.3],[70.8,-36.9],[70.3,-36.4],[70.1,-36.4],[70.2,-36.3],[70.3,-36.4],[70.6,-36.3],[71.8,-36.5],[76,-36.7],[81.7,-38.4],[82.1,-39.7],[83.6,-40.7],[84.7,-42.8],[85.7,-43.9],[84.3,-46.2],[82.6,-45.6],[77.9,-45.7],[74.8,-46.1],[72.1,-46.8],[70.1,-47.6],[68.5,-48],[67.7,-48.4],[66.5,-48.5],[65.6,-48.9],[65,-49.8],[65.3,-50.3],[66.7,-50.7],[66.1,-51.7],[64.8,-53.3],[63,-53.7],[60.7,-54],[59.2,-53.9],[59.1,-53.9],[57.6,-53.2],[56.3,-52.6],[55.5,-52.4],[54.6,-52],[54.1,-51.9],[53.4,-51.6],[51.7,-50.9],[50.6,-50.4],[50,-50.2],[49.2,-49.1],[49,-48],[48.9,-47.2],[49,-46.4],[50.2,-44.5],[51.7,-43.5]]]]}},{"type":"Feature","properties":{},"geometry":{"type":"MultiPolygon","coordinates":[[[[69.3,-36.4],[69.5,-37.3],[69.2,-36.5],[69.3,-36.4]]]]}},{"type":"Feature","properties":{},"geometry":{"type":"MultiPolygon","coordinates":[[[[63.9,-42.9],[64,-43],[63.9,-43],[63.9,-42.9]]]]}},{"type":"Feature","properties":{},"geometry":{"type":"MultiPolygon","coordinates":[[[[52.4,-32.7],[56.3,-32.5],[59.2,-32.6],[62,-31.1],[63.2,-32.4],[63.3,-33.6],[62.8,-35.4],[61,-35.4],[59.3,-37],[56.4,-38.7],[53.5,-38.7],[51.7,-35.3],[51.3,-34],[50.5,-34],[51.4,-33.2],[52.4,-32.7]]]]}},{"type":"Feature","properties":{},"geometry":{"type":"MultiPolygon","coordinates":[[[[70.4,-21.9],[69.9,-26.6],[70.4,-31.1],[69.3,-32.7],[66.4,-33.3],[63.9,-32],[64.7,-29.2],[68.3,-25.2],[68.8,-23.8],[70.4,-21.9]]]]}},{"type":"Feature","properties":{},"geometry":{"type":"MultiPolygon","coordinates":[[[[24,-68.1],[18,-67.7],[13,-66.9],[15.3,-66.2],[15.5,-66.2],[15.8,-66],[16.9,-65.8],[18.4,-65.1],[18.7,-65.2],[19.1,-65.1],[19.8,-65.4],[21.1,-65],[21.5,-66.1],[22.7,-66.4],[22.4,-67.8],[24,-68.1]]]]}},{"type":"Feature","properties":{},"geometry":{"type":"MultiPolygon","coordinates":[[[[26.4,-62.1],[26.8,-63.1],[27.4,-63.5],[26.6,-63.8],[23.2,-63.8],[22.3,-63.4],[22.8,-63.2],[24,-63.1],[25.8,-62.4],[26.4,-62.1]]]]}},{"type":"Feature","properties":{},"geometry":{"type":"MultiPolygon","coordinates":[[[[23.7,-66.5],[23.8,-66.9],[24.2,-67.6],[23,-68],[20.8,-68.3],[21.6,-67.7],[21.8,-66.3],[21,-66.1],[23.7,-66.5]]]]}},{"type":"Feature","properties":{},"geometry":{"type":"MultiPolygon","coordinates":[[[[43.2,-46.1],[43.4,-46.1],[43.6,-46],[44.1,-45.7],[44.5,-45.5],[44.6,-46.4],[44.4,-47.4],[44.4,-48.1],[44.5,-49.3],[44.2,-50],[44.4,-50.4],[43.4,-51.5],[43.5,-51.9],[42.9,-52.6],[39.9,-53.4],[39.3,-54.1],[38.9,-54.5],[38.6,-54.6],[37.9,-54.7],[37.9,-54.8],[37.6,-55],[37.3,-55.2],[37.5,-54.9],[36.9,-55],[36.4,-55],[36.2,-54.8],[35.5,-54.8],[34.9,-54.6],[34.7,-54.2],[35.1,-53.3],[35,-52.6],[35.6,-52.1],[36.5,-51.4],[37.6,-50.8],[38.4,-50],[42.3,-48.7],[42.9,-46.9],[43.2,-46.1]]]]}},{"type":"Feature","properties":{},"geometry":{"type":"MultiPolygon","coordinates":[[[[41.9,-45.8],[41.7,-46.6],[41.2,-48.4],[37.6,-49.5],[38.1,-48.6],[38.5,-47.6],[38.8,-47.1],[39.5,-47],[39.8,-46.9],[40.2,-46.7],[40.5,-46.5],[40.9,-46.2],[41.1,-46.1],[41.4,-45.9],[41.7,-45.8],[41.9,-45.8]]]]}},{"type":"Feature","properties":{},"geometry":{"type":"MultiPolygon","coordinates":[[[[-74,9.4],[-73.8,9],[-74.1,9.2],[-74.1,8.9],[-74.1,8.6],[-74.3,8.6],[-74.8,8.8],[-74.7,9.1],[-74.9,9.4],[-75,9.1],[-75.2,9.6],[-75.2,9.8],[-74.8,10],[-74.9,9.6],[-74.5,9.5],[-74.2,9.5],[-74,9.4]]]]}},{"type":"Feature","properties":{},"geometry":{"type":"MultiPolygon","coordinates":[[[[-73,8.3],[-72.8,7.5],[-73.2,7.5],[-73.4,7.7],[-73.6,7.9],[-73.7,8.1],[-73.4,8.6],[-74.1,8.4],[-73.8,8.5],[-73.6,8.9],[-73,8.3]]]]}},{"type":"Feature","properties":{},"geometry":{"type":"MultiPolygon","coordinates":[[[[53,-38.8],[55.7,-38.9],[58.9,-37.5],[60.5,-35.5],[62.4,-35.7],[61.1,-36.7],[59.6,-38.2],[57.7,-39.6],[56.4,-40.1],[55.2,-40.6],[54.3,-41.3],[52.8,-42.9],[50.7,-43.3],[48.8,-44],[47.3,-44.3],[46.6,-44.4],[45.9,-44.4],[45.3,-44.3],[45.4,-43.8],[46,-42.1],[47.5,-42.1],[49,-41.7],[50.2,-40.9],[51.3,-40.3],[53,-38.8]]]]}},{"type":"Feature","properties":{},"geometry":{"type":"MultiPolygon","coordinates":[[[[49.4,-39.6],[50.1,-37.4],[50.1,-36.9],[50,-35.1],[50.6,-34.2],[51.3,-35.4],[53,-38.8],[51.3,-40.3],[50.2,-40.9],[49,-41.7],[47.5,-42.1],[46,-42.1],[46.9,-40.7],[48,-40.6],[48.9,-39.9],[49.4,-39.6]]]]}},{"type":"Feature","properties":{},"geometry":{"type":"MultiPolygon","coordinates":[[[[-0.1,-43.1],[1.4,-44.2],[1.3,-44.6],[0.9,-45.2],[0,-45.9],[-0.9,-46.3],[-1.5,-45.8],[-2.1,-43.7],[-1.4,-43.4],[-0.4,-43.1],[-0.1,-43.1]]]]}},{"type":"Feature","properties":{},"geometry":{"type":"MultiPolygon","coordinates":[[[[3.1,-68],[4.5,-68.1],[7.1,-67.8],[12.3,-67.7],[11.6,-68],[10.5,-68],[7.5,-68.1],[4.1,-68.8],[-0.9,-69.3],[-3.5,-69.6],[-5.8,-69.6],[-3.6,-69],[-1.9,-68.9],[2.1,-67.9],[3.1,-68]]]]}},{"type":"Feature","properties":{},"geometry":{"type":"MultiPolygon","coordinates":[[[[-10.3,-69.4],[-8.6,-69.4],[-8.2,-69.5],[-7.5,-69.6],[-6.8,-69.6],[-9.4,-70],[-12,-70.4],[-15,-70.4],[-17.3,-69.9],[-14.5,-68.6],[-13.4,-69.5],[-11.7,-69.6],[-10.3,-69.4]]]]}},{"type":"Feature","properties":{},"geometry":{"type":"MultiPolygon","coordinates":[[[[-13.8,-69],[-15.2,-68.8],[-16.8,-68.2],[-15.5,-67.7],[-14.9,-68.8],[-13.8,-69]]]]}},{"type":"Feature","properties":{},"geometry":{"type":"MultiPolygon","coordinates":[[[[-2.8,-42.4],[-2,-42.5],[-1,-42.7],[-0.1,-43.1],[-1.3,-43.3],[-1.8,-43.7],[-1.7,-45.3],[-1.2,-46.4],[-1.1,-46.7],[-1.1,-50.1],[-2.2,-51.7],[-2.7,-50.9],[-3.1,-47.5],[-3.8,-44.3],[-2.8,-42.4]]]]}},{"type":"Feature","properties":{},"geometry":{"type":"MultiPolygon","coordinates":[[[[11.6,-68],[2.1,-71.2],[-12.3,-72.3],[-28.7,-72.8],[-28.9,-72.7],[-25.6,-71.2],[-20,-70.4],[-17.3,-69.9],[-14.6,-70.4],[-11.1,-70.4],[-9,-69.8],[-6.6,-69.6],[-5.9,-69.6],[-5.2,-69.5],[-2.5,-69.5],[1.1,-69.2],[5.7,-68.6],[9.5,-68],[11.6,-68]]]]}},{"type":"Feature","properties":{},"geometry":{"type":"MultiPolygon","coordinates":[[[[23.6,-60.1],[21.8,-59.5],[24.5,-58.9],[25.9,-59.5],[23.8,-59.5],[23.5,-60],[23.6,-60.1]]]]}},{"type":"Feature","properties":{},"geometry":{"type":"MultiPolygon","coordinates":[[[[-72.4,7.4],[-72.9,8.1],[-73.1,8.3],[-73.3,8.5],[-73.8,9.4],[-73.6,9.5],[-73.3,9.3],[-72.8,9],[-72.3,8.7],[-72.5,8.4],[-72.3,7.4],[-72.4,7.4]]]]}},{"type":"Feature","properties":{},"geometry":{"type":"MultiPolygon","coordinates":[[[[-73.5,10.2],[-73.1,10.2],[-73.1,10.3],[-72.9,10.4],[-72.8,10.3],[-72.7,10.4],[-72.5,10.4],[-72.1,10.3],[-72.2,9.7],[-72.4,9.5],[-72.8,9.5],[-73.3,9.4],[-73.4,9.7],[-73.4,9.8],[-73.5,10.2]]]]}},{"type":"Feature","properties":{},"geometry":{"type":"MultiPolygon","coordinates":[[[[-71.3,8.2],[-71.4,7.9],[-72.1,8.2],[-71.3,8.2]]]]}},{"type":"Feature","properties":{},"geometry":{"type":"MultiPolygon","coordinates":[[[[-72.3,8.7],[-72,8.5],[-72.3,8.5],[-72.3,8.7]]]]}},{"type":"Feature","properties":{},"geometry":{"type":"MultiPolygon","coordinates":[[[[-109.7,-69.6],[-114.7,-69.4],[-114.9,-69.4],[-114.7,-69.1],[-114.7,-68.9],[-113.7,-68.9],[-113.3,-68.7],[-112.9,-68.5],[-112.9,-68.3],[-112.7,-68.2],[-111.3,-67.9],[-110.2,-67.8],[-110.5,-67.8],[-109,-67.4],[-108.2,-67.4],[-107.9,-67.3],[-107.8,-67.3],[-108,-67.1],[-107.5,-67.7],[-108.9,-68.5],[-109.8,-69.3],[-109.7,-69.6]]]]}},{"type":"Feature","properties":{},"geometry":{"type":"MultiPolygon","coordinates":[[[[-111,-72.3],[-111.7,-72.1],[-110.6,-72.2],[-109.9,-72.2],[-109.5,-72],[-110.2,-72.4],[-111,-72.3]]]]}},{"type":"Feature","properties":{},"geometry":{"type":"MultiPolygon","coordinates":[[[[-109.8,-71],[-109.5,-71.6],[-109.6,-71],[-109.8,-71]]]]}},{"type":"Feature","properties":{},"geometry":{"type":"MultiPolygon","coordinates":[[[[149.6,-19.9],[146.5,-16.6],[145.3,-13.8],[145.7,-14.6],[146.6,-15.6],[146.3,-15.9],[146.7,-16.4],[146.8,-16.3],[147,-15.9],[147.2,-15.6],[147.6,-15.2],[147.9,-15.1],[148.2,-15.5],[148.3,-15.4],[148.1,-14.3],[148.5,-14.5],[148.6,-14.9],[148.8,-15.8],[149.1,-16.5],[149.4,-17.1],[149.7,-17.8],[150.3,-18],[149.7,-18.3],[150,-19.1],[149.7,-19.7],[149.6,-19.9]]]]}},{"type":"Feature","properties":{},"geometry":{"type":"MultiPolygon","coordinates":[[[[149.9,-15.1],[149.8,-15.3],[150,-15.4],[150.3,-15.6],[150.1,-15.7],[150.1,-16],[149.7,-15.9],[149.6,-15.8],[149.3,-15.3],[149.2,-14.3],[149.6,-14.5],[149.7,-14.7],[149.8,-14.9],[149.9,-15.1]]]]}},{"type":"Feature","properties":{},"geometry":{"type":"MultiPolygon","coordinates":[[[[88.8,-2.9],[89.2,-3.4],[89.3,-4.4],[89.1,-4.5],[88.7,-3.7],[88.8,-2.9]]]]}},{"type":"Feature","properties":{},"geometry":{"type":"MultiPolygon","coordinates":[[[[68.4,-24.3],[66.9,-26.6],[63.2,-30.9],[61,-28],[64.2,-26.9],[68.4,-24.3]]]]}},{"type":"Feature","properties":{},"geometry":{"type":"MultiPolygon","coordinates":[[[[71.1,-32.3],[72.5,-34.2],[71.9,-34.1],[72.2,-34.1],[71.2,-34.7],[70.7,-35.2],[70.1,-35.3],[69.9,-35.3],[69.5,-35.6],[68.6,-36.1],[68.5,-36.3],[68.3,-36.4],[67.7,-36.6],[66.7,-36.9],[66.5,-36.9],[65.9,-37.1],[65.2,-37.3],[64.3,-37.5],[63.6,-37.7],[62.8,-37.5],[62.3,-37],[62.5,-36.1],[64.3,-36],[65.4,-35.7],[67.4,-34.1],[70.2,-32],[71.1,-32.3]]]]}},{"type":"Feature","properties":{},"geometry":{"type":"MultiPolygon","coordinates":[[[[66.1,-39.4],[65.2,-39.3],[62.5,-38.8],[63.8,-39.4],[66.1,-39.4]]]]}},{"type":"Feature","properties":{},"geometry":{"type":"MultiPolygon","coordinates":[[[[73.7,-24.2],[73.5,-24.5],[72.8,-25.5],[72.2,-25.7],[71.1,-26.1],[69.3,-27.5],[69.2,-26.3],[69.5,-25],[70.9,-24.1],[73.7,-24.2]]]]}},{"type":"Feature","properties":{},"geometry":{"type":"MultiPolygon","coordinates":[[[[71,-22.9],[73.7,-24.2],[70.9,-24.1],[69.5,-25],[69.2,-26.3],[69.3,-27.5],[68.3,-25.8],[69.8,-23.4],[70.6,-23],[71,-22.9]]]]}},{"type":"Feature","properties":{},"geometry":{"type":"MultiPolygon","coordinates":[[[[-68.9,24.6],[-68.8,24.5],[-68.7,24.5],[-68,24.5],[-66.1,23.4],[-64.4,21.2],[-64.3,21.1],[-64.3,21],[-64.6,20.7],[-64.6,20.8],[-64.5,21],[-64.8,20.9],[-65,20.7],[-65,20.9],[-65.3,20.9],[-65.3,20.8],[-65.5,21.1],[-65.8,21.3],[-65.9,21.4],[-66.2,21.7],[-66.1,21.9],[-66.7,22.4],[-66.6,22.2],[-66.8,22.2],[-66.8,22.5],[-66.8,22.6],[-66.6,22.8],[-67,23.2],[-67.3,23.4],[-67.2,23.6],[-67.4,23.5],[-67.7,23.9],[-68.4,23.7],[-69.3,24],[-69.3,24.4],[-68.9,24.4],[-68.9,24.6]]]]}},{"type":"Feature","properties":{},"geometry":{"type":"MultiPolygon","coordinates":[[[[-71.2,21.9],[-71.2,22.1],[-71,22.4],[-70.3,22.7],[-69.8,22.3],[-70,21.9],[-70.3,21.4],[-70.3,21.3],[-70.9,21.5],[-71,21.6],[-71.2,21.9]]]]}},{"type":"Feature","properties":{},"geometry":{"type":"MultiPolygon","coordinates":[[[[-70.8,23.1],[-70.5,23.2],[-70.5,23.7],[-69.6,23.6],[-69.2,23.1],[-69.9,22.9],[-70.1,22.9],[-70.4,22.9],[-70.8,23],[-70.8,23.1]]]]}},{"type":"Feature","properties":{},"geometry":{"type":"MultiPolygon","coordinates":[[[[-72.1,21.4],[-71.7,21.8],[-70.8,21.3],[-71,21.1],[-71.2,21],[-71.6,21],[-71.8,21],[-72.2,21.2],[-72.1,21.4]]]]}},{"type":"Feature","properties":{},"geometry":{"type":"MultiPolygon","coordinates":[[[[-70.8,21.3],[-70.4,20.9],[-70.5,20.9],[-70.8,21.3]]]]}},{"type":"Feature","properties":{},"geometry":{"type":"MultiPolygon","coordinates":[[[[-67.2,22.9],[-67,22.9],[-67.1,22.8],[-67.2,22.9]]]]}},{"type":"Feature","properties":{},"geometry":{"type":"MultiPolygon","coordinates":[[[[-65.7,19.6],[-65.4,19.6],[-65.5,19.5],[-65.7,19.6]]]]}},{"type":"Feature","properties":{},"geometry":{"type":"MultiPolygon","coordinates":[[[[-65.3,20.9],[-65.1,20.9],[-65.2,20.8],[-65.3,20.9]]]]}},{"type":"Feature","properties":{},"geometry":{"type":"MultiPolygon","coordinates":[[[[-76.3,-9.1],[-76.2,-9.3],[-76.3,-9.2],[-76.3,-9.1]]]]}},{"type":"Feature","properties":{},"geometry":{"type":"MultiPolygon","coordinates":[[[[-72,-15.4],[-72.7,-16],[-72.8,-15.9],[-73.3,-16.3],[-73.8,-16.4],[-73.9,-16.3],[-74,-15.5],[-74,-15.2],[-74.1,-15],[-74.2,-15.2],[-74.1,-14.9],[-74.3,-15.9],[-74.4,-15.5],[-74.4,-15.2],[-74.5,-15],[-74.5,-14.8],[-74.4,-14.8],[-74.4,-14.6],[-74.5,-14.4],[-74.6,-14.6],[-74.7,-14.4],[-74.8,-14.2],[-74.7,-14],[-74.7,-13.9],[-74.9,-13.7],[-74.9,-13.4],[-74.7,-13.3],[-74.7,-13.1],[-74.7,-12.8],[-74.5,-12.6],[-74.3,-12.6],[-73.9,-12.5],[-73.6,-12.7],[-74,-13.3],[-74.1,-13.5],[-74.1,-13.7],[-73.4,-13.3],[-72.8,-13.5],[-72.9,-14.3],[-73,-14.6],[-73.2,-15],[-72.8,-14.8],[-72,-15.4]]]]}},{"type":"Feature","properties":{},"geometry":{"type":"MultiPolygon","coordinates":[[[[-75.8,-18.8],[-76.1,-19],[-76.4,-19],[-76.3,-18.6],[-76.1,-18.3],[-76.4,-18.3],[-76.6,-18.3],[-76.7,-18.1],[-76.7,-17.8],[-76.7,-17.6],[-76.7,-17.5],[-76.8,-17.4],[-76.6,-17.3],[-76.2,-17.4],[-75.9,-17.2],[-75.7,-17],[-75.9,-16.9],[-75.9,-16.7],[-75.9,-16.5],[-75.8,-16.4],[-75.5,-16.3],[-75.4,-16.3],[-75.3,-16.1],[-75.1,-16.3],[-74.3,-16.4],[-74.1,-16.9],[-74.4,-17.2],[-74.4,-17.5],[-74.5,-17.7],[-75.1,-18.5],[-75.8,-18.8]]]]}},{"type":"Feature","properties":{},"geometry":{"type":"MultiPolygon","coordinates":[[[[-75.2,-13],[-75.3,-13.3],[-75.4,-13.5],[-75.5,-13.5],[-75.6,-13.4],[-75.5,-13.3],[-75.3,-12.8],[-75.2,-13]]]]}},{"type":"Feature","properties":{},"geometry":{"type":"MultiPolygon","coordinates":[[[[-75.1,-13.7],[-74.7,-14],[-74.9,-14.1],[-75.2,-14.1],[-75.2,-14],[-75.3,-13.9],[-75.2,-13.6],[-75.1,-13.7]]]]}},{"type":"Feature","properties":{},"geometry":{"type":"MultiPolygon","coordinates":[[[[-73.2,-10.2],[-73.1,-10.4],[-73,-10.7],[-73.1,-10.9],[-73.3,-10.6],[-73.2,-10.5],[-73.3,-10.3],[-73.2,-10.2]]]]}},{"type":"Feature","properties":{},"geometry":{"type":"MultiPolygon","coordinates":[[[[-74.6,-14.8],[-74.7,-14.9],[-74.8,-14.8],[-74.8,-14.7],[-74.6,-14.8]]]]}},{"type":"Feature","properties":{},"geometry":{"type":"MultiPolygon","coordinates":[[[[-74.7,-15.4],[-74.9,-15.6],[-74.8,-15.5],[-74.7,-15.4]]]]}},{"type":"Feature","properties":{},"geometry":{"type":"MultiPolygon","coordinates":[[[[-73.8,-11.9],[-73.6,-12.1],[-73.7,-12.2],[-73.9,-12.1],[-73.8,-11.9]]]]}},{"type":"Feature","properties":{},"geometry":{"type":"MultiPolygon","coordinates":[[[[59.9,-54.4],[59.8,-54.4],[58.3,-54.3],[57.4,-54.2],[54.9,-52.8],[53.4,-51.6],[54.4,-52],[55.1,-52.3],[55.7,-52.5],[56.6,-52.8],[57.5,-53.1],[59.3,-54],[59.9,-54.4]]]]}},{"type":"Feature","properties":{},"geometry":{"type":"MultiPolygon","coordinates":[[[[101.9,-14.9],[101.7,-16.1],[101.7,-17.8],[100.9,-19.9],[100.1,-21.1],[98.4,-23.4],[96.2,-25.5],[93.9,-26.3],[91,-27.5],[86.9,-27.8],[83.8,-28.7],[83.2,-29.1],[84.2,-28.2],[84.4,-27.6],[89,-27.1],[90.8,-27.1],[93,-26.7],[94.5,-25.7],[95.8,-24.9],[97.5,-23.8],[99.6,-21.6],[101.1,-18.7],[101.5,-16.8],[101.4,-15],[101.9,-14.9]]]]}},{"type":"Feature","properties":{},"geometry":{"type":"MultiPolygon","coordinates":[[[[-51.5,-16.2],[-49.3,-14.8],[-49.2,-14.8],[-49.1,-15],[-48.7,-15.6],[-48.7,-16.1],[-48.3,-16.9],[-48.4,-17],[-50,-18.1],[-51.1,-18.6],[-52,-18.7],[-52.3,-18.4],[-52.5,-18.2],[-52.7,-17.8],[-52.8,-17.3],[-51.6,-16.3],[-51.5,-16.2]]]]}},{"type":"Feature","properties":{},"geometry":{"type":"MultiPolygon","coordinates":[[[[21.9,-59.1],[21.1,-60.6],[20,-60.5],[21.1,-59.2],[21.9,-59.1]]]]}},{"type":"Feature","properties":{},"geometry":{"type":"MultiPolygon","coordinates":[[[[14,-64.3],[15.2,-63.7],[14.5,-64.1],[14,-64.3]]]]}},{"type":"Feature","properties":{},"geometry":{"type":"MultiPolygon","coordinates":[[[[13.6,-64],[11.8,-64.3],[11.9,-63.9],[12.2,-63.6],[12.8,-63.3],[14.1,-63.2],[13.6,-64]]]]}},{"type":"Feature","properties":{},"geometry":{"type":"MultiPolygon","coordinates":[[[[10.3,-64.2],[9.3,-64.4],[7.6,-64.4],[8.1,-63.9],[10.1,-64],[10.3,-64.2]]]]}},{"type":"Feature","properties":{},"geometry":{"type":"MultiPolygon","coordinates":[[[[9.1,-64.6],[12.2,-64.2],[11.5,-64.9],[9.5,-65.5],[8.4,-65.6],[8.1,-65.5],[8.5,-65.2],[9.1,-64.9],[9.1,-64.7],[9.1,-64.6]]]]}},{"type":"Feature","properties":{},"geometry":{"type":"MultiPolygon","coordinates":[[[[2.9,-66],[3,-66.4],[2.2,-66.4],[2.3,-65.9],[2.9,-66]]]]}},{"type":"Feature","properties":{},"geometry":{"type":"MultiPolygon","coordinates":[[[[4.7,-65.7],[4.8,-65.9],[4.1,-65.7],[4.7,-65.7]]]]}},{"type":"Feature","properties":{},"geometry":{"type":"MultiPolygon","coordinates":[[[[10.8,-66.3],[5.1,-66.8],[5.5,-66.7],[7.8,-66.3],[9.5,-66.1],[10.8,-66.3]]]]}},{"type":"Feature","properties":{},"geometry":{"type":"MultiPolygon","coordinates":[[[[-0.3,-68.5],[-2.3,-68.5],[-1.7,-68.3],[-0.3,-68.5]]]]}},{"type":"Feature","properties":{},"geometry":{"type":"MultiPolygon","coordinates":[[[[3.7,-68.1],[3,-68.6],[3.5,-68],[3.7,-68.1]]]]}},{"type":"Feature","properties":{},"geometry":{"type":"MultiPolygon","coordinates":[[[[126.5,0.6],[126.6,0.5],[126.7,0.5],[126.7,0.4],[126.7,0.2],[126.6,0.3],[126.5,0.4],[126.4,0.6],[126.5,0.6]]]]}},{"type":"Feature","properties":{},"geometry":{"type":"MultiPolygon","coordinates":[[[[109.9,19.9],[110.2,20],[110.3,20],[110.6,20],[110.7,20],[111,19.7],[111,19.8],[111,19.7],[111.3,19.5],[111.7,19.3],[111.7,19.2],[111.8,19.1],[111.9,19],[112.5,18.8],[112.6,18.9],[112.7,18.8],[113,18.7],[113.1,18.7],[113.2,18.6],[113.3,18.5],[113.4,18.4],[113.5,18.1],[113.6,18.1],[113.6,18],[113.8,18],[114.1,18],[114.1,17.9],[114.2,17.8],[114.2,17.7],[114.3,17.6],[114.3,17.5],[114.3,17.4],[114.2,17.4],[114.2,17.3],[114.2,17.2],[114.1,17.1],[114.1,17],[114,16.9],[114,16.8],[114,16.7],[113.9,16.7],[113.9,16.6],[113.9,16.5],[113.9,16.4],[113.8,16.4],[113.8,16.3],[113.7,16.3],[113.7,16.2],[113.6,16.2],[113.6,16.1],[113.5,16.1],[113.5,16],[113.4,16],[113.4,15.9],[113.3,15.9],[113.3,15.8],[113.2,15.8],[113.2,15.9],[113.2,16],[113.2,16.1],[113.2,16.2],[113.2,16.3],[113.3,16.4],[113.3,16.5],[113.3,16.6],[113.2,16.7],[113.2,16.8],[113.2,16.9],[113.2,17],[113.2,17.1],[113.2,17.2],[113.2,17.3],[113.2,17.4],[113.2,17.5],[113.2,17.6],[113.2,17.7],[113.1,17.8],[113,17.8],[112.9,17.8],[112.8,17.8],[112.7,17.8],[112.6,17.8],[112.5,17.8],[112.4,17.8],[112.3,17.8],[112.2,17.8],[112.1,17.8],[112,17.8],[111.9,17.8],[111.9,17.7],[111.8,17.7],[111.7,17.7],[111.6,17.7],[111.4,17.7],[111.1,17.9],[111,18],[111,18.1],[110.9,18.1],[110.9,18.2],[110.8,18.2],[110.8,18.3],[110.7,18.3],[110.7,18.4],[110.6,18.4],[110.6,18.5],[110.5,18.5],[110.4,18.6],[110.4,18.7],[110.3,18.8],[110.2,18.9],[110.2,19],[110.1,19.1],[109.9,19.5],[109.7,19.7],[109.6,19.9],[109.6,20],[109.9,19.9]]]]}},{"type":"Feature","properties":{},"geometry":{"type":"MultiPolygon","coordinates":[[[[-87.8,-23],[-85.7,-22.9],[-85.6,-23.2],[-85.5,-23.4],[-85.2,-23.6],[-84.5,-24.1],[-84.1,-24.5],[-84,-24.7],[-84.3,-24.6],[-84.6,-24.5],[-84.8,-24.6],[-85,-24.6],[-85.3,-24.6],[-85.5,-24.6],[-85.7,-24.5],[-85.8,-24.5],[-86.1,-24.4],[-86.3,-24.6],[-86.5,-24.4],[-86.6,-24.4],[-86.8,-24.3],[-86.9,-24.3],[-87.1,-24.5],[-87.5,-24.6],[-87.6,-24.6],[-87.8,-24.7],[-88,-24.7],[-88.3,-24.6],[-88.3,-24.3],[-88.4,-24.1],[-87.8,-23.6],[-87.6,-23.6],[-87.6,-23.5],[-86.4,-23.5],[-86.3,-23.9],[-86.6,-23.4],[-86.3,-23.2],[-86,-23.2],[-86.1,-22.9],[-87.4,-23.1],[-87.8,-23]]]]}},{"type":"Feature","properties":{},"geometry":{"type":"MultiPolygon","coordinates":[[[[-94,-23.5],[-92.1,-23],[-92,-23.2],[-92.4,-23.3],[-92.3,-23.4],[-92.4,-23.8],[-92.1,-23.9],[-92.2,-24.3],[-92.7,-23.9],[-93,-23.9],[-93,-23.7],[-93.1,-23.6],[-93.4,-23.8],[-93.8,-23.5],[-94,-23.5]]]]}},{"type":"Feature","properties":{},"geometry":{"type":"MultiPolygon","coordinates":[[[[-79.4,-24.1],[-79.3,-24.1],[-77.8,-23.4],[-77.7,-23.6],[-77.8,-23.7],[-78,-23.8],[-77.7,-23.9],[-77.3,-23.9],[-77.5,-24],[-78,-24.1],[-78,-24.5],[-78,-24.7],[-77.4,-24.4],[-77.7,-24.7],[-77.7,-24.9],[-77.3,-24.6],[-77.6,-25.3],[-78,-25.7],[-78.2,-25.6],[-78.2,-25.3],[-78,-25],[-78.3,-24.9],[-78.2,-24.8],[-78.1,-24.3],[-78.7,-24.7],[-78.8,-24.5],[-79.2,-24.8],[-79.4,-24.9],[-79.6,-24.6],[-78.9,-24.3],[-79.1,-24.2],[-79.2,-24.3],[-79.5,-24.3],[-79.4,-24.2],[-79.4,-24.1]]]]}},{"type":"Feature","properties":{},"geometry":{"type":"MultiPolygon","coordinates":[[[[-84.1,-24.2],[-83.8,-24.4],[-83.1,-24.2],[-82.8,-24.3],[-82.9,-24.5],[-83.7,-24.6],[-84.1,-24.4],[-84.1,-24.2]]]]}},{"type":"Feature","properties":{},"geometry":{"type":"MultiPolygon","coordinates":[[[[-84.6,-23.5],[-84.7,-23.6],[-85,-23.4],[-84.6,-23.5]]]]}},{"type":"Feature","properties":{},"geometry":{"type":"MultiPolygon","coordinates":[[[[-83.9,-20.5],[-84,-20.8],[-84.2,-20.8],[-84.8,-21.1],[-86,-21.6],[-86,-21.5],[-86.2,-21.5],[-86.3,-21.4],[-86.5,-21.5],[-86.6,-21.5],[-86.7,-21.4],[-86.9,-21.3],[-86.9,-21.2],[-87.3,-21.2],[-87.5,-21.1],[-87.7,-21],[-87.8,-20.9],[-88.2,-20.9],[-88.3,-20.7],[-87.4,-20.8],[-86.6,-20.8],[-85.6,-20.7],[-84.5,-20.3],[-84.3,-20.3],[-83.9,-20.5]]]]}},{"type":"Feature","properties":{},"geometry":{"type":"MultiPolygon","coordinates":[[[[-92.2,-20.7],[-94.3,-20.8],[-94.6,-20.5],[-94.8,-20.7],[-95,-20.8],[-95.2,-20.8],[-95.4,-20.8],[-95.5,-20.7],[-95.6,-20.8],[-95.7,-20.8],[-95.8,-20.7],[-95.9,-20.5],[-96.1,-20.8],[-96,-20.3],[-94.9,-20.2],[-93.2,-19.8],[-92.4,-19.8],[-92.4,-20],[-92.4,-20.3],[-92.3,-20.6],[-92.2,-20.7]]]]}},{"type":"Feature","properties":{},"geometry":{"type":"MultiPolygon","coordinates":[[[[-96.7,-20.7],[-96.8,-20.7],[-96.9,-20.5],[-97,-20.5],[-96.1,-20.3],[-96.5,-20.6],[-96.7,-20.7]]]]}},{"type":"Feature","properties":{},"geometry":{"type":"MultiPolygon","coordinates":[[[[-98.5,-21.1],[-98,-20.6],[-97.7,-20.7],[-98.5,-21.1]]]]}},{"type":"Feature","properties":{},"geometry":{"type":"MultiPolygon","coordinates":[[[[-89.4,-21.2],[-89.7,-21.6],[-90.2,-21.8],[-90.2,-21.9],[-90.3,-22],[-90.6,-21.6],[-89.4,-21.2]]]]}},{"type":"Feature","properties":{},"geometry":{"type":"MultiPolygon","coordinates":[[[[-89.6,-21.8],[-90.1,-22.1],[-90.1,-21.9],[-89.6,-21.7],[-89.6,-21.8]]]]}},{"type":"Feature","properties":{},"geometry":{"type":"MultiPolygon","coordinates":[[[[-91.2,-21.3],[-91.4,-20.9],[-91.8,-20.8],[-92.1,-20.4],[-92.1,-20.1],[-91.9,-20.2],[-91.8,-20.4],[-91.6,-20.5],[-91.4,-20.9],[-91.1,-20.9],[-91,-21.1],[-91.1,-21.2],[-91.2,-21.3]]]]}},{"type":"Feature","properties":{},"geometry":{"type":"MultiPolygon","coordinates":[[[[-69.6,-71.5],[-66.7,-71.6],[-65.5,-71.7],[-66.9,-72.1],[-67.7,-72.2],[-68.6,-72.3],[-70,-72.4],[-70.1,-71.7],[-69.6,-71.5]]]]}},{"type":"Feature","properties":{},"geometry":{"type":"MultiPolygon","coordinates":[[[[-71.9,-71.5],[-69.7,-71.5],[-70.6,-72.4],[-71.2,-72.5],[-71.1,-72.7],[-72,-72.8],[-73.2,-73],[-75.1,-73.1],[-75.1,-73],[-75,-72.9],[-73.7,-72.8],[-74,-72.6],[-73.6,-72.5],[-73.5,-72.4],[-73.6,-72.1],[-73.2,-72],[-72.5,-72.1],[-73.1,-71.9],[-72.6,-71.8],[-72.9,-71.7],[-71.9,-71.6],[-71.9,-71.5]]]]}},{"type":"Feature","properties":{},"geometry":{"type":"MultiPolygon","coordinates":[[[[-75.4,-71.6],[-73,-71.6],[-73.9,-72.1],[-74.7,-72],[-75.2,-71.7],[-75.4,-71.6]]]]}},{"type":"Feature","properties":{},"geometry":{"type":"MultiPolygon","coordinates":[[[[-115.2,-74.4],[-115.4,-74.1],[-114.1,-73.2],[-112.2,-72.5],[-109.6,-71.9],[-108.6,-71.7],[-107.3,-71.1],[-106.5,-70.3],[-106.9,-70.2],[-107.9,-69.8],[-107.7,-69.3],[-107.3,-69.3],[-107.1,-69.1],[-106.8,-69],[-106.5,-68.5],[-106.3,-68.3],[-106.6,-67.8],[-106.9,-67.7],[-106.9,-67.6],[-107.3,-67.4],[-107.4,-67.3],[-106.8,-66.9],[-107.4,-66.5],[-107.8,-66],[-107.7,-65.9],[-106.6,-63.7],[-105.1,-65.5],[-103.6,-66.9],[-100.6,-68.6],[-91.5,-71.7],[-79.9,-71.8],[-75.7,-71.6],[-74.9,-72.1],[-75.5,-72.7],[-75.7,-72.4],[-76,-72.7],[-76.6,-72.8],[-76.9,-72.7],[-77.2,-72.7],[-77.6,-72.8],[-77.4,-73.2],[-78.8,-74.4],[-77.6,-73.7],[-77.8,-73.7],[-78.7,-73.6],[-79.2,-73.8],[-80.1,-73.4],[-79.8,-73.8],[-78.9,-74.1],[-79.9,-74.3],[-81.7,-74.1],[-81.5,-73.9],[-82.4,-73.7],[-82.5,-74.1],[-83.4,-73.9],[-82.9,-74.3],[-82.5,-74.3],[-83.7,-74.4],[-84.1,-74.2],[-84.9,-74.1],[-85.8,-74],[-88.8,-73.9],[-92.5,-73.4],[-93.4,-73.3],[-94.9,-73],[-95.7,-72.8],[-96.3,-72.7],[-96.7,-72.4],[-97.6,-72.5],[-98.5,-72.5],[-98.9,-72.4],[-99.5,-72.4],[-99.9,-72.4],[-100,-72.4],[-100.7,-72.4],[-100.9,-72.4],[-101.6,-72.4],[-101.7,-72.3],[-102.1,-72.3],[-102.8,-72.5],[-103.5,-72.5],[-109.8,-73.8],[-110.1,-73.6],[-114.1,-74.1],[-115.2,-74.4]]]]}},{"type":"Feature","properties":{},"geometry":{"type":"MultiPolygon","coordinates":[[[[-114.3,-20.9],[-112,-21.3],[-110.2,-21.4],[-107.5,-21.5],[-108.5,-22.5],[-113.5,-21.5],[-114.3,-20.9]]]]}},{"type":"Feature","properties":{},"geometry":{"type":"MultiPolygon","coordinates":[[[[-86.6,-20.8],[-87.4,-20.8],[-86.7,-20.4],[-85.8,-20.2],[-86.6,-20.8]]]]}},{"type":"Feature","properties":{},"geometry":{"type":"MultiPolygon","coordinates":[[[[-84.5,-20.3],[-85.6,-20.7],[-86.6,-20.8],[-85.4,-20],[-85.2,-20],[-85.1,-20],[-85.1,-20.1],[-85,-20],[-84.9,-20],[-85.1,-20.3],[-84.8,-20.3],[-84.5,-20.2],[-84.5,-20.3]]]]}},{"type":"Feature","properties":{},"geometry":{"type":"MultiPolygon","coordinates":[[[[-84.7,-20],[-84.5,-20.1],[-84.7,-20.1],[-84.7,-20]]]]}},{"type":"Feature","properties":{},"geometry":{"type":"MultiPolygon","coordinates":[[[[19.8,17.1],[22.6,17.6],[22,15.7],[20,15.3],[17.2,15.5],[17.5,17.4],[19.3,17.1],[19.8,17.1]]]]}},{"type":"Feature","properties":{},"geometry":{"type":"MultiPolygon","coordinates":[[[[14.4,19],[17,18.6],[15.9,17.2],[13.4,18.4],[14.4,19]]]]}},{"type":"Feature","properties":{},"geometry":{"type":"MultiPolygon","coordinates":[[[[18,21.5],[19.8,20.5],[22,20.3],[22.3,20.3],[20.4,19.2],[19,19.3],[17.1,21],[18,21.5]]]]}},{"type":"Feature","properties":{},"geometry":{"type":"MultiPolygon","coordinates":[[[[19.7,15.3],[21.8,15.6],[23.1,14.5],[22.3,12.5],[19,11.9],[15.9,12],[17.3,14.7],[19.3,15.2],[19.7,15.3]]]]}},{"type":"Feature","properties":{},"geometry":{"type":"MultiPolygon","coordinates":[[[[109.6,19.8],[109.8,19.6],[109.9,19.5],[110,19.4],[110.2,19.1],[110.2,18.9],[110.3,18.8],[110.4,18.6],[110.5,18.5],[110.6,18.5],[110.6,18.4],[110.7,18.4],[110.7,18.3],[110.8,18.3],[110.8,18.2],[110.9,18.2],[110.9,18.1],[111,18.1],[111,18],[111.1,17.9],[111.2,17.8],[111.6,17.7],[111.7,17.7],[111.8,17.7],[111.9,17.7],[111.9,17.8],[112,17.8],[112.1,17.8],[112.2,17.8],[112.3,17.8],[112.4,17.8],[112.5,17.8],[112.6,17.8],[112.7,17.8],[112.8,17.8],[112.9,17.8],[113,17.8],[113.1,17.8],[113.2,17.7],[113.2,17.6],[113.2,17.5],[113.2,17.4],[113.2,17.3],[113.2,17.2],[113.2,17.1],[113.2,17],[113.2,16.9],[113.2,16.8],[113.2,16.7],[113.3,16.7],[113.3,16.6],[113.3,16.5],[113.3,16.4],[113.2,16.3],[113.2,16.2],[113.2,16.1],[113.2,16],[113.2,15.9],[113.2,15.8],[113.8,15.7],[114.2,15.7],[114.1,15.7],[114.1,15.6],[114.1,15.5],[114.1,15.4],[114.1,15.3],[114.1,15.2],[114.2,14.9],[114.3,14.8],[114.4,14.6],[114.4,14.4],[114.4,14.3],[114.5,14.3],[114.5,14.2],[114.6,14.2],[114.6,14.1],[114.6,13.9],[114.6,13.8],[114.6,13.7],[114.6,13.6],[114.6,13.5],[114.6,13.4],[114.6,13.3],[114.6,13.2],[114.6,13.1],[114.5,13.1],[114.5,13],[114.5,12.9],[114.5,12.8],[114.5,12.7],[114.6,12.7],[114.6,12.6],[114.7,12.5],[114.7,12.4],[114.7,12.3],[114.7,12.2],[114.7,12.1],[114.7,12],[114.7,11.9],[114.7,11.8],[114.6,11.8],[114.6,11.7],[114.6,11.6],[114.6,11.5],[114.5,11.5],[114.5,11.4],[114.5,11.3],[114.5,11.2],[114.5,11.1],[114.4,11],[114.4,10.9],[114.4,10.8],[114.4,10.7],[114.4,10.6],[114.4,10.5],[114.4,10.4],[114.4,10.3],[114.4,10.2],[114.4,10.1],[114.4,10],[114.3,10],[114.3,9.9],[114.2,9.9],[114.2,9.8],[114.2,9.7],[114.1,9.7],[114.1,9.6],[114,9.6],[113.9,9.6],[113.8,9.6],[113.8,9.7],[113.8,9.8],[113.7,9.8],[113.6,9.8],[113.5,9.8],[113.4,9.8],[113.4,9.9],[113.3,9.9],[113.2,9.9],[113.1,9.9],[113.1,10],[113,10],[113,10.1],[112.9,10.1],[112.8,10.1],[112.8,10.2],[112.7,10.2],[112.6,10.2],[112.6,10.3],[112.5,10.3],[112.4,10.3],[112.3,10.3],[112.3,10.4],[112.2,10.4],[112.1,10.4],[112,10.5],[111.9,10.5],[111.9,10.6],[111.8,10.6],[111.7,10.6],[111.7,10.7],[111.6,10.7],[111.6,10.8],[111.5,10.8],[111.5,10.9],[111.5,11],[111.4,11],[111.4,11.1],[111.4,11.2],[111.4,11.3],[111.3,11.4],[111.2,11.4],[111.2,11.5],[111.1,11.5],[111.1,11.6],[111,11.6],[111,11.7],[110.9,11.7],[110.8,11.6],[110.7,11.6],[110.7,11.7],[110.6,11.8],[110.6,11.9],[110.5,11.9],[110.4,11.9],[110.4,12],[110.3,12],[110.2,12],[110.1,12],[110.1,12.1],[110.2,12.2],[110.1,12.2],[110.1,12.3],[110,12.3],[109.9,12.3],[109.9,12.4],[110,12.4],[110,12.5],[109.9,12.5],[109.8,12.5],[109.8,12.6],[109.7,12.6],[109.7,12.7],[109.6,12.7],[109.6,12.8],[109.5,12.8],[109.5,12.9],[109.5,13],[109.5,13.1],[109.5,13.2],[109.4,13.3],[109.4,13.4],[109.4,13.5],[109.5,13.5],[109.5,13.6],[109.5,13.7],[109.5,13.8],[109.5,13.9],[109.5,14],[109.5,14.1],[109.5,14.2],[109.4,14.3],[109.4,14.4],[109.4,14.5],[109.4,14.6],[109.4,14.7],[109.4,15.1],[109.3,15.1],[109.3,15],[109.3,15.3],[108.6,16.7],[107.5,18.1],[106.9,18.7],[106.6,18.9],[106.6,19.3],[106.4,19.3],[106.3,19.3],[106.1,19.5],[106.2,19.8],[105.9,20],[105.9,20.3],[105.5,20.9],[105.7,20.9],[105.9,21.1],[106.9,20.7],[107.3,20.5],[107.9,20.3],[108.9,19.6],[109.4,19.8],[109.6,19.8]]]]}},{"type":"Feature","properties":{},"geometry":{"type":"MultiPolygon","coordinates":[[[[98.9,0.6],[98.8,0.6],[98.7,0.6],[98.6,0.6],[98.5,0.6],[98.4,0.6],[98.3,0.6],[98.2,0.6],[97.9,0.8],[97.9,1.2],[97.6,1.8],[97.1,2.2],[97.2,2.6],[97,2.8],[97,3.2],[97.4,3],[98,3],[97.8,3.3],[97.9,3.5],[97.8,3.5],[97.4,3.5],[97.3,3.6],[97.3,3.8],[97.2,3.8],[97.3,4],[97.4,3.9],[97.4,4],[97.7,4.1],[97.9,4.2],[97.8,4.3],[98.1,4.6],[97.7,4.5],[97.7,4.6],[97.5,4.9],[97.2,4.8],[97.2,5],[97.1,5.1],[97.2,5.2],[97.7,5.4],[97.3,5.5],[97.2,5.3],[97.1,5.6],[97.4,5.7],[97.3,5.9],[97.1,5.8],[96.9,6.2],[97,6.3],[97,6.5],[97.2,6.6],[97.3,6.7],[97.1,7],[96.9,7],[96.9,7.1],[97.1,7.1],[97.3,7.1],[97.3,7.3],[97.4,7.4],[97.3,7.6],[97.4,7.9],[97.6,8],[97.9,8],[98.8,8.2],[98.9,8],[99.3,7.6],[99.4,7.8],[99.1,8.1],[99.2,8.2],[99.2,8.3],[99.3,8.5],[99.6,8.6],[99.9,8.6],[99.8,8.8],[99.9,8.9],[100.1,9],[100,9.3],[100,9.4],[99.9,9.2],[99.7,9.2],[99.6,9.4],[99.3,9.2],[99.2,9.6],[99.2,9.8],[98.9,10.1],[99.1,10.6],[98.7,10.7],[98.6,11.1],[98.9,11.3],[98.7,11.5],[98.8,11.5],[98.8,11.6],[98.8,11.8],[98.9,12.1],[99.5,12.8],[99.6,13],[99.5,13.3],[99.2,13.4],[98.9,13.3],[98.7,13.1],[98.4,13.1],[98.8,13.2],[98.8,13.4],[98.9,13.6],[99.2,13.8],[99.9,13.9],[100.1,13.9],[100.1,14.2],[100.2,14.1],[100.3,14.1],[100.3,14],[100.4,14],[100.4,13.9],[100.5,13.9],[100.5,13.8],[100.5,13.7],[100.5,13.6],[100.4,13.5],[100.4,13.4],[100.4,13.3],[100.4,13.2],[100.5,13.2],[100.5,13.1],[100.6,13],[100.5,13],[100.5,12.9],[100.4,12.9],[100.4,12.8],[100.4,12.7],[100.4,12.6],[100.4,12.5],[100.5,12.5],[100.5,12.4],[100.6,12.4],[100.7,12.3],[100.8,12.2],[100.8,12.1],[100.9,12.1],[100.9,12],[100.9,11.9],[101,11.9],[101.1,11.9],[101.2,11.9],[101.3,11.9],[101.4,11.9],[101.5,11.9],[101.5,11.8],[101.6,11.8],[101.6,11.7],[101.7,11.7],[101.7,11.6],[101.8,11.6],[101.7,11.6],[101.7,11.5],[101.8,11.5],[101.9,11.5],[102,11.5],[102.1,11.5],[102.1,11.4],[102.2,11.4],[102.6,11.4],[103.3,10.8],[103.7,10.2],[103.8,10.2],[103.9,10.2],[103.9,10.1],[104,10.1],[104.1,10.2],[104.2,10.2],[104.2,10.3],[104.3,10.3],[104.6,10.2],[104.7,10.2],[104.8,10.2],[104.8,10.1],[104.9,10.1],[105,10.1],[105.1,10],[105.2,10],[105.2,9.9],[105.3,9.9],[105.4,9.9],[105.5,9.8],[105.4,9.8],[105.4,9.7],[105.5,9.6],[105.6,9.6],[105.7,9.6],[105.8,9.6],[105.8,9.5],[105.9,9.5],[106,9.5],[106.1,9.5],[106.2,9.5],[106.3,9.6],[106.4,9.6],[106.4,9.7],[106.5,9.7],[106.5,9.8],[106.6,9.8],[106.6,9.9],[106.7,10],[106.7,10.1],[106.7,10.2],[106.6,10.3],[106.5,10.3],[106.4,10.3],[106.4,10.4],[106.4,10.5],[106.5,10.5],[106.5,10.6],[106.6,10.7],[106.6,10.8],[106.6,10.9],[106.6,11],[106.5,11],[106.5,11.1],[106.5,11.2],[106.4,11.2],[106.4,11.3],[106.5,11.4],[106.4,11.5],[106.4,11.6],[106.5,11.7],[106.6,11.8],[106.6,11.9],[106.6,12],[106.7,12.1],[106.8,12.2],[106.8,12.3],[106.9,12.3],[107,12.3],[107.1,12.4],[107.2,12.5],[107.2,12.6],[107.3,12.6],[107.3,12.7],[107.4,12.8],[107.4,12.9],[107.4,13],[107.5,13],[107.6,13.1],[107.6,13.2],[107.7,13.3],[107.7,13.4],[107.8,13.4],[107.8,13.5],[107.9,13.6],[107.9,13.7],[108,13.7],[108,13.8],[108.1,13.8],[108.1,13.9],[108.2,13.9],[108.3,14],[108.3,14.1],[108.4,14.1],[108.5,14.2],[108.6,14.3],[108.7,14.3],[108.7,14.4],[108.8,14.4],[109,14.5],[109,14.6],[109.3,15],[109.3,15.1],[109.4,15.1],[109.4,14.7],[109.4,14.6],[109.4,14.5],[109.4,14.4],[109.4,14.3],[109.4,14.2],[109.5,14.2],[109.5,14.1],[109.5,14],[109.5,13.9],[109.5,13.8],[109.5,13.7],[109.5,13.6],[109.5,13.5],[109.4,13.5],[109.4,13.4],[109.4,13.3],[109.5,13.3],[109.5,13.2],[109.5,13.1],[109.5,13],[109.5,12.9],[109.5,12.8],[109.6,12.8],[109.6,12.7],[109.7,12.7],[109.7,12.6],[109.8,12.6],[109.8,12.5],[109.9,12.5],[110,12.5],[110,12.4],[109.9,12.4],[109.9,12.3],[110,12.3],[110.1,12.3],[110.1,12.2],[110.2,12.2],[110.2,12.1],[110.1,12.1],[110.1,12],[110.2,12],[110.3,12],[110.4,12],[110.4,11.9],[110.5,11.9],[110.6,11.9],[110.6,11.8],[110.7,11.7],[110.7,11.6],[110.8,11.6],[110.9,11.6],[110.9,11.7],[111,11.7],[111,11.6],[111.1,11.6],[111.1,11.5],[111.2,11.5],[111.2,11.4],[111.3,11.4],[111.4,11.3],[111.4,11.2],[111.4,11.1],[111.4,11],[111.5,11],[111.5,10.9],[111.5,10.8],[111.6,10.8],[111.6,10.7],[111.7,10.7],[111.8,10.6],[111.9,10.6],[111.9,10.5],[112,10.5],[112.1,10.5],[112.1,10.4],[112.2,10.4],[112.3,10.4],[112.3,10.3],[112.4,10.3],[112.5,10.3],[112.6,10.2],[112.7,10.2],[112.8,10.2],[112.9,10.1],[113,10],[113.1,10],[113.1,9.9],[113.2,9.9],[113.3,9.9],[113.4,9.8],[113.5,9.8],[113.6,9.8],[113.7,9.8],[113.8,9.7],[113.8,9.6],[113.9,9.6],[114,9.6],[114.1,9.6],[114.1,9.5],[114.1,9.4],[114,9.2],[114,9.1],[113.9,9],[113.8,9],[113.8,8.9],[113.7,8.9],[113.7,8.8],[113.6,8.8],[113.6,8.7],[113.5,8.7],[113.5,8.6],[113.4,8.5],[113.3,8.4],[113.2,8.4],[113.1,8.3],[113,8.3],[112.9,8.3],[112.8,8.2],[112.7,8.2],[112.6,8.2],[112.6,8.1],[112.5,8.1],[112.4,8.1],[112.3,8.1],[112.2,8.1],[112.2,8],[112.1,8],[112,8],[111.9,8],[111.8,8],[111.7,8],[111.6,7.9],[111.5,7.9],[111.4,7.9],[111.3,7.9],[111.3,7.8],[111.2,7.8],[111.1,7.8],[111.2,7.7],[111.3,7.7],[111.3,7.6],[111.4,7.6],[111.4,7.5],[111.5,7.5],[111.5,7.4],[111.5,7.3],[111.6,7.3],[111.6,7.2],[111.7,7.2],[111.7,7.1],[111.8,7.1],[111.8,7],[111.9,7],[111.9,6.9],[112,6.9],[111.9,6.8],[111.9,6.7],[111.9,6.6],[111.8,6.6],[111.8,6.5],[111.8,6.4],[111.7,6.4],[111.6,6.4],[111.5,6.4],[111.4,6.4],[111.3,6.4],[111.2,6.4],[111.1,6.4],[111,6.4],[110.9,6.4],[110.8,6.4],[110.8,6.5],[110.7,6.5],[110.6,6.5],[110.5,6.5],[110.4,6.4],[110.4,6.3],[110.4,6.2],[110.4,6.1],[110.4,6],[110.4,5.9],[110.4,5.8],[110.4,5.7],[110.4,5.6],[110.4,5.5],[110.4,5.4],[110.4,5.3],[110.4,5.2],[110.4,5.1],[110.4,5],[110.4,4.9],[110.4,4.8],[110.3,4.7],[110.3,4.6],[110.2,4.5],[110.1,4.4],[110,4.3],[110,4.2],[109.9,4.2],[109.9,4.1],[109.8,4.1],[109.8,4],[109.7,4],[109.6,3.9],[109.5,3.8],[109.4,3.8],[109.4,3.7],[109.3,3.7],[109.3,3.6],[109.2,3.5],[109.2,3.4],[109.1,3.4],[109.1,3.3],[109,3.3],[109,3.2],[108.9,3.1],[108.8,3],[108.8,2.9],[108.7,2.9],[108.7,2.8],[108.6,2.8],[108.5,2.8],[108.4,2.8],[108.4,2.7],[108.3,2.7],[108.2,2.6],[108.1,2.6],[108,2.6],[107.9,2.6],[107.8,2.5],[107.7,2.5],[107.6,2.5],[107.5,2.5],[107.5,2.4],[107.4,2.4],[107.3,2.4],[107.2,2.4],[107.1,2.4],[107.1,2.3],[107,2.3],[107,2.2],[106.9,2.1],[106.9,2],[106.9,1.9],[106.8,1.9],[106.8,1.8],[106.8,1.7],[106.7,1.7],[106.7,1.6],[106.6,1.6],[106.6,1.5],[106.5,1.5],[106.4,1.5],[106.4,1.4],[106.3,1.4],[106.3,1.3],[106.2,1.3],[106.2,1.2],[106.1,1.1],[106.1,1],[106,1],[105.9,1],[105.8,0.9],[105.7,0.9],[105.6,1],[105.5,1],[105.5,1.1],[105.4,1.1],[105.3,1.1],[105.3,1.2],[105.2,1.2],[105.1,1.1],[105,1],[105,0.9],[104.9,0.9],[104.8,0.9],[104.7,1],[104.6,1.1],[104.5,1.2],[104.4,1.3],[104.3,1.3],[104.3,1.2],[104.3,1.1],[104.3,1],[104.3,0.9],[104.3,0.8],[104.2,0.8],[104.2,0.9],[104.1,0.9],[104,1],[103.9,1],[103.8,1],[103.8,1.1],[103.7,1.1],[103.6,1.1],[103.5,1.1],[103.5,1],[103.4,1],[103.3,0.9],[103.2,0.8],[103.1,0.8],[103,0.7],[102.9,0.7],[102.9,0.6],[102.8,0.6],[102.8,0.5],[102.7,0.4],[102.6,0.3],[102.5,0.2],[102.4,0.1],[102.3,0],[102.2,0],[102.1,0],[102.1,-0.1],[102,-0.1],[101.9,-0.1],[101.8,-0.2],[101.7,-0.2],[101.6,-0.3],[101.5,-0.3],[101.5,-0.2],[101.4,-0.2],[101.3,-0.2],[101.2,-0.2],[101.1,-0.2],[101,-0.2],[100.9,-0.2],[100.9,-0.1],[100.8,-0.1],[100.7,-0.1],[100.6,-0.1],[100.5,-0.1],[100.4,-0.1],[100.3,-0.1],[100.2,-0.1],[100.1,0],[100,0],[99.9,0],[99.8,0.1],[99.7,0.1],[99.6,0.1],[99.6,0.2],[99.5,0.2],[99.4,0.2],[99.3,0.2],[99.2,0.3],[99.1,0.3],[99,0.4],[99,0.5],[99,0.6],[98.9,0.6]]]]}},{"type":"Feature","properties":{},"geometry":{"type":"MultiPolygon","coordinates":[[[[101.8,15.6],[101.7,15.3],[101.7,15.5],[101.8,15.6]]]]}},{"type":"Feature","properties":{},"geometry":{"type":"MultiPolygon","coordinates":[[[[101.7,15.3],[101.6,15.1],[101.5,15.1],[101.7,15.3]]]]}},{"type":"Feature","properties":{},"geometry":{"type":"MultiPolygon","coordinates":[[[[102.9,15.5],[102.9,15.4],[102.8,15.5],[102.9,15.5]]]]}},{"type":"Feature","properties":{},"geometry":{"type":"MultiPolygon","coordinates":[[[[103.6,13.5],[103.5,13.6],[103.5,13.7],[103.6,13.5]]]]}},{"type":"Feature","properties":{},"geometry":{"type":"MultiPolygon","coordinates":[[[[108,14.3],[107.9,14.3],[107.8,14.4],[108,14.3]]]]}},{"type":"Feature","properties":{},"geometry":{"type":"MultiPolygon","coordinates":[[[[97.7,12.1],[97.8,12.2],[97.9,12.4],[98,12.5],[98.1,12.6],[98.5,12.8],[98.5,12.4],[97.7,12.1]]]]}},{"type":"Feature","properties":{},"geometry":{"type":"MultiPolygon","coordinates":[[[[103.8,14.9],[103.9,14.9],[104.1,14.8],[103.8,14.5],[103.7,14.6],[103.6,15],[103.8,14.9]]]]}},{"type":"Feature","properties":{},"geometry":{"type":"MultiPolygon","coordinates":[[[[97.7,11.9],[97.8,11.9],[98.1,11.8],[97.7,11.5],[97.8,11.6],[97.7,11.7],[97.7,11.9]]]]}},{"type":"Feature","properties":{},"geometry":{"type":"MultiPolygon","coordinates":[[[[107.6,15.1],[107.8,14.8],[107.5,14.7],[107.6,15.1]]]]}},{"type":"Feature","properties":{},"geometry":{"type":"MultiPolygon","coordinates":[[[[98.9,0.6],[99,0.6],[99,0.5],[99,0.4],[99.1,0.3],[99.2,0.3],[99.2,0.2],[99.3,0.2],[99.4,0.2],[99.5,0.2],[99.6,0.2],[99.6,0.1],[99.7,0.1],[99.8,0.1],[99.9,0],[100,0],[100.1,0],[100.2,-0.1],[100.3,-0.1],[100.4,-0.1],[100.5,-0.1],[100.6,-0.1],[100.6,-0.2],[100.7,-0.2],[100.7,-0.1],[100.8,-0.1],[100.9,-0.2],[101,-0.2],[101.1,-0.2],[101.2,-0.2],[101.3,-0.2],[101.4,-0.2],[101.5,-0.2],[101.5,-0.3],[101.6,-0.3],[101.7,-0.3],[101.7,-0.2],[101.8,-0.2],[101.8,-0.1],[101.9,-0.1],[102,-0.1],[102.1,-0.1],[102.1,0],[102.2,0],[102.3,0],[102.3,0.1],[102.4,0.1],[102.5,0.2],[102.6,0.3],[102.7,0.4],[102.8,0.5],[102.9,0.6],[102.9,0.7],[103,0.7],[103.1,0.7],[103.1,0.8],[103.2,0.8],[103.3,0.9],[103.4,1],[103.5,1],[103.6,1.1],[103.7,1.1],[103.8,1.1],[103.8,1],[103.9,1],[104,1],[104,0.9],[104.1,0.9],[104.2,0.9],[104.2,0.8],[104.3,0.8],[104.3,0.9],[104.3,1],[104.3,1.1],[104.3,1.2],[104.3,1.3],[104.4,1.3],[104.5,1.2],[104.5,1.1],[104.6,1.1],[104.7,1.1],[104.7,1],[104.8,0.9],[104.9,0.9],[105,0.9],[105,1],[105.1,1],[105.1,1.1],[105.2,1.2],[105.3,1.2],[105.3,1.1],[105.4,1.1],[105.5,1.1],[105.5,1],[105.6,1],[105.7,0.9],[105.8,0.9],[105.8,1],[105.9,1],[106,1],[106.1,1.1],[106.2,1.2],[106.2,1.3],[106.3,1.3],[106.3,1.4],[106.4,1.4],[106.4,1.5],[106.5,1.5],[106.6,1.5],[106.6,1.6],[106.7,1.6],[106.7,1.7],[106.8,1.7],[106.8,1.8],[106.8,1.9],[106.9,1.9],[106.9,2],[107,2.2],[107,2.3],[107.1,2.3],[107.1,2.4],[107.2,2.4],[107.3,2.4],[107.4,2.4],[107.5,2.5],[107.6,2.5],[107.7,2.5],[107.8,2.5],[107.9,2.6],[108,2.6],[108.1,2.6],[108.2,2.6],[108.3,2.7],[108.4,2.7],[108.4,2.8],[108.5,2.8],[108.6,2.8],[108.7,2.8],[108.7,2.9],[108.8,3],[108.9,3.1],[109,3.2],[109,3.3],[109.1,3.3],[109.1,3.4],[109.2,3.4],[109.2,3.5],[109.3,3.6],[109.3,3.7],[109.4,3.7],[109.4,3.8],[109.5,3.8],[109.6,3.9],[109.7,4],[109.8,4],[109.8,4.1],[109.9,4.1],[109.9,4.2],[110,4.2],[110,4.3],[110.1,4.3],[110.1,4.4],[110.2,4.5],[110.2,4.6],[110.3,4.6],[110.3,4.7],[110.4,4.7],[110.4,4.8],[110.4,4.9],[110.4,5],[110.4,5.1],[110.4,5.2],[110.4,5.3],[110.4,5.4],[110.4,5.5],[110.4,5.6],[110.4,5.7],[110.4,5.8],[110.4,5.9],[110.4,6],[110.4,6.1],[110.4,6.2],[110.4,6.3],[110.4,6.4],[110.5,6.5],[110.6,6.5],[110.7,6.5],[110.8,6.5],[110.8,6.4],[110.9,6.4],[111,6.4],[111.1,6.4],[111.2,6.4],[111.3,6.4],[111.4,6.4],[111.5,6.4],[111.6,6.4],[111.7,6.4],[111.8,6.4],[111.8,6.3],[111.8,6.2],[111.8,6.1],[111.8,6],[111.9,6],[111.9,5.9],[111.9,5.8],[111.9,5.7],[111.9,5.6],[111.9,5.5],[111.9,5.3],[111.8,4.7],[111.5,4.2],[111.2,4],[111,3.8],[111,3.6],[111.4,3.9],[111.5,4],[111.2,3.5],[111,2.9],[110.6,2.5],[110.6,2.1],[110.3,1.7],[110.1,1.3],[109.9,1.2],[109.5,1],[109.2,0.9],[109.1,0.8],[108.6,0.7],[108.5,0.7],[108.4,0.7],[108.3,0.7],[108.3,0.6],[108.2,0.6],[108.2,0.5],[108.1,0.5],[108.1,0.4],[108,0.4],[107.9,0.5],[107.8,0.5],[107.8,0.4],[107.7,0.4],[107.6,0.3],[107.6,0.2],[107.5,0.2],[107.5,0.1],[107.4,0.1],[107.4,0],[107.3,-0.1],[107.2,-0.1],[107.2,-0.2],[107.1,-0.2],[107.1,-0.3],[107,-0.3],[106.9,-0.3],[106.9,-0.4],[106.8,-0.4],[106.7,-0.4],[106.6,-0.4],[106.6,-0.5],[106.5,-0.5],[106.4,-0.5],[106.3,-0.5],[106.2,-0.5],[106.1,-0.5],[106,-0.5],[105.9,-0.5],[105.4,-0.4],[105.1,-0.3],[105,-0.3],[104.9,-0.3],[104.8,-0.3],[104.7,-0.3],[104.6,-0.3],[104.5,-0.3],[104.4,-0.3],[104.3,-0.3],[104.2,-0.3],[104.1,-0.3],[104,-0.3],[104,-0.2],[103.9,-0.2],[103.8,-0.2],[103.7,-0.2],[103.6,-0.1],[103.5,-0.1],[103.4,-0.1],[103.4,0],[103.3,0],[103.2,-0.1],[103.1,-0.1],[103.1,-0.2],[103,-0.2],[103,-0.3],[102.9,-0.3],[102.9,-0.4],[102.8,-0.4],[102.8,-0.5],[102.7,-0.5],[102.6,-0.6],[102.7,-0.6],[102.7,-0.7],[102.6,-0.7],[102.5,-0.7],[102.5,-0.8],[102.4,-0.8],[102.4,-0.9],[102.3,-0.9],[102.2,-0.9],[102.2,-1],[102.1,-1],[102,-1],[102,-1.1],[101.9,-1.1],[101.8,-1.2],[101.7,-1.2],[101.6,-1.3],[101.5,-1.3],[101.4,-1.3],[101.3,-1.3],[101.2,-1.3],[101.1,-1.3],[101.1,-1.4],[101,-1.3],[100.9,-1.3],[100.8,-1.3],[100.8,-1.2],[100.7,-1.2],[100.6,-1.2],[100.5,-1.2],[100.5,-1.1],[100.4,-1.1],[100.3,-1.1],[100.2,-1],[100.1,-1],[100,-1],[100,-0.9],[99.9,-0.9],[99.8,-0.9],[99.7,-0.9],[99.7,-0.8],[99.6,-0.8],[99.5,-0.8],[99.4,-0.8],[99.4,-0.7],[99.3,-0.7],[99.2,-0.7],[99.1,-0.7],[99.1,-0.6],[99,-0.6],[98.9,-0.6],[98.8,-0.5],[98.7,-0.5],[98.6,-0.5],[98.5,-0.5],[98.4,-0.5],[98.3,-0.5],[98.2,-0.5],[98.1,0.6],[98.2,0.6],[98.3,0.6],[98.4,0.6],[98.5,0.6],[98.6,0.6],[98.7,0.6],[98.8,0.6],[98.9,0.6]]]]}},{"type":"Feature","properties":{},"geometry":{"type":"MultiPolygon","coordinates":[[[[111.6,4.1],[112.1,4.2],[112.6,4.4],[112.9,4.5],[113.2,4.6],[113.6,4.8],[114,4.9],[114.4,5],[114.5,5],[114.9,5],[115,5],[115.2,5],[115.4,5.1],[115.5,5.1],[116,5.2],[116.1,5.2],[116.4,5.2],[116.7,5.4],[117.1,5.5],[117.3,5.7],[118,6.1],[118.4,6.2],[118.7,6.2],[118.9,6],[119,6],[119.1,6],[119.2,6],[119.2,5.9],[119.3,5.9],[119.3,5.8],[119.4,5.8],[119.5,5.8],[119.6,5.8],[119.7,5.8],[119.7,5.7],[119.8,5.7],[119.9,5.7],[119.9,5.6],[120,5.6],[120,5.5],[120.1,5.5],[120.2,5.4],[120.3,5.4],[120.2,5.3],[120.1,5.1],[120,4.7],[119.9,4.4],[119.8,4.1],[119.5,3.6],[119.5,3],[119.4,2.9],[119.5,2.7],[119.8,2.3],[120,2],[120.1,1.8],[120.3,1.4],[120.5,1],[120.6,0.9],[120.3,0.4],[120,1.3],[119.6,0.6],[119.5,0.2],[119.4,0.6],[119,1],[118.7,1.8],[118.2,2.4],[118.1,1.8],[118.2,1.1],[118.3,0],[118.3,-0.3],[118.3,-0.5],[117.8,-0.4],[118.1,-0.3],[117.3,0],[116.6,0.2],[116.4,0],[116.1,0],[116,0.2],[115.6,0.3],[115.1,0.3],[115.1,0.1],[114.4,-0.4],[113.3,-0.8],[112,-3.1],[111,-4.7],[110.9,-6.8],[110.8,-7.6],[110.4,-8.1],[110.1,-8.5],[109.9,-8.5],[109.9,-8.4],[109.8,-8.4],[109.8,-8.3],[109.8,-8.2],[109.8,-8.1],[109.8,-8],[109.8,-7.9],[109.7,-7.9],[109.8,-7.8],[109.8,-7.7],[109.8,-7.6],[109.8,-7.5],[109.9,-7.5],[109.9,-7.6],[109.9,-7.7],[109.9,-7.8],[109.9,-7.9],[109.9,-8],[110,-8.1],[110,-8],[110,-7.9],[110,-7.8],[110,-7.7],[110,-7.6],[110,-7.5],[110,-7.4],[109.9,-7.4],[109.9,-7.3],[109.9,-7.2],[109.8,-7.2],[109.8,-7.1],[109.7,-7],[109.7,-6.9],[109.6,-6.9],[109.6,-6.8],[109.5,-6.7],[109.5,-6.8],[109.4,-6.8],[109.4,-6.9],[109.3,-6.9],[109.2,-6.9],[109.1,-6.8],[109.1,-6.7],[109.1,-6.6],[109,-6.6],[109,-6.5],[109,-6.4],[109,-6.3],[109,-6.2],[109,-6.1],[109,-6],[108.9,-6],[108.9,-5.9],[108.9,-5.8],[108.9,-5.7],[108.9,-5.6],[108.9,-5.5],[108.9,-5.4],[108.8,-5.3],[108.8,-5.2],[108.7,-5.2],[108.7,-5.1],[108.7,-5],[108.6,-4.9],[108.6,-4.8],[108.6,-4.7],[108.5,-4.7],[108.5,-4.6],[108.4,-4.5],[108.4,-4.4],[108.3,-4.3],[108.2,-4.2],[108.2,-4.1],[108.2,-4],[108.1,-4],[108.1,-3.9],[108.1,-4],[108.1,-4.1],[108.1,-4.2],[108.1,-4.3],[108,-4.3],[108,-4.2],[107.9,-4.1],[107.9,-4],[107.8,-4],[107.8,-3.9],[107.7,-3.8],[107.7,-3.7],[107.7,-3.6],[107.6,-3.5],[107.6,-3.4],[107.6,-3.3],[107.6,-3.2],[107.5,-3.1],[107.5,-3],[107.5,-2.9],[107.5,-2.8],[107.5,-2.7],[107.5,-2.6],[107.4,-2.5],[107.4,-2.4],[107.4,-2.3],[107.4,-2.2],[107.4,-2.1],[107.5,-2.1],[107.5,-2],[107.5,-1.9],[107.5,-1.8],[107.5,-1.7],[107.5,-1.6],[107.5,-1.5],[107.5,-1.4],[107.5,-1.3],[107.8,-1.2],[108,-1],[108.1,-0.5],[107.7,0.4],[107.8,0.4],[107.8,0.5],[107.9,0.5],[107.9,0.4],[108,0.4],[108.1,0.4],[108.1,0.5],[108.2,0.5],[108.2,0.6],[108.3,0.6],[108.3,0.7],[108.4,0.7],[108.5,0.7],[108.6,0.7],[109.2,0.8],[109.3,0.9],[109.6,1],[109.9,1.2],[110.2,1.4],[110.4,1.8],[110.6,2.2],[110.7,2.5],[111.1,3],[111.2,3.5],[111.6,4.1]]]]}},{"type":"Feature","properties":{},"geometry":{"type":"MultiPolygon","coordinates":[[[[107.7,-12.9],[107.6,-12.8],[107.5,-12.7],[107.5,-12.6],[107.5,-12.5],[107.6,-12.5],[107.6,-12.4],[107.6,-12.3],[107.7,-12.3],[107.7,-12.2],[107.8,-12.2],[107.8,-12.1],[107.9,-12.1],[108,-12],[108.1,-11.9],[108.1,-11.8],[108.2,-11.8],[108.3,-11.7],[108.3,-11.6],[108.4,-11.6],[108.4,-11.5],[108.5,-11.5],[108.5,-11.4],[108.6,-11.4],[108.6,-11.3],[108.7,-11.3],[108.7,-11.2],[108.8,-11.1],[108.8,-11],[108.9,-10.9],[108.9,-10.8],[109,-10.8],[109,-10.7],[109,-10.6],[109.1,-10.6],[109.1,-10.5],[109.1,-10.4],[109.1,-10.3],[109.1,-10.2],[109.2,-10.2],[109.3,-10.4],[109.1,-10.8],[109.1,-11.5],[109,-11.6],[109,-11.9],[108.5,-12.5],[108.2,-12.6],[107.7,-12.9]]]]}},{"type":"Feature","properties":{},"geometry":{"type":"MultiPolygon","coordinates":[[[[120.2,0.2],[120.4,0.2],[120,-0.3],[119.5,-0.7],[120.2,0.2]]]]}},{"type":"Feature","properties":{},"geometry":{"type":"MultiPolygon","coordinates":[[[[107.5,-12.7],[107.6,-12.8],[107.7,-12.9],[107.2,-13.2],[106.7,-12.6],[105.7,-11.6],[105.5,-11.3],[103.4,-10.9],[102.1,-10.3],[101.1,-10.1],[99.2,-9.8],[99.7,-9.9],[100,-9.9],[99,-9.5],[99.4,-9.4],[99.8,-9.5],[99.7,-9],[98.7,-8.9],[97.6,-8.4],[96.6,-7.5],[96.6,-7.1],[96.9,-7],[96.7,-6.8],[96.6,-6.5],[96.7,-5.7],[96.8,-5.7],[96.8,-5.8],[96.8,-5.9],[96.8,-6],[96.8,-6.1],[96.8,-6.2],[96.9,-6.3],[96.9,-6.4],[96.9,-6.5],[96.9,-6.6],[97,-6.6],[97.1,-6.7],[97.2,-6.8],[97.3,-6.8],[97.4,-6.9],[97.5,-7],[97.6,-7.1],[97.7,-7.2],[97.8,-7.3],[97.9,-7.3],[98,-7.4],[98.1,-7.5],[98.2,-7.6],[98.3,-7.6],[98.5,-7.7],[98.5,-7.8],[98.6,-7.8],[98.7,-7.8],[98.7,-7.9],[98.8,-7.9],[98.9,-7.9],[98.9,-8],[99,-8],[99.1,-8],[99.2,-8],[99.2,-8.1],[99.4,-8.1],[99.5,-8.1],[99.6,-8.2],[99.8,-8.2],[99.9,-8.2],[100,-8.2],[100.1,-8.2],[100.2,-8.2],[100.3,-8.3],[100.4,-8.3],[100.5,-8.4],[100.6,-8.4],[100.6,-8.5],[100.7,-8.5],[100.8,-8.6],[100.9,-8.7],[101,-8.7],[101,-8.8],[101.1,-8.8],[101.2,-8.9],[101.3,-8.9],[101.3,-9],[101.4,-9],[101.4,-9.1],[101.5,-9.1],[101.6,-9.1],[101.6,-9.2],[101.7,-9.2],[101.8,-9.2],[101.8,-9.3],[101.9,-9.3],[102,-9.4],[102.1,-9.4],[102.2,-9.5],[102.3,-9.5],[102.3,-9.6],[102.4,-9.6],[102.5,-9.7],[102.6,-9.7],[102.7,-9.7],[102.7,-9.8],[102.8,-9.8],[102.9,-9.8],[103,-9.8],[103,-9.9],[103.1,-9.9],[103.2,-9.9],[103.3,-9.9],[103.4,-9.9],[103.4,-10],[103.5,-10],[103.6,-10],[103.7,-10.1],[103.8,-10.1],[103.9,-10.2],[104,-10.2],[104,-10.3],[104.1,-10.3],[104.2,-10.4],[104.3,-10.4],[104.4,-10.5],[104.5,-10.5],[104.6,-10.6],[104.7,-10.6],[104.8,-10.7],[104.9,-10.8],[105,-10.8],[105.1,-10.8],[105.1,-10.9],[105.2,-10.9],[105.2,-11],[105.3,-11],[105.4,-11.1],[105.5,-11.1],[105.5,-11.2],[105.6,-11.2],[105.6,-11.3],[105.7,-11.3],[105.7,-11.4],[105.8,-11.4],[105.9,-11.5],[106,-11.6],[106.1,-11.6],[106.1,-11.7],[106.2,-11.7],[106.2,-11.8],[106.3,-11.8],[106.3,-11.9],[106.4,-11.9],[106.4,-12],[106.5,-12],[106.6,-12.1],[106.7,-12.2],[106.8,-12.2],[106.8,-12.3],[106.9,-12.3],[107,-12.4],[107.1,-12.5],[107.2,-12.5],[107.2,-12.6],[107.3,-12.6],[107.4,-12.7],[107.5,-12.7]]]]}},{"type":"Feature","properties":{},"geometry":{"type":"MultiPolygon","coordinates":[[[[107.7,0.4],[108.1,-0.5],[108,-1],[107.8,-1.2],[107.5,-1.3],[107.5,-1.4],[107.5,-1.5],[107.5,-1.6],[107.5,-1.7],[107.5,-1.8],[107.5,-1.9],[107.5,-2],[107.5,-2.1],[107.4,-2.1],[107.4,-2.2],[107.4,-2.3],[107.4,-2.4],[107.4,-2.5],[107.5,-2.6],[107.5,-2.7],[107.5,-2.8],[107.5,-2.9],[107.5,-3],[107.5,-3.1],[107.6,-3.2],[107.6,-3.3],[107.6,-3.4],[107.6,-3.5],[107.7,-3.6],[107.7,-3.7],[107.7,-3.8],[107.8,-3.9],[107.8,-4],[107.9,-4],[107.9,-4.1],[108,-4.2],[108,-4.3],[108.1,-4.3],[108.1,-4.2],[108.1,-4.1],[108.1,-4],[108.1,-3.9],[108.1,-4],[108.2,-4],[108.2,-4.1],[108.2,-4.2],[108.3,-4.3],[108.4,-4.4],[108.4,-4.5],[108.5,-4.6],[108.5,-4.7],[108.6,-4.7],[108.6,-4.8],[108.6,-4.9],[108.7,-5],[108.7,-5.1],[108.7,-5.2],[108.8,-5.2],[108.8,-5.3],[108.9,-5.4],[108.9,-5.5],[108.9,-5.6],[108.9,-5.7],[108.9,-5.8],[108.9,-5.9],[108.9,-6],[109,-6],[109,-6.1],[109,-6.2],[109,-6.3],[109,-6.4],[109,-6.5],[109,-6.6],[109.1,-6.6],[109.1,-6.7],[109.1,-6.8],[109.2,-6.9],[109.3,-6.9],[109.4,-6.9],[109.4,-6.8],[109.5,-6.8],[109.5,-6.7],[109.6,-6.8],[109.6,-6.9],[109.7,-6.9],[109.7,-7],[109.8,-7.1],[109.8,-7.2],[109.9,-7.2],[109.9,-7.3],[109.9,-7.4],[110,-7.4],[110,-7.5],[110,-7.6],[110,-7.7],[110,-7.8],[110,-7.9],[110,-8],[110,-8.1],[109.9,-8],[109.9,-7.9],[109.9,-7.8],[109.9,-7.7],[109.9,-7.6],[109.9,-7.5],[109.8,-7.5],[109.8,-7.6],[109.8,-7.7],[109.8,-7.8],[109.7,-7.9],[109.8,-7.9],[109.8,-8],[109.8,-8.1],[109.8,-8.2],[109.8,-8.3],[109.8,-8.4],[109.9,-8.4],[109.9,-8.5],[109.8,-8.7],[109.2,-10.1],[109.2,-10.2],[109.1,-10.2],[109.1,-10.3],[109.1,-10.4],[109.1,-10.5],[109.1,-10.6],[109,-10.6],[109,-10.7],[108.9,-10.8],[108.9,-10.9],[108.8,-11],[108.8,-11.1],[108.7,-11.2],[108.7,-11.3],[108.6,-11.3],[108.6,-11.4],[108.5,-11.4],[108.5,-11.5],[108.4,-11.5],[108.4,-11.6],[108.3,-11.7],[108.2,-11.7],[108.2,-11.8],[108.1,-11.8],[108.1,-11.9],[108,-12],[107.9,-12.1],[107.8,-12.1],[107.8,-12.2],[107.7,-12.2],[107.7,-12.3],[107.6,-12.3],[107.6,-12.4],[107.6,-12.5],[107.5,-12.5],[107.5,-12.6],[107.5,-12.7],[107.4,-12.7],[107.3,-12.6],[107.2,-12.6],[107.1,-12.5],[107,-12.4],[106.9,-12.4],[106.9,-12.3],[106.8,-12.3],[106.7,-12.2],[106.6,-12.1],[106.5,-12.1],[106.5,-12],[106.4,-11.9],[106.3,-11.9],[106.3,-11.8],[106.2,-11.8],[106.2,-11.7],[106.1,-11.7],[106,-11.6],[105.9,-11.5],[105.8,-11.4],[105.7,-11.3],[105.6,-11.3],[105.6,-11.2],[105.5,-11.2],[105.5,-11.1],[105.4,-11.1],[105.3,-11],[105.2,-11],[105.2,-10.9],[105.1,-10.9],[105,-10.8],[104.9,-10.8],[104.9,-10.7],[104.8,-10.7],[104.7,-10.7],[104.7,-10.6],[104.6,-10.6],[104.5,-10.5],[104.4,-10.5],[104.3,-10.4],[104.2,-10.4],[104.2,-10.3],[104.1,-10.3],[104,-10.3],[104,-10.2],[103.9,-10.2],[103.8,-10.2],[103.8,-10.1],[103.7,-10.1],[103.6,-10.1],[103.6,-10],[103.5,-10],[103.4,-9.9],[103.3,-9.9],[103.2,-9.9],[103.1,-9.9],[103,-9.9],[103,-9.8],[102.9,-9.8],[102.8,-9.8],[102.7,-9.8],[102.7,-9.7],[102.6,-9.7],[102.5,-9.7],[102.5,-9.6],[102.4,-9.6],[102.3,-9.5],[102.2,-9.5],[102.1,-9.5],[102.1,-9.4],[102,-9.4],[101.9,-9.3],[101.8,-9.3],[101.7,-9.2],[101.6,-9.2],[101.6,-9.1],[101.5,-9.1],[101.4,-9],[101.3,-9],[101.2,-8.9],[101.1,-8.8],[101,-8.8],[101,-8.7],[100.9,-8.7],[100.9,-8.6],[100.8,-8.6],[100.7,-8.6],[100.7,-8.5],[100.6,-8.5],[100.6,-8.4],[100.5,-8.4],[100.4,-8.4],[100.4,-8.3],[100.3,-8.3],[100.2,-8.3],[100.2,-8.2],[100.1,-8.2],[100,-8.2],[99.9,-8.2],[99.8,-8.2],[99.7,-8.2],[99.5,-8.2],[99.5,-8.1],[99.4,-8.1],[99.2,-8.1],[99.2,-8],[99.1,-8],[99,-8],[98.9,-7.9],[98.8,-7.9],[98.7,-7.9],[98.6,-7.8],[98.5,-7.8],[98.4,-7.7],[98.3,-7.6],[98.2,-7.5],[98,-7.4],[97.9,-7.3],[97.8,-7.3],[97.7,-7.2],[97.6,-7.1],[97.5,-7.1],[97.4,-6.9],[97.3,-6.9],[97.3,-6.8],[97.2,-6.8],[97.1,-6.8],[97,-6.7],[97,-6.6],[96.9,-6.6],[96.9,-6.5],[96.9,-6.4],[96.9,-6.3],[96.8,-6.3],[96.8,-6.2],[96.8,-6.1],[96.8,-6],[96.8,-5.9],[96.8,-5.8],[96.7,-5.7],[96.7,-5.5],[96.7,-4.7],[96.7,-4.2],[96.7,-4.1],[97,-3.8],[97.3,-3.3],[97.3,-2.8],[97.6,-1.9],[97.9,-1.4],[98.3,-0.5],[98.4,-0.5],[98.5,-0.5],[98.6,-0.5],[98.7,-0.5],[98.8,-0.5],[98.9,-0.6],[99,-0.6],[99.1,-0.6],[99.2,-0.7],[99.3,-0.7],[99.4,-0.7],[99.4,-0.8],[99.5,-0.8],[99.6,-0.8],[99.7,-0.8],[99.7,-0.9],[99.8,-0.9],[99.9,-0.9],[100,-1],[100.1,-1],[100.2,-1],[100.3,-1],[100.3,-1.1],[100.4,-1.1],[100.5,-1.1],[100.5,-1.2],[100.6,-1.2],[100.7,-1.2],[100.8,-1.2],[100.8,-1.3],[100.9,-1.3],[101,-1.3],[101.1,-1.3],[101.1,-1.4],[101.1,-1.3],[101.2,-1.3],[101.3,-1.3],[101.4,-1.3],[101.5,-1.3],[101.6,-1.3],[101.6,-1.2],[101.7,-1.2],[101.8,-1.2],[101.9,-1.1],[102,-1.1],[102,-1],[102.1,-1],[102.2,-1],[102.2,-0.9],[102.3,-0.9],[102.4,-0.9],[102.4,-0.8],[102.5,-0.8],[102.6,-0.7],[102.7,-0.6],[102.6,-0.6],[102.6,-0.5],[102.7,-0.5],[102.8,-0.5],[102.8,-0.4],[102.9,-0.4],[102.9,-0.3],[103,-0.3],[103.1,-0.2],[103.1,-0.1],[103.2,-0.1],[103.3,-0.1],[103.3,0],[103.4,0],[103.4,-0.1],[103.5,-0.1],[103.6,-0.1],[103.7,-0.2],[103.8,-0.2],[103.9,-0.2],[104,-0.2],[104,-0.3],[104.1,-0.3],[104.2,-0.3],[104.3,-0.3],[104.4,-0.3],[104.5,-0.3],[104.6,-0.3],[104.7,-0.3],[104.8,-0.3],[104.9,-0.3],[105,-0.3],[105.1,-0.3],[105.2,-0.3],[105.8,-0.4],[105.9,-0.5],[106,-0.5],[106.1,-0.5],[106.2,-0.5],[106.3,-0.5],[106.4,-0.5],[106.5,-0.5],[106.6,-0.5],[106.6,-0.4],[106.7,-0.4],[106.8,-0.4],[106.9,-0.4],[106.9,-0.3],[107,-0.3],[107.1,-0.3],[107.1,-0.2],[107.2,-0.2],[107.2,-0.1],[107.3,-0.1],[107.3,0],[107.4,0],[107.5,0.1],[107.5,0.2],[107.6,0.2],[107.6,0.3],[107.7,0.4]]]]}},{"type":"Feature","properties":{},"geometry":{"type":"MultiPolygon","coordinates":[[[[100.3,14.2],[100.4,14.2],[100.6,14.3],[100.7,14.3],[100.7,14.4],[100.8,14.5],[101,14.8],[101.4,14.8],[101.6,14.9],[101.5,14.9],[101.6,15],[101.6,15.1],[101.7,15.5],[101.7,15.4],[101.8,15.3],[101.9,15.3],[101.9,15.4],[101.9,15.5],[102,15.5],[102,15.4],[102.1,15.5],[102.2,15.3],[102.2,15.4],[102.3,15.4],[102.4,15.6],[102.3,15.8],[102.2,15.7],[102.1,15.7],[102.1,15.9],[102.2,16.1],[102.2,16],[102.4,16],[102.5,15.9],[102.6,16],[102.5,16],[102.5,16.1],[102.6,16.1],[102.7,16.1],[102.8,16.1],[102.8,16],[102.8,15.8],[102.7,15.9],[102.8,15.8],[102.9,15.7],[102.8,15.6],[102.9,15.5],[102.8,15.5],[102.9,15.4],[102.9,15.5],[102.9,15.4],[103.1,15.4],[103,15.4],[102.9,15.3],[103,15.3],[103.1,15.2],[103.1,15],[103.1,15.1],[103,15.1],[102.9,15.2],[103,15.1],[102.9,15.1],[102.9,15],[102.9,14.9],[102.8,15],[102.8,14.9],[102.9,14.8],[102.8,14.8],[102.8,14.7],[102.9,14.7],[102.9,14.6],[102.9,14.5],[103.2,14.4],[103.2,14.5],[103.3,14.3],[103.4,14.2],[103.4,14.1],[103.4,13.9],[103.5,13.7],[103.5,13.6],[103.6,13.5],[103.5,13.5],[103.5,13.4],[103.9,13.2],[104,13.3],[104.3,13.4],[104.6,13.5],[105.3,13.5],[105.5,13.6],[105.4,13.7],[106.3,14],[106.5,13.9],[107,14],[107.2,14.1],[107.3,14.2],[107.6,14.4],[107.7,14.4],[107.8,14.4],[108,14.3],[108.1,14.2],[108.2,14.3],[108.5,14.3],[108.7,14.4],[108.9,14.5],[109,14.6],[109,14.5],[108.7,14.4],[108.7,14.3],[108.6,14.3],[108.6,14.2],[108.5,14.2],[108.4,14.1],[108.3,14],[108.2,14],[108.2,13.9],[108.1,13.9],[108.1,13.8],[108,13.8],[108,13.7],[107.9,13.6],[107.8,13.5],[107.8,13.4],[107.7,13.4],[107.7,13.3],[107.6,13.2],[107.6,13.1],[107.5,13.1],[107.5,13],[107.4,12.9],[107.4,12.8],[107.3,12.7],[107.3,12.6],[107.2,12.6],[107.1,12.5],[107,12.4],[106.9,12.3],[106.8,12.3],[106.7,12.2],[106.7,12.1],[106.6,12],[106.6,11.9],[106.6,11.8],[106.5,11.7],[106.5,11.6],[106.4,11.6],[106.4,11.5],[106.5,11.5],[106.5,11.4],[106.5,11.3],[106.4,11.3],[106.4,11.2],[106.5,11.2],[106.5,11.1],[106.5,11],[106.6,11],[106.6,10.9],[106.6,10.8],[106.6,10.7],[106.5,10.7],[106.5,10.6],[106.5,10.5],[106.4,10.4],[106.3,10.4],[106.4,10.3],[106.5,10.3],[106.6,10.3],[106.6,10.2],[106.7,10.2],[106.7,10.1],[106.7,10],[106.6,9.9],[106.6,9.8],[106.5,9.8],[106.5,9.7],[106.4,9.7],[106.3,9.6],[106.2,9.5],[106.1,9.5],[106,9.5],[105.9,9.5],[105.8,9.5],[105.7,9.6],[105.6,9.6],[105.5,9.6],[105.4,9.7],[105.4,9.8],[105.5,9.8],[105.4,9.9],[105.3,9.9],[105.2,10],[105.1,10],[105,10.1],[104.9,10.1],[104.8,10.1],[104.8,10.2],[104.7,10.2],[104.5,10.2],[104.3,10.3],[104.2,10.3],[104.2,10.2],[104.1,10.2],[104,10.1],[103.9,10.2],[103.8,10.2],[103.7,10.2],[103.2,11],[102.2,11.4],[102.1,11.4],[102.1,11.5],[102,11.5],[101.9,11.5],[101.8,11.5],[101.7,11.5],[101.8,11.6],[101.7,11.6],[101.7,11.7],[101.6,11.7],[101.6,11.8],[101.5,11.8],[101.4,11.9],[101.3,11.9],[101.2,11.9],[101.1,11.9],[101,11.9],[100.9,11.9],[100.9,12],[100.8,12.1],[100.8,12.2],[100.7,12.3],[100.6,12.4],[100.5,12.4],[100.5,12.5],[100.4,12.6],[100.4,12.7],[100.3,12.8],[100.4,12.8],[100.4,12.9],[100.5,12.9],[100.5,13],[100.6,13],[100.5,13.1],[100.5,13.2],[100.4,13.2],[100.4,13.3],[100.4,13.4],[100.4,13.5],[100.5,13.6],[100.5,13.7],[100.5,13.8],[100.5,13.9],[100.4,13.9],[100.4,14],[100.3,14],[100.3,14.1],[100.2,14.1],[100.1,14.2],[100.2,14.3],[100.3,14.2]]]]}},{"type":"Feature","properties":{},"geometry":{"type":"MultiPolygon","coordinates":[[[[106.8,-31.5],[105.4,-30.1],[104.7,-29],[104.5,-26.7],[104.9,-25.6],[105.1,-25.6],[105.3,-26],[105.5,-26.4],[105.3,-27.3],[105.5,-28.2],[106,-29.1],[106.3,-30.9],[106.4,-31.3],[106.8,-31.5]]]]}},{"type":"Feature","properties":{},"geometry":{"type":"MultiPolygon","coordinates":[[[[83.2,-29.1],[83.8,-28.7],[86.9,-27.8],[91,-27.5],[91,-28],[88.2,-28.8],[89.1,-31],[89.3,-33.1],[88.1,-34.1],[89.2,-35.2],[91.4,-35.6],[94.1,-35.1],[95.6,-36.5],[95.3,-36.3],[95.2,-36],[94.9,-36.3],[95.1,-36.6],[95.2,-36.7],[95.6,-37.7],[92.3,-38.7],[92.5,-38.5],[92.8,-38.2],[92.9,-37.8],[92.6,-37.3],[92.5,-37.6],[92.1,-38],[91.4,-38.3],[90.9,-38.2],[90.7,-38],[90.5,-38],[90.6,-38.3],[90.3,-38.2],[90.1,-38.2],[90,-38.4],[89.8,-38.5],[89.7,-38.6],[89.6,-38.6],[89.4,-38.6],[89.2,-38.4],[89,-38.4],[88.9,-38.3],[88.5,-38.2],[87.9,-38.2],[87.1,-37.9],[84.1,-34.3],[83,-29.2],[83.2,-29.1]]]]}},{"type":"Feature","properties":{},"geometry":{"type":"MultiPolygon","coordinates":[[[[113.5,-39],[112.1,-40],[111.6,-40],[111.9,-39.8],[112.7,-39.4],[113.4,-39],[113.5,-39]]]]}},{"type":"Feature","properties":{},"geometry":{"type":"MultiPolygon","coordinates":[[[[113.2,-38.7],[113.4,-39],[112.7,-39.4],[111.9,-39.8],[111.2,-39.9],[112.7,-39.2],[113.2,-38.7]]]]}},{"type":"Feature","properties":{},"geometry":{"type":"MultiPolygon","coordinates":[[[[109.4,-34.8],[111.1,-36],[111.3,-36.2],[110.6,-37.6],[110.1,-38.8],[109.5,-39.7],[109.1,-39.6],[108.4,-39.2],[110.1,-36.8],[108.6,-35.2],[109.4,-34.8]]]]}},{"type":"Feature","properties":{},"geometry":{"type":"MultiPolygon","coordinates":[[[[112.9,-37.7],[113.1,-38.7],[113,-39],[111.4,-39.8],[110.4,-39.7],[109.5,-39.7],[110.1,-38.8],[110.6,-37.6],[111.3,-36.2],[112.3,-36.5],[112.3,-37.1],[112.9,-37.7]]]]}},{"type":"Feature","properties":{},"geometry":{"type":"MultiPolygon","coordinates":[[[[114.6,-37],[114.6,-37.9],[114.9,-38.5],[115.1,-38.6],[115,-38.7],[114.8,-38.8],[114.7,-39.2],[114.3,-39.3],[113.8,-38.2],[113.7,-37.3],[113.8,-36.7],[114.3,-36.9],[114.6,-37]]]]}},{"type":"Feature","properties":{},"geometry":{"type":"MultiPolygon","coordinates":[[[[115.2,-37.3],[115.1,-37.8],[115.4,-38.3],[115.9,-38.9],[115.6,-39.1],[116.2,-39.4],[114.8,-39.8],[114.7,-39.2],[114.8,-38.8],[115,-38.7],[115.1,-38.6],[114.9,-38.5],[114.6,-37.9],[114.6,-37],[115.2,-37.2],[115.2,-37.3]]]]}},{"type":"Feature","properties":{},"geometry":{"type":"MultiPolygon","coordinates":[[[[-23.7,18.4],[-24.3,18.6],[-24.8,18.4],[-26.2,17.5],[-26.7,16.6],[-27.1,16.3],[-26.8,17],[-26.8,18],[-25.6,19.4],[-24.6,19.8],[-23.9,20],[-23.4,20.4],[-22.9,20.6],[-22.3,20.6],[-21,20.4],[-18.6,20.8],[-18.5,21.1],[-17.1,21.2],[-16.5,20.5],[-17.3,20.3],[-18.4,19.4],[-20.5,19.1],[-21,19.2],[-21.4,19.2],[-22.1,19],[-23.4,18.5],[-23.7,18.4]]]]}},{"type":"Feature","properties":{},"geometry":{"type":"MultiPolygon","coordinates":[[[[-28.4,18.2],[-27,19.5],[-24.4,20.4],[-22.8,20.7],[-21.1,21],[-20.3,21.6],[-19.1,22.1],[-18.4,22.8],[-17.3,23.6],[-15.7,24.6],[-14.6,25.1],[-15,24.7],[-16,24.5],[-17.2,23.6],[-18,22.7],[-19.1,22],[-20.5,20.8],[-21.5,20.6],[-22.3,20.6],[-22.9,20.6],[-23.4,20.4],[-23.9,20],[-24.6,19.8],[-25.6,19.4],[-26.8,18],[-27.4,17.7],[-27.6,17.9],[-28,18.3],[-27.9,18],[-28.2,17.9],[-28.4,17.9],[-28.4,18.2]]]]}},{"type":"Feature","properties":{},"geometry":{"type":"MultiPolygon","coordinates":[[[[-18.2,18.9],[-17.8,19.1],[-17.3,19.1],[-17.5,19.3],[-17,19.9],[-16,20.5],[-15.9,18.9],[-15.7,17.4],[-15.5,16.6],[-15.1,16.3],[-14.7,16.5],[-15.7,15],[-17.4,16.2],[-18.2,18.9]]]]}},{"type":"Feature","properties":{},"geometry":{"type":"MultiPolygon","coordinates":[[[[-18.2,18.9],[-18.5,18.8],[-20.1,18.6],[-21,18.9],[-21.1,19.1],[-23.7,18.4],[-23.2,18.4],[-22.1,19],[-21.3,19.2],[-21,19.2],[-18.9,19.2],[-18,19.8],[-17.2,20.4],[-16.2,20.7],[-15.7,21.2],[-16.2,20.4],[-17.2,19.8],[-17.5,19.2],[-17.3,19.1],[-17.9,19],[-18.2,18.9]]]]}},{"type":"Feature","properties":{},"geometry":{"type":"MultiPolygon","coordinates":[[[[-16.2,20.7],[-17.5,20.8],[-18.7,20.9],[-19.1,20.4],[-21.3,20.5],[-21.4,20.7],[-20.4,20.9],[-19.1,22],[-17.8,22.9],[-17.1,23.8],[-15.7,24.6],[-14.8,24.8],[-14.3,24.4],[-14.9,23.5],[-15.5,21.2],[-16.2,20.7]]]]}},{"type":"Feature","properties":{},"geometry":{"type":"MultiPolygon","coordinates":[[[[-11.4,20.8],[-11.1,21.4],[-11,22.2],[-10.5,23.1],[-9.7,23.8],[-9.1,24.6],[-8.4,25],[-8.7,24.6],[-9.9,23.4],[-10.4,22.7],[-10.7,22.1],[-10.9,20.4],[-11.6,19.1],[-12.1,18.5],[-13.4,17.2],[-14.4,16.6],[-13,18.7],[-12,19.5],[-12.1,19.8],[-12.1,19.9],[-11.4,20.8]]]]}},{"type":"Feature","properties":{},"geometry":{"type":"MultiPolygon","coordinates":[[[[-2.4,26.8],[-1.9,28],[-2.8,28.8],[-4.9,30.5],[-6.5,31.6],[-5.3,31.9],[-3.2,31.1],[-1.8,30],[-0.1,29.4],[-0.3,27.3],[-1.6,26.7],[-2.4,26.8]]]]}},{"type":"Feature","properties":{},"geometry":{"type":"MultiPolygon","coordinates":[[[[-9.1,26.5],[-6.2,27.4],[-4.7,27.1],[-5.3,26.1],[-5.9,26],[-7.2,25.7],[-8.4,26.2],[-9.5,25.7],[-9.1,26.5]]]]}},{"type":"Feature","properties":{},"geometry":{"type":"MultiPolygon","coordinates":[[[[-9.5,25.7],[-8.4,26.2],[-7.2,25.7],[-5.9,26],[-5.3,25.6],[-6.6,25],[-7.7,25.1],[-9.3,25],[-10.2,24.9],[-9.5,25.7]]]]}},{"type":"Feature","properties":{},"geometry":{"type":"MultiPolygon","coordinates":[[[[-5.6,27.3],[-6.6,28.5],[-4.2,28.5],[-2.5,28.4],[-1.8,27.3],[-3.4,27],[-5,27.2],[-5.6,27.3]]]]}},{"type":"Feature","properties":{},"geometry":{"type":"MultiPolygon","coordinates":[[[[-5.6,23.8],[-6.9,24.9],[-5.4,25.2],[-5.3,26.4],[-4.5,27.2],[-2.4,26.8],[-0.8,26.5],[-1.3,25.6],[-3.1,25.7],[-4.4,23.9],[-5.6,23.8]]]]}},{"type":"Feature","properties":{},"geometry":{"type":"MultiPolygon","coordinates":[[[[-14.2,24.6],[-13.3,26],[-11,27.2],[-8.3,28.7],[-6.3,28.3],[-6.2,27.4],[-9.1,26.5],[-12.2,25.3],[-14.6,23.8],[-14.2,24.6]]]]}},{"type":"Feature","properties":{},"geometry":{"type":"MultiPolygon","coordinates":[[[[-21.3,33.6],[-17.4,35.9],[-14.1,36.9],[-15.7,35.6],[-17.9,34.3],[-20.1,33.1],[-21.6,32.6],[-21.3,33.6]]]]}},{"type":"Feature","properties":{},"geometry":{"type":"MultiPolygon","coordinates":[[[[-22.9,34.8],[-19.5,36.5],[-17.4,37.3],[-15.8,37.7],[-12.7,38.4],[-9.6,38.1],[-10.7,37.6],[-14.1,36.9],[-17.4,35.9],[-21.3,33.6],[-22.9,34.8]]]]}},{"type":"Feature","properties":{},"geometry":{"type":"MultiPolygon","coordinates":[[[[-27.1,27],[-28.8,26.5],[-30.9,26.6],[-27.2,29.2],[-25.8,32.1],[-23.9,34.2],[-22.3,34.5],[-21.2,32.5],[-20.9,31.6],[-20.8,31],[-21.9,29.9],[-22.9,29],[-23.6,28.3],[-24.9,27.8],[-25.8,27.2],[-27.1,27]]]]}},{"type":"Feature","properties":{},"geometry":{"type":"MultiPolygon","coordinates":[[[[-9.2,24.5],[-10.1,23.5],[-9.8,23.8],[-9.2,24.5]]]]}},{"type":"Feature","properties":{},"geometry":{"type":"MultiPolygon","coordinates":[[[[-9.8,24.7],[-9.5,24.5],[-10.2,24.2],[-9.8,24.7]]]]}},{"type":"Feature","properties":{},"geometry":{"type":"MultiPolygon","coordinates":[[[[-15.7,19.5],[-14.7,21.1],[-13.5,20.6],[-12.1,21.8],[-11.5,22.2],[-11.8,21.1],[-11.5,21.1],[-11.1,21.9],[-10.9,22.4],[-11.1,21.5],[-11.3,20.9],[-13.2,19.1],[-15.2,19.1],[-15.7,19.5]]]]}},{"type":"Feature","properties":{},"geometry":{"type":"MultiPolygon","coordinates":[[[[-15,21.4],[-13.1,23],[-10.5,24.7],[-9.5,25],[-10.2,24.2],[-10.6,24.1],[-11.1,23.6],[-11.3,23.2],[-11.5,22.8],[-11.9,22],[-13.1,20.7],[-14.5,20.9],[-15,21.4]]]]}},{"type":"Feature","properties":{},"geometry":{"type":"MultiPolygon","coordinates":[[[[-15.5,21.2],[-14.9,23.5],[-13.6,24.4],[-10.6,25.8],[-9.4,26],[-10.2,24.9],[-12.5,23.5],[-14.6,21.6],[-15.5,21.2]]]]}},{"type":"Feature","properties":{},"geometry":{"type":"MultiPolygon","coordinates":[[[[-2.4,22.6],[-1.1,23.8],[1,24.1],[1.9,25],[3.1,24.7],[3.3,24.4],[3.6,23.9],[3.7,23.4],[3.4,23.1],[2.4,22.8],[1.5,22.8],[0.8,22.7],[-0.3,22.4],[-0.9,22.3],[-1.6,22.5],[-2.4,22.6]]]]}},{"type":"Feature","properties":{},"geometry":{"type":"MultiPolygon","coordinates":[[[[-15.7,19.5],[-14.3,18.7],[-11.5,20.6],[-11.8,20.2],[-12.1,19.8],[-12,19.8],[-12.7,19.1],[-14.5,16.6],[-15.1,16.2],[-15.4,16.5],[-15.6,16.9],[-15.9,18.6],[-15.7,19.5]]]]}},{"type":"Feature","properties":{},"geometry":{"type":"MultiPolygon","coordinates":[[[[2.5,17.9],[3.2,18.6],[6.2,19.4],[7.2,19.4],[6.8,18.9],[6,18.2],[4.3,17.4],[3.2,17.5],[2.5,17.9]]]]}},{"type":"Feature","properties":{},"geometry":{"type":"MultiPolygon","coordinates":[[[[4.2,22.2],[4.3,23.5],[4,24.1],[3.6,24.5],[3,25.3],[3.8,25.7],[6.6,23.5],[7.4,20.4],[6.4,19.4],[5.8,19.5],[5.1,19.8],[4.3,20],[3.8,20.3],[3.7,20.6],[4,21.8],[4.2,22.2]]]]}},{"type":"Feature","properties":{},"geometry":{"type":"MultiPolygon","coordinates":[[[[1.5,22.8],[1.9,22.8],[2.9,22.9],[3.6,23.2],[3.7,23.6],[3.4,24.3],[3.2,24.6],[3.8,24.4],[4.2,23.7],[4.2,22.7],[3.8,22.2],[1.9,21.5],[1.5,21.3],[1.2,22],[1.5,22.8]]]]}},{"type":"Feature","properties":{},"geometry":{"type":"MultiPolygon","coordinates":[[[[1.8,18.9],[0.9,19.5],[0.8,20.3],[0.8,20.6],[0.7,20.8],[0.2,21.8],[1,22.7],[1.2,22],[1.5,21.3],[1.7,20.6],[1.7,20],[1.7,19.7],[1.8,18.9]]]]}},{"type":"Feature","properties":{},"geometry":{"type":"MultiPolygon","coordinates":[[[[-3.1,22.4],[-1.6,22.5],[-0.9,22.3],[-0.4,22.3],[0.1,22.5],[0.6,21],[0.7,20.6],[0.8,20.4],[0.8,19.9],[0.2,20],[-0.8,20.6],[-1.2,21.1],[-2.9,22.3],[-3.1,22.4]]]]}},{"type":"Feature","properties":{},"geometry":{"type":"MultiPolygon","coordinates":[[[[1.8,18.9],[1.7,19.7],[1.7,20],[1.7,20.6],[1.9,21.5],[3.8,22.2],[3.8,21.2],[3.7,20.5],[4,20.1],[4.3,19.9],[5.5,19.7],[5.9,19.4],[3.1,18.4],[2.4,18.1],[1.9,18.8],[1.8,18.9]]]]}},{"type":"Feature","properties":{},"geometry":{"type":"MultiPolygon","coordinates":[[[[-5.2,23.3],[-5.5,23.6],[-4.4,23.9],[-3.7,25.2],[-2,25.5],[-0.3,26.2],[-0.3,27.3],[-0.1,29.4],[-1.8,30],[-2.4,30.8],[-1.1,30.2],[0,29.7],[0.7,28.7],[1.4,27.9],[1.7,27.2],[1.9,25],[1,24.1],[-1.1,23.8],[-2.4,22.6],[-4.1,23.1],[-5.2,23.3]]]]}},{"type":"Feature","properties":{},"geometry":{"type":"MultiPolygon","coordinates":[[[[84.8,-26.1],[85.6,-26.5],[86.6,-25.8],[89.9,-25.5],[93,-25.4],[95.2,-23.4],[97.8,-19.4],[99.5,-17],[100.1,-15.7],[100,-14.7],[102.6,-14.5],[102.6,-14.8],[101.4,-15],[101.5,-16.8],[101.1,-18.7],[99.6,-21.6],[97.5,-23.8],[95.8,-24.9],[94.5,-25.7],[93,-26.7],[90.8,-27.1],[89,-27.1],[84.4,-27.6],[84.2,-28.2],[83.2,-29.1],[83.3,-28.6],[83.6,-27.5],[83.7,-27.1],[84.1,-27.3],[84.4,-26.9],[84.7,-26],[84.8,-26.1]]]]}},{"type":"Feature","properties":{},"geometry":{"type":"MultiPolygon","coordinates":[[[[90.4,-0.6],[90.9,-2.4],[91,-3.4],[91,-4.2],[91.4,-5.7],[91.5,-7.5],[91.6,-8.7],[91.7,-10.1],[91.8,-11.6],[91.4,-12.8],[91,-14],[90.7,-13.4],[90.7,-11.8],[90.3,-10.7],[90.2,-8.4],[90.3,-5.8],[90.2,-2.5],[90.4,-0.6]]]]}},{"type":"Feature","properties":{},"geometry":{"type":"MultiPolygon","coordinates":[[[[90.8,-14.3],[91.3,-13.4],[91.7,-12.2],[91.8,-10.7],[91.7,-9.5],[91.4,-8.1],[91.7,-7.1],[91.2,-4.9],[91,-3.8],[91,-3],[90.9,-1.5],[91.5,-1.3],[91.6,-2.8],[92.3,-6.3],[92.8,-11.1],[92.6,-13],[90.8,-14.3]]]]}},{"type":"Feature","properties":{},"geometry":{"type":"MultiPolygon","coordinates":[[[[-4,20.8],[-3.3,21.2],[-2.2,19.8],[-4.4,19.2],[-4,20.8]]]]}},{"type":"Feature","properties":{},"geometry":{"type":"MultiPolygon","coordinates":[[[[-1.7,18.4],[-1.1,14.2],[-1.8,14.5],[-1.6,16.6],[-2.1,17.6],[-1.7,18.4]]]]}},{"type":"Feature","properties":{},"geometry":{"type":"MultiPolygon","coordinates":[[[[-4.2,18.7],[-2.2,19.3],[-2.1,17.6],[-1.6,16.6],[-1.8,14.5],[-1.1,13.5],[-2.5,14.5],[-3.1,16],[-4,17.1],[-4.2,18.7]]]]}},{"type":"Feature","properties":{},"geometry":{"type":"MultiPolygon","coordinates":[[[[-8.4,24.8],[-8.4,25],[-7.5,25.1],[-5.9,24],[-5.3,23.3],[-3.6,21.7],[-4.1,20.9],[-5,22],[-5.4,22.7],[-6.5,23.8],[-7.5,24.6],[-8.4,24.8]]]]}},{"type":"Feature","properties":{},"geometry":{"type":"MultiPolygon","coordinates":[[[[-4.6,18.8],[-4,17.1],[-3.1,16],[-2.5,14.5],[-3.6,14.2],[-4.6,16.9],[-4.6,18.8]]]]}},{"type":"Feature","properties":{},"geometry":{"type":"MultiPolygon","coordinates":[[[[-11.3,2],[-10.6,1.8],[-9.9,1.8],[-9.5,1.9],[-9.2,1.7],[-9.2,2],[-8.8,2.1],[-8.1,2.2],[-7.3,2.6],[-6.3,3.2],[-5.2,2.9],[-4.5,3],[-3.7,2.9],[-2.9,2.9],[-2.6,3.4],[-2.5,4],[-2.5,3.2],[-2.3,2.7],[-2.5,2],[-2.7,1.8],[-4,2],[-4.5,1.9],[-5.1,1.9],[-6.9,1.6],[-8.9,0.7],[-9.6,-0.1],[-9.9,-0.2],[-9.8,0.3],[-10.4,0.1],[-10.9,0],[-11,0.2],[-11.3,0.4],[-11.3,0.7],[-11.4,0.5],[-11.6,0.9],[-11.4,1],[-11.5,1.1],[-11.5,1.8],[-11.3,2]]]]}},{"type":"Feature","properties":{},"geometry":{"type":"MultiPolygon","coordinates":[[[[-10.1,23.1],[-9.3,24.1],[-8.4,24.8],[-7.6,24.6],[-6.5,23.9],[-5.8,23],[-5,22],[-4.3,20.9],[-3.9,20.3],[-4.7,18],[-3.9,14.6],[-1.5,13.7],[-1.2,12.5],[-1.5,11.3],[-2,10.2],[-2.2,9.6],[-2,8.9],[-2.2,7.9],[-2.4,7.6],[-2.4,7.3],[-2.5,6.6],[-2.9,6.2],[-4,5.7],[-6.7,6],[-8.4,6.8],[-8.4,10],[-9.1,13.2],[-9.4,15.8],[-9.6,19.6],[-10,22.9],[-10.1,23.1]]]]}},{"type":"Feature","properties":{},"geometry":{"type":"MultiPolygon","coordinates":[[[[-2.1,5.5],[-2.4,5.6],[-2.7,6.1],[-2.4,6.8],[-2.3,7.4],[-2.2,7.7],[-2.2,8],[-2.1,9.1],[-2.2,9.7],[-1.9,10.3],[-1.4,11.5],[-1.2,12.8],[-1.1,14.2],[-1.7,18.4],[-2.2,19.8],[-3.2,22.2],[-5.2,23.3],[-3.8,22.9],[-2.9,22.3],[-1.2,21.1],[-0.8,20.6],[0.2,20],[1.6,19.1],[2,18.7],[2.5,17.9],[3.2,17.5],[3.6,13.8],[2.2,7.7],[0.7,5],[0.6,5.6],[0.9,6.2],[0.6,6.8],[0.6,6.6],[0.9,6.3],[0.4,5.7],[1,4.7],[-1.5,3.9],[-1.8,4.6],[-2,4.5],[-2.1,4.8],[-1.8,5],[-2,5.5],[-2.1,5.5]]]]}},{"type":"Feature","properties":{},"geometry":{"type":"MultiPolygon","coordinates":[[[[118.6,-2.6],[118.8,-2.9],[119.3,-3.4],[122.5,-7.1],[124.7,-13.3],[126.3,-20.3],[128.3,-27.8],[125.9,-29.7],[123.3,-26.9],[121.6,-24.1],[120.8,-24],[119.5,-21],[118.2,-16.8],[115.7,-10.1],[114.6,-6.6],[114.2,-6],[114.6,-5.4],[115.1,-4.7],[115.5,-4.8],[115.6,-4.2],[116.2,-4.2],[116.7,-3.8],[117.3,-3.4],[117.5,-3.3],[117.9,-3],[118.6,-2.6]]]]}},{"type":"Feature","properties":{},"geometry":{"type":"MultiPolygon","coordinates":[[[[127.3,-39.6],[127.3,-38.4],[126.5,-37.5],[125,-36.7],[124,-35.6],[128.1,-35.5],[128.6,-35.3],[129.3,-33.7],[131,-32.4],[133.2,-33.6],[132.3,-37.7],[128.3,-40],[127.6,-40],[127.3,-39.6]]]]}},{"type":"Feature","properties":{},"geometry":{"type":"MultiPolygon","coordinates":[[[[120.9,-33.7],[122.1,-32.6],[122.3,-32.4],[123.7,-28.7],[127.7,-29.8],[131.4,-29.9],[133.6,-31.5],[133.4,-31.9],[133.2,-32.8],[132.2,-33.2],[129.8,-33.3],[128.7,-35.2],[128.3,-35.5],[124.8,-35],[120.9,-33.7]]]]}},{"type":"Feature","properties":{},"geometry":{"type":"MultiPolygon","coordinates":[[[[133.2,-33.6],[133.3,-32.4],[133.6,-31.5],[133.9,-31.4],[134.3,-35.2],[133.2,-33.6]]]]}},{"type":"Feature","properties":{},"geometry":{"type":"MultiPolygon","coordinates":[[[[134.4,-35.1],[137.6,-29.7],[139.7,-32.6],[140.1,-33.5],[139.7,-33.7],[139.5,-33.9],[139.7,-34],[139.8,-34.1],[139.8,-34.4],[139.8,-34.8],[139.2,-34.4],[134.4,-35.1]]]]}},{"type":"Feature","properties":{},"geometry":{"type":"MultiPolygon","coordinates":[[[[140.3,-33.4],[138.3,-29.8],[140.3,-29.7],[141.8,-29.6],[142,-30.3],[141.9,-30.7],[141.8,-31.2],[141.7,-31.6],[141.5,-32.1],[141.3,-32.3],[141.3,-32.4],[141.2,-32.7],[140.8,-33],[140.5,-33.3],[140.3,-33.4]]]]}},{"type":"Feature","properties":{},"geometry":{"type":"MultiPolygon","coordinates":[[[[114.6,-6.7],[117,-13.5],[119.5,-20.2],[114.9,-19.4],[109.3,-19.5],[108.4,-19.4],[108.5,-19],[108.6,-18.4],[108.5,-17.7],[108.8,-17.2],[109.1,-17.1],[108.9,-16.8],[108.8,-16.3],[108.5,-16],[108.7,-15],[109.2,-14.4],[109.9,-13.6],[110.2,-13.4],[110.3,-12.7],[110,-12.5],[110.7,-11.2],[111.2,-10.8],[111.7,-11.9],[111.7,-11.2],[111.8,-10.5],[112.1,-10.3],[112.4,-9.8],[112.4,-10.1],[112.8,-8.7],[113.1,-8],[113.2,-7.2],[113.3,-7.1],[113.7,-7.1],[114.1,-7.3],[114.4,-7],[114.6,-6.7]]]]}},{"type":"Feature","properties":{},"geometry":{"type":"MultiPolygon","coordinates":[[[[114.6,-6.6],[114.4,-6.3],[114.5,-6.3],[114.6,-6.6]]]]}},{"type":"Feature","properties":{},"geometry":{"type":"MultiPolygon","coordinates":[[[[133,-17.5],[133.1,-21.1],[127.3,-17.4],[124.4,-11.8],[124.1,-7.7],[129,-12.3],[133,-17.5]]]]}},{"type":"Feature","properties":{},"geometry":{"type":"MultiPolygon","coordinates":[[[[133.4,-22.3],[133.2,-17],[134.4,-17.9],[135.7,-18.9],[136.7,-20.3],[137.4,-21.6],[138,-23.3],[138.6,-24.3],[137.6,-24.9],[133.4,-22.3]]]]}},{"type":"Feature","properties":{},"geometry":{"type":"MultiPolygon","coordinates":[[[[128.9,-29.7],[126.5,-22.2],[127.3,-17.4],[133.1,-21.1],[133.8,-27.7],[133.6,-31.5],[130.8,-29.9],[128.9,-29.7]]]]}},{"type":"Feature","properties":{},"geometry":{"type":"MultiPolygon","coordinates":[[[[133.4,-22.3],[138.7,-25.9],[138.4,-29.7],[139.3,-29.4],[135.9,-30.5],[133.6,-25.9],[133.4,-22.3]]]]}},{"type":"Feature","properties":{},"geometry":{"type":"MultiPolygon","coordinates":[[[[119.6,-37.4],[119.6,-37.3],[119.6,-37.2],[119.5,-37.2],[119.3,-37.1],[119.1,-36.8],[119.2,-36.6],[119.1,-36.6],[118.1,-37],[122.6,-34.6],[123.7,-36],[121.8,-37.9],[120.6,-38.4],[120.4,-38.5],[120.2,-38.5],[120,-38.7],[119.6,-38.5],[120,-38.2],[119.9,-37.7],[119.8,-37.4],[119.6,-37.4]]]]}},{"type":"Feature","properties":{},"geometry":{"type":"MultiPolygon","coordinates":[[[[115.6,-27.7],[116.5,-27.4],[115.5,-27.4],[116.8,-26.4],[117.3,-27.6],[117.1,-29.1],[115.6,-27.7]]]]}},{"type":"Feature","properties":{},"geometry":{"type":"MultiPolygon","coordinates":[[[[115.7,-26.8],[115,-21.7],[117.7,-19.8],[119.5,-21],[120.8,-24],[121.6,-24.1],[123.3,-26.9],[123.1,-30.6],[122.1,-32.6],[117.7,-30.8],[117.7,-28.8],[117.2,-27.3],[116.4,-26.5],[115.7,-26.8]]]]}},{"type":"Feature","properties":{},"geometry":{"type":"MultiPolygon","coordinates":[[[[115.6,-27.7],[119.3,-32.3],[117.4,-36.8],[116.3,-36.9],[115.5,-36.5],[115.2,-36.5],[114.7,-36.2],[114.6,-36.2],[114.2,-36.2],[114.3,-35.9],[114.5,-35.7],[114.5,-35.4],[113.6,-35.4],[113.4,-35.6],[113.4,-35.9],[113.1,-35.4],[113,-35.1],[112.9,-35.3],[112.4,-35.6],[111.4,-35.2],[110.6,-33.9],[110.8,-33.2],[111.1,-33.5],[111.2,-33.3],[111.4,-33.4],[111.8,-33.4],[111.5,-33.2],[111.2,-32.9],[111.3,-32.5],[111.3,-32.4],[111.5,-31.9],[111.2,-31.3],[110.7,-30],[110.3,-28.4],[110.9,-27.9],[111.4,-28.1],[111.9,-27.8],[112.1,-28.1],[112.3,-27.9],[112.8,-28],[112.9,-28.3],[113.1,-28.2],[113.3,-27.9],[113.8,-27.6],[114.5,-27.8],[115.2,-27.8],[115.6,-27.7]]]]}},{"type":"Feature","properties":{},"geometry":{"type":"MultiPolygon","coordinates":[[[[108.3,-20],[113.5,-19.3],[115,-23],[115.5,-27.3],[115.3,-27],[114.7,-26.8],[114.2,-26.8],[113.8,-26.7],[113.2,-26.8],[112.5,-26.6],[112.1,-26.4],[112,-26],[111.9,-25.8],[111.4,-25.6],[111.4,-25.4],[110.9,-25],[110.5,-24.9],[109.3,-23.5],[109.2,-23],[108.7,-22.5],[108.3,-21.3],[108.5,-20.7],[108.3,-20]]]]}},{"type":"Feature","properties":{},"geometry":{"type":"MultiPolygon","coordinates":[[[[140.3,-29.7],[141,-29.2],[140.6,-29.6],[140.3,-29.7]]]]}},{"type":"Feature","properties":{},"geometry":{"type":"MultiPolygon","coordinates":[[[[139.3,-29.9],[140,-29.6],[140.2,-29.7],[139.3,-29.9]]]]}},{"type":"Feature","properties":{},"geometry":{"type":"MultiPolygon","coordinates":[[[[138.7,-25.9],[139.5,-25.5],[139.8,-26.2],[139.9,-26.5],[139.9,-27.2],[139.8,-27.6],[139.7,-28.2],[139.3,-28.5],[139.5,-28.6],[139.3,-29],[138.7,-25.9]]]]}},{"type":"Feature","properties":{},"geometry":{"type":"MultiPolygon","coordinates":[[[[43.5,27],[43.9,28.8],[44.6,31.2],[44.8,33.1],[45,34.6],[46.9,37],[47.6,35.2],[46.9,31.5],[45.8,27.8],[44.4,24.5],[43.5,27]]]]}},{"type":"Feature","properties":{},"geometry":{"type":"MultiPolygon","coordinates":[[[[43.5,27],[43.9,28.8],[44.6,31.2],[44.8,33.1],[45,34.6],[46.9,37],[47.6,35.2],[46.9,31.5],[45.8,27.8],[44.4,24.5],[43.5,27]]]]}}]}