{"type":"FeatureCollection","features":[{"type":"Feature","properties":{},"geometry":{"type":"MultiPolygon","coordinates":[[[[100.7,31],[100.4,29.2],[99.6,28.4],[99.1,26.9],[99.4,25.2],[102.6,21.1],[100.3,19.5],[98.4,18.7],[98.7,20.5],[97.1,23.8],[97.8,26.9],[98,28.4],[98.2,29.3],[100.7,31]]]]}},{"type":"Feature","properties":{},"geometry":{"type":"MultiPolygon","coordinates":[[[[107.4,34.4],[107.4,33.7],[105.5,33.8],[105.1,32.8],[104.7,31.5],[103.6,30.3],[103.3,29.3],[103.2,29.2],[103.2,29.4],[103.2,30],[103.1,31.3],[104.9,34.3],[107.4,34.4]]]]}},{"type":"Feature","properties":{},"geometry":{"type":"MultiPolygon","coordinates":[[[[103.8,29.2],[103.7,29.1],[103.6,28.6],[103.5,29],[103.6,29.5],[103.8,29.2]]]]}},{"type":"Feature","properties":{},"geometry":{"type":"MultiPolygon","coordinates":[[[[104.8,27.9],[104.4,24.9],[103.9,26.1],[103.8,26.9],[103.8,27.4],[104.2,27.9],[104.7,27.9],[104.8,27.9]]]]}},{"type":"Feature","properties":{},"geometry":{"type":"MultiPolygon","coordinates":[[[[106.8,36],[106.8,35.5],[107,35.1],[105.8,34.5],[103.9,32],[102.8,30.6],[102.3,30.8],[101.9,30.1],[101.9,29.6],[101.7,28.6],[101.9,27.9],[101.2,27.4],[101.3,26.7],[102.4,26.8],[102.6,27],[103.1,26.5],[104.2,25.5],[104.4,24.8],[105.6,22.6],[106.1,21.4],[106,20.9],[104.8,20.5],[104.1,20.1],[101.6,22.3],[99.4,25.6],[99.2,27.4],[99.8,28.6],[100.4,29.6],[100.8,31.3],[102.1,32.8],[103.1,33.8],[104.2,35.1],[105,35.5],[106.3,35.8],[106.8,36]]]]}},{"type":"Feature","properties":{},"geometry":{"type":"MultiPolygon","coordinates":[[[[69.6,24.5],[68.9,27.4],[68.2,29.9],[68.4,31.2],[70.3,31.6],[72.8,29],[74,26.3],[74.6,25.3],[76.5,22.7],[77.9,20.8],[77.3,21.4],[74.8,22.4],[74.4,19.7],[74.1,18.2],[74,16.3],[73,17.8],[72.4,18.9],[71.1,20.8],[70.1,22.6],[69.6,24.5]]]]}},{"type":"Feature","properties":{},"geometry":{"type":"MultiPolygon","coordinates":[[[[97.9,27.4],[96.5,24.8],[94.4,22.1],[93.8,19.2],[91.8,18.9],[93.5,23.4],[95.6,25.7],[97.9,27.4]]]]}},{"type":"Feature","properties":{},"geometry":{"type":"MultiPolygon","coordinates":[[[[72.6,31.7],[74.7,29.1],[74.3,27.5],[74,26.3],[72.8,29],[70.3,31.6],[72.6,31.7]]]]}},{"type":"Feature","properties":{},"geometry":{"type":"MultiPolygon","coordinates":[[[[18.4,2],[19,2.2],[19.2,2.4],[20.1,2.8],[21,3.2],[20.4,3.1],[19.6,3],[19.2,3],[19.4,2.9],[18.9,2.7],[18.7,3.1],[18.6,3.4],[18.3,3.6],[17.9,3.5],[16.2,4.7],[14.8,5.4],[15.2,8.7],[15.5,11.9],[16.5,13],[17,10.8],[17,10],[16.2,7.6],[15.3,6],[16.2,5.4],[17.7,4.3],[19,3.8],[20.8,3.7],[21.7,3.8],[23.6,4.3],[26,2.8],[27.7,2.6],[27.9,2.2],[28.2,2],[28.2,1.5],[28.2,1.3],[27.8,1.3],[27.5,0.8],[27,0.4],[26.9,-0.2],[26.3,-0.2],[25.5,0],[25,0.4],[24.1,0.7],[23.2,1.4],[22.1,1.1],[21.2,1.1],[20.7,1.2],[20.4,1.2],[20.1,1.1],[20.1,1.4],[19.5,1.3],[18.9,1.7],[18.4,2]]]]}},{"type":"Feature","properties":{},"geometry":{"type":"MultiPolygon","coordinates":[[[[18,4.1],[18.5,6.3],[18.6,8.2],[17.3,9.2],[17,10.4],[19.3,8.1],[19.6,7.4],[19.9,7],[20.1,6],[20.2,5],[19.7,3.9],[18,4.1]]]]}},{"type":"Feature","properties":{},"geometry":{"type":"MultiPolygon","coordinates":[[[[14.1,21.3],[16.3,21.5],[16.5,21.3],[18.1,20.3],[18.6,20.3],[19.2,19.7],[18.7,15.7],[16.6,14.1],[15.7,16.9],[15.2,19.1],[15.1,19.2],[14.7,20.5],[14.1,21.3]]]]}},{"type":"Feature","properties":{},"geometry":{"type":"MultiPolygon","coordinates":[[[[17,10.4],[16.8,11.5],[16.4,13.1],[17.3,13.3],[19.5,14.2],[20.7,15.5],[21.4,15.9],[21.6,15.2],[21.6,12.7],[22.1,8.6],[21.7,6.3],[21.7,5.8],[21.4,4.5],[20.8,3.7],[20.2,5.1],[19.9,6.4],[19.8,7],[19.6,7.5],[18.8,8.8],[17,10.4]]]]}},{"type":"Feature","properties":{},"geometry":{"type":"MultiPolygon","coordinates":[[[[14.7,13.9],[18.2,15],[21.2,16.6],[21.9,16.6],[22.3,16.5],[21.7,16.1],[20.7,15.5],[20.2,14.9],[18.5,13.7],[16.6,13.1],[15.3,13.5],[14.7,13.9]]]]}},{"type":"Feature","properties":{},"geometry":{"type":"MultiPolygon","coordinates":[[[[125.2,-73.6],[128.3,-74.6],[133.1,-74.6],[142.9,-79.2],[125,-79.2],[116.5,-77.3],[118.2,-75.5],[123.2,-74.2],[125.2,-73.6]]]]}},{"type":"Feature","properties":{},"geometry":{"type":"MultiPolygon","coordinates":[[[[180,-74.4],[179.7,-77.7],[173,-77.2],[164.6,-76],[157.8,-77.2],[150.3,-78.1],[137.7,-75.5],[147.8,-75.7],[162.1,-75.1],[172.2,-75.2],[177.3,-74.7],[180,-74.4]]]]}},{"type":"Feature","properties":{},"geometry":{"type":"MultiPolygon","coordinates":[[[[-180,-77.7],[-177.1,-74.3],[-170.2,-73.2],[-169.7,-74.3],[-169.6,-75],[-169.6,-75.6],[-170.7,-76.9],[-174.6,-77.6],[-180,-77.7]]]]}},{"type":"Feature","properties":{},"geometry":{"type":"MultiPolygon","coordinates":[[[[61.8,-60.9],[69.8,-64.2],[62.6,-63],[60.5,-62.5],[60.8,-61.3],[61.8,-60.9]]]]}},{"type":"Feature","properties":{},"geometry":{"type":"MultiPolygon","coordinates":[[[[70.9,-64.2],[61.8,-60.9],[62,-60.1],[66.3,-60.4],[68.2,-60.5],[71.2,-64],[70.9,-64.2]]]]}},{"type":"Feature","properties":{},"geometry":{"type":"MultiPolygon","coordinates":[[[[59,-60.2],[60.8,-61.3],[60.5,-62.5],[62.6,-63],[69.8,-64.2],[72.8,-66.1],[69,-67.1],[64.9,-67.4],[55.2,-64.9],[54,-62.6],[58.9,-60.6],[59,-60.2]]]]}},{"type":"Feature","properties":{},"geometry":{"type":"MultiPolygon","coordinates":[[[[55.2,-64.9],[52.1,-67.6],[44.2,-68.6],[37.4,-70.5],[26.2,-73.3],[17.1,-74],[7.5,-73],[12.3,-72.9],[28.6,-71.6],[38.5,-69],[52.1,-66.2],[55.2,-64.9]]]]}},{"type":"Feature","properties":{},"geometry":{"type":"MultiPolygon","coordinates":[[[[9.7,-61],[6.1,-57.1],[8.5,-54.7],[14.5,-54.3],[17.5,-56],[17,-58.1],[15.2,-60],[14.6,-61.7],[11.1,-62.3],[9.7,-61]]]]}},{"type":"Feature","properties":{},"geometry":{"type":"MultiPolygon","coordinates":[[[[8.1,-59.1],[11.3,-62.5],[16.8,-66.3],[16.3,-68.7],[15,-68.7],[13.5,-68.4],[15.1,-69.2],[15.3,-69.4],[13.7,-71.2],[7.3,-71],[3.4,-65.1],[4.7,-64.7],[5,-63.3],[3.7,-61.4],[4.4,-61.5],[4.7,-61.1],[5,-60.2],[4.2,-59.8],[4.7,-59.3],[4.6,-58.6],[4.5,-57.4],[6.3,-57.5],[8.1,-59.1]]]]}},{"type":"Feature","properties":{},"geometry":{"type":"MultiPolygon","coordinates":[[[[-1.4,-56.1],[-2.6,-57.5],[-3.3,-58.5],[-5.3,-60.6],[-7.2,-61.4],[-5.9,-59.7],[-4.7,-58.7],[-3.4,-57.6],[-2.7,-56.6],[-1,-55.4],[-1.4,-56.1]]]]}},{"type":"Feature","properties":{},"geometry":{"type":"MultiPolygon","coordinates":[[[[7,-49],[6.2,-53],[4.6,-56.8],[3.8,-57.1],[3.4,-56.9],[2,-56.6],[1.2,-56.2],[-0.6,-55.7],[-1.6,-56.1],[-3.2,-56.4],[-3.5,-55.8],[-4.9,-56.3],[-5.5,-57.2],[-6,-56.7],[-6.5,-56.8],[-6.8,-56.3],[-7.2,-56.7],[-8.2,-55.7],[-8.9,-51.6],[-8,-47.9],[-1.7,-47.4],[2.9,-46.4],[3.5,-46.3],[7,-49]]]]}},{"type":"Feature","properties":{},"geometry":{"type":"MultiPolygon","coordinates":[[[[-17.4,-81.8],[-23.9,-83.7],[-24.3,-83.9],[-25,-84.3],[-54.1,-84.5],[-102.5,-85.3],[-128.5,-82.8],[-107.3,-82.4],[-84.7,-82.4],[-50.7,-81.4],[-37.8,-79.7],[-27.1,-79],[-18,-80.6],[-17.4,-81.8]]]]}},{"type":"Feature","properties":{},"geometry":{"type":"MultiPolygon","coordinates":[[[[-49.7,-69.5],[-60.9,-71.3],[-62.2,-66.6],[-64.6,-62.4],[-68,-60.2],[-69,-58.7],[-63.8,-59.4],[-66.1,-56.3],[-71,-54],[-69.8,-51.7],[-67,-52.4],[-63.5,-53.2],[-60.6,-53.9],[-60.8,-54],[-60.8,-54.2],[-60.1,-54.6],[-59.7,-55.2],[-59.4,-56.9],[-60.2,-57.3],[-59.3,-57.1],[-58.9,-57.3],[-59,-58.1],[-58.3,-58.4],[-56.7,-59.3],[-56.6,-59.2],[-55.4,-59.7],[-55.1,-59.8],[-53.4,-60.3],[-53.3,-60.4],[-51.6,-61.6],[-51.6,-61.9],[-51.2,-62],[-51.1,-62.3],[-50.6,-62.6],[-50.6,-63],[-50.7,-63.8],[-50.8,-64.6],[-51.2,-65.2],[-49.9,-65.9],[-50.4,-66.4],[-51.6,-66.5],[-53.5,-66.8],[-54.9,-66.8],[-57.8,-67.4],[-60.2,-67.3],[-56.5,-67.8],[-55.3,-67.9],[-55.8,-68.4],[-55.6,-68.9],[-54.4,-68.9],[-53.8,-69.2],[-52.6,-69.2],[-53.9,-69.6],[-54.1,-69.8],[-52.5,-69.4],[-50.5,-69.4],[-49.7,-69.5]]]]}},{"type":"Feature","properties":{},"geometry":{"type":"MultiPolygon","coordinates":[[[[-48.7,-69],[-49.7,-69.2],[-48.8,-68.9],[-48.7,-69]]]]}},{"type":"Feature","properties":{},"geometry":{"type":"MultiPolygon","coordinates":[[[[-51.5,-67.8],[-49.8,-68.1],[-49.5,-68.7],[-50.6,-69],[-51.2,-69],[-51.2,-69.1],[-51.9,-69.2],[-52.5,-69],[-52.9,-68.9],[-53.8,-69],[-55.8,-68.6],[-54.9,-68.1],[-54.8,-67.7],[-54.3,-67.7],[-54,-67.5],[-53.9,-67.3],[-52.9,-67.3],[-51.5,-67.8]]]]}},{"type":"Feature","properties":{},"geometry":{"type":"MultiPolygon","coordinates":[[[[-55.4,-67.3],[-58.3,-67.6],[-57.1,-67.4],[-56,-67.2],[-55.4,-67.3]]]]}},{"type":"Feature","properties":{},"geometry":{"type":"MultiPolygon","coordinates":[[[[-44.8,-69.6],[-44.8,-69.7],[-41.4,-72.2],[-41.7,-72.4],[-42.2,-72.6],[-40.9,-72.4],[-34.2,-72.6],[-32.8,-72.8],[-32.1,-72.8],[-29.3,-73.8],[-38.1,-76.4],[-68.7,-77.2],[-82.9,-77.3],[-104.1,-76.1],[-119.9,-73.9],[-131.8,-68.9],[-124.2,-69.5],[-118.7,-66.9],[-125.3,-63.9],[-116.1,-62.8],[-109.2,-64.3],[-111.9,-67.7],[-110.3,-71.9],[-102.5,-71.5],[-93.8,-73.5],[-84.6,-76.3],[-76.4,-75.9],[-67.9,-74.3],[-60.1,-73.3],[-49.7,-69.5],[-48.7,-69],[-48.2,-68.9],[-47.7,-69],[-47.1,-69],[-46.9,-69],[-46.6,-69],[-46.2,-69.2],[-46.1,-69.3],[-45.6,-69.4],[-45.3,-69.6],[-44.8,-69.6]]]]}},{"type":"Feature","properties":{},"geometry":{"type":"MultiPolygon","coordinates":[[[[-11.8,-81.3],[-12.5,-81.7],[-20.3,-83.3],[-22.3,-83.1],[-22.6,-83.4],[-12.2,-81.3],[-11.8,-81.3]]]]}},{"type":"Feature","properties":{},"geometry":{"type":"MultiPolygon","coordinates":[[[[-88,-77.4],[-95,-77.4],[-108.9,-79.3],[-116.1,-81.5],[-127.4,-83.7],[-89.6,-85.1],[-44.7,-84.5],[-24.5,-84.4],[-24.6,-84.6],[-25.8,-85.9],[-34.1,-87.9],[-49.4,-88.2],[-120.7,-88.5],[-133.5,-88.4],[-141.8,-87.7],[-154.2,-85.8],[-158.2,-85.5],[-148.7,-84.9],[-149.9,-84.7],[-145.2,-83.9],[-143.3,-83.7],[-144.5,-83.4],[-144.9,-83.5],[-144.3,-83],[-144.4,-82.6],[-144.1,-81.8],[-143.7,-81.6],[-144.5,-79.8],[-145.5,-79.6],[-144.9,-79.4],[-145,-79.4],[-145.1,-79.1],[-148.4,-78.8],[-149.2,-78.7],[-151.9,-78.3],[-153.4,-78.2],[-155.2,-77.8],[-156,-77.3],[-146.1,-75.1],[-135.8,-71.1],[-119.9,-73.9],[-107.5,-75.8],[-115.3,-75.8],[-122,-74.3],[-128.9,-73],[-132.4,-71.4],[-136.4,-72.3],[-132,-74.6],[-128.1,-77],[-125,-78.9],[-121.9,-80.5],[-113.3,-79.1],[-105.5,-77.8],[-104.1,-76.1],[-82.9,-77.3],[-88,-77.4]]]]}},{"type":"Feature","properties":{},"geometry":{"type":"MultiPolygon","coordinates":[[[[-108.5,-63.3],[-123.3,-62],[-119.4,-60.5],[-114.9,-60.1],[-112.6,-59],[-111.5,-57.5],[-110.1,-55],[-109.4,-54.6],[-108.5,-53.8],[-107.9,-53.5],[-105.8,-52.7],[-104.7,-51.9],[-103,-50.7],[-102,-50.1],[-101.8,-50],[-100.8,-49.5],[-99.1,-47.9],[-98.4,-46.6],[-97.9,-46.5],[-97.3,-46.1],[-95,-46.2],[-94.4,-46.4],[-93.3,-46.3],[-92.5,-46.3],[-90,-46.7],[-89.9,-47.4],[-95.1,-49.4],[-96.7,-52.4],[-101,-54.7],[-102.9,-56.2],[-103.7,-58.8],[-105.5,-62.3],[-108.5,-63.3]]]]}},{"type":"Feature","properties":{},"geometry":{"type":"MultiPolygon","coordinates":[[[[-144.7,-59.4],[-150.1,-59.2],[-157.6,-59.4],[-156.2,-61.1],[-154,-62.5],[-162.6,-62.3],[-162.9,-62.3],[-160.8,-61.2],[-154.2,-56.5],[-151.8,-54.9],[-151.6,-55.3],[-151,-55.4],[-149.8,-55.9],[-148.9,-56.3],[-146.8,-56.9],[-145,-57.3],[-143.8,-57.7],[-142.8,-57.6],[-142.5,-58.5],[-144.7,-59.4]]]]}},{"type":"Feature","properties":{},"geometry":{"type":"MultiPolygon","coordinates":[[[[-123.3,-62],[-128.9,-62.7],[-141,-61.6],[-134.4,-61.5],[-140.7,-59.9],[-138.1,-58.3],[-137.2,-58.6],[-136.5,-58.8],[-134.4,-59],[-132.5,-59.4],[-131.1,-59.7],[-129.9,-59.9],[-128.1,-60.2],[-124.3,-60.2],[-123.4,-60.2],[-121.9,-60.5],[-123.3,-62]]]]}},{"type":"Feature","properties":{},"geometry":{"type":"MultiPolygon","coordinates":[[[[-133.7,-70],[-143.2,-74.2],[-156.3,-77.3],[-156.7,-77.1],[-158.2,-75.4],[-159.5,-72.9],[-159.4,-73.1],[-159.5,-73.6],[-158.9,-74],[-157.9,-74.8],[-157.6,-74.9],[-157.3,-74.5],[-155.7,-74.6],[-158,-74.1],[-157.9,-73.9],[-158.2,-73.5],[-158.5,-73.1],[-159,-72.8],[-159.6,-72.8],[-160,-72.4],[-161.7,-70.5],[-161.9,-69.7],[-159.4,-70.1],[-153.9,-71.6],[-150.5,-71.2],[-148.8,-70.7],[-146.3,-69.9],[-143.3,-68.8],[-141.4,-65.7],[-150.2,-63],[-150.1,-62.3],[-135.7,-66.3],[-131.8,-68.9],[-133.7,-70]]]]}},{"type":"Feature","properties":{},"geometry":{"type":"MultiPolygon","coordinates":[[[[-146.2,-69.3],[-154.9,-70],[-160.6,-68.9],[-158.8,-68.2],[-158.8,-68.3],[-155.6,-67.5],[-152.7,-68],[-153.6,-67.5],[-154.1,-67.3],[-154.9,-67.3],[-155.2,-67],[-159.2,-67.4],[-161.2,-66.9],[-161.9,-66.9],[-151.3,-63.7],[-140.1,-66.7],[-146.2,-69.3]]]]}},{"type":"Feature","properties":{},"geometry":{"type":"MultiPolygon","coordinates":[[[[-78.5,-13.2],[-80,-13.9],[-81.7,-14.5],[-82.3,-15.1],[-82.6,-15.4],[-83.1,-15.2],[-83.9,-14.8],[-83.6,-13.7],[-84.3,-12.6],[-85.2,-11.6],[-85.4,-11.1],[-84.6,-10.3],[-83.1,-10],[-81.8,-10],[-81.1,-10.2],[-80,-10.5],[-79.5,-10.8],[-78.2,-11.3],[-78.2,-11.9],[-78.5,-12.9],[-78.5,-13.2]]]]}},{"type":"Feature","properties":{},"geometry":{"type":"MultiPolygon","coordinates":[[[[-70.7,-19.1],[-73.1,-18],[-73.8,-17.1],[-74.3,-16],[-72.2,-16.9],[-71.7,-17.7],[-71.8,-18],[-70.7,-19.1]]]]}},{"type":"Feature","properties":{},"geometry":{"type":"MultiPolygon","coordinates":[[[[-57.2,-2.7],[-56.3,-2.9],[-56.2,-2.9],[-56,-3],[-55.6,-2.9],[-55.8,-2.8],[-54.5,-1.9],[-53.4,-1.8],[-52.6,-1.7],[-52.5,-1.8],[-52.8,-1.8],[-52.9,-1.8],[-53.3,-1.9],[-53.5,-2],[-53.7,-1.9],[-53.6,-2],[-53.6,-2.3],[-53.6,-2.2],[-54.1,-2.3],[-53.8,-2.4],[-53.9,-2.7],[-54.1,-3],[-54.3,-3.2],[-54.9,-3.6],[-55.3,-2.9],[-55.5,-3.4],[-55.1,-3.5],[-55.1,-3.9],[-55,-4.3],[-55.9,-4.4],[-55.9,-3.9],[-56,-4],[-56.3,-3.8],[-56.5,-3.5],[-56.9,-3.5],[-56.9,-3.4],[-57.1,-3.4],[-57.2,-3.2],[-57.2,-3],[-57.2,-2.7]]]]}},{"type":"Feature","properties":{},"geometry":{"type":"MultiPolygon","coordinates":[[[[-58.3,-2.4],[-57.6,-2.8],[-57.5,-3.2],[-57.9,-2.8],[-57.9,-3.1],[-58.1,-3.2],[-57.8,-3.3],[-57.8,-3.6],[-57.9,-3.7],[-57.6,-3.9],[-57.5,-4.3],[-57.1,-4.3],[-56.8,-4.3],[-56.2,-4.6],[-56,-5],[-56.3,-5.4],[-56.3,-5.6],[-56.9,-5.7],[-57.1,-5.5],[-57.3,-5.4],[-57.7,-5],[-58,-5],[-58.1,-4.8],[-58.4,-4.7],[-58.3,-4.3],[-58.8,-4.2],[-58.8,-4.1],[-58.9,-4],[-58.8,-3.6],[-58.4,-3.3],[-58.3,-2.4]]]]}},{"type":"Feature","properties":{},"geometry":{"type":"MultiPolygon","coordinates":[[[[-59.9,-1.9],[-59.3,-2.1],[-59.5,-2.3],[-59.6,-2.4],[-59.7,-2.4],[-59.8,-2.5],[-60.2,-2.4],[-60.3,-2.3],[-60.1,-1.9],[-59.9,-1.9]]]]}},{"type":"Feature","properties":{},"geometry":{"type":"MultiPolygon","coordinates":[[[[-58.9,-2.8],[-59.6,-3.4],[-59.7,-3.2],[-59.7,-2.9],[-59.3,-2.8],[-59,-2.7],[-58.9,-2.8]]]]}},{"type":"Feature","properties":{},"geometry":{"type":"MultiPolygon","coordinates":[[[[-83,-6.4],[-82.5,-5.2],[-81.9,-4.9],[-80.5,-5],[-80.1,-5.2],[-78.7,-5.7],[-81.4,-5.7],[-83,-6.4]]]]}},{"type":"Feature","properties":{},"geometry":{"type":"MultiPolygon","coordinates":[[[[-83.7,-18.2],[-86.8,-20.3],[-89.1,-21.2],[-91,-20.8],[-92.2,-19.2],[-93.9,-17.4],[-94.9,-16.4],[-96.7,-14.6],[-96.1,-12.9],[-94,-14.1],[-92.5,-14.6],[-90.5,-15.8],[-90.2,-15.4],[-90.1,-14.8],[-89.3,-14.5],[-87.9,-14.6],[-87.4,-14.3],[-86.2,-15],[-83.9,-15.7],[-82.5,-15.8],[-82.5,-16.1],[-83,-17.1],[-83.7,-18.2]]]]}},{"type":"Feature","properties":{},"geometry":{"type":"MultiPolygon","coordinates":[[[[-67.9,-32.8],[-68.3,-32.5],[-69.1,-32.8],[-69.4,-32.8],[-70.4,-33.1],[-70.8,-33.5],[-71.6,-33.9],[-71.9,-34],[-72,-34],[-72.3,-34.1],[-74.2,-33.5],[-73.3,-34.3],[-74.8,-35.3],[-76.1,-35.9],[-80.1,-36.8],[-84.7,-37.7],[-88.4,-38.3],[-90.6,-37.6],[-91,-35.2],[-91.9,-31.6],[-94,-31.5],[-96.8,-32.8],[-97.8,-32.7],[-97.5,-31.1],[-97.8,-30],[-98.3,-29.2],[-99.1,-28.4],[-99.6,-28.2],[-99.8,-27.9],[-100,-28.1],[-100.6,-28.3],[-101.2,-28.1],[-101.9,-28.1],[-101.1,-27.3],[-100.3,-25.7],[-100.2,-24.8],[-98,-26.2],[-97.4,-27.1],[-94.7,-27.7],[-93.3,-28.9],[-91,-30.9],[-88,-31.9],[-85,-31.7],[-80.6,-32.5],[-76.8,-32.4],[-75.9,-32.8],[-74.5,-31.3],[-74.3,-31.8],[-74.3,-32],[-73.9,-32.6],[-73.6,-32.4],[-73.5,-32.3],[-73.3,-31.8],[-73.4,-31.6],[-72.6,-31.5],[-72.7,-31.7],[-72.4,-31.4],[-71.7,-31.3],[-71,-31.5],[-70.9,-31.6],[-70.6,-31.5],[-69.8,-31.3],[-69,-31.4],[-68.9,-31.6],[-68.5,-32.1],[-68.3,-32],[-67.8,-32.3],[-67.9,-32.8]]]]}},{"type":"Feature","properties":{},"geometry":{"type":"MultiPolygon","coordinates":[[[[-77,-29.8],[-77.7,-31.2],[-79.7,-32.4],[-83.3,-32.1],[-87.7,-31.9],[-89.8,-31.4],[-92.1,-29.4],[-91.6,-27.7],[-89.3,-27.5],[-87.3,-27.4],[-86.3,-27.4],[-85,-27.8],[-82.9,-28],[-78.9,-28.9],[-78.4,-29],[-79.3,-29.6],[-80.7,-30.7],[-80.2,-31.6],[-79,-30.8],[-78.6,-30.3],[-77.7,-29.7],[-77.3,-29.9],[-77.1,-29.9],[-77,-29.8]]]]}},{"type":"Feature","properties":{},"geometry":{"type":"MultiPolygon","coordinates":[[[[-89.6,-27.5],[-94.7,-27.7],[-97.4,-27.1],[-98,-26.2],[-100.2,-24.8],[-100.1,-24],[-100.7,-22.4],[-100.7,-21.4],[-100.2,-20.3],[-99.4,-20.5],[-97.9,-21.6],[-96.3,-22.6],[-96.3,-23.5],[-92.3,-26],[-89.9,-26.9],[-89.2,-27.3],[-89.6,-27.5]]]]}},{"type":"Feature","properties":{},"geometry":{"type":"MultiPolygon","coordinates":[[[[-57.3,-15.8],[-57,-16.6],[-57.3,-16.5],[-57.5,-16.4],[-57.4,-16.6],[-57.6,-16.8],[-57.4,-16.9],[-57.3,-17],[-57.3,-17.1],[-57.8,-17.5],[-60,-17.2],[-60.3,-17],[-60.1,-16.7],[-60.3,-16.7],[-60.2,-16.6],[-60.4,-16.8],[-60.6,-16.8],[-60.4,-16.6],[-60.3,-16.4],[-60.6,-16.3],[-60.6,-16.5],[-60.8,-16.6],[-61.1,-16.3],[-61.4,-16.2],[-61.6,-16.2],[-61.8,-16.1],[-61.9,-15.9],[-61.9,-15.5],[-61.3,-15.3],[-61.2,-15.1],[-60.6,-15.6],[-60.2,-15.7],[-59.7,-15.7],[-58.6,-15.1],[-58.3,-14.6],[-57.3,-15.8]]]]}},{"type":"Feature","properties":{},"geometry":{"type":"MultiPolygon","coordinates":[[[[-59.1,-13.7],[-60,-13.7],[-59.4,-13.4],[-59.1,-13.7]]]]}},{"type":"Feature","properties":{},"geometry":{"type":"MultiPolygon","coordinates":[[[[-55.6,-17.3],[-55.7,-17.6],[-55.8,-17.7],[-55.8,-17.9],[-55.9,-18],[-56,-18.2],[-56,-18],[-56.1,-17.8],[-56.2,-17.8],[-56.4,-17.7],[-56.4,-17.5],[-56.2,-17.3],[-56.5,-17.3],[-56.4,-17],[-55.6,-17.3]]]]}},{"type":"Feature","properties":{},"geometry":{"type":"MultiPolygon","coordinates":[[[[-55.3,-17.4],[-55.4,-17.6],[-55.4,-17.4],[-55.3,-17.4]]]]}},{"type":"Feature","properties":{},"geometry":{"type":"MultiPolygon","coordinates":[[[[-57.5,-20.1],[-57.5,-19.9],[-57.6,-19.8],[-57.6,-19.5],[-57.4,-17.2],[-57.4,-17.4],[-57.3,-17.6],[-57.2,-17.6],[-57.1,-17.8],[-57.3,-18],[-57.2,-17.9],[-57.1,-18],[-56.9,-17.8],[-56.9,-17.9],[-56.9,-18.2],[-56.8,-18.3],[-57.1,-18.4],[-57,-18.7],[-56.9,-18.8],[-57,-18.9],[-56.9,-19.4],[-57,-19.5],[-57.1,-18.9],[-57.2,-19.3],[-57.2,-19.5],[-57.2,-19.6],[-57.2,-19.8],[-57.5,-20.1]]]]}},{"type":"Feature","properties":{},"geometry":{"type":"MultiPolygon","coordinates":[[[[-56.8,-18],[-56.8,-18.1],[-56.9,-18.2],[-56.8,-18]]]]}},{"type":"Feature","properties":{},"geometry":{"type":"MultiPolygon","coordinates":[[[[-35.9,-20.1],[-35.6,-20.4],[-35.4,-20.8],[-35.3,-20.8],[-35.2,-20.9],[-34.9,-20.7],[-34.9,-21.1],[-34.8,-21.5],[-34.9,-21.8],[-34.7,-21.9],[-34.5,-22.1],[-35.1,-22.4],[-35.6,-22.3],[-36,-21.5],[-36.1,-20.9],[-36.1,-20.3],[-36,-19.9],[-35.9,-20.1]]]]}},{"type":"Feature","properties":{},"geometry":{"type":"MultiPolygon","coordinates":[[[[-32.8,-20],[-33,-20.5],[-33.4,-20.4],[-32.8,-20]]]]}},{"type":"Feature","properties":{},"geometry":{"type":"MultiPolygon","coordinates":[[[[-34,-20.4],[-33.9,-20.4],[-33.5,-20.6],[-33.6,-20.9],[-33.3,-21.3],[-33.1,-21.6],[-33.6,-21.4],[-33.6,-21.3],[-34.1,-21.3],[-34.4,-21.3],[-34.3,-20.9],[-34.2,-20.8],[-34,-21],[-33.9,-20.9],[-34.1,-20.7],[-34,-20.4]]]]}},{"type":"Feature","properties":{},"geometry":{"type":"MultiPolygon","coordinates":[[[[-34.3,-21.5],[-34.3,-22.1],[-34.7,-21.9],[-34.6,-21.7],[-34.3,-21.6],[-34.3,-21.5]]]]}},{"type":"Feature","properties":{},"geometry":{"type":"MultiPolygon","coordinates":[[[[-33.3,-21.8],[-33.6,-21.9],[-33.4,-21.6],[-33.3,-21.8]]]]}},{"type":"Feature","properties":{},"geometry":{"type":"MultiPolygon","coordinates":[[[[-32.5,-21],[-32.1,-21],[-32.2,-21.2],[-32.3,-21.2],[-32.4,-21.1],[-32.4,-21],[-32.5,-21.2],[-32.5,-21]]]]}},{"type":"Feature","properties":{},"geometry":{"type":"MultiPolygon","coordinates":[[[[180,-73.9],[176.7,-74.9],[171.1,-75.2],[159.7,-75.3],[146.7,-75.8],[137.2,-75.4],[135.7,-73.3],[141.5,-73.7],[144.9,-74],[156.9,-74],[166.1,-74.3],[174.1,-74.6],[180,-73.9]]]]}},{"type":"Feature","properties":{},"geometry":{"type":"MultiPolygon","coordinates":[[[[-180,-70.8],[-174.3,-71.5],[-170.4,-72.7],[-170.2,-73.2],[-177.1,-74.3],[-179.6,-73.8],[-174.9,-73.5],[-177,-72.3],[-180,-70.8]]]]}},{"type":"Feature","properties":{},"geometry":{"type":"MultiPolygon","coordinates":[[[[121.7,-68.2],[128.7,-69.1],[129.7,-68.7],[130.3,-69],[130.2,-69.8],[131.4,-70.7],[132.8,-72.3],[133.5,-72.7],[136.1,-74.9],[132.5,-74.4],[129.1,-73],[123.3,-71.6],[118.1,-69.2],[121,-68.5],[122.3,-68.2],[121.7,-68.2]]]]}},{"type":"Feature","properties":{},"geometry":{"type":"MultiPolygon","coordinates":[[[[38.5,-49.2],[40.5,-49.7],[41,-50.1],[41.8,-50.5],[46.5,-51.8],[46.6,-52.3],[48.9,-52.6],[49.5,-52.8],[48.8,-54.5],[46.6,-53.7],[43,-53.4],[37.6,-49.4],[38.5,-49.2]]]]}},{"type":"Feature","properties":{},"geometry":{"type":"MultiPolygon","coordinates":[[[[49.3,-49.7],[52.7,-50.6],[53.6,-51],[53.2,-52.9],[52.6,-53.6],[52.6,-53.4],[52,-52.9],[51.7,-52.8],[49.4,-52.3],[48.8,-52.2],[48.7,-51.2],[47.2,-50.9],[48.8,-50],[49.3,-49.7]]]]}},{"type":"Feature","properties":{},"geometry":{"type":"MultiPolygon","coordinates":[[[[31.2,-43.4],[30.9,-43.5],[30.2,-43.4],[31.2,-43.4]]]]}},{"type":"Feature","properties":{},"geometry":{"type":"MultiPolygon","coordinates":[[[[37.1,-48],[36.8,-47.8],[36.4,-47.3],[37,-48],[37.1,-48]]]]}},{"type":"Feature","properties":{},"geometry":{"type":"MultiPolygon","coordinates":[[[[38,-46.8],[37.1,-47.2],[37.3,-47],[37.7,-46.9],[38,-46.8]]]]}},{"type":"Feature","properties":{},"geometry":{"type":"MultiPolygon","coordinates":[[[[37.2,-48.1],[37.6,-48.4],[38.4,-49.1],[34.4,-50.2],[29.7,-51.7],[22.6,-52.6],[17.3,-51.5],[10.8,-52.2],[6.1,-55],[7,-50.8],[8.5,-48.9],[9.1,-49.1],[9.5,-49.3],[9.6,-49.3],[12.5,-49.9],[14.9,-50.4],[16.9,-51.3],[20.9,-51.7],[20.9,-50.2],[22.6,-49.1],[24.7,-48.9],[25.2,-49.3],[27.8,-49.5],[30.5,-49],[31.4,-49.1],[33.8,-48.1],[34.1,-47.9],[34.3,-47.9],[34.7,-47.6],[35.4,-47.4],[36,-47.5],[36.3,-47.5],[36.2,-47.3],[36.7,-47.7],[36.9,-47.9],[37.2,-48.1]]]]}},{"type":"Feature","properties":{},"geometry":{"type":"MultiPolygon","coordinates":[[[[35.7,-42.5],[35.3,-43.7],[34.7,-44.1],[33.9,-43.9],[35,-43.2],[35.7,-42.5]]]]}},{"type":"Feature","properties":{},"geometry":{"type":"MultiPolygon","coordinates":[[[[20,-43.7],[20,-44],[19.8,-44],[20,-43.7]]]]}},{"type":"Feature","properties":{},"geometry":{"type":"MultiPolygon","coordinates":[[[[45,-54.7],[44.6,-56],[43.3,-56.4],[43.2,-57.3],[42.2,-58.4],[42.2,-55.9],[38.7,-50.8],[40.6,-51.6],[45,-54.7]]]]}},{"type":"Feature","properties":{},"geometry":{"type":"MultiPolygon","coordinates":[[[[65.1,-54.6],[66,-54.4],[67.7,-54.4],[69.2,-54.2],[69.3,-54.5],[69.3,-55.2],[69.8,-54.7],[71.8,-56.5],[71.4,-57],[71.4,-58.5],[69.8,-58.2],[68.5,-57.7],[67.2,-57.3],[66.2,-57.2],[65,-56.5],[63.6,-55.9],[65.1,-54.6]]]]}},{"type":"Feature","properties":{},"geometry":{"type":"MultiPolygon","coordinates":[[[[65.1,-54.6],[61.6,-55.4],[61.5,-55],[62.3,-55],[62.7,-54.9],[65.1,-54.6]]]]}},{"type":"Feature","properties":{},"geometry":{"type":"MultiPolygon","coordinates":[[[[61.2,-54.8],[61.2,-54.7],[60.9,-54.9],[60.8,-54.8],[61.2,-54.8]]]]}},{"type":"Feature","properties":{},"geometry":{"type":"MultiPolygon","coordinates":[[[[-8.2,-55.7],[-10.4,-58],[-11.7,-59.8],[-15.8,-61.9],[-17.2,-63.6],[-19,-62.7],[-23.7,-62.7],[-25.2,-62.7],[-29.1,-63.6],[-32.9,-62.4],[-29.9,-61.6],[-29,-59.6],[-30.5,-56],[-34.8,-56.5],[-34,-54.7],[-33.7,-52.4],[-28,-52.2],[-20.2,-53.7],[-14.6,-53.5],[-12.6,-53.2],[-13.2,-51.9],[-19.7,-50.4],[-22.2,-48.7],[-17.8,-49.2],[-14.1,-49.9],[-9.6,-49.6],[-8.7,-54.5],[-8.2,-55.7]]]]}},{"type":"Feature","properties":{},"geometry":{"type":"MultiPolygon","coordinates":[[[[-17.3,-64.2],[-15.2,-65.4],[-15.5,-67.5],[-19.5,-69],[-28.9,-71.7],[-29.4,-71.7],[-28,-71.2],[-27.8,-71],[-26.9,-70.7],[-27,-70.6],[-26.5,-70.5],[-26.4,-70.2],[-26.3,-70.1],[-26.8,-70.3],[-27.4,-70.6],[-27.7,-70.4],[-27.5,-70.2],[-28.2,-69.9],[-28.1,-69.4],[-28.4,-69.5],[-28.1,-69],[-28.7,-69.1],[-29,-69],[-28.9,-69.2],[-28.5,-69.8],[-28.7,-70],[-28.7,-70.2],[-28.3,-70.3],[-28,-70.5],[-28.6,-70.6],[-28.1,-70.9],[-28.5,-70.8],[-28.7,-71.2],[-29.1,-71.3],[-29.2,-71.4],[-30.1,-71.5],[-30.5,-71.1],[-31,-71.1],[-30.6,-71.8],[-31.4,-71.9],[-38.6,-71.6],[-41,-69.9],[-41.5,-69.7],[-45.6,-68.3],[-49,-67.4],[-47.7,-66.8],[-41.1,-65.7],[-40.3,-62.6],[-44.7,-60.2],[-35.6,-56.8],[-31.9,-55.7],[-27.9,-58.7],[-30,-61.2],[-32.7,-62.3],[-30.7,-63.3],[-25.8,-62.7],[-24.2,-62.8],[-20.2,-62.5],[-17.3,-64.2]]]]}},{"type":"Feature","properties":{},"geometry":{"type":"MultiPolygon","coordinates":[[[[-161.7,-67.6],[-163.3,-66.5],[-163.1,-64.3],[-156.2,-63.1],[-154.8,-65.6],[-161.7,-67.6]]]]}},{"type":"Feature","properties":{},"geometry":{"type":"MultiPolygon","coordinates":[[[[-71,-54],[-72.3,-57.3],[-71.7,-60.6],[-75.7,-62.8],[-77.4,-67.4],[-75.2,-71.5],[-81.7,-72.8],[-84.2,-71.2],[-85.8,-68.2],[-86.8,-64.2],[-83.7,-65.8],[-83.1,-64.9],[-83.4,-64],[-85.9,-62.9],[-81.8,-56.9],[-78.9,-53.8],[-77.4,-52.5],[-75.1,-52.1],[-72.2,-51.7],[-70.9,-53.6],[-71,-54]]]]}},{"type":"Feature","properties":{},"geometry":{"type":"MultiPolygon","coordinates":[[[[-3.2,-77.8],[-19.7,-78.9],[-35.1,-78],[-25.9,-77.3],[-10,-77.1],[-5.3,-76.6],[-4.7,-76.9],[-4.1,-77.3],[-3.2,-77.8]]]]}},{"type":"Feature","properties":{},"geometry":{"type":"MultiPolygon","coordinates":[[[[-99.6,-16.7],[-101.7,-16.7],[-101.2,-15],[-100.9,-14.4],[-100.1,-15],[-99.5,-16.5],[-99.6,-16.7]]]]}},{"type":"Feature","properties":{},"geometry":{"type":"MultiPolygon","coordinates":[[[[-100.1,-19.9],[-101.3,-19.1],[-102,-19.7],[-102.5,-18.8],[-102,-17.6],[-99.6,-16.9],[-100,-17.7],[-100.2,-19.1],[-100.1,-19.9]]]]}},{"type":"Feature","properties":{},"geometry":{"type":"MultiPolygon","coordinates":[[[[-80.9,-9.6],[-82.1,-8.6],[-79.4,-6.3],[-77.2,-6.1],[-75.3,-6.9],[-74.6,-7.2],[-74.9,-7.3],[-76.8,-7.2],[-78.8,-7.7],[-80.8,-9.4],[-80.9,-9.6]]]]}},{"type":"Feature","properties":{},"geometry":{"type":"MultiPolygon","coordinates":[[[[-77.6,-28.5],[-78.9,-28.9],[-82.1,-28.2],[-84.3,-28.1],[-83.7,-27.6],[-82.5,-27.2],[-82,-26.7],[-80.3,-26.1],[-79.8,-26.5],[-78.6,-27.3],[-77.8,-28.3],[-77.6,-28.5]]]]}},{"type":"Feature","properties":{},"geometry":{"type":"MultiPolygon","coordinates":[[[[-88.3,-27.2],[-91.7,-26.1],[-94.6,-24.7],[-96.5,-22.9],[-96.7,-22.1],[-98.5,-21.2],[-100.1,-19.9],[-100.2,-19.1],[-100,-17.7],[-99.6,-16.9],[-96.2,-15.1],[-94.8,-16.6],[-93.7,-17],[-91.9,-19.7],[-90.1,-21.1],[-89.3,-21.5],[-87.6,-22.2],[-86.4,-23.8],[-86.2,-24.7],[-85.9,-25.3],[-84,-25.9],[-83.2,-27],[-86.2,-26.9],[-87.3,-26.9],[-88.3,-27.2]]]]}},{"type":"Feature","properties":{},"geometry":{"type":"MultiPolygon","coordinates":[[[[-130.1,-67.9],[-125.3,-63.9],[-118.7,-66.9],[-124.2,-69.5],[-130.1,-67.9]]]]}},{"type":"Feature","properties":{},"geometry":{"type":"MultiPolygon","coordinates":[[[[-130.1,-67.9],[-143.5,-64.6],[-149.5,-61.8],[-140.1,-63.8],[-126.8,-65.2],[-130.1,-67.9]]]]}},{"type":"Feature","properties":{},"geometry":{"type":"MultiPolygon","coordinates":[[[[-55.7,-15.8],[-56.8,-15.5],[-58.3,-14.1],[-58.3,-13.8],[-58.4,-13.2],[-58.4,-13.1],[-58.5,-12.8],[-58.5,-12.6],[-58.7,-12.5],[-58.8,-12.4],[-58.7,-11.9],[-58.5,-11.8],[-58.8,-11.6],[-58.7,-11.4],[-58.9,-11.4],[-58.8,-10.8],[-58.8,-10.6],[-58.7,-10.5],[-58.8,-10.4],[-59.1,-10.5],[-59.4,-10.9],[-59.5,-10.7],[-59.9,-10.5],[-60,-10.4],[-60.2,-10.3],[-60.6,-9.7],[-60.9,-9.5],[-60.8,-9],[-61,-9],[-61.1,-9.1],[-61.4,-8.7],[-61.3,-8.1],[-60.7,-8.5],[-60.1,-8.7],[-60.1,-8.9],[-59.8,-8.7],[-59.8,-8.4],[-59.7,-8],[-59.3,-8.2],[-59.2,-8.1],[-59.1,-7.9],[-58.9,-7.4],[-58.8,-7.2],[-58.7,-7.2],[-58.5,-7.2],[-58.2,-7.3],[-57.9,-7.2],[-57.7,-8.1],[-58.1,-8.6],[-58.4,-8.9],[-58.3,-9],[-58.1,-9.1],[-58,-9],[-57.8,-9.1],[-57.8,-9.2],[-57.8,-9.5],[-57.8,-9.1],[-57.5,-9.4],[-57.6,-9],[-57,-9.2],[-56.7,-9.5],[-57.2,-9.7],[-57.1,-9.9],[-57.2,-10.2],[-57.2,-10.4],[-57.3,-10.7],[-56.8,-10.3],[-56.7,-10.4],[-56.9,-10.6],[-56.8,-10.7],[-56.8,-10.8],[-56.4,-10.6],[-56.5,-11.2],[-56.9,-11.5],[-56.3,-11.4],[-56.3,-11.7],[-56.8,-11.8],[-56.5,-11.8],[-56,-11.8],[-56.3,-12],[-55.9,-11.8],[-55.8,-12.4],[-56.3,-12.5],[-56.2,-12.4],[-56.4,-12.7],[-56.1,-12.7],[-55.8,-12.6],[-55.6,-13.1],[-56.4,-13],[-56,-13.3],[-56,-13.6],[-56.3,-13.2],[-56.5,-13.4],[-56.2,-13.5],[-56.2,-13.7],[-56.4,-13.7],[-56.7,-13.6],[-56.5,-13.9],[-56.4,-14.2],[-56.2,-14.2],[-56,-14.3],[-56.4,-14.4],[-56.2,-14.4],[-56.1,-14.5],[-56.1,-14.8],[-55.9,-14.8],[-56.1,-15],[-55.9,-14.9],[-55.6,-15],[-55.7,-15],[-55.5,-15.1],[-55.5,-15.2],[-55.4,-15.3],[-55.4,-15.5],[-55.3,-15.8],[-55.7,-15.8]]]]}},{"type":"Feature","properties":{},"geometry":{"type":"MultiPolygon","coordinates":[[[[-58.8,-7],[-59.8,-7.9],[-59.9,-8.7],[-60.1,-8.7],[-60.6,-8.5],[-61,-7.7],[-60.6,-7.1],[-60.1,-6.8],[-59.9,-6.7],[-59.4,-6.5],[-58.3,-6.8],[-58.8,-7]]]]}},{"type":"Feature","properties":{},"geometry":{"type":"MultiPolygon","coordinates":[[[[-57.2,-7.7],[-56.7,-8.5],[-56.8,-8.9],[-57.6,-8.6],[-57.6,-8.1],[-57.5,-7.7],[-57.2,-7.7]]]]}},{"type":"Feature","properties":{},"geometry":{"type":"MultiPolygon","coordinates":[[[[-59.1,-13.7],[-59.4,-13.3],[-58.9,-13.2],[-59.1,-13.7]]]]}},{"type":"Feature","properties":{},"geometry":{"type":"MultiPolygon","coordinates":[[[[-58.7,-13.4],[-58.4,-13.7],[-58.8,-13.4],[-58.7,-13.4]]]]}},{"type":"Feature","properties":{},"geometry":{"type":"MultiPolygon","coordinates":[[[[-59.7,-11.9],[-59.8,-11.7],[-59.3,-11.7],[-59.7,-11.9]]]]}},{"type":"Feature","properties":{},"geometry":{"type":"MultiPolygon","coordinates":[[[[-59.4,-11],[-59.6,-11.1],[-59.7,-11],[-59.7,-10.8],[-59.4,-11]]]]}},{"type":"Feature","properties":{},"geometry":{"type":"MultiPolygon","coordinates":[[[[-9.5,-48.9],[-15.8,-50],[-19.5,-49],[-18.3,-47.4],[-11.7,-47],[-9.5,-48.9]]]]}},{"type":"Feature","properties":{},"geometry":{"type":"MultiPolygon","coordinates":[[[[-60.3,-11.3],[-61.5,-10.8],[-61.3,-10.8],[-61.5,-10.6],[-61.4,-10.4],[-61.3,-10.2],[-61.1,-10],[-60.7,-10.5],[-60.4,-10.7],[-60.4,-10.9],[-60.3,-11.2],[-60.3,-11.3]]]]}},{"type":"Feature","properties":{},"geometry":{"type":"MultiPolygon","coordinates":[[[[-57.6,-19.6],[-57.7,-19.5],[-57.8,-19.6],[-58,-19.1],[-58.1,-19.3],[-58.2,-19.1],[-58.2,-18.6],[-58.4,-18.6],[-58.5,-18.5],[-57.6,-19.6]]]]}},{"type":"Feature","properties":{},"geometry":{"type":"MultiPolygon","coordinates":[[[[-58.3,-20.6],[-58.2,-19.9],[-58.2,-20.2],[-58,-20.3],[-58.2,-20.5],[-58.3,-20.6]]]]}},{"type":"Feature","properties":{},"geometry":{"type":"MultiPolygon","coordinates":[[[[-57.7,-21.1],[-57.9,-21.2],[-57.7,-21],[-57.7,-21.1]]]]}},{"type":"Feature","properties":{},"geometry":{"type":"MultiPolygon","coordinates":[[[[97,-65],[97.6,-65],[97.9,-65.1],[97.6,-65.9],[94.4,-66.4],[82.9,-66.8],[79.1,-65.4],[77.6,-65.3],[74.3,-63.1],[76.3,-62.1],[77.6,-61.4],[75.7,-61.2],[74.8,-61],[73.6,-60.8],[73.2,-61.7],[73.9,-62.2],[70.4,-61.2],[70.5,-59.2],[70.6,-57.9],[70.8,-57.4],[74.8,-59.2],[84.5,-62.2],[97,-65]]]]}},{"type":"Feature","properties":{},"geometry":{"type":"MultiPolygon","coordinates":[[[[71.4,-60.6],[73.8,-62],[73.6,-63.2],[71.2,-64.1],[69.7,-61.4],[67.1,-60.3],[63.8,-60.4],[62,-60.7],[59.7,-59],[71.4,-60.6]]]]}},{"type":"Feature","properties":{},"geometry":{"type":"MultiPolygon","coordinates":[[[[57.7,-49],[60.8,-50.1],[63.2,-50.4],[64.3,-52.2],[65.9,-53.1],[67.5,-53.8],[64.9,-53.1],[64.1,-53.2],[64.3,-53],[62.2,-52.2],[61.6,-52.3],[58.3,-52.1],[57.6,-51.9],[56.6,-51.7],[55.3,-51.8],[54.8,-51],[55.8,-49],[57.7,-49]]]]}},{"type":"Feature","properties":{},"geometry":{"type":"MultiPolygon","coordinates":[[[[61.1,-52.8],[61.9,-52.7],[61.6,-52.8],[61.1,-52.8]]]]}},{"type":"Feature","properties":{},"geometry":{"type":"MultiPolygon","coordinates":[[[[88.8,-73.9],[90.5,-73.9],[92.1,-74.4],[88.8,-73.9]]]]}},{"type":"Feature","properties":{},"geometry":{"type":"MultiPolygon","coordinates":[[[[106.3,-69.6],[104.9,-71.5],[97.6,-73.6],[94.3,-73.6],[91.9,-73.5],[89.6,-72.6],[87.3,-71.5],[88,-71.5],[95,-73],[101.9,-72.1],[106.3,-70.7],[106.2,-69.6],[106.3,-69.6]]]]}},{"type":"Feature","properties":{},"geometry":{"type":"MultiPolygon","coordinates":[[[[55.9,-48.6],[54.9,-49],[53.9,-50.2],[57.2,-51],[59,-51.8],[57,-51.6],[53.7,-50.7],[52.2,-50.1],[51.3,-49.3],[52.8,-48.2],[53.9,-48.1],[55.1,-48.3],[55.9,-48.6]]]]}},{"type":"Feature","properties":{},"geometry":{"type":"MultiPolygon","coordinates":[[[[73.9,-51.3],[79.7,-53.3],[83.9,-54.1],[87.8,-59.5],[90.7,-61.6],[91.9,-62.4],[92,-62.5],[92,-62.8],[92.3,-62.8],[92.4,-63],[92.9,-63.2],[93.6,-63.6],[94.3,-64],[95.8,-64.4],[96.9,-64.7],[97,-65],[87.4,-63],[76.3,-60],[71,-57.1],[71.5,-55.8],[71.9,-54.9],[72.5,-53.4],[73.7,-51.7],[73.9,-51.3]]]]}},{"type":"Feature","properties":{},"geometry":{"type":"MultiPolygon","coordinates":[[[[72.4,-55.4],[71.6,-56.6],[70.7,-57.4],[71.5,-55.6],[72.4,-55.4]]]]}},{"type":"Feature","properties":{},"geometry":{"type":"MultiPolygon","coordinates":[[[[-55.3,-17.4],[-56.3,-17],[-56.1,-16.9],[-56.2,-16.8],[-56.2,-16.5],[-56.7,-16.5],[-56.7,-16.2],[-56.7,-16.1],[-57,-16],[-57,-16.1],[-57.1,-16.1],[-57.3,-15.8],[-55.7,-15.8],[-55.5,-15.9],[-55.2,-15.9],[-55,-15.9],[-55.4,-16.3],[-55.2,-16.3],[-55,-16.3],[-54.8,-16.4],[-54.6,-16.4],[-54.7,-16.5],[-54.8,-16.6],[-54.9,-16.9],[-55,-17],[-55,-16.9],[-55.2,-17],[-55.3,-17.2],[-55.2,-17.3],[-55.3,-17.4]]]]}},{"type":"Feature","properties":{},"geometry":{"type":"MultiPolygon","coordinates":[[[[144.4,-25.2],[144.5,-25.3],[144.6,-25.3],[144.6,-25.4],[144.7,-25.4],[144.7,-25.5],[144.7,-25.6],[144.8,-25.6],[144.8,-25.8],[144.8,-25.7],[144.7,-25.7],[144.6,-25.6],[144.6,-25.7],[144.5,-25.6],[144.8,-25.8],[144.7,-25.8],[144.8,-26.1],[144.7,-26.1],[144.6,-26.1],[144.7,-26.1],[144.7,-26.2],[144.8,-26.2],[144.7,-26.3],[144.8,-26.3],[144.8,-26.4],[144.7,-26.4],[144.8,-26.5],[144.7,-26.5],[144.7,-26.6],[144.5,-26.5],[144.4,-26.6],[144.3,-26.6],[144.2,-26.7],[144.2,-26.8],[144.1,-26.7],[144,-26.6],[144.2,-26.6],[144.1,-26.5],[144,-26.6],[144,-26.5],[143.9,-26.5],[143.9,-26.6],[143.8,-26.6],[143.7,-26.5],[143.6,-26.5],[143.5,-26.5],[143.5,-26.4],[143.4,-26.4],[143.4,-26.3],[143.3,-26.3],[143.3,-26.2],[143.2,-26.1],[143.2,-26],[143.1,-26],[143.1,-25.9],[143.1,-25.8],[143,-25.8],[143,-25.7],[142.9,-25.7],[142.9,-25.6],[142.8,-25.5],[142.8,-25.4],[142.8,-25.3],[142.8,-25.2],[142.8,-25.1],[142.9,-25],[142.9,-24.9],[143,-24.9],[143.1,-24.9],[143.2,-24.9],[143.3,-24.9],[143.4,-24.9],[143.5,-24.9],[143.6,-24.9],[143.7,-24.9],[143.9,-24.9],[144,-25],[144.3,-25.2],[144.4,-25.2]]]]}},{"type":"Feature","properties":{},"geometry":{"type":"MultiPolygon","coordinates":[[[[137.4,-11],[137.5,-11.1],[137.5,-11.2],[137.6,-11.3],[137.6,-11.4],[137.7,-11.5],[137.7,-11.6],[137.7,-11.7],[137.8,-11.7],[137.8,-11.8],[137.9,-11.9],[137.9,-12],[138,-12.1],[138,-12.2],[138.1,-12.3],[138.1,-12.4],[138.2,-12.4],[138.2,-12.5],[138.2,-12.6],[138.3,-12.6],[138.3,-12.7],[138.3,-12.8],[138.4,-12.8],[138.4,-12.9],[138.4,-13],[138.5,-13.1],[138.5,-13.2],[138.6,-13.2],[138.6,-13.3],[138.7,-13.4],[138.7,-13.5],[138.8,-13.5],[138.8,-13.6],[138.9,-13.7],[138.9,-13.8],[139,-13.8],[139,-13.9],[139.1,-13.9],[139.1,-14],[139.1,-14.1],[139.2,-14.1],[139.2,-14.2],[139.3,-14.3],[139.3,-14.4],[139.4,-14.4],[139.4,-14.5],[139.4,-14.6],[139.5,-14.6],[139.5,-14.7],[139.6,-14.7],[139.6,-14.8],[139.7,-14.8],[139.7,-14.9],[139.8,-14.9],[139.8,-15],[139.9,-15.1],[140,-15.2],[140.1,-15.3],[140.2,-15.4],[140.3,-15.4],[140.3,-15.5],[140.4,-15.5],[140.4,-15.6],[140.5,-15.6],[140.5,-15.7],[140.6,-15.7],[140.7,-15.7],[140.7,-15.8],[140.8,-15.8],[140.9,-15.8],[140.9,-15.9],[141,-15.9],[141.1,-15.9],[141.2,-15.9],[141.2,-16],[141.3,-16],[141.8,-16],[142.5,-16.1],[142.5,-16.2],[142.6,-16.3],[142.6,-16.4],[142.7,-16.5],[142.7,-17],[142.6,-17.5],[142.9,-17.6],[142.9,-17.7],[142.8,-18.5],[143,-18.9],[143.3,-19.7],[143.5,-20],[143.4,-20.2],[142.2,-21.2],[142.3,-21.2],[141.7,-22.4],[141.9,-22.9],[141.5,-22.7],[141.2,-22.7],[140.7,-22.7],[140.6,-22.7],[140.3,-22.8],[139.8,-22.8],[139.9,-23],[139.6,-23.8],[139.5,-23.7],[139.4,-23.6],[139.3,-23.5],[139.2,-23.4],[139.1,-23.3],[139,-23.2],[138.8,-23.1],[138.7,-23.1],[138.7,-23],[138.6,-23],[138.5,-23],[138.5,-22.9],[138.4,-22.9],[138.4,-22.8],[138.3,-22.8],[138.2,-22.8],[138.2,-22.7],[138.1,-22.7],[138,-22.7],[137.9,-22.7],[137.8,-22.7],[137.8,-22.6],[137.7,-22.6],[137.6,-22.6],[137.6,-22.5],[137.5,-22.5],[137.4,-22.5],[137.4,-22.4],[137.3,-22.4],[137.2,-22.4],[137.2,-22.3],[137.1,-22.3],[137,-22.3],[137,-22.2],[136.9,-22.2],[136.8,-22.2],[136.7,-22.2],[136.6,-22.2],[136.5,-22.1],[136.4,-22.1],[136.3,-22],[136.2,-22],[136.2,-21.9],[136.1,-21.9],[136.1,-21.8],[136,-21.8],[136,-21.7],[135.9,-21.7],[135.8,-21.7],[135.8,-21.6],[135.7,-21.6],[135.6,-21.6],[135.6,-21.5],[135.5,-21.5],[135.4,-21.5],[135.4,-21.4],[135.4,-21.3],[135.3,-21.3],[135.3,-21.2],[135.3,-21.1],[135.2,-21],[135.2,-20.9],[135.2,-20.8],[135.2,-20.7],[135.3,-20.7],[135.3,-20.6],[135.3,-20.5],[135.3,-20.4],[135.3,-20.3],[135.4,-20.2],[135.4,-20.1],[135.4,-20],[135.4,-19.9],[135.5,-19.8],[135.5,-19.7],[135.5,-19.6],[135.5,-19.5],[135.5,-19.4],[135.5,-19.3],[135.5,-19.2],[135.6,-19.1],[135.6,-19],[135.7,-19],[135.7,-18.9],[135.7,-18.8],[135.7,-18.7],[135.7,-18.6],[135.6,-18.6],[135.6,-18.5],[135.5,-18.5],[135.5,-18.4],[135.4,-18.3],[135.3,-18.2],[135.2,-18.2],[135.2,-18.1],[135.1,-18.1],[135.1,-18],[134.7,-17.3],[134.3,-16.8],[134.4,-16.9],[134.5,-16.9],[134.6,-16.9],[134.7,-16.9],[134.8,-16.9],[134.9,-16.8],[135,-16.8],[135.1,-16.8],[135.2,-16.8],[135.3,-16.7],[135.4,-16.7],[135.5,-16.6],[135.6,-16.6],[135.6,-16.5],[135.7,-16.5],[135.7,-16.4],[135.8,-16.4],[135.9,-16.4],[135.9,-16.3],[136,-16.3],[136.1,-16.3],[136.1,-16.2],[136.2,-16.2],[136.3,-16.2],[136.4,-16.2],[136.5,-16.2],[136.5,-16.1],[136.6,-16.1],[136.7,-16.1],[136.8,-16.1],[136.9,-16],[137,-16],[137.1,-15.9],[137.2,-15.9],[137.3,-15.8],[137.4,-15.8],[137.4,-15.7],[137.5,-15.6],[137.6,-15.6],[137.7,-15.5],[137.8,-15.5],[137.9,-15.4],[138,-15.4],[137.9,-15.3],[137.9,-15.2],[137.9,-15.1],[137.8,-15.1],[137.8,-15],[137.8,-14.9],[137.8,-14.8],[137.8,-14.7],[137.8,-14.6],[137.7,-14.6],[137.7,-14.5],[137.7,-14.4],[137.7,-14.3],[137.7,-14.2],[137.6,-14.2],[137.6,-14.1],[137.6,-14],[137.5,-13.9],[137.5,-13.8],[137.5,-13.7],[137.5,-13.6],[137.5,-13.5],[137.4,-13.5],[137.3,-13.5],[137.3,-13.4],[137.3,-13.3],[137.3,-13.2],[137.2,-13.2],[137.2,-13.1],[137.3,-13.1],[137.3,-13],[137.2,-12.9],[137.2,-12.8],[137.1,-12.8],[137.1,-12.7],[137,-12.7],[137,-12.6],[137,-12.5],[137,-12.4],[137,-12.3],[136.9,-12.3],[136.9,-12.2],[136.9,-12.1],[136.9,-12],[136.9,-11.9],[136.9,-11.8],[136.9,-11.7],[136.8,-11.6],[136.8,-11.5],[136.8,-11.4],[136.8,-11.3],[136.8,-11.2],[136.8,-11.1],[136.8,-11],[136.9,-11],[137,-11],[137.1,-11],[137.2,-11],[137.3,-11],[137.4,-11]]]]}},{"type":"Feature","properties":{},"geometry":{"type":"MultiPolygon","coordinates":[[[[144.7,-25.5],[144.7,-25.4],[144.6,-25.4],[144.6,-25.3],[144.5,-25.3],[144.4,-25.2],[144.4,-25.1],[144.3,-25.1],[144.3,-25],[144.2,-25],[144.2,-24.9],[144.1,-24.9],[144,-24.8],[143.9,-24.8],[143.9,-24.7],[143.8,-24.7],[143.8,-24.6],[143.7,-24.6],[143.6,-24.6],[143.6,-24.5],[143.5,-24.5],[143.4,-24.4],[143.2,-24.4],[143.7,-24.1],[144,-23.6],[144.4,-24],[144.8,-24.6],[144.8,-24.7],[144.7,-24.7],[144.8,-25.2],[145.2,-25.6],[145.2,-25.8],[144.9,-25.6],[144.7,-25.5]]]]}},{"type":"Feature","properties":{},"geometry":{"type":"MultiPolygon","coordinates":[[[[143.7,-22.8],[143.7,-23.2],[143.3,-22.9],[143.7,-22.8]]]]}},{"type":"Feature","properties":{},"geometry":{"type":"MultiPolygon","coordinates":[[[[143.3,-24.4],[143.4,-24.4],[143.4,-24.5],[143.5,-24.5],[143.6,-24.5],[143.6,-24.6],[143.7,-24.6],[143.8,-24.7],[143.9,-24.7],[143.9,-24.8],[144,-24.8],[144.1,-24.9],[144.2,-25],[144.3,-25],[144.3,-25.1],[144.4,-25.1],[144.4,-25.2],[144.3,-25.2],[144,-25],[143.9,-24.9],[143.7,-24.9],[143.6,-24.9],[143.5,-24.9],[143.4,-24.9],[143.3,-24.9],[143.2,-24.9],[143.1,-24.9],[143,-24.9],[142.9,-24.9],[142.9,-25],[142.8,-25.1],[142.8,-25.2],[142.8,-25.3],[142.8,-25.4],[142.8,-25.5],[142.9,-25.6],[142.9,-25.7],[143,-25.7],[143,-25.8],[143.1,-25.8],[143.1,-25.9],[143.1,-26],[143.2,-26],[143.2,-26.1],[143.3,-26.2],[143.3,-26.3],[143.4,-26.3],[143.4,-26.4],[143.5,-26.4],[143.5,-26.5],[143.4,-26.4],[143.3,-26.4],[143.3,-26.3],[143.1,-26.3],[143,-26.2],[143,-26.1],[142.8,-26],[142.9,-26],[143.2,-26.1],[143.1,-26],[143,-25.9],[142.9,-25.9],[142.8,-25.9],[142.7,-25.8],[142.5,-25.7],[142.5,-25.6],[142.6,-25.6],[142.6,-25.5],[142.5,-25.5],[142.5,-25.4],[142.4,-25.4],[142.4,-25.3],[142.5,-25.3],[142.5,-25.2],[142.5,-25.1],[142.6,-25.1],[142.6,-25],[142.6,-24.9],[142.7,-24.8],[142.7,-24.7],[142.8,-24.7],[143,-24.6],[143.1,-24.5],[143.2,-24.6],[143.1,-24.5],[143.2,-24.4],[143.3,-24.4]]]]}},{"type":"Feature","properties":{},"geometry":{"type":"MultiPolygon","coordinates":[[[[134.8,-17.8],[135.1,-18],[135.1,-18.1],[135.2,-18.1],[135.2,-18.2],[135.3,-18.2],[135.4,-18.3],[135.4,-18.4],[135.5,-18.4],[135.5,-18.5],[135.6,-18.5],[135.6,-18.6],[135.7,-18.6],[135.7,-18.7],[135.7,-18.8],[135.7,-18.9],[135.6,-19],[135.6,-19.1],[135.5,-19.2],[135.5,-19.3],[135.5,-19.4],[135.5,-19.5],[135.5,-19.6],[135.5,-19.7],[135.5,-19.8],[135.4,-19.8],[135.4,-19.9],[135.4,-20],[135.4,-20.1],[135.4,-20.2],[135.3,-20.2],[135.3,-20.3],[135.3,-20.4],[135.3,-20.5],[135.3,-20.6],[135.3,-20.7],[135.2,-20.8],[135.2,-20.9],[135.2,-21],[135.3,-21.1],[135.3,-21.2],[135.3,-21.3],[135.4,-21.4],[135.4,-21.5],[135.5,-21.5],[135.6,-21.5],[135.6,-21.6],[135.7,-21.6],[135.8,-21.6],[135.9,-21.7],[136,-21.7],[136,-21.8],[136.1,-21.8],[136.1,-21.9],[136.2,-21.9],[136.2,-22],[136.3,-22],[136.4,-22.1],[136.5,-22.1],[136.6,-22.2],[136.7,-22.2],[136.8,-22.2],[136.9,-22.2],[137,-22.2],[137,-22.3],[137.1,-22.3],[137.2,-22.3],[137.2,-22.4],[137.3,-22.4],[137.4,-22.4],[137.4,-22.5],[137.5,-22.5],[137.6,-22.5],[137.6,-22.6],[137.7,-22.6],[137.8,-22.6],[137.8,-22.7],[137.9,-22.7],[138,-22.7],[138.1,-22.7],[138.2,-22.7],[138.2,-22.8],[138.3,-22.8],[138.4,-22.8],[138.4,-22.9],[138.5,-22.9],[138.5,-23],[138.6,-23],[138.7,-23.1],[138.8,-23.1],[138.9,-23.2],[139,-23.3],[139.1,-23.4],[139.3,-23.5],[139.3,-23.6],[139.4,-23.6],[139.5,-23.7],[139.5,-23.8],[139.6,-23.8],[138.4,-24],[137.8,-24.3],[136.8,-24.4],[135.9,-24],[135.2,-23.2],[134.8,-23.1],[134.3,-23],[134.2,-23],[134.2,-22.9],[134,-22.5],[133.8,-22.1],[133.8,-21.9],[133.6,-21.5],[133.4,-21.1],[133.3,-20.9],[133.5,-20.7],[133.6,-20.2],[133.9,-19.7],[134.1,-19.5],[134.3,-19.2],[134.5,-18.8],[134.7,-18.7],[134.7,-18.6],[134.7,-18.5],[134.6,-18.5],[134.6,-18.4],[134.5,-18.4],[134.5,-18.3],[134.4,-18.3],[134.4,-18.2],[134.3,-18.2],[134.3,-18.1],[134.2,-18.1],[134.1,-18.1],[134,-18.1],[134,-18],[133.9,-18],[133.8,-18],[133.8,-17.9],[133.8,-17.8],[133.7,-17.8],[133.7,-17.7],[133.6,-17.7],[133.5,-17.8],[133.4,-17.7],[133.3,-17.5],[133,-17.4],[132.6,-17.4],[131.7,-17.7],[131.5,-17.9],[131.1,-17.9],[130.7,-18],[130.4,-17.9],[130.3,-17.9],[129.8,-17.9],[129.7,-17.9],[129.4,-17.9],[129.5,-17.9],[130.1,-17.8],[130.8,-17.5],[131.1,-17.4],[131,-17.3],[131,-17.2],[130.9,-17.1],[130.9,-17],[130.8,-16.9],[131,-16.7],[131.9,-16.1],[132.3,-16.4],[132.4,-16.5],[132.5,-16.6],[132.9,-16.8],[133,-16.8],[133.1,-16.8],[133.1,-16.9],[133.2,-16.9],[133.4,-17.1],[133.6,-17.1],[133.7,-17.1],[133.8,-17.2],[133.9,-17.2],[134,-17.2],[134.3,-17.4],[134.5,-17.5],[134.6,-17.6],[134.6,-17.7],[134.7,-17.7],[134.8,-17.8]]]]}},{"type":"Feature","properties":{},"geometry":{"type":"MultiPolygon","coordinates":[[[[141.5,-24.9],[141.6,-24.9],[141.6,-25],[141.5,-24.9]]]]}},{"type":"Feature","properties":{},"geometry":{"type":"MultiPolygon","coordinates":[[[[142.2,-25.6],[141.6,-25.1],[141.7,-25.2],[141.8,-25.2],[141.8,-25.3],[142,-25.4],[142,-25.5],[142.2,-25.6]]]]}},{"type":"Feature","properties":{},"geometry":{"type":"MultiPolygon","coordinates":[[[[142.5,-25.7],[142.7,-25.8],[142.8,-25.9],[142.7,-25.8],[142.4,-25.7],[142.5,-25.7]]]]}},{"type":"Feature","properties":{},"geometry":{"type":"MultiPolygon","coordinates":[[[[142.8,-26],[142.9,-26.1],[143,-26.2],[143.1,-26.2],[143.1,-26.3],[143.2,-26.3],[143.3,-26.4],[143.1,-26.3],[142.8,-26]]]]}},{"type":"Feature","properties":{},"geometry":{"type":"MultiPolygon","coordinates":[[[[143.1,-26],[143,-25.9],[143.1,-25.9],[143.1,-26]]]]}},{"type":"Feature","properties":{},"geometry":{"type":"MultiPolygon","coordinates":[[[[144.8,-25.7],[144.7,-25.7],[144.6,-25.7],[144.6,-25.6],[144.7,-25.7],[144.8,-25.7]]]]}},{"type":"Feature","properties":{},"geometry":{"type":"MultiPolygon","coordinates":[[[[143.5,-26.5],[143.6,-26.5],[143.4,-26.4],[143.4,-26.5],[143.5,-26.5]]]]}},{"type":"Feature","properties":{},"geometry":{"type":"MultiPolygon","coordinates":[[[[143.9,-26.6],[143.7,-26.5],[143.8,-26.5],[143.9,-26.6]]]]}},{"type":"Feature","properties":{},"geometry":{"type":"MultiPolygon","coordinates":[[[[144.2,-26.5],[144,-26.6],[144,-26.5],[144.1,-26.5],[144.2,-26.5]]]]}},{"type":"Feature","properties":{},"geometry":{"type":"MultiPolygon","coordinates":[[[[144,-26.7],[144,-26.6],[144.1,-26.7],[144.2,-26.7],[144.2,-26.8],[144,-26.7]]]]}},{"type":"Feature","properties":{},"geometry":{"type":"MultiPolygon","coordinates":[[[[144.8,-26.4],[144.7,-26.4],[144.8,-26.3],[144.8,-26.4]]]]}},{"type":"Feature","properties":{},"geometry":{"type":"MultiPolygon","coordinates":[[[[144.8,-26.5],[144.6,-26.5],[144.7,-26.5],[144.8,-26.5]]]]}},{"type":"Feature","properties":{},"geometry":{"type":"MultiPolygon","coordinates":[[[[140.4,-24.3],[140.4,-24.4],[140.5,-24.5],[140.6,-24.7],[140.7,-24.7],[140.4,-24.4],[140.4,-24.3]]]]}},{"type":"Feature","properties":{},"geometry":{"type":"MultiPolygon","coordinates":[[[[144.9,-26.1],[144.8,-26.2],[144.9,-26],[144.9,-26.1]]]]}},{"type":"Feature","properties":{},"geometry":{"type":"MultiPolygon","coordinates":[[[[90.9,-55.6],[91.3,-56.5],[90.3,-56.5],[87.9,-56.6],[87.4,-55.3],[88.5,-55.3],[90.9,-55.6]]]]}},{"type":"Feature","properties":{},"geometry":{"type":"MultiPolygon","coordinates":[[[[91.1,-56.6],[93.6,-57.7],[95.8,-57.7],[97.6,-57.7],[100.2,-59.2],[101.8,-58.9],[103.9,-59.5],[106,-59.8],[103.6,-60.8],[100.2,-60.8],[98.5,-61.2],[93.8,-61],[92.5,-59.1],[90.3,-57.7],[89.3,-56.6],[91.1,-56.6]]]]}},{"type":"Feature","properties":{},"geometry":{"type":"MultiPolygon","coordinates":[[[[131.6,-5.5],[131.7,-5.5],[131.8,-5.5],[131.9,-5.5],[132,-5.5],[132,-5.6],[132.1,-5.6],[132.2,-5.6],[132.2,-5.7],[132.3,-5.7],[132.4,-5.7],[132.4,-5.8],[132.5,-5.8],[132.6,-5.9],[132.7,-5.9],[132.8,-6],[132.9,-6],[133,-6],[133,-6.1],[133.1,-6.1],[133.2,-6.1],[133.2,-6.2],[133.5,-6.4],[133.5,-6.5],[133.6,-6.5],[133.6,-6.6],[133.7,-6.7],[133.8,-6.7],[133.8,-6.8],[133.9,-6.8],[133.9,-6.9],[133.9,-7],[134,-7.1],[134,-7.2],[134.1,-7.2],[134.1,-7.3],[134.2,-7.3],[134.3,-7.4],[134.4,-7.4],[134.5,-7.4],[134.5,-7.5],[134.6,-7.5],[134.7,-7.6],[134.8,-7.6],[134.8,-7.7],[134.9,-7.7],[135,-7.7],[135,-7.8],[135.1,-7.8],[135.1,-7.9],[135.2,-7.9],[135.2,-8],[135.3,-8],[135.3,-8.1],[135.4,-8.1],[135.4,-8.2],[135.5,-8.2],[135.6,-8.3],[135.6,-8.4],[135.7,-8.4],[135.7,-8.5],[135.8,-8.6],[135.8,-8.7],[135.9,-8.7],[135.9,-8.8],[136,-8.9],[136,-9],[136.1,-9],[136.1,-9.1],[136.2,-9.1],[136.2,-9.2],[136.3,-9.3],[136.3,-9.4],[136.4,-9.4],[136.4,-9.5],[136.5,-9.6],[136.6,-9.7],[136.6,-9.8],[136.7,-9.8],[136.7,-9.9],[136.8,-10],[136.9,-10.1],[136.9,-10.2],[137,-10.3],[137,-10.4],[137.1,-10.4],[137.1,-10.5],[137.2,-10.6],[137.2,-10.7],[137.3,-10.7],[137.3,-10.8],[137.3,-10.9],[137.4,-10.9],[137.4,-11],[137.3,-11],[137.2,-11],[137.1,-11],[137,-11],[136.9,-11],[136.8,-11],[136.8,-11.1],[136.8,-11.2],[136.8,-11.3],[136.8,-11.4],[136.8,-11.5],[136.8,-11.6],[136.9,-11.7],[136.9,-11.8],[136.9,-11.9],[136.9,-12.1],[136.9,-12.2],[137,-12.3],[137,-12.4],[137,-12.5],[137,-12.6],[137,-12.7],[137.1,-12.7],[137.1,-12.8],[137.2,-12.8],[137.2,-12.9],[137.3,-13],[137.3,-13.1],[137.2,-13.1],[137.2,-13.2],[137.3,-13.2],[137.2,-13.2],[137.3,-13.3],[137.3,-13.4],[137.4,-13.5],[137.5,-13.5],[137.5,-13.6],[137.5,-13.7],[137.5,-13.8],[137.5,-13.9],[137.6,-14],[137.6,-14.1],[137.6,-14.2],[137.7,-14.2],[137.7,-14.3],[137.7,-14.4],[137.7,-14.5],[137.7,-14.6],[137.8,-14.6],[137.8,-14.7],[137.8,-14.8],[137.8,-14.9],[137.8,-15],[137.8,-15.1],[137.9,-15.1],[137.9,-15.2],[137.9,-15.3],[138,-15.4],[137.9,-15.4],[137.9,-15.5],[137.8,-15.5],[137.7,-15.5],[137.6,-15.6],[137.5,-15.6],[137.5,-15.7],[137.4,-15.7],[137.4,-15.8],[137.3,-15.8],[137.2,-15.9],[137.1,-15.9],[137.1,-16],[137,-16],[136.9,-16],[136.8,-16],[136.8,-16.1],[136.7,-16.1],[136.6,-16.1],[136.5,-16.1],[136.5,-16.2],[136.4,-16.2],[136.3,-16.2],[136.2,-16.2],[136.1,-16.2],[136.1,-16.3],[136,-16.3],[135.9,-16.3],[135.8,-16.4],[135.7,-16.4],[135.7,-16.5],[135.6,-16.5],[135.6,-16.6],[135.5,-16.6],[135.4,-16.7],[135.3,-16.7],[135.2,-16.8],[135.1,-16.8],[135,-16.8],[134.9,-16.8],[134.8,-16.9],[134.7,-16.9],[134.6,-16.9],[134.5,-16.9],[134.4,-16.9],[134.4,-16.8],[134.3,-16.8],[134.8,-17.6],[134.7,-17.7],[134.6,-17.6],[134.5,-17.5],[134.5,-17.4],[134.1,-17.3],[134,-17.2],[133.9,-17.2],[133.8,-17.2],[133.7,-17.2],[133.6,-17.1],[133.4,-17.1],[133.2,-17],[133.2,-16.9],[133.1,-16.9],[133.1,-16.8],[133,-16.8],[132.9,-16.8],[132.6,-16.6],[132.4,-16.5],[132.3,-16.5],[132.2,-16.4],[131.3,-16.4],[130.8,-16.9],[130.9,-17],[130.9,-17.1],[130.9,-17.2],[131,-17.3],[131.1,-17.4],[130.9,-17.5],[130.3,-17.7],[129.7,-17.9],[129.1,-17.9],[129,-17.9],[128.7,-17.8],[128.6,-17.8],[128,-17.8],[127.7,-17.9],[127.2,-17.9],[127,-17.9],[126.5,-18],[126,-18],[125.4,-18],[125.1,-18.2],[124.8,-18.3],[124.8,-18.1],[125.3,-17.9],[125.7,-17.7],[126,-17.2],[126.2,-16.7],[126.3,-16.6],[126.3,-16.5],[126.3,-16.4],[126.3,-16.3],[126.3,-16.2],[126.3,-16.1],[126.3,-15.9],[126.3,-15.8],[126.4,-15.7],[126.4,-15.6],[126.5,-15.6],[126.5,-15.5],[126.6,-15.5],[126.6,-15.4],[126.6,-15.3],[126.5,-15.3],[126.5,-15.2],[126.4,-15.1],[126.4,-15],[126.3,-14.9],[126.3,-14.8],[126.2,-14.7],[126.2,-14.6],[126.1,-14.6],[126.1,-14.5],[126.1,-14.4],[126,-14.4],[126,-14.3],[126.1,-14.3],[126.2,-14.3],[126.3,-14.3],[126.4,-14.3],[126.5,-14.3],[126.6,-14.3],[126.7,-14.3],[126.8,-14.3],[126.9,-14.3],[127,-14.3],[127.1,-14.3],[127.2,-14.3],[127.3,-14.3],[127.4,-14.3],[127.5,-14.3],[127.6,-14.3],[127.7,-14.3],[127.8,-14.3],[127.9,-14.3],[128,-14.3],[128.1,-14.3],[128.1,-14.2],[128.2,-14.2],[128.3,-14.2],[128.4,-14.2],[128.4,-14.1],[128.5,-14.1],[128.6,-14],[128.7,-14],[128.7,-13.9],[128.8,-13.9],[128.9,-13.8],[129,-13.8],[129.1,-13.7],[129.2,-13.6],[129.3,-13.4],[129.4,-13.2],[129.4,-13.1],[129.5,-13.1],[129.5,-13],[129.6,-13],[129.6,-12.9],[129.7,-12.9],[129.7,-12.8],[129.8,-12.8],[129.8,-12.7],[129.8,-12.6],[129.8,-12.5],[129.9,-12.4],[129.9,-12.3],[129.9,-12.2],[129.9,-12.1],[130,-12],[130,-11.9],[130,-11.8],[130.1,-11.7],[130.1,-11.6],[130.2,-11.6],[130.2,-11.5],[130.2,-11.4],[130.3,-11.4],[130.3,-11.3],[130.4,-11.2],[130.4,-11.1],[130.5,-11.1],[130.5,-11],[130.5,-10.9],[130.5,-10.8],[130.5,-10.7],[130.6,-10.6],[130.6,-10.5],[130.5,-10.4],[130.5,-10.3],[130.5,-10.2],[130.5,-10.1],[130.5,-10],[130.5,-9.9],[130.6,-9.9],[130.6,-9.8],[130.7,-9.8],[130.7,-9.7],[130.7,-9.6],[130.7,-9.5],[130.7,-9.4],[130.7,-9.3],[130.7,-9.2],[130.8,-9.2],[130.8,-8.9],[130.8,-8.8],[130.8,-8.7],[130.7,-8.7],[130.7,-8.6],[130.7,-8.4],[130.7,-8.2],[130.7,-8.1],[130.5,-7.8],[130.6,-7.8],[130.6,-7.7],[130.6,-7.6],[130.6,-7.5],[130.7,-7.4],[130.7,-7.3],[130.8,-7.3],[130.4,-7.2],[129.9,-7],[130,-7],[130,-6.9],[130.1,-6.9],[130.1,-6.8],[130.2,-6.8],[130.3,-6.8],[130.3,-6.7],[130.4,-6.7],[130.4,-6.6],[130.5,-6.6],[130.6,-6.6],[130.6,-6.5],[130.7,-6.4],[130.7,-6.3],[130.8,-6.3],[130.8,-6.2],[130.9,-6.1],[131,-6],[131,-5.9],[131.1,-5.8],[131.1,-5.7],[131.2,-5.7],[131.2,-5.6],[131.3,-5.6],[131.3,-5.5],[131.5,-5.5],[131.6,-5.5]]]]}},{"type":"Feature","properties":{},"geometry":{"type":"MultiPolygon","coordinates":[[[[141.6,-24.9],[141.7,-24.9],[141.9,-24.8],[142,-24.7],[142.2,-24.7],[142.4,-24.7],[142.8,-24.7],[142.7,-24.7],[142.7,-24.8],[142.6,-24.9],[142.6,-25],[142.6,-25.1],[142.5,-25.1],[142.5,-25.2],[142.5,-25.3],[142.4,-25.3],[142.4,-25.4],[142.5,-25.4],[142.5,-25.5],[142.6,-25.5],[142.6,-25.6],[142.5,-25.6],[142.5,-25.7],[142.3,-25.6],[142.1,-25.5],[142,-25.5],[141.9,-25.4],[141.8,-25.3],[141.7,-25.2],[141.6,-25.1],[141.6,-25],[141.6,-24.9],[141.5,-24.9],[141.6,-24.9]]]]}},{"type":"Feature","properties":{},"geometry":{"type":"MultiPolygon","coordinates":[[[[106.4,-50.5],[105.7,-51.1],[105.4,-51.9],[105,-51.9],[105.6,-53.3],[106.6,-53.9],[105.4,-53.8],[104.2,-51.7],[106.4,-50.5]]]]}},{"type":"Feature","properties":{},"geometry":{"type":"MultiPolygon","coordinates":[[[[106.8,-42.6],[107.3,-43.6],[107.4,-44.3],[104.8,-45],[106.8,-42.6]]]]}},{"type":"Feature","properties":{},"geometry":{"type":"MultiPolygon","coordinates":[[[[104.8,-45],[105.4,-47.2],[105.3,-47.8],[104.7,-50.2],[99.6,-49.2],[99.5,-48.1],[101.8,-46],[104.8,-45]]]]}},{"type":"Feature","properties":{},"geometry":{"type":"MultiPolygon","coordinates":[[[[98.7,-48.9],[102.2,-49.7],[104.2,-51.7],[105.4,-53.8],[106.9,-56.3],[104.3,-57.6],[101.1,-58.1],[98.8,-57],[97.8,-56.6],[96.9,-56.2],[95.9,-55.9],[95.8,-55.8],[95.3,-55.5],[94.6,-55.1],[94.4,-55.1],[94.2,-54.9],[94,-54.6],[93.7,-54.4],[93.4,-54.1],[92.9,-53.8],[92.8,-53.7],[92.2,-53.4],[92.1,-53.1],[92.2,-52.9],[91.9,-53.1],[91.6,-52.8],[91.4,-52.6],[91,-52.2],[90.7,-51.4],[90.6,-51.2],[90.5,-51.1],[90.4,-51],[91.2,-50.9],[95.9,-50.4],[98.7,-48.9]]]]}},{"type":"Feature","properties":{},"geometry":{"type":"MultiPolygon","coordinates":[[[[112.7,-58.1],[112.3,-57.9],[111.7,-57.6],[111.2,-58.1],[110.6,-59],[110.3,-59.3],[110.4,-58.9],[110.9,-57.9],[111,-57.3],[111.3,-57.1],[112.7,-58.1]]]]}},{"type":"Feature","properties":{},"geometry":{"type":"MultiPolygon","coordinates":[[[[99.1,10.3],[99.6,10.2],[99.6,9.1],[99.4,8.7],[99.4,8.9],[99.7,8.9],[99.9,9.5],[100.1,5.6],[99,1.3],[100.9,-4.7],[100.7,-4.6],[100.8,-4.8],[100.9,-5],[100.8,-5],[100.7,-5.3],[100.6,-5.5],[100.7,-5.7],[100.1,-6.9],[97.8,-7.4],[96.4,-3.6],[96.1,0.5],[98.2,4.4],[98.4,9.1],[99.1,10.3]]]]}},{"type":"Feature","properties":{},"geometry":{"type":"MultiPolygon","coordinates":[[[[94.9,4.6],[97.4,6.2],[96.1,4.1],[93.7,2],[91.8,0.5],[90.9,-2.6],[92.5,-4.7],[94.2,-6],[97.8,-7.4],[95.8,-8.4],[92.8,-7.4],[90.1,-4.3],[90.5,-3.5],[90.2,-0.2],[93.2,3.3],[94.9,4.6]]]]}},{"type":"Feature","properties":{},"geometry":{"type":"MultiPolygon","coordinates":[[[[108.9,23.2],[106.7,21.3],[106,21.7],[105.1,23.3],[104.4,24.9],[104.8,27.9],[105.3,28.2],[105.7,28.1],[105.9,28],[105.9,27.8],[105.6,27.9],[105.5,27.7],[105.3,27.5],[105.3,27.2],[104.9,26.9],[105.2,26.7],[105.1,26.6],[104.9,26.3],[105,26.1],[105.1,25.8],[105,25.5],[105,24.8],[105.7,24.7],[106.3,24.8],[106.7,24.5],[107.7,24],[108.6,23.8],[108.7,23.5],[108.2,23.4],[108,23.2],[108.9,23.2]]]]}},{"type":"Feature","properties":{},"geometry":{"type":"MultiPolygon","coordinates":[[[[107.4,33.7],[107.2,33],[107.3,32.5],[107.4,32.3],[107.4,31.4],[106.4,30.3],[106.3,30.7],[106.5,30.9],[105.9,31.3],[105.9,31.6],[105.6,31.4],[105.3,31.1],[104.8,31.3],[104.5,30.9],[104.4,30.7],[104.2,30.5],[103.9,30],[104,29.5],[103.9,29.2],[103.6,29.6],[104,30.7],[104.8,31.8],[105.1,33],[105.8,34],[107.4,33.7]]]]}},{"type":"Feature","properties":{},"geometry":{"type":"MultiPolygon","coordinates":[[[[111.9,30.2],[111.4,30],[111.4,29.8],[111.4,29.6],[111.1,29.6],[111,29.4],[110.9,29.2],[111.1,28.9],[110.8,28.8],[110.9,28.9],[110.8,28.6],[110.7,28.4],[110.4,28.4],[110.3,28.3],[110.3,28.5],[110.1,28.7],[110,28.5],[109.9,28.7],[109.7,28.9],[109.7,29.1],[109.6,29.1],[109.6,29.6],[109.5,29.8],[109.3,29.6],[108.8,29.9],[108.6,29.9],[108.5,29.8],[108.5,29.9],[108.5,30],[108.6,30],[108.7,30],[108.6,30.2],[108.8,30.3],[108.9,30.4],[108.7,30.4],[108.5,30.6],[108.1,30.8],[108,30.9],[107.9,30.8],[107.3,30.5],[107.3,30.4],[107.3,30.3],[107.2,30.2],[107.1,30.3],[107.1,30.1],[106.9,30.1],[106.9,30.3],[106.5,30.2],[106.5,30.3],[107.9,32.4],[109.1,32.2],[111.3,31],[111.8,30.7],[111.9,30.2]]]]}},{"type":"Feature","properties":{},"geometry":{"type":"MultiPolygon","coordinates":[[[[98.4,18.7],[100.3,19.5],[103.7,20],[104.6,20.4],[105.9,20.9],[106.1,20.1],[103,19.4],[99.4,18.9],[97.3,17.9],[96.4,17.3],[95.7,17],[97.8,18.3],[98.4,18.7]]]]}},{"type":"Feature","properties":{},"geometry":{"type":"MultiPolygon","coordinates":[[[[97.4,6.2],[97.5,7.5],[98.6,6.8],[97,2.4],[96.2,-2],[98,-6.3],[95.6,-6.2],[93,-5.6],[91.6,-3.9],[90.9,-0.8],[93,1],[94.6,3.2],[97.8,4.9],[97.4,6.2]]]]}},{"type":"Feature","properties":{},"geometry":{"type":"MultiPolygon","coordinates":[[[[111.9,30.2],[111.8,30.1],[111.5,30],[111.9,30.2]]]]}},{"type":"Feature","properties":{},"geometry":{"type":"MultiPolygon","coordinates":[[[[111,29.1],[111.1,29.3],[111.1,29],[111,29.1]]]]}},{"type":"Feature","properties":{},"geometry":{"type":"MultiPolygon","coordinates":[[[[111.5,27.4],[111.1,27.4],[111.6,27.6],[111.5,27.4]]]]}},{"type":"Feature","properties":{},"geometry":{"type":"MultiPolygon","coordinates":[[[[111.6,29.9],[111.8,29.6],[111.7,29.8],[111.6,29.9]]]]}},{"type":"Feature","properties":{},"geometry":{"type":"MultiPolygon","coordinates":[[[[113.4,28.3],[113.4,28],[113.4,28.2],[113.4,28.3]]]]}},{"type":"Feature","properties":{},"geometry":{"type":"MultiPolygon","coordinates":[[[[111.1,29.4],[111.3,29.4],[111.3,29.2],[111.1,29.4]]]]}},{"type":"Feature","properties":{},"geometry":{"type":"MultiPolygon","coordinates":[[[[77.7,34.1],[78.8,33.4],[79.6,32.6],[80.2,31.6],[80.7,30.6],[80.8,29.6],[81,28.6],[81,27.5],[81,26.8],[81,25.6],[80.8,24.4],[80.9,22.8],[81.1,21.4],[81.5,19.9],[82,18.2],[82.4,16.4],[82.7,14.8],[82.5,13.7],[81.9,12.5],[81.7,11.3],[81.2,13.4],[81.4,15.5],[80.2,17.3],[79.1,18.7],[78.6,20.8],[79,23.4],[79.2,25.5],[78.6,27.6],[77.8,29.2],[77.6,31.1],[77.7,33.6],[77.7,34.1]]]]}},{"type":"Feature","properties":{},"geometry":{"type":"MultiPolygon","coordinates":[[[[105.9,37],[107,36.7],[106.8,36.6],[106.7,36.4],[106.9,36.4],[106.7,36.1],[106.5,36.1],[105.6,35.7],[104.6,35.2],[103.8,34.3],[102.5,33],[101.2,31.8],[100.5,30.9],[97.7,28.9],[95.5,26.9],[94.8,26.1],[93.7,25.5],[92.6,23.9],[91.4,24.3],[94.9,27.5],[98.3,31.4],[103.9,35.6],[105.9,37]]]]}},{"type":"Feature","properties":{},"geometry":{"type":"MultiPolygon","coordinates":[[[[14.6,14],[14,17],[12.5,19.8],[11.9,20.4],[11.1,20.6],[11.5,20.8],[11.2,20.9],[11.7,21.1],[11.7,21.4],[12.4,21.8],[12.4,22],[12.9,22.1],[13.1,22],[14.7,20.5],[15.1,19.2],[15.2,19.1],[15.7,16.9],[14.7,13.9],[14.6,14]]]]}},{"type":"Feature","properties":{},"geometry":{"type":"MultiPolygon","coordinates":[[[[9.9,20.4],[10.1,20.6],[10.4,20.6],[10.9,20.8],[11.5,20.8],[11.8,20.4],[13.1,18.7],[14.3,15],[13.3,14.2],[11.2,15.2],[11.1,16],[10.9,16.8],[10.7,16.7],[10.5,17.6],[10.8,18],[10.7,18.5],[10.7,18.9],[10.5,19.5],[9.9,20.3],[9.9,20.4]]]]}},{"type":"Feature","properties":{},"geometry":{"type":"MultiPolygon","coordinates":[[[[9.9,20.4],[9.5,20.9],[10.5,21.9],[11.7,22.3],[12.9,22.4],[13.4,22.1],[13,22],[12.7,22.2],[12.5,21.9],[12.3,21.8],[11.7,21.4],[11.4,21],[11.4,20.9],[11.4,20.8],[10.7,20.9],[10.4,20.6],[10.1,20.5],[9.9,20.4]]]]}},{"type":"Feature","properties":{},"geometry":{"type":"MultiPolygon","coordinates":[[[[21.8,16.2],[22.6,16.8],[24.4,17.6],[25.1,18],[26.4,19],[27.3,20.4],[27.7,20.8],[27.6,19.7],[26.8,16.9],[25.1,13.3],[24.8,10.4],[24,7.7],[22.8,4.3],[21.6,3.8],[21.5,5.1],[21.7,6.1],[21.8,7.1],[22.2,10.8],[21.5,15],[21.8,16.2]]]]}},{"type":"Feature","properties":{},"geometry":{"type":"MultiPolygon","coordinates":[[[[16.9,9.6],[18.3,8.6],[18.6,6.7],[18.1,4.8],[17.4,4.7],[15.9,5.5],[15.4,6.6],[16.6,8.2],[16.9,9.6]]]]}},{"type":"Feature","properties":{},"geometry":{"type":"MultiPolygon","coordinates":[[[[12.9,13.5],[10.9,13.8],[10.6,13.8],[10.2,13.9],[10,14.7],[10,14.9],[10,16.5],[10.1,17.5],[10,18.3],[9.7,18.3],[9.4,19.9],[9.9,20.4],[10,20.1],[10.7,19],[10.8,18.6],[10.9,18.1],[10.5,17.7],[10.7,17],[10.8,16.7],[11.1,16.2],[11.2,15.6],[12.3,14.4],[14.7,13.9],[15.3,13.5],[16.5,13],[14.7,13.5],[12.9,13.5]]]]}},{"type":"Feature","properties":{},"geometry":{"type":"MultiPolygon","coordinates":[[[[-48.4,-4.8],[-48.1,-4.9],[-47.9,-5.1],[-48.6,-5.3],[-48.7,-5.5],[-48.4,-5.4],[-47.7,-5],[-47.4,-5.4],[-47.2,-5.8],[-48.3,-6.2],[-48.2,-6.5],[-47.8,-6.3],[-47.4,-6.8],[-47,-6],[-46.7,-6.7],[-46.4,-6.5],[-46.1,-6.1],[-46.2,-5.9],[-45.5,-5.7],[-45.4,-6.6],[-45.8,-6.9],[-46.1,-7.3],[-45.6,-7],[-45.9,-7.5],[-45.8,-7.9],[-45.8,-7.7],[-45.4,-7.9],[-45.5,-8.3],[-45.4,-8.4],[-45.5,-8.8],[-45.5,-9],[-45.4,-9.6],[-45.2,-10],[-44.7,-9.9],[-45.1,-9.9],[-45,-10.1],[-44.8,-10.1],[-44.5,-10.1],[-44.9,-10.7],[-44.8,-10.8],[-45.1,-11],[-44.9,-11.1],[-45,-11.2],[-44.7,-11.3],[-44.5,-11.3],[-44.4,-11.5],[-44.3,-11.5],[-43.9,-12.2],[-44.7,-12],[-44.1,-12.3],[-44.6,-12.5],[-44,-12.7],[-43.6,-12.6],[-43.7,-13.1],[-44.1,-13.1],[-44.2,-13.4],[-43.9,-13.8],[-43.5,-13.5],[-43.7,-14.1],[-44.4,-14],[-44.6,-13.9],[-45.1,-13.9],[-44.8,-14.4],[-45.4,-14.4],[-45.3,-14.7],[-45.2,-14.8],[-44.6,-14.8],[-45.2,-15.1],[-44.9,-15.1],[-44.6,-15],[-44.8,-15.4],[-44.3,-15.3],[-43.5,-15.5],[-43.3,-15.7],[-43.2,-15.9],[-43.1,-16.1],[-42.9,-16.2],[-43,-16.4],[-42.8,-16.5],[-42.7,-16.6],[-42.8,-16.8],[-43.2,-17],[-43.9,-16.3],[-44.6,-16.2],[-45.3,-16],[-44.9,-16.2],[-44.8,-16.3],[-44.2,-16.4],[-44.5,-16.9],[-45.1,-17],[-45.2,-17.5],[-44.3,-17.3],[-44.7,-17.8],[-44.4,-17.5],[-43.8,-17.3],[-42.7,-17.2],[-42.9,-17.4],[-42.9,-17.6],[-43.1,-17.8],[-43.2,-18],[-43.4,-18.1],[-43.4,-18.4],[-43.6,-18.5],[-43.6,-18.7],[-43.7,-18.9],[-44,-19.2],[-44.2,-19.3],[-44.4,-19.3],[-44.7,-19.5],[-45,-19.6],[-45.1,-19.9],[-45.3,-20],[-45.5,-19.9],[-45.8,-19.9],[-46.1,-19.7],[-45.8,-20.1],[-45.9,-20.3],[-46.2,-20.7],[-46.3,-21],[-46.4,-21.2],[-46.4,-21.4],[-46.5,-21.7],[-46.6,-22],[-46.8,-22],[-46.9,-22],[-46.9,-22.1],[-47,-22.2],[-47.1,-22.4],[-47.2,-22.4],[-47.5,-22.5],[-47.6,-22.6],[-47.8,-22.4],[-47.8,-22.1],[-47.9,-22.2],[-47.9,-22.5],[-48.1,-22.5],[-48,-22.8],[-48.1,-22.7],[-48.3,-22.8],[-48.5,-22.8],[-48.6,-22.8],[-48.8,-23],[-48.7,-23.2],[-48.8,-23.4],[-49.1,-23.4],[-49.3,-23.5],[-49,-24.1],[-49.5,-24.2],[-49.1,-24.5],[-49.2,-24.8],[-49.1,-25],[-49.4,-24.9],[-49.4,-25.1],[-49.6,-24.9],[-49.5,-25.2],[-49.8,-25.2],[-49.8,-25.3],[-49.5,-25.5],[-49.7,-25.6],[-50.1,-25.6],[-50,-25.8],[-50.1,-25.8],[-49.9,-26],[-49.8,-26.1],[-49.9,-26.2],[-50,-26.5],[-49.9,-26.6],[-50.2,-26.7],[-50,-26.8],[-50,-26.9],[-50.1,-27.2],[-50.6,-27.3],[-50.1,-27.5],[-50.6,-27.5],[-50.3,-27.8],[-50.2,-27.9],[-50.4,-28],[-50.7,-27.9],[-51,-27.9],[-50.5,-28],[-50.5,-28.2],[-50.7,-28.3],[-51,-28.1],[-51.2,-28.3],[-51.3,-28.4],[-51.5,-28.3],[-51.2,-28.2],[-51.6,-28.3],[-51.7,-27.9],[-51.8,-27.7],[-51.7,-27.7],[-51.8,-27.6],[-51.6,-27.4],[-51.9,-27.5],[-52.1,-27.5],[-51.6,-27.3],[-52,-27.4],[-51.9,-27.1],[-52.1,-27.3],[-52.2,-27.3],[-52.3,-27.4],[-52.6,-27.3],[-52.7,-27.4],[-52.8,-27.3],[-53,-27],[-53.1,-26.9],[-53.3,-27],[-53.2,-26.9],[-53.3,-26.8],[-53.5,-26.8],[-53.1,-26.6],[-53.6,-26.6],[-53.5,-26.6],[-53.5,-26.3],[-53.7,-26.4],[-53.4,-26.1],[-53.5,-26.2],[-53.8,-26.2],[-53.6,-26.1],[-53.6,-25.9],[-53.6,-25.8],[-53.9,-25.4],[-53.9,-25.3],[-53.8,-25.2],[-54,-25.1],[-54.1,-24.9],[-54.2,-24.8],[-54.1,-24.7],[-54.2,-24.7],[-54.2,-24.5],[-53.9,-24.5],[-54.2,-24.4],[-54.4,-24.3],[-54,-24.2],[-54.2,-24],[-53.6,-23.9],[-54.2,-24],[-54,-23.9],[-53.8,-23.7],[-53.6,-23.7],[-53.8,-23.5],[-53.7,-23.5],[-53.6,-23.7],[-53.5,-23.5],[-53.7,-23.4],[-53.8,-22.9],[-54,-23.3],[-54.3,-23.2],[-54,-23.1],[-54.1,-23.1],[-54.4,-23.2],[-54.4,-23.1],[-54.2,-22.8],[-54.3,-22.7],[-54.4,-22.7],[-54,-22.3],[-54.1,-22.4],[-54.4,-22.5],[-54.5,-22.4],[-54.5,-22.3],[-54.4,-22],[-54,-22.1],[-54.2,-22.1],[-54.6,-22],[-54.7,-21.9],[-53.9,-21.4],[-53.2,-21.3],[-53.9,-21.4],[-54.8,-21.8],[-54.5,-21.7],[-54.3,-21.4],[-54.4,-21.2],[-54,-21.2],[-54,-21],[-54.4,-21],[-54.6,-20.8],[-53.8,-20.6],[-54.5,-20.5],[-54.2,-20.3],[-54.1,-20.3],[-53.3,-20.6],[-53.3,-20.4],[-53.1,-20.3],[-53.3,-20.2],[-53.8,-20.2],[-54.4,-20.4],[-54.3,-20.1],[-54.2,-20.1],[-54,-20],[-53.7,-20.1],[-54.2,-19.8],[-53.8,-19.8],[-53,-20.3],[-53.3,-20],[-53.1,-19.7],[-53.8,-19.9],[-54.2,-19.7],[-53.8,-19.5],[-53.5,-19.5],[-53.2,-19.4],[-53,-19.5],[-53.2,-19.4],[-53,-19],[-52.9,-19.2],[-52.7,-19.2],[-52.9,-19],[-53,-18.9],[-52.8,-18.7],[-52.8,-18.6],[-52.8,-18.3],[-52.9,-18.1],[-53.1,-18.1],[-54,-17.3],[-52.7,-17.9],[-52.9,-17.6],[-52.7,-17.6],[-52.8,-17.4],[-52.7,-17.5],[-53,-17.1],[-52.8,-17],[-53.2,-16.9],[-53.1,-16.7],[-52.8,-16.4],[-53.3,-16.3],[-53.4,-15.7],[-53.5,-16.4],[-53.6,-16.6],[-54,-16.5],[-54,-16.1],[-53.5,-15.8],[-53.9,-15.9],[-53.6,-15.6],[-53.8,-15.5],[-53.6,-15.5],[-53.5,-15.3],[-53.5,-15.2],[-53.6,-15],[-53.6,-14.7],[-53.6,-14.3],[-53.6,-14.2],[-53.5,-13.9],[-53.5,-13.7],[-53.7,-13.5],[-53.5,-13.5],[-53.7,-13.2],[-53.7,-13],[-53.7,-12.4],[-53.7,-12.2],[-53.8,-11.9],[-54.1,-11.6],[-54.4,-11.3],[-54.6,-11.1],[-54.8,-11],[-55.1,-11.1],[-55.2,-11],[-55.5,-10.8],[-55.8,-10.8],[-55.5,-10.4],[-55.8,-10],[-56,-9.9],[-55.8,-9.7],[-54.9,-10.1],[-55,-9.8],[-54.7,-9.7],[-55.2,-9.4],[-55.3,-9.3],[-55.6,-9.1],[-55.7,-8.5],[-55.2,-8.3],[-54.8,-8.3],[-54.6,-8.2],[-54.2,-8.3],[-53.6,-8.1],[-53.2,-7.6],[-53.6,-7.6],[-53.4,-6.9],[-53.1,-6.7],[-52.8,-6.6],[-52.5,-6.6],[-52,-6.2],[-51.6,-5.9],[-51.5,-5.9],[-51.3,-6.5],[-50.9,-6.4],[-50.8,-5.8],[-50.2,-6.5],[-49.8,-6.2],[-49.7,-5.7],[-49.5,-5.9],[-50,-5.6],[-50,-5.3],[-49.9,-5.2],[-49.7,-5.4],[-49.3,-5.7],[-49.1,-5.3],[-49.2,-4.9],[-48.9,-4.9],[-48.8,-4.9],[-48.4,-4.8]]]]}},{"type":"Feature","properties":{},"geometry":{"type":"MultiPolygon","coordinates":[[[[-53.5,-18.1],[-53.3,-18.5],[-53.9,-18.6],[-54,-18.4],[-54.3,-18.3],[-54.3,-17.9],[-54,-17.6],[-53.5,-18.1]]]]}},{"type":"Feature","properties":{},"geometry":{"type":"MultiPolygon","coordinates":[[[[-43.9,-17],[-44.8,-17.5],[-44.6,-16.9],[-44.1,-16.8],[-43.9,-17]]]]}},{"type":"Feature","properties":{},"geometry":{"type":"MultiPolygon","coordinates":[[[[-44,-14.7],[-43.6,-15],[-43.4,-15.3],[-43.8,-15.2],[-44.4,-14.9],[-44,-14.7]]]]}},{"type":"Feature","properties":{},"geometry":{"type":"MultiPolygon","coordinates":[[[[-44.6,-14.3],[-44,-14.5],[-44.8,-14.4],[-44.6,-14.3]]]]}},{"type":"Feature","properties":{},"geometry":{"type":"MultiPolygon","coordinates":[[[[-43.6,-14.5],[-43.9,-14.7],[-44.4,-14.7],[-43.6,-14.5]]]]}},{"type":"Feature","properties":{},"geometry":{"type":"MultiPolygon","coordinates":[[[[-43.5,-11.9],[-43.3,-12],[-43.6,-12.3],[-43.6,-12],[-43.5,-11.9]]]]}},{"type":"Feature","properties":{},"geometry":{"type":"MultiPolygon","coordinates":[[[[-47.8,-22.5],[-47.6,-22.7],[-47.8,-22.8],[-47.8,-22.5]]]]}},{"type":"Feature","properties":{},"geometry":{"type":"MultiPolygon","coordinates":[[[[-53,-18.2],[-53,-18.6],[-53.1,-18.3],[-53,-18.2]]]]}},{"type":"Feature","properties":{},"geometry":{"type":"MultiPolygon","coordinates":[[[[-50.9,-28.3],[-50.5,-28.4],[-50.7,-28.5],[-50.7,-28.4],[-50.9,-28.3]]]]}},{"type":"Feature","properties":{},"geometry":{"type":"MultiPolygon","coordinates":[[[[-49,-23.8],[-48.9,-23.9],[-49.2,-23.5],[-49,-23.7],[-49,-23.8]]]]}},{"type":"Feature","properties":{},"geometry":{"type":"MultiPolygon","coordinates":[[[[-49.7,-25.7],[-49.8,-25.8],[-49.9,-25.7],[-49.7,-25.7]]]]}},{"type":"Feature","properties":{},"geometry":{"type":"MultiPolygon","coordinates":[[[[-52.5,-27.4],[-52.4,-27.5],[-52.5,-27.5],[-52.5,-27.4]]]]}},{"type":"Feature","properties":{},"geometry":{"type":"MultiPolygon","coordinates":[[[[180,-67.8],[178.7,-69.8],[174.6,-68],[174.5,-67.6],[173.8,-66.1],[171.9,-65],[173.9,-64.5],[175.8,-66.3],[178.5,-67.7],[180,-67.8]]]]}},{"type":"Feature","properties":{},"geometry":{"type":"MultiPolygon","coordinates":[[[[-180,-65.9],[-178.5,-65.6],[-178.7,-66],[-177.9,-66.4],[-175.2,-67.1],[-174.8,-68.1],[-175.5,-69],[-174.5,-69.9],[-170.7,-71.1],[-170.9,-71.4],[-170.4,-71.9],[-170.3,-72.6],[-174.3,-71.5],[-180,-69],[-178.3,-67.6],[-178.6,-66.9],[-179.4,-66.2],[-180,-65.9]]]]}},{"type":"Feature","properties":{},"geometry":{"type":"MultiPolygon","coordinates":[[[[101.9,-73.2],[109.1,-71],[112.5,-71.8],[119.8,-73.1],[124.2,-73.5],[123.2,-74.2],[118.2,-75.5],[116.5,-77.3],[115,-77.7],[108.7,-76.2],[103.4,-74.6],[100.8,-74.4],[101.5,-73.9],[105.5,-73.1],[106.8,-73.1],[107.4,-72.6],[105.4,-72.8],[101.9,-73.2]]]]}},{"type":"Feature","properties":{},"geometry":{"type":"MultiPolygon","coordinates":[[[[-180,-77.7],[-174.6,-77.6],[-169,-77.8],[-161.4,-79.7],[-159.1,-81.2],[-171.1,-78.7],[-180,-77.7]]]]}},{"type":"Feature","properties":{},"geometry":{"type":"MultiPolygon","coordinates":[[[[136.5,-66.1],[137.3,-66],[137.5,-65.8],[137.7,-65.6],[138.6,-65.4],[139.1,-65],[140.2,-64.4],[142,-64],[143.1,-63.8],[143.1,-63.6],[148.5,-64.4],[150.4,-64.4],[150.9,-64.2],[155.2,-62.8],[155.9,-63],[154.2,-63.9],[148.5,-66.5],[145.8,-67.7],[141.5,-67.5],[138.2,-67.3],[135.6,-67],[133.9,-67.2],[132.6,-67.3],[131.4,-67.5],[129.9,-68.1],[128.6,-68.6],[128.4,-66.9],[136,-66.6],[136.5,-66.1]]]]}},{"type":"Feature","properties":{},"geometry":{"type":"MultiPolygon","coordinates":[[[[173.8,-66.1],[174.5,-67.6],[174.2,-67.9],[173.2,-68.7],[172.2,-69.8],[169.3,-71.3],[170.5,-68.9],[173.3,-67.3],[173.9,-66.9],[173.8,-66.1]]]]}},{"type":"Feature","properties":{},"geometry":{"type":"MultiPolygon","coordinates":[[[[132.8,-72.3],[134.2,-71.6],[137.9,-72],[141.7,-72.6],[146.3,-72.8],[152,-72.4],[153.6,-72.6],[157.3,-72.8],[159.7,-72.9],[162,-73.1],[159.6,-73.4],[154.1,-73.8],[144.9,-74],[141.5,-73.7],[135.7,-73.3],[133.2,-72.6],[132.8,-72.3]]]]}},{"type":"Feature","properties":{},"geometry":{"type":"MultiPolygon","coordinates":[[[[156.3,-63],[156.7,-62.9],[163.8,-62],[168.7,-63.4],[171.2,-64.8],[169.4,-64.3],[166.2,-64.1],[161.2,-64.4],[158.9,-64.1],[156.3,-63]]]]}},{"type":"Feature","properties":{},"geometry":{"type":"MultiPolygon","coordinates":[[[[139.5,-67.3],[145.1,-67.6],[146.5,-67.9],[149.9,-68.6],[152.9,-69.2],[154.7,-69.8],[158.8,-70.8],[161.5,-71.9],[160.9,-72.7],[158,-72.8],[154.5,-72.8],[152.5,-71.9],[151.4,-70.6],[148.1,-69.8],[145.2,-69.5],[142,-68.8],[139,-68],[139.5,-67.3]]]]}},{"type":"Feature","properties":{},"geometry":{"type":"MultiPolygon","coordinates":[[[[161.7,-72.8],[161.1,-71.8],[157.9,-70.5],[154.4,-69.7],[152.3,-69.1],[149.3,-68.5],[146.2,-67.7],[149.9,-65.6],[154.7,-63.5],[156.3,-63],[160,-64.4],[164.5,-64.3],[168.1,-64.2],[170.2,-64.5],[172.2,-65.2],[173.9,-66.9],[173.3,-67.3],[170.5,-68.9],[167.8,-72],[165.5,-73],[161.7,-72.8]]]]}},{"type":"Feature","properties":{},"geometry":{"type":"MultiPolygon","coordinates":[[[[180,-70.8],[176.9,-74.3],[169.7,-74.5],[159.9,-74.1],[150.7,-74],[157.9,-73.5],[164,-73.6],[167.1,-72.4],[169.3,-71.3],[172.2,-69.8],[173.2,-68.7],[174.2,-67.9],[176.1,-68.8],[180,-70.8]]]]}},{"type":"Feature","properties":{},"geometry":{"type":"MultiPolygon","coordinates":[[[[-180,-73.9],[-178.5,-71.6],[-175.3,-73.1],[-175.8,-73.8],[-180,-73.9]]]]}},{"type":"Feature","properties":{},"geometry":{"type":"MultiPolygon","coordinates":[[[[163.2,-73.4],[167.1,-72.4],[164,-73.6],[163.2,-73.4]]]]}},{"type":"Feature","properties":{},"geometry":{"type":"MultiPolygon","coordinates":[[[[139.5,-67.3],[135.8,-68.1],[131.7,-69.9],[131.7,-71],[130.7,-70.2],[130,-69.1],[130,-68.6],[129.1,-69.1],[128.6,-68.6],[129.9,-68.1],[131.4,-67.5],[132.6,-67.3],[133.9,-67.2],[135.6,-67],[138.2,-67.3],[139.5,-67.3]]]]}},{"type":"Feature","properties":{},"geometry":{"type":"MultiPolygon","coordinates":[[[[180,-77.7],[180,-84.7],[-180,-90],[-180,-83],[-179.6,-77.8],[-169.4,-79.1],[-156.2,-82.5],[-155.8,-83.8],[-160.2,-84.9],[-167.8,-85.7],[-169.8,-87.2],[-159.9,-87.9],[-143.1,-89],[-146.3,-89.4],[-22,-87.8],[-16,-87.9],[-17.5,-87.8],[-14.2,-87.1],[21.9,-86.8],[52.4,-87.6],[127.6,-86.3],[136.3,-83.2],[140.6,-80],[154.2,-78.2],[159,-76.7],[168.7,-76.3],[175.7,-77.5],[179.8,-77.7],[180,-77.7]]]]}},{"type":"Feature","properties":{},"geometry":{"type":"MultiPolygon","coordinates":[[[[110.3,-68.1],[108.4,-69.3],[106.3,-69.6],[105.6,-68.2],[105.9,-67.5],[110.3,-68.1]]]]}},{"type":"Feature","properties":{},"geometry":{"type":"MultiPolygon","coordinates":[[[[110.3,-68.1],[114.8,-68.2],[116.9,-68.8],[114.5,-68.7],[112.4,-69.1],[108.6,-70],[107.4,-69.7],[110.5,-68.4],[110.3,-68.1]]]]}},{"type":"Feature","properties":{},"geometry":{"type":"MultiPolygon","coordinates":[[[[113.6,-69.4],[116.8,-69.4],[119.2,-69.9],[124.6,-71.9],[130.6,-73.6],[128.3,-74.6],[125.2,-73.6],[122,-73.3],[115.9,-72.5],[111.2,-70.6],[111.5,-69.9],[113.6,-69.4]]]]}},{"type":"Feature","properties":{},"geometry":{"type":"MultiPolygon","coordinates":[[[[74.3,-63.1],[73.9,-62.2],[73.2,-61.7],[73.6,-60.8],[74.8,-61],[75.7,-61.2],[77.6,-61.4],[76.3,-62.1],[74.3,-63.1]]]]}},{"type":"Feature","properties":{},"geometry":{"type":"MultiPolygon","coordinates":[[[[77.4,-71.9],[88.1,-73.8],[85.2,-74],[94.1,-74.3],[97.8,-74.4],[100.8,-74.4],[103.4,-74.6],[108.7,-76.2],[115,-77.7],[125,-79.2],[114.3,-78.6],[102.3,-77.7],[87.1,-76.8],[81.4,-76.4],[79.7,-75.9],[72.2,-75.4],[73.1,-74.6],[75,-74.1],[73.3,-73.1],[73.4,-73],[75.2,-72.4],[75.9,-72.6],[76.9,-72.4],[77.2,-72.1],[77.4,-71.9]]]]}},{"type":"Feature","properties":{},"geometry":{"type":"MultiPolygon","coordinates":[[[[36,-77.7],[40.7,-76.7],[46.1,-76.5],[53.1,-75.3],[60.9,-75],[68.7,-75.4],[76.5,-75.6],[80.8,-76.4],[86.5,-76.8],[99.9,-77.7],[112,-78.4],[122.5,-79.1],[140.2,-79.3],[136.4,-81.7],[133.5,-84.8],[78.5,-88.1],[49.9,-86.7],[-14.4,-86.2],[-19.4,-84.7],[-19.8,-84.1],[-21.4,-83.4],[-21.5,-83],[-21.9,-82.6],[-20.1,-81.7],[-20,-81.3],[-18.5,-81.4],[-16,-81.3],[-13.5,-81.1],[-11.6,-81.2],[-11.6,-81],[-12.8,-80.9],[-11.8,-80.5],[-11.9,-80.7],[-10.4,-80.2],[-7.4,-79.5],[-4.5,-78.4],[-4.1,-78.3],[-4.2,-77.6],[-4.1,-77.6],[-0.5,-77.5],[7.2,-78.8],[14.2,-79.3],[15.7,-79.6],[21.3,-79.1],[22.7,-78.4],[24,-78.4],[26.2,-77.9],[28.4,-78.5],[36,-77.7]]]]}},{"type":"Feature","properties":{},"geometry":{"type":"MultiPolygon","coordinates":[[[[47.9,-73.7],[40.7,-76.7],[36,-77.7],[24,-77.3],[23.2,-78],[21.4,-78.2],[16.1,-78.4],[10.5,-78],[6,-77.7],[3.2,-77.4],[-0.2,-77.1],[2.4,-76.2],[14.7,-75],[32.7,-74.1],[47.9,-73.7]]]]}},{"type":"Feature","properties":{},"geometry":{"type":"MultiPolygon","coordinates":[[[[84.1,-66.1],[85,-67.9],[84.2,-67.5],[83.6,-68],[82.6,-68],[74.1,-68.6],[72.8,-66],[79.4,-66.2],[84.4,-66.5],[84.1,-66.1]]]]}},{"type":"Feature","properties":{},"geometry":{"type":"MultiPolygon","coordinates":[[[[21.9,-52.6],[23.9,-58.6],[26.9,-63.7],[31.7,-62.2],[31.3,-58.2],[39.3,-54.5],[38.5,-51.9],[38.7,-50.8],[42.2,-55.9],[42.2,-58.4],[43.3,-59],[43.8,-58.3],[44.6,-57.6],[46.2,-56.5],[48.3,-56.8],[50.6,-57.5],[53.5,-58.6],[54.3,-59.2],[55.1,-58.9],[56.3,-58.7],[56.8,-59.1],[57.3,-59.5],[59,-60.2],[58.3,-61],[53,-63.3],[52.1,-66.2],[38.5,-69],[28.6,-71.6],[12.3,-72.9],[11.6,-71.6],[13.8,-69.8],[14.8,-70.2],[15.6,-69.8],[17.5,-69.6],[20.7,-70.6],[27.4,-67],[26.3,-64.7],[19,-63.8],[12.5,-64],[10.2,-61.6],[14.1,-62.3],[15,-60.4],[16,-58.6],[17.8,-56.3],[15.5,-54.7],[9.1,-54.4],[6,-56.2],[7.2,-58.6],[7.9,-54.7],[12.8,-50.2],[20.2,-52.1],[21.9,-52.6]]]]}},{"type":"Feature","properties":{},"geometry":{"type":"MultiPolygon","coordinates":[[[[17.3,-69.5],[14.8,-69.5],[14.7,-69.1],[16.5,-69],[17.3,-69.5]]]]}},{"type":"Feature","properties":{},"geometry":{"type":"MultiPolygon","coordinates":[[[[41.6,-50],[41.7,-50.8],[41.8,-51.4],[41.1,-51.2],[40.6,-50.5],[41.6,-50.1],[41.6,-50]]]]}},{"type":"Feature","properties":{},"geometry":{"type":"MultiPolygon","coordinates":[[[[41.6,-49.6],[41.5,-50.1],[41.4,-49.7],[41.6,-49.6]]]]}},{"type":"Feature","properties":{},"geometry":{"type":"MultiPolygon","coordinates":[[[[42.1,-51],[42.1,-50.4],[42.2,-50.9],[42.1,-51]]]]}},{"type":"Feature","properties":{},"geometry":{"type":"MultiPolygon","coordinates":[[[[49.8,-52.6],[51.3,-53.1],[51.8,-53.5],[52.4,-54],[52.4,-55.3],[50.9,-56.8],[47.6,-56.3],[45,-54.7],[47.6,-53.7],[49,-54.1],[49.8,-52.6]]]]}},{"type":"Feature","properties":{},"geometry":{"type":"MultiPolygon","coordinates":[[[[51.3,-49.3],[52.2,-50.1],[50,-50],[50,-49.3],[51.3,-49.3]]]]}},{"type":"Feature","properties":{},"geometry":{"type":"MultiPolygon","coordinates":[[[[58.2,-48.9],[58.8,-49.7],[57.8,-48.8],[58.2,-48.9]]]]}},{"type":"Feature","properties":{},"geometry":{"type":"MultiPolygon","coordinates":[[[[54.7,-54.5],[55.9,-55.7],[58.7,-57.4],[57.7,-57.5],[56.5,-56.6],[54.6,-56.6],[52.9,-57.2],[51.6,-57.3],[50.9,-56.8],[52.4,-55.3],[52.4,-54],[52.8,-54.2],[54.5,-54.5],[54.7,-54.5]]]]}},{"type":"Feature","properties":{},"geometry":{"type":"MultiPolygon","coordinates":[[[[56.3,-51.5],[55.3,-54.5],[53.5,-54],[53.1,-53.8],[52.7,-52],[55,-51.1],[56.3,-51.5]]]]}},{"type":"Feature","properties":{},"geometry":{"type":"MultiPolygon","coordinates":[[[[61.4,-55.5],[63,-56.3],[62.2,-57.1],[59.8,-57.9],[59.8,-57.3],[58.7,-57.4],[55.9,-55.7],[54.7,-54.5],[55.7,-54.4],[56.3,-54.4],[59.9,-55.3],[61.4,-55.5]]]]}},{"type":"Feature","properties":{},"geometry":{"type":"MultiPolygon","coordinates":[[[[59.7,-59],[58.3,-59.9],[57.2,-59.3],[56.3,-58.9],[55.6,-59.1],[54.5,-59.1],[53.6,-58.9],[54.5,-58.1],[55.7,-57.9],[59.7,-59]]]]}},{"type":"Feature","properties":{},"geometry":{"type":"MultiPolygon","coordinates":[[[[51.1,-57.4],[48.7,-57.1],[46.7,-56.4],[44.8,-57.2],[44.2,-58.2],[43.6,-58.9],[42.5,-58.6],[43.2,-57.7],[42.7,-56.6],[44.2,-56.1],[45.7,-55],[48.6,-56.8],[51.1,-57.4]]]]}},{"type":"Feature","properties":{},"geometry":{"type":"MultiPolygon","coordinates":[[[[55.9,-49.2],[59.1,-49.6],[61.9,-49.6],[65.4,-51.1],[68.6,-52.9],[69.4,-54.4],[69,-56.3],[66.4,-55.3],[65.5,-53.5],[62.8,-51.9],[57.2,-51],[53.9,-50.2],[54.9,-49],[55.9,-49.2]]]]}},{"type":"Feature","properties":{},"geometry":{"type":"MultiPolygon","coordinates":[[[[73,-52.5],[72.3,-53.2],[71.1,-55.8],[71,-56.2],[70.9,-56.4],[70.6,-56.8],[69.4,-54.4],[71.1,-52.8],[73,-52.5]]]]}},{"type":"Feature","properties":{},"geometry":{"type":"MultiPolygon","coordinates":[[[[51.5,-47.9],[52.3,-48.8],[50,-49.3],[49.6,-48.4],[50,-47.9],[51.4,-47.8],[51.5,-47.9]]]]}},{"type":"Feature","properties":{},"geometry":{"type":"MultiPolygon","coordinates":[[[[60.1,-51.8],[62,-53.2],[59,-51.8],[60.1,-51.8]]]]}},{"type":"Feature","properties":{},"geometry":{"type":"MultiPolygon","coordinates":[[[[59,-57.9],[55.7,-57.9],[52.4,-57.5],[52.3,-56.9],[53.2,-57.3],[55.2,-56.6],[57.2,-56.9],[58,-57.5],[59,-57.9]]]]}},{"type":"Feature","properties":{},"geometry":{"type":"MultiPolygon","coordinates":[[[[63.3,-55.8],[64.6,-56.4],[65.8,-57.1],[66.9,-57.3],[68.4,-57.6],[69.2,-57.9],[70.6,-58.7],[65.3,-59.6],[59.2,-57.7],[59.8,-57.6],[60.6,-57.6],[63.1,-57.3],[63.3,-55.8]]]]}},{"type":"Feature","properties":{},"geometry":{"type":"MultiPolygon","coordinates":[[[[69.8,-55.1],[69.5,-57.4],[68.2,-57.1],[66.1,-56.2],[65.6,-53.9],[63.7,-53.8],[61.1,-53],[61.6,-51.6],[65.6,-53.4],[66.6,-54.9],[68.2,-56.6],[69.8,-55.1]]]]}},{"type":"Feature","properties":{},"geometry":{"type":"MultiPolygon","coordinates":[[[[78.8,-64.7],[76.3,-64.3],[75.3,-64.3],[77.3,-64.9],[78.6,-65],[80.5,-65.1],[82.4,-66.2],[76.4,-66.4],[73.8,-63.2],[78.8,-64.7]]]]}},{"type":"Feature","properties":{},"geometry":{"type":"MultiPolygon","coordinates":[[[[24.5,-73.5],[14.7,-75],[2.4,-76.2],[-3,-77.7],[-4.4,-77.4],[-6.9,-76.7],[-7.1,-76.7],[-7.5,-76.5],[-7.6,-76.5],[-7.8,-76.4],[-8,-76.3],[-7.3,-75.3],[-4.4,-74.8],[-2.4,-74.5],[-3.3,-74.1],[-1.2,-74],[0.1,-73.9],[2.3,-73.7],[6.3,-72.6],[14.4,-73.4],[24.5,-73.5]]]]}},{"type":"Feature","properties":{},"geometry":{"type":"MultiPolygon","coordinates":[[[[4,-58.6],[3.6,-60.8],[3.3,-62.3],[3.1,-65.1],[1.1,-65.1],[0.2,-64.3],[1.3,-61.5],[2,-60.1],[2.8,-59.2],[3.6,-58.6],[4,-58.6]]]]}},{"type":"Feature","properties":{},"geometry":{"type":"MultiPolygon","coordinates":[[[[3.8,-61.3],[3.9,-59],[4.4,-58.3],[4.5,-59],[4.6,-59.6],[4.7,-60],[4.8,-60.6],[5,-61.6],[4,-61.1],[3.8,-61.3]]]]}},{"type":"Feature","properties":{},"geometry":{"type":"MultiPolygon","coordinates":[[[[4.5,-57.4],[3.7,-58.5],[3,-59.1],[2.4,-59.2],[2.5,-58.5],[2.8,-57.7],[3.6,-57.1],[4.3,-57.3],[4.5,-57.4]]]]}},{"type":"Feature","properties":{},"geometry":{"type":"MultiPolygon","coordinates":[[[[3.5,-57.1],[2,-57.6],[1.6,-58.6],[0.8,-59.7],[-0.1,-58.8],[-0.2,-57.5],[-0.4,-55.8],[1.3,-56.4],[2.3,-56.9],[3.5,-57.1]]]]}},{"type":"Feature","properties":{},"geometry":{"type":"MultiPolygon","coordinates":[[[[0.7,-60.1],[-0.1,-60.2],[-0.6,-59.3],[-1.1,-58.3],[-0.1,-58.8],[0.7,-60.1]]]]}},{"type":"Feature","properties":{},"geometry":{"type":"MultiPolygon","coordinates":[[[[-0.4,-55.8],[-0.2,-57.5],[-2.3,-59.2],[-2.1,-57.6],[-0.4,-55.8]]]]}},{"type":"Feature","properties":{},"geometry":{"type":"MultiPolygon","coordinates":[[[[-10.4,-62.8],[-10.9,-62.6],[-9.6,-61.5],[-8,-60.2],[-6.6,-59],[-6.6,-59.2],[-7.9,-60.3],[-8.8,-61.5],[-10.4,-62.8]]]]}},{"type":"Feature","properties":{},"geometry":{"type":"MultiPolygon","coordinates":[[[[-2.6,-56.3],[-3.2,-57.3],[-4.2,-58.3],[-5.9,-59.5],[-7,-61.1],[-8.3,-61.8],[-9,-62.1],[-10,-62.8],[-9.7,-62.1],[-8.4,-61],[-7.3,-59.9],[-5.9,-58.6],[-4.6,-57.5],[-3.8,-55.9],[-3.5,-56.3],[-2.6,-56.3]]]]}},{"type":"Feature","properties":{},"geometry":{"type":"MultiPolygon","coordinates":[[[[-4.6,-57.5],[-6,-58.6],[-7.6,-58.6],[-6.7,-57.8],[-5.5,-57.2],[-4.6,-57.5]]]]}},{"type":"Feature","properties":{},"geometry":{"type":"MultiPolygon","coordinates":[[[[-5.5,-57.2],[-6.7,-57.8],[-7.6,-58.6],[-8.6,-59],[-8.1,-57.9],[-7.5,-57.3],[-6.7,-57.4],[-5.9,-57],[-5.8,-57],[-5.5,-57.2]]]]}},{"type":"Feature","properties":{},"geometry":{"type":"MultiPolygon","coordinates":[[[[-7.8,-57.2],[-8,-57.5],[-8.1,-57.9],[-8.6,-59],[-8.5,-60],[-8.6,-60.8],[-9.3,-61.1],[-10.9,-61.9],[-12.7,-62.8],[-13.4,-62.9],[-12.1,-61.1],[-10.6,-60],[-9,-58.2],[-8.1,-57],[-7.8,-57.2]]]]}},{"type":"Feature","properties":{},"geometry":{"type":"MultiPolygon","coordinates":[[[[-5.9,-58.6],[-7.3,-59.4],[-8.5,-61],[-10.4,-62.2],[-11.5,-63.2],[-12.6,-63.5],[-12.7,-62.8],[-10.9,-61.9],[-9.3,-61.1],[-8.6,-60.8],[-8.5,-60],[-7.6,-58.6],[-6,-58.6],[-5.9,-58.6]]]]}},{"type":"Feature","properties":{},"geometry":{"type":"MultiPolygon","coordinates":[[[[-7.8,-56.3],[-9,-58.2],[-10.6,-60],[-12.1,-61.1],[-13.4,-62.9],[-16,-62.1],[-12.8,-60.4],[-10.8,-58.3],[-8.4,-56.2],[-7.8,-56.3]]]]}},{"type":"Feature","properties":{},"geometry":{"type":"MultiPolygon","coordinates":[[[[-21.3,-48.2],[-26.9,-50],[-32,-49.3],[-32.9,-50.1],[-33.7,-52.4],[-34,-54.7],[-37.6,-57.8],[-45.5,-60],[-47.9,-61.4],[-49.2,-63.7],[-49.1,-62.9],[-48.8,-62.6],[-48.7,-61.6],[-48.4,-61.4],[-48.8,-61],[-48.3,-60.9],[-48.3,-60.5],[-48,-60.6],[-47.6,-60.5],[-47.5,-60.6],[-47.6,-60.4],[-47.9,-60.4],[-47.2,-60.1],[-46.7,-59.9],[-46.4,-59.6],[-46.8,-59.4],[-46.3,-59.2],[-46.3,-58.9],[-46.3,-58.6],[-46.5,-58.4],[-46.3,-58.1],[-46,-57.9],[-45.9,-57.8],[-45.7,-57.7],[-45.8,-57.4],[-45.9,-57.1],[-45.2,-57],[-45.1,-57.1],[-44.9,-57.1],[-44.9,-56.9],[-45.2,-56.9],[-45.1,-56.8],[-44.6,-56.9],[-44.7,-56.7],[-45.5,-56.2],[-44.8,-56],[-45.3,-55.8],[-45.2,-55.3],[-45,-55.4],[-44.8,-55.5],[-45,-55.3],[-44.4,-55],[-43.8,-54.9],[-43.3,-55.2],[-42.6,-55.6],[-43.8,-55],[-43.4,-54.6],[-42.9,-54.6],[-41.7,-54.4],[-40,-53.7],[-37.5,-52.6],[-35.6,-51.3],[-35.1,-51.1],[-34.6,-50.9],[-34.4,-50.4],[-34.3,-49.8],[-33.6,-49.3],[-31.7,-49],[-30.2,-48.7],[-28.5,-48.6],[-25.2,-47.8],[-21.5,-47.6],[-18.1,-47.1],[-17.7,-46.8],[-21.3,-48.2]]]]}},{"type":"Feature","properties":{},"geometry":{"type":"MultiPolygon","coordinates":[[[[-5.9,-56.9],[-6.4,-57.5],[-7.4,-57.2],[-8,-57.4],[-7.6,-57.1],[-7,-56.4],[-6.7,-56.5],[-6.1,-56.9],[-5.9,-56.9]]]]}},{"type":"Feature","properties":{},"geometry":{"type":"MultiPolygon","coordinates":[[[[-1.4,-56.3],[-3.3,-60],[-4.9,-61.3],[-4.9,-60.1],[-3.2,-58.3],[-2.3,-57.3],[-1.4,-56.3]]]]}},{"type":"Feature","properties":{},"geometry":{"type":"MultiPolygon","coordinates":[[[[1.7,-60.8],[0.7,-61.9],[0.5,-64.5],[1.7,-65.2],[3.4,-65.1],[7.3,-71],[1,-69.9],[-0.8,-69],[-4.9,-68.9],[-10.1,-69.3],[-14.3,-68.1],[-16.1,-67],[-15.2,-65.1],[-17.2,-63.6],[-16,-62.4],[-13,-63.5],[-11.8,-63.4],[-10.8,-62.8],[-9.7,-62.5],[-8.9,-61.9],[-7.9,-61.5],[-6,-61.4],[-4.2,-61.4],[-2.9,-62.2],[-1.5,-61.4],[-0.1,-60.2],[0.7,-60.1],[1.2,-60.4],[1.7,-60.8]]]]}},{"type":"Feature","properties":{},"geometry":{"type":"MultiPolygon","coordinates":[[[[-67.4,-77.7],[-82.4,-78.9],[-97.4,-81],[-107.3,-82.4],[-117.8,-81.9],[-106.1,-80.6],[-100.5,-78.6],[-95.7,-77.8],[-88.6,-78.1],[-87.2,-77.5],[-73.1,-77.1],[-67.4,-77.7]]]]}},{"type":"Feature","properties":{},"geometry":{"type":"MultiPolygon","coordinates":[[[[-31.9,-77.2],[-35.9,-78],[-44.6,-78.6],[-60.9,-78.4],[-60.8,-77.4],[-34.4,-75.6],[-30.4,-75.9],[-31.9,-77.2]]]]}},{"type":"Feature","properties":{},"geometry":{"type":"MultiPolygon","coordinates":[[[[-117.8,-81.9],[-109.8,-80],[-100.9,-79],[-105.7,-81.1],[-117.8,-81.9]]]]}},{"type":"Feature","properties":{},"geometry":{"type":"MultiPolygon","coordinates":[[[[-105.7,-76],[-103.7,-77.3],[-111.6,-78.6],[-119.4,-80.5],[-125.5,-79.4],[-127.5,-77.4],[-130.9,-75.3],[-135.9,-72.8],[-133.9,-71.3],[-129.5,-72.7],[-123.8,-74.1],[-116.7,-75.5],[-110,-75.9],[-105.7,-76]]]]}},{"type":"Feature","properties":{},"geometry":{"type":"MultiPolygon","coordinates":[[[[-25.1,-73.2],[-31.8,-73.1],[-30.5,-73.1],[-29.6,-73],[-27.6,-73],[-25.1,-73.2]]]]}},{"type":"Feature","properties":{},"geometry":{"type":"MultiPolygon","coordinates":[[[[-5.5,-76.4],[-21.1,-77.3],[-31.4,-77],[-30,-75.1],[-22.8,-73.7],[-19.5,-74.3],[-18,-74.8],[-15.4,-75.2],[-11.7,-75.2],[-8.6,-75.2],[-7.3,-75.6],[-6.2,-76.1],[-5.5,-76.4]]]]}},{"type":"Feature","properties":{},"geometry":{"type":"MultiPolygon","coordinates":[[[[-152.2,-63.8],[-161.7,-63.3],[-160.7,-62.6],[-161.7,-62.5],[-162.3,-62.5],[-154.3,-62.4],[-151.4,-63],[-152.2,-63.8]]]]}},{"type":"Feature","properties":{},"geometry":{"type":"MultiPolygon","coordinates":[[[[-126.8,-65.2],[-136.7,-64.2],[-148.6,-62.1],[-143.4,-61.5],[-132.5,-62.5],[-125.9,-64.4],[-126.8,-65.2]]]]}},{"type":"Feature","properties":{},"geometry":{"type":"MultiPolygon","coordinates":[[[[-149.5,-61.8],[-156.9,-59.9],[-152.6,-60.2],[-149.5,-61.8]]]]}},{"type":"Feature","properties":{},"geometry":{"type":"MultiPolygon","coordinates":[[[[-82.4,-15.9],[-82.7,-15.7],[-84.9,-15.5],[-87,-14.4],[-87.6,-14.1],[-86.9,-13.7],[-85.9,-14.2],[-84.5,-15],[-83.1,-15.2],[-82.8,-15.3],[-82.4,-15.5],[-82.4,-15.9]]]]}},{"type":"Feature","properties":{},"geometry":{"type":"MultiPolygon","coordinates":[[[[-61.2,-18.7],[-61.2,-19],[-61.9,-19],[-62.5,-18.8],[-62.9,-18.8],[-62.8,-18.7],[-62.6,-18],[-61.9,-18],[-61.4,-18.5],[-61.2,-18.7]]]]}},{"type":"Feature","properties":{},"geometry":{"type":"MultiPolygon","coordinates":[[[[-63.6,-18.2],[-63.7,-17.8],[-63.1,-17.7],[-63.6,-18.2]]]]}},{"type":"Feature","properties":{},"geometry":{"type":"MultiPolygon","coordinates":[[[[-61.3,-17.2],[-61.6,-17.2],[-61.6,-16.9],[-61.3,-17.2]]]]}},{"type":"Feature","properties":{},"geometry":{"type":"MultiPolygon","coordinates":[[[[-59.1,-20.7],[-59.4,-21.1],[-59.5,-21.5],[-59.9,-21.6],[-59.8,-20.7],[-59.8,-20.4],[-59.6,-20.5],[-59.3,-20.8],[-59.1,-20.7]]]]}},{"type":"Feature","properties":{},"geometry":{"type":"MultiPolygon","coordinates":[[[[-59.6,-21.8],[-59.7,-22],[-59.9,-22.3],[-59.7,-22.5],[-59.8,-22.6],[-60.1,-22.8],[-60.3,-22.8],[-60.2,-23],[-59.8,-22.8],[-59.9,-23.7],[-59.6,-25.4],[-59.4,-27.2],[-59.6,-27.2],[-59.6,-27.1],[-59.6,-26.8],[-59.7,-27],[-59.7,-27.3],[-59.7,-27.4],[-59.8,-27.7],[-59.8,-27.6],[-59.6,-28],[-59.9,-27.8],[-60.2,-26.4],[-60.5,-25.6],[-60.5,-24.2],[-60.5,-23.4],[-60.4,-22.5],[-59.9,-21.6],[-59.6,-21.8]]]]}},{"type":"Feature","properties":{},"geometry":{"type":"MultiPolygon","coordinates":[[[[-53.1,-33.2],[-53.7,-33.5],[-53.4,-33.5],[-53.5,-33.7],[-55.2,-34.7],[-54.9,-34.3],[-54.2,-33.5],[-53.8,-33.2],[-53.5,-33.1],[-53.1,-33.1],[-53.1,-33.2]]]]}},{"type":"Feature","properties":{},"geometry":{"type":"MultiPolygon","coordinates":[[[[-55.3,-31.7],[-55.4,-31.8],[-55.6,-31.9],[-56,-32.2],[-56.4,-32.5],[-57.1,-32.5],[-57.2,-32.4],[-57.8,-32.4],[-58.5,-32.1],[-59.7,-31.8],[-61.1,-31.6],[-61.2,-31.4],[-60.7,-31.3],[-60.6,-31.6],[-60.4,-31.4],[-60.5,-31.2],[-60.1,-31.2],[-60.2,-30.9],[-60.4,-31],[-60.6,-30.4],[-59.7,-30],[-59.3,-29.9],[-59.3,-30],[-59,-30.5],[-58.6,-30.8],[-58.3,-31.2],[-58.1,-31.1],[-58.3,-31.1],[-57.7,-30.6],[-55.9,-31],[-55.3,-31.7]]]]}},{"type":"Feature","properties":{},"geometry":{"type":"MultiPolygon","coordinates":[[[[-54.2,-33.4],[-55.2,-34.6],[-56.4,-35],[-55.8,-34.3],[-56,-34.3],[-55.4,-33.9],[-55.2,-34],[-55.1,-33.7],[-55,-33.5],[-55,-33.4],[-54.9,-33.1],[-54.4,-32.3],[-54,-32],[-53.5,-31.6],[-53.1,-31.7],[-53,-31.7],[-53.4,-31.8],[-53.5,-32.4],[-53.6,-32.6],[-53.9,-32.9],[-54.1,-33.2],[-54.2,-33.4]]]]}},{"type":"Feature","properties":{},"geometry":{"type":"MultiPolygon","coordinates":[[[[-58.3,-33.4],[-59.5,-32.6],[-58.3,-33],[-58.3,-33.4]]]]}},{"type":"Feature","properties":{},"geometry":{"type":"MultiPolygon","coordinates":[[[[-60.2,-32.9],[-60.3,-33.2],[-60.2,-33.7],[-60.7,-33.5],[-61.5,-33.2],[-62.1,-33.2],[-62.7,-33.3],[-63.3,-33.5],[-64.1,-34],[-65.1,-34.5],[-65.8,-35],[-66.5,-34.9],[-67.3,-35.2],[-68.1,-35.5],[-68.3,-35.6],[-68.5,-35.8],[-69.4,-36.8],[-71.1,-36.8],[-75.7,-36.7],[-79.7,-37.1],[-78.6,-36.5],[-75.2,-35.4],[-73.4,-34.6],[-72.5,-34.8],[-71.3,-34.5],[-71.5,-34.3],[-70.8,-34.2],[-72,-34.1],[-71.9,-34],[-71.1,-33.6],[-70.6,-33.2],[-69.8,-32.9],[-69.3,-32.9],[-68.5,-32.5],[-68,-32.7],[-67.9,-33.1],[-67.3,-33.2],[-66.7,-33.4],[-66.2,-33.5],[-64.7,-33],[-65.1,-33.2],[-65.8,-33.5],[-66.1,-33.6],[-63.6,-32.8],[-60.5,-32.8],[-60.2,-32.9]]]]}},{"type":"Feature","properties":{},"geometry":{"type":"MultiPolygon","coordinates":[[[[-72.3,-34.1],[-72.1,-34.1],[-72.2,-34.2],[-72.3,-34.1]]]]}},{"type":"Feature","properties":{},"geometry":{"type":"MultiPolygon","coordinates":[[[[-67.3,-6.6],[-69.2,-7.1],[-70.2,-7.9],[-72.2,-8.4],[-72.8,-7.9],[-73,-7.4],[-70.1,-4.9],[-69,-4.6],[-68.6,-4.9],[-68.6,-5.1],[-68.8,-5.7],[-68.7,-5.9],[-69,-5.7],[-69.1,-6.2],[-69,-6.1],[-68.9,-6.2],[-68.8,-6.2],[-68.6,-5.9],[-68,-5.5],[-67.8,-5.8],[-67.6,-5.9],[-67.5,-5.8],[-67.4,-5.6],[-67.6,-5.7],[-67.8,-5.6],[-67.9,-5.5],[-68,-5.1],[-67,-5.5],[-67.3,-6],[-67.2,-6.2],[-67.3,-6.6]]]]}},{"type":"Feature","properties":{},"geometry":{"type":"MultiPolygon","coordinates":[[[[-73,-7.9],[-73.2,-7.7],[-73.1,-7.5],[-73,-7.5],[-73,-7.9]]]]}},{"type":"Feature","properties":{},"geometry":{"type":"MultiPolygon","coordinates":[[[[-84.7,-14.9],[-85.9,-14.2],[-87.3,-13.6],[-86.6,-12.6],[-86,-11.8],[-85.4,-11.8],[-84.3,-12.9],[-84.3,-14.6],[-84.7,-14.9]]]]}},{"type":"Feature","properties":{},"geometry":{"type":"MultiPolygon","coordinates":[[[[-84.1,-15],[-84.7,-14.8],[-84,-13.9],[-84.9,-12.4],[-85.9,-11.8],[-85.6,-11.4],[-84.8,-12.1],[-83.9,-13.2],[-83.8,-14.2],[-84.1,-15]]]]}},{"type":"Feature","properties":{},"geometry":{"type":"MultiPolygon","coordinates":[[[[-61.7,-31.7],[-62.8,-32.1],[-63,-32.1],[-63.3,-32.3],[-63.8,-32.5],[-64.3,-32.7],[-64.4,-32.8],[-66,-33.4],[-66.5,-33.4],[-67.2,-33.4],[-66.7,-32.2],[-66.4,-31.3],[-65.7,-30.9],[-65.2,-29.4],[-64.1,-30.4],[-64,-31],[-63.1,-30.9],[-62.1,-30.9],[-61.7,-31.7]]]]}},{"type":"Feature","properties":{},"geometry":{"type":"MultiPolygon","coordinates":[[[[-72.4,-0.5],[-72.7,-0.2],[-72.6,-0.4],[-72.5,-1],[-72.2,-1.7],[-72.5,-1.3],[-73.1,-1.4],[-73.4,-1.8],[-74.7,-2.9],[-74.8,-2.7],[-75.3,-2.8],[-75.9,-2.8],[-76.4,-3.5],[-77,-3.8],[-77.5,-3.9],[-79,-4.3],[-80.1,-5.2],[-80.5,-5],[-81.9,-4.9],[-81.8,-4.4],[-81.4,-4.1],[-80.1,-3.6],[-79.1,-3.5],[-77.7,-3.4],[-76.9,-3.1],[-76.5,-2.8],[-76.9,-2.5],[-76.2,-2.5],[-75.2,-2.1],[-74.4,-1.6],[-73.9,-1],[-74.2,-1.4],[-75.3,-2],[-75.9,-1.9],[-75,-1.7],[-74.2,-1.2],[-74.1,-0.7],[-73.3,-0.3],[-73.2,1.9],[-71,3.9],[-72.2,2.1],[-72.5,0.1],[-72.4,-0.1],[-72.4,-0.5]]]]}},{"type":"Feature","properties":{},"geometry":{"type":"MultiPolygon","coordinates":[[[[-62.2,-6.5],[-62.8,-6.8],[-63.2,-6.6],[-62.8,-6.7],[-62.7,-6.4],[-62.4,-6.4],[-62.2,-6.5]]]]}},{"type":"Feature","properties":{},"geometry":{"type":"MultiPolygon","coordinates":[[[[-67.1,-7.1],[-68.2,-7.5],[-69.7,-8.1],[-71.1,-8.9],[-71.7,-8.6],[-70.2,-7.9],[-69.2,-7.1],[-67.3,-6.6],[-67.1,-7.1]]]]}},{"type":"Feature","properties":{},"geometry":{"type":"MultiPolygon","coordinates":[[[[-65.3,-6],[-65,-5.9],[-65.1,-6.1],[-65.3,-6.5],[-65.4,-6.2],[-65.3,-6]]]]}},{"type":"Feature","properties":{},"geometry":{"type":"MultiPolygon","coordinates":[[[[-66.5,-6.3],[-66.3,-6.3],[-65.8,-6.2],[-65.8,-6.4],[-65.8,-6.6],[-66.3,-6.5],[-66.5,-6.3]]]]}},{"type":"Feature","properties":{},"geometry":{"type":"MultiPolygon","coordinates":[[[[-63.3,-5.1],[-61.9,-4.2],[-61.4,-4.4],[-61.6,-4.8],[-61.7,-4.9],[-62.1,-4.9],[-62.3,-5.4],[-62.4,-5.8],[-62.7,-6],[-63,-6],[-63.2,-5.7],[-63.5,-5.9],[-63.3,-5.1]]]]}},{"type":"Feature","properties":{},"geometry":{"type":"MultiPolygon","coordinates":[[[[-61,-5.2],[-61.6,-5.9],[-62.1,-6.4],[-62.3,-6.3],[-61.9,-6],[-61.2,-5],[-61,-5.2]]]]}},{"type":"Feature","properties":{},"geometry":{"type":"MultiPolygon","coordinates":[[[[-69.4,2],[-70.2,1.5],[-70.1,-1.2],[-69.9,-2.7],[-70.6,-3.3],[-72,-3.7],[-73.3,-4.3],[-74.1,-5],[-74.4,-5.2],[-75.4,-5.8],[-75.7,-5.8],[-75.9,-5.5],[-76,-5.6],[-77.2,-6.1],[-78.9,-5.5],[-79.3,-4.5],[-78.2,-4.1],[-77.1,-3.8],[-76.5,-3.6],[-75.9,-3.1],[-75.5,-2.7],[-74.8,-2.5],[-74.7,-2.9],[-73.4,-1.8],[-72.5,-2.2],[-73.2,-2.2],[-72.5,-2.6],[-72.2,-2.4],[-72,-3.2],[-72,-2.9],[-71.6,-3],[-71.4,-2.9],[-71.4,-2.7],[-71.7,-2.2],[-71.5,-1.9],[-71.2,-1.9],[-71.9,-1.2],[-72.1,-0.9],[-72.4,-0.6],[-72.4,-0.1],[-72.4,0.4],[-71.8,2.7],[-70.3,3.1],[-69.8,2.6],[-69.4,2.2],[-69.7,2.1],[-69.4,2]]]]}},{"type":"Feature","properties":{},"geometry":{"type":"MultiPolygon","coordinates":[[[[-67.4,-14.1],[-67.8,-13.7],[-67.9,-14.1],[-68.1,-13.9],[-68.2,-14],[-68.4,-14],[-68.5,-14],[-68.7,-14.1],[-68.8,-14.1],[-68.9,-14],[-69.4,-14.2],[-69.6,-14.4],[-69.6,-14.5],[-70.4,-14.1],[-74.2,-11.3],[-73.4,-11.6],[-72.5,-11.6],[-71,-11.6],[-70,-12.4],[-68.1,-13.2],[-67.4,-14.1]]]]}},{"type":"Feature","properties":{},"geometry":{"type":"MultiPolygon","coordinates":[[[[-76.5,-13.9],[-76.5,-14.1],[-76.4,-14.1],[-76.7,-14.4],[-76.8,-14.6],[-77.5,-14.7],[-77.9,-14.9],[-78.2,-14.1],[-79.4,-13.8],[-79.3,-13.8],[-78.3,-13.5],[-77.7,-13.5],[-77.8,-13.8],[-77.6,-13.8],[-76.8,-13.9],[-76.6,-14],[-76.5,-13.9]]]]}},{"type":"Feature","properties":{},"geometry":{"type":"MultiPolygon","coordinates":[[[[-82.4,-8.9],[-83,-6.4],[-80.2,-5.5],[-78,-5.8],[-78.6,-6.3],[-81.6,-7.8],[-82.4,-8.9]]]]}},{"type":"Feature","properties":{},"geometry":{"type":"MultiPolygon","coordinates":[[[[-60.1,-20],[-60.2,-20],[-60.7,-19.8],[-61.8,-19.4],[-62.5,-19.2],[-63.1,-19.4],[-63,-19.4],[-63.4,-19.2],[-62.7,-18.9],[-62.1,-19.1],[-61.4,-19.2],[-61.5,-18.7],[-61.1,-18.7],[-60.5,-18.8],[-60.3,-19.3],[-60.3,-19.4],[-60.1,-19.7],[-59.9,-19.8],[-60.1,-20]]]]}},{"type":"Feature","properties":{},"geometry":{"type":"MultiPolygon","coordinates":[[[[-72.3,-16.3],[-73.8,-15.4],[-74.2,-15.6],[-75,-14.8],[-75.5,-14.5],[-75.4,-14.3],[-75.6,-14.2],[-75.8,-14.1],[-75.4,-13.8],[-74.4,-14],[-73.3,-15.2],[-72.4,-16.1],[-72.3,-16.3]]]]}},{"type":"Feature","properties":{},"geometry":{"type":"MultiPolygon","coordinates":[[[[-75.9,-13.9],[-76.1,-13.7],[-76.6,-13.7],[-77.6,-13.5],[-78.2,-13.4],[-79.1,-13.7],[-80.9,-14.5],[-81.8,-15.1],[-82.3,-16.8],[-83.4,-18.2],[-83.7,-18.2],[-82.7,-16.7],[-82.4,-15.9],[-82.3,-15.1],[-81.7,-14.5],[-80,-13.9],[-78.5,-13.2],[-77.5,-13],[-75.7,-13.5],[-75.8,-13.7],[-75.9,-13.9]]]]}},{"type":"Feature","properties":{},"geometry":{"type":"MultiPolygon","coordinates":[[[[-71.4,-17.1],[-73.1,-16.8],[-74.3,-16.7],[-74.9,-16.1],[-75.3,-15.8],[-75.6,-15.2],[-75.4,-14.9],[-75.9,-14.4],[-76,-14.1],[-75.8,-14.1],[-75.6,-14.2],[-75.4,-14.3],[-75.5,-14.5],[-75,-14.8],[-74.2,-15.6],[-73.8,-15.4],[-72.3,-16.3],[-71.4,-16.8],[-71.4,-17.1]]]]}},{"type":"Feature","properties":{},"geometry":{"type":"MultiPolygon","coordinates":[[[[-76.2,-14],[-76.4,-13.9],[-76,-14],[-76.2,-14]]]]}},{"type":"Feature","properties":{},"geometry":{"type":"MultiPolygon","coordinates":[[[[-76.4,-13.9],[-77.7,-13.6],[-77.9,-13.6],[-77.6,-13.5],[-76.6,-13.7],[-76.1,-13.7],[-76.5,-13.8],[-76.4,-13.9]]]]}},{"type":"Feature","properties":{},"geometry":{"type":"MultiPolygon","coordinates":[[[[-76.4,-9.2],[-76.8,-9],[-77,-9.2],[-76.9,-9.3],[-76.3,-9.5],[-77.1,-11.3],[-77.5,-11.4],[-78.1,-11.3],[-79.3,-10.9],[-79.9,-10.6],[-80.8,-10.4],[-81.2,-10],[-80.1,-8.7],[-78.4,-7.5],[-76.5,-7.2],[-74.6,-7.3],[-74.1,-7.3],[-73,-7.9],[-72.1,-8.4],[-73.6,-8],[-74.3,-7.8],[-75.4,-8.3],[-76.4,-9.2]]]]}},{"type":"Feature","properties":{},"geometry":{"type":"MultiPolygon","coordinates":[[[[-81.2,-10.1],[-83,-10],[-84.4,-10.1],[-83.7,-8.8],[-82.4,-8.9],[-81,-9.7],[-81.2,-10.1]]]]}},{"type":"Feature","properties":{},"geometry":{"type":"MultiPolygon","coordinates":[[[[-69.9,-14.5],[-70.7,-15],[-71.2,-15.5],[-71.4,-15.8],[-71.4,-16],[-71,-16.4],[-71.6,-16.8],[-72.4,-16.1],[-73.3,-15.2],[-74.4,-14],[-74.8,-13.7],[-74.7,-13.6],[-74.7,-13.4],[-75.2,-13.4],[-75.7,-13.5],[-77.5,-13],[-78.5,-13.2],[-78.4,-12.8],[-78.2,-11.6],[-77.9,-11.3],[-77.2,-11.3],[-74.9,-11.3],[-74.3,-11.3],[-70.1,-14.4],[-69.9,-14.5]]]]}},{"type":"Feature","properties":{},"geometry":{"type":"MultiPolygon","coordinates":[[[[-76.3,-32.3],[-79.6,-32.4],[-76.8,-30.5],[-75.9,-30],[-75.8,-30.7],[-76.6,-31.4],[-76.8,-31.7],[-76.1,-31.8],[-76.3,-32.3]]]]}},{"type":"Feature","properties":{},"geometry":{"type":"MultiPolygon","coordinates":[[[[-81.5,-4],[-80.9,-3.5],[-79.8,-2.4],[-79,-1.6],[-78.5,-1.7],[-77.6,-1.5],[-76.6,-1.2],[-75.6,-0.6],[-75,0.2],[-74.7,1.1],[-74.7,1.8],[-74.7,2.5],[-73.7,3.3],[-73,3.8],[-72.3,4.1],[-71.5,4.2],[-71.5,3.7],[-73.4,1.1],[-73.5,-0.6],[-74.2,-0.8],[-74.3,-1.3],[-75.4,-1.9],[-75.9,-2],[-75.1,-1.9],[-74.2,-1.4],[-73.9,-1.1],[-74.7,-1.8],[-75.4,-2.2],[-76.6,-2.5],[-77,-2.6],[-76.5,-2.9],[-77,-3.1],[-77.8,-3.5],[-79.3,-3.6],[-80.5,-4],[-81.5,-4]]]]}},{"type":"Feature","properties":{},"geometry":{"type":"MultiPolygon","coordinates":[[[[-77.4,-14.8],[-77.4,-15],[-77.6,-15.1],[-77.9,-15],[-77.4,-14.7],[-77.4,-14.8]]]]}},{"type":"Feature","properties":{},"geometry":{"type":"MultiPolygon","coordinates":[[[[-77.9,-15],[-79.8,-16.3],[-81.3,-17.2],[-81.9,-18.1],[-82.2,-18.4],[-83.3,-19.4],[-85.5,-20.7],[-85.7,-19.5],[-83.6,-18.3],[-82.6,-17.4],[-81.9,-15.3],[-81.1,-14.6],[-79.7,-13.9],[-78.8,-13.9],[-77.8,-14.6],[-77.9,-15]]]]}},{"type":"Feature","properties":{},"geometry":{"type":"MultiPolygon","coordinates":[[[[-54.9,-31.7],[-55.1,-31.7],[-55.1,-31.6],[-55.6,-31.5],[-56.3,-30.8],[-58,-30.5],[-58.3,-31.1],[-58.1,-31.1],[-58.3,-31],[-58.7,-31],[-59.3,-30.2],[-59.2,-29.9],[-59.3,-29.9],[-60.4,-30.4],[-61.2,-30.8],[-60.4,-31],[-60,-31],[-60.1,-31],[-60.5,-31.2],[-60.5,-31.5],[-60.8,-31.5],[-60.7,-31.2],[-61.2,-31.5],[-61.5,-31.6],[-61.7,-31.4],[-62.3,-31],[-63.2,-30.9],[-64,-30.9],[-64.5,-29.2],[-64,-29],[-63.3,-29],[-62.3,-28.9],[-61.5,-28.9],[-60.8,-28.8],[-60.5,-28.6],[-60,-28.1],[-59.3,-28.3],[-59.5,-28.5],[-59.2,-28.5],[-58.9,-28.7],[-57.4,-29],[-57.1,-28.9],[-56,-28.9],[-54.4,-28.7],[-54.6,-28.8],[-55,-28.9],[-55.6,-29],[-55.8,-29.4],[-56,-29.5],[-55.7,-29.3],[-54.9,-29],[-53.9,-28.9],[-53.9,-29.2],[-54,-29.5],[-53.5,-29.3],[-53.6,-29.4],[-53.1,-29.6],[-53,-29.8],[-52.9,-30],[-53.1,-30.1],[-53.3,-30.3],[-53,-30.5],[-53.2,-30.5],[-53,-30.8],[-53,-30.9],[-53,-31.1],[-53.2,-31.2],[-53.8,-31.5],[-54.2,-31.6],[-54.6,-31.6],[-54.9,-31.6],[-54.9,-31.7]]]]}},{"type":"Feature","properties":{},"geometry":{"type":"MultiPolygon","coordinates":[[[[-97.8,-32.7],[-98.6,-32.1],[-98.7,-31.8],[-99.5,-31],[-99.7,-30.3],[-99.7,-29.4],[-99.8,-29.2],[-99.9,-29],[-100,-28],[-99.7,-27.9],[-99.5,-28.5],[-98.8,-28.6],[-98.2,-29.3],[-97.8,-30.1],[-97.3,-31.4],[-97.8,-32.7]]]]}},{"type":"Feature","properties":{},"geometry":{"type":"MultiPolygon","coordinates":[[[[-86,-21.2],[-85.9,-22.2],[-86.2,-24.7],[-86.7,-23.2],[-88,-21.9],[-89.8,-21.3],[-87.7,-20.7],[-85.7,-19.5],[-86,-21.2]]]]}},{"type":"Feature","properties":{},"geometry":{"type":"MultiPolygon","coordinates":[[[[-76.3,-25.8],[-76,-25.8],[-76,-25.9],[-76.4,-25.9],[-76.3,-25.8]]]]}},{"type":"Feature","properties":{},"geometry":{"type":"MultiPolygon","coordinates":[[[[-77.2,-25.7],[-79.4,-25.6],[-78.9,-26.1],[-77.3,-26.7],[-78.4,-26.7],[-79.7,-26],[-79.9,-26.1],[-81.9,-26.5],[-82.2,-26.9],[-83.1,-27.4],[-84.6,-27.7],[-85.7,-27.6],[-87.3,-27],[-88.8,-27.5],[-89.6,-27.5],[-88.5,-27.2],[-87.3,-27],[-86.3,-26.8],[-83.8,-27.2],[-82.6,-26.6],[-82.2,-26],[-81.8,-25.8],[-80.7,-25.5],[-79.9,-25.5],[-78.9,-24.8],[-78.3,-24.9],[-77.2,-25.7]]]]}},{"type":"Feature","properties":{},"geometry":{"type":"MultiPolygon","coordinates":[[[[-75.4,-29.6],[-76,-29.5],[-76.8,-28.8],[-76.9,-28.6],[-76.8,-28.2],[-75.8,-28.9],[-75.4,-29.4],[-75.4,-29.6]]]]}},{"type":"Feature","properties":{},"geometry":{"type":"MultiPolygon","coordinates":[[[[-75.9,-30],[-77.5,-31],[-77.1,-29.9],[-76.5,-29.6],[-76,-29.8],[-75.9,-30]]]]}},{"type":"Feature","properties":{},"geometry":{"type":"MultiPolygon","coordinates":[[[[-98.2,-11.9],[-100.1,-10.6],[-100.1,-8.9],[-99.5,-8.2],[-98.9,-7.6],[-98.8,-6.4],[-97.8,-5.7],[-96.9,-6.3],[-96.1,-9.2],[-94.8,-11.3],[-96.6,-10.3],[-98.3,-10],[-98.2,-11.9]]]]}},{"type":"Feature","properties":{},"geometry":{"type":"MultiPolygon","coordinates":[[[[-102,-17.6],[-102.5,-18.8],[-102.4,-19.7],[-102.8,-20.4],[-103,-23.1],[-102.7,-24.5],[-103,-26.5],[-102.2,-27.8],[-104.1,-28.9],[-105,-28.3],[-104.3,-24.3],[-103.4,-20.9],[-103.1,-19.7],[-103.1,-19],[-103.1,-18.3],[-102.5,-17.7],[-102.1,-17.1],[-101.8,-16.8],[-102,-17.6]]]]}},{"type":"Feature","properties":{},"geometry":{"type":"MultiPolygon","coordinates":[[[[-99.7,-12.6],[-101.6,-13.1],[-102.1,-11.7],[-102.9,-11],[-101.4,-10.3],[-100.1,-8.8],[-99.5,-8.2],[-100.1,-8.9],[-100.1,-10.6],[-99.7,-12.6]]]]}},{"type":"Feature","properties":{},"geometry":{"type":"MultiPolygon","coordinates":[[[[-56.7,-28.4],[-57.3,-28.8],[-57.7,-28.1],[-57.6,-25.6],[-57.7,-23.7],[-57.7,-23.4],[-57.7,-23.2],[-57.6,-22.8],[-57.4,-23],[-57.5,-22.5],[-57.3,-22.5],[-57.3,-22.3],[-57.2,-22.2],[-57.1,-22.2],[-57,-23.5],[-57,-24.9],[-56.9,-26.4],[-57,-27.9],[-56.7,-28.4]]]]}},{"type":"Feature","properties":{},"geometry":{"type":"MultiPolygon","coordinates":[[[[-149.2,-60.9],[-156.5,-60.2],[-154.2,-59.3],[-147.1,-59.1],[-144.9,-59.4],[-149.2,-60.9]]]]}},{"type":"Feature","properties":{},"geometry":{"type":"MultiPolygon","coordinates":[[[[47.7,-50.3],[47.8,-51.2],[48.9,-51.6],[48.9,-52.3],[47.8,-52.1],[46.6,-51.5],[45.9,-51.3],[43.8,-50.5],[42.6,-50.1],[42.2,-50.3],[42.2,-50],[42,-49.7],[41.9,-49.2],[41.7,-48.9],[42.7,-49.5],[44.5,-50.3],[46.2,-50.6],[47.7,-50.3]]]]}},{"type":"Feature","properties":{},"geometry":{"type":"MultiPolygon","coordinates":[[[[-34.5,-21.9],[-34.2,-22],[-34.1,-22],[-33.7,-22.1],[-33.2,-21.8],[-32.9,-22],[-32.8,-21.7],[-32.7,-21.3],[-32.5,-21],[-32.6,-21.2],[-32.4,-21],[-31.9,-20.9],[-31.4,-20.9],[-31.2,-20.8],[-31.1,-20],[-29.1,-20.4],[-30,-22.2],[-31.2,-25.3],[-32.9,-28.3],[-35,-28.8],[-35.6,-28.2],[-34.7,-26.9],[-35,-27],[-34.8,-26.7],[-34.9,-26.5],[-35.3,-25.3],[-34.9,-25.3],[-34.8,-25.6],[-34.7,-25.4],[-34.9,-25.2],[-34.8,-24.5],[-34.3,-24.2],[-34.4,-24.2],[-34,-23.6],[-34,-23.5],[-34,-23.3],[-33.4,-23],[-33.9,-23],[-34.2,-22.9],[-34.3,-22.6],[-34.6,-22.5],[-35,-22.4],[-35,-22.1],[-34.5,-21.9]]]]}},{"type":"Feature","properties":{},"geometry":{"type":"MultiPolygon","coordinates":[[[[-40.9,-26.5],[-40.3,-25.7],[-39.6,-25.9],[-38.9,-26.1],[-38.4,-26.4],[-38.5,-26.5],[-37.8,-26.7],[-37.8,-27.1],[-36.8,-26.6],[-36.6,-27.4],[-36.5,-27.5],[-36.7,-27.8],[-36.8,-28.2],[-36.5,-28],[-36.4,-28.1],[-36,-28.4],[-36.5,-28.8],[-37,-29.1],[-37.3,-29.3],[-37.9,-29.8],[-38.6,-30.1],[-38.4,-30.4],[-38.5,-30.6],[-38.7,-30.6],[-39.2,-30.8],[-39.4,-31],[-39.3,-31.3],[-39.7,-31.2],[-39.4,-30.7],[-39.5,-30.1],[-39.4,-29.9],[-38.7,-29.3],[-38.6,-28.8],[-38.8,-29.4],[-39.6,-29.6],[-39.8,-29.4],[-40.2,-29.7],[-40.3,-29.6],[-40.2,-29.2],[-40.1,-28.6],[-40.2,-28.3],[-40.5,-28.1],[-40.2,-27.9],[-39.9,-27.6],[-40,-27.5],[-40.2,-27.2],[-40.1,-27.1],[-40.2,-26.8],[-40.5,-26.9],[-40.9,-26.5]]]]}},{"type":"Feature","properties":{},"geometry":{"type":"MultiPolygon","coordinates":[[[[-43.6,-30.3],[-43.5,-30.2],[-42.4,-29.3],[-42,-28.4],[-41.8,-28.4],[-41.4,-28.8],[-41.3,-29.5],[-41.5,-29.7],[-41.6,-29.9],[-42,-30.2],[-42.1,-30.4],[-42.5,-30.4],[-42.4,-30.7],[-42.6,-30.9],[-42.9,-31.1],[-43,-31],[-43.2,-30.7],[-43.6,-31],[-43.4,-30.5],[-43.7,-30.6],[-43.4,-30.4],[-43.6,-30.3]]]]}},{"type":"Feature","properties":{},"geometry":{"type":"MultiPolygon","coordinates":[[[[-34.9,-26.5],[-35,-26.7],[-35,-26.8],[-34.9,-26.5]]]]}},{"type":"Feature","properties":{},"geometry":{"type":"MultiPolygon","coordinates":[[[[-31.9,-20.8],[-31.5,-20.8],[-31.6,-21],[-31.6,-20.9],[-31.9,-20.8]]]]}},{"type":"Feature","properties":{},"geometry":{"type":"MultiPolygon","coordinates":[[[[180,-65.9],[179,-67.9],[176,-66.5],[174.6,-65],[171.5,-64.2],[165.2,-62.4],[169.2,-61.6],[172,-62.7],[173.6,-63.2],[176.8,-63.6],[179.5,-63.9],[178.8,-65.2],[180,-65.9]]]]}},{"type":"Feature","properties":{},"geometry":{"type":"MultiPolygon","coordinates":[[[[-180,-65.3],[-179.2,-64.1],[-178.8,-65.2],[-180,-65.3]]]]}},{"type":"Feature","properties":{},"geometry":{"type":"MultiPolygon","coordinates":[[[[-180,-67.8],[-178.9,-66.5],[-179.5,-67.3],[-179.7,-67.8],[-180,-67.8]]]]}},{"type":"Feature","properties":{},"geometry":{"type":"MultiPolygon","coordinates":[[[[-158.9,-80.7],[-162.7,-79.4],[-169.1,-77.6],[-170.1,-76.6],[-167.7,-76.4],[-161.7,-78.8],[-157.4,-79.6],[-154,-81.9],[-155.9,-82.6],[-159.1,-81.2],[-158.9,-80.7]]]]}},{"type":"Feature","properties":{},"geometry":{"type":"MultiPolygon","coordinates":[[[[-3.2,-77.8],[-4.5,-79.2],[-5.3,-79.6],[-6.4,-79.6],[-6.3,-79.8],[-7.9,-80.5],[-11.5,-81.3],[-18,-80.6],[-27.1,-79],[-35.7,-78.9],[-40.5,-78.4],[-28.9,-78.3],[-14.4,-78.6],[-3.2,-77.8]]]]}},{"type":"Feature","properties":{},"geometry":{"type":"MultiPolygon","coordinates":[[[[99.4,-64.6],[100.9,-64.9],[102.6,-64.5],[103.3,-64.2],[104.6,-64.5],[105,-64.4],[105.6,-64.4],[106.2,-64.6],[107.7,-64.3],[108.3,-64.3],[108,-64.2],[109.6,-64.1],[110.2,-63.9],[110.7,-63.7],[110.9,-63.4],[111.3,-63.3],[111.8,-63.3],[112.7,-63.2],[114.5,-63.1],[115.6,-63.1],[116.1,-63],[116.5,-63],[116.6,-63],[117.8,-62.9],[118.9,-62.7],[119.2,-62.6],[120,-62.6],[120,-62.5],[120.6,-62.6],[121.1,-62.5],[121.6,-62.5],[122.2,-62.6],[123.9,-63],[124.1,-63],[124.4,-62.9],[125.5,-63.4],[126.4,-63.9],[127.3,-64.3],[127.4,-64.4],[129.8,-65.1],[130.4,-65.2],[131.4,-65.4],[132.3,-65.4],[134.5,-65.9],[136,-66.3],[133.8,-67],[126.8,-67.9],[122.4,-67.8],[120,-68.4],[118.2,-68.5],[116.2,-68.5],[111.5,-68.1],[107.2,-67.6],[102.2,-67.3],[98.9,-67.7],[91.7,-67],[98.4,-65.3],[99.4,-64.6]]]]}},{"type":"Feature","properties":{},"geometry":{"type":"MultiPolygon","coordinates":[[[[101.4,-64.3],[101.9,-64.1],[101.3,-64.5],[100.9,-64.3],[101.4,-64.3]]]]}},{"type":"Feature","properties":{},"geometry":{"type":"MultiPolygon","coordinates":[[[[-60.1,-17.6],[-60.1,-17.4],[-60.1,-17.2],[-60.1,-17.6]]]]}},{"type":"Feature","properties":{},"geometry":{"type":"MultiPolygon","coordinates":[[[[93.2,-43.9],[91.4,-46.6],[91.4,-48.4],[91.6,-49.8],[88.5,-48.3],[90.8,-43.1],[92.8,-42.4],[93.2,-43.9]]]]}},{"type":"Feature","properties":{},"geometry":{"type":"MultiPolygon","coordinates":[[[[106.8,-42.6],[104.7,-45.3],[101.2,-46.2],[99.1,-48.6],[95.9,-50.4],[91.2,-50.9],[90.1,-50.9],[90.2,-50.5],[91.6,-49.8],[95.9,-48.3],[98.9,-46.2],[102.8,-43.3],[106,-41.6],[106.8,-42.6]]]]}},{"type":"Feature","properties":{},"geometry":{"type":"MultiPolygon","coordinates":[[[[-0.1,-60.2],[-1.5,-61.4],[-2.9,-62.2],[-4.2,-61.4],[-2.9,-59.8],[-1.2,-58.7],[-0.6,-59.6],[-0.1,-60.2]]]]}},{"type":"Feature","properties":{},"geometry":{"type":"MultiPolygon","coordinates":[[[[-141,-61.6],[-147.3,-60.9],[-142.6,-59.7],[-139.1,-60.2],[-136.3,-61.5],[-141,-61.6]]]]}},{"type":"Feature","properties":{},"geometry":{"type":"MultiPolygon","coordinates":[[[[41.7,-49.6],[41.4,-49.7],[41.5,-50.1],[40.2,-50.5],[38.6,-49.9],[38.4,-49.6],[37.9,-49.2],[37.6,-48.7],[38.3,-48.7],[39.5,-48.3],[40.5,-48.6],[41.1,-49.1],[41.7,-49.6]]]]}},{"type":"Feature","properties":{},"geometry":{"type":"MultiPolygon","coordinates":[[[[132.4,-71.8],[131.2,-69.4],[137.5,-67.8],[139.8,-68.2],[142.3,-69],[146,-69.6],[148.7,-70.1],[152.2,-70.6],[152.3,-72],[147.9,-72.8],[142.3,-72.6],[138.7,-72.2],[135,-71.6],[133.2,-72.1],[132.4,-71.8]]]]}},{"type":"Feature","properties":{},"geometry":{"type":"MultiPolygon","coordinates":[[[[70.7,-39.4],[72.4,-40.1],[72.7,-41],[72.8,-41.6],[73.2,-42.4],[73.7,-43.6],[74.1,-44.7],[74.4,-45.6],[74.4,-46.2],[74.1,-46.3],[70.2,-42.4],[70.7,-39.4]]]]}},{"type":"Feature","properties":{},"geometry":{"type":"MultiPolygon","coordinates":[[[[109.2,-33.4],[109.2,-34.6],[109.1,-38.2],[109.4,-40.6],[109.9,-41.2],[109.7,-41.3],[109.5,-41.6],[109.4,-41.6],[109.3,-41.5],[109.1,-41.6],[109.2,-42],[108.9,-41.9],[109.1,-42.1],[108.8,-42.3],[108.5,-42.3],[108.8,-42.5],[108.5,-42.6],[108.1,-42.4],[108,-42.6],[108.2,-42.9],[108.1,-43],[107.6,-42.7],[107.3,-42.9],[105,-41.4],[102.2,-44.1],[100.7,-43.6],[98.7,-44.3],[93.2,-43.9],[92.8,-42.4],[92.7,-41.1],[96.7,-41],[99.3,-40.5],[103.7,-39.1],[104.8,-38.3],[107.3,-36.4],[108,-35.4],[108.5,-33.5],[109.2,-33.4]]]]}},{"type":"Feature","properties":{},"geometry":{"type":"MultiPolygon","coordinates":[[[[-170.9,-71.2],[-174.1,-70.2],[-175.4,-69.1],[-174.8,-68.2],[-174.3,-68.6],[-172.2,-69.7],[-170.8,-71],[-170.9,-71.2]]]]}},{"type":"Feature","properties":{},"geometry":{"type":"MultiPolygon","coordinates":[[[[51.3,-67.8],[60.6,-68.3],[63.3,-70.7],[50.9,-73],[32.7,-74.1],[24.5,-73.5],[35.7,-71.5],[42.3,-69.4],[51.3,-67.8]]]]}},{"type":"Feature","properties":{},"geometry":{"type":"MultiPolygon","coordinates":[[[[86,-55.4],[86,-55.5],[86.3,-55.4],[86.5,-55.3],[87.1,-55.3],[87.7,-56.4],[90.3,-57.7],[92.5,-59.1],[93.8,-61],[98.5,-61.2],[101,-61.5],[105.9,-62.6],[109.3,-62.5],[109,-62.8],[106.5,-63.5],[105.1,-63.3],[102.5,-63.7],[101.5,-63.6],[101.1,-63.4],[100.4,-63.1],[99.2,-62.8],[97.8,-62.2],[96.8,-62.1],[95,-62.2],[91,-61.5],[90,-60.5],[90.2,-60.2],[89.9,-60],[90.3,-59.7],[90.2,-59.5],[90.6,-59.4],[90.1,-59.4],[89.9,-59],[90.3,-58.9],[90.3,-58.5],[89.3,-58.2],[89.3,-58.1],[88.7,-57.8],[88.4,-57.4],[88.5,-57.3],[87.9,-57.4],[87.4,-57.3],[87.3,-57.1],[88,-57],[87.3,-56.7],[86.9,-56.1],[85.9,-56.1],[85.8,-55.6],[86,-55.4]]]]}},{"type":"Feature","properties":{},"geometry":{"type":"MultiPolygon","coordinates":[[[[106.8,-60],[107.4,-60.1],[108.7,-60.4],[108.9,-60.8],[109.8,-61.8],[109.3,-62.5],[106.8,-62.7],[103.1,-61.7],[100.4,-61],[102.2,-60.8],[106.8,-60]]]]}},{"type":"Feature","properties":{},"geometry":{"type":"MultiPolygon","coordinates":[[[[90.9,-55.6],[91.2,-55.6],[91.5,-55.6],[91.8,-55.5],[92.5,-56.1],[92.4,-56.4],[93.9,-56.6],[94.8,-57.1],[96.6,-57.4],[94.1,-57.6],[91.2,-56.6],[91.3,-56.4],[90.9,-55.6]]]]}},{"type":"Feature","properties":{},"geometry":{"type":"MultiPolygon","coordinates":[[[[101.8,-58.9],[100.2,-59.2],[98.7,-58.1],[99.4,-58.2],[101.8,-58.9]]]]}},{"type":"Feature","properties":{},"geometry":{"type":"MultiPolygon","coordinates":[[[[102.2,-44.1],[98,-47.2],[94.7,-49],[92,-49],[91.2,-47],[92.9,-44.7],[97.2,-44.1],[100.3,-43.6],[102.1,-43.7],[102.2,-44.1]]]]}},{"type":"Feature","properties":{},"geometry":{"type":"MultiPolygon","coordinates":[[[[91.7,-41.1],[89.7,-46.2],[86,-48.6],[84.3,-47.2],[83.1,-46.1],[84.9,-45.4],[86.6,-43.9],[87.4,-41.3],[89.8,-41.2],[91.7,-41.1]]]]}},{"type":"Feature","properties":{},"geometry":{"type":"MultiPolygon","coordinates":[[[[113,-60.8],[112.4,-60.3],[113.1,-60.2],[112.7,-59.5],[112.8,-59],[113.3,-58.5],[113.7,-59.1],[113.2,-60.8],[113,-60.8]]]]}},{"type":"Feature","properties":{},"geometry":{"type":"MultiPolygon","coordinates":[[[[102.2,-4.9],[103,-4.6],[102.6,-5.6],[102,-5.7],[102,-5.4],[102.1,-5],[102.2,-4.9]]]]}},{"type":"Feature","properties":{},"geometry":{"type":"MultiPolygon","coordinates":[[[[94.9,4.6],[92.3,2.3],[89.9,-0.8],[90.4,-3.8],[90.9,-4.7],[93.9,-8.1],[93.9,-8.6],[92.6,-8.5],[92,-8.4],[91.4,-8.3],[90.3,-7.7],[88.4,-6.4],[86.8,-5.8],[85.5,-5.6],[84.6,-5.7],[84.9,-5.4],[85.7,-4.9],[86.6,-4.3],[87.3,-3.6],[87.9,-2.9],[88.6,-1.8],[89,-0.8],[89.5,0.4],[90.1,1.2],[91.1,2.1],[94.1,4.3],[94.9,4.6]]]]}},{"type":"Feature","properties":{},"geometry":{"type":"MultiPolygon","coordinates":[[[[100.9,-4.7],[99,1.3],[100.1,5.6],[99.9,9.5],[100.6,9.9],[100.6,9.3],[100.7,9.2],[100.7,9.4],[100.9,9.5],[101,9.3],[100.9,9.2],[101,9],[101.2,9.1],[101.3,8.7],[101.8,8.7],[101.5,8.5],[101.6,8.3],[101.5,7.8],[101.8,7.7],[102.1,7.5],[102.2,7.2],[102.3,7],[102.5,6.7],[102.4,6.6],[102.1,6.5],[102.2,6.3],[102.5,6.4],[102.5,6.3],[102.7,6.5],[102.9,6.1],[103,5.7],[103.3,5.8],[103.3,5.6],[103.1,5.3],[103.3,5.5],[103.4,5.2],[103.2,5.2],[103.2,5],[103.4,4.9],[103.2,4.8],[103.5,4.7],[103.6,4.5],[103.4,4.3],[103.3,4.1],[103.4,4],[103.5,3.9],[103.5,3.8],[103.7,3.5],[103.6,3.3],[103.7,3.2],[103.7,2.9],[103.5,2.7],[103.6,2.6],[103.7,2.5],[103.5,2.2],[103.7,2.1],[103.8,1.6],[103.8,1.4],[103.6,1.2],[103.4,0.9],[103.4,0.7],[103.4,0.6],[103.2,0.6],[103.2,0.2],[103.1,0],[103.2,0.1],[103.4,-0.1],[103,-0.2],[102.5,-0.2],[102.4,-0.3],[102.6,-0.3],[102.7,-0.4],[103,-0.5],[103,-0.8],[102.9,-1.1],[102.8,-1],[102.9,-1.3],[102.6,-1.7],[102.7,-1.9],[102.6,-2.3],[102.6,-2.4],[102.6,-2.7],[102.5,-2.7],[102.3,-3],[102.3,-3.4],[102.2,-3.6],[102.3,-4],[102.6,-4],[102.8,-4.5],[102.7,-4.5],[102.4,-4.4],[102.1,-4.4],[101.8,-4.1],[101.7,-3.9],[101.6,-4],[101.4,-4],[101.5,-4.4],[101.3,-4.4],[101.1,-4.6],[100.9,-4.7]]]]}},{"type":"Feature","properties":{},"geometry":{"type":"MultiPolygon","coordinates":[[[[100.5,-5.9],[100.6,-5.9],[100.6,-6.2],[100.6,-6.5],[100.3,-6.6],[100.6,-6.7],[100.6,-6.9],[100.8,-7],[99.9,-7.3],[100.5,-5.9]]]]}},{"type":"Feature","properties":{},"geometry":{"type":"MultiPolygon","coordinates":[[[[104.8,7.3],[104.4,7],[104.6,7.4],[104.8,7.3]]]]}},{"type":"Feature","properties":{},"geometry":{"type":"MultiPolygon","coordinates":[[[[103.7,-4],[103.2,-4.4],[103.2,-4.2],[103.7,-4]]]]}},{"type":"Feature","properties":{},"geometry":{"type":"MultiPolygon","coordinates":[[[[103.3,5.9],[103.3,5.8],[103.2,6],[103.3,5.9]]]]}},{"type":"Feature","properties":{},"geometry":{"type":"MultiPolygon","coordinates":[[[[98.4,18.7],[95.8,19.4],[94.3,19.3],[94.1,21.3],[95.5,24.1],[97.1,23.8],[98.7,20.5],[98.4,18.7]]]]}},{"type":"Feature","properties":{},"geometry":{"type":"MultiPolygon","coordinates":[[[[97.9,29.1],[98,28.1],[96.3,26.4],[94.6,24.7],[92.4,20.8],[92.6,23.9],[93.7,25.5],[94.8,26.1],[95.5,26.9],[97.7,28.9],[97.9,29.1]]]]}},{"type":"Feature","properties":{},"geometry":{"type":"MultiPolygon","coordinates":[[[[77.4,34.6],[77.5,32.8],[77.9,30.1],[78.2,28.3],[79,26.5],[79.2,24.6],[78.7,21.5],[78.8,19.3],[78.1,20.4],[77.1,22],[76.4,26.9],[76.7,30],[77.4,34.6]]]]}},{"type":"Feature","properties":{},"geometry":{"type":"MultiPolygon","coordinates":[[[[74.4,19.7],[74.8,22.4],[77.3,21.4],[78.7,19.5],[79.4,18.4],[80.9,16.6],[81.4,14.9],[81.1,12.9],[79.7,10.2],[77.9,10.8],[76.1,13.3],[75.2,14.9],[74.7,17],[74.6,19.4],[74.4,19.7]]]]}},{"type":"Feature","properties":{},"geometry":{"type":"MultiPolygon","coordinates":[[[[13,5.8],[12.3,6.1],[12.4,9],[9.8,11.8],[7.8,12],[5.7,13.8],[7.1,14.7],[8.7,16.8],[9.7,18.3],[10,18.3],[10.1,17.5],[10,16.5],[10,14.9],[10,14.7],[10.2,13.9],[10.6,13.8],[10.9,13.8],[12.9,13.5],[14.5,11.7],[14.1,6.8],[13.8,6.5],[13.5,6.9],[13.3,6.4],[13,5.7],[13,5.8]]]]}},{"type":"Feature","properties":{},"geometry":{"type":"MultiPolygon","coordinates":[[[[-41.3,-5.6],[-41,-5.7],[-40.8,-5.7],[-40.8,-5.5],[-40.5,-5.6],[-40,-5.5],[-39.8,-5.5],[-39.9,-5.3],[-39.5,-5],[-39.3,-4.6],[-39.4,-4.9],[-39.2,-4.8],[-39,-4.8],[-38.9,-4.6],[-38.6,-4.9],[-38.8,-4.3],[-38.5,-4.1],[-38.4,-3.9],[-37.2,-3.4],[-37.3,-3.3],[-36.9,-3],[-36.5,-2.8],[-35.5,-2.9],[-35.3,-4.4],[-36.3,-5.5],[-36.5,-5.6],[-37,-5.9],[-37.3,-6.1],[-36.8,-6],[-36.5,-6.1],[-36.3,-6.2],[-35.7,-5.7],[-35.5,-5.7],[-35.2,-5.9],[-34.8,-6.1],[-34.5,-6.1],[-34.3,-6.2],[-34.1,-6],[-33.7,-5.9],[-33.3,-5.4],[-33.8,-5.1],[-34.2,-5.5],[-34.5,-5.1],[-34,-4.8],[-33.9,-4.7],[-33.4,-4],[-33.8,-4],[-34.5,-3.9],[-35.1,-2.7],[-34.6,-2.2],[-34.6,-2],[-35.3,-1.7],[-35,-1.2],[-33.8,0.4],[-31,4.2],[-29.3,4.1],[-26.5,4],[-21.9,3.7],[-19,3.2],[-14.4,2.9],[-13.4,2.8],[-13.3,2.8],[-13.1,2.2],[-11.7,1.8],[-12,0.4],[-13.3,-2.7],[-13.1,-1.9],[-14.1,-1.5],[-14.6,-1.5],[-14.7,-2.1],[-14.8,-2.3],[-14.9,-2.5],[-15,-3],[-15,-3.3],[-14.7,-3.9],[-14.8,-4.1],[-14.6,-4.2],[-14.4,-4.3],[-14.4,-4.5],[-14.4,-4.6],[-16,-7.5],[-17,-8.9],[-15.8,-12.2],[-15.9,-13],[-16.1,-12.7],[-16,-12.5],[-15.9,-12.3],[-16.4,-11.7],[-16.3,-11.4],[-17,-11.5],[-17,-11.2],[-17.1,-10.7],[-17.3,-10.7],[-17.4,-11.3],[-17.4,-12.1],[-17.5,-12.6],[-17.4,-13.3],[-17.4,-13.4],[-17.4,-13.9],[-17.2,-14],[-17,-14.1],[-16.9,-14],[-16.5,-14],[-17,-13.9],[-17.3,-13.8],[-16.4,-13.4],[-16.1,-13],[-16.1,-13.6],[-16,-14.1],[-15.9,-15],[-16.2,-15.2],[-17.1,-15.3],[-17.2,-15.5],[-17.4,-14.9],[-17.5,-14.6],[-17.8,-14.8],[-18.1,-15.4],[-18.3,-15.4],[-18.7,-15.7],[-18.6,-15.4],[-18.8,-15.6],[-18.9,-16],[-18.5,-16.5],[-18.9,-16.6],[-18.5,-16.8],[-18.4,-17],[-18.6,-17.2],[-18.2,-17.2],[-18,-17.4],[-17.7,-18.1],[-18,-17.9],[-17.9,-18.2],[-19.5,-20.2],[-19.4,-19.5],[-20.7,-18.8],[-21.1,-18.6],[-21.6,-18.7],[-21.8,-18.9],[-22.5,-19.2],[-22.7,-19.4],[-23,-19.6],[-23.5,-19.7],[-24,-19.8],[-24.6,-20.5],[-25.7,-21.7],[-26,-22.7],[-25.7,-23.8],[-25.9,-23.6],[-26.1,-24],[-26.3,-24.3],[-26.6,-23.2],[-27,-22],[-27.8,-21.3],[-28.3,-20.9],[-30.2,-20.1],[-30.7,-18.6],[-30.5,-18.4],[-29.9,-17.8],[-29.7,-18.3],[-29.8,-17.7],[-29.9,-17.4],[-29.9,-17.3],[-29.9,-16.8],[-31,-16.2],[-31.7,-15.2],[-30.8,-14.8],[-31.1,-13.9],[-31.6,-13.8],[-32.1,-13.8],[-32.3,-13.7],[-32.5,-13.2],[-32.3,-12.8],[-32.3,-12.6],[-32.1,-12.4],[-31.8,-12],[-31.7,-11.2],[-31.5,-10.9],[-31.4,-10.3],[-32,-10.7],[-32.3,-10.5],[-32.3,-10.8],[-32.5,-11.1],[-32.6,-11.3],[-32.7,-11.6],[-32.7,-11.8],[-32.7,-11.9],[-32.8,-12.2],[-32.9,-12.4],[-32.8,-12.7],[-33,-13],[-33.2,-13.4],[-33.2,-13.2],[-33.4,-13.3],[-33.4,-13.2],[-33.6,-13.2],[-34.1,-13.4],[-34.3,-13.5],[-34.5,-13.4],[-34.5,-13.3],[-34.7,-13.1],[-34.9,-12.9],[-35.6,-12.5],[-35.8,-12.5],[-35.9,-12.4],[-36.1,-12.2],[-36.4,-11.8],[-36.2,-11.7],[-36.4,-11.4],[-36.3,-11.2],[-36.5,-11],[-36.4,-10.8],[-36.5,-10.4],[-36.8,-9.9],[-36.9,-9.6],[-37,-9.4],[-37.2,-9.2],[-37.7,-9.4],[-37.8,-9.6],[-37.9,-9.7],[-38,-9.8],[-38.3,-10],[-38,-10.2],[-38,-10.4],[-38.1,-10.6],[-38.1,-10.7],[-37.8,-11.1],[-37.5,-11.1],[-37.3,-11.5],[-37,-12],[-37.1,-12.1],[-37.1,-12.5],[-37.2,-12.8],[-37.1,-12.9],[-37.1,-13.1],[-37,-13.1],[-37,-13.4],[-37.3,-13.4],[-36.9,-13.7],[-36.9,-13.9],[-36.3,-14.4],[-36.4,-14.5],[-36.2,-14.6],[-36.1,-14.7],[-35.9,-14.9],[-35.7,-15],[-35.3,-14.8],[-34.9,-14.8],[-34.8,-14.9],[-34.4,-14.9],[-34.4,-15.1],[-34.4,-15.6],[-34.3,-15.4],[-34.1,-15.5],[-34.2,-15.5],[-34.1,-15.9],[-34.2,-16],[-34.1,-16.2],[-34.2,-16.4],[-34.1,-16.5],[-34,-16.6],[-34.1,-16.8],[-33.8,-16.9],[-33.7,-17.1],[-33.8,-17.2],[-33.5,-17.2],[-33.5,-17.4],[-33,-17.7],[-33.1,-17.8],[-32.8,-18.1],[-32.7,-18.7],[-33.1,-19.1],[-32.9,-19.6],[-34.1,-19.9],[-34.1,-19.5],[-34.6,-19.5],[-35.1,-19.3],[-35.4,-19.1],[-35.8,-18.6],[-35.8,-18.7],[-35.8,-19],[-36,-18.6],[-36.1,-18.8],[-36.2,-18.7],[-36.6,-18.3],[-36.9,-18.4],[-37.2,-18.2],[-37.4,-17.9],[-37.3,-18.2],[-37,-18.6],[-37,-18.7],[-37.2,-18.8],[-37.3,-19.1],[-37.3,-19.4],[-37.3,-19.5],[-37.3,-20],[-37.3,-20.2],[-37.6,-20.5],[-37.7,-20.6],[-37.8,-20.5],[-37.9,-20.5],[-38.6,-20.6],[-39,-20.3],[-38.5,-20.2],[-38.7,-20.2],[-38.8,-20],[-38.9,-19.9],[-38.9,-19.8],[-39,-19.7],[-39,-19.8],[-39.1,-19.9],[-39.3,-20],[-39.2,-20.1],[-39.4,-19.8],[-39.4,-19.7],[-39.2,-19.4],[-39.4,-19.6],[-39.4,-19.2],[-39.2,-19.2],[-39.4,-18.7],[-39.6,-19],[-39.5,-19.5],[-39.7,-19.6],[-39.7,-19.4],[-39.9,-19.3],[-40,-18.9],[-40.2,-19.1],[-40,-19],[-40.2,-18.8],[-40.3,-18.9],[-40.3,-18.7],[-40,-18.5],[-39.7,-18.2],[-39.5,-18.3],[-39.6,-18.1],[-39.7,-17.7],[-39.8,-18],[-40,-18.2],[-40.2,-18.4],[-40.5,-18.6],[-40.6,-18.6],[-40.7,-18.4],[-40.7,-18.3],[-40.7,-18.2],[-40.8,-18.2],[-40.7,-18],[-40.6,-17.9],[-40.3,-17.6],[-40.9,-18],[-40.9,-17.9],[-40.9,-17.8],[-40.8,-17.7],[-40.8,-17.6],[-40.6,-17.4],[-40.7,-17.2],[-40.4,-17.4],[-40.7,-17.2],[-41,-17.3],[-40.7,-17.1],[-40.7,-17],[-40.6,-16.9],[-40.3,-16.6],[-40.8,-16.9],[-40.9,-16.8],[-40.6,-16.6],[-40.6,-16.4],[-40.4,-16.5],[-40.4,-16.4],[-40.5,-16.3],[-40.4,-16],[-40.6,-16],[-40.5,-15.8],[-40.4,-15.8],[-40.5,-15.6],[-40.4,-15.6],[-40,-15.5],[-39.9,-15.2],[-39.9,-14.8],[-40.1,-14.7],[-40,-15],[-40.3,-15.4],[-40.5,-15.3],[-40.5,-15.1],[-40.6,-15],[-40.5,-14.8],[-40.6,-14.6],[-40.6,-14.4],[-40.3,-14.5],[-40.4,-14.2],[-40.5,-14],[-40.6,-14.2],[-40.6,-13.9],[-40.7,-14],[-40.5,-13.6],[-40.5,-13.5],[-40.7,-13.4],[-40.9,-13.3],[-40.7,-13.3],[-40.8,-13.3],[-40.9,-13.1],[-41,-12.9],[-41,-12.8],[-40.9,-12.5],[-40.9,-12.4],[-41,-12.4],[-41.3,-12.3],[-41.1,-12.2],[-41.3,-12.2],[-41.3,-12.1],[-41.3,-12],[-41.5,-11.9],[-41.4,-11.7],[-41.4,-11.6],[-41.2,-11.4],[-41.1,-11.2],[-41.4,-11.3],[-41.4,-11.2],[-41.5,-11.2],[-41.2,-11.1],[-41.3,-10.8],[-41.4,-11],[-41.6,-10.8],[-41.6,-10.9],[-41.8,-10.9],[-41.5,-10.6],[-41.8,-10.7],[-41.8,-10.3],[-41.5,-10.4],[-41.5,-10.2],[-41.8,-10.2],[-41.6,-10.1],[-41.4,-9.7],[-41.7,-9.9],[-41.9,-9.9],[-41.6,-9.6],[-41.8,-9.6],[-41.8,-9.5],[-42,-9.2],[-41.9,-8.9],[-42,-8.9],[-41.7,-8.7],[-41.8,-8.8],[-42,-8.6],[-42,-8.3],[-41.9,-8.4],[-41.7,-8.3],[-41.5,-8.2],[-41.8,-8],[-41.7,-7.9],[-41.4,-7.7],[-41.7,-7.5],[-42,-7.7],[-41.8,-7.5],[-41.7,-7.4],[-41.6,-7.2],[-41.4,-7.4],[-41.6,-7.1],[-41.6,-7],[-41.7,-6.5],[-41.9,-6.4],[-41.8,-6.2],[-41.8,-6.1],[-41.6,-6],[-41.4,-6.4],[-41.1,-6.7],[-41.3,-5.9],[-41.1,-6],[-41.3,-5.8],[-41.3,-5.6]]]]}},{"type":"Feature","properties":{},"geometry":{"type":"MultiPolygon","coordinates":[[[[-36.2,-20.5],[-36,-19.8],[-36,-20.3],[-36.2,-20.5]]]]}},{"type":"Feature","properties":{},"geometry":{"type":"MultiPolygon","coordinates":[[[[-32.9,-16.2],[-32.7,-16.5],[-32.4,-16.7],[-32.4,-17.1],[-32.7,-17],[-32.9,-16.3],[-32.9,-16.2]]]]}},{"type":"Feature","properties":{},"geometry":{"type":"MultiPolygon","coordinates":[[[[-32.3,-14.2],[-31.9,-14.4],[-31.8,-14.8],[-32,-14.7],[-32.3,-14.6],[-32.3,-14.4],[-32.3,-14.2]]]]}},{"type":"Feature","properties":{},"geometry":{"type":"MultiPolygon","coordinates":[[[[-42.3,-9.9],[-42.1,-10.1],[-42.1,-9.9],[-41.8,-10],[-42,-10.3],[-42,-10.6],[-42.2,-10.3],[-42.3,-10.1],[-42.3,-9.9]]]]}},{"type":"Feature","properties":{},"geometry":{"type":"MultiPolygon","coordinates":[[[[-42.4,-9],[-42.3,-8.9],[-42.1,-9],[-42.1,-9.3],[-42.1,-9.4],[-42.3,-9.3],[-42.3,-9.2],[-42.2,-9.1],[-42.4,-9]]]]}},{"type":"Feature","properties":{},"geometry":{"type":"MultiPolygon","coordinates":[[[[-32.4,-14.1],[-32.4,-14.2],[-32.6,-14.1],[-32.4,-13.9],[-32.4,-14.1]]]]}},{"type":"Feature","properties":{},"geometry":{"type":"MultiPolygon","coordinates":[[[[-42.5,-10],[-42.3,-10.4],[-42.4,-10.4],[-42.5,-10.4],[-42.4,-10.3],[-42.5,-10]]]]}},{"type":"Feature","properties":{},"geometry":{"type":"MultiPolygon","coordinates":[[[[-34.4,-14.2],[-34.2,-14.4],[-34.3,-14.5],[-34.4,-14.4],[-34.4,-14.2]]]]}},{"type":"Feature","properties":{},"geometry":{"type":"MultiPolygon","coordinates":[[[[-42,-6.7],[-42,-7.2],[-42.1,-7.2],[-42.2,-7],[-42,-6.8],[-42.1,-6.7],[-42,-6.7]]]]}},{"type":"Feature","properties":{},"geometry":{"type":"MultiPolygon","coordinates":[[[[-42.1,-8.6],[-42.2,-8.8],[-42.3,-8.7],[-42.3,-8.5],[-42.1,-8.6]]]]}},{"type":"Feature","properties":{},"geometry":{"type":"MultiPolygon","coordinates":[[[[-40.7,-15.7],[-40.5,-15.7],[-40.8,-15.7],[-40.7,-15.7]]]]}},{"type":"Feature","properties":{},"geometry":{"type":"MultiPolygon","coordinates":[[[[-41.8,-6.8],[-41.7,-7.1],[-41.8,-7],[-41.8,-6.8]]]]}},{"type":"Feature","properties":{},"geometry":{"type":"MultiPolygon","coordinates":[[[[-33.5,-13.1],[-33.5,-13.5],[-33.6,-13.4],[-33.5,-13.1]]]]}},{"type":"Feature","properties":{},"geometry":{"type":"MultiPolygon","coordinates":[[[[-42.1,-10.5],[-42.2,-10.9],[-42.2,-10.5],[-42.1,-10.5]]]]}},{"type":"Feature","properties":{},"geometry":{"type":"MultiPolygon","coordinates":[[[[-41.9,-5.9],[-41.7,-5.8],[-41.9,-6.1],[-41.9,-5.9]]]]}},{"type":"Feature","properties":{},"geometry":{"type":"MultiPolygon","coordinates":[[[[-40.9,-17.6],[-41.1,-17.7],[-40.9,-17.5],[-40.9,-17.6]]]]}},{"type":"Feature","properties":{},"geometry":{"type":"MultiPolygon","coordinates":[[[[-37,5],[-36.5,6.1],[-36.3,6.6],[-35.9,7.2],[-35.1,7],[-33.2,5.6],[-31,4.2],[-33.8,0.4],[-35.3,-0.3],[-35.5,0],[-35.5,0.1],[-35.4,0.2],[-35.6,0.1],[-35.7,0.2],[-35.7,0.5],[-35.7,0.6],[-36,1],[-36,1.2],[-36.1,1.5],[-35.9,1.5],[-35.9,1.6],[-35.9,1.7],[-36.1,1.7],[-36.1,1.6],[-36.3,2.1],[-36.1,2.1],[-35.8,2.1],[-35.8,2],[-35.8,1.9],[-35.7,1.8],[-35.7,2.2],[-35.6,2.4],[-35.6,2.5],[-35.7,2.5],[-35.9,2.8],[-36,3],[-35.9,3.2],[-36,3.5],[-36.1,3.6],[-36.2,3.7],[-36,3.8],[-36.3,4],[-36.2,4],[-36,4.2],[-35.7,4.3],[-35.9,4.4],[-36,4.8],[-36.6,4.6],[-36.8,4.5],[-37.1,4.7],[-37,5]]]]}},{"type":"Feature","properties":{},"geometry":{"type":"MultiPolygon","coordinates":[[[[-36.8,-1.4],[-36.5,-0.7],[-36.4,-0.7],[-36.2,-0.7],[-35.8,-0.6],[-35.3,-1.2],[-36.1,-1.5],[-36.2,-1.5],[-36.6,-1.4],[-36.8,-1.4]]]]}},{"type":"Feature","properties":{},"geometry":{"type":"MultiPolygon","coordinates":[[[[-41.1,-5.5],[-41.4,-5.6],[-41.5,-5.4],[-41.2,-5.2],[-41.1,-5.5]]]]}},{"type":"Feature","properties":{},"geometry":{"type":"MultiPolygon","coordinates":[[[[-40.2,-5.1],[-40.9,-5.1],[-40.7,-4.9],[-40.4,-4.9],[-40.2,-5.1]]]]}},{"type":"Feature","properties":{},"geometry":{"type":"MultiPolygon","coordinates":[[[[-35.7,0.1],[-35.4,0.2],[-35.5,0.1],[-35.7,0.1]]]]}},{"type":"Feature","properties":{},"geometry":{"type":"MultiPolygon","coordinates":[[[[-36.9,0.9],[-36.6,0.7],[-36.5,0.3],[-37.2,0.4],[-36.9,0.9]]]]}},{"type":"Feature","properties":{},"geometry":{"type":"MultiPolygon","coordinates":[[[[-37.7,4.1],[-37,4.4],[-37.2,4],[-37.5,4],[-37.7,4.1]]]]}},{"type":"Feature","properties":{},"geometry":{"type":"MultiPolygon","coordinates":[[[[180,-62.7],[178.7,-63.8],[176,-63.5],[173.1,-63],[170.3,-62.3],[169.1,-61.5],[172,-61.8],[175.3,-62.3],[177.3,-62.6],[178.6,-62.5],[180,-62.7]]]]}},{"type":"Feature","properties":{},"geometry":{"type":"MultiPolygon","coordinates":[[[[-180,-64],[-179.6,-62.6],[-177.4,-62.6],[-176.9,-63],[-176.3,-63.3],[-175.4,-63.2],[-175,-64.5],[-175,-64.6],[-176,-65],[-174.8,-67.3],[-177,-66.8],[-178.4,-66.3],[-178.3,-66],[-178.8,-65.5],[-178.7,-64.3],[-180,-64]]]]}},{"type":"Feature","properties":{},"geometry":{"type":"MultiPolygon","coordinates":[[[[65.4,-70.4],[72.6,-68.9],[74.3,-69.4],[75.3,-70.8],[77.1,-72],[76.8,-72.3],[76.2,-72.6],[75.3,-72.4],[73.4,-73],[73.3,-73.1],[74.6,-73.7],[73.2,-74.6],[71.4,-75.2],[63.5,-75.4],[56.5,-75.1],[49.6,-75.9],[43.4,-76.2],[53.7,-72.3],[65.4,-70.4]]]]}},{"type":"Feature","properties":{},"geometry":{"type":"MultiPolygon","coordinates":[[[[82.6,-68.1],[82.2,-68.2],[82.2,-68.5],[81.8,-68.5],[81.6,-68.7],[81.9,-68.9],[81.6,-69.3],[81.3,-69.4],[81.3,-69.6],[81.3,-69.8],[81.4,-70.1],[83,-70.6],[83.8,-70.5],[87.4,-71.2],[88.2,-71.1],[88.4,-71],[88.4,-70.7],[87.7,-70.5],[88.3,-70.2],[89.6,-70.1],[90.2,-70.3],[89.2,-70.1],[89.5,-69.5],[88.4,-69],[87.9,-69.6],[87.7,-69.3],[87.5,-69.1],[86.9,-69],[86.7,-68.7],[85.9,-68.4],[85.1,-68.4],[84.8,-67.9],[91.7,-67],[98.2,-68.3],[103.3,-68.3],[106.3,-69.8],[106.2,-70.9],[100.7,-72.4],[94.5,-72.9],[87.6,-71.4],[84.8,-71.2],[81.8,-70.7],[79.4,-71.5],[75.3,-70.8],[76.5,-70.9],[75.4,-69.6],[74.1,-68.6],[82.6,-68.1]]]]}},{"type":"Feature","properties":{},"geometry":{"type":"MultiPolygon","coordinates":[[[[108.6,-70],[110.1,-69.8],[112.6,-69.5],[111.5,-69.9],[109.1,-71],[101.9,-73.2],[99.6,-73.6],[97.8,-73.7],[108.6,-70]]]]}},{"type":"Feature","properties":{},"geometry":{"type":"MultiPolygon","coordinates":[[[[35.9,-50.7],[40.3,-53.4],[34.4,-56],[32.2,-60.5],[29.2,-63.5],[24.7,-62],[24.1,-56],[28.8,-53],[35.9,-50.7]]]]}},{"type":"Feature","properties":{},"geometry":{"type":"MultiPolygon","coordinates":[[[[83.8,-54.1],[78,-53.3],[74,-50.8],[74.8,-49.2],[75.2,-48.2],[76.2,-48.7],[76.8,-48.8],[77,-49.2],[78.7,-50.2],[81.1,-52.2],[83.8,-54.1]]]]}},{"type":"Feature","properties":{},"geometry":{"type":"MultiPolygon","coordinates":[[[[42.3,-69.7],[35.8,-71.9],[24.5,-73.9],[32.9,-71.8],[42.3,-69.7]]]]}},{"type":"Feature","properties":{},"geometry":{"type":"MultiPolygon","coordinates":[[[[51.3,-67.8],[42.3,-69.4],[48.3,-67.7],[51.3,-67.8]]]]}},{"type":"Feature","properties":{},"geometry":{"type":"MultiPolygon","coordinates":[[[[-33.7,-51.6],[-33,-49.9],[-30.7,-49.2],[-24.7,-49.8],[-17.1,-51.3],[-12.7,-53],[-12.7,-54.4],[-16.8,-53.3],[-24.8,-53.4],[-32.1,-52.7],[-33.7,-51.6]]]]}},{"type":"Feature","properties":{},"geometry":{"type":"MultiPolygon","coordinates":[[[[5.9,-71.1],[-2.5,-73.3],[-17.5,-74.5],[-19.3,-73.7],[-21.2,-73.6],[-28.5,-72.7],[-30.1,-72.7],[-31.4,-71.9],[-29.3,-71.7],[-25.8,-70.6],[-16.8,-68.6],[-12,-69.2],[-7.4,-69.2],[-3.3,-68.7],[0.6,-69.3],[4.3,-70.8],[5.9,-71.1]]]]}},{"type":"Feature","properties":{},"geometry":{"type":"MultiPolygon","coordinates":[[[[-84.2,-71.2],[-92.4,-74.1],[-101.2,-71.7],[-101.9,-68.9],[-97.5,-65.1],[-94.3,-59.6],[-89.5,-55],[-87.3,-52],[-82.5,-51.1],[-78.9,-53.1],[-81.2,-56.2],[-84.2,-61.2],[-83.7,-63.4],[-84.4,-65.2],[-82.5,-65.6],[-86.2,-64.3],[-87.3,-67.1],[-83.8,-70.3],[-84.2,-71.2]]]]}},{"type":"Feature","properties":{},"geometry":{"type":"MultiPolygon","coordinates":[[[[-57.1,-72.5],[-64,-73.7],[-71.4,-75.1],[-81.5,-73.3],[-75.2,-71.5],[-77.4,-67.4],[-75.7,-62.8],[-71.7,-60.6],[-66.4,-60.6],[-63,-63.4],[-62.6,-67.7],[-59,-72.1],[-57.1,-72.5]]]]}},{"type":"Feature","properties":{},"geometry":{"type":"MultiPolygon","coordinates":[[[[-92.4,-74.1],[-84.2,-71.2],[-81.7,-72.8],[-78.9,-74.3],[-76.4,-75.9],[-84.6,-76.3],[-92.4,-74.1]]]]}},{"type":"Feature","properties":{},"geometry":{"type":"MultiPolygon","coordinates":[[[[-41.3,-72.2],[-44.5,-69.8],[-44.2,-69.9],[-43.6,-69.8],[-43.4,-69.9],[-43,-70.1],[-42.8,-70.3],[-42.8,-70.5],[-42.4,-70.5],[-41.6,-70.5],[-42.1,-70.8],[-41.5,-70.9],[-41.2,-70.7],[-40.8,-70.8],[-40.6,-70.9],[-40.2,-71.1],[-39.9,-71.1],[-39.8,-71.2],[-40.1,-71.4],[-40.7,-71.6],[-40.8,-71.7],[-40.6,-71.6],[-39.7,-71.6],[-40.2,-71.8],[-40.9,-72],[-41.3,-72.2]]]]}},{"type":"Feature","properties":{},"geometry":{"type":"MultiPolygon","coordinates":[[[[-34.6,-72.5],[-40.7,-72.3],[-40.1,-72.3],[-39.4,-72.2],[-38.7,-72.1],[-37.7,-72.1],[-37,-72.2],[-36.9,-72],[-34.8,-72.4],[-34.6,-72.5]]]]}},{"type":"Feature","properties":{},"geometry":{"type":"MultiPolygon","coordinates":[[[[-38.9,-71.9],[-39.8,-72.1],[-40,-72.1],[-39.8,-71.9],[-38.9,-71.9]]]]}},{"type":"Feature","properties":{},"geometry":{"type":"MultiPolygon","coordinates":[[[[-34.3,-79.6],[-49.3,-80.7],[-80.5,-83.1],[-98.4,-81.3],[-85.8,-79.2],[-71,-77.8],[-57.9,-78.5],[-42.5,-78.5],[-34.3,-79.6]]]]}},{"type":"Feature","properties":{},"geometry":{"type":"MultiPolygon","coordinates":[[[[-60.6,-53.9],[-63.5,-53.2],[-67,-52.4],[-69.8,-51.7],[-73.2,-52.1],[-76.1,-51.9],[-78,-52.5],[-82.5,-51.1],[-87.3,-52],[-89.5,-55],[-94.3,-59.6],[-97.5,-65.1],[-101.9,-68.9],[-108.1,-71.8],[-113.1,-69.2],[-109.4,-65.1],[-106.9,-62.8],[-103.6,-59.7],[-102.9,-57.1],[-101.6,-55],[-98.2,-52.6],[-95.2,-50.4],[-90.9,-47.6],[-85.9,-46.8],[-81.7,-47.2],[-77.9,-48],[-76.3,-47.2],[-72,-47.4],[-71.3,-47.4],[-70.9,-47.5],[-70.4,-47.6],[-69.9,-47.7],[-69.4,-47.8],[-68.8,-47.9],[-68.3,-48],[-68,-48.1],[-67.4,-48.3],[-65.5,-49.5],[-64.7,-50.5],[-64,-50.6],[-63.3,-50.7],[-62.3,-51],[-60.3,-52],[-61.6,-51.5],[-61.8,-52],[-61.7,-52.4],[-61,-52.7],[-60.5,-53.2],[-60.2,-53.7],[-60.7,-53.8],[-60.6,-53.9]]]]}},{"type":"Feature","properties":{},"geometry":{"type":"MultiPolygon","coordinates":[[[[-59.2,-52.5],[-59.6,-52.9],[-60.1,-52.5],[-59.2,-52.5]]]]}},{"type":"Feature","properties":{},"geometry":{"type":"MultiPolygon","coordinates":[[[[-161.2,-69],[-160.3,-68.9],[-152.4,-70],[-146,-69.4],[-146.1,-70.2],[-150.5,-70.9],[-151.8,-71.3],[-156.3,-71.8],[-161.2,-69]]]]}},{"type":"Feature","properties":{},"geometry":{"type":"MultiPolygon","coordinates":[[[[-54.4,-28.7],[-56,-28.9],[-56.8,-28.8],[-55.1,-27.8],[-55.1,-27.9],[-54.8,-27.9],[-54.9,-28.1],[-54.5,-28.2],[-54.2,-28.1],[-54.1,-28.3],[-53.9,-28.6],[-54.4,-28.6],[-54.4,-28.7]]]]}},{"type":"Feature","properties":{},"geometry":{"type":"MultiPolygon","coordinates":[[[[-55.1,-27.7],[-56.8,-27.4],[-57,-26],[-57,-24.3],[-57,-23.2],[-57,-22.1],[-56.8,-22.2],[-56.9,-22.4],[-56.8,-22.5],[-56.8,-22.6],[-56.7,-22.7],[-56.9,-23],[-56.9,-23.1],[-56.6,-23.2],[-56.5,-23.4],[-56.9,-23.4],[-56.6,-23.5],[-56.5,-23.6],[-56.4,-23.7],[-56.6,-24.1],[-56.9,-24.2],[-56.4,-24.1],[-56.3,-24.3],[-56.6,-24.4],[-56.7,-24.6],[-56.3,-24.5],[-56.5,-24.7],[-56.3,-24.7],[-56.1,-24.9],[-56.1,-25.1],[-56.4,-25.2],[-56.2,-25.4],[-56,-25.5],[-55.9,-25.8],[-56.3,-26],[-56.2,-26.1],[-56.2,-26.2],[-56.4,-26.2],[-56.5,-26.3],[-56.3,-26.5],[-56.2,-26.6],[-56.2,-26.7],[-56.1,-26.9],[-55.8,-27.2],[-55.6,-27.2],[-55.6,-27.3],[-55.9,-27.6],[-55.5,-27.6],[-55.3,-27.5],[-55.1,-27.7]]]]}},{"type":"Feature","properties":{},"geometry":{"type":"MultiPolygon","coordinates":[[[[-70.5,-38.1],[-70.8,-38],[-71.6,-38.1],[-71.8,-38.1],[-71.9,-38.4],[-73.1,-38.4],[-73.6,-38.4],[-74.5,-38.5],[-74.1,-38.4],[-74.3,-38.4],[-74.6,-38.4],[-74.7,-38.4],[-74.8,-38.5],[-74.9,-38.6],[-75.4,-38.6],[-75.8,-38.7],[-77,-38.9],[-80,-39.2],[-83,-39.5],[-85.5,-39.3],[-88,-38.8],[-86,-37.9],[-82.6,-37.5],[-77.9,-37],[-74.4,-36.6],[-70.8,-36.8],[-69.3,-36.7],[-70.5,-38.1]]]]}},{"type":"Feature","properties":{},"geometry":{"type":"MultiPolygon","coordinates":[[[[-70.7,-38.4],[-71.8,-38.3],[-71.5,-38.2],[-71.2,-38.2],[-70.6,-38.3],[-70.7,-38.4]]]]}},{"type":"Feature","properties":{},"geometry":{"type":"MultiPolygon","coordinates":[[[[-91.1,-37.2],[-93.4,-35.3],[-92.3,-37.9],[-92.6,-37.8],[-93.3,-37.4],[-92.8,-37.8],[-93,-38],[-92.8,-38.1],[-92.8,-38.3],[-92.9,-38.2],[-93.1,-38.1],[-93.3,-38.2],[-93.4,-38.4],[-93.3,-38.8],[-93.5,-38.9],[-93.6,-38.7],[-93.6,-38.4],[-93.6,-38.2],[-93.7,-37.8],[-94.2,-38.1],[-94.1,-37.9],[-94.4,-37.8],[-94.6,-37.4],[-94.5,-37.1],[-94.6,-36.9],[-94.6,-36.6],[-94.7,-36.4],[-95.1,-36.4],[-95.8,-35.1],[-96.4,-34.8],[-96.5,-34.5],[-96.7,-34.4],[-96.8,-34.6],[-97.4,-34.6],[-98.2,-34.2],[-98.4,-34.1],[-98.4,-33.9],[-98.5,-33.7],[-98.9,-33.9],[-98.9,-33.8],[-99.3,-33.8],[-99.3,-33.6],[-99.5,-33.7],[-99.8,-33.5],[-100,-33.7],[-100.2,-33.7],[-100.4,-33.6],[-100.6,-33.6],[-100.8,-33.9],[-101.1,-34.2],[-101.3,-34.4],[-101.6,-34.7],[-102.8,-34.9],[-102.3,-34.6],[-102.5,-34.5],[-102.8,-34.6],[-103.1,-34.8],[-103.5,-34.8],[-103.7,-34.7],[-103.7,-31.9],[-105,-30.3],[-104.1,-28.9],[-102.2,-27.8],[-101.5,-28.2],[-100.8,-28.2],[-100.2,-28.2],[-99.9,-29.1],[-99.7,-29.3],[-99.6,-30],[-99.7,-30.5],[-99.2,-31.3],[-98.7,-31.9],[-98.5,-32.3],[-97.8,-32.8],[-95.5,-32.2],[-92.7,-31.5],[-90.9,-32.3],[-91.1,-36.6],[-91.1,-37.2]]]]}},{"type":"Feature","properties":{},"geometry":{"type":"MultiPolygon","coordinates":[[[[-57.6,-23],[-57.8,-23.2],[-57.7,-23.1],[-57.6,-23]]]]}},{"type":"Feature","properties":{},"geometry":{"type":"MultiPolygon","coordinates":[[[[-57.7,-23.4],[-57.6,-24.3],[-57.6,-26.3],[-57.4,-28.6],[-57.8,-29.2],[-59.2,-28.5],[-59.2,-28.3],[-58.7,-28.2],[-57.9,-28.5],[-57.8,-28.5],[-57.7,-28.3],[-58.1,-28.2],[-58.4,-27.8],[-58.6,-28],[-58.8,-28.1],[-58.9,-27.5],[-58.8,-28.2],[-59.2,-28.1],[-59.5,-27.5],[-59.3,-26.8],[-59.8,-25.2],[-59.8,-23.4],[-59.8,-22.8],[-59.4,-23.1],[-59.6,-23.7],[-59.5,-23.8],[-59,-23.7],[-58.7,-23.5],[-58.3,-23.3],[-58.3,-23.8],[-58.1,-23.3],[-57.7,-23.4]]]]}},{"type":"Feature","properties":{},"geometry":{"type":"MultiPolygon","coordinates":[[[[-59.3,-28.4],[-59.3,-27.9],[-59.3,-28.1],[-59.3,-28.4]]]]}},{"type":"Feature","properties":{},"geometry":{"type":"MultiPolygon","coordinates":[[[[-58.5,-18.5],[-58.7,-18.5],[-58.6,-19.1],[-58.4,-19.2],[-58.3,-19.4],[-58.4,-19.5],[-58.3,-19.7],[-58.3,-19.8],[-58.6,-20.3],[-58.8,-20],[-59.1,-19.8],[-59.2,-19.7],[-59.4,-19.5],[-59.5,-19.3],[-59.5,-19.1],[-59.5,-18.9],[-59.9,-18.7],[-59.8,-18.6],[-60,-18.5],[-60.1,-18.4],[-60.1,-18.2],[-60.1,-18.1],[-59.9,-18.1],[-59.8,-18],[-59.9,-17.8],[-60,-17.8],[-60.1,-17.7],[-59.1,-17.5],[-58.5,-18.5]]]]}},{"type":"Feature","properties":{},"geometry":{"type":"MultiPolygon","coordinates":[[[[17.5,-69.6],[17.3,-69.5],[15.7,-66.8],[13.6,-64],[19.5,-63.9],[27.1,-65.1],[25.1,-68.7],[19.9,-70.6],[17.5,-69.6]]]]}},{"type":"Feature","properties":{},"geometry":{"type":"MultiPolygon","coordinates":[[[[-49.3,-66.8],[-49.3,-65.1],[-49.1,-63.9],[-47.1,-60.7],[-44.7,-60.2],[-40.3,-62.6],[-41.1,-65.7],[-47.7,-66.8],[-49.3,-66.8]]]]}},{"type":"Feature","properties":{},"geometry":{"type":"MultiPolygon","coordinates":[[[[-70.1,-58.4],[-72.8,-55.2],[-68.4,-54.8],[-63.8,-58],[-66.1,-59.3],[-70.1,-58.4]]]]}},{"type":"Feature","properties":{},"geometry":{"type":"MultiPolygon","coordinates":[[[[70,-67.3],[69.5,-69.5],[64.3,-70.1],[61.1,-67.6],[70,-67.3]]]]}},{"type":"Feature","properties":{},"geometry":{"type":"MultiPolygon","coordinates":[[[[33.3,-77.6],[27.4,-78.5],[25.9,-78],[23.7,-78.6],[22.9,-78.7],[19.4,-79.4],[15.4,-79.6],[13.5,-79.4],[2.4,-78.5],[-0.2,-77.1],[3.2,-77.4],[6,-77.7],[10.5,-78],[16.1,-78.4],[21.4,-78.2],[23.2,-78],[24,-77.3],[33.3,-77.6]]]]}},{"type":"Feature","properties":{},"geometry":{"type":"MultiPolygon","coordinates":[[[[2.3,-59.4],[1.5,-60.7],[1.2,-60],[1.2,-59.3],[1.7,-58.2],[2.4,-57.5],[2.5,-58.2],[2.7,-58.9],[2.3,-59.4]]]]}},{"type":"Feature","properties":{},"geometry":{"type":"MultiPolygon","coordinates":[[[[104.1,-67.4],[106.2,-69],[103.3,-68.3],[98.2,-68.3],[91.7,-67],[98.9,-67.7],[102.2,-67.3],[104.1,-67.4]]]]}},{"type":"Feature","properties":{},"geometry":{"type":"MultiPolygon","coordinates":[[[[-100.2,-24.7],[-102.3,-23.4],[-103.1,-22.2],[-102.7,-20],[-102.4,-19.4],[-102,-19.4],[-100.9,-19.3],[-100.2,-20.3],[-100.7,-21.4],[-100.7,-22.4],[-100.1,-24],[-100.2,-24.7]]]]}},{"type":"Feature","properties":{},"geometry":{"type":"MultiPolygon","coordinates":[[[[87.3,-71.5],[89.1,-72.1],[91.1,-73.2],[88.2,-73.7],[81,-72.9],[80.8,-70.8],[84,-70.8],[87.3,-71.5]]]]}},{"type":"Feature","properties":{},"geometry":{"type":"MultiPolygon","coordinates":[[[[-93.9,-77.5],[-87.2,-77.5],[-88.6,-78.1],[-95.7,-77.8],[-93.9,-77.5]]]]}},{"type":"Feature","properties":{},"geometry":{"type":"MultiPolygon","coordinates":[[[[-102.2,-27.8],[-103,-26.5],[-102.7,-24.5],[-103,-23.1],[-101,-24.1],[-100.3,-25.3],[-100.7,-26.9],[-102.2,-27.8]]]]}},{"type":"Feature","properties":{},"geometry":{"type":"MultiPolygon","coordinates":[[[[36,-50.4],[30.8,-52.1],[25,-55.2],[22.4,-54],[25.3,-52.4],[32.3,-51.1],[36,-50.4]]]]}},{"type":"Feature","properties":{},"geometry":{"type":"MultiPolygon","coordinates":[[[[5.1,-23.9],[5.9,-23.6],[6.9,-23],[7.3,-22.6],[7.6,-22.6],[7.5,-22.9],[7.2,-23.6],[7,-24.2],[6.9,-24.4],[6.8,-24.8],[6.7,-25.3],[6.5,-25.6],[6.5,-25.8],[6.5,-26.1],[6.5,-26.3],[6.7,-26.6],[6.8,-27.2],[6.6,-27.8],[5.5,-28.5],[2.5,-28.8],[4,-26.8],[4.9,-24.2],[5.1,-23.9]]]]}},{"type":"Feature","properties":{},"geometry":{"type":"MultiPolygon","coordinates":[[[[0.3,-28.8],[3.5,-28.7],[3.4,-30],[3.3,-30.4],[2.5,-31.3],[1.8,-31.8],[-0.4,-32.8],[-1.1,-33.3],[-1.1,-33.2],[-1,-32.9],[-1.2,-32.9],[-1.5,-32.8],[-1,-32.4],[-0.9,-32.1],[-0.4,-32],[-0.2,-31.8],[-0.2,-31.5],[0,-31.3],[-0.8,-30.8],[-0.3,-30.6],[0.4,-29.8],[0.1,-29.6],[0.3,-29.3],[0.2,-28.9],[0.3,-28.8]]]]}},{"type":"Feature","properties":{},"geometry":{"type":"MultiPolygon","coordinates":[[[[6.5,-27.9],[6.7,-28.8],[7.4,-29.3],[7.7,-29.4],[8.1,-29.2],[8.9,-29.1],[8.9,-29.6],[8.6,-30.8],[8.2,-31],[8.1,-31.1],[8,-31.3],[7.6,-32],[7.7,-32.5],[7.6,-32.7],[7.5,-32.8],[7.4,-33],[7.2,-33.2],[7,-33.3],[6.7,-33.5],[6.4,-33.6],[6.2,-33.8],[6.1,-34],[5.9,-34.2],[5.7,-34.3],[5.3,-34.5],[5,-34.6],[4.8,-34.8],[3.9,-33.9],[3.8,-33.9],[3.9,-33.2],[2.8,-33.1],[2.7,-32.9],[2.4,-32.8],[1,-32.8],[0.8,-32.8],[0.6,-32.6],[0.3,-32.8],[0.2,-32.8],[0.1,-32.9],[0,-32.9],[-0.2,-32.9],[-0.6,-33.1],[-0.7,-33.3],[-0.1,-32.7],[2,-31.7],[2.8,-31.1],[3.3,-30.3],[3.5,-29.9],[5.5,-28.5],[6.5,-27.9]]]]}},{"type":"Feature","properties":{},"geometry":{"type":"MultiPolygon","coordinates":[[[[-1,-38.9],[-0.8,-38.9],[-0.6,-39.2],[-0.4,-39.5],[-0.3,-39.7],[0.1,-39.9],[0.3,-40],[0.5,-40.1],[0.7,-40.3],[1,-40.6],[1.2,-40.8],[1.4,-40.9],[1.6,-41.1],[1.8,-41.2],[2,-41.2],[2.1,-41.3],[2,-41.9],[1.3,-42.2],[-1.3,-42],[-1.4,-42.2],[-3.3,-42.6],[-4.4,-43.4],[-4.9,-43.2],[-5.2,-43.2],[-5.6,-43.2],[-6.1,-43.1],[-6.3,-43],[-6.6,-42.8],[-7.1,-42.7],[-7.7,-42.6],[-8.1,-42.5],[-8.4,-42.4],[-8.7,-42.2],[-9.1,-42.1],[-9.4,-42.1],[-9.7,-42.1],[-9.7,-41.9],[-10.1,-42],[-10.4,-41.9],[-10.7,-41.8],[-10.5,-41.6],[-10.3,-41.1],[-10.4,-40.7],[-10.7,-40.4],[-11.3,-40.3],[-11,-39.1],[-10.5,-38.8],[-10.4,-38.8],[-10.6,-38.4],[-10.3,-38.5],[-10,-38.3],[-10.1,-38],[-8.9,-37.7],[-7.8,-37.1],[-6.7,-36.3],[-6.8,-36],[-6.9,-35.9],[-6.6,-35.6],[-6.4,-35.4],[-6,-35.4],[-5.6,-35.7],[-5.4,-35.7],[-5.1,-35.7],[-4.8,-36.1],[-4.1,-36.6],[-3.6,-37],[-2.5,-37.8],[-2.4,-38],[-2.1,-38.3],[-1.8,-38.4],[-1,-38.9]]]]}},{"type":"Feature","properties":{},"geometry":{"type":"MultiPolygon","coordinates":[[[[-10.7,-41.8],[-10.4,-41.9],[-10.1,-42],[-9.7,-41.9],[-9.7,-42.1],[-9.4,-42.1],[-9.1,-42.1],[-8.7,-42.2],[-8.4,-42.4],[-8.1,-42.5],[-7.7,-42.6],[-7.1,-42.7],[-6.6,-42.8],[-6.3,-43],[-6.1,-43.1],[-5.6,-43.2],[-5.2,-43.2],[-4.9,-43.2],[-4.4,-43.4],[-5.2,-43.7],[-5.9,-43.5],[-7.2,-43.6],[-8.2,-43.1],[-9.9,-42.3],[-10.6,-42.3],[-10.7,-41.8]]]]}},{"type":"Feature","properties":{},"geometry":{"type":"MultiPolygon","coordinates":[[[[144,-64.5],[152,-61.9],[152.4,-61.9],[152.7,-62],[153.8,-61.9],[153.3,-62.7],[153.2,-63],[151.5,-63.8],[151.4,-64.2],[152.7,-64.6],[151.5,-64.4],[151.6,-65],[150.4,-64.7],[149.6,-64.6],[149.3,-65],[148.6,-65.5],[148.3,-64.9],[146.6,-65],[145.8,-65],[144.6,-64.9],[144,-64.5]]]]}},{"type":"Feature","properties":{},"geometry":{"type":"MultiPolygon","coordinates":[[[[145.5,-65.6],[145.7,-65.1],[146.3,-65.6],[145.5,-65.6]]]]}},{"type":"Feature","properties":{},"geometry":{"type":"MultiPolygon","coordinates":[[[[119.5,-59.8],[119.6,-59.8],[119.6,-59.9],[119.5,-59.8]]]]}},{"type":"Feature","properties":{},"geometry":{"type":"MultiPolygon","coordinates":[[[[119.1,-61.3],[119.4,-61.3],[119.6,-61.2],[120.1,-61.2],[120.4,-61.2],[119.1,-61.3]]]]}},{"type":"Feature","properties":{},"geometry":{"type":"MultiPolygon","coordinates":[[[[122.7,-61.1],[127.6,-59.7],[129.6,-61.3],[130.6,-62.4],[130.8,-63.4],[129.7,-63.8],[129.1,-63.7],[129.1,-63.1],[127.4,-62.9],[127.8,-62.8],[126.4,-62.5],[125.7,-61.7],[124.6,-61.5],[122.7,-61.1]]]]}},{"type":"Feature","properties":{},"geometry":{"type":"MultiPolygon","coordinates":[[[[131.7,-64.5],[139.8,-63],[144.2,-60.7],[143,-65.1],[138.1,-65.3],[137.8,-65.3],[137.2,-65.6],[136.3,-65.3],[135.7,-65.5],[133.8,-64.9],[133,-64.8],[131.7,-64.5]]]]}},{"type":"Feature","properties":{},"geometry":{"type":"MultiPolygon","coordinates":[[[[144.2,-60.7],[152.2,-60.4],[152.5,-61.4],[152.4,-61.9],[152,-61.9],[144,-64.5],[144,-62.1],[144.2,-60.7]]]]}},{"type":"Feature","properties":{},"geometry":{"type":"MultiPolygon","coordinates":[[[[-60.2,-20],[-60.1,-20.3],[-59.8,-20.5],[-59.8,-21.3],[-60.1,-21.6],[-60.2,-22.3],[-60.6,-23.3],[-60.4,-24],[-60.5,-25],[-60.2,-26.2],[-60.1,-27.2],[-60.4,-28.3],[-60.5,-28.6],[-61.2,-28.8],[-61.8,-28.9],[-62.7,-28.9],[-63.7,-29],[-64.2,-29],[-65,-29.4],[-65.5,-30.8],[-66.3,-31.3],[-66.7,-32.2],[-67.3,-33.2],[-67.9,-33.1],[-67.9,-32.7],[-67.9,-32.2],[-68.4,-32.2],[-68.5,-31.7],[-69.1,-31.5],[-69.1,-31.3],[-70.4,-31.6],[-70.8,-31.4],[-70.9,-31.6],[-71,-31.3],[-72,-31.4],[-72.5,-31.5],[-72.7,-31.6],[-73.1,-31.4],[-73.5,-31.5],[-73.5,-31],[-73.6,-30.9],[-73.8,-30.8],[-73.9,-30.7],[-73.9,-30.6],[-75.3,-29.4],[-75.2,-29.2],[-75.2,-28.7],[-75.1,-28.5],[-75,-27.5],[-75.4,-26.2],[-75.9,-25.7],[-76,-25.8],[-76.3,-25.8],[-76.7,-25.8],[-77.2,-25.7],[-78.2,-24.9],[-78.8,-24.8],[-79.6,-25.2],[-80.5,-25.5],[-81.7,-25.8],[-82.2,-25.9],[-82.6,-26.6],[-84,-25.9],[-86.2,-25.3],[-86.1,-24.2],[-85.7,-21.9],[-84.7,-21.2],[-83.6,-20.2],[-82.1,-19.3],[-81.1,-18.6],[-79.5,-17.5],[-78.4,-17.2],[-78.4,-17.5],[-78.5,-17.7],[-78.9,-18.1],[-78.9,-18.4],[-78.8,-18.2],[-78.1,-17.7],[-78.1,-17.2],[-76.8,-17],[-76.1,-16.8],[-75.6,-16.7],[-74.7,-16.5],[-74.3,-16.8],[-73.7,-17.1],[-72.4,-18.6],[-70.5,-19.4],[-70.5,-20.5],[-69.8,-21.9],[-69.1,-22.4],[-68.7,-22.8],[-69.1,-23.7],[-69.9,-24.8],[-69.8,-25.6],[-69.7,-26.7],[-69.4,-27.1],[-68.9,-26.8],[-68.9,-27.4],[-68.6,-27.1],[-68.3,-26.8],[-68,-26.5],[-68,-26.2],[-67.9,-26.1],[-67.8,-25.9],[-67.6,-25.3],[-67.5,-25.2],[-67.4,-25],[-67.4,-24.8],[-67.5,-24.5],[-67.4,-24.3],[-66,-24.2],[-64.9,-23.7],[-64.3,-22.3],[-64.4,-21.7],[-64.6,-21.1],[-64.6,-20.9],[-64.4,-20.8],[-64,-20.7],[-63.8,-20.6],[-63.8,-20.5],[-63.4,-20.3],[-63.4,-20],[-63.3,-19.5],[-63.1,-19.5],[-62.1,-19.3],[-60.6,-19.4],[-60.5,-19.9],[-60.2,-20]]]]}},{"type":"Feature","properties":{},"geometry":{"type":"MultiPolygon","coordinates":[[[[-76.8,-28.1],[-76.9,-28.6],[-76.9,-28.7],[-77.2,-28.7],[-77.3,-28.4],[-78.2,-27.9],[-79.5,-26.6],[-80,-26.2],[-79.9,-26],[-79.2,-26.3],[-77.8,-26.9],[-77.2,-27.1],[-77.1,-27.5],[-76.8,-28.1]]]]}},{"type":"Feature","properties":{},"geometry":{"type":"MultiPolygon","coordinates":[[[[-66,-22.9],[-66.2,-22.9],[-66.2,-23],[-66.5,-22.9],[-66.8,-23],[-66.4,-22.8],[-66.4,-22.9],[-66,-22.9]]]]}},{"type":"Feature","properties":{},"geometry":{"type":"MultiPolygon","coordinates":[[[[-69.1,-4.4],[-72.4,-6.8],[-73.8,-7.1],[-74.4,-6.3],[-74.4,-5.5],[-74.4,-5.1],[-73.9,-4.7],[-72.6,-3.9],[-71.3,-3.6],[-70,-3],[-69.9,-2.2],[-70.6,0.8],[-69.7,1.7],[-69.2,2],[-69,2],[-68.9,2],[-69.5,1.2],[-69.6,0.8],[-69.5,0.8],[-69.2,0.8],[-69.1,0.9],[-69,0.9],[-68.8,0.8],[-68.8,0.7],[-69.2,0.6],[-69.5,0.4],[-69.3,0.2],[-69,-1],[-68.9,-2.1],[-68.8,-2.3],[-68.8,-3.2],[-69.2,-3],[-69.7,-3],[-69.1,-4.3],[-69.1,-4.4]]]]}},{"type":"Feature","properties":{},"geometry":{"type":"MultiPolygon","coordinates":[[[[-69.9,2.7],[-70.8,3.5],[-71.2,4.6],[-70.9,4.8],[-70.9,4.5],[-70.9,4.2],[-70.8,4.2],[-70.6,4.5],[-70.5,4.3],[-70.5,4.2],[-70.3,4.1],[-70,3.9],[-70.1,3.7],[-70.3,3.7],[-70.2,3.5],[-69.9,3.3],[-69.5,3],[-69.4,2.8],[-69.3,2.7],[-69.3,2.6],[-69.7,2.7],[-69.9,2.7]]]]}},{"type":"Feature","properties":{},"geometry":{"type":"MultiPolygon","coordinates":[[[[-73,-7.5],[-73.5,-7.1],[-73.2,-7.2],[-73,-7.5]]]]}},{"type":"Feature","properties":{},"geometry":{"type":"MultiPolygon","coordinates":[[[[-75.1,-5.9],[-74.6,-5.4],[-74.8,-5.8],[-75.1,-5.9]]]]}},{"type":"Feature","properties":{},"geometry":{"type":"MultiPolygon","coordinates":[[[[-73.3,-7.8],[-74.2,-7.3],[-73.6,-7.3],[-73.3,-7.8]]]]}},{"type":"Feature","properties":{},"geometry":{"type":"MultiPolygon","coordinates":[[[[-75.5,-6.8],[-76.1,-6],[-75.6,-6.7],[-75.5,-6.8]]]]}},{"type":"Feature","properties":{},"geometry":{"type":"MultiPolygon","coordinates":[[[[-65,-5.9],[-65.3,-6],[-65.4,-6.1],[-65.6,-6],[-65.7,-6.1],[-65.8,-5.8],[-65.8,-6],[-65.9,-6.2],[-66.5,-6.3],[-66.6,-6.1],[-66.8,-5.7],[-66.8,-5.3],[-67.5,-4.7],[-68.1,-4.3],[-68.3,-4.2],[-68.5,-3.2],[-68.2,-3.2],[-68.3,-2],[-68,-1.5],[-67,-3],[-66.8,-3.2],[-66.9,-2.3],[-67.3,-1.7],[-67.5,-1.3],[-67.3,-0.9],[-66.6,-1.3],[-66.4,-1.5],[-66.7,-0.9],[-66.6,-0.8],[-66.7,-0.5],[-66.2,-0.3],[-65.9,-0.2],[-65,-1.3],[-65.1,-1.5],[-64.7,-1.5],[-65.1,-2.1],[-64.9,-2.2],[-65,-2.2],[-64.7,-2.3],[-64.7,-2.4],[-64.5,-2.3],[-64.5,-2.2],[-64.4,-2.5],[-64.4,-2.8],[-65.1,-3.3],[-64.8,-3.4],[-63.9,-2.5],[-63.7,-2.8],[-63.6,-3.4],[-64.6,-4.6],[-64.9,-4.7],[-65,-5.3],[-65,-5.5],[-65,-5.9]]]]}},{"type":"Feature","properties":{},"geometry":{"type":"MultiPolygon","coordinates":[[[[-64.4,0.8],[-64.6,0.6],[-64.6,-0.6],[-66.1,0],[-66.6,0.1],[-67.3,0.2],[-67.3,1.1],[-67,1.8],[-66.1,1.6],[-64.8,2.1],[-64.4,0.8]]]]}},{"type":"Feature","properties":{},"geometry":{"type":"MultiPolygon","coordinates":[[[[-61.9,-4.2],[-63.3,-5.1],[-63.3,-4.7],[-63.3,-4.4],[-62.9,-4.3],[-62.9,-4.6],[-62.7,-4.5],[-62.5,-4.3],[-62.3,-4.2],[-62.3,-3.9],[-62.2,-3.8],[-61.8,-4],[-61.9,-4.2]]]]}},{"type":"Feature","properties":{},"geometry":{"type":"MultiPolygon","coordinates":[[[[-76.6,-17],[-77.5,-17.2],[-78.2,-17.2],[-78.4,-16.9],[-78.7,-17.2],[-78.4,-17.2],[-79.5,-17.5],[-81.1,-18.6],[-82.1,-19.3],[-83.6,-20.2],[-84.7,-21.2],[-85.7,-21.9],[-85.2,-20.3],[-82.9,-18.8],[-82.1,-18.3],[-81.8,-17.9],[-81.1,-17],[-79,-15.9],[-77.7,-15.2],[-77.5,-15.1],[-77.4,-14.9],[-77.2,-14.8],[-77.2,-15.2],[-77.4,-15.3],[-76.9,-15.8],[-76.7,-15.9],[-76.6,-16.1],[-76.1,-16.3],[-76.1,-16.5],[-76.4,-16.8],[-76.6,-17]]]]}},{"type":"Feature","properties":{},"geometry":{"type":"MultiPolygon","coordinates":[[[[-74.3,-16.7],[-74.3,-16.8],[-74.7,-16.5],[-75.6,-16.7],[-76.1,-16.8],[-76.4,-16.8],[-76.1,-16.5],[-76.1,-16.3],[-76.6,-16.1],[-76.7,-15.9],[-76.9,-15.8],[-77.4,-15.3],[-77.2,-15.2],[-77.2,-14.8],[-77.4,-14.8],[-77.5,-14.8],[-77.4,-14.6],[-76.7,-14.6],[-76.6,-14.3],[-76.4,-14.1],[-76,-14.1],[-75.9,-14.4],[-75.4,-14.9],[-75.6,-15.2],[-75.3,-15.8],[-74.9,-16.1],[-74.3,-16.7]]]]}},{"type":"Feature","properties":{},"geometry":{"type":"MultiPolygon","coordinates":[[[[-76.5,-13.9],[-76.9,-14],[-77.7,-13.8],[-77.8,-13.7],[-76.6,-13.9],[-76.5,-13.9]]]]}},{"type":"Feature","properties":{},"geometry":{"type":"MultiPolygon","coordinates":[[[[-61.8,-10.8],[-61.6,-11],[-61.2,-10.9],[-60.3,-11.4],[-60.4,-11.5],[-60.9,-11.8],[-61,-11.7],[-61,-11.9],[-61.2,-12.2],[-61.8,-13.3],[-62.5,-13.3],[-62.5,-13],[-62.5,-12.7],[-62.7,-12.5],[-62.6,-12.6],[-62.6,-12.8],[-62.7,-13.4],[-62.9,-13.1],[-63.1,-13],[-63.3,-12.6],[-63.4,-12.9],[-64.2,-13.1],[-64.7,-12.6],[-64.9,-12.1],[-65,-12],[-64.7,-13.1],[-64.8,-13.7],[-65.1,-13.7],[-65.8,-13.9],[-65.9,-13.7],[-66.1,-13.7],[-66.3,-13.7],[-66.8,-13.6],[-67.2,-13],[-67.5,-12.4],[-67.4,-12.8],[-67.2,-13],[-67.3,-13.1],[-66.9,-13.6],[-67,-14],[-67.6,-13.6],[-68.3,-12.9],[-70.5,-12.5],[-71.3,-11.5],[-72.7,-11.7],[-73.7,-11.5],[-74.3,-11.3],[-74.9,-11.3],[-76.3,-9.5],[-75.6,-10.3],[-75.3,-10.5],[-75.7,-9.6],[-76.4,-9.2],[-75.5,-8.4],[-74.4,-7.9],[-73.8,-7.8],[-71.7,-8.6],[-71.1,-8.9],[-69.7,-8.1],[-68.2,-7.5],[-67.1,-7.1],[-66.9,-7.4],[-66.7,-7.7],[-66.5,-7.8],[-66.1,-8.4],[-66,-8.8],[-65.6,-8.6],[-65.8,-8.4],[-65.8,-8.2],[-65.7,-8],[-65.5,-8.2],[-65.3,-8.2],[-65.3,-8.7],[-65.5,-8.8],[-65.6,-9.1],[-65.7,-9.3],[-65.6,-9.5],[-65.7,-9.7],[-65.4,-9.2],[-64.4,-9.1],[-64,-8.9],[-64.2,-8.9],[-64,-8.6],[-63.8,-8.6],[-63.6,-8.5],[-63.9,-8.1],[-63.9,-7.5],[-63.4,-7.2],[-63.4,-6.8],[-62.4,-6.6],[-62.2,-6.6],[-62.2,-6.8],[-62.5,-8],[-62.6,-8.2],[-62.5,-8.2],[-62.8,-8.2],[-62.9,-8.3],[-63.1,-8.6],[-63.1,-8.9],[-62.9,-9.1],[-62.8,-9.1],[-63,-9.3],[-63.1,-9.1],[-63.3,-9.7],[-63.6,-10.1],[-63.3,-10.2],[-62.5,-10.1],[-62.9,-10.7],[-63.2,-11.1],[-63.4,-11.7],[-63.2,-11.7],[-63,-11.6],[-62.7,-11.5],[-61.8,-10.8]]]]}},{"type":"Feature","properties":{},"geometry":{"type":"MultiPolygon","coordinates":[[[[-63.5,-13.1],[-63.6,-13.5],[-63.4,-13.8],[-63.2,-14.5],[-63,-15.6],[-62.9,-15.9],[-62.7,-16],[-62.8,-16.2],[-63.6,-15.8],[-63.6,-15.2],[-64.1,-15.4],[-65,-15.5],[-65.1,-14.8],[-65.4,-14.5],[-64.3,-13.8],[-63.5,-13.1]]]]}},{"type":"Feature","properties":{},"geometry":{"type":"MultiPolygon","coordinates":[[[[-61.5,-5.9],[-61,-5.2],[-60.5,-5],[-60.3,-5.2],[-60.2,-6],[-60.6,-6.2],[-61.5,-5.9]]]]}},{"type":"Feature","properties":{},"geometry":{"type":"MultiPolygon","coordinates":[[[[-62.1,-6.4],[-61.6,-6],[-62,-6.5],[-62.1,-6.4]]]]}},{"type":"Feature","properties":{},"geometry":{"type":"MultiPolygon","coordinates":[[[[-64.4,-7.4],[-64.4,-7.9],[-64.4,-8.5],[-64.8,-8.6],[-65.1,-8.2],[-65.3,-7.9],[-65.4,-7.6],[-65.4,-7.5],[-65.5,-7.4],[-65.3,-7.3],[-64.9,-7.3],[-64.7,-7.2],[-64.4,-7.4]]]]}},{"type":"Feature","properties":{},"geometry":{"type":"MultiPolygon","coordinates":[[[[-63.8,-16.5],[-64.8,-16.7],[-64.5,-16.2],[-63.9,-16.4],[-63.8,-16.5]]]]}},{"type":"Feature","properties":{},"geometry":{"type":"MultiPolygon","coordinates":[[[[-62.9,-13.7],[-62.9,-13.8],[-63,-13.6],[-62.9,-13.7]]]]}},{"type":"Feature","properties":{},"geometry":{"type":"MultiPolygon","coordinates":[[[[-64.1,-7.8],[-64.2,-8],[-64.3,-8],[-64.1,-7.8]]]]}},{"type":"Feature","properties":{},"geometry":{"type":"MultiPolygon","coordinates":[[[[-60.5,-33.7],[-61.1,-33.9],[-62,-33.5],[-61.8,-33.8],[-61.1,-34.1],[-60.9,-34.2],[-60.9,-34.3],[-60.9,-34.4],[-61.1,-34.6],[-61,-34.9],[-62.1,-35.2],[-64,-35.9],[-65.3,-36.3],[-66.4,-36.6],[-67.5,-36.9],[-70,-38.2],[-70.4,-38],[-68.6,-36],[-68.4,-35.7],[-68.2,-35.6],[-67.3,-35.2],[-66.5,-34.9],[-66,-35],[-65.3,-34.8],[-64.4,-34],[-63.3,-33.5],[-63,-33.4],[-62.3,-33.3],[-61.8,-33.2],[-60.8,-33.4],[-60.5,-33.7]]]]}},{"type":"Feature","properties":{},"geometry":{"type":"MultiPolygon","coordinates":[[[[45.1,-37.7],[45.3,-38.1],[45.7,-38.3],[46.4,-38.5],[47.5,-38.8],[49.3,-39.1],[51.3,-39.6],[54,-39.1],[54.5,-39],[56.3,-39],[58.1,-39.1],[60.4,-38.9],[62.8,-38.4],[65.3,-38.8],[64.9,-38.7],[64.5,-38.7],[63.9,-39.6],[63.4,-40.7],[62.3,-41.1],[60.8,-41.3],[59.7,-41.8],[58.5,-41.4],[58.3,-41.4],[56.8,-41.1],[56.1,-41.3],[55.4,-41.5],[55.4,-41.4],[55.3,-41.6],[55.5,-42],[55,-42.2],[55.2,-42.9],[55.5,-42.7],[56.5,-43.1],[57.4,-43.4],[57.6,-43.4],[57.8,-43.5],[58.3,-43.6],[58.6,-43.6],[58.8,-43.5],[59.9,-43.5],[60.1,-43.5],[60.4,-44],[60.8,-44.1],[61.8,-44.3],[61.7,-43.8],[61.6,-43.7],[61.3,-43.4],[61.8,-43],[62,-43.2],[62.4,-43.5],[62.9,-44],[63,-44],[63.3,-44.2],[63.6,-44.1],[64.1,-44.1],[64.4,-43.8],[65.1,-43.1],[65.7,-42.4],[65.6,-42.3],[65.7,-42],[65.5,-41.6],[65.4,-40.7],[65.3,-40.3],[65.3,-39.6],[65.1,-39.6],[65.3,-39.5],[65.3,-39.6],[65.6,-39.7],[66.6,-40.4],[70.2,-42.4],[74.1,-46.3],[73.5,-47.5],[74,-49],[73.1,-51.2],[73,-52.5],[69.3,-53.8],[68.3,-52.5],[64.1,-50.5],[61.2,-49.5],[58.2,-48.9],[55.9,-48.6],[54.3,-48.2],[53.3,-48.1],[52.2,-47.8],[51.2,-47.7],[49.9,-48.1],[49.6,-48.6],[50.2,-49.5],[48.8,-50],[46.2,-50.6],[44.5,-50.3],[42.7,-49.5],[41.7,-48.9],[41.4,-47.7],[41.1,-46.8],[40.8,-46.3],[40.4,-45.7],[40.2,-45.4],[40,-44.9],[39.5,-43.7],[39,-42.9],[38.8,-42.5],[39.2,-41.3],[39.8,-40.3],[40.3,-39.6],[41,-39],[43.3,-37.9],[45.1,-37.7]]]]}},{"type":"Feature","properties":{},"geometry":{"type":"MultiPolygon","coordinates":[[[[64.4,-39.2],[64,-40.1],[64.3,-39.2],[64.4,-39.2]]]]}},{"type":"Feature","properties":{},"geometry":{"type":"MultiPolygon","coordinates":[[[[55,-42.2],[55.1,-42.3],[55,-42.3],[55,-42.2]]]]}},{"type":"Feature","properties":{},"geometry":{"type":"MultiPolygon","coordinates":[[[[52.5,-28.8],[55.9,-30.2],[58.2,-31.6],[61.5,-31.5],[61.7,-33.1],[61.1,-34.2],[59.5,-35.5],[58,-34.8],[55.5,-35.4],[52,-35.6],[49.7,-34.4],[50.4,-30.8],[50.8,-29.4],[50.1,-29.1],[51.3,-28.7],[52.5,-28.8]]]]}},{"type":"Feature","properties":{},"geometry":{"type":"MultiPolygon","coordinates":[[[[74.2,-27.2],[71.2,-31],[68.9,-35.2],[66.9,-36],[63.9,-35.3],[62.5,-33.1],[65,-31],[70.5,-29.1],[71.7,-28.2],[74.2,-27.2]]]]}},{"type":"Feature","properties":{},"geometry":{"type":"MultiPolygon","coordinates":[[[[8.5,-48.9],[6,-47.4],[4.2,-45.7],[5.8,-45.5],[5.9,-45.5],[6.2,-45.5],[7,-45.5],[8.2,-45.2],[8.3,-45.3],[8.5,-45.4],[8.7,-45.8],[9.6,-45.8],[9,-46.8],[9.4,-47.2],[8,-48.3],[8.5,-48.9]]]]}},{"type":"Feature","properties":{},"geometry":{"type":"MultiPolygon","coordinates":[[[[92.3,-21.9],[92.9,-21.6],[94.2,-21.1],[96,-21],[98,-21.3],[97.7,-21.7],[96.4,-22.1],[95.6,-22.3],[95.1,-22.5],[94.3,-23.3],[93.6,-23.9],[93.1,-25],[92.4,-25.5],[92.2,-26.5],[91.1,-26.7],[90.6,-27.2],[89.9,-28],[89.3,-29.1],[88.9,-29.3],[88.8,-29.8],[88.4,-30],[88,-30.4],[88,-30.1],[87,-30.2],[86.2,-30.6],[86.5,-29.8],[87.4,-28.3],[88,-27],[88.7,-25.7],[90,-24.4],[90.9,-23.5],[91.7,-22.6],[92.3,-21.9]]]]}},{"type":"Feature","properties":{},"geometry":{"type":"MultiPolygon","coordinates":[[[[27.3,-0.1],[27.6,0.4],[29.6,-0.7],[30.9,-0.4],[30.6,-0.9],[29.4,-1.8],[28.5,-2],[27.8,-2.2],[28.1,-1.9],[29,-1.3],[28.7,-0.5],[28.4,-0.7],[28.4,-1.6],[27.9,-1.1],[27.8,-1.3],[27.4,-1],[27.3,-0.1]]]]}},{"type":"Feature","properties":{},"geometry":{"type":"MultiPolygon","coordinates":[[[[31.1,0],[34.3,3.7],[37,8.1],[38.5,10.4],[40.4,10.5],[41.1,10.7],[42,11.3],[42.8,12.5],[43,16],[44.6,17.9],[44.9,15.4],[45,13],[43.9,11],[41.8,7.6],[40,3.8],[37,2.1],[34.8,-0.3],[34,-0.7],[33.9,-0.6],[32.8,-1.5],[31.1,-1.6],[29.5,-2.4],[28.3,-2.8],[29.5,-2.4],[30.4,-1.6],[31.1,-1],[31.6,-0.3],[32.4,0.1],[32.9,0],[33.3,0.1],[33.8,-0.3],[34,-0.6],[33.8,0.3],[33.4,0.5],[32.5,0.6],[31.3,-0.1],[31.1,0]]]]}},{"type":"Feature","properties":{},"geometry":{"type":"MultiPolygon","coordinates":[[[[33.4,0.1],[33.7,0],[33.6,-0.1],[33.4,0.1]]]]}},{"type":"Feature","properties":{},"geometry":{"type":"MultiPolygon","coordinates":[[[[-43.3,7.6],[-42.1,6.4],[-41.8,6],[-41.7,5.8],[-41.4,5.5],[-41.1,5.6],[-41.1,5.3],[-40.8,5.2],[-40.6,5.1],[-40.4,5.1],[-40.4,4.9],[-40.1,4.9],[-40,4.9],[-39.7,4.7],[-39.8,4.4],[-39.7,3.9],[-40,4.4],[-40.2,3.8],[-40.4,4.1],[-40.7,4.3],[-40.8,4.5],[-41,4.6],[-41.3,4.6],[-41.5,4.6],[-41.7,4.7],[-42,5],[-42.4,5.5],[-42.4,5.7],[-42.7,6.1],[-42.8,6.4],[-43,6.8],[-43.6,7.2],[-43.3,7.6]]]]}},{"type":"Feature","properties":{},"geometry":{"type":"MultiPolygon","coordinates":[[[[-39.7,4.4],[-39.4,4.4],[-39.3,4.5],[-39,4.3],[-38.8,4.1],[-38.4,4.2],[-37.9,4.3],[-36.9,4.8],[-37.1,4.5],[-36.9,4.5],[-37.1,4.1],[-37.2,3.9],[-37.1,3.7],[-37.2,3.6],[-37.5,3.8],[-37.6,3.7],[-37.9,3.5],[-37.8,3.4],[-37.9,3.2],[-38.6,3.1],[-38.8,3.4],[-39,3.5],[-39.1,3.4],[-39.4,3.6],[-39.7,3.8],[-39.7,4.4]]]]}},{"type":"Feature","properties":{},"geometry":{"type":"MultiPolygon","coordinates":[[[[-37.8,3.3],[-37.4,3.4],[-37.7,3.1],[-37.8,3.3]]]]}},{"type":"Feature","properties":{},"geometry":{"type":"MultiPolygon","coordinates":[[[[28.3,-2.9],[29.6,-2.3],[31.9,-1.5],[32.8,-1.4],[33.2,-1.9],[33,-1.7],[32.2,-1.8],[32,-2.3],[31.9,-2.8],[31.5,-3],[31.2,-3.1],[30.8,-3.3],[30.7,-3.6],[30,-3.4],[28.6,-3.7],[28.3,-2.9]]]]}},{"type":"Feature","properties":{},"geometry":{"type":"MultiPolygon","coordinates":[[[[27.9,-3.6],[28.3,-3.5],[28.5,-3.6],[27.9,-3.6]]]]}},{"type":"Feature","properties":{},"geometry":{"type":"MultiPolygon","coordinates":[[[[-163.8,-62.6],[-165.4,-62.3],[-165.7,-61.7],[-164.6,-60.8],[-163.9,-60.5],[-163.7,-60.2],[-165,-59.9],[-166.7,-60],[-167,-60.3],[-167.7,-60.5],[-168,-60],[-167,-59.8],[-168.1,-59.1],[-169.2,-58.7],[-170,-58.4],[-170.6,-57.9],[-170.1,-57.3],[-170.7,-56.5],[-171.1,-55.6],[-168.2,-53],[-167.9,-52.6],[-167.5,-52.6],[-167.3,-52.9],[-167,-52.8],[-167.3,-53.2],[-166.8,-52.9],[-166.2,-53.1],[-165.9,-53.7],[-165.6,-53.7],[-165.2,-53.5],[-165,-53.4],[-164.8,-53.6],[-164.7,-53.7],[-164.6,-53.8],[-163.8,-53.8],[-163.4,-54.1],[-162.9,-54.5],[-162.4,-54.6],[-162.2,-54.7],[-161.6,-54.4],[-161.4,-54.8],[-161,-54.3],[-161.3,-54.3],[-161.3,-54.1],[-160.8,-54.1],[-159.6,-54],[-159.1,-54.2],[-158,-54.6],[-156.2,-54.9],[-154.9,-55],[-161.1,-60.4],[-163.8,-62.6]]]]}},{"type":"Feature","properties":{},"geometry":{"type":"MultiPolygon","coordinates":[[[[-167.6,-52.2],[-167.3,-51.8],[-167.2,-51.6],[-167.1,-51.6],[-167.1,-51.7],[-167.1,-52],[-167.2,-52.1],[-167.4,-52.3],[-167.6,-52.2]]]]}},{"type":"Feature","properties":{},"geometry":{"type":"MultiPolygon","coordinates":[[[[-161.1,-53.6],[-161.4,-54],[-161.9,-54],[-162.3,-53.7],[-162.9,-53.6],[-163.5,-53.4],[-163.5,-53.2],[-163.4,-53.1],[-162.1,-53.3],[-161,-53.7],[-161.1,-53.6]]]]}},{"type":"Feature","properties":{},"geometry":{"type":"MultiPolygon","coordinates":[[[[-165.6,-53.5],[-166,-53.5],[-166.2,-53.3],[-166,-53.2],[-165.7,-53.2],[-165.5,-53.3],[-165.5,-53.5],[-165.6,-53.5]]]]}},{"type":"Feature","properties":{},"geometry":{"type":"MultiPolygon","coordinates":[[[[-166.2,-52.8],[-166.4,-52.6],[-166.1,-52.4],[-166.2,-52.8]]]]}},{"type":"Feature","properties":{},"geometry":{"type":"MultiPolygon","coordinates":[[[[-165.4,-52.8],[-165.6,-52.7],[-165.6,-52.6],[-165.4,-52.8]]]]}},{"type":"Feature","properties":{},"geometry":{"type":"MultiPolygon","coordinates":[[[[-166.7,-52.3],[-166.8,-52.2],[-167,-52.2],[-166.6,-52.2],[-166.7,-52.3]]]]}},{"type":"Feature","properties":{},"geometry":{"type":"MultiPolygon","coordinates":[[[[-165.6,-53],[-165.5,-52.8],[-165.5,-53],[-165.6,-53]]]]}},{"type":"Feature","properties":{},"geometry":{"type":"MultiPolygon","coordinates":[[[[-164.9,-53],[-164.8,-52.8],[-164.7,-52.9],[-164.9,-53]]]]}},{"type":"Feature","properties":{},"geometry":{"type":"MultiPolygon","coordinates":[[[[163.5,-32.5],[163,-32.5],[163.1,-32.3],[163.2,-32.3],[163.5,-32.5]]]]}},{"type":"Feature","properties":{},"geometry":{"type":"MultiPolygon","coordinates":[[[[152.9,-26],[153.9,-26.2],[154.2,-26.1],[154.3,-26.1],[154.5,-26.1],[154.6,-26.1],[154.8,-26.1],[156.7,-26.4],[157.8,-26.9],[156.5,-27.2],[156.3,-27.4],[156.3,-27.7],[155.8,-27.4],[155.5,-27.4],[155.2,-27.1],[154.8,-27.4],[154.4,-27.8],[153.6,-28.3],[152.8,-28.4],[152.4,-28.5],[151.9,-28.3],[151.6,-27.9],[151.7,-27.8],[151.4,-27.3],[150.8,-27],[150.9,-26.8],[150.8,-26.7],[151.3,-26.6],[151.3,-26.5],[151.4,-26.4],[151.5,-26.4],[151.6,-26.2],[151.8,-26.2],[152.2,-26.1],[152.6,-26.2],[152.9,-26]]]]}},{"type":"Feature","properties":{},"geometry":{"type":"MultiPolygon","coordinates":[[[[151.3,-27.9],[151.1,-28.1],[151,-28.3],[150.7,-28.2],[150.9,-28.1],[151.3,-27.9]]]]}},{"type":"Feature","properties":{},"geometry":{"type":"MultiPolygon","coordinates":[[[[147.6,-30.3],[147.5,-30.4],[147.3,-30.5],[147.2,-30.5],[147.6,-30.3]]]]}},{"type":"Feature","properties":{},"geometry":{"type":"MultiPolygon","coordinates":[[[[85.4,-7.8],[85.9,-8],[86.5,-8.5],[87,-9.1],[87.1,-9.4],[87.2,-9.6],[87.4,-9.8],[87.8,-10.2],[87.5,-10.3],[87.7,-10.5],[87.9,-10.8],[88,-11],[87.8,-11.6],[87.4,-12.3],[87.1,-12.2],[85.8,-9.4],[85.4,-7.8]]]]}},{"type":"Feature","properties":{},"geometry":{"type":"MultiPolygon","coordinates":[[[[78.5,-6],[78.9,-6.7],[81.2,-7.4],[83.7,-7.9],[85.1,-8.4],[87.5,-11.3],[86.8,-13.1],[86.6,-13.1],[86.5,-13.2],[86.4,-13.3],[85.2,-13.1],[82,-12.4],[79.5,-11.1],[78.3,-8.5],[78.4,-6.2],[78.5,-6]]]]}},{"type":"Feature","properties":{},"geometry":{"type":"MultiPolygon","coordinates":[[[[79,-12],[80.6,-13.7],[80,-13.8],[79.9,-13.5],[79.8,-13],[79.3,-13.3],[78.6,-11.9],[79,-12]]]]}},{"type":"Feature","properties":{},"geometry":{"type":"MultiPolygon","coordinates":[[[[-68.8,6.2],[-69.1,6.1],[-69.2,6.6],[-69.2,7.2],[-69.1,7.7],[-68.9,8.7],[-69.4,8.5],[-68.9,9.2],[-68.5,8.7],[-68.4,7.5],[-68.4,6.8],[-68.8,6.2]]]]}},{"type":"Feature","properties":{},"geometry":{"type":"MultiPolygon","coordinates":[[[[105.5,6.5],[106.3,5.5],[106.9,4.8],[105.6,4.9],[105.5,4.9],[105,5.5],[104.5,6.2],[104.7,7.2],[105.5,6.5]]]]}},{"type":"Feature","properties":{},"geometry":{"type":"MultiPolygon","coordinates":[[[[124.9,5.2],[126.6,4.3],[127.3,3.4],[127.1,3.5],[126.4,3.7],[125.7,3.9],[125.3,3.8],[125,3.8],[124.7,3.7],[124.4,3.8],[124.5,3.7],[124.4,3.6],[124.1,3.5],[124,3.5],[123.8,3.3],[124,3],[123.6,2.8],[123.3,2.3],[122.6,2],[123.5,2.2],[123.5,1.2],[122.6,0.9],[121.2,0.9],[120.3,0.8],[119.7,0.5],[119.7,1],[119.5,1.4],[118.8,1.3],[118.8,1.6],[118,2.1],[117.9,2.1],[117.8,2.3],[117.6,2.4],[117.4,2.3],[117.2,2.3],[117.1,2.4],[117,2.3],[116.9,2.3],[116.7,2.3],[116.5,2.2],[116.2,2.2],[114.7,1.8],[114.4,2.6],[116.2,3.5],[117.4,4.2],[120.5,4.7],[123.2,5.3],[124.9,5.2]]]]}},{"type":"Feature","properties":{},"geometry":{"type":"MultiPolygon","coordinates":[[[[119.5,0.1],[118.8,0],[118.8,0.6],[119.6,0.7],[119.5,0.1]]]]}},{"type":"Feature","properties":{},"geometry":{"type":"MultiPolygon","coordinates":[[[[14.7,-44.6],[14.1,-45.5],[14.2,-46],[13.4,-46],[11.7,-45.2],[11.5,-44.7],[11.9,-44.6],[12.6,-44.8],[14.1,-44.7],[14.7,-44.5],[14.7,-44.6]]]]}},{"type":"Feature","properties":{},"geometry":{"type":"MultiPolygon","coordinates":[[[[9.8,-47.5],[9.5,-47.9],[9,-48.6],[8.1,-48.7],[6.9,-48.4],[7.7,-48.1],[9,-46.9],[8.7,-46.6],[9.8,-47.5]]]]}},{"type":"Feature","properties":{},"geometry":{"type":"MultiPolygon","coordinates":[[[[36.9,-36.5],[37.1,-36.6],[37.3,-36.6],[37.9,-36.6],[38.3,-36.5],[37.8,-37.3],[37,-38],[36.5,-38.6],[35.6,-39.7],[34.9,-40.2],[34.7,-40.6],[33.2,-41.1],[33,-41.5],[32.1,-41.8],[29.5,-41.4],[28.6,-41.8],[28,-42],[27.7,-42],[27.3,-41.8],[27.1,-41.9],[26.8,-42],[26.5,-42.1],[26.8,-41.9],[26.3,-41.8],[26,-41.6],[26,-41.3],[25.6,-41.2],[25.3,-40.8],[25.5,-40.4],[26.4,-39.8],[26.8,-39.2],[27.6,-38.9],[28.7,-38.6],[29.8,-38.5],[30.9,-38.1],[34.6,-38.4],[36.2,-37.1],[36.9,-36.5]]]]}},{"type":"Feature","properties":{},"geometry":{"type":"MultiPolygon","coordinates":[[[[36.2,-35.8],[35.5,-36.4],[34,-37.7],[30.7,-37.4],[31.7,-36.8],[32.6,-36.1],[33.1,-35.8],[33.7,-35.9],[34,-36],[34.4,-36],[34.8,-35.8],[35.2,-35.8],[35.5,-35.7],[35.8,-35.7],[36.1,-35.7],[36.2,-35.8]]]]}},{"type":"Feature","properties":{},"geometry":{"type":"MultiPolygon","coordinates":[[[[-50,-2.1],[-49.7,-2.4],[-50,-2.3],[-49.9,-2.7],[-49.8,-2.9],[-50,-3],[-50.5,-3],[-50.5,-2.6],[-50.8,-2.5],[-50.8,-2.7],[-51.2,-2.4],[-51.2,-2.2],[-51,-1.9],[-50.9,-2.3],[-50.5,-2.2],[-50.2,-2.1],[-50,-2.1]]]]}},{"type":"Feature","properties":{},"geometry":{"type":"MultiPolygon","coordinates":[[[[-48.7,-2.8],[-48.2,-3.5],[-48.6,-3.7],[-48.8,-3.6],[-49.1,-3.4],[-49.2,-3.3],[-49.1,-2.7],[-49.7,-3.1],[-49.5,-2.9],[-49.5,-2.5],[-48.7,-2.8]]]]}},{"type":"Feature","properties":{},"geometry":{"type":"MultiPolygon","coordinates":[[[[49.2,-34.2],[51.4,-35.5],[54.9,-35.7],[57.5,-34.6],[59,-35.6],[57.2,-35.9],[55,-36.5],[52.6,-36.9],[51.1,-36.8],[49.7,-36.7],[48.6,-36.8],[46.4,-37.6],[44.4,-37.1],[42.6,-36.9],[41.2,-36.5],[40.6,-36.3],[40.1,-36.1],[39.7,-35.8],[40.1,-35.4],[41.6,-34.3],[42.8,-34.8],[44.2,-35],[45.7,-34.9],[47,-34.8],[49.2,-34.2]]]]}},{"type":"Feature","properties":{},"geometry":{"type":"MultiPolygon","coordinates":[[[[45.9,-33.4],[47.8,-31.9],[48.1,-31.4],[49.1,-29.8],[50.1,-29.3],[49.9,-30.6],[49.2,-34.2],[47,-34.8],[45.7,-34.9],[44.2,-35],[42.8,-34.8],[41.6,-34.3],[43.3,-33.4],[44.1,-33.7],[45.3,-33.5],[45.9,-33.4]]]]}},{"type":"Feature","properties":{},"geometry":{"type":"MultiPolygon","coordinates":[[[[6.7,-20.9],[7.5,-22.4],[7.3,-22.7],[6.8,-23.1],[5.9,-23.6],[5.1,-23.9],[4.9,-23.2],[5,-21.1],[5.6,-20.9],[6.4,-20.9],[6.7,-20.9]]]]}},{"type":"Feature","properties":{},"geometry":{"type":"MultiPolygon","coordinates":[[[[-1.3,-45],[-0.7,-45.3],[0.7,-45.4],[3.4,-46.2],[2.8,-46.4],[2.2,-46.2],[0.7,-45.8],[-1.3,-45.9],[-4,-45.6],[-5.3,-45.6],[-6.4,-45.4],[-5.1,-45],[-4.2,-45.1],[-1.8,-44.8],[-1.3,-45]]]]}},{"type":"Feature","properties":{},"geometry":{"type":"MultiPolygon","coordinates":[[[[-8.4,-44.7],[-7.6,-44.8],[-7.5,-45],[-7.2,-45.2],[-6.9,-45.2],[-8.2,-45.3],[-9.6,-45.5],[-11,-45.2],[-11.9,-44.6],[-10.2,-43.5],[-9.9,-44.5],[-9.2,-44.7],[-8.4,-44.7]]]]}},{"type":"Feature","properties":{},"geometry":{"type":"MultiPolygon","coordinates":[[[[-10,-43.9],[-10.6,-43.7],[-11.2,-43],[-10.4,-42.6],[-10.5,-43.6],[-10,-43.9]]]]}},{"type":"Feature","properties":{},"geometry":{"type":"MultiPolygon","coordinates":[[[[4.8,-19.7],[5.4,-20],[6.1,-20.3],[6.7,-20.9],[5.7,-20.9],[5.2,-21.1],[4.8,-22.7],[4.9,-23.8],[4.9,-24.2],[3.8,-27.4],[2.5,-28.8],[2.4,-28],[3.2,-24.6],[3.6,-21.3],[4.8,-19.7]]]]}},{"type":"Feature","properties":{},"geometry":{"type":"MultiPolygon","coordinates":[[[[-71.7,5.7],[-72.3,5.1],[-73.1,5.1],[-73.8,4.7],[-74.8,4],[-75.4,3.7],[-75.3,4.4],[-75.5,5.2],[-75.6,6.1],[-75.3,7.7],[-74.8,9.1],[-74.3,10.6],[-74.2,10.4],[-74.1,9.8],[-73.5,9.6],[-73.2,9.8],[-73.2,9.5],[-73.2,8.4],[-72.8,6.3],[-71.6,5.8],[-71.7,5.7]]]]}},{"type":"Feature","properties":{},"geometry":{"type":"MultiPolygon","coordinates":[[[[-97.2,-7],[-98.6,-6.4],[-99.2,-7.4],[-99.9,-8.7],[-101.1,-9.8],[-102.7,-11.1],[-103.8,-11.3],[-103.8,-10.4],[-103.3,-9.5],[-101.7,-7.8],[-101.3,-7.7],[-101.5,-7.5],[-101.2,-7.1],[-99.2,-5.7],[-97.9,-5.6],[-97.2,-5.5],[-97.2,-7]]]]}},{"type":"Feature","properties":{},"geometry":{"type":"MultiPolygon","coordinates":[[[[-70.7,11.4],[-70.2,11.6],[-69.9,10.7],[-69.7,9.7],[-70,9.2],[-70.3,10.1],[-70.5,10.8],[-70.7,11.4]]]]}},{"type":"Feature","properties":{},"geometry":{"type":"MultiPolygon","coordinates":[[[[82.5,-5.9],[82.7,-6.4],[82.8,-6.7],[81.6,-6.9],[79.9,-6.6],[79.4,-5.6],[80.2,-5.4],[82.5,-5.9]]]]}},{"type":"Feature","properties":{},"geometry":{"type":"MultiPolygon","coordinates":[[[[82.3,-6.7],[82.6,-6.7],[82.8,-6.8],[83,-6.9],[84.1,-7.4],[84.3,-7.5],[81.5,-7.5],[79.2,-6.8],[78.8,-6.1],[80.3,-6.5],[82.3,-6.7]]]]}},{"type":"Feature","properties":{},"geometry":{"type":"MultiPolygon","coordinates":[[[[84.1,-7.4],[84.4,-7.5],[84.7,-7.6],[85.1,-7.5],[85.1,-7.6],[84.5,-7.9],[83.4,-7.5],[84.1,-7.4]]]]}},{"type":"Feature","properties":{},"geometry":{"type":"MultiPolygon","coordinates":[[[[-69.2,6.8],[-68.9,6.7],[-69.3,6.2],[-69.2,6.8]]]]}},{"type":"Feature","properties":{},"geometry":{"type":"MultiPolygon","coordinates":[[[[2.8,-46.4],[-3.7,-47.8],[-10.5,-47.3],[-17.7,-46.8],[-17.8,-46.8],[-16.1,-45.4],[-13.3,-44.9],[-11.9,-44.6],[-10.8,-45.2],[-9.2,-45.5],[-8,-45.2],[-6.8,-45.3],[-6.5,-45.4],[-6.1,-45.3],[-4.8,-45.7],[-3,-45.8],[-0.5,-46],[1.8,-46],[2.8,-46.4]]]]}},{"type":"Feature","properties":{},"geometry":{"type":"MultiPolygon","coordinates":[[[[-69.6,12.4],[-69.1,12.8],[-68.6,11.8],[-68.8,10.4],[-68.7,9.5],[-69.1,10.1],[-69.1,11.6],[-69.6,12.4]]]]}},{"type":"Feature","properties":{},"geometry":{"type":"MultiPolygon","coordinates":[[[[-75.1,6.1],[-75.7,6.9],[-76.4,5.5],[-77,5.5],[-77.7,5.1],[-78.2,5.4],[-77.6,6.1],[-76.9,7.6],[-76.4,9.2],[-76.8,10.7],[-77.3,12],[-76.8,11.7],[-76.2,11.2],[-75.5,10.7],[-74.6,10.3],[-74.1,8.5],[-74.6,6.9],[-75.1,6.1]]]]}},{"type":"Feature","properties":{},"geometry":{"type":"MultiPolygon","coordinates":[[[[-69.2,2],[-66.8,5.7],[-63.2,9],[-63,8.2],[-63,7.6],[-63,7.7],[-63.2,6.9],[-63.4,7.2],[-63.4,7],[-63.3,6.6],[-63.4,6.6],[-63.6,5.9],[-63.7,5.6],[-63.9,5.7],[-64,5.9],[-64.2,5.9],[-64.2,5.6],[-64.1,5.4],[-64.4,5.6],[-64.8,5.1],[-65,5.2],[-65.3,5.2],[-65.6,5],[-65.8,4.5],[-66.3,4.3],[-66.7,3.9],[-67.2,3.6],[-68.1,2.7],[-69,2.2],[-69.2,2]]]]}},{"type":"Feature","properties":{},"geometry":{"type":"MultiPolygon","coordinates":[[[[174.9,-58.1],[174.6,-58.2],[174.5,-58.1],[174.2,-58.1],[174,-58.1],[174.4,-58.2],[173.8,-58.3],[173.6,-58.3],[174,-58],[173.9,-57.8],[173.9,-57.7],[174.1,-57.5],[174.4,-57.4],[174.1,-57.4],[173.9,-57.3],[174.1,-57.1],[174.7,-57.3],[174.7,-57.4],[174.5,-57.6],[175,-57.8],[174.9,-58.1]]]]}},{"type":"Feature","properties":{},"geometry":{"type":"MultiPolygon","coordinates":[[[[175.2,-57.8],[175.1,-57],[175.3,-56.7],[175.4,-56.7],[175.8,-56.5],[175.6,-56.6],[175.5,-56.8],[175.6,-57.1],[175.7,-57.1],[175.7,-57.2],[176,-57.2],[175.7,-57.4],[175.6,-57.5],[175.3,-57.6],[175.2,-57.8]]]]}},{"type":"Feature","properties":{},"geometry":{"type":"MultiPolygon","coordinates":[[[[176,-56.8],[176.1,-56.7],[176,-56.7],[176,-56.8]]]]}},{"type":"Feature","properties":{},"geometry":{"type":"MultiPolygon","coordinates":[[[[5,7.5],[4.1,7.7],[3.2,7.6],[3.3,8.7],[5.1,8.2],[5.3,7.7],[5,7.5]]]]}},{"type":"Feature","properties":{},"geometry":{"type":"MultiPolygon","coordinates":[[[[5.9,8.3],[7.2,9.6],[6.5,8.1],[5.9,8.3]]]]}},{"type":"Feature","properties":{},"geometry":{"type":"MultiPolygon","coordinates":[[[[-69.3,5.2],[-68.6,4.9],[-68.9,4.4],[-69.3,5.2]]]]}},{"type":"Feature","properties":{},"geometry":{"type":"MultiPolygon","coordinates":[[[[-68.9,5.9],[-68.7,6.2],[-68.4,6.8],[-66.3,9.1],[-66.1,9.2],[-67.5,7.7],[-68.5,5.8],[-68.9,5.9]]]]}},{"type":"Feature","properties":{},"geometry":{"type":"MultiPolygon","coordinates":[[[[-166.8,-46.8],[-167.5,-46.6],[-167.3,-46.3],[-167.6,-46.3],[-167.1,-46],[-166.9,-45.9],[-167.1,-45.7],[-167.2,-45.7],[-167.3,-45.8],[-166.9,-45.7],[-166.7,-45.9],[-166.7,-46.2],[-166.6,-46.2],[-166.4,-46.3],[-166.5,-46.6],[-166.6,-46.8],[-166.8,-46.8]]]]}},{"type":"Feature","properties":{},"geometry":{"type":"MultiPolygon","coordinates":[[[[-168.3,-46.5],[-168.4,-46.4],[-168.3,-46.3],[-168,-46.4],[-168.3,-46.5]]]]}},{"type":"Feature","properties":{},"geometry":{"type":"MultiPolygon","coordinates":[[[[-168.8,-46.3],[-168.8,-46.1],[-168.6,-46],[-168.6,-46.2],[-168.8,-46.3]]]]}},{"type":"Feature","properties":{},"geometry":{"type":"MultiPolygon","coordinates":[[[[-169.5,-46.2],[-169.2,-46],[-169,-46],[-169.5,-46.2]]]]}},{"type":"Feature","properties":{},"geometry":{"type":"MultiPolygon","coordinates":[[[[-170.2,-46],[-170.8,-45.8],[-170.1,-45.9],[-170.2,-46]]]]}},{"type":"Feature","properties":{},"geometry":{"type":"MultiPolygon","coordinates":[[[[-172.3,-45.7],[-172.4,-45.6],[-172.2,-45.4],[-172.1,-45.3],[-172,-45.4],[-172.1,-45.6],[-172.3,-45.7]]]]}},{"type":"Feature","properties":{},"geometry":{"type":"MultiPolygon","coordinates":[[[[-172.7,-45.7],[-172.9,-45.6],[-172.5,-45.5],[-172.7,-45.7]]]]}},{"type":"Feature","properties":{},"geometry":{"type":"MultiPolygon","coordinates":[[[[-173.3,-45.6],[-173.6,-45.4],[-173.2,-45.4],[-173.3,-45.6]]]]}},{"type":"Feature","properties":{},"geometry":{"type":"MultiPolygon","coordinates":[[[[-174.2,-45.5],[-174.3,-45.5],[-173.9,-45.4],[-174.2,-45.5]]]]}},{"type":"Feature","properties":{},"geometry":{"type":"MultiPolygon","coordinates":[[[[-175.2,-45.6],[-175.6,-45.7],[-175.8,-45.7],[-175.9,-45.6],[-176,-45.7],[-176.4,-45.3],[-176.2,-45.2],[-176.2,-45.4],[-175.9,-45.3],[-175.7,-45.5],[-175.5,-45.5],[-175.6,-45.3],[-175.6,-45.2],[-175.5,-45.3],[-175.1,-45.4],[-175.2,-45.6]]]]}},{"type":"Feature","properties":{},"geometry":{"type":"MultiPolygon","coordinates":[[[[-177,-45.8],[-177.1,-45.8],[-177.3,-45.7],[-178,-46.2],[-177.6,-45.8],[-176.9,-45.8],[-177,-45.8]]]]}},{"type":"Feature","properties":{},"geometry":{"type":"MultiPolygon","coordinates":[[[[180,-46.6],[179.2,-47.7],[179.8,-46.9],[180,-46.6]]]]}},{"type":"Feature","properties":{},"geometry":{"type":"MultiPolygon","coordinates":[[[[-180,-47.2],[-179.8,-46.5],[-179.8,-46.4],[-179.7,-46.3],[-179.6,-46.1],[-179.4,-46.1],[-179.2,-45.9],[-179.2,-45.8],[-178.9,-45.7],[-178.9,-45.6],[-178.8,-45.6],[-178.6,-45.6],[-178.8,-45.8],[-179,-46],[-179.1,-46.1],[-179.4,-46.3],[-178.9,-46.3],[-178.5,-46.1],[-179,-46.5],[-179.3,-46.5],[-179.3,-46.8],[-179.7,-46.7],[-179.6,-46.9],[-180,-47.2]]]]}},{"type":"Feature","properties":{},"geometry":{"type":"MultiPolygon","coordinates":[[[[-170.1,-45.8],[-170.3,-45.8],[-170.9,-45.7],[-171.4,-45.6],[-171.8,-45.6],[-171.8,-45.5],[-171.8,-45.3],[-171.7,-45.4],[-171.5,-45.5],[-171.3,-45.3],[-171.1,-45.4],[-171.1,-45.6],[-170.9,-45.5],[-171.1,-45.3],[-171.2,-45.3],[-171.5,-45.3],[-171.3,-45.1],[-171.2,-45.1],[-171,-45.1],[-170.6,-45.2],[-170.9,-45.4],[-170.8,-45.2],[-170.8,-45.3],[-170.8,-45.4],[-170.7,-45.5],[-170.6,-45.6],[-170.3,-45.6],[-170.1,-45.6],[-170,-45.7],[-170.1,-45.8]]]]}},{"type":"Feature","properties":{},"geometry":{"type":"MultiPolygon","coordinates":[[[[-176.2,-45.7],[-176.3,-45.7],[-176.7,-45.7],[-176.9,-45.6],[-177.2,-45.6],[-176.6,-45.4],[-176.3,-45.5],[-176.2,-45.7]]]]}},{"type":"Feature","properties":{},"geometry":{"type":"MultiPolygon","coordinates":[[[[179.3,-47.1],[179.3,-46.9],[179.1,-47],[179,-46.8],[178.7,-47],[178.4,-46.9],[178.9,-46.8],[179,-46.7],[179.1,-46.7],[179.5,-46.6],[179.5,-46.4],[179.1,-46.5],[179.3,-46.3],[179.6,-46.3],[179.7,-46.3],[179.8,-46.5],[179.8,-46.6],[179.3,-47.1]]]]}},{"type":"Feature","properties":{},"geometry":{"type":"MultiPolygon","coordinates":[[[[-176.8,-45.3],[-177.1,-45.3],[-177.3,-45.3],[-177.4,-45.5],[-177.6,-45.5],[-177.9,-45.4],[-177.8,-45.3],[-177.8,-45],[-177.8,-45.2],[-177.5,-45.2],[-177.5,-44.9],[-177.1,-44.9],[-177,-45.1],[-176.8,-45.3]]]]}},{"type":"Feature","properties":{},"geometry":{"type":"MultiPolygon","coordinates":[[[[178.7,-47.7],[178.8,-47.3],[179,-47.1],[179.1,-47.7],[178.7,-47.7]]]]}},{"type":"Feature","properties":{},"geometry":{"type":"MultiPolygon","coordinates":[[[[-178.6,-46.5],[-178.7,-46.3],[-178.3,-46.2],[-178.6,-46.5]]]]}},{"type":"Feature","properties":{},"geometry":{"type":"MultiPolygon","coordinates":[[[[-176.2,-44.9],[-176.5,-45.1],[-176.8,-45.2],[-176.3,-44.9],[-176.2,-44.9]]]]}},{"type":"Feature","properties":{},"geometry":{"type":"MultiPolygon","coordinates":[[[[-176.2,-44.9],[-176.1,-44.7],[-176,-44.7],[-175.8,-44.6],[-176,-44.8],[-176.2,-44.9]]]]}},{"type":"Feature","properties":{},"geometry":{"type":"MultiPolygon","coordinates":[[[[-168.9,-45.5],[-169.1,-45.5],[-169.5,-45.5],[-169.8,-45.4],[-169.5,-45.4],[-169.3,-45.3],[-169,-45.3],[-168.9,-45.5]]]]}},{"type":"Feature","properties":{},"geometry":{"type":"MultiPolygon","coordinates":[[[[-178,-45.8],[-178.1,-45.9],[-178.5,-46],[-178.7,-46],[-178.6,-45.8],[-178.3,-45.8],[-178.4,-45.7],[-178,-45.8]]]]}},{"type":"Feature","properties":{},"geometry":{"type":"MultiPolygon","coordinates":[[[[-177.8,-45.7],[-178.1,-45.7],[-178.3,-45.7],[-178.5,-45.6],[-178.3,-45.5],[-178.1,-45.6],[-177.8,-45.5],[-177.8,-45.7]]]]}},{"type":"Feature","properties":{},"geometry":{"type":"MultiPolygon","coordinates":[[[[-171.7,-45],[-171.9,-45.1],[-172,-45.1],[-171.9,-45.3],[-172.2,-44.9],[-171.9,-45],[-171.7,-45]]]]}},{"type":"Feature","properties":{},"geometry":{"type":"MultiPolygon","coordinates":[[[[-169.6,-45.8],[-170,-45.9],[-169.7,-45.6],[-169.4,-45.8],[-169.6,-45.8]]]]}},{"type":"Feature","properties":{},"geometry":{"type":"MultiPolygon","coordinates":[[[[-172.9,-45.3],[-173.2,-45.2],[-173.1,-45.1],[-173.1,-45],[-173.1,-45.2],[-172.8,-45.2],[-172.9,-45.3]]]]}},{"type":"Feature","properties":{},"geometry":{"type":"MultiPolygon","coordinates":[[[[-169.1,-45.7],[-169.4,-45.7],[-169.3,-45.5],[-169,-45.5],[-169.1,-45.7]]]]}},{"type":"Feature","properties":{},"geometry":{"type":"MultiPolygon","coordinates":[[[[-172.5,-45.4],[-173.1,-45.5],[-172.9,-45.4],[-172.7,-45.4],[-172.5,-45.2],[-172.5,-45.4]]]]}},{"type":"Feature","properties":{},"geometry":{"type":"MultiPolygon","coordinates":[[[[-180,-45.9],[-179.9,-45.9],[-179.6,-45.7],[-179.6,-45.9],[-179.7,-45.9],[-180,-46.1],[-180,-45.9]]]]}},{"type":"Feature","properties":{},"geometry":{"type":"MultiPolygon","coordinates":[[[[-173.5,-45.1],[-173.7,-45],[-173.7,-44.8],[-173.5,-45.1]]]]}},{"type":"Feature","properties":{},"geometry":{"type":"MultiPolygon","coordinates":[[[[-169.5,-45.4],[-169.8,-45.2],[-169.7,-45.2],[-169.5,-45.2],[-169.5,-45.4]]]]}},{"type":"Feature","properties":{},"geometry":{"type":"MultiPolygon","coordinates":[[[[-172.3,-44.9],[-172.5,-44.9],[-172.7,-44.8],[-172.5,-44.7],[-172.3,-44.9]]]]}},{"type":"Feature","properties":{},"geometry":{"type":"MultiPolygon","coordinates":[[[[-171.1,-45.1],[-171.5,-45],[-171.1,-44.9],[-171.1,-45.1]]]]}},{"type":"Feature","properties":{},"geometry":{"type":"MultiPolygon","coordinates":[[[[-170,-45.3],[-170.2,-45.3],[-170.2,-45.2],[-170.1,-45.2],[-170,-45.3]]]]}},{"type":"Feature","properties":{},"geometry":{"type":"MultiPolygon","coordinates":[[[[-174.3,-44.8],[-174.4,-44.6],[-174.3,-44.7],[-174.3,-44.8]]]]}},{"type":"Feature","properties":{},"geometry":{"type":"MultiPolygon","coordinates":[[[[-175.4,-45.2],[-175.6,-45],[-175.5,-44.9],[-175.4,-45.2]]]]}},{"type":"Feature","properties":{},"geometry":{"type":"MultiPolygon","coordinates":[[[[-168.8,-45.7],[-169.1,-45.8],[-168.9,-45.6],[-168.8,-45.7]]]]}},{"type":"Feature","properties":{},"geometry":{"type":"MultiPolygon","coordinates":[[[[-173.4,-44.8],[-173.6,-44.8],[-173.9,-44.5],[-173.4,-44.8]]]]}},{"type":"Feature","properties":{},"geometry":{"type":"MultiPolygon","coordinates":[[[[-170.3,-45.3],[-170.5,-45.2],[-170.5,-45],[-170.3,-45.3]]]]}},{"type":"Feature","properties":{},"geometry":{"type":"MultiPolygon","coordinates":[[[[-174.6,-45.2],[-174.8,-45.3],[-174.7,-45.1],[-174.6,-45.2]]]]}},{"type":"Feature","properties":{},"geometry":{"type":"MultiPolygon","coordinates":[[[[-172.7,-45.2],[-173,-45.1],[-172.9,-45],[-172.8,-45],[-172.7,-45],[-172.7,-45.2]]]]}},{"type":"Feature","properties":{},"geometry":{"type":"MultiPolygon","coordinates":[[[[-174,-45.3],[-174.3,-45.3],[-174.2,-45.2],[-174,-45.3]]]]}},{"type":"Feature","properties":{},"geometry":{"type":"MultiPolygon","coordinates":[[[[-175,-45.1],[-175.2,-45],[-175,-45],[-175,-45.1]]]]}},{"type":"Feature","properties":{},"geometry":{"type":"MultiPolygon","coordinates":[[[[-176.7,-45],[-177,-44.9],[-176.7,-44.9],[-176.7,-45]]]]}},{"type":"Feature","properties":{},"geometry":{"type":"MultiPolygon","coordinates":[[[[-168.5,-45.7],[-168.7,-45.6],[-168.6,-45.6],[-168.5,-45.7]]]]}},{"type":"Feature","properties":{},"geometry":{"type":"MultiPolygon","coordinates":[[[[93.6,-25.6],[94.2,-24.6],[95.1,-23.3],[95.1,-24.2],[94.9,-25],[94.4,-27.5],[93.6,-25.6]]]]}},{"type":"Feature","properties":{},"geometry":{"type":"MultiPolygon","coordinates":[[[[93.7,-23.7],[94.9,-22.5],[93.8,-25.3],[93.8,-23.8],[93.7,-23.7]]]]}},{"type":"Feature","properties":{},"geometry":{"type":"MultiPolygon","coordinates":[[[[94.9,-22.5],[96.1,-21.2],[98.4,-21.7],[96.5,-22.6],[95.1,-23.3],[94.2,-24.6],[94.9,-22.5]]]]}},{"type":"Feature","properties":{},"geometry":{"type":"MultiPolygon","coordinates":[[[[107.8,-12.6],[110.1,-10.3],[111,-9],[112.4,-7.2],[111.8,-8.4],[110.8,-10.1],[110.5,-10.2],[110.5,-10.7],[110,-11.6],[109.6,-13],[108.6,-14.8],[108.3,-14.8],[108.1,-14.2],[108,-12.9],[107.8,-12.6]]]]}},{"type":"Feature","properties":{},"geometry":{"type":"MultiPolygon","coordinates":[[[[110,-6.5],[112.3,-5.8],[112.4,-7.2],[111,-9],[110.1,-10.3],[107.8,-12.6],[108.2,-11.8],[108.6,-11.6],[108.5,-11.2],[108.8,-10.1],[109,-9.6],[109.2,-9.3],[109.3,-9.1],[109.5,-8.5],[109.6,-8.1],[109.1,-8.2],[109.5,-7.3],[110,-6.5]]]]}},{"type":"Feature","properties":{},"geometry":{"type":"MultiPolygon","coordinates":[[[[-38.1,10.5],[-38.3,10.7],[-38.4,10.9],[-38.2,11.1],[-38.2,10.7],[-38.1,10.5]]]]}},{"type":"Feature","properties":{},"geometry":{"type":"MultiPolygon","coordinates":[[[[-37.3,10.6],[-37.5,10.9],[-37.9,11.1],[-38,11.1],[-38.2,11.2],[-38.2,11.4],[-38.3,11.4],[-38.4,11.3],[-38.5,11.6],[-38.4,11.7],[-38.6,11.7],[-38.6,11.8],[-38.5,11.8],[-38.3,11.6],[-38.3,11.8],[-38.3,11.6],[-38.1,11.4],[-37.9,11.6],[-37.9,11.4],[-37.5,11.3],[-37.4,10.8],[-37.3,10.6]]]]}},{"type":"Feature","properties":{},"geometry":{"type":"MultiPolygon","coordinates":[[[[-36.1,9.1],[-36.2,9.4],[-36.6,9.7],[-36.5,9.9],[-36.4,10],[-36.3,10],[-36.3,9.8],[-35.9,9.3],[-35.9,9.2],[-36.1,9.1]]]]}},{"type":"Feature","properties":{},"geometry":{"type":"MultiPolygon","coordinates":[[[[-38.7,11],[-38.7,11.2],[-38.4,10.8],[-38.5,10.8],[-38.7,11]]]]}},{"type":"Feature","properties":{},"geometry":{"type":"MultiPolygon","coordinates":[[[[-37,10],[-37.4,10.3],[-37.2,10.3],[-37.2,10.5],[-36.8,10.2],[-36.7,10.1],[-37,10]]]]}},{"type":"Feature","properties":{},"geometry":{"type":"MultiPolygon","coordinates":[[[[-40.9,12.4],[-41.4,12.9],[-41.2,12.9],[-41,12.8],[-40.9,12.5],[-40.9,12.4]]]]}},{"type":"Feature","properties":{},"geometry":{"type":"MultiPolygon","coordinates":[[[[-36.6,10.3],[-36.9,10.3],[-36.9,10.5],[-37,10.8],[-37,10.9],[-36.9,11],[-36.8,10.9],[-36.9,10.6],[-36.7,10.5],[-36.6,10.3]]]]}},{"type":"Feature","properties":{},"geometry":{"type":"MultiPolygon","coordinates":[[[[-40,12.1],[-40.7,12.6],[-40.3,12.3],[-40.2,12.3],[-40,12.2],[-40,12.1]]]]}},{"type":"Feature","properties":{},"geometry":{"type":"MultiPolygon","coordinates":[[[[-37.8,10.5],[-38,10.6],[-38,10.8],[-37.7,10.6],[-37.7,10.5],[-37.8,10.5]]]]}},{"type":"Feature","properties":{},"geometry":{"type":"MultiPolygon","coordinates":[[[[-37.8,11.6],[-38,11.8],[-38.1,11.9],[-37.9,11.7],[-37.8,11.6]]]]}},{"type":"Feature","properties":{},"geometry":{"type":"MultiPolygon","coordinates":[[[[-39.8,12],[-39.9,12.1],[-39.7,12.3],[-39.8,12]]]]}},{"type":"Feature","properties":{},"geometry":{"type":"MultiPolygon","coordinates":[[[[-37.4,10.8],[-37.2,11],[-37.2,10.9],[-37.4,10.8]]]]}},{"type":"Feature","properties":{},"geometry":{"type":"MultiPolygon","coordinates":[[[[-41.5,12.6],[-41.6,12.9],[-41.5,12.7],[-41.5,12.6]]]]}},{"type":"Feature","properties":{},"geometry":{"type":"MultiPolygon","coordinates":[[[[95.2,-23.9],[95.9,-23],[98.6,-21.8],[98.4,-22.4],[96.2,-24.1],[95.2,-23.9]]]]}},{"type":"Feature","properties":{},"geometry":{"type":"MultiPolygon","coordinates":[[[[104.3,-9.8],[103.7,-11.9],[103.3,-11.3],[104.3,-9.8]]]]}},{"type":"Feature","properties":{},"geometry":{"type":"MultiPolygon","coordinates":[[[[-78.2,4.7],[-80.5,2.5],[-80.3,3.5],[-80.8,3.4],[-81.4,3.3],[-82.6,2.9],[-84.2,2],[-83.4,2.6],[-82.7,3.1],[-81.7,3.8],[-81.6,4.3],[-81.2,4.7],[-80.7,4.2],[-79.8,5.1],[-79.2,4.7],[-78.4,5.6],[-78.2,4.7]]]]}},{"type":"Feature","properties":{},"geometry":{"type":"MultiPolygon","coordinates":[[[[-70,6.8],[-69.5,8.4],[-69.1,8.7],[-69.2,8],[-69.8,6.9],[-70,6.8]]]]}},{"type":"Feature","properties":{},"geometry":{"type":"MultiPolygon","coordinates":[[[[72.8,-2.9],[73.9,-5.1],[75.5,-6.6],[76.3,-9.3],[76.2,-10.7],[76.9,-11.9],[77.2,-12.5],[74.7,-10.2],[74.3,-7.5],[73.4,-5.3],[72.8,-2.9]]]]}},{"type":"Feature","properties":{},"geometry":{"type":"MultiPolygon","coordinates":[[[[102.5,-16.9],[102.8,-16.7],[102.2,-17.7],[102.5,-16.9]]]]}},{"type":"Feature","properties":{},"geometry":{"type":"MultiPolygon","coordinates":[[[[102.4,-12.1],[103.8,-11],[104.3,-10.6],[104.9,-10.2],[105.7,-9.7],[106.8,-9.1],[106.7,-9.5],[106.3,-10],[105.8,-10.1],[105.7,-10.3],[105.2,-10.6],[105.5,-10.7],[105.2,-11],[105,-11.1],[104.9,-11.2],[104.6,-11.5],[104.3,-11.6],[104.4,-11.8],[104.2,-12],[104.1,-12.2],[104.1,-12.3],[103.9,-12.4],[103.8,-12.6],[103.6,-13],[103.5,-13.6],[103.6,-13.6],[103.3,-14.2],[103.1,-14.5],[102.8,-15],[102.6,-15.4],[102.4,-12.1]]]]}},{"type":"Feature","properties":{},"geometry":{"type":"MultiPolygon","coordinates":[[[[106.9,-9],[107.1,-8.9],[106.9,-9.2],[106.9,-9]]]]}},{"type":"Feature","properties":{},"geometry":{"type":"MultiPolygon","coordinates":[[[[80,-4.1],[83,-5.3],[83,-5.4],[82.8,-5.8],[82.6,-6],[82.2,-6],[79.6,-5.2],[79,-4],[80,-4.1]]]]}},{"type":"Feature","properties":{},"geometry":{"type":"MultiPolygon","coordinates":[[[[-68.6,4.9],[-69,5.7],[-68.5,5.8],[-67.5,7.7],[-66.1,9.2],[-65.6,9.7],[-65.6,9.1],[-66.3,8.3],[-67.9,6.3],[-68.5,4.9],[-68.6,4.9]]]]}},{"type":"Feature","properties":{},"geometry":{"type":"MultiPolygon","coordinates":[[[[14.6,-42.1],[13.9,-41.2],[15.9,-41.4],[16.4,-42.2],[15.1,-41.7],[14.6,-42.1]]]]}},{"type":"Feature","properties":{},"geometry":{"type":"MultiPolygon","coordinates":[[[[-84.2,-5.5],[-84.8,-6.6],[-85.7,-8.3],[-85.6,-8.5],[-86.6,-9.9],[-86.9,-9.8],[-88,-9.6],[-87.5,-8.9],[-87.1,-8.6],[-87.4,-8.3],[-86,-7.5],[-84.5,-5.5],[-84.2,-5.5]]]]}},{"type":"Feature","properties":{},"geometry":{"type":"MultiPolygon","coordinates":[[[[5.9,18.2],[3.2,20.2],[3.3,20.5],[4.1,20.8],[4.4,20.5],[5.7,21],[6.4,21.9],[7,22.9],[7.7,23.8],[7.9,24.1],[8.1,24.7],[8.2,23.5],[7.5,20.3],[5.9,18.2]]]]}},{"type":"Feature","properties":{},"geometry":{"type":"MultiPolygon","coordinates":[[[[14.2,6.3],[14.7,11.1],[13,13.4],[14.7,13.5],[15.5,12.5],[15.6,11.1],[14.9,7.6],[14.2,6.3]]]]}},{"type":"Feature","properties":{},"geometry":{"type":"MultiPolygon","coordinates":[[[[-48,3.4],[-47.7,3.4],[-47.5,2.9],[-47.4,2.8],[-47.5,2.7],[-47.6,2.8],[-47.8,2.8],[-47.9,3.2],[-48,3.3],[-48,3.4]]]]}},{"type":"Feature","properties":{},"geometry":{"type":"MultiPolygon","coordinates":[[[[-47.5,5.1],[-47.4,4.9],[-47.9,5.2],[-47.5,5.1]]]]}},{"type":"Feature","properties":{},"geometry":{"type":"MultiPolygon","coordinates":[[[[-47.7,5.5],[-47.9,5.3],[-48.2,5.6],[-47.7,5.5]]]]}},{"type":"Feature","properties":{},"geometry":{"type":"MultiPolygon","coordinates":[[[[-48,3],[-47.9,2.8],[-47.9,2.5],[-48.1,2.9],[-48,3]]]]}},{"type":"Feature","properties":{},"geometry":{"type":"MultiPolygon","coordinates":[[[[-47.3,4.6],[-47.2,4.4],[-47.4,4.7],[-47.3,4.6]]]]}},{"type":"Feature","properties":{},"geometry":{"type":"MultiPolygon","coordinates":[[[[-48.2,4.1],[-47.7,4.4],[-48.1,4],[-48.2,4.1]]]]}},{"type":"Feature","properties":{},"geometry":{"type":"MultiPolygon","coordinates":[[[[-48.5,4.3],[-48.2,4.3],[-48.3,4.4],[-48.5,4.3]]]]}},{"type":"Feature","properties":{},"geometry":{"type":"MultiPolygon","coordinates":[[[[-61.4,2.4],[-61.4,2.7],[-61.1,3.1],[-60.9,3],[-61.2,2.5],[-61.4,2.4]]]]}},{"type":"Feature","properties":{},"geometry":{"type":"MultiPolygon","coordinates":[[[[-62,2.7],[-62.7,3.3],[-62.5,3.5],[-62.9,4.2],[-62.7,4],[-62.4,4.3],[-62,3.9],[-61.6,4],[-61.8,3.4],[-61.9,3.1],[-62,2.7]]]]}},{"type":"Feature","properties":{},"geometry":{"type":"MultiPolygon","coordinates":[[[[-55.6,2.8],[-55.9,1.9],[-56,1.6],[-56.2,1.3],[-56.3,1.2],[-56.4,1.2],[-56.5,1.2],[-56.8,1.2],[-57,1.1],[-57.3,1.4],[-57.2,1.7],[-57.1,2.1],[-56.7,2],[-56.4,2.1],[-56.6,2.3],[-56.7,2.4],[-56.8,2.5],[-56.9,2.7],[-56.9,2.8],[-56.6,3.2],[-56.4,3],[-56.5,3.2],[-56.3,3.3],[-56,3.2],[-55.8,3.7],[-55.5,3.6],[-55.4,3.8],[-55.6,2.9],[-55.6,2.8]]]]}},{"type":"Feature","properties":{},"geometry":{"type":"MultiPolygon","coordinates":[[[[-60.9,4.9],[-61.5,4.6],[-62.1,4.5],[-61.9,5],[-62.3,4.9],[-62.5,5],[-62.8,5],[-62.7,5.2],[-62.9,5.3],[-62.8,5.6],[-62.6,5.7],[-62,5.4],[-61.2,5],[-61.1,5],[-60.9,4.9]]]]}},{"type":"Feature","properties":{},"geometry":{"type":"MultiPolygon","coordinates":[[[[-58,3.5],[-58,3],[-58.1,2.7],[-58.4,2.1],[-58.8,2.2],[-58.7,3],[-58.8,3.4],[-58.5,3.3],[-58.6,3.4],[-58.4,3.6],[-58,3.5]]]]}},{"type":"Feature","properties":{},"geometry":{"type":"MultiPolygon","coordinates":[[[[-57.9,1.5],[-58.3,1.6],[-58.1,1.9],[-57.9,2.3],[-57.6,2.1],[-57.8,1.8],[-57.9,1.5]]]]}},{"type":"Feature","properties":{},"geometry":{"type":"MultiPolygon","coordinates":[[[[-60.3,3.7],[-60.6,4.3],[-59.9,3.9],[-60.1,3.8],[-60.3,3.7]]]]}},{"type":"Feature","properties":{},"geometry":{"type":"MultiPolygon","coordinates":[[[[-59.4,4.1],[-59.8,4.3],[-59.8,4.7],[-59.4,4.1]]]]}},{"type":"Feature","properties":{},"geometry":{"type":"MultiPolygon","coordinates":[[[[-58.1,1.5],[-57.9,1.2],[-58.4,1.3],[-58.1,1.5]]]]}},{"type":"Feature","properties":{},"geometry":{"type":"MultiPolygon","coordinates":[[[[-47.8,-3.5],[-48.5,-3],[-48.8,-2.8],[-49,-2.7],[-49.8,-2.1],[-49.6,-1.9],[-49.3,-2],[-48.8,-2.1],[-48.2,-2.2],[-48.2,-2.6],[-47.7,-3.4],[-47.8,-3.5]]]]}},{"type":"Feature","properties":{},"geometry":{"type":"MultiPolygon","coordinates":[[[[-49.8,-1.2],[-49.4,-1.1],[-49.5,-1],[-49.4,-0.8],[-49.2,-0.9],[-49.1,-0.8],[-48.9,-0.7],[-48.6,-0.6],[-48.4,-1.2],[-48.6,-1.5],[-48.9,-1.7],[-49.3,-1.9],[-49.5,-1.6],[-49.8,-1.2]]]]}},{"type":"Feature","properties":{},"geometry":{"type":"MultiPolygon","coordinates":[[[[-47,-2.4],[-47.1,-2.7],[-47.8,-2.6],[-47,-2.4]]]]}},{"type":"Feature","properties":{},"geometry":{"type":"MultiPolygon","coordinates":[[[[-48.2,-2.2],[-47.8,-2.3],[-48.1,-2.4],[-48.2,-2.2]]]]}},{"type":"Feature","properties":{},"geometry":{"type":"MultiPolygon","coordinates":[[[[94,-21.9],[96.9,-18.8],[98.5,-17.6],[100.7,-15.2],[101.6,-12.6],[102.4,-12.2],[102.6,-14.5],[102.5,-15.8],[102.1,-16.1],[102.2,-16.4],[102.1,-16.9],[102.1,-17.2],[101.5,-18.4],[99.3,-21.5],[97.6,-21.2],[95.8,-21.3],[94.7,-22.7],[93.7,-23.1],[93.9,-22.5],[94,-21.9]]]]}},{"type":"Feature","properties":{},"geometry":{"type":"MultiPolygon","coordinates":[[[[80.1,-12.2],[82.3,-12.5],[86.4,-13.5],[86.6,-13.6],[86.5,-13.8],[86.6,-13.9],[86.5,-14.3],[86.4,-14.5],[85.5,-15.7],[85.1,-14.5],[84.6,-14.5],[84.1,-14.3],[83.5,-14.6],[83.5,-14.3],[83.1,-14.1],[82.9,-14.5],[82.6,-14],[82.5,-13.9],[81.8,-13.5],[81.5,-13.6],[81.4,-13.5],[81.2,-13.5],[80.9,-13.4],[79,-12],[80.1,-12.2]]]]}},{"type":"Feature","properties":{},"geometry":{"type":"MultiPolygon","coordinates":[[[[91.2,-18.4],[91,-18.5],[90.7,-18.4],[91.2,-18.4]]]]}},{"type":"Feature","properties":{},"geometry":{"type":"MultiPolygon","coordinates":[[[[84,-14.5],[84.1,-14.9],[83.9,-14.5],[84,-14.5]]]]}},{"type":"Feature","properties":{},"geometry":{"type":"MultiPolygon","coordinates":[[[[-89.4,-47.7],[-90.2,-47.7],[-90.7,-47.6],[-91.3,-48.1],[-92.4,-48.1],[-93.1,-47.4],[-94.1,-46.1],[-91.9,-44.4],[-89.5,-43.5],[-86.8,-42.6],[-84.7,-41.7],[-83.2,-41.5],[-82.6,-41.3],[-81.9,-41.2],[-80.9,-41.7],[-84.1,-44],[-89.4,-47.7]]]]}},{"type":"Feature","properties":{},"geometry":{"type":"MultiPolygon","coordinates":[[[[104.9,-9.3],[105.5,-8.9],[107.5,-7.7],[108.8,-7.2],[108.6,-8],[108.2,-8.4],[107.8,-9.1],[107.6,-9.1],[107.5,-9.3],[107.2,-9.5],[107,-9.6],[106.7,-9.9],[106,-10.3],[105.5,-10.8],[105.2,-11.3],[105.1,-11.4],[105,-11.5],[104.9,-11.8],[104.8,-12],[104.6,-12.2],[104.4,-12.7],[104.4,-12.9],[102.9,-12.7],[103.3,-12.4],[103.8,-11.4],[104.5,-10.8],[104.8,-10.5],[104.8,-9.7],[104.9,-9.3]]]]}},{"type":"Feature","properties":{},"geometry":{"type":"MultiPolygon","coordinates":[[[[-78.5,-43.4],[-78.8,-43.9],[-79,-44.3],[-79.1,-44.8],[-79.4,-45.1],[-79.7,-45.4],[-80.1,-45.8],[-80.8,-46.2],[-81.2,-46.6],[-81.6,-47],[-84.3,-46.9],[-88.9,-46.7],[-91.4,-46.5],[-93.2,-46.3],[-93.1,-46],[-93.7,-46],[-93.8,-45.9],[-93.7,-45.1],[-92.9,-45],[-91.8,-44.9],[-91.1,-44.7],[-90.1,-44.9],[-88.8,-44.8],[-88.3,-45.3],[-88,-45.3],[-87.6,-45.2],[-87.2,-45.3],[-86.6,-45.1],[-86.3,-45],[-85.9,-45.4],[-85.6,-45.4],[-85.2,-45.6],[-85,-45.5],[-84.9,-45.4],[-84.6,-45.5],[-84.1,-45.5],[-83.9,-45.5],[-83.7,-45.5],[-83.3,-45.5],[-83.4,-45.3],[-83.5,-45.1],[-83.3,-45],[-82.8,-44.9],[-81.9,-44.3],[-81.4,-44.3],[-80.9,-43.8],[-80.5,-43.8],[-80.5,-43.3],[-79.8,-43],[-78.5,-43],[-78.4,-43.2],[-78.5,-43.4]]]]}},{"type":"Feature","properties":{},"geometry":{"type":"MultiPolygon","coordinates":[[[[180,-51.6],[179.8,-52.2],[179.3,-52.2],[179.3,-51.9],[178.2,-52],[178.2,-52.2],[177.5,-52.1],[176.9,-52.3],[177,-52.4],[177.2,-52.4],[177.4,-52.8],[176.8,-52.7],[176.2,-52.6],[175.6,-53],[174.4,-52.9],[174,-53],[173.5,-53],[173,-53.1],[172.4,-53.2],[172.1,-52.9],[171.7,-53.1],[171.5,-52.7],[171.3,-53],[171,-53.1],[170.6,-52.9],[170.1,-52.8],[169.8,-53],[169.3,-53.1],[169.4,-52.8],[169.4,-52.6],[169,-52.5],[168.6,-52.6],[168.4,-52.4],[168,-52.6],[167.8,-52.3],[167.3,-52.4],[166.8,-52],[167,-51.7],[166.6,-51.8],[166.2,-51.7],[165.4,-50.4],[165,-49.9],[164.8,-49.9],[165.5,-47.8],[169.1,-46.6],[169.9,-47.1],[170.3,-47.4],[169.5,-48.3],[169.2,-48.4],[169.3,-48.9],[169.4,-49.2],[169.8,-49.5],[170.2,-50.6],[173.5,-51.1],[176,-50.7],[176.2,-51.3],[176.5,-51.4],[177,-51.4],[177.7,-51.5],[178.3,-51.3],[178.7,-51.5],[179,-51.6],[179.5,-51.2],[179.9,-51.3],[179.4,-51.4],[180,-51.6]]]]}},{"type":"Feature","properties":{},"geometry":{"type":"MultiPolygon","coordinates":[[[[-180,-52.3],[-179.7,-51.9],[-179,-51.8],[-178.8,-52.1],[-178.5,-52.4],[-177.9,-52.4],[-177.9,-52.7],[-177.1,-52.6],[-177,-52.7],[-176.8,-52.9],[-176.7,-53.3],[-176.2,-53.2],[-176.5,-53.3],[-176.2,-53.7],[-175.8,-53.7],[-175.7,-53.9],[-175.4,-54],[-174.9,-54.4],[-174.7,-54.8],[-174.3,-55.2],[-174.3,-55.6],[-174.7,-55.7],[-174.6,-55.5],[-174.8,-55.3],[-175.6,-54.7],[-176.2,-54.8],[-175.8,-54.5],[-176,-54.4],[-176.3,-54.1],[-176.9,-53.5],[-177.8,-53.4],[-178.2,-53.3],[-178.9,-53.6],[-178.7,-53.8],[-178.7,-53.9],[-179.2,-53.7],[-178.9,-53.5],[-178.9,-53.1],[-179.7,-53.2],[-179,-52.7],[-179.3,-52.7],[-179.6,-52.5],[-179.9,-52.4],[-179.9,-52.3],[-180,-52.3]]]]}},{"type":"Feature","properties":{},"geometry":{"type":"MultiPolygon","coordinates":[[[[176.8,-50.3],[175.2,-50.6],[172.1,-50.8],[171.3,-50.6],[171.1,-50],[171,-49.4],[171.5,-49.6],[171.5,-49.9],[172.1,-49.9],[172.6,-49.5],[171.9,-49.2],[172.1,-48.6],[172.4,-48.9],[172.7,-49.2],[172.9,-49.6],[173.3,-49.8],[173.3,-50.4],[174.4,-50],[174.7,-50.2],[175,-49.7],[176.4,-49.5],[176.8,-50.3]]]]}},{"type":"Feature","properties":{},"geometry":{"type":"MultiPolygon","coordinates":[[[[174.2,-49],[173.4,-48.2],[173.8,-48.8],[174.2,-49]]]]}},{"type":"Feature","properties":{},"geometry":{"type":"MultiPolygon","coordinates":[[[[170.5,-49],[169.5,-48.9],[170.2,-48.6],[170.7,-48.6],[170.5,-49]]]]}},{"type":"Feature","properties":{},"geometry":{"type":"MultiPolygon","coordinates":[[[[175,-48.7],[175.1,-48.4],[175,-48.8],[175,-48.7]]]]}},{"type":"Feature","properties":{},"geometry":{"type":"MultiPolygon","coordinates":[[[[164.9,-45.6],[162.6,-48.1],[162.2,-48.6],[161.6,-48.3],[161.9,-47.3],[161.9,-47.1],[161.4,-47.3],[161,-47.9],[160.4,-47.3],[161,-46.8],[161,-46.6],[160.7,-46.6],[159.9,-47],[159.4,-47.3],[159.7,-47.4],[159.1,-48.2],[158.5,-47.8],[158.3,-47.9],[156.2,-46.8],[155.2,-46.8],[154.3,-46.3],[153.3,-47.3],[152.1,-47.3],[151.5,-45.9],[151.9,-43.5],[146.2,-42.7],[146,-42.4],[145.5,-42],[145.4,-41.6],[145.3,-41.3],[145,-41.2],[144.9,-40.8],[145.5,-40.7],[145.9,-41.1],[146.7,-41.1],[147,-40.9],[147.9,-39.7],[147.5,-39.1],[148.9,-39.3],[149.3,-39],[149.5,-39],[149.2,-38.7],[149.2,-38.4],[149.9,-38.5],[149.9,-38.4],[149.9,-38.2],[149.4,-37.5],[149.3,-37.3],[148.6,-36.7],[149.1,-36.5],[149,-36.3],[148.7,-36.1],[148.5,-35.5],[149.1,-35.3],[149.5,-35.2],[150,-35.8],[150.6,-36.1],[150.9,-35.9],[151.2,-36],[151.6,-36.3],[151.7,-35.8],[152,-35.6],[151.2,-35],[151.7,-34.8],[152.3,-35.3],[153.1,-34.9],[153.6,-34.8],[153.9,-35],[154.3,-35],[155.6,-36.3],[158.2,-37.8],[160.1,-39.1],[161.7,-40.3],[164.9,-45.6]]]]}},{"type":"Feature","properties":{},"geometry":{"type":"MultiPolygon","coordinates":[[[[123.1,6],[121.9,5.8],[120.6,5.7],[119.9,5.7],[119.1,5.6],[118.4,5.7],[118.3,6.2],[118.2,6.6],[118.8,6.6],[119.3,6.5],[120.1,6.5],[120.8,7.2],[121.1,7.2],[121.6,6.8],[122.7,6.5],[123.1,6]]]]}},{"type":"Feature","properties":{},"geometry":{"type":"MultiPolygon","coordinates":[[[[114.7,2.6],[114.5,1.9],[114.3,1.8],[114.5,2],[113.9,1.9],[113.7,1.8],[113.4,2.1],[113.2,1.9],[113.2,2.4],[113.2,2.6],[113,2.2],[113,1.8],[112.9,1.4],[112.5,1.8],[112.2,2],[111.8,2.3],[111.5,2.4],[111.8,2.5],[112.3,2.9],[112.6,2.8],[112.7,3],[113,2.9],[113.1,2.9],[113.1,3.2],[113.1,3.5],[113.8,2.9],[113.8,3.3],[114.2,3],[114.4,2.6],[114.7,2.6]]]]}},{"type":"Feature","properties":{},"geometry":{"type":"MultiPolygon","coordinates":[[[[113,4],[113.6,3.1],[113.2,2.8],[112.6,2.3],[111.9,2],[111.7,2.3],[111.3,2.3],[111.2,2.2],[111.1,2.3],[110.9,2.1],[110.6,2],[110.6,2.5],[111.7,3.6],[113,4]]]]}},{"type":"Feature","properties":{},"geometry":{"type":"MultiPolygon","coordinates":[[[[113.9,2.8],[114.2,2.9],[114.1,2.6],[113.5,2.3],[113.9,2.8]]]]}},{"type":"Feature","properties":{},"geometry":{"type":"MultiPolygon","coordinates":[[[[112.1,2.3],[112.6,2.1],[112.5,1.9],[112.2,1.9],[111.9,2.1],[112.1,2.3]]]]}},{"type":"Feature","properties":{},"geometry":{"type":"MultiPolygon","coordinates":[[[[114.3,2.9],[115.2,3.4],[114.4,2.9],[114.3,2.9]]]]}},{"type":"Feature","properties":{},"geometry":{"type":"MultiPolygon","coordinates":[[[[110.7,-5.9],[110.1,-7],[109.4,-8.2],[108.9,-9.2],[108.6,-9.2],[108.3,-8.8],[109,-7.6],[110,-6.4],[110.7,-5.9]]]]}},{"type":"Feature","properties":{},"geometry":{"type":"MultiPolygon","coordinates":[[[[114,-3.1],[113.9,-3.6],[113.7,-3.3],[113.7,-2.8],[113.9,-2.7],[114,-3.1]]]]}},{"type":"Feature","properties":{},"geometry":{"type":"MultiPolygon","coordinates":[[[[108.5,-10.1],[108.2,-10.3],[108.5,-9.8],[108.5,-10.1]]]]}},{"type":"Feature","properties":{},"geometry":{"type":"MultiPolygon","coordinates":[[[[-54.7,-52.9],[-56.9,-54],[-57,-54],[-57.4,-53.7],[-57.6,-53.6],[-57.2,-53.3],[-57.3,-53.1],[-57.3,-52.9],[-57.5,-52.7],[-57.5,-52.6],[-57.3,-52],[-56.9,-51.7],[-57.1,-51.7],[-56.9,-51],[-56.4,-50.9],[-56.4,-50.7],[-56.7,-50.5],[-55.8,-50.9],[-55.6,-51.8],[-55.1,-52.7],[-54.7,-52.9]]]]}},{"type":"Feature","properties":{},"geometry":{"type":"MultiPolygon","coordinates":[[[[-51.9,-55],[-52.4,-55],[-51.9,-54.9],[-51.7,-54.7],[-51.7,-54.5],[-51.5,-54.9],[-51.9,-55]]]]}},{"type":"Feature","properties":{},"geometry":{"type":"MultiPolygon","coordinates":[[[[-53.1,-53.9],[-52.3,-54.2],[-53,-53.8],[-53.1,-53.9]]]]}},{"type":"Feature","properties":{},"geometry":{"type":"MultiPolygon","coordinates":[[[[-51.2,3.1],[-52.6,3],[-54.7,2.8],[-54.4,2.9],[-54.9,3.3],[-54.7,3.5],[-54.9,3.7],[-55.1,3.7],[-54.7,3.7],[-54.3,3.9],[-54.2,3.5],[-54,3.5],[-54.1,3.9],[-54,3.9],[-53.6,3.7],[-52.9,3.9],[-52.8,3.8],[-52.4,4],[-51.8,3.6],[-51.5,3.2],[-51.3,3.2],[-51.2,3.1]]]]}},{"type":"Feature","properties":{},"geometry":{"type":"MultiPolygon","coordinates":[[[[-55.6,2.3],[-55.7,2.5],[-55.4,2.7],[-55.6,2.3]]]]}},{"type":"Feature","properties":{},"geometry":{"type":"MultiPolygon","coordinates":[[[[-52.5,-1.1],[-53.3,-0.9],[-53.9,-1],[-55.3,-1.5],[-55.9,-1.8],[-56.1,-1.6],[-56,-1.5],[-55.8,-1.4],[-55.6,-1.2],[-56,-1.3],[-55.3,-0.8],[-55,-1.2],[-54.7,-1],[-55.2,-0.7],[-55.1,-0.7],[-54.9,-0.5],[-54.4,-0.3],[-54.1,-0.7],[-54.3,-0.1],[-53.8,-0.3],[-51.1,-0.1],[-52.3,-0.6],[-52.6,-0.9],[-52.5,-1],[-52.5,-1.1]]]]}},{"type":"Feature","properties":{},"geometry":{"type":"MultiPolygon","coordinates":[[[[-56.3,-2],[-56.4,-2],[-56.6,-2],[-56.8,-1.9],[-56.7,-1.9],[-56.6,-1.8],[-56.3,-1.3],[-56.3,-1.9],[-56.3,-2]]]]}},{"type":"Feature","properties":{},"geometry":{"type":"MultiPolygon","coordinates":[[[[-51.3,1],[-54.4,1],[-54,0.9],[-53.5,1],[-53.1,1.5],[-53.5,1.4],[-54.3,1.3],[-54.3,1.4],[-54.8,1.5],[-54.2,1.8],[-52.3,2],[-51,2.1],[-50.7,1.7],[-51.2,1.3],[-51.4,1.2],[-51.9,1.2],[-52.2,0.9],[-51.3,1]]]]}},{"type":"Feature","properties":{},"geometry":{"type":"MultiPolygon","coordinates":[[[[-54.6,0.9],[-55.2,0.2],[-55,0.9],[-54.6,0.9]]]]}},{"type":"Feature","properties":{},"geometry":{"type":"MultiPolygon","coordinates":[[[[-55.5,0],[-56.2,-0.5],[-56.2,-0.4],[-56.2,-0.1],[-55.9,0.1],[-55.5,0]]]]}},{"type":"Feature","properties":{},"geometry":{"type":"MultiPolygon","coordinates":[[[[-56.1,0.1],[-55.8,0.5],[-55.7,0.8],[-55.5,1.4],[-55.3,1.3],[-55.2,1.2],[-55.5,0.8],[-55.3,0.8],[-55.7,0.3],[-56.1,0.1]]]]}},{"type":"Feature","properties":{},"geometry":{"type":"MultiPolygon","coordinates":[[[[-69.2,2],[-69.8,2],[-70.2,3.2],[-69.3,5.2],[-68.9,4.4],[-68.6,4.9],[-68,5.9],[-66.7,8.1],[-65.5,9],[-65.6,9.8],[-65.2,10.1],[-64.8,10.3],[-64.4,10.5],[-63,9.8],[-63.2,9],[-65.9,6.5],[-68.4,2.7],[-69.2,2]]]]}},{"type":"Feature","properties":{},"geometry":{"type":"MultiPolygon","coordinates":[[[[162.2,-39.5],[161.3,-39.6],[161.4,-39.9],[159.3,-38.6],[156.7,-36.8],[154.5,-35.4],[154.5,-35],[155.2,-35.2],[155.6,-34.9],[156.3,-35.1],[156.6,-35.5],[157.1,-35.9],[158.5,-36.6],[159.1,-37],[160.1,-37.7],[160.8,-37.7],[161.1,-38.2],[161.6,-38.1],[161.8,-38.3],[161.7,-38.5],[161.4,-38.8],[160.9,-39],[161.9,-39.1],[162.3,-38.9],[162.2,-39.5]]]]}},{"type":"Feature","properties":{},"geometry":{"type":"MultiPolygon","coordinates":[[[[159.5,-35.9],[159.2,-35.9],[159.6,-36.2],[159.1,-36.3],[158.9,-35.6],[159.2,-35.2],[159.5,-35.9]]]]}},{"type":"Feature","properties":{},"geometry":{"type":"MultiPolygon","coordinates":[[[[160.2,-36.4],[160.5,-36.9],[160,-37.1],[159.7,-36.7],[159.9,-36.3],[160.2,-36.4]]]]}},{"type":"Feature","properties":{},"geometry":{"type":"MultiPolygon","coordinates":[[[[167.6,-45.8],[163.3,-42.6],[161.5,-39.8],[162.1,-40.6],[163.2,-41.6],[162.9,-41.9],[163.5,-42.4],[163.6,-42.3],[163.8,-41.9],[164,-41.5],[164.5,-41.1],[164.9,-41],[165.3,-41.4],[165.5,-41.3],[165.1,-40.2],[165.7,-40.4],[165.8,-40.8],[166.1,-41.6],[166.6,-42.3],[167,-42.9],[167.4,-43.6],[168.3,-43.8],[167.5,-44.2],[168,-44.9],[167.7,-45.5],[167.6,-45.8]]]]}},{"type":"Feature","properties":{},"geometry":{"type":"MultiPolygon","coordinates":[[[[167.5,-40.9],[167.3,-41.1],[167.7,-41.2],[168,-41.4],[167.7,-41.5],[167.8,-41.8],[167.3,-41.8],[167.2,-41.6],[166.7,-41.1],[166.6,-40.1],[167.1,-40.3],[167.1,-40.5],[167.4,-40.7],[167.5,-40.9]]]]}},{"type":"Feature","properties":{},"geometry":{"type":"MultiPolygon","coordinates":[[[[130.7,1.1],[130.5,0.9],[130.1,1.1],[129.3,1],[129.9,1.1],[130.7,1.1]]]]}},{"type":"Feature","properties":{},"geometry":{"type":"MultiPolygon","coordinates":[[[[124.9,5.2],[122.4,5.2],[120.2,4.6],[117.1,4.1],[115.6,3.4],[115.7,4.1],[117.3,5.3],[118.8,5.6],[120.4,5.7],[122.4,5.7],[124.2,5.6],[124.9,5.2]]]]}},{"type":"Feature","properties":{},"geometry":{"type":"MultiPolygon","coordinates":[[[[164.7,-49.9],[164.8,-49],[165.1,-48.3],[165.2,-48.1],[163.9,-48.5],[164.7,-48],[164.7,-49.9]]]]}},{"type":"Feature","properties":{},"geometry":{"type":"MultiPolygon","coordinates":[[[[162.9,-48.1],[163.4,-47.4],[163.2,-47.7],[162.9,-48.1]]]]}},{"type":"Feature","properties":{},"geometry":{"type":"MultiPolygon","coordinates":[[[[161,-47.3],[161.8,-46.9],[161.3,-47.3],[161,-47.3]]]]}},{"type":"Feature","properties":{},"geometry":{"type":"MultiPolygon","coordinates":[[[[160.7,-48.3],[160.5,-47.6],[161,-47.5],[160.7,-48.3]]]]}},{"type":"Feature","properties":{},"geometry":{"type":"MultiPolygon","coordinates":[[[[156.5,-49.3],[157.9,-48.7],[157.4,-48.2],[158.5,-48.3],[158.6,-48.9],[158,-49.2],[157.1,-49.6],[156.6,-49.8],[156.7,-49.7],[156.7,-49.5],[156.4,-49.6],[156.5,-49.3]]]]}},{"type":"Feature","properties":{},"geometry":{"type":"MultiPolygon","coordinates":[[[[154.9,-49.5],[156,-49.4],[155.8,-49.7],[155.4,-49.6],[154.9,-49.5]]]]}},{"type":"Feature","properties":{},"geometry":{"type":"MultiPolygon","coordinates":[[[[154.1,-49.4],[154.5,-49.4],[154.6,-49.5],[154.1,-49.4]]]]}},{"type":"Feature","properties":{},"geometry":{"type":"MultiPolygon","coordinates":[[[[158.3,-50.8],[157.5,-50.5],[158.1,-50],[159.1,-49.9],[158.4,-50.5],[159.2,-50.7],[158.7,-50.9],[158.3,-50.8]]]]}},{"type":"Feature","properties":{},"geometry":{"type":"MultiPolygon","coordinates":[[[[160.2,-49.4],[161.2,-49.3],[160.4,-49.4],[160.2,-49.4]]]]}},{"type":"Feature","properties":{},"geometry":{"type":"MultiPolygon","coordinates":[[[[159.4,-50.1],[159.7,-49.9],[159.9,-49.9],[159.4,-50.1]]]]}},{"type":"Feature","properties":{},"geometry":{"type":"MultiPolygon","coordinates":[[[[-87.6,-5.2],[-89.3,-6.7],[-89.8,-7.7],[-90.6,-8.4],[-90.7,-9.7],[-90.4,-10.4],[-91.6,-10.8],[-92.8,-11.5],[-93.3,-12.7],[-93.7,-12.9],[-95.1,-10.8],[-96,-7.9],[-96,-6.1],[-95.1,-5.9],[-94.1,-5.8],[-93.1,-5.6],[-92.9,-5.5],[-92.4,-5.5],[-92.4,-5.4],[-92.2,-5.3],[-91.9,-5.3],[-91.6,-5.3],[-90.8,-4.4],[-90.5,-5],[-90.4,-5.4],[-90.3,-5.6],[-90.6,-5.6],[-90.9,-5.6],[-90.5,-5.8],[-90.8,-5.9],[-91,-5.9],[-91.3,-5.7],[-91.4,-5.7],[-91.4,-5.8],[-91.3,-6],[-90.8,-6],[-90.8,-6.1],[-90.7,-6],[-90.1,-5.8],[-90.2,-5.7],[-89.9,-5.7],[-89.7,-5.5],[-89.5,-5.1],[-89.4,-5],[-89.2,-5.1],[-89.2,-4.8],[-89.1,-4.5],[-88.8,-4.4],[-88.6,-4.2],[-88.9,-4.3],[-88.3,-3.9],[-88.1,-3.8],[-87.4,-4],[-87.6,-5.2]]]]}},{"type":"Feature","properties":{},"geometry":{"type":"MultiPolygon","coordinates":[[[[-90.2,-5.7],[-90.4,-5.9],[-90.2,-5.6],[-90.2,-5.7]]]]}},{"type":"Feature","properties":{},"geometry":{"type":"MultiPolygon","coordinates":[[[[76.2,-30.8],[77.8,-30.8],[79.3,-31.2],[80.6,-31.1],[82.5,-30.5],[83.3,-30.7],[84.1,-30.9],[84.5,-31.2],[84.8,-31.2],[85.2,-31.4],[85.6,-31.1],[86.2,-31],[86.7,-31],[88.3,-30.3],[89.2,-30.3],[90.1,-30.4],[90.6,-30.9],[89.7,-31.1],[88.3,-31.5],[87.5,-31.6],[86.7,-32],[86.1,-32.2],[84.9,-32.7],[83.9,-32.8],[82.7,-33],[81.6,-33],[79.9,-33],[77.6,-32.5],[75.5,-31.8],[74.3,-31.7],[75.4,-30.9],[76.2,-30.8]]]]}},{"type":"Feature","properties":{},"geometry":{"type":"MultiPolygon","coordinates":[[[[97.5,-29.9],[96.7,-29.9],[95.4,-29.6],[94.2,-29.7],[93.3,-29.8],[92.5,-30.1],[93.4,-29.5],[94.4,-29.4],[95.5,-29.2],[96.3,-29.3],[97,-29.5],[97.5,-29.9]]]]}},{"type":"Feature","properties":{},"geometry":{"type":"MultiPolygon","coordinates":[[[[100.6,-17.9],[100.8,-18.6],[100.5,-19.5],[100.2,-19.5],[100.1,-18.6],[100.6,-17.9]]]]}},{"type":"Feature","properties":{},"geometry":{"type":"MultiPolygon","coordinates":[[[[-51.3,7.6],[-51.4,7.9],[-51.5,8.5],[-51.3,8.6],[-50.8,8.8],[-50.6,8.9],[-50.1,8.2],[-50.2,7.9],[-50.2,7.8],[-50.3,7.6],[-50.5,7.4],[-50.7,7.5],[-51,8],[-51.3,7.6]]]]}},{"type":"Feature","properties":{},"geometry":{"type":"MultiPolygon","coordinates":[[[[-62.2,10.7],[-63.8,10.3],[-63.9,10.3],[-65,12.7],[-63.6,12.5],[-62.7,13.8],[-61,14.4],[-58.7,13.6],[-58.2,13.1],[-58.9,12.5],[-60,12.4],[-60.9,12.3],[-61.4,12.4],[-61.5,12.1],[-61,11.7],[-61.6,11],[-61.8,10.9],[-62.2,10.8],[-62.2,10.7]]]]}},{"type":"Feature","properties":{},"geometry":{"type":"MultiPolygon","coordinates":[[[[103.1,-4.9],[103.4,-5.3],[103.4,-5.5],[103.5,-5.9],[103.4,-6.2],[103.4,-6.3],[103,-6.7],[102,-6.3],[103,-5],[103.1,-4.9]]]]}},{"type":"Feature","properties":{},"geometry":{"type":"MultiPolygon","coordinates":[[[[-1.6,15.2],[-1.2,15.7],[-0.9,15.9],[-0.3,16.3],[-0.2,17.5],[0.2,18.3],[0.1,18.8],[1.5,19.4],[1.8,19.7],[2.2,19.6],[2.7,20],[2.6,20.1],[3,20.2],[5.2,18.6],[5.1,17.2],[3.8,17.6],[2.2,17.3],[0.4,15.1],[-1.4,15.1],[-1.6,15.2]]]]}},{"type":"Feature","properties":{},"geometry":{"type":"MultiPolygon","coordinates":[[[[1.4,10.4],[1.1,11.6],[2.6,10.4],[1.7,10.3],[1.4,10.4]]]]}},{"type":"Feature","properties":{},"geometry":{"type":"MultiPolygon","coordinates":[[[[-0.7,7.8],[-2,9.5],[-1.8,11],[-0.8,10.4],[0.1,9],[-0.5,7.5],[-0.7,7.8]]]]}},{"type":"Feature","properties":{},"geometry":{"type":"MultiPolygon","coordinates":[[[[-33.3,7.3],[-35,8.3],[-35.2,8.5],[-35.4,9],[-35.2,9.1],[-35,8.7],[-34.9,8.7],[-34.9,8.9],[-34.6,8.8],[-34,8.5],[-33.5,8.4],[-33.1,8.2],[-32.3,7.9],[-31.8,7.6],[-31.7,7.4],[-32.5,7.1],[-33.3,7.3]]]]}},{"type":"Feature","properties":{},"geometry":{"type":"MultiPolygon","coordinates":[[[[-67,10.6],[-64.9,11.2],[-64.5,10.3],[-64.9,10.4],[-65.5,10.3],[-65.7,10.3],[-65.9,10.3],[-67,10.6]]]]}},{"type":"Feature","properties":{},"geometry":{"type":"MultiPolygon","coordinates":[[[[115,-1.4],[113.8,-2.2],[113.6,-4.4],[111.7,-5.9],[110,-6.4],[110.1,-5.6],[110,-5.1],[110.3,-5],[110.5,-5.1],[110.7,-5],[110.8,-5],[111.1,-5],[111.2,-4.6],[111.1,-4],[111.7,-3.5],[111.8,-3.3],[111.7,-3],[112.1,-3.1],[111.9,-2.9],[111.9,-2.8],[111.9,-2.6],[111.9,-2.1],[112.3,-1.4],[112.9,-1.3],[113.5,-1.1],[113.9,-0.9],[114.8,-1.3],[115,-1.2],[115,-1.4]]]]}},{"type":"Feature","properties":{},"geometry":{"type":"MultiPolygon","coordinates":[[[[110.9,-2.1],[111.4,-1],[111.8,-1],[111.9,-1.2],[111.6,-2],[111.5,-2.5],[111.1,-2.7],[111.1,-2.4],[110.8,-2.1],[110.9,-2.1]]]]}},{"type":"Feature","properties":{},"geometry":{"type":"MultiPolygon","coordinates":[[[[110.9,0.1],[111.1,0.5],[111.6,0.3],[111.6,-0.1],[111.3,-0.2],[110.9,0.1]]]]}},{"type":"Feature","properties":{},"geometry":{"type":"MultiPolygon","coordinates":[[[[109.7,-5.9],[110,-6.2],[109.8,-6.3],[109.7,-5.9]]]]}},{"type":"Feature","properties":{},"geometry":{"type":"MultiPolygon","coordinates":[[[[108.9,-14.3],[107.2,-15],[104.9,-15.8],[104.7,-15.8],[105.4,-14.4],[106,-13.8],[106.8,-13.6],[107.2,-13.5],[108.1,-12.9],[109.2,-12.2],[109,-12.4],[109.1,-12.7],[109.2,-13.1],[108.9,-14],[108.9,-14.3]]]]}},{"type":"Feature","properties":{},"geometry":{"type":"MultiPolygon","coordinates":[[[[109.2,-11.8],[109.5,-11.9],[109.4,-12.1],[109.2,-11.8]]]]}},{"type":"Feature","properties":{},"geometry":{"type":"MultiPolygon","coordinates":[[[[109.9,-13.4],[109.8,-13.6],[110,-13.1],[109.9,-13.4]]]]}},{"type":"Feature","properties":{},"geometry":{"type":"MultiPolygon","coordinates":[[[[110.4,-11.6],[110.6,-11],[110.7,-11.6],[110.4,-11.6]]]]}},{"type":"Feature","properties":{},"geometry":{"type":"MultiPolygon","coordinates":[[[[110.8,-11.5],[111.2,-11.6],[110.8,-11.7],[110.8,-11.5]]]]}},{"type":"Feature","properties":{},"geometry":{"type":"MultiPolygon","coordinates":[[[[118.5,9.1],[121.4,8.9],[124,8.3],[125.4,7.8],[124.9,7.5],[124.7,7.3],[124.5,6.7],[124,6.3],[124,7.3],[123.3,7.4],[122.6,7.4],[122.5,7.2],[122.4,7.1],[122.2,7.2],[122,7.1],[121.9,7.2],[121.4,7.6],[121.1,7.8],[120.7,8.1],[120.5,7.7],[120.5,7.8],[120.4,7.6],[120,7.8],[119.6,7.6],[119.6,7.8],[119.4,7.7],[118.2,8.5],[118.5,9.1]]]]}},{"type":"Feature","properties":{},"geometry":{"type":"MultiPolygon","coordinates":[[[[71,-28.4],[68.4,-29.7],[62.7,-31.9],[62.5,-28.3],[65.8,-28.8],[71,-28.4]]]]}},{"type":"Feature","properties":{},"geometry":{"type":"MultiPolygon","coordinates":[[[[68.8,-36.5],[68.8,-38.7],[68.3,-38.4],[68.6,-38.5],[67.3,-38.6],[66.5,-38.8],[65.8,-38.6],[65.7,-38.5],[65.1,-38.6],[64,-38.6],[63.8,-38.7],[63.5,-38.8],[62.9,-38.6],[61.8,-38.5],[61.7,-38.4],[61,-38.3],[60.3,-38.2],[59.4,-37.9],[58.6,-37.8],[58.1,-37.3],[58.1,-36.7],[58.8,-36],[60.4,-36.7],[61.5,-36.9],[64.3,-36.4],[68.1,-35.8],[68.8,-36.5]]]]}},{"type":"Feature","properties":{},"geometry":{"type":"MultiPolygon","coordinates":[[[[59.6,-40.2],[58.9,-39.8],[56.9,-38.2],[57.6,-39.4],[59.6,-40.2]]]]}},{"type":"Feature","properties":{},"geometry":{"type":"MultiPolygon","coordinates":[[[[-85.8,-2],[-87.2,-2.9],[-87.8,-3.6],[-88.4,-4],[-88.7,-4.4],[-89.3,-4.6],[-90.9,-6.1],[-92.8,-6.6],[-93.1,-7.1],[-93.9,-6.4],[-91.7,-5.6],[-87.8,-2.9],[-86.9,-2.3],[-85.6,-1.6],[-85.3,-1.4],[-85.8,-2]]]]}},{"type":"Feature","properties":{},"geometry":{"type":"MultiPolygon","coordinates":[[[[-86.9,-7.1],[-85.5,-5.6],[-83.3,-3.1],[-82.2,-2.4],[-82.8,-3.3],[-85.3,-6.2],[-86.9,-7.1]]]]}},{"type":"Feature","properties":{},"geometry":{"type":"MultiPolygon","coordinates":[[[[-85.8,-2],[-84.2,0.6],[-82.6,1.7],[-81.7,2.1],[-81.4,1.8],[-82.7,0.7],[-84.4,-0.3],[-85.8,-2]]]]}},{"type":"Feature","properties":{},"geometry":{"type":"MultiPolygon","coordinates":[[[[-75.3,3.5],[-75.4,2.9],[-75.4,2.1],[-75.8,1.3],[-76.4,0.5],[-77.4,-0.1],[-78.4,-0.4],[-79.3,-0.5],[-79.8,-0.5],[-80.6,-1.2],[-81.7,-2.3],[-82.3,-2.8],[-82.9,-3.3],[-83.3,-3.8],[-83.8,-4.8],[-84.4,-6.9],[-84.8,-7.8],[-85.4,-8.8],[-86.2,-9.5],[-86.7,-10.1],[-87.5,-11.1],[-88.2,-12.1],[-88.5,-12.4],[-88.9,-13.1],[-89.9,-13.1],[-91,-13.2],[-91.3,-13.8],[-91.3,-14.5],[-93.2,-13.4],[-93.2,-12.1],[-92.2,-11.1],[-91,-10.7],[-90.5,-10],[-90.8,-9.2],[-90.2,-7.9],[-89.3,-7.6],[-88.4,-7.2],[-88.1,-7.6],[-88.6,-7.4],[-88.5,-8.2],[-87.8,-8],[-87.5,-8.6],[-86.9,-7.4],[-86.5,-6.9],[-85.6,-5.1],[-85.1,-4.3],[-84.3,-3.7],[-84.1,-3],[-83.7,-2.6],[-82.9,-1.6],[-83.1,-2.6],[-80.2,0.4],[-78.8,1.4],[-78.1,2.4],[-78.2,2.7],[-77.7,4],[-75.7,6.8],[-75.5,5.4],[-75.3,4.6],[-75.4,3.9],[-75.3,3.5]]]]}},{"type":"Feature","properties":{},"geometry":{"type":"MultiPolygon","coordinates":[[[[-83.3,-0.7],[-82.1,0.3],[-81.1,1.1],[-81.2,0.7],[-81.6,0],[-83.3,-0.7]]]]}},{"type":"Feature","properties":{},"geometry":{"type":"MultiPolygon","coordinates":[[[[-80.9,-1.4],[-80.8,0.1],[-80.7,1.2],[-79.2,2.5],[-79.7,1.4],[-80.9,-1.4]]]]}},{"type":"Feature","properties":{},"geometry":{"type":"MultiPolygon","coordinates":[[[[118.4,5.9],[115.2,4.7],[114.6,4.5],[114.5,4.5],[113.2,4.4],[112.2,4.6],[115.4,5.6],[116.1,6.3],[116.8,6.2],[117.6,6.2],[118.2,6.1],[118.4,5.9]]]]}},{"type":"Feature","properties":{},"geometry":{"type":"MultiPolygon","coordinates":[[[[119.3,6.6],[118.2,6.1],[118.3,6.4],[119.3,6.6]]]]}},{"type":"Feature","properties":{},"geometry":{"type":"MultiPolygon","coordinates":[[[[75.7,-3.1],[77.7,-3.6],[78.3,-5.1],[78.2,-6.8],[78.5,-8.9],[80.1,-12.2],[78.5,-11.6],[77.8,-10.7],[77.5,-9.5],[77.2,-7.5],[76.2,-5.2],[74.8,-3.6],[74.8,-2.8],[75.7,-3.1]]]]}},{"type":"Feature","properties":{},"geometry":{"type":"MultiPolygon","coordinates":[[[[76,-30.6],[75.7,-30.8],[74.5,-31.4],[73.7,-31.3],[72.5,-31.2],[70.1,-31.6],[70.7,-30.5],[71.7,-29.5],[73.5,-29.3],[76,-30.6]]]]}},{"type":"Feature","properties":{},"geometry":{"type":"MultiPolygon","coordinates":[[[[74.2,-28.3],[76,-30.6],[73.5,-29.3],[71.7,-29.5],[70.7,-30.5],[70.1,-31.6],[70.2,-29.7],[72.9,-28.2],[73.8,-28.2],[74.2,-28.3]]]]}},{"type":"Feature","properties":{},"geometry":{"type":"MultiPolygon","coordinates":[[[[40.7,19.2],[41.1,20.4],[41.3,21.8],[41.4,21.9],[42,20.2],[42.8,19],[44.5,18],[42.2,17.4],[40.7,19.2]]]]}},{"type":"Feature","properties":{},"geometry":{"type":"MultiPolygon","coordinates":[[[[12.3,48.4],[20,48.4],[28.8,48.2],[36.6,47.1],[39.5,45.5],[38.2,46.1],[33.4,46.8],[30.2,47.1],[22.2,46],[15.8,44.5],[13.3,45.7],[12.8,47.8],[12.3,48.4]]]]}},{"type":"Feature","properties":{},"geometry":{"type":"MultiPolygon","coordinates":[[[[8.7,37.1],[7.9,39.7],[7.7,41.1],[8.2,44.5],[8.6,46.2],[9.1,48.6],[9.8,48.8],[10.4,48.8],[10.5,48.3],[10.9,48.4],[11.2,48.5],[11.3,48.8],[11.5,49.1],[12.8,47.8],[13.3,45.7],[12.7,42.6],[10.4,40.1],[10,37.6],[9.5,37.6],[8.7,37],[8.7,37.1]]]]}},{"type":"Feature","properties":{},"geometry":{"type":"MultiPolygon","coordinates":[[[[-48.1,13.8],[-48,13.8],[-47.9,13.8],[-47.3,14],[-45.3,13.4],[-43.1,11.8],[-42.9,11.7],[-42.9,11.6],[-43.1,11.2],[-43.2,11.3],[-43.1,11.5],[-43.3,11.3],[-43.5,11.1],[-43.5,11.3],[-43.8,11.2],[-44.1,11.4],[-44.4,11.5],[-44.5,11.5],[-44.8,11.8],[-44.9,12],[-45.5,12.3],[-45.4,12.2],[-45.5,12.1],[-45.6,12.3],[-45.7,12.5],[-45.6,12.7],[-45.9,13],[-46,13],[-46.3,13.1],[-46.3,13.3],[-46.5,13.1],[-46.9,13.4],[-47.4,13.1],[-48.3,13.2],[-48.4,13.6],[-48.1,13.7],[-48.1,13.8]]]]}},{"type":"Feature","properties":{},"geometry":{"type":"MultiPolygon","coordinates":[[[[-49.5,10.7],[-49.5,10.9],[-49.4,11.2],[-48.8,11.7],[-48.3,11.4],[-48.4,11],[-48.5,10.5],[-48.5,10.4],[-49,10.3],[-49.2,10.5],[-49.5,10.7]]]]}},{"type":"Feature","properties":{},"geometry":{"type":"MultiPolygon","coordinates":[[[[-49.4,12],[-49.2,12.2],[-49.3,12.6],[-48.4,12.7],[-48,12.4],[-48.5,12],[-48.7,11.9],[-49,11.8],[-49.4,11.8],[-49.4,12]]]]}},{"type":"Feature","properties":{},"geometry":{"type":"MultiPolygon","coordinates":[[[[-50.1,10],[-49.9,10.5],[-49,10.2],[-49,10],[-49.2,9.9],[-49.6,9.7],[-49.8,9.7],[-50.2,9.8],[-50.1,10]]]]}},{"type":"Feature","properties":{},"geometry":{"type":"MultiPolygon","coordinates":[[[[-48.9,10.2],[-48.5,10],[-48.6,9.9],[-48.9,10.2]]]]}},{"type":"Feature","properties":{},"geometry":{"type":"MultiPolygon","coordinates":[[[[-46.1,12.6],[-45.9,12.7],[-46,12.5],[-46.1,12.6]]]]}},{"type":"Feature","properties":{},"geometry":{"type":"MultiPolygon","coordinates":[[[[-43.8,9.8],[-43.5,9.9],[-43.6,9.8],[-43.8,9.8]]]]}},{"type":"Feature","properties":{},"geometry":{"type":"MultiPolygon","coordinates":[[[[-46.4,-20.6],[-46.2,-20.7],[-46.4,-20.7],[-46.4,-20.6]]]]}},{"type":"Feature","properties":{},"geometry":{"type":"MultiPolygon","coordinates":[[[[-40.2,-25.5],[-40.7,-26.3],[-40.8,-26.2],[-41.2,-26.7],[-41.8,-26.9],[-41.8,-26.8],[-42.2,-26.1],[-42.3,-25.8],[-42.4,-25.7],[-42.5,-25.9],[-42.5,-25.6],[-42.4,-26.6],[-42.6,-26.2],[-42.7,-25.9],[-42.9,-25.8],[-42.9,-25.6],[-42.9,-25.4],[-43,-25.2],[-43,-25.4],[-43.2,-25.3],[-43.4,-25.1],[-43.4,-24.9],[-43.4,-24.8],[-43.7,-24.6],[-43.7,-24.4],[-43.6,-24.2],[-43.6,-24],[-43.7,-23.7],[-43.6,-23.5],[-43.4,-23.5],[-43,-23.2],[-42.7,-23.4],[-42.8,-24],[-42.9,-24.2],[-42.9,-24.4],[-42.2,-23.9],[-41.5,-23.9],[-41.4,-24.7],[-41.5,-25],[-41.5,-25.4],[-41.2,-25.2],[-40.2,-25.5]]]]}},{"type":"Feature","properties":{},"geometry":{"type":"MultiPolygon","coordinates":[[[[-43,-29.8],[-43.3,-30],[-43.6,-30.1],[-43.6,-29.7],[-43.4,-29.4],[-43.8,-29.4],[-44,-29.5],[-44.2,-29.4],[-44.2,-29.1],[-44.3,-28.9],[-44.4,-28.8],[-44.6,-28.7],[-44.4,-28.6],[-43.9,-28.6],[-43.6,-28.3],[-43.5,-28],[-43.7,-27.9],[-43.8,-27.8],[-43.8,-27.6],[-43.8,-27.4],[-43.5,-27.3],[-43.4,-27.3],[-43.3,-27.1],[-43.1,-27.2],[-42.2,-27.1],[-41.8,-27.5],[-42,-27.9],[-42,-28.2],[-42,-28.4],[-42.4,-29.3],[-43,-29.8]]]]}},{"type":"Feature","properties":{},"geometry":{"type":"MultiPolygon","coordinates":[[[[-44.2,-24],[-44.2,-24.3],[-44.2,-24.5],[-44.3,-24.6],[-44.4,-24.5],[-44.4,-24.4],[-44.3,-23.9],[-44.2,-24]]]]}},{"type":"Feature","properties":{},"geometry":{"type":"MultiPolygon","coordinates":[[[[-43.8,-24.7],[-43.4,-24.9],[-43.6,-25],[-43.8,-25.1],[-43.9,-25],[-44,-25],[-43.9,-24.7],[-43.8,-24.7]]]]}},{"type":"Feature","properties":{},"geometry":{"type":"MultiPolygon","coordinates":[[[[-43,-20.9],[-42.8,-21],[-42.6,-21.2],[-42.7,-21.4],[-43,-21.3],[-42.8,-21.1],[-43,-21],[-43,-20.9]]]]}},{"type":"Feature","properties":{},"geometry":{"type":"MultiPolygon","coordinates":[[[[-43,-25.6],[-43.1,-25.8],[-43.2,-25.7],[-43.2,-25.6],[-43,-25.6]]]]}},{"type":"Feature","properties":{},"geometry":{"type":"MultiPolygon","coordinates":[[[[-43,-26.2],[-43.1,-26.5],[-43.1,-26.4],[-43,-26.2]]]]}},{"type":"Feature","properties":{},"geometry":{"type":"MultiPolygon","coordinates":[[[[-43,-22.6],[-42.8,-22.7],[-42.8,-22.9],[-43.1,-22.8],[-43,-22.6]]]]}},{"type":"Feature","properties":{},"geometry":{"type":"MultiPolygon","coordinates":[[[[41.8,-49.5],[41.6,-49.5],[40.8,-48.8],[40.3,-48.4],[39.9,-46.4],[40,-44.9],[40.3,-45.6],[40.6,-46],[40.8,-46.4],[41.1,-47.1],[41.4,-47.6],[41.7,-49],[41.8,-49.5]]]]}},{"type":"Feature","properties":{},"geometry":{"type":"MultiPolygon","coordinates":[[[[109.2,-33.4],[108.3,-34.5],[107.7,-36],[105.9,-37.7],[104.4,-38.5],[101.3,-40],[97.8,-41.1],[94.8,-40.9],[91,-40.9],[86.7,-39.4],[83,-38.9],[82.2,-39],[83.7,-38.6],[84.3,-38.1],[89.2,-39.7],[91.1,-40.5],[93.6,-41],[95.8,-40.6],[97.6,-40.4],[100.1,-40.1],[103.6,-38.8],[106.6,-36.7],[107.9,-35],[108.5,-33.3],[109.2,-33.4]]]]}},{"type":"Feature","properties":{},"geometry":{"type":"MultiPolygon","coordinates":[[[[-19.5,-20.2],[-17.9,-18.2],[-17.8,-18.2],[-17.6,-18.3],[-17,-18.8],[-16.8,-19.3],[-16.2,-19.9],[-16.2,-20],[-17.4,-21.6],[-18.3,-22.3],[-19.1,-22.8],[-19.5,-22.6],[-19.8,-22.4],[-20.1,-22.1],[-20.4,-21.6],[-19.6,-20.3],[-19.5,-20.2]]]]}},{"type":"Feature","properties":{},"geometry":{"type":"MultiPolygon","coordinates":[[[[14.3,-40.9],[12.8,-42],[12.2,-41.6],[13.8,-40.7],[14.3,-40.9]]]]}},{"type":"Feature","properties":{},"geometry":{"type":"MultiPolygon","coordinates":[[[[6.5,-43.6],[7.5,-43.3],[6.8,-43.5],[6.5,-43.6]]]]}},{"type":"Feature","properties":{},"geometry":{"type":"MultiPolygon","coordinates":[[[[6.5,-43.2],[5.3,-43.1],[5.6,-42.8],[5.9,-42.6],[6.4,-42.5],[7.2,-42.6],[6.5,-43.2]]]]}},{"type":"Feature","properties":{},"geometry":{"type":"MultiPolygon","coordinates":[[[[4.5,-42.8],[3.9,-42.8],[3,-42.4],[3.5,-42.1],[4.6,-42.6],[4.5,-42.8]]]]}},{"type":"Feature","properties":{},"geometry":{"type":"MultiPolygon","coordinates":[[[[3.7,-42.9],[5.5,-43.1],[4.7,-43.6],[3.4,-43.8],[2.7,-43.7],[2.6,-43.5],[3,-43.3],[3.5,-43.2],[3.6,-43],[3.7,-42.9]]]]}},{"type":"Feature","properties":{},"geometry":{"type":"MultiPolygon","coordinates":[[[[-0.3,-43.1],[-0.5,-43.5],[-0.9,-43.4],[-0.6,-42.9],[-0.3,-43.1]]]]}},{"type":"Feature","properties":{},"geometry":{"type":"MultiPolygon","coordinates":[[[[0.8,-43.1],[0.7,-43.4],[0.5,-43],[0.8,-43.1]]]]}},{"type":"Feature","properties":{},"geometry":{"type":"MultiPolygon","coordinates":[[[[3.5,-44.7],[0.3,-44.2],[0.6,-44.2],[2,-44.2],[3,-44.4],[3.5,-44.7]]]]}},{"type":"Feature","properties":{},"geometry":{"type":"MultiPolygon","coordinates":[[[[-3.2,-44.9],[-4.2,-44.7],[-3.8,-44.6],[-3.2,-44.9]]]]}},{"type":"Feature","properties":{},"geometry":{"type":"MultiPolygon","coordinates":[[[[-1.1,-45.2],[-1.7,-45.5],[-1.2,-45.1],[-1.1,-45.2]]]]}},{"type":"Feature","properties":{},"geometry":{"type":"MultiPolygon","coordinates":[[[[-77.3,2.4],[-78.2,0.8],[-80,-1.4],[-82.4,-4.1],[-82,-2.7],[-80.6,-0.7],[-79.5,0.5],[-78.2,2.3],[-77,3.4],[-77.3,2.4]]]]}},{"type":"Feature","properties":{},"geometry":{"type":"MultiPolygon","coordinates":[[[[-57.4,0.4],[-58.4,0.7],[-58.4,1],[-58.3,1.1],[-58.2,1.3],[-58,1.4],[-57.8,1.1],[-57.8,0.7],[-57.4,0.4]]]]}},{"type":"Feature","properties":{},"geometry":{"type":"MultiPolygon","coordinates":[[[[-62,3.8],[-61.2,3.2],[-60.9,2.9],[-60.7,2.8],[-60.5,2.7],[-60.5,2.6],[-60.3,2.3],[-61.1,2],[-61.4,2.3],[-61.4,2.6],[-62.5,3],[-62.1,3.4],[-61.8,3.2],[-61.8,3.4],[-62.1,3.7],[-62,3.8]]]]}},{"type":"Feature","properties":{},"geometry":{"type":"MultiPolygon","coordinates":[[[[-62,3.8],[-62.2,3.8],[-62.3,4.1],[-62.3,4.2],[-62.4,4.6],[-62,3.8]]]]}},{"type":"Feature","properties":{},"geometry":{"type":"MultiPolygon","coordinates":[[[[-59.1,0.9],[-59.6,1.1],[-60.1,1.6],[-59.9,1.7],[-59.7,1.4],[-59.7,1.7],[-59.3,2],[-59.4,1.6],[-59.3,1.3],[-59.3,1.6],[-59.1,1.5],[-58.9,1.9],[-58.9,1.5],[-58.7,1.6],[-58.6,1.3],[-59.1,0.9]]]]}},{"type":"Feature","properties":{},"geometry":{"type":"MultiPolygon","coordinates":[[[[-60.7,1.6],[-60.8,1.8],[-60.6,1.5],[-60.7,1.6]]]]}},{"type":"Feature","properties":{},"geometry":{"type":"MultiPolygon","coordinates":[[[[-59.5,2.5],[-59.7,2.2],[-59.6,2.6],[-59.5,2.5]]]]}},{"type":"Feature","properties":{},"geometry":{"type":"MultiPolygon","coordinates":[[[[-169.4,-51.1],[-170.8,-51.9],[-171.8,-51.6],[-172,-51.3],[-172.7,-50.1],[-173.7,-49.7],[-173.6,-49.1],[-174.2,-48.6],[-175.8,-48.3],[-175.8,-48],[-176.5,-47.8],[-176.8,-47.1],[-176.7,-46.7],[-177.5,-46.4],[-177,-46],[-176.6,-46.4],[-175.9,-45.8],[-175.8,-45.7],[-175.4,-46],[-174.5,-46.1],[-174,-46],[-174.1,-45.9],[-174.3,-45.8],[-174.6,-45.9],[-174.5,-45.7],[-174.8,-45.8],[-174.9,-45.7],[-174.9,-45.6],[-174.4,-45.6],[-174.3,-45.5],[-174.2,-45.6],[-173.9,-45.6],[-173.5,-45.6],[-173.4,-45.6],[-173,-45.8],[-172.8,-45.8],[-172.8,-45.7],[-172.5,-45.7],[-172.3,-45.7],[-172.1,-45.9],[-171.8,-46],[-171.6,-45.8],[-171.4,-45.8],[-171.4,-46],[-170.9,-46],[-171.3,-45.8],[-170.2,-46],[-170.1,-46],[-169.8,-46.1],[-169.6,-46.1],[-169.5,-46.2],[-169.3,-46.4],[-169.4,-46.5],[-169.8,-46.7],[-169.7,-46.7],[-169.2,-46.6],[-169.1,-46.7],[-169,-46.6],[-168.8,-46.3],[-168.7,-46.4],[-168.6,-46.4],[-168.3,-46.5],[-168.1,-46.6],[-166.8,-46.8],[-166.6,-46.9],[-167.1,-46.9],[-167,-47.2],[-167.4,-48.8],[-169.4,-51.1]]]]}},{"type":"Feature","properties":{},"geometry":{"type":"MultiPolygon","coordinates":[[[[-175.6,-45.7],[-175.4,-45.7],[-175,-45.9],[-175.6,-45.7]]]]}},{"type":"Feature","properties":{},"geometry":{"type":"MultiPolygon","coordinates":[[[[180,-47.2],[178.3,-48.6],[178.6,-48.3],[178.8,-47.9],[180,-47.2]]]]}},{"type":"Feature","properties":{},"geometry":{"type":"MultiPolygon","coordinates":[[[[-180,-48.1],[-179.7,-47],[-178.2,-47.3],[-177.7,-46.7],[-177.2,-46.9],[-177.1,-47],[-177.2,-47.2],[-177.2,-47.7],[-178,-48],[-179.2,-48],[-180,-48.1]]]]}},{"type":"Feature","properties":{},"geometry":{"type":"MultiPolygon","coordinates":[[[[-176.6,-45.7],[-176.3,-46.2],[-176.7,-46],[-176.6,-45.7]]]]}},{"type":"Feature","properties":{},"geometry":{"type":"MultiPolygon","coordinates":[[[[177.8,-49.5],[177.9,-49.2],[178.1,-49.1],[178,-49.2],[177.8,-49.5]]]]}},{"type":"Feature","properties":{},"geometry":{"type":"MultiPolygon","coordinates":[[[[112.8,-6.5],[113.6,-4.4],[113.8,-2.2],[115,-1.4],[115.4,-1.8],[114.9,-2.7],[114.7,-3.9],[113.7,-6],[113,-7.1],[112.7,-7.5],[111.8,-8.6],[111.5,-9.4],[112.6,-6.9],[112.8,-6.5]]]]}},{"type":"Feature","properties":{},"geometry":{"type":"MultiPolygon","coordinates":[[[[140.5,-24.3],[140.6,-24.4],[140.7,-24.4],[140.7,-24.5],[140.6,-24.7],[140.6,-24.6],[140.5,-24.5],[140.4,-24.3],[140.5,-24.3]]]]}},{"type":"Feature","properties":{},"geometry":{"type":"MultiPolygon","coordinates":[[[[127.7,-2.2],[128.1,-2.3],[128.4,-2.3],[128.5,-2.4],[128.7,-2.7],[128.7,-2.6],[128.7,-2.7],[128.9,-2.9],[129.2,-3.3],[129.3,-3.4],[129.3,-3.5],[129.4,-3.6],[129.9,-3.9],[130.1,-3.8],[130.1,-3.9],[130.3,-4.1],[130.4,-4.2],[130.5,-4.3],[130.6,-4.4],[130.6,-4.5],[130.7,-4.8],[130.7,-4.9],[130.8,-4.9],[130.9,-5],[131.2,-5.1],[131.2,-5.2],[131.3,-5.4],[131.3,-5.5],[131.3,-5.6],[131.2,-5.6],[131.2,-5.7],[131.1,-5.7],[131.1,-5.8],[131,-5.9],[131,-6],[130.9,-6.1],[130.8,-6.2],[130.8,-6.3],[130.7,-6.3],[130.7,-6.4],[130.6,-6.5],[130.6,-6.6],[130.5,-6.6],[130.4,-6.6],[130.4,-6.7],[130.3,-6.7],[130.3,-6.8],[130.2,-6.8],[130.1,-6.8],[130.1,-6.9],[130,-6.9],[130,-7],[129.9,-7],[129.9,-6.9],[129.9,-6.8],[129.9,-6.7],[130,-6.7],[130,-6.6],[130,-6.5],[130.1,-6.4],[130.1,-6.3],[130.1,-6.2],[130.1,-6.1],[130.1,-6],[130.1,-5.9],[130.1,-5.8],[130.1,-5.7],[130.2,-5.7],[130.2,-5.6],[130.2,-5.5],[130.2,-5.4],[130.2,-5.3],[130.2,-5.2],[130.3,-5.1],[130.2,-5],[130.1,-5],[130,-5],[130,-4.9],[129.9,-4.9],[129.8,-4.9],[129.7,-4.9],[129.6,-4.9],[129.5,-4.9],[129.4,-4.9],[129.3,-4.8],[129.2,-4.8],[129.1,-4.8],[129,-4.8],[128.9,-4.8],[128.8,-4.8],[128.6,-4.7],[128.4,-4.5],[128.4,-4.4],[128.3,-4.4],[128.3,-4.3],[128.3,-4.2],[128.2,-4.2],[128.2,-4.1],[128.2,-4],[128.1,-4],[128.1,-3.9],[128,-3.8],[127.9,-3.7],[127.9,-3.6],[127.8,-3.4],[127.8,-3.3],[127.8,-3.2],[127.8,-3.1],[127.6,-2.7],[127.6,-2.6],[127.5,-2.4],[127.5,-2.2],[127.5,-2.1],[127.7,-2.2]]]]}},{"type":"Feature","properties":{},"geometry":{"type":"MultiPolygon","coordinates":[[[[-63.2,-36.4],[-60.8,-35.9],[-60.7,-36.1],[-60.4,-36.3],[-60.1,-36.5],[-59.2,-36.8],[-58.6,-37],[-58.4,-37.2],[-58.7,-37.2],[-59.1,-37.2],[-59.3,-37.3],[-59.5,-37.3],[-59.8,-37.5],[-60,-37.5],[-60.4,-37.4],[-60.5,-37.4],[-60.8,-37.4],[-61,-37.6],[-61.2,-37.5],[-61.4,-37.5],[-61.6,-37.5],[-61.7,-37.5],[-61.9,-37.8],[-62.3,-38],[-62.4,-38],[-62.6,-38.1],[-62.8,-38.1],[-63.2,-38.1],[-63.3,-37.8],[-63.4,-37.7],[-63,-37],[-62.8,-37],[-62.7,-36.9],[-61.4,-36.6],[-61.2,-37],[-61.7,-36.6],[-61.4,-36.3],[-61.1,-36.2],[-61.3,-35.9],[-62.6,-36.4],[-63.2,-36.4]]]]}},{"type":"Feature","properties":{},"geometry":{"type":"MultiPolygon","coordinates":[[[[-70,-38.2],[-67.9,-37.4],[-67.7,-37.6],[-68.2,-37.7],[-68.1,-37.9],[-68.1,-38.2],[-67.6,-38.3],[-67.7,-38.7],[-68.3,-38.4],[-68.7,-38.5],[-68.7,-38.2],[-68.9,-38.2],[-69.2,-38.4],[-69.7,-38.2],[-70,-38.2]]]]}},{"type":"Feature","properties":{},"geometry":{"type":"MultiPolygon","coordinates":[[[[-53.6,-35.5],[-53.5,-35.5],[-52.1,-34.4],[-52,-34.5],[-52,-34.6],[-52.2,-34.9],[-51.9,-34.8],[-51.5,-34.7],[-51.6,-34.8],[-52,-35.1],[-51.9,-35.4],[-51.9,-35.7],[-51.3,-35.2],[-51.5,-35.6],[-51.5,-35.8],[-51.1,-35.4],[-51.2,-36.2],[-51.5,-36.6],[-51.8,-36.6],[-51.8,-36.3],[-51.8,-36],[-52.2,-36],[-52.1,-35.8],[-52.2,-35.3],[-52.7,-35.8],[-52.8,-35.7],[-53.2,-36.1],[-53.3,-36.3],[-53.6,-36],[-52.9,-35.6],[-53.3,-35.5],[-53.3,-35.7],[-53.6,-35.7],[-53.6,-35.5]]]]}},{"type":"Feature","properties":{},"geometry":{"type":"MultiPolygon","coordinates":[[[[-58.7,-36.7],[-58.2,-36.9],[-57.6,-36.5],[-57.2,-36.5],[-57.2,-36.8],[-58.1,-37],[-58.6,-36.9],[-58.7,-36.7]]]]}},{"type":"Feature","properties":{},"geometry":{"type":"MultiPolygon","coordinates":[[[[-59.5,-36.2],[-59.5,-36.3],[-60,-36.2],[-59.5,-36.2]]]]}},{"type":"Feature","properties":{},"geometry":{"type":"MultiPolygon","coordinates":[[[[-51.6,-33.9],[-51.7,-34.2],[-51.9,-34.2],[-52.4,-34.7],[-53.6,-35.5],[-53.6,-35.3],[-53.8,-35.4],[-54,-35.3],[-54.2,-35.5],[-54.4,-35.5],[-54.5,-35.5],[-54.7,-35.3],[-54.8,-35.2],[-55.2,-35.3],[-55.4,-35.3],[-55.7,-35.3],[-55.8,-35.2],[-56.3,-35.3],[-56.5,-35.1],[-55.4,-35],[-54.5,-34.8],[-53.5,-34.5],[-52.4,-33.8],[-52.1,-33.8],[-51.6,-33.9]]]]}},{"type":"Feature","properties":{},"geometry":{"type":"MultiPolygon","coordinates":[[[[-60.8,-35.9],[-63.2,-36.4],[-63.5,-36.2],[-63.8,-36.4],[-64,-36.6],[-64.2,-36.6],[-64.4,-36.6],[-64.6,-36.6],[-64.8,-36.7],[-64.9,-36.6],[-65.1,-36.5],[-65.2,-36.7],[-65.3,-36.3],[-64,-35.9],[-62.1,-35.2],[-61.2,-35.1],[-61.3,-35.3],[-61.2,-35.6],[-60.9,-35.8],[-60.8,-35.9]]]]}},{"type":"Feature","properties":{},"geometry":{"type":"MultiPolygon","coordinates":[[[[-65.9,-36.8],[-66,-36.7],[-66.2,-36.6],[-66.3,-36.6],[-65.3,-36.3],[-65.8,-36.7],[-65.9,-36.8]]]]}},{"type":"Feature","properties":{},"geometry":{"type":"MultiPolygon","coordinates":[[[[-67.9,-37.4],[-67.5,-36.9],[-67.1,-36.9],[-67.9,-37.4]]]]}},{"type":"Feature","properties":{},"geometry":{"type":"MultiPolygon","coordinates":[[[[-57.5,-35.8],[-57.7,-36.3],[-58.3,-36.6],[-58.2,-36.7],[-58.3,-36.8],[-58.7,-36.4],[-57.5,-35.8]]]]}},{"type":"Feature","properties":{},"geometry":{"type":"MultiPolygon","coordinates":[[[[-57.5,-36.4],[-58.1,-36.8],[-58.1,-36.6],[-57.6,-36.3],[-57.5,-36.4]]]]}},{"type":"Feature","properties":{},"geometry":{"type":"MultiPolygon","coordinates":[[[[-59.5,-36.2],[-59.9,-35.9],[-60.3,-36],[-60.7,-35.6],[-60.9,-35.3],[-60.6,-35.4],[-60.5,-35.6],[-60.2,-35.6],[-59.8,-35.9],[-59.5,-35.8],[-59.3,-36.1],[-59.5,-36.1],[-59.5,-36.2]]]]}},{"type":"Feature","properties":{},"geometry":{"type":"MultiPolygon","coordinates":[[[[-35.9,-47.3],[-34.5,-47.1],[-34,-47.1],[-34.4,-47.6],[-34.7,-47.8],[-35.1,-47.9],[-35.6,-48.2],[-36,-47.5],[-35.9,-47.3]]]]}},{"type":"Feature","properties":{},"geometry":{"type":"MultiPolygon","coordinates":[[[[-36.9,-47.6],[-35.9,-47.3],[-35.8,-48.3],[-36,-48.4],[-35.9,-48.5],[-36.2,-48.8],[-36.6,-49.1],[-37.3,-49.4],[-37.4,-49.3],[-37.4,-49.2],[-36.9,-49],[-37.1,-48.8],[-37.1,-48.6],[-37,-48.6],[-37.3,-48.4],[-37.1,-48.2],[-36.8,-48.2],[-37.2,-48],[-37.1,-47.9],[-37,-47.9],[-37.2,-47.9],[-36.8,-47.7],[-36.9,-47.6]]]]}},{"type":"Feature","properties":{},"geometry":{"type":"MultiPolygon","coordinates":[[[[-38.4,-48],[-37.3,-47.7],[-37.4,-48.3],[-37.8,-48.4],[-38.2,-48.1],[-38.4,-48]]]]}},{"type":"Feature","properties":{},"geometry":{"type":"MultiPolygon","coordinates":[[[[-50.5,-57.3],[-51,-57.1],[-51.8,-56.3],[-52.1,-55.4],[-51.9,-54.4],[-51.8,-54.1],[-52,-53.3],[-52.5,-52.6],[-52.8,-52.6],[-53.7,-52.5],[-54.2,-52.2],[-54.1,-52],[-54.1,-51.9],[-54.1,-51.7],[-54.2,-51.7],[-54.5,-51.3],[-54.7,-51.1],[-55.2,-50.8],[-55.5,-50.8],[-55.7,-50.7],[-56.1,-50.6],[-56.2,-50.5],[-56.3,-50.1],[-57,-50],[-57.7,-49.7],[-57.7,-49.5],[-59.2,-47.6],[-56.8,-48.6],[-54.8,-49.3],[-51.8,-50],[-45.1,-50.6],[-40.2,-48.9],[-38.5,-48.1],[-37.8,-48.5],[-37.7,-49.1],[-38,-48.8],[-37.9,-49.1],[-38.1,-49.3],[-38.3,-49.3],[-38.4,-49.3],[-38.5,-49.5],[-38.2,-49.8],[-37.8,-51],[-37.9,-50.2],[-38,-50.3],[-38.4,-50.3],[-38.5,-50.5],[-39.1,-50.3],[-38.7,-50.6],[-38.1,-50.8],[-38.3,-51.1],[-39.1,-51.2],[-39.3,-51],[-39.8,-50.9],[-39.5,-51.2],[-39.9,-51.2],[-39.5,-51.5],[-39.3,-51.5],[-39.6,-51.7],[-39.9,-51.6],[-40.4,-51.6],[-40.8,-51.6],[-42,-52],[-43.9,-52.2],[-44.3,-52.3],[-45.2,-52.3],[-45.7,-52.3],[-46,-52.3],[-46.5,-52.2],[-46.7,-52.4],[-47.1,-52.6],[-47.3,-52.6],[-47.5,-52.7],[-47.7,-52.8],[-48,-52.9],[-48.1,-52.9],[-48.3,-53.1],[-48.5,-53.1],[-48.6,-53.1],[-48.7,-53.4],[-48.9,-53.6],[-49.6,-55.8],[-49.9,-55.7],[-50.5,-56.9],[-50.5,-57.3]]]]}},{"type":"Feature","properties":{},"geometry":{"type":"MultiPolygon","coordinates":[[[[-86.6,-39.1],[-83.8,-39.4],[-81.7,-39.3],[-78.4,-39.1],[-79.4,-40.3],[-85.6,-39.7],[-86.6,-39.1]]]]}},{"type":"Feature","properties":{},"geometry":{"type":"MultiPolygon","coordinates":[[[[-54.5,-34.8],[-55.4,-35],[-54.7,-34.4],[-53.8,-34],[-54.5,-34.8]]]]}},{"type":"Feature","properties":{},"geometry":{"type":"MultiPolygon","coordinates":[[[[-52.4,-33.8],[-53.5,-34.5],[-54.5,-34.8],[-53.5,-33.7],[-53.2,-33.7],[-53.1,-33.7],[-53.1,-33.8],[-53,-33.6],[-52.9,-33.6],[-53,-34],[-52.7,-33.9],[-52.4,-33.8]]]]}},{"type":"Feature","properties":{},"geometry":{"type":"MultiPolygon","coordinates":[[[[-52.7,-33.6],[-52.5,-33.6],[-52.7,-33.7],[-52.7,-33.6]]]]}},{"type":"Feature","properties":{},"geometry":{"type":"MultiPolygon","coordinates":[[[[58.9,16.7],[61.1,18.4],[61.5,16.6],[60,15.2],[57.5,14],[56.8,15.8],[58.5,16.4],[58.9,16.7]]]]}},{"type":"Feature","properties":{},"geometry":{"type":"MultiPolygon","coordinates":[[[[53.2,15.7],[55.6,16.4],[55.2,14.7],[52.5,14.7],[53.2,15.7]]]]}},{"type":"Feature","properties":{},"geometry":{"type":"MultiPolygon","coordinates":[[[[54.8,19.3],[56.9,19.3],[58.8,20.2],[59.1,20.3],[58.1,18.5],[56.8,17.9],[54.2,18.5],[54.8,19.3]]]]}},{"type":"Feature","properties":{},"geometry":{"type":"MultiPolygon","coordinates":[[[[59.8,15.1],[61.4,16.3],[63.1,16],[63.5,14],[60.9,11.8],[58.2,10.4],[58.1,13.4],[59.5,14.8],[59.8,15.1]]]]}},{"type":"Feature","properties":{},"geometry":{"type":"MultiPolygon","coordinates":[[[[60.2,13.7],[60.6,10.7],[57.3,9.3],[56.3,11.3],[59.2,13],[60.2,13.7]]]]}},{"type":"Feature","properties":{},"geometry":{"type":"MultiPolygon","coordinates":[[[[127.4,-2.3],[127.6,-2.5],[127.6,-2.7],[127.7,-2.8],[127.8,-3.2],[127.8,-3.3],[127.8,-3.4],[127.8,-3.5],[127.9,-3.6],[128,-3.7],[128,-3.8],[128.1,-3.9],[128.1,-4],[128.2,-4],[128.2,-4.1],[128.2,-4.2],[128.3,-4.2],[128.3,-4.3],[128.3,-4.4],[128.4,-4.4],[128.4,-4.5],[128.5,-4.6],[128.8,-4.8],[128.9,-4.8],[129,-4.8],[129.1,-4.8],[129.2,-4.8],[129.3,-4.8],[129.3,-4.9],[129.4,-4.9],[129.5,-4.9],[129.6,-4.9],[129.7,-4.9],[129.8,-4.9],[129.9,-4.9],[130,-4.9],[130,-5],[130.1,-5],[130.2,-5],[130.3,-5.1],[130.3,-5.2],[130.2,-5.2],[130.2,-5.3],[130.2,-5.4],[130.2,-5.5],[130.2,-5.6],[130.2,-5.7],[130.1,-5.7],[130.1,-5.8],[130.1,-5.9],[130.1,-6],[130.1,-6.1],[130.1,-6.2],[130.1,-6.3],[130.1,-6.4],[130,-6.4],[130,-6.5],[130,-6.6],[130,-6.7],[129.9,-6.7],[129.9,-6.8],[129.9,-6.9],[129.9,-7],[130.4,-7.2],[130.8,-7.3],[130.7,-7.3],[130.7,-7.4],[130.6,-7.5],[130.6,-7.6],[130.6,-7.7],[130.6,-7.8],[130.5,-7.8],[130.7,-8.1],[130.7,-8.2],[130.7,-8.4],[130.7,-8.6],[130.7,-8.7],[130.8,-8.7],[130.8,-8.8],[130.8,-8.9],[130.8,-9.2],[130.7,-9.2],[130.7,-9.3],[130.7,-9.4],[130.7,-9.5],[130.7,-9.6],[130.7,-9.7],[130.7,-9.8],[130.6,-9.8],[130.6,-9.9],[130.5,-9.9],[130.5,-10],[130.5,-10.1],[130.5,-10.2],[130.5,-10.3],[130.5,-10.4],[130.6,-10.5],[130.6,-10.6],[130.5,-10.7],[130.5,-10.8],[130.5,-10.9],[130.5,-11],[130.5,-11.1],[130.4,-11.1],[130.4,-11.2],[130.3,-11.3],[130.3,-11.4],[130.2,-11.4],[130.2,-11.5],[130.2,-11.6],[130.1,-11.6],[130.1,-11.7],[130,-11.8],[130,-11.9],[130,-12],[129.9,-12.1],[129.9,-12.2],[129.9,-12.3],[129.9,-12.4],[129.8,-12.5],[129.8,-12.6],[129.8,-12.7],[129.8,-12.8],[129.7,-12.8],[129.7,-12.9],[129.6,-12.9],[129.6,-13],[129.5,-13],[129.5,-13.1],[129.4,-13.1],[129.4,-13.2],[129.3,-13.2],[129.2,-13.2],[129.1,-13.2],[129.1,-13.1],[129.1,-13],[129,-12.9],[128.9,-12.9],[128.8,-12.9],[128.8,-12.8],[128.7,-12.8],[128.6,-12.8],[128.6,-12.7],[128.5,-12.7],[128.4,-12.6],[128.3,-12.5],[128.3,-12.4],[128.2,-12.4],[128.1,-12.3],[128,-12.3],[127.9,-12.2],[127.8,-12.1],[127.7,-12.1],[127.7,-12],[127.6,-12],[127.5,-11.9],[127.4,-11.8],[127.3,-11.7],[127.2,-11.6],[127.2,-11.5],[127.1,-11.5],[127.1,-11.4],[127.1,-11.3],[127.1,-11.2],[127.1,-11.1],[127.1,-11],[127.1,-10.9],[127,-10.9],[127,-10.8],[126.9,-10.8],[126.9,-10.7],[126.9,-10.6],[126.8,-10.6],[126.8,-10.5],[126.7,-10.5],[126.6,-10.5],[126.5,-10.5],[126.5,-10.4],[126.5,-10.3],[126.4,-10.3],[126.4,-10.2],[126.3,-10.1],[126.2,-10.1],[126.2,-10],[126.1,-10],[126.1,-9.9],[126.1,-9.8],[126.2,-9.8],[126.1,-9.8],[126.1,-9.7],[126,-9.7],[126,-9.6],[125.9,-9.6],[125.9,-9.5],[126,-9.5],[126,-9.4],[125.9,-9.4],[125.8,-9.3],[125.8,-9.2],[125.7,-9.2],[125.7,-9.1],[125.7,-9],[125.7,-8.9],[125.7,-8.8],[125.7,-8.7],[125.7,-8.6],[125.7,-8.5],[125.7,-8.4],[125.8,-8.4],[125.9,-8.4],[125.9,-8.3],[125.9,-8.2],[125.9,-8.1],[125.9,-8],[125.9,-7.9],[125.9,-7.8],[125.9,-7.7],[126,-7.7],[126,-7.6],[126,-7.5],[126,-7.4],[126,-7.3],[126,-7.2],[126.1,-6.8],[126,-6.8],[126.1,-6.6],[125.7,-5.1],[125.1,-3.5],[124.7,-2.7],[124.4,-2.4],[124.6,-2.1],[124.5,-2],[124.3,-2],[124.2,-1.7],[124.4,-1.4],[124.2,-1.2],[124.2,-0.9],[124,-0.3],[124.2,-0.3],[124.5,-0.1],[125.2,-0.8],[125.6,-1.1],[126,-1.4],[126.7,-2.3],[127.3,-2.3],[127.4,-2.3]]]]}},{"type":"Feature","properties":{},"geometry":{"type":"MultiPolygon","coordinates":[[[[117.2,-5.2],[117.2,-5.3],[117.3,-5.4],[117.3,-5.5],[117.4,-5.5],[117.4,-5.6],[117.4,-5.7],[117.4,-5.8],[117.4,-5.9],[117.3,-5.9],[117.3,-6],[117.2,-6],[117.2,-6.1],[117.2,-6.2],[117.2,-6.3],[117.2,-6.4],[117.3,-6.5],[117.2,-6.5],[117.1,-6.5],[117.1,-6.6],[117,-6.6],[117,-6.7],[117,-6.8],[117,-6.9],[117,-7],[117,-7.1],[117.1,-7.1],[117.1,-7.2],[117.2,-7.2],[117.2,-7.3],[117.2,-7.4],[117.2,-7.5],[117.2,-7.6],[117.3,-7.7],[117.4,-7.7],[117.5,-7.7],[117.6,-7.7],[117.6,-7.8],[117.7,-7.8],[117.8,-7.9],[117.8,-8],[117.9,-8],[117.9,-8.1],[117.9,-8.2],[118,-8.2],[117.9,-8.2],[117.9,-8.3],[118,-8.3],[118.1,-8.3],[118.2,-8.4],[118.3,-8.4],[118.3,-8.5],[118.9,-8.5],[119.2,-9.6],[119.4,-10.1],[119.5,-10.1],[119.6,-10.1],[119.6,-10.2],[119.7,-10.2],[119.8,-10.2],[119.9,-10.1],[120,-10.1],[120,-10.2],[120.3,-10.3],[120.4,-10.4],[120.5,-10.5],[120.6,-10.5],[120.6,-10.6],[120.7,-10.6],[120.7,-10.7],[120.8,-10.7],[120.9,-10.8],[120.9,-10.9],[121,-10.9],[120.9,-10.9],[120.9,-11],[120.9,-11.1],[121,-11.1],[121,-11.2],[121.1,-11.2],[121.2,-11.2],[121.2,-11.3],[121.3,-11.3],[121.4,-11.3],[121.5,-11.4],[121.6,-11.4],[121.7,-11.4],[121.8,-11.4],[121.8,-11.3],[121.9,-11.3],[122,-11.2],[122.1,-11.2],[122.1,-11.1],[122.2,-11.1],[122.2,-11],[122.2,-10.9],[122.3,-10.9],[122.3,-10.8],[122.2,-10.8],[122.1,-10.7],[122,-10.7],[122,-10.6],[122.1,-10.6],[122.2,-10.5],[122.2,-10.4],[122.3,-10.4],[122.3,-10.3],[122.4,-10.2],[122.3,-10.1],[122.3,-10],[122.3,-9.9],[122.3,-9.8],[122.4,-9.7],[122.4,-9.6],[122.4,-9.5],[122.5,-9.4],[122.6,-9.3],[122.7,-9.2],[122.7,-9.1],[122.8,-9],[122.9,-8.9],[123,-8.9],[123.1,-8.9],[123.3,-8.8],[123.4,-8.7],[123.5,-8.7],[123.6,-8.6],[123.6,-8.5],[123.7,-8.5],[123.7,-8.4],[123.8,-8.4],[123.9,-8.3],[123.9,-8.2],[124,-8.2],[124.1,-8.1],[124.2,-8],[124.3,-8],[124.3,-7.9],[124.4,-7.9],[124.4,-7.8],[124.5,-7.8],[124.6,-7.7],[124.7,-7.7],[124.7,-7.6],[124.8,-7.6],[124.9,-7.6],[124.9,-7.5],[125,-7.5],[125.1,-7.5],[125.1,-7.4],[125.2,-7.4],[125.3,-7.4],[125.4,-7.3],[125.6,-7.3],[125.6,-7.2],[125.7,-7.2],[126,-6.8],[126.1,-6.8],[126.2,-6.8],[126,-7.3],[126,-7.4],[126,-7.5],[126,-7.6],[125.9,-7.6],[126,-7.6],[126,-7.7],[125.9,-7.7],[125.9,-7.8],[125.9,-7.9],[125.9,-8],[125.9,-8.1],[125.9,-8.2],[125.9,-8.3],[125.9,-8.4],[125.8,-8.4],[125.7,-8.4],[125.7,-8.5],[125.7,-8.6],[125.7,-8.7],[125.7,-8.8],[125.7,-8.9],[125.7,-9],[125.7,-9.1],[125.7,-9.2],[125.8,-9.2],[125.8,-9.3],[125.9,-9.4],[126,-9.4],[126,-9.5],[125.9,-9.5],[125.9,-9.6],[126,-9.7],[126.1,-9.7],[126.1,-9.8],[126.2,-9.8],[126.1,-9.8],[126.1,-9.9],[126.1,-10],[126.2,-10],[126.2,-10.1],[126.3,-10.1],[126.4,-10.2],[126.4,-10.3],[126.5,-10.3],[126.5,-10.4],[126.5,-10.5],[126.6,-10.5],[126.7,-10.5],[126.8,-10.5],[126.8,-10.6],[126.9,-10.6],[126.9,-10.7],[126.9,-10.8],[127,-10.8],[127,-10.9],[127.1,-10.9],[127.1,-11],[127.1,-11.1],[127.1,-11.2],[127.1,-11.3],[127.1,-11.4],[127.1,-11.5],[127.2,-11.5],[127.2,-11.6],[127.3,-11.7],[127.3,-11.8],[127.4,-11.8],[127.5,-11.9],[127.6,-12],[127.7,-12],[127.7,-12.1],[127.8,-12.1],[127.9,-12.2],[128,-12.2],[128,-12.3],[128.1,-12.3],[128.2,-12.3],[128.2,-12.4],[128.3,-12.4],[128.3,-12.5],[128.4,-12.6],[128.5,-12.6],[128.5,-12.7],[128.6,-12.7],[128.6,-12.8],[128.7,-12.8],[128.8,-12.9],[128.9,-12.9],[129,-12.9],[129,-13],[129.1,-13],[129.1,-13.1],[129.1,-13.2],[129.2,-13.2],[129.3,-13.2],[129.4,-13.2],[129.3,-13.3],[129.2,-13.5],[129.2,-13.6],[129.2,-13.7],[129.1,-13.7],[129,-13.8],[128.9,-13.8],[128.8,-13.9],[128.7,-13.9],[128.7,-14],[128.6,-14],[128.6,-14.1],[128.5,-14.1],[128.4,-14.1],[128.4,-14.2],[128.3,-14.2],[128.2,-14.2],[128.1,-14.2],[128.1,-14.3],[128,-14.3],[127.9,-14.3],[127.8,-14.3],[127.7,-14.3],[127.6,-14.3],[127.5,-14.3],[127.4,-14.3],[127.3,-14.3],[127.2,-14.3],[127.1,-14.3],[127,-14.3],[126.9,-14.3],[126.8,-14.3],[126.7,-14.3],[126.6,-14.3],[126.5,-14.3],[126.4,-14.3],[126.3,-14.3],[126.2,-14.3],[126.1,-14.3],[126,-14.3],[126,-14.4],[126.1,-14.4],[126.1,-14.5],[126.2,-14.6],[126.2,-14.7],[126.3,-14.8],[126.3,-14.9],[126.3,-15],[126.4,-15],[126.4,-15.1],[126.5,-15.2],[126.5,-15.3],[126.6,-15.3],[126.6,-15.4],[126.6,-15.5],[126.5,-15.5],[126.5,-15.6],[126.4,-15.6],[126.4,-15.7],[126.3,-15.8],[126.2,-15.8],[126.1,-15.8],[126,-15.8],[125.9,-15.7],[125.8,-15.7],[125.7,-15.7],[125.6,-15.6],[125.5,-15.6],[125.4,-15.6],[125.4,-15.5],[125.3,-15.5],[125.2,-15.5],[125.1,-15.4],[125,-15.4],[125,-15.5],[124.9,-15.5],[124.9,-15.6],[124.9,-15.7],[124.9,-15.8],[124.8,-15.8],[124.8,-15.9],[124.8,-16],[124.7,-16.1],[124.7,-16.2],[124.7,-16.3],[124.6,-16.3],[124.6,-16.4],[124.6,-16.5],[124.6,-16.6],[124.6,-16.7],[124.6,-16.8],[124.5,-16.9],[124.5,-17],[124.4,-17.1],[124.3,-17.2],[124.2,-17.3],[124.1,-17.4],[124,-17.5],[123.9,-17.5],[123.8,-17.6],[123.7,-17.6],[123.6,-17.6],[123.5,-17.7],[123.4,-17.7],[123.3,-17.7],[123.3,-17.8],[123.2,-17.8],[123.1,-17.9],[123,-17.9],[123,-18],[122.9,-18],[122.9,-18.1],[122.8,-18.1],[122.8,-18.2],[122.7,-18.2],[122.6,-18.2],[122.6,-18.3],[122.5,-18.3],[122.4,-18.4],[122.3,-18.4],[122.3,-18.5],[122.2,-18.5],[122.1,-18.5],[122,-18.5],[121.9,-18.5],[121.8,-18.5],[121.8,-18.6],[121.7,-18.6],[121.6,-18.6],[121.5,-18.6],[121.4,-18.6],[121.3,-18.6],[121.2,-18.6],[121.1,-18.6],[121,-18.6],[120.9,-18.6],[120.8,-18.5],[120.7,-18.5],[120.6,-18.5],[120.5,-18.5],[120.4,-18.6],[120.3,-18.6],[120.2,-18.8],[120.2,-18.9],[120.1,-18.9],[120.1,-19],[120,-19],[119.9,-19.1],[119.9,-19.2],[119.8,-19.2],[119.7,-19.2],[119.6,-19.2],[119.5,-19.2],[119.4,-19.3],[119.3,-19.3],[119.2,-19.4],[119.2,-19.5],[119.1,-19.5],[119,-19.5],[118.9,-19.5],[118.8,-19.5],[118.7,-19.5],[118.6,-19.5],[118.5,-19.4],[118.4,-19.3],[118.4,-19.2],[118.3,-19.2],[118.3,-19.1],[118.2,-19.1],[118.1,-19.2],[118,-19.2],[118,-19.3],[117.9,-19.3],[117.9,-19.4],[117.8,-19.4],[117.8,-19.3],[117.7,-19.2],[117.6,-19.1],[117.6,-19],[117.5,-18.9],[117.4,-18.8],[117.3,-18.8],[117.3,-18.9],[117.3,-19],[117.2,-19.1],[117.2,-19.2],[117.1,-19.2],[117.1,-19.3],[117.1,-19.2],[117.1,-19.1],[117,-19.1],[117,-19],[116.9,-19],[116.9,-18.9],[116.8,-18.9],[116.7,-18.8],[116.6,-18.8],[116.5,-18.8],[116.4,-18.8],[116.3,-18.8],[116.2,-18.9],[116.1,-18.9],[116,-18.9],[115.9,-18.9],[115.8,-19],[115.7,-19],[115.6,-19],[115.6,-19.1],[115.5,-19.1],[115.4,-19.2],[115.3,-19.2],[115.2,-19.3],[115.1,-19.3],[115,-19.3],[114.9,-19.4],[114.8,-19.4],[114.7,-19.4],[114.6,-19.4],[114.5,-19.4],[114.4,-19.4],[114.3,-19.4],[114.2,-19.4],[114.2,-19.5],[114.1,-19.5],[114.1,-19.4],[114,-19.4],[114,-19.3],[113.9,-19.3],[113.8,-19.3],[113.8,-19.2],[113.7,-19.2],[113.6,-19.2],[113.5,-19.2],[113.5,-19.1],[113.4,-19.1],[113.3,-19.1],[113.2,-19],[113.1,-19],[113,-19],[112.9,-18.9],[112.8,-18.9],[112.8,-18.8],[112.7,-18.8],[112.6,-18.7],[112.5,-18.7],[112.5,-18.6],[112.4,-18.6],[112.4,-18.5],[112.3,-18.5],[112.3,-18.4],[112.2,-18.4],[112.1,-18.4],[112.1,-18.3],[112,-18.3],[111.9,-18.2],[111.8,-18.1],[111.7,-18],[111.7,-17.9],[111.8,-17.9],[111.8,-17.8],[111.7,-17.7],[111.6,-17.7],[111.5,-17.7],[111.4,-17.6],[111.3,-17.6],[111.2,-17.6],[111.1,-17.6],[111,-17.6],[110.9,-17.4],[110.8,-17],[110.9,-16.4],[110.5,-15.7],[110.5,-15.4],[110.7,-15.1],[110.8,-14.7],[110.9,-14.8],[111.8,-15.3],[111.5,-14.9],[111.8,-14.7],[111.7,-14.6],[111.3,-14.5],[111.3,-14.4],[111.3,-14.3],[111,-14.2],[111.1,-14.1],[111.2,-14.2],[111.5,-14.1],[111.5,-14],[111.9,-14],[111.8,-13.9],[112.3,-13.6],[111.7,-13.7],[111.9,-13.6],[111.7,-13.3],[111.4,-13.4],[111.4,-13.1],[111.6,-12.9],[111.6,-12.8],[111.9,-12.8],[111.8,-12.7],[111.7,-12.6],[111.7,-12.5],[111.9,-12.4],[112,-12.2],[111.8,-12.2],[111.6,-12],[111.8,-11.9],[111.8,-11.5],[111.9,-11.6],[112.1,-11.6],[112.1,-11.3],[111.9,-11.2],[111.8,-11],[112,-11],[112.2,-11.2],[112.3,-10.8],[112.5,-10.8],[112.6,-10.6],[112.5,-10.4],[112.9,-10.5],[113,-10.3],[113.9,-10.6],[114.1,-10.8],[114.3,-11.2],[114.3,-11],[114.3,-10.9],[114.5,-10.8],[114.6,-10.7],[114.6,-10.4],[115,-10.3],[115.2,-10.4],[115.1,-10.2],[115.5,-10.3],[115.4,-10],[115.5,-9.8],[115.4,-9.8],[115.3,-9.7],[115,-9.8],[114.9,-9.5],[115,-9.3],[114.9,-9],[115,-8.7],[114.8,-8.2],[114.9,-7.8],[115.1,-7.6],[114.9,-7.4],[115.2,-7.5],[115.3,-7.4],[115.1,-7.2],[115.3,-6.7],[116.1,-6.6],[116.4,-6.4],[116.4,-6.1],[116.3,-5.7],[116.1,-5.7],[116,-5.6],[115.5,-5.9],[115.4,-5.8],[115.5,-5.6],[115.5,-5.5],[115.8,-5.5],[116.3,-5.4],[116.8,-5.4],[117,-5.4],[117.2,-5.2]]]]}},{"type":"Feature","properties":{},"geometry":{"type":"MultiPolygon","coordinates":[[[[119.1,-4.4],[119,-4.6],[119.1,-4.5],[119.1,-4.4]]]]}},{"type":"Feature","properties":{},"geometry":{"type":"MultiPolygon","coordinates":[[[[118.9,-4.7],[118.8,-4.8],[118.7,-4.7],[118.9,-4.7]]]]}},{"type":"Feature","properties":{},"geometry":{"type":"MultiPolygon","coordinates":[[[[120.2,-5.2],[120,-5.1],[120.1,-5.1],[120.2,-5.2]]]]}},{"type":"Feature","properties":{},"geometry":{"type":"MultiPolygon","coordinates":[[[[120.2,-6.8],[120.2,-6.7],[120.2,-6.6],[120.2,-6.8]]]]}},{"type":"Feature","properties":{},"geometry":{"type":"MultiPolygon","coordinates":[[[[124.6,-7.3],[124.5,-7.2],[124.4,-7.1],[124.6,-7.3]]]]}},{"type":"Feature","properties":{},"geometry":{"type":"MultiPolygon","coordinates":[[[[114.3,-6.4],[114.4,-6.5],[114.6,-6.3],[114.7,-6.2],[114.8,-6.2],[115.2,-6.1],[115.1,-6.5],[114.3,-6.4]]]]}},{"type":"Feature","properties":{},"geometry":{"type":"MultiPolygon","coordinates":[[[[120.8,-5.6],[120.9,-5.6],[121.1,-5.8],[120.7,-6],[120.6,-5.8],[120.7,-5.4],[120.8,-5.6]]]]}},{"type":"Feature","properties":{},"geometry":{"type":"MultiPolygon","coordinates":[[[[114.2,-6.7],[114.3,-6.8],[114.6,-6.9],[114.1,-7],[114.2,-7],[114.1,-6.8],[114.2,-6.7]]]]}},{"type":"Feature","properties":{},"geometry":{"type":"MultiPolygon","coordinates":[[[[124.4,-6.4],[124.5,-6.7],[124.2,-6.8],[124.4,-6.4]]]]}},{"type":"Feature","properties":{},"geometry":{"type":"MultiPolygon","coordinates":[[[[126.3,-15.8],[126.3,-15.9],[126.3,-16],[126.3,-16.1],[126.3,-16.2],[126.3,-16.3],[126.3,-16.4],[126.3,-16.5],[126.3,-16.6],[126.3,-16.7],[126.2,-16.7],[126.2,-16.9],[125.9,-17.5],[125.5,-17.9],[125.1,-18],[124.8,-18.2],[124.8,-18.4],[125.3,-18.1],[125.4,-18.1],[125,-18.5],[124.7,-19],[124.1,-19.3],[124,-19.7],[123.6,-20],[123.3,-20.3],[123,-20.4],[122.6,-20.5],[122.3,-20.6],[122,-20.6],[121.6,-20.5],[121.5,-20.5],[121.4,-20.5],[121.3,-20.5],[121.2,-20.5],[121.2,-20.6],[121.1,-20.6],[121,-20.6],[121,-20.7],[120.9,-20.7],[120.9,-20.6],[120.8,-20.6],[120.7,-20.6],[120.6,-20.6],[120.5,-20.6],[120.4,-20.7],[120.3,-20.7],[120.3,-20.8],[120.2,-20.8],[120.2,-20.9],[120.1,-20.9],[120,-20.9],[119.9,-21],[119.8,-21],[119.7,-21],[119.6,-21.1],[119.5,-21.1],[119.4,-21.1],[119.3,-21.1],[119.2,-21.1],[119.1,-21.1],[119,-21.1],[118.9,-21.1],[118.8,-21.1],[118.7,-21.1],[118.6,-21],[118.5,-21],[118.5,-20.9],[118.4,-20.9],[117.9,-20.7],[117.7,-20.5],[117.6,-20.5],[117.5,-20.5],[117.4,-20.5],[117.3,-20.5],[117.2,-20.5],[117.2,-20.4],[117.1,-20.4],[117,-20.4],[116.9,-20.3],[116.8,-20.3],[116.7,-20.3],[116.7,-20.2],[116.6,-20.2],[116.5,-20.1],[116.4,-20.1],[116.4,-20],[116.3,-20],[116.2,-19.9],[116.1,-19.9],[116.1,-19.8],[116,-19.8],[115.9,-19.7],[115.9,-19.8],[115.8,-19.8],[115.7,-19.8],[115.6,-19.8],[115.6,-19.9],[115.5,-19.9],[115.4,-19.9],[115.4,-20],[115.3,-20],[115.2,-20],[115.1,-20],[115,-20.1],[115.1,-20.1],[115,-20.2],[114.9,-20.2],[114.8,-20.2],[114.7,-20.2],[114.7,-20.3],[114.6,-20.3],[114.5,-20.3],[114.4,-20.3],[114.3,-20.3],[114.2,-20.3],[114.1,-20.4],[114,-20.4],[113.9,-20.4],[113.8,-20.4],[113.7,-20.4],[113.6,-20.4],[113.5,-20.4],[113.4,-20.4],[113.3,-20.3],[113.2,-20.3],[113.1,-20.2],[113,-20.2],[113,-20.1],[112.9,-20.1],[112.9,-20],[112.8,-20],[112.7,-20],[112.7,-19.9],[112.6,-19.9],[112.6,-19.8],[112.5,-19.8],[112.4,-19.7],[112.3,-19.7],[112.3,-19.6],[112.2,-19.6],[112.2,-19.5],[112.1,-19.5],[112.1,-19.4],[112,-19.4],[111.9,-19.3],[111.8,-19.3],[111.8,-19.2],[111.7,-19.2],[111.6,-19.1],[111.5,-19],[111.4,-19],[111.4,-18.9],[111.3,-18.9],[111.3,-18.8],[111.2,-18.8],[111.1,-18.7],[111,-18.7],[110.9,-18.7],[110.9,-18.6],[110.8,-18.6],[110.7,-18.6],[110.9,-17.6],[111,-17.6],[111.1,-17.6],[111.2,-17.6],[111.3,-17.6],[111.4,-17.6],[111.4,-17.7],[111.5,-17.7],[111.6,-17.7],[111.7,-17.7],[111.7,-17.8],[111.8,-17.8],[111.8,-17.9],[111.7,-18],[111.8,-18.1],[111.8,-18.2],[111.9,-18.2],[112,-18.3],[112.1,-18.3],[112.1,-18.4],[112.2,-18.4],[112.3,-18.4],[112.3,-18.5],[112.4,-18.5],[112.4,-18.6],[112.5,-18.6],[112.5,-18.7],[112.6,-18.7],[112.7,-18.7],[112.7,-18.8],[112.8,-18.8],[112.9,-18.9],[113,-19],[113.1,-19],[113.2,-19],[113.3,-19.1],[113.4,-19.1],[113.5,-19.1],[113.6,-19.2],[113.7,-19.2],[113.8,-19.2],[113.8,-19.3],[113.9,-19.3],[114,-19.3],[114,-19.4],[114.1,-19.4],[114.1,-19.5],[114.2,-19.5],[114.2,-19.4],[114.3,-19.4],[114.4,-19.4],[114.5,-19.4],[114.6,-19.4],[114.7,-19.4],[114.8,-19.4],[114.9,-19.4],[115,-19.3],[115.1,-19.3],[115.2,-19.3],[115.3,-19.2],[115.4,-19.2],[115.5,-19.1],[115.6,-19.1],[115.6,-19],[115.7,-19],[115.8,-19],[115.8,-18.9],[115.9,-18.9],[116,-18.9],[116.1,-18.9],[116.2,-18.9],[116.3,-18.8],[116.4,-18.8],[116.5,-18.8],[116.6,-18.8],[116.7,-18.8],[116.8,-18.9],[116.9,-18.9],[116.9,-19],[117,-19],[117,-19.1],[117.1,-19.1],[117.1,-19.2],[117.1,-19.3],[117.2,-19.2],[117.2,-19.1],[117.3,-19],[117.3,-18.9],[117.4,-18.8],[117.5,-18.9],[117.5,-19],[117.6,-19],[117.6,-19.1],[117.7,-19.1],[117.7,-19.2],[117.7,-19.3],[117.8,-19.3],[117.8,-19.4],[117.9,-19.4],[118,-19.3],[118.1,-19.2],[118.2,-19.1],[118.3,-19.1],[118.3,-19.2],[118.4,-19.2],[118.4,-19.3],[118.5,-19.4],[118.6,-19.5],[118.7,-19.5],[118.8,-19.5],[118.9,-19.5],[119,-19.5],[119.1,-19.5],[119.2,-19.5],[119.2,-19.4],[119.3,-19.4],[119.3,-19.3],[119.4,-19.3],[119.4,-19.2],[119.5,-19.2],[119.6,-19.2],[119.7,-19.2],[119.8,-19.2],[119.9,-19.2],[119.9,-19.1],[120,-19.1],[120,-19],[120.1,-19],[120.1,-18.9],[120.2,-18.9],[120.2,-18.8],[120.4,-18.6],[120.5,-18.6],[120.5,-18.5],[120.6,-18.5],[120.7,-18.5],[120.8,-18.5],[120.9,-18.5],[120.9,-18.6],[121,-18.6],[121.1,-18.6],[121.2,-18.6],[121.3,-18.6],[121.4,-18.6],[121.5,-18.6],[121.6,-18.6],[121.7,-18.6],[121.8,-18.6],[121.8,-18.5],[121.9,-18.5],[122,-18.5],[122.1,-18.5],[122.2,-18.5],[122.3,-18.5],[122.3,-18.4],[122.4,-18.4],[122.5,-18.4],[122.5,-18.3],[122.6,-18.3],[122.6,-18.2],[122.7,-18.2],[122.8,-18.1],[122.9,-18.1],[122.9,-18],[123,-18],[123,-17.9],[123.1,-17.9],[123.1,-17.8],[123.2,-17.8],[123.3,-17.8],[123.4,-17.7],[123.5,-17.7],[123.6,-17.7],[123.6,-17.6],[123.7,-17.6],[123.8,-17.6],[123.9,-17.5],[124,-17.5],[124,-17.4],[124.1,-17.4],[124.1,-17.3],[124.2,-17.3],[124.3,-17.2],[124.4,-17.1],[124.5,-17.1],[124.5,-17],[124.5,-16.9],[124.6,-16.8],[124.6,-16.7],[124.6,-16.6],[124.6,-16.5],[124.6,-16.4],[124.6,-16.3],[124.7,-16.3],[124.7,-16.2],[124.7,-16.1],[124.8,-16],[124.8,-15.9],[124.8,-15.8],[124.9,-15.8],[124.9,-15.7],[124.9,-15.6],[124.9,-15.5],[125,-15.5],[125,-15.4],[125.1,-15.4],[125.2,-15.5],[125.3,-15.5],[125.4,-15.5],[125.4,-15.6],[125.5,-15.6],[125.6,-15.7],[125.7,-15.7],[125.8,-15.7],[125.9,-15.7],[126,-15.8],[126.1,-15.8],[126.2,-15.8],[126.3,-15.8]]]]}},{"type":"Feature","properties":{},"geometry":{"type":"MultiPolygon","coordinates":[[[[125.5,-18],[126.1,-18],[126.6,-18],[127,-17.9],[127.3,-17.9],[127.8,-17.8],[128.2,-17.8],[128.6,-17.8],[128.7,-17.8],[129.1,-17.9],[129.2,-17.9],[129.4,-17.9],[129.7,-17.9],[129.8,-17.9],[130.3,-17.9],[130.4,-17.9],[130.7,-18],[131.1,-17.9],[131.5,-17.9],[131.7,-17.7],[132.6,-17.4],[133,-17.4],[133.3,-17.5],[133.4,-17.7],[133.5,-17.8],[133.6,-17.7],[133.7,-17.7],[133.7,-17.8],[133.8,-17.8],[133.8,-17.9],[133.8,-18],[133.9,-18],[134,-18],[134,-18.1],[134.1,-18.1],[134.2,-18.1],[134.3,-18.1],[134.3,-18.2],[134.4,-18.2],[134.4,-18.3],[134.5,-18.3],[134.5,-18.4],[134.6,-18.4],[134.6,-18.5],[134.7,-18.5],[134.7,-18.6],[134.7,-18.7],[134.5,-18.8],[134.3,-19.2],[134.1,-19.5],[133.9,-19.7],[133.6,-20.2],[133.5,-20.7],[133.3,-20.9],[133.4,-21.1],[133.6,-21.5],[133.8,-21.9],[133.8,-22.1],[134,-22.5],[134.2,-22.9],[134.2,-23],[133.7,-23.5],[133.6,-22.6],[133.1,-23.2],[132.8,-23.5],[132.8,-23.1],[132.5,-22.6],[132.4,-21.8],[131.9,-21.1],[131.8,-21.7],[131.7,-22.4],[131.6,-23.4],[131.5,-23.8],[131.5,-24],[130.9,-23.8],[131.2,-23.8],[130.5,-23.3],[129.7,-23],[129.5,-23.1],[129.2,-23],[129.1,-22.8],[128.8,-22.7],[128.2,-22.6],[128.2,-22.7],[127.3,-23],[126,-23.2],[124.1,-25],[122.5,-26.4],[121.8,-28.4],[121.4,-29.1],[120.8,-29.5],[120.4,-29.8],[120.2,-29.8],[120.2,-29.7],[120.2,-29.6],[120.2,-29.5],[120.2,-29.4],[120.1,-29.4],[120.1,-29.3],[120.2,-29.3],[120.2,-29.2],[120.2,-29.1],[120.3,-29],[120.3,-28.9],[120.4,-28.9],[120.4,-28.8],[120.5,-28.7],[120.5,-28.8],[120.5,-28.9],[120.5,-29],[120.4,-29.1],[120.4,-29.2],[120.4,-29.3],[120.4,-29.4],[120.4,-29.3],[120.5,-29.3],[120.5,-29.2],[120.5,-29.1],[120.6,-29.1],[120.6,-29],[120.6,-28.9],[120.6,-28.8],[120.6,-28.7],[120.6,-28.6],[120.6,-28.5],[120.5,-28.5],[120.5,-28.4],[120.5,-28.3],[120.5,-28.2],[120.4,-28.2],[120.4,-28.1],[120.4,-28],[120.3,-28],[120.2,-28],[120.2,-28.1],[120.1,-28.1],[120,-28.1],[120,-28],[119.9,-28],[119.9,-27.9],[119.9,-27.8],[119.9,-27.7],[119.9,-27.6],[119.9,-27.5],[119.9,-27.4],[119.9,-27.3],[119.9,-27.2],[119.9,-27.1],[120,-27],[120,-26.9],[120,-26.8],[120,-26.7],[120,-26.6],[120,-26.5],[120,-26.4],[120,-26.3],[120,-26.2],[120,-26.1],[120,-26],[120,-25.9],[119.9,-25.8],[119.9,-25.7],[119.9,-25.6],[119.8,-25.5],[119.8,-25.4],[119.8,-25.3],[119.8,-25.2],[119.7,-25.2],[119.7,-25.1],[119.7,-25],[119.7,-24.9],[119.7,-24.8],[119.6,-24.8],[119.6,-24.9],[119.6,-25],[119.6,-25.1],[119.6,-25.2],[119.5,-25.2],[119.5,-25.1],[119.4,-25],[119.4,-24.9],[119.4,-24.8],[119.3,-24.7],[119.3,-24.6],[119.3,-24.5],[119.3,-24.4],[119.3,-24.3],[119.3,-24.2],[119.3,-24.1],[119.3,-24],[119.3,-23.9],[119.4,-23.9],[119.4,-23.8],[119.4,-23.7],[119.4,-23.6],[119.4,-23.5],[119.4,-23.4],[119.4,-23.3],[119.4,-23.2],[119.4,-23.1],[119.5,-23.1],[119.5,-23],[119.5,-22.9],[119.6,-22.9],[119.6,-22.8],[119.7,-22.7],[119.7,-22.6],[119.7,-22.5],[119.8,-22.5],[119.8,-22.4],[119.8,-22.3],[119.8,-22.2],[119.9,-22.2],[120.2,-22.1],[120.4,-22],[120.6,-21.6],[120.5,-20.6],[120.6,-20.6],[120.7,-20.6],[120.8,-20.6],[120.9,-20.6],[120.9,-20.7],[121,-20.6],[121.1,-20.6],[121.2,-20.6],[121.2,-20.5],[121.3,-20.5],[121.4,-20.5],[121.5,-20.5],[121.6,-20.5],[122.2,-20.6],[122.3,-20.5],[122.7,-20.5],[123,-20.4],[123.4,-20.3],[123.8,-19.9],[124,-19.6],[124.2,-19.3],[124.7,-18.9],[125,-18.5],[125.5,-18]]]]}},{"type":"Feature","properties":{},"geometry":{"type":"MultiPolygon","coordinates":[[[[116.3,-33.3],[116.2,-33.2],[116.1,-33.1],[116.1,-33],[116.2,-33],[116.2,-32.9],[116.3,-32.9],[116.3,-32.8],[116.4,-32.8],[116.4,-32.7],[116.5,-32.7],[116.6,-32.7],[116.7,-32.7],[116.7,-32.6],[116.8,-32.6],[116.9,-32.6],[116.9,-32.5],[117,-32.5],[117.1,-32.5],[117.1,-32.4],[117.2,-32.4],[117.3,-32.4],[117.3,-32.3],[117.4,-32.3],[117.5,-32.3],[117.5,-32.2],[117.6,-32.2],[117.7,-32.2],[117.8,-32.2],[117.8,-32.1],[117.9,-32.1],[117.9,-32],[118,-32],[118.1,-31.9],[118.2,-31.8],[118.3,-31.8],[118.3,-31.7],[118.4,-31.6],[118.5,-31.6],[118.5,-31.5],[118.6,-31.5],[118.6,-31.4],[118.7,-31.4],[118.7,-31.3],[118.8,-31.2],[118.9,-31.2],[118.8,-31.4],[118.5,-31.8],[118.3,-32.4],[118.2,-32.5],[118,-32.7],[117.3,-33.1],[116.9,-33.2],[116.3,-33.3]]]]}},{"type":"Feature","properties":{},"geometry":{"type":"MultiPolygon","coordinates":[[[[133.6,-23.7],[133.9,-23.7],[133.3,-24.1],[132.7,-24.4],[133.6,-23.7]]]]}},{"type":"Feature","properties":{},"geometry":{"type":"MultiPolygon","coordinates":[[[[116.1,-33.1],[116.2,-33.2],[116.3,-33.3],[115.6,-33.5],[115.2,-32.8],[114.5,-31.5],[114.4,-31.2],[112.4,-30.1],[111.1,-29.2],[110.1,-28.6],[108.3,-27.7],[108.8,-28],[109,-28],[108.2,-27.3],[108.6,-27.3],[109,-27.6],[109.1,-27.2],[108,-26.7],[107.1,-25.9],[106.4,-24.7],[106.7,-24.2],[107,-24.3],[106.9,-24],[106.9,-23.7],[107.3,-23],[107.3,-23.1],[107.3,-23.2],[107.2,-23.2],[107.2,-23.3],[107.2,-23.4],[107.2,-23.5],[107.2,-23.6],[107.2,-23.7],[107.2,-23.8],[107.2,-23.9],[107.2,-24],[107.3,-24.1],[107.4,-24.2],[107.5,-24.4],[107.5,-24.5],[107.6,-24.6],[107.7,-24.8],[107.8,-24.8],[107.8,-24.9],[107.9,-24.9],[107.9,-25],[108,-25],[108,-25.2],[108.1,-25.3],[108.2,-25.4],[108.3,-25.5],[108.4,-25.6],[108.4,-25.7],[108.5,-25.7],[108.6,-25.8],[108.7,-25.8],[108.7,-25.9],[108.8,-25.9],[108.8,-26],[108.9,-26],[109,-26.1],[109.1,-26.1],[109.2,-26.2],[109.3,-26.3],[109.5,-26.4],[109.6,-26.4],[109.7,-26.4],[109.8,-26.5],[109.9,-26.5],[109.9,-26.6],[110,-26.6],[110,-26.7],[110.1,-26.7],[110.1,-26.8],[110.2,-26.8],[110.2,-26.9],[110.3,-26.9],[110.3,-27],[110.4,-27.1],[110.5,-27.2],[110.5,-27.3],[110.6,-27.3],[110.6,-27.4],[110.7,-27.5],[110.8,-27.6],[110.9,-27.7],[110.9,-27.8],[111,-27.8],[111,-27.9],[111.1,-27.9],[111.1,-28],[111.2,-28],[111.2,-28.1],[111.3,-28.1],[111.3,-28.2],[111.4,-28.2],[111.4,-28.3],[111.5,-28.3],[111.5,-28.4],[111.6,-28.4],[111.6,-28.5],[111.7,-28.5],[111.7,-28.6],[111.8,-28.6],[111.8,-28.7],[111.9,-28.7],[111.9,-28.8],[112,-28.8],[112.1,-28.8],[112.1,-28.9],[112.2,-28.9],[112.2,-29],[112.3,-29],[112.4,-29],[112.4,-29.1],[112.5,-29.1],[112.6,-29.2],[112.7,-29.2],[112.8,-29.3],[112.8,-29.4],[112.9,-29.4],[113,-29.5],[113.1,-29.6],[113.2,-29.6],[113.2,-29.7],[113.3,-29.7],[113.3,-29.8],[113.4,-29.8],[113.4,-29.9],[113.5,-29.9],[113.6,-30],[113.6,-30.1],[113.7,-30.2],[113.8,-30.3],[113.9,-30.3],[113.9,-30.4],[114,-30.4],[114,-30.5],[114.1,-30.6],[114.2,-30.6],[114.2,-30.7],[114.3,-30.8],[114.3,-30.9],[114.4,-30.9],[114.5,-31],[114.5,-31.1],[114.6,-31.1],[114.6,-31.2],[114.7,-31.3],[114.7,-31.4],[114.8,-31.5],[114.9,-31.6],[115,-31.7],[115,-31.8],[115.1,-31.9],[115.1,-32],[115.2,-32],[115.2,-32.1],[115.3,-32.2],[115.4,-32.3],[115.5,-32.4],[115.5,-32.5],[115.6,-32.6],[115.7,-32.7],[115.8,-32.8],[115.9,-32.9],[116,-33],[116,-33.1],[116.1,-33.1]]]]}},{"type":"Feature","properties":{},"geometry":{"type":"MultiPolygon","coordinates":[[[[120.5,-20.6],[120.6,-21.6],[120.4,-22],[120.2,-22.1],[119.9,-22.2],[119.8,-22.2],[119.8,-22.3],[119.8,-22.4],[119.8,-22.5],[119.7,-22.5],[119.7,-22.6],[119.7,-22.7],[119.6,-22.8],[119.6,-22.9],[119.5,-22.9],[119.5,-23],[119.5,-23.1],[119.4,-23.1],[119.4,-23.2],[119.4,-23.3],[119.4,-23.4],[119.4,-23.5],[119.4,-23.6],[119.4,-23.7],[119.4,-23.8],[119.4,-23.9],[119.3,-23.9],[119.3,-24],[119.3,-24.1],[119.3,-24.2],[119.3,-24.3],[119.3,-24.4],[119.3,-24.5],[119.3,-24.6],[119.3,-24.7],[119.4,-24.8],[119.4,-24.9],[119.4,-25],[119.5,-25.1],[119.5,-25.2],[119.6,-25.2],[119.6,-25.1],[119.6,-25],[119.6,-24.9],[119.6,-24.8],[119.7,-24.8],[119.7,-24.9],[119.7,-25],[119.7,-25.1],[119.7,-25.2],[119.8,-25.2],[119.8,-25.3],[119.8,-25.4],[119.8,-25.5],[119.9,-25.6],[119.9,-25.7],[119.9,-25.8],[120,-25.9],[120,-26],[120,-26.1],[120,-26.2],[120,-26.3],[120,-26.4],[120,-26.5],[120,-26.6],[120,-26.7],[120,-26.8],[120,-26.9],[120,-27],[119.9,-27.1],[119.9,-27.2],[119.9,-27.3],[119.9,-27.4],[119.9,-27.5],[119.9,-27.6],[119.9,-27.7],[119.9,-27.8],[119.9,-27.9],[119.9,-28],[120,-28],[120,-28.1],[120.1,-28.1],[120.2,-28.1],[120.2,-28],[120.3,-28],[120.4,-28],[120.4,-28.1],[120.4,-28.2],[120.5,-28.2],[120.5,-28.3],[120.5,-28.4],[120.5,-28.5],[120.6,-28.5],[120.6,-28.6],[120.6,-28.7],[120.6,-28.8],[120.6,-28.9],[120.6,-29],[120.6,-29.1],[120.5,-29.1],[120.5,-29.2],[120.5,-29.3],[120.4,-29.3],[120.4,-29.4],[120.4,-29.3],[120.4,-29.2],[120.4,-29.1],[120.5,-29],[120.5,-28.9],[120.5,-28.8],[120.5,-28.7],[120.4,-28.8],[120.4,-28.9],[120.3,-28.9],[120.3,-29],[120.2,-29.1],[120.2,-29.2],[120.2,-29.3],[120.1,-29.3],[120.1,-29.4],[120.2,-29.4],[120.2,-29.5],[120.2,-29.6],[120.2,-29.7],[120.2,-29.8],[120,-29.9],[118.9,-31.1],[118.8,-31.2],[118.7,-31.3],[118.7,-31.4],[118.6,-31.4],[118.6,-31.5],[118.5,-31.5],[118.5,-31.6],[118.4,-31.6],[118.4,-31.7],[118.3,-31.7],[118.3,-31.8],[118.2,-31.8],[118.2,-31.9],[118.1,-31.9],[118,-32],[117.9,-32],[117.9,-32.1],[117.8,-32.1],[117.8,-32.2],[117.7,-32.2],[117.6,-32.2],[117.5,-32.3],[117.4,-32.3],[117.3,-32.4],[117.2,-32.4],[117.1,-32.4],[117.1,-32.5],[117,-32.5],[116.9,-32.5],[116.9,-32.6],[116.8,-32.6],[116.7,-32.6],[116.6,-32.7],[116.5,-32.7],[116.4,-32.7],[116.4,-32.8],[116.3,-32.8],[116.3,-32.9],[116.2,-32.9],[116.2,-33],[116.1,-33],[116.1,-33.1],[116,-33.1],[116,-33],[115.9,-32.9],[115.8,-32.9],[115.8,-32.8],[115.7,-32.7],[115.6,-32.6],[115.5,-32.5],[115.5,-32.4],[115.4,-32.4],[115.3,-32.3],[115.3,-32.2],[115.2,-32.1],[115.2,-32],[115.1,-32],[115.1,-31.9],[115.1,-31.8],[115,-31.8],[115,-31.7],[114.9,-31.7],[114.9,-31.6],[114.8,-31.5],[114.8,-31.4],[114.7,-31.3],[114.6,-31.2],[114.5,-31.1],[114.5,-31],[114.4,-31],[114.4,-30.9],[114.3,-30.8],[114.3,-30.7],[114.2,-30.7],[114.1,-30.6],[114.1,-30.5],[114,-30.5],[114,-30.4],[113.9,-30.4],[113.8,-30.3],[113.8,-30.2],[113.7,-30.2],[113.6,-30.1],[113.5,-30],[113.4,-29.9],[113.3,-29.8],[113.2,-29.7],[113.1,-29.6],[113,-29.5],[112.9,-29.4],[112.8,-29.3],[112.7,-29.3],[112.7,-29.2],[112.6,-29.2],[112.5,-29.1],[112.4,-29.1],[112.3,-29],[112.2,-29],[112.2,-28.9],[112.1,-28.9],[112,-28.8],[111.9,-28.8],[111.9,-28.7],[111.8,-28.7],[111.8,-28.6],[111.7,-28.6],[111.7,-28.5],[111.6,-28.5],[111.6,-28.4],[111.5,-28.4],[111.5,-28.3],[111.4,-28.3],[111.4,-28.2],[111.3,-28.2],[111.3,-28.1],[111.2,-28.1],[111.2,-28],[111.1,-28],[111.1,-27.9],[111,-27.9],[111,-27.8],[110.9,-27.8],[110.9,-27.7],[110.8,-27.7],[110.8,-27.6],[110.7,-27.5],[110.7,-27.4],[110.6,-27.4],[110.6,-27.3],[110.5,-27.3],[110.5,-27.2],[110.4,-27.2],[110.4,-27.1],[110.3,-27],[110.3,-26.9],[110.2,-26.9],[110.2,-26.8],[110.1,-26.8],[110.1,-26.7],[110,-26.7],[110,-26.6],[109.9,-26.6],[109.9,-26.5],[109.8,-26.5],[109.7,-26.5],[109.7,-26.4],[109.6,-26.4],[109.5,-26.4],[109.4,-26.3],[109.3,-26.3],[109.2,-26.2],[109.1,-26.2],[109.1,-26.1],[108.9,-26.1],[108.9,-26],[108.8,-26],[108.8,-25.9],[108.7,-25.9],[108.7,-25.8],[108.6,-25.8],[108.5,-25.7],[108.4,-25.6],[108.3,-25.5],[108.2,-25.4],[108.1,-25.2],[108,-25],[107.9,-25],[107.9,-24.9],[107.8,-24.9],[107.8,-24.8],[107.7,-24.7],[107.6,-24.6],[107.6,-24.5],[107.5,-24.4],[107.5,-24.3],[107.4,-24.2],[107.3,-24.1],[107.2,-24],[107.2,-23.9],[107.2,-23.8],[107.2,-23.7],[107.2,-23.6],[107.2,-23.5],[107.2,-23.4],[107.2,-23.3],[107.2,-23.2],[107.3,-23.2],[107.3,-23.1],[107.3,-23],[107.3,-22.8],[107.6,-22],[107.9,-21.6],[107.9,-21.5],[108.3,-21.3],[108.8,-20.9],[108.9,-20.5],[109.6,-19.7],[110,-19.3],[110.7,-18.6],[110.8,-18.6],[110.9,-18.6],[111,-18.7],[111.1,-18.7],[111.2,-18.8],[111.3,-18.9],[111.4,-18.9],[111.4,-19],[111.5,-19],[111.5,-19.1],[111.6,-19.1],[111.7,-19.2],[111.8,-19.2],[111.8,-19.3],[111.9,-19.3],[112,-19.4],[112.1,-19.4],[112.1,-19.5],[112.2,-19.5],[112.2,-19.6],[112.3,-19.6],[112.4,-19.7],[112.5,-19.8],[112.6,-19.8],[112.6,-19.9],[112.7,-19.9],[112.7,-20],[112.8,-20],[112.9,-20],[112.9,-20.1],[113,-20.1],[113,-20.2],[113.1,-20.2],[113.2,-20.3],[113.3,-20.3],[113.4,-20.4],[113.5,-20.4],[113.6,-20.4],[113.7,-20.4],[113.8,-20.4],[113.9,-20.4],[114,-20.4],[114.1,-20.4],[114.2,-20.3],[114.3,-20.3],[114.4,-20.3],[114.5,-20.3],[114.7,-20.3],[114.8,-20.2],[114.9,-20.2],[115,-20.2],[115.1,-20.2],[115.1,-20.1],[115,-20.1],[115.1,-20],[115.2,-20],[115.3,-20],[115.4,-20],[115.4,-19.9],[115.5,-19.9],[115.6,-19.9],[115.6,-19.8],[115.7,-19.8],[115.8,-19.8],[115.9,-19.8],[115.9,-19.7],[116,-19.8],[116.1,-19.8],[116.1,-19.9],[116.2,-19.9],[116.3,-20],[116.4,-20],[116.4,-20.1],[116.5,-20.1],[116.6,-20.2],[116.7,-20.2],[116.8,-20.3],[116.9,-20.3],[117,-20.4],[117.1,-20.4],[117.2,-20.4],[117.3,-20.5],[117.4,-20.5],[117.5,-20.5],[117.6,-20.5],[117.7,-20.5],[118.3,-20.8],[118.4,-20.9],[118.5,-20.9],[118.5,-21],[118.6,-21],[118.7,-21.1],[118.8,-21.1],[118.9,-21.1],[119,-21.1],[119.1,-21.1],[119.2,-21.1],[119.3,-21.1],[119.4,-21.1],[119.5,-21.1],[119.6,-21.1],[119.7,-21.1],[119.7,-21],[119.8,-21],[119.9,-21],[120,-21],[120,-20.9],[120.1,-20.9],[120.2,-20.9],[120.2,-20.8],[120.3,-20.8],[120.3,-20.7],[120.4,-20.7],[120.4,-20.6],[120.5,-20.6]]]]}},{"type":"Feature","properties":{},"geometry":{"type":"MultiPolygon","coordinates":[[[[117.3,-5.2],[117.4,-5.3],[117.7,-5.2],[117.7,-5.3],[117.8,-5.3],[117.8,-5.2],[117.9,-5.2],[118.2,-4.9],[118.6,-5.1],[118.7,-5],[118.7,-4.9],[118.8,-4.9],[118.8,-4.8],[119.1,-4.4],[119,-4.6],[119,-4.7],[119.1,-4.7],[119.2,-4.7],[119.2,-4.5],[119.3,-4.5],[119.3,-4.6],[119.4,-4.6],[119.4,-4.7],[119.5,-4.7],[119.7,-4.5],[119.7,-4.3],[119.6,-4.4],[119.5,-4.4],[119.5,-4.2],[119.6,-4],[119.6,-4.1],[119.7,-4.1],[119.8,-4.2],[119.9,-4.2],[120,-4.2],[119.9,-4.2],[120,-4.1],[120.1,-4.1],[120.2,-4.2],[120.2,-4.1],[120.2,-4.2],[120.2,-4.4],[120.1,-4.3],[120.1,-4.4],[120.2,-4.4],[120.2,-4.6],[120.1,-4.6],[120.2,-4.7],[120.1,-4.7],[120,-4.8],[120.1,-4.8],[120.2,-4.8],[120.3,-4.9],[120.2,-4.9],[120.1,-4.9],[120.2,-5],[120.3,-5.1],[120.2,-5.1],[120.2,-5.3],[120.2,-5.2],[120.1,-5.1],[120,-5.1],[120.1,-5.2],[120,-5.2],[120,-5.3],[119.9,-5.2],[119.9,-5.3],[119.9,-5.4],[119.8,-5.4],[119.8,-5.5],[119.9,-5.6],[119.9,-5.7],[119.9,-5.8],[120.1,-5.9],[120.2,-5.8],[120.2,-6],[120.2,-6.2],[120.3,-6.3],[120.1,-6.4],[120.2,-6.6],[120.2,-6.7],[120.2,-6.8],[120.2,-6.9],[120.1,-6.9],[120.1,-7],[120.4,-7.2],[120.6,-7.1],[120.9,-7.1],[121.2,-7.1],[121.8,-7.3],[122,-7.3],[122,-7.2],[122.9,-7.1],[123.1,-7.2],[123.6,-7.3],[123.8,-7.2],[123.9,-7.1],[124.2,-7.1],[124.4,-7.1],[124.5,-7.2],[124.5,-7.3],[124.6,-7.3],[124.8,-7.3],[125.1,-7.3],[125.3,-7.3],[125.5,-7.3],[125.6,-7.2],[125.6,-7.3],[125.5,-7.3],[125.3,-7.4],[125.2,-7.4],[125.1,-7.4],[125.1,-7.5],[125,-7.5],[124.9,-7.5],[124.9,-7.6],[124.8,-7.6],[124.7,-7.6],[124.7,-7.7],[124.6,-7.7],[124.5,-7.8],[124.4,-7.8],[124.4,-7.9],[124.3,-7.9],[124.2,-8],[124.1,-8.1],[124,-8.2],[123.9,-8.2],[123.9,-8.3],[123.8,-8.3],[123.8,-8.4],[123.7,-8.4],[123.7,-8.5],[123.6,-8.5],[123.6,-8.6],[123.5,-8.6],[123.5,-8.7],[123.4,-8.7],[123.3,-8.8],[123.2,-8.9],[123.1,-8.9],[123,-8.9],[122.9,-8.9],[122.9,-9],[122.8,-9],[122.7,-9.1],[122.7,-9.2],[122.6,-9.2],[122.6,-9.3],[122.5,-9.4],[122.4,-9.4],[122.4,-9.5],[122.4,-9.6],[122.4,-9.7],[122.3,-9.7],[122.3,-9.8],[122.3,-9.9],[122.3,-10],[122.3,-10.1],[122.4,-10.1],[122.4,-10.2],[122.3,-10.3],[122.3,-10.4],[122.2,-10.4],[122.1,-10.5],[122.1,-10.6],[122,-10.6],[122,-10.7],[122.1,-10.7],[122.2,-10.8],[122.3,-10.8],[122.3,-10.9],[122.2,-11],[122.2,-11.1],[122.1,-11.1],[122.1,-11.2],[122,-11.2],[121.9,-11.3],[121.8,-11.3],[121.7,-11.4],[121.6,-11.4],[121.5,-11.4],[121.4,-11.3],[121.3,-11.3],[121.2,-11.3],[121.2,-11.2],[121.1,-11.2],[121,-11.1],[120.9,-11.1],[120.9,-11],[120.9,-10.9],[121,-10.9],[120.9,-10.8],[120.8,-10.8],[120.8,-10.7],[120.7,-10.7],[120.7,-10.6],[120.6,-10.6],[120.6,-10.5],[120.5,-10.5],[120.5,-10.4],[120.4,-10.4],[120.2,-10.3],[120,-10.2],[120,-10.1],[119.9,-10.1],[119.8,-10.2],[119.7,-10.2],[119.6,-10.2],[119.6,-10.1],[119.5,-10.1],[119.4,-10.1],[119.1,-9.1],[118.3,-8.5],[118.2,-8.4],[118.1,-8.3],[118,-8.3],[117.9,-8.3],[117.9,-8.2],[118,-8.2],[117.9,-8.2],[117.9,-8.1],[117.9,-8],[117.8,-7.9],[117.7,-7.8],[117.6,-7.8],[117.6,-7.7],[117.5,-7.7],[117.4,-7.7],[117.3,-7.7],[117.2,-7.6],[117.2,-7.5],[117.2,-7.4],[117.2,-7.3],[117.2,-7.2],[117.1,-7.2],[117.1,-7.1],[117,-7.1],[117,-7],[117,-6.9],[117,-6.8],[117,-6.7],[117,-6.6],[117.1,-6.6],[117.2,-6.5],[117.3,-6.5],[117.2,-6.4],[117.2,-6.3],[117.2,-6.2],[117.2,-6.1],[117.2,-6],[117.3,-6],[117.3,-5.9],[117.4,-5.9],[117.4,-5.8],[117.4,-5.7],[117.4,-5.6],[117.4,-5.5],[117.3,-5.4],[117.3,-5.3],[117.2,-5.3],[117.2,-5.2],[117.3,-5.2]]]]}},{"type":"Feature","properties":{},"geometry":{"type":"MultiPolygon","coordinates":[[[[106.4,-50.5],[105.5,-48.7],[105.4,-47.4],[106.5,-45.3],[107.5,-44.4],[107.7,-44.4],[107.7,-44.8],[107.7,-45.3],[107.1,-46.1],[106.8,-47],[106.8,-48],[106,-49.7],[106,-50.1],[106.4,-50.5]]]]}},{"type":"Feature","properties":{},"geometry":{"type":"MultiPolygon","coordinates":[[[[82.2,-39],[83,-38.9],[86.7,-39.4],[91,-40.9],[90.8,-41.3],[87.4,-40.9],[86.8,-43.2],[85.6,-45.1],[83.8,-45.4],[84,-46.8],[86,-48.1],[89.2,-48.8],[89.8,-50.6],[89.5,-50.4],[89.7,-50],[89.1,-50.1],[89.1,-50.5],[89.2,-50.6],[88.8,-51.6],[84.4,-51.1],[84.7,-51.1],[85.3,-50.9],[85.8,-50.6],[85.9,-50.1],[85.5,-50.3],[84.8,-50.5],[83.8,-50.4],[83.3,-50.1],[83.3,-49.9],[83.1,-49.8],[82.9,-50.1],[82.8,-49.8],[82.5,-49.8],[82.3,-49.9],[82,-49.9],[81.7,-49.9],[81.6,-49.8],[81.5,-49.8],[81.5,-49.5],[81.3,-49.5],[81.3,-49.3],[80.9,-49.1],[80.3,-48.8],[79.7,-48.2],[79.5,-43.9],[81.9,-39],[82.2,-39]]]]}},{"type":"Feature","properties":{},"geometry":{"type":"MultiPolygon","coordinates":[[[[109.6,-59.5],[106.7,-60],[106.1,-59.8],[106.6,-59.7],[108,-59.7],[109.4,-59.5],[109.6,-59.5]]]]}},{"type":"Feature","properties":{},"geometry":{"type":"MultiPolygon","coordinates":[[[[109.4,-59.2],[109.4,-59.5],[108,-59.7],[106.6,-59.7],[105.6,-59.6],[108.2,-59.4],[109.4,-59.2]]]]}},{"type":"Feature","properties":{},"geometry":{"type":"MultiPolygon","coordinates":[[[[107.3,-54.3],[108.6,-56],[108.8,-56.3],[106.8,-57.4],[105.2,-58.2],[103.6,-58.8],[103.1,-58.5],[102.5,-58],[106.7,-56.4],[106,-54.4],[107.3,-54.3]]]]}},{"type":"Feature","properties":{},"geometry":{"type":"MultiPolygon","coordinates":[[[[109.8,-58.1],[109.3,-59.1],[108.9,-59.4],[106,-59.6],[104.6,-59.1],[103.6,-58.8],[105.2,-58.2],[106.8,-57.4],[108.8,-56.3],[109.8,-56.9],[109.4,-57.4],[109.8,-58.1]]]]}},{"type":"Feature","properties":{},"geometry":{"type":"MultiPolygon","coordinates":[[[[112.7,-58.1],[111.9,-58.9],[111.9,-59.5],[112.2,-59.7],[111.8,-59.8],[111.5,-59.8],[111.1,-60.1],[110.3,-60.1],[110.6,-59],[111.2,-58.1],[111.7,-57.6],[112.3,-57.9],[112.7,-58.1]]]]}},{"type":"Feature","properties":{},"geometry":{"type":"MultiPolygon","coordinates":[[[[113.3,-58.5],[112.8,-59],[112.7,-59.5],[113.1,-60.2],[112.4,-60.3],[113,-60.8],[110.6,-60.7],[111.1,-60.1],[111.5,-59.8],[111.8,-59.8],[112.2,-59.7],[111.9,-59.5],[111.9,-58.9],[112.7,-58.1],[113.3,-58.5]]]]}},{"type":"Feature","properties":{},"geometry":{"type":"MultiPolygon","coordinates":[[[[13.6,21.9],[13.1,22.3],[12.6,22.3],[10.9,22.1],[9.9,21.4],[9.5,21.3],[10,21.8],[10.5,22.7],[12.2,23.6],[13.3,23.5],[14.1,23.4],[14.7,23.6],[15.2,23.6],[15.8,23.3],[17,22.7],[19.3,22.2],[19.6,22.3],[20.9,21.9],[21.2,21],[20.3,21.1],[19,20.8],[16.8,21.4],[16.4,21.6],[16.1,21.7],[15.3,21.9],[13.9,21.9],[13.6,21.9]]]]}},{"type":"Feature","properties":{},"geometry":{"type":"MultiPolygon","coordinates":[[[[9.1,23.5],[11,24.2],[13.8,24],[15.5,23.6],[17.1,23.3],[18.2,23.5],[19.5,23.5],[20.4,23.8],[21.8,24.2],[23.8,24.5],[24.9,24.5],[24.4,24.3],[23.4,24.5],[21.9,24.1],[20.8,23.6],[19.5,23.4],[17.6,22.9],[16.6,23.1],[15.8,23.3],[15.2,23.6],[14.7,23.6],[14.1,23.4],[13.3,23.5],[12.2,23.6],[10.5,22.7],[9.7,22.7],[9.7,22.9],[9.5,23.5],[9.4,23.2],[9.1,23.2],[8.9,23.3],[9.1,23.5]]]]}},{"type":"Feature","properties":{},"geometry":{"type":"MultiPolygon","coordinates":[[[[18.9,20.2],[19.3,20.3],[19.8,20.1],[19.7,20.3],[20.4,20.7],[21.6,20.9],[21,19.4],[20.5,17.9],[20.4,17.1],[20.6,16.6],[21.1,16.7],[19.5,15.7],[18.4,17.5],[18.9,20.2]]]]}},{"type":"Feature","properties":{},"geometry":{"type":"MultiPolygon","coordinates":[[[[18.9,20.2],[18.6,20.3],[17.1,20.7],[16.3,21.3],[16.3,21.5],[13.6,21.9],[14,21.7],[15.3,21.9],[16.1,21.7],[16.5,21.6],[18.4,20.8],[19.4,21],[20.5,21.2],[21.5,21.2],[22.2,21.3],[21.4,20.8],[20.2,20.6],[19.7,20.2],[19.8,20.1],[19.2,20.2],[18.9,20.2]]]]}},{"type":"Feature","properties":{},"geometry":{"type":"MultiPolygon","coordinates":[[[[21.5,21.2],[20.4,21.7],[19.3,22.3],[18.7,22],[16.7,22.9],[16.8,23.2],[17.7,23],[19.5,23.5],[21,23.7],[22.1,24.2],[23.8,24.5],[24.7,24.3],[25,23.8],[24,23.1],[22.4,21.3],[21.5,21.2]]]]}},{"type":"Feature","properties":{},"geometry":{"type":"MultiPolygon","coordinates":[[[[25.9,19.3],[26.4,19.8],[26.9,20.5],[27.8,21.1],[28.7,21.4],[29.7,22],[30.4,22],[30.1,21.8],[28.4,21.1],[27.6,20.7],[27.2,20.3],[26.2,18.8],[25,17.9],[24.3,17.5],[22.6,16.8],[21.4,16.7],[23.6,18.1],[24.8,18.4],[24.9,18.7],[24.9,18.8],[25.9,19.3]]]]}},{"type":"Feature","properties":{},"geometry":{"type":"MultiPolygon","coordinates":[[[[36.6,21.5],[37.5,22.4],[37.1,23.5],[36.1,25.8],[35.2,27.3],[36.4,27.2],[37.8,25.7],[38.6,24.2],[39.7,23],[38.6,21.2],[37.2,21.1],[36.6,21.5]]]]}},{"type":"Feature","properties":{},"geometry":{"type":"MultiPolygon","coordinates":[[[[30.5,23.6],[33.5,23.4],[34.7,22.6],[33.7,21.9],[33.1,22],[31.9,22.3],[31,23.1],[29.7,23.1],[30.5,23.6]]]]}},{"type":"Feature","properties":{},"geometry":{"type":"MultiPolygon","coordinates":[[[[29.7,23.1],[31,23.1],[31.9,22.3],[33.1,22],[33.5,21.4],[32.1,21.4],[31.1,21.9],[29.6,22.4],[28.8,22.7],[29.7,23.1]]]]}},{"type":"Feature","properties":{},"geometry":{"type":"MultiPolygon","coordinates":[[[[34,23.1],[33.7,24.6],[35.8,23.7],[37.2,23],[37.3,21.7],[35.8,22],[34.5,22.8],[34,23.1]]]]}},{"type":"Feature","properties":{},"geometry":{"type":"MultiPolygon","coordinates":[[[[32.4,19.9],[31.7,21.5],[33.2,21.1],[33.8,22.1],[34.8,22.6],[36.6,21.5],[37.8,20.6],[37,20],[35.4,20.7],[33.5,19.6],[32.4,19.9]]]]}},{"type":"Feature","properties":{},"geometry":{"type":"MultiPolygon","coordinates":[[[[25.1,24.4],[26.6,25.7],[29.5,26.7],[33.3,27.4],[35.2,27],[36.8,24.7],[36.6,23.2],[33.8,24.9],[31.3,25.4],[28.7,24.9],[25.9,24.5],[25.1,24.4]]]]}},{"type":"Feature","properties":{},"geometry":{"type":"MultiPolygon","coordinates":[[[[25.1,23.9],[26.5,24.8],[29.2,25],[32.2,25.4],[33.8,24.3],[33.5,23.4],[30.5,23.6],[27.2,23.8],[24.3,23.3],[25.1,23.9]]]]}},{"type":"Feature","properties":{},"geometry":{"type":"MultiPolygon","coordinates":[[[[23.7,26.4],[26.1,26.2],[27.9,27],[30.8,27.2],[34.4,27.4],[31.8,27.2],[27.8,26.1],[24.9,24.5],[23.8,24.5],[23,24.7],[23.8,25.3],[23.4,26.2],[23.7,26.4]]]]}},{"type":"Feature","properties":{},"geometry":{"type":"MultiPolygon","coordinates":[[[[26.6,42.7],[31.9,43.6],[35.8,43.5],[33.5,42.8],[30.6,42.3],[27.7,41.9],[25.9,41.9],[26.6,42.7]]]]}},{"type":"Feature","properties":{},"geometry":{"type":"MultiPolygon","coordinates":[[[[25.6,44.3],[30.2,44.9],[32.7,44.9],[34.6,44.8],[38.1,44.4],[41,43.1],[39.6,43],[35.8,43.5],[31.9,43.6],[26.6,42.7],[25.6,44.3]]]]}},{"type":"Feature","properties":{},"geometry":{"type":"MultiPolygon","coordinates":[[[[17.5,38.3],[15.5,38.3],[13.1,39],[18.3,40.4],[21.1,42.7],[24.3,44.1],[26.1,43.9],[26.2,41.7],[26.1,40.7],[25.9,40.2],[24.3,39.5],[22.8,38.9],[21.7,38.5],[20.2,38.4],[18.9,38.1],[17.5,38.3]]]]}},{"type":"Feature","properties":{},"geometry":{"type":"MultiPolygon","coordinates":[[[[29.6,21.9],[28.3,21.3],[28.7,21.5],[29.6,21.9]]]]}},{"type":"Feature","properties":{},"geometry":{"type":"MultiPolygon","coordinates":[[[[29.1,22.3],[29.3,22],[28.5,22],[29.1,22.3]]]]}},{"type":"Feature","properties":{},"geometry":{"type":"MultiPolygon","coordinates":[[[[21.5,19.9],[23.1,20.9],[23.9,20],[25.7,20.6],[26.4,20.7],[25.7,19.8],[26,19.7],[26.6,20.2],[27.1,20.7],[26.5,19.9],[26.1,19.4],[23.5,18.5],[21.7,19.3],[21.5,19.9]]]]}},{"type":"Feature","properties":{},"geometry":{"type":"MultiPolygon","coordinates":[[[[23,21.3],[25.3,22],[28.5,22.6],[29.5,22.4],[28.5,22],[28.1,22],[27.4,21.8],[27.1,21.5],[26.7,21.2],[26,20.7],[24.3,20],[23.2,20.7],[23,21.3]]]]}},{"type":"Feature","properties":{},"geometry":{"type":"MultiPolygon","coordinates":[[[[22.4,21.3],[24,23.1],[25.6,23.5],[28.9,23.6],[30,23.3],[28.8,22.7],[26.2,22.3],[23.4,21.3],[22.4,21.3]]]]}},{"type":"Feature","properties":{},"geometry":{"type":"MultiPolygon","coordinates":[[[[12.9,43.2],[19.6,45.8],[25.8,46.7],[32.7,46.9],[34.4,46.1],[32.3,45.1],[29.1,44.8],[24.8,44.2],[22.3,44],[18.9,43.6],[16.9,43.1],[15.4,42.4],[14.2,41.1],[13.4,39.4],[12.7,38.7],[11,38],[10,38.5],[11.9,41.6],[12.9,43.2]]]]}},{"type":"Feature","properties":{},"geometry":{"type":"MultiPolygon","coordinates":[[[[11.5,38.2],[12.8,38.8],[13.7,40],[14.3,41.3],[15.9,42.7],[16.9,43.1],[19,43.7],[23.5,44.1],[22.9,43.8],[19.6,41.1],[16.2,39.8],[11.6,38.2],[11.5,38.2]]]]}},{"type":"Feature","properties":{},"geometry":{"type":"MultiPolygon","coordinates":[[[[41.2,22.1],[39.8,23.7],[39.5,25.1],[40.7,24.4],[41.5,23.5],[42.2,22.7],[42.3,21.5],[42.8,20],[42.5,19.4],[41.8,21.3],[41.2,22.1]]]]}},{"type":"Feature","properties":{},"geometry":{"type":"MultiPolygon","coordinates":[[[[34.8,17.6],[36.4,18.2],[38.4,17.8],[39.5,18.2],[40.5,17.5],[40.6,17.2],[40.6,16.6],[40.4,16.2],[40.1,16],[39.1,16.1],[38.3,16.3],[37.6,16.6],[36.6,16.6],[36,16.8],[35.4,17.3],[34.8,17.6]]]]}},{"type":"Feature","properties":{},"geometry":{"type":"MultiPolygon","coordinates":[[[[40.6,17.4],[39.6,18.5],[40.3,20.4],[40.3,21.3],[40,22.6],[39.9,23.3],[40.9,22.3],[41.3,21.8],[41.1,20.2],[40.6,18.6],[40.7,17.7],[40.8,17.2],[40.6,17.4]]]]}},{"type":"Feature","properties":{},"geometry":{"type":"MultiPolygon","coordinates":[[[[21.5,19.9],[22.4,18.5],[25.7,19.3],[25.3,19],[24.8,18.7],[24.9,18.7],[24,18.3],[21.3,16.7],[20.6,16.6],[20.4,17],[20.4,17.4],[20.9,19.1],[21.5,19.9]]]]}},{"type":"Feature","properties":{},"geometry":{"type":"MultiPolygon","coordinates":[[[[37.3,11.5],[38.1,11.8],[41.1,11.6],[42,11.3],[41.4,10.9],[40.5,10.5],[38.6,10.4],[37.7,10.8],[37.3,11.5]]]]}},{"type":"Feature","properties":{},"geometry":{"type":"MultiPolygon","coordinates":[[[[40.5,14.9],[41,16],[41.1,16.7],[40.9,17.2],[40.6,18.1],[41.5,18.3],[43.1,15.2],[42.6,12],[41.3,11.5],[40.8,11.8],[40.3,12.3],[39.6,12.8],[39.3,13.3],[39.3,13.6],[40.1,14.5],[40.5,14.9]]]]}},{"type":"Feature","properties":{},"geometry":{"type":"MultiPolygon","coordinates":[[[[38.2,16.4],[38.7,16.2],[39.5,16],[40.3,16],[40.5,16.3],[40.6,17.1],[40.6,17.4],[41,17],[41.1,16.2],[40.7,15.3],[40.1,15],[38.1,15],[37.7,15],[37.7,15.7],[38.2,16.4]]]]}},{"type":"Feature","properties":{},"geometry":{"type":"MultiPolygon","coordinates":[[[[37,12.7],[36.4,13.6],[36.7,14.4],[36.7,14.6],[36.8,14.8],[36.8,15.9],[37.8,16.5],[37.7,15.7],[37.7,15],[37.5,14.3],[37.4,13.7],[37.3,13.5],[37,12.7]]]]}},{"type":"Feature","properties":{},"geometry":{"type":"MultiPolygon","coordinates":[[[[34,17.8],[35.4,17.3],[36,16.8],[36.4,16.7],[36.9,16.6],[36.8,15],[36.7,14.7],[36.7,14.4],[36.5,13.9],[36,14.2],[35.4,15.2],[35.2,15.8],[34.1,17.5],[34,17.8]]]]}},{"type":"Feature","properties":{},"geometry":{"type":"MultiPolygon","coordinates":[[[[37,12.7],[37.3,13.5],[37.4,13.7],[37.5,14.3],[38.1,15],[40.1,15],[39.6,14.1],[39.3,13.5],[39.5,13],[39.6,12.7],[40.6,12.1],[40.8,11.6],[37.9,11.8],[37.2,11.8],[37.1,12.6],[37,12.7]]]]}},{"type":"Feature","properties":{},"geometry":{"type":"MultiPolygon","coordinates":[[[[32.6,19.3],[32.4,19.7],[33.5,19.6],[34.7,20.5],[36.3,20.2],[38.1,20.2],[38.6,21.2],[39.7,23],[38.6,24.2],[38.4,25.1],[39.2,24.1],[39.9,23.2],[40.1,22.1],[40.4,21.1],[40.3,20.3],[39.5,18.2],[38.4,17.8],[36.4,18.2],[34.8,17.6],[33.5,18.7],[32.6,19.3]]]]}},{"type":"Feature","properties":{},"geometry":{"type":"MultiPolygon","coordinates":[[[[100.3,-19.6],[100.7,-19],[100.7,-18],[100.8,-17.2],[101.3,-16.5],[101.7,-15.8],[102.9,-15],[103.2,-14.4],[105.5,-13.4],[104.8,-14.1],[103.1,-16.4],[101.4,-20.4],[100.1,-22.4],[98.9,-25.3],[98.7,-26.6],[98.1,-27.7],[97.4,-29.6],[94.1,-31],[92.6,-31.7],[92.6,-31.2],[93.5,-30.4],[96.2,-28.5],[96.9,-27.9],[97.6,-26.7],[98.2,-25.9],[98.6,-25.1],[98.9,-24.4],[99.1,-23.2],[99.3,-22.7],[99.5,-21.9],[99.9,-20.9],[100.3,-20],[100.3,-19.6]]]]}},{"type":"Feature","properties":{},"geometry":{"type":"MultiPolygon","coordinates":[[[[85.6,-37],[86.1,-37.8],[87.6,-37.6],[91,-38.6],[94.4,-39.7],[97.8,-38.9],[102.7,-36.1],[105.6,-34.6],[106.8,-33.5],[107.1,-32.6],[110.1,-33.2],[109.8,-33.5],[108.5,-33.3],[107.9,-35],[106.6,-36.7],[103.6,-38.8],[100.1,-40.1],[97.6,-40.4],[95.8,-40.6],[93.6,-41],[91.1,-40.5],[89.2,-39.7],[84.3,-38.1],[83.7,-38.6],[82.2,-39],[82.6,-38.7],[83.5,-37.8],[83.9,-37.5],[84.2,-37.8],[84.7,-37.6],[85.5,-37],[85.6,-37]]]]}},{"type":"Feature","properties":{},"geometry":{"type":"MultiPolygon","coordinates":[[[[103.1,-16.4],[102.9,-18.2],[102.5,-19.2],[102.2,-19.9],[102,-21.5],[101.4,-23.2],[100.9,-24.3],[100.4,-25.6],[99.9,-27.1],[98.9,-28.1],[98.1,-29],[98,-28.3],[98.7,-26.8],[98.8,-25.7],[99.7,-23.5],[100.9,-21.2],[102.1,-18],[103.1,-16.4]]]]}},{"type":"Feature","properties":{},"geometry":{"type":"MultiPolygon","coordinates":[[[[97.6,-29.2],[98.5,-28.6],[99.5,-27.6],[100.3,-26.2],[100.7,-25.1],[101,-23.8],[101.7,-22.9],[102.1,-20.7],[102.3,-19.6],[102.7,-18.8],[103.1,-17.4],[103.8,-17.4],[103.4,-18.9],[102.7,-22.4],[101.1,-27],[100.1,-28.7],[97.6,-29.2]]]]}},{"type":"Feature","properties":{},"geometry":{"type":"MultiPolygon","coordinates":[[[[32.6,16.6],[33.4,16.7],[33.7,15],[31.6,15.3],[32.6,16.6]]]]}},{"type":"Feature","properties":{},"geometry":{"type":"MultiPolygon","coordinates":[[[[33.6,13.5],[32.5,9.4],[32.1,10],[33.1,11.8],[33,13],[33.6,13.5]]]]}},{"type":"Feature","properties":{},"geometry":{"type":"MultiPolygon","coordinates":[[[[31.6,14.7],[33.6,14.5],[33,13],[33.1,11.8],[32.1,10],[32.3,8.8],[31.4,10.2],[31.4,11.8],[31,13.2],[31.6,14.7]]]]}},{"type":"Feature","properties":{},"geometry":{"type":"MultiPolygon","coordinates":[[[[30.3,21.9],[30.4,22],[31.3,21.8],[32.3,20.2],[32.5,19.4],[33.4,17.2],[32.5,16.7],[32.2,18],[32.2,18.8],[31.6,20.2],[31.1,21.3],[30.4,21.9],[30.3,21.9]]]]}},{"type":"Feature","properties":{},"geometry":{"type":"MultiPolygon","coordinates":[[[[31.2,15],[31,13.2],[31.4,11.8],[31.4,10.2],[30.3,10.4],[30.5,13.2],[31.2,15]]]]}},{"type":"Feature","properties":{},"geometry":{"type":"MultiPolygon","coordinates":[[[[18.4,2],[19,1.6],[19.7,1.3],[20.1,1.3],[20.2,1],[20.3,1.2],[20.8,1.2],[21.5,1],[22.4,1.1],[23.6,1.2],[24.4,0.5],[25.1,0.3],[25.8,0],[26.6,-0.3],[27,0],[27.3,0.5],[27,-0.2],[27,-0.8],[26.5,-1.3],[26.3,-1.5],[25.2,-0.7],[24.6,-0.6],[24.1,-0.5],[22.3,0],[20.2,-0.1],[19.2,-0.6],[18.9,-0.5],[19.1,-0.1],[18.5,0],[18.1,0.1],[18,0.3],[17.8,0.6],[17.9,0.9],[17.8,0.7],[17.7,1.2],[17.9,1.2],[17.9,1.3],[18.2,2],[18.4,2]]]]}},{"type":"Feature","properties":{},"geometry":{"type":"MultiPolygon","coordinates":[[[[28.1,21],[29.3,21.5],[30.4,21.9],[31,21.4],[31.6,20.3],[31.9,19.2],[32.2,18.1],[32.3,16.8],[32.5,16.1],[30.8,14.3],[30.1,10.9],[32,9.1],[31.8,7.8],[31.1,6.9],[30.1,6],[29.8,5.6],[29.6,4.8],[29.1,4],[28.8,3.8],[28.7,3.5],[28.3,2.9],[27.8,2.7],[26.6,2.7],[24.2,4],[23,5.3],[24.2,8.3],[24.9,11.5],[25.6,14],[27,17.6],[28.1,20.8],[28.1,21]]]]}},{"type":"Feature","properties":{},"geometry":{"type":"MultiPolygon","coordinates":[[[[28.2,1.8],[28,2],[27.9,2.6],[28.5,3.1],[28.8,3.6],[29,3.8],[29.2,4.1],[29.6,5.1],[29.8,5.7],[30.3,6.1],[31.2,7],[31.9,8.1],[32.5,9.4],[33.6,13.5],[33.7,15],[33.9,17.5],[32.6,19.3],[33.7,18.4],[34.1,17.5],[35.2,15.8],[35.4,15.2],[36,14.2],[36.9,12.9],[37.1,12.4],[37.3,11.5],[37.7,10.8],[36.6,7.3],[33,2.2],[30.7,0.3],[30.8,0.9],[31.3,1.3],[31.2,2],[31.2,1.8],[31.3,1.4],[30.7,1],[30.8,-0.2],[28.2,0.1],[28.1,0.8],[28,0.8],[28.1,1.1],[28.3,1.1],[28.4,1.8],[28.2,1.8]]]]}},{"type":"Feature","properties":{},"geometry":{"type":"MultiPolygon","coordinates":[[[[131.3,-26.1],[131.4,-26.4],[131.9,-27],[134.7,-31.3],[135.9,-37.7],[136.3,-44.9],[136.9,-52.7],[132.8,-54.1],[130.2,-50.8],[129,-47.7],[127.9,-47.4],[127.4,-44.3],[127.1,-39.9],[126.2,-32.8],[125.9,-29.1],[125.7,-28.5],[126.3,-27.9],[127,-27.3],[127.4,-27.6],[127.6,-27],[128.3,-27.1],[129,-26.9],[129.7,-26.6],[129.9,-26.5],[130.5,-26.3],[131.3,-26.1]]]]}},{"type":"Feature","properties":{},"geometry":{"type":"MultiPolygon","coordinates":[[[[130.2,-63.9],[131,-62.8],[130.2,-61.8],[128.3,-60.6],[127.4,-59.4],[133.8,-60.2],[134.7,-60],[136.4,-58.6],[139.5,-57.6],[142.7,-59],[139.8,-63],[131.7,-64.5],[130.6,-64.4],[130.2,-63.9]]]]}},{"type":"Feature","properties":{},"geometry":{"type":"MultiPolygon","coordinates":[[[[123.8,-56.8],[126.1,-56],[126.4,-55.9],[130.1,-52.6],[135.4,-54.5],[140.9,-55.2],[143.8,-57],[143.4,-57.4],[142.8,-58.3],[141.1,-58.5],[137.3,-58.3],[134.9,-59.9],[134,-60.1],[128.8,-59],[123.8,-56.8]]]]}},{"type":"Feature","properties":{},"geometry":{"type":"MultiPolygon","coordinates":[[[[131.8,-26.9],[131.3,-26.1],[131.5,-26.2],[131.8,-26.2],[131.7,-26.5],[131.8,-26.9]]]]}},{"type":"Feature","properties":{},"geometry":{"type":"MultiPolygon","coordinates":[[[[145.6,-43],[141.3,-37.4],[136.4,-32.1],[132,-27.1],[132,-26.8],[132.4,-26.6],[132.6,-26.5],[132.8,-26.7],[133.1,-26.9],[133.6,-26.9],[134,-26.8],[134.4,-26.7],[134.7,-26.4],[135,-26.8],[135.7,-26.6],[135.9,-26.2],[136.3,-26.1],[136.3,-26.4],[136.7,-26.5],[136.8,-26.4],[137.7,-26.6],[137.7,-26.4],[138.3,-26.5],[138.6,-26.9],[139.3,-27.4],[139.4,-27.8],[139.7,-27.7],[140,-27.4],[140.4,-27.4],[140.9,-27.2],[141.4,-27.3],[141.8,-27.5],[141.8,-27.8],[142.8,-28],[142.8,-28.2],[142.7,-28.9],[142.5,-29],[142.6,-29.6],[142.4,-29.6],[141.9,-29.7],[141.8,-29.6],[142.1,-29.9],[141.9,-30],[141.8,-30.2],[141.7,-30.2],[141.6,-30.5],[141.4,-29.9],[141.2,-30.1],[141.2,-30.6],[141.6,-31.2],[141.1,-31.3],[140.9,-31.4],[140.9,-31.7],[140.6,-32],[140.6,-32.2],[141.2,-32.5],[141.1,-32.8],[141.1,-33],[141.4,-33.4],[141.3,-33.6],[141.8,-34.3],[142.1,-34.4],[142.2,-34.9],[142.5,-34.9],[142.6,-35.1],[141.9,-35.6],[141.5,-35.2],[141.6,-35.6],[141.4,-35.9],[141.4,-36.3],[141.5,-36.7],[141.5,-37],[142,-37.2],[141.9,-37.4],[142.1,-37.4],[142.1,-37.8],[142.1,-38],[142.3,-38.2],[142.8,-38.4],[142.6,-39.1],[143.2,-38.8],[143.7,-39.4],[144,-39.6],[143.8,-39.7],[144.2,-39.7],[144.4,-39.9],[144.8,-40.1],[145.2,-40.3],[145.6,-43]]]]}},{"type":"Feature","properties":{},"geometry":{"type":"MultiPolygon","coordinates":[[[[142.6,-33.7],[143.2,-33.9],[142.7,-34.2],[142.5,-33.9],[142.6,-33.7]]]]}},{"type":"Feature","properties":{},"geometry":{"type":"MultiPolygon","coordinates":[[[[142.7,-59],[143,-57.9],[143.8,-57],[144.3,-56.9],[143.9,-60.7],[142.7,-59]]]]}},{"type":"Feature","properties":{},"geometry":{"type":"MultiPolygon","coordinates":[[[[144.2,-60.7],[150.3,-55.6],[153.2,-58.6],[153.9,-59.5],[153.2,-59.7],[152.9,-59.9],[153.2,-60],[153.3,-60.1],[153.2,-60.4],[153.3,-60.8],[152.2,-60.4],[144.2,-60.7]]]]}},{"type":"Feature","properties":{},"geometry":{"type":"MultiPolygon","coordinates":[[[[154.2,-59.3],[151.4,-55.7],[154.4,-55.7],[156.8,-55.7],[157,-56.3],[156.9,-56.7],[156.7,-57.2],[156.5,-57.7],[156.3,-58.1],[155.9,-58.4],[155.9,-58.5],[155.7,-58.7],[155.1,-59],[154.6,-59.3],[154.2,-59.3]]]]}},{"type":"Feature","properties":{},"geometry":{"type":"MultiPolygon","coordinates":[[[[125.8,-29.2],[126.6,-36.3],[127.6,-43.4],[122.3,-41.5],[115.5,-40.1],[114.5,-39.7],[114.8,-39.4],[115.2,-38.8],[115.4,-38.1],[115.9,-37.7],[116.3,-37.8],[116.2,-37.4],[116.3,-36.9],[115.9,-36.5],[116.6,-35.7],[117.3,-35.2],[118.5,-34.7],[118.9,-34.6],[119.3,-33.9],[119,-33.7],[120.2,-32.5],[120.9,-32.3],[121,-33.5],[121.3,-32.8],[121.6,-32.2],[122,-32],[122.5,-31.7],[122.5,-31.9],[123.3,-30.7],[123.9,-30.1],[124.2,-29.3],[124.4,-29.3],[124.8,-29.4],[125.2,-29.7],[125.5,-29.4],[125.8,-29.2]]]]}},{"type":"Feature","properties":{},"geometry":{"type":"MultiPolygon","coordinates":[[[[125.9,-29.1],[125.7,-28.8],[125.9,-28.8],[125.9,-29.1]]]]}},{"type":"Feature","properties":{},"geometry":{"type":"MultiPolygon","coordinates":[[[[145.6,-43],[145.1,-46.6],[138.2,-42.2],[135.9,-36.3],[136.4,-32.1],[141.3,-37.4],[145.6,-43]]]]}},{"type":"Feature","properties":{},"geometry":{"type":"MultiPolygon","coordinates":[[[[145.3,-47.8],[145.9,-42.6],[147.3,-43.6],[148.9,-44.7],[150.1,-46.1],[150.9,-47.5],[151.6,-49.2],[152.4,-50.2],[150.8,-50.8],[145.3,-47.8]]]]}},{"type":"Feature","properties":{},"geometry":{"type":"MultiPolygon","coordinates":[[[[137.2,-54.6],[136.1,-46.8],[138.2,-42.2],[145.1,-46.6],[144.9,-53.3],[143.8,-57],[140,-55.1],[137.2,-54.6]]]]}},{"type":"Feature","properties":{},"geometry":{"type":"MultiPolygon","coordinates":[[[[145.3,-47.8],[152.3,-51.9],[151.5,-55.6],[152.9,-55.4],[147.5,-56.3],[145,-51.5],[145.3,-47.8]]]]}},{"type":"Feature","properties":{},"geometry":{"type":"MultiPolygon","coordinates":[[[[119.6,-59.9],[119.6,-59.8],[119.5,-59.8],[119.3,-59.5],[119.2,-59.3],[119.6,-59.1],[119.4,-59],[117.7,-59.1],[125.7,-58.1],[126.7,-59.7],[122.5,-61],[120.3,-61.1],[119.9,-61.2],[119.6,-61.2],[119.3,-61.3],[118.7,-61],[119.6,-60.8],[119.9,-60.3],[119.8,-59.9],[119.6,-59.9]]]]}},{"type":"Feature","properties":{},"geometry":{"type":"MultiPolygon","coordinates":[[[[119.6,-49.6],[120.8,-49.6],[119.7,-49.3],[121.8,-48.8],[121.9,-50.1],[120.9,-51.4],[119.6,-49.6]]]]}},{"type":"Feature","properties":{},"geometry":{"type":"MultiPolygon","coordinates":[[[[120.2,-48.8],[121.5,-43.8],[125.5,-42.7],[127.4,-44.3],[127.9,-47.4],[129,-47.7],[130.2,-50.8],[128.5,-54.3],[126.1,-56],[120.8,-53.2],[121.8,-51.3],[121.9,-49.7],[121.2,-48.8],[120.2,-48.8]]]]}},{"type":"Feature","properties":{},"geometry":{"type":"MultiPolygon","coordinates":[[[[119.6,-49.6],[122.3,-55],[116.8,-58.7],[115.2,-58.5],[114.3,-57.9],[113.8,-57.8],[113.4,-57.4],[113.2,-57.4],[112.7,-57.2],[113.1,-57],[113.4,-56.9],[113.7,-56.6],[112.4,-56.3],[112,-56.5],[111.8,-56.7],[111.8,-56.2],[111.9,-55.9],[111.5,-56],[110.7,-56.1],[109.6,-55.4],[109.6,-53.9],[110.2,-53.4],[110.4,-53.8],[110.7,-53.6],[110.9,-53.7],[111.4,-53.9],[111.2,-53.6],[111,-53.2],[111.3,-52.9],[111.5,-52.8],[112,-52.4],[111.9,-51.8],[112,-50.4],[112.5,-48.8],[113.5,-48.5],[114.1,-48.8],[114.8,-48.7],[114.8,-49.1],[115.3,-48.9],[115.8,-49.2],[115.8,-49.5],[116.1,-49.4],[116.5,-49.2],[117.3,-49.1],[118.1,-49.5],[119,-49.6],[119.6,-49.6]]]]}},{"type":"Feature","properties":{},"geometry":{"type":"MultiPolygon","coordinates":[[[[114.1,-40.2],[120.6,-41],[121,-45.1],[119.7,-49.2],[119.5,-48.9],[118.8,-48.6],[118.3,-48.4],[117.7,-48.3],[116.9,-48.1],[116.2,-47.8],[115.8,-47.4],[115.8,-47],[115.8,-46.9],[115.4,-46.5],[115.4,-46.2],[115,-45.8],[114.5,-45.5],[113.8,-43.9],[113.9,-43.4],[113.5,-42.7],[113.6,-41.5],[114,-41],[114.1,-40.2]]]]}},{"type":"Feature","properties":{},"geometry":{"type":"MultiPolygon","coordinates":[[[[154.2,-59.3],[154.6,-59.3],[155.1,-59],[155.7,-58.7],[155.9,-58.5],[155.9,-58.4],[156.3,-58.1],[156.5,-57.7],[156.7,-57.2],[156.9,-56.7],[157,-56.3],[156.8,-55.7],[156.8,-55.5],[156.9,-56.1],[157,-57],[156.9,-57.8],[155.6,-59.2],[154.2,-59.7],[153.6,-60],[153.6,-60.7],[153.5,-61.3],[153.2,-60.6],[153.2,-60.2],[153.2,-60],[152.9,-59.9],[153.1,-59.8],[153.8,-59.7],[154,-59.4],[154.2,-59.3]]]]}},{"type":"Feature","properties":{},"geometry":{"type":"MultiPolygon","coordinates":[[[[158.9,-48.2],[158.6,-48.2],[157.4,-48.2],[157.9,-48.7],[156.5,-49.3],[156.1,-49.3],[155.1,-49.4],[154.1,-49.2],[154.1,-49.5],[154.5,-50],[155,-50.8],[155,-51.3],[154.5,-51.8],[153.7,-51.5],[152.7,-50.7],[151.8,-49.4],[151.1,-47.8],[150.3,-46.4],[149.2,-44.9],[147.7,-43.8],[145.9,-42.6],[145.9,-40.6],[146.2,-40.9],[147.1,-41.3],[148,-41.7],[148.2,-41.9],[150,-42.4],[154.4,-43.7],[152.8,-46.2],[154.1,-47.1],[154.6,-46.2],[156.3,-45.8],[156.9,-46.8],[159,-47.7],[159.6,-48.1],[158.9,-48.2]]]]}},{"type":"Feature","properties":{},"geometry":{"type":"MultiPolygon","coordinates":[[[[156.2,-53.3],[156.6,-52.1],[157.3,-51.5],[157.6,-52],[160.1,-53.7],[158.7,-54.4],[158,-54.1],[156.5,-53.3],[156.2,-53.3]]]]}},{"type":"Feature","properties":{},"geometry":{"type":"MultiPolygon","coordinates":[[[[155.2,-60.9],[156.3,-60.9],[155.9,-61.5],[155.2,-60.9]]]]}},{"type":"Feature","properties":{},"geometry":{"type":"MultiPolygon","coordinates":[[[[153.7,-55],[153.7,-54.9],[154.1,-55],[153.7,-55]]]]}},{"type":"Feature","properties":{},"geometry":{"type":"MultiPolygon","coordinates":[[[[154.5,-55.6],[155.6,-55.2],[155,-55.6],[154.5,-55.6]]]]}},{"type":"Feature","properties":{},"geometry":{"type":"MultiPolygon","coordinates":[[[[152.8,-55.8],[154,-55.6],[154.3,-55.7],[152.8,-55.8]]]]}},{"type":"Feature","properties":{},"geometry":{"type":"MultiPolygon","coordinates":[[[[152.3,-51.9],[153.6,-51.5],[154,-52.1],[154.1,-52.5],[154.1,-53.2],[153.8,-53.6],[153.6,-54.2],[153,-54.5],[153.3,-54.6],[153,-55],[152.3,-51.9]]]]}},{"type":"Feature","properties":{},"geometry":{"type":"MultiPolygon","coordinates":[[[[153.5,-54.9],[153.7,-55.1],[153.5,-55],[153.5,-54.9]]]]}},{"type":"Feature","properties":{},"geometry":{"type":"MultiPolygon","coordinates":[[[[74.3,26.4],[74.4,28.3],[74.7,30.8],[74.7,32.7],[74.6,34.2],[76,36.8],[77.1,35.1],[76.9,31.3],[76.5,27.5],[75.6,24.1],[74.3,26.4]]]]}},{"type":"Feature","properties":{},"geometry":{"type":"MultiPolygon","coordinates":[[[[74.3,26.4],[74.4,28.3],[74.7,30.8],[74.7,32.7],[74.6,34.2],[76,36.8],[77.1,35.1],[76.9,31.3],[76.5,27.5],[75.6,24.1],[74.3,26.4]]]]}}]}