{"type":"FeatureCollection","features":[{"type":"Feature","properties":{},"geometry":{"type":"MultiPolygon","coordinates":[[[[144.1,31.7],[142,31.3],[140.8,31.6],[139,31.5],[137.3,30.6],[134.4,26.2],[131.7,27.4],[130,28.7],[132.1,29.3],[134.8,31.9],[138.5,32.5],[140.2,32.9],[141.3,33.1],[144.1,31.7]]]]}},{"type":"Feature","properties":{},"geometry":{"type":"MultiPolygon","coordinates":[[[[150,27.5],[149.2,27.3],[148.8,28.8],[147.5,28.8],[146.1,28.6],[144.3,29],[143.2,29],[143,29],[143.2,29],[143.8,29.3],[145.2,29.8],[149.1,29.4],[150,27.5]]]]}},{"type":"Feature","properties":{},"geometry":{"type":"MultiPolygon","coordinates":[[[[143.2,28.5],[142.6,28.4],[142.9,28.6],[143.4,28.8],[143.2,28.5]]]]}},{"type":"Feature","properties":{},"geometry":{"type":"MultiPolygon","coordinates":[[[[142.3,27.2],[139,26.3],[140.1,27.2],[140.9,27.6],[141.4,27.8],[142,27.7],[142.2,27.3],[142.3,27.2]]]]}},{"type":"Feature","properties":{},"geometry":{"type":"MultiPolygon","coordinates":[[[[151.4,28.6],[151,28.4],[150.6,28.1],[149.6,28.9],[146.2,29.4],[144.4,29.8],[144.4,30.2],[143.5,30.4],[143,30.1],[141.9,30],[141.1,29.6],[140.4,29.9],[139.7,29.6],[140.2,28.7],[140.5,28.6],[140.1,28],[139.6,26.7],[138.9,26.2],[137.2,24.3],[136.3,23.4],[135.7,23.3],[134.8,24.1],[134.1,24.5],[135.2,27.5],[137.7,30.7],[139.5,31.6],[141.1,31.5],[142.4,31.4],[144.4,31.7],[146.5,31.2],[147.9,30.7],[149.7,30.3],[150.4,29.8],[151.2,28.9],[151.4,28.6]]]]}},{"type":"Feature","properties":{},"geometry":{"type":"MultiPolygon","coordinates":[[[[77.7,56.4],[80.8,58.8],[83.9,60.8],[86.2,61.5],[88.7,60.4],[87.2,57.2],[84.7,54.6],[83.9,53.6],[82.6,50.6],[81.8,48.2],[81.8,49.1],[80.6,51.4],[77.2,49.8],[75.2,48.9],[73.2,47.6],[73.7,49.3],[74.1,50.5],[74.8,52.7],[75.8,54.7],[77.7,56.4]]]]}},{"type":"Feature","properties":{},"geometry":{"type":"MultiPolygon","coordinates":[[[[139,32.6],[135.6,32.8],[131.7,33.6],[128.4,32.9],[127,34.4],[132.8,34.8],[136.3,34],[139,32.6]]]]}},{"type":"Feature","properties":{},"geometry":{"type":"MultiPolygon","coordinates":[[[[91.1,58.8],[89.1,55.8],[86.5,55.1],[84.7,54.6],[87.2,57.2],[88.7,60.4],[91.1,58.8]]]]}},{"type":"Feature","properties":{},"geometry":{"type":"MultiPolygon","coordinates":[[[[17,59.7],[18.1,59.6],[18.7,59.8],[20.7,59.6],[22.5,59.6],[21.4,59.8],[20,60.1],[19.3,60.3],[19.6,60.1],[18.4,60.1],[18.5,60.6],[18.4,60.9],[18.2,61.2],[17.3,61.2],[15,63],[12.7,64.2],[16.5,67.1],[21.3,69.8],[25.2,70.3],[23.3,68.2],[22.3,67.4],[17.7,65.7],[14.3,64.6],[15.7,63.7],[17.5,62.1],[19.6,61.1],[22.7,60.1],[24.4,59.8],[28,59.2],[30.2,56.6],[32.4,55.4],[32.2,55],[32.5,54.7],[31.9,54.3],[31.8,54.1],[31.2,54.3],[30.2,54.1],[29.2,54.1],[28.5,53.6],[27.6,54],[26.6,54.6],[26.3,55.2],[25.3,55.9],[24.5,56.9],[22.5,57.2],[21,57.7],[20.2,58],[19.6,58.1],[19.1,58.1],[19.3,58.4],[18.2,58.6],[17.6,59.2],[17,59.7]]]]}},{"type":"Feature","properties":{},"geometry":{"type":"MultiPolygon","coordinates":[[[[18,61.7],[21.1,63.5],[23.4,65.2],[21.9,66.6],[22.8,67.8],[24.8,64.7],[24.4,64],[24.5,63.5],[23.8,62.5],[23,61.6],[20.9,60.8],[18,61.7]]]]}},{"type":"Feature","properties":{},"geometry":{"type":"MultiPolygon","coordinates":[[[[38.3,78.3],[45.1,76.8],[44.7,76.6],[45.5,74.8],[46.7,74.4],[46.1,73.6],[35.3,71.2],[27.3,71.2],[30.6,73.9],[34.7,75.9],[34.7,76.1],[37.3,77.3],[38.3,78.3]]]]}},{"type":"Feature","properties":{},"geometry":{"type":"MultiPolygon","coordinates":[[[[22.8,67.8],[23.9,68.9],[25.2,70.4],[27.9,70.1],[34.2,69.6],[39.2,69.8],[41.6,69.6],[40.5,68.9],[35.8,67.1],[30.6,63.5],[27.2,61.9],[26.5,61.5],[24.6,60.5],[22.7,60.1],[23,61.7],[23.9,62.9],[24.5,63.5],[24.6,64.1],[24.6,65.5],[22.8,67.8]]]]}},{"type":"Feature","properties":{},"geometry":{"type":"MultiPolygon","coordinates":[[[[22.2,72],[32.9,70.9],[42.5,70.2],[43.9,69.7],[44.4,69.3],[42.4,69.5],[39.3,69.8],[37.2,69.6],[31.2,69.7],[25.7,70.3],[23.1,71.3],[22.2,72]]]]}},{"type":"Feature","properties":{},"geometry":{"type":"MultiPolygon","coordinates":[[[[1.5,-55.7],[-0.6,-55.1],[-2.7,-55.6],[-7.6,-51.4],[-2.5,-50.6],[1.4,-51.4],[2.7,-53.1],[1.9,-54.9],[1.5,-55.7]]]]}},{"type":"Feature","properties":{},"geometry":{"type":"MultiPolygon","coordinates":[[[[-4.8,-55],[-8.9,-54.7],[-14.7,-54.7],[-19.1,-53.5],[-21.4,-52.9],[-23.9,-52.1],[-27.2,-51.2],[-25.9,-50.5],[-24.9,-50.1],[-24.1,-49.7],[-22.2,-49.2],[-20.6,-49.5],[-19.2,-50.2],[-17.8,-51.5],[-16.1,-53.5],[-12.9,-53.1],[-10,-52.4],[-4.8,-55]]]]}},{"type":"Feature","properties":{},"geometry":{"type":"MultiPolygon","coordinates":[[[[29.4,-37.7],[26.2,-42],[26.9,-38.7],[27.2,-37.6],[28.7,-37.4],[29.4,-37.7]]]]}},{"type":"Feature","properties":{},"geometry":{"type":"MultiPolygon","coordinates":[[[[26.3,-42.5],[29.4,-37.7],[30.3,-37.6],[30.7,-39.7],[31,-40.6],[26.7,-42.6],[26.3,-42.5]]]]}},{"type":"Feature","properties":{},"geometry":{"type":"MultiPolygon","coordinates":[[[[29.6,-36.2],[28.7,-37.4],[27.2,-37.6],[26.9,-38.7],[26.2,-42],[23.9,-43.5],[22.3,-42.1],[21.7,-40.6],[23.5,-36.1],[25.8,-34.8],[29.2,-36.3],[29.6,-36.2]]]]}},{"type":"Feature","properties":{},"geometry":{"type":"MultiPolygon","coordinates":[[[[23.5,-36.1],[19.8,-35.9],[17.2,-33.6],[13.8,-32.5],[8.9,-31.2],[6.2,-29.8],[4.5,-27.3],[5.9,-28],[10.9,-30.7],[15.6,-32],[21.3,-35.4],[23.5,-36.1]]]]}},{"type":"Feature","properties":{},"geometry":{"type":"MultiPolygon","coordinates":[[[[12.7,-17.8],[13.3,-13.6],[15.7,-12.3],[18.9,-13.9],[19.2,-16.3],[17.7,-17.7],[15.6,-18.7],[14.3,-19.8],[12.5,-19.3],[12.7,-17.8]]]]}},{"type":"Feature","properties":{},"geometry":{"type":"MultiPolygon","coordinates":[[[[13.1,-15.9],[12.4,-19.6],[11.9,-24],[10,-25.7],[9.6,-25.4],[9.4,-24.8],[9.4,-25.8],[9.3,-26],[7.5,-27.1],[5.8,-25.6],[7.8,-19.8],[8.6,-19.8],[9.4,-18.7],[9.9,-16.7],[10.1,-17],[10.5,-16.7],[11.1,-16],[10.9,-15.5],[11.4,-15.1],[11.8,-14.5],[12.3,-13.4],[13.2,-14],[13.1,-15.9]]]]}},{"type":"Feature","properties":{},"geometry":{"type":"MultiPolygon","coordinates":[[[[10,-10.8],[8.8,-11.8],[8,-12.6],[6.2,-14],[5.1,-14.4],[6.3,-13.1],[7.3,-12.4],[8.3,-11.7],[9.1,-11],[10.5,-10.2],[10,-10.8]]]]}},{"type":"Feature","properties":{},"geometry":{"type":"MultiPolygon","coordinates":[[[[18,-6.9],[15.4,-10.2],[12.7,-12.9],[12.1,-13],[12,-12.7],[11.5,-12.1],[11.3,-11.5],[10.6,-10.6],[9.9,-10.7],[9,-10.6],[9.1,-10],[8.1,-10.2],[7.5,-10.9],[7.4,-10.3],[7.1,-10.3],[7.1,-9.8],[6.8,-10],[6.6,-8.9],[7.6,-5],[9.4,-1.7],[13.5,-2.8],[16.8,-3.3],[17.2,-3.4],[18,-6.9]]]]}},{"type":"Feature","properties":{},"geometry":{"type":"MultiPolygon","coordinates":[[[[-4.3,-32.5],[-6.8,-34.2],[-6.9,-34.6],[-7.1,-34.8],[-9.4,-35.2],[-13.3,-37.7],[-16.6,-40.6],[-17.5,-38.5],[-17,-36],[-11.7,-33.4],[-9.2,-30.8],[-7.1,-29.4],[-5.8,-31],[-4.3,-32.5]]]]}},{"type":"Feature","properties":{},"geometry":{"type":"MultiPolygon","coordinates":[[[[-13.8,-20.6],[-17.1,-23.4],[-19.4,-19.2],[-22.1,-15.7],[-24.5,-14.3],[-25.7,-13.3],[-22.8,-12.8],[-25.3,-10.4],[-28.8,-9.6],[-29.2,-7.1],[-27.3,-7.1],[-25.1,-7],[-23.2,-7],[-23.2,-7.2],[-23.2,-7.4],[-22.7,-7.6],[-22.3,-8.1],[-21.5,-9.7],[-21.8,-10.2],[-21.4,-9.8],[-21.2,-9.9],[-20.9,-10.7],[-20.5,-10.9],[-19.4,-11.5],[-19.4,-11.4],[-18.6,-11.8],[-18.5,-11.7],[-17.5,-12.1],[-17.4,-12.1],[-16.3,-13.1],[-16.2,-13.4],[-16,-13.5],[-15.9,-13.7],[-15.6,-14],[-15.5,-14.4],[-15.4,-15.1],[-15.3,-16],[-15.3,-16.5],[-14.6,-17.1],[-14.7,-17.6],[-15.2,-17.8],[-15.9,-18.4],[-16.4,-18.5],[-17.4,-19.4],[-18.4,-19.6],[-16.8,-19.6],[-16.3,-19.5],[-16.3,-20.1],[-16.1,-20.5],[-15.6,-20.5],[-15.3,-20.7],[-14.9,-20.6],[-15.3,-21.1],[-15.2,-21.3],[-14.8,-20.8],[-14.1,-20.6],[-13.8,-20.6]]]]}},{"type":"Feature","properties":{},"geometry":{"type":"MultiPolygon","coordinates":[[[[-14.8,-19.1],[-14.1,-19.3],[-13.8,-19.8],[-14.2,-20.2],[-14.4,-20.3],[-14.6,-20.5],[-14.9,-20.4],[-15.1,-20.3],[-15.4,-20.5],[-16.2,-20.3],[-16,-19.7],[-16.1,-19.3],[-15.9,-19.3],[-15.9,-19.1],[-15.9,-18.9],[-15.5,-18.8],[-14.8,-19.1]]]]}},{"type":"Feature","properties":{},"geometry":{"type":"MultiPolygon","coordinates":[[[[-16.5,-19.1],[-17.5,-19.7],[-17.1,-19.3],[-16.7,-19],[-16.5,-19.1]]]]}},{"type":"Feature","properties":{},"geometry":{"type":"MultiPolygon","coordinates":[[[[-11.9,-20.4],[-11.9,-20.5],[-11.2,-21.8],[-10.4,-23.1],[-10.6,-23.2],[-10.4,-23.2],[-8.2,-23.1],[-7.6,-23.3],[-7.3,-23.3],[-6.9,-24.1],[-8.1,-26.2],[-14.5,-29.1],[-18.4,-30.8],[-23,-33.9],[-26.6,-36.2],[-34.7,-40.6],[-35.7,-38.1],[-36,-34.8],[-40.6,-35.6],[-41.6,-33],[-37.6,-29.4],[-34.8,-31.7],[-30,-34.9],[-28.8,-32.1],[-26.3,-30.8],[-22,-30.8],[-19.2,-29.9],[-18.1,-27.7],[-16.6,-25.6],[-14.6,-22.4],[-13.8,-20.6],[-13.3,-19.9],[-13.2,-19.9],[-12.9,-19.9],[-12.9,-20.1],[-12.7,-20.2],[-12.5,-20],[-12.4,-20.1],[-12.4,-20.3],[-12.1,-20.3],[-12,-20.4],[-11.9,-20.4]]]]}},{"type":"Feature","properties":{},"geometry":{"type":"MultiPolygon","coordinates":[[[[-4.3,-32.6],[-4.5,-32.8],[-6.2,-34.1],[-6.5,-33.9],[-6.6,-34.2],[-4.3,-32.5],[-4.3,-32.6]]]]}},{"type":"Feature","properties":{},"geometry":{"type":"MultiPolygon","coordinates":[[[[-20,-32.3],[-21.1,-33.4],[-21.4,-36.2],[-19.3,-38.4],[-17.8,-40.7],[-13.9,-38.7],[-10.5,-35.4],[-7.1,-34.9],[-7.2,-35.2],[-7.3,-35.9],[-8.2,-38],[-8.3,-38.6],[-9.6,-40.2],[-10.4,-40.8],[-11,-41.2],[-12.8,-42.4],[-13.4,-42.9],[-14.8,-42.6],[-15.9,-42.4],[-16.2,-42.3],[-16.8,-42.5],[-16.7,-42.6],[-17.1,-42.5],[-17.5,-42.7],[-18.8,-42.7],[-19.1,-42.7],[-20.8,-43.1],[-21.8,-43.5],[-21.9,-43.4],[-22.2,-43.4],[-22.5,-43.4],[-22.5,-43.9],[-23,-44.2],[-23.1,-44.8],[-23.2,-45.2],[-23.4,-45.6],[-23.9,-46.2],[-26.4,-45.1],[-32,-42.2],[-30.5,-38.5],[-24.4,-34.8],[-25.7,-36.7],[-27.4,-37.6],[-29.6,-39.2],[-32.1,-40.1],[-32.3,-41.7],[-29.4,-41],[-26.3,-40.2],[-23.5,-39.8],[-20.9,-39.8],[-21.4,-37.9],[-22.2,-36.1],[-23.5,-34.5],[-20.3,-32.1],[-20,-32.3]]]]}},{"type":"Feature","properties":{},"geometry":{"type":"MultiPolygon","coordinates":[[[[-37.8,-29],[-43,-34.4],[-43.6,-32],[-42.8,-29.9],[-43.2,-28.3],[-44.2,-27],[-46,-25],[-46.1,-24.4],[-46.4,-23.5],[-46.5,-23],[-46.3,-21.5],[-46.4,-20.5],[-46.7,-18.9],[-46.6,-18],[-46.6,-17.9],[-46.6,-17.1],[-47,-15.1],[-47.6,-13.9],[-47.4,-13.6],[-47.3,-13],[-46.1,-12],[-45.6,-11.9],[-45.1,-11.3],[-44.7,-10.9],[-43.2,-10.1],[-42.6,-10.6],[-43.9,-14.4],[-42.6,-17.2],[-42.6,-20.6],[-42.2,-22.5],[-40.3,-24.5],[-37.9,-27.3],[-37.8,-29]]]]}},{"type":"Feature","properties":{},"geometry":{"type":"MultiPolygon","coordinates":[[[[-49.8,-43.7],[-50.5,-46.4],[-50.3,-50.2],[-47.7,-49.5],[-45.7,-48.4],[-45.3,-52.4],[-45.3,-52.5],[-47.4,-51.7],[-54.8,-48.4],[-56.9,-46.9],[-56.3,-46.8],[-56,-46.5],[-55.2,-45.9],[-54.5,-45.4],[-53.5,-44.4],[-52.7,-43.5],[-52,-42.9],[-51.9,-42.4],[-50.7,-42.5],[-49.8,-43.7]]]]}},{"type":"Feature","properties":{},"geometry":{"type":"MultiPolygon","coordinates":[[[[-43,-34.4],[-43.2,-37.1],[-46.4,-42.3],[-45.7,-39.1],[-48.6,-41.8],[-50.3,-40.1],[-49.7,-39.8],[-49.4,-39.4],[-48.7,-38.5],[-47.9,-37.7],[-47.3,-37.1],[-46.8,-36.6],[-46.1,-35.8],[-45.1,-34.1],[-44.9,-33.7],[-44.3,-33.1],[-43,-34.4]]]]}},{"type":"Feature","properties":{},"geometry":{"type":"MultiPolygon","coordinates":[[[[-34.7,-40.6],[-29.2,-43.7],[-24.1,-46.2],[-24.2,-46.4],[-26.4,-47.3],[-29.7,-48.5],[-29.5,-48.4],[-28.8,-48.3],[-28.2,-48],[-27.3,-47.4],[-27.2,-47.3],[-27.7,-47.4],[-27.8,-46.9],[-28.2,-47.7],[-28.5,-47.7],[-29,-47.9],[-29.5,-48.1],[-30,-48.4],[-29.9,-48.5],[-30.3,-48.8],[-32.8,-49.9],[-33.9,-50.3],[-33.8,-49.3],[-32.2,-47.2],[-33.2,-46.2],[-33.9,-45.7],[-35.2,-44.9],[-36.8,-43.9],[-40.9,-43],[-45,-46.7],[-45.9,-46.6],[-39.7,-40.7],[-36,-39.8],[-34.7,-40.6]]]]}},{"type":"Feature","properties":{},"geometry":{"type":"MultiPolygon","coordinates":[[[[-36,-44.9],[-34.4,-47.8],[-35.4,-50.1],[-36.7,-49.6],[-36.5,-49.6],[-38,-48.5],[-37.6,-47.4],[-38.3,-47.8],[-38.5,-48],[-38.4,-48.3],[-38.8,-48.5],[-37.9,-49.9],[-38.3,-50.8],[-38.2,-51],[-44,-47.1],[-39.4,-42.5],[-36,-44.9]]]]}},{"type":"Feature","properties":{},"geometry":{"type":"MultiPolygon","coordinates":[[[[-20.4,25.1],[-21.6,24],[-23.1,22.8],[-23.5,22.1],[-23.7,21.7],[-24.2,21.7],[-25.2,21.8],[-25.3,23],[-26.4,23.7],[-27.8,24.3],[-28.2,24.6],[-27.7,25.8],[-26.3,26.5],[-25.1,27],[-24.3,27.1],[-23,27.2],[-22.3,27.1],[-20.8,27],[-20.6,26.5],[-20.5,25.4],[-20.4,25.1]]]]}},{"type":"Feature","properties":{},"geometry":{"type":"MultiPolygon","coordinates":[[[[-10.8,21.4],[-13.4,22],[-14.4,22.8],[-15.3,23.7],[-12.8,23.3],[-12.2,22.6],[-12.2,22.3],[-10.8,21.4]]]]}},{"type":"Feature","properties":{},"geometry":{"type":"MultiPolygon","coordinates":[[[[1.6,35.7],[2.7,35.5],[2.8,35.5],[3.1,35.4],[3.6,35.5],[3.3,35.6],[4.9,36.6],[6.3,36.7],[7.2,36.8],[7.4,36.7],[7,36.7],[6.9,36.6],[6.4,36.5],[6.2,36.4],[5.9,36.5],[6,36.4],[6.1,36.2],[6,36.2],[5.4,36.1],[5.8,36],[5.6,35.8],[5.4,35.5],[5.2,35.2],[4.5,34.9],[3.9,35.5],[3.6,35],[4.2,34.9],[4.2,34.5],[4.3,34.2],[3.2,34],[3.2,34.5],[3.1,34.4],[2.7,34.6],[2.5,34.9],[2.1,34.9],[2.1,35],[1.8,35],[1.6,35.2],[1.7,35.4],[1.6,35.7]]]]}},{"type":"Feature","properties":{},"geometry":{"type":"MultiPolygon","coordinates":[[[[0.2,35.9],[1.1,35.5],[1.3,35.1],[0.7,35.5],[0.8,35.2],[0.5,35.1],[0.9,35.1],[1,34.8],[0.8,34.6],[1.2,34.4],[1.3,34.1],[1.8,34.1],[2.1,34.1],[2.9,33.8],[3.2,33.4],[2.8,33],[2.8,32.7],[2.1,32.7],[1.8,32.9],[1.6,33],[1.2,33.3],[0.8,33.3],[0.6,33.5],[0.3,33.6],[0.3,34],[-0.2,34],[-0.3,34.2],[-0.4,34.3],[-0.3,34.6],[0.1,35],[0.3,35.9],[0.2,35.9]]]]}},{"type":"Feature","properties":{},"geometry":{"type":"MultiPolygon","coordinates":[[[[-1.8,36.3],[-1,36.1],[-1.2,35.9],[-1.4,35.8],[-1.5,35.8],[-1.6,35.7],[-2.1,35.8],[-2.3,35.9],[-2.1,36.3],[-1.8,36.3]]]]}},{"type":"Feature","properties":{},"geometry":{"type":"MultiPolygon","coordinates":[[[[-0.4,35.4],[-1.3,34.8],[-1.4,35],[-1.4,35.3],[-0.9,35.5],[-0.6,35.5],[-0.4,35.4]]]]}},{"type":"Feature","properties":{},"geometry":{"type":"MultiPolygon","coordinates":[[[[-27.8,30],[-27.8,31.2],[-27.4,31.8],[-25.7,32.1],[-25.2,32.1],[-23.5,32.1],[-26.4,31.2],[-27.8,30]]]]}},{"type":"Feature","properties":{},"geometry":{"type":"MultiPolygon","coordinates":[[[[-23.7,18.7],[-25.7,15.7],[-27.3,14],[-29.1,13.6],[-31,14.6],[-33.2,15.4],[-34.6,15.9],[-37.1,16.6],[-37.4,18.4],[-34.9,18.4],[-33.3,18.5],[-31,18.3],[-30.9,18.8],[-31,19.4],[-30.5,20],[-29.1,20.5],[-28.7,21],[-27.3,20.8],[-24.8,20.9],[-23.4,21.4],[-23.3,21.1],[-23.4,20],[-23.7,18.7]]]]}},{"type":"Feature","properties":{},"geometry":{"type":"MultiPolygon","coordinates":[[[[-5.5,8.5],[-5.9,8.8],[-6.5,8.4],[-6.7,8.3],[-7.5,7.9],[-7.8,7.4],[-8.3,6.9],[-8.5,6.7],[-8.6,6.7],[-8.8,6.5],[-10.5,6.7],[-9.6,6.2],[-10.5,4.9],[-11.5,4],[-14.2,2.2],[-17.4,0.1],[-19.9,-1.4],[-21.8,-1.5],[-23.1,0.5],[-25.2,3.5],[-26.9,2.8],[-28.4,0.6],[-29.2,0.2],[-29.7,1.9],[-30.5,2.6],[-31.3,3.2],[-32.3,3.4],[-32.7,3.4],[-33,3.6],[-33.1,3.4],[-33.5,2.9],[-34.1,2.8],[-34.5,2.5],[-34.4,3.6],[-34.5,5.3],[-34.9,6.2],[-32.4,5.9],[-31.6,5.3],[-29.2,6],[-27.5,5.4],[-24.9,4.5],[-22.1,4.6],[-19.8,5.7],[-16,6.2],[-12.9,7.3],[-12.1,7.1],[-11.3,8.9],[-11.1,8.4],[-11,8.2],[-10.5,7.7],[-10.3,7.9],[-10.2,8.1],[-10.2,8.6],[-10.4,8.8],[-9.7,9],[-9.7,8.8],[-9.5,9.2],[-9,9.4],[-8.3,9.3],[-8.2,9.3],[-8,9.4],[-7.4,9.8],[-6.7,9.7],[-6.5,9.5],[-6.1,9.1],[-6,9.2],[-5.4,9],[-5.5,8.5]]]]}},{"type":"Feature","properties":{},"geometry":{"type":"MultiPolygon","coordinates":[[[[-13.8,9.7],[-14,8.2],[-15.3,6.5],[-18.2,5.8],[-21.9,4.7],[-23.7,4.4],[-26.3,5.4],[-26.7,7.2],[-24.9,8.2],[-23.2,9],[-22.5,9.3],[-21.2,9.4],[-19.4,9.8],[-15.7,10.1],[-15.3,10.1],[-15.9,9.3],[-16.6,7.8],[-16,7.2],[-15.2,8.3],[-15,8.8],[-14.4,9.6],[-14.1,9.6],[-13.9,9.6],[-13.8,9.7]]]]}},{"type":"Feature","properties":{},"geometry":{"type":"MultiPolygon","coordinates":[[[[-25.1,8.1],[-29.2,6],[-31.6,5.3],[-32.4,5.9],[-34.9,6.2],[-35.2,6.9],[-36.5,8],[-37,8.9],[-37.2,10.1],[-36.4,10.2],[-34.6,10],[-32.8,9.8],[-32.4,9],[-28,8.4],[-25.6,8.5],[-24.9,8.3],[-25.1,8.1]]]]}},{"type":"Feature","properties":{},"geometry":{"type":"MultiPolygon","coordinates":[[[[2.5,26.5],[2.9,25.8],[2.6,25.9],[2.3,25.9],[2.5,25.7],[2.3,25.5],[2.5,25.4],[2.6,25.3],[2.2,24.9],[-0.3,25],[-0.5,25.1],[-0.3,25.5],[-0.6,25.5],[-0.5,25.5],[-0.7,25.4],[-0.8,25.3],[-0.7,25.5],[-0.7,25.7],[-0.9,25.8],[-0.9,25.6],[-1.1,25.5],[-1.4,25.7],[-1.8,25.8],[-2,25.8],[-2.3,25.9],[-2.3,26.1],[-2.4,26.4],[-1.8,26.7],[-1.7,27],[-1,26.4],[-0.6,26.4],[0,26.5],[1.1,27.1],[1.3,27.7],[2.5,26.5]]]]}},{"type":"Feature","properties":{},"geometry":{"type":"MultiPolygon","coordinates":[[[[0.4,28.5],[-0.6,28.5],[0.1,28.8],[0.4,28.5]]]]}},{"type":"Feature","properties":{},"geometry":{"type":"MultiPolygon","coordinates":[[[[4.4,25.1],[4.3,24.8],[4.3,24.7],[4.2,24.5],[4.2,24.4],[4,24.2],[4,24.4],[3.9,24.6],[3.8,24.6],[3.6,24.7],[3.6,24.9],[3.7,25.1],[3.5,25.1],[3.5,25.4],[4.4,25.1]]]]}},{"type":"Feature","properties":{},"geometry":{"type":"MultiPolygon","coordinates":[[[[4.7,25],[4.6,24.8],[4.6,25],[4.7,25]]]]}},{"type":"Feature","properties":{},"geometry":{"type":"MultiPolygon","coordinates":[[[[2.6,22.3],[2.6,22.5],[2.4,22.5],[2.4,22.8],[2.5,25.2],[2.5,24.9],[2.6,24.8],[2.8,24.8],[2.9,24.6],[2.7,24.4],[2.8,24.5],[2.9,24.4],[3,24.5],[3.1,24.4],[3.1,24.2],[3.2,24.1],[2.9,24],[3,23.7],[3.1,23.6],[3,23.4],[3.2,23],[3,22.9],[2.9,23.5],[2.8,23.1],[2.9,22.9],[2.9,22.7],[2.9,22.5],[2.6,22.3]]]]}},{"type":"Feature","properties":{},"geometry":{"type":"MultiPolygon","coordinates":[[[[3.2,24.4],[3.2,24.2],[3.1,24.2],[3.2,24.4]]]]}},{"type":"Feature","properties":{},"geometry":{"type":"MultiPolygon","coordinates":[[[[24.5,20.8],[24.7,20.4],[24.9,20],[25,19.8],[25.4,19.9],[25.3,19.6],[25.3,19.2],[25,18.9],[25.2,18.7],[25.4,18.5],[24.8,18.3],[24.3,18.6],[24.1,19.4],[24.1,20],[24.2,20.6],[24.5,20.9],[24.5,20.8]]]]}},{"type":"Feature","properties":{},"geometry":{"type":"MultiPolygon","coordinates":[[[[27.5,20.2],[27.2,19.7],[26.9,19.9],[27.5,20.2]]]]}},{"type":"Feature","properties":{},"geometry":{"type":"MultiPolygon","coordinates":[[[[26.2,20],[26.4,20],[26.7,19.7],[26.5,19.4],[26.8,19],[26.8,18.7],[26.4,18.9],[26.4,19.1],[25.9,19.2],[25.7,19.3],[25.9,19.6],[26,19.7],[26.1,19.5],[26.3,19.5],[26.1,19.8],[26.2,20]]]]}},{"type":"Feature","properties":{},"geometry":{"type":"MultiPolygon","coordinates":[[[[25.8,19],[25.6,18.5],[25.2,18.7],[25.4,18.9],[25.6,18.9],[25.7,18.9],[25.8,19]]]]}},{"type":"Feature","properties":{},"geometry":{"type":"MultiPolygon","coordinates":[[[[26.6,18.5],[26.3,18.5],[26.6,18.7],[26.6,18.5]]]]}},{"type":"Feature","properties":{},"geometry":{"type":"MultiPolygon","coordinates":[[[[27.6,19.1],[28,19],[27.8,18.9],[27.7,18.8],[27.6,19],[27.7,19.1],[27.5,19],[27.6,19.1]]]]}},{"type":"Feature","properties":{},"geometry":{"type":"MultiPolygon","coordinates":[[[[-3.3,-57],[-6.4,-56.8],[-8.2,-56.6],[-14.1,-56.1],[-18,-54.9],[-20.7,-53.5],[-23.8,-52.9],[-25.6,-52.1],[-26.4,-53.3],[-27.4,-55],[-28.3,-55.5],[-28.3,-52.5],[-27.7,-51.5],[-26.2,-51.3],[-23.3,-52.4],[-20.9,-53],[-18.3,-53.8],[-13.6,-54.8],[-7.3,-54.6],[-4.5,-55.2],[-3.3,-57]]]]}},{"type":"Feature","properties":{},"geometry":{"type":"MultiPolygon","coordinates":[[[[8.7,-59.6],[3.5,-60.3],[3.1,-60.7],[2.4,-60.5],[1.9,-59.8],[0.5,-59.1],[-1.3,-57.7],[-1.9,-57.4],[-4.2,-55.5],[-2.3,-55.7],[0.2,-56.7],[4.2,-57.2],[9.5,-58.1],[8.7,-59.3],[8.3,-59.8],[8.7,-59.6]]]]}},{"type":"Feature","properties":{},"geometry":{"type":"MultiPolygon","coordinates":[[[[33.7,-20.5],[34.1,-21.9],[34,-22.3],[34,-23],[34.7,-26.2],[34.3,-26.5],[34.8,-27.9],[34.9,-28.3],[32.9,-28.8],[32.9,-27.3],[31.9,-25.3],[33.1,-20.2],[33.7,-20.5]]]]}},{"type":"Feature","properties":{},"geometry":{"type":"MultiPolygon","coordinates":[[[[37.7,-26.5],[38.2,-28.8],[38.1,-29.6],[36,-30.2],[35.1,-30.3],[35.3,-30.2],[35.6,-29.7],[35.6,-29.4],[35.2,-28],[35.2,-27.6],[36.1,-27],[35.8,-26.1],[37.3,-26.4],[37.7,-26.5]]]]}},{"type":"Feature","properties":{},"geometry":{"type":"MultiPolygon","coordinates":[[[[34.7,-12.9],[34.5,-12.9],[34.2,-12.4],[34.7,-12.9]]]]}},{"type":"Feature","properties":{},"geometry":{"type":"MultiPolygon","coordinates":[[[[34,-19.1],[34.1,-18.8],[34.3,-18.3],[34,-19],[34,-19.1]]]]}},{"type":"Feature","properties":{},"geometry":{"type":"MultiPolygon","coordinates":[[[[35.4,-18.7],[34.8,-18.6],[34.9,-18.5],[35.2,-18.7],[35.4,-18.7]]]]}},{"type":"Feature","properties":{},"geometry":{"type":"MultiPolygon","coordinates":[[[[34,-19.2],[33.9,-19.6],[33.7,-20.5],[31,-19.2],[27.8,-18],[23.9,-15.6],[22,-12.7],[18.3,-11],[14.3,-11.8],[17,-8.5],[18.8,-7.4],[19.1,-7.7],[19.2,-8.1],[20.5,-9.6],[21.4,-10.9],[21.9,-12.4],[23.7,-14.3],[24.7,-13.1],[26.2,-13],[27.5,-13.8],[27.4,-14.3],[28.6,-15.6],[30.2,-16.5],[30.6,-17],[32.4,-17.5],[32.8,-17.5],[32.9,-17.6],[33.3,-17.6],[33.7,-17.8],[33.9,-18.2],[34.1,-18.3],[34.2,-18.2],[34.1,-18.7],[34,-18.9],[34,-19.2]]]]}},{"type":"Feature","properties":{},"geometry":{"type":"MultiPolygon","coordinates":[[[[37.7,-14.7],[36.6,-15.3],[36,-15.2],[35.7,-14.7],[36.8,-14.8],[37.7,-14.7]]]]}},{"type":"Feature","properties":{},"geometry":{"type":"MultiPolygon","coordinates":[[[[28.4,-7.7],[28.2,-8],[28.1,-7.8],[28.4,-7.7]]]]}},{"type":"Feature","properties":{},"geometry":{"type":"MultiPolygon","coordinates":[[[[31.5,-27],[30,-27.6],[29.2,-27.1],[28.4,-27.6],[27,-27.8],[29.3,-26.3],[32.5,-21.7],[32.6,-23.1],[31.5,-27]]]]}},{"type":"Feature","properties":{},"geometry":{"type":"MultiPolygon","coordinates":[[[[37.6,-37.4],[38.1,-37.8],[38.5,-38.7],[39.1,-39.5],[38.7,-39.7],[37.8,-39.8],[38.6,-40],[36.6,-41.5],[35.9,-41.5],[34,-41.8],[34.1,-40.9],[34.6,-40.1],[34.7,-39.3],[34.7,-38.8],[35.3,-37.9],[35.7,-37],[37.6,-37.4]]]]}},{"type":"Feature","properties":{},"geometry":{"type":"MultiPolygon","coordinates":[[[[37.6,-37.4],[35.8,-35.8],[36.2,-35.6],[36.4,-36],[36.6,-36.2],[37.6,-37.4]]]]}},{"type":"Feature","properties":{},"geometry":{"type":"MultiPolygon","coordinates":[[[[36.4,-35.3],[36.5,-35.3],[36.1,-35.2],[36.3,-35.1],[36.4,-35.3]]]]}},{"type":"Feature","properties":{},"geometry":{"type":"MultiPolygon","coordinates":[[[[6.6,-8.9],[4.6,-10.7],[3.4,-12.2],[0.9,-13.6],[-0.2,-15.2],[-0.8,-14.1],[-3,-13.7],[-3.7,-13.6],[-5.6,-14.3],[-7.3,-13.1],[-5.8,-12.3],[-5.2,-10.4],[-5.8,-6.7],[-8.2,-7.1],[-7.8,-5.3],[-7.5,-3],[-4,-3],[0.4,-5.1],[3.7,-5.8],[5,-5.7],[5,-4.4],[1.4,-2],[0.1,0],[2.8,-1],[5,-2.3],[7.9,-2.9],[6.7,-7.7],[6.6,-8.9]]]]}},{"type":"Feature","properties":{},"geometry":{"type":"MultiPolygon","coordinates":[[[[-0.4,-15.7],[0.2,-17.1],[-0.5,-19.1],[-2.5,-20.2],[-6.2,-22.4],[-6.4,-22.4],[-5.9,-22],[-5.8,-21.7],[-5.4,-21.5],[-5.5,-21.3],[-5.3,-21.2],[-5.2,-21],[-5.1,-20.9],[-5.4,-21.1],[-5.6,-21.3],[-5.7,-21.1],[-5.6,-20.9],[-5.8,-20.6],[-5.7,-20.2],[-5.9,-20.2],[-5.7,-19.7],[-5.9,-19.8],[-6,-19.7],[-6,-19.9],[-5.9,-20.5],[-6,-20.7],[-6,-20.8],[-5.9,-21],[-5.8,-21.3],[-6,-21.3],[-5.9,-21.6],[-6,-21.5],[-6.1,-21.9],[-6.3,-22],[-6.3,-22.1],[-6.6,-22.2],[-6.7,-21.8],[-6.9,-21.7],[-6.8,-22.4],[-7.1,-22.6],[-9.5,-22.2],[-10.5,-20.6],[-10.7,-20.4],[-12.5,-19.1],[-13.9,-18.5],[-13.5,-17.9],[-10.9,-16.4],[-10.8,-13.2],[-13.2,-11.1],[-8.6,-7.4],[-6.6,-6.3],[-4.6,-9.4],[-5.9,-11.9],[-7.2,-12.9],[-6.3,-14],[-4,-13.6],[-3.2,-13.7],[-1.3,-13.8],[-0.4,-15.7]]]]}},{"type":"Feature","properties":{},"geometry":{"type":"MultiPolygon","coordinates":[[[[-37.1,-50.8],[-38.6,-51.7],[-42,-52.2],[-44.7,-49.3],[-41,-48.5],[-37.1,-50.8]]]]}},{"type":"Feature","properties":{},"geometry":{"type":"MultiPolygon","coordinates":[[[[-28.8,-9.6],[-27.9,-12.8],[-26,-15.6],[-26.6,-18.4],[-24.6,-22.7],[-21.4,-25.7],[-22.4,-27.9],[-24.2,-27.2],[-26.8,-25.3],[-30.1,-22.4],[-27.8,-22.9],[-28.2,-22],[-28.9,-21.4],[-30.6,-21.2],[-32.7,-15.1],[-33,-11.7],[-33,-10.1],[-31.9,-9.1],[-30.6,-7.8],[-29,-9.1],[-28.8,-9.6]]]]}},{"type":"Feature","properties":{},"geometry":{"type":"MultiPolygon","coordinates":[[[[-0.9,-30],[-4.9,-29.8],[-8.3,-28.6],[-6,-28],[-2.1,-28.7],[-0.8,-28.7],[-0.8,-29],[-0.8,-29.4],[-0.9,-30]]]]}},{"type":"Feature","properties":{},"geometry":{"type":"MultiPolygon","coordinates":[[[[-38.5,13.4],[-40.3,12.4],[-40.9,14.1],[-40.9,14.8],[-39.8,14.6],[-38.6,13.7],[-38.5,13.4]]]]}},{"type":"Feature","properties":{},"geometry":{"type":"MultiPolygon","coordinates":[[[[-37.4,10.4],[-38.7,10.5],[-39,9.7],[-39.8,10.2],[-40.1,11.5],[-38.4,13.3],[-38.3,12.4],[-37.8,11.1],[-37.4,10.4]]]]}},{"type":"Feature","properties":{},"geometry":{"type":"MultiPolygon","coordinates":[[[[-24.3,27.7],[-25.9,28.3],[-24,31.3],[-21.6,32.3],[-19.3,32.1],[-18.3,32],[-18.7,31.8],[-20.8,31.4],[-22.8,30.2],[-24.2,28],[-24.3,27.7]]]]}},{"type":"Feature","properties":{},"geometry":{"type":"MultiPolygon","coordinates":[[[[-14.7,10.8],[-15.7,10.1],[-18.6,9.8],[-20.5,9.3],[-20.2,9.9],[-19.3,10.7],[-19.1,11.3],[-17.8,12.3],[-17.2,12.2],[-15.9,11.7],[-14.9,10.9],[-14.7,10.8]]]]}},{"type":"Feature","properties":{},"geometry":{"type":"MultiPolygon","coordinates":[[[[-24.2,8.8],[-27.4,8.5],[-30.5,8.6],[-32.9,9.4],[-33.4,10],[-35.3,10],[-37.4,10.4],[-37.8,11.1],[-38.3,12.4],[-38.4,13.3],[-36.4,16.4],[-34.4,15.8],[-33.2,15.9],[-30.4,14.3],[-28.3,13.7],[-27.4,13.7],[-25.6,13.6],[-23.9,12.6],[-23.4,11.9],[-22.9,11.3],[-21.1,11.4],[-20,10.6],[-22.5,9.8],[-23.5,9.4],[-24.2,8.8]]]]}},{"type":"Feature","properties":{},"geometry":{"type":"MultiPolygon","coordinates":[[[[-37.1,-39],[-41.2,-35.9],[-36.6,-34.5],[-34.4,-37.3],[-37.1,-39]]]]}},{"type":"Feature","properties":{},"geometry":{"type":"MultiPolygon","coordinates":[[[[-37.1,-39],[-42.6,-43.7],[-46.7,-46.3],[-43.4,-42.2],[-39.9,-37],[-37.1,-39]]]]}},{"type":"Feature","properties":{},"geometry":{"type":"MultiPolygon","coordinates":[[[[4.3,26.6],[3,26.9],[1.4,28.2],[1.3,28.5],[1.1,29],[1.1,29.2],[1,29.5],[1,29.6],[0.7,29.7],[0.7,29.9],[0.7,30.3],[0.9,30.5],[0.6,30.6],[0.6,30.8],[0.5,30.8],[0.5,31.4],[0.5,31.6],[0.5,31.7],[0.4,31.8],[0.1,31.7],[-0.2,31.2],[-0.3,31.5],[-0.8,31.7],[-1,31.7],[-1.2,31.8],[-1.8,32.4],[-2.1,32.5],[-2,33],[-2.3,33],[-2.4,32.9],[-2.8,33.2],[-2.7,33.9],[-2,33.5],[-1.2,33.4],[-1.2,33.2],[-0.9,33.4],[-0.9,33.8],[-0.9,34.2],[-0.3,34],[-0.3,34.1],[-0.2,34.3],[0,34.8],[0.1,35],[0.2,35],[0.5,35.1],[0.8,34.9],[1.2,35.1],[1.5,34.2],[1.1,33.7],[0.7,33.4],[0.9,33.3],[1.2,33.2],[1.2,33.3],[1.5,33.2],[1.5,33.1],[1.5,32.8],[1.5,33.2],[1.9,33],[1.7,33.3],[2.4,33.2],[2.8,32.9],[2.3,32.6],[2.4,32.5],[2.3,32.2],[2.3,31.9],[2.1,31.7],[2.8,32],[2.9,32],[2.6,31.8],[2.7,31.6],[2.8,31.6],[3.2,31.8],[3.1,31.2],[2.7,30.8],[3.4,31],[3.4,30.7],[2.8,30.5],[3.2,30.6],[3.8,30.6],[3.5,30.4],[3.9,30.6],[4,30],[3.4,29.9],[3.5,30],[3.4,29.7],[3.7,29.7],[4,29.9],[4.3,29.3],[3.4,29.4],[3.9,29.1],[3.9,28.8],[3.5,29.1],[3.3,29],[3.6,28.9],[3.6,28.7],[3.4,28.7],[3.1,28.8],[3.3,28.5],[3.4,28.1],[3.6,28.2],[3.8,28.1],[3.4,28],[3.7,28],[3.7,27.9],[3.7,27.6],[4,27.6],[3.8,27.3],[4,27.5],[4.3,27.4],[4.5,27.3],[4.4,27.2],[4.6,27.1],[4.6,26.9],[4.7,26.7],[4.3,26.6]]]]}},{"type":"Feature","properties":{},"geometry":{"type":"MultiPolygon","coordinates":[[[[0.1,35.2],[-1,34.2],[-1.1,33.4],[-1.2,33.4],[-1.9,33.5],[-2.5,34.3],[-2,34.9],[-1.5,35.3],[-1.3,35.4],[-0.7,35.6],[0.6,35.5],[0.1,35.2]]]]}},{"type":"Feature","properties":{},"geometry":{"type":"MultiPolygon","coordinates":[[[[2.1,34.6],[2.7,33.8],[2.7,33.4],[1.6,33.7],[1.7,34.2],[1.7,34.6],[2.1,34.6]]]]}},{"type":"Feature","properties":{},"geometry":{"type":"MultiPolygon","coordinates":[[[[0.4,28.5],[0,28.8],[0.6,29],[0.4,28.5]]]]}},{"type":"Feature","properties":{},"geometry":{"type":"MultiPolygon","coordinates":[[[[0.9,28.9],[1.1,28.5],[0.7,28.8],[0.9,28.9]]]]}},{"type":"Feature","properties":{},"geometry":{"type":"MultiPolygon","coordinates":[[[[-0.4,30.3],[-0.5,30.4],[0,30.5],[-0.4,30.3]]]]}},{"type":"Feature","properties":{},"geometry":{"type":"MultiPolygon","coordinates":[[[[-0.1,31.2],[-0.5,31],[-0.5,31.1],[-0.6,31.3],[-0.1,31.2]]]]}},{"type":"Feature","properties":{},"geometry":{"type":"MultiPolygon","coordinates":[[[[8.1,-2.3],[3.9,-2.2],[1.8,-0.7],[2.9,0.7],[7.3,-0.1],[8.1,-2.3]]]]}},{"type":"Feature","properties":{},"geometry":{"type":"MultiPolygon","coordinates":[[[[-1.2,30.8],[-2.7,31.1],[-2.4,31.2],[-2.6,31.4],[-2.6,31.5],[-2.4,31.8],[-2.3,32],[-1.7,31.6],[-1.4,31.4],[-1.4,31.1],[-1.2,30.9],[-1.2,30.8]]]]}},{"type":"Feature","properties":{},"geometry":{"type":"MultiPolygon","coordinates":[[[[2.4,22.7],[2.3,22.8],[2.2,22.7],[2.1,23.2],[2,23],[1.8,23.2],[1.8,23.7],[1.5,23.7],[1.5,23.8],[2.4,22.7]]]]}},{"type":"Feature","properties":{},"geometry":{"type":"MultiPolygon","coordinates":[[[[1.8,21.7],[1.9,22.4],[1.9,22.1],[2.1,22],[1.9,21.8],[1.8,21.7]]]]}},{"type":"Feature","properties":{},"geometry":{"type":"MultiPolygon","coordinates":[[[[23.7,-53.6],[23.5,-53.8],[23.2,-53.9],[22.1,-53.5],[22,-52.1],[22.8,-47.6],[25,-46.1],[25.1,-45.4],[28,-43.9],[29.6,-44.7],[30.6,-45.3],[30.8,-44.3],[31.1,-43.9],[31.1,-43.3],[29.9,-43.3],[29.2,-43.6],[30.3,-41.8],[32.9,-41.5],[34.6,-41.2],[35.3,-41.2],[33.5,-43.6],[29.5,-48.5],[23.7,-53.6]]]]}},{"type":"Feature","properties":{},"geometry":{"type":"MultiPolygon","coordinates":[[[[31.2,-42.2],[29.5,-43.6],[27.9,-43.6],[26.5,-42.6],[30,-41.5],[31,-40.1],[30.3,-38.5],[29.6,-37.8],[31.2,-36.1],[31.2,-42.2]]]]}},{"type":"Feature","properties":{},"geometry":{"type":"MultiPolygon","coordinates":[[[[41.5,-30.9],[41.4,-33.2],[41.9,-34.7],[40.2,-36.1],[39.6,-37.3],[39.2,-38.4],[39.2,-36.7],[39,-36.3],[39.3,-36.3],[39.6,-34.9],[39.3,-34.6],[38.5,-32.6],[38.5,-32.2],[38.4,-31.6],[37.9,-30.9],[38.4,-30.2],[40.9,-29.8],[41.5,-30.9]]]]}},{"type":"Feature","properties":{},"geometry":{"type":"MultiPolygon","coordinates":[[[[38.6,-34.5],[39,-34.9],[38.8,-34.8],[38.6,-34.5]]]]}},{"type":"Feature","properties":{},"geometry":{"type":"MultiPolygon","coordinates":[[[[11.9,-47.9],[11.6,-48.4],[10.7,-48.6],[11.9,-47.9]]]]}},{"type":"Feature","properties":{},"geometry":{"type":"MultiPolygon","coordinates":[[[[14,-54.7],[11.8,-53.3],[10.7,-50.3],[11.4,-49.4],[12,-48.9],[13.5,-48.5],[15.4,-48.2],[15.4,-48.4],[12.2,-49.9],[11.8,-52.2],[12.4,-54.1],[13.9,-54.7],[14,-54.7]]]]}},{"type":"Feature","properties":{},"geometry":{"type":"MultiPolygon","coordinates":[[[[41.3,-29.7],[40.5,-29.3],[38.9,-29.4],[39.2,-31.6],[39,-32.9],[38.6,-31.7],[38.4,-29.5],[38.4,-28.4],[38.9,-27.4],[40.5,-27.7],[41,-28.3],[41.3,-29.1],[41.3,-29.7]]]]}},{"type":"Feature","properties":{},"geometry":{"type":"MultiPolygon","coordinates":[[[[43.9,-41.4],[42.3,-45.3],[41.7,-47.9],[33.6,-50.3],[30.1,-51.5],[28.8,-52],[28.5,-52],[28.1,-51.9],[28,-52.1],[27.8,-52.1],[27.3,-52.2],[26.5,-52.5],[25.8,-52.7],[24.9,-53.2],[24.2,-53.6],[23.7,-53.6],[28.2,-49.8],[32.6,-44.5],[35.7,-41.3],[37.6,-41.2],[38.7,-41.2],[40.8,-41.2],[43.3,-41.3],[43.9,-41.4]]]]}},{"type":"Feature","properties":{},"geometry":{"type":"MultiPolygon","coordinates":[[[[38.2,-41.6],[36.5,-41.5],[35.3,-41.2],[37.8,-41.2],[38.2,-41.6]]]]}},{"type":"Feature","properties":{},"geometry":{"type":"MultiPolygon","coordinates":[[[[4.7,25],[3.6,25.4],[3.8,25.4],[3.8,25.6],[3.7,25.9],[3.2,25.9],[3.2,26.1],[3.2,26.3],[2.9,26.4],[2.9,26.2],[2.8,26.3],[2.6,26.5],[4.3,26.6],[4.5,26.6],[4.8,26.5],[5,26.5],[4.5,26.1],[4.8,26.2],[5,26.1],[5.2,26.1],[5.4,26.1],[5.4,25.9],[5.3,25.8],[5.2,25.5],[5.1,25.5],[5,25.6],[4.8,25.4],[4.7,25.3],[4.8,25.1],[4.7,25]]]]}},{"type":"Feature","properties":{},"geometry":{"type":"MultiPolygon","coordinates":[[[[146.6,-50.3],[146.7,-50.2],[146.6,-50.1],[146.7,-50.2],[146.6,-50.3]]]]}},{"type":"Feature","properties":{},"geometry":{"type":"MultiPolygon","coordinates":[[[[148,-51.3],[147.8,-51.2],[147.9,-51.2],[148,-51.3]]]]}},{"type":"Feature","properties":{},"geometry":{"type":"MultiPolygon","coordinates":[[[[165.6,-65.4],[163.1,-65.2],[163,-65.2],[163,-65.1],[162.9,-65.1],[162.8,-65.1],[162.7,-65.1],[162.6,-65.1],[162.4,-65],[162.3,-65],[162.2,-65],[162.1,-65],[162,-64.9],[161.8,-64.9],[161.7,-64.8],[161.6,-64.8],[161.5,-64.8],[161.4,-64.8],[161.3,-64.7],[161.2,-64.6],[161.1,-64.6],[161,-64.5],[160.9,-64.5],[160.8,-64.4],[160.7,-64.4],[160.6,-64.4],[160.5,-64.3],[160.4,-64.2],[160.3,-64.2],[160.3,-64.1],[160.2,-64.1],[160.1,-64],[160,-64],[160,-63.9],[159.9,-63.9],[159.9,-63.8],[159.8,-63.8],[159.8,-63.7],[159.7,-63.7],[159.6,-63.7],[159.6,-63.6],[159.5,-63.6],[159.5,-63.5],[159.4,-63.5],[159.4,-63.4],[159.3,-63.4],[159.3,-63.3],[159.2,-63.2],[159.1,-63.1],[159,-63],[158.9,-62.9],[158.8,-62.8],[158.8,-62.7],[158.7,-62.7],[158.7,-62.6],[158.6,-62.5],[158.5,-62.5],[158.4,-62.4],[158.4,-62.3],[158.3,-62.3],[158.3,-62.2],[158.2,-62.2],[158.2,-62.1],[158.1,-62.1],[158.1,-62],[158,-61.9],[158,-61.8],[157.9,-61.8],[157.9,-61.7],[157.9,-61.6],[157.8,-61.6],[157.8,-61.5],[157.8,-61.4],[157.7,-61.3],[157.7,-61.2],[157.6,-61.2],[157.6,-61.1],[157.5,-61],[157.4,-60.9],[157.4,-60.8],[157.3,-60.7],[157.3,-60.6],[157.2,-60.6],[157.2,-60.5],[157.1,-60.4],[157.1,-60.3],[157,-60.2],[157,-60.1],[156.9,-60],[156.9,-59.9],[156.8,-59.8],[156.8,-59.7],[156.7,-59.6],[156.7,-59.5],[156.6,-59.4],[156.6,-59.3],[156.5,-59.3],[156.5,-59.2],[156.4,-59.2],[156.3,-59],[156.2,-58.9],[156.2,-58.8],[156.1,-58.8],[156.1,-58.7],[156,-58.6],[155.9,-58.5],[155.8,-58.4],[155.8,-58.3],[155.7,-58.2],[155.6,-58.2],[155.6,-58.1],[155.5,-58],[155.4,-57.9],[155.4,-57.8],[155.3,-57.7],[155.2,-57.6],[155.1,-57.5],[155,-57.4],[155,-57.3],[154.9,-57.3],[154.9,-57.2],[154.8,-57.1],[154.8,-57],[154.7,-57],[154.7,-56.9],[154.6,-56.8],[154.5,-56.7],[154.5,-56.6],[154.4,-56.5],[154.3,-56.5],[154.3,-56.4],[154.2,-56.4],[154.1,-56.3],[154,-56.2],[153.9,-56.1],[153.8,-56.1],[153.8,-56],[153.7,-56],[153.7,-55.9],[153.6,-55.9],[153.5,-55.9],[153.5,-55.8],[153.4,-55.8],[153.3,-55.7],[153.2,-55.7],[153.1,-55.6],[153,-55.6],[152.9,-55.5],[152.8,-55.5],[152.7,-55.4],[152.6,-55.4],[152.6,-55.3],[152.5,-55.3],[152.4,-55.3],[152.3,-55.2],[152.2,-55.2],[152.2,-55.1],[152.2,-55],[152.2,-54.9],[152.2,-54.8],[152.2,-54.7],[152.1,-54.7],[152.1,-54.6],[152,-54.6],[151.9,-54.5],[151.9,-54.4],[151.8,-54.4],[151.8,-54.3],[151.7,-54.3],[151.4,-54],[151.4,-53.9],[151.3,-53.9],[151.2,-53.9],[151.1,-53.8],[151,-53.8],[151,-53.7],[150.9,-53.7],[150.8,-53.6],[150.7,-53.6],[150.6,-53.5],[150.5,-53.5],[150.4,-53.4],[150.3,-53.4],[150.2,-53.3],[150.1,-53.3],[150.1,-53.2],[150,-53.2],[149.9,-53.1],[149.8,-53.1],[149.7,-53],[149.6,-53],[149.5,-53],[149.4,-52.9],[149.3,-52.9],[149.2,-52.9],[149.2,-52.8],[149.1,-52.8],[149.9,-52.9],[150.6,-52.9],[151.4,-53.3],[151.8,-53.3],[152.5,-53.5],[152.9,-53.4],[153.1,-53.6],[152.9,-53.8],[153.3,-54],[153.8,-54.1],[154.1,-54.4],[154.6,-54.6],[155.1,-55.3],[155.4,-55.3],[155.7,-55.2],[156.8,-55.2],[156.8,-55],[157.1,-55.2],[157.6,-55.8],[158,-56.2],[159.2,-56.5],[159.4,-56.3],[159.7,-56.4],[160.5,-56.8],[161.1,-56.9],[162,-57.2],[162.1,-57.4],[162.6,-57.6],[162.9,-57.7],[163.1,-58.4],[163.7,-58.8],[163.4,-58.9],[163.8,-59.1],[165.1,-59.7],[165.5,-60.3],[165.6,-60.9],[166.6,-62.5],[166.4,-63.8],[166.8,-63.7],[166.5,-64.2],[166.1,-64.4],[166.1,-64.6],[166,-64.8],[165.9,-64.9],[166,-65.1],[165.8,-65.4],[165.6,-65.4]]]]}},{"type":"Feature","properties":{},"geometry":{"type":"MultiPolygon","coordinates":[[[[162.6,-56.8],[162.3,-57.3],[162.1,-56.7],[162.6,-56.8]]]]}},{"type":"Feature","properties":{},"geometry":{"type":"MultiPolygon","coordinates":[[[[169.6,-74.6],[169.8,-74.6],[169.9,-74.7],[170,-74.7],[170.1,-74.7],[170.2,-74.8],[170.3,-74.8],[170.4,-74.9],[170.5,-74.9],[170.6,-74.9],[170.3,-74.9],[170.5,-75],[170.7,-75],[170.8,-75],[170.8,-75.2],[170.9,-75.1],[170.7,-75.1],[170.6,-75.1],[170.5,-75.1],[170.2,-75],[170,-75],[170.5,-75.2],[170.8,-75.5],[170.5,-75.5],[170.2,-75.4],[170.2,-75.5],[169.9,-75.4],[170.1,-75.5],[170.4,-75.6],[170.6,-75.6],[170.4,-75.7],[170.6,-75.7],[170.5,-75.8],[170.7,-75.8],[170.6,-75.9],[170.4,-75.9],[170.3,-75.9],[170,-75.9],[169.5,-75.9],[169.5,-76],[169,-76],[168.7,-76],[168.6,-76],[168.5,-76.1],[168.3,-76.1],[168.1,-76.1],[167.9,-76],[167.8,-76],[168.4,-75.9],[168.3,-75.9],[168.1,-75.9],[168,-75.9],[167.9,-75.9],[167.6,-75.9],[167.4,-75.9],[167.3,-76],[167.4,-76],[167,-75.9],[166.9,-75.9],[166.4,-75.8],[166,-75.8],[165.9,-75.8],[165.8,-75.8],[165.8,-75.7],[165.7,-75.7],[165.6,-75.6],[165.5,-75.6],[165.4,-75.6],[165.4,-75.5],[165.3,-75.5],[165.2,-75.5],[165.1,-75.4],[165,-75.4],[164.9,-75.3],[164.8,-75.3],[164.8,-75.2],[164.7,-75.2],[164.6,-75.1],[164.5,-75.1],[164.5,-75],[164.4,-75],[164.3,-75],[164.2,-74.9],[164.1,-74.9],[164,-74.8],[163.9,-74.8],[163.9,-74.7],[164,-74.6],[164,-74.5],[164.1,-74.5],[164.1,-74.4],[164.2,-74.4],[164.2,-74.3],[164.3,-74.3],[164.4,-74.3],[164.5,-74.3],[164.6,-74.2],[164.7,-74.2],[164.8,-74.2],[165,-74.2],[165.2,-74.2],[165.3,-74.2],[165.5,-74.2],[165.7,-74.2],[165.9,-74.2],[166.1,-74.2],[166.3,-74.2],[166.4,-74.2],[166.7,-74.2],[167,-74.2],[167.1,-74.2],[167.6,-74.3],[168,-74.4],[168.9,-74.5],[169.6,-74.6]]]]}},{"type":"Feature","properties":{},"geometry":{"type":"MultiPolygon","coordinates":[[[[156.8,-59.7],[156.8,-59.8],[156.9,-59.9],[156.9,-60],[156.9,-60.1],[157,-60.1],[157,-60.2],[157.1,-60.3],[157.1,-60.4],[157.2,-60.5],[157.3,-60.6],[157.3,-60.7],[157.4,-60.8],[157.4,-60.9],[157.5,-60.9],[157.5,-61],[157.6,-61.1],[157.6,-61.2],[157.7,-61.2],[157.7,-61.3],[157.8,-61.4],[157.8,-61.5],[157.8,-61.6],[157.9,-61.6],[157.9,-61.7],[157.9,-61.8],[158,-61.8],[158,-61.9],[158.1,-62],[158.1,-62.1],[158.2,-62.1],[158.2,-62.2],[158.3,-62.2],[158.3,-62.3],[158.4,-62.3],[158.4,-62.4],[158.5,-62.4],[158.5,-62.5],[158.6,-62.5],[158.6,-62.6],[158.7,-62.6],[158.7,-62.7],[158.8,-62.7],[158.8,-62.8],[158.9,-62.8],[158.9,-62.9],[159,-63],[159.1,-63.1],[159.2,-63.2],[159.3,-63.3],[159.3,-63.4],[159.4,-63.4],[159.4,-63.5],[159.5,-63.5],[159.5,-63.6],[159.6,-63.6],[159.7,-63.7],[159.8,-63.8],[159.9,-63.8],[159.9,-63.9],[160,-63.9],[160.1,-64],[160.2,-64.1],[160.3,-64.1],[160.3,-64.2],[160.4,-64.2],[160.5,-64.3],[160.6,-64.3],[160.7,-64.4],[160.8,-64.4],[160.8,-64.5],[160.9,-64.5],[161,-64.6],[161.1,-64.6],[161.2,-64.6],[161.2,-64.7],[161.3,-64.7],[161.4,-64.7],[161.5,-64.8],[161.6,-64.8],[161.7,-64.8],[161.7,-64.9],[161.8,-64.9],[161.9,-64.9],[162.1,-65],[162.2,-65],[162.3,-65],[162.4,-65],[162.5,-65.1],[162.7,-65.1],[162.8,-65.1],[162.9,-65.1],[163,-65.1],[163.1,-65.2],[164.3,-65.3],[165.7,-65.4],[165.8,-65.5],[166.1,-65.6],[165.9,-65.7],[166.1,-65.8],[166,-66.4],[165.8,-66.8],[166.5,-66.9],[166.4,-67],[166.1,-67.8],[166.5,-68.3],[167,-69.1],[167.6,-69.4],[167.3,-69.5],[163.7,-70.5],[164,-70.4],[161.8,-71.6],[162.1,-72.1],[161.2,-71.9],[160.2,-71.8],[158.9,-71.7],[158.4,-71.7],[157.6,-71.8],[156.1,-71.7],[156.4,-71.8],[154.7,-72.6],[154.7,-72.5],[154.6,-72.5],[154.4,-72.4],[154.3,-72.3],[154.1,-72.2],[153.8,-72.1],[153.6,-72],[153.4,-71.9],[153.1,-71.8],[152.9,-71.7],[152.7,-71.6],[152.6,-71.6],[152.5,-71.6],[152.5,-71.5],[152.4,-71.5],[152.3,-71.5],[152.2,-71.4],[152.1,-71.4],[152,-71.3],[151.9,-71.3],[151.8,-71.3],[151.7,-71.2],[151.6,-71.2],[151.5,-71.2],[151.4,-71.2],[151.3,-71.2],[151.2,-71.1],[151.1,-71.1],[151,-71.1],[150.9,-71.1],[150.8,-71.1],[150.7,-71],[150.6,-71],[150.5,-71],[150.4,-71],[150.3,-70.9],[150.1,-70.9],[150.1,-70.8],[150,-70.8],[149.9,-70.8],[149.7,-70.7],[149.6,-70.7],[149.5,-70.7],[149.4,-70.6],[149.2,-70.5],[149.1,-70.5],[149,-70.4],[148.9,-70.4],[148.8,-70.4],[148.7,-70.4],[148.6,-70.3],[148.4,-70.3],[148.3,-70.3],[148.2,-70.3],[148.1,-70.2],[147.9,-70.2],[147.8,-70.2],[147.7,-70.2],[147.6,-70.1],[147.5,-70.1],[147.4,-70.1],[147.3,-70],[147.2,-70],[147.2,-69.9],[147.1,-69.9],[147.1,-69.8],[147,-69.8],[146.9,-69.7],[146.8,-69.7],[146.8,-69.6],[146.7,-69.6],[146.6,-69.5],[146.5,-69.5],[146.4,-69.5],[146.4,-69.4],[146.3,-69.4],[146.2,-69.4],[146.1,-69.3],[146,-69.3],[145.9,-69.3],[145.8,-69.3],[145.8,-69.2],[145.7,-69.2],[145.7,-69.1],[145.6,-69.1],[145.6,-69],[145.6,-68.9],[145.6,-68.8],[145.7,-68.8],[145.7,-68.7],[145.8,-68.6],[145.9,-68.5],[146,-68.5],[146,-68.4],[146.1,-68.4],[146.1,-68.3],[146.2,-68.3],[146.3,-68.3],[146.3,-68.2],[146.4,-68.2],[146.5,-68.1],[146.6,-68.1],[146.6,-68],[146.8,-68],[146.9,-67.9],[147,-67.8],[147.1,-67.8],[147.2,-67.7],[147.3,-67.7],[147.4,-67.6],[147.5,-67.5],[147.6,-67.4],[147.7,-67.4],[147.8,-67.3],[147.8,-67.2],[147.9,-67.2],[148,-67.1],[148.1,-67.1],[148.1,-67],[148.2,-67],[148.3,-67],[148.4,-67],[148.4,-66.9],[148.5,-66.9],[148.6,-66.9],[148.6,-66.8],[148.7,-66.8],[148.8,-66.8],[148.8,-66.7],[148.9,-66.7],[148.8,-66.6],[148.8,-66.5],[148.7,-66.5],[148.6,-66.4],[148.5,-66.3],[148.4,-66.2],[148.3,-66.1],[148.2,-66.1],[148.2,-66],[148.1,-66],[148.1,-65.9],[148,-65.9],[148,-65.8],[147.9,-65.8],[147.6,-65.1],[147.3,-64.5],[147.4,-64.5],[147.5,-64.5],[147.6,-64.6],[147.7,-64.6],[147.8,-64.6],[147.9,-64.6],[148,-64.6],[148.1,-64.6],[148.2,-64.6],[148.3,-64.7],[148.4,-64.7],[148.5,-64.7],[148.6,-64.7],[148.7,-64.7],[148.8,-64.7],[148.9,-64.7],[149.1,-64.7],[149.3,-64.7],[149.4,-64.7],[149.6,-64.7],[149.7,-64.7],[149.7,-64.6],[149.9,-64.6],[150,-64.6],[150.1,-64.6],[150.2,-64.6],[150.3,-64.6],[150.3,-64.5],[150.4,-64.5],[150.5,-64.5],[150.6,-64.5],[150.7,-64.5],[150.8,-64.5],[150.9,-64.5],[151,-64.4],[151.1,-64.4],[151.2,-64.4],[151.3,-64.4],[151.4,-64.4],[151.5,-64.4],[151.6,-64.4],[151.7,-64.4],[151.8,-64.4],[151.9,-64.4],[152,-64.4],[152.1,-64.4],[152.2,-64.4],[152.3,-64.4],[152.4,-64.4],[152.5,-64.4],[152.7,-64.4],[152.8,-64.4],[152.9,-64.4],[153,-64.4],[153.3,-64.4],[153.4,-64.4],[153.5,-64.4],[153.6,-64.4],[153.7,-64.4],[153.9,-64.4],[154.1,-64.3],[154.2,-64.3],[154.3,-64.3],[154.4,-64.3],[154.5,-64.2],[154.6,-64.2],[154.8,-64.2],[154.9,-64.2],[155.1,-64.2],[155.2,-64.1],[155.4,-64.1],[155.6,-64.1],[155.7,-64.1],[155.8,-64.1],[155.9,-64.1],[155.9,-64],[155.9,-63.9],[155.8,-63.9],[155.8,-63.8],[155.8,-63.7],[155.8,-63.6],[155.8,-63.5],[155.8,-63.4],[155.8,-63.3],[155.8,-63.2],[155.8,-63.1],[155.8,-63],[155.8,-62.9],[155.8,-62.8],[155.8,-62.7],[155.8,-62.6],[155.7,-62.6],[155.7,-62.5],[155.8,-62.4],[155.8,-62.3],[155.8,-62.2],[155.8,-62.1],[155.7,-62.1],[155.6,-62.1],[155.6,-62],[155.5,-62],[155.5,-61.9],[155.4,-61.8],[155.5,-61.8],[155.5,-61.7],[155.5,-61.6],[155.6,-61.6],[155.6,-61.5],[155.5,-61.4],[155.4,-61.3],[155.3,-61.2],[155.3,-61.1],[155.3,-61],[155.3,-60.9],[155.3,-60.8],[155.3,-60.7],[155.4,-60.5],[155.4,-60.4],[155.3,-60.4],[155.4,-60.3],[155.4,-60.2],[155.4,-60.1],[155.4,-60],[155.4,-59.9],[155.4,-59.8],[155.4,-59.7],[155.5,-59.7],[155.6,-59.6],[155.6,-59.5],[155.7,-59.5],[155.8,-59.5],[155.9,-59.6],[156,-59.6],[156.1,-59.6],[156.2,-59.6],[156.3,-59.6],[156.4,-59.6],[156.5,-59.6],[156.6,-59.7],[156.7,-59.7],[156.8,-59.7]]]]}},{"type":"Feature","properties":{},"geometry":{"type":"MultiPolygon","coordinates":[[[[170.6,-74.9],[170.5,-74.9],[170.4,-74.9],[170.3,-74.8],[170.2,-74.8],[170.1,-74.7],[170,-74.7],[169.9,-74.7],[169.8,-74.6],[169.6,-74.6],[169.4,-74.5],[169.2,-74.5],[169,-74.4],[168.9,-74.4],[168.8,-74.3],[168.7,-74.3],[168.5,-74.3],[168.4,-74.3],[168.3,-74.2],[168.1,-74.2],[168,-74.2],[167.9,-74.1],[167.7,-74.1],[167.6,-74.1],[167.5,-74],[167.4,-74],[167.2,-74],[167.1,-73.9],[167,-73.9],[166.9,-73.9],[166.8,-73.9],[166.7,-73.9],[166.6,-73.8],[166.5,-73.8],[166.4,-73.8],[166.3,-73.8],[165.7,-73.7],[167.2,-73.4],[168.3,-73],[169.5,-73.4],[170.9,-74],[170.7,-74.1],[170.6,-74.1],[171,-74.6],[172,-75],[172.1,-75.2],[171.2,-75],[171.1,-75],[170.6,-74.9]]]]}},{"type":"Feature","properties":{},"geometry":{"type":"MultiPolygon","coordinates":[[[[167.5,-72.2],[167.5,-72.5],[166.5,-72.3],[167.5,-72.2]]]]}},{"type":"Feature","properties":{},"geometry":{"type":"MultiPolygon","coordinates":[[[[166,-73.8],[166.3,-73.8],[166.4,-73.8],[166.5,-73.8],[166.6,-73.8],[166.8,-73.9],[166.9,-73.9],[167,-73.9],[167.2,-74],[167.3,-74],[167.4,-74],[167.5,-74],[167.6,-74.1],[167.7,-74.1],[167.9,-74.1],[168,-74.1],[168.1,-74.2],[168.2,-74.2],[168.4,-74.2],[168.5,-74.3],[168.6,-74.3],[168.8,-74.3],[168.8,-74.4],[168.9,-74.4],[169.1,-74.4],[169.2,-74.5],[169.3,-74.5],[169.5,-74.6],[169.1,-74.5],[168.2,-74.4],[167.7,-74.3],[167.1,-74.2],[167,-74.2],[166.8,-74.2],[166.5,-74.2],[166.3,-74.2],[166.1,-74.2],[165.9,-74.2],[165.7,-74.2],[165.6,-74.2],[165.3,-74.2],[165.2,-74.2],[165,-74.2],[164.9,-74.2],[164.7,-74.2],[164.6,-74.2],[164.5,-74.3],[164.4,-74.3],[164.3,-74.3],[164.2,-74.4],[164.1,-74.4],[164.1,-74.5],[164,-74.5],[164,-74.6],[163.9,-74.7],[163.9,-74.8],[164,-74.8],[164.1,-74.8],[164.1,-74.9],[164.2,-74.9],[164.3,-75],[164.4,-75],[164.5,-75.1],[164.6,-75.1],[164.7,-75.2],[164.8,-75.2],[164.9,-75.3],[165,-75.3],[165,-75.4],[165.1,-75.4],[165.2,-75.5],[165.3,-75.5],[165.4,-75.5],[165.4,-75.6],[165.5,-75.6],[165.6,-75.6],[165.7,-75.7],[165.8,-75.7],[165.8,-75.8],[165.9,-75.8],[165.6,-75.8],[165.2,-75.7],[165.1,-75.7],[164.8,-75.6],[164.5,-75.6],[164.4,-75.5],[164.2,-75.4],[163.8,-75.3],[163.9,-75.3],[164.1,-75.3],[164.9,-75.4],[164.7,-75.3],[164.6,-75.3],[164.3,-75.2],[164,-75.2],[163.8,-75.2],[163.3,-75],[162.8,-74.9],[162.9,-74.9],[163,-74.8],[163,-74.7],[162.9,-74.7],[162.8,-74.7],[162.8,-74.6],[162.8,-74.5],[162.9,-74.5],[163,-74.4],[163.1,-74.4],[163.2,-74.4],[163.3,-74.4],[163.4,-74.3],[163.5,-74.3],[163.5,-74.2],[163.6,-74.2],[163.6,-74.1],[163.7,-74.1],[163.8,-74.1],[163.9,-74],[164,-74],[164.1,-74],[164.9,-73.9],[165.2,-73.8],[165.4,-73.9],[165.4,-73.8],[165.5,-73.7],[166,-73.8]]]]}},{"type":"Feature","properties":{},"geometry":{"type":"MultiPolygon","coordinates":[[[[147.6,-65.5],[148,-65.8],[148,-65.9],[148.1,-65.9],[148.1,-66],[148.2,-66],[148.3,-66.1],[148.4,-66.2],[148.5,-66.2],[148.5,-66.3],[148.6,-66.3],[148.6,-66.4],[148.7,-66.4],[148.7,-66.5],[148.8,-66.5],[148.8,-66.6],[148.9,-66.7],[148.8,-66.7],[148.8,-66.8],[148.7,-66.8],[148.6,-66.9],[148.5,-66.9],[148.4,-66.9],[148.3,-67],[148.2,-67],[148.1,-67],[148.1,-67.1],[148,-67.1],[147.9,-67.2],[147.8,-67.2],[147.8,-67.3],[147.7,-67.4],[147.6,-67.4],[147.6,-67.5],[147.5,-67.5],[147.4,-67.6],[147.3,-67.6],[147.3,-67.7],[147.2,-67.7],[147,-67.8],[146.9,-67.9],[146.8,-68],[146.7,-68],[146.6,-68.1],[146.5,-68.1],[146.4,-68.2],[146.3,-68.2],[146.2,-68.3],[146.1,-68.3],[146.1,-68.4],[146,-68.4],[145.9,-68.5],[145.8,-68.6],[145.7,-68.7],[145.7,-68.8],[145.6,-68.8],[145.6,-68.9],[145.6,-69],[145.6,-69.1],[145.7,-69.1],[145.7,-69.2],[145.8,-69.2],[145.9,-69.3],[146,-69.3],[146.1,-69.3],[146.2,-69.4],[146.3,-69.4],[146.4,-69.5],[146.5,-69.5],[146.6,-69.5],[146.7,-69.6],[146.8,-69.6],[146.8,-69.7],[146.9,-69.7],[147,-69.8],[147.1,-69.9],[147.2,-69.9],[147.3,-70],[147.4,-70.1],[147.5,-70.1],[147.7,-70.1],[147.8,-70.2],[147.9,-70.2],[148,-70.2],[148.2,-70.3],[148.3,-70.3],[148.4,-70.3],[148.5,-70.3],[148.7,-70.4],[148.9,-70.4],[149.1,-70.5],[149.2,-70.5],[149.3,-70.6],[149.4,-70.6],[149.5,-70.6],[149.6,-70.7],[149.7,-70.7],[149.8,-70.8],[150,-70.8],[150.1,-70.9],[150.2,-70.9],[150.3,-70.9],[150.4,-70.9],[150.4,-71],[150.6,-71],[150.7,-71],[150.8,-71.1],[150.9,-71.1],[151,-71.1],[151.1,-71.1],[151.2,-71.1],[151.3,-71.1],[151.4,-71.2],[151.5,-71.2],[151.6,-71.2],[151.7,-71.2],[151.7,-71.3],[151.8,-71.3],[151.9,-71.3],[152,-71.3],[152.1,-71.4],[152.2,-71.4],[152.3,-71.4],[152.4,-71.5],[152.5,-71.5],[152.5,-71.6],[152.6,-71.6],[152.7,-71.6],[152.8,-71.7],[153,-71.7],[153.3,-71.9],[153.5,-72],[153.8,-72.1],[154,-72.2],[154.2,-72.3],[154.4,-72.4],[154.5,-72.4],[154.7,-72.5],[154.7,-72.6],[150.9,-72.5],[149,-72.6],[146.1,-72.3],[144.1,-71.7],[143.1,-70.7],[142.4,-70.5],[141.1,-70.2],[140.9,-70.1],[141,-70.1],[141.1,-69.7],[141.2,-69.2],[141.3,-69],[141.4,-68.6],[141.4,-68.1],[141.4,-67.9],[141.8,-67.8],[142.7,-67.4],[143.9,-67.1],[144.6,-66.9],[145.2,-66.7],[146.1,-66.4],[146.5,-66.3],[146.7,-66.3],[146.7,-66.2],[146.6,-66.2],[146.5,-66.1],[146.4,-66],[146.4,-65.9],[146.3,-65.9],[146.2,-65.8],[146.2,-65.7],[146.1,-65.7],[146,-65.7],[145.9,-65.6],[145.8,-65.6],[145.7,-65.6],[145.6,-65.5],[145.5,-65.5],[145.4,-65.5],[145.4,-65.4],[145.3,-65.4],[145.3,-65.3],[145.3,-65.2],[145.2,-65.2],[145.2,-65.1],[145,-65.1],[144.8,-65.1],[144.6,-65],[144.6,-64.7],[144,-64.6],[143.1,-64.4],[141.2,-64.4],[140.5,-64.4],[139.6,-64.3],[138.8,-64.2],[138.4,-64.1],[138.2,-64],[138,-64],[137.1,-63.8],[137,-63.8],[136.9,-63.7],[136.4,-63.6],[136.5,-63.6],[137.9,-63.8],[139.4,-63.9],[140.2,-63.8],[140.1,-63.7],[140.1,-63.5],[140.1,-63.4],[140.2,-63.3],[140.6,-63.1],[142.9,-63],[143.5,-63.4],[143.5,-63.5],[143.6,-63.5],[143.8,-63.6],[144.4,-63.9],[144.4,-64],[144.5,-64],[144.6,-64],[144.6,-64.1],[144.7,-64.1],[144.8,-64.1],[144.8,-64.2],[144.9,-64.2],[145.1,-64.4],[145.4,-64.5],[145.6,-64.6],[145.8,-64.6],[145.9,-64.6],[146,-64.7],[146.1,-64.7],[146.2,-64.7],[146.3,-64.7],[146.9,-65],[147.1,-65.1],[147.2,-65.3],[147.3,-65.4],[147.4,-65.4],[147.6,-65.5]]]]}},{"type":"Feature","properties":{},"geometry":{"type":"MultiPolygon","coordinates":[[[[160,-74],[160.1,-74.1],[160.2,-74.1],[160,-74]]]]}},{"type":"Feature","properties":{},"geometry":{"type":"MultiPolygon","coordinates":[[[[161.8,-74.8],[160.2,-74.3],[160.4,-74.3],[160.5,-74.4],[160.7,-74.5],[161.2,-74.6],[161.3,-74.7],[161.8,-74.8]]]]}},{"type":"Feature","properties":{},"geometry":{"type":"MultiPolygon","coordinates":[[[[165.4,-73.9],[165.3,-73.8],[165.4,-73.8],[165.4,-73.9]]]]}},{"type":"Feature","properties":{},"geometry":{"type":"MultiPolygon","coordinates":[[[[162.8,-74.9],[163.3,-75],[163.8,-75.2],[163.4,-75],[162.3,-74.9],[162.8,-74.9]]]]}},{"type":"Feature","properties":{},"geometry":{"type":"MultiPolygon","coordinates":[[[[163.7,-75.2],[163.9,-75.3],[164.2,-75.4],[164.5,-75.5],[164.7,-75.6],[165,-75.6],[165.2,-75.7],[164.5,-75.6],[163.7,-75.2]]]]}},{"type":"Feature","properties":{},"geometry":{"type":"MultiPolygon","coordinates":[[[[164.8,-75.3],[164.5,-75.2],[164.6,-75.2],[164.8,-75.3]]]]}},{"type":"Feature","properties":{},"geometry":{"type":"MultiPolygon","coordinates":[[[[170.6,-75.1],[170.4,-75.1],[170,-75],[170.2,-75],[170.5,-75.1],[170.6,-75.1]]]]}},{"type":"Feature","properties":{},"geometry":{"type":"MultiPolygon","coordinates":[[[[165.9,-75.8],[166.3,-75.8],[166.4,-75.8],[165.6,-75.8],[165.8,-75.8],[165.9,-75.8]]]]}},{"type":"Feature","properties":{},"geometry":{"type":"MultiPolygon","coordinates":[[[[167.5,-76],[166.5,-75.9],[166.9,-75.9],[167.3,-76],[167.5,-76]]]]}},{"type":"Feature","properties":{},"geometry":{"type":"MultiPolygon","coordinates":[[[[170.3,-75.5],[169.9,-75.4],[170.2,-75.5],[170.3,-75.5]]]]}},{"type":"Feature","properties":{},"geometry":{"type":"MultiPolygon","coordinates":[[[[170.6,-75.5],[170.3,-75.4],[170.4,-75.5],[170.6,-75.5]]]]}},{"type":"Feature","properties":{},"geometry":{"type":"MultiPolygon","coordinates":[[[[168.4,-75.9],[167.7,-75.9],[167.9,-75.9],[168.1,-75.9],[168.2,-75.9],[168.3,-75.9],[168.4,-75.9]]]]}},{"type":"Feature","properties":{},"geometry":{"type":"MultiPolygon","coordinates":[[[[167.9,-76],[168.1,-76.1],[168.3,-76.1],[168.5,-76.1],[168.6,-76],[168.4,-76.2],[167.9,-76]]]]}},{"type":"Feature","properties":{},"geometry":{"type":"MultiPolygon","coordinates":[[[[170.7,-75.8],[170.5,-75.8],[170.6,-75.7],[170.7,-75.7],[170.7,-75.8]]]]}},{"type":"Feature","properties":{},"geometry":{"type":"MultiPolygon","coordinates":[[[[170.7,-75.8],[170,-75.9],[170.3,-75.9],[170.5,-75.9],[170.7,-75.9],[170.7,-75.8]]]]}},{"type":"Feature","properties":{},"geometry":{"type":"MultiPolygon","coordinates":[[[[156.7,-73.2],[156.7,-73.3],[156.8,-73.5],[157.2,-73.7],[157.4,-73.7],[156.6,-73.3],[156.7,-73.2]]]]}},{"type":"Feature","properties":{},"geometry":{"type":"MultiPolygon","coordinates":[[[[171.1,-75.5],[170.8,-75.6],[171.1,-75.4],[171.3,-75.4],[171.1,-75.5]]]]}},{"type":"Feature","properties":{},"geometry":{"type":"MultiPolygon","coordinates":[[[[39.9,-52],[38.4,-52.2],[38.4,-51.7],[38.2,-50.4],[40.2,-50],[40.2,-50.7],[39.9,-52]]]]}},{"type":"Feature","properties":{},"geometry":{"type":"MultiPolygon","coordinates":[[[[38.2,-52.1],[36.3,-53.4],[36.1,-54.6],[35.7,-55.5],[32.8,-56.6],[32.8,-57.4],[31.3,-58.3],[30,-59.2],[29,-57.7],[29.9,-56.2],[29.6,-55.2],[30.7,-53.1],[34,-52.7],[36.4,-51.7],[38.3,-51.1],[38.2,-52.1]]]]}},{"type":"Feature","properties":{},"geometry":{"type":"MultiPolygon","coordinates":[[[[149.1,-52.8],[149.2,-52.8],[149.2,-52.9],[149.3,-52.9],[149.4,-52.9],[149.5,-53],[149.6,-53],[149.7,-53],[149.8,-53.1],[149.9,-53.1],[150,-53.2],[150.1,-53.2],[150.1,-53.3],[150.2,-53.3],[150.3,-53.3],[150.3,-53.4],[150.4,-53.4],[150.5,-53.5],[150.6,-53.5],[150.7,-53.6],[150.8,-53.6],[150.9,-53.7],[151,-53.7],[151,-53.8],[151.1,-53.8],[151.2,-53.9],[151.3,-53.9],[151.4,-54],[151.7,-54.3],[151.8,-54.3],[151.8,-54.4],[151.9,-54.4],[151.9,-54.5],[152,-54.6],[152.1,-54.6],[152.1,-54.7],[152.2,-54.8],[152.2,-54.9],[152.2,-55],[152.2,-55.1],[152.2,-55.2],[152.3,-55.2],[152.4,-55.3],[152.5,-55.3],[152.6,-55.3],[152.6,-55.4],[152.7,-55.4],[152.8,-55.5],[152.9,-55.5],[153,-55.6],[153.2,-55.6],[153.2,-55.7],[153.3,-55.7],[153.4,-55.8],[153.5,-55.8],[153.6,-55.9],[153.7,-56],[153.8,-56.1],[153.9,-56.1],[154,-56.2],[154.1,-56.3],[154.1,-56.4],[154.2,-56.4],[154.3,-56.4],[154.3,-56.5],[154.4,-56.5],[154.4,-56.6],[154.5,-56.6],[154.5,-56.7],[154.6,-56.8],[154.7,-56.9],[154.7,-57],[154.8,-57],[154.8,-57.1],[154.9,-57.2],[154.9,-57.3],[155,-57.3],[155,-57.4],[155.1,-57.5],[155.2,-57.6],[155.3,-57.7],[155.3,-57.8],[155.4,-57.8],[155.4,-57.9],[155.5,-57.9],[155.5,-58],[155.6,-58.1],[155.7,-58.2],[155.8,-58.3],[155.8,-58.4],[155.9,-58.4],[155.9,-58.5],[156,-58.6],[156,-58.7],[156.1,-58.7],[156.1,-58.8],[156.2,-58.8],[156.2,-58.9],[156.3,-59],[156.4,-59.2],[156.5,-59.2],[156.5,-59.3],[156.6,-59.4],[156.6,-59.5],[156.7,-59.5],[156.7,-59.6],[156.7,-59.7],[156.6,-59.7],[156.6,-59.6],[156.5,-59.6],[156.4,-59.6],[156.3,-59.6],[156.1,-59.6],[156,-59.6],[155.9,-59.6],[155.8,-59.5],[155.7,-59.5],[155.6,-59.5],[155.6,-59.6],[155.5,-59.6],[155.5,-59.7],[155.4,-59.7],[155.4,-59.8],[155.4,-59.9],[155.4,-60],[155.4,-60.1],[155.3,-60.1],[155.4,-60.2],[155.3,-60.3],[155.3,-60.4],[155.4,-60.5],[155.3,-60.6],[155.3,-60.7],[155.3,-60.8],[155.3,-60.9],[155.3,-61],[155.3,-61.1],[155.3,-61.2],[155.4,-61.3],[155.5,-61.3],[155.5,-61.4],[155.6,-61.5],[155.6,-61.6],[155.5,-61.6],[155.5,-61.7],[155.5,-61.8],[155.4,-61.8],[155.5,-61.8],[155.5,-61.9],[155.5,-62],[155.6,-62],[155.6,-62.1],[155.7,-62.1],[155.8,-62.1],[155.8,-62.2],[155.8,-62.3],[155.8,-62.4],[155.7,-62.5],[155.7,-62.6],[155.8,-62.6],[155.8,-62.7],[155.8,-62.8],[155.8,-62.9],[155.8,-63],[155.8,-63.1],[155.8,-63.2],[155.8,-63.3],[155.8,-63.4],[155.8,-63.5],[155.8,-63.6],[155.8,-63.7],[155.8,-63.8],[155.8,-63.9],[155.9,-64],[155.9,-64.1],[155.8,-64.1],[155.7,-64.1],[155.5,-64.1],[155.3,-64.1],[155.1,-64.1],[155,-64.2],[154.8,-64.2],[154.7,-64.2],[154.6,-64.2],[154.5,-64.3],[154.4,-64.3],[154.3,-64.3],[154.1,-64.3],[154,-64.4],[153.8,-64.4],[153.7,-64.4],[153.5,-64.4],[153.4,-64.4],[153.3,-64.4],[153.1,-64.4],[153,-64.4],[152.9,-64.4],[152.8,-64.4],[152.7,-64.4],[152.6,-64.4],[152.5,-64.4],[152.4,-64.4],[152.3,-64.4],[152.2,-64.4],[152.1,-64.4],[152,-64.4],[151.9,-64.4],[151.8,-64.4],[151.7,-64.4],[151.6,-64.4],[151.5,-64.4],[151.4,-64.4],[151.3,-64.4],[151.2,-64.4],[151.1,-64.4],[151,-64.4],[151,-64.5],[150.9,-64.5],[150.8,-64.5],[150.7,-64.5],[150.6,-64.5],[150.5,-64.5],[150.4,-64.5],[150.3,-64.6],[150.2,-64.6],[150.1,-64.6],[150,-64.6],[149.9,-64.6],[149.8,-64.6],[149.7,-64.6],[149.6,-64.7],[149.5,-64.7],[149.4,-64.7],[149.2,-64.7],[149,-64.7],[148.8,-64.7],[148.7,-64.7],[148.6,-64.7],[148.5,-64.7],[148.4,-64.7],[148.3,-64.7],[148.2,-64.6],[148.1,-64.6],[148,-64.6],[147.9,-64.6],[147.8,-64.6],[147.7,-64.6],[147.6,-64.6],[147.5,-64.5],[147.3,-64.5],[147.1,-64.5],[147.7,-65.4],[147.5,-65.4],[147.3,-65.4],[147.2,-65.3],[147.1,-65.2],[147.1,-65.1],[146.5,-64.8],[146.2,-64.7],[146.1,-64.7],[146,-64.7],[145.9,-64.6],[145.8,-64.6],[145.5,-64.5],[145.2,-64.4],[144.9,-64.2],[144.8,-64.2],[144.8,-64.1],[144.7,-64.1],[144.6,-64.1],[144.6,-64],[144.5,-64],[144.4,-64],[143.9,-63.7],[143.6,-63.5],[143.5,-63.5],[143.2,-63.3],[141.5,-63],[140.2,-63.3],[140.1,-63.4],[140.1,-63.5],[140.1,-63.6],[140.1,-63.7],[140.2,-63.8],[139.8,-63.9],[138.3,-63.8],[136.9,-63.7],[135.8,-63.5],[135.7,-63.4],[135.1,-63.2],[135,-63.2],[134,-62.9],[133.3,-62.8],[132.4,-62.6],[132,-62.5],[131,-62.3],[130.1,-62.1],[129.1,-61.8],[128.5,-61.8],[127.8,-61.7],[128,-61.6],[129.1,-61.7],[129.9,-61.6],[131.1,-61.4],[131.9,-61.1],[132,-61.1],[132.1,-61],[132.2,-61],[132.3,-60.9],[132.4,-60.9],[132.4,-60.8],[132.5,-60.8],[132.5,-60.7],[132.6,-60.6],[132.7,-60.6],[132.9,-60.4],[133,-60.4],[133.1,-60.3],[133.2,-60.3],[133.3,-60.3],[133.3,-60.2],[133.4,-60.2],[133.5,-60.2],[133.6,-60.2],[133.7,-60.2],[133.8,-60.2],[133.8,-60.1],[133.9,-60.1],[133.9,-60],[133.9,-59.9],[133.9,-59.8],[133.9,-59.7],[133.9,-59.6],[133.9,-59.5],[133.9,-59.4],[134,-59.4],[134,-59.3],[133.9,-59.2],[134,-59.2],[133.9,-59.1],[133.9,-59],[133.9,-58.9],[134,-58.9],[134.1,-58.9],[134.2,-58.9],[134.3,-59],[134.4,-59],[134.5,-59],[134.6,-59],[134.6,-59.1],[134.7,-59.1],[134.8,-59.1],[134.9,-59.1],[135,-59.1],[135.1,-59.2],[135.2,-59.2],[135.4,-59.2],[135.4,-59.3],[135.5,-59.3],[135.6,-59.3],[135.6,-59.4],[135.7,-59.4],[135.8,-59.4],[135.9,-59.4],[136,-59.4],[136.1,-59.5],[136.2,-59.5],[136.3,-59.5],[136.4,-59.5],[136.5,-59.6],[136.6,-59.6],[136.7,-59.6],[136.8,-59.6],[136.9,-59.6],[137,-59.7],[137.1,-59.7],[137.2,-59.7],[137.3,-59.7],[137.4,-59.7],[137.4,-59.8],[137.5,-59.8],[137.6,-59.8],[137.7,-59.8],[137.8,-59.8],[137.9,-59.8],[138,-59.8],[138.1,-59.8],[138.2,-59.8],[138.3,-59.8],[138.4,-59.8],[138.5,-59.8],[138.6,-59.8],[138.7,-59.8],[138.8,-59.8],[138.9,-59.7],[139,-59.7],[139.1,-59.7],[139.2,-59.7],[139.3,-59.7],[139.4,-59.7],[139.5,-59.7],[139.6,-59.7],[139.7,-59.7],[139.8,-59.7],[139.9,-59.7],[140,-59.6],[140.3,-59.5],[140.6,-59.4],[140.7,-59.3],[140.8,-59.3],[140.9,-59.3],[141,-59.2],[141.1,-59.2],[141.2,-59.2],[141.3,-59.2],[141.4,-59.2],[141.5,-59.2],[141.5,-59.1],[141.6,-59.1],[141.7,-59.1],[141.8,-59],[141.9,-58.9],[142,-58.9],[142,-58.8],[142.1,-58.8],[142.2,-58.7],[142.3,-58.6],[142.4,-58.6],[142.5,-58.5],[142.6,-58.4],[142.7,-58.4],[142.8,-58.3],[143,-58.2],[143.1,-58.2],[143.2,-58.1],[143.3,-58.1],[143.4,-58],[143.5,-58],[143.6,-58],[143.7,-57.9],[143.8,-57.9],[143.9,-57.9],[143.9,-57.8],[144,-57.8],[144.1,-57.8],[144.1,-57.7],[144.2,-57.7],[144.3,-57.6],[144.4,-57.5],[144.5,-57.4],[144.6,-57.4],[144.6,-57.3],[144.6,-57.2],[144.6,-57.1],[144.6,-57],[144.7,-56.9],[144.8,-56.8],[144.9,-56.8],[145,-56.7],[145.1,-56.7],[145.2,-56.6],[145.3,-56.6],[145.4,-56.5],[145.5,-56.4],[145.6,-56.3],[145.7,-56.2],[145.7,-56.1],[145.8,-56.1],[146,-55.9],[146,-55.8],[146,-55.7],[146,-55.6],[146.2,-55.4],[146.3,-55.2],[146.3,-55.1],[146.3,-55],[146.2,-54.7],[146.3,-54.7],[146.4,-54.6],[146.5,-54.5],[146.6,-54.5],[146.6,-54.4],[146.7,-54.4],[146.7,-54.3],[146.8,-54.3],[146.9,-54.3],[146.3,-54.1],[145.6,-53.8],[145.7,-53.7],[145.8,-53.7],[145.9,-53.7],[146,-53.7],[146.1,-53.7],[146.2,-53.7],[146.3,-53.7],[146.4,-53.7],[146.5,-53.6],[146.6,-53.6],[146.7,-53.6],[146.8,-53.6],[146.9,-53.6],[147,-53.6],[147,-53.5],[147.1,-53.5],[147.2,-53.5],[147.3,-53.4],[147.4,-53.4],[147.5,-53.3],[147.6,-53.3],[147.7,-53.2],[147.9,-53.1],[148,-53.1],[148.2,-53],[148.3,-52.9],[148.4,-52.9],[148.5,-52.9],[148.6,-52.8],[148.7,-52.8],[149,-52.8],[149.1,-52.8]]]]}},{"type":"Feature","properties":{},"geometry":{"type":"MultiPolygon","coordinates":[[[[160.2,-74],[160.4,-74],[161.2,-74],[161.3,-74],[161.5,-73.9],[162.1,-73.9],[162.3,-73.9],[163,-73.9],[164.1,-74],[164,-74],[163.9,-74],[163.8,-74.1],[163.7,-74.1],[163.6,-74.1],[163.6,-74.2],[163.5,-74.2],[163.5,-74.3],[163.4,-74.3],[163.3,-74.4],[163.2,-74.4],[163.1,-74.4],[163,-74.4],[162.9,-74.5],[162.8,-74.5],[162.8,-74.6],[162.8,-74.7],[162.9,-74.7],[163,-74.7],[163,-74.8],[162.9,-74.9],[162.8,-74.9],[162.2,-74.9],[161.6,-74.7],[161.2,-74.6],[161,-74.5],[160.6,-74.4],[160.4,-74.3],[160.2,-74.3],[160.2,-74.2],[160.2,-74.1],[160.1,-74.1],[160,-74],[160.2,-74]]]]}},{"type":"Feature","properties":{},"geometry":{"type":"MultiPolygon","coordinates":[[[[48.2,-61.5],[47.2,-61],[45.4,-60.8],[45.5,-60.6],[42.6,-60.7],[41.3,-61.2],[41.6,-60.5],[46.1,-60.1],[48.2,-61.5]]]]}},{"type":"Feature","properties":{},"geometry":{"type":"MultiPolygon","coordinates":[[[[64.8,-61.6],[63,-62],[61.4,-62.2],[59.6,-60.4],[64.8,-61.6]]]]}},{"type":"Feature","properties":{},"geometry":{"type":"MultiPolygon","coordinates":[[[[59.6,-60.4],[55.1,-61],[54,-61],[49,-60.5],[51.1,-57.2],[53,-57.1],[57.3,-58.5],[59.6,-60.4]]]]}},{"type":"Feature","properties":{},"geometry":{"type":"MultiPolygon","coordinates":[[[[51.4,-56.6],[50.1,-58.9],[46.1,-60.1],[41.6,-60.5],[36.3,-60.8],[34.6,-59.1],[34.4,-57.3],[36.9,-56.3],[37.8,-55.8],[38.5,-55.3],[39.2,-54.8],[39.3,-54.7],[39.8,-54.5],[40.6,-54.1],[40.6,-54],[40.8,-53.9],[41.4,-53.8],[41.8,-53.6],[42.2,-53.4],[42.8,-53.1],[43,-53.1],[43.5,-52.7],[43.9,-52.7],[44.3,-52.7],[43.9,-52.5],[44.3,-52.4],[44.7,-52.2],[45.3,-51.9],[46.6,-51.7],[46.9,-51.6],[47,-51.5],[47.2,-51.4],[47.4,-51.9],[48.7,-54.9],[51.4,-56.6]]]]}},{"type":"Feature","properties":{},"geometry":{"type":"MultiPolygon","coordinates":[[[[30.4,-63.1],[30.9,-62.9],[31.8,-62.8],[31.1,-62.3],[29.7,-61.7],[29.2,-61.4],[29.8,-61.6],[31.6,-62.3],[32.7,-62.5],[33,-62.8],[30.4,-63.1]]]]}},{"type":"Feature","properties":{},"geometry":{"type":"MultiPolygon","coordinates":[[[[113.5,13],[113.8,12.6],[113,11.8],[112.6,11.7],[112.7,11.8],[113,11.6],[113.6,11.9],[110.9,9],[107.1,6.6],[104.3,1],[104.2,1.2],[104.2,1],[104.1,0.8],[104,0.8],[103.7,0.7],[103.6,0.6],[103.4,0.4],[102.2,-0.1],[100.2,1.2],[101.8,4.9],[104.4,8.1],[108.6,9.5],[112.2,12.6],[113.5,13]]]]}},{"type":"Feature","properties":{},"geometry":{"type":"MultiPolygon","coordinates":[[[[106.4,11.9],[109.4,11.3],[106.9,10.7],[103.7,10.8],[101.2,11],[98.4,9.4],[98.1,6.7],[98.5,4.6],[100.2,1.2],[98.1,1.8],[96.6,4.5],[96.6,8.6],[97.5,9],[99.6,11.6],[104.2,12.1],[106.4,11.9]]]]}},{"type":"Feature","properties":{},"geometry":{"type":"MultiPolygon","coordinates":[[[[139.3,21.9],[136.4,22.8],[136.5,23.6],[137.7,25],[139,26.3],[142.3,27.1],[142.8,26.9],[142.9,26.5],[142.8,26.3],[142.6,26.3],[142.6,26.5],[142.4,26.5],[142,26.6],[141.8,26.5],[141.3,26.7],[141.2,26.4],[141,26.4],[140.7,26.4],[140.5,26.3],[140.2,26.1],[139.9,26.1],[139.2,25.8],[139.3,25.2],[139.7,24.7],[139.7,24.2],[139.5,23.2],[139.7,22.4],[139.5,22.2],[139.1,22.5],[138.9,22.7],[138.8,22.6],[139.3,21.9]]]]}},{"type":"Feature","properties":{},"geometry":{"type":"MultiPolygon","coordinates":[[[[149.2,27.3],[148.5,27.2],[148,26.9],[147.8,26.8],[146.9,26.4],[145.4,26.8],[145.7,27],[146,27],[146.3,27.6],[146.6,27.7],[146.3,27.9],[145.8,28],[145.8,28.5],[145.3,28.5],[145,28.6],[144.7,28.6],[144.1,28.7],[143.6,28.5],[143.3,28.4],[143.6,28.8],[144.9,28.8],[146.4,28.6],[147.8,28.9],[149.1,28.6],[149.2,27.3]]]]}},{"type":"Feature","properties":{},"geometry":{"type":"MultiPolygon","coordinates":[[[[147.4,22.5],[146.9,22.7],[146.8,22.7],[146.6,22.6],[146.4,22.8],[146.1,22.8],[146,22.8],[145.9,22.8],[145.7,22.5],[145.6,22.7],[145.7,22.7],[145.3,22.6],[145.1,22.6],[145,22.8],[144.9,22.9],[145,23],[145.2,23.2],[145,23.2],[145.1,23.4],[145.2,23.6],[145.4,23.7],[145.4,23.8],[145.8,23.9],[146,24.1],[145.7,24.3],[145.9,24.7],[145.7,24.9],[145.7,25],[145.9,25.1],[145.8,25],[145.9,24.9],[146.1,25],[146.2,24.9],[146.4,24.9],[146.3,25],[146.4,25.2],[146.5,25.7],[146.6,25.7],[146.4,25.8],[146,26.2],[145.8,26.2],[145.6,26.1],[145.6,26.2],[145.4,26.2],[145.3,26.3],[145.5,26.4],[145.2,26.7],[145.4,26.7],[148.1,26.5],[148.3,25.4],[147.9,23.2],[147.7,22.7],[147.4,22.5]]]]}},{"type":"Feature","properties":{},"geometry":{"type":"MultiPolygon","coordinates":[[[[130,28.7],[131.7,27.4],[133.8,24.7],[134.6,24.2],[135.7,23.3],[135,22.8],[132.9,25.1],[130.7,28],[128.6,29.3],[127.6,29.8],[126.9,30.2],[129.3,29],[130,28.7]]]]}},{"type":"Feature","properties":{},"geometry":{"type":"MultiPolygon","coordinates":[[[[109.4,11.3],[110.4,12.2],[110.6,10.9],[106.4,8.8],[102.8,6.2],[101,1.8],[99.4,3.5],[98,5.7],[98.1,7.9],[99.7,10.7],[102.4,10.5],[105.2,11.1],[108.7,10.1],[109.4,11.3]]]]}},{"type":"Feature","properties":{},"geometry":{"type":"MultiPolygon","coordinates":[[[[147.4,22.5],[147.2,22.5],[146.9,22.7],[147.4,22.5]]]]}},{"type":"Feature","properties":{},"geometry":{"type":"MultiPolygon","coordinates":[[[[145.9,22.7],[146.1,22.7],[145.8,22.6],[145.9,22.7]]]]}},{"type":"Feature","properties":{},"geometry":{"type":"MultiPolygon","coordinates":[[[[144.5,21.6],[144.3,21.9],[144.7,21.6],[144.5,21.6]]]]}},{"type":"Feature","properties":{},"geometry":{"type":"MultiPolygon","coordinates":[[[[146.9,22.5],[146.7,22.3],[146.8,22.4],[146.9,22.5]]]]}},{"type":"Feature","properties":{},"geometry":{"type":"MultiPolygon","coordinates":[[[[146.1,20.4],[145.8,20.3],[146,20.4],[146.1,20.4]]]]}},{"type":"Feature","properties":{},"geometry":{"type":"MultiPolygon","coordinates":[[[[146.2,22.7],[146.3,22.6],[146.1,22.5],[146.2,22.7]]]]}},{"type":"Feature","properties":{},"geometry":{"type":"MultiPolygon","coordinates":[[[[99.1,56.4],[98.9,55.3],[98.3,54.3],[97.3,53.4],[96.3,52.4],[95.1,51.8],[93.8,51.1],[92.6,50.4],[91.6,50],[90.2,49.3],[88.6,48.6],[86.9,47.6],[85.5,46.4],[84.3,45.2],[83,43.7],[81.7,42.1],[80.4,40.8],[79.2,40.1],[77.7,39.7],[76.4,38.9],[77.8,40.8],[79.8,42.2],[80.4,44.2],[80.9,46],[82.6,47.8],[85.9,49.3],[88.5,50.5],[90.6,52.2],[92,53.7],[94.5,54.9],[98.5,56.2],[99.1,56.4]]]]}},{"type":"Feature","properties":{},"geometry":{"type":"MultiPolygon","coordinates":[[[[152.3,29.5],[152.3,28.6],[152.2,28.8],[151.9,28.8],[151.9,28.6],[151.6,28.7],[151.5,28.8],[150.8,29.4],[149.9,30],[148.7,30.3],[146.9,30.9],[145.1,31.5],[143.8,31.8],[140.7,33.4],[137.6,34.5],[136.4,34.7],[135.3,35.4],[132.9,35.8],[132.9,37],[138,35.1],[143.7,33.7],[150.2,30.6],[152.3,29.5]]]]}},{"type":"Feature","properties":{},"geometry":{"type":"MultiPolygon","coordinates":[[[[22.1,72.1],[25.8,75],[27.6,78.1],[27,79],[24.5,79.5],[26.5,79.5],[25.7,79.8],[28.6,79.6],[29.8,79.9],[33.9,79.7],[34.5,79.9],[36.9,79.7],[37.1,79.5],[37.3,77.3],[34.7,76.1],[34.7,75.9],[30.6,73.9],[22.2,72],[22.1,72.1]]]]}},{"type":"Feature","properties":{},"geometry":{"type":"MultiPolygon","coordinates":[[[[18.3,79.9],[20,79.9],[21.6,79.8],[24,79.8],[26.4,79.4],[26.7,79],[27.1,76.9],[23.1,73.1],[18.6,72.9],[13.4,74.6],[14.6,75.4],[14.9,76.3],[14.1,76.2],[14.9,77.1],[16.9,77.4],[17.5,77.9],[18.4,78.2],[19.1,78.9],[18.2,79.8],[18.3,79.9]]]]}},{"type":"Feature","properties":{},"geometry":{"type":"MultiPolygon","coordinates":[[[[18.3,79.9],[17.7,80.5],[25.9,80.9],[33,80.6],[38.2,79.8],[38.5,79.3],[36.7,79.5],[36.4,79.8],[34.5,79.8],[33.5,79.8],[29.7,79.9],[27,79.6],[26.5,79.6],[26.5,79.5],[23.6,79.9],[21.2,79.8],[19.6,79.9],[18.3,79.9]]]]}},{"type":"Feature","properties":{},"geometry":{"type":"MultiPolygon","coordinates":[[[[42.8,69.5],[45.6,69.3],[50.3,68.4],[52.2,68.1],[56.3,67.7],[60.5,67.6],[61.8,67.4],[59.3,67.1],[52.3,66.2],[43.1,65.2],[37.8,63.3],[32.8,61.7],[26.8,59.6],[24.1,59.8],[25.5,61],[26.9,61.7],[28.3,62.5],[33.9,65.3],[39.9,68.8],[42.8,69.5]]]]}},{"type":"Feature","properties":{},"geometry":{"type":"MultiPolygon","coordinates":[[[[21.6,67.1],[23.2,65.6],[21.9,63.8],[18.8,62.3],[17.5,62.6],[15,63.9],[15.1,65.1],[19.1,66.1],[21.6,67.1]]]]}},{"type":"Feature","properties":{},"geometry":{"type":"MultiPolygon","coordinates":[[[[16.5,72.5],[10.9,73.5],[9.9,73.5],[8.6,73.8],[8.7,74.6],[9.1,74.7],[11.4,76.3],[12.9,77.2],[14.2,78],[12.7,78.1],[14.8,79.7],[18.3,79.9],[18.3,79.6],[18.4,78.4],[17.9,77.9],[17.2,77.4],[15.2,77.2],[14.5,76.5],[14.4,76.2],[14.5,75.6],[14.1,75.1],[16.1,73.5],[22.2,72],[23.1,71.3],[25.2,70.3],[21.6,71.6],[16.5,72.5]]]]}},{"type":"Feature","properties":{},"geometry":{"type":"MultiPolygon","coordinates":[[[[12.9,37.5],[13.2,37.4],[13.5,37.1],[12.7,37],[12.5,36.8],[12.8,36.9],[13.8,37.2],[14.1,36.8],[14.3,36.4],[12.9,36.1],[13,35.8],[13.5,36],[13.9,35.4],[14.6,36.2],[14.8,35.4],[15.2,35.7],[15.7,36],[15.6,36.2],[16.4,36.4],[16.5,35.5],[15.9,35.2],[15.5,34.8],[16.1,35.1],[15.7,34.6],[15.8,34.2],[15.8,34.3],[16.3,34.2],[16.1,33.7],[16.2,33.7],[16,33.2],[16,33],[16.1,32.5],[16.2,32],[16.8,32.1],[16.4,32.1],[16.5,31.9],[16.7,31.8],[17.1,31.9],[16.5,31.3],[16.6,31.2],[16.2,31.1],[16.5,30.9],[16.3,30.8],[16.7,30.7],[16.9,30.7],[17,30.4],[17.1,30.4],[17.4,29.7],[16.6,30],[17.2,29.7],[16.6,29.5],[17.3,29.2],[17.6,29.3],[17.5,28.8],[17,28.8],[16.9,28.6],[17.2,28.1],[17.6,28.4],[17.3,27.8],[16.6,28],[16.4,28.1],[15.9,28.2],[16.1,27.6],[15.5,27.6],[15.6,27.3],[16.3,27.2],[15.6,27],[16,26.9],[16.3,27.1],[16,26.6],[16.6,26.7],[17.4,26.4],[17.5,26.2],[17.6,25.9],[17.8,25.8],[17.9,25.6],[17.8,25.5],[18,25.3],[18,25.2],[17.9,25],[17.4,24.9],[16.8,25.7],[16.1,25.8],[15.4,26.1],[15.8,25.9],[15.9,25.7],[16.5,25.5],[16.1,25.1],[15.5,25.1],[15.3,24.5],[16.3,24.7],[15.9,24.2],[15.8,24.2],[16.2,24.5],[16.9,24.7],[18,24.6],[17.7,24.4],[17.7,24.2],[17.5,24.1],[17.4,23.9],[17.2,23.8],[17.1,23.5],[16.9,23.4],[16.9,23.2],[16.7,23],[16.4,22.8],[16.2,22.7],[15.9,22.7],[15.6,22.5],[15.3,22.5],[15.2,22.2],[15,22.1],[14.8,22.2],[14.5,22.3],[14.2,22.5],[14.5,22],[14.3,21.9],[14,21.5],[13.9,21.2],[13.8,21],[13.7,20.8],[13.6,20.5],[13.5,20.3],[13.3,20.2],[13.2,20.2],[13.1,20],[12.9,19.8],[12.8,19.9],[12.6,19.8],[12.5,19.8],[12.4,19.7],[12.3,19.9],[12.3,20.2],[12.2,20.1],[12.1,19.8],[12,19.8],[12,19.5],[11.9,19.6],[11.8,19.5],[11.6,19.5],[11.5,19.6],[11.3,19.4],[11.4,19.1],[11.3,19],[10.9,19],[10.7,18.9],[11,18.2],[10.5,18.2],[10.9,17.9],[10.7,17.6],[10.8,17.4],[10.6,17.5],[10.6,17.3],[10.4,17.5],[10.4,17.2],[10.2,17.2],[10.1,17.2],[10.4,16.9],[10.2,16.8],[9.9,16.8],[10,16.6],[9.9,16.6],[10,16.4],[10.1,16.3],[10.1,16.2],[9.9,15.9],[10.1,15.8],[9.7,15.7],[9.9,15.6],[9.9,15.5],[9.8,15.2],[9.3,15.1],[9.8,14.9],[9.4,14.9],[9.6,14.6],[9.7,14.5],[9.5,14.5],[9.3,14.5],[9,14.6],[9.4,14.4],[9.5,14.2],[9.3,14.1],[9,14.4],[8.8,14.2],[8.7,14],[8.5,14.1],[8.8,14.3],[8.5,14.2],[8.3,14.5],[8.3,14.7],[8.3,14.8],[8.3,14.9],[8.4,15.1],[8.1,14.9],[8,14.9],[8.4,15.1],[8.1,15.1],[8.2,15.3],[8,15.2],[7.9,15.1],[7.8,15],[7.5,15.1],[7.5,15],[7.3,15.2],[7.2,15.4],[7.1,15.5],[6.9,15.5],[7,15.5],[6.9,15.7],[6.7,15.7],[7,15.8],[6.6,15.8],[6.7,15.9],[6.6,16.1],[6.5,16.1],[6.8,16.3],[6.7,16.3],[6.4,16.3],[6.6,16.4],[6.5,16.5],[6.6,16.7],[6.3,17],[6.3,17.1],[6.4,17.3],[6.2,17.3],[6.1,17.6],[6,17.6],[6.2,17.7],[6,17.7],[6,18],[6.3,18],[6,18],[5.8,18.1],[6.2,18.3],[6,18.4],[6.6,18.6],[6,18.5],[6.2,18.6],[6.4,18.7],[6.6,18.8],[6.4,18.9],[6.5,19],[6.6,18.8],[6.7,19],[6.5,19.1],[6.4,19.6],[6.2,19.1],[5.9,19.3],[6.1,19.3],[6.1,19.4],[5.8,19.2],[5.8,19.3],[5.9,19.6],[5.9,19.7],[5.8,19.7],[6.2,20.1],[6.1,20.1],[5.7,19.9],[5.7,20],[5.7,20.2],[5.8,20.4],[6.2,20.3],[5.9,20.3],[5.5,20.4],[5.5,20.6],[6.3,21],[6.9,21.1],[6.2,21.1],[5.4,20.7],[5.7,20.8],[5.9,21.1],[5.8,21.2],[6.2,21.3],[6.1,21.4],[5.8,21.5],[5.5,21.6],[6.3,21.8],[5.6,21.9],[6,22.1],[6.1,22.2],[6.9,21.9],[6.8,22],[7,22.1],[6.9,22.3],[6.3,22.2],[5.7,22],[5.9,22.3],[6.1,22.4],[6.5,22.3],[5.9,22.6],[6.3,22.6],[7.1,22.2],[6.9,22.5],[7.1,22.8],[6.3,22.6],[6,22.8],[6.3,22.9],[6.7,23],[7,23],[7.1,22.9],[6.9,23.1],[7.2,23.4],[7.3,23.3],[7.4,23.2],[7.2,23.4],[7.3,23.5],[7.2,23.6],[7.3,23.8],[7.4,23.9],[7.4,24.2],[7.2,24.3],[7.1,24.4],[6.1,25.2],[7.5,24.6],[7.2,24.9],[7.5,24.8],[7.4,25.1],[7.5,25],[7.2,25.4],[7.4,25.4],[7,25.5],[7,25.7],[7.4,26],[6.8,26.2],[6.7,26.7],[6.6,26.1],[6.5,25.9],[6.1,25.9],[6.1,26.4],[6.6,26.7],[6.2,26.6],[6.5,26.8],[6.3,26.9],[6.5,27],[6.6,27.1],[6.7,27.3],[6.5,27.5],[6.5,27.8],[6.5,28.2],[6.5,28.3],[6.6,28.6],[6.6,28.8],[6.4,28.9],[6.6,29],[6.4,29.2],[6.4,29.5],[6.3,30],[6.4,30.3],[6.2,30.5],[5.9,30.8],[5.6,31.2],[5.3,31.4],[5,31.4],[4.7,31.3],[4.7,31.5],[4.3,31.6],[3.9,31.6],[4.2,32],[3.8,32.4],[3.7,32.5],[3.9,32.7],[5,32.4],[4.8,32.6],[5.2,32.7],[4.6,33],[4.5,33.2],[4.1,33.4],[3.9,33.9],[4.5,34.1],[5,34.1],[5.3,34.3],[5.7,34.2],[6.4,34.4],[6.9,34.9],[6.4,34.9],[6.7,35.5],[7,35.7],[7.4,35.8],[7.8,35.9],[8.3,36.3],[8.9,36.5],[9.1,36.5],[9.3,35.9],[9.7,36],[9.9,36.6],[10.6,35.9],[11.1,36.1],[11.3,36.7],[11.5,36.5],[10.9,36.8],[10.9,37.1],[11,37.2],[11.3,37],[11.8,36.6],[12.1,37.1],[11.9,37.4],[12.3,37.5],[12.5,37.4],[12.9,37.5]]]]}},{"type":"Feature","properties":{},"geometry":{"type":"MultiPolygon","coordinates":[[[[6.6,24.3],[6.8,23.9],[6.3,23.9],[6.1,24],[5.8,24.2],[5.8,24.5],[6.1,24.8],[6.6,24.3]]]]}},{"type":"Feature","properties":{},"geometry":{"type":"MultiPolygon","coordinates":[[[[16.7,24.9],[15.8,24.6],[16,25.1],[16.6,25.2],[16.7,24.9]]]]}},{"type":"Feature","properties":{},"geometry":{"type":"MultiPolygon","coordinates":[[[[17,27.2],[17.4,26.9],[17.5,26.6],[17.1,26.7],[16.5,27.1],[17,27.2]]]]}},{"type":"Feature","properties":{},"geometry":{"type":"MultiPolygon","coordinates":[[[[16.4,27.7],[17,27.5],[16.2,27.6],[16.4,27.7]]]]}},{"type":"Feature","properties":{},"geometry":{"type":"MultiPolygon","coordinates":[[[[17.4,27.4],[17,27.2],[16.5,27.3],[17.4,27.4]]]]}},{"type":"Feature","properties":{},"geometry":{"type":"MultiPolygon","coordinates":[[[[17.9,30],[18.1,29.9],[17.7,29.6],[17.8,29.9],[17.9,30]]]]}},{"type":"Feature","properties":{},"geometry":{"type":"MultiPolygon","coordinates":[[[[12.3,19.8],[12.4,19.6],[12.3,19.5],[12.3,19.8]]]]}},{"type":"Feature","properties":{},"geometry":{"type":"MultiPolygon","coordinates":[[[[7.2,24.2],[7.2,23.8],[7.1,24.2],[7.2,24.2]]]]}},{"type":"Feature","properties":{},"geometry":{"type":"MultiPolygon","coordinates":[[[[9,14.2],[9.4,14],[9.3,13.9],[9.2,14.1],[9,14.2]]]]}},{"type":"Feature","properties":{},"geometry":{"type":"MultiPolygon","coordinates":[[[[11,18.6],[11.1,18.4],[10.8,18.8],[11,18.6]]]]}},{"type":"Feature","properties":{},"geometry":{"type":"MultiPolygon","coordinates":[[[[10.3,16.7],[10.2,16.6],[10.1,16.7],[10.3,16.7]]]]}},{"type":"Feature","properties":{},"geometry":{"type":"MultiPolygon","coordinates":[[[[7.6,15.1],[7.7,15],[7.6,15],[7.6,15.1]]]]}},{"type":"Feature","properties":{},"geometry":{"type":"MultiPolygon","coordinates":[[[[-28.2,-56.4],[-29,-58.5],[-29.7,-58.8],[-31.3,-60.2],[-31.5,-61.6],[-33.1,-60.3],[-31.6,-58.9],[-31.1,-57.2],[-32.2,-56.5],[-32.8,-57.3],[-34.1,-57.4],[-35.1,-58.9],[-35.3,-57.5],[-34.7,-57.5],[-34.6,-57],[-34.2,-55.5],[-33,-55.1],[-31.4,-54.7],[-30.3,-53.8],[-29.8,-52.4],[-29.5,-52.2],[-28.5,-51.7],[-28,-51.5],[-28.4,-53.9],[-28.2,-56.4]]]]}},{"type":"Feature","properties":{},"geometry":{"type":"MultiPolygon","coordinates":[[[[10.3,-51.6],[11,-54.6],[8.8,-54.9],[4.4,-55.3],[2.1,-55.7],[1.9,-54.9],[2.7,-53.1],[1.4,-51.4],[1.5,-50.9],[4.7,-51],[8,-51.1],[8.9,-50.6],[9.4,-51.1],[9.4,-52.4],[9,-52.7],[9.5,-53.2],[9.9,-52.6],[10.3,-51.6]]]]}},{"type":"Feature","properties":{},"geometry":{"type":"MultiPolygon","coordinates":[[[[-19.2,-50.2],[-21.7,-49],[-21.2,-47.8],[-19.9,-45.9],[-18.3,-46],[-20.1,-48.8],[-19.2,-50.2]]]]}},{"type":"Feature","properties":{},"geometry":{"type":"MultiPolygon","coordinates":[[[[-0.4,-64.1],[-1,-64.2],[-1,-64.5],[-1.2,-64.6],[-1.9,-65],[-2.2,-65.4],[-3.1,-66],[-4.8,-66.5],[-6,-66.8],[-6,-66.9],[-12,-66.1],[-14,-66],[-14.6,-66.2],[-20.2,-67],[-20.7,-66.7],[-18.2,-66.1],[-11.4,-64.1],[-8.9,-62.9],[-5.2,-63],[-2.4,-63.1],[-0.1,-63.1],[1.1,-62.7],[2.1,-62.4],[2.8,-62],[3.5,-61.3],[3.9,-60.6],[5.6,-62.1],[-0.2,-63.6],[-0.4,-64.1]]]]}},{"type":"Feature","properties":{},"geometry":{"type":"MultiPolygon","coordinates":[[[[-31.3,-60.2],[-29.7,-58.8],[-29,-58.5],[-27.9,-58.4],[-25.9,-57.6],[-24.2,-57.4],[-24.7,-58.1],[-28.7,-59.2],[-29.8,-59],[-31.3,-60.2]]]]}},{"type":"Feature","properties":{},"geometry":{"type":"MultiPolygon","coordinates":[[[[-1.3,-57.7],[-1.7,-58.5],[-4.1,-58.4],[-6.3,-58],[-9,-57.8],[-12.2,-58],[-13.1,-57.8],[-14.9,-57.3],[-16.1,-56.9],[-17.1,-56.5],[-15.7,-56.5],[-12.8,-56.6],[-8.2,-56.6],[-6.4,-56.8],[-3.3,-57],[-1.7,-57.5],[-1.3,-57.7]]]]}},{"type":"Feature","properties":{},"geometry":{"type":"MultiPolygon","coordinates":[[[[-21.1,-66.6],[-21.7,-66.7],[-29.9,-65.8],[-31.7,-63.3],[-31.5,-61.6],[-30.9,-62.4],[-28.9,-63.5],[-24.5,-64.5],[-22.7,-65.2],[-21.1,-66.6]]]]}},{"type":"Feature","properties":{},"geometry":{"type":"MultiPolygon","coordinates":[[[[-3.5,-63.1],[-8.3,-63],[-9.4,-62.7],[-12,-61.9],[-14,-61.1],[-15,-60.4],[-17,-59],[-17.7,-57.6],[-16.8,-57],[-15.3,-57.2],[-13.5,-57.5],[-12.7,-58.5],[-12.4,-59.9],[-10.4,-60.7],[-8.4,-61.1],[-6,-61.7],[-3.3,-62.4],[-3.5,-63.1]]]]}},{"type":"Feature","properties":{},"geometry":{"type":"MultiPolygon","coordinates":[[[[-17.2,-56.8],[-17.6,-57.8],[-16.6,-59.3],[-14.9,-60.5],[-13.6,-61.2],[-11.6,-62],[-9.2,-62.9],[-12.9,-64.8],[-19,-66.4],[-21.1,-66.6],[-23.4,-64.7],[-27.3,-63.8],[-30.1,-62.9],[-31.3,-62.1],[-31.5,-61],[-29.9,-59.3],[-29.1,-59.2],[-25.6,-58.6],[-20.8,-56.6],[-18.9,-56.2],[-17.2,-56.8]]]]}},{"type":"Feature","properties":{},"geometry":{"type":"MultiPolygon","coordinates":[[[[-17.7,-55.8],[-20.1,-56.4],[-22.2,-57],[-25.4,-57.6],[-27.3,-58.2],[-28.8,-58.5],[-28.5,-57.4],[-27.1,-54.7],[-26.2,-52.9],[-25.3,-52],[-22.8,-53],[-19.8,-54],[-16.2,-55.6],[-13,-56.3],[-13.8,-56.6],[-16.3,-56.4],[-17.7,-55.8]]]]}},{"type":"Feature","properties":{},"geometry":{"type":"MultiPolygon","coordinates":[[[[-17.4,-56.1],[-20.1,-56.4],[-17.7,-55.8],[-17.4,-56.1]]]]}},{"type":"Feature","properties":{},"geometry":{"type":"MultiPolygon","coordinates":[[[[-3.5,-63.1],[-0.9,-62],[0.8,-59.9],[0.1,-58.9],[1.3,-59.5],[2.6,-60.4],[2.9,-60.8],[3.2,-60.2],[3.9,-60.6],[3.5,-61.3],[2.8,-62],[2.1,-62.4],[1.1,-62.7],[-0.1,-63.1],[-2.4,-63.1],[-3.5,-63.1]]]]}},{"type":"Feature","properties":{},"geometry":{"type":"MultiPolygon","coordinates":[[[[-7.6,-51.4],[-12.1,-52.3],[-13.8,-53.9],[-17.5,-52.6],[-18.5,-50.7],[-19.3,-50.1],[-19.8,-47.7],[-17.3,-44.2],[-15.7,-43.6],[-14,-43.4],[-12.6,-43.5],[-11,-42.6],[-10.5,-41.8],[-9.6,-40.9],[-9,-40.8],[-7.6,-38.5],[-7.4,-38.6],[-7.4,-38.5],[-7,-37.8],[-4.8,-38.8],[-5.1,-40.4],[-6.7,-44.1],[-6.7,-47.3],[-7.1,-50.6],[-7.6,-51.4]]]]}},{"type":"Feature","properties":{},"geometry":{"type":"MultiPolygon","coordinates":[[[[14.6,-56.8],[13.7,-55.5],[14,-54.7],[16.2,-55.2],[17.1,-55.7],[14.6,-56.8]]]]}},{"type":"Feature","properties":{},"geometry":{"type":"MultiPolygon","coordinates":[[[[14.6,-56.8],[12.4,-58],[10.6,-58.1],[11.8,-57.5],[12.3,-56.7],[12.6,-55.1],[13.5,-55],[14,-56.6],[14.6,-56.8]]]]}},{"type":"Feature","properties":{},"geometry":{"type":"MultiPolygon","coordinates":[[[[11.4,-56.9],[9.8,-57.6],[8.1,-57.8],[3.3,-57.1],[-0.9,-56.3],[-0.6,-55.1],[1.5,-55.7],[3.2,-55.5],[6.5,-55.1],[10.7,-55.4],[11.6,-56],[11.4,-56.9]]]]}},{"type":"Feature","properties":{},"geometry":{"type":"MultiPolygon","coordinates":[[[[28,-43.9],[29.2,-43.6],[29.9,-43.3],[31.1,-43.3],[31.1,-43.9],[30.8,-44.3],[30.6,-45.3],[29.6,-44.7],[28,-43.9]]]]}},{"type":"Feature","properties":{},"geometry":{"type":"MultiPolygon","coordinates":[[[[15.7,-45.1],[12.1,-47.8],[12.2,-47],[10.5,-49.1],[9.6,-50],[8.9,-50.6],[8,-51.1],[4.7,-51],[1.5,-50.9],[-2.5,-50.6],[0.8,-50.1],[4.4,-49],[8.1,-46.5],[9.2,-45.4],[10,-45.1],[11.1,-43.3],[12.2,-43.6],[12.8,-44.2],[14.2,-43.8],[14.3,-43.8],[15.1,-44.4],[14.8,-44.6],[15.1,-44.9],[15.5,-45],[15.7,-45.1]]]]}},{"type":"Feature","properties":{},"geometry":{"type":"MultiPolygon","coordinates":[[[[5.8,-35.1],[7.3,-35.9],[8.4,-36.9],[10.1,-38],[10.9,-39.7],[10.6,-41.5],[10.7,-44.3],[9.5,-45.3],[8.1,-46.3],[6.5,-48],[2.7,-49.8],[-1.1,-50.3],[-5.1,-50.7],[-6.8,-50],[-6.7,-46.8],[-6.6,-42.7],[-4.1,-40.3],[-5.9,-37.6],[-6.5,-35.8],[-6.4,-34.8],[-6.5,-34.1],[-6.5,-34],[-6.2,-33.4],[-5.8,-32.6],[-5.6,-32.1],[-5.6,-32.4],[-5.3,-32.4],[-4.4,-32.1],[-4.2,-32.2],[-4.1,-32.3],[-4.1,-32.1],[-4.1,-31.7],[-3.9,-31.9],[-3.4,-31.6],[-3.6,-31.3],[-2.1,-30.7],[-1.4,-30.3],[-1,-29.7],[0.2,-29.7],[-0.2,-31.2],[1.2,-33.1],[1.3,-33.6],[2.1,-33.9],[3.2,-34],[3.5,-34],[4.4,-34],[4.1,-34.6],[5.8,-35.1]]]]}},{"type":"Feature","properties":{},"geometry":{"type":"MultiPolygon","coordinates":[[[[12.1,-36.7],[7.8,-36.1],[6.1,-35.7],[4.7,-33.3],[3.9,-33.6],[3.5,-33.4],[2.4,-32.8],[1.8,-31.7],[1.1,-30.9],[0.7,-30.3],[0.2,-29.7],[1.3,-29.2],[4.9,-30.1],[9.3,-33.1],[12.1,-36.7]]]]}},{"type":"Feature","properties":{},"geometry":{"type":"MultiPolygon","coordinates":[[[[23.7,-48.1],[21,-48.2],[21.7,-48],[20.9,-47.7],[21,-47.3],[20.5,-44.1],[24,-43.5],[23.9,-46.2],[23.1,-48.2],[23.7,-48.1]]]]}},{"type":"Feature","properties":{},"geometry":{"type":"MultiPolygon","coordinates":[[[[23.5,-15.3],[20.2,-20.5],[17.3,-25.1],[20.1,-25.8],[23.3,-23.1],[29.5,-24.2],[31.5,-22.2],[32.5,-21.7],[29.3,-26.3],[27,-27.8],[26.7,-28.6],[27.6,-28.4],[28.5,-28.4],[30.1,-28.6],[30.4,-29.7],[30.5,-31.1],[30.1,-33],[29.7,-33.6],[30.2,-33.9],[30.8,-34.3],[30.4,-34.8],[30,-35.2],[29.6,-36.2],[28.5,-36.2],[24.8,-34.7],[21.3,-35.4],[15.6,-32],[10.9,-30.7],[5.9,-28],[6.6,-26.9],[8.5,-26],[8.5,-26.5],[9.1,-26.3],[9.7,-26.6],[9.9,-28.1],[14.7,-27.5],[16.2,-25.6],[14.5,-22.7],[12,-21.1],[12.5,-18.5],[13.7,-20.2],[15.3,-18.9],[16.9,-17.8],[19.2,-16.6],[19.1,-14.6],[16.2,-12.2],[13.7,-12.8],[13,-15.2],[15.4,-12.1],[20.5,-10],[23.1,-14.3],[23.5,-15.3]]]]}},{"type":"Feature","properties":{},"geometry":{"type":"MultiPolygon","coordinates":[[[[9.7,-26.5],[9,-25.9],[9.3,-25.6],[9.9,-26],[9.7,-26.5]]]]}},{"type":"Feature","properties":{},"geometry":{"type":"MultiPolygon","coordinates":[[[[34.3,-22.7],[33.7,-23.2],[33.2,-23.5],[33.1,-23.1],[33.5,-22.4],[34.3,-22.7]]]]}},{"type":"Feature","properties":{},"geometry":{"type":"MultiPolygon","coordinates":[[[[34.7,-22.4],[34.3,-22.6],[34.5,-22.3],[34.7,-22.4]]]]}},{"type":"Feature","properties":{},"geometry":{"type":"MultiPolygon","coordinates":[[[[33.7,-23.5],[34.2,-23.1],[33.8,-23.5],[33.7,-23.5]]]]}},{"type":"Feature","properties":{},"geometry":{"type":"MultiPolygon","coordinates":[[[[35.1,-28.4],[35.1,-29.4],[35,-29.8],[34.6,-30.4],[33.3,-31],[31.2,-31],[30.8,-29.1],[31.5,-27],[33.3,-27.8],[33.4,-28.7],[35.1,-28.4]]]]}},{"type":"Feature","properties":{},"geometry":{"type":"MultiPolygon","coordinates":[[[[38.9,-27.4],[38.4,-28.4],[37.8,-27.1],[38.4,-26.7],[38.9,-27.4]]]]}},{"type":"Feature","properties":{},"geometry":{"type":"MultiPolygon","coordinates":[[[[41.9,-31.2],[41.2,-31.9],[41.8,-30.9],[41.9,-31.2]]]]}},{"type":"Feature","properties":{},"geometry":{"type":"MultiPolygon","coordinates":[[[[34.9,-31.8],[34,-32.9],[32.8,-35.1],[32.5,-34.6],[33.1,-33.6],[32.5,-32.7],[31.5,-32.1],[31,-31.5],[31.2,-31],[33.3,-31],[34.6,-30.4],[34.6,-30.7],[34.8,-31.7],[34.9,-31.8]]]]}},{"type":"Feature","properties":{},"geometry":{"type":"MultiPolygon","coordinates":[[[[38.5,-31.3],[35.1,-32.1],[35,-30.9],[35.1,-30.6],[36.8,-29.6],[38.4,-30.4],[38.5,-31.3]]]]}},{"type":"Feature","properties":{},"geometry":{"type":"MultiPolygon","coordinates":[[[[35.7,-35.7],[35.1,-36.8],[33.9,-36.7],[32.5,-35.8],[33.1,-35.5],[32.8,-35.1],[34,-32.9],[34.9,-31.8],[35.2,-32.3],[35.5,-32.6],[35.5,-34.8],[35.7,-35.7]]]]}},{"type":"Feature","properties":{},"geometry":{"type":"MultiPolygon","coordinates":[[[[31.2,-36.1],[29.9,-35.8],[30.2,-35],[30.5,-34.4],[30.1,-34.2],[29.9,-33.7],[29.8,-33.2],[31,-33.3],[31.4,-33.8],[31.2,-36.1]]]]}},{"type":"Feature","properties":{},"geometry":{"type":"MultiPolygon","coordinates":[[[[30.7,-31.3],[30.3,-30],[30.4,-28.7],[28.9,-28.3],[27.8,-28.6],[26.9,-28.6],[26.9,-28],[28,-27.8],[28.9,-27],[29.8,-27.4],[31.3,-27.6],[30.6,-29.8],[30.7,-31.3]]]]}},{"type":"Feature","properties":{},"geometry":{"type":"MultiPolygon","coordinates":[[[[40.7,-30],[41.4,-32],[42.4,-33.7],[41.8,-36.3],[40.6,-38.8],[38.8,-39.7],[36.4,-40],[37.1,-38.3],[39,-37.2],[40,-35.1],[39.2,-31.6],[38.9,-29.4],[40.5,-29.3],[40.7,-30]]]]}},{"type":"Feature","properties":{},"geometry":{"type":"MultiPolygon","coordinates":[[[[42.1,-41.2],[41,-41],[37.4,-41],[36.9,-41.1],[36.6,-41],[36,-41],[38.8,-39.7],[41.3,-40.1],[42.1,-41.2]]]]}},{"type":"Feature","properties":{},"geometry":{"type":"MultiPolygon","coordinates":[[[[40.3,-26.8],[39.7,-27.8],[38.4,-26.7],[39,-26],[39.7,-26],[40.3,-26.7],[40.3,-26.8]]]]}},{"type":"Feature","properties":{},"geometry":{"type":"MultiPolygon","coordinates":[[[[39.4,-33.6],[38.5,-35.2],[39,-32.9],[39.4,-33.6]]]]}},{"type":"Feature","properties":{},"geometry":{"type":"MultiPolygon","coordinates":[[[[32.3,-35.3],[31.4,-33.8],[31,-32],[31.6,-31.7],[31.5,-32.3],[32.7,-33],[33,-34.1],[32.5,-34.7],[32.3,-35.3]]]]}},{"type":"Feature","properties":{},"geometry":{"type":"MultiPolygon","coordinates":[[[[35.8,-36.8],[35.3,-37.7],[34.8,-38.5],[34.7,-39.2],[34.7,-40],[34.5,-40.5],[33.7,-41.4],[31.6,-39],[32.6,-35.4],[32.9,-35.7],[33,-36.1],[34,-37.2],[35.8,-36.8]]]]}},{"type":"Feature","properties":{},"geometry":{"type":"MultiPolygon","coordinates":[[[[38.1,-40.1],[35.1,-40.6],[35.2,-39.8],[35.9,-38.5],[38.6,-37.4],[38.2,-36.3],[38.3,-34.6],[40.1,-34.3],[39.1,-37.2],[37.6,-38.3],[35.9,-39.7],[38.1,-40.1]]]]}},{"type":"Feature","properties":{},"geometry":{"type":"MultiPolygon","coordinates":[[[[26,-46],[26.4,-44.9],[26.4,-44.4],[25.6,-45.3],[25.6,-45.9],[25.4,-46.7],[23.7,-47.4],[23.6,-45],[27.9,-43.7],[26,-46]]]]}},{"type":"Feature","properties":{},"geometry":{"type":"MultiPolygon","coordinates":[[[[8.3,-30.9],[4.9,-30.1],[1.3,-29.2],[-0.8,-29.9],[-1,-29.5],[-1.2,-28.7],[-1.2,-28.6],[-1.3,-28.4],[-1.3,-28.3],[-1.3,-28.2],[-0.7,-27.3],[0.3,-27.1],[1,-27.1],[1,-26.7],[1.6,-26.8],[2,-26.9],[2.7,-27],[4.5,-26.7],[6.1,-28.8],[8.3,-30.9]]]]}},{"type":"Feature","properties":{},"geometry":{"type":"MultiPolygon","coordinates":[[[[11.5,-14.3],[10.2,-16.2],[9.3,-17.4],[7.7,-19.8],[6.9,-19.4],[7,-18.5],[8.8,-16.3],[9.8,-15.2],[10.6,-14.6],[11.3,-14.2],[11.5,-14.3]]]]}},{"type":"Feature","properties":{},"geometry":{"type":"MultiPolygon","coordinates":[[[[10,-16.6],[11.2,-14.7],[11.8,-14.2],[11.5,-14.8],[11.2,-15.4],[11.1,-15.7],[10.8,-16.3],[10.4,-17.2],[10.2,-16.5],[10,-16.6]]]]}},{"type":"Feature","properties":{},"geometry":{"type":"MultiPolygon","coordinates":[[[[12.3,-13.4],[11.4,-14.2],[10.7,-14.6],[10.4,-14.5],[10.8,-13.9],[11.3,-13.3],[12,-12.9],[12.3,-13.3],[12.3,-13.4]]]]}},{"type":"Feature","properties":{},"geometry":{"type":"MultiPolygon","coordinates":[[[[12,-12.9],[11,-13],[10.3,-13.7],[9.5,-14.5],[9.4,-13.5],[10,-12.3],[10.7,-10.7],[11.2,-11.8],[11.5,-12.4],[12,-12.9]]]]}},{"type":"Feature","properties":{},"geometry":{"type":"MultiPolygon","coordinates":[[[[9.2,-14.9],[8.8,-14.8],[8.9,-13.9],[9.2,-12.9],[9.4,-13.5],[9.2,-14.9]]]]}},{"type":"Feature","properties":{},"geometry":{"type":"MultiPolygon","coordinates":[[[[10.7,-10.7],[10,-12.3],[8.2,-13.4],[9,-12],[10.7,-10.7]]]]}},{"type":"Feature","properties":{},"geometry":{"type":"MultiPolygon","coordinates":[[[[3.1,-15.2],[2.9,-15],[3.9,-14.1],[5.1,-13.2],[6.2,-12.3],[6.1,-12.5],[5.1,-13.3],[4.2,-14.3],[3.1,-15.2]]]]}},{"type":"Feature","properties":{},"geometry":{"type":"MultiPolygon","coordinates":[[[[9.3,-10.7],[8.6,-11.5],[7.6,-12.2],[6.4,-12.9],[5.3,-14.2],[4.4,-14.7],[4,-14.8],[3.2,-15.3],[3.7,-14.7],[4.6,-13.9],[5.5,-13],[6.7,-12.1],[7.8,-11.3],[8.8,-10.1],[8.8,-10.5],[9.3,-10.7]]]]}},{"type":"Feature","properties":{},"geometry":{"type":"MultiPolygon","coordinates":[[[[7.8,-11.3],[6.7,-12],[5.9,-11.8],[6.6,-11.2],[7.5,-10.9],[7.8,-11.3]]]]}},{"type":"Feature","properties":{},"geometry":{"type":"MultiPolygon","coordinates":[[[[7.5,-10.9],[6.6,-11.2],[5.9,-11.8],[5.2,-12],[5.9,-11],[6.4,-10.5],[6.8,-10.9],[7.3,-10.6],[7.4,-10.6],[7.5,-10.9]]]]}},{"type":"Feature","properties":{},"geometry":{"type":"MultiPolygon","coordinates":[[[[6.3,-10.4],[6.1,-10.7],[5.9,-11],[5.2,-12],[4.9,-12.9],[4.6,-13.6],[4.2,-13.8],[3.1,-14.3],[2,-14.9],[1.7,-14.9],[2.9,-13.4],[3.9,-12.6],[5.3,-11.2],[6.2,-10.2],[6.3,-10.4]]]]}},{"type":"Feature","properties":{},"geometry":{"type":"MultiPolygon","coordinates":[[[[6.7,-12.1],[5.7,-12.6],[4.6,-13.9],[3.3,-14.7],[2.4,-15.4],[1.9,-15.6],[2,-14.9],[3.1,-14.3],[4.2,-13.8],[4.6,-13.6],[4.9,-12.9],[5.9,-11.8],[6.7,-12],[6.7,-12.1]]]]}},{"type":"Feature","properties":{},"geometry":{"type":"MultiPolygon","coordinates":[[[[6.6,-9.6],[5.3,-11.2],[3.9,-12.6],[2.9,-13.4],[1.7,-14.9],[0.7,-13.9],[2.7,-12.6],[4.4,-10.9],[6.3,-9.4],[6.6,-9.6]]]]}},{"type":"Feature","properties":{},"geometry":{"type":"MultiPolygon","coordinates":[[[[0.7,0.4],[-3.1,-0.9],[-6.3,0.1],[-7,-0.7],[-7.5,-3],[-7.8,-5.3],[-9.7,-8.4],[-13.7,-10.9],[-14.6,-12.5],[-14.8,-14.9],[-14.9,-14.1],[-14.8,-13.8],[-14.9,-12.8],[-14.8,-12.6],[-15.1,-12.3],[-14.9,-12.1],[-14.9,-11.7],[-14.8,-11.8],[-14.6,-11.7],[-14.5,-11.7],[-14.6,-11.6],[-14.8,-11.6],[-14.5,-11.2],[-14.2,-10.9],[-14.2,-10.6],[-14.4,-10.5],[-14.2,-10.3],[-14.2,-9.9],[-14.3,-9.7],[-14.4,-9.5],[-14.3,-9.2],[-14.2,-9],[-14.1,-8.8],[-14.1,-8.7],[-14.2,-8.5],[-14.3,-8.1],[-13.9,-8],[-13.8,-8.1],[-13.7,-8.1],[-13.8,-7.9],[-13.9,-7.9],[-13.9,-7.8],[-13.6,-7.9],[-13.7,-7.6],[-14.2,-7.2],[-13.8,-6.9],[-14.1,-6.8],[-14.2,-6.3],[-14,-6.4],[-13.9,-6.5],[-14,-6.3],[-13.7,-5.9],[-13.4,-5.8],[-13.1,-6.1],[-12.6,-6.5],[-13.4,-5.9],[-13.2,-5.5],[-12.9,-5.4],[-12.2,-5.2],[-11.3,-4.4],[-9.8,-3.3],[-8.7,-1.9],[-8.4,-1.7],[-8.1,-1.5],[-7.9,-1],[-7.8,-0.4],[-7.4,0.1],[-6.2,0.4],[-5.2,0.6],[-4,0.7],[-1.8,1.2],[0.7,1],[3.1,1.1],[3.4,1.2],[0.7,0.4]]]]}},{"type":"Feature","properties":{},"geometry":{"type":"MultiPolygon","coordinates":[[[[7.3,-10.6],[6.9,-10.9],[6.5,-10.5],[6.1,-10.6],[6.4,-10.4],[7,-9.8],[7.1,-10],[7.3,-10.4],[7.3,-10.6]]]]}},{"type":"Feature","properties":{},"geometry":{"type":"MultiPolygon","coordinates":[[[[9.9,-10.9],[7.4,-13.9],[6.1,-14.8],[6.6,-13.7],[8.2,-12.3],[9,-11.6],[9.9,-10.9]]]]}},{"type":"Feature","properties":{},"geometry":{"type":"MultiPolygon","coordinates":[[[[9.3,-15.7],[8.4,-16.4],[7,-18.7],[7.2,-19.6],[7.8,-19.8],[5.8,-25.6],[4.4,-23.5],[4.3,-22.5],[2.9,-21.7],[0.9,-21.5],[-0.2,-19.8],[-0.6,-18.6],[0.3,-16.9],[-0.2,-15.2],[0.7,-14.1],[1.7,-15.5],[2.3,-15.6],[2.9,-15.2],[3.5,-15.1],[4.1,-14.7],[4.7,-14.4],[5.5,-14.7],[6.4,-15],[6.7,-16],[7.6,-15.6],[8.8,-14.8],[9.2,-14.9],[9.3,-15.2],[9.3,-15.7]]]]}},{"type":"Feature","properties":{},"geometry":{"type":"MultiPolygon","coordinates":[[[[-15.9,-29.9],[-18,-32.7],[-18.2,-36],[-17.4,-37.9],[-18.6,-39.1],[-19.4,-37],[-21,-35.2],[-21.1,-33.9],[-19.7,-33],[-20,-32.3],[-17.4,-30.1],[-15.9,-29.9]]]]}},{"type":"Feature","properties":{},"geometry":{"type":"MultiPolygon","coordinates":[[[[-7.5,-27.8],[-8.5,-28.6],[-10.5,-29.3],[-14.1,-30.1],[-14.5,-29.1],[-8.1,-26.2],[-7,-26.5],[-7.5,-27.8]]]]}},{"type":"Feature","properties":{},"geometry":{"type":"MultiPolygon","coordinates":[[[[-18.6,-39.1],[-20.5,-37.3],[-20.7,-35.4],[-18.9,-37.2],[-18.6,-39.1]]]]}},{"type":"Feature","properties":{},"geometry":{"type":"MultiPolygon","coordinates":[[[[-24.4,-34.8],[-22.8,-35.1],[-22.2,-37.1],[-20.5,-39],[-22.1,-39.9],[-24.8,-40],[-27.7,-40.5],[-31.2,-41.6],[-33,-40.9],[-30.9,-39.8],[-28.7,-38.4],[-26.3,-37.1],[-25.2,-35.7],[-24.4,-34.8]]]]}},{"type":"Feature","properties":{},"geometry":{"type":"MultiPolygon","coordinates":[[[[-5.2,-24],[-7.3,-23.7],[-6.9,-23.7],[-6.6,-23.7],[-5.9,-23.7],[-5.2,-24]]]]}},{"type":"Feature","properties":{},"geometry":{"type":"MultiPolygon","coordinates":[[[[-0.7,-28.5],[-4.9,-28.2],[-7.4,-27.7],[-6.9,-25.8],[-4.6,-24.6],[-3.7,-25.4],[-3.4,-25.9],[-2.8,-26.5],[-1.8,-26.8],[-0.9,-27.1],[-0.8,-27.6],[-0.7,-28.1],[-0.7,-28.5]]]]}},{"type":"Feature","properties":{},"geometry":{"type":"MultiPolygon","coordinates":[[[[-43.8,-47.5],[-43.8,-51.8],[-45,-51.5],[-45.2,-51.9],[-45,-52.2],[-45.8,-48.5],[-44.9,-47.2],[-43.8,-47.5]]]]}},{"type":"Feature","properties":{},"geometry":{"type":"MultiPolygon","coordinates":[[[[-39.9,-37],[-42.5,-40.8],[-46.2,-45.9],[-46.8,-43.3],[-44.1,-38.6],[-40.7,-36.4],[-39.9,-37]]]]}},{"type":"Feature","properties":{},"geometry":{"type":"MultiPolygon","coordinates":[[[[-46.7,-46.3],[-49.5,-49.9],[-49.2,-47.7],[-46.7,-46.3]]]]}},{"type":"Feature","properties":{},"geometry":{"type":"MultiPolygon","coordinates":[[[[-23.3,21.3],[-23.7,21.4],[-25.8,20.8],[-28.3,21],[-29,21.1],[-28.6,21.7],[-27.3,21.6],[-25.7,21.4],[-24.3,21.7],[-23.9,21.7],[-23.4,21.7],[-23.3,21.3]]]]}},{"type":"Feature","properties":{},"geometry":{"type":"MultiPolygon","coordinates":[[[[-1.3,23.4],[-1.3,23.1],[-2,23],[-2.6,23.1],[-3,23.1],[-2.9,23.2],[-2.9,23.9],[-2.1,24],[-1.5,23.5],[-1.3,23.4]]]]}},{"type":"Feature","properties":{},"geometry":{"type":"MultiPolygon","coordinates":[[[[-3.9,23.6],[-4,23.9],[-3.4,24.1],[-3.9,23.6]]]]}},{"type":"Feature","properties":{},"geometry":{"type":"MultiPolygon","coordinates":[[[[-1.6,24.9],[-1.9,24.8],[-2,25.1],[-1.6,24.9]]]]}},{"type":"Feature","properties":{},"geometry":{"type":"MultiPolygon","coordinates":[[[[1,21.5],[0.8,21.1],[0.7,20.7],[0.3,20.6],[0.3,21.4],[0.3,21.8],[0.5,21.7],[0.8,21.4],[1,21.5]]]]}},{"type":"Feature","properties":{},"geometry":{"type":"MultiPolygon","coordinates":[[[[0.6,20.4],[0.5,20.2],[0.4,19.9],[0.6,19.7],[0.5,19.5],[0.3,19.4],[0.2,19.4],[0.1,19.3],[0.1,19.2],[0.5,19.4],[0.5,18.5],[0.9,16.8],[1.3,15.1],[1.1,15],[1.1,15.2],[1.1,15.4],[1,15.3],[1,14.9],[1,14.8],[0.9,14.5],[1,14.6],[1.1,14.2],[0.8,14.4],[0.4,15.7],[0.1,16.6],[0,17.9],[-0.2,18.8],[-0.1,19.6],[0.3,20.6],[0.6,20.4]]]]}},{"type":"Feature","properties":{},"geometry":{"type":"MultiPolygon","coordinates":[[[[7.1,9.3],[6.6,8.9],[6.8,8.9],[6.8,8.7],[5.4,7.8],[5.6,8.2],[6.1,8.9],[6.5,9.3],[6.7,9.4],[7.1,9.3]]]]}},{"type":"Feature","properties":{},"geometry":{"type":"MultiPolygon","coordinates":[[[[5.2,10.7],[5.1,10.6],[4.9,10.6],[4.6,10.2],[4.3,9.9],[3.6,9.9],[3.5,10],[3,9.9],[2.4,10.2],[1.4,10.4],[0.2,10.6],[0.1,10.7],[0.5,10.8],[0.5,10.6],[0.7,10.8],[0.6,11],[1,11],[0.9,11.3],[0.7,11.1],[0.5,11.8],[1.2,12.2],[1.6,12.4],[1.6,12.3],[1.8,11.8],[2.2,11.5],[2.5,11.1],[2.7,11.2],[2.6,11.3],[3,11.8],[4.6,11.5],[5.2,10.7]]]]}},{"type":"Feature","properties":{},"geometry":{"type":"MultiPolygon","coordinates":[[[[6.2,9],[5.3,7.8],[4.3,7.4],[4.8,8.1],[4.7,8.1],[5.1,8.6],[5.3,8.5],[5.4,8.7],[5.5,8.9],[5.5,9],[5.6,9.4],[5.9,10.1],[6.3,10.4],[6.7,10.8],[7.1,10.8],[7.2,10.8],[6.8,10.7],[6.8,10.1],[6.6,9.9],[6.4,9.5],[6.2,9.2],[6.2,9]]]]}},{"type":"Feature","properties":{},"geometry":{"type":"MultiPolygon","coordinates":[[[[2.7,8.9],[1.6,9.7],[2.6,9.3],[2.7,8.9]]]]}},{"type":"Feature","properties":{},"geometry":{"type":"MultiPolygon","coordinates":[[[[1,9.3],[1,9],[1.1,8.5],[0.7,8.7],[0,8.9],[-0.6,8.8],[-1.1,8.7],[-1.5,8.5],[-2.1,7.9],[-2.8,7.2],[-3.4,6.7],[-3.9,6.6],[-4.5,6.3],[-5.2,5.9],[-5.3,5.7],[-5.4,5.5],[-5.9,4.4],[-7.3,4.1],[-10.9,3.3],[-13.9,2.1],[-13.2,2.9],[-10.8,4.7],[-9.6,5.8],[-8.8,5.8],[-8,6.3],[-8.1,6.5],[-7.6,6.7],[-8.6,6.6],[-8.5,6.7],[-8,7.2],[-7.7,7.7],[-7,8.1],[-6.6,8.2],[-6,8.8],[-5.6,8.7],[-5.4,8.3],[-4.9,8.3],[-4.4,8.1],[-3.9,8.1],[-2.8,8.8],[-3,8.5],[-3.6,8.2],[-3.8,8],[-1.9,9.1],[0.8,9.4],[1,9.3]]]]}},{"type":"Feature","properties":{},"geometry":{"type":"MultiPolygon","coordinates":[[[[-8.8,6.5],[-8.7,6.6],[-8.7,6.4],[-8.8,6.5]]]]}},{"type":"Feature","properties":{},"geometry":{"type":"MultiPolygon","coordinates":[[[[-10.1,34.4],[-12.3,33.5],[-13.2,32.5],[-15.3,31.6],[-16,31.8],[-16.5,32.3],[-14,35.5],[-12.7,36],[-12.1,35.8],[-12.1,35.6],[-12.1,35],[-12,34.8],[-12.4,34.9],[-12.4,34.4],[-12.2,34.5],[-12.2,34.4],[-12.1,34.5],[-12,34.5],[-11.8,34.8],[-11.3,35.3],[-10.9,35.1],[-10.7,35.1],[-10.6,35.1],[-10.5,35.4],[-10.7,35.2],[-11,35.3],[-11.1,35.4],[-11.4,35.7],[-10,35.6],[-10.3,35],[-10.1,34.8],[-10.1,34.4]]]]}},{"type":"Feature","properties":{},"geometry":{"type":"MultiPolygon","coordinates":[[[[-16.3,31.8],[-16.7,31.9],[-16.6,32.1],[-16.4,32.2],[-16.3,31.8]]]]}},{"type":"Feature","properties":{},"geometry":{"type":"MultiPolygon","coordinates":[[[[-25.9,21.4],[-27.3,21.6],[-29,21.7],[-28.7,22.8],[-28.5,23.8],[-27.9,24],[-26.4,23.4],[-25.6,21.8],[-25.9,21.4]]]]}},{"type":"Feature","properties":{},"geometry":{"type":"MultiPolygon","coordinates":[[[[-25.3,21.5],[-25.9,21.5],[-25.6,22.6],[-27.1,23.7],[-28.4,23.8],[-28.3,24.3],[-27.1,24],[-25.8,23.3],[-25.3,22.4],[-25.3,21.5]]]]}},{"type":"Feature","properties":{},"geometry":{"type":"MultiPolygon","coordinates":[[[[-0.4,10.4],[-1.3,9.8],[-1.4,9.8],[-1.7,9.6],[-2.1,9.4],[-2.4,9.1],[-2.5,9],[-3.8,8.2],[-4.2,8.2],[-4.8,8.1],[-4.6,9.3],[-4.5,10.2],[-3.9,10.8],[-3.7,12.3],[-2.6,11.4],[-2.4,10.9],[-1.7,11.1],[-0.8,11.2],[-0.4,10.4]]]]}},{"type":"Feature","properties":{},"geometry":{"type":"MultiPolygon","coordinates":[[[[-18.1,39],[-18.6,39.2],[-18.4,39.1],[-18.1,38.5],[-17.5,37.9],[-18,38.3],[-18.7,38],[-18.9,37.5],[-20,36.1],[-20.3,36.3],[-20.9,36],[-21.4,35.8],[-21.8,35],[-22.4,34.5],[-22.9,34.2],[-24.3,33.4],[-25.2,32.1],[-25.7,32.1],[-27.4,31.8],[-27.5,32.2],[-27.2,32.6],[-26,33.6],[-24.9,34.1],[-23.3,34.6],[-22.5,35.2],[-22.2,35.6],[-22.8,35.8],[-21.9,36],[-20.9,36.7],[-20.2,37.4],[-19.8,38.1],[-20.1,37.6],[-21.1,36.8],[-21.9,36.6],[-20.9,37.1],[-20.1,37.9],[-20.1,38.4],[-19.4,39],[-20.1,41.1],[-18,43.7],[-19,41.7],[-18.5,39.7],[-18.3,39.4],[-18.1,39]]]]}},{"type":"Feature","properties":{},"geometry":{"type":"MultiPolygon","coordinates":[[[[-4.1,35.3],[-4.8,35],[-5.2,35.1],[-4.8,35],[-4.7,35.4],[-4.3,35.4],[-4.1,35.3]]]]}},{"type":"Feature","properties":{},"geometry":{"type":"MultiPolygon","coordinates":[[[[-9.8,34],[-11,33.4],[-12.6,32.5],[-14,31.3],[-14.6,31.5],[-13.2,32.5],[-12.3,33.5],[-10.1,34.4],[-9.8,34]]]]}},{"type":"Feature","properties":{},"geometry":{"type":"MultiPolygon","coordinates":[[[[-7.9,35.3],[-7.6,35.5],[-7.6,35.4],[-7.8,34.9],[-8,35.2],[-7.9,35.3]]]]}},{"type":"Feature","properties":{},"geometry":{"type":"MultiPolygon","coordinates":[[[[-9.3,34.8],[-9,34.9],[-8.5,35],[-8.5,34.9],[-8.4,34.7],[-8.9,34.7],[-9.3,34.8]]]]}},{"type":"Feature","properties":{},"geometry":{"type":"MultiPolygon","coordinates":[[[[-5.7,36.6],[-4,37.6],[-3.5,37.5],[-3.6,37.2],[-3.7,37],[-4.2,36.9],[-4.3,36.4],[-4.4,36],[-4.7,35.8],[-5.2,35.7],[-5.4,36],[-5.8,35.8],[-5.7,36.6]]]]}},{"type":"Feature","properties":{},"geometry":{"type":"MultiPolygon","coordinates":[[[[-2.8,36.8],[-3.4,36],[-3.9,35.4],[-4.2,35.5],[-3.8,35.9],[-3.1,37],[-2.8,36.8]]]]}},{"type":"Feature","properties":{},"geometry":{"type":"MultiPolygon","coordinates":[[[[-15.3,42.3],[-16.1,41.6],[-15,39.1],[-14.3,37.6],[-14.9,36.8],[-16.5,36.1],[-17.9,35.2],[-18.6,34.3],[-18.9,34],[-19.8,33.1],[-20.1,33.1],[-20.5,33.3],[-20.5,33.1],[-21.6,32.3],[-23.8,32.2],[-24.6,33.1],[-23.6,33.8],[-22.5,34.5],[-21.9,34.9],[-21.4,35.5],[-21.1,36],[-20.3,36.4],[-20,36.1],[-18.8,37.5],[-17.7,37.4],[-18.5,37.2],[-18.6,37.2],[-17.6,37],[-17.3,37.3],[-16.7,36.6],[-16.8,36.9],[-16.3,36.9],[-16.1,37.1],[-16.1,37.2],[-16.7,37.6],[-16.5,37.9],[-16.1,38],[-17.3,38.6],[-17.7,38.8],[-18.1,39],[-18.3,39.4],[-18.6,39.9],[-18.6,42.3],[-16.8,43.1],[-16,42.8],[-15.3,42.5],[-15.6,42.3],[-15.3,42.3]]]]}},{"type":"Feature","properties":{},"geometry":{"type":"MultiPolygon","coordinates":[[[[-8.6,27.1],[-9.1,27.3],[-9.1,27],[-9.4,27],[-9.4,27.1],[-9.5,26.9],[-9.6,26.9],[-9.7,26.9],[-9.9,26.8],[-10.1,26.7],[-10.2,26.8],[-10.6,26.6],[-10.8,26.3],[-10.8,26.2],[-11.7,26.5],[-16.6,28.2],[-15.6,28.1],[-14.7,28.3],[-13,28.8],[-11.7,28.2],[-9.5,27.8],[-8.6,27.1]]]]}},{"type":"Feature","properties":{},"geometry":{"type":"MultiPolygon","coordinates":[[[[-18.1,25],[-18,24.9],[-18.2,24.5],[-18.2,24.4],[-18.9,24],[-19.3,23.7],[-19.9,24.4],[-21.1,24.3],[-21.1,24.4],[-20.1,24.9],[-19.5,25.1],[-19.6,24.8],[-19.3,24.8],[-18.4,25],[-18.2,25],[-18.1,25]]]]}},{"type":"Feature","properties":{},"geometry":{"type":"MultiPolygon","coordinates":[[[[-26.1,27.8],[-27.8,30],[-25.3,31.8],[-22.6,32.3],[-23.1,31.6],[-25.7,29.1],[-26.1,27.8]]]]}},{"type":"Feature","properties":{},"geometry":{"type":"MultiPolygon","coordinates":[[[[-0.1,22.2],[-0.1,22.1],[-0.7,22.3],[-1.8,22.6],[-2.6,22.7],[-3.2,22.4],[-3.1,22.5],[-3.4,22.6],[-2.8,23],[-2.2,22.9],[-1.5,22.8],[-1.6,23.3],[-1.2,23.4],[-0.6,23.3],[-0.3,22.8],[-0.1,22.4],[0.1,22.3],[-0.1,22.2]]]]}},{"type":"Feature","properties":{},"geometry":{"type":"MultiPolygon","coordinates":[[[[-13.1,23.8],[-14.9,24.3],[-15.3,24.1],[-16.3,24.7],[-16.9,24.8],[-16.9,25],[-17.2,25.1],[-17.4,25.1],[-17,25.5],[-16,25.6],[-14.5,24.7],[-13.3,24],[-13.1,23.8]]]]}},{"type":"Feature","properties":{},"geometry":{"type":"MultiPolygon","coordinates":[[[[-17.5,25.2],[-17.8,25.4],[-18.4,25.3],[-19.4,25.1],[-20,25],[-20.8,24.5],[-22.4,23.1],[-23.1,22.3],[-22.8,20.5],[-23.4,18.8],[-23.7,18.8],[-23.3,20.4],[-23.3,21.3],[-23.5,22.1],[-23.1,22.8],[-21.6,24],[-20.4,25.1],[-19.4,25.6],[-17.4,25.7],[-17.5,25.5],[-17.5,25.2]]]]}},{"type":"Feature","properties":{},"geometry":{"type":"MultiPolygon","coordinates":[[[[-12,23.3],[-13.8,23.2],[-15.1,23],[-15.8,23.4],[-16.3,23.6],[-16.8,24.1],[-16.7,24.5],[-17.4,24.8],[-17.6,25],[-17.4,25.1],[-17.2,25.1],[-16.9,25],[-16.9,24.8],[-16.3,24.7],[-15.3,24.1],[-14.9,24.3],[-13.1,23.8],[-12.1,23.5],[-12,23.3]]]]}},{"type":"Feature","properties":{},"geometry":{"type":"MultiPolygon","coordinates":[[[[-17.8,25.1],[-18,25.1],[-17.6,25.1],[-17.8,25.1]]]]}},{"type":"Feature","properties":{},"geometry":{"type":"MultiPolygon","coordinates":[[[[-18.1,25.1],[-19.5,25],[-19.6,24.9],[-19.4,25.1],[-18.4,25.3],[-17.8,25.4],[-18.1,25.1]]]]}},{"type":"Feature","properties":{},"geometry":{"type":"MultiPolygon","coordinates":[[[[-19.6,29.6],[-20.2,29.6],[-20.3,29.3],[-20.1,29.3],[-19.4,29.3],[-19.6,27.4],[-20,27.2],[-20.7,27.1],[-22.1,27.1],[-22.8,27.1],[-23.9,27],[-24.4,27.2],[-23.8,28.9],[-22.4,30.6],[-20.5,31.4],[-18.3,31.9],[-17.8,32.1],[-16.3,31.8],[-15.2,31.6],[-16.9,31.5],[-17.8,31.5],[-18.8,30.7],[-19.6,29.6]]]]}},{"type":"Feature","properties":{},"geometry":{"type":"MultiPolygon","coordinates":[[[[-24.4,27.1],[-26.2,26.6],[-27.6,26],[-27.5,27.4],[-26.1,27.8],[-24.3,27.6],[-24.4,27.1]]]]}},{"type":"Feature","properties":{},"geometry":{"type":"MultiPolygon","coordinates":[[[[-11.1,26.1],[-11.9,25.5],[-12.3,24.9],[-12.4,24.6],[-12.3,24.3],[-11.8,24],[-12.2,23.5],[-13.3,24],[-14.5,24.7],[-16,25.6],[-16.4,25.8],[-16.4,26],[-17,25.9],[-17.4,25.7],[-19.4,25.6],[-20.4,25.1],[-20.5,25.6],[-20.7,26.7],[-20.5,27.1],[-19.8,27.3],[-17.3,28],[-16.7,28.2],[-11.3,26.2],[-11.1,26.1]]]]}},{"type":"Feature","properties":{},"geometry":{"type":"MultiPolygon","coordinates":[[[[-12.6,7.5],[-15.2,6.5],[-13.4,9.1],[-12.8,9.7],[-12.6,9.1],[-13.1,8.2],[-13.1,7.9],[-12.5,8],[-12.6,7.5]]]]}},{"type":"Feature","properties":{},"geometry":{"type":"MultiPolygon","coordinates":[[[[-27.3,32.7],[-26.8,33.4],[-26.1,34.8],[-25.5,35.8],[-24.9,36],[-24,36.4],[-22.9,37.1],[-22,38],[-21.7,39],[-21.7,39.9],[-22,40.5],[-22.2,41.2],[-21.4,42.3],[-20.6,43],[-19.9,43.5],[-18.8,43.8],[-18.7,43.4],[-20,40.3],[-19.5,38.7],[-20.2,38.2],[-20.2,37.8],[-21.2,36.8],[-21.8,36.6],[-20.9,37],[-20,37.7],[-19.8,38],[-20.5,37.1],[-21.2,36.6],[-22.4,35.9],[-22.8,35.6],[-22.2,35.6],[-22.6,35.1],[-23.4,34.5],[-25,33.9],[-26.2,33],[-27.3,32.7]]]]}},{"type":"Feature","properties":{},"geometry":{"type":"MultiPolygon","coordinates":[[[[-18.7,23.9],[-18.7,23.7],[-18.8,23.6],[-19.2,23.6],[-18.8,24],[-18.7,23.9]]]]}},{"type":"Feature","properties":{},"geometry":{"type":"MultiPolygon","coordinates":[[[[-19.2,23.6],[-20.6,21.8],[-21.7,20.4],[-22,19.4],[-22.2,19.1],[-22.9,17.7],[-24.3,15.8],[-25,16.8],[-23.5,18.6],[-22.9,19.9],[-23,22],[-22.6,23],[-21.3,24.1],[-20.5,24.4],[-19.2,24],[-19.2,23.6]]]]}},{"type":"Feature","properties":{},"geometry":{"type":"MultiPolygon","coordinates":[[[[5.5,10.7],[5.3,10.7],[5.3,10.8],[4.9,11],[4.2,11.6],[2.8,11.8],[2.6,11.2],[2.7,11.3],[2.5,11.3],[2.1,11.3],[1.6,12.1],[1.7,12.3],[1.6,12.4],[0.7,11.7],[0,11.3],[0.7,11.2],[1,11.2],[0.6,11],[0.7,10.7],[0.4,10.7],[0.4,11],[0.1,10.6],[-0.2,10.4],[-0.4,10.7],[-1,11],[-1.8,11],[-2.5,10.9],[-3.1,12.6],[-2.7,12.9],[-2.1,12.9],[-1.2,13.1],[-0.5,13.2],[0.1,13.3],[0.4,13.6],[0.8,14.1],[1.4,13.9],[1.3,13.7],[1.5,13.7],[1.8,13.5],[3.2,13.4],[3.5,13.5],[4.4,13.5],[5.9,13.8],[5.7,13.7],[5.4,13.5],[4.8,13.4],[4.6,13],[4.5,12.9],[4.7,13.1],[5.4,13.5],[6.3,13.6],[6.4,13.2],[6.3,13],[6.7,13.1],[6.7,13],[7,12.8],[7.2,12.6],[7.2,12.4],[7.1,12.3],[6.9,12.2],[7.2,12],[6.9,11.9],[7.2,11.7],[7.1,11.6],[7.1,11.4],[7,11.3],[6.5,11],[6.1,10.8],[5.8,10.8],[5.5,10.8],[5.5,10.7]]]]}},{"type":"Feature","properties":{},"geometry":{"type":"MultiPolygon","coordinates":[[[[-29.2,0.2],[-30.1,0.5],[-30.3,0.6],[-31.3,1.1],[-31.8,1.6],[-32.2,2.4],[-32.4,2.5],[-32.6,2.6],[-33.2,3.5],[-33,3.6],[-32.5,3.3],[-31.9,3.4],[-31.1,3.1],[-30.4,2.5],[-29.5,1.6],[-29.2,0.2]]]]}},{"type":"Feature","properties":{},"geometry":{"type":"MultiPolygon","coordinates":[[[[-24.6,15.2],[-24.2,14.3],[-23.4,11.9],[-24.4,13],[-26,13.7],[-27.9,13.7],[-26.3,14.9],[-25,16.8],[-24.6,15.2]]]]}},{"type":"Feature","properties":{},"geometry":{"type":"MultiPolygon","coordinates":[[[[-14.4,13.7],[-14.1,13.8],[-14.1,13.7],[-14.4,13.6],[-14.4,13.7]]]]}},{"type":"Feature","properties":{},"geometry":{"type":"MultiPolygon","coordinates":[[[[-15.2,13.6],[-17.2,13.1],[-16.6,12.8],[-15,12.6],[-15.9,12.3],[-17.3,12.6],[-17.4,12.5],[-19,11.5],[-19.2,11],[-19.8,10.3],[-20.9,9.5],[-21.9,9.3],[-23.4,9.3],[-24.4,8.3],[-25.1,8.1],[-24.4,8.7],[-23.4,9.4],[-22.7,9.9],[-20.4,10.3],[-19.6,11.2],[-19.5,11.9],[-19.2,12.2],[-18.3,12.8],[-17.7,13.1],[-16.9,14],[-16.4,14.1],[-15.2,13.6]]]]}},{"type":"Feature","properties":{},"geometry":{"type":"MultiPolygon","coordinates":[[[[-12.5,10.7],[-12.6,11],[-12.5,11],[-12.5,10.7]]]]}},{"type":"Feature","properties":{},"geometry":{"type":"MultiPolygon","coordinates":[[[[-12.5,10.3],[-13.1,10.2],[-14,10.7],[-14.1,10.9],[-14.1,11.3],[-13,10.9],[-12.6,10.4],[-12.5,10.3]]]]}},{"type":"Feature","properties":{},"geometry":{"type":"MultiPolygon","coordinates":[[[[-12.8,9.8],[-13.9,8.4],[-13.9,9.6],[-13.5,10],[-13,10],[-12.8,9.8]]]]}},{"type":"Feature","properties":{},"geometry":{"type":"MultiPolygon","coordinates":[[[[-37.2,16.9],[-39.6,17],[-40.5,18.5],[-40.3,19.4],[-40.2,20.2],[-40.8,21.3],[-40.2,22.5],[-39.1,22.4],[-36.8,20.3],[-34.5,19.1],[-36.7,19.1],[-38.3,18.5],[-37.2,16.9]]]]}},{"type":"Feature","properties":{},"geometry":{"type":"MultiPolygon","coordinates":[[[[-40.1,11.5],[-39.8,10.2],[-39.3,9.5],[-39.3,8.7],[-38,6.3],[-37,5.3],[-36.2,3.4],[-34.9,2.7],[-35.8,0.8],[-36.8,0.9],[-38.4,4.7],[-39.4,8],[-39.9,9.2],[-40.3,9.7],[-40.6,10.4],[-40.5,11.2],[-40.4,11.9],[-40.3,12.3],[-40.1,11.5]]]]}},{"type":"Feature","properties":{},"geometry":{"type":"MultiPolygon","coordinates":[[[[-38.2,15.6],[-39.5,14.1],[-40.7,15.1],[-41.7,15.2],[-40.8,16.6],[-40.6,18.5],[-40.3,19.4],[-40.5,18.5],[-39.6,17],[-38.2,15.6]]]]}},{"type":"Feature","properties":{},"geometry":{"type":"MultiPolygon","coordinates":[[[[3.8,14],[3.2,13.5],[2.9,14.3],[2.8,16.7],[2.6,18.6],[2.6,19],[2.6,19.2],[2.7,19.5],[2.9,19.4],[2.7,19.8],[2.9,19.9],[3,20],[3,20.1],[3.2,20.1],[3.3,18.9],[3.4,17.5],[3.6,16],[3.5,14.5],[3.8,14]]]]}},{"type":"Feature","properties":{},"geometry":{"type":"MultiPolygon","coordinates":[[[[-48.1,-46.1],[-49.2,-49.7],[-50.5,-48.5],[-50.5,-44.9],[-49.7,-43.8],[-48.1,-46.1]]]]}},{"type":"Feature","properties":{},"geometry":{"type":"MultiPolygon","coordinates":[[[[36.5,-26],[35.8,-26.5],[35.8,-27.3],[35.1,-27.7],[34.9,-27],[35,-26.1],[34.9,-25.6],[34.8,-24.1],[34.7,-23.2],[34.3,-23.1],[34.6,-22.9],[34.7,-22.7],[35.1,-22.3],[35.3,-22.1],[35.2,-22.9],[35.3,-24.3],[35.6,-25.4],[36.5,-26]]]]}},{"type":"Feature","properties":{},"geometry":{"type":"MultiPolygon","coordinates":[[[[25.4,18.7],[25.7,18.5],[25.8,18.5],[26.1,18.3],[26.7,18.5],[26.9,18.2],[27.1,18.5],[27.3,18.9],[27.6,19.1],[27.4,18.9],[27.7,19.1],[28.2,19.1],[28.7,18.9],[28.8,19],[29.2,19.7],[30.9,18.8],[29.6,17.4],[27.6,14.7],[25.3,12.1],[23.4,12.1],[22.9,12.8],[24.1,13.9],[23.8,13.9],[24.1,14.1],[24,14.3],[23.9,15.5],[24.3,15.4],[24.3,15.1],[24.5,15.3],[24.3,15.6],[24.5,16.2],[25.1,16.4],[25,16.4],[25.5,16.9],[25.5,17],[25.6,17.2],[26.2,17.4],[25.7,17.5],[25.5,17.7],[25.5,18],[25.2,18.1],[24.9,18.3],[24.9,18.6],[25.4,18.7]]]]}},{"type":"Feature","properties":{},"geometry":{"type":"MultiPolygon","coordinates":[[[[18.5,15.3],[19.2,15.9],[19.8,15.7],[20.5,15.4],[20.9,15.1],[20.7,15],[20.7,14.9],[21.3,14.6],[21.2,14.3],[22.2,14.5],[22.2,13.7],[22.4,13.6],[22.1,13.3],[21.9,13],[22.2,13.1],[22.4,13],[22.6,12.7],[22,12.3],[21.5,12.2],[21.2,12],[20.6,11.6],[20,11.4],[20.1,11.1],[20,10.9],[19.8,10.9],[19.3,10.8],[19.2,10.6],[19.2,10.4],[18.8,10.4],[19.2,11],[19.2,11.5],[19.4,11.7],[20,12.2],[20.2,12.7],[19.9,12.1],[19.2,12.1],[19.1,12.3],[18.6,12.1],[18.6,12.2],[18.7,12.5],[18.9,13.1],[18.9,13.4],[18.7,13.6],[19,13.8],[19.3,14.1],[19.2,14.2],[19.1,14.5],[19.2,14.6],[19.1,14.9],[18.9,14.8],[18.5,15.3]]]]}},{"type":"Feature","properties":{},"geometry":{"type":"MultiPolygon","coordinates":[[[[15.6,11.8],[15.7,11.9],[16.8,12.7],[17.3,13.5],[17.4,13.5],[17.7,13],[17.7,12.4],[17.5,12.2],[17.4,12],[17,11.7],[16.9,11.6],[16.6,11.6],[16.6,11.3],[16.4,11.1],[16.1,11],[16,11.1],[15.9,11.3],[15.5,11.1],[15.7,11.6],[15.4,11.6],[15.7,11.7],[15.6,11.8]]]]}},{"type":"Feature","properties":{},"geometry":{"type":"MultiPolygon","coordinates":[[[[24,14.3],[23.9,14.1],[23.8,14.1],[24,14.3]]]]}},{"type":"Feature","properties":{},"geometry":{"type":"MultiPolygon","coordinates":[[[[28.2,19.1],[28.5,19.1],[28.5,18.9],[28.4,19],[28.2,19.1]]]]}},{"type":"Feature","properties":{},"geometry":{"type":"MultiPolygon","coordinates":[[[[-32.8,-61.5],[-30.7,-64.7],[-35.1,-64.5],[-34.8,-63.6],[-35.5,-62.1],[-36.4,-60.8],[-37.2,-59.6],[-37.6,-58.9],[-36.1,-58],[-35.4,-58.3],[-34.3,-57.7],[-33.5,-57],[-32.6,-56.5],[-31.2,-57.1],[-31.3,-58.7],[-32.2,-59.9],[-32.8,-61.5]]]]}},{"type":"Feature","properties":{},"geometry":{"type":"MultiPolygon","coordinates":[[[[-18.6,-45.1],[-20.2,-46.1],[-21.5,-48.4],[-22.2,-49.2],[-23.8,-49.1],[-22.2,-47.5],[-20.8,-45.7],[-18.8,-44.6],[-17.2,-44],[-17.3,-44.2],[-18.6,-45.1]]]]}},{"type":"Feature","properties":{},"geometry":{"type":"MultiPolygon","coordinates":[[[[-0.9,-30],[-1.9,-31.1],[-2.2,-31.4],[-2.5,-31.3],[-2.6,-31.5],[-3.2,-32],[-4.2,-32.5],[-5.1,-31.6],[-6.6,-29.7],[-8.4,-29.5],[-9.5,-29],[-6.9,-28.9],[-3.7,-29.9],[-0.9,-30]]]]}},{"type":"Feature","properties":{},"geometry":{"type":"MultiPolygon","coordinates":[[[[23.8,-54.6],[22.8,-55.1],[23.1,-56],[23.3,-56.3],[22.3,-56.7],[22.3,-56.9],[22.2,-57.2],[21.7,-57.3],[21.6,-58],[21.2,-58.2],[21.5,-58.2],[21.1,-58.8],[21.1,-59.1],[21.2,-59.5],[21.6,-59.7],[21.5,-59.9],[21.4,-60.1],[21,-60.5],[20.2,-61.2],[19.5,-61.6],[19.5,-61.8],[19.2,-61.9],[19.1,-62],[18.5,-62.4],[18.1,-62.9],[18.1,-63.1],[17.5,-63.4],[17.7,-63.5],[17.2,-63.6],[17,-63.9],[16.5,-64],[15.9,-64.2],[14,-64.4],[13.8,-64.3],[13.6,-64.5],[12.1,-64.4],[10.7,-64.3],[9.5,-64.2],[9.2,-64.1],[6.4,-64],[5.8,-64],[4.7,-64],[4,-64.2],[1.5,-64],[0,-63.8],[1.4,-62.9],[5.8,-61],[8.8,-60.2],[9.5,-59.2],[10.2,-58.6],[11.4,-58.2],[14,-57.1],[16.6,-56.1],[18.6,-54.6],[19,-53.3],[21.6,-50.9],[22.9,-54],[23.8,-54.6]]]]}},{"type":"Feature","properties":{},"geometry":{"type":"MultiPolygon","coordinates":[[[[23.7,-55.5],[23.8,-55.8],[23.4,-55.4],[23.8,-55.4],[23.7,-55.5]]]]}},{"type":"Feature","properties":{},"geometry":{"type":"MultiPolygon","coordinates":[[[[-0.3,24.5],[-0.3,24.8],[-0.4,25],[-0.3,24.5]]]]}},{"type":"Feature","properties":{},"geometry":{"type":"MultiPolygon","coordinates":[[[[59.1,-52.1],[54.3,-51.4],[51.5,-51.8],[49.3,-52.1],[51.1,-49.9],[59.5,-50.2],[61.3,-51.5],[59.1,-52.1]]]]}},{"type":"Feature","properties":{},"geometry":{"type":"MultiPolygon","coordinates":[[[[64.8,-61.6],[59,-60.4],[56.8,-58.1],[52.2,-56.8],[48.7,-54.9],[47.4,-51.9],[47.3,-51.2],[47.9,-51.2],[49.3,-52.1],[52.3,-54.7],[56.4,-56.5],[62.6,-58.8],[66.7,-60.8],[64.8,-61.6]]]]}},{"type":"Feature","properties":{},"geometry":{"type":"MultiPolygon","coordinates":[[[[8.8,-14.8],[7.6,-15.6],[6.7,-16],[6.4,-15],[7.7,-13.8],[9,-13.2],[8.8,-14.1],[8.8,-14.8]]]]}},{"type":"Feature","properties":{},"geometry":{"type":"MultiPolygon","coordinates":[[[[-46.4,-42.3],[-48,-45.2],[-49.1,-42.7],[-48,-41.1],[-46,-40],[-46.4,-42.3]]]]}},{"type":"Feature","properties":{},"geometry":{"type":"MultiPolygon","coordinates":[[[[34.8,-22.4],[34.5,-22.3],[34.3,-22.6],[33.4,-22.2],[33.2,-21],[33.3,-20.7],[33.5,-20.2],[33.7,-19.8],[34.1,-20.1],[34.9,-20.5],[35.1,-21.2],[34.9,-21.8],[34.8,-22.4]]]]}},{"type":"Feature","properties":{},"geometry":{"type":"MultiPolygon","coordinates":[[[[-0.8,-58.2],[1.5,-60.3],[-2.1,-62.5],[-4.1,-62.2],[-6.2,-61.5],[-8.9,-61],[-10.8,-60.4],[-13,-59.8],[-12.5,-58.4],[-9.8,-57.8],[-6.7,-58],[-4.6,-58.3],[-2.2,-58.6],[-1.4,-57.9],[-0.8,-58.2]]]]}},{"type":"Feature","properties":{},"geometry":{"type":"MultiPolygon","coordinates":[[[[56.7,-34.8],[56.7,-36.3],[55.9,-36.9],[55.2,-37.2],[54.4,-37.8],[53.2,-38.6],[52,-39.3],[51,-39.8],[50.3,-40],[50.1,-39.9],[53.3,-35.8],[56.7,-34.8]]]]}},{"type":"Feature","properties":{},"geometry":{"type":"MultiPolygon","coordinates":[[[[84.4,-60.6],[82.1,-61.1],[74.9,-62.3],[69.9,-63.1],[68.7,-63.6],[68.5,-63.4],[67.8,-63.4],[67.7,-63.3],[68,-63.2],[67.6,-63.1],[66.9,-63.2],[66.9,-63],[66.4,-63.1],[66,-63],[66,-62.7],[65.5,-63],[65.3,-62.8],[65.6,-62.4],[65.2,-62.4],[64.5,-62.6],[64.3,-62.6],[64.9,-62.1],[64.4,-62],[66.8,-60],[60.9,-58.4],[61.6,-57.4],[59.7,-56],[59.1,-52.1],[61.3,-51.5],[63.3,-51],[64.8,-53.9],[66.6,-55.6],[70.7,-58.5],[72.6,-59.1],[77.5,-60.3],[79.8,-60.5],[83.7,-60.2],[84.4,-60.6]]]]}},{"type":"Feature","properties":{},"geometry":{"type":"MultiPolygon","coordinates":[[[[-29.8,-52.4],[-30.3,-53.8],[-31.4,-54.7],[-33,-55.1],[-32.5,-54.7],[-31.6,-53.5],[-30.2,-52.5],[-29.8,-52.4]]]]}},{"type":"Feature","properties":{},"geometry":{"type":"MultiPolygon","coordinates":[[[[19.4,-35.7],[20.1,-39.2],[17.3,-40.5],[13.2,-37.3],[9.3,-33.1],[8.3,-30.9],[12.5,-32.5],[16,-33.4],[19.4,-35.7]]]]}},{"type":"Feature","properties":{},"geometry":{"type":"MultiPolygon","coordinates":[[[[39.9,-49.2],[39.8,-49.2],[39.9,-49.4],[40.1,-49.5],[40.2,-49.8],[38.6,-50.2],[36.4,-51.7],[34,-52.7],[30.7,-53.1],[29.6,-55.2],[28.5,-56.3],[25.1,-58.1],[23.8,-59.5],[23.4,-59.2],[23.4,-57.9],[24.1,-57.4],[24.3,-56.2],[24.8,-55.8],[25.3,-55.7],[25.9,-55.5],[26.8,-55.2],[28.1,-54.7],[28.4,-54.3],[28.7,-53.4],[30.3,-51.7],[32,-51.3],[32.4,-51.4],[32.7,-51.3],[33.2,-51.5],[33.5,-51.5],[33.7,-51.7],[33.7,-51.4],[34.3,-51.4],[34.5,-51.6],[35.1,-51.6],[35.6,-51.1],[35.9,-51.1],[36.3,-50.8],[37,-50.6],[37,-50.7],[36.9,-50.3],[37.1,-50.1],[37.4,-50.1],[37.5,-50.4],[38,-50],[39,-49.7],[38.9,-49.2],[39.7,-49.1],[39.9,-49.2]]]]}},{"type":"Feature","properties":{},"geometry":{"type":"MultiPolygon","coordinates":[[[[29.4,-59.5],[28.9,-59.7],[27.9,-60.2],[27.1,-60.2],[24.8,-60],[23.9,-59.5],[24.5,-58.4],[27.6,-57.2],[29.4,-56.2],[29.3,-57.1],[29.4,-59.5]]]]}},{"type":"Feature","properties":{},"geometry":{"type":"MultiPolygon","coordinates":[[[[39.9,-52],[39.8,-52.2],[39.8,-52.4],[40,-52.5],[39,-52.9],[38.5,-52.8],[38,-53.6],[37.2,-54.1],[36.4,-55.1],[36.4,-53.7],[38.1,-52.2],[38.5,-52.2],[39.9,-52]]]]}},{"type":"Feature","properties":{},"geometry":{"type":"MultiPolygon","coordinates":[[[[32.8,-57.4],[32.8,-56.6],[34.9,-56],[34.6,-56.4],[32.8,-57.4]]]]}},{"type":"Feature","properties":{},"geometry":{"type":"MultiPolygon","coordinates":[[[[60.9,-58.4],[54.5,-56],[51,-54],[50.7,-52.2],[53.6,-51.3],[57.7,-52],[59.7,-55],[61.4,-57],[61.6,-58.3],[60.9,-58.4]]]]}},{"type":"Feature","properties":{},"geometry":{"type":"MultiPolygon","coordinates":[[[[62.9,-50.3],[54.6,-50.2],[50.2,-48.3],[51.9,-46.8],[53.1,-45.8],[54.5,-46.8],[57.2,-47.5],[61,-47.3],[62.1,-49],[62.9,-50.3]]]]}},{"type":"Feature","properties":{},"geometry":{"type":"MultiPolygon","coordinates":[[[[25,-61.9],[26.3,-61.9],[26.1,-62.2],[27.6,-62.4],[28.6,-62.7],[29.2,-63.1],[27.9,-63.1],[25,-62],[25,-61.9]]]]}},{"type":"Feature","properties":{},"geometry":{"type":"MultiPolygon","coordinates":[[[[105.1,-0.1],[105.9,-0.4],[105,-0.8],[104.4,-0.5],[104.6,-0.3],[105,-0.1],[105.1,-0.1]]]]}},{"type":"Feature","properties":{},"geometry":{"type":"MultiPolygon","coordinates":[[[[106.4,11.9],[102.9,12],[98.9,11.4],[97.2,8.8],[97,7.8],[96.9,3.3],[96.5,2.9],[95.7,3.9],[95.3,4.4],[95,4.8],[94.5,5.9],[94,8.2],[93.2,9.7],[92.3,10.7],[91.6,11.2],[92,11.3],[93,11.1],[94,10.9],[95.1,11],[96,11.1],[97.2,11.5],[98.2,12],[99.4,12.5],[100.4,12.7],[101.8,12.7],[105.6,12.2],[106.4,11.9]]]]}},{"type":"Feature","properties":{},"geometry":{"type":"MultiPolygon","coordinates":[[[[104.3,1],[107.1,6.6],[110.9,9],[113.6,11.9],[114.3,11.7],[113.9,11.3],[113.9,11.1],[114.1,11.3],[114.2,11.2],[114.2,11],[114,11],[113.9,10.8],[114.2,10.7],[113.9,10.4],[114.3,10],[114,10.1],[113.9,9.9],[113.5,9.6],[113.6,9.3],[113.7,8.9],[113.5,8.7],[113.5,8.6],[113.5,8.4],[113.4,8.1],[113.2,8.1],[113,8.3],[112.9,8],[113.2,7.9],[113.1,7.8],[113.4,7.8],[113.2,7.4],[113.1,7.1],[113.3,6.9],[113.2,6.8],[112.8,6.7],[113.1,6.6],[113,6.5],[112.9,6.6],[112.7,6.3],[112.8,6.2],[112.5,6.2],[112.7,6],[112.6,5.8],[112.3,5.7],[112.1,5.7],[112.1,5.5],[112.2,5.4],[112.1,5.3],[112,5],[111.9,4.9],[111.8,4.7],[111.6,4.6],[111.3,4.5],[111.3,4.4],[111.3,4.3],[111,4.2],[111.1,4],[110.8,3.5],[110.6,3.4],[110.4,3.4],[110,3.3],[109.8,3.2],[109.8,3.1],[109.6,3.3],[109.4,2.9],[109.2,2.9],[109.3,2.8],[109.3,2.6],[108.9,2.8],[108.6,3.2],[108.4,3.2],[108.6,3],[108.6,2.8],[108.7,2.6],[108.5,2.4],[108.3,2.2],[108.2,2.3],[108,2.1],[107.6,2],[107.5,1.8],[107.2,1.5],[106.9,1.3],[106.8,1.3],[106.5,1.3],[106.2,0.9],[106,0.9],[105.8,0.6],[106,0.4],[105.8,-0.1],[105.6,0.2],[105.4,0.4],[105.4,0.9],[105.4,1],[105.3,1],[105.2,1.2],[104.9,0.8],[104.8,0.9],[104.5,1],[104.3,1]]]]}},{"type":"Feature","properties":{},"geometry":{"type":"MultiPolygon","coordinates":[[[[103.2,0.4],[103.3,0.3],[103.1,0.1],[102.8,-0.1],[102.5,0],[102.7,-0.2],[102.6,-0.4],[102.6,-0.6],[101.8,-0.2],[103.2,0.4]]]]}},{"type":"Feature","properties":{},"geometry":{"type":"MultiPolygon","coordinates":[[[[115.5,7],[115,7],[115.4,7.1],[115.5,7]]]]}},{"type":"Feature","properties":{},"geometry":{"type":"MultiPolygon","coordinates":[[[[106.8,-0.5],[106.1,-0.4],[106.4,-0.2],[106.8,-0.5]]]]}},{"type":"Feature","properties":{},"geometry":{"type":"MultiPolygon","coordinates":[[[[113.4,7],[113.3,6.9],[113.4,7.1],[113.4,7]]]]}},{"type":"Feature","properties":{},"geometry":{"type":"MultiPolygon","coordinates":[[[[130,28.7],[129.5,31.2],[128.7,32.4],[130.8,33.5],[134.4,33.4],[134.8,31.9],[132.1,29.3],[130,28.7]]]]}},{"type":"Feature","properties":{},"geometry":{"type":"MultiPolygon","coordinates":[[[[140.9,33.2],[139.9,32.8],[137.4,33.6],[134.8,34.4],[129.4,34.7],[132.9,35.8],[135.3,35.4],[136.4,34.7],[137.6,34.5],[140.7,33.4],[140.9,33.2]]]]}},{"type":"Feature","properties":{},"geometry":{"type":"MultiPolygon","coordinates":[[[[99.7,56.8],[97,55.9],[93.4,54.1],[91.2,52.9],[89.5,51.2],[87.3,49.9],[83.4,48.3],[81.2,46.6],[81.6,47.9],[82.4,49.6],[87.6,53.3],[92.2,54.9],[99.7,56.8]]]]}},{"type":"Feature","properties":{},"geometry":{"type":"MultiPolygon","coordinates":[[[[77.2,49.8],[80.6,51.4],[81.8,49.1],[81.3,46.8],[80.8,45.6],[80.4,43.2],[79.3,41.8],[77.2,40.5],[73.6,39.3],[72.2,40.9],[72.6,43.9],[73.2,45.8],[74.7,47.7],[77,49.5],[77.2,49.8]]]]}},{"type":"Feature","properties":{},"geometry":{"type":"MultiPolygon","coordinates":[[[[8.9,65.2],[7.6,65.7],[10.1,68.5],[5.5,71.9],[-0.7,72.5],[-7.4,74.5],[-1.8,75.2],[6.5,76.9],[12.7,78.1],[14.2,78],[12.9,77.2],[11.4,76.3],[9.1,74.7],[8.7,74.6],[8.6,73.8],[9.9,73.5],[10.9,73.5],[16.5,72.5],[18.4,70.1],[12.3,65.8],[11.4,65.6],[11,66.1],[10,65.7],[8.9,65.1],[8.9,65.2]]]]}},{"type":"Feature","properties":{},"geometry":{"type":"MultiPolygon","coordinates":[[[[21.8,36],[22.1,35.9],[22.4,35.8],[22.5,36],[22.8,35.8],[23.4,35.9],[23.6,35.8],[23.6,36],[24.2,36.3],[24.5,36.5],[24.3,36.3],[24.6,36.4],[24.8,36.3],[25,36.5],[25.2,36.1],[25.2,36.7],[25.6,36.9],[25.7,37.1],[27.3,37.3],[27.3,37.4],[27.8,37.6],[28.4,37.7],[29.6,37.3],[29.4,35.8],[27.9,35],[27.6,35],[26.9,34.9],[26.5,34.6],[27.1,34.6],[27.4,34.5],[27.7,34.4],[28.5,34.7],[28.7,34.7],[29,34.4],[29.4,34.1],[29.7,34],[29.9,33.9],[30.2,34],[30.7,34],[31.4,34.4],[30.9,34.8],[30.2,34.5],[30,35],[30.8,35.2],[30.9,35.2],[31.7,35.7],[31.3,35.9],[30.4,36.1],[30.2,37.5],[30.9,37.8],[31,38],[30.2,38.5],[30.8,38.9],[32.9,40],[38.1,42.8],[40.1,42.1],[43.5,40.9],[48.7,38.7],[51.7,36.9],[56.4,34.4],[57.4,33.8],[57.5,33.6],[57.3,33.1],[58.5,32],[57.3,31],[54.2,28.9],[54.9,29.6],[54.1,30.4],[53.5,30.7],[53.1,30.2],[53,30.1],[52.7,29.9],[52.3,29.5],[52.2,29.3],[52.1,28.6],[51.9,28.5],[52,28.3],[52.2,28.1],[52.2,27.9],[52.1,27.9],[52,27.9],[49,26],[47.3,25.2],[46.9,21.7],[46.4,21.1],[46.4,21.4],[46.5,21.5],[46.7,21.7],[46.5,22.5],[46.8,22.7],[46,22.8],[46.2,23.1],[46.3,23.6],[46.1,23.7],[45.7,23.2],[45.3,22.5],[45.1,22.1],[44.8,21.5],[44.8,21.3],[44.6,20.9],[44.7,20.7],[44.9,20.5],[45,20.6],[45.3,20.5],[44.9,20.7],[44.7,21],[45.7,20.9],[46.2,21.1],[45.9,20.6],[45.8,20.1],[45.5,19.3],[45,19.2],[44.3,19.5],[44.1,19.3],[44.1,19.9],[44.2,20.2],[43.8,20.3],[43.2,19.8],[43,19.9],[42.6,19.8],[42.8,20],[42.7,20],[42.4,19.9],[42.2,19.6],[42.3,18.9],[41.9,19],[42.2,18.6],[42.2,18.4],[42,18.4],[42.4,18.1],[42.4,17.9],[42.4,17.2],[42.3,17.5],[42.2,17.1],[39.9,15.9],[40.3,16.5],[39.4,17.6],[39.1,18],[38.6,18.1],[38.3,17.9],[37.6,17.9],[37.3,17.7],[37,17.7],[36.5,17.7],[36,17.8],[35.1,17.4],[33.8,16.6],[33.1,15.8],[33.1,14.6],[32.9,14.9],[32.6,14.5],[32.3,14.3],[32.4,15.5],[32.4,16.7],[32,17.6],[31.6,18.1],[30.1,19.4],[30,21],[30.2,21.1],[31.1,21.5],[31,21],[31.1,21.6],[31.1,21.9],[31.2,22],[31.3,22.5],[30.4,23.4],[30,24.5],[31.1,24.6],[31.1,25.5],[30.6,25.8],[30,26],[29.8,26.1],[29.8,26.6],[30.1,26.9],[30.2,27.1],[30.4,27.3],[30.8,27.6],[31.3,28.3],[31.6,28.6],[31.9,29.1],[31.1,28.9],[30.9,29.2],[30.8,28.9],[30.4,28.6],[30.2,28.5],[30,28.3],[30,28.1],[29.9,28],[30,27.9],[29.7,27.7],[29.6,27.5],[29.6,27.2],[29.3,27],[29,26.6],[29,26.9],[28.8,26.7],[28.9,26.9],[28.6,26.9],[28.1,26.9],[27.8,26.8],[27.6,27],[27.5,27.3],[27.3,27.5],[26.7,28],[26.5,28.1],[26.3,28.3],[26.2,28.5],[26,28.9],[26.2,29],[26.1,29.3],[26.2,29.5],[26.1,29.7],[26.2,29.9],[26.2,30.3],[26,30.8],[26.1,31.2],[26,31.4],[25.8,31.6],[25.2,31.6],[25,31.4],[24.8,31.3],[24.8,31.2],[24.4,31],[24.6,30.8],[24.6,30.7],[24.4,30.5],[24.4,30.4],[24.6,29.9],[25,29.9],[25.1,29.4],[25.2,28.9],[25.2,28.8],[25.1,28.4],[24.8,28.1],[24.9,28],[24.9,27.8],[25,27.7],[25,27.5],[24.6,27.6],[25,27.2],[25,26.9],[25.5,26.4],[25.4,26.3],[25.5,26.2],[25.6,26.1],[25.8,25.8],[26,25.7],[26.3,25.7],[26.8,25.6],[26.9,25.5],[27.3,25.5],[27.2,25.3],[27.1,24.8],[27.3,24.9],[27.5,24.8],[27.3,24.8],[27.4,24.4],[27.2,24.4],[27.3,24.2],[27.1,24],[27.2,23.9],[27.2,23.7],[27.1,23.5],[27.4,23.4],[27.5,23.2],[27.4,23.1],[27.6,23],[27.6,22.8],[27.9,22.4],[27.9,22.3],[28.1,22],[28,21.4],[27.5,21.1],[27.5,20.6],[26.3,20.6],[26.4,20.9],[25.9,21.1],[25.5,21.3],[25.3,21.6],[24.9,22.1],[24.9,22],[24.9,21.8],[24.8,22.2],[24.7,22.1],[24.6,22.1],[24.2,22.6],[23.9,22.6],[23.7,22.8],[23.5,23.2],[23.5,22.8],[23.8,22.4],[23.7,22.3],[23.5,22.2],[23.4,22],[23.3,21.7],[23.3,21.6],[23.2,21.1],[23.1,20.9],[22.7,20.7],[22.6,20.6],[22.5,20.7],[22.4,20.7],[21.7,20.7],[21.5,21.1],[21.9,21.1],[21.8,21.1],[21.7,21.4],[21.6,21.5],[21.6,21.7],[21.5,21.6],[21.4,21.5],[21.2,21.5],[21.2,21.3],[21.1,21.6],[21.1,21.7],[21.4,22],[21.1,21.9],[21.2,22.2],[21.4,22.3],[21.4,22.7],[21.1,22.5],[21.1,22],[20.9,21.9],[20.9,22.1],[20.8,22.1],[20.7,22.3],[20.7,22.7],[20.4,22.5],[20.6,22.5],[20.5,22.8],[20.3,22.7],[20.4,22.8],[20.8,23.1],[21.1,23.3],[21.3,23.2],[21.2,23.4],[21.1,23.8],[21.1,23.5],[20.8,23.3],[20.6,23.2],[20.3,23],[20.1,23],[20.1,23.2],[20,23.3],[20.1,23.4],[20,23.5],[20.1,23.7],[20.3,23.7],[20.6,23.9],[19.9,23.7],[20,23.9],[20.1,24],[20.4,24.2],[20.3,24.4],[20.5,24.2],[20.3,24.5],[20,24.4],[20.3,24.6],[20.4,24.7],[20.5,24.7],[20.7,24.9],[20.2,24.7],[20.1,24.9],[20.4,25],[20.5,25.2],[20.7,25.1],[20.7,25.2],[20.6,25.2],[20.8,25.6],[20.6,25.6],[20.7,25.8],[20.8,25.8],[20.8,26],[21.3,26],[21.4,26.2],[21.6,26.7],[21.3,26.8],[21.4,26.5],[21,26.1],[20.9,26.2],[20.9,26.5],[20.8,26.6],[20.9,26.7],[20.9,27],[20.9,27.1],[21.1,27],[21.1,27.3],[21.1,27.6],[20.9,27.4],[21,27.7],[20.8,27.6],[21.2,28],[21.1,28.1],[21,28.2],[20.8,28.4],[21,28.3],[20.9,28.3],[20.8,28.5],[20.7,28.7],[20.8,28.8],[20.9,29.1],[21,29.2],[20.8,29.2],[20.5,29.3],[20.7,29.4],[20.5,29.5],[20.6,29.6],[20.6,29.7],[20.3,29.8],[20.5,30],[20.8,30.2],[20.9,30.4],[20.6,30.3],[20.6,30.5],[20.5,30.5],[20.8,30.6],[20.8,30.8],[20.6,30.7],[20.4,30.9],[20.4,30.8],[20.2,30.8],[20.6,31.1],[20.2,31.1],[20.4,31.4],[20.6,31.2],[20.6,31.3],[20.6,31.4],[20.4,31.5],[20.6,31.6],[20.9,31.9],[20.5,31.8],[20.3,31.8],[20.6,32.1],[20.4,32.2],[20.3,32.6],[20.4,32.8],[20.3,32.8],[20.7,33],[20.6,32.9],[20.4,33.1],[20.4,33.4],[20.6,33.3],[20.8,33.4],[21,33.4],[20.7,33.7],[20.9,33.7],[21.2,33.9],[21,34.1],[20.6,34],[20.8,34.1],[20.9,34.2],[21.1,34.4],[21.4,34.3],[21.2,34.5],[21.1,34.6],[21.1,35.1],[20.9,35.3],[21.1,35.5],[21.1,35.6],[21.4,35.6],[21.6,35.2],[21.9,34.9],[21.7,35.7],[22,35.5],[21.8,35.8],[21.8,36]]]]}},{"type":"Feature","properties":{},"geometry":{"type":"MultiPolygon","coordinates":[[[[24.2,20.3],[24.5,21.1],[24.4,20.6],[24.2,20.3]]]]}},{"type":"Feature","properties":{},"geometry":{"type":"MultiPolygon","coordinates":[[[[28.5,23.9],[28.6,23.6],[28.8,23.2],[28.7,22.9],[28.5,23],[28.5,23.7],[28.5,23.9]]]]}},{"type":"Feature","properties":{},"geometry":{"type":"MultiPolygon","coordinates":[[[[29.7,25.6],[30,25.3],[30,24.9],[29.9,25.1],[29.5,25.3],[29.6,25.4],[29.7,25.6]]]]}},{"type":"Feature","properties":{},"geometry":{"type":"MultiPolygon","coordinates":[[[[19.8,31.9],[20.1,31.7],[20,31.8],[20.3,31.7],[20.1,31.5],[20,31.2],[19.9,31.4],[19.8,31.7],[19.8,31.9]]]]}},{"type":"Feature","properties":{},"geometry":{"type":"MultiPolygon","coordinates":[[[[19.9,32.8],[20,32.8],[20.2,32.7],[20.2,32.4],[20.1,32.4],[20,32.5],[19.9,32.6],[20,32.7],[19.9,32.8]]]]}},{"type":"Feature","properties":{},"geometry":{"type":"MultiPolygon","coordinates":[[[[29.7,25.8],[29.6,25.6],[29.4,25.8],[29.6,26],[29.7,25.8]]]]}},{"type":"Feature","properties":{},"geometry":{"type":"MultiPolygon","coordinates":[[[[19.5,31.8],[19.7,31.4],[19.6,31.4],[19.5,31.4],[19.6,31.5],[19.5,31.8]]]]}},{"type":"Feature","properties":{},"geometry":{"type":"MultiPolygon","coordinates":[[[[27.6,26.2],[27.6,25.9],[27.7,25.9],[27.5,25.9],[27.4,25.9],[27.6,26.2]]]]}},{"type":"Feature","properties":{},"geometry":{"type":"MultiPolygon","coordinates":[[[[20.8,35],[20.7,34.5],[20.5,34.5],[20.5,34.7],[20.7,34.9],[20.7,35],[20.8,35]]]]}},{"type":"Feature","properties":{},"geometry":{"type":"MultiPolygon","coordinates":[[[[20.3,33.2],[20.1,33],[20,33.1],[20,33.2],[20.3,33.2]]]]}},{"type":"Feature","properties":{},"geometry":{"type":"MultiPolygon","coordinates":[[[[20.9,34.9],[21,34.6],[21,34.7],[20.9,34.9]]]]}},{"type":"Feature","properties":{},"geometry":{"type":"MultiPolygon","coordinates":[[[[28.7,27],[28.7,26.6],[28.6,26.7],[28.7,27]]]]}},{"type":"Feature","properties":{},"geometry":{"type":"MultiPolygon","coordinates":[[[[19.9,31.2],[19.8,30.9],[19.8,31.2],[19.9,31.2]]]]}},{"type":"Feature","properties":{},"geometry":{"type":"MultiPolygon","coordinates":[[[[21,35.8],[21.3,35.8],[21,35.6],[21,35.8]]]]}},{"type":"Feature","properties":{},"geometry":{"type":"MultiPolygon","coordinates":[[[[30.4,45.4],[31.5,46.3],[32,46.7],[32.9,47.1],[33.9,46.8],[35.8,44.9],[38.1,42.8],[32.9,40],[30.7,39.9],[30.6,40.2],[30.6,40.3],[30.7,40.3],[30.4,40.3],[30.4,40.4],[30.5,40.6],[30.5,40.8],[30.3,41.3],[30.4,41.4],[30.3,41.7],[30.5,41.7],[30.6,41.7],[30.6,41.8],[30.6,41.9],[30.3,42],[30.3,41.8],[30.2,42.4],[30.3,42.4],[30.5,42.4],[30.6,42.3],[30.9,42.2],[30.9,42],[31,42],[31.1,42.3],[31.3,42.5],[31.2,42.6],[31,43],[31,43.1],[31.2,43.4],[31.2,43.7],[31.2,43.8],[31.1,43.9],[31.3,44],[31.1,44.2],[31.5,44.3],[31.9,44.4],[31.6,44.5],[31.7,44.9],[30.8,44.8],[30.5,44.8],[30.2,45.1],[30.4,45.4]]]]}},{"type":"Feature","properties":{},"geometry":{"type":"MultiPolygon","coordinates":[[[[28.5,39.2],[29.1,39.7],[29.2,39.7],[29.4,39.7],[30,39.6],[30.4,38.9],[29.3,38.8],[29.2,38.9],[28.7,39.1],[28.5,39.2]]]]}},{"type":"Feature","properties":{},"geometry":{"type":"MultiPolygon","coordinates":[[[[22,36.1],[21.7,36],[21.6,36.2],[22,36.3],[22,36.1]]]]}},{"type":"Feature","properties":{},"geometry":{"type":"MultiPolygon","coordinates":[[[[23.2,36.3],[22.4,36.4],[22.7,36.5],[23.1,36.5],[23.2,36.3]]]]}},{"type":"Feature","properties":{},"geometry":{"type":"MultiPolygon","coordinates":[[[[30.3,40.3],[30.8,40.3],[30.6,40.3],[30.3,40.3]]]]}},{"type":"Feature","properties":{},"geometry":{"type":"MultiPolygon","coordinates":[[[[29.1,41.4],[29.4,41.1],[29.4,40.7],[28.6,41],[29.1,41.4]]]]}},{"type":"Feature","properties":{},"geometry":{"type":"MultiPolygon","coordinates":[[[[29.1,44.7],[30.3,44.8],[29.8,44.5],[29.4,44.6],[29.1,44.7]]]]}},{"type":"Feature","properties":{},"geometry":{"type":"MultiPolygon","coordinates":[[[[-35.6,-57.8],[-37,-58.2],[-37.5,-59],[-36.8,-60],[-35.9,-61.2],[-35.3,-62.3],[-34.8,-64],[-35.5,-64.4],[-37.1,-63.4],[-38.1,-61.6],[-38.7,-60.6],[-39.6,-60.1],[-40,-59.6],[-41.1,-58.8],[-40.5,-58.4],[-40.2,-58],[-40.7,-57.6],[-38.7,-57],[-38.6,-56.9],[-37.5,-57.1],[-34.3,-55.5],[-34.3,-56.5],[-34.5,-57.2],[-35.1,-57.4],[-35.6,-57.8]]]]}},{"type":"Feature","properties":{},"geometry":{"type":"MultiPolygon","coordinates":[[[[17.7,-41.2],[20,-43.6],[19.4,-44.2],[17.4,-44.5],[15.7,-45],[15.3,-44.9],[14.8,-44.7],[15.2,-44.4],[14.4,-43.8],[14.2,-43.8],[13.4,-44.1],[12.1,-43.7],[11.3,-43.1],[11.1,-41.1],[11.2,-39.3],[9.6,-37.8],[8.6,-36.6],[14.4,-37.9],[17.7,-41.2]]]]}},{"type":"Feature","properties":{},"geometry":{"type":"MultiPolygon","coordinates":[[[[20.9,-47.3],[20.7,-47.1],[20.3,-47.1],[20.4,-47],[20.2,-46.8],[19.8,-46.9],[19.2,-46.8],[19.1,-46.6],[18.8,-46.6],[18.6,-46.6],[18.1,-46.6],[17.3,-47],[17.3,-47.3],[16,-48.3],[15.9,-48.6],[16.1,-48.7],[16.5,-48.8],[16.9,-48.6],[17.3,-48.9],[17.2,-49.3],[16.9,-49.5],[17.3,-49.2],[18.1,-49.4],[18.9,-49.2],[18.3,-48.9],[18.7,-48.9],[19,-48.9],[19.3,-48.7],[19.6,-48.7],[20.2,-48.5],[20.3,-48.2],[21,-48.1],[21.6,-50.9],[18.2,-52.8],[16.8,-54.5],[13.6,-54.6],[12.2,-53.9],[11.7,-51.7],[12.3,-49.8],[15.6,-48.3],[16.3,-47.5],[17.1,-46.6],[16.2,-45.7],[17.4,-44.5],[17.3,-44.9],[19,-44.6],[20.5,-44.1],[20.9,-47.3]]]]}},{"type":"Feature","properties":{},"geometry":{"type":"MultiPolygon","coordinates":[[[[12.6,-55.1],[12.3,-55.7],[11.7,-56.5],[11.6,-56],[11,-54.6],[10.3,-51.6],[10.2,-50.8],[10.5,-50.3],[12.6,-55.1]]]]}},{"type":"Feature","properties":{},"geometry":{"type":"MultiPolygon","coordinates":[[[[31.3,-20.2],[30.9,-24],[26.4,-22.9],[21.7,-24.9],[18.2,-25.7],[17.9,-23.2],[22.1,-18.7],[26.4,-18.5],[31.3,-20.2]]]]}},{"type":"Feature","properties":{},"geometry":{"type":"MultiPolygon","coordinates":[[[[41.7,-47.8],[42,-44.3],[44.4,-41.3],[46.7,-41.3],[48.1,-41.2],[47.7,-42.1],[47.7,-42.5],[47.3,-42.7],[46.3,-44],[44.1,-45.9],[41.7,-47.8]]]]}},{"type":"Feature","properties":{},"geometry":{"type":"MultiPolygon","coordinates":[[[[15.7,-33.5],[12.1,-32.7],[7.9,-31.2],[11.6,-31.9],[15.7,-33.5]]]]}},{"type":"Feature","properties":{},"geometry":{"type":"MultiPolygon","coordinates":[[[[19.4,-35.7],[16,-33.4],[19,-34.6],[19.4,-35.7]]]]}},{"type":"Feature","properties":{},"geometry":{"type":"MultiPolygon","coordinates":[[[[-7.5,-2.2],[-7.1,-0.5],[-5.5,0.2],[-1.7,-0.8],[2.8,-3.2],[4.9,-5.6],[4.5,-6.9],[2.5,-5.2],[-2.3,-4.4],[-6.6,-3.4],[-7.5,-2.2]]]]}},{"type":"Feature","properties":{},"geometry":{"type":"MultiPolygon","coordinates":[[[[5.3,-25.5],[1.6,-26],[-3.2,-25.7],[-3.5,-24.8],[-4.1,-24.6],[-6.2,-23.4],[-6.7,-23.3],[-7.1,-22.6],[-6.4,-22.4],[-5,-21.4],[-1.3,-20.1],[0.2,-21.1],[1.9,-21.7],[3.6,-21.9],[4.6,-22.9],[5,-24.9],[5.3,-25.5]]]]}},{"type":"Feature","properties":{},"geometry":{"type":"MultiPolygon","coordinates":[[[[-24.2,-27.2],[-23.9,-31],[-28,-31.5],[-30.7,-30],[-32.9,-26.3],[-36.2,-21.5],[-37.4,-16.3],[-38.3,-13.2],[-36.4,-10.6],[-33.4,-11.1],[-32.8,-14.4],[-31,-19.3],[-29.4,-21],[-28.5,-22.6],[-27.5,-22.4],[-29.7,-22.4],[-28.1,-24.7],[-24.7,-26.4],[-24.2,-27.2]]]]}},{"type":"Feature","properties":{},"geometry":{"type":"MultiPolygon","coordinates":[[[[-15.4,-24.2],[-17,-26],[-18.2,-28.2],[-22,-28.2],[-21.4,-25.7],[-24.6,-22.7],[-26.6,-18.4],[-26,-15.6],[-23.7,-14.4],[-20.9,-16.4],[-19.1,-20.3],[-16.1,-24],[-15.4,-24.2]]]]}},{"type":"Feature","properties":{},"geometry":{"type":"MultiPolygon","coordinates":[[[[-23.9,-31],[-24.2,-27.2],[-22.4,-27.9],[-20.6,-28.6],[-18.9,-29.5],[-20.4,-31.1],[-23.9,-31]]]]}},{"type":"Feature","properties":{},"geometry":{"type":"MultiPolygon","coordinates":[[[[-10.4,-22.9],[-11.8,-20.6],[-11.7,-20.7],[-11.5,-20.6],[-11.4,-20.7],[-11.2,-20.9],[-11.1,-21],[-11.1,-21.2],[-10.9,-21.2],[-10.7,-21.2],[-10.8,-21.6],[-10.6,-21.6],[-10.5,-21.4],[-10.3,-21.5],[-10.3,-21.6],[-10.1,-21.7],[-10,-21.8],[-10,-21.9],[-10.1,-22.1],[-10.2,-22.3],[-10.3,-22.3],[-10.2,-22.3],[-9.9,-22.3],[-10.1,-22.4],[-10.3,-22.7],[-10.4,-22.9]]]]}},{"type":"Feature","properties":{},"geometry":{"type":"MultiPolygon","coordinates":[[[[-8.2,-23.1],[-10.2,-23],[-10,-22.9],[-9.8,-22.9],[-9.5,-22.7],[-9.2,-22.7],[-9,-22.8],[-8.9,-22.6],[-8.2,-23],[-8.2,-23.1]]]]}},{"type":"Feature","properties":{},"geometry":{"type":"MultiPolygon","coordinates":[[[[-9.6,-22.6],[-9.9,-22.8],[-10,-22.7],[-9.9,-22.6],[-9.6,-22.6]]]]}},{"type":"Feature","properties":{},"geometry":{"type":"MultiPolygon","coordinates":[[[[-8.1,-30.2],[-11,-31.6],[-14.3,-35.6],[-17.9,-36.3],[-18.3,-33.3],[-16.6,-30.4],[-13.4,-29.9],[-10,-29.2],[-8.1,-30.2]]]]}},{"type":"Feature","properties":{},"geometry":{"type":"MultiPolygon","coordinates":[[[[-23.2,-7],[-25.1,-7],[-27.3,-7.1],[-29.2,-7.1],[-30.9,-8.4],[-32.6,-9.2],[-33.3,-10.3],[-36.4,-10.6],[-38.3,-13.2],[-37.4,-16.3],[-36.2,-21.5],[-32.9,-26.3],[-30.7,-30],[-29.2,-33.4],[-32.9,-33.6],[-36.3,-30.3],[-37.8,-28.1],[-39.5,-25],[-41.5,-23],[-42.7,-21.1],[-43.1,-18],[-43.3,-15.2],[-43,-11.2],[-40.7,-8.5],[-38.2,-7.1],[-35.6,-6.4],[-35.1,-5.2],[-32.4,-4],[-32,-3.8],[-31.7,-3.7],[-31.4,-3.6],[-31,-3.6],[-30.6,-3.5],[-30.3,-3.5],[-29.9,-3.4],[-29.7,-3.4],[-29.2,-3.5],[-27.6,-4],[-26.8,-4.7],[-26.3,-4.7],[-25.8,-4.6],[-25.9,-4.6],[-25.2,-4.7],[-23.7,-5.2],[-24.6,-5],[-24.5,-5.5],[-24.3,-5.8],[-23.8,-6],[-23.3,-6.4],[-23,-6.8],[-23.3,-7],[-23.2,-7]]]]}},{"type":"Feature","properties":{},"geometry":{"type":"MultiPolygon","coordinates":[[[[-22.8,-5.5],[-23,-5.9],[-23.3,-5.6],[-22.8,-5.4],[-22.8,-5.5]]]]}},{"type":"Feature","properties":{},"geometry":{"type":"MultiPolygon","coordinates":[[[[-35.1,-50.2],[-35.4,-49.9],[-34.6,-47],[-35.8,-44.9],[-34.7,-44.9],[-33.5,-46.2],[-32.9,-46.6],[-31.7,-47.9],[-35.1,-50.2]]]]}},{"type":"Feature","properties":{},"geometry":{"type":"MultiPolygon","coordinates":[[[[5.9,13.8],[4.4,13.5],[3.7,13.5],[5.2,14.6],[5.2,14.5],[5.5,14.5],[5.5,14.3],[5.8,14.2],[6.1,14.4],[6.1,14.2],[6.3,13.9],[5.9,13.8]]]]}},{"type":"Feature","properties":{},"geometry":{"type":"MultiPolygon","coordinates":[[[[5.2,14.7],[3.6,15],[3.5,16.3],[3.3,18.1],[3.2,19.2],[3.2,20.2],[3.4,20.2],[3.4,20.1],[3.3,19.9],[3.4,19.9],[3.5,19.8],[3.5,19.6],[3.4,19.4],[3.4,19.3],[3.7,19.2],[3.7,19],[3.4,18.9],[3.7,18.9],[3.8,18.7],[3.7,18.3],[3.4,18.2],[3.9,18.3],[4,18.1],[3.7,18],[3.6,17.8],[4,17.9],[3.8,17.7],[4,17.7],[4.2,17.5],[4.2,17.4],[3.9,17.2],[4.2,17],[4.3,16.9],[4.4,16.6],[4,16.4],[4.2,16.3],[4,16.2],[3.9,16],[4.1,15.9],[4.2,15.8],[4.1,15.7],[4.3,15.5],[4.6,15.2],[4.7,15.2],[4.8,15.1],[4.5,14.8],[4.8,14.9],[5.1,14.9],[5.2,14.8],[5.2,14.7]]]]}},{"type":"Feature","properties":{},"geometry":{"type":"MultiPolygon","coordinates":[[[[-6.5,3],[-6.8,3],[-7.4,2.8],[-7.6,2.7],[-7.6,2.4],[-8.5,2.2],[-8.9,2.1],[-9.6,1.8],[-9.2,2],[-9.4,2],[-9.6,1.9],[-9.7,1.9],[-9.7,1.8],[-9.8,1.7],[-10.2,1.5],[-10.5,1.4],[-11.3,0.9],[-13.4,0],[-15.6,-1.1],[-17.4,-1.6],[-19.4,-1.8],[-18.3,-0.4],[-16,1],[-12.5,2.6],[-9.9,3.7],[-7.1,4.1],[-5.9,4.5],[-6.5,3]]]]}},{"type":"Feature","properties":{},"geometry":{"type":"MultiPolygon","coordinates":[[[[-6.6,2.6],[-7.5,2.6],[-7.3,2.7],[-7.1,2.7],[-6.6,2.7],[-6.6,2.6]]]]}},{"type":"Feature","properties":{},"geometry":{"type":"MultiPolygon","coordinates":[[[[-22.3,-1.3],[-24.8,-0.4],[-22.9,-2.4],[-23.1,-2.4],[-23.8,-2.2],[-23.2,-2.4],[-23.3,-2.7],[-23.1,-2.7],[-23.1,-2.9],[-23.2,-2.8],[-23.3,-2.8],[-23.5,-2.9],[-23.4,-3.2],[-23.2,-3.5],[-23.3,-3.7],[-23.5,-3.5],[-23.5,-3.3],[-23.7,-3],[-23.9,-2.8],[-24.1,-3.2],[-24.2,-3],[-24.4,-3],[-24.7,-2.7],[-24.8,-2.4],[-24.9,-2.3],[-25.1,-2],[-25.3,-1.8],[-25.5,-2],[-26.6,-1.1],[-26.7,-1.1],[-27.2,-1.1],[-27.5,-0.8],[-27.6,-0.8],[-27.6,-1],[-28,-1.2],[-28.8,-1.3],[-29,-1.2],[-29.1,-1.1],[-29.1,-1],[-29.2,-0.9],[-29.5,-1.2],[-29.5,-1.1],[-29.8,-1.3],[-29.9,-1.1],[-30,-1.3],[-30.3,-1.2],[-30.3,-1.5],[-30.5,-1.6],[-30.7,-1.6],[-30.8,-1.6],[-30.8,-2],[-30.9,-2.4],[-30.9,-2.6],[-31,-3],[-31.8,-3.7],[-31.6,-3.3],[-31.7,-3.3],[-31.9,-3.5],[-32,-3.8],[-32.3,-4],[-32.5,-3.9],[-33.9,-1.6],[-35.7,-0.8],[-35.8,0.8],[-34.9,2.7],[-34.2,2.7],[-33.7,3],[-33.2,3.2],[-32.5,2.5],[-32.3,2.5],[-31.9,1.9],[-31.7,1.4],[-30.9,0.9],[-30.3,0.6],[-30,0.3],[-29.2,0.1],[-27.7,1.6],[-25.9,3.3],[-24.2,3.2],[-22.5,-0.8],[-22.3,-1.3]]]]}},{"type":"Feature","properties":{},"geometry":{"type":"MultiPolygon","coordinates":[[[[2.6,19.4],[2.5,19.1],[2.6,19.2],[2.6,19.4]]]]}},{"type":"Feature","properties":{},"geometry":{"type":"MultiPolygon","coordinates":[[[[2.6,19],[2.8,18],[2.9,16.1],[3.1,13.7],[2.8,13.2],[1.6,13.8],[1.6,14],[2,14.1],[2.7,13.8],[2.8,13.9],[2.9,14],[2.5,14.1],[2.2,14.5],[2.1,14.3],[1.8,14.2],[1.7,14.8],[1.9,14.1],[1.5,14.2],[1.2,14.7],[1.3,15.4],[0.7,17],[0.6,18.8],[0.5,19.4],[1,19.2],[0.8,18.5],[0.9,18.5],[1.3,18.6],[1.7,18.7],[2,19],[2.1,18.5],[2.2,19],[2.6,19]]]]}},{"type":"Feature","properties":{},"geometry":{"type":"MultiPolygon","coordinates":[[[[1.5,13.8],[1.4,14.3],[1.4,14.1],[1.5,13.8]]]]}},{"type":"Feature","properties":{},"geometry":{"type":"MultiPolygon","coordinates":[[[[1.5,23.8],[1.2,23.8],[1.4,23.1],[1.6,23.1],[1.7,22.9],[1.7,22.8],[1.7,22.6],[1.8,22.5],[1.5,22],[1.3,22.2],[1,22.5],[0.8,22.6],[0.6,22.8],[0.5,22.9],[0.5,23.1],[0.5,23.3],[0,23.4],[0.1,23.6],[0,23.7],[-0.2,23.7],[-0.3,23.9],[-0.2,24],[0,24.1],[0,24.3],[-0.1,24.4],[-0.3,24.4],[0.7,24.7],[1.5,23.8]]]]}},{"type":"Feature","properties":{},"geometry":{"type":"MultiPolygon","coordinates":[[[[9.7,-26.6],[9.7,-26.5],[11.3,-24.1],[12.4,-21.4],[14.6,-22.9],[16.2,-26.1],[12.6,-27.9],[9.6,-27.9],[9.7,-26.6]]]]}},{"type":"Feature","properties":{},"geometry":{"type":"MultiPolygon","coordinates":[[[[-14.2,-18],[-14.6,-16.3],[-14.7,-15.1],[-14.3,-11.8],[-13.2,-11.1],[-10.8,-13.2],[-10.9,-16.4],[-13.5,-17.9],[-14.2,-18]]]]}},{"type":"Feature","properties":{},"geometry":{"type":"MultiPolygon","coordinates":[[[[-26.3,-13.2],[-29.2,-11.1],[-27.1,-9.6],[-23.4,-11.5],[-24,-13.2],[-26.3,-13.2]]]]}},{"type":"Feature","properties":{},"geometry":{"type":"MultiPolygon","coordinates":[[[[22.1,-42.5],[19.1,-42.5],[18.1,-40.8],[21.1,-39.2],[22.1,-42.5]]]]}},{"type":"Feature","properties":{},"geometry":{"type":"MultiPolygon","coordinates":[[[[5.8,-35.1],[4.1,-34.6],[4.4,-34],[3.5,-34],[3.2,-34],[2.1,-33.9],[1.3,-33.6],[1.2,-33.1],[-0.2,-31.2],[0.2,-29.7],[0.7,-30.3],[1.1,-30.9],[1.8,-31.7],[2.4,-32.8],[3.5,-33.4],[3.9,-33.6],[4.7,-33.3],[5.8,-35.1]]]]}},{"type":"Feature","properties":{},"geometry":{"type":"MultiPolygon","coordinates":[[[[10.3,-14.6],[9.3,-15.6],[9.5,-14.9],[9.8,-14.3],[10.6,-13.5],[11.2,-13],[11,-13.6],[10.8,-14.3],[10.3,-14.6]]]]}},{"type":"Feature","properties":{},"geometry":{"type":"MultiPolygon","coordinates":[[[[17.9,-55.2],[14.9,-55],[16.8,-54.5],[18.2,-52.8],[21.6,-50.9],[19,-53.3],[18.6,-54.6],[17.9,-55.2]]]]}},{"type":"Feature","properties":{},"geometry":{"type":"MultiPolygon","coordinates":[[[[-35,6.2],[-37.3,6.4],[-38.5,7.1],[-39.4,9],[-39.4,9.8],[-39.1,9.9],[-38.3,10.6],[-37.2,10.1],[-37,8.9],[-36.5,8],[-35.2,6.9],[-35,6.2]]]]}},{"type":"Feature","properties":{},"geometry":{"type":"MultiPolygon","coordinates":[[[[15.5,-48.2],[14.4,-48.6],[12.5,-48.8],[12.3,-47.8],[14.2,-46],[17.1,-46.3],[16.9,-47.3],[15.5,-48.2]]]]}},{"type":"Feature","properties":{},"geometry":{"type":"MultiPolygon","coordinates":[[[[-21.1,-33.4],[-20,-32.3],[-19.7,-33],[-21.1,-33.9],[-21.1,-33.4]]]]}},{"type":"Feature","properties":{},"geometry":{"type":"MultiPolygon","coordinates":[[[[-34.9,2.7],[-36.2,3.4],[-37,5.3],[-38,6.3],[-35.8,6.4],[-34.7,5.7],[-34.3,4.1],[-34.9,2.7]]]]}},{"type":"Feature","properties":{},"geometry":{"type":"MultiPolygon","coordinates":[[[[31.7,-20.1],[28,-18.8],[23.1,-18.5],[22.8,-16.6],[25.2,-16.6],[29.4,-18.8],[31.7,-20.1]]]]}},{"type":"Feature","properties":{},"geometry":{"type":"MultiPolygon","coordinates":[[[[29.6,14.5],[30.4,14.3],[31.5,14.3],[32,14.4],[32.3,14.4],[32.1,14.2],[31.4,13.6],[30.9,13.3],[30.8,13.1],[30.5,12.9],[30.1,12.5],[29.8,12.3],[29.7,12.1],[29.5,11.9],[29.4,11.7],[29.4,11.3],[29.2,10.8],[28.7,10.4],[27.5,10.3],[25.1,11.3],[27.2,12.4],[29.2,14.2],[29.6,14.5]]]]}},{"type":"Feature","properties":{},"geometry":{"type":"MultiPolygon","coordinates":[[[[23.2,12.2],[25.8,11],[25.2,9.8],[24.8,9.5],[23.8,9.1],[23.1,9],[20.9,8.8],[20.1,8.6],[20.2,8.8],[20.4,9],[20.3,9.1],[20,9.2],[20.6,9.5],[20.8,9.7],[21.3,9.5],[21.5,9.7],[21.6,9.9],[21.9,10],[21.5,10.9],[22,10.8],[22.8,11.2],[22.8,11.6],[23,11.8],[23.2,12.1],[23.2,12.2]]]]}},{"type":"Feature","properties":{},"geometry":{"type":"MultiPolygon","coordinates":[[[[28.6,10.4],[28.3,9.5],[28.6,8.7],[28.7,8.5],[29.1,8.5],[29.8,8.2],[29.5,7.8],[28.6,6.9],[28.2,6.9],[28.1,6.9],[28,6.8],[27.3,6.4],[27.1,5.9],[27,5.7],[26.8,5.6],[26.6,5.6],[26.4,5.5],[26.2,5.5],[25.9,5.5],[25.6,5.4],[25.3,5.4],[25.2,5.3],[24.9,5.2],[24.7,5.1],[24.4,5.2],[24,5.2],[23.8,5.1],[23.6,6.2],[23.6,6.3],[23.9,6.8],[23.2,7.4],[23.2,7.6],[23,7.8],[22,8.4],[21.8,8.5],[21.8,8.7],[21.4,8.6],[21.4,8.7],[21.2,8.6],[21,8.7],[20.7,8.7],[20.4,8.5],[21.2,8.9],[23.2,8.9],[24.1,9.2],[24.9,9.6],[25.2,9.9],[27.5,10.3],[28.6,10.4]]]]}},{"type":"Feature","properties":{},"geometry":{"type":"MultiPolygon","coordinates":[[[[19.2,4.5],[19.4,4.5],[19.6,4.3],[19.8,3.9],[19.9,3.8],[20.2,3.6],[20.4,3.6],[20.6,3.5],[20.8,3.3],[21,3.1],[21.2,2.9],[21.4,2.8],[21.6,2.7],[21.7,2.6],[21.9,2.6],[22,2.5],[22,2],[21.5,1.5],[19.6,1.4],[19.6,1.2],[18.3,0.5],[17.7,-0.4],[17.3,-0.3],[17.1,-0.4],[16.8,-0.5],[16.4,-0.5],[16.2,-0.5],[15.9,-0.3],[15.6,-0.3],[15.1,-0.3],[14.8,-0.3],[14.6,-0.2],[14.3,-0.1],[14,-0.1],[13.8,-0.1],[13.6,-0.2],[13.5,0],[13.3,-0.2],[13,-0.2],[12.8,-0.2],[12.9,0.1],[12.8,0.6],[12.7,1],[12.4,1.2],[11.9,1.2],[11.7,2.4],[12,2.8],[12.1,2.8],[11.8,3.2],[12,3],[12.2,3.3],[12.1,3.7],[12.9,4.2],[13.5,5],[14.2,6],[14,6.3],[14.1,6.7],[14.2,6.9],[14.5,7],[14.9,6.8],[15.1,6.9],[15.3,6.9],[15.7,6.6],[16.3,6.2],[16.8,5.9],[17.8,5.3],[18,5.1],[18.2,4.9],[18.5,4.8],[19.2,4.5]]]]}},{"type":"Feature","properties":{},"geometry":{"type":"MultiPolygon","coordinates":[[[[12.8,-0.2],[13,-0.2],[13.3,-0.2],[13.5,0],[13.6,-0.2],[13.8,-0.1],[14,-0.1],[14.3,-0.1],[14.6,-0.2],[14.8,-0.3],[15.1,-0.3],[15.6,-0.3],[15.9,-0.3],[16.2,-0.5],[16.4,-0.5],[16.8,-0.5],[17.1,-0.4],[17.3,-0.3],[17.7,-0.4],[17.2,-0.9],[16.6,-0.9],[15.7,-1.1],[14.9,-0.9],[13.5,-0.4],[13,-0.6],[12.8,-0.2]]]]}},{"type":"Feature","properties":{},"geometry":{"type":"MultiPolygon","coordinates":[[[[-7.2,-66.1],[-17.2,-68.3],[-17.6,-68.3],[-17.9,-68.1],[-19.3,-68],[-18.1,-67.4],[-17.7,-67.1],[-15.4,-66.5],[-15.1,-66.1],[-16.2,-65.6],[-15.1,-65.9],[-14.8,-65.3],[-13.8,-65.7],[-13,-65.9],[-12.6,-65.4],[-11.7,-65],[-11.6,-65.6],[-9.8,-65.6],[-9.1,-65.6],[-7.8,-65.7],[-7.2,-66.1]]]]}},{"type":"Feature","properties":{},"geometry":{"type":"MultiPolygon","coordinates":[[[[-8.7,-65],[-8.9,-65.5],[-9.5,-65],[-8.7,-65]]]]}},{"type":"Feature","properties":{},"geometry":{"type":"MultiPolygon","coordinates":[[[[22.8,-65.1],[22.7,-65.1],[22.6,-65.1],[22.5,-65],[22.8,-65.1]]]]}},{"type":"Feature","properties":{},"geometry":{"type":"MultiPolygon","coordinates":[[[[20.4,-63.9],[20.2,-64.1],[20.2,-64.2],[19.9,-64.4],[19.7,-64.6],[20.4,-63.9]]]]}},{"type":"Feature","properties":{},"geometry":{"type":"MultiPolygon","coordinates":[[[[18,-65.4],[15.7,-68],[11.1,-67.3],[8.7,-66.5],[7.2,-65.7],[7.9,-65.1],[8.5,-65.1],[9.3,-65.6],[11.1,-65.3],[10.8,-65.5],[12.6,-65.4],[14.4,-65.9],[15.7,-65.7],[18,-65.4]]]]}},{"type":"Feature","properties":{},"geometry":{"type":"MultiPolygon","coordinates":[[[[5.2,-64.8],[-2.1,-67.4],[-7,-69.9],[-6.2,-65.5],[-1.4,-65],[-1.1,-64.9],[-0.7,-64.6],[0.3,-64.8],[0.8,-64.5],[3,-64.9],[3.8,-64.8],[5.2,-64.8]]]]}},{"type":"Feature","properties":{},"geometry":{"type":"MultiPolygon","coordinates":[[[[-7,-69.9],[-18.5,-69.8],[-18.1,-68.7],[-17.6,-68.3],[-17.2,-68.3],[-7.2,-66.1],[-6.9,-68.5],[-7,-69.9]]]]}},{"type":"Feature","properties":{},"geometry":{"type":"MultiPolygon","coordinates":[[[[-0.1,22.2],[-0.1,21.9],[0.2,21.7],[0.4,20.9],[0.1,20.6],[0.1,19.9],[-0.2,18.9],[0,18.1],[0,17.2],[0.4,15.9],[0.6,15],[0.5,13.9],[0.4,13.5],[-0.2,13.3],[-0.8,13.2],[-1.5,13],[-2.4,12.8],[-2.9,12.8],[-3.6,12.3],[-3.8,10.8],[-4.3,10.3],[-4.6,9.4],[-4.9,8.3],[-5.4,8.3],[-5.5,8.6],[-5.6,9.2],[-6,9],[-6.2,9.5],[-6.7,9.6],[-6.8,9.8],[-7.8,9.3],[-8.2,9.4],[-8.2,9.2],[-8.4,9.5],[-9.2,9.2],[-9.6,9],[-9.7,8.9],[-10.1,9],[-10.4,8.8],[-10.6,9.3],[-10.7,9.4],[-10.8,9.5],[-10.9,9.5],[-10.9,9.6],[-11,9.6],[-12.5,10.5],[-12.5,10.7],[-12.6,11.2],[-12.5,11.4],[-12.8,12.3],[-13.5,13.6],[-14,14],[-14.1,13.8],[-14.3,13.8],[-14.7,13.7],[-15.1,13.6],[-16.3,14.1],[-16.9,14],[-17.4,13.4],[-18.1,12.9],[-19.1,12.3],[-19.5,12],[-19.6,11.2],[-21.1,11.4],[-23.1,11.3],[-23.5,12.3],[-24,14.5],[-23.5,15.6],[-22.8,16.9],[-21.7,18.2],[-21.1,19.2],[-19.9,20.7],[-18.9,21.3],[-18.9,21.1],[-18.9,20.8],[-19.1,20.4],[-19.1,20.1],[-19,20.3],[-18.5,21],[-18.7,21.5],[-17.5,22],[-16.8,22.4],[-16.4,22.6],[-15.5,23],[-15,22.9],[-14.3,22.7],[-12.6,21.6],[-10.6,21.2],[-10.3,20.2],[-9.3,19],[-8.6,18.6],[-8,18.3],[-8.3,17.3],[-8.8,16.1],[-8.5,15.3],[-8.2,14.2],[-7.8,13.9],[-7.5,14.3],[-7.4,13.7],[-7.2,14.1],[-7,14.4],[-6.7,14.7],[-6.8,15],[-6.7,15.2],[-6.7,15.4],[-6.5,15.9],[-6.5,16.1],[-6.5,16.3],[-6.4,16.5],[-6.6,16.8],[-6.6,17],[-5.3,17.3],[-4.3,17.9],[-3.9,19.4],[-4.1,20],[-4.4,20.6],[-4.4,20.8],[-4.2,20.9],[-3.9,21.1],[-3.7,21.1],[-3.7,21.3],[-3.4,21.5],[-3.3,21.8],[-3.3,22.4],[-3.2,22.4],[-2.1,22.6],[-0.7,22.7],[-0.4,22.2],[-0.1,22.2]]]]}},{"type":"Feature","properties":{},"geometry":{"type":"MultiPolygon","coordinates":[[[[-14.1,11.4],[-14.1,10.8],[-14.1,10.7],[-14.3,10.7],[-14.5,10.9],[-15.4,11.2],[-16.9,12.1],[-17.5,12.4],[-17.4,12.6],[-16.8,12.5],[-15.3,12.3],[-14.8,12.2],[-14.5,11.9],[-14.1,11.4]]]]}},{"type":"Feature","properties":{},"geometry":{"type":"MultiPolygon","coordinates":[[[[-5.5,18.6],[-5.6,18.6],[-5.7,18.5],[-5.9,18.5],[-6.2,18.3],[-5.9,18.6],[-5.8,18.5],[-5.5,18.6]]]]}},{"type":"Feature","properties":{},"geometry":{"type":"MultiPolygon","coordinates":[[[[-12.9,36.2],[-16,33],[-17.5,32.4],[-18.5,32.9],[-18.7,33.7],[-18.9,34.1],[-18.4,34.7],[-17.1,35.8],[-15.8,36.4],[-14.4,37.3],[-14.5,38.1],[-16.4,40.9],[-15.5,42],[-15,42.4],[-14.7,42.4],[-14.6,42.4],[-15.2,41.5],[-15.1,41],[-14.9,41.1],[-14.6,41.2],[-14.5,41.3],[-14.3,41.3],[-14.1,41.3],[-14,41.2],[-14.5,41],[-14.8,40.7],[-14.6,40.5],[-13.8,39.5],[-13.3,38.4],[-13.1,38.2],[-12.9,37.4],[-13.4,37.5],[-14,37.4],[-12.9,36.2]]]]}},{"type":"Feature","properties":{},"geometry":{"type":"MultiPolygon","coordinates":[[[[-16.2,42.9],[-17.6,43.3],[-18.6,44.3],[-18.3,44.6],[-18.2,44.3],[-18.1,44],[-18,44.1],[-17.7,44.3],[-17.6,44.3],[-17.5,44.1],[-17.2,44],[-16.8,43.9],[-16.8,43.8],[-17,43.7],[-16.8,43.5],[-16.4,43.4],[-15.8,43.2],[-15.5,43],[-15.4,43],[-15.4,42.9],[-15.9,42.9],[-16.2,42.9]]]]}},{"type":"Feature","properties":{},"geometry":{"type":"MultiPolygon","coordinates":[[[[-16.5,32.2],[-17.1,32.4],[-16.8,32.4],[-16.5,32.2]]]]}},{"type":"Feature","properties":{},"geometry":{"type":"MultiPolygon","coordinates":[[[[-19.4,33.1],[-19,33.8],[-19,33.3],[-19.4,33.1]]]]}},{"type":"Feature","properties":{},"geometry":{"type":"MultiPolygon","coordinates":[[[[-16.7,31.9],[-17.9,32.1],[-17.2,32.2],[-16.7,31.9]]]]}},{"type":"Feature","properties":{},"geometry":{"type":"MultiPolygon","coordinates":[[[[-19.5,32.1],[-20.5,32.7],[-19.6,32.2],[-19.5,32.1]]]]}},{"type":"Feature","properties":{},"geometry":{"type":"MultiPolygon","coordinates":[[[[-7.6,35.5],[-7.9,35.3],[-8,35.3],[-8.2,35.3],[-8.4,35.2],[-8.6,35.5],[-8.5,35.3],[-8.6,35.1],[-9.3,34.8],[-9.4,35],[-9.7,35.4],[-9.9,35.8],[-10.8,36.2],[-11.7,36.5],[-12,36.6],[-12.5,37.4],[-12.1,37.6],[-12.6,38.7],[-12.3,39.2],[-10.6,38],[-10.4,37.9],[-10.7,38.7],[-11.5,39.2],[-11.7,39.6],[-11.7,40],[-10.6,39.7],[-10.4,39.6],[-10.9,40.1],[-10.8,40.2],[-10.9,40.5],[-10.4,40.8],[-10,41],[-8.6,40.1],[-8.6,39.8],[-8.2,39.9],[-8.5,39.2],[-8.3,39.2],[-8.3,39.1],[-8,39.1],[-8,39],[-7.8,39.1],[-7.7,39.2],[-7.6,39],[-7.5,38.7],[-8.2,38],[-7.9,38],[-6.9,39],[-6.6,38.8],[-6.4,38.3],[-7.4,36.9],[-7.8,36.7],[-7.7,36.1],[-7.7,35.9],[-7.6,35.5]]]]}},{"type":"Feature","properties":{},"geometry":{"type":"MultiPolygon","coordinates":[[[[-8.3,42.2],[-8.5,41.9],[-8.2,40.8],[-10.4,41.1],[-11,41.1],[-11.9,41.1],[-12.2,41.9],[-12,42.6],[-10.8,42.7],[-9.2,43.4],[-8.3,42.2]]]]}},{"type":"Feature","properties":{},"geometry":{"type":"MultiPolygon","coordinates":[[[[-4,37.6],[-5.7,36.6],[-5.7,37],[-5.8,37.2],[-5.3,37.5],[-5.2,37.1],[-5,37.2],[-4.8,37.5],[-4.6,37.6],[-4.6,37.9],[-4.5,38],[-4.1,37.9],[-4,37.6]]]]}},{"type":"Feature","properties":{},"geometry":{"type":"MultiPolygon","coordinates":[[[[-6.3,38.3],[-5.9,39],[-6.2,38.2],[-6.3,38.3]]]]}},{"type":"Feature","properties":{},"geometry":{"type":"MultiPolygon","coordinates":[[[[-17.3,22.1],[-18.1,21.6],[-18.7,21.5],[-19.1,21.7],[-19.2,21.3],[-18.9,21.3],[-19.9,20.7],[-21.1,19.2],[-21.7,18.2],[-22.8,16.9],[-23.5,15.6],[-24,14.5],[-24.2,16.2],[-22.7,18.4],[-22.1,19.1],[-22,19.6],[-21.6,20.7],[-20,22.5],[-19,23.5],[-18.8,23.7],[-18.7,23.8],[-18.6,24],[-18.4,23.6],[-18.6,23.5],[-17.9,23.2],[-17.7,23.1],[-17.5,22.9],[-17,22.8],[-16.9,22.7],[-17.1,22.3],[-17.3,22.1]]]]}},{"type":"Feature","properties":{},"geometry":{"type":"MultiPolygon","coordinates":[[[[-15.1,23],[-15,22.9],[-15.5,23],[-16.4,22.6],[-16.8,22.4],[-17.1,22.3],[-16.9,22.7],[-17,22.8],[-17.5,22.9],[-17.7,23.1],[-17.9,23.2],[-18.6,23.5],[-18.4,23.6],[-18.6,24],[-18.7,24],[-18.9,24],[-18.9,24.1],[-18.1,24.4],[-18.1,24.7],[-18,24.9],[-17.6,25],[-17.4,24.8],[-16.7,24.5],[-16.8,24.1],[-16.3,23.6],[-15.8,23.4],[-15.1,23]]]]}},{"type":"Feature","properties":{},"geometry":{"type":"MultiPolygon","coordinates":[[[[-18.1,25.1],[-18.5,24.9],[-19.4,24.8],[-19.6,24.9],[-18.3,25.1],[-18.1,25.1]]]]}},{"type":"Feature","properties":{},"geometry":{"type":"MultiPolygon","coordinates":[[[[-2.9,31.1],[-2.7,30.9],[-2.3,31.1],[-1.2,30.7],[-1.3,30.5],[-1.8,30.2],[-2,30.3],[-1.9,30.2],[-2.1,29.8],[-2.7,28.7],[-3.3,28.6],[-3.5,28.9],[-3.4,29.2],[-3.7,29.3],[-3.6,29.2],[-3.6,29],[-3.6,28.5],[-3.8,28.7],[-4,28.8],[-4.3,29.2],[-4.5,28.9],[-5.3,28.5],[-6,29],[-6.2,29.4],[-6.4,29.5],[-5.8,28.5],[-5.8,27.9],[-6.2,27.8],[-6.9,27.5],[-7.1,27.6],[-7.2,27.7],[-7.5,27.6],[-8,27.6],[-8.5,28.1],[-9,28.7],[-8.9,28.3],[-8.6,28.2],[-8.6,28],[-8.1,27.6],[-8.1,27.2],[-8.9,27.4],[-9.8,28.1],[-12.3,28],[-13.4,28.7],[-14.9,28.2],[-16,28.2],[-16.7,28.2],[-17.3,28],[-19.4,29.3],[-18.3,28.8],[-18,28.7],[-18.7,29.4],[-19.6,29.6],[-18.9,30.6],[-17.9,31.4],[-17.2,31.7],[-14.6,31.5],[-14,31.3],[-12.6,32.5],[-11,33.4],[-9.8,34],[-9.5,33.7],[-9.2,33.5],[-9,33.4],[-8.3,32.8],[-8.1,32.5],[-7.7,32.7],[-8,32.9],[-8.1,33.1],[-7.9,33.3],[-7.6,33.1],[-7.4,33.2],[-7.4,32.7],[-7.5,32.6],[-7.6,32.3],[-7.7,32.1],[-7.5,31.9],[-7.6,31.6],[-7.3,32.2],[-6.3,32.4],[-5.8,32.7],[-6.1,32.7],[-5.8,33],[-5.7,33.1],[-5.4,33.2],[-5.8,33.5],[-5.9,34.1],[-5.4,34.5],[-5.5,34.9],[-4.3,35.2],[-4.1,35.3],[-4,35],[-4.2,33.9],[-4.3,33.6],[-4.2,33.6],[-4.5,33.6],[-4.7,33.5],[-4.8,33.1],[-4.7,32.8],[-4.4,32.7],[-4.3,32.7],[-4.6,32.5],[-4.7,32.7],[-4.8,32.1],[-5.1,31.6],[-4.8,31.6],[-3.9,31.7],[-4.2,31.1],[-4.5,30.6],[-4.6,30.1],[-4.4,30.1],[-4.2,30.1],[-3.9,30.3],[-2.9,31.1]]]]}},{"type":"Feature","properties":{},"geometry":{"type":"MultiPolygon","coordinates":[[[[-4.5,28.6],[-4.6,28.2],[-4.3,28],[-4,27.3],[-3.6,26.3],[-3.4,26],[-3.2,25.8],[-3.3,25.7],[-4.3,26],[-4.2,26.6],[-4.8,26.3],[-5.7,26],[-5.9,26.7],[-6.3,27],[-5.2,27.8],[-4.5,28.6]]]]}},{"type":"Feature","properties":{},"geometry":{"type":"MultiPolygon","coordinates":[[[[-3.3,36],[-2.8,36.8],[-2.2,37.1],[-1.9,36.8],[-1.8,36.1],[-2.2,35.9],[-3.3,36]]]]}},{"type":"Feature","properties":{},"geometry":{"type":"MultiPolygon","coordinates":[[[[-3.9,35.4],[-3.4,36],[-3.8,35.4],[-3.9,35.4]]]]}},{"type":"Feature","properties":{},"geometry":{"type":"MultiPolygon","coordinates":[[[[-6.5,34.2],[-6.4,33.6],[-6.4,33],[-6.8,32.9],[-7.2,33.2],[-7.5,33.5],[-7.7,33.8],[-7.7,33.9],[-7.8,33.9],[-7.6,34.1],[-7.1,34.2],[-6.9,34.3],[-6.5,34.2]]]]}},{"type":"Feature","properties":{},"geometry":{"type":"MultiPolygon","coordinates":[[[[-4.3,25.2],[-5.3,24.9],[-5.1,25.5],[-4.5,25.3],[-4.3,25.2]]]]}},{"type":"Feature","properties":{},"geometry":{"type":"MultiPolygon","coordinates":[[[[-3.8,28.2],[-3.8,28],[-3.9,28.2],[-3.8,28.2]]]]}},{"type":"Feature","properties":{},"geometry":{"type":"MultiPolygon","coordinates":[[[[-6.1,33.8],[-6.2,33.5],[-6.3,33.6],[-6.1,33.8]]]]}},{"type":"Feature","properties":{},"geometry":{"type":"MultiPolygon","coordinates":[[[[0.9,8.5],[0.4,8.3],[-0.4,8.5],[-0.2,8.3],[0.4,8.1],[0.6,7.9],[0.6,7.8],[0.4,7.5],[0.5,7.3],[-0.3,6.8],[-1.8,6],[-2.8,5.5],[-3.6,5],[-4.4,4.6],[-6.1,2.9],[-6.5,3],[-5.5,5.3],[-5.3,5.6],[-5.2,5.8],[-4.6,6.2],[-4,6.7],[-3.5,6.6],[-3,7],[-2.4,7.8],[-1.6,8.4],[-1.3,8.6],[-0.7,8.8],[-0.3,8.9],[0.6,8.8],[0.9,8.5]]]]}},{"type":"Feature","properties":{},"geometry":{"type":"MultiPolygon","coordinates":[[[[2.8,7.4],[2.7,7.4],[2.9,7.4],[2.8,7.4]]]]}},{"type":"Feature","properties":{},"geometry":{"type":"MultiPolygon","coordinates":[[[[46.3,-17.1],[46.1,-17.5],[46.2,-17.8],[46.4,-18.4],[46.6,-19.3],[47.3,-20.6],[47.8,-22.1],[49.6,-23.5],[49.9,-23.8],[50.7,-24.9],[51.4,-26.2],[52.7,-27.7],[54.2,-29],[55,-30.8],[55,-30.5],[54.7,-30.3],[53.6,-30.3],[52.3,-30.5],[51.4,-30],[50.6,-29.1],[49.6,-28.6],[49.4,-27.7],[49.4,-27.6],[49,-26.4],[48.4,-26.1],[48,-25.7],[48.1,-25.7],[47.8,-25.7],[47.6,-26.1],[47.2,-25.9],[46.5,-26.4],[46.9,-26.5],[46.9,-27.3],[47,-28],[47.1,-28.2],[47.1,-28.3],[47.2,-28.6],[47.4,-28.9],[47.5,-28.9],[48,-29.6],[48,-29.7],[47.7,-30.2],[47.7,-30.5],[47.9,-31.2],[48.4,-30.9],[48.5,-30.8],[48.7,-30.4],[49.2,-30.6],[49.2,-30.8],[49,-31.2],[48.6,-31.8],[48.7,-31.8],[48.6,-32.1],[48.9,-32.2],[49,-32.6],[49.4,-32.7],[50.5,-32.8],[51.5,-32.8],[51.5,-32.7],[51.9,-32.7],[51.9,-32.6],[52.2,-32.3],[53.1,-31.9],[53.5,-31.6],[54.2,-31.2],[54.2,-31.1],[54.3,-31.2],[54.2,-31.3],[54.3,-31.5],[54,-32.5],[53.3,-35.8],[50.1,-39.9],[48.4,-39.9],[46.7,-40.7],[43.7,-40.9],[42.1,-41.2],[39.6,-39.4],[41,-38.5],[42,-35.3],[42.3,-33.2],[41.9,-31.2],[41.3,-29.7],[41.1,-28.6],[40.8,-28],[40.7,-27.2],[40.4,-26.5],[39.5,-26.1],[38.9,-26.2],[38.3,-27],[37.3,-26.4],[35.6,-25.4],[35.3,-24.3],[35.2,-22.9],[35.3,-22.1],[35.4,-22],[36.2,-21.2],[36.9,-20.4],[37.1,-19.9],[37.5,-19.4],[37.6,-19.1],[37.9,-18.6],[38.7,-17.5],[39.1,-16.8],[39.3,-16.4],[40.4,-15.8],[41.5,-15.6],[42.3,-15.4],[43.2,-15.4],[45.3,-16.1],[46.3,-17.1]]]]}},{"type":"Feature","properties":{},"geometry":{"type":"MultiPolygon","coordinates":[[[[54.3,-30.4],[53.2,-30.6],[54.1,-30.4],[54.3,-30.4]]]]}},{"type":"Feature","properties":{},"geometry":{"type":"MultiPolygon","coordinates":[[[[57.6,-16.4],[58.3,-19.7],[58.4,-22.1],[60.1,-24.4],[58.8,-25.4],[57.5,-25.6],[55.5,-25.2],[55.4,-23.8],[53.6,-22.5],[51.7,-20.2],[51.5,-18],[54.8,-16.2],[56.2,-15.7],[56.1,-15],[57.1,-15.6],[57.6,-16.4]]]]}},{"type":"Feature","properties":{},"geometry":{"type":"MultiPolygon","coordinates":[[[[71.4,-30.5],[66,-30.9],[60.8,-32],[58.8,-31.2],[57.7,-28.8],[58.9,-26.5],[62.2,-26.8],[67.3,-29.2],[68.9,-29.4],[71.4,-30.5]]]]}},{"type":"Feature","properties":{},"geometry":{"type":"MultiPolygon","coordinates":[[[[18.8,-7.4],[18.2,-5.2],[17.9,-3.1],[19,-3.5],[19.1,-3.6],[19.3,-3.6],[19.7,-3.9],[20.6,-4.1],[20.6,-4.2],[20.7,-4.4],[20.6,-4.8],[21.1,-5.1],[20.2,-5.7],[20.2,-6.3],[18.9,-6.7],[18.8,-7.4]]]]}},{"type":"Feature","properties":{},"geometry":{"type":"MultiPolygon","coordinates":[[[[88,-41.9],[88.8,-42.3],[90.3,-42.9],[91.9,-44.3],[93.1,-45.9],[92.4,-46],[90.9,-45.2],[90.1,-44.7],[89.5,-44.5],[88,-44.3],[86.7,-44.1],[85.1,-44.3],[84,-44.1],[82.8,-44.5],[81.8,-43.7],[80.9,-43.6],[79.5,-43.5],[77.8,-43.6],[77.3,-43.4],[76.7,-43.6],[76.2,-43.4],[75.5,-43.2],[75.9,-43.1],[75.2,-42.4],[74.2,-42],[75.4,-41.8],[77.6,-41.7],[79.5,-41.6],[81.4,-41.4],[83.7,-41.6],[85.4,-41.8],[86.9,-41.9],[88,-41.9]]]]}},{"type":"Feature","properties":{},"geometry":{"type":"MultiPolygon","coordinates":[[[[29.2,53.5],[30,53.7],[31.6,51.7],[33.7,51.1],[32.7,50.9],[30.4,50.9],[29,51.2],[27.9,51.5],[28.7,51.6],[30.2,51.5],[30.7,52.3],[30,52.3],[29.2,51.7],[29,52.3],[28.7,52.2],[28.3,52.7],[29.2,53.5]]]]}},{"type":"Feature","properties":{},"geometry":{"type":"MultiPolygon","coordinates":[[[[34.2,51.3],[42,52],[50.4,52.9],[54.9,53.1],[56.7,51.7],[57.8,51.2],[59.2,50.8],[61.5,50.8],[66.5,52.3],[70.4,51.8],[67.1,50.5],[63.8,49.2],[60.4,49.1],[54.3,48.9],[48.2,47.8],[43.3,48.9],[38.4,48.7],[37,48.9],[36.9,49],[34.8,49.1],[32.7,50.1],[29.9,50.3],[28,50.7],[29.9,50.4],[31.8,50.5],[33.2,50.5],[34.5,50.8],[35.9,50.6],[36.4,50.1],[37,50],[37.2,49.3],[37.1,49],[37.9,49.8],[37.6,50.2],[36.6,50.9],[34.4,51.2],[34.2,51.3]]]]}},{"type":"Feature","properties":{},"geometry":{"type":"MultiPolygon","coordinates":[[[[37.1,49.9],[37.4,49.7],[37.2,49.6],[37.1,49.9]]]]}},{"type":"Feature","properties":{},"geometry":{"type":"MultiPolygon","coordinates":[[[[22.3,49.3],[23.7,47.9],[24,47.5],[24.1,47.3],[24.5,46.9],[24.9,46.9],[24.8,46.6],[25.2,46.5],[25.5,46.3],[25.8,46.3],[25.6,46.1],[26.2,46],[26.3,46],[26.6,45.7],[26.4,45.5],[26.3,45],[26.1,45.5],[25.6,45],[25.5,45.3],[25.1,45.5],[25,45.8],[24.7,46],[24.4,46],[24,46],[23.8,46.2],[23.4,46.5],[23,47.1],[23.1,47.3],[22.8,47.7],[22.7,48],[22.5,48.4],[21.8,48.9],[22.3,49.3]]]]}},{"type":"Feature","properties":{},"geometry":{"type":"MultiPolygon","coordinates":[[[[26.5,45.4],[26.9,45.4],[27.1,45.5],[27.4,45.2],[27.6,45],[28.2,45],[28.9,44.9],[30.4,45.2],[30.1,44.9],[30.4,44.9],[30,44.5],[29.7,44.3],[29.8,44.1],[29.6,44.1],[29.3,44.3],[29.2,44.3],[28.7,44.1],[28.8,44],[28.6,43.9],[27.6,43.9],[27.4,44.2],[27.2,44.4],[27.1,44.4],[26.7,44.6],[26.3,44.9],[26.5,45.4]]]]}},{"type":"Feature","properties":{},"geometry":{"type":"MultiPolygon","coordinates":[[[[28.7,44],[29.3,44],[28.8,43.8],[28.7,44]]]]}},{"type":"Feature","properties":{},"geometry":{"type":"MultiPolygon","coordinates":[[[[28,50.6],[30.2,50.3],[33.8,49.6],[35,49.2],[35,48.5],[34.9,48.8],[33.8,49.2],[33.1,48.9],[32.6,48.5],[31.9,48.7],[31.5,48.8],[30.8,48.8],[30.3,48.7],[29.6,49.2],[27.6,49.8],[28,50.6]]]]}},{"type":"Feature","properties":{},"geometry":{"type":"MultiPolygon","coordinates":[[[[26.9,50.2],[27.4,50.1],[27.5,49.9],[26.9,50.2]]]]}},{"type":"Feature","properties":{},"geometry":{"type":"MultiPolygon","coordinates":[[[[-44.7,-52.9],[-44.9,-53.6],[-45.9,-53.9],[-47.5,-53.6],[-48.1,-53.3],[-48.6,-53.2],[-48.9,-53.9],[-48.4,-54.7],[-48,-54.8],[-47.5,-55.1],[-48.3,-55.4],[-48.8,-54.9],[-49.7,-55.6],[-50.3,-56.3],[-50.7,-56.7],[-51.5,-57.1],[-52.6,-57],[-54,-57.4],[-55.5,-57.8],[-60.6,-56.4],[-61.4,-56.2],[-61.4,-56],[-60.9,-55.8],[-61,-55.7],[-60.3,-55.8],[-60.8,-55.5],[-60.6,-55.2],[-59.5,-55],[-59.6,-54.8],[-59.9,-54.6],[-60,-54.5],[-59.8,-54.4],[-59.5,-54.3],[-59.3,-54.2],[-59.3,-53.8],[-58.8,-53.5],[-58.2,-53.2],[-58.1,-52.9],[-57.8,-52.9],[-58.3,-52.5],[-57.7,-52.4],[-58.4,-52.1],[-58.5,-52.3],[-58.8,-52.3],[-58.8,-52],[-58.9,-51.3],[-58.6,-51],[-57.9,-50.4],[-57.3,-49.4],[-57.1,-48.7],[-48.5,-51.9],[-44.7,-52.9]]]]}},{"type":"Feature","properties":{},"geometry":{"type":"MultiPolygon","coordinates":[[[[-62.1,-56.1],[-62.9,-55.9],[-63.2,-55.8],[-62.9,-55.7],[-62.5,-55.8],[-62.2,-55.8],[-62,-55.9],[-62.1,-56.1]]]]}},{"type":"Feature","properties":{},"geometry":{"type":"MultiPolygon","coordinates":[[[[-59.6,-52.2],[-59,-52.3],[-59,-52.6],[-59.5,-52.9],[-59.7,-53.2],[-60,-53.6],[-60.4,-53.6],[-60.5,-53.5],[-60.2,-52.7],[-59.4,-52.1],[-59.6,-52.2]]]]}},{"type":"Feature","properties":{},"geometry":{"type":"MultiPolygon","coordinates":[[[[-59.8,-54.9],[-59.8,-55.1],[-60.1,-55.2],[-60.4,-55],[-60.4,-54.9],[-60.2,-54.8],[-59.8,-54.8],[-59.8,-54.9]]]]}},{"type":"Feature","properties":{},"geometry":{"type":"MultiPolygon","coordinates":[[[[-61.1,-55.2],[-61.3,-55.3],[-61.7,-55.1],[-61.1,-55.2]]]]}},{"type":"Feature","properties":{},"geometry":{"type":"MultiPolygon","coordinates":[[[[-61.1,-54.7],[-61.2,-54.8],[-61.3,-54.8],[-61.1,-54.7]]]]}},{"type":"Feature","properties":{},"geometry":{"type":"MultiPolygon","coordinates":[[[[-62,-55.5],[-62.1,-55.5],[-62.2,-55.7],[-62.1,-55.4],[-62,-55.5]]]]}},{"type":"Feature","properties":{},"geometry":{"type":"MultiPolygon","coordinates":[[[[-60.7,-54.9],[-61,-54.8],[-60.7,-54.8],[-60.7,-54.9]]]]}},{"type":"Feature","properties":{},"geometry":{"type":"MultiPolygon","coordinates":[[[[-60.7,-54.4],[-61,-54.3],[-60.9,-54.3],[-60.7,-54.4]]]]}},{"type":"Feature","properties":{},"geometry":{"type":"MultiPolygon","coordinates":[[[[-121.2,-73.2],[-122.1,-73.5],[-122.3,-73.3],[-122.3,-73.2],[-121.2,-73.2]]]]}},{"type":"Feature","properties":{},"geometry":{"type":"MultiPolygon","coordinates":[[[[-161.9,-74],[-158.6,-73.8],[-158,-73.6],[-157.7,-73.6],[-157.1,-73.5],[-156.8,-73.4],[-156.1,-73.4],[-150.4,-72.8],[-146.8,-72.7],[-149.7,-73.6],[-149.8,-73.9],[-149,-74.1],[-151,-74.1],[-152.1,-74.2],[-153.4,-74.1],[-154.1,-74.6],[-154.3,-75],[-156,-75.8],[-158.4,-76.2],[-159.8,-76.5],[-161.6,-76.5],[-163.3,-76.2],[-163.2,-76.1],[-164.8,-75.7],[-167.5,-75.6],[-167.4,-75.4],[-167.8,-75.4],[-166,-75.1],[-166.2,-75],[-166.1,-74.9],[-165.9,-74.9],[-165.6,-74.8],[-165.5,-74.6],[-165.1,-74.6],[-164.9,-74.5],[-163.8,-74.4],[-162.6,-74.3],[-161.9,-74]]]]}},{"type":"Feature","properties":{},"geometry":{"type":"MultiPolygon","coordinates":[[[[-164.5,-76.3],[-164.7,-76.5],[-164.9,-76.7],[-166.3,-76.8],[-165.6,-76.6],[-164.5,-76.3]]]]}},{"type":"Feature","properties":{},"geometry":{"type":"MultiPolygon","coordinates":[[[[-176.1,-79.5],[-176.7,-79.6],[-177.2,-79.8],[-177.9,-79.7],[-176.1,-79.5]]]]}},{"type":"Feature","properties":{},"geometry":{"type":"MultiPolygon","coordinates":[[[[89.8,5.5],[90.3,5.3],[90.8,4.8],[91.2,4.1],[91.3,3.8],[91.3,3.6],[91.5,3.3],[91.8,2.9],[91.6,2.9],[91.7,2.6],[91.8,2.2],[91.9,2],[91.6,1.5],[91.1,0.9],[90.8,1],[90,4],[89.8,5.5]]]]}},{"type":"Feature","properties":{},"geometry":{"type":"MultiPolygon","coordinates":[[[[83.2,8.2],[83.5,7.5],[85.7,6.5],[88.2,5.7],[89.4,5],[91.3,1.8],[90.5,0.1],[90.3,0.2],[90.2,0],[90,0],[88.9,0.3],[85.9,1.4],[83.6,3],[82.8,5.7],[83,8],[83.2,8.2]]]]}},{"type":"Feature","properties":{},"geometry":{"type":"MultiPolygon","coordinates":[[[[83.1,2.1],[84.4,0.3],[83.8,0.3],[83.8,0.6],[83.7,1.1],[83.1,0.9],[82.6,2.3],[83.1,2.1]]]]}},{"type":"Feature","properties":{},"geometry":{"type":"MultiPolygon","coordinates":[[[[-15.9,46.5],[-16.4,46.4],[-16.8,46.8],[-17,47.3],[-17.1,47.9],[-17.1,48.9],[-17.8,48.5],[-17.4,49.3],[-16.6,49],[-16,47.9],[-15.6,47.2],[-15.9,46.5]]]]}},{"type":"Feature","properties":{},"geometry":{"type":"MultiPolygon","coordinates":[[[[115.4,5.9],[115.3,4.7],[115.2,3.7],[114.4,4.6],[114.3,4.8],[114.4,5.5],[114.5,6.3],[115.3,6.9],[115.4,5.9]]]]}},{"type":"Feature","properties":{},"geometry":{"type":"MultiPolygon","coordinates":[[[[144.8,-40.6],[146.5,-42],[147,-43.1],[146.8,-43],[146,-42.5],[145.2,-42.1],[144.6,-42],[144.3,-42],[143.9,-42],[143.6,-41.7],[143.6,-41.9],[143.4,-41.9],[143.1,-41.9],[142.9,-41.9],[142.6,-42],[142.6,-42.4],[142,-42.4],[141.5,-42.8],[140.4,-42.7],[141.7,-42.9],[141.2,-43.8],[139.8,-43.8],[138,-43.1],[136.9,-42.8],[135.9,-42.9],[136.2,-42.4],[136.2,-42],[135.4,-41.8],[135.5,-41.4],[134.9,-40.7],[134.8,-40.6],[134.7,-40.4],[134.6,-40.2],[134.3,-40.2],[134.1,-40.1],[134,-40],[133.8,-40],[133.5,-39.9],[133.2,-39.8],[132.9,-39.8],[130.9,-39.4],[131.1,-38.6],[133.7,-38.6],[135.4,-38.5],[139.2,-39.4],[142.9,-39.9],[144.8,-40.6]]]]}},{"type":"Feature","properties":{},"geometry":{"type":"MultiPolygon","coordinates":[[[[135.5,-43.2],[134.5,-42.9],[134.9,-42.4],[136,-42.7],[135.5,-43.2]]]]}},{"type":"Feature","properties":{},"geometry":{"type":"MultiPolygon","coordinates":[[[[24.8,-6.1],[23.9,-6.6],[23.7,-7],[23.2,-6.8],[22.7,-5.4],[22.8,-4.9],[23.1,-5],[23.4,-5.5],[24.4,-6],[24.8,-6.1]]]]}},{"type":"Feature","properties":{},"geometry":{"type":"MultiPolygon","coordinates":[[[[28.1,-3.1],[27.9,-3.5],[27.7,-4.2],[27,-4.3],[26.2,-4.1],[26.8,-3.7],[27.5,-2.5],[27.3,-2.2],[28.1,-3.1]]]]}},{"type":"Feature","properties":{},"geometry":{"type":"MultiPolygon","coordinates":[[[[30.5,-5.9],[30.4,-6],[30.5,-6.4],[30.3,-7],[30.2,-6.8],[30,-7.1],[29.5,-7.4],[29.1,-7.2],[28.5,-6.9],[28.6,-6.4],[28.7,-6.2],[28.7,-6.1],[28.5,-5.7],[28.6,-5.3],[28.5,-4.4],[28.7,-4.4],[28.9,-4],[29.2,-3.6],[29.4,-3.5],[30.5,-5.9]]]]}},{"type":"Feature","properties":{},"geometry":{"type":"MultiPolygon","coordinates":[[[[28.5,-5.5],[28.3,-5.1],[28.5,-5.3],[28.5,-5.5]]]]}},{"type":"Feature","properties":{},"geometry":{"type":"MultiPolygon","coordinates":[[[[30.5,-8.2],[30.1,-8.3],[29.6,-8.3],[29.7,-8.5],[29.4,-8.5],[29,-9.1],[28.8,-8.8],[28.5,-8.8],[28.3,-8.5],[28.2,-8.3],[28.4,-7.6],[28.3,-7.2],[28.5,-7.2],[29,-7.2],[29.6,-7.8],[29.6,-7.5],[30,-7.3],[30.2,-7.5],[30.4,-8.1],[30.5,-8.2]]]]}},{"type":"Feature","properties":{},"geometry":{"type":"MultiPolygon","coordinates":[[[[30.6,-8.2],[30.3,-7.9],[30.4,-7.2],[30.6,-8.2]]]]}},{"type":"Feature","properties":{},"geometry":{"type":"MultiPolygon","coordinates":[[[[30.6,-9.9],[29.6,-10.5],[29.5,-10.4],[28.4,-10.4],[28.5,-9.9],[28.9,-10],[29.6,-10],[30.2,-10],[30.6,-9.9]]]]}},{"type":"Feature","properties":{},"geometry":{"type":"MultiPolygon","coordinates":[[[[42.9,-11.4],[42.9,-11.5],[43,-11.7],[43.4,-12],[43.7,-12.2],[42.8,-12.4],[41.8,-12.4],[41.1,-12.5],[39.8,-12.8],[39.1,-12.7],[38.7,-12.9],[37.5,-12.4],[37,-12.5],[36.3,-12.3],[35.2,-10.7],[34.5,-10.4],[34,-10.3],[33.9,-10.1],[33.7,-9.8],[33.6,-9.8],[33.3,-9.7],[33.1,-9.6],[33.4,-9.6],[33.2,-9.2],[33.2,-9],[33.4,-8.8],[33.2,-8.4],[33.3,-8.1],[33.7,-7.9],[34.6,-7.8],[35.3,-7.6],[35.9,-7.8],[36.8,-8.2],[37.5,-8.7],[38.4,-9],[40.2,-11.3],[42,-11.3],[42.9,-11.4]]]]}},{"type":"Feature","properties":{},"geometry":{"type":"MultiPolygon","coordinates":[[[[43,-10.5],[42.2,-10.5],[40.4,-10.5],[38.7,-8.4],[39.8,-8.6],[40.7,-8.6],[41.3,-8.7],[41.5,-9.1],[41.6,-9.3],[41.9,-9.5],[42.2,-9.7],[42.5,-9.8],[42.7,-10],[42.8,-10.2],[43,-10.3],[43,-10.5]]]]}},{"type":"Feature","properties":{},"geometry":{"type":"MultiPolygon","coordinates":[[[[45,-0.2],[46.3,-0.4],[47.3,-0.8],[47.7,-1.3],[49.3,-4.5],[47.4,-4.3],[46,-4.1],[43.7,-2.5],[43.5,-2.2],[43.3,-2.1],[43,-1.8],[42.8,-1.7],[42.8,-1.4],[42.6,-1.3],[42.4,-1.1],[42.3,-1],[41.9,-0.8],[41.7,-0.7],[41.4,-0.5],[41.2,-0.3],[41,0.1],[40.8,0.3],[40.6,0.6],[39.7,2],[40.5,1.7],[40.7,1.2],[41.1,0.6],[41.7,0.3],[42.1,0],[43.2,-0.3],[45,-0.2]]]]}},{"type":"Feature","properties":{},"geometry":{"type":"MultiPolygon","coordinates":[[[[41.3,1.3],[41.4,1.2],[41.5,1.1],[40.8,1.1],[39.7,1],[39,1.1],[38,1.3],[37.2,1.7],[36.3,2],[35.6,2.2],[35,1.9],[34.2,1.6],[33.6,1.6],[33.4,1.8],[33.6,1.9],[33.7,1.9],[33.7,1.7],[33.8,2.1],[34.1,2.2],[34.3,2.8],[34.1,3.4],[35,3.5],[35.2,3.4],[35.4,3.2],[36,3],[36.9,2.9],[36.5,3.2],[36.8,3],[37,2.8],[37.5,2.4],[37.8,2.3],[38.3,2.3],[38.9,2.2],[39.3,2.1],[39.6,2],[40.1,1.9],[40.3,1.9],[40.9,1.6],[41.2,1.4],[41.3,1.3]]]]}},{"type":"Feature","properties":{},"geometry":{"type":"MultiPolygon","coordinates":[[[[34.5,3.8],[34.8,3.8],[35.1,3.8],[34.5,3.7],[34.7,3.7],[34.5,3.8]]]]}},{"type":"Feature","properties":{},"geometry":{"type":"MultiPolygon","coordinates":[[[[33.9,2.8],[33.8,2.4],[33.7,2.7],[33.5,2.8],[33.9,2.8]]]]}},{"type":"Feature","properties":{},"geometry":{"type":"MultiPolygon","coordinates":[[[[39.6,2],[40.3,1.1],[40.7,0.4],[40.4,0.6],[39.9,0.9],[39.6,1],[39.1,1.1],[38.8,1.2],[38.5,1.2],[38,1.3],[37.4,1.4],[37.1,1.5],[36.6,1.8],[36.3,2],[36.1,2.2],[35.9,2.5],[36,2.6],[36.8,2.3],[37.6,2.1],[39.6,2]]]]}},{"type":"Feature","properties":{},"geometry":{"type":"MultiPolygon","coordinates":[[[[12.2,39.7],[12.5,39.4],[12.1,39.5],[12.2,39.2],[12.4,38.9],[12,38.8],[11.5,38.9],[11.4,39.2],[11.1,39.4],[11.1,39.2],[10.6,39.6],[10.6,39.8],[11,40.1],[11,39.7],[11.5,39.6],[12,39.7],[12.2,39.7]]]]}},{"type":"Feature","properties":{},"geometry":{"type":"MultiPolygon","coordinates":[[[[13.8,38.9],[14.3,38.2],[13.8,38],[13.5,38.2],[13.1,38.4],[13,38.5],[13.2,39],[12.4,38.7],[12.7,38.9],[12.8,39.3],[13.8,38.9]]]]}},{"type":"Feature","properties":{},"geometry":{"type":"MultiPolygon","coordinates":[[[[51.4,-17.6],[51.5,-19.7],[53,-22.1],[55.3,-23.4],[55.2,-24.9],[54,-23.8],[52.3,-22.7],[50.8,-21.3],[50.2,-20.3],[49.6,-19.4],[48.9,-18.8],[47.1,-17.8],[46.5,-16.3],[45.6,-15],[45.2,-14],[45,-13.5],[45,-13],[45,-12.6],[45.5,-12.6],[47.2,-12.7],[47.5,-13.9],[48.1,-14.8],[48.9,-15.7],[49.7,-16.4],[51.4,-17.6]]]]}},{"type":"Feature","properties":{},"geometry":{"type":"MultiPolygon","coordinates":[[[[50.2,-14.9],[52.5,-15.2],[53,-15.1],[54.9,-14.7],[55.9,-15.2],[54.7,-15.8],[51.4,-17.6],[49.7,-16.4],[48.9,-15.7],[48.1,-14.8],[47.5,-13.9],[47.2,-12.7],[48.8,-13.2],[49,-14],[49.8,-14.6],[50.2,-14.9]]]]}},{"type":"Feature","properties":{},"geometry":{"type":"MultiPolygon","coordinates":[[[[32.5,16.2],[32.3,14.6],[32,14.4],[31.3,14.3],[30.4,14.3],[29.6,14.5],[29.7,15.1],[31,16.8],[31.6,16.7],[32.3,16.4],[32.5,16.2]]]]}},{"type":"Feature","properties":{},"geometry":{"type":"MultiPolygon","coordinates":[[[[14.8,-0.7],[15.1,-1.2],[15.9,-1.8],[17.2,-3.3],[16.7,-3.3],[16.5,-2.9],[15.7,-2.1],[14.4,-1.5],[12.8,-0.6],[11.9,-0.2],[11.3,0.3],[12.3,0.3],[12.9,0],[14.6,-0.4],[14.8,-0.7]]]]}},{"type":"Feature","properties":{},"geometry":{"type":"MultiPolygon","coordinates":[[[[10.2,1.5],[10.7,1.1],[10.7,0.9],[10.9,0.7],[11.1,0.6],[10.1,0.8],[9.1,1],[8.3,1.6],[7.9,2.3],[9.4,3],[9.3,2],[9.7,1.6],[10.2,1.5]]]]}},{"type":"Feature","properties":{},"geometry":{"type":"MultiPolygon","coordinates":[[[[13.9,-2],[13.4,-1.9],[12.8,-1.4],[13.2,-0.8],[13.5,-1.9],[13.9,-2]]]]}},{"type":"Feature","properties":{},"geometry":{"type":"MultiPolygon","coordinates":[[[[31.6,18.1],[31.9,17.6],[32.3,17],[32.4,16.2],[31.7,16.7],[31.1,16.8],[30,15.6],[29.4,14.6],[29.2,14.2],[26.7,11.9],[25.1,11.3],[25.3,12.1],[27.6,14.7],[29.6,17.4],[31.6,18.1]]]]}},{"type":"Feature","properties":{},"geometry":{"type":"MultiPolygon","coordinates":[[[[-19.1,44.8],[-19.7,44.1],[-20.8,43.8],[-21.5,43.2],[-22.5,42.2],[-23,41.7],[-23.2,42.4],[-23.8,43.1],[-24.4,43.9],[-24.9,45.5],[-25,47],[-25.2,48.6],[-24.8,48.4],[-24.5,47.9],[-23.5,47.9],[-23.2,48.2],[-23,47.9],[-22.4,46.9],[-20.9,45.1],[-19,44.9],[-19.1,44.8]]]]}},{"type":"Feature","properties":{},"geometry":{"type":"MultiPolygon","coordinates":[[[[-51.8,23.3],[-52.6,22],[-51.6,21.2],[-50.4,20.3],[-49.5,18.9],[-48.4,17.2],[-48.4,16.1],[-49.3,16.3],[-50.2,16.9],[-51.7,18.7],[-51.7,19.1],[-51.9,18.9],[-52.3,19.3],[-53.5,21.5],[-53.4,22.8],[-53.4,23.5],[-51.8,23.3]]]]}},{"type":"Feature","properties":{},"geometry":{"type":"MultiPolygon","coordinates":[[[[-21,51],[-20.4,51.3],[-19.4,50.5],[-18.8,49.6],[-19,49.1],[-19.7,49.8],[-20.4,50.4],[-21,51]]]]}},{"type":"Feature","properties":{},"geometry":{"type":"MultiPolygon","coordinates":[[[[87.2,7.9],[87.3,7.3],[87.4,7],[86.1,7],[84.5,7.5],[84.1,8.5],[84.9,8.6],[87.2,7.9]]]]}},{"type":"Feature","properties":{},"geometry":{"type":"MultiPolygon","coordinates":[[[[86.9,7.1],[87.2,7],[87.4,6.9],[87.6,6.8],[88.6,6.1],[88.8,6],[86,6.3],[83.7,7.3],[83.5,8],[84.9,7.5],[86.9,7.1]]]]}},{"type":"Feature","properties":{},"geometry":{"type":"MultiPolygon","coordinates":[[[[88.6,6.1],[88.9,6],[89.2,5.9],[89.5,5.9],[89.6,5.8],[89,5.6],[87.9,6.1],[88.6,6.1]]]]}},{"type":"Feature","properties":{},"geometry":{"type":"MultiPolygon","coordinates":[[[[-16.8,47],[-16.3,46.9],[-16.7,46.4],[-16.8,47]]]]}},{"type":"Feature","properties":{},"geometry":{"type":"MultiPolygon","coordinates":[[[[29.5,10.4],[29.5,10.2],[29.1,9.6],[29.3,9],[29.4,8.7],[30,9],[30.1,8.8],[30,8.6],[30,8.5],[30,8.3],[29.7,8.4],[29,8.4],[28.6,8.5],[28.5,8.8],[28.5,9.8],[28.7,10.4],[29,10.7],[29.4,11.2],[29.4,11.7],[29.5,11.7],[29.5,10.4]]]]}},{"type":"Feature","properties":{},"geometry":{"type":"MultiPolygon","coordinates":[[[[16.7,-3.3],[12.2,-2.6],[8,-0.5],[3.4,1.2],[3.4,1.3],[4.8,2.3],[6.9,2.4],[7.9,2.3],[8.4,1.5],[9.4,0.9],[10.3,0.8],[11.1,0.5],[11.3,0.3],[11.5,0.3],[12.3,-0.4],[13.4,-1],[14.9,-1.9],[16.3,-2.6],[16.7,-3.2],[16.7,-3.3]]]]}},{"type":"Feature","properties":{},"geometry":{"type":"MultiPolygon","coordinates":[[[[-19.9,52.2],[-19.4,52.8],[-18.2,51.9],[-17.7,50.6],[-17.3,49.7],[-18.1,50.2],[-18.8,51.6],[-19.9,52.2]]]]}},{"type":"Feature","properties":{},"geometry":{"type":"MultiPolygon","coordinates":[[[[-24.5,44.4],[-25.7,45],[-25.8,43.5],[-26.6,43.2],[-27.2,42.5],[-28,42.7],[-27.7,43.5],[-27.5,45.2],[-27.9,46.8],[-29.3,48.1],[-30.7,49],[-29.9,49],[-28.8,48.8],[-27.5,48.5],[-26,48.5],[-24.4,47],[-24.2,45.4],[-24.5,44.4]]]]}},{"type":"Feature","properties":{},"geometry":{"type":"MultiPolygon","coordinates":[[[[-15.1,42.3],[-13,46.5],[-8.8,50.5],[-8.3,49.8],[-8,49.1],[-8.2,49.3],[-8.3,48.5],[-8.6,48.7],[-8.5,48.4],[-8.2,48.1],[-8.4,48.1],[-8.6,47.4],[-8.5,47],[-8.8,47.1],[-9.1,47.3],[-9.3,47.3],[-9.3,46.9],[-9.1,46.8],[-9.5,46.9],[-10,46.3],[-10.4,46.4],[-10.8,46.3],[-11,46.1],[-11.2,45.6],[-11.9,45.2],[-12.3,44.8],[-12.9,44.4],[-13.8,43.3],[-14.8,42.5],[-15.1,42.3]]]]}},{"type":"Feature","properties":{},"geometry":{"type":"MultiPolygon","coordinates":[[[[-45.5,-64.3],[-45,-64.3],[-45.2,-64.4],[-45,-64.5],[-44.9,-64.6],[-44.9,-64.4],[-44.3,-64.6],[-44.3,-64.7],[-45.1,-64.7],[-45.4,-64.9],[-45.7,-64.9],[-46.2,-64.9],[-46.5,-64.8],[-46.5,-64.9],[-46.5,-65.1],[-47,-65.1],[-47,-64.7],[-46.7,-64.6],[-46.1,-64.7],[-46.1,-64.3],[-45.5,-64.3]]]]}},{"type":"Feature","properties":{},"geometry":{"type":"MultiPolygon","coordinates":[[[[-46.2,-64.2],[-47.8,-64.7],[-48.6,-64.7],[-48.7,-64.7],[-49.2,-64.5],[-48.9,-64.6],[-48.4,-64.5],[-48,-64.4],[-47.9,-64.3],[-47.8,-64.3],[-47.9,-64.1],[-47.3,-64.2],[-47.1,-64.2],[-46.7,-64.3],[-46.2,-64.2]]]]}},{"type":"Feature","properties":{},"geometry":{"type":"MultiPolygon","coordinates":[[[[-48.7,-64.3],[-49,-64.3],[-49,-64.4],[-48.7,-64.3]]]]}},{"type":"Feature","properties":{},"geometry":{"type":"MultiPolygon","coordinates":[[[[-10.1,68.2],[-12.6,68.4],[-15,68.3],[-15,69.4],[-10,68.9],[-9.5,68.4],[-10.1,68.2]]]]}},{"type":"Feature","properties":{},"geometry":{"type":"MultiPolygon","coordinates":[[[[-7.7,69],[-3.7,70.2],[-6,68.7],[-7.7,69]]]]}},{"type":"Feature","properties":{},"geometry":{"type":"MultiPolygon","coordinates":[[[[-16.4,45.4],[-15.2,45.3],[-15.5,44.7],[-16.4,45.4]]]]}},{"type":"Feature","properties":{},"geometry":{"type":"MultiPolygon","coordinates":[[[[-16,46.2],[-15.9,46.5],[-15.6,47.2],[-13.5,50],[-13.2,50.1],[-14.7,48.3],[-15.5,46.2],[-16,46.2]]]]}},{"type":"Feature","properties":{},"geometry":{"type":"MultiPolygon","coordinates":[[[[-61.8,-56.4],[-62.3,-56.9],[-62.8,-56.7],[-62.7,-56.9],[-63.3,-56.5],[-63.4,-56.4],[-63.9,-56.5],[-63.8,-56.6],[-63.6,-56.6],[-63.9,-56.3],[-63.4,-56.2],[-62.9,-56.3],[-62.8,-56.2],[-62.7,-56.1],[-62.1,-56.2],[-61.8,-56.3],[-61.8,-56.4]]]]}},{"type":"Feature","properties":{},"geometry":{"type":"MultiPolygon","coordinates":[[[[-62.6,-57.4],[-62.6,-57.5],[-62.8,-57.4],[-62.7,-57.2],[-62.6,-57.4]]]]}},{"type":"Feature","properties":{},"geometry":{"type":"MultiPolygon","coordinates":[[[[-62.9,-57.7],[-63.4,-57.7],[-63.6,-57.6],[-63.1,-57.6],[-62.9,-57.7]]]]}},{"type":"Feature","properties":{},"geometry":{"type":"MultiPolygon","coordinates":[[[[-63.3,-58.2],[-63.6,-58],[-63.5,-57.8],[-63.3,-58.2]]]]}},{"type":"Feature","properties":{},"geometry":{"type":"MultiPolygon","coordinates":[[[[-63.7,-58.7],[-64.1,-59.1],[-63.8,-58.6],[-63.7,-58.7]]]]}},{"type":"Feature","properties":{},"geometry":{"type":"MultiPolygon","coordinates":[[[[-64.4,-60.1],[-64.6,-60.2],[-65.1,-60],[-65.2,-59.9],[-65,-59.8],[-64.6,-60],[-64.4,-60.1]]]]}},{"type":"Feature","properties":{},"geometry":{"type":"MultiPolygon","coordinates":[[[[-64.5,-60.4],[-64.8,-60.5],[-64.9,-60.3],[-64.5,-60.4]]]]}},{"type":"Feature","properties":{},"geometry":{"type":"MultiPolygon","coordinates":[[[[-64.7,-60.8],[-65.2,-61],[-65.2,-60.7],[-64.7,-60.8]]]]}},{"type":"Feature","properties":{},"geometry":{"type":"MultiPolygon","coordinates":[[[[-65,-61.4],[-65.1,-61.5],[-65.1,-61.2],[-65,-61.4]]]]}},{"type":"Feature","properties":{},"geometry":{"type":"MultiPolygon","coordinates":[[[[-64.9,-62.1],[-64.8,-62.4],[-64.8,-62.6],[-64.7,-62.7],[-65.6,-63],[-65.9,-62.8],[-65.5,-62.8],[-65.5,-62.6],[-65.1,-62.4],[-65.1,-62.3],[-65.5,-62.4],[-65.9,-62.4],[-65.6,-62.3],[-65.4,-62.1],[-64.9,-62.1]]]]}},{"type":"Feature","properties":{},"geometry":{"type":"MultiPolygon","coordinates":[[[[-64.5,-63.4],[-64.4,-63.5],[-64.7,-63.6],[-63.5,-64.1],[-64.5,-63.8],[-64.6,-63.3],[-64.5,-63.4]]]]}},{"type":"Feature","properties":{},"geometry":{"type":"MultiPolygon","coordinates":[[[[-62.2,-65],[-62.3,-65.2],[-61.8,-65.1],[-60.3,-65.8],[-61.7,-65.6],[-62.8,-65.3],[-62.9,-65.3],[-63.4,-65.3],[-63.7,-65.2],[-63.7,-65],[-64.2,-64.9],[-64.6,-64.9],[-64.7,-64.7],[-64.9,-64.7],[-65.1,-64.7],[-65,-64.7],[-65,-64.5],[-64.6,-64.6],[-64.1,-64.8],[-63.9,-64.8],[-63.2,-65],[-63.4,-64.7],[-63.8,-64.4],[-63,-64.7],[-62.8,-65],[-62.2,-65]]]]}},{"type":"Feature","properties":{},"geometry":{"type":"MultiPolygon","coordinates":[[[[-64.1,-58.6],[-64.1,-58.7],[-64.2,-59.2],[-64.5,-59.4],[-64.7,-59.7],[-64.8,-59.8],[-65.3,-59.7],[-65,-59.6],[-64.8,-59.6],[-65.1,-59.4],[-65,-59.3],[-64.5,-59.2],[-64.7,-59.1],[-65,-59.3],[-65.1,-59.3],[-65.2,-59.5],[-65.5,-59.3],[-65.5,-59.2],[-65.5,-59.1],[-65.3,-58.9],[-65,-59.1],[-65.2,-59],[-65,-59.1],[-64.9,-59],[-64.6,-59],[-64.5,-58.9],[-64.4,-58.7],[-64.4,-58.6],[-64.5,-58.6],[-64.2,-58.5],[-64.1,-58.6]]]]}},{"type":"Feature","properties":{},"geometry":{"type":"MultiPolygon","coordinates":[[[[-64.7,-62.8],[-64.7,-62.9],[-64.6,-63.2],[-65,-63.3],[-65,-63.5],[-65.5,-63.1],[-65.3,-63.1],[-65.2,-62.9],[-64.7,-62.8]]]]}},{"type":"Feature","properties":{},"geometry":{"type":"MultiPolygon","coordinates":[[[[-61.4,-65.7],[-61.7,-65.8],[-62,-65.9],[-61.8,-66.1],[-61.4,-66.2],[-61.5,-66.5],[-61.6,-66.3],[-62,-66.2],[-62.5,-66],[-62.4,-65.9],[-62.7,-65.8],[-62.7,-66],[-63.1,-66],[-63.1,-65.8],[-63.5,-65.6],[-63.5,-65.5],[-62.6,-65.6],[-61.4,-65.7]]]]}},{"type":"Feature","properties":{},"geometry":{"type":"MultiPolygon","coordinates":[[[[-65.7,-63.2],[-65.7,-63.4],[-65.5,-63.6],[-65.1,-63.7],[-65.2,-63.8],[-65.5,-64],[-65.7,-63.9],[-66.3,-63.9],[-65.9,-63.9],[-65.8,-63.7],[-66.6,-63.7],[-66.5,-63.4],[-66.1,-63.4],[-65.7,-63.2]]]]}},{"type":"Feature","properties":{},"geometry":{"type":"MultiPolygon","coordinates":[[[[-59.7,-66.2],[-60.6,-66.2],[-61.1,-66.1],[-59.9,-66],[-59.7,-66.2]]]]}},{"type":"Feature","properties":{},"geometry":{"type":"MultiPolygon","coordinates":[[[[-63,-64.5],[-63.3,-64.5],[-63.6,-64.3],[-63,-64.5]]]]}},{"type":"Feature","properties":{},"geometry":{"type":"MultiPolygon","coordinates":[[[[-66.9,-62.4],[-66.9,-62.5],[-66.1,-62.8],[-65.9,-63.1],[-66.2,-63.1],[-66.4,-62.9],[-66.7,-62.8],[-67.1,-62.7],[-66.9,-62.4]]]]}},{"type":"Feature","properties":{},"geometry":{"type":"MultiPolygon","coordinates":[[[[-64.5,-57.7],[-64.5,-57.9],[-64.5,-58.1],[-64.7,-58.3],[-64.7,-58.1],[-65,-58],[-64.8,-57.7],[-64.5,-57.7]]]]}},{"type":"Feature","properties":{},"geometry":{"type":"MultiPolygon","coordinates":[[[[-64.4,-64.1],[-64.2,-64.2],[-64,-64.4],[-64,-64.6],[-64.5,-64.5],[-64.5,-64.3],[-64.8,-64.3],[-64.4,-64.1]]]]}},{"type":"Feature","properties":{},"geometry":{"type":"MultiPolygon","coordinates":[[[[-64.7,-63.9],[-64.7,-64.1],[-64.8,-64.3],[-65,-64.4],[-65.2,-64.3],[-65.1,-64.1],[-65.3,-63.9],[-64.7,-63.9]]]]}},{"type":"Feature","properties":{},"geometry":{"type":"MultiPolygon","coordinates":[[[[-65.7,-59.6],[-65.5,-59.8],[-65.6,-59.8],[-65.3,-59.8],[-66.1,-60],[-65.8,-59.8],[-65.8,-59.7],[-65.7,-59.6]]]]}},{"type":"Feature","properties":{},"geometry":{"type":"MultiPolygon","coordinates":[[[[-64,-58.3],[-63.9,-58.5],[-64.4,-58.2],[-64,-58.1],[-64,-58.3]]]]}},{"type":"Feature","properties":{},"geometry":{"type":"MultiPolygon","coordinates":[[[[-65.3,-60.5],[-65.5,-60.7],[-65.8,-60.6],[-65.9,-60.6],[-65.5,-60.6],[-65.5,-60.4],[-65.3,-60.5]]]]}},{"type":"Feature","properties":{},"geometry":{"type":"MultiPolygon","coordinates":[[[[-64.2,-57.9],[-64.1,-58.1],[-64.4,-58],[-64.4,-57.8],[-64.2,-57.9]]]]}},{"type":"Feature","properties":{},"geometry":{"type":"MultiPolygon","coordinates":[[[[-65,-60.2],[-65,-60.6],[-65.2,-60.5],[-65.2,-60.3],[-65.4,-60.2],[-65,-60.2]]]]}},{"type":"Feature","properties":{},"geometry":{"type":"MultiPolygon","coordinates":[[[[-63.7,-65.2],[-63.9,-65.4],[-64.2,-65.5],[-64.3,-65.3],[-64.6,-65.3],[-64.4,-65.2],[-63.7,-65.2]]]]}},{"type":"Feature","properties":{},"geometry":{"type":"MultiPolygon","coordinates":[[[[-62.7,-65.4],[-63,-65.5],[-63.1,-65.4],[-63,-65.4],[-62.7,-65.4]]]]}},{"type":"Feature","properties":{},"geometry":{"type":"MultiPolygon","coordinates":[[[[-65.8,-60.9],[-66,-61.1],[-66.5,-61],[-65.8,-60.9]]]]}},{"type":"Feature","properties":{},"geometry":{"type":"MultiPolygon","coordinates":[[[[-64.8,-58.1],[-65.2,-58.3],[-65.1,-58.3],[-65.2,-58.1],[-64.8,-58.1]]]]}},{"type":"Feature","properties":{},"geometry":{"type":"MultiPolygon","coordinates":[[[[-66.1,-60],[-66.1,-60.2],[-66.3,-60.3],[-66.5,-60.2],[-66.1,-60]]]]}},{"type":"Feature","properties":{},"geometry":{"type":"MultiPolygon","coordinates":[[[[-65.5,-59.2],[-65.7,-59.5],[-65.9,-59.2],[-65.5,-59.2]]]]}},{"type":"Feature","properties":{},"geometry":{"type":"MultiPolygon","coordinates":[[[[-65.1,-58.5],[-65,-58.6],[-65.2,-58.6],[-65.3,-58.5],[-65.1,-58.5]]]]}},{"type":"Feature","properties":{},"geometry":{"type":"MultiPolygon","coordinates":[[[[-66.5,-61.4],[-67,-61.5],[-66.8,-61.5],[-66.5,-61.4]]]]}},{"type":"Feature","properties":{},"geometry":{"type":"MultiPolygon","coordinates":[[[[-65.7,-62.2],[-66.2,-62.4],[-66.3,-62.3],[-65.7,-62.2]]]]}},{"type":"Feature","properties":{},"geometry":{"type":"MultiPolygon","coordinates":[[[[-64.1,-57.7],[-64,-57.9],[-64.2,-57.7],[-64.1,-57.7]]]]}},{"type":"Feature","properties":{},"geometry":{"type":"MultiPolygon","coordinates":[[[[-66.5,-60.8],[-66.4,-60.9],[-67,-61.1],[-66.5,-60.8]]]]}},{"type":"Feature","properties":{},"geometry":{"type":"MultiPolygon","coordinates":[[[[-65.1,-58.7],[-65.3,-58.8],[-65.6,-58.8],[-65.1,-58.6],[-65.1,-58.7]]]]}},{"type":"Feature","properties":{},"geometry":{"type":"MultiPolygon","coordinates":[[[[-65.6,-61.7],[-65.6,-61.8],[-65.9,-61.7],[-65.6,-61.7]]]]}},{"type":"Feature","properties":{},"geometry":{"type":"MultiPolygon","coordinates":[[[[-65.6,-60.4],[-65.7,-60.5],[-65.8,-60.5],[-65.9,-60.4],[-65.8,-60.3],[-65.6,-60.4]]]]}},{"type":"Feature","properties":{},"geometry":{"type":"MultiPolygon","coordinates":[[[[-65.4,-61.3],[-65.4,-61.5],[-65.6,-61.4],[-65.4,-61.3]]]]}},{"type":"Feature","properties":{},"geometry":{"type":"MultiPolygon","coordinates":[[[[-66,-62],[-66.2,-62.1],[-66.2,-61.9],[-66,-62]]]]}},{"type":"Feature","properties":{},"geometry":{"type":"MultiPolygon","coordinates":[[[[-66.2,-63.2],[-66.4,-63.3],[-66.5,-63.2],[-66.2,-63.2]]]]}},{"type":"Feature","properties":{},"geometry":{"type":"MultiPolygon","coordinates":[[[[-64,-57.4],[-64.2,-57.6],[-64.2,-57.5],[-64,-57.4]]]]}},{"type":"Feature","properties":{},"geometry":{"type":"MultiPolygon","coordinates":[[[[79.9,-46.7],[81.6,-46.8],[83.8,-47.1],[82.6,-47.4],[81.4,-47.6],[77.7,-48.1],[79.9,-46.7]]]]}},{"type":"Feature","properties":{},"geometry":{"type":"MultiPolygon","coordinates":[[[[82.4,-46.1],[84.7,-46.5],[80.4,-46.8],[82.3,-46.2],[82.4,-46.1]]]]}},{"type":"Feature","properties":{},"geometry":{"type":"MultiPolygon","coordinates":[[[[84.7,-46.5],[87.1,-47],[87.8,-49.1],[85.4,-47.9],[83.8,-47.1],[81.6,-46.8],[84.7,-46.5]]]]}},{"type":"Feature","properties":{},"geometry":{"type":"MultiPolygon","coordinates":[[[[107.6,-51.6],[112.8,-51.8],[115.2,-51.6],[118.9,-51.2],[116.9,-51.8],[113.7,-52.2],[113.4,-52.1],[112.7,-52.4],[111,-52.7],[108.9,-53.2],[105.6,-53.6],[105.2,-53.4],[105.8,-52.9],[107.4,-52],[107.6,-51.6]]]]}},{"type":"Feature","properties":{},"geometry":{"type":"MultiPolygon","coordinates":[[[[116.8,-49.1],[120.3,-50.1],[118.9,-51.2],[115.2,-51.6],[112.8,-51.8],[107.6,-51.6],[108.9,-51.5],[109.6,-51.6],[110,-51.3],[111.6,-50.7],[112.4,-50.6],[113,-50.5],[113.3,-50.5],[114.2,-50.2],[114.8,-50],[114.1,-49.7],[115.4,-49.3],[116.8,-49.1]]]]}},{"type":"Feature","properties":{},"geometry":{"type":"MultiPolygon","coordinates":[[[[-92.5,41.8],[-92.2,41.6],[-92.1,41.4],[-92.3,41.2],[-92.4,41.6],[-92.5,41.8]]]]}},{"type":"Feature","properties":{},"geometry":{"type":"MultiPolygon","coordinates":[[[[-93.5,41.6],[-93.2,41.4],[-92.7,41.2],[-92.6,41.1],[-92.3,41],[-92.3,40.9],[-92.2,40.9],[-92,40.9],[-92,40.7],[-92,40.6],[-91.8,40.6],[-91.8,40.5],[-92,40.4],[-92.2,40.7],[-92.2,40.5],[-92.3,40.6],[-92.4,40.8],[-92.7,40.7],[-92.7,40.8],[-93.2,41],[-93.4,41.5],[-93.5,41.6]]]]}},{"type":"Feature","properties":{},"geometry":{"type":"MultiPolygon","coordinates":[[[[-95.1,43.1],[-94.9,42.8],[-94.5,42.6],[-94.5,42.4],[-94.6,42.3],[-94.8,42.3],[-94.8,42.5],[-95.4,42.9],[-95.4,43.1],[-95.1,43.1]]]]}},{"type":"Feature","properties":{},"geometry":{"type":"MultiPolygon","coordinates":[[[[-91.7,41.3],[-91.7,41.1],[-92,41.5],[-91.7,41.3]]]]}},{"type":"Feature","properties":{},"geometry":{"type":"MultiPolygon","coordinates":[[[[-93.9,42.3],[-93.4,42],[-93.6,41.9],[-93.6,41.7],[-94.2,42.1],[-94.4,42.2],[-93.9,42.3]]]]}},{"type":"Feature","properties":{},"geometry":{"type":"MultiPolygon","coordinates":[[[[-89,39.8],[-88.3,39.3],[-88.6,39.2],[-88.8,39.4],[-88.9,39.7],[-89,39.8]]]]}},{"type":"Feature","properties":{},"geometry":{"type":"MultiPolygon","coordinates":[[[[-94.5,42],[-94,42],[-94,41.8],[-93.8,41.5],[-93.8,41.4],[-94,41.3],[-94.2,41.4],[-94.1,41.7],[-94.3,41.8],[-94.5,42]]]]}},{"type":"Feature","properties":{},"geometry":{"type":"MultiPolygon","coordinates":[[[[-90.1,40.1],[-89.2,39.6],[-89.7,39.9],[-89.8,39.9],[-90,40],[-90.1,40.1]]]]}},{"type":"Feature","properties":{},"geometry":{"type":"MultiPolygon","coordinates":[[[[-92.8,41.8],[-92.6,41.6],[-92.5,41.5],[-92.9,41.6],[-93,41.8],[-92.8,41.8]]]]}},{"type":"Feature","properties":{},"geometry":{"type":"MultiPolygon","coordinates":[[[[-92.8,40.7],[-92.6,40.5],[-92.5,40.4],[-92.8,40.6],[-92.8,40.7]]]]}},{"type":"Feature","properties":{},"geometry":{"type":"MultiPolygon","coordinates":[[[[-90.4,40.2],[-90.2,40.1],[-90.4,39.9],[-90.4,40.2]]]]}},{"type":"Feature","properties":{},"geometry":{"type":"MultiPolygon","coordinates":[[[[-93.4,41.5],[-93.6,41.2],[-93.6,41.4],[-93.4,41.5]]]]}},{"type":"Feature","properties":{},"geometry":{"type":"MultiPolygon","coordinates":[[[[-88.1,39.5],[-88,39.3],[-88.3,39.4],[-88.1,39.5]]]]}},{"type":"Feature","properties":{},"geometry":{"type":"MultiPolygon","coordinates":[[[[82.9,-47.4],[84.7,-47.6],[87.8,-49.3],[86.9,-49.4],[83.3,-48.3],[82.9,-47.4]]]]}},{"type":"Feature","properties":{},"geometry":{"type":"MultiPolygon","coordinates":[[[[100.5,-52.4],[97.1,-52],[98,-51.6],[100.5,-52.4]]]]}},{"type":"Feature","properties":{},"geometry":{"type":"MultiPolygon","coordinates":[[[[-65.5,42.7],[-62.9,40.2],[-64.2,40.5],[-64,39.9],[-64,39.3],[-63.6,38.2],[-62.8,36.4],[-63.4,37.3],[-63.9,38],[-64.7,39.1],[-65.3,39.2],[-65.8,39.7],[-65.1,40.1],[-66.1,41.1],[-65.6,41.6],[-66.7,42.5],[-65.5,42.7]]]]}},{"type":"Feature","properties":{},"geometry":{"type":"MultiPolygon","coordinates":[[[[-18,46.8],[-17.9,48.5],[-17.4,48.9],[-17.3,48.1],[-17.7,46.9],[-18,46.8]]]]}},{"type":"Feature","properties":{},"geometry":{"type":"MultiPolygon","coordinates":[[[[72.3,13],[73.5,10.8],[75,9.3],[75.9,6.7],[75.8,5.3],[76.4,4.1],[76.8,3.4],[74.2,5.7],[73.9,8.4],[72.9,10.7],[72.3,13]]]]}},{"type":"Feature","properties":{},"geometry":{"type":"MultiPolygon","coordinates":[[[[97.3,-50],[97.7,-50.2],[95.9,-50.2],[97.3,-50]]]]}},{"type":"Feature","properties":{},"geometry":{"type":"MultiPolygon","coordinates":[[[[103.1,-47.2],[105.7,-47.6],[106.6,-47.8],[107.6,-48],[108.9,-48.2],[110.8,-48.7],[110.2,-48.9],[109.2,-48.8],[108.6,-48.6],[108.2,-48.6],[107.5,-48.4],[107.7,-48.7],[107,-48.7],[106.7,-48.6],[106.5,-48.5],[105.8,-48.5],[105.4,-48.3],[105.3,-48.6],[104.9,-48.5],[104.6,-48.6],[104.4,-48.7],[104.2,-48.5],[103.8,-48.6],[103.1,-48.6],[102.3,-48.9],[102.4,-49],[101.3,-49.2],[100.8,-49.2],[100,-49.2],[99.4,-49.3],[103.1,-47.2]]]]}},{"type":"Feature","properties":{},"geometry":{"type":"MultiPolygon","coordinates":[[[[110.9,-48.7],[111.3,-48.7],[110.7,-48.8],[110.9,-48.7]]]]}},{"type":"Feature","properties":{},"geometry":{"type":"MultiPolygon","coordinates":[[[[84.9,10],[87.8,8.4],[87.7,8.2],[87.5,7.9],[87.3,7.7],[86.9,7.8],[84.4,8.9],[84,10.2],[84.9,10]]]]}},{"type":"Feature","properties":{},"geometry":{"type":"MultiPolygon","coordinates":[[[[-15.2,45.3],[-16.1,46],[-15.5,46.2],[-14.7,48.3],[-13.2,50.1],[-12.7,50.7],[-12.4,50.1],[-13.2,49.1],[-14.8,46.8],[-15,45.3],[-15.2,45.3]]]]}},{"type":"Feature","properties":{},"geometry":{"type":"MultiPolygon","coordinates":[[[[26.1,-4.1],[26.3,-3.1],[27.4,-4.1],[27.2,-4.9],[26.7,-4],[26.2,-4],[26.1,-4.1]]]]}},{"type":"Feature","properties":{},"geometry":{"type":"MultiPolygon","coordinates":[[[[-29.5,30.3],[-29.6,29],[-29.8,27.1],[-29.5,27],[-29.9,25.2],[-30.3,25.3],[-31.5,25],[-31.3,25.9],[-31,26.3],[-31.5,26.4],[-30.5,27.7],[-29.9,30.1],[-29.5,30.3]]]]}},{"type":"Feature","properties":{},"geometry":{"type":"MultiPolygon","coordinates":[[[[-4.8,78.8],[-19.6,80.9],[-18.8,81.1],[-14.3,81.5],[-12.6,81.3],[-4.2,81.6],[1.5,82.4],[8.4,83.3],[16.5,83.8],[19.2,84.1],[23.8,84.4],[18.6,83.3],[6,80.6],[-4.8,78.8]]]]}},{"type":"Feature","properties":{},"geometry":{"type":"MultiPolygon","coordinates":[[[[12.1,65.2],[18.1,69.5],[16.8,72.3],[21.6,71.6],[22.1,70.4],[20.5,69.1],[14.9,66.2],[12.1,65.2]]]]}},{"type":"Feature","properties":{},"geometry":{"type":"MultiPolygon","coordinates":[[[[14.3,45.8],[14.7,45.7],[14.9,45.2],[15.1,45.1],[15,44.9],[14.8,45],[14.6,45.1],[14.5,45.5],[14.2,45.6],[14.3,45.8]]]]}},{"type":"Feature","properties":{},"geometry":{"type":"MultiPolygon","coordinates":[[[[15.3,47.4],[15.3,47.1],[14.7,47.5],[15.3,47.4]]]]}},{"type":"Feature","properties":{},"geometry":{"type":"MultiPolygon","coordinates":[[[[15,47.8],[14.8,47.6],[14.3,48],[15,47.8]]]]}},{"type":"Feature","properties":{},"geometry":{"type":"MultiPolygon","coordinates":[[[[14.2,45.4],[14.4,45.1],[14.4,44.8],[14.1,45.2],[14.2,45.4]]]]}},{"type":"Feature","properties":{},"geometry":{"type":"MultiPolygon","coordinates":[[[[15.5,46.8],[15.6,46.6],[15.4,47],[15.5,46.8]]]]}},{"type":"Feature","properties":{},"geometry":{"type":"MultiPolygon","coordinates":[[[[14.1,46.4],[14.9,46.7],[14.3,46.3],[14.1,46.4]]]]}},{"type":"Feature","properties":{},"geometry":{"type":"MultiPolygon","coordinates":[[[[13.8,46.7],[14.1,46.7],[14,46.7],[13.8,46.7]]]]}},{"type":"Feature","properties":{},"geometry":{"type":"MultiPolygon","coordinates":[[[[-4.3,40.4],[-4.3,40.7],[-4,41.1],[-3.6,41],[-4,40.5],[-4.3,40.4]]]]}},{"type":"Feature","properties":{},"geometry":{"type":"MultiPolygon","coordinates":[[[[-5,40.7],[-6.1,41.2],[-5.9,41.3],[-6.5,42],[-6.2,41.8],[-5.9,42.1],[-5.2,41.9],[-4.8,41.9],[-4.9,41.3],[-5,41.1],[-5,40.7]]]]}},{"type":"Feature","properties":{},"geometry":{"type":"MultiPolygon","coordinates":[[[[3.4,41.2],[3,40.3],[2.9,40],[2.7,39.7],[2.5,39.6],[2.3,39.6],[2.2,39.6],[1.8,39.6],[1.6,39.5],[1.2,39.8],[1.3,40.1],[1.4,40.5],[1.9,40.4],[2.3,40.5],[2,40.7],[2,40.8],[1.8,40.9],[1.6,41.1],[1.7,41.2],[2,41.5],[2.2,41.4],[2.2,41.6],[2.4,41.7],[2.8,41.6],[3.1,42.1],[3.4,42],[3.5,42.2],[3.3,41.3],[3.4,41.2]]]]}},{"type":"Feature","properties":{},"geometry":{"type":"MultiPolygon","coordinates":[[[[-4,43],[-4.7,42.6],[-5.5,42.4],[-5.3,42.9],[-5.9,42.8],[-6.1,42.8],[-6.5,42.8],[-6.5,43],[-6.7,43.1],[-6.6,43.4],[-6.4,43.6],[-5.5,43.3],[-4.3,43],[-4.2,43],[-4,43]]]]}},{"type":"Feature","properties":{},"geometry":{"type":"MultiPolygon","coordinates":[[[[0.1,41.8],[0.1,41.3],[0.1,41],[-0.3,40.4],[-0.8,40.4],[-0.7,41.2],[-0.9,41.6],[-0.5,41.5],[-0.6,41.7],[-0.5,41.9],[0.1,41.8]]]]}},{"type":"Feature","properties":{},"geometry":{"type":"MultiPolygon","coordinates":[[[[0.4,39.8],[-0.1,39.9],[0.1,40.2],[0.3,40.7],[0.7,40.5],[0.5,40.1],[0.4,39.8]]]]}},{"type":"Feature","properties":{},"geometry":{"type":"MultiPolygon","coordinates":[[[[-2.9,41.8],[-3.5,42.4],[-2.5,42],[-2.7,41.9],[-2.9,41.8]]]]}},{"type":"Feature","properties":{},"geometry":{"type":"MultiPolygon","coordinates":[[[[-1.8,42.3],[-2.4,42.5],[-2.5,42.9],[-1.8,42.3]]]]}},{"type":"Feature","properties":{},"geometry":{"type":"MultiPolygon","coordinates":[[[[0.2,39.8],[0.4,39.5],[-0.2,39.5],[0.2,39.8]]]]}},{"type":"Feature","properties":{},"geometry":{"type":"MultiPolygon","coordinates":[[[[13.8,38.9],[12.9,39.4],[12.6,39.5],[12.3,39.7],[11.2,40.4],[11.5,40.5],[11.9,40.4],[12.6,40.3],[13.4,40.2],[13.3,39.8],[13.8,38.9]]]]}},{"type":"Feature","properties":{},"geometry":{"type":"MultiPolygon","coordinates":[[[[11.3,41.2],[11.9,41.3],[11.8,41.5],[12,41.6],[12.2,41.6],[12.3,41.6],[12.6,41.7],[13.1,41.7],[13.2,41.1],[12.9,40.9],[12.5,40.7],[11.9,40.6],[11.7,40.8],[11.7,40.9],[11.3,41.2]]]]}},{"type":"Feature","properties":{},"geometry":{"type":"MultiPolygon","coordinates":[[[[14.9,39.9],[14.8,39.6],[13.8,39.7],[14.9,39.9]]]]}},{"type":"Feature","properties":{},"geometry":{"type":"MultiPolygon","coordinates":[[[[13.4,40.1],[13.9,40],[13.5,39.9],[13.4,40.1]]]]}},{"type":"Feature","properties":{},"geometry":{"type":"MultiPolygon","coordinates":[[[[84.9,-45.5],[90.7,-46.5],[93.3,-47.2],[98,-47.6],[101.8,-46.9],[103,-47.3],[100.3,-48.8],[98.7,-49.4],[97.9,-49.3],[97.7,-49.6],[97,-49.7],[96.6,-49.9],[94.5,-50.1],[88.8,-49.7],[88.1,-48.2],[86.9,-46.7],[84.3,-46.4],[83.2,-45.8],[84,-45.7],[84.9,-45.5]]]]}},{"type":"Feature","properties":{},"geometry":{"type":"MultiPolygon","coordinates":[[[[84.1,1.9],[86.2,1.3],[90,-0.2],[90.2,-0.3],[90.1,-0.5],[90.1,-0.6],[90,-1],[89.9,-1.2],[88.9,-2.3],[88.6,-1],[88.1,-1],[87.7,-0.7],[87.1,-1],[87.1,-0.6],[86.8,-0.3],[86.5,-0.8],[86.3,-0.3],[86.2,-0.1],[85.6,0.3],[85.3,0.3],[85.2,0.4],[85,0.5],[84.7,0.6],[83.1,2.1],[84.1,1.9]]]]}},{"type":"Feature","properties":{},"geometry":{"type":"MultiPolygon","coordinates":[[[[93.8,-5.7],[93.6,-5.8],[93.3,-5.7],[93.8,-5.7]]]]}},{"type":"Feature","properties":{},"geometry":{"type":"MultiPolygon","coordinates":[[[[87.6,-0.9],[87.6,-1.3],[87.5,-0.9],[87.6,-0.9]]]]}},{"type":"Feature","properties":{},"geometry":{"type":"MultiPolygon","coordinates":[[[[-42.1,-10.6],[-42.5,-11],[-42.9,-11.1],[-42.9,-11.7],[-43.4,-12.3],[-44.3,-12],[-45.7,-11.4],[-45.7,-9.2],[-44.9,-7.4],[-43.8,-5.5],[-43.1,-3.8],[-42.3,-3],[-42.1,-2.6],[-41.7,-2.2],[-40.8,-2.3],[-41.4,-5.5],[-42.1,-10.6]]]]}},{"type":"Feature","properties":{},"geometry":{"type":"MultiPolygon","coordinates":[[[[108.6,-47.3],[109.6,-47.5],[113,-48.2],[114.9,-48.7],[113.8,-49.2],[112.9,-49.1],[111.7,-49.4],[111.5,-49.2],[111.1,-49.3],[110.6,-49.2],[110.4,-49.1],[109.7,-49.1],[108.6,-48.8],[107.5,-48.8],[106.6,-48.9],[106.4,-48.9],[106.2,-48.9],[105.7,-49],[105.5,-49],[105,-48.9],[104.2,-49.1],[104,-49.2],[102.9,-48],[103.6,-48.1],[105.2,-47.9],[106.6,-48],[107.1,-48.1],[108.1,-47.5],[108.6,-47.3]]]]}},{"type":"Feature","properties":{},"geometry":{"type":"MultiPolygon","coordinates":[[[[-38.4,-2.7],[-38.3,-3.3],[-38.2,-3.6],[-38,-4.2],[-38,-4.6],[-38,-4.8],[-38,-5.3],[-38.3,-5.9],[-38.2,-6.4],[-38.2,-7],[-39.9,-7.9],[-42.5,-9.7],[-44,-10.6],[-45.1,-11.2],[-45.2,-11],[-45.5,-11.2],[-45.7,-11.2],[-46.2,-10.5],[-45.8,-10.1],[-45.3,-9.5],[-45,-9.1],[-44.3,-8.8],[-43.6,-8.1],[-43.1,-8.3],[-42.9,-8.2],[-42.7,-7.9],[-42.4,-7.8],[-42.3,-7.4],[-42.1,-7.2],[-41.7,-7.3],[-41.4,-7.3],[-41.2,-7.2],[-41.1,-7.1],[-41,-6.9],[-40.8,-6.9],[-40.6,-6.7],[-40.4,-6.6],[-40.3,-6.5],[-40.1,-6.4],[-40.3,-6.2],[-40.5,-6.1],[-40.4,-5.9],[-40.1,-5.7],[-39.9,-4.8],[-39.6,-4.6],[-39.6,-4],[-39.4,-3.8],[-39.7,-3.4],[-39.4,-2.9],[-38.6,-2.4],[-38.4,-2.5],[-38.4,-2.7]]]]}},{"type":"Feature","properties":{},"geometry":{"type":"MultiPolygon","coordinates":[[[[-57.6,-73.4],[-71.4,-73.5],[-70.4,-71.8],[-69.3,-71.2],[-68.1,-71],[-66.4,-71.3],[-65.1,-71.1],[-64.1,-70.9],[-63.3,-70.7],[-62,-70.4],[-59.2,-69.6],[-61.3,-67.2],[-62.1,-66.3],[-60.9,-66],[-61,-65.8],[-61.6,-65.4],[-61.2,-65.1],[-61.6,-64.8],[-61.8,-64.5],[-61.6,-64.4],[-62.6,-64.1],[-62.2,-63.9],[-61.8,-64.2],[-61.7,-63.4],[-61.1,-63.2],[-61.3,-62.9],[-60.4,-62.7],[-60.4,-62.5],[-60.3,-62.2],[-60.2,-62],[-60.1,-61.7],[-59.5,-61.6],[-59.1,-61.5],[-59.2,-61.2],[-58.8,-61.3],[-58.4,-61.2],[-58.5,-60.9],[-58.1,-60.8],[-58.1,-60.5],[-57.2,-60.3],[-56.8,-60.1],[-55.8,-59.6],[-54.9,-59.5],[-54.5,-59.7],[-55.2,-59.7],[-55.2,-59.9],[-56.1,-60.5],[-56,-60.7],[-56.5,-60.8],[-56.7,-61],[-57.4,-60.9],[-58.1,-61.5],[-58.7,-61.8],[-58.4,-62.2],[-58,-62.6],[-57.7,-62.4],[-57.1,-62.5],[-57.2,-62.8],[-57.7,-62.7],[-58.1,-62.7],[-58.6,-63.1],[-59.7,-62.8],[-59.7,-63],[-59.7,-63.2],[-59.6,-63.6],[-60.2,-63.5],[-60.4,-63.8],[-60.3,-64],[-60.8,-64.1],[-60.2,-64.7],[-59.9,-64.7],[-59.7,-65.1],[-59.2,-65.4],[-58.9,-65.4],[-59,-65.2],[-58.3,-65],[-58.3,-65.4],[-58,-65.7],[-57,-66],[-56.6,-66.7],[-56.1,-66.9],[-55.8,-67.1],[-55.3,-67.4],[-54.8,-67.7],[-55.3,-68],[-54.4,-68.1],[-55.3,-68.4],[-54.6,-68.4],[-54.1,-68.5],[-54.2,-68.8],[-54.1,-69.1],[-53.5,-69.2],[-52.8,-69.5],[-53.6,-69.5],[-54.1,-69.6],[-54,-69.9],[-53.4,-70],[-53.8,-70.2],[-53.1,-70.3],[-53.6,-70.6],[-52.9,-70.8],[-53.6,-71.3],[-54.5,-71.3],[-53.8,-71.5],[-53.7,-71.7],[-56.8,-72.8],[-57.8,-73.2],[-57.6,-73.4]]]]}},{"type":"Feature","properties":{},"geometry":{"type":"MultiPolygon","coordinates":[[[[-63.9,-66],[-62.6,-66.9],[-60.5,-68.7],[-60.7,-69.3],[-62.1,-69.6],[-63.7,-69.8],[-63.4,-69.5],[-62.6,-69.3],[-62.9,-69],[-64.1,-68.8],[-64.8,-69.3],[-66.5,-69.3],[-65.7,-69],[-65,-68.8],[-64.1,-68.5],[-63.8,-68.3],[-62.3,-68.1],[-63.6,-67.5],[-63.2,-67.3],[-64.7,-67.2],[-65.6,-66.3],[-63.9,-66]]]]}},{"type":"Feature","properties":{},"geometry":{"type":"MultiPolygon","coordinates":[[[[-66.2,-67.9],[-68.1,-68.5],[-66.6,-68.2],[-66.2,-67.9]]]]}},{"type":"Feature","properties":{},"geometry":{"type":"MultiPolygon","coordinates":[[[[-64.7,-70.2],[-64.4,-70.9],[-65.6,-70.5],[-65.8,-70.2],[-64.7,-70.2]]]]}},{"type":"Feature","properties":{},"geometry":{"type":"MultiPolygon","coordinates":[[[[-67.2,-67.4],[-68.2,-67.4],[-67,-67.4],[-67.2,-67.4]]]]}},{"type":"Feature","properties":{},"geometry":{"type":"MultiPolygon","coordinates":[[[[-65.9,-74.7],[-61.2,-75.4],[-58.6,-75.5],[-59.7,-76],[-65,-76.1],[-65,-76.4],[-62.6,-76.4],[-60.1,-76.6],[-62.7,-77.1],[-66.4,-76.8],[-65.3,-77.1],[-64.9,-77.2],[-61.8,-77.5],[-60.3,-77.8],[-58.7,-77.2],[-56.4,-77.7],[-55.8,-77.7],[-56.3,-78.2],[-56.5,-80.1],[-56.1,-80.6],[-53.1,-81.7],[-45.7,-81],[-42.5,-81.9],[-55.4,-82.9],[-58.7,-85],[-28.7,-87.9],[-18.2,-88.5],[-10.6,-88.7],[-29.2,-88.9],[-4.9,-89.3],[5.8,-89.7],[52.7,-89.8],[-78.7,-89.6],[-67.3,-89],[-81.7,-88.6],[-96.6,-88.3],[-121,-87.6],[-135.2,-87.4],[-118.5,-86.4],[-124.3,-86.4],[-125.9,-86.4],[-130.2,-86.4],[-130.3,-86.1],[-129.5,-85.8],[-126.4,-85.6],[-128.6,-85.5],[-140.6,-85.5],[-142.4,-85.3],[-153.1,-85.1],[-149.2,-84.7],[-151.6,-84.7],[-155.6,-84.8],[-160.4,-83.7],[-157.4,-83.8],[-150.8,-83.6],[-148.3,-83.6],[-140.7,-83.8],[-142.5,-83.2],[-139.5,-83.4],[-135.3,-83.3],[-136.6,-82.9],[-139.9,-82.5],[-145.8,-82.5],[-140.6,-82.3],[-141.2,-82],[-138.8,-81.4],[-135.1,-81.1],[-133.6,-81.1],[-131.6,-80.9],[-119.4,-80.4],[-106.1,-79.1],[-99.4,-78.2],[-89.2,-76.8],[-65.9,-74.7]]]]}},{"type":"Feature","properties":{},"geometry":{"type":"MultiPolygon","coordinates":[[[[143,-39.2],[141.5,-38.9],[140,-38.5],[139.1,-38.3],[138.2,-38],[137.4,-37.6],[137.5,-37.1],[137.6,-36.7],[138.4,-37],[138.8,-37.3],[139.8,-37.6],[140.9,-37.3],[141.3,-37.4],[141.6,-37.9],[142.8,-38.6],[143,-39.2]]]]}},{"type":"Feature","properties":{},"geometry":{"type":"MultiPolygon","coordinates":[[[[131.4,-38.7],[130.8,-39.2],[130.4,-39.2],[130.8,-39.1],[130.1,-38.9],[129.8,-38.9],[129.6,-38.5],[129.4,-38.5],[129.6,-38.1],[129.7,-38],[129.3,-38.2],[129,-38.5],[128.7,-38.8],[128.5,-38.2],[128.3,-37.9],[128,-37.5],[127.7,-37.2],[128.2,-37.3],[129,-37.2],[129.3,-37.5],[129.5,-37.4],[129.7,-37.5],[129.9,-37.6],[130,-37.4],[130.2,-37.2],[130.6,-38],[130.8,-37.6],[131.1,-38.1],[131.1,-38.6],[131.4,-38.7]]]]}},{"type":"Feature","properties":{},"geometry":{"type":"MultiPolygon","coordinates":[[[[130.4,-36.6],[130.5,-37.7],[129.9,-37.8],[128.9,-37.9],[127.9,-37.8],[127.9,-37.3],[127.6,-37.2],[127.4,-37.2],[127.3,-37.1],[127,-37.2],[126.5,-37.1],[126.9,-36.6],[128.8,-36.4],[130.4,-36.6]]]]}},{"type":"Feature","properties":{},"geometry":{"type":"MultiPolygon","coordinates":[[[[130.7,-38.1],[131,-38.1],[130.7,-38.4],[129.9,-38.3],[130.7,-38.1]]]]}},{"type":"Feature","properties":{},"geometry":{"type":"MultiPolygon","coordinates":[[[[128.4,-37.7],[128.8,-38],[128.5,-38.1],[128.2,-38],[128,-37.7],[128.4,-37.7]]]]}},{"type":"Feature","properties":{},"geometry":{"type":"MultiPolygon","coordinates":[[[[131.2,-38.2],[132.4,-38.2],[131.3,-38.3],[131.2,-38.2]]]]}},{"type":"Feature","properties":{},"geometry":{"type":"MultiPolygon","coordinates":[[[[120.8,-43.7],[119.2,-44.2],[117.5,-44.7],[116,-45.2],[115.7,-44.9],[115.7,-44.5],[117.6,-44],[119.6,-43.6],[120.8,-43.7]]]]}},{"type":"Feature","properties":{},"geometry":{"type":"MultiPolygon","coordinates":[[[[126.8,-43.2],[126.2,-43.6],[126.3,-43.3],[126.6,-42.8],[127,-42.8],[126.8,-43.2]]]]}},{"type":"Feature","properties":{},"geometry":{"type":"MultiPolygon","coordinates":[[[[114.8,-45.6],[114.2,-45.5],[115,-45.4],[114.8,-45.6]]]]}},{"type":"Feature","properties":{},"geometry":{"type":"MultiPolygon","coordinates":[[[[-20.1,-5],[-21.1,-6.4],[-21.1,-6.5],[-21.4,-6.3],[-21.6,-6.2],[-21.4,-5.9],[-21.5,-5.6],[-21.6,-5.5],[-21.8,-5.3],[-21.8,-5.2],[-21.8,-4.7],[-21.7,-4.2],[-21.8,-4.3],[-21.9,-3.6],[-21.6,-3.4],[-21.7,-3.2],[-21.9,-3.1],[-21.3,-3.3],[-20.9,-4.2],[-20.4,-4.9],[-20.1,-5]]]]}},{"type":"Feature","properties":{},"geometry":{"type":"MultiPolygon","coordinates":[[[[-18,-6.7],[-18.3,-6.8],[-18,-6.6],[-17.9,-6.4],[-18,-6.2],[-17.8,-6.5],[-18,-6.7]]]]}},{"type":"Feature","properties":{},"geometry":{"type":"MultiPolygon","coordinates":[[[[9.2,41.5],[7.3,41.4],[4.6,41.3],[5,41.4],[4.2,41.7],[4.6,41.9],[4.3,42.1],[4,42.1],[4.6,42.2],[5.1,42.3],[5.2,41.9],[5.4,42],[5.3,42.3],[5.5,42.3],[6,42.1],[6.9,42.4],[7,42.2],[7.7,42.4],[8.4,42],[8.8,41.6],[9.1,41.6],[9.2,41.5]]]]}},{"type":"Feature","properties":{},"geometry":{"type":"MultiPolygon","coordinates":[[[[3.4,40.7],[3.3,40.9],[3.6,41.1],[3.4,40.7]]]]}},{"type":"Feature","properties":{},"geometry":{"type":"MultiPolygon","coordinates":[[[[7.4,37.4],[6.4,37.5],[5.7,37.4],[3.8,36.9],[3.1,36.6],[3,36.8],[3,36.9],[3.3,37.1],[3.5,37.2],[3,37.1],[3.9,37.6],[4.3,37.2],[4.6,37.4],[4,37.7],[4.2,37.7],[4.4,37.9],[5,38.1],[5.4,37.8],[5.1,38.3],[5.8,38.2],[9.1,38.3],[7.6,37.9],[7.2,37.5],[7.4,37.4]]]]}},{"type":"Feature","properties":{},"geometry":{"type":"MultiPolygon","coordinates":[[[[2.7,36.4],[2.5,36.4],[2.3,36.4],[2,36.5],[2.2,36.4],[2.3,36.6],[2.6,37.1],[2.7,36.5],[2.7,36.4]]]]}},{"type":"Feature","properties":{},"geometry":{"type":"MultiPolygon","coordinates":[[[[9,39.4],[5,39.4],[5.5,39.4],[6.1,39.5],[6.7,40],[6.1,39.8],[5.1,39.7],[5,39.9],[4.5,39.9],[5.3,40.2],[7.8,40.5],[9.5,40.5],[9.8,40.1],[9.1,39.7],[8.9,39.6],[8.3,39.6],[7.8,39.3],[9,39.4]]]]}},{"type":"Feature","properties":{},"geometry":{"type":"MultiPolygon","coordinates":[[[[4.7,39.3],[3.9,38.6],[4.2,39.3],[4.7,39.3]]]]}},{"type":"Feature","properties":{},"geometry":{"type":"MultiPolygon","coordinates":[[[[3.6,38.4],[2.8,37.9],[2.7,38],[2.7,38.3],[3.1,38.5],[3.6,38.4]]]]}},{"type":"Feature","properties":{},"geometry":{"type":"MultiPolygon","coordinates":[[[[2.9,38.5],[3.2,38.9],[3.3,39.2],[3.6,39.8],[3.8,39.7],[4,39.6],[3.5,39.2],[3.8,39.2],[3.4,38.7],[2.9,38.5]]]]}},{"type":"Feature","properties":{},"geometry":{"type":"MultiPolygon","coordinates":[[[[-15.1,42.3],[-15.8,42.2],[-16.7,43.3],[-16.4,45.4],[-15.5,44.7],[-15.2,45.3],[-14.8,46.4],[-13.8,48.8],[-12.2,50],[-12.7,50.7],[-12.2,51.1],[-11.7,51.4],[-11.1,51.7],[-8.7,51.3],[-8.8,50.5],[-12,47.5],[-14.2,43.2],[-15.1,42.3]]]]}},{"type":"Feature","properties":{},"geometry":{"type":"MultiPolygon","coordinates":[[[[-97.5,-76.8],[-97.5,-77.6],[-96.3,-77.5],[-104.1,-78.8],[-117.4,-80.2],[-130.1,-81],[-132.4,-80.6],[-128.9,-80.4],[-129.5,-80],[-126.5,-79.6],[-123.9,-79.6],[-121.1,-79.4],[-115,-78.8],[-111.9,-78.5],[-107.5,-78],[-106.7,-77.5],[-104.1,-77.4],[-103.8,-77],[-102.9,-76.9],[-102.2,-77],[-101.2,-77.3],[-100.7,-77.8],[-99.5,-77],[-99.9,-76.7],[-97.5,-76.8]]]]}},{"type":"Feature","properties":{},"geometry":{"type":"MultiPolygon","coordinates":[[[[-116.4,-77.7],[-116.6,-78],[-114.5,-77.8],[-115.3,-78.2],[-118.8,-78],[-119.6,-77.7],[-116.4,-77.7]]]]}},{"type":"Feature","properties":{},"geometry":{"type":"MultiPolygon","coordinates":[[[[-112.9,-77.5],[-110.6,-77.5],[-110,-77.9],[-112.3,-78],[-113.8,-77.6],[-112.9,-77.5]]]]}},{"type":"Feature","properties":{},"geometry":{"type":"MultiPolygon","coordinates":[[[[-73.3,-72.9],[-83.8,-76.3],[-96.5,-77.4],[-92.7,-77.1],[-88.1,-76.3],[-86.8,-76.5],[-84.7,-76.1],[-85.2,-76],[-86.9,-75.9],[-88.3,-75.7],[-89.9,-75.3],[-90.3,-75],[-88.6,-74.7],[-89,-74.6],[-93,-74.8],[-92.3,-74.4],[-90.9,-74.3],[-87.6,-74.2],[-85.1,-73.8],[-82.9,-73.5],[-80.5,-73.2],[-80,-72.6],[-78.7,-73.1],[-76.4,-72.7],[-74.1,-72.8],[-73.3,-72.9]]]]}},{"type":"Feature","properties":{},"geometry":{"type":"MultiPolygon","coordinates":[[[[-89.8,-73.1],[-89.1,-73.2],[-88.9,-73],[-88.1,-72.7],[-87.8,-72.9],[-86.8,-72.9],[-87,-73.2],[-87.5,-73.4],[-89.3,-73.7],[-92.9,-73.7],[-92.1,-73.3],[-91.4,-73.3],[-90.7,-73.1],[-89.8,-73.1]]]]}},{"type":"Feature","properties":{},"geometry":{"type":"MultiPolygon","coordinates":[[[[-148.7,-76.4],[-153.5,-78],[-155.3,-79.1],[-155.7,-78.8],[-155.2,-78.7],[-155,-78.5],[-156,-77.2],[-156,-75.8],[-155.9,-75.7],[-155.5,-75.8],[-154,-75.8],[-151.9,-75.7],[-151.7,-75.7],[-151.3,-75.8],[-150.7,-75.5],[-151,-75.5],[-150.6,-75.3],[-150.9,-75.7],[-150.2,-75.6],[-148.7,-76.4]]]]}},{"type":"Feature","properties":{},"geometry":{"type":"MultiPolygon","coordinates":[[[[-165.1,-70.2],[-165.2,-70.3],[-164.6,-70.5],[-163.7,-70.6],[-163.8,-70.5],[-162.8,-70.5],[-161.9,-70.4],[-162,-70.6],[-161.6,-70.6],[-161.3,-70.5],[-160.2,-70.7],[-159.8,-70.9],[-159.9,-71],[-158.6,-71.2],[-158.5,-71.4],[-158.3,-71.5],[-157.6,-71.6],[-157.2,-71.6],[-156,-71.7],[-156.4,-71.3],[-156.8,-71.1],[-155.6,-71.2],[-153.8,-71.8],[-150.9,-71.6],[-150.3,-71.5],[-150,-70.8],[-148.7,-70.9],[-147.6,-71.7],[-146.9,-72.3],[-148.5,-72.9],[-147.1,-73.6],[-146.6,-75.2],[-148.7,-75.2],[-149.2,-75.2],[-149.2,-75],[-151.4,-74.1],[-155.8,-74.2],[-155.9,-72.8],[-155.6,-72.7],[-156.1,-72.5],[-157,-72.2],[-157.8,-71.9],[-157.7,-71.8],[-158.7,-71.8],[-159.1,-71.6],[-159.8,-71.4],[-159.9,-71.4],[-160.1,-71.2],[-161,-71.3],[-162.9,-71.1],[-163.7,-70.9],[-163.9,-70.8],[-165.1,-70.2]]]]}},{"type":"Feature","properties":{},"geometry":{"type":"MultiPolygon","coordinates":[[[[154.4,-47.3],[154.9,-47.5],[154.3,-47.3],[154.4,-47.3]]]]}},{"type":"Feature","properties":{},"geometry":{"type":"MultiPolygon","coordinates":[[[[150.7,-46.3],[150.3,-46.4],[149.9,-46.1],[148.7,-46],[149.6,-46],[150.7,-46.3]]]]}},{"type":"Feature","properties":{},"geometry":{"type":"MultiPolygon","coordinates":[[[[144.8,-40.6],[141.8,-39.7],[138.9,-39.4],[135,-38.5],[132.9,-38.4],[133.5,-37.9],[136,-37.5],[137.8,-37.9],[139.7,-38.5],[142,-39.2],[144.1,-40],[144.8,-40.6]]]]}},{"type":"Feature","properties":{},"geometry":{"type":"MultiPolygon","coordinates":[[[[-57.6,-73.4],[-60.6,-73.8],[-63,-73.8],[-64,-73.9],[-61.4,-74.5],[-63.8,-74.2],[-57.6,-73.4]]]]}},{"type":"Feature","properties":{},"geometry":{"type":"MultiPolygon","coordinates":[[[[-61.8,-75.2],[-64.8,-75.2],[-63.7,-75.3],[-61.8,-75.2]]]]}},{"type":"Feature","properties":{},"geometry":{"type":"MultiPolygon","coordinates":[[[[-62.5,-76.8],[-65.1,-76.4],[-63.2,-76.6],[-62.5,-76.8]]]]}},{"type":"Feature","properties":{},"geometry":{"type":"MultiPolygon","coordinates":[[[[-58.4,-76.5],[-61,-76.9],[-61.9,-76.7],[-58.4,-76.5]]]]}},{"type":"Feature","properties":{},"geometry":{"type":"MultiPolygon","coordinates":[[[[-47.1,-78.1],[-52.4,-77.8],[-53.3,-78.4],[-54.7,-77.7],[-52.9,-77.3],[-50.8,-77.5],[-47.5,-77.7],[-45.8,-77.7],[-46.4,-77.8],[-47.1,-77.9],[-46.2,-78],[-47.1,-78.1]]]]}},{"type":"Feature","properties":{},"geometry":{"type":"MultiPolygon","coordinates":[[[[-42.8,-78.8],[-45.8,-78.3],[-44.5,-78.2],[-43.8,-78.4],[-42.8,-78.8]]]]}},{"type":"Feature","properties":{},"geometry":{"type":"MultiPolygon","coordinates":[[[[-41,-79.1],[-42.1,-79],[-42,-78.9],[-41,-79.1]]]]}},{"type":"Feature","properties":{},"geometry":{"type":"MultiPolygon","coordinates":[[[[-45.7,-76.3],[-45.4,-76.9],[-48.1,-76.9],[-50.3,-76.5],[-47.2,-76.4],[-47.6,-75.9],[-46.2,-76],[-45.7,-76.3]]]]}},{"type":"Feature","properties":{},"geometry":{"type":"MultiPolygon","coordinates":[[[[-53.6,-76.2],[-55.5,-75.7],[-53.9,-76.1],[-53.6,-76.2]]]]}},{"type":"Feature","properties":{},"geometry":{"type":"MultiPolygon","coordinates":[[[[-50.1,-76.2],[-51.3,-76.2],[-51.4,-76],[-50.1,-76.2]]]]}},{"type":"Feature","properties":{},"geometry":{"type":"MultiPolygon","coordinates":[[[[-32.4,28.7],[-33.3,26.6],[-33.4,25.4],[-33.8,24.5],[-33.2,23.3],[-32.6,22.8],[-33.5,21.9],[-34.3,20.7],[-34.2,19.5],[-34.5,19.1],[-36.8,20.3],[-39.1,22.4],[-40.2,23.9],[-39.4,24.5],[-38.5,25.1],[-37.7,25.8],[-37.5,25.9],[-37,26.2],[-37,26.3],[-37,26.4],[-36.6,26.7],[-36.4,26.8],[-36.1,27.9],[-35.4,27.6],[-35.1,27.2],[-34.9,27.1],[-35.2,26.9],[-35.5,26.8],[-35,26.9],[-35.2,26.6],[-35.4,26.5],[-35.8,26.6],[-35.9,26.5],[-35.9,26.4],[-35.7,26.3],[-35.2,26.5],[-35.1,26.4],[-35.1,26.6],[-34.6,27],[-34.7,27.1],[-34.5,27.2],[-34.4,27.5],[-34.4,27.9],[-34.3,28],[-34.1,28],[-34.3,28.4],[-34.2,28.6],[-34,28.9],[-33.9,29.1],[-34.2,28.9],[-33.8,29.5],[-33.6,29.7],[-32.8,29.8],[-32.4,28.7]]]]}},{"type":"Feature","properties":{},"geometry":{"type":"MultiPolygon","coordinates":[[[[-34.8,27.1],[-34.8,26.8],[-34.8,27.2],[-34.8,27.1]]]]}},{"type":"Feature","properties":{},"geometry":{"type":"MultiPolygon","coordinates":[[[[68.6,-34.6],[69.4,-35.8],[69.8,-37.1],[70.6,-38],[72.3,-39.2],[72.5,-39.9],[72.8,-40.5],[72.6,-41],[72.8,-41.2],[72.8,-41.6],[73.3,-41.8],[73.8,-42.2],[74.1,-42.6],[75.8,-43.4],[76.3,-44.1],[76.7,-44.9],[76.4,-45.5],[75.6,-44.9],[74.3,-44],[73.7,-43.4],[72.9,-43.1],[72.3,-42.7],[71,-42],[70.4,-41.3],[69.5,-40.5],[69,-39.7],[68.1,-38.5],[67.5,-36.5],[67.2,-34.6],[66.7,-33.6],[68,-34.1],[68.6,-34.6]]]]}},{"type":"Feature","properties":{},"geometry":{"type":"MultiPolygon","coordinates":[[[[81.9,-50.2],[81.4,-49.6],[80.9,-48.5],[80.1,-47.6],[79.4,-47],[78.6,-46.5],[79.8,-46.9],[80.6,-47.6],[81.5,-48.4],[82,-49],[82.1,-49.6],[81.9,-50.2]]]]}},{"type":"Feature","properties":{},"geometry":{"type":"MultiPolygon","coordinates":[[[[94.5,-49.1],[93.7,-49.5],[92.3,-49.7],[92,-49.5],[93.2,-49],[94.5,-49.1]]]]}},{"type":"Feature","properties":{},"geometry":{"type":"MultiPolygon","coordinates":[[[[-87,38.7],[-87.1,38.4],[-87.1,38.6],[-87.3,38.9],[-87,38.7]]]]}},{"type":"Feature","properties":{},"geometry":{"type":"MultiPolygon","coordinates":[[[[-85.2,38.5],[-85.6,38.2],[-85.9,38.2],[-86.2,38.1],[-86.7,38],[-86.2,38.4],[-86.5,38.2],[-86.7,38.2],[-87,38.1],[-86.9,38.3],[-86.8,38.4],[-86.9,38.4],[-86.9,38.7],[-85.2,38.5]]]]}},{"type":"Feature","properties":{},"geometry":{"type":"MultiPolygon","coordinates":[[[[-84.7,38.6],[-84.7,38.1],[-84.9,38.1],[-85.1,38],[-85.4,37.9],[-85.4,38.1],[-85.2,38.5],[-84.7,38.6]]]]}},{"type":"Feature","properties":{},"geometry":{"type":"MultiPolygon","coordinates":[[[[-84.6,38.6],[-84.5,38.1],[-84.6,38.2],[-84.6,38.6]]]]}},{"type":"Feature","properties":{},"geometry":{"type":"MultiPolygon","coordinates":[[[[-83.6,37.8],[-84.2,37.8],[-84.2,37.9],[-83.6,37.8]]]]}},{"type":"Feature","properties":{},"geometry":{"type":"MultiPolygon","coordinates":[[[[-83.4,37.8],[-83.2,37.7],[-83.5,37.6],[-83.4,37.8]]]]}},{"type":"Feature","properties":{},"geometry":{"type":"MultiPolygon","coordinates":[[[[-86.5,37.2],[-86.5,37.3],[-86.3,37.4],[-86.9,37.6],[-86.8,37.4],[-84.8,37.9],[-83.9,37.3],[-82.7,37],[-82.5,36.7],[-82.4,36.7],[-82.7,36.5],[-83.8,36.5],[-83.9,37.1],[-84,36.7],[-84.2,36.6],[-84.4,36.7],[-84.7,36.8],[-84.9,37],[-85.1,36.9],[-85.3,37.1],[-85.6,37.2],[-85.8,37.2],[-85.9,37.1],[-86,37.3],[-86.2,37.2],[-86.3,37.2],[-86.5,37.2]]]]}},{"type":"Feature","properties":{},"geometry":{"type":"MultiPolygon","coordinates":[[[[-91.9,39.8],[-91.6,39.7],[-91.6,39.3],[-91.5,39.5],[-91.3,40],[-91.1,39],[-90.7,39],[-90.9,38.7],[-90.7,38.6],[-90.1,38.3],[-89.9,38.3],[-90,38.2],[-90.3,38.4],[-90.7,38.6],[-91,38.6],[-91,38.8],[-91.4,38.9],[-91.4,39],[-91.6,39],[-91.7,39.1],[-91.9,39.1],[-92,39.3],[-91.9,39.8]]]]}},{"type":"Feature","properties":{},"geometry":{"type":"MultiPolygon","coordinates":[[[[-84.5,37.7],[-84.7,37.9],[-84.6,37.8],[-84.5,37.7]]]]}},{"type":"Feature","properties":{},"geometry":{"type":"MultiPolygon","coordinates":[[[[9.8,50],[9.6,50.4],[9.5,50.9],[9.8,51.1],[10.6,51.2],[11,51.3],[11.8,50.6],[11.5,50.3],[11.5,50.1],[11.4,50],[11,49.8],[10.7,49.9],[10.3,50.4],[9.8,50]]]]}},{"type":"Feature","properties":{},"geometry":{"type":"MultiPolygon","coordinates":[[[[-7.8,52.4],[-10.1,51.7],[-10.3,51.6],[-12.9,53.7],[-10.5,53.9],[-9.6,55.3],[-6.9,56.2],[-2.7,55.8],[-1.7,55.2],[-2.8,54.6],[-4.6,54.3],[-6.2,54.2],[-6.9,54.1],[-7,53.8],[-6.1,53.6],[-6.8,52.7],[-7.1,52.6],[-7.7,52.4],[-7.8,52.4]]]]}},{"type":"Feature","properties":{},"geometry":{"type":"MultiPolygon","coordinates":[[[[105.7,-0.6],[105.7,-1.1],[105.6,-1.3],[105.3,-1.7],[105,-1.8],[104.9,-1.9],[104.4,-1.9],[103.9,-0.9],[105.7,-0.7],[105.7,-0.6]]]]}},{"type":"Feature","properties":{},"geometry":{"type":"MultiPolygon","coordinates":[[[[-34.8,74.8],[-34,75.4],[-33.1,75.7],[-31.6,76.3],[-32.5,77.5],[-32.4,78.4],[-33.4,78.7],[-27.8,79.8],[-26.6,80.1],[-24.2,80.1],[-22.1,80.6],[-22.6,80.6],[-20.4,80.8],[-8,79.3],[-9,78],[-15.1,78.3],[-22.2,77.8],[-27.5,75.3],[-33.7,74.8],[-34.8,74.8]]]]}},{"type":"Feature","properties":{},"geometry":{"type":"MultiPolygon","coordinates":[[[[-20.9,70.9],[-22.3,72],[-17.5,71],[-19.9,70.9],[-20.9,70.9]]]]}},{"type":"Feature","properties":{},"geometry":{"type":"MultiPolygon","coordinates":[[[[-25.3,67.9],[-30,69.3],[-30.7,70.8],[-27.3,70.5],[-24,69.3],[-24.7,67.7],[-25.3,67.9]]]]}},{"type":"Feature","properties":{},"geometry":{"type":"MultiPolygon","coordinates":[[[[-99.1,44.9],[-96.6,43.9],[-96.3,43.8],[-96.1,43.2],[-96.3,43.1],[-96.6,43.5],[-96.7,43.5],[-96.8,43.4],[-97.1,43.4],[-98,43.7],[-98.8,43.8],[-99.3,44],[-100.4,44.2],[-101.1,44.5],[-101.3,44.6],[-100.2,45],[-99.1,44.9]]]]}},{"type":"Feature","properties":{},"geometry":{"type":"MultiPolygon","coordinates":[[[[-15.2,51.2],[-12.2,52.3],[-11.2,51.5],[-11.9,51.5],[-12.8,51.3],[-13,51.3],[-13.4,51.2],[-15.2,51.2]]]]}},{"type":"Feature","properties":{},"geometry":{"type":"MultiPolygon","coordinates":[[[[127.7,-48.4],[125.5,-48.3],[123.2,-49.9],[119.4,-49.8],[117,-49],[118,-48.5],[118.3,-48.1],[118.9,-48.2],[118.9,-48.4],[119.2,-48.5],[119.3,-48.6],[119.6,-48.7],[120.2,-48.5],[120.6,-48],[121.8,-48],[122.1,-47.9],[122.3,-47.6],[122.7,-48],[122.6,-47.6],[122.7,-47.6],[122.9,-47.5],[123.5,-47.1],[124.4,-46.8],[125.3,-47.1],[126.1,-47.3],[126.8,-47.4],[127.5,-48.2],[127.8,-48.2],[127.7,-48.4]]]]}},{"type":"Feature","properties":{},"geometry":{"type":"MultiPolygon","coordinates":[[[[122.3,-46.4],[123.8,-45.9],[124.4,-46.1],[124.2,-46.4],[123.1,-46.8],[122.6,-47.1],[121.9,-47.1],[122.2,-46.8],[122.2,-46.4],[122.3,-46.4]]]]}},{"type":"Feature","properties":{},"geometry":{"type":"MultiPolygon","coordinates":[[[[124.3,-44.8],[124.8,-44.6],[125.2,-45],[124.9,-45.3],[124.4,-45.2],[124.3,-44.8]]]]}},{"type":"Feature","properties":{},"geometry":{"type":"MultiPolygon","coordinates":[[[[117.2,-48.5],[117.1,-48.9],[116.9,-48.8],[117.2,-48.5]]]]}},{"type":"Feature","properties":{},"geometry":{"type":"MultiPolygon","coordinates":[[[[106.5,-53.5],[103.9,-52.7],[100.8,-51.3],[100.6,-51.2],[103,-50.9],[104.3,-51],[105.3,-51.5],[105.9,-51.8],[107.5,-52.1],[109.5,-52.4],[109.1,-52.4],[108.9,-52.7],[108.4,-53.1],[106.9,-53.4],[106.5,-53.5]]]]}},{"type":"Feature","properties":{},"geometry":{"type":"MultiPolygon","coordinates":[[[[110,-52.2],[110.2,-52.5],[109.8,-52.6],[110,-52.2]]]]}},{"type":"Feature","properties":{},"geometry":{"type":"MultiPolygon","coordinates":[[[[108.8,-53.8],[108.3,-53.8],[109.1,-53.7],[108.8,-53.8]]]]}},{"type":"Feature","properties":{},"geometry":{"type":"MultiPolygon","coordinates":[[[[111.6,-52.9],[112.5,-52.7],[111.9,-53.2],[111.6,-52.9]]]]}},{"type":"Feature","properties":{},"geometry":{"type":"MultiPolygon","coordinates":[[[[112,-53.2],[112.4,-53.5],[111.9,-53.3],[112,-53.2]]]]}},{"type":"Feature","properties":{},"geometry":{"type":"MultiPolygon","coordinates":[[[[139.3,-34.6],[142.4,-35.8],[145.1,-37.4],[146.6,-38.3],[145.9,-38.4],[145.5,-38.5],[145,-39],[144.2,-39.2],[144.7,-38.3],[143.8,-38],[143.1,-37.8],[142.8,-37.9],[142.7,-37.9],[142.5,-37.8],[142.3,-37.8],[142.2,-37.6],[141.8,-37.1],[141.6,-36.8],[141.2,-36.4],[140.9,-36.7],[140.8,-36.6],[140.6,-36.7],[140.3,-36.4],[139.8,-36.4],[139.8,-36.2],[139.6,-36.2],[138.7,-35],[139.3,-34.6]]]]}},{"type":"Feature","properties":{},"geometry":{"type":"MultiPolygon","coordinates":[[[[68.2,-29.1],[65.4,-28.2],[60,-25.8],[62.8,-23.4],[64.5,-25.9],[68.2,-29.1]]]]}},{"type":"Feature","properties":{},"geometry":{"type":"MultiPolygon","coordinates":[[[[59.5,-32.7],[57.4,-34],[57.4,-33.5],[57.4,-33.7],[56.6,-32.9],[56,-32.6],[55.8,-32.1],[55.8,-31.9],[55.4,-31.6],[54.8,-30.9],[54.6,-30.8],[54.4,-30.7],[54.2,-30.2],[53.8,-29.5],[53.7,-29.3],[53.4,-28.9],[53.2,-28.3],[52.9,-27.6],[52.6,-27.1],[52.7,-26.4],[53.2,-26],[54.2,-26],[54.5,-27.5],[55,-28.3],[57,-29.8],[59.7,-31.8],[59.5,-32.7]]]]}},{"type":"Feature","properties":{},"geometry":{"type":"MultiPolygon","coordinates":[[[[50.9,-29.2],[50.9,-28.5],[51.2,-26.3],[50.6,-27.5],[50.9,-29.2]]]]}},{"type":"Feature","properties":{},"geometry":{"type":"MultiPolygon","coordinates":[[[[-58.1,34.4],[-57.2,32.8],[-56.6,32.1],[-56.2,31.5],[-55.8,31.1],[-55.7,30.5],[-54.4,28.7],[-54.1,26.7],[-53.7,26.3],[-54.6,25.7],[-55,27.9],[-57.4,32.3],[-58,33.2],[-58.6,34.6],[-58.8,34.9],[-58.1,34.4]]]]}},{"type":"Feature","properties":{},"geometry":{"type":"MultiPolygon","coordinates":[[[[-31.5,27.7],[-30.8,29.6],[-29.7,32.8],[-28.8,33.9],[-29.1,32.9],[-30.4,29.1],[-31.5,27.7]]]]}},{"type":"Feature","properties":{},"geometry":{"type":"MultiPolygon","coordinates":[[[[-62.7,39.6],[-62.4,38.4],[-62.9,37.9],[-61.4,35.9],[-60,35.4],[-58.4,34.2],[-58,32.9],[-56.5,30.1],[-55.5,27.8],[-56.2,28.1],[-56.9,27.8],[-57.5,28.2],[-58.9,29.7],[-59.1,29.8],[-59.5,30.9],[-60.1,31.2],[-60.7,33],[-61,33.5],[-62.6,36.4],[-63.8,38.6],[-64.1,39.5],[-63.9,39.9],[-64,40.5],[-62.7,39.6]]]]}},{"type":"Feature","properties":{},"geometry":{"type":"MultiPolygon","coordinates":[[[[-58.1,34.4],[-60.9,36.2],[-62.1,38],[-62.5,39],[-62.1,39.2],[-60.9,37.8],[-59.9,35.9],[-58.1,34.4]]]]}},{"type":"Feature","properties":{},"geometry":{"type":"MultiPolygon","coordinates":[[[[-22.8,41.6],[-22.7,40.9],[-22.3,40.2],[-22.4,39.3],[-22.7,38.4],[-23.6,37.5],[-24.7,36.8],[-25.7,36.4],[-26.3,36.2],[-26.8,35.2],[-27.6,33.8],[-28,33.1],[-28.4,32.4],[-28.6,31.8],[-28.6,30.6],[-28.3,28.5],[-28.3,27.5],[-28.4,26.4],[-28.9,25.4],[-29.1,24.6],[-29.4,23.5],[-29.7,22.2],[-29.8,21.8],[-29.9,21],[-30.8,20.6],[-31.8,20.1],[-31.8,19.4],[-31.4,18.7],[-33.8,18.9],[-34.4,20],[-33.9,21.3],[-33,22.3],[-32.9,23.1],[-33.6,23.7],[-33.7,25.1],[-32.9,25.8],[-32.2,26.5],[-31.7,26.3],[-32.3,26.3],[-31.8,25.6],[-31.2,26],[-30.6,25.7],[-30.6,27],[-30.4,27.7],[-30.4,29.7],[-30.3,30.5],[-29.7,31.5],[-29.8,32.2],[-29.6,32.8],[-29.3,34],[-28.9,33],[-27.2,36.9],[-26,38.3],[-25.7,39.5],[-25.9,39.8],[-26,41.2],[-25,44.5],[-24,43.3],[-23.3,42.6],[-23.1,41.9],[-22.8,41.6]]]]}},{"type":"Feature","properties":{},"geometry":{"type":"MultiPolygon","coordinates":[[[[-59.3,37],[-60.2,38.4],[-61.1,39.4],[-60.6,39.3],[-59.9,38.8],[-59.3,37]]]]}},{"type":"Feature","properties":{},"geometry":{"type":"MultiPolygon","coordinates":[[[[-27.9,35.3],[-28.5,36.8],[-28.9,37.8],[-27.7,39.6],[-27.8,38.4],[-27.9,35.3]]]]}},{"type":"Feature","properties":{},"geometry":{"type":"MultiPolygon","coordinates":[[[[137.5,-37.4],[133.2,-37.1],[132.5,-36.9],[132.3,-36.9],[130.9,-36.4],[130,-35.7],[134,-36.4],[135.1,-36.1],[135.9,-36.5],[136.7,-36.8],[137.3,-37.2],[137.5,-37.4]]]]}},{"type":"Feature","properties":{},"geometry":{"type":"MultiPolygon","coordinates":[[[[138.9,-37.2],[137.4,-37.2],[137.6,-36.9],[138.9,-37.2]]]]}},{"type":"Feature","properties":{},"geometry":{"type":"MultiPolygon","coordinates":[[[[80.6,11.4],[82.7,10.7],[83.1,9.1],[82.8,7.5],[82.9,5.4],[84.1,1.9],[82.5,2.7],[82,3.6],[81.8,4.8],[81.8,6.9],[80.9,9.2],[79.7,10.9],[79.8,11.8],[80.6,11.4]]]]}},{"type":"Feature","properties":{},"geometry":{"type":"MultiPolygon","coordinates":[[[[68.7,-34.4],[68.3,-34.3],[67.1,-33.6],[66.8,-33.1],[66.2,-32.1],[64.6,-30.6],[65.9,-30.4],[67.5,-30.6],[68.6,-31.9],[68.7,-34.4]]]]}},{"type":"Feature","properties":{},"geometry":{"type":"MultiPolygon","coordinates":[[[[70.1,-31.8],[68.7,-34.4],[68.6,-31.9],[67.5,-30.6],[65.9,-30.4],[64.6,-30.6],[66.5,-29.6],[69.4,-30.8],[69.9,-31.5],[70.1,-31.8]]]]}},{"type":"Feature","properties":{},"geometry":{"type":"MultiPolygon","coordinates":[[[[33.7,47.6],[36.7,45.7],[45.5,42.8],[50.7,40],[54.2,37.6],[57.7,35.1],[57.8,34.8],[57.2,34.7],[57.4,34.6],[57.2,34.6],[57.3,34.1],[57.2,33.9],[54.7,35.4],[50.2,37.9],[45.2,40.2],[42.1,41.2],[38.7,42.5],[37.2,43.4],[34.7,46.3],[33.6,47.3],[33.7,47.6]]]]}},{"type":"Feature","properties":{},"geometry":{"type":"MultiPolygon","coordinates":[[[[59.2,34.4],[58.6,34.3],[58.4,34.5],[58.2,34.7],[59.2,34.4]]]]}},{"type":"Feature","properties":{},"geometry":{"type":"MultiPolygon","coordinates":[[[[60.6,33.7],[65.9,32.6],[61.1,32.3],[60.3,32.6],[60.3,32.9],[60.5,33],[60.4,33.2],[60.1,33.3],[60.1,33.5],[59.7,33.9],[59.7,34.1],[60.6,33.7]]]]}},{"type":"Feature","properties":{},"geometry":{"type":"MultiPolygon","coordinates":[[[[59.3,46.6],[57.7,45.8],[55.6,45],[54,44.4],[53.4,43.6],[53,43],[52.6,42.2],[52.1,40.6],[49.7,40.6],[43.8,43.5],[35.5,46.8],[35.6,47.2],[35.8,47.2],[39.7,46.8],[44.8,45.8],[48.8,45.9],[55,46.8],[59.3,46.6]]]]}},{"type":"Feature","properties":{},"geometry":{"type":"MultiPolygon","coordinates":[[[[53.1,41.6],[55.9,38.8],[56.2,37.6],[55.7,37.1],[52.8,38.8],[52.1,40.6],[53.1,41.6]]]]}},{"type":"Feature","properties":{},"geometry":{"type":"MultiPolygon","coordinates":[[[[53.3,43.1],[56.4,41.9],[58.5,39.8],[61.4,38.5],[64.1,38.5],[61.8,37.7],[57.6,37.3],[56.4,37.7],[54.9,39.8],[52.6,42.1],[53,42.9],[53.3,43.1]]]]}},{"type":"Feature","properties":{},"geometry":{"type":"MultiPolygon","coordinates":[[[[60.6,45.2],[60.9,43.6],[63.9,43.2],[63.7,42.9],[64,42.3],[64,42.1],[64.2,42],[64.5,41.8],[62.3,41.6],[59.6,42.3],[59.2,43.7],[58.7,45.1],[60.6,45.2]]]]}},{"type":"Feature","properties":{},"geometry":{"type":"MultiPolygon","coordinates":[[[[64.5,43.3],[66.3,44.1],[68.4,45.4],[70.8,47.2],[72,47.3],[70.7,45.5],[68,43.5],[65.2,42.2],[64.9,42.2],[64.5,42.5],[64.4,43],[64.3,43.2],[64.5,43.3]]]]}},{"type":"Feature","properties":{},"geometry":{"type":"MultiPolygon","coordinates":[[[[60.6,45.2],[64,45.7],[64.9,45],[65.8,45],[65.1,44.3],[64.7,43.9],[64.2,43.7],[61.8,43.2],[60.2,44.6],[60.6,45.2]]]]}},{"type":"Feature","properties":{},"geometry":{"type":"MultiPolygon","coordinates":[[[[66,45],[67.9,45.1],[65.6,43.6],[64.5,43.3],[64.3,43.4],[65.2,44.2],[65.8,44.8],[66,45]]]]}},{"type":"Feature","properties":{},"geometry":{"type":"MultiPolygon","coordinates":[[[[68.4,48.7],[69.2,46.7],[66.5,45],[65.9,45.5],[65.7,45.6],[65.6,45.4],[65.6,45.1],[65.1,45],[64.3,46.1],[66.1,47.1],[68.4,48.7]]]]}},{"type":"Feature","properties":{},"geometry":{"type":"MultiPolygon","coordinates":[[[[69.8,55.7],[72.1,55.8],[74.6,56.2],[74.7,56.1],[72.2,55],[70.9,53.8],[70.5,51.9],[68,53.7],[69.8,55.7]]]]}},{"type":"Feature","properties":{},"geometry":{"type":"MultiPolygon","coordinates":[[[[154.7,43.5],[147.8,44.5],[139.5,44.6],[132,44.6],[128.6,45.3],[130.1,45.1],[134.9,45.4],[138.1,45.5],[145.9,47],[152.8,47.9],[154.8,46.4],[154.5,44.2],[154.7,43.5]]]]}},{"type":"Feature","properties":{},"geometry":{"type":"MultiPolygon","coordinates":[[[[164.5,53.2],[163.6,50.6],[162.8,49.2],[160.4,46.3],[159.1,44.9],[157.5,42.7],[156.8,42.7],[156.3,42.8],[156.4,43.3],[156,43.3],[155.7,43.3],[155.4,43],[155.1,42.7],[154.5,44.2],[154.8,46.4],[156.8,49.2],[160.6,50.9],[162.5,53.2],[163.2,53.1],[164.5,53.3],[164.5,53.2]]]]}},{"type":"Feature","properties":{},"geometry":{"type":"MultiPolygon","coordinates":[[[[16,56.2],[16.3,56.2],[17.5,56.2],[20.8,55.4],[23.9,53.4],[24.1,53.2],[24.1,53.1],[23.7,52.8],[23.6,53],[23.8,53.1],[23.3,53],[23,52.8],[23,53],[22.6,53],[22.5,52.9],[22.1,53.2],[21.7,53.3],[21.5,53.4],[21.1,53.7],[21.1,53.9],[20.2,54.3],[20.3,54.2],[20.1,54.1],[19.9,54.4],[19.8,54.5],[20.1,54.8],[19.5,55],[19.5,55.1],[19,55.3],[19,55.5],[18.7,55.3],[18.1,55.6],[17.1,55.3],[15.6,55.5],[15.4,55.9],[16.1,56],[16,56.2]]]]}},{"type":"Feature","properties":{},"geometry":{"type":"MultiPolygon","coordinates":[[[[13.2,53.1],[13.2,53.3],[13.4,53.7],[14.5,54.1],[15.2,53.8],[15.1,53.3],[14.8,52.9],[14.8,52.7],[13.9,52.8],[13.6,52.9],[13.2,53.1]]]]}},{"type":"Feature","properties":{},"geometry":{"type":"MultiPolygon","coordinates":[[[[13.6,54.4],[13.9,54.6],[13.8,55.1],[15.3,55.1],[15.9,54.7],[15,54.4],[14.6,54.3],[14.1,54.3],[13.5,54.3],[13.6,54.4]]]]}},{"type":"Feature","properties":{},"geometry":{"type":"MultiPolygon","coordinates":[[[[12.1,52.5],[12.5,53],[14,52.6],[13.9,52.4],[13.6,52.3],[12.9,52.2],[12.6,52.2],[11.9,52.3],[12.1,52.5]]]]}},{"type":"Feature","properties":{},"geometry":{"type":"MultiPolygon","coordinates":[[[[14.1,52.7],[14.8,52.4],[14.6,52.3],[14.1,52.7]]]]}},{"type":"Feature","properties":{},"geometry":{"type":"MultiPolygon","coordinates":[[[[19.2,54.7],[19.6,54.8],[19.3,54.6],[19.2,54.7]]]]}},{"type":"Feature","properties":{},"geometry":{"type":"MultiPolygon","coordinates":[[[[22.2,51.6],[22.7,51.6],[22.5,51.5],[22.2,51.6]]]]}},{"type":"Feature","properties":{},"geometry":{"type":"MultiPolygon","coordinates":[[[[22.6,52.9],[22.8,53],[22.8,52.9],[22.6,52.9]]]]}},{"type":"Feature","properties":{},"geometry":{"type":"MultiPolygon","coordinates":[[[[14,21.7],[14.2,21.6],[13.9,21.7],[14,21.7]]]]}},{"type":"Feature","properties":{},"geometry":{"type":"MultiPolygon","coordinates":[[[[19.3,16.2],[18.7,15.4],[18.7,15.5],[18.2,15.1],[17.7,15],[17.6,15.1],[17.4,15.8],[17.4,16.1],[17.2,16.3],[17.1,16],[17.2,16.4],[17.2,15.4],[17,15.8],[16.9,16.1],[16.8,16.2],[16.8,16.4],[16.9,16.4],[16.8,16.6],[16.8,16.8],[16.7,16.6],[16.6,16.8],[16.4,16.9],[16.5,17.2],[16.4,17.3],[16.2,17.5],[16.2,17.7],[16.4,17.9],[16.3,18.1],[16.3,18.3],[16.3,18.4],[16.4,18.6],[16.6,18.6],[17,18.8],[17.3,18.6],[17.1,18],[17,17.8],[17,17.6],[17.7,18],[18.4,17.9],[18.4,17.1],[18.2,16.8],[18.1,16.4],[18.5,16.6],[19.3,16.2]]]]}},{"type":"Feature","properties":{},"geometry":{"type":"MultiPolygon","coordinates":[[[[17.3,13.6],[17,13.2],[16.7,12.5],[15.8,12],[15.9,12.1],[15.7,12.1],[15.7,12.4],[15.9,12.7],[15.6,12.6],[15.4,12.7],[15.1,12.7],[15.2,13],[15.1,13.2],[15.1,13.4],[15,13.4],[15,13.5],[15.4,13.7],[15.8,13.8],[15.7,13.9],[15.8,14.1],[15.6,14.3],[15.7,14.4],[15.7,14.7],[15.9,14.9],[16,14.9],[16.1,15],[16.3,14.7],[17,14.9],[17.5,14.6],[17.4,14.4],[17.4,14.1],[17.1,14],[17.3,13.6]]]]}},{"type":"Feature","properties":{},"geometry":{"type":"MultiPolygon","coordinates":[[[[15.8,18.1],[15.8,17.8],[15.7,17.6],[15.6,17.6],[15.5,17.7],[15.5,17.8],[15.7,18.2],[15.8,18.1]]]]}},{"type":"Feature","properties":{},"geometry":{"type":"MultiPolygon","coordinates":[[[[16.1,17.4],[16.4,17.2],[16.3,17.1],[16,17],[15.9,17.1],[15.9,17.2],[15.9,17.5],[16.1,17.4]]]]}},{"type":"Feature","properties":{},"geometry":{"type":"MultiPolygon","coordinates":[[[[17.4,21.1],[17.6,21],[17.7,20.7],[17.6,20.5],[17.3,20.7],[17.5,20.9],[17.3,21],[17.4,21.1]]]]}},{"type":"Feature","properties":{},"geometry":{"type":"MultiPolygon","coordinates":[[[[16.7,16.4],[16.6,16.3],[16.5,16.4],[16.5,16.5],[16.7,16.4]]]]}},{"type":"Feature","properties":{},"geometry":{"type":"MultiPolygon","coordinates":[[[[16.6,15.8],[16.5,15.5],[16.6,15.7],[16.6,15.8]]]]}},{"type":"Feature","properties":{},"geometry":{"type":"MultiPolygon","coordinates":[[[[17.1,19.4],[17.3,19.3],[17.2,19.1],[17,19.2],[17.1,19.4]]]]}},{"type":"Feature","properties":{},"geometry":{"type":"MultiPolygon","coordinates":[[[[34.9,-22.4],[34.8,-22.4],[35,-21.5],[35.1,-21],[36.6,-19.6],[37.9,-18.6],[37.5,-19.2],[37.3,-19.7],[37,-20],[36.6,-20.6],[36.3,-21.1],[35.3,-22.1],[34.9,-22.4]]]]}},{"type":"Feature","properties":{},"geometry":{"type":"MultiPolygon","coordinates":[[[[84.4,-60.6],[81.7,-60.4],[78.4,-60.5],[74.3,-59.7],[72.1,-58.9],[68.1,-57],[65,-54.7],[64.3,-52.5],[62.9,-49.7],[63.3,-46.1],[62.5,-43.3],[62.1,-42.7],[63.2,-43.7],[64,-43.9],[63.9,-48.1],[63.6,-49.7],[63.8,-51.6],[65.1,-53.1],[66.2,-54.4],[67.5,-56.1],[71.2,-58.3],[76.6,-60],[80.4,-60.3],[84,-60.1],[84.4,-60.6]]]]}},{"type":"Feature","properties":{},"geometry":{"type":"MultiPolygon","coordinates":[[[[36,5.3],[36,5.1],[36.1,5.1],[36.1,4.6],[36,4.5],[36,4.1],[36.5,3.6],[36.5,3.5],[36.1,3.6],[35.5,3.8],[35.1,3.8],[34.8,3.8],[34.5,3.8],[33.7,4.6],[33.3,4.8],[32.8,4.9],[33,6.4],[33.1,7.8],[33.8,6.9],[34.6,6.3],[36,5.3]]]]}},{"type":"Feature","properties":{},"geometry":{"type":"MultiPolygon","coordinates":[[[[39.9,15.9],[42.2,17.1],[42.3,17.1],[42.4,16.9],[42.7,16.3],[42.7,15.8],[43,14.9],[42.9,14.8],[41.2,13.9],[40.1,13.5],[39.2,13.4],[39,13.7],[38.7,14],[38.7,14.3],[38.6,14.9],[39.8,15.9],[39.9,15.9]]]]}},{"type":"Feature","properties":{},"geometry":{"type":"MultiPolygon","coordinates":[[[[30.5,2.3],[29.3,2.8],[27.2,2.3],[27.3,2.9],[28.1,3.5],[31.8,4.1],[31.6,3.7],[31.2,2.4],[30.5,2.3]]]]}},{"type":"Feature","properties":{},"geometry":{"type":"MultiPolygon","coordinates":[[[[31,4.5],[26.6,3.3],[26.6,3.7],[26.4,3.9],[25.9,4.4],[25.5,4.7],[25,5.3],[26,5.7],[29.9,5.6],[30.2,5.5],[30.6,5],[30.8,4.9],[31,4.5]]]]}},{"type":"Feature","properties":{},"geometry":{"type":"MultiPolygon","coordinates":[[[[31.5,4.9],[26.9,4.8],[26.4,4.9],[25.8,5.1],[25.6,5.3],[24.3,7.5],[24.6,7.4],[25.5,7.1],[26,6.9],[26.3,6.8],[26.8,6.7],[26.7,6.5],[27.6,7.1],[28.7,7],[30.1,6.4],[30.9,5.9],[31.1,5.5],[31.3,5.1],[31.5,4.9]]]]}},{"type":"Feature","properties":{},"geometry":{"type":"MultiPolygon","coordinates":[[[[30,2.3],[30.4,1.9],[30.7,1.7],[30.8,1.3],[31.2,0.6],[31.4,0.2],[31.8,-0.4],[32,-0.7],[32,-1],[31.7,-1.6],[31.6,-2],[31.4,-4.2],[30.9,-4.5],[31,-3.5],[31,-1.3],[30.6,0.1],[29.8,1.7],[29.5,2.1],[30,2.3]]]]}},{"type":"Feature","properties":{},"geometry":{"type":"MultiPolygon","coordinates":[[[[30.7,-0.4],[30.2,-0.6],[30.4,-1],[31.1,-2.7],[31.4,-4.1],[31.2,-6.3],[31.1,-7.3],[31.5,-8.7],[31.5,-9.2],[31.2,-8.8],[31.2,-8.3],[30.7,-8.5],[30,-6],[30.3,-5.4],[30,-3.9],[29.7,-1.7],[29.1,1.5],[28.8,1.7],[28.2,1.7],[27.5,2.2],[27.1,2.5],[27.3,2.6],[28.5,2.9],[28.8,2.8],[29,2.8],[29.3,2.5],[29.7,2.3],[30,2.1],[30.7,-0.4]]]]}},{"type":"Feature","properties":{},"geometry":{"type":"MultiPolygon","coordinates":[[[[30,-10.8],[30.4,-10.7],[30.1,-11.2],[30,-10.8]]]]}},{"type":"Feature","properties":{},"geometry":{"type":"MultiPolygon","coordinates":[[[[30.5,-10.8],[30.7,-11],[30.4,-10.9],[30.5,-10.8]]]]}},{"type":"Feature","properties":{},"geometry":{"type":"MultiPolygon","coordinates":[[[[26.7,-2.9],[25.1,-3.2],[25,-2.7],[26.5,-2.6],[26.7,-2.9]]]]}},{"type":"Feature","properties":{},"geometry":{"type":"MultiPolygon","coordinates":[[[[30.2,-5.5],[30.3,-5.3],[30,-4.4],[30.2,-4.4],[29.8,-3.7],[29.3,-2.5],[29.2,-1.5],[29.4,-1.7],[29.5,-0.2],[28.9,-0.5],[28.9,0],[29.1,0.3],[29.1,0.5],[28.9,0.7],[28.4,0.8],[28.2,0.7],[28.2,0.4],[28,0.3],[27.9,-1.3],[27.6,-3],[28,-3.6],[28,-3.8],[26.5,-3.8],[26.5,-3.4],[26.1,-2.8],[26,-1.8],[25.8,-0.9],[25.9,-0.4],[26.3,0.7],[26,1.4],[25.7,1.9],[25.3,2.4],[25.5,2.5],[26,3],[26.7,2.8],[26.9,2.8],[27.2,2.8],[27.7,2.2],[28.3,2],[28.8,1.9],[29.7,0],[29.9,-2],[30.5,-4.1],[30.6,-5.4],[30.2,-5.5]]]]}},{"type":"Feature","properties":{},"geometry":{"type":"MultiPolygon","coordinates":[[[[29.3,-0.9],[29.3,-1.1],[29.2,-1.1],[29.3,-0.9]]]]}},{"type":"Feature","properties":{},"geometry":{"type":"MultiPolygon","coordinates":[[[[25.5,0.7],[26.2,1],[25.7,0.7],[25.5,0.7]]]]}},{"type":"Feature","properties":{},"geometry":{"type":"MultiPolygon","coordinates":[[[[25.4,1],[24.6,1],[24.7,1.4],[25,1.6],[25.3,1.7],[25.9,1.7],[25.4,1]]]]}},{"type":"Feature","properties":{},"geometry":{"type":"MultiPolygon","coordinates":[[[[24,1.3],[23.5,1.3],[22.8,1.5],[23.2,1.9],[24,1.5],[24,1.3]]]]}},{"type":"Feature","properties":{},"geometry":{"type":"MultiPolygon","coordinates":[[[[23.4,1.1],[24.7,1],[24.2,0.5],[23.3,0.2],[22.8,0.2],[22.7,0.4],[22.9,0.6],[23.3,0.8],[23.3,1],[23.4,1.1]]]]}},{"type":"Feature","properties":{},"geometry":{"type":"MultiPolygon","coordinates":[[[[20.5,0.4],[20.5,0],[20.1,0.1],[20.3,0.6],[20.5,0.4]]]]}},{"type":"Feature","properties":{},"geometry":{"type":"MultiPolygon","coordinates":[[[[21.3,0.6],[21.3,0.3],[21.1,0.6],[21.3,0.6]]]]}},{"type":"Feature","properties":{},"geometry":{"type":"MultiPolygon","coordinates":[[[[23.5,-0.7],[21.2,-0.5],[21.4,-0.5],[22.3,-0.3],[23.1,-0.4],[23.5,-0.7]]]]}},{"type":"Feature","properties":{},"geometry":{"type":"MultiPolygon","coordinates":[[[[18.8,-1.8],[18.1,-1.7],[18.4,-1.5],[18.8,-1.8]]]]}},{"type":"Feature","properties":{},"geometry":{"type":"MultiPolygon","coordinates":[[[[20.4,-1.7],[20,-2.1],[20.3,-1.6],[20.4,-1.7]]]]}},{"type":"Feature","properties":{},"geometry":{"type":"MultiPolygon","coordinates":[[[[-25.4,40.2],[-25.7,38.4],[-26.8,35.6],[-28.3,32.2],[-28.5,33.7],[-27.8,36.1],[-27.2,37.6],[-26.5,39.8],[-25.5,41.2],[-25.4,40.2]]]]}},{"type":"Feature","properties":{},"geometry":{"type":"MultiPolygon","coordinates":[[[[1.1,35.7],[-0.1,36],[-0.1,36.3],[-0.1,36.4],[0.1,36.6],[0.3,36.7],[0.6,36.4],[0.7,36],[1.1,35.7]]]]}},{"type":"Feature","properties":{},"geometry":{"type":"MultiPolygon","coordinates":[[[[-4.9,38.7],[-3.9,38.2],[-3.5,38],[-3.2,37.9],[-2.9,37.8],[-3,37.7],[-2.7,37.5],[-3.5,37],[-4.1,37.3],[-4.1,37.6],[-5.5,37.9],[-5,38.4],[-4.6,38.2],[-4.6,38.4],[-5.1,38.6],[-4.9,38.7]]]]}},{"type":"Feature","properties":{},"geometry":{"type":"MultiPolygon","coordinates":[[[[-4.9,38.8],[-5.2,38.7],[-5.4,39],[-5.4,39.1],[-5.6,39.5],[-4.9,38.8]]]]}},{"type":"Feature","properties":{},"geometry":{"type":"MultiPolygon","coordinates":[[[[-1,36.1],[-1.7,36.3],[-2.3,36.8],[-2.1,36.9],[-1.7,36.6],[-1.8,36.9],[-1.4,37.2],[-1.5,36.8],[-1.3,36.5],[-1.3,36.8],[-1.1,36.8],[-0.9,37.1],[-0.8,36.7],[-0.6,36.9],[-0.5,36.6],[-1,36.1]]]]}},{"type":"Feature","properties":{},"geometry":{"type":"MultiPolygon","coordinates":[[[[-3.1,36.6],[-3.2,36.9],[-2.9,36.6],[-3.1,36.6]]]]}},{"type":"Feature","properties":{},"geometry":{"type":"MultiPolygon","coordinates":[[[[-1.6,37.8],[-1.8,37.4],[-1.8,37.8],[-1.6,37.8]]]]}},{"type":"Feature","properties":{},"geometry":{"type":"MultiPolygon","coordinates":[[[[-53.9,-58.2],[-52.3,-59],[-52.7,-59.7],[-53.3,-59.8],[-55.7,-60.4],[-56.3,-61],[-57.5,-61],[-58.5,-61.4],[-59.2,-62.5],[-59.7,-62.5],[-60,-63],[-61.6,-63.2],[-62.5,-63.1],[-63.2,-63.7],[-64,-63.4],[-63.2,-63.1],[-64.5,-62.6],[-64.7,-62.6],[-64,-62.3],[-63.8,-61.7],[-64,-61.3],[-64.1,-61.4],[-64.3,-61.5],[-64.3,-61.7],[-64.6,-61.7],[-64.5,-61.8],[-64.7,-61.9],[-64.9,-61.9],[-64.8,-61.6],[-65,-61.5],[-64.9,-61.4],[-64.9,-61.2],[-64.8,-60.9],[-64.7,-60.8],[-64.4,-60.6],[-64.3,-60.4],[-64.5,-60.4],[-64.5,-60.2],[-64.4,-60.1],[-64.1,-60],[-63.9,-59.8],[-64.3,-59.6],[-64.2,-59.5],[-63.8,-59.5],[-63.7,-59.5],[-63.7,-59.1],[-64.1,-59.4],[-63.7,-58.7],[-63.6,-58.6],[-63.4,-58.4],[-63.4,-58.3],[-63.3,-58.2],[-62.8,-58.1],[-62.7,-58.2],[-62.3,-58.4],[-62.3,-58.3],[-62.5,-58],[-62.2,-57.9],[-62.5,-57.9],[-62.9,-57.7],[-62.7,-57.7],[-62.7,-57.6],[-62.6,-57.4],[-62.3,-57.3],[-61.8,-56.4],[-61.6,-56.3],[-61.7,-56.6],[-61.2,-56.6],[-58.2,-56.9],[-53.9,-58.2]]]]}},{"type":"Feature","properties":{},"geometry":{"type":"MultiPolygon","coordinates":[[[[-64.8,-62.4],[-64.6,-62.3],[-64.2,-62],[-64.8,-62.4]]]]}},{"type":"Feature","properties":{},"geometry":{"type":"MultiPolygon","coordinates":[[[[-59.2,-66.2],[-61.6,-65.2],[-61.1,-64.1],[-62.5,-63.8],[-62,-63.5],[-61.9,-63.4],[-61.4,-63.5],[-60.3,-63.5],[-59.6,-64],[-59.4,-64.8],[-58,-65.9],[-57.7,-66.3],[-58.9,-66.3],[-59.2,-66.2]]]]}},{"type":"Feature","properties":{},"geometry":{"type":"MultiPolygon","coordinates":[[[[-64.7,-63.1],[-63.5,-62.9],[-64,-63.2],[-64.7,-63.1]]]]}},{"type":"Feature","properties":{},"geometry":{"type":"MultiPolygon","coordinates":[[[[-54.9,-66.5],[-55.7,-66.5],[-56,-66.4],[-55.9,-66.5],[-54.9,-66.5]]]]}},{"type":"Feature","properties":{},"geometry":{"type":"MultiPolygon","coordinates":[[[[120.1,-51],[123.2,-49.9],[125.5,-48.3],[127.7,-48.4],[127.8,-48.9],[126.4,-49.4],[125,-50.2],[121.7,-51.2],[119.7,-51.5],[118.8,-51.7],[116.7,-51.9],[115.4,-52.2],[119.4,-51.2],[120.1,-51]]]]}},{"type":"Feature","properties":{},"geometry":{"type":"MultiPolygon","coordinates":[[[[157.2,-73.2],[157.4,-73.3],[157.5,-73.4],[157.6,-73.5],[157.2,-73.7],[157.1,-73.6],[156.8,-73.4],[156.7,-73.3],[157.2,-73.2]]]]}},{"type":"Feature","properties":{},"geometry":{"type":"MultiPolygon","coordinates":[[[[145,-48.6],[145.4,-48.7],[145.5,-48.8],[146,-48.9],[146.1,-49.3],[146.2,-49.2],[146.2,-49.4],[146.3,-49.6],[146.6,-50],[146.6,-50.1],[146.7,-50.2],[146.6,-50.4],[147.3,-50.8],[147.6,-50.8],[147.5,-50.9],[147.8,-51.1],[147.9,-51.2],[148,-51.4],[148.1,-51.5],[148.1,-51.6],[148.1,-51.9],[148.1,-52],[148.1,-52.1],[148.3,-52.2],[148.7,-52.3],[148.7,-52.4],[148.7,-52.5],[148.7,-52.6],[148.7,-52.8],[148.6,-52.8],[148.5,-52.9],[148.4,-52.9],[148.3,-52.9],[148.2,-53],[148,-53.1],[147.9,-53.1],[147.7,-53.2],[147.6,-53.3],[147.5,-53.3],[147.4,-53.4],[147.3,-53.4],[147.2,-53.5],[147.1,-53.5],[147,-53.5],[147,-53.6],[146.9,-53.6],[146.8,-53.6],[146.7,-53.6],[146.6,-53.6],[146.5,-53.6],[146.4,-53.7],[146.3,-53.7],[146.2,-53.7],[146.1,-53.7],[146,-53.7],[145.9,-53.7],[145.8,-53.7],[145.7,-53.7],[145.7,-53.6],[145.8,-53.6],[145.9,-53.5],[146,-53.4],[146.1,-53.4],[146.1,-53.3],[146.2,-53.3],[146.3,-53.2],[146.4,-53.1],[146.5,-53],[146.6,-52.9],[146.6,-52.8],[146.7,-52.8],[146.7,-52.7],[146.8,-52.6],[146.8,-52.5],[146.9,-52.5],[146.9,-52.4],[147,-52.4],[147,-52.3],[147.1,-52.3],[147.1,-52.2],[147.2,-52.2],[147.2,-52.1],[147.3,-52],[147.2,-52],[147.1,-51.9],[147,-51.9],[146.9,-51.9],[146.9,-51.8],[146.8,-51.8],[146.7,-51.8],[146.6,-51.8],[146.5,-51.7],[146.4,-51.7],[146.3,-51.7],[146.2,-51.6],[146.1,-51.6],[146,-51.6],[145.9,-51.5],[145.8,-51.5],[145.7,-51.5],[145.7,-51.4],[145.6,-51.4],[145.5,-51.4],[145.4,-51.4],[145.3,-51.4],[145.3,-51.3],[145.2,-51.3],[144.9,-51.2],[144.8,-50.9],[144.7,-50.9],[144.7,-50.8],[144.7,-50.7],[144.7,-50.6],[144.7,-50.5],[144.7,-50.4],[144.6,-50.4],[144.7,-50.4],[144.6,-50.4],[144.6,-50.3],[144.6,-50.2],[144.6,-50.1],[144.5,-50.1],[144.5,-50],[144.5,-49.8],[144.5,-49.7],[144.5,-49.6],[144.6,-49.4],[144.6,-48.9],[144.6,-48.6],[144.6,-48.4],[144.8,-48.3],[145,-48.6]]]]}},{"type":"Feature","properties":{},"geometry":{"type":"MultiPolygon","coordinates":[[[[-1,5.5],[0.8,6.3],[0.9,6.1],[1.1,5.9],[1.4,5.8],[2.2,5.5],[2.7,5.3],[2.8,5.1],[2.6,5.1],[2.2,5.1],[2.1,5],[2,4.9],[1.7,4.8],[1.6,4.7],[1.3,4.8],[1.2,4.8],[1,4.8],[0.8,4.5],[0.6,4.6],[0.5,4.6],[0.3,4.6],[0.2,4.6],[0.1,4.3],[-0.2,4.1],[-0.3,4],[-0.4,4],[-0.6,3.9],[-0.9,3.9],[-1,4.1],[-1.1,4.3],[-0.8,5],[-0.7,5],[-0.6,5.1],[0.4,5.5],[0.6,5.2],[0.2,5.5],[0.4,5.8],[0.6,5.9],[0.4,6.2],[-0.6,5.6],[-1,5.5]]]]}},{"type":"Feature","properties":{},"geometry":{"type":"MultiPolygon","coordinates":[[[[-6.1,2.9],[-4.7,4],[-4.5,3.9],[-4.8,3.7],[-4.7,3.5],[-4.7,3.2],[-4.3,3.2],[-4.3,2.8],[-4.8,3],[-5.1,2.9],[-5.2,3.1],[-5.3,3.1],[-5.5,2.9],[-5.9,2.9],[-6.1,2.9]]]]}},{"type":"Feature","properties":{},"geometry":{"type":"MultiPolygon","coordinates":[[[[6.7,7],[6.8,7],[7.9,8],[8,7.9],[8,7.8],[7.8,7.6],[8.1,7.6],[8.4,7.7],[8.4,7.6],[8,7.3],[8,7],[8.1,6.7],[8.5,7.2],[8.4,6.8],[8.4,6.7],[8.7,7],[8.6,6.3],[8.4,5.8],[8.1,5.8],[8.1,6.2],[8.2,6.4],[7.8,6.5],[7.9,6.6],[7.8,7.1],[7.4,6.6],[7.3,6.7],[7,6.3],[6.9,6.2],[6.6,6.4],[7.2,6.9],[6.9,7],[6.9,6.8],[6.7,6.8],[6.7,6.9],[6.7,7]]]]}},{"type":"Feature","properties":{},"geometry":{"type":"MultiPolygon","coordinates":[[[[2.5,5.6],[3,5.4],[3.5,5.9],[3.8,5.8],[3.7,5.6],[3.1,5.3],[2.6,5.4],[2.5,5.6]]]]}},{"type":"Feature","properties":{},"geometry":{"type":"MultiPolygon","coordinates":[[[[1.9,6],[1.9,5.9],[1.5,6.1],[1.9,6]]]]}},{"type":"Feature","properties":{},"geometry":{"type":"MultiPolygon","coordinates":[[[[8.3,8.5],[8.2,8.3],[8,8.2],[7.6,7.8],[6.7,7],[6.7,7.1],[6.6,7.1],[6.5,7.1],[6.3,7.2],[6.2,7],[6,7],[5.9,7],[5.7,7.1],[5.7,7.2],[5.4,7.1],[5.2,7.2],[4.9,7.2],[4.8,7.3],[4.4,7.2],[4.3,7.3],[5.2,7.5],[5.9,7.6],[6.8,8],[7.7,8.6],[7.9,8.6],[8.3,8.5]]]]}},{"type":"Feature","properties":{},"geometry":{"type":"MultiPolygon","coordinates":[[[[0.8,6.3],[-1,5.5],[-1.4,5.7],[-1.6,5.5],[-1.7,5.3],[-1.8,5.3],[-2,5.2],[-2.1,5.3],[-2.2,5.2],[-2.3,5.1],[-2.4,5.2],[-2.6,5.3],[-2.7,5.1],[-2.8,5.5],[-1.8,6],[-0.3,6.8],[0.4,7.1],[0.4,6.9],[0.5,6.6],[0.7,6.4],[0.8,6.3]]]]}},{"type":"Feature","properties":{},"geometry":{"type":"MultiPolygon","coordinates":[[[[-3.2,4.9],[-3.3,4.9],[-3.4,5],[-3.5,5],[-2.8,5.5],[-3.1,5],[-3.2,4.9]]]]}},{"type":"Feature","properties":{},"geometry":{"type":"MultiPolygon","coordinates":[[[[-4.7,4],[-4.4,4.6],[-4.1,4.6],[-4.7,4]]]]}},{"type":"Feature","properties":{},"geometry":{"type":"MultiPolygon","coordinates":[[[[3.5,6.6],[3.3,6.1],[2.9,5.8],[2.9,5.6],[2.9,5.5],[2.5,5.9],[3.5,6.6]]]]}},{"type":"Feature","properties":{},"geometry":{"type":"MultiPolygon","coordinates":[[[[3.5,5.9],[3.1,5.5],[3,5.7],[3.4,6],[3.5,5.9]]]]}},{"type":"Feature","properties":{},"geometry":{"type":"MultiPolygon","coordinates":[[[[1.9,6],[1.6,6.3],[1.2,6.2],[0.8,6.5],[0.7,6.9],[0.9,6.8],[1.1,6.6],[1.3,6.6],[1.6,6.4],[1.9,6.4],[2,6.2],[1.9,6.1],[1.9,6]]]]}},{"type":"Feature","properties":{},"geometry":{"type":"MultiPolygon","coordinates":[[[[-8.9,2.1],[-8,2.3],[-7.6,2.3],[-7.9,1.8],[-8.1,1.6],[-8.4,1.5],[-8.7,1.2],[-9,1.9],[-8.9,2.1]]]]}},{"type":"Feature","properties":{},"geometry":{"type":"MultiPolygon","coordinates":[[[[-9.6,1.8],[-8.9,2],[-8.9,1.1],[-9,1],[-8.9,0.8],[-9.1,0.6],[-9.4,0.3],[-9.8,0],[-9.9,0.1],[-9.9,0.2],[-9.5,0.4],[-9.7,0.5],[-9.7,0.7],[-9.7,0.8],[-9.8,1],[-9.7,1.2],[-9.5,1.2],[-9.8,1.3],[-9.7,1.5],[-9.7,1.4],[-9.8,1.5],[-9.6,1.7],[-9.6,1.8]]]]}},{"type":"Feature","properties":{},"geometry":{"type":"MultiPolygon","coordinates":[[[[-10.6,1.3],[-9.9,1.6],[-9.9,1],[-10.2,1],[-10.5,1.2],[-10.6,1.3]]]]}},{"type":"Feature","properties":{},"geometry":{"type":"MultiPolygon","coordinates":[[[[-16.7,-8.7],[-17,-8.6],[-17.6,-8],[-18,-7.1],[-18.1,-6.1],[-18.1,-5.8],[-18.4,-5.1],[-18.9,-4.5],[-19.1,-4.5],[-19.6,-4.6],[-20,-4.2],[-20,-4.1],[-20,-4],[-20.1,-3.8],[-20.4,-3.4],[-20.6,-3.3],[-21,-3.1],[-21.1,-3.1],[-21.3,-3],[-21.5,-3.1],[-21.6,-3],[-21.8,-2.6],[-22.3,-2.6],[-22.8,-2.5],[-22.9,-2.4],[-24.4,-0.8],[-22.5,-1.3],[-21.1,-1.6],[-19,-1.8],[-14.7,-1.6],[-11.7,0.4],[-10.7,1.3],[-10.2,0.9],[-10.1,0.3],[-10.3,0.5],[-10.2,0.2],[-10.3,0],[-10.5,0.1],[-10.5,0],[-10.6,-0.2],[-10.4,-0.4],[-10.1,-1.6],[-10.2,-0.9],[-10.5,-1],[-10.5,-1.2],[-10.9,-1],[-10.7,-1.3],[-10.3,-1.4],[-10.4,-1.8],[-10.9,-1.8],[-11,-1.6],[-11.3,-1.6],[-11.1,-1.9],[-11.4,-2],[-11.1,-2.2],[-11,-2.1],[-11.2,-2.4],[-11.4,-2.3],[-11.7,-2.3],[-11.9,-2.4],[-12.6,-2.8],[-13.8,-3.1],[-14,-3.2],[-14.5,-3.3],[-14.8,-3.4],[-15,-3.4],[-15.3,-3.3],[-15.4,-3.6],[-15.7,-3.7],[-15.8,-3.8],[-15.9,-3.9],[-15.9,-4],[-16,-4.1],[-16.1,-4.2],[-16.2,-4.2],[-16.3,-4.4],[-16.4,-4.4],[-16.4,-4.5],[-16.5,-4.8],[-16.5,-4.9],[-16.5,-7.2],[-16.7,-7.1],[-16.8,-8.4],[-16.7,-8.7]]]]}},{"type":"Feature","properties":{},"geometry":{"type":"MultiPolygon","coordinates":[[[[-18.3,-1.7],[-16.2,-1.2],[-14.6,-0.5],[-12.3,0.5],[-12.7,-0.9],[-17.4,-2],[-18.3,-1.7]]]]}},{"type":"Feature","properties":{},"geometry":{"type":"MultiPolygon","coordinates":[[[[5.9,7.6],[5.2,7.5],[5.7,8],[6.5,8.4],[5.9,7.6]]]]}},{"type":"Feature","properties":{},"geometry":{"type":"MultiPolygon","coordinates":[[[[7.7,8.6],[6.8,8],[5.9,7.6],[6.8,8.7],[7,8.8],[7,8.7],[7.1,8.6],[7.1,8.8],[7.2,8.8],[7.1,8.5],[7.4,8.6],[7.6,8.7],[7.7,8.6]]]]}},{"type":"Feature","properties":{},"geometry":{"type":"MultiPolygon","coordinates":[[[[56.5,45.2],[58.7,43.7],[59.1,42.5],[57.8,43.3],[55.4,44.9],[56.5,45.2]]]]}},{"type":"Feature","properties":{},"geometry":{"type":"MultiPolygon","coordinates":[[[[68.7,40.2],[69.8,41.3],[71.5,43.5],[71.9,43],[70.5,39.9],[67.2,39.5],[68.7,40.2]]]]}},{"type":"Feature","properties":{},"geometry":{"type":"MultiPolygon","coordinates":[[[[73.7,49.3],[73.2,47.6],[72.5,46.3],[71.5,43.5],[69.8,41.3],[68.7,40.2],[69.9,42.7],[71,46],[72.2,48],[73.7,49.3]]]]}},{"type":"Feature","properties":{},"geometry":{"type":"MultiPolygon","coordinates":[[[[55.7,37.1],[57.2,36.2],[60.6,34.9],[59.7,34.3],[59.6,34.4],[59.5,34.5],[59.4,34.3],[58,35],[57.7,35.3],[55.4,36.6],[55.7,37.1]]]]}},{"type":"Feature","properties":{},"geometry":{"type":"MultiPolygon","coordinates":[[[[64.3,40.6],[67.7,41.3],[67.2,39.5],[64.8,38.8],[61.4,38.5],[61.3,40.4],[63.6,40.4],[64.3,40.6]]]]}},{"type":"Feature","properties":{},"geometry":{"type":"MultiPolygon","coordinates":[[[[55.4,44.9],[57.8,43.3],[56.7,42.3],[53.5,43.2],[53.7,44],[55,44.8],[55.4,44.9]]]]}},{"type":"Feature","properties":{},"geometry":{"type":"MultiPolygon","coordinates":[[[[58,42],[60.6,40.4],[58.5,39.8],[56.4,41.9],[58,42]]]]}},{"type":"Feature","properties":{},"geometry":{"type":"MultiPolygon","coordinates":[[[[65,42],[67.1,43.2],[70.2,45.1],[70.1,43.1],[68.5,41.6],[64.9,40.6],[65.2,41.7],[65.5,41.7],[65,42]]]]}},{"type":"Feature","properties":{},"geometry":{"type":"MultiPolygon","coordinates":[[[[59.1,42.5],[61.5,41.7],[64.2,41.7],[64.6,41.6],[62.4,40.4],[60.6,40.4],[58,42],[59.1,42.5]]]]}},{"type":"Feature","properties":{},"geometry":{"type":"MultiPolygon","coordinates":[[[[64.5,38.7],[67,39.3],[68.8,38.4],[68.1,36.3],[64.3,35.2],[60.6,34.9],[61.8,37.7],[64.1,38.5],[64.5,38.7]]]]}},{"type":"Feature","properties":{},"geometry":{"type":"MultiPolygon","coordinates":[[[[56.2,37.5],[59.9,37.3],[58.9,35.6],[56.3,36.4],[56,37.5],[56.2,37.5]]]]}},{"type":"Feature","properties":{},"geometry":{"type":"MultiPolygon","coordinates":[[[[73.1,47.2],[75.3,49.1],[77,49.5],[74.7,47.7],[73.2,45.8],[72.6,43.9],[72.2,40.9],[72.5,39.3],[71.7,38.7],[69.1,37.2],[68.6,39.2],[71,40],[72.1,43.9],[72.6,46.7],[73.1,47.2]]]]}},{"type":"Feature","properties":{},"geometry":{"type":"MultiPolygon","coordinates":[[[[67.6,36],[66.9,33.1],[62.7,32.8],[62.2,35],[66.2,35.6],[67.6,36]]]]}},{"type":"Feature","properties":{},"geometry":{"type":"MultiPolygon","coordinates":[[[[144.5,-48.5],[144.6,-48.8],[144.6,-48.9],[144.6,-49.1],[144.6,-49.4],[144.5,-49.6],[144.5,-49.8],[144.5,-49.9],[144.5,-50],[144.6,-50.1],[144.6,-50.2],[144.6,-50.3],[144.7,-50.4],[144.7,-50.5],[144.7,-50.6],[144.7,-50.7],[144.7,-50.8],[144.7,-50.9],[144.8,-51],[145.2,-51.3],[145.3,-51.3],[145.3,-51.4],[145.4,-51.4],[145.5,-51.4],[145.6,-51.4],[145.7,-51.4],[145.7,-51.5],[145.8,-51.5],[145.9,-51.5],[146,-51.6],[146.1,-51.6],[146.2,-51.6],[146.3,-51.7],[146.4,-51.7],[146.5,-51.7],[146.6,-51.7],[146.7,-51.8],[146.8,-51.8],[146.9,-51.9],[147,-51.9],[147.1,-51.9],[147.2,-52],[147.2,-52.1],[147.2,-52.2],[147.1,-52.2],[147.1,-52.3],[147,-52.3],[147,-52.4],[146.9,-52.4],[146.9,-52.5],[146.8,-52.5],[146.8,-52.6],[146.7,-52.6],[146.7,-52.7],[146.7,-52.8],[146.6,-52.9],[146.5,-53],[146.4,-53.1],[146.4,-53.2],[146.3,-53.2],[146.2,-53.3],[146.1,-53.3],[146.1,-53.4],[146,-53.4],[146,-53.5],[145.9,-53.5],[145.8,-53.6],[145.7,-53.6],[145.7,-53.7],[145.6,-53.8],[146.3,-54.1],[146.9,-54.3],[146.8,-54.3],[146.7,-54.3],[146.7,-54.4],[146.6,-54.4],[146.6,-54.5],[146.5,-54.5],[146.4,-54.6],[146.3,-54.7],[146.2,-54.7],[146.3,-55],[146.3,-55.1],[146.3,-55.2],[146.2,-55.4],[146,-55.6],[146,-55.7],[146,-55.8],[146,-55.9],[145.8,-56.1],[145.7,-56.1],[145.7,-56.2],[145.6,-56.3],[145.5,-56.4],[145.4,-56.5],[145.3,-56.6],[145.2,-56.6],[145.1,-56.7],[145,-56.7],[144.9,-56.8],[144.8,-56.8],[144.7,-56.9],[144.6,-57],[144.6,-57.1],[144.6,-57.2],[144.6,-57.3],[144.6,-57.4],[144.5,-57.4],[144.4,-57.5],[144.3,-57.6],[144.2,-57.7],[144.1,-57.7],[144.1,-57.8],[144,-57.8],[143.9,-57.8],[143.9,-57.9],[143.8,-57.9],[143.7,-57.9],[143.6,-58],[143.5,-58],[143.4,-58],[143.3,-58.1],[143.2,-58.1],[143.1,-58.2],[143,-58.2],[142.8,-58.3],[142.7,-58.4],[142.6,-58.4],[142.5,-58.5],[142.4,-58.6],[142.3,-58.6],[142.2,-58.7],[142.1,-58.8],[142,-58.8],[142,-58.9],[141.9,-58.9],[141.8,-59],[141.7,-59.1],[141.6,-59.1],[141.5,-59.1],[141.5,-59.2],[141.4,-59.2],[141.3,-59.2],[141.2,-59.2],[141.1,-59.2],[141,-59.2],[140.9,-59.3],[140.8,-59.3],[140.7,-59.3],[140.6,-59.4],[140.6,-59.3],[140.5,-59.3],[140.4,-59.3],[140.3,-59.3],[140.2,-59.2],[140.2,-59.1],[140.3,-59],[140.2,-59],[140.2,-58.9],[140.1,-58.9],[140,-58.9],[140,-58.8],[139.9,-58.8],[139.8,-58.8],[139.8,-58.7],[139.7,-58.7],[139.6,-58.6],[139.5,-58.5],[139.5,-58.4],[139.4,-58.4],[139.4,-58.3],[139.3,-58.2],[139.2,-58.1],[139.2,-58],[139.1,-58],[139,-57.9],[138.9,-57.8],[138.8,-57.7],[138.7,-57.7],[138.7,-57.6],[138.6,-57.6],[138.6,-57.5],[138.5,-57.4],[138.4,-57.3],[138.3,-57.2],[138.3,-57.1],[138.2,-57.1],[138.2,-57],[138.2,-56.9],[138.2,-56.8],[138.3,-56.7],[138.3,-56.6],[138.4,-56.6],[138.4,-56.5],[138.5,-56.4],[138.6,-56.3],[138.5,-56.3],[138.5,-56.2],[138.4,-56.2],[138.4,-56.1],[138.4,-56],[138.4,-55.9],[138.4,-55.8],[138.3,-55.8],[138.2,-55.8],[138.1,-55.8],[138.1,-55.7],[138,-55.7],[138,-55.6],[138,-55.5],[138,-55.4],[138,-55.3],[137.9,-55.3],[137.9,-55.2],[137.8,-55.2],[137.8,-55.1],[137.7,-55.1],[137.7,-55],[137.8,-55],[137.9,-55],[138,-55],[138,-54.9],[137.9,-54.9],[137.9,-54.8],[137.8,-54.8],[137.8,-54.7],[137.7,-54.7],[137.7,-54.6],[137.8,-54.6],[137.9,-54.6],[137.9,-54.5],[137.8,-54.5],[137.8,-54.4],[137.8,-54.3],[137.7,-54.3],[137.7,-54.2],[137.7,-54.1],[137.8,-54.1],[137.8,-54],[137.9,-53.9],[138,-53.8],[138.1,-53.7],[138.2,-53.6],[138.3,-53.6],[138.3,-53.5],[138.4,-53.5],[138.5,-53.5],[138.6,-53.5],[138.7,-53.4],[138.8,-53.4],[138.8,-53.3],[138.8,-53.2],[138.9,-53.2],[139,-53.1],[139,-53],[139.1,-53],[139.2,-52.9],[139.2,-52.8],[139.3,-52.8],[139.4,-52.7],[139.5,-52.7],[139.5,-52.6],[139.6,-52.6],[140,-52.2],[139.9,-52.2],[139.8,-52.2],[140,-52],[140.5,-50.5],[140.6,-48.7],[140.5,-47.9],[140.3,-47.5],[140.7,-47.3],[140.6,-47.1],[140.4,-47.1],[140.4,-46.8],[140.8,-46.6],[140.7,-46.3],[140.8,-46],[141,-45.4],[141.2,-45.4],[141.6,-45.4],[142.3,-46.3],[142.6,-46.7],[143.1,-47.2],[143.5,-48.3],[144.3,-48.5],[144.5,-48.5]]]]}},{"type":"Feature","properties":{},"geometry":{"type":"MultiPolygon","coordinates":[[[[129,-46.7],[128.9,-46.7],[129,-46.8],[129,-46.9],[129,-47],[128.9,-47.1],[128.9,-47.2],[128.8,-47.3],[128.7,-47.3],[128.6,-47.3],[128.6,-47.4],[128.5,-47.4],[128.4,-47.4],[128.3,-47.4],[128.3,-47.5],[128.2,-47.5],[128.2,-47.6],[128.1,-47.7],[128.1,-47.8],[128,-47.8],[127.9,-47.8],[127.8,-47.8],[127.7,-47.8],[127.6,-47.8],[127.5,-47.9],[127.5,-48],[127.4,-48],[127.4,-48.1],[127.3,-48.1],[127.3,-48.2],[127.4,-48.3],[127.4,-48.4],[127.3,-48.5],[127.3,-48.6],[127.2,-48.6],[127.2,-48.7],[127.1,-48.8],[127.2,-48.8],[127.3,-48.8],[127.3,-48.9],[127.4,-48.9],[127.4,-49],[127.5,-49],[127.5,-49.1],[127.6,-49.1],[127.6,-49.2],[127.6,-49.3],[127.6,-49.4],[127.6,-49.5],[127.6,-49.6],[127.5,-49.6],[127.4,-49.6],[127.5,-49.6],[127.5,-49.7],[127.6,-49.7],[127.7,-49.8],[127.7,-49.9],[127.8,-49.9],[127.8,-50],[127.8,-50.1],[128.5,-50.4],[128,-51.5],[127.9,-52],[128,-52],[128.1,-52],[128.1,-52.1],[128.1,-52.2],[128.2,-52.2],[128.3,-52.3],[128.4,-52.3],[128.5,-52.3],[128.6,-52.3],[128.7,-52.4],[128.9,-52.7],[129,-52.7],[129,-52.8],[129.1,-52.8],[129.1,-52.9],[129.1,-53],[129.2,-53],[129.2,-53.1],[129.2,-53.2],[129.3,-53.3],[129.3,-53.4],[129.4,-53.4],[129.4,-53.5],[129.3,-53.5],[129.2,-53.5],[129.1,-53.5],[129.1,-53.6],[129.2,-53.7],[129.3,-53.8],[129.3,-53.9],[129.4,-53.9],[129.4,-54],[129.5,-54],[129.6,-54.1],[129.7,-54.1],[129.7,-54.2],[129.8,-54.2],[129.9,-54.2],[130,-54.3],[130.1,-54.3],[130.2,-54.3],[130.3,-54.3],[130.5,-54.3],[130.6,-54.3],[130.7,-54.3],[130.8,-54.3],[130.9,-54.2],[131,-54.2],[131.1,-54.2],[131.2,-54.1],[131.3,-54.1],[131.2,-54],[131.1,-53.9],[131.1,-53.8],[131,-53.8],[131.1,-53.7],[131.2,-53.8],[131.3,-53.8],[131.4,-53.7],[131.6,-53.7],[131.7,-53.7],[131.8,-53.6],[131.9,-53.6],[132,-53.5],[132,-53.4],[132.1,-53.4],[132.1,-53.3],[132.2,-53.2],[132.3,-53.2],[132.4,-53.1],[132.5,-53.1],[132.5,-53],[132.6,-53],[132.8,-52.9],[132.9,-52.9],[133,-52.9],[133.2,-52.8],[133.3,-52.8],[133.5,-52.7],[133.6,-52.7],[133.7,-52.7],[133.9,-52.7],[134,-52.7],[134.1,-52.8],[134.4,-52.8],[134.6,-52.8],[134.7,-52.8],[134.8,-52.7],[135,-52.7],[135.1,-52.7],[135.2,-52.7],[135.3,-52.6],[135.4,-52.6],[135.6,-52.6],[135.7,-52.6],[135.8,-52.6],[135.9,-52.6],[135.9,-52.5],[136,-52.5],[136.1,-52.5],[136.2,-52.5],[136.3,-52.5],[136.4,-52.5],[136.5,-52.4],[136.6,-52.4],[136.7,-52.4],[136.8,-52.4],[136.9,-52.4],[137,-52.4],[137.1,-52.4],[137.2,-52.4],[137.3,-52.4],[137.4,-52.4],[137.5,-52.4],[137.6,-52.4],[137.7,-52.4],[137.8,-52.4],[137.9,-52.4],[138,-52.4],[138.1,-52.4],[138.2,-52.4],[138.3,-52.4],[138.4,-52.4],[138.6,-52.4],[138.8,-52.4],[138.9,-52.4],[139,-52.4],[139.1,-52.4],[139.7,-52.2],[139.8,-52.2],[139.9,-52.2],[140,-52.2],[139.6,-52.6],[139.5,-52.6],[139.5,-52.7],[139.4,-52.7],[139.3,-52.8],[139.2,-52.8],[139.2,-52.9],[139.1,-52.9],[139.1,-53],[139,-53],[139,-53.1],[138.9,-53.1],[138.9,-53.2],[138.8,-53.3],[138.7,-53.4],[138.6,-53.5],[138.5,-53.5],[138.4,-53.5],[138.3,-53.5],[138.3,-53.6],[138.2,-53.6],[138.1,-53.7],[138,-53.8],[137.9,-53.9],[137.8,-53.9],[137.8,-54],[137.7,-54.1],[137.7,-54.2],[137.7,-54.3],[137.8,-54.3],[137.8,-54.4],[137.8,-54.5],[137.9,-54.5],[137.9,-54.6],[137.8,-54.6],[137.7,-54.6],[137.7,-54.7],[137.8,-54.7],[137.8,-54.8],[137.9,-54.9],[138,-54.9],[138,-55],[137.9,-55],[137.8,-55],[137.7,-55],[137.7,-55.1],[137.8,-55.1],[137.8,-55.2],[137.9,-55.2],[137.9,-55.3],[138,-55.3],[138,-55.4],[138,-55.5],[138,-55.6],[138,-55.7],[138.1,-55.7],[138.1,-55.8],[138.2,-55.8],[138.3,-55.8],[138.4,-55.8],[138.4,-55.9],[138.4,-56],[138.4,-56.1],[138.4,-56.2],[138.5,-56.3],[138.5,-56.4],[138.4,-56.5],[138.4,-56.6],[138.3,-56.6],[138.3,-56.7],[138.2,-56.8],[138.2,-56.9],[138.2,-57],[138.3,-57.1],[138.3,-57.2],[138.4,-57.3],[138.4,-57.4],[138.5,-57.4],[138.5,-57.5],[138.6,-57.5],[138.6,-57.6],[138.7,-57.6],[138.7,-57.7],[138.8,-57.7],[138.8,-57.8],[138.9,-57.8],[138.9,-57.9],[139,-57.9],[139.1,-58],[139.2,-58],[139.2,-58.1],[139.3,-58.1],[139.3,-58.2],[139.3,-58.3],[139.4,-58.3],[139.4,-58.4],[139.5,-58.4],[139.5,-58.5],[139.5,-58.6],[139.6,-58.6],[139.7,-58.7],[139.8,-58.8],[139.9,-58.8],[140,-58.8],[140,-58.9],[140.1,-58.9],[140.2,-58.9],[140.2,-59],[140.2,-59.1],[140.2,-59.2],[140.3,-59.3],[140.4,-59.3],[140.5,-59.3],[140.6,-59.4],[140.5,-59.4],[140.1,-59.6],[139.9,-59.7],[139.8,-59.7],[139.7,-59.7],[139.6,-59.7],[139.5,-59.7],[139.4,-59.7],[139.3,-59.7],[139.2,-59.7],[139.1,-59.7],[139,-59.7],[138.9,-59.7],[138.9,-59.8],[138.8,-59.8],[138.7,-59.8],[138.6,-59.8],[138.5,-59.8],[138.4,-59.8],[138.3,-59.8],[138.2,-59.8],[138.1,-59.8],[138,-59.8],[137.9,-59.8],[137.8,-59.8],[137.7,-59.8],[137.6,-59.8],[137.5,-59.8],[137.4,-59.7],[137.3,-59.7],[137.2,-59.7],[137.1,-59.7],[137,-59.7],[137,-59.6],[136.9,-59.6],[136.8,-59.6],[136.7,-59.6],[136.5,-59.6],[136.4,-59.5],[136.3,-59.5],[136.2,-59.5],[136.1,-59.5],[136,-59.5],[136,-59.4],[135.9,-59.4],[135.8,-59.4],[135.7,-59.4],[135.6,-59.3],[135.5,-59.3],[135.4,-59.3],[135.4,-59.2],[135.2,-59.2],[135.1,-59.2],[135,-59.1],[134.9,-59.1],[134.8,-59.1],[134.7,-59.1],[134.6,-59.1],[134.5,-59],[134.4,-59],[134.3,-59],[134.2,-59],[134.2,-58.9],[134.1,-58.9],[134,-58.9],[133.9,-58.9],[133.9,-59],[133.9,-59.1],[133.9,-59.2],[134,-59.2],[133.9,-59.2],[134,-59.3],[134,-59.4],[133.9,-59.4],[133.9,-59.5],[133.9,-59.6],[133.9,-59.7],[133.9,-59.8],[133.9,-59.9],[133.9,-60],[133.9,-60.1],[133.8,-60.1],[133.8,-60.2],[133.7,-60.2],[133.6,-60.2],[133.5,-60.2],[133.4,-60.2],[133.3,-60.2],[133.3,-60.3],[133.2,-60.3],[133.1,-60.3],[133,-60.3],[132.9,-60.3],[132.8,-60.3],[132.7,-60.2],[132.6,-60.2],[132.5,-60.2],[132.4,-60.1],[132.3,-60],[132.2,-60],[132.1,-59.9],[132,-59.9],[131.8,-59.8],[131.8,-59.7],[131.7,-59.7],[131.6,-59.6],[131.5,-59.5],[131.4,-59.4],[131.3,-59.4],[131.2,-59.4],[131.1,-59.4],[131,-59.4],[130.9,-59.4],[130.9,-59.5],[130.8,-59.5],[130.7,-59.6],[130.6,-59.6],[130.5,-59.7],[130.4,-59.7],[130.3,-59.7],[130.2,-59.8],[130.1,-59.8],[130,-59.8],[130,-59.9],[129.9,-59.9],[129.8,-59.9],[129.8,-60],[129.7,-60],[129.6,-60],[129.6,-60.1],[129.5,-60.1],[129.4,-60.1],[129.4,-60.2],[129.3,-60.2],[129.2,-60.3],[129.1,-60.3],[129,-60.4],[128.9,-60.4],[128.8,-60.4],[128.8,-60.5],[128.7,-60.5],[128.6,-60.5],[128.5,-60.5],[128.4,-60.5],[128.3,-60.5],[128.2,-60.5],[128.1,-60.5],[127.9,-60.6],[127.8,-60.6],[127.6,-60.6],[127.4,-60.6],[127.2,-60.6],[127.1,-60.6],[127,-60.6],[126.9,-60.6],[126.8,-60.5],[126.7,-60.5],[126.5,-60.5],[126.4,-60.5],[126.3,-60.5],[126.2,-60.5],[126.1,-60.5],[125.9,-60.5],[125.8,-60.5],[125.7,-60.4],[125.6,-60.4],[125.5,-60.4],[125.4,-60.4],[125.4,-60.5],[125.3,-60.5],[125.2,-60.5],[125.1,-60.5],[125,-60.5],[124.9,-60.5],[124.8,-60.5],[124.7,-60.5],[124.6,-60.5],[124.5,-60.5],[124.4,-60.5],[124.3,-60.5],[124.2,-60.5],[124.1,-60.5],[124,-60.5],[123.9,-60.5],[123.8,-60.5],[123.7,-60.5],[123.6,-60.5],[123.5,-60.5],[123.4,-60.5],[123.4,-60.4],[123.3,-60.4],[123.2,-60.4],[123.1,-60.3],[123,-60.3],[122.9,-60.3],[122.7,-60.3],[122.6,-60.2],[122.5,-60.2],[122.3,-60.1],[122.2,-60.1],[122.1,-60],[122,-60],[121.9,-60],[121.8,-59.9],[121.7,-59.9],[121.6,-59.9],[121.6,-59.8],[121.5,-59.8],[121.4,-59.8],[121.4,-59.7],[121.3,-59.7],[121.2,-59.7],[121.1,-59.6],[121,-59.6],[120.9,-59.5],[120.8,-59.5],[120.7,-59.5],[120.5,-59.5],[120.4,-59.5],[120.1,-59.5],[120,-59.5],[119.9,-59.5],[119.8,-59.5],[119.8,-59.6],[119.7,-59.6],[119.6,-59.6],[119.5,-59.6],[119.4,-59.6],[119.3,-59.6],[119.2,-59.6],[119.1,-59.6],[119,-59.6],[118.9,-59.6],[118.9,-59.5],[118.8,-59.5],[118.7,-59.5],[118.7,-59.4],[118.6,-59.4],[118.5,-59.4],[118.4,-59.4],[118.3,-59.4],[118.2,-59.4],[118.1,-59.4],[118,-59.4],[117.9,-59.4],[117.8,-59.4],[117.7,-59.4],[117.6,-59.4],[117.5,-59.4],[117.4,-59.4],[117.4,-59.3],[117.3,-59.3],[117.2,-59.3],[117.1,-59.2],[117,-59.2],[116.9,-59.1],[116.9,-59],[116.9,-58.9],[116.9,-58.8],[116.9,-58.7],[116.9,-58.6],[116.9,-58.5],[116.8,-58.5],[116.7,-58.5],[116.5,-58.5],[116.4,-58.5],[116.3,-58.5],[116.2,-58.5],[116.1,-58.6],[116,-58.6],[116,-58.5],[116,-58.4],[116,-58.3],[116,-58.2],[116.1,-58.1],[116.1,-58],[116.1,-57.9],[116.1,-57.8],[116,-57.8],[115.9,-57.8],[115.8,-57.9],[115.7,-57.9],[115.6,-57.9],[115.5,-57.9],[115.4,-57.9],[115.4,-58],[115.2,-58],[115.2,-57.9],[115.3,-57.9],[115.3,-57.8],[115.3,-57.7],[115.3,-57.6],[115.2,-57.6],[115.2,-57.5],[115.2,-57.4],[115.1,-57.3],[115,-57.3],[115,-57.2],[114.9,-57.2],[114.8,-57.2],[114.7,-57.2],[114.7,-57.1],[114.6,-57.1],[114.5,-57.1],[114.4,-57.1],[114.3,-57.1],[114.2,-57],[114.1,-57],[114,-57],[113.9,-56.9],[113.8,-56.9],[113.7,-56.9],[113.6,-56.9],[113.5,-56.9],[113.4,-56.9],[113.4,-56.8],[113.3,-56.8],[113.2,-56.8],[113.1,-56.8],[113,-56.8],[112.9,-56.8],[112.8,-56.8],[112.7,-56.8],[112.7,-56.7],[112.6,-56.7],[112.5,-56.7],[112.4,-56.7],[112.3,-56.7],[112.2,-56.6],[112.1,-56.6],[112,-56.6],[112,-56.5],[111.9,-56.5],[111.8,-56.4],[111.7,-56.4],[111.6,-56.4],[111.5,-56.3],[111.4,-56.3],[111.3,-56.2],[111.2,-56.2],[111.1,-56.2],[111.1,-56.1],[111.1,-56],[111.1,-55.9],[111,-55.8],[111,-55.7],[110.9,-55.7],[110.9,-55.6],[110.8,-55.6],[110.8,-55.5],[110.7,-55.4],[110.6,-55.3],[110.5,-55.2],[110.4,-55.1],[110.4,-55],[110.4,-54.9],[110.3,-54.8],[110.3,-54.7],[110.3,-54.6],[110.2,-54.6],[110.2,-54.5],[110.2,-54.4],[110.2,-54.3],[110.2,-54.2],[110.2,-54.1],[110.1,-54.1],[110.1,-54],[110.1,-53.9],[110,-53.8],[110,-53.7],[110.1,-53.6],[110.1,-53.5],[110.2,-53.5],[110.3,-53.5],[110.4,-53.5],[110.4,-53.4],[110.4,-53.3],[110.3,-53.3],[110.3,-53.2],[110.2,-53.1],[110.1,-53],[110,-52.9],[109.9,-52.9],[109.8,-52.8],[109.7,-52.7],[109.9,-52.6],[110.2,-52.2],[110.9,-51.8],[111.4,-51.1],[111.7,-50.8],[112.3,-50.8],[112.7,-50.5],[112.8,-50.7],[113.2,-51.6],[113.3,-51.2],[113.8,-51.2],[113.9,-51],[113.5,-50.7],[113.6,-50.6],[113.7,-50.5],[113.5,-50.3],[113.7,-50.3],[113.7,-50.4],[114.1,-50.6],[114.3,-50.5],[114.7,-50.7],[114.7,-50.6],[115.6,-50.7],[114.9,-50.3],[115.1,-50.4],[115.2,-50.1],[114.8,-49.9],[115,-49.7],[115.5,-49.7],[115.6,-49.6],[115.9,-49.8],[116,-49.7],[116,-49.5],[115.9,-49.5],[116.3,-49.5],[116.6,-49.4],[116.4,-49.3],[116.4,-49],[116.6,-49.1],[117.1,-48.7],[117.1,-48.9],[117.4,-49],[117.6,-48.7],[117.6,-48.5],[117.6,-48.4],[117.8,-48.5],[117.9,-48.8],[118.4,-48.5],[118.5,-48.6],[118.9,-48.6],[118.9,-48.3],[119.3,-48.6],[119.7,-48.6],[120.4,-49.3],[120.5,-49.6],[120.3,-50],[120.5,-49.9],[120.6,-49.8],[121,-49.8],[121.2,-49.8],[121.4,-49.5],[122,-49.7],[122.1,-49.9],[122.2,-49.9],[122.3,-49.7],[122.7,-50],[122.8,-49.7],[123.1,-49.6],[122.9,-49.5],[122.9,-49.4],[122.6,-49.3],[122.7,-49],[122.9,-48.9],[123.1,-48.6],[123.5,-48.4],[123.7,-47.9],[124.2,-47.6],[124.4,-47.6],[124.4,-47.3],[124.7,-47.5],[124.9,-47.6],[124.9,-47.2],[125.4,-46.9],[126.6,-47.2],[127.1,-47.3],[127.3,-47],[127.5,-46.6],[127.3,-46.5],[127.2,-46.4],[126.4,-46.3],[126.3,-46.2],[126.7,-46.1],[127,-46.2],[127.8,-46.4],[128.4,-46.6],[128.7,-46.7],[129,-46.7]]]]}},{"type":"Feature","properties":{},"geometry":{"type":"MultiPolygon","coordinates":[[[[132,-46.9],[131.7,-47.1],[131.9,-47],[132,-46.9]]]]}},{"type":"Feature","properties":{},"geometry":{"type":"MultiPolygon","coordinates":[[[[131.6,-47.1],[131.3,-47.1],[131.3,-47],[131.6,-47.1]]]]}},{"type":"Feature","properties":{},"geometry":{"type":"MultiPolygon","coordinates":[[[[133.1,-47.7],[132.9,-47.7],[133,-47.6],[133.1,-47.7]]]]}},{"type":"Feature","properties":{},"geometry":{"type":"MultiPolygon","coordinates":[[[[133.1,-47.9],[132.9,-47.9],[133,-47.9],[133.1,-47.9]]]]}},{"type":"Feature","properties":{},"geometry":{"type":"MultiPolygon","coordinates":[[[[132.8,-48.1],[132.7,-48],[132.8,-48],[132.8,-48.1]]]]}},{"type":"Feature","properties":{},"geometry":{"type":"MultiPolygon","coordinates":[[[[132.7,-48.1],[132.6,-48],[132.6,-48.1],[132.7,-48.1]]]]}},{"type":"Feature","properties":{},"geometry":{"type":"MultiPolygon","coordinates":[[[[131.6,-49.6],[131.7,-49.5],[131.7,-49.4],[131.6,-49.6]]]]}},{"type":"Feature","properties":{},"geometry":{"type":"MultiPolygon","coordinates":[[[[137.4,-52],[137.4,-51.9],[137.3,-51.8],[137.4,-52]]]]}},{"type":"Feature","properties":{},"geometry":{"type":"MultiPolygon","coordinates":[[[[124.5,-46.2],[124.6,-46.2],[124.9,-46.2],[125.1,-46.2],[125.3,-46.2],[125.8,-46.4],[125.5,-46.6],[124.5,-46.2]]]]}},{"type":"Feature","properties":{},"geometry":{"type":"MultiPolygon","coordinates":[[[[133.3,-48.7],[133.4,-48.8],[133.6,-49.1],[132.9,-49.1],[132.9,-48.9],[133.3,-48.6],[133.3,-48.7]]]]}},{"type":"Feature","properties":{},"geometry":{"type":"MultiPolygon","coordinates":[[[[124.2,-46.3],[124.3,-46.4],[124.5,-46.7],[123.7,-46.5],[123.9,-46.5],[124,-46.4],[124.2,-46.3]]]]}},{"type":"Feature","properties":{},"geometry":{"type":"MultiPolygon","coordinates":[[[[137.8,-51.1],[137.7,-51.4],[137.2,-51.4],[137.8,-51.1]]]]}},{"type":"Feature","properties":{},"geometry":{"type":"MultiPolygon","coordinates":[[[[133.1,-60.3],[132.9,-60.4],[132.8,-60.5],[132.7,-60.6],[132.5,-60.7],[132.5,-60.8],[132.4,-60.9],[132.3,-60.9],[132.3,-61],[132.2,-61],[132.1,-61],[132,-61.1],[131.7,-61.2],[130.5,-61.6],[129.4,-61.7],[128.6,-61.7],[128,-61.6],[127.7,-61.8],[128.8,-61.8],[129,-61.8],[127.9,-62],[126.7,-62.2],[125.4,-62.2],[124.8,-62.4],[123.6,-62.4],[122.7,-62.5],[122.2,-62.4],[121.4,-62.3],[120.8,-62.1],[120.4,-62],[119.8,-61.7],[119.7,-61.7],[119.7,-61.6],[119.6,-61.6],[119.6,-61.5],[119.5,-61.5],[119.4,-61.5],[119.3,-61.5],[119.2,-61.4],[119.1,-61.4],[119,-61.4],[118.9,-61.4],[118.8,-61.4],[118.7,-61.4],[118.6,-61.4],[118.6,-61.3],[118.5,-61.3],[118.5,-61.2],[118.4,-61.2],[118.4,-61.1],[118.3,-61.1],[118.2,-61.1],[118.1,-61.1],[118,-61.1],[117.9,-61.1],[117.8,-61.1],[117.7,-61.1],[117.6,-61.1],[117.5,-61.1],[117.4,-61.1],[117.3,-61.1],[117.2,-61.1],[117.1,-61.1],[117,-61],[116.9,-61],[116.8,-61],[116.7,-61],[116.6,-61],[116.5,-60.9],[116.4,-60.9],[116.3,-60.9],[116.2,-60.9],[116.1,-60.9],[116.1,-60.8],[116,-60.8],[115.9,-60.8],[115.8,-60.7],[115.7,-60.7],[115.6,-60.7],[115.5,-60.6],[115.4,-60.6],[115.4,-60.5],[115.3,-60.5],[115.2,-60.5],[115.1,-60.4],[115,-60.4],[115,-60.3],[114.9,-60.3],[114.8,-60.2],[114.8,-60.1],[114.8,-60],[114.4,-59.5],[114.3,-59.3],[114.3,-59.2],[114.2,-59.2],[114.1,-59.1],[114,-59.1],[114,-59],[113.9,-59],[113.8,-59],[113.8,-58.9],[113.7,-58.9],[113.7,-58.8],[113.6,-58.8],[113.6,-58.7],[113.5,-58.7],[113.5,-58.6],[113.4,-58.6],[113.4,-58.5],[113.4,-58.4],[113.3,-58.4],[113.3,-58.3],[113.3,-58.2],[113.2,-58.2],[113.2,-58.1],[113.2,-58],[113.1,-57.9],[113.1,-57.8],[113.1,-57.7],[113.1,-57.6],[113,-57.6],[113,-57.5],[112.9,-57.5],[112.8,-57.5],[112.7,-57.5],[112.6,-57.5],[112.5,-57.4],[112.4,-57.4],[112.3,-57.4],[112.2,-57.4],[112.1,-57.4],[112,-57.4],[112,-57.3],[111.9,-57.3],[111.8,-57.3],[111.7,-57.3],[111.6,-57.2],[111.5,-57.2],[111.4,-57.2],[111.4,-57.3],[111.3,-57.3],[111.2,-57.2],[111.1,-57.2],[111,-57.2],[110.9,-57.1],[110.8,-57.1],[110.7,-57.1],[110.6,-57],[110.5,-57],[110.4,-57],[110.3,-56.9],[110.2,-56.9],[110.1,-56.9],[110.1,-56.8],[110,-56.8],[109.9,-56.8],[109.8,-56.8],[109.7,-56.7],[109.6,-56.6],[109.5,-56.6],[109.4,-56.6],[109.4,-56.5],[109.3,-56.5],[109.2,-56.4],[109.1,-56.4],[109.1,-56.3],[109,-56.3],[109,-56.2],[109,-56.1],[108.9,-56],[108.9,-55.9],[108.9,-55.8],[108.9,-55.7],[108.9,-55.6],[108.9,-55.5],[108.9,-55.4],[108.8,-55.3],[108.8,-55.2],[108.8,-55.1],[108.8,-55],[108.8,-54.9],[108.7,-54.8],[108.7,-54.7],[108.7,-54.6],[108.7,-54.5],[108.7,-54.4],[108.6,-54.3],[108.6,-54.2],[108.6,-54.1],[108.6,-54],[108.6,-53.9],[108.6,-53.8],[108.6,-53.7],[108.5,-53.7],[108.6,-53.7],[108.6,-53.6],[108.5,-53.6],[108.5,-53.5],[108.4,-53.5],[108.4,-53.4],[108.3,-53.4],[108.3,-53.3],[108.2,-53.2],[109.7,-52.7],[109.8,-52.8],[109.9,-52.8],[109.9,-52.9],[110,-52.9],[110,-53],[110.1,-53],[110.2,-53.1],[110.3,-53.2],[110.3,-53.3],[110.4,-53.3],[110.4,-53.4],[110.3,-53.5],[110.2,-53.5],[110.1,-53.6],[110,-53.7],[110,-53.8],[110.1,-53.9],[110.1,-54],[110.1,-54.1],[110.2,-54.1],[110.2,-54.2],[110.2,-54.3],[110.2,-54.4],[110.2,-54.5],[110.2,-54.6],[110.3,-54.6],[110.3,-54.7],[110.3,-54.8],[110.4,-54.9],[110.4,-55],[110.4,-55.1],[110.5,-55.1],[110.5,-55.2],[110.5,-55.3],[110.6,-55.3],[110.7,-55.4],[110.7,-55.5],[110.8,-55.5],[110.8,-55.6],[110.9,-55.7],[111,-55.8],[111.1,-55.9],[111.1,-56],[111.1,-56.1],[111.1,-56.2],[111.2,-56.2],[111.3,-56.2],[111.4,-56.3],[111.5,-56.3],[111.6,-56.3],[111.6,-56.4],[111.7,-56.4],[111.8,-56.4],[111.8,-56.5],[111.9,-56.5],[112,-56.6],[112.1,-56.6],[112.2,-56.6],[112.2,-56.7],[112.3,-56.7],[112.4,-56.7],[112.5,-56.7],[112.6,-56.7],[112.7,-56.7],[112.8,-56.8],[112.9,-56.8],[113,-56.8],[113.1,-56.8],[113.2,-56.8],[113.3,-56.8],[113.4,-56.8],[113.5,-56.9],[113.7,-56.9],[113.8,-56.9],[113.9,-56.9],[114,-57],[114.1,-57],[114.2,-57],[114.3,-57],[114.3,-57.1],[114.4,-57.1],[114.5,-57.1],[114.6,-57.1],[114.7,-57.1],[114.7,-57.2],[114.8,-57.2],[114.9,-57.2],[115,-57.2],[115,-57.3],[115.1,-57.3],[115.2,-57.4],[115.2,-57.5],[115.2,-57.6],[115.3,-57.6],[115.3,-57.7],[115.3,-57.8],[115.3,-57.9],[115.2,-57.9],[115.2,-58],[115.3,-58],[115.4,-58],[115.4,-57.9],[115.5,-57.9],[115.6,-57.9],[115.7,-57.9],[115.8,-57.9],[115.9,-57.8],[116,-57.8],[116.1,-57.8],[116.1,-57.9],[116.1,-58],[116.1,-58.1],[116,-58.2],[116,-58.3],[116,-58.4],[116,-58.5],[116.1,-58.6],[116.1,-58.5],[116.2,-58.5],[116.3,-58.5],[116.5,-58.5],[116.6,-58.5],[116.7,-58.5],[116.8,-58.5],[116.9,-58.5],[116.9,-58.6],[116.9,-58.7],[116.9,-58.8],[116.9,-58.9],[116.9,-59],[116.9,-59.1],[117,-59.1],[117,-59.2],[117.1,-59.2],[117.2,-59.3],[117.3,-59.3],[117.4,-59.3],[117.5,-59.4],[117.6,-59.4],[117.7,-59.4],[117.8,-59.4],[117.9,-59.4],[118.1,-59.4],[118.2,-59.4],[118.3,-59.4],[118.4,-59.4],[118.5,-59.4],[118.6,-59.4],[118.7,-59.4],[118.7,-59.5],[118.8,-59.5],[118.9,-59.5],[118.9,-59.6],[119,-59.6],[119.1,-59.6],[119.2,-59.6],[119.3,-59.6],[119.4,-59.6],[119.5,-59.6],[119.6,-59.6],[119.7,-59.6],[119.8,-59.6],[119.9,-59.5],[120,-59.5],[120.1,-59.5],[120.4,-59.5],[120.5,-59.5],[120.7,-59.5],[120.8,-59.5],[120.9,-59.5],[121,-59.5],[121,-59.6],[121.1,-59.6],[121.2,-59.6],[121.2,-59.7],[121.3,-59.7],[121.4,-59.8],[121.5,-59.8],[121.6,-59.8],[121.7,-59.9],[121.8,-59.9],[121.9,-60],[122,-60],[122.1,-60],[122.2,-60.1],[122.3,-60.1],[122.4,-60.1],[122.5,-60.2],[122.6,-60.2],[122.7,-60.3],[122.8,-60.3],[122.9,-60.3],[123,-60.3],[123.1,-60.3],[123.2,-60.4],[123.3,-60.4],[123.4,-60.4],[123.4,-60.5],[123.5,-60.5],[123.6,-60.5],[123.7,-60.5],[123.8,-60.5],[123.9,-60.5],[124,-60.5],[124.1,-60.5],[124.2,-60.5],[124.3,-60.5],[124.4,-60.5],[124.5,-60.5],[124.6,-60.5],[124.7,-60.5],[124.8,-60.5],[124.9,-60.5],[125,-60.5],[125.1,-60.5],[125.2,-60.5],[125.3,-60.5],[125.4,-60.5],[125.4,-60.4],[125.5,-60.4],[125.6,-60.4],[125.7,-60.4],[125.8,-60.5],[126,-60.5],[126.1,-60.5],[126.2,-60.5],[126.4,-60.5],[126.5,-60.5],[126.6,-60.5],[126.7,-60.5],[126.8,-60.5],[126.8,-60.6],[126.9,-60.6],[127,-60.6],[127.2,-60.6],[127.3,-60.6],[127.4,-60.6],[127.5,-60.6],[127.7,-60.6],[127.8,-60.6],[128,-60.5],[128.1,-60.5],[128.2,-60.5],[128.3,-60.5],[128.4,-60.5],[128.5,-60.5],[128.6,-60.5],[128.7,-60.5],[128.8,-60.5],[128.8,-60.4],[128.9,-60.4],[129,-60.4],[129.1,-60.3],[129.2,-60.2],[129.3,-60.2],[129.4,-60.2],[129.4,-60.1],[129.5,-60.1],[129.6,-60.1],[129.6,-60],[129.7,-60],[129.8,-60],[129.8,-59.9],[129.9,-59.9],[130,-59.9],[130.1,-59.8],[130.2,-59.8],[130.3,-59.7],[130.4,-59.7],[130.5,-59.7],[130.6,-59.7],[130.6,-59.6],[130.7,-59.5],[130.8,-59.5],[130.9,-59.5],[131,-59.4],[131.1,-59.4],[131.2,-59.4],[131.3,-59.4],[131.4,-59.4],[131.5,-59.5],[131.5,-59.6],[131.6,-59.6],[131.7,-59.7],[131.8,-59.7],[131.9,-59.8],[132,-59.9],[132.1,-59.9],[132.2,-60],[132.3,-60],[132.4,-60.1],[132.5,-60.1],[132.5,-60.2],[132.6,-60.2],[132.7,-60.2],[132.8,-60.3],[132.9,-60.3],[133,-60.3],[133.1,-60.3]]]]}},{"type":"Feature","properties":{},"geometry":{"type":"MultiPolygon","coordinates":[[[[129.4,-61.8],[130.3,-62.2],[131.2,-62.3],[132,-62.5],[132.6,-62.6],[133.5,-62.8],[134.2,-63],[135.1,-63.2],[135.3,-63.2],[135.8,-63.5],[136,-63.5],[136.4,-63.6],[136.9,-63.7],[137,-63.8],[137.1,-63.8],[138,-64],[138.2,-64],[138.4,-64.1],[138.8,-64.2],[139.6,-64.3],[140.5,-64.4],[141.2,-64.4],[143.1,-64.4],[144,-64.6],[144.6,-64.7],[144.6,-65],[144.8,-65.1],[145,-65.1],[145.2,-65.1],[145.2,-65.2],[145.3,-65.2],[145.3,-65.3],[145.3,-65.4],[145.4,-65.4],[145.4,-65.5],[145.5,-65.5],[145.6,-65.5],[145.7,-65.6],[145.8,-65.6],[145.9,-65.6],[146,-65.7],[146.1,-65.7],[146.2,-65.7],[146.2,-65.8],[146.3,-65.9],[146.4,-65.9],[146.4,-66],[146.5,-66.1],[146.6,-66.2],[146.7,-66.2],[146.7,-66.3],[146.5,-66.3],[146.1,-66.4],[145.2,-66.7],[144.6,-66.9],[143.9,-67.1],[142.7,-67.4],[141.8,-67.8],[141.4,-67.9],[141.4,-68.1],[141.4,-68.6],[141.3,-69],[141.2,-69.2],[141.1,-69.7],[141,-70.1],[140.9,-70.1],[140.9,-70.2],[139.3,-70.4],[140.1,-69.5],[138.1,-69.9],[136.9,-70.1],[137.5,-69.7],[137.4,-69.1],[138.3,-68.3],[138,-67.6],[137,-68],[135.9,-68.6],[134.2,-69.4],[133.5,-69.7],[133.2,-69.9],[132.2,-69.4],[132.9,-69.5],[132,-68.8],[130.9,-68.1],[130.1,-68.1],[129.7,-67.9],[129.8,-67.7],[129.4,-67.4],[128.4,-67],[128.2,-67.2],[125.9,-66.9],[123.2,-66.3],[116.9,-66.6],[112,-66.5],[107.1,-67.4],[105.1,-67.5],[103.5,-67.4],[102.4,-67.2],[102,-67.1],[102.1,-67],[102.2,-67],[102.3,-67],[102.4,-66.9],[102.5,-66.9],[102.6,-66.9],[102.7,-66.9],[102.8,-66.8],[102.9,-66.8],[103,-66.8],[103.1,-66.8],[103.2,-66.8],[103.3,-66.7],[103.4,-66.7],[103.5,-66.7],[103.6,-66.7],[103.7,-66.7],[103.8,-66.7],[103.9,-66.7],[104,-66.7],[104.1,-66.7],[104.2,-66.7],[104.3,-66.7],[104.4,-66.7],[104.5,-66.6],[104.5,-66.7],[104.6,-66.7],[104.5,-66.7],[104.4,-66.7],[104.3,-66.8],[104.2,-66.8],[104.1,-66.8],[104,-66.8],[103.9,-66.8],[103.8,-66.9],[103.6,-66.9],[103.5,-66.9],[103.4,-66.9],[103.3,-66.9],[103.2,-67],[103.3,-67],[103.4,-67],[103.5,-67],[103.6,-67],[103.7,-67],[103.8,-66.9],[103.9,-66.9],[104,-66.9],[104.1,-66.9],[104.2,-66.9],[104.3,-66.9],[104.4,-66.8],[104.5,-66.8],[104.6,-66.8],[104.7,-66.8],[104.8,-66.7],[104.9,-66.7],[105,-66.7],[105,-66.6],[105.1,-66.6],[105.2,-66.6],[105.2,-66.5],[105.3,-66.5],[105.4,-66.5],[105.4,-66.4],[105.5,-66.4],[105.6,-66.3],[105.7,-66.3],[105.8,-66.2],[105.9,-66.2],[105.9,-66.1],[105.8,-66.1],[105.8,-66],[105.7,-66],[105.7,-66.1],[105.6,-66.1],[105.5,-66.1],[105.4,-66],[105.3,-66],[105.3,-65.9],[105.3,-65.8],[105.4,-65.8],[105.4,-65.7],[105.5,-65.7],[105.6,-65.7],[105.7,-65.6],[105.8,-65.6],[105.9,-65.5],[106,-65.5],[106.2,-65.5],[106.4,-65.4],[106.5,-65.4],[106.6,-65.4],[106.8,-65.3],[106.9,-65.3],[107,-65.3],[107.1,-65.3],[107.2,-65.2],[107.3,-65.2],[107.4,-65.2],[107.6,-65.2],[107.6,-65.1],[107.7,-65.1],[107.8,-65.1],[107.9,-65.1],[108,-65],[108.1,-65],[108.2,-65],[108.2,-64.9],[108.3,-64.9],[108.4,-64.9],[108.5,-64.9],[108.5,-64.8],[108.6,-64.8],[108.7,-64.7],[108.8,-64.7],[108.8,-64.6],[108.9,-64.6],[109,-64.6],[109.1,-64.5],[109.3,-64.5],[109.3,-64.4],[109.4,-64.4],[109.5,-64.4],[109.5,-64.3],[109.6,-64.2],[109.7,-64.2],[109.8,-64.1],[109.9,-64],[110,-63.9],[110.1,-63.9],[110.2,-63.8],[110.3,-63.8],[110.4,-63.7],[110.5,-63.7],[110.5,-63.6],[110.6,-63.6],[110.5,-63.6],[110.4,-63.6],[110.3,-63.7],[110.2,-63.7],[110.1,-63.7],[110,-63.7],[109.9,-63.7],[109.8,-63.7],[109.9,-63.7],[109.9,-63.6],[110,-63.6],[110,-63.5],[110.1,-63.5],[110.2,-63.4],[110.3,-63.4],[110.4,-63.3],[110.5,-63.2],[110.6,-63.2],[110.7,-63.1],[110.8,-63.1],[110.9,-63],[111,-63],[111.2,-62.9],[111.3,-62.9],[111.4,-62.8],[111.5,-62.8],[111.6,-62.8],[111.7,-62.7],[111.8,-62.7],[111.9,-62.7],[112,-62.7],[112.1,-62.6],[112.2,-62.6],[112.3,-62.6],[112.3,-62.5],[112.4,-62.5],[112.5,-62.5],[112.6,-62.4],[112.7,-62.4],[112.8,-62.3],[112.9,-62.3],[113,-62.3],[113.1,-62.2],[113.2,-62.2],[113.3,-62.2],[113.4,-62.2],[113.5,-62.2],[113.6,-62.2],[113.7,-62.2],[113.8,-62.1],[113.9,-62.1],[114,-62.1],[114.1,-62.1],[114.2,-62.1],[114.3,-62],[114.4,-62],[114.5,-62],[114.6,-62],[114.6,-61.9],[114.8,-61.9],[114.9,-61.8],[115,-61.8],[115.5,-62],[116.1,-62.1],[116.9,-61.9],[118.1,-61.1],[118.2,-61.1],[118.3,-61.1],[118.4,-61.1],[118.4,-61.2],[118.5,-61.2],[118.6,-61.3],[118.6,-61.4],[118.7,-61.4],[118.8,-61.4],[118.9,-61.4],[119,-61.4],[119.1,-61.4],[119.2,-61.4],[119.3,-61.5],[119.4,-61.5],[119.5,-61.5],[119.6,-61.6],[119.7,-61.6],[119.8,-61.7],[120.6,-62.1],[121,-62.1],[121.6,-62.3],[122.2,-62.4],[122.9,-62.6],[124,-62.5],[124.9,-62.3],[125.5,-62.2],[126.9,-62.2],[127.9,-62],[129.4,-61.8]]]]}},{"type":"Feature","properties":{},"geometry":{"type":"MultiPolygon","coordinates":[[[[90.2,-66],[90.3,-65.9],[90.3,-65.8],[90.4,-65.8],[90.5,-65.8],[90.6,-65.8],[90.7,-65.8],[90.8,-65.8],[90.9,-65.8],[91,-65.8],[91.1,-65.8],[91.2,-65.8],[91.3,-65.8],[91.4,-65.8],[91.5,-65.8],[91.5,-65.9],[91.6,-65.9],[91.7,-65.9],[91.8,-65.9],[91.9,-66],[92,-66],[92.1,-66],[92.2,-66],[92.2,-66.1],[92.3,-66.1],[92.4,-66.1],[92.5,-66.1],[92.6,-66.2],[92.7,-66.2],[92.8,-66.2],[92.9,-66.2],[93,-66.3],[93.1,-66.3],[93.2,-66.3],[93.3,-66.3],[93.4,-66.4],[93.5,-66.4],[93.6,-66.4],[93.7,-66.4],[93.8,-66.4],[93.8,-66.5],[93.9,-66.5],[94,-66.5],[94.1,-66.6],[94.2,-66.6],[94.3,-66.6],[94.4,-66.6],[94.5,-66.6],[94.6,-66.6],[94.6,-66.7],[94.8,-66.7],[94.9,-66.7],[95,-66.7],[95.1,-66.7],[95.2,-66.7],[95.4,-66.7],[95.5,-66.7],[95.6,-66.7],[95.8,-66.8],[95.9,-66.8],[96,-66.8],[96.2,-66.8],[96.3,-66.8],[96.4,-66.8],[96.5,-66.8],[96.6,-66.8],[96.7,-66.9],[96.8,-66.8],[96.9,-66.8],[97,-66.8],[97.1,-66.8],[97.2,-66.8],[97.3,-66.8],[97.4,-66.8],[97.4,-66.9],[96.9,-67],[95.8,-66.9],[94.2,-67.1],[93.7,-67],[93.2,-67],[91.4,-66.7],[91,-66.4],[90.2,-66]]]]}},{"type":"Feature","properties":{},"geometry":{"type":"MultiPolygon","coordinates":[[[[138.5,-70.5],[139.2,-70.7],[137.2,-70.8],[135.5,-70.8],[138.5,-70.5]]]]}},{"type":"Feature","properties":{},"geometry":{"type":"MultiPolygon","coordinates":[[[[90.4,-65.8],[90.3,-65.8],[90.3,-65.9],[90.2,-66],[89.2,-65.5],[90.4,-64.9],[92.3,-63.8],[92.9,-63.6],[93,-61.5],[93.5,-60.1],[93.5,-59.1],[93.4,-57.2],[93.3,-57.8],[93.5,-58],[93.8,-57],[94.2,-57.3],[94.2,-57.7],[94.9,-57.6],[94.6,-56.5],[95,-55.3],[96.1,-54.1],[96.9,-54.1],[97.1,-54.3],[97.4,-54.1],[97.8,-53.9],[99.2,-53.7],[99.2,-53.8],[99.1,-53.8],[99,-53.8],[98.9,-53.8],[98.8,-53.9],[98.7,-53.9],[98.6,-53.9],[98.6,-54],[98.5,-54],[98.4,-54],[98.2,-54.1],[98.1,-54.1],[98,-54.1],[97.9,-54.2],[97.8,-54.2],[97.8,-54.3],[97.7,-54.3],[97.7,-54.4],[97.6,-54.5],[97.6,-54.6],[97.5,-54.7],[97.4,-54.8],[97.3,-55],[97.2,-55],[97.1,-55.2],[97.1,-55.3],[97,-55.4],[97,-55.5],[96.9,-55.6],[96.8,-55.7],[96.7,-55.9],[96.6,-56],[96.6,-56.1],[96.5,-56.1],[96.5,-56.2],[96.5,-56.3],[96.5,-56.4],[96.5,-56.5],[96.4,-56.5],[96.4,-56.6],[96.4,-56.7],[96.4,-56.8],[96.4,-56.9],[96.4,-57],[96.4,-57.1],[96.4,-57.2],[96.5,-57.4],[96.5,-57.5],[96.5,-57.6],[96.6,-57.6],[96.6,-57.7],[96.6,-57.8],[96.5,-57.9],[96.5,-58],[96.5,-58.1],[96.4,-58.1],[96.4,-58.2],[96.3,-58.2],[96.3,-58.3],[96.2,-58.4],[96.2,-58.5],[96.1,-58.6],[96,-58.7],[95.9,-58.8],[95.9,-58.9],[95.8,-59],[95.8,-59.1],[95.7,-59.1],[95.7,-59.2],[95.6,-59.2],[95.6,-59.3],[95.5,-59.4],[95.5,-59.5],[95.4,-59.5],[95.4,-59.6],[95.4,-59.7],[95.3,-59.7],[95.3,-59.8],[95.3,-59.9],[95.2,-59.9],[95.2,-60],[95.2,-60.1],[95.1,-60.1],[95.1,-60.2],[95,-60.3],[95,-60.4],[94.9,-60.4],[94.9,-60.5],[94.9,-60.6],[94.9,-60.7],[94.9,-60.8],[94.9,-60.9],[94.8,-60.9],[94.8,-61],[94.8,-61.1],[94.9,-61.1],[94.9,-61.2],[94.8,-61.3],[94.8,-61.4],[94.8,-61.5],[94.7,-61.6],[94.7,-61.7],[94.6,-61.7],[94.6,-61.8],[94.6,-61.9],[94.5,-61.9],[94.5,-62],[94.4,-62],[94.4,-62.1],[94.3,-62.2],[94.3,-62.3],[94.2,-62.4],[94.1,-62.5],[94.1,-62.6],[94,-62.7],[94,-62.8],[93.9,-62.8],[93.9,-62.9],[93.8,-63],[93.7,-63.1],[93.6,-63.2],[93.5,-63.3],[93.4,-63.4],[93.3,-63.5],[93.2,-63.6],[93.1,-63.7],[93,-63.7],[92.9,-63.8],[92.8,-63.9],[92.7,-64],[92.6,-64.1],[92.5,-64.1],[92.4,-64.2],[92.3,-64.3],[92.2,-64.3],[92.2,-64.4],[92.1,-64.4],[92,-64.5],[91.9,-64.6],[91.8,-64.6],[91.7,-64.7],[91.6,-64.8],[91.5,-64.9],[91.3,-65],[91.2,-65],[91.1,-65.1],[91.1,-65.2],[91,-65.3],[90.9,-65.3],[90.8,-65.4],[90.7,-65.5],[90.6,-65.6],[90.5,-65.7],[90.4,-65.8]]]]}},{"type":"Feature","properties":{},"geometry":{"type":"MultiPolygon","coordinates":[[[[118.1,-61.1],[116.9,-61.9],[116.1,-62.1],[115.5,-62],[115,-61.8],[114.9,-61.8],[114.8,-61.9],[114.6,-61.9],[114.6,-62],[114.5,-62],[114.4,-62],[114.3,-62],[114.2,-62.1],[114.1,-62.1],[114,-62.1],[113.9,-62.1],[113.8,-62.1],[113.7,-62.2],[113.6,-62.2],[113.5,-62.2],[113.4,-62.2],[113.3,-62.2],[113.2,-62.2],[113.1,-62.2],[113,-62.3],[112.9,-62.3],[112.8,-62.3],[112.7,-62.4],[112.6,-62.4],[112.5,-62.5],[112.4,-62.5],[112.3,-62.5],[112.3,-62.6],[112.2,-62.6],[112.1,-62.6],[112,-62.7],[111.9,-62.7],[111.8,-62.7],[111.7,-62.7],[111.6,-62.8],[111.5,-62.8],[111.4,-62.8],[111.3,-62.9],[111.2,-62.9],[111,-63],[110.9,-63],[110.8,-63.1],[110.7,-63.1],[110.6,-63.2],[110.5,-63.2],[110.4,-63.3],[110.3,-63.4],[110.2,-63.4],[110.1,-63.5],[110,-63.5],[110,-63.6],[109.9,-63.6],[109.9,-63.7],[109.8,-63.7],[109.9,-63.7],[110,-63.7],[110.1,-63.7],[110.2,-63.7],[110.3,-63.7],[110.4,-63.6],[110.5,-63.6],[110.6,-63.6],[110.5,-63.6],[110.5,-63.7],[110.4,-63.7],[110.3,-63.8],[110.2,-63.8],[110.1,-63.9],[110,-63.9],[109.9,-64],[109.8,-64.1],[109.7,-64.2],[109.6,-64.2],[109.5,-64.3],[109.5,-64.4],[109.4,-64.4],[109.3,-64.4],[109.3,-64.5],[109.1,-64.5],[109,-64.6],[108.9,-64.6],[108.8,-64.6],[108.8,-64.7],[108.7,-64.7],[108.6,-64.8],[108.5,-64.8],[108.5,-64.9],[108.4,-64.9],[108.3,-64.9],[108.2,-64.9],[108.2,-65],[108.1,-65],[108,-65],[107.9,-65.1],[107.8,-65.1],[107.7,-65.1],[107.6,-65.1],[107.6,-65.2],[107.4,-65.2],[107.3,-65.2],[107.2,-65.2],[107.1,-65.3],[107,-65.3],[106.9,-65.3],[106.8,-65.3],[106.6,-65.4],[106.5,-65.4],[106.4,-65.4],[106.2,-65.5],[106,-65.5],[105.9,-65.5],[105.8,-65.6],[105.7,-65.6],[105.6,-65.7],[105.5,-65.7],[105.4,-65.7],[105.4,-65.8],[105.3,-65.8],[105.3,-65.9],[105.3,-66],[105.4,-66],[105.5,-66.1],[105.6,-66.1],[105.7,-66.1],[105.7,-66],[105.8,-66],[105.8,-66.1],[105.9,-66.1],[105.9,-66.2],[105.8,-66.2],[105.7,-66.3],[105.6,-66.3],[105.5,-66.4],[105.4,-66.4],[105.4,-66.5],[105.3,-66.5],[105.2,-66.5],[105.2,-66.6],[105.1,-66.6],[105,-66.6],[105,-66.7],[104.9,-66.7],[104.8,-66.7],[104.7,-66.8],[104.6,-66.8],[104.5,-66.8],[104.4,-66.8],[104.3,-66.9],[104.2,-66.9],[104.1,-66.9],[104,-66.9],[103.9,-66.9],[103.8,-66.9],[103.7,-67],[103.6,-67],[103.5,-67],[103.4,-67],[103.3,-67],[103.2,-67],[103.3,-66.9],[103.4,-66.9],[103.5,-66.9],[103.6,-66.9],[103.8,-66.9],[103.9,-66.8],[104,-66.8],[104.1,-66.8],[104.2,-66.8],[104.3,-66.8],[104.4,-66.7],[104.5,-66.7],[104.6,-66.7],[104.5,-66.7],[104.5,-66.6],[104.4,-66.7],[104.3,-66.7],[104.2,-66.7],[104.1,-66.7],[104,-66.7],[103.9,-66.7],[103.8,-66.7],[103.7,-66.7],[103.6,-66.7],[103.5,-66.7],[103.4,-66.7],[103.3,-66.7],[103.2,-66.8],[103.1,-66.8],[103,-66.8],[102.9,-66.8],[102.8,-66.8],[102.7,-66.9],[102.6,-66.9],[102.5,-66.9],[102.4,-66.9],[102.3,-67],[102.2,-67],[102.1,-67],[102,-67.1],[101.6,-67],[97.6,-66.9],[97.4,-66.8],[97.3,-66.8],[97.2,-66.8],[97.1,-66.8],[97,-66.8],[96.9,-66.8],[96.8,-66.8],[96.7,-66.9],[96.6,-66.8],[96.5,-66.8],[96.4,-66.8],[96.3,-66.8],[96.2,-66.8],[96,-66.8],[95.9,-66.8],[95.7,-66.8],[95.6,-66.7],[95.5,-66.7],[95.4,-66.7],[95.3,-66.7],[95.2,-66.7],[95.1,-66.7],[95,-66.7],[94.9,-66.7],[94.7,-66.7],[94.6,-66.6],[94.5,-66.6],[94.3,-66.6],[94.2,-66.6],[94.1,-66.6],[94.1,-66.5],[94,-66.5],[93.9,-66.5],[93.8,-66.5],[93.8,-66.4],[93.7,-66.4],[93.6,-66.4],[93.5,-66.4],[93.4,-66.4],[93.3,-66.3],[93.2,-66.3],[93.1,-66.3],[93,-66.3],[92.9,-66.2],[92.8,-66.2],[92.7,-66.2],[92.6,-66.2],[92.5,-66.1],[92.4,-66.1],[92.3,-66.1],[92.2,-66.1],[92.2,-66],[92.1,-66],[92,-66],[91.9,-66],[91.9,-65.9],[91.8,-65.9],[91.7,-65.9],[91.6,-65.9],[91.5,-65.8],[91.4,-65.8],[91.3,-65.8],[91.2,-65.8],[91.1,-65.8],[91,-65.8],[90.9,-65.8],[90.8,-65.8],[90.7,-65.8],[90.6,-65.8],[90.5,-65.8],[90.5,-65.7],[90.5,-65.6],[90.6,-65.5],[90.7,-65.5],[90.8,-65.4],[90.9,-65.3],[91,-65.2],[91.1,-65.2],[91.2,-65.1],[91.3,-65],[91.4,-64.9],[91.5,-64.8],[91.7,-64.7],[91.8,-64.7],[91.9,-64.6],[91.9,-64.5],[92,-64.5],[92.1,-64.5],[92.1,-64.4],[92.2,-64.4],[92.2,-64.3],[92.3,-64.3],[92.4,-64.2],[92.5,-64.2],[92.5,-64.1],[92.6,-64],[92.7,-64],[92.8,-63.9],[93,-63.8],[93.1,-63.7],[93.2,-63.6],[93.3,-63.5],[93.4,-63.5],[93.4,-63.4],[93.5,-63.4],[93.5,-63.3],[93.6,-63.3],[93.6,-63.2],[93.7,-63.1],[93.8,-63],[93.8,-62.9],[93.9,-62.9],[93.9,-62.8],[94,-62.7],[94,-62.6],[94.1,-62.5],[94.2,-62.5],[94.2,-62.4],[94.3,-62.3],[94.3,-62.2],[94.4,-62.2],[94.4,-62.1],[94.5,-62],[94.5,-61.9],[94.6,-61.9],[94.6,-61.8],[94.6,-61.7],[94.7,-61.7],[94.7,-61.6],[94.7,-61.5],[94.8,-61.5],[94.8,-61.4],[94.8,-61.3],[94.9,-61.2],[94.9,-61.1],[94.8,-61.1],[94.8,-61],[94.8,-60.9],[94.9,-60.8],[94.9,-60.7],[94.9,-60.6],[94.9,-60.5],[94.9,-60.4],[95,-60.4],[95,-60.3],[95,-60.2],[95.1,-60.2],[95.1,-60.1],[95.2,-60.1],[95.2,-60],[95.3,-59.9],[95.3,-59.8],[95.3,-59.7],[95.4,-59.7],[95.4,-59.6],[95.5,-59.5],[95.5,-59.4],[95.6,-59.3],[95.6,-59.2],[95.7,-59.2],[95.7,-59.1],[95.8,-59],[95.9,-58.9],[95.9,-58.8],[96,-58.8],[96,-58.7],[96.1,-58.6],[96.1,-58.5],[96.2,-58.5],[96.2,-58.4],[96.3,-58.3],[96.4,-58.2],[96.4,-58.1],[96.5,-58],[96.5,-57.9],[96.6,-57.8],[96.6,-57.7],[96.6,-57.6],[96.5,-57.6],[96.5,-57.5],[96.5,-57.4],[96.4,-57.3],[96.4,-57.1],[96.4,-57],[96.4,-56.9],[96.4,-56.8],[96.4,-56.7],[96.4,-56.6],[96.5,-56.5],[96.5,-56.4],[96.5,-56.3],[96.5,-56.2],[96.5,-56.1],[96.6,-56.1],[96.6,-56],[96.7,-55.9],[96.7,-55.8],[96.8,-55.7],[97,-55.5],[97,-55.4],[97.1,-55.4],[97.1,-55.3],[97.1,-55.2],[97.2,-55.1],[97.3,-55],[97.3,-54.9],[97.5,-54.7],[97.6,-54.6],[97.6,-54.5],[97.7,-54.3],[97.8,-54.3],[97.8,-54.2],[97.9,-54.2],[98,-54.1],[98.1,-54.1],[98.2,-54.1],[98.3,-54],[98.4,-54],[98.5,-54],[98.6,-54],[98.6,-53.9],[98.8,-53.9],[98.9,-53.9],[98.9,-53.8],[99,-53.8],[99.1,-53.8],[99.2,-53.8],[99.2,-53.7],[99.4,-53.7],[100.7,-53.4],[101.6,-53.3],[101.8,-53.2],[102.3,-53.4],[103.3,-53.5],[104,-53.3],[105.7,-53.2],[106.6,-53.3],[108.3,-53.3],[108.3,-53.4],[108.4,-53.4],[108.4,-53.5],[108.5,-53.5],[108.5,-53.6],[108.6,-53.6],[108.6,-53.7],[108.5,-53.7],[108.6,-53.8],[108.6,-53.9],[108.6,-54],[108.6,-54.1],[108.6,-54.2],[108.6,-54.3],[108.7,-54.3],[108.7,-54.4],[108.7,-54.5],[108.7,-54.6],[108.7,-54.7],[108.7,-54.8],[108.7,-54.9],[108.8,-54.9],[108.8,-55],[108.8,-55.1],[108.8,-55.2],[108.8,-55.3],[108.9,-55.4],[108.9,-55.5],[108.9,-55.6],[108.9,-55.7],[108.9,-55.8],[108.9,-55.9],[108.9,-56],[108.9,-56.1],[109,-56.1],[109,-56.2],[109.1,-56.3],[109.1,-56.4],[109.2,-56.4],[109.3,-56.4],[109.3,-56.5],[109.4,-56.5],[109.4,-56.6],[109.5,-56.6],[109.6,-56.7],[109.7,-56.7],[109.8,-56.7],[109.8,-56.8],[109.9,-56.8],[110,-56.8],[110.1,-56.8],[110.1,-56.9],[110.2,-56.9],[110.3,-56.9],[110.4,-57],[110.5,-57],[110.6,-57],[110.7,-57.1],[110.8,-57.1],[110.9,-57.2],[111,-57.2],[111.1,-57.2],[111.2,-57.2],[111.3,-57.3],[111.4,-57.3],[111.4,-57.2],[111.5,-57.2],[111.6,-57.2],[111.7,-57.3],[111.8,-57.3],[111.9,-57.3],[112,-57.3],[112,-57.4],[112.1,-57.4],[112.2,-57.4],[112.3,-57.4],[112.4,-57.4],[112.5,-57.4],[112.5,-57.5],[112.6,-57.5],[112.7,-57.5],[112.8,-57.5],[112.9,-57.5],[113,-57.5],[113,-57.6],[113.1,-57.6],[113.1,-57.7],[113.1,-57.8],[113.1,-57.9],[113.1,-58],[113.2,-58],[113.2,-58.1],[113.2,-58.2],[113.3,-58.2],[113.3,-58.3],[113.3,-58.4],[113.4,-58.4],[113.4,-58.5],[113.4,-58.6],[113.5,-58.6],[113.5,-58.7],[113.6,-58.7],[113.6,-58.8],[113.7,-58.8],[113.7,-58.9],[113.8,-58.9],[113.8,-59],[113.9,-59],[114,-59],[114,-59.1],[114.1,-59.1],[114.2,-59.2],[114.3,-59.2],[114.3,-59.3],[114.7,-59.9],[114.8,-60],[114.8,-60.1],[114.8,-60.2],[114.9,-60.3],[115,-60.4],[115.1,-60.4],[115.2,-60.5],[115.3,-60.5],[115.4,-60.6],[115.5,-60.6],[115.6,-60.7],[115.7,-60.7],[115.8,-60.7],[115.8,-60.8],[115.9,-60.8],[116,-60.8],[116.1,-60.8],[116.1,-60.9],[116.2,-60.9],[116.3,-60.9],[116.4,-60.9],[116.5,-60.9],[116.6,-61],[116.7,-61],[116.8,-61],[116.9,-61],[117,-61],[117.1,-61.1],[117.2,-61.1],[117.3,-61.1],[117.4,-61.1],[117.5,-61.1],[117.6,-61.1],[117.7,-61.1],[117.8,-61.1],[117.9,-61.1],[118,-61.1],[118.1,-61.1]]]]}},{"type":"Feature","properties":{},"geometry":{"type":"MultiPolygon","coordinates":[[[[129.1,-46.8],[129.2,-46.9],[129.6,-46.9],[129.6,-47],[129.6,-47.1],[129.7,-46.9],[129.9,-47],[130.4,-46.9],[130.8,-47.2],[131.1,-47.2],[131.2,-47.2],[131.3,-47.2],[131.4,-47.1],[132,-46.9],[131.8,-47],[131.7,-47.1],[131.7,-47.2],[131.8,-47.2],[132,-47.1],[132.1,-47.1],[132.2,-47.1],[132.2,-47.2],[132.3,-47.2],[132.2,-47.2],[132.2,-47.4],[132.3,-47.4],[132.6,-47.3],[132.8,-47.2],[132.6,-47.1],[132.5,-47.1],[132.7,-47],[132.9,-46.8],[132.9,-46.9],[133,-46.9],[133.1,-47.1],[133.1,-47.2],[133.3,-47.2],[133.2,-47.1],[133.3,-47.1],[133.4,-47.1],[133.5,-47.2],[133.6,-47.2],[133.5,-47.3],[133.3,-47.4],[133.3,-47.5],[133.2,-47.6],[133.1,-47.6],[133.1,-47.7],[133,-47.6],[132.9,-47.7],[133,-47.8],[133.2,-47.9],[133.1,-47.9],[133,-47.9],[132.9,-47.9],[133,-48],[133,-48.1],[132.9,-48.1],[132.8,-48.2],[132.8,-48.1],[132.8,-48],[132.7,-48],[132.7,-48.1],[132.6,-48],[132.6,-48.1],[132.5,-48.2],[132.5,-48.1],[132.4,-48.1],[132.3,-48.2],[132.2,-48.1],[132.2,-48.2],[132.1,-48.3],[132.2,-48.3],[132.2,-48.4],[132.1,-48.4],[132.1,-48.5],[132,-48.5],[132.2,-48.7],[132.3,-48.7],[132.2,-48.8],[132.1,-49],[132.1,-49.1],[131.8,-49.2],[131.7,-49.4],[131.7,-49.5],[131.6,-49.6],[131.5,-49.6],[131.4,-49.6],[131.4,-49.7],[131.7,-50],[131.9,-50],[132.3,-50.2],[132.7,-50.3],[133.5,-50.8],[133.8,-50.8],[135.1,-51.1],[135.3,-51.3],[136,-51.6],[136.3,-51.6],[136.5,-51.6],[136.6,-51.6],[137,-51.7],[137.2,-51.8],[137.3,-51.8],[137.4,-52],[137.4,-52.1],[137.6,-52.1],[138.1,-52.3],[138.4,-52.3],[138.7,-52.4],[139,-52.4],[138.9,-52.4],[138.8,-52.4],[138.4,-52.4],[138.3,-52.4],[138.2,-52.4],[138.1,-52.4],[138,-52.4],[137.9,-52.4],[137.8,-52.4],[137.7,-52.4],[137.6,-52.4],[137.5,-52.4],[137.4,-52.4],[137.3,-52.4],[137.2,-52.4],[137.1,-52.4],[137,-52.4],[136.9,-52.4],[136.8,-52.4],[136.7,-52.4],[136.6,-52.4],[136.5,-52.5],[136.3,-52.5],[136.2,-52.5],[136.1,-52.5],[136,-52.5],[135.9,-52.5],[135.8,-52.6],[135.7,-52.6],[135.6,-52.6],[135.4,-52.6],[135.3,-52.6],[135.2,-52.7],[135.1,-52.7],[135,-52.7],[134.9,-52.7],[134.8,-52.8],[134.6,-52.8],[134.4,-52.8],[134.2,-52.8],[134,-52.8],[133.9,-52.7],[133.8,-52.7],[133.6,-52.7],[133.5,-52.7],[133.4,-52.8],[133.2,-52.8],[133.1,-52.9],[132.9,-52.9],[132.8,-52.9],[132.7,-52.9],[132.6,-53],[132.5,-53],[132.5,-53.1],[132.4,-53.1],[132.3,-53.2],[132.2,-53.2],[132.1,-53.2],[132.1,-53.3],[132,-53.4],[132,-53.5],[131.9,-53.5],[131.9,-53.6],[131.8,-53.6],[131.7,-53.7],[131.6,-53.7],[131.5,-53.7],[131.3,-53.8],[131.2,-53.8],[131.2,-53.7],[131,-53.7],[131,-53.8],[131.1,-53.8],[131.1,-53.9],[131.2,-53.9],[131.2,-54],[131.3,-54.1],[131.2,-54.1],[131.1,-54.2],[131,-54.2],[130.9,-54.2],[130.8,-54.3],[130.7,-54.3],[130.6,-54.3],[130.4,-54.3],[130.3,-54.3],[130.1,-54.3],[130,-54.3],[129.9,-54.2],[129.8,-54.2],[129.7,-54.2],[129.7,-54.1],[129.6,-54.1],[129.5,-54],[129.4,-53.9],[129.3,-53.8],[129.2,-53.7],[129.2,-53.6],[129.1,-53.6],[129.1,-53.5],[129.2,-53.5],[129.3,-53.5],[129.4,-53.5],[129.4,-53.4],[129.3,-53.4],[129.3,-53.3],[129.3,-53.2],[129.2,-53.2],[129.2,-53.1],[129.2,-53],[129.1,-53],[129.1,-52.9],[129.1,-52.8],[129,-52.8],[129,-52.7],[128.8,-52.6],[128.7,-52.4],[128.6,-52.3],[128.5,-52.3],[128.4,-52.3],[128.3,-52.2],[128.2,-52.2],[128.1,-52.2],[128.1,-52.1],[128.1,-52],[128,-52],[127.9,-52],[128.3,-51],[127.8,-50.1],[127.8,-50],[127.7,-49.9],[127.7,-49.8],[127.6,-49.7],[127.5,-49.7],[127.5,-49.6],[127.4,-49.6],[127.5,-49.6],[127.6,-49.6],[127.6,-49.5],[127.6,-49.4],[127.6,-49.3],[127.6,-49.2],[127.6,-49.1],[127.5,-49.1],[127.5,-49],[127.4,-49],[127.4,-48.9],[127.3,-48.9],[127.2,-48.8],[127.1,-48.8],[127.2,-48.7],[127.3,-48.6],[127.3,-48.5],[127.3,-48.4],[127.4,-48.4],[127.4,-48.3],[127.4,-48.2],[127.3,-48.2],[127.3,-48.1],[127.4,-48.1],[127.4,-48],[127.5,-47.9],[127.6,-47.8],[127.7,-47.8],[127.8,-47.8],[127.9,-47.8],[128,-47.8],[128.1,-47.8],[128.1,-47.7],[128.2,-47.6],[128.2,-47.5],[128.3,-47.5],[128.4,-47.4],[128.5,-47.4],[128.6,-47.4],[128.7,-47.3],[128.8,-47.3],[128.9,-47.2],[128.9,-47.1],[129,-47.1],[129,-47],[129,-46.9],[129,-46.8],[129,-46.7],[129.2,-46.7],[129.1,-46.8]]]]}},{"type":"Feature","properties":{},"geometry":{"type":"MultiPolygon","coordinates":[[[[48.2,-61.5],[52.1,-61.1],[54.7,-61],[59.2,-61.6],[61.3,-62.3],[61.3,-62.4],[60.4,-62.5],[59.3,-62.5],[57.6,-62.1],[55.6,-61.9],[53.5,-61.9],[49.9,-61.4],[49.1,-61.3],[48.2,-61.5]]]]}},{"type":"Feature","properties":{},"geometry":{"type":"MultiPolygon","coordinates":[[[[62.1,-42.7],[62.5,-43.3],[63.3,-46.1],[62.9,-49.7],[62.2,-49.7],[61.6,-47.1],[58.2,-47.5],[55.1,-47.1],[54.2,-46],[52.3,-46.6],[50.9,-48.1],[50.5,-50.4],[47.7,-51],[48.1,-50.8],[48.6,-50.9],[48.4,-50.5],[47.8,-50.6],[47.6,-50.6],[46,-50.5],[46.2,-47.7],[46.3,-47.9],[46.6,-48.3],[47.2,-48.5],[48,-48.5],[47.6,-48.3],[47.2,-47.8],[47.1,-47.2],[47.5,-46.9],[47.8,-46.8],[47.9,-46.6],[47.4,-46.6],[47.8,-46.5],[47.7,-46.3],[47.5,-46.2],[47.5,-46],[47.4,-45.8],[47.5,-45.8],[47.6,-45.7],[47.9,-45.6],[47.9,-45.4],[48.2,-45.4],[48.3,-45.1],[48.6,-44.7],[49.3,-44.1],[54.9,-42.6],[62,-42.5],[62.1,-42.7]]]]}},{"type":"Feature","properties":{},"geometry":{"type":"MultiPolygon","coordinates":[[[[29.1,-61],[29.4,-59.5],[30,-59.2],[29.9,-59.5],[29.5,-60.2],[29.1,-60.9],[29.1,-61]]]]}},{"type":"Feature","properties":{},"geometry":{"type":"MultiPolygon","coordinates":[[[[29.8,-61.1],[29.1,-60.9],[29.5,-60.2],[29.9,-59.5],[30.5,-59.1],[29.8,-60.4],[29.8,-61.1]]]]}},{"type":"Feature","properties":{},"geometry":{"type":"MultiPolygon","coordinates":[[[[40.2,-61.5],[36.3,-61.8],[35.6,-61.8],[34.3,-60.4],[33.2,-59.3],[32.6,-58.3],[33.2,-58.2],[34.4,-58.1],[36.2,-60.6],[40.3,-60.7],[40.2,-61.5]]]]}},{"type":"Feature","properties":{},"geometry":{"type":"MultiPolygon","coordinates":[[[[31.7,-61.6],[30,-61],[29.7,-60.7],[30.4,-59.3],[31.7,-58.8],[32.6,-58.3],[33.2,-59.3],[34.3,-60.4],[35.6,-61.8],[34.1,-62.1],[33.2,-61.7],[31.7,-61.6]]]]}},{"type":"Feature","properties":{},"geometry":{"type":"MultiPolygon","coordinates":[[[[30.4,-63],[29.3,-62.3],[28,-62],[27.5,-62.1],[27.6,-61.9],[27.7,-61.7],[27.3,-61.4],[27.7,-61],[29.7,-61.7],[31.1,-62.3],[31.8,-62.8],[30.9,-62.9],[30.4,-63]]]]}},{"type":"Feature","properties":{},"geometry":{"type":"MultiPolygon","coordinates":[[[[29.2,-63.1],[28.6,-62.7],[27.6,-62.4],[26.1,-62.2],[26.3,-61.9],[25,-61.9],[26.4,-60.9],[27.3,-61.4],[27.7,-61.7],[27.6,-61.9],[27.5,-62.1],[28,-62],[29.3,-62.3],[30.4,-63],[29.3,-63.2],[29.2,-63.1]]]]}},{"type":"Feature","properties":{},"geometry":{"type":"MultiPolygon","coordinates":[[[[38.5,79],[38.5,79.6],[36.5,80],[28.3,80.8],[21.4,80.8],[18.6,80.8],[23.1,81.1],[29,81.6],[40.8,81.1],[44.5,80.3],[46.5,79.7],[48.9,79.3],[50.3,78.9],[50.8,78.3],[51.2,77],[54,74.9],[54.9,74.8],[55.8,73.6],[53.7,72.9],[52.5,73.6],[48.9,74.5],[45.9,76.4],[45.7,76.9],[45.3,77.2],[43.6,77.8],[39.4,78.8],[38.5,79]]]]}},{"type":"Feature","properties":{},"geometry":{"type":"MultiPolygon","coordinates":[[[[24.7,83],[38.4,82.3],[48,80.2],[51.1,78.7],[53.6,77.3],[56.4,76.5],[58.7,75.4],[61.4,74.8],[64.4,73.8],[67.6,72.2],[68.6,71.2],[67.7,71.6],[67.2,72.6],[64.3,73.7],[61.1,74.4],[58.3,75.4],[53.1,76.7],[51.7,77.6],[50.8,78.3],[50.3,78.9],[48.9,79.3],[46.5,79.7],[44.5,80.3],[40.8,81.1],[29,81.6],[24.9,81.9],[25.5,82.2],[26.8,82.7],[25.2,82.5],[23.7,82.7],[22.5,82.9],[24.7,83]]]]}},{"type":"Feature","properties":{},"geometry":{"type":"MultiPolygon","coordinates":[[[[47,74.2],[48,73.9],[48.6,73.4],[48.8,73.6],[51.3,73.3],[54,72.5],[48.8,72.1],[44.3,71.5],[42.1,71],[41.5,70.6],[42.6,70.3],[37.3,70.7],[38.8,72.7],[47,74.2]]]]}},{"type":"Feature","properties":{},"geometry":{"type":"MultiPolygon","coordinates":[[[[47,74.2],[46.6,74.4],[44.4,75.8],[44.6,76.7],[45.1,76.9],[38.5,79],[39.3,78.6],[43.6,77.8],[45.3,77.1],[45.8,76.8],[47.7,74.9],[50.3,74.2],[52.9,73.5],[54.6,72.7],[56.2,72.2],[53.4,72.6],[50.8,73.4],[48.7,73.6],[48.4,73.4],[47.6,73.9],[47,74.2]]]]}},{"type":"Feature","properties":{},"geometry":{"type":"MultiPolygon","coordinates":[[[[54.6,72.7],[54.3,73.9],[54.3,75],[52.1,75.3],[51,77.4],[52.3,77.5],[53.6,76.6],[58.6,75.4],[61.7,74.3],[64.9,73.6],[67.6,72.2],[68,71.4],[66.6,71],[63.7,71.6],[56.3,72.1],[54.6,72.7]]]]}},{"type":"Feature","properties":{},"geometry":{"type":"MultiPolygon","coordinates":[[[[56.3,68.2],[58,68],[60.3,68],[62.7,67.5],[64.4,66.8],[66.5,66.3],[67.3,65.7],[66.5,65.9],[63.4,67],[61.5,67.5],[60,67.6],[55.6,67.7],[51.7,68.1],[49.9,68.5],[45.6,69.3],[43.2,70.1],[50,69.4],[52.7,68.6],[53.5,68.7],[53.8,68.8],[56.3,68.2]]]]}},{"type":"Feature","properties":{},"geometry":{"type":"MultiPolygon","coordinates":[[[[70.9,60.1],[73.2,59.7],[75.1,60.4],[79.1,61.9],[82,63],[82.1,62],[79.8,60.4],[77.2,59.3],[75.7,57.9],[71.8,58.2],[70.6,59.4],[70.9,60.1]]]]}},{"type":"Feature","properties":{},"geometry":{"type":"MultiPolygon","coordinates":[[[[71.1,66.2],[72.6,63.5],[71.9,62.2],[69.8,62.8],[69.6,63.3],[69.1,64.5],[70.3,65.5],[69.2,66.6],[71.1,66.2]]]]}},{"type":"Feature","properties":{},"geometry":{"type":"MultiPolygon","coordinates":[[[[69.2,66.6],[70.3,65.5],[69.1,64.5],[69.6,63.3],[68.6,62.8],[67.4,64],[67.7,65],[67.5,66.5],[67.3,67.3],[69.2,66.6]]]]}},{"type":"Feature","properties":{},"geometry":{"type":"MultiPolygon","coordinates":[[[[72.4,63],[75.3,63.7],[74.7,61.6],[74.2,60.2],[71.8,59.6],[71.4,61],[72,62.4],[72.4,63]]]]}},{"type":"Feature","properties":{},"geometry":{"type":"MultiPolygon","coordinates":[[[[64.6,63.1],[67.2,64.3],[67.7,62.9],[70.3,62.7],[71.9,62],[70.9,60.1],[70.2,58.8],[68.5,59.2],[68.7,60.8],[65,62],[64.6,63.1]]]]}},{"type":"Feature","properties":{},"geometry":{"type":"MultiPolygon","coordinates":[[[[68.7,71],[73.5,70.2],[78.1,67.8],[81.4,64.7],[81.3,63],[77.2,61],[74.3,60.7],[76.1,63.7],[75.7,66],[72.9,68.2],[69.6,70.4],[68.5,71],[68.7,71]]]]}},{"type":"Feature","properties":{},"geometry":{"type":"MultiPolygon","coordinates":[[[[67.1,70.9],[70.9,70],[73.5,67.7],[76.2,65.2],[74.8,63.5],[72.6,63.5],[71.1,66.2],[68.8,69.1],[64.6,71.3],[67.1,70.9]]]]}},{"type":"Feature","properties":{},"geometry":{"type":"MultiPolygon","coordinates":[[[[73.5,72.8],[74.5,70.8],[78,69.4],[80,66.8],[81.9,63.7],[80.3,65.9],[75.5,69.2],[68.6,71.2],[67.6,72.2],[67.5,73],[70.2,72.4],[72.7,73],[73.5,72.8]]]]}},{"type":"Feature","properties":{},"geometry":{"type":"MultiPolygon","coordinates":[[[[141,50.2],[135.3,48.8],[131.1,48.2],[133.3,49.2],[136.3,50.2],[139.6,51],[141.7,51],[141,50.2]]]]}},{"type":"Feature","properties":{},"geometry":{"type":"MultiPolygon","coordinates":[[[[142.3,48.6],[137.5,47.8],[135,47.4],[133,47.2],[129.3,46.7],[125.7,47.1],[127.1,47.6],[131.1,48.2],[135.3,48.8],[141,50.2],[142.3,48.6]]]]}},{"type":"Feature","properties":{},"geometry":{"type":"MultiPolygon","coordinates":[[[[152.8,54.3],[155.3,53.9],[158,52.8],[151.1,52.3],[147.4,50.3],[143.7,48.9],[141.7,49.1],[141.4,51.3],[141.4,52.2],[141.6,52.8],[143.6,53.5],[145.5,54.1],[147,54.5],[149.1,54.4],[150.9,54.7],[152.8,54.3]]]]}},{"type":"Feature","properties":{},"geometry":{"type":"MultiPolygon","coordinates":[[[[66.3,66.3],[63.7,67.2],[64.6,66.9],[66.3,66.3]]]]}},{"type":"Feature","properties":{},"geometry":{"type":"MultiPolygon","coordinates":[[[[66.9,66.9],[66.3,66.6],[65.6,67.3],[66.9,66.9]]]]}},{"type":"Feature","properties":{},"geometry":{"type":"MultiPolygon","coordinates":[[[[51,72],[56.3,71.3],[55,70.2],[59,69],[60.2,68.5],[57.2,68.6],[57.2,68.3],[59.3,68.1],[60.9,67.9],[58.5,68],[56.7,68.1],[50.9,69.6],[49.8,71.5],[51,72]]]]}},{"type":"Feature","properties":{},"geometry":{"type":"MultiPolygon","coordinates":[[[[57.1,71.6],[62.2,69.9],[66.8,67.5],[67.5,66.6],[65.6,67.3],[65.2,67.6],[63.9,68.1],[62.9,68.3],[61.8,68.5],[59.6,68.8],[55.6,69.8],[55.8,71.1],[57.1,71.6]]]]}},{"type":"Feature","properties":{},"geometry":{"type":"MultiPolygon","coordinates":[[[[56.3,72.1],[63.7,71.6],[66.5,70.3],[69.8,67.5],[69.9,66.5],[67.3,67.3],[63.8,69.4],[57.9,71.3],[56.3,72.1]]]]}},{"type":"Feature","properties":{},"geometry":{"type":"MultiPolygon","coordinates":[[[[156.2,48.7],[148.6,47.1],[142.3,46.3],[135.6,45.4],[133.7,46],[135.3,47.2],[138.6,48],[143.1,48.8],[145.9,49],[149.6,49.1],[152,49.4],[153.8,49.9],[155.7,50.9],[157.4,52.4],[158.7,52.9],[161.1,53.1],[162,52.4],[158.1,49.9],[156.2,48.7]]]]}},{"type":"Feature","properties":{},"geometry":{"type":"MultiPolygon","coordinates":[[[[160.4,53],[158.4,52.8],[156.8,51.9],[155.5,50.8],[153.2,49.7],[151.9,49.4],[149.5,49.1],[144.6,49],[145.2,49.2],[149.3,51.7],[153.8,52.6],[160.2,53.1],[160.4,53]]]]}},{"type":"Feature","properties":{},"geometry":{"type":"MultiPolygon","coordinates":[[[[74.9,56.4],[76.9,58.1],[79.4,58.8],[78.8,57.6],[77.5,56.5],[76.5,55.7],[74.5,55.2],[72.4,54.2],[71.4,54.2],[73.9,55.5],[74.9,56.4]]]]}},{"type":"Feature","properties":{},"geometry":{"type":"MultiPolygon","coordinates":[[[[62.4,60],[65,58.9],[65.8,57.1],[67.4,56.3],[67,55.2],[66.6,55],[65.7,54.7],[64.9,54.6],[64.3,54.8],[63.7,55.7],[63.4,56.5],[63.2,57.2],[62.4,58.1],[62.2,58.6],[62.4,59.3],[62.4,60]]]]}},{"type":"Feature","properties":{},"geometry":{"type":"MultiPolygon","coordinates":[[[[66.9,55],[67.9,56.4],[71.6,56.5],[73.2,56.9],[75.1,57.5],[76.3,57.9],[75.2,56.7],[74.4,56.2],[71.7,55.8],[68.8,55.5],[67.4,55],[66.7,54.7],[66.9,55]]]]}},{"type":"Feature","properties":{},"geometry":{"type":"MultiPolygon","coordinates":[[[[51,72],[49.1,70.5],[55.9,68.3],[54.7,68.5],[53.3,68.7],[53.4,68.6],[51.3,69.1],[43,70.2],[41.5,70.5],[41.9,71],[42.9,71.2],[47.8,72],[51,72]]]]}},{"type":"Feature","properties":{},"geometry":{"type":"MultiPolygon","coordinates":[[[[55.3,54.8],[56.5,54.2],[58.8,51.7],[59.2,50.8],[58.2,51],[56.9,51.6],[55,53],[54.7,54],[55.3,54.8]]]]}},{"type":"Feature","properties":{},"geometry":{"type":"MultiPolygon","coordinates":[[[[62.9,53.9],[65.1,54],[66.2,54.3],[66.7,54.7],[68,55.3],[68.9,54.6],[65.4,51.9],[60.7,50.7],[58.9,51.5],[58.8,52.1],[59.1,52.8],[59.2,53.6],[59.7,54.1],[60.2,54.2],[62.1,54.1],[62.9,53.9]]]]}},{"type":"Feature","properties":{},"geometry":{"type":"MultiPolygon","coordinates":[[[[63.4,56.5],[63.5,56.1],[63.9,55.3],[64.6,54.6],[65.2,54.6],[66.4,54.9],[66.9,55.1],[66.6,54.5],[65.5,54.1],[63.8,54],[62.8,54.3],[61.2,56],[60.7,56.3],[62,56.7],[63.4,56.5]]]]}},{"type":"Feature","properties":{},"geometry":{"type":"MultiPolygon","coordinates":[[[[56.7,55.6],[57.4,56.6],[58.9,56.8],[59.3,56.9],[59.6,57],[61.4,57.5],[63.3,57],[62,56.7],[60.7,56.3],[59.5,56.1],[58.5,55.9],[58.1,55.9],[56.7,55.6]]]]}},{"type":"Feature","properties":{},"geometry":{"type":"MultiPolygon","coordinates":[[[[62.1,60.7],[62.4,59.4],[62.2,58.6],[62.3,58.2],[62.7,57.8],[60,57.1],[59.4,56.9],[59,56.9],[58.1,56.8],[58,57.3],[59,58.4],[59.7,58.8],[61.8,60.5],[62.1,60.7]]]]}},{"type":"Feature","properties":{},"geometry":{"type":"MultiPolygon","coordinates":[[[[56.7,55.6],[58.1,55.9],[58.5,55.9],[59.5,56.1],[61.2,56],[62.8,54.3],[61.1,54.2],[59.9,54.2],[59.4,53.8],[59.1,53.5],[59.1,52.4],[58.7,52],[56.3,54.4],[55.5,55],[56.6,55.5],[56.7,55.6]]]]}},{"type":"Feature","properties":{},"geometry":{"type":"MultiPolygon","coordinates":[[[[63.6,62.7],[64.2,63],[65,62],[67.6,61.4],[68.4,59.9],[69.7,58.3],[71.8,58.2],[75.7,57.9],[77.2,59.3],[78.9,59.7],[77.4,58.7],[76.2,57.9],[74.3,57.3],[72.8,56.7],[71.4,56.5],[67.4,56.3],[65.8,57.1],[65,58.9],[62.4,60],[63.3,61.7],[63.6,62.7]]]]}},{"type":"Feature","properties":{},"geometry":{"type":"MultiPolygon","coordinates":[[[[92,-49.7],[93.1,-49.7],[94.5,-49.2],[95.5,-48.9],[96.8,-48.9],[98,-48.9],[100.1,-49.3],[101,-49.3],[104.4,-50.4],[102.8,-50.3],[98.4,-50.2],[91.7,-51],[88,-50.8],[83.1,-51],[81,-51.3],[79.2,-51.2],[76,-51.3],[72.6,-49],[70.9,-48],[71.7,-47.8],[73.2,-48.3],[77.1,-49.9],[78.2,-50.3],[80.3,-50.5],[81.9,-50.6],[83.3,-50.7],[84.5,-50.6],[86.2,-50.3],[87.1,-50.3],[88.3,-50.1],[89.9,-50],[91.4,-49.8],[92,-49.7]]]]}},{"type":"Feature","properties":{},"geometry":{"type":"MultiPolygon","coordinates":[[[[66.1,-44.4],[65.3,-45.1],[66.2,-46.1],[66.2,-49],[65.9,-51.8],[68.7,-54],[75.5,-56.8],[79.9,-58.4],[82.5,-58.9],[84.3,-58.8],[85.3,-61.3],[84.5,-61.2],[84,-60.1],[80.4,-60.3],[76.6,-60],[71.2,-58.3],[67.5,-56.1],[66.2,-54.4],[65.1,-53.1],[63.8,-51.6],[63.6,-49.7],[63.9,-48.1],[64,-43.9],[63.2,-43.7],[62.1,-42.7],[62.7,-42.9],[64.1,-43.2],[64.7,-43.4],[64.4,-43.7],[64.9,-44],[66.1,-44.3],[66.1,-44.4]]]]}},{"type":"Feature","properties":{},"geometry":{"type":"MultiPolygon","coordinates":[[[[98.4,-50.2],[95.8,-51],[94.2,-51.3],[92.9,-51.4],[90.6,-52],[87.6,-52.2],[85.8,-52.3],[83.5,-52.4],[80.9,-52.5],[79,-52.1],[77.2,-51.7],[78.2,-51.4],[80.7,-51.4],[82.5,-51.1],[86.1,-50.9],[90.3,-50.9],[95.4,-50.3],[98.4,-50.2]]]]}},{"type":"Feature","properties":{},"geometry":{"type":"MultiPolygon","coordinates":[[[[76.7,-51.4],[78,-51.9],[79.9,-52.4],[82.5,-52.5],[84.5,-52.5],[86.6,-52.1],[88.4,-52.3],[91.8,-51.7],[93.6,-51.3],[94.9,-51.2],[97.1,-50.8],[97.7,-51.4],[95.3,-51.8],[89.7,-52.9],[81.7,-53.5],[78.6,-53.3],[76.7,-51.4]]]]}},{"type":"Feature","properties":{},"geometry":{"type":"MultiPolygon","coordinates":[[[[58.6,61.3],[59.5,60.7],[57,59.6],[55.2,61.4],[58.6,61.3]]]]}},{"type":"Feature","properties":{},"geometry":{"type":"MultiPolygon","coordinates":[[[[54.5,58.8],[47.2,57.2],[47.3,57.8],[51.2,58.3],[52.9,59],[54.5,58.8]]]]}},{"type":"Feature","properties":{},"geometry":{"type":"MultiPolygon","coordinates":[[[[54.2,61.2],[56,59.4],[52.9,59],[51.2,58.3],[47.3,57.8],[46,56.9],[46.9,58.5],[49.3,59.6],[51,60.7],[54.2,61.2]]]]}},{"type":"Feature","properties":{},"geometry":{"type":"MultiPolygon","coordinates":[[[[66.9,65.6],[67.4,65.6],[67.6,64.8],[65.1,63.3],[63.6,62.8],[60.5,61],[58.7,61.4],[60.8,62.4],[62.3,62.8],[64.5,63.9],[66.3,64.8],[67,65.6],[66.9,65.6]]]]}},{"type":"Feature","properties":{},"geometry":{"type":"MultiPolygon","coordinates":[[[[54.2,61.6],[51,60.7],[49.3,59.6],[46.9,58.5],[45.7,59.5],[50.3,61.1],[54.2,61.6]]]]}},{"type":"Feature","properties":{},"geometry":{"type":"MultiPolygon","coordinates":[[[[17,59.7],[17.7,59.1],[18.5,58.5],[19.2,58.4],[19.3,58],[19.7,58.2],[20.4,58],[21.4,57.5],[22.9,57.1],[24.9,56.6],[25.5,55.5],[26.3,55.1],[27.1,54.4],[27.9,53.7],[28.8,53.7],[29.8,54],[28.6,53.5],[28.1,53.1],[27,52.9],[26.5,52.9],[25.6,54.1],[24.8,54.5],[24.3,54.9],[21.8,56.1],[18.4,57.1],[16.3,57],[15.8,57.2],[16.5,57.5],[15.6,57.8],[14.9,58.1],[14.9,58.3],[14.8,58.7],[15.2,58.9],[14.9,58.8],[15,59.2],[15.5,59.2],[15.5,59.3],[16.6,59.7],[17,59.7]]]]}},{"type":"Feature","properties":{},"geometry":{"type":"MultiPolygon","coordinates":[[[[62.7,67.1],[65.1,66.4],[67,65.6],[66.5,64.9],[64.8,63.9],[62.8,63.2],[60.9,62.4],[58.6,61.7],[57.6,61.2],[52.4,61.5],[46.2,59.9],[46,57.3],[44.1,56.6],[42,56.5],[39.7,56.5],[38.6,56.4],[37.6,55.9],[35.9,55.7],[35.2,55.7],[34.8,55.5],[33.6,55.3],[32.6,55.4],[30.9,56.1],[28.7,58.6],[28.2,60.4],[33.9,62.1],[39.7,64.1],[45,65.3],[54,66.4],[62.3,67.1],[62.7,67.1]]]]}},{"type":"Feature","properties":{},"geometry":{"type":"MultiPolygon","coordinates":[[[[32.3,54.5],[32.2,54.7],[32.7,55.3],[34,55.4],[35.1,55.6],[35.5,55.6],[36.1,55.7],[37.9,56.1],[38.8,56.5],[40,56.4],[42.3,56.4],[44.6,56.7],[47.2,57.2],[54.5,58.8],[57,59.6],[61.5,60.7],[63.6,62.7],[63,61.4],[61.8,60.5],[59.7,58.8],[59,58.4],[58,57.3],[56.9,55.9],[56.4,55.4],[55.3,54.8],[54.7,54],[48.9,52.7],[38.9,51.7],[33.9,51.8],[34.7,52.2],[35.8,52.2],[36.4,52.7],[36.2,52.6],[36,52.2],[34.7,52.4],[33.7,51.3],[30.5,53.1],[31.1,53.7],[30.9,53.8],[31.4,54],[31.8,53.9],[32.4,54.4],[32.3,54.5]]]]}},{"type":"Feature","properties":{},"geometry":{"type":"MultiPolygon","coordinates":[[[[129.2,-71.5],[128.9,-72.4],[129,-72.7],[122.7,-79.1],[89.8,-82.9],[35,-81],[9.6,-75.1],[23.2,-74.3],[35.7,-76],[45.1,-76.4],[52.1,-76],[63,-76.8],[85.8,-75.7],[107.6,-71.9],[112.5,-70.5],[113.4,-69.9],[116.3,-70],[118.4,-70.3],[118.8,-70.4],[119.8,-70.4],[121.1,-70.5],[123.1,-70.8],[124.5,-71.2],[125.9,-71.2],[127.6,-71.6],[129.2,-71.5]]]]}},{"type":"Feature","properties":{},"geometry":{"type":"MultiPolygon","coordinates":[[[[7.3,-65.2],[7.8,-66.3],[9.8,-67],[13.4,-67.5],[16.4,-68.2],[7.7,-69.2],[6.6,-69.6],[5.8,-71.2],[1.9,-72.6],[-4.4,-71.5],[-2.1,-67.4],[5.2,-64.8],[6.4,-64.8],[7.3,-65.2]]]]}},{"type":"Feature","properties":{},"geometry":{"type":"MultiPolygon","coordinates":[[[[25,-68.8],[24.2,-70.2],[24.1,-70.4],[26.9,-74.2],[13.4,-74.7],[1.1,-75.2],[-5.8,-73.6],[-5.1,-73.2],[-4.4,-72.3],[-1.6,-71.9],[4.8,-71.6],[6.5,-69.7],[7.4,-69.3],[15.4,-68.9],[25,-68.8]]]]}},{"type":"Feature","properties":{},"geometry":{"type":"MultiPolygon","coordinates":[[[[128.9,-72.4],[129.2,-71.5],[129.5,-71.7],[130.2,-71.9],[129.6,-72.1],[128.9,-72.4]]]]}},{"type":"Feature","properties":{},"geometry":{"type":"MultiPolygon","coordinates":[[[[180,-89.7],[-169.6,-89.7],[-16.9,-87.6],[128,-85.7],[129.6,-79],[129,-72.7],[129.7,-72.5],[131.1,-72.5],[131.7,-72.5],[131.9,-72.8],[132.2,-73.1],[133.7,-73.4],[134.7,-73.4],[136,-73.5],[137.5,-73.4],[137.7,-73.9],[139.9,-74],[140.9,-73.7],[142.3,-73.8],[141.8,-74],[142.7,-74.3],[143.4,-74.2],[145.7,-74.7],[146.2,-74.5],[147.8,-74.8],[148.4,-75.3],[150.1,-76],[150.1,-76.4],[151.1,-76.3],[152.7,-76.1],[154.1,-76.2],[155.9,-76.1],[157.8,-76.3],[159.2,-76.6],[158.9,-76.9],[162.6,-77.2],[162.4,-77.5],[161.7,-78.1],[160.6,-78.2],[160.8,-78.2],[160.5,-78.8],[159.8,-78.8],[157.6,-78.8],[156.9,-78.7],[158.1,-79],[157.2,-79.1],[156.4,-79.2],[155.8,-79.3],[155.2,-79.5],[154.7,-78.9],[154,-79],[153,-79.5],[154.2,-80.2],[151.6,-80.2],[150.4,-80.2],[149.8,-80.5],[147.6,-80.7],[147.2,-80.8],[149.3,-81.3],[148.3,-81.6],[147.9,-81.8],[148.5,-82.2],[147.4,-82.4],[148,-83.2],[149.7,-83.4],[149.3,-83.9],[151.1,-84],[151.4,-84.1],[144.3,-84.4],[143.1,-83.9],[141.9,-84.3],[139.4,-84.5],[136.9,-84.8],[135.6,-85.2],[132.4,-85.4],[135.8,-85.8],[133.5,-85.9],[135.2,-86.1],[131.6,-86.4],[129.3,-86.6],[129.7,-86.8],[132.1,-87.2],[119.5,-87.6],[131.9,-87.7],[130.7,-88.4],[133.7,-88.7],[125.3,-88.6],[134.4,-88.9],[134.8,-89.2],[151.7,-89.5],[180,-89.7]]]]}},{"type":"Feature","properties":{},"geometry":{"type":"MultiPolygon","coordinates":[[[[154.8,-82.8],[158.8,-83.2],[154.3,-83.3],[154.1,-83],[154.8,-82.8]]]]}},{"type":"Feature","properties":{},"geometry":{"type":"MultiPolygon","coordinates":[[[[-4.4,-71.5],[-4.6,-72.7],[-5.8,-73.6],[-6.8,-73.7],[-6.6,-69.9],[-4.4,-71.5]]]]}},{"type":"Feature","properties":{},"geometry":{"type":"MultiPolygon","coordinates":[[[[-7,-69.9],[-19.6,-74.6],[-21.5,-71.3],[-21.6,-70.3],[-20.5,-70.2],[-19.8,-70.1],[-20.1,-70],[-20.2,-69.9],[-19.8,-69.6],[-19.5,-69.2],[-18.5,-69.8],[-7,-69.9]]]]}},{"type":"Feature","properties":{},"geometry":{"type":"MultiPolygon","coordinates":[[[[-22.2,-70.4],[-21.6,-74.3],[-27.3,-73.7],[-31.4,-73.1],[-30.6,-72.5],[-29.8,-72.1],[-28.7,-71.8],[-27.7,-71.4],[-26.7,-71.1],[-25.9,-71],[-25.8,-70.9],[-25.1,-70.7],[-23.8,-70.5],[-22.9,-70.4],[-22.2,-70.4]]]]}},{"type":"Feature","properties":{},"geometry":{"type":"MultiPolygon","coordinates":[[[[111.6,-70.6],[92.2,-75],[63.6,-76.7],[71.1,-72.8],[73.3,-67.6],[73.8,-66.7],[74.9,-66.9],[76.5,-67.1],[78.2,-67],[79.5,-67.3],[79.6,-67.6],[80.5,-67.4],[81.7,-67.3],[82.5,-67],[85,-67.2],[86.6,-67.6],[89,-68.2],[89.6,-68.5],[91.6,-68.5],[91.9,-68.2],[95.9,-68.6],[97.1,-68.9],[94.5,-69.6],[96.4,-69.5],[98.3,-69.4],[99.3,-69.6],[100.8,-69.8],[100.1,-69.9],[104.2,-69.8],[106.6,-69.9],[108.6,-69.6],[109.2,-69.7],[109.4,-70],[109.4,-70.5],[110.7,-70.6],[111.6,-70.6]]]]}},{"type":"Feature","properties":{},"geometry":{"type":"MultiPolygon","coordinates":[[[[112.1,-70.6],[112.5,-70.3],[112.7,-70.4],[112.1,-70.6]]]]}},{"type":"Feature","properties":{},"geometry":{"type":"MultiPolygon","coordinates":[[[[-10.4,-84.3],[24.7,-85.3],[89.8,-82.9],[122.7,-79.1],[139,-81.9],[83.5,-88.1],[-10.4,-84.3]]]]}},{"type":"Feature","properties":{},"geometry":{"type":"MultiPolygon","coordinates":[[[[-9.4,-82.8],[-25.3,-87.9],[-36.8,-86.6],[-41.3,-85],[-40.3,-83.4],[-37.8,-81.9],[-34.5,-80.3],[-33.7,-79.1],[-27.7,-79],[-9.4,-82.8]]]]}},{"type":"Feature","properties":{},"geometry":{"type":"MultiPolygon","coordinates":[[[[9.6,-75.1],[35,-81],[61.9,-84.6],[-8.2,-84],[-7.8,-77.3],[-5.8,-73.6],[3.2,-75.1],[9.6,-75.1]]]]}},{"type":"Feature","properties":{},"geometry":{"type":"MultiPolygon","coordinates":[[[[-9.4,-82.8],[-29.7,-77.7],[-21.9,-74.4],[-24.9,-74.3],[-13.3,-74.3],[-8.1,-79.2],[-9.4,-82.8]]]]}},{"type":"Feature","properties":{},"geometry":{"type":"MultiPolygon","coordinates":[[[[22.5,-65],[22.6,-65.1],[22.7,-65.1],[22.8,-65.1],[23.4,-65.2],[24,-65.3],[24,-65.5],[24.3,-65.5],[25.4,-64.8],[20.5,-68.6],[16.6,-67.7],[18.2,-65.4],[19.8,-64.5],[19.9,-64.3],[20.2,-64.2],[20.2,-64],[21.1,-64],[20.8,-64.5],[21.6,-64.9],[22.3,-65.1],[22.5,-65]]]]}},{"type":"Feature","properties":{},"geometry":{"type":"MultiPolygon","coordinates":[[[[46.3,-70],[45.6,-70.8],[47.1,-70.1],[47.5,-71.6],[43.7,-71.3],[40.5,-70.2],[46.3,-70]]]]}},{"type":"Feature","properties":{},"geometry":{"type":"MultiPolygon","coordinates":[[[[48.2,-70.6],[63.5,-72.3],[67.2,-75.2],[60.2,-76.5],[47.1,-76],[44.6,-76.5],[32,-75.5],[25,-72.4],[24.2,-70.2],[35.9,-69.3],[40.3,-70.8],[44.7,-71.4],[47.9,-71.2],[48.2,-70.6]]]]}},{"type":"Feature","properties":{},"geometry":{"type":"MultiPolygon","coordinates":[[[[46.3,-70],[30.3,-69.1],[26.7,-64.6],[28.2,-64],[29.8,-63.9],[30.3,-63.7],[31.4,-63.7],[31.5,-63.6],[32.1,-63.4],[32.4,-63.7],[32.4,-63.9],[32.9,-64.2],[34,-63.6],[34,-63.4],[33.6,-63.2],[34.7,-63.4],[35.3,-63.5],[35.2,-63.3],[35.3,-62.8],[37.2,-62.5],[40.3,-62.9],[41.3,-63.4],[40.3,-63.4],[40.6,-63.6],[40.3,-63.7],[39.7,-63.9],[40.5,-63.9],[41.4,-63.9],[42,-64.1],[42.1,-64.3],[42.8,-64.6],[44.3,-64.7],[47.4,-65.1],[51.1,-65.7],[51.7,-66.4],[50.7,-66.7],[50.8,-67.1],[49.9,-67.1],[50.1,-67.5],[49.3,-67.7],[48.4,-67.6],[48.4,-67.9],[49,-68.2],[48.9,-68.7],[47.6,-69.1],[46.7,-69.6],[46.3,-70]]]]}},{"type":"Feature","properties":{},"geometry":{"type":"MultiPolygon","coordinates":[[[[72.4,-66.5],[72.3,-71.5],[59.5,-71.8],[47.4,-70.2],[48.3,-70.2],[49.7,-69.8],[50.3,-69.5],[51,-69.2],[51.7,-68.7],[52.7,-68.2],[53.9,-68],[54.9,-68.1],[55.4,-68.1],[56.4,-67.8],[57.1,-67.8],[58.3,-67.6],[59,-67.3],[63.2,-66.8],[64.5,-66.8],[66.1,-66.4],[69.1,-66.4],[70.6,-66.6],[72.4,-66.5]]]]}},{"type":"Feature","properties":{},"geometry":{"type":"MultiPolygon","coordinates":[[[[-22.2,-70.4],[-22.9,-70.4],[-23.8,-70.5],[-25.1,-70.7],[-25.8,-70.9],[-25.9,-71],[-26.7,-71.1],[-27.7,-71.4],[-28.7,-71.8],[-29.8,-72.1],[-30.6,-72.5],[-31.4,-73.1],[-31.8,-73.3],[-30.9,-72.7],[-29.4,-71.9],[-28.1,-71.2],[-24.4,-70.3],[-21.9,-70.1],[-20.7,-69.9],[-20,-69.2],[-19.5,-68.7],[-19.6,-69.4],[-20.1,-69.8],[-20.2,-69.9],[-19.8,-70.1],[-20.2,-70.2],[-21.3,-70.2],[-21.9,-70.4],[-22.2,-70.4]]]]}},{"type":"Feature","properties":{},"geometry":{"type":"MultiPolygon","coordinates":[[[[-88.9,-89.5],[-85.2,-89.2],[-79.4,-88.4],[-73.1,-87.7],[-67.3,-87.3],[-70.7,-85.9],[-70.8,-82.4],[-50.5,-82.1],[-50.4,-80.8],[-56.3,-81.1],[-61.9,-80.3],[-58.2,-79.5],[-58.1,-77.8],[-57.4,-77.2],[-55.9,-77.6],[-55.1,-77.7],[-51.9,-78.5],[-49.8,-77.7],[-47.1,-78.1],[-46.2,-78.4],[-42.7,-78.8],[-40.4,-79.5],[-40.6,-79.1],[-39.4,-78],[-38.9,-77.6],[-35.7,-77.1],[-34.6,-77.6],[-33.6,-78],[-33.7,-79.3],[-35.4,-80.7],[-38.1,-82.2],[-41.3,-83.8],[-41,-85.3],[-34.5,-87],[-88.9,-89.5]]]]}},{"type":"Feature","properties":{},"geometry":{"type":"MultiPolygon","coordinates":[[[[-35.2,-75.2],[-38.7,-76],[-41.9,-76.2],[-41.1,-75.7],[-41,-73.5],[-37.1,-73.4],[-36.7,-74],[-35.7,-75.1],[-35.2,-75.2]]]]}},{"type":"Feature","properties":{},"geometry":{"type":"MultiPolygon","coordinates":[[[[-22,-68.8],[-23.3,-68.6],[-22.2,-68.1],[-22,-68.8]]]]}},{"type":"Feature","properties":{},"geometry":{"type":"MultiPolygon","coordinates":[[[[-27,-74.5],[-27.1,-74.6],[-27.7,-74.4],[-27,-74.5]]]]}},{"type":"Feature","properties":{},"geometry":{"type":"MultiPolygon","coordinates":[[[[-27.5,-73.7],[-30.3,-73.8],[-28.5,-73.7],[-27.5,-73.7]]]]}},{"type":"Feature","properties":{},"geometry":{"type":"MultiPolygon","coordinates":[[[[-24.2,-74],[-26.7,-73.9],[-27.2,-73.7],[-24.2,-74]]]]}},{"type":"Feature","properties":{},"geometry":{"type":"MultiPolygon","coordinates":[[[[-29.7,-77.7],[-33.8,-77.6],[-33.2,-76.9],[-32.8,-76.6],[-31.2,-76],[-29.8,-75.7],[-28.3,-75.3],[-26.5,-75.1],[-26.9,-75],[-25.6,-74.7],[-29.7,-77.7]]]]}},{"type":"Feature","properties":{},"geometry":{"type":"MultiPolygon","coordinates":[[[[-26.7,-74.6],[-27,-74.5],[-26.6,-74.6],[-26.7,-74.6]]]]}},{"type":"Feature","properties":{},"geometry":{"type":"MultiPolygon","coordinates":[[[[85.1,54.5],[87.8,55.6],[91.7,56.8],[94.5,57.9],[96.9,58.7],[102.4,58.9],[100.3,57.4],[94.3,55.5],[88.6,53.6],[83.4,52.1],[85.1,54.5]]]]}},{"type":"Feature","properties":{},"geometry":{"type":"MultiPolygon","coordinates":[[[[85.1,54.5],[87.8,55.6],[91.7,56.8],[94.5,57.9],[96.9,58.7],[102.4,58.9],[100.3,57.4],[94.3,55.5],[88.6,53.6],[83.4,52.1],[85.1,54.5]]]]}}]}