{"type":"FeatureCollection","features":[{"type":"Feature","properties":{},"geometry":{"type":"MultiPolygon","coordinates":[[[[90.8,33.1],[89.2,31.8],[87.9,31.5],[86.5,30.6],[85.6,29.1],[85.6,24],[82.7,23.9],[80.6,24.3],[82,25.7],[82.7,29.2],[85.5,31.3],[86.7,32.4],[87.4,33],[90.8,33.1]]]]}},{"type":"Feature","properties":{},"geometry":{"type":"MultiPolygon","coordinates":[[[[98.5,32.2],[98,31.6],[96.7,32.8],[95.5,32.2],[94.4,31.4],[92.6,30.9],[91.7,30.4],[91.5,30.3],[91.6,30.4],[92,30.9],[92.9,32],[96.6,33.4],[98.5,32.2]]]]}},{"type":"Feature","properties":{},"geometry":{"type":"MultiPolygon","coordinates":[[[[91.9,30],[91.4,29.6],[91.6,30],[92,30.3],[91.9,30]]]]}},{"type":"Feature","properties":{},"geometry":{"type":"MultiPolygon","coordinates":[[[[91.9,28.4],[89.5,26.2],[89.9,27.5],[90.4,28.1],[90.7,28.5],[91.3,28.7],[91.7,28.5],[91.9,28.4]]]]}},{"type":"Feature","properties":{},"geometry":{"type":"MultiPolygon","coordinates":[[[[99.2,33.7],[98.9,33.4],[98.8,32.9],[97.3,33.1],[94,32.1],[92.2,31.6],[91.9,32],[91.1,31.7],[90.7,31.3],[89.9,30.6],[89.5,30],[88.6,29.9],[88.2,29.3],[89.2,28.8],[89.5,28.8],[89.5,28.1],[89.8,26.8],[89.5,26.1],[89.1,23.7],[88.8,22.5],[88.3,22.1],[87.1,22.4],[86.2,22.5],[85.6,25.5],[85.8,29.4],[86.9,31],[88.3,31.6],[89.5,32.1],[91,33.2],[93.2,33.7],[94.7,34],[96.6,34.4],[97.5,34.3],[98.7,33.9],[99.2,33.7]]]]}},{"type":"Feature","properties":{},"geometry":{"type":"MultiPolygon","coordinates":[[[[58.5,32.4],[58.4,35.4],[58.4,37.9],[58.9,39.2],[61,39.2],[63,36.2],[63.6,33.3],[63.9,32.2],[65.2,29.3],[66.2,27.1],[65.6,27.8],[63.4,29.3],[62.4,26.8],[61.6,25.4],[61.1,23.5],[60.5,25.2],[60,26.3],[59.2,28.5],[58.5,30.5],[58.5,32.4]]]]}},{"type":"Feature","properties":{},"geometry":{"type":"MultiPolygon","coordinates":[[[[85.8,31.6],[82.9,30.3],[79.2,29.2],[76.9,27.2],[74.9,27.9],[79.3,30.8],[82.8,31.6],[85.8,31.6]]]]}},{"type":"Feature","properties":{},"geometry":{"type":"MultiPolygon","coordinates":[[[[63.5,38.8],[65,35.9],[64.1,34.4],[63.6,33.3],[63,36.2],[61,39.2],[63.5,38.8]]]]}},{"type":"Feature","properties":{},"geometry":{"type":"MultiPolygon","coordinates":[[[[5.4,4.5],[5.9,4.7],[6,5],[6.9,5.6],[7.5,6.2],[7,6],[6.3,5.7],[5.9,5.6],[6.1,5.5],[5.7,5.2],[5.4,5.6],[5.2,5.8],[4.9,6],[4.5,5.7],[2.6,6.5],[1.1,6.8],[0.5,10.1],[0.1,13.3],[0.7,14.6],[1.8,12.6],[2,11.8],[1.8,9.3],[1.4,7.6],[2.4,7.2],[4.1,6.5],[5.5,6.3],[7.3,6.6],[8.1,7],[9.8,7.9],[12.6,7.1],[14.3,7.2],[14.5,6.9],[14.9,6.8],[15,6.3],[15.1,6.2],[14.7,6],[14.5,5.4],[14.1,5],[14.2,4.3],[13.6,4.2],[12.7,4.2],[12.1,4.5],[11.2,4.6],[10.2,5],[9.2,4.4],[8.3,4.2],[7.7,4.2],[7.5,4.1],[7.2,3.9],[7.1,4.2],[6.6,4],[5.9,4.2],[5.4,4.5]]]]}},{"type":"Feature","properties":{},"geometry":{"type":"MultiPolygon","coordinates":[[[[4.5,6.4],[4.4,8.6],[4,10.5],[2.5,11.1],[1.9,12.2],[4.7,10.6],[5.1,9.9],[5.5,9.6],[6,8.7],[6.4,7.8],[6.1,6.6],[4.5,6.4]]]]}},{"type":"Feature","properties":{},"geometry":{"type":"MultiPolygon","coordinates":[[[[-3.9,22.1],[-1.8,22.8],[-1.6,22.6],[0.2,22.1],[0.8,22.2],[1.5,21.7],[2.1,17.7],[0.5,15.7],[-1.1,18.2],[-2.2,20.2],[-2.3,20.3],[-3.1,21.4],[-3.9,22.1]]]]}},{"type":"Feature","properties":{},"geometry":{"type":"MultiPolygon","coordinates":[[[[1.9,12.2],[1.4,13.2],[0.6,14.7],[1.5,15.1],[3.3,16.5],[4.1,18.1],[4.7,18.7],[5.1,18],[5.7,15.6],[7.4,11.7],[7.5,9.5],[7.6,8.9],[7.7,7.6],[7.3,6.6],[6.3,7.8],[5.7,9.1],[5.5,9.6],[5.1,10.1],[4.1,11.1],[1.9,12.2]]]]}},{"type":"Feature","properties":{},"geometry":{"type":"MultiPolygon","coordinates":[[[[-1.3,15.1],[1.9,16.9],[4.3,19.3],[5,19.4],[5.4,19.4],[4.9,18.9],[4.1,18.1],[3.9,17.4],[2.5,15.7],[0.8,14.7],[-0.6,14.8],[-1.3,15.1]]]]}},{"type":"Feature","properties":{},"geometry":{"type":"MultiPolygon","coordinates":[[[[117.3,-64.5],[119.3,-65.5],[122.3,-65.5],[126.9,-70.4],[117.1,-70.1],[112.1,-68.2],[112.9,-66.4],[116,-65.1],[117.3,-64.5]]]]}},{"type":"Feature","properties":{},"geometry":{"type":"MultiPolygon","coordinates":[[[[124.8,-66.4],[130.6,-67.1],[139.1,-67.2],[146.5,-67.9],[150.4,-68.1],[155.1,-68.1],[161,-67.8],[160.2,-68.9],[159.4,-69.6],[158.7,-70.1],[156.2,-71.2],[152.9,-71.4],[149.3,-71],[145.8,-70],[141.7,-68.3],[136.7,-68.9],[131.7,-69.5],[124.8,-66.4]]]]}},{"type":"Feature","properties":{},"geometry":{"type":"MultiPolygon","coordinates":[[[[66.5,-55.8],[74.6,-58.1],[68.2,-57.8],[66.2,-57.5],[65.9,-56.3],[66.5,-55.8]]]]}},{"type":"Feature","properties":{},"geometry":{"type":"MultiPolygon","coordinates":[[[[75.5,-58],[66.5,-55.8],[66.4,-55.1],[70.2,-54.8],[71.7,-54.6],[75.6,-57.7],[75.5,-58]]]]}},{"type":"Feature","properties":{},"geometry":{"type":"MultiPolygon","coordinates":[[[[63.9,-55.5],[65.9,-56.3],[66.2,-57.5],[68.2,-57.8],[74.6,-58.1],[77.9,-59.6],[75.4,-61],[72.4,-61.7],[63.2,-60.4],[60.9,-58.4],[64,-55.9],[63.9,-55.5]]]]}},{"type":"Feature","properties":{},"geometry":{"type":"MultiPolygon","coordinates":[[[[63.2,-60.4],[62.5,-63.4],[57,-65.4],[53.4,-68.1],[48.1,-72.2],[42,-74.2],[31.5,-74.9],[35.5,-74],[47.5,-70.4],[52.6,-66.6],[61.5,-62.2],[63.2,-60.4]]]]}},{"type":"Feature","properties":{},"geometry":{"type":"MultiPolygon","coordinates":[[[[18.8,-63.6],[12.6,-60.4],[13.8,-57.8],[19.8,-56.5],[23.6,-57.6],[24.4,-59.6],[23.7,-61.8],[24.4,-63.4],[21.3,-64.6],[18.8,-63.6]]]]}},{"type":"Feature","properties":{},"geometry":{"type":"MultiPolygon","coordinates":[[[[15.9,-62],[21.7,-64.8],[30.5,-67.4],[32.7,-69.7],[31.6,-69.9],[29.8,-69.9],[32.3,-70.3],[32.7,-70.4],[34,-72.3],[27.4,-73.2],[15.7,-68.4],[16.7,-67.9],[15.8,-66.5],[12.9,-64.9],[13.7,-64.9],[13.6,-64.4],[13.4,-63.6],[12.2,-63.3],[12.4,-62.7],[11.9,-62.1],[11,-61],[13.1,-60.8],[15.9,-62]]]]}},{"type":"Feature","properties":{},"geometry":{"type":"MultiPolygon","coordinates":[[[[4,-60.6],[3.4,-62.2],[3.2,-63.2],[2.3,-65.4],[0.8,-66.5],[1,-64.7],[1.8,-63.6],[2.5,-62.3],[2.8,-61.3],[4,-59.8],[4,-60.6]]]]}},{"type":"Feature","properties":{},"geometry":{"type":"MultiPolygon","coordinates":[[[[9.8,-52.4],[10.6,-56.5],[10.8,-60.4],[10.1,-60.8],[9.6,-60.7],[7.9,-60.6],[6.8,-60.3],[4.6,-60.1],[3.7,-60.6],[2.1,-61.1],[1.5,-60.6],[0.2,-61.3],[0.1,-62.3],[-0.8,-61.8],[-1.3,-62],[-2,-61.6],[-2.2,-62],[-3.9,-61.1],[-6.5,-57.3],[-6.8,-53.5],[-0.1,-52.2],[4.5,-50.5],[5.1,-50.3],[9.8,-52.4]]]]}},{"type":"Feature","properties":{},"geometry":{"type":"MultiPolygon","coordinates":[[[[54.5,-84.3],[74.9,-85],[77.6,-85],[81.8,-84.9],[114.5,-86.4],[147.4,-83.2],[161.7,-80.2],[170.2,-82.6],[173.2,-85.6],[64.6,-89.1],[15,-86.8],[20.6,-84.8],[43.1,-84.1],[54.5,-84.3]]]]}},{"type":"Feature","properties":{},"geometry":{"type":"MultiPolygon","coordinates":[[[[-52.8,-78.5],[-73.3,-80.3],[-73.9,-75.6],[-76.3,-71.3],[-80.5,-69],[-81.6,-67.5],[-74.6,-68.4],[-77.1,-65.2],[-83.2,-62.7],[-81.1,-60.5],[-77.8,-61.3],[-73.4,-62.2],[-69.7,-63],[-69.9,-63.1],[-70,-63.3],[-69.1,-63.7],[-68.6,-64.3],[-68.2,-66],[-69.4,-66.4],[-68.1,-66.2],[-67.7,-66.4],[-67.8,-67.2],[-67,-67.5],[-64.7,-68.5],[-64.6,-68.3],[-62.9,-68.9],[-62.5,-68.9],[-60.1,-69.4],[-59.9,-69.5],[-57.5,-70.7],[-57.3,-71],[-56.8,-71.1],[-56.7,-71.3],[-55.9,-71.7],[-55.8,-72.1],[-55.8,-72.9],[-55.8,-73.7],[-56.4,-74.2],[-54.2,-74.9],[-54.8,-75.4],[-56.7,-75.6],[-59.9,-75.9],[-62,-76],[-66.9,-76.5],[-70.7,-76.3],[-64.7,-76.9],[-62.6,-77],[-63.5,-77.5],[-63.1,-78],[-61.2,-78.1],[-60,-78.3],[-57.9,-78.3],[-60.3,-78.7],[-60.4,-78.9],[-57.7,-78.5],[-54.3,-78.4],[-52.9,-78.5],[-52.8,-78.5]]]]}},{"type":"Feature","properties":{},"geometry":{"type":"MultiPolygon","coordinates":[[[[-51.3,-78],[-52.9,-78.2],[-51.4,-77.9],[-51.3,-78]]]]}},{"type":"Feature","properties":{},"geometry":{"type":"MultiPolygon","coordinates":[[[[-56.3,-76.8],[-53.4,-77.1],[-52.7,-77.7],[-54.5,-78.1],[-55.5,-78.1],[-55.6,-78.1],[-56.7,-78.3],[-57.8,-78.1],[-58.5,-78],[-60,-78.1],[-63.5,-77.7],[-62,-77.2],[-61.9,-76.8],[-61,-76.8],[-60.6,-76.6],[-60.4,-76.4],[-58.8,-76.4],[-56.3,-76.8]]]]}},{"type":"Feature","properties":{},"geometry":{"type":"MultiPolygon","coordinates":[[[[-62.9,-76.4],[-67.7,-76.7],[-65.7,-76.5],[-63.8,-76.3],[-62.9,-76.4]]]]}},{"type":"Feature","properties":{},"geometry":{"type":"MultiPolygon","coordinates":[[[[-44.1,-78.5],[-44,-78.5],[-35.3,-80.8],[-35.6,-81],[-36.3,-81.2],[-34.1,-80.9],[-21.8,-80.5],[-18.9,-80.5],[-18,-80.4],[-10.9,-81],[-17.2,-84.4],[-103.8,-85.6],[-132.2,-83.8],[-152.2,-79.6],[-160.9,-75.4],[-163.4,-69.2],[-157.1,-70.9],[-148.3,-69.4],[-152,-65.6],[-141.6,-66.1],[-135.5,-68.5],[-142.2,-71.2],[-147.2,-75.3],[-137.9,-76.1],[-132,-79.2],[-129.5,-82.8],[-114,-83.6],[-91,-82.9],[-73,-82.3],[-52.8,-78.5],[-51.3,-78],[-50.4,-77.9],[-49.5,-78],[-48.6,-78],[-48.1,-78],[-47.7,-77.9],[-46.9,-78.1],[-46.7,-78.2],[-45.7,-78.3],[-45,-78.4],[-44.2,-78.4],[-44.1,-78.5]]]]}},{"type":"Feature","properties":{},"geometry":{"type":"MultiPolygon","coordinates":[[[[52.2,-83.4],[54.5,-83.6],[69.9,-84.7],[68.2,-84.9],[51.9,-83.4],[52.2,-83.4]]]]}},{"type":"Feature","properties":{},"geometry":{"type":"MultiPolygon","coordinates":[[[[180,-80.4],[170.3,-81.1],[154.4,-81.1],[139.5,-85.1],[97.5,-85.4],[80.8,-84.9],[90.1,-84.6],[97.7,-83.8],[111.5,-82.8],[117.3,-82.5],[125.4,-81.4],[128.6,-80.9],[134,-80.2],[140.2,-79.3],[142.9,-79.1],[145.6,-79.4],[148,-79],[151.4,-79.1],[152.3,-79.1],[153.4,-78.8],[152.5,-78.8],[155.1,-78.5],[156.5,-78.2],[160.1,-77.9],[162.1,-77.6],[165.6,-76.3],[166.5,-76.2],[167.1,-76.2],[166.9,-76],[166.4,-75.9],[166.7,-75.2],[166.2,-74.8],[165.4,-74.3],[165.1,-74],[164.4,-73],[164.8,-73.1],[180,-72.1],[180,-78.5],[175.6,-79.9],[180,-80.4]]]]}},{"type":"Feature","properties":{},"geometry":{"type":"MultiPolygon","coordinates":[[[[-180,-78.5],[-180,-72.1],[-166.5,-69.9],[-158,-77.2],[-157,-78.5],[-162.1,-77.2],[-164.8,-75],[-167,-72.9],[-168.6,-71],[-172.5,-72],[-173.2,-74.8],[-176,-77],[-180,-78.5]]]]}},{"type":"Feature","properties":{},"geometry":{"type":"MultiPolygon","coordinates":[[[[-180,-81.4],[-172.4,-80.2],[-160.5,-80.6],[-152.2,-79.6],[-132.2,-83.8],[-143.2,-82.9],[-154.2,-81.8],[-174.7,-81.3],[-180,-81.4]]]]}},{"type":"Feature","properties":{},"geometry":{"type":"MultiPolygon","coordinates":[[[[-133.8,-67.7],[-148.5,-64.1],[-143.3,-63.3],[-138.3,-63.7],[-135.1,-62.9],[-133,-61.7],[-130.2,-59.5],[-129.2,-59.2],[-127.8,-58.6],[-127,-58.3],[-124.3,-57.9],[-122.7,-57.3],[-120.4,-56.3],[-119,-55.9],[-118.8,-55.8],[-117.5,-55.4],[-115.1,-54],[-113.9,-52.9],[-113.3,-52.8],[-112.4,-52.5],[-109.9,-52.9],[-109.4,-53.2],[-108.1,-53.2],[-107.1,-53.3],[-104.4,-53.9],[-104.4,-54.6],[-111,-56],[-113.9,-58.8],[-119.8,-60.5],[-122.7,-61.7],[-125.1,-64.1],[-129.6,-67.1],[-133.8,-67.7]]]]}},{"type":"Feature","properties":{},"geometry":{"type":"MultiPolygon","coordinates":[[[[180,-57.5],[175.1,-58.5],[175.1,-58.3],[178.7,-56.7],[179.4,-57.1],[180,-57.5]]]]}},{"type":"Feature","properties":{},"geometry":{"type":"MultiPolygon","coordinates":[[[[-180,-56.8],[-174.5,-54.1],[-171.6,-52.9],[-171.7,-53.4],[-171.1,-53.6],[-170.2,-54.2],[-169.6,-54.8],[-167.9,-55.6],[-166.5,-56.3],[-165.5,-56.9],[-164.6,-57],[-164.8,-57.8],[-171,-57.4],[-177.7,-56.6],[-180,-56.8]]]]}},{"type":"Feature","properties":{},"geometry":{"type":"MultiPolygon","coordinates":[[[[-148.5,-64.1],[-154.7,-64],[-165.3,-61],[-159,-61.9],[-164,-59.4],[-160.5,-58.3],[-159.9,-58.7],[-159.3,-59],[-157.5,-59.6],[-155.9,-60.2],[-154.6,-60.7],[-153.6,-61.1],[-152,-61.7],[-148.2,-62.3],[-147.3,-62.4],[-145.9,-62.9],[-148.5,-64.1]]]]}},{"type":"Feature","properties":{},"geometry":{"type":"MultiPolygon","coordinates":[[[[180,-68.3],[171.5,-72.8],[164.4,-73],[165.8,-72.4],[167.1,-69.9],[168.8,-68.9],[168.2,-69.3],[167.8,-69.5],[167.8,-70.1],[167.4,-70.8],[168.2,-70.7],[169.2,-70.7],[168.6,-70.6],[169,-70.2],[169,-69.7],[169.5,-69.4],[169.4,-69],[169.4,-68.7],[169.1,-68.7],[169.2,-67.3],[170,-66],[171.5,-65],[172.7,-68.3],[176.8,-68.3],[178.3,-68.2],[180,-68.3]]]]}},{"type":"Feature","properties":{},"geometry":{"type":"MultiPolygon","coordinates":[[[[-180,-72.1],[-177.5,-68.2],[-176.5,-67.5],[-168.9,-66.3],[-173,-62.7],[-175.5,-60.4],[-169.8,-63.4],[-160.7,-68.5],[-169.9,-70.5],[-180,-72.1]]]]}},{"type":"Feature","properties":{},"geometry":{"type":"MultiPolygon","coordinates":[[[[180,-62.5],[179.3,-67.4],[172.9,-65.6],[173.1,-65],[174.2,-64.7],[175.8,-64.6],[178.6,-64.5],[179.4,-65],[178.9,-64.5],[178.7,-64.3],[178.4,-64.1],[175.8,-64],[174.4,-63.2],[173.1,-63.2],[180,-62.5]]]]}},{"type":"Feature","properties":{},"geometry":{"type":"MultiPolygon","coordinates":[[[[-180,-67.4],[-179.9,-62.5],[-170.8,-63.8],[-169.9,-66.7],[-180,-67.4]]]]}},{"type":"Feature","properties":{},"geometry":{"type":"MultiPolygon","coordinates":[[[[-92.6,-6.9],[-94,-7.6],[-95.6,-8.3],[-96.2,-8.9],[-96.5,-9.1],[-97,-9],[-97.8,-8.5],[-97.5,-7.5],[-98.2,-6.4],[-99.2,-5.4],[-99.4,-5],[-98.6,-4.1],[-97.1,-3.8],[-95.9,-3.7],[-95.2,-3.9],[-94.1,-4.2],[-93.5,-4.5],[-92.3,-5],[-92.3,-5.6],[-92.6,-6.6],[-92.6,-6.9]]]]}},{"type":"Feature","properties":{},"geometry":{"type":"MultiPolygon","coordinates":[[[[-84.9,-12.8],[-87.2,-11.7],[-87.9,-10.7],[-88.4,-9.6],[-86.3,-10.6],[-85.9,-11.4],[-86,-11.7],[-84.9,-12.8]]]]}},{"type":"Feature","properties":{},"geometry":{"type":"MultiPolygon","coordinates":[[[[-71.3,3.5],[-70.5,3.3],[-70.4,3.3],[-70.2,3.1],[-69.8,3.2],[-70,3.3],[-68.6,4.2],[-67.5,4.3],[-66.7,4.3],[-66.6,4.2],[-66.9,4.2],[-67,4.2],[-67.4,4.1],[-67.6,4],[-67.8,4.1],[-67.8,4],[-67.7,3.8],[-67.8,3.8],[-68.3,3.7],[-67.9,3.6],[-68.1,3.3],[-68.3,3.1],[-68.5,2.8],[-69.1,2.5],[-69.5,3.2],[-69.7,2.7],[-69.3,2.5],[-69.3,2.2],[-69.2,1.8],[-70.1,1.7],[-70.1,2.2],[-70.2,2.1],[-70.5,2.3],[-70.7,2.6],[-71,2.7],[-71,2.8],[-71.3,2.8],[-71.4,3],[-71.3,3.2],[-71.3,3.5]]]]}},{"type":"Feature","properties":{},"geometry":{"type":"MultiPolygon","coordinates":[[[[-72.5,3.8],[-71.7,3.3],[-71.7,3],[-72.1,3.4],[-72.1,3.1],[-72.3,2.9],[-71.9,2.9],[-71.9,2.6],[-72.1,2.4],[-71.8,2.2],[-71.7,1.9],[-71.3,1.8],[-71,1.8],[-70.4,1.5],[-70.2,1.1],[-70.6,0.7],[-70.6,0.5],[-71.2,0.4],[-71.4,0.7],[-71.5,0.8],[-71.9,1.2],[-72.2,1.1],[-72.3,1.3],[-72.6,1.5],[-72.5,1.9],[-73,2],[-73,2.1],[-73.1,2.2],[-73,2.6],[-72.6,2.9],[-72.4,3.7],[-72.5,3.8]]]]}},{"type":"Feature","properties":{},"geometry":{"type":"MultiPolygon","coordinates":[[[[-74.1,4.3],[-73.4,4.1],[-73.6,3.9],[-73.8,3.9],[-73.8,3.8],[-73.9,3.7],[-74.3,3.8],[-74.5,4],[-74.3,4.3],[-74.1,4.3]]]]}},{"type":"Feature","properties":{},"geometry":{"type":"MultiPolygon","coordinates":[[[[-73,3.4],[-73.8,2.8],[-73.8,3.1],[-73.9,3.3],[-73.4,3.4],[-73.2,3.5],[-73,3.4]]]]}},{"type":"Feature","properties":{},"geometry":{"type":"MultiPolygon","coordinates":[[[[-97.1,-0.1],[-96.6,1.1],[-96.1,1.4],[-94.7,1.2],[-94.3,1.1],[-92.8,0.6],[-95.6,0.5],[-97.1,-0.1]]]]}},{"type":"Feature","properties":{},"geometry":{"type":"MultiPolygon","coordinates":[[[[-97.6,-12],[-100.5,-14.1],[-102.7,-15.1],[-104.5,-14.8],[-105.8,-13.2],[-107.4,-11.5],[-108.5,-10.5],[-110.4,-8.8],[-109.8,-7.1],[-107.7,-8.2],[-106.2,-8.7],[-104.3,-9.8],[-104,-9.4],[-103.8,-8.7],[-103.1,-8.4],[-101.7,-8.5],[-101.2,-8.2],[-100.1,-8.8],[-97.8,-9.5],[-96.4,-9.6],[-96.4,-9.9],[-96.8,-10.9],[-97.6,-12]]]]}},{"type":"Feature","properties":{},"geometry":{"type":"MultiPolygon","coordinates":[[[[-82.4,-26.5],[-82.7,-26.1],[-83.4,-26.4],[-83.7,-26.5],[-84.6,-26.7],[-85.1,-27.1],[-85.8,-27.5],[-86.1,-27.6],[-86.4,-27.8],[-88.2,-27.2],[-87.3,-27.9],[-88.8,-28.9],[-90,-29.6],[-93.7,-30.6],[-98,-31.5],[-101.4,-32.1],[-103.4,-31.5],[-103.9,-29.2],[-104.9,-25.6],[-106.9,-25.6],[-109.4,-27],[-110.5,-27],[-110.2,-25.3],[-110.6,-24.3],[-111.1,-23.4],[-112,-22.8],[-112.4,-22.6],[-112.6,-22.3],[-112.8,-22.4],[-113.3,-22.7],[-114,-22.5],[-114.6,-22.6],[-113.9,-21.7],[-113.2,-20.1],[-113.2,-19.2],[-110.9,-20.5],[-110.4,-21.4],[-107.8,-21.8],[-106.4,-23],[-104.1,-24.9],[-101.2,-25.8],[-98.4,-25.5],[-94.3,-26.2],[-90.6,-26],[-89.8,-26.5],[-88.5,-24.9],[-88.3,-25.4],[-88.3,-25.6],[-88,-26.2],[-87.7,-26.1],[-87.5,-25.9],[-87.4,-25.5],[-87.5,-25.2],[-86.8,-25.1],[-86.8,-25.4],[-86.5,-25],[-85.9,-24.9],[-85.2,-25.1],[-85.1,-25.2],[-84.9,-25.2],[-84.1,-24.9],[-83.4,-25.1],[-83.2,-25.3],[-82.9,-25.8],[-82.7,-25.7],[-82.2,-26],[-82.4,-26.5]]]]}},{"type":"Feature","properties":{},"geometry":{"type":"MultiPolygon","coordinates":[[[[-90.9,-23.5],[-91.6,-24.8],[-93.4,-26.1],[-96.8,-25.9],[-100.9,-25.7],[-102.9,-25.4],[-105.2,-23.4],[-104.8,-21.7],[-102.6,-21.4],[-100.7,-21.3],[-99.8,-21.2],[-98.5,-21.6],[-96.5,-21.7],[-92.7,-22.6],[-92.2,-22.7],[-93.1,-23.3],[-94.4,-24.5],[-93.9,-25.3],[-92.8,-24.5],[-92.4,-24],[-91.6,-23.4],[-91.2,-23.5],[-91,-23.5],[-90.9,-23.5]]]]}},{"type":"Feature","properties":{},"geometry":{"type":"MultiPolygon","coordinates":[[[[-102.9,-21.4],[-107.8,-21.8],[-110.4,-21.4],[-110.9,-20.5],[-113.2,-19.2],[-113.1,-18.4],[-113.8,-16.8],[-113.9,-15.8],[-113.5,-14.6],[-112.7,-14.8],[-111.1,-15.9],[-109.5,-16.8],[-109.5,-17.7],[-105.6,-20],[-103.2,-20.8],[-102.5,-21.3],[-102.9,-21.4]]]]}},{"type":"Feature","properties":{},"geometry":{"type":"MultiPolygon","coordinates":[[[[-71.8,-9.7],[-71.6,-10.4],[-71.8,-10.3],[-72.1,-10.3],[-71.9,-10.5],[-72.1,-10.7],[-71.9,-10.8],[-71.8,-10.8],[-71.8,-10.9],[-72.3,-11.3],[-74.5,-11],[-74.8,-10.8],[-74.5,-10.4],[-74.7,-10.4],[-74.9,-10.5],[-75,-10.5],[-74.9,-10.4],[-74.8,-10.2],[-75,-10.1],[-75,-10.3],[-75.2,-10.3],[-75.5,-10.1],[-75.9,-10],[-76,-10],[-76.3,-9.8],[-76.3,-9.7],[-76.3,-9.3],[-75.7,-9.1],[-75.6,-8.8],[-75.1,-9.4],[-74.7,-9.5],[-74.1,-9.5],[-73.1,-8.9],[-72.8,-8.4],[-71.8,-9.7]]]]}},{"type":"Feature","properties":{},"geometry":{"type":"MultiPolygon","coordinates":[[[[-73.6,-7.5],[-74.4,-7.4],[-73.8,-7.2],[-73.6,-7.5]]]]}},{"type":"Feature","properties":{},"geometry":{"type":"MultiPolygon","coordinates":[[[[-70.3,-11.2],[-70.3,-11.5],[-70.4,-11.6],[-70.4,-11.8],[-70.5,-11.9],[-70.6,-12],[-70.6,-11.9],[-70.8,-11.7],[-70.9,-11.6],[-71,-11.6],[-71,-11.4],[-70.8,-11.2],[-71.1,-11.1],[-71,-10.9],[-70.3,-11.2]]]]}},{"type":"Feature","properties":{},"geometry":{"type":"MultiPolygon","coordinates":[[[[-69.9,-11.3],[-70,-11.5],[-70.1,-11.3],[-69.9,-11.3]]]]}},{"type":"Feature","properties":{},"geometry":{"type":"MultiPolygon","coordinates":[[[[-72.2,-13.9],[-72.1,-13.7],[-72.3,-13.6],[-72.2,-13.4],[-71.9,-11],[-72,-11.3],[-71.9,-11.4],[-71.8,-11.4],[-71.7,-11.6],[-71.9,-11.8],[-71.8,-11.7],[-71.7,-11.8],[-71.5,-11.7],[-71.5,-11.8],[-71.5,-12.1],[-71.4,-12.1],[-71.7,-12.2],[-71.6,-12.5],[-71.6,-12.7],[-71.6,-12.8],[-71.6,-13.2],[-71.7,-13.3],[-71.8,-12.7],[-71.8,-13.1],[-71.8,-13.4],[-71.8,-13.5],[-71.8,-13.7],[-72.2,-13.9]]]]}},{"type":"Feature","properties":{},"geometry":{"type":"MultiPolygon","coordinates":[[[[-71.4,-11.9],[-71.4,-12],[-71.5,-12.1],[-71.4,-11.9]]]]}},{"type":"Feature","properties":{},"geometry":{"type":"MultiPolygon","coordinates":[[[[-51.6,-15.1],[-51.3,-15.5],[-51.1,-15.9],[-50.9,-16],[-50.6,-15.9],[-50.6,-16.2],[-50.6,-16.6],[-50.8,-16.9],[-50.5,-17.1],[-50.4,-17.2],[-50.9,-17.5],[-51.4,-17.3],[-51.8,-16.6],[-51.9,-15.9],[-51.8,-15.3],[-51.6,-15],[-51.6,-15.1]]]]}},{"type":"Feature","properties":{},"geometry":{"type":"MultiPolygon","coordinates":[[[[-48.6,-15.2],[-48.8,-15.8],[-49.2,-15.7],[-48.6,-15.2]]]]}},{"type":"Feature","properties":{},"geometry":{"type":"MultiPolygon","coordinates":[[[[-49.8,-15.6],[-49.6,-15.6],[-49.3,-15.9],[-49.4,-16.2],[-49.1,-16.5],[-49,-16.8],[-49.4,-16.6],[-49.4,-16.5],[-49.9,-16.5],[-50.2,-16.4],[-50,-16],[-49.8,-16.2],[-49.7,-16.1],[-49.9,-15.9],[-49.8,-15.6]]]]}},{"type":"Feature","properties":{},"geometry":{"type":"MultiPolygon","coordinates":[[[[-50.1,-16.7],[-50.1,-17.2],[-50.5,-17],[-50.4,-16.9],[-50.2,-16.8],[-50.1,-16.8],[-50.1,-16.7]]]]}},{"type":"Feature","properties":{},"geometry":{"type":"MultiPolygon","coordinates":[[[[-49.1,-17],[-49.5,-17.1],[-49.2,-16.9],[-49.1,-17]]]]}},{"type":"Feature","properties":{},"geometry":{"type":"MultiPolygon","coordinates":[[[[-48.3,-16.2],[-47.9,-16.4],[-48,-16.5],[-48.2,-16.5],[-48.3,-16.4],[-48.2,-16.3],[-48.4,-16.4],[-48.3,-16.2]]]]}},{"type":"Feature","properties":{},"geometry":{"type":"MultiPolygon","coordinates":[[[[124.2,-64.3],[127.9,-64.9],[130.1,-65.2],[138,-65.9],[143.9,-66.7],[148.9,-67.6],[153.8,-67.5],[157.3,-67.6],[156.9,-66.3],[155.9,-64.5],[156.3,-63.9],[160.3,-66.3],[161.1,-67.4],[159.3,-68.1],[153.7,-68],[149.5,-68],[144.9,-67.7],[137.5,-67.1],[128.1,-67.1],[124.5,-66.2],[124.2,-64.3]]]]}},{"type":"Feature","properties":{},"geometry":{"type":"MultiPolygon","coordinates":[[[[114.8,-59.1],[119.8,-60],[120.6,-59.6],[121,-59.9],[120.9,-60.7],[121.7,-61.6],[122.4,-63.2],[122.8,-63.7],[124.2,-65.9],[122,-65.3],[119.9,-63.9],[116.1,-62.5],[112.3,-60.1],[114.3,-59.4],[115.3,-59.1],[114.8,-59.1]]]]}},{"type":"Feature","properties":{},"geometry":{"type":"MultiPolygon","coordinates":[[[[41.1,-47.7],[43.1,-47.9],[43.7,-48.2],[44.6,-48.5],[49.5,-49],[49.7,-49.5],[51.9,-49.5],[52.6,-49.6],[52.6,-51.3],[50.3,-50.9],[46.8,-51.1],[40.3,-48.1],[41.1,-47.7]]]]}},{"type":"Feature","properties":{},"geometry":{"type":"MultiPolygon","coordinates":[[[[51.3,-46.6],[54.7,-47],[55.7,-47.3],[55.9,-49.1],[55.6,-49.9],[55.6,-49.8],[54.9,-49.4],[54.5,-49.3],[52.3,-49.2],[51.7,-49.1],[51.3,-48.2],[49.8,-48.1],[51,-47],[51.3,-46.6]]]]}},{"type":"Feature","properties":{},"geometry":{"type":"MultiPolygon","coordinates":[[[[32.2,-43.2],[32,-43.4],[31.2,-43.3],[32.2,-43.2]]]]}},{"type":"Feature","properties":{},"geometry":{"type":"MultiPolygon","coordinates":[[[[39.3,-46.8],[39,-46.6],[38.5,-46.2],[39.2,-46.8],[39.3,-46.8]]]]}},{"type":"Feature","properties":{},"geometry":{"type":"MultiPolygon","coordinates":[[[[39.8,-45.5],[39.1,-46],[39.2,-45.8],[39.5,-45.6],[39.8,-45.5]]]]}},{"type":"Feature","properties":{},"geometry":{"type":"MultiPolygon","coordinates":[[[[39.4,-46.9],[40,-47.1],[41,-47.7],[37.5,-49.4],[33.7,-51.6],[27.1,-53.5],[21.4,-53.3],[15.1,-55],[11.5,-58.4],[10.5,-54.2],[11.3,-52.2],[12,-52.2],[12.5,-52.4],[12.6,-52.4],[15.8,-52.4],[18.4,-52.6],[20.8,-53.2],[25.1,-52.9],[24.4,-51.4],[25.6,-50.1],[27.7,-49.6],[28.3,-49.9],[30.9,-49.7],[33.4,-48.8],[34.2,-48.7],[36.2,-47.4],[36.4,-47.1],[36.6,-47.1],[36.9,-46.7],[37.5,-46.5],[38.1,-46.5],[38.4,-46.4],[38.3,-46.2],[38.9,-46.6],[39.1,-46.7],[39.4,-46.9]]]]}},{"type":"Feature","properties":{},"geometry":{"type":"MultiPolygon","coordinates":[[[[36.3,-41.6],[36.2,-42.8],[35.8,-43.3],[35,-43.3],[35.8,-42.4],[36.3,-41.6]]]]}},{"type":"Feature","properties":{},"geometry":{"type":"MultiPolygon","coordinates":[[[[21.2,-45.3],[21.4,-45.6],[21.1,-45.6],[21.2,-45.3]]]]}},{"type":"Feature","properties":{},"geometry":{"type":"MultiPolygon","coordinates":[[[[49.2,-52],[49.4,-53.4],[48.4,-54],[48.7,-54.8],[48.4,-56.1],[47.1,-53.7],[41.8,-49.3],[44,-49.7],[49.2,-52]]]]}},{"type":"Feature","properties":{},"geometry":{"type":"MultiPolygon","coordinates":[[[[67,-49.3],[67.7,-49],[69.1,-48.7],[70.4,-48.4],[70.6,-48.7],[70.8,-49.4],[71.1,-48.8],[73.4,-50.4],[73.2,-50.9],[73.6,-52.4],[72.2,-52.2],[71,-51.9],[69.7,-51.7],[68.8,-51.7],[67.5,-51.2],[66.1,-50.7],[67,-49.3]]]]}},{"type":"Feature","properties":{},"geometry":{"type":"MultiPolygon","coordinates":[[[[67,-49.3],[64.2,-50.5],[64,-50.2],[64.7,-50],[65,-49.9],[67,-49.3]]]]}},{"type":"Feature","properties":{},"geometry":{"type":"MultiPolygon","coordinates":[[[[63.7,-50],[63.6,-49.8],[63.4,-50.1],[63.3,-50],[63.7,-50]]]]}},{"type":"Feature","properties":{},"geometry":{"type":"MultiPolygon","coordinates":[[[[-3.9,-61.1],[-5.2,-63.7],[-5.6,-65.6],[-9.1,-68.2],[-9.3,-70],[-12.4,-69.3],[-18.4,-69.9],[-20.3,-70],[-24.9,-71.3],[-30.7,-70.6],[-27.2,-69.4],[-27,-67.5],[-30.4,-64],[-35.7,-64.9],[-35.3,-63],[-35.5,-60.6],[-28.6,-60.1],[-18.7,-60.7],[-12.2,-59.9],[-10,-59.3],[-11.2,-58.1],[-19.2,-57.4],[-22.7,-56],[-17.5,-56],[-13,-56.2],[-7.9,-55.4],[-5.1,-60],[-3.9,-61.1]]]]}},{"type":"Feature","properties":{},"geometry":{"type":"MultiPolygon","coordinates":[[[[-9,-70.6],[-5.3,-71.4],[-3.3,-73.5],[-6.4,-75.4],[-15.1,-79.1],[-15.8,-79.1],[-14.5,-78.5],[-14.8,-78.3],[-13.9,-77.9],[-14.3,-77.8],[-13.8,-77.6],[-14.1,-77.4],[-14.1,-77.3],[-14.4,-77.6],[-15,-77.8],[-15.6,-77.7],[-15.6,-77.5],[-17.1,-77.3],[-17.7,-76.9],[-18,-77],[-18.3,-76.5],[-18.9,-76.6],[-19.7,-76.5],[-19.2,-76.8],[-17.9,-77.2],[-17.7,-77.5],[-17.5,-77.6],[-16.7,-77.7],[-15.9,-77.9],[-16.6,-78],[-15.5,-78.2],[-16.1,-78.2],[-15.7,-78.6],[-16.2,-78.7],[-16.1,-78.9],[-17.3,-79.1],[-18.6,-78.7],[-19.5,-78.8],[-17.6,-79.4],[-18.5,-79.6],[-31.3,-79.9],[-37.4,-78.5],[-38.4,-78.3],[-46.5,-77.1],[-52.3,-76.4],[-50.5,-75.8],[-40.8,-74.4],[-41.1,-71.2],[-47.9,-69.1],[-36.7,-65.2],[-32.3,-63.8],[-26.1,-66.4],[-27.6,-69.1],[-30.5,-70.4],[-27.2,-71.2],[-21,-70.1],[-18.9,-70],[-14,-69.3],[-9,-70.6]]]]}},{"type":"Feature","properties":{},"geometry":{"type":"MultiPolygon","coordinates":[[[[180,-60.2],[176,-63.2],[171.8,-62.4],[172.2,-61.2],[177.5,-59.6],[180,-60.2]]]]}},{"type":"Feature","properties":{},"geometry":{"type":"MultiPolygon","coordinates":[[[[-83.2,-62.7],[-85.6,-65.9],[-85.8,-69.2],[-92.2,-71.1],[-98,-75.5],[-99.6,-79.7],[-112.7,-80.1],[-113.3,-78.4],[-111,-75.4],[-108.3,-71.4],[-105.5,-73.3],[-103.9,-72.5],[-103.6,-71.6],[-106.2,-70.2],[-97.7,-64.8],[-93,-62],[-90.9,-60.8],[-87.9,-60.6],[-84.2,-60.3],[-82.9,-62.3],[-83.2,-62.7]]]]}},{"type":"Feature","properties":{},"geometry":{"type":"MultiPolygon","coordinates":[[[[36.2,-80.2],[27.5,-83.5],[-0.7,-85.3],[9.5,-83.4],[26.8,-80.8],[29.3,-79.7],[31,-79.8],[33.2,-80],[36.2,-80.2]]]]}},{"type":"Feature","properties":{},"geometry":{"type":"MultiPolygon","coordinates":[[[[-113,-11.1],[-115.1,-11.2],[-114.8,-9.4],[-114.5,-8.8],[-113.6,-9.4],[-113,-10.8],[-113,-11.1]]]]}},{"type":"Feature","properties":{},"geometry":{"type":"MultiPolygon","coordinates":[[[[-113.4,-14.2],[-114.6,-13.6],[-115.2,-14.2],[-115.8,-13.4],[-115.3,-12.1],[-113,-11.2],[-113.4,-12.1],[-113.5,-13.4],[-113.4,-14.2]]]]}},{"type":"Feature","properties":{},"geometry":{"type":"MultiPolygon","coordinates":[[[[-95,-3.3],[-96.1,-2.3],[-93.6,0],[-91.3,0.2],[-89.5,-0.5],[-88.7,-0.9],[-89.1,-1],[-91,-0.8],[-92.9,-1.4],[-94.9,-3.1],[-95,-3.3]]]]}},{"type":"Feature","properties":{},"geometry":{"type":"MultiPolygon","coordinates":[[[[-91.5,-22.2],[-92.7,-22.6],[-95.7,-22],[-97.9,-21.9],[-97.3,-21.4],[-96.1,-21],[-95.7,-20.5],[-94.1,-19.9],[-93.6,-20.2],[-92.4,-21],[-91.7,-22],[-91.5,-22.2]]]]}},{"type":"Feature","properties":{},"geometry":{"type":"MultiPolygon","coordinates":[[[[-101.7,-21.1],[-104.9,-20.1],[-107.8,-18.8],[-109.8,-17.1],[-110,-16.3],[-111.8,-15.5],[-113.4,-14.2],[-113.5,-13.4],[-113.4,-12.1],[-113,-11.2],[-109.8,-9.3],[-108.3,-10.7],[-107.3,-11.1],[-105.4,-13.7],[-103.7,-15],[-102.9,-15.4],[-101.2,-16.1],[-100,-17.6],[-99.7,-18.5],[-99.4,-19.2],[-97.6,-19.7],[-96.8,-20.8],[-99.7,-20.7],[-100.7,-20.7],[-101.7,-21.1]]]]}},{"type":"Feature","properties":{},"geometry":{"type":"MultiPolygon","coordinates":[[[[-160.7,-68.5],[-152,-65.6],[-148.3,-69.4],[-157.1,-70.9],[-160.7,-68.5]]]]}},{"type":"Feature","properties":{},"geometry":{"type":"MultiPolygon","coordinates":[[[[-160.7,-68.5],[-169.8,-63.4],[-173.2,-59.9],[-166,-63.2],[-154.7,-66.6],[-160.7,-68.5]]]]}},{"type":"Feature","properties":{},"geometry":{"type":"MultiPolygon","coordinates":[[[[-70.3,-9.7],[-71.4,-9.3],[-72.7,-7.9],[-72.7,-7.6],[-72.8,-7.1],[-72.9,-6.9],[-72.9,-6.6],[-72.9,-6.4],[-73.1,-6.4],[-73.2,-6.2],[-73.1,-5.8],[-72.9,-5.6],[-73.2,-5.4],[-73.1,-5.2],[-73.2,-5.2],[-73.2,-4.6],[-73.1,-4.4],[-73.1,-4.3],[-73.2,-4.2],[-73.4,-4.3],[-73.7,-4.7],[-73.9,-4.5],[-74.2,-4.3],[-74.4,-4.2],[-74.5,-4.1],[-75,-3.5],[-75.2,-3.3],[-75.1,-2.8],[-75.3,-2.8],[-75.4,-2.8],[-75.7,-2.5],[-75.5,-1.8],[-75,-2.3],[-74.4,-2.5],[-74.4,-2.6],[-74.1,-2.5],[-74.1,-2.2],[-74,-1.8],[-73.6,-2],[-73.5,-1.9],[-73.4,-1.7],[-73.2,-1.2],[-73.1,-1.1],[-73,-1],[-72.8,-1],[-72.5,-1.1],[-72.2,-1.1],[-72,-1.9],[-72.4,-2.4],[-72.8,-2.7],[-72.6,-2.8],[-72.4,-2.9],[-72.4,-2.8],[-72.1,-2.9],[-72.2,-3],[-72.2,-3.3],[-72.1,-3],[-71.9,-3.2],[-71.9,-2.9],[-71.4,-3],[-71.1,-3.4],[-71.5,-3.6],[-71.4,-3.7],[-71.5,-4],[-71.6,-4.2],[-71.7,-4.5],[-71.2,-4.2],[-71.1,-4.3],[-71.3,-4.5],[-71.2,-4.6],[-70.8,-4.5],[-70.9,-5.1],[-71.3,-5.4],[-70.7,-5.3],[-70.7,-5.6],[-71.2,-5.7],[-70.9,-5.7],[-70.4,-5.7],[-70.7,-5.9],[-70.3,-5.7],[-70.3,-6.3],[-70.8,-6.4],[-70.7,-6.3],[-70.8,-6.5],[-70.6,-6.6],[-70.3,-6.4],[-70.1,-7],[-70.8,-6.9],[-70.4,-7.1],[-70.5,-7.5],[-70.8,-7.1],[-70.9,-7.3],[-70.7,-7.3],[-70.7,-7.6],[-70.9,-7.6],[-71.2,-7.5],[-71,-7.8],[-70.9,-8.1],[-70.7,-8.1],[-70.6,-8.2],[-70.9,-8.2],[-70.7,-8.2],[-70.7,-8.3],[-70.7,-8.7],[-70.4,-8.7],[-70.6,-8.9],[-70.4,-8.8],[-70.2,-8.9],[-70,-9],[-70.1,-9.1],[-70,-9.2],[-69.9,-9.4],[-69.9,-9.7],[-70.3,-9.7]]]]}},{"type":"Feature","properties":{},"geometry":{"type":"MultiPolygon","coordinates":[[[[-73.1,-0.8],[-74.1,-1.7],[-74.2,-2.5],[-74.4,-2.5],[-74.9,-2.3],[-75.3,-1.5],[-74.8,-0.9],[-74.4,-0.5],[-74.2,-0.5],[-73.7,-0.3],[-72.6,-0.6],[-73.1,-0.8]]]]}},{"type":"Feature","properties":{},"geometry":{"type":"MultiPolygon","coordinates":[[[[-71.5,-1.6],[-71.1,-2.4],[-71.1,-2.8],[-72,-2.5],[-71.9,-1.9],[-71.8,-1.6],[-71.5,-1.6]]]]}},{"type":"Feature","properties":{},"geometry":{"type":"MultiPolygon","coordinates":[[[[-73.6,-7.5],[-73.9,-7.1],[-73.3,-7],[-73.6,-7.5]]]]}},{"type":"Feature","properties":{},"geometry":{"type":"MultiPolygon","coordinates":[[[[-73.1,-7.2],[-72.9,-7.6],[-73.3,-7.2],[-73.1,-7.2]]]]}},{"type":"Feature","properties":{},"geometry":{"type":"MultiPolygon","coordinates":[[[[-74.1,-5.7],[-74.1,-5.5],[-73.7,-5.5],[-74.1,-5.7]]]]}},{"type":"Feature","properties":{},"geometry":{"type":"MultiPolygon","coordinates":[[[[-73.7,-4.8],[-74,-4.9],[-74,-4.8],[-74.1,-4.6],[-73.7,-4.8]]]]}},{"type":"Feature","properties":{},"geometry":{"type":"MultiPolygon","coordinates":[[[[-8.1,-54.8],[-14.9,-56.6],[-19.4,-56.1],[-18.5,-54.3],[-11.2,-53.2],[-8.1,-54.8]]]]}},{"type":"Feature","properties":{},"geometry":{"type":"MultiPolygon","coordinates":[[[[-74.6,-5],[-75.9,-4.6],[-75.7,-4.6],[-75.8,-4.3],[-75.7,-4.2],[-75.6,-4],[-75.4,-3.8],[-75,-4.2],[-74.8,-4.5],[-74.8,-4.7],[-74.7,-4.9],[-74.6,-5]]]]}},{"type":"Feature","properties":{},"geometry":{"type":"MultiPolygon","coordinates":[[[[-72.3,-13.4],[-72.3,-13.3],[-72.4,-13.4],[-72.6,-13],[-72.7,-13.1],[-72.8,-12.9],[-72.8,-12.5],[-73,-12.4],[-73,-12.3],[-72.3,-13.4]]]]}},{"type":"Feature","properties":{},"geometry":{"type":"MultiPolygon","coordinates":[[[[-72.9,-14.4],[-72.8,-13.8],[-72.8,-14],[-72.7,-14.1],[-72.8,-14.3],[-72.9,-14.4]]]]}},{"type":"Feature","properties":{},"geometry":{"type":"MultiPolygon","coordinates":[[[[-72.3,-14.9],[-72.6,-15],[-72.3,-14.8],[-72.3,-14.9]]]]}},{"type":"Feature","properties":{},"geometry":{"type":"MultiPolygon","coordinates":[[[[96.1,-56.6],[96.6,-56.7],[96.8,-56.7],[96.7,-57.5],[94.4,-58.2],[86,-59.4],[82.4,-58.4],[81.2,-58.4],[77.7,-56.6],[79,-55.4],[79.7,-54.6],[78.1,-54.6],[77.4,-54.4],[76.3,-54.4],[76.4,-55.3],[77.1,-55.8],[73.8,-55.1],[73.2,-53.2],[72.8,-51.9],[72.8,-51.4],[76.7,-52.7],[85.5,-54.8],[96.1,-56.6]]]]}},{"type":"Feature","properties":{},"geometry":{"type":"MultiPolygon","coordinates":[[[[74.4,-54.5],[76.9,-55.6],[77.2,-56.7],[75.7,-57.9],[73.3,-55.4],[70.7,-54.6],[68,-55.1],[66.6,-55.6],[64,-54.2],[74.4,-54.5]]]]}},{"type":"Feature","properties":{},"geometry":{"type":"MultiPolygon","coordinates":[[[[58.7,-44.8],[61.8,-45.4],[64,-45.4],[65.6,-47.1],[67.3,-47.7],[68.8,-48.2],[66.3,-47.9],[65.7,-48],[65.8,-47.8],[63.7,-47.3],[63.2,-47.4],[60.2,-47.7],[59.6,-47.6],[58.6,-47.5],[57.4,-47.8],[56.7,-47.1],[57,-45],[58.7,-44.8]]]]}},{"type":"Feature","properties":{},"geometry":{"type":"MultiPolygon","coordinates":[[[[62.9,-48],[63.6,-47.8],[63.4,-47.9],[62.9,-48]]]]}},{"type":"Feature","properties":{},"geometry":{"type":"MultiPolygon","coordinates":[[[[93.5,-65.9],[94.7,-65.8],[95.9,-66.2],[93.5,-65.9]]]]}},{"type":"Feature","properties":{},"geometry":{"type":"MultiPolygon","coordinates":[[[[103.9,-60.8],[103.4,-62.7],[99.2,-65.1],[97,-65.3],[95.3,-65.3],[93.4,-64.6],[91.3,-63.7],[91.7,-63.6],[97.2,-64.6],[101.6,-63.4],[104.2,-61.9],[103.9,-60.8]]]]}},{"type":"Feature","properties":{},"geometry":{"type":"MultiPolygon","coordinates":[[[[57,-44.6],[56.2,-45.2],[55.7,-46.5],[58.9,-46.8],[60.8,-47.4],[58.9,-47.4],[55.6,-47],[54.1,-46.6],[53,-45.9],[54,-44.7],[55,-44.4],[56.2,-44.4],[57,-44.6]]]]}},{"type":"Feature","properties":{},"geometry":{"type":"MultiPolygon","coordinates":[[[[73.8,-45],[79.2,-46.4],[82.9,-46.9],[87.5,-51.8],[90.3,-53.7],[91.5,-54.4],[91.5,-54.5],[91.7,-54.8],[91.9,-54.8],[92,-54.9],[92.4,-55.1],[93.1,-55.5],[93.7,-55.8],[95,-56.1],[95.9,-56.4],[96.1,-56.6],[88.1,-55.3],[78.2,-53.3],[72.9,-51.1],[72.9,-49.7],[73,-48.8],[73.1,-47.3],[73.6,-45.4],[73.8,-45]]]]}},{"type":"Feature","properties":{},"geometry":{"type":"MultiPolygon","coordinates":[[[[73.5,-49.3],[73.3,-50.5],[72.7,-51.3],[72.8,-49.5],[73.5,-49.3]]]]}},{"type":"Feature","properties":{},"geometry":{"type":"MultiPolygon","coordinates":[[[[-69.9,-11.3],[-70.9,-10.9],[-70.7,-10.8],[-70.7,-10.7],[-70.8,-10.3],[-71.2,-10.4],[-71.2,-10.1],[-71.3,-10],[-71.5,-9.9],[-71.5,-10],[-71.6,-9.9],[-71.8,-9.7],[-70.3,-9.7],[-70.1,-9.8],[-69.8,-9.8],[-69.6,-9.8],[-70,-10.2],[-69.8,-10.2],[-69.6,-10.2],[-69.4,-10.3],[-69.3,-10.3],[-69.3,-10.5],[-69.4,-10.6],[-69.5,-10.8],[-69.6,-10.9],[-69.7,-10.8],[-69.8,-10.9],[-69.9,-11.1],[-69.8,-11.2],[-69.9,-11.3]]]]}},{"type":"Feature","properties":{},"geometry":{"type":"MultiPolygon","coordinates":[[[[135.7,-16.6],[135.7,-16.7],[135.8,-16.7],[135.8,-16.8],[135.9,-16.8],[135.9,-16.9],[135.9,-17],[136,-17],[136,-17.1],[136,-17.2],[136,-17.1],[135.9,-17.1],[135.8,-17],[135.8,-17.1],[135.7,-17],[135.9,-17.2],[135.9,-17.3],[136,-17.5],[135.9,-17.5],[135.8,-17.5],[135.7,-17.5],[135.9,-17.5],[135.8,-17.6],[135.9,-17.7],[135.8,-17.7],[135.9,-17.7],[135.9,-17.8],[135.9,-17.9],[135.8,-17.9],[135.8,-18],[135.7,-17.9],[135.5,-18],[135.4,-18],[135.4,-18.1],[135.4,-18],[135.4,-18.1],[135.3,-18.1],[135.2,-18],[135.4,-17.9],[135.3,-17.9],[135.2,-17.9],[135.1,-17.9],[135.1,-18],[135,-17.9],[134.9,-17.9],[134.8,-17.8],[134.7,-17.8],[134.7,-17.7],[134.6,-17.7],[134.6,-17.6],[134.5,-17.5],[134.5,-17.4],[134.4,-17.4],[134.4,-17.3],[134.4,-17.2],[134.3,-17.2],[134.3,-17.1],[134.3,-17],[134.2,-17],[134.2,-16.9],[134.1,-16.9],[134.1,-16.8],[134.1,-16.7],[134.1,-16.6],[134.1,-16.5],[134.2,-16.4],[134.2,-16.3],[134.3,-16.3],[134.4,-16.2],[134.5,-16.2],[134.6,-16.2],[134.7,-16.2],[134.7,-16.3],[134.8,-16.2],[134.9,-16.3],[135,-16.3],[135.1,-16.3],[135.3,-16.4],[135.5,-16.6],[135.7,-16.6]]]]}},{"type":"Feature","properties":{},"geometry":{"type":"MultiPolygon","coordinates":[[[[129.6,-2.1],[129.6,-2.2],[129.6,-2.3],[129.7,-2.3],[129.7,-2.4],[129.7,-2.5],[129.8,-2.5],[129.8,-2.6],[129.8,-2.7],[129.9,-2.8],[129.9,-2.9],[130,-3],[130,-3.1],[130.1,-3.2],[130.1,-3.3],[130.2,-3.4],[130.2,-3.5],[130.3,-3.6],[130.3,-3.7],[130.4,-3.8],[130.4,-3.9],[130.4,-4],[130.5,-4],[130.5,-4.1],[130.5,-4.2],[130.5,-4.3],[130.6,-4.3],[130.6,-4.4],[130.6,-4.5],[130.7,-4.5],[130.7,-4.6],[130.8,-4.6],[130.8,-4.7],[130.9,-4.8],[130.9,-4.9],[131,-4.9],[131,-5],[131,-5.1],[131.1,-5.1],[131.1,-5.2],[131.2,-5.3],[131.2,-5.4],[131.3,-5.5],[131.3,-5.6],[131.4,-5.6],[131.4,-5.7],[131.4,-5.8],[131.5,-5.8],[131.5,-5.9],[131.6,-5.9],[131.6,-6],[131.7,-6.1],[131.7,-6.2],[131.8,-6.2],[131.8,-6.3],[131.9,-6.3],[131.9,-6.4],[132,-6.5],[132.1,-6.6],[132.2,-6.6],[132.2,-6.7],[132.3,-6.8],[132.4,-6.8],[132.4,-6.9],[132.5,-6.9],[132.5,-7],[132.6,-7],[132.7,-7.1],[132.8,-7.1],[132.9,-7.2],[133,-7.2],[133.1,-7.2],[133.2,-7.2],[133.7,-7.3],[134.3,-7.4],[134.3,-7.5],[134.4,-7.6],[134.4,-7.7],[134.5,-7.8],[134.4,-8.4],[134.4,-8.8],[134.6,-8.9],[134.6,-9],[134.5,-9.8],[134.7,-10.3],[134.9,-11.1],[135.1,-11.4],[135,-11.5],[133.8,-12.5],[133.2,-13.7],[133.4,-14.1],[133,-14],[132.7,-14],[132.3,-13.9],[132.2,-14],[131.9,-14],[131.4,-14],[131.5,-14.2],[131.2,-15],[131.1,-15],[131.1,-14.9],[131,-14.8],[130.9,-14.7],[130.8,-14.6],[130.7,-14.5],[130.6,-14.4],[130.5,-14.3],[130.4,-14.2],[130.3,-14.2],[130.3,-14.1],[130.2,-14.1],[130.1,-14.1],[130.1,-14],[130,-14],[130,-13.9],[129.9,-13.9],[129.8,-13.9],[129.8,-13.8],[129.7,-13.8],[129.6,-13.8],[129.5,-13.8],[129.5,-13.7],[129.4,-13.7],[129.3,-13.7],[129.3,-13.6],[129.2,-13.6],[129.1,-13.6],[129.1,-13.5],[129,-13.5],[129,-13.4],[128.9,-13.4],[128.8,-13.4],[128.8,-13.3],[128.7,-13.3],[128.6,-13.3],[128.5,-13.3],[128.4,-13.3],[128.4,-13.2],[128.3,-13.2],[128.2,-13.2],[128.2,-13.1],[128.1,-13.1],[128,-13],[127.9,-12.9],[127.8,-12.8],[127.7,-12.7],[127.6,-12.7],[127.6,-12.6],[127.5,-12.6],[127.4,-12.6],[127.3,-12.5],[127.3,-12.4],[127.2,-12.4],[127.2,-12.3],[127.2,-12.2],[127.1,-12.1],[127.1,-12],[127.1,-11.9],[127.1,-11.8],[127.2,-11.7],[127.2,-11.6],[127.2,-11.5],[127.2,-11.4],[127.2,-11.3],[127.3,-11.2],[127.3,-11.1],[127.3,-11],[127.4,-10.9],[127.4,-10.8],[127.4,-10.7],[127.4,-10.6],[127.4,-10.5],[127.4,-10.4],[127.5,-10.3],[127.5,-10.2],[127.5,-10.1],[127.6,-10.1],[127.6,-10],[127.6,-9.9],[127.7,-9.9],[127.7,-9.8],[127.7,-9.7],[127.6,-9.7],[127.6,-9.6],[127.5,-9.6],[127.5,-9.5],[127.4,-9.5],[127.4,-9.4],[127.3,-9.3],[127.2,-9.2],[127.2,-9.1],[127.1,-9.1],[126.7,-8.3],[126.4,-7.9],[126.5,-7.9],[126.6,-7.9],[126.7,-7.9],[126.8,-7.9],[126.9,-7.9],[127,-7.9],[127.1,-7.8],[127.2,-7.8],[127.3,-7.8],[127.4,-7.7],[127.5,-7.7],[127.5,-7.6],[127.6,-7.6],[127.7,-7.6],[127.7,-7.5],[127.8,-7.5],[127.8,-7.4],[127.9,-7.4],[128,-7.4],[128,-7.3],[128.1,-7.3],[128.2,-7.3],[128.3,-7.3],[128.4,-7.3],[128.4,-7.2],[128.5,-7.2],[128.6,-7.2],[128.7,-7.2],[128.8,-7.1],[128.9,-7.1],[129,-7.1],[129.1,-7],[129.2,-7],[129.3,-6.9],[129.4,-6.8],[129.5,-6.8],[129.5,-6.7],[129.6,-6.7],[129.7,-6.7],[129.7,-6.6],[129.8,-6.6],[129.9,-6.6],[129.9,-6.5],[129.9,-6.4],[129.9,-6.3],[129.8,-6.3],[129.8,-6.2],[129.8,-6.1],[129.8,-6],[129.8,-5.9],[129.8,-5.8],[129.8,-5.7],[129.7,-5.6],[129.7,-5.5],[129.7,-5.4],[129.7,-5.3],[129.6,-5.2],[129.6,-5.1],[129.6,-5],[129.6,-4.9],[129.6,-4.8],[129.6,-4.7],[129.5,-4.6],[129.4,-4.6],[129.4,-4.5],[129.3,-4.4],[129.3,-4.3],[129.3,-4.2],[129.3,-4.1],[129.3,-4],[129.3,-3.9],[129.2,-3.9],[129.2,-3.8],[129.1,-3.8],[129.1,-3.7],[129.1,-3.6],[129.1,-3.5],[129.1,-3.4],[129.1,-3.3],[129.1,-3.2],[129,-3.1],[129,-3],[129,-2.9],[129,-2.8],[129,-2.7],[129,-2.6],[129,-2.5],[128.9,-2.4],[128.9,-2.3],[129,-2.3],[129,-2.2],[129,-2.1],[129.1,-2.1],[129.2,-2.1],[129.3,-2.1],[129.4,-2.1],[129.5,-2.1],[129.6,-2.1]]]]}},{"type":"Feature","properties":{},"geometry":{"type":"MultiPolygon","coordinates":[[[[135.9,-16.9],[135.9,-16.8],[135.8,-16.8],[135.8,-16.7],[135.7,-16.7],[135.7,-16.6],[135.6,-16.5],[135.5,-16.4],[135.4,-16.3],[135.3,-16.2],[135.2,-16.2],[135.2,-16.1],[135.1,-16.1],[135.1,-16],[135,-16],[135,-15.9],[134.9,-15.9],[134.8,-15.9],[134.8,-15.8],[134.7,-15.8],[134.6,-15.7],[135,-15.4],[135.3,-15],[135.7,-15.4],[136.1,-16],[136,-16.1],[136,-16.2],[136.1,-16.6],[136.3,-17],[136.3,-17.3],[136.1,-17],[135.9,-16.9]]]]}},{"type":"Feature","properties":{},"geometry":{"type":"MultiPolygon","coordinates":[[[[135.1,-14.2],[135.1,-14.5],[134.8,-14.3],[135.1,-14.2]]]]}},{"type":"Feature","properties":{},"geometry":{"type":"MultiPolygon","coordinates":[[[[134.6,-15.8],[134.7,-15.8],[134.8,-15.8],[134.8,-15.9],[134.9,-15.9],[135,-15.9],[135,-16],[135.1,-16],[135.1,-16.1],[135.2,-16.1],[135.3,-16.2],[135.4,-16.3],[135.5,-16.4],[135.6,-16.5],[135.6,-16.6],[135.5,-16.6],[135.3,-16.4],[135.1,-16.3],[135,-16.3],[134.9,-16.3],[134.8,-16.2],[134.7,-16.3],[134.7,-16.2],[134.6,-16.2],[134.5,-16.2],[134.4,-16.2],[134.3,-16.3],[134.2,-16.3],[134.2,-16.4],[134.1,-16.5],[134.1,-16.6],[134.1,-16.7],[134.1,-16.8],[134.1,-16.9],[134.2,-16.9],[134.2,-17],[134.3,-17],[134.3,-17.1],[134.3,-17.2],[134.4,-17.2],[134.4,-17.3],[134.4,-17.4],[134.5,-17.4],[134.5,-17.5],[134.6,-17.6],[134.6,-17.7],[134.7,-17.7],[134.7,-17.8],[134.6,-17.8],[134.5,-17.7],[134.4,-17.6],[134.3,-17.6],[134.3,-17.5],[134.2,-17.4],[134.1,-17.3],[134.2,-17.3],[134.4,-17.4],[134.3,-17.3],[134.2,-17.3],[134.1,-17.2],[134.1,-17.3],[134,-17.1],[133.8,-17],[133.8,-16.9],[133.9,-16.9],[133.9,-16.8],[133.8,-16.8],[133.8,-16.7],[133.8,-16.6],[133.8,-16.5],[133.9,-16.5],[133.9,-16.4],[133.9,-16.3],[134,-16.3],[134,-16.2],[134,-16.1],[134.1,-16.1],[134.1,-16],[134.3,-15.9],[134.4,-15.8],[134.5,-15.9],[134.5,-15.8],[134.5,-15.7],[134.6,-15.8]]]]}},{"type":"Feature","properties":{},"geometry":{"type":"MultiPolygon","coordinates":[[[[126.8,-8.8],[127.1,-9.1],[127.2,-9.1],[127.2,-9.2],[127.3,-9.2],[127.3,-9.3],[127.4,-9.4],[127.5,-9.5],[127.5,-9.6],[127.6,-9.6],[127.6,-9.7],[127.7,-9.7],[127.7,-9.8],[127.7,-9.9],[127.6,-9.9],[127.6,-10],[127.6,-10.1],[127.5,-10.1],[127.5,-10.2],[127.5,-10.3],[127.4,-10.4],[127.4,-10.5],[127.4,-10.6],[127.4,-10.7],[127.4,-10.8],[127.4,-10.9],[127.3,-11],[127.3,-11.1],[127.3,-11.2],[127.3,-11.3],[127.2,-11.3],[127.2,-11.4],[127.2,-11.5],[127.2,-11.6],[127.2,-11.7],[127.1,-11.7],[127.1,-11.8],[127.1,-11.9],[127.1,-12],[127.1,-12.1],[127.1,-12.2],[127.2,-12.2],[127.2,-12.3],[127.2,-12.4],[127.3,-12.4],[127.3,-12.5],[127.4,-12.5],[127.4,-12.6],[127.5,-12.6],[127.6,-12.6],[127.6,-12.7],[127.7,-12.7],[127.8,-12.7],[127.8,-12.8],[127.9,-12.9],[128,-13],[128.1,-13.1],[128.2,-13.1],[128.2,-13.2],[128.3,-13.2],[128.4,-13.2],[128.5,-13.3],[128.6,-13.3],[128.7,-13.3],[128.8,-13.3],[128.8,-13.4],[128.9,-13.4],[129,-13.4],[129,-13.5],[129.1,-13.5],[129.1,-13.6],[129.2,-13.6],[129.3,-13.6],[129.3,-13.7],[129.4,-13.7],[129.5,-13.7],[129.5,-13.8],[129.6,-13.8],[129.7,-13.8],[129.8,-13.8],[129.8,-13.9],[129.9,-13.9],[130,-13.9],[130,-14],[130.1,-14],[130.2,-14.1],[130.3,-14.1],[130.3,-14.2],[130.4,-14.2],[130.4,-14.3],[130.6,-14.4],[130.7,-14.5],[130.9,-14.7],[131,-14.8],[131.1,-14.9],[131.1,-15],[130,-15.1],[129.4,-15.4],[128.5,-15.4],[127.6,-15],[127,-14.3],[126.7,-14.1],[126.1,-14],[126,-14],[126,-13.9],[125.9,-13.5],[125.8,-13.1],[125.7,-12.9],[125.6,-12.5],[125.4,-12],[125.3,-11.9],[125.4,-11.7],[125.6,-11.2],[125.9,-10.7],[126.1,-10.5],[126.3,-10.2],[126.5,-9.8],[126.6,-9.7],[126.7,-9.6],[126.6,-9.5],[126.5,-9.4],[126.5,-9.3],[126.4,-9.3],[126.4,-9.2],[126.3,-9.2],[126.3,-9.1],[126.2,-9.1],[126.1,-9.1],[126,-9.1],[126,-9],[125.9,-9],[125.8,-8.9],[125.8,-8.8],[125.7,-8.7],[125.6,-8.7],[125.4,-8.7],[125.4,-8.5],[125.1,-8.4],[124.7,-8.4],[123.9,-8.7],[123.6,-8.8],[123.2,-8.9],[122.8,-8.9],[122.6,-8.9],[122.5,-8.9],[122.4,-8.9],[122,-8.9],[121.9,-8.8],[121.8,-8.8],[121.6,-8.8],[121.7,-8.8],[122.3,-8.7],[122.9,-8.5],[123.2,-8.3],[123.1,-8.2],[123.1,-8],[123,-8],[123,-7.8],[123.1,-7.6],[124,-7.1],[124.4,-7.4],[124.5,-7.4],[124.5,-7.5],[124.7,-7.5],[125,-7.7],[125,-7.8],[125.1,-7.8],[125.2,-7.8],[125.2,-7.9],[125.3,-7.9],[125.5,-8.1],[125.6,-8.1],[125.7,-8.1],[125.8,-8.2],[125.9,-8.2],[126,-8.2],[126.4,-8.4],[126.5,-8.5],[126.6,-8.6],[126.7,-8.7],[126.8,-8.8]]]]}},{"type":"Feature","properties":{},"geometry":{"type":"MultiPolygon","coordinates":[[[[132.9,-16.1],[133,-16.2],[133,-16.3],[132.9,-16.1]]]]}},{"type":"Feature","properties":{},"geometry":{"type":"MultiPolygon","coordinates":[[[[133.5,-16.8],[133,-16.4],[133.1,-16.5],[133.2,-16.6],[133.3,-16.7],[133.4,-16.8],[133.5,-16.8]]]]}},{"type":"Feature","properties":{},"geometry":{"type":"MultiPolygon","coordinates":[[[[133.8,-17],[134,-17.1],[134.1,-17.3],[134,-17.1],[133.7,-17],[133.8,-17]]]]}},{"type":"Feature","properties":{},"geometry":{"type":"MultiPolygon","coordinates":[[[[134.1,-17.3],[134.2,-17.4],[134.2,-17.5],[134.3,-17.6],[134.4,-17.6],[134.5,-17.7],[134.3,-17.6],[134.1,-17.3]]]]}},{"type":"Feature","properties":{},"geometry":{"type":"MultiPolygon","coordinates":[[[[135.9,-17.1],[135.8,-17.1],[135.8,-17],[135.9,-17.1]]]]}},{"type":"Feature","properties":{},"geometry":{"type":"MultiPolygon","coordinates":[[[[134.7,-17.8],[134.8,-17.8],[134.6,-17.8],[134.7,-17.8]]]]}},{"type":"Feature","properties":{},"geometry":{"type":"MultiPolygon","coordinates":[[[[135.1,-18],[134.9,-17.9],[135,-17.9],[135,-18],[135.1,-18]]]]}},{"type":"Feature","properties":{},"geometry":{"type":"MultiPolygon","coordinates":[[[[135.3,-17.9],[135.1,-17.9],[135.2,-17.9],[135.3,-17.9]]]]}},{"type":"Feature","properties":{},"geometry":{"type":"MultiPolygon","coordinates":[[[[135.2,-18],[135.3,-18.1],[135.4,-18.1],[135.3,-18.2],[135.2,-18]]]]}},{"type":"Feature","properties":{},"geometry":{"type":"MultiPolygon","coordinates":[[[[135.9,-17.9],[135.9,-17.8],[135.9,-17.7],[135.9,-17.9]]]]}},{"type":"Feature","properties":{},"geometry":{"type":"MultiPolygon","coordinates":[[[[131.9,-15.5],[131.9,-15.6],[132,-15.8],[132.1,-15.9],[131.8,-15.6],[131.9,-15.5]]]]}},{"type":"Feature","properties":{},"geometry":{"type":"MultiPolygon","coordinates":[[[[136.1,-17.5],[136,-17.7],[136.1,-17.4],[136.1,-17.5]]]]}},{"type":"Feature","properties":{},"geometry":{"type":"MultiPolygon","coordinates":[[[[89.1,-47.7],[89.7,-48.5],[88.9,-48.6],[86.9,-48.9],[86.2,-47.7],[87.1,-47.6],[89.1,-47.7]]]]}},{"type":"Feature","properties":{},"geometry":{"type":"MultiPolygon","coordinates":[[[[89.6,-48.7],[91.8,-49.6],[93.6,-49.4],[95.1,-49.4],[97.4,-50.7],[98.7,-50.4],[100.4,-50.8],[102.2,-51.1],[100.4,-52.2],[97.7,-52.3],[96.4,-52.8],[92.6,-52.9],[91.2,-51.1],[89.1,-49.9],[88,-48.8],[89.6,-48.7]]]]}},{"type":"Feature","properties":{},"geometry":{"type":"MultiPolygon","coordinates":[[[[123.9,3.6],[124,3.6],[124.1,3.6],[124.1,3.5],[124.2,3.5],[124.3,3.5],[124.4,3.5],[124.5,3.4],[124.6,3.4],[124.6,3.3],[124.7,3.3],[124.8,3.3],[124.8,3.2],[124.9,3.2],[125,3.1],[125.1,3.1],[125.2,3.1],[125.2,3],[125.3,3],[125.4,3],[125.4,2.9],[125.5,2.9],[125.8,2.6],[125.9,2.5],[125.9,2.4],[126,2.4],[126,2.3],[126.1,2.3],[126.2,2.2],[126.2,2.1],[126.2,2],[126.3,2],[126.3,1.9],[126.3,1.8],[126.4,1.7],[126.5,1.7],[126.6,1.7],[126.6,1.6],[126.7,1.6],[126.8,1.5],[126.9,1.4],[127,1.4],[127.1,1.3],[127.2,1.3],[127.2,1.2],[127.3,1.2],[127.4,1.1],[127.5,1],[127.6,0.9],[127.7,0.8],[127.8,0.7],[127.9,0.6],[127.9,0.5],[128,0.5],[128,0.4],[128.1,0.3],[128.1,0.2],[128.2,0.2],[128.2,0.1],[128.2,0],[128.3,0],[128.3,-0.1],[128.4,-0.2],[128.4,-0.3],[128.5,-0.3],[128.5,-0.4],[128.6,-0.5],[128.6,-0.6],[128.7,-0.6],[128.7,-0.7],[128.8,-0.8],[128.8,-0.9],[128.9,-0.9],[128.9,-1],[129,-1.1],[129.1,-1.2],[129.1,-1.3],[129.2,-1.4],[129.2,-1.5],[129.3,-1.6],[129.3,-1.7],[129.4,-1.7],[129.4,-1.8],[129.5,-1.9],[129.5,-2],[129.5,-2.1],[129.6,-2.1],[129.5,-2.1],[129.4,-2.1],[129.3,-2.1],[129.2,-2.1],[129.1,-2.1],[129,-2.1],[129,-2.2],[129,-2.3],[128.9,-2.3],[128.9,-2.4],[129,-2.5],[129,-2.6],[129,-2.7],[129,-2.8],[129,-2.9],[129,-3],[129.1,-3.2],[129.1,-3.3],[129.1,-3.4],[129.1,-3.5],[129.1,-3.6],[129.1,-3.7],[129.1,-3.8],[129.2,-3.8],[129.2,-3.9],[129.3,-3.9],[129.3,-4],[129.3,-4.1],[129.3,-4.2],[129.3,-4.3],[129.3,-4.4],[129.4,-4.5],[129.4,-4.6],[129.5,-4.6],[129.5,-4.7],[129.6,-4.7],[129.6,-4.8],[129.6,-4.9],[129.6,-5],[129.6,-5.1],[129.6,-5.2],[129.7,-5.2],[129.7,-5.3],[129.7,-5.4],[129.7,-5.5],[129.7,-5.6],[129.8,-5.7],[129.8,-5.8],[129.8,-5.9],[129.8,-6],[129.8,-6.1],[129.8,-6.2],[129.8,-6.3],[129.9,-6.3],[129.9,-6.4],[129.9,-6.5],[129.9,-6.6],[129.8,-6.6],[129.7,-6.7],[129.6,-6.7],[129.5,-6.7],[129.5,-6.8],[129.4,-6.8],[129.3,-6.9],[129.2,-6.9],[129.2,-7],[129.1,-7],[129.1,-7.1],[129,-7.1],[128.9,-7.1],[128.8,-7.1],[128.8,-7.2],[128.7,-7.2],[128.6,-7.2],[128.5,-7.2],[128.4,-7.2],[128.3,-7.3],[128.2,-7.3],[128.1,-7.3],[128,-7.3],[127.9,-7.4],[127.8,-7.4],[127.8,-7.5],[127.7,-7.5],[127.6,-7.6],[127.5,-7.6],[127.5,-7.7],[127.4,-7.7],[127.4,-7.8],[127.3,-7.8],[127.2,-7.8],[127.1,-7.8],[127,-7.9],[126.9,-7.9],[126.8,-7.9],[126.7,-7.9],[126.6,-7.9],[126.5,-7.9],[126.4,-7.9],[126.3,-7.8],[126.8,-8.7],[126.7,-8.7],[126.6,-8.6],[126.5,-8.5],[126.5,-8.4],[126.2,-8.3],[126,-8.2],[125.9,-8.2],[125.8,-8.2],[125.6,-8.1],[125.5,-8.1],[125.3,-7.9],[125.2,-7.9],[125.2,-7.8],[125.1,-7.8],[125,-7.8],[124.7,-7.6],[124.5,-7.5],[124.5,-7.4],[124.3,-7.3],[123.5,-7.3],[123,-7.8],[123,-7.9],[123.1,-8],[123.1,-8.1],[123.2,-8.2],[123.2,-8.3],[123.1,-8.4],[122.5,-8.7],[121.8,-8.8],[121.3,-8.8],[121.2,-8.8],[120.9,-8.7],[120.8,-8.7],[120.3,-8.7],[119.9,-8.7],[119.5,-8.8],[119.3,-8.8],[118.8,-8.8],[118.3,-8.9],[117.8,-8.9],[117.5,-9],[117.2,-9.2],[117.2,-9],[117.7,-8.8],[118,-8.6],[118.4,-8.1],[118.6,-7.6],[118.6,-7.5],[118.6,-7.4],[118.6,-7.3],[118.6,-7.2],[118.6,-7.1],[118.6,-7],[118.6,-6.8],[118.6,-6.7],[118.7,-6.7],[118.7,-6.6],[118.7,-6.5],[118.8,-6.5],[118.8,-6.4],[118.9,-6.4],[118.9,-6.3],[118.9,-6.2],[118.8,-6.1],[118.8,-6],[118.7,-6],[118.7,-5.9],[118.7,-5.8],[118.6,-5.8],[118.6,-5.7],[118.6,-5.6],[118.5,-5.5],[118.5,-5.4],[118.4,-5.4],[118.4,-5.3],[118.3,-5.2],[118.4,-5.2],[118.5,-5.2],[118.6,-5.2],[118.7,-5.2],[118.8,-5.2],[118.9,-5.2],[119,-5.2],[119.1,-5.2],[119.2,-5.2],[119.3,-5.2],[119.4,-5.2],[119.5,-5.2],[119.6,-5.2],[119.7,-5.2],[119.8,-5.2],[119.9,-5.2],[120,-5.2],[120.1,-5.2],[120.2,-5.2],[120.3,-5.2],[120.4,-5.2],[120.4,-5.1],[120.5,-5.1],[120.6,-5.1],[120.7,-5.1],[120.7,-5],[120.8,-5],[120.9,-5],[120.9,-4.9],[121,-4.9],[121,-4.8],[121.1,-4.8],[121.2,-4.7],[121.3,-4.7],[121.4,-4.6],[121.4,-4.5],[121.5,-4.5],[121.6,-4.3],[121.7,-4.1],[121.7,-4],[121.8,-4],[121.8,-3.9],[121.9,-3.9],[121.9,-3.8],[122,-3.8],[122,-3.7],[122,-3.6],[122.1,-3.6],[122.1,-3.5],[122.1,-3.4],[122.1,-3.3],[122.2,-3.3],[122.2,-3.2],[122.2,-3.1],[122.2,-3],[122.3,-2.9],[122.3,-2.8],[122.3,-2.7],[122.4,-2.6],[122.4,-2.5],[122.5,-2.4],[122.5,-2.3],[122.6,-2.3],[122.6,-2.2],[122.7,-2.1],[122.7,-2],[122.8,-2],[122.8,-1.9],[122.8,-1.8],[122.8,-1.7],[122.8,-1.6],[122.9,-1.5],[122.9,-1.4],[122.8,-1.4],[122.8,-1.3],[122.8,-1.2],[122.8,-1.1],[122.8,-1],[122.8,-0.9],[122.9,-0.8],[122.9,-0.7],[123,-0.7],[123,-0.6],[123,-0.5],[123,-0.4],[123,-0.3],[123,-0.2],[123.1,-0.2],[123.1,-0.1],[123.1,0.2],[123.1,0.3],[123.1,0.4],[123,0.4],[123.1,0.7],[123,0.9],[123,1],[122.9,1.3],[122.9,1.4],[123,1.5],[123,1.6],[123,1.7],[123.1,1.8],[122.7,1.8],[122.2,2.1],[122.3,2.1],[122.4,2.1],[122.4,2.2],[122.5,2.2],[122.6,2.3],[122.7,2.4],[122.8,2.4],[122.8,2.5],[122.9,2.5],[123,2.5],[123,2.6],[123.1,2.7],[123.1,2.8],[123.2,2.8],[123.2,2.9],[123.3,3],[123.3,3.1],[123.4,3.2],[123.4,3.3],[123.5,3.3],[123.6,3.4],[123.6,3.5],[123.7,3.5],[123.7,3.6],[123.9,3.6]]]]}},{"type":"Feature","properties":{},"geometry":{"type":"MultiPolygon","coordinates":[[[[133,-16.1],[133.1,-16.1],[133.3,-16.1],[133.4,-16],[133.5,-16],[133.6,-16],[133.8,-16],[134.1,-16],[134.1,-16.1],[134,-16.1],[134,-16.2],[134,-16.3],[133.9,-16.3],[133.9,-16.4],[133.9,-16.5],[133.8,-16.5],[133.8,-16.6],[133.8,-16.7],[133.8,-16.8],[133.9,-16.8],[133.9,-16.9],[133.8,-16.9],[133.8,-17],[133.7,-16.9],[133.5,-16.8],[133.3,-16.7],[133.2,-16.5],[133.1,-16.5],[133,-16.4],[133,-16.3],[133,-16.2],[132.9,-16.1],[133,-16.1]]]]}},{"type":"Feature","properties":{},"geometry":{"type":"MultiPolygon","coordinates":[[[[101.5,-41.8],[100.9,-42.3],[100.8,-43.2],[100.5,-43.3],[101.1,-44.6],[102,-45.1],[101,-45.1],[99.8,-43],[101.5,-41.8]]]]}},{"type":"Feature","properties":{},"geometry":{"type":"MultiPolygon","coordinates":[[[[101.3,-33.9],[101.7,-34.8],[101.9,-35.6],[99.6,-36.4],[101.3,-33.9]]]]}},{"type":"Feature","properties":{},"geometry":{"type":"MultiPolygon","coordinates":[[[[99.6,-36.4],[100.4,-38.6],[100.4,-39.1],[100,-41.6],[95.6,-40.8],[95.3,-39.8],[97.1,-37.5],[99.6,-36.4]]]]}},{"type":"Feature","properties":{},"geometry":{"type":"MultiPolygon","coordinates":[[[[94.7,-40.6],[97.9,-41.2],[99.8,-43],[101,-45.1],[102.5,-47.5],[100.5,-48.9],[98,-49.6],[96,-48.6],[95,-48.2],[94.2,-47.9],[93.3,-47.6],[92.8,-47.3],[92.2,-47],[92,-47],[91.8,-46.8],[91.6,-46.6],[91.3,-46.3],[91,-46.1],[90.5,-45.8],[90.4,-45.7],[89.9,-45.4],[89.7,-45.2],[89.7,-44.9],[89.5,-45.2],[89.3,-44.9],[89,-44.7],[88.6,-44.3],[88.3,-43.6],[88.1,-43.4],[88,-43.3],[87.9,-43.2],[88.6,-43.1],[92.6,-42.2],[94.7,-40.6]]]]}},{"type":"Feature","properties":{},"geometry":{"type":"MultiPolygon","coordinates":[[[[107.4,-49.1],[107,-49],[106.5,-48.7],[106.1,-49.2],[105.7,-50],[105.5,-50.4],[105.6,-50],[105.9,-49],[105.9,-48.4],[106.1,-48.2],[107.4,-49.1]]]]}},{"type":"Feature","properties":{},"geometry":{"type":"MultiPolygon","coordinates":[[[[92.6,13.3],[93.1,13.3],[93.2,12.2],[93.1,11.8],[93.1,12],[93.4,12],[93.5,12.7],[94,8.8],[93.3,4.4],[95.6,-1.4],[95.4,-1.4],[95.4,-1.6],[95.5,-1.8],[95.3,-2.1],[95.3,-2.3],[95.4,-2.5],[94.9,-3.8],[92.6,-4.4],[91,-0.7],[90.4,3.3],[92.1,7.4],[92.1,12.1],[92.6,13.3]]]]}},{"type":"Feature","properties":{},"geometry":{"type":"MultiPolygon","coordinates":[[[[88.9,7.3],[91.2,9.2],[90.1,6.9],[87.9,4.7],[86.1,3],[85.4,-0.1],[87.2,-2.1],[88.9,-3.3],[92.6,-4.4],[90.8,-5.5],[87.7,-4.8],[84.8,-1.9],[85.1,-1],[84.6,2.2],[87.3,5.9],[88.9,7.3]]]]}},{"type":"Feature","properties":{},"geometry":{"type":"MultiPolygon","coordinates":[[[[92.1,22.5],[89.2,22],[88.9,22.7],[89.1,24.5],[89.5,26.2],[91.9,28.4],[92.5,28.4],[92.8,28.1],[92.8,27.9],[92.7,27.8],[92.6,28],[92.3,27.9],[92,27.8],[91.8,27.6],[91.3,27.5],[91.4,27.3],[91.2,27.2],[90.9,27],[90.8,26.8],[90.7,26.6],[90.5,26.4],[90,25.8],[90.4,25.3],[91,25.2],[91.2,24.7],[91.7,23.7],[92.3,23.1],[92.2,22.8],[91.7,22.9],[91.4,23],[91.4,22.9],[92.1,22.5]]]]}},{"type":"Feature","properties":{},"geometry":{"type":"MultiPolygon","coordinates":[[[[98,31.6],[97.3,31.2],[97.1,30.7],[97,30.5],[96.4,29.8],[94.8,29.5],[95,29.8],[95.3,30],[95.2,30.6],[95.3,30.8],[95,30.8],[94.5,30.7],[94.2,31.1],[93.7,30.9],[93.5,30.9],[93.2,30.8],[92.6,30.5],[92.3,30.1],[92.1,29.9],[92.1,30.4],[93.2,31],[94.6,31.5],[95.7,32.3],[97,32.7],[98,31.6]]]]}},{"type":"Feature","properties":{},"geometry":{"type":"MultiPolygon","coordinates":[[[[99,26.6],[98.5,26.6],[98.4,26.5],[98.3,26.3],[98,26.5],[97.7,26.4],[97.6,26.3],[97.6,26.2],[97.5,25.9],[97.3,26],[97.4,26.1],[97.1,25.8],[96.9,25.7],[96.7,25.9],[96.5,25.9],[96.6,26],[96.7,26.3],[96.5,26.2],[96.5,26.4],[96.5,26.6],[96.6,26.8],[96.5,26.9],[96.8,27.2],[96.9,27.4],[96.6,27.5],[96.5,27.9],[96.3,28],[96.2,28],[96.1,28],[96.2,28],[96.2,28.2],[96.3,28.1],[96.4,28.1],[96.5,28.3],[96.6,28.2],[96.9,28.3],[96.7,28.3],[96.7,28.6],[96.5,29.1],[96.3,29.1],[95.7,29.2],[95.6,29.1],[95.5,29],[95.4,29],[95.3,29.1],[95.2,29],[95,29.1],[95.2,29.2],[94.8,29.3],[94.9,29.4],[97.4,30.4],[98.2,29.6],[99.1,27.5],[99.3,27],[99,26.6]]]]}},{"type":"Feature","properties":{},"geometry":{"type":"MultiPolygon","coordinates":[[[[80.6,24.3],[82.7,23.9],[85.9,22.5],[86.9,22.4],[88.3,22.1],[87.9,21.4],[84.9,22.4],[81.6,24],[79.1,24.2],[78,24.2],[77.2,24.3],[79.8,24.3],[80.6,24.3]]]]}},{"type":"Feature","properties":{},"geometry":{"type":"MultiPolygon","coordinates":[[[[91.2,9.2],[91.3,10.5],[92.4,9.8],[91.2,5.3],[90.7,0.9],[92.7,-3.3],[90.4,-3.4],[87.8,-3],[86.3,-1.3],[85.3,1.7],[87.3,3.6],[88.7,5.9],[91.7,7.9],[91.2,9.2]]]]}},{"type":"Feature","properties":{},"geometry":{"type":"MultiPolygon","coordinates":[[[[99,26.6],[98.9,26.6],[98.5,26.6],[99,26.6]]]]}},{"type":"Feature","properties":{},"geometry":{"type":"MultiPolygon","coordinates":[[[[97.6,26.2],[97.8,26.2],[97.6,26],[97.6,26.2]]]]}},{"type":"Feature","properties":{},"geometry":{"type":"MultiPolygon","coordinates":[[[[96.9,24.5],[96.6,24.7],[97.1,24.6],[96.9,24.5]]]]}},{"type":"Feature","properties":{},"geometry":{"type":"MultiPolygon","coordinates":[[[[98.6,26.4],[98.5,26.1],[98.6,26.3],[98.6,26.4]]]]}},{"type":"Feature","properties":{},"geometry":{"type":"MultiPolygon","coordinates":[[[[99,24.3],[98.8,24.1],[98.9,24.2],[99,24.3]]]]}},{"type":"Feature","properties":{},"geometry":{"type":"MultiPolygon","coordinates":[[[[97.9,26.3],[98,26.2],[97.9,26.1],[97.9,26.3]]]]}},{"type":"Feature","properties":{},"geometry":{"type":"MultiPolygon","coordinates":[[[[69.7,40.1],[70.6,39.2],[71.2,38.2],[71.5,37.2],[71.7,36.1],[71.6,35.1],[71.4,34.1],[71.2,33.1],[70.9,32.3],[70.6,31.2],[70.1,30.1],[69.7,28.5],[69.6,27.1],[69.6,25.5],[69.7,23.8],[69.7,21.9],[69.6,20.3],[69.2,19.3],[68.3,18.3],[67.8,17.1],[67.8,19.3],[68.5,21.3],[67.7,23.2],[67,24.9],[66.9,27],[68,29.5],[68.7,31.5],[68.7,33.7],[68.3,35.3],[68.7,37.2],[69.5,39.7],[69.7,40.1]]]]}},{"type":"Feature","properties":{},"geometry":{"type":"MultiPolygon","coordinates":[[[[99.4,35],[100,34.2],[99.7,34.2],[99.5,34.1],[99.6,34],[99.3,33.9],[99.1,34],[98.2,34.1],[97,34.3],[95.6,34],[93.7,33.7],[91.7,33.4],[90.5,33.1],[86.8,33],[83.5,32.6],[82.3,32.3],[81,32.3],[78.9,31.6],[78.1,32.7],[83.4,33.3],[89.2,34.6],[96.8,35],[99.4,35]]]]}},{"type":"Feature","properties":{},"geometry":{"type":"MultiPolygon","coordinates":[[[[-1.4,15.1],[-2.8,17.9],[-5,20.2],[-5.8,20.6],[-6.6,20.7],[-6.3,20.9],[-6.6,21],[-6.2,21.3],[-6.2,21.6],[-5.7,22.1],[-5.8,22.3],[-5.3,22.5],[-5.1,22.5],[-3.1,21.4],[-2.3,20.3],[-2.2,20.2],[-1.1,18.2],[-1.3,15.1],[-1.4,15.1]]]]}},{"type":"Feature","properties":{},"geometry":{"type":"MultiPolygon","coordinates":[[[[-7.7,20.1],[-7.5,20.3],[-7.2,20.5],[-6.9,20.7],[-6.3,20.8],[-5.9,20.6],[-4.1,19.3],[-1.9,16],[-2.8,15],[-5,15.4],[-5.3,16.2],[-5.8,16.9],[-5.9,16.8],[-6.3,17.5],[-6.1,18],[-6.4,18.5],[-6.5,18.9],[-6.8,19.5],[-7.6,20],[-7.7,20.1]]]]}},{"type":"Feature","properties":{},"geometry":{"type":"MultiPolygon","coordinates":[[[[-7.7,20.1],[-8.2,20.5],[-7.5,21.7],[-6.5,22.4],[-5.3,22.8],[-4.8,22.6],[-5.2,22.4],[-5.5,22.5],[-5.7,22.2],[-5.8,22.1],[-6.2,21.6],[-6.4,21.1],[-6.4,20.9],[-6.3,20.9],[-7,20.8],[-7.3,20.4],[-7.5,20.2],[-7.7,20.1]]]]}},{"type":"Feature","properties":{},"geometry":{"type":"MultiPolygon","coordinates":[[[[5,19],[5.7,19.8],[7.3,21],[7.8,21.6],[8.8,22.9],[9.3,24.4],[9.6,24.9],[9.8,23.8],[9.7,20.9],[9.1,17.1],[9.5,14.2],[9.4,11.3],[9.1,7.7],[8,6.9],[7.6,8.2],[7.6,9.2],[7.4,10.2],[6.9,13.9],[5.1,17.8],[5,19]]]]}},{"type":"Feature","properties":{},"geometry":{"type":"MultiPolygon","coordinates":[[[[2,11.4],[3.6,10.7],[4.4,9.1],[4.4,7],[3.8,6.8],[2,7.2],[1.3,8.1],[2,10],[2,11.4]]]]}},{"type":"Feature","properties":{},"geometry":{"type":"MultiPolygon","coordinates":[[[[-2.9,14.2],[-4.9,14],[-5.2,13.9],[-5.6,14],[-6.1,14.6],[-6,14.8],[-6.5,16.4],[-6.7,17.3],[-7,18.1],[-7.3,18],[-8.1,19.5],[-7.7,20.1],[-7.5,19.9],[-6.6,19],[-6.4,18.6],[-6.1,18.1],[-6.3,17.7],[-6,17.1],[-5.8,16.7],[-5.4,16.3],[-5.2,15.8],[-3.7,15],[-1.3,15.1],[-0.6,14.8],[0.7,14.6],[-1.1,14.6],[-2.9,14.2]]]]}},{"type":"Feature","properties":{},"geometry":{"type":"MultiPolygon","coordinates":[[[[-62.7,1.1],[-62.4,0.9],[-62.2,0.7],[-62.8,0.5],[-63,0.3],[-62.7,0.4],[-62,0.8],[-61.7,0.4],[-61.5,0],[-62.6,-0.3],[-62.6,-0.7],[-62.2,-0.5],[-61.8,-1],[-61.3,-0.2],[-61.1,-1],[-60.7,-0.7],[-60.4,-0.4],[-60.5,-0.2],[-59.8,0],[-59.7,-0.9],[-60.2,-1.1],[-60.5,-1.6],[-60,-1.3],[-60.3,-1.8],[-60.2,-2.2],[-60.2,-2],[-59.8,-2.2],[-59.9,-2.7],[-60,-3.1],[-60,-3.3],[-59.9,-3.9],[-59.7,-4.3],[-59.2,-4.2],[-59.6,-4.2],[-59.5,-4.4],[-59.3,-4.5],[-59,-4.4],[-59.5,-5],[-59.3,-5.1],[-59.7,-5.3],[-59.5,-5.5],[-59.6,-5.5],[-59.3,-5.6],[-59.1,-5.7],[-59,-5.9],[-58.9,-5.9],[-58.5,-6.6],[-59.3,-6.3],[-58.8,-6.6],[-59.2,-6.8],[-58.7,-7.1],[-58.3,-7],[-58.4,-7.5],[-58.9,-7.5],[-58.9,-7.8],[-58.6,-8.2],[-58.3,-7.9],[-58.5,-8.4],[-59.1,-8.3],[-59.3,-8.2],[-59.8,-8.2],[-59.6,-8.8],[-60.1,-8.7],[-60,-9],[-60,-9.1],[-59.4,-9.2],[-60,-9.4],[-59.7,-9.4],[-59.4,-9.3],[-59.6,-9.8],[-59.1,-9.6],[-58.3,-9.9],[-58.2,-10.1],[-58.1,-10.3],[-58,-10.5],[-57.8,-10.6],[-57.9,-10.8],[-57.7,-10.9],[-57.7,-11],[-57.8,-11.2],[-58.2,-11.4],[-58.8,-10.7],[-59.5,-10.5],[-60.1,-10.3],[-59.8,-10.5],[-59.7,-10.6],[-59.1,-10.8],[-59.4,-11.2],[-59.9,-11.3],[-60.1,-11.8],[-59.2,-11.6],[-59.6,-12.1],[-59.7,-12.1],[-59.3,-11.9],[-58.7,-11.6],[-57.7,-11.6],[-57.9,-11.9],[-57.9,-12],[-58.1,-12.2],[-58.2,-12.4],[-58.4,-12.5],[-58.4,-12.7],[-58.6,-12.9],[-58.6,-13.1],[-58.8,-13.3],[-59,-13.5],[-59.2,-13.6],[-59.4,-13.7],[-59.7,-13.9],[-60,-13.9],[-60.2,-14.2],[-60.3,-14.3],[-60.5,-14.2],[-60.8,-14.1],[-61.1,-13.9],[-60.8,-14.4],[-60.9,-14.6],[-61.2,-14.9],[-61.3,-15.2],[-61.5,-15.5],[-61.5,-15.7],[-61.6,-15.9],[-61.7,-16.2],[-61.9,-16.2],[-62,-16.3],[-62.1,-16.4],[-62.2,-16.6],[-62.3,-16.6],[-62.6,-16.7],[-62.7,-16.7],[-62.9,-16.6],[-62.9,-16.3],[-63,-16.4],[-63,-16.7],[-63.1,-16.7],[-63.1,-17],[-63.2,-16.9],[-63.3,-17],[-63.5,-17],[-63.6,-16.9],[-63.8,-17.1],[-63.7,-17.3],[-63.9,-17.5],[-64.2,-17.5],[-64.4,-17.6],[-64.2,-18.3],[-64.6,-18.3],[-64.2,-18.6],[-64.4,-18.9],[-64.3,-19.1],[-64.5,-19],[-64.5,-19.2],[-64.7,-19],[-64.7,-19.3],[-64.9,-19.3],[-65,-19.3],[-64.7,-19.6],[-64.9,-19.7],[-65.2,-19.7],[-65.1,-19.8],[-65.2,-19.9],[-65.1,-20.1],[-65,-20.2],[-65.1,-20.2],[-65.2,-20.6],[-65,-20.7],[-65.4,-20.8],[-65.2,-20.9],[-65.2,-21],[-65.3,-21.2],[-65.3,-21.3],[-65.8,-21.4],[-65.4,-21.5],[-65.8,-21.6],[-65.5,-21.9],[-65.6,-22],[-65.9,-22],[-66.2,-21.9],[-65.7,-22.1],[-65.7,-22.3],[-65.9,-22.4],[-66.2,-22.1],[-66.4,-22.3],[-66.5,-22.4],[-66.7,-22.4],[-66.4,-22.2],[-66.8,-22.3],[-66.9,-21.9],[-66.9,-21.7],[-66.9,-21.6],[-66.8,-21.4],[-67.1,-21.5],[-67.2,-21.5],[-66.7,-21.3],[-67.1,-21.4],[-67,-21.2],[-67.2,-21.3],[-67.3,-21.3],[-67.4,-21.4],[-67.7,-21.3],[-67.8,-21.4],[-67.9,-21.3],[-68.1,-21],[-68.1,-20.9],[-68.4,-21],[-68.2,-20.9],[-68.4,-20.7],[-68.5,-20.8],[-68.2,-20.6],[-68.6,-20.6],[-68.5,-20.5],[-68.6,-20.3],[-68.7,-20.3],[-68.4,-20.1],[-68.5,-20.1],[-68.8,-20.1],[-68.6,-20],[-68.6,-19.9],[-68.6,-19.7],[-68.9,-19.4],[-68.8,-19.3],[-68.8,-19.1],[-69,-19.1],[-69,-18.8],[-69.1,-18.8],[-69,-18.7],[-69.1,-18.6],[-69.1,-18.4],[-68.8,-18.4],[-69.1,-18.3],[-69.3,-18.3],[-68.9,-18.1],[-69.1,-18],[-68.5,-17.8],[-69.1,-17.9],[-68.9,-17.8],[-68.7,-17.7],[-68.5,-17.6],[-68.7,-17.5],[-68.6,-17.4],[-68.5,-17.6],[-68.4,-17.4],[-68.6,-17.3],[-68.7,-16.8],[-68.9,-17.3],[-69.1,-17.1],[-68.9,-17.1],[-69,-17],[-69.2,-17.1],[-69.1,-16.8],[-69.1,-16.7],[-69.3,-16.7],[-68.8,-16.3],[-68.9,-16.3],[-69.3,-16.5],[-69.4,-16.3],[-69.3,-16.2],[-69.2,-16],[-68.8,-16.1],[-69.1,-16],[-69.5,-15.9],[-69.5,-15.8],[-68.7,-15.4],[-68,-15.3],[-68.7,-15.3],[-69.6,-15.7],[-69.3,-15.6],[-69.1,-15.3],[-69.2,-15.2],[-68.8,-15.1],[-68.8,-15],[-69.1,-14.9],[-69.4,-14.7],[-68.6,-14.6],[-69.3,-14.4],[-68.9,-14.3],[-68.8,-14.2],[-68.1,-14.6],[-68.1,-14.4],[-67.9,-14.3],[-68.1,-14.1],[-68.6,-14.2],[-69.2,-14.4],[-69,-14],[-69,-14.1],[-68.8,-14],[-68.5,-14.1],[-69,-13.7],[-68.6,-13.8],[-67.8,-14.2],[-68,-14],[-67.9,-13.6],[-68.6,-13.8],[-68.9,-13.6],[-68.5,-13.5],[-68.2,-13.4],[-67.9,-13.4],[-67.8,-13.5],[-68,-13.4],[-67.7,-13],[-67.6,-13.1],[-67.5,-13.2],[-67.7,-13],[-67.6,-13],[-67.7,-12.9],[-67.6,-12.7],[-67.5,-12.6],[-67.5,-12.2],[-67.6,-12.1],[-67.8,-12.1],[-68.7,-11.2],[-67.4,-11.9],[-67.6,-11.6],[-67.4,-11.6],[-67.5,-11.4],[-67.4,-11.5],[-67.7,-11],[-67.5,-11],[-67.9,-10.9],[-67.8,-10.7],[-67.5,-10.4],[-68,-10.2],[-68,-9.7],[-68.1,-10.4],[-68.2,-10.5],[-68.7,-10.4],[-68.6,-10],[-68.2,-9.7],[-68.5,-9.8],[-68.2,-9.6],[-68.4,-9.5],[-68.2,-9.4],[-68.1,-9.3],[-68.1,-9.1],[-68.2,-8.9],[-68.2,-8.6],[-68.2,-8.2],[-68.1,-8.1],[-68.1,-7.9],[-68.1,-7.6],[-68.2,-7.5],[-68,-7.4],[-68.2,-7.2],[-68.2,-6.9],[-68.2,-6.4],[-68.2,-6.1],[-68.3,-5.9],[-68.5,-5.6],[-68.8,-5.2],[-69.1,-5],[-69.3,-4.9],[-69.6,-5],[-69.6,-4.9],[-69.9,-4.7],[-70.2,-4.7],[-69.9,-4.3],[-70.2,-3.9],[-70.4,-3.7],[-70.2,-3.6],[-69.3,-4],[-69.4,-3.7],[-69.1,-3.6],[-69.5,-3.3],[-69.6,-3.2],[-70,-3],[-70.1,-2.4],[-69.5,-2.2],[-69.1,-2.2],[-68.9,-2.1],[-68.6,-2.2],[-68,-2],[-67.6,-1.5],[-67.9,-1.5],[-67.7,-0.9],[-67.4,-0.7],[-67.1,-0.6],[-66.8,-0.6],[-66.3,-0.2],[-65.9,0],[-65.8,0],[-65.6,-0.5],[-65.2,-0.4],[-65.1,0.1],[-64.6,-0.6],[-64.1,-0.4],[-64,0.2],[-63.8,0],[-64.3,0.3],[-64.3,0.6],[-64.2,0.7],[-63.9,0.5],[-63.6,0.2],[-63.4,0.6],[-63.4,0.9],[-63.2,1],[-63,0.9],[-62.7,1.1]]]]}},{"type":"Feature","properties":{},"geometry":{"type":"MultiPolygon","coordinates":[[[[-68.2,-12.1],[-68.1,-12.5],[-68.6,-12.5],[-68.7,-12.4],[-69,-12.2],[-68.9,-11.9],[-68.7,-11.6],[-68.2,-12.1]]]]}},{"type":"Feature","properties":{},"geometry":{"type":"MultiPolygon","coordinates":[[[[-58.9,-11.4],[-59.7,-11.8],[-59.5,-11.3],[-59,-11.1],[-58.9,-11.4]]]]}},{"type":"Feature","properties":{},"geometry":{"type":"MultiPolygon","coordinates":[[[[-58.8,-9.1],[-58.4,-9.4],[-58.3,-9.7],[-58.7,-9.6],[-59.2,-9.2],[-58.8,-9.1]]]]}},{"type":"Feature","properties":{},"geometry":{"type":"MultiPolygon","coordinates":[[[[-59.3,-8.6],[-58.8,-8.8],[-59.5,-8.7],[-59.3,-8.6]]]]}},{"type":"Feature","properties":{},"geometry":{"type":"MultiPolygon","coordinates":[[[[-58.4,-8.9],[-58.7,-9.1],[-59.2,-9.1],[-58.4,-8.9]]]]}},{"type":"Feature","properties":{},"geometry":{"type":"MultiPolygon","coordinates":[[[[-58.2,-6.3],[-58,-6.4],[-58.3,-6.7],[-58.3,-6.4],[-58.2,-6.3]]]]}},{"type":"Feature","properties":{},"geometry":{"type":"MultiPolygon","coordinates":[[[[-62.9,-16.7],[-62.7,-16.9],[-62.9,-17],[-62.9,-16.7]]]]}},{"type":"Feature","properties":{},"geometry":{"type":"MultiPolygon","coordinates":[[[[-67.7,-12.2],[-67.7,-12.6],[-67.8,-12.3],[-67.7,-12.2]]]]}},{"type":"Feature","properties":{},"geometry":{"type":"MultiPolygon","coordinates":[[[[-66.2,-22.3],[-65.8,-22.5],[-65.9,-22.6],[-66,-22.4],[-66.2,-22.3]]]]}},{"type":"Feature","properties":{},"geometry":{"type":"MultiPolygon","coordinates":[[[[-64.1,-17.9],[-64,-18.1],[-64.3,-17.7],[-64.1,-17.9]]]]}},{"type":"Feature","properties":{},"geometry":{"type":"MultiPolygon","coordinates":[[[[-64.8,-19.8],[-64.9,-19.9],[-65,-19.8],[-64.8,-19.8]]]]}},{"type":"Feature","properties":{},"geometry":{"type":"MultiPolygon","coordinates":[[[[-67.6,-21.4],[-67.5,-21.5],[-67.6,-21.5],[-67.6,-21.4]]]]}},{"type":"Feature","properties":{},"geometry":{"type":"MultiPolygon","coordinates":[[[[155.2,-63.2],[153.6,-61.1],[153.9,-60.7],[153.8,-59.1],[152.5,-57.9],[155.1,-58.5],[155.5,-60],[157,-61.6],[158.9,-61.8],[158.5,-61],[159.4,-60.4],[158.3,-59],[160.3,-60],[159.8,-60.2],[160.4,-60.6],[162.2,-61.8],[161.6,-62.6],[160.6,-63.5],[160.7,-64.6],[162.4,-65.9],[162.2,-66.2],[161.8,-67],[161.4,-67.3],[158.5,-65.2],[155.2,-63.2]]]]}},{"type":"Feature","properties":{},"geometry":{"type":"MultiPolygon","coordinates":[[[[101.9,-64.5],[106.2,-62.1],[108.7,-62.8],[113.7,-64],[116.6,-64.3],[116,-65.1],[112.9,-66.4],[112.1,-68.2],[111.3,-68.6],[107.2,-67.3],[103.3,-65.9],[101.6,-65.8],[101.9,-65.2],[104.3,-64.3],[105.1,-64.3],[105.4,-63.7],[104.1,-64],[101.9,-64.5]]]]}},{"type":"Feature","properties":{},"geometry":{"type":"MultiPolygon","coordinates":[[[[149.3,-71],[155.5,-71.6],[156.3,-72.8],[156.6,-74.9],[152.3,-75.2],[152.8,-72.2],[149.3,-71]]]]}},{"type":"Feature","properties":{},"geometry":{"type":"MultiPolygon","coordinates":[[[[125.8,-57.1],[126.4,-57],[126.6,-56.8],[126.8,-56.7],[127.5,-56.5],[127.9,-56.1],[128.8,-55.6],[130.2,-55.2],[131.1,-55.1],[131.1,-54.9],[135.1,-55.9],[136.6,-56],[137,-55.8],[140.7,-54.7],[141.1,-55],[139.6,-55.7],[134.7,-57.9],[132.4,-59],[129.3,-58.7],[126.9,-58.3],[125,-58],[123.8,-58.1],[122.8,-58.3],[121.9,-58.5],[120.8,-59],[119.8,-59.5],[119.7,-57.8],[125.4,-57.6],[125.8,-57.1]]]]}},{"type":"Feature","properties":{},"geometry":{"type":"MultiPolygon","coordinates":[[[[153.8,-59.1],[153.9,-60.7],[153.6,-61.1],[152.7,-61.5],[151.4,-62.7],[149.8,-63.3],[149.8,-62.5],[152.6,-60.6],[153.8,-60.5],[153.8,-59.1]]]]}},{"type":"Feature","properties":{},"geometry":{"type":"MultiPolygon","coordinates":[[[[122.4,-63.2],[123.5,-62.6],[126,-63],[128.4,-63.7],[131.4,-64.1],[135.4,-64],[136.5,-64.2],[138.8,-64.7],[140.4,-64.9],[141.8,-65.3],[140.1,-65.4],[136.2,-65.4],[130.1,-65.2],[127.9,-64.9],[124.2,-64.3],[122.7,-63.6],[122.4,-63.2]]]]}},{"type":"Feature","properties":{},"geometry":{"type":"MultiPolygon","coordinates":[[[[141.5,-55],[141.9,-54.8],[147.7,-54.5],[151.1,-56.3],[152.5,-57.9],[151.3,-57.3],[148.9,-56.8],[144.9,-56.6],[143.2,-56.2],[141.5,-55]]]]}},{"type":"Feature","properties":{},"geometry":{"type":"MultiPolygon","coordinates":[[[[127.8,-58.4],[131.9,-58.9],[132.9,-59.3],[135.1,-60.2],[137.1,-60.9],[138.3,-61.6],[140.8,-62.8],[142.1,-64.1],[141.3,-64.8],[139.3,-64.7],[137,-64.5],[135.9,-63.5],[135.6,-62.1],[133.5,-61.3],[131.6,-60.8],[129.4,-60],[127.4,-59.1],[127.8,-58.4]]]]}},{"type":"Feature","properties":{},"geometry":{"type":"MultiPolygon","coordinates":[[[[141.8,-64.9],[142,-63.9],[140.2,-62.5],[138.1,-61.4],[136.8,-60.7],[134.8,-60],[132.7,-59.1],[135.9,-57.2],[140.1,-55.4],[141.5,-55],[144,-56.5],[147.5,-56.8],[150.3,-57.1],[151.9,-57.5],[153.1,-58.4],[153.6,-60.2],[153,-60.5],[150.1,-61.8],[146.4,-64.6],[144.3,-65.4],[141.8,-64.9]]]]}},{"type":"Feature","properties":{},"geometry":{"type":"MultiPolygon","coordinates":[[[[142.9,-65.9],[145.7,-65],[147.9,-64.1],[150.9,-62.8],[152.3,-61.9],[153.4,-61.2],[154.4,-62.3],[156,-65],[157.2,-66.8],[157.1,-67.7],[152.4,-67.6],[147.1,-67.4],[141.1,-66.3],[136.4,-65.7],[137.5,-65.4],[140.9,-65.4],[142.9,-65.9]]]]}},{"type":"Feature","properties":{},"geometry":{"type":"MultiPolygon","coordinates":[[[[142.5,-65.7],[145.7,-65],[142.9,-65.9],[142.5,-65.7]]]]}},{"type":"Feature","properties":{},"geometry":{"type":"MultiPolygon","coordinates":[[[[127.8,-58.4],[125,-59.1],[121.9,-60.9],[121.9,-61.9],[121.2,-61.1],[120.8,-60],[120.8,-59.5],[120.1,-60],[119.8,-59.5],[120.8,-59],[121.9,-58.5],[122.8,-58.3],[123.8,-58.1],[125,-58],[126.9,-58.3],[127.8,-58.4]]]]}},{"type":"Feature","properties":{},"geometry":{"type":"MultiPolygon","coordinates":[[[[126.9,-70.4],[135.3,-69.7],[137.9,-68.1],[144.4,-69.1],[147.5,-70.7],[149.7,-71.1],[153.6,-73.2],[152.2,-77.2],[148,-78.1],[142.3,-78.5],[137.3,-78.5],[131,-79.4],[128.6,-80.2],[123.3,-80.9],[120.5,-80.9],[107.3,-82.6],[106.6,-82.4],[106.3,-82.5],[101,-82.8],[96.1,-81],[103.5,-79.9],[117.7,-77.2],[121.9,-74.2],[125.4,-71.1],[126.9,-70.4]]]]}},{"type":"Feature","properties":{},"geometry":{"type":"MultiPolygon","coordinates":[[[[106.6,-59.1],[105.4,-60.4],[103.9,-60.8],[103.2,-59.5],[103.2,-58.8],[106.6,-59.1]]]]}},{"type":"Feature","properties":{},"geometry":{"type":"MultiPolygon","coordinates":[[[[106.6,-59.1],[109.8,-59.2],[111.4,-59.7],[109.7,-59.7],[108.2,-60.1],[105.7,-61.1],[104.8,-60.8],[106.7,-59.5],[106.6,-59.1]]]]}},{"type":"Feature","properties":{},"geometry":{"type":"MultiPolygon","coordinates":[[[[109.1,-60.4],[111.4,-60.3],[113.1,-60.8],[116.9,-62.8],[120.8,-64.5],[119.3,-65.5],[117.3,-64.5],[115.2,-64.2],[111.1,-63.5],[107.6,-61.7],[107.7,-60.9],[109.1,-60.4]]]]}},{"type":"Feature","properties":{},"geometry":{"type":"MultiPolygon","coordinates":[[[[77.7,-56.6],[77.1,-55.8],[76.4,-55.3],[76.3,-54.4],[77.4,-54.4],[78.1,-54.6],[79.7,-54.6],[79,-55.4],[77.7,-56.6]]]]}},{"type":"Feature","properties":{},"geometry":{"type":"MultiPolygon","coordinates":[[[[84.5,-64.8],[93,-65.8],[91.2,-66.2],[97.2,-66],[99.6,-65.9],[101.6,-65.8],[103.3,-65.9],[107.2,-67.3],[111.3,-68.6],[117.1,-70.1],[111.1,-69.6],[103.9,-69],[94.3,-68.8],[90.4,-68.8],[89,-68.5],[83.7,-68.6],[83.6,-67.7],[84.5,-67.1],[82.5,-66.3],[82.5,-66.2],[83.3,-65.5],[84,-65.6],[84.5,-65.3],[84.5,-65],[84.5,-64.8]]]]}},{"type":"Feature","properties":{},"geometry":{"type":"MultiPolygon","coordinates":[[[[61.8,-74.8],[64.2,-73.5],[67.2,-72.5],[69.8,-70.9],[74.2,-69.9],[79.4,-69.6],[86.3,-68.4],[89.9,-68.7],[93.8,-68.9],[99.2,-68.7],[107.7,-69.1],[114.4,-70],[121.9,-70.6],[124.5,-71.5],[121.4,-74.6],[114.9,-78.5],[99.8,-79.5],[94.8,-82.5],[86.3,-84],[77.9,-84.5],[70.8,-84.9],[69.7,-84.9],[62.7,-84.9],[53.1,-84.7],[48.1,-84.6],[50.8,-84.5],[51.1,-84.3],[47.8,-83.5],[49.3,-83.4],[49.9,-83.3],[47.8,-83.3],[44.7,-83.2],[46.3,-83.1],[44.7,-82.6],[42,-82.8],[39,-81.4],[37.6,-80.7],[34.5,-80.3],[34.4,-80.3],[35.8,-79.3],[43.6,-79.8],[54.5,-78.8],[56.7,-78.7],[58.2,-78],[58.2,-77],[58.2,-76.8],[58,-76.1],[60.3,-76.2],[61.8,-74.8]]]]}},{"type":"Feature","properties":{},"geometry":{"type":"MultiPolygon","coordinates":[[[[65.2,-69.6],[64.8,-73.1],[63.8,-74.5],[55,-75.8],[56.4,-76.5],[55.6,-76.8],[52.7,-77.7],[47.5,-78.3],[43.1,-78.7],[39.8,-79],[35.8,-79.3],[34.9,-78.2],[42.2,-75.4],[54.6,-72],[65.2,-69.6]]]]}},{"type":"Feature","properties":{},"geometry":{"type":"MultiPolygon","coordinates":[[[[86.6,-58.6],[87.9,-60.3],[87.2,-60],[87,-60.6],[86.2,-60.6],[80.1,-61.9],[77.9,-59.6],[83,-59.1],[86.9,-59],[86.6,-58.6]]]]}},{"type":"Feature","properties":{},"geometry":{"type":"MultiPolygon","coordinates":[[[[26.4,-53.6],[31.4,-59.1],[37.7,-63.4],[41,-61.2],[38.3,-57.6],[43.9,-52.7],[42.1,-50.3],[41.8,-49.3],[47.1,-53.7],[48.4,-56.1],[49.7,-56.5],[49.8,-55.7],[50.1,-54.9],[51,-53.7],[53.1,-53.7],[55.4,-54],[58.5,-54.7],[59.5,-55.1],[60,-54.8],[60.9,-54.3],[61.6,-54.7],[62.2,-55.1],[63.9,-55.5],[63.7,-56.4],[60.4,-59.3],[61.5,-62.2],[52.6,-66.6],[47.5,-70.4],[35.5,-74],[32.6,-73],[31.9,-71.1],[33.3,-71.2],[33.5,-70.7],[35,-70.3],[39.3,-70.7],[41.1,-66.4],[38,-64.5],[30.3,-64.8],[24.1,-65.9],[19.8,-64.1],[24.3,-64.1],[23.7,-62.2],[23.6,-60.3],[24.1,-57.8],[21,-56.7],[14.3,-57.4],[12,-59.6],[14.7,-61.7],[13.2,-57.9],[16.3,-52.8],[24.6,-53.4],[26.4,-53.6]]]]}},{"type":"Feature","properties":{},"geometry":{"type":"MultiPolygon","coordinates":[[[[34.8,-70.3],[32.4,-70.6],[31.8,-70.3],[33.4,-70],[34.8,-70.3]]]]}},{"type":"Feature","properties":{},"geometry":{"type":"MultiPolygon","coordinates":[[[[44.3,-48.1],[44.7,-48.8],[44.9,-49.4],[44.2,-49.3],[43.5,-48.6],[44.3,-48.1]]]]}},{"type":"Feature","properties":{},"geometry":{"type":"MultiPolygon","coordinates":[[[[44.2,-47.7],[44.2,-48.1],[44,-47.8],[44.2,-47.7]]]]}},{"type":"Feature","properties":{},"geometry":{"type":"MultiPolygon","coordinates":[[[[45.1,-48.9],[44.9,-48.4],[45.1,-48.8],[45.1,-48.9]]]]}},{"type":"Feature","properties":{},"geometry":{"type":"MultiPolygon","coordinates":[[[[52.8,-49.4],[54.3,-49.7],[54.9,-49.9],[55.6,-50.4],[56.1,-51.6],[55.4,-53.3],[52.2,-53.3],[49.2,-52],[51.2,-50.7],[52.6,-50.9],[52.8,-49.4]]]]}},{"type":"Feature","properties":{},"geometry":{"type":"MultiPolygon","coordinates":[[[[53,-45.9],[54.1,-46.6],[52.1,-46.7],[51.8,-46.1],[53,-45.9]]]]}},{"type":"Feature","properties":{},"geometry":{"type":"MultiPolygon","coordinates":[[[[59.2,-44.5],[60,-45.3],[58.8,-44.5],[59.2,-44.5]]]]}},{"type":"Feature","properties":{},"geometry":{"type":"MultiPolygon","coordinates":[[[[57.8,-50.5],[59.4,-51.5],[62.5,-52.8],[61.6,-53],[60.3,-52.3],[58.6,-52.6],[57.3,-53.4],[56.2,-53.7],[55.4,-53.3],[56.1,-51.6],[55.6,-50.4],[56,-50.4],[57.7,-50.5],[57.8,-50.5]]]]}},{"type":"Feature","properties":{},"geometry":{"type":"MultiPolygon","coordinates":[[[[58.3,-47.4],[58.4,-50.4],[56.6,-50.1],[56.1,-50],[55.2,-48.3],[57,-47.2],[58.3,-47.4]]]]}},{"type":"Feature","properties":{},"geometry":{"type":"MultiPolygon","coordinates":[[[[64.1,-50.6],[65.8,-51.2],[65.4,-52.1],[63.7,-53.2],[63.4,-52.6],[62.5,-52.8],[59.4,-51.5],[57.8,-50.5],[58.7,-50.3],[59.2,-50.2],[62.7,-50.6],[64.1,-50.6]]]]}},{"type":"Feature","properties":{},"geometry":{"type":"MultiPolygon","coordinates":[[[[64,-54.2],[63.2,-55.3],[62,-54.9],[61,-54.6],[60.5,-54.9],[59.5,-55],[58.7,-55],[59.1,-54],[60.1,-53.7],[64,-54.2]]]]}},{"type":"Feature","properties":{},"geometry":{"type":"MultiPolygon","coordinates":[[[[55.8,-53.8],[53.5,-53.9],[51.4,-53.4],[50.1,-54.6],[50.1,-55.6],[49.9,-56.4],[48.8,-56.2],[48.9,-55.2],[47.9,-54.3],[49.1,-53.6],[50,-52.3],[53.3,-53.6],[55.8,-53.8]]]]}},{"type":"Feature","properties":{},"geometry":{"type":"MultiPolygon","coordinates":[[[[57.2,-45.2],[60.2,-45.2],[62.7,-44.8],[66.3,-45.8],[69.6,-47.2],[70.7,-48.6],[70.9,-50.5],[68.4,-49.8],[67,-48.2],[64.1,-47],[58.9,-46.8],[55.7,-46.5],[56.2,-45.2],[57.2,-45.2]]]]}},{"type":"Feature","properties":{},"geometry":{"type":"MultiPolygon","coordinates":[[[[73.2,-46.3],[72.9,-47.1],[72.5,-49.8],[72.6,-50.2],[72.5,-50.4],[72.4,-50.8],[70.7,-48.6],[71.6,-46.8],[73.2,-46.3]]]]}},{"type":"Feature","properties":{},"geometry":{"type":"MultiPolygon","coordinates":[[[[52.8,-44.5],[53.8,-45.3],[51.8,-46.1],[51.1,-45.3],[51.4,-44.7],[52.6,-44.5],[52.8,-44.5]]]]}},{"type":"Feature","properties":{},"geometry":{"type":"MultiPolygon","coordinates":[[[[61.8,-47.2],[63.9,-48.2],[60.8,-47.4],[61.8,-47.2]]]]}},{"type":"Feature","properties":{},"geometry":{"type":"MultiPolygon","coordinates":[[[[62.9,-53.2],[60.1,-53.7],[57,-53.7],[56.6,-53.2],[57.6,-53.4],[59.1,-52.5],[60.9,-52.5],[61.9,-53],[62.9,-53.2]]]]}},{"type":"Feature","properties":{},"geometry":{"type":"MultiPolygon","coordinates":[[[[65.8,-50.7],[67.2,-51.1],[68.4,-51.6],[69.5,-51.7],[70.8,-51.8],[71.6,-52],[73,-52.6],[68.9,-54.1],[63,-53],[63.5,-52.8],[64.2,-52.8],[66.2,-52.1],[65.8,-50.7]]]]}},{"type":"Feature","properties":{},"geometry":{"type":"MultiPolygon","coordinates":[[[[71.2,-49.2],[71.7,-51.5],[70.5,-51.4],[68.4,-50.8],[67.2,-48.5],[65.5,-48.7],[63,-48.2],[63,-46.8],[67.1,-48],[68.4,-49.4],[70.3,-50.9],[71.2,-49.2]]]]}},{"type":"Feature","properties":{},"geometry":{"type":"MultiPolygon","coordinates":[[[[82,-57.7],[79.8,-57.6],[79,-57.7],[80.9,-58.1],[81.9,-58],[83.4,-58],[85.3,-58.9],[80.8,-59.5],[77.4,-56.8],[82,-57.7]]]]}},{"type":"Feature","properties":{},"geometry":{"type":"MultiPolygon","coordinates":[[[[47.1,-72.6],[42.2,-75.4],[34.9,-78.2],[35.8,-80.1],[33.5,-80.2],[28.3,-80.1],[28,-80.1],[27,-80],[26.7,-80],[26.2,-80],[25.7,-79.9],[22.7,-79],[24,-78.2],[25.2,-77.6],[23.3,-77.4],[25.3,-77],[26.3,-76.8],[27.8,-76.2],[29.4,-74.7],[38.4,-74.1],[47.1,-72.6]]]]}},{"type":"Feature","properties":{},"geometry":{"type":"MultiPolygon","coordinates":[[[[11.3,-62.2],[12.3,-64.4],[13.2,-65.8],[15.5,-68.5],[13.3,-68.8],[11.5,-68.1],[10.4,-65.4],[10.1,-64],[10.4,-63],[10.8,-62.2],[11.3,-62.2]]]]}},{"type":"Feature","properties":{},"geometry":{"type":"MultiPolygon","coordinates":[[[[12.8,-64.8],[11.4,-62.6],[11.5,-61.9],[12,-62.5],[12.5,-63.1],[12.8,-63.4],[13.4,-64],[14.4,-64.9],[13,-64.6],[12.8,-64.8]]]]}},{"type":"Feature","properties":{},"geometry":{"type":"MultiPolygon","coordinates":[[[[11,-61],[10.9,-62.2],[10.5,-62.9],[9.9,-63.1],[9.6,-62.4],[9.4,-61.5],[9.9,-60.8],[10.7,-60.9],[11,-61]]]]}},{"type":"Feature","properties":{},"geometry":{"type":"MultiPolygon","coordinates":[[[[9.8,-60.8],[8.5,-61.6],[8.6,-62.6],[8.5,-63.7],[6.9,-63],[6,-61.7],[4.9,-60.1],[7.1,-60.5],[8.4,-60.8],[9.8,-60.8]]]]}},{"type":"Feature","properties":{},"geometry":{"type":"MultiPolygon","coordinates":[[[[8.7,-64.1],[7.8,-64.3],[6.7,-63.6],[5.6,-62.7],[6.9,-63],[8.7,-64.1]]]]}},{"type":"Feature","properties":{},"geometry":{"type":"MultiPolygon","coordinates":[[[[4.9,-60.1],[6,-61.7],[4.8,-63.7],[4.1,-62.2],[4.9,-60.1]]]]}},{"type":"Feature","properties":{},"geometry":{"type":"MultiPolygon","coordinates":[[[[-2,-68.3],[-2.6,-68.2],[-2,-66.9],[-1.1,-65.5],[-0.2,-64.1],[-0.1,-64.3],[-0.8,-65.6],[-1,-66.8],[-2,-68.3]]]]}},{"type":"Feature","properties":{},"geometry":{"type":"MultiPolygon","coordinates":[[[[2.8,-61],[2.6,-62],[2.1,-63.2],[0.9,-64.5],[0.8,-66.2],[-0.2,-67.1],[-0.8,-67.4],[-1.4,-68.3],[-1.6,-67.5],[-0.9,-66.3],[-0.5,-65.1],[0.4,-63.7],[1.1,-62.4],[1.2,-60.8],[1.7,-61.1],[2.8,-61]]]]}},{"type":"Feature","properties":{},"geometry":{"type":"MultiPolygon","coordinates":[[[[1.1,-62.4],[0.2,-63.6],[-1.6,-63.9],[-1,-63],[0,-62.3],[1.1,-62.4]]]]}},{"type":"Feature","properties":{},"geometry":{"type":"MultiPolygon","coordinates":[[[[0,-62.3],[-1,-63],[-1.6,-63.9],[-2.4,-64.5],[-2.6,-63.2],[-2.3,-62.6],[-1.2,-62.6],[-0.6,-62.1],[-0.5,-62],[0,-62.3]]]]}},{"type":"Feature","properties":{},"geometry":{"type":"MultiPolygon","coordinates":[[[[-2.7,-62.5],[-2.7,-62.9],[-2.6,-63.2],[-2.4,-64.5],[-1.7,-65.3],[-1.4,-66.1],[-2,-66.5],[-3.2,-67.5],[-4.7,-68.6],[-5.4,-68.8],[-5.1,-66.9],[-4.2,-65.6],[-3.4,-63.7],[-3,-62.4],[-2.7,-62.5]]]]}},{"type":"Feature","properties":{},"geometry":{"type":"MultiPolygon","coordinates":[[[[0.4,-63.7],[-0.7,-64.6],[-1,-66.3],[-2.4,-67.7],[-2.9,-68.8],[-4,-69.3],[-4.7,-68.6],[-3.2,-67.5],[-2,-66.5],[-1.4,-66.1],[-1.7,-65.3],[-1.6,-63.9],[0.2,-63.6],[0.4,-63.7]]]]}},{"type":"Feature","properties":{},"geometry":{"type":"MultiPolygon","coordinates":[[[[-3.1,-61.7],[-3.4,-63.7],[-4.2,-65.6],[-5.1,-66.9],[-5.4,-68.8],[-9.1,-68.4],[-6.5,-66.3],[-5.5,-64],[-3.8,-61.7],[-3.1,-61.7]]]]}},{"type":"Feature","properties":{},"geometry":{"type":"MultiPolygon","coordinates":[[[[-21.8,-55.4],[-27.9,-57.7],[-34.1,-57.4],[-35.1,-58.3],[-35.5,-60.6],[-35.3,-63],[-39,-66.3],[-49.1,-68.9],[-52.2,-70.4],[-53.7,-72.7],[-53.6,-71.9],[-53.3,-71.6],[-53.2,-70.7],[-52.9,-70.4],[-53.5,-70.1],[-52.8,-69.9],[-52.9,-69.6],[-52.5,-69.6],[-52,-69.5],[-51.8,-69.6],[-52,-69.4],[-52.3,-69.4],[-51.5,-69.1],[-50.7,-68.8],[-50.5,-68.5],[-51,-68.4],[-50.4,-68.2],[-50.5,-67.8],[-50.5,-67.6],[-50.7,-67.4],[-50.5,-67.1],[-50.2,-66.9],[-50,-66.7],[-49.8,-66.6],[-50,-66.4],[-50.2,-66],[-49.3,-65.9],[-49.1,-66],[-48.9,-66],[-48.9,-65.8],[-49.2,-65.8],[-48.5,-65.8],[-48.7,-65.6],[-49.9,-65.1],[-48.9,-64.9],[-49.6,-64.7],[-49.6,-64.2],[-49.2,-64.4],[-49,-64.4],[-49.2,-64.2],[-48.6,-63.9],[-47.8,-63.7],[-47.1,-64.1],[-46.1,-64.5],[-47.7,-63.9],[-47.3,-63.5],[-46.7,-63.4],[-45.2,-63.2],[-43.1,-62.4],[-40.1,-61.2],[-38.1,-59.8],[-37.5,-59.5],[-37,-59.3],[-36.8,-58.8],[-36.8,-58.1],[-36.1,-57.6],[-33.9,-57.1],[-32.2,-56.7],[-30.1,-56.5],[-26.5,-55.4],[-22.2,-54.9],[-18.4,-53.9],[-18,-53.7],[-21.8,-55.4]]]]}},{"type":"Feature","properties":{},"geometry":{"type":"MultiPolygon","coordinates":[[[[-0.6,-62.1],[-0.9,-62.6],[-2.2,-62.5],[-2.8,-62.8],[-2.4,-62.4],[-2.1,-61.7],[-1.7,-61.8],[-0.9,-62],[-0.6,-62.1]]]]}},{"type":"Feature","properties":{},"geometry":{"type":"MultiPolygon","coordinates":[[[[4.1,-60.8],[4.2,-64.6],[3.3,-66.1],[2.4,-64.9],[3.2,-62.9],[3.5,-61.8],[4.1,-60.8]]]]}},{"type":"Feature","properties":{},"geometry":{"type":"MultiPolygon","coordinates":[[[[10.3,-64.6],[10,-65.8],[12,-68.3],[14,-68.8],[15.6,-68.4],[27.3,-73.2],[19,-73.2],[15.8,-72.7],[11.2,-73.2],[5.8,-74.4],[-1.1,-73.8],[-4.7,-73.1],[-5.6,-71.2],[-9.4,-70],[-8.9,-68.6],[-4.4,-69.3],[-3.1,-69],[-2.3,-68.4],[-1.3,-67.9],[-0.8,-67.3],[0,-66.7],[2.1,-66.4],[4.2,-66.1],[6.2,-66.6],[7.2,-65.7],[7.8,-64.3],[8.6,-64.1],[9.4,-64.3],[10.3,-64.6]]]]}},{"type":"Feature","properties":{},"geometry":{"type":"MultiPolygon","coordinates":[[[[180,-82.4],[170.2,-82.6],[170.3,-81.1],[180,-82.4]]]]}},{"type":"Feature","properties":{},"geometry":{"type":"MultiPolygon","coordinates":[[[[-180,-83.7],[-172.6,-82.1],[-154.2,-81.8],[-152.2,-82.5],[-144.2,-83.9],[-138.7,-83.3],[-110.3,-85.2],[-124.1,-85.5],[-158.9,-84.4],[-180,-83.7]]]]}},{"type":"Feature","properties":{},"geometry":{"type":"MultiPolygon","coordinates":[[[[-0.1,-84.5],[-3.3,-85.8],[-25.3,-87.3],[-94.3,-86.9],[-52.8,-86.4],[-10.5,-82.1],[-1.7,-83.5],[-0.1,-84.5]]]]}},{"type":"Feature","properties":{},"geometry":{"type":"MultiPolygon","coordinates":[[[[-180,-82.4],[-170.3,-81],[-167.6,-82],[-180,-82.4]]]]}},{"type":"Feature","properties":{},"geometry":{"type":"MultiPolygon","coordinates":[[[[-180,-80.4],[-176.9,-77.6],[-173.9,-75.3],[-172.5,-72.7],[-169.8,-71],[-167.3,-72.6],[-166.5,-74.4],[-163,-76.6],[-160,-78.1],[-152.2,-79.6],[-160.5,-80.6],[-172.4,-80.2],[-180,-80.4]]]]}},{"type":"Feature","properties":{},"geometry":{"type":"MultiPolygon","coordinates":[[[[-5.8,-80],[-16.6,-80.7],[-14.6,-80.5],[-13.2,-80.4],[-10.2,-80.1],[-5.8,-80]]]]}},{"type":"Feature","properties":{},"geometry":{"type":"MultiPolygon","coordinates":[[[[28.3,-79.6],[15.9,-82.7],[-0.6,-84.1],[-7.3,-82.3],[-1.3,-80.1],[5.2,-80.2],[8.6,-80.3],[13.3,-80.2],[17.7,-79.7],[21,-79.1],[23.9,-79.3],[26.5,-79.5],[28.3,-79.6]]]]}},{"type":"Feature","properties":{},"geometry":{"type":"MultiPolygon","coordinates":[[[[-154.7,-66.6],[-163.3,-64.1],[-172.6,-60.4],[-167.4,-60.5],[-158,-63.2],[-153.2,-66],[-154.7,-66.6]]]]}},{"type":"Feature","properties":{},"geometry":{"type":"MultiPolygon","coordinates":[[[[-173.2,-59.9],[-178.7,-57],[-175,-57.9],[-173.2,-59.9]]]]}},{"type":"Feature","properties":{},"geometry":{"type":"MultiPolygon","coordinates":[[[[-96.3,-9.6],[-96.6,-9.5],[-98.7,-9.3],[-100.8,-8.3],[-101.4,-7.9],[-100.8,-7.6],[-99.7,-8.1],[-98.4,-8.8],[-97,-9],[-96.7,-9.1],[-96.3,-9.3],[-96.3,-9.6]]]]}},{"type":"Feature","properties":{},"geometry":{"type":"MultiPolygon","coordinates":[[[[-75.7,-12.4],[-75.7,-12.7],[-76.4,-12.8],[-77,-12.6],[-77.3,-12.5],[-77.2,-12.4],[-77.1,-11.7],[-76.4,-11.8],[-75.9,-12.2],[-75.7,-12.4]]]]}},{"type":"Feature","properties":{},"geometry":{"type":"MultiPolygon","coordinates":[[[[-78,-11.9],[-78.1,-11.5],[-77.5,-11.4],[-78,-11.9]]]]}},{"type":"Feature","properties":{},"geometry":{"type":"MultiPolygon","coordinates":[[[[-75.8,-10.9],[-76,-10.9],[-76.1,-10.6],[-75.8,-10.9]]]]}},{"type":"Feature","properties":{},"geometry":{"type":"MultiPolygon","coordinates":[[[[-73.8,-14.5],[-74,-14.9],[-74.1,-15.3],[-74.5,-15.4],[-74.4,-14.5],[-74.4,-14.2],[-74.2,-14.3],[-73.9,-14.6],[-73.8,-14.5]]]]}},{"type":"Feature","properties":{},"geometry":{"type":"MultiPolygon","coordinates":[[[[-74.2,-15.6],[-74.4,-15.8],[-74.5,-16.1],[-74.3,-16.3],[-74.5,-16.4],[-74.7,-16.6],[-74.7,-16.5],[-74.9,-16.6],[-74.8,-16.8],[-74.4,-16.6],[-74.5,-17.5],[-74.3,-19.2],[-74.2,-21],[-74.4,-21],[-74.3,-20.8],[-74.3,-20.6],[-74.4,-20.7],[-74.4,-21.1],[-74.5,-21.2],[-74.6,-21.5],[-74.5,-21.4],[-74.4,-21.8],[-74.7,-21.5],[-74.9,-20.2],[-75.2,-19.3],[-75.1,-18],[-75.2,-17.1],[-75,-16.3],[-74.5,-15.4],[-74.2,-15.6]]]]}},{"type":"Feature","properties":{},"geometry":{"type":"MultiPolygon","coordinates":[[[[-68.4,-27.1],[-69,-27.5],[-68.7,-27.5],[-68.8,-27.7],[-70.4,-28.6],[-70.1,-28.2],[-69.5,-27.4],[-69.1,-27.1],[-68.8,-27],[-68.4,-27.1]]]]}},{"type":"Feature","properties":{},"geometry":{"type":"MultiPolygon","coordinates":[[[[-70.4,-25.6],[-70.5,-25.7],[-70.7,-25.8],[-71.1,-26.1],[-71.5,-26.4],[-72.2,-26.3],[-72.3,-26.2],[-72.9,-26.2],[-73.5,-25.9],[-74.6,-25.6],[-75.9,-25.3],[-76,-25.2],[-75.5,-25.1],[-75.5,-25.3],[-75.3,-25.2],[-75.3,-24.9],[-74.9,-24.9],[-75,-24.7],[-75.3,-24.8],[-75.4,-24.1],[-74.6,-23.8],[-74.1,-23.7],[-74.1,-23.8],[-73.9,-24.3],[-73.6,-24.6],[-73.3,-25],[-73.1,-24.9],[-73.2,-24.9],[-72.7,-24.4],[-71,-24.8],[-70.4,-25.6]]]]}},{"type":"Feature","properties":{},"geometry":{"type":"MultiPolygon","coordinates":[[[[-69.4,-27.4],[-70.5,-28.5],[-71.6,-28.8],[-71,-28.2],[-71.2,-28.2],[-70.7,-27.8],[-70.5,-27.9],[-70.3,-27.6],[-70.2,-27.4],[-70.2,-27.3],[-70.1,-27],[-69.7,-26.2],[-69.3,-26],[-68.8,-25.6],[-68.3,-25.6],[-68.2,-25.6],[-68.6,-25.7],[-68.7,-26.3],[-68.9,-26.5],[-69.2,-26.9],[-69.4,-27.2],[-69.4,-27.4]]]]}},{"type":"Feature","properties":{},"geometry":{"type":"MultiPolygon","coordinates":[[[[-73.3,-27.2],[-74.4,-26.4],[-73.3,-26.8],[-73.3,-27.2]]]]}},{"type":"Feature","properties":{},"geometry":{"type":"MultiPolygon","coordinates":[[[[-75.1,-26.7],[-75.1,-26.9],[-75.1,-27.4],[-75.6,-27.3],[-76.3,-27],[-76.9,-27],[-77.5,-27.1],[-78,-27.2],[-78.8,-27.7],[-79.7,-28.2],[-80.4,-28.7],[-81,-28.6],[-81.8,-28.9],[-82.5,-29.2],[-82.7,-29.3],[-82.9,-29.5],[-83.7,-30.4],[-85.3,-30.5],[-89.6,-30.4],[-93.3,-30.8],[-92.3,-30.2],[-89.1,-29.1],[-87.4,-28.3],[-86.6,-28.5],[-85.5,-28.2],[-85.7,-28],[-85.1,-27.8],[-86.2,-27.7],[-86.1,-27.7],[-85.3,-27.3],[-84.9,-26.8],[-84.1,-26.6],[-83.6,-26.6],[-82.9,-26.2],[-82.4,-26.3],[-82.3,-26.7],[-81.8,-26.8],[-81.2,-27.1],[-80.7,-27.1],[-79.3,-26.7],[-79.7,-26.9],[-80.3,-27.2],[-80.6,-27.3],[-78.3,-26.5],[-75.3,-26.6],[-75.1,-26.7]]]]}},{"type":"Feature","properties":{},"geometry":{"type":"MultiPolygon","coordinates":[[[[-86.4,-27.8],[-86.3,-27.7],[-86.4,-27.9],[-86.4,-27.8]]]]}},{"type":"Feature","properties":{},"geometry":{"type":"MultiPolygon","coordinates":[[[[-81.5,-0.3],[-83.4,-0.7],[-84.4,-1.6],[-86.4,-2],[-86.9,-1.6],[-87.1,-1],[-84.3,1.5],[-83.2,1.8],[-82.8,1.4],[-82.8,1.2],[-83,0.7],[-82.9,0.5],[-83.2,0.6],[-83.3,0.2],[-83.2,0.2],[-83.1,0.1],[-83,0.2],[-82.8,0.5],[-82.2,0.8],[-82,0.5],[-81.8,0.5],[-81.7,0.5],[-81.6,0.7],[-81.8,0.6],[-82,0.8],[-82.1,0.8],[-82.2,1.2],[-81.2,0.9],[-81.5,0.4],[-81.4,0.1],[-81.5,-0.3]]]]}},{"type":"Feature","properties":{},"geometry":{"type":"MultiPolygon","coordinates":[[[[-87.2,-1.6],[-87.4,-1.3],[-87.3,-1.2],[-87.2,-1.2],[-87.2,-1.6]]]]}},{"type":"Feature","properties":{},"geometry":{"type":"MultiPolygon","coordinates":[[[[-98.6,-8.7],[-99.8,-8.1],[-101.2,-7.4],[-100.5,-6.5],[-100,-5.7],[-99.3,-5.6],[-98.3,-6.7],[-98.2,-8.4],[-98.6,-8.7]]]]}},{"type":"Feature","properties":{},"geometry":{"type":"MultiPolygon","coordinates":[[[[-98,-8.8],[-98.5,-8.6],[-97.9,-7.7],[-98.8,-6.2],[-99.9,-5.7],[-99.6,-5.2],[-98.7,-5.9],[-97.8,-7],[-97.7,-8],[-98,-8.8]]]]}},{"type":"Feature","properties":{},"geometry":{"type":"MultiPolygon","coordinates":[[[[-76.5,-25.4],[-77.5,-25.9],[-77.7,-25.9],[-78,-26],[-78.5,-26.2],[-78.9,-26.4],[-79,-26.5],[-80.5,-27.1],[-81,-27],[-81.6,-27],[-81.2,-25.9],[-80.9,-25],[-80.2,-24.5],[-79.7,-23.1],[-78.7,-24.1],[-78.6,-24.7],[-77.8,-24.6],[-76.8,-24.6],[-76.5,-25.4]]]]}},{"type":"Feature","properties":{},"geometry":{"type":"MultiPolygon","coordinates":[[[[-86.5,5.8],[-86.8,6.1],[-86.8,5.9],[-86.7,5.3],[-86.4,4.6],[-86.7,5.1],[-87.3,4.9],[-87.6,4.5],[-88.8,3.5],[-89,3.7],[-89.5,3.6],[-90,3.5],[-90.6,2.8],[-91.2,2.6],[-91.7,2.4],[-93.1,2],[-94.3,1.1],[-94.7,1.2],[-96.1,1.4],[-96,1.9],[-95.6,2.1],[-94.3,2.7],[-93.3,2.8],[-91.9,2.9],[-91.1,3.2],[-90.7,3.5],[-91.1,3.8],[-90.4,3.8],[-89.4,4.2],[-88.6,4.7],[-88.1,5.3],[-88.4,4.9],[-89.5,4.4],[-90.1,4.4],[-89.2,4.6],[-88.4,5.1],[-88.3,5.6],[-87.5,6],[-87.4,8.2],[-85.1,10.2],[-86.4,8.5],[-86.6,6.5],[-86.6,6.2],[-86.5,5.8]]]]}},{"type":"Feature","properties":{},"geometry":{"type":"MultiPolygon","coordinates":[[[[-76.5,-0.3],[-77.1,-0.5],[-77.4,-0.3],[-77.1,-0.4],[-76.9,-0.1],[-76.6,-0.1],[-76.5,-0.3]]]]}},{"type":"Feature","properties":{},"geometry":{"type":"MultiPolygon","coordinates":[[[[-81.3,-0.7],[-82.4,-1.1],[-83.9,-1.7],[-85.3,-2.5],[-85.9,-2.3],[-84.4,-1.6],[-83.4,-0.7],[-81.5,-0.3],[-81.3,-0.7]]]]}},{"type":"Feature","properties":{},"geometry":{"type":"MultiPolygon","coordinates":[[[[-79.5,0.3],[-79.2,0.4],[-79.3,0.2],[-79.5,-0.2],[-79.6,0.1],[-79.5,0.3]]]]}},{"type":"Feature","properties":{},"geometry":{"type":"MultiPolygon","coordinates":[[[[-80.7,0],[-80.5,0],[-80,0.1],[-80.1,-0.1],[-80.1,-0.3],[-80.5,-0.2],[-80.7,0]]]]}},{"type":"Feature","properties":{},"geometry":{"type":"MultiPolygon","coordinates":[[[[-77.6,1.2],[-76.1,2],[-75.6,1.9],[-75.8,1.5],[-75.9,1.4],[-76.3,1.3],[-76.5,0.8],[-76.6,0.5],[-76.9,0.3],[-77.3,0.2],[-77.4,0.5],[-77.7,0.4],[-77.6,1.2]]]]}},{"type":"Feature","properties":{},"geometry":{"type":"MultiPolygon","coordinates":[[[[-75.2,1.1],[-75.8,0.3],[-76.3,-0.2],[-76.5,0],[-76.2,0.3],[-75.4,1.3],[-75.2,1.1]]]]}},{"type":"Feature","properties":{},"geometry":{"type":"MultiPolygon","coordinates":[[[[-83.6,8.4],[-84.3,7.8],[-84.2,5.2],[-84.1,3.6],[-84.7,3],[-86.2,2.6],[-87.4,2.1],[-88.3,1.4],[-88.6,1.2],[-89.6,0.6],[-89.8,0.6],[-90.1,0.9],[-90.2,0.7],[-91.3,0.2],[-93.1,0.8],[-93.4,1.8],[-92.4,2.2],[-91.3,2.5],[-90.7,2.7],[-90.1,3.2],[-89.7,3.7],[-89,3.8],[-88.9,3.5],[-87.5,4.5],[-86.7,4.1],[-87.4,4.2],[-87.4,4.1],[-86.7,3.7],[-86.4,3.9],[-86.2,3.2],[-86.1,3.4],[-85.7,3.3],[-85.6,3.5],[-85.5,3.6],[-85.9,4.1],[-85.7,4.4],[-85.3,4.4],[-86.1,5.2],[-86.3,5.4],[-86.5,5.8],[-86.6,6.2],[-86.6,6.7],[-85.9,9.1],[-84.5,9.4],[-83.9,8.9],[-83.5,8.5],[-83.8,8.4],[-83.6,8.4]]]]}},{"type":"Feature","properties":{},"geometry":{"type":"MultiPolygon","coordinates":[[[[-81.7,-7.7],[-82.1,-7.4],[-82.1,-7.7],[-82.4,-7.6],[-82.5,-7.7],[-82.6,-7.7],[-82.7,-7.7],[-82.9,-7.8],[-83.1,-7.8],[-83.2,-7.7],[-83.6,-7.9],[-83.8,-8.1],[-84.6,-7.7],[-88.4,-4.9],[-87.5,-5.3],[-86.7,-5.3],[-85.1,-5.2],[-84.2,-6],[-82.4,-6.8],[-81.7,-7.7]]]]}},{"type":"Feature","properties":{},"geometry":{"type":"MultiPolygon","coordinates":[[[[-90.6,-7.6],[-90.5,-7.7],[-90.5,-7.8],[-90.8,-8.1],[-90.8,-8.2],[-91.6,-8.3],[-92,-8.6],[-92.3,-7.8],[-93.4,-7.6],[-93.3,-7.5],[-92.4,-7.2],[-91.8,-7.1],[-91.9,-7.4],[-91.7,-7.5],[-90.8,-7.6],[-90.7,-7.6],[-90.6,-7.6]]]]}},{"type":"Feature","properties":{},"geometry":{"type":"MultiPolygon","coordinates":[[[[-96.5,-2.6],[-97.1,-0.1],[-94.4,0.8],[-92.1,0.5],[-92.7,0],[-95.7,-1.6],[-96.5,-2.6]]]]}},{"type":"Feature","properties":{},"geometry":{"type":"MultiPolygon","coordinates":[[[[-74.7,-13.8],[-75.3,-13.6],[-76.3,-13.1],[-77,-12.9],[-77.6,-13.1],[-77.5,-13.1],[-77.8,-12.9],[-77.2,-12.6],[-76.6,-12.8],[-75.9,-13],[-76,-12.4],[-75.6,-12.4],[-75,-12.6],[-74.8,-13.1],[-74.7,-13.5],[-74.5,-13.6],[-74.7,-13.7],[-74.7,-13.8]]]]}},{"type":"Feature","properties":{},"geometry":{"type":"MultiPolygon","coordinates":[[[[-86.5,-10],[-87.9,-9.1],[-88.3,-9.2],[-89.1,-8.4],[-89.6,-8.1],[-89.5,-8],[-89.7,-7.8],[-89.9,-7.7],[-89.5,-7.5],[-88.5,-7.6],[-87.5,-8.9],[-86.6,-9.8],[-86.5,-10]]]]}},{"type":"Feature","properties":{},"geometry":{"type":"MultiPolygon","coordinates":[[[[-90,-7.6],[-90.2,-7.4],[-90.7,-7.3],[-91.6,-7.2],[-92.3,-7.1],[-93.1,-7.4],[-94.9,-8.3],[-95.8,-8.8],[-96.2,-10.6],[-97.3,-12],[-97.5,-11.9],[-96.6,-10.5],[-96.3,-9.6],[-96.2,-8.9],[-95.6,-8.3],[-94,-7.6],[-92.6,-6.9],[-91.5,-6.7],[-89.8,-7.1],[-89.9,-7.4],[-90,-7.6]]]]}},{"type":"Feature","properties":{},"geometry":{"type":"MultiPolygon","coordinates":[[[[-85.5,-10.7],[-87.3,-10.5],[-88.4,-10.3],[-89,-9.8],[-89.4,-9.4],[-89.7,-8.9],[-89.5,-8.5],[-90,-8.1],[-90.1,-7.8],[-89.9,-7.7],[-89.7,-7.8],[-89.5,-8],[-89.6,-8.1],[-89.1,-8.4],[-88.3,-9.2],[-87.9,-9.1],[-86.5,-10],[-85.6,-10.5],[-85.5,-10.7]]]]}},{"type":"Feature","properties":{},"geometry":{"type":"MultiPolygon","coordinates":[[[[-90.3,-7.6],[-90.5,-7.6],[-90,-7.7],[-90.3,-7.6]]]]}},{"type":"Feature","properties":{},"geometry":{"type":"MultiPolygon","coordinates":[[[[-90.5,-7.6],[-91.8,-7.3],[-91.9,-7.3],[-91.6,-7.2],[-90.7,-7.3],[-90.2,-7.4],[-90.6,-7.5],[-90.5,-7.6]]]]}},{"type":"Feature","properties":{},"geometry":{"type":"MultiPolygon","coordinates":[[[[-90.5,-2.8],[-91,-2.7],[-91.2,-2.9],[-91,-3],[-90.4,-3.2],[-91.1,-4.9],[-91.6,-5.1],[-92.2,-5],[-93.3,-4.6],[-94,-4.3],[-94.9,-4.1],[-95.2,-3.8],[-94.2,-2.4],[-92.5,-1.2],[-90.7,-0.9],[-88.8,-1],[-88.3,-1],[-87.1,-1.6],[-86.3,-2],[-87.7,-1.7],[-88.4,-1.5],[-89.5,-2],[-90.5,-2.8]]]]}},{"type":"Feature","properties":{},"geometry":{"type":"MultiPolygon","coordinates":[[[[-95.3,-3.9],[-97,-3.8],[-98.4,-3.9],[-97.8,-2.6],[-96.5,-2.6],[-95.1,-3.5],[-95.3,-3.9]]]]}},{"type":"Feature","properties":{},"geometry":{"type":"MultiPolygon","coordinates":[[[[-84.2,-8.2],[-84.9,-8.6],[-85.4,-9.1],[-85.6,-9.4],[-85.6,-9.7],[-85.2,-10.1],[-85.7,-10.5],[-86.6,-9.8],[-87.5,-8.9],[-88.5,-7.6],[-88.9,-7.4],[-88.9,-7.3],[-88.8,-7.1],[-89.3,-7.1],[-89.8,-7.1],[-91.5,-6.7],[-92.6,-6.9],[-92.5,-6.5],[-92.3,-5.3],[-92,-5],[-91.3,-5],[-89.1,-5],[-88.4,-4.9],[-84.3,-8],[-84.2,-8.2]]]]}},{"type":"Feature","properties":{},"geometry":{"type":"MultiPolygon","coordinates":[[[[-90.2,-26],[-93.4,-26.1],[-90.7,-24.2],[-89.8,-23.7],[-89.8,-24.4],[-90.5,-25.1],[-90.7,-25.4],[-90,-25.5],[-90.2,-26]]]]}},{"type":"Feature","properties":{},"geometry":{"type":"MultiPolygon","coordinates":[[[[-95.7,2.2],[-95,2.8],[-94,3.9],[-93.2,4.7],[-92.7,4.6],[-91.8,4.8],[-90.8,5.1],[-89.8,5.8],[-89.2,6.6],[-88.9,7.4],[-88.9,8.1],[-88.9,8.8],[-87.9,9.6],[-87.2,10.2],[-86.5,10.5],[-85.7,10.5],[-85.7,10.1],[-87.5,7.4],[-87.7,5.8],[-88.4,5.5],[-88.5,5.1],[-89.6,4.5],[-90.1,4.3],[-89.2,4.5],[-88.4,5],[-88.1,5.2],[-88.9,4.5],[-89.6,4.2],[-90.7,3.8],[-91.2,3.7],[-90.7,3.5],[-91.2,3.2],[-92,2.8],[-93.4,2.7],[-94.6,2.2],[-95.7,2.2]]]]}},{"type":"Feature","properties":{},"geometry":{"type":"MultiPolygon","coordinates":[[[[-91.4,-8.5],[-91.5,-8.7],[-91.6,-8.8],[-92,-8.6],[-91.5,-8.4],[-91.4,-8.5]]]]}},{"type":"Feature","properties":{},"geometry":{"type":"MultiPolygon","coordinates":[[[[-92,-8.6],[-93.8,-10],[-95.2,-11],[-95.8,-11.8],[-96.1,-12.1],[-97.2,-13.2],[-99.2,-14.5],[-99.5,-13.3],[-97.5,-12.1],[-96.5,-11.1],[-95.9,-9.1],[-95.1,-8.3],[-93.7,-7.6],[-92.8,-7.6],[-91.9,-8.3],[-92,-8.6]]]]}},{"type":"Feature","properties":{},"geometry":{"type":"MultiPolygon","coordinates":[[[[-70.1,-25.6],[-70.3,-25.6],[-70.2,-25.5],[-70.7,-25.3],[-71.4,-24.7],[-72.9,-24.3],[-73.2,-24.9],[-73,-24.9],[-73.3,-24.8],[-73.7,-24.8],[-74.2,-24],[-74,-23.7],[-74.2,-23.7],[-75.2,-24.2],[-75.9,-24.5],[-75.2,-24.8],[-74.9,-24.8],[-75.3,-25],[-75.3,-25.2],[-75.6,-25.2],[-75.5,-24.9],[-76,-25.2],[-76.2,-25.4],[-76.5,-25.2],[-77,-24.7],[-77.9,-24.6],[-78.6,-24.6],[-79.1,-22.9],[-78.6,-22.7],[-77.9,-22.7],[-76.9,-22.6],[-76.2,-22.6],[-75.6,-22.6],[-75.2,-22.4],[-74.8,-21.8],[-74.1,-22.1],[-74.3,-22.3],[-74,-22.3],[-73.7,-22.5],[-72.3,-22.8],[-72.1,-22.8],[-71,-22.8],[-69.5,-22.6],[-69.6,-22.7],[-70,-22.8],[-70.6,-22.9],[-70.8,-23.3],[-71,-23.4],[-70.7,-23.2],[-70,-22.9],[-69,-22.8],[-69,-23.2],[-69.1,-23.4],[-68.7,-23.3],[-68.7,-23.4],[-68.3,-23.6],[-68.1,-23.8],[-68.1,-24],[-68.2,-24.1],[-68.5,-24.2],[-68.2,-24.5],[-68.4,-24.5],[-68.2,-24.8],[-68.3,-25],[-68.4,-25.1],[-69,-25.4],[-69.4,-25.6],[-69.8,-25.5],[-70,-25.5],[-70.1,-25.6]]]]}},{"type":"Feature","properties":{},"geometry":{"type":"MultiPolygon","coordinates":[[[[-110.5,-27],[-111.2,-26.4],[-111.4,-26.1],[-112.2,-25.3],[-112.3,-24.7],[-112.4,-23.7],[-112.5,-23.6],[-112.6,-23.4],[-112.8,-22.3],[-112.6,-22.3],[-112.3,-22.8],[-111.6,-22.9],[-111,-23.6],[-110.6,-24.4],[-110,-25.6],[-110.5,-27]]]]}},{"type":"Feature","properties":{},"geometry":{"type":"MultiPolygon","coordinates":[[[[-99.6,-15],[-99.6,-16],[-99.8,-18.5],[-100.3,-17.1],[-101.6,-15.8],[-103.3,-15.2],[-101.4,-14.6],[-99.5,-13.3],[-99.6,-15]]]]}},{"type":"Feature","properties":{},"geometry":{"type":"MultiPolygon","coordinates":[[[[-90.3,-19.5],[-90,-19.4],[-90,-19.5],[-90.3,-19.5]]]]}},{"type":"Feature","properties":{},"geometry":{"type":"MultiPolygon","coordinates":[[[[-91.2,-19.4],[-93.3,-19.3],[-92.7,-19.8],[-91.2,-20.4],[-92.3,-20.4],[-93.5,-19.7],[-93.7,-19.8],[-95.6,-20.3],[-95.9,-20.6],[-96.7,-21.2],[-98.1,-21.5],[-99.2,-21.4],[-100.7,-20.9],[-102.1,-21.5],[-102.9,-21.4],[-101.9,-21.1],[-100.7,-20.8],[-99.8,-20.6],[-97.4,-21],[-96.3,-20.4],[-95.9,-19.7],[-95.5,-19.5],[-94.4,-19.2],[-93.8,-19.2],[-92.8,-18.5],[-92.2,-18.6],[-91.2,-19.4]]]]}},{"type":"Feature","properties":{},"geometry":{"type":"MultiPolygon","coordinates":[[[[-89.4,-23.2],[-90,-23.2],[-90.8,-22.5],[-90.8,-22.3],[-90.7,-21.9],[-89.7,-22.5],[-89.4,-23.1],[-89.4,-23.2]]]]}},{"type":"Feature","properties":{},"geometry":{"type":"MultiPolygon","coordinates":[[[[-89.8,-23.7],[-91.3,-24.7],[-91,-23.6],[-90.4,-23.3],[-90,-23.4],[-89.8,-23.7]]]]}},{"type":"Feature","properties":{},"geometry":{"type":"MultiPolygon","coordinates":[[[[-111.8,-6.5],[-113.7,-5.2],[-113.8,-3.6],[-113.2,-2.9],[-112.7,-2.2],[-112.7,-1],[-111.6,-0.2],[-110.7,-0.8],[-109.8,-3.6],[-108.4,-5.7],[-110.3,-4.8],[-111.9,-4.6],[-111.8,-6.5]]]]}},{"type":"Feature","properties":{},"geometry":{"type":"MultiPolygon","coordinates":[[[[-115.3,-12.1],[-115.8,-13.4],[-115.6,-14.2],[-116,-14.9],[-115.9,-17.6],[-115.6,-19],[-115.7,-21.1],[-114.9,-22.2],[-116.6,-23.5],[-117.5,-23],[-117.1,-18.9],[-116.5,-15.5],[-116.3,-14.2],[-116.4,-13.5],[-116.4,-12.8],[-115.8,-12.2],[-115.4,-11.6],[-115.1,-11.3],[-115.3,-12.1]]]]}},{"type":"Feature","properties":{},"geometry":{"type":"MultiPolygon","coordinates":[[[[-113.2,-7.2],[-115,-7.9],[-115.6,-6.5],[-116.4,-5.8],[-115,-5.1],[-113.8,-3.5],[-113.2,-2.9],[-113.8,-3.6],[-113.7,-5.2],[-113.2,-7.2]]]]}},{"type":"Feature","properties":{},"geometry":{"type":"MultiPolygon","coordinates":[[[[-71.6,-22.3],[-72.3,-22.7],[-72.6,-21.9],[-72.4,-19.4],[-72.5,-17.5],[-72.4,-17.2],[-72.4,-17],[-72.3,-16.7],[-72.1,-16.8],[-72.2,-16.4],[-72,-16.3],[-72,-16.2],[-71.9,-16.1],[-71.8,-16.1],[-71.8,-17.4],[-71.8,-18.8],[-71.7,-20.3],[-71.9,-21.7],[-71.6,-22.3]]]]}},{"type":"Feature","properties":{},"geometry":{"type":"MultiPolygon","coordinates":[[[[-180,-57],[-176,-56.8],[-169.4,-57.7],[-167.6,-58.3],[-172.4,-59],[-178.5,-57.3],[-180,-57]]]]}},{"type":"Feature","properties":{},"geometry":{"type":"MultiPolygon","coordinates":[[[[50.1,-47.4],[50.4,-48.3],[51.6,-48.5],[51.9,-49.2],[50.8,-49.2],[49.5,-48.7],[48.8,-48.7],[46.5,-48.2],[45.3,-48],[44.9,-48.3],[44.8,-47.9],[44.6,-47.7],[44.3,-47.3],[44,-47],[45.2,-47.4],[47.1,-47.9],[48.8,-48],[50.1,-47.4]]]]}},{"type":"Feature","properties":{},"geometry":{"type":"MultiPolygon","coordinates":[[[[-50.3,-17.1],[-50.1,-17.2],[-50,-17.2],[-49.6,-17.3],[-49.1,-17],[-48.8,-17.3],[-48.7,-17],[-48.5,-16.5],[-48.3,-16.3],[-48.4,-16.5],[-48.2,-16.3],[-47.8,-16.2],[-47.2,-16.3],[-47.1,-16.2],[-46.9,-15.4],[-45,-16],[-46,-17.6],[-47.4,-20.6],[-49.3,-23.6],[-51.3,-23.9],[-51.9,-23.3],[-50.9,-22],[-51.2,-22.1],[-51,-21.8],[-51.1,-21.6],[-51.4,-20.4],[-50.9,-20.4],[-50.9,-20.7],[-50.7,-20.5],[-51,-20.3],[-50.8,-19.6],[-50.3,-19.4],[-50.4,-19.3],[-50,-18.8],[-50,-18.7],[-49.9,-18.5],[-49.3,-18.2],[-49.9,-18.2],[-50.1,-18],[-50.2,-17.7],[-50.4,-17.7],[-50.8,-17.5],[-50.8,-17.2],[-50.3,-17.1]]]]}},{"type":"Feature","properties":{},"geometry":{"type":"MultiPolygon","coordinates":[[[[-56.8,-21.3],[-56.2,-20.5],[-55.5,-20.8],[-54.8,-20.9],[-54.4,-21.3],[-54.5,-21.4],[-53.9,-21.7],[-53.9,-22],[-52.9,-21.6],[-52.8,-22.4],[-52.6,-22.6],[-52.9,-22.8],[-53,-23.2],[-52.7,-23],[-52.6,-23.1],[-52.3,-23.4],[-52.8,-23.8],[-53.3,-24.1],[-53.6,-24.3],[-54.2,-24.7],[-54.9,-25],[-54.7,-25.3],[-54.8,-25.5],[-55,-25.5],[-55.5,-25.7],[-55.7,-25.9],[-55.6,-26.1],[-56,-26.1],[-55.6,-25.5],[-55.7,-25],[-55.6,-24.7],[-54.9,-24.2],[-54.8,-23.7],[-55,-24.3],[-55.8,-24.4],[-55.9,-24.2],[-56.4,-24.5],[-56.4,-24.4],[-56.3,-24],[-56.2,-23.4],[-56.3,-23.1],[-56.5,-22.9],[-56.2,-22.7],[-55.9,-22.4],[-56,-22.3],[-56.2,-22],[-56.1,-21.9],[-56.2,-21.6],[-56.4,-21.7],[-56.8,-21.3]]]]}},{"type":"Feature","properties":{},"geometry":{"type":"MultiPolygon","coordinates":[[[[-59.6,-25],[-59.5,-24.8],[-58.4,-24],[-58,-23.1],[-57.8,-23.2],[-57.5,-23.6],[-57.4,-24.2],[-57.6,-24.5],[-57.7,-24.6],[-58.1,-24.9],[-58.2,-25.1],[-58.6,-25.1],[-58.5,-25.4],[-58.7,-25.6],[-59,-25.7],[-59.1,-25.6],[-59.2,-25.4],[-59.7,-25.6],[-59.5,-25.2],[-59.8,-25.2],[-59.5,-25.1],[-59.6,-25]]]]}},{"type":"Feature","properties":{},"geometry":{"type":"MultiPolygon","coordinates":[[[[-51.1,-21.6],[-51.1,-21.8],[-51.2,-21.9],[-51.1,-21.6]]]]}},{"type":"Feature","properties":{},"geometry":{"type":"MultiPolygon","coordinates":[[[[-47.7,-16.2],[-47.4,-16.2],[-47.4,-16.3],[-47.5,-16.3],[-47.7,-16.2]]]]}},{"type":"Feature","properties":{},"geometry":{"type":"MultiPolygon","coordinates":[[[[153.6,-57.6],[149.2,-55.4],[152.1,-54.5],[152.8,-55.4],[154.8,-56.3],[156.9,-57.1],[158.9,-57.7],[160.2,-58.1],[160.2,-59.3],[159.3,-59.3],[159.2,-60.2],[159.5,-61],[159.3,-61.7],[157.2,-61.6],[155.4,-60.3],[154.9,-59.1],[153.6,-57.6]]]]}},{"type":"Feature","properties":{},"geometry":{"type":"MultiPolygon","coordinates":[[[[154.5,-76],[156.9,-74.5],[156.1,-72.1],[156.2,-71.2],[159,-70.8],[158.8,-72.7],[159,-74.7],[156,-76.4],[152.4,-77.3],[152.2,-77.2],[154.5,-76]]]]}},{"type":"Feature","properties":{},"geometry":{"type":"MultiPolygon","coordinates":[[[[36.2,-80.2],[42,-81.3],[43.4,-81.6],[42.6,-81.8],[44,-81.9],[47.5,-82.5],[51.9,-83.3],[43.1,-84.1],[20.6,-84.8],[7.4,-86],[-8.3,-86.3],[12.1,-84.6],[30.7,-82.5],[36.2,-80.2]]]]}},{"type":"Feature","properties":{},"geometry":{"type":"MultiPolygon","coordinates":[[[[97.8,-56.1],[99,-56.4],[100.2,-55.8],[100.7,-55.6],[101.8,-55.8],[102.1,-55.7],[102.5,-55.6],[103,-55.8],[104.1,-55.4],[104.5,-55.5],[104.3,-55.4],[105.5,-55.2],[105.9,-55],[106.3,-54.8],[106.4,-54.5],[106.7,-54.4],[107.1,-54.3],[107.8,-54.3],[109.2,-54.1],[110,-54.1],[110.4,-54],[110.7,-54],[110.8,-54],[111.7,-53.9],[112.5,-53.6],[112.8,-53.5],[113.4,-53.5],[113.3,-53.4],[113.8,-53.5],[114.2,-53.4],[114.7,-53.4],[115.1,-53.5],[116.4,-53.8],[116.5,-53.9],[116.8,-53.8],[117.6,-54.3],[118.3,-54.8],[119,-55.2],[119,-55.3],[120.8,-56],[121.3,-56.1],[122,-56.3],[122.7,-56.3],[124.4,-56.9],[125.4,-57.3],[123.7,-58],[118.5,-58.8],[115.4,-58.7],[113.6,-59.3],[112.3,-59.5],[110.9,-59.4],[107.5,-59.2],[104.2,-58.8],[100.5,-58.7],[98.2,-59.2],[92.6,-58.9],[97.2,-56.8],[97.8,-56.1]]]]}},{"type":"Feature","properties":{},"geometry":{"type":"MultiPolygon","coordinates":[[[[99.3,-55.7],[99.6,-55.5],[99.2,-55.9],[98.9,-55.7],[99.3,-55.7]]]]}},{"type":"Feature","properties":{},"geometry":{"type":"MultiPolygon","coordinates":[[[[-74.6,-11.4],[-74.6,-11.1],[-74.6,-11],[-74.6,-11.4]]]]}},{"type":"Feature","properties":{},"geometry":{"type":"MultiPolygon","coordinates":[[[[89.3,-35.9],[88.1,-38.8],[88.4,-40.5],[88.8,-41.9],[85.9,-40.7],[87.1,-35.4],[88.8,-34.5],[89.3,-35.9]]]]}},{"type":"Feature","properties":{},"geometry":{"type":"MultiPolygon","coordinates":[[[[101.3,-33.9],[99.6,-36.7],[96.6,-37.7],[95,-40.2],[92.6,-42.2],[88.6,-43.1],[87.6,-43.2],[87.6,-42.8],[88.8,-41.9],[92.3,-40.1],[94.6,-37.9],[97.7,-34.7],[100.4,-32.9],[101.3,-33.9]]]]}},{"type":"Feature","properties":{},"geometry":{"type":"MultiPolygon","coordinates":[[[[7.8,-64.3],[7.2,-65.7],[6.2,-66.6],[4.2,-66.1],[4.4,-64.3],[5.7,-63.1],[6.8,-63.9],[7.8,-64.3]]]]}},{"type":"Feature","properties":{},"geometry":{"type":"MultiPolygon","coordinates":[[[[-165.3,-61],[-170.7,-59.3],[-165.7,-59],[-162.6,-59.9],[-160.8,-61.6],[-165.3,-61]]]]}},{"type":"Feature","properties":{},"geometry":{"type":"MultiPolygon","coordinates":[[[[44.2,-47.6],[44,-47.8],[44.2,-48.1],[43.2,-48.7],[41.4,-48.4],[41.1,-48.1],[40.5,-47.8],[40.1,-47.4],[40.7,-47.2],[41.7,-46.7],[42.7,-46.8],[43.5,-47.2],[44.2,-47.6]]]]}},{"type":"Feature","properties":{},"geometry":{"type":"MultiPolygon","coordinates":[[[[122.2,-62.7],[121.6,-60.3],[126.3,-58.8],[127.9,-59.3],[129.6,-60.2],[132.1,-60.9],[133.9,-61.6],[136.2,-62.2],[135.8,-63.6],[132.5,-64.2],[128.8,-63.8],[126.5,-63.3],[124.1,-62.6],[122.7,-63.1],[122.2,-62.7]]]]}},{"type":"Feature","properties":{},"geometry":{"type":"MultiPolygon","coordinates":[[[[68.4,-33.7],[70,-34.2],[70.5,-35],[70.7,-35.6],[71.2,-36.3],[71.9,-37.5],[72.4,-38.5],[72.9,-39.4],[73,-39.9],[72.8,-40.1],[68.5,-36.7],[68.4,-33.7]]]]}},{"type":"Feature","properties":{},"geometry":{"type":"MultiPolygon","coordinates":[[[[102.8,-24.5],[102.9,-25.7],[103.1,-29.3],[103.4,-31.7],[103.9,-32.4],[103.7,-32.4],[103.6,-32.7],[103.5,-32.8],[103.3,-32.6],[103.2,-32.8],[103.3,-33.1],[103.1,-33.1],[103.2,-33.3],[103,-33.5],[102.7,-33.5],[103,-33.7],[102.8,-33.8],[102.3,-33.6],[102.3,-33.8],[102.5,-34.1],[102.4,-34.2],[101.9,-33.9],[101.7,-34.2],[99.6,-32.7],[97.3,-35.6],[96,-35.1],[94.2,-36],[89.3,-35.9],[88.8,-34.5],[88.6,-33.2],[92.1,-32.8],[94.4,-32.1],[98.2,-30.5],[99.1,-29.7],[101.3,-27.6],[101.9,-26.6],[102.3,-24.7],[102.8,-24.5]]]]}},{"type":"Feature","properties":{},"geometry":{"type":"MultiPolygon","coordinates":[[[[162.4,-65.9],[160.7,-64.6],[160.6,-63.5],[161.6,-62.6],[161.7,-63.1],[162.5,-64.4],[162.6,-65.7],[162.4,-65.9]]]]}},{"type":"Feature","properties":{},"geometry":{"type":"MultiPolygon","coordinates":[[[[62,-63.7],[69.7,-63.1],[73.5,-65],[66.6,-68.6],[54.6,-72],[47.1,-72.6],[53.2,-69.3],[56.1,-66.4],[62,-63.7]]]]}},{"type":"Feature","properties":{},"geometry":{"type":"MultiPolygon","coordinates":[[[[85,-48],[85.1,-48],[85.3,-47.9],[85.4,-47.8],[85.9,-47.7],[86.7,-48.7],[89.1,-49.9],[91.2,-51.1],[92.6,-52.9],[96.4,-52.8],[98.4,-53],[102.5,-53.8],[105.1,-53.7],[104.9,-54],[103,-54.7],[101.9,-54.6],[100,-55.1],[99.2,-55.1],[98.9,-54.8],[98.3,-54.6],[97.3,-54.3],[96,-53.8],[95.3,-53.8],[93.9,-54],[90.5,-53.5],[89.5,-52.6],[89.6,-52.3],[89.3,-52.2],[89.5,-51.9],[89.4,-51.7],[89.7,-51.5],[89.3,-51.6],[89.1,-51.2],[89.4,-51],[89.2,-50.7],[88.4,-50.4],[88.3,-50.3],[87.8,-50],[87.4,-49.7],[87.5,-49.6],[87,-49.7],[86.6,-49.7],[86.5,-49.5],[87,-49.4],[86.4,-49.1],[85.9,-48.5],[85.1,-48.6],[84.9,-48.1],[85,-48]]]]}},{"type":"Feature","properties":{},"geometry":{"type":"MultiPolygon","coordinates":[[[[102.8,-51.2],[103.3,-51.3],[104.4,-51.5],[104.6,-51.9],[105.4,-52.9],[105.1,-53.6],[103.1,-53.9],[100.1,-53],[97.9,-52.5],[99.3,-52.2],[102.8,-51.2]]]]}},{"type":"Feature","properties":{},"geometry":{"type":"MultiPolygon","coordinates":[[[[89.1,-47.7],[89.4,-47.7],[89.7,-47.7],[89.9,-47.6],[90.6,-48.1],[90.6,-48.4],[91.8,-48.5],[92.7,-48.9],[94.2,-49.1],[92.2,-49.5],[89.6,-48.7],[89.7,-48.5],[89.1,-47.7]]]]}},{"type":"Feature","properties":{},"geometry":{"type":"MultiPolygon","coordinates":[[[[98.7,-50.4],[97.4,-50.7],[96.1,-49.7],[96.6,-49.8],[98.7,-50.4]]]]}},{"type":"Feature","properties":{},"geometry":{"type":"MultiPolygon","coordinates":[[[[97.3,-35.6],[93.9,-38.9],[91.3,-40.9],[89,-41.1],[88,-39.2],[89.1,-36.7],[92.9,-35.9],[95.6,-35.2],[97.2,-35.2],[97.3,-35.6]]]]}},{"type":"Feature","properties":{},"geometry":{"type":"MultiPolygon","coordinates":[[[[87.7,-33.3],[86.6,-38.5],[83.7,-41.2],[81.9,-39.9],[80.8,-38.9],[82.2,-38.1],[83.5,-36.4],[83.9,-33.8],[86,-33.5],[87.7,-33.3]]]]}},{"type":"Feature","properties":{},"geometry":{"type":"MultiPolygon","coordinates":[[[[107.8,-51.8],[107.3,-51.3],[107.8,-51.2],[107.5,-50.6],[107.5,-50],[107.9,-49.6],[108.3,-50.1],[108,-51.8],[107.8,-51.8]]]]}},{"type":"Feature","properties":{},"geometry":{"type":"MultiPolygon","coordinates":[[[[96.9,-1.6],[97.6,-1.2],[97.3,-2.2],[96.7,-2.4],[96.7,-2.1],[96.8,-1.7],[96.9,-1.6]]]]}},{"type":"Feature","properties":{},"geometry":{"type":"MultiPolygon","coordinates":[[[[88.9,7.3],[86.5,4.9],[84.3,1.6],[85.1,-1.4],[85.6,-2.2],[88.8,-5.4],[88.8,-5.9],[87.6,-5.9],[87,-5.8],[86.4,-5.7],[85.3,-5.3],[83.3,-4.2],[81.6,-3.6],[80.3,-3.6],[79.4,-3.7],[79.7,-3.4],[80.5,-2.8],[81.3,-2.2],[81.9,-1.4],[82.5,-0.7],[83,0.5],[83.4,1.5],[83.8,2.7],[84.3,3.5],[85.2,4.5],[88.1,7],[88.9,7.3]]]]}},{"type":"Feature","properties":{},"geometry":{"type":"MultiPolygon","coordinates":[[[[95.6,-1.4],[93.3,4.4],[94,8.8],[93.5,12.7],[94.1,13.1],[94.2,12.4],[94.4,12.3],[94.3,12.6],[94.5,12.7],[94.7,12.5],[94.5,12.4],[94.6,12.2],[94.9,12.3],[94.9,11.9],[95.5,12],[95.2,11.7],[95.3,11.6],[95.3,11],[95.5,11],[95.9,10.8],[96,10.5],[96.1,10.3],[96.3,10],[96.2,9.8],[95.9,9.8],[96.1,9.6],[96.4,9.7],[96.3,9.6],[96.5,9.8],[96.7,9.4],[96.9,9.1],[97.2,9.1],[97.2,9],[97,8.7],[97.3,8.8],[97.3,8.6],[97.1,8.6],[97.2,8.3],[97.4,8.3],[97.2,8.1],[97.5,8.1],[97.6,7.9],[97.4,7.6],[97.3,7.5],[97.4,7.4],[97.5,7.3],[97.6,7.2],[97.7,6.9],[97.7,6.7],[97.8,6.6],[97.8,6.3],[97.6,6.1],[97.7,6],[97.8,5.9],[97.6,5.6],[97.9,5.5],[98,5],[98,4.8],[97.9,4.6],[97.7,4.3],[97.6,4.1],[97.7,3.9],[97.4,4],[97.5,3.6],[97.4,3.4],[97.5,3.4],[97.7,3.3],[97.3,3.1],[96.8,3.1],[96.7,3],[97,3],[97.1,2.9],[97.3,2.8],[97.4,2.6],[97.3,2.3],[97.2,2.3],[97.3,2],[97,1.6],[97.1,1.4],[97.1,1.1],[97.1,1],[97.1,0.7],[97,0.6],[96.8,0.3],[96.9,-0.1],[96.8,-0.3],[96.9,-0.7],[97.1,-0.6],[97.4,-1.1],[97.3,-1.1],[97,-1],[96.7,-1.1],[96.4,-0.8],[96.3,-0.6],[96.2,-0.8],[96,-0.7],[96.1,-1.1],[95.9,-1.2],[95.7,-1.4],[95.6,-1.4]]]]}},{"type":"Feature","properties":{},"geometry":{"type":"MultiPolygon","coordinates":[[[[95.3,-2.7],[95.4,-3],[95.4,-3.3],[95.1,-3.5],[95.4,-3.5],[95.4,-3.7],[95.6,-3.8],[94.7,-4.1],[95.3,-2.7]]]]}},{"type":"Feature","properties":{},"geometry":{"type":"MultiPolygon","coordinates":[[[[98.6,10.8],[98.2,10.4],[98.4,10.8],[98.6,10.8]]]]}},{"type":"Feature","properties":{},"geometry":{"type":"MultiPolygon","coordinates":[[[[98.3,-0.6],[97.8,-1],[97.8,-0.8],[98.3,-0.6]]]]}},{"type":"Feature","properties":{},"geometry":{"type":"MultiPolygon","coordinates":[[[[97.2,9.3],[97.2,9.2],[97.1,9.3],[97.2,9.3]]]]}},{"type":"Feature","properties":{},"geometry":{"type":"MultiPolygon","coordinates":[[[[80.6,24.3],[78.8,26.2],[77.4,26.9],[78.5,28.7],[81.6,30.2],[82.7,29.2],[82,25.7],[80.6,24.3]]]]}},{"type":"Feature","properties":{},"geometry":{"type":"MultiPolygon","coordinates":[[[[87,33],[86.5,32.2],[83.8,31.7],[81.2,31.3],[76.7,29.2],[78.9,31.6],[81,32.3],[82.3,32.3],[83.5,32.6],[86.8,33],[87,33]]]]}},{"type":"Feature","properties":{},"geometry":{"type":"MultiPolygon","coordinates":[[[[69.6,40.6],[69,38.9],[68.7,36.2],[68.4,34.4],[68.8,32.4],[68.4,30.6],[67.1,27.7],[66.8,25.5],[66.3,26.7],[65.6,28.5],[66.1,33.4],[67.4,36.3],[69.6,40.6]]]]}},{"type":"Feature","properties":{},"geometry":{"type":"MultiPolygon","coordinates":[[[[62.4,26.8],[63.4,29.3],[65.6,27.8],[66.7,25.7],[67.1,24.5],[68.3,22.4],[68.3,20.7],[67.6,18.8],[65.6,16.5],[63.9,17.4],[62.7,20.2],[62.1,21.9],[62,24.1],[62.4,26.5],[62.4,26.8]]]]}},{"type":"Feature","properties":{},"geometry":{"type":"MultiPolygon","coordinates":[[[[-56,-0.4],[-55.8,-0.5],[-55.5,-0.5],[-55.5,-0.3],[-55.2,-0.4],[-54.7,-0.3],[-54.5,-0.3],[-54.6,-0.1],[-54.2,0.2],[-53.9,0.5],[-54,0.2],[-53.9,0.3],[-53.7,0.3],[-53.5,0.4],[-53.3,0.1],[-53.4,0.7],[-53.1,0.9],[-53.1,1.1],[-51.8,1.6],[-51.9,1.7],[-51.5,2],[-51,2.1],[-50.1,1.9],[-49.9,0.4],[-51,-0.6],[-51.2,-0.7],[-51.8,-0.9],[-52,-1.2],[-51.5,-1.1],[-51.3,-1.1],[-51,-1.2],[-50.5,-0.8],[-50.3,-0.8],[-50,-1],[-49.6,-1.2],[-49.3,-1.3],[-49.1,-1.4],[-48.9,-1.2],[-48.5,-1.1],[-48,-0.6],[-48.5,-0.3],[-49,-0.7],[-49.2,-0.3],[-48.7,0],[-48.6,0],[-48.1,0.7],[-48.4,0.8],[-49.2,0.9],[-49.6,2.2],[-49.1,2.6],[-49.1,2.8],[-49.8,3.2],[-49.5,3.6],[-48.1,5.1],[-45,8.8],[-43.4,8.5],[-40.6,8.2],[-36,7.6],[-33.1,6.8],[-28.6,6.2],[-27.6,6],[-27.4,5.9],[-27.3,5.3],[-25.9,4.7],[-26.4,3.4],[-27.9,0.4],[-27.7,1.3],[-28.6,1.7],[-29.2,1.7],[-29.3,1.2],[-29.3,1],[-29.5,0.8],[-29.6,0.2],[-29.6,0],[-29.5,-0.6],[-29.6,-0.8],[-29.4,-1],[-29.2,-1.1],[-29.2,-1.2],[-29.2,-1.3],[-31,-4.1],[-32.1,-5.4],[-31.2,-8.8],[-31.5,-9.5],[-31.6,-9.3],[-31.5,-9.1],[-31.4,-8.9],[-31.8,-8.2],[-31.7,-7.9],[-32.4,-8],[-32.3,-7.7],[-32.4,-7.2],[-32.6,-7.2],[-32.8,-7.8],[-32.9,-8.6],[-32.9,-9],[-33,-9.7],[-33,-9.9],[-33,-10.3],[-32.9,-10.5],[-32.6,-10.6],[-32.5,-10.5],[-32.2,-10.5],[-32.6,-10.4],[-32.9,-10.2],[-32,-9.9],[-31.6,-9.6],[-31.7,-10.2],[-31.6,-10.7],[-31.6,-11.6],[-32,-11.8],[-32.8,-11.7],[-32.9,-12],[-33.1,-11.4],[-33.1,-11.1],[-33.5,-11.2],[-33.8,-11.8],[-34.1,-11.8],[-34.4,-12],[-34.3,-11.7],[-34.4,-11.8],[-34.6,-11.9],[-34.7,-12.3],[-34.4,-12.9],[-34.7,-12.9],[-34.3,-13.2],[-34.3,-13.4],[-34.4,-13.5],[-34.1,-13.6],[-33.9,-13.8],[-33.7,-14.5],[-33.9,-14.3],[-33.9,-14.6],[-35.6,-16.4],[-35.5,-15.8],[-36.7,-15],[-37.1,-14.8],[-37.6,-14.8],[-37.8,-15],[-38.4,-15.2],[-38.6,-15.4],[-39,-15.6],[-39.5,-15.7],[-39.9,-15.7],[-40.7,-16.3],[-41.8,-17.5],[-42.2,-18.4],[-41.9,-19.5],[-42.2,-19.4],[-42.4,-19.7],[-42.6,-20],[-42.8,-18.9],[-43.1,-17.7],[-43.7,-16.9],[-44.3,-16.5],[-46,-15.5],[-46.4,-14],[-46.2,-13.8],[-45.5,-13.3],[-45.4,-13.7],[-45.5,-13.2],[-45.6,-12.9],[-45.5,-12.8],[-45.5,-12.2],[-46.6,-11.6],[-47.1,-10.6],[-46.2,-10.3],[-46.4,-9.3],[-46.9,-9.2],[-47.4,-9.1],[-47.7,-9],[-47.7,-8.5],[-47.5,-8.2],[-47.5,-8],[-47.4,-7.7],[-47,-7.4],[-46.8,-6.6],[-46.6,-6.2],[-46.5,-5.7],[-47.1,-6.1],[-47.4,-5.8],[-47.4,-6.1],[-47.6,-6.5],[-47.8,-6.6],[-47.9,-6.9],[-47.8,-7],[-47.9,-7.1],[-47.9,-7.2],[-48,-7.4],[-48.1,-7.7],[-48.1,-8],[-48.3,-8.2],[-48.4,-8.7],[-48.5,-8.4],[-48.6,-8.6],[-48.6,-8.4],[-48.9,-8.5],[-49.3,-8.6],[-49.5,-8.7],[-49.7,-8.5],[-49.8,-8.5],[-49.9,-8.2],[-50.2,-8.1],[-50.7,-7.7],[-50.9,-7.6],[-51.1,-7.5],[-51.3,-7.2],[-51.5,-6.9],[-51.3,-6.8],[-51.5,-6.5],[-51.4,-6.3],[-51.5,-6.1],[-51.5,-5.9],[-51.6,-5.5],[-51.8,-5],[-51.8,-4.6],[-51.9,-4.4],[-52.1,-4.3],[-52.6,-4.4],[-52.8,-4.6],[-52.9,-4.7],[-53.3,-5],[-53,-5.2],[-53,-5.3],[-53.1,-5.6],[-53.2,-5.7],[-52.9,-6.1],[-52.5,-6.1],[-52.4,-6.5],[-52.2,-7],[-52.2,-7.1],[-52.2,-7.5],[-52.4,-7.8],[-52.3,-7.9],[-52.3,-8.1],[-52.2,-8.2],[-52.2,-8.4],[-52.5,-8.4],[-52.1,-8.8],[-52.1,-9],[-51.6,-9.4],[-51.7,-9.5],[-51.5,-9.6],[-51.4,-9.7],[-51.2,-9.9],[-51,-10.1],[-50.7,-10],[-50.2,-10],[-50.1,-10.1],[-49.8,-10.1],[-49.8,-10.3],[-49.8,-10.8],[-49.6,-10.6],[-49.5,-10.7],[-49.6,-10.7],[-49.5,-11.1],[-49.7,-11.2],[-49.5,-11.4],[-49.7,-11.6],[-49.6,-11.7],[-49.5,-11.8],[-49.6,-12],[-49.3,-12.1],[-49.2,-12.3],[-49.3,-12.4],[-49,-12.5],[-49,-12.6],[-48.6,-13],[-48.7,-13.1],[-48.4,-13.3],[-48.4,-14],[-48.8,-14.3],[-48.6,-14.9],[-49.8,-15.1],[-49.8,-14.7],[-50.3,-14.6],[-50.7,-14.5],[-51,-14.2],[-51.4,-13.7],[-51.4,-13.8],[-51.4,-14.1],[-51.6,-13.7],[-51.6,-13.8],[-51.7,-13.8],[-52.2,-13.4],[-52.4,-13.4],[-52.7,-13.2],[-52.9,-12.9],[-52.9,-13.2],[-52.5,-13.7],[-52.6,-13.8],[-52.8,-13.8],[-52.8,-14.1],[-52.9,-14.4],[-52.8,-14.5],[-52.9,-15],[-52.9,-15.2],[-53.3,-15.5],[-53.4,-15.5],[-53.5,-15.5],[-53.6,-15.5],[-54.2,-15.5],[-54.6,-15.2],[-54.1,-15.1],[-54.3,-15.1],[-54.3,-14.9],[-54.4,-14.8],[-54.4,-14.7],[-54.5,-14.6],[-54.6,-14.6],[-54.7,-14.8],[-54.8,-14.8],[-54.8,-15],[-55,-14.7],[-54.9,-14.6],[-54.7,-14.3],[-55,-14.5],[-54.9,-14.1],[-54.7,-14],[-54.8,-13.6],[-55.1,-13.9],[-55,-14.3],[-55.2,-14.4],[-55.2,-14.2],[-55.2,-14.3],[-55.4,-14.1],[-55.4,-13.7],[-55.7,-13.9],[-55.5,-13.9],[-55.7,-13.6],[-55.8,-13.8],[-55.7,-13.6],[-55.4,-13.3],[-55.1,-13.1],[-55,-13.1],[-55,-12.9],[-55.2,-12.6],[-55.2,-12.9],[-55.5,-13.1],[-55.6,-13.2],[-55.9,-13.4],[-56.1,-13.4],[-56.1,-13.2],[-56.2,-13.1],[-56.1,-13],[-56.2,-13],[-56.1,-12.8],[-56,-12.7],[-55.7,-12.5],[-56.3,-12.8],[-56.3,-12.7],[-56.2,-12.6],[-56.2,-12.5],[-56.2,-12.4],[-55.9,-12.3],[-56.1,-12],[-55.8,-12.2],[-56,-12],[-56.3,-12],[-56.1,-11.9],[-56,-11.8],[-55.9,-11.7],[-55.7,-11.4],[-56.1,-11.7],[-56.3,-11.5],[-56,-11.4],[-55.9,-11.2],[-55.7,-11.3],[-55.7,-11.2],[-55.8,-11.2],[-55.7,-10.8],[-55.9,-10.8],[-55.8,-10.6],[-55.7,-10.6],[-55.7,-10.4],[-55.3,-10.4],[-55.2,-10.1],[-55.1,-9.7],[-55.4,-9.5],[-55.3,-9.8],[-55.6,-10.3],[-55.7,-10.1],[-55.7,-9.9],[-55.8,-9.8],[-55.8,-9.7],[-55.8,-9.4],[-55.8,-9.2],[-55.6,-9.3],[-55.6,-9.1],[-55.7,-8.8],[-55.8,-9],[-55.8,-8.7],[-55.9,-8.8],[-55.6,-8.4],[-55.7,-8.3],[-55.8,-8.2],[-56,-8.1],[-55.8,-8.1],[-55.9,-8.1],[-56,-7.9],[-56.1,-7.7],[-56.1,-7.6],[-56,-7.3],[-55.9,-7.2],[-56.1,-7.2],[-56.4,-7.1],[-56.2,-7],[-56.3,-7],[-56.3,-6.8],[-56.5,-6.7],[-56.5,-6.5],[-56.4,-6.4],[-56.2,-6.2],[-56.1,-6],[-56.4,-6.1],[-56.4,-5.9],[-56.5,-5.9],[-56.2,-5.9],[-56.3,-5.6],[-56.4,-5.7],[-56.6,-5.5],[-56.6,-5.7],[-56.8,-5.7],[-56.5,-5.4],[-56.8,-5.4],[-56.7,-5.1],[-56.5,-5.2],[-56.5,-5],[-56.7,-5],[-56.5,-4.8],[-56.3,-4.5],[-56.6,-4.6],[-56.8,-4.7],[-56.5,-4.4],[-56.7,-4.3],[-56.8,-4.3],[-56.9,-3.9],[-56.8,-3.7],[-56.9,-3.6],[-56.6,-3.5],[-56.7,-3.5],[-56.8,-3.4],[-56.9,-3.1],[-56.7,-3.2],[-56.6,-3],[-56.4,-3],[-56.6,-2.7],[-56.5,-2.7],[-56.2,-2.5],[-56.5,-2.3],[-56.8,-2.4],[-56.6,-2.3],[-56.5,-2.2],[-56.4,-2],[-56.2,-2.1],[-56.4,-1.9],[-56.4,-1.8],[-56.5,-1.3],[-56.6,-1.2],[-56.6,-0.9],[-56.5,-0.9],[-56.3,-0.8],[-56.1,-1.2],[-55.8,-1.5],[-56.1,-0.7],[-55.8,-0.8],[-56,-0.5],[-56,-0.4]]]]}},{"type":"Feature","properties":{},"geometry":{"type":"MultiPolygon","coordinates":[[[[-51.8,-15.6],[-51.6,-14.8],[-51.7,-15.4],[-51.8,-15.6]]]]}},{"type":"Feature","properties":{},"geometry":{"type":"MultiPolygon","coordinates":[[[[-48.3,-11.4],[-48.2,-11.7],[-47.9,-12],[-48,-12.4],[-48.2,-12.2],[-48.3,-11.6],[-48.3,-11.4]]]]}},{"type":"Feature","properties":{},"geometry":{"type":"MultiPolygon","coordinates":[[[[-47.6,-9.6],[-47.3,-9.7],[-47.2,-10.1],[-47.4,-10],[-47.7,-9.9],[-47.7,-9.7],[-47.6,-9.6]]]]}},{"type":"Feature","properties":{},"geometry":{"type":"MultiPolygon","coordinates":[[[[-57.2,-4.6],[-57,-4.8],[-57.1,-4.7],[-56.8,-4.7],[-56.9,-5],[-57,-5.3],[-57.1,-5.1],[-57.2,-4.9],[-57.2,-4.6]]]]}},{"type":"Feature","properties":{},"geometry":{"type":"MultiPolygon","coordinates":[[[[-57.2,-3.8],[-57.1,-3.7],[-56.9,-3.8],[-57,-4],[-57,-4.1],[-57.1,-4],[-57.2,-3.9],[-57.1,-3.8],[-57.2,-3.8]]]]}},{"type":"Feature","properties":{},"geometry":{"type":"MultiPolygon","coordinates":[[[[-47.7,-9.4],[-47.7,-9.6],[-47.9,-9.4],[-47.8,-9.2],[-47.7,-9.4]]]]}},{"type":"Feature","properties":{},"geometry":{"type":"MultiPolygon","coordinates":[[[[-57.4,-4.7],[-57.3,-5.1],[-57.4,-5.1],[-57.5,-5.1],[-57.3,-5],[-57.4,-4.7]]]]}},{"type":"Feature","properties":{},"geometry":{"type":"MultiPolygon","coordinates":[[[[-49.7,-9.4],[-49.6,-9.6],[-49.5,-9.6],[-49.6,-9.6],[-49.8,-9.6],[-49.7,-9.4]]]]}},{"type":"Feature","properties":{},"geometry":{"type":"MultiPolygon","coordinates":[[[[-56.7,-1.4],[-56.8,-1.9],[-56.9,-2],[-56.9,-1.8],[-56.8,-1.6],[-56.8,-1.4],[-56.7,-1.4]]]]}},{"type":"Feature","properties":{},"geometry":{"type":"MultiPolygon","coordinates":[[[[-57,-3.3],[-57,-3.5],[-57.2,-3.4],[-57.2,-3.3],[-57,-3.3]]]]}},{"type":"Feature","properties":{},"geometry":{"type":"MultiPolygon","coordinates":[[[[-56.6,-1.5],[-56.5,-1.9],[-56.5,-1.7],[-56.6,-1.5]]]]}},{"type":"Feature","properties":{},"geometry":{"type":"MultiPolygon","coordinates":[[[[-48.8,-8.3],[-48.7,-8.8],[-48.9,-8.6],[-48.8,-8.3]]]]}},{"type":"Feature","properties":{},"geometry":{"type":"MultiPolygon","coordinates":[[[[-57.1,-5.3],[-57.1,-5.6],[-57.2,-5.3],[-57.1,-5.3]]]]}},{"type":"Feature","properties":{},"geometry":{"type":"MultiPolygon","coordinates":[[[[-56.6,-0.7],[-56.4,-0.6],[-56.6,-0.8],[-56.6,-0.7]]]]}},{"type":"Feature","properties":{},"geometry":{"type":"MultiPolygon","coordinates":[[[[-57.3,-5.6],[-57.2,-5.7],[-57.4,-5.7],[-57.3,-5.6]]]]}},{"type":"Feature","properties":{},"geometry":{"type":"MultiPolygon","coordinates":[[[[-51.1,9.9],[-50.5,11],[-50.3,11.5],[-49.8,12],[-49,11.8],[-47.2,10.3],[-45,8.8],[-48.1,5.1],[-49.7,4.6],[-49.9,4.9],[-49.9,5],[-49.8,5],[-50,5],[-50.1,5.3],[-50.1,5.5],[-50.3,5.9],[-50.3,6.1],[-50.4,6.4],[-50.2,6.4],[-50.2,6.5],[-50.2,6.6],[-50.4,6.6],[-50.4,6.5],[-50.6,7],[-50.4,7],[-50.3,7],[-50.1,7],[-50.1,6.9],[-50,6.7],[-49.9,6.7],[-49.9,7],[-49.8,7.2],[-49.8,7.3],[-49.9,7.3],[-50.1,7.7],[-50.2,7.9],[-50.1,8.1],[-50.2,8.4],[-50.2,8.5],[-50.3,8.6],[-50.2,8.7],[-50.4,8.9],[-50.3,8.9],[-50.1,9.1],[-49.8,9.2],[-50,9.3],[-50.1,9.7],[-50.7,9.5],[-50.9,9.4],[-51.2,9.7],[-51.1,9.9]]]]}},{"type":"Feature","properties":{},"geometry":{"type":"MultiPolygon","coordinates":[[[[-51.2,3.6],[-50.9,4.2],[-50.6,4.2],[-50.2,4.3],[-49.7,3.6],[-50.6,3.4],[-50.7,3.4],[-51.1,3.5],[-51.2,3.6]]]]}},{"type":"Feature","properties":{},"geometry":{"type":"MultiPolygon","coordinates":[[[[160.1,-59.6],[160.7,-58.8],[159.9,-58.1],[158.2,-57.6],[156.1,-56.9],[154.5,-56.2],[152.4,-55],[152.5,-54.5],[154.4,-54.8],[157.1,-56],[158.7,-56.5],[160,-56.6],[160.8,-56.7],[162.6,-56.9],[162.8,-57.4],[163.2,-57.8],[164,-57.8],[163.6,-59],[163.6,-59.1],[162.6,-59.4],[162.2,-61.8],[160.8,-61.1],[159.9,-60.4],[160.3,-60.1],[160.1,-59.6]]]]}},{"type":"Feature","properties":{},"geometry":{"type":"MultiPolygon","coordinates":[[[[74.8,-64.5],[79.2,-62.4],[80.7,-62.6],[82.3,-63.9],[84.3,-64.9],[84.3,-65.2],[84.1,-65.6],[83.4,-65.4],[82.5,-66.2],[82.5,-66.3],[83.8,-66.7],[83.7,-67.8],[83,-68.5],[78,-69.4],[73,-69.8],[69.5,-71.3],[65.9,-72.4],[67.9,-67.6],[74.8,-64.5]]]]}},{"type":"Feature","properties":{},"geometry":{"type":"MultiPolygon","coordinates":[[[[86.3,-60.7],[86,-60.9],[86.1,-61.1],[85.9,-61.1],[85.8,-61.3],[86.1,-61.5],[86.1,-62],[85.9,-62.1],[86,-62.3],[86.1,-62.4],[86.3,-62.7],[87.7,-63.1],[88.2,-62.9],[91.1,-63.3],[91.7,-63.2],[91.8,-63.1],[91.6,-62.8],[91.1,-62.6],[91.4,-62.3],[92.2,-62.1],[92.7,-62.3],[91.9,-62.1],[91.9,-61.6],[91,-61.2],[90.8,-61.7],[90.5,-61.5],[90.3,-61.3],[89.8,-61.2],[89.6,-61],[88.9,-60.7],[88.3,-60.8],[87.8,-60.4],[92.6,-58.9],[97.8,-59.9],[101.5,-59.6],[104,-61],[104.1,-62.1],[100.8,-63.8],[96.8,-64.6],[91.4,-63.5],[89.3,-63.5],[86.9,-63.3],[85.6,-64.3],[82.3,-63.9],[83.2,-63.9],[81.7,-62.8],[80.1,-61.9],[86.3,-60.7]]]]}},{"type":"Feature","properties":{},"geometry":{"type":"MultiPolygon","coordinates":[[[[105.7,-61.1],[106.7,-60.9],[108.4,-60.5],[107.7,-60.9],[106.2,-62.1],[101.9,-64.5],[100.5,-65.1],[99.3,-65.2],[105.7,-61.1]]]]}},{"type":"Feature","properties":{},"geometry":{"type":"MultiPolygon","coordinates":[[[[39.2,-49.6],[44.3,-51.5],[40,-54.9],[40.4,-59.6],[39.7,-62.9],[34.4,-62.2],[30.2,-56.6],[33.3,-52.9],[39.2,-49.6]]]]}},{"type":"Feature","properties":{},"geometry":{"type":"MultiPolygon","coordinates":[[[[82.9,-46.8],[77.7,-46.6],[73.7,-44.6],[74,-42.9],[74.1,-41.8],[75.2,-42.3],[75.7,-42.3],[75.9,-42.6],[77.7,-43.5],[80.1,-45.2],[82.9,-46.8]]]]}},{"type":"Feature","properties":{},"geometry":{"type":"MultiPolygon","coordinates":[[[[56.4,-66.7],[53.7,-69.6],[47.9,-73],[51.3,-69.9],[56.4,-66.7]]]]}},{"type":"Feature","properties":{},"geometry":{"type":"MultiPolygon","coordinates":[[[[62,-63.7],[56.1,-66.4],[59.5,-64],[62,-63.7]]]]}},{"type":"Feature","properties":{},"geometry":{"type":"MultiPolygon","coordinates":[[[[-35.7,-59.9],[-35.3,-58.1],[-32.6,-57.2],[-25.4,-57.3],[-15.9,-58],[-10.2,-59.1],[-9.6,-60.6],[-14.9,-59.9],[-24.4,-60.9],[-33.4,-60.9],[-35.7,-59.9]]]]}},{"type":"Feature","properties":{},"geometry":{"type":"MultiPolygon","coordinates":[[[[26.3,-73.5],[22.1,-76.7],[8.3,-80],[3.6,-79.6],[0.8,-79.8],[-12.3,-79.9],[-15,-80.1],[-18.5,-79.6],[-15.6,-79.2],[-12.6,-77.6],[-3.4,-74.7],[3.5,-74.6],[9,-73.9],[12.9,-72.8],[17.9,-72.7],[24.1,-73.4],[26.3,-73.5]]]]}},{"type":"Feature","properties":{},"geometry":{"type":"MultiPolygon","coordinates":[[[[-113.3,-78.4],[-132,-79.9],[-136.7,-76.5],[-132.7,-73.9],[-122.7,-71],[-114.6,-66.1],[-106.5,-62.2],[-102.7,-59.5],[-96.7,-59],[-92.8,-61.2],[-96.6,-64.2],[-102.7,-68.8],[-103.5,-71],[-105.9,-72.6],[-103.6,-73.3],[-107.6,-71.6],[-111.6,-74.1],[-111.2,-77.6],[-113.3,-78.4]]]]}},{"type":"Feature","properties":{},"geometry":{"type":"MultiPolygon","coordinates":[[[[-66.3,-81.7],[-81.8,-82.6],[-100.9,-83.4],[-113.7,-80.6],[-99.6,-79.7],[-98,-75.5],[-92.2,-71.1],[-85.8,-69.2],[-78.5,-69.5],[-74.2,-72.5],[-74.9,-76.7],[-70,-81.2],[-66.3,-81.7]]]]}},{"type":"Feature","properties":{},"geometry":{"type":"MultiPolygon","coordinates":[[[[-132,-79.9],[-113.3,-78.4],[-112.7,-80.1],[-112.4,-81.9],[-114,-83.6],[-129.5,-82.8],[-132,-79.9]]]]}},{"type":"Feature","properties":{},"geometry":{"type":"MultiPolygon","coordinates":[[[[-35.1,-80.8],[-43.5,-78.6],[-43,-78.7],[-42,-78.5],[-41.5,-78.7],[-40.7,-78.8],[-40.2,-79],[-39.9,-79.2],[-39.2,-79.2],[-37.9,-79.1],[-38.4,-79.5],[-37.2,-79.5],[-36.8,-79.3],[-36.1,-79.4],[-35.7,-79.4],[-34.8,-79.6],[-34.2,-79.6],[-33.9,-79.7],[-34.2,-79.9],[-34.9,-80.1],[-35,-80.2],[-34.7,-80.2],[-33.2,-80.1],[-33.8,-80.3],[-34.7,-80.6],[-35.1,-80.8]]]]}},{"type":"Feature","properties":{},"geometry":{"type":"MultiPolygon","coordinates":[[[[-22.7,-80.4],[-33.8,-80.9],[-32.7,-80.7],[-31.6,-80.6],[-30.6,-80.4],[-28.9,-80.4],[-27.4,-80.4],[-27.5,-80.2],[-23.2,-80.4],[-22.7,-80.4]]]]}},{"type":"Feature","properties":{},"geometry":{"type":"MultiPolygon","coordinates":[[[[-31.2,-80.3],[-32.5,-80.6],[-32.9,-80.6],[-32.8,-80.4],[-31.2,-80.3]]]]}},{"type":"Feature","properties":{},"geometry":{"type":"MultiPolygon","coordinates":[[[[180,-83.7],[180,-90],[-180,-85.2],[-167.5,-84.1],[-135.8,-85.3],[-94.3,-86.9],[-25.3,-87.3],[3.4,-85.9],[19.3,-87.3],[123.2,-88.5],[179.1,-84.3],[180,-83.7]]]]}},{"type":"Feature","properties":{},"geometry":{"type":"MultiPolygon","coordinates":[[[[-69.7,-63],[-73.4,-62.2],[-77.8,-61.3],[-81.1,-60.5],[-85.4,-60.6],[-89.1,-60.3],[-91.6,-60.7],[-96.7,-59],[-102.7,-59.5],[-106.5,-62.2],[-114.6,-66.1],[-122.7,-71],[-132.7,-73.9],[-144.7,-75.5],[-145.6,-72.4],[-136.5,-69.2],[-131.6,-67.4],[-125.5,-64.9],[-123.2,-62.5],[-120.6,-60.7],[-115.7,-58.8],[-111.4,-57],[-105.6,-54.7],[-99.6,-54.5],[-94.8,-55.2],[-90.4,-56.3],[-88.4,-55.6],[-83.3,-56.1],[-82.4,-56.1],[-81.9,-56.2],[-81.3,-56.3],[-80.7,-56.5],[-80.1,-56.6],[-79.5,-56.7],[-78.8,-56.8],[-78.4,-56.9],[-77.8,-57.2],[-75.5,-58.4],[-74.7,-59.4],[-73.8,-59.6],[-72.9,-59.7],[-71.7,-60],[-69.2,-61],[-70.9,-60.5],[-71,-61],[-71,-61.4],[-70.2,-61.7],[-69.5,-62.3],[-69.1,-62.8],[-69.8,-62.9],[-69.7,-63]]]]}},{"type":"Feature","properties":{},"geometry":{"type":"MultiPolygon","coordinates":[[[[-67.8,-61.6],[-68.4,-62],[-68.9,-61.6],[-67.8,-61.6]]]]}},{"type":"Feature","properties":{},"geometry":{"type":"MultiPolygon","coordinates":[[[[180,-67.4],[178.3,-68.2],[176.8,-68.3],[172.7,-68.3],[171.8,-65.1],[172.9,-65.6],[179.3,-67.4],[180,-67.4]]]]}},{"type":"Feature","properties":{},"geometry":{"type":"MultiPolygon","coordinates":[[[[-180,-68.3],[-176.5,-67.5],[-177.5,-68.2],[-180,-68.3]]]]}},{"type":"Feature","properties":{},"geometry":{"type":"MultiPolygon","coordinates":[[[[-69.5,-22.6],[-71,-22.8],[-71.8,-22.7],[-70.1,-21.7],[-70.1,-21.8],[-69.9,-21.8],[-69.9,-22],[-69.6,-22.2],[-69.2,-22],[-69.2,-22.2],[-69,-22.5],[-69.4,-22.5],[-69.5,-22.6]]]]}},{"type":"Feature","properties":{},"geometry":{"type":"MultiPolygon","coordinates":[[[[-70.1,-21.6],[-71.7,-21.3],[-71.8,-19.9],[-71.8,-18.1],[-71.8,-17.1],[-71.8,-16],[-71.5,-16.1],[-71.6,-16.1],[-71.6,-16.3],[-71.5,-16.3],[-71.5,-16.4],[-71.5,-16.6],[-71.6,-16.8],[-71.6,-17],[-71.4,-17.1],[-71.3,-17.2],[-71.6,-17.3],[-71.4,-17.4],[-71.3,-17.5],[-71.2,-17.6],[-71.4,-17.9],[-71.7,-18.1],[-71.2,-18],[-71.2,-18.2],[-71.4,-18.3],[-71.5,-18.4],[-71.1,-18.3],[-71.3,-18.5],[-71.1,-18.6],[-70.9,-18.8],[-70.9,-18.9],[-71.3,-19.1],[-71,-19.3],[-70.9,-19.3],[-70.8,-19.7],[-71.2,-19.8],[-71.1,-19.9],[-71.1,-20],[-71.3,-20.1],[-71.4,-20.2],[-71.2,-20.3],[-71.1,-20.5],[-71.1,-20.6],[-71,-20.7],[-70.7,-21.1],[-70.6,-21.1],[-70.6,-21.2],[-70.8,-21.5],[-70.5,-21.4],[-70.3,-21.4],[-70.1,-21.6]]]]}},{"type":"Feature","properties":{},"geometry":{"type":"MultiPolygon","coordinates":[[[[-84.7,-31.7],[-85,-31.7],[-85.8,-31.7],[-86,-31.7],[-86.1,-32.1],[-87.2,-32.1],[-87.7,-32],[-88.5,-32.2],[-88.1,-32.1],[-88.3,-32.1],[-88.5,-32.1],[-88.7,-32.1],[-88.8,-32.2],[-89.3,-32.3],[-89.7,-32.3],[-90.8,-32.6],[-93.5,-32.9],[-96.3,-33.3],[-98.6,-33.2],[-101,-32.6],[-99.1,-31.8],[-96,-31.2],[-91.6,-30.7],[-88.4,-30.3],[-85.1,-30.5],[-83.6,-30.4],[-84.7,-31.7]]]]}},{"type":"Feature","properties":{},"geometry":{"type":"MultiPolygon","coordinates":[[[[-84.9,-32.1],[-86,-31.9],[-85.7,-31.8],[-85.4,-31.8],[-84.9,-32],[-84.9,-32.1]]]]}},{"type":"Feature","properties":{},"geometry":{"type":"MultiPolygon","coordinates":[[[[-103.9,-31.2],[-106.2,-29.4],[-105,-31.9],[-105.3,-31.9],[-105.9,-31.5],[-105.4,-31.8],[-105.7,-32],[-105.4,-32.1],[-105.4,-32.3],[-105.5,-32.2],[-105.7,-32.1],[-105.9,-32.2],[-106,-32.4],[-105.9,-32.9],[-106.1,-33],[-106.2,-32.7],[-106.1,-32.5],[-106.1,-32.2],[-106.3,-31.9],[-106.7,-32.2],[-106.7,-32],[-106.9,-31.9],[-107.2,-31.5],[-107.1,-31.2],[-107.2,-31],[-107.2,-30.7],[-107.3,-30.5],[-107.7,-30.5],[-108.4,-29.3],[-108.4,-29.2],[-109,-29],[-109.1,-28.7],[-109.3,-28.6],[-109.4,-28.8],[-109.9,-28.8],[-110.7,-28.5],[-110.9,-28.3],[-110.9,-28.2],[-110.9,-28.1],[-111,-28],[-111.4,-28.2],[-111.4,-28.1],[-111.7,-28.1],[-111.8,-27.9],[-112,-28],[-112.3,-27.8],[-112.4,-28],[-112.7,-28],[-112.8,-28],[-113,-27.9],[-113.2,-28.3],[-113.5,-28.6],[-113.6,-28.8],[-113.9,-29.1],[-115,-29.4],[-114.6,-29.1],[-114.7,-29],[-115,-29.1],[-115.3,-29.3],[-115.7,-29.4],[-115.8,-29.2],[-116,-26.5],[-117.4,-24.9],[-116.6,-23.5],[-114.9,-22.2],[-114.2,-22.6],[-113.6,-22.6],[-113,-22.6],[-112.6,-23.5],[-112.4,-23.6],[-112.3,-24.3],[-112.3,-24.8],[-111.8,-25.6],[-111.3,-26.2],[-111.1,-26.6],[-110.5,-27.1],[-108.3,-26.4],[-105.7,-25.5],[-104,-26.3],[-103.9,-30.6],[-103.9,-31.2]]]]}},{"type":"Feature","properties":{},"geometry":{"type":"MultiPolygon","coordinates":[[[[-72.4,-16.8],[-72.5,-17],[-72.4,-17],[-72.4,-16.8]]]]}},{"type":"Feature","properties":{},"geometry":{"type":"MultiPolygon","coordinates":[[[[-72.5,-17.2],[-72.3,-18.2],[-72.4,-20.1],[-72.4,-22.4],[-72.7,-23],[-74,-22.3],[-74,-22.1],[-73.5,-22],[-72.8,-22.3],[-72.7,-22.3],[-72.6,-22.1],[-73,-22.1],[-73.2,-21.6],[-73.4,-21.8],[-73.7,-21.9],[-73.7,-21.3],[-73.6,-22],[-74,-21.9],[-74.3,-21.3],[-74.1,-20.6],[-74.5,-19],[-74.4,-17.2],[-74.4,-16.6],[-74,-16.8],[-74.2,-17.5],[-74.1,-17.5],[-73.7,-17.5],[-73.4,-17.3],[-73,-17.1],[-73,-17.6],[-72.8,-17.2],[-72.8,-17.1],[-72.5,-17.2]]]]}},{"type":"Feature","properties":{},"geometry":{"type":"MultiPolygon","coordinates":[[[[-74.1,-22.2],[-74.1,-21.7],[-74.1,-21.9],[-74.1,-22.2]]]]}},{"type":"Feature","properties":{},"geometry":{"type":"MultiPolygon","coordinates":[[[[-73,-12.3],[-73.3,-12.3],[-73.2,-13],[-73,-13],[-73,-13.3],[-72.9,-13.5],[-72.9,-13.6],[-73.2,-14.1],[-73.4,-13.8],[-73.7,-13.6],[-73.8,-13.5],[-74,-13.2],[-74,-13.1],[-74,-12.9],[-74.1,-12.7],[-74.5,-12.5],[-74.4,-12.4],[-74.5,-12.3],[-74.6,-12.2],[-74.7,-12],[-74.6,-11.9],[-74.4,-11.9],[-74.3,-11.8],[-74.4,-11.6],[-74.5,-11.5],[-74.6,-11.5],[-73.7,-11.3],[-73,-12.3]]]]}},{"type":"Feature","properties":{},"geometry":{"type":"MultiPolygon","coordinates":[[[[35,-70.3],[34.8,-70.3],[30,-68],[25.2,-65.8],[30.9,-64.7],[39.1,-64.7],[40.8,-68.3],[38.6,-70.8],[35,-70.3]]]]}},{"type":"Feature","properties":{},"geometry":{"type":"MultiPolygon","coordinates":[[[[-53,-75.9],[-53.6,-74.1],[-53.4,-72.9],[-51.2,-69.6],[-47.9,-69.1],[-41.1,-71.2],[-40.8,-74.4],[-50.5,-75.8],[-53,-75.9]]]]}},{"type":"Feature","properties":{},"geometry":{"type":"MultiPolygon","coordinates":[[[[-82.9,-67.1],[-85.6,-63.8],[-79.9,-63.6],[-74.3,-67],[-77.7,-68.3],[-82.9,-67.1]]]]}},{"type":"Feature","properties":{},"geometry":{"type":"MultiPolygon","coordinates":[[[[76.3,-61.1],[77.3,-63.3],[73.8,-64.4],[69.6,-62.3],[76.3,-61.1]]]]}},{"type":"Feature","properties":{},"geometry":{"type":"MultiPolygon","coordinates":[[[[61.8,-74.8],[60.3,-76.2],[58,-76.1],[58.2,-76.8],[58.2,-77],[58.2,-78],[56.7,-78.7],[54.5,-78.8],[43.6,-79.8],[35.8,-79.3],[39.8,-79],[43.1,-78.7],[47.5,-78.3],[52.7,-77.7],[55.6,-76.8],[56.4,-76.5],[55,-75.8],[61.8,-74.8]]]]}},{"type":"Feature","properties":{},"geometry":{"type":"MultiPolygon","coordinates":[[[[9.9,-63.3],[10,-64.6],[9.1,-64],[8.7,-63.3],[8.6,-62.2],[8.9,-61.4],[9.4,-62],[10,-62.6],[9.9,-63.3]]]]}},{"type":"Feature","properties":{},"geometry":{"type":"MultiPolygon","coordinates":[[[[101.9,-58.7],[103.8,-60.2],[101.5,-59.6],[97.8,-59.9],[92.6,-58.9],[98.2,-59.2],[100.5,-58.7],[101.9,-58.7]]]]}},{"type":"Feature","properties":{},"geometry":{"type":"MultiPolygon","coordinates":[[[[-113.2,-19.1],[-115.3,-17.9],[-116.1,-16.7],[-115.9,-14.6],[-115.6,-13.9],[-115.2,-13.9],[-114.2,-13.7],[-113.5,-14.6],[-113.9,-15.8],[-113.8,-16.8],[-113.1,-18.4],[-113.2,-19.1]]]]}},{"type":"Feature","properties":{},"geometry":{"type":"MultiPolygon","coordinates":[[[[91.2,-63.7],[92.8,-64.1],[94.7,-65.1],[92.9,-65.7],[87.7,-65.4],[86.3,-63.5],[88.6,-63.2],[91.2,-63.7]]]]}},{"type":"Feature","properties":{},"geometry":{"type":"MultiPolygon","coordinates":[[[[-147.9,-82.3],[-139.7,-83.3],[-145.6,-83.5],[-151.2,-82.2],[-147.9,-82.3]]]]}},{"type":"Feature","properties":{},"geometry":{"type":"MultiPolygon","coordinates":[[[[-114.9,-22.2],[-115.7,-21.1],[-115.6,-19],[-115.9,-17.6],[-113.9,-18.6],[-113.2,-19.7],[-113.5,-21.3],[-114.9,-22.2]]]]}},{"type":"Feature","properties":{},"geometry":{"type":"MultiPolygon","coordinates":[[[[39.2,-49.2],[34.9,-51.8],[30.7,-55.7],[27.6,-54.9],[29.6,-52.9],[35.9,-50.5],[39.2,-49.2]]]]}},{"type":"Feature","properties":{},"geometry":{"type":"MultiPolygon","coordinates":[[[[1.4,-28],[2.2,-27.7],[3.1,-27],[3.5,-26.5],[3.7,-26.4],[3.7,-26.7],[3.6,-27.5],[3.4,-28.1],[3.4,-28.3],[3.4,-28.7],[3.3,-29.2],[3.2,-29.5],[3.3,-29.7],[3.3,-30.1],[3.3,-30.2],[3.5,-30.6],[3.8,-31.1],[3.7,-31.7],[2.7,-32.6],[-0.3,-33.2],[0.8,-31.1],[1.3,-28.5],[1.4,-28]]]]}},{"type":"Feature","properties":{},"geometry":{"type":"MultiPolygon","coordinates":[[[[-2.6,-33.7],[0.7,-33.1],[0.9,-34.4],[0.8,-34.8],[0.2,-35.8],[-0.4,-36.3],[-2.5,-37.7],[-3.2,-38.3],[-3.2,-38.1],[-3.1,-37.9],[-3.4,-37.8],[-3.7,-37.8],[-3.3,-37.3],[-3.3,-37],[-2.7,-36.9],[-2.6,-36.6],[-2.6,-36.4],[-2.4,-36.2],[-3.4,-35.7],[-2.9,-35.5],[-2.3,-34.6],[-2.7,-34.4],[-2.5,-34.1],[-2.7,-33.7],[-2.6,-33.7]]]]}},{"type":"Feature","properties":{},"geometry":{"type":"MultiPolygon","coordinates":[[[[3.6,-31.8],[4,-32.7],[4.8,-33.1],[5.1,-33.1],[5.5,-32.9],[6.3,-32.7],[6.4,-33.2],[6.3,-34.4],[6,-34.7],[5.9,-34.8],[5.9,-34.9],[5.6,-35.7],[5.8,-36.2],[5.8,-36.4],[5.7,-36.5],[5.6,-36.7],[5.5,-36.9],[5.2,-37.1],[5,-37.3],[4.7,-37.5],[4.6,-37.7],[4.5,-37.9],[4.3,-38.1],[4.1,-38.3],[3.8,-38.5],[3.4,-38.7],[3.3,-38.9],[2.2,-38.2],[2.1,-38.1],[2,-37.5],[0.8,-37.5],[0.7,-37.3],[0.3,-37.3],[-1.1,-37.4],[-1.3,-37.5],[-1.5,-37.3],[-1.8,-37.6],[-2,-37.5],[-2,-37.7],[-2.1,-37.7],[-2.4,-37.8],[-2.7,-37.9],[-2.8,-38.2],[-2.2,-37.5],[-0.3,-36.2],[0.4,-35.5],[0.8,-34.7],[0.9,-34.3],[2.7,-32.6],[3.6,-31.8]]]]}},{"type":"Feature","properties":{},"geometry":{"type":"MultiPolygon","coordinates":[[[[-1.8,-43.7],[-1.6,-43.8],[-1.3,-43.9],[-1,-44.3],[-0.8,-44.4],[-0.4,-44.6],[-0.1,-44.7],[0.1,-44.7],[0.4,-44.9],[0.8,-45.1],[1,-45.3],[1.3,-45.4],[1.5,-45.5],[1.8,-45.6],[2,-45.6],[2.2,-45.7],[2.2,-46.2],[1.5,-46.7],[-1.3,-46.8],[-1.4,-47],[-3.3,-47.7],[-4.2,-48.6],[-4.8,-48.5],[-5.1,-48.5],[-5.6,-48.6],[-6.1,-48.6],[-6.4,-48.5],[-6.8,-48.4],[-7.4,-48.4],[-8,-48.3],[-8.5,-48.3],[-8.9,-48.2],[-9.3,-48],[-9.7,-48],[-10,-48],[-10.3,-48],[-10.4,-47.9],[-10.8,-48],[-11.1,-47.9],[-11.5,-47.9],[-11.3,-47.6],[-11.3,-47.2],[-11.4,-46.7],[-11.9,-46.5],[-12.6,-46.5],[-12.5,-45.2],[-12,-44.9],[-12.2,-44.5],[-11.9,-44.6],[-11.6,-44.4],[-11.7,-44],[-10.5,-43.6],[-9.5,-42.9],[-8.5,-41.9],[-8.7,-41.7],[-8.7,-41.6],[-8.5,-41.2],[-8.3,-41.1],[-7.9,-41],[-7.4,-41.2],[-7.3,-41.2],[-6.9,-41.2],[-6.5,-41.5],[-5.7,-41.9],[-5,-42.2],[-3.7,-42.9],[-3.5,-43.1],[-3.1,-43.3],[-2.7,-43.4],[-1.8,-43.7]]]]}},{"type":"Feature","properties":{},"geometry":{"type":"MultiPolygon","coordinates":[[[[-11.5,-47.9],[-11.1,-47.9],[-10.8,-48],[-10.4,-47.9],[-10.3,-48],[-10,-48],[-9.7,-48],[-9.3,-48],[-8.9,-48.2],[-8.5,-48.3],[-8,-48.3],[-7.4,-48.4],[-6.8,-48.4],[-6.4,-48.5],[-6.1,-48.6],[-5.6,-48.6],[-5.1,-48.5],[-4.8,-48.5],[-4.2,-48.6],[-5,-49],[-5.8,-49],[-7.3,-49.2],[-8.5,-48.8],[-10.5,-48.3],[-11.3,-48.4],[-11.5,-47.9]]]]}},{"type":"Feature","properties":{},"geometry":{"type":"MultiPolygon","coordinates":[[[[131.7,-55.8],[138.4,-53.6],[138.7,-53.6],[138.9,-53.7],[139.8,-53.7],[139.2,-54.4],[139,-54.8],[137.5,-55.5],[137.4,-55.9],[138.3,-56.3],[137.4,-56.1],[137.3,-56.7],[136.5,-56.3],[135.9,-56.1],[135.6,-56.6],[135,-57],[134.9,-56.4],[133.5,-56.4],[133,-56.4],[132.1,-56.2],[131.7,-55.8]]]]}},{"type":"Feature","properties":{},"geometry":{"type":"MultiPolygon","coordinates":[[[[132.6,-56.9],[132.8,-56.5],[133.2,-57],[132.6,-56.9]]]]}},{"type":"Feature","properties":{},"geometry":{"type":"MultiPolygon","coordinates":[[[[112.9,-50.7],[113,-50.7],[112.9,-50.8],[112.9,-50.7]]]]}},{"type":"Feature","properties":{},"geometry":{"type":"MultiPolygon","coordinates":[[[[112.6,-52.2],[112.9,-52.2],[113,-52.1],[113.4,-52.1],[113.7,-52.1],[112.6,-52.2]]]]}},{"type":"Feature","properties":{},"geometry":{"type":"MultiPolygon","coordinates":[[[[115.4,-52],[119.3,-50.6],[120.9,-52.2],[121.6,-53.3],[121.7,-54.3],[120.9,-54.7],[120.4,-54.6],[120.4,-54],[119.1,-53.8],[119.4,-53.7],[118.3,-53.4],[117.8,-52.6],[116.9,-52.3],[115.4,-52]]]]}},{"type":"Feature","properties":{},"geometry":{"type":"MultiPolygon","coordinates":[[[[122.3,-55.5],[128.7,-54.1],[132.4,-52],[130.8,-56.3],[127.1,-56.4],[126.9,-56.4],[126.4,-56.7],[125.8,-56.4],[125.3,-56.5],[123.9,-55.9],[123.2,-55.8],[122.3,-55.5]]]]}},{"type":"Feature","properties":{},"geometry":{"type":"MultiPolygon","coordinates":[[[[132.4,-52],[138.9,-52.1],[138.9,-53.1],[138.7,-53.6],[138.4,-53.6],[131.7,-55.8],[132,-53.4],[132.4,-52]]]]}},{"type":"Feature","properties":{},"geometry":{"type":"MultiPolygon","coordinates":[[[[-74.7,-13.8],[-74.7,-14],[-74.4,-14.2],[-74.4,-15.1],[-74.7,-15.3],[-74.8,-16],[-75.2,-17],[-75.1,-17.8],[-75.2,-18.8],[-74.9,-20],[-74.9,-21],[-75.1,-22.1],[-75.3,-22.4],[-76,-22.6],[-76.5,-22.6],[-77.3,-22.6],[-78.3,-22.7],[-78.8,-22.7],[-79.6,-23.1],[-80,-24.5],[-80.8,-25],[-81.2,-25.8],[-81.8,-26.8],[-82.3,-26.7],[-82.3,-26.4],[-82.3,-25.8],[-82.8,-25.9],[-82.9,-25.4],[-83.4,-25.2],[-83.5,-25],[-84.7,-25.3],[-85,-25.1],[-85.1,-25.3],[-85.3,-24.9],[-86.2,-25.1],[-86.6,-25.2],[-86.8,-25.3],[-87.2,-25.1],[-87.6,-25.2],[-87.6,-24.7],[-87.7,-24.5],[-87.8,-24.5],[-87.9,-24.4],[-87.9,-24.3],[-88,-24.2],[-89.3,-23.1],[-89.2,-22.8],[-89.2,-22.4],[-89.1,-22.2],[-89.1,-21.2],[-89.4,-19.8],[-89.9,-19.3],[-90,-19.4],[-90.3,-19.4],[-90.6,-19.4],[-91.1,-19.4],[-92.1,-18.6],[-92.7,-18.5],[-93.4,-18.9],[-94.3,-19.2],[-95.4,-19.5],[-95.9,-19.7],[-96.2,-20.4],[-97.6,-19.7],[-99.7,-19.1],[-99.6,-18.1],[-99.4,-15.8],[-98.5,-15],[-97.4,-14],[-95.9,-13],[-95,-12.4],[-93.4,-11.2],[-92.4,-10.9],[-92.4,-11.2],[-92.5,-11.4],[-92.9,-11.8],[-92.9,-12.1],[-92.8,-11.9],[-92.1,-11.4],[-92.1,-10.8],[-90.9,-10.7],[-90.2,-10.5],[-89.7,-10.4],[-88.8,-10.2],[-88.4,-10.4],[-87.8,-10.8],[-86.6,-12.3],[-84.7,-13],[-84.7,-14.1],[-84,-15.5],[-83.4,-16],[-83,-16.5],[-83.4,-17.3],[-84.1,-18.4],[-84.1,-19.3],[-84,-20.3],[-83.7,-20.7],[-83.2,-20.5],[-83.2,-21.1],[-83,-20.7],[-82.7,-20.4],[-82.4,-20.2],[-82.4,-19.9],[-82.3,-19.7],[-82.2,-19.6],[-81.9,-19],[-81.9,-18.9],[-81.8,-18.7],[-81.7,-18.5],[-81.9,-18.2],[-81.8,-17.9],[-80.4,-17.9],[-79.4,-17.4],[-78.7,-16],[-78.8,-15.4],[-79,-14.8],[-79,-14.6],[-78.8,-14.5],[-78.5,-14.4],[-78.3,-14.3],[-78.2,-14.2],[-77.9,-14],[-77.8,-13.7],[-77.7,-13.2],[-77.6,-13.2],[-76.5,-13.1],[-75.2,-13.2],[-75,-13.7],[-74.7,-13.8]]]]}},{"type":"Feature","properties":{},"geometry":{"type":"MultiPolygon","coordinates":[[[[-90.7,-21.8],[-90.8,-22.3],[-90.8,-22.4],[-91.1,-22.4],[-91.2,-22.1],[-92,-21.6],[-93.3,-20.4],[-93.8,-19.9],[-93.7,-19.7],[-93.1,-20],[-91.7,-20.6],[-91.2,-20.8],[-91,-21.2],[-90.7,-21.8]]]]}},{"type":"Feature","properties":{},"geometry":{"type":"MultiPolygon","coordinates":[[[[-80.4,-16.5],[-80.5,-16.6],[-80.6,-16.6],[-80.9,-16.6],[-81.1,-16.7],[-80.8,-16.5],[-80.8,-16.6],[-80.4,-16.5]]]]}},{"type":"Feature","properties":{},"geometry":{"type":"MultiPolygon","coordinates":[[[[-83.3,1.9],[-86.6,-0.4],[-87.9,-0.7],[-88.6,0],[-88.5,0.9],[-88.6,1.2],[-88.1,1.7],[-86.7,2.4],[-85.5,2.8],[-84.2,3.4],[-84.1,4.1],[-84.8,7.2],[-83.8,8.1],[-83.3,8.4],[-83.1,8.3],[-83,8.4],[-83.7,7.5],[-83.7,7.1],[-83.6,7.1],[-83.4,7.2],[-83.3,7.2],[-83.1,7.2],[-83,7.2],[-82.9,7.1],[-83.3,7],[-83.6,6.7],[-83.5,6.5],[-83.2,5.4],[-83.1,4.2],[-83,4],[-83,3.1],[-83.4,3.3],[-83.8,3.4],[-83.3,2],[-83.3,1.9]]]]}},{"type":"Feature","properties":{},"geometry":{"type":"MultiPolygon","coordinates":[[[[-84.1,9.1],[-84.9,9.8],[-85.3,11],[-85,11.2],[-85.1,10.8],[-85.1,10.6],[-85,10.6],[-84.7,10.8],[-84.6,10.7],[-84.6,10.5],[-84.4,10.4],[-84.2,10.2],[-84.3,10.1],[-84.4,10],[-84.3,9.8],[-84,9.7],[-83.7,9.3],[-83.5,9.1],[-83.4,9],[-83.5,8.9],[-83.8,9],[-84.1,9.1]]]]}},{"type":"Feature","properties":{},"geometry":{"type":"MultiPolygon","coordinates":[[[[-87.2,-1.1],[-87.6,-0.8],[-87.4,-0.9],[-87.2,-1.1]]]]}},{"type":"Feature","properties":{},"geometry":{"type":"MultiPolygon","coordinates":[[[[-89.3,0.5],[-88.7,1],[-88.9,0.5],[-89.3,0.5]]]]}},{"type":"Feature","properties":{},"geometry":{"type":"MultiPolygon","coordinates":[[[[-87.5,-1.4],[-88.3,-0.9],[-87.8,-1],[-87.5,-1.4]]]]}},{"type":"Feature","properties":{},"geometry":{"type":"MultiPolygon","coordinates":[[[[-89.7,-0.5],[-90.2,0.4],[-89.7,-0.4],[-89.7,-0.5]]]]}},{"type":"Feature","properties":{},"geometry":{"type":"MultiPolygon","coordinates":[[[[-79.2,0.4],[-79.5,0.3],[-79.6,0.3],[-79.8,0.3],[-79.9,0.2],[-80,0.5],[-80,0.3],[-80.1,0.2],[-80.7,0],[-80.8,0.2],[-81,0.6],[-81,1],[-81.7,1.6],[-82.3,2],[-82.5,2.2],[-82.7,3.1],[-82.3,3.2],[-82.5,4.4],[-82.2,4.8],[-81.1,3.3],[-81,3.1],[-81,4],[-81.5,4.6],[-81.6,5],[-81.5,5.5],[-80.7,5],[-80.6,4.8],[-80.8,5.5],[-80.8,5.8],[-80.4,6],[-80,6.1],[-79.2,5],[-79.2,4.8],[-78.9,4.8],[-79.3,4.2],[-79.1,4.1],[-78.9,4],[-78.9,3.9],[-78.7,4],[-78.6,4],[-78.6,3.8],[-78.6,3.5],[-79.2,3],[-79,2.9],[-78,3.8],[-77.8,3.5],[-77.8,2.9],[-78.8,1.7],[-79.1,1.6],[-79.2,1],[-79.2,0.8],[-79.2,0.4]]]]}},{"type":"Feature","properties":{},"geometry":{"type":"MultiPolygon","coordinates":[[[[-78.5,7.1],[-78.7,6.9],[-78.7,5.7],[-80.3,6.3],[-80.7,6.4],[-81.4,6.5],[-81.4,7.4],[-81.1,8.1],[-80.2,7.9],[-78.9,8.4],[-78.5,7.1]]]]}},{"type":"Feature","properties":{},"geometry":{"type":"MultiPolygon","coordinates":[[[[-76.1,2],[-77.6,1.2],[-77.5,1.6],[-77.5,1.8],[-77.1,2],[-77.1,1.7],[-76.9,1.7],[-76.7,2],[-76.5,2.1],[-76.4,2.3],[-76.4,2.4],[-76,2.3],[-76.1,2]]]]}},{"type":"Feature","properties":{},"geometry":{"type":"MultiPolygon","coordinates":[[[[-90.7,-10.6],[-91.5,-10.9],[-92.2,-10.9],[-92.4,-10.6],[-92.7,-10.9],[-92.4,-10.9],[-93.4,-11.2],[-95,-12.4],[-95.9,-13],[-97.4,-14],[-98.5,-15],[-99.4,-15.8],[-98.9,-14.1],[-96.7,-12.6],[-96,-12.1],[-95.7,-11.7],[-95,-10.8],[-93,-9.6],[-91.8,-8.9],[-91.5,-8.7],[-91.5,-8.6],[-91.3,-8.5],[-91.3,-8.9],[-91.4,-9],[-90.9,-9.4],[-90.8,-9.6],[-90.6,-9.8],[-90.2,-10],[-90.1,-10.1],[-90.5,-10.5],[-90.7,-10.6]]]]}},{"type":"Feature","properties":{},"geometry":{"type":"MultiPolygon","coordinates":[[[[-88.4,-10.3],[-88.4,-10.4],[-88.8,-10.2],[-89.7,-10.4],[-90.2,-10.5],[-90.5,-10.5],[-90.1,-10.1],[-90.2,-10],[-90.6,-9.8],[-90.8,-9.6],[-90.9,-9.4],[-91.4,-9],[-91.3,-8.9],[-91.3,-8.5],[-91.4,-8.5],[-91.6,-8.4],[-91.5,-8.3],[-90.7,-8.2],[-90.7,-7.9],[-90.5,-7.7],[-90.1,-7.8],[-90,-8.1],[-89.5,-8.5],[-89.7,-8.9],[-89.4,-9.4],[-89,-9.8],[-88.4,-10.3]]]]}},{"type":"Feature","properties":{},"geometry":{"type":"MultiPolygon","coordinates":[[[[-90.5,-7.6],[-90.9,-7.7],[-91.8,-7.5],[-91.9,-7.4],[-90.7,-7.5],[-90.5,-7.6]]]]}},{"type":"Feature","properties":{},"geometry":{"type":"MultiPolygon","coordinates":[[[[-76.1,-4.6],[-75.9,-4.8],[-75.5,-4.7],[-74.7,-5.2],[-74.8,-5.3],[-75.2,-5.6],[-75.4,-5.5],[-75.4,-5.6],[-75.6,-6],[-76.2,-7],[-76.8,-7],[-76.9,-6.7],[-76.8,-6.4],[-77,-6.2],[-76.9,-6.4],[-76.9,-6.5],[-77.1,-7.1],[-77.2,-6.9],[-77.4,-6.8],[-77.6,-6.3],[-77.8,-6.6],[-78.5,-6.8],[-79.1,-6.3],[-79.1,-5.8],[-79.3,-5.7],[-79,-6.8],[-79.1,-7.4],[-79.4,-7.4],[-80.1,-7.6],[-80.2,-7.4],[-80.3,-7.4],[-80.6,-7.4],[-81.1,-7.3],[-81.4,-6.7],[-81.7,-6.1],[-81.7,-6.4],[-81.5,-6.6],[-81.5,-6.8],[-81.2,-7.3],[-81.3,-7.7],[-81.9,-7.3],[-82.5,-6.5],[-84.7,-6.1],[-85.5,-5.2],[-86.9,-5.3],[-87.9,-5.1],[-88.4,-4.9],[-89.1,-5],[-90.4,-3.2],[-89.7,-4],[-89.4,-4.2],[-89.8,-3.3],[-90.5,-2.8],[-89.6,-2.1],[-88.6,-1.6],[-87.9,-1.5],[-85.9,-2.3],[-85.3,-2.5],[-83.9,-1.7],[-82.4,-1.1],[-81.3,-0.7],[-81.2,-1.1],[-81,-1.3],[-80.8,-1.5],[-80.3,-2.1],[-80.2,-2.5],[-79.9,-2.3],[-80.1,-2.1],[-80.1,-1.9],[-79.9,-1.7],[-79.7,-1.9],[-79.5,-1.9],[-79.6,-2.3],[-79.7,-2.4],[-79.8,-2.7],[-79.9,-3],[-79.9,-3.2],[-79.9,-3.4],[-79.7,-2.9],[-78.7,-2.8],[-78.3,-2.6],[-78.5,-2.6],[-78.2,-2.3],[-78.1,-2.3],[-77.8,-2.2],[-78.1,-1.8],[-78.2,-1.3],[-77.7,-0.9],[-77.6,-0.5],[-76.6,-0.4],[-76.4,-0.3],[-76.4,-0.6],[-76.8,-1.7],[-76.9,-1.9],[-76.8,-2],[-77,-1.9],[-77.2,-2],[-77.4,-2.4],[-77.3,-2.6],[-77.1,-2.8],[-77.3,-3],[-77.4,-2.8],[-77.5,-3.4],[-77.8,-3.8],[-77.6,-3.9],[-76.8,-3.9],[-77.2,-4.4],[-77.5,-4.9],[-77.7,-5.4],[-77.5,-5.4],[-77.3,-5.4],[-77,-5.2],[-76.1,-4.6]]]]}},{"type":"Feature","properties":{},"geometry":{"type":"MultiPolygon","coordinates":[[[[-77.8,-6.9],[-77.9,-7.3],[-77.7,-7.5],[-77.6,-8.2],[-77.4,-9.3],[-77.3,-9.6],[-77.1,-9.7],[-77.2,-9.9],[-78,-9.5],[-77.9,-8.9],[-78.4,-9.1],[-79.4,-9.2],[-79.4,-8.5],[-79.7,-8.2],[-78.6,-7.5],[-77.8,-6.9]]]]}},{"type":"Feature","properties":{},"geometry":{"type":"MultiPolygon","coordinates":[[[[-75.7,0.3],[-75.2,1.1],[-74.7,1.3],[-74.5,1],[-74.5,0.2],[-74.8,0.1],[-75.7,0.3]]]]}},{"type":"Feature","properties":{},"geometry":{"type":"MultiPolygon","coordinates":[[[[-76.3,-0.2],[-75.8,0.3],[-76.2,-0.2],[-76.3,-0.2]]]]}},{"type":"Feature","properties":{},"geometry":{"type":"MultiPolygon","coordinates":[[[[-78.6,-1.1],[-78.6,-1.6],[-78.7,-2.2],[-79.1,-2.2],[-79.4,-1.9],[-79.6,-1.5],[-79.6,-1.3],[-79.6,-1.2],[-79.7,-1.1],[-79.5,-1],[-79.1,-1],[-78.9,-0.9],[-78.6,-1.1]]]]}},{"type":"Feature","properties":{},"geometry":{"type":"MultiPolygon","coordinates":[[[[-78.2,-10.2],[-79.2,-10.4],[-78.8,-9.9],[-78.3,-10.1],[-78.2,-10.2]]]]}},{"type":"Feature","properties":{},"geometry":{"type":"MultiPolygon","coordinates":[[[[-77.3,-7.4],[-77.3,-7.5],[-77.4,-7.4],[-77.3,-7.4]]]]}},{"type":"Feature","properties":{},"geometry":{"type":"MultiPolygon","coordinates":[[[[-78.3,-1.5],[-78.4,-1.8],[-78.6,-1.7],[-78.3,-1.5]]]]}},{"type":"Feature","properties":{},"geometry":{"type":"MultiPolygon","coordinates":[[[[-75.4,-27.4],[-75.9,-27.6],[-76.8,-27.3],[-76.6,-27.5],[-76,-27.8],[-75.7,-28],[-75.8,-28],[-75.8,-28.2],[-76,-28.4],[-75.9,-28.6],[-76.9,-29],[-78.7,-29.6],[-79.9,-29.9],[-81,-30.3],[-82,-30.6],[-84.3,-31.9],[-84.7,-31.7],[-83,-29.7],[-82.8,-29.4],[-82.6,-29.2],[-81.8,-28.9],[-81.1,-28.5],[-80.6,-28.7],[-79.9,-28.5],[-79.1,-27.7],[-78.1,-27.2],[-77.7,-27.1],[-77,-27],[-76.6,-27],[-75.6,-27.1],[-75.4,-27.4]]]]}},{"type":"Feature","properties":{},"geometry":{"type":"MultiPolygon","coordinates":[[[[-73.3,-28.7],[-73.4,-28.7],[-73.2,-28.7],[-73.3,-28.7]]]]}},{"type":"Feature","properties":{},"geometry":{"type":"MultiPolygon","coordinates":[[[[44.1,-35.5],[44.4,-35.8],[44.8,-36],[45.5,-36],[46.6,-36.3],[48.4,-36.2],[50.4,-36.5],[52.8,-35.5],[53.3,-35.4],[54.9,-35.1],[56.6,-35],[58.8,-34.5],[60.9,-33.7],[63.3,-33.7],[62.8,-33.6],[62.5,-33.8],[62.2,-34.7],[61.9,-35.8],[61,-36.4],[59.7,-36.8],[58.7,-37.4],[57.5,-37.2],[57.4,-37.2],[55.9,-37.1],[55.2,-37.5],[54.6,-37.7],[54.7,-37.6],[54.6,-37.8],[54.9,-38.2],[54.5,-38.4],[54.8,-39.2],[55.1,-38.9],[56.1,-39.2],[57,-39.3],[57.2,-39.3],[57.4,-39.4],[57.8,-39.3],[58.2,-39.3],[58.3,-39.2],[59.3,-39],[59.5,-39.1],[59.9,-39.5],[60.3,-39.5],[61.3,-39.6],[61,-39.1],[60.9,-39],[60.5,-38.8],[61,-38.4],[61.2,-38.4],[61.6,-38.7],[62.2,-39.2],[62.3,-39.2],[62.6,-39.3],[62.8,-39.1],[63.3,-39.1],[63.5,-38.8],[64,-38],[64.4,-37.2],[64.2,-37.2],[64.3,-36.9],[64.2,-36.8],[64,-36.5],[63.8,-35.6],[63.6,-35.2],[63.4,-34.5],[63.3,-34.5],[63.4,-34.4],[63.4,-34.6],[63.7,-34.6],[64.7,-35.1],[68.5,-36.7],[72.8,-40.1],[72.5,-41.4],[73.3,-42.8],[73,-45.1],[73.2,-46.3],[70.4,-48],[69.2,-46.8],[65,-45.4],[62,-44.7],[59.2,-44.5],[57,-44.6],[55.4,-44.5],[54.5,-44.5],[53.4,-44.3],[52.4,-44.3],[51.4,-45],[51.3,-45.5],[52.1,-46.3],[51,-47],[48.8,-48],[47.1,-47.9],[45.2,-47.4],[44,-47],[44,-46.9],[43.4,-45.8],[42.7,-45],[42.3,-44.6],[41.8,-44],[41.5,-43.7],[41.1,-43.3],[40.2,-42.2],[39.6,-41.5],[39.3,-41.1],[39.3,-39.9],[39.6,-38.9],[40,-38.1],[40.5,-37.4],[42.4,-35.9],[44.1,-35.5]]]]}},{"type":"Feature","properties":{},"geometry":{"type":"MultiPolygon","coordinates":[[[[62.5,-34.2],[62.3,-35.1],[62.4,-34.3],[62.5,-34.2]]]]}},{"type":"Feature","properties":{},"geometry":{"type":"MultiPolygon","coordinates":[[[[49.3,-25.6],[52.8,-26.5],[55.3,-27.6],[58.4,-27.1],[58.9,-28.6],[58.5,-29.7],[57.2,-31.2],[55.7,-30.7],[53.5,-31.7],[50.2,-32.4],[47.7,-31.6],[47.6,-27.9],[47.8,-26.5],[47.1,-26.2],[48.2,-25.7],[49.3,-25.6]]]]}},{"type":"Feature","properties":{},"geometry":{"type":"MultiPolygon","coordinates":[[[[69.7,-21.1],[67.4,-25.3],[66,-29.7],[64.2,-30.8],[61.3,-30.5],[59.6,-28.5],[61.6,-26.1],[66.5,-23.5],[67.4,-22.4],[69.7,-21.1]]]]}},{"type":"Feature","properties":{},"geometry":{"type":"MultiPolygon","coordinates":[[[[11.3,-52.2],[8.1,-51],[5.6,-49.7],[7.3,-49.2],[7.4,-49.2],[7.7,-49.1],[8.5,-49.1],[9.7,-48.6],[9.8,-48.7],[10.1,-48.7],[10.3,-49.1],[11.3,-48.9],[11,-50],[11.6,-50.4],[10.6,-51.7],[11.3,-52.2]]]]}},{"type":"Feature","properties":{},"geometry":{"type":"MultiPolygon","coordinates":[[[[16.2,-47],[15.9,-48],[16.1,-48.4],[15.4,-48.6],[13.3,-48.1],[12.9,-47.6],[13.3,-47.4],[14.1,-47.6],[15.6,-47.2],[16.2,-46.9],[16.2,-47]]]]}},{"type":"Feature","properties":{},"geometry":{"type":"MultiPolygon","coordinates":[[[[12.1,-50.6],[12,-51],[11.7,-51.8],[10.8,-52],[9.4,-51.9],[10.2,-51.5],[11.1,-50.2],[10.7,-49.9],[12.1,-50.6]]]]}},{"type":"Feature","properties":{},"geometry":{"type":"MultiPolygon","coordinates":[[[[35.9,-35.6],[36.1,-35.7],[36.3,-35.6],[36.9,-35.5],[37.3,-35.4],[37,-36.3],[36.4,-37.1],[36,-37.7],[35.5,-38.9],[34.9,-39.5],[34.8,-39.9],[33.5,-40.7],[33.4,-41.1],[32.6,-41.5],[30,-41.5],[29.1,-42],[28.7,-42.3],[28.4,-42.4],[27.9,-42.3],[27.8,-42.4],[27.5,-42.6],[27.2,-42.7],[27.4,-42.4],[26.9,-42.4],[26.6,-42.3],[26.5,-42],[26,-41.9],[25.7,-41.6],[25.8,-41.2],[26.5,-40.4],[26.7,-39.8],[27.4,-39.4],[28.5,-38.9],[29.5,-38.6],[30.5,-38],[34.1,-37.8],[35.3,-36.3],[35.9,-35.6]]]]}},{"type":"Feature","properties":{},"geometry":{"type":"MultiPolygon","coordinates":[[[[35.1,-35],[34.5,-35.7],[33.4,-37.2],[30.1,-37.4],[30.9,-36.7],[31.6,-35.9],[32.1,-35.5],[32.6,-35.5],[33,-35.5],[33.4,-35.4],[33.7,-35.3],[34.1,-35.1],[34.4,-35.1],[34.6,-35],[34.9,-35],[35.1,-35]]]]}},{"type":"Feature","properties":{},"geometry":{"type":"MultiPolygon","coordinates":[[[[-64,3.5],[-63.7,3.2],[-64,3.3],[-63.9,3],[-63.8,2.7],[-64.1,2.6],[-64.5,2.7],[-64.5,3],[-64.8,3.2],[-64.8,3],[-65.1,3.4],[-65.2,3.6],[-64.9,3.9],[-64.8,3.5],[-64.5,3.4],[-64.1,3.5],[-64,3.5]]]]}},{"type":"Feature","properties":{},"geometry":{"type":"MultiPolygon","coordinates":[[[[-62.7,2.7],[-62.3,2],[-62.7,1.9],[-62.9,2],[-63.2,2.2],[-63.3,2.3],[-63.1,2.9],[-63.7,2.5],[-63.6,2.7],[-63.4,3.1],[-62.7,2.7]]]]}},{"type":"Feature","properties":{},"geometry":{"type":"MultiPolygon","coordinates":[[[[47.2,-31.5],[49.6,-32.3],[52.9,-32],[55.2,-30.6],[56.8,-31.4],[55.1,-31.9],[53.2,-32.9],[51,-33.6],[49.6,-33.7],[48.3,-33.8],[47.2,-34.1],[45.2,-35.2],[43.3,-35],[41.5,-35.1],[40.1,-34.9],[39.5,-34.8],[38.9,-34.7],[38.5,-34.5],[38.8,-34],[40,-32.6],[41.3,-33],[42.6,-33],[44,-32.6],[45.2,-32.3],[47.2,-31.5]]]]}},{"type":"Feature","properties":{},"geometry":{"type":"MultiPolygon","coordinates":[[[[43.9,-31.1],[45.4,-29.4],[45.6,-28.9],[46.2,-27.1],[47.1,-26.5],[47.2,-27.8],[47.2,-31.5],[45.2,-32.3],[44,-32.6],[42.6,-33],[41.3,-33],[40,-32.6],[41.4,-31.5],[42.2,-31.7],[43.3,-31.3],[43.9,-31.1]]]]}},{"type":"Feature","properties":{},"geometry":{"type":"MultiPolygon","coordinates":[[[[2.6,-24.9],[3.6,-26.2],[3.4,-26.6],[3,-27.1],[2.2,-27.7],[1.4,-28],[1.1,-27.5],[0.9,-25.4],[1.4,-25.1],[2.3,-24.9],[2.6,-24.9]]]]}},{"type":"Feature","properties":{},"geometry":{"type":"MultiPolygon","coordinates":[[[[-0.5,-49.8],[0.3,-50],[1.9,-49.9],[4.9,-50.3],[4.4,-50.5],[3.7,-50.4],[2,-50.3],[-0.2,-50.6],[-3.1,-50.8],[-4.6,-50.9],[-5.8,-50.8],[-4.5,-50.3],[-3.5,-50.3],[-1,-49.6],[-0.5,-49.8]]]]}},{"type":"Feature","properties":{},"geometry":{"type":"MultiPolygon","coordinates":[[[[-8.3,-50.4],[-7.3,-50.5],[-7.2,-50.6],[-6.8,-50.7],[-6.4,-50.7],[-7.9,-51],[-9.4,-51.4],[-11,-51.3],[-12.2,-50.8],[-10.5,-49.5],[-10,-50.4],[-9.1,-50.6],[-8.3,-50.4]]]]}},{"type":"Feature","properties":{},"geometry":{"type":"MultiPolygon","coordinates":[[[[-10.2,-49.9],[-10.9,-49.7],[-11.8,-49.1],[-11,-48.6],[-10.8,-49.7],[-10.2,-49.9]]]]}},{"type":"Feature","properties":{},"geometry":{"type":"MultiPolygon","coordinates":[[[[0.5,-24],[1.1,-24.2],[1.9,-24.4],[2.5,-24.9],[1.6,-25],[1.1,-25.3],[1,-27],[1.2,-28.1],[1.3,-28.5],[0.7,-31.8],[-0.3,-33.3],[-0.6,-32.5],[-0.4,-29.1],[-0.6,-25.8],[0.5,-24]]]]}},{"type":"Feature","properties":{},"geometry":{"type":"MultiPolygon","coordinates":[[[[4.4,-50.5],[-2.1,-52.8],[-9.8,-53.3],[-18,-53.7],[-18.1,-53.6],[-16.6,-52.1],[-13.6,-51.2],[-12.1,-50.8],[-10.8,-51.3],[-8.9,-51.4],[-7.6,-50.9],[-6.3,-50.8],[-5.9,-50.8],[-5.5,-50.8],[-4,-50.9],[-2,-50.8],[0.8,-50.6],[3.2,-50.3],[4.3,-50.5],[4.4,-50.5]]]]}},{"type":"Feature","properties":{},"geometry":{"type":"MultiPolygon","coordinates":[[[[15.3,-44.6],[14.4,-43.8],[16.4,-43.7],[17.1,-44.4],[15.7,-44.1],[15.2,-44.6],[15.3,-44.6]]]]}},{"type":"Feature","properties":{},"geometry":{"type":"MultiPolygon","coordinates":[[[[-61.8,2],[-62.6,2.5],[-62.8,2.7],[-63,2.8],[-63.8,3.5],[-63.6,3.7],[-63.2,3.6],[-62.7,3.4],[-62.2,3.3],[-62.2,2.9],[-61.8,2]]]]}},{"type":"Feature","properties":{},"geometry":{"type":"MultiPolygon","coordinates":[[[[-63.7,4.4],[-63.3,4.5],[-63.3,4.6],[-63.2,4.8],[-63.1,4.7],[-62.9,4.8],[-62.7,4.9],[-62.4,4.9],[-62.3,4.2],[-62.5,4],[-62.8,3.9],[-63.2,3.7],[-63.5,4],[-63.4,4],[-63.7,4.4]]]]}},{"type":"Feature","properties":{},"geometry":{"type":"MultiPolygon","coordinates":[[[[-61,3],[-61.1,2.7],[-61.8,2.8],[-61,3]]]]}},{"type":"Feature","properties":{},"geometry":{"type":"MultiPolygon","coordinates":[[[[-62.2,3.3],[-61.8,3.1],[-62.1,3],[-62.2,3.3]]]]}},{"type":"Feature","properties":{},"geometry":{"type":"MultiPolygon","coordinates":[[[[-62,-62],[-64.9,-63.1],[-65,-63.1],[-65.5,-62.8],[-65.8,-62.7],[-65.3,-62.4],[-65.4,-62.2],[-65.4,-62],[-65.7,-61.8],[-65.7,-61.7],[-65.3,-61.2],[-64.8,-60.8],[-65.1,-60.8],[-64.8,-60.1],[-64.2,-60],[-64.2,-59.8],[-64.6,-59.7],[-63.4,-60],[-63.2,-60.9],[-62.5,-61.8],[-62,-62]]]]}},{"type":"Feature","properties":{},"geometry":{"type":"MultiPolygon","coordinates":[[[[-58.4,-64.1],[-59,-64.1],[-58.4,-64],[-58,-63.8],[-58.2,-63.6],[-57.9,-64],[-58.4,-64.1]]]]}},{"type":"Feature","properties":{},"geometry":{"type":"MultiPolygon","coordinates":[[[[-59.9,-63],[-58.9,-63.3],[-59.9,-62.9],[-59.9,-63]]]]}},{"type":"Feature","properties":{},"geometry":{"type":"MultiPolygon","coordinates":[[[[154.6,-38.8],[151.2,-35.3],[150.1,-32.4],[150.5,-33.2],[151.4,-34.3],[151,-34.6],[151.4,-35.1],[151.6,-35],[151.8,-34.6],[152.1,-34.3],[152.6,-33.9],[153,-33.8],[153.3,-34.3],[153.4,-34.2],[153.3,-33.1],[153.7,-33.3],[153.8,-33.7],[154,-34.6],[154.2,-35.3],[154.6,-36],[154.8,-36.7],[155.5,-37],[154.8,-37.2],[155.1,-38],[154.7,-38.6],[154.6,-38.8]]]]}},{"type":"Feature","properties":{},"geometry":{"type":"MultiPolygon","coordinates":[[[[155.3,-34],[155.1,-34.2],[155.4,-34.3],[155.7,-34.5],[155.4,-34.6],[155.4,-34.9],[155,-34.8],[154.9,-34.7],[154.6,-34.1],[154.6,-33.1],[155,-33.4],[155.1,-33.5],[155.2,-33.8],[155.3,-34]]]]}},{"type":"Feature","properties":{},"geometry":{"type":"MultiPolygon","coordinates":[[[[93.8,-9.2],[94,-9.8],[93.7,-10.7],[93.5,-10.8],[93.4,-9.9],[93.8,-9.2]]]]}},{"type":"Feature","properties":{},"geometry":{"type":"MultiPolygon","coordinates":[[[[66.8,-22.7],[64.6,-24.4],[59.6,-27.2],[58.7,-23.8],[62,-23.8],[66.8,-22.7]]]]}},{"type":"Feature","properties":{},"geometry":{"type":"MultiPolygon","coordinates":[[[[66.1,-31],[66.5,-33.2],[66,-32.9],[66.2,-33],[65,-33.3],[64.4,-33.5],[63.7,-33.5],[63.5,-33.4],[63,-33.6],[62.1,-33.7],[61.9,-33.9],[61.6,-33.9],[61,-33.9],[60,-33.8],[59.8,-33.8],[59.2,-33.8],[58.5,-33.8],[58.5,-33.7],[57.6,-33.6],[56.9,-33.6],[56.2,-33.2],[56.1,-32.6],[56.6,-31.8],[58.3,-32.3],[59.4,-32.3],[61.9,-31.5],[65.3,-30.4],[66.1,-31]]]]}},{"type":"Feature","properties":{},"geometry":{"type":"MultiPolygon","coordinates":[[[[58.2,-35.9],[57.5,-35.6],[55.4,-34.3],[56.3,-35.3],[58.2,-35.9]]]]}},{"type":"Feature","properties":{},"geometry":{"type":"MultiPolygon","coordinates":[[[[71.9,-24.3],[71.6,-24.6],[70.5,-25.3],[69.8,-25.3],[68.6,-25.3],[66.5,-26],[66.8,-24.9],[67.6,-23.7],[69.3,-23.3],[71.9,-24.3]]]]}},{"type":"Feature","properties":{},"geometry":{"type":"MultiPolygon","coordinates":[[[[69.8,-22.2],[71.9,-24.3],[69.3,-23.3],[67.6,-23.7],[66.8,-24.9],[66.5,-26],[66.2,-24.1],[68.6,-22.3],[69.5,-22.2],[69.8,-22.2]]]]}},{"type":"Feature","properties":{},"geometry":{"type":"MultiPolygon","coordinates":[[[[-61.9,19.4],[-61.7,19.4],[-61,19.5],[-59,18.8],[-56.8,17.1],[-56.7,16.9],[-56.7,16.8],[-56.9,16.5],[-57,16.6],[-56.9,16.8],[-57.1,16.6],[-57.3,16.4],[-57.3,16.6],[-57.6,16.6],[-57.6,16.5],[-57.9,16.7],[-58.2,16.9],[-58.3,16.9],[-58.6,17.2],[-58.7,17.4],[-59.3,17.7],[-59.2,17.6],[-59.3,17.5],[-59.4,17.7],[-59.5,17.9],[-59.3,18.1],[-59.7,18.4],[-59.8,18.4],[-60.1,18.6],[-60.1,18.8],[-60.2,18.6],[-60.6,18.9],[-61.2,18.6],[-62.1,18.7],[-62.2,19.1],[-61.9,19.2],[-61.9,19.4]]]]}},{"type":"Feature","properties":{},"geometry":{"type":"MultiPolygon","coordinates":[[[[-63.4,16.3],[-63.5,16.5],[-63.4,16.8],[-62.7,17.2],[-62.2,17],[-62.3,16.5],[-62.4,16],[-62.5,15.9],[-63,15.9],[-63.2,16],[-63.4,16.3]]]]}},{"type":"Feature","properties":{},"geometry":{"type":"MultiPolygon","coordinates":[[[[-63.3,17.6],[-63.1,17.7],[-63.2,18.2],[-62.3,18.2],[-61.8,17.9],[-62.4,17.6],[-62.6,17.5],[-62.9,17.4],[-63.3,17.4],[-63.3,17.6]]]]}},{"type":"Feature","properties":{},"geometry":{"type":"MultiPolygon","coordinates":[[[[-64.2,15.6],[-63.9,16.1],[-62.9,15.8],[-63,15.6],[-63.2,15.4],[-63.6,15.3],[-63.8,15.3],[-64.3,15.4],[-64.2,15.6]]]]}},{"type":"Feature","properties":{},"geometry":{"type":"MultiPolygon","coordinates":[[[[-62.9,15.8],[-62.4,15.5],[-62.6,15.4],[-62.9,15.8]]]]}},{"type":"Feature","properties":{},"geometry":{"type":"MultiPolygon","coordinates":[[[[-59.9,18],[-59.7,18.1],[-59.8,18],[-59.9,18]]]]}},{"type":"Feature","properties":{},"geometry":{"type":"MultiPolygon","coordinates":[[[[-57.7,15.2],[-57.3,15.2],[-57.4,15.1],[-57.7,15.2]]]]}},{"type":"Feature","properties":{},"geometry":{"type":"MultiPolygon","coordinates":[[[[-57.6,16.5],[-57.4,16.6],[-57.4,16.5],[-57.6,16.5]]]]}},{"type":"Feature","properties":{},"geometry":{"type":"MultiPolygon","coordinates":[[[[-61.8,-15.1],[-61.6,-15.2],[-61.8,-15.2],[-61.8,-15.1]]]]}},{"type":"Feature","properties":{},"geometry":{"type":"MultiPolygon","coordinates":[[[[-56.1,-20.3],[-56.6,-21.1],[-56.7,-21],[-57.1,-21.4],[-57.7,-21.6],[-58,-20.8],[-58.1,-20.5],[-58.2,-20.4],[-58.3,-20.6],[-58.3,-20.3],[-58.2,-21.3],[-58.5,-20.9],[-58.5,-20.6],[-58.7,-20.5],[-58.7,-20.3],[-58.6,-20.2],[-58.7,-20],[-58.8,-19.9],[-58.8,-20.1],[-59,-19.9],[-59.1,-19.8],[-59.1,-19.5],[-59.1,-19.4],[-59.4,-19.2],[-59.4,-19],[-59.2,-18.9],[-59.3,-18.6],[-59.3,-18.4],[-59.4,-18.3],[-59.2,-18.1],[-59,-18.1],[-58.7,-17.9],[-58.3,-18.1],[-58.5,-18.7],[-58.6,-18.9],[-58.6,-19.1],[-57.9,-18.6],[-57.2,-18.7],[-57.2,-19.5],[-57.3,-19.7],[-57.4,-20.2],[-57,-20],[-56.1,-20.3]]]]}},{"type":"Feature","properties":{},"geometry":{"type":"MultiPolygon","coordinates":[[[[-59,-24.5],[-59.4,-24.7],[-59.6,-24.8],[-59.6,-24.4],[-59.4,-24],[-59.8,-24.1],[-60,-24.1],[-60.1,-24],[-60.2,-23.7],[-60.2,-23.5],[-60.3,-23.4],[-60.5,-23.3],[-60.2,-23.2],[-59.8,-23.2],[-59.5,-22.9],[-59.4,-22.6],[-59.6,-22.6],[-59.7,-22.5],[-59.7,-22.3],[-59.6,-22.1],[-59.4,-22],[-59.3,-21.9],[-59.2,-21.7],[-59,-21.9],[-58.1,-21.8],[-57.8,-22.2],[-58,-22.6],[-58,-22.9],[-58,-23.1],[-58.4,-24],[-59,-24.5]]]]}},{"type":"Feature","properties":{},"geometry":{"type":"MultiPolygon","coordinates":[[[[-59.8,-18.7],[-59.8,-18.9],[-59.9,-19.1],[-60,-19.2],[-60.1,-19.1],[-60.1,-19],[-59.9,-18.5],[-59.8,-18.7]]]]}},{"type":"Feature","properties":{},"geometry":{"type":"MultiPolygon","coordinates":[[[[-59.5,-19.4],[-59.1,-19.6],[-59.3,-19.7],[-59.6,-19.7],[-59.6,-19.6],[-59.7,-19.6],[-59.6,-19.3],[-59.5,-19.4]]]]}},{"type":"Feature","properties":{},"geometry":{"type":"MultiPolygon","coordinates":[[[[-58.5,-15.5],[-58.3,-15.7],[-58.2,-15.9],[-58.2,-16.1],[-58.5,-15.9],[-58.3,-15.8],[-58.5,-15.7],[-58.5,-15.5]]]]}},{"type":"Feature","properties":{},"geometry":{"type":"MultiPolygon","coordinates":[[[[-58.8,-20.3],[-58.9,-20.4],[-59,-20.3],[-59,-20.2],[-58.8,-20.3]]]]}},{"type":"Feature","properties":{},"geometry":{"type":"MultiPolygon","coordinates":[[[[-58.8,-20.9],[-58.9,-21.2],[-58.9,-21],[-58.8,-20.9]]]]}},{"type":"Feature","properties":{},"geometry":{"type":"MultiPolygon","coordinates":[[[[-58.6,-17.3],[-58.4,-17.4],[-58.5,-17.6],[-58.7,-17.5],[-58.6,-17.3]]]]}},{"type":"Feature","properties":{},"geometry":{"type":"MultiPolygon","coordinates":[[[[44.3,-47.5],[44.1,-47.6],[43.1,-47],[42.5,-46.7],[41.5,-44.8],[41.1,-43.3],[41.6,-43.9],[42,-44.3],[42.3,-44.7],[42.8,-45.3],[43.3,-45.8],[44,-47.1],[44.3,-47.5]]]]}},{"type":"Feature","properties":{},"geometry":{"type":"MultiPolygon","coordinates":[[[[102.8,-24.5],[102.1,-25.7],[101.6,-27.3],[100.1,-29],[98.8,-29.9],[96.2,-31.6],[93.1,-32.9],[90.4,-32.8],[87,-33.1],[82.9,-32],[79.5,-31.8],[78.8,-32],[80.1,-31.5],[80.5,-31],[85.3,-32.1],[87,-32.7],[89.4,-33],[91.2,-32.5],[92.9,-32.1],[95,-31.7],[98.1,-30.2],[100.7,-27.9],[101.7,-26.3],[102.2,-24.5],[102.8,-24.5]]]]}},{"type":"Feature","properties":{},"geometry":{"type":"MultiPolygon","coordinates":[[[[-35.6,-16.4],[-33.9,-14.6],[-33.7,-14.6],[-33.6,-14.8],[-33.1,-15.2],[-32.9,-15.7],[-32.4,-16.5],[-32.4,-16.6],[-33.7,-18],[-34.6,-18.7],[-35.5,-19.1],[-35.8,-18.8],[-36.1,-18.7],[-36.3,-18.3],[-36.6,-17.8],[-35.7,-16.5],[-35.6,-16.4]]]]}},{"type":"Feature","properties":{},"geometry":{"type":"MultiPolygon","coordinates":[[[[14.6,-43.4],[13.4,-44.7],[12.7,-44.5],[14.1,-43.4],[14.6,-43.4]]]]}},{"type":"Feature","properties":{},"geometry":{"type":"MultiPolygon","coordinates":[[[[7.4,-47.3],[8.4,-46.8],[7.7,-47.2],[7.4,-47.3]]]]}},{"type":"Feature","properties":{},"geometry":{"type":"MultiPolygon","coordinates":[[[[7.2,-46.9],[6,-47],[6.2,-46.7],[6.5,-46.4],[7,-46.2],[7.9,-46.2],[7.2,-46.9]]]]}},{"type":"Feature","properties":{},"geometry":{"type":"MultiPolygon","coordinates":[[[[5.1,-46.8],[4.4,-46.9],[3.4,-46.6],[3.9,-46.2],[5.1,-46.5],[5.1,-46.8]]]]}},{"type":"Feature","properties":{},"geometry":{"type":"MultiPolygon","coordinates":[[[[4.2,-47],[6.3,-47],[5.6,-47.6],[4.2,-47.9],[3.4,-47.9],[3.3,-47.7],[3.7,-47.5],[4.2,-47.3],[4.2,-47.1],[4.2,-47]]]]}},{"type":"Feature","properties":{},"geometry":{"type":"MultiPolygon","coordinates":[[[[0.1,-47.8],[0,-48.2],[-0.5,-48.1],[-0.3,-47.6],[0.1,-47.8]]]]}},{"type":"Feature","properties":{},"geometry":{"type":"MultiPolygon","coordinates":[[[[1.2,-47.6],[1.2,-47.9],[0.9,-47.6],[1.2,-47.6]]]]}},{"type":"Feature","properties":{},"geometry":{"type":"MultiPolygon","coordinates":[[[[4.6,-48.8],[1.1,-48.7],[1.4,-48.7],[2.8,-48.5],[3.9,-48.6],[4.6,-48.8]]]]}},{"type":"Feature","properties":{},"geometry":{"type":"MultiPolygon","coordinates":[[[[-2.5,-50],[-3.6,-49.9],[-3.2,-49.7],[-2.5,-50]]]]}},{"type":"Feature","properties":{},"geometry":{"type":"MultiPolygon","coordinates":[[[[-0.1,-49.9],[-0.7,-50.3],[-0.2,-49.8],[-0.1,-49.9]]]]}},{"type":"Feature","properties":{},"geometry":{"type":"MultiPolygon","coordinates":[[[[132,-15.5],[132.1,-15.6],[132.1,-15.7],[132.2,-15.8],[132.1,-15.9],[132,-15.8],[131.9,-15.7],[131.9,-15.5],[132,-15.5]]]]}},{"type":"Feature","properties":{},"geometry":{"type":"MultiPolygon","coordinates":[[[[120.1,6.9],[120.5,6.8],[120.9,6.8],[120.9,6.7],[121.1,6.4],[121.1,6.5],[121.2,6.4],[121.3,6.1],[121.6,5.8],[121.7,5.7],[121.7,5.6],[121.8,5.5],[122.3,5.2],[122.4,5.3],[122.5,5.1],[122.7,5],[122.8,4.9],[122.9,4.8],[123,4.6],[123.1,4.3],[123.1,4.2],[123.2,4.1],[123.3,4.1],[123.6,4],[123.6,3.9],[123.6,3.8],[123.6,3.7],[123.7,3.6],[123.7,3.5],[123.6,3.5],[123.6,3.4],[123.5,3.3],[123.4,3.3],[123.4,3.2],[123.3,3.1],[123.3,3],[123.2,2.9],[123.2,2.8],[123.1,2.8],[123.1,2.7],[123,2.6],[123,2.5],[122.9,2.5],[122.8,2.5],[122.8,2.4],[122.7,2.4],[122.6,2.3],[122.5,2.2],[122.4,2.2],[122.4,2.1],[122.3,2.1],[122.2,2.1],[122.2,2.2],[122.3,2.2],[122.3,2.3],[122.3,2.4],[122.4,2.5],[122.4,2.6],[122.4,2.7],[122.4,2.8],[122.5,2.8],[122.5,2.9],[122.5,3],[122.5,3.1],[122.5,3.2],[122.5,3.3],[122.5,3.4],[122.5,3.5],[122.6,3.5],[122.6,3.6],[122.6,3.7],[122.6,3.8],[122.6,3.9],[122.6,4],[122.6,4.1],[122.5,4.1],[122.4,4.1],[122.3,4.1],[122.2,4.2],[122.1,4.2],[122,4.2],[121.9,4.2],[121.8,4.2],[121.7,4.2],[121.7,4.3],[121.6,4.3],[121.5,4.3],[121.4,4.3],[121.3,4.3],[121.2,4.3],[121,4.4],[120.8,4.6],[120.7,4.7],[120.7,4.8],[120.7,4.9],[120.6,4.9],[120.6,5],[120.5,5.1],[120.5,5.2],[120.4,5.3],[120.3,5.4],[120.3,5.5],[120.2,5.7],[120.2,5.8],[120.2,5.9],[120.2,6],[120,6.4],[120,6.5],[119.9,6.7],[119.9,6.9],[119.9,7],[120.1,6.9]]]]}},{"type":"Feature","properties":{},"geometry":{"type":"MultiPolygon","coordinates":[[[[-77.9,-30.1],[-75.8,-29.6],[-75.6,-29.9],[-75.4,-30.1],[-75.1,-30.2],[-74.2,-30.6],[-73.7,-30.8],[-73.5,-31],[-73.9,-31],[-74.2,-31],[-74.4,-31.1],[-74.5,-31.1],[-74.9,-31.2],[-75.1,-31.3],[-75.4,-31.2],[-75.5,-31.2],[-75.7,-31.2],[-76,-31.4],[-76.2,-31.2],[-76.3,-31.2],[-76.5,-31.2],[-76.6,-31.3],[-76.8,-31.5],[-77.1,-31.7],[-77.3,-31.7],[-77.4,-31.8],[-77.7,-31.8],[-78,-31.8],[-78.1,-31.5],[-78.2,-31.4],[-77.8,-30.7],[-77.6,-30.7],[-77.5,-30.6],[-76.3,-30.3],[-76.1,-30.7],[-76.6,-30.3],[-76.3,-30.1],[-76,-30],[-76.2,-29.7],[-77.5,-30.1],[-77.9,-30.1]]]]}},{"type":"Feature","properties":{},"geometry":{"type":"MultiPolygon","coordinates":[[[[-84.3,-31.9],[-82.4,-31.1],[-82.2,-31.2],[-82.7,-31.4],[-82.5,-31.5],[-82.5,-31.9],[-82.1,-31.9],[-82.2,-32.3],[-82.8,-32.1],[-83.1,-32.1],[-83.1,-31.9],[-83.3,-31.8],[-83.6,-32],[-84.1,-31.9],[-84.3,-31.9]]]]}},{"type":"Feature","properties":{},"geometry":{"type":"MultiPolygon","coordinates":[[[[-69,-29.4],[-68.9,-29.4],[-67.5,-28.4],[-67.5,-28.5],[-67.5,-28.6],[-67.7,-28.9],[-67.3,-28.8],[-67,-28.7],[-67.1,-28.9],[-67.5,-29.1],[-67.4,-29.5],[-67.4,-29.7],[-66.9,-29.2],[-67.1,-29.7],[-67,-29.8],[-66.7,-29.5],[-66.8,-30.2],[-67.1,-30.6],[-67.4,-30.6],[-67.4,-30.3],[-67.3,-30],[-67.7,-30],[-67.6,-29.8],[-67.7,-29.3],[-68.1,-29.8],[-68.3,-29.7],[-68.6,-30.1],[-68.8,-30.2],[-69.1,-30],[-68.4,-29.5],[-68.7,-29.5],[-68.7,-29.6],[-69,-29.6],[-69,-29.5],[-69,-29.4]]]]}},{"type":"Feature","properties":{},"geometry":{"type":"MultiPolygon","coordinates":[[[[-73.8,-30.5],[-73.4,-30.7],[-72.7,-30.3],[-72.4,-30.4],[-72.5,-30.6],[-73.3,-30.8],[-73.7,-30.8],[-73.8,-30.5]]]]}},{"type":"Feature","properties":{},"geometry":{"type":"MultiPolygon","coordinates":[[[[-74.5,-30],[-74.6,-30.1],[-75,-29.9],[-74.5,-30]]]]}},{"type":"Feature","properties":{},"geometry":{"type":"MultiPolygon","coordinates":[[[[-67.1,-27.9],[-67.2,-28.2],[-67.4,-28.2],[-67.9,-28.7],[-69,-29.4],[-69,-29.3],[-69.2,-29.3],[-69.4,-29.2],[-69.6,-29.4],[-69.7,-29.4],[-69.8,-29.4],[-70.1,-29.2],[-70.1,-29.1],[-70.5,-29.2],[-70.7,-29.2],[-71,-29.1],[-71.1,-29],[-71.5,-29.1],[-71.7,-29],[-70.6,-28.9],[-69.8,-28.7],[-68.8,-28.4],[-67.8,-27.8],[-67.6,-27.8],[-67.1,-27.9]]]]}},{"type":"Feature","properties":{},"geometry":{"type":"MultiPolygon","coordinates":[[[[-75.8,-29.6],[-77.9,-30.1],[-78.3,-29.9],[-78.5,-30.1],[-78.7,-30.3],[-78.9,-30.3],[-79.1,-30.3],[-79.2,-30.3],[-79.3,-30.3],[-79.5,-30.4],[-79.6,-30.2],[-79.7,-30.1],[-79.9,-30.4],[-79.9,-29.9],[-78.7,-29.6],[-76.9,-29],[-76.1,-28.8],[-76.1,-29],[-76.1,-29.3],[-75.8,-29.5],[-75.8,-29.6]]]]}},{"type":"Feature","properties":{},"geometry":{"type":"MultiPolygon","coordinates":[[[[-80.5,-30.4],[-80.6,-30.4],[-80.7,-30.3],[-80.9,-30.3],[-79.9,-30],[-80.4,-30.3],[-80.5,-30.4]]]]}},{"type":"Feature","properties":{},"geometry":{"type":"MultiPolygon","coordinates":[[[[-82.4,-31.1],[-82,-30.6],[-81.6,-30.6],[-82.4,-31.1]]]]}},{"type":"Feature","properties":{},"geometry":{"type":"MultiPolygon","coordinates":[[[[-72.6,-29.6],[-72.9,-30.1],[-73.4,-30.4],[-73.4,-30.5],[-73.4,-30.6],[-73.8,-30.2],[-72.6,-29.6]]]]}},{"type":"Feature","properties":{},"geometry":{"type":"MultiPolygon","coordinates":[[[[-72.7,-30.3],[-73.3,-30.6],[-73.2,-30.4],[-72.8,-30.2],[-72.7,-30.3]]]]}},{"type":"Feature","properties":{},"geometry":{"type":"MultiPolygon","coordinates":[[[[-74.5,-30],[-74.9,-29.7],[-75.3,-29.7],[-75.7,-29.4],[-75.8,-29],[-75.5,-29.1],[-75.4,-29.3],[-75.1,-29.4],[-74.8,-29.7],[-74.5,-29.6],[-74.4,-29.9],[-74.5,-29.9],[-74.5,-30]]]]}},{"type":"Feature","properties":{},"geometry":{"type":"MultiPolygon","coordinates":[[[[-39.2,-55.8],[-37.6,-55.5],[-37,-55.4],[-37.3,-56],[-37.7,-56.2],[-38.1,-56.3],[-38.7,-56.6],[-39.3,-56],[-39.2,-55.8]]]]}},{"type":"Feature","properties":{},"geometry":{"type":"MultiPolygon","coordinates":[[[[-40.3,-56.1],[-39.2,-55.8],[-38.9,-56.7],[-39.2,-56.9],[-39,-57],[-39.3,-57.3],[-39.8,-57.6],[-40.5,-58],[-40.6,-57.8],[-40.7,-57.8],[-40.1,-57.5],[-40.4,-57.4],[-40.4,-57.2],[-40.4,-57.1],[-40.7,-56.9],[-40.6,-56.8],[-40.2,-56.7],[-40.6,-56.6],[-40.5,-56.5],[-40.7,-56.4],[-40.3,-56.2],[-40.3,-56.1]]]]}},{"type":"Feature","properties":{},"geometry":{"type":"MultiPolygon","coordinates":[[[[-42.1,-56.7],[-40.9,-56.3],[-40.9,-56.9],[-41.4,-57],[-41.9,-56.7],[-42.1,-56.7]]]]}},{"type":"Feature","properties":{},"geometry":{"type":"MultiPolygon","coordinates":[[[[-56.3,-66.3],[-57,-66.2],[-58.1,-65.4],[-58.6,-64.5],[-58.4,-63.5],[-58.3,-63.1],[-58.6,-62.4],[-59.3,-61.7],[-59.7,-61.7],[-60.8,-61.7],[-61.4,-61.3],[-61.3,-61.1],[-61.3,-61],[-61.3,-60.8],[-61.4,-60.8],[-61.8,-60.4],[-62,-60.2],[-62.8,-59.9],[-63.1,-59.9],[-63.3,-59.8],[-63.8,-59.7],[-63.9,-59.7],[-64.1,-59.2],[-64.9,-59.1],[-65.8,-58.8],[-65.9,-58.7],[-67.7,-56.7],[-64.7,-57.7],[-62.2,-58.4],[-58.4,-59.1],[-50,-59.5],[-44.1,-57.6],[-42.2,-56.7],[-41.3,-57.1],[-41.1,-57.7],[-41.5,-57.4],[-41.4,-57.7],[-41.6,-57.9],[-41.8,-57.9],[-41.9,-58],[-42,-58.1],[-41.5,-58.4],[-40.9,-59.6],[-41.1,-58.8],[-41.2,-58.9],[-41.7,-58.9],[-41.8,-59.1],[-42.6,-59],[-42,-59.3],[-41.3,-59.4],[-41.5,-59.7],[-42.5,-59.8],[-42.7,-59.6],[-43.3,-59.5],[-42.9,-59.9],[-43.5,-59.9],[-42.9,-60.2],[-42.6,-60.1],[-43,-60.4],[-43.4,-60.3],[-44,-60.3],[-44.5,-60.4],[-46,-60.8],[-48.3,-61.1],[-48.8,-61.2],[-49.9,-61.2],[-50.5,-61.2],[-50.9,-61.3],[-51.6,-61.1],[-51.8,-61.4],[-52.3,-61.5],[-52.6,-61.6],[-52.9,-61.7],[-53,-61.8],[-53.1,-61.8],[-53.4,-61.9],[-53.6,-61.9],[-53.8,-62.1],[-54,-62.1],[-54.2,-62.2],[-54.3,-62.4],[-54.5,-62.6],[-55.3,-64.8],[-55.6,-64.8],[-56.4,-65.9],[-56.3,-66.3]]]]}},{"type":"Feature","properties":{},"geometry":{"type":"MultiPolygon","coordinates":[[[[-99.7,-33],[-97.1,-33.2],[-95.1,-33],[-92.1,-32.8],[-93,-34],[-98.7,-33.6],[-99.7,-33]]]]}},{"type":"Feature","properties":{},"geometry":{"type":"MultiPolygon","coordinates":[[[[-69.8,-28.7],[-70.6,-28.9],[-70,-28.3],[-69.1,-28],[-69.8,-28.7]]]]}},{"type":"Feature","properties":{},"geometry":{"type":"MultiPolygon","coordinates":[[[[-67.8,-27.8],[-68.8,-28.4],[-69.8,-28.7],[-68.8,-27.7],[-68.5,-27.6],[-68.5,-27.7],[-68.4,-27.8],[-68.4,-27.6],[-68.3,-27.6],[-68.4,-27.9],[-68.1,-27.9],[-67.8,-27.8]]]]}},{"type":"Feature","properties":{},"geometry":{"type":"MultiPolygon","coordinates":[[[[-68,-27.6],[-67.8,-27.6],[-68.1,-27.7],[-68,-27.6]]]]}},{"type":"Feature","properties":{},"geometry":{"type":"MultiPolygon","coordinates":[[[[38.7,25.3],[41.4,26.5],[41.4,24.6],[39.5,23.6],[36.7,22.8],[36.3,24.7],[38.2,25],[38.7,25.3]]]]}},{"type":"Feature","properties":{},"geometry":{"type":"MultiPolygon","coordinates":[[[[32.7,25.3],[35.4,25.7],[34.8,24.1],[31.9,24.4],[32.7,25.3]]]]}},{"type":"Feature","properties":{},"geometry":{"type":"MultiPolygon","coordinates":[[[[35.3,28.8],[37.5,28.4],[39.7,28.9],[40.1,29],[38.6,27.4],[37.1,27.1],[34.5,28.1],[35.3,28.8]]]]}},{"type":"Feature","properties":{},"geometry":{"type":"MultiPolygon","coordinates":[[[[39.3,23.5],[41.2,24.4],[43,23.7],[42.8,21.7],[39.7,20],[36.6,19.2],[37.2,22.1],[38.9,23.3],[39.3,23.5]]]]}},{"type":"Feature","properties":{},"geometry":{"type":"MultiPolygon","coordinates":[[[[119.8,6.8],[120,6.6],[120,6.4],[120.1,6.3],[120.2,6],[120.2,5.8],[120.2,5.7],[120.2,5.6],[120.3,5.5],[120.4,5.4],[120.4,5.3],[120.5,5.2],[120.5,5.1],[120.6,5.1],[120.6,5],[120.6,4.9],[120.7,4.9],[120.7,4.8],[120.7,4.7],[120.8,4.7],[120.8,4.6],[120.8,4.5],[121.2,4.3],[121.3,4.3],[121.4,4.3],[121.5,4.3],[121.6,4.3],[121.7,4.2],[121.8,4.2],[121.9,4.2],[122,4.2],[122.1,4.2],[122.2,4.2],[122.3,4.1],[122.4,4.1],[122.5,4.1],[122.6,4.1],[122.6,4],[122.6,3.9],[122.6,3.8],[122.6,3.7],[122.6,3.6],[122.6,3.5],[122.5,3.5],[122.5,3.4],[122.5,3.3],[122.5,3.2],[122.5,3.1],[122.5,3],[122.5,2.9],[122.5,2.8],[122.4,2.7],[122.4,2.6],[122.4,2.5],[122.3,2.5],[122.3,2.4],[122.3,2.3],[122.3,2.2],[122.2,2.2],[122.2,2.1],[122.7,1.8],[123.1,1.8],[123,1.7],[123,1.6],[123,1.5],[122.9,1.4],[122.9,1.3],[123,1],[123,0.9],[123.1,0.7],[123,0.4],[123.1,0.4],[123.1,0.3],[123.1,0.2],[123.1,-0.1],[123.1,-0.2],[123,-0.2],[123,-0.3],[123,-0.4],[123,-0.5],[123,-0.6],[123,-0.7],[122.9,-0.7],[122.9,-0.8],[122.8,-0.9],[122.8,-1],[122.8,-1.1],[122.8,-1.2],[122.8,-1.3],[122.8,-1.4],[122.9,-1.4],[122.9,-1.5],[122.8,-1.6],[122.8,-1.7],[122.8,-1.8],[122.8,-1.9],[122.8,-2],[122.7,-2],[122.7,-2.1],[122.6,-2.2],[122.6,-2.3],[122.5,-2.3],[122.5,-2.4],[122.4,-2.5],[122.4,-2.6],[122.3,-2.7],[122.3,-2.8],[122.3,-2.9],[122.2,-3],[122.2,-3.1],[122.2,-3.2],[122.2,-3.3],[122.1,-3.3],[122.1,-3.4],[122.1,-3.5],[122.1,-3.6],[122,-3.6],[122,-3.7],[122,-3.8],[121.9,-3.8],[121.9,-3.9],[121.8,-3.9],[121.8,-4],[121.7,-4],[121.7,-4.1],[121.6,-4.1],[121.5,-4.1],[121.4,-4.1],[121.4,-4],[121.3,-3.9],[121.3,-3.8],[121.2,-3.8],[121.1,-3.8],[121,-3.7],[120.9,-3.7],[120.9,-3.6],[120.8,-3.6],[120.7,-3.5],[120.6,-3.4],[120.6,-3.3],[120.5,-3.3],[120.4,-3.2],[120.3,-3.2],[120.3,-3.1],[120.2,-3.1],[120.1,-3],[120,-2.9],[119.9,-2.9],[119.9,-2.8],[119.8,-2.8],[119.7,-2.7],[119.7,-2.6],[119.6,-2.6],[119.6,-2.5],[119.5,-2.5],[119.5,-2.4],[119.5,-2.3],[119.4,-2.3],[119.4,-2.2],[119.4,-2.1],[119.4,-2],[119.4,-1.9],[119.4,-1.8],[119.3,-1.7],[119.3,-1.6],[119.2,-1.6],[119.2,-1.5],[119.2,-1.4],[119.1,-1.4],[119,-1.4],[118.9,-1.4],[118.9,-1.3],[118.8,-1.3],[118.8,-1.2],[118.8,-1.1],[118.7,-1.1],[118.7,-1],[118.6,-1],[118.6,-0.9],[118.5,-0.9],[118.4,-0.8],[118.5,-0.7],[118.6,-0.7],[118.5,-0.7],[118.5,-0.6],[118.4,-0.6],[118.3,-0.6],[118.3,-0.5],[118.3,-0.4],[118.4,-0.4],[118.3,-0.3],[118.2,-0.3],[118.2,-0.2],[118.1,-0.1],[118.1,0],[118,0.1],[118,0.2],[118.1,0.2],[118.1,0.3],[118.1,0.4],[118.1,0.5],[118.1,0.6],[118.1,0.7],[118.2,0.7],[118.2,0.8],[118.3,0.8],[118.3,0.9],[118.3,1],[118.3,1.1],[118.3,1.2],[118.3,1.3],[118.3,1.4],[118.3,1.5],[118.3,1.6],[118.4,1.6],[118.4,1.7],[118.4,1.8],[118.4,1.9],[118.5,2.3],[118.4,2.3],[118.4,2.5],[118.1,4],[117.5,5.6],[117.1,6.4],[116.8,6.7],[117,7],[116.8,7.1],[116.7,7.1],[116.6,7.4],[116.8,7.7],[116.6,7.9],[116.6,8.2],[116.4,8.8],[116.6,8.8],[116.8,9],[117.6,8.4],[118,8],[118.4,7.7],[119.1,6.8],[119.7,6.8],[119.8,6.8]]]]}},{"type":"Feature","properties":{},"geometry":{"type":"MultiPolygon","coordinates":[[[[109.6,3.8],[109.6,3.7],[109.7,3.7],[109.7,3.6],[109.8,3.6],[109.8,3.5],[109.8,3.4],[109.8,3.3],[109.8,3.2],[109.8,3.1],[109.7,3.1],[109.7,3],[109.6,3],[109.6,2.9],[109.6,2.8],[109.6,2.7],[109.7,2.6],[109.7,2.5],[109.6,2.5],[109.5,2.5],[109.4,2.4],[109.4,2.3],[109.4,2.2],[109.4,2.1],[109.4,2],[109.5,2],[109.5,1.9],[109.6,1.9],[109.6,1.8],[109.6,1.7],[109.7,1.6],[109.7,1.5],[109.7,1.4],[109.8,1.4],[109.9,1.4],[109.9,1.3],[110,1.3],[110.1,1.3],[110.2,1.2],[110.3,1.1],[110.3,1],[110.4,1],[110.4,0.9],[110.4,0.8],[110.3,0.8],[110.4,0.8],[110.5,0.8],[110.6,0.7],[110.7,0.7],[110.7,0.6],[110.8,0.6],[111.3,0.5],[111.7,-0.6],[111.8,-1],[111.9,-1],[112,-1],[112.1,-1.1],[112.2,-1.1],[112.3,-1.1],[112.4,-1],[112.4,-1.1],[112.5,-1.1],[112.8,-1.3],[112.9,-1.3],[112.9,-1.4],[113,-1.4],[113.1,-1.5],[113.2,-1.5],[113.2,-1.6],[113.3,-1.6],[113.3,-1.7],[113.4,-1.7],[113.4,-1.8],[113.3,-1.9],[113.3,-2],[113.4,-2],[113.5,-2.1],[113.6,-2.1],[113.7,-2.2],[113.8,-2.2],[113.9,-2.2],[113.9,-2.3],[114,-2.3],[114.1,-2.3],[114.2,-2.2],[114.3,-2.2],[114.4,-2.1],[114.5,-2.1],[114.5,-2],[114.6,-2],[114.6,-1.9],[114.7,-1.9],[114.7,-1.8],[114.7,-1.7],[114.6,-1.7],[114.5,-1.6],[114.4,-1.6],[114.4,-1.5],[114.5,-1.5],[114.5,-1.4],[114.6,-1.4],[114.7,-1.3],[114.7,-1.2],[114.8,-1.1],[114.8,-1],[114.7,-0.9],[114.7,-0.8],[114.7,-0.7],[114.7,-0.6],[114.8,-0.6],[114.8,-0.5],[114.8,-0.4],[114.9,-0.3],[114.9,-0.2],[115,-0.2],[115.1,-0.1],[115.1,0],[115.2,0.1],[115.3,0.2],[115.4,0.2],[115.5,0.2],[115.7,0.3],[115.8,0.4],[115.9,0.5],[116,0.5],[116,0.6],[116.1,0.6],[116.1,0.7],[116.2,0.8],[116.3,0.8],[116.3,0.9],[116.4,0.9],[116.4,1],[116.5,1],[116.5,1.1],[116.6,1.1],[116.6,1.2],[116.7,1.2],[116.8,1.3],[116.9,1.4],[117,1.4],[117.1,1.5],[117.2,1.5],[117.2,1.6],[117.3,1.6],[117.4,1.6],[117.5,1.7],[117.6,1.7],[117.7,1.8],[117.8,1.8],[117.9,1.8],[118,1.8],[118,1.9],[118.1,1.9],[118.4,2.3],[118.5,2.3],[118.4,1.9],[118.4,1.8],[118.4,1.7],[118.4,1.6],[118.3,1.6],[118.3,1.5],[118.3,1.4],[118.3,1.3],[118.3,1.2],[118.3,1.1],[118.3,1],[118.3,0.9],[118.3,0.8],[118.2,0.8],[118.2,0.7],[118.1,0.7],[118.1,0.6],[118.1,0.5],[118.1,0.4],[118.1,0.3],[118,0.2],[118,0.1],[118.1,0],[118.1,-0.1],[118.2,-0.2],[118.2,-0.3],[118.3,-0.3],[118.4,-0.4],[118.3,-0.4],[118.3,-0.5],[118.4,-0.6],[118.5,-0.6],[118.5,-0.7],[118.6,-0.7],[118.5,-0.7],[118.4,-0.7],[118.4,-0.8],[118.5,-0.9],[118.6,-0.9],[118.6,-1],[118.7,-1],[118.7,-1.1],[118.8,-1.1],[118.8,-1.2],[118.9,-1.3],[118.9,-1.4],[119,-1.4],[119.1,-1.4],[119.2,-1.4],[119.2,-1.5],[119.2,-1.6],[119.3,-1.6],[119.3,-1.7],[119.3,-1.8],[119.4,-1.8],[119.4,-1.9],[119.4,-2],[119.4,-2.1],[119.4,-2.2],[119.4,-2.3],[119.5,-2.3],[119.5,-2.4],[119.5,-2.5],[119.6,-2.5],[119.6,-2.6],[119.7,-2.7],[119.8,-2.7],[119.8,-2.8],[119.9,-2.8],[119.9,-2.9],[120,-2.9],[120,-3],[120.1,-3],[120.2,-3.1],[120.3,-3.1],[120.3,-3.2],[120.4,-3.2],[120.5,-3.2],[120.5,-3.3],[120.6,-3.3],[120.6,-3.4],[120.7,-3.5],[120.8,-3.6],[120.9,-3.7],[121,-3.7],[121.1,-3.8],[121.2,-3.8],[121.3,-3.8],[121.3,-3.9],[121.4,-3.9],[121.4,-4],[121.4,-4.1],[121.5,-4.1],[121.6,-4.1],[121.6,-4.2],[121.5,-4.4],[121.4,-4.5],[121.4,-4.6],[121.3,-4.7],[121.2,-4.7],[121.1,-4.8],[121,-4.8],[120.9,-4.9],[120.8,-5],[120.7,-5],[120.7,-5.1],[120.6,-5.1],[120.5,-5.1],[120.4,-5.1],[120.4,-5.2],[120.3,-5.2],[120.2,-5.2],[120.1,-5.2],[120,-5.2],[119.9,-5.2],[119.8,-5.2],[119.7,-5.2],[119.6,-5.2],[119.5,-5.2],[119.4,-5.2],[119.3,-5.2],[119.2,-5.2],[119.1,-5.2],[119,-5.2],[118.9,-5.2],[118.8,-5.2],[118.7,-5.2],[118.6,-5.2],[118.5,-5.2],[118.4,-5.2],[118.3,-5.2],[118.4,-5.2],[118.4,-5.3],[118.4,-5.4],[118.5,-5.4],[118.5,-5.5],[118.6,-5.6],[118.6,-5.7],[118.6,-5.8],[118.7,-5.8],[118.7,-5.9],[118.7,-6],[118.8,-6],[118.8,-6.1],[118.9,-6.2],[118.9,-6.3],[118.9,-6.4],[118.8,-6.4],[118.8,-6.5],[118.7,-6.5],[118.7,-6.6],[118.7,-6.7],[118.6,-6.7],[118.5,-6.7],[118.4,-6.7],[118.3,-6.6],[118.2,-6.6],[118.1,-6.6],[118,-6.6],[117.9,-6.5],[117.8,-6.5],[117.7,-6.4],[117.6,-6.4],[117.5,-6.3],[117.4,-6.3],[117.3,-6.4],[117.3,-6.5],[117.2,-6.5],[117.2,-6.6],[117.2,-6.7],[117.2,-6.8],[117.1,-6.9],[117.1,-7],[117.1,-7.1],[117,-7.2],[117,-7.3],[117,-7.4],[117,-7.5],[117,-7.6],[117,-7.7],[116.9,-7.7],[116.9,-7.8],[116.9,-7.9],[116.8,-8],[116.7,-8.1],[116.6,-8.1],[116.6,-8.2],[116.5,-8.2],[116.5,-8.3],[116.4,-8.3],[116.4,-8.4],[116.3,-8.4],[116.2,-8.4],[116.2,-8.5],[116.1,-8.5],[116,-8.5],[115.9,-8.6],[115.8,-8.6],[115.7,-8.7],[115.6,-8.7],[115.5,-8.8],[115.4,-8.8],[115.4,-8.9],[115.3,-8.9],[115.3,-9],[115.2,-9],[115.2,-9.1],[115.1,-9.1],[115,-9.2],[114.9,-9.2],[114.9,-9.3],[114.8,-9.3],[114.7,-9.4],[114.6,-9.4],[114.5,-9.4],[114.4,-9.4],[114.3,-9.4],[114.3,-9.5],[114.2,-9.5],[114.1,-9.5],[114,-9.5],[114,-9.4],[113.9,-9.4],[113.9,-9.5],[113.8,-9.5],[113.7,-9.5],[113.7,-9.4],[113.6,-9.5],[113.5,-9.5],[113.4,-9.4],[113.3,-9.4],[113.2,-9.4],[113.1,-9.4],[113,-9.4],[113,-9.5],[112.9,-9.5],[112.8,-9.7],[112.7,-9.7],[112.7,-9.8],[112.6,-9.8],[112.6,-9.9],[112.5,-10],[112.5,-10.1],[112.4,-10.1],[112.3,-10.1],[112.2,-10.1],[112.1,-10.1],[112,-10.2],[111.9,-10.2],[111.9,-10.3],[111.8,-10.3],[111.8,-10.4],[111.7,-10.4],[111.6,-10.4],[111.6,-10.5],[111.5,-10.5],[111.4,-10.5],[111.3,-10.4],[111.2,-10.4],[111.1,-10.3],[111,-10.2],[111,-10.1],[110.9,-10.1],[110.9,-10],[110.8,-10.1],[110.7,-10.1],[110.7,-10.2],[110.6,-10.2],[110.6,-10.3],[110.5,-10.3],[110.4,-10.3],[110.4,-10.2],[110.3,-10.1],[110.3,-10],[110.2,-9.9],[110.1,-9.8],[110,-9.7],[110,-9.8],[110,-9.9],[109.9,-10],[109.9,-10.1],[109.8,-10.2],[109.8,-10.1],[109.7,-10.1],[109.7,-10],[109.6,-10],[109.6,-9.9],[109.5,-9.9],[109.5,-9.8],[109.4,-9.8],[109.3,-9.7],[109.2,-9.7],[109.2,-9.8],[109.1,-9.8],[109,-9.8],[108.9,-9.8],[108.8,-9.9],[108.7,-9.9],[108.6,-9.9],[108.5,-9.9],[108.5,-10],[108.4,-10],[108.3,-10.1],[108.2,-10.1],[108.2,-10.2],[108.1,-10.2],[108,-10.2],[108,-10.3],[107.9,-10.3],[107.8,-10.3],[107.7,-10.4],[107.6,-10.4],[107.5,-10.4],[107.4,-10.4],[107.3,-10.4],[107.2,-10.4],[107.1,-10.4],[107.1,-10.5],[107,-10.5],[106.9,-10.5],[106.8,-10.4],[106.8,-10.3],[106.7,-10.3],[106.6,-10.3],[106.6,-10.2],[106.5,-10.2],[106.4,-10.2],[106.3,-10.2],[106.2,-10.1],[106.1,-10.1],[106,-10.1],[105.9,-10.1],[105.9,-10],[105.8,-10],[105.7,-9.9],[105.6,-9.9],[105.6,-9.8],[105.5,-9.8],[105.4,-9.8],[105.4,-9.7],[105.3,-9.7],[105.3,-9.6],[105.2,-9.6],[105.2,-9.5],[105.1,-9.5],[105,-9.5],[105,-9.4],[104.9,-9.4],[104.8,-9.3],[104.7,-9.3],[104.7,-9.2],[104.6,-9.1],[104.6,-9],[104.6,-8.9],[104.6,-8.8],[104.5,-8.8],[104.4,-8.8],[104.3,-8.8],[104.2,-8.7],[104.1,-8.7],[104,-8.7],[103.9,-8.7],[103.8,-8.7],[103.8,-8.5],[103.7,-8.1],[103.7,-7.6],[103.3,-6.8],[103.3,-6.5],[103.5,-6.2],[103.5,-5.8],[103.7,-6],[104.5,-6.4],[104.3,-6],[104.5,-5.8],[104.4,-5.7],[104.1,-5.6],[104,-5.5],[104,-5.4],[103.8,-5.3],[103.9,-5.2],[103.9,-5.3],[104.2,-5.2],[104.3,-5.1],[104.6,-5.1],[104.5,-5],[105,-4.7],[104.4,-4.8],[104.6,-4.7],[104.4,-4.4],[104.1,-4.5],[104.1,-4.2],[104.2,-4],[104.3,-3.9],[104.6,-3.9],[104.5,-3.8],[104.4,-3.7],[104.3,-3.6],[104.5,-3.5],[104.6,-3.3],[104.4,-3.3],[104.2,-3.1],[104.4,-3],[104.4,-2.6],[104.6,-2.7],[104.7,-2.7],[104.7,-2.4],[104.5,-2.2],[104.5,-2.1],[104.6,-2.1],[104.8,-2.3],[104.9,-1.8],[105.1,-1.9],[105.2,-1.7],[105.1,-1.5],[105.4,-1.5],[105.6,-1.4],[106.4,-1.6],[106.7,-1.8],[106.8,-2.2],[106.9,-2],[106.9,-1.9],[107.1,-1.8],[107.1,-1.7],[107.1,-1.4],[107.5,-1.3],[107.7,-1.4],[107.6,-1.2],[108,-1.2],[107.9,-0.9],[108.1,-0.8],[108,-0.8],[107.9,-0.8],[107.8,-0.7],[107.6,-0.8],[107.5,-0.5],[107.5,-0.3],[107.4,0],[107.5,0.3],[107.3,0.8],[107.4,1.2],[107.5,1.4],[107.3,1.6],[107.6,1.5],[107.8,1.6],[107.6,1.8],[107.7,2.3],[108.5,2.5],[108.8,2.6],[108.8,2.9],[108.7,3.4],[108.6,3.4],[108.4,3.4],[107.9,3.2],[107.8,3.2],[108,3.4],[107.9,3.5],[108.2,3.5],[108.7,3.6],[109.2,3.6],[109.4,3.7],[109.6,3.8]]]]}},{"type":"Feature","properties":{},"geometry":{"type":"MultiPolygon","coordinates":[[[[111.5,4.7],[111.4,4.5],[111.5,4.6],[111.5,4.7]]]]}},{"type":"Feature","properties":{},"geometry":{"type":"MultiPolygon","coordinates":[[[[111.3,4.4],[111.2,4.3],[111.1,4.4],[111.3,4.4]]]]}},{"type":"Feature","properties":{},"geometry":{"type":"MultiPolygon","coordinates":[[[[112.5,3.9],[112.4,4],[112.5,4],[112.5,3.9]]]]}},{"type":"Feature","properties":{},"geometry":{"type":"MultiPolygon","coordinates":[[[[112.6,2.3],[112.6,2.4],[112.6,2.5],[112.6,2.3]]]]}},{"type":"Feature","properties":{},"geometry":{"type":"MultiPolygon","coordinates":[[[[117,1.8],[116.9,1.9],[116.8,2],[117,1.8]]]]}},{"type":"Feature","properties":{},"geometry":{"type":"MultiPolygon","coordinates":[[[[106.8,2.5],[107,2.7],[107.1,2.7],[107.2,2.8],[107.6,2.9],[107.6,2.5],[106.8,2.5]]]]}},{"type":"Feature","properties":{},"geometry":{"type":"MultiPolygon","coordinates":[[[[113.2,3.5],[113.3,3.5],[113.5,3.3],[113.1,3.1],[113,3.3],[113.1,3.7],[113.2,3.5]]]]}},{"type":"Feature","properties":{},"geometry":{"type":"MultiPolygon","coordinates":[[[[106.7,2.3],[106.8,2.2],[107,2.1],[106.5,1.9],[106.6,2],[106.6,2.2],[106.7,2.3]]]]}},{"type":"Feature","properties":{},"geometry":{"type":"MultiPolygon","coordinates":[[[[116.8,2.7],[116.9,2.5],[116.6,2.3],[116.8,2.7]]]]}},{"type":"Feature","properties":{},"geometry":{"type":"MultiPolygon","coordinates":[[[[118.7,-6.7],[118.6,-6.8],[118.6,-6.9],[118.6,-7],[118.6,-7.1],[118.6,-7.2],[118.6,-7.3],[118.6,-7.4],[118.6,-7.5],[118.6,-7.6],[118.5,-7.8],[118.2,-8.4],[117.8,-8.7],[117.5,-8.9],[117.2,-9.1],[117.2,-9.3],[117.6,-9],[117.8,-9],[117.4,-9.4],[117,-9.9],[116.5,-10.2],[116.4,-10.6],[116,-10.9],[115.7,-11.2],[115.5,-11.3],[115.1,-11.4],[114.7,-11.4],[114.5,-11.5],[114.1,-11.4],[114,-11.4],[113.9,-11.4],[113.8,-11.4],[113.7,-11.4],[113.7,-11.5],[113.6,-11.5],[113.5,-11.5],[113.5,-11.6],[113.4,-11.6],[113.4,-11.5],[113.3,-11.5],[113.2,-11.5],[113.1,-11.5],[113,-11.5],[113,-11.6],[112.9,-11.6],[112.8,-11.7],[112.8,-11.8],[112.7,-11.8],[112.6,-11.8],[112.6,-11.9],[112.5,-11.9],[112.4,-11.9],[112.3,-11.9],[112.3,-12],[112.2,-12],[112.1,-12],[112,-12],[111.9,-12],[111.8,-12],[111.7,-12],[111.6,-12],[111.5,-12],[111.4,-12],[111.3,-12],[111.2,-11.9],[111.1,-11.9],[110.6,-11.6],[110.4,-11.5],[110.4,-11.4],[110.3,-11.4],[110.2,-11.4],[110.1,-11.4],[110,-11.4],[109.9,-11.4],[109.8,-11.4],[109.8,-11.3],[109.7,-11.3],[109.6,-11.3],[109.5,-11.3],[109.5,-11.2],[109.4,-11.2],[109.3,-11.1],[109.2,-11.1],[109.2,-11],[109.1,-11],[109,-11],[109,-10.9],[108.9,-10.9],[108.9,-10.8],[108.8,-10.8],[108.7,-10.7],[108.6,-10.7],[108.6,-10.8],[108.5,-10.8],[108.4,-10.8],[108.3,-10.9],[108.2,-10.9],[108.1,-10.9],[108.1,-11],[108,-11],[107.9,-11],[107.8,-11.1],[107.9,-11.1],[107.8,-11.1],[107.8,-11.2],[107.7,-11.2],[107.6,-11.2],[107.5,-11.3],[107.4,-11.3],[107.3,-11.3],[107.2,-11.3],[107.1,-11.3],[107.1,-11.4],[107,-11.4],[106.9,-11.4],[106.8,-11.4],[106.7,-11.4],[106.6,-11.4],[106.5,-11.4],[106.4,-11.4],[106.3,-11.4],[106.2,-11.4],[106.1,-11.4],[106.1,-11.3],[106,-11.3],[105.9,-11.3],[105.9,-11.2],[105.8,-11.2],[105.8,-11.1],[105.7,-11.1],[105.7,-11],[105.6,-11],[105.5,-10.9],[105.4,-10.9],[105.4,-10.8],[105.3,-10.8],[105.2,-10.7],[105.1,-10.6],[105,-10.6],[105,-10.5],[104.9,-10.5],[104.9,-10.4],[104.8,-10.4],[104.7,-10.4],[104.7,-10.3],[104.6,-10.3],[104.6,-10.2],[104.5,-10.2],[104.4,-10.1],[104.3,-10.1],[104.3,-10],[104.2,-10],[104.1,-9.9],[104,-9.9],[104,-9.8],[103.9,-9.8],[103.8,-9.8],[103.7,-9.7],[103.6,-9.7],[103.8,-8.7],[103.9,-8.7],[104,-8.7],[104.1,-8.7],[104.2,-8.7],[104.3,-8.8],[104.4,-8.8],[104.5,-8.8],[104.6,-8.8],[104.6,-8.9],[104.6,-9],[104.6,-9.1],[104.7,-9.2],[104.7,-9.3],[104.8,-9.3],[104.8,-9.4],[104.9,-9.4],[105,-9.4],[105,-9.5],[105.1,-9.5],[105.2,-9.5],[105.2,-9.6],[105.3,-9.6],[105.3,-9.7],[105.4,-9.7],[105.4,-9.8],[105.5,-9.8],[105.6,-9.8],[105.6,-9.9],[105.7,-9.9],[105.8,-10],[105.9,-10],[105.9,-10.1],[106,-10.1],[106.1,-10.1],[106.2,-10.1],[106.3,-10.1],[106.3,-10.2],[106.4,-10.2],[106.5,-10.2],[106.6,-10.3],[106.7,-10.3],[106.8,-10.3],[106.8,-10.4],[106.9,-10.4],[106.9,-10.5],[107,-10.5],[107.1,-10.5],[107.1,-10.4],[107.2,-10.4],[107.3,-10.4],[107.4,-10.4],[107.5,-10.4],[107.6,-10.4],[107.7,-10.4],[107.8,-10.3],[107.9,-10.3],[108,-10.3],[108.1,-10.2],[108.2,-10.2],[108.2,-10.1],[108.3,-10.1],[108.3,-10],[108.4,-10],[108.5,-10],[108.5,-9.9],[108.6,-9.9],[108.7,-9.9],[108.8,-9.9],[108.9,-9.8],[109,-9.8],[109.1,-9.8],[109.2,-9.7],[109.3,-9.7],[109.4,-9.8],[109.5,-9.8],[109.5,-9.9],[109.6,-9.9],[109.6,-10],[109.7,-10],[109.7,-10.1],[109.8,-10.1],[109.8,-10.2],[109.9,-10.1],[109.9,-10],[110,-9.9],[110,-9.8],[110,-9.7],[110.1,-9.8],[110.2,-9.8],[110.2,-9.9],[110.3,-10],[110.3,-10.1],[110.4,-10.1],[110.4,-10.2],[110.4,-10.3],[110.5,-10.3],[110.6,-10.3],[110.6,-10.2],[110.7,-10.2],[110.7,-10.1],[110.8,-10.1],[110.8,-10],[110.9,-10],[110.9,-10.1],[111,-10.1],[111,-10.2],[111.1,-10.2],[111.1,-10.3],[111.2,-10.4],[111.3,-10.4],[111.4,-10.5],[111.5,-10.5],[111.6,-10.5],[111.6,-10.4],[111.7,-10.4],[111.8,-10.4],[111.8,-10.3],[111.9,-10.3],[111.9,-10.2],[112,-10.2],[112.1,-10.1],[112.2,-10.1],[112.3,-10.1],[112.4,-10.1],[112.5,-10.1],[112.5,-10],[112.5,-9.9],[112.6,-9.9],[112.7,-9.8],[112.8,-9.7],[112.9,-9.5],[113,-9.5],[113.1,-9.4],[113.2,-9.4],[113.3,-9.4],[113.4,-9.4],[113.4,-9.5],[113.5,-9.5],[113.6,-9.5],[113.7,-9.5],[113.8,-9.5],[113.9,-9.5],[114,-9.4],[114,-9.5],[114.1,-9.5],[114.2,-9.5],[114.3,-9.4],[114.4,-9.4],[114.5,-9.4],[114.6,-9.4],[114.7,-9.4],[114.8,-9.3],[114.9,-9.3],[114.9,-9.2],[115,-9.2],[115.1,-9.1],[115.2,-9.1],[115.2,-9],[115.3,-9],[115.3,-8.9],[115.4,-8.9],[115.4,-8.8],[115.5,-8.8],[115.6,-8.7],[115.7,-8.7],[115.7,-8.6],[115.8,-8.6],[115.9,-8.6],[116,-8.5],[116.1,-8.5],[116.2,-8.5],[116.2,-8.4],[116.3,-8.4],[116.4,-8.4],[116.4,-8.3],[116.5,-8.3],[116.5,-8.2],[116.6,-8.2],[116.7,-8.1],[116.7,-8],[116.8,-8],[116.9,-7.9],[116.9,-7.8],[116.9,-7.7],[117,-7.6],[117,-7.5],[117,-7.4],[117,-7.3],[117,-7.2],[117.1,-7.1],[117.1,-7],[117.1,-6.9],[117.2,-6.8],[117.2,-6.7],[117.2,-6.6],[117.2,-6.5],[117.3,-6.5],[117.3,-6.4],[117.3,-6.3],[117.4,-6.3],[117.5,-6.3],[117.6,-6.4],[117.7,-6.4],[117.8,-6.5],[117.9,-6.5],[118,-6.5],[118.1,-6.6],[118.2,-6.6],[118.3,-6.6],[118.4,-6.7],[118.5,-6.7],[118.6,-6.7],[118.7,-6.7]]]]}},{"type":"Feature","properties":{},"geometry":{"type":"MultiPolygon","coordinates":[[[[117.9,-8.9],[118.4,-8.9],[118.9,-8.8],[119.3,-8.8],[119.6,-8.8],[120,-8.7],[120.4,-8.7],[120.9,-8.7],[121,-8.7],[121.3,-8.8],[121.4,-8.8],[121.6,-8.8],[121.8,-8.8],[121.9,-8.8],[122,-8.9],[122.4,-8.9],[122.5,-8.9],[122.6,-8.9],[122.8,-8.9],[123.2,-8.9],[123.6,-8.8],[123.9,-8.7],[124.7,-8.4],[125.1,-8.4],[125.4,-8.5],[125.4,-8.7],[125.6,-8.7],[125.7,-8.7],[125.8,-8.8],[125.8,-8.9],[125.9,-9],[126,-9],[126,-9.1],[126.1,-9.1],[126.2,-9.1],[126.3,-9.1],[126.3,-9.2],[126.4,-9.2],[126.4,-9.3],[126.5,-9.3],[126.5,-9.4],[126.6,-9.5],[126.7,-9.6],[126.6,-9.7],[126.5,-9.8],[126.3,-10.2],[126.1,-10.5],[125.9,-10.7],[125.6,-11.2],[125.4,-11.7],[125.3,-11.9],[125.4,-12],[125.6,-12.5],[125.7,-12.9],[125.8,-13.1],[125.9,-13.5],[126,-13.9],[126,-14],[126.1,-14],[125.6,-14.4],[125.5,-13.6],[125.1,-14.1],[124.8,-14.5],[124.8,-14.1],[124.5,-13.6],[124.4,-12.7],[124,-12.1],[123.8,-12.6],[123.7,-13.4],[123.6,-14.4],[123.5,-14.8],[123.5,-15],[123,-14.8],[123.2,-14.7],[122.6,-14.2],[121.9,-13.9],[121.6,-14],[121.3,-13.9],[121.2,-13.7],[121,-13.6],[120.4,-13.5],[120.4,-13.6],[119.5,-13.9],[118.3,-14.1],[116.5,-15.9],[115,-17.3],[114.4,-19.3],[114,-20],[113.5,-20.4],[113.1,-20.7],[112.9,-20.7],[112.9,-20.6],[112.9,-20.5],[112.8,-20.5],[112.9,-20.5],[112.8,-20.4],[112.8,-20.3],[112.8,-20.2],[112.9,-20.2],[112.9,-20.1],[112.9,-20],[112.9,-19.9],[113,-19.9],[113,-19.8],[113.1,-19.7],[113.1,-19.6],[113.1,-19.7],[113.2,-19.7],[113.2,-19.8],[113.1,-19.8],[113.1,-19.9],[113.1,-20],[113.1,-20.1],[113.1,-20.2],[113.1,-20.3],[113.1,-20.2],[113.2,-20.1],[113.2,-20],[113.2,-19.9],[113.2,-19.8],[113.2,-19.7],[113.2,-19.6],[113.2,-19.5],[113.2,-19.4],[113.2,-19.3],[113.2,-19.2],[113.1,-19.2],[113.1,-19.1],[113.1,-19],[113,-18.9],[112.9,-18.9],[112.9,-19],[112.8,-19],[112.7,-19],[112.7,-18.9],[112.6,-18.9],[112.6,-18.8],[112.6,-18.7],[112.5,-18.7],[112.5,-18.6],[112.5,-18.5],[112.6,-18.4],[112.6,-18.3],[112.6,-18.2],[112.6,-18.1],[112.6,-18],[112.6,-17.9],[112.7,-17.8],[112.7,-17.7],[112.7,-17.6],[112.7,-17.5],[112.7,-17.4],[112.7,-17.3],[112.7,-17.2],[112.6,-17.1],[112.6,-17],[112.6,-16.9],[112.6,-16.8],[112.6,-16.7],[112.6,-16.6],[112.5,-16.6],[112.5,-16.5],[112.5,-16.4],[112.5,-16.3],[112.4,-16.2],[112.4,-16.1],[112.4,-16],[112.4,-15.9],[112.3,-15.8],[112.3,-15.7],[112.3,-15.8],[112.3,-15.9],[112.3,-16],[112.2,-16],[112.2,-16.1],[112.2,-16],[112.1,-16],[112.1,-15.9],[112.1,-15.8],[112.1,-15.7],[112,-15.7],[112,-15.6],[112,-15.5],[112,-15.4],[112,-15.3],[112,-15.2],[112,-15.1],[112,-15],[112,-14.9],[112,-14.8],[112,-14.7],[112.1,-14.7],[112.1,-14.6],[112.1,-14.5],[112.1,-14.4],[112.1,-14.3],[112.1,-14.2],[112.1,-14.1],[112.1,-14],[112.1,-13.9],[112.2,-13.9],[112.2,-13.8],[112.2,-13.7],[112.3,-13.7],[112.3,-13.6],[112.3,-13.5],[112.4,-13.5],[112.4,-13.4],[112.4,-13.3],[112.4,-13.2],[112.4,-13.1],[112.5,-13.1],[112.8,-13],[113,-12.9],[113.2,-12.5],[113.1,-11.5],[113.2,-11.5],[113.3,-11.5],[113.4,-11.5],[113.4,-11.6],[113.5,-11.6],[113.5,-11.5],[113.6,-11.5],[113.7,-11.5],[113.7,-11.4],[113.8,-11.4],[113.9,-11.4],[114,-11.4],[114.1,-11.4],[114.7,-11.5],[114.8,-11.4],[115.1,-11.4],[115.5,-11.3],[115.8,-11.2],[116.2,-10.8],[116.4,-10.5],[116.6,-10.2],[117.1,-9.8],[117.4,-9.4],[117.9,-8.9]]]]}},{"type":"Feature","properties":{},"geometry":{"type":"MultiPolygon","coordinates":[[[[109.4,-24.3],[109.3,-24.2],[109.2,-24.1],[109.2,-24],[109.2,-23.9],[109.3,-23.9],[109.3,-23.8],[109.4,-23.8],[109.4,-23.7],[109.5,-23.7],[109.6,-23.6],[109.7,-23.6],[109.8,-23.6],[109.8,-23.5],[109.9,-23.5],[110,-23.5],[110,-23.4],[110.1,-23.4],[110.2,-23.4],[110.2,-23.3],[110.3,-23.3],[110.4,-23.2],[110.5,-23.2],[110.5,-23.1],[110.6,-23.1],[110.7,-23.1],[110.8,-23],[110.9,-23],[110.9,-22.9],[111,-22.9],[111,-22.8],[111.1,-22.8],[111.1,-22.7],[111.2,-22.7],[111.2,-22.6],[111.3,-22.6],[111.3,-22.5],[111.4,-22.5],[111.4,-22.4],[111.5,-22.4],[111.5,-22.3],[111.5,-22.2],[111.6,-22.2],[111.6,-22.1],[111.7,-22.1],[111.7,-22.4],[111.4,-22.7],[111.2,-23.3],[111,-23.4],[110.9,-23.6],[110.2,-24.1],[109.9,-24.2],[109.4,-24.3]]]]}},{"type":"Feature","properties":{},"geometry":{"type":"MultiPolygon","coordinates":[[[[125.5,-14.7],[125.7,-14.7],[125.2,-15.1],[124.7,-15.3],[125.5,-14.7]]]]}},{"type":"Feature","properties":{},"geometry":{"type":"MultiPolygon","coordinates":[[[[109.2,-24.1],[109.3,-24.2],[109.4,-24.3],[108.7,-24.4],[108.3,-23.8],[107.6,-22.5],[107.6,-22.2],[105.6,-21.2],[104.5,-20.3],[103.5,-19.8],[101.8,-18.9],[102.2,-19.2],[102.5,-19.2],[101.7,-18.5],[102,-18.5],[102.4,-18.7],[102.5,-18.3],[101.5,-17.9],[100.5,-17.1],[99.8,-16],[100.1,-15.5],[100.3,-15.5],[100.2,-15.3],[100.2,-15],[100.6,-14.2],[100.6,-14.3],[100.6,-14.4],[100.5,-14.4],[100.5,-14.5],[100.5,-14.6],[100.5,-14.7],[100.5,-14.8],[100.5,-14.9],[100.5,-15],[100.5,-15.1],[100.5,-15.2],[100.6,-15.3],[100.7,-15.4],[100.7,-15.5],[100.8,-15.6],[100.9,-15.7],[100.9,-15.8],[101,-15.9],[101.1,-16],[101.1,-16.1],[101.2,-16.1],[101.2,-16.2],[101.3,-16.2],[101.3,-16.3],[101.4,-16.4],[101.5,-16.5],[101.5,-16.6],[101.6,-16.7],[101.7,-16.8],[101.8,-16.8],[101.8,-16.9],[101.9,-16.9],[101.9,-17],[102,-17],[102,-17.1],[102.1,-17.1],[102.2,-17.2],[102.3,-17.2],[102.3,-17.3],[102.4,-17.3],[102.5,-17.4],[102.6,-17.5],[102.8,-17.5],[102.9,-17.5],[102.9,-17.6],[103,-17.6],[103.1,-17.6],[103.1,-17.7],[103.2,-17.7],[103.3,-17.8],[103.4,-17.9],[103.5,-18],[103.5,-18.1],[103.6,-18.1],[103.6,-18.2],[103.7,-18.3],[103.8,-18.4],[103.9,-18.5],[104,-18.6],[104,-18.7],[104.1,-18.7],[104.1,-18.8],[104.2,-18.8],[104.2,-18.9],[104.3,-18.9],[104.3,-19],[104.4,-19],[104.4,-19.1],[104.5,-19.1],[104.5,-19.2],[104.6,-19.2],[104.6,-19.3],[104.7,-19.3],[104.7,-19.4],[104.8,-19.4],[104.8,-19.5],[104.9,-19.5],[104.9,-19.6],[105,-19.7],[105.1,-19.7],[105.1,-19.8],[105.2,-19.8],[105.2,-19.9],[105.3,-19.9],[105.4,-20],[105.5,-20],[105.5,-20.1],[105.6,-20.1],[105.7,-20.1],[105.7,-20.2],[105.8,-20.2],[105.9,-20.3],[106,-20.4],[106.1,-20.4],[106.1,-20.5],[106.2,-20.5],[106.2,-20.6],[106.3,-20.6],[106.3,-20.7],[106.4,-20.7],[106.4,-20.8],[106.5,-20.8],[106.5,-20.9],[106.6,-20.9],[106.7,-21],[106.7,-21.1],[106.8,-21.1],[106.8,-21.2],[106.9,-21.2],[107,-21.3],[107,-21.4],[107.1,-21.4],[107.1,-21.5],[107.2,-21.5],[107.3,-21.6],[107.3,-21.7],[107.4,-21.7],[107.4,-21.8],[107.5,-21.8],[107.5,-21.9],[107.6,-22],[107.7,-22.1],[107.7,-22.2],[107.8,-22.3],[107.9,-22.4],[107.9,-22.5],[108,-22.5],[108,-22.6],[108.1,-22.7],[108.1,-22.8],[108.2,-22.8],[108.2,-22.9],[108.3,-23],[108.3,-23.1],[108.4,-23.1],[108.4,-23.2],[108.5,-23.3],[108.6,-23.4],[108.6,-23.5],[108.7,-23.5],[108.7,-23.6],[108.8,-23.7],[108.9,-23.8],[109,-23.9],[109,-24],[109.1,-24],[109.2,-24.1]]]]}},{"type":"Feature","properties":{},"geometry":{"type":"MultiPolygon","coordinates":[[[[113.1,-11.5],[113.2,-12.5],[113,-12.9],[112.8,-13],[112.5,-13.1],[112.4,-13.1],[112.4,-13.2],[112.4,-13.3],[112.4,-13.4],[112.4,-13.5],[112.3,-13.5],[112.3,-13.6],[112.3,-13.7],[112.2,-13.7],[112.2,-13.8],[112.2,-13.9],[112.1,-13.9],[112.1,-14],[112.1,-14.1],[112.1,-14.2],[112.1,-14.3],[112.1,-14.4],[112.1,-14.5],[112.1,-14.6],[112.1,-14.7],[112,-14.7],[112,-14.8],[112,-14.9],[112,-15],[112,-15.1],[112,-15.2],[112,-15.3],[112,-15.4],[112,-15.5],[112,-15.6],[112,-15.7],[112.1,-15.7],[112.1,-15.8],[112.1,-15.9],[112.1,-16],[112.2,-16],[112.2,-16.1],[112.2,-16],[112.3,-16],[112.3,-15.9],[112.3,-15.8],[112.3,-15.7],[112.3,-15.8],[112.4,-15.9],[112.4,-16],[112.4,-16.1],[112.4,-16.2],[112.5,-16.3],[112.5,-16.4],[112.5,-16.5],[112.5,-16.6],[112.6,-16.6],[112.6,-16.7],[112.6,-16.8],[112.6,-16.9],[112.6,-17],[112.6,-17.1],[112.7,-17.2],[112.7,-17.3],[112.7,-17.4],[112.7,-17.5],[112.7,-17.6],[112.7,-17.7],[112.7,-17.8],[112.6,-17.9],[112.6,-18],[112.6,-18.1],[112.6,-18.2],[112.6,-18.3],[112.6,-18.4],[112.5,-18.5],[112.5,-18.6],[112.5,-18.7],[112.6,-18.7],[112.6,-18.8],[112.6,-18.9],[112.7,-18.9],[112.7,-19],[112.8,-19],[112.9,-19],[112.9,-18.9],[113,-18.9],[113.1,-19],[113.1,-19.1],[113.1,-19.2],[113.2,-19.2],[113.2,-19.3],[113.2,-19.4],[113.2,-19.5],[113.2,-19.6],[113.2,-19.7],[113.2,-19.8],[113.2,-19.9],[113.2,-20],[113.2,-20.1],[113.1,-20.2],[113.1,-20.3],[113.1,-20.2],[113.1,-20.1],[113.1,-20],[113.1,-19.9],[113.1,-19.8],[113.2,-19.8],[113.2,-19.7],[113.1,-19.7],[113.1,-19.6],[113.1,-19.7],[113,-19.8],[113,-19.9],[112.9,-19.9],[112.9,-20],[112.9,-20.1],[112.9,-20.2],[112.8,-20.2],[112.8,-20.3],[112.8,-20.4],[112.9,-20.5],[112.8,-20.5],[112.9,-20.5],[112.9,-20.6],[112.9,-20.7],[112.7,-20.8],[111.7,-22],[111.6,-22.1],[111.6,-22.2],[111.5,-22.2],[111.5,-22.3],[111.5,-22.4],[111.4,-22.4],[111.4,-22.5],[111.3,-22.5],[111.3,-22.6],[111.2,-22.6],[111.2,-22.7],[111.1,-22.7],[111.1,-22.8],[111,-22.8],[110.9,-22.9],[110.9,-23],[110.8,-23],[110.7,-23.1],[110.6,-23.1],[110.5,-23.1],[110.5,-23.2],[110.4,-23.2],[110.3,-23.3],[110.2,-23.3],[110.2,-23.4],[110.1,-23.4],[110,-23.4],[110,-23.5],[109.9,-23.5],[109.8,-23.5],[109.8,-23.6],[109.7,-23.6],[109.6,-23.6],[109.6,-23.7],[109.5,-23.7],[109.4,-23.7],[109.4,-23.8],[109.3,-23.8],[109.3,-23.9],[109.2,-24],[109.1,-24.1],[109.1,-24],[109,-23.9],[108.9,-23.8],[108.8,-23.7],[108.8,-23.6],[108.7,-23.6],[108.6,-23.5],[108.6,-23.4],[108.5,-23.3],[108.4,-23.2],[108.3,-23.1],[108.3,-23],[108.2,-22.9],[108.2,-22.8],[108.1,-22.8],[108.1,-22.7],[108,-22.6],[107.9,-22.5],[107.9,-22.4],[107.8,-22.3],[107.8,-22.2],[107.7,-22.2],[107.7,-22.1],[107.6,-22.1],[107.6,-22],[107.6,-21.9],[107.5,-21.9],[107.5,-21.8],[107.4,-21.8],[107.4,-21.7],[107.3,-21.7],[107.3,-21.6],[107.2,-21.6],[107.2,-21.5],[107.1,-21.4],[107,-21.3],[106.9,-21.3],[106.9,-21.2],[106.8,-21.1],[106.7,-21],[106.6,-20.9],[106.5,-20.8],[106.4,-20.8],[106.4,-20.7],[106.3,-20.7],[106.3,-20.6],[106.2,-20.6],[106.2,-20.5],[106.1,-20.5],[106.1,-20.4],[106,-20.4],[105.9,-20.3],[105.8,-20.2],[105.7,-20.2],[105.6,-20.1],[105.5,-20.1],[105.5,-20],[105.4,-20],[105.3,-19.9],[105.2,-19.9],[105.2,-19.8],[105.1,-19.8],[105,-19.7],[105,-19.6],[104.9,-19.6],[104.9,-19.5],[104.8,-19.5],[104.8,-19.4],[104.7,-19.4],[104.7,-19.3],[104.6,-19.3],[104.6,-19.2],[104.5,-19.2],[104.5,-19.1],[104.4,-19.1],[104.3,-19],[104.3,-18.9],[104.2,-18.9],[104.2,-18.8],[104.1,-18.8],[104.1,-18.7],[104,-18.6],[103.9,-18.5],[103.8,-18.4],[103.8,-18.3],[103.7,-18.3],[103.7,-18.2],[103.6,-18.2],[103.6,-18.1],[103.5,-18.1],[103.5,-18],[103.4,-17.9],[103.4,-17.8],[103.3,-17.8],[103.2,-17.7],[103.1,-17.7],[103.1,-17.6],[103,-17.6],[102.9,-17.6],[102.8,-17.5],[102.7,-17.5],[102.6,-17.4],[102.5,-17.4],[102.4,-17.3],[102.3,-17.2],[102.2,-17.2],[102.1,-17.1],[102,-17],[101.9,-17],[101.9,-16.9],[101.8,-16.9],[101.7,-16.8],[101.7,-16.7],[101.6,-16.6],[101.5,-16.6],[101.4,-16.5],[101.3,-16.3],[101.2,-16.2],[101.2,-16.1],[101.1,-16.1],[101,-16],[101,-15.8],[100.9,-15.8],[100.8,-15.6],[100.7,-15.5],[100.7,-15.4],[100.6,-15.4],[100.5,-15.3],[100.5,-15.2],[100.5,-15.1],[100.5,-15],[100.5,-14.9],[100.5,-14.8],[100.5,-14.7],[100.5,-14.6],[100.5,-14.5],[100.5,-14.4],[100.6,-14.4],[100.6,-14.3],[100.6,-14.2],[100.6,-14.1],[100.8,-13.3],[101,-12.8],[101.1,-12.7],[101.4,-12.5],[101.9,-12.1],[102,-11.7],[102.6,-10.8],[103,-10.5],[103.6,-9.7],[103.7,-9.7],[103.8,-9.8],[103.9,-9.8],[104,-9.8],[104,-9.9],[104.1,-9.9],[104.2,-10],[104.3,-10],[104.3,-10.1],[104.4,-10.1],[104.4,-10.2],[104.5,-10.2],[104.6,-10.3],[104.7,-10.3],[104.7,-10.4],[104.8,-10.4],[104.9,-10.4],[104.9,-10.5],[105,-10.5],[105,-10.6],[105.1,-10.6],[105.1,-10.7],[105.2,-10.7],[105.3,-10.7],[105.3,-10.8],[105.4,-10.8],[105.5,-10.9],[105.6,-11],[105.7,-11.1],[105.8,-11.1],[105.8,-11.2],[105.9,-11.2],[105.9,-11.3],[106,-11.3],[106.1,-11.3],[106.1,-11.4],[106.2,-11.4],[106.3,-11.4],[106.4,-11.4],[106.5,-11.4],[106.6,-11.4],[106.7,-11.4],[106.8,-11.4],[106.9,-11.4],[107,-11.4],[107.1,-11.4],[107.1,-11.3],[107.2,-11.3],[107.3,-11.3],[107.4,-11.3],[107.5,-11.3],[107.6,-11.2],[107.7,-11.2],[107.8,-11.2],[107.8,-11.1],[107.9,-11.1],[107.8,-11.1],[107.9,-11],[108,-11],[108.1,-11],[108.2,-10.9],[108.3,-10.9],[108.4,-10.8],[108.5,-10.8],[108.6,-10.8],[108.6,-10.7],[108.7,-10.7],[108.7,-10.8],[108.8,-10.8],[108.9,-10.8],[108.9,-10.9],[109,-10.9],[109,-11],[109.1,-11],[109.2,-11],[109.2,-11.1],[109.3,-11.1],[109.3,-11.2],[109.4,-11.2],[109.5,-11.2],[109.5,-11.3],[109.6,-11.3],[109.7,-11.3],[109.8,-11.4],[109.9,-11.4],[110,-11.4],[110.1,-11.4],[110.2,-11.4],[110.3,-11.4],[110.4,-11.4],[110.4,-11.5],[111,-11.8],[111.1,-11.9],[111.2,-11.9],[111.3,-12],[111.4,-12],[111.5,-12],[111.6,-12],[111.7,-12],[111.8,-12],[111.9,-12],[112,-12],[112.1,-12],[112.2,-12],[112.3,-12],[112.3,-11.9],[112.4,-11.9],[112.5,-11.9],[112.6,-11.8],[112.7,-11.8],[112.8,-11.8],[112.8,-11.7],[112.9,-11.7],[112.9,-11.6],[113,-11.6],[113,-11.5],[113.1,-11.5]]]]}},{"type":"Feature","properties":{},"geometry":{"type":"MultiPolygon","coordinates":[[[[109.7,3.8],[109.8,3.7],[110.1,3.8],[110.2,3.7],[110.2,3.9],[110.3,3.9],[110.5,4.2],[111,4],[111.1,4.1],[111.2,4.2],[111.2,4.3],[111.5,4.7],[111.4,4.5],[111.4,4.4],[111.5,4.4],[111.6,4.5],[111.6,4.6],[111.7,4.6],[111.7,4.5],[111.8,4.5],[111.8,4.4],[111.9,4.4],[112.1,4.6],[112.1,4.8],[112,4.7],[111.9,4.7],[111.9,4.9],[112,5.1],[112,5],[112.1,5],[112.2,4.9],[112.3,4.8],[112.4,4.9],[112.3,4.9],[112.4,5],[112.5,5],[112.6,4.9],[112.6,5],[112.6,4.9],[112.5,4.7],[112.5,4.8],[112.5,4.7],[112.6,4.6],[112.6,4.5],[112.5,4.5],[112.6,4.4],[112.5,4.4],[112.4,4.3],[112.5,4.3],[112.6,4.3],[112.7,4.2],[112.6,4.2],[112.5,4.2],[112.6,4.1],[112.6,4],[112.7,4],[112.6,4],[112.6,3.8],[112.6,3.9],[112.5,3.9],[112.5,4],[112.4,4],[112.5,3.9],[112.4,3.9],[112.4,3.8],[112.3,3.8],[112.3,3.7],[112.2,3.7],[112.2,3.6],[112.3,3.5],[112.3,3.4],[112.3,3.3],[112.5,3.2],[112.6,3.3],[112.6,3.1],[112.6,2.9],[112.7,2.8],[112.6,2.7],[112.6,2.5],[112.6,2.4],[112.6,2.3],[112.6,2.2],[112.5,2.1],[112.9,1.9],[113,2],[113.3,2],[113.6,2],[114.3,1.8],[114.5,1.8],[114.4,1.9],[115.3,2],[115.5,1.9],[116,1.9],[116.2,1.9],[116.3,2],[116.6,2],[116.8,2],[116.9,1.9],[117,1.8],[117.2,1.8],[117.5,1.8],[117.6,1.8],[117.6,1.9],[117.9,1.8],[118,1.9],[118,1.8],[117.9,1.8],[117.7,1.8],[117.7,1.7],[117.6,1.7],[117.5,1.7],[117.4,1.6],[117.3,1.6],[117.2,1.5],[117.1,1.5],[117,1.4],[116.9,1.4],[116.9,1.3],[116.8,1.3],[116.7,1.2],[116.6,1.1],[116.5,1.1],[116.5,1],[116.4,1],[116.4,0.9],[116.3,0.9],[116.3,0.8],[116.2,0.8],[116.1,0.7],[116.1,0.6],[116,0.6],[116,0.5],[115.9,0.5],[115.9,0.4],[115.8,0.4],[115.7,0.3],[115.6,0.3],[115.5,0.2],[115.4,0.2],[115.3,0.2],[115.3,0.1],[115.2,0.1],[115.1,0],[115,-0.1],[115,-0.2],[114.9,-0.3],[114.8,-0.4],[114.8,-0.5],[114.8,-0.6],[114.7,-0.6],[114.7,-0.7],[114.7,-0.8],[114.7,-0.9],[114.8,-1],[114.8,-1.1],[114.8,-1.2],[114.7,-1.2],[114.7,-1.3],[114.6,-1.3],[114.6,-1.4],[114.5,-1.5],[114.4,-1.5],[114.4,-1.6],[114.5,-1.6],[114.6,-1.6],[114.6,-1.7],[114.7,-1.7],[114.7,-1.8],[114.6,-1.9],[114.6,-2],[114.5,-2],[114.5,-2.1],[114.4,-2.1],[114.3,-2.2],[114.2,-2.2],[114.2,-2.3],[114.1,-2.3],[114,-2.3],[113.9,-2.3],[113.9,-2.2],[113.8,-2.2],[113.7,-2.2],[113.6,-2.1],[113.5,-2.1],[113.5,-2],[113.4,-2],[113.3,-2],[113.3,-1.9],[113.3,-1.8],[113.4,-1.8],[113.4,-1.7],[113.3,-1.7],[113.2,-1.6],[113.1,-1.5],[113,-1.4],[112.9,-1.3],[112.8,-1.3],[112.6,-1.2],[112.5,-1.1],[112.4,-1.1],[112.4,-1],[112.3,-1.1],[112.2,-1.1],[112.1,-1.1],[112,-1.1],[112,-1],[111.9,-1],[111.8,-1],[111.6,-0.1],[110.8,0.5],[110.7,0.6],[110.6,0.7],[110.5,0.8],[110.4,0.8],[110.3,0.8],[110.4,0.8],[110.4,0.9],[110.4,1],[110.3,1],[110.3,1.1],[110.3,1.2],[110.2,1.2],[110.1,1.2],[110.1,1.3],[110,1.3],[109.9,1.3],[109.9,1.4],[109.8,1.4],[109.7,1.4],[109.7,1.5],[109.7,1.6],[109.7,1.7],[109.6,1.7],[109.6,1.8],[109.6,1.9],[109.5,1.9],[109.5,2],[109.4,2],[109.4,2.1],[109.4,2.2],[109.4,2.3],[109.4,2.4],[109.4,2.5],[109.5,2.5],[109.6,2.5],[109.7,2.5],[109.7,2.6],[109.6,2.7],[109.6,2.8],[109.6,2.9],[109.6,3],[109.7,3],[109.7,3.1],[109.8,3.1],[109.8,3.2],[109.8,3.3],[109.8,3.4],[109.8,3.5],[109.8,3.6],[109.7,3.6],[109.7,3.7],[109.6,3.7],[109.6,3.8],[109.7,3.9],[109.7,3.8]]]]}},{"type":"Feature","properties":{},"geometry":{"type":"MultiPolygon","coordinates":[[[[101.5,-41.8],[100.6,-40],[100.4,-38.7],[101.1,-36.6],[102,-35.6],[102.2,-35.6],[102.2,-36],[102.2,-36.6],[101.8,-37.3],[101.6,-38.2],[101.6,-39.3],[101.1,-41],[101.1,-41.4],[101.5,-41.8]]]]}},{"type":"Feature","properties":{},"geometry":{"type":"MultiPolygon","coordinates":[[[[78.8,-32],[79.5,-31.8],[82.9,-32],[87,-33.1],[86.8,-33.5],[83.7,-33.4],[83.6,-35.7],[82.8,-37.7],[81.2,-38.2],[81.7,-39.6],[83.6,-40.7],[86.5,-41.1],[87.3,-42.9],[87.1,-42.6],[87.2,-42.3],[86.7,-42.4],[86.7,-42.8],[86.8,-42.9],[86.6,-44],[82.8,-43.8],[83.1,-43.7],[83.5,-43.6],[83.9,-43.2],[83.8,-42.6],[83.6,-42.9],[83,-43.1],[82.1,-43.1],[81.7,-42.9],[81.6,-42.7],[81.4,-42.6],[81.3,-42.9],[81.1,-42.7],[80.9,-42.7],[80.7,-42.8],[80.4,-42.8],[80.2,-42.9],[80.1,-42.8],[80,-42.7],[80,-42.5],[79.7,-42.5],[79.7,-42.3],[79.3,-42.2],[78.8,-41.9],[78.1,-41.4],[77.1,-37.1],[78.6,-32],[78.8,-32]]]]}},{"type":"Feature","properties":{},"geometry":{"type":"MultiPolygon","coordinates":[[[[105,-50.6],[102.7,-51.2],[102.2,-51],[102.6,-51],[103.7,-50.8],[104.8,-50.7],[105,-50.6]]]]}},{"type":"Feature","properties":{},"geometry":{"type":"MultiPolygon","coordinates":[[[[104.8,-50.3],[104.8,-50.7],[103.7,-50.8],[102.6,-51],[101.8,-50.9],[103.9,-50.6],[104.8,-50.3]]]]}},{"type":"Feature","properties":{},"geometry":{"type":"MultiPolygon","coordinates":[[[[102.6,-45.5],[103.9,-47.2],[104.1,-47.5],[102.5,-48.6],[101.3,-49.5],[100.1,-50.1],[99.7,-49.9],[99.1,-49.4],[102.4,-47.6],[101.6,-45.7],[102.6,-45.5]]]]}},{"type":"Feature","properties":{},"geometry":{"type":"MultiPolygon","coordinates":[[[[105,-49.3],[104.7,-50.2],[104.4,-50.5],[102.1,-50.8],[101,-50.4],[100.1,-50.1],[101.3,-49.5],[102.5,-48.6],[104.1,-47.5],[104.9,-48],[104.6,-48.5],[105,-49.3]]]]}},{"type":"Feature","properties":{},"geometry":{"type":"MultiPolygon","coordinates":[[[[107.3,-49.1],[106.8,-49.9],[106.8,-50.6],[107.1,-50.7],[106.8,-50.8],[106.6,-50.9],[106.3,-51.2],[105.6,-51.2],[105.7,-50],[106.1,-49.2],[106.5,-48.7],[107,-49],[107.3,-49.1]]]]}},{"type":"Feature","properties":{},"geometry":{"type":"MultiPolygon","coordinates":[[[[107.9,-49.6],[107.5,-50],[107.5,-50.6],[107.8,-51.2],[107.3,-51.3],[107.8,-51.8],[105.9,-51.8],[106.3,-51.2],[106.6,-50.9],[106.8,-50.8],[107.1,-50.7],[106.8,-50.6],[106.8,-49.9],[107.3,-49.1],[107.9,-49.5],[107.9,-49.6]]]]}},{"type":"Feature","properties":{},"geometry":{"type":"MultiPolygon","coordinates":[[[[-4.6,22.5],[-5.1,22.8],[-5.7,22.7],[-7.2,22],[-8,21.1],[-8.4,20.8],[-8,21.5],[-7.8,22.5],[-6.4,23.8],[-5.3,24],[-4.5,24.1],[-4,24.4],[-3.5,24.5],[-2.8,24.4],[-1.5,24.1],[1,24.2],[1.2,24.4],[2.5,24.3],[3.1,23.5],[2.2,23.4],[1,22.8],[-1.3,22.8],[-1.8,22.9],[-2.1,22.9],[-2.9,22.9],[-4.3,22.5],[-4.6,22.5]]]]}},{"type":"Feature","properties":{},"geometry":{"type":"MultiPolygon","coordinates":[[[[-9.4,22.9],[-7.7,24],[-5,24.5],[-3.2,24.6],[-1.6,24.7],[-0.6,25.2],[0.7,25.5],[1.5,26],[2.7,26.7],[4.6,27.5],[5.8,27.8],[5.3,27.5],[4.2,27.4],[2.8,26.7],[1.9,25.9],[0.7,25.4],[-1,24.5],[-2,24.4],[-2.8,24.4],[-3.5,24.5],[-4,24.4],[-4.5,24.1],[-5.3,24],[-6.4,23.8],[-7.8,22.5],[-8.5,22.3],[-8.6,22.5],[-9,23],[-9,22.7],[-9.2,22.6],[-9.5,22.6],[-9.4,22.9]]]]}},{"type":"Feature","properties":{},"geometry":{"type":"MultiPolygon","coordinates":[[[[1.1,22.2],[1.5,22.3],[2,22.3],[1.8,22.5],[2.4,23],[3.5,23.5],[3.4,21.9],[3.3,20.4],[3.4,19.5],[3.7,19.1],[4.2,19.3],[3,18],[1.4,19.4],[1.1,22.2]]]]}},{"type":"Feature","properties":{},"geometry":{"type":"MultiPolygon","coordinates":[[[[1.1,22.2],[0.8,22.2],[-0.8,22.2],[-1.7,22.6],[-1.8,22.8],[-4.6,22.5],[-4.1,22.4],[-2.9,22.9],[-2.1,22.9],[-1.7,22.9],[0.4,22.6],[1.4,23],[2.4,23.5],[3.4,23.7],[4,24.1],[3.3,23.4],[2.3,22.9],[1.9,22.4],[2,22.3],[1.4,22.3],[1.1,22.2]]]]}},{"type":"Feature","properties":{},"geometry":{"type":"MultiPolygon","coordinates":[[[[3.4,23.7],[2.1,24],[0.9,24.3],[0.4,23.8],[-1.8,24.2],[-1.9,24.5],[-0.8,24.5],[0.7,25.4],[2.2,26.1],[3.1,26.8],[4.6,27.5],[5.6,27.6],[6,27.1],[5.2,26.2],[4.2,24.1],[3.4,23.7]]]]}},{"type":"Feature","properties":{},"geometry":{"type":"MultiPolygon","coordinates":[[[[8.2,23.1],[8.6,23.6],[8.9,24.4],[9.6,25.2],[10.4,25.8],[11.2,26.5],[11.9,26.7],[11.7,26.4],[10.2,25.4],[9.5,24.8],[9.2,24.3],[8.7,22.6],[7.7,21.4],[7.1,20.9],[5.7,19.8],[4.5,19.4],[6.3,21.3],[7.4,21.9],[7.4,22.2],[7.4,22.3],[8.2,23.1]]]]}},{"type":"Feature","properties":{},"geometry":{"type":"MultiPolygon","coordinates":[[[[18.4,27.6],[19,28.7],[18.3,29.7],[16.6,31.7],[15.2,33],[16.4,33.1],[18.4,32],[19.6,30.7],[21.1,29.8],[20.5,27.8],[19.1,27.4],[18.4,27.6]]]]}},{"type":"Feature","properties":{},"geometry":{"type":"MultiPolygon","coordinates":[[[[11.5,28.3],[14.7,28.8],[16.1,28.3],[15.3,27.4],[14.7,27.4],[13.4,27.3],[12.3,28],[11,27.6],[11.5,28.3]]]]}},{"type":"Feature","properties":{},"geometry":{"type":"MultiPolygon","coordinates":[[[[11,27.6],[12.3,28],[13.4,27.3],[14.7,27.4],[15.2,26.9],[13.8,26.5],[12.7,26.8],[11.1,26.9],[10.1,27],[11,27.6]]]]}},{"type":"Feature","properties":{},"geometry":{"type":"MultiPolygon","coordinates":[[[[15.3,28.6],[14.5,30],[16.9,29.6],[18.5,29.2],[19,28],[17.4,28],[15.8,28.4],[15.3,28.6]]]]}},{"type":"Feature","properties":{},"geometry":{"type":"MultiPolygon","coordinates":[[[[14.5,25.1],[13.5,26.5],[15,26.5],[15.4,27.7],[16.3,28.3],[18.4,27.6],[19.8,27.1],[19.2,26.3],[17.4,26.6],[15.8,25.1],[14.5,25.1]]]]}},{"type":"Feature","properties":{},"geometry":{"type":"MultiPolygon","coordinates":[[[[6.1,27.2],[7.2,28.5],[9.8,29.3],[12.8,30.4],[14.8,29.7],[14.7,28.8],[11.5,28.3],[8.2,27.7],[5.5,26.5],[6.1,27.2]]]]}},{"type":"Feature","properties":{},"geometry":{"type":"MultiPolygon","coordinates":[[[[1.5,40.7],[6.2,42.6],[9.9,43.3],[7.9,42.3],[5.4,41.1],[2.8,40.1],[1.1,39.8],[1.5,40.7]]]]}},{"type":"Feature","properties":{},"geometry":{"type":"MultiPolygon","coordinates":[[[[0,42.1],[4,43.5],[6.3,44.1],[8.2,44.3],[11.8,44.7],[15.1,44.1],[13.7,43.7],[9.9,43.3],[6.2,42.6],[1.5,40.7],[0,42.1]]]]}},{"type":"Feature","properties":{},"geometry":{"type":"MultiPolygon","coordinates":[[[[-5.5,34.6],[-7.4,34.3],[-9.7,34.5],[-5.4,36.8],[-3.6,39.6],[-1.2,41.6],[0.6,41.8],[1.5,39.6],[1.7,38.7],[1.7,38.1],[0.4,37.2],[-0.8,36.3],[-1.6,35.7],[-3.1,35.3],[-4.1,34.7],[-5.5,34.6]]]]}},{"type":"Feature","properties":{},"geometry":{"type":"MultiPolygon","coordinates":[[[[11.2,26.4],[10,25.6],[10.4,25.8],[11.2,26.4]]]]}},{"type":"Feature","properties":{},"geometry":{"type":"MultiPolygon","coordinates":[[[[10.6,26.7],[10.8,26.5],[10.1,26.3],[10.6,26.7]]]]}},{"type":"Feature","properties":{},"geometry":{"type":"MultiPolygon","coordinates":[[[[3.8,22.5],[5,23.9],[6.1,23.2],[7.7,24.2],[8.4,24.5],[7.9,23.5],[8.2,23.4],[8.7,24.1],[9,24.6],[8.7,23.8],[8.4,23.2],[6.1,21.6],[4.1,22],[3.8,22.5]]]]}},{"type":"Feature","properties":{},"geometry":{"type":"MultiPolygon","coordinates":[[[[4.8,24.2],[6.9,25.5],[9.9,26.8],[10.9,26.9],[10.1,26.3],[9.6,26.2],[9,25.8],[8.8,25.4],[8.5,25.1],[8,24.3],[6.5,23.3],[5.1,23.7],[4.8,24.2]]]]}},{"type":"Feature","properties":{},"geometry":{"type":"MultiPolygon","coordinates":[[[[4.2,24.1],[5.2,26.2],[6.7,27],[10,27.9],[11.1,27.9],[10.1,27],[7.6,25.9],[5.2,24.4],[4.2,24.1]]]]}},{"type":"Feature","properties":{},"geometry":{"type":"MultiPolygon","coordinates":[[[[17.6,23.5],[19.1,24.5],[21.2,24.5],[22.2,25.2],[23.4,24.7],[23.5,24.4],[23.7,23.9],[23.7,23.4],[23.4,23.1],[22.4,23],[21.4,23.1],[20.7,23.1],[19.6,22.9],[19,23],[18.3,23.3],[17.6,23.5]]]]}},{"type":"Feature","properties":{},"geometry":{"type":"MultiPolygon","coordinates":[[[[3.8,22.5],[5,21.4],[8.1,22.9],[7.7,22.6],[7.3,22.2],[7.4,22.2],[6.7,21.6],[4.4,19.4],[3.8,19.1],[3.5,19.4],[3.4,19.8],[3.3,21.6],[3.8,22.5]]]]}},{"type":"Feature","properties":{},"geometry":{"type":"MultiPolygon","coordinates":[[[[21.6,18.2],[22.4,18.7],[25.5,19],[26.4,18.9],[26,18.4],[25.1,17.9],[23.3,17.4],[22.2,17.6],[21.6,18.2]]]]}},{"type":"Feature","properties":{},"geometry":{"type":"MultiPolygon","coordinates":[[[[24,22.1],[24.3,23.3],[24.2,24],[23.9,24.4],[23.4,25.3],[24.2,25.7],[26.6,23],[26.8,19.8],[25.6,19],[25.1,19.2],[24.4,19.6],[23.7,19.9],[23.3,20.3],[23.2,20.6],[23.7,21.7],[24,22.1]]]]}},{"type":"Feature","properties":{},"geometry":{"type":"MultiPolygon","coordinates":[[[[21.4,23.1],[21.9,23],[22.8,23],[23.6,23.2],[23.7,23.5],[23.6,24.3],[23.5,24.6],[24,24.3],[24.3,23.6],[24.1,22.6],[23.6,22.1],[21.6,21.8],[21.2,21.6],[21,22.4],[21.4,23.1]]]]}},{"type":"Feature","properties":{},"geometry":{"type":"MultiPolygon","coordinates":[[[[21.1,19.2],[20.3,19.9],[20.3,20.8],[20.3,21],[20.3,21.2],[20,22.3],[20.9,23.1],[21,22.4],[21.2,21.6],[21.2,20.9],[21.2,20.3],[21.1,20.1],[21.1,19.2]]]]}},{"type":"Feature","properties":{},"geometry":{"type":"MultiPolygon","coordinates":[[[[16.8,23.5],[18.3,23.3],[19,23],[19.4,22.9],[20,23],[20.3,21.4],[20.3,21.1],[20.3,20.8],[20.2,20.3],[19.7,20.5],[18.8,21.3],[18.5,21.8],[16.9,23.3],[16.8,23.5]]]]}},{"type":"Feature","properties":{},"geometry":{"type":"MultiPolygon","coordinates":[[[[21.1,19.2],[21.1,20.1],[21.2,20.3],[21.2,20.9],[21.6,21.8],[23.6,22.1],[23.4,21.2],[23.2,20.5],[23.5,20.1],[23.7,19.8],[24.8,19.4],[25.1,19],[22.2,18.6],[21.5,18.4],[21.2,19.1],[21.1,19.2]]]]}},{"type":"Feature","properties":{},"geometry":{"type":"MultiPolygon","coordinates":[[[[14.9,24.6],[14.7,24.9],[15.8,25.1],[16.7,26.2],[18.4,26.3],[20.3,26.8],[20.5,27.8],[21.1,29.8],[19.6,30.7],[19.1,31.6],[20.3,30.8],[21.2,30.1],[21.8,29.1],[22.3,28.2],[22.5,27.4],[22.2,25.2],[21.2,24.5],[19.1,24.5],[17.6,23.5],[16,24.2],[14.9,24.6]]]]}},{"type":"Feature","properties":{},"geometry":{"type":"MultiPolygon","coordinates":[[[[81.6,-29.7],[82.2,-30.4],[83.5,-30.1],[86.8,-30.9],[89.9,-31.7],[92.9,-30.6],[97.1,-27.6],[99.7,-25.9],[100.7,-24.8],[100.9,-23.9],[103.6,-24.4],[103.5,-24.7],[102.2,-24.5],[101.7,-26.3],[100.7,-27.9],[98.1,-30.2],[95,-31.7],[92.9,-32.1],[91.2,-32.5],[89.4,-33],[87,-32.7],[85.3,-32.1],[80.5,-31],[80.1,-31.5],[78.8,-32],[79.1,-31.6],[79.8,-30.7],[80.1,-30.4],[80.4,-30.7],[80.9,-30.4],[81.5,-29.7],[81.6,-29.7]]]]}},{"type":"Feature","properties":{},"geometry":{"type":"MultiPolygon","coordinates":[[[[96.1,-7.5],[96,-9.3],[95.7,-10.3],[95.4,-11.1],[95.4,-12.6],[94.9,-14.4],[94.6,-15.5],[94.2,-16.9],[93.8,-18.4],[93,-19.4],[92.3,-20.4],[92.1,-19.7],[92.7,-18.2],[92.6,-17.1],[93.3,-14.8],[94.3,-12.4],[95.2,-9.2],[96.1,-7.5]]]]}},{"type":"Feature","properties":{},"geometry":{"type":"MultiPolygon","coordinates":[[[[91.9,-20.6],[92.7,-19.9],[93.5,-18.9],[94.1,-17.5],[94.4,-16.3],[94.6,-15],[95.2,-14],[95.4,-11.8],[95.6,-10.7],[95.8,-9.9],[96.2,-8.5],[96.9,-8.5],[96.5,-10],[96.1,-13.5],[95,-18.2],[94.2,-19.9],[91.9,-20.6]]]]}},{"type":"Feature","properties":{},"geometry":{"type":"MultiPolygon","coordinates":[[[[15.7,22],[16.4,22.3],[17.2,20.7],[15,20.5],[15.7,22]]]]}},{"type":"Feature","properties":{},"geometry":{"type":"MultiPolygon","coordinates":[[[[17.5,19.3],[17.4,15],[16.8,15.4],[17.3,17.5],[17,18.6],[17.5,19.3]]]]}},{"type":"Feature","properties":{},"geometry":{"type":"MultiPolygon","coordinates":[[[[15.1,20],[17.2,20.2],[17,18.6],[17.3,17.5],[16.8,15.4],[17.3,14.4],[16.1,15.5],[15.7,17.1],[15,18.3],[15.1,20]]]]}},{"type":"Feature","properties":{},"geometry":{"type":"MultiPolygon","coordinates":[[[[11.9,26.6],[12,26.8],[12.9,26.7],[14.4,25.4],[14.8,24.6],[16.2,22.8],[15.6,22.1],[14.9,23.3],[14.6,24.1],[13.7,25.3],[12.9,26.2],[12,26.6],[11.9,26.6]]]]}},{"type":"Feature","properties":{},"geometry":{"type":"MultiPolygon","coordinates":[[[[14.7,20.1],[15,18.3],[15.7,17.1],[16.1,15.5],[14.9,15.4],[14.4,18.2],[14.7,20.1]]]]}},{"type":"Feature","properties":{},"geometry":{"type":"MultiPolygon","coordinates":[[[[5.4,4.5],[6,4.2],[6.8,4],[7.1,4.1],[7.4,3.9],[7.4,4.2],[7.9,4.3],[8.6,4.2],[9.5,4.5],[10.6,4.9],[11.6,4.4],[12.2,4.4],[13,4.3],[13.9,4.1],[14.2,4.5],[14.4,5.2],[14.2,4.3],[14.4,3.8],[14.1,3.2],[13.9,3],[12.6,3.4],[12.1,3.4],[11.5,3.4],[9.7,3.4],[7.6,2.9],[6.8,2.1],[6.4,2.1],[6.6,2.6],[6,2.5],[5.5,2.5],[5.4,2.6],[5.1,3],[5.2,3.2],[5.1,3],[4.9,3.5],[5.1,3.6],[5.2,4.4],[5.4,4.5]]]]}},{"type":"Feature","properties":{},"geometry":{"type":"MultiPolygon","coordinates":[[[[10,25.2],[11,26],[12,26.6],[12.8,26.3],[13.7,25.4],[14.2,24.4],[14.9,23.3],[15.3,22.1],[15.7,21.5],[14.4,19.3],[14.7,15.8],[16.9,14.5],[17.1,13.3],[16.6,12.2],[15.8,11.2],[15.6,10.6],[15.6,9.9],[15.3,9],[15.1,8.6],[15.1,8.4],[14.8,7.7],[14.3,7.4],[13.2,7.1],[10.5,7.8],[9,8.8],[9.5,12],[9.3,15.3],[9.4,17.8],[9.8,21.7],[10,25],[10,25.2]]]]}},{"type":"Feature","properties":{},"geometry":{"type":"MultiPolygon","coordinates":[[[[15,6.6],[14.7,6.7],[14.5,7.3],[14.9,7.9],[15.1,8.5],[15.2,8.8],[15.3,9.1],[15.6,10.1],[15.6,10.8],[16,11.3],[16.7,12.4],[17.1,13.6],[17.4,15],[17.5,19.3],[17.2,20.7],[16.7,23.2],[14.9,24.6],[16.2,24],[16.9,23.3],[18.5,21.8],[18.8,21.3],[19.7,20.5],[20.9,19.4],[21.3,19],[21.6,18.2],[22.2,17.6],[22,13.9],[19.6,8.1],[17.7,5.7],[17.7,6.3],[18.1,6.8],[17.9,7.5],[17.9,7.3],[18.1,6.9],[17.5,6.4],[18,5.3],[15.3,4.9],[15.1,5.6],[15,5.6],[15,5.9],[15.2,6],[15.1,6.6],[15,6.6]]]]}},{"type":"Feature","properties":{},"geometry":{"type":"MultiPolygon","coordinates":[[[[123.2,-17.1],[123.3,-17.4],[123.8,-17.9],[126.3,-22.3],[127.2,-28.8],[127.2,-35.9],[127.3,-43.7],[123.7,-45],[121.7,-41.7],[120.8,-38.6],[119.8,-38.3],[119.4,-35.2],[119.2,-30.8],[118.5,-23.7],[118.2,-20],[118,-19.3],[118.5,-18.8],[119.2,-18.2],[119.6,-18.5],[119.8,-17.9],[120.5,-18],[121.1,-17.8],[121.7,-17.5],[122,-17.4],[122.5,-17.3],[123.2,-17.1]]]]}},{"type":"Feature","properties":{},"geometry":{"type":"MultiPolygon","coordinates":[[[[121.2,-54.8],[121.9,-53.7],[121.3,-52.7],[119.9,-51.5],[119.2,-50.3],[124.2,-51.1],[125,-51],[126.5,-49.6],[129,-48.7],[131.4,-50.3],[128.7,-54.1],[122.3,-55.5],[121.5,-55.3],[121.2,-54.8]]]]}},{"type":"Feature","properties":{},"geometry":{"type":"MultiPolygon","coordinates":[[[[116.3,-47.7],[118.1,-46.9],[118.4,-46.8],[121.6,-43.6],[125.9,-45.5],[130.4,-46.4],[132.6,-48.3],[132.2,-48.7],[131.6,-49.5],[130.2,-49.7],[127.2,-49.4],[125.1,-50.9],[124.4,-51.1],[120.3,-49.9],[116.3,-47.7]]]]}},{"type":"Feature","properties":{},"geometry":{"type":"MultiPolygon","coordinates":[[[[131.4,-50.3],[131.8,-49.1],[132.6,-48.3],[133,-48.2],[132.2,-52],[131.4,-50.3]]]]}},{"type":"Feature","properties":{},"geometry":{"type":"MultiPolygon","coordinates":[[[[132.4,-52],[138.1,-47.2],[140,-50.4],[140.3,-51.3],[139.8,-51.5],[139.5,-51.6],[139.7,-51.8],[139.7,-51.9],[139.6,-52.1],[139.6,-52.6],[138.9,-52.1],[132.4,-52]]]]}},{"type":"Feature","properties":{},"geometry":{"type":"MultiPolygon","coordinates":[[[[140.6,-51.2],[139,-47.4],[141.5,-47.6],[143.5,-47.7],[143.5,-48.4],[143.4,-48.8],[143.1,-49.2],[142.8,-49.7],[142.6,-50.1],[142.2,-50.3],[142.2,-50.4],[142,-50.6],[141.4,-50.9],[141,-51.1],[140.6,-51.2]]]]}},{"type":"Feature","properties":{},"geometry":{"type":"MultiPolygon","coordinates":[[[[118.1,-20.1],[118.8,-27.2],[119.6,-34.3],[114.9,-32.4],[108.9,-31.1],[107.9,-30.7],[108.2,-30.4],[108.6,-29.8],[108.7,-29.1],[109.1,-28.7],[109.5,-28.7],[109.4,-28.4],[109.4,-27.9],[109.1,-27.5],[109.7,-26.6],[110.4,-26.2],[111.4,-25.6],[111.7,-25.5],[112.1,-24.8],[111.8,-24.6],[113,-23.4],[113.5,-23.2],[113.7,-24.4],[114,-23.7],[114.2,-23.1],[114.6,-22.9],[115.1,-22.6],[115,-22.8],[115.7,-21.6],[116.3,-21],[116.6,-20.2],[116.8,-20.1],[117.1,-20.3],[117.5,-20.6],[117.9,-20.3],[118.1,-20.1]]]]}},{"type":"Feature","properties":{},"geometry":{"type":"MultiPolygon","coordinates":[[[[118.2,-20],[118,-19.7],[118.2,-19.7],[118.2,-20]]]]}},{"type":"Feature","properties":{},"geometry":{"type":"MultiPolygon","coordinates":[[[[135.5,-34.4],[134.7,-38],[129,-33.3],[127.2,-27.3],[127.8,-23.2],[132.1,-28.7],[135.5,-34.4]]]]}},{"type":"Feature","properties":{},"geometry":{"type":"MultiPolygon","coordinates":[[[[134.8,-39.2],[135.8,-34],[137,-35.1],[138.2,-36.3],[139.2,-37.8],[139.7,-39.2],[140.1,-40.9],[140.6,-42],[139.2,-42.5],[134.8,-39.2]]]]}},{"type":"Feature","properties":{},"geometry":{"type":"MultiPolygon","coordinates":[[[[127.4,-45.7],[126.9,-37.8],[129,-33.3],[134.7,-38],[133.9,-44.6],[132.6,-48.3],[129.6,-46.3],[127.4,-45.7]]]]}},{"type":"Feature","properties":{},"geometry":{"type":"MultiPolygon","coordinates":[[[[134.8,-39.2],[140.4,-43.6],[139.1,-47.3],[140.3,-47.2],[135.7,-47.7],[134.2,-42.8],[134.8,-39.2]]]]}},{"type":"Feature","properties":{},"geometry":{"type":"MultiPolygon","coordinates":[[[[112.9,-50.8],[113,-50.7],[112.9,-50.7],[112.7,-50.5],[112.7,-50.2],[112.9,-50],[112.8,-49.9],[111.4,-50],[117.8,-49],[118.6,-50.6],[115.3,-51.9],[113.6,-52],[113.3,-52.1],[113,-52.1],[112.8,-52.2],[112.3,-51.9],[113,-51.8],[113.2,-51.2],[113.1,-50.9],[112.9,-50.8]]]]}},{"type":"Feature","properties":{},"geometry":{"type":"MultiPolygon","coordinates":[[[[112.7,-40.5],[113.8,-40.5],[112.7,-40.2],[114.6,-39.7],[114.6,-40.9],[113.8,-42.3],[112.7,-40.5]]]]}},{"type":"Feature","properties":{},"geometry":{"type":"MultiPolygon","coordinates":[[[[113.2,-39.7],[114.2,-34.7],[117.7,-33.5],[119.4,-35.2],[119.8,-38.3],[120.8,-38.6],[121.7,-41.7],[120.2,-45.2],[118.1,-46.9],[113.8,-44.1],[114.6,-42.1],[114.6,-40.6],[114,-39.7],[113.2,-39.7]]]]}},{"type":"Feature","properties":{},"geometry":{"type":"MultiPolygon","coordinates":[[[[112.7,-40.5],[115,-45.9],[110.7,-49.7],[109.4,-49.5],[108.6,-48.9],[108.2,-48.8],[107.9,-48.4],[107.7,-48.4],[107.3,-48.2],[107.6,-48],[107.9,-47.9],[108.1,-47.6],[107,-47.4],[106.7,-47.5],[106.5,-47.8],[106.5,-47.2],[106.5,-46.9],[106.2,-47],[105.6,-47.2],[104.6,-46.6],[104.5,-45.1],[105,-44.5],[105.2,-44.9],[105.4,-44.7],[105.5,-44.8],[106,-45],[105.8,-44.7],[105.6,-44.3],[105.8,-43.9],[106,-43.9],[106.3,-43.5],[106.3,-42.8],[106.3,-41.5],[106.6,-39.9],[107.5,-39.5],[108,-39.8],[108.5,-39.7],[108.6,-40.1],[109,-39.9],[109.4,-40.1],[109.4,-40.5],[109.7,-40.4],[110,-40.1],[110.8,-40],[111.4,-40.4],[112.2,-40.6],[112.7,-40.5]]]]}},{"type":"Feature","properties":{},"geometry":{"type":"MultiPolygon","coordinates":[[[[107.6,-31.2],[113.4,-31.9],[113.8,-36],[112.8,-40.2],[112.6,-39.8],[112,-39.5],[111.5,-39.4],[111.1,-39.2],[110.4,-39.1],[109.7,-38.8],[109.4,-38.4],[109.4,-38],[109.4,-37.8],[109,-37.5],[108.9,-37.2],[108.6,-36.8],[108.2,-36.5],[107.5,-34.9],[107.5,-34.4],[107.2,-33.7],[107.2,-32.5],[107.6,-32],[107.6,-31.2]]]]}},{"type":"Feature","properties":{},"geometry":{"type":"MultiPolygon","coordinates":[[[[141.6,-47.5],[142.6,-47.2],[142,-47.5],[141.6,-47.5]]]]}},{"type":"Feature","properties":{},"geometry":{"type":"MultiPolygon","coordinates":[[[[140.2,-47.6],[141.2,-47.4],[141.4,-47.6],[140.2,-47.6]]]]}},{"type":"Feature","properties":{},"geometry":{"type":"MultiPolygon","coordinates":[[[[140.4,-43.6],[141.5,-43.4],[141.7,-44],[141.8,-44.4],[141.6,-45],[141.4,-45.5],[141.1,-46],[140.5,-46.3],[140.8,-46.4],[140.4,-46.8],[140.4,-43.6]]]]}},{"type":"Feature","properties":{},"geometry":{"type":"MultiPolygon","coordinates":[[[[63.9,33.4],[64.5,35.2],[65.6,37.5],[66,39.4],[66.5,40.8],[68.8,43.1],[69.4,41.2],[68,37.6],[66.5,34],[64.6,30.9],[63.9,33.4]]]]}},{"type":"Feature","properties":{},"geometry":{"type":"MultiPolygon","coordinates":[[[[63.9,33.4],[64.5,35.2],[65.6,37.5],[66,39.4],[66.5,40.8],[68.8,43.1],[69.4,41.2],[68,37.6],[66.5,34],[64.6,30.9],[63.9,33.4]]]]}}]}