{"type":"FeatureCollection","features":[{"type":"Feature","properties":{},"geometry":{"type":"MultiPolygon","coordinates":[[[[82.4,0.2],[80.6,-0.1],[79.5,0.4],[78,0.4],[76.5,-0.3],[73.3,-4.3],[71.2,-2.7],[69.9,-1.2],[71.8,-0.9],[74.5,1.3],[77.7,1.5],[79.2,1.7],[80.1,1.8],[82.4,0.2]]]]}},{"type":"Feature","properties":{},"geometry":{"type":"MultiPolygon","coordinates":[[[[87.3,-4.1],[86.6,-4.4],[86.3,-2.8],[85.2,-2.8],[83.9,-2.9],[82.4,-2.4],[81.4,-2.4],[81.3,-2.4],[81.4,-2.4],[82,-2.1],[83.2,-1.7],[86.6,-2.2],[87.3,-4.1]]]]}},{"type":"Feature","properties":{},"geometry":{"type":"MultiPolygon","coordinates":[[[[81.4,-2.9],[81.3,-2.9],[80.8,-2.9],[81.2,-2.7],[81.6,-2.7],[81.4,-2.9]]]]}},{"type":"Feature","properties":{},"geometry":{"type":"MultiPolygon","coordinates":[[[[80.4,-4.2],[77.4,-4.8],[78.5,-3.9],[79.2,-3.6],[79.7,-3.5],[80.2,-3.6],[80.4,-4],[80.4,-4.2]]]]}},{"type":"Feature","properties":{},"geometry":{"type":"MultiPolygon","coordinates":[[[[88.6,-3.1],[88.2,-3.2],[87.9,-3.6],[87,-2.8],[84,-2.1],[82.5,-1.7],[82.5,-1.2],[81.8,-1.1],[81.3,-1.2],[80.3,-1.4],[79.7,-1.7],[79,-1.3],[78.4,-1.5],[78.8,-2.4],[79,-2.6],[78.6,-3.2],[78,-4.4],[77.3,-4.8],[75.6,-6.5],[74.7,-7.3],[74.1,-7.3],[73.4,-6.5],[72.8,-5.9],[74.2,-3.1],[76.8,-0.2],[78.5,0.5],[79.8,0.2],[81,0.1],[82.6,0.2],[84.4,-0.4],[85.6,-0.9],[87.2,-1.4],[87.7,-1.9],[88.4,-2.8],[88.6,-3.1]]]]}},{"type":"Feature","properties":{},"geometry":{"type":"MultiPolygon","coordinates":[[[[49.7,-17.3],[49.5,-14.3],[49.3,-11.8],[49.6,-10.5],[51.3,-10.4],[53.2,-13.1],[54.1,-15.9],[54.5,-17],[56.1,-19.7],[57.5,-21.7],[56.8,-21.1],[54.5,-19.9],[53.9,-22.6],[53.3,-24.1],[53.1,-25.9],[52.2,-24.3],[51.7,-23.2],[50.7,-21.2],[49.9,-19.2],[49.7,-17.3]]]]}},{"type":"Feature","properties":{},"geometry":{"type":"MultiPolygon","coordinates":[[[[78.2,1.6],[75.4,2.1],[72.3,3.4],[69.4,3.2],[68.6,4.9],[73.4,4.5],[76.1,3.1],[78.2,1.6]]]]}},{"type":"Feature","properties":{},"geometry":{"type":"MultiPolygon","coordinates":[[[[53.3,-10.5],[54.9,-13.3],[54.4,-14.8],[54.1,-15.9],[53.2,-13.1],[51.3,-10.4],[53.3,-10.5]]]]}},{"type":"Feature","properties":{},"geometry":{"type":"MultiPolygon","coordinates":[[[[-64.9,-19.8],[-64.4,-19.6],[-64.1,-19.4],[-63.1,-19.1],[-62.2,-18.7],[-62.8,-18.8],[-63.7,-18.8],[-64.1,-18.8],[-63.9,-18.9],[-64.4,-19.1],[-64.6,-18.7],[-64.7,-18.4],[-65,-18.2],[-65.4,-18.3],[-67.1,-17],[-68.5,-16.2],[-68,-13],[-67.4,-9.8],[-66.4,-8.8],[-66,-10.9],[-66,-11.8],[-67,-14.1],[-68,-15.6],[-67.1,-16.2],[-65.7,-17.5],[-64.3,-18],[-62.4,-18.2],[-61.4,-18.1],[-59.5,-17.6],[-56.9,-19.1],[-55.1,-19.4],[-54.9,-19.7],[-54.6,-19.9],[-54.6,-20.4],[-54.6,-20.6],[-55,-20.6],[-55.3,-21.2],[-55.8,-21.5],[-55.9,-22.2],[-56.6,-22.1],[-57.5,-21.9],[-58,-21.5],[-58.9,-21.2],[-59.9,-20.6],[-61,-20.9],[-62.1,-20.8],[-62.6,-20.6],[-62.9,-20.7],[-63.2,-20.8],[-63.3,-20.5],[-63.9,-20.5],[-64.5,-20.1],[-64.9,-19.8]]]]}},{"type":"Feature","properties":{},"geometry":{"type":"MultiPolygon","coordinates":[[[[-65.3,-17.7],[-64.7,-15.5],[-64.5,-13.6],[-65.8,-12.6],[-66,-11.4],[-63.8,-13.7],[-63.6,-14.4],[-63.3,-14.9],[-63.1,-15.8],[-63,-16.9],[-63.6,-18],[-65.3,-17.7]]]]}},{"type":"Feature","properties":{},"geometry":{"type":"MultiPolygon","coordinates":[[[[-68.1,-0.2],[-66,-0.2],[-65.9,-0.5],[-64.5,-1.5],[-64,-1.5],[-63.5,-2.1],[-64.1,-6.1],[-66.2,-7.6],[-66.9,-4.8],[-67.2,-2.6],[-67.3,-2.4],[-67.6,-1.1],[-68.1,-0.2]]]]}},{"type":"Feature","properties":{},"geometry":{"type":"MultiPolygon","coordinates":[[[[-66,-11.4],[-66.1,-10.2],[-66.5,-8.6],[-65.5,-8.5],[-63.4,-7.7],[-62.2,-6.4],[-61.4,-6],[-61.3,-6.7],[-61.4,-9.2],[-60.9,-13.4],[-61.3,-15.6],[-61.4,-16.1],[-61.7,-17.4],[-62.4,-18.2],[-63,-16.8],[-63.2,-15.5],[-63.3,-14.8],[-63.5,-14.3],[-64.2,-13.1],[-66,-11.4]]]]}},{"type":"Feature","properties":{},"geometry":{"type":"MultiPolygon","coordinates":[[[[-68.1,-7.7],[-64.6,-6.8],[-61.7,-5.3],[-61,-5.3],[-60.6,-5.4],[-61.2,-5.8],[-62.2,-6.4],[-62.6,-6.9],[-64.3,-8.2],[-66.3,-8.7],[-67.5,-8.2],[-68.1,-7.7]]]]}},{"type":"Feature","properties":{},"geometry":{"type":"MultiPolygon","coordinates":[[[[163.9,-48.4],[165.8,-48.5],[167.2,-47.6],[174.2,-49.9],[170.4,-52.2],[166.2,-52.4],[164.1,-51],[163.9,-49.2],[163.9,-48.4]]]]}},{"type":"Feature","properties":{},"geometry":{"type":"MultiPolygon","coordinates":[[[[180,-43.7],[178.2,-45],[176.6,-46.6],[175.1,-48.2],[169.5,-47.6],[172.6,-46.4],[176.9,-44.3],[180,-43.7]]]]}},{"type":"Feature","properties":{},"geometry":{"type":"MultiPolygon","coordinates":[[[[-180,-45.1],[-178.6,-43.2],[-176.7,-42.5],[-174.1,-41.6],[-173.2,-41.8],[-173.2,-42.9],[-173.4,-43.3],[-173.5,-44.5],[-173.7,-45.4],[-176.6,-45.8],[-177.8,-45.8],[-180,-45.1]]]]}},{"type":"Feature","properties":{},"geometry":{"type":"MultiPolygon","coordinates":[[[[125.1,-63.8],[134.4,-61.3],[130.1,-64],[128.4,-64.9],[125.7,-64.4],[125.1,-63.8]]]]}},{"type":"Feature","properties":{},"geometry":{"type":"MultiPolygon","coordinates":[[[[134.7,-60.8],[125.1,-63.8],[123.6,-63.5],[125.8,-61.6],[126.5,-60.7],[134.2,-60.6],[134.7,-60.8]]]]}},{"type":"Feature","properties":{},"geometry":{"type":"MultiPolygon","coordinates":[[[[122.7,-65],[125.7,-64.4],[128.4,-64.9],[130.1,-64],[134.4,-61.3],[138.7,-60.5],[140.1,-62.2],[140.2,-63.8],[133.2,-67.5],[127.1,-67.8],[123.5,-65.1],[122.7,-65]]]]}},{"type":"Feature","properties":{},"geometry":{"type":"MultiPolygon","coordinates":[[[[180,-73.8],[163.6,-74.2],[148.9,-73.2],[136.9,-68.8],[137.7,-67.3],[142.3,-70.1],[149.3,-71.7],[164.2,-73.4],[173.8,-73.2],[180,-73.8]]]]}},{"type":"Feature","properties":{},"geometry":{"type":"MultiPolygon","coordinates":[[[[-180,-74.8],[-174,-74.5],[-173.3,-75.3],[-180,-74.8]]]]}},{"type":"Feature","properties":{},"geometry":{"type":"MultiPolygon","coordinates":[[[[180,-86.6],[-180,-88.3],[-147.1,-88.5],[-24.3,-87.3],[22.2,-85.9],[64.1,-85.1],[87.1,-85.2],[116.9,-86.6],[142.2,-86.1],[163.2,-84.9],[180,-86.6]]]]}},{"type":"Feature","properties":{},"geometry":{"type":"MultiPolygon","coordinates":[[[[180,-76.8],[180,-83.9],[176.3,-86.1],[166.7,-81.6],[173.5,-78.8],[175.4,-78.7],[175.9,-79.4],[176.8,-78.6],[175.6,-78.4],[178.1,-77.5],[180,-76.8]]]]}},{"type":"Feature","properties":{},"geometry":{"type":"MultiPolygon","coordinates":[[[[-180,-87.5],[-180,-80.3],[-176.7,-75.8],[-167.4,-77.7],[-155.7,-82.4],[-155.6,-83.1],[-152.9,-84.8],[-136,-85.7],[-143.4,-85.7],[-136.2,-86.3],[-127.4,-86.9],[-120.2,-86.9],[-111.1,-87.3],[-97.5,-87.5],[-59.9,-87.3],[-109,-88.9],[-180,-87.5]]]]}},{"type":"Feature","properties":{},"geometry":{"type":"MultiPolygon","coordinates":[[[[-70.3,-84],[-84.4,-83.6],[-93.5,-83.3],[-108.3,-82.1],[-112,-81],[-101.5,-82],[-94.7,-82.6],[-85.2,-83.2],[-76.6,-83.4],[-62.6,-83.9],[-70.3,-84]]]]}},{"type":"Feature","properties":{},"geometry":{"type":"MultiPolygon","coordinates":[[[[-2.6,-80.9],[-13.7,-84.8],[-59.5,-87.3],[-68.9,-87],[-67.6,-86.7],[-67.7,-85.9],[-65.1,-85.3],[-64.7,-84.2],[-70.4,-83.8],[-75.6,-83.1],[-71.3,-82.7],[-77.5,-82.2],[-84.4,-82.1],[-81.2,-81.7],[-82.4,-81.5],[-79.4,-81.2],[-82.1,-81.1],[-77.4,-80.2],[-60,-77.8],[-46.7,-75.6],[-30.2,-77.5],[-14.7,-77.8],[-12.8,-77.8],[-2.6,-80.9]]]]}},{"type":"Feature","properties":{},"geometry":{"type":"MultiPolygon","coordinates":[[[[-165.9,-65.9],[-165.8,-63.2],[-166.3,-62.9],[-166.5,-62.6],[-164.6,-60.9],[-164.8,-56.9],[-166.4,-53.1],[-162.9,-53.7],[-159.6,-55.3],[-159.4,-60.3],[-156.9,-63.5],[-156.3,-65.8],[-161.1,-65.8],[-165.9,-65.9]]]]}},{"type":"Feature","properties":{},"geometry":{"type":"MultiPolygon","coordinates":[[[[-132.5,-62.9],[-137.3,-59.4],[-128.8,-57.7],[-122.6,-55.1],[-120.7,-52.6],[-119.2,-51.3],[-117.9,-54],[-114.6,-51.3],[-114.4,-47.6],[-111.1,-46.7],[-110.3,-48.5],[-109.2,-50.6],[-108.5,-52.4],[-108.8,-52.4],[-109,-52.5],[-109.1,-53.1],[-109.8,-53.6],[-112.1,-54.7],[-113.1,-54.5],[-112.3,-54.8],[-112.4,-55.1],[-113.7,-55.5],[-113.9,-55.9],[-114.6,-57.1],[-114.4,-57.1],[-114.8,-57.9],[-114.7,-58],[-115,-59],[-115.1,-59.1],[-116.6,-60.3],[-117.3,-60.5],[-117.4,-60.7],[-117.8,-60.8],[-118.4,-61.1],[-119.1,-61.2],[-120.6,-61.4],[-122.4,-61.6],[-123.5,-61.6],[-124.8,-62.3],[-125.9,-62.2],[-126.3,-61.7],[-127.4,-61.1],[-127.7,-60.5],[-129.3,-59.6],[-129.6,-58.7],[-129.8,-60.2],[-129.8,-60.6],[-131,-60.6],[-131.8,-60.7],[-131.8,-61.1],[-132.3,-61.4],[-132.2,-61.8],[-133.1,-61.4],[-133.6,-61.4],[-132.6,-61.9],[-132.3,-62.6],[-132.5,-62.9]]]]}},{"type":"Feature","properties":{},"geometry":{"type":"MultiPolygon","coordinates":[[[[-131.3,-63.2],[-131.9,-62.9],[-131.2,-63.2],[-131.3,-63.2]]]]}},{"type":"Feature","properties":{},"geometry":{"type":"MultiPolygon","coordinates":[[[[-129,-62],[-129.5,-62.7],[-130.7,-62.9],[-131.5,-62.5],[-131.6,-62.3],[-131.7,-62.3],[-132,-62.1],[-131.7,-61.9],[-131.6,-61.7],[-131.9,-61.4],[-131.4,-60.6],[-130.2,-60.8],[-129.3,-60.8],[-129.3,-61],[-128.9,-61],[-128.4,-61],[-128.2,-61.4],[-129,-62]]]]}},{"type":"Feature","properties":{},"geometry":{"type":"MultiPolygon","coordinates":[[[[-128.8,-60.5],[-129.9,-59.5],[-129.2,-59.8],[-128.7,-60.2],[-128.8,-60.5]]]]}},{"type":"Feature","properties":{},"geometry":{"type":"MultiPolygon","coordinates":[[[[-132.5,-64.6],[-132.8,-64.6],[-136.1,-65.1],[-139.3,-65.5],[-139.5,-65.3],[-139.6,-65.4],[-140.7,-67.5],[-141.8,-67.9],[-141.9,-68.1],[-144.2,-68.2],[-148.2,-66.5],[-149.4,-60.1],[-150.1,-56.4],[-152.8,-51.7],[-154.7,-48.1],[-157.9,-40.7],[-154.5,-40.6],[-150.1,-41.1],[-150.3,-37.2],[-147,-36.7],[-142.8,-40.5],[-146.2,-42.5],[-151.7,-45.8],[-148.2,-47.5],[-147,-49.9],[-148.4,-53.4],[-148.2,-56.1],[-145,-57.6],[-141.7,-59.4],[-136.1,-61.9],[-132.4,-62.9],[-131,-63.4],[-131,-63.5],[-131.1,-63.8],[-131.5,-63.8],[-131.9,-64],[-131.4,-64.1],[-131.7,-64.2],[-132.1,-64.2],[-132.1,-64.5],[-132.4,-64.6],[-132.5,-64.6]]]]}},{"type":"Feature","properties":{},"geometry":{"type":"MultiPolygon","coordinates":[[[[-166.1,-65.9],[-166.2,-65.6],[-166.2,-63.6],[-165.6,-63.6],[-166,-63.4],[-165.9,-65.9],[-166.1,-65.9]]]]}},{"type":"Feature","properties":{},"geometry":{"type":"MultiPolygon","coordinates":[[[[-151.9,-54.4],[-153.1,-53],[-158.3,-51.9],[-162.2,-52.5],[-166.4,-53.1],[-164.8,-56.9],[-164.6,-60.9],[-166.9,-62.5],[-167.2,-62.4],[-168.8,-61.2],[-170.9,-59.5],[-170.6,-58.9],[-171.6,-57],[-171.9,-56.7],[-171.7,-56],[-171.7,-54],[-172,-53.5],[-170.5,-53.2],[-170.5,-53],[-169.3,-52.4],[-169,-52.3],[-169,-52],[-169.1,-52],[-168.7,-51.6],[-168.4,-51.2],[-167.9,-50.5],[-167.7,-50.4],[-166.9,-48.6],[-167,-48.4],[-166.8,-48.3],[-166.8,-48.2],[-166.6,-47.9],[-167.4,-47.5],[-167.6,-47.3],[-168.2,-46.8],[-168.6,-46.5],[-169,-46.1],[-169.1,-45.6],[-165.1,-44.1],[-159.3,-41.4],[-155.6,-46.3],[-153.9,-49.8],[-155.9,-48.4],[-156.6,-46.2],[-157.9,-44],[-158.2,-42.2],[-160.2,-42.5],[-160,-45],[-160.6,-47.6],[-161.4,-49.5],[-162.3,-51.2],[-158.9,-51.1],[-155.7,-51.4],[-153.4,-50.6],[-150.9,-55.4],[-151.9,-54.4]]]]}},{"type":"Feature","properties":{},"geometry":{"type":"MultiPolygon","coordinates":[[[[-157.9,-40.7],[-163.7,-43.5],[-169.1,-45.6],[-169.2,-45.4],[-169.3,-43.6],[-169.3,-41.1],[-169.3,-41.3],[-169.4,-41.8],[-169.3,-42.2],[-169.1,-43],[-169,-43.2],[-168.8,-42.8],[-168.3,-43],[-169,-42.4],[-168.9,-42.1],[-168.9,-41.8],[-168.9,-41.4],[-169.1,-41],[-169.3,-41],[-169.4,-40.6],[-169.8,-38.6],[-169.8,-37.9],[-168.8,-38.3],[-166.8,-40.2],[-165.3,-39.9],[-164.4,-39.7],[-163.1,-39.1],[-161.4,-38.3],[-159.3,-35.6],[-162.9,-32],[-162.6,-31.4],[-156.8,-37],[-156.5,-40],[-157.9,-40.7]]]]}},{"type":"Feature","properties":{},"geometry":{"type":"MultiPolygon","coordinates":[[[[-162.8,-38.5],[-166.8,-38.5],[-169.1,-37.1],[-168.2,-36.5],[-168.2,-36.6],[-166.6,-36],[-165.3,-36.7],[-165.6,-36.1],[-165.8,-35.9],[-166.2,-35.8],[-166.3,-35.6],[-168.2,-35.7],[-169.1,-35.1],[-169.4,-35.1],[-163.6,-32.6],[-159.1,-36.8],[-162.8,-38.5]]]]}},{"type":"Feature","properties":{},"geometry":{"type":"MultiPolygon","coordinates":[[[[-133.6,7.6],[-135.2,7.8],[-137,8.1],[-137.8,7.9],[-138.2,7.7],[-138.5,8.1],[-139,8.9],[-138.2,9.7],[-138.2,11],[-138.6,12.3],[-138.6,12.8],[-137.4,13.2],[-135.9,12.7],[-134.8,12.1],[-134.3,11.6],[-133.5,10.8],[-133.2,10.2],[-132.4,9.2],[-132.7,8.7],[-133.4,7.9],[-133.6,7.6]]]]}},{"type":"Feature","properties":{},"geometry":{"type":"MultiPolygon","coordinates":[[[[-130.4,-1.3],[-131.7,0.8],[-131.7,2],[-131.6,3.2],[-130.4,1.3],[-130.4,0.4],[-130.7,0.2],[-130.4,-1.3]]]]}},{"type":"Feature","properties":{},"geometry":{"type":"MultiPolygon","coordinates":[[[[-110.1,4.5],[-109.5,3.9],[-109.4,3.8],[-109.3,3.6],[-109,3.5],[-109.1,3.7],[-107.5,3.6],[-106.5,3],[-105.8,2.7],[-105.8,2.5],[-106,2.6],[-106.1,2.7],[-106.5,2.8],[-106.7,2.9],[-106.9,3.1],[-106.9,3],[-106.9,2.7],[-107,2.8],[-107.4,3],[-107.2,2.7],[-107.5,2.6],[-107.8,2.5],[-108.1,2.4],[-108.8,2.5],[-108.7,3.3],[-109.2,3],[-109,2.6],[-109.2,2.3],[-109.3,2],[-110.1,2.5],[-109.8,2.8],[-110,2.8],[-110.1,3.2],[-110,3.5],[-110.3,3.7],[-110.2,3.8],[-110.4,3.9],[-110.4,4.2],[-110.3,4.3],[-110.1,4.5]]]]}},{"type":"Feature","properties":{},"geometry":{"type":"MultiPolygon","coordinates":[[[[-110.9,5.5],[-110.5,4.7],[-110.7,4.3],[-110.8,4.9],[-110.9,4.7],[-111.2,4.7],[-110.9,4.4],[-111.1,4.2],[-111.3,4.1],[-111.2,3.8],[-111.3,3.4],[-111,3.2],[-110.8,3],[-110.4,2.4],[-110.5,2],[-111,1.8],[-111.2,1.7],[-111.7,2],[-111.7,2.3],[-111.8,2.4],[-111.9,3],[-112.1,3.1],[-112.1,3.4],[-112.3,3.7],[-112,3.9],[-112.3,4.2],[-112.2,4.4],[-112.3,4.5],[-112,4.8],[-111.5,4.8],[-110.8,5.4],[-110.9,5.5]]]]}},{"type":"Feature","properties":{},"geometry":{"type":"MultiPolygon","coordinates":[[[[-111.8,6.8],[-111.5,6.2],[-111.7,6.2],[-111.9,6.3],[-112,6.2],[-112.1,6.3],[-112.4,6.5],[-112.4,6.7],[-112,6.9],[-111.8,6.8]]]]}},{"type":"Feature","properties":{},"geometry":{"type":"MultiPolygon","coordinates":[[[[-111.5,5.4],[-112.5,5.4],[-112.4,5.6],[-112.3,5.8],[-111.8,5.7],[-111.6,5.6],[-111.5,5.4]]]]}},{"type":"Feature","properties":{},"geometry":{"type":"MultiPolygon","coordinates":[[[[-133.9,15.8],[-132.9,16.6],[-132.2,16.5],[-131,15.7],[-130.8,15.3],[-129.8,14.2],[-132.2,15.6],[-133.9,15.8]]]]}},{"type":"Feature","properties":{},"geometry":{"type":"MultiPolygon","coordinates":[[[[-140.5,5.8],[-144.1,5.4],[-146.4,5.5],[-147.8,6.6],[-148.2,8.6],[-148.9,10.8],[-149.4,12.2],[-150.3,14.5],[-149,15.8],[-147.5,13.9],[-146.5,12.8],[-145.3,10.9],[-144.8,11.1],[-144.4,11.6],[-143.6,11.6],[-142.3,10.9],[-141.8,10.9],[-141.1,9.8],[-139.5,8.1],[-138.3,7.3],[-138.4,7],[-139.3,6.4],[-140.5,5.8]]]]}},{"type":"Feature","properties":{},"geometry":{"type":"MultiPolygon","coordinates":[[[[-136.1,-14.1],[-136.1,-13.6],[-136.8,-13.5],[-137.1,-13.4],[-137.9,-13.1],[-138.5,-13.2],[-139.3,-13.2],[-139.6,-13.2],[-139.6,-13.1],[-139.9,-13.1],[-140.9,-11.7],[-140.7,-12.8],[-142.3,-12.9],[-143.6,-12.9],[-146.9,-12],[-150.6,-10.9],[-153.5,-10.1],[-154.7,-8.7],[-154,-6.4],[-153.1,-2.8],[-154.7,-2],[-157.4,-2.3],[-158.2,-1.9],[-157.3,-0.4],[-157.2,0.7],[-157.2,1.6],[-157.7,2.5],[-158,2.9],[-158,3.2],[-158.2,3.2],[-158.8,3.1],[-159.3,3.5],[-159.8,3.7],[-158.9,4.3],[-157.6,5.5],[-157.2,6.3],[-155.9,4.2],[-155.8,3.2],[-153.8,1.8],[-153.1,0.1],[-152.2,-2.5],[-150.2,-4.5],[-147.9,-5.5],[-145,-8],[-142.1,-9.6],[-141.7,-10.3],[-139.9,-9.7],[-140,-10.2],[-140.1,-10.4],[-140.2,-11],[-139.9,-11.1],[-139.7,-11],[-139.3,-10.7],[-139.3,-10.4],[-138.7,-10.7],[-138.8,-10.9],[-138.4,-10.8],[-137.9,-11],[-137.5,-11.5],[-137.4,-11.6],[-137.2,-11.7],[-136.5,-11.9],[-136,-12.4],[-136,-12.7],[-136.1,-13.2],[-135.9,-13.2],[-135.6,-13.8],[-136.1,-14.1]]]]}},{"type":"Feature","properties":{},"geometry":{"type":"MultiPolygon","coordinates":[[[[-141,-7.3],[-142.2,-8.1],[-144.3,-8.4],[-146.8,-6.6],[-150,-4.6],[-151.5,-3.4],[-152.3,-0.7],[-151.3,0.6],[-149.3,-0.1],[-147.7,-0.8],[-146.9,-1.2],[-146.1,-2.1],[-144.5,-3.1],[-141.9,-5.7],[-141.6,-6],[-142.6,-6.1],[-144.2,-6.5],[-144.3,-7.4],[-143,-7.2],[-142.4,-7],[-141.4,-6.9],[-141.2,-7.2],[-141.1,-7.3],[-141,-7.3]]]]}},{"type":"Feature","properties":{},"geometry":{"type":"MultiPolygon","coordinates":[[[[-149.6,0],[-153.8,1.8],[-155.8,3.2],[-155.9,4.2],[-157.2,6.3],[-156.8,7],[-156.8,8.7],[-156.5,9.6],[-155.6,10.5],[-155,10],[-154.1,8.5],[-153,7],[-153.4,6.1],[-151.1,2.5],[-149.5,0.7],[-149.2,0],[-149.6,0]]]]}},{"type":"Feature","properties":{},"geometry":{"type":"MultiPolygon","coordinates":[[[[-118,-6],[-118.2,-6.7],[-118.4,-6.5],[-118.5,-6.3],[-118.5,-6.6],[-118.8,-6.6],[-118.7,-6.8],[-118.7,-6.9],[-118.7,-7],[-119.3,-7],[-120.9,-5.5],[-121,-5.2],[-120.6,-5.1],[-120.8,-5],[-120.7,-4.9],[-120.9,-5],[-121.1,-4.9],[-120.9,-4.9],[-120.7,-4.7],[-120.8,-4.5],[-120.9,-4.7],[-121.2,-4.6],[-121.2,-4.2],[-121.4,-4],[-121.6,-3.9],[-121.7,-3.6],[-121.6,-3.4],[-121.4,-3.1],[-120.8,-3.3],[-120.6,-3.2],[-120.5,-3.9],[-120.2,-4.2],[-119.7,-4.5],[-118.6,-4.7],[-118.1,-4.4],[-118,-6]]]]}},{"type":"Feature","properties":{},"geometry":{"type":"MultiPolygon","coordinates":[[[[-118.2,-3.2],[-118.9,-2.7],[-118.2,-2.8],[-118.2,-3.2]]]]}},{"type":"Feature","properties":{},"geometry":{"type":"MultiPolygon","coordinates":[[[[-117.6,-8.1],[-117.8,-8.3],[-117.9,-8.3],[-118.1,-8.5],[-118.2,-8.6],[-118.4,-8.6],[-118.3,-8.4],[-118.3,-8.3],[-118.3,-8.1],[-118.4,-8],[-118.3,-7.8],[-118.1,-7.8],[-118.2,-7.6],[-118,-7.4],[-117.6,-8.1]]]]}},{"type":"Feature","properties":{},"geometry":{"type":"MultiPolygon","coordinates":[[[[-117.4,-8.4],[-117.6,-8.5],[-117.5,-8.3],[-117.4,-8.4]]]]}},{"type":"Feature","properties":{},"geometry":{"type":"MultiPolygon","coordinates":[[[[-120.7,-9.3],[-120.6,-9.1],[-120.6,-9],[-120.5,-8.8],[-118.9,-7],[-119.1,-7.2],[-119.1,-7.3],[-119,-7.5],[-119,-7.7],[-119.3,-7.7],[-119.1,-7.7],[-119.1,-7.8],[-118.9,-7.8],[-119,-7.9],[-119.1,-8.1],[-119.1,-8.2],[-119.4,-8.1],[-119.5,-8.4],[-119.5,-8.6],[-119.6,-8.6],[-119.8,-9],[-120,-9],[-119.7,-8.5],[-120,-8.8],[-120.1,-9],[-120.2,-9.1],[-120.3,-9.3],[-120.7,-9.3]]]]}},{"type":"Feature","properties":{},"geometry":{"type":"MultiPolygon","coordinates":[[[[-118.9,-8],[-119,-8.1],[-119.1,-8.1],[-118.9,-8]]]]}},{"type":"Feature","properties":{},"geometry":{"type":"MultiPolygon","coordinates":[[[[-53.9,-47.1],[-54.1,-47.5],[-54.3,-47.9],[-54.3,-48.1],[-53.9,-48.3],[-54.3,-48.5],[-54.7,-48.7],[-55.3,-48.8],[-55.3,-49],[-55.4,-49.2],[-56.2,-49],[-56.4,-48.5],[-55.7,-47.8],[-55,-47.4],[-54.3,-47],[-53.7,-47],[-53.9,-47.1]]]]}},{"type":"Feature","properties":{},"geometry":{"type":"MultiPolygon","coordinates":[[[[-51.3,-49.5],[-52.2,-49.6],[-52.4,-49.3],[-51.3,-49.5]]]]}},{"type":"Feature","properties":{},"geometry":{"type":"MultiPolygon","coordinates":[[[[-52.8,-48.8],[-52.7,-48.9],[-52.7,-49.3],[-53.2,-49.4],[-53.4,-49.8],[-53.6,-50.1],[-53.8,-49.7],[-53.7,-49.6],[-54.1,-49.2],[-54.2,-48.9],[-53.6,-48.8],[-53.5,-48.9],[-53.6,-49.1],[-53.4,-49.2],[-53.3,-48.8],[-52.8,-48.8]]]]}},{"type":"Feature","properties":{},"geometry":{"type":"MultiPolygon","coordinates":[[[[-54.5,-49.2],[-55.1,-49.5],[-55.3,-49],[-55,-49],[-54.7,-49.2],[-54.6,-49.2],[-54.5,-49.2]]]]}},{"type":"Feature","properties":{},"geometry":{"type":"MultiPolygon","coordinates":[[[[-54.1,-50.1],[-54.4,-49.8],[-53.9,-49.9],[-54.1,-50.1]]]]}},{"type":"Feature","properties":{},"geometry":{"type":"MultiPolygon","coordinates":[[[[-52.3,-50.3],[-52.1,-50.6],[-52.4,-50.6],[-52.6,-50.6],[-52.5,-50.4],[-52.3,-50.4],[-52.6,-50.4],[-52.3,-50.3]]]]}},{"type":"Feature","properties":{},"geometry":{"type":"MultiPolygon","coordinates":[[[[180,-43.1],[176.9,-44.3],[172.6,-46.4],[169.5,-47.6],[167.5,-46.7],[168.6,-45.8],[169.9,-45.5],[173.7,-44],[176.3,-43.4],[179.9,-43.1],[180,-43.1]]]]}},{"type":"Feature","properties":{},"geometry":{"type":"MultiPolygon","coordinates":[[[[-180,-43.7],[-178.2,-42.5],[-175.5,-41.8],[-175.4,-41.1],[-176.8,-39.7],[-178.7,-37.8],[-175.9,-39.1],[-173.5,-40.6],[-173.4,-41.1],[-175.7,-42.4],[-177.9,-42.9],[-179.6,-43.7],[-180,-43.7]]]]}},{"type":"Feature","properties":{},"geometry":{"type":"MultiPolygon","coordinates":[[[[157.1,-45.4],[160.5,-44.3],[160.6,-43.8],[161.1,-43.9],[161.8,-44.5],[163,-45],[164.9,-45.9],[165.6,-46.1],[168.4,-47.4],[166.8,-47.6],[164.4,-47.2],[161.1,-47.4],[156.8,-47],[157.1,-45.8],[157.3,-45.3],[157.1,-45.4]]]]}},{"type":"Feature","properties":{},"geometry":{"type":"MultiPolygon","coordinates":[[[[81.9,-70.7],[85.5,-70],[86.8,-70],[88.8,-69.8],[96.2,-67.9],[97.4,-68.2],[100,-67.1],[100.8,-66.9],[104.3,-68],[100.9,-68.8],[97.2,-70.6],[81.4,-71.3],[81.9,-70.7]]]]}},{"type":"Feature","properties":{},"geometry":{"type":"MultiPolygon","coordinates":[[[[94.2,-65.4],[98.7,-64.1],[100.4,-63.8],[103.7,-65],[104.8,-65.7],[104.5,-65.6],[103,-65.6],[102.6,-65.8],[99.8,-66.7],[98.9,-67],[96.8,-66.5],[94.8,-67.1],[94.4,-65.8],[94.2,-65.4]]]]}},{"type":"Feature","properties":{},"geometry":{"type":"MultiPolygon","coordinates":[[[[59,-70],[58.8,-70.2],[57.2,-70.4],[59,-70]]]]}},{"type":"Feature","properties":{},"geometry":{"type":"MultiPolygon","coordinates":[[[[77.4,-70.7],[76.4,-70.7],[74.9,-70.5],[77.2,-70.7],[77.4,-70.7]]]]}},{"type":"Feature","properties":{},"geometry":{"type":"MultiPolygon","coordinates":[[[[75.9,-69.4],[75.6,-70.1],[75.5,-69.9],[75.8,-69.6],[75.9,-69.4]]]]}},{"type":"Feature","properties":{},"geometry":{"type":"MultiPolygon","coordinates":[[[[78.2,-70.7],[79.7,-70.9],[81.9,-70.7],[79.3,-74.2],[75.2,-77.9],[64.8,-81],[37,-82.5],[12,-85.2],[-17.2,-85.6],[-0.5,-81.2],[4.9,-80.9],[5.9,-81],[6.7,-81.3],[13.6,-81.8],[24.8,-81.6],[34.4,-82.2],[49.3,-81.6],[57.8,-80.3],[52.2,-79.4],[53.9,-77.8],[59.1,-77.2],[61.3,-76.9],[66.8,-76],[70.6,-74.5],[72.1,-73.8],[73.1,-72.4],[72.6,-72.1],[73.2,-71.8],[73.2,-71.5],[73.7,-70.8],[74.7,-70.8],[75.1,-70.6],[74.7,-70.6],[76.4,-70.7],[77.3,-70.7],[78.2,-70.7]]]]}},{"type":"Feature","properties":{},"geometry":{"type":"MultiPolygon","coordinates":[[[[64.8,-67.3],[66.1,-68.4],[65.9,-69],[64.5,-69.2],[64.8,-68.2],[64.8,-67.3]]]]}},{"type":"Feature","properties":{},"geometry":{"type":"MultiPolygon","coordinates":[[[[36,-74.2],[36.7,-74.5],[36,-74.5],[36,-74.2]]]]}},{"type":"Feature","properties":{},"geometry":{"type":"MultiPolygon","coordinates":[[[[102.2,-70.1],[105.7,-70.8],[106.1,-71.7],[108.6,-72],[111.9,-72.8],[103.8,-72.1],[86.2,-71.6],[90.4,-71],[102.2,-70.1]]]]}},{"type":"Feature","properties":{},"geometry":{"type":"MultiPolygon","coordinates":[[[[114.4,-59.7],[114.5,-59.1],[115.5,-58.3],[116.1,-57.4],[116.6,-57.5],[117.8,-57.9],[117.2,-57.4],[121.2,-57.4],[121.8,-57.8],[124.2,-58.5],[123,-59.1],[121.5,-59.4],[120.3,-59.9],[119.7,-60.4],[117.8,-60.7],[115.9,-61.1],[114.4,-59.7]]]]}},{"type":"Feature","properties":{},"geometry":{"type":"MultiPolygon","coordinates":[[[[114.4,-59.7],[113.9,-61.9],[113.2,-61.7],[113.6,-61.3],[113.6,-61.1],[114.5,-59.7],[114.4,-59.7]]]]}},{"type":"Feature","properties":{},"geometry":{"type":"MultiPolygon","coordinates":[[[[112.5,-61.8],[112.3,-61.7],[112.6,-62],[112.2,-62],[112.5,-61.8]]]]}},{"type":"Feature","properties":{},"geometry":{"type":"MultiPolygon","coordinates":[[[[-77.4,-80.2],[-92.2,-79.6],[-101.9,-79.1],[-111.6,-77],[-118.6,-76.1],[-114.2,-75.4],[-113.8,-73.2],[-113.7,-72.6],[-116.6,-70.8],[-113.7,-69],[-110.7,-70.3],[-104.8,-70.4],[-95.6,-68.6],[-99.1,-66.6],[-94.5,-66.2],[-89.2,-65.3],[-84.5,-68.3],[-81.6,-73.1],[-75.4,-76],[-71.6,-76.8],[-67.9,-75.9],[-71.8,-71.7],[-70.6,-69.3],[-66.4,-71.9],[-62.9,-74.2],[-54.5,-76.2],[-71.9,-79.5],[-77.4,-80.2]]]]}},{"type":"Feature","properties":{},"geometry":{"type":"MultiPolygon","coordinates":[[[[-120.9,-75.9],[-126.6,-76.4],[-134.3,-75.4],[-136.7,-73.4],[-140.3,-69.4],[-140.1,-69.3],[-139.4,-69.8],[-138.7,-70],[-138.3,-70.4],[-137.9,-70.4],[-137.7,-70.6],[-137,-70.7],[-136.8,-70.8],[-137.3,-70.5],[-137.7,-70.2],[-137.1,-70.2],[-136.7,-70.4],[-135.7,-70.2],[-134.3,-70.4],[-134.5,-70.3],[-133.1,-70.5],[-133.3,-70.3],[-132.8,-70.2],[-133.5,-70.2],[-135.1,-70.1],[-135.7,-70],[-136.1,-70],[-136.7,-70.1],[-137.5,-70.1],[-137.5,-69.9],[-138.3,-69.9],[-138,-69.8],[-139,-69.6],[-139.1,-69.5],[-139.5,-69.4],[-139.5,-69.1],[-138.3,-69.1],[-138,-69],[-140,-68.9],[-140.2,-68.6],[-137.7,-66.5],[-133.4,-65.9],[-132.9,-65.8],[-129.5,-64.2],[-127.9,-62.9],[-126.4,-63.3],[-123.1,-65.8],[-115.4,-65.6],[-111.5,-63],[-100.1,-66.3],[-95.5,-67.7],[-101.5,-70.7],[-109.6,-70.2],[-113.2,-69.1],[-116,-70.1],[-113.8,-72.3],[-114.1,-73],[-113.3,-74.9],[-120.9,-75.9]]]]}},{"type":"Feature","properties":{},"geometry":{"type":"MultiPolygon","coordinates":[[[[-169.4,-35.8],[-170.1,-34.6],[-169.8,-32.4],[-166,-31.6],[-165.8,-34.2],[-169.4,-35.8]]]]}},{"type":"Feature","properties":{},"geometry":{"type":"MultiPolygon","coordinates":[[[[-114.4,-47.6],[-119,-49.1],[-123,-51.3],[-127.5,-50.9],[-134.5,-52.7],[-140.2,-55.1],[-143.6,-53.9],[-141.8,-52.4],[-138.3,-50.4],[-133.6,-47.6],[-134.5,-49.7],[-133.1,-49.4],[-132.1,-48.7],[-131.8,-47.1],[-123.3,-44.8],[-118.6,-44],[-116.4,-43.8],[-114.7,-44.5],[-112.5,-45.6],[-113.9,-47.4],[-114.4,-47.6]]]]}},{"type":"Feature","properties":{},"geometry":{"type":"MultiPolygon","coordinates":[[[[-166.1,-69.7],[-159.8,-67.1],[-153.3,-65.3],[-154.6,-67.3],[-161.4,-69.8],[-163.6,-70.7],[-164.3,-70.5],[-165.1,-70.2],[-166.1,-69.7]]]]}},{"type":"Feature","properties":{},"geometry":{"type":"MultiPolygon","coordinates":[[[[-153.7,13.6],[-155.7,14.3],[-154.6,15.8],[-154.1,16.3],[-153.5,15.4],[-153.6,13.8],[-153.7,13.6]]]]}},{"type":"Feature","properties":{},"geometry":{"type":"MultiPolygon","coordinates":[[[[-155.4,10.9],[-156.2,11.9],[-157,11.7],[-157.2,12.6],[-156.3,13.6],[-153.8,13.5],[-154.5,12.8],[-155.2,11.6],[-155.4,10.9]]]]}},{"type":"Feature","properties":{},"geometry":{"type":"MultiPolygon","coordinates":[[[[-133.8,12],[-134.3,13.4],[-130.8,14],[-128.7,13],[-127.5,11.4],[-127.1,10.7],[-127.4,10.8],[-129,11.9],[-131,12.5],[-133.6,12.1],[-133.8,12]]]]}},{"type":"Feature","properties":{},"geometry":{"type":"MultiPolygon","coordinates":[[[[-140.8,-5.9],[-141.9,-5.7],[-144,-3.7],[-145.7,-2.6],[-145,-2.5],[-143.8,-2.6],[-143.2,-2.4],[-141.6,-2.7],[-141.4,-3.2],[-140.9,-4.5],[-140.8,-5.7],[-140.8,-5.9]]]]}},{"type":"Feature","properties":{},"geometry":{"type":"MultiPolygon","coordinates":[[[[-148.4,-0.2],[-150.6,2.1],[-152.5,4.4],[-153.4,6.8],[-153.3,7.6],[-154.5,9.1],[-155.4,10.9],[-155.2,11.6],[-154.5,12.8],[-153.8,13.5],[-150,13.8],[-149.3,12],[-148.5,11.1],[-148.1,8],[-147.2,6],[-146.7,5.3],[-145.6,3.9],[-145.4,2.1],[-145.5,1.2],[-145.6,0.5],[-144.4,-0.9],[-144.3,-2.2],[-146.6,-0.8],[-147.4,-0.3],[-148.4,-0.2]]]]}},{"type":"Feature","properties":{},"geometry":{"type":"MultiPolygon","coordinates":[[[[-155.2,-39.3],[-150.6,-36.7],[-149.5,-40.7],[-153.7,-41.8],[-155.2,-39.3]]]]}},{"type":"Feature","properties":{},"geometry":{"type":"MultiPolygon","coordinates":[[[[-155.2,-39.3],[-159.9,-34.3],[-162.1,-31],[-157.9,-34],[-152.1,-37.6],[-155.2,-39.3]]]]}},{"type":"Feature","properties":{},"geometry":{"type":"MultiPolygon","coordinates":[[[[-116.7,-6.9],[-117.4,-6],[-117.7,-4],[-117.6,-3.8],[-117.3,-3.3],[-117.3,-3.1],[-117.1,-2.8],[-117,-2.7],[-117.2,-2.5],[-117.1,-2.3],[-116.8,-2.1],[-116.5,-2],[-116.7,-1.7],[-116.5,-1.6],[-116.6,-1.5],[-116.2,-1],[-116.1,-0.9],[-116,-0.8],[-116,-0.7],[-116.3,-0.7],[-116.7,-0.8],[-116.7,-0.6],[-116.8,-0.2],[-117,-0.1],[-117,0.1],[-117,0.9],[-117.1,1.2],[-116.7,1.5],[-116.9,1.7],[-117,1.7],[-117.1,2.1],[-116.6,2.6],[-116.4,1.9],[-116,1.4],[-116.1,1.3],[-115.8,1.2],[-115.5,1.5],[-115.3,1.8],[-115.1,1.3],[-114.9,1.4],[-114.7,1.5],[-114.3,1.8],[-114.1,1.8],[-114,1.8],[-113.8,1.7],[-113.7,1.4],[-113.4,1.3],[-113.7,0.5],[-114.3,0.3],[-114.8,0.3],[-114.7,0.1],[-114.6,-0.1],[-114.5,0],[-114.4,-0.2],[-114.5,-0.3],[-114.7,-0.6],[-114.4,-0.3],[-114.3,-0.6],[-114.2,-0.3],[-113.8,-0.8],[-113.8,-1.2],[-114.3,-1.1],[-114.3,-1.3],[-114.5,-1.5],[-114.7,-1.6],[-115,-1.8],[-114.3,-1.8],[-114.3,-2],[-114.6,-2],[-114.6,-2.1],[-114.6,-2.2],[-114.2,-2.3],[-114.6,-2.7],[-115.1,-2.8],[-114.6,-3],[-114.7,-3.2],[-115.2,-3],[-115,-3.2],[-114.5,-3.5],[-114.9,-3.5],[-114.5,-3.6],[-114.8,-4],[-115.3,-3.9],[-115.1,-3.8],[-115.4,-4],[-115.2,-4.1],[-114.9,-4.2],[-115,-4.8],[-115.6,-4.2],[-115.4,-4.7],[-115.6,-4.9],[-115.7,-4.5],[-115.9,-4.5],[-115.7,-4.7],[-115.9,-4.9],[-116,-4.8],[-116.2,-4.5],[-116.2,-4.9],[-116.3,-5.2],[-116.2,-5.3],[-116.1,-5.4],[-116.4,-5.3],[-116.2,-5.4],[-116.3,-5.5],[-116.5,-5.9],[-116.3,-5.9],[-116.6,-6.1],[-116.3,-6.1],[-116.2,-6.2],[-116.2,-6.3],[-116.1,-6.4],[-116.3,-6.5],[-116.2,-6.7],[-116.3,-6.8],[-116.4,-7.1],[-116.7,-6.9]]]]}},{"type":"Feature","properties":{},"geometry":{"type":"MultiPolygon","coordinates":[[[[-113.9,2],[-115.3,1.8],[-115.9,1.3],[-116,1.4],[-116.3,1.8],[-116.2,2.7],[-115.5,3],[-114.9,3],[-114.7,2.9],[-114.2,2.8],[-113.5,2],[-113.9,2]]]]}},{"type":"Feature","properties":{},"geometry":{"type":"MultiPolygon","coordinates":[[[[-113.1,0.5],[-113.2,-0.4],[-113.5,-0.7],[-114,0],[-113.6,0.4],[-113.4,0.7],[-113.1,0.5]]]]}},{"type":"Feature","properties":{},"geometry":{"type":"MultiPolygon","coordinates":[[[[-118.2,-3.2],[-118.2,-2.7],[-117.7,-2.9],[-118.2,-3.2]]]]}},{"type":"Feature","properties":{},"geometry":{"type":"MultiPolygon","coordinates":[[[[-117.6,-3.2],[-117.6,-3.6],[-117.8,-3.1],[-117.6,-3.2]]]]}},{"type":"Feature","properties":{},"geometry":{"type":"MultiPolygon","coordinates":[[[[-117.5,-1.4],[-117.5,-1.2],[-117.1,-1.5],[-117.5,-1.4]]]]}},{"type":"Feature","properties":{},"geometry":{"type":"MultiPolygon","coordinates":[[[[-116.8,-0.9],[-117.1,-0.8],[-117,-0.7],[-117,-0.6],[-116.8,-0.9]]]]}},{"type":"Feature","properties":{},"geometry":{"type":"MultiPolygon","coordinates":[[[[-52.5,-75.7],[-65.8,-73.4],[-68.2,-71],[-62.9,-70.5],[-51.7,-73.4],[-52.5,-75.7]]]]}},{"type":"Feature","properties":{},"geometry":{"type":"MultiPolygon","coordinates":[[[[-117.6,-0.6],[-118.4,0.5],[-118.2,0.4],[-118.2,0.7],[-118.1,0.8],[-117.8,0.9],[-117.6,0.9],[-117.5,0.3],[-117.5,-0.1],[-117.6,-0.2],[-117.6,-0.5],[-117.6,-0.6]]]]}},{"type":"Feature","properties":{},"geometry":{"type":"MultiPolygon","coordinates":[[[[-120.5,-8.8],[-120.5,-8.7],[-120.6,-8.7],[-120.5,-8.2],[-120.6,-8.3],[-120.6,-8.1],[-120.4,-7.7],[-120.5,-7.5],[-120.5,-8.8]]]]}},{"type":"Feature","properties":{},"geometry":{"type":"MultiPolygon","coordinates":[[[[-121.6,-9.2],[-121.1,-8.8],[-121.3,-9],[-121.2,-9.1],[-121.5,-9.2],[-121.6,-9.2]]]]}},{"type":"Feature","properties":{},"geometry":{"type":"MultiPolygon","coordinates":[[[[-121.4,-10],[-121.7,-9.9],[-121.4,-9.9],[-121.4,-10]]]]}},{"type":"Feature","properties":{},"geometry":{"type":"MultiPolygon","coordinates":[[[[144.1,-51],[144.5,-50.8],[144.7,-50.7],[145.6,-51.3],[145.2,-52.6],[142.4,-56.9],[139,-57.9],[138.5,-58.4],[133.5,-59],[132.4,-57.8],[131.7,-56.9],[130.7,-57.7],[129.9,-57.9],[129.2,-58.5],[130.7,-58.9],[131.8,-58.9],[128.7,-60],[125.2,-59.2],[122.9,-58.6],[122.1,-58.2],[126.9,-57.2],[135.6,-54.4],[144.1,-51]]]]}},{"type":"Feature","properties":{},"geometry":{"type":"MultiPolygon","coordinates":[[[[128,-59.3],[131.4,-58.8],[133.5,-59.3],[134.5,-60.6],[128.8,-60.4],[125.8,-61.2],[124.8,-62.8],[124.8,-63.7],[120.3,-64.2],[128,-59.3]]]]}},{"type":"Feature","properties":{},"geometry":{"type":"MultiPolygon","coordinates":[[[[100,-60.5],[104.1,-59.5],[106.3,-58.4],[110,-58.9],[112.3,-58.5],[114.4,-58.1],[111.8,-59.1],[111.4,-59.5],[111.2,-59.3],[108.6,-59.9],[108.3,-60.3],[105.7,-61.9],[104.9,-62.2],[103.8,-62.6],[103,-63.3],[101.2,-63.2],[98.4,-61.5],[100,-60.5]]]]}},{"type":"Feature","properties":{},"geometry":{"type":"MultiPolygon","coordinates":[[[[108.9,-60.8],[109.2,-60.3],[109.1,-60.5],[108.9,-60.8]]]]}},{"type":"Feature","properties":{},"geometry":{"type":"MultiPolygon","coordinates":[[[[156,-57.3],[156.3,-56.8],[157.3,-56.5],[156,-57.3]]]]}},{"type":"Feature","properties":{},"geometry":{"type":"MultiPolygon","coordinates":[[[[153.3,-50.5],[155.5,-51.9],[157,-54.8],[156.4,-55.7],[155.8,-56.3],[153.9,-56.7],[151.6,-57],[151.6,-56.8],[155.4,-55.3],[155.6,-53],[154.8,-51.1],[153.4,-50.6],[153.3,-50.5]]]]}},{"type":"Feature","properties":{},"geometry":{"type":"MultiPolygon","coordinates":[[[[98,-61.2],[97.8,-62],[99.1,-63.2],[103.1,-61.9],[105.8,-61.4],[104,-62.3],[99.8,-63.6],[97.6,-64.1],[95.2,-64.1],[94.6,-62.6],[95.3,-62],[96.8,-61.5],[98,-61.2]]]]}},{"type":"Feature","properties":{},"geometry":{"type":"MultiPolygon","coordinates":[[[[114.6,-53.4],[120.8,-51.8],[124.1,-50.3],[133.1,-51.6],[137.2,-51.6],[138.7,-51.5],[138.9,-51.5],[139.3,-51.7],[139.4,-51.6],[139.7,-51.6],[140.2,-51.6],[141.1,-51.5],[141.8,-51.4],[142.9,-51.1],[143.7,-50.9],[144.1,-51],[137.9,-53.6],[128.9,-56.9],[121.8,-58],[119.8,-57.1],[118.7,-56.5],[116.8,-55.4],[115,-53.8],[114.6,-53.4]]]]}},{"type":"Feature","properties":{},"geometry":{"type":"MultiPolygon","coordinates":[[[[119.8,-56.5],[121.2,-57.4],[122.1,-58.3],[119.5,-57],[119.8,-56.5]]]]}},{"type":"Feature","properties":{},"geometry":{"type":"MultiPolygon","coordinates":[[[[-117.4,-8.4],[-117.9,-7.4],[-117.8,-7.5],[-117.7,-7.4],[-117.6,-7.1],[-117.9,-6.9],[-117.7,-6.6],[-117.7,-6.5],[-117.8,-6.3],[-117.9,-6.4],[-118,-6.3],[-118,-6],[-116.7,-6.9],[-116.6,-7],[-116.4,-7.3],[-116.2,-7.3],[-116.8,-7.4],[-116.7,-7.5],[-116.5,-7.7],[-116.4,-7.8],[-116.3,-7.9],[-116.4,-8.1],[-116.5,-8.1],[-116.8,-8.2],[-116.9,-8.2],[-116.9,-8.1],[-117.1,-8.1],[-117.2,-8.2],[-117.3,-8.4],[-117.4,-8.4]]]]}},{"type":"Feature","properties":{},"geometry":{"type":"MultiPolygon","coordinates":[[[[148.6,-2.1],[148.7,-2.2],[148.8,-2.2],[148.9,-2.3],[149,-2.3],[149.1,-2.4],[149.1,-2.5],[149.1,-2.4],[149,-2.4],[148.9,-2.4],[148.9,-2.5],[148.8,-2.5],[149.1,-2.6],[149,-2.6],[149.2,-2.8],[149.1,-2.8],[149,-2.9],[149.2,-2.8],[149.2,-2.9],[149.3,-2.9],[149.2,-3],[149.3,-3],[149.3,-3.1],[149.4,-3.1],[149.4,-3.2],[149.3,-3.2],[149.3,-3.3],[149.2,-3.3],[149.1,-3.4],[149,-3.5],[149,-3.6],[148.9,-3.6],[148.8,-3.6],[148.9,-3.4],[148.8,-3.4],[148.8,-3.5],[148.7,-3.5],[148.6,-3.5],[148.7,-3.6],[148.6,-3.6],[148.5,-3.6],[148.4,-3.6],[148.3,-3.6],[148.2,-3.6],[148.2,-3.5],[148.1,-3.5],[148,-3.5],[148,-3.4],[147.9,-3.4],[147.9,-3.3],[147.8,-3.3],[147.7,-3.2],[147.6,-3.2],[147.6,-3.1],[147.5,-3.1],[147.4,-3.1],[147.4,-3],[147.3,-3],[147.3,-2.9],[147.2,-2.8],[147.2,-2.7],[147.2,-2.6],[147.2,-2.5],[147.2,-2.4],[147.3,-2.4],[147.3,-2.3],[147.4,-2.3],[147.5,-2.3],[147.6,-2.2],[147.7,-2.2],[147.8,-2.1],[148,-2.1],[148.1,-2.1],[148.4,-2.1],[148.6,-2.1]]]]}},{"type":"Feature","properties":{},"geometry":{"type":"MultiPolygon","coordinates":[[[[147.3,-1.8],[147.4,-1.8],[147.5,-1.8],[147.6,-1.8],[147.7,-1.9],[147.8,-1.9],[147.9,-1.9],[148,-1.9],[148.1,-1.9],[148.1,-2],[148.2,-2],[148.3,-2],[148.4,-2],[148.5,-2.1],[148.4,-2.1],[148.1,-2.1],[148,-2.1],[147.8,-2.1],[147.7,-2.2],[147.6,-2.2],[147.5,-2.3],[147.4,-2.3],[147.3,-2.3],[147.3,-2.4],[147.2,-2.4],[147.2,-2.5],[147.2,-2.6],[147.2,-2.7],[147.2,-2.8],[147.3,-2.9],[147.3,-3],[147.4,-3],[147.4,-3.1],[147.5,-3.1],[147.6,-3.1],[147.6,-3.2],[147.7,-3.2],[147.8,-3.3],[147.9,-3.3],[147.9,-3.4],[148,-3.4],[148,-3.5],[148.1,-3.5],[148.2,-3.5],[148.2,-3.6],[148.3,-3.6],[148.2,-3.6],[148.1,-3.6],[147.9,-3.6],[147.8,-3.6],[147.7,-3.5],[147.6,-3.5],[147.6,-3.4],[147.7,-3.4],[147.9,-3.4],[147.8,-3.3],[147.7,-3.3],[147.6,-3.3],[147.5,-3.4],[147.4,-3.3],[147.2,-3.3],[147.2,-3.2],[147.1,-3.1],[147,-3.1],[147,-3],[146.9,-2.9],[147,-2.8],[147,-2.7],[147,-2.6],[147,-2.5],[146.9,-2.5],[146.9,-2.4],[147,-2.3],[147.1,-2.1],[147.1,-2],[147.2,-2],[147.2,-1.9],[147.3,-1.8]]]]}},{"type":"Feature","properties":{},"geometry":{"type":"MultiPolygon","coordinates":[[[[129.6,-48],[130.9,-48.3],[130.4,-48.8],[129.3,-49.9],[127.5,-49.3],[128.1,-48.9],[129.6,-48]]]]}},{"type":"Feature","properties":{},"geometry":{"type":"MultiPolygon","coordinates":[[[[131,-48.5],[133.5,-48.1],[134.6,-47.2],[135.6,-46.5],[138.4,-46.3],[138.9,-45.5],[140.5,-45.1],[141.9,-44.5],[141.8,-46.1],[140.2,-47.4],[140,-48.3],[137.7,-50],[134.8,-49.4],[132,-49.5],[130,-49.3],[131,-48.5]]]]}},{"type":"Feature","properties":{},"geometry":{"type":"MultiPolygon","coordinates":[[[[146.1,-2.9],[146.3,-2.7],[146.3,-2.6],[146.5,-2.5],[146.7,-2.4],[147,-2.3],[146.9,-2.4],[146.9,-2.5],[147,-2.5],[147,-2.6],[147,-2.7],[147,-2.8],[146.9,-2.9],[147,-3],[147,-3.1],[147.1,-3.1],[147.2,-3.2],[147.2,-3.3],[147,-3.3],[146.8,-3.3],[146.7,-3.3],[146.6,-3.2],[146.4,-3.2],[146.3,-3.1],[146.3,-3.2],[146.2,-3.1],[146.2,-3],[146.1,-3],[146,-2.9],[146.1,-2.9]]]]}},{"type":"Feature","properties":{},"geometry":{"type":"MultiPolygon","coordinates":[[[[133.4,-37.8],[133.4,-38.5],[134,-39.2],[133.8,-39.4],[135.4,-40.1],[136.4,-40.1],[135.7,-40.6],[133.1,-39.5],[133.4,-37.8]]]]}},{"type":"Feature","properties":{},"geometry":{"type":"MultiPolygon","coordinates":[[[[127.5,-31.5],[128.5,-32.1],[129.1,-32.6],[127.9,-34.3],[127.5,-31.5]]]]}},{"type":"Feature","properties":{},"geometry":{"type":"MultiPolygon","coordinates":[[[[127.9,-34.3],[130.1,-35.7],[130.5,-36.2],[132.1,-38.3],[128.1,-39.7],[127.1,-39],[126.8,-36.4],[127.9,-34.3]]]]}},{"type":"Feature","properties":{},"geometry":{"type":"MultiPolygon","coordinates":[[[[127.3,-40],[130.2,-39],[133.1,-39.5],[135.7,-40.6],[138.8,-41.8],[138.8,-43.7],[137.7,-45.3],[135.3,-45.5],[134.3,-45.6],[133.5,-45.8],[132.6,-46],[132.5,-46],[131.9,-46],[131.1,-46],[130.9,-46.1],[130.7,-46.1],[130.2,-46],[129.8,-46],[129.3,-45.9],[128.7,-46],[128.5,-45.9],[127.9,-46],[127.5,-45.8],[127.3,-45.7],[127.4,-45.9],[127,-45.9],[126.6,-45.8],[125.9,-45.8],[124.9,-45.3],[124.6,-45.3],[124.5,-45.3],[124.3,-45.3],[124.7,-44.8],[127,-42.3],[127.3,-40]]]]}},{"type":"Feature","properties":{},"geometry":{"type":"MultiPolygon","coordinates":[[[[143.5,-40.8],[143.1,-40.9],[142.5,-40.9],[142.7,-41.4],[143.2,-42.3],[143.4,-42.6],[143.1,-42.3],[142.4,-41.4],[141.9,-41],[141.9,-40.7],[143.5,-40.8]]]]}},{"type":"Feature","properties":{},"geometry":{"type":"MultiPolygon","coordinates":[[[[90.5,-13.6],[90.7,-13.1],[91.8,-13.4],[92.1,-13.8],[91.9,-13.7],[92,-13.4],[91.4,-13],[95.3,-13.9],[99.4,-16.1],[105.9,-15.8],[105.8,-15.9],[105.9,-15.9],[106.2,-15.9],[106.2,-16],[106.4,-16.2],[106.6,-16.2],[106.9,-16.3],[108,-17.1],[108,-19.5],[103.7,-19.9],[99.4,-19.2],[96,-16.2],[91.5,-14.6],[90.5,-13.6]]]]}},{"type":"Feature","properties":{},"geometry":{"type":"MultiPolygon","coordinates":[[[[94.9,-19.2],[94,-16.4],[95.8,-18.2],[97.2,-21.1],[98.1,-23.3],[101.1,-25],[103.9,-24],[105.6,-22.6],[108,-19.5],[108.5,-21.5],[106.8,-24.2],[102.9,-26.2],[102,-25.6],[98.4,-25],[95.7,-21.2],[94.9,-19.2]]]]}},{"type":"Feature","properties":{},"geometry":{"type":"MultiPolygon","coordinates":[[[[77.2,-9.1],[74.7,-7.9],[74.9,-7.2],[76.1,-5.9],[77.4,-4.8],[80.4,-4.2],[80.9,-4.5],[80.9,-4.9],[80.8,-5.1],[80.7,-5],[80.7,-4.8],[80.5,-4.8],[80.2,-4.7],[80,-4.8],[79.5,-4.6],[79.4,-4.8],[79.2,-4.8],[78.9,-4.8],[78.7,-4.9],[78.5,-5],[78.3,-5],[77.6,-5.3],[77.6,-5.9],[77.9,-6.4],[77.8,-6.9],[77.5,-7.9],[77.6,-8.7],[77.4,-8.9],[77.1,-8.5],[76.9,-8.3],[76.9,-8.4],[77.2,-9.1]]]]}},{"type":"Feature","properties":{},"geometry":{"type":"MultiPolygon","coordinates":[[[[86.6,-4.4],[86,-4.4],[85.5,-4.7],[85.3,-4.8],[84.5,-5.2],[83.2,-4.7],[83.5,-4.5],[83.8,-4.5],[84,-4],[84.3,-3.9],[84,-3.7],[83.6,-3.5],[83.6,-3.1],[83.2,-3],[83,-2.9],[82.7,-2.9],[82.2,-2.8],[81.7,-3],[81.5,-3],[81.7,-2.7],[82.9,-2.7],[84.2,-2.9],[85.4,-2.8],[86.6,-3],[86.6,-4.4]]]]}},{"type":"Feature","properties":{},"geometry":{"type":"MultiPolygon","coordinates":[[[[84.8,-9.1],[84.4,-8.9],[84.3,-8.9],[84.1,-9],[84,-8.8],[83.7,-8.7],[83.5,-8.8],[83.3,-9],[83.1,-8.8],[83.3,-8.8],[82.9,-8.9],[82.7,-8.9],[82.6,-8.7],[82.5,-8.6],[82.6,-8.5],[82.8,-8.3],[82.6,-8.3],[82.7,-8.1],[82.9,-7.9],[83,-7.8],[83,-7.7],[83.4,-7.6],[83.6,-7.4],[83.4,-7.3],[83.6,-6.8],[83.4,-6.7],[83.3,-6.6],[83.4,-6.6],[83.5,-6.5],[83.5,-6.6],[83.6,-6.6],[83.7,-6.5],[83.9,-6.6],[84,-6.7],[83.9,-6.6],[84.1,-6.3],[84.2,-5.9],[84.3,-5.8],[84.1,-5.8],[83.7,-5.4],[83.6,-5.4],[83.4,-5.4],[83.3,-5.4],[83.3,-5.3],[83.2,-5.3],[83.1,-5.2],[83.3,-5.1],[83.1,-4.8],[83.2,-4.8],[85.6,-5.2],[85.7,-6.2],[85.4,-8.4],[85.2,-8.9],[84.8,-9.1]]]]}},{"type":"Feature","properties":{},"geometry":{"type":"MultiPolygon","coordinates":[[[[67,-3.4],[68.3,-5],[69.6,-7.9],[70.3,-8.6],[71.1,-9.6],[70.4,-10],[68.9,-7.4],[67.5,-4.3],[65.9,-2.6],[65.2,-1.9],[64.7,-1.3],[66.5,-3],[67,-3.4]]]]}},{"type":"Feature","properties":{},"geometry":{"type":"MultiPolygon","coordinates":[[[[94,-16.4],[92.7,-15.9],[93.8,-15.1],[97.7,-17.8],[101.9,-19.7],[106.9,-19],[106.2,-21.3],[104.9,-23.6],[102.7,-24.6],[99.3,-24.5],[98,-22],[96.2,-19.9],[95.4,-16.4],[94,-16.4]]]]}},{"type":"Feature","properties":{},"geometry":{"type":"MultiPolygon","coordinates":[[[[84.8,-9.1],[84.7,-9.1],[84.4,-8.9],[84.8,-9.1]]]]}},{"type":"Feature","properties":{},"geometry":{"type":"MultiPolygon","coordinates":[[[[83.5,-8.8],[83.6,-8.9],[83.4,-9],[83.5,-8.8]]]]}},{"type":"Feature","properties":{},"geometry":{"type":"MultiPolygon","coordinates":[[[[82,-9.9],[81.9,-9.6],[82.2,-9.9],[82,-9.9]]]]}},{"type":"Feature","properties":{},"geometry":{"type":"MultiPolygon","coordinates":[[[[84.4,-9.1],[84.2,-9.3],[84.3,-9.2],[84.4,-9.1]]]]}},{"type":"Feature","properties":{},"geometry":{"type":"MultiPolygon","coordinates":[[[[83.5,-11.1],[83.3,-11.2],[83.4,-11.1],[83.5,-11.1]]]]}},{"type":"Feature","properties":{},"geometry":{"type":"MultiPolygon","coordinates":[[[[83.8,-8.8],[83.8,-9],[83.7,-9],[83.8,-8.8]]]]}},{"type":"Feature","properties":{},"geometry":{"type":"MultiPolygon","coordinates":[[[[76,-20.6],[76.7,-21.5],[77.1,-22.6],[77.3,-23.6],[77.4,-24.7],[77.2,-25.7],[77,-26.7],[76.7,-27.7],[76.4,-28.5],[76,-29.6],[75.4,-30.6],[74.9,-32.1],[74.6,-33.6],[74.5,-35.1],[74.3,-36.8],[74.1,-38.7],[73.8,-40.3],[73.1,-41.3],[71.9,-42.2],[71,-43.3],[71.4,-41.1],[72.6,-39.3],[72,-37.2],[71.4,-35.5],[71.8,-33.3],[73.2,-31],[74.2,-29.1],[74.5,-27],[74.3,-25.3],[74.8,-23.4],[75.8,-21],[76,-20.6]]]]}},{"type":"Feature","properties":{},"geometry":{"type":"MultiPolygon","coordinates":[[[[89.4,-2.1],[89.4,-3.1],[89.2,-2.9],[89,-2.9],[89,-3],[88.7,-3],[88.7,-2.8],[88.1,-2.3],[87.3,-1.7],[86.2,-1.3],[84.7,-0.7],[83.2,0],[82.2,0.3],[79.7,2.2],[77.2,3.5],[76.3,3.9],[75.5,4.7],[73.6,5.4],[73.8,6.6],[77.6,4.1],[82.2,2.2],[87.6,-1],[89.4,-2.1]]]]}},{"type":"Feature","properties":{},"geometry":{"type":"MultiPolygon","coordinates":[[[[-68.1,-7.6],[-68.6,-4.6],[-69.8,-1.7],[-70.3,-1],[-71,-0.7],[-70.6,-0.6],[-70.9,-0.4],[-70.4,-0.3],[-70.3,0],[-69.7,0.4],[-69.7,0.6],[-69.2,0.6],[-69,0.5],[-67.6,-1.1],[-67.3,-2.4],[-67.2,-2.6],[-66.9,-4.8],[-68.1,-7.7],[-68.1,-7.6]]]]}},{"type":"Feature","properties":{},"geometry":{"type":"MultiPolygon","coordinates":[[[[-72.1,-0.9],[-71.9,-0.7],[-71.6,-0.7],[-71.2,-0.6],[-70.6,-0.6],[-70.3,-1],[-69.2,-2.8],[-68.3,-6.6],[-69.5,-7.3],[-71.4,-6.2],[-71.3,-5.3],[-71.5,-4.5],[-71.7,-4.6],[-71.8,-3.7],[-71.5,-3.3],[-71.5,-2.8],[-71.5,-2.4],[-71.6,-1.8],[-72.1,-1],[-72.1,-0.9]]]]}},{"type":"Feature","properties":{},"geometry":{"type":"MultiPolygon","coordinates":[[[[-72.1,-0.9],[-72.5,-0.4],[-71.4,0.6],[-70.3,0.9],[-69.1,0.9],[-68.7,0.6],[-69.1,0.5],[-69.4,0.7],[-69.6,0.4],[-69.7,0.3],[-70.3,0],[-70.6,-0.4],[-70.7,-0.5],[-70.6,-0.6],[-71.3,-0.5],[-71.6,-0.7],[-71.9,-0.8],[-72.1,-0.9]]]]}},{"type":"Feature","properties":{},"geometry":{"type":"MultiPolygon","coordinates":[[[[-61.1,-5.7],[-60.3,-5.1],[-58.5,-4.3],[-57.9,-4],[-56.7,-2.9],[-55.8,-1.5],[-55.5,-1.2],[-55.6,-2.2],[-56.3,-5],[-57.9,-8.6],[-58.2,-11.5],[-59,-14.2],[-60.3,-17.6],[-61.6,-18.1],[-61.6,-16.8],[-61.3,-15.8],[-61.3,-14.8],[-60.8,-11.1],[-61.3,-6.9],[-61.1,-5.7]]]]}},{"type":"Feature","properties":{},"geometry":{"type":"MultiPolygon","coordinates":[[[[-66.1,-12.1],[-64.8,-13.2],[-64.5,-15.1],[-65.2,-17],[-65.9,-17],[-67.4,-16.2],[-67.8,-15],[-66.6,-13.5],[-66.1,-12.1]]]]}},{"type":"Feature","properties":{},"geometry":{"type":"MultiPolygon","coordinates":[[[[-69.9,-7.9],[-71.8,-7.5],[-72,-7.5],[-72.5,-7.3],[-72.6,-6.6],[-72.5,-6.4],[-72.4,-4.7],[-72.2,-3.8],[-72.2,-2.9],[-72.5,-3],[-72.7,-1.3],[-72.1,-0.9],[-72,-1.1],[-71.5,-2.3],[-71.5,-2.7],[-71.4,-3.3],[-71.8,-3.6],[-71.7,-4.3],[-71.6,-4.6],[-71.4,-5.2],[-71.4,-5.7],[-70.3,-7],[-68.1,-7.7],[-67.5,-8.2],[-66.4,-8.8],[-68.1,-8.1],[-69.9,-7.9]]]]}},{"type":"Feature","properties":{},"geometry":{"type":"MultiPolygon","coordinates":[[[[-104.3,-2.4],[-104.2,-2.6],[-104.2,-2.9],[-104.8,-2.7],[-105,-2.8],[-104.8,-2.9],[-103.9,-3],[-103.9,-3.5],[-104,-3.9],[-105.1,-3.5],[-105.3,-3.9],[-104.8,-3.9],[-104.8,-4.6],[-103.9,-4.2],[-104.2,-4.9],[-103.8,-4.9],[-103.3,-4.8],[-103.3,-4.6],[-102.6,-4.8],[-103,-5.6],[-103.5,-5.6],[-104,-5.7],[-103.5,-5.8],[-104,-6],[-104.2,-6.4],[-104.1,-6.3],[-103.8,-6.6],[-104.2,-7],[-104.5,-7.3],[-104.6,-7.5],[-104.9,-8],[-105,-8.5],[-104.5,-8.6],[-104.8,-8.4],[-104.9,-8.7],[-104.7,-8.8],[-104.5,-9],[-105.1,-9.2],[-105.1,-9.3],[-105.5,-9.3],[-105.4,-9.5],[-105.6,-9.5],[-105.4,-9.8],[-105.2,-9.9],[-105.3,-10.1],[-105.2,-10.2],[-105.3,-11],[-105.8,-10.3],[-105.5,-10.9],[-106,-10.8],[-105.7,-11.3],[-105.4,-11.5],[-105.7,-11.8],[-106.1,-11.5],[-106.3,-11.7],[-106.3,-12.3],[-105.8,-12.2],[-106.3,-12.5],[-106.8,-12.1],[-106.9,-11.9],[-107.3,-11.6],[-107.4,-12.2],[-107.9,-11.9],[-108,-12.2],[-107.5,-12.6],[-108.2,-12.5],[-107.9,-12.7],[-107.6,-12.7],[-108,-13],[-107.5,-13.2],[-107.1,-13.8],[-107.1,-14],[-107.1,-14.3],[-107.1,-14.5],[-107.1,-14.7],[-107.2,-14.8],[-107.2,-15],[-107.2,-15.1],[-107.4,-15.2],[-107.9,-15.1],[-107.9,-14.2],[-108.4,-13.7],[-108.8,-13.1],[-108.6,-13.5],[-108.6,-13.6],[-108.2,-14.1],[-108.8,-14.3],[-109.2,-14],[-109.7,-14.4],[-108.9,-14.7],[-109.5,-14.9],[-109.1,-14.9],[-108.4,-15],[-107.6,-15.6],[-107.9,-15.7],[-108,-15.8],[-108.2,-15.8],[-108.4,-15.9],[-108.7,-15.9],[-108.9,-16.1],[-109.1,-16.1],[-109.2,-16.2],[-109.5,-16.3],[-109.8,-16.4],[-110.1,-16.3],[-110.3,-16.3],[-110.6,-16.2],[-110.9,-16.1],[-111.2,-16.3],[-111.4,-16.2],[-111.5,-16.1],[-111.7,-15.9],[-111.8,-15.5],[-111.8,-16],[-112,-16.1],[-112.5,-16.2],[-112.8,-16.5],[-113,-16.6],[-113.2,-16.7],[-113.4,-16.9],[-113.6,-17],[-113.8,-16.9],[-114,-16.9],[-114.1,-17],[-114.3,-17.1],[-114.4,-17],[-114.7,-16.9],[-114.8,-16.9],[-114.9,-16.7],[-114.7,-16.4],[-114.8,-16.5],[-115,-16.6],[-115.1,-16.6],[-115.3,-16.8],[-115.3,-16.7],[-115.5,-16.7],[-115.6,-16.6],[-115.7,-16.5],[-115.9,-16.5],[-116,-16.8],[-116.2,-16.8],[-116.5,-16.6],[-116.7,-16.6],[-116.9,-17.3],[-117.3,-17.1],[-117.2,-17.6],[-117.5,-17.7],[-117.5,-17.9],[-117.7,-17.7],[-117.8,-17.8],[-117.8,-17.5],[-118,-17.8],[-118.2,-17.7],[-118.2,-18],[-118.4,-18],[-118.6,-17.8],[-118.7,-18],[-118.8,-18],[-118.8,-18.2],[-118.8,-18.3],[-118.9,-18.4],[-119.2,-18.6],[-119.2,-18.7],[-119.5,-18.6],[-119.4,-18.8],[-119.5,-18.9],[-119.7,-19],[-120.2,-18.8],[-120,-19.2],[-120.3,-19],[-120.3,-19.4],[-120.3,-19.5],[-120.5,-19.5],[-120.6,-19.3],[-120.8,-19.1],[-120.6,-19.4],[-120.7,-19.6],[-120.9,-19.6],[-120.9,-19.2],[-121.2,-19.3],[-121.4,-19.3],[-121.5,-19.1],[-121.2,-19.2],[-121.5,-19],[-121.4,-18.7],[-121.3,-18.5],[-121.2,-18.5],[-121.2,-18.4],[-121,-18.3],[-121.3,-18.3],[-121.4,-18.2],[-120.9,-18.3],[-121.2,-18.1],[-121,-18],[-121.2,-18],[-121.3,-18],[-121.5,-18],[-121.7,-17.7],[-121.8,-17.8],[-121.8,-17.6],[-121.7,-17.3],[-121.7,-17.2],[-121.9,-17.1],[-121.8,-17.1],[-121.8,-16.9],[-121.9,-16.8],[-121.6,-16.9],[-121.9,-16.6],[-121.8,-16.6],[-121.7,-16.4],[-121.8,-16.4],[-121.4,-16.4],[-121.5,-16.4],[-121.7,-16.2],[-121.5,-16.2],[-121.5,-16.1],[-121.4,-16],[-121.4,-15.5],[-121.3,-15.5],[-121.1,-15.4],[-121.3,-15.2],[-121.1,-15],[-121.2,-14.9],[-121,-14.9],[-121.1,-14.8],[-120.9,-14.6],[-120.7,-14.8],[-120.9,-14.6],[-121,-14.4],[-120.6,-14.5],[-120.7,-14.3],[-120.1,-14.5],[-120.7,-14.2],[-120.4,-14.3],[-120.2,-14.3],[-120,-14.3],[-120,-14.1],[-119.9,-14.1],[-120,-14.3],[-119.8,-14.2],[-119.9,-14],[-119.6,-13.6],[-120.1,-13.8],[-120.2,-13.6],[-120,-13.6],[-120.3,-13.5],[-120.2,-13.5],[-119.9,-13.3],[-119.9,-13.2],[-120,-13.1],[-119.4,-13.1],[-119.5,-13],[-119.9,-12.9],[-119.9,-12.8],[-119.8,-12.7],[-119.6,-12.6],[-119.3,-12.9],[-119.5,-12.7],[-119.7,-12.4],[-119.7,-12.3],[-118.8,-12.4],[-118.2,-12.7],[-118.8,-12.3],[-119.7,-12.2],[-119.4,-12.2],[-119.1,-12.1],[-119.1,-11.9],[-118.7,-12.1],[-118.7,-12],[-118.9,-11.7],[-119,-11.5],[-118.3,-11.8],[-118.7,-11.3],[-118.3,-11.4],[-118.2,-11.4],[-117.8,-12.1],[-117.7,-11.9],[-117.5,-11.9],[-117.5,-11.7],[-118,-11.5],[-118.6,-11.3],[-118.3,-11.1],[-118.2,-11.2],[-118,-11.2],[-117.8,-11.5],[-118,-10.9],[-117.8,-11.2],[-117.4,-12],[-117.4,-11.6],[-117.1,-11.4],[-117.8,-11.2],[-117.9,-10.8],[-117.5,-10.9],[-117.2,-11.1],[-117,-11.2],[-117,-11.4],[-117,-11.1],[-116.6,-11],[-116.6,-11.2],[-116.5,-11.3],[-116.6,-11],[-116.5,-11.1],[-116.5,-10.9],[-116.3,-10.8],[-116.2,-10.8],[-116,-10.5],[-116,-10.3],[-116.1,-10.2],[-116.3,-9],[-115.7,-10.3],[-115.7,-9.9],[-115.6,-10.1],[-115.5,-9.8],[-115.4,-10],[-115.4,-9.5],[-115.2,-9.5],[-115.5,-9.2],[-115.3,-9.1],[-114.9,-9],[-115.2,-8.6],[-114.9,-8.1],[-115.4,-8.6],[-115.6,-8.7],[-115.9,-8.4],[-115.6,-8.1],[-115,-8.1],[-115.3,-8],[-115,-7.9],[-115.1,-7.8],[-114.9,-7.8],[-114.7,-7.8],[-114.6,-7.7],[-114.6,-7.4],[-114.4,-7.2],[-114.2,-6.9],[-114.1,-6.8],[-113.9,-6.6],[-113.7,-6.4],[-113.8,-6.2],[-113.6,-6.3],[-113.6,-6],[-113.4,-5.8],[-113.2,-5.3],[-113,-5.1],[-112.9,-4.8],[-112.9,-4.5],[-113,-4],[-113.1,-3.7],[-113.2,-3.5],[-113.5,-3.4],[-113.4,-3.3],[-113.6,-3],[-113.8,-2.8],[-113.4,-2.7],[-113.4,-2.1],[-113.4,-1.9],[-113.1,-1.9],[-112.7,-2.8],[-112.6,-2.4],[-112.3,-2.6],[-112.5,-2.1],[-112.5,-1.9],[-112.6,-1.5],[-112.4,-1],[-111.8,-1.1],[-111.5,-1.4],[-111.3,-1.4],[-111.1,-1.7],[-110.5,-1.9],[-109.9,-1.7],[-110.1,-1.5],[-109.6,-1.1],[-109.2,-1.1],[-108.9,-1.2],[-108.7,-1.3],[-108.1,-1.3],[-107.6,-1.4],[-107.5,-1.5],[-107.7,-2],[-107.3,-2.1],[-106.9,-1.8],[-106.8,-2.6],[-106.3,-2.7],[-105.9,-2.3],[-105.8,-2.6],[-106.1,-2.1],[-105.9,-1.8],[-105.8,-1.8],[-105.7,-2.1],[-105.6,-2.6],[-105.2,-2.4],[-105,-2],[-104.8,-2.1],[-104.7,-2.3],[-104.3,-2.4]]]]}},{"type":"Feature","properties":{},"geometry":{"type":"MultiPolygon","coordinates":[[[[-116.5,-10],[-116.6,-10.4],[-117,-10.1],[-117,-10],[-117.2,-9.6],[-116.9,-9.4],[-116.5,-9.3],[-116.5,-10]]]]}},{"type":"Feature","properties":{},"geometry":{"type":"MultiPolygon","coordinates":[[[[-108.4,-14.7],[-109.3,-14.6],[-108.9,-14.3],[-108.3,-14.5],[-108.4,-14.7]]]]}},{"type":"Feature","properties":{},"geometry":{"type":"MultiPolygon","coordinates":[[[[-107,-12.9],[-106.8,-13.4],[-106.9,-13.7],[-107.2,-13.4],[-107.4,-12.8],[-107,-12.9]]]]}},{"type":"Feature","properties":{},"geometry":{"type":"MultiPolygon","coordinates":[[[[-107.2,-12.2],[-106.8,-12.7],[-107.4,-12.2],[-107.2,-12.2]]]]}},{"type":"Feature","properties":{},"geometry":{"type":"MultiPolygon","coordinates":[[[[-106.6,-13],[-106.9,-12.9],[-107.3,-12.6],[-106.6,-13]]]]}},{"type":"Feature","properties":{},"geometry":{"type":"MultiPolygon","coordinates":[[[[-104.8,-11],[-104.7,-11.1],[-105.1,-11.2],[-104.9,-11],[-104.8,-11]]]]}},{"type":"Feature","properties":{},"geometry":{"type":"MultiPolygon","coordinates":[[[[-114.9,-16.7],[-114.9,-17],[-115.1,-17],[-114.9,-16.7]]]]}},{"type":"Feature","properties":{},"geometry":{"type":"MultiPolygon","coordinates":[[[[-116.1,-10.4],[-116.4,-10.7],[-116.2,-10.4],[-116.1,-10.4]]]]}},{"type":"Feature","properties":{},"geometry":{"type":"MultiPolygon","coordinates":[[[[-121.1,-19.4],[-120.9,-19.8],[-121,-19.7],[-121,-19.6],[-121.1,-19.4]]]]}},{"type":"Feature","properties":{},"geometry":{"type":"MultiPolygon","coordinates":[[[[-116.7,-17],[-116.7,-17.2],[-116.6,-16.7],[-116.6,-17],[-116.7,-17]]]]}},{"type":"Feature","properties":{},"geometry":{"type":"MultiPolygon","coordinates":[[[[-118.4,-18.1],[-118.6,-18.1],[-118.5,-18],[-118.4,-18.1]]]]}},{"type":"Feature","properties":{},"geometry":{"type":"MultiPolygon","coordinates":[[[[-121.6,-17.9],[-121.6,-18],[-121.7,-17.9],[-121.6,-17.9]]]]}},{"type":"Feature","properties":{},"geometry":{"type":"MultiPolygon","coordinates":[[[[180,-35],[179.4,-36.3],[179.4,-35.8],[178.5,-34.4],[177.2,-33.5],[179,-33.5],[179.9,-34.9],[180,-35]]]]}},{"type":"Feature","properties":{},"geometry":{"type":"MultiPolygon","coordinates":[[[[-180,-36.9],[-178.7,-35.9],[-177.8,-35.9],[-177.8,-35.5],[-177.6,-34.7],[-178.9,-33.6],[-177.5,-33.8],[-177.5,-34.2],[-177.1,-34.5],[-175.8,-35.1],[-175.5,-36.2],[-175.8,-37.1],[-175.3,-37.9],[-173.7,-39.1],[-173.7,-39.4],[-173.5,-39.9],[-173.5,-40.6],[-175.1,-39.5],[-178.3,-38.1],[-180,-36.9]]]]}},{"type":"Feature","properties":{},"geometry":{"type":"MultiPolygon","coordinates":[[[[157.2,-53.5],[156,-50.5],[158,-50.1],[161.7,-49.2],[163.4,-48.5],[163.9,-49.2],[164.1,-51],[166.2,-52.4],[166.4,-52.9],[163.1,-53.4],[159.7,-53.8],[158.9,-54.4],[158.2,-54],[158,-52.6],[158.3,-52.3],[157.7,-51.8],[157.4,-52.5],[157.2,-53.5]]]]}},{"type":"Feature","properties":{},"geometry":{"type":"MultiPolygon","coordinates":[[[[-176.6,-45.8],[-173.7,-45.4],[-172.6,-46.3],[-171.1,-48.1],[-172.3,-49],[-174.3,-46.3],[-176.6,-45.8]]]]}},{"type":"Feature","properties":{},"geometry":{"type":"MultiPolygon","coordinates":[[[[161.4,-40.2],[161.6,-39.9],[161.6,-39.7],[161.6,-39.5],[161.8,-39.1],[161.8,-38.6],[161.9,-37.9],[162.5,-37.2],[162.9,-36.8],[162.8,-36.6],[165.9,-36.2],[166.8,-35.9],[166.9,-35.6],[168.5,-33.6],[168.9,-33.7],[168.4,-34.8],[167,-38.1],[166.5,-39.6],[164.5,-40.3],[163,-40.8],[161.6,-41.1],[161.1,-41.6],[160.6,-42.1],[160.3,-42.5],[160.1,-43.3],[160.1,-44],[158.6,-42.7],[161.5,-40.6],[161.4,-40.2]]]]}},{"type":"Feature","properties":{},"geometry":{"type":"MultiPolygon","coordinates":[[[[178.8,-34.7],[179.4,-36],[179.4,-36.4],[179.1,-37.2],[178.9,-38.3],[178.1,-40.1],[178,-37.6],[178.8,-35.8],[179,-35.4],[178.8,-34.7]]]]}},{"type":"Feature","properties":{},"geometry":{"type":"MultiPolygon","coordinates":[[[[164.9,-45.9],[164.8,-45.1],[166.4,-44.7],[168.3,-44.6],[170.1,-44],[171.9,-42.9],[172.6,-42.8],[174,-42.6],[175,-42.5],[175.9,-42.4],[175.2,-42.9],[173.4,-43.9],[170.4,-45.3],[169.1,-45.6],[166.8,-46.1],[165.4,-46.1],[164.9,-45.9]]]]}},{"type":"Feature","properties":{},"geometry":{"type":"MultiPolygon","coordinates":[[[[169.1,-33.6],[169.3,-33.4],[172.7,-31.6],[175.6,-32.4],[177.2,-33.5],[176.2,-33.2],[174.5,-33.4],[172.1,-34.2],[170.8,-34.2],[169.1,-33.6]]]]}},{"type":"Feature","properties":{},"geometry":{"type":"MultiPolygon","coordinates":[[[[163.5,-40.6],[166.1,-39.7],[166.9,-39.7],[168.8,-39.8],[170.4,-39.9],[171.5,-40.2],[173.7,-40.6],[175.2,-41.3],[175.4,-42.1],[174.3,-42.5],[173,-42.9],[171.8,-42.4],[170.5,-41.3],[168.8,-41.2],[167.4,-41.4],[165.7,-41.3],[163.8,-41.2],[163.5,-40.6]]]]}},{"type":"Feature","properties":{},"geometry":{"type":"MultiPolygon","coordinates":[[[[175.7,-41.7],[174.6,-40.9],[172.5,-40.3],[171.1,-40],[170,-39.8],[167.9,-39.8],[166.8,-39.2],[167.7,-36.3],[168.5,-33.9],[169.9,-33.9],[171.8,-34.3],[174,-33.6],[175.9,-33.2],[176.9,-33.4],[178.2,-34.1],[179.2,-35.6],[178.6,-36],[178.1,-38.3],[177.7,-41],[177.1,-42.3],[175.7,-41.7]]]]}},{"type":"Feature","properties":{},"geometry":{"type":"MultiPolygon","coordinates":[[[[180,-36.9],[180,-43.1],[177.9,-43.2],[174.6,-43.8],[173.4,-43.9],[175.2,-42.9],[177.6,-42.5],[177.7,-40.9],[178.7,-38.8],[179.1,-37.9],[179.1,-36.7],[179.6,-36.5],[180,-36.9]]]]}},{"type":"Feature","properties":{},"geometry":{"type":"MultiPolygon","coordinates":[[[[-180,-43.1],[-180,-36.9],[-177.6,-38.9],[-176.2,-40.4],[-175.3,-41.5],[-177,-41.9],[-179.1,-43],[-180,-43.1]]]]}},{"type":"Feature","properties":{},"geometry":{"type":"MultiPolygon","coordinates":[[[[176.5,-42.6],[177.6,-41.3],[176.9,-42.7],[176.5,-42.6]]]]}},{"type":"Feature","properties":{},"geometry":{"type":"MultiPolygon","coordinates":[[[[163.5,-40.6],[162.6,-42],[162.5,-44.3],[163.4,-45.1],[162.3,-44.7],[161.1,-44.1],[160.7,-43.7],[160.7,-44.3],[160.1,-44],[160.1,-43.3],[160.3,-42.5],[160.6,-42.1],[161.1,-41.6],[161.6,-41.1],[163,-40.8],[163.5,-40.6]]]]}},{"type":"Feature","properties":{},"geometry":{"type":"MultiPolygon","coordinates":[[[[180,-45.1],[180,-52.1],[178.9,-54.8],[175.5,-52.5],[174.1,-49.4],[176.9,-47.1],[177.3,-45.1],[180,-45.1]]]]}},{"type":"Feature","properties":{},"geometry":{"type":"MultiPolygon","coordinates":[[[[-180,-55.6],[-180,-48.6],[-178.7,-45.6],[-176.6,-45.8],[-174.3,-46.3],[-172.3,-49],[-170.9,-51.2],[-171.3,-52.1],[-172.5,-53.3],[-173.6,-54.3],[-173.3,-55.5],[-172.8,-56.6],[-173,-57.1],[-172.5,-58.7],[-171.5,-59.8],[-171.8,-59.9],[-171.2,-60.3],[-170.5,-61.5],[-178.1,-60.4],[-177,-58.6],[-180,-55.6]]]]}},{"type":"Feature","properties":{},"geometry":{"type":"MultiPolygon","coordinates":[[[[152.8,-48.4],[153.6,-49.7],[153.3,-50.5],[151.4,-50],[150.6,-49.5],[152.8,-48.4]]]]}},{"type":"Feature","properties":{},"geometry":{"type":"MultiPolygon","coordinates":[[[[152.8,-48.4],[154.5,-47.3],[155.9,-47.1],[155,-47.7],[154.7,-48.5],[154.5,-50.1],[153.8,-50.2],[153.3,-48.6],[152.8,-48.4]]]]}},{"type":"Feature","properties":{},"geometry":{"type":"MultiPolygon","coordinates":[[[[155.4,-48.3],[156.6,-47.5],[157.9,-47.2],[161.9,-47.3],[165.5,-47.3],[165.8,-48.5],[163.9,-48.4],[162.6,-48.8],[159.9,-49.7],[156.2,-49.8],[155.4,-49.2],[155.4,-48.3]]]]}},{"type":"Feature","properties":{},"geometry":{"type":"MultiPolygon","coordinates":[[[[133.5,-59],[131.8,-58.9],[130.7,-58.9],[129.2,-58.5],[129.9,-57.9],[130.7,-57.7],[131.7,-56.9],[132.4,-57.8],[133.5,-59]]]]}},{"type":"Feature","properties":{},"geometry":{"type":"MultiPolygon","coordinates":[[[[150.9,-60.1],[155.7,-57.4],[155.7,-58.2],[157.5,-56],[158.2,-55.1],[158.9,-54.4],[159.7,-53.8],[163.1,-53.4],[166.4,-52.9],[170.4,-52.2],[167.7,-53.5],[164.4,-55.3],[161.2,-58.3],[160.1,-59.6],[159,-59.9],[157.9,-61.8],[156.2,-61.6],[155.2,-61],[153.1,-61.5],[152.9,-61.5],[151.7,-60.9],[152.3,-60.7],[151.8,-60.3],[151.3,-60.2],[150.9,-60.1]]]]}},{"type":"Feature","properties":{},"geometry":{"type":"MultiPolygon","coordinates":[[[[180,-55.6],[180,-63],[179,-68.5],[178.6,-69.1],[177.6,-69.1],[176.4,-69.2],[174.1,-68.5],[170.3,-68.3],[166.4,-68.2],[163.7,-67.3],[159.2,-66.1],[157.5,-64.1],[157.9,-61.8],[159,-59.9],[160.1,-59.6],[161.2,-58.3],[164.4,-55.3],[167.7,-53.5],[170.4,-52.2],[174.2,-49.9],[176.1,-52.9],[179.8,-55.4],[180,-55.6]]]]}},{"type":"Feature","properties":{},"geometry":{"type":"MultiPolygon","coordinates":[[[[-180,-68.5],[-180,-61.1],[-179.6,-56.1],[-177,-59.7],[-175.1,-61.1],[-168.9,-62.2],[-168.3,-62.5],[-166.5,-63.3],[-166,-63.5],[-165.1,-64],[-163.8,-64.9],[-163.4,-65.2],[-163.8,-65.2],[-164.4,-65.2],[-164.8,-66.1],[-165.5,-66],[-166.4,-66.2],[-165.3,-66.3],[-164.7,-66.5],[-165,-66.5],[-165.2,-66.9],[-164.8,-67],[-165.8,-68.3],[-166.1,-69.2],[-165.9,-69.7],[-165.4,-69.9],[-166.5,-70.4],[-168.9,-69.5],[-175.3,-68.8],[-176.7,-68.5],[-178.2,-68.4],[-180,-68.5]]]]}},{"type":"Feature","properties":{},"geometry":{"type":"MultiPolygon","coordinates":[[[[180,-69.4],[172.9,-73.2],[160.2,-69.5],[166.4,-68.2],[170.3,-68.3],[176,-69.8],[177.9,-69.4],[178.8,-69.3],[180,-69.4]]]]}},{"type":"Feature","properties":{},"geometry":{"type":"MultiPolygon","coordinates":[[[[-180,-72.9],[-178.3,-69.4],[-175.3,-69.7],[-172.4,-70.2],[-170.3,-70.4],[-168.9,-70.9],[-167,-71.3],[-173.5,-72.4],[-180,-72.9]]]]}},{"type":"Feature","properties":{},"geometry":{"type":"MultiPolygon","coordinates":[[[[141.7,-56.2],[144.8,-56.6],[143.9,-56.7],[144.8,-57.1],[144.5,-57.5],[143.9,-60.6],[138.7,-60.5],[140.5,-58],[142.4,-56.3],[141.7,-56.2]]]]}},{"type":"Feature","properties":{},"geometry":{"type":"MultiPolygon","coordinates":[[[[-104.5,-88.7],[-6.8,-86.7],[23,-82],[58.1,-81.4],[93.8,-82.1],[133.4,-80.9],[130.7,-78.5],[111.1,-78.3],[97.8,-74.4],[91,-72],[81.8,-72.7],[100.1,-71.6],[109.5,-72.9],[113.9,-72.4],[112.9,-72],[111.6,-71.2],[108.4,-70.6],[108.9,-69.5],[112.4,-68.5],[114.4,-67.5],[119.1,-67.1],[117.6,-66.6],[118,-66],[119.4,-65.8],[120,-65.5],[121.7,-65.2],[124,-65.2],[128.1,-68.2],[134.9,-67.7],[144.5,-72.5],[161.1,-74],[180,-74.8],[178.7,-78],[177.7,-77.7],[176.1,-77.7],[172.7,-77.8],[170.9,-76.6],[159.4,-77.2],[143.9,-78.9],[150.3,-82.3],[168.8,-83.6],[180,-86],[168.5,-85.1],[146.6,-86],[123.8,-86.5],[94.6,-85.5],[69.8,-85.1],[38.3,-85.4],[-9.5,-87.1],[-92.3,-88.7],[-104.5,-88.7]]]]}},{"type":"Feature","properties":{},"geometry":{"type":"MultiPolygon","coordinates":[[[[-180,-77.6],[-173.3,-75.3],[-179.2,-77.2],[-180,-77.6]]]]}},{"type":"Feature","properties":{},"geometry":{"type":"MultiPolygon","coordinates":[[[[172.6,-78],[176.6,-78.3],[176.4,-78.6],[173.1,-78.5],[172.6,-78]]]]}},{"type":"Feature","properties":{},"geometry":{"type":"MultiPolygon","coordinates":[[[[87.5,-69.6],[89.5,-70],[90.9,-70.3],[89.8,-70.6],[87.4,-70.4],[87.5,-69.6]]]]}},{"type":"Feature","properties":{},"geometry":{"type":"MultiPolygon","coordinates":[[[[86.5,-69.4],[87.5,-69.7],[86.4,-69.5],[86.5,-69.4]]]]}},{"type":"Feature","properties":{},"geometry":{"type":"MultiPolygon","coordinates":[[[[90.3,-69.9],[88.9,-69.6],[90.1,-69.8],[90.3,-69.9]]]]}},{"type":"Feature","properties":{},"geometry":{"type":"MultiPolygon","coordinates":[[[[100.8,-66.6],[102.9,-66.1],[104,-66],[105.7,-66],[108.5,-66.5],[111.3,-67.9],[108.2,-69.4],[102.2,-70.1],[101.6,-68.3],[103.5,-67.8],[100.8,-66.7],[100.8,-66.6]]]]}},{"type":"Feature","properties":{},"geometry":{"type":"MultiPolygon","coordinates":[[[[95.2,-64.1],[97.6,-64.1],[95.4,-65.1],[94,-64.7],[95.2,-64.1]]]]}},{"type":"Feature","properties":{},"geometry":{"type":"MultiPolygon","coordinates":[[[[100.2,-60.1],[102,-60.3],[99.7,-60.3],[100.2,-60.1]]]]}},{"type":"Feature","properties":{},"geometry":{"type":"MultiPolygon","coordinates":[[[[108,-65],[111.3,-64.8],[116.5,-64.1],[116.1,-64.7],[113.6,-64.9],[112.8,-65.9],[113.1,-67],[112.8,-67.7],[111.3,-67.9],[108.5,-66.5],[105.7,-66],[106.2,-65.8],[107.9,-65],[108,-65]]]]}},{"type":"Feature","properties":{},"geometry":{"type":"MultiPolygon","coordinates":[[[[103.3,-62.7],[108.4,-64.6],[106.2,-65.3],[105.5,-65.5],[101.6,-64.8],[101.6,-63.1],[103.3,-62.7]]]]}},{"type":"Feature","properties":{},"geometry":{"type":"MultiPolygon","coordinates":[[[[113.9,-62],[116.3,-61.5],[117.5,-62.3],[118,-63.8],[116.8,-63.6],[116.5,-64.1],[111.3,-64.8],[108,-65],[108.5,-64.4],[108.8,-64.1],[112.7,-62.6],[113.9,-62]]]]}},{"type":"Feature","properties":{},"geometry":{"type":"MultiPolygon","coordinates":[[[[120.3,-64.2],[121.7,-65.2],[120,-65.5],[118.7,-65.9],[118.9,-66.2],[118.4,-66.8],[117.7,-67.2],[116,-66.5],[116.2,-65.8],[120.3,-64.2]]]]}},{"type":"Feature","properties":{},"geometry":{"type":"MultiPolygon","coordinates":[[[[112.8,-68],[110.9,-69.1],[107.8,-69.9],[109.3,-71.1],[112,-71.7],[114,-72.2],[112.7,-72.7],[109.9,-72.1],[106.3,-72],[105.6,-71.1],[103.7,-69.9],[109.9,-69],[112.8,-68]]]]}},{"type":"Feature","properties":{},"geometry":{"type":"MultiPolygon","coordinates":[[[[98.9,-61.5],[102.1,-60.1],[104.1,-58.6],[108.9,-57.7],[113.7,-57],[116.6,-57.5],[119.4,-58.6],[116.4,-59.4],[112.8,-58.9],[108.5,-59.5],[103.1,-61.9],[99.1,-63.2],[97.8,-62],[98.9,-61.5]]]]}},{"type":"Feature","properties":{},"geometry":{"type":"MultiPolygon","coordinates":[[[[115.7,-54.6],[116.4,-55.4],[119.7,-57.4],[120.3,-57.5],[120.5,-57.7],[121.1,-58.1],[116.6,-57.5],[115,-55.7],[115.7,-54.6]]]]}},{"type":"Feature","properties":{},"geometry":{"type":"MultiPolygon","coordinates":[[[[92.9,-63.1],[95.3,-63.3],[94,-64.7],[92,-64.5],[91.4,-63.9],[92.7,-63.2],[92.9,-63.1]]]]}},{"type":"Feature","properties":{},"geometry":{"type":"MultiPolygon","coordinates":[[[[106.5,-60.8],[110.1,-60.5],[105.8,-61.4],[106.5,-60.8]]]]}},{"type":"Feature","properties":{},"geometry":{"type":"MultiPolygon","coordinates":[[[[117.5,-64.2],[116.2,-65.8],[113.6,-67.3],[112.1,-67.2],[113.5,-66.8],[113,-65.6],[114.6,-64.7],[116.3,-64.5],[117.5,-64.2]]]]}},{"type":"Feature","properties":{},"geometry":{"type":"MultiPolygon","coordinates":[[[[115.5,-61.2],[117.3,-60.8],[119.2,-60.5],[120.2,-60.1],[121.3,-59.5],[122.2,-59.2],[124.2,-58.9],[123.7,-61.8],[117.3,-64],[117.3,-63.6],[117.7,-63.3],[118.3,-61.9],[115.5,-61.2]]]]}},{"type":"Feature","properties":{},"geometry":{"type":"MultiPolygon","coordinates":[[[[117.8,-57.6],[121.5,-58.8],[120.5,-59.4],[117.9,-60],[113.5,-59.1],[112.2,-60],[109.3,-61],[107.1,-59.9],[112.7,-58.8],[115.7,-59.1],[119.5,-59.1],[117.8,-57.6]]]]}},{"type":"Feature","properties":{},"geometry":{"type":"MultiPolygon","coordinates":[[[[137.7,-57.7],[136.3,-58.6],[136.1,-59],[137.7,-58.4],[138.1,-57.9],[138.9,-57.2],[141.3,-56.9],[140.1,-59.2],[133.6,-59.3],[137.7,-57.7]]]]}},{"type":"Feature","properties":{},"geometry":{"type":"MultiPolygon","coordinates":[[[[180,-72.9],[172.9,-73.6],[175.4,-73.1],[180,-72.9]]]]}},{"type":"Feature","properties":{},"geometry":{"type":"MultiPolygon","coordinates":[[[[-180,-74.4],[-172.1,-72.2],[-165.5,-70.7],[-165.4,-69.9],[-165,-70],[-162.6,-70.4],[-162.3,-70.5],[-162.1,-70.6],[-162,-70.6],[-161.6,-70.6],[-160.3,-71.1],[-161.6,-71.9],[-162.7,-72.7],[-162.2,-73],[-162.6,-73.4],[-163.9,-73.6],[-165.9,-73.7],[-168.6,-74.7],[-174.6,-75.1],[-180,-74.4]]]]}},{"type":"Feature","properties":{},"geometry":{"type":"MultiPolygon","coordinates":[[[[-98.9,-87.2],[-130.7,-86],[-141.8,-84.8],[-153.9,-82.2],[-148.4,-81.9],[-142.5,-82.3],[-128.6,-84.6],[-116.8,-85.7],[-107.3,-86.4],[-97.8,-87],[-98.9,-87.2]]]]}},{"type":"Feature","properties":{},"geometry":{"type":"MultiPolygon","coordinates":[[[[-135.5,-85.6],[-107.2,-86.9],[-94.7,-87.4],[-108.5,-87.3],[-120.1,-87],[-126.2,-86.8],[-134.9,-86.4],[-144.1,-85.7],[-135.4,-85.8],[-135.5,-85.6]]]]}},{"type":"Feature","properties":{},"geometry":{"type":"MultiPolygon","coordinates":[[[[-74.2,-87.4],[-97.9,-87],[-106.5,-86.5],[-106.4,-86.2],[-96.1,-86.4],[-83,-86.6],[-70.6,-86.8],[-72.4,-87.3],[-74.2,-87.4]]]]}},{"type":"Feature","properties":{},"geometry":{"type":"MultiPolygon","coordinates":[[[[-70.6,-86.8],[-81.9,-86.1],[-96.3,-85.9],[-108.9,-85.3],[-97.2,-85],[-81.9,-84.9],[-64.8,-84.3],[-67.5,-85.5],[-70.7,-86.2],[-70.6,-86.8]]]]}},{"type":"Feature","properties":{},"geometry":{"type":"MultiPolygon","coordinates":[[[[-112.9,-85.2],[-112.3,-84.7],[-102.6,-84.7],[-91.6,-84.6],[-97.2,-85],[-112.9,-85.2]]]]}},{"type":"Feature","properties":{},"geometry":{"type":"MultiPolygon","coordinates":[[[[-64.8,-84.3],[-81.9,-84.9],[-99.7,-83.8],[-85.1,-84],[-64.8,-84.3]]]]}},{"type":"Feature","properties":{},"geometry":{"type":"MultiPolygon","coordinates":[[[[-117.2,-79.1],[-116.2,-79],[-111,-79.8],[-104.2,-80.8],[-96.7,-81.7],[-98.3,-81.6],[-104.9,-80.9],[-111.6,-80.2],[-117.2,-79.1]]]]}},{"type":"Feature","properties":{},"geometry":{"type":"MultiPolygon","coordinates":[[[[-73.9,-83.4],[-82.8,-83.3],[-91.8,-82.9],[-100.3,-82],[-110.6,-81.2],[-113.8,-80.4],[-114.9,-80],[-117.9,-79.3],[-114.1,-79.7],[-109.1,-80.5],[-102.6,-81.2],[-94.2,-82],[-85,-82.6],[-72.6,-82.6],[-75.1,-82.9],[-73.9,-83.4]]]]}},{"type":"Feature","properties":{},"geometry":{"type":"MultiPolygon","coordinates":[[[[-85,-82.6],[-93.7,-81.9],[-94.2,-81.1],[-88.7,-81.5],[-83.9,-82.1],[-85,-82.6]]]]}},{"type":"Feature","properties":{},"geometry":{"type":"MultiPolygon","coordinates":[[[[-83.9,-82.1],[-88.7,-81.5],[-94.2,-81.1],[-97,-80.6],[-89.6,-80.8],[-85.6,-81],[-86.1,-81.5],[-82.9,-81.8],[-82.2,-81.9],[-83.9,-82.1]]]]}},{"type":"Feature","properties":{},"geometry":{"type":"MultiPolygon","coordinates":[[[[-85.1,-80.8],[-87.4,-80.8],[-89.6,-80.8],[-97,-80.6],[-102.6,-80.6],[-107.4,-80.5],[-108.8,-80.1],[-112.4,-79.1],[-115.8,-78.1],[-116,-77.8],[-107.9,-78.7],[-102.3,-79.5],[-92.1,-80.3],[-84.5,-80.7],[-85.1,-80.8]]]]}},{"type":"Feature","properties":{},"geometry":{"type":"MultiPolygon","coordinates":[[[[-94.2,-82],[-99.4,-81.3],[-109,-80.5],[-114.2,-79.3],[-118.3,-78.5],[-119.1,-78],[-115.8,-78.1],[-112.4,-79.1],[-108.8,-80.1],[-107.4,-80.5],[-102.6,-80.6],[-94.2,-81.1],[-93.7,-81.9],[-94.2,-82]]]]}},{"type":"Feature","properties":{},"geometry":{"type":"MultiPolygon","coordinates":[[[[-79.7,-80.6],[-92.1,-80.3],[-102.3,-79.5],[-107.9,-78.7],[-116,-77.8],[-111.6,-76.8],[-104.1,-78.5],[-92.9,-79.4],[-80.1,-80.3],[-79.7,-80.6]]]]}},{"type":"Feature","properties":{},"geometry":{"type":"MultiPolygon","coordinates":[[[[-68.5,-69.4],[-78.5,-67.6],[-81.7,-64.5],[-84.1,-64.5],[-89.2,-65.3],[-94.5,-66.2],[-103.3,-65.6],[-111.3,-62.5],[-115,-61.9],[-120.1,-62],[-118.3,-61.8],[-117.7,-61.9],[-115.8,-61.6],[-115.3,-61.7],[-114.6,-61.4],[-114.2,-61.6],[-113.5,-61.5],[-113.5,-61.6],[-113.2,-61.7],[-113.2,-61.8],[-113,-61.7],[-113.1,-61.6],[-112.2,-61.8],[-111.5,-62],[-110.9,-62],[-110.7,-61.7],[-110.2,-61.9],[-109.5,-61.8],[-109,-61.7],[-108.7,-61.5],[-108,-61.5],[-107.5,-61.5],[-107.2,-61.6],[-106.9,-61.6],[-106.5,-61.4],[-105.9,-61.3],[-105.4,-61.5],[-105.5,-61.6],[-105.5,-61.7],[-105,-61.7],[-105.1,-61.5],[-105,-61.5],[-104.9,-61.8],[-104.5,-61.6],[-103.9,-61],[-103.2,-61.3],[-103.1,-61],[-102.1,-60.7],[-102.3,-61],[-102.4,-61.1],[-102.1,-60.9],[-101.2,-61],[-100.6,-61.3],[-101,-61.7],[-101.4,-62.2],[-100.8,-61.4],[-99.9,-61.4],[-99.6,-61.6],[-98.6,-62.1],[-96.2,-62.7],[-92.5,-63.5],[-88.6,-63.8],[-87.7,-63.9],[-87,-64],[-85.9,-63.9],[-84.6,-63.6],[-83.2,-63.7],[-80.9,-64.5],[-79,-65.1],[-77.1,-66],[-72.2,-67.2],[-67.6,-69],[-61.8,-70.3],[-60.8,-70.4],[-68.5,-69.4]]]]}},{"type":"Feature","properties":{},"geometry":{"type":"MultiPolygon","coordinates":[[[[-82.3,-81.8],[-86.1,-81.6],[-85.1,-81],[-86.6,-80.7],[-84.4,-80.9],[-79.7,-81.1],[-80.3,-81.3],[-81.8,-81.7],[-82.3,-81.8]]]]}},{"type":"Feature","properties":{},"geometry":{"type":"MultiPolygon","coordinates":[[[[-71.5,-84],[-105.6,-83.2],[-113.9,-82],[-105.3,-82.4],[-91,-83.4],[-81.6,-83.8],[-71.5,-84]]]]}},{"type":"Feature","properties":{},"geometry":{"type":"MultiPolygon","coordinates":[[[[-124.8,-85],[-129.9,-83.9],[-144.9,-82.1],[-151.5,-81.9],[-159.3,-80.8],[-167.3,-76.6],[-157.5,-77.8],[-152.3,-77.8],[-147.8,-77],[-143.4,-75.4],[-135.8,-74.8],[-128.2,-75.5],[-123.3,-76.2],[-115.4,-76],[-115.3,-76.8],[-119.1,-78],[-118.3,-78.5],[-117.2,-79.1],[-116.7,-79.6],[-114,-80.2],[-112.1,-80.9],[-111.9,-81.8],[-116.7,-82.2],[-123,-82.7],[-119.7,-83.7],[-113.9,-84.7],[-113.3,-85.2],[-118.4,-85.2],[-124.8,-85]]]]}},{"type":"Feature","properties":{},"geometry":{"type":"MultiPolygon","coordinates":[[[[-150.1,-58.7],[-153.6,-56],[-158.7,-54.5],[-162.1,-54],[-163,-52.6],[-159.4,-53.1],[-155.8,-52.7],[-153.8,-53.1],[-153.1,-54.6],[-151.9,-54.6],[-149.5,-57.4],[-150.1,-58.7]]]]}},{"type":"Feature","properties":{},"geometry":{"type":"MultiPolygon","coordinates":[[[[-152.5,-66.2],[-153.3,-65.1],[-152.9,-63.3],[-151.5,-60.1],[-149.4,-60.1],[-148.2,-66.5],[-150.1,-67.2],[-152.5,-66.2]]]]}},{"type":"Feature","properties":{},"geometry":{"type":"MultiPolygon","coordinates":[[[[-163,-52.6],[-159.3,-52.2],[-156.3,-52.9],[-160,-53.4],[-163,-52.6]]]]}},{"type":"Feature","properties":{},"geometry":{"type":"MultiPolygon","coordinates":[[[[-153.6,-50.2],[-154.7,-51.4],[-158,-51],[-161.7,-51.4],[-162,-49.9],[-160.7,-48],[-160.2,-45.8],[-160.3,-42.9],[-158.7,-41.9],[-158,-43.7],[-157,-45.8],[-156.1,-48],[-154.6,-49.4],[-153.6,-50.2]]]]}},{"type":"Feature","properties":{},"geometry":{"type":"MultiPolygon","coordinates":[[[[-145.6,-69.8],[-143,-68],[-143.3,-68.4],[-143.5,-68.7],[-144,-69.2],[-145.6,-69.8]]]]}},{"type":"Feature","properties":{},"geometry":{"type":"MultiPolygon","coordinates":[[[[-163.2,-70.9],[-156.4,-68.1],[-152.3,-66.4],[-148.5,-67.7],[-147.8,-70],[-150.9,-70.4],[-152.7,-70.4],[-155,-70.6],[-157.3,-71.1],[-159.3,-71.6],[-161,-71.3],[-162.3,-71.1],[-163.2,-70.9]]]]}},{"type":"Feature","properties":{},"geometry":{"type":"MultiPolygon","coordinates":[[[[-152.1,-37.6],[-156.4,-34.9],[-161.7,-31.4],[-158.8,-31.4],[-153.5,-34.1],[-151.3,-37.1],[-152.1,-37.6]]]]}},{"type":"Feature","properties":{},"geometry":{"type":"MultiPolygon","coordinates":[[[[-162.1,-31],[-165.8,-28.4],[-163.4,-29],[-162.1,-31]]]]}},{"type":"Feature","properties":{},"geometry":{"type":"MultiPolygon","coordinates":[[[[-138.3,7.2],[-138.4,7.5],[-140.1,8.7],[-141.5,10.6],[-141.8,11.2],[-141.1,11.2],[-140.4,10.3],[-139.6,9],[-138.5,8.2],[-138.3,7.9],[-138.1,7.5],[-138.3,7.2]]]]}},{"type":"Feature","properties":{},"geometry":{"type":"MultiPolygon","coordinates":[[[[-122.7,-6],[-122.9,-6.3],[-123.4,-6],[-123.8,-5.5],[-124.1,-5.2],[-123.9,-5.2],[-123.4,-4.7],[-122.9,-5.2],[-122.8,-5.8],[-122.7,-6]]]]}},{"type":"Feature","properties":{},"geometry":{"type":"MultiPolygon","coordinates":[[[[-124.3,-4.3],[-124.2,-4],[-123.6,-4.2],[-124.3,-4.3]]]]}},{"type":"Feature","properties":{},"geometry":{"type":"MultiPolygon","coordinates":[[[[-121.9,-4.8],[-122.1,-4.7],[-122,-4.4],[-121.9,-4.8]]]]}},{"type":"Feature","properties":{},"geometry":{"type":"MultiPolygon","coordinates":[[[[-122.4,-8.9],[-122.8,-9.1],[-123.1,-9.3],[-123.4,-9.1],[-122.9,-8.5],[-122.7,-8.2],[-122.6,-8.5],[-122.5,-8.8],[-122.4,-8.9]]]]}},{"type":"Feature","properties":{},"geometry":{"type":"MultiPolygon","coordinates":[[[[-123.4,-9.5],[-123.5,-9.6],[-123.9,-9.7],[-123.8,-10],[-124,-10],[-124.3,-10],[-124.5,-9.9],[-124.5,-10.1],[-124.1,-10.2],[-124.7,-10.8],[-125.6,-12.4],[-126.5,-13.9],[-126.7,-13.8],[-126.5,-13.7],[-126.4,-13.5],[-126.6,-13.6],[-126.8,-13.9],[-126.9,-13.9],[-127.1,-14.1],[-127,-14],[-127.2,-14.5],[-127.2,-14.1],[-126.6,-12.9],[-126.3,-12],[-125.5,-11],[-125,-10.2],[-124.4,-9.6],[-123.5,-9.1],[-123.4,-9.5]]]]}},{"type":"Feature","properties":{},"geometry":{"type":"MultiPolygon","coordinates":[[[[-125.9,-22],[-126.6,-21.9],[-126.4,-22.1],[-126.6,-22.2],[-128.4,-22],[-127.9,-21.9],[-126.9,-21.6],[-126.4,-21.6],[-126.2,-21.7],[-125.9,-21.9],[-125.9,-22]]]]}},{"type":"Feature","properties":{},"geometry":{"type":"MultiPolygon","coordinates":[[[[-126.5,-19.7],[-126.6,-19.7],[-126.8,-19.6],[-127.3,-19.7],[-127.8,-19.7],[-128.3,-19.3],[-128.3,-19.2],[-128.7,-18.9],[-129,-18.3],[-129.6,-17.4],[-130.4,-16.5],[-130.4,-16.3],[-130,-16.5],[-130.1,-16.7],[-129.9,-16.7],[-129.8,-16.5],[-129.5,-16.7],[-129.4,-16.5],[-129.7,-16.4],[-129.3,-15.8],[-128.5,-16],[-128.1,-16.1],[-128.1,-16.2],[-128.3,-16.7],[-128.2,-17.2],[-128.2,-17.6],[-128.1,-17.7],[-128.1,-17.6],[-127.4,-17.5],[-126.4,-18.7],[-126.5,-19.7]]]]}},{"type":"Feature","properties":{},"geometry":{"type":"MultiPolygon","coordinates":[[[[-126.9,-21.6],[-128.4,-21.9],[-129.4,-21.6],[-128.6,-21.4],[-128.7,-21.3],[-128,-21.2],[-128,-21.4],[-127.7,-21.3],[-127.5,-21.2],[-127.4,-21.2],[-127.1,-20.9],[-126.3,-20.6],[-125.8,-20.6],[-125.2,-20.6],[-124.9,-20.8],[-124.8,-20.9],[-125.2,-20.7],[-125.7,-21.2],[-125.9,-21.3],[-126.4,-21.4],[-126.7,-21.5],[-126.9,-21.6]]]]}},{"type":"Feature","properties":{},"geometry":{"type":"MultiPolygon","coordinates":[[[[-129.7,-19.4],[-130,-18.1],[-129.5,-19.1],[-129.7,-19.4]]]]}},{"type":"Feature","properties":{},"geometry":{"type":"MultiPolygon","coordinates":[[[[-130.7,-18],[-130.9,-18.2],[-131.2,-18.6],[-131.4,-18.2],[-131.8,-17.6],[-132.2,-17.3],[-132.7,-17.1],[-133.2,-16.9],[-134.1,-16.9],[-135.1,-16.9],[-135.9,-16.9],[-136.3,-16.5],[-137.1,-16.3],[-137.8,-16.2],[-138,-16.2],[-138.3,-16.3],[-139.4,-16.6],[-140.6,-15.9],[-143.8,-13.8],[-146.7,-12.4],[-145.6,-12.3],[-142.7,-12.9],[-140.9,-13],[-140.4,-13.6],[-139.4,-13.9],[-139.4,-13.6],[-138.9,-13.8],[-139.7,-13.2],[-139.6,-13.2],[-138.8,-13.2],[-138.2,-13.1],[-137.4,-13.3],[-137.1,-13.5],[-136.2,-13.5],[-136,-13.9],[-136.2,-14.3],[-135.8,-14.7],[-135.6,-15.1],[-135.2,-15.4],[-133.9,-15.8],[-134.3,-15.8],[-134.9,-15.7],[-135.2,-15.6],[-133,-16.2],[-130.8,-17.8],[-130.7,-18]]]]}},{"type":"Feature","properties":{},"geometry":{"type":"MultiPolygon","coordinates":[[[[-139.9,-13.1],[-139.8,-13.2],[-139.9,-13.2],[-139.9,-13.1]]]]}},{"type":"Feature","properties":{},"geometry":{"type":"MultiPolygon","coordinates":[[[[-120.6,7.2],[-122.5,7.9],[-123.8,7.8],[-125.7,8.5],[-125.9,9.1],[-125.8,9.7],[-122,10.2],[-120.9,9.9],[-120.8,9.4],[-120.9,9.2],[-121.3,8.8],[-121.4,8.6],[-121.5,8.9],[-121.9,8.6],[-121.7,8.6],[-121.8,8.5],[-121.7,8.4],[-121.6,8.4],[-121.3,8.5],[-120.6,8.5],[-120.6,8.2],[-120.5,8],[-120.4,8],[-120.2,8.1],[-120.4,8.1],[-120.4,8.4],[-120.5,8.5],[-120.4,8.8],[-119.7,8],[-120.3,7.7],[-120.3,7.5],[-120.6,7.2]]]]}},{"type":"Feature","properties":{},"geometry":{"type":"MultiPolygon","coordinates":[[[[-126.1,9.3],[-126.2,9.6],[-126,9.7],[-125.9,9.6],[-126.1,9.3]]]]}},{"type":"Feature","properties":{},"geometry":{"type":"MultiPolygon","coordinates":[[[[-139.7,9.2],[-140.4,10.3],[-141.3,11.5],[-140.3,12],[-139.4,12.5],[-138.8,12.2],[-138.4,10.7],[-139.3,9.2],[-139.7,9.2]]]]}},{"type":"Feature","properties":{},"geometry":{"type":"MultiPolygon","coordinates":[[[[-139.3,8.8],[-139.7,9.2],[-138.6,9.7],[-138.6,11.5],[-139.3,12.4],[-138.8,12.7],[-138.4,11.6],[-138.2,10.3],[-138.6,9.3],[-139.3,8.8]]]]}},{"type":"Feature","properties":{},"geometry":{"type":"MultiPolygon","coordinates":[[[[-131,-16.3],[-132,-16.1],[-132.2,-16],[-132.5,-15.9],[-133,-15.8],[-133.4,-15.8],[-133.6,-15.8],[-135,-15.5],[-135.4,-15.2],[-135.8,-14.9],[-134.9,-14.2],[-134.1,-13.6],[-133.3,-13.6],[-132.1,-12.7],[-131.9,-14],[-132.2,-14.5],[-131.5,-14.9],[-130.7,-15.4],[-131,-16.3]]]]}},{"type":"Feature","properties":{},"geometry":{"type":"MultiPolygon","coordinates":[[[[-121.4,15.1],[-121.5,15.5],[-121.6,15.3],[-121.8,14.7],[-122,14],[-122,14.5],[-122.6,14.8],[-123,14.6],[-124.7,14.4],[-124.8,14.7],[-125.3,14.9],[-125.7,15.1],[-126.6,14.8],[-127.3,14.9],[-127.8,15.1],[-129.3,15.5],[-130.8,15.3],[-131,15.7],[-132.2,16.5],[-131.9,16.9],[-131.4,16.9],[-129.9,16.7],[-129,16.3],[-127.7,15.6],[-126.8,15.4],[-126.3,15.5],[-126.5,15.9],[-125.9,15.5],[-124.8,15.3],[-123.8,15.3],[-123.1,15.5],[-123.6,15.4],[-124.8,15.5],[-125.3,15.9],[-124.4,15.6],[-123.4,15.6],[-123,15.9],[-122.1,15.8],[-120.7,17.5],[-117.6,17.9],[-119.7,17.2],[-121.1,15.7],[-121.2,15.4],[-121.4,15.1]]]]}},{"type":"Feature","properties":{},"geometry":{"type":"MultiPolygon","coordinates":[[[[-116.4,4.4],[-117.1,4.5],[-117.3,4.9],[-117.1,4.6],[-116.8,4.8],[-116.5,4.6],[-116.4,4.4]]]]}},{"type":"Feature","properties":{},"geometry":{"type":"MultiPolygon","coordinates":[[[[-120.8,6.7],[-121.9,7],[-123.5,7.4],[-125.1,7.5],[-125.4,8],[-123.8,7.8],[-122.5,7.9],[-120.6,7.2],[-120.8,6.7]]]]}},{"type":"Feature","properties":{},"geometry":{"type":"MultiPolygon","coordinates":[[[[-118.7,6.6],[-118.3,6.5],[-118.5,6.4],[-118.9,6.2],[-118.9,6.5],[-118.7,6.6]]]]}},{"type":"Feature","properties":{},"geometry":{"type":"MultiPolygon","coordinates":[[[[-119.9,7],[-119.6,6.9],[-119.2,6.7],[-119.3,6.6],[-119.4,6.4],[-119.7,6.7],[-119.9,7]]]]}},{"type":"Feature","properties":{},"geometry":{"type":"MultiPolygon","coordinates":[[[[-116.5,6.2],[-114.8,6.1],[-114.6,5.7],[-114.9,5.5],[-115.1,5.4],[-115.4,5.6],[-115.8,5.3],[-116.1,5.1],[-116.5,5.1],[-116.8,5.3],[-116.8,5.6],[-117.1,5.7],[-116.5,6.2]]]]}},{"type":"Feature","properties":{},"geometry":{"type":"MultiPolygon","coordinates":[[[[-114.7,4.8],[-115.6,4.5],[-116.3,4.4],[-116.4,4.6],[-115.9,4.7],[-114.7,5.1],[-114.7,4.8]]]]}},{"type":"Feature","properties":{},"geometry":{"type":"MultiPolygon","coordinates":[[[[-117.4,15.5],[-118.4,15.5],[-119.8,13.3],[-120.6,11.9],[-121.5,11.8],[-122.9,12.2],[-124.3,12.5],[-125.5,12.4],[-125.8,12.4],[-127,12.4],[-127.2,12.5],[-127.3,12.9],[-127.5,12.8],[-128.7,13],[-129.9,14.5],[-129.6,15.5],[-128.5,15.3],[-127.4,15],[-126.8,14.8],[-126,14.9],[-125.4,15],[-124.7,14.8],[-124.8,14.4],[-123,14.5],[-122.6,13.8],[-123.1,14.2],[-123.2,14.2],[-122.8,13.5],[-122.4,13.4],[-122.6,12.7],[-122.5,12.9],[-122.2,12.6],[-121.9,12.6],[-121.9,12.7],[-121.8,13.3],[-121.5,13.4],[-121.2,13.2],[-121.4,14.3],[-121.4,14.6],[-121.4,15.1],[-121.2,15.5],[-121,15.9],[-119,17.4],[-117.5,16.9],[-117.4,16.2],[-117.3,15.6],[-117.6,15.7],[-117.4,15.5]]]]}},{"type":"Feature","properties":{},"geometry":{"type":"MultiPolygon","coordinates":[[[[-125,1.1],[-125.1,1.6],[-125.3,1.4],[-125.5,1.6],[-125.6,1.6],[-125.7,1.7],[-125.8,1.7],[-126,1.8],[-126.1,1.8],[-126.2,2],[-126.6,2.1],[-126.9,2],[-127.3,2.7],[-129,7.1],[-128.5,6.4],[-127.8,5.9],[-126.4,5.1],[-126.1,3.9],[-125,2.2],[-125,1.1]]]]}},{"type":"Feature","properties":{},"geometry":{"type":"MultiPolygon","coordinates":[[[[-132.3,6],[-132.3,5.9],[-132.7,5.7],[-132.9,5.6],[-133.5,5.9],[-134,5.9],[-133.8,6.8],[-134.6,7.5],[-134.6,7.6],[-133.6,7.3],[-133.1,7],[-133.3,6.8],[-133.2,6.7],[-132.5,6.2],[-132.4,6.1],[-132.3,6]]]]}},{"type":"Feature","properties":{},"geometry":{"type":"MultiPolygon","coordinates":[[[[-134.8,13.3],[-133.9,15.8],[-131,15.2],[-129.2,13.7],[-130,13.6],[-133.5,13.8],[-134.8,13.3]]]]}},{"type":"Feature","properties":{},"geometry":{"type":"MultiPolygon","coordinates":[[[[-122.6,-7.7],[-122.7,-7.7],[-123,-7.2],[-123.6,-6.3],[-124,-5.8],[-124.7,-5.6],[-124.5,-5.6],[-124.7,-5.3],[-124,-5.4],[-123.7,-5.9],[-123.2,-6.4],[-122.9,-5.9],[-122.6,-6.1],[-122.3,-6.5],[-122.4,-7.1],[-122.5,-7.5],[-122.4,-7.7],[-122.7,-7.7],[-122.6,-7.7]]]]}},{"type":"Feature","properties":{},"geometry":{"type":"MultiPolygon","coordinates":[[[[-130.1,1.8],[-130.8,3.3],[-131.3,3.4],[-131.5,4.5],[-131.8,5.1],[-131.6,5.1],[-131.7,5.4],[-131.8,5.6],[-131.3,5.5],[-130.6,4.9],[-130.4,3.3],[-130.1,2],[-130.1,1.8]]]]}},{"type":"Feature","properties":{},"geometry":{"type":"MultiPolygon","coordinates":[[[[-131.8,5.7],[-131.8,6],[-132.3,6.3],[-133,6.9],[-133.5,7.3],[-134.3,7.5],[-136.3,7.7],[-137.4,7.7],[-138.6,6.3],[-140.2,5.7],[-140.4,5.8],[-138.9,6.6],[-138.3,7.2],[-137.8,7.9],[-137,8.1],[-135.2,7.8],[-133.6,7.6],[-132.6,7.3],[-131.4,6],[-131.6,5.8],[-131.8,5.7]]]]}},{"type":"Feature","properties":{},"geometry":{"type":"MultiPolygon","coordinates":[[[[-129.8,0.7],[-131.1,1.9],[-131.9,2.6],[-132.2,3.3],[-132.3,3.8],[-132.2,4.5],[-131.9,4.7],[-132.1,5.3],[-132,5.6],[-131.8,5.6],[-131.7,5.4],[-131.6,5.1],[-131.8,5.1],[-131.5,4.5],[-131.3,3.4],[-130.8,3.3],[-130.1,1.8],[-129.7,1],[-129.8,0.7]]]]}},{"type":"Feature","properties":{},"geometry":{"type":"MultiPolygon","coordinates":[[[[-132.1,5.8],[-132.2,6],[-131.9,5.7],[-132.1,5.8]]]]}},{"type":"Feature","properties":{},"geometry":{"type":"MultiPolygon","coordinates":[[[[-132.2,6],[-133.1,6.9],[-133.3,7],[-133,6.9],[-132.3,6.3],[-131.8,6],[-132.2,6.1],[-132.2,6]]]]}},{"type":"Feature","properties":{},"geometry":{"type":"MultiPolygon","coordinates":[[[[-129.7,10],[-130,10.4],[-130.3,10.3],[-130.2,10.1],[-129.8,9.7],[-131.4,8.6],[-131.8,8.7],[-132.3,9.1],[-133,10],[-133.4,10.6],[-134.1,11.3],[-134.2,11.7],[-132.6,12.4],[-130.5,12.5],[-128.7,11.8],[-127.2,10.6],[-126.8,10.4],[-126.1,9.3],[-125.6,8.4],[-126.7,9.5],[-127.2,10],[-128.4,10.2],[-129.7,10]]]]}},{"type":"Feature","properties":{},"geometry":{"type":"MultiPolygon","coordinates":[[[[-134.3,11.6],[-135.8,12.6],[-137.1,13.2],[-135.9,14],[-134.8,13.3],[-134,11.9],[-134.3,11.6]]]]}},{"type":"Feature","properties":{},"geometry":{"type":"MultiPolygon","coordinates":[[[[-127.2,2.1],[-128.1,2.2],[-128.8,2],[-129.1,1.8],[-129.2,1.6],[-129.2,1.1],[-129.8,1],[-130.1,2],[-130.4,3.3],[-130.6,4.9],[-130.7,5.3],[-130.7,5.4],[-130.5,5.5],[-131,5.8],[-131.4,6],[-132.6,7.3],[-133.6,7.6],[-133.3,8],[-132.6,8.9],[-132.1,9],[-131.5,8.6],[-129.6,7.4],[-129.1,7.1],[-127.3,2.3],[-127.2,2.1]]]]}},{"type":"Feature","properties":{},"geometry":{"type":"MultiPolygon","coordinates":[[[[-141.8,-9.7],[-144.3,-8.4],[-141.2,-8],[-140.3,-8],[-140.6,-8.6],[-141.5,-8.8],[-141.8,-9],[-141.4,-9.4],[-141.8,-9.7]]]]}},{"type":"Feature","properties":{},"geometry":{"type":"MultiPolygon","coordinates":[[[[-131.4,17],[-130.5,17.2],[-129,17.5],[-127.8,17.8],[-127.4,17.5],[-126.6,17.1],[-125.5,16.9],[-124.2,16.8],[-123.3,17.2],[-122.5,17.7],[-122.1,18.3],[-121.7,18.9],[-120.4,19],[-119.4,19],[-118.6,18.9],[-117.9,18.5],[-118.2,18.1],[-121.3,17],[-122.4,15.7],[-123.2,15.9],[-123.6,15.6],[-124.8,15.6],[-125.3,15.8],[-124.5,15.5],[-123.5,15.4],[-123.1,15.5],[-124.2,15.3],[-125,15.4],[-126.2,15.7],[-126.6,15.9],[-126.3,15.4],[-126.9,15.5],[-127.9,15.6],[-129.1,16.3],[-130.5,16.5],[-131.4,17]]]]}},{"type":"Feature","properties":{},"geometry":{"type":"MultiPolygon","coordinates":[[[[-133.5,5.7],[-133.7,5.6],[-133.8,5.6],[-134,5.9],[-133.5,5.8],[-133.5,5.7]]]]}},{"type":"Feature","properties":{},"geometry":{"type":"MultiPolygon","coordinates":[[[[-134,5.9],[-136.3,5.6],[-138,5.5],[-138.9,5.1],[-139.3,5],[-140.8,4.6],[-143.1,4.4],[-142.8,5.6],[-140.5,5.7],[-139.1,6],[-137.6,7.5],[-136.5,7.7],[-135,7.6],[-134.2,7.2],[-133.8,6.1],[-134,5.9]]]]}},{"type":"Feature","properties":{},"geometry":{"type":"MultiPolygon","coordinates":[[[[-126.2,-19.8],[-126.4,-19.8],[-126.3,-19.7],[-126.5,-19.3],[-126.6,-18.4],[-127.6,-17.3],[-128.2,-17.6],[-128,-17.7],[-128.1,-17.5],[-128.4,-17.3],[-128.3,-16.3],[-128.1,-16.2],[-128.1,-16.1],[-129.2,-16],[-130,-15.8],[-129.6,-16.4],[-129.3,-16.6],[-129.4,-16.6],[-129.8,-16.5],[-129.9,-16.7],[-130.2,-16.6],[-129.9,-16.4],[-130.5,-16.4],[-130.8,-16.4],[-130.8,-16.1],[-130.9,-15.4],[-131.6,-14.8],[-132.1,-14.5],[-131.4,-12.8],[-130.9,-12.9],[-130.4,-13.3],[-129.6,-13.8],[-129.1,-14.1],[-128.5,-14.4],[-128.1,-14.4],[-127.5,-14.3],[-127.2,-14.9],[-127.4,-14.9],[-127.2,-15.1],[-127.1,-15.4],[-126.2,-16.4],[-125.9,-16.5],[-125.2,-17.1],[-123.9,-17.8],[-124,-17.8],[-124.4,-17.7],[-124.9,-17.4],[-125.3,-17.6],[-125.5,-17.5],[-125.2,-17.6],[-124.4,-17.7],[-123.6,-18.2],[-123.8,-18.5],[-124,-18.6],[-123.6,-18.8],[-123.7,-18.8],[-123.5,-19.2],[-123.6,-19.5],[-123.7,-19.6],[-123.8,-19.7],[-124.1,-19.7],[-124,-20],[-124.2,-19.9],[-124.2,-20.2],[-124.3,-20.2],[-124.4,-20.4],[-124.6,-20.4],[-125.3,-20.3],[-125.7,-20.2],[-125.9,-20],[-126.1,-19.8],[-126.2,-19.8]]]]}},{"type":"Feature","properties":{},"geometry":{"type":"MultiPolygon","coordinates":[[[[-158.2,-1.8],[-158.6,-1],[-158.6,-0.8],[-158.9,0.3],[-158.8,0.9],[-158.4,1.8],[-158.5,2],[-158.5,2.2],[-158.2,3.2],[-158,3.2],[-158,2.6],[-157.4,2.3],[-157.2,1.4],[-157.2,0.5],[-157.3,-0.8],[-158.2,-1.8]]]]}},{"type":"Feature","properties":{},"geometry":{"type":"MultiPolygon","coordinates":[[[[-143.8,4.2],[-144.2,3.3],[-145.6,1.2],[-145.3,2.7],[-145.8,4.3],[-147,5.7],[-145.1,5.3],[-142.8,5.6],[-143.8,4.2]]]]}},{"type":"Feature","properties":{},"geometry":{"type":"MultiPolygon","coordinates":[[[[-138.4,-4.2],[-138.1,-4.3],[-138.2,-4.4],[-138.4,-4.2]]]]}},{"type":"Feature","properties":{},"geometry":{"type":"MultiPolygon","coordinates":[[[[-139,-3.7],[-140.7,-2.6],[-140.5,-3.3],[-139.6,-4.5],[-140.4,-4],[-141,-2.8],[-141.3,-2.8],[-143,-2.3],[-143.5,-2.5],[-144.4,-2.5],[-145.7,-2.2],[-146.5,-1.6],[-147.5,-0.5],[-148.9,-0.3],[-149.6,0],[-148.6,-0.1],[-147.5,-0.4],[-146.6,-0.7],[-144.8,-2],[-143.6,-2.1],[-143,-1.7],[-142.6,-1.7],[-141.6,-2],[-141,-2.3],[-139.8,-2.2],[-139.4,-2.5],[-139,-3.7]]]]}},{"type":"Feature","properties":{},"geometry":{"type":"MultiPolygon","coordinates":[[[[-139.3,-7.6],[-139.2,-7.4],[-139.1,-7.4],[-139.3,-7.6]]]]}},{"type":"Feature","properties":{},"geometry":{"type":"MultiPolygon","coordinates":[[[[-139.6,-7.8],[-140.1,-7.5],[-140.3,-6.5],[-140.2,-6.3],[-140,-6],[-139.5,-7.1],[-139.6,-7.7],[-139.6,-7.8]]]]}},{"type":"Feature","properties":{},"geometry":{"type":"MultiPolygon","coordinates":[[[[-140.2,-8],[-141.9,-8.1],[-141.1,-7.4],[-140.5,-7.3],[-140.2,-7.7],[-140.2,-8]]]]}},{"type":"Feature","properties":{},"geometry":{"type":"MultiPolygon","coordinates":[[[[-150.2,14.8],[-151.5,16.7],[-150.8,18.2],[-149.9,18.6],[-149.1,19],[-148.6,20.1],[-147.2,20.4],[-146.6,19.5],[-147.1,16.5],[-146.7,14],[-148,15.7],[-149.5,16.5],[-150.2,14.8]]]]}},{"type":"Feature","properties":{},"geometry":{"type":"MultiPolygon","coordinates":[[[[-156.3,13.6],[-157.2,12.6],[-157.4,11.8],[-158,11.3],[-159.1,8.7],[-159.3,7.3],[-160.2,5.5],[-159.9,4.1],[-161.9,3.6],[-162.5,4.4],[-160.6,8],[-158.7,10.9],[-158,12],[-157.8,12.7],[-157.5,13.4],[-156.8,13.7],[-156.1,14.1],[-155.8,14.3],[-156.3,13.6]]]]}},{"type":"Feature","properties":{},"geometry":{"type":"MultiPolygon","coordinates":[[[[-151.8,14.7],[-153.8,14.8],[-153.7,16.3],[-154.2,17.2],[-152.6,17.3],[-150.8,18.3],[-149.9,18.6],[-150.8,18.2],[-151.5,16.7],[-151.8,14.7]]]]}},{"type":"Feature","properties":{},"geometry":{"type":"MultiPolygon","coordinates":[[[[-125.3,-16.3],[-126,-16.3],[-125.8,-15.5],[-124.2,-13.6],[-123.1,-12],[-122.9,-11.8],[-122.7,-11.6],[-122.5,-11.4],[-122.4,-11.6],[-122.2,-11.2],[-122,-11.3],[-121.9,-11.2],[-121.8,-11.2],[-121.7,-11.2],[-122.4,-12.3],[-123.3,-13.4],[-124.1,-14.7],[-125.2,-15.7],[-125.3,-16.3]]]]}},{"type":"Feature","properties":{},"geometry":{"type":"MultiPolygon","coordinates":[[[[-160.7,-6.9],[-161.8,-3.4],[-160.5,-4],[-158.6,-7.1],[-158.5,-8.3],[-160.7,-6.9]]]]}},{"type":"Feature","properties":{},"geometry":{"type":"MultiPolygon","coordinates":[[[[94.1,-66.5],[96,-67],[97.7,-66.6],[99.4,-67],[98.1,-67.5],[95.6,-67.8],[94.6,-68],[90.9,-68.7],[88.8,-69.1],[88.8,-69.5],[88,-69.3],[87.2,-69.2],[85.9,-69],[85.1,-68.9],[87.5,-68.8],[91,-68.2],[93.4,-67.5],[94.1,-66.5]]]]}},{"type":"Feature","properties":{},"geometry":{"type":"MultiPolygon","coordinates":[[[[-42.7,-60],[-42.6,-60.3],[-42.6,-60.4],[-42.4,-60.7],[-41.3,-60.9],[-41.5,-61.3],[-40.8,-61.3],[-39.9,-61.1],[-39.2,-61.1],[-39.7,-61.2],[-39.1,-61.2],[-38.4,-61.5],[-37.9,-62],[-37.5,-62],[-36,-61.7],[-34.5,-63.5],[-38.7,-63.8],[-46.1,-64.2],[-54,-63.9],[-56.2,-62.3],[-55.4,-61.6],[-52.1,-62],[-52.6,-61.7],[-51.9,-61.8],[-51.5,-61.6],[-49.6,-60.8],[-49.2,-61.2],[-49.7,-61.4],[-49.2,-61.4],[-49,-61.1],[-47.7,-60.9],[-46.7,-61.2],[-46.8,-61.1],[-45.3,-61.2],[-45.1,-61.1],[-44.8,-61.1],[-43.6,-61.4],[-44.2,-61],[-44.1,-60.7],[-43.7,-60.5],[-43.9,-60.2],[-43.9,-59.8],[-43.5,-59.7],[-42.7,-60]]]]}},{"type":"Feature","properties":{},"geometry":{"type":"MultiPolygon","coordinates":[[[[-55.4,-56.6],[-53.7,-56.9],[-53.6,-57.5],[-53.4,-58.2],[-53.6,-58.7],[-53.8,-58.6],[-53.9,-58.6],[-53.9,-59.3],[-54.5,-59.4],[-53.1,-60.1],[-54.4,-60.5],[-54.6,-60.7],[-55.3,-60.6],[-56,-60.6],[-55.5,-60.8],[-55.5,-61],[-56,-61.3],[-57.1,-61.1],[-57.9,-60.7],[-58.5,-60.5],[-59.7,-60.2],[-60.6,-59.7],[-61.1,-59.9],[-61.5,-59.9],[-61.7,-59.7],[-62.2,-59.4],[-62.7,-59.3],[-63.2,-59.4],[-63.3,-59],[-62.1,-59.2],[-61.1,-59],[-60.6,-59],[-59.2,-59.4],[-58.2,-59.3],[-59.4,-59.3],[-60.2,-58.7],[-59.9,-58.5],[-60.6,-58.2],[-60.5,-58.1],[-59.8,-58.1],[-58.6,-58],[-58.2,-57.8],[-57.9,-57.5],[-57.3,-57.7],[-56.7,-57.8],[-56.6,-57.7],[-56.2,-57.5],[-55.9,-57.5],[-55.5,-57.3],[-55.8,-57.1],[-55.4,-56.6]]]]}},{"type":"Feature","properties":{},"geometry":{"type":"MultiPolygon","coordinates":[[[[-63.3,-55.6],[-62.9,-55.6],[-60.9,-56.3],[-59.2,-56.4],[-59.2,-56.5],[-59.7,-57],[-60.8,-57.3],[-61.3,-57.2],[-61.6,-57.1],[-62.4,-56.9],[-62.7,-56.8],[-63,-56.6],[-63.4,-56.7],[-63.8,-56.6],[-64.2,-56.4],[-64.1,-56.2],[-63.8,-56.1],[-64.4,-55.8],[-63.5,-55.8],[-63.7,-55.6],[-63.3,-55.8],[-63.3,-55.6]]]]}},{"type":"Feature","properties":{},"geometry":{"type":"MultiPolygon","coordinates":[[[[-51.6,-61.6],[-51.9,-61.6],[-52.1,-61.6],[-51.6,-61.6]]]]}},{"type":"Feature","properties":{},"geometry":{"type":"MultiPolygon","coordinates":[[[[-38.2,-61.5],[-37.9,-61.8],[-38.2,-61.8],[-38.3,-61.5],[-38.2,-61.5]]]]}},{"type":"Feature","properties":{},"geometry":{"type":"MultiPolygon","coordinates":[[[[180,-32],[179.8,-34.7],[178.5,-33.1],[176.3,-32.5],[172.8,-31.5],[175.4,-30.8],[177.4,-31.5],[178.6,-31.9],[180,-32]]]]}},{"type":"Feature","properties":{},"geometry":{"type":"MultiPolygon","coordinates":[[[[-180,-35],[-179.1,-32.1],[-178.2,-32.2],[-177.7,-33.3],[-178.2,-33.5],[-177.9,-34.3],[-177.4,-35.1],[-177.2,-35.7],[-178.3,-36],[-180,-35.2],[-180,-35]]]]}},{"type":"Feature","properties":{},"geometry":{"type":"MultiPolygon","coordinates":[[[[-171,-49.4],[-171.2,-47.8],[-173.1,-45.8],[-173.7,-44.9],[-172.7,-44.1],[-171.7,-45.9],[-170.3,-47.7],[-170.1,-49.5],[-170.5,-50.8],[-170.7,-50.7],[-171,-49.4]]]]}},{"type":"Feature","properties":{},"geometry":{"type":"MultiPolygon","coordinates":[[[[-166.1,-69.7],[-166.8,-68.3],[-166.8,-68],[-166.2,-67.9],[-166.5,-67.7],[-166.5,-66.9],[-166.1,-66],[-163.2,-66],[-157.5,-66],[-155.1,-64.7],[-153.1,-64.1],[-155.6,-66.2],[-161.5,-68],[-166.1,-69.7]]]]}},{"type":"Feature","properties":{},"geometry":{"type":"MultiPolygon","coordinates":[[[[144.5,-49.9],[145.5,-49.6],[145.6,-48.7],[145.6,-48.3],[146.5,-48.1],[146.5,-47.9],[146.7,-47.6],[147.1,-47.5],[147.4,-46.9],[147.7,-46.7],[147.5,-46.7],[148,-46.1],[148,-45.8],[148,-45.5],[147.8,-45.2],[147.9,-45.1],[148.1,-44.9],[148.4,-44.5],[149.1,-43.9],[149.6,-43.5],[149.7,-43.3],[149.9,-43.2],[150,-43.2],[150.4,-42.7],[150.7,-42.2],[150.7,-42],[151.1,-41.8],[151,-41.7],[151.3,-41.6],[151.5,-41.3],[151.8,-41.2],[152.1,-41.1],[153.2,-40.9],[153.4,-40.9],[153.4,-40.7],[154.3,-40.8],[155.1,-40.9],[155.8,-41],[156,-41],[157.6,-40.9],[158,-40.9],[158.6,-40.8],[158.9,-40.5],[160.4,-40.5],[161.3,-40.4],[160.9,-41.5],[158.7,-43.9],[156.9,-44.9],[156.6,-45.9],[156.1,-46.6],[155.3,-47],[153.3,-48.1],[151.1,-49.1],[149.1,-50.5],[148.5,-51.8],[145.2,-53.8],[145,-50.6],[144.5,-49.9]]]]}},{"type":"Feature","properties":{},"geometry":{"type":"MultiPolygon","coordinates":[[[[144.9,-49],[144.9,-48.8],[145.1,-49.2],[144.7,-49.2],[144.9,-49]]]]}},{"type":"Feature","properties":{},"geometry":{"type":"MultiPolygon","coordinates":[[[[-121.2,-5.8],[-121.1,-5.6],[-121,-5.5],[-121.2,-5.8]]]]}},{"type":"Feature","properties":{},"geometry":{"type":"MultiPolygon","coordinates":[[[[119.3,-38.9],[120.6,-41.8],[122.3,-43],[123.8,-43.9],[120.4,-44.3],[116.9,-39.5],[117.7,-38],[119.3,-38.9]]]]}},{"type":"Feature","properties":{},"geometry":{"type":"MultiPolygon","coordinates":[[[[127.5,-31.5],[128.1,-34.6],[126.5,-36.8],[127.2,-39.5],[127,-42.3],[124.7,-44.8],[124,-45.3],[123.7,-45],[123.8,-43.9],[125,-40.8],[125.1,-37.9],[125.3,-33.9],[126.2,-31.1],[127.5,-31.5]]]]}},{"type":"Feature","properties":{},"geometry":{"type":"MultiPolygon","coordinates":[[[[-112,-84.6],[-120.2,-83.5],[-122.9,-82.6],[-115.7,-82.3],[-104.1,-83.4],[-95.5,-84.5],[-105.2,-84.6],[-112,-84.6]]]]}},{"type":"Feature","properties":{},"geometry":{"type":"MultiPolygon","coordinates":[[[[-159.9,-10.9],[-160.3,-7.7],[-158.3,-9.5],[-158.2,-11.3],[-159.1,-12.9],[-159.9,-10.9]]]]}},{"type":"Feature","properties":{},"geometry":{"type":"MultiPolygon","coordinates":[[[[86.5,-69.3],[86.4,-69.5],[87.5,-69.7],[87.1,-70.6],[83.8,-71.1],[82.7,-71],[81.1,-71],[79.6,-70.9],[80.5,-70.5],[81.1,-69.7],[82.9,-69.3],[84.7,-69.3],[86.5,-69.3]]]]}},{"type":"Feature","properties":{},"geometry":{"type":"MultiPolygon","coordinates":[[[[164.4,-45.6],[161.8,-44],[163,-41.3],[164.3,-41.2],[165.9,-41.5],[167.8,-41.3],[169.2,-41.3],[170.9,-41.3],[171.8,-42.5],[170.6,-43.8],[168.5,-44.5],[166.9,-44.7],[165.1,-45],[164.9,-45.7],[164.4,-45.6]]]]}},{"type":"Feature","properties":{},"geometry":{"type":"MultiPolygon","coordinates":[[[[98.3,-47.2],[100.4,-46.8],[101.6,-47.3],[102.3,-47.7],[103.4,-48],[105.1,-48.6],[106.6,-49.1],[107.9,-49.6],[108.5,-50],[108.5,-50.2],[101.1,-49.6],[98.3,-47.2]]]]}},{"type":"Feature","properties":{},"geometry":{"type":"MultiPolygon","coordinates":[[[[123,-22.9],[123.8,-23.9],[126.1,-26.9],[127.8,-28.7],[128.6,-29],[128.5,-29.2],[128.6,-29.5],[128.6,-29.6],[128.4,-29.5],[128.4,-29.7],[128.6,-29.9],[128.5,-30],[128.7,-30.1],[128.7,-30.3],[128.4,-30.5],[128.8,-30.5],[128.7,-30.7],[128.2,-30.8],[128.3,-30.9],[128.7,-31.1],[128.7,-31.3],[128,-31.2],[128.1,-31.5],[125.4,-31.4],[125.5,-34.8],[124.1,-35],[123.3,-36.6],[119.3,-38.9],[117.7,-38],[116.6,-37],[119.3,-35],[120.7,-33.3],[122.8,-30.2],[123.1,-29.1],[123.5,-26.3],[123.4,-25.2],[122.6,-23.3],[123,-22.9]]]]}},{"type":"Feature","properties":{},"geometry":{"type":"MultiPolygon","coordinates":[[[[-173.7,-39.2],[-175.1,-38.2],[-175.7,-37.2],[-175.5,-36.2],[-175.3,-36.6],[-174.3,-37.7],[-173.7,-38.9],[-173.7,-39.2]]]]}},{"type":"Feature","properties":{},"geometry":{"type":"MultiPolygon","coordinates":[[[[141.2,-69],[142.1,-65.5],[147.7,-64.6],[155.2,-67.9],[166.2,-71.6],[171,-73.4],[157.9,-72.7],[148.3,-71.8],[141.2,-69]]]]}},{"type":"Feature","properties":{},"geometry":{"type":"MultiPolygon","coordinates":[[[[126.9,-50.1],[127,-50.1],[127.1,-49.9],[127.1,-49.8],[127.3,-49.5],[129,-49.8],[132,-49.5],[134.8,-49.4],[137.7,-50],[140,-48.3],[141.4,-47.5],[144.8,-46.4],[146.2,-45.2],[146.4,-45.5],[146,-46.8],[145.3,-47.2],[144.6,-48.3],[144.2,-48.6],[143.7,-48.6],[143.1,-48.7],[142.2,-48.9],[140.9,-49.1],[140.4,-49.5],[139.7,-50.2],[137.1,-51.4],[135.3,-51.2],[135.1,-51],[134.7,-51],[134.5,-50.7],[134.1,-50.6],[134.1,-50.4],[134,-50.6],[133.4,-50.4],[133.4,-50.2],[133,-50],[132.1,-50.2],[131.9,-50.2],[131.2,-50.2],[130.6,-50.2],[130.6,-50.1],[130.4,-50.4],[130,-50.6],[129.7,-50.5],[129.9,-50.1],[129.2,-50.2],[128.1,-50.1],[127.7,-50.5],[127,-50.2],[126.9,-50.1]]]]}},{"type":"Feature","properties":{},"geometry":{"type":"MultiPolygon","coordinates":[[[[142.4,-44.4],[142.8,-44.2],[143.7,-44],[144.2,-44.1],[145.7,-44.5],[146.2,-45.2],[145.3,-46.2],[142.5,-46.8],[140.6,-47.4],[141.2,-46.6],[142.4,-44.4]]]]}},{"type":"Feature","properties":{},"geometry":{"type":"MultiPolygon","coordinates":[[[[129.6,-48],[129.8,-47.8],[130,-47.7],[130.1,-47.5],[131.1,-47.6],[131.4,-47.8],[132.4,-47.3],[133.4,-47.2],[134.7,-46.6],[133.6,-47.8],[131.1,-48.5],[130.8,-48.3],[129.6,-48]]]]}},{"type":"Feature","properties":{},"geometry":{"type":"MultiPolygon","coordinates":[[[[138.9,-45.5],[138.4,-46.3],[136.5,-46.2],[137,-46.1],[138.9,-45.5]]]]}},{"type":"Feature","properties":{},"geometry":{"type":"MultiPolygon","coordinates":[[[[125.5,-34.8],[125.3,-39],[124.9,-41.8],[123.2,-43.1],[120.8,-42.1],[119.7,-39.6],[122.2,-37.1],[123.8,-35.3],[125.1,-34.5],[125.5,-34.8]]]]}},{"type":"Feature","properties":{},"geometry":{"type":"MultiPolygon","coordinates":[[[[115.9,-37.5],[119,-42.3],[119,-45.7],[116.4,-45.6],[114.5,-45.4],[115,-44.1],[114.7,-42.1],[113,-39.9],[114.6,-38.6],[115.9,-37.5]]]]}},{"type":"Feature","properties":{},"geometry":{"type":"MultiPolygon","coordinates":[[[[146.2,-42.7],[145.4,-42.6],[145.6,-42.3],[144.8,-41.9],[144.4,-41.5],[144.2,-41],[144.9,-41.2],[146.2,-42.6],[146.2,-42.7]]]]}},{"type":"Feature","properties":{},"geometry":{"type":"MultiPolygon","coordinates":[[[[106.5,-14.6],[106.3,-13.7],[106.3,-13.8],[107.2,-14.3],[107.2,-14.9],[106.9,-14.9],[106.5,-14.7],[106.5,-14.6]]]]}},{"type":"Feature","properties":{},"geometry":{"type":"MultiPolygon","coordinates":[[[[94.9,-19.2],[96.4,-22.3],[98.9,-25.5],[102.4,-25.7],[103.4,-25.5],[107.8,-23.4],[108.3,-23.5],[107.9,-24.6],[107.7,-25.2],[107.4,-25.8],[106.6,-26.7],[104.7,-28.3],[103.6,-29.7],[103.1,-31],[102.9,-31.8],[102.6,-31.5],[102.3,-30.5],[101.9,-29.6],[101.3,-28.7],[100.7,-27.9],[99.7,-27.1],[98.7,-26.4],[97.6,-25.6],[97,-24.8],[96.3,-23.6],[95,-20.1],[94.9,-19.2]]]]}},{"type":"Feature","properties":{},"geometry":{"type":"MultiPolygon","coordinates":[[[[105.9,-15.8],[99.4,-16.1],[95.3,-13.9],[91.4,-13],[91.3,-12.3],[91.9,-12.5],[92,-12.4],[91.8,-12.3],[91.8,-12.1],[92,-12.1],[92,-12.2],[92.3,-12.2],[92.2,-11.9],[92.6,-12],[92.8,-11.5],[92.9,-11.8],[93.1,-11.8],[93.6,-12],[93.8,-11.8],[94.1,-11.5],[94.4,-11.5],[94.7,-11.5],[94.9,-11.4],[95.1,-11.5],[95,-11.8],[95.3,-11.7],[95.2,-11.4],[95.4,-11.5],[95.2,-11.3],[95.6,-11.2],[96,-11.2],[96.1,-10.9],[96.3,-10.9],[96.5,-11.2],[96.4,-10.9],[96.6,-10.9],[96.6,-11.1],[96.9,-11.1],[97,-11],[97.1,-11.2],[97.2,-11],[97.4,-10.9],[97.6,-11.2],[97.7,-11.3],[97.9,-11.2],[98,-11.2],[98.1,-11.1],[98.5,-11.1],[98.6,-11.2],[98.8,-11.2],[99,-11.2],[99.2,-11.4],[99.3,-11.4],[99.4,-11.3],[99.6,-11.6],[99.8,-11.4],[100.3,-11.4],[100.6,-11.6],[100.7,-11.7],[100.9,-12],[101.1,-12.1],[101.3,-12.1],[101.1,-12.3],[101.5,-12.3],[101.7,-12.5],[101.7,-12.4],[101.9,-12.3],[101.9,-12.7],[101.8,-13.2],[101.8,-13.3],[101.9,-13.1],[102.1,-13],[102.2,-12.8],[102.5,-12.8],[102.8,-13],[102.7,-13.1],[103,-13.1],[103.3,-13.4],[103.5,-13.4],[103.9,-13.5],[104,-13.6],[104.3,-13.7],[104.3,-13.8],[104.5,-14],[105,-14.1],[105.1,-14.3],[105.5,-14.3],[105.5,-14],[106.1,-13.9],[106.1,-14],[105.9,-14.3],[105.9,-14.6],[105.5,-14.8],[105.3,-14.9],[105.4,-15],[105.3,-15.2],[105.7,-15.2],[105.7,-15.3],[105.8,-15.6],[105.9,-15.8]]]]}},{"type":"Feature","properties":{},"geometry":{"type":"MultiPolygon","coordinates":[[[[107,-16.4],[107.4,-16.4],[107.7,-16.5],[107.7,-16.8],[107.8,-16.6],[108,-16.6],[108.2,-16.5],[108.3,-17.4],[107,-16.4]]]]}},{"type":"Feature","properties":{},"geometry":{"type":"MultiPolygon","coordinates":[[[[95,-9],[95.2,-9.5],[94.9,-9.1],[95,-9]]]]}},{"type":"Feature","properties":{},"geometry":{"type":"MultiPolygon","coordinates":[[[[105.9,-12.9],[106.2,-13.6],[105.9,-13.4],[105.9,-12.9]]]]}},{"type":"Feature","properties":{},"geometry":{"type":"MultiPolygon","coordinates":[[[[96,-10.8],[96.1,-10.8],[95.9,-10.9],[96,-10.8]]]]}},{"type":"Feature","properties":{},"geometry":{"type":"MultiPolygon","coordinates":[[[[69.9,-1.2],[70,1.4],[69.5,2.7],[71.4,3.4],[74.5,2.8],[74.5,1.3],[71.8,-0.9],[69.9,-1.2]]]]}},{"type":"Feature","properties":{},"geometry":{"type":"MultiPolygon","coordinates":[[[[79.8,2],[78.9,1.6],[76.9,2.7],[74.9,3.8],[70.6,4.8],[73.6,5.4],[75.5,4.7],[76.3,3.9],[77.2,3.5],[79.7,2.2],[79.8,2]]]]}},{"type":"Feature","properties":{},"geometry":{"type":"MultiPolygon","coordinates":[[[[67.2,-9.8],[67.5,-11.5],[68.4,-14.1],[68.9,-15.8],[70.1,-17.5],[70.6,-19.3],[70.8,-22.4],[71.5,-24.5],[70.5,-23.6],[69.2,-22.2],[67.6,-17.5],[67.4,-14.4],[67.2,-9.8]]]]}},{"type":"Feature","properties":{},"geometry":{"type":"MultiPolygon","coordinates":[[[[53.9,-22.6],[54.5,-19.9],[56.8,-21.1],[58.2,-23],[58.9,-24.1],[60.5,-26],[60.9,-27.6],[60.6,-29.7],[59,-32.3],[56.9,-31.7],[55.1,-29.1],[54.2,-27.4],[53.8,-25.3],[54,-22.9],[53.9,-22.6]]]]}},{"type":"Feature","properties":{},"geometry":{"type":"MultiPolygon","coordinates":[[[[-42.8,-34.1],[-42.7,-34.4],[-42.5,-34.5],[-42.3,-34.5],[-42.2,-34.8],[-41.7,-35],[-41.5,-35.1],[-41.4,-35],[-40.8,-35],[-40.3,-35],[-40.7,-35.1],[-40.4,-35.1],[-40.2,-35.3],[-40,-35.3],[-40.1,-35.7],[-39.7,-35.2],[-39.2,-35.2],[-39,-35.1],[-37.5,-35.6],[-37.5,-35.5],[-36.9,-35.6],[-36.4,-35.8],[-35.6,-36.5],[-36.7,-37.8],[-38.6,-37.8],[-38.9,-37.7],[-39.6,-37.5],[-40,-37.5],[-39.5,-37.8],[-39.3,-38],[-39.2,-38.2],[-38.3,-38.3],[-38.1,-38.4],[-38.1,-38.8],[-37.8,-39.2],[-37.6,-39.4],[-37.5,-39.7],[-37.1,-39.7],[-36.7,-39.8],[-35.8,-39.8],[-36,-39.3],[-36.8,-39.2],[-36.7,-38.7],[-35.9,-38.9],[-35.8,-38.9],[-34.7,-38.8],[-35,-38.5],[-35.6,-37.9],[-35,-36.6],[-34.2,-36.6],[-34,-36.5],[-34.4,-35.8],[-33.7,-35.7],[-31.2,-35.4],[-25.6,-34.2],[-24.1,-35.4],[-21.5,-37.2],[-16.8,-40],[-13.9,-42],[-8.6,-44.5],[-7.4,-45],[-7.3,-45.1],[-7.5,-45.7],[-5.8,-46.7],[-7.1,-47.8],[-11.1,-50],[-10.2,-49.3],[-11.2,-48.5],[-12,-48.3],[-12.5,-48.7],[-12.7,-48.9],[-13,-49],[-13.6,-49.4],[-13.7,-49.6],[-13.9,-50.3],[-14.2,-50.4],[-14.1,-50.6],[-13.8,-50.8],[-13.9,-50.9],[-14,-51],[-14.1,-51],[-18.7,-52.6],[-21.5,-53.2],[-23.3,-56.5],[-24.4,-57],[-24.3,-56.8],[-24,-56.7],[-23.6,-56.5],[-23.6,-55.7],[-23.1,-55.6],[-24.2,-55.3],[-23.8,-55],[-23.5,-54.5],[-23.8,-54.4],[-24.6,-54.8],[-25.5,-55.4],[-26,-55.7],[-26.8,-56.3],[-26.9,-56.4],[-27.5,-56.8],[-27.4,-57],[-27.2,-57.2],[-26.9,-57.2],[-26.4,-57.4],[-27,-57],[-27.3,-56.7],[-25.5,-57],[-24.7,-57],[-25.4,-57.4],[-25.8,-57.9],[-26.8,-58.6],[-27.6,-58.5],[-28.8,-58],[-29.2,-58.1],[-28.8,-57.6],[-28.5,-57.3],[-29.1,-57.1],[-30.3,-57.4],[-30.6,-57.3],[-31.4,-57.2],[-30.9,-57.1],[-31,-57.1],[-31.5,-57.1],[-32,-57.3],[-32.4,-57.9],[-33,-57.7],[-32.7,-58.2],[-32.9,-58.4],[-33.3,-58.4],[-32.8,-58.7],[-32.9,-59],[-33.5,-59.6],[-33.5,-59.3],[-33.9,-59.6],[-38.8,-59.7],[-37.6,-59.4],[-38.2,-58],[-38.4,-57.5],[-39.1,-57.2],[-39.6,-57.2],[-40.7,-56.9],[-41.2,-56.9],[-41.8,-56.8],[-42.5,-56.5],[-43.1,-56.2],[-44.8,-56.1],[-47.5,-56],[-49.4,-56.2],[-50.7,-57.1],[-50.7,-56.8],[-51.4,-56.9],[-52.2,-56.9],[-50.6,-56.1],[-49.2,-55.1],[-48.9,-54.2],[-48.8,-53.5],[-49.3,-51.6],[-47.8,-50.3],[-47.4,-50.4],[-46.1,-50.5],[-46.5,-50.9],[-45.9,-50.5],[-45.6,-50.2],[-45.5,-50.2],[-44.8,-49.9],[-45.1,-48.6],[-44.6,-47.6],[-43.3,-48],[-42.5,-47.2],[-42.8,-46.8],[-43.3,-46.3],[-43.4,-46.1],[-43,-45.7],[-42.4,-45.6],[-42.2,-45.5],[-41.8,-45.4],[-41.1,-45.4],[-40.1,-45],[-39.5,-44.9],[-38.9,-44.6],[-39.9,-44.4],[-39.9,-44.1],[-40.2,-44.3],[-40.8,-44.4],[-41.1,-44.4],[-41.4,-44.4],[-41.6,-44.6],[-41.7,-44.6],[-41.8,-44.7],[-42.2,-44.7],[-42.5,-44.8],[-42.8,-45.1],[-43.2,-45.1],[-43.8,-45.3],[-43.6,-45.1],[-43.9,-45.1],[-43.7,-45],[-44,-44.9],[-44.6,-44.6],[-44.9,-44.6],[-44.9,-44.3],[-44.9,-44.2],[-44.8,-43.9],[-44.8,-43.6],[-44.9,-42.9],[-45,-42.7],[-45.1,-42.6],[-45,-42.3],[-44.9,-41.9],[-44.6,-41.9],[-44.5,-41.6],[-44.2,-41.5],[-44.1,-41.3],[-43.8,-41.2],[-43.6,-40.8],[-43.3,-40.4],[-43,-40.1],[-42.9,-39.9],[-42.9,-39.6],[-43.5,-39.3],[-43.8,-39.4],[-44,-39.4],[-44.1,-39.4],[-44.6,-39.3],[-44.5,-39.6],[-44.7,-39.7],[-45,-39.8],[-45.2,-39.8],[-45.3,-40.3],[-45,-40.6],[-45.3,-41],[-45.6,-41.5],[-45.7,-41.5],[-46.1,-41.8],[-46.6,-41.9],[-46.6,-42],[-46.8,-42.1],[-46.8,-42.2],[-47,-42.4],[-47.3,-42.1],[-47.3,-42.7],[-47.5,-42.8],[-47.5,-43.5],[-47.7,-43.5],[-47.7,-43.7],[-47.7,-43.8],[-47.7,-44.1],[-47.7,-44.4],[-47.3,-44.5],[-46.9,-44.9],[-46.9,-45],[-46.5,-45.3],[-46.8,-45.4],[-47.3,-45.7],[-47,-45.7],[-47,-45.9],[-47.1,-45.8],[-47.4,-46.1],[-47.6,-46.1],[-47.7,-46.3],[-48.1,-46.3],[-48.1,-46.5],[-48.2,-46.6],[-48.5,-46.7],[-48.4,-47],[-48.5,-47.1],[-48.7,-47.2],[-48.5,-47.4],[-48.7,-47.5],[-48.7,-48],[-48.8,-48.1],[-48.9,-48.4],[-49.7,-48.9],[-50.4,-48.8],[-50.9,-49.2],[-52.2,-48.4],[-51.8,-48.2],[-52.1,-47.8],[-52.3,-47.4],[-52.2,-47],[-52.1,-46.4],[-52.1,-46.5],[-52.5,-46.6],[-52.2,-46.3],[-52.4,-46.3],[-52.4,-46.2],[-52.3,-45.6],[-52.6,-45.4],[-52.6,-45.1],[-52.4,-44.7],[-52.7,-45],[-52.9,-45.5],[-53.1,-45.5],[-53.3,-45.4],[-53.6,-45.5],[-54,-45.6],[-54.1,-45.7],[-54.8,-46],[-55.1,-46.1],[-55.7,-46],[-55.8,-45.9],[-55.8,-45.8],[-55.9,-45.8],[-56.5,-45.3],[-56.3,-44.8],[-55.9,-45.1],[-56,-45],[-55.8,-44.8],[-55.8,-44.7],[-55.7,-44.6],[-55.6,-44.5],[-55.7,-44.5],[-55.9,-44.5],[-56.2,-44.4],[-56.3,-44.5],[-56.1,-44.2],[-56,-44.2],[-55.4,-44.2],[-55.8,-44],[-55.4,-43.9],[-55.2,-44],[-54.7,-43.6],[-55.3,-43.6],[-55.7,-43.9],[-56,-43.9],[-55.8,-43.7],[-55.9,-43.7],[-55.8,-43.5],[-55.3,-43.2],[-55.8,-43.2],[-55.6,-43.3],[-55.4,-43],[-55.7,-43],[-55.4,-42.9],[-54.9,-43],[-54.4,-43.1],[-54.4,-43.3],[-54.2,-43.1],[-53.9,-42.8],[-54.3,-42.9],[-54.7,-42.8],[-55,-42.8],[-55.4,-42.7],[-55.5,-42.6],[-55.4,-42.4],[-55.3,-42.3],[-55.2,-42.3],[-55.2,-42.2],[-54.9,-42.1],[-54.7,-42.2],[-54.2,-42.3],[-55,-42],[-54.8,-41.9],[-54.6,-41.9],[-54.5,-41.9],[-54.2,-42],[-54,-41.7],[-54,-42.1],[-54,-41.7],[-54.3,-41.6],[-53.9,-41.7],[-53.7,-41.6],[-53.6,-41.7],[-53.1,-41.7],[-53.8,-41.5],[-53.7,-41.3],[-53.3,-41.4],[-53.1,-41.3],[-53,-41.6],[-52.9,-41.5],[-52.9,-41.4],[-52.4,-41.3],[-52.6,-41.2],[-52.3,-41.1],[-52.2,-41.2],[-52.1,-41],[-52,-41],[-51.7,-41.3],[-51.3,-41.2],[-50.8,-41],[-50.9,-40.7],[-51.1,-41],[-51.8,-41],[-51.8,-40.9],[-51.5,-40.7],[-51.6,-40.6],[-51.3,-40.5],[-51.1,-40.4],[-50.9,-40.3],[-50.8,-40.5],[-50.6,-40.2],[-50.4,-40],[-50.7,-40.1],[-50.4,-39.9],[-50.5,-39.9],[-50,-39.8],[-49.9,-39.7],[-49.9,-39.5],[-49.9,-39.3],[-49.8,-39.5],[-49.8,-39.4],[-49.8,-39.2],[-49.7,-39],[-49.5,-39],[-49.2,-38.9],[-49,-38.8],[-49.1,-38.7],[-49.3,-38.4],[-49,-38.5],[-49.1,-38.3],[-49,-38.3],[-49,-38.2],[-49,-38],[-48.7,-37.9],[-48.3,-37.9],[-48,-37.8],[-48.4,-37.7],[-48.2,-37.6],[-48.3,-37.6],[-48,-37.7],[-47.8,-37.5],[-48,-37.5],[-48,-37.2],[-48.1,-37.3],[-48.2,-37.2],[-47.8,-37.2],[-48,-37],[-47.7,-36.8],[-47.6,-37.1],[-47.5,-37.1],[-47.4,-36.9],[-47.6,-36.8],[-47.3,-36.8],[-46.8,-36.7],[-47.2,-36.6],[-47.3,-36.5],[-46.8,-36.5],[-46.9,-36.3],[-46.9,-36.2],[-46.7,-35.9],[-46.4,-35.8],[-46.5,-35.7],[-46.1,-35.8],[-46.2,-35.8],[-46.1,-35.6],[-45.9,-35.4],[-45.9,-35.6],[-45.6,-35.6],[-45.4,-35.7],[-45.4,-35.3],[-45.3,-35.4],[-44.9,-35.4],[-44.9,-35.1],[-45.3,-35],[-45,-35],[-44.9,-35],[-44.6,-34.9],[-44.5,-35.2],[-44.5,-34.9],[-44.4,-34.8],[-44.1,-34.4],[-44.1,-34.2],[-43.8,-34.1],[-43.7,-34.1],[-43.4,-34.2],[-43.6,-34.6],[-43.6,-35],[-43.1,-34.3],[-43.1,-34.5],[-43,-34.3],[-42.8,-34.1]]]]}},{"type":"Feature","properties":{},"geometry":{"type":"MultiPolygon","coordinates":[[[[-54.6,-47.2],[-53.5,-46.9],[-54.2,-47.1],[-54.6,-47.2]]]]}},{"type":"Feature","properties":{},"geometry":{"type":"MultiPolygon","coordinates":[[[[-46.7,-47.2],[-46.9,-47.5],[-47,-47.9],[-47.4,-48.1],[-47.5,-47.9],[-46.9,-47.3],[-46.7,-47.2]]]]}},{"type":"Feature","properties":{},"geometry":{"type":"MultiPolygon","coordinates":[[[[-44,-46.5],[-43.8,-46.9],[-44.2,-47.2],[-44.2,-47],[-44.4,-46.6],[-44.2,-46.6],[-44,-46.5]]]]}},{"type":"Feature","properties":{},"geometry":{"type":"MultiPolygon","coordinates":[[[[-47.6,-36.1],[-47.6,-36.4],[-47.5,-36.3],[-47.4,-36.5],[-47.7,-36.6],[-48.1,-36.8],[-48,-36.5],[-47.8,-36.3],[-47.6,-36.1]]]]}},{"type":"Feature","properties":{},"geometry":{"type":"MultiPolygon","coordinates":[[[[-46.9,-35.5],[-46.7,-35.6],[-46.6,-35.8],[-46.9,-35.9],[-47,-35.9],[-47,-35.8],[-47,-35.7],[-46.8,-35.7],[-46.9,-35.5]]]]}},{"type":"Feature","properties":{},"geometry":{"type":"MultiPolygon","coordinates":[[[[-43.8,-46.3],[-44,-46.4],[-44.1,-46.1],[-43.7,-46.1],[-43.8,-46.3]]]]}},{"type":"Feature","properties":{},"geometry":{"type":"MultiPolygon","coordinates":[[[[-47.9,-36],[-48.2,-36.4],[-48.2,-36.3],[-48.3,-36.3],[-48.1,-36.3],[-47.9,-36]]]]}},{"type":"Feature","properties":{},"geometry":{"type":"MultiPolygon","coordinates":[[[[-45.7,-44.9],[-45.8,-45.1],[-45.8,-45.2],[-46,-45.1],[-46,-45],[-45.7,-44.9]]]]}},{"type":"Feature","properties":{},"geometry":{"type":"MultiPolygon","coordinates":[[[[-44.4,-34.3],[-44.8,-34.7],[-45,-34.6],[-44.8,-34.4],[-44.5,-34.4],[-44.5,-34.3],[-44.4,-34.3]]]]}},{"type":"Feature","properties":{},"geometry":{"type":"MultiPolygon","coordinates":[[[[-46.2,-35.4],[-46.5,-35.5],[-46.5,-35.4],[-46.3,-35.3],[-46.2,-35.4]]]]}},{"type":"Feature","properties":{},"geometry":{"type":"MultiPolygon","coordinates":[[[[-52.3,-40.9],[-52.2,-41],[-52.4,-40.8],[-52.3,-40.9]]]]}},{"type":"Feature","properties":{},"geometry":{"type":"MultiPolygon","coordinates":[[[[-44.3,-34.5],[-44.6,-34.8],[-44.5,-34.7],[-44.3,-34.5]]]]}},{"type":"Feature","properties":{},"geometry":{"type":"MultiPolygon","coordinates":[[[[-43.8,-44.8],[-44.2,-45.1],[-44.2,-45],[-43.8,-44.8]]]]}},{"type":"Feature","properties":{},"geometry":{"type":"MultiPolygon","coordinates":[[[[-48.1,-36.7],[-48.5,-36.8],[-48.2,-36.6],[-48.1,-36.7]]]]}},{"type":"Feature","properties":{},"geometry":{"type":"MultiPolygon","coordinates":[[[[-43.6,-33.9],[-43.3,-34],[-43.7,-34],[-43.6,-33.9]]]]}},{"type":"Feature","properties":{},"geometry":{"type":"MultiPolygon","coordinates":[[[[-48.6,-36.7],[-48.6,-36.8],[-48.8,-36.7],[-48.6,-36.7]]]]}},{"type":"Feature","properties":{},"geometry":{"type":"MultiPolygon","coordinates":[[[[-30.4,-29.7],[-29.1,-29.3],[-28.6,-29],[-27.8,-28.9],[-27.2,-29.5],[-26.6,-31.7],[-25.6,-34.2],[-31.2,-35.4],[-33.2,-34.7],[-33.1,-34.4],[-33,-34.4],[-32.9,-34.4],[-33.1,-34.2],[-32.9,-34],[-32.8,-33.8],[-32.7,-33.4],[-32.5,-33.2],[-32.4,-32.9],[-32.2,-33],[-32.2,-33.1],[-32.1,-33],[-32.1,-32.9],[-32.3,-32.8],[-32.4,-32.9],[-32.1,-32.3],[-31.9,-32.4],[-31.9,-32.5],[-31.6,-32.7],[-31.7,-32.7],[-31.8,-32.8],[-31.8,-32.9],[-31.7,-33],[-31.5,-32.7],[-31.2,-32.6],[-31.3,-32.5],[-31.2,-32.1],[-31.1,-31.9],[-30.8,-31.8],[-30.7,-31.5],[-30.6,-31.4],[-30.6,-31.3],[-30.5,-31.3],[-30.5,-31],[-30.1,-31],[-29.8,-31.1],[-29.9,-30.9],[-29.7,-30.5],[-30.4,-30.3],[-30.6,-30.3],[-30.7,-29.9],[-30.4,-29.7]]]]}},{"type":"Feature","properties":{},"geometry":{"type":"MultiPolygon","coordinates":[[[[-35.3,-34.5],[-34.6,-34.3],[-34.5,-34.3],[-34.3,-34.4],[-33.9,-34.7],[-33.9,-35.5],[-35,-35.1],[-35.3,-34.7],[-35.4,-34.5],[-35.3,-34.5]]]]}},{"type":"Feature","properties":{},"geometry":{"type":"MultiPolygon","coordinates":[[[[180,-30.9],[179.4,-31.9],[177.8,-31.6],[176.2,-31.1],[175.4,-30.5],[177,-30.5],[178.9,-30.8],[180,-30.9]]]]}},{"type":"Feature","properties":{},"geometry":{"type":"MultiPolygon","coordinates":[[[[-180,-32],[-179.5,-30.9],[-178.5,-30.9],[-177.5,-30.6],[-176.9,-30.9],[-176.8,-31.2],[-176.2,-31.5],[-176.2,-31.7],[-176,-32.4],[-175.9,-32.9],[-176.3,-33.9],[-175.8,-35.1],[-177.1,-34.5],[-177.5,-34.2],[-177.5,-33.8],[-177.7,-33.3],[-178.2,-32.2],[-179.1,-32.1],[-180,-32]]]]}},{"type":"Feature","properties":{},"geometry":{"type":"MultiPolygon","coordinates":[[[[147.1,-63.9],[144.4,-61.2],[145.5,-60.7],[148.4,-60.6],[151,-60.2],[151.6,-60.4],[152.3,-60.6],[151.7,-60.8],[152.9,-61.4],[153.1,-61.5],[154.3,-61.1],[156.3,-61.5],[157.6,-62],[158.4,-64],[158.9,-65.8],[162.4,-67],[165.3,-68.1],[152.8,-67.3],[147.1,-63.9]]]]}},{"type":"Feature","properties":{},"geometry":{"type":"MultiPolygon","coordinates":[[[[144.7,-57.5],[144.8,-57.7],[145.3,-57.8],[145.2,-57.9],[145.4,-58],[145.9,-58],[146.6,-58.2],[146.7,-58.3],[147.1,-58.4],[147.4,-58.4],[148,-58.5],[149.1,-58.1],[149.1,-57.8],[151,-56.9],[151.1,-56.6],[150.9,-56.5],[150.4,-56.4],[149.9,-56.6],[149.5,-56.3],[149.6,-55.8],[150,-55.7],[149.5,-55.9],[148.6,-55.7],[147.6,-55.8],[148.3,-56.2],[147.8,-56.2],[147.4,-56.1],[147.1,-56.3],[146.7,-56.3],[145.9,-56.4],[145.7,-56.7],[144.8,-56.7],[145.2,-53.8],[149.1,-52.3],[150.7,-50.7],[153.6,-50.6],[155,-51.3],[155.8,-53.5],[155.3,-55.4],[151.4,-56.9],[150.5,-57.7],[149.2,-58.5],[150.3,-59.4],[148.4,-60.6],[148.8,-60.2],[146.2,-60.4],[143.9,-60.6],[144.7,-57.5]]]]}},{"type":"Feature","properties":{},"geometry":{"type":"MultiPolygon","coordinates":[[[[154.5,-50.1],[154.8,-49.6],[155.2,-48.7],[155.4,-49.2],[156,-50.5],[157.2,-53.5],[157.4,-54.3],[157.2,-54.8],[154.5,-50.1]]]]}},{"type":"Feature","properties":{},"geometry":{"type":"MultiPolygon","coordinates":[[[[82.6,-73],[94.9,-72.1],[98.8,-76.2],[118.3,-78],[134.3,-78.9],[130.3,-81.3],[89.1,-81.7],[80.6,-77.9],[82.6,-73]]]]}},{"type":"Feature","properties":{},"geometry":{"type":"MultiPolygon","coordinates":[[[[124,-50.3],[119.8,-52.6],[114.1,-53.2],[112.5,-51.7],[111.5,-50.9],[112.8,-50.7],[113.4,-50.5],[113.9,-50.6],[116.3,-50.4],[120.1,-50.4],[124,-50.3]]]]}},{"type":"Feature","properties":{},"geometry":{"type":"MultiPolygon","coordinates":[[[[149.3,-71.7],[158.9,-72.4],[171.9,-73],[160.7,-73.2],[149.3,-71.7]]]]}},{"type":"Feature","properties":{},"geometry":{"type":"MultiPolygon","coordinates":[[[[141.2,-69],[148.3,-71.8],[141.4,-70.2],[141.2,-69]]]]}},{"type":"Feature","properties":{},"geometry":{"type":"MultiPolygon","coordinates":[[[[-87.6,-64.9],[-83.8,-64.3],[-80.3,-65.2],[-75.8,-68.6],[-71,-73.5],[-71.1,-76.7],[-76.8,-77.4],[-77,-74.7],[-84.7,-70.5],[-88.9,-66.3],[-87.6,-64.9]]]]}},{"type":"Feature","properties":{},"geometry":{"type":"MultiPolygon","coordinates":[[[[-169,-76.8],[-161.4,-74],[-152.4,-70.7],[-149.7,-70.8],[-148.4,-70.4],[-143,-69.1],[-142.4,-68.7],[-140.2,-68.6],[-140.3,-69.3],[-138.3,-70.8],[-137.2,-74.4],[-142.9,-75.5],[-147.7,-76.6],[-151.7,-77.9],[-158.8,-78.1],[-166.5,-77.1],[-169,-76.8]]]]}},{"type":"Feature","properties":{},"geometry":{"type":"MultiPolygon","coordinates":[[[[-141.8,-52.4],[-148,-51.8],[-147.4,-48.3],[-144.7,-46.3],[-139,-44.9],[-132.3,-42],[-125.6,-40.5],[-121.6,-39.2],[-118,-40.6],[-117.8,-43.5],[-122.2,-44.6],[-129.1,-46.7],[-131.5,-48.3],[-133.9,-49.1],[-133.8,-50],[-133.6,-48],[-137.3,-49.3],[-140.5,-52.1],[-141.8,-52.4]]]]}},{"type":"Feature","properties":{},"geometry":{"type":"MultiPolygon","coordinates":[[[[-139.4,-60.8],[-142.3,-59],[-145.7,-57.3],[-144.3,-54.1],[-140.2,-55.1],[-134.5,-52.7],[-127.5,-50.9],[-123,-51.3],[-120.6,-53.4],[-123.8,-56.2],[-131,-57.9],[-138.8,-60.2],[-139.4,-60.8]]]]}},{"type":"Feature","properties":{},"geometry":{"type":"MultiPolygon","coordinates":[[[[-148,-51.8],[-141.8,-52.4],[-143.6,-53.9],[-145.4,-55.2],[-147.8,-56.3],[-149.6,-54.6],[-148,-51.8]]]]}},{"type":"Feature","properties":{},"geometry":{"type":"MultiPolygon","coordinates":[[[[-139,-65.6],[-133,-64.7],[-133.4,-64.8],[-133,-65],[-133.4,-65.1],[-133.8,-65.2],[-134.2,-65.3],[-134.6,-65.3],[-134.8,-65.4],[-134.7,-65.7],[-135.6,-65.5],[-135.7,-65.7],[-135.4,-65.8],[-135.7,-65.9],[-135.8,-65.9],[-136.3,-66.1],[-136.4,-66.1],[-136.7,-66.2],[-137.1,-66],[-137.5,-65.8],[-137.7,-65.8],[-137.7,-65.9],[-137.7,-66.1],[-138,-65.9],[-138.5,-65.7],[-139,-65.6]]]]}},{"type":"Feature","properties":{},"geometry":{"type":"MultiPolygon","coordinates":[[[[-140.7,-67.5],[-139.3,-65.7],[-139.3,-65.9],[-139.2,-66.1],[-139,-66.4],[-139.1,-66.7],[-139.6,-66.9],[-139.1,-66.9],[-140.4,-67.4],[-140.7,-67.5]]]]}},{"type":"Feature","properties":{},"geometry":{"type":"MultiPolygon","coordinates":[[[[-138.6,-66.3],[-138.9,-66],[-138.8,-66],[-138.4,-66.1],[-138.6,-66.3]]]]}},{"type":"Feature","properties":{},"geometry":{"type":"MultiPolygon","coordinates":[[[[-156.8,-64.6],[-156.8,-61.8],[-160.8,-57.4],[-159.4,-54.5],[-154.4,-55.5],[-150.5,-58],[-151.7,-60.7],[-153,-63.7],[-156.8,-64.6]]]]}},{"type":"Feature","properties":{},"geometry":{"type":"MultiPolygon","coordinates":[[[[-108.5,-52.4],[-109.2,-50.6],[-110.3,-48.5],[-111.1,-46.7],[-113.5,-45.4],[-115,-43.9],[-116.7,-43.5],[-118,-40.6],[-121.6,-39.2],[-125.6,-40.5],[-132.3,-42],[-139,-44.9],[-144.7,-46.3],[-149.8,-46.9],[-149.1,-43.8],[-144.1,-41.5],[-141.1,-40.3],[-136.9,-38.9],[-134.5,-37.1],[-132.2,-35.9],[-128.4,-35.2],[-125,-34.7],[-120.2,-34.3],[-116.4,-35.9],[-114,-38],[-112.4,-40.4],[-110.6,-40.6],[-108,-42.8],[-107.6,-43.1],[-107.3,-43.4],[-107.1,-43.6],[-106.9,-44],[-106.7,-44.3],[-106.5,-44.6],[-106.2,-45],[-106.1,-45.2],[-106,-45.6],[-106,-47.3],[-106.7,-48.4],[-106.4,-48.8],[-106.1,-49.2],[-106,-49.2],[-105.8,-49.9],[-105.8,-51.4],[-106,-50.5],[-106.7,-50.8],[-107.1,-51],[-107.1,-51.5],[-107.5,-52.1],[-108,-52.5],[-108.5,-52.4]]]]}},{"type":"Feature","properties":{},"geometry":{"type":"MultiPolygon","coordinates":[[[[-105.9,-52.3],[-106.7,-52.4],[-106.4,-51.9],[-105.8,-52.3],[-105.9,-52.3]]]]}},{"type":"Feature","properties":{},"geometry":{"type":"MultiPolygon","coordinates":[[[[-169.4,-37.2],[-169,-37.1],[-165.8,-38.7],[-162.8,-38.7],[-163.2,-39.4],[-165.2,-39.7],[-165.9,-39.9],[-167.8,-40.2],[-169.4,-37.2]]]]}},{"type":"Feature","properties":{},"geometry":{"type":"MultiPolygon","coordinates":[[[[-123.9,-17.8],[-125.2,-17.1],[-125.7,-16.6],[-123.8,-16.7],[-123.8,-16.8],[-123.6,-17],[-123.8,-17.1],[-123.6,-17.4],[-123.3,-17.5],[-123.4,-17.6],[-123.4,-18],[-123.8,-17.8],[-123.9,-17.8]]]]}},{"type":"Feature","properties":{},"geometry":{"type":"MultiPolygon","coordinates":[[[[-123.7,-16.7],[-124.8,-15.5],[-124,-14.3],[-122.9,-12.9],[-122.3,-12],[-121.6,-11.2],[-121.5,-11.4],[-121.7,-11.5],[-121.6,-11.6],[-121.7,-11.7],[-121.7,-11.8],[-122,-11.9],[-122.1,-12],[-121.9,-12.3],[-122,-12.4],[-122.3,-12.3],[-122.1,-12.5],[-122.1,-12.7],[-122.5,-12.9],[-122.8,-12.9],[-122.4,-13.1],[-122.4,-13.3],[-122.7,-13.2],[-122.9,-13.3],[-122.5,-13.4],[-122.8,-13.5],[-122.7,-13.7],[-122.6,-13.9],[-122.7,-14],[-123.1,-14],[-123,-14.3],[-122.9,-14.4],[-123.1,-14.7],[-123.5,-14.6],[-123.4,-14.8],[-123.5,-14.8],[-123.7,-14.8],[-123.9,-14.8],[-123.8,-15],[-123.8,-15.2],[-123.9,-15.2],[-123.9,-15.5],[-123.9,-15.9],[-123.7,-16],[-123.8,-16.1],[-124.2,-16.2],[-123.9,-16.3],[-123.7,-16.4],[-123.7,-16.6],[-123.7,-16.7]]]]}},{"type":"Feature","properties":{},"geometry":{"type":"MultiPolygon","coordinates":[[[[-140.9,-17.2],[-141.1,-17],[-141.7,-16.7],[-141.9,-16.6],[-142.2,-16.8],[-142.9,-16.3],[-143.3,-16],[-144,-15.8],[-143.6,-15.9],[-143.8,-15.8],[-143.9,-15.7],[-144,-15.6],[-144.1,-15.6],[-144.2,-15.6],[-144.6,-15.5],[-144.9,-15.3],[-145.9,-15],[-148,-14.1],[-150.3,-13.2],[-151.9,-12.1],[-153.4,-10.6],[-151.6,-10.7],[-149,-11.5],[-145.4,-13],[-142.8,-14.2],[-140.5,-16],[-139.3,-16.6],[-140.9,-17.2]]]]}},{"type":"Feature","properties":{},"geometry":{"type":"MultiPolygon","coordinates":[[[[-141.3,-17.4],[-142,-16.7],[-141.7,-16.8],[-141.5,-17],[-141.2,-17.3],[-141.3,-17.4]]]]}},{"type":"Feature","properties":{},"geometry":{"type":"MultiPolygon","coordinates":[[[[-155,-8.2],[-155.8,-5.7],[-156.1,-8.4],[-156.3,-8.2],[-156.6,-7.6],[-156.4,-8.1],[-156.7,-8.2],[-156.5,-8.4],[-156.6,-8.6],[-156.7,-8.4],[-156.8,-8.3],[-156.9,-8.3],[-157.1,-8.5],[-157.2,-8.9],[-157.4,-8.9],[-157.4,-8.7],[-157.3,-8.5],[-157.1,-8.2],[-157.1,-7.9],[-157.5,-8],[-157.4,-7.8],[-157.6,-7.6],[-157.6,-7.2],[-157.4,-7],[-157.4,-6.8],[-157.3,-6.4],[-157.3,-6.2],[-157.5,-6.1],[-157.5,-4.7],[-157.6,-4.7],[-157.9,-4.3],[-157.9,-3.9],[-158,-3.7],[-158.1,-3.9],[-158.5,-3.7],[-159,-3.2],[-159.1,-2.9],[-159.1,-2.8],[-159.1,-2.7],[-159.1,-2.6],[-159.5,-2.6],[-159.4,-2.5],[-159.7,-2.4],[-159.7,-2.2],[-159.9,-2.2],[-160,-1.9],[-160.2,-2.1],[-160.4,-2],[-160.6,-1.9],[-160.6,-1.8],[-160.9,-2.1],[-161.3,-2.3],[-161.5,-2.4],[-161.9,-2.5],[-162.8,-2.4],[-162.4,-2.3],[-162.5,-2.2],[-162.8,-2.2],[-163,-2.3],[-163.4,-2.2],[-163.4,-2],[-162.6,0.6],[-163.1,2.5],[-161.9,3.6],[-159.9,4.1],[-159.5,3.5],[-158.9,3.3],[-158.4,3.1],[-158.5,2.1],[-158.4,1.9],[-158.6,1.2],[-158.8,0.8],[-158.7,-0.1],[-158.6,-0.8],[-158.6,-1.2],[-158.2,-2],[-156.2,-2.2],[-153.7,-2.4],[-152.7,-3.8],[-154.7,-7.7],[-155,-8.2]]]]}},{"type":"Feature","properties":{},"geometry":{"type":"MultiPolygon","coordinates":[[[[-122.6,-11.5],[-122.8,-11.6],[-122.7,-11.6],[-122.6,-11.5]]]]}},{"type":"Feature","properties":{},"geometry":{"type":"MultiPolygon","coordinates":[[[[-122.9,-11.8],[-123.4,-12.6],[-124.6,-14.2],[-126,-16.1],[-126.6,-16.3],[-127.1,-15],[-127,-14.9],[-126.6,-15.1],[-126.2,-15.7],[-126.2,-15.8],[-126,-15.7],[-126.2,-15.4],[-126.1,-14.9],[-126.4,-15],[-126.6,-14.9],[-126.3,-14.4],[-126.7,-15],[-126.9,-14.7],[-126.8,-14.1],[-126.2,-13.6],[-125.5,-12.1],[-124.4,-10.7],[-124.1,-10.2],[-123.9,-10.6],[-124.5,-11],[-124.4,-11.1],[-124.1,-11.3],[-123.7,-11.4],[-123.3,-11.4],[-123.6,-11.8],[-123.1,-11.6],[-123.1,-11.5],[-122.9,-11.8]]]]}},{"type":"Feature","properties":{},"geometry":{"type":"MultiPolygon","coordinates":[[[[-127.1,-14.9],[-126.9,-14.5],[-127,-14.7],[-127.1,-14.9]]]]}},{"type":"Feature","properties":{},"geometry":{"type":"MultiPolygon","coordinates":[[[[-120.5,-7.5],[-120.7,-7.3],[-121,-7.9],[-120.9,-8.1],[-121,-8.3],[-121.1,-8.5],[-121.2,-8.6],[-121.7,-8.8],[-121.7,-8.5],[-121.7,-8.1],[-121.8,-8],[-121.8,-7.7],[-121.8,-7.6],[-121.6,-7.4],[-121.5,-7.2],[-121.7,-6.8],[-121.6,-6.8],[-121.6,-6.6],[-121.7,-6.5],[-121.6,-6.3],[-121.5,-6.2],[-121.3,-6.3],[-121.2,-6.1],[-121.2,-6],[-121.3,-5.9],[-120.4,-6.3],[-120.5,-7.5]]]]}},{"type":"Feature","properties":{},"geometry":{"type":"MultiPolygon","coordinates":[[[[172.4,-77.9],[173.1,-78.5],[169.9,-81.4],[160,-83.2],[149.1,-81.7],[146.2,-78.3],[161.8,-77.1],[171.5,-76.9],[172.4,-77.9]]]]}},{"type":"Feature","properties":{},"geometry":{"type":"MultiPolygon","coordinates":[[[[-126.7,-62.7],[-123,-62.3],[-120.5,-62.1],[-113.3,-62],[-111.5,-63],[-115.4,-65.6],[-123.1,-65.8],[-126.4,-63.3],[-126.7,-62.7]]]]}},{"type":"Feature","properties":{},"geometry":{"type":"MultiPolygon","coordinates":[[[[-119.3,-50.7],[-116.7,-47.6],[-113.9,-49.4],[-115.8,-53.2],[-118.8,-53],[-119.3,-50.7]]]]}},{"type":"Feature","properties":{},"geometry":{"type":"MultiPolygon","coordinates":[[[[140.7,-61.9],[145.4,-62.4],[146.4,-64.2],[140.3,-65.3],[140.7,-61.9]]]]}},{"type":"Feature","properties":{},"geometry":{"type":"MultiPolygon","coordinates":[[[[180,-68.5],[178.8,-69.3],[177.9,-69.4],[176,-69.8],[174.1,-68.5],[176.4,-69.2],[177.6,-69.1],[178.6,-69.1],[179,-68.5],[180,-68.5]]]]}},{"type":"Feature","properties":{},"geometry":{"type":"MultiPolygon","coordinates":[[[[-180,-69.4],[-178.2,-68.4],[-176.7,-68.5],[-175.3,-68.8],[-168.9,-69.5],[-168.9,-70.9],[-170.3,-70.4],[-172.4,-70.2],[-175.3,-69.7],[-178.3,-69.4],[-180,-69.4]]]]}},{"type":"Feature","properties":{},"geometry":{"type":"MultiPolygon","coordinates":[[[[-108.7,-86],[-121,-85.1],[-113,-85.3],[-105,-85.5],[-91.1,-86],[-80.3,-86.3],[-90.3,-86.4],[-101.6,-86.4],[-108.7,-86]]]]}},{"type":"Feature","properties":{},"geometry":{"type":"MultiPolygon","coordinates":[[[[149.8,-50],[152.5,-50.2],[150.7,-50.7],[149.1,-52.3],[145.2,-53.8],[148.5,-51.8],[149.1,-50.5],[149.8,-50]]]]}},{"type":"Feature","properties":{},"geometry":{"type":"MultiPolygon","coordinates":[[[[-157.3,6.4],[-158.5,8.3],[-158.8,9.7],[-157.8,11.6],[-157.2,12],[-156.9,11.9],[-155.9,11.7],[-155.6,10.5],[-156.5,9.6],[-156.8,8.7],[-156.8,7],[-157.3,6.4]]]]}},{"type":"Feature","properties":{},"geometry":{"type":"MultiPolygon","coordinates":[[[[151.6,-57],[152.9,-56.7],[155.2,-56.4],[155.5,-57.4],[153.2,-59.2],[149.2,-58.9],[149.7,-57.8],[151.6,-57]]]]}},{"type":"Feature","properties":{},"geometry":{"type":"MultiPolygon","coordinates":[[[[-153.1,-53.3],[-151.9,-54.6],[-153.1,-54.6],[-153.8,-53.1],[-153.1,-53.3]]]]}},{"type":"Feature","properties":{},"geometry":{"type":"MultiPolygon","coordinates":[[[[-159.9,4.1],[-160.2,5.5],[-159.3,7.3],[-159.1,8.7],[-157.7,7.1],[-157.5,5.8],[-158.4,4.5],[-159.9,4.1]]]]}},{"type":"Feature","properties":{},"geometry":{"type":"MultiPolygon","coordinates":[[[[81.8,-72.7],[80.2,-76.4],[85.6,-80.9],[73.6,-81.6],[71.8,-79.3],[79,-75],[81.8,-72.7]]]]}},{"type":"Feature","properties":{},"geometry":{"type":"MultiPolygon","coordinates":[[[[-0.4,-55.7],[1,-55.5],[2.6,-55],[3.3,-54.6],[3.7,-54.5],[3.6,-54.9],[3.1,-55.6],[2.6,-56.2],[2.6,-56.4],[2.4,-56.7],[2.1,-57.2],[1.8,-57.5],[1.8,-57.7],[1.7,-58.1],[1.7,-58.2],[1.9,-58.6],[2.2,-59.2],[1.7,-59.7],[-0.3,-60.4],[-5.6,-60.4],[-2.6,-58.6],[-0.8,-56.1],[-0.4,-55.7]]]]}},{"type":"Feature","properties":{},"geometry":{"type":"MultiPolygon","coordinates":[[[[-9.6,-60.2],[-3.9,-60.4],[-4.3,-61.8],[-4.7,-62.2],[-6.3,-62.9],[-7.8,-63.3],[-12.3,-64],[-14,-64.4],[-13.9,-64.2],[-13.5,-64],[-13.9,-63.9],[-14.5,-63.8],[-13.3,-63.4],[-13,-63.2],[-12,-63.3],[-11.5,-63],[-11.4,-62.8],[-11,-62.6],[-12.2,-61.9],[-11.2,-61.9],[-9.7,-61.2],[-10.1,-60.9],[-9.7,-60.6],[-9.7,-60.2],[-9.6,-60.2]]]]}},{"type":"Feature","properties":{},"geometry":{"type":"MultiPolygon","coordinates":[[[[1.5,-59.8],[1.8,-60.7],[3.1,-61.3],[3.5,-61.4],[4.3,-61.2],[5.8,-61.1],[5.8,-61.6],[5.1,-62.8],[4.4,-63],[4.2,-63.1],[4.1,-63.3],[3.2,-64],[3.4,-64.5],[3.3,-64.5],[3.2,-64.7],[3,-64.8],[2.7,-64.9],[2.4,-65.1],[1.9,-65.3],[1.3,-65.4],[0.7,-65.6],[0.3,-65.7],[0.1,-65.9],[-0.4,-66.1],[-0.9,-66.2],[-1.7,-66.3],[-2.5,-66.5],[-2.9,-66.6],[-4.4,-65.7],[-4.5,-65.6],[-4.2,-65],[-6.4,-64.8],[-6.4,-64.6],[-7.1,-64.4],[-9.6,-64.2],[-10.1,-64.1],[-10.3,-63.9],[-11,-64.1],[-11.2,-64],[-11.5,-64.2],[-11.7,-64.1],[-12.1,-64.1],[-12.8,-64.2],[-13.2,-64.5],[-11.7,-63.9],[-7.5,-63.3],[-5.8,-62.7],[-4.5,-62.1],[-4.2,-61.7],[-0.3,-60.4],[1.5,-59.8]]]]}},{"type":"Feature","properties":{},"geometry":{"type":"MultiPolygon","coordinates":[[[[-17.2,-69.8],[-16.9,-69.9],[-16.5,-70.1],[-16.5,-70.5],[-16.2,-70.7],[-15.6,-71],[-15.2,-71.2],[-14.8,-71.3],[-14.5,-71.5],[-14,-71.8],[-13.8,-72],[-13.2,-72.2],[-12.9,-72.4],[-12.5,-72.5],[-12,-72.6],[-11.9,-72.8],[-12.5,-73.3],[-14.7,-73.5],[-20.8,-72.7],[-21.2,-72.8],[-26.1,-72.7],[-29.6,-73.1],[-30.5,-72.8],[-31.2,-72.7],[-32.1,-72.6],[-33,-72.3],[-33.5,-72.2],[-33.8,-71.9],[-34.7,-71.6],[-35.6,-71.3],[-36.3,-71.1],[-36.7,-70.9],[-37,-70.6],[-37.6,-70.4],[-38.1,-70.3],[-38.6,-70.1],[-38.5,-70],[-39.2,-69.9],[-39.7,-69.7],[-40.2,-69.5],[-39.4,-69.4],[-38.5,-69.1],[-37.9,-68.7],[-38.2,-68.3],[-39.1,-68],[-37.1,-67],[-35.8,-67],[-35.5,-66.6],[-35.3,-66.8],[-34.5,-66.7],[-34.2,-66.4],[-31.8,-66.5],[-29.2,-66.3],[-26.5,-65.9],[-26.4,-65.6],[-26.4,-65.5],[-25.6,-65.3],[-25.2,-65.2],[-24.4,-65.3],[-23.9,-65.6],[-23.6,-65.7],[-23,-65.8],[-22.7,-66.2],[-21.8,-66.9],[-21.1,-67.4],[-19.6,-68.4],[-19.5,-68.6],[-19.2,-69],[-18.5,-69.2],[-17.2,-69.8]]]]}},{"type":"Feature","properties":{},"geometry":{"type":"MultiPolygon","coordinates":[[[[-40.2,-69.5],[-39.7,-69.7],[-39.2,-69.9],[-38.5,-70],[-38.6,-70.1],[-38.1,-70.3],[-37.6,-70.4],[-37,-70.6],[-36.7,-70.9],[-36.3,-71.1],[-35.6,-71.3],[-34.7,-71.6],[-33.8,-71.9],[-33.5,-72.2],[-33,-72.3],[-32.1,-72.6],[-31.2,-72.7],[-30.5,-72.8],[-29.6,-73.1],[-32,-73.1],[-33.3,-72.8],[-36.2,-72.3],[-37.4,-71.5],[-39.3,-70.3],[-40.7,-70],[-40.2,-69.5]]]]}},{"type":"Feature","properties":{},"geometry":{"type":"MultiPolygon","coordinates":[[[[163.8,-37.2],[166.4,-33.3],[166.6,-33.2],[166.8,-33.3],[167.4,-33],[167.4,-33.8],[167.5,-34.1],[167,-35.2],[167.2,-35.5],[168,-35.6],[167.3,-35.7],[167.7,-36.2],[166.9,-36.1],[166.5,-36.2],[166.6,-36.7],[166.5,-37.2],[166.1,-36.7],[165.3,-37.1],[164.9,-37.3],[164.3,-37.4],[163.8,-37.2]]]]}},{"type":"Feature","properties":{},"geometry":{"type":"MultiPolygon","coordinates":[[[[165.1,-37.9],[164.9,-37.4],[165.5,-37.7],[165.1,-37.9]]]]}},{"type":"Feature","properties":{},"geometry":{"type":"MultiPolygon","coordinates":[[[[148.4,-39.8],[148.5,-39.8],[148.6,-39.9],[148.4,-39.8]]]]}},{"type":"Feature","properties":{},"geometry":{"type":"MultiPolygon","coordinates":[[[[149.5,-41.1],[149.6,-40.9],[149.6,-40.8],[149.9,-40.7],[150,-40.5],[149.5,-41.1]]]]}},{"type":"Feature","properties":{},"geometry":{"type":"MultiPolygon","coordinates":[[[[151,-39.8],[152.4,-37.2],[154.6,-37.9],[155.9,-38.6],[156.8,-39.3],[156.6,-39.9],[156.2,-40],[155.7,-39.5],[154.8,-39.9],[154.9,-39.6],[154,-39.8],[153,-39.4],[152.3,-39.5],[151,-39.8]]]]}},{"type":"Feature","properties":{},"geometry":{"type":"MultiPolygon","coordinates":[[[[158.1,-40],[160.8,-36.8],[161.7,-33.8],[163.6,-37.9],[161.5,-39.1],[161.4,-39.2],[161.4,-39.6],[160.8,-39.6],[160.6,-39.9],[159.3,-39.8],[158.9,-40],[158.1,-40]]]]}},{"type":"Feature","properties":{},"geometry":{"type":"MultiPolygon","coordinates":[[[[161.7,-33.8],[165.8,-31.8],[166.4,-32.7],[166.6,-33.2],[166.4,-33.3],[163.8,-37.2],[162.4,-35],[161.7,-33.8]]]]}},{"type":"Feature","properties":{},"geometry":{"type":"MultiPolygon","coordinates":[[[[-122.7,-7.7],[-122.8,-8],[-122.7,-8.3],[-123.2,-9],[-123.6,-9],[-124,-9.5],[-125,-10.1],[-125.3,-10.8],[-126,-11.6],[-126.5,-12.7],[-127,-13.5],[-127.9,-14.3],[-128.2,-14.5],[-128.9,-14.3],[-129.3,-14],[-129.9,-13.6],[-130.7,-13.1],[-131.1,-12.8],[-131.9,-12.7],[-133.1,-13.6],[-134,-13.6],[-134.8,-14.1],[-135.8,-14.7],[-136.2,-14.3],[-135.9,-14],[-135.6,-13.6],[-136,-13.4],[-135.8,-12.9],[-136.1,-12.5],[-136.1,-12.3],[-137.2,-11.9],[-137.3,-11.6],[-137.5,-11.7],[-137.4,-11.3],[-138.2,-11],[-138.6,-10.8],[-138.8,-10.8],[-139,-10.5],[-139.3,-10.3],[-139.1,-9.9],[-139,-9.8],[-139.1,-9.6],[-139.1,-9.5],[-139.1,-9.4],[-139.5,-7.8],[-139.3,-7.6],[-139,-7.2],[-138.9,-7.1],[-138.3,-6.3],[-137.8,-4.9],[-137.9,-4.3],[-138.1,-4.3],[-138.3,-4.2],[-138.6,-4],[-139,-3.7],[-139.3,-2.6],[-139.8,-2.2],[-140.5,-2.2],[-141.4,-2],[-142.5,-1.7],[-143,-1.7],[-143.6,-2.1],[-144.4,-0.9],[-145.8,0.6],[-145.3,1.5],[-143.9,3.4],[-142.8,3.6],[-141.4,4],[-139.7,4.1],[-138.5,4.2],[-136.6,4.4],[-135.6,4.1],[-135.7,3.9],[-135.9,3.7],[-136.4,3.7],[-136.6,3.4],[-136.4,3.5],[-135.6,3.6],[-135.3,4.1],[-134.2,3.5],[-133.5,3.4],[-133.1,3.2],[-132.2,2.9],[-132,2.5],[-131.7,1.9],[-131.4,0],[-130.4,-1.7],[-130.9,-2.6],[-131.2,-4.1],[-131,-4.9],[-130.8,-5.4],[-131.7,-5.9],[-132.8,-6.5],[-133.3,-7.2],[-133.8,-8.1],[-133.8,-8.6],[-133.3,-8.7],[-133.6,-9.1],[-133.2,-9],[-132.8,-8.9],[-132.4,-8.8],[-132.3,-8.6],[-132.1,-8.5],[-132,-8.4],[-131.4,-8.1],[-131.3,-8],[-131.1,-7.9],[-131,-7.8],[-130.9,-7.5],[-130.7,-7.3],[-129.6,-8],[-128.5,-8.2],[-127.2,-7.4],[-126.9,-6.8],[-126.7,-6.2],[-126.6,-6],[-126.4,-6.1],[-126.1,-6.2],[-125.9,-6.2],[-125.7,-6.1],[-125.4,-6.2],[-125.2,-6],[-124.8,-5.6],[-124.7,-5.7],[-123.8,-6.1],[-122.7,-7],[-122.9,-7.5],[-122.7,-7.7]]]]}},{"type":"Feature","properties":{},"geometry":{"type":"MultiPolygon","coordinates":[[[[-139.9,-6],[-140.3,-6.4],[-140.6,-6.3],[-140.5,-6],[-140.9,-5.2],[-141.2,-3.5],[-141.4,-2.8],[-141.2,-2.8],[-140.8,-3.3],[-140,-4.5],[-139.7,-4.9],[-139.8,-5.3],[-139.9,-6]]]]}},{"type":"Feature","properties":{},"geometry":{"type":"MultiPolygon","coordinates":[[[[-128.8,-6.9],[-129,-6.9],[-129.1,-6.9],[-129.2,-6.7],[-129.5,-6.6],[-129.1,-6.6],[-129.1,-6.7],[-128.8,-6.9]]]]}},{"type":"Feature","properties":{},"geometry":{"type":"MultiPolygon","coordinates":[[[[-120.9,10],[-125,9.9],[-126.3,10.4],[-126.5,11.4],[-125.9,12],[-125.8,12.4],[-125.1,12.5],[-123.5,12.4],[-122.3,12],[-120.8,11.7],[-120.3,12.3],[-119.1,15.2],[-117.8,15.4],[-117.2,15.4],[-117.1,15.2],[-116.9,15.2],[-118,14.9],[-118.3,14.6],[-118.2,14.5],[-117.9,14.4],[-117.8,14.4],[-117.7,14.3],[-117.6,14.2],[-117.6,14.1],[-118,14.2],[-118.4,14.2],[-118.4,14],[-118.8,12.8],[-119.4,11.8],[-119.4,11.6],[-120,10.9],[-120.2,11.2],[-120.5,11.5],[-120.9,10.2],[-120.9,10]]]]}},{"type":"Feature","properties":{},"geometry":{"type":"MultiPolygon","coordinates":[[[[-117.4,16.4],[-117.7,17.5],[-117.3,18.6],[-117,18.7],[-117.2,18.4],[-117.4,18.2],[-117.3,18.1],[-116.9,18.2],[-116.9,18],[-117,17.9],[-116.9,17.7],[-116.8,17.4],[-117,17.3],[-117.1,17.3],[-117.2,17.1],[-117,16.8],[-116.9,16.4],[-116.9,16.1],[-116.9,16],[-117,15.9],[-117.2,16.2],[-117.4,16.4]]]]}},{"type":"Feature","properties":{},"geometry":{"type":"MultiPolygon","coordinates":[[[[-125.9,9.7],[-126.1,10.2],[-125.9,10],[-125.9,9.7]]]]}},{"type":"Feature","properties":{},"geometry":{"type":"MultiPolygon","coordinates":[[[[-126.8,12.1],[-126,12.3],[-126.5,12],[-126.8,12.1]]]]}},{"type":"Feature","properties":{},"geometry":{"type":"MultiPolygon","coordinates":[[[[-126.3,9.6],[-126.8,10.4],[-126.3,10.1],[-126.3,9.6]]]]}},{"type":"Feature","properties":{},"geometry":{"type":"MultiPolygon","coordinates":[[[[-118.3,6.5],[-118.7,6.6],[-118.8,6.6],[-118.9,6.7],[-119.1,6.7],[-118.9,7.1],[-119.1,6.9],[-119.2,6.8],[-119.8,7],[-119.8,7.2],[-119.7,7.6],[-119.5,8.1],[-119.7,8.9],[-120,9.5],[-120.1,9.8],[-119.7,10.7],[-119.4,10.5],[-118.8,11.6],[-118.3,11.8],[-118.3,10],[-118.3,9.8],[-117.8,10.5],[-117.9,11.3],[-117.7,11.7],[-117.3,11.9],[-117,11.2],[-116.9,10.9],[-116.8,11.6],[-116.6,11.8],[-116.1,11.8],[-115.8,11.7],[-115.7,10.3],[-115.8,10.1],[-115.5,9.9],[-116.2,9.7],[-116.1,9.5],[-116.2,9.5],[-116,9.2],[-115.9,9.2],[-115.8,9.2],[-115.9,8.9],[-116.1,8.7],[-116.9,8.6],[-116.8,8.4],[-115.5,8.6],[-115.5,8.2],[-115.7,7.8],[-117.3,7.4],[-117.6,7.4],[-118,7],[-118.1,6.9],[-118.3,6.5]]]]}},{"type":"Feature","properties":{},"geometry":{"type":"MultiPolygon","coordinates":[[[[-114,11.6],[-114.2,11.5],[-114.9,10.6],[-115.8,11.9],[-116.1,12.3],[-116.7,12.8],[-116.2,13.5],[-115.5,13.9],[-114.9,13.3],[-113.5,12.9],[-114,11.6]]]]}},{"type":"Feature","properties":{},"geometry":{"type":"MultiPolygon","coordinates":[[[[-114.8,6.1],[-116.5,6.2],[-116.2,6.5],[-116.1,6.7],[-115.7,6.6],[-115.8,6.3],[-115.7,6.3],[-115.3,6.4],[-115.2,6.3],[-115,6.5],[-114.8,6.6],[-114.7,6.2],[-114.8,6.1]]]]}},{"type":"Feature","properties":{},"geometry":{"type":"MultiPolygon","coordinates":[[[[-115.7,7.7],[-114.9,8.1],[-115.6,7.7],[-115.7,7.7]]]]}},{"type":"Feature","properties":{},"geometry":{"type":"MultiPolygon","coordinates":[[[[-134,3.5],[-134.8,3.7],[-135.4,4.1],[-135.4,4.5],[-135.8,4.3],[-135.6,4.1],[-136.6,4.4],[-138.5,4.2],[-139.7,4.1],[-141.4,4],[-142.8,3.6],[-143.9,3.4],[-142.7,4.6],[-140.1,4.9],[-139.2,5],[-138.8,5.2],[-137.7,5.6],[-135.4,5.6],[-134,5.6],[-133.7,5.6],[-133.6,5.6],[-133.4,5.6],[-133.6,5.3],[-133.7,5.3],[-133.6,4.6],[-133.5,4.4],[-133.5,4.2],[-133.3,3.8],[-133.3,3.7],[-133.7,3.5],[-134,3.5]]]]}},{"type":"Feature","properties":{},"geometry":{"type":"MultiPolygon","coordinates":[[[[-131.9,2.6],[-132,2.5],[-132.2,2.9],[-133.1,3.2],[-133.5,3.4],[-133.7,3.5],[-133.3,3.7],[-133.3,3.8],[-133.5,4.2],[-133.5,4.4],[-133.6,4.6],[-133.7,5.3],[-133.6,5.3],[-133.4,5.6],[-133.5,5.7],[-133.6,5.8],[-133.4,5.9],[-132.8,5.6],[-132.6,5.8],[-132.3,5.9],[-132,5.6],[-132.1,5.3],[-131.9,4.7],[-132.2,4.5],[-132.3,3.8],[-132.2,3.3],[-131.9,2.6]]]]}},{"type":"Feature","properties":{},"geometry":{"type":"MultiPolygon","coordinates":[[[[-132.2,6],[-132.6,6.2],[-133.2,6.7],[-133.3,6.9],[-132.4,6.2],[-132.2,6]]]]}},{"type":"Feature","properties":{},"geometry":{"type":"MultiPolygon","coordinates":[[[[-118.6,0.6],[-118.5,0.4],[-118.2,0.2],[-117.7,-0.7],[-117.9,-0.7],[-118.5,-0.7],[-118.5,-0.5],[-118.6,-0.6],[-118.9,-0.8],[-120,-1.3],[-120.6,-1],[-120.4,-0.7],[-120.2,-0.5],[-120.3,-0.2],[-120.3,-0.4],[-120.4,-0.5],[-120.8,-0.9],[-120.8,-0.6],[-120.9,-0.4],[-120.8,0],[-121.1,-0.1],[-121.8,0.1],[-122,0.9],[-121.8,1.3],[-121.9,1.5],[-122.2,0.4],[-122.6,0],[-122.9,0.1],[-123.5,0.4],[-123.6,0.6],[-123.6,0.7],[-123.9,0.8],[-124.2,1.2],[-124.2,1.9],[-124.1,2.5],[-124.2,2.2],[-124.2,1.9],[-124.3,1.8],[-124.3,1.2],[-124.6,0.9],[-124.9,1.6],[-125,2.6],[-126.6,4.1],[-126.7,5.3],[-127.9,6],[-128.7,6.7],[-129.1,7.1],[-129.6,7.4],[-129.8,9.7],[-129.6,8.6],[-129.5,8.3],[-129.3,9.2],[-129.7,10],[-128.5,10.2],[-127.3,10],[-126.7,9.8],[-125.4,8],[-125.1,7.5],[-123.5,7.4],[-121.9,7],[-120.8,6.7],[-120.8,6.4],[-120.8,6],[-120.7,5.8],[-120.7,5],[-120.8,4.7],[-120.8,4.6],[-120.5,4.6],[-120.5,4.9],[-120.4,5.1],[-120.1,5.1],[-120.1,4.9],[-119.9,4.7],[-120.2,4.4],[-120.4,4.4],[-120.6,4.2],[-120.8,4.1],[-120.9,3.9],[-121.1,3.8],[-120.6,4],[-119.7,3.5],[-119.3,3.5],[-119.4,3.6],[-119.1,3.7],[-118.9,3.6],[-118.6,3.6],[-118.7,4],[-118.4,4.5],[-117.8,4.5],[-117.5,4.9],[-116.7,4.4],[-116.5,4.3],[-116.6,4.1],[-117.5,3.4],[-117.7,3.3],[-117.7,3.2],[-117.9,3.4],[-118,3.4],[-118.4,3.2],[-118.5,2.9],[-118.5,2.7],[-118.4,2.6],[-118.7,2.6],[-118.6,2.8],[-119.1,2.4],[-119.6,2.3],[-119.4,2],[-118.8,1.6],[-119.4,1.4],[-119.9,1.2],[-120.3,0.9],[-120.2,0.7],[-120,0.7],[-119.7,0.6],[-118.6,0.6]]]]}},{"type":"Feature","properties":{},"geometry":{"type":"MultiPolygon","coordinates":[[[[-121.3,-0.3],[-121.6,-0.5],[-121.5,-0.9],[-121.9,-1.6],[-122.3,-2.5],[-122.4,-2.8],[-122.3,-3.1],[-122.5,-3.1],[-122.9,-2.3],[-122.5,-1.9],[-123,-1.8],[-123.9,-1.4],[-123.5,-0.8],[-123.6,-0.4],[-122.3,-0.4],[-121.3,-0.3]]]]}},{"type":"Feature","properties":{},"geometry":{"type":"MultiPolygon","coordinates":[[[[-115.5,4.5],[-114.6,4.8],[-114.1,4.7],[-114.1,4.3],[-114.5,3.7],[-114.9,3.8],[-115.5,4.5]]]]}},{"type":"Feature","properties":{},"geometry":{"type":"MultiPolygon","coordinates":[[[[-116.3,4.4],[-115.6,4.5],[-116.2,4.3],[-116.3,4.4]]]]}},{"type":"Feature","properties":{},"geometry":{"type":"MultiPolygon","coordinates":[[[[-118.7,5],[-119,4.5],[-119.4,4],[-119.7,4.2],[-119.8,4.7],[-119.7,5.1],[-119.6,5.3],[-119.6,5.4],[-119.6,5.5],[-119.4,5.5],[-119,5.3],[-118.9,5.3],[-118.7,5]]]]}},{"type":"Feature","properties":{},"geometry":{"type":"MultiPolygon","coordinates":[[[[-123.5,-2.9],[-124.4,-2.5],[-123.8,-2.2],[-123.5,-2.7],[-123.5,-2.9]]]]}},{"type":"Feature","properties":{},"geometry":{"type":"MultiPolygon","coordinates":[[[[-121.1,-1],[-121.2,-1.1],[-121.2,-1],[-121.1,-1]]]]}},{"type":"Feature","properties":{},"geometry":{"type":"MultiPolygon","coordinates":[[[[-118.7,4.4],[-118.9,4.3],[-119,4.4],[-118.7,4.4]]]]}},{"type":"Feature","properties":{},"geometry":{"type":"MultiPolygon","coordinates":[[[[-81,-53.5],[-81.8,-53.3],[-82.2,-52.5],[-82.3,-52.8],[-82.1,-53.4],[-82,-53.6],[-82.1,-53.7],[-82.3,-53.7],[-82.8,-53.8],[-83,-54],[-84.4,-53.6],[-87,-52.8],[-88.5,-52.3],[-89.9,-51.8],[-91.1,-51.3],[-94.7,-50.6],[-94.9,-50.2],[-91,-50],[-90.4,-50],[-90.1,-50],[-89,-50.4],[-87.9,-50.6],[-87.6,-51],[-86.7,-51.3],[-85.1,-51.3],[-83.4,-51.6],[-83,-51.8],[-82.2,-52.1],[-81.7,-52.4],[-80.9,-53.1],[-81,-53.5]]]]}},{"type":"Feature","properties":{},"geometry":{"type":"MultiPolygon","coordinates":[[[[-80.4,-55.7],[-80.5,-55.6],[-80.3,-55.7],[-80.4,-55.7]]]]}},{"type":"Feature","properties":{},"geometry":{"type":"MultiPolygon","coordinates":[[[[71,-59.1],[71.8,-59.3],[72.5,-59.3],[73.5,-59.1],[75.2,-58.9],[77.6,-58.2],[80.5,-57.5],[82.7,-55.7],[83.1,-55.4],[84.8,-54.5],[86.8,-53.7],[88.8,-52.3],[90.5,-50.7],[93.1,-49.6],[92.6,-49.7],[92.3,-50],[92.8,-50.9],[93.5,-52],[92.9,-52.9],[91.9,-53.8],[91.4,-54.7],[89.9,-55.1],[89.7,-55.1],[87.9,-55.8],[87.5,-56.3],[87,-56.8],[86.9,-56.7],[87.1,-56.9],[87.7,-57.1],[87.5,-57.5],[88.7,-57.9],[88.8,-57.6],[90.2,-57.4],[91.4,-57.1],[91.7,-57],[91.9,-56.9],[92.4,-56.7],[92.8,-56.6],[92.8,-56.4],[93.8,-55.8],[94,-55.7],[94.9,-55.9],[95.4,-55.7],[96.5,-55.3],[95.7,-55.1],[95.5,-55],[94.8,-55],[94.9,-54.5],[95.2,-54.5],[96,-54.5],[97.1,-54.6],[97.1,-54.5],[97.6,-54.5],[97.7,-54.3],[98.2,-54],[98.1,-53.6],[97.7,-52.8],[97.4,-51.9],[97.2,-52],[97,-51.7],[96.9,-51.7],[96.3,-51.6],[95.3,-50.9],[94.7,-50.7],[93.9,-50.2],[93.7,-50.3],[93.8,-50.1],[94,-50.2],[94.3,-50.1],[95.8,-50.1],[101.1,-49.6],[108.5,-50.2],[109.5,-51.3],[111.7,-52],[114,-53.8],[115.7,-54.6],[115.4,-57.2],[112.9,-56.9],[107.2,-58],[103.4,-58.9],[100.2,-60.1],[98,-61.2],[95.9,-61.8],[94.9,-62.3],[93.4,-62.7],[92.2,-63.1],[91.8,-64.1],[92.5,-64.6],[94.7,-64.8],[94.4,-65.8],[93.4,-67.5],[91,-68.2],[87.5,-68.8],[85.1,-68.9],[84.9,-68.9],[82.2,-68.3],[79.9,-67.8],[78.6,-67.7],[77,-67.4],[76.1,-67.3],[75,-67.1],[72.1,-66.4],[70.2,-66.1],[69.3,-65.9],[68,-64.7],[67.5,-63.7],[67.3,-62.9],[67.4,-62.1],[68.9,-60.1],[71,-59.1]]]]}},{"type":"Feature","properties":{},"geometry":{"type":"MultiPolygon","coordinates":[[[[92.7,-50.4],[93.3,-51.2],[92.7,-50.5],[92.7,-50.4]]]]}},{"type":"Feature","properties":{},"geometry":{"type":"MultiPolygon","coordinates":[[[[70.9,-48.3],[75.8,-47.8],[79.4,-47.8],[82.6,-46],[84.2,-47.2],[84.6,-48.3],[84.3,-50.1],[82.1,-50.4],[80.2,-52.1],[76.7,-54],[72.8,-54.3],[70.2,-51],[69.5,-49.6],[68.5,-49.6],[69.6,-48.8],[70.9,-48.3]]]]}},{"type":"Feature","properties":{},"geometry":{"type":"MultiPolygon","coordinates":[[[[90.9,-35.9],[91.2,-40.6],[92.7,-45],[91.8,-46.7],[88.3,-47.7],[85,-46.7],[85.5,-43.8],[89.1,-39.4],[89.4,-38],[90.9,-35.9]]]]}},{"type":"Feature","properties":{},"geometry":{"type":"MultiPolygon","coordinates":[[[[3.4,-80.9],[-5.3,-79.2],[-9.9,-77.3],[-4.5,-77.3],[-4.2,-77.4],[-3.2,-77.4],[-0.9,-77.4],[3.2,-77.2],[3.4,-77.3],[4.1,-77.4],[4.5,-77.8],[7.6,-77.8],[5.5,-78.8],[7,-79.3],[1.6,-80.3],[3.4,-80.9]]]]}},{"type":"Feature","properties":{},"geometry":{"type":"MultiPolygon","coordinates":[[[[22.9,-76.2],[22.1,-77.2],[22.6,-77.6],[20.3,-77.8],[14.1,-77.1],[13.3,-76.6],[14.6,-76.5],[16.8,-76.7],[21.3,-76.4],[22.9,-76.1],[22.9,-76.2]]]]}},{"type":"Feature","properties":{},"geometry":{"type":"MultiPolygon","coordinates":[[[[8.5,-79.5],[7.5,-79.9],[5.6,-80.6],[1.8,-80.6],[-2.9,-80.3],[0.6,-80.1],[5.6,-78.9],[4.7,-78.6],[8.5,-79.5]]]]}},{"type":"Feature","properties":{},"geometry":{"type":"MultiPolygon","coordinates":[[[[58.8,-61.9],[59.1,-61.9],[59.4,-61.8],[60.2,-61.5],[60.8,-61.3],[60.9,-62.2],[60.6,-63.1],[60.5,-63.8],[60.7,-65.1],[60.2,-65.8],[60.5,-66.2],[58.9,-67.3],[59,-67.7],[57.9,-68.3],[53,-69],[51.7,-69.7],[51.1,-70.1],[50.5,-70.2],[49.3,-70.2],[49.2,-70.4],[48.7,-70.6],[48.2,-70.7],[48.5,-70.4],[47.4,-70.5],[46.7,-70.5],[46.3,-70.2],[45.1,-70.2],[44.2,-70],[44.1,-69.6],[45,-68.7],[45.1,-68],[46.2,-67.5],[48,-66.8],[49.7,-66.3],[51.1,-65.6],[57.4,-64.4],[58.3,-62.7],[58.8,-61.9]]]]}},{"type":"Feature","properties":{},"geometry":{"type":"MultiPolygon","coordinates":[[[[57,-61.5],[56.5,-62.3],[55.7,-64.1],[49.9,-65.1],[51,-64.2],[51.7,-63.2],[52.2,-62.7],[53.2,-62.7],[53.8,-62.6],[54.4,-62.4],[54.9,-62.1],[55.4,-61.9],[55.8,-61.8],[56.2,-61.7],[56.6,-61.6],[57,-61.5]]]]}},{"type":"Feature","properties":{},"geometry":{"type":"MultiPolygon","coordinates":[[[[-103.2,1.2],[-103.1,0.8],[-103.4,1],[-103.4,0.7],[-103.4,0.4],[-103.7,0.4],[-104.1,0.7],[-103.9,1],[-104,1.3],[-104.2,1.1],[-104.3,1.6],[-104.3,1.8],[-103.9,1.9],[-104,1.5],[-103.7,1.3],[-103.4,1.3],[-103.2,1.2]]]]}},{"type":"Feature","properties":{},"geometry":{"type":"MultiPolygon","coordinates":[[[[-102.4,-0.1],[-102.4,-0.9],[-102.8,-0.9],[-102.9,-0.7],[-103.1,-0.3],[-103.1,-0.2],[-102.8,0.2],[-103.5,0.1],[-103.2,0.3],[-102.9,0.6],[-102.4,-0.1]]]]}},{"type":"Feature","properties":{},"geometry":{"type":"MultiPolygon","coordinates":[[[[72.2,-54.3],[75.8,-54.3],[79.8,-52.7],[81.5,-50.5],[83.9,-50.5],[82.4,-51.7],[80.8,-53.3],[78.6,-54.8],[77,-55.5],[75.3,-56.1],[74.2,-56.7],[72.4,-58.4],[69.5,-59],[66.9,-59.7],[64.7,-60],[63.7,-60.1],[62.8,-60.1],[61.9,-60.1],[62,-59.6],[62.8,-57.9],[65,-57.8],[66.9,-57.4],[68.6,-56.6],[70,-55.9],[72.2,-54.3]]]]}},{"type":"Feature","properties":{},"geometry":{"type":"MultiPolygon","coordinates":[[[[67.4,-55.3],[68.2,-53.1],[68.1,-52.6],[67.9,-50.7],[68.7,-49.9],[69.6,-51],[72.2,-54.3],[70,-55.9],[68.6,-56.6],[66.9,-57.4],[65,-57.8],[62.8,-57.9],[64.1,-56.4],[65.5,-56.3],[66.7,-55.6],[67.4,-55.3]]]]}},{"type":"Feature","properties":{},"geometry":{"type":"MultiPolygon","coordinates":[[[[2.4,-52.9],[3.6,-54.3],[3.2,-54.7],[2.4,-55.1],[1,-55.5],[-0.4,-55.7],[-0.7,-55.1],[-0.2,-53],[0.8,-52.8],[2,-52.8],[2.4,-52.9]]]]}},{"type":"Feature","properties":{},"geometry":{"type":"MultiPolygon","coordinates":[[[[-24.7,-75.5],[-23.5,-75.9],[-19.9,-76.4],[-13,-77.7],[-15,-77.8],[-16.4,-77.4],[-20.3,-76.8],[-26.1,-76.3],[-32.4,-75.3],[-35.6,-74.8],[-37.5,-74.2],[-33.9,-74.3],[-32.1,-74.7],[-25.5,-75.2],[-24.7,-75.5]]]]}},{"type":"Feature","properties":{},"geometry":{"type":"MultiPolygon","coordinates":[[[[-40.6,-72.8],[-39.2,-73.3],[-39.2,-73.4],[-39,-73.7],[-38.3,-73.9],[-41.4,-73.5],[-44.5,-73],[-46.5,-72.2],[-47.1,-71.3],[-42,-71.2],[-43.1,-72.1],[-42.2,-72.6],[-40.6,-72.8]]]]}},{"type":"Feature","properties":{},"geometry":{"type":"MultiPolygon","coordinates":[[[[-42.2,-71.6],[-43,-71.2],[-42.8,-70.3],[-40.9,-70.3],[-42.7,-71.2],[-42.2,-71.6]]]]}},{"type":"Feature","properties":{},"geometry":{"type":"MultiPolygon","coordinates":[[[[-0.3,-51.6],[0.5,-51.9],[1.6,-52.3],[2.4,-52.9],[1,-52.8],[0.1,-53],[-0.7,-54.6],[-0.7,-55.7],[-0.8,-56.1],[-3.1,-59.2],[-5.6,-60.4],[-5.7,-59.6],[-3.6,-56.3],[-2.4,-53.1],[-0.3,-51.6]]]]}},{"type":"Feature","properties":{},"geometry":{"type":"MultiPolygon","coordinates":[[[[-15,-77.8],[-36.2,-77.2],[-50,-74.1],[-60.8,-70.4],[-60.8,-70.3],[-55.5,-70.1],[-49.9,-70.9],[-47,-71.3],[-46.2,-72.3],[-43.7,-73.2],[-40.7,-73.5],[-38.2,-74],[-37.7,-74.1],[-36.9,-74.3],[-34.5,-75],[-30.3,-75.8],[-24,-76.6],[-17.5,-77.2],[-15.1,-77.7],[-15,-77.8]]]]}},{"type":"Feature","properties":{},"geometry":{"type":"MultiPolygon","coordinates":[[[[20.7,-73.8],[18.6,-73],[23.6,-72.9],[25.5,-73.6],[21.8,-73.3],[20.6,-73.7],[20.7,-73.8]]]]}},{"type":"Feature","properties":{},"geometry":{"type":"MultiPolygon","coordinates":[[[[-103.1,-8.9],[-102.9,-8],[-102.9,-7.8],[-102.8,-7.5],[-102.5,-6.5],[-102.3,-6.6],[-102.2,-7],[-102.2,-7.5],[-102,-8.1],[-102.4,-8.2],[-103,-8.9],[-103.1,-8.9]]]]}},{"type":"Feature","properties":{},"geometry":{"type":"MultiPolygon","coordinates":[[[[-101.7,-6.2],[-101.4,-6.6],[-101.3,-6.5],[-101.1,-6.5],[-101.1,-6.7],[-101,-6.7],[-100.8,-6.9],[-100.7,-7.2],[-101.2,-7.6],[-101.5,-7.5],[-101.8,-7.2],[-102.1,-6.9],[-102,-6.6],[-101.9,-6.6],[-101.7,-6.2]]]]}},{"type":"Feature","properties":{},"geometry":{"type":"MultiPolygon","coordinates":[[[[-101.8,-9.2],[-102.1,-9.3],[-102.3,-8.5],[-101.8,-9.2]]]]}},{"type":"Feature","properties":{},"geometry":{"type":"MultiPolygon","coordinates":[[[[-102.1,-8.1],[-102,-8.5],[-102.3,-8.2],[-102.1,-8.1]]]]}},{"type":"Feature","properties":{},"geometry":{"type":"MultiPolygon","coordinates":[[[[-103.7,-54.8],[-106.5,-54.3],[-106.6,-54.3],[-106.5,-53.9],[-106.4,-53.8],[-105.8,-53.8],[-105.5,-53.6],[-105.2,-53.5],[-105.1,-53.3],[-105,-53.2],[-104.1,-53],[-103.4,-53],[-103.5,-52.9],[-102.5,-52.6],[-102,-52.7],[-101.8,-52.7],[-101.7,-52.6],[-101.7,-52.4],[-101.6,-53.1],[-102.8,-53.7],[-103.6,-54.5],[-103.7,-54.8]]]]}},{"type":"Feature","properties":{},"geometry":{"type":"MultiPolygon","coordinates":[[[[-105.3,-57.3],[-105.7,-57.1],[-105.1,-57.2],[-104.7,-57.3],[-104.4,-57.1],[-104.9,-57.4],[-105.3,-57.3]]]]}},{"type":"Feature","properties":{},"geometry":{"type":"MultiPolygon","coordinates":[[[[-104.2,-56.1],[-104.2,-56.7],[-104.1,-56.1],[-104.2,-56.1]]]]}},{"type":"Feature","properties":{},"geometry":{"type":"MultiPolygon","coordinates":[[[[170.8,-15.3],[167,-12.9],[165,-10.5],[165.6,-11.2],[166.8,-11.9],[166.6,-12.3],[167.1,-12.7],[167.2,-12.5],[167.3,-12.1],[167.3,-11.7],[167.6,-11.2],[167.9,-11],[168.3,-11.4],[168.4,-11.2],[167.9,-10.3],[168.3,-10.3],[168.5,-10.7],[168.9,-11.5],[169.4,-12.1],[169.9,-12.6],[170.3,-13.2],[171,-13.3],[170.5,-13.7],[171,-14.4],[170.9,-15],[170.8,-15.3]]]]}},{"type":"Feature","properties":{},"geometry":{"type":"MultiPolygon","coordinates":[[[[169.8,-10.6],[169.7,-10.8],[170,-10.8],[170.3,-11],[170.1,-11.1],[170.2,-11.4],[169.9,-11.4],[169.7,-11.3],[169.3,-10.9],[168.9,-9.9],[169.4,-10],[169.4,-10.2],[169.7,-10.3],[169.8,-10.6]]]]}},{"type":"Feature","properties":{},"geometry":{"type":"MultiPolygon","coordinates":[[[[106.9,-14.1],[107.4,-14.6],[107.7,-15.5],[107.5,-15.7],[106.9,-14.9],[106.9,-14.1]]]]}},{"type":"Feature","properties":{},"geometry":{"type":"MultiPolygon","coordinates":[[[[89,-38.6],[87.6,-41],[84,-45.7],[80.9,-43],[84.5,-41.6],[89,-38.6]]]]}},{"type":"Feature","properties":{},"geometry":{"type":"MultiPolygon","coordinates":[[[[93.8,-46],[96.1,-47.7],[95.3,-47.7],[95.7,-47.7],[94.6,-48.4],[94.2,-48.9],[93.4,-49.2],[93.1,-49.2],[92.7,-49.6],[91.8,-50.1],[91.7,-50.4],[91.5,-50.5],[90.8,-50.8],[89.6,-51.2],[89.4,-51.3],[88.7,-51.5],[87.8,-51.8],[86.7,-52.1],[85.8,-52.4],[84.8,-52.3],[84.1,-51.8],[84.1,-50.9],[86.4,-50.7],[87.7,-50.2],[89.8,-48.3],[92.7,-45.9],[93.8,-46]]]]}},{"type":"Feature","properties":{},"geometry":{"type":"MultiPolygon","coordinates":[[[[89.5,-53.7],[88.4,-53.8],[84.7,-53.6],[86.6,-54.1],[89.5,-53.7]]]]}},{"type":"Feature","properties":{},"geometry":{"type":"MultiPolygon","coordinates":[[[[95,-37.7],[94.9,-38],[94.3,-39.1],[93.6,-39.4],[92.4,-40],[90.7,-41.6],[90.3,-40.5],[90.4,-39.1],[91.9,-38],[95,-37.7]]]]}},{"type":"Feature","properties":{},"geometry":{"type":"MultiPolygon","coordinates":[[[[91.7,-36.8],[95,-37.7],[91.9,-38],[90.4,-39.1],[90.3,-40.5],[90.7,-41.6],[89.2,-40],[90.5,-37.4],[91.3,-36.9],[91.7,-36.8]]]]}},{"type":"Feature","properties":{},"geometry":{"type":"MultiPolygon","coordinates":[[[[-36.9,-24.4],[-36.8,-24.5],[-36.7,-24.5],[-36,-24.7],[-34.4,-26],[-32.9,-28.4],[-32.8,-28.5],[-32.8,-28.6],[-33.2,-28.8],[-33.2,-28.7],[-33.1,-28.6],[-33.4,-28.7],[-33.6,-28.8],[-33.6,-28.6],[-33.9,-28.6],[-34,-28.6],[-34.1,-28.3],[-34.3,-28.1],[-34.5,-28],[-34.7,-27.6],[-34.6,-27.5],[-35.1,-26.9],[-35.1,-27.1],[-35.2,-27.1],[-35.2,-26.8],[-35.2,-26.7],[-35,-26.5],[-35.2,-26.1],[-35.3,-26.1],[-35.5,-25.8],[-35.4,-25.6],[-35.7,-25.8],[-35.9,-25.3],[-36.6,-25.4],[-37.4,-25],[-37.4,-24.5],[-37,-24.6],[-36.9,-24.4]]]]}},{"type":"Feature","properties":{},"geometry":{"type":"MultiPolygon","coordinates":[[[[-39.8,-26.6],[-39.8,-26.4],[-39.5,-26.2],[-38.7,-26.1],[-38.3,-26.5],[-38.6,-26.9],[-39,-27.3],[-39,-27.4],[-39.6,-27.1],[-39.7,-26.9],[-39.8,-26.6]]]]}},{"type":"Feature","properties":{},"geometry":{"type":"MultiPolygon","coordinates":[[[[-39.1,-25.5],[-38.8,-25.5],[-38.6,-25],[-37.8,-25.3],[-37.5,-25.8],[-38.2,-25.9],[-38.5,-25.9],[-38.8,-25.8],[-39.2,-25.7],[-39.1,-25.5]]]]}},{"type":"Feature","properties":{},"geometry":{"type":"MultiPolygon","coordinates":[[[[-40.8,-26.9],[-40.4,-26.6],[-39.6,-27.3],[-39.7,-27.4],[-40,-27.5],[-40.4,-27.4],[-40.7,-27.4],[-41,-27.1],[-40.8,-26.9]]]]}},{"type":"Feature","properties":{},"geometry":{"type":"MultiPolygon","coordinates":[[[[-39.5,-27.3],[-39.2,-27.7],[-39.4,-27.7],[-39.5,-27.3]]]]}},{"type":"Feature","properties":{},"geometry":{"type":"MultiPolygon","coordinates":[[[[-35.5,-26.4],[-35.3,-26.4],[-35.5,-26.5],[-35.5,-26.4]]]]}},{"type":"Feature","properties":{},"geometry":{"type":"MultiPolygon","coordinates":[[[[-34.5,-29.8],[-34.2,-29.9],[-34.3,-30],[-34.5,-29.8]]]]}},{"type":"Feature","properties":{},"geometry":{"type":"MultiPolygon","coordinates":[[[[-33.9,-28.6],[-33.7,-28.6],[-33.8,-28.7],[-33.9,-28.6]]]]}},{"type":"Feature","properties":{},"geometry":{"type":"MultiPolygon","coordinates":[[[[-112,-23.5],[-112.9,-23.8],[-112.9,-23.7],[-113.5,-23.8],[-114.1,-23.7],[-114.1,-23.6],[-113.9,-22.8],[-113.7,-22.5],[-113.8,-22.3],[-114,-22.5],[-113.7,-22.2],[-114.3,-23],[-114.3,-22.7],[-114.1,-22.4],[-114.1,-22.2],[-114,-22],[-113.9,-21.8],[-113.8,-21.6],[-114,-21.8],[-114,-21.6],[-114,-21.4],[-113.9,-21.2],[-113.8,-21],[-113.9,-20.8],[-113.8,-20.6],[-113.6,-20.6],[-113.5,-20.4],[-113.3,-20.1],[-113.1,-20],[-112.9,-20.1],[-112.5,-20.1],[-112.3,-20.4],[-112.9,-20.8],[-113,-20.9],[-113.2,-21.1],[-112.3,-21.1],[-111.8,-21.5],[-112.3,-22.2],[-112.5,-22.4],[-112.9,-22.7],[-112.5,-22.7],[-112,-23.5]]]]}},{"type":"Feature","properties":{},"geometry":{"type":"MultiPolygon","coordinates":[[[[-117.1,-25.1],[-117.5,-25.1],[-117.8,-25],[-117.5,-24.7],[-117.1,-24.5],[-117.4,-24.4],[-117.6,-24.3],[-117.6,-24.1],[-117.5,-23.9],[-117.4,-23.7],[-117.4,-23.6],[-117.4,-23.4],[-117.2,-23.4],[-116.9,-23.7],[-116.4,-23.6],[-116.2,-23.5],[-116.3,-23.3],[-116.3,-23.2],[-116.2,-23],[-116,-22.9],[-115.7,-23],[-115.6,-23],[-115.4,-22.9],[-115.3,-23.1],[-114.6,-23.6],[-114.6,-24.1],[-115,-24.3],[-115.2,-24.5],[-115.4,-24.7],[-116.3,-25.1],[-117.1,-25.1]]]]}},{"type":"Feature","properties":{},"geometry":{"type":"MultiPolygon","coordinates":[[[[-113.9,-20.1],[-114.1,-20.3],[-114.3,-20.4],[-114.4,-20.4],[-114.4,-20.3],[-114.4,-20.2],[-113.9,-19.9],[-113.9,-20.1]]]]}},{"type":"Feature","properties":{},"geometry":{"type":"MultiPolygon","coordinates":[[[[-114.1,-20.8],[-113.9,-21.2],[-114.1,-21.2],[-114.4,-21],[-114.4,-20.9],[-114.2,-20.7],[-114.1,-20.8]]]]}},{"type":"Feature","properties":{},"geometry":{"type":"MultiPolygon","coordinates":[[[[-110.9,-18.3],[-110.8,-18.5],[-110.9,-18.8],[-111,-19],[-111.1,-18.6],[-110.9,-18.6],[-111,-18.4],[-110.9,-18.3]]]]}},{"type":"Feature","properties":{},"geometry":{"type":"MultiPolygon","coordinates":[[[[-114.1,-22],[-114.3,-22],[-114.3,-21.9],[-114.3,-21.8],[-114.1,-22]]]]}},{"type":"Feature","properties":{},"geometry":{"type":"MultiPolygon","coordinates":[[[[-114.5,-22.4],[-114.8,-22.6],[-114.7,-22.5],[-114.5,-22.4]]]]}},{"type":"Feature","properties":{},"geometry":{"type":"MultiPolygon","coordinates":[[[[-112.1,-19.7],[-111.9,-19.9],[-112.1,-20],[-112.2,-19.8],[-112.1,-19.7]]]]}},{"type":"Feature","properties":{},"geometry":{"type":"MultiPolygon","coordinates":[[[[86.4,-69.2],[86.3,-69.3],[83.9,-69.3],[82.4,-69.3],[77.8,-68.2],[74.9,-67.1],[76.6,-67.4],[77.8,-67.6],[78.8,-67.8],[80.4,-68],[82,-68.2],[85.3,-68.9],[86.4,-69.2]]]]}},{"type":"Feature","properties":{},"geometry":{"type":"MultiPolygon","coordinates":[[[[123,-22.9],[123.1,-24.3],[123.6,-25.8],[123.4,-28],[122.9,-29.4],[121.8,-32],[120.2,-34.6],[117.9,-35.9],[115.2,-37.7],[110.8,-38.9],[107.6,-40.4],[107.1,-40.8],[107.9,-39.8],[107.9,-39.1],[112.9,-37.8],[114.9,-37.4],[117.1,-36.5],[118.3,-35.2],[119.5,-34.1],[121,-32.7],[122.5,-30],[123.3,-26.8],[123.1,-24.9],[122.5,-23.2],[123,-22.9]]]]}},{"type":"Feature","properties":{},"geometry":{"type":"MultiPolygon","coordinates":[[[[-38.8,-59.7],[-33.9,-59.6],[-33.6,-59.6],[-33.6,-59.9],[-33.6,-60.5],[-34,-61],[-34.2,-61.9],[-34.4,-62],[-38.5,-62.1],[-40.8,-61.9],[-42.6,-61.6],[-42.6,-61.2],[-42.7,-60.8],[-42.5,-60.5],[-42,-60],[-39,-59.7],[-38.8,-59.7]]]]}},{"type":"Feature","properties":{},"geometry":{"type":"MultiPolygon","coordinates":[[[[19.2,-72.6],[15.9,-73.8],[14.3,-73.5],[17.9,-72.5],[19.2,-72.6]]]]}},{"type":"Feature","properties":{},"geometry":{"type":"MultiPolygon","coordinates":[[[[-1.6,-75.5],[1.4,-75.3],[-0.6,-75.5],[-1.6,-75.5]]]]}},{"type":"Feature","properties":{},"geometry":{"type":"MultiPolygon","coordinates":[[[[-1.5,-75.1],[-4.7,-74.9],[-3.7,-74.7],[-2.7,-74.5],[-1.3,-74.4],[0.9,-74.6],[-1.5,-75.1]]]]}},{"type":"Feature","properties":{},"geometry":{"type":"MultiPolygon","coordinates":[[[[-6.7,-74.5],[-8.3,-74.4],[-10.4,-74],[-8.8,-73.7],[-6.4,-74.3],[-6.7,-74.5]]]]}},{"type":"Feature","properties":{},"geometry":{"type":"MultiPolygon","coordinates":[[[[-9,-74.5],[-4,-75],[-6.6,-75.4],[-10.6,-75.3],[-12.4,-75.2],[-12.3,-75],[-11.1,-74.8],[-9.6,-74.8],[-9.2,-74.6],[-9,-74.5]]]]}},{"type":"Feature","properties":{},"geometry":{"type":"MultiPolygon","coordinates":[[[[-19.6,-74],[-20.6,-74.3],[-21.4,-74.1],[-20.1,-73.7],[-19.6,-74]]]]}},{"type":"Feature","properties":{},"geometry":{"type":"MultiPolygon","coordinates":[[[[-16.8,-74.2],[-17.3,-74.5],[-17.6,-74.1],[-16.8,-74.2]]]]}},{"type":"Feature","properties":{},"geometry":{"type":"MultiPolygon","coordinates":[[[[-11,-76.3],[-19.2,-75.1],[-18.4,-75.2],[-14.8,-75.5],[-12.2,-75.9],[-11,-76.3]]]]}},{"type":"Feature","properties":{},"geometry":{"type":"MultiPolygon","coordinates":[[[[-29.5,-74.9],[-31.3,-74.4],[-30.2,-74.4],[-29.5,-74.9]]]]}},{"type":"Feature","properties":{},"geometry":{"type":"MultiPolygon","coordinates":[[[[-24.3,-75.7],[-26.5,-75.9],[-24.4,-75.6],[-24.3,-75.7]]]]}},{"type":"Feature","properties":{},"geometry":{"type":"MultiPolygon","coordinates":[[[[144.9,-2.8],[145,-2.9],[145.1,-2.9],[145.2,-3],[145.2,-3.1],[145.1,-3.1],[145,-3],[144.8,-2.9],[144.9,-2.8]]]]}},{"type":"Feature","properties":{},"geometry":{"type":"MultiPolygon","coordinates":[[[[122.2,12.7],[122.5,12.8],[122.6,12.8],[122.8,13],[122.9,13],[123.2,12.8],[123.2,12.9],[123.3,12.8],[123.6,12.6],[124,12.5],[124.1,12.4],[124.2,12.4],[124.3,12.2],[124.9,12.3],[125,12.4],[125.1,12.3],[125.4,12.3],[125.5,12.2],[125.6,12.2],[125.8,12.1],[125.9,12],[126,11.9],[126.1,11.8],[126.2,11.8],[126.3,11.8],[126.6,11.8],[126.7,11.8],[126.8,11.7],[126.8,11.6],[127,11.5],[126.9,11.5],[126.9,11.4],[126.9,11.3],[126.9,11.2],[126.9,11.1],[126.9,11],[126.9,10.9],[126.9,10.8],[126.8,10.7],[126.8,10.6],[126.8,10.5],[126.8,10.4],[126.8,10.3],[126.8,10.2],[126.7,10.2],[126.7,10.1],[126.7,10],[126.6,9.9],[126.6,9.8],[126.5,9.8],[126.5,9.7],[126.5,9.6],[126.4,9.6],[126.3,9.6],[126.3,9.7],[126.3,9.8],[126.3,9.9],[126.3,10],[126.3,10.1],[126.2,10.2],[126.2,10.3],[126.2,10.4],[126.2,10.5],[126.1,10.5],[126.1,10.6],[126.1,10.7],[126,10.7],[126,10.8],[126,10.9],[125.9,11],[125.9,11.1],[125.9,11.2],[125.8,11.3],[125.8,11.4],[125.7,11.4],[125.6,11.4],[125.5,11.4],[125.4,11.3],[125.3,11.3],[125.2,11.3],[125.1,11.2],[125,11.2],[124.9,11.2],[124.8,11.1],[124.7,11.1],[124.6,11.1],[124.5,11],[124.4,11],[124.3,11],[124.1,10.9],[123.9,11],[123.8,11.1],[123.7,11.1],[123.7,11.2],[123.6,11.2],[123.5,11.2],[123.5,11.3],[123.4,11.3],[123.4,11.4],[123.3,11.4],[123.2,11.5],[123.1,11.5],[123,11.5],[122.9,11.6],[122.8,11.7],[122.8,11.8],[122.7,11.9],[122.3,12.3],[122.1,12.4],[121.9,12.6],[121.9,12.7],[122.2,12.7]]]]}},{"type":"Feature","properties":{},"geometry":{"type":"MultiPolygon","coordinates":[[[[-77,-56.8],[-73.7,-57.6],[-73.8,-57.8],[-73.8,-58.1],[-73.5,-58.4],[-72.9,-59.1],[-72.5,-59.6],[-72.5,-59.8],[-72.9,-59.7],[-73.3,-59.4],[-73.7,-59.4],[-74,-59.4],[-74.6,-59.3],[-74.8,-59.2],[-75.1,-58.9],[-75.2,-58.9],[-75.5,-58.8],[-76.1,-58.8],[-76.2,-58.6],[-76.4,-58.5],[-76.6,-58.3],[-76.8,-58.4],[-77.3,-58.4],[-78,-58.4],[-78.2,-58.3],[-78.4,-58.3],[-78.8,-58.2],[-79.1,-58],[-79,-57.7],[-78.9,-57.5],[-77.5,-57.3],[-77.3,-57.4],[-77.1,-57.4],[-75.3,-57.8],[-75.5,-58.2],[-75.5,-57.7],[-74.9,-57.6],[-74.4,-57.7],[-74.4,-57.3],[-76.5,-57],[-77,-56.8]]]]}},{"type":"Feature","properties":{},"geometry":{"type":"MultiPolygon","coordinates":[[[[-86.2,-54.4],[-83.2,-54.9],[-83.2,-55.1],[-83.9,-55],[-83.9,-55.1],[-84.4,-55.4],[-84,-55.7],[-84.6,-55.9],[-84.8,-55.4],[-85.2,-55.3],[-85,-55.1],[-85.1,-54.9],[-85.6,-54.9],[-86,-54.5],[-86.2,-54.4]]]]}},{"type":"Feature","properties":{},"geometry":{"type":"MultiPolygon","coordinates":[[[[-64.2,-60.9],[-64,-60.9],[-60.8,-60.7],[-60.9,-60.8],[-61,-60.9],[-61.5,-61],[-61,-61.1],[-60.3,-61.2],[-60.6,-61.3],[-61.6,-61.3],[-61.9,-61.6],[-62.1,-61.9],[-60.7,-61.7],[-61.5,-62],[-61.6,-62.1],[-60.7,-62],[-61.7,-62.6],[-62.7,-62.8],[-63.1,-62.6],[-62.8,-62.3],[-62.3,-62.2],[-62.8,-61.9],[-62.5,-61.9],[-62.1,-61.4],[-63.3,-61.6],[-63.5,-61.4],[-64.4,-61.6],[-64.8,-61.6],[-64.9,-61.3],[-63.4,-61.3],[-63.8,-61],[-64,-61.2],[-64.4,-61],[-64.2,-60.9]]]]}},{"type":"Feature","properties":{},"geometry":{"type":"MultiPolygon","coordinates":[[[[-72.3,-59.3],[-71.9,-59.7],[-70.6,-59.7],[-70.2,-59.9],[-70.5,-60.1],[-71.9,-59.8],[-72.5,-59.5],[-72.3,-59.3]]]]}},{"type":"Feature","properties":{},"geometry":{"type":"MultiPolygon","coordinates":[[[[-72.6,-58.5],[-72.8,-58.6],[-73.1,-58.2],[-72.6,-58.5]]]]}},{"type":"Feature","properties":{},"geometry":{"type":"MultiPolygon","coordinates":[[[[-72.1,-58.9],[-72.5,-59.1],[-72.8,-59],[-74,-59],[-76.4,-58.9],[-76.2,-58.8],[-76.5,-58.6],[-76.6,-58.5],[-77,-58.5],[-77.2,-58.4],[-77.3,-58.3],[-77.4,-58.1],[-77.3,-58],[-77.8,-57.8],[-78,-57.7],[-78.3,-57.5],[-78.3,-57.3],[-78.9,-57.1],[-78.9,-56.9],[-77.6,-57.5],[-76.5,-57.9],[-74.9,-58.2],[-72.8,-58.5],[-72.5,-58.6],[-72.1,-58.9]]]]}},{"type":"Feature","properties":{},"geometry":{"type":"MultiPolygon","coordinates":[[[[-84.1,-54.8],[-86.9,-53.7],[-86.9,-53.3],[-87.4,-53.3],[-87.8,-53.3],[-88,-53.2],[-88.2,-53.1],[-88.3,-52.9],[-88.5,-52.9],[-88.6,-52.8],[-88.6,-52.7],[-88.6,-52.5],[-89,-52.6],[-88.5,-52.3],[-87,-52.8],[-84.4,-53.6],[-83.4,-54],[-83.7,-54.1],[-84,-54.4],[-84,-54.6],[-84.1,-54.8]]]]}},{"type":"Feature","properties":{},"geometry":{"type":"MultiPolygon","coordinates":[[[[-89.6,-52.2],[-89.7,-52.1],[-89.7,-51.9],[-89.8,-51.9],[-88.5,-52.3],[-89.4,-52.2],[-89.6,-52.2]]]]}},{"type":"Feature","properties":{},"geometry":{"type":"MultiPolygon","coordinates":[[[[-92.1,-51.4],[-91.1,-51.3],[-90.8,-51.5],[-92.1,-51.4]]]]}},{"type":"Feature","properties":{},"geometry":{"type":"MultiPolygon","coordinates":[[[[-80.8,-56.8],[-81.7,-56.9],[-82.6,-56.8],[-82.8,-56.9],[-82.9,-56.9],[-82.9,-56.4],[-80.8,-56.8]]]]}},{"type":"Feature","properties":{},"geometry":{"type":"MultiPolygon","coordinates":[[[[-81.7,-57.1],[-82.8,-57],[-82.6,-56.9],[-81.7,-57],[-81.7,-57.1]]]]}},{"type":"Feature","properties":{},"geometry":{"type":"MultiPolygon","coordinates":[[[[-83.3,-55.8],[-83.3,-55.4],[-83.7,-55.1],[-83.7,-54.7],[-83.3,-54.4],[-83.2,-54.6],[-83.4,-54.8],[-83.2,-55],[-83.2,-55.4],[-82.8,-55.6],[-83,-55.8],[-83.2,-55.8],[-83.3,-55.8]]]]}},{"type":"Feature","properties":{},"geometry":{"type":"MultiPolygon","coordinates":[[[[-81.8,-61.3],[-80.2,-61.9],[-79.6,-62.1],[-80.9,-62.3],[-81.5,-62.2],[-82,-62.1],[-82.9,-62],[-82.2,-61.4],[-81.8,-61.3]]]]}},{"type":"Feature","properties":{},"geometry":{"type":"MultiPolygon","coordinates":[[[[-83,-60.9],[-81.8,-61.3],[-83.3,-61.9],[-83.7,-61.9],[-83.8,-62],[-84.5,-62],[-85.3,-62],[-86.4,-61.8],[-86.3,-61.7],[-86.2,-61.6],[-85.4,-61.8],[-85.3,-61.6],[-85,-61.5],[-84.8,-61.4],[-84.6,-61.2],[-84.3,-61.2],[-83.9,-61.3],[-84,-61],[-83.7,-61],[-83.7,-61.1],[-83.8,-60.9],[-83.2,-61],[-83,-60.9]]]]}},{"type":"Feature","properties":{},"geometry":{"type":"MultiPolygon","coordinates":[[[[-85,-60.4],[-83.7,-60.8],[-84.7,-61.1],[-85.1,-60.9],[-85,-60.5],[-85.1,-60.4],[-85,-60.4]]]]}},{"type":"Feature","properties":{},"geometry":{"type":"MultiPolygon","coordinates":[[[[-108.4,-59.1],[-108.3,-58.8],[-107.4,-58],[-106.1,-57.4],[-104.4,-57],[-103.8,-56.9],[-102.8,-56.4],[-102.1,-55.7],[-102.2,-55.6],[-102.6,-55.1],[-102.4,-54.6],[-102.1,-54.6],[-101.9,-54.5],[-101.7,-54.4],[-101.3,-53.9],[-101.2,-53.7],[-101.1,-53.3],[-101.3,-53.1],[-101.2,-53],[-101.4,-52.7],[-101.4,-52.6],[-100.9,-52.3],[-101.2,-51.9],[-101.3,-51.3],[-101.2,-51.3],[-99.8,-49.2],[-99.4,-51.1],[-98.9,-52.6],[-97.8,-54.5],[-94.2,-58.4],[-87.8,-60],[-85.2,-60.4],[-85.3,-61],[-86.2,-61.4],[-86.1,-61.1],[-86.5,-61.3],[-86.9,-61.3],[-87,-61.2],[-87.2,-61.2],[-87.5,-61.2],[-87.8,-61.6],[-89.7,-62.4],[-88.4,-62],[-88.5,-62],[-88.9,-61.8],[-89.3,-61.8],[-89.4,-61.4],[-89.6,-61.8],[-89.5,-62.2],[-90.2,-62.2],[-90.9,-61.8],[-90.6,-61.6],[-90.8,-61.3],[-91.3,-61.7],[-91.6,-61.4],[-91.7,-61.8],[-91.5,-61.9],[-92.3,-61.8],[-92.3,-61.6],[-92.5,-61.4],[-92.9,-61.2],[-94.4,-60.8],[-96,-59.9],[-96.4,-59.7],[-96.9,-59.3],[-97.3,-59],[-97.5,-58.9],[-97.6,-58.5],[-98.1,-58.6],[-98.6,-58.4],[-98.7,-58.4],[-99.1,-58.3],[-99.3,-58.3],[-99.4,-58.3],[-99.7,-58.2],[-99.8,-58.1],[-100.2,-58.1],[-100.3,-58],[-100.5,-58],[-101,-58.1],[-101.3,-58.1],[-105.3,-58.8],[-105.4,-58.6],[-107.7,-58.9],[-108.4,-59.1]]]]}},{"type":"Feature","properties":{},"geometry":{"type":"MultiPolygon","coordinates":[[[[-100.4,-47],[-98.5,-48.8],[-96.5,-49.9],[-93.4,-51.5],[-95.7,-51.8],[-100.3,-48],[-100.4,-47]]]]}},{"type":"Feature","properties":{},"geometry":{"type":"MultiPolygon","coordinates":[[[[-76.5,-57.9],[-77.6,-57.5],[-76.2,-57.5],[-74.6,-57.8],[-76.5,-57.9]]]]}},{"type":"Feature","properties":{},"geometry":{"type":"MultiPolygon","coordinates":[[[[-72.8,-58.5],[-74.9,-58.2],[-76.5,-57.9],[-73.8,-57.7],[-73.4,-57.8],[-73.5,-57.9],[-73.6,-58],[-73.2,-57.9],[-73.1,-58],[-73.7,-58.2],[-73.2,-58.3],[-72.8,-58.4],[-72.8,-58.5]]]]}},{"type":"Feature","properties":{},"geometry":{"type":"MultiPolygon","coordinates":[[[[-72.8,-58.1],[-72.6,-58.2],[-72.9,-58.2],[-72.8,-58.1]]]]}},{"type":"Feature","properties":{},"geometry":{"type":"MultiPolygon","coordinates":[[[[24,-25.7],[26.4,-24.1],[26.8,-26],[25,-27.2],[22.2,-28.3],[21.6,-26.4],[23.5,-26],[24,-25.7]]]]}},{"type":"Feature","properties":{},"geometry":{"type":"MultiPolygon","coordinates":[[[[17.9,-26.1],[20.6,-25.5],[20.1,-27.2],[17.2,-27],[17.9,-26.1]]]]}},{"type":"Feature","properties":{},"geometry":{"type":"MultiPolygon","coordinates":[[[[18.3,-14.5],[20.3,-14.8],[22.3,-14.1],[22.6,-14.1],[21.4,-15.8],[20,-16.2],[17.6,-15.3],[18.3,-14.5]]]]}},{"type":"Feature","properties":{},"geometry":{"type":"MultiPolygon","coordinates":[[[[39.5,-22.1],[40.1,-20.2],[41.8,-19.5],[43.3,-21],[42.6,-24.2],[41,-26.9],[39.1,-24.4],[39.5,-22.5],[39.5,-22.1]]]]}},{"type":"Feature","properties":{},"geometry":{"type":"MultiPolygon","coordinates":[[[[121.9,12.5],[122.2,12.4],[122.3,12.3],[122.4,12.2],[122.7,11.9],[122.8,11.8],[122.9,11.7],[123,11.6],[123.1,11.5],[123.2,11.5],[123.3,11.4],[123.4,11.4],[123.4,11.3],[123.5,11.3],[123.5,11.2],[123.6,11.2],[123.7,11.2],[123.7,11.1],[123.8,11.1],[123.9,11],[124.3,11],[124.4,11],[124.5,11],[124.5,11.1],[124.6,11.1],[124.7,11.1],[124.8,11.1],[124.8,11.2],[124.9,11.2],[125,11.2],[125.1,11.2],[125.2,11.3],[125.3,11.3],[125.4,11.3],[125.5,11.4],[125.6,11.4],[125.7,11.4],[125.8,11.4],[125.8,11.3],[125.9,11.2],[125.9,11.1],[125.9,11],[126,10.9],[126,10.8],[126,10.7],[126.1,10.6],[126.1,10.5],[126.2,10.4],[126.2,10.3],[126.2,10.2],[126.3,10.1],[126.3,10],[126.3,9.9],[126.3,9.8],[126.3,9.7],[126.3,9.6],[126.4,9.5],[126.9,9.5],[127.3,9.7],[127.3,9.6],[127.3,9.5],[127.3,9.4],[127.3,9.3],[127.3,9.2],[127.3,9.1],[127.6,8.9],[127.7,8.8],[127.8,8.6],[127.9,8.4],[128,8.4],[128,8.3],[128.1,8.3],[128.1,8.2],[128.2,8],[128.2,7.9],[128.2,7.8],[128.3,7.7],[128.3,7.6],[128.3,7.5],[128.4,7.4],[128.3,7.3],[128.3,7.2],[128.3,7.1],[128.3,7],[128.4,7],[128.4,6.9],[128.4,6.8],[128.5,6.8],[128.6,6.8],[128.6,6.7],[128.6,6.6],[128.7,6.6],[128.7,6.5],[128.7,6.4],[128.7,6.3],[128.8,6.3],[128.8,6.2],[128.8,6.1],[128.8,6],[128.8,5.9],[128.8,5.8],[128.8,5.7],[128.7,5.7],[128.7,5.6],[128.7,5.5],[128.7,5.4],[128.8,5.3],[128.8,5.2],[128.8,5.1],[128.8,5],[128.8,4.9],[128.8,4.8],[128.9,4.8],[128.9,4.7],[128.9,4.6],[128.9,4.5],[128.9,4.4],[128.9,4.3],[128.9,4.2],[128.9,4.1],[128.9,4],[128.8,4],[128.8,3.9],[128.8,3.8],[128.8,3.7],[128.7,3.7],[128.6,3.7],[128.5,3.7],[128.5,3.8],[128.4,3.8],[128.3,3.8],[128.2,3.8],[128.1,3.8],[128,3.8],[127.9,3.8],[127.8,3.8],[127.7,3.9],[127.6,3.9],[127.5,3.9],[127.4,4],[127.3,4],[127.2,4],[127.1,4],[127,4],[126.9,4],[126.8,4],[126.7,4],[126.7,4.1],[126.6,4.1],[126.5,4.1],[126.4,4.1],[126.3,4.1],[126.3,4.2],[126.2,4.2],[126.1,4.2],[126.1,4.3],[126,4.3],[126,4.4],[125.9,4.4],[125.9,4.5],[125.8,4.6],[125.8,4.7],[125.7,4.8],[125.6,4.8],[125.5,4.8],[125.5,4.9],[125.4,4.9],[125.3,5],[125.2,5],[125.2,4.9],[125.1,4.9],[125,4.9],[125,5],[124.9,5],[124.9,5.1],[124.8,5.1],[124.7,5.1],[124.6,5.1],[124.5,5.1],[124.4,5.1],[124.4,5.2],[124.4,5.3],[124.5,5.3],[124.4,5.3],[124.3,5.3],[124.2,5.3],[124.1,5.3],[124.1,5.4],[124.1,5.5],[124,5.5],[123.9,5.5],[123.9,5.6],[123.8,5.6],[123.7,5.6],[123.7,5.7],[123.6,5.7],[123.6,5.8],[123.6,5.9],[123.5,6],[123.5,6.1],[123.4,6.2],[123.4,6.3],[123.4,6.4],[123.5,6.4],[123.5,6.5],[123.4,6.6],[123.4,6.7],[123.4,6.8],[123.3,6.8],[123.3,6.9],[123.3,7],[123.2,7],[123.2,7.1],[123.2,7.2],[123.2,7.3],[123.1,7.3],[123.1,7.4],[123.1,7.5],[122.9,7.9],[122.8,7.8],[122.8,8.1],[121.8,9.2],[120.4,10.3],[119.7,10.8],[119.3,11],[119.3,11.3],[119.1,11.3],[119,11.2],[118.7,11.5],[118.8,11.8],[118.5,11.9],[118.3,12.1],[117.9,12.6],[118,12.7],[118.2,12.9],[119.2,12.8],[119.7,12.6],[120.2,12.6],[121.3,12.1],[121.8,12.4],[121.9,12.5]]]]}},{"type":"Feature","properties":{},"geometry":{"type":"MultiPolygon","coordinates":[[[[114.4,5],[114.4,4.9],[114.5,4.9],[114.6,4.8],[114.7,4.8],[114.7,4.7],[114.8,4.7],[114.8,4.6],[114.9,4.6],[114.9,4.5],[114.9,4.4],[114.8,4.3],[114.8,4.2],[114.9,4.2],[114.9,4.1],[114.9,4],[115,4],[115,3.9],[115.1,3.9],[115.1,3.8],[115,3.8],[115,3.7],[114.9,3.7],[114.9,3.6],[115,3.5],[115,3.4],[115.1,3.4],[115.1,3.3],[115.2,3.2],[115.3,3.2],[115.4,3.2],[115.5,3.1],[115.5,3],[115.6,3],[115.6,2.9],[115.7,2.9],[115.8,2.9],[115.9,2.9],[116,2.9],[116.1,2.9],[116.2,2.9],[116.3,2.9],[116.4,2.9],[116.4,2.8],[116.5,2.8],[116.5,2.7],[116.5,2.6],[116.5,2.7],[116.6,2.7],[116.7,2.7],[116.8,2.7],[116.9,2.7],[117,2.7],[117,2.6],[117.5,2.9],[118.3,2.1],[118.7,1.8],[118.8,1.8],[118.8,1.9],[118.9,1.9],[118.9,1.8],[119,1.8],[119.1,1.8],[119.1,1.9],[119.1,2],[119.2,2],[119.3,2],[119.6,2],[119.7,2],[119.8,2],[119.9,2],[120,2],[120.1,2],[120.2,2],[120.2,1.9],[120.3,1.9],[120.4,1.9],[120.5,1.9],[120.4,1.8],[120.4,1.7],[120.5,1.7],[120.6,1.7],[120.7,1.7],[120.8,1.7],[120.9,1.7],[121,1.7],[121.1,1.7],[121.2,1.7],[121.3,1.8],[121.4,1.9],[121.4,2],[121.5,2.1],[121.5,2.2],[121.6,2.2],[121.6,2.3],[121.6,2.4],[121.6,2.5],[121.5,2.6],[121.4,2.6],[121.3,2.6],[121.2,2.6],[121.3,2.7],[121.3,2.8],[121.3,2.9],[121.3,3],[121.3,3.1],[121.3,3.2],[121.2,3.2],[121.2,3.3],[121.1,3.4],[121.1,3.5],[121.1,3.6],[121.1,3.7],[121,3.7],[121,3.8],[121,3.9],[121.1,4],[121.1,4.1],[121.1,4.2],[121.1,4.3],[121.1,4.4],[121.2,4.5],[121.2,4.6],[121.3,4.6],[121.3,4.7],[121.4,4.8],[121.5,4.9],[121.5,5],[121.6,5.1],[121.6,5.2],[121.6,5.3],[121.6,5.4],[121.7,5.4],[121.7,5.6],[121.7,5.7],[121.8,5.7],[121.8,5.8],[121.8,5.9],[121.9,6],[121.9,6.1],[121.9,6.2],[122,6.3],[122,6.4],[122.1,6.4],[122.1,6.5],[122.1,6.6],[122.2,6.6],[122.2,6.7],[122.3,6.7],[122.3,6.8],[122.4,6.9],[122.4,7],[122.5,7],[122.5,7.1],[122.6,7.1],[122.7,7.2],[122.7,7.3],[122.7,7.4],[122.8,7.8],[122.9,7.9],[123,8],[123.1,7.5],[123.1,7.4],[123.1,7.3],[123.2,7.3],[123.2,7.2],[123.2,7.1],[123.2,7],[123.3,7],[123.3,6.9],[123.3,6.8],[123.4,6.8],[123.4,6.7],[123.4,6.6],[123.5,6.5],[123.5,6.4],[123.4,6.4],[123.4,6.3],[123.4,6.2],[123.5,6.1],[123.5,6],[123.5,5.9],[123.6,5.9],[123.6,5.8],[123.6,5.7],[123.7,5.7],[123.8,5.6],[123.9,5.6],[124,5.5],[124.1,5.5],[124.1,5.4],[124.2,5.3],[124.3,5.3],[124.4,5.3],[124.5,5.3],[124.4,5.3],[124.4,5.2],[124.4,5.1],[124.5,5.1],[124.6,5.1],[124.7,5.1],[124.8,5.1],[124.9,5.1],[124.9,5],[125,5],[125,4.9],[125.1,4.9],[125.2,4.9],[125.2,5],[125.3,5],[125.4,4.9],[125.5,4.9],[125.5,4.8],[125.6,4.8],[125.7,4.8],[125.7,4.7],[125.8,4.7],[125.8,4.6],[125.9,4.5],[125.9,4.4],[126,4.4],[126,4.3],[126.1,4.3],[126.1,4.2],[126.2,4.2],[126.3,4.1],[126.4,4.1],[126.5,4.1],[126.6,4.1],[126.7,4.1],[126.7,4],[126.8,4],[126.9,4],[127,4],[127.1,4],[127.2,4],[127.3,4],[127.4,4],[127.5,3.9],[127.6,3.9],[127.7,3.9],[127.8,3.8],[127.9,3.8],[128,3.8],[128.1,3.8],[128.2,3.8],[128.3,3.8],[128.4,3.8],[128.5,3.8],[128.5,3.7],[128.6,3.7],[128.7,3.7],[128.8,3.7],[128.8,3.8],[128.8,3.7],[128.8,3.4],[128.8,3.3],[128.8,3.2],[128.8,3.1],[128.7,3.1],[128.7,3],[128.6,3],[128.6,2.9],[128.6,2.8],[128.5,2.7],[128.5,2.6],[128.4,2.6],[128.4,2.5],[128.4,2.4],[128.3,2.4],[128.3,2.3],[128.2,2.3],[128.2,2.2],[128.1,2.2],[128,2.2],[128,2.1],[127.9,2.1],[127.8,2.1],[127.8,2],[127.7,2],[127.7,1.9],[127.6,1.9],[127.5,1.9],[127.5,1.8],[127.4,1.8],[127.3,1.8],[127.3,1.7],[127.2,1.7],[127.1,1.7],[127,1.6],[126.9,1.6],[126.9,1.5],[126.8,1.5],[126.7,1.5],[126.7,1.4],[126.6,1.4],[126.5,1.3],[126.4,1.3],[126.4,1.2],[126.5,1.2],[126.6,1.2],[126.6,1.1],[126.7,1.1],[126.8,1],[126.9,1],[126.9,0.9],[127,0.9],[127,0.8],[127.1,0.8],[127.2,0.7],[127.3,0.7],[127.3,0.6],[127.4,0.6],[127.4,0.5],[127.4,0.4],[127.4,0.3],[127.4,0.2],[127.4,0.1],[127.3,0.1],[127.3,0],[127.2,0],[127.1,0],[127,0],[126.9,-0.1],[126.8,-0.1],[126.7,-0.1],[126.6,-0.1],[126.5,-0.1],[126.4,-0.1],[126.3,-0.1],[126.2,-0.1],[126.1,-0.1],[126.1,-0.2],[126.1,-0.3],[126.1,-0.4],[126.1,-0.5],[126.2,-0.6],[126.2,-0.7],[126.2,-0.8],[126.2,-0.9],[126.2,-1],[126.2,-1.1],[126.2,-1.2],[126.3,-1.2],[126.3,-1.3],[126.3,-1.4],[126.4,-1.5],[126.4,-1.6],[126.4,-1.7],[126.4,-1.8],[126.4,-1.9],[126.4,-2],[126.4,-2.1],[126.3,-2.1],[126.3,-2.2],[126.3,-2.3],[126.2,-2.4],[126.2,-2.5],[126.1,-2.6],[126.1,-2.7],[126,-2.7],[126,-2.8],[125.9,-2.8],[125.9,-2.9],[125.8,-3],[125.7,-3.1],[125.7,-3.2],[125.7,-3.3],[125.6,-3.3],[125.6,-3.4],[125.6,-3.5],[125.5,-3.6],[125.5,-3.7],[125.5,-3.8],[125.4,-3.8],[125.4,-3.9],[125.4,-4],[125.3,-4],[125.3,-4.1],[125.2,-4.2],[125.1,-4.2],[125.1,-4.3],[125,-4.3],[125,-4.4],[124.9,-4.4],[124.8,-4.5],[124.7,-4.5],[124.7,-4.6],[124.6,-4.6],[124.5,-4.6],[124.5,-4.7],[124.4,-4.7],[124.3,-4.7],[124.3,-4.8],[124.2,-4.8],[124.1,-4.8],[124,-4.9],[123.9,-4.9],[123.9,-5],[123.8,-5],[123.8,-5.1],[123.8,-5.2],[123.8,-5.3],[123.7,-5.4],[123.7,-5.5],[123.7,-5.6],[123.7,-5.7],[123.7,-5.8],[123.6,-5.8],[123.6,-5.9],[123.5,-5.9],[123.5,-6],[123.4,-6],[123.4,-6.1],[123.3,-6.1],[123.3,-6.2],[123.3,-6.3],[123.2,-6.3],[123.2,-6.4],[123.2,-6.5],[123.1,-6.5],[123.1,-6.6],[123,-6.6],[123,-6.7],[122.9,-6.7],[122.8,-6.7],[122.7,-6.7],[122.6,-6.7],[122.5,-6.6],[122.4,-6.6],[122.3,-6.6],[122.3,-6.5],[122.2,-6.6],[122.2,-6.7],[122.2,-6.8],[122.1,-6.9],[122.1,-7],[122,-7],[121.9,-6.9],[121.8,-6.8],[121.7,-6.8],[121.6,-6.8],[121.5,-6.7],[121.4,-6.7],[121.4,-6.8],[121.4,-6.9],[121.4,-7],[121.4,-7.1],[121.4,-7.2],[121.3,-7.1],[121.2,-7.1],[121.1,-7.1],[121,-7.1],[120.9,-7.1],[120.9,-7],[120.8,-7.1],[120.7,-7.1],[120.6,-7.1],[120.6,-7.2],[120.5,-7.2],[120.5,-7.3],[120.5,-7.4],[120.4,-7.4],[120.3,-7.5],[120.2,-7.6],[120.1,-7.7],[120.1,-7.8],[120,-7.9],[120,-8],[119.9,-8.1],[119.9,-8.2],[119.8,-8.2],[119.8,-8.3],[119.7,-8.3],[119.7,-8.4],[119.6,-8.4],[119.6,-8.5],[119.5,-8.5],[119.4,-8.6],[119.3,-8.6],[119.3,-8.7],[119.2,-8.7],[119.2,-8.8],[119.1,-8.8],[119.1,-8.9],[119,-8.9],[119,-8.8],[118.9,-8.8],[118.8,-8.8],[118.7,-8.8],[118.6,-8.8],[118.5,-8.9],[118.4,-8.9],[118.3,-8.9],[118.2,-8.9],[118.1,-8.9],[118.1,-9],[118,-9],[117.9,-9],[117.8,-9],[117.7,-9],[117.6,-9],[117.5,-9],[117.4,-9],[117.4,-8.9],[117.3,-8.9],[117.2,-8.9],[117.1,-8.9],[117,-8.9],[116.9,-8.9],[116.8,-8.9],[116.7,-8.9],[116.6,-8.9],[116.5,-8.9],[116.4,-8.8],[116.3,-8.7],[116.3,-8.6],[116.2,-8.6],[116.1,-8.6],[116,-8.6],[115.9,-8.6],[115.8,-8.7],[115.7,-8.7],[115.6,-8.8],[115.5,-8.8],[115.4,-8.7],[115.1,-8.4],[114.8,-7.9],[114.1,-7.4],[114,-7.1],[114,-6.8],[113.8,-6.4],[114.1,-6.5],[115,-6.5],[114.6,-6.3],[114.7,-6],[114.5,-5.9],[114.2,-6],[114.1,-5.9],[114,-5.8],[113.8,-5.9],[113.8,-5.8],[113.9,-5.8],[114.2,-5.6],[114.1,-5.5],[114.4,-5.3],[114.3,-5.3],[114.6,-4.8],[114,-5.1],[114.2,-4.9],[113.9,-4.8],[113.7,-5],[113.5,-4.8],[113.5,-4.5],[113.5,-4.4],[113.8,-4.3],[113.7,-4.2],[113.5,-4.2],[113.4,-4.2],[113.5,-3.9],[113.5,-3.7],[113.4,-3.8],[113.1,-3.7],[113.2,-3.6],[113,-3.2],[113.2,-3.3],[113.3,-3.1],[113.1,-2.9],[112.9,-2.8],[112.8,-2.8],[113,-2.7],[113.2,-2.7],[113,-2.3],[113.2,-2.3],[113.3,-2],[113,-1.9],[113.4,-1.8],[113.5,-1.6],[114.3,-1.4],[114.6,-1.4],[114.9,-1.7],[114.9,-1.5],[114.8,-1.4],[114.9,-1.2],[114.9,-1.1],[114.8,-0.9],[115.1,-0.6],[115.3,-0.6],[115.3,-0.5],[115.1,-0.4],[115.5,-0.3],[115.2,-0.1],[115.3,0.1],[115.2,0.1],[115.1,0.1],[115,0.1],[114.9,-0.1],[114.6,0.1],[114.5,0.3],[114.4,0.5],[114.2,0.9],[113.9,1.2],[113.7,1.6],[113.8,1.8],[113.5,1.9],[113.8,1.9],[113.9,2.1],[113.6,2.2],[113.5,2.7],[114.1,3.2],[114.3,3.5],[114.2,3.8],[113.8,4.1],[113.7,4],[113.6,4],[113.3,3.5],[113.1,3.5],[113.2,3.8],[113.1,3.8],[113.4,3.9],[113.7,4.3],[114.2,4.6],[114.3,4.7],[114.4,5]]]]}},{"type":"Feature","properties":{},"geometry":{"type":"MultiPolygon","coordinates":[[[[115.6,6.6],[115.7,6.4],[115.6,6.5],[115.6,6.6]]]]}},{"type":"Feature","properties":{},"geometry":{"type":"MultiPolygon","coordinates":[[[[115.6,6.3],[115.6,6.1],[115.5,6.1],[115.6,6.3]]]]}},{"type":"Feature","properties":{},"geometry":{"type":"MultiPolygon","coordinates":[[[[116.7,6.8],[116.6,6.7],[116.6,6.8],[116.7,6.8]]]]}},{"type":"Feature","properties":{},"geometry":{"type":"MultiPolygon","coordinates":[[[[116.7,6.8],[116.7,6.7],[116.6,6.7],[116.7,6.8]]]]}},{"type":"Feature","properties":{},"geometry":{"type":"MultiPolygon","coordinates":[[[[117.8,5],[117.7,5.1],[117.7,5.2],[117.8,5]]]]}},{"type":"Feature","properties":{},"geometry":{"type":"MultiPolygon","coordinates":[[[[121.9,6.8],[121.7,6.8],[121.6,6.8],[121.9,6.8]]]]}},{"type":"Feature","properties":{},"geometry":{"type":"MultiPolygon","coordinates":[[[[112.5,2.4],[112.6,2.4],[112.7,2.7],[112.8,2.8],[112.8,2.9],[113.1,3.2],[113.2,2.8],[112.5,2.4]]]]}},{"type":"Feature","properties":{},"geometry":{"type":"MultiPolygon","coordinates":[[[[117.7,6.4],[117.8,6.4],[118.1,6.4],[117.8,6],[117.7,6.1],[117.5,6.5],[117.7,6.4]]]]}},{"type":"Feature","properties":{},"geometry":{"type":"MultiPolygon","coordinates":[[[[112.6,2.2],[112.7,2.2],[113,2.2],[112.6,1.8],[112.7,1.9],[112.6,2],[112.6,2.2]]]]}},{"type":"Feature","properties":{},"geometry":{"type":"MultiPolygon","coordinates":[[[[121.3,7.5],[121.5,7.3],[121.3,7],[121.3,7.5]]]]}},{"type":"Feature","properties":{},"geometry":{"type":"MultiPolygon","coordinates":[[[[127.4,0.1],[127.4,0],[127.5,-0.1],[127.5,-0.2],[127.5,-0.3],[127.6,-0.3],[127.6,-0.4],[127.7,-0.4],[127.7,-0.5],[127.7,-0.6],[127.7,-0.7],[127.8,-0.9],[127.8,-1.6],[127.6,-2.1],[127.5,-2.4],[127.3,-2.7],[127.4,-2.9],[127.6,-2.4],[127.7,-2.3],[127.6,-2.9],[127.5,-3.5],[127.3,-4],[127.3,-4.3],[127.1,-4.9],[127,-5.3],[126.8,-5.5],[126.6,-5.8],[126.3,-5.9],[126.1,-6.1],[125.7,-6.2],[125.6,-6.3],[125.5,-6.3],[125.4,-6.4],[125.4,-6.5],[125.3,-6.5],[125.3,-6.6],[125.2,-6.7],[125.1,-6.6],[125,-6.6],[125,-6.7],[124.9,-6.7],[124.9,-6.8],[124.8,-6.9],[124.8,-7],[124.8,-7.1],[124.7,-7.2],[124.7,-7.3],[124.6,-7.3],[124.6,-7.4],[124.5,-7.4],[124.5,-7.5],[124.4,-7.5],[124.4,-7.6],[124.3,-7.7],[124.2,-7.7],[124.2,-7.8],[124.1,-7.8],[124,-7.8],[124,-7.9],[123.9,-7.9],[123.8,-8],[123.7,-8],[123.6,-8],[123.5,-8],[123.4,-8],[122.8,-8],[122.6,-8],[122.5,-8],[122.4,-8.1],[122.3,-8.1],[122.2,-8.2],[122.1,-8.2],[122,-8.2],[121.9,-8.2],[121.8,-8.2],[121.8,-8.3],[121.7,-8.3],[121.6,-8.3],[121.5,-8.3],[121.4,-8.3],[121.3,-8.3],[121.2,-8.3],[121.2,-8.2],[121.1,-8.2],[121,-8.2],[120.9,-8.2],[120.8,-8.2],[120.7,-8.2],[120.7,-8.3],[120.6,-8.3],[120.6,-8.4],[120.5,-8.4],[120.5,-8.5],[120.4,-8.6],[120.4,-8.7],[120.3,-8.7],[120.3,-8.8],[120.2,-8.8],[120.2,-8.9],[120.1,-8.9],[120.2,-8.9],[120.2,-9],[120.1,-9.1],[120.1,-9.2],[120,-9.2],[120,-9.3],[119.9,-9.3],[119.9,-9.4],[119.8,-9.4],[119.7,-9.5],[119.6,-9.5],[119.6,-9.6],[119.5,-9.7],[119.4,-9.7],[119.4,-9.8],[119.3,-9.8],[119.3,-9.9],[119.2,-9.9],[119.1,-9.9],[119,-9.9],[119,-10],[118.9,-10],[118.8,-10],[118.7,-10],[118.6,-10],[118.5,-10],[118.4,-10],[118.3,-10],[118.2,-10],[118.2,-9.9],[118.1,-9.9],[118,-9.9],[117.9,-9.9],[117.8,-9.9],[117.7,-9.9],[117.6,-9.9],[117.5,-9.9],[117.4,-9.9],[117.4,-9.8],[117.3,-9.8],[117.2,-9.8],[117.1,-9.8],[117,-9.8],[116.9,-9.8],[116.8,-9.8],[116.7,-9.8],[116.6,-9.8],[116.5,-9.7],[116.4,-9.7],[116.3,-9.7],[116.2,-9.7],[116.1,-9.7],[116,-9.7],[116,-9.8],[115.9,-9.8],[115.8,-9.8],[115.5,-8.8],[115.6,-8.8],[115.6,-8.7],[115.7,-8.7],[115.8,-8.7],[115.9,-8.6],[116,-8.6],[116.1,-8.6],[116.2,-8.6],[116.3,-8.6],[116.3,-8.7],[116.4,-8.7],[116.4,-8.8],[116.5,-8.9],[116.6,-8.9],[116.7,-8.9],[116.8,-8.9],[116.9,-8.9],[117,-8.9],[117.1,-8.9],[117.2,-8.9],[117.3,-8.9],[117.4,-8.9],[117.4,-9],[117.5,-9],[117.6,-9],[117.7,-9],[117.8,-9],[117.9,-9],[118,-9],[118.1,-9],[118.1,-8.9],[118.2,-8.9],[118.3,-8.9],[118.4,-8.9],[118.5,-8.9],[118.6,-8.8],[118.7,-8.8],[118.8,-8.8],[118.9,-8.8],[119,-8.8],[119,-8.9],[119.1,-8.9],[119.1,-8.8],[119.2,-8.8],[119.2,-8.7],[119.3,-8.7],[119.3,-8.6],[119.4,-8.6],[119.5,-8.6],[119.5,-8.5],[119.6,-8.5],[119.6,-8.4],[119.7,-8.4],[119.7,-8.3],[119.8,-8.3],[119.8,-8.2],[119.9,-8.2],[119.9,-8.1],[120,-8],[120,-7.9],[120.1,-7.9],[120.1,-7.8],[120.1,-7.7],[120.2,-7.6],[120.3,-7.5],[120.4,-7.5],[120.4,-7.4],[120.5,-7.3],[120.6,-7.2],[120.6,-7.1],[120.7,-7.1],[120.8,-7.1],[120.8,-7],[120.9,-7],[120.9,-7.1],[121,-7.1],[121.1,-7.1],[121.2,-7.1],[121.3,-7.1],[121.4,-7.1],[121.4,-7.2],[121.4,-7.1],[121.4,-7],[121.4,-6.9],[121.4,-6.8],[121.4,-6.7],[121.5,-6.7],[121.6,-6.7],[121.6,-6.8],[121.7,-6.8],[121.8,-6.9],[121.9,-6.9],[122,-7],[122.1,-7],[122.1,-6.9],[122.2,-6.8],[122.2,-6.7],[122.2,-6.6],[122.3,-6.5],[122.3,-6.6],[122.4,-6.6],[122.5,-6.6],[122.6,-6.7],[122.7,-6.7],[122.8,-6.7],[122.9,-6.7],[123,-6.7],[123,-6.6],[123.1,-6.6],[123.1,-6.5],[123.2,-6.5],[123.2,-6.4],[123.2,-6.3],[123.3,-6.2],[123.3,-6.1],[123.4,-6.1],[123.4,-6],[123.5,-5.9],[123.6,-5.9],[123.6,-5.8],[123.7,-5.8],[123.7,-5.7],[123.7,-5.6],[123.7,-5.5],[123.7,-5.4],[123.8,-5.4],[123.8,-5.3],[123.8,-5.1],[123.8,-5],[123.9,-5],[123.9,-4.9],[124,-4.9],[124.1,-4.9],[124.1,-4.8],[124.2,-4.8],[124.3,-4.8],[124.3,-4.7],[124.4,-4.7],[124.5,-4.7],[124.5,-4.6],[124.6,-4.6],[124.7,-4.6],[124.7,-4.5],[124.8,-4.5],[124.9,-4.4],[125,-4.4],[125,-4.3],[125.1,-4.3],[125.1,-4.2],[125.2,-4.2],[125.3,-4.1],[125.3,-4],[125.4,-4],[125.4,-3.9],[125.4,-3.8],[125.5,-3.8],[125.5,-3.7],[125.5,-3.6],[125.6,-3.5],[125.6,-3.4],[125.6,-3.3],[125.7,-3.3],[125.7,-3.2],[125.7,-3.1],[125.8,-3.1],[125.8,-3],[125.9,-2.9],[126,-2.8],[126,-2.7],[126.1,-2.7],[126.1,-2.6],[126.2,-2.5],[126.2,-2.4],[126.3,-2.3],[126.3,-2.2],[126.3,-2.1],[126.4,-2.1],[126.4,-2],[126.4,-1.9],[126.4,-1.8],[126.4,-1.7],[126.4,-1.6],[126.4,-1.5],[126.3,-1.4],[126.3,-1.3],[126.3,-1.2],[126.2,-1.1],[126.2,-1],[126.2,-0.9],[126.2,-0.8],[126.2,-0.7],[126.2,-0.6],[126.1,-0.5],[126.1,-0.4],[126.1,-0.3],[126.1,-0.2],[126.1,-0.1],[126.2,-0.1],[126.3,-0.1],[126.4,-0.1],[126.5,-0.1],[126.6,-0.1],[126.7,-0.1],[126.8,-0.1],[126.9,-0.1],[127,0],[127.1,0],[127.2,0],[127.3,0],[127.3,0.1],[127.4,0.1]]]]}},{"type":"Feature","properties":{},"geometry":{"type":"MultiPolygon","coordinates":[[[[127.8,-2.2],[128.3,-2],[128.6,-1.7],[129,-1.4],[129.2,-1.3],[129.6,-1],[129.9,-0.9],[130.3,-0.7],[130.3,-0.6],[130.4,-0.6],[130.7,-0.5],[130.8,-0.5],[131,-0.4],[131.2,-0.3],[131.3,-0.3],[131.7,-0.1],[131.8,0],[131.9,0],[132.1,0.1],[132.4,0.3],[132.7,0.5],[132.9,0.8],[133.4,1.4],[133.8,1.6],[134.1,1.7],[134.3,1.5],[134.4,1.5],[134.5,1.5],[134.6,1.6],[134.6,1.5],[134.7,1.5],[134.8,1.5],[134.8,1.4],[134.9,1.4],[135,1.4],[135.1,1.4],[135.1,1.5],[135.2,1.5],[135.3,1.4],[135.4,1.4],[135.5,1.4],[135.5,1.3],[135.6,1.3],[135.7,1.3],[135.8,1.3],[135.8,1.2],[135.8,1.1],[135.8,1],[135.7,0.5],[135.7,0.2],[135.6,-0.1],[135.6,-0.7],[135.7,-1.2],[135.6,-1.4],[135.8,-1.5],[136.2,-1.8],[136.5,-2.1],[136.6,-2.3],[136.9,-2.6],[137.2,-2.9],[137.3,-3],[137.1,-3.5],[136.6,-2.8],[136.5,-3.5],[136.4,-4],[136.2,-3.6],[135.7,-3.3],[135.3,-2.6],[134.6,-2.2],[134.7,-2.7],[135,-3.5],[135.3,-4.4],[135.5,-4.8],[135.5,-4.9],[134.9,-5],[135.2,-4.9],[134.4,-4.7],[133.6,-4.7],[133.4,-5],[133.2,-5],[133,-4.9],[132.7,-4.9],[132.2,-5],[132.2,-5.2],[131.6,-5.8],[130.6,-6.6],[130,-9],[129.4,-10.9],[129.9,-12.9],[129.9,-13.7],[129.7,-14.3],[129.5,-14.7],[129.3,-14.9],[129.3,-14.8],[129.2,-14.7],[129.2,-14.6],[129.1,-14.6],[129.1,-14.5],[129.1,-14.4],[129,-14.3],[129,-14.2],[129,-14.1],[129,-14],[129,-13.9],[129,-13.8],[129,-13.9],[129.1,-13.9],[129.1,-14],[129.2,-14.1],[129.2,-14.2],[129.2,-14.3],[129.3,-14.4],[129.3,-14.3],[129.3,-14.2],[129.3,-14.1],[129.2,-14],[129.2,-13.9],[129.1,-13.8],[129.1,-13.7],[129,-13.7],[129,-13.6],[128.9,-13.6],[128.9,-13.5],[128.8,-13.5],[128.8,-13.4],[128.7,-13.4],[128.7,-13.3],[128.6,-13.3],[128.5,-13.2],[128.4,-13.3],[128.4,-13.4],[128.4,-13.5],[128.3,-13.5],[128.2,-13.5],[128.2,-13.4],[128.1,-13.4],[128.1,-13.3],[128,-13.3],[128,-13.2],[127.9,-13.1],[127.9,-13],[127.8,-12.9],[127.8,-12.8],[127.8,-12.7],[127.7,-12.7],[127.7,-12.6],[127.7,-12.5],[127.7,-12.4],[127.6,-12.4],[127.6,-12.3],[127.6,-12.2],[127.5,-12.2],[127.5,-12.1],[127.5,-12],[127.4,-12],[127.4,-11.9],[127.3,-11.9],[127.3,-11.8],[127.2,-11.8],[127.2,-11.7],[127.2,-11.6],[127.1,-11.6],[127.1,-11.5],[127,-11.5],[127,-11.4],[126.9,-11.4],[126.8,-11.3],[126.7,-11.2],[126.6,-11.1],[126.6,-11],[126.5,-11],[126.5,-10.9],[126.4,-10.9],[126.4,-10.8],[126.3,-10.8],[126.3,-10.9],[126.4,-10.9],[126.4,-11],[126.4,-11.1],[126.4,-11.2],[126.3,-11.2],[126.3,-11.1],[126.2,-11.1],[126.2,-11],[126.1,-11],[126.1,-10.9],[126,-10.9],[126,-10.8],[125.9,-10.7],[125.9,-10.6],[125.8,-10.6],[125.8,-10.5],[125.7,-10.4],[125.7,-10.3],[125.6,-10.2],[125.6,-10.1],[125.6,-10],[125.6,-9.9],[125.5,-9.9],[125.5,-9.8],[125.4,-9.7],[125.4,-9.6],[125.3,-9.6],[125.3,-9.5],[125.3,-9.4],[125.3,-9.3],[125.3,-9.2],[125.3,-9.1],[125.3,-9],[125.3,-8.9],[125.2,-8.8],[125.2,-8.7],[125.2,-8.6],[125.2,-8.5],[125.1,-8.5],[125.1,-8.4],[125.4,-8.3],[125.5,-8],[125.5,-7.6],[124.9,-6.8],[124.9,-6.7],[125,-6.7],[125,-6.6],[125.1,-6.6],[125.2,-6.7],[125.2,-6.6],[125.3,-6.6],[125.3,-6.5],[125.4,-6.5],[125.4,-6.4],[125.5,-6.3],[125.6,-6.3],[125.7,-6.3],[125.7,-6.2],[126.3,-6],[126.3,-5.9],[126.6,-5.7],[126.8,-5.5],[127.1,-5.2],[127.2,-4.7],[127.3,-4.3],[127.3,-4],[127.5,-3.4],[127.6,-2.8],[127.8,-2.2]]]]}},{"type":"Feature","properties":{},"geometry":{"type":"MultiPolygon","coordinates":[[[[128.4,-19.6],[128.2,-19.6],[128.2,-19.5],[128.1,-19.5],[128,-19.5],[128,-19.4],[128.1,-19.3],[128.1,-19.2],[128.1,-19.1],[128.1,-19],[128.2,-19],[128.2,-18.9],[128.3,-18.9],[128.3,-18.8],[128.3,-18.7],[128.4,-18.7],[128.4,-18.6],[128.4,-18.5],[128.5,-18.5],[128.5,-18.4],[128.6,-18.3],[128.6,-18.2],[128.7,-18.1],[128.7,-18],[128.8,-18],[128.8,-17.9],[128.8,-17.8],[128.9,-17.8],[128.9,-17.7],[128.9,-17.6],[128.9,-17.5],[128.9,-17.4],[129,-17.4],[129,-17.3],[129,-17.2],[129,-17.1],[129,-17],[129,-16.9],[129,-16.8],[129,-16.7],[129,-16.6],[129.1,-16.7],[129.2,-16.9],[129.1,-17.3],[129.3,-17.9],[129.3,-18.1],[129.3,-18.3],[129,-19],[128.7,-19.2],[128.4,-19.6]]]]}},{"type":"Feature","properties":{},"geometry":{"type":"MultiPolygon","coordinates":[[[[137.1,-3.8],[137.3,-3.7],[137,-4.3],[136.7,-4.8],[137.1,-3.8]]]]}},{"type":"Feature","properties":{},"geometry":{"type":"MultiPolygon","coordinates":[[[[128.1,-19.5],[128.2,-19.5],[128.2,-19.6],[128.4,-19.6],[127.9,-20.1],[127.2,-19.6],[125.9,-18.9],[125.7,-18.6],[123.5,-18.7],[122,-18.5],[120.9,-18.5],[119,-18.6],[119.5,-18.6],[119.8,-18.6],[118.7,-18.4],[119,-18.2],[119.4,-18.2],[119.3,-17.8],[118.2,-18],[117,-17.7],[115.8,-17.1],[115.7,-16.6],[116,-16.5],[115.8,-16.3],[115.6,-16],[115.5,-15.2],[115.5,-15.3],[115.6,-15.4],[115.6,-15.5],[115.6,-15.6],[115.7,-15.6],[115.7,-15.7],[115.8,-15.8],[115.8,-15.9],[115.8,-16],[115.9,-16],[115.9,-16.1],[116,-16.1],[116.1,-16.1],[116.2,-16.2],[116.3,-16.2],[116.4,-16.3],[116.5,-16.3],[116.7,-16.4],[116.9,-16.5],[117,-16.5],[117.1,-16.5],[117.1,-16.6],[117.2,-16.6],[117.3,-16.7],[117.4,-16.7],[117.6,-16.8],[117.7,-16.8],[117.8,-16.8],[117.8,-16.9],[117.9,-16.9],[118,-16.9],[118.1,-16.9],[118.2,-16.9],[118.3,-16.9],[118.4,-17],[118.5,-17],[118.6,-17],[118.7,-17],[118.8,-17],[118.9,-17],[119.1,-17],[119.2,-16.9],[119.3,-16.9],[119.4,-16.9],[119.5,-16.9],[119.6,-16.9],[119.7,-16.9],[119.8,-17],[119.9,-17],[120,-17],[120.1,-17.1],[120.2,-17.1],[120.3,-17.1],[120.4,-17.2],[120.5,-17.2],[120.6,-17.2],[120.6,-17.3],[120.7,-17.3],[120.8,-17.3],[120.9,-17.4],[121,-17.4],[121.1,-17.4],[121.1,-17.5],[121.2,-17.5],[121.3,-17.5],[121.4,-17.5],[121.5,-17.6],[121.6,-17.6],[121.7,-17.6],[121.8,-17.6],[121.9,-17.7],[122,-17.7],[122.1,-17.7],[122.2,-17.8],[122.3,-17.8],[122.4,-17.8],[122.5,-17.8],[122.6,-17.8],[122.7,-17.8],[122.8,-17.8],[122.9,-17.8],[123,-17.8],[123.1,-17.8],[123.2,-17.8],[123.3,-17.8],[123.4,-17.9],[123.5,-17.9],[123.6,-17.9],[123.7,-17.9],[123.8,-17.9],[123.9,-18],[124,-18],[124.1,-18],[124.2,-18],[124.3,-18.1],[124.4,-18.1],[124.5,-18.1],[124.6,-18.2],[124.7,-18.2],[124.8,-18.2],[124.9,-18.2],[125,-18.2],[125,-18.3],[125.1,-18.3],[125.2,-18.3],[125.3,-18.4],[125.4,-18.4],[125.5,-18.4],[125.6,-18.5],[125.7,-18.5],[125.8,-18.6],[125.9,-18.6],[126,-18.7],[126.1,-18.7],[126.2,-18.8],[126.3,-18.8],[126.4,-18.8],[126.4,-18.9],[126.5,-18.9],[126.6,-18.9],[126.6,-19],[126.7,-19],[126.8,-19],[126.9,-19.1],[127,-19.1],[127.1,-19.2],[127.2,-19.2],[127.3,-19.3],[127.4,-19.3],[127.5,-19.4],[127.6,-19.4],[127.7,-19.4],[127.8,-19.4],[127.9,-19.5],[128,-19.5],[128.1,-19.5]]]]}},{"type":"Feature","properties":{},"geometry":{"type":"MultiPolygon","coordinates":[[[[124.9,-6.8],[125.5,-7.6],[125.5,-8],[125.4,-8.3],[125.1,-8.4],[125.1,-8.5],[125.2,-8.5],[125.2,-8.6],[125.2,-8.7],[125.2,-8.8],[125.3,-8.9],[125.3,-9],[125.3,-9.1],[125.3,-9.2],[125.3,-9.3],[125.3,-9.4],[125.3,-9.5],[125.3,-9.6],[125.4,-9.6],[125.4,-9.7],[125.5,-9.8],[125.5,-9.9],[125.6,-9.9],[125.6,-10],[125.6,-10.1],[125.6,-10.2],[125.7,-10.3],[125.7,-10.4],[125.8,-10.5],[125.8,-10.6],[125.9,-10.6],[125.9,-10.7],[126,-10.8],[126,-10.9],[126.1,-10.9],[126.1,-11],[126.2,-11],[126.2,-11.1],[126.3,-11.1],[126.3,-11.2],[126.4,-11.2],[126.4,-11.1],[126.4,-11],[126.4,-10.9],[126.3,-10.9],[126.3,-10.8],[126.4,-10.8],[126.4,-10.9],[126.5,-10.9],[126.5,-11],[126.6,-11],[126.6,-11.1],[126.7,-11.2],[126.8,-11.3],[126.9,-11.4],[127,-11.4],[127,-11.5],[127.1,-11.5],[127.1,-11.6],[127.2,-11.6],[127.2,-11.7],[127.2,-11.8],[127.3,-11.8],[127.3,-11.9],[127.4,-11.9],[127.4,-12],[127.5,-12],[127.5,-12.1],[127.5,-12.2],[127.6,-12.2],[127.6,-12.3],[127.6,-12.4],[127.7,-12.4],[127.7,-12.5],[127.7,-12.6],[127.7,-12.7],[127.8,-12.7],[127.8,-12.8],[127.8,-12.9],[127.9,-13],[127.9,-13.1],[128,-13.2],[128,-13.3],[128.1,-13.3],[128.1,-13.4],[128.2,-13.4],[128.2,-13.5],[128.3,-13.5],[128.4,-13.5],[128.4,-13.4],[128.4,-13.3],[128.5,-13.2],[128.6,-13.3],[128.7,-13.3],[128.7,-13.4],[128.8,-13.4],[128.8,-13.5],[128.9,-13.5],[128.9,-13.6],[129,-13.6],[129,-13.7],[129.1,-13.7],[129.1,-13.8],[129.2,-13.9],[129.2,-14],[129.3,-14.1],[129.3,-14.2],[129.3,-14.3],[129.3,-14.4],[129.2,-14.3],[129.2,-14.2],[129.2,-14.1],[129.1,-14],[129.1,-13.9],[129,-13.9],[129,-13.8],[129,-13.9],[129,-14],[129,-14.1],[129,-14.2],[129,-14.3],[129.1,-14.4],[129.1,-14.5],[129.1,-14.6],[129.2,-14.6],[129.2,-14.7],[129.3,-14.8],[129.3,-14.9],[129.3,-15],[129.1,-16.6],[129,-16.7],[129,-16.8],[129,-16.9],[129,-17],[129,-17.1],[129,-17.2],[129,-17.3],[129,-17.4],[128.9,-17.4],[128.9,-17.5],[128.9,-17.6],[128.9,-17.7],[128.9,-17.8],[128.8,-17.8],[128.8,-17.9],[128.8,-18],[128.7,-18],[128.7,-18.1],[128.6,-18.2],[128.6,-18.3],[128.5,-18.4],[128.5,-18.5],[128.4,-18.5],[128.4,-18.6],[128.3,-18.7],[128.3,-18.8],[128.2,-18.9],[128.2,-19],[128.1,-19],[128.1,-19.1],[128.1,-19.2],[128.1,-19.3],[128,-19.4],[128,-19.5],[128.1,-19.5],[128,-19.5],[127.9,-19.5],[127.8,-19.5],[127.7,-19.4],[127.6,-19.4],[127.5,-19.3],[127.4,-19.3],[127.3,-19.3],[127.2,-19.2],[127.1,-19.2],[127,-19.2],[126.9,-19.1],[126.8,-19.1],[126.8,-19],[126.7,-19],[126.6,-19],[126.6,-18.9],[126.5,-18.9],[126.4,-18.9],[126.4,-18.8],[126.3,-18.8],[126.2,-18.8],[126.2,-18.7],[126.1,-18.7],[126,-18.7],[125.9,-18.6],[125.8,-18.6],[125.7,-18.5],[125.6,-18.5],[125.5,-18.4],[125.4,-18.4],[125.3,-18.4],[125.2,-18.3],[125.1,-18.3],[125,-18.3],[124.9,-18.2],[124.8,-18.2],[124.7,-18.2],[124.6,-18.1],[124.5,-18.1],[124.4,-18.1],[124.3,-18.1],[124.2,-18.1],[124.2,-18],[124.1,-18],[124,-18],[123.9,-18],[123.8,-17.9],[123.7,-17.9],[123.6,-17.9],[123.5,-17.9],[123.4,-17.9],[123.3,-17.8],[123.2,-17.8],[123.1,-17.8],[123,-17.8],[122.9,-17.8],[122.8,-17.8],[122.7,-17.8],[122.6,-17.8],[122.5,-17.8],[122.4,-17.8],[122.3,-17.8],[122.2,-17.8],[122.2,-17.7],[122.1,-17.7],[122,-17.7],[121.9,-17.7],[121.8,-17.6],[121.7,-17.6],[121.6,-17.6],[121.5,-17.6],[121.4,-17.5],[121.3,-17.5],[121.2,-17.5],[121.1,-17.4],[121,-17.4],[120.9,-17.4],[120.8,-17.3],[120.7,-17.3],[120.6,-17.3],[120.5,-17.2],[120.4,-17.2],[120.3,-17.2],[120.3,-17.1],[120.2,-17.1],[120.1,-17.1],[120,-17],[119.9,-17],[119.8,-17],[119.7,-16.9],[119.6,-16.9],[119.5,-16.9],[119.4,-16.9],[119.3,-16.9],[119.2,-16.9],[119,-17],[118.9,-17],[118.8,-17],[118.7,-17],[118.5,-17],[118.4,-17],[118.3,-17],[118.3,-16.9],[118.2,-16.9],[118.1,-16.9],[118,-16.9],[117.9,-16.9],[117.8,-16.9],[117.7,-16.8],[117.6,-16.8],[117.5,-16.8],[117.4,-16.7],[117.2,-16.6],[117.1,-16.6],[117,-16.5],[116.9,-16.5],[116.8,-16.5],[116.7,-16.4],[116.6,-16.4],[116.4,-16.3],[116.4,-16.2],[116.3,-16.2],[116.2,-16.2],[116,-16.1],[115.9,-16.1],[115.9,-16],[115.8,-16],[115.8,-15.9],[115.8,-15.8],[115.7,-15.7],[115.7,-15.6],[115.6,-15.5],[115.6,-15.4],[115.5,-15.3],[115.5,-15.2],[115.5,-15.1],[115.2,-14.3],[115.2,-13.7],[115.1,-13.6],[115.3,-13.3],[115.5,-12.8],[115.4,-12.3],[115.5,-11.3],[115.6,-10.8],[115.8,-9.8],[115.9,-9.8],[116,-9.8],[116,-9.7],[116.1,-9.7],[116.2,-9.7],[116.3,-9.7],[116.4,-9.7],[116.5,-9.7],[116.6,-9.7],[116.6,-9.8],[116.7,-9.8],[116.8,-9.8],[116.9,-9.8],[117,-9.8],[117.1,-9.8],[117.2,-9.8],[117.3,-9.8],[117.4,-9.8],[117.4,-9.9],[117.5,-9.9],[117.6,-9.9],[117.7,-9.9],[117.8,-9.9],[117.9,-9.9],[118,-9.9],[118.1,-9.9],[118.2,-9.9],[118.2,-10],[118.3,-10],[118.4,-10],[118.5,-10],[118.6,-10],[118.7,-10],[118.8,-10],[118.9,-10],[119,-10],[119.1,-9.9],[119.2,-9.9],[119.3,-9.8],[119.4,-9.8],[119.4,-9.7],[119.5,-9.7],[119.5,-9.6],[119.6,-9.6],[119.6,-9.5],[119.7,-9.5],[119.8,-9.4],[119.9,-9.3],[120,-9.3],[120,-9.2],[120.1,-9.2],[120.1,-9.1],[120.2,-9],[120.2,-8.9],[120.1,-8.9],[120.2,-8.9],[120.2,-8.8],[120.3,-8.8],[120.3,-8.7],[120.4,-8.7],[120.4,-8.6],[120.4,-8.5],[120.5,-8.5],[120.5,-8.4],[120.6,-8.4],[120.6,-8.3],[120.7,-8.3],[120.7,-8.2],[120.8,-8.2],[120.9,-8.2],[121,-8.2],[121.1,-8.2],[121.2,-8.2],[121.2,-8.3],[121.3,-8.3],[121.4,-8.3],[121.5,-8.3],[121.6,-8.3],[121.7,-8.3],[121.8,-8.2],[121.9,-8.2],[122,-8.2],[122.1,-8.2],[122.2,-8.2],[122.3,-8.2],[122.3,-8.1],[122.4,-8.1],[122.5,-8.1],[122.5,-8],[122.6,-8],[123.2,-8],[123.4,-8],[123.5,-8],[123.6,-8],[123.7,-8],[123.8,-8],[123.8,-7.9],[123.9,-7.9],[124,-7.9],[124,-7.8],[124.1,-7.8],[124.2,-7.8],[124.2,-7.7],[124.3,-7.7],[124.4,-7.6],[124.4,-7.5],[124.5,-7.5],[124.5,-7.4],[124.6,-7.4],[124.6,-7.3],[124.7,-7.3],[124.7,-7.2],[124.8,-7.1],[124.8,-7],[124.8,-6.9],[124.9,-6.9],[124.9,-6.8]]]]}},{"type":"Feature","properties":{},"geometry":{"type":"MultiPolygon","coordinates":[[[[114.5,5],[114.6,5],[114.8,5.2],[114.9,5.2],[114.9,5.1],[114.9,5.2],[115,5.3],[115.1,5.7],[115.5,5.8],[115.6,5.9],[115.6,6],[115.6,6.1],[115.6,6.6],[115.7,6.4],[115.7,6.3],[115.8,6.4],[115.8,6.5],[115.8,6.6],[115.9,6.5],[116,6.6],[116,6.5],[116.1,6.5],[116.1,6.6],[116.2,6.8],[116.1,6.9],[116,6.9],[115.9,6.8],[115.9,7],[115.9,7.2],[115.9,7.1],[115.9,7.2],[116,7.2],[116.1,7.1],[116.3,7.1],[116.3,7.2],[116.2,7.2],[116.2,7.3],[116.3,7.3],[116.4,7.4],[116.4,7.3],[116.5,7.4],[116.5,7.3],[116.6,7.1],[116.5,7.2],[116.5,7.1],[116.6,7.1],[116.6,7],[116.6,6.9],[116.7,6.8],[116.6,6.8],[116.6,6.7],[116.7,6.7],[116.7,6.8],[116.8,6.7],[116.9,6.8],[116.9,6.7],[116.8,6.7],[116.8,6.6],[116.9,6.7],[117,6.6],[117,6.5],[117,6.4],[116.9,6.5],[116.8,6.5],[116.9,6.4],[116.8,6.4],[116.8,6.3],[116.9,6.3],[116.8,6.3],[116.8,6.2],[116.9,6.1],[116.8,6.1],[116.8,6],[116.9,6],[117,5.9],[116.9,5.9],[117,5.9],[117,5.8],[117.2,5.8],[117.2,5.9],[117.4,5.7],[117.5,5.6],[117.6,5.6],[117.5,5.4],[117.7,5.2],[117.7,5.1],[117.8,5],[117.8,4.9],[118.2,4.8],[118.3,5],[118.6,5.1],[118.8,5.2],[119.5,5.4],[119.6,5.6],[120.3,6.1],[120.5,6.1],[121,6.3],[121.1,6.4],[121.1,6.5],[121.2,6.6],[121.4,6.8],[121.6,6.8],[121.7,6.8],[121.8,6.8],[121.9,6.8],[122,6.8],[122.3,7],[122.4,7.1],[122.6,7.2],[122.7,7.3],[122.7,7.4],[122.7,7.3],[122.7,7.2],[122.5,7.1],[122.5,7],[122.4,7],[122.4,6.9],[122.3,6.8],[122.3,6.7],[122.2,6.7],[122.2,6.6],[122.1,6.5],[122.1,6.4],[122,6.4],[122,6.3],[122,6.2],[121.9,6.2],[121.9,6.1],[121.8,6],[121.8,5.9],[121.8,5.8],[121.8,5.7],[121.7,5.7],[121.7,5.6],[121.7,5.5],[121.6,5.4],[121.6,5.3],[121.6,5.2],[121.6,5.1],[121.5,5],[121.5,4.9],[121.5,4.8],[121.4,4.7],[121.3,4.7],[121.2,4.6],[121.2,4.5],[121.1,4.5],[121.1,4.4],[121.1,4.3],[121.1,4.2],[121.1,4.1],[121.1,4],[121,3.9],[121,3.8],[121,3.7],[121.1,3.7],[121.1,3.6],[121.1,3.5],[121.1,3.4],[121.2,3.3],[121.3,3.2],[121.3,3.1],[121.3,3],[121.3,2.9],[121.3,2.7],[121.2,2.7],[121.2,2.6],[121.3,2.6],[121.4,2.6],[121.5,2.6],[121.5,2.5],[121.6,2.5],[121.6,2.4],[121.6,2.3],[121.6,2.2],[121.5,2.1],[121.5,2],[121.4,1.9],[121.3,1.8],[121.2,1.7],[121.1,1.7],[121,1.7],[120.9,1.7],[120.8,1.7],[120.7,1.7],[120.6,1.7],[120.5,1.7],[120.4,1.7],[120.4,1.8],[120.5,1.9],[120.4,1.9],[120.3,1.9],[120.2,1.9],[120.1,2],[120,2],[119.9,2],[119.8,2],[119.7,2],[119.5,2],[119.3,2],[119.2,2],[119.1,2],[119.1,1.9],[119,1.8],[118.9,1.8],[118.9,1.9],[118.8,1.9],[118.8,1.8],[118.7,1.8],[118,2.5],[117,2.6],[116.9,2.7],[116.8,2.7],[116.7,2.7],[116.6,2.7],[116.5,2.6],[116.5,2.7],[116.5,2.8],[116.4,2.8],[116.4,2.9],[116.3,2.9],[116.2,2.9],[116.1,2.9],[116,2.9],[115.9,2.9],[115.8,2.9],[115.7,2.9],[115.6,2.9],[115.6,3],[115.5,3],[115.5,3.1],[115.4,3.1],[115.4,3.2],[115.3,3.2],[115.2,3.2],[115.1,3.3],[115.1,3.4],[115,3.5],[114.9,3.6],[114.9,3.7],[115,3.7],[115,3.8],[115.1,3.8],[115.1,3.9],[115,3.9],[115,4],[114.9,4],[114.9,4.1],[114.9,4.2],[114.8,4.2],[114.8,4.3],[114.9,4.4],[114.9,4.5],[114.8,4.6],[114.8,4.7],[114.7,4.7],[114.7,4.8],[114.6,4.8],[114.5,4.9],[114.4,4.9],[114.5,5.1],[114.5,5]]]]}},{"type":"Feature","properties":{},"geometry":{"type":"MultiPolygon","coordinates":[[[[133.4,-37.8],[131.3,-36.8],[130.2,-35.9],[129.3,-33.8],[129.3,-32.6],[129.4,-32.5],[129.7,-32.8],[130.1,-33.2],[130.3,-34.1],[130.8,-34.9],[131.6,-35.7],[132.5,-37.3],[132.8,-37.6],[133.4,-37.8]]]]}},{"type":"Feature","properties":{},"geometry":{"type":"MultiPolygon","coordinates":[[[[107.1,-40.8],[107.6,-40.4],[110.8,-38.9],[115.2,-37.7],[115.4,-38.2],[112.6,-39.6],[114.2,-41.5],[115.2,-43.5],[114.2,-44.7],[115.9,-45.5],[118.5,-45.4],[121.3,-44.3],[123.5,-45.3],[123.1,-45.2],[122.9,-44.9],[122.6,-45.2],[123,-45.5],[123.2,-45.6],[124,-46.4],[120.8,-48.2],[121,-48],[121.2,-47.6],[121.1,-47.2],[120.5,-46.8],[120.5,-47.1],[120.3,-47.6],[119.6,-48],[119,-48],[118.7,-47.9],[118.5,-47.9],[118.7,-48.2],[118.3,-48.1],[118.1,-48.2],[118.1,-48.4],[117.9,-48.6],[117.8,-48.7],[117.6,-48.7],[117.5,-48.7],[117.2,-48.6],[117,-48.6],[116.8,-48.5],[116.3,-48.6],[115.6,-48.7],[114.5,-48.6],[109.7,-45.8],[106.9,-41],[107.1,-40.8]]]]}},{"type":"Feature","properties":{},"geometry":{"type":"MultiPolygon","coordinates":[[[[143.3,-43],[142.3,-44.4],[141.8,-44.5],[142,-44.3],[142.7,-43.7],[143.2,-43.1],[143.3,-43]]]]}},{"type":"Feature","properties":{},"geometry":{"type":"MultiPolygon","coordinates":[[[[142.9,-42.8],[143.2,-43.1],[142.7,-43.7],[142,-44.3],[141.5,-44.5],[142.6,-43.5],[142.9,-42.8]]]]}},{"type":"Feature","properties":{},"geometry":{"type":"MultiPolygon","coordinates":[[[[137.2,-40.2],[139.5,-40.9],[139.9,-41],[139.8,-42.5],[139.8,-43.8],[139.6,-44.8],[139.1,-44.8],[138.2,-44.6],[138.8,-41.9],[136.6,-40.8],[137.2,-40.2]]]]}},{"type":"Feature","properties":{},"geometry":{"type":"MultiPolygon","coordinates":[[[[142,-42],[142.7,-42.9],[142.8,-43.2],[141.6,-44.4],[140.5,-44.6],[139.6,-44.8],[139.8,-43.8],[139.8,-42.5],[139.9,-41],[140.9,-41.1],[141.2,-41.6],[142,-42]]]]}},{"type":"Feature","properties":{},"geometry":{"type":"MultiPolygon","coordinates":[[[[143.5,-40.9],[143.8,-41.7],[144.4,-42.2],[144.7,-42.2],[144.6,-42.4],[144.5,-42.5],[144.6,-42.9],[144.2,-43.2],[143.2,-42.3],[142.7,-41.4],[142.5,-40.9],[143.1,-40.9],[143.5,-40.9]]]]}},{"type":"Feature","properties":{},"geometry":{"type":"MultiPolygon","coordinates":[[[[144.2,-41],[144.4,-41.5],[144.8,-41.9],[145.6,-42.3],[145.4,-42.6],[146.2,-42.7],[145,-43.5],[144.6,-42.9],[144.5,-42.5],[144.6,-42.4],[144.7,-42.2],[144.4,-42.2],[143.8,-41.7],[143.5,-40.9],[144.2,-40.9],[144.2,-41]]]]}},{"type":"Feature","properties":{},"geometry":{"type":"MultiPolygon","coordinates":[[[[-68.6,0.4],[-68.9,0.8],[-69.5,0.9],[-71.1,0.7],[-72,0.1],[-72.4,0],[-71.9,0.5],[-71.4,1.4],[-69.7,2.1],[-68.7,2],[-68,1.8],[-67.4,2],[-66.9,1.9],[-66.4,1.7],[-65.3,1],[-63.2,0.3],[-63,0.5],[-61.8,0],[-61.6,-0.9],[-62.3,-0.7],[-63.6,-1],[-65.6,-0.4],[-66,-0.1],[-66.3,0],[-67,0.2],[-68.3,0.3],[-68.6,0.4]]]]}},{"type":"Feature","properties":{},"geometry":{"type":"MultiPolygon","coordinates":[[[[-72.6,2.4],[-70.8,2.8],[-68.2,2.4],[-66.7,2],[-65.2,1.5],[-64.2,1.7],[-63,1.6],[-62.2,2],[-60.9,2.3],[-59.1,2.6],[-58,2.5],[-58.5,2.4],[-59.5,2.6],[-60.8,2.2],[-61.8,1.7],[-63.1,1.5],[-64.8,1.1],[-65.7,1.4],[-66.4,1.7],[-66.9,1.9],[-67.4,2],[-68,1.8],[-68.7,2],[-69.7,2.1],[-71.4,1.4],[-72,1.4],[-72.1,1.7],[-72.2,2.2],[-72.3,2],[-72.5,2],[-72.8,2.1],[-72.6,2.4]]]]}},{"type":"Feature","properties":{},"geometry":{"type":"MultiPolygon","coordinates":[[[[-63.7,-1.6],[-63.3,-1.6],[-62.8,-1.8],[-63,-1.6],[-62.3,-1.2],[-61.2,-1],[-61.8,-2.5],[-62.2,-4],[-62.4,-4.8],[-62.2,-5.2],[-61.8,-5.2],[-63.3,-6.1],[-64.3,-4.3],[-63.7,-1.6]]]]}},{"type":"Feature","properties":{},"geometry":{"type":"MultiPolygon","coordinates":[[[[-63.7,-1.6],[-64,-1.5],[-65.4,-1],[-66,-0.4],[-66.1,-0.2],[-68.6,0.4],[-68.2,0.1],[-67,0.2],[-66.2,0],[-65.9,-0.1],[-64.2,-1],[-63.2,-0.9],[-62.2,-0.7],[-61.2,-0.7],[-60.6,-0.6],[-61.4,-1.1],[-62.4,-1.2],[-62.9,-1.6],[-62.9,-1.8],[-63.4,-1.6],[-63.7,-1.6]]]]}},{"type":"Feature","properties":{},"geometry":{"type":"MultiPolygon","coordinates":[[[[-61.2,-0.7],[-62.3,-0.2],[-63.2,0.4],[-63.8,0.2],[-65.6,1.1],[-65.6,1.4],[-64.7,1.2],[-63.1,1.6],[-61.6,1.8],[-60.6,2.3],[-59.1,2.6],[-58.3,2.4],[-58,1.8],[-58.9,1.2],[-60.4,-0.6],[-61.2,-0.7]]]]}},{"type":"Feature","properties":{},"geometry":{"type":"MultiPolygon","coordinates":[[[[-57.1,-2.6],[-56.6,-2.2],[-56.2,-1.4],[-55.4,-0.8],[-54.5,-0.5],[-53.6,0.1],[-53,0.2],[-53.3,-0.1],[-54.8,-0.8],[-55.6,-1.2],[-56,-1.7],[-56.8,-3.1],[-58,-4.1],[-58.7,-4.4],[-60.3,-5.1],[-61.4,-5.2],[-59.4,-3.9],[-58.2,-3.5],[-58.1,-3.2],[-58.1,-3.1],[-57.1,-2.6]]]]}},{"type":"Feature","properties":{},"geometry":{"type":"MultiPolygon","coordinates":[[[[-47.5,1.3],[-46.8,2.3],[-47.3,3.4],[-48.5,5.5],[-49.5,7],[-48.4,7],[-46.9,5.7],[-46.1,4.2],[-44.9,3.2],[-45.6,1.3],[-46.9,1],[-47.5,1.3]]]]}},{"type":"Feature","properties":{},"geometry":{"type":"MultiPolygon","coordinates":[[[[-53,1.8],[-50.2,1.6],[-49.1,1],[-49.9,0.2],[-50.5,0.3],[-51.6,0.5],[-52.4,1.3],[-53.6,1.2],[-53,1.8]]]]}},{"type":"Feature","properties":{},"geometry":{"type":"MultiPolygon","coordinates":[[[[-53.6,1.2],[-52.4,1.3],[-51.6,0.5],[-50.5,0.3],[-50.1,-0.3],[-51.4,-0.4],[-52.3,0.1],[-53.7,0.5],[-54.5,0.8],[-53.6,1.2]]]]}},{"type":"Feature","properties":{},"geometry":{"type":"MultiPolygon","coordinates":[[[[-50.1,2.7],[-50.5,4.1],[-48.5,3.4],[-47.2,2.9],[-46.9,1.6],[-48.4,1.8],[-49.6,2.4],[-50.1,2.7]]]]}},{"type":"Feature","properties":{},"geometry":{"type":"MultiPolygon","coordinates":[[[[-51.3,-0.6],[-52,0.9],[-50.6,0.6],[-50.1,1.7],[-49.3,2.2],[-47.5,1.3],[-46.3,0.6],[-46.9,-0.1],[-48.5,0.4],[-50.2,-0.8],[-51.3,-0.6]]]]}},{"type":"Feature","properties":{},"geometry":{"type":"MultiPolygon","coordinates":[[[[-57.9,2],[-56.6,2.8],[-54.2,3.1],[-51.4,3.6],[-49.9,2.6],[-50.2,1.6],[-53,1.8],[-56,1.9],[-58.6,1.4],[-57.9,2]]]]}},{"type":"Feature","properties":{},"geometry":{"type":"MultiPolygon","coordinates":[[[[-64.5,7.4],[-60.4,7.6],[-57.6,7.1],[-59.4,6.7],[-61.6,6.5],[-63.8,6.4],[-65.1,6.8],[-64.5,7.4]]]]}},{"type":"Feature","properties":{},"geometry":{"type":"MultiPolygon","coordinates":[[[[-64.8,9.2],[-61.5,9.1],[-59.7,8.8],[-58.4,8.5],[-55.9,7.9],[-53.9,6.4],[-54.9,6.4],[-57.6,7.1],[-60.4,7.6],[-64.5,7.4],[-64.8,9.2]]]]}},{"type":"Feature","properties":{},"geometry":{"type":"MultiPolygon","coordinates":[[[[-72.3,4.8],[-73.8,5.4],[-75.3,6.5],[-71.1,6.7],[-68.4,8.3],[-65.8,9.1],[-64.6,8.7],[-65,6.5],[-65.2,5.5],[-65.5,5],[-66.9,4.7],[-68.1,4.4],[-69,4.2],[-70.2,4.4],[-71.3,4.3],[-72.3,4.8]]]]}},{"type":"Feature","properties":{},"geometry":{"type":"MultiPolygon","coordinates":[[[[-53.7,0],[-54.9,-0.6],[-54.5,-0.4],[-53.7,0]]]]}},{"type":"Feature","properties":{},"geometry":{"type":"MultiPolygon","coordinates":[[[[-54.2,0.4],[-54,0.1],[-54.7,0.1],[-54.2,0.4]]]]}},{"type":"Feature","properties":{},"geometry":{"type":"MultiPolygon","coordinates":[[[[-61.3,-2.1],[-59.8,-1],[-59,-2],[-57.3,-1.4],[-56.7,-1.2],[-57.3,-2.1],[-57,-2.3],[-56.5,-1.7],[-56.1,-1.2],[-56.6,-2],[-57,-2.5],[-59.4,-3.4],[-61.1,-2.6],[-61.3,-2.1]]]]}},{"type":"Feature","properties":{},"geometry":{"type":"MultiPolygon","coordinates":[[[[-59.9,-0.7],[-57.7,0.1],[-54.8,0.7],[-53.8,0.6],[-54.7,0.1],[-55.1,0.1],[-55.8,-0.2],[-56.1,-0.4],[-56.4,-0.7],[-57,-1.3],[-58.6,-2],[-59.7,-1.3],[-59.9,-0.7]]]]}},{"type":"Feature","properties":{},"geometry":{"type":"MultiPolygon","coordinates":[[[[-60.4,-0.6],[-58.9,1.2],[-57.5,1.6],[-54.4,1.7],[-53.4,1.5],[-54.5,0.8],[-56.9,0.3],[-59.5,-0.6],[-60.4,-0.6]]]]}},{"type":"Feature","properties":{},"geometry":{"type":"MultiPolygon","coordinates":[[[[-48.6,-4.1],[-47.1,-3.3],[-45.2,-3.6],[-44.2,-3.1],[-43.2,-3.7],[-43.1,-4],[-43,-4.6],[-43.1,-5],[-43.4,-5.2],[-44.4,-5.2],[-45.2,-5],[-45.9,-4.9],[-46.9,-4.9],[-47.4,-4.8],[-48,-4.4],[-48.6,-4.1]]]]}},{"type":"Feature","properties":{},"geometry":{"type":"MultiPolygon","coordinates":[[[[-61.3,-2.1],[-60.5,-3.4],[-57.3,-2.7],[-57.7,-3],[-58.1,-3.3],[-58.9,-3.6],[-61.6,-5.2],[-62.2,-5.3],[-62.4,-4.9],[-62.4,-4.5],[-61.9,-2.8],[-61.3,-2.1]]]]}},{"type":"Feature","properties":{},"geometry":{"type":"MultiPolygon","coordinates":[[[[-45.8,-9.9],[-44.9,-9.5],[-42,-9.5],[-41.1,-9.8],[-41.6,-10.2],[-42.5,-10.6],[-44.3,-10.9],[-45.3,-10.6],[-45.8,-9.9]]]]}},{"type":"Feature","properties":{},"geometry":{"type":"MultiPolygon","coordinates":[[[[-43,-6.3],[-42.6,-5.1],[-42.6,-4.4],[-42.8,-4],[-43.1,-3.1],[-42.3,-2.8],[-40.5,-5.7],[-40.6,-8.9],[-41.8,-9.6],[-42.3,-9.4],[-42.9,-8.9],[-43.6,-8.5],[-43.9,-8],[-43.9,-7.7],[-43.3,-6.7],[-43,-6.3]]]]}},{"type":"Feature","properties":{},"geometry":{"type":"MultiPolygon","coordinates":[[[[-45.2,-5],[-44.8,-5.2],[-44,-5.3],[-43.2,-5.2],[-43,-4.9],[-43.1,-4.1],[-43.1,-3.8],[-42.7,-4.1],[-42.5,-4.9],[-42.8,-5.8],[-43.3,-6.2],[-45.3,-6.4],[-45.7,-6.5],[-45.7,-5.7],[-45.2,-5]]]]}},{"type":"Feature","properties":{},"geometry":{"type":"MultiPolygon","coordinates":[[[[-46.1,-8.8],[-46.7,-8],[-46.6,-7.1],[-46.6,-6.9],[-46.5,-6.7],[-46.6,-5.6],[-45.7,-4.9],[-45.7,-5.7],[-45.7,-6.5],[-45.8,-7.2],[-45.9,-7.7],[-45.9,-8],[-46.1,-8.8]]]]}},{"type":"Feature","properties":{},"geometry":{"type":"MultiPolygon","coordinates":[[[[-49.4,-3.9],[-48,-4.3],[-47.4,-4.7],[-47.1,-4.9],[-46.6,-4.9],[-46.5,-6.5],[-46.5,-6.8],[-46.6,-7.1],[-46.7,-7.6],[-47.2,-7.3],[-47.9,-6.4],[-48.1,-5.8],[-49.3,-4.1],[-49.4,-3.9]]]]}},{"type":"Feature","properties":{},"geometry":{"type":"MultiPolygon","coordinates":[[[[-46.1,-8.8],[-45.9,-8],[-45.9,-7.7],[-45.8,-7.2],[-45.3,-6.4],[-43.3,-6.2],[-43.7,-7.2],[-43.9,-7.8],[-43.8,-8.3],[-43.5,-8.5],[-42.5,-9.1],[-42.3,-9.5],[-45.1,-9.6],[-45.8,-9.7],[-46,-8.9],[-46.1,-8.8]]]]}},{"type":"Feature","properties":{},"geometry":{"type":"MultiPolygon","coordinates":[[[[-51.1,-1.2],[-51.2,-0.9],[-50.2,-0.8],[-49.2,0.1],[-47.6,0],[-45.9,0.2],[-45.6,1.3],[-44.9,3.2],[-46.1,4.2],[-46.4,5.2],[-45.4,4.2],[-44.7,3.4],[-44.4,2.4],[-44,1.4],[-43.9,0.6],[-44.4,-1.5],[-45.4,-2.2],[-47.3,-1.9],[-48.8,-2.7],[-50.2,-1.7],[-51.1,-1.2]]]]}},{"type":"Feature","properties":{},"geometry":{"type":"MultiPolygon","coordinates":[[[[108,-37.6],[108.9,-37.9],[109.9,-37],[113.3,-36],[116.6,-35.2],[118.4,-32.8],[120,-28.3],[121.2,-25.6],[121.3,-24.2],[121.1,-23.3],[123.6,-22.4],[123.6,-22.8],[122.5,-23.2],[123.1,-24.9],[123.3,-26.8],[122.5,-30],[121,-32.7],[119.5,-34.1],[118.3,-35.2],[117.1,-36.5],[114.9,-37.4],[112.9,-37.8],[107.9,-39.1],[107.9,-39.8],[107.1,-40.8],[107.1,-40.4],[107,-39.2],[107.1,-38.8],[107.6,-38.9],[107.8,-38.5],[107.9,-37.6],[108,-37.6]]]]}},{"type":"Feature","properties":{},"geometry":{"type":"MultiPolygon","coordinates":[[[[108.1,-11.6],[108.9,-13.2],[109.2,-14.2],[109.4,-15],[110.1,-16.3],[110.6,-18.1],[110.9,-19.2],[111.3,-20.6],[111.8,-22.1],[111.7,-23.3],[111.6,-24.5],[111.1,-24],[110.7,-22.5],[110.1,-21.5],[109.4,-19.3],[109,-16.7],[108.2,-13.5],[108.1,-11.6]]]]}},{"type":"Feature","properties":{},"geometry":{"type":"MultiPolygon","coordinates":[[[[111.4,-24.9],[111.7,-24],[111.8,-22.7],[111.6,-21.2],[111.2,-20],[110.6,-18.7],[110.7,-17.6],[109.7,-15.6],[109.3,-14.6],[109.1,-13.8],[108.7,-12.4],[109.3,-12],[109.7,-13.5],[111.2,-16.8],[112.7,-21.4],[113,-23.2],[111.4,-24.9]]]]}},{"type":"Feature","properties":{},"geometry":{"type":"MultiPolygon","coordinates":[[[[-50.6,-5.2],[-49.9,-5],[-49.5,-6.7],[-51.6,-6.5],[-50.6,-5.2]]]]}},{"type":"Feature","properties":{},"geometry":{"type":"MultiPolygon","coordinates":[[[[-49.5,-8.2],[-50.4,-12.3],[-50.9,-11.8],[-50,-9.9],[-50.1,-8.8],[-49.5,-8.2]]]]}},{"type":"Feature","properties":{},"geometry":{"type":"MultiPolygon","coordinates":[[[[-51.6,-7.1],[-49.6,-7.2],[-50.1,-8.8],[-50,-9.9],[-50.9,-11.8],[-50.6,-13],[-51.5,-11.6],[-51.6,-10],[-52,-8.6],[-51.6,-7.1]]]]}},{"type":"Feature","properties":{},"geometry":{"type":"MultiPolygon","coordinates":[[[[-53,0],[-52.9,0.2],[-52.1,0],[-51.1,-1.6],[-50.9,-2.4],[-50,-4.5],[-50.7,-5.1],[-51.1,-3.7],[-51.2,-3],[-51.8,-1.6],[-52.3,-0.5],[-53,0]]]]}},{"type":"Feature","properties":{},"geometry":{"type":"MultiPolygon","coordinates":[[[[-51.9,-6.9],[-52,-8.6],[-51.6,-10],[-51.5,-11.6],[-52.7,-11.5],[-52.6,-8.7],[-51.9,-6.9]]]]}},{"type":"Feature","properties":{},"geometry":{"type":"MultiPolygon","coordinates":[[[[-64.9,-19.8],[-64.4,-20.2],[-63.7,-20.6],[-63.3,-20.6],[-63.1,-20.9],[-63,-20.6],[-62.5,-20.7],[-61.8,-20.9],[-60.7,-20.9],[-59.5,-20.7],[-58.6,-21.5],[-57.9,-21.6],[-57.1,-21.9],[-56.3,-22.3],[-55.8,-22],[-55.5,-21.4],[-55.8,-22.2],[-55.8,-22.7],[-56.3,-23.2],[-56.5,-23.4],[-57.8,-22.7],[-58.4,-22.6],[-58.9,-22.4],[-60.9,-22],[-63.2,-21.9],[-64.3,-22.4],[-64.6,-22.3],[-64.3,-21.9],[-65,-21.8],[-65.4,-21.7],[-65.5,-21.5],[-65.7,-21.1],[-65.5,-20.9],[-65.7,-21],[-65.8,-20.6],[-65.5,-20.5],[-65.2,-19.8],[-64.9,-19.8]]]]}},{"type":"Feature","properties":{},"geometry":{"type":"MultiPolygon","coordinates":[[[[-55.1,-0.9],[-54,-0.4],[-53,0],[-52.4,-0.4],[-51.8,-1.5],[-51.5,-2.6],[-51.1,-3.7],[-51,-5],[-50.7,-5.7],[-52.4,-7.6],[-52.9,-11],[-50.9,-12.7],[-51,-13.9],[-51.7,-14.9],[-52.7,-15.8],[-53.1,-16.3],[-53.1,-17],[-53.7,-17.9],[-54,-18.1],[-54.1,-18.4],[-54.5,-19],[-55,-19.2],[-56.3,-19.3],[-58.8,-17.9],[-60.1,-16.6],[-58.8,-13.6],[-58.1,-10.4],[-57.4,-7.9],[-56.1,-4.3],[-55.1,-1.1],[-55.1,-0.9]]]]}},{"type":"Feature","properties":{},"geometry":{"type":"MultiPolygon","coordinates":[[[[-54.5,-20.1],[-54.8,-19.9],[-54.9,-19.3],[-54.3,-18.8],[-54,-18.3],[-53.8,-18.1],[-53.6,-17.8],[-53.1,-16.8],[-53,-16.2],[-52.5,-15.7],[-51.6,-14.8],[-50.9,-13.7],[-50.4,-12.3],[-49.5,-8.2],[-49.5,-6.7],[-49.5,-4.2],[-50.8,-2.5],[-49.8,-3.3],[-49.3,-4.1],[-48.1,-5.8],[-47.9,-6.4],[-47.2,-7.3],[-46.3,-8.6],[-46,-9.1],[-45.8,-9.9],[-45.3,-10.6],[-46.1,-14.2],[-49.5,-19.5],[-51.9,-21.6],[-51.8,-20.9],[-51.3,-20.5],[-51.4,-19.8],[-51.4,-20],[-51.2,-20.4],[-51.9,-20.8],[-51.7,-22],[-54.6,-21.9],[-54.6,-21.1],[-54.8,-21.1],[-54.7,-20.8],[-54.4,-20.8],[-54.4,-20.2],[-54.5,-20.1]]]]}},{"type":"Feature","properties":{},"geometry":{"type":"MultiPolygon","coordinates":[[[[136.3,-6.9],[136.5,-7.2],[137.2,-7.5],[141.3,-10.2],[145.2,-15.6],[148.8,-21.8],[153.2,-28.5],[151.5,-31],[148.1,-29],[145.5,-26.7],[144.6,-26.8],[142.4,-24.4],[139.8,-20.7],[135.5,-14.9],[133.4,-11.8],[132.9,-11.3],[133.2,-10.6],[133.4,-9.8],[133.9,-9.8],[133.8,-9.2],[134.4,-9],[134.8,-8.6],[135.2,-8],[135.4,-7.8],[135.8,-7.4],[136.3,-6.9]]]]}},{"type":"Feature","properties":{},"geometry":{"type":"MultiPolygon","coordinates":[[[[156.9,-39.9],[156.4,-38.8],[155.3,-38.2],[153.5,-37.7],[152.1,-37],[155.9,-35.9],[156.3,-35.5],[156.4,-33.8],[157.4,-32.1],[160,-32.7],[160.8,-36.8],[158.1,-40],[157.4,-40.2],[156.9,-39.9]]]]}},{"type":"Feature","properties":{},"geometry":{"type":"MultiPolygon","coordinates":[[[[148.3,-36],[149,-34.7],[149.1,-34.5],[149.1,-30.6],[153.3,-30.5],[156.9,-29.6],[159.5,-30.5],[159.5,-31],[159.7,-31.9],[158.9,-32.6],[156.6,-33.3],[156.4,-35.4],[156,-35.7],[152.5,-36.3],[148.3,-36]]]]}},{"type":"Feature","properties":{},"geometry":{"type":"MultiPolygon","coordinates":[[[[160,-32.7],[159.6,-31.5],[159.5,-30.5],[159.8,-30.3],[161.6,-33.9],[160,-32.7]]]]}},{"type":"Feature","properties":{},"geometry":{"type":"MultiPolygon","coordinates":[[[[161.7,-33.8],[162.7,-27.8],[165.6,-30],[166.4,-30.7],[166.1,-31.1],[166,-31.3],[166.2,-31.3],[166.3,-31.4],[166.3,-31.7],[166.6,-32],[165.8,-31.8],[161.7,-33.8]]]]}},{"type":"Feature","properties":{},"geometry":{"type":"MultiPolygon","coordinates":[[[[166.5,-30.5],[163.4,-27.7],[165.2,-27.1],[166.5,-26.6],[166.9,-27.2],[167,-27.6],[167.1,-28.1],[167.1,-28.5],[167.1,-29],[167,-29.3],[167.1,-29.4],[167,-29.6],[166.8,-30.1],[166.7,-30.4],[166.5,-30.5]]]]}},{"type":"Feature","properties":{},"geometry":{"type":"MultiPolygon","coordinates":[[[[133.5,-11.9],[137.6,-17.8],[142.1,-23.6],[137.4,-24],[131.8,-25.6],[130.9,-25.8],[130.8,-25.3],[130.8,-24.7],[130.5,-24.1],[130.6,-23.5],[130.9,-23.4],[130.6,-23.1],[130.4,-22.6],[129.9,-22.4],[129.9,-21.4],[130.2,-20.7],[130.7,-19.8],[130.9,-19.5],[130.9,-18.8],[130.5,-18.7],[130.9,-17.2],[131.2,-16.7],[132,-17.7],[131.8,-17],[131.7,-16.3],[131.9,-16],[132.1,-15.5],[132.2,-15.7],[132.2,-14.3],[132.4,-13.5],[132.2,-12.7],[132.3,-12.6],[132.7,-12.5],[133.2,-12.6],[133.3,-12.2],[133.5,-11.9]]]]}},{"type":"Feature","properties":{},"geometry":{"type":"MultiPolygon","coordinates":[[[[133.4,-11.8],[133.1,-11.6],[133.3,-11.5],[133.4,-11.8]]]]}},{"type":"Feature","properties":{},"geometry":{"type":"MultiPolygon","coordinates":[[[[154.4,-17.3],[155.5,-20.8],[148.9,-18.8],[144.5,-14.2],[143,-10.3],[149,-13.5],[154.4,-17.3]]]]}},{"type":"Feature","properties":{},"geometry":{"type":"MultiPolygon","coordinates":[[[[156.2,-21.8],[154.5,-16.8],[155.9,-17.4],[157.4,-18],[158.8,-19],[159.9,-20.1],[160.9,-21.5],[161.8,-22.3],[161,-23.2],[156.2,-21.8]]]]}},{"type":"Feature","properties":{},"geometry":{"type":"MultiPolygon","coordinates":[[[[154.5,-30.1],[149.6,-23.6],[148.9,-18.8],[155.5,-20.8],[158.4,-26.9],[159.5,-30.5],[156.4,-29.8],[154.5,-30.1]]]]}},{"type":"Feature","properties":{},"geometry":{"type":"MultiPolygon","coordinates":[[[[156.2,-21.8],[162.4,-23.9],[163.4,-27.6],[164.1,-27.1],[161.3,-29],[157.6,-25.2],[156.2,-21.8]]]]}},{"type":"Feature","properties":{},"geometry":{"type":"MultiPolygon","coordinates":[[[[148.6,-39.9],[148.5,-39.8],[148.4,-39.8],[148.1,-39.7],[147.8,-39.5],[147.9,-39.3],[147.7,-39.2],[146.9,-39.9],[150.3,-36.5],[152,-37.5],[150.9,-39.8],[149.9,-40.6],[149.8,-40.8],[149.6,-40.8],[149.6,-41],[149.1,-41],[149.4,-40.6],[149,-40.1],[148.7,-39.8],[148.6,-39.9]]]]}},{"type":"Feature","properties":{},"geometry":{"type":"MultiPolygon","coordinates":[[[[140.7,-31.8],[141.5,-31.3],[140.6,-31.5],[141.6,-30.2],[142.4,-31.3],[142.8,-32.7],[140.7,-31.8]]]]}},{"type":"Feature","properties":{},"geometry":{"type":"MultiPolygon","coordinates":[[[[140.6,-30.9],[138.2,-26.2],[140.2,-23.7],[142.4,-24.4],[144.6,-26.8],[145.5,-26.7],[148.1,-29],[149.2,-32.5],[149,-34.7],[144,-34.2],[143.2,-32.3],[142.2,-30.9],[141.1,-30.5],[140.6,-30.9]]]]}},{"type":"Feature","properties":{},"geometry":{"type":"MultiPolygon","coordinates":[[[[140.7,-31.8],[146.1,-35.1],[146.2,-39.9],[145.1,-40.3],[144.2,-40.2],[143.8,-40.3],[143.2,-40.1],[143.1,-40.2],[142.7,-40.2],[142.7,-39.9],[142.8,-39.7],[142.7,-39.4],[141.8,-39.7],[141.7,-39.9],[141.8,-40.2],[141.3,-39.8],[141.1,-39.5],[141,-39.7],[140.7,-40.2],[139.5,-40.1],[138.2,-39],[138,-38.3],[138.5,-38.6],[138.5,-38.3],[138.7,-38.3],[139.2,-38.2],[138.8,-38.1],[138.3,-37.9],[138.2,-37.5],[138.3,-37.4],[138.2,-36.9],[137.7,-36.4],[136.7,-35.3],[135.8,-33.9],[136.2,-33.2],[136.8,-33.3],[137.1,-32.9],[137.4,-33.2],[137.6,-32.8],[138.1,-32.9],[138.3,-33.1],[138.5,-32.9],[138.5,-32.6],[139,-32.2],[139.7,-32.2],[140.4,-32],[140.7,-31.8]]]]}},{"type":"Feature","properties":{},"geometry":{"type":"MultiPolygon","coordinates":[[[[130.9,-26.3],[135.9,-24.3],[138.6,-27.5],[140.6,-31.4],[140.2,-31.2],[139.6,-31.2],[139.1,-31.3],[138.6,-31.4],[138,-31.6],[137.4,-31.6],[136.8,-31.4],[136.6,-31.1],[136.5,-31],[135.9,-30.9],[135.7,-30.7],[135.2,-30.5],[134.7,-30.5],[133.1,-29.4],[132.8,-29],[132.1,-28.6],[131.4,-27.6],[131.3,-27],[130.9,-26.3]]]]}},{"type":"Feature","properties":{},"geometry":{"type":"MultiPolygon","coordinates":[[[[65.7,-18.2],[65.6,-16.4],[65.5,-13.8],[65.1,-12],[64.9,-10.5],[65.6,-7.8],[66.8,-9.3],[67.3,-13],[67.6,-16.8],[67.3,-20.3],[65.7,-18.2]]]]}},{"type":"Feature","properties":{},"geometry":{"type":"MultiPolygon","coordinates":[[[[65.7,-18.2],[65.6,-16.4],[65.5,-13.8],[65.1,-12],[64.9,-10.5],[65.6,-7.8],[66.8,-9.3],[67.3,-13],[67.6,-16.8],[67.3,-20.3],[65.7,-18.2]]]]}}]}