{"type":"FeatureCollection","features":[{"type":"Feature","properties":{},"geometry":{"type":"MultiPolygon","coordinates":[[[[64.8,-5],[63.4,-6.1],[62.3,-6.3],[61,-7.1],[60,-8.4],[59.2,-13.5],[56.5,-13.1],[54.6,-12.4],[56.2,-11.3],[57.5,-8],[60.2,-6.2],[61.3,-5.3],[62.1,-4.8],[64.8,-5]]]]}},{"type":"Feature","properties":{},"geometry":{"type":"MultiPolygon","coordinates":[[[[71.4,-6.2],[70.9,-6.7],[69.8,-5.6],[68.8,-6.2],[67.8,-6.9],[66.2,-7.3],[65.4,-7.8],[65.2,-7.8],[65.4,-7.7],[65.7,-7.2],[66.6,-6.2],[69.7,-4.9],[71.4,-6.2]]]]}},{"type":"Feature","properties":{},"geometry":{"type":"MultiPolygon","coordinates":[[[[65.6,-8.2],[65.5,-8.2],[65.1,-8.5],[65.3,-8.2],[65.7,-7.9],[65.6,-8.2]]]]}},{"type":"Feature","properties":{},"geometry":{"type":"MultiPolygon","coordinates":[[[[65.4,-9.7],[63.1,-11.8],[63.6,-10.5],[64.1,-9.9],[64.4,-9.5],[65,-9.4],[65.3,-9.7],[65.4,-9.7]]]]}},{"type":"Feature","properties":{},"geometry":{"type":"MultiPolygon","coordinates":[[[[71.9,-4.6],[71.7,-4.9],[71.6,-5.4],[70.4,-5.2],[67.5,-6.1],[65.9,-6.5],[65.7,-6.2],[65,-6.4],[64.7,-6.8],[63.9,-7.4],[63.5,-8],[62.7,-8],[62.3,-8.5],[63.1,-9.1],[63.4,-9.1],[63.3,-9.8],[63.4,-11.2],[63.1,-11.9],[62.4,-14.2],[62,-15.4],[61.5,-15.7],[60.4,-15.3],[59.6,-15.1],[59.4,-12],[60.2,-8.2],[61.3,-6.7],[62.6,-6.3],[63.7,-5.8],[65.1,-4.9],[66.9,-4.5],[68.2,-4.3],[69.8,-3.9],[70.5,-4.1],[71.5,-4.5],[71.9,-4.6]]]]}},{"type":"Feature","properties":{},"geometry":{"type":"MultiPolygon","coordinates":[[[[29.5,-5.8],[28.4,-3.1],[27.4,-0.8],[27.3,0.5],[28.9,1.2],[31.4,-0.9],[33.1,-3.3],[33.8,-4.2],[36.1,-6.3],[37.9,-7.9],[37.1,-7.5],[34.7,-7],[34.9,-9.7],[34.9,-11.3],[35.2,-13.1],[34,-11.8],[33.1,-10.9],[31.6,-9.3],[30.3,-7.6],[29.5,-5.8]]]]}},{"type":"Feature","properties":{},"geometry":{"type":"MultiPolygon","coordinates":[[[[60.5,-6],[57.8,-6.9],[54.5,-7.3],[52,-8.9],[50.4,-7.7],[54.9,-5.8],[57.9,-5.6],[60.5,-6]]]]}},{"type":"Feature","properties":{},"geometry":{"type":"MultiPolygon","coordinates":[[[[30.8,1.6],[33.1,-0.5],[33.1,-2.2],[33.1,-3.3],[31.4,-0.9],[28.9,1.2],[30.8,1.6]]]]}},{"type":"Feature","properties":{},"geometry":{"type":"MultiPolygon","coordinates":[[[[-19.6,-5.4],[-19.1,-5.2],[-18.9,-4.9],[-18,-4.4],[-17.3,-3.9],[-17.8,-4.1],[-18.6,-4.2],[-18.9,-4.3],[-18.7,-4.4],[-19.2,-4.7],[-19.5,-4.3],[-19.7,-4],[-19.9,-3.8],[-20.3,-4],[-22.2,-3.1],[-23.6,-2.6],[-23.7,0.7],[-23.8,3.9],[-23,5.1],[-22.2,3.1],[-22.1,2.3],[-22.6,-0.2],[-23.2,-1.9],[-22.2,-2.3],[-20.7,-3.3],[-19.3,-3.6],[-17.5,-3.4],[-16.6,-3.2],[-14.9,-2.4],[-12.2,-3.5],[-10.5,-3.5],[-10.3,-3.8],[-9.9,-3.9],[-9.9,-4.4],[-9.8,-4.6],[-10.2,-4.7],[-10.4,-5.3],[-10.9,-5.7],[-10.8,-6.4],[-11.4,-6.4],[-12.3,-6.3],[-12.9,-6],[-13.7,-5.8],[-14.8,-5.3],[-15.8,-5.8],[-16.7,-5.9],[-17.3,-5.9],[-17.6,-6],[-17.8,-6.1],[-17.9,-5.8],[-18.5,-6],[-19.1,-5.7],[-19.6,-5.4]]]]}},{"type":"Feature","properties":{},"geometry":{"type":"MultiPolygon","coordinates":[[[[-20.3,-3.4],[-20.1,-1.2],[-20.3,0.7],[-21.7,1.5],[-22.2,2.7],[-19.6,0.8],[-19.3,0.1],[-18.9,-0.3],[-18.6,-1.2],[-18.2,-2.2],[-18.6,-3.4],[-20.3,-3.4]]]]}},{"type":"Feature","properties":{},"geometry":{"type":"MultiPolygon","coordinates":[[[[-26.4,13.2],[-24.4,13.6],[-24.2,13.4],[-22.6,12.7],[-22,12.7],[-21.4,12.2],[-21.3,8.1],[-23.1,6.3],[-24.3,8.9],[-25.1,11.1],[-25.2,11.2],[-25.8,12.4],[-26.4,13.2]]]]}},{"type":"Feature","properties":{},"geometry":{"type":"MultiPolygon","coordinates":[[[[-22.2,2.7],[-22.5,3.8],[-23.1,5.3],[-22.3,5.6],[-20.3,6.8],[-19.4,8.3],[-18.7,8.8],[-18.4,8.1],[-18.1,5.6],[-16.9,1.6],[-16.9,-0.7],[-16.9,-1.2],[-17,-2.5],[-17.5,-3.4],[-18.3,-2.1],[-18.8,-0.9],[-18.9,-0.3],[-19.3,0.2],[-20.2,1.3],[-22.2,2.7]]]]}},{"type":"Feature","properties":{},"geometry":{"type":"MultiPolygon","coordinates":[[[[-24.9,5.9],[-21.6,7.4],[-19.1,9.4],[-18.4,9.5],[-18,9.5],[-18.5,9],[-19.3,8.3],[-19.7,7.6],[-21.1,6.1],[-22.9,5.3],[-24.2,5.5],[-24.9,5.9]]]]}},{"type":"Feature","properties":{},"geometry":{"type":"MultiPolygon","coordinates":[[[[143.4,-32.8],[145,-33],[146.1,-32.1],[151.4,-34.8],[148.1,-36.9],[144.9,-36.9],[143.5,-35.4],[143.5,-33.6],[143.4,-32.8]]]]}},{"type":"Feature","properties":{},"geometry":{"type":"MultiPolygon","coordinates":[[[[147.7,-32.2],[150.4,-31.5],[153.7,-29.8],[157,-29.2],[158.6,-28.8],[160.5,-28.4],[162.9,-27.5],[162.8,-28.6],[162.7,-29.3],[162.5,-29.9],[161.9,-31.2],[160.8,-31.7],[159.4,-31.7],[157.7,-31.3],[155.3,-30.3],[153.8,-31.8],[152.4,-33.2],[147.7,-32.2]]]]}},{"type":"Feature","properties":{},"geometry":{"type":"MultiPolygon","coordinates":[[[[116.5,-49.2],[122.1,-46],[119.8,-49],[118.9,-49.9],[117,-49.7],[116.5,-49.2]]]]}},{"type":"Feature","properties":{},"geometry":{"type":"MultiPolygon","coordinates":[[[[122.2,-45.5],[116.5,-49.2],[115.4,-49],[116.3,-46.9],[116.6,-46],[121.9,-45.3],[122.2,-45.5]]]]}},{"type":"Feature","properties":{},"geometry":{"type":"MultiPolygon","coordinates":[[[[115.2,-50.5],[117,-49.7],[118.9,-49.9],[119.8,-49],[122.1,-46],[125,-45],[126.2,-46.7],[126.4,-48.2],[122.7,-52.2],[119,-52.9],[115.8,-50.5],[115.2,-50.5]]]]}},{"type":"Feature","properties":{},"geometry":{"type":"MultiPolygon","coordinates":[[[[122.7,-52.2],[127.4,-53.1],[130.5,-55.6],[135.5,-56.9],[143.6,-57.8],[148.3,-58.7],[152.6,-60.6],[149.8,-60.3],[140.4,-58.5],[132.7,-57.4],[125.2,-53.3],[122.7,-52.2]]]]}},{"type":"Feature","properties":{},"geometry":{"type":"MultiPolygon","coordinates":[[[[139.4,-71.5],[138.6,-75.8],[128.4,-77],[117.5,-74.7],[118.8,-72.4],[124.6,-71.3],[130.9,-70.7],[134.7,-69.6],[139.6,-70],[139.4,-71.5]]]]}},{"type":"Feature","properties":{},"geometry":{"type":"MultiPolygon","coordinates":[[[[138.7,-73.5],[139.8,-69.7],[140,-65.3],[143.4,-63.4],[144.4,-63.6],[145.1,-64.1],[144.8,-63.2],[144.8,-63],[147.7,-61.6],[151.7,-62.5],[151.7,-68.6],[149.9,-68.9],[148.5,-70.1],[148.5,-72.1],[147.6,-72],[146.7,-72.3],[145.2,-73.1],[146.1,-73.6],[144.7,-74.1],[143.9,-74.7],[142.5,-75.8],[138.9,-75.3],[138.7,-73.5]]]]}},{"type":"Feature","properties":{},"geometry":{"type":"MultiPolygon","coordinates":[[[[154.8,-77.8],[158.3,-76.5],[159.8,-75.5],[163.1,-73.4],[165.8,-72.5],[164.5,-74.3],[162.6,-75.3],[160.1,-76.4],[158.4,-77.4],[153.3,-78.6],[154.8,-77.8]]]]}},{"type":"Feature","properties":{},"geometry":{"type":"MultiPolygon","coordinates":[[[[180,-80.4],[166.8,-86.2],[101.6,-85.4],[97.9,-85.1],[104.2,-81.8],[123.3,-80.1],[135.2,-77.4],[142.6,-76.2],[144,-76.3],[146.3,-76.7],[148.2,-77.3],[152,-78.1],[153.4,-78.6],[159.4,-77.7],[160.2,-78.1],[162.4,-77.9],[164.5,-76.7],[166.2,-77.2],[167.1,-76.9],[168.6,-77.3],[169.2,-77.2],[171.8,-77.9],[180,-80.4]]]]}},{"type":"Feature","properties":{},"geometry":{"type":"MultiPolygon","coordinates":[[[[-180,-85.8],[-179.3,-80.6],[-160.9,-83.3],[-180,-85.8]]]]}},{"type":"Feature","properties":{},"geometry":{"type":"MultiPolygon","coordinates":[[[[161.1,-52.5],[162.4,-50],[162.2,-49.6],[162.2,-49.3],[164.2,-47.9],[165.6,-44.1],[165.6,-40.2],[168.1,-41.2],[170.1,-43.3],[168.1,-48.1],[168.2,-51.5],[167.3,-53.8],[164.2,-53.1],[161.1,-52.5]]]]}},{"type":"Feature","properties":{},"geometry":{"type":"MultiPolygon","coordinates":[[[[-174.5,-55.4],[-175.5,-51.3],[-167.9,-51.5],[-161.1,-50.7],[-157.9,-48.9],[-155.9,-48.1],[-156.5,-50.9],[-151.8,-49.3],[-149.5,-46],[-146,-46.1],[-146.3,-47.9],[-146.7,-50.1],[-147.3,-51.9],[-147.5,-51.9],[-147.8,-51.9],[-148.3,-52.3],[-149.2,-52.7],[-152.1,-53],[-152.8,-52.6],[-152.3,-53.1],[-152.7,-53.3],[-154,-53.3],[-154.5,-53.6],[-156.1,-54.5],[-155.9,-54.5],[-156.8,-55.1],[-156.9,-55.3],[-158,-56.1],[-158.2,-56.1],[-160.4,-56.8],[-161.1,-56.8],[-161.3,-56.9],[-161.8,-56.9],[-162.5,-57],[-163.2,-57],[-164.5,-56.8],[-166,-56.5],[-166.9,-56.2],[-168.4,-56.6],[-169.1,-56.2],[-169.1,-55.7],[-169.3,-54.9],[-169.1,-54.4],[-169.5,-53.1],[-169.1,-52.3],[-170.4,-53.5],[-170.7,-54],[-171.6,-53.7],[-172.3,-53.6],[-172.6,-54],[-173.2,-54.1],[-173.5,-54.5],[-173.8,-54],[-174.1,-53.9],[-173.8,-54.5],[-174.1,-55.2],[-174.5,-55.4]]]]}},{"type":"Feature","properties":{},"geometry":{"type":"MultiPolygon","coordinates":[[[[-173.9,-55.9],[-174,-55.5],[-173.8,-55.9],[-173.9,-55.9]]]]}},{"type":"Feature","properties":{},"geometry":{"type":"MultiPolygon","coordinates":[[[[-171.2,-55.4],[-172.2,-55.9],[-173.2,-55.8],[-173.5,-55.3],[-173.4,-55.1],[-173.5,-55],[-173.5,-54.8],[-173.1,-54.6],[-172.9,-54.5],[-172.9,-54.2],[-171.9,-53.6],[-171.2,-54.1],[-170.5,-54.2],[-170.6,-54.4],[-170.4,-54.5],[-170,-54.6],[-170.2,-55],[-171.2,-55.4]]]]}},{"type":"Feature","properties":{},"geometry":{"type":"MultiPolygon","coordinates":[[[[-169.8,-54],[-169.9,-52.9],[-169.6,-53.4],[-169.6,-53.9],[-169.8,-54]]]]}},{"type":"Feature","properties":{},"geometry":{"type":"MultiPolygon","coordinates":[[[[180,-48.1],[180,-54.8],[178.8,-56.4],[178.6,-56.1],[178.7,-56.2],[176,-56.9],[175.2,-57.9],[175,-58.1],[174.1,-57.9],[171.9,-56.8],[174.2,-51.2],[176.7,-47],[176.6,-42.2],[176.5,-39.1],[176.1,-31.4],[178.7,-28.6],[180,-31.1],[179.7,-35.6],[180,-40.7],[177.9,-44.4],[178.5,-46.3],[180,-48.1]]]]}},{"type":"Feature","properties":{},"geometry":{"type":"MultiPolygon","coordinates":[[[[-180,-35.3],[-178.7,-31.2],[-176.1,-29],[-174.4,-26.2],[-170.5,-32.3],[-173.5,-33.1],[-179.4,-34.6],[-180,-35.3]]]]}},{"type":"Feature","properties":{},"geometry":{"type":"MultiPolygon","coordinates":[[[[-180,-42.3],[-180,-36],[-178,-37.8],[-178,-40.4],[-180,-42.3]]]]}},{"type":"Feature","properties":{},"geometry":{"type":"MultiPolygon","coordinates":[[[[-180,-56.5],[-180,-49.8],[-178.9,-49.8],[-177.9,-52.1],[-174.5,-55.4],[-173.8,-56],[-174.1,-56.1],[-174.2,-56.3],[-174.5,-56.4],[-174.8,-56.5],[-174.7,-56.5],[-175,-56.6],[-175.2,-56.8],[-175.6,-56.7],[-175.9,-56.8],[-176.1,-56.8],[-176.2,-56.8],[-180,-56.5]]]]}},{"type":"Feature","properties":{},"geometry":{"type":"MultiPolygon","coordinates":[[[[161,-52.5],[161,-52.2],[161.9,-50.4],[162.4,-50.4],[162.2,-50.1],[161.1,-52.5],[161,-52.5]]]]}},{"type":"Feature","properties":{},"geometry":{"type":"MultiPolygon","coordinates":[[[[176.2,-43.7],[175.9,-42.2],[172.3,-40.2],[169,-40.2],[165.6,-40.2],[165.6,-44.1],[164.2,-47.9],[161.9,-49.2],[161.8,-49],[161.1,-47.7],[160.3,-45.8],[160.7,-45.2],[160.5,-43.3],[160.5,-42.9],[160.8,-42.3],[161.4,-40.3],[161.2,-39.8],[162.5,-39.7],[162.5,-39.5],[163.6,-39],[163.9,-39],[164,-38.7],[163.9,-38.7],[164.3,-38.4],[164.6,-38],[165.2,-37.4],[165.4,-37.3],[166.5,-35.7],[166.5,-35.5],[166.7,-35.4],[166.7,-35.3],[166.9,-35],[166.4,-34.5],[166.3,-34.3],[166,-33.8],[165.7,-33.4],[165.5,-33],[165.5,-32.4],[169.1,-31.6],[174.6,-29.9],[176.3,-35.2],[176.5,-39],[175.4,-37.3],[175.5,-35],[175.1,-32.7],[175.4,-30.8],[173.6,-30.7],[173.1,-33.3],[171.9,-35.7],[170.6,-37.4],[169.4,-38.9],[172,-39.4],[174.4,-40.2],[176.6,-39.8],[176.6,-44.8],[176.2,-43.7]]]]}},{"type":"Feature","properties":{},"geometry":{"type":"MultiPolygon","coordinates":[[[[-170.5,-32.3],[-174.4,-26.2],[-171.7,-26.5],[-169.7,-27.9],[-167.9,-28],[-166.2,-27.6],[-163.5,-26.5],[-162.8,-26.6],[-161.8,-26.5],[-161.3,-26.5],[-159.7,-27],[-158.5,-27.1],[-156.7,-27.2],[-155.8,-27.4],[-155.6,-27.5],[-154.7,-27.6],[-152.5,-27.5],[-151,-27.2],[-150.7,-27.4],[-150,-27.5],[-149.1,-28.9],[-149,-29.3],[-148.5,-29.9],[-148.1,-30.4],[-147.3,-32],[-148,-32.5],[-152.2,-30.6],[-155.7,-31.4],[-159.6,-30.5],[-161.8,-30.5],[-164.6,-31.6],[-168.5,-32.8],[-170.5,-32.3]]]]}},{"type":"Feature","properties":{},"geometry":{"type":"MultiPolygon","coordinates":[[[[180,-17.1],[177.1,-17.2],[173.6,-16],[170.9,-16.1],[173.5,-19.2],[171,-18.4],[168.5,-17.5],[168.5,-17.3],[172,-15.2],[176.2,-12.1],[176.5,-12.5],[176.7,-13],[176.8,-13.1],[177.5,-14.1],[177.6,-14.6],[178.5,-15.7],[179.2,-16.5],[179.7,-16.9],[180,-17.1]]]]}},{"type":"Feature","properties":{},"geometry":{"type":"MultiPolygon","coordinates":[[[[-180,-19.9],[-177.9,-19.1],[-177.9,-19.5],[-177.2,-20],[-176.8,-20.8],[-176,-21.7],[-175.6,-22.5],[-175.1,-22.9],[-173.7,-24.3],[-173.4,-24.5],[-173.2,-24.9],[-175.5,-26.6],[-178.4,-23.9],[-179.8,-21.6],[-179.3,-20.8],[-180,-19.9]]]]}},{"type":"Feature","properties":{},"geometry":{"type":"MultiPolygon","coordinates":[[[[174.6,-29.9],[169.1,-31.6],[165.4,-32.3],[165.4,-32.2],[165.7,-29.9],[166.5,-28.1],[166.2,-28.3],[166,-28.6],[166,-29.2],[165.9,-29.9],[166.1,-30],[166.4,-29.9],[166.6,-29.7],[166.5,-29.4],[166.3,-29],[166.5,-28.7],[166.7,-28.3],[166.4,-28],[166.4,-27.8],[166.2,-26.8],[166.5,-25.2],[167.1,-24.2],[167.7,-26.5],[169,-27.4],[170.1,-27.3],[171.7,-27.4],[172.4,-26.9],[175.3,-26.1],[175.4,-23.1],[173.7,-19.9],[175.2,-21.3],[178.5,-27.1],[176.1,-29.5],[174.6,-29.9]]]]}},{"type":"Feature","properties":{},"geometry":{"type":"MultiPolygon","coordinates":[[[[172.4,-26.4],[169,-25.8],[167.4,-24.1],[168.3,-23.6],[168.2,-23.7],[169.8,-23.4],[170.7,-24.3],[170.5,-23.6],[170.4,-23.4],[170.1,-23.3],[170.1,-23],[168.4,-22.8],[167.7,-22.1],[167.5,-22.1],[173.1,-20.5],[176,-25.5],[172.4,-26.4]]]]}},{"type":"Feature","properties":{},"geometry":{"type":"MultiPolygon","coordinates":[[[[-112.9,3.9],[-114.4,3.6],[-116.2,3.4],[-116.9,2.9],[-117.3,2.7],[-117.7,3],[-118.4,3.6],[-117.8,4.6],[-118.3,5.8],[-119,7],[-119.1,7.5],[-118.1,8.1],[-116.6,8.1],[-115.4,7.8],[-114.7,7.5],[-113.7,7],[-113.3,6.5],[-112.2,5.8],[-112.3,5.2],[-112.8,4.3],[-112.9,3.9]]]]}},{"type":"Feature","properties":{},"geometry":{"type":"MultiPolygon","coordinates":[[[[-107.2,-3.7],[-109,-2],[-109.5,-0.9],[-109.6,0.3],[-107.9,-1.2],[-107.7,-2.1],[-107.9,-2.3],[-107.2,-3.7]]]]}},{"type":"Feature","properties":{},"geometry":{"type":"MultiPolygon","coordinates":[[[[-89.5,8],[-88.8,7.6],[-88.7,7.5],[-88.5,7.4],[-88.1,7.3],[-88.3,7.5],[-86.7,7.9],[-85.6,7.6],[-84.9,7.5],[-84.8,7.3],[-85.1,7.4],[-85.2,7.4],[-85.6,7.4],[-85.8,7.4],[-86,7.6],[-86,7.5],[-86,7.2],[-86.5,7.3],[-86.2,7.1],[-86.5,6.9],[-86.8,6.7],[-87,6.5],[-87.7,6.4],[-87.9,7.2],[-88.2,6.8],[-87.9,6.5],[-88,6.2],[-88,5.8],[-88.9,6],[-88.8,6.4],[-88.9,6.4],[-89.1,6.7],[-89.2,7],[-89.5,7.2],[-89.5,7.3],[-89.7,7.3],[-89.8,7.6],[-89.6,7.7],[-89.5,8]]]]}},{"type":"Feature","properties":{},"geometry":{"type":"MultiPolygon","coordinates":[[[[-90.6,8.6],[-90,8],[-90,7.6],[-90.3,8.1],[-90.4,7.9],[-90.6,7.8],[-90.3,7.7],[-90.4,7.4],[-90.6,7.3],[-90.4,7],[-90.4,6.6],[-90,6.5],[-89.8,6.4],[-89.3,5.9],[-89.2,5.4],[-89.6,5.1],[-89.7,4.9],[-90.3,5.1],[-90.4,5.4],[-90.6,5.5],[-90.8,6],[-91.1,6.1],[-91.2,6.3],[-91.4,6.5],[-91.2,6.8],[-91.6,7.1],[-91.6,7.3],[-91.4,7.7],[-90.9,7.9],[-90.5,8.6],[-90.6,8.6]]]]}},{"type":"Feature","properties":{},"geometry":{"type":"MultiPolygon","coordinates":[[[[-91.9,9.7],[-91.4,9.2],[-91.6,9.1],[-91.8,9.1],[-91.9,9],[-92,9.1],[-92.3,9.3],[-92.4,9.4],[-92.1,9.7],[-91.9,9.7]]]]}},{"type":"Feature","properties":{},"geometry":{"type":"MultiPolygon","coordinates":[[[[-91.2,8.4],[-92.1,8.1],[-92.1,8.4],[-92,8.6],[-91.6,8.6],[-91.3,8.6],[-91.2,8.4]]]]}},{"type":"Feature","properties":{},"geometry":{"type":"MultiPolygon","coordinates":[[[[-115.7,11.6],[-114.9,12.7],[-114.3,12.8],[-112.9,12.3],[-112.6,12.1],[-111.3,11.3],[-114,11.9],[-115.7,11.6]]]]}},{"type":"Feature","properties":{},"geometry":{"type":"MultiPolygon","coordinates":[[[[-118.9,0.2],[-122.2,-1.2],[-124.5,-1.7],[-126.1,-1.1],[-127,0.7],[-128.3,2.7],[-129.1,3.9],[-130.6,5.9],[-129.8,7.4],[-127.9,6],[-126.5,5.3],[-124.9,3.8],[-124.5,4.1],[-124.2,4.7],[-123.5,4.9],[-122.1,4.5],[-121.6,4.7],[-120.6,3.8],[-118.6,2.7],[-117.2,2.2],[-117.3,2],[-118,1.1],[-118.9,0.2]]]]}},{"type":"Feature","properties":{},"geometry":{"type":"MultiPolygon","coordinates":[[[[-108.7,-17.5],[-108.9,-17.1],[-109.6,-17.2],[-109.9,-17.1],[-110.8,-17.2],[-111.4,-17.4],[-112.1,-17.6],[-112.4,-17.7],[-112.5,-17.7],[-112.7,-17.7],[-114.2,-16.7],[-113.6,-17.6],[-115.2,-18.3],[-116.5,-18.6],[-119.9,-18.7],[-124,-18.7],[-127.1,-18.6],[-128.7,-17.6],[-128.7,-15.2],[-128.7,-11.6],[-130.6,-11.2],[-133.1,-12.1],[-134,-11.9],[-133.5,-10.3],[-133.6,-9.2],[-133.9,-8.4],[-134.6,-7.5],[-135,-7.3],[-135.1,-7],[-135.3,-7.1],[-135.8,-7.3],[-136.4,-7],[-137,-7],[-136.2,-6.2],[-135.3,-4.7],[-135.1,-3.8],[-133.3,-5.5],[-132.9,-6.4],[-130.6,-7.3],[-129.5,-8.7],[-127.9,-11],[-125.4,-12.4],[-122.9,-12.8],[-119.3,-14.3],[-116,-15],[-115.4,-15.6],[-113.8,-14.5],[-113.8,-15],[-113.8,-15.2],[-113.7,-15.8],[-113.4,-15.8],[-113.2,-15.7],[-113,-15.3],[-113,-15],[-112.3,-15.1],[-112.4,-15.3],[-112,-15],[-111.5,-15.1],[-110.9,-15.5],[-110.8,-15.6],[-110.6,-15.6],[-109.8,-15.6],[-109.2,-15.9],[-109.1,-16.2],[-109,-16.7],[-108.8,-16.7],[-108.4,-17.1],[-108.7,-17.5]]]]}},{"type":"Feature","properties":{},"geometry":{"type":"MultiPolygon","coordinates":[[[[-115.6,-12.5],[-116.5,-13.6],[-118.5,-14.5],[-121.5,-13.5],[-125.2,-12.5],[-126.9,-11.7],[-128.5,-9.3],[-127.9,-7.7],[-125.7,-7.9],[-124,-8.2],[-123.1,-8.3],[-122.1,-8.9],[-120.3,-9.5],[-117,-11.2],[-116.6,-11.4],[-117.5,-11.8],[-119,-12.6],[-118.8,-13.6],[-117.5,-13],[-117.1,-12.6],[-116.1,-12.3],[-115.9,-12.5],[-115.7,-12.5],[-115.6,-12.5]]]]}},{"type":"Feature","properties":{},"geometry":{"type":"MultiPolygon","coordinates":[[[[-126,-7.9],[-130.6,-7.3],[-132.9,-6.4],[-133.3,-5.5],[-135.1,-3.8],[-134.9,-3.1],[-135.3,-1.4],[-135.2,-0.4],[-134.6,0.7],[-133.9,0.4],[-132.6,-0.9],[-131.2,-2.1],[-131.4,-3],[-128.2,-5.9],[-126.2,-7.2],[-125.7,-7.8],[-126,-7.9]]]]}},{"type":"Feature","properties":{},"geometry":{"type":"MultiPolygon","coordinates":[[[[-94,-4.4],[-93.9,-5.2],[-94.2,-5],[-94.4,-4.9],[-94.3,-5.1],[-94.5,-5.2],[-94.4,-5.4],[-94.3,-5.5],[-94.3,-5.6],[-94.9,-5.8],[-96.9,-4.8],[-97.1,-4.6],[-96.7,-4.3],[-96.9,-4.3],[-96.8,-4.2],[-97.1,-4.3],[-97.2,-4.3],[-97,-4.2],[-96.9,-4],[-97.1,-3.8],[-97.1,-4],[-97.4,-4],[-97.6,-3.7],[-97.8,-3.5],[-98,-3.4],[-98.2,-3.2],[-98.2,-3.1],[-98.1,-2.7],[-97.5,-2.7],[-97.2,-2.5],[-96.9,-3.2],[-96.6,-3.3],[-96.1,-3.5],[-94.9,-3.3],[-94.5,-2.9],[-94,-4.4]]]]}},{"type":"Feature","properties":{},"geometry":{"type":"MultiPolygon","coordinates":[[[[-95,-1.8],[-95.8,-1.5],[-95.1,-1.4],[-95,-1.8]]]]}},{"type":"Feature","properties":{},"geometry":{"type":"MultiPolygon","coordinates":[[[[-92.9,-6.3],[-93.1,-6.5],[-93.2,-6.6],[-93.3,-6.8],[-93.4,-6.9],[-93.5,-7],[-93.5,-6.8],[-93.5,-6.6],[-93.6,-6.5],[-93.7,-6.4],[-93.7,-6.3],[-93.5,-6.1],[-93.7,-6],[-93.6,-5.8],[-92.9,-6.3]]]]}},{"type":"Feature","properties":{},"geometry":{"type":"MultiPolygon","coordinates":[[[[-92.7,-6.5],[-92.8,-6.7],[-92.8,-6.5],[-92.7,-6.5]]]]}},{"type":"Feature","properties":{},"geometry":{"type":"MultiPolygon","coordinates":[[[[-95.5,-8.3],[-95.4,-8.1],[-95.6,-8],[-95.4,-7.8],[-94.5,-5.6],[-94.6,-5.9],[-94.6,-6],[-94.4,-6.1],[-94.4,-6.3],[-94.6,-6.4],[-94.5,-6.4],[-94.5,-6.5],[-94.3,-6.4],[-94.3,-6.5],[-94.3,-6.8],[-94.6,-6.8],[-94.6,-7.2],[-94.6,-7.3],[-94.7,-7.4],[-94.8,-7.9],[-94.9,-7.9],[-94.8,-7.3],[-95,-7.7],[-95,-7.9],[-95.1,-8],[-95.1,-8.2],[-95.5,-8.3]]]]}},{"type":"Feature","properties":{},"geometry":{"type":"MultiPolygon","coordinates":[[[[-94.2,-6.6],[-94.2,-6.7],[-94.4,-6.7],[-94.2,-6.6]]]]}},{"type":"Feature","properties":{},"geometry":{"type":"MultiPolygon","coordinates":[[[[-64,-28.4],[-64,-28.8],[-64.1,-29.2],[-64.1,-29.3],[-64.1,-29.5],[-63.8,-29.6],[-64.1,-29.8],[-64.3,-30.1],[-64.7,-30.2],[-64.7,-30.5],[-64.7,-30.7],[-65.4,-30.5],[-65.6,-30.1],[-65.3,-29.3],[-64.8,-28.8],[-64.3,-28.4],[-63.9,-28.3],[-64,-28.4]]]]}},{"type":"Feature","properties":{},"geometry":{"type":"MultiPolygon","coordinates":[[[[-61.6,-30.5],[-62.3,-30.7],[-62.4,-30.4],[-61.6,-30.5]]]]}},{"type":"Feature","properties":{},"geometry":{"type":"MultiPolygon","coordinates":[[[[-62.9,-29.9],[-62.7,-30],[-62.7,-30.5],[-63,-30.6],[-63.1,-31],[-63.2,-31.3],[-63.4,-30.9],[-63.4,-30.8],[-63.8,-30.5],[-63.9,-30.3],[-63.4,-30.1],[-63.3,-30.1],[-63.4,-30.3],[-63.2,-30.4],[-63.2,-30.1],[-62.9,-29.9]]]]}},{"type":"Feature","properties":{},"geometry":{"type":"MultiPolygon","coordinates":[[[[-64,-30.5],[-64.5,-30.9],[-64.7,-30.5],[-64.5,-30.4],[-64.2,-30.5],[-64.1,-30.5],[-64,-30.5]]]]}},{"type":"Feature","properties":{},"geometry":{"type":"MultiPolygon","coordinates":[[[[-63.5,-31.4],[-63.9,-31.2],[-63.5,-31.2],[-63.5,-31.4]]]]}},{"type":"Feature","properties":{},"geometry":{"type":"MultiPolygon","coordinates":[[[[-62.2,-31.4],[-62,-31.7],[-62.2,-31.7],[-62.4,-31.7],[-62.3,-31.5],[-62.2,-31.5],[-62.4,-31.5],[-62.2,-31.4]]]]}},{"type":"Feature","properties":{},"geometry":{"type":"MultiPolygon","coordinates":[[[[146,-30.7],[147.9,-30.2],[149,-30],[152.5,-28.8],[155.4,-28.5],[157.8,-28.6],[159.8,-27.8],[161.3,-27.6],[160.7,-26.4],[159.8,-24.8],[159.8,-24.1],[162.2,-26.1],[162.8,-27.1],[162.2,-27.9],[159.9,-28.4],[158.2,-28.9],[156.3,-29.3],[153.1,-30],[149.5,-32],[147.5,-32.1],[146,-30.7]]]]}},{"type":"Feature","properties":{},"geometry":{"type":"MultiPolygon","coordinates":[[[[138.2,-29.6],[141,-28.6],[141.1,-28.1],[141.5,-28.2],[142,-28.8],[143,-29.3],[144.5,-30.3],[145,-30.6],[147.1,-32],[145.8,-32.1],[144,-31.6],[141.3,-31.6],[137.9,-31.2],[138.2,-30],[138.4,-29.4],[138.2,-29.6]]]]}},{"type":"Feature","properties":{},"geometry":{"type":"MultiPolygon","coordinates":[[[[94,-61.5],[95.4,-60.3],[96.1,-60],[97.1,-59.5],[100,-56.6],[100.9,-56.7],[101.8,-55.3],[102.2,-55],[105.1,-55.5],[103.6,-56.8],[102.8,-58.9],[94.4,-62.1],[94,-61.5]]]]}},{"type":"Feature","properties":{},"geometry":{"type":"MultiPolygon","coordinates":[[[[96.9,-54.6],[99,-52.7],[100,-52.2],[102.9,-52.8],[104,-53.2],[103.7,-53.2],[102.8,-53.5],[102.6,-53.7],[101.4,-55],[101,-55.3],[99.4,-55.2],[98.6,-56.1],[97.3,-55],[96.9,-54.6]]]]}},{"type":"Feature","properties":{},"geometry":{"type":"MultiPolygon","coordinates":[[[[79.3,-65.5],[79.6,-65.8],[78.9,-66.2],[79.3,-65.5]]]]}},{"type":"Feature","properties":{},"geometry":{"type":"MultiPolygon","coordinates":[[[[91.4,-62.3],[90.7,-62.4],[89.7,-62.6],[91.2,-62.3],[91.4,-62.3]]]]}},{"type":"Feature","properties":{},"geometry":{"type":"MultiPolygon","coordinates":[[[[88.9,-61.5],[89.5,-62.1],[89.2,-62],[89.1,-61.7],[88.9,-61.5]]]]}},{"type":"Feature","properties":{},"geometry":{"type":"MultiPolygon","coordinates":[[[[91.5,-62.2],[92.3,-62],[93.9,-61.5],[96,-64.2],[100,-67],[104.8,-71.2],[105,-74.6],[115.8,-77.7],[134.3,-77.5],[117.7,-80.5],[104.9,-80.7],[104.6,-80.4],[105.2,-80],[105.2,-79.9],[103.4,-78],[103.2,-76.4],[104.6,-74.9],[103.2,-72.4],[98.1,-72.8],[94.1,-71.9],[93.1,-70.5],[94.1,-70.2],[94.3,-68.4],[93,-66.7],[93.1,-66.1],[91,-64.5],[90.6,-64.3],[90.6,-64.1],[90,-63.8],[89.8,-63.3],[90.1,-63],[90,-62.7],[89.7,-62.8],[90.6,-62.5],[91.1,-62.4],[91.5,-62.2]]]]}},{"type":"Feature","properties":{},"geometry":{"type":"MultiPolygon","coordinates":[[[[79.3,-62.1],[81.5,-62.7],[82.2,-63.3],[81.6,-63.7],[80.4,-62.8],[79.3,-62.1]]]]}},{"type":"Feature","properties":{},"geometry":{"type":"MultiPolygon","coordinates":[[[[75.6,-73.6],[76.9,-73.6],[76.6,-73.7],[75.6,-73.6]]]]}},{"type":"Feature","properties":{},"geometry":{"type":"MultiPolygon","coordinates":[[[[105.3,-57.7],[107.9,-58],[108.6,-58.7],[110.3,-58.7],[112.6,-59.1],[107.7,-59.3],[97.4,-61.5],[99.2,-60.3],[105.3,-57.7]]]]}},{"type":"Feature","properties":{},"geometry":{"type":"MultiPolygon","coordinates":[[[[107.8,-46.3],[107.7,-45.7],[108.1,-44.8],[108.2,-43.9],[108.7,-43.9],[109.6,-44.2],[109.1,-43.7],[111.9,-43.2],[112.5,-43.5],[114.4,-44],[113.7,-44.7],[112.8,-45.2],[112.1,-45.8],[111.7,-46.3],[110.5,-46.8],[109.3,-47.4],[107.8,-46.3]]]]}},{"type":"Feature","properties":{},"geometry":{"type":"MultiPolygon","coordinates":[[[[107.8,-46.3],[108.2,-48.4],[107.7,-48.4],[107.8,-47.9],[107.7,-47.7],[107.8,-46.3]]]]}},{"type":"Feature","properties":{},"geometry":{"type":"MultiPolygon","coordinates":[[[[107.3,-48.5],[107.1,-48.5],[107.4,-48.7],[107.2,-48.7],[107.3,-48.5]]]]}},{"type":"Feature","properties":{},"geometry":{"type":"MultiPolygon","coordinates":[[[[180,-69.1],[180,-76.6],[173.5,-78.4],[173.8,-75.7],[174.6,-74.1],[177.3,-70.9],[177.1,-69.2],[178.1,-69.2],[180,-69.1]]]]}},{"type":"Feature","properties":{},"geometry":{"type":"MultiPolygon","coordinates":[[[[-180,-80.4],[-180,-72.9],[-177.5,-68.4],[-175.5,-67.2],[-174,-66.5],[-169.9,-64.8],[-168.8,-65.2],[-167.2,-66.7],[-160.5,-69.3],[-153.3,-67.7],[-153.3,-66.5],[-148.5,-68.2],[-146.1,-68.9],[-152,-72.8],[-161.5,-77],[-173.2,-77.7],[-168.9,-78.9],[-153.5,-78],[-140.1,-74.1],[-138.9,-76.7],[-145.6,-79.2],[-158.6,-82.3],[-175.4,-81.4],[-180,-80.4]]]]}},{"type":"Feature","properties":{},"geometry":{"type":"MultiPolygon","coordinates":[[[[180,-57.7],[180,-65.3],[178.1,-69.2],[173.4,-67.9],[172.2,-66.6],[169.8,-64.7],[173.8,-62.3],[174.7,-59.6],[174.7,-60],[174.6,-60.4],[174.7,-60.6],[174.9,-60.8],[174.7,-61],[174.9,-61.2],[175,-61.7],[174.9,-61.2],[175.3,-60.9],[175.3,-60.6],[176,-61],[176.1,-61],[176.8,-61.5],[177.1,-61.5],[177.5,-61.6],[177.8,-61.8],[177.5,-61.5],[178.9,-61.4],[177.7,-61.5],[176.5,-61],[176,-60.9],[175.7,-60.8],[175.5,-60.6],[175.3,-60.4],[175.8,-60.4],[175.3,-60.4],[175.1,-60],[175.2,-59.8],[175.5,-59.7],[175.7,-59.6],[176.3,-59.6],[176.5,-59.5],[175.1,-59.3],[176.8,-58],[179.7,-57.7],[180,-57.7]]]]}},{"type":"Feature","properties":{},"geometry":{"type":"MultiPolygon","coordinates":[[[[-180,-69.1],[-180,-61.5],[-177.8,-57.9],[-177.2,-57.8],[-173.5,-57.2],[-171.2,-56.4],[-170.5,-57.1],[-170.6,-59.9],[-165.1,-61.6],[-159.2,-60.4],[-154.8,-65.9],[-153.8,-68.2],[-163.8,-68.8],[-167.8,-66.5],[-168.3,-64.8],[-171.6,-65],[-173.9,-67.1],[-175.4,-67.5],[-178.7,-69],[-180,-69.1]]]]}},{"type":"Feature","properties":{},"geometry":{"type":"MultiPolygon","coordinates":[[[[167.3,-22.7],[167,-21.5],[167.7,-19.4],[171.2,-19.2],[170.8,-21.8],[167.3,-22.7]]]]}},{"type":"Feature","properties":{},"geometry":{"type":"MultiPolygon","coordinates":[[[[-149.5,-46],[-154.4,-46.1],[-159,-47.1],[-162.6,-45.6],[-169.3,-45.6],[-175.1,-46.7],[-177.1,-44.8],[-175,-43.8],[-171.2,-42.7],[-166.1,-41.2],[-167.7,-42.9],[-166.5,-42.9],[-165.3,-42.5],[-164.3,-41.1],[-155.9,-41.1],[-151.3,-41.5],[-149.2,-41.9],[-148.1,-43.1],[-146.7,-44.6],[-148.9,-45.9],[-149.5,-46]]]]}},{"type":"Feature","properties":{},"geometry":{"type":"MultiPolygon","coordinates":[[[[158.9,-56.2],[164.3,-54.5],[169.6,-53.7],[167.5,-55.4],[161.7,-56.8],[159.8,-57.4],[159.5,-57.1],[159.2,-56.7],[158.9,-56.2]]]]}},{"type":"Feature","properties":{},"geometry":{"type":"MultiPolygon","coordinates":[[[[-133.6,4.2],[-135.6,4.4],[-135,6.1],[-134.6,6.6],[-133.9,5.9],[-133.5,4.4],[-133.6,4.2]]]]}},{"type":"Feature","properties":{},"geometry":{"type":"MultiPolygon","coordinates":[[[[-134.5,1.1],[-135.5,1.9],[-136.2,1.4],[-136.6,2.3],[-136,3.5],[-133.6,4],[-134.1,3.2],[-134.5,1.9],[-134.5,1.1]]]]}},{"type":"Feature","properties":{},"geometry":{"type":"MultiPolygon","coordinates":[[[[-114.4,8],[-115.3,9.2],[-112.1,10.9],[-109.9,10.5],[-108.3,9.3],[-107.6,8.8],[-108,8.8],[-109.8,9.4],[-111.9,9.4],[-114.2,8.2],[-114.4,8]]]]}},{"type":"Feature","properties":{},"geometry":{"type":"MultiPolygon","coordinates":[[[[-115.8,-11.1],[-116.9,-11.2],[-119.6,-9.9],[-121.5,-9.4],[-120.9,-9],[-119.7,-8.9],[-119.2,-8.5],[-117.5,-8.2],[-117.2,-8.7],[-116.3,-9.8],[-115.9,-10.9],[-115.8,-11.1]]]]}},{"type":"Feature","properties":{},"geometry":{"type":"MultiPolygon","coordinates":[[[[-124.9,-7.8],[-127.6,-6.2],[-130.1,-4.4],[-131.5,-2.4],[-131.6,-1.5],[-133.1,-0.4],[-134.5,1.1],[-134.5,1.9],[-134.1,3.2],[-133.6,4],[-130.2,5.3],[-129,3.7],[-128,3.1],[-126.8,0.2],[-125.4,-1.5],[-124.7,-2],[-123.3,-3],[-122.5,-4.8],[-122.5,-5.7],[-122.3,-6.4],[-120.8,-7.3],[-120.3,-8.5],[-122.9,-7.9],[-123.9,-7.6],[-124.9,-7.8]]]]}},{"type":"Feature","properties":{},"geometry":{"type":"MultiPolygon","coordinates":[[[[-180,-31.1],[-177.3,-27.2],[-176.5,-30.5],[-180,-31.1]]]]}},{"type":"Feature","properties":{},"geometry":{"type":"MultiPolygon","coordinates":[[[[180,-25.6],[178.5,-27.1],[175.2,-21.3],[175,-19.7],[178.9,-24.1],[180,-25.6]]]]}},{"type":"Feature","properties":{},"geometry":{"type":"MultiPolygon","coordinates":[[[[-92.5,-4.9],[-93.4,-4.2],[-94.3,-2.4],[-94.2,-2.2],[-94.1,-1.6],[-94.1,-1.4],[-94.1,-1.1],[-94,-1],[-94.2,-0.8],[-94.2,-0.6],[-94,-0.3],[-93.7,-0.2],[-94,0.1],[-93.8,0.2],[-94,0.3],[-93.7,0.9],[-93.6,1],[-93.6,1.1],[-93.6,1.2],[-93.9,1.2],[-94.3,0.9],[-94.3,1.2],[-94.6,1.5],[-94.8,1.6],[-94.9,1.7],[-95.1,2.5],[-95.3,2.7],[-95,3.2],[-95.2,3.2],[-95.3,3.2],[-95.5,3.6],[-95.2,4.2],[-94.8,3.6],[-94.3,3.2],[-94.3,3.1],[-94,3.1],[-93.8,3.4],[-93.7,3.8],[-93.3,3.5],[-93.2,3.5],[-93.1,3.7],[-92.7,4.1],[-92.6,4.2],[-92.5,4.2],[-92.3,4.2],[-92.1,4],[-91.7,3.9],[-91.8,3.1],[-92.3,2.7],[-92.8,2.6],[-92.7,2.4],[-92.5,2.3],[-92.4,2.3],[-92.2,2.2],[-92.3,2.1],[-92.4,1.8],[-92.3,2.1],[-92,1.8],[-92,2.2],[-91.5,1.9],[-91.3,1.4],[-91.8,1.3],[-91.8,1.2],[-92,0.9],[-92.1,0.7],[-92.3,0.5],[-91.7,0.7],[-91.6,0.6],[-91.9,0.4],[-91.9,0.3],[-91.8,0.2],[-91.4,0.3],[-91.7,-0.2],[-92.2,-0.5],[-91.6,-0.5],[-91.7,-0.8],[-92.2,-0.7],[-91.9,-0.8],[-91.4,-1],[-91.7,-1.1],[-91.3,-1.1],[-91.5,-1.6],[-92,-1.6],[-91.8,-1.5],[-92.1,-1.7],[-91.8,-1.8],[-91.5,-1.8],[-91.5,-2.4],[-92.2,-2],[-91.9,-2.4],[-92,-2.7],[-92.2,-2.2],[-92.4,-2.4],[-92.2,-2.5],[-92.2,-2.7],[-92.5,-2.7],[-92.7,-2.5],[-92.6,-2.8],[-92.6,-3.2],[-92.4,-3.2],[-92.3,-3.3],[-92.7,-3.3],[-92.5,-3.3],[-92.4,-3.5],[-92.6,-3.8],[-92.3,-3.8],[-92.6,-4],[-92.3,-4],[-92.2,-4.1],[-92.2,-4.2],[-92.1,-4.3],[-92.1,-4.4],[-92.1,-4.5],[-92.1,-4.7],[-92.1,-5],[-92.5,-4.9]]]]}},{"type":"Feature","properties":{},"geometry":{"type":"MultiPolygon","coordinates":[[[[-92.5,4.5],[-93.8,3.9],[-94.1,3.2],[-94.2,3.3],[-94.7,3.6],[-94.8,4.5],[-94.2,4.9],[-93.7,5.1],[-93.4,5.1],[-92.9,5.1],[-92,4.5],[-92.5,4.5]]]]}},{"type":"Feature","properties":{},"geometry":{"type":"MultiPolygon","coordinates":[[[[-91.3,3.3],[-91,2.3],[-91.2,2],[-91.9,2.5],[-91.7,3],[-91.5,3.4],[-91.3,3.3]]]]}},{"type":"Feature","properties":{},"geometry":{"type":"MultiPolygon","coordinates":[[[[-95,-1.8],[-95.1,-1.4],[-94.6,-1.4],[-95,-1.8]]]]}},{"type":"Feature","properties":{},"geometry":{"type":"MultiPolygon","coordinates":[[[[-94.4,-1.6],[-94.3,-2],[-94.6,-1.6],[-94.4,-1.6]]]]}},{"type":"Feature","properties":{},"geometry":{"type":"MultiPolygon","coordinates":[[[[-94.9,0.1],[-94.9,0.3],[-94.4,0.1],[-94.9,0.1]]]]}},{"type":"Feature","properties":{},"geometry":{"type":"MultiPolygon","coordinates":[[[[-94.3,0.8],[-94.6,0.8],[-94.6,0.9],[-94.6,1.1],[-94.3,0.8]]]]}},{"type":"Feature","properties":{},"geometry":{"type":"MultiPolygon","coordinates":[[[[-160.9,-83.3],[-150.2,-79.3],[-141,-77.5],[-134.4,-78.7],[-140.6,-83.1],[-160.9,-83.3]]]]}},{"type":"Feature","properties":{},"geometry":{"type":"MultiPolygon","coordinates":[[[[-95.2,0.9],[-96.3,1.7],[-96.1,1.6],[-96.2,1.9],[-96,2],[-95.8,2.2],[-95.6,2.3],[-95.4,1.8],[-95.2,1.4],[-95.3,1.2],[-95.3,1],[-95.2,0.9]]]]}},{"type":"Feature","properties":{},"geometry":{"type":"MultiPolygon","coordinates":[[[[-95.5,-7.8],[-95.5,-7.7],[-95.6,-7.8],[-95.6,-7.3],[-95.8,-7.4],[-95.8,-7.2],[-95.7,-6.8],[-95.9,-6.6],[-95.5,-7.8]]]]}},{"type":"Feature","properties":{},"geometry":{"type":"MultiPolygon","coordinates":[[[[-96.4,-8.6],[-96.1,-8],[-96.2,-8.2],[-96.1,-8.4],[-96.3,-8.5],[-96.4,-8.6]]]]}},{"type":"Feature","properties":{},"geometry":{"type":"MultiPolygon","coordinates":[[[[128.1,-35.2],[128.3,-35.1],[128.5,-35],[129.2,-35.5],[129,-36.9],[127.2,-41.2],[124.9,-42.3],[124.6,-42.9],[121.1,-43.8],[120.1,-42.6],[119.5,-41.9],[118.9,-42.7],[118.4,-43],[118,-43.5],[119.1,-43.9],[119.9,-43.8],[117.9,-45.1],[115.3,-44.6],[113.5,-44.2],[112.8,-43.9],[116,-42.5],[121.9,-39.1],[128.1,-35.2]]]]}},{"type":"Feature","properties":{},"geometry":{"type":"MultiPolygon","coordinates":[[[[117.3,-44.5],[119.6,-43.7],[121.1,-44.1],[122.1,-45.3],[118.1,-45.5],[116.2,-46.5],[116,-48.1],[116.2,-49.1],[113.4,-50],[117.3,-44.5]]]]}},{"type":"Feature","properties":{},"geometry":{"type":"MultiPolygon","coordinates":[[[[98,-49.2],[100.4,-47.6],[101.5,-46.2],[104.3,-46],[105.9,-45.4],[107.2,-44.7],[105.7,-46],[105.6,-46.4],[105.3,-46.3],[103.7,-47.3],[103.7,-47.7],[102.6,-49.6],[102.2,-49.9],[101.7,-50.5],[101.5,-51.3],[100.2,-51.5],[97.3,-50.3],[98,-49.2]]]]}},{"type":"Feature","properties":{},"geometry":{"type":"MultiPolygon","coordinates":[[[[104.4,-48.1],[104.4,-47.6],[104.4,-47.8],[104.4,-48.1]]]]}},{"type":"Feature","properties":{},"geometry":{"type":"MultiPolygon","coordinates":[[[[137.1,-41.4],[137.3,-41],[138,-40.7],[137.1,-41.4]]]]}},{"type":"Feature","properties":{},"geometry":{"type":"MultiPolygon","coordinates":[[[[135.2,-34.7],[136.8,-36.1],[137.8,-39],[137.4,-39.9],[136.9,-40.5],[135.6,-40.8],[133.9,-41.1],[133.9,-40.9],[136.7,-39.4],[136.8,-37.2],[136.3,-35.3],[135.2,-34.7]]]]}},{"type":"Feature","properties":{},"geometry":{"type":"MultiPolygon","coordinates":[[[[96.9,-50.1],[97.2,-50.9],[98.8,-51.8],[100.8,-50],[102.5,-49.1],[101.7,-50.2],[99.5,-52.1],[98.3,-52.9],[96.7,-53.3],[95.3,-52],[95.5,-51.3],[96.2,-50.6],[96.9,-50.1]]]]}},{"type":"Feature","properties":{},"geometry":{"type":"MultiPolygon","coordinates":[[[[105.9,-40.1],[110.2,-37.8],[112.5,-35.9],[119.7,-36.5],[122.8,-36.2],[123.9,-36],[124.1,-36],[124.4,-36.1],[124.5,-36.1],[124.7,-36.1],[125.1,-36],[125.8,-35.9],[126.3,-35.8],[127.1,-35.4],[127.8,-35.2],[128.1,-35.2],[123.5,-38.1],[117.4,-42],[112.5,-43.8],[110.9,-43.1],[109.9,-42.6],[108.1,-41.8],[106.3,-40.5],[105.9,-40.1]]]]}},{"type":"Feature","properties":{},"geometry":{"type":"MultiPolygon","coordinates":[[[[110.6,-42.5],[112,-43.3],[112.8,-44],[110.6,-43],[110.6,-42.5]]]]}},{"type":"Feature","properties":{},"geometry":{"type":"MultiPolygon","coordinates":[[[[-92.7,-6.5],[-93.5,-5.8],[-93.3,-5.8],[-93.2,-5.7],[-93.2,-5.3],[-93.6,-5.2],[-93.5,-4.9],[-93.5,-4.8],[-93.7,-4.6],[-93.8,-4.8],[-93.8,-4.7],[-93.9,-4.4],[-92.5,-4.9],[-92.3,-5],[-92.1,-5.1],[-91.9,-5.2],[-92.4,-5.4],[-92.2,-5.4],[-92,-5.6],[-91.9,-5.7],[-91.7,-5.7],[-91.8,-5.9],[-91.9,-5.9],[-92.1,-6.2],[-92.2,-6.2],[-92.2,-6.1],[-92.5,-6.2],[-92.6,-6.3],[-92.6,-6.4],[-92.7,-6.5]]]]}},{"type":"Feature","properties":{},"geometry":{"type":"MultiPolygon","coordinates":[[[[128.4,14.6],[128.5,14.6],[128.6,14.5],[128.7,14.5],[128.8,14.4],[128.9,14.4],[128.9,14.3],[129,14.2],[129,14.3],[128.9,14.3],[128.8,14.3],[128.7,14.2],[128.6,14.2],[128.9,14.1],[129.1,13.9],[129,13.9],[128.9,13.9],[128.9,13.8],[129.1,13.9],[129,13.8],[129.1,13.7],[129.2,13.7],[129.2,13.6],[129.2,13.5],[129.2,13.4],[129,13.4],[128.9,13.3],[128.9,13.2],[128.8,13.2],[128.9,13.1],[128.8,13.1],[128.7,13.1],[128.6,13.2],[128.8,13.3],[128.7,13.3],[128.7,13.2],[128.6,13.2],[128.5,13.2],[128.6,13.1],[128.5,13.1],[128.4,13.1],[128.3,13.1],[128.2,13.1],[128.1,13.1],[128.1,13.2],[128,13.2],[127.9,13.2],[127.9,13.3],[127.8,13.3],[127.7,13.4],[127.6,13.4],[127.6,13.5],[127.5,13.5],[127.4,13.6],[127.3,13.6],[127.3,13.7],[127.2,13.7],[127.1,13.8],[127.1,13.9],[127.1,14],[127,14],[127,14.1],[127,14.2],[127,14.3],[127.1,14.3],[127.1,14.4],[127.2,14.4],[127.3,14.4],[127.3,14.5],[127.4,14.5],[127.5,14.5],[127.6,14.6],[127.7,14.6],[127.8,14.6],[128,14.6],[128.3,14.6],[128.4,14.6]]]]}},{"type":"Feature","properties":{},"geometry":{"type":"MultiPolygon","coordinates":[[[[115.3,24.2],[115.4,24.2],[115.5,24.1],[115.6,24.1],[115.6,24],[115.7,24],[115.8,23.9],[115.9,23.9],[116,23.8],[116.1,23.8],[116.1,23.7],[116.2,23.7],[116.3,23.7],[116.3,23.6],[116.4,23.6],[116.5,23.5],[116.6,23.5],[116.7,23.4],[116.8,23.4],[116.9,23.3],[117,23.2],[117.1,23.2],[117.2,23.1],[117.3,23],[117.4,23],[117.4,22.9],[117.5,22.9],[117.6,22.9],[117.6,22.8],[117.7,22.8],[117.8,22.8],[117.8,22.7],[117.9,22.7],[118,22.7],[118,22.6],[118.1,22.6],[118.2,22.6],[118.3,22.5],[118.4,22.5],[118.4,22.4],[118.5,22.4],[118.6,22.4],[118.7,22.3],[118.8,22.3],[118.8,22.2],[118.9,22.2],[119,22.2],[119,22.1],[119.1,22.1],[119.2,22.1],[119.2,22],[119.3,22],[119.4,22],[119.5,21.9],[119.6,21.9],[119.7,21.9],[119.8,21.8],[119.9,21.8],[120,21.8],[120,21.7],[120.1,21.7],[120.2,21.7],[120.3,21.7],[120.4,21.7],[120.5,21.7],[120.5,21.6],[120.6,21.6],[120.7,21.6],[120.8,21.6],[120.9,21.6],[121,21.6],[121.1,21.6],[121.2,21.6],[121.3,21.6],[121.3,21.7],[121.4,21.7],[121.5,21.7],[122,21.9],[122.6,22.1],[122.7,22],[122.9,22],[122.9,21.9],[123,21.8],[123.3,21.3],[123.4,20.9],[123.7,20.9],[123.8,20.8],[124.1,20.1],[124.5,19.8],[125,19.1],[125.4,19],[125.4,18.8],[124.8,17.4],[124.9,16.1],[125.2,15.7],[124.9,15.7],[124.6,15.6],[124.1,15.5],[124,15.3],[123.9,15.2],[123.4,14.9],[123.6,14.9],[123.7,14],[123.6,14],[123.5,14.1],[123.4,14.1],[123.3,14.1],[123.2,14.2],[123,14.2],[122.9,14.2],[122.7,14.2],[122.6,14.3],[122.5,14.3],[122.4,14.3],[122.3,14.3],[122.2,14.3],[122.1,14.3],[122,14.3],[121.9,14.3],[121.8,14.3],[121.7,14.3],[121.7,14.2],[121.6,14.2],[121.5,14.2],[121.4,14.2],[121.3,14.2],[121.2,14.2],[121.1,14.2],[121,14.2],[120.9,14.2],[120.8,14.2],[120.7,14.2],[120.6,14.2],[120.5,14.2],[120.4,14.2],[120.4,14.1],[120.3,14.1],[120.2,14.1],[120.1,14.1],[120,14.1],[119.9,14.2],[119.8,14.2],[119.7,14.2],[119.6,14.2],[119.5,14.2],[119.4,14.2],[119.3,14.2],[119.2,14.2],[119.1,14.2],[119,14.2],[119,14.3],[118.9,14.3],[118.8,14.4],[118.7,14.5],[118.6,14.6],[118.6,14.7],[118.5,14.8],[118.5,14.9],[118.5,15],[118.4,15],[118.4,15.1],[118.4,15.2],[118.4,15.3],[118.3,15.4],[118.3,15.5],[118.2,15.6],[118.2,15.7],[118.2,15.8],[118.1,15.9],[118.1,16],[118.1,16.1],[118,16.1],[118,16.2],[118,16.3],[118,16.4],[118,16.5],[118,16.6],[117.9,16.6],[117.9,16.7],[117.9,16.8],[117.8,16.8],[117.7,16.8],[117.7,16.9],[117.6,16.9],[117.5,16.9],[117.4,16.9],[117.3,17],[117.2,17],[117.1,17],[117,17],[116.3,17.4],[115.7,17.7],[115.8,17.7],[115.8,17.8],[115.9,17.8],[116,17.8],[116.1,17.9],[116.2,17.9],[116.2,18],[116.3,18],[116.3,18.1],[116.4,18.2],[116.5,18.2],[116.5,18.3],[116.6,18.4],[116.6,18.5],[116.6,18.6],[116.7,18.6],[116.7,18.7],[116.7,18.8],[116.8,18.8],[116.8,18.9],[116.8,19],[116.9,19],[116.9,19.1],[117,19.1],[117,19.2],[117.1,19.2],[117.2,19.3],[117.3,19.4],[117.4,19.5],[117.4,19.6],[117.5,19.6],[117.5,19.7],[117.6,19.7],[117.6,19.8],[117.7,19.9],[117.8,20],[117.8,20.1],[117.8,20.2],[117.9,20.3],[117.9,20.4],[118,20.4],[118,20.5],[118.1,20.6],[118.1,20.7],[118.1,20.8],[118,20.8],[117.9,20.9],[117.8,20.9],[117.8,21],[117.7,21],[117.7,21.1],[117.6,21.2],[117.5,21.3],[117.4,21.4],[117.4,21.5],[117.3,21.5],[117.3,21.6],[117.2,21.6],[117.1,21.7],[117,21.7],[117,21.8],[116.9,21.8],[116.9,21.9],[116.9,22],[116.8,22],[116.8,22.1],[116.7,22.1],[116.6,22.1],[116.5,22.1],[116.4,22.1],[116.4,22.2],[116.3,22.2],[116.3,22.3],[116.3,22.4],[116.2,22.4],[116.2,22.5],[116.1,22.5],[116,22.6],[115.9,22.6],[115.8,22.6],[115.8,22.7],[115.7,22.7],[115.7,22.8],[115.6,22.8],[115.6,22.9],[115.5,22.9],[115.5,23],[115.4,23.2],[115.3,23.2],[115.2,23.3],[115.2,23.4],[115.1,23.4],[115,23.5],[115,23.6],[114.9,23.6],[114.9,23.7],[114.8,23.7],[114.8,23.8],[114.8,23.9],[114.8,24],[114.9,24],[115,24],[115,24.1],[115.1,24.1],[115.2,24.1],[115.2,24.2],[115.3,24.2]]]]}},{"type":"Feature","properties":{},"geometry":{"type":"MultiPolygon","coordinates":[[[[128.8,14.4],[128.7,14.5],[128.6,14.5],[128.5,14.6],[128.4,14.6],[128.3,14.7],[128.2,14.7],[128.1,14.7],[128,14.8],[127.9,14.8],[127.8,14.8],[127.7,14.8],[127.6,14.8],[127.6,14.9],[127.5,14.9],[127.4,14.9],[127.3,14.9],[127.2,14.9],[127,14.9],[127.3,15.4],[127.3,15.9],[127.9,15.6],[128.5,15.3],[128.5,15.2],[128.5,15.1],[128.8,14.7],[129.2,14.5],[129.3,14.3],[129,14.4],[128.8,14.4]]]]}},{"type":"Feature","properties":{},"geometry":{"type":"MultiPolygon","coordinates":[[[[126.7,16.5],[126.9,16.2],[126.5,16.2],[126.7,16.5]]]]}},{"type":"Feature","properties":{},"geometry":{"type":"MultiPolygon","coordinates":[[[[127.1,14.9],[127.2,14.9],[127.3,14.9],[127.4,14.9],[127.5,14.9],[127.6,14.9],[127.6,14.8],[127.7,14.8],[127.8,14.8],[127.9,14.8],[128,14.8],[128.1,14.7],[128.2,14.7],[128.3,14.7],[128.3,14.6],[128.4,14.6],[128.3,14.6],[128,14.6],[127.8,14.6],[127.7,14.6],[127.6,14.6],[127.5,14.5],[127.4,14.5],[127.3,14.5],[127.3,14.4],[127.2,14.4],[127.1,14.4],[127.1,14.3],[127,14.3],[127,14.2],[127,14.1],[127,14],[127.1,14],[127.1,13.9],[127.1,13.8],[127.2,13.7],[127.3,13.7],[127.3,13.6],[127.4,13.6],[127.5,13.5],[127.6,13.5],[127.6,13.4],[127.7,13.4],[127.8,13.3],[127.9,13.3],[127.9,13.2],[128,13.2],[128.1,13.2],[128.1,13.1],[127.9,13.1],[127.8,13.2],[127.7,13.1],[127.7,13.2],[127.6,13.2],[127.4,13.3],[127.5,13.3],[127.7,13.3],[127.6,13.4],[127.5,13.4],[127.4,13.4],[127.4,13.3],[127.2,13.4],[127,13.4],[127,13.5],[127,13.6],[126.9,13.6],[126.9,13.7],[126.8,13.7],[126.8,13.8],[126.8,13.9],[126.8,14],[126.8,14.1],[126.8,14.2],[126.7,14.3],[126.8,14.3],[126.8,14.4],[126.8,14.5],[126.9,14.6],[127,14.7],[127.1,14.7],[127,14.7],[127,14.8],[127.1,14.9]]]]}},{"type":"Feature","properties":{},"geometry":{"type":"MultiPolygon","coordinates":[[[[116.6,17.1],[117,17],[117.1,17],[117.2,17],[117.3,17],[117.4,16.9],[117.5,16.9],[117.6,16.9],[117.7,16.9],[117.7,16.8],[117.8,16.8],[117.9,16.8],[117.9,16.7],[118,16.6],[118,16.5],[118,16.4],[118,16.3],[118,16.2],[118,16.1],[118.1,16.1],[118.1,16],[118.1,15.9],[118.2,15.9],[118.2,15.8],[118.2,15.7],[118.2,15.6],[118.3,15.6],[118.3,15.5],[118.3,15.4],[118.4,15.3],[118.4,15.2],[118.4,15.1],[118.4,15],[118.5,14.9],[118.5,14.8],[118.6,14.7],[118.6,14.6],[118.7,14.5],[118.7,14.4],[118.8,14.4],[118.9,14.3],[119,14.3],[119,14.2],[119.1,14.2],[119.2,14.2],[119.3,14.2],[119.4,14.2],[119.5,14.2],[119.6,14.2],[119.7,14.2],[119.8,14.2],[119.9,14.2],[120,14.1],[120.1,14.1],[120.2,14.1],[120.3,14.1],[120.4,14.1],[120.4,14.2],[120.5,14.2],[120.6,14.2],[120.7,14.2],[120.8,14.2],[120.9,14.2],[121,14.2],[121.1,14.2],[121.2,14.2],[121.3,14.2],[121.4,14.2],[121.5,14.2],[121.6,14.2],[121.7,14.3],[121.8,14.3],[121.9,14.3],[122,14.3],[122.1,14.3],[122.2,14.3],[122.3,14.3],[122.4,14.3],[122.5,14.3],[122.6,14.3],[122.7,14.2],[122.9,14.2],[123,14.2],[123.1,14.2],[123.3,14.1],[123.4,14.1],[123.5,14.1],[123.5,14],[123.6,14],[123.7,14],[122.8,13.3],[122.4,12.7],[121.6,12.3],[120.7,12.3],[119.8,12.6],[119.4,12.5],[118.9,12.3],[118.8,12.3],[118.7,12.4],[118.4,12.6],[118.1,12.9],[117.9,13.1],[117.6,13.4],[117.2,13.6],[117,13.7],[117,13.9],[116.9,14.5],[116.9,15],[116.9,15.3],[117,15.6],[116.9,16.1],[117,16.3],[117,16.4],[116.9,16.4],[116.8,16.4],[116.7,16.4],[116.6,16.5],[116.5,16.5],[116.4,16.5],[116.3,16.5],[116.2,16.5],[116.1,16.5],[116,16.5],[115.9,16.5],[115.8,16.5],[115.8,16.6],[115.7,16.6],[115.6,16.6],[115.5,16.5],[115.4,16.5],[115.2,16.6],[114.9,16.5],[114.5,16.3],[114,15.7],[113.9,15.4],[113.5,15.1],[113.2,14.9],[113,14.8],[112.9,14.8],[112.9,14.7],[112.5,14.5],[112.4,14.4],[112.2,14.3],[112.7,14.8],[113.1,15.3],[113.3,15.6],[113.2,15.6],[113.1,15.6],[112.9,15.8],[112.8,15.9],[112.7,16.1],[113.2,17.1],[113.8,17],[113.9,17],[114,17],[114.4,17],[114.5,17.1],[114.6,17.1],[114.7,17.1],[114.8,17.1],[115,17],[115.2,17.1],[115.3,17.1],[115.4,17.1],[115.5,17.2],[115.6,17.2],[116,17.2],[116.2,17.2],[116.3,17.2],[116.4,17.1],[116.5,17.1],[116.6,17.1]]]]}},{"type":"Feature","properties":{},"geometry":{"type":"MultiPolygon","coordinates":[[[[125.8,13.8],[125.9,13.8],[126,13.7],[125.8,13.8]]]]}},{"type":"Feature","properties":{},"geometry":{"type":"MultiPolygon","coordinates":[[[[126.7,13.4],[126,13.6],[126.1,13.6],[126.2,13.6],[126.3,13.5],[126.4,13.5],[126.5,13.4],[126.7,13.4]]]]}},{"type":"Feature","properties":{},"geometry":{"type":"MultiPolygon","coordinates":[[[[127.1,14.7],[127,14.7],[127,14.8],[127.1,14.7]]]]}},{"type":"Feature","properties":{},"geometry":{"type":"MultiPolygon","coordinates":[[[[127,13.4],[127.2,13.4],[127.4,13.3],[127.2,13.4],[126.9,13.4],[127,13.4]]]]}},{"type":"Feature","properties":{},"geometry":{"type":"MultiPolygon","coordinates":[[[[127.4,13.3],[127.5,13.2],[127.6,13.2],[127.7,13.1],[127.9,13.1],[127.7,13.1],[127.4,13.3]]]]}},{"type":"Feature","properties":{},"geometry":{"type":"MultiPolygon","coordinates":[[[[128.9,14.3],[128.8,14.2],[128.7,14.2],[128.8,14.3],[128.9,14.3]]]]}},{"type":"Feature","properties":{},"geometry":{"type":"MultiPolygon","coordinates":[[[[128.1,13.1],[128.2,13.1],[128.3,13.1],[128,13.1],[128.1,13.1]]]]}},{"type":"Feature","properties":{},"geometry":{"type":"MultiPolygon","coordinates":[[[[128.6,13.1],[128.3,13.1],[128.4,13.1],[128.5,13.1],[128.6,13.1]]]]}},{"type":"Feature","properties":{},"geometry":{"type":"MultiPolygon","coordinates":[[[[128.7,13.3],[128.6,13.2],[128.7,13.2],[128.7,13.3]]]]}},{"type":"Feature","properties":{},"geometry":{"type":"MultiPolygon","coordinates":[[[[128.7,13.1],[128.8,13.1],[128.8,13.2],[128.9,13.1],[128.7,13.1]]]]}},{"type":"Feature","properties":{},"geometry":{"type":"MultiPolygon","coordinates":[[[[129.2,13.6],[129.1,13.4],[129.2,13.5],[129.3,13.5],[129.2,13.6]]]]}},{"type":"Feature","properties":{},"geometry":{"type":"MultiPolygon","coordinates":[[[[124.6,13.9],[124.6,13.8],[124.8,13.7],[124.9,13.6],[125,13.6],[124.6,13.7],[124.6,13.9]]]]}},{"type":"Feature","properties":{},"geometry":{"type":"MultiPolygon","coordinates":[[[[129.2,14],[129.2,13.8],[129.2,14],[129.2,14.1],[129.2,14]]]]}},{"type":"Feature","properties":{},"geometry":{"type":"MultiPolygon","coordinates":[[[[116.4,-33.1],[117.5,-33.4],[117.2,-33.8],[116.5,-35],[114.9,-34.7],[115.4,-34.2],[116.4,-33.1]]]]}},{"type":"Feature","properties":{},"geometry":{"type":"MultiPolygon","coordinates":[[[[117.5,-33.5],[119.5,-32.9],[120.2,-31.9],[120.9,-31.2],[123.2,-30.9],[123.5,-30.1],[124.8,-29.5],[125.8,-28.9],[125.9,-30.5],[124.8,-31.8],[124.6,-32.7],[123,-34.6],[120.6,-34.2],[118.5,-34.5],[116.9,-34.4],[117.5,-33.5]]]]}},{"type":"Feature","properties":{},"geometry":{"type":"MultiPolygon","coordinates":[[[[106.6,25.8],[106.7,25.8],[106.8,25.9],[106.9,25.9],[107,25.9],[107,26],[107.1,26],[107.2,26],[107.3,26],[107.4,26],[107.5,26],[107.6,26],[107.7,26],[107.8,26.1],[107.9,26.1],[108,26.1],[108.1,26.1],[108.2,26.1],[108.3,26.1],[108.4,26.1],[108.5,26.1],[108.9,26.1],[109,26.1],[109.1,26],[109.2,26],[109.3,26],[109.4,26],[109.5,26],[109.6,25.9],[109.7,25.9],[109.8,25.8],[109.9,25.7],[110,25.7],[110.1,25.7],[110.2,25.7],[110.3,25.7],[110.4,25.7],[110.4,25.8],[110.5,25.8],[110.6,25.8],[110.7,25.8],[110.8,25.8],[110.9,25.8],[111,25.8],[111.1,25.8],[111.2,25.8],[111.3,25.7],[111.4,25.7],[111.5,25.7],[111.6,25.7],[111.7,25.7],[111.8,25.7],[111.9,25.7],[111.9,25.6],[112,25.6],[112.1,25.6],[112.2,25.6],[112.2,25.5],[112.3,25.5],[112.4,25.5],[112.5,25.4],[112.6,25.4],[112.7,25.4],[112.7,25.3],[112.8,25.3],[112.9,25.3],[113,25.2],[113.1,25.2],[113.2,25.2],[113.3,25.1],[113.4,25.1],[113.5,25],[113.6,25],[113.7,25],[113.8,24.9],[113.9,24.9],[114,24.9],[114,24.8],[114.1,24.8],[114.2,24.8],[114.3,24.7],[114.4,24.7],[114.5,24.6],[114.6,24.6],[114.6,24.5],[114.7,24.5],[114.8,24.5],[114.9,24.4],[115,24.4],[115.1,24.4],[115.1,24.3],[115.2,24.3],[115.3,24.3],[115.3,24.2],[115.2,24.2],[115.2,24.1],[115.1,24.1],[115,24.1],[115,24],[114.9,24],[114.8,24],[114.8,23.9],[114.8,23.8],[114.8,23.7],[114.9,23.7],[114.9,23.6],[115,23.6],[115,23.5],[115.1,23.4],[115.2,23.3],[115.3,23.2],[115.5,23],[115.5,22.9],[115.6,22.9],[115.6,22.8],[115.7,22.8],[115.7,22.7],[115.8,22.7],[115.8,22.6],[115.9,22.6],[116,22.6],[116.1,22.5],[116.2,22.5],[116.2,22.4],[116.3,22.4],[116.3,22.3],[116.3,22.2],[116.4,22.2],[116.5,22.1],[116.6,22.1],[116.7,22.1],[116.8,22.1],[116.8,22],[116.9,22],[116.9,21.9],[116.9,21.8],[117,21.8],[117,21.7],[117.1,21.7],[117.2,21.6],[117.3,21.6],[117.3,21.5],[117.4,21.5],[117.4,21.4],[117.5,21.4],[117.5,21.3],[117.6,21.3],[117.6,21.2],[117.7,21.1],[117.8,21],[117.8,20.9],[117.9,20.9],[117.9,20.8],[118,20.8],[118.1,20.7],[118.1,20.6],[118,20.5],[118,20.4],[117.9,20.4],[117.9,20.3],[117.8,20.2],[117.8,20.1],[117.8,20],[117.7,20],[117.7,19.9],[117.7,19.8],[117.6,19.8],[117.6,19.7],[117.5,19.6],[117.4,19.5],[117.3,19.4],[117.2,19.3],[117.1,19.2],[117,19.2],[117,19.1],[116.9,19.1],[116.9,19],[116.8,19],[116.8,18.9],[116.8,18.8],[116.7,18.8],[116.7,18.7],[116.7,18.6],[116.6,18.6],[116.6,18.5],[116.6,18.4],[116.5,18.3],[116.4,18.2],[116.4,18.1],[116.3,18.1],[116.3,18],[116.2,18],[116.2,17.9],[116.1,17.9],[116,17.9],[116,17.8],[115.9,17.8],[115.8,17.7],[115.7,17.7],[116.5,17.2],[116.5,17.1],[116.4,17.1],[116.4,17.2],[116.3,17.2],[116.2,17.2],[116.1,17.2],[115.8,17.2],[115.6,17.2],[115.5,17.2],[115.4,17.1],[115.2,17.1],[115.1,17],[114.8,17.1],[114.7,17.1],[114.6,17.1],[114.5,17.1],[114.5,17],[114.1,17],[113.9,17],[113.8,17],[113.6,17],[112.9,16.6],[112.8,15.9],[112.8,15.8],[112.9,15.8],[113,15.7],[113.1,15.6],[113.2,15.6],[113.2,15.4],[112.8,14.9],[112.4,14.4],[111.9,14.1],[111.8,14.1],[111.5,14],[111,13.6],[110.7,13.4],[110.4,13.1],[110.2,13],[109.8,12.7],[109.4,12.4],[109,12.1],[108.9,11.8],[108.7,11.5],[108.6,11.6],[108.9,12.1],[109,12.5],[109,13.1],[108.9,13.6],[108.9,13.7],[108.8,13.7],[108.8,13.8],[108.8,13.9],[108.7,13.9],[108.7,14],[108.6,14],[108.5,14.1],[108.5,14.3],[108.4,14.3],[108.4,14.4],[108.4,14.5],[108.4,14.6],[108.4,14.7],[108.4,14.8],[108.4,14.9],[108.3,14.9],[108.2,14.9],[108.2,15],[108.1,15],[108,15],[108,15.1],[107.9,15.1],[107.8,15.1],[107.8,15.2],[107.7,15.2],[107.6,15.3],[107.5,15.3],[107.4,15.3],[107.3,15.3],[107.3,15.4],[107.2,15.4],[107.3,15.4],[107.3,15.5],[107.4,15.5],[107.4,15.6],[107.5,15.6],[107.6,15.6],[107.6,15.7],[107.7,15.7],[107.7,15.8],[107.8,15.8],[107.9,15.9],[108,15.9],[108,16],[108.1,16],[108.2,16],[108.2,16.1],[108.3,16.1],[108.4,16.2],[108.5,16.2],[108.5,16.3],[108.6,16.3],[108.6,16.4],[108.7,16.4],[108.7,16.5],[108.8,16.5],[108.9,16.6],[109,16.6],[109,16.7],[109.1,16.7],[109.1,16.8],[109.2,16.9],[109.2,17],[109.2,17.1],[109.3,17.1],[109.3,17.2],[109.3,17.3],[109.4,17.4],[109.4,17.5],[109.5,17.6],[109.5,17.7],[109.5,17.8],[109.5,18],[109.4,18.2],[109.4,18.3],[109.4,18.4],[109.4,18.5],[109.5,18.5],[109.5,18.6],[109.5,18.7],[109.5,18.8],[109.4,18.9],[109.4,19],[109.4,19.1],[109.3,19.2],[109.3,19.3],[109.3,19.4],[109.2,19.5],[109.2,19.6],[109.2,19.7],[109.1,19.8],[109.1,19.9],[109.1,20],[109.1,20.1],[109.1,20.2],[109.1,20.3],[109.1,20.4],[109.1,20.5],[109.1,20.6],[109,20.7],[109,20.8],[108.9,20.9],[108.9,21],[108.9,21.1],[108.8,21.1],[108.7,21.1],[108.7,21.2],[108.6,21.2],[108.6,21.3],[108.5,21.3],[108.5,21.4],[108.5,21.5],[108.5,21.6],[108.5,21.7],[108.5,21.8],[108.4,21.8],[108.4,21.9],[108.4,22],[108.3,22],[108.3,22.1],[108.3,22.2],[108.2,22.2],[108.2,22.3],[108.1,22.5],[108,22.6],[107.9,22.6],[107.9,22.7],[107.8,22.7],[107.7,22.9],[107.5,23.1],[107.4,23.1],[107.2,23.3],[107.2,23.4],[107.1,23.4],[107.1,23.5],[107.1,23.6],[107,23.7],[107,23.8],[107,23.9],[107.1,23.9],[106.7,23.7],[106.1,23.6],[106.1,23.7],[106.2,23.7],[106.2,23.8],[106.2,23.9],[106.3,24],[106.3,24.1],[106.3,24.2],[106.4,24.2],[106.4,24.3],[106.4,24.4],[106.4,24.5],[106.4,24.6],[106.4,24.7],[106.4,24.8],[106.4,24.9],[106.4,25],[106.4,25.2],[106.4,25.3],[106.4,25.4],[106.4,25.5],[106.4,25.6],[106.6,25.8]]]]}},{"type":"Feature","properties":{},"geometry":{"type":"MultiPolygon","coordinates":[[[[125.9,13.8],[125.9,13.9],[126.1,14],[126.1,14.1],[126.3,14.2],[126.5,14.3],[126.8,14.5],[126.8,14.4],[126.8,14.3],[126.7,14.3],[126.8,14.2],[126.8,14.1],[126.8,14],[126.8,13.9],[126.8,13.8],[126.8,13.7],[126.9,13.7],[126.9,13.6],[127,13.6],[127,13.5],[127,13.4],[126.8,13.4],[126.6,13.4],[126.5,13.4],[126.4,13.5],[126.2,13.5],[126.1,13.6],[126,13.7],[125.9,13.8],[125.8,13.8],[125.9,13.8]]]]}},{"type":"Feature","properties":{},"geometry":{"type":"MultiPolygon","coordinates":[[[[118.2,-22.7],[118.3,-23.4],[118.9,-24],[118.7,-24.2],[120.1,-24.9],[121,-24.8],[120.4,-25.3],[118.1,-24.4],[118.2,-22.7]]]]}},{"type":"Feature","properties":{},"geometry":{"type":"MultiPolygon","coordinates":[[[[112.4,-17],[113.3,-17.4],[113.9,-17.9],[113.1,-19.7],[112.4,-17]]]]}},{"type":"Feature","properties":{},"geometry":{"type":"MultiPolygon","coordinates":[[[[113.1,-19.7],[115.1,-20.9],[115.5,-21.3],[117.1,-23.3],[113.9,-25.1],[113,-24.5],[112.3,-21.9],[113.1,-19.7]]]]}},{"type":"Feature","properties":{},"geometry":{"type":"MultiPolygon","coordinates":[[[[113.3,-25.4],[115.6,-24.1],[118.1,-24.4],[120.4,-25.3],[123.1,-26.3],[123.2,-28.2],[122.6,-29.9],[120.6,-30.2],[119.9,-30.4],[119.2,-30.6],[118.5,-30.9],[118.4,-30.9],[117.9,-31],[117.3,-31.1],[117.2,-31.2],[117,-31.2],[116.6,-31.1],[116.2,-31.1],[115.9,-31.1],[115.4,-31.2],[115.2,-31.2],[114.7,-31.3],[114.4,-31.2],[114.2,-31.1],[114.3,-31.3],[113.9,-31.3],[113.6,-31.3],[113.1,-31.3],[112.2,-31],[111.9,-30.9],[111.8,-30.9],[111.7,-31],[111.9,-30.5],[113.4,-27.7],[113.3,-25.4]]]]}},{"type":"Feature","properties":{},"geometry":{"type":"MultiPolygon","coordinates":[[[[126.9,-25.2],[126.6,-25.2],[126.2,-25.2],[126.3,-25.8],[126.8,-26.6],[127,-26.9],[126.7,-26.7],[126.1,-25.7],[125.7,-25.3],[125.6,-25.1],[126.9,-25.2]]]]}},{"type":"Feature","properties":{},"geometry":{"type":"MultiPolygon","coordinates":[[[[76.2,-9.6],[76.4,-9.2],[77.5,-9.5],[77.8,-9.8],[77.7,-9.7],[77.7,-9.4],[77.2,-9],[81,-10],[85,-12.3],[91.3,-12],[91.3,-12.2],[91.4,-12.2],[91.6,-12.1],[91.7,-12.2],[91.9,-12.4],[92,-12.5],[92.3,-12.5],[93.4,-13.4],[93.3,-15.8],[89.1,-16.1],[84.9,-15.3],[81.6,-12.2],[77.2,-10.6],[76.2,-9.6]]]]}},{"type":"Feature","properties":{},"geometry":{"type":"MultiPolygon","coordinates":[[[[80.5,-15.3],[79.6,-12.4],[81.4,-14.3],[82.7,-17.2],[83.6,-19.4],[86.5,-21.2],[89.2,-20.2],[90.9,-18.9],[93.3,-15.8],[93.8,-17.9],[92,-20.5],[88.1,-22.4],[87.3,-21.8],[83.9,-21.2],[81.2,-17.3],[80.5,-15.3]]]]}},{"type":"Feature","properties":{},"geometry":{"type":"MultiPolygon","coordinates":[[[[65.2,-15.6],[62.3,-15.9],[62.1,-15.2],[62.5,-13.4],[63.1,-11.8],[65.4,-9.8],[66,-9.8],[66.2,-10.1],[66.2,-10.3],[66.1,-10.4],[66,-10.2],[65.8,-10.3],[65.5,-10.4],[65.3,-10.5],[64.8,-10.6],[64.9,-10.8],[64.7,-10.9],[64.4,-11],[64.3,-11.2],[64.2,-11.5],[64,-11.6],[63.5,-12.2],[63.9,-12.7],[64.4,-12.9],[64.6,-13.4],[64.9,-14.4],[65.4,-15.1],[65.3,-15.3],[64.9,-15.2],[64.6,-15.1],[64.5,-15.2],[65.2,-15.6]]]]}},{"type":"Feature","properties":{},"geometry":{"type":"MultiPolygon","coordinates":[[[[70.9,-6.7],[70.3,-7.1],[70.1,-7.6],[70,-7.8],[69.5,-8.5],[68.1,-8.8],[68.3,-8.5],[68.5,-8.4],[68.5,-7.7],[68.6,-7.5],[68.3,-7.5],[67.9,-7.6],[67.6,-7.2],[67.2,-7.3],[67,-7.4],[66.7,-7.5],[66.2,-7.7],[65.9,-8.1],[65.7,-8.2],[65.8,-7.8],[66.8,-7.2],[68,-6.8],[69,-6],[70.1,-5.6],[70.9,-6.7]]]]}},{"type":"Feature","properties":{},"geometry":{"type":"MultiPolygon","coordinates":[[[[71.8,-11.7],[71.3,-11.7],[71.2,-11.8],[71.1,-12],[70.9,-11.9],[70.6,-12],[70.5,-12.1],[70.4,-12.5],[70.2,-12.4],[70.3,-12.3],[70,-12.5],[69.8,-12.6],[69.7,-12.5],[69.5,-12.5],[69.6,-12.3],[69.7,-12.1],[69.5,-12.1],[69.5,-11.9],[69.5,-11.7],[69.6,-11.5],[69.5,-11.4],[69.8,-11.1],[69.9,-10.9],[69.6,-10.9],[69.5,-10.4],[69.3,-10.4],[69.2,-10.3],[69.3,-10.1],[69.3,-10.2],[69.5,-10.2],[69.5,-10.1],[69.7,-10.1],[69.9,-10.1],[69.7,-10],[69.7,-9.8],[69.5,-9.3],[69.6,-9.2],[69.4,-9.2],[68.9,-9.1],[68.8,-9.2],[68.6,-9.3],[68.5,-9.2],[68.4,-9.3],[68.3,-9.2],[68.4,-9.1],[68,-9],[68.1,-8.9],[70.4,-8],[71.1,-8.8],[71.9,-10.8],[72,-11.4],[71.8,-11.7]]]]}},{"type":"Feature","properties":{},"geometry":{"type":"MultiPolygon","coordinates":[[[[54.4,-13],[56.3,-13.7],[59,-15.6],[59.9,-15.8],[61.2,-16.3],[60.8,-17],[58.1,-15.5],[55.2,-13.5],[53,-12.8],[52,-12.6],[51.3,-12.3],[53.7,-12.9],[54.4,-13]]]]}},{"type":"Feature","properties":{},"geometry":{"type":"MultiPolygon","coordinates":[[[[79.6,-12.4],[78.4,-11.9],[79.5,-11.1],[83.3,-13.9],[87.4,-15.9],[92.2,-15.3],[91.5,-17.5],[90.2,-19.9],[88.1,-20.8],[84.7,-20.7],[83.5,-18.1],[81.8,-16],[81.1,-12.4],[79.6,-12.4]]]]}},{"type":"Feature","properties":{},"geometry":{"type":"MultiPolygon","coordinates":[[[[71.8,-11.7],[71.7,-11.8],[71.4,-11.8],[71.8,-11.7]]]]}},{"type":"Feature","properties":{},"geometry":{"type":"MultiPolygon","coordinates":[[[[70.5,-12.2],[70.7,-12.1],[70.5,-12.3],[70.5,-12.2]]]]}},{"type":"Feature","properties":{},"geometry":{"type":"MultiPolygon","coordinates":[[[[69.8,-13.8],[69.6,-13.6],[70,-13.7],[69.8,-13.8]]]]}},{"type":"Feature","properties":{},"geometry":{"type":"MultiPolygon","coordinates":[[[[71.4,-11.9],[71.4,-12.2],[71.4,-12],[71.4,-11.9]]]]}},{"type":"Feature","properties":{},"geometry":{"type":"MultiPolygon","coordinates":[[[[71.8,-14.1],[71.6,-14.3],[71.7,-14.2],[71.8,-14.1]]]]}},{"type":"Feature","properties":{},"geometry":{"type":"MultiPolygon","coordinates":[[[[70.8,-12],[70.9,-12.1],[70.8,-12.2],[70.8,-12]]]]}},{"type":"Feature","properties":{},"geometry":{"type":"MultiPolygon","coordinates":[[[[35.8,4.8],[36.9,4.5],[37.9,4],[38.6,3.3],[39.4,2.4],[40,1.6],[40.4,0.7],[40.9,-0.2],[41.2,-1],[41.6,-2.1],[41.9,-3.2],[42.5,-4.6],[43.3,-5.9],[44.2,-7.2],[45.3,-8.5],[46.4,-10],[47.2,-11.4],[47.6,-12.5],[47.5,-13.8],[47.7,-15],[46.5,-13.2],[45.8,-11.2],[44.1,-10],[42.6,-9],[41.3,-7.3],[40.7,-4.7],[40.1,-2.7],[38.9,-1],[37.7,0.2],[36.8,2],[36,4.4],[35.8,4.8]]]]}},{"type":"Feature","properties":{},"geometry":{"type":"MultiPolygon","coordinates":[[[[72.1,-3.4],[72.6,-4.2],[72.3,-4.1],[72.2,-4.2],[72.3,-4.3],[72,-4.5],[71.9,-4.4],[71.1,-4.2],[70.1,-4.1],[69,-4.3],[67.3,-4.6],[65.7,-4.8],[64.6,-5],[61.5,-4.7],[58.7,-4.7],[57.7,-4.9],[56.6,-4.6],[54.6,-4.9],[54.2,-3.8],[58.8,-4],[63.7,-3.3],[70,-3.4],[72.1,-3.4]]]]}},{"type":"Feature","properties":{},"geometry":{"type":"MultiPolygon","coordinates":[[[[-25,5.9],[-26,8.8],[-27.8,11.4],[-28.5,12],[-29.2,12.1],[-28.9,12.3],[-29.2,12.4],[-28.7,12.7],[-28.7,13],[-28.1,13.4],[-28.2,13.6],[-27.7,13.8],[-27.5,13.7],[-25.8,12.4],[-25.2,11.2],[-25.1,11.1],[-24.3,8.9],[-24.9,5.9],[-25,5.9]]]]}},{"type":"Feature","properties":{},"geometry":{"type":"MultiPolygon","coordinates":[[[[-30.3,11.7],[-30.1,11.9],[-29.8,12],[-29.5,12.2],[-28.9,12.2],[-28.5,11.9],[-27,10.4],[-25.4,6.9],[-26.3,6],[-28.5,6.7],[-28.6,7.5],[-28.9,8.3],[-29.1,8.1],[-29.4,9],[-29.2,9.4],[-29.3,9.9],[-29.4,10.3],[-29.6,10.9],[-30.3,11.6],[-30.3,11.7]]]]}},{"type":"Feature","properties":{},"geometry":{"type":"MultiPolygon","coordinates":[[[[-30.3,11.7],[-30.8,12.1],[-30,13.3],[-28.9,13.9],[-27.7,14.1],[-27.3,13.8],[-27.6,13.7],[-27.9,13.8],[-28.1,13.5],[-28.2,13.4],[-28.8,13],[-29,12.5],[-29,12.4],[-28.9,12.3],[-29.6,12.3],[-29.9,11.9],[-30.1,11.8],[-30.3,11.7]]]]}},{"type":"Feature","properties":{},"geometry":{"type":"MultiPolygon","coordinates":[[[[-18.4,9.1],[-17.7,9.8],[-16.1,10.9],[-15.5,11.4],[-14.5,12.6],[-13.8,14.1],[-13.5,14.5],[-13.4,13.5],[-13.7,10.6],[-14.7,6.8],[-14.6,3.8],[-14.9,1],[-15.6,-2.5],[-16.7,-3.2],[-17,-1.9],[-16.9,-0.9],[-17,0.1],[-17.2,3.8],[-18.4,7.9],[-18.4,9.1]]]]}},{"type":"Feature","properties":{},"geometry":{"type":"MultiPolygon","coordinates":[[[[-22.1,1.9],[-20.7,1],[-20.1,-0.7],[-20.3,-2.7],[-21,-2.9],[-22.6,-2.3],[-23.2,-1.3],[-22.3,0.4],[-22.1,1.9]]]]}},{"type":"Feature","properties":{},"geometry":{"type":"MultiPolygon","coordinates":[[[[-26.6,5.3],[-28.5,5.3],[-28.8,5.3],[-29.3,5.3],[-29.6,6],[-29.5,6.2],[-29.7,7.9],[-29.8,8.8],[-30,9.6],[-30.3,9.6],[-30.8,11.2],[-30.3,11.7],[-30.2,11.5],[-29.4,10.5],[-29.3,10],[-29.1,9.5],[-29.4,9.1],[-29.2,8.5],[-29,8.1],[-28.7,7.7],[-28.5,7.1],[-27.2,6.1],[-24.9,5.9],[-24.2,5.5],[-23,5.1],[-24.8,5.4],[-26.6,5.3]]]]}},{"type":"Feature","properties":{},"geometry":{"type":"MultiPolygon","coordinates":[[[[-82,3.1],[-81.8,2.9],[-81.7,2.6],[-82.3,2.6],[-82.5,2.5],[-82.3,2.5],[-81.4,2.6],[-81.3,2.2],[-81.3,1.7],[-82.4,1.7],[-82.5,1.4],[-82,1.5],[-81.8,0.8],[-81.1,1.5],[-81.1,0.7],[-80.7,0.8],[-80.3,1],[-80.3,1.2],[-79.6,1.2],[-79.8,0.3],[-80.3,0.2],[-80.7,-0.1],[-80.2,0],[-80.6,-0.3],[-80.7,-0.8],[-80.6,-0.6],[-80.3,-0.9],[-80.5,-1.3],[-80.7,-1.7],[-80.8,-1.9],[-80.9,-2.5],[-80.9,-3],[-80.4,-3],[-80.7,-2.9],[-80.7,-3.1],[-80.5,-3.2],[-80.2,-3.3],[-80.8,-3.7],[-80.7,-3.8],[-81.1,-3.9],[-81,-4.1],[-81.1,-4.1],[-80.8,-4.3],[-80.7,-4.4],[-80.6,-4.6],[-80.5,-4.7],[-80.4,-5.5],[-81.1,-4.9],[-80.7,-5.4],[-81.2,-5.4],[-80.7,-5.9],[-80.4,-5.9],[-80.6,-6.3],[-81,-6.2],[-81.2,-6.5],[-81,-7],[-80.6,-6.8],[-81,-7.2],[-81.5,-6.9],[-81.7,-6.8],[-82.1,-6.6],[-82.1,-7.2],[-82.6,-7],[-82.6,-7.3],[-82.6,-7.4],[-82,-7.6],[-82.7,-7.7],[-82.4,-7.8],[-82.1,-7.8],[-82.4,-8.2],[-81.9,-8.2],[-81.3,-8.7],[-81.2,-8.9],[-81.2,-9.1],[-81.1,-9.4],[-81,-9.5],[-81.1,-9.6],[-81,-9.8],[-81,-9.9],[-81.2,-10.1],[-81.6,-10.1],[-82,-9.2],[-82.5,-8.9],[-83.1,-8.5],[-82.8,-8.8],[-82.8,-8.9],[-82.2,-9.3],[-82.7,-9.6],[-83.2,-9.5],[-83.6,-10],[-82.7,-10.1],[-83.2,-10.4],[-83.3,-10.4],[-82.8,-10.3],[-82.2,-10.2],[-81.2,-10.5],[-81.5,-10.7],[-81.5,-10.8],[-81.7,-10.9],[-81.9,-11.1],[-82.1,-11.1],[-82.2,-11.4],[-82.5,-11.4],[-82.5,-11.6],[-82.8,-11.7],[-83.1,-11.9],[-83.3,-11.9],[-83.5,-11.9],[-83.9,-12],[-84.2,-11.9],[-84.4,-12.2],[-84.6,-12.2],[-84.7,-12.1],[-85,-11.9],[-85.2,-11.6],[-85.1,-12.2],[-85.2,-12.3],[-85.6,-12.5],[-85.8,-12.8],[-86,-13],[-86.1,-13.2],[-86.2,-13.4],[-86.5,-13.6],[-86.7,-13.6],[-86.8,-13.6],[-86.9,-13.7],[-87.1,-13.9],[-87.2,-13.8],[-87.5,-13.8],[-87.6,-13.8],[-87.7,-13.6],[-87.6,-13.3],[-87.6,-13.4],[-87.7,-13.4],[-87.8,-13.7],[-88,-13.7],[-88,-13.9],[-88.1,-13.8],[-88.3,-13.9],[-88.4,-13.8],[-88.5,-13.7],[-88.8,-13.8],[-88.8,-14.1],[-88.9,-14.2],[-89.2,-14.1],[-89.5,-14.2],[-89.4,-14.8],[-89.9,-14.7],[-89.6,-15.2],[-89.8,-15.4],[-89.8,-15.6],[-90,-15.4],[-90.1,-15.6],[-90.2,-15.4],[-90.3,-15.6],[-90.5,-15.6],[-90.6,-15.6],[-90.4,-15.9],[-90.6,-16],[-90.9,-15.9],[-90.9,-16],[-91,-16],[-90.9,-16.3],[-90.8,-16.4],[-90.9,-16.4],[-91.2,-16.7],[-91.1,-16.9],[-91.4,-16.8],[-91.3,-17],[-91.4,-17.1],[-91.5,-17.3],[-92,-17.3],[-91.7,-17.6],[-92.1,-17.5],[-91.9,-17.9],[-92,-18],[-92.3,-17.8],[-92.5,-17.7],[-92.2,-18],[-92.2,-18.2],[-92.4,-18.2],[-92.6,-17.9],[-92.8,-18],[-93,-18.1],[-93.2,-17.9],[-92.8,-17.9],[-93.2,-17.9],[-93.2,-17.5],[-93.2,-17.3],[-93.1,-17.3],[-93.1,-17.2],[-92.9,-17],[-93.2,-17.1],[-93.4,-17],[-92.9,-17],[-93.2,-16.9],[-93,-16.7],[-93.3,-16.8],[-93.4,-16.8],[-93.5,-16.9],[-93.8,-16.7],[-93.9,-16.6],[-94,-16.3],[-94,-16.2],[-94.2,-16.1],[-94.1,-16.1],[-94.1,-15.9],[-94.3,-15.9],[-93.9,-15.9],[-94.4,-15.7],[-94.3,-15.7],[-94.2,-15.5],[-94.3,-15.4],[-94,-15.3],[-94.1,-15.3],[-94.3,-15.2],[-94.1,-15.2],[-94.1,-15],[-94.1,-14.9],[-94.2,-14.5],[-94.1,-14.4],[-94,-14.3],[-94.2,-14.2],[-94.1,-13.9],[-94.2,-13.8],[-94.1,-13.8],[-94.2,-13.7],[-94.1,-13.5],[-93.8,-13.6],[-94.1,-13.4],[-94.2,-13.3],[-93.8,-13.3],[-93.9,-13.1],[-93.4,-13.1],[-93.9,-13],[-93.7,-13],[-93.5,-12.9],[-93.3,-12.9],[-93.4,-12.8],[-93.3,-12.7],[-93.3,-12.9],[-93.1,-12.8],[-93.3,-12.6],[-93.2,-12.1],[-93.5,-12.5],[-93.7,-12.3],[-93.5,-12.3],[-93.5,-12.2],[-93.8,-12.3],[-93.8,-12.2],[-93.6,-11.9],[-93.6,-11.8],[-93.7,-11.8],[-93.2,-11.6],[-93.6,-11.6],[-93.7,-11.5],[-93.6,-11.4],[-93.4,-11.1],[-93.1,-11.4],[-93.3,-11.3],[-93.6,-11],[-93.6,-10.9],[-92.8,-10.7],[-92.1,-10.9],[-92.8,-10.7],[-93.7,-10.8],[-93.4,-10.8],[-93.1,-10.6],[-93.1,-10.4],[-92.8,-10.5],[-92.7,-10.3],[-93,-10.1],[-93.2,-9.9],[-92.4,-10],[-93,-9.7],[-92.6,-9.6],[-92.5,-9.6],[-91.9,-10.1],[-91.9,-10],[-91.7,-9.9],[-91.8,-9.7],[-92.3,-9.6],[-92.9,-9.6],[-92.6,-9.4],[-92.4,-9.4],[-92.1,-9.6],[-92.5,-9.1],[-92.2,-9.3],[-91.6,-9.9],[-91.7,-9.6],[-91.4,-9.3],[-92.1,-9.3],[-92.4,-9],[-92,-9],[-91.7,-9],[-91.4,-9.1],[-91.3,-9.2],[-91.5,-9],[-91.1,-8.8],[-91.1,-8.9],[-91,-9],[-91.1,-8.8],[-91,-8.8],[-91.1,-8.6],[-90.9,-8.5],[-90.8,-8.4],[-90.7,-8.1],[-90.7,-7.9],[-90.9,-7.9],[-91.4,-6.8],[-90.4,-7.8],[-90.6,-7.4],[-90.4,-7.6],[-90.4,-7.3],[-90.3,-7.4],[-90.4,-6.9],[-90.2,-7],[-90.6,-6.7],[-90.4,-6.6],[-90.1,-6.4],[-90.5,-6.1],[-90.3,-5.5],[-90.7,-6.1],[-90.8,-6.3],[-91.2,-6.1],[-91,-5.7],[-90.5,-5.5],[-90.8,-5.5],[-90.5,-5.3],[-90.7,-5.2],[-90.4,-5.2],[-90.3,-5.1],[-90.2,-5],[-90.3,-4.7],[-90.2,-4.5],[-90,-4.1],[-90,-4],[-89.9,-3.8],[-89.8,-3.5],[-89.9,-3.4],[-89.7,-3.4],[-89.8,-3.1],[-89.7,-2.8],[-89.6,-2.3],[-89.4,-2.1],[-89.5,-1.8],[-89.6,-1.4],[-89.8,-1],[-89.9,-0.7],[-90.1,-0.6],[-90.4,-0.6],[-90.4,-0.5],[-90.7,-0.2],[-90.9,-0.1],[-90.6,0.1],[-90.7,0.7],[-90.8,0.9],[-90.6,1],[-89.8,0.3],[-89.9,0.6],[-89.5,0.6],[-89.9,1],[-89.9,1.2],[-90.2,1.5],[-90.1,2],[-89.5,2.1],[-89.2,1.9],[-88.9,2],[-88.6,1.8],[-88,1.8],[-87.5,2.1],[-87.8,2.2],[-87.4,2.8],[-87,2.8],[-86.7,2.9],[-86.4,2.8],[-85.9,3],[-85.4,3.1],[-85.3,3],[-85.3,2.4],[-84.9,2.4],[-84.6,2.9],[-84.3,2.1],[-83.8,2.2],[-83.5,2.7],[-83.4,2.4],[-83.7,2.9],[-83.7,3.2],[-83.5,3.2],[-83.4,3],[-83.1,2.5],[-82.8,2.8],[-82.8,3.2],[-82.5,3.2],[-82.4,3],[-82,3.1]]]]}},{"type":"Feature","properties":{},"geometry":{"type":"MultiPolygon","coordinates":[[[[-91.3,-7.7],[-91.3,-8.2],[-91.7,-8],[-91.8,-7.9],[-92.1,-7.6],[-91.9,-7.3],[-91.5,-7.1],[-91.3,-7.7]]]]}},{"type":"Feature","properties":{},"geometry":{"type":"MultiPolygon","coordinates":[[[[-82.2,-9.9],[-83.2,-10],[-82.8,-9.6],[-82.3,-9.6],[-82.2,-9.9]]]]}},{"type":"Feature","properties":{},"geometry":{"type":"MultiPolygon","coordinates":[[[[-81.4,-7.8],[-81.2,-8.2],[-81.2,-8.5],[-81.5,-8.3],[-81.8,-7.7],[-81.4,-7.8]]]]}},{"type":"Feature","properties":{},"geometry":{"type":"MultiPolygon","coordinates":[[[[-81.8,-7.2],[-81.4,-7.5],[-82,-7.2],[-81.8,-7.2]]]]}},{"type":"Feature","properties":{},"geometry":{"type":"MultiPolygon","coordinates":[[[[-81.1,-7.7],[-81.4,-7.8],[-81.8,-7.6],[-81.1,-7.7]]]]}},{"type":"Feature","properties":{},"geometry":{"type":"MultiPolygon","coordinates":[[[[-80,-5.3],[-79.9,-5.4],[-80.2,-5.6],[-80.1,-5.3],[-80,-5.3]]]]}},{"type":"Feature","properties":{},"geometry":{"type":"MultiPolygon","coordinates":[[[[-87.7,-13.7],[-87.6,-14],[-87.8,-14],[-87.7,-13.7]]]]}},{"type":"Feature","properties":{},"geometry":{"type":"MultiPolygon","coordinates":[[[[-90.8,-8],[-91,-8.4],[-90.9,-8.1],[-90.8,-8]]]]}},{"type":"Feature","properties":{},"geometry":{"type":"MultiPolygon","coordinates":[[[[-92.6,-18.1],[-92.3,-18.4],[-92.5,-18.4],[-92.5,-18.2],[-92.6,-18.1]]]]}},{"type":"Feature","properties":{},"geometry":{"type":"MultiPolygon","coordinates":[[[[-89.3,-14.5],[-89.2,-14.7],[-89.4,-14.2],[-89.2,-14.5],[-89.3,-14.5]]]]}},{"type":"Feature","properties":{},"geometry":{"type":"MultiPolygon","coordinates":[[[[-90.6,-16.1],[-90.7,-16.1],[-90.7,-16],[-90.6,-16.1]]]]}},{"type":"Feature","properties":{},"geometry":{"type":"MultiPolygon","coordinates":[[[[-93.6,-16.8],[-93.6,-16.9],[-93.7,-16.9],[-93.6,-16.8]]]]}},{"type":"Feature","properties":{},"geometry":{"type":"MultiPolygon","coordinates":[[[[159,-23.6],[157.7,-21.8],[157.7,-21.4],[157.1,-19.8],[156.1,-18.9],[157.6,-19.1],[158.3,-20.5],[159.5,-21.9],[160.5,-21.8],[160.1,-21],[160.4,-20.4],[159.5,-19.2],[160.8,-19.9],[160.6,-20.2],[160.9,-20.5],[162.1,-21.5],[162,-22.4],[161.7,-23.3],[162,-24.4],[163,-25.5],[163,-25.8],[163,-26.6],[162.9,-26.9],[161.1,-25.2],[159,-23.6]]]]}},{"type":"Feature","properties":{},"geometry":{"type":"MultiPolygon","coordinates":[[[[138,-37.7],[137.2,-34.7],[138.7,-34.3],[141.7,-33.5],[143.1,-32.8],[143.5,-33.6],[143.5,-35.4],[144.9,-36.9],[145,-37.4],[142.5,-37.7],[139.9,-38.1],[139.3,-38.6],[138.8,-38.1],[138.7,-36.8],[138.9,-36.5],[138.4,-36],[138.2,-36.6],[138,-37.7]]]]}},{"type":"Feature","properties":{},"geometry":{"type":"MultiPolygon","coordinates":[[[[159.4,-31.7],[161.8,-31.6],[162.5,-32.7],[163.3,-34.7],[162.2,-35.3],[161.1,-32.4],[159.4,-31.7]]]]}},{"type":"Feature","properties":{},"geometry":{"type":"MultiPolygon","coordinates":[[[[141.9,-24.4],[142.2,-24.2],[142.1,-24],[142.1,-23.8],[142.3,-23.4],[142.3,-22.9],[142.5,-22.2],[143,-21.5],[143.4,-21.1],[143.3,-21],[146,-20.7],[146.8,-20.4],[146.9,-20.1],[148.4,-18.2],[148.8,-18.4],[148.3,-19.4],[146.8,-22.6],[146.3,-24.2],[144.6,-24.7],[143.2,-25.1],[142.1,-25.4],[141.6,-25.9],[141.2,-26.3],[140.9,-26.8],[140.7,-27.5],[140.7,-28.3],[139.5,-26.9],[142,-24.9],[141.9,-24.4]]]]}},{"type":"Feature","properties":{},"geometry":{"type":"MultiPolygon","coordinates":[[[[157.1,-19.8],[157.7,-21.4],[157.7,-21.8],[157.3,-22.3],[157.1,-23.6],[156.5,-24.4],[156.2,-23.7],[157,-21.5],[157.6,-21.2],[157.1,-19.8]]]]}},{"type":"Feature","properties":{},"geometry":{"type":"MultiPolygon","coordinates":[[[[144.5,-30.3],[144.5,-29.5],[145.8,-29.2],[147.3,-29.2],[148.8,-28.7],[150.4,-27.8],[151,-27.7],[152.2,-27.6],[153.1,-27.6],[153.8,-27.6],[153.2,-28],[151.6,-28.8],[149,-30],[147.9,-30.2],[146,-30.7],[144.8,-30.5],[144.5,-30.3]]]]}},{"type":"Feature","properties":{},"geometry":{"type":"MultiPolygon","coordinates":[[[[149,-18.3],[149.1,-18.1],[152.3,-16.5],[154.8,-17.6],[156.1,-18.9],[155.2,-18.5],[153.8,-18.5],[151.5,-19.1],[150.4,-19],[149,-18.3]]]]}},{"type":"Feature","properties":{},"geometry":{"type":"MultiPolygon","coordinates":[[[[143.7,-24.9],[146,-24.2],[146.6,-24.3],[148.2,-24.4],[149.5,-24.6],[150.4,-25],[152.2,-25.6],[153.4,-26.5],[153.4,-27.3],[152.5,-27.5],[151.3,-27.8],[150.4,-27.2],[149.5,-26.1],[148,-25.8],[146.9,-25.9],[145.4,-25.8],[143.9,-25.6],[143.7,-24.9]]]]}},{"type":"Feature","properties":{},"geometry":{"type":"MultiPolygon","coordinates":[[[[153.7,-27.3],[153.2,-26.3],[151.8,-25.4],[150.3,-24.9],[149.3,-24.6],[147.9,-24.4],[146.4,-24.1],[147,-21.6],[148.4,-19],[149,-18.3],[151,-19.2],[153,-18.7],[154.6,-18.5],[155.6,-18.6],[156.6,-19.3],[157.4,-20.9],[157.2,-21.3],[156.2,-23],[155.6,-26.2],[155,-27.2],[153.7,-27.3]]]]}},{"type":"Feature","properties":{},"geometry":{"type":"MultiPolygon","coordinates":[[[[154.6,-27.9],[155.4,-26.6],[156,-25.5],[156.9,-23.8],[157.2,-22.7],[157.6,-21.9],[158.4,-22.8],[160,-25.2],[161,-26.8],[161.2,-27.8],[159.2,-28.1],[157,-28.6],[154,-28.6],[151.8,-29],[152.1,-28.5],[153.5,-27.9],[154.6,-27.9]]]]}},{"type":"Feature","properties":{},"geometry":{"type":"MultiPolygon","coordinates":[[[[154.3,-27.8],[155.4,-26.6],[154.6,-27.9],[154.3,-27.8]]]]}},{"type":"Feature","properties":{},"geometry":{"type":"MultiPolygon","coordinates":[[[[143.7,-24.9],[142.8,-26.3],[142.6,-28.6],[143.3,-29.5],[142.4,-29],[141.5,-28.3],[141.2,-27.9],[141.2,-28.5],[140.7,-28.3],[140.7,-27.5],[140.9,-26.8],[141.2,-26.3],[141.6,-25.9],[142.1,-25.4],[143.2,-25.1],[143.7,-24.9]]]]}},{"type":"Feature","properties":{},"geometry":{"type":"MultiPolygon","coordinates":[[[[151.4,-34.8],[153.8,-32.7],[153.8,-30.8],[156.7,-30.6],[158.6,-31.7],[159.6,-31.8],[161.8,-33.4],[163,-37.2],[162.4,-38.4],[161.3,-39.3],[160.2,-39.8],[159.6,-41.2],[159.9,-42.1],[159.7,-43.2],[159.2,-43.5],[159.8,-46.1],[159.5,-46],[159.6,-46.1],[159.6,-46.9],[156.8,-46.9],[155.9,-45.3],[155,-41.5],[153.1,-38.7],[151.4,-35.7],[151.4,-34.8]]]]}},{"type":"Feature","properties":{},"geometry":{"type":"MultiPolygon","coordinates":[[[[134.7,-32.6],[135.3,-33.9],[135.2,-34.7],[133.6,-34.1],[133,-33.6],[134.7,-32.6]]]]}},{"type":"Feature","properties":{},"geometry":{"type":"MultiPolygon","coordinates":[[[[134.7,-32.6],[136.1,-31.4],[137.2,-31.2],[136.5,-31.8],[136.2,-32.6],[136.1,-34.2],[135.5,-34.4],[135.1,-32.8],[134.7,-32.6]]]]}},{"type":"Feature","properties":{},"geometry":{"type":"MultiPolygon","coordinates":[[[[136.8,-32.5],[137.7,-31.7],[138.8,-31.4],[141.9,-31.6],[144.8,-31.8],[145,-33],[143.4,-32.8],[142.4,-33.2],[140.3,-33.9],[137.3,-33.9],[136.7,-33.4],[136.8,-32.5]]]]}},{"type":"Feature","properties":{},"geometry":{"type":"MultiPolygon","coordinates":[[[[121.1,-43.8],[119.9,-43.8],[119.1,-43.9],[118,-43.5],[118.4,-43],[118.9,-42.7],[119.5,-41.9],[120.1,-42.6],[121.1,-43.8]]]]}},{"type":"Feature","properties":{},"geometry":{"type":"MultiPolygon","coordinates":[[[[133.5,-44.3],[136.8,-41.6],[136.8,-42.4],[138.2,-40.2],[138.8,-39.3],[139.3,-38.6],[139.9,-38.1],[142.5,-37.7],[145,-37.4],[148.1,-36.9],[145.9,-38],[143.3,-39.7],[140.7,-42.6],[139.8,-43.8],[139.1,-44.1],[138.2,-46],[137,-45.7],[136.4,-45.2],[135,-45.6],[134.8,-45.6],[134,-45],[134.4,-44.8],[134.1,-44.5],[133.7,-44.3],[133.5,-44.3]]]]}},{"type":"Feature","properties":{},"geometry":{"type":"MultiPolygon","coordinates":[[[[146.5,-53.4],[144.2,-52.9],[142.6,-52],[140.1,-51.2],[138.9,-49.6],[139,-47.7],[138.5,-45],[139.6,-43.9],[140.7,-42.7],[141.8,-41],[144.5,-38.7],[147.2,-37.5],[150,-36.1],[151.6,-36.2],[153.3,-39.1],[155.8,-42.8],[155.1,-45.8],[158.8,-47.5],[160.7,-48.8],[161.5,-49.6],[162.1,-50.2],[162.2,-50.3],[162.5,-50.9],[162.8,-51.8],[163,-52.3],[162.7,-52.1],[162.4,-52.2],[161.5,-52.9],[161.2,-52.8],[161,-52.8],[161.2,-53],[161.5,-53.3],[161.2,-53.3],[160.7,-53.7],[161.3,-53.9],[159.9,-55.1],[159.2,-55.7],[159.3,-56.4],[157.7,-56.9],[156.9,-55.4],[153.7,-54.1],[153.3,-53.7],[152,-53.6],[150.5,-53.9],[150.1,-53.9],[148.9,-54.2],[149,-53.6],[146.5,-53.4]]]]}},{"type":"Feature","properties":{},"geometry":{"type":"MultiPolygon","coordinates":[[[[137.7,-52.6],[143.6,-52.8],[146,-52.9],[148.8,-54.9],[149.7,-54.4],[150.4,-54.5],[152.3,-54.8],[153.9,-55.6],[155.4,-56.1],[156.4,-56.5],[157.7,-56.9],[156.4,-57.7],[150.3,-58],[142.3,-55.9],[137.7,-52.6]]]]}},{"type":"Feature","properties":{},"geometry":{"type":"MultiPolygon","coordinates":[[[[126.6,-40.6],[129,-40.8],[128.3,-41],[128.9,-41.4],[128.8,-41.7],[128.6,-44.9],[125,-45],[125.9,-42.4],[127.1,-40.6],[126.6,-40.6]]]]}},{"type":"Feature","properties":{},"geometry":{"type":"MultiPolygon","coordinates":[[[[105.3,-71.6],[119.9,-68.1],[128.5,-64.1],[123.1,-63],[115,-64.7],[105,-61.1],[99.7,-61.6],[97.4,-61.5],[107.7,-59.3],[112.6,-59.1],[113.6,-58.4],[112.1,-58.2],[110.8,-57.9],[108.7,-57.1],[109.3,-55.9],[110.4,-54.7],[112.4,-53.2],[113.4,-52.8],[113,-52.4],[112.6,-51.7],[113.4,-51.5],[114.1,-51.3],[115.2,-50.5],[116.5,-50.9],[120.3,-53.3],[125.2,-53.3],[132.7,-57.4],[140.4,-58.5],[149.8,-60.3],[149.3,-61.5],[146.2,-62.8],[146,-62.4],[145,-62.6],[143.6,-62.4],[142.8,-61],[134.1,-61.9],[130.8,-63.7],[134.3,-66.7],[140.5,-68.2],[139.8,-70.8],[136.2,-69.2],[131.9,-70.5],[126.9,-71.4],[119.3,-72.1],[117.3,-74],[126.4,-77],[137.1,-76.5],[139.3,-74.1],[129.6,-77.2],[104.6,-77.7],[104.8,-72.7],[105.3,-71.6]]]]}},{"type":"Feature","properties":{},"geometry":{"type":"MultiPolygon","coordinates":[[[[143.6,-62.5],[145.2,-63],[144.9,-63.3],[143.6,-63],[143.6,-62.5]]]]}},{"type":"Feature","properties":{},"geometry":{"type":"MultiPolygon","coordinates":[[[[96.2,-59.5],[97.7,-59.6],[98.8,-59.6],[98.4,-60],[96.9,-60.2],[96.2,-59.6],[96.2,-59.5]]]]}},{"type":"Feature","properties":{},"geometry":{"type":"MultiPolygon","coordinates":[[[[95.3,-59.5],[96.2,-59.6],[95.4,-59.7],[95.3,-59.5]]]]}},{"type":"Feature","properties":{},"geometry":{"type":"MultiPolygon","coordinates":[[[[98.1,-59.3],[97,-59.3],[97.9,-59.3],[98.1,-59.3]]]]}},{"type":"Feature","properties":{},"geometry":{"type":"MultiPolygon","coordinates":[[[[102,-54.8],[103,-53.9],[103.7,-53.7],[104.7,-53.4],[106.8,-53.5],[109.3,-54.5],[108.3,-56.3],[105.3,-57.7],[103.6,-56.2],[104.5,-55.4],[102,-54.8]]]]}},{"type":"Feature","properties":{},"geometry":{"type":"MultiPolygon","coordinates":[[[[96.7,-53.3],[98.3,-52.9],[97.5,-54.2],[96.3,-54.1],[96.7,-53.3]]]]}},{"type":"Feature","properties":{},"geometry":{"type":"MultiPolygon","coordinates":[[[[97.9,-48.8],[99.3,-48.6],[97.7,-49],[97.9,-48.8]]]]}},{"type":"Feature","properties":{},"geometry":{"type":"MultiPolygon","coordinates":[[[[105.7,-52.1],[107.8,-51.6],[110.9,-50.3],[110.8,-50.9],[109.3,-51.4],[109.2,-52.4],[110,-53.4],[110.1,-54.1],[109.3,-54.5],[106.8,-53.5],[104.7,-53.4],[104.9,-53.2],[105.7,-52.2],[105.7,-52.1]]]]}},{"type":"Feature","properties":{},"geometry":{"type":"MultiPolygon","coordinates":[[[[101.4,-50.6],[105.8,-51.8],[104.7,-52.7],[104.3,-53],[101.3,-52.9],[100.5,-51.4],[101.4,-50.6]]]]}},{"type":"Feature","properties":{},"geometry":{"type":"MultiPolygon","coordinates":[[[[108.3,-48.5],[109.8,-47.8],[110.9,-48.4],[111.8,-49.8],[110.9,-49.7],[110.9,-50.3],[107.8,-51.6],[105.7,-52.1],[105.7,-51.6],[105.8,-51.2],[107.7,-49.3],[108.3,-48.5]]]]}},{"type":"Feature","properties":{},"geometry":{"type":"MultiPolygon","coordinates":[[[[113.4,-50],[114.7,-50.8],[113.7,-51.3],[113,-51.8],[113.3,-52.1],[113.2,-52.7],[112.9,-53.1],[111.6,-52.6],[111.4,-52],[113.4,-50]]]]}},{"type":"Feature","properties":{},"geometry":{"type":"MultiPolygon","coordinates":[[[[110.3,-54.4],[109.7,-55.7],[108.4,-56.8],[110.1,-57.8],[112,-58],[113.4,-58.3],[113,-58.9],[111.1,-58.7],[109,-59],[108,-58.2],[106,-57.3],[109.1,-55.8],[110.3,-54.4]]]]}},{"type":"Feature","properties":{},"geometry":{"type":"MultiPolygon","coordinates":[[[[97.7,-50.3],[99.2,-48.4],[100,-46.7],[103.1,-45],[106.3,-43.8],[108.6,-43.8],[111,-44.6],[109.1,-45.7],[106.4,-45.7],[103.5,-46.9],[100.8,-50],[98.8,-51.8],[97.2,-50.9],[97.7,-50.3]]]]}},{"type":"Feature","properties":{},"geometry":{"type":"MultiPolygon","coordinates":[[[[107.1,-41.2],[107.8,-41.8],[110.9,-43.4],[111.3,-43.5],[111.6,-43.6],[112,-43.9],[108.6,-43.8],[106.9,-42.3],[107.1,-41.2]]]]}},{"type":"Feature","properties":{},"geometry":{"type":"MultiPolygon","coordinates":[[[[94.5,-52.8],[96.2,-52.5],[96.3,-54.1],[94.8,-54.2],[94,-53.8],[94.4,-52.9],[94.5,-52.8]]]]}},{"type":"Feature","properties":{},"geometry":{"type":"MultiPolygon","coordinates":[[[[102.7,-48.4],[105.1,-47.6],[102.5,-49.1],[102.7,-48.4]]]]}},{"type":"Feature","properties":{},"geometry":{"type":"MultiPolygon","coordinates":[[[[111.6,-50.2],[111.4,-52],[110.4,-53.7],[109.5,-53.8],[110.1,-53.2],[109.2,-52.1],[109.9,-51.1],[111,-50.7],[111.6,-50.2]]]]}},{"type":"Feature","properties":{},"geometry":{"type":"MultiPolygon","coordinates":[[[[109.1,-47.6],[110.2,-47],[111.4,-46.5],[112,-46],[112.6,-45.3],[113.1,-44.9],[114.5,-44.4],[114.9,-47.3],[111.4,-50.1],[111.2,-49.7],[111.4,-49.3],[111.2,-47.9],[109.1,-47.6]]]]}},{"type":"Feature","properties":{},"geometry":{"type":"MultiPolygon","coordinates":[[[[109.5,-43.8],[112.6,-44.6],[112,-45.2],[110.3,-46.1],[106.9,-45.8],[106.4,-46.8],[104.7,-48.2],[102.7,-47.5],[106.3,-45.7],[108.5,-45.5],[111.2,-45.1],[109.5,-43.8]]]]}},{"type":"Feature","properties":{},"geometry":{"type":"MultiPolygon","coordinates":[[[[123.9,-42.3],[123.1,-43.2],[122.9,-43.6],[124,-43],[124.2,-42.4],[124.7,-41.7],[126.5,-41.3],[125.8,-43.6],[121.2,-44],[123.9,-42.3]]]]}},{"type":"Feature","properties":{},"geometry":{"type":"MultiPolygon","coordinates":[[[[144.5,-58],[150.3,-58],[156.4,-57.7],[158.8,-56.3],[159.4,-56.6],[160.5,-57.2],[160.6,-57.3],[160.8,-57.4],[160.9,-57.5],[161,-57.6],[160.9,-58.6],[159.6,-59.2],[158.5,-59.5],[159,-59.9],[157.8,-60],[157.1,-60.1],[155.9,-60.2],[153.1,-61.1],[149.1,-59.6],[144.5,-58]]]]}},{"type":"Feature","properties":{},"geometry":{"type":"MultiPolygon","coordinates":[[[[145,-74.8],[148.1,-72.7],[149.8,-71.3],[152,-68.6],[154.3,-68.8],[155,-69.7],[152.3,-72.3],[150.3,-73.6],[148,-74.4],[145.9,-74.9],[145,-74.8]]]]}},{"type":"Feature","properties":{},"geometry":{"type":"MultiPolygon","coordinates":[[[[148.5,-72.3],[145.9,-74.4],[144,-75],[144.7,-74.3],[145.4,-73.7],[145.7,-73.4],[146.2,-72.7],[146.9,-71.8],[147.9,-72.4],[148.5,-72.3]]]]}},{"type":"Feature","properties":{},"geometry":{"type":"MultiPolygon","coordinates":[[[[142.5,-75.8],[145.6,-74.9],[147.6,-74.4],[148.9,-74.4],[148,-75.1],[146.4,-75.8],[143.9,-76.3],[142.8,-76],[142.5,-75.8]]]]}},{"type":"Feature","properties":{},"geometry":{"type":"MultiPolygon","coordinates":[[[[144.1,-76.3],[147.9,-76],[149.9,-75.1],[152.1,-74.1],[153.3,-75.1],[152.7,-76.4],[151.9,-78.1],[148.2,-77.3],[146.4,-76.7],[144.1,-76.3]]]]}},{"type":"Feature","properties":{},"geometry":{"type":"MultiPolygon","coordinates":[[[[152.4,-73.8],[153.9,-73.7],[154.5,-74.6],[155,-75.6],[153.2,-75.1],[152.4,-73.8]]]]}},{"type":"Feature","properties":{},"geometry":{"type":"MultiPolygon","coordinates":[[[[151.9,-78.1],[152.7,-76.4],[157.8,-74.8],[157,-76.4],[151.9,-78.1]]]]}},{"type":"Feature","properties":{},"geometry":{"type":"MultiPolygon","coordinates":[[[[169.6,-70.8],[170.3,-70.8],[169.5,-72.1],[168,-73.5],[166.2,-74.9],[166.1,-74.6],[167.7,-73.5],[168.3,-72.2],[169.6,-70.8]]]]}},{"type":"Feature","properties":{},"geometry":{"type":"MultiPolygon","coordinates":[[[[158.4,-77.4],[160.1,-76.4],[162.6,-75.3],[164.5,-74.3],[165.8,-72.5],[167.7,-71.9],[168.2,-71.3],[169.4,-70.7],[168.6,-71.8],[167.8,-73.1],[166.4,-74.4],[164.9,-75.4],[162.4,-76.6],[160.4,-78.2],[159.6,-77.6],[158.4,-77.4]]]]}},{"type":"Feature","properties":{},"geometry":{"type":"MultiPolygon","coordinates":[[[[162.8,-76.5],[165.4,-75.3],[168.5,-75.1],[167.4,-76],[164.9,-76.7],[162.8,-76.5]]]]}},{"type":"Feature","properties":{},"geometry":{"type":"MultiPolygon","coordinates":[[[[164.9,-76.7],[167.4,-76],[168.5,-75.1],[170,-74.6],[170.2,-75.8],[169.7,-76.4],[167.5,-76.4],[166.1,-76.9],[165.8,-76.9],[164.9,-76.7]]]]}},{"type":"Feature","properties":{},"geometry":{"type":"MultiPolygon","coordinates":[[[[169.9,-76.4],[169.6,-76.2],[170.3,-75.7],[169.9,-74.4],[168.8,-73.6],[168.7,-72.6],[169.7,-72.6],[171.2,-71.4],[172.6,-70],[173.4,-70.7],[173.2,-72.6],[172.4,-73.9],[171.3,-75.8],[170.9,-76.5],[169.9,-76.4]]]]}},{"type":"Feature","properties":{},"geometry":{"type":"MultiPolygon","coordinates":[[[[165.1,-75.3],[167.2,-74.4],[168.2,-72.7],[170,-71.3],[170.6,-70.2],[171.7,-69.8],[172.6,-70.4],[171,-71.5],[169.4,-72.6],[168.6,-72.9],[169,-73.7],[168.5,-75.1],[165.4,-75.3],[165.1,-75.3]]]]}},{"type":"Feature","properties":{},"geometry":{"type":"MultiPolygon","coordinates":[[[[171.3,-76.6],[171.7,-74.8],[172.7,-73.3],[173.8,-71.5],[172.9,-69.7],[177.6,-70.6],[174.7,-73.4],[174.8,-75.3],[173.2,-77.9],[171.3,-76.6]]]]}},{"type":"Feature","properties":{},"geometry":{"type":"MultiPolygon","coordinates":[[[[-137.3,-75.9],[-140.1,-72],[-136.7,-68.9],[-139.3,-68.5],[-146.9,-68.3],[-151.6,-67.3],[-156.7,-62.8],[-157.8,-59.7],[-161.8,-58.3],[-164.4,-57.5],[-163.6,-57.7],[-160.8,-57.9],[-160.8,-58.1],[-160.4,-58.2],[-159.7,-58.3],[-159.6,-58.5],[-158.7,-58.6],[-159,-58.7],[-159.3,-58.8],[-159,-58.9],[-158.9,-58.9],[-158.5,-59],[-158.2,-59.2],[-157.9,-59.4],[-157.5,-59.6],[-157.3,-59.8],[-156.9,-59.9],[-156.1,-60],[-155.8,-59.9],[-155.2,-60],[-154.7,-60.4],[-154.3,-60.2],[-154.1,-60.3],[-153.8,-60.4],[-153.5,-60.5],[-152.7,-60.6],[-152.6,-60.7],[-152.8,-60.8],[-152.8,-60.9],[-152.6,-60.8],[-152.5,-60.7],[-152.1,-60.7],[-152.9,-61.2],[-151.8,-60.8],[-150.4,-60.6],[-150.3,-61],[-150,-60.8],[-149.4,-60.9],[-149.5,-61.1],[-149.4,-61.2],[-149.1,-60.9],[-148.2,-61.6],[-148.6,-61.7],[-149.7,-62],[-149.6,-62.1],[-148.7,-61.8],[-147.7,-62.1],[-148.2,-62.5],[-147.6,-63.2],[-146.1,-64.3],[-143.4,-66.3],[-141.3,-67],[-140.7,-67.3],[-139.8,-67.7],[-139,-67.9],[-137.5,-67.8],[-135.9,-68.8],[-135.7,-69.8],[-134.6,-70.8],[-133.6,-72.3],[-131.2,-75],[-133.2,-77.1],[-131.5,-79.2],[-134.4,-78.7],[-137.3,-75.9]]]]}},{"type":"Feature","properties":{},"geometry":{"type":"MultiPolygon","coordinates":[[[[166.2,-76.9],[166.9,-76.4],[169.4,-76.5],[170.6,-76.3],[170,-76.6],[169.3,-77.4],[168.4,-77.3],[166.7,-77],[166.2,-76.9]]]]}},{"type":"Feature","properties":{},"geometry":{"type":"MultiPolygon","coordinates":[[[[154.9,-77.7],[159.6,-74],[162.3,-72.7],[162.6,-73.9],[159.5,-75.8],[157.6,-76.8],[154.9,-77.7]]]]}},{"type":"Feature","properties":{},"geometry":{"type":"MultiPolygon","coordinates":[[[[151.5,-72.8],[153.9,-71.8],[154.5,-69.3],[153,-68.5],[152,-67],[153,-62.5],[156.4,-64.5],[158.6,-65.1],[161.6,-64.9],[165.6,-64.2],[170.1,-64.8],[172.6,-66.6],[173.7,-67.9],[177.4,-69.2],[175.9,-69.7],[171.7,-69.8],[170.6,-70.2],[169.6,-70.8],[168.5,-71.1],[167.8,-71.8],[166.1,-72.4],[163.3,-72.8],[161.2,-72.4],[158.7,-71.9],[156.2,-72.7],[153.5,-73.6],[151.9,-73.8],[151.6,-73.3],[151.5,-72.8]]]]}},{"type":"Feature","properties":{},"geometry":{"type":"MultiPolygon","coordinates":[[[[175.6,-47.4],[173.9,-44.3],[170.5,-42.6],[168.1,-41.2],[168.8,-40.7],[171.6,-41.2],[175,-41.7],[175,-42.4],[175.1,-44.1],[176.3,-44],[176.5,-47.3],[175.6,-47.4]]]]}},{"type":"Feature","properties":{},"geometry":{"type":"MultiPolygon","coordinates":[[[[169.5,-54.5],[170,-53.2],[171.5,-51.5],[174.5,-48.8],[174.2,-51.2],[171.9,-56.8],[169.7,-55.5],[169.5,-54.5]]]]}},{"type":"Feature","properties":{},"geometry":{"type":"MultiPolygon","coordinates":[[[[168.4,-40.2],[171.4,-40.4],[173.4,-41.5],[170.4,-41.4],[168.4,-40.2]]]]}},{"type":"Feature","properties":{},"geometry":{"type":"MultiPolygon","coordinates":[[[[176.6,-39.8],[174.4,-40.2],[172,-39.4],[169.4,-38.9],[170.6,-37.4],[171.9,-35.7],[173.1,-33.3],[173.6,-30.7],[175.4,-30.8],[175.1,-32.7],[175.5,-35],[175.4,-37.3],[176.5,-39],[176.6,-39.8]]]]}},{"type":"Feature","properties":{},"geometry":{"type":"MultiPolygon","coordinates":[[[[171,-59],[174.1,-57.9],[173.6,-58.2],[173.3,-58.4],[172.5,-58.8],[171,-59]]]]}},{"type":"Feature","properties":{},"geometry":{"type":"MultiPolygon","coordinates":[[[[159.9,-57.6],[165.8,-55.8],[169.5,-54.9],[171,-56.7],[169.5,-58.9],[167.3,-58.7],[166.3,-58.5],[164.8,-58.3],[163.1,-58.5],[161.6,-58.7],[160.8,-58.3],[160.3,-57.9],[159.9,-57.6]]]]}},{"type":"Feature","properties":{},"geometry":{"type":"MultiPolygon","coordinates":[[[[180,-22.3],[177.8,-22.9],[174.7,-19.2],[178.6,-20.9],[180,-22.3]]]]}},{"type":"Feature","properties":{},"geometry":{"type":"MultiPolygon","coordinates":[[[[-180,-25.6],[-178.4,-23.9],[-177.3,-27.2],[-180,-25.6]]]]}},{"type":"Feature","properties":{},"geometry":{"type":"MultiPolygon","coordinates":[[[[174.7,-19.2],[171.9,-16.1],[174,-17.1],[174.7,-19.2]]]]}},{"type":"Feature","properties":{},"geometry":{"type":"MultiPolygon","coordinates":[[[[-117.2,2.2],[-117.5,2.4],[-119.4,3.1],[-121.2,4.5],[-121.7,5],[-121.1,5.2],[-120.1,4.5],[-119,3.5],[-117.7,3],[-117.4,2.8],[-117.1,2.6],[-117.2,2.2]]]]}},{"type":"Feature","properties":{},"geometry":{"type":"MultiPolygon","coordinates":[[[[-98.4,-5.9],[-98.5,-6.2],[-99.1,-6],[-99.7,-5.6],[-100,-5.5],[-99.8,-5.4],[-99.5,-4.8],[-98.8,-5.1],[-98.5,-5.6],[-98.4,-5.9]]]]}},{"type":"Feature","properties":{},"geometry":{"type":"MultiPolygon","coordinates":[[[[-100.5,-4.7],[-100.4,-4.3],[-99.8,-4.4],[-100.5,-4.7]]]]}},{"type":"Feature","properties":{},"geometry":{"type":"MultiPolygon","coordinates":[[[[-98.1,-4.4],[-98.3,-4.4],[-98.3,-4.1],[-98.1,-4.4]]]]}},{"type":"Feature","properties":{},"geometry":{"type":"MultiPolygon","coordinates":[[[[-97.2,-8.5],[-97.6,-8.8],[-97.8,-9.1],[-98.2,-9],[-97.9,-8.3],[-97.7,-7.9],[-97.5,-8.1],[-97.4,-8.5],[-97.2,-8.5]]]]}},{"type":"Feature","properties":{},"geometry":{"type":"MultiPolygon","coordinates":[[[[-98,-9.3],[-98.1,-9.5],[-98.4,-9.7],[-98.3,-9.9],[-98.5,-10.1],[-98.7,-10.1],[-98.9,-10.1],[-98.9,-10.3],[-98.5,-10.2],[-98.8,-11],[-99.2,-12.8],[-99.6,-14.5],[-99.8,-14.5],[-99.7,-14.3],[-99.6,-14.1],[-99.8,-14.2],[-99.9,-14.5],[-100,-14.6],[-100.1,-14.9],[-100,-14.7],[-100.1,-15.2],[-100.2,-14.9],[-100,-13.5],[-100,-12.6],[-99.5,-11.4],[-99.3,-10.5],[-98.9,-9.8],[-98.2,-9],[-98,-9.3]]]]}},{"type":"Feature","properties":{},"geometry":{"type":"MultiPolygon","coordinates":[[[[-96.4,-22],[-97,-22.1],[-96.8,-22.2],[-96.9,-22.4],[-98.7,-22.8],[-98.3,-22.5],[-97.4,-22],[-97,-21.8],[-96.7,-21.8],[-96.4,-21.9],[-96.4,-22]]]]}},{"type":"Feature","properties":{},"geometry":{"type":"MultiPolygon","coordinates":[[[[-97.7,-19.9],[-97.8,-20],[-98,-20],[-98.4,-20.2],[-98.9,-20.4],[-99.5,-20.1],[-99.5,-20],[-100.1,-19.9],[-100.5,-19.4],[-101.4,-18.7],[-102.5,-18.1],[-102.6,-18],[-102.1,-18],[-102.1,-18.3],[-101.9,-18.2],[-101.9,-17.9],[-101.5,-18],[-101.5,-17.8],[-101.8,-17.8],[-101.7,-17.1],[-100.8,-17.1],[-100.4,-17.1],[-100.4,-17.2],[-100.4,-17.7],[-100.2,-18.1],[-100,-18.6],[-99.9,-18.6],[-100,-18.5],[-99.3,-18.2],[-97.9,-19.1],[-97.7,-19.9]]]]}},{"type":"Feature","properties":{},"geometry":{"type":"MultiPolygon","coordinates":[[[[-97.4,-21.9],[-98.7,-22.7],[-99.8,-22.7],[-99.1,-22.2],[-99.2,-22.2],[-98.6,-21.9],[-98.5,-22.1],[-98.2,-21.9],[-98.1,-21.7],[-97.8,-21.3],[-97.2,-20.8],[-96.7,-20.6],[-96.2,-20.4],[-95.8,-20.6],[-95.7,-20.6],[-96.1,-20.6],[-96.4,-21.1],[-96.6,-21.3],[-97,-21.5],[-97.2,-21.7],[-97.4,-21.9]]]]}},{"type":"Feature","properties":{},"geometry":{"type":"MultiPolygon","coordinates":[[[[-100.8,-20.7],[-101.5,-19.5],[-100.7,-20.3],[-100.8,-20.7]]]]}},{"type":"Feature","properties":{},"geometry":{"type":"MultiPolygon","coordinates":[[[[-102.3,-19.7],[-102.4,-19.9],[-102.5,-20.4],[-102.9,-20.1],[-103.4,-19.6],[-104,-19.4],[-104.5,-19.4],[-105,-19.3],[-105.9,-19.6],[-106.9,-19.9],[-107.6,-20.1],[-108.2,-19.9],[-108.9,-20],[-109.7,-20],[-109.9,-20.1],[-110.1,-20.3],[-111.2,-20.9],[-112.6,-20.6],[-116.3,-19.5],[-119.7,-19],[-118.6,-18.6],[-115.5,-18.3],[-113.8,-17.9],[-113.1,-18.4],[-112.1,-18.3],[-112.1,-18.1],[-111.6,-18.1],[-112.5,-17.7],[-112.4,-17.7],[-111.6,-17.5],[-111.1,-17.2],[-110.3,-17.1],[-109.9,-17.3],[-109.1,-17.1],[-108.7,-17.3],[-108.7,-17.7],[-108.3,-18],[-107.9,-18.4],[-107.5,-18.6],[-106.1,-18.5],[-106.4,-18.6],[-107.1,-18.7],[-107.4,-18.7],[-105.1,-18.6],[-102.4,-19.5],[-102.3,-19.7]]]]}},{"type":"Feature","properties":{},"geometry":{"type":"MultiPolygon","coordinates":[[[[-112.7,-17.7],[-112.6,-17.7],[-112.7,-17.8],[-112.7,-17.7]]]]}},{"type":"Feature","properties":{},"geometry":{"type":"MultiPolygon","coordinates":[[[[-100.5,7.4],[-102.5,7.5],[-103.6,7],[-105.7,7.1],[-106.1,7.6],[-106.1,8.2],[-102.7,9.9],[-101.5,9.8],[-101.2,9.4],[-101.3,9.2],[-101.6,8.7],[-101.6,8.5],[-101.8,8.7],[-102.1,8.3],[-101.9,8.4],[-101.9,8.2],[-101.8,8.3],[-101.5,8.5],[-100.9,8.7],[-100.7,8.3],[-100.6,8.2],[-100.4,8.2],[-100.3,8.4],[-100.5,8.3],[-100.6,8.6],[-100.7,8.6],[-100.7,9],[-99.8,8.4],[-100.3,8],[-100.2,7.8],[-100.5,7.4]]]]}},{"type":"Feature","properties":{},"geometry":{"type":"MultiPolygon","coordinates":[[[[-106.3,7.7],[-106.5,8],[-106.3,8.1],[-106.2,8.1],[-106.3,7.7]]]]}},{"type":"Feature","properties":{},"geometry":{"type":"MultiPolygon","coordinates":[[[[-119.2,3.6],[-120.2,4.5],[-121.4,5.4],[-120.5,6.2],[-119.8,6.9],[-119.2,6.8],[-118.4,5.5],[-118.7,3.8],[-119.2,3.6]]]]}},{"type":"Feature","properties":{},"geometry":{"type":"MultiPolygon","coordinates":[[[[-118.7,3.4],[-119.1,3.7],[-118.3,4.5],[-118.8,6.1],[-119.7,6.9],[-119.3,7.3],[-118.6,6.4],[-118,5.2],[-118.1,4.1],[-118.7,3.4]]]]}},{"type":"Feature","properties":{},"geometry":{"type":"MultiPolygon","coordinates":[[[[-103.1,-18.1],[-104.2,-18.2],[-104.3,-18.2],[-104.6,-18.2],[-105.1,-18.3],[-105.6,-18.4],[-105.8,-18.4],[-107.3,-18.6],[-107.7,-18.4],[-108.2,-18.2],[-107.5,-17.3],[-107,-16.5],[-106.2,-16.2],[-105.3,-15],[-104.7,-16.2],[-104.8,-16.8],[-104,-16.9],[-103.1,-17.2],[-103.1,-18.1]]]]}},{"type":"Feature","properties":{},"geometry":{"type":"MultiPolygon","coordinates":[[[[-103.6,14.7],[-103.9,15],[-103.8,14.8],[-103.9,14.2],[-103.8,13.5],[-104,14],[-104.6,14],[-105,13.7],[-106.6,13],[-106.7,13.2],[-107.2,13.3],[-107.8,13.4],[-108.5,12.8],[-109.1,12.8],[-109.7,12.7],[-111.2,12.7],[-112.6,12.1],[-112.9,12.3],[-114.3,12.8],[-114.1,13.3],[-113.6,13.5],[-112.2,13.7],[-111.2,13.5],[-109.7,13.3],[-108.9,13.4],[-108.4,13.5],[-108.7,14],[-108,13.8],[-106.9,13.9],[-106,14.2],[-105.4,14.6],[-105.8,14.3],[-107,14.1],[-107.6,14.3],[-106.6,14.3],[-105.7,14.5],[-105.4,14.9],[-104.5,15.1],[-103.8,17.2],[-101,18.5],[-102.7,17.2],[-103.6,15.3],[-103.6,15],[-103.6,14.7]]]]}},{"type":"Feature","properties":{},"geometry":{"type":"MultiPolygon","coordinates":[[[[-95.6,6],[-96.2,5.9],[-96.5,6.2],[-96.2,6],[-96,6.2],[-95.7,6.1],[-95.6,6]]]]}},{"type":"Feature","properties":{},"geometry":{"type":"MultiPolygon","coordinates":[[[[-100.4,6.9],[-101.6,6.9],[-103.2,6.7],[-104.8,6.3],[-105.2,6.7],[-103.6,7],[-102.5,7.5],[-100.5,7.4],[-100.4,6.9]]]]}},{"type":"Feature","properties":{},"geometry":{"type":"MultiPolygon","coordinates":[[[[-98.4,7.4],[-98,7.4],[-98.1,7.3],[-98.5,6.9],[-98.5,7.3],[-98.4,7.4]]]]}},{"type":"Feature","properties":{},"geometry":{"type":"MultiPolygon","coordinates":[[[[-99.6,7.4],[-99.4,7.4],[-98.9,7.3],[-99,7.2],[-99.1,7],[-99.4,7.2],[-99.6,7.4]]]]}},{"type":"Feature","properties":{},"geometry":{"type":"MultiPolygon","coordinates":[[[[-96.2,7.7],[-94.5,8],[-94.2,7.8],[-94.4,7.5],[-94.6,7.4],[-95,7.5],[-95.3,7],[-95.5,6.7],[-95.8,6.6],[-96.2,6.7],[-96.3,7],[-96.6,7],[-96.2,7.7]]]]}},{"type":"Feature","properties":{},"geometry":{"type":"MultiPolygon","coordinates":[[[[-94,6.9],[-94.8,6.3],[-95.4,6],[-95.6,6.2],[-95.1,6.4],[-94.1,7.1],[-94,6.9]]]]}},{"type":"Feature","properties":{},"geometry":{"type":"MultiPolygon","coordinates":[[[[-100,16.3],[-100.9,16],[-101.6,13.4],[-101.8,11.8],[-102.7,11.5],[-104.2,11.5],[-105.6,11.3],[-106.6,10.9],[-107,10.8],[-108.1,10.4],[-108.3,10.5],[-108.5,10.8],[-108.7,10.7],[-109.9,10.5],[-111.5,11.5],[-111.6,12.6],[-110.4,12.7],[-109.3,12.8],[-108.6,12.8],[-107.9,13.1],[-107.4,13.4],[-106.6,13.4],[-106.6,13],[-105,13.7],[-104.3,13.1],[-105,13.3],[-104.4,12.7],[-104.1,12.8],[-104,12],[-103.9,12.2],[-103.6,12],[-103.3,12.2],[-103.3,12.3],[-103.5,12.8],[-103.2,13.1],[-102.9,13],[-103.4,13.9],[-103.5,14.2],[-103.7,14.6],[-103.6,15.1],[-103.5,15.5],[-102.1,17.6],[-100.5,17.5],[-100.2,16.9],[-99.9,16.4],[-100.2,16.4],[-100,16.3]]]]}},{"type":"Feature","properties":{},"geometry":{"type":"MultiPolygon","coordinates":[[[[-102.7,0.3],[-103,0.8],[-103.2,0.4],[-103.4,0.6],[-103.5,0.5],[-103.6,0.6],[-103.7,0.6],[-103.9,0.6],[-104,0.6],[-104.1,0.7],[-104.6,0.7],[-104.8,0.6],[-104.9,0.5],[-105.5,1.1],[-108.4,4.8],[-107.6,4.2],[-106.8,4],[-105.3,3.7],[-104.6,2.6],[-103.1,1.3],[-102.7,0.3]]]]}},{"type":"Feature","properties":{},"geometry":{"type":"MultiPolygon","coordinates":[[[[-111.2,2.8],[-111.2,2.7],[-111.2,2.6],[-111.5,2.4],[-111.6,2.2],[-112.3,2.3],[-112.8,2.2],[-112.9,3],[-113.9,3.5],[-113.8,3.6],[-112.8,3.7],[-112.2,3.5],[-112.4,3.3],[-112.2,3.2],[-111.4,2.9],[-111.3,2.8],[-111.2,2.8]]]]}},{"type":"Feature","properties":{},"geometry":{"type":"MultiPolygon","coordinates":[[[[-115.7,9],[-115.7,11.6],[-112.8,11.9],[-110.6,11],[-111.3,10.7],[-114.6,9.9],[-115.7,9]]]]}},{"type":"Feature","properties":{},"geometry":{"type":"MultiPolygon","coordinates":[[[[-97.8,-7.5],[-97.9,-7.4],[-98.3,-7.1],[-99.2,-6.4],[-99.8,-6],[-100.4,-6],[-100.3,-6],[-100.5,-5.8],[-99.8,-5.6],[-99.4,-6],[-98.8,-6.3],[-98.7,-5.8],[-98.3,-5.9],[-97.8,-6.2],[-97.8,-6.8],[-97.8,-7.2],[-97.6,-7.4],[-97.9,-7.4],[-97.8,-7.5]]]]}},{"type":"Feature","properties":{},"geometry":{"type":"MultiPolygon","coordinates":[[[[-107.9,-0.6],[-109,0.7],[-109.5,0.6],[-110,1.6],[-110.4,2],[-110.3,2.1],[-110.4,2.3],[-110.6,2.5],[-110.1,2.6],[-109.2,2.2],[-108.5,0.8],[-107.9,-0.4],[-107.9,-0.6]]]]}},{"type":"Feature","properties":{},"geometry":{"type":"MultiPolygon","coordinates":[[[[-110.6,2.6],[-110.7,2.9],[-111.2,3.1],[-112.1,3.4],[-112.7,3.7],[-113.5,3.6],[-115.5,3.2],[-116.5,2.9],[-117.3,1.2],[-118.6,0.1],[-118.9,0.2],[-117.7,1.4],[-117.2,2.2],[-116.9,2.9],[-116.2,3.4],[-114.4,3.6],[-112.9,3.9],[-111.9,3.9],[-110.3,3],[-110.5,2.8],[-110.6,2.6]]]]}},{"type":"Feature","properties":{},"geometry":{"type":"MultiPolygon","coordinates":[[[[-107.2,-1.5],[-108.8,-0.8],[-109.8,-0.4],[-110.2,0.2],[-110.5,0.7],[-110.6,1.3],[-110.4,1.6],[-110.7,2.2],[-110.8,2.5],[-110.6,2.5],[-110.4,2.3],[-110.3,2.1],[-110.4,2],[-110,1.6],[-109.5,0.6],[-109,0.7],[-107.9,-0.6],[-107.2,-1.3],[-107.2,-1.5]]]]}},{"type":"Feature","properties":{},"geometry":{"type":"MultiPolygon","coordinates":[[[[-110.9,2.7],[-111.1,2.8],[-110.7,2.6],[-110.9,2.7]]]]}},{"type":"Feature","properties":{},"geometry":{"type":"MultiPolygon","coordinates":[[[[-111.1,2.8],[-112.3,3.4],[-112.4,3.4],[-112.1,3.4],[-111.2,3.1],[-110.7,2.9],[-111.1,2.9],[-111.1,2.8]]]]}},{"type":"Feature","properties":{},"geometry":{"type":"MultiPolygon","coordinates":[[[[-109.9,7.4],[-110.3,7.6],[-110.5,7.5],[-110.4,7.3],[-109.9,7],[-111.1,5.5],[-111.5,5.5],[-112.1,5.7],[-113.1,6.4],[-113.6,6.8],[-114.5,7.3],[-114.7,7.6],[-113.4,8.7],[-111.4,9.5],[-109.5,9.3],[-107.7,8.7],[-107.2,8.6],[-106.3,7.7],[-105.6,7.1],[-106.9,7.8],[-107.5,8.1],[-108.7,7.9],[-109.9,7.4]]]]}},{"type":"Feature","properties":{},"geometry":{"type":"MultiPolygon","coordinates":[[[[-114.8,7.6],[-116.5,8],[-117.9,8.3],[-117,9.4],[-115.7,9],[-114.5,7.9],[-114.8,7.6]]]]}},{"type":"Feature","properties":{},"geometry":{"type":"MultiPolygon","coordinates":[[[[-105.2,0.5],[-106.1,0.3],[-106.7,0],[-106.9,-0.3],[-106.9,-0.5],[-106.7,-1],[-107.3,-1.2],[-107.9,-0.4],[-108.5,0.8],[-109.2,2.2],[-109.5,2.6],[-109.4,2.7],[-109.3,2.8],[-109.9,2.9],[-110.3,3],[-111.9,3.9],[-112.9,3.9],[-112.7,4.3],[-112.3,5.4],[-111.9,5.7],[-111.2,5.5],[-109,4.9],[-108.4,4.8],[-105.3,0.7],[-105.2,0.5]]]]}},{"type":"Feature","properties":{},"geometry":{"type":"MultiPolygon","coordinates":[[[[-115.6,-15],[-118.5,-14.5],[-115.6,-13.2],[-114.7,-13],[-114.8,-13.6],[-115.7,-14.1],[-115.9,-14.4],[-115.3,-14.6],[-115.6,-15]]]]}},{"type":"Feature","properties":{},"geometry":{"type":"MultiPolygon","coordinates":[[[[-113.7,13.6],[-112.9,13.9],[-111.5,14.7],[-110.6,15.3],[-110.1,15.1],[-109.2,15.1],[-108,15.1],[-106.9,15.5],[-106.1,16.1],[-105.6,16.8],[-105.4,17.5],[-105.1,18.2],[-103.9,18.7],[-103,19],[-102.3,19.1],[-101.4,18.9],[-101.6,18.5],[-104.2,16.5],[-104.8,14.9],[-105.6,14.9],[-105.8,14.5],[-107,14.2],[-107.6,14.2],[-106.7,14.1],[-105.7,14.3],[-105.4,14.5],[-106.4,14.1],[-107.2,13.9],[-108.4,13.9],[-108.8,13.9],[-108.4,13.5],[-109,13.4],[-109.9,13.2],[-111.3,13.5],[-112.7,13.3],[-113.7,13.6]]]]}},{"type":"Feature","properties":{},"geometry":{"type":"MultiPolygon","coordinates":[[[[-112.2,2.1],[-112.3,1.9],[-112.5,1.9],[-112.8,2.1],[-112.3,2.2],[-112.2,2.1]]]]}},{"type":"Feature","properties":{},"geometry":{"type":"MultiPolygon","coordinates":[[[[-112.8,2.1],[-114.9,1.2],[-116.4,0.6],[-117.2,-0.1],[-117.6,-0.2],[-118.8,-1.1],[-121,-1.9],[-121.1,-0.7],[-118.9,0.1],[-117.7,0.8],[-116.6,2.6],[-115.7,3.2],[-114.2,3.5],[-113.4,3.3],[-112.6,2.4],[-112.8,2.1]]]]}},{"type":"Feature","properties":{},"geometry":{"type":"MultiPolygon","coordinates":[[[[-97.4,-20],[-97.5,-20],[-97.5,-19.9],[-97.8,-19.6],[-98.2,-18.8],[-99.5,-18],[-100,-18.5],[-99.8,-18.5],[-100,-18.4],[-100.3,-18.3],[-100.5,-17.3],[-100.3,-17.1],[-100.4,-17.1],[-101.5,-17.3],[-102.3,-17.4],[-101.7,-17.8],[-101.4,-17.9],[-101.5,-17.9],[-101.9,-17.9],[-102,-18.2],[-102.3,-18.1],[-102.1,-17.9],[-102.6,-18],[-102.9,-18.1],[-103,-17.8],[-103.4,-17.2],[-104.1,-16.9],[-104.8,-16.7],[-104.7,-14.9],[-104.1,-14.9],[-103.5,-15.1],[-102.6,-15.3],[-102,-15.5],[-101.3,-15.6],[-101,-15.5],[-100.4,-15.1],[-99.9,-15.6],[-100.1,-15.7],[-99.9,-15.8],[-99.7,-16.1],[-98.5,-16.7],[-98.2,-16.8],[-97.3,-17.1],[-95.8,-17.4],[-96,-17.4],[-96.4,-17.4],[-97,-17.4],[-97.3,-17.6],[-97.5,-17.6],[-97.1,-17.6],[-96.4,-17.5],[-95.5,-17.7],[-95.5,-18.1],[-95.7,-18.2],[-95.3,-18.3],[-95,-18.7],[-95,-18.9],[-95,-19.1],[-95.2,-19.2],[-95.4,-19.2],[-95.3,-19.5],[-95.5,-19.5],[-95.3,-19.8],[-95.4,-19.8],[-95.5,-20],[-95.7,-20.1],[-96.3,-20.2],[-96.7,-20.2],[-97,-20.1],[-97.3,-20],[-97.4,-20]]]]}},{"type":"Feature","properties":{},"geometry":{"type":"MultiPolygon","coordinates":[[[[-134,-11.9],[-134.6,-11.2],[-134.7,-11],[-135.2,-10],[-135.3,-9.4],[-135.2,-8.4],[-135.2,-8.3],[-135.3,-8.1],[-135.3,-7],[-135.1,-7],[-134.9,-7.5],[-134.3,-7.7],[-133.8,-8.5],[-133.6,-9.4],[-133.4,-10.7],[-134,-11.9]]]]}},{"type":"Feature","properties":{},"geometry":{"type":"MultiPolygon","coordinates":[[[[-121.6,-2.3],[-121.8,-3.3],[-122.5,-5.7],[-122.7,-4.2],[-123.6,-2.7],[-125.1,-1.7],[-123.1,-1.5],[-121.1,-0.7],[-121.6,-2.3]]]]}},{"type":"Feature","properties":{},"geometry":{"type":"MultiPolygon","coordinates":[[[[-114,-8.8],[-113.6,-8.8],[-113.7,-8.9],[-114,-8.8]]]]}},{"type":"Feature","properties":{},"geometry":{"type":"MultiPolygon","coordinates":[[[[-114.8,-8.5],[-116.7,-7.9],[-116.3,-8.5],[-115.1,-9.4],[-116,-9.2],[-117,-8.2],[-117.2,-8.3],[-119.1,-8.3],[-119.4,-8.6],[-120.3,-8.9],[-121.7,-9],[-122.6,-8.6],[-123.9,-7.8],[-125.3,-8.1],[-126,-7.9],[-125,-7.8],[-123.9,-7.7],[-123,-7.7],[-120.9,-8.6],[-119.7,-8.2],[-119.2,-7.7],[-118.8,-7.6],[-117.7,-7.6],[-117.1,-7.7],[-116,-7.3],[-115.5,-7.5],[-114.8,-8.5]]]]}},{"type":"Feature","properties":{},"geometry":{"type":"MultiPolygon","coordinates":[[[[-114.1,-12.6],[-114.7,-12.4],[-115.2,-11.5],[-115.1,-11.3],[-115,-11],[-114.3,-11.9],[-114.1,-12.5],[-114.1,-12.6]]]]}},{"type":"Feature","properties":{},"geometry":{"type":"MultiPolygon","coordinates":[[[[-114.7,-12.9],[-116.3,-13.5],[-115.7,-12.6],[-115.1,-12.4],[-114.7,-12.7],[-114.7,-12.9]]]]}},{"type":"Feature","properties":{},"geometry":{"type":"MultiPolygon","coordinates":[[[[-131.2,7.6],[-132.9,9.1],[-132.7,10.8],[-132,11.4],[-131.4,12],[-131.1,13.2],[-130,13.7],[-129.2,13],[-128.8,10.1],[-127.7,7.8],[-129.4,9],[-131,9.5],[-131.2,7.6]]]]}},{"type":"Feature","properties":{},"geometry":{"type":"MultiPolygon","coordinates":[[[[-136,3.5],[-136.6,2.3],[-136.6,1.5],[-137.1,0.8],[-137.4,-1.9],[-137.3,-3.3],[-137.8,-5.3],[-137.2,-6.6],[-139,-7.6],[-139.8,-6.9],[-138.8,-2.9],[-137.6,0.3],[-137.3,1.6],[-137.2,2.2],[-137.1,3],[-136.5,3.5],[-136,4],[-135.7,4.3],[-136,3.5]]]]}},{"type":"Feature","properties":{},"geometry":{"type":"MultiPolygon","coordinates":[[[[-132.7,7.1],[-134.6,6.7],[-134.9,8.2],[-135.7,9],[-134.1,9.5],[-132.7,10.9],[-132,11.4],[-132.7,10.8],[-132.9,9.1],[-132.7,7.1]]]]}},{"type":"Feature","properties":{},"geometry":{"type":"MultiPolygon","coordinates":[[[[-97.7,-16.4],[-98.4,-16.6],[-98.4,-15.8],[-97.5,-13.5],[-96.9,-11.7],[-96.8,-11.4],[-96.7,-11.2],[-96.5,-10.9],[-96.4,-11.1],[-96.4,-10.6],[-96.2,-10.7],[-96.1,-10.5],[-96,-10.5],[-95.9,-10.5],[-96.2,-11.7],[-96.7,-13.1],[-97.1,-14.5],[-97.7,-15.8],[-97.7,-16.4]]]]}},{"type":"Feature","properties":{},"geometry":{"type":"MultiPolygon","coordinates":[[[[175.3,-18.4],[172,-16.4],[173.5,-16],[177.1,-17.2],[178,-18],[175.3,-18.4]]]]}},{"type":"Feature","properties":{},"geometry":{"type":"MultiPolygon","coordinates":[[[[97.6,-55.7],[99.2,-55.8],[100,-55.2],[101.3,-55.3],[100.8,-55.9],[99.5,-56.6],[99.1,-57],[97.4,-58.2],[96.4,-58.9],[96.8,-59.2],[96.2,-59.2],[95.6,-59.3],[94.6,-59.3],[94,-59.3],[95.4,-58.8],[97,-57.8],[98,-56.7],[97.6,-55.7]]]]}},{"type":"Feature","properties":{},"geometry":{"type":"MultiPolygon","coordinates":[[[[-62.2,-41.3],[-62.1,-41.5],[-62,-41.6],[-61.9,-41.9],[-61.2,-42.2],[-61.2,-42.5],[-60.8,-42.5],[-60.2,-42.3],[-59.8,-42.3],[-60.1,-42.3],[-59.7,-42.4],[-59.2,-42.7],[-58.9,-43.1],[-58.7,-43.2],[-57.7,-42.8],[-56.7,-44.6],[-59.3,-44.9],[-63.9,-45.6],[-68.8,-45.7],[-70.6,-44.3],[-70.2,-43.5],[-68,-43.7],[-68.4,-43.4],[-67.9,-43.5],[-67.7,-43.3],[-66.6,-42.4],[-66.3,-42.7],[-66.6,-43],[-66.3,-43],[-66.2,-42.6],[-65.4,-42.4],[-64.7,-42.6],[-64.7,-42.5],[-63.7,-42.5],[-63.6,-42.5],[-63.4,-42.4],[-62.6,-42.7],[-63,-42.3],[-63,-42],[-62.7,-41.8],[-62.9,-41.5],[-63,-41.1],[-62.7,-41],[-62.2,-41.3]]]]}},{"type":"Feature","properties":{},"geometry":{"type":"MultiPolygon","coordinates":[[[[-71.3,-38.6],[-70,-38.7],[-69.8,-39.4],[-69.6,-40],[-69.6,-40.5],[-69.8,-40.5],[-69.9,-40.5],[-69.7,-41.1],[-70.1,-41.3],[-69,-41.9],[-69.8,-42.4],[-69.9,-42.6],[-70.4,-42.5],[-70.9,-42.6],[-70.5,-42.8],[-70.5,-42.9],[-70.7,-43.3],[-71.5,-43.2],[-72.1,-42.9],[-72.5,-42.7],[-73.4,-42.5],[-74.1,-42.1],[-74.4,-42.4],[-74.7,-42.4],[-74.8,-42.2],[-75.3,-42],[-75.7,-41.9],[-75.9,-42.1],[-76.1,-41.8],[-75.2,-41.8],[-74.6,-41.5],[-74.3,-41.4],[-73.3,-41.7],[-72.6,-41.5],[-73.4,-41.6],[-74.1,-41.1],[-73.9,-40.9],[-74.5,-40.7],[-74.4,-40.6],[-74,-40.5],[-73.2,-40.3],[-72.9,-40],[-72.8,-39.8],[-72.4,-39.9],[-71.9,-39.9],[-71.9,-39.8],[-71.6,-39.6],[-71.4,-39.5],[-71.2,-39.3],[-71.5,-39.2],[-71.3,-38.6]]]]}},{"type":"Feature","properties":{},"geometry":{"type":"MultiPolygon","coordinates":[[[[-77,-38.4],[-76.8,-38.4],[-75.2,-38.8],[-74,-38.7],[-73.9,-38.9],[-74.2,-39.4],[-74.9,-39.7],[-75.2,-39.7],[-75.4,-39.7],[-76,-39.6],[-76.3,-39.5],[-76.5,-39.3],[-76.8,-39.5],[-77.1,-39.4],[-77.5,-39.3],[-77.4,-39.1],[-77.2,-38.9],[-77.8,-38.7],[-77.1,-38.6],[-77.3,-38.4],[-77,-38.5],[-77,-38.4]]]]}},{"type":"Feature","properties":{},"geometry":{"type":"MultiPolygon","coordinates":[[[[-67.8,-43.3],[-68,-43.3],[-68.1,-43.3],[-67.8,-43.3]]]]}},{"type":"Feature","properties":{},"geometry":{"type":"MultiPolygon","coordinates":[[[[-59.1,-42.7],[-58.9,-42.9],[-59.1,-43],[-59.1,-42.9],[-59.2,-42.7],[-59.1,-42.7]]]]}},{"type":"Feature","properties":{},"geometry":{"type":"MultiPolygon","coordinates":[[[[156.6,-18.4],[153.4,-17.1],[154.8,-15.7],[155.5,-16.4],[156.9,-17],[158.3,-17.5],[159.5,-17.8],[160.3,-18.1],[160.6,-19.3],[160.1,-19.4],[160.3,-20.2],[160.6,-21],[160.6,-21.6],[159.6,-21.9],[158.3,-20.8],[157.7,-19.7],[156.6,-18.4]]]]}},{"type":"Feature","properties":{},"geometry":{"type":"MultiPolygon","coordinates":[[[[163.1,-35.9],[163.3,-34.3],[162.2,-32.1],[161.9,-31.2],[162.9,-30.5],[163.3,-32.4],[164,-34.3],[163.7,-36.2],[163.1,-37.3],[163,-37.2],[163.1,-35.9]]]]}},{"type":"Feature","properties":{},"geometry":{"type":"MultiPolygon","coordinates":[[[[158.9,-56.2],[159.3,-54.8],[159.5,-54.4],[159.9,-54.4],[159.8,-54.2],[160.2,-53.5],[160.9,-52.6],[162.8,-53],[166.4,-53.8],[168.7,-52.9],[170.5,-52.7],[167.5,-54.2],[162.7,-55.1],[158.9,-56.2]]]]}},{"type":"Feature","properties":{},"geometry":{"type":"MultiPolygon","coordinates":[[[[128.3,-34.2],[129,-33.8],[129.1,-33],[129,-32.6],[129.7,-32.3],[129.8,-32.1],[129.9,-31.9],[130.2,-31.7],[130.4,-31.1],[130.7,-30.9],[130.5,-30.9],[130.9,-30.3],[130.9,-30],[130.9,-29.7],[130.7,-29.4],[130.8,-29.2],[130.9,-29],[131.2,-28.7],[131.7,-28],[132.1,-27.7],[132.2,-27.5],[132.3,-27.3],[132.4,-27.3],[132.7,-26.8],[133,-26.4],[133,-26.2],[133.4,-25.9],[133.2,-25.9],[133.5,-25.7],[133.6,-25.5],[133.9,-25.3],[134.1,-25.2],[135.1,-25],[135.2,-25],[135.2,-24.9],[136,-24.9],[136.6,-25],[137.3,-25.1],[137.4,-25.2],[138.7,-25.1],[139,-25.1],[139.5,-25],[139.9,-24.8],[141.1,-24.7],[141.8,-24.7],[141.4,-25.8],[139.6,-28.1],[138.1,-29.1],[137.8,-30.1],[137.4,-30.7],[136.7,-31.2],[135.1,-32.3],[133.4,-33.2],[131.9,-34.7],[131.4,-35.9],[129.1,-38.1],[128.7,-34.9],[128.3,-34.2]]]]}},{"type":"Feature","properties":{},"geometry":{"type":"MultiPolygon","coordinates":[[[[128.6,-33.3],[128.5,-33],[128.7,-33.5],[128.4,-33.5],[128.6,-33.3]]]]}},{"type":"Feature","properties":{},"geometry":{"type":"MultiPolygon","coordinates":[[[[-97.1,-5.2],[-97,-5],[-97,-4.8],[-97.1,-5.2]]]]}},{"type":"Feature","properties":{},"geometry":{"type":"MultiPolygon","coordinates":[[[[106.3,-25.3],[108,-27.9],[109.6,-28.9],[111,-29.6],[108.3,-30.5],[104.5,-26.2],[104.9,-24.6],[106.3,-25.3]]]]}},{"type":"Feature","properties":{},"geometry":{"type":"MultiPolygon","coordinates":[[[[112.4,-17],[113.3,-20],[112.2,-22.3],[113.2,-25],[113.4,-27.7],[111.9,-30.5],[111.5,-31.1],[111.1,-30.8],[111,-29.6],[111.5,-26.5],[111.1,-23.6],[110.7,-19.6],[111.1,-16.7],[112.4,-17]]]]}},{"type":"Feature","properties":{},"geometry":{"type":"MultiPolygon","coordinates":[[[[154.1,-73.7],[156.8,-72.5],[159,-71.8],[161.1,-72.6],[159,-74.3],[155.4,-75.3],[154.7,-74.3],[154.1,-73.7]]]]}},{"type":"Feature","properties":{},"geometry":{"type":"MultiPolygon","coordinates":[[[[180,-19.9],[177.6,-20.2],[177.2,-18.8],[178.9,-18.9],[180,-19.9]]]]}},{"type":"Feature","properties":{},"geometry":{"type":"MultiPolygon","coordinates":[[[[95.2,-59.5],[95.4,-59.7],[96.2,-59.6],[96.9,-60.5],[95.5,-61.5],[94.9,-61.6],[93.9,-61.9],[92.8,-62],[92.9,-61.5],[92.4,-60.7],[93.1,-60.1],[94.2,-59.8],[95.2,-59.5]]]]}},{"type":"Feature","properties":{},"geometry":{"type":"MultiPolygon","coordinates":[[[[144.1,-30],[142.1,-28.3],[143.2,-25.7],[144.3,-25.6],[145.6,-25.9],[147.2,-25.9],[148.4,-26],[149.8,-26],[150.4,-27.3],[149.3,-28.6],[147.5,-29.1],[146.2,-29.3],[144.7,-29.4],[144.5,-30.1],[144.1,-30]]]]}},{"type":"Feature","properties":{},"geometry":{"type":"MultiPolygon","coordinates":[[[[91.1,-36.8],[92.7,-36],[93.8,-36.2],[94.5,-36.5],[95.5,-36.6],[97.1,-36.9],[98.4,-37.2],[99.6,-37.4],[100.2,-37.7],[100.2,-37.9],[94.2,-38.6],[91.1,-36.8]]]]}},{"type":"Feature","properties":{},"geometry":{"type":"MultiPolygon","coordinates":[[[[107.1,-9],[108,-9.9],[110.5,-12.5],[112.3,-14.2],[113,-14.4],[113,-14.6],[113.1,-14.8],[113,-14.9],[112.8,-14.9],[112.9,-15.1],[113.2,-15.3],[113,-15.4],[113.2,-15.5],[113.2,-15.7],[113,-15.9],[113.4,-15.9],[113.3,-16.1],[112.9,-16.2],[113,-16.3],[113.3,-16.5],[113.3,-16.6],[112.8,-16.6],[112.8,-16.9],[110.4,-17.1],[111,-20.4],[109.8,-20.8],[109.4,-22.5],[106.3,-25.3],[104.9,-24.6],[103.7,-23.8],[105.7,-21.4],[106.6,-19.6],[108,-16.2],[108,-15.1],[108.1,-12.3],[107.8,-11.2],[106.8,-9.4],[107.1,-9]]]]}},{"type":"Feature","properties":{},"geometry":{"type":"MultiPolygon","coordinates":[[[[163,-25.5],[162,-24.4],[161.7,-23.3],[162,-22.4],[162.1,-22.8],[162.8,-24],[163.1,-25.3],[163,-25.5]]]]}},{"type":"Feature","properties":{},"geometry":{"type":"MultiPolygon","coordinates":[[[[127.9,-53.4],[127.9,-49.8],[131.4,-48.7],[136.2,-52],[142.3,-55.9],[144.5,-58],[137.6,-56.8],[132.2,-56],[127.9,-53.4]]]]}},{"type":"Feature","properties":{},"geometry":{"type":"MultiPolygon","coordinates":[[[[114.6,-35.5],[114.7,-35.5],[114.7,-35.3],[114.7,-35.2],[114.9,-34.9],[116.2,-35],[118.5,-34.5],[120.6,-34.2],[123,-34.6],[124.6,-32.7],[125.7,-31.9],[128.3,-30.6],[129.4,-29.4],[129.5,-29.7],[129.3,-31],[128.7,-31.4],[128.3,-32.6],[127.9,-32.9],[127.6,-32.9],[127.1,-33],[126.4,-33.3],[125.4,-33.5],[125.1,-33.9],[124.6,-34.6],[122.7,-36],[121.3,-35.9],[121.1,-35.7],[120.8,-35.8],[120.6,-35.5],[120.3,-35.4],[120.3,-35.2],[120.2,-35.4],[119.7,-35.3],[119.7,-35],[119.3,-34.9],[118.7,-35.2],[118.5,-35.1],[118,-35.2],[117.5,-35.2],[117.4,-35.5],[117.1,-35.7],[116.9,-35.6],[117,-35.2],[116.4,-35.4],[115.6,-35.3],[115.3,-35.8],[114.7,-35.6],[114.6,-35.5]]]]}},{"type":"Feature","properties":{},"geometry":{"type":"MultiPolygon","coordinates":[[[[126.3,-28.7],[126.6,-28.6],[127.3,-28.3],[127.7,-28.4],[129,-28.8],[129.4,-29.4],[128.7,-30.4],[126.5,-31.2],[125.1,-31.9],[125.5,-31],[126.3,-28.7]]]]}},{"type":"Feature","properties":{},"geometry":{"type":"MultiPolygon","coordinates":[[[[116.4,-33.1],[116.5,-33],[116.7,-32.8],[116.7,-32.6],[117.5,-32.6],[117.8,-32.8],[118.5,-32.3],[119.3,-32.1],[120.3,-31.4],[119.6,-32.6],[117.6,-33.5],[117.4,-33.3],[116.4,-33.1]]]]}},{"type":"Feature","properties":{},"geometry":{"type":"MultiPolygon","coordinates":[[[[123.5,-30.1],[123.2,-30.9],[121.7,-30.9],[122,-30.7],[123.5,-30.1]]]]}},{"type":"Feature","properties":{},"geometry":{"type":"MultiPolygon","coordinates":[[[[111,-20.4],[111.5,-24.7],[111.6,-27.5],[110.4,-28.9],[108.2,-28.3],[106.9,-25.9],[108.6,-23.2],[109.6,-21.1],[110.7,-20.2],[111,-20.4]]]]}},{"type":"Feature","properties":{},"geometry":{"type":"MultiPolygon","coordinates":[[[[103.2,-24.4],[106.8,-28.6],[107.5,-32],[105.3,-32.3],[103.7,-32.3],[103.9,-30.9],[103.2,-29.1],[101.2,-27.1],[102.3,-25.6],[103.2,-24.4]]]]}},{"type":"Feature","properties":{},"geometry":{"type":"MultiPolygon","coordinates":[[[[129.3,-27],[128.6,-26.8],[128.8,-26.5],[128.1,-26.2],[127.7,-25.8],[127.6,-25.3],[128.2,-25.5],[129.3,-26.9],[129.3,-27]]]]}},{"type":"Feature","properties":{},"geometry":{"type":"MultiPolygon","coordinates":[[[[91.9,-10.8],[91.8,-10],[92.7,-10.6],[92.6,-11.2],[92.4,-11.1],[92,-11],[91.9,-10.8]]]]}},{"type":"Feature","properties":{},"geometry":{"type":"MultiPolygon","coordinates":[[[[80.5,-15.3],[82,-18.4],[84.4,-21.6],[87.7,-21.9],[88.7,-21.7],[93.1,-19.6],[93.6,-19.8],[93.1,-20.9],[92.8,-21.5],[92.6,-22.1],[91.8,-23],[89.9,-24.5],[88.7,-25.9],[88.2,-27.2],[88,-28],[87.8,-27.7],[87.5,-26.7],[87.1,-25.7],[86.5,-24.9],[86,-24.1],[85.1,-23.2],[84.1,-22.5],[83.1,-21.7],[82.4,-20.9],[81.8,-19.7],[80.6,-16.1],[80.5,-15.3]]]]}},{"type":"Feature","properties":{},"geometry":{"type":"MultiPolygon","coordinates":[[[[91.3,-12],[85,-12.3],[81,-10],[77.2,-9],[77,-8.3],[77.6,-8.5],[77.8,-8.4],[77.5,-8.4],[77.5,-8.1],[77.7,-8.1],[77.8,-8.3],[78,-8.2],[77.9,-7.9],[78.4,-8],[78.5,-7.5],[78.6,-7.8],[78.8,-7.9],[79.3,-8],[79.5,-7.8],[79.8,-7.6],[80.1,-7.6],[80.1,-7.5],[80.4,-7.5],[80.6,-7.4],[80.8,-7.6],[80.7,-7.9],[81,-7.8],[80.9,-7.5],[81.1,-7.6],[80.9,-7.3],[81.3,-7.3],[81.7,-7.2],[81.8,-6.9],[82,-7],[82.2,-7.3],[82.1,-7],[82.3,-7],[82.3,-7.2],[82.6,-7.2],[82.6,-7.1],[82.8,-7.3],[82.8,-7],[83.1,-7],[83.3,-7.3],[83.4,-7.4],[83.5,-7.3],[83.6,-7.3],[83.8,-7.2],[84.1,-7.2],[84.2,-7.3],[84.4,-7.3],[84.7,-7.3],[84.8,-7.6],[84.9,-7.5],[85,-7.4],[85.3,-7.7],[85.4,-7.5],[86,-7.6],[86.2,-7.7],[86.3,-7.9],[86.5,-8.1],[86.7,-8.2],[86.9,-8.3],[86.8,-8.5],[87.1,-8.5],[87.3,-8.7],[87.3,-8.6],[87.5,-8.4],[87.5,-8.9],[87.4,-9.4],[87.4,-9.5],[87.5,-9.2],[87.7,-9.2],[87.8,-9],[88.1,-9],[88.4,-9.1],[88.3,-9.2],[88.6,-9.3],[88.9,-9.6],[89.1,-9.6],[89.4,-9.8],[89.5,-9.8],[89.8,-9.9],[89.8,-10],[90.1,-10.3],[90.5,-10.3],[90.6,-10.5],[91,-10.5],[91.1,-10.3],[91.6,-10.2],[91.4,-10.6],[91.4,-10.8],[91,-11],[90.8,-11.1],[90.9,-11.2],[90.7,-11.4],[91.2,-11.4],[91.2,-11.6],[91.3,-11.9],[91.3,-12]]]]}},{"type":"Feature","properties":{},"geometry":{"type":"MultiPolygon","coordinates":[[[[92.4,-12.7],[92.5,-12.6],[92.8,-12.7],[93.1,-12.8],[93.1,-13.1],[93.3,-12.9],[93.4,-12.9],[93.7,-12.8],[93.7,-13.7],[92.4,-12.7]]]]}},{"type":"Feature","properties":{},"geometry":{"type":"MultiPolygon","coordinates":[[[[80.7,-5.1],[80.9,-5.5],[80.6,-5.2],[80.7,-5.1]]]]}},{"type":"Feature","properties":{},"geometry":{"type":"MultiPolygon","coordinates":[[[[91.4,-9.1],[91.7,-9.8],[91.4,-9.7],[91.4,-9.1]]]]}},{"type":"Feature","properties":{},"geometry":{"type":"MultiPolygon","coordinates":[[[[81.6,-6.9],[81.8,-6.9],[81.5,-7],[81.6,-6.9]]]]}},{"type":"Feature","properties":{},"geometry":{"type":"MultiPolygon","coordinates":[[[[54.6,-12.4],[53.4,-10.2],[52.4,-9.2],[53.7,-7.7],[56.7,-6.8],[57.5,-8],[56.2,-11.3],[54.6,-12.4]]]]}},{"type":"Feature","properties":{},"geometry":{"type":"MultiPolygon","coordinates":[[[[61.7,-4.8],[61.1,-5.5],[58.9,-5.6],[56.6,-5.6],[52.3,-6.8],[54.6,-4.9],[56.6,-4.6],[57.7,-4.9],[58.7,-4.7],[61.5,-4.7],[61.7,-4.8]]]]}},{"type":"Feature","properties":{},"geometry":{"type":"MultiPolygon","coordinates":[[[[33,5.8],[33.8,4.2],[35.4,1.9],[36.3,0.4],[37.8,-0.9],[38.8,-2.6],[39.7,-5.5],[40.8,-7.4],[39.7,-6.7],[38.2,-5.7],[35.5,-1.6],[34.5,1.4],[33,5.8]]]]}},{"type":"Feature","properties":{},"geometry":{"type":"MultiPolygon","coordinates":[[[[34.9,-9.7],[34.7,-7],[37.1,-7.5],[38.9,-9],[39.8,-9.9],[41.8,-11.2],[42.6,-12.7],[43,-14.7],[42.4,-17.7],[40.3,-17.6],[38,-15.6],[36.7,-14.2],[35.7,-12.3],[35.1,-10],[34.9,-9.7]]]]}},{"type":"Feature","properties":{},"geometry":{"type":"MultiPolygon","coordinates":[[[[-56.8,-14.5],[-56.6,-14.8],[-56.5,-14.9],[-56.3,-14.9],[-56.2,-15.1],[-55.7,-15.3],[-55.6,-15.5],[-55.5,-15.3],[-55,-15.3],[-54.6,-15.2],[-54.9,-15.4],[-54.6,-15.4],[-54.5,-15.5],[-54.3,-15.5],[-54.3,-15.9],[-54,-15.4],[-53.6,-15.4],[-53.4,-15.3],[-52.2,-15.7],[-52.1,-15.6],[-51.6,-15.6],[-51.2,-15.8],[-50.5,-16.6],[-51.4,-17.8],[-52.9,-17.9],[-53.2,-17.9],[-53.8,-17.7],[-54.1,-17.7],[-53.7,-18],[-53.5,-18.2],[-53.4,-18.4],[-52.6,-18.4],[-52.5,-18.5],[-52.4,-18.9],[-52.2,-19.3],[-52,-19.5],[-51.9,-19.7],[-51.6,-19.8],[-51.2,-19.9],[-50.5,-19.8],[-50.7,-19.3],[-51.4,-19.3],[-51.3,-18.8],[-50.6,-18.9],[-49.7,-18.8],[-49.9,-18.5],[-50.4,-17.9],[-50,-16.7],[-49.3,-16.6],[-49.2,-16.5],[-49.5,-15.8],[-48.9,-15.6],[-46.9,-15.3],[-42,-14.2],[-40.8,-15.4],[-38.7,-17.3],[-35,-20.3],[-32.9,-22.5],[-29,-25.3],[-28.2,-26],[-28.1,-26.1],[-28.3,-26.7],[-27.2,-27.9],[-28.4,-28.8],[-31.7,-30.6],[-30.9,-30],[-31.6,-29.2],[-32.1,-28.8],[-32.6,-29.3],[-32.7,-29.4],[-33,-29.5],[-33.5,-29.9],[-33.6,-30.1],[-33.8,-30.7],[-34,-30.8],[-34,-31],[-33.8,-31.2],[-33.9,-31.3],[-34,-31.4],[-34.1,-31.4],[-37.6,-32.7],[-39.6,-33.3],[-41,-36.5],[-41.9,-37],[-41.8,-36.7],[-41.5,-36.6],[-41.3,-36.5],[-41.2,-35.7],[-40.9,-35.5],[-41.6,-35.2],[-41.3,-35],[-41.1,-34.5],[-41.3,-34.4],[-41.9,-34.8],[-42.5,-35.4],[-42.9,-35.7],[-43.4,-36.2],[-43.5,-36.3],[-43.9,-36.7],[-43.9,-36.9],[-43.8,-37.1],[-43.5,-37.1],[-43.2,-37.3],[-43.6,-37],[-43.8,-36.7],[-42.6,-37],[-42.1,-36.9],[-42.5,-37.3],[-42.8,-37.8],[-43.5,-38.5],[-44,-38.4],[-44.8,-37.9],[-45.1,-38],[-44.8,-37.5],[-44.6,-37.2],[-45.1,-37.1],[-45.9,-37.3],[-46.1,-37.2],[-46.6,-37.2],[-46.3,-37],[-46.7,-37],[-47,-37.2],[-47.2,-37.9],[-47.6,-37.7],[-47.5,-38.1],[-47.6,-38.3],[-47.8,-38.3],[-47.5,-38.6],[-47.6,-38.9],[-47.9,-39.5],[-47.9,-39.2],[-48.2,-39.5],[-51.4,-39.8],[-50.7,-39.4],[-51.2,-38.1],[-51.3,-37.6],[-51.8,-37.3],[-52.1,-37.4],[-52.9,-37.1],[-53.3,-37.1],[-53.8,-37],[-54.2,-36.8],[-54.7,-36.5],[-55.9,-36.5],[-57.8,-36.6],[-59,-37],[-59.7,-38],[-59.8,-37.7],[-60.3,-37.8],[-60.8,-37.9],[-59.9,-36.9],[-59.1,-35.9],[-59,-34.9],[-59.1,-34.2],[-59.8,-32.4],[-58.9,-31],[-58.6,-31],[-57.6,-31.1],[-57.8,-31.5],[-57.4,-31.1],[-57.3,-30.7],[-57.2,-30.7],[-56.7,-30.3],[-57.1,-29.1],[-56.8,-28],[-55.8,-28.4],[-55.3,-27.6],[-55.6,-27.1],[-56,-26.7],[-56.1,-26.5],[-55.8,-26.1],[-55.4,-25.9],[-55.2,-25.8],[-54.9,-25.7],[-54.4,-25.6],[-53.7,-25.2],[-53.2,-25.1],[-52.7,-24.8],[-53.5,-24.6],[-53.5,-24.3],[-53.8,-24.5],[-54.2,-24.6],[-54.4,-24.6],[-54.7,-24.7],[-54.8,-24.9],[-54.9,-24.9],[-55,-25],[-55.3,-25.1],[-55.5,-25.2],[-55.7,-25.5],[-56,-25.5],[-56.5,-25.7],[-56.4,-25.5],[-56.6,-25.5],[-56.5,-25.4],[-56.7,-25.3],[-57.2,-25.1],[-57.4,-25.1],[-57.5,-24.8],[-57.5,-24.7],[-57.4,-24.4],[-57.4,-24.1],[-57.6,-23.5],[-57.7,-23.3],[-57.8,-23.1],[-57.7,-22.8],[-57.7,-22.4],[-57.5,-22.4],[-57.4,-22.1],[-57.2,-22],[-57.2,-21.8],[-56.9,-21.6],[-56.8,-21.3],[-56.6,-20.8],[-56.3,-20.4],[-56.3,-20.2],[-56.4,-20],[-56.8,-19.7],[-57.1,-19.8],[-57.3,-19.8],[-57.8,-19.8],[-57.7,-20.1],[-57.8,-20.2],[-58.1,-20.3],[-58.2,-20.4],[-58.2,-20.9],[-57.9,-21.1],[-58.1,-21.6],[-58.3,-22.1],[-58.4,-22.1],[-58.7,-22.4],[-59.1,-22.5],[-59.1,-22.6],[-59.2,-22.8],[-59.2,-22.9],[-59.4,-23.1],[-59.6,-22.8],[-59.6,-23.4],[-59.7,-23.5],[-59.6,-24.2],[-59.7,-24.2],[-59.7,-24.4],[-59.7,-24.6],[-59.7,-24.8],[-59.6,-25.1],[-59.3,-25.2],[-58.9,-25.5],[-58.9,-25.7],[-58.6,-25.9],[-58.8,-26],[-59.1,-26.4],[-58.9,-26.4],[-58.9,-26.5],[-59,-26.5],[-59.2,-26.8],[-59.3,-26.8],[-59.4,-27],[-59.7,-27.1],[-59.7,-27.2],[-59.7,-27.4],[-59.9,-27.5],[-59.8,-27.7],[-59.8,-27.9],[-60,-28],[-59.8,-28.2],[-60,-28.3],[-59.9,-28.8],[-60,-28.8],[-60,-29.2],[-60.5,-29.7],[-61.1,-29.7],[-61.4,-30.2],[-62.5,-29.5],[-62.2,-29.3],[-62.5,-28.9],[-62.7,-28.5],[-62.7,-28.1],[-62.7,-27.5],[-62.8,-27.6],[-63,-27.8],[-62.8,-27.4],[-63,-27.4],[-63,-27.3],[-63,-26.7],[-63.3,-26.6],[-63.3,-26.3],[-63.3,-25.9],[-63.5,-26.2],[-63.5,-26.7],[-63.6,-26.7],[-63.9,-26.7],[-64.1,-26.8],[-64.3,-27],[-64.4,-27.1],[-64.9,-27.5],[-65.1,-27.6],[-65.6,-27.5],[-65.7,-27.5],[-65.7,-27.4],[-65.8,-27.3],[-66.3,-26.9],[-66.3,-26.4],[-65.9,-26.7],[-66,-26.6],[-65.9,-26.4],[-65.9,-26.2],[-65.8,-26],[-65.9,-26],[-66.1,-26],[-66.3,-26],[-66.3,-26.1],[-66.3,-25.8],[-66.1,-25.8],[-65.7,-25.7],[-66.1,-25.6],[-65.8,-25.4],[-65.6,-25.5],[-65.3,-25.1],[-65.7,-25.1],[-66,-25.5],[-66.2,-25.5],[-66.1,-25.3],[-66.1,-25.1],[-65.8,-24.8],[-66.2,-24.8],[-66,-24.8],[-65.9,-24.6],[-66.2,-24.6],[-66,-24.5],[-65.5,-24.5],[-65.1,-24.5],[-65.1,-24.7],[-64.9,-24.5],[-64.8,-24.1],[-65,-24.3],[-65.4,-24.3],[-65.6,-24.3],[-66,-24.3],[-66.1,-24.1],[-66,-24],[-66,-23.9],[-65.9,-23.8],[-65.9,-23.7],[-65.7,-23.6],[-65.5,-23.7],[-65.1,-23.7],[-65.8,-23.5],[-65.6,-23.4],[-65.5,-23.4],[-65.4,-23.4],[-65.1,-23.4],[-65.1,-23.1],[-65,-23.5],[-65,-23.1],[-65.3,-23],[-64.9,-23],[-64.8,-23],[-64.7,-23],[-64.3,-23],[-64.9,-22.9],[-64.9,-22.7],[-64.5,-22.8],[-64.4,-22.6],[-64.2,-22.8],[-64.1,-22.8],[-64.2,-22.7],[-63.8,-22.5],[-64,-22.4],[-63.8,-22.3],[-63.7,-22.4],[-63.6,-22.2],[-63.2,-22.5],[-63,-22.3],[-62.6,-22],[-62.7,-21.8],[-62.8,-22.1],[-63.4,-22.2],[-63.4,-22],[-63.2,-21.8],[-63.3,-21.7],[-63.1,-21.6],[-62.9,-21.4],[-62.8,-21.3],[-62.7,-21.5],[-62.5,-21.3],[-62.3,-21],[-62.6,-21.1],[-62.4,-20.9],[-62.5,-20.9],[-62.1,-20.8],[-62,-20.7],[-62,-20.5],[-62.1,-20.3],[-62,-20.4],[-62,-20.3],[-62,-20.1],[-61.9,-19.9],[-61.8,-19.9],[-61.6,-19.8],[-61.4,-19.7],[-61.5,-19.6],[-61.7,-19.3],[-61.5,-19.4],[-61.6,-19.2],[-61.5,-19.2],[-61.5,-19.1],[-61.6,-18.9],[-61.3,-18.8],[-61.2,-18.8],[-60.9,-18.8],[-60.7,-18.6],[-61,-18.6],[-60.9,-18.4],[-61,-18.4],[-60.7,-18.5],[-60.6,-18.3],[-60.8,-18.3],[-60.8,-18],[-60.9,-18.1],[-61,-18],[-60.6,-18],[-60.8,-17.8],[-60.5,-17.6],[-60.5,-17.8],[-60.4,-17.8],[-60.3,-17.7],[-60.5,-17.5],[-60.2,-17.5],[-59.8,-17.4],[-60.2,-17.3],[-60.3,-17.2],[-59.9,-17.2],[-60,-17],[-59.8,-16.6],[-59.6,-16.5],[-59.7,-16.4],[-59.3,-16.5],[-59.4,-16.4],[-59.4,-16.2],[-59.3,-16],[-59.2,-16.2],[-59,-16.2],[-58.8,-16.3],[-58.9,-15.9],[-58.7,-15.9],[-58.4,-16],[-58.4,-15.7],[-58.8,-15.5],[-58.5,-15.6],[-58.4,-15.6],[-58.2,-15.5],[-58.1,-15.7],[-58.1,-15.4],[-58,-15.3],[-57.8,-14.9],[-57.8,-14.7],[-57.6,-14.6],[-57.5,-14.6],[-57.3,-14.6],[-57.4,-15.1],[-57.4,-15.5],[-57,-14.7],[-56.9,-15],[-56.9,-14.7],[-56.8,-14.5]]]]}},{"type":"Feature","properties":{},"geometry":{"type":"MultiPolygon","coordinates":[[[[-64.5,-28.6],[-63.7,-28.1],[-64.2,-28.5],[-64.5,-28.6]]]]}},{"type":"Feature","properties":{},"geometry":{"type":"MultiPolygon","coordinates":[[[[-58.5,-27.9],[-58.6,-28.2],[-58.6,-28.6],[-58.9,-28.8],[-59,-28.6],[-58.6,-28],[-58.5,-27.9]]]]}},{"type":"Feature","properties":{},"geometry":{"type":"MultiPolygon","coordinates":[[[[-56.5,-26.9],[-56.3,-27.3],[-56.6,-27.6],[-56.6,-27.4],[-56.8,-27.1],[-56.6,-27],[-56.5,-26.9]]]]}},{"type":"Feature","properties":{},"geometry":{"type":"MultiPolygon","coordinates":[[[[-60.6,-16.9],[-60.6,-17.2],[-60.5,-17],[-60.4,-17.3],[-60.6,-17.4],[-60.9,-17.6],[-60.9,-17.3],[-60.8,-17.1],[-60.6,-16.9]]]]}},{"type":"Feature","properties":{},"geometry":{"type":"MultiPolygon","coordinates":[[[[-60,-16.2],[-59.9,-16.3],[-59.8,-16.5],[-60,-16.6],[-60.1,-16.7],[-60.1,-16.5],[-60.1,-16.4],[-60,-16.4],[-60,-16.2]]]]}},{"type":"Feature","properties":{},"geometry":{"type":"MultiPolygon","coordinates":[[[[-56.4,-26.7],[-56.5,-26.9],[-56.6,-26.6],[-56.3,-26.6],[-56.4,-26.7]]]]}},{"type":"Feature","properties":{},"geometry":{"type":"MultiPolygon","coordinates":[[[[-60.9,-16.9],[-61,-17.2],[-61.1,-17.2],[-61.2,-17.1],[-61,-17.1],[-60.9,-16.9]]]]}},{"type":"Feature","properties":{},"geometry":{"type":"MultiPolygon","coordinates":[[[[-58,-25.4],[-58.1,-25.7],[-58.2,-25.7],[-58.2,-25.5],[-58,-25.4]]]]}},{"type":"Feature","properties":{},"geometry":{"type":"MultiPolygon","coordinates":[[[[-58.1,-14.8],[-58.4,-15.2],[-58.5,-15.1],[-58.4,-15],[-58.2,-14.9],[-58.1,-14.8]]]]}},{"type":"Feature","properties":{},"geometry":{"type":"MultiPolygon","coordinates":[[[[-59.5,-16.1],[-59.7,-16.2],[-59.7,-16],[-59.6,-15.9],[-59.5,-16.1]]]]}},{"type":"Feature","properties":{},"geometry":{"type":"MultiPolygon","coordinates":[[[[-63.8,-22.1],[-63.7,-22.2],[-63.9,-22.1],[-63.8,-22.1]]]]}},{"type":"Feature","properties":{},"geometry":{"type":"MultiPolygon","coordinates":[[[[-58,-15],[-58.2,-15.3],[-58.1,-15.2],[-58,-15]]]]}},{"type":"Feature","properties":{},"geometry":{"type":"MultiPolygon","coordinates":[[[[-56.5,-25.2],[-56.8,-25.6],[-56.8,-25.4],[-56.5,-25.2]]]]}},{"type":"Feature","properties":{},"geometry":{"type":"MultiPolygon","coordinates":[[[[-60.9,-17.5],[-61.2,-17.7],[-61,-17.4],[-60.9,-17.5]]]]}},{"type":"Feature","properties":{},"geometry":{"type":"MultiPolygon","coordinates":[[[[-57.4,-14.3],[-57.2,-14.4],[-57.5,-14.5],[-57.4,-14.3]]]]}},{"type":"Feature","properties":{},"geometry":{"type":"MultiPolygon","coordinates":[[[[-61.3,-17.6],[-61.4,-17.7],[-61.5,-17.6],[-61.3,-17.6]]]]}},{"type":"Feature","properties":{},"geometry":{"type":"MultiPolygon","coordinates":[[[[-46.2,-9.7],[-45.1,-9.2],[-44.6,-8.9],[-43.9,-8.8],[-43.4,-9.4],[-42.9,-11.7],[-42,-14.2],[-46.9,-15.3],[-48.5,-14.7],[-48.4,-14.4],[-48.4,-14.3],[-48.3,-14.3],[-48.5,-14.2],[-48.3,-13.9],[-48.2,-13.8],[-48.1,-13.3],[-48,-13.2],[-47.9,-12.9],[-47.7,-13],[-47.7,-12.9],[-47.6,-12.9],[-47.8,-12.7],[-47.9,-12.8],[-47.7,-12.3],[-47.6,-12.3],[-47.5,-12.4],[-47.4,-12.5],[-47.2,-12.6],[-47.3,-12.7],[-47.4,-12.8],[-47.3,-12.9],[-47.1,-12.7],[-46.9,-12.6],[-46.8,-12.5],[-46.9,-12.4],[-46.9,-12],[-46.8,-11.9],[-46.5,-11.7],[-46.4,-11.4],[-46.4,-11.3],[-46.4,-11.2],[-46.3,-11.2],[-46.3,-10.9],[-46.2,-10.9],[-46,-10.9],[-45.6,-11],[-45.8,-10.8],[-45.6,-10.4],[-46.2,-10.3],[-46.4,-10.2],[-46.5,-9.8],[-46.2,-9.7]]]]}},{"type":"Feature","properties":{},"geometry":{"type":"MultiPolygon","coordinates":[[[[-50.4,-14.5],[-49.7,-14.3],[-49.5,-14.4],[-49.1,-14.7],[-49.1,-15.4],[-50,-15.1],[-50.3,-14.7],[-50.4,-14.5]]]]}},{"type":"Feature","properties":{},"geometry":{"type":"MultiPolygon","coordinates":[[[[160.6,-19.5],[160.7,-18.7],[160.1,-18.1],[159.1,-17.8],[157.8,-17.4],[156.6,-17],[155.1,-16.1],[155,-15.7],[156.2,-15.7],[158.1,-16.4],[159.1,-16.7],[159.8,-16.6],[160.3,-16.6],[161.4,-16.6],[161.6,-17.1],[161.9,-17.4],[162.3,-17.4],[162.3,-18.7],[161.8,-19.1],[162.1,-21.5],[161.2,-20.9],[160.7,-20.4],[160.8,-20],[160.6,-19.5]]]]}},{"type":"Feature","properties":{},"geometry":{"type":"MultiPolygon","coordinates":[[[[131,-48.1],[129,-45.5],[129.7,-45],[131.7,-44.8],[133.5,-44.4],[133.9,-44.5],[134.4,-44.7],[134,-45],[134.8,-45.6],[134.9,-45.6],[135.8,-45.3],[137.1,-45.7],[138,-46.2],[138.5,-48.1],[138.6,-50],[140.7,-51.3],[142.4,-52.5],[134.7,-51.5],[131,-48.1]]]]}},{"type":"Feature","properties":{},"geometry":{"type":"MultiPolygon","coordinates":[[[[128.9,-41.7],[129,-41.9],[129.4,-42],[129.3,-42.1],[129.5,-42.3],[129.8,-42.2],[130.4,-42.4],[130.4,-42.5],[130.7,-42.6],[130.9,-42.6],[131.3,-42.7],[132.1,-42.3],[132.1,-42],[133.4,-41],[133.5,-40.7],[133.3,-40.7],[133,-40.6],[132.6,-40.7],[132.3,-40.4],[132.4,-40],[132.7,-39.9],[132.3,-40.1],[131.7,-39.8],[130.9,-40],[131.5,-40.4],[131.1,-40.3],[130.8,-40.3],[130.6,-40.5],[130.3,-40.5],[129.7,-40.6],[129.6,-40.9],[129,-40.9],[129.1,-38.1],[132,-36.5],[133.1,-34.8],[135.4,-34.8],[136.5,-35.4],[137,-37.7],[136.6,-39.6],[133.7,-41],[133.1,-41.8],[132.2,-42.7],[133,-43.6],[131.7,-44.8],[131.9,-44.4],[130.2,-44.6],[128.6,-44.9],[128.9,-41.7]]]]}},{"type":"Feature","properties":{},"geometry":{"type":"MultiPolygon","coordinates":[[[[136.1,-34.2],[136.3,-33.7],[136.6,-32.8],[136.7,-33.4],[137.2,-34.7],[138,-37.7],[138.2,-38.5],[138,-39],[136.1,-34.2]]]]}},{"type":"Feature","properties":{},"geometry":{"type":"MultiPolygon","coordinates":[[[[97.1,-63.2],[102.8,-60.5],[109,-63.6],[119.6,-63.4],[126.9,-63.4],[126.7,-65.9],[113.5,-69.1],[103.5,-67.4],[97.1,-63.2]]]]}},{"type":"Feature","properties":{},"geometry":{"type":"MultiPolygon","coordinates":[[[[112.4,-36],[109.7,-38.7],[105.4,-40],[103.8,-38.8],[102.8,-38.1],[103.8,-37.7],[104.1,-37.4],[104.6,-37.5],[106.4,-37],[109.4,-36.5],[112.4,-36]]]]}},{"type":"Feature","properties":{},"geometry":{"type":"MultiPolygon","coordinates":[[[[132.8,-55.8],[138.1,-56.6],[145.1,-57.6],[139,-57.4],[132.8,-55.8]]]]}},{"type":"Feature","properties":{},"geometry":{"type":"MultiPolygon","coordinates":[[[[127.9,-53.4],[132.2,-56],[128.2,-54.5],[127.9,-53.4]]]]}},{"type":"Feature","properties":{},"geometry":{"type":"MultiPolygon","coordinates":[[[[-142.4,-68.1],[-137.9,-68.7],[-136.3,-70.3],[-140.1,-74.1],[-153.5,-78],[-168.9,-78.9],[-173.2,-77.7],[-161.5,-77],[-152,-72.8],[-146.1,-68.9],[-142.4,-68.1]]]]}},{"type":"Feature","properties":{},"geometry":{"type":"MultiPolygon","coordinates":[[[[152.6,-62.5],[158.6,-60.7],[166.3,-58.8],[167.7,-59.3],[168.7,-59.2],[173.2,-58.9],[174,-58.6],[175.4,-58.9],[174.7,-59.5],[174.3,-61.1],[170.5,-64.3],[166.3,-64.3],[162.5,-64.7],[159.1,-65.3],[155.9,-64.7],[153.6,-63],[152.6,-62.5]]]]}},{"type":"Feature","properties":{},"geometry":{"type":"MultiPolygon","coordinates":[[[[-177.7,-42.8],[-178,-40.4],[-178,-37.8],[-172.2,-37.1],[-166.2,-36.8],[-160,-36],[-153.3,-36.4],[-150.2,-37.2],[-149.5,-40.5],[-152.3,-41.5],[-158.3,-41.3],[-164.6,-41.3],[-166.2,-42],[-166.8,-43.2],[-167.8,-42.4],[-167.9,-41.1],[-172,-43.2],[-176.4,-43.3],[-177.7,-42.8]]]]}},{"type":"Feature","properties":{},"geometry":{"type":"MultiPolygon","coordinates":[[[[-180,-48.1],[-178.7,-45.4],[-176.1,-46.3],[-170.8,-46],[-164.1,-45.5],[-159.8,-46.5],[-157.9,-48.9],[-161.1,-50.7],[-167.9,-51.5],[-175.5,-51.3],[-178.6,-51],[-179.4,-48.7],[-180,-48.1]]]]}},{"type":"Feature","properties":{},"geometry":{"type":"MultiPolygon","coordinates":[[[[180,-42.3],[179.5,-47.6],[178,-45.6],[179.4,-42.8],[180,-42.3]]]]}},{"type":"Feature","properties":{},"geometry":{"type":"MultiPolygon","coordinates":[[[[-180,-47],[-179.6,-42],[-175,-43.8],[-177.1,-44.8],[-179.2,-45.7],[-180,-47]]]]}},{"type":"Feature","properties":{},"geometry":{"type":"MultiPolygon","coordinates":[[[[180,-56.5],[179.9,-57.4],[179.7,-57.2],[179.6,-57],[179.5,-56.9],[179.5,-57],[179.2,-57.2],[179.1,-57],[179,-56.7],[178.9,-56.5],[180,-56.5]]]]}},{"type":"Feature","properties":{},"geometry":{"type":"MultiPolygon","coordinates":[[[[-180,-57.4],[-176.4,-56.9],[-176.7,-56.9],[-176.7,-57.2],[-177,-57.1],[-177.4,-57.2],[-177.7,-57.1],[-178,-57.1],[-178.2,-57.1],[-178.4,-57.4],[-178.8,-57],[-179.1,-57.2],[-179,-57.4],[-179.3,-57.4],[-179.4,-57.4],[-179.8,-57.4],[-180,-57.5],[-180,-57.4]]]]}},{"type":"Feature","properties":{},"geometry":{"type":"MultiPolygon","coordinates":[[[[176.1,-57.8],[178.5,-56.5],[178.4,-56.7],[178.2,-56.9],[178.2,-57.2],[177.8,-57.4],[177.4,-57.5],[177.6,-57.7],[176.3,-57.9],[176.1,-57.8]]]]}},{"type":"Feature","properties":{},"geometry":{"type":"MultiPolygon","coordinates":[[[[178.5,-57.2],[178.5,-56.9],[178.6,-56.9],[178.8,-57],[178.5,-57.2]]]]}},{"type":"Feature","properties":{},"geometry":{"type":"MultiPolygon","coordinates":[[[[167.7,-52.6],[169.2,-50],[168.3,-45.1],[170.5,-42.6],[173.9,-44.3],[175.6,-47.4],[173.3,-49.7],[170.8,-52.3],[167.7,-52.6]]]]}},{"type":"Feature","properties":{},"geometry":{"type":"MultiPolygon","coordinates":[[[[-180,-36],[-175.7,-33.6],[-171.7,-32.6],[-168.5,-32.8],[-164.6,-31.6],[-161.8,-30.5],[-159.6,-30.5],[-155.7,-31.4],[-152.2,-30.6],[-148,-32.5],[-145.2,-35.4],[-144.5,-37.2],[-143.7,-40],[-142.1,-41.2],[-140.9,-43.4],[-140.8,-43.7],[-140.7,-44.1],[-140.7,-44.3],[-140.6,-44.7],[-140.6,-45.2],[-140.6,-45.5],[-140.5,-45.8],[-140.4,-46.1],[-141,-47.2],[-142.2,-48.1],[-143.1,-49],[-143,-49.3],[-143.2,-50],[-142.6,-49.7],[-143.5,-51.1],[-144,-51.5],[-143.9,-50.9],[-144.3,-51],[-144.9,-51.2],[-145.6,-51.7],[-146.4,-52.1],[-147,-51.9],[-147.3,-51.9],[-146.7,-50.1],[-146.3,-47.9],[-146,-46.1],[-147.4,-44.2],[-148,-42.4],[-149.4,-41.5],[-149.2,-38.5],[-151.9,-36.2],[-156,-36.4],[-162.5,-36.1],[-169.4,-37.3],[-174.7,-37.4],[-179.1,-36.9],[-180,-36]]]]}},{"type":"Feature","properties":{},"geometry":{"type":"MultiPolygon","coordinates":[[[[-144.8,-52.5],[-145.6,-52.4],[-145,-52],[-144.7,-52.6],[-144.8,-52.5]]]]}},{"type":"Feature","properties":{},"geometry":{"type":"MultiPolygon","coordinates":[[[[167.1,-24.2],[167.5,-24.2],[169.9,-26.2],[172.4,-26.6],[171.9,-27.3],[170.1,-27.2],[169.5,-27.4],[167.8,-27.3],[167.1,-24.2]]]]}},{"type":"Feature","properties":{},"geometry":{"type":"MultiPolygon","coordinates":[[[[-95.8,-17.4],[-97.3,-17.1],[-97.9,-16.8],[-96.1,-16.3],[-96.1,-16.5],[-95.9,-16.5],[-96,-16.7],[-95.7,-16.9],[-95.4,-16.9],[-95.4,-17.1],[-95.3,-17.4],[-95.7,-17.3],[-95.8,-17.4]]]]}},{"type":"Feature","properties":{},"geometry":{"type":"MultiPolygon","coordinates":[[[[-96,-16.3],[-97.4,-15.4],[-97.1,-14.1],[-96.5,-12.4],[-96.1,-11.4],[-95.8,-10.4],[-95.6,-10.6],[-95.8,-10.8],[-95.7,-10.8],[-95.7,-10.9],[-95.7,-11.1],[-95.9,-11.2],[-96,-11.4],[-95.8,-11.6],[-95.8,-11.7],[-96.1,-11.7],[-95.9,-11.9],[-95.8,-12],[-95.8,-12.1],[-96.1,-12.4],[-96.4,-12.4],[-95.9,-12.5],[-95.9,-12.7],[-96.2,-12.7],[-96.3,-12.8],[-95.9,-12.8],[-96.2,-13],[-96,-13.1],[-95.9,-13.3],[-96,-13.5],[-96.3,-13.5],[-96.1,-13.8],[-96.1,-13.9],[-96.1,-14.2],[-96.5,-14.2],[-96.4,-14.4],[-96.4,-14.5],[-96.6,-14.5],[-96.8,-14.5],[-96.6,-14.7],[-96.6,-14.9],[-96.7,-15],[-96.6,-15.2],[-96.5,-15.6],[-96.3,-15.6],[-96.3,-15.7],[-96.7,-15.9],[-96.3,-16],[-96.1,-16],[-96.1,-16.2],[-96,-16.3]]]]}},{"type":"Feature","properties":{},"geometry":{"type":"MultiPolygon","coordinates":[[[[-112.5,-21.9],[-112.7,-21.8],[-113.4,-21.7],[-113.6,-21.6],[-113.8,-21.9],[-114.7,-21.7],[-115.1,-21.5],[-115.9,-21.4],[-115.5,-21.4],[-115.7,-21.4],[-115.9,-21.4],[-116,-21.3],[-116.1,-21.4],[-116.2,-21.4],[-116.6,-21.4],[-117,-21.3],[-118,-21.3],[-120.5,-21],[-123,-20.7],[-124.9,-20.2],[-126.9,-19.2],[-125,-18.7],[-122.2,-18.8],[-118.2,-19.3],[-115.3,-19.6],[-112.4,-20.6],[-111,-20.9],[-112.5,-21.9]]]]}},{"type":"Feature","properties":{},"geometry":{"type":"MultiPolygon","coordinates":[[[[-112.7,-22.2],[-113.6,-21.8],[-113.3,-21.8],[-113.1,-21.9],[-112.6,-22.1],[-112.7,-22.2]]]]}},{"type":"Feature","properties":{},"geometry":{"type":"MultiPolygon","coordinates":[[[[-129.1,-17.2],[-130.7,-15],[-130.2,-17.7],[-130.4,-17.6],[-130.9,-17.1],[-130.5,-17.5],[-130.8,-17.7],[-130.6,-17.8],[-130.7,-18],[-130.7,-17.9],[-130.9,-17.8],[-131,-17.9],[-131.2,-18.1],[-131.2,-18.5],[-131.3,-18.6],[-131.4,-18.3],[-131.3,-18.1],[-131.3,-17.8],[-131.3,-17.5],[-131.7,-17.7],[-131.7,-17.5],[-131.9,-17.4],[-132,-16.9],[-131.8,-16.7],[-131.9,-16.5],[-131.9,-16.1],[-131.9,-15.9],[-132.2,-15.9],[-132.6,-14.5],[-133.1,-14.2],[-133.1,-13.8],[-133.3,-13.7],[-133.4,-13.9],[-133.9,-13.8],[-134.5,-13.4],[-134.6,-13.2],[-134.7,-13.1],[-134.7,-13],[-134.7,-12.9],[-135.1,-13],[-135,-12.9],[-135.3,-12.8],[-135.4,-12.6],[-135.6,-12.7],[-135.8,-12.5],[-136,-12.7],[-136.2,-12.6],[-136.3,-12.6],[-136.4,-12.5],[-136.7,-12.8],[-137,-13.1],[-137.1,-13.2],[-137.5,-13.5],[-138.5,-13.6],[-138,-13.4],[-138.2,-13.3],[-138.5,-13.3],[-138.7,-13.5],[-139.1,-13.5],[-139.2,-13.3],[-138.9,-10.6],[-139.9,-8.9],[-139,-7.6],[-137.2,-6.6],[-136.6,-7],[-136,-7.1],[-135.5,-7.2],[-135.3,-8.2],[-135.2,-8.3],[-135.1,-9],[-135.3,-9.5],[-135,-10.4],[-134.6,-11],[-134.5,-11.4],[-134,-12],[-131.9,-11.7],[-129.4,-11.3],[-128.1,-12.4],[-129,-16.6],[-129.1,-17.2]]]]}},{"type":"Feature","properties":{},"geometry":{"type":"MultiPolygon","coordinates":[[[[-96.6,-11],[-96.8,-11.2],[-96.7,-11.2],[-96.6,-11]]]]}},{"type":"Feature","properties":{},"geometry":{"type":"MultiPolygon","coordinates":[[[[-96.8,-11.4],[-97,-12.3],[-97.7,-14.2],[-98.4,-16.4],[-98.9,-16.8],[-99.8,-15.8],[-99.8,-15.6],[-99.3,-15.7],[-98.7,-16.2],[-98.5,-16],[-98.8,-15.9],[-98.9,-15.3],[-99.1,-15.5],[-99.4,-15.5],[-99.3,-14.9],[-99.4,-15.6],[-99.7,-15.4],[-99.8,-14.8],[-99.4,-14.1],[-99.3,-12.5],[-98.6,-10.8],[-98.5,-10.2],[-98.2,-10.6],[-98.6,-11.1],[-98.5,-11.2],[-98.1,-11.3],[-97.7,-11.2],[-97.3,-11.1],[-97.4,-11.6],[-97.1,-11.2],[-96.8,-11.4]]]]}},{"type":"Feature","properties":{},"geometry":{"type":"MultiPolygon","coordinates":[[[[-99.9,-15.7],[-99.8,-15.2],[-99.8,-15.4],[-99.9,-15.7]]]]}},{"type":"Feature","properties":{},"geometry":{"type":"MultiPolygon","coordinates":[[[[-95.9,-6.6],[-96.1,-6.4],[-96.2,-7.1],[-96.1,-7.3],[-96.1,-7.5],[-96.1,-7.7],[-96.2,-7.8],[-96.6,-8.2],[-96.7,-7.9],[-96.8,-7.6],[-97,-7.4],[-97.1,-7.2],[-97.1,-7],[-97,-6.8],[-96.9,-6.6],[-97.3,-6.3],[-97.2,-6.2],[-97.2,-6.1],[-97.3,-6],[-97.3,-5.8],[-97.2,-5.7],[-97,-5.7],[-96.9,-5.5],[-97,-5.4],[-97.1,-5.3],[-96.2,-5.4],[-95.9,-6.6]]]]}},{"type":"Feature","properties":{},"geometry":{"type":"MultiPolygon","coordinates":[[[[143.6,-62.4],[143.6,-62.5],[141.4,-65.1],[139.5,-67.9],[134,-66.4],[131,-63.2],[137.8,-61.4],[143.3,-61.1],[143.6,-62.4]]]]}},{"type":"Feature","properties":{},"geometry":{"type":"MultiPolygon","coordinates":[[[[-170.2,-56.5],[-167.1,-57],[-165.1,-57.4],[-159.5,-59.1],[-159.2,-60.4],[-165.1,-61.6],[-170.6,-59.9],[-170.5,-57.1],[-170.2,-56.5]]]]}},{"type":"Feature","properties":{},"geometry":{"type":"MultiPolygon","coordinates":[[[[-155.6,-47.5],[-151.5,-45.3],[-150.1,-47.7],[-154.2,-50.8],[-156.5,-49.7],[-155.6,-47.5]]]]}},{"type":"Feature","properties":{},"geometry":{"type":"MultiPolygon","coordinates":[[[[126.5,-46.3],[129.7,-46.6],[130.6,-48.4],[126.7,-49.7],[126.5,-46.3]]]]}},{"type":"Feature","properties":{},"geometry":{"type":"MultiPolygon","coordinates":[[[[146.5,-53.4],[149,-53.6],[148.9,-54.2],[150.1,-53.9],[150.5,-53.9],[152,-53.6],[153.3,-53.7],[153.7,-54.1],[156.9,-55.4],[157.7,-56.9],[156.4,-56.5],[155.4,-56.1],[153.9,-55.6],[152.3,-54.8],[150.4,-54.5],[149.7,-54.4],[148.8,-54.9],[146.5,-53.4]]]]}},{"type":"Feature","properties":{},"geometry":{"type":"MultiPolygon","coordinates":[[[[149.3,-74.2],[151.5,-73.1],[151.7,-73.8],[151.1,-74.5],[149.2,-75.5],[147.1,-76.1],[147.5,-75.4],[147.8,-74.7],[149.3,-74.2]]]]}},{"type":"Feature","properties":{},"geometry":{"type":"MultiPolygon","coordinates":[[[[132.4,-34.1],[134.5,-34.3],[133.1,-34.8],[132,-36.5],[129.1,-38.1],[131.4,-35.9],[131.9,-34.7],[132.4,-34.1]]]]}},{"type":"Feature","properties":{},"geometry":{"type":"MultiPolygon","coordinates":[[[[-135.1,-3.8],[-136.8,-2.2],[-137.5,-0.9],[-136.9,1.2],[-136.5,1.8],[-136.2,1.7],[-135.1,1.7],[-134.6,0.7],[-135.2,-0.4],[-135.3,-1.4],[-134.9,-3.1],[-135.1,-3.8]]]]}},{"type":"Feature","properties":{},"geometry":{"type":"MultiPolygon","coordinates":[[[[133.9,-41.2],[134.8,-40.8],[136.5,-40.6],[136.7,-41.5],[135,-43.3],[132.2,-43],[132.5,-42],[133.9,-41.2]]]]}},{"type":"Feature","properties":{},"geometry":{"type":"MultiPolygon","coordinates":[[[[175.8,-42.5],[176.2,-43.9],[175.2,-43.7],[175.3,-42.2],[175.8,-42.5]]]]}},{"type":"Feature","properties":{},"geometry":{"type":"MultiPolygon","coordinates":[[[[-137.2,-6.6],[-137.8,-5.3],[-137.3,-3.3],[-137.4,-1.9],[-135.7,-3.1],[-135.2,-4.3],[-135.8,-5.8],[-137.2,-6.6]]]]}},{"type":"Feature","properties":{},"geometry":{"type":"MultiPolygon","coordinates":[[[[96.3,-63.1],[100.8,-66.3],[110.9,-68.9],[109,-70.8],[103.1,-69.6],[98.1,-65.5],[96.3,-63.1]]]]}},{"type":"Feature","properties":{},"geometry":{"type":"MultiPolygon","coordinates":[[[[-0.7,-68.8],[1.1,-68.4],[2.8,-67.5],[3.5,-67.1],[4,-66.9],[4.1,-67.2],[4.1,-68],[4.1,-68.7],[4.1,-68.8],[4.3,-69.2],[4.4,-69.7],[4.3,-70.1],[4.6,-70.2],[4.8,-70.6],[5,-70.7],[5.8,-71],[6.9,-71.5],[6.9,-72.1],[4.8,-73.1],[-3.6,-74.2],[-1.2,-71.9],[-1,-69.2],[-0.7,-68.8]]]]}},{"type":"Feature","properties":{},"geometry":{"type":"MultiPolygon","coordinates":[[[[-10.9,-74.6],[-0.9,-73.9],[0.5,-75.2],[0.5,-75.6],[-1,-76.6],[-3,-77.2],[-10.6,-78.6],[-13.5,-79.3],[-13.6,-79.1],[-13.1,-78.8],[-14.1,-78.8],[-15.5,-78.8],[-13.6,-78.3],[-13.4,-78],[-11.2,-77.9],[-10.7,-77.6],[-10.7,-77.4],[-10.3,-77.1],[-13.6,-76.7],[-11.7,-76.5],[-9.9,-75.6],[-11,-75.4],[-10.6,-75.1],[-10.9,-74.7],[-10.9,-74.6]]]]}},{"type":"Feature","properties":{},"geometry":{"type":"MultiPolygon","coordinates":[[[[6.8,-72.2],[8.6,-73],[11.2,-73.2],[12.1,-73.2],[12.9,-72.8],[14.8,-72.4],[15.8,-72.9],[17,-74],[16.3,-74.4],[16.2,-74.5],[16.4,-74.6],[16.5,-75.4],[18,-75.8],[17.9,-75.8],[18.2,-76],[18.3,-76.2],[18.1,-76.4],[18.1,-76.6],[17.7,-76.8],[17.2,-77.1],[16.7,-77.4],[16.5,-77.6],[16.5,-77.8],[16.4,-78.1],[16,-78.3],[15,-78.6],[14.1,-78.8],[13.9,-79.1],[8.6,-78.7],[8.2,-78.6],[7,-78],[2.6,-78.3],[2.1,-78.1],[0.5,-78.1],[-4.8,-78.4],[-5.9,-78.4],[-6.7,-78.3],[-7.8,-78.5],[-8.3,-78.5],[-8.7,-78.7],[-9,-78.7],[-9.9,-78.8],[-11.2,-78.9],[-11.7,-79.2],[-9.4,-78.5],[-2.5,-77.1],[-0.4,-76.4],[0.6,-75.5],[0.5,-75.1],[4.8,-73.1],[6.8,-72.2]]]]}},{"type":"Feature","properties":{},"geometry":{"type":"MultiPolygon","coordinates":[[[[-5.2,-84.7],[-3.1,-84.8],[-0.1,-85],[2.2,-85.2],[4.6,-85.3],[8.8,-85.4],[10.9,-85.4],[13.6,-85.4],[16.3,-85.5],[20.5,-85.6],[23.9,-85.6],[27,-85.6],[29.4,-85.6],[31.6,-85.5],[33.8,-85.4],[34.5,-85.4],[38.2,-86],[33.2,-86.9],[12.3,-87.8],[6.5,-87.9],[-42.7,-88.8],[-82,-88.7],[-83.4,-88.3],[-88.3,-88.1],[-91.2,-87.8],[-91.8,-87.5],[-91.2,-87.2],[-89.7,-86.9],[-90.8,-86.6],[-91.5,-86.1],[-92.1,-85.9],[-91.3,-85.5],[-90.2,-85.2],[-91.1,-85],[-91.7,-84.8],[-92,-84.6],[-91.1,-84.5],[-92.7,-84.3],[-93.2,-84],[-90.5,-83.8],[-89.5,-83.8],[-83.6,-83.6],[-83.6,-83.5],[-82.9,-83.2],[-81.3,-82.3],[-72.5,-82.3],[-71.9,-82.4],[-70.9,-82.2],[-69.6,-82],[-69.6,-82.1],[-69.5,-82],[-64.8,-81.8],[-58.7,-82.1],[-51.4,-82],[-44.6,-81.6],[-43.3,-81.5],[-42.2,-81.3],[-41,-81.1],[-39.6,-81],[-38.1,-81.2],[-36.6,-81.5],[-36.2,-81.4],[-32.5,-81.6],[-31.9,-82.1],[-28.8,-82.6],[-26.4,-83],[-19.5,-83.9],[-17.7,-84.1],[-14.3,-84.2],[-9.9,-84.7],[-5.2,-84.7]]]]}},{"type":"Feature","properties":{},"geometry":{"type":"MultiPolygon","coordinates":[[[[-93.2,-83.9],[-93,-84.1],[-92.6,-84.4],[-90.9,-84.5],[-92.3,-84.7],[-91.5,-84.9],[-90.7,-85.1],[-90.2,-85.4],[-91.4,-85.7],[-92,-85.9],[-91.1,-86.2],[-90.7,-86.6],[-89.8,-87],[-91.8,-87.3],[-91.7,-87.5],[-91.4,-87.9],[-86.4,-88.1],[-83.3,-88.3],[-82.3,-88.8],[-100.7,-88.4],[-100.8,-88],[-108.4,-86.9],[-102.1,-86.4],[-96.3,-85.1],[-97.4,-84.3],[-93.2,-83.9]]]]}},{"type":"Feature","properties":{},"geometry":{"type":"MultiPolygon","coordinates":[[[[144.1,-21.6],[146.6,-17.8],[146.8,-17.7],[147,-17.8],[147.5,-17.6],[147.5,-18.4],[147.6,-18.7],[147.1,-19.7],[147.2,-20.1],[147.9,-20.2],[147.3,-20.3],[147.5,-20.8],[146.9,-20.7],[146.5,-20.7],[146.6,-21.2],[146.4,-21.7],[146.1,-21.2],[145.4,-21.6],[145.1,-21.7],[144.5,-21.8],[144.1,-21.6]]]]}},{"type":"Feature","properties":{},"geometry":{"type":"MultiPolygon","coordinates":[[[[145.2,-22.3],[145.1,-21.9],[145.6,-22.2],[145.2,-22.3]]]]}},{"type":"Feature","properties":{},"geometry":{"type":"MultiPolygon","coordinates":[[[[131,-24],[131.1,-23.9],[131.1,-24],[131.2,-24.1],[131,-24]]]]}},{"type":"Feature","properties":{},"geometry":{"type":"MultiPolygon","coordinates":[[[[132,-25.3],[132.1,-25.1],[132.1,-25],[132.3,-24.8],[132.4,-24.7],[132,-25.3]]]]}},{"type":"Feature","properties":{},"geometry":{"type":"MultiPolygon","coordinates":[[[[133.3,-23.9],[134.4,-21.3],[136.3,-22.1],[137.4,-22.7],[138.1,-23.5],[137.9,-24.1],[137.6,-24.2],[137.2,-23.6],[136.4,-24],[136.5,-23.8],[135.7,-24],[134.9,-23.5],[134.3,-23.7],[133.3,-23.9]]]]}},{"type":"Feature","properties":{},"geometry":{"type":"MultiPolygon","coordinates":[[[[139.1,-24.2],[141.6,-21],[142.5,-18.1],[144,-22.2],[142.1,-23.4],[142,-23.5],[141.9,-23.9],[141.4,-23.8],[141.3,-24.1],[140.2,-24],[139.8,-24.2],[139.1,-24.2]]]]}},{"type":"Feature","properties":{},"geometry":{"type":"MultiPolygon","coordinates":[[[[142.5,-18.1],[146.2,-16.3],[146.7,-17.3],[146.8,-17.7],[146.6,-17.8],[144.1,-21.6],[143,-19.4],[142.5,-18.1]]]]}},{"type":"Feature","properties":{},"geometry":{"type":"MultiPolygon","coordinates":[[[[-97.9,-7.5],[-98,-7.7],[-97.8,-8],[-97.9,-8.8],[-98.3,-9],[-98.6,-9.6],[-99.3,-10.4],[-99.4,-11.2],[-99.8,-12.1],[-100,-13.4],[-100.2,-14.3],[-100.8,-15.3],[-101,-15.5],[-101.7,-15.5],[-102.3,-15.4],[-103,-15.2],[-103.9,-15],[-104.3,-14.8],[-105.2,-15],[-106,-16.2],[-106.8,-16.5],[-107.5,-17.2],[-108.3,-18],[-108.7,-17.7],[-108.6,-17.4],[-108.5,-16.9],[-108.9,-16.8],[-108.9,-16.3],[-109.3,-16],[-109.3,-15.8],[-110.5,-15.8],[-110.7,-15.5],[-110.9,-15.6],[-110.9,-15.3],[-111.8,-15.2],[-112.2,-15.2],[-112.4,-15.2],[-112.7,-14.9],[-113,-14.9],[-112.9,-14.4],[-113,-14.3],[-113,-14.2],[-113.1,-14.1],[-113.1,-14],[-113.1,-13.9],[-114,-12.5],[-113.8,-12.3],[-113.7,-11.8],[-113.6,-11.7],[-113.3,-10.7],[-113.3,-9.3],[-113.5,-8.7],[-113.7,-8.8],[-113.9,-8.7],[-114.3,-8.7],[-114.7,-8.5],[-115.4,-7.5],[-115.9,-7.3],[-116.7,-7.5],[-117.6,-7.6],[-118.7,-7.6],[-119.2,-7.7],[-119.7,-8.2],[-120.8,-7.3],[-122.6,-6.3],[-122.3,-5.3],[-121.5,-3.1],[-120.5,-2.5],[-119.2,-1.8],[-117.6,-1.2],[-116.6,-0.8],[-114.8,0],[-113.7,0],[-113.8,-0.2],[-114,-0.5],[-114.4,-0.7],[-114.5,-1],[-114.4,-0.8],[-113.6,-0.5],[-113.5,0],[-112.3,-0.1],[-111.5,-0.1],[-111.1,-0.1],[-110.2,-0.2],[-109.8,-0.5],[-109.4,-1],[-108.6,-2.7],[-107.1,-4],[-107.3,-5],[-107.1,-6.5],[-106.7,-7.2],[-106.4,-7.7],[-107,-8.5],[-108,-9.3],[-108.2,-10.2],[-108.4,-11.2],[-108.2,-11.7],[-107.7,-11.5],[-107.9,-12.1],[-107.6,-11.8],[-107.2,-11.6],[-106.9,-11.5],[-106.8,-11.2],[-106.7,-11.1],[-106.5,-10.9],[-106.1,-10.5],[-106.1,-10.3],[-105.9,-10.2],[-105.8,-10],[-105.8,-9.7],[-105.7,-9.5],[-104.4,-9.8],[-103.3,-9.6],[-102.3,-8.5],[-102.2,-7.9],[-102.2,-7.2],[-102.2,-7],[-101.9,-7],[-101.6,-7],[-101.4,-7],[-101.3,-6.8],[-100.9,-6.8],[-100.8,-6.5],[-100.5,-6],[-100.4,-6.1],[-99.4,-6.3],[-98.1,-6.8],[-98.1,-7.3],[-97.9,-7.5]]]]}},{"type":"Feature","properties":{},"geometry":{"type":"MultiPolygon","coordinates":[[[[-115,-10.9],[-115.2,-11.4],[-115.2,-11.5],[-115.5,-11.4],[-115.5,-11.1],[-116.1,-10.4],[-116.9,-8.9],[-117.3,-8.3],[-117.1,-8.2],[-116.6,-8.6],[-115.5,-9.5],[-115.1,-9.8],[-115,-10.2],[-115,-10.9]]]]}},{"type":"Feature","properties":{},"geometry":{"type":"MultiPolygon","coordinates":[[[[-104,-8.5],[-104.2,-8.5],[-104.5,-8.5],[-104.7,-8.5],[-104.4,-8.4],[-104.4,-8.5],[-104,-8.5]]]]}},{"type":"Feature","properties":{},"geometry":{"type":"MultiPolygon","coordinates":[[[[-101.6,10],[-105.5,8.6],[-106.8,8.8],[-107.3,9.6],[-107,10.4],[-106.9,10.8],[-106.3,11.1],[-104.8,11.5],[-103.5,11.4],[-102,11.7],[-101.7,12.4],[-101.5,15.5],[-100.3,16.1],[-99.7,16.2],[-99.6,16.1],[-99.4,16.1],[-100.4,15.5],[-100.5,15.1],[-100.4,15.1],[-100.1,15.1],[-100,15.1],[-99.9,15.1],[-99.8,15],[-99.7,14.8],[-100.2,14.9],[-100.5,14.7],[-100.5,14.5],[-100.4,13.3],[-100.7,12.2],[-100.7,11.9],[-100.9,11.1],[-101.3,11.4],[-101.7,11.6],[-101.6,10.1],[-101.6,10]]]]}},{"type":"Feature","properties":{},"geometry":{"type":"MultiPolygon","coordinates":[[[[-100.3,17.1],[-100.9,18.1],[-100.9,19.3],[-100.6,19.4],[-100.7,19],[-100.8,18.8],[-100.7,18.8],[-100.4,18.9],[-100.3,18.8],[-100.4,18.6],[-100.2,18.5],[-100,18.2],[-100.2,18.1],[-100.3,18.1],[-100.3,17.9],[-100.1,17.6],[-99.8,17.2],[-99.7,17],[-99.6,16.9],[-99.7,16.8],[-100,17],[-100.3,17.1]]]]}},{"type":"Feature","properties":{},"geometry":{"type":"MultiPolygon","coordinates":[[[[-106.2,8.2],[-106.6,8.6],[-106.3,8.4],[-106.2,8.2]]]]}},{"type":"Feature","properties":{},"geometry":{"type":"MultiPolygon","coordinates":[[[[-107.8,10.2],[-107.1,10.6],[-107.5,10.2],[-107.8,10.2]]]]}},{"type":"Feature","properties":{},"geometry":{"type":"MultiPolygon","coordinates":[[[[-106.5,7.9],[-107.3,8.6],[-106.8,8.5],[-106.5,7.9]]]]}},{"type":"Feature","properties":{},"geometry":{"type":"MultiPolygon","coordinates":[[[[-98,7.4],[-98.4,7.4],[-98.5,7.4],[-98.6,7.5],[-98.8,7.4],[-98.8,7.8],[-98.9,7.6],[-99,7.4],[-99.6,7.4],[-99.7,7.7],[-99.7,8.1],[-99.6,8.5],[-100.1,9.2],[-100.5,9.8],[-100.7,10],[-100.6,11],[-100.3,10.9],[-100.1,12.1],[-99.6,12.5],[-99.1,10.7],[-99,10.5],[-98.8,11.4],[-99.1,12.1],[-99,12.5],[-98.8,12.9],[-98.2,12.3],[-98.1,12],[-98.2,12.7],[-98.1,12.8],[-98,13],[-97.5,13.1],[-97.2,13.1],[-96.7,11.8],[-96.8,11.6],[-96.4,11.5],[-97,11.1],[-96.8,11],[-96.9,10.9],[-96.7,10.7],[-96.5,10.7],[-96.4,10.7],[-96.4,10.5],[-96.6,10.2],[-97.3,9.9],[-97.1,9.7],[-95.9,10.3],[-95.8,9.9],[-96,9.4],[-97.3,8.6],[-97.6,8.5],[-97.9,8],[-97.9,7.8],[-98,7.4]]]]}},{"type":"Feature","properties":{},"geometry":{"type":"MultiPolygon","coordinates":[[[[-95.4,13.6],[-95.7,13.4],[-96,12.3],[-97.3,13.3],[-97.7,13.6],[-98.4,13.9],[-98.1,14.7],[-97.7,15.3],[-96.8,14.9],[-95.4,15],[-95.4,13.6]]]]}},{"type":"Feature","properties":{},"geometry":{"type":"MultiPolygon","coordinates":[[[[-94.5,8],[-96.2,7.7],[-96,8],[-96,8.3],[-95.5,8.3],[-95.6,8],[-95.4,8],[-95.1,8.2],[-94.9,8.2],[-94.8,8.4],[-94.7,8.5],[-94.4,8.3],[-94.5,8]]]]}},{"type":"Feature","properties":{},"geometry":{"type":"MultiPolygon","coordinates":[[[[-95.9,9.4],[-95.3,10],[-95.8,9.3],[-95.9,9.4]]]]}},{"type":"Feature","properties":{},"geometry":{"type":"MultiPolygon","coordinates":[[[[-112.1,-0.1],[-112.9,-0.1],[-113.5,0],[-113.7,0.4],[-114,0.1],[-113.7,0],[-114.8,0],[-116.6,-0.8],[-117.6,-1.2],[-119.2,-1.8],[-120.5,-2.5],[-121.5,-3.1],[-120.7,-1.6],[-118.3,-0.5],[-117.5,-0.2],[-117.1,0.1],[-116.2,0.8],[-114,1.5],[-112.6,1.9],[-112.4,1.9],[-112.3,2],[-112.1,2.1],[-112.2,1.7],[-112.3,1.7],[-112,1.1],[-111.9,0.9],[-111.8,0.7],[-111.4,0.4],[-111.4,0.2],[-111.8,0],[-112.1,-0.1]]]]}},{"type":"Feature","properties":{},"geometry":{"type":"MultiPolygon","coordinates":[[[[-109.8,-0.4],[-109.8,-0.5],[-110.2,-0.2],[-111.1,-0.1],[-111.5,-0.1],[-111.8,0],[-111.4,0.2],[-111.4,0.4],[-111.8,0.7],[-111.9,0.9],[-112,1.1],[-112.3,1.7],[-112.2,1.7],[-112.1,2.1],[-112.2,2.2],[-112.4,2.2],[-112.2,2.3],[-111.5,2.2],[-111.4,2.5],[-111.2,2.6],[-110.8,2.5],[-110.7,2.2],[-110.4,1.6],[-110.6,1.3],[-110.5,0.7],[-110.2,0.2],[-109.8,-0.4]]]]}},{"type":"Feature","properties":{},"geometry":{"type":"MultiPolygon","coordinates":[[[[-111.1,2.8],[-111.6,2.8],[-112.3,3.2],[-112.4,3.3],[-111.3,2.9],[-111.1,2.8]]]]}},{"type":"Feature","properties":{},"geometry":{"type":"MultiPolygon","coordinates":[[[[-96.5,1.7],[-96.4,1.5],[-96,1.5],[-95.3,0.8],[-95.5,0.7],[-96,0.5],[-96.1,0.7],[-96.1,0.5],[-96.4,0.2],[-97.3,-0.5],[-97.9,-0.4],[-97.9,-0.1],[-97.7,0.2],[-97.8,0.4],[-97.8,0.3],[-97.9,0.1],[-98.2,-0.4],[-98.2,-0.1],[-98.4,0],[-98.4,0.5],[-98.7,0.3],[-99.4,0.3],[-99.8,1],[-99.8,1.4],[-99.9,1.6],[-99.9,0.5],[-100.2,-0.1],[-100.5,0],[-101.2,0],[-101.3,0.2],[-101.3,0.3],[-101.6,0.3],[-102,0.6],[-102.2,1.2],[-102.3,1.9],[-102.3,1.6],[-102.2,1.3],[-102.3,1.2],[-102.1,0.6],[-102.3,0.2],[-102.8,0.8],[-103.2,1.7],[-105.2,2.7],[-105.7,3.8],[-107,4],[-107.9,4.5],[-108.4,4.8],[-109,4.9],[-109.9,7],[-109.4,6.1],[-109.2,5.8],[-109.3,6.7],[-109.9,7.4],[-108.9,7.9],[-107.7,8.1],[-107,8],[-105.2,6.7],[-104.8,6.3],[-103.2,6.7],[-101.6,6.9],[-100.4,6.9],[-100.4,6.5],[-100.2,6.2],[-100.1,6],[-99.8,5.3],[-99.9,5],[-99.8,4.9],[-99.5,5],[-99.6,5.3],[-99.6,5.4],[-99.3,5.6],[-99.2,5.3],[-99,5.3],[-99.2,4.9],[-99.3,4.8],[-99.5,4.6],[-99.7,4.4],[-99.7,4.2],[-99.8,4],[-99.4,4.4],[-98.5,4.2],[-98,4.2],[-98.2,4.3],[-97.9,4.5],[-97.7,4.5],[-97.5,4.5],[-97.7,5],[-97.5,5.5],[-96.9,5.7],[-96.8,6.1],[-95.8,5.9],[-95.6,5.9],[-95.7,5.7],[-96.3,4.7],[-96.5,4.5],[-96.4,4.4],[-96.6,4.6],[-96.8,4.5],[-97.1,4.2],[-97.1,4],[-97,3.7],[-96.9,3.7],[-97.2,3.6],[-97.2,3.8],[-97.5,3.3],[-97.9,3],[-97.7,2.8],[-97,2.6],[-97.5,2.2],[-98,1.9],[-98.2,1.4],[-98.1,1.3],[-97.9,1.3],[-97.6,1.4],[-96.5,1.7]]]]}},{"type":"Feature","properties":{},"geometry":{"type":"MultiPolygon","coordinates":[[[[-98.8,0],[-99,-0.3],[-98.9,-0.6],[-99,-1.3],[-99.1,-2.4],[-99.1,-2.7],[-99,-2.9],[-99.1,-3],[-99.7,-2.4],[-99.5,-1.9],[-100,-1.9],[-100.9,-1.8],[-100.8,-1.1],[-101,-0.7],[-99.7,-0.4],[-98.8,0]]]]}},{"type":"Feature","properties":{},"geometry":{"type":"MultiPolygon","coordinates":[[[[-94.7,6.3],[-94,6.9],[-93.5,6.9],[-93.3,6.6],[-93.5,5.9],[-93.9,5.8],[-94.7,6.3]]]]}},{"type":"Feature","properties":{},"geometry":{"type":"MultiPolygon","coordinates":[[[[-95.4,6],[-94.8,6.3],[-95.3,5.9],[-95.4,6]]]]}},{"type":"Feature","properties":{},"geometry":{"type":"MultiPolygon","coordinates":[[[[-97.9,5.8],[-98.1,5.3],[-98.3,4.7],[-98.7,4.8],[-98.9,5.2],[-99,5.6],[-98.9,5.9],[-98.9,6],[-99,6.1],[-98.7,6.2],[-98.3,6.1],[-98.2,6.1],[-97.9,5.8]]]]}},{"type":"Feature","properties":{},"geometry":{"type":"MultiPolygon","coordinates":[[[[-100.1,-3.1],[-101.1,-3],[-100.6,-2.5],[-100.2,-2.9],[-100.1,-3.1]]]]}},{"type":"Feature","properties":{},"geometry":{"type":"MultiPolygon","coordinates":[[[[-98.4,-0.6],[-98.5,-0.7],[-98.5,-0.6],[-98.4,-0.6]]]]}},{"type":"Feature","properties":{},"geometry":{"type":"MultiPolygon","coordinates":[[[[-97.7,5.3],[-97.9,5.1],[-98,5.2],[-97.7,5.3]]]]}},{"type":"Feature","properties":{},"geometry":{"type":"MultiPolygon","coordinates":[[[[-100.5,-29.5],[-101.1,-29.3],[-101.4,-28.5],[-101.5,-28.8],[-101.3,-29.4],[-101.2,-29.6],[-101.3,-29.7],[-101.4,-29.7],[-101.7,-29.8],[-101.8,-30],[-102.9,-29.7],[-104.7,-29.1],[-105.8,-28.7],[-106.8,-28.3],[-106.9,-28.3],[-107.8,-28],[-110.5,-27.6],[-110.6,-27.2],[-107.9,-26.7],[-107.5,-26.6],[-107.3,-26.6],[-106.4,-26.8],[-105.6,-27],[-105.4,-27.4],[-104.7,-27.6],[-103.6,-27.5],[-102.4,-27.7],[-102.1,-27.8],[-101.4,-28.1],[-101.1,-28.4],[-100.5,-29.1],[-100.5,-29.5]]]]}},{"type":"Feature","properties":{},"geometry":{"type":"MultiPolygon","coordinates":[[[[75.7,-53.7],[76.5,-53.7],[77,-53.5],[77.6,-53.1],[78.8,-52.5],[80.1,-51.3],[81.9,-50.1],[82.5,-48],[82.6,-47.6],[83.5,-46.4],[84.6,-45.2],[85.5,-43.5],[86.1,-41.6],[87.8,-40.1],[87.4,-40.3],[87.3,-40.6],[88,-41.4],[89.1,-42.2],[89,-43.2],[88.6,-44.3],[88.7,-45.2],[87.7,-45.9],[87.6,-46],[86.5,-46.9],[86.5,-47.5],[86.4,-48.1],[86.3,-48],[86.5,-48.2],[87.1,-48.2],[87.2,-48.6],[88.3,-48.8],[88.2,-48.4],[89.1,-48],[89.9,-47.4],[90,-47.3],[90.2,-47.2],[90.5,-46.9],[90.7,-46.7],[90.6,-46.5],[91,-45.8],[91.2,-45.7],[92,-45.7],[92.3,-45.4],[92.9,-44.8],[92.2,-44.8],[92,-44.7],[91.5,-44.9],[91.3,-44.3],[91.5,-44.2],[92.1,-44.2],[93,-44],[93.4,-43.8],[93.3,-43.6],[93.6,-43.3],[93.4,-43],[92.7,-42.2],[92.1,-41.5],[92,-41.6],[91.8,-41.3],[91.7,-41.3],[91.1,-41.3],[90.1,-40.9],[89.5,-40.8],[88.7,-40.5],[88.6,-40.6],[88.6,-40.4],[88.7,-40.5],[88.9,-40.3],[90.2,-40],[94.2,-38.6],[100.2,-37.9],[101.4,-38.8],[103.3,-39.2],[105.6,-40.6],[107.1,-41.2],[107.7,-43.7],[105.7,-43.8],[102,-45.6],[99.6,-47.1],[97.9,-48.8],[96.9,-50.1],[95.8,-51.1],[95.4,-51.7],[94.5,-52.3],[94,-52.9],[94.4,-53.9],[95.2,-54.2],[96.8,-54],[97.3,-55],[98,-56.7],[97,-57.8],[95.4,-58.8],[94,-59.3],[93.8,-59.4],[91.6,-59.3],[89.7,-59.4],[88.7,-59.5],[87.4,-59.6],[86.7,-59.7],[85.7,-59.7],[83.1,-59.8],[81.5,-59.9],[80.6,-60],[78.5,-59.3],[77.1,-58.5],[76.2,-57.9],[75.5,-57.2],[74.9,-55.1],[75.7,-53.7]]]]}},{"type":"Feature","properties":{},"geometry":{"type":"MultiPolygon","coordinates":[[[[87.8,-40.8],[88.6,-41.6],[87.8,-41],[87.8,-40.8]]]]}},{"type":"Feature","properties":{},"geometry":{"type":"MultiPolygon","coordinates":[[[[68.8,-43.9],[72.7,-42.2],[75.7,-41.3],[77.7,-38.9],[79.5,-39.6],[80.3,-40.7],[80.9,-42.4],[79.2,-43.2],[78.6,-45.2],[76.8,-47.8],[73.8,-48.9],[69.6,-46.5],[68.3,-45.5],[67.4,-45.7],[67.9,-44.7],[68.8,-43.9]]]]}},{"type":"Feature","properties":{},"geometry":{"type":"MultiPolygon","coordinates":[[[[81.1,-27.4],[82.9,-31.8],[85.7,-35.7],[85.6,-37.6],[83.1,-39.3],[80,-39.1],[79.2,-36.2],[80.7,-31.2],[80.5,-29.8],[81.1,-27.4]]]]}},{"type":"Feature","properties":{},"geometry":{"type":"MultiPolygon","coordinates":[[[[104.9,-80.8],[100.5,-82.9],[90.2,-84.7],[85.4,-83.6],[85.5,-83.6],[84.8,-83.4],[84.3,-82.9],[81.3,-82],[82.3,-82],[82.6,-81.8],[85.2,-81.7],[84.5,-81],[91.3,-81.2],[93.9,-80.8],[102.6,-81.3],[104.9,-80.8]]]]}},{"type":"Feature","properties":{},"geometry":{"type":"MultiPolygon","coordinates":[[[[77.6,-77.4],[81.9,-77.9],[84.1,-77.8],[84.5,-78.3],[80.6,-79.6],[77.6,-79.7],[77.2,-79.4],[78.5,-79],[78,-77.9],[77.4,-77.4],[77.6,-77.4]]]]}},{"type":"Feature","properties":{},"geometry":{"type":"MultiPolygon","coordinates":[[[[95.1,-80.5],[97.5,-80.6],[102.3,-80.6],[104.3,-81.1],[105.5,-81.9],[101.7,-81.6],[92.4,-81.2],[90.6,-81.4],[95.1,-80.5]]]]}},{"type":"Feature","properties":{},"geometry":{"type":"MultiPolygon","coordinates":[[[[68.7,-59.1],[69,-59],[69.1,-58.8],[69.4,-58.4],[69.7,-58],[70.7,-58.8],[71.4,-59.6],[72.1,-60.3],[73.7,-61.3],[74.2,-61.9],[74.9,-62.2],[75.2,-63.5],[75.8,-63.8],[76.1,-64.5],[73.9,-66.2],[74.2,-67],[74.4,-67.4],[74.3,-67.7],[73.6,-67.9],[73.8,-68.1],[73.8,-68.4],[73.8,-68.6],[73.5,-68.3],[73,-68.6],[72.4,-68.8],[71.7,-68.7],[70.9,-69],[69.8,-69],[68.9,-68.8],[67.9,-67.9],[66.7,-67.4],[66.7,-66.8],[66.9,-65.8],[67.4,-65],[67.3,-64],[70.5,-61.5],[69.2,-59.9],[68.7,-59.1]]]]}},{"type":"Feature","properties":{},"geometry":{"type":"MultiPolygon","coordinates":[[[[67,-59.2],[67.5,-60],[68.8,-61.7],[65.7,-63.9],[65.3,-62.9],[64.7,-62],[64.5,-61.4],[65.2,-61.1],[65.6,-60.9],[65.9,-60.6],[65.9,-60.3],[66.1,-59.9],[66.3,-59.7],[66.5,-59.5],[66.7,-59.3],[67,-59.2]]]]}},{"type":"Feature","properties":{},"geometry":{"type":"MultiPolygon","coordinates":[[[[-81.9,6.8],[-81.7,6.4],[-82,6.6],[-82,6.3],[-81.9,6],[-82.2,5.9],[-82.6,6.1],[-82.6,6.4],[-82.8,6.7],[-82.8,6.4],[-83.1,6.9],[-83.1,7.1],[-82.8,7.3],[-82.8,6.9],[-82.4,6.8],[-82.1,6.8],[-81.9,6.8]]]]}},{"type":"Feature","properties":{},"geometry":{"type":"MultiPolygon","coordinates":[[[[-80.8,5.8],[-80.5,5],[-80.9,4.9],[-81.1,5.1],[-81.4,5.4],[-81.5,5.5],[-81.2,6],[-81.9,5.7],[-81.7,5.9],[-81.5,6.3],[-80.8,5.8]]]]}},{"type":"Feature","properties":{},"geometry":{"type":"MultiPolygon","coordinates":[[[[73.3,-49.1],[76.2,-48.2],[78.5,-45.8],[78.8,-43.4],[80.8,-42.8],[80.1,-44.3],[79.7,-46.2],[78.8,-48],[77.9,-49],[76.9,-49.9],[76.5,-50.8],[76.3,-52.8],[74.4,-53.9],[73,-55.2],[71.6,-56],[70.9,-56.3],[70.2,-56.6],[69.4,-56.7],[69.1,-56.3],[68.3,-54.6],[70,-54],[71.2,-53.1],[72,-52],[72.6,-51],[73.3,-49.1]]]]}},{"type":"Feature","properties":{},"geometry":{"type":"MultiPolygon","coordinates":[[[[70,-51.1],[69.3,-49],[68.9,-48.5],[67.5,-46.9],[67.7,-45.9],[69.2,-46.7],[73.3,-49.1],[72.6,-51],[72,-52],[71.2,-53.1],[70,-54],[68.3,-54.6],[68.2,-53],[69.3,-52.5],[69.7,-51.6],[70,-51.1]]]]}},{"type":"Feature","properties":{},"geometry":{"type":"MultiPolygon","coordinates":[[[[0.8,-65.6],[3.6,-66.7],[3.4,-67.1],[2.6,-67.7],[1.1,-68.4],[-0.7,-68.8],[-1.7,-68.3],[-2.7,-66.2],[-1.6,-65.9],[0.2,-65.6],[0.8,-65.6]]]]}},{"type":"Feature","properties":{},"geometry":{"type":"MultiPolygon","coordinates":[[[[180,-88.2],[114.1,-88.8],[115.7,-88.2],[101.4,-87.6],[96.9,-86.8],[100.4,-85.2],[101.6,-85.4],[101.6,-86.2],[118.8,-87.4],[160.9,-88.2],[180,-88.2]]]]}},{"type":"Feature","properties":{},"geometry":{"type":"MultiPolygon","coordinates":[[[[-180,-89.1],[-162.3,-87.8],[-142.7,-87.3],[-145.1,-87.7],[-151.2,-88.3],[-174,-89],[-180,-89.1]]]]}},{"type":"Feature","properties":{},"geometry":{"type":"MultiPolygon","coordinates":[[[[-123.1,-85.9],[-126.9,-86.5],[-129.5,-86.5],[-133.3,-86.7],[-135.5,-86.9],[-132.4,-85.9],[-131,-85],[-125.7,-84.1],[-119.8,-83.5],[-108.9,-84.7],[-118.9,-84.9],[-122.9,-85.4],[-123.1,-85.9]]]]}},{"type":"Feature","properties":{},"geometry":{"type":"MultiPolygon","coordinates":[[[[-112.8,-84.9],[-110.7,-84.4],[-104.4,-83.9],[-99.5,-84.3],[-110.2,-84.5],[-112.8,-84.9]]]]}},{"type":"Feature","properties":{},"geometry":{"type":"MultiPolygon","coordinates":[[[[-3.9,-64.9],[-2.6,-65],[-0.9,-65.2],[0.8,-65.6],[-1.3,-65.8],[-2.3,-66.2],[-2.2,-67.8],[-1.3,-68.9],[-1,-69.2],[-1.2,-72.6],[-3.7,-74.2],[-4.8,-73.4],[-5,-70],[-5.9,-66.7],[-3.9,-64.9]]]]}},{"type":"Feature","properties":{},"geometry":{"type":"MultiPolygon","coordinates":[[[[180,-85.8],[160.9,-88.2],[118.8,-87.4],[101.6,-86.2],[101.6,-85.4],[146,-86.5],[180,-85.8]]]]}},{"type":"Feature","properties":{},"geometry":{"type":"MultiPolygon","coordinates":[[[[-180,-88.2],[-168.5,-85.1],[-135.1,-81.4],[-131.5,-79.2],[-129.1,-79.3],[-121.7,-81.3],[-119.6,-83.5],[-122.3,-83.8],[-128.9,-84.7],[-132.3,-85.7],[-134.3,-86.5],[-140.3,-87.1],[-140.9,-87.1],[-154.2,-87.6],[-176.2,-88.2],[-180,-88.2]]]]}},{"type":"Feature","properties":{},"geometry":{"type":"MultiPolygon","coordinates":[[[[66.5,-77.2],[62,-77.4],[64.6,-76],[68.3,-75.9],[65.1,-76.6],[66.2,-77.2],[66.5,-77.2]]]]}},{"type":"Feature","properties":{},"geometry":{"type":"MultiPolygon","coordinates":[[[[-79,-2.8],[-79.1,-2],[-79,-1.7],[-79.1,-1.4],[-79,-0.4],[-78.8,-0.4],[-78.7,-0.7],[-78.4,-1.2],[-78.2,-1.7],[-78.5,-2],[-78.9,-2.8],[-79,-2.8]]]]}},{"type":"Feature","properties":{},"geometry":{"type":"MultiPolygon","coordinates":[[[[-78.4,0.1],[-78,-0.1],[-77.9,0],[-77.8,0],[-77.7,-0.1],[-77.6,-0.2],[-77.4,-0.3],[-77.1,-0.5],[-77.5,-1],[-77.9,-1],[-78.2,-0.9],[-78.6,-0.7],[-78.5,-0.3],[-78.4,0.1]]]]}},{"type":"Feature","properties":{},"geometry":{"type":"MultiPolygon","coordinates":[[[[-77.7,-2.8],[-77.9,-2.9],[-78.3,-2.3],[-77.7,-2.8]]]]}},{"type":"Feature","properties":{},"geometry":{"type":"MultiPolygon","coordinates":[[[[-78.2,-1.8],[-78,-2.1],[-78.3,-2],[-78.2,-1.8]]]]}},{"type":"Feature","properties":{},"geometry":{"type":"MultiPolygon","coordinates":[[[[-144.7,-55.3],[-146.9,-54.1],[-147,-54.1],[-146.6,-53.8],[-146.4,-53.7],[-145.9,-53.9],[-145.5,-53.8],[-145.1,-53.7],[-144.9,-53.6],[-144.7,-53.6],[-143.7,-53.6],[-143,-53.8],[-143.1,-53.7],[-142,-53.7],[-141.6,-54],[-141.4,-54],[-141.3,-53.9],[-141.1,-53.7],[-141.6,-54.4],[-143.1,-54.6],[-144.5,-55.1],[-144.7,-55.3]]]]}},{"type":"Feature","properties":{},"geometry":{"type":"MultiPolygon","coordinates":[[[[-148.4,-57.1],[-148.5,-56.8],[-148.1,-57.1],[-147.8,-57.2],[-147.4,-57.2],[-148.1,-57.3],[-148.4,-57.1]]]]}},{"type":"Feature","properties":{},"geometry":{"type":"MultiPolygon","coordinates":[[[[-146.4,-56.4],[-146.9,-56.8],[-146.2,-56.4],[-146.4,-56.4]]]]}},{"type":"Feature","properties":{},"geometry":{"type":"MultiPolygon","coordinates":[[[[152.1,-0.2],[148.6,2.5],[146.8,5],[147.3,4.3],[148.4,3.5],[148.2,3.2],[148.7,2.7],[148.8,2.9],[148.9,3.3],[149,3.7],[149.3,4.1],[149.6,4.3],[149.9,3.9],[150,4.1],[149.6,5.1],[150,5],[150.2,4.6],[150.5,3.8],[151,3.2],[151.4,2.6],[151.8,1.9],[152.4,1.8],[151.9,1.4],[152.3,0.8],[152.2,0.1],[152.1,-0.2]]]]}},{"type":"Feature","properties":{},"geometry":{"type":"MultiPolygon","coordinates":[[[[151.5,4.6],[151.4,4.4],[151.6,4.4],[151.9,4.2],[151.7,4.1],[151.8,3.8],[151.5,3.8],[151.3,3.9],[150.9,4.4],[150.7,5.3],[151.1,5.2],[151.1,5],[151.3,4.9],[151.5,4.6]]]]}},{"type":"Feature","properties":{},"geometry":{"type":"MultiPolygon","coordinates":[[[[90.5,-2.9],[91.1,-3.3],[91.5,-4.1],[91.4,-4.3],[90.7,-3.7],[90.5,-2.9]]]]}},{"type":"Feature","properties":{},"geometry":{"type":"MultiPolygon","coordinates":[[[[80.3,-30.4],[80,-33.1],[78.7,-38.3],[74.9,-36.4],[77.5,-34.3],[80.3,-30.4]]]]}},{"type":"Feature","properties":{},"geometry":{"type":"MultiPolygon","coordinates":[[[[87,-36.5],[89.4,-37.6],[88.8,-37.8],[89.1,-37.7],[88.5,-38.6],[88.4,-39.2],[87.8,-39.6],[87.7,-39.7],[87.5,-40.1],[86.9,-40.8],[87,-41.1],[86.8,-41.3],[86.4,-41.6],[85.6,-42.3],[85.5,-42.4],[85.1,-42.8],[84.5,-43.2],[83.8,-43.7],[83.2,-44.2],[82.3,-44.3],[81.5,-44],[81.1,-43.2],[82.8,-42.5],[83.7,-41.7],[84.6,-39.5],[86,-36.6],[87,-36.5]]]]}},{"type":"Feature","properties":{},"geometry":{"type":"MultiPolygon","coordinates":[[[[86.7,-44.7],[85.9,-45],[82.9,-45.6],[84.7,-45.6],[86.7,-44.7]]]]}},{"type":"Feature","properties":{},"geometry":{"type":"MultiPolygon","coordinates":[[[[85.3,-28.2],[85.3,-28.6],[85.1,-29.7],[84.6,-30.2],[83.8,-31],[82.8,-32.9],[82.1,-31.9],[81.7,-30.6],[82.6,-29.2],[85.3,-28.2]]]]}},{"type":"Feature","properties":{},"geometry":{"type":"MultiPolygon","coordinates":[[[[82.1,-28.1],[85.3,-28.2],[82.6,-29.2],[81.7,-30.6],[82.1,-31.9],[82.8,-32.9],[81,-31.8],[81.2,-29],[81.9,-28.3],[82.1,-28.1]]]]}},{"type":"Feature","properties":{},"geometry":{"type":"MultiPolygon","coordinates":[[[[-48.3,4.3],[-48.2,4.1],[-48.1,4.1],[-47.6,3.8],[-46.6,2.1],[-46.1,-0.6],[-46.1,-0.8],[-46.1,-0.9],[-46.5,-1],[-46.5,-0.9],[-46.3,-0.8],[-46.6,-0.8],[-46.9,-0.9],[-46.8,-0.7],[-47,-0.5],[-47.1,-0.6],[-47.1,-0.2],[-47.2,0],[-47.3,0.1],[-47.3,0.6],[-47.2,0.7],[-47.4,1.4],[-47.5,1.2],[-47.6,1.2],[-47.6,1.5],[-47.5,1.6],[-47.2,1.7],[-47.4,2.2],[-47.5,2.5],[-47.3,2.7],[-47.6,2.6],[-47.7,3.1],[-48.3,3.2],[-48.9,3.9],[-48.7,4.3],[-48.4,4.1],[-48.3,4.3]]]]}},{"type":"Feature","properties":{},"geometry":{"type":"MultiPolygon","coordinates":[[[[-51.4,2.9],[-51.3,3],[-51,3.2],[-50.3,3.1],[-50.1,2.6],[-50.4,2.3],[-50.9,2.1],[-51,2],[-51.3,2.3],[-51.4,2.6],[-51.4,2.9]]]]}},{"type":"Feature","properties":{},"geometry":{"type":"MultiPolygon","coordinates":[[[[-50.5,3.8],[-50.2,3.7],[-49.9,4.1],[-49.3,3.6],[-49.2,3.1],[-49.8,3.2],[-50.1,3.3],[-50.3,3.4],[-50.6,3.6],[-50.5,3.8]]]]}},{"type":"Feature","properties":{},"geometry":{"type":"MultiPolygon","coordinates":[[[[-52.4,2.8],[-51.9,3],[-51.4,2.2],[-51.6,2.1],[-51.8,2.1],[-52.2,2.3],[-52.4,2.4],[-52.6,2.7],[-52.4,2.8]]]]}},{"type":"Feature","properties":{},"geometry":{"type":"MultiPolygon","coordinates":[[[[-51.3,2.2],[-51.2,1.7],[-51.3,1.7],[-51.3,2.2]]]]}},{"type":"Feature","properties":{},"geometry":{"type":"MultiPolygon","coordinates":[[[[-47.7,2],[-47.5,1.9],[-47.7,1.9],[-47.7,2]]]]}},{"type":"Feature","properties":{},"geometry":{"type":"MultiPolygon","coordinates":[[[[-47.9,-1.6],[-47.6,-1.7],[-47.8,-1.8],[-47.9,-1.6]]]]}},{"type":"Feature","properties":{},"geometry":{"type":"MultiPolygon","coordinates":[[[[-47,-0.6],[-46.9,-0.6],[-46.9,-0.7],[-47,-0.6]]]]}},{"type":"Feature","properties":{},"geometry":{"type":"MultiPolygon","coordinates":[[[[-86.4,-12.6],[-86.3,-12.8],[-86.4,-12.7],[-86.4,-12.6]]]]}},{"type":"Feature","properties":{},"geometry":{"type":"MultiPolygon","coordinates":[[[[-82.8,-19.3],[-83.6,-19.9],[-83.6,-19.8],[-84.1,-20.1],[-84.7,-20.1],[-84.8,-20],[-84.8,-19.2],[-84.7,-18.9],[-84.8,-18.7],[-85,-18.9],[-84.9,-18.6],[-85.1,-19.5],[-85.2,-19.2],[-85.2,-18.8],[-85.2,-18.7],[-85.2,-18.5],[-85.1,-18.3],[-85.1,-18],[-85.2,-18.2],[-85.3,-18],[-85.4,-17.9],[-85.3,-17.7],[-85.3,-17.5],[-85.5,-17.3],[-85.4,-17.1],[-85.3,-17],[-85.2,-16.8],[-85.2,-16.5],[-85.2,-16.4],[-85,-16.3],[-84.8,-16.3],[-84.4,-16.2],[-84.1,-16.5],[-84.5,-17],[-84.6,-17.2],[-84.7,-17.4],[-83.9,-17.1],[-83.3,-17.4],[-83.5,-18.2],[-83.7,-18.4],[-83.9,-18.8],[-83.5,-18.7],[-82.8,-19.3]]]]}},{"type":"Feature","properties":{},"geometry":{"type":"MultiPolygon","coordinates":[[[[-87,-22.3],[-87.4,-22.4],[-87.6,-22.4],[-87.5,-22.1],[-87.2,-21.8],[-87.5,-21.7],[-87.8,-21.7],[-87.8,-21.5],[-87.8,-21.2],[-87.8,-21.1],[-87.8,-20.9],[-87.9,-20.8],[-87.7,-20.8],[-87.3,-20.9],[-86.9,-20.7],[-86.7,-20.5],[-86.8,-20.4],[-86.9,-20.2],[-86.8,-20],[-86.7,-19.9],[-86.4,-19.9],[-86.3,-19.9],[-86.2,-19.7],[-86,-19.9],[-85.2,-20.1],[-85,-20.6],[-85.4,-20.9],[-85.4,-21.1],[-85.6,-21.4],[-86.3,-22],[-87,-22.3]]]]}},{"type":"Feature","properties":{},"geometry":{"type":"MultiPolygon","coordinates":[[[[-85.7,-16.6],[-85.8,-16.9],[-86,-17],[-86,-17.1],[-86.1,-17.1],[-86.1,-16.9],[-86.1,-16.8],[-85.8,-16.4],[-85.7,-16.6]]]]}},{"type":"Feature","properties":{},"geometry":{"type":"MultiPolygon","coordinates":[[[[-85.7,-17.4],[-85.4,-17.7],[-85.6,-17.7],[-85.8,-17.7],[-85.9,-17.5],[-85.8,-17.2],[-85.7,-17.4]]]]}},{"type":"Feature","properties":{},"geometry":{"type":"MultiPolygon","coordinates":[[[[-83.4,-14.1],[-83.3,-14.2],[-83.3,-14.5],[-83.4,-14.7],[-83.6,-14.4],[-83.4,-14.3],[-83.5,-14.1],[-83.4,-14.1]]]]}},{"type":"Feature","properties":{},"geometry":{"type":"MultiPolygon","coordinates":[[[[-85.3,-18.5],[-85.4,-18.6],[-85.5,-18.4],[-85.3,-18.5]]]]}},{"type":"Feature","properties":{},"geometry":{"type":"MultiPolygon","coordinates":[[[[-85.5,-19],[-85.8,-19.3],[-85.6,-19.1],[-85.5,-19]]]]}},{"type":"Feature","properties":{},"geometry":{"type":"MultiPolygon","coordinates":[[[[-84.1,-15.7],[-84,-15.8],[-84.1,-16],[-84.3,-15.8],[-84.1,-15.7]]]]}},{"type":"Feature","properties":{},"geometry":{"type":"MultiPolygon","coordinates":[[[[95.1,-59.4],[95.2,-59.5],[93.7,-59.9],[92.8,-60.2],[88.7,-60.1],[85.7,-59.8],[87.1,-59.7],[88.1,-59.6],[88.9,-59.5],[90.3,-59.5],[91.5,-59.3],[94.1,-59.4],[95.1,-59.4]]]]}},{"type":"Feature","properties":{},"geometry":{"type":"MultiPolygon","coordinates":[[[[107.1,-9],[107.4,-10.3],[108.1,-11.8],[108.2,-14],[108,-15.4],[107.4,-18.2],[106.4,-20.9],[104.6,-22.5],[102.7,-24.7],[99.1,-26.5],[96.8,-28.5],[96.5,-29],[96.9,-27.8],[96.7,-27.2],[100.7,-25.1],[102.3,-24.4],[104,-23.2],[104.9,-21.7],[105.7,-20.5],[106.7,-18.9],[107.7,-16.1],[107.9,-12.8],[107.5,-11],[106.7,-9.3],[107.1,-9]]]]}},{"type":"Feature","properties":{},"geometry":{"type":"MultiPolygon","coordinates":[[[[-51.4,-39.8],[-48.2,-39.5],[-48,-39.6],[-48,-39.8],[-47.9,-40.5],[-48.2,-41],[-48.3,-41.9],[-48.4,-41.9],[-51,-42.2],[-52.4,-42.1],[-53.6,-41.8],[-53.7,-41.5],[-53.8,-41.1],[-53.7,-40.8],[-53.5,-40.2],[-51.5,-39.8],[-51.4,-39.8]]]]}},{"type":"Feature","properties":{},"geometry":{"type":"MultiPolygon","coordinates":[[[[60.8,-77],[64.3,-78.4],[61.9,-78.7],[59.6,-77.3],[60.8,-77]]]]}},{"type":"Feature","properties":{},"geometry":{"type":"MultiPolygon","coordinates":[[[[68.5,-83.2],[67.2,-82.5],[68.3,-83],[68.5,-83.2]]]]}},{"type":"Feature","properties":{},"geometry":{"type":"MultiPolygon","coordinates":[[[[65.6,-83.2],[63.3,-84],[60.9,-83.7],[59.4,-83.4],[59.6,-83.1],[61.8,-82.5],[65.6,-83.2]]]]}},{"type":"Feature","properties":{},"geometry":{"type":"MultiPolygon","coordinates":[[[[58.6,-84.5],[57.2,-84.9],[50.7,-85.4],[48.8,-84.9],[56.4,-84.4],[58.6,-84.5]]]]}},{"type":"Feature","properties":{},"geometry":{"type":"MultiPolygon","coordinates":[[[[58.3,-85.1],[63.7,-83.9],[67.5,-84.5],[68.1,-85.5],[66.5,-86],[63.6,-86],[61.8,-85.7],[60.7,-85.3],[58.9,-85.2],[58.3,-85.1]]]]}},{"type":"Feature","properties":{},"geometry":{"type":"MultiPolygon","coordinates":[[[[44.2,-88],[54,-88.2],[45,-88.5],[36.3,-88],[44.2,-88]]]]}},{"type":"Feature","properties":{},"geometry":{"type":"MultiPolygon","coordinates":[[[[51.7,-87.2],[56.5,-87.3],[47.9,-87.4],[51.7,-87.2]]]]}},{"type":"Feature","properties":{},"geometry":{"type":"MultiPolygon","coordinates":[[[[80.2,-85.4],[74.5,-87.7],[73.8,-87.5],[73.5,-86.5],[76,-85.8],[80.1,-85.4],[80.2,-85.4]]]]}},{"type":"Feature","properties":{},"geometry":{"type":"MultiPolygon","coordinates":[[[[-180,-89.1],[-158.3,-88.8],[-141.8,-89.1],[-180,-89.1]]]]}},{"type":"Feature","properties":{},"geometry":{"type":"MultiPolygon","coordinates":[[[[111.4,-88.3],[130.6,-88.3],[111.4,-88.4],[111.4,-88.3]]]]}},{"type":"Feature","properties":{},"geometry":{"type":"MultiPolygon","coordinates":[[[[124.7,13.9],[124.8,13.9],[124.9,13.8],[125,13.8],[125,13.6],[124.9,13.6],[124.7,13.7],[124.6,13.8],[124.7,13.9]]]]}},{"type":"Feature","properties":{},"geometry":{"type":"MultiPolygon","coordinates":[[[[101.1,26.1],[101.4,26.3],[101.5,26.3],[101.7,26.5],[101.8,26.5],[102.2,26.4],[102.2,26.5],[102.3,26.4],[102.6,26.3],[103.1,26.2],[103.2,26.1],[103.3,26.2],[103.3,26.1],[103.5,26],[104.1,26.1],[104.2,26.3],[104.3,26.2],[104.6,26.2],[104.7,26.2],[104.9,26.1],[105,26.1],[105.2,26],[105.4,25.9],[105.4,25.8],[105.6,25.8],[105.7,25.8],[106,25.9],[106.1,25.9],[106.2,25.8],[106.3,25.7],[106.4,25.6],[106.4,25.5],[106.4,25.4],[106.4,25.3],[106.4,25.2],[106.4,25],[106.4,24.9],[106.4,24.8],[106.4,24.7],[106.4,24.6],[106.4,24.5],[106.4,24.4],[106.4,24.3],[106.4,24.2],[106.3,24.2],[106.3,24.1],[106.3,24],[106.2,23.9],[106.2,23.8],[106.2,23.7],[106.1,23.7],[106.1,23.6],[106,23.6],[106,23.7],[106,23.8],[106,23.9],[105.9,23.9],[105.9,24],[105.9,24.1],[105.9,24.2],[105.8,24.3],[105.8,24.4],[105.7,24.4],[105.7,24.5],[105.7,24.6],[105.6,24.6],[105.6,24.7],[105.5,24.7],[105.5,24.8],[105.5,24.9],[105.4,24.9],[105.4,25],[105.3,25.1],[105.3,25.2],[105.2,25.3],[105.2,25.4],[105.1,25.4],[105,25.4],[105,25.3],[104.9,25.3],[104.8,25.3],[104.7,25.2],[104.6,25.2],[104.5,25.2],[104.5,25.1],[104.4,25.1],[104.3,25.1],[104.3,25],[104.2,25],[104.1,25],[104.1,24.9],[104,24.9],[103.9,24.9],[103.9,24.8],[103.8,24.8],[103.7,24.8],[103.5,24.7],[103.2,24.7],[103.1,24.8],[103,24.8],[102.9,24.8],[102.9,24.9],[102.8,24.9],[102.7,24.9],[102.7,25],[102.6,25],[102.5,25],[102.4,25.1],[102.3,25.1],[102.2,25.1],[102.1,25.2],[101.9,25.3],[101.9,25.4],[101.7,25.4],[101.7,25.5],[101.3,25.7],[101.2,25.8],[101,25.9],[100.8,26],[100.8,26.1],[101.1,26.1]]]]}},{"type":"Feature","properties":{},"geometry":{"type":"MultiPolygon","coordinates":[[[[-96.4,-39],[-93.9,-39.2],[-93.8,-39.5],[-93.7,-39.8],[-93.5,-40],[-92.8,-40.6],[-92.3,-41],[-92.3,-41.3],[-92.6,-41.2],[-92.9,-41],[-93.2,-41],[-93.4,-41],[-93.8,-41],[-94,-41],[-94.3,-40.8],[-94.4,-40.8],[-94.6,-40.7],[-95,-40.8],[-95.1,-40.6],[-95.2,-40.6],[-95.5,-40.4],[-95.6,-40.5],[-95.9,-40.6],[-96.4,-40.7],[-96.5,-40.7],[-96.7,-40.7],[-97,-40.7],[-97.3,-40.5],[-97.3,-40.2],[-97.3,-40.1],[-96.5,-39.6],[-96.3,-39.7],[-96.2,-39.6],[-94.8,-39.7],[-94.8,-40.1],[-95,-39.6],[-94.6,-39.5],[-94.3,-39.5],[-94.4,-39.1],[-95.9,-39.2],[-96.4,-39]]]]}},{"type":"Feature","properties":{},"geometry":{"type":"MultiPolygon","coordinates":[[[[-103.7,-38.4],[-101.3,-38.4],[-101.3,-38.5],[-101.8,-38.5],[-101.7,-38.7],[-101.9,-39],[-101.5,-39.2],[-101.8,-39.5],[-102.2,-39.1],[-102.6,-39.1],[-102.5,-38.8],[-102.6,-38.7],[-103,-38.8],[-103.4,-38.5],[-103.7,-38.4]]]]}},{"type":"Feature","properties":{},"geometry":{"type":"MultiPolygon","coordinates":[[[[-86.6,-41.2],[-86.5,-41.2],[-84.5,-40.7],[-84.5,-40.9],[-84.6,-41],[-84.9,-41.1],[-84.5,-41.2],[-84.1,-41.2],[-84.2,-41.3],[-84.9,-41.4],[-84.9,-41.7],[-85,-42],[-84.2,-41.7],[-84.6,-42],[-84.7,-42.2],[-84.1,-42],[-84.6,-42.6],[-85.1,-42.9],[-85.4,-42.8],[-85.3,-42.5],[-85.1,-42.3],[-85.4,-42.1],[-85.3,-42],[-85.1,-41.5],[-85.8,-41.8],[-86,-41.7],[-86.5,-42],[-86.8,-42],[-86.9,-41.7],[-86,-41.5],[-86.3,-41.4],[-86.4,-41.5],[-86.7,-41.4],[-86.6,-41.3],[-86.6,-41.2]]]]}},{"type":"Feature","properties":{},"geometry":{"type":"MultiPolygon","coordinates":[[[[-92.3,-40.7],[-91.9,-41],[-91,-40.9],[-90.7,-41],[-90.9,-41.2],[-91.9,-41.2],[-92.3,-40.9],[-92.3,-40.7]]]]}},{"type":"Feature","properties":{},"geometry":{"type":"MultiPolygon","coordinates":[[[[-92.8,-40],[-92.9,-40.1],[-93.2,-39.8],[-92.8,-40]]]]}},{"type":"Feature","properties":{},"geometry":{"type":"MultiPolygon","coordinates":[[[[-94.5,-34.7],[-94.7,-34.9],[-94.9,-34.8],[-95.7,-34.8],[-97.2,-34.7],[-97.1,-34.6],[-97.2,-34.5],[-97.3,-34.3],[-97.6,-34.3],[-97.7,-34.2],[-97.8,-34.2],[-97.8,-33.9],[-97.8,-33.8],[-98.1,-33.7],[-98.3,-33.5],[-98.5,-33.3],[-98.5,-33.2],[-98.9,-33],[-98.9,-32.8],[-98,-33.3],[-97.3,-33.7],[-96.2,-34],[-94.9,-34.2],[-94.8,-34.4],[-94.5,-34.7]]]]}},{"type":"Feature","properties":{},"geometry":{"type":"MultiPolygon","coordinates":[[[[-102.5,-30.9],[-104.5,-30],[-104.6,-29.6],[-104.9,-29.6],[-105.2,-29.6],[-105.3,-29.5],[-105.5,-29.4],[-105.6,-29.3],[-105.7,-29.3],[-105.8,-29.2],[-105.8,-29.1],[-105.9,-28.9],[-106.1,-29],[-105.8,-28.7],[-104.7,-29.1],[-102.9,-29.7],[-102.1,-30.1],[-102.3,-30.2],[-102.5,-30.5],[-102.5,-30.7],[-102.5,-30.9]]]]}},{"type":"Feature","properties":{},"geometry":{"type":"MultiPolygon","coordinates":[[[[-106.6,-28.7],[-106.7,-28.6],[-106.7,-28.5],[-106.8,-28.4],[-105.8,-28.7],[-106.5,-28.7],[-106.6,-28.7]]]]}},{"type":"Feature","properties":{},"geometry":{"type":"MultiPolygon","coordinates":[[[[-108.5,-28.1],[-107.8,-28],[-107.6,-28.2],[-108.5,-28.1]]]]}},{"type":"Feature","properties":{},"geometry":{"type":"MultiPolygon","coordinates":[[[[-100.1,-32.7],[-100.7,-32.9],[-101.3,-32.8],[-101.4,-32.9],[-101.5,-33],[-101.5,-32.4],[-100.1,-32.7]]]]}},{"type":"Feature","properties":{},"geometry":{"type":"MultiPolygon","coordinates":[[[[-100.7,-33.1],[-101.4,-33.1],[-101.3,-32.9],[-100.7,-33],[-100.7,-33.1]]]]}},{"type":"Feature","properties":{},"geometry":{"type":"MultiPolygon","coordinates":[[[[-101.9,-31.9],[-101.9,-31.4],[-102.2,-31.2],[-102.3,-30.7],[-102,-30.4],[-101.9,-30.6],[-102,-30.9],[-101.9,-31.1],[-101.8,-31.4],[-101.6,-31.6],[-101.7,-31.9],[-101.8,-31.8],[-101.9,-31.9]]]]}},{"type":"Feature","properties":{},"geometry":{"type":"MultiPolygon","coordinates":[[[[-131.2,-66.9],[-130.4,-67.8],[-130.3,-68.1],[-131.8,-67.9],[-132.3,-67.7],[-132.6,-67.4],[-133.3,-67.1],[-131.7,-66.8],[-131.2,-66.9]]]]}},{"type":"Feature","properties":{},"geometry":{"type":"MultiPolygon","coordinates":[[[[-132,-66.2],[-131.2,-66.8],[-133.6,-67],[-134,-66.8],[-134.3,-66.9],[-135,-66.7],[-135.6,-66.4],[-136.5,-66],[-136.2,-66],[-136,-65.9],[-135.4,-66.3],[-135.1,-66.1],[-134.6,-66.1],[-134.4,-66.1],[-133.9,-66],[-133.5,-66.1],[-133.4,-66.3],[-133.1,-66],[-132.8,-66.1],[-132.7,-66],[-132.2,-66.2],[-132,-66.2]]]]}},{"type":"Feature","properties":{},"geometry":{"type":"MultiPolygon","coordinates":[[[[-133.2,-65.2],[-132.4,-65.9],[-133.8,-65.9],[-134,-65.6],[-133.4,-65.4],[-133.2,-65.2]]]]}},{"type":"Feature","properties":{},"geometry":{"type":"MultiPolygon","coordinates":[[[[-152.6,-57.8],[-152.3,-57.6],[-150.8,-57.2],[-149.2,-57],[-147.3,-57.1],[-146.6,-57.1],[-145.4,-56.9],[-144.1,-56.6],[-144.1,-56.4],[-144.1,-55.9],[-143.4,-55.5],[-143.2,-55.6],[-142.9,-55.5],[-142.6,-55.5],[-141.9,-55.2],[-141.6,-55.1],[-141.2,-54.7],[-141.2,-54.5],[-141.1,-54.4],[-141.1,-54.1],[-141,-54],[-140.3,-53.9],[-140.2,-53.4],[-139.9,-52.9],[-139.7,-52.9],[-137,-51.4],[-138,-53.2],[-138.7,-54.7],[-139.2,-56.7],[-139.5,-61],[-135.3,-64.1],[-133.3,-65.2],[-134.3,-65.6],[-135.7,-65.7],[-135.1,-65.5],[-135.8,-65.6],[-136.3,-65.5],[-136.2,-65.4],[-136.3,-65.3],[-136.7,-65.2],[-137.4,-65.4],[-140.4,-65.6],[-138.5,-65.6],[-138.6,-65.6],[-138.7,-65.3],[-139.2,-65.2],[-138.7,-64.9],[-139.4,-65.1],[-139.8,-65.5],[-140.6,-65.3],[-140.6,-64.8],[-140.2,-64.7],[-139.9,-64.4],[-140.8,-64.6],[-140.8,-64.3],[-141.4,-64.6],[-141.3,-64.7],[-141.9,-64.5],[-141.6,-64.3],[-141.5,-64],[-141.6,-63.7],[-142.4,-63],[-142.8,-61.8],[-143,-61.6],[-142.9,-61],[-143,-60.7],[-143.1,-60.5],[-142.7,-60.2],[-143.3,-60.1],[-143.6,-59.9],[-143.6,-59.8],[-143.8,-59.6],[-144.1,-59.5],[-144.3,-59.3],[-144.7,-59.1],[-144.6,-59.1],[-144.8,-59],[-145.3,-58.9],[-145.6,-58.8],[-149.8,-58.4],[-149.7,-58.2],[-151.9,-57.8],[-152.6,-57.8]]]]}},{"type":"Feature","properties":{},"geometry":{"type":"MultiPolygon","coordinates":[[[[-121.7,-20.4],[-119.5,-21.1],[-117.7,-21.4],[-115,-21.8],[-116.2,-22.7],[-121,-21.2],[-121.7,-20.4]]]]}},{"type":"Feature","properties":{},"geometry":{"type":"MultiPolygon","coordinates":[[[[-97.3,-33.7],[-98,-33.3],[-97.1,-33.3],[-96.1,-33.6],[-97.3,-33.7]]]]}},{"type":"Feature","properties":{},"geometry":{"type":"MultiPolygon","coordinates":[[[[-94.9,-34.2],[-96.2,-34],[-97.3,-33.7],[-95.6,-33.5],[-95.3,-33.6],[-95.4,-33.7],[-95.4,-33.8],[-95.2,-33.7],[-95.1,-33.8],[-95.5,-33.9],[-95.2,-34.1],[-94.9,-34.2]]]]}},{"type":"Feature","properties":{},"geometry":{"type":"MultiPolygon","coordinates":[[[[-94.9,-33.9],[-94.8,-34],[-95,-34],[-94.9,-33.9]]]]}},{"type":"Feature","properties":{},"geometry":{"type":"MultiPolygon","coordinates":[[[[12,-13.7],[14.8,-13.4],[14.1,-15.2],[12,-15.5],[9.2,-15.2],[9.7,-13.3],[11.5,-13.7],[12,-13.7]]]]}},{"type":"Feature","properties":{},"geometry":{"type":"MultiPolygon","coordinates":[[[[7,-11.4],[9.4,-12],[8.1,-13.3],[5.9,-11.9],[7,-11.4]]]]}},{"type":"Feature","properties":{},"geometry":{"type":"MultiPolygon","coordinates":[[[[10.6,-9.2],[12.2,-10.3],[14.3,-10.6],[14.6,-10.7],[12.7,-11.7],[11.3,-11.4],[9.7,-9.6],[10.6,-9.2]]]]}},{"type":"Feature","properties":{},"geometry":{"type":"MultiPolygon","coordinates":[[[[11.8,-15.5],[13.8,-15.3],[15.1,-16.5],[14.3,-18.4],[10.8,-18.9],[7.6,-18.4],[9.4,-16],[11.4,-15.6],[11.8,-15.5]]]]}},{"type":"Feature","properties":{},"geometry":{"type":"MultiPolygon","coordinates":[[[[100.8,25.9],[101.1,25.8],[101.3,25.7],[101.4,25.7],[101.7,25.4],[101.8,25.4],[101.9,25.3],[102,25.2],[102.1,25.2],[102.3,25.1],[102.4,25.1],[102.5,25],[102.6,25],[102.7,24.9],[102.8,24.9],[102.9,24.9],[102.9,24.8],[103,24.8],[103.1,24.8],[103.3,24.7],[103.7,24.8],[103.8,24.8],[103.9,24.8],[103.9,24.9],[104,24.9],[104.1,25],[104.2,25],[104.3,25],[104.3,25.1],[104.4,25.1],[104.5,25.1],[104.5,25.2],[104.6,25.2],[104.7,25.2],[104.7,25.3],[104.8,25.3],[104.9,25.3],[105,25.4],[105.1,25.4],[105.2,25.3],[105.3,25.2],[105.3,25.1],[105.3,25],[105.4,25],[105.4,24.9],[105.5,24.9],[105.5,24.8],[105.5,24.7],[105.6,24.7],[105.6,24.6],[105.7,24.5],[105.8,24.4],[105.8,24.3],[105.8,24.2],[105.9,24.2],[105.9,24.1],[105.9,24],[105.9,23.9],[106,23.9],[106,23.8],[106,23.7],[106,23.6],[106.1,23.6],[106.7,23.7],[107.1,23.9],[107,23.9],[107,23.8],[107,23.7],[107.1,23.6],[107.1,23.5],[107.1,23.4],[107.2,23.4],[107.2,23.3],[107.4,23.1],[107.5,23.1],[107.7,22.9],[107.8,22.7],[107.9,22.7],[107.9,22.6],[108,22.6],[108.1,22.5],[108.2,22.3],[108.2,22.2],[108.3,22.2],[108.3,22.1],[108.3,22],[108.4,22],[108.4,21.9],[108.4,21.8],[108.5,21.8],[108.5,21.7],[108.5,21.6],[108.5,21.5],[108.5,21.4],[108.5,21.3],[108.6,21.3],[108.6,21.2],[108.7,21.2],[108.7,21.1],[108.8,21.1],[108.9,21.1],[108.9,21],[108.9,20.9],[109,20.8],[109,20.7],[109.1,20.6],[109.1,20.5],[109.1,20.4],[109.1,20.3],[109.1,20.2],[109.1,20.1],[109.1,20],[109.1,19.9],[109.1,19.8],[109.2,19.7],[109.2,19.6],[109.2,19.5],[109.3,19.4],[109.3,19.3],[109.3,19.2],[109.4,19.1],[109.4,19],[109.4,18.9],[109.5,18.8],[109.5,18.7],[109.5,18.6],[109.5,18.5],[109.4,18.5],[109.4,18.4],[109.4,18.3],[109.4,18.2],[109.4,18.1],[109.3,18.1],[109.2,18.1],[109.1,18.1],[109.1,18.2],[109,18.2],[108.9,18.2],[108.8,18.2],[108.7,18.2],[108.7,18.1],[108.6,18.1],[108.5,18.1],[108.4,18.1],[108.3,18.1],[108.2,18.2],[108.1,18.2],[108,18.2],[107.9,18.2],[107.8,18.2],[107.7,18.2],[107.6,18.2],[107.5,18.2],[107.4,18.2],[107.3,18.2],[107.2,18.2],[107.1,18.2],[107,18.2],[106.9,18.2],[106.8,18.2],[106.7,18.3],[106.6,18.3],[106.5,18.3],[106.5,18.4],[106.4,18.4],[106.4,18.5],[106.3,18.5],[106.3,18.6],[106.2,18.6],[106.2,18.7],[106.1,18.7],[106.1,18.8],[106,18.8],[105.9,18.8],[105.8,18.8],[105.8,18.9],[105.7,18.9],[105.6,18.9],[105.5,18.9],[105.5,18.8],[105.4,18.8],[105.3,18.8],[105.3,18.9],[105.2,18.9],[105.1,19],[105,19],[104.9,19],[104.8,19],[104.7,19],[104.6,19],[104.6,19.1],[104.7,19.1],[104.7,19.2],[104.6,19.2],[104.5,19.2],[104.4,19.2],[104.3,19.2],[104.3,19.3],[104.2,19.3],[104.1,19.3],[104,19.3],[104,19.4],[103.9,19.4],[103.8,19.4],[103.8,19.5],[103.7,19.5],[103.7,19.6],[103.6,19.6],[103.6,19.7],[103.5,19.8],[103.5,19.9],[103.4,20],[103.4,20.1],[103.5,20.1],[103.5,20.2],[103.4,20.2],[103.4,20.3],[103.4,20.4],[103.3,20.4],[103.3,20.5],[103.2,20.5],[103.2,20.6],[103.2,20.7],[103.1,20.7],[103.1,20.8],[103,20.8],[103,20.9],[103,21],[103,21.1],[102.9,21.1],[102.7,21.6],[102.7,21.5],[102.6,21.5],[102.6,21.4],[102.5,21.7],[101.2,22.7],[99.6,23.5],[98.8,23.9],[98.3,24],[98.2,24.3],[98.1,24.3],[98,24.2],[97.6,24.4],[97.6,24.7],[97.3,24.8],[97.1,25],[96.5,25.4],[96.6,25.5],[96.8,25.7],[97.8,25.7],[98.4,25.7],[99,25.8],[100.3,25.5],[100.7,25.8],[100.8,25.9]]]]}},{"type":"Feature","properties":{},"geometry":{"type":"MultiPolygon","coordinates":[[[[94.3,17.2],[94.4,17.2],[94.5,17.1],[94.6,17.1],[94.7,17.1],[94.7,17],[94.8,17],[94.8,16.9],[94.9,16.9],[94.9,16.8],[94.9,16.7],[94.9,16.6],[94.9,16.5],[95,16.5],[95,16.4],[95.1,16.4],[95.1,16.3],[95.2,16.3],[95.2,16.2],[95.2,16.1],[95.1,16.1],[95.1,16],[95.2,15.9],[95.2,15.8],[95.3,15.8],[95.4,15.7],[95.5,15.7],[95.6,15.7],[95.7,15.6],[95.8,15.5],[95.9,15.5],[95.9,15.4],[96,15.4],[96.1,15.4],[96.1,15.5],[96.2,15.5],[96.3,15.5],[96.4,15.5],[96.5,15.5],[96.6,15.5],[96.7,15.5],[96.8,15.5],[96.9,15.4],[96.9,15.3],[97,15.4],[97.1,15.4],[97.2,15.4],[97.3,15.4],[97.4,15.4],[97.9,15.7],[98.9,15.1],[99.3,14.8],[99.3,14.9],[99.4,14.9],[99.5,14.9],[99.6,14.9],[99.7,15],[99.7,15.1],[99.7,15.2],[99.8,15.2],[99.9,15.2],[100.2,15.2],[100.3,15.2],[100.4,15.2],[100.5,15.2],[100.6,15.2],[100.7,15.2],[100.8,15.2],[100.9,15.2],[101,15.2],[101.1,15.2],[101,15.2],[101,15.1],[101.1,15],[101.2,15],[101.3,15],[101.4,15],[101.5,15],[101.6,15.1],[101.7,15.1],[101.8,15.1],[101.9,15.2],[102,15.3],[102,15.4],[102.1,15.5],[102.1,15.6],[102.1,15.7],[102.2,15.7],[102.2,15.8],[102.1,15.8],[102.1,15.9],[102.1,16],[102,16],[101.9,16],[101.8,16],[101.7,16],[101.7,16.1],[101.8,16.1],[101.8,16.2],[101.8,16.4],[101.8,16.5],[101.7,16.6],[101.6,16.7],[101.5,16.7],[101.5,16.8],[101.4,16.8],[101.4,16.9],[101.4,17],[101.4,17.1],[101.3,17.1],[101.3,17.2],[101.3,17.3],[101.3,17.5],[101.3,17.6],[101.3,17.7],[101.3,17.8],[101.4,17.9],[101.4,18],[101.5,18.1],[101.6,18.2],[101.6,18.3],[101.7,18.4],[101.7,18.5],[101.7,18.6],[101.7,18.7],[101.7,18.8],[101.7,18.9],[101.8,19],[101.8,19.1],[101.8,19.2],[101.8,19.3],[101.8,19.4],[101.9,19.5],[101.9,19.6],[101.9,19.7],[101.9,19.8],[102,19.8],[102,19.9],[102,20],[102.1,20.1],[102.1,20.2],[102.2,20.3],[102.2,20.4],[102.3,20.5],[102.3,20.6],[102.4,20.6],[102.4,20.7],[102.5,20.8],[102.5,20.9],[102.5,21],[102.6,21.4],[102.6,21.5],[102.7,21.5],[102.7,21.6],[102.9,21.1],[103,21],[103,20.9],[103,20.8],[103.1,20.8],[103.1,20.7],[103.2,20.7],[103.2,20.6],[103.2,20.5],[103.3,20.5],[103.3,20.4],[103.4,20.4],[103.4,20.3],[103.4,20.2],[103.5,20.2],[103.5,20.1],[103.4,20.1],[103.4,20],[103.5,19.9],[103.5,19.8],[103.6,19.8],[103.6,19.7],[103.6,19.6],[103.7,19.6],[103.7,19.5],[103.8,19.5],[103.8,19.4],[103.9,19.4],[104,19.4],[104,19.3],[104.1,19.3],[104.2,19.3],[104.3,19.3],[104.3,19.2],[104.4,19.2],[104.5,19.2],[104.6,19.2],[104.7,19.2],[104.7,19.1],[104.6,19.1],[104.6,19],[104.7,19],[104.8,19],[104.9,19],[105,19],[105.1,19],[105.2,18.9],[105.3,18.9],[105.3,18.8],[105.4,18.8],[105.5,18.8],[105.5,18.9],[105.6,18.9],[105.7,18.9],[105.8,18.9],[105.8,18.8],[105.9,18.8],[106,18.8],[106.1,18.8],[106.1,18.7],[106.2,18.7],[106.2,18.6],[106.3,18.6],[106.3,18.5],[106.4,18.4],[106.5,18.4],[106.5,18.3],[106.6,18.3],[106.7,18.3],[106.8,18.3],[106.8,18.2],[106.9,18.2],[107,18.2],[107.1,18.2],[107.2,18.2],[107.3,18.2],[107.4,18.2],[107.5,18.2],[107.6,18.2],[107.7,18.2],[107.8,18.2],[107.9,18.2],[108,18.2],[108.1,18.2],[108.2,18.2],[108.3,18.2],[108.3,18.1],[108.4,18.1],[108.5,18.1],[108.6,18.1],[108.7,18.2],[108.8,18.2],[108.9,18.2],[109,18.2],[109.1,18.2],[109.1,18.1],[109.2,18.1],[109.3,18.1],[109.4,18.1],[109.4,18.2],[109.4,18.1],[109.5,17.8],[109.5,17.7],[109.5,17.6],[109.4,17.5],[109.4,17.4],[109.3,17.3],[109.3,17.2],[109.3,17.1],[109.2,17.1],[109.2,17],[109.2,16.9],[109.1,16.9],[109.1,16.8],[109.1,16.7],[109,16.7],[109,16.6],[108.9,16.6],[108.8,16.5],[108.7,16.5],[108.7,16.4],[108.6,16.4],[108.6,16.3],[108.5,16.3],[108.5,16.2],[108.4,16.2],[108.3,16.1],[108.2,16.1],[108.2,16],[108.1,16],[108,16],[108,15.9],[107.9,15.9],[107.8,15.9],[107.8,15.8],[107.7,15.8],[107.7,15.7],[107.6,15.7],[107.6,15.6],[107.5,15.6],[107.4,15.5],[107.3,15.5],[107.3,15.4],[107.2,15.4],[107.3,15.4],[107.4,15.3],[107.5,15.3],[107.6,15.3],[107.7,15.2],[107.8,15.2],[107.8,15.1],[107.9,15.1],[108,15.1],[108,15],[108.1,15],[108.2,15],[108.2,14.9],[108.3,14.9],[108.4,14.9],[108.4,14.8],[108.4,14.7],[108.4,14.6],[108.4,14.5],[108.4,14.4],[108.4,14.3],[108.3,14.3],[108.2,14.3],[108.2,14.2],[108.1,14.2],[108,14.2],[107.9,14.1],[107.8,14.1],[107.7,14.1],[107.6,14.1],[107.5,14.1],[107.5,14],[107.4,14],[107.3,14],[107.2,14],[107.1,14],[107.1,13.9],[107.1,13.8],[107.1,13.7],[107.2,13.7],[107.2,13.6],[107.2,13.5],[107.3,13.5],[107.3,13.4],[107.3,13.3],[107.3,13.2],[107.4,13.1],[107.4,13],[107.4,12.9],[107.5,12.9],[107.5,12.8],[107.5,12.7],[107.6,12.7],[107.6,12.6],[107.6,12.5],[107.7,12.4],[107.7,12.3],[107.7,12.2],[107.6,12.1],[107.6,12],[107.6,11.9],[107.6,11.8],[107.5,11.7],[107.5,11.6],[107.5,11.5],[107.4,11.5],[107.4,11.4],[107.3,11.3],[107.3,11.2],[107.2,11.2],[107.2,11.1],[107.1,11],[107.1,10.9],[107.1,10.8],[107.1,10.7],[107,10.7],[107,10.6],[107,10.5],[107,10.4],[107,10.3],[106.9,10.3],[106.9,10.2],[106.9,10.1],[106.8,10],[106.8,9.9],[106.7,9.9],[106.7,9.8],[106.6,9.8],[106.6,9.7],[106.5,9.6],[106.4,9.6],[106.4,9.5],[106.3,9.5],[106.3,9.4],[106.2,9.4],[106.2,9.3],[106.1,9.3],[106,9.2],[105.9,9.2],[105.9,9.1],[105.8,9.1],[105.7,9],[105.6,9],[105.5,8.9],[105.5,8.8],[105.4,8.8],[105.4,8.7],[105.4,8.5],[105.4,8.4],[105.4,8.3],[105.4,8.2],[105.4,8.1],[105.4,8],[105.3,7.9],[105.2,7.9],[105.2,7.8],[105.1,7.8],[105.1,7.7],[105.1,7.6],[105.1,7.5],[105.1,7.4],[105,7.4],[105.1,7.4],[105,7.3],[105,7.2],[104.9,7.2],[104.9,7.1],[104.8,7.1],[104.7,7],[104.6,7],[104.5,7],[104.4,7.1],[104.3,7.1],[104.2,7.1],[104.1,7.1],[104.1,7],[104.1,6.9],[104.1,6.8],[104.1,6.7],[104,6.7],[103.9,6.7],[103.8,6.7],[103.7,6.8],[103.6,6.8],[103.5,6.8],[103.4,6.8],[103.3,6.9],[103.3,6.8],[103.3,6.7],[103.4,6.6],[103.4,6.5],[103.4,6.4],[103.4,6.3],[103.4,6.4],[103.3,6.4],[103.2,6.4],[103.1,6.4],[103,6.4],[102.9,6.4],[102.8,6.4],[102.7,6.4],[102.6,6.3],[102.6,6.2],[102.5,6.2],[102.5,6.1],[102.4,6],[102.4,5.9],[102.3,5.9],[102.3,5.8],[102.2,5.8],[102.2,5.7],[102.2,5.6],[102.1,5.5],[102.1,5.4],[102.1,5.3],[102,5.2],[102,5.1],[101.9,5],[101.9,4.9],[101.8,4.9],[101.8,4.8],[101.7,4.8],[101.7,4.7],[101.6,4.7],[101.6,4.6],[101.5,4.6],[101.5,4.5],[101.4,4.5],[101.4,4.4],[101.3,4.4],[101.2,4.4],[101.1,4.4],[101,4.4],[100.9,4.3],[100.8,4.3],[100.7,4.3],[100.7,4.2],[100.6,4.2],[100.5,4.2],[100.4,4.1],[100.3,4.1],[100.2,4.1],[100.1,4.1],[100,4.1],[99.9,4.1],[99.9,4],[99.8,4],[99.7,4],[99.6,4],[99.5,4],[99.4,4],[99.3,4],[99.2,4],[99.1,4],[99,4],[98.9,4],[98.8,4],[98.7,4],[98.6,4.1],[98.6,4.2],[98.5,4.2],[98.4,4.2],[98.3,4.1],[98.2,4.1],[98.1,4.1],[98.1,4],[98,4],[98,3.9],[97.9,3.9],[97.8,3.8],[97.6,3.9],[97.4,4.3],[96.8,4.8],[96.2,5],[96.1,5.3],[95.9,5.5],[95.7,5.8],[96.2,5.8],[96.8,6.1],[96.5,6.3],[96.5,6.5],[96.4,6.4],[96,6.3],[95.8,6.3],[95.8,6.5],[95.7,6.5],[95.7,6.7],[95.9,6.7],[95.8,6.7],[96,7],[96.2,7.1],[96.1,7.2],[96.2,7.5],[95.9,7.3],[95.8,7.4],[95.5,7.6],[95.4,7.4],[95.3,7.6],[95.1,7.7],[95.2,7.8],[95.5,8.2],[95.2,8.1],[95.1,7.9],[94.9,8.1],[95.1,8.4],[95,8.5],[94.8,8.3],[94.5,8.6],[94.5,8.7],[94.5,8.9],[94.6,9],[94.7,9.2],[94.4,9.4],[94.2,9.3],[94.2,9.5],[94.3,9.5],[94.5,9.6],[94.4,9.7],[94.5,9.9],[94.4,10.1],[94.3,10.3],[94.5,10.5],[94.7,10.6],[95.5,11.2],[95.7,11],[96.1,10.8],[96.2,11],[95.8,11.1],[95.9,11.3],[95.8,11.4],[95.8,11.6],[96.1,11.9],[96.3,11.9],[96.2,12],[96.2,12.2],[96.4,12.4],[96.1,12.6],[96.2,12.8],[96.1,12.5],[95.9,12.5],[95.8,12.5],[95.6,12.3],[95.3,12.6],[95.3,12.8],[94.8,13],[94.8,13.4],[94.4,13.5],[94.2,13.8],[94.3,14.1],[94.1,14.2],[94.2,14.2],[94.2,14.3],[94.1,14.5],[94,14.8],[94.3,15.6],[94.3,15.8],[94.1,16.1],[93.8,16.1],[93.7,16.1],[93.6,15.9],[93.4,15.7],[93.2,15.6],[93.5,15.8],[93.4,16],[93.4,16.1],[93.6,16.5],[94.2,16.8],[94.4,16.9],[94.3,17.2]]]]}},{"type":"Feature","properties":{},"geometry":{"type":"MultiPolygon","coordinates":[[[[95.3,19.1],[95.4,18.8],[95.3,19],[95.3,19.1]]]]}},{"type":"Feature","properties":{},"geometry":{"type":"MultiPolygon","coordinates":[[[[95.3,18.7],[95.3,18.6],[95.2,18.6],[95.3,18.7]]]]}},{"type":"Feature","properties":{},"geometry":{"type":"MultiPolygon","coordinates":[[[[95.4,19],[95.5,19.1],[95.5,19],[95.4,19]]]]}},{"type":"Feature","properties":{},"geometry":{"type":"MultiPolygon","coordinates":[[[[96.3,19.5],[96.3,19.4],[96.2,19.4],[96.3,19.5]]]]}},{"type":"Feature","properties":{},"geometry":{"type":"MultiPolygon","coordinates":[[[[96.6,19.1],[96.5,19.1],[96.5,19.2],[96.6,19.1]]]]}},{"type":"Feature","properties":{},"geometry":{"type":"MultiPolygon","coordinates":[[[[97.8,17.9],[97.7,17.9],[97.6,18],[97.8,17.9]]]]}},{"type":"Feature","properties":{},"geometry":{"type":"MultiPolygon","coordinates":[[[[101.7,20.2],[101.6,20.2],[101.5,20.3],[101.7,20.2]]]]}},{"type":"Feature","properties":{},"geometry":{"type":"MultiPolygon","coordinates":[[[[92.9,14.4],[93,14.4],[93,14.7],[93.1,14.8],[93.1,14.9],[93.3,15.2],[93.5,14.9],[92.9,14.4]]]]}},{"type":"Feature","properties":{},"geometry":{"type":"MultiPolygon","coordinates":[[[[97.4,19.2],[97.5,19.3],[97.8,19.2],[97.7,18.8],[97.5,18.9],[97.2,19.3],[97.4,19.2]]]]}},{"type":"Feature","properties":{},"geometry":{"type":"MultiPolygon","coordinates":[[[[93,14.2],[93.1,14.2],[93.4,14.2],[93.1,13.8],[93.1,13.9],[93,14],[93,14.2]]]]}},{"type":"Feature","properties":{},"geometry":{"type":"MultiPolygon","coordinates":[[[[101,20.9],[101.2,20.7],[101.1,20.4],[101,20.9]]]]}},{"type":"Feature","properties":{},"geometry":{"type":"MultiPolygon","coordinates":[[[[98.5,4.2],[98.6,4.2],[98.6,4.1],[98.7,4],[98.8,4],[98.9,4],[99,4],[99.1,4],[99.2,4],[99.3,4],[99.4,4],[99.5,4],[99.6,4],[99.7,4],[99.8,4],[99.9,4],[99.9,4.1],[100,4.1],[100.1,4.1],[100.2,4.1],[100.3,4.1],[100.4,4.1],[100.5,4.2],[100.6,4.2],[100.7,4.2],[100.7,4.3],[100.8,4.3],[100.9,4.3],[101,4.4],[101.1,4.4],[101.2,4.4],[101.3,4.4],[101.4,4.4],[101.4,4.5],[101.5,4.5],[101.5,4.6],[101.6,4.6],[101.6,4.7],[101.7,4.7],[101.7,4.8],[101.8,4.8],[101.8,4.9],[101.9,4.9],[101.9,5],[102,5.1],[102,5.2],[102.1,5.3],[102.1,5.4],[102.1,5.5],[102.2,5.6],[102.2,5.7],[102.2,5.8],[102.3,5.8],[102.3,5.9],[102.4,5.9],[102.4,6],[102.5,6.1],[102.5,6.2],[102.6,6.2],[102.6,6.3],[102.7,6.4],[102.8,6.4],[102.9,6.4],[103,6.4],[103.1,6.4],[103.2,6.4],[103.3,6.4],[103.4,6.4],[103.4,6.3],[103.4,6.4],[103.4,6.5],[103.4,6.6],[103.3,6.7],[103.3,6.8],[103.3,6.9],[103.4,6.8],[103.5,6.8],[103.6,6.8],[103.7,6.8],[103.8,6.7],[103.9,6.7],[104,6.7],[104.1,6.7],[104.1,6.8],[104.1,6.9],[104.1,7],[104.1,7.1],[104.2,7.1],[104.3,7.1],[104.4,7.1],[104.5,7],[104.6,7],[104.7,7],[104.8,7.1],[104.9,7.1],[104.9,7.2],[105,7.2],[105,7.3],[105.1,7.4],[105,7.4],[105.1,7.4],[105.1,7.5],[105.1,7.6],[105.1,7.7],[105.1,7.8],[105.2,7.8],[105.2,7.9],[105.3,7.9],[105.4,8],[105.4,8.1],[105.4,8.2],[105.4,8.3],[105.4,8.4],[105.4,8.5],[105.4,8.7],[105.4,8.8],[105.5,8.8],[105.5,8.9],[105.6,9],[105.7,9],[105.8,9.1],[105.9,9.1],[105.9,9.2],[106,9.2],[106.1,9.3],[106.2,9.3],[106.2,9.4],[106.3,9.4],[106.3,9.5],[106.4,9.5],[106.4,9.6],[106.5,9.6],[106.6,9.7],[106.6,9.8],[106.7,9.8],[106.7,9.9],[106.8,9.9],[106.8,10],[106.9,10.1],[106.9,10.2],[106.9,10.3],[107,10.3],[107,10.4],[107,10.5],[107,10.6],[107,10.7],[107.1,10.7],[107.1,10.8],[107.1,10.9],[107.1,11],[107.2,11.1],[107.2,11.2],[107.3,11.2],[107.3,11.3],[107.4,11.4],[107.4,11.5],[107.5,11.5],[107.5,11.6],[107.5,11.7],[107.6,11.8],[107.6,11.9],[107.6,12],[107.6,12.1],[107.7,12.2],[107.7,12.3],[107.7,12.4],[107.6,12.5],[107.6,12.6],[107.6,12.7],[107.5,12.7],[107.5,12.8],[107.5,12.9],[107.4,12.9],[107.4,13],[107.4,13.1],[107.3,13.2],[107.3,13.3],[107.3,13.4],[107.3,13.5],[107.2,13.5],[107.2,13.6],[107.2,13.7],[107.1,13.7],[107.1,13.8],[107.1,13.9],[107.1,14],[107.2,14],[107.3,14],[107.4,14],[107.5,14],[107.5,14.1],[107.6,14.1],[107.7,14.1],[107.8,14.1],[107.9,14.1],[108,14.2],[108.1,14.2],[108.2,14.2],[108.2,14.3],[108.3,14.3],[108.4,14.3],[108.4,14.4],[108.5,14.3],[108.5,14.2],[108.6,14.1],[108.6,14],[108.7,14],[108.7,13.9],[108.8,13.9],[108.8,13.8],[108.8,13.7],[108.9,13.7],[108.9,13.6],[109,13.4],[109,12.7],[108.9,12.2],[108.8,11.9],[108.6,11.6],[108.7,11.4],[108.9,11.9],[109,12],[109,11.5],[109,10.8],[108.8,10.3],[108.9,10],[108.7,9.4],[108.7,9],[108.5,8.8],[108.3,8.5],[108.1,8.3],[107.9,8.1],[107.5,7.9],[107.4,7.8],[107.3,7.8],[107.2,7.7],[107.2,7.6],[107.2,7.5],[107.1,7.5],[107.1,7.4],[107,7.4],[106.9,7.4],[106.8,7.4],[106.8,7.3],[106.8,7.2],[106.7,7.2],[106.7,7.1],[106.7,7],[106.7,6.9],[106.7,6.8],[106.6,6.8],[106.6,6.7],[106.6,6.6],[106.5,6.6],[106.5,6.5],[106.4,6.5],[106.4,6.4],[106.4,6.3],[106.3,6.3],[106.3,6.2],[106.2,6.2],[106.2,6.1],[106.1,6.1],[106,6.1],[106,6],[105.9,6],[105.9,5.9],[105.8,5.9],[105.7,5.9],[105.7,5.8],[105.6,5.8],[105.5,5.8],[105.4,5.8],[104.9,5.7],[104.6,5.7],[104.5,5.7],[104.5,5.6],[104.4,5.6],[104.4,5.5],[104.3,5.5],[104.2,5.5],[104.2,5.4],[104.1,5.4],[104,5.4],[103.9,5.4],[103.9,5.3],[103.8,5.3],[103.7,5.3],[103.6,5.3],[103.5,5.3],[103.4,5.3],[103.3,5.3],[103.2,5.3],[103.1,5.3],[103,5.3],[102.9,5.3],[102.8,5.3],[102.8,5.2],[102.8,5.1],[102.7,5.1],[102.7,5],[102.7,4.9],[102.6,4.9],[102.6,4.8],[102.5,4.7],[102.5,4.6],[102.4,4.5],[102.4,4.4],[102.5,4.4],[102.4,4.4],[102.4,4.3],[102.4,4.2],[102.3,4.2],[102.3,4.1],[102.2,4.1],[102.2,4],[102.1,3.9],[102,3.9],[102,3.8],[101.9,3.7],[101.9,3.6],[101.8,3.6],[101.8,3.5],[101.7,3.5],[101.7,3.4],[101.6,3.4],[101.5,3.3],[101.4,3.3],[101.4,3.2],[101.3,3.2],[101.2,3.2],[101.1,3.2],[101,3.2],[100.9,3.2],[100.8,3.2],[100.7,3.2],[100.6,3.2],[100.5,3.2],[100.4,3.2],[100.3,3.1],[100.2,3.1],[100.1,3.1],[100,3.1],[99.9,3.1],[99.8,3.1],[99.7,3.1],[99.6,3.1],[99.5,3.1],[99.4,3.1],[99.3,3.1],[99.2,3.1],[99.1,3.1],[99,3.1],[98.9,3.1],[98.8,3.1],[98.7,3.1],[98.6,3.1],[98.5,3],[98.4,3],[98.4,2.9],[98.3,2.9],[97.8,3.8],[97.8,3.9],[97.9,3.9],[98,3.9],[98,4],[98.1,4],[98.2,4.1],[98.3,4.1],[98.4,4.2],[98.5,4.2]]]]}},{"type":"Feature","properties":{},"geometry":{"type":"MultiPolygon","coordinates":[[[[109.1,12.1],[109.6,12.4],[109.9,12.8],[110.2,13],[110.4,13.2],[110.8,13.5],[111.1,13.7],[111.5,14],[111.6,14],[111.9,14.1],[112,14.2],[112.2,14.3],[112.4,14.4],[112.5,14.5],[112.9,14.7],[112.9,14.8],[113,14.8],[113.2,14.9],[113.5,15.1],[113.9,15.4],[114,15.7],[114.5,16.3],[114.9,16.5],[115.2,16.6],[115.4,16.5],[115.5,16.5],[115.6,16.6],[115.7,16.6],[115.8,16.6],[115.8,16.5],[115.9,16.5],[116,16.5],[116.1,16.5],[116.2,16.5],[116.3,16.5],[116.4,16.5],[116.5,16.5],[116.6,16.5],[116.7,16.4],[116.8,16.4],[116.9,16.4],[117,16.4],[117,16.3],[116.9,16.1],[117,15.6],[116.9,15.3],[116.9,15],[116.9,14.5],[117,13.9],[117,13.7],[117.2,13.6],[117.6,13.4],[117.9,13.1],[118.1,12.9],[118.4,12.6],[118.7,12.4],[118.8,12.3],[118.7,11.7],[118.1,12.4],[118,11.7],[118,11.2],[117.8,11.6],[117.3,11.9],[116.7,12.5],[116,12.9],[116.2,12.3],[116.5,11.6],[117,10.7],[117.1,10.4],[117.2,10.2],[116.6,10.1],[116.8,10.2],[116,10.3],[115.2,10.2],[115.1,10],[114.8,9.9],[114.7,10],[114.3,10],[113.8,9.8],[113.9,9.7],[113.4,8.9],[112.5,8.1],[112.1,5.6],[111.7,3.7],[112.4,1.7],[112.5,0.9],[112.3,0.3],[112.2,-0.1],[112.1,-0.3],[112,-0.2],[112,-0.1],[111.9,-0.1],[111.9,0],[111.8,0],[111.8,0.1],[111.8,0.2],[111.7,0.2],[111.7,0.3],[111.7,0.4],[111.7,0.5],[111.7,0.6],[111.6,0.6],[111.6,0.7],[111.7,0.7],[111.7,0.6],[111.8,0.6],[111.8,0.5],[111.8,0.4],[111.9,0.4],[111.9,0.3],[111.9,0.2],[112,0.2],[112,0.3],[112,0.4],[111.9,0.4],[111.9,0.5],[111.9,0.6],[111.8,0.6],[111.8,0.7],[111.8,0.8],[111.7,0.8],[111.7,0.9],[111.6,0.9],[111.6,1],[111.5,1],[111.4,1.1],[111.3,1.1],[111.3,1.2],[111.2,1.2],[111.2,1.3],[111.1,1.3],[111,1.2],[111,1.1],[111,1],[110.9,1],[110.8,1],[110.8,1.1],[110.7,1.1],[110.7,1.2],[110.6,1.2],[110.5,1.3],[110.5,1.4],[110.4,1.5],[110.4,1.6],[110.3,1.7],[110.3,1.8],[110.2,1.9],[110.2,2],[110.1,2],[110.1,2.1],[110.1,2.2],[110,2.2],[110,2.3],[109.9,2.3],[109.9,2.4],[109.8,2.4],[109.8,2.5],[109.7,2.5],[109.7,2.6],[109.6,2.6],[109.6,2.7],[109.5,2.8],[109.4,2.8],[109.4,2.9],[109.3,2.9],[109.3,3],[109.2,3],[109.1,3.1],[109,3.1],[109,3.2],[108.9,3.2],[108.9,3.3],[108.8,3.3],[108.8,3.4],[108.7,3.4],[108.7,3.3],[108.8,3.3],[108.8,3.2],[108.8,3.1],[108.7,3.1],[108.6,3.2],[108.5,3.2],[108.5,3.3],[108.4,3.3],[108.3,3.4],[108.2,3.5],[108.2,3.6],[108.1,3.6],[108.1,3.7],[108,3.8],[108,3.9],[107.9,3.9],[107.9,4],[107.9,4.1],[107.8,4.2],[107.8,4.3],[107.7,4.3],[107.7,4.4],[107.6,4.4],[107.6,4.5],[107.6,4.6],[107.5,4.6],[107.5,4.7],[107.5,4.8],[107.5,4.9],[107.5,5],[107.4,5],[107.4,5.1],[107.4,5.2],[107.4,5.3],[107.3,5.3],[107.3,5.4],[107.3,5.5],[107.2,5.6],[107.4,5.8],[107.6,6.1],[107.5,6.5],[106.8,7.2],[106.8,7.3],[106.9,7.4],[107,7.4],[107.1,7.4],[107.1,7.5],[107.2,7.5],[107.2,7.6],[107.2,7.7],[107.3,7.7],[107.3,7.8],[107.4,7.8],[107.5,7.9],[108,8.2],[108.1,8.3],[108.3,8.5],[108.5,8.8],[108.8,9.1],[108.8,9.6],[108.8,10],[108.8,10.3],[109,10.9],[109,11.5],[109.1,12.1]]]]}},{"type":"Feature","properties":{},"geometry":{"type":"MultiPolygon","coordinates":[[[[111.7,-5.1],[111.6,-5.1],[111.5,-5],[111.4,-5],[111.4,-4.9],[111.4,-4.8],[111.4,-4.7],[111.4,-4.6],[111.4,-4.5],[111.4,-4.4],[111.5,-4.4],[111.5,-4.3],[111.5,-4.2],[111.6,-4.2],[111.6,-4.1],[111.6,-4],[111.7,-4],[111.7,-3.9],[111.7,-3.8],[111.7,-3.7],[111.8,-3.7],[111.8,-3.6],[111.8,-3.5],[111.9,-3.5],[111.9,-3.4],[111.9,-3.3],[111.9,-3.2],[112,-3.1],[112,-3],[112,-2.9],[112,-2.8],[112,-2.7],[112,-2.6],[112,-2.5],[112,-2.4],[112,-2.3],[112,-2.2],[112,-2.1],[112.2,-2.3],[112.1,-2.7],[112.4,-3.3],[112.4,-3.5],[112.4,-3.7],[112.2,-4.4],[112,-4.7],[111.7,-5.1]]]]}},{"type":"Feature","properties":{},"geometry":{"type":"MultiPolygon","coordinates":[[[[118.7,11.4],[118.9,11.6],[118.7,10.9],[118.4,10.5],[118.7,11.4]]]]}},{"type":"Feature","properties":{},"geometry":{"type":"MultiPolygon","coordinates":[[[[111.4,-5],[111.5,-5],[111.6,-5.1],[111.7,-5.1],[111.3,-5.6],[110.6,-5.2],[109.3,-4.7],[109.1,-4.4],[107,-4.8],[105.6,-4.8],[104.6,-4.9],[102.7,-5.3],[103.2,-5.2],[103.5,-5.1],[102.4,-5.1],[102.7,-4.9],[103.1,-4.8],[102.9,-4.4],[101.9,-4.8],[100.7,-4.7],[99.4,-4.2],[99.3,-3.8],[99.5,-3.6],[99.3,-3.5],[99.1,-3.2],[98.8,-2.4],[98.9,-2.5],[99,-2.6],[99,-2.7],[99.1,-2.8],[99.2,-2.9],[99.2,-3],[99.3,-3],[99.3,-3.1],[99.3,-3.2],[99.4,-3.2],[99.5,-3.2],[99.6,-3.3],[99.7,-3.3],[99.8,-3.3],[99.9,-3.4],[100,-3.4],[100.2,-3.5],[100.4,-3.5],[100.5,-3.5],[100.6,-3.5],[100.7,-3.6],[100.9,-3.6],[101,-3.6],[101.1,-3.7],[101.2,-3.7],[101.3,-3.7],[101.4,-3.7],[101.5,-3.7],[101.6,-3.7],[101.7,-3.7],[101.8,-3.7],[101.9,-3.7],[102,-3.7],[102.1,-3.7],[102.2,-3.7],[102.3,-3.7],[102.4,-3.7],[102.6,-3.6],[102.7,-3.6],[102.8,-3.6],[102.9,-3.5],[103,-3.5],[103.1,-3.5],[103.2,-3.5],[103.3,-3.5],[103.3,-3.6],[103.4,-3.6],[103.5,-3.6],[103.6,-3.6],[103.7,-3.6],[103.8,-3.7],[103.9,-3.7],[104,-3.7],[104.1,-3.7],[104.2,-3.7],[104.2,-3.8],[104.3,-3.8],[104.4,-3.8],[104.5,-3.8],[104.6,-3.8],[104.7,-3.9],[104.8,-3.9],[104.9,-3.9],[105,-3.9],[105.1,-3.9],[105.2,-3.9],[105.3,-3.9],[105.4,-3.9],[105.4,-4],[105.5,-4],[105.6,-4],[105.7,-4],[105.8,-4],[105.9,-4],[106,-4],[106.1,-4],[106.2,-4],[106.3,-4],[106.4,-4],[106.4,-3.9],[106.5,-3.9],[106.6,-3.9],[106.7,-3.9],[106.8,-3.9],[106.9,-3.9],[107,-3.9],[107,-4],[107.1,-4],[107.2,-4],[107.3,-4],[107.4,-4],[107.5,-4],[107.6,-4],[107.7,-4],[107.8,-4.1],[107.9,-4.1],[108,-4.1],[108.1,-4.1],[108.2,-4.1],[108.3,-4.1],[108.4,-4.1],[108.5,-4.2],[108.6,-4.2],[108.7,-4.2],[108.8,-4.2],[108.9,-4.2],[108.9,-4.3],[109,-4.3],[109.1,-4.3],[109.2,-4.4],[109.3,-4.4],[109.4,-4.4],[109.5,-4.5],[109.6,-4.5],[109.7,-4.5],[109.8,-4.6],[109.9,-4.6],[110,-4.6],[110,-4.7],[110.1,-4.7],[110.2,-4.7],[110.3,-4.8],[110.4,-4.8],[110.5,-4.8],[110.6,-4.9],[110.7,-4.9],[110.8,-4.9],[110.9,-4.9],[111,-5],[111.1,-5],[111.2,-5],[111.3,-5],[111.4,-5]]]]}},{"type":"Feature","properties":{},"geometry":{"type":"MultiPolygon","coordinates":[[[[106.8,7.2],[107.5,6.5],[107.6,6.1],[107.4,5.8],[107.2,5.6],[107.3,5.5],[107.3,5.4],[107.3,5.3],[107.4,5.3],[107.4,5.2],[107.4,5.1],[107.4,5],[107.5,5],[107.5,4.9],[107.5,4.8],[107.5,4.7],[107.5,4.6],[107.6,4.6],[107.6,4.5],[107.6,4.4],[107.7,4.4],[107.7,4.3],[107.8,4.3],[107.8,4.2],[107.9,4.1],[107.9,4],[107.9,3.9],[108,3.9],[108,3.8],[108.1,3.7],[108.1,3.6],[108.2,3.6],[108.2,3.5],[108.3,3.4],[108.4,3.3],[108.5,3.3],[108.5,3.2],[108.6,3.2],[108.7,3.1],[108.8,3.1],[108.8,3.2],[108.8,3.3],[108.7,3.3],[108.7,3.4],[108.8,3.4],[108.8,3.3],[108.9,3.3],[108.9,3.2],[109,3.2],[109,3.1],[109.1,3.1],[109.2,3],[109.3,3],[109.3,2.9],[109.4,2.9],[109.4,2.8],[109.5,2.8],[109.6,2.7],[109.6,2.6],[109.7,2.6],[109.7,2.5],[109.8,2.5],[109.8,2.4],[109.9,2.4],[109.9,2.3],[110,2.3],[110,2.2],[110.1,2.2],[110.1,2.1],[110.1,2],[110.2,2],[110.2,1.9],[110.3,1.8],[110.3,1.7],[110.4,1.6],[110.4,1.5],[110.5,1.4],[110.5,1.3],[110.6,1.2],[110.7,1.2],[110.7,1.1],[110.8,1.1],[110.8,1],[110.9,1],[111,1],[111,1.1],[111,1.2],[111.1,1.3],[111.2,1.3],[111.2,1.2],[111.3,1.2],[111.3,1.1],[111.4,1.1],[111.5,1],[111.6,1],[111.6,0.9],[111.7,0.9],[111.7,0.8],[111.8,0.8],[111.8,0.7],[111.8,0.6],[111.9,0.6],[111.9,0.5],[111.9,0.4],[112,0.4],[112,0.3],[112,0.2],[111.9,0.2],[111.9,0.3],[111.9,0.4],[111.8,0.4],[111.8,0.5],[111.8,0.6],[111.7,0.6],[111.7,0.7],[111.6,0.7],[111.6,0.6],[111.7,0.6],[111.7,0.5],[111.7,0.4],[111.7,0.3],[111.7,0.2],[111.8,0.2],[111.8,0.1],[111.8,0],[111.9,0],[111.9,-0.1],[112,-0.1],[112,-0.2],[112.1,-0.3],[112,-0.4],[112,-2],[112,-2.1],[112,-2.2],[112,-2.3],[112,-2.4],[112,-2.5],[112,-2.6],[112,-2.7],[112,-2.8],[112,-2.9],[112,-3],[112,-3.1],[112,-3.2],[111.9,-3.2],[111.9,-3.3],[111.9,-3.4],[111.9,-3.5],[111.8,-3.5],[111.8,-3.6],[111.8,-3.7],[111.7,-3.7],[111.7,-3.8],[111.7,-3.9],[111.7,-4],[111.6,-4],[111.6,-4.1],[111.6,-4.2],[111.5,-4.2],[111.5,-4.3],[111.5,-4.4],[111.4,-4.4],[111.4,-4.5],[111.4,-4.6],[111.4,-4.7],[111.4,-4.8],[111.4,-4.9],[111.4,-5],[111.3,-5],[111.2,-5],[111.1,-5],[111,-5],[110.9,-4.9],[110.8,-4.9],[110.7,-4.9],[110.6,-4.9],[110.6,-4.8],[110.5,-4.8],[110.4,-4.8],[110.3,-4.7],[110.2,-4.7],[110.1,-4.7],[110,-4.7],[110,-4.6],[109.9,-4.6],[109.8,-4.6],[109.7,-4.5],[109.6,-4.5],[109.5,-4.5],[109.4,-4.4],[109.3,-4.4],[109.2,-4.4],[109.1,-4.3],[109,-4.3],[108.9,-4.3],[108.8,-4.2],[108.7,-4.2],[108.6,-4.2],[108.5,-4.2],[108.4,-4.1],[108.3,-4.1],[108.2,-4.1],[108.1,-4.1],[108,-4.1],[107.9,-4.1],[107.8,-4.1],[107.7,-4],[107.6,-4],[107.5,-4],[107.4,-4],[107.3,-4],[107.2,-4],[107.1,-4],[107,-4],[107,-3.9],[106.9,-3.9],[106.8,-3.9],[106.7,-3.9],[106.6,-3.9],[106.5,-3.9],[106.4,-3.9],[106.4,-4],[106.3,-4],[106.2,-4],[106.1,-4],[106,-4],[105.9,-4],[105.8,-4],[105.7,-4],[105.6,-4],[105.5,-4],[105.4,-4],[105.4,-3.9],[105.3,-3.9],[105.2,-3.9],[105.1,-3.9],[105,-3.9],[104.9,-3.9],[104.8,-3.9],[104.7,-3.9],[104.6,-3.8],[104.5,-3.8],[104.4,-3.8],[104.3,-3.8],[104.2,-3.8],[104.2,-3.7],[104.1,-3.7],[104,-3.7],[103.9,-3.7],[103.8,-3.7],[103.7,-3.6],[103.6,-3.6],[103.5,-3.6],[103.4,-3.6],[103.3,-3.6],[103.3,-3.5],[103.2,-3.5],[103.1,-3.5],[103,-3.5],[102.9,-3.5],[102.8,-3.6],[102.7,-3.6],[102.5,-3.7],[102.4,-3.7],[102.3,-3.7],[102.2,-3.7],[102.1,-3.7],[102,-3.7],[101.9,-3.7],[101.8,-3.7],[101.7,-3.7],[101.6,-3.7],[101.5,-3.7],[101.4,-3.7],[101.3,-3.7],[101.2,-3.7],[101.1,-3.7],[100.9,-3.6],[100.7,-3.6],[100.6,-3.5],[100.5,-3.5],[100.4,-3.5],[100.3,-3.5],[100.2,-3.5],[100.1,-3.4],[99.9,-3.4],[99.9,-3.3],[99.8,-3.3],[99.7,-3.3],[99.5,-3.3],[99.5,-3.2],[99.4,-3.2],[99.3,-3.2],[99.3,-3.1],[99.3,-3],[99.2,-3],[99.2,-2.9],[99.1,-2.8],[99,-2.7],[99,-2.6],[98.9,-2.6],[98.9,-2.5],[98.8,-2.3],[98.4,-1.6],[98.3,-1.1],[98.3,-1],[98.4,-0.6],[98.5,0],[98.3,0.4],[98.2,1.4],[98.3,1.9],[98.3,2.9],[98.4,3],[98.5,3],[98.6,3.1],[98.7,3.1],[98.8,3.1],[98.9,3.1],[99,3.1],[99.1,3.1],[99.2,3.1],[99.3,3.1],[99.4,3.1],[99.5,3.1],[99.6,3.1],[99.7,3.1],[99.8,3.1],[99.9,3.1],[100,3.1],[100.1,3.1],[100.2,3.1],[100.3,3.2],[100.4,3.2],[100.5,3.2],[100.6,3.2],[100.7,3.2],[100.8,3.2],[100.9,3.2],[101,3.2],[101.1,3.2],[101.2,3.2],[101.3,3.2],[101.4,3.2],[101.4,3.3],[101.5,3.3],[101.6,3.3],[101.6,3.4],[101.7,3.4],[101.7,3.5],[101.8,3.5],[101.8,3.6],[101.9,3.6],[101.9,3.7],[102,3.7],[102,3.8],[102.1,3.9],[102.2,4],[102.2,4.1],[102.3,4.1],[102.3,4.2],[102.4,4.3],[102.4,4.4],[102.5,4.4],[102.4,4.4],[102.4,4.5],[102.4,4.6],[102.5,4.6],[102.5,4.7],[102.6,4.8],[102.6,4.9],[102.7,4.9],[102.7,5],[102.7,5.1],[102.8,5.1],[102.8,5.2],[102.8,5.3],[102.9,5.3],[103,5.3],[103.1,5.3],[103.2,5.3],[103.3,5.3],[103.4,5.3],[103.5,5.3],[103.6,5.3],[103.7,5.3],[103.8,5.3],[103.9,5.3],[103.9,5.4],[104,5.4],[104.1,5.4],[104.2,5.4],[104.2,5.5],[104.3,5.5],[104.4,5.6],[104.5,5.6],[104.5,5.7],[104.6,5.7],[105.3,5.8],[105.4,5.8],[105.5,5.8],[105.6,5.8],[105.7,5.8],[105.7,5.9],[105.8,5.9],[105.9,5.9],[105.9,6],[106,6],[106,6.1],[106.1,6.1],[106.2,6.1],[106.2,6.2],[106.3,6.2],[106.3,6.3],[106.4,6.3],[106.4,6.4],[106.4,6.5],[106.5,6.5],[106.5,6.6],[106.6,6.6],[106.6,6.7],[106.6,6.8],[106.7,6.8],[106.7,6.9],[106.7,7],[106.7,7.1],[106.7,7.2],[106.8,7.2]]]]}},{"type":"Feature","properties":{},"geometry":{"type":"MultiPolygon","coordinates":[[[[94.4,17.3],[94.6,17.3],[94.7,17.5],[94.8,17.5],[94.7,17.6],[94.9,17.7],[94.9,18],[95.3,18.2],[95.4,18.4],[95.3,18.4],[95.3,18.5],[95.3,18.6],[95.3,19],[95.3,18.9],[95.4,18.8],[95.5,18.9],[95.4,19],[95.5,19],[95.4,19.1],[95.5,19.1],[95.6,19.1],[95.7,19],[95.8,19.1],[95.8,19.3],[95.7,19.5],[95.6,19.4],[95.6,19.3],[95.5,19.5],[95.4,19.7],[95.5,19.6],[95.5,19.7],[95.7,19.7],[95.8,19.7],[95.8,19.8],[95.8,19.9],[95.9,19.9],[96,19.9],[96,20],[96,19.9],[96.1,19.7],[96,19.8],[96.1,19.7],[96.2,19.7],[96.3,19.6],[96.2,19.5],[96.4,19.5],[96.2,19.4],[96.3,19.4],[96.4,19.4],[96.5,19.4],[96.5,19.3],[96.6,19.3],[96.7,19.2],[96.8,19.1],[96.7,19.1],[96.6,19.1],[96.5,19.2],[96.5,19.1],[96.6,19.1],[96.5,19.1],[96.5,19],[96.6,18.9],[96.5,18.9],[96.6,18.8],[96.5,18.8],[96.6,18.7],[96.7,18.7],[96.8,18.6],[96.7,18.6],[96.8,18.6],[96.8,18.5],[97,18.6],[97.1,18.7],[97.2,18.5],[97.4,18.4],[97.5,18.4],[97.5,18.2],[97.6,18],[97.7,17.9],[97.8,17.9],[97.8,17.8],[97.8,17.7],[98.2,17.8],[98.3,17.9],[98.6,18.1],[98.8,18.2],[99.5,18.5],[99.6,18.7],[99.5,18.7],[100.2,19.3],[100.4,19.4],[100.9,19.6],[101,19.8],[101,19.9],[101.1,20],[101.3,20.2],[101.4,20.2],[101.5,20.3],[101.6,20.2],[101.8,20.2],[101.9,20.3],[102.1,20.5],[102.3,20.6],[102.3,20.7],[102.5,20.8],[102.5,20.9],[102.5,20.8],[102.4,20.6],[102.3,20.6],[102.3,20.5],[102.3,20.4],[102.2,20.4],[102.2,20.3],[102.1,20.2],[102.1,20.1],[102,20],[102,19.9],[102,19.8],[101.9,19.8],[101.9,19.7],[101.9,19.6],[101.9,19.5],[101.8,19.4],[101.8,19.3],[101.8,19.2],[101.8,19.1],[101.8,19],[101.7,19],[101.7,18.9],[101.7,18.8],[101.7,18.7],[101.7,18.6],[101.7,18.5],[101.7,18.4],[101.6,18.3],[101.5,18.1],[101.4,18],[101.4,17.9],[101.3,17.8],[101.3,17.7],[101.3,17.6],[101.3,17.5],[101.3,17.4],[101.3,17.3],[101.3,17.2],[101.3,17.1],[101.4,17.1],[101.4,17],[101.4,16.9],[101.5,16.8],[101.6,16.7],[101.7,16.6],[101.8,16.5],[101.8,16.4],[101.8,16.3],[101.8,16.2],[101.8,16.1],[101.7,16.1],[101.7,16],[101.8,16],[101.9,16],[102,16],[102.1,16],[102.1,15.9],[102.1,15.8],[102.2,15.8],[102.1,15.7],[102.1,15.6],[102.1,15.5],[102,15.4],[102,15.3],[101.9,15.2],[101.8,15.1],[101.7,15.1],[101.6,15.1],[101.5,15.1],[101.5,15],[101.4,15],[101.3,15],[101.2,15],[101.1,15],[101,15.1],[101.1,15.2],[101,15.2],[100.9,15.2],[100.8,15.2],[100.7,15.2],[100.6,15.2],[100.5,15.2],[100.4,15.2],[100.3,15.2],[100,15.2],[99.8,15.2],[99.7,15.2],[99.7,15.1],[99.7,15],[99.6,15],[99.6,14.9],[99.5,14.9],[99.4,14.9],[99.3,14.9],[99.3,14.8],[98.5,15.4],[97.4,15.4],[97.3,15.4],[97.2,15.4],[97.1,15.4],[97,15.4],[96.9,15.3],[96.9,15.4],[96.8,15.4],[96.8,15.5],[96.7,15.5],[96.6,15.5],[96.5,15.5],[96.4,15.5],[96.3,15.5],[96.2,15.5],[96.1,15.5],[96.1,15.4],[96,15.4],[95.9,15.5],[95.8,15.5],[95.8,15.6],[95.7,15.6],[95.6,15.7],[95.5,15.7],[95.4,15.7],[95.3,15.7],[95.3,15.8],[95.2,15.9],[95.1,15.9],[95.1,16],[95.1,16.1],[95.2,16.1],[95.2,16.2],[95.2,16.3],[95.1,16.3],[95.1,16.4],[95,16.4],[95,16.5],[94.9,16.5],[94.9,16.6],[94.9,16.7],[94.9,16.8],[94.9,16.9],[94.8,16.9],[94.8,17],[94.7,17],[94.7,17.1],[94.6,17.1],[94.5,17.1],[94.4,17.2],[94.3,17.2],[94.4,17.3]]]]}},{"type":"Feature","properties":{},"geometry":{"type":"MultiPolygon","coordinates":[[[[118.2,-22.7],[116.3,-21.9],[115.2,-21.1],[114.2,-19],[114,-17.9],[114.1,-17.8],[114.5,-18.1],[114.8,-18.4],[115.1,-19.3],[115.6,-20.1],[116.4,-20.8],[117.4,-22.3],[117.7,-22.6],[118.2,-22.7]]]]}},{"type":"Feature","properties":{},"geometry":{"type":"MultiPolygon","coordinates":[[[[96.5,-29],[96.8,-28.5],[99.1,-26.5],[102.7,-24.7],[102.9,-25.1],[100.8,-26.9],[102.6,-28.6],[103.9,-30.4],[103.4,-31.6],[104.9,-32.2],[107,-31.8],[109,-30.4],[111.1,-31.1],[110.7,-31],[110.5,-30.8],[110.3,-31.1],[110.6,-31.4],[110.8,-31.4],[111.7,-32.1],[109.5,-34.2],[109.5,-34],[109.6,-33.6],[109.5,-33.2],[108.9,-32.9],[109,-33.2],[108.9,-33.7],[108.4,-34.2],[108,-34.3],[107.7,-34.2],[107.5,-34.3],[107.8,-34.5],[107.5,-34.5],[107.3,-34.6],[107.4,-34.8],[107.2,-35],[107.2,-35.1],[107,-35.1],[106.9,-35.1],[106.7,-35],[106.5,-35.2],[106.3,-35.1],[106,-35.2],[105.5,-35.4],[104.5,-35.4],[99.9,-33.4],[96.3,-29.2],[96.5,-29]]]]}},{"type":"Feature","properties":{},"geometry":{"type":"MultiPolygon","coordinates":[[[[126.9,-27.3],[126.2,-28.7],[125.8,-28.8],[126,-28.6],[126.4,-28],[126.9,-27.4],[126.9,-27.3]]]]}},{"type":"Feature","properties":{},"geometry":{"type":"MultiPolygon","coordinates":[[[[126.6,-27.2],[126.9,-27.4],[126.4,-28],[126,-28.6],[125.5,-28.9],[126.3,-27.8],[126.6,-27.2]]]]}},{"type":"Feature","properties":{},"geometry":{"type":"MultiPolygon","coordinates":[[[[121.7,-24.8],[123.6,-25.4],[124,-25.5],[124,-27],[124.1,-28.2],[124,-29.2],[123.6,-29.3],[122.9,-29.2],[123.2,-26.4],[121.2,-25.4],[121.7,-24.8]]]]}},{"type":"Feature","properties":{},"geometry":{"type":"MultiPolygon","coordinates":[[[[125.8,-26.4],[126.4,-27.2],[126.5,-27.5],[125.6,-28.8],[124.7,-29],[124,-29.2],[124.1,-28.2],[124,-27],[124,-25.5],[124.8,-25.5],[125.1,-26],[125.8,-26.4]]]]}},{"type":"Feature","properties":{},"geometry":{"type":"MultiPolygon","coordinates":[[[[126.9,-25.2],[127.3,-26],[127.8,-26.5],[128,-26.5],[128,-26.7],[127.9,-26.8],[128,-27.2],[127.7,-27.5],[126.8,-26.6],[126.3,-25.8],[126.2,-25.2],[126.6,-25.2],[126.9,-25.2]]]]}},{"type":"Feature","properties":{},"geometry":{"type":"MultiPolygon","coordinates":[[[[127.6,-25.3],[127.7,-25.8],[128.1,-26.2],[128.8,-26.5],[128.6,-26.8],[129.3,-27],[128.3,-27.8],[128,-27.2],[127.9,-26.8],[128,-26.7],[128,-26.5],[127.8,-26.5],[127.3,-26],[126.9,-25.2],[127.5,-25.2],[127.6,-25.3]]]]}},{"type":"Feature","properties":{},"geometry":{"type":"MultiPolygon","coordinates":[[[[-27,13.7],[-27.5,14],[-28.1,14],[-29.6,13.5],[-30.4,12.7],[-30.9,12.5],[-30.4,13.1],[-30.1,14.1],[-28.6,15.2],[-27.5,15.2],[-26.8,15.2],[-26.2,15.5],[-25.7,15.5],[-25.2,15.4],[-23.9,14.9],[-21.6,14.7],[-21.4,14.9],[-20.1,14.6],[-19.7,13.8],[-20.5,13.8],[-21.8,13.3],[-23.9,13.5],[-24.3,13.7],[-24.7,13.8],[-25.4,13.8],[-26.7,13.7],[-27,13.7]]]]}},{"type":"Feature","properties":{},"geometry":{"type":"MultiPolygon","coordinates":[[[[-31.5,14.7],[-29.8,15.6],[-27.1,15.7],[-25.5,15.6],[-23.9,15.5],[-22.9,15.8],[-21.7,16],[-20.8,16.5],[-19.6,17],[-17.8,17.6],[-16.7,17.7],[-17.2,17.5],[-18.2,17.6],[-19.6,17],[-20.5,16.3],[-21.7,15.9],[-23.4,15.2],[-24.4,15.2],[-25.2,15.4],[-25.7,15.5],[-26.2,15.5],[-26.8,15.2],[-27.5,15.2],[-28.6,15.2],[-30.1,14.1],[-30.8,13.9],[-30.9,14.2],[-31.1,14.7],[-31.2,14.4],[-31.4,14.4],[-31.7,14.5],[-31.5,14.7]]]]}},{"type":"Feature","properties":{},"geometry":{"type":"MultiPolygon","coordinates":[[[[-21.8,12.7],[-21.4,12.8],[-20.8,12.7],[-21,12.9],[-20.4,13.3],[-19.3,13.7],[-19.6,12.1],[-19.8,10.6],[-19.8,9.8],[-19.6,9.4],[-19.1,9.5],[-20.5,8.3],[-21.8,9.9],[-21.8,12.7]]]]}},{"type":"Feature","properties":{},"geometry":{"type":"MultiPolygon","coordinates":[[[[-21.8,12.7],[-22,12.7],[-23.6,12.9],[-24.3,13.4],[-24.4,13.6],[-27,13.7],[-26.6,13.5],[-25.4,13.8],[-24.6,13.8],[-24.3,13.7],[-22.4,13.2],[-21.4,13.5],[-20.4,13.8],[-19.4,14],[-18.8,14.2],[-19.5,13.6],[-20.5,13.3],[-21,12.8],[-20.9,12.6],[-21.5,12.7],[-21.8,12.7]]]]}},{"type":"Feature","properties":{},"geometry":{"type":"MultiPolygon","coordinates":[[[[-19.4,14],[-20.6,14.3],[-21.6,14.8],[-22.2,14.4],[-24.2,15],[-24.2,15.3],[-23.3,15.2],[-21.7,16],[-20.3,16.4],[-19.3,17.1],[-17.8,17.6],[-16.9,17.6],[-16.6,17],[-17.4,16.3],[-18.6,14.2],[-19.4,14]]]]}},{"type":"Feature","properties":{},"geometry":{"type":"MultiPolygon","coordinates":[[[[-14.9,12.8],[-14.5,13.3],[-14.2,14.1],[-13.5,14.9],[-12.6,15.3],[-11.8,16],[-11.1,16.2],[-11.4,15.9],[-12.8,15],[-13.5,14.4],[-13.9,13.9],[-14.6,12.4],[-15.6,11.2],[-16.2,10.8],[-17.7,9.8],[-18.8,9.6],[-17,11.2],[-15.8,11.8],[-15.8,12.1],[-15.8,12.2],[-14.9,12.8]]]]}},{"type":"Feature","properties":{},"geometry":{"type":"MultiPolygon","coordinates":[[[[-5.1,16.6],[-4.4,17.6],[-5,18.7],[-6.4,20.8],[-7.6,22.1],[-6.4,22.2],[-4.7,21],[-3.8,19.6],[-2.4,18.7],[-3.1,16.7],[-4.4,16.3],[-5.1,16.6]]]]}},{"type":"Feature","properties":{},"geometry":{"type":"MultiPolygon","coordinates":[[[[-11.3,17.8],[-8.4,18],[-7.2,17.5],[-7.9,16.6],[-8.5,16.6],[-9.7,16.6],[-10.7,17.4],[-11.9,17.1],[-11.3,17.8]]]]}},{"type":"Feature","properties":{},"geometry":{"type":"MultiPolygon","coordinates":[[[[-11.9,17.1],[-10.7,17.4],[-9.7,16.6],[-8.5,16.6],[-8.1,16.1],[-9.4,15.8],[-10.4,16.2],[-11.9,16.4],[-12.8,16.5],[-11.9,17.1]]]]}},{"type":"Feature","properties":{},"geometry":{"type":"MultiPolygon","coordinates":[[[[-7.9,17.8],[-8.5,19.2],[-6.3,18.7],[-4.9,18.2],[-4.5,17],[-6,17],[-7.4,17.6],[-7.9,17.8]]]]}},{"type":"Feature","properties":{},"geometry":{"type":"MultiPolygon","coordinates":[[[[-8.8,14.4],[-9.7,15.8],[-8.3,15.7],[-7.9,16.8],[-7,17.4],[-5.1,16.6],[-3.8,16],[-4.4,15.2],[-6.1,15.7],[-7.7,14.3],[-8.8,14.4]]]]}},{"type":"Feature","properties":{},"geometry":{"type":"MultiPolygon","coordinates":[[[[-16.5,17.2],[-15.3,18.3],[-12.8,18.9],[-10,19.8],[-8.3,19],[-8.4,18],[-11.3,17.8],[-14.5,17.4],[-17.1,16.5],[-16.5,17.2]]]]}},{"type":"Feature","properties":{},"geometry":{"type":"MultiPolygon","coordinates":[[[[-23.5,20.9],[-19.3,21.6],[-16.3,21.5],[-18.1,20.8],[-20.4,20.3],[-22.7,20],[-24.1,20.1],[-23.5,20.9]]]]}},{"type":"Feature","properties":{},"geometry":{"type":"MultiPolygon","coordinates":[[[[-24.2,22.6],[-20.6,22.9],[-18.7,22.9],[-17.3,22.8],[-14.5,22.4],[-12.2,21.2],[-13.3,21.1],[-16.3,21.5],[-19.3,21.6],[-23.5,20.9],[-24.2,22.6]]]]}},{"type":"Feature","properties":{},"geometry":{"type":"MultiPolygon","coordinates":[[[[-31.2,17.1],[-32.9,17.3],[-34.7,18.2],[-30.3,19.1],[-27.9,21.2],[-25.2,22.4],[-23.9,22.1],[-23.9,19.9],[-24,18.9],[-24.3,18.4],[-25.6,17.8],[-26.8,17.3],[-27.7,17],[-29,17],[-30.1,16.8],[-31.2,17.1]]]]}},{"type":"Feature","properties":{},"geometry":{"type":"MultiPolygon","coordinates":[[[[-11.9,15.9],[-13,15.1],[-12.6,15.4],[-11.9,15.9]]]]}},{"type":"Feature","properties":{},"geometry":{"type":"MultiPolygon","coordinates":[[[[-12.4,16.3],[-12.2,16],[-12.9,15.9],[-12.4,16.3]]]]}},{"type":"Feature","properties":{},"geometry":{"type":"MultiPolygon","coordinates":[[[[-19.2,12.7],[-17.9,13.9],[-17,13.1],[-15.3,14],[-14.7,14.2],[-15.2,13.2],[-14.9,13.1],[-14.4,13.8],[-14.1,14.3],[-14.4,13.5],[-14.8,12.9],[-17.1,11.6],[-18.9,12.1],[-19.2,12.7]]]]}},{"type":"Feature","properties":{},"geometry":{"type":"MultiPolygon","coordinates":[[[[-18.1,14.3],[-15.9,15.4],[-13,16.4],[-12,16.4],[-12.9,15.9],[-13.3,15.8],[-13.9,15.4],[-14.2,15.1],[-14.5,14.8],[-15,14.1],[-16.6,13.2],[-17.8,13.7],[-18.1,14.3]]]]}},{"type":"Feature","properties":{},"geometry":{"type":"MultiPolygon","coordinates":[[[[-18.6,14.2],[-17.4,16.3],[-15.9,16.9],[-12.8,17.5],[-11.8,17.4],[-12.8,16.5],[-15.2,15.7],[-17.7,14.4],[-18.6,14.2]]]]}},{"type":"Feature","properties":{},"geometry":{"type":"MultiPolygon","coordinates":[[[[-6.1,12.5],[-4.7,13.4],[-2.7,13.3],[-1.7,13.9],[-0.6,13.4],[-0.5,13.2],[-0.4,12.6],[-0.4,12.1],[-0.7,11.8],[-1.7,11.8],[-2.6,11.9],[-3.2,12],[-4.2,11.9],[-4.8,12],[-5.5,12.3],[-6.1,12.5]]]]}},{"type":"Feature","properties":{},"geometry":{"type":"MultiPolygon","coordinates":[[[[-19.2,12.7],[-18.2,11.5],[-15.1,12.7],[-15.5,12.4],[-15.9,12],[-15.8,12],[-16.6,11.5],[-19,9.6],[-19.5,9.3],[-19.8,9.7],[-19.9,10.1],[-19.7,11.8],[-19.2,12.7]]]]}},{"type":"Feature","properties":{},"geometry":{"type":"MultiPolygon","coordinates":[[[[-2.7,7],[-1.8,7.4],[1.1,7.7],[2,7.5],[1.5,7.1],[0.7,6.5],[-1.1,6.1],[-2.1,6.4],[-2.7,7]]]]}},{"type":"Feature","properties":{},"geometry":{"type":"MultiPolygon","coordinates":[[[[-0.2,10.8],[0.2,12],[0.1,12.7],[-0.2,13.1],[-0.6,14],[0.2,14.3],[2.3,11.6],[2.4,8.4],[1.2,7.7],[0.7,7.8],[0.1,8.2],[-0.6,8.6],[-1,9],[-1,9.4],[-0.5,10.4],[-0.2,10.8]]]]}},{"type":"Feature","properties":{},"geometry":{"type":"MultiPolygon","coordinates":[[[[-2.6,11.9],[-2.1,11.8],[-1.2,11.7],[-0.5,11.9],[-0.4,12.2],[-0.4,13],[-0.5,13.3],[-0.1,13],[0.2,12.3],[0,11.3],[-0.5,10.9],[-2.5,10.6],[-2.9,10.4],[-3,11.2],[-2.6,11.9]]]]}},{"type":"Feature","properties":{},"geometry":{"type":"MultiPolygon","coordinates":[[[[-3.1,8.1],[-3.8,8.8],[-3.7,9.7],[-3.7,9.9],[-3.7,10.1],[-3.9,11.2],[-3,12],[-3,11.2],[-2.9,10.4],[-2.9,9.7],[-2.9,9.1],[-3,8.9],[-3.1,8.1]]]]}},{"type":"Feature","properties":{},"geometry":{"type":"MultiPolygon","coordinates":[[[[-6.9,12.5],[-5.5,12.3],[-4.8,12],[-4.4,11.9],[-3.9,11.9],[-3.7,10.3],[-3.7,10],[-3.7,9.7],[-3.8,9.2],[-4.3,9.4],[-5.1,10.3],[-5.4,10.8],[-6.7,12.4],[-6.9,12.5]]]]}},{"type":"Feature","properties":{},"geometry":{"type":"MultiPolygon","coordinates":[[[[-3.1,8.1],[-3,8.9],[-2.9,9.1],[-2.9,9.7],[-2.5,10.6],[-0.5,10.9],[-0.8,9.9],[-1,9.2],[-0.8,8.8],[-0.5,8.5],[0.5,8.1],[0.8,7.7],[-2,7.3],[-2.7,7.2],[-3,7.9],[-3.1,8.1]]]]}},{"type":"Feature","properties":{},"geometry":{"type":"MultiPolygon","coordinates":[[[[-8.6,13.8],[-8.7,14.2],[-7.7,14.3],[-6.7,15.3],[-5.1,15.3],[-3.4,15.6],[-3.1,16.7],[-2.4,18.7],[-3.8,19.6],[-4.1,20.5],[-3.1,19.6],[-2.3,18.9],[-1.9,17.9],[-1.4,16.9],[-1.3,16.1],[-1.7,13.9],[-2.7,13.3],[-4.7,13.4],[-6.1,12.5],[-7.6,13.4],[-8.6,13.8]]]]}},{"type":"Feature","properties":{},"geometry":{"type":"MultiPolygon","coordinates":[[[[96.4,-25.7],[97.3,-25.8],[98,-24.8],[100.7,-23.3],[103.4,-22],[104.5,-19.4],[105.2,-14.7],[105.8,-11.9],[105.8,-10.5],[105.4,-9.6],[107.6,-8.4],[107.7,-8.8],[106.7,-9.3],[107.5,-11],[107.9,-12.8],[107.7,-16.1],[106.7,-18.9],[105.7,-20.5],[104.9,-21.7],[104,-23.2],[102.3,-24.4],[100.7,-25.1],[96.7,-27.2],[96.9,-27.8],[96.5,-29],[96.3,-28.6],[96,-27.5],[96,-27.1],[96.4,-27.1],[96.5,-26.6],[96.3,-25.7],[96.4,-25.7]]]]}},{"type":"Feature","properties":{},"geometry":{"type":"MultiPolygon","coordinates":[[[[91.1,-0.2],[92.3,-1.6],[92.7,-2.5],[93,-3.3],[94,-4.5],[94.8,-6.2],[95.3,-7.2],[95.9,-8.4],[96.7,-9.8],[96.8,-11.1],[96.9,-12.3],[96.3,-11.9],[95.7,-10.4],[94.9,-9.6],[93.9,-7.5],[93,-5],[91.6,-2],[91.1,-0.2]]]]}},{"type":"Feature","properties":{},"geometry":{"type":"MultiPolygon","coordinates":[[[[96.8,-12.7],[96.9,-11.7],[96.8,-10.4],[96.3,-9],[95.7,-7.9],[94.9,-6.8],[94.8,-5.7],[93.5,-3.9],[92.8,-2.9],[92.5,-2.2],[91.9,-0.8],[92.4,-0.4],[93.1,-1.8],[95.1,-4.7],[97.3,-9],[97.9,-10.8],[96.8,-12.7]]]]}},{"type":"Feature","properties":{},"geometry":{"type":"MultiPolygon","coordinates":[[[[-8,11.2],[-7.3,11.4],[-6.7,9.8],[-8.8,9.7],[-8,11.2]]]]}},{"type":"Feature","properties":{},"geometry":{"type":"MultiPolygon","coordinates":[[[[-6.5,8.3],[-6.9,4.1],[-7.4,4.5],[-6.8,6.5],[-7.1,7.6],[-6.5,8.3]]]]}},{"type":"Feature","properties":{},"geometry":{"type":"MultiPolygon","coordinates":[[[[-8.7,9.2],[-6.7,9.3],[-7.1,7.6],[-6.8,6.5],[-7.4,4.5],[-7,3.4],[-8.1,4.7],[-8.4,6.3],[-9,7.6],[-8.7,9.2]]]]}},{"type":"Feature","properties":{},"geometry":{"type":"MultiPolygon","coordinates":[[[[-11.1,16],[-11.1,16.2],[-10.2,16.1],[-9,14.7],[-8.7,13.9],[-7.4,11.9],[-8.1,11.2],[-8.7,12.5],[-8.9,13.3],[-9.6,14.6],[-10.3,15.6],[-11.1,16]]]]}},{"type":"Feature","properties":{},"geometry":{"type":"MultiPolygon","coordinates":[[[[-9.1,9.3],[-9,7.6],[-8.4,6.3],[-8.1,4.7],[-9.3,4.7],[-9.5,7.4],[-9.1,9.3]]]]}},{"type":"Feature","properties":{},"geometry":{"type":"MultiPolygon","coordinates":[[[[-19.6,-5.4],[-19,-5.7],[-18.3,-6],[-17.9,-5.9],[-17.6,-6.2],[-17.6,-5.9],[-17.2,-5.9],[-16.4,-5.9],[-15.5,-5.8],[-14.4,-5.5],[-13.4,-6],[-12.8,-6.1],[-12,-6.3],[-11.2,-6.5],[-10.8,-6.1],[-10.6,-5.5],[-10.8,-6.3],[-10.6,-6.9],[-11,-7.5],[-11.2,-7.7],[-12.5,-7.1],[-13,-7.1],[-13.5,-7],[-15.4,-6.9],[-17.5,-7.2],[-18.5,-7.9],[-18.8,-7.9],[-18.6,-7.4],[-19.2,-7.4],[-19.7,-7.4],[-19.8,-7.2],[-20,-6.9],[-19.9,-6.6],[-20,-6.8],[-20.2,-6.3],[-20,-6.3],[-20,-6.2],[-19.8,-5.5],[-19.6,-5.4]]]]}},{"type":"Feature","properties":{},"geometry":{"type":"MultiPolygon","coordinates":[[[[-13.1,14.8],[-12.1,15.5],[-11.1,16],[-10.4,15.7],[-9.6,14.7],[-9.2,13.7],[-8.7,12.6],[-8.4,11.3],[-8.1,10.7],[-9.4,8.6],[-9.5,5.1],[-7.4,3.6],[-7.3,2.4],[-7.9,1.3],[-8.7,0.3],[-9,-0.2],[-9,-0.9],[-9.3,-1.8],[-9.6,-2.1],[-9.6,-2.4],[-9.9,-3],[-10.4,-3.3],[-11.6,-3.5],[-14.2,-2.6],[-15.6,-1.5],[-14.8,1.7],[-14.7,5],[-14.4,7.5],[-13.6,11.3],[-13.1,14.6],[-13.1,14.8]]]]}},{"type":"Feature","properties":{},"geometry":{"type":"MultiPolygon","coordinates":[[[[-9.8,-4.1],[-10.1,-4],[-10.3,-3.4],[-9.8,-2.8],[-9.6,-2.2],[-9.4,-2],[-9.3,-1.7],[-9,-0.7],[-8.9,0],[-8.5,0.5],[-7.7,1.5],[-7.3,2.7],[-6.9,4.1],[-6.5,8.3],[-6.7,9.8],[-7,12.3],[-8.6,13.8],[-7.4,13.2],[-6.7,12.4],[-5.4,10.8],[-5.1,10.3],[-4.3,9.4],[-3.3,8.3],[-2.9,7.8],[-2.7,7],[-2.1,6.4],[-2.5,2.7],[-5.2,-2.9],[-7.2,-5.2],[-7.2,-4.6],[-6.8,-4.1],[-6.9,-3.5],[-6.9,-3.7],[-6.7,-4],[-7.3,-4.5],[-7,-5.6],[-9.6,-5.9],[-9.8,-5.2],[-9.9,-5.2],[-9.9,-4.8],[-9.6,-4.8],[-9.7,-4.2],[-9.8,-4.1]]]]}},{"type":"Feature","properties":{},"geometry":{"type":"MultiPolygon","coordinates":[[[[118.1,8.3],[118.4,8.1],[119.1,7.8],[123.4,5.3],[127.4,0.2],[131,-6],[135.1,-12.7],[133.6,-15.1],[130.5,-13.2],[128.1,-11],[127.3,-11.1],[125.2,-8.7],[122.6,-5.2],[118,0.3],[115.7,3.2],[115.2,3.6],[115.3,4.4],[115.5,5.2],[116,5.2],[115.8,5.8],[116.4,6],[116.8,6.5],[117.2,7.1],[117.3,7.3],[117.6,7.7],[118.1,8.3]]]]}},{"type":"Feature","properties":{},"geometry":{"type":"MultiPolygon","coordinates":[[[[138.2,-24],[137.8,-22.9],[136.9,-22.3],[135.3,-21.9],[134.1,-21.2],[137.4,-20],[137.8,-19.6],[137.8,-18],[138.8,-16.3],[141.1,-16.9],[141.6,-21],[139.1,-24.2],[138.6,-24.4],[138.2,-24]]]]}},{"type":"Feature","properties":{},"geometry":{"type":"MultiPolygon","coordinates":[[[[130.9,-20.2],[131.4,-18.9],[131.5,-18.6],[131.4,-14.7],[135.2,-14.6],[138.4,-13.8],[140.7,-14.8],[140.7,-15.3],[140.8,-16.2],[140.1,-16.8],[138.1,-17.5],[137.8,-19.5],[137.5,-19.9],[134.5,-20.4],[130.9,-20.2]]]]}},{"type":"Feature","properties":{},"geometry":{"type":"MultiPolygon","coordinates":[[[[141.1,-16.9],[140.7,-15.7],[140.7,-14.8],[141,-14.6],[142.4,-18.2],[141.1,-16.9]]]]}},{"type":"Feature","properties":{},"geometry":{"type":"MultiPolygon","coordinates":[[[[142.5,-18.1],[143.6,-12.1],[146.2,-14.5],[146.8,-15.3],[146.5,-15.6],[146.4,-15.8],[146.6,-15.8],[146.7,-15.9],[146.7,-16.2],[146.9,-16.6],[146.2,-16.3],[142.5,-18.1]]]]}},{"type":"Feature","properties":{},"geometry":{"type":"MultiPolygon","coordinates":[[[[146.9,-15.1],[144.3,-12],[145.9,-11.5],[147.2,-11.1],[147.5,-11.7],[147.6,-12.1],[147.6,-12.6],[147.6,-13.1],[147.6,-13.5],[147.5,-13.9],[147.5,-14],[147.5,-14.2],[147.2,-14.6],[147.1,-14.9],[146.9,-15.1]]]]}},{"type":"Feature","properties":{},"geometry":{"type":"MultiPolygon","coordinates":[[[[115.8,3],[120.3,-2.5],[124.8,-8],[120.5,-8.7],[115.5,-10.7],[114.7,-11],[114.6,-10.5],[114.5,-9.9],[114.2,-9.3],[114.2,-8.7],[114.5,-8.5],[114.2,-8.3],[113.9,-7.9],[113.5,-7.7],[113.4,-6.7],[113.5,-6],[113.9,-5],[114.1,-4.7],[114,-4],[113.6,-4],[113.8,-2.4],[114.1,-1.9],[114.9,-2.8],[114.7,-2.1],[114.5,-1.5],[114.7,-1.1],[114.8,-0.6],[114.9,-0.8],[114.8,0.6],[114.9,1.4],[114.6,2.1],[114.7,2.3],[115.1,2.4],[115.6,2.3],[115.7,2.7],[115.8,3]]]]}},{"type":"Feature","properties":{},"geometry":{"type":"MultiPolygon","coordinates":[[[[115.7,3.2],[115.4,3.4],[115.5,3.4],[115.7,3.2]]]]}},{"type":"Feature","properties":{},"geometry":{"type":"MultiPolygon","coordinates":[[[[136.2,-1.5],[137.3,-5],[131,-3],[126.6,1.5],[125,5.3],[131,2.4],[136.2,-1.5]]]]}},{"type":"Feature","properties":{},"geometry":{"type":"MultiPolygon","coordinates":[[[[137.9,-6],[136.3,-1],[137.6,-1.5],[139.1,-2.2],[140.4,-3.2],[141.4,-4.3],[142.3,-5.8],[143.1,-6.7],[142.3,-7.5],[137.9,-6]]]]}},{"type":"Feature","properties":{},"geometry":{"type":"MultiPolygon","coordinates":[[[[136.2,-14.3],[131.8,-7.8],[131,-3],[137.3,-5],[139.8,-11.1],[140.7,-14.7],[137.9,-14],[136.2,-14.3]]]]}},{"type":"Feature","properties":{},"geometry":{"type":"MultiPolygon","coordinates":[[[[137.9,-6],[143.6,-8.2],[144.3,-12],[145,-11.5],[142.4,-13.3],[139.1,-9.4],[137.9,-6]]]]}},{"type":"Feature","properties":{},"geometry":{"type":"MultiPolygon","coordinates":[[[[131.2,-24.1],[131.1,-24],[131.1,-23.9],[131,-24],[130.8,-23.9],[130.5,-23.7],[130.6,-23.5],[130.5,-23.4],[129.8,-24.1],[132.5,-20.7],[134,-21.6],[133.1,-23.9],[132.3,-24.7],[132.3,-24.9],[132.1,-25],[132.1,-25.2],[131.6,-25.1],[131.9,-24.7],[131.6,-24.2],[131.3,-24],[131.2,-24.1]]]]}},{"type":"Feature","properties":{},"geometry":{"type":"MultiPolygon","coordinates":[[[[124.1,-16.2],[124.7,-15.7],[123.9,-16],[124.7,-14.7],[125.5,-15.6],[125.9,-17.1],[124.1,-16.2]]]]}},{"type":"Feature","properties":{},"geometry":{"type":"MultiPolygon","coordinates":[[[[123.9,-15.3],[121.4,-10.8],[123.1,-8.2],[125.2,-8.7],[127.3,-11.1],[128.1,-11],[130.5,-13.2],[131.6,-16.7],[131.4,-18.9],[127.1,-18.5],[126.3,-16.6],[125.3,-15.3],[124.3,-14.9],[123.9,-15.3]]]]}},{"type":"Feature","properties":{},"geometry":{"type":"MultiPolygon","coordinates":[[[[124.1,-16.2],[129,-19.4],[129.2,-24.1],[128.3,-24.6],[127.5,-24.5],[127.2,-24.6],[126.7,-24.4],[126.6,-24.5],[126.3,-24.6],[126.3,-24.3],[126.3,-24.1],[126.2,-23.7],[125.5,-24.1],[125.4,-24.3],[125.5,-24.6],[125.1,-24.2],[124.9,-24],[124.8,-24.2],[124.6,-24.6],[123.5,-24.6],[122.3,-23.6],[122.2,-22.9],[122.6,-23.1],[122.6,-22.9],[122.7,-22.9],[123.1,-22.7],[122.8,-22.6],[122.4,-22.5],[122.3,-22.1],[122.3,-22],[122.3,-21.5],[121.7,-21],[120.8,-20],[119.9,-18.6],[120.1,-17.9],[120.7,-17.9],[120.9,-17.6],[121.2,-17.8],[121.4,-17.5],[121.8,-17.5],[122,-17.7],[122.2,-17.5],[122.2,-17.2],[122.5,-16.7],[123.2,-16.7],[123.7,-16.5],[124.1,-16.2]]]]}},{"type":"Feature","properties":{},"geometry":{"type":"MultiPolygon","coordinates":[[[[114.8,-11.5],[119.2,-9.1],[121.9,-12.1],[123.9,-15.9],[123.6,-15.7],[123,-15.7],[122.6,-15.8],[122.2,-15.9],[121.7,-16.2],[121.1,-16.3],[120.6,-16.1],[120.3,-15.8],[120.2,-15.7],[119.7,-15.6],[119.5,-15.4],[119,-15.3],[118.6,-15.3],[117.1,-14.4],[116.8,-14],[116.1,-13.7],[115.3,-12.7],[115.2,-12.1],[114.8,-11.5]]]]}},{"type":"Feature","properties":{},"geometry":{"type":"MultiPolygon","coordinates":[[[[145.9,-11.5],[146.5,-10.9],[146.2,-11.3],[145.9,-11.5]]]]}},{"type":"Feature","properties":{},"geometry":{"type":"MultiPolygon","coordinates":[[[[145.1,-11.9],[145.7,-11.5],[145.9,-11.5],[145.1,-11.9]]]]}},{"type":"Feature","properties":{},"geometry":{"type":"MultiPolygon","coordinates":[[[[143.6,-8.2],[144.2,-7.6],[144.7,-8.2],[144.8,-8.5],[145,-9.1],[145,-9.6],[145,-10.2],[144.8,-10.6],[145,-10.7],[144.9,-11.1],[143.6,-8.2]]]]}},{"type":"Feature","properties":{},"geometry":{"type":"MultiPolygon","coordinates":[[[[145.2,-10.9],[145.4,-11],[145.2,-11],[145.2,-10.9]]]]}},{"type":"Feature","properties":{},"geometry":{"type":"MultiPolygon","coordinates":[[[[34,-2.7],[33.3,-1],[32.5,1.4],[31.7,3.1],[31.1,4.4],[31,7.3],[32.5,6.1],[34,2.7],[35.3,-0.9],[36,-4.3],[34,-2.7]]]]}},{"type":"Feature","properties":{},"geometry":{"type":"MultiPolygon","coordinates":[[[[34,-2.7],[33.3,-1],[32.5,1.4],[31.7,3.1],[31.1,4.4],[31,7.3],[32.5,6.1],[34,2.7],[35.3,-0.9],[36,-4.3],[34,-2.7]]]]}}]}