{"type":"FeatureCollection","features":[{"type":"Feature","properties":{},"geometry":{"type":"MultiPolygon","coordinates":[[[[135.9,35],[133.9,34.4],[132.5,34.6],[130.7,34.2],[129.1,33.2],[126.8,28.5],[123.9,29.4],[122,30.5],[124,31.3],[126.3,34.3],[130,35.2],[131.7,35.8],[132.8,36.1],[135.9,35]]]]}},{"type":"Feature","properties":{},"geometry":{"type":"MultiPolygon","coordinates":[[[[142.6,31.4],[141.8,31.1],[141.2,32.6],[139.8,32.4],[138.4,32.1],[136.5,32.4],[135.4,32.2],[135.2,32.2],[135.4,32.2],[136,32.6],[137.4,33.2],[141.4,33.2],[142.6,31.4]]]]}},{"type":"Feature","properties":{},"geometry":{"type":"MultiPolygon","coordinates":[[[[135.5,31.7],[135.4,31.7],[134.8,31.6],[135.2,31.8],[135.7,32],[135.5,31.7]]]]}},{"type":"Feature","properties":{},"geometry":{"type":"MultiPolygon","coordinates":[[[[134.7,30.3],[131.4,29.1],[132.4,30.2],[133.2,30.6],[133.6,30.8],[134.3,30.8],[134.6,30.4],[134.7,30.3]]]]}},{"type":"Feature","properties":{},"geometry":{"type":"MultiPolygon","coordinates":[[[[143.9,32.6],[143.5,32.4],[143.1,32],[142,32.7],[138.4,33],[136.5,33.2],[136.4,33.6],[135.5,33.6],[135,33.3],[133.9,33],[133.2,32.6],[132.4,32.9],[131.7,32.5],[132.3,31.7],[132.7,31.5],[132.4,30.9],[132,29.6],[131.3,29],[129.9,27],[129.1,26],[128.5,25.8],[127.5,26.5],[126.7,26.8],[127.4,29.9],[129.5,33.4],[131.2,34.4],[132.8,34.5],[134.3,34.6],[136.2,35],[138.5,34.7],[140,34.4],[142,34.1],[142.7,33.7],[143.6,32.9],[143.9,32.6]]]]}},{"type":"Feature","properties":{},"geometry":{"type":"MultiPolygon","coordinates":[[[[71.3,53.4],[73.7,55.9],[76.1,58.1],[78,59],[80.6,58],[80,54.7],[78.1,52],[77.6,50.9],[76.9,47.9],[76.5,45.5],[76.4,46.4],[74.8,48.6],[71.9,46.8],[70.1,45.8],[68.4,44.3],[68.7,46.1],[68.9,47.3],[69.2,49.5],[69.8,51.6],[71.3,53.4]]]]}},{"type":"Feature","properties":{},"geometry":{"type":"MultiPolygon","coordinates":[[[[130.6,35.4],[127,35.3],[123,35.5],[119.7,34.5],[118.1,35.8],[123.9,36.9],[127.6,36.4],[130.6,35.4]]]]}},{"type":"Feature","properties":{},"geometry":{"type":"MultiPolygon","coordinates":[[[[83.2,56.6],[82,53.5],[79.7,52.7],[78.1,52],[80,54.7],[80.6,58],[83.2,56.6]]]]}},{"type":"Feature","properties":{},"geometry":{"type":"MultiPolygon","coordinates":[[[[16.6,55.3],[17.5,55.2],[18.1,55.3],[19.8,55.2],[21.5,55.2],[20.5,55.4],[19.2,55.7],[18.6,55.8],[18.8,55.6],[17.8,55.7],[17.8,56.1],[17.8,56.5],[17.6,56.8],[16.8,56.8],[14.8,58.6],[12.8,59.8],[16.1,62.7],[20,65.4],[23.3,65.9],[21.8,63.8],[21,63],[17.1,61.3],[14.2,60.2],[15.4,59.3],[17,57.7],[18.8,56.7],[21.6,55.7],[23.1,55.4],[26.3,54.9],[28.4,52.3],[30.4,51.1],[30.3,50.8],[30.6,50.4],[30.1,50],[30,49.8],[29.4,50],[28.6,49.8],[27.7,49.8],[27,49.2],[26.2,49.6],[25.3,50.2],[25,50.8],[24,51.5],[23.2,52.5],[21.5,52.8],[20.1,53.2],[19.4,53.6],[18.9,53.7],[18.4,53.7],[18.6,54],[17.7,54.2],[17,54.8],[16.6,55.3]]]]}},{"type":"Feature","properties":{},"geometry":{"type":"MultiPolygon","coordinates":[[[[17.4,57.3],[20.1,59.1],[22,60.8],[20.7,62.2],[21.4,63.4],[23.2,60.3],[22.9,59.6],[23,59.1],[22.5,58.1],[21.8,57.2],[20,56.4],[17.4,57.3]]]]}},{"type":"Feature","properties":{},"geometry":{"type":"MultiPolygon","coordinates":[[[[32,74.1],[37.7,72.8],[37.5,72.6],[38.8,70.9],[39.9,70.5],[39.7,69.7],[31.5,67],[24.9,66.8],[27.2,69.6],[30,71.7],[30,71.8],[31.6,73.1],[32,74.1]]]]}},{"type":"Feature","properties":{},"geometry":{"type":"MultiPolygon","coordinates":[[[[21.4,63.4],[22.2,64.5],[23.3,66],[25.5,65.8],[30.8,65.3],[35,65.6],[37,65.5],[36.2,64.8],[32.5,62.9],[28.4,59.2],[25.5,57.6],[24.9,57.1],[23.3,56.2],[21.6,55.7],[21.8,57.3],[22.6,58.5],[23,59.1],[23.1,59.7],[23,61.1],[21.4,63.4]]]]}},{"type":"Feature","properties":{},"geometry":{"type":"MultiPolygon","coordinates":[[[[20.6,67.6],[29.5,66.7],[37.6,66.2],[38.9,65.7],[39.4,65.3],[37.7,65.5],[35,65.6],[33.3,65.4],[28.3,65.4],[23.7,65.9],[21.5,66.9],[20.6,67.6]]]]}},{"type":"Feature","properties":{},"geometry":{"type":"MultiPolygon","coordinates":[[[[-3,-59.9],[-5.2,-59.3],[-7.6,-59.6],[-12.5,-55.2],[-6.8,-54.7],[-2.6,-55.6],[-1.4,-57.4],[-2.5,-59.1],[-3,-59.9]]]]}},{"type":"Feature","properties":{},"geometry":{"type":"MultiPolygon","coordinates":[[[[-10,-59],[-14.5,-58.5],[-20.7,-58.2],[-25.4,-56.7],[-27.7,-55.9],[-30.2,-55],[-33.6,-53.8],[-32,-53.3],[-30.9,-52.9],[-30,-52.6],[-27.9,-52.2],[-26.3,-52.6],[-24.8,-53.4],[-23.6,-54.8],[-22,-56.9],[-18.6,-56.6],[-15.3,-56.1],[-10,-59]]]]}},{"type":"Feature","properties":{},"geometry":{"type":"MultiPolygon","coordinates":[[[[28.3,-42.4],[25,-46.7],[25.7,-43.4],[26,-42.3],[27.7,-42.1],[28.3,-42.4]]]]}},{"type":"Feature","properties":{},"geometry":{"type":"MultiPolygon","coordinates":[[[[25.1,-47.2],[28.3,-42.4],[29.3,-42.2],[29.8,-44.4],[30.1,-45.3],[25.5,-47.3],[25.1,-47.2]]]]}},{"type":"Feature","properties":{},"geometry":{"type":"MultiPolygon","coordinates":[[[[28.6,-40.8],[27.7,-42.1],[26,-42.3],[25.7,-43.4],[25,-46.7],[22.5,-48.2],[20.8,-46.8],[20.1,-45.2],[22,-40.8],[24.6,-39.5],[28.1,-41],[28.6,-40.8]]]]}},{"type":"Feature","properties":{},"geometry":{"type":"MultiPolygon","coordinates":[[[[22,-40.8],[18.1,-40.6],[15.4,-38.3],[11.9,-37],[6.6,-35.7],[3.9,-34.2],[2.3,-31.7],[3.7,-32.4],[8.8,-35.2],[13.8,-36.6],[19.7,-40.1],[22,-40.8]]]]}},{"type":"Feature","properties":{},"geometry":{"type":"MultiPolygon","coordinates":[[[[11,-22.4],[11.7,-18.1],[14.2,-16.9],[17.4,-18.6],[17.7,-20.9],[16.1,-22.4],[14,-23.3],[12.6,-24.4],[10.8,-23.9],[11,-22.4]]]]}},{"type":"Feature","properties":{},"geometry":{"type":"MultiPolygon","coordinates":[[[[11.4,-20.4],[10.7,-24.1],[10.1,-28.6],[8.1,-30.2],[7.6,-29.9],[7.4,-29.3],[7.3,-30.3],[7.2,-30.5],[5.3,-31.5],[3.6,-30],[5.9,-24.3],[6.7,-24.2],[7.6,-23.2],[8.2,-21.2],[8.4,-21.5],[8.8,-21.2],[9.4,-20.5],[9.3,-20],[9.8,-19.6],[10.1,-19],[10.7,-18],[11.6,-18.6],[11.4,-20.4]]]]}},{"type":"Feature","properties":{},"geometry":{"type":"MultiPolygon","coordinates":[[[[8.4,-15.3],[7.1,-16.3],[6.3,-17],[4.5,-18.4],[3.3,-18.8],[4.6,-17.5],[5.6,-16.9],[6.7,-16.1],[7.5,-15.4],[9,-14.7],[8.4,-15.3]]]]}},{"type":"Feature","properties":{},"geometry":{"type":"MultiPolygon","coordinates":[[[[16.6,-11.5],[13.9,-14.8],[11.1,-17.5],[10.5,-17.5],[10.4,-17.3],[9.9,-16.6],[9.7,-16.1],[9,-15.1],[8.3,-15.2],[7.3,-15.1],[7.5,-14.5],[6.5,-14.7],[5.8,-15.4],[5.8,-14.8],[5.4,-14.7],[5.5,-14.2],[5.2,-14.5],[5,-13.3],[6.1,-9.4],[8,-6.1],[12.1,-7.4],[15.4,-7.9],[15.8,-8],[16.6,-11.5]]]]}},{"type":"Feature","properties":{},"geometry":{"type":"MultiPolygon","coordinates":[[[[-7.3,-36.6],[-10,-38.1],[-10.1,-38.5],[-10.3,-38.7],[-12.8,-39],[-17.1,-41.2],[-20.9,-44],[-21.5,-41.9],[-20.8,-39.4],[-15,-37.1],[-12.3,-34.6],[-10,-33.3],[-8.7,-34.9],[-7.3,-36.6]]]]}},{"type":"Feature","properties":{},"geometry":{"type":"MultiPolygon","coordinates":[[[[-16.3,-24.2],[-19.9,-26.8],[-22,-22.5],[-24.5,-18.8],[-26.9,-17.3],[-28,-16.2],[-25.1,-15.9],[-27.3,-13.3],[-30.9,-12.3],[-31.1,-9.8],[-29.2,-9.9],[-26.9,-9.9],[-25,-10.1],[-25.1,-10.2],[-25.1,-10.4],[-24.6,-10.7],[-24.2,-11.2],[-23.5,-12.8],[-23.9,-13.3],[-23.4,-13],[-23.2,-13.1],[-23,-13.9],[-22.6,-14.2],[-21.5,-14.8],[-21.5,-14.7],[-20.7,-15.1],[-20.6,-15.1],[-19.6,-15.5],[-19.5,-15.5],[-18.5,-16.5],[-18.4,-16.9],[-18.2,-16.9],[-18.1,-17.2],[-17.8,-17.5],[-17.7,-17.9],[-17.6,-18.6],[-17.6,-19.5],[-17.7,-20],[-16.9,-20.7],[-17.1,-21.2],[-17.6,-21.4],[-18.3,-21.8],[-18.9,-22],[-20,-22.7],[-20.9,-22.9],[-19.3,-23],[-18.8,-23],[-18.9,-23.6],[-18.7,-24],[-18.2,-24],[-17.9,-24.2],[-17.4,-24.1],[-17.9,-24.6],[-17.9,-24.8],[-17.4,-24.3],[-16.6,-24.1],[-16.3,-24.2]]]]}},{"type":"Feature","properties":{},"geometry":{"type":"MultiPolygon","coordinates":[[[[-17.3,-22.6],[-16.6,-22.8],[-16.3,-23.4],[-16.7,-23.8],[-16.9,-23.8],[-16.9,-23.9],[-17.2,-24],[-17.4,-23.9],[-17.6,-23.8],[-17.9,-24],[-18.8,-23.8],[-18.6,-23.2],[-18.7,-22.8],[-18.4,-22.8],[-18.4,-22.6],[-18.4,-22.3],[-18,-22.2],[-17.3,-22.6]]]]}},{"type":"Feature","properties":{},"geometry":{"type":"MultiPolygon","coordinates":[[[[-19,-22.5],[-20.1,-23],[-19.7,-22.7],[-19.2,-22.4],[-19,-22.5]]]]}},{"type":"Feature","properties":{},"geometry":{"type":"MultiPolygon","coordinates":[[[[-14.4,-24.1],[-14.4,-24.2],[-13.7,-25.6],[-13,-26.8],[-13.3,-26.9],[-13.1,-26.9],[-10.7,-26.9],[-10.1,-27.2],[-9.9,-27.2],[-9.5,-28],[-10.9,-30.1],[-17.7,-32.6],[-21.8,-34.1],[-26.8,-36.9],[-30.8,-39],[-39.7,-42.8],[-40.5,-40.3],[-40.3,-36.9],[-45.1,-37.4],[-45.9,-34.7],[-41.4,-31.5],[-38.8,-34],[-34.2,-37.4],[-32.7,-34.8],[-29.9,-33.7],[-25.6,-33.9],[-22.5,-33.1],[-21.2,-31.1],[-19.6,-29],[-17.3,-26],[-16.3,-24.2],[-15.8,-23.5],[-15.7,-23.5],[-15.4,-23.5],[-15.3,-23.7],[-15.1,-23.9],[-15,-23.7],[-14.9,-23.8],[-14.9,-24],[-14.6,-23.9],[-14.5,-24.1],[-14.4,-24.1]]]]}},{"type":"Feature","properties":{},"geometry":{"type":"MultiPolygon","coordinates":[[[[-7.2,-36.6],[-7.5,-36.8],[-9.4,-38],[-9.6,-37.8],[-9.7,-38.1],[-7.3,-36.6],[-7.2,-36.6]]]]}},{"type":"Feature","properties":{},"geometry":{"type":"MultiPolygon","coordinates":[[[[-23.6,-35.5],[-24.8,-36.6],[-25.4,-39.4],[-23.4,-41.6],[-22.1,-44],[-17.8,-42.2],[-14,-39.1],[-10.3,-38.8],[-10.4,-39.1],[-10.6,-39.8],[-11.7,-41.9],[-11.9,-42.4],[-13.4,-44],[-14.3,-44.5],[-15,-44.9],[-17,-46],[-17.7,-46.4],[-19.1,-46.1],[-19.2,-46.1],[-20.3,-45.8],[-20.6,-45.7],[-21.2,-45.8],[-21.2,-46],[-21.5,-45.9],[-22,-46],[-23.3,-46],[-23.7,-45.9],[-25.5,-46.2],[-26.7,-46.6],[-26.8,-46.4],[-27,-46.5],[-27.3,-46.4],[-27.4,-46.9],[-28,-47.2],[-28.2,-47.8],[-28.4,-48.2],[-28.6,-48.5],[-29.2,-49.1],[-31.7,-47.9],[-37.1,-44.6],[-35.1,-41],[-28.4,-37.7],[-29.9,-39.5],[-31.8,-40.3],[-34.3,-41.8],[-37,-42.5],[-37.4,-44.1],[-34.2,-43.6],[-31,-43],[-27.9,-42.7],[-25.3,-42.9],[-25.6,-41],[-26.2,-39.1],[-27.5,-37.4],[-23.9,-35.3],[-23.6,-35.5]]]]}},{"type":"Feature","properties":{},"geometry":{"type":"MultiPolygon","coordinates":[[[[-41.5,-31],[-47.4,-36],[-47.8,-33.6],[-46.7,-31.5],[-46.9,-29.9],[-47.8,-28.5],[-49.4,-26.4],[-49.5,-25.8],[-49.7,-24.9],[-49.7,-24.4],[-49.4,-22.9],[-49.5,-21.9],[-49.6,-20.3],[-49.5,-19.4],[-49.4,-19.3],[-49.4,-18.4],[-49.6,-16.5],[-50,-15.3],[-49.8,-14.9],[-49.7,-14.3],[-48.4,-13.4],[-47.9,-13.4],[-47.4,-12.8],[-46.9,-12.5],[-45.3,-11.8],[-44.8,-12.3],[-46.4,-16],[-45.3,-18.9],[-45.7,-22.3],[-45.4,-24.2],[-43.6,-26.3],[-41.5,-29.3],[-41.5,-31]]]]}},{"type":"Feature","properties":{},"geometry":{"type":"MultiPolygon","coordinates":[[[[-55.6,-44.7],[-56.7,-47.4],[-57.2,-51.2],[-54.4,-50.6],[-52.1,-49.7],[-52.5,-53.7],[-52.7,-53.8],[-54.5,-52.9],[-61.4,-49],[-63.3,-47.3],[-62.6,-47.3],[-62.3,-47],[-61.4,-46.4],[-60.5,-46.1],[-59.4,-45.1],[-58.4,-44.3],[-57.6,-43.8],[-57.5,-43.2],[-56.3,-43.4],[-55.6,-44.7]]]]}},{"type":"Feature","properties":{},"geometry":{"type":"MultiPolygon","coordinates":[[[[-47.4,-36],[-48,-38.6],[-51.9,-43.5],[-50.7,-40.5],[-54,-42.9],[-55.5,-41.1],[-54.9,-40.8],[-54.5,-40.5],[-53.7,-39.6],[-52.8,-38.9],[-52,-38.3],[-51.5,-37.9],[-50.7,-37.2],[-49.5,-35.5],[-49.3,-35.1],[-48.6,-34.6],[-47.4,-36]]]]}},{"type":"Feature","properties":{},"geometry":{"type":"MultiPolygon","coordinates":[[[[-39.7,-42.8],[-34.5,-46.3],[-29.4,-49.1],[-29.6,-49.2],[-32,-50],[-35.7,-51],[-35.4,-50.9],[-34.6,-50.8],[-34,-50.6],[-33,-50.1],[-32.8,-50],[-33.4,-50],[-33.4,-49.6],[-34,-50.3],[-34.3,-50.3],[-34.8,-50.5],[-35.4,-50.7],[-35.9,-50.9],[-35.8,-51],[-36.4,-51.2],[-39.2,-52.2],[-40.4,-52.5],[-40.1,-51.5],[-38.1,-49.5],[-38.9,-48.5],[-39.6,-47.9],[-40.8,-47.1],[-42.3,-45.9],[-46.4,-44.7],[-51.2,-48],[-52.1,-47.9],[-44.9,-42.6],[-40.9,-41.9],[-39.7,-42.8]]]]}},{"type":"Feature","properties":{},"geometry":{"type":"MultiPolygon","coordinates":[[[[-41.7,-47],[-40.5,-50],[-41.9,-52.1],[-43.1,-51.6],[-43,-51.6],[-44.3,-50.4],[-43.7,-49.3],[-44.5,-49.7],[-44.7,-49.9],[-44.7,-50.2],[-45.1,-50.3],[-44.4,-51.8],[-45,-52.7],[-45,-52.9],[-50.2,-48.6],[-44.8,-44.4],[-41.7,-47]]]]}},{"type":"Feature","properties":{},"geometry":{"type":"MultiPolygon","coordinates":[[[[-20.3,21.8],[-21.6,20.8],[-23.1,19.7],[-23.5,19],[-23.7,18.6],[-24.2,18.6],[-25.2,18.8],[-25.2,20],[-26.3,20.8],[-27.5,21.4],[-27.9,21.8],[-27.4,22.9],[-25.9,23.6],[-24.7,24],[-23.9,24],[-22.7,24.1],[-22,23.9],[-20.6,23.8],[-20.4,23.2],[-20.4,22.1],[-20.3,21.8]]]]}},{"type":"Feature","properties":{},"geometry":{"type":"MultiPolygon","coordinates":[[[[-11.2,17.7],[-13.7,18.3],[-14.6,19.1],[-15.4,20.1],[-13,19.6],[-12.4,18.9],[-12.5,18.6],[-11.2,17.7]]]]}},{"type":"Feature","properties":{},"geometry":{"type":"MultiPolygon","coordinates":[[[[1.5,31.4],[2.5,31.2],[2.7,31.2],[2.9,31.1],[3.4,31.2],[3.1,31.3],[4.7,32.2],[6,32.3],[6.9,32.3],[7,32.2],[6.7,32.2],[6.6,32.2],[6.1,32.1],[5.9,32],[5.6,32.1],[5.7,32],[5.8,31.8],[5.7,31.8],[5.1,31.7],[5.5,31.6],[5.3,31.3],[5.1,31.1],[4.9,30.8],[4.2,30.5],[3.7,31.1],[3.4,30.7],[3.9,30.5],[4,30.2],[4.1,29.8],[3,29.7],[3,30.2],[2.9,30.1],[2.5,30.3],[2.3,30.6],[1.9,30.6],[1.9,30.7],[1.7,30.7],[1.5,30.9],[1.6,31.1],[1.5,31.4]]]]}},{"type":"Feature","properties":{},"geometry":{"type":"MultiPolygon","coordinates":[[[[0.2,31.6],[1.1,31.2],[1.2,30.9],[0.7,31.2],[0.7,31],[0.4,30.8],[0.9,30.8],[0.9,30.5],[0.7,30.3],[1.1,30.1],[1.2,29.8],[1.6,29.8],[2,29.8],[2.7,29.5],[2.9,29],[2.5,28.6],[2.5,28.4],[1.9,28.4],[1.6,28.6],[1.4,28.7],[1,29.1],[0.7,29],[0.5,29.2],[0.1,29.4],[0.2,29.7],[-0.3,29.8],[-0.4,30],[-0.5,30],[-0.3,30.4],[0.1,30.8],[0.3,31.6],[0.2,31.6]]]]}},{"type":"Feature","properties":{},"geometry":{"type":"MultiPolygon","coordinates":[[[[-1.7,32.1],[-0.9,31.9],[-1.2,31.7],[-1.4,31.7],[-1.4,31.6],[-1.5,31.5],[-2,31.6],[-2.1,31.7],[-2,32.1],[-1.7,32.1]]]]}},{"type":"Feature","properties":{},"geometry":{"type":"MultiPolygon","coordinates":[[[[-0.4,31.2],[-1.3,30.6],[-1.4,30.8],[-1.4,31.1],[-0.9,31.2],[-0.6,31.3],[-0.4,31.2]]]]}},{"type":"Feature","properties":{},"geometry":{"type":"MultiPolygon","coordinates":[[[[-27.1,27.1],[-27,28.4],[-26.5,28.9],[-24.9,29.1],[-24.4,29.1],[-22.7,29],[-25.7,28.2],[-27.1,27.1]]]]}},{"type":"Feature","properties":{},"geometry":{"type":"MultiPolygon","coordinates":[[[[-23.9,15.6],[-26.1,12.7],[-27.8,11.2],[-29.6,10.9],[-31.3,12],[-33.5,13],[-34.9,13.5],[-37.3,14.4],[-37.4,16.2],[-35,16],[-33.4,16.1],[-31.1,15.6],[-31,16.1],[-31.1,16.8],[-30.5,17.3],[-29.1,17.7],[-28.7,18.2],[-27.3,17.9],[-24.9,17.9],[-23.4,18.2],[-23.3,18],[-23.5,16.9],[-23.9,15.6]]]]}},{"type":"Feature","properties":{},"geometry":{"type":"MultiPolygon","coordinates":[[[[-6.5,4.5],[-6.9,4.8],[-7.5,4.4],[-7.7,4.3],[-8.5,4],[-8.8,3.5],[-9.4,3],[-9.6,2.8],[-9.7,2.8],[-9.9,2.7],[-11.6,2.9],[-10.7,2.4],[-11.7,1.1],[-12.7,0.3],[-15.5,-1.4],[-18.8,-3.3],[-21.4,-4.7],[-23.3,-4.6],[-24.5,-2.5],[-26.4,0.5],[-28.1,-0.1],[-29.8,-2.2],[-30.6,-2.5],[-31,-0.8],[-31.7,0],[-32.4,0.6],[-33.4,0.9],[-33.9,0.9],[-34.2,1.2],[-34.3,1],[-34.6,0.5],[-35.3,0.5],[-35.7,0.2],[-35.5,1.2],[-35.5,3],[-35.9,3.8],[-33.4,3.4],[-32.6,2.8],[-30.2,3.2],[-28.6,2.6],[-26,1.5],[-23.2,1.4],[-20.9,2.4],[-17.1,2.7],[-13.9,3.6],[-13.1,3.4],[-12.3,5.1],[-12,4.7],[-12,4.4],[-11.6,3.9],[-11.3,4.1],[-11.2,4.3],[-11.2,4.7],[-11.3,5],[-10.7,5.2],[-10.7,5],[-10.5,5.3],[-10,5.5],[-9.3,5.4],[-9.2,5.4],[-9,5.5],[-8.4,5.8],[-7.6,5.7],[-7.5,5.6],[-7.1,5.1],[-7,5.2],[-6.4,5],[-6.5,4.5]]]]}},{"type":"Feature","properties":{},"geometry":{"type":"MultiPolygon","coordinates":[[[[-14.8,6],[-15,4.6],[-16.3,3],[-19.3,2.4],[-23,1.5],[-24.8,1.3],[-27.4,2.5],[-27.6,4.3],[-25.7,5.2],[-24.1,5.9],[-23.3,6.2],[-22.1,6.1],[-20.2,6.5],[-16.6,6.6],[-16.1,6.6],[-16.8,5.8],[-17.6,4.4],[-17,3.7],[-16.2,4.7],[-16,5.3],[-15.3,6],[-15,6],[-14.8,6]]]]}},{"type":"Feature","properties":{},"geometry":{"type":"MultiPolygon","coordinates":[[[[-26,5.1],[-30.2,3.2],[-32.6,2.8],[-33.4,3.4],[-35.9,3.8],[-36.1,4.6],[-37.4,5.8],[-37.8,6.7],[-37.9,7.9],[-37.1,8],[-35.3,7.6],[-33.5,7.3],[-33.1,6.5],[-28.9,5.6],[-26.5,5.6],[-25.8,5.4],[-26,5.1]]]]}},{"type":"Feature","properties":{},"geometry":{"type":"MultiPolygon","coordinates":[[[[2,22.2],[2.3,21.5],[2.1,21.5],[1.8,21.6],[2,21.4],[1.8,21.2],[2,21.1],[2.1,21],[2.1,20.9],[1.6,20.5],[-0.7,20.8],[-1,20.9],[-0.8,21.3],[-1,21.2],[-0.9,21.3],[-1.1,21.1],[-1.3,21.1],[-1.1,21.3],[-1.1,21.5],[-1.3,21.6],[-1.3,21.4],[-1.5,21.3],[-1.8,21.5],[-2.2,21.6],[-2.4,21.6],[-2.7,21.7],[-2.7,21.9],[-2.7,22.3],[-2.1,22.5],[-2,22.8],[-1.4,22.2],[-1,22.2],[-0.4,22.3],[0.7,22.9],[0.9,23.4],[2,22.2]]]]}},{"type":"Feature","properties":{},"geometry":{"type":"MultiPolygon","coordinates":[[[[0,24.3],[-0.9,24.3],[-0.3,24.6],[0,24.3]]]]}},{"type":"Feature","properties":{},"geometry":{"type":"MultiPolygon","coordinates":[[[[3.8,20.7],[3.7,20.5],[3.6,20.4],[3.6,20.1],[3.5,20],[3.4,19.9],[3.4,20.1],[3.3,20.2],[3.2,20.3],[3,20.4],[3,20.5],[3.1,20.7],[2.9,20.8],[3,21],[3.8,20.7]]]]}},{"type":"Feature","properties":{},"geometry":{"type":"MultiPolygon","coordinates":[[[[4.1,20.6],[4,20.4],[4,20.6],[4.1,20.6]]]]}},{"type":"Feature","properties":{},"geometry":{"type":"MultiPolygon","coordinates":[[[[1.9,17.9],[1.9,18.2],[1.8,18.2],[1.8,18.5],[2,20.9],[2,20.6],[2,20.5],[2.2,20.4],[2.3,20.2],[2.1,20],[2.2,20.1],[2.3,20],[2.5,20.2],[2.5,20.1],[2.5,19.8],[2.6,19.8],[2.3,19.6],[2.4,19.3],[2.5,19.2],[2.4,19.1],[2.5,18.6],[2.4,18.6],[2.3,19.1],[2.2,18.8],[2.3,18.5],[2.3,18.4],[2.3,18.2],[1.9,17.9]]]]}},{"type":"Feature","properties":{},"geometry":{"type":"MultiPolygon","coordinates":[[[[2.6,20],[2.6,19.9],[2.5,19.8],[2.6,20]]]]}},{"type":"Feature","properties":{},"geometry":{"type":"MultiPolygon","coordinates":[[[[23.2,16.1],[23.4,15.7],[23.6,15.3],[23.7,15.2],[24,15.2],[24,14.9],[24,14.5],[23.7,14.2],[23.9,14],[24.1,13.9],[23.5,13.6],[23,13.9],[22.8,14.7],[22.8,15.3],[23,15.9],[23.2,16.3],[23.2,16.1]]]]}},{"type":"Feature","properties":{},"geometry":{"type":"MultiPolygon","coordinates":[[[[26.2,15.5],[25.8,15],[25.5,15.2],[26.2,15.5]]]]}},{"type":"Feature","properties":{},"geometry":{"type":"MultiPolygon","coordinates":[[[[24.9,15.4],[25.1,15.4],[25.4,15],[25.2,14.7],[25.4,14.4],[25.5,14],[25.1,14.3],[25.1,14.4],[24.6,14.5],[24.4,14.6],[24.6,15],[24.7,15],[24.8,14.8],[25,14.8],[24.7,15.1],[24.9,15.4]]]]}},{"type":"Feature","properties":{},"geometry":{"type":"MultiPolygon","coordinates":[[[[24.4,14.3],[24.3,13.8],[23.9,14],[24,14.2],[24.3,14.2],[24.4,14.3]]]]}},{"type":"Feature","properties":{},"geometry":{"type":"MultiPolygon","coordinates":[[[[25.3,13.8],[24.9,13.9],[25.2,14],[25.3,13.8]]]]}},{"type":"Feature","properties":{},"geometry":{"type":"MultiPolygon","coordinates":[[[[26.2,14.5],[26.6,14.3],[26.5,14.2],[26.3,14.2],[26.3,14.3],[26.3,14.4],[26.2,14.3],[26.2,14.5]]]]}},{"type":"Feature","properties":{},"geometry":{"type":"MultiPolygon","coordinates":[[[[-8.6,-61.1],[-12.1,-60.7],[-13.9,-60.4],[-20.4,-59.6],[-24.4,-58.2],[-27.1,-56.6],[-30.2,-55.8],[-32,-54.9],[-33.1,-56],[-34.6,-57.7],[-35.6,-58],[-34.9,-55.1],[-34.1,-54.1],[-32.5,-54.1],[-29.6,-55.3],[-27.1,-56.1],[-24.5,-57.1],[-19.6,-58.3],[-12.7,-58.5],[-9.6,-59.2],[-8.6,-61.1]]]]}},{"type":"Feature","properties":{},"geometry":{"type":"MultiPolygon","coordinates":[[[[4.6,-64.1],[-1.5,-64.5],[-2,-65],[-2.7,-64.8],[-3.2,-64],[-4.7,-63.3],[-6.5,-61.8],[-7.1,-61.4],[-9.3,-59.4],[-7.2,-59.8],[-4.7,-60.9],[-0.2,-61.5],[5.8,-62.5],[4.7,-63.7],[4.2,-64.2],[4.6,-64.1]]]]}},{"type":"Feature","properties":{},"geometry":{"type":"MultiPolygon","coordinates":[[[[32.7,-25.2],[33.1,-26.5],[33.1,-27],[33,-27.7],[33.8,-30.8],[33.4,-31.1],[34,-32.5],[34,-32.9],[32,-33.4],[32,-31.9],[30.9,-29.9],[32.1,-24.9],[32.7,-25.2]]]]}},{"type":"Feature","properties":{},"geometry":{"type":"MultiPolygon","coordinates":[[[[37,-31.1],[37.5,-33.4],[37.4,-34.2],[35.3,-34.8],[34.3,-34.9],[34.5,-34.8],[34.8,-34.3],[34.8,-34],[34.4,-32.6],[34.3,-32.2],[35.2,-31.6],[35,-30.7],[36.5,-31],[37,-31.1]]]]}},{"type":"Feature","properties":{},"geometry":{"type":"MultiPolygon","coordinates":[[[[33.6,-17.5],[33.4,-17.5],[33.1,-17],[33.6,-17.5]]]]}},{"type":"Feature","properties":{},"geometry":{"type":"MultiPolygon","coordinates":[[[[33,-23.7],[33.1,-23.4],[33.3,-22.9],[33,-23.6],[33,-23.7]]]]}},{"type":"Feature","properties":{},"geometry":{"type":"MultiPolygon","coordinates":[[[[34.4,-23.3],[33.7,-23.2],[33.9,-23.1],[34.2,-23.3],[34.4,-23.3]]]]}},{"type":"Feature","properties":{},"geometry":{"type":"MultiPolygon","coordinates":[[[[33,-23.8],[32.9,-24.2],[32.7,-25.1],[29.9,-23.8],[26.5,-22.7],[22.5,-20.3],[20.6,-17.4],[16.8,-15.6],[12.8,-16.4],[15.6,-13.1],[17.4,-12],[17.7,-12.3],[17.8,-12.7],[19.1,-14.2],[20,-15.6],[20.5,-17],[22.3,-19],[23.4,-17.8],[24.9,-17.7],[26.2,-18.5],[26.2,-18.9],[27.3,-20.3],[29,-21.2],[29.4,-21.6],[31.3,-22.1],[31.7,-22.1],[31.8,-22.2],[32.2,-22.2],[32.7,-22.5],[32.9,-22.8],[33.1,-22.9],[33.2,-22.8],[33.1,-23.3],[33,-23.6],[33,-23.8]]]]}},{"type":"Feature","properties":{},"geometry":{"type":"MultiPolygon","coordinates":[[[[36.7,-19.3],[35.6,-19.9],[34.9,-19.8],[34.7,-19.3],[35.8,-19.3],[36.7,-19.3]]]]}},{"type":"Feature","properties":{},"geometry":{"type":"MultiPolygon","coordinates":[[[[27.1,-12.3],[26.9,-12.6],[26.8,-12.5],[27.1,-12.3]]]]}},{"type":"Feature","properties":{},"geometry":{"type":"MultiPolygon","coordinates":[[[[30.4,-31.7],[28.9,-32.2],[28.1,-31.8],[27.2,-32.2],[25.7,-32.4],[28.2,-31],[31.4,-26.3],[31.5,-27.8],[30.4,-31.7]]]]}},{"type":"Feature","properties":{},"geometry":{"type":"MultiPolygon","coordinates":[[[[37.1,-42],[37.7,-42.3],[38.1,-43.2],[38.8,-44],[38.4,-44.2],[37.4,-44.4],[38.2,-44.5],[36.2,-46.1],[35.5,-46.1],[33.4,-46.4],[33.5,-45.5],[34,-44.7],[34.1,-44],[34.1,-43.4],[34.7,-42.5],[35.1,-41.6],[37.1,-42]]]]}},{"type":"Feature","properties":{},"geometry":{"type":"MultiPolygon","coordinates":[[[[37.1,-42],[35.1,-40.4],[35.6,-40.2],[35.8,-40.6],[36.1,-40.7],[37.1,-41.9],[37.1,-42]]]]}},{"type":"Feature","properties":{},"geometry":{"type":"MultiPolygon","coordinates":[[[[35.8,-39.9],[35.9,-39.9],[35.5,-39.8],[35.7,-39.7],[35.8,-39.9]]]]}},{"type":"Feature","properties":{},"geometry":{"type":"MultiPolygon","coordinates":[[[[5,-13.3],[3,-15.1],[1.7,-16.5],[-1,-17.9],[-2.2,-19.4],[-2.7,-18.2],[-5,-17.8],[-5.6,-17.6],[-7.6,-18.3],[-9.3,-17],[-7.8,-16.2],[-7.1,-14.4],[-7.5,-10.7],[-9.9,-11],[-9.4,-9.2],[-9,-6.9],[-5.5,-7.1],[-1.1,-9.3],[2.2,-10.1],[3.4,-10.1],[3.5,-8.8],[-0.1,-6.2],[-1.3,-4.2],[1.4,-5.4],[3.5,-6.7],[6.4,-7.4],[5.2,-12.1],[5,-13.3]]]]}},{"type":"Feature","properties":{},"geometry":{"type":"MultiPolygon","coordinates":[[[[-2.4,-19.9],[-1.8,-21.3],[-2.7,-23.3],[-4.7,-24.3],[-8.7,-26.3],[-8.8,-26.3],[-8.3,-25.9],[-8.2,-25.7],[-7.8,-25.4],[-7.8,-25.3],[-7.6,-25.2],[-7.5,-25],[-7.5,-24.9],[-7.7,-25.1],[-8,-25.3],[-8,-25.1],[-7.9,-24.9],[-8.1,-24.6],[-8,-24.1],[-8.2,-24.2],[-8,-23.7],[-8.2,-23.8],[-8.3,-23.6],[-8.3,-23.9],[-8.3,-24.4],[-8.3,-24.7],[-8.4,-24.8],[-8.2,-25],[-8.2,-25.2],[-8.4,-25.3],[-8.3,-25.6],[-8.4,-25.5],[-8.5,-25.8],[-8.7,-25.9],[-8.7,-26.1],[-9.1,-26.1],[-9.2,-25.7],[-9.3,-25.7],[-9.3,-26.4],[-9.6,-26.5],[-12.1,-26],[-12.9,-24.4],[-13.1,-24.2],[-14.9,-22.8],[-16.3,-22.1],[-15.9,-21.5],[-13.2,-20.1],[-12.9,-17],[-15.2,-14.8],[-10.4,-11.2],[-8.2,-10.3],[-6.4,-13.5],[-7.8,-15.9],[-9.2,-16.8],[-8.3,-18],[-5.9,-17.6],[-5.2,-17.8],[-3.2,-17.9],[-2.4,-19.9]]]]}},{"type":"Feature","properties":{},"geometry":{"type":"MultiPolygon","coordinates":[[[[-43.8,-52.8],[-45.5,-53.5],[-49.2,-53.8],[-51.3,-50.7],[-47.3,-50.2],[-43.8,-52.8]]]]}},{"type":"Feature","properties":{},"geometry":{"type":"MultiPolygon","coordinates":[[[[-30.9,-12.3],[-30.2,-15.6],[-28.5,-18.5],[-29.3,-21.2],[-27.5,-25.7],[-24.5,-28.8],[-25.7,-31],[-27.5,-30.1],[-30,-28.1],[-33.1,-25],[-30.8,-25.6],[-31.1,-24.7],[-31.8,-24],[-33.5,-23.7],[-35.2,-17.6],[-35.3,-14.1],[-35.1,-12.5],[-34,-11.6],[-32.5,-10.4],[-31,-11.8],[-30.9,-12.3]]]]}},{"type":"Feature","properties":{},"geometry":{"type":"MultiPolygon","coordinates":[[[[-3.6,-34.2],[-7.7,-33.8],[-11.2,-32.4],[-8.8,-32],[-4.7,-32.8],[-3.3,-32.9],[-3.4,-33.2],[-3.4,-33.6],[-3.6,-34.2]]]]}},{"type":"Feature","properties":{},"geometry":{"type":"MultiPolygon","coordinates":[[[[-38.9,11.4],[-40.7,10.4],[-41.2,12.2],[-41.1,12.9],[-40.1,12.7],[-39,11.6],[-38.9,11.4]]]]}},{"type":"Feature","properties":{},"geometry":{"type":"MultiPolygon","coordinates":[[[[-38,8.3],[-39.3,8.4],[-39.7,7.7],[-40.5,8.2],[-40.6,9.5],[-38.8,11.2],[-38.8,10.3],[-38.4,9],[-38,8.3]]]]}},{"type":"Feature","properties":{},"geometry":{"type":"MultiPolygon","coordinates":[[[[-23.9,24.7],[-25.4,25.3],[-23.3,28.2],[-20.9,29],[-18.7,28.7],[-17.8,28.6],[-18.1,28.4],[-20.2,28.1],[-22.2,27.1],[-23.8,24.9],[-23.9,24.7]]]]}},{"type":"Feature","properties":{},"geometry":{"type":"MultiPolygon","coordinates":[[[[-15.6,7.2],[-16.5,6.6],[-19.4,6.5],[-21.4,6],[-21,6.6],[-20.1,7.3],[-19.8,7.9],[-18.5,8.9],[-17.9,8.7],[-16.6,8.1],[-15.7,7.3],[-15.6,7.2]]]]}},{"type":"Feature","properties":{},"geometry":{"type":"MultiPolygon","coordinates":[[[[-25.1,5.8],[-28.2,5.7],[-31.3,6],[-33.6,6.9],[-34.1,7.6],[-36,7.7],[-38,8.3],[-38.4,9],[-38.8,10.3],[-38.8,11.2],[-36.6,14.2],[-34.7,13.4],[-33.5,13.4],[-30.8,11.6],[-28.8,10.9],[-27.9,10.8],[-26.1,10.7],[-24.6,9.5],[-24.1,8.8],[-23.6,8.2],[-21.8,8.1],[-20.7,7.3],[-23.3,6.7],[-24.3,6.4],[-25.1,5.8]]]]}},{"type":"Feature","properties":{},"geometry":{"type":"MultiPolygon","coordinates":[[[[-42,-41],[-45.7,-37.6],[-40.9,-36.6],[-39,-39.6],[-42,-41]]]]}},{"type":"Feature","properties":{},"geometry":{"type":"MultiPolygon","coordinates":[[[[-42,-41],[-48.2,-45.3],[-52.8,-47.5],[-48.9,-43.7],[-44.5,-38.8],[-42,-41]]]]}},{"type":"Feature","properties":{},"geometry":{"type":"MultiPolygon","coordinates":[[[[3.7,22.2],[2.5,22.6],[1,23.9],[0.9,24.2],[0.8,24.7],[0.7,24.9],[0.7,25.2],[0.6,25.4],[0.4,25.4],[0.4,25.6],[0.4,26],[0.7,26.2],[0.3,26.4],[0.4,26.6],[0.2,26.5],[0.2,27.2],[0.3,27.3],[0.3,27.5],[0.2,27.6],[-0.1,27.4],[-0.4,27],[-0.5,27.2],[-0.9,27.5],[-1.1,27.5],[-1.3,27.6],[-1.9,28.2],[-2.1,28.3],[-2.1,28.8],[-2.3,28.8],[-2.4,28.8],[-2.8,29.1],[-2.7,29.8],[-2.1,29.4],[-1.3,29.2],[-1.3,29],[-1,29.2],[-0.9,29.5],[-0.9,30],[-0.4,29.7],[-0.4,29.9],[-0.3,30.1],[0,30.6],[0.1,30.7],[0.2,30.7],[0.4,30.8],[0.7,30.7],[1.1,30.8],[1.4,29.9],[1,29.4],[0.6,29.1],[0.8,29],[1,28.9],[1,29],[1.3,28.9],[1.3,28.8],[1.3,28.5],[1.3,28.9],[1.6,28.7],[1.5,29],[2.2,28.9],[2.5,28.5],[2,28.3],[2.1,28.2],[2.2,28.1],[2,27.8],[2,27.6],[1.9,27.4],[2.5,27.7],[2.6,27.6],[2.3,27.4],[2.4,27.3],[2.5,27.2],[2.9,27.4],[2.8,26.8],[2.4,26.5],[3,26.6],[3,26.3],[2.5,26.2],[2.8,26.2],[3.4,26.3],[3.1,26],[3.5,26.2],[3.5,25.7],[3,25.5],[3.1,25.6],[2.9,25.4],[3.2,25.4],[3.6,25.5],[3.8,24.9],[3,25],[3.4,24.8],[3.4,24.5],[3,24.8],[2.9,24.6],[3.1,24.6],[3.2,24.3],[2.9,24.3],[2.6,24.4],[2.8,24.1],[3,23.8],[3.2,23.8],[3.3,23.8],[2.9,23.7],[3.2,23.7],[3.2,23.6],[3.2,23.2],[3.5,23.3],[3.3,23],[3.5,23.1],[3.8,23.1],[3.7,23],[3.9,22.9],[3.9,22.8],[4,22.7],[4.1,22.6],[4.1,22.3],[3.7,22.2]]]]}},{"type":"Feature","properties":{},"geometry":{"type":"MultiPolygon","coordinates":[[[[0.1,31],[-1,30],[-1.1,29.2],[-1.3,29.2],[-1.9,29.3],[-2.5,30.1],[-2,30.8],[-1.5,31.1],[-1.2,31.2],[-0.7,31.4],[0.6,31.2],[0.1,31]]]]}},{"type":"Feature","properties":{},"geometry":{"type":"MultiPolygon","coordinates":[[[[1.9,30.3],[2.5,29.5],[2.5,29.1],[1.5,29.4],[1.5,29.9],[1.6,30.3],[1.9,30.3]]]]}},{"type":"Feature","properties":{},"geometry":{"type":"MultiPolygon","coordinates":[[[[0,24.3],[-0.3,24.6],[0.3,24.8],[0,24.3]]]]}},{"type":"Feature","properties":{},"geometry":{"type":"MultiPolygon","coordinates":[[[[0.5,24.6],[0.8,24.3],[0.3,24.6],[0.5,24.6]]]]}},{"type":"Feature","properties":{},"geometry":{"type":"MultiPolygon","coordinates":[[[[-0.7,26],[-0.8,26.2],[-0.2,26.3],[-0.7,26]]]]}},{"type":"Feature","properties":{},"geometry":{"type":"MultiPolygon","coordinates":[[[[-0.3,26.9],[-0.7,26.8],[-0.7,26.9],[-0.8,27.1],[-0.3,26.9]]]]}},{"type":"Feature","properties":{},"geometry":{"type":"MultiPolygon","coordinates":[[[[6.7,-6.8],[2.4,-6.5],[0.4,-5],[1.6,-3.6],[6,-4.5],[6.7,-6.8]]]]}},{"type":"Feature","properties":{},"geometry":{"type":"MultiPolygon","coordinates":[[[[-1.3,26.6],[-2.8,27],[-2.5,27],[-2.7,27.2],[-2.7,27.4],[-2.5,27.6],[-2.4,27.8],[-1.8,27.4],[-1.6,27.2],[-1.5,26.9],[-1.4,26.7],[-1.3,26.6]]]]}},{"type":"Feature","properties":{},"geometry":{"type":"MultiPolygon","coordinates":[[[[1.8,18.4],[1.7,18.5],[1.6,18.4],[1.4,18.9],[1.4,18.7],[1.2,18.9],[1.2,19.4],[1,19.4],[0.9,19.5],[1.8,18.4]]]]}},{"type":"Feature","properties":{},"geometry":{"type":"MultiPolygon","coordinates":[[[[1.2,17.4],[1.3,18.1],[1.3,17.8],[1.4,17.7],[1.3,17.5],[1.2,17.4]]]]}},{"type":"Feature","properties":{},"geometry":{"type":"MultiPolygon","coordinates":[[[[1.8,16.9],[1.6,16.8],[1.8,17],[1.8,16.9]]]]}},{"type":"Feature","properties":{},"geometry":{"type":"MultiPolygon","coordinates":[[[[22.2,-58.2],[21.9,-58.5],[21.6,-58.5],[20.3,-58.1],[20.3,-56.7],[21.3,-52.2],[23.6,-50.7],[23.7,-50.1],[27,-48.6],[28.7,-49.4],[29.8,-49.9],[29.9,-49],[30.3,-48.6],[30.3,-47.9],[29,-47.9],[28.3,-48.3],[29.4,-46.5],[32.2,-46.1],[34.1,-45.9],[34.8,-45.8],[32.9,-48.3],[28.7,-53.2],[22.2,-58.2]]]]}},{"type":"Feature","properties":{},"geometry":{"type":"MultiPolygon","coordinates":[[[[30.3,-46.9],[28.6,-48.2],[26.8,-48.3],[25.3,-47.3],[29,-46.2],[30.1,-44.7],[29.4,-43.2],[28.6,-42.4],[30.2,-40.8],[30.3,-46.9]]]]}},{"type":"Feature","properties":{},"geometry":{"type":"MultiPolygon","coordinates":[[[[41,-35.4],[41.1,-37.7],[41.6,-39.2],[39.8,-40.6],[39.3,-41.8],[38.9,-42.9],[38.9,-41.3],[38.6,-40.9],[38.9,-40.9],[39.2,-39.4],[38.9,-39.1],[38,-37.2],[38,-36.8],[37.8,-36.1],[37.2,-35.4],[37.8,-34.8],[40.4,-34.3],[41,-35.4]]]]}},{"type":"Feature","properties":{},"geometry":{"type":"MultiPolygon","coordinates":[[[[38.1,-39.1],[38.5,-39.5],[38.3,-39.3],[38.1,-39.1]]]]}},{"type":"Feature","properties":{},"geometry":{"type":"MultiPolygon","coordinates":[[[[9.2,-52.4],[8.8,-52.9],[7.9,-53.1],[9.2,-52.4]]]]}},{"type":"Feature","properties":{},"geometry":{"type":"MultiPolygon","coordinates":[[[[11.1,-59.3],[8.7,-57.8],[7.8,-54.8],[8.5,-54],[9.2,-53.4],[11,-53.1],[13.1,-52.8],[13.1,-53],[9.4,-54.5],[8.8,-56.7],[9.4,-58.6],[11.1,-59.2],[11.1,-59.3]]]]}},{"type":"Feature","properties":{},"geometry":{"type":"MultiPolygon","coordinates":[[[[40.8,-34.2],[39.9,-33.8],[38.3,-33.9],[38.7,-36.1],[38.5,-37.5],[38,-36.3],[37.7,-34],[37.7,-32.9],[38.2,-32],[39.9,-32.2],[40.5,-32.8],[40.8,-33.6],[40.8,-34.2]]]]}},{"type":"Feature","properties":{},"geometry":{"type":"MultiPolygon","coordinates":[[[[44,-45.8],[42.5,-49.8],[42,-52.3],[33.2,-54.9],[29.3,-56.2],[27.8,-56.6],[27.6,-56.6],[27.1,-56.6],[27,-56.7],[26.7,-56.8],[26.2,-56.9],[25.3,-57.2],[24.6,-57.4],[23.5,-57.9],[22.7,-58.3],[22.2,-58.2],[27.2,-54.5],[31.9,-49.1],[35.2,-45.9],[37.2,-45.8],[38.5,-45.8],[40.7,-45.7],[43.4,-45.8],[44,-45.8]]]]}},{"type":"Feature","properties":{},"geometry":{"type":"MultiPolygon","coordinates":[[[[37.9,-46.2],[36.1,-46.1],[34.8,-45.8],[37.5,-45.7],[37.9,-46.2]]]]}},{"type":"Feature","properties":{},"geometry":{"type":"MultiPolygon","coordinates":[[[[4.1,20.6],[3,21.1],[3.3,21.1],[3.2,21.2],[3.1,21.6],[2.7,21.5],[2.7,21.8],[2.7,21.9],[2.4,22],[2.4,21.9],[2.3,21.9],[2.1,22.2],[3.7,22.2],[3.9,22.2],[4.2,22.1],[4.4,22.2],[4,21.7],[4.2,21.8],[4.4,21.7],[4.6,21.7],[4.8,21.7],[4.8,21.5],[4.7,21.4],[4.6,21.1],[4.4,21.1],[4.4,21.2],[4.2,21],[4.1,20.9],[4.2,20.7],[4.1,20.6]]]]}},{"type":"Feature","properties":{},"geometry":{"type":"MultiPolygon","coordinates":[[[[149.8,-47.7],[149.9,-47.6],[149.8,-47.6],[149.8,-47.5],[149.9,-47.7],[149.8,-47.7]]]]}},{"type":"Feature","properties":{},"geometry":{"type":"MultiPolygon","coordinates":[[[[150.8,-48.3],[150.8,-48.2],[150.8,-48.1],[150.8,-48.3]]]]}},{"type":"Feature","properties":{},"geometry":{"type":"MultiPolygon","coordinates":[[[[151.2,-48.7],[151,-48.5],[151.2,-48.6],[151.2,-48.7]]]]}},{"type":"Feature","properties":{},"geometry":{"type":"MultiPolygon","coordinates":[[[[169.9,-61.6],[167.7,-61.5],[167.6,-61.5],[167.5,-61.5],[167.4,-61.5],[167.3,-61.5],[167.1,-61.5],[167,-61.4],[166.9,-61.4],[166.8,-61.4],[166.6,-61.4],[166.5,-61.3],[166.4,-61.3],[166.3,-61.3],[166.2,-61.2],[166.1,-61.2],[166,-61.2],[166,-61.1],[165.9,-61.1],[165.8,-61.1],[165.7,-61],[165.6,-61],[165.5,-60.9],[165.4,-60.9],[165.3,-60.9],[165.3,-60.8],[165.2,-60.8],[165.1,-60.7],[165,-60.7],[164.9,-60.6],[164.8,-60.6],[164.8,-60.5],[164.7,-60.5],[164.6,-60.4],[164.5,-60.4],[164.5,-60.3],[164.4,-60.3],[164.3,-60.3],[164.3,-60.2],[164.2,-60.2],[164.1,-60.1],[164,-60],[164,-59.9],[163.9,-59.9],[163.9,-59.8],[163.8,-59.8],[163.7,-59.7],[163.6,-59.6],[163.5,-59.6],[163.5,-59.5],[163.4,-59.5],[163.4,-59.4],[163.3,-59.4],[163.3,-59.3],[163.2,-59.3],[163.2,-59.2],[163.1,-59.2],[163.1,-59.1],[163,-59.1],[162.9,-59],[162.8,-58.9],[162.7,-58.8],[162.6,-58.8],[162.6,-58.7],[162.5,-58.7],[162.5,-58.6],[162.4,-58.6],[162.4,-58.5],[162.3,-58.4],[162.3,-58.3],[162.2,-58.2],[162.1,-58.1],[162.1,-58],[162,-58],[162,-57.9],[161.9,-57.8],[161.8,-57.7],[161.7,-57.6],[161.7,-57.5],[161.6,-57.5],[161.5,-57.4],[161.5,-57.3],[161.4,-57.3],[161.4,-57.2],[161.3,-57.2],[161.3,-57.1],[161.3,-57],[161.2,-57],[161.2,-56.9],[161.1,-56.9],[161.1,-56.8],[161.1,-56.7],[161,-56.7],[161,-56.6],[160.9,-56.5],[160.9,-56.4],[160.8,-56.4],[160.8,-56.3],[160.7,-56.3],[160.7,-56.2],[160.6,-56.2],[160.6,-56.1],[160.5,-56],[160.4,-56],[160.3,-55.8],[160.2,-55.7],[160.1,-55.6],[160.1,-55.5],[160,-55.5],[160,-55.4],[159.9,-55.3],[159.8,-55.3],[159.8,-55.2],[159.7,-55.1],[159.6,-55],[159.5,-55],[159.5,-54.9],[159.4,-54.9],[159.4,-54.8],[159.3,-54.7],[159.2,-54.6],[159.1,-54.5],[159,-54.4],[158.9,-54.4],[158.9,-54.3],[158.8,-54.3],[158.8,-54.2],[158.7,-54.2],[158.7,-54.1],[158.6,-54],[158.5,-53.9],[158.4,-53.8],[158.3,-53.7],[158.3,-53.6],[158.2,-53.6],[158.2,-53.5],[158.1,-53.4],[158,-53.4],[157.9,-53.3],[157.8,-53.3],[157.8,-53.2],[157.7,-53.2],[157.6,-53.1],[157.5,-53],[157.4,-53],[157.4,-52.9],[157.3,-52.9],[157.2,-52.9],[157.2,-52.8],[157.1,-52.8],[157,-52.8],[157,-52.7],[156.9,-52.7],[156.8,-52.6],[156.7,-52.6],[156.6,-52.5],[156.5,-52.5],[156.4,-52.5],[156.3,-52.4],[156.2,-52.4],[156.1,-52.3],[156,-52.3],[155.9,-52.2],[155.8,-52.2],[155.8,-52.1],[155.8,-52],[155.8,-51.9],[155.7,-51.8],[155.7,-51.7],[155.6,-51.7],[155.5,-51.6],[155.4,-51.5],[155.3,-51.5],[155.3,-51.4],[155.2,-51.4],[154.9,-51.1],[154.8,-51],[154.7,-51],[154.6,-50.9],[154.5,-50.9],[154.4,-50.9],[154.4,-50.8],[154.3,-50.8],[154.2,-50.7],[154.1,-50.7],[154,-50.7],[154,-50.6],[153.9,-50.6],[153.8,-50.6],[153.7,-50.5],[153.6,-50.5],[153.6,-50.4],[153.5,-50.4],[153.4,-50.3],[153.3,-50.3],[153.2,-50.3],[153.2,-50.2],[153,-50.2],[152.8,-50.2],[152.8,-50.1],[152.7,-50.1],[152.6,-50.1],[153.3,-50.1],[153.9,-50],[154.7,-50.4],[155.1,-50.3],[155.8,-50.5],[156.1,-50.4],[156.4,-50.6],[156.3,-50.8],[156.6,-51],[157.1,-51.1],[157.5,-51.3],[158,-51.5],[158.5,-52.2],[158.8,-52.2],[159.1,-52.1],[160.1,-52],[160.1,-51.8],[160.3,-51.9],[160.4,-51.9],[160.9,-52.6],[161.3,-52.9],[162.5,-53.1],[162.7,-53],[163,-53],[163.8,-53.4],[164.3,-53.4],[165.2,-53.7],[165.3,-53.9],[165.7,-54.1],[166.1,-54.1],[166.4,-54.8],[167,-55.1],[166.8,-55.3],[167.1,-55.5],[168.4,-56],[168.9,-56.6],[169,-57.2],[170.2,-58.7],[170.3,-60],[170.6,-59.9],[170.4,-60.5],[170.2,-60.7],[170.2,-60.9],[170.2,-61.1],[170.1,-61.2],[170.2,-61.4],[170.1,-61.6],[169.9,-61.6]]]]}},{"type":"Feature","properties":{},"geometry":{"type":"MultiPolygon","coordinates":[[[[165.6,-53.2],[165.4,-53.8],[165.1,-53.1],[165.6,-53.2]]]]}},{"type":"Feature","properties":{},"geometry":{"type":"MultiPolygon","coordinates":[[[[176.2,-70.6],[176.4,-70.7],[176.5,-70.7],[176.6,-70.7],[176.7,-70.8],[176.8,-70.8],[176.9,-70.8],[177,-70.8],[177,-70.9],[177.1,-70.9],[176.9,-70.9],[177.1,-70.9],[177.2,-71],[177.4,-71],[177.4,-71.2],[177.4,-71.1],[177.2,-71],[177.1,-71.1],[176.9,-71],[176.7,-71],[177.2,-71.2],[177.5,-71.4],[177.3,-71.4],[177,-71.4],[177.1,-71.5],[176.8,-71.4],[177,-71.5],[177.3,-71.5],[177.4,-71.6],[177.3,-71.7],[177.5,-71.7],[177.5,-71.8],[177.6,-71.8],[177.6,-71.9],[177.4,-71.9],[177.3,-71.9],[177.1,-71.9],[176.7,-71.9],[176.7,-72],[176.4,-72],[176.2,-72.1],[176.1,-72.1],[176,-72.1],[175.9,-72.2],[175.7,-72.1],[175.6,-72.1],[175.4,-72],[175.8,-71.9],[175.7,-71.9],[175.6,-71.9],[175.6,-72],[175.5,-72],[175.2,-72],[175.1,-72],[175,-72],[175.1,-72.1],[174.8,-72],[174.7,-72],[174.3,-72],[174.3,-71.9],[173.9,-71.9],[173.8,-71.9],[173.7,-71.9],[173.6,-71.8],[173.5,-71.8],[173.4,-71.8],[173.4,-71.7],[173.3,-71.7],[173.2,-71.7],[173.1,-71.6],[173,-71.6],[172.9,-71.6],[172.8,-71.5],[172.7,-71.5],[172.7,-71.4],[172.6,-71.4],[172.5,-71.4],[172.5,-71.3],[172.4,-71.3],[172.3,-71.3],[172.3,-71.2],[172.2,-71.2],[172.1,-71.2],[172,-71.1],[171.9,-71.1],[171.8,-71.1],[171.8,-71],[171.7,-71],[171.7,-70.9],[171.7,-70.8],[171.7,-70.7],[171.8,-70.7],[171.8,-70.6],[171.9,-70.5],[172,-70.5],[172.1,-70.5],[172.2,-70.4],[172.4,-70.4],[172.5,-70.4],[172.6,-70.4],[172.7,-70.4],[172.9,-70.4],[173.1,-70.4],[173.2,-70.4],[173.4,-70.4],[173.5,-70.4],[173.8,-70.4],[173.9,-70.4],[174.1,-70.4],[174.5,-70.4],[174.8,-70.4],[175.6,-70.6],[176.2,-70.6]]]]}},{"type":"Feature","properties":{},"geometry":{"type":"MultiPolygon","coordinates":[[[[160.9,-56.4],[160.9,-56.5],[161,-56.6],[161,-56.7],[161.1,-56.7],[161.1,-56.8],[161.1,-56.9],[161.2,-56.9],[161.2,-57],[161.3,-57],[161.3,-57.1],[161.4,-57.2],[161.5,-57.3],[161.5,-57.4],[161.6,-57.5],[161.7,-57.5],[161.7,-57.6],[161.8,-57.7],[161.9,-57.7],[161.9,-57.8],[162,-57.9],[162,-58],[162.1,-58],[162.1,-58.1],[162.2,-58.2],[162.2,-58.3],[162.3,-58.3],[162.3,-58.4],[162.4,-58.5],[162.5,-58.6],[162.5,-58.7],[162.6,-58.7],[162.6,-58.8],[162.7,-58.8],[162.7,-58.9],[162.8,-58.9],[162.8,-59],[162.9,-59],[163,-59.1],[163.1,-59.1],[163.1,-59.2],[163.2,-59.2],[163.2,-59.3],[163.3,-59.3],[163.3,-59.4],[163.4,-59.4],[163.4,-59.5],[163.5,-59.5],[163.6,-59.6],[163.7,-59.7],[163.8,-59.8],[163.9,-59.8],[163.9,-59.9],[164,-59.9],[164,-60],[164.1,-60.1],[164.2,-60.2],[164.3,-60.2],[164.4,-60.3],[164.5,-60.3],[164.5,-60.4],[164.6,-60.4],[164.6,-60.5],[164.7,-60.5],[164.8,-60.5],[164.8,-60.6],[164.9,-60.6],[165,-60.7],[165.1,-60.7],[165.2,-60.8],[165.3,-60.9],[165.4,-60.9],[165.5,-60.9],[165.6,-61],[165.7,-61],[165.8,-61.1],[165.9,-61.1],[166,-61.1],[166,-61.2],[166.1,-61.2],[166.2,-61.2],[166.3,-61.3],[166.4,-61.3],[166.5,-61.3],[166.6,-61.4],[166.8,-61.4],[166.9,-61.4],[167,-61.4],[167.2,-61.5],[167.3,-61.5],[167.4,-61.5],[167.5,-61.5],[167.6,-61.5],[167.7,-61.5],[169.8,-61.6],[170,-61.8],[170.2,-61.7],[170.2,-61.8],[170.4,-61.9],[170.3,-62.2],[170.4,-62.6],[170.7,-63],[171,-63.2],[170.8,-63.4],[170.9,-64.2],[171.9,-65.1],[172.3,-65.2],[172.5,-65.7],[172.3,-66],[169.4,-66.8],[169.5,-67.1],[168,-68.1],[168.6,-68.4],[167.9,-68.3],[167.2,-68.3],[166.4,-68.1],[165.6,-68.3],[165.3,-68.1],[164.1,-68.4],[163.7,-68.8],[163.1,-69.3],[162.9,-69.2],[162.8,-69.1],[162.6,-69.1],[162.4,-69],[162.1,-68.9],[161.8,-68.8],[161.6,-68.7],[161.3,-68.6],[161.1,-68.5],[160.9,-68.5],[160.8,-68.4],[160.7,-68.4],[160.6,-68.4],[160.5,-68.3],[160.4,-68.3],[160.3,-68.3],[160.2,-68.2],[160.1,-68.2],[160,-68.2],[159.9,-68.2],[159.8,-68.1],[159.7,-68.1],[159.6,-68.1],[159.5,-68.1],[159.4,-68.1],[159.3,-68.1],[159.2,-68.1],[159.2,-68],[159.1,-68],[159,-68],[158.8,-68],[158.7,-68],[158.6,-67.9],[158.5,-67.9],[158.4,-67.9],[158.3,-67.9],[158.3,-67.8],[158.1,-67.8],[158,-67.8],[157.9,-67.7],[157.8,-67.7],[157.7,-67.7],[157.6,-67.6],[157.5,-67.6],[157.4,-67.6],[157.3,-67.6],[157.2,-67.5],[157,-67.5],[156.9,-67.5],[156.8,-67.5],[156.7,-67.4],[156.6,-67.4],[156.5,-67.4],[156.3,-67.4],[156.2,-67.4],[156.1,-67.3],[156,-67.3],[155.8,-67.3],[155.7,-67.2],[155.6,-67.2],[155.5,-67.2],[155.4,-67.1],[155.3,-67],[155.2,-67],[155.1,-67],[155.1,-66.9],[155,-66.9],[154.9,-66.8],[154.8,-66.8],[154.7,-66.8],[154.6,-66.7],[154.5,-66.7],[154.4,-66.7],[154.3,-66.6],[154.2,-66.6],[154.1,-66.6],[154,-66.6],[153.9,-66.5],[153.8,-66.5],[153.8,-66.4],[153.7,-66.4],[153.7,-66.3],[153.6,-66.3],[153.6,-66.2],[153.6,-66.1],[153.6,-66],[153.6,-65.9],[153.7,-65.9],[153.7,-65.8],[153.8,-65.7],[153.8,-65.6],[153.9,-65.6],[153.9,-65.5],[154,-65.5],[154,-65.4],[154.1,-65.4],[154.1,-65.3],[154.2,-65.3],[154.3,-65.2],[154.4,-65.1],[154.5,-65],[154.6,-64.9],[154.6,-64.8],[154.7,-64.8],[154.7,-64.7],[154.8,-64.6],[154.9,-64.5],[154.9,-64.4],[155,-64.4],[155,-64.3],[155.1,-64.3],[155.1,-64.2],[155.2,-64.2],[155.3,-64.1],[155.4,-64.1],[155.4,-64],[155.5,-64],[155.6,-63.9],[155.6,-63.8],[155.5,-63.7],[155.4,-63.6],[155.3,-63.6],[155.2,-63.5],[155.1,-63.4],[155,-63.4],[154.9,-63.3],[154.8,-63.2],[154.7,-63.2],[154.7,-63.1],[154.6,-63.1],[154.5,-63.1],[154.1,-62.8],[153.7,-62.1],[153.5,-61.8],[153.6,-61.8],[153.7,-61.8],[153.8,-61.8],[153.9,-61.8],[154,-61.8],[154.1,-61.8],[154.2,-61.9],[154.3,-61.9],[154.4,-61.9],[154.5,-61.9],[154.6,-61.9],[154.7,-61.9],[154.8,-61.9],[154.9,-61.9],[155,-61.8],[155.2,-61.8],[155.4,-61.8],[155.5,-61.8],[155.6,-61.8],[155.7,-61.8],[155.9,-61.7],[156,-61.7],[156.1,-61.7],[156.2,-61.6],[156.3,-61.6],[156.4,-61.6],[156.5,-61.6],[156.6,-61.5],[156.7,-61.5],[156.8,-61.5],[156.9,-61.5],[157,-61.5],[157.1,-61.5],[157.2,-61.5],[157.3,-61.4],[157.4,-61.4],[157.5,-61.4],[157.6,-61.4],[157.7,-61.4],[157.8,-61.4],[157.9,-61.4],[158,-61.4],[158.1,-61.4],[158.2,-61.4],[158.3,-61.4],[158.4,-61.4],[158.5,-61.4],[158.6,-61.4],[158.7,-61.3],[158.8,-61.3],[158.9,-61.3],[159,-61.3],[159.1,-61.3],[159.3,-61.3],[159.4,-61.2],[159.6,-61.2],[159.7,-61.2],[159.8,-61.1],[159.9,-61.1],[160,-61],[160.1,-61],[160.3,-61],[160.4,-61],[160.5,-60.9],[160.6,-60.9],[160.8,-60.9],[160.9,-60.9],[161,-60.8],[161.1,-60.8],[161,-60.7],[161,-60.6],[160.9,-60.6],[160.9,-60.5],[160.9,-60.4],[160.9,-60.3],[160.9,-60.2],[160.8,-60.2],[160.8,-60.1],[160.8,-60],[160.8,-59.9],[160.8,-59.8],[160.7,-59.7],[160.7,-59.6],[160.7,-59.5],[160.6,-59.5],[160.6,-59.4],[160.6,-59.3],[160.5,-59.3],[160.5,-59.2],[160.6,-59.2],[160.6,-59.1],[160.5,-59.1],[160.5,-59],[160.5,-58.9],[160.4,-58.9],[160.3,-58.9],[160.3,-58.8],[160.2,-58.8],[160.2,-58.7],[160.1,-58.7],[160.1,-58.6],[160.1,-58.5],[160.2,-58.4],[160.2,-58.3],[160.1,-58.3],[160.1,-58.2],[160,-58.2],[160,-58.1],[159.9,-58.1],[159.9,-58],[159.8,-58],[159.8,-57.9],[159.8,-57.8],[159.8,-57.7],[159.8,-57.6],[159.7,-57.6],[159.7,-57.5],[159.7,-57.3],[159.7,-57.2],[159.7,-57.1],[159.7,-57],[159.7,-56.9],[159.7,-56.8],[159.7,-56.7],[159.7,-56.6],[159.7,-56.5],[159.8,-56.4],[159.8,-56.3],[159.9,-56.3],[160,-56.3],[160,-56.4],[160.1,-56.4],[160.2,-56.4],[160.3,-56.4],[160.5,-56.4],[160.6,-56.4],[160.7,-56.4],[160.8,-56.4],[160.9,-56.4]]]]}},{"type":"Feature","properties":{},"geometry":{"type":"MultiPolygon","coordinates":[[[[177.1,-70.9],[177,-70.9],[177,-70.8],[176.9,-70.8],[176.8,-70.8],[176.7,-70.8],[176.6,-70.7],[176.5,-70.7],[176.4,-70.7],[176.2,-70.6],[176,-70.6],[175.9,-70.5],[175.8,-70.5],[175.6,-70.4],[175.5,-70.4],[175.4,-70.4],[175.2,-70.3],[175.1,-70.3],[175,-70.3],[174.9,-70.3],[174.7,-70.2],[174.5,-70.2],[174.4,-70.2],[174.3,-70.2],[174.2,-70.1],[174.1,-70.1],[173.9,-70.1],[173.8,-70.1],[173.8,-70],[173.7,-70],[173.6,-70],[173.5,-70],[173.4,-70],[173.3,-70],[173.2,-69.9],[172.7,-69.9],[173.8,-69.5],[174.4,-69.1],[175.6,-69.5],[177,-70],[176.9,-70.1],[176.8,-70.1],[177.3,-70.6],[178.3,-70.9],[178.4,-71.1],[177.6,-71],[177.6,-70.9],[177.1,-70.9]]]]}},{"type":"Feature","properties":{},"geometry":{"type":"MultiPolygon","coordinates":[[[[173.5,-68.3],[173.7,-68.7],[172.7,-68.5],[173.5,-68.3]]]]}},{"type":"Feature","properties":{},"geometry":{"type":"MultiPolygon","coordinates":[[[[172.9,-69.9],[173.2,-69.9],[173.3,-70],[173.4,-70],[173.5,-70],[173.6,-70],[173.7,-70],[173.8,-70],[173.9,-70.1],[174,-70.1],[174.1,-70.1],[174.2,-70.1],[174.3,-70.1],[174.3,-70.2],[174.4,-70.2],[174.6,-70.2],[174.7,-70.2],[174.8,-70.3],[174.9,-70.3],[175.1,-70.3],[175.3,-70.4],[175.4,-70.4],[175.5,-70.4],[175.6,-70.4],[175.7,-70.5],[175.8,-70.5],[175.9,-70.5],[176.1,-70.6],[175.8,-70.6],[175,-70.5],[174.5,-70.4],[174.1,-70.4],[174,-70.4],[173.8,-70.4],[173.6,-70.4],[173.4,-70.4],[173.3,-70.4],[173.1,-70.4],[172.9,-70.4],[172.8,-70.4],[172.6,-70.4],[172.5,-70.4],[172.4,-70.4],[172.3,-70.4],[172.1,-70.5],[172,-70.5],[171.9,-70.5],[171.8,-70.6],[171.7,-70.7],[171.7,-70.8],[171.7,-70.9],[171.7,-71],[171.8,-71],[171.8,-71.1],[171.9,-71.1],[172,-71.1],[172.1,-71.2],[172.2,-71.2],[172.3,-71.2],[172.3,-71.3],[172.4,-71.3],[172.5,-71.3],[172.5,-71.4],[172.6,-71.4],[172.7,-71.4],[172.7,-71.5],[172.8,-71.5],[172.9,-71.5],[173,-71.6],[173.1,-71.6],[173.2,-71.7],[173.3,-71.7],[173.4,-71.7],[173.4,-71.8],[173.5,-71.8],[173.6,-71.8],[173.7,-71.9],[173.8,-71.9],[173.9,-71.9],[173.6,-71.9],[173.3,-71.9],[173.2,-71.8],[172.9,-71.8],[172.6,-71.8],[172.5,-71.7],[172.3,-71.6],[172,-71.6],[172,-71.5],[172.2,-71.5],[172.9,-71.6],[172.6,-71.5],[172.3,-71.5],[172,-71.4],[171.9,-71.4],[171.9,-71.5],[171.4,-71.3],[170.9,-71.2],[171,-71.2],[171.1,-71.1],[171,-71.1],[171,-71],[170.9,-71],[170.8,-71],[170.8,-70.9],[170.7,-70.9],[170.7,-70.8],[170.8,-70.8],[170.9,-70.7],[171,-70.7],[171.1,-70.6],[171.2,-70.6],[171.2,-70.5],[171.2,-70.4],[171.3,-70.4],[171.3,-70.3],[171.4,-70.3],[171.5,-70.3],[171.5,-70.2],[172.2,-70.1],[172.3,-70],[172.5,-70.1],[172.5,-70],[172.5,-69.9],[172.9,-69.9]]]]}},{"type":"Feature","properties":{},"geometry":{"type":"MultiPolygon","coordinates":[[[[154.1,-62.8],[154.5,-63.1],[154.6,-63.1],[154.7,-63.1],[154.7,-63.2],[154.8,-63.2],[154.9,-63.3],[155,-63.4],[155.1,-63.4],[155.2,-63.5],[155.3,-63.6],[155.4,-63.6],[155.5,-63.7],[155.6,-63.8],[155.6,-63.9],[155.5,-64],[155.4,-64],[155.4,-64.1],[155.3,-64.1],[155.2,-64.2],[155.1,-64.2],[155.1,-64.3],[155,-64.3],[155,-64.4],[154.9,-64.4],[154.9,-64.5],[154.8,-64.6],[154.7,-64.7],[154.7,-64.8],[154.6,-64.8],[154.6,-64.9],[154.5,-65],[154.4,-65.1],[154.3,-65.2],[154.2,-65.3],[154.1,-65.3],[154.1,-65.4],[154,-65.4],[154,-65.5],[153.9,-65.5],[153.9,-65.6],[153.8,-65.6],[153.8,-65.7],[153.7,-65.8],[153.7,-65.9],[153.6,-65.9],[153.6,-66],[153.6,-66.1],[153.6,-66.2],[153.6,-66.3],[153.7,-66.3],[153.7,-66.4],[153.8,-66.4],[153.8,-66.5],[153.9,-66.5],[154,-66.6],[154.1,-66.6],[154.2,-66.6],[154.3,-66.6],[154.4,-66.7],[154.5,-66.7],[154.6,-66.7],[154.7,-66.8],[154.8,-66.8],[154.9,-66.8],[155,-66.9],[155.1,-66.9],[155.1,-67],[155.2,-67],[155.3,-67],[155.4,-67.1],[155.5,-67.2],[155.6,-67.2],[155.7,-67.2],[155.8,-67.3],[156,-67.3],[156.1,-67.3],[156.2,-67.4],[156.3,-67.4],[156.5,-67.4],[156.6,-67.4],[156.7,-67.4],[156.8,-67.5],[156.9,-67.5],[157,-67.5],[157.2,-67.5],[157.3,-67.6],[157.4,-67.6],[157.5,-67.6],[157.6,-67.6],[157.7,-67.7],[157.8,-67.7],[157.9,-67.7],[158,-67.8],[158.1,-67.8],[158.3,-67.8],[158.3,-67.9],[158.4,-67.9],[158.5,-67.9],[158.6,-67.9],[158.7,-68],[158.8,-68],[159,-68],[159.1,-68],[159.2,-68],[159.2,-68.1],[159.3,-68.1],[159.4,-68.1],[159.5,-68.1],[159.6,-68.1],[159.7,-68.1],[159.8,-68.1],[159.9,-68.2],[160,-68.2],[160.1,-68.2],[160.2,-68.2],[160.3,-68.3],[160.4,-68.3],[160.5,-68.3],[160.6,-68.4],[160.7,-68.4],[160.8,-68.4],[160.9,-68.5],[161.1,-68.5],[161.3,-68.6],[161.6,-68.7],[161.8,-68.8],[162.1,-68.9],[162.4,-69],[162.6,-69.1],[162.8,-69.1],[162.9,-69.2],[163.1,-69.3],[159.9,-69.4],[158.4,-69.7],[155.7,-69.6],[153.7,-69],[152.3,-68.2],[151.5,-68],[150.2,-67.8],[150,-67.7],[150.1,-67.7],[149.9,-67.3],[149.8,-66.8],[149.8,-66.6],[149.8,-66.2],[149.5,-65.7],[149.4,-65.5],[149.8,-65.4],[150.4,-64.9],[151.4,-64.5],[151.9,-64.3],[152.4,-64.1],[153.1,-63.7],[153.4,-63.6],[153.5,-63.5],[153.4,-63.5],[153.3,-63.4],[153.2,-63.3],[153.1,-63.3],[153.1,-63.2],[153,-63.2],[153,-63.1],[152.9,-63.1],[152.8,-63],[152.7,-63],[152.6,-63],[152.5,-62.9],[152.4,-62.9],[152.3,-62.9],[152.2,-62.9],[152.1,-62.9],[152.1,-62.8],[152,-62.8],[152,-62.7],[151.9,-62.7],[151.9,-62.6],[151.8,-62.6],[151.8,-62.5],[151.7,-62.5],[151.5,-62.5],[151.2,-62.5],[151.1,-62.2],[150.6,-62.1],[149.7,-62],[147.9,-62.1],[147.3,-62.2],[146.5,-62.1],[145.7,-62],[145.2,-61.9],[145.1,-61.9],[144.9,-61.9],[144,-61.8],[143.9,-61.7],[143.8,-61.7],[143.3,-61.6],[143.4,-61.6],[144.8,-61.7],[146.1,-61.7],[146.8,-61.6],[146.7,-61.5],[146.7,-61.4],[146.6,-61.2],[146.6,-61.1],[147,-60.9],[149,-60.6],[149.7,-61],[149.8,-61],[149.9,-61.1],[150.1,-61.1],[150.7,-61.4],[150.8,-61.4],[150.8,-61.5],[150.9,-61.5],[151,-61.5],[151,-61.6],[151.1,-61.6],[151.2,-61.6],[151.2,-61.7],[151.5,-61.8],[151.8,-61.9],[152,-61.9],[152.2,-62],[152.3,-62],[152.4,-62],[152.6,-62.1],[153.3,-62.3],[153.5,-62.4],[153.7,-62.5],[153.7,-62.6],[153.9,-62.7],[154.1,-62.8]]]]}},{"type":"Feature","properties":{},"geometry":{"type":"MultiPolygon","coordinates":[[[[168.2,-70.4],[168.3,-70.5],[168.5,-70.6],[168.2,-70.4]]]]}},{"type":"Feature","properties":{},"geometry":{"type":"MultiPolygon","coordinates":[[[[170,-71.1],[168.5,-70.7],[168.7,-70.8],[168.8,-70.8],[169.1,-70.9],[169.5,-71],[169.6,-71],[170,-71.1]]]]}},{"type":"Feature","properties":{},"geometry":{"type":"MultiPolygon","coordinates":[[[[172.6,-70.1],[172.4,-70],[172.5,-70],[172.6,-70.1]]]]}},{"type":"Feature","properties":{},"geometry":{"type":"MultiPolygon","coordinates":[[[[170.9,-71.2],[171.4,-71.3],[171.9,-71.5],[171.5,-71.3],[170.5,-71.2],[170.9,-71.2]]]]}},{"type":"Feature","properties":{},"geometry":{"type":"MultiPolygon","coordinates":[[[[171.8,-71.5],[172.1,-71.6],[172.3,-71.7],[172.6,-71.8],[172.8,-71.8],[173.1,-71.8],[173.2,-71.9],[172.7,-71.8],[171.8,-71.5]]]]}},{"type":"Feature","properties":{},"geometry":{"type":"MultiPolygon","coordinates":[[[[172.7,-71.5],[172.5,-71.5],[172.6,-71.5],[172.7,-71.5]]]]}},{"type":"Feature","properties":{},"geometry":{"type":"MultiPolygon","coordinates":[[[[177.2,-71.1],[177,-71.1],[176.7,-71],[176.9,-71],[177.1,-71.1],[177.2,-71.1]]]]}},{"type":"Feature","properties":{},"geometry":{"type":"MultiPolygon","coordinates":[[[[173.9,-71.9],[174.2,-72],[174.3,-72],[173.6,-71.9],[173.8,-72],[173.9,-71.9]]]]}},{"type":"Feature","properties":{},"geometry":{"type":"MultiPolygon","coordinates":[[[[175.2,-72.1],[174.4,-72],[174.7,-72],[175,-72.1],[175.2,-72.1]]]]}},{"type":"Feature","properties":{},"geometry":{"type":"MultiPolygon","coordinates":[[[[177.1,-71.4],[176.8,-71.4],[177.1,-71.5],[177.1,-71.4]]]]}},{"type":"Feature","properties":{},"geometry":{"type":"MultiPolygon","coordinates":[[[[177.4,-71.5],[177.1,-71.4],[177.2,-71.5],[177.4,-71.5]]]]}},{"type":"Feature","properties":{},"geometry":{"type":"MultiPolygon","coordinates":[[[[175.8,-71.9],[175.3,-72],[175.5,-72],[175.7,-72],[175.7,-71.9],[175.8,-71.9]]]]}},{"type":"Feature","properties":{},"geometry":{"type":"MultiPolygon","coordinates":[[[[175.5,-72.1],[175.6,-72.1],[175.7,-72.1],[175.9,-72.2],[176,-72.1],[176.1,-72.1],[176,-72.2],[175.5,-72.1]]]]}},{"type":"Feature","properties":{},"geometry":{"type":"MultiPolygon","coordinates":[[[[177.6,-71.8],[177.5,-71.8],[177.5,-71.7],[177.6,-71.7],[177.6,-71.8]]]]}},{"type":"Feature","properties":{},"geometry":{"type":"MultiPolygon","coordinates":[[[[177.6,-71.8],[177.2,-71.9],[177.3,-71.9],[177.5,-71.9],[177.6,-71.9],[177.6,-71.8]]]]}},{"type":"Feature","properties":{},"geometry":{"type":"MultiPolygon","coordinates":[[[[165.1,-69.8],[165.1,-69.9],[165.4,-70.1],[165.7,-70.2],[165.9,-70.2],[165.1,-70],[165.1,-69.8]]]]}},{"type":"Feature","properties":{},"geometry":{"type":"MultiPolygon","coordinates":[[[[177.8,-71.4],[177.6,-71.6],[177.7,-71.4],[177.8,-71.3],[177.8,-71.4]]]]}},{"type":"Feature","properties":{},"geometry":{"type":"MultiPolygon","coordinates":[[[[40.3,-56.5],[38.7,-56.8],[38.6,-56.2],[38.4,-54.9],[40.5,-54.5],[40.5,-55.2],[40.3,-56.5]]]]}},{"type":"Feature","properties":{},"geometry":{"type":"MultiPolygon","coordinates":[[[[38.4,-56.7],[36.4,-58],[36.2,-59.2],[35.8,-60.1],[32.5,-61.2],[32.6,-62.1],[30.9,-62.9],[29.4,-63.8],[28.2,-62.4],[29.2,-60.8],[28.8,-59.9],[30.1,-57.7],[33.7,-57.3],[36.3,-56.2],[38.4,-55.7],[38.4,-56.7]]]]}},{"type":"Feature","properties":{},"geometry":{"type":"MultiPolygon","coordinates":[[[[152.6,-50.1],[152.7,-50.1],[152.8,-50.1],[152.8,-50.2],[152.9,-50.2],[153,-50.2],[153.1,-50.2],[153.2,-50.3],[153.3,-50.3],[153.4,-50.4],[153.5,-50.4],[153.6,-50.4],[153.6,-50.5],[153.7,-50.5],[153.8,-50.5],[153.8,-50.6],[153.9,-50.6],[154,-50.7],[154.1,-50.7],[154.2,-50.7],[154.3,-50.8],[154.4,-50.8],[154.4,-50.9],[154.5,-50.9],[154.6,-50.9],[154.7,-51],[154.8,-51],[154.8,-51.1],[155.2,-51.4],[155.3,-51.4],[155.4,-51.5],[155.4,-51.6],[155.5,-51.6],[155.6,-51.7],[155.7,-51.7],[155.7,-51.8],[155.8,-51.9],[155.8,-52],[155.8,-52.1],[155.8,-52.2],[155.9,-52.2],[156,-52.3],[156.1,-52.3],[156.2,-52.4],[156.3,-52.4],[156.4,-52.5],[156.5,-52.5],[156.6,-52.5],[156.7,-52.6],[156.8,-52.6],[156.9,-52.7],[157,-52.7],[157.1,-52.8],[157.2,-52.8],[157.3,-52.9],[157.4,-52.9],[157.5,-53],[157.6,-53.1],[157.7,-53.2],[157.8,-53.2],[157.8,-53.3],[157.9,-53.3],[158,-53.4],[158.1,-53.4],[158.2,-53.5],[158.2,-53.6],[158.3,-53.6],[158.3,-53.7],[158.4,-53.7],[158.4,-53.8],[158.5,-53.9],[158.6,-54],[158.7,-54.1],[158.7,-54.2],[158.8,-54.2],[158.9,-54.3],[158.9,-54.4],[159,-54.4],[159,-54.5],[159.1,-54.5],[159.1,-54.6],[159.2,-54.6],[159.2,-54.7],[159.3,-54.7],[159.3,-54.8],[159.4,-54.9],[159.5,-54.9],[159.5,-55],[159.6,-55],[159.7,-55.1],[159.7,-55.2],[159.8,-55.2],[159.9,-55.3],[159.9,-55.4],[160,-55.5],[160.1,-55.5],[160.1,-55.6],[160.2,-55.7],[160.3,-55.8],[160.4,-56],[160.5,-56],[160.6,-56.1],[160.6,-56.2],[160.7,-56.2],[160.7,-56.3],[160.8,-56.3],[160.8,-56.4],[160.7,-56.4],[160.6,-56.4],[160.5,-56.4],[160.4,-56.4],[160.3,-56.4],[160.2,-56.4],[160.1,-56.4],[160,-56.4],[160,-56.3],[159.9,-56.3],[159.8,-56.3],[159.8,-56.4],[159.7,-56.5],[159.7,-56.6],[159.7,-56.7],[159.7,-56.8],[159.6,-56.8],[159.7,-56.9],[159.7,-57],[159.7,-57.1],[159.7,-57.2],[159.7,-57.3],[159.7,-57.5],[159.7,-57.6],[159.8,-57.6],[159.8,-57.7],[159.8,-57.8],[159.8,-57.9],[159.8,-58],[159.9,-58.1],[160,-58.1],[160,-58.2],[160.1,-58.2],[160.1,-58.3],[160.2,-58.3],[160.2,-58.4],[160.1,-58.5],[160.1,-58.6],[160.1,-58.7],[160.2,-58.7],[160.2,-58.8],[160.3,-58.8],[160.3,-58.9],[160.4,-58.9],[160.5,-58.9],[160.5,-59],[160.5,-59.1],[160.6,-59.2],[160.5,-59.2],[160.5,-59.3],[160.6,-59.4],[160.6,-59.5],[160.7,-59.5],[160.7,-59.6],[160.7,-59.7],[160.8,-59.8],[160.8,-59.9],[160.8,-60],[160.8,-60.1],[160.8,-60.2],[160.9,-60.2],[160.9,-60.3],[160.9,-60.4],[160.9,-60.5],[160.9,-60.6],[161,-60.6],[161,-60.7],[161,-60.8],[161.1,-60.8],[161,-60.8],[160.9,-60.8],[160.9,-60.9],[160.7,-60.9],[160.6,-60.9],[160.4,-61],[160.3,-61],[160.2,-61],[160,-61],[160,-61.1],[159.8,-61.1],[159.7,-61.2],[159.6,-61.2],[159.5,-61.2],[159.3,-61.3],[159.2,-61.3],[159,-61.3],[158.9,-61.3],[158.7,-61.3],[158.6,-61.4],[158.5,-61.4],[158.4,-61.4],[158.3,-61.4],[158.1,-61.4],[157.9,-61.4],[157.8,-61.4],[157.7,-61.4],[157.6,-61.4],[157.5,-61.4],[157.4,-61.4],[157.3,-61.4],[157.2,-61.5],[157.1,-61.5],[157,-61.5],[156.9,-61.5],[156.8,-61.5],[156.7,-61.5],[156.6,-61.5],[156.5,-61.6],[156.4,-61.6],[156.3,-61.6],[156.2,-61.6],[156.2,-61.7],[156,-61.7],[155.9,-61.7],[155.8,-61.7],[155.7,-61.8],[155.6,-61.8],[155.5,-61.8],[155.3,-61.8],[155,-61.8],[154.9,-61.9],[154.8,-61.9],[154.7,-61.9],[154.6,-61.9],[154.5,-61.9],[154.4,-61.9],[154.2,-61.9],[154.1,-61.8],[154,-61.8],[153.9,-61.8],[153.8,-61.8],[153.7,-61.8],[153.5,-61.8],[153.3,-61.7],[154.1,-62.6],[153.9,-62.7],[153.8,-62.6],[153.7,-62.6],[153.7,-62.5],[153.6,-62.4],[153.5,-62.4],[152.9,-62.1],[152.6,-62.1],[152.5,-62],[152.4,-62],[152.3,-62],[152.2,-62],[152.1,-62],[151.9,-61.9],[151.6,-61.8],[151.2,-61.7],[151.2,-61.6],[151.1,-61.6],[151,-61.5],[150.9,-61.5],[150.8,-61.5],[150.8,-61.4],[150.7,-61.4],[150.2,-61.2],[149.9,-61.1],[149.8,-61],[149.7,-61],[149.5,-60.9],[147.8,-60.7],[146.6,-61.1],[146.6,-61.2],[146.6,-61.4],[146.7,-61.5],[146.8,-61.6],[146.5,-61.6],[145.1,-61.7],[143.8,-61.7],[142.7,-61.5],[142.5,-61.5],[142,-61.3],[141.9,-61.3],[140.8,-61.1],[140.1,-61],[139.3,-60.9],[138.8,-60.8],[137.8,-60.7],[136.9,-60.6],[135.9,-60.4],[135.3,-60.4],[134.6,-60.4],[134.7,-60.2],[135.8,-60.3],[136.6,-60.1],[137.7,-59.8],[138.3,-59.5],[138.4,-59.4],[138.5,-59.4],[138.5,-59.3],[138.6,-59.3],[138.7,-59.2],[138.7,-59.1],[138.8,-59.1],[138.8,-59],[138.9,-58.9],[139,-58.8],[139.1,-58.7],[139.2,-58.6],[139.3,-58.6],[139.4,-58.5],[139.5,-58.5],[139.6,-58.5],[139.7,-58.4],[139.8,-58.4],[139.9,-58.4],[139.9,-58.3],[139.9,-58.2],[139.8,-58.2],[139.8,-58.1],[139.8,-58],[139.8,-57.9],[139.7,-57.9],[139.7,-57.8],[139.7,-57.7],[139.7,-57.6],[139.7,-57.5],[139.7,-57.4],[139.6,-57.4],[139.6,-57.3],[139.6,-57.2],[139.5,-57.2],[139.5,-57.1],[139.6,-57.1],[139.7,-57.1],[139.7,-57.2],[139.8,-57.2],[139.9,-57.2],[140,-57.2],[140.1,-57.2],[140.2,-57.2],[140.2,-57.3],[140.3,-57.3],[140.4,-57.3],[140.5,-57.3],[140.6,-57.3],[140.7,-57.3],[140.8,-57.3],[140.9,-57.3],[141,-57.4],[141.1,-57.4],[141.2,-57.4],[141.2,-57.5],[141.3,-57.5],[141.4,-57.5],[141.5,-57.5],[141.6,-57.5],[141.7,-57.5],[141.7,-57.6],[141.8,-57.6],[141.9,-57.6],[142,-57.6],[142.1,-57.6],[142.2,-57.6],[142.3,-57.6],[142.4,-57.6],[142.5,-57.6],[142.5,-57.7],[142.6,-57.7],[142.7,-57.7],[142.8,-57.7],[142.9,-57.7],[143,-57.7],[143.1,-57.7],[143.2,-57.8],[143.3,-57.8],[143.4,-57.8],[143.5,-57.8],[143.6,-57.8],[143.7,-57.8],[143.8,-57.8],[143.8,-57.7],[143.9,-57.7],[144,-57.7],[144.1,-57.7],[144.2,-57.7],[144.3,-57.7],[144.4,-57.7],[144.4,-57.6],[144.5,-57.6],[144.6,-57.6],[144.7,-57.6],[144.8,-57.6],[144.9,-57.6],[145,-57.6],[145.1,-57.6],[145.2,-57.5],[145.3,-57.5],[145.4,-57.5],[145.5,-57.4],[145.7,-57.3],[146,-57.1],[146.1,-57.1],[146.1,-57],[146.2,-57],[146.3,-57],[146.4,-56.9],[146.5,-56.9],[146.6,-56.9],[146.7,-56.9],[146.7,-56.8],[146.8,-56.8],[146.9,-56.8],[146.9,-56.7],[147,-56.7],[147,-56.6],[147.1,-56.6],[147.1,-56.5],[147.2,-56.4],[147.3,-56.4],[147.4,-56.3],[147.5,-56.2],[147.5,-56.1],[147.6,-56.1],[147.7,-56],[147.8,-55.9],[147.9,-55.9],[147.9,-55.8],[148,-55.8],[148.1,-55.7],[148.2,-55.7],[148.3,-55.6],[148.4,-55.6],[148.4,-55.5],[148.5,-55.5],[148.6,-55.5],[148.6,-55.4],[148.7,-55.4],[148.8,-55.3],[148.9,-55.3],[148.9,-55.2],[149,-55.1],[149.1,-55],[149.1,-54.9],[149.2,-54.9],[149.2,-54.8],[149.2,-54.7],[149.1,-54.6],[149.1,-54.5],[149.2,-54.5],[149.2,-54.4],[149.3,-54.3],[149.4,-54.3],[149.4,-54.2],[149.5,-54.2],[149.6,-54.2],[149.6,-54.1],[149.7,-54.1],[149.7,-54],[149.8,-54],[149.8,-53.9],[149.9,-53.8],[149.9,-53.7],[150,-53.6],[150,-53.5],[150.2,-53.3],[150.2,-53.2],[150.2,-53.1],[150.2,-53],[150.3,-52.8],[150.3,-52.6],[150.3,-52.5],[150.2,-52.2],[150.2,-52.1],[150.3,-52.1],[150.3,-52],[150.4,-51.9],[150.5,-51.9],[150.5,-51.8],[150.6,-51.7],[150.7,-51.7],[150.8,-51.7],[150.1,-51.6],[149.4,-51.2],[149.5,-51.2],[149.6,-51.2],[149.7,-51.2],[149.8,-51.2],[149.9,-51.1],[150,-51.1],[150.1,-51.1],[150.2,-51.1],[150.3,-51],[150.4,-51],[150.5,-51],[150.6,-51],[150.7,-50.9],[150.8,-50.9],[150.9,-50.9],[150.9,-50.8],[151,-50.8],[151,-50.7],[151.1,-50.7],[151.2,-50.6],[151.3,-50.5],[151.5,-50.5],[151.6,-50.4],[151.7,-50.3],[151.8,-50.2],[151.9,-50.2],[152,-50.2],[152,-50.1],[152.1,-50.1],[152.2,-50],[152.5,-50.1],[152.6,-50.1]]]]}},{"type":"Feature","properties":{},"geometry":{"type":"MultiPolygon","coordinates":[[[[168.4,-70.4],[168.6,-70.4],[169.2,-70.4],[169.3,-70.3],[169.4,-70.3],[169.9,-70.3],[170,-70.3],[170.6,-70.2],[171.5,-70.2],[171.5,-70.3],[171.4,-70.3],[171.3,-70.3],[171.3,-70.4],[171.2,-70.4],[171.2,-70.5],[171.2,-70.6],[171.1,-70.6],[171,-70.7],[170.9,-70.7],[170.8,-70.8],[170.7,-70.8],[170.7,-70.9],[170.8,-70.9],[170.8,-71],[170.9,-71],[171,-71],[171,-71.1],[171.1,-71.1],[171,-71.2],[170.9,-71.2],[170.5,-71.2],[169.9,-71.1],[169.5,-71],[169.3,-70.9],[168.9,-70.8],[168.7,-70.8],[168.6,-70.7],[168.5,-70.6],[168.3,-70.5],[168.2,-70.4],[168.4,-70.4]]]]}},{"type":"Feature","properties":{},"geometry":{"type":"MultiPolygon","coordinates":[[[[50.9,-65.8],[49.6,-65.3],[47.5,-65.1],[47.5,-64.9],[44.2,-65.2],[42.7,-65.6],[43.1,-64.9],[48.2,-64.4],[50.9,-65.8]]]]}},{"type":"Feature","properties":{},"geometry":{"type":"MultiPolygon","coordinates":[[[[69.8,-65],[67.8,-65.6],[66.1,-65.8],[63.6,-64.2],[69.8,-65]]]]}},{"type":"Feature","properties":{},"geometry":{"type":"MultiPolygon","coordinates":[[[[63.6,-64.2],[58.6,-64.9],[57.3,-65],[51.6,-64.7],[53.4,-61.4],[55.5,-61.1],[60.6,-62.3],[63.6,-64.2]]]]}},{"type":"Feature","properties":{},"geometry":{"type":"MultiPolygon","coordinates":[[[[53.7,-60.7],[52.6,-63.1],[48.2,-64.4],[43.1,-64.9],[36.9,-65.3],[34.8,-63.7],[34.4,-61.9],[37.2,-60.9],[38.2,-60.3],[39,-59.8],[39.7,-59.3],[39.9,-59.3],[40.4,-59],[41.2,-58.6],[41.3,-58.5],[41.5,-58.4],[42.1,-58.2],[42.6,-58.1],[43,-57.9],[43.6,-57.6],[43.8,-57.5],[44.3,-57.2],[44.8,-57.1],[45.2,-57.1],[44.8,-56.9],[45.3,-56.8],[45.7,-56.6],[46.3,-56.3],[47.8,-56],[48,-55.9],[48.2,-55.8],[48.3,-55.7],[48.6,-56.2],[50.4,-59.1],[53.7,-60.7]]]]}},{"type":"Feature","properties":{},"geometry":{"type":"MultiPolygon","coordinates":[[[[30.1,-67.7],[30.7,-67.6],[31.8,-67.4],[30.9,-67],[29.2,-66.3],[28.5,-66.1],[29.3,-66.2],[31.4,-66.9],[32.8,-67.2],[33.2,-67.4],[30.1,-67.7]]]]}},{"type":"Feature","properties":{},"geometry":{"type":"MultiPolygon","coordinates":[[[[110.5,13.7],[110.8,13.3],[110.1,12.5],[109.7,12.3],[109.8,12.4],[110.1,12.3],[110.7,12.6],[108.3,9.4],[104.8,6.7],[102.6,0.9],[102.4,1],[102.4,0.8],[102.3,0.6],[102,0.5],[101.9,0.4],[101.7,0.2],[100.5,-0.4],[98.4,0.6],[99.6,4.4],[101.9,7.9],[106,9.7],[109.2,13.2],[110.5,13.7]]]]}},{"type":"Feature","properties":{},"geometry":{"type":"MultiPolygon","coordinates":[[[[103.5,11.8],[106.6,11.6],[104.1,10.7],[101,10.5],[98.5,10.5],[95.9,8.6],[95.8,5.9],[96.4,3.9],[98.4,0.6],[96.3,1],[94.5,3.6],[94.2,7.7],[95,8.1],[96.8,10.9],[101.4,11.9],[103.5,11.8]]]]}},{"type":"Feature","properties":{},"geometry":{"type":"MultiPolygon","coordinates":[[[[132.3,24.8],[129.3,25.4],[129.3,26.1],[130.3,27.7],[131.4,29.1],[134.7,30.3],[135.2,30.1],[135.3,29.7],[135.3,29.5],[135.1,29.5],[135.1,29.7],[134.9,29.7],[134.5,29.7],[134.3,29.6],[133.7,29.7],[133.7,29.4],[133.5,29.5],[133.1,29.4],[132.9,29.3],[132.7,29.1],[132.4,29],[131.7,28.6],[131.9,28],[132.4,27.6],[132.4,27.1],[132.3,26.1],[132.6,25.3],[132.4,25.1],[132.1,25.3],[131.8,25.5],[131.7,25.4],[132.3,24.8]]]]}},{"type":"Feature","properties":{},"geometry":{"type":"MultiPolygon","coordinates":[[[[141.8,31.1],[141,31],[140.6,30.6],[140.4,30.5],[139.5,30],[137.9,30.3],[138.2,30.5],[138.6,30.5],[138.7,31.1],[139,31.3],[138.7,31.4],[138.2,31.5],[138.1,32],[137.6,32],[137.3,32],[137,32],[136.3,32],[135.9,31.7],[135.6,31.6],[135.8,32],[137.1,32.2],[138.7,32.2],[140.1,32.5],[141.5,32.4],[141.8,31.1]]]]}},{"type":"Feature","properties":{},"geometry":{"type":"MultiPolygon","coordinates":[[[[140.4,26.1],[140,26.4],[139.8,26.3],[139.7,26.2],[139.5,26.4],[139.2,26.4],[139,26.3],[138.9,26.3],[138.8,26],[138.6,26.2],[138.7,26.2],[138.3,26.1],[138.1,26.1],[138,26.3],[137.8,26.3],[138,26.4],[138.1,26.7],[137.9,26.7],[138,26.9],[138.1,27.1],[138.3,27.2],[138.3,27.3],[138.7,27.5],[138.8,27.7],[138.6,27.8],[138.7,28.3],[138.5,28.4],[138.4,28.5],[138.5,28.4],[138.6,28.6],[138.6,28.5],[138.7,28.4],[138.8,28.6],[139,28.5],[139.2,28.4],[139.1,28.5],[139.2,28.8],[139.2,29.3],[139.3,29.3],[139.1,29.4],[138.6,29.7],[138.5,29.7],[138.3,29.6],[138.2,29.6],[138.2,29.7],[138,29.7],[137.9,29.8],[138.1,29.9],[137.8,30.1],[137.9,30.2],[140.7,30.2],[141,29.1],[141,27],[140.8,26.4],[140.4,26.1]]]]}},{"type":"Feature","properties":{},"geometry":{"type":"MultiPolygon","coordinates":[[[[122,30.5],[123.9,29.4],[126.4,27],[127.2,26.6],[128.5,25.8],[127.8,25.2],[125.4,27.3],[122.8,29.9],[120.5,31],[119.4,31.3],[118.7,31.7],[121.2,30.8],[122,30.5]]]]}},{"type":"Feature","properties":{},"geometry":{"type":"MultiPolygon","coordinates":[[[[106.6,11.6],[107.5,12.5],[107.8,11.3],[103.8,8.8],[100.5,5.9],[99.2,1.3],[97.4,2.8],[95.7,4.9],[95.7,7.1],[97,10],[99.7,10.1],[102.4,11],[106,10.3],[106.6,11.6]]]]}},{"type":"Feature","properties":{},"geometry":{"type":"MultiPolygon","coordinates":[[[[140.4,26.1],[140.3,26.1],[140,26.3],[140.4,26.1]]]]}},{"type":"Feature","properties":{},"geometry":{"type":"MultiPolygon","coordinates":[[[[139,26.3],[139.2,26.2],[138.9,26.1],[139,26.3]]]]}},{"type":"Feature","properties":{},"geometry":{"type":"MultiPolygon","coordinates":[[[[137.6,25],[137.4,25.3],[137.8,25],[137.6,25]]]]}},{"type":"Feature","properties":{},"geometry":{"type":"MultiPolygon","coordinates":[[[[140,26.1],[139.8,25.9],[139.9,26],[140,26.1]]]]}},{"type":"Feature","properties":{},"geometry":{"type":"MultiPolygon","coordinates":[[[[139.4,24],[139.1,23.9],[139.3,23.9],[139.4,24]]]]}},{"type":"Feature","properties":{},"geometry":{"type":"MultiPolygon","coordinates":[[[[139.3,26.3],[139.3,26.1],[139.2,26.1],[139.3,26.3]]]]}},{"type":"Feature","properties":{},"geometry":{"type":"MultiPolygon","coordinates":[[[[91.4,54.8],[91.5,53.7],[91,52.7],[90.3,51.7],[89.5,50.7],[88.5,49.9],[87.4,49.2],[86.3,48.4],[85.5,47.9],[84.2,47.1],[82.9,46.4],[81.4,45.2],[80.2,44],[79.2,42.6],[78.2,41.1],[77.1,39.4],[76,38],[75,37.3],[73.5,36.7],[72.3,35.9],[73.5,37.8],[75.3,39.3],[75.7,41.4],[75.9,43.2],[77.2,45.1],[80.1,46.8],[82.4,48.2],[84.2,50],[85.2,51.6],[87.4,53],[90.8,54.6],[91.4,54.8]]]]}},{"type":"Feature","properties":{},"geometry":{"type":"MultiPolygon","coordinates":[[[[144.7,33.6],[144.8,32.7],[144.6,32.9],[144.4,32.8],[144.4,32.7],[144.1,32.7],[144,32.9],[143.2,33.3],[142.2,33.9],[140.8,34.1],[138.9,34.5],[137,34.9],[135.7,35.1],[132.2,36.3],[128.8,37.1],[127.5,37.2],[126.3,37.8],[123.8,37.9],[123.6,39.1],[129.1,37.8],[135.2,36.9],[142.4,34.5],[144.7,33.6]]]]}},{"type":"Feature","properties":{},"geometry":{"type":"MultiPolygon","coordinates":[[[[20.6,67.7],[23.2,70.6],[24.1,73.7],[23.6,74.6],[21.7,75.1],[23.1,75.1],[22.4,75.4],[24.5,75.3],[25.3,75.5],[28.2,75.5],[28.6,75.6],[30.4,75.4],[30.6,75.2],[31.6,73.1],[30,71.8],[30,71.7],[27.2,69.6],[20.6,67.6],[20.6,67.7]]]]}},{"type":"Feature","properties":{},"geometry":{"type":"MultiPolygon","coordinates":[[[[17.2,75.4],[18.4,75.5],[19.5,75.4],[21.3,75.4],[23,75.1],[23.3,74.6],[24,72.5],[21.3,68.7],[17.7,68.5],[13.6,70.2],[14.5,71],[14.8,71.8],[14.2,71.8],[14.8,72.7],[16.3,72.9],[16.7,73.4],[17.4,73.8],[17.9,74.4],[17.2,75.3],[17.2,75.4]]]]}},{"type":"Feature","properties":{},"geometry":{"type":"MultiPolygon","coordinates":[[[[17.2,75.4],[16.8,76],[22.3,76.5],[27.2,76.3],[31.2,75.6],[31.7,75.1],[30.3,75.3],[30,75.6],[28.6,75.5],[27.9,75.5],[25.2,75.5],[23.4,75.3],[23,75.2],[23.1,75.1],[21,75.5],[19.3,75.4],[18.2,75.4],[17.2,75.4]]]]}},{"type":"Feature","properties":{},"geometry":{"type":"MultiPolygon","coordinates":[[[[38,65.4],[40.4,65.3],[44.6,64.6],[46.3,64.4],[49.9,64.2],[53.6,64.2],[54.8,64.1],[52.7,63.7],[46.8,62.5],[39,61.2],[34.7,59.2],[30.4,57.4],[25.2,55.3],[22.9,55.4],[24,56.6],[25.2,57.3],[26.4,58.2],[31.1,61],[35.7,64.7],[38,65.4]]]]}},{"type":"Feature","properties":{},"geometry":{"type":"MultiPolygon","coordinates":[[[[20.4,62.7],[21.8,61.2],[20.7,59.4],[18.1,57.9],[16.9,58.1],[14.8,59.5],[14.9,60.7],[18.3,61.6],[20.4,62.7]]]]}},{"type":"Feature","properties":{},"geometry":{"type":"MultiPolygon","coordinates":[[[[16,68],[11.6,69],[10.8,69.1],[9.8,69.4],[9.9,70.2],[10.2,70.3],[12.1,71.9],[13.3,72.7],[14.3,73.5],[13.2,73.6],[14.7,75.3],[17.2,75.4],[17.3,75.1],[17.4,73.9],[17,73.5],[16.5,73],[15,72.8],[14.5,72.1],[14.4,71.7],[14.5,71.2],[14.1,70.6],[15.7,69.1],[20.6,67.6],[21.5,66.9],[23.3,65.9],[20.2,67.2],[16,68]]]]}},{"type":"Feature","properties":{},"geometry":{"type":"MultiPolygon","coordinates":[[[[12.3,33],[12.6,32.8],[12.9,32.6],[12.1,32.4],[11.9,32.2],[12.2,32.3],[13.1,32.6],[13.4,32.2],[13.6,31.8],[12.3,31.6],[12.3,31.2],[12.8,31.4],[13.2,30.8],[13.9,31.6],[14.1,30.8],[14.5,31.1],[14.9,31.4],[14.8,31.6],[15.6,31.7],[15.6,30.8],[15.1,30.6],[14.7,30.2],[15.3,30.5],[14.9,30],[14.9,29.6],[15,29.7],[15.4,29.6],[15.3,29.1],[15.1,28.6],[15.2,28.4],[15.2,27.9],[15.3,27.4],[15.9,27.5],[15.5,27.5],[15.6,27.3],[15.8,27.2],[16.1,27.2],[15.6,26.7],[15.7,26.6],[15.3,26.5],[15.5,26.3],[15.4,26.2],[15.7,26.1],[15.9,26],[16,25.8],[16.1,25.8],[16.5,25],[15.6,25.4],[16.2,25],[15.7,24.9],[16.3,24.6],[16.6,24.6],[16.5,24.2],[16,24.2],[15.9,23.9],[16.2,23.4],[16.6,23.8],[16.3,23.2],[15.7,23.4],[15.5,23.5],[15,23.5],[15.2,23],[14.6,23],[14.6,22.7],[14.7,22.7],[15.3,22.6],[14.6,22.4],[15,22.3],[15.3,22.4],[15.1,22],[15.6,22.1],[16.4,21.7],[16.5,21.6],[16.6,21.3],[16.7,21.1],[16.8,21],[16.8,20.8],[16.9,20.7],[17,20.6],[16.9,20.4],[16.4,20.2],[15.8,21],[15.1,21.2],[14.5,21.5],[14.8,21.3],[14.9,21.1],[15.5,20.9],[15.1,20.5],[14.6,20.5],[14.3,19.9],[15.3,20.1],[14.9,19.6],[14.8,19.6],[15.2,19.8],[15.8,20],[16.9,20],[16.6,19.8],[16.7,19.6],[16.5,19.5],[16.3,19.3],[16.1,19.1],[16.1,18.9],[15.8,18.8],[15.8,18.6],[15.6,18.4],[15.4,18.2],[15.1,18.1],[14.9,18.1],[14.6,17.9],[14.3,17.9],[14.2,17.6],[14,17.5],[13.8,17.6],[13.5,17.7],[13.2,17.9],[13.5,17.4],[13.3,17.3],[13,16.9],[12.9,16.6],[12.8,16.4],[12.7,16.2],[12.6,15.9],[12.5,15.7],[12.3,15.7],[12.2,15.6],[12.1,15.5],[12,15.3],[11.8,15.3],[11.6,15.2],[11.5,15.2],[11.4,15.2],[11.3,15.3],[11.3,15.7],[11.3,15.6],[11.2,15.5],[11.2,15.3],[11,15.2],[11.1,15],[10.9,15.1],[10.8,15],[10.6,15],[10.5,15],[10.3,14.9],[10.4,14.6],[10.3,14.5],[9.9,14.5],[9.7,14.3],[10,13.7],[9.5,13.7],[9.9,13.3],[9.7,13.1],[9.8,12.9],[9.6,13],[9.6,12.8],[9.4,13],[9.4,12.7],[9.2,12.7],[9.2,12.6],[9.4,12.4],[9.2,12.3],[8.9,12.3],[9,12.1],[8.9,12.1],[9,11.9],[9.1,11.8],[9.1,11.7],[8.9,11.4],[9.1,11.3],[8.7,11.2],[8.9,11.1],[8.9,11],[8.8,10.7],[8.3,10.6],[8.7,10.4],[8.4,10.4],[8.6,10.1],[8.6,10],[8.5,10],[8.3,10],[8,10.1],[8.4,9.9],[8.4,9.7],[8.2,9.6],[8,9.9],[7.8,9.7],[7.7,9.6],[7.5,9.6],[7.8,9.8],[7.4,9.7],[7.3,10.1],[7.3,10],[7.3,10.2],[7.3,10.3],[7.3,10.4],[7.4,10.6],[7.1,10.5],[7,10.4],[7.4,10.7],[7.1,10.6],[7.2,10.8],[7,10.7],[6.9,10.6],[6.8,10.6],[6.5,10.7],[6.5,10.6],[6.3,10.7],[6.2,11],[6.1,11.1],[5.9,11],[6,11.1],[5.9,11.2],[5.8,11.2],[6.1,11.4],[5.6,11.4],[5.7,11.4],[5.7,11.7],[5.6,11.7],[5.8,11.9],[5.8,11.8],[5.5,11.8],[5.7,12],[5.6,12.1],[5.6,12.2],[5.4,12.6],[5.4,12.7],[5.5,12.9],[5.3,12.9],[5.2,13.2],[5.3,13.3],[5.1,13.3],[5.2,13.6],[5.4,13.6],[5.1,13.6],[5,13.7],[5.3,13.9],[5.2,14],[5.7,14.1],[5.1,14.1],[5.4,14.2],[5.5,14.3],[5.7,14.4],[5.6,14.5],[5.7,14.6],[5.7,14.4],[5.9,14.5],[5.6,14.7],[5.5,15.2],[5.4,14.7],[5.1,14.8],[5.3,14.9],[5.3,15],[5,14.8],[5,14.9],[5.1,15.2],[5.1,15.3],[4.9,15.3],[5.4,15.7],[5.3,15.7],[4.9,15.5],[4.9,15.6],[4.9,15.7],[5,16],[5.4,15.9],[5.1,15.9],[4.7,16],[4.7,16.2],[5.5,16.6],[6.1,16.7],[5.4,16.6],[4.6,16.3],[4.9,16.4],[5.1,16.6],[5,16.8],[5.4,16.8],[5.3,17],[5,17.1],[4.8,17.2],[5.5,17.4],[4.9,17.5],[5.2,17.7],[5.3,17.8],[6.1,17.4],[6.1,17.6],[6.2,17.7],[6.1,17.9],[5.5,17.8],[5,17.6],[5.1,17.9],[5.2,17.9],[5.4,18],[5.7,17.9],[5.2,18.2],[5.6,18.2],[6.4,17.8],[6.1,18],[6.3,18.4],[5.6,18.2],[5.2,18.4],[5.6,18.5],[5.9,18.6],[6.2,18.6],[6.4,18.5],[6.2,18.6],[6.5,19],[6.5,18.8],[6.7,18.8],[6.5,19],[6.6,19],[6.4,19.1],[6.6,19.3],[6.7,19.4],[6.7,19.7],[6.5,19.9],[6.4,19.9],[5.4,20.8],[6.8,20.1],[6.5,20.4],[6.7,20.4],[6.7,20.6],[6.8,20.5],[6.5,20.9],[6.7,21],[6.3,21.1],[6.4,21.3],[6.7,21.6],[6.2,21.7],[6.1,22.3],[6,21.6],[5.9,21.5],[5.4,21.5],[5.5,21.9],[5.9,22.3],[5.6,22.2],[5.9,22.4],[5.7,22.5],[5.9,22.6],[6,22.7],[6.1,22.9],[5.9,23.1],[5.9,23.3],[5.9,23.8],[5.9,23.9],[6,24.1],[6,24.4],[5.9,24.5],[6.1,24.6],[5.9,24.8],[5.9,25.1],[5.8,25.6],[5.9,25.9],[5.7,26.1],[5.5,26.4],[5.1,26.8],[4.9,27],[4.6,27],[4.3,27],[4.3,27.1],[3.9,27.2],[3.5,27.3],[3.9,27.6],[3.5,28],[3.4,28.2],[3.6,28.4],[4.6,28],[4.4,28.3],[4.8,28.3],[4.3,28.6],[4.2,28.8],[3.8,29],[3.7,29.5],[4.3,29.7],[4.7,29.7],[4.9,29.9],[5.4,29.8],[6,30],[6.5,30.5],[6.1,30.5],[6.4,31.1],[6.7,31.3],[7.1,31.4],[7.4,31.4],[7.9,31.8],[8.5,32],[8.6,32],[8.8,31.4],[9.2,31.5],[9.4,32.1],[10,31.4],[10.6,31.6],[10.7,32.1],[11,31.9],[10.4,32.3],[10.4,32.6],[10.5,32.6],[10.8,32.5],[11.2,32.1],[11.5,32.5],[11.4,32.9],[11.7,32.9],[11.9,32.8],[12.3,33]]]]}},{"type":"Feature","properties":{},"geometry":{"type":"MultiPolygon","coordinates":[[[[5.9,19.9],[6.1,19.5],[5.6,19.5],[5.4,19.6],[5.1,19.8],[5.2,20.1],[5.4,20.4],[5.9,19.9]]]]}},{"type":"Feature","properties":{},"geometry":{"type":"MultiPolygon","coordinates":[[[[15.7,20.3],[14.8,20],[15,20.5],[15.6,20.6],[15.7,20.3]]]]}},{"type":"Feature","properties":{},"geometry":{"type":"MultiPolygon","coordinates":[[[[16,22.6],[16.3,22.3],[16.5,22],[16.1,22.1],[15.6,22.5],[16,22.6]]]]}},{"type":"Feature","properties":{},"geometry":{"type":"MultiPolygon","coordinates":[[[[15.4,23.1],[16,22.8],[15.2,23],[15.4,23.1]]]]}},{"type":"Feature","properties":{},"geometry":{"type":"MultiPolygon","coordinates":[[[[16.4,22.7],[16,22.6],[15.5,22.6],[16.4,22.7]]]]}},{"type":"Feature","properties":{},"geometry":{"type":"MultiPolygon","coordinates":[[[[16.9,25.3],[17.1,25.2],[16.7,25],[16.8,25.3],[16.9,25.3]]]]}},{"type":"Feature","properties":{},"geometry":{"type":"MultiPolygon","coordinates":[[[[11.3,15.2],[11.4,15],[11.3,14.9],[11.3,15.2]]]]}},{"type":"Feature","properties":{},"geometry":{"type":"MultiPolygon","coordinates":[[[[6.4,19.8],[6.4,19.4],[6.4,19.7],[6.4,19.8]]]]}},{"type":"Feature","properties":{},"geometry":{"type":"MultiPolygon","coordinates":[[[[8,9.7],[8.4,9.5],[8.2,9.4],[8.2,9.6],[8,9.7]]]]}},{"type":"Feature","properties":{},"geometry":{"type":"MultiPolygon","coordinates":[[[[10,14.1],[10.1,13.9],[9.9,14.3],[10.1,14.1],[10,14.1]]]]}},{"type":"Feature","properties":{},"geometry":{"type":"MultiPolygon","coordinates":[[[[9.3,12.2],[9.2,12.1],[9.1,12.2],[9.3,12.2]]]]}},{"type":"Feature","properties":{},"geometry":{"type":"MultiPolygon","coordinates":[[[[6.7,10.6],[6.7,10.5],[6.6,10.5],[6.7,10.6]]]]}},{"type":"Feature","properties":{},"geometry":{"type":"MultiPolygon","coordinates":[[[[-35.7,-58.9],[-37.1,-61],[-37.9,-61.2],[-40,-62.5],[-40.7,-63.8],[-42,-62.5],[-40,-61.2],[-39,-59.5],[-39.9,-58.8],[-40.9,-59.5],[-42.3,-59.6],[-43.6,-60.9],[-43.5,-59.5],[-42.8,-59.5],[-42.6,-59.1],[-41.9,-57.6],[-40.4,-57.3],[-38.7,-57.1],[-37.3,-56.2],[-36.5,-54.9],[-36.1,-54.7],[-34.9,-54.3],[-34.4,-54.1],[-35.3,-56.4],[-35.7,-58.9]]]]}},{"type":"Feature","properties":{},"geometry":{"type":"MultiPolygon","coordinates":[[[[7.2,-56.1],[7.8,-59.1],[5.3,-59.4],[0.2,-59.6],[-2.3,-59.9],[-2.5,-59.1],[-1.4,-57.4],[-2.6,-55.6],[-2.5,-55.1],[1,-55.4],[4.7,-55.5],[5.8,-55.1],[6.3,-55.6],[6.1,-56.9],[5.7,-57.2],[6.2,-57.7],[6.7,-57.1],[7.2,-56.1]]]]}},{"type":"Feature","properties":{},"geometry":{"type":"MultiPolygon","coordinates":[[[[-24.8,-53.4],[-27.3,-52],[-26.6,-50.9],[-25,-49],[-23.3,-49.3],[-25.6,-51.9],[-24.8,-53.4]]]]}},{"type":"Feature","properties":{},"geometry":{"type":"MultiPolygon","coordinates":[[[[-6.7,-68.2],[-7.5,-68.3],[-7.6,-68.6],[-7.8,-68.7],[-8.7,-69],[-9.3,-69.4],[-10.5,-70],[-12.7,-70.4],[-14.2,-70.6],[-14.2,-70.8],[-20.9,-69.6],[-23.1,-69.4],[-23.9,-69.5],[-30.6,-70],[-31,-69.6],[-27.9,-69.2],[-19.5,-67.6],[-16.3,-66.6],[-12.1,-66.9],[-8.8,-67.1],[-6.1,-67.2],[-4.6,-66.9],[-3.4,-66.6],[-2.5,-66.3],[-1.6,-65.6],[-1,-64.9],[0.7,-66.5],[-6.4,-67.7],[-6.7,-68.2]]]]}},{"type":"Feature","properties":{},"geometry":{"type":"MultiPolygon","coordinates":[[[[-40,-62.5],[-37.9,-61.2],[-37.1,-61],[-35.9,-60.9],[-33.5,-60.4],[-31.7,-60.2],[-32.4,-60.9],[-37,-61.7],[-38.1,-61.4],[-40,-62.5]]]]}},{"type":"Feature","properties":{},"geometry":{"type":"MultiPolygon","coordinates":[[[[-6.5,-61.8],[-7.1,-62.6],[-9.7,-62.4],[-12.2,-61.9],[-15.1,-61.5],[-18.7,-61.5],[-19.6,-61.3],[-21.5,-60.7],[-22.7,-60.3],[-23.7,-59.8],[-22.3,-59.9],[-19.1,-60.1],[-13.9,-60.4],[-12.1,-60.7],[-8.6,-61.1],[-6.9,-61.6],[-6.5,-61.8]]]]}},{"type":"Feature","properties":{},"geometry":{"type":"MultiPolygon","coordinates":[[[[-31.5,-69.6],[-32.2,-69.6],[-40.7,-68.1],[-41.7,-65.5],[-40.7,-63.8],[-40.4,-64.7],[-38.7,-65.9],[-34.3,-67.2],[-32.6,-68],[-31.5,-69.6]]]]}},{"type":"Feature","properties":{},"geometry":{"type":"MultiPolygon","coordinates":[[[[-10.1,-67.1],[-15.6,-66.8],[-16.8,-66.4],[-19.4,-65.4],[-21.4,-64.5],[-22.4,-63.8],[-24.2,-62.3],[-24.6,-60.9],[-23.6,-60.3],[-21.9,-60.6],[-20,-61],[-19.3,-62],[-19.4,-63.4],[-17.3,-64.4],[-15.2,-64.8],[-12.6,-65.6],[-9.7,-66.4],[-10.1,-67.1]]]]}},{"type":"Feature","properties":{},"geometry":{"type":"MultiPolygon","coordinates":[[[[-23.9,-60.1],[-24.6,-61.1],[-23.9,-62.7],[-22.3,-63.9],[-21.1,-64.7],[-19,-65.6],[-16.6,-66.6],[-21.5,-68.3],[-29,-69.5],[-31.5,-69.6],[-33.2,-67.5],[-37.1,-66.4],[-39.8,-65.2],[-40.7,-64.3],[-40.5,-63.3],[-38.3,-61.7],[-37.4,-61.6],[-33.5,-61.4],[-27.8,-59.7],[-25.6,-59.4],[-23.9,-60.1]]]]}},{"type":"Feature","properties":{},"geometry":{"type":"MultiPolygon","coordinates":[[[[-24.2,-59.1],[-27,-59.5],[-29.4,-59.9],[-33,-60.3],[-35.2,-60.8],[-36.8,-61],[-36.2,-59.9],[-34.2,-57.3],[-32.8,-55.6],[-31.7,-54.8],[-29.2,-56],[-26.2,-57.1],[-22.6,-58.9],[-19.2,-59.9],[-20.1,-60.1],[-22.9,-59.7],[-24.2,-59.1]]]]}},{"type":"Feature","properties":{},"geometry":{"type":"MultiPolygon","coordinates":[[[[-24,-59.3],[-27,-59.5],[-24.2,-59.1],[-24,-59.3]]]]}},{"type":"Feature","properties":{},"geometry":{"type":"MultiPolygon","coordinates":[[[[-10.1,-67.1],[-6.8,-66.1],[-4.4,-64.1],[-5.1,-63],[-3.8,-63.7],[-2.5,-64.6],[-2.2,-65.1],[-1.8,-64.5],[-1,-64.9],[-1.6,-65.6],[-2.5,-66.3],[-3.4,-66.6],[-4.6,-66.9],[-6.1,-67.2],[-8.8,-67.1],[-10.1,-67.1]]]]}},{"type":"Feature","properties":{},"geometry":{"type":"MultiPolygon","coordinates":[[[[-12.5,-55.2],[-17.6,-55.9],[-19.6,-57.4],[-23.4,-55.9],[-24.1,-54],[-24.9,-53.3],[-25.1,-50.9],[-21.9,-47.5],[-20.2,-47],[-18.4,-46.9],[-16.9,-47.1],[-15.1,-46.3],[-14.6,-45.5],[-13.5,-44.7],[-12.8,-44.6],[-11.2,-42.3],[-10.9,-42.5],[-11,-42.4],[-10.4,-41.7],[-8.2,-42.8],[-8.6,-44.4],[-10.7,-48],[-11.1,-51.2],[-11.8,-54.5],[-12.5,-55.2]]]]}},{"type":"Feature","properties":{},"geometry":{"type":"MultiPolygon","coordinates":[[[[11.7,-61.4],[10.7,-60.1],[11.1,-59.3],[13.6,-59.9],[14.7,-60.3],[11.7,-61.4]]]]}},{"type":"Feature","properties":{},"geometry":{"type":"MultiPolygon","coordinates":[[[[11.7,-61.4],[9.1,-62.5],[7.1,-62.6],[8.5,-62.1],[9.1,-61.3],[9.5,-59.7],[10.5,-59.6],[11.1,-61.2],[11.7,-61.4]]]]}},{"type":"Feature","properties":{},"geometry":{"type":"MultiPolygon","coordinates":[[[[8,-61.4],[6.2,-62.1],[4.2,-62.2],[-1.2,-61.4],[-5.9,-60.4],[-5.2,-59.3],[-3,-59.9],[-1.1,-59.8],[2.7,-59.5],[7.4,-59.9],[8.3,-60.5],[8,-61.4]]]]}},{"type":"Feature","properties":{},"geometry":{"type":"MultiPolygon","coordinates":[[[[27,-48.6],[28.3,-48.3],[29,-47.9],[30.3,-47.9],[30.3,-48.6],[29.9,-49],[29.8,-49.9],[28.7,-49.4],[27,-48.6]]]]}},{"type":"Feature","properties":{},"geometry":{"type":"MultiPolygon","coordinates":[[[[13.5,-49.7],[9.5,-52.3],[9.6,-51.5],[7.6,-53.6],[6.6,-54.4],[5.8,-55.1],[4.7,-55.5],[1,-55.4],[-2.5,-55.1],[-6.8,-54.7],[-3.2,-54.3],[0.9,-53.3],[5.1,-51],[6.4,-49.8],[7.3,-49.6],[8.6,-47.8],[9.7,-48.2],[10.3,-48.7],[11.9,-48.3],[12,-48.4],[12.9,-49],[12.5,-49.2],[12.8,-49.5],[13.3,-49.6],[13.5,-49.7]]]]}},{"type":"Feature","properties":{},"geometry":{"type":"MultiPolygon","coordinates":[[[[3.3,-39.5],[4.8,-40.3],[5.9,-41.4],[7.7,-42.5],[8.5,-44.2],[8.1,-46],[8.1,-48.8],[6.7,-49.7],[5.2,-50.8],[3.3,-52.4],[-1.1,-54],[-5.2,-54.4],[-9.7,-54.7],[-11.5,-53.9],[-11,-50.7],[-10.5,-46.6],[-7.6,-44.3],[-9.3,-41.5],[-9.8,-39.8],[-9.6,-38.8],[-9.6,-38],[-9.6,-37.9],[-9.3,-37.3],[-8.9,-36.5],[-8.6,-36.1],[-8.6,-36.3],[-8.3,-36.4],[-7.3,-36.1],[-7.2,-36.3],[-7,-36.3],[-7,-36.1],[-7,-35.7],[-6.8,-35.9],[-6.3,-35.7],[-6.5,-35.4],[-4.8,-34.8],[-4,-34.5],[-3.7,-33.9],[-3.6,-33.9],[-2.4,-33.9],[-2.8,-35.3],[-1.5,-37.4],[-1.4,-37.8],[-0.6,-38.2],[0.6,-38.3],[0.9,-38.3],[1.8,-38.4],[1.5,-38.9],[3.3,-39.5]]]]}},{"type":"Feature","properties":{},"geometry":{"type":"MultiPolygon","coordinates":[[[[9.9,-41.3],[5.3,-40.6],[3.5,-40],[2.2,-37.7],[1.4,-37.9],[0.9,-37.8],[-0.2,-37.1],[-0.8,-36],[-1.5,-35.1],[-1.9,-34.5],[-2.4,-33.9],[-1.2,-33.4],[2.5,-34.5],[7.1,-37.6],[9.9,-41.3]]]]}},{"type":"Feature","properties":{},"geometry":{"type":"MultiPolygon","coordinates":[[[[22.2,-52.8],[19.3,-52.8],[20,-52.6],[19.1,-52.3],[19.2,-51.9],[18.8,-48.8],[22.5,-48.2],[22.4,-50.9],[21.6,-52.8],[22.2,-52.8]]]]}},{"type":"Feature","properties":{},"geometry":{"type":"MultiPolygon","coordinates":[[[[22.2,-20],[18.7,-25.2],[15.6,-29.7],[18.6,-30.4],[21.9,-27.8],[28.4,-28.8],[30.4,-26.9],[31.4,-26.3],[28.2,-31],[25.7,-32.4],[25.5,-33.2],[26.4,-33.1],[27.4,-33.1],[29,-33.2],[29.4,-34.4],[29.5,-35.8],[29.1,-37.7],[28.6,-38.3],[29.1,-38.6],[29.8,-39],[29.4,-39.4],[29,-39.8],[28.6,-40.8],[27.4,-40.8],[23.4,-39.4],[19.7,-40.1],[13.8,-36.6],[8.8,-35.2],[3.7,-32.4],[4.4,-31.3],[6.4,-30.4],[6.5,-30.9],[7,-30.8],[7.7,-31.1],[7.8,-32.6],[12.9,-32.1],[14.5,-30.2],[12.7,-27.3],[10.2,-25.6],[10.8,-23.1],[12,-24.7],[13.6,-23.5],[15.3,-22.4],[17.7,-21.3],[17.7,-19.2],[14.6,-16.8],[12.1,-17.4],[11.3,-19.8],[13.9,-16.7],[19.1,-14.6],[21.7,-19],[22.2,-20]]]]}},{"type":"Feature","properties":{},"geometry":{"type":"MultiPolygon","coordinates":[[[[7.7,-31],[7,-30.4],[7.2,-30.1],[7.9,-30.5],[7.7,-31]]]]}},{"type":"Feature","properties":{},"geometry":{"type":"MultiPolygon","coordinates":[[[[33.4,-27.3],[32.7,-27.8],[32.2,-28.2],[32.1,-27.7],[32.5,-27],[33.3,-27.3],[33.4,-27.3]]]]}},{"type":"Feature","properties":{},"geometry":{"type":"MultiPolygon","coordinates":[[[[33.7,-27],[33.3,-27.2],[33.6,-26.9],[33.7,-27]]]]}},{"type":"Feature","properties":{},"geometry":{"type":"MultiPolygon","coordinates":[[[[32.7,-28.1],[33.2,-27.8],[32.8,-28.1],[32.7,-28.1]]]]}},{"type":"Feature","properties":{},"geometry":{"type":"MultiPolygon","coordinates":[[[[34.3,-33],[34.3,-34],[34.2,-34.4],[33.8,-35],[32.4,-35.6],[30.3,-35.6],[29.7,-33.8],[30.4,-31.7],[32.4,-32.4],[32.5,-33.3],[34.3,-33]]]]}},{"type":"Feature","properties":{},"geometry":{"type":"MultiPolygon","coordinates":[[[[38.2,-32],[37.7,-32.9],[37,-31.6],[37.7,-31.3],[38.2,-32]]]]}},{"type":"Feature","properties":{},"geometry":{"type":"MultiPolygon","coordinates":[[[[41.5,-35.6],[40.8,-36.4],[41.4,-35.4],[41.5,-35.6]]]]}},{"type":"Feature","properties":{},"geometry":{"type":"MultiPolygon","coordinates":[[[[34.1,-36.4],[33.1,-37.6],[31.9,-39.7],[31.6,-39.2],[32.3,-38.3],[31.6,-37.4],[30.5,-36.7],[30,-36.2],[30.3,-35.6],[32.4,-35.6],[33.8,-35],[33.8,-35.3],[34,-36.3],[34.1,-36.4]]]]}},{"type":"Feature","properties":{},"geometry":{"type":"MultiPolygon","coordinates":[[[[37.9,-35.9],[34.3,-36.7],[34.2,-35.5],[34.3,-35.2],[36.1,-34.2],[37.8,-35],[37.9,-35.9]]]]}},{"type":"Feature","properties":{},"geometry":{"type":"MultiPolygon","coordinates":[[[[35,-40.3],[34.5,-41.5],[33.2,-41.3],[31.6,-40.4],[32.3,-40.2],[31.9,-39.7],[33.1,-37.6],[34.1,-36.4],[34.5,-36.9],[34.7,-37.2],[34.8,-39.4],[35,-40.3]]]]}},{"type":"Feature","properties":{},"geometry":{"type":"MultiPolygon","coordinates":[[[[30.2,-40.8],[28.8,-40.4],[29.2,-39.7],[29.5,-39.1],[29.1,-38.9],[28.8,-38.3],[28.7,-37.8],[30,-37.9],[30.5,-38.4],[30.2,-40.8]]]]}},{"type":"Feature","properties":{},"geometry":{"type":"MultiPolygon","coordinates":[[[[29.7,-36],[29.3,-34.7],[29.4,-33.4],[27.8,-33],[26.6,-33.2],[25.7,-33.3],[25.6,-32.7],[26.8,-32.5],[27.7,-31.7],[28.7,-32.1],[30.3,-32.2],[29.6,-34.5],[29.7,-36]]]]}},{"type":"Feature","properties":{},"geometry":{"type":"MultiPolygon","coordinates":[[[[40.2,-34.5],[41,-36.5],[42.1,-38.1],[41.5,-40.8],[40.3,-43.3],[38.5,-44.3],[35.9,-44.6],[36.6,-42.9],[38.6,-41.8],[39.6,-39.6],[38.7,-36.1],[38.3,-33.9],[39.9,-33.8],[40.2,-34.5]]]]}},{"type":"Feature","properties":{},"geometry":{"type":"MultiPolygon","coordinates":[[[[42.1,-45.6],[40.9,-45.5],[37,-45.6],[36.5,-45.6],[36.2,-45.6],[35.6,-45.6],[38.5,-44.3],[41.2,-44.6],[42.1,-45.6]]]]}},{"type":"Feature","properties":{},"geometry":{"type":"MultiPolygon","coordinates":[[[[39.7,-31.3],[39.1,-32.3],[37.7,-31.3],[38.3,-30.5],[39,-30.5],[39.7,-31.2],[39.7,-31.3]]]]}},{"type":"Feature","properties":{},"geometry":{"type":"MultiPolygon","coordinates":[[[[38.9,-38.1],[38,-39.7],[38.5,-37.5],[38.9,-38.1]]]]}},{"type":"Feature","properties":{},"geometry":{"type":"MultiPolygon","coordinates":[[[[31.5,-40],[30.5,-38.4],[30,-36.6],[30.6,-36.3],[30.5,-36.9],[31.9,-37.6],[32.1,-38.7],[31.6,-39.4],[31.5,-40]]]]}},{"type":"Feature","properties":{},"geometry":{"type":"MultiPolygon","coordinates":[[[[35.2,-41.4],[34.7,-42.3],[34.1,-43.1],[34.1,-43.8],[34.1,-44.6],[33.9,-45.1],[33,-46],[30.8,-43.6],[31.7,-40],[32,-40.3],[32.2,-40.7],[33.3,-41.9],[35.2,-41.4]]]]}},{"type":"Feature","properties":{},"geometry":{"type":"MultiPolygon","coordinates":[[[[37.7,-44.6],[34.6,-45.2],[34.6,-44.4],[35.3,-43.1],[38.2,-42],[37.7,-40.9],[37.8,-39.1],[39.7,-38.8],[38.8,-41.8],[37.2,-42.9],[35.4,-44.2],[37.7,-44.6]]]]}},{"type":"Feature","properties":{},"geometry":{"type":"MultiPolygon","coordinates":[[[[24.7,-50.7],[25.2,-49.5],[25.2,-49.1],[24.3,-50],[24.3,-50.5],[24,-51.4],[22.2,-52.1],[22.1,-49.6],[26.8,-48.4],[24.7,-50.7]]]]}},{"type":"Feature","properties":{},"geometry":{"type":"MultiPolygon","coordinates":[[[[6.1,-35.4],[2.5,-34.5],[-1.2,-33.4],[-3.4,-34],[-3.6,-33.7],[-3.8,-32.8],[-3.8,-32.6],[-3.8,-32.5],[-3.9,-32.4],[-3.9,-32.3],[-3.1,-31.5],[-2.1,-31.3],[-1.4,-31.3],[-1.4,-30.9],[-0.8,-31.1],[-0.4,-31.2],[0.4,-31.3],[2.2,-31.1],[3.8,-33.2],[6.1,-35.4]]]]}},{"type":"Feature","properties":{},"geometry":{"type":"MultiPolygon","coordinates":[[[[9.8,-18.9],[8.5,-20.7],[7.5,-21.9],[5.8,-24.3],[5,-23.8],[5.1,-22.9],[7,-20.7],[8.1,-19.7],[8.9,-19.1],[9.6,-18.7],[9.8,-18.9]]]]}},{"type":"Feature","properties":{},"geometry":{"type":"MultiPolygon","coordinates":[[[[8.3,-21.1],[9.5,-19.2],[10.2,-18.7],[9.9,-19.3],[9.6,-19.9],[9.4,-20.2],[9.1,-20.8],[8.6,-21.7],[8.5,-21],[8.3,-21.1]]]]}},{"type":"Feature","properties":{},"geometry":{"type":"MultiPolygon","coordinates":[[[[10.7,-18],[9.7,-18.7],[9.1,-19.1],[8.7,-19],[9.1,-18.4],[9.7,-17.8],[10.4,-17.4],[10.7,-17.8],[10.7,-18]]]]}},{"type":"Feature","properties":{},"geometry":{"type":"MultiPolygon","coordinates":[[[[10.4,-17.4],[9.4,-17.5],[8.6,-18.3],[7.8,-19],[7.7,-18],[8.4,-16.8],[9.1,-15.3],[9.6,-16.3],[9.9,-16.9],[10.4,-17.4]]]]}},{"type":"Feature","properties":{},"geometry":{"type":"MultiPolygon","coordinates":[[[[7.5,-19.3],[7.1,-19.2],[7.2,-18.3],[7.5,-17.4],[7.7,-18],[7.5,-19.3]]]]}},{"type":"Feature","properties":{},"geometry":{"type":"MultiPolygon","coordinates":[[[[9.1,-15.3],[8.4,-16.8],[6.5,-17.8],[7.3,-16.5],[9.1,-15.3]]]]}},{"type":"Feature","properties":{},"geometry":{"type":"MultiPolygon","coordinates":[[[[1.2,-19.5],[1,-19.3],[2.1,-18.5],[3.3,-17.6],[4.5,-16.7],[4.4,-16.9],[3.4,-17.7],[2.4,-18.6],[1.2,-19.5]]]]}},{"type":"Feature","properties":{},"geometry":{"type":"MultiPolygon","coordinates":[[[[7.7,-15.2],[6.9,-15.9],[6,-16.6],[4.6,-17.3],[3.5,-18.6],[2.6,-19],[2.1,-19.2],[1.4,-19.7],[1.8,-19],[2.8,-18.3],[3.8,-17.4],[5,-16.6],[6.2,-15.8],[7.2,-14.6],[7.2,-15],[7.7,-15.2]]]]}},{"type":"Feature","properties":{},"geometry":{"type":"MultiPolygon","coordinates":[[[[6.2,-15.8],[5,-16.5],[4.2,-16.2],[4.9,-15.6],[5.8,-15.4],[6.2,-15.8]]]]}},{"type":"Feature","properties":{},"geometry":{"type":"MultiPolygon","coordinates":[[[[5.8,-15.4],[4.9,-15.6],[4.2,-16.2],[3.5,-16.4],[4.2,-15.4],[4.7,-15],[5.1,-15.3],[5.7,-15.1],[5.8,-15],[5.8,-15.4]]]]}},{"type":"Feature","properties":{},"geometry":{"type":"MultiPolygon","coordinates":[[[[4.6,-14.8],[4.4,-15.1],[4.2,-15.4],[3.5,-16.4],[3.2,-17.3],[2.8,-18],[2.4,-18.1],[1.3,-18.6],[0.1,-19.2],[-0.2,-19.2],[1,-17.7],[2.1,-16.9],[3.6,-15.5],[4.5,-14.6],[4.6,-14.8]]]]}},{"type":"Feature","properties":{},"geometry":{"type":"MultiPolygon","coordinates":[[[[5,-16.6],[4,-17],[2.8,-18.2],[1.4,-19],[0.6,-19.7],[-0.1,-19.9],[0.1,-19.2],[1.3,-18.6],[2.4,-18.1],[2.8,-18],[3.2,-17.3],[4.2,-16.2],[5,-16.5],[5,-16.6]]]]}},{"type":"Feature","properties":{},"geometry":{"type":"MultiPolygon","coordinates":[[[[5,-14],[3.6,-15.5],[2.1,-16.9],[1,-17.7],[-0.2,-19.2],[-1.1,-18.1],[0.9,-16.9],[2.7,-15.2],[4.7,-13.8],[5,-14]]]]}},{"type":"Feature","properties":{},"geometry":{"type":"MultiPolygon","coordinates":[[[[-0.6,-3.8],[-4.6,-5],[-7.7,-3.9],[-8.4,-4.6],[-9,-6.9],[-9.4,-9.2],[-11.5,-12.2],[-15.6,-14.5],[-16.7,-16.1],[-17,-18.5],[-17.1,-17.6],[-17,-17.3],[-17,-16.4],[-16.9,-16.1],[-17.2,-15.8],[-16.9,-15.7],[-17,-15.3],[-16.8,-15.3],[-16.7,-15.2],[-16.6,-15.3],[-16.7,-15.1],[-16.8,-15.1],[-16.5,-14.7],[-16.2,-14.5],[-16.2,-14.2],[-16.4,-14.1],[-16.1,-13.9],[-16.2,-13.5],[-16.2,-13.3],[-16.3,-13.1],[-16.2,-12.8],[-16.1,-12.5],[-16,-12.4],[-15.9,-12.3],[-16,-12.1],[-16.1,-11.7],[-15.7,-11.6],[-15.7,-11.7],[-15.6,-11.7],[-15.6,-11.5],[-15.7,-11.5],[-15.7,-11.4],[-15.4,-11.5],[-15.5,-11.2],[-16,-10.8],[-15.6,-10.5],[-15.9,-10.4],[-15.9,-9.8],[-15.7,-10],[-15.6,-10.1],[-15.7,-9.9],[-15.5,-9.5],[-15.1,-9.4],[-14.8,-9.7],[-14.4,-10.1],[-15.1,-9.5],[-14.9,-9.1],[-14.6,-9.1],[-13.9,-8.9],[-12.9,-8.2],[-11.4,-7.1],[-10.2,-5.8],[-9.8,-5.6],[-9.5,-5.4],[-9.4,-4.9],[-9.3,-4.3],[-8.8,-3.8],[-7.5,-3.6],[-6.5,-3.4],[-5.4,-3.4],[-3.1,-3],[-0.6,-3.3],[1.8,-3.2],[2.1,-3.1],[-0.6,-3.8]]]]}},{"type":"Feature","properties":{},"geometry":{"type":"MultiPolygon","coordinates":[[[[5.7,-15],[5.2,-15.4],[4.8,-14.9],[4.4,-15],[4.8,-14.8],[5.3,-14.3],[5.4,-14.4],[5.6,-14.9],[5.7,-15]]]]}},{"type":"Feature","properties":{},"geometry":{"type":"MultiPolygon","coordinates":[[[[8.3,-15.4],[5.7,-18.3],[4.3,-19.2],[4.9,-18.1],[6.5,-16.8],[7.4,-16.1],[8.3,-15.4]]]]}},{"type":"Feature","properties":{},"geometry":{"type":"MultiPolygon","coordinates":[[[[7.6,-20.2],[6.6,-20.9],[5.1,-23.1],[5.2,-24],[5.9,-24.3],[3.6,-30],[2.3,-27.9],[2.2,-26.8],[0.8,-26.1],[-1.3,-25.7],[-2.4,-24],[-2.7,-22.8],[-1.7,-21.1],[-2.2,-19.4],[-1.2,-18.3],[-0.2,-19.8],[0.4,-19.9],[1,-19.5],[1.6,-19.4],[2.2,-19],[2.9,-18.8],[3.7,-19.1],[4.6,-19.5],[4.8,-20.4],[5.8,-20],[7.1,-19.2],[7.5,-19.3],[7.6,-19.7],[7.6,-20.2]]]]}},{"type":"Feature","properties":{},"geometry":{"type":"MultiPolygon","coordinates":[[[[-19.1,-33.4],[-21.5,-36],[-22,-39.3],[-21.4,-41.3],[-22.8,-42.4],[-23.5,-40.2],[-24.9,-38.3],[-24.9,-37],[-23.3,-36.2],[-23.6,-35.5],[-20.8,-33.5],[-19.1,-33.4]]]]}},{"type":"Feature","properties":{},"geometry":{"type":"MultiPolygon","coordinates":[[[[-10.3,-31.7],[-11.4,-32.5],[-13.5,-33.1],[-17.3,-33.6],[-17.7,-32.6],[-10.9,-30.1],[-9.7,-30.5],[-10.3,-31.7]]]]}},{"type":"Feature","properties":{},"geometry":{"type":"MultiPolygon","coordinates":[[[[-22.8,-42.4],[-24.5,-40.5],[-24.6,-38.6],[-22.9,-40.4],[-22.8,-42.4]]]]}},{"type":"Feature","properties":{},"geometry":{"type":"MultiPolygon","coordinates":[[[[-28.4,-37.7],[-26.8,-38.1],[-26.4,-40.2],[-24.8,-42.2],[-26.5,-42.9],[-29.4,-42.9],[-32.5,-43.2],[-36.2,-44.1],[-38,-43.2],[-35.7,-42.2],[-33.3,-41.1],[-30.6,-39.9],[-29.3,-38.6],[-28.4,-37.7]]]]}},{"type":"Feature","properties":{},"geometry":{"type":"MultiPolygon","coordinates":[[[[-7.7,-28],[-9.8,-27.6],[-9.4,-27.6],[-9.1,-27.6],[-8.4,-27.7],[-7.7,-28]]]]}},{"type":"Feature","properties":{},"geometry":{"type":"MultiPolygon","coordinates":[[[[-3.3,-32.6],[-7.6,-32.3],[-10.2,-31.6],[-9.5,-29.7],[-7.1,-28.6],[-6.2,-29.5],[-5.9,-30],[-5.3,-30.6],[-4.3,-31],[-3.4,-31.2],[-3.3,-31.8],[-3.3,-32.3],[-3.3,-32.6]]]]}},{"type":"Feature","properties":{},"geometry":{"type":"MultiPolygon","coordinates":[[[[-50.1,-49],[-50.9,-53.2],[-52.1,-52.8],[-52.3,-53.3],[-52.3,-53.5],[-52.3,-49.8],[-51.2,-48.5],[-50.1,-49]]]]}},{"type":"Feature","properties":{},"geometry":{"type":"MultiPolygon","coordinates":[[[[-44.5,-38.8],[-47.7,-42.4],[-52.3,-47.1],[-52.5,-44.6],[-49,-40.1],[-45.3,-38.1],[-44.5,-38.8]]]]}},{"type":"Feature","properties":{},"geometry":{"type":"MultiPolygon","coordinates":[[[[-52.8,-47.5],[-56.4,-50.9],[-55.6,-48.8],[-52.8,-47.5]]]]}},{"type":"Feature","properties":{},"geometry":{"type":"MultiPolygon","coordinates":[[[[-23.4,18.2],[-23.7,18.3],[-25.9,17.9],[-28.2,18.2],[-29,18.3],[-28.5,18.9],[-27.2,18.7],[-25.7,18.5],[-24.3,18.6],[-23.9,18.6],[-23.5,18.6],[-23.4,18.2]]]]}},{"type":"Feature","properties":{},"geometry":{"type":"MultiPolygon","coordinates":[[[[-1.8,19.2],[-1.8,18.9],[-2.5,18.8],[-3.1,18.9],[-3.5,18.9],[-3.4,19.1],[-3.3,19.8],[-2.6,19.8],[-2,19.4],[-1.8,19.2]]]]}},{"type":"Feature","properties":{},"geometry":{"type":"MultiPolygon","coordinates":[[[[-4.3,19.5],[-4.4,19.9],[-3.8,20],[-4.3,19.5]]]]}},{"type":"Feature","properties":{},"geometry":{"type":"MultiPolygon","coordinates":[[[[-2.1,20.7],[-2.3,20.7],[-2.4,20.9],[-2.1,20.7]]]]}},{"type":"Feature","properties":{},"geometry":{"type":"MultiPolygon","coordinates":[[[[0.3,17.2],[0.1,16.8],[0,16.5],[-0.3,16.4],[-0.3,17.2],[-0.4,17.5],[-0.1,17.4],[0.2,17.2],[0.3,17.2]]]]}},{"type":"Feature","properties":{},"geometry":{"type":"MultiPolygon","coordinates":[[[[-0.1,16.1],[-0.2,16],[-0.3,15.6],[-0.1,15.5],[-0.2,15.3],[-0.4,15.1],[-0.5,15.2],[-0.6,15.1],[-0.6,14.9],[-0.2,15.1],[-0.2,14.2],[0.1,12.5],[0.4,10.8],[0.2,10.7],[0.2,10.9],[0.2,11.1],[0.1,11],[0.1,10.6],[0.1,10.5],[0,10.2],[0.1,10.4],[0.2,9.9],[-0.1,10.2],[-0.4,11.5],[-0.7,12.4],[-0.8,13.7],[-0.9,14.6],[-0.7,15.4],[-0.4,16.3],[-0.1,16.1]]]]}},{"type":"Feature","properties":{},"geometry":{"type":"MultiPolygon","coordinates":[[[[6,4.8],[5.5,4.5],[5.7,4.5],[5.6,4.3],[4.2,3.4],[4.4,3.8],[5,4.5],[5.4,4.8],[5.6,4.9],[5.9,4.9],[6,4.8]]]]}},{"type":"Feature","properties":{},"geometry":{"type":"MultiPolygon","coordinates":[[[[4.1,6.3],[4,6.2],[3.9,6.2],[3.5,5.8],[3.2,5.5],[2.6,5.6],[2.5,5.6],[1.9,5.6],[1.4,5.9],[0.3,6.2],[-0.8,6.3],[-1,6.5],[-0.5,6.6],[-0.5,6.4],[-0.3,6.5],[-0.4,6.8],[0,6.8],[-0.1,7],[-0.3,6.9],[-0.5,7.6],[0.2,7.9],[0.6,8.1],[0.6,8],[0.8,7.5],[1.2,7.2],[1.5,6.8],[1.6,6.9],[1.5,6.9],[2,7.4],[3.6,7.1],[4.1,6.3]]]]}},{"type":"Feature","properties":{},"geometry":{"type":"MultiPolygon","coordinates":[[[[5,4.6],[4.1,3.4],[3.2,3.1],[3.7,3.7],[3.6,3.7],[4,4.2],[4.2,4.1],[4.3,4.3],[4.3,4.5],[4.3,4.6],[4.4,5],[4.8,5.7],[5.2,6],[5.6,6.4],[6,6.3],[6.1,6.4],[5.7,6.3],[5.6,5.6],[5.5,5.4],[5.2,5.1],[5.1,4.8],[5,4.6]]]]}},{"type":"Feature","properties":{},"geometry":{"type":"MultiPolygon","coordinates":[[[[1.6,4.6],[0.6,5.4],[1.5,5],[1.6,4.6]]]]}},{"type":"Feature","properties":{},"geometry":{"type":"MultiPolygon","coordinates":[[[[-0.1,5],[-0.1,4.8],[0,4.3],[-0.4,4.4],[-1.1,4.7],[-1.6,4.6],[-2.1,4.5],[-2.6,4.3],[-3.2,3.7],[-4,3.1],[-4.5,2.6],[-5.1,2.6],[-5.7,2.2],[-6.3,1.8],[-6.4,1.7],[-6.6,1.5],[-7.2,0.4],[-8.5,0.2],[-12.1,-0.5],[-15.2,-1.5],[-14.4,-0.7],[-12,0.9],[-10.7,2],[-9.9,1.9],[-9.1,2.4],[-9.2,2.6],[-8.7,2.8],[-9.7,2.7],[-9.6,2.8],[-9,3.3],[-8.7,3.8],[-8.1,4.2],[-7.6,4.2],[-7,4.8],[-6.6,4.7],[-6.5,4.3],[-6,4.2],[-5.5,4.1],[-5,4.1],[-3.8,4.7],[-4.1,4.4],[-4.6,4.1],[-4.9,3.9],[-2.9,5],[-0.3,5.1],[-0.1,5]]]]}},{"type":"Feature","properties":{},"geometry":{"type":"MultiPolygon","coordinates":[[[[-9.9,2.7],[-9.8,2.7],[-9.8,2.5],[-9.9,2.7]]]]}},{"type":"Feature","properties":{},"geometry":{"type":"MultiPolygon","coordinates":[[[[-9.7,30.6],[-11.9,29.8],[-12.8,28.8],[-14.9,28],[-15.6,28.3],[-16,28.8],[-13.3,31.8],[-12.1,32.3],[-11.6,32],[-11.5,31.8],[-11.6,31.3],[-11.5,31.1],[-11.8,31.2],[-11.9,30.7],[-11.7,30.8],[-11.7,30.7],[-11.6,30.7],[-11.5,30.8],[-11.4,31.1],[-10.8,31.5],[-10.5,31.3],[-10.3,31.2],[-10.1,31.3],[-10.1,31.5],[-10.2,31.4],[-10.5,31.5],[-10.7,31.6],[-10.9,31.9],[-9.6,31.7],[-9.8,31.2],[-9.7,31],[-9.7,30.6]]]]}},{"type":"Feature","properties":{},"geometry":{"type":"MultiPolygon","coordinates":[[[[-15.9,28.3],[-16.2,28.4],[-16.1,28.6],[-16,28.6],[-15.9,28.3]]]]}},{"type":"Feature","properties":{},"geometry":{"type":"MultiPolygon","coordinates":[[[[-25.9,18.5],[-27.3,18.7],[-28.9,18.9],[-28.5,20],[-28.3,21],[-27.6,21.2],[-26.2,20.5],[-25.6,18.9],[-25.9,18.5]]]]}},{"type":"Feature","properties":{},"geometry":{"type":"MultiPolygon","coordinates":[[[[-25.3,18.5],[-25.9,18.6],[-25.6,19.6],[-26.9,20.8],[-28.2,21],[-28,21.5],[-26.9,21.1],[-25.7,20.4],[-25.2,19.4],[-25.3,18.5]]]]}},{"type":"Feature","properties":{},"geometry":{"type":"MultiPolygon","coordinates":[[[[-1.4,6.2],[-2.3,5.7],[-2.4,5.6],[-2.7,5.5],[-3.1,5.2],[-3.5,4.9],[-3.6,4.9],[-4.8,4.1],[-5.3,4.1],[-5.8,4.1],[-5.6,5.2],[-5.4,6.1],[-4.9,6.7],[-4.6,8.2],[-3.6,7.3],[-3.4,6.7],[-2.7,6.9],[-1.8,7],[-1.4,6.2]]]]}},{"type":"Feature","properties":{},"geometry":{"type":"MultiPolygon","coordinates":[[[[-17,35.6],[-17.5,35.8],[-17.3,35.6],[-17.1,35.1],[-16.5,34.5],[-17,34.8],[-17.7,34.6],[-17.9,34.1],[-19.1,32.8],[-19.3,32.9],[-19.9,32.7],[-20.5,32.6],[-20.9,31.7],[-21.5,31.3],[-22,31],[-23.5,30.3],[-24.4,29.1],[-24.9,29.1],[-26.5,28.9],[-26.6,29.4],[-26.3,29.7],[-25,30.6],[-23.9,31],[-22.3,31.5],[-21.6,32],[-21.2,32.4],[-21.8,32.6],[-20.9,32.7],[-19.9,33.4],[-19.1,34.1],[-18.7,34.7],[-19,34.3],[-20.1,33.5],[-20.8,33.4],[-19.9,33.8],[-19.1,34.5],[-19,35],[-18.2,35.6],[-18.7,37.8],[-16.5,40.2],[-17.6,38.2],[-17.3,36.2],[-17.2,36],[-17,35.6]]]]}},{"type":"Feature","properties":{},"geometry":{"type":"MultiPolygon","coordinates":[[[[-3.9,31.2],[-4.6,30.9],[-5,31.1],[-4.6,31],[-4.5,31.3],[-4.1,31.3],[-3.9,31.2]]]]}},{"type":"Feature","properties":{},"geometry":{"type":"MultiPolygon","coordinates":[[[[-9.5,30.1],[-10.7,29.6],[-12.2,28.7],[-13.6,27.7],[-14.3,27.8],[-12.8,28.8],[-11.9,29.8],[-9.7,30.6],[-9.5,30.1]]]]}},{"type":"Feature","properties":{},"geometry":{"type":"MultiPolygon","coordinates":[[[[-7.6,31.4],[-7.2,31.6],[-7.3,31.4],[-7.4,30.9],[-7.7,31.2],[-7.6,31.4]]]]}},{"type":"Feature","properties":{},"geometry":{"type":"MultiPolygon","coordinates":[[[[-8.9,30.9],[-8.7,31],[-8.1,31.1],[-8.1,31],[-8.1,30.8],[-8.6,30.8],[-8.9,30.9]]]]}},{"type":"Feature","properties":{},"geometry":{"type":"MultiPolygon","coordinates":[[[[-5.4,32.5],[-3.7,33.5],[-3.2,33.4],[-3.3,33],[-3.5,32.9],[-4,32.8],[-4.1,32.3],[-4.2,31.9],[-4.5,31.7],[-4.9,31.6],[-5.1,31.9],[-5.5,31.8],[-5.4,32.5]]]]}},{"type":"Feature","properties":{},"geometry":{"type":"MultiPolygon","coordinates":[[[[-2.6,32.7],[-3.2,31.9],[-3.7,31.3],[-4,31.4],[-3.6,31.8],[-2.9,32.9],[-2.6,32.7]]]]}},{"type":"Feature","properties":{},"geometry":{"type":"MultiPolygon","coordinates":[[[[-14.1,38.7],[-14.9,38],[-14.1,35.4],[-13.5,33.9],[-14.2,33.2],[-15.7,32.5],[-17.1,31.8],[-17.9,30.9],[-18.2,30.6],[-19.1,29.8],[-19.4,29.7],[-19.7,30],[-19.8,29.8],[-20.9,29],[-23.1,29.1],[-23.8,30],[-22.7,30.7],[-21.6,31.3],[-21,31.6],[-20.5,32.3],[-20.1,32.8],[-19.3,33.1],[-19.1,32.8],[-17.8,34.1],[-16.8,33.9],[-17.6,33.8],[-17.6,33.7],[-16.7,33.5],[-16.4,33.8],[-15.9,33.1],[-15.9,33.3],[-15.4,33.3],[-15.3,33.5],[-15.3,33.6],[-15.8,34.1],[-15.6,34.4],[-15.2,34.5],[-16.3,35.1],[-16.6,35.3],[-17,35.6],[-17.2,36],[-17.4,36.4],[-17.2,38.9],[-15.5,39.6],[-14.7,39.2],[-14,38.9],[-14.4,38.7],[-14.1,38.7]]]]}},{"type":"Feature","properties":{},"geometry":{"type":"MultiPolygon","coordinates":[[[[-8.7,23.2],[-9.2,23.5],[-9.2,23.1],[-9.5,23.2],[-9.5,23.1],[-9.7,23.1],[-9.8,23],[-10,22.9],[-10.1,22.9],[-10.3,23],[-10.7,22.7],[-10.9,22.5],[-10.9,22.4],[-11.8,22.7],[-16.4,24.7],[-15.4,24.6],[-14.5,24.7],[-12.8,25.1],[-11.6,24.4],[-9.6,23.9],[-8.7,23.2]]]]}},{"type":"Feature","properties":{},"geometry":{"type":"MultiPolygon","coordinates":[[[[-18.1,21.6],[-18,21.5],[-18.1,21.1],[-18.2,20.9],[-18.9,20.7],[-19.3,20.4],[-19.8,21.1],[-21,21],[-21,21.1],[-20,21.6],[-19.4,21.8],[-19.5,21.5],[-19.2,21.5],[-18.3,21.6],[-18.2,21.6],[-18.1,21.6]]]]}},{"type":"Feature","properties":{},"geometry":{"type":"MultiPolygon","coordinates":[[[[-25.7,24.9],[-27.1,27.1],[-24.5,28.8],[-21.9,29.1],[-22.5,28.5],[-25.1,26.1],[-25.7,24.9]]]]}},{"type":"Feature","properties":{},"geometry":{"type":"MultiPolygon","coordinates":[[[[-0.6,17.9],[-0.7,17.9],[-1.3,18.1],[-2.3,18.5],[-3.1,18.6],[-3.7,18.3],[-3.6,18.4],[-3.9,18.5],[-3.3,18.9],[-2.7,18.7],[-2,18.6],[-2.1,19.2],[-1.7,19.2],[-1.1,19.1],[-0.8,18.6],[-0.6,18.2],[-0.5,18.1],[-0.7,18],[-0.6,17.9]]]]}},{"type":"Feature","properties":{},"geometry":{"type":"MultiPolygon","coordinates":[[[[-13.3,20.1],[-14.9,20.7],[-15.4,20.5],[-16.3,21.1],[-16.9,21.3],[-16.9,21.5],[-17.1,21.6],[-17.3,21.6],[-16.9,22],[-15.9,22],[-14.5,21.1],[-13.4,20.3],[-13.3,20.1]]]]}},{"type":"Feature","properties":{},"geometry":{"type":"MultiPolygon","coordinates":[[[[-17.4,21.8],[-17.7,21.9],[-18.3,21.9],[-19.3,21.7],[-19.9,21.7],[-20.7,21.3],[-22.3,19.9],[-23.1,19.1],[-23,17.3],[-23.6,15.7],[-23.9,15.7],[-23.4,17.3],[-23.4,18.2],[-23.5,19],[-23.1,19.7],[-21.6,20.8],[-20.3,21.8],[-19.3,22.3],[-17.3,22.2],[-17.4,22],[-17.4,21.8]]]]}},{"type":"Feature","properties":{},"geometry":{"type":"MultiPolygon","coordinates":[[[[-12.2,19.6],[-14,19.5],[-15.2,19.4],[-15.9,19.8],[-16.4,20.1],[-16.8,20.6],[-16.7,21],[-17.3,21.3],[-17.6,21.5],[-17.3,21.6],[-17.1,21.6],[-16.9,21.5],[-16.9,21.3],[-16.3,21.1],[-15.4,20.5],[-14.9,20.7],[-13.3,20.1],[-12.3,19.8],[-12.2,19.6]]]]}},{"type":"Feature","properties":{},"geometry":{"type":"MultiPolygon","coordinates":[[[[-17.8,21.7],[-17.9,21.7],[-17.5,21.7],[-17.8,21.7]]]]}},{"type":"Feature","properties":{},"geometry":{"type":"MultiPolygon","coordinates":[[[[-18,21.7],[-19.4,21.6],[-19.5,21.6],[-19.3,21.7],[-18.3,21.9],[-17.7,21.9],[-18.1,21.7],[-18,21.7]]]]}},{"type":"Feature","properties":{},"geometry":{"type":"MultiPolygon","coordinates":[[[[-19.2,26.3],[-19.7,26.3],[-19.9,26],[-19.7,26],[-19,25.9],[-19.3,24.1],[-19.7,23.8],[-20.4,23.8],[-21.7,23.9],[-22.5,23.9],[-23.5,23.9],[-24,24.2],[-23.3,25.8],[-21.8,27.4],[-19.9,28.1],[-17.8,28.5],[-17.3,28.6],[-15.8,28.2],[-14.8,28],[-16.5,28],[-17.3,28],[-18.4,27.3],[-19.2,26.3]]]]}},{"type":"Feature","properties":{},"geometry":{"type":"MultiPolygon","coordinates":[[[[-24,24.1],[-25.8,23.6],[-27.3,23.1],[-27,24.5],[-25.7,24.9],[-23.9,24.5],[-24,24.1]]]]}},{"type":"Feature","properties":{},"geometry":{"type":"MultiPolygon","coordinates":[[[[-11.2,22.3],[-12,21.8],[-12.4,21.2],[-12.5,20.9],[-12.4,20.6],[-12,20.3],[-12.4,19.8],[-13.4,20.3],[-14.5,21.1],[-15.9,22],[-16.3,22.2],[-16.4,22.3],[-16.3,22.5],[-16.9,22.4],[-17.3,22.2],[-19.3,22.3],[-20.3,21.8],[-20.3,22.3],[-20.5,23.4],[-20.2,23.8],[-19.5,24],[-17.1,24.5],[-16.5,24.7],[-11.4,22.4],[-11.2,22.3]]]]}},{"type":"Feature","properties":{},"geometry":{"type":"MultiPolygon","coordinates":[[[[-13.6,3.8],[-16.3,3],[-14.4,5.4],[-13.7,6],[-13.5,5.4],[-14,4.6],[-14.1,4.2],[-13.5,4.3],[-13.6,3.8]]]]}},{"type":"Feature","properties":{},"geometry":{"type":"MultiPolygon","coordinates":[[[[-26.4,29.8],[-25.9,30.5],[-25,31.8],[-24.4,32.8],[-23.8,32.9],[-22.9,33.3],[-21.8,33.9],[-20.8,34.8],[-20.4,35.7],[-20.3,36.6],[-20.6,37.3],[-20.7,38],[-19.8,39],[-19.1,39.7],[-18.3,40.1],[-17.3,40.4],[-17.1,39.9],[-18.7,37],[-18.3,35.3],[-19.1,34.9],[-19.2,34.4],[-20.2,33.6],[-20.8,33.3],[-19.8,33.7],[-18.9,34.4],[-18.7,34.7],[-19.5,33.8],[-20.2,33.3],[-21.4,32.7],[-21.8,32.5],[-21.2,32.3],[-21.7,31.9],[-22.5,31.3],[-24.1,30.9],[-25.2,30.1],[-26.4,29.8]]]]}},{"type":"Feature","properties":{},"geometry":{"type":"MultiPolygon","coordinates":[[[[-18.7,20.5],[-18.7,20.3],[-18.8,20.3],[-19.2,20.3],[-18.8,20.6],[-18.7,20.5]]]]}},{"type":"Feature","properties":{},"geometry":{"type":"MultiPolygon","coordinates":[[[[-19.2,20.3],[-20.7,18.5],[-21.9,17.2],[-22.2,16.3],[-22.5,15.9],[-23.2,14.6],[-24.7,12.7],[-25.4,13.8],[-23.8,15.5],[-23.1,16.7],[-23.1,18.9],[-22.5,19.8],[-21.3,20.8],[-20.4,21.1],[-19.2,20.6],[-19.2,20.3]]]]}},{"type":"Feature","properties":{},"geometry":{"type":"MultiPolygon","coordinates":[[[[4.4,6.3],[4.2,6.3],[4.3,6.4],[3.9,6.6],[3.2,7.2],[1.8,7.5],[1.5,6.9],[1.7,6.9],[1.5,7],[1.1,7],[0.6,7.8],[0.7,8],[0.6,8.1],[-0.3,7.5],[-1,7.1],[-0.3,6.9],[0,6.9],[-0.4,6.7],[-0.3,6.5],[-0.6,6.4],[-0.6,6.7],[-1,6.4],[-1.2,6.2],[-1.4,6.4],[-2,6.8],[-2.8,6.9],[-3.4,6.8],[-4,8.5],[-3.6,8.7],[-3,8.7],[-2.1,8.9],[-1.4,9],[-0.8,9.1],[-0.5,9.3],[-0.1,9.9],[0.5,9.6],[0.4,9.5],[0.6,9.5],[0.9,9.3],[2.2,9.1],[2.5,9.1],[3.4,9.1],[4.9,9.3],[4.7,9.3],[4.4,9.1],[3.8,9],[3.6,8.7],[3.5,8.6],[3.7,8.7],[4.4,9.1],[5.3,9.2],[5.4,8.8],[5.3,8.6],[5.7,8.7],[5.6,8.6],[6,8.4],[6.1,8.2],[6.2,8],[6.1,7.9],[5.8,7.7],[6.1,7.5],[5.9,7.5],[6.1,7.2],[6.1,7],[5.9,6.8],[5.4,6.5],[5,6.4],[4.7,6.4],[4.5,6.4],[4.4,6.3]]]]}},{"type":"Feature","properties":{},"geometry":{"type":"MultiPolygon","coordinates":[[[[-30.6,-2.5],[-31.5,-2.2],[-31.7,-2],[-32.7,-1.5],[-33,-1],[-33.4,-0.1],[-33.6,0],[-33.8,0.1],[-34.3,1],[-34.1,1.2],[-33.7,0.8],[-33.1,0.9],[-32.3,0.5],[-31.7,-0.1],[-30.7,-1.1],[-30.6,-2.5]]]]}},{"type":"Feature","properties":{},"geometry":{"type":"MultiPolygon","coordinates":[[[[-25,12.2],[-24.7,11.2],[-24.1,8.8],[-25,10],[-26.5,10.8],[-28.4,10.9],[-26.8,12],[-25.4,13.8],[-25,12.2]]]]}},{"type":"Feature","properties":{},"geometry":{"type":"MultiPolygon","coordinates":[[[[-15.1,10.1],[-14.7,10.2],[-14.8,10.1],[-15.1,10],[-15.1,10.1]]]]}},{"type":"Feature","properties":{},"geometry":{"type":"MultiPolygon","coordinates":[[[[-15.9,10],[-17.9,9.6],[-17.3,9.3],[-15.7,9],[-16.7,8.8],[-18,9.2],[-18.2,9],[-19.8,8.1],[-20,7.7],[-20.6,7],[-21.7,6.3],[-22.7,6.1],[-24.2,6.2],[-25.3,5.3],[-26,5.1],[-25.2,5.7],[-24.3,6.3],[-23.5,6.7],[-21.2,7],[-20.3,7.9],[-20.2,8.6],[-19.9,8.9],[-19,9.4],[-18.3,9.6],[-17.6,10.5],[-17,10.6],[-15.9,10]]]]}},{"type":"Feature","properties":{},"geometry":{"type":"MultiPolygon","coordinates":[[[[-13.4,6.6],[-14,6.6],[-14.8,7.1],[-14.9,7.3],[-14.9,7.7],[-13.9,7.2],[-13.4,6.7],[-13.4,6.6]]]]}},{"type":"Feature","properties":{},"geometry":{"type":"MultiPolygon","coordinates":[[[[-13.7,6.1],[-14.9,4.8],[-14.8,5.9],[-14.4,6.4],[-13.9,6.3],[-13.7,6.1]]]]}},{"type":"Feature","properties":{},"geometry":{"type":"MultiPolygon","coordinates":[[[[-37.4,14.7],[-39.7,15],[-40.5,16.5],[-40.2,17.4],[-40,18.2],[-40.5,19.3],[-39.9,20.5],[-38.8,20.3],[-36.7,18.1],[-34.5,16.7],[-36.6,16.9],[-38.3,16.3],[-37.4,14.7]]]]}},{"type":"Feature","properties":{},"geometry":{"type":"MultiPolygon","coordinates":[[[[-40.6,9.5],[-40.5,8.2],[-40,7.5],[-40,6.7],[-38.9,4.2],[-38,3.1],[-37.3,1.2],[-36.1,0.4],[-37.1,-1.4],[-38.1,-1.3],[-39.4,2.6],[-40.2,6],[-40.6,7.2],[-40.9,7.8],[-41.2,8.5],[-41,9.2],[-40.9,10],[-40.8,10.4],[-40.6,9.5]]]]}},{"type":"Feature","properties":{},"geometry":{"type":"MultiPolygon","coordinates":[[[[-38.4,13.5],[-39.8,12.1],[-40.9,13.2],[-42,13.4],[-41,14.7],[-40.6,16.6],[-40.2,17.4],[-40.5,16.5],[-39.7,15],[-38.4,13.5]]]]}},{"type":"Feature","properties":{},"geometry":{"type":"MultiPolygon","coordinates":[[[[2.9,9.6],[2.3,9.2],[1.9,10],[2,12.4],[1.8,14.3],[1.8,14.7],[1.8,14.8],[1.9,15.2],[2.1,15],[2,15.5],[2.2,15.5],[2.2,15.7],[2.3,15.8],[2.4,15.8],[2.5,14.5],[2.5,13.1],[2.7,11.6],[2.6,10.2],[2.9,9.6]]]]}},{"type":"Feature","properties":{},"geometry":{"type":"MultiPolygon","coordinates":[[[[-54.2,-47.2],[-56,-50.7],[-57.1,-49.4],[-56.4,-45.8],[-55.5,-44.8],[-54.2,-47.2]]]]}},{"type":"Feature","properties":{},"geometry":{"type":"MultiPolygon","coordinates":[[[[35.7,-30.6],[34.9,-31.1],[35,-31.9],[34.2,-32.3],[34,-31.7],[34.2,-30.7],[34,-30.2],[33.9,-28.7],[33.7,-27.9],[33.3,-27.7],[33.7,-27.6],[33.8,-27.3],[34.2,-26.9],[34.4,-26.7],[34.3,-27.5],[34.4,-28.9],[34.8,-30],[35.7,-30.6]]]]}},{"type":"Feature","properties":{},"geometry":{"type":"MultiPolygon","coordinates":[[[[24.1,14],[24.4,13.8],[24.5,13.8],[24.8,13.6],[25.3,13.9],[25.5,13.5],[25.7,13.8],[26,14.2],[26.2,14.4],[26.1,14.3],[26.3,14.4],[26.8,14.4],[27.3,14.3],[27.5,14.3],[27.8,15.1],[29.5,14.1],[28.2,12.7],[26.3,10],[24,7.4],[22.1,7.4],[21.7,8.1],[22.8,9.2],[22.5,9.2],[22.8,9.4],[22.7,9.6],[22.6,10.8],[23,10.8],[23,10.5],[23.2,10.6],[23,10.9],[23.2,11.5],[23.7,11.7],[23.7,11.8],[24.2,12.3],[24.2,12.4],[24.3,12.5],[24.9,12.7],[24.4,12.8],[24.2,13],[24.2,13.3],[23.9,13.4],[23.6,13.7],[23.6,13.9],[24.1,14]]]]}},{"type":"Feature","properties":{},"geometry":{"type":"MultiPolygon","coordinates":[[[[17.3,10.6],[18,11.3],[18.6,11],[19.2,10.8],[19.6,10.4],[19.5,10.3],[20.1,9.9],[20,9.6],[21,9.8],[21,9.1],[21.1,8.9],[20.8,8.7],[20.7,8.3],[21,8.4],[21.1,8.4],[21.3,8],[20.8,7.6],[20.3,7.5],[20,7.3],[19.4,6.9],[18.7,6.8],[18.8,6.4],[18.7,6.3],[18.5,6.3],[18.1,6.2],[17.9,6],[17.9,5.7],[17.6,5.8],[18,6.3],[18,6.9],[18.1,7.1],[18.8,7.5],[19,8],[18.7,7.5],[18,7.4],[17.9,7.6],[17.4,7.4],[17.4,7.5],[17.5,7.8],[17.7,8.4],[17.6,8.7],[17.5,9],[17.8,9.2],[18,9.4],[18,9.5],[17.9,9.8],[18,10],[17.9,10.2],[17.7,10.2],[17.3,10.6]]]]}},{"type":"Feature","properties":{},"geometry":{"type":"MultiPolygon","coordinates":[[[[14.4,7.2],[14.5,7.3],[15.6,8.1],[16.1,8.9],[16.2,8.8],[16.5,8.4],[16.5,7.7],[16.3,7.5],[16.2,7.4],[15.8,7.1],[15.7,7],[15.4,6.9],[15.4,6.6],[15.2,6.5],[14.9,6.4],[14.8,6.5],[14.7,6.7],[14.3,6.5],[14.5,7],[14.3,7],[14.5,7.1],[14.4,7.2]]]]}},{"type":"Feature","properties":{},"geometry":{"type":"MultiPolygon","coordinates":[[[[22.7,9.6],[22.6,9.5],[22.5,9.4],[22.7,9.6]]]]}},{"type":"Feature","properties":{},"geometry":{"type":"MultiPolygon","coordinates":[[[[26.9,14.5],[27.2,14.4],[27.1,14.3],[27,14.3],[26.8,14.5],[26.9,14.5]]]]}},{"type":"Feature","properties":{},"geometry":{"type":"MultiPolygon","coordinates":[[[[-42.1,-63.7],[-41.1,-67],[-45.8,-66.5],[-45,-65.6],[-45.2,-64.1],[-45.7,-62.7],[-46.1,-61.5],[-46.3,-60.7],[-44.4,-60],[-43.8,-60.3],[-42.5,-59.8],[-41.4,-59.1],[-40.4,-58.7],[-39.1,-59.5],[-39.6,-61],[-41,-62.2],[-42.1,-63.7]]]]}},{"type":"Feature","properties":{},"geometry":{"type":"MultiPolygon","coordinates":[[[[-23.5,-48.4],[-25.3,-49.3],[-27,-51.5],[-27.9,-52.2],[-29.5,-52],[-27.7,-50.5],[-25.9,-48.8],[-23.6,-47.8],[-21.9,-47.4],[-21.9,-47.5],[-23.5,-48.4]]]]}},{"type":"Feature","properties":{},"geometry":{"type":"MultiPolygon","coordinates":[[[[-3.6,-34.2],[-4.7,-35.2],[-5,-35.5],[-5.3,-35.4],[-5.4,-35.6],[-6.1,-36.1],[-7.1,-36.6],[-8,-35.6],[-9.4,-33.6],[-11.4,-33.4],[-12.5,-32.8],[-9.7,-32.9],[-6.5,-33.9],[-3.6,-34.2]]]]}},{"type":"Feature","properties":{},"geometry":{"type":"MultiPolygon","coordinates":[[[[22.3,-59.3],[21.2,-59.8],[21.4,-60.6],[21.6,-61],[20.5,-61.4],[20.5,-61.6],[20.4,-61.8],[19.8,-62],[19.7,-62.7],[19.3,-62.9],[19.6,-62.8],[19.1,-63.5],[19.1,-63.8],[19.2,-64.1],[19.7,-64.3],[19.5,-64.5],[19.4,-64.7],[18.9,-65.1],[18,-65.8],[17.2,-66.2],[17.1,-66.4],[16.7,-66.6],[16.6,-66.6],[15.9,-67.1],[15.4,-67.6],[15.3,-67.8],[14.6,-68],[14.9,-68.1],[14.3,-68.2],[13.9,-68.5],[13.4,-68.6],[12.7,-68.8],[10.3,-68.9],[10,-68.9],[9.9,-69.1],[8,-69],[6.4,-68.8],[4.9,-68.6],[4.7,-68.5],[1.3,-68.4],[0.6,-68.4],[-0.7,-68.3],[-1.6,-68.5],[-4.5,-68.2],[-6.2,-68],[-4.3,-67.1],[1.1,-65.3],[4.7,-64.6],[5.6,-63.6],[6.5,-63.1],[7.9,-62.7],[11,-61.7],[14,-60.7],[16.4,-59.2],[16.9,-57.9],[19.8,-55.6],[21.3,-58.7],[22.3,-59.3]]]]}},{"type":"Feature","properties":{},"geometry":{"type":"MultiPolygon","coordinates":[[[[22.2,-60.2],[22.3,-60.5],[21.8,-60.1],[22.3,-60],[22.2,-60.2]]]]}},{"type":"Feature","properties":{},"geometry":{"type":"MultiPolygon","coordinates":[[[[-0.8,20.3],[-0.8,20.6],[-0.8,20.7],[-0.8,20.3]]]]}},{"type":"Feature","properties":{},"geometry":{"type":"MultiPolygon","coordinates":[[[[61.5,-55.9],[56.1,-55.5],[53.2,-55.9],[50.7,-56.3],[52.5,-54],[61.7,-54],[63.8,-55.2],[61.5,-55.9]]]]}},{"type":"Feature","properties":{},"geometry":{"type":"MultiPolygon","coordinates":[[[[69.8,-65],[62.9,-64.2],[60,-62],[54.5,-60.9],[50.4,-59.1],[48.6,-56.2],[48.4,-55.5],[49.1,-55.5],[50.7,-56.3],[54.4,-58.8],[59.2,-60.4],[66.5,-62.4],[71.7,-64.1],[69.8,-65]]]]}},{"type":"Feature","properties":{},"geometry":{"type":"MultiPolygon","coordinates":[[[[7.1,-19.2],[5.8,-20],[4.8,-20.4],[4.6,-19.5],[6,-18.2],[7.3,-17.7],[7.1,-18.6],[7.1,-19.2]]]]}},{"type":"Feature","properties":{},"geometry":{"type":"MultiPolygon","coordinates":[[[[-51.9,-43.5],[-53.9,-46.3],[-54.7,-43.8],[-53.4,-42.3],[-51.2,-41.4],[-51.9,-43.5]]]]}},{"type":"Feature","properties":{},"geometry":{"type":"MultiPolygon","coordinates":[[[[33.8,-27],[33.6,-26.9],[33.3,-27.2],[32.3,-26.9],[32.1,-25.7],[32.3,-25.4],[32.4,-24.8],[32.7,-24.4],[33.1,-24.7],[33.9,-25.1],[34.1,-25.8],[34,-26.4],[33.8,-27]]]]}},{"type":"Feature","properties":{},"geometry":{"type":"MultiPolygon","coordinates":[[[[-6,-62.3],[-3.7,-64.5],[-8.3,-66.6],[-10.6,-66.2],[-12.8,-65.4],[-15.7,-64.7],[-17.7,-64.1],[-20,-63.3],[-19.1,-61.9],[-16,-61.5],[-12.6,-61.8],[-10.3,-62.2],[-7.7,-62.6],[-6.6,-62],[-6,-62.3]]]]}},{"type":"Feature","properties":{},"geometry":{"type":"MultiPolygon","coordinates":[[[[57.3,-38.8],[57.3,-40.3],[56.5,-40.9],[55.8,-41.2],[55.1,-41.9],[53.8,-42.7],[52.6,-43.4],[51.5,-44],[50.9,-44.3],[50.6,-44.1],[53.7,-39.9],[57.3,-38.8]]]]}},{"type":"Feature","properties":{},"geometry":{"type":"MultiPolygon","coordinates":[[[[90.8,-62.8],[88.6,-63.4],[81.2,-65.1],[76,-66.2],[74.8,-66.8],[74.5,-66.7],[73.7,-66.6],[73.5,-66.5],[73.8,-66.4],[73.4,-66.4],[72.6,-66.5],[72.5,-66.3],[72.1,-66.5],[71.6,-66.4],[71.5,-66.1],[71,-66.4],[70.7,-66.2],[71,-65.8],[70.5,-65.9],[69.8,-66.1],[69.5,-66],[70.1,-65.6],[69.4,-65.5],[71.6,-63.4],[64.7,-62.1],[65.2,-61],[62.8,-59.8],[61.5,-55.9],[63.8,-55.2],[65.9,-54.6],[68,-57.4],[70.4,-59],[75.4,-61.6],[77.6,-62.1],[83.4,-63],[85.9,-63],[90,-62.4],[90.8,-62.8]]]]}},{"type":"Feature","properties":{},"geometry":{"type":"MultiPolygon","coordinates":[[[[-36.5,-54.9],[-37.3,-56.2],[-38.7,-57.1],[-40.4,-57.3],[-39.9,-57],[-38.6,-55.9],[-36.9,-54.9],[-36.5,-54.9]]]]}},{"type":"Feature","properties":{},"geometry":{"type":"MultiPolygon","coordinates":[[[[17.7,-40.3],[18.4,-43.8],[15.3,-45.2],[11.1,-41.9],[7.1,-37.6],[6.1,-35.4],[10.5,-37],[14.2,-38],[17.7,-40.3]]]]}},{"type":"Feature","properties":{},"geometry":{"type":"MultiPolygon","coordinates":[[[[40.1,-53.7],[40,-53.8],[40.2,-53.9],[40.3,-54],[40.4,-54.3],[38.7,-54.8],[36.3,-56.2],[33.7,-57.3],[30.1,-57.7],[28.8,-59.9],[27.6,-61],[23.7,-62.8],[22.2,-64.2],[21.8,-63.9],[21.8,-62.6],[22.6,-62.1],[22.9,-60.9],[23.3,-60.5],[23.9,-60.4],[24.7,-60.2],[25.7,-59.8],[27.1,-59.3],[27.4,-58.9],[27.8,-58.1],[29.6,-56.3],[31.4,-55.9],[31.9,-56.1],[32.2,-55.9],[32.8,-56.1],[33.2,-56.1],[33.4,-56.3],[33.3,-56.1],[34.1,-56],[34.3,-56.2],[34.9,-56.2],[35.5,-55.7],[35.8,-55.7],[36.3,-55.4],[36.9,-55.2],[37,-55.2],[36.9,-54.9],[37.1,-54.6],[37.4,-54.6],[37.6,-55],[38.1,-54.6],[39.2,-54.3],[39,-53.8],[39.9,-53.6],[40.1,-53.7]]]]}},{"type":"Feature","properties":{},"geometry":{"type":"MultiPolygon","coordinates":[[[[28.7,-64.2],[28.1,-64.4],[27,-64.9],[26.1,-64.8],[23.3,-64.7],[22.3,-64.2],[23.1,-63],[26.6,-61.9],[28.7,-60.9],[28.6,-61.8],[28.7,-64.2]]]]}},{"type":"Feature","properties":{},"geometry":{"type":"MultiPolygon","coordinates":[[[[40.3,-56.5],[40.2,-56.7],[40.2,-56.9],[40.4,-57],[39.3,-57.4],[38.8,-57.4],[38.3,-58.2],[37.4,-58.7],[36.6,-59.6],[36.5,-58.3],[38.3,-56.7],[38.8,-56.8],[40.3,-56.5]]]]}},{"type":"Feature","properties":{},"geometry":{"type":"MultiPolygon","coordinates":[[[[32.6,-62.1],[32.5,-61.2],[34.9,-60.6],[34.5,-61],[32.6,-62.1]]]]}},{"type":"Feature","properties":{},"geometry":{"type":"MultiPolygon","coordinates":[[[[64.7,-62.1],[57,-60],[52.9,-58.2],[52.3,-56.4],[55.4,-55.4],[60,-55.9],[62.6,-58.8],[64.9,-60.7],[65.4,-62],[64.7,-62.1]]]]}},{"type":"Feature","properties":{},"geometry":{"type":"MultiPolygon","coordinates":[[[[65.4,-53.9],[56.4,-54.2],[51.4,-52.5],[53,-50.9],[54.3,-49.9],[55.9,-50.8],[58.9,-51.4],[63,-51],[64.3,-52.6],[65.4,-53.9]]]]}},{"type":"Feature","properties":{},"geometry":{"type":"MultiPolygon","coordinates":[[[[23.7,-66.5],[25.2,-66.6],[24.9,-66.9],[26.7,-67.1],[27.9,-67.4],[28.6,-67.8],[27.1,-67.7],[23.6,-66.6],[23.7,-66.5]]]]}},{"type":"Feature","properties":{},"geometry":{"type":"MultiPolygon","coordinates":[[[[103.4,-0.2],[104.2,-0.4],[103.4,-0.9],[102.8,-0.6],[103,-0.4],[103.3,-0.2],[103.4,-0.2]]]]}},{"type":"Feature","properties":{},"geometry":{"type":"MultiPolygon","coordinates":[[[[103.5,11.8],[100,11.6],[96.1,10.7],[94.7,7.9],[94.6,6.9],[94.9,2.4],[94.6,2],[93.7,2.8],[93.3,3.3],[92.9,3.7],[92.3,4.8],[91.6,7],[90.6,8.5],[89.6,9.3],[88.9,9.8],[89.3,9.9],[90.3,9.8],[91.3,9.7],[92.4,9.9],[93.3,10.1],[94.4,10.6],[95.4,11.2],[96.5,11.8],[97.5,12.1],[98.8,12.2],[102.7,12.1],[103.5,11.8]]]]}},{"type":"Feature","properties":{},"geometry":{"type":"MultiPolygon","coordinates":[[[[102.6,0.9],[104.8,6.7],[108.3,9.4],[110.7,12.6],[111.4,12.5],[111,12],[111.1,11.8],[111.2,12.1],[111.4,12],[111.4,11.7],[111.2,11.8],[111.1,11.5],[111.4,11.5],[111.2,11.1],[111.6,10.8],[111.3,10.8],[111.2,10.6],[110.8,10.3],[110.9,10],[111.1,9.7],[111,9.4],[111,9.3],[110.9,9.1],[110.9,8.8],[110.7,8.7],[110.4,8.9],[110.4,8.6],[110.7,8.6],[110.6,8.5],[110.9,8.5],[110.8,8.1],[110.7,7.7],[110.9,7.6],[110.8,7.4],[110.5,7.4],[110.7,7.3],[110.6,7.1],[110.5,7.2],[110.4,7],[110.5,6.8],[110.2,6.8],[110.4,6.7],[110.3,6.4],[110,6.3],[109.8,6.3],[109.9,6.1],[109.9,6],[109.9,5.9],[109.8,5.5],[109.7,5.5],[109.6,5.3],[109.5,5.1],[109.2,5],[109.2,4.9],[109.2,4.8],[108.8,4.7],[109,4.5],[108.7,4],[108.5,3.8],[108.3,3.8],[108,3.7],[107.8,3.5],[107.8,3.4],[107.6,3.6],[107.4,3.3],[107.2,3.2],[107.3,3.1],[107.3,2.9],[106.9,3.1],[106.5,3.4],[106.4,3.4],[106.6,3.2],[106.6,3],[106.7,2.8],[106.6,2.6],[106.4,2.4],[106.3,2.5],[106.1,2.3],[105.7,2.1],[105.6,1.9],[105.4,1.7],[105.3,1.6],[105.1,1.4],[105,1.4],[104.7,1.3],[104.4,0.9],[104.2,0.9],[104.1,0.6],[104.3,0.4],[104.2,-0.1],[104.1,-0.1],[103.9,0.2],[103.6,0.4],[103.6,0.8],[103.6,1],[103.5,0.9],[103.3,1.1],[103.2,0.7],[103,0.8],[102.7,0.8],[102.6,0.9]]]]}},{"type":"Feature","properties":{},"geometry":{"type":"MultiPolygon","coordinates":[[[[101.5,0.1],[101.6,0.1],[101.4,-0.2],[101.2,-0.4],[100.9,-0.3],[101,-0.5],[101,-0.7],[101,-0.9],[100.1,-0.6],[101.5,0.1]]]]}},{"type":"Feature","properties":{},"geometry":{"type":"MultiPolygon","coordinates":[[[[113.1,7.9],[112.6,7.9],[113,8],[113.1,7.9]]]]}},{"type":"Feature","properties":{},"geometry":{"type":"MultiPolygon","coordinates":[[[[105.2,-0.4],[104.5,-0.3],[104.7,-0.2],[105.2,-0.4]]]]}},{"type":"Feature","properties":{},"geometry":{"type":"MultiPolygon","coordinates":[[[[111,7.7],[110.9,7.6],[111,7.8],[111,7.7]]]]}},{"type":"Feature","properties":{},"geometry":{"type":"MultiPolygon","coordinates":[[[[122,30.5],[121.1,32.9],[120.1,34.1],[122,35.3],[125.8,35.6],[126.3,34.3],[124,31.3],[122,30.5]]]]}},{"type":"Feature","properties":{},"geometry":{"type":"MultiPolygon","coordinates":[[[[132.4,36.2],[131.4,35.7],[128.7,36.2],[125.9,36.7],[120.5,36.4],[123.8,37.9],[126.3,37.8],[127.5,37.2],[128.8,37.1],[132.2,36.3],[132.4,36.2]]]]}},{"type":"Feature","properties":{},"geometry":{"type":"MultiPolygon","coordinates":[[[[91.8,55.3],[89.5,54.2],[86.4,52.1],[84.5,50.8],[83.3,49],[81.4,47.5],[77.9,45.6],[76.1,43.9],[76.3,45.1],[76.8,46.9],[81.1,50.9],[85.1,52.8],[91.8,55.3]]]]}},{"type":"Feature","properties":{},"geometry":{"type":"MultiPolygon","coordinates":[[[[71.9,46.8],[74.8,48.6],[76.4,46.4],[76.1,44],[75.8,42.8],[75.8,40.4],[74.8,38.9],[73,37.5],[69.7,36.1],[68.2,37.7],[68.3,40.7],[68.6,42.5],[69.8,44.5],[71.8,46.5],[71.9,46.8]]]]}},{"type":"Feature","properties":{},"geometry":{"type":"MultiPolygon","coordinates":[[[[9.6,60.8],[8.5,61.3],[10.7,64],[7.1,67.5],[2.2,68.2],[-2.7,70.3],[1.8,70.9],[8.5,72.5],[13.2,73.6],[14.3,73.5],[13.3,72.7],[12.1,71.9],[10.2,70.3],[9.9,70.2],[9.8,69.4],[10.8,69.1],[11.6,69],[16,68],[17.6,65.7],[12.5,61.3],[11.7,61.2],[11.3,61.6],[10.5,61.3],[9.6,60.7],[9.6,60.8]]]]}},{"type":"Feature","properties":{},"geometry":{"type":"MultiPolygon","coordinates":[[[[20.7,31.3],[21,31.2],[21.2,31.1],[21.3,31.3],[21.7,31.1],[22.2,31.2],[22.4,31.2],[22.4,31.4],[22.9,31.6],[23.2,31.9],[23.1,31.6],[23.3,31.7],[23.5,31.6],[23.7,31.8],[23.9,31.4],[23.9,32.1],[24.3,32.2],[24.4,32.4],[25.9,32.6],[25.9,32.7],[26.4,33],[26.9,33],[28.1,32.7],[27.9,31.2],[26.4,30.4],[26.2,30.3],[25.5,30.2],[25.1,30],[25.7,30],[26,29.9],[26.3,29.7],[27,30.1],[27.2,30],[27.5,29.7],[27.9,29.5],[28.2,29.4],[28.4,29.2],[28.7,29.3],[29.1,29.4],[29.8,29.7],[29.3,30.1],[28.7,29.9],[28.5,30.3],[29.2,30.5],[29.3,30.5],[30.1,31.1],[29.7,31.2],[28.9,31.5],[28.6,32.8],[29.3,33.2],[29.3,33.3],[28.6,33.8],[29.1,34.2],[31.1,35.4],[35.9,38.2],[37.8,37.5],[41,36.4],[46.1,34.4],[49,32.7],[53.6,30.3],[54.6,29.8],[54.7,29.6],[54.5,29.1],[55.8,28],[54.7,27],[51.8,24.8],[52.4,25.5],[51.6,26.2],[51.1,26.5],[50.7,26],[50.6,25.9],[50.3,25.8],[49.9,25.3],[49.9,25.1],[49.8,24.4],[49.6,24.3],[49.7,24.1],[49.9,23.9],[49.8,23.8],[49.8,23.7],[49.7,23.7],[46.9,21.7],[45.3,20.8],[45,17.4],[44.5,16.7],[44.5,17],[44.7,17.1],[44.8,17.3],[44.6,18.1],[44.9,18.3],[44.1,18.4],[44.3,18.8],[44.4,19.3],[44.2,19.3],[43.8,18.8],[43.4,18.1],[43.2,17.7],[43,17],[42.9,16.9],[42.7,16.5],[42.8,16.3],[43,16.1],[43.2,16.2],[43.5,16],[43.1,16.3],[42.9,16.5],[43.9,16.6],[44.3,16.7],[44.1,16.2],[44,15.7],[43.7,14.9],[43.3,14.8],[42.5,15.1],[42.3,14.9],[42.3,15.5],[42.4,15.8],[42,15.8],[41.5,15.3],[41.2,15.4],[40.8,15.3],[41,15.6],[41,15.5],[40.7,15.4],[40.5,15.1],[40.6,14.4],[40.2,14.5],[40.5,14.2],[40.5,14],[40.3,13.9],[40.7,13.7],[40.7,13.4],[40.7,12.7],[40.6,13],[40.5,12.6],[38.3,11.4],[38.7,12],[37.8,13.1],[37.5,13.4],[36.9,13.5],[36.7,13.4],[36,13.3],[35.8,13.2],[35.4,13.1],[34.9,13.2],[34.4,13.2],[33.6,12.8],[32.3,12],[31.6,11.1],[31.6,10],[31.4,10.2],[31.2,9.9],[30.9,9.6],[31,10.8],[30.9,12.1],[30.5,12.9],[30.1,13.5],[28.6,14.7],[28.5,16.4],[28.8,16.5],[29.6,16.8],[29.6,16.4],[29.7,16.9],[29.7,17.3],[29.9,17.9],[28.9,18.7],[28.6,19.8],[29.6,19.9],[29.6,20.9],[29.1,21.1],[28.5,21.3],[28.3,21.5],[28.4,22],[28.6,22.3],[28.7,22.5],[28.9,22.7],[29.3,23],[29.7,23.6],[30.1,24],[30.3,24.5],[29.5,24.2],[29.3,24.5],[29.2,24.2],[28.9,24],[28.7,23.8],[28.6,23.6],[28.5,23.4],[28.5,23.2],[28.3,23.1],[28.1,22.9],[28.1,22.5],[27.9,22.3],[27.6,21.9],[27.6,22.2],[27.4,22.1],[27.4,22.2],[27.2,22.2],[26.7,22.2],[26.4,22.1],[26.3,22.3],[26.2,22.3],[26.1,22.6],[25.9,22.9],[25.3,23.3],[25.2,23.5],[25,23.6],[24.9,23.8],[24.7,24.2],[24.9,24.3],[24.7,24.6],[24.9,24.8],[24.8,25],[24.9,25.2],[24.8,25.6],[24.7,26.2],[24.7,26.5],[24.7,26.7],[24.4,26.9],[23.9,26.9],[23.7,26.7],[23.5,26.6],[23.1,26.4],[23.4,26.2],[23.3,26],[23.1,25.8],[23.1,25.7],[23.4,25.3],[23.7,25.2],[23.8,24.7],[23.9,24.2],[23.9,24.1],[23.8,23.7],[23.6,23.4],[23.6,23.3],[23.6,23.1],[23.7,23.1],[23.7,22.8],[23.3,22.9],[23.7,22.5],[23.7,22.3],[24.1,21.7],[24.2,21.5],[24.3,21.4],[24.4,21.2],[24.6,21],[25,21.1],[25.5,21],[25.5,20.9],[25.9,20.8],[25.9,20.6],[25.8,20.1],[26,20.3],[26.1,20.2],[25.9,20.1],[26,19.8],[25.8,19.7],[25.9,19.5],[25.7,19.3],[25.8,19.2],[25.9,19],[25.8,18.8],[26,18.7],[26.1,18.5],[26,18.4],[26.2,18.3],[26.2,18.1],[26.5,17.7],[26.7,17.4],[26.6,16.7],[26.2,16.4],[26.2,15.9],[25,15.9],[25.1,16.3],[24.6,16.4],[24.2,16.6],[24,16.9],[23.6,17.5],[23.6,17.4],[23.6,17.1],[23.5,17.5],[23.4,17.4],[23.3,17.4],[22.9,17.9],[22.7,17.9],[22.4,18.2],[22.2,18.5],[22.2,18.2],[22.5,17.7],[22.4,17.6],[22.2,17.6],[22.1,17.3],[22.1,17],[22.1,16.9],[21.9,16.4],[21.9,16.2],[21.5,16],[21.4,16],[21.3,16],[21.2,16],[20.5,16.1],[20.3,16.5],[20.7,16.5],[20.5,16.5],[20.5,16.7],[20.4,16.8],[20.4,16.9],[20.4,17.1],[20.3,17],[20.2,16.9],[20,16.8],[20,16.7],[19.9,17],[20,17],[20.2,17.4],[19.9,17.2],[20,17.6],[20.2,17.6],[20.2,18.1],[19.9,17.8],[19.9,17.3],[19.7,17.3],[19.7,17.5],[19.7,17.4],[19.5,17.6],[19.5,18],[19.3,17.8],[19.4,17.9],[19.3,18.1],[19.2,18],[19.3,18.2],[19.6,18.4],[19.9,18.6],[20.1,18.5],[20.1,18.8],[20,19.1],[19.9,18.8],[19.6,18.7],[19.4,18.5],[19.1,18.3],[18.9,18.4],[18.9,18.6],[18.9,18.7],[18.9,18.8],[18.8,18.8],[18.9,19],[19.1,19.1],[19.5,19.3],[18.8,19],[18.8,19.1],[18.9,19.2],[18.9,19.3],[19,19.4],[19.2,19.5],[19.1,19.8],[19.4,19.5],[19.1,19.8],[18.8,19.8],[19.1,19.9],[19.2,20],[19.3,20.1],[19.6,20.3],[19.1,20],[19,20.3],[19.3,20.4],[19.3,20.5],[19.6,20.5],[19.6,20.6],[19.5,20.6],[19.7,20.9],[19.5,20.9],[19.6,21.1],[19.7,21.1],[19.7,21.3],[19.7,21.4],[20.1,21.3],[20.2,21.6],[20.4,22],[20.1,22.1],[20.2,21.8],[19.8,21.4],[19.7,21.6],[19.8,21.8],[19.6,21.9],[19.7,22.1],[19.7,22.3],[19.8,22.5],[20,22.4],[19.9,22.7],[19.9,22.9],[19.7,22.7],[19.8,23],[19.7,23],[20,23.3],[20,23.4],[19.8,23.5],[19.6,23.7],[19.9,23.6],[19.8,23.7],[19.6,23.9],[19.6,24.1],[19.8,24.4],[19.8,24.5],[19.7,24.6],[19.4,24.7],[19.6,24.8],[19.4,24.8],[19.5,24.9],[19.5,25],[19.3,25.1],[19.4,25.3],[19.4,25.4],[19.7,25.6],[19.8,25.8],[19.5,25.7],[19.5,25.9],[19.4,25.9],[19.7,25.9],[19.7,26.1],[19.5,26.1],[19.3,26.3],[19.3,26.1],[19.1,26.2],[19.5,26.4],[19.2,26.4],[19.3,26.7],[19.5,26.6],[19.5,26.8],[19.3,26.8],[19.5,27],[19.8,27.3],[19.4,27.1],[19.2,27.2],[19.5,27.4],[19.4,27.5],[19.3,27.5],[19.2,27.9],[19.3,28.1],[19.2,28.2],[19.6,28.3],[19.5,28.3],[19.4,28.5],[19.4,28.8],[19.5,28.6],[19.7,28.8],[19.9,28.8],[19.7,29],[19.8,29.1],[20.1,29.2],[19.9,29.5],[19.5,29.4],[19.7,29.5],[19.9,29.6],[20,29.8],[20.3,29.6],[20.1,29.8],[20.1,30],[20,30.4],[19.9,30.6],[20,30.8],[20,30.9],[20.3,31],[20.5,30.5],[20.7,30.2],[20.6,31],[20.8,30.9],[20.7,31.1],[20.7,31.3]]]]}},{"type":"Feature","properties":{},"geometry":{"type":"MultiPolygon","coordinates":[[[[22.9,15.7],[23.2,16.4],[23.1,15.9],[22.9,15.7]]]]}},{"type":"Feature","properties":{},"geometry":{"type":"MultiPolygon","coordinates":[[[[27.1,19.2],[27.2,18.9],[27.4,18.5],[27.3,18.2],[27.1,18.4],[27.1,19.1],[27.1,19.2]]]]}},{"type":"Feature","properties":{},"geometry":{"type":"MultiPolygon","coordinates":[[[[28.2,20.9],[28.5,20.7],[28.5,20.3],[28.4,20.4],[28.1,20.6],[28.2,20.8],[28.2,20.9]]]]}},{"type":"Feature","properties":{},"geometry":{"type":"MultiPolygon","coordinates":[[[[18.8,27.3],[19,27],[18.9,27.2],[19.2,27.1],[19.1,26.8],[18.9,26.5],[18.8,26.8],[18.8,27],[18.8,27.3]]]]}},{"type":"Feature","properties":{},"geometry":{"type":"MultiPolygon","coordinates":[[[[18.8,28.1],[19,28.2],[19.2,28],[19.1,27.8],[19,27.7],[18.9,27.8],[18.9,27.9],[19,28],[18.8,28.1]]]]}},{"type":"Feature","properties":{},"geometry":{"type":"MultiPolygon","coordinates":[[[[28.2,21.1],[28.2,20.9],[28,21.2],[28.2,21.3],[28.2,21.1]]]]}},{"type":"Feature","properties":{},"geometry":{"type":"MultiPolygon","coordinates":[[[[18.5,27.1],[18.6,26.8],[18.5,26.8],[18.4,26.8],[18.6,26.9],[18.5,27.1]]]]}},{"type":"Feature","properties":{},"geometry":{"type":"MultiPolygon","coordinates":[[[[26.2,21.5],[26.2,21.2],[26.3,21.2],[26.2,21.2],[26,21.3],[26.2,21.5]]]]}},{"type":"Feature","properties":{},"geometry":{"type":"MultiPolygon","coordinates":[[[[19.7,30.3],[19.6,29.8],[19.4,29.8],[19.4,30],[19.7,30.2],[19.6,30.3],[19.7,30.3]]]]}},{"type":"Feature","properties":{},"geometry":{"type":"MultiPolygon","coordinates":[[[[19.2,28.5],[19.1,28.3],[19,28.4],[19,28.6],[19.2,28.5]]]]}},{"type":"Feature","properties":{},"geometry":{"type":"MultiPolygon","coordinates":[[[[19.4,21.3],[19.6,21.3],[19.3,21.2],[19.4,21.3]]]]}},{"type":"Feature","properties":{},"geometry":{"type":"MultiPolygon","coordinates":[[[[19.9,30.2],[19.9,29.9],[19.9,30],[19.9,30.2]]]]}},{"type":"Feature","properties":{},"geometry":{"type":"MultiPolygon","coordinates":[[[[27.3,22.3],[27.2,21.9],[27.2,22],[27.3,22.3]]]]}},{"type":"Feature","properties":{},"geometry":{"type":"MultiPolygon","coordinates":[[[[18.9,26.6],[18.7,26.3],[18.7,26.6],[18.9,26.6]]]]}},{"type":"Feature","properties":{},"geometry":{"type":"MultiPolygon","coordinates":[[[[20,31.1],[20.2,31.1],[19.9,31],[20,31.1]]]]}},{"type":"Feature","properties":{},"geometry":{"type":"MultiPolygon","coordinates":[[[[18.6,26.3],[18.6,26.2],[18.4,26.2],[18.6,26.3]]]]}},{"type":"Feature","properties":{},"geometry":{"type":"MultiPolygon","coordinates":[[[[28.7,40.7],[29.8,41.6],[30.2,42.1],[31,42.5],[31.9,42.1],[33.8,40.3],[35.9,38.2],[31.1,35.4],[29.1,35.2],[29,35.5],[29,35.6],[29.1,35.7],[28.8,35.7],[28.9,36],[28.9,36.2],[28.7,36.6],[28.7,36.8],[28.7,37.1],[28.9,37.1],[28.9,37],[29,37.1],[29,37.2],[28.7,37.3],[28.7,37.2],[28.6,37.7],[28.6,37.8],[28.9,37.7],[29,37.7],[29.3,37.6],[29.2,37.5],[29.2,37.4],[29.3,37.3],[29.4,37.6],[29.6,37.8],[29.6,37.9],[29.5,37.9],[29.3,38.3],[29.3,38.5],[29.5,38.7],[29.5,39.1],[29.5,39.2],[29.4,39.3],[29.6,39.3],[29.4,39.6],[29.4,39.5],[29.7,39.7],[30.2,39.7],[29.9,39.9],[29.9,40.3],[29.1,40.2],[28.8,40.2],[28.5,40.5],[28.7,40.7]]]]}},{"type":"Feature","properties":{},"geometry":{"type":"MultiPolygon","coordinates":[[[[27,34.5],[27.5,35.1],[27.6,35],[27.9,35],[28.4,35],[28.8,34.3],[27.7,34.2],[27.2,34.4],[27,34.5]]]]}},{"type":"Feature","properties":{},"geometry":{"type":"MultiPolygon","coordinates":[[[[20.9,31.4],[20.6,31.3],[20.5,31.5],[20.9,31.6],[20.9,31.4]]]]}},{"type":"Feature","properties":{},"geometry":{"type":"MultiPolygon","coordinates":[[[[22.1,31.6],[21.3,31.7],[21.5,31.8],[21.9,31.8],[22.1,31.6]]]]}},{"type":"Feature","properties":{},"geometry":{"type":"MultiPolygon","coordinates":[[[[28.7,35.7],[29.1,35.7],[29,35.6],[28.7,35.7]]]]}},{"type":"Feature","properties":{},"geometry":{"type":"MultiPolygon","coordinates":[[[[27.5,36.8],[27.9,36.5],[27.8,36],[27.1,36.3],[27.5,36.8]]]]}},{"type":"Feature","properties":{},"geometry":{"type":"MultiPolygon","coordinates":[[[[27.5,40.1],[28.6,40.1],[28.2,39.9],[27.8,39.9],[27.5,40.1]]]]}},{"type":"Feature","properties":{},"geometry":{"type":"MultiPolygon","coordinates":[[[[-43.9,-59.8],[-45.5,-60.1],[-46.2,-60.9],[-45.8,-61.9],[-45.3,-63.1],[-45.1,-64.3],[-45.2,-66],[-46.1,-66.3],[-47.4,-65.3],[-47.7,-63.4],[-48,-62.3],[-48.7,-61.7],[-49,-61.3],[-49.9,-60.3],[-49.2,-60],[-48.7,-59.6],[-49.1,-59.3],[-46.9,-58.7],[-46.8,-58.7],[-45.7,-59],[-42,-57.7],[-42.1,-58.6],[-42.5,-59.3],[-43.3,-59.5],[-43.9,-59.8]]]]}},{"type":"Feature","properties":{},"geometry":{"type":"MultiPolygon","coordinates":[[[[15.8,-45.8],[18.2,-48.2],[17.5,-48.8],[15.4,-49.1],[13.4,-49.6],[13,-49.5],[12.5,-49.2],[12.9,-49],[12.1,-48.4],[11.9,-48.3],[11,-48.7],[9.6,-48.2],[8.8,-47.7],[8.7,-45.7],[8.8,-43.8],[7.2,-42.3],[6.1,-41],[12.3,-42.5],[15.8,-45.8]]]]}},{"type":"Feature","properties":{},"geometry":{"type":"MultiPolygon","coordinates":[[[[19.1,-51.9],[18.9,-51.8],[18.5,-51.7],[18.6,-51.6],[18.3,-51.5],[17.9,-51.6],[17.2,-51.4],[17.2,-51.3],[16.8,-51.3],[16.6,-51.2],[16.1,-51.2],[15.2,-51.7],[15.2,-51.9],[13.7,-52.9],[13.6,-53.2],[13.8,-53.3],[14.2,-53.4],[14.7,-53.2],[15.1,-53.5],[15,-53.9],[14.6,-54.1],[15.1,-53.8],[16,-54.1],[16.9,-53.9],[16.2,-53.5],[16.7,-53.5],[17,-53.5],[17.3,-53.3],[17.6,-53.3],[18.3,-53.1],[18.5,-52.8],[19.2,-52.8],[19.8,-55.6],[16,-57.4],[14.4,-59.1],[10.8,-59.2],[9.1,-58.5],[8.7,-56.2],[9.5,-54.3],[13.3,-52.9],[14,-52.1],[15,-51.2],[14,-50.4],[15.4,-49.1],[15.2,-49.5],[17.1,-49.2],[18.8,-48.8],[19.1,-51.9]]]]}},{"type":"Feature","properties":{},"geometry":{"type":"MultiPolygon","coordinates":[[[[9.5,-59.7],[9.1,-60.2],[8.4,-61],[8.3,-60.5],[7.8,-59.1],[7.2,-56.1],[7.2,-55.3],[7.5,-54.8],[9.5,-59.7]]]]}},{"type":"Feature","properties":{},"geometry":{"type":"MultiPolygon","coordinates":[[[[30.2,-24.9],[29.8,-28.7],[25.1,-27.6],[20.2,-29.6],[16.6,-30.4],[16.3,-27.8],[20.7,-23.4],[25.1,-23.2],[30.2,-24.9]]]]}},{"type":"Feature","properties":{},"geometry":{"type":"MultiPolygon","coordinates":[[[[42.1,-52.3],[42.1,-48.8],[44.6,-45.7],[47,-45.6],[48.5,-45.5],[48.1,-46.4],[48.2,-46.8],[47.7,-47],[46.8,-48.4],[44.6,-50.3],[42.1,-52.3]]]]}},{"type":"Feature","properties":{},"geometry":{"type":"MultiPolygon","coordinates":[[[[13.8,-38.1],[10,-37.3],[5.6,-35.7],[9.5,-36.4],[13.8,-38.1]]]]}},{"type":"Feature","properties":{},"geometry":{"type":"MultiPolygon","coordinates":[[[[17.7,-40.3],[14.2,-38],[17.3,-39.3],[17.7,-40.3]]]]}},{"type":"Feature","properties":{},"geometry":{"type":"MultiPolygon","coordinates":[[[[-9,-6.1],[-8.5,-4.4],[-6.9,-3.9],[-3.1,-5],[1.3,-7.5],[3.4,-9.9],[2.9,-11.3],[0.9,-9.5],[-3.8,-8.5],[-8.1,-7.3],[-9,-6.1]]]]}},{"type":"Feature","properties":{},"geometry":{"type":"MultiPolygon","coordinates":[[[[3.1,-29.8],[-0.7,-30.3],[-5.7,-29.8],[-6,-28.9],[-6.6,-28.7],[-8.7,-27.3],[-9.2,-27.2],[-9.6,-26.5],[-8.8,-26.4],[-7.4,-25.4],[-3.5,-24.2],[-2,-25.4],[-0.3,-26],[1.5,-26.2],[2.5,-27.3],[2.8,-29.2],[3.1,-29.8]]]]}},{"type":"Feature","properties":{},"geometry":{"type":"MultiPolygon","coordinates":[[[[-27.5,-30.1],[-27.5,-33.9],[-31.7,-34.2],[-34.5,-32.6],[-36.3,-28.7],[-39.2,-23.6],[-40,-18.4],[-40.6,-15.2],[-38.6,-12.8],[-35.6,-13.4],[-35.2,-16.8],[-33.8,-21.9],[-32.3,-23.6],[-31.5,-25.3],[-30.5,-25.2],[-32.7,-25],[-31.3,-27.4],[-28,-29.3],[-27.5,-30.1]]]]}},{"type":"Feature","properties":{},"geometry":{"type":"MultiPolygon","coordinates":[[[[-18.2,-27.7],[-20,-29.4],[-21.4,-31.5],[-25.3,-31.3],[-24.5,-28.8],[-27.5,-25.7],[-29.3,-21.2],[-28.5,-18.5],[-26,-17.4],[-23.3,-19.6],[-21.8,-23.6],[-19,-27.5],[-18.2,-27.7]]]]}},{"type":"Feature","properties":{},"geometry":{"type":"MultiPolygon","coordinates":[[[[-27.5,-33.9],[-27.5,-30.1],[-25.7,-31],[-23.9,-31.8],[-22.3,-32.8],[-23.9,-34.3],[-27.5,-33.9]]]]}},{"type":"Feature","properties":{},"geometry":{"type":"MultiPolygon","coordinates":[[[[-13,-26.7],[-14.3,-24.3],[-14.2,-24.4],[-13.9,-24.3],[-13.9,-24.4],[-13.7,-24.6],[-13.6,-24.8],[-13.6,-24.9],[-13.4,-25],[-13.2,-24.9],[-13.3,-25.3],[-13.1,-25.3],[-13,-25.2],[-12.9,-25.3],[-12.8,-25.3],[-12.6,-25.5],[-12.5,-25.5],[-12.5,-25.6],[-12.6,-25.8],[-12.8,-26],[-12.8,-26.1],[-12.5,-26.1],[-12.6,-26.2],[-12.9,-26.5],[-13,-26.7]]]]}},{"type":"Feature","properties":{},"geometry":{"type":"MultiPolygon","coordinates":[[[[-10.7,-26.9],[-12.8,-26.8],[-12.5,-26.7],[-12.3,-26.6],[-12.1,-26.5],[-11.8,-26.5],[-11.5,-26.6],[-11.5,-26.4],[-10.8,-26.9],[-10.7,-26.9]]]]}},{"type":"Feature","properties":{},"geometry":{"type":"MultiPolygon","coordinates":[[[[-12.2,-26.4],[-12.5,-26.5],[-12.5,-26.4],[-12.2,-26.4]]]]}},{"type":"Feature","properties":{},"geometry":{"type":"MultiPolygon","coordinates":[[[[-11.1,-34],[-14.1,-35.3],[-18,-39.1],[-21.8,-39.6],[-21.9,-36.6],[-19.9,-33.8],[-16.6,-33.5],[-13,-32.9],[-11.1,-34]]]]}},{"type":"Feature","properties":{},"geometry":{"type":"MultiPolygon","coordinates":[[[[-25,-10.1],[-26.9,-9.9],[-29.2,-9.9],[-31.1,-9.8],[-32.9,-11],[-34.6,-11.6],[-35.4,-12.7],[-38.6,-12.8],[-40.6,-15.2],[-40,-18.4],[-39.2,-23.6],[-36.3,-28.7],[-34.5,-32.6],[-33.2,-36],[-37,-35.9],[-40.2,-32.4],[-41.5,-30.1],[-42.9,-26.9],[-44.7,-24.8],[-45.7,-22.8],[-45.9,-19.7],[-45.8,-16.8],[-45.2,-12.9],[-42.8,-10.3],[-40.1,-9.1],[-37.4,-8.7],[-36.8,-7.5],[-34.1,-6.4],[-33.7,-6.3],[-33.4,-6.2],[-33,-6.2],[-32.6,-6.1],[-32.3,-6.1],[-31.9,-6.1],[-31.5,-6],[-31.3,-6],[-30.9,-6.2],[-29.3,-6.8],[-28.5,-7.6],[-28,-7.6],[-27.5,-7.5],[-27.6,-7.5],[-26.9,-7.6],[-25.4,-8.2],[-26.3,-8],[-26.2,-8.5],[-26.1,-8.8],[-25.6,-9],[-25.1,-9.4],[-24.8,-9.9],[-25.1,-10.1],[-25,-10.1]]]]}},{"type":"Feature","properties":{},"geometry":{"type":"MultiPolygon","coordinates":[[[[-24.6,-8.6],[-24.7,-9],[-25.1,-8.7],[-24.6,-8.5],[-24.6,-8.6]]]]}},{"type":"Feature","properties":{},"geometry":{"type":"MultiPolygon","coordinates":[[[[-41.6,-52.3],[-41.8,-52],[-40.6,-49.2],[-41.4,-47],[-40.3,-47],[-39.3,-48.5],[-38.7,-48.9],[-37.7,-50.2],[-41.6,-52.3]]]]}},{"type":"Feature","properties":{},"geometry":{"type":"MultiPolygon","coordinates":[[[[4.9,9.3],[3.4,9.1],[2.7,9.2],[4.3,10.2],[4.3,10.1],[4.5,10.1],[4.5,9.9],[4.8,9.8],[5.1,10],[5.1,9.8],[5.4,9.5],[4.9,9.4],[4.9,9.3]]]]}},{"type":"Feature","properties":{},"geometry":{"type":"MultiPolygon","coordinates":[[[[4.3,10.3],[2.7,10.6],[2.6,12],[2.5,13.8],[2.5,14.8],[2.4,15.9],[2.7,15.8],[2.6,15.8],[2.6,15.6],[2.7,15.6],[2.7,15.5],[2.8,15.3],[2.6,15.1],[2.6,14.9],[2.9,14.8],[2.9,14.7],[2.6,14.6],[2.9,14.5],[3,14.4],[3,14.3],[2.9,14],[2.6,13.8],[3.1,13.9],[3.1,13.7],[2.9,13.6],[2.8,13.5],[3.2,13.6],[3,13.4],[3.2,13.3],[3.4,13.1],[3.4,13],[3.1,12.8],[3.3,12.6],[3.4,12.6],[3.5,12.3],[3.2,12.1],[3.3,12],[3.3,11.9],[3.1,11.8],[3,11.7],[3.2,11.6],[3.3,11.4],[3.2,11.3],[3.4,11.2],[3.6,10.8],[3.8,10.8],[3.8,10.7],[3.6,10.4],[3.9,10.5],[4.1,10.5],[4.2,10.4],[4.3,10.3]]]]}},{"type":"Feature","properties":{},"geometry":{"type":"MultiPolygon","coordinates":[[[[-7.8,-1],[-8,-1],[-8.7,-1.1],[-8.9,-1.2],[-8.9,-1.5],[-9.8,-1.7],[-10.2,-1.7],[-10.9,-2],[-10.5,-1.8],[-10.7,-1.9],[-10.9,-1.9],[-11,-2],[-11.1,-2.1],[-11.5,-2.3],[-11.8,-2.4],[-12.7,-2.8],[-14.8,-3.6],[-17,-4.6],[-18.9,-5],[-21,-5.1],[-19.7,-3.8],[-17.3,-2.5],[-13.8,-1.1],[-11.2,-0.1],[-8.3,0.2],[-7.1,0.5],[-7.8,-1]]]]}},{"type":"Feature","properties":{},"geometry":{"type":"MultiPolygon","coordinates":[[[[-7.9,-1.4],[-8.8,-1.3],[-8.6,-1.2],[-8.3,-1.2],[-7.9,-1.2],[-7.9,-1.4]]]]}},{"type":"Feature","properties":{},"geometry":{"type":"MultiPolygon","coordinates":[[[[-23.8,-4.5],[-26.2,-3.4],[-24.4,-5.5],[-24.7,-5.5],[-25.3,-5.3],[-24.8,-5.5],[-24.9,-5.7],[-24.7,-5.8],[-24.6,-6],[-24.8,-5.9],[-24.9,-5.9],[-25,-6],[-25,-6.2],[-24.8,-6.6],[-24.9,-6.7],[-25.1,-6.6],[-25.2,-6.3],[-25.2,-6.1],[-25.4,-5.8],[-25.7,-6.2],[-25.8,-6],[-26,-6],[-26.3,-5.7],[-26.3,-5.4],[-26.5,-5.2],[-26.6,-4.9],[-26.8,-4.8],[-27.1,-4.9],[-28.1,-4],[-28.1,-3.9],[-28.6,-3.9],[-28.9,-3.6],[-29.1,-3.6],[-29,-3.8],[-29.5,-4],[-30.2,-4],[-30.5,-3.9],[-30.5,-3.8],[-30.6,-3.7],[-30.7,-3.6],[-30.9,-3.9],[-31,-3.8],[-31.3,-3.9],[-31.4,-3.8],[-31.5,-3.9],[-31.8,-3.8],[-31.8,-4.1],[-32,-4.2],[-32.2,-4.2],[-32.3,-4.2],[-32.4,-4.6],[-32.5,-5],[-32.5,-5.2],[-32.6,-5.6],[-33.4,-6.2],[-33.2,-5.8],[-33.3,-5.8],[-33.5,-6],[-33.6,-6.3],[-34,-6.5],[-34.1,-6.3],[-35.4,-3.9],[-37.2,-3],[-37.1,-1.4],[-36.1,0.4],[-35.4,0.3],[-34.9,0.6],[-34.4,0.8],[-33.7,0],[-33.5,0],[-33.1,-0.6],[-33,-1.1],[-32.2,-1.7],[-31.6,-2],[-31.3,-2.3],[-30.6,-2.6],[-29,-1.2],[-27.1,0.4],[-25.4,0.2],[-24,-3.9],[-23.8,-4.5]]]]}},{"type":"Feature","properties":{},"geometry":{"type":"MultiPolygon","coordinates":[[[[1.9,15],[1.7,14.8],[1.8,14.9],[1.9,15]]]]}},{"type":"Feature","properties":{},"geometry":{"type":"MultiPolygon","coordinates":[[[[1.8,14.7],[2,13.7],[2,11.7],[2.2,9.4],[1.9,8.8],[0.6,9.5],[0.6,9.7],[1.1,9.8],[1.8,9.5],[1.9,9.7],[1.6,9.8],[1.3,10.2],[1.2,10],[0.9,9.9],[0.8,10.5],[1,9.8],[0.6,9.9],[0.3,10.4],[0.4,11.2],[-0.1,12.8],[-0.1,14.5],[-0.2,15.2],[0.2,14.9],[0.1,14.2],[0.2,14.2],[0.6,14.3],[0.9,14.5],[1.3,14.7],[1.3,14.2],[1.5,14.7],[1.8,14.7]]]]}},{"type":"Feature","properties":{},"geometry":{"type":"MultiPolygon","coordinates":[[[[0.6,9.6],[0.5,10],[0.5,9.8],[0.6,9.6]]]]}},{"type":"Feature","properties":{},"geometry":{"type":"MultiPolygon","coordinates":[[[[0.9,19.5],[0.6,19.5],[0.8,18.8],[1,18.8],[1.1,18.6],[1,18.5],[1.1,18.3],[1.1,18.2],[0.8,17.7],[0.7,18],[0.4,18.2],[0.2,18.3],[0,18.5],[0,18.6],[-0.1,18.8],[-0.1,19],[-0.5,19.2],[-0.4,19.4],[-0.6,19.4],[-0.7,19.5],[-0.8,19.7],[-0.8,19.8],[-0.5,19.8],[-0.5,19.9],[-0.5,20.1],[-0.6,20.2],[-0.8,20.2],[0.2,20.5],[0.9,19.5]]]]}},{"type":"Feature","properties":{},"geometry":{"type":"MultiPolygon","coordinates":[[[[7.7,-31.1],[7.7,-31],[9.4,-28.6],[10.6,-25.9],[12.9,-27.5],[14.4,-30.8],[10.7,-32.5],[7.6,-32.4],[7.7,-31.1]]]]}},{"type":"Feature","properties":{},"geometry":{"type":"MultiPolygon","coordinates":[[[[-16.6,-21.6],[-16.9,-19.8],[-16.9,-18.7],[-16.4,-15.3],[-15.2,-14.8],[-12.9,-17],[-13.2,-20.1],[-15.9,-21.5],[-16.6,-21.6]]]]}},{"type":"Feature","properties":{},"geometry":{"type":"MultiPolygon","coordinates":[[[[-28.6,-16.1],[-31.3,-13.7],[-29.1,-12.4],[-25.5,-14.5],[-26.2,-16.2],[-28.6,-16.1]]]]}},{"type":"Feature","properties":{},"geometry":{"type":"MultiPolygon","coordinates":[[[[20.5,-47.2],[17.2,-47.2],[16.2,-45.4],[19.4,-43.8],[20.5,-47.2]]]]}},{"type":"Feature","properties":{},"geometry":{"type":"MultiPolygon","coordinates":[[[[3.3,-39.5],[1.5,-38.9],[1.8,-38.4],[0.9,-38.3],[0.6,-38.3],[-0.6,-38.2],[-1.4,-37.8],[-1.5,-37.4],[-2.8,-35.3],[-2.4,-33.9],[-1.9,-34.5],[-1.5,-35.1],[-0.8,-36],[-0.2,-37.1],[0.9,-37.8],[1.4,-37.9],[2.2,-37.7],[3.3,-39.5]]]]}},{"type":"Feature","properties":{},"geometry":{"type":"MultiPolygon","coordinates":[[[[8.6,-19.1],[7.6,-20],[7.8,-19.4],[8.1,-18.8],[8.9,-18],[9.6,-17.5],[9.4,-18.1],[9.1,-18.8],[8.6,-19.1]]]]}},{"type":"Feature","properties":{},"geometry":{"type":"MultiPolygon","coordinates":[[[[15.5,-59.8],[12.2,-59.6],[14.4,-59.1],[16,-57.4],[19.8,-55.6],[16.9,-57.9],[16.4,-59.2],[15.5,-59.8]]]]}},{"type":"Feature","properties":{},"geometry":{"type":"MultiPolygon","coordinates":[[[[-35.9,3.9],[-38.2,4.2],[-39.4,5],[-40.1,7],[-40.1,7.8],[-39.7,7.9],[-38.9,8.5],[-37.9,7.9],[-37.8,6.7],[-37.4,5.8],[-36.1,4.6],[-35.9,3.9]]]]}},{"type":"Feature","properties":{},"geometry":{"type":"MultiPolygon","coordinates":[[[[13.1,-52.8],[11.9,-53.2],[9.8,-53.3],[9.6,-52.4],[11.8,-50.6],[15,-50.9],[14.7,-52],[13.1,-52.8]]]]}},{"type":"Feature","properties":{},"geometry":{"type":"MultiPolygon","coordinates":[[[[-24.8,-36.6],[-23.6,-35.5],[-23.3,-36.2],[-24.9,-37],[-24.8,-36.6]]]]}},{"type":"Feature","properties":{},"geometry":{"type":"MultiPolygon","coordinates":[[[[-36.1,0.4],[-37.3,1.2],[-38,3.1],[-38.9,4.2],[-36.8,4.1],[-35.7,3.4],[-35.4,1.8],[-36.1,0.4]]]]}},{"type":"Feature","properties":{},"geometry":{"type":"MultiPolygon","coordinates":[[[[30.6,-24.7],[26.8,-23.5],[21.7,-23.2],[21.4,-21.3],[23.9,-21.3],[28.3,-23.5],[30.6,-24.7]]]]}},{"type":"Feature","properties":{},"geometry":{"type":"MultiPolygon","coordinates":[[[[28.2,9.8],[29,9.6],[30.1,9.7],[30.6,9.8],[30.9,9.7],[30.6,9.5],[30,9],[29.5,8.6],[29.4,8.5],[29.1,8.2],[28.7,7.8],[28.5,7.7],[28.4,7.5],[28.1,7.2],[28.1,7.1],[28,6.7],[27.8,6.1],[27.4,5.7],[26.2,5.6],[23.8,6.6],[25.9,7.8],[27.8,9.6],[28.2,9.8]]]]}},{"type":"Feature","properties":{},"geometry":{"type":"MultiPolygon","coordinates":[[[[21.9,7.5],[24.5,6.3],[23.9,5.2],[23.5,4.8],[22.5,4.4],[21.8,4.3],[19.7,4.2],[18.8,4],[18.9,4.1],[19.1,4.3],[19,4.4],[18.8,4.6],[19.4,4.8],[19.6,5],[20,4.9],[20.3,5.1],[20.4,5.2],[20.6,5.4],[20.2,6.2],[20.7,6.1],[21.6,6.6],[21.5,6.9],[21.8,7.1],[21.9,7.5]]]]}},{"type":"Feature","properties":{},"geometry":{"type":"MultiPolygon","coordinates":[[[[27.2,5.7],[27,4.8],[27.2,4.1],[27.4,3.9],[27.8,3.8],[28.4,3.6],[28.2,3.1],[27.3,2.2],[26.9,2.3],[26.8,2.2],[26.7,2.1],[26,1.7],[25.8,1.2],[25.6,1.1],[25.5,1],[25.3,0.9],[25.1,0.8],[24.9,0.8],[24.5,0.8],[24.3,0.8],[24,0.7],[23.9,0.6],[23.6,0.5],[23.4,0.5],[23.1,0.5],[22.7,0.5],[22.5,0.4],[22.3,1.5],[22.3,1.6],[22.6,2.2],[21.9,2.7],[21.9,2.9],[21.7,3.1],[20.7,3.7],[20.5,3.8],[20.5,4],[20.2,3.9],[20.1,4],[20,4],[19.9,4],[19.7,4],[19.4,4],[19.2,3.8],[19.9,4.2],[21.9,4.3],[22.8,4.5],[23.6,4.9],[23.9,5.2],[26.2,5.6],[27.2,5.7]]]]}},{"type":"Feature","properties":{},"geometry":{"type":"MultiPolygon","coordinates":[[[[17.9,-0.1],[18.1,-0.2],[18.3,-0.4],[18.5,-0.7],[18.6,-0.8],[18.9,-1],[19.1,-1.1],[19.3,-1.2],[19.5,-1.3],[19.7,-1.6],[19.9,-1.7],[20.1,-1.8],[20.3,-2],[20.4,-2],[20.6,-2.1],[20.7,-2.2],[20.7,-2.7],[20.2,-3.1],[18.3,-3.3],[18.2,-3.4],[17,-4.1],[16.3,-5.1],[15.9,-5],[15.7,-5],[15.5,-5.1],[15.1,-5.1],[14.9,-5.1],[14.6,-4.9],[14.2,-4.9],[13.8,-4.9],[13.5,-4.9],[13.2,-4.8],[12.9,-4.7],[12.6,-4.7],[12.4,-4.7],[12.2,-4.7],[12.1,-4.6],[11.9,-4.7],[11.7,-4.7],[11.4,-4.7],[11.5,-4.4],[11.5,-4],[11.3,-3.5],[11,-3.4],[10.5,-3.4],[10.4,-2.2],[10.7,-1.8],[10.8,-1.8],[10.5,-1.4],[10.8,-1.5],[10.9,-1.3],[10.8,-0.9],[11.6,-0.4],[12.3,0.4],[12.9,1.4],[12.8,1.7],[12.7,1.8],[12.9,2.1],[13,2.3],[13.3,2.4],[13.7,2.2],[13.8,2.3],[14.1,2.3],[14.4,2],[15,1.6],[15.6,1.3],[16.5,0.7],[16.7,0.5],[17,0.2],[17.2,0.2],[17.9,-0.1]]]]}},{"type":"Feature","properties":{},"geometry":{"type":"MultiPolygon","coordinates":[[[[11.4,-4.7],[11.7,-4.7],[11.9,-4.7],[12.1,-4.6],[12.2,-4.7],[12.4,-4.7],[12.6,-4.7],[12.9,-4.7],[13.2,-4.8],[13.5,-4.9],[13.8,-4.9],[14.2,-4.9],[14.6,-4.9],[14.9,-5.1],[15.1,-5.1],[15.5,-5.1],[15.7,-5],[15.9,-5],[16.3,-5.1],[15.8,-5.5],[15.3,-5.5],[14.3,-5.7],[13.5,-5.4],[12.2,-5],[11.6,-5.2],[11.4,-4.7]]]]}},{"type":"Feature","properties":{},"geometry":{"type":"MultiPolygon","coordinates":[[[[-15.3,-69.8],[-27.9,-71.5],[-28.4,-71.4],[-28.6,-71.3],[-30.2,-71.1],[-28.5,-70.5],[-27.9,-70.2],[-24.9,-69.8],[-24.5,-69.4],[-25.5,-68.9],[-24.3,-69.2],[-23.8,-68.7],[-22.8,-69.1],[-22,-69.3],[-21.3,-68.9],[-20.2,-68.6],[-20.3,-69.1],[-18.1,-69.2],[-17.3,-69.3],[-15.9,-69.5],[-15.3,-69.8]]]]}},{"type":"Feature","properties":{},"geometry":{"type":"MultiPolygon","coordinates":[[[[-16.6,-68.7],[-17,-69.2],[-17.6,-68.6],[-16.6,-68.7]]]]}},{"type":"Feature","properties":{},"geometry":{"type":"MultiPolygon","coordinates":[[[[20.9,-69.8],[20.8,-69.8],[20.7,-69.8],[20.5,-69.7],[20.9,-69.8]]]]}},{"type":"Feature","properties":{},"geometry":{"type":"MultiPolygon","coordinates":[[[[18,-68.6],[17.8,-68.8],[17.8,-68.9],[17.4,-69.1],[17.1,-69.2],[18,-68.6]]]]}},{"type":"Feature","properties":{},"geometry":{"type":"MultiPolygon","coordinates":[[[[15,-70],[11.9,-72.6],[6.3,-71.8],[3.5,-71],[1.9,-70.1],[2.8,-69.6],[3.6,-69.5],[4.4,-70.1],[6.7,-69.8],[6.3,-70],[8.4,-69.9],[10.6,-70.4],[12.2,-70.3],[15,-70]]]]}},{"type":"Feature","properties":{},"geometry":{"type":"MultiPolygon","coordinates":[[[[-0.3,-69.2],[-9.7,-71.4],[-16.8,-73.7],[-13.9,-69.4],[-8.2,-69],[-7.8,-69],[-7.3,-68.7],[-6.1,-68.9],[-5.5,-68.7],[-3,-69.1],[-1.9,-69],[-0.3,-69.2]]]]}},{"type":"Feature","properties":{},"geometry":{"type":"MultiPolygon","coordinates":[[[[-16.8,-73.7],[-30.3,-72.8],[-29.2,-71.8],[-28.4,-71.4],[-27.9,-71.5],[-15.3,-69.8],[-16,-72.3],[-16.8,-73.7]]]]}},{"type":"Feature","properties":{},"geometry":{"type":"MultiPolygon","coordinates":[[[[-0.7,17.9],[-0.6,17.7],[-0.4,17.5],[-0.2,16.6],[-0.5,16.4],[-0.6,15.7],[-0.9,14.6],[-0.7,13.9],[-0.7,12.9],[-0.4,11.7],[-0.3,10.7],[-0.4,9.6],[-0.5,9.3],[-1.2,9],[-1.7,9],[-2.4,8.9],[-3.3,8.7],[-3.8,8.7],[-4.5,8.2],[-4.7,6.8],[-5.3,6.2],[-5.6,5.3],[-6,4.2],[-6.5,4.3],[-6.5,4.6],[-6.6,5.2],[-7,5],[-7.2,5.5],[-7.7,5.6],[-7.8,5.8],[-8.8,5.4],[-9.1,5.5],[-9.2,5.3],[-9.4,5.6],[-10.2,5.4],[-10.6,5.2],[-10.7,5],[-11.1,5.2],[-11.4,5],[-11.5,5.5],[-11.6,5.6],[-11.8,5.7],[-11.9,5.7],[-11.9,5.8],[-12,5.9],[-13.3,6.8],[-13.3,7],[-13.4,7.5],[-13.4,7.7],[-13.5,8.7],[-14.2,9.9],[-14.7,10.3],[-14.8,10.2],[-15,10.1],[-15.4,10.1],[-15.8,10],[-16.9,10.6],[-17.5,10.5],[-18.1,10],[-18.8,9.5],[-19.8,8.9],[-20.2,8.6],[-20.3,7.9],[-21.8,8.1],[-23.9,8.2],[-24.1,9.2],[-24.5,11.5],[-23.9,12.5],[-23.2,13.7],[-22,15],[-21.3,15.9],[-20.1,17.4],[-19,18],[-19.1,17.7],[-19,17.5],[-19.4,17],[-19.3,16.7],[-19.3,16.9],[-18.7,17.6],[-18.8,18.1],[-17.6,18.5],[-17,18.9],[-16.5,19.1],[-15.7,19.5],[-15.1,19.3],[-14.5,19.1],[-12.9,17.9],[-10.9,17.4],[-10.7,16.4],[-9.8,15.1],[-9.1,14.7],[-8.6,14.4],[-8.9,13.4],[-9.4,12.2],[-9.2,11.4],[-9,10.3],[-8.6,10],[-8.2,10.3],[-8.2,9.8],[-7.9,10.1],[-7.7,10.5],[-7.5,10.8],[-7.5,11],[-7.4,11.2],[-7.4,11.4],[-7.2,12],[-7.2,12.1],[-7.1,12.3],[-7.1,12.5],[-7.3,12.8],[-7.2,13],[-5.9,13.3],[-5,13.9],[-4.5,15.3],[-4.7,15.9],[-4.9,16.5],[-4.9,16.7],[-4.8,16.8],[-4.4,17],[-4.2,17],[-4.2,17.2],[-3.9,17.4],[-3.8,17.7],[-3.8,18.3],[-3.7,18.2],[-2.6,18.5],[-1.2,18.5],[-1,18],[-0.7,17.9]]]]}},{"type":"Feature","properties":{},"geometry":{"type":"MultiPolygon","coordinates":[[[[-15,7.7],[-14.9,7.2],[-14.9,7.1],[-15.2,7.1],[-15.3,7.3],[-16.2,7.7],[-17.6,8.6],[-18.2,8.9],[-18.1,9.1],[-17.5,9],[-16.1,8.7],[-15.6,8.6],[-15.3,8.3],[-15,7.7]]]]}},{"type":"Feature","properties":{},"geometry":{"type":"MultiPolygon","coordinates":[[[[-6.1,14.6],[-6.2,14.5],[-6.3,14.5],[-6.5,14.5],[-6.8,14.3],[-6.5,14.6],[-6.4,14.5],[-6.1,14.6]]]]}},{"type":"Feature","properties":{},"geometry":{"type":"MultiPolygon","coordinates":[[[[-12.2,32.4],[-15.5,29.5],[-16.9,28.9],[-17.9,29.5],[-18,30.3],[-18.1,30.7],[-17.7,31.2],[-16.4,32.3],[-15,32.8],[-13.6,33.7],[-13.6,34.5],[-15.2,37.3],[-14.3,38.4],[-13.7,38.7],[-13.5,38.7],[-13.4,38.8],[-14,37.9],[-14,37.4],[-13.8,37.5],[-13.5,37.6],[-13.4,37.7],[-13.2,37.7],[-13.1,37.6],[-12.9,37.5],[-13.4,37.4],[-13.7,37.1],[-13.5,36.9],[-12.8,35.8],[-12.5,34.7],[-12.3,34.5],[-12.2,33.7],[-12.7,33.8],[-13.2,33.7],[-12.3,32.5],[-12.2,32.4]]]]}},{"type":"Feature","properties":{},"geometry":{"type":"MultiPolygon","coordinates":[[[[-14.9,39.3],[-16.2,39.9],[-17,40.9],[-16.7,41.2],[-16.6,40.8],[-16.6,40.6],[-16.4,40.6],[-16.2,40.9],[-16,40.8],[-16,40.6],[-15.7,40.5],[-15.3,40.4],[-15.4,40.2],[-15.6,40.1],[-15.4,40],[-15,39.9],[-14.5,39.6],[-14.2,39.5],[-14.1,39.4],[-14.1,39.3],[-14.5,39.3],[-14.9,39.3]]]]}},{"type":"Feature","properties":{},"geometry":{"type":"MultiPolygon","coordinates":[[[[-16,28.7],[-16.6,28.9],[-16.3,28.9],[-16,28.7]]]]}},{"type":"Feature","properties":{},"geometry":{"type":"MultiPolygon","coordinates":[[[[-18.8,29.8],[-18.2,30.4],[-18.4,29.9],[-18.8,29.8]]]]}},{"type":"Feature","properties":{},"geometry":{"type":"MultiPolygon","coordinates":[[[[-16.2,28.3],[-17.3,28.6],[-16.7,28.7],[-16.2,28.3]]]]}},{"type":"Feature","properties":{},"geometry":{"type":"MultiPolygon","coordinates":[[[[-18.9,28.8],[-19.8,29.4],[-19,28.8],[-18.9,28.8]]]]}},{"type":"Feature","properties":{},"geometry":{"type":"MultiPolygon","coordinates":[[[[-7.2,31.6],[-7.6,31.4],[-7.7,31.4],[-7.8,31.4],[-8,31.3],[-8.2,31.6],[-8.2,31.4],[-8.2,31.2],[-8.9,30.9],[-9,31.2],[-9.3,31.5],[-9.4,31.9],[-10.3,32.4],[-11.1,32.7],[-11.4,32.8],[-11.8,33.7],[-11.4,33.8],[-11.8,35],[-11.5,35.5],[-10,34.1],[-9.8,34],[-10,34.9],[-10.7,35.4],[-10.9,35.8],[-10.8,36.2],[-9.8,35.9],[-9.6,35.8],[-10,36.3],[-10,36.4],[-10.1,36.6],[-9.6,36.9],[-9.2,37.1],[-7.9,36.1],[-8,35.9],[-7.5,36],[-7.9,35.3],[-7.7,35.3],[-7.7,35.2],[-7.4,35.1],[-7.2,35.2],[-7.1,35.3],[-7,35],[-7,34.7],[-7.7,34.1],[-7.3,34],[-6.3,35],[-6.1,34.8],[-6,34.2],[-7,32.9],[-7.3,32.7],[-7.4,32.2],[-7.3,32],[-7.2,31.6]]]]}},{"type":"Feature","properties":{},"geometry":{"type":"MultiPolygon","coordinates":[[[[-7.5,38.3],[-7.7,38],[-7.5,36.9],[-9.5,37.2],[-10.1,37.3],[-11,37.3],[-11.2,38.1],[-11,38.9],[-9.8,38.9],[-8.2,39.5],[-7.5,38.3]]]]}},{"type":"Feature","properties":{},"geometry":{"type":"MultiPolygon","coordinates":[[[[-3.7,33.5],[-5.4,32.5],[-5.4,33],[-5.4,33.2],[-5,33.4],[-4.9,33.1],[-4.7,33.2],[-4.4,33.4],[-4.3,33.5],[-4.2,33.8],[-4.2,33.9],[-3.7,33.8],[-3.7,33.5]]]]}},{"type":"Feature","properties":{},"geometry":{"type":"MultiPolygon","coordinates":[[[[-5.8,34.3],[-5.5,35],[-5.8,34.2],[-5.8,34.3]]]]}},{"type":"Feature","properties":{},"geometry":{"type":"MultiPolygon","coordinates":[[[[-17.4,18.6],[-18.2,18.2],[-18.9,18.1],[-19.2,18.3],[-19.4,17.9],[-19,18],[-20.1,17.4],[-21.3,15.9],[-22,15],[-23.2,13.7],[-23.9,12.5],[-24.5,11.5],[-24.6,13.2],[-22.9,15.3],[-22.3,16],[-22.2,16.4],[-21.7,17.5],[-20,19.1],[-19,20.1],[-18.8,20.3],[-18.7,20.4],[-18.6,20.6],[-18.5,20.2],[-18.6,20.1],[-18,19.7],[-17.8,19.6],[-17.6,19.5],[-17.1,19.4],[-17,19.2],[-17.3,18.8],[-17.4,18.6]]]]}},{"type":"Feature","properties":{},"geometry":{"type":"MultiPolygon","coordinates":[[[[-15.2,19.4],[-15.1,19.3],[-15.7,19.5],[-16.5,19.1],[-17,18.9],[-17.3,18.8],[-17,19.2],[-17.1,19.4],[-17.6,19.5],[-17.8,19.6],[-18,19.7],[-18.6,20.1],[-18.5,20.2],[-18.6,20.6],[-18.7,20.6],[-18.9,20.6],[-18.8,20.7],[-18.1,21],[-18.1,21.3],[-18,21.5],[-17.6,21.5],[-17.3,21.3],[-16.7,21],[-16.8,20.6],[-16.4,20.1],[-15.9,19.8],[-15.2,19.4]]]]}},{"type":"Feature","properties":{},"geometry":{"type":"MultiPolygon","coordinates":[[[[-18,21.7],[-18.4,21.5],[-19.3,21.5],[-19.5,21.5],[-18.2,21.7],[-18,21.7]]]]}},{"type":"Feature","properties":{},"geometry":{"type":"MultiPolygon","coordinates":[[[[-3,27],[-2.8,26.8],[-2.4,26.9],[-1.4,26.5],[-1.5,26.3],[-2,26],[-2.1,26.2],[-2.1,26],[-2.3,25.6],[-2.9,24.6],[-3.5,24.5],[-3.7,24.8],[-3.6,25],[-3.8,25.2],[-3.7,25.1],[-3.7,24.9],[-3.8,24.4],[-4,24.6],[-4.2,24.7],[-4.5,25.1],[-4.6,24.8],[-5.4,24.5],[-6.1,25],[-6.2,25.4],[-6.4,25.5],[-6,24.4],[-6,23.9],[-6.3,23.8],[-7,23.5],[-7.2,23.7],[-7.3,23.7],[-7.6,23.7],[-8.1,23.7],[-8.6,24.2],[-9,24.8],[-8.9,24.5],[-8.6,24.3],[-8.7,24.1],[-8.2,23.6],[-8.2,23.3],[-9,23.5],[-9.8,24.2],[-12.2,24.3],[-13.3,25],[-14.7,24.6],[-15.8,24.6],[-16.5,24.7],[-17.1,24.5],[-19,25.9],[-18,25.3],[-17.7,25.2],[-18.3,26],[-19.2,26.3],[-18.5,27.2],[-17.4,27.9],[-16.7,28.2],[-14.3,27.8],[-13.6,27.7],[-12.2,28.7],[-10.7,29.6],[-9.5,30.1],[-9.2,29.8],[-8.9,29.6],[-8.7,29.5],[-8,28.9],[-8,28.6],[-7.9,28.5],[-7.6,28.8],[-7.8,29],[-7.8,29.1],[-7.7,29.4],[-7.4,29.2],[-7.2,29.2],[-7.2,28.8],[-7.3,28.7],[-7.4,28.4],[-7.5,28.1],[-7.4,27.9],[-7.5,27.7],[-7.2,28.2],[-6.1,28.4],[-5.7,28.7],[-6,28.7],[-5.7,29],[-5.5,29],[-5.3,29.2],[-5.6,29.5],[-5.8,30],[-5.2,30.4],[-5.2,30.9],[-4.1,31.1],[-3.9,31.2],[-3.9,30.9],[-4.1,29.8],[-4.2,29.5],[-4.1,29.5],[-4.4,29.5],[-4.6,29.4],[-4.7,29],[-4.6,28.8],[-4.4,28.6],[-4.3,28.6],[-4.6,28.4],[-4.7,28.6],[-4.8,28],[-5.1,27.6],[-4.8,27.5],[-3.9,27.6],[-4.3,27],[-4.6,26.5],[-4.7,26],[-4.5,26],[-4.3,26.1],[-4,26.2],[-3,27]]]]}},{"type":"Feature","properties":{},"geometry":{"type":"MultiPolygon","coordinates":[[[[-4.7,24.5],[-4.7,24.1],[-4.5,23.9],[-4.2,23.2],[-3.9,22.1],[-3.7,21.9],[-3.6,21.7],[-3.7,21.6],[-4.6,21.9],[-4.5,22.5],[-5,22.3],[-6,22],[-6.2,22.7],[-6.5,23],[-5.4,23.8],[-4.7,24.5]]]]}},{"type":"Feature","properties":{},"geometry":{"type":"MultiPolygon","coordinates":[[[[-3.2,31.9],[-2.6,32.7],[-2.1,32.9],[-1.7,32.7],[-1.7,31.9],[-2.1,31.7],[-3.2,31.9]]]]}},{"type":"Feature","properties":{},"geometry":{"type":"MultiPolygon","coordinates":[[[[-3.7,31.3],[-3.2,31.9],[-3.6,31.3],[-3.7,31.3]]]]}},{"type":"Feature","properties":{},"geometry":{"type":"MultiPolygon","coordinates":[[[[-6.3,30.2],[-6.2,29.6],[-6.2,29],[-6.6,29],[-7.1,29.2],[-7.3,29.6],[-7.4,29.8],[-7.4,29.9],[-7.6,30],[-7.3,30.2],[-6.9,30.2],[-6.7,30.3],[-6.3,30.2]]]]}},{"type":"Feature","properties":{},"geometry":{"type":"MultiPolygon","coordinates":[[[[-4.6,21.1],[-5.6,20.8],[-5.4,21.4],[-4.8,21.3],[-4.6,21.1]]]]}},{"type":"Feature","properties":{},"geometry":{"type":"MultiPolygon","coordinates":[[[[-4,24.1],[-4,23.9],[-4.1,24.1],[-4,24.1]]]]}},{"type":"Feature","properties":{},"geometry":{"type":"MultiPolygon","coordinates":[[[[-5.9,29.8],[-6,29.5],[-6.1,29.6],[-5.9,29.8]]]]}},{"type":"Feature","properties":{},"geometry":{"type":"MultiPolygon","coordinates":[[[[-0.2,4.3],[-0.7,4],[-1.5,4.3],[-1.3,4.1],[-0.7,3.8],[-0.5,3.7],[-0.5,3.6],[-0.6,3.5],[-0.7,3.3],[-0.6,3],[-1.5,2.6],[-3,1.8],[-3.9,1.4],[-4.8,0.9],[-5.6,0.5],[-7.4,-1.1],[-7.8,-1],[-6.6,1.3],[-6.5,1.6],[-6.4,1.7],[-5.7,2.2],[-5.1,2.6],[-4.7,2.5],[-4.1,2.8],[-3.5,3.6],[-2.6,4.3],[-2.3,4.4],[-1.7,4.6],[-1.4,4.6],[-0.5,4.5],[-0.2,4.3]]]]}},{"type":"Feature","properties":{},"geometry":{"type":"MultiPolygon","coordinates":[[[[45.6,-21.4],[45.4,-21.8],[45.5,-22.2],[45.7,-22.7],[46,-23.6],[46.7,-24.9],[47.3,-26.4],[49.2,-27.8],[49.5,-28],[50.5,-29.2],[51.2,-30.4],[52.6,-31.8],[54.3,-33],[55.2,-34.9],[55.2,-34.5],[54.9,-34.3],[53.7,-34.4],[52.4,-34.7],[51.4,-34.1],[50.5,-33.3],[49.5,-32.9],[49.2,-31.9],[49.2,-31.8],[48.7,-30.7],[48.1,-30.4],[47.6,-30],[47.8,-30],[47.5,-30],[47.2,-30.4],[46.8,-30.2],[46.1,-30.7],[46.5,-30.8],[46.6,-31.6],[46.8,-32.3],[46.8,-32.5],[46.8,-32.6],[47,-32.9],[47.1,-33.2],[47.3,-33.3],[47.9,-33.9],[47.9,-34],[47.5,-34.5],[47.6,-34.8],[47.8,-35.5],[48.3,-35.2],[48.4,-35.1],[48.6,-34.7],[49.2,-34.9],[49.1,-35.1],[48.9,-35.5],[48.6,-36.1],[48.6,-36.4],[48.9,-36.5],[49.1,-36.9],[49.5,-36.9],[50.6,-37],[51.7,-37],[51.7,-36.9],[52,-36.9],[52.1,-36.8],[52.4,-36.5],[53.3,-36],[53.7,-35.7],[54.4,-35.3],[54.4,-35.2],[54.6,-35.3],[54.4,-35.3],[54.5,-35.5],[54.2,-36.5],[53.7,-39.9],[50.6,-44.1],[48.8,-44.2],[47.1,-45.1],[43.8,-45.3],[42.1,-45.6],[39.4,-43.9],[40.8,-43],[41.8,-39.8],[41.9,-37.6],[41.5,-35.6],[40.8,-34.2],[40.5,-33.1],[40.2,-32.5],[40.1,-31.7],[39.8,-31],[38.8,-30.6],[38.1,-30.7],[37.6,-31.5],[36.5,-31],[34.8,-30],[34.4,-28.9],[34.3,-27.5],[34.4,-26.7],[34.4,-26.6],[35.3,-25.8],[36,-25],[36.2,-24.5],[36.6,-23.9],[36.7,-23.6],[37,-23.2],[37.8,-22.1],[38.2,-21.3],[38.3,-20.9],[39.5,-20.4],[40.6,-20.1],[41.4,-19.9],[42.3,-19.9],[44.5,-20.5],[45.6,-21.4]]]]}},{"type":"Feature","properties":{},"geometry":{"type":"MultiPolygon","coordinates":[[[[54.4,-34.5],[53.3,-34.7],[54.3,-34.5],[54.4,-34.5]]]]}},{"type":"Feature","properties":{},"geometry":{"type":"MultiPolygon","coordinates":[[[[46.8,-30.2],[46.7,-30.3],[46.7,-30.2],[46.8,-30.2]]]]}},{"type":"Feature","properties":{},"geometry":{"type":"MultiPolygon","coordinates":[[[[57.2,-20.4],[58,-23.6],[58.2,-26],[60.2,-28.2],[58.9,-29.3],[57.5,-29.5],[55.4,-29.2],[55.2,-27.8],[53.3,-26.6],[51.2,-24.4],[50.9,-22.2],[54.3,-20.3],[55.6,-19.7],[55.5,-19],[56.5,-19.6],[57.2,-20.4]]]]}},{"type":"Feature","properties":{},"geometry":{"type":"MultiPolygon","coordinates":[[[[72.1,-34.4],[66.4,-34.6],[60.9,-35.4],[58.9,-34.5],[58,-32],[59.3,-29.8],[62.7,-30.3],[67.8,-33],[69.5,-33.3],[72.1,-34.4]]]]}},{"type":"Feature","properties":{},"geometry":{"type":"MultiPolygon","coordinates":[[[[17.4,-12],[16.8,-9.8],[16.5,-7.8],[17.7,-8.1],[17.7,-8.2],[17.9,-8.3],[18.3,-8.5],[19.3,-8.8],[19.2,-8.9],[19.3,-9],[19.2,-9.4],[19.8,-9.8],[18.9,-10.4],[18.8,-10.9],[17.5,-11.4],[17.4,-12]]]]}},{"type":"Feature","properties":{},"geometry":{"type":"MultiPolygon","coordinates":[[[[90.7,-44],[91.5,-44.3],[93.1,-44.8],[95,-46],[96.5,-47.5],[95.7,-47.6],[94.1,-47],[93.2,-46.6],[92.5,-46.4],[91,-46.3],[89.6,-46.2],[88,-46.5],[86.8,-46.4],[85.6,-46.9],[84.5,-46.1],[83.5,-46.1],[82.1,-46.1],[80.3,-46.3],[79.7,-46.2],[79.2,-46.4],[78.6,-46.2],[77.8,-46.1],[78.2,-45.9],[77.4,-45.4],[76.3,-45],[77.5,-44.7],[79.8,-44.5],[81.8,-44.2],[83.8,-43.9],[86.1,-44],[87.9,-44],[89.4,-44],[90.7,-44]]]]}},{"type":"Feature","properties":{},"geometry":{"type":"MultiPolygon","coordinates":[[[[27.6,49.2],[28.4,49.4],[30,47.4],[31.8,46.9],[31,46.6],[28.8,46.6],[27.6,46.9],[26.5,47.1],[27.2,47.2],[28.6,47.2],[29,48],[28.4,48],[27.8,47.3],[27.5,48],[27.2,47.8],[26.9,48.4],[27.6,49.2]]]]}},{"type":"Feature","properties":{},"geometry":{"type":"MultiPolygon","coordinates":[[[[32.3,47.1],[39.5,48],[47,49.2],[51.2,49.6],[53,48.2],[54.1,47.8],[55.4,47.5],[57.6,47.6],[62.1,49.4],[65.8,49.1],[62.9,47.6],[59.9,46.1],[56.8,45.8],[51.1,45.3],[45.5,44],[40.8,44.9],[36.3,44.6],[35,44.8],[35,44.9],[33,44.9],[31,45.8],[28.4,46],[26.7,46.3],[28.5,46],[30.2,46.2],[31.5,46.3],[32.7,46.6],[33.9,46.4],[34.5,46],[35,45.8],[35.2,45.2],[35.1,44.9],[35.8,45.7],[35.5,46.1],[34.5,46.7],[32.5,46.9],[32.3,47.1]]]]}},{"type":"Feature","properties":{},"geometry":{"type":"MultiPolygon","coordinates":[[[[35.1,45.7],[35.3,45.5],[35.1,45.5],[35.1,45.7]]]]}},{"type":"Feature","properties":{},"geometry":{"type":"MultiPolygon","coordinates":[[[[21.2,44.6],[22.5,43.3],[22.8,42.8],[22.9,42.6],[23.3,42.2],[23.6,42.3],[23.6,42],[23.9,41.8],[24.2,41.6],[24.5,41.6],[24.3,41.4],[24.8,41.4],[24.9,41.3],[25.2,41],[25,40.8],[24.9,40.3],[24.7,40.9],[24.3,40.3],[24.1,40.6],[23.8,40.9],[23.7,41.2],[23.5,41.3],[23.1,41.3],[22.8,41.4],[22.6,41.5],[22.3,41.9],[21.9,42.4],[22,42.6],[21.7,43],[21.7,43.3],[21.4,43.8],[20.8,44.3],[21.2,44.6]]]]}},{"type":"Feature","properties":{},"geometry":{"type":"MultiPolygon","coordinates":[[[[25.1,40.7],[25.5,40.7],[25.6,40.8],[25.9,40.5],[26.2,40.3],[26.7,40.3],[27.3,40.2],[28.8,40.5],[28.5,40.3],[28.7,40.3],[28.4,39.9],[28.1,39.7],[28.1,39.5],[28,39.4],[27.8,39.6],[27.6,39.6],[27.2,39.5],[27.2,39.4],[27,39.2],[26.1,39.3],[26,39.6],[25.8,39.7],[25.6,39.7],[25.3,39.9],[25,40.2],[25.1,40.7]]]]}},{"type":"Feature","properties":{},"geometry":{"type":"MultiPolygon","coordinates":[[[[27.2,39.3],[27.8,39.3],[27.3,39.1],[27.2,39.3]]]]}},{"type":"Feature","properties":{},"geometry":{"type":"MultiPolygon","coordinates":[[[[26.6,46.3],[28.7,46],[32,45.4],[33.1,44.9],[33.2,44.3],[33.1,44.6],[32.1,45],[31.4,44.7],[30.9,44.3],[30.3,44.4],[29.9,44.5],[29.3,44.5],[28.9,44.4],[28.2,44.9],[26.3,45.4],[26.6,46.3]]]]}},{"type":"Feature","properties":{},"geometry":{"type":"MultiPolygon","coordinates":[[[[25.6,45.8],[26.1,45.8],[26.2,45.5],[25.6,45.8]]]]}},{"type":"Feature","properties":{},"geometry":{"type":"MultiPolygon","coordinates":[[[[-52.1,-54.2],[-52.5,-55],[-53.5,-55.2],[-55.1,-54.7],[-55.6,-54.4],[-56.1,-54.3],[-56.6,-54.9],[-56.3,-55.7],[-55.9,-55.9],[-55.5,-56.3],[-56.4,-56.4],[-56.8,-55.9],[-57.9,-56.5],[-58.6,-57.1],[-59.1,-57.5],[-60,-57.9],[-61.2,-57.7],[-62.6,-58],[-64.3,-58.3],[-69,-56.4],[-69.7,-56.2],[-69.6,-56],[-69.1,-55.9],[-69.1,-55.7],[-68.5,-55.9],[-68.9,-55.6],[-68.7,-55.3],[-67.5,-55.1],[-67.5,-55],[-67.8,-54.7],[-67.9,-54.6],[-67.6,-54.5],[-67.3,-54.5],[-67.1,-54.4],[-67,-53.9],[-66.4,-53.7],[-65.8,-53.5],[-65.6,-53.2],[-65.3,-53.1],[-65.7,-52.7],[-65.1,-52.7],[-65.7,-52.4],[-65.9,-52.5],[-66.2,-52.5],[-66.1,-52.2],[-66.1,-51.5],[-65.7,-51.2],[-64.9,-50.7],[-64.8,-50.7],[-64.1,-49.7],[-63.7,-49.1],[-55.8,-53],[-52.1,-54.2]]]]}},{"type":"Feature","properties":{},"geometry":{"type":"MultiPolygon","coordinates":[[[[-70.4,-56],[-71.1,-55.7],[-71.4,-55.6],[-71.1,-55.6],[-70.7,-55.6],[-70.4,-55.7],[-70.2,-55.9],[-70.4,-56]]]]}},{"type":"Feature","properties":{},"geometry":{"type":"MultiPolygon","coordinates":[[[[-66.9,-52.3],[-66.4,-52.5],[-66.5,-52.8],[-67,-53.1],[-67.3,-53.3],[-67.7,-53.7],[-68.1,-53.7],[-68.2,-53.6],[-67.7,-52.8],[-66.7,-52.3],[-66.9,-52.3]]]]}},{"type":"Feature","properties":{},"geometry":{"type":"MultiPolygon","coordinates":[[[[-67.7,-55],[-67.8,-55.2],[-68.2,-55.3],[-68.4,-55.1],[-68.4,-55],[-68.1,-54.8],[-67.8,-54.9],[-67.7,-55]]]]}},{"type":"Feature","properties":{},"geometry":{"type":"MultiPolygon","coordinates":[[[[-69.1,-55.2],[-69.4,-55.3],[-69.7,-55.1],[-69.1,-55.2]]]]}},{"type":"Feature","properties":{},"geometry":{"type":"MultiPolygon","coordinates":[[[[-69,-54.7],[-69.2,-54.8],[-69.3,-54.8],[-69,-54.7]]]]}},{"type":"Feature","properties":{},"geometry":{"type":"MultiPolygon","coordinates":[[[[-70.1,-55.4],[-70.3,-55.5],[-70.3,-55.6],[-70.2,-55.3],[-70.1,-55.4]]]]}},{"type":"Feature","properties":{},"geometry":{"type":"MultiPolygon","coordinates":[[[[-68.6,-54.9],[-68.9,-54.8],[-68.6,-54.8],[-68.6,-54.9]]]]}},{"type":"Feature","properties":{},"geometry":{"type":"MultiPolygon","coordinates":[[[[-68.6,-54.5],[-68.9,-54.3],[-68.7,-54.4],[-68.6,-54.5]]]]}},{"type":"Feature","properties":{},"geometry":{"type":"MultiPolygon","coordinates":[[[[-129.4,-69.1],[-130.2,-69.4],[-130.3,-69.2],[-130.2,-69.1],[-129.4,-69.1]]]]}},{"type":"Feature","properties":{},"geometry":{"type":"MultiPolygon","coordinates":[[[[-161.6,-69.4],[-159,-69.2],[-158.6,-68.9],[-158.3,-68.9],[-157.8,-68.9],[-157.6,-68.8],[-157.1,-68.7],[-152.6,-68.2],[-149.7,-68.1],[-152.1,-69],[-152.1,-69.2],[-151.5,-69.5],[-153.1,-69.4],[-154,-69.5],[-154.9,-69.5],[-155.5,-69.9],[-155.7,-70.4],[-156.9,-71.2],[-158.7,-71.5],[-159.8,-71.8],[-161.1,-71.8],[-162.4,-71.6],[-162.4,-71.5],[-163.6,-71.1],[-165.7,-71],[-165.6,-70.8],[-166,-70.8],[-164.7,-70.5],[-164.8,-70.4],[-164.7,-70.3],[-164.6,-70.3],[-164.4,-70.2],[-164.3,-70],[-164,-70],[-163.9,-69.9],[-163.1,-69.7],[-162.1,-69.7],[-161.6,-69.4]]]]}},{"type":"Feature","properties":{},"geometry":{"type":"MultiPolygon","coordinates":[[[[-163.3,-71.7],[-163.4,-71.9],[-163.6,-72.1],[-164.6,-72.2],[-164.1,-72],[-163.3,-71.7]]]]}},{"type":"Feature","properties":{},"geometry":{"type":"MultiPolygon","coordinates":[[[[-170.9,-75.1],[-171.2,-75.2],[-171.5,-75.4],[-172.1,-75.3],[-170.9,-75.1]]]]}},{"type":"Feature","properties":{},"geometry":{"type":"MultiPolygon","coordinates":[[[[83.5,6.3],[83.9,6],[84.4,5.6],[85,4.9],[85,4.6],[85.1,4.4],[85.3,4.2],[85.6,3.7],[85.4,3.7],[85.5,3.4],[85.6,3.1],[85.8,2.9],[85.5,2.3],[85.1,1.7],[84.8,1.8],[83.7,4.7],[83.5,6.3]]]]}},{"type":"Feature","properties":{},"geometry":{"type":"MultiPolygon","coordinates":[[[[76.7,8.5],[77,7.8],[79.3,7],[81.8,6.3],[83.1,5.8],[85.2,2.6],[84.4,0.9],[84.2,0.9],[84.1,0.8],[84,0.8],[82.9,1],[79.8,1.9],[77.4,3.3],[76.4,6],[76.5,8.3],[76.7,8.5]]]]}},{"type":"Feature","properties":{},"geometry":{"type":"MultiPolygon","coordinates":[[[[76.9,2.4],[78.4,0.7],[77.8,0.7],[77.7,1],[77.6,1.4],[77.1,1.2],[76.5,2.6],[76.9,2.4]]]]}},{"type":"Feature","properties":{},"geometry":{"type":"MultiPolygon","coordinates":[[[[-14.3,42.9],[-14.7,42.8],[-15,43.3],[-15.2,43.8],[-15.2,44.3],[-15.1,45.3],[-15.8,45],[-15.4,45.8],[-14.6,45.4],[-14.2,44.3],[-13.9,43.6],[-14.3,42.9]]]]}},{"type":"Feature","properties":{},"geometry":{"type":"MultiPolygon","coordinates":[[[[113.1,6.8],[113.1,5.6],[113.1,4.6],[112.2,5.4],[112.1,5.6],[112.1,6.3],[112.1,7.1],[112.9,7.8],[113.1,6.8]]]]}},{"type":"Feature","properties":{},"geometry":{"type":"MultiPolygon","coordinates":[[[[146.8,-38.2],[148.6,-39.5],[149.2,-40.5],[149,-40.4],[148.2,-40],[147.3,-39.6],[146.8,-39.6],[146.5,-39.6],[146.1,-39.6],[145.8,-39.4],[145.8,-39.5],[145.6,-39.6],[145.3,-39.6],[145.1,-39.6],[144.8,-39.8],[144.9,-40.1],[144.3,-40.2],[143.8,-40.6],[142.8,-40.6],[144,-40.7],[143.7,-41.6],[142.4,-41.7],[140.6,-41.2],[139.4,-41],[138.5,-41.1],[138.7,-40.6],[138.7,-40.2],[137.8,-40],[137.9,-39.7],[137.2,-39],[137.1,-38.9],[137,-38.7],[136.9,-38.6],[136.6,-38.6],[136.4,-38.5],[136.3,-38.4],[136.1,-38.4],[136,-38.4],[135.8,-38.3],[135.5,-38.3],[135.2,-38.2],[133.2,-38],[133.2,-37.2],[135.8,-37],[137.5,-36.8],[141.3,-37.4],[144.8,-37.7],[146.8,-38.2]]]]}},{"type":"Feature","properties":{},"geometry":{"type":"MultiPolygon","coordinates":[[[[138.1,-41.4],[137.1,-41.2],[137.5,-40.7],[138.5,-40.9],[138.1,-41.4]]]]}},{"type":"Feature","properties":{},"geometry":{"type":"MultiPolygon","coordinates":[[[[23.5,-10.8],[22.6,-11.3],[22.3,-11.7],[21.9,-11.5],[21.3,-10.1],[21.5,-9.6],[21.8,-9.7],[22.1,-10.1],[23.1,-10.6],[23.5,-10.8]]]]}},{"type":"Feature","properties":{},"geometry":{"type":"MultiPolygon","coordinates":[[[[26.8,-7.8],[26.6,-8.1],[26.4,-8.9],[25.8,-9],[24.9,-8.8],[25.5,-8.4],[26.2,-7.2],[26,-6.9],[26.8,-7.8]]]]}},{"type":"Feature","properties":{},"geometry":{"type":"MultiPolygon","coordinates":[[[[29.2,-10.6],[29.2,-10.7],[29.2,-11.1],[29,-11.7],[28.9,-11.5],[28.7,-11.8],[28.2,-12],[27.9,-11.8],[27.3,-11.5],[27.4,-11],[27.4,-10.9],[27.5,-10.8],[27.3,-10.4],[27.3,-9.9],[27.2,-9],[27.4,-9],[27.6,-8.6],[27.6,-8.7],[28,-8.2],[28.1,-8.2],[29.2,-10.6]]]]}},{"type":"Feature","properties":{},"geometry":{"type":"MultiPolygon","coordinates":[[[[27.2,-10.2],[27.1,-9.8],[27.2,-10],[27.2,-10.2]]]]}},{"type":"Feature","properties":{},"geometry":{"type":"MultiPolygon","coordinates":[[[[29.2,-12.9],[28.8,-12.9],[28.3,-13],[28.4,-13.2],[28.1,-13.2],[27.7,-13.8],[27.5,-13.5],[27.3,-13.5],[27,-13.2],[26.9,-13],[27.1,-12.3],[27.1,-11.9],[27.3,-11.9],[27.7,-11.8],[28.3,-12.5],[28.4,-12.1],[28.8,-11.9],[29,-12.2],[29.2,-12.7],[29.2,-12.9]]]]}},{"type":"Feature","properties":{},"geometry":{"type":"MultiPolygon","coordinates":[[[[29.4,-12.9],[29.1,-12.5],[29.2,-11.9],[29.4,-12.9]]]]}},{"type":"Feature","properties":{},"geometry":{"type":"MultiPolygon","coordinates":[[[[29.4,-14.6],[28.4,-15.1],[28.3,-15.1],[27.2,-15],[27.3,-14.6],[27.7,-14.7],[28.3,-14.6],[29,-14.7],[29.4,-14.6]]]]}},{"type":"Feature","properties":{},"geometry":{"type":"MultiPolygon","coordinates":[[[[41.9,-15.8],[41.9,-16],[42.1,-16.1],[42.5,-16.4],[42.7,-16.7],[41.8,-16.9],[40.8,-16.9],[40.1,-17],[38.8,-17.3],[38.1,-17.3],[37.6,-17.4],[36.4,-17],[36,-17.1],[35.3,-16.8],[34.1,-15.3],[33.3,-15],[32.9,-14.9],[32.7,-14.8],[32.6,-14.4],[32.4,-14.4],[32.1,-14.3],[31.9,-14.2],[32.2,-14.2],[32,-13.9],[32,-13.6],[32.2,-13.4],[32,-13.1],[32.1,-12.7],[32.5,-12.5],[33.4,-12.5],[34.1,-12.2],[34.7,-12.4],[35.6,-12.8],[36.4,-13.3],[37.3,-13.6],[39.2,-15.8],[41,-15.8],[41.9,-15.8]]]]}},{"type":"Feature","properties":{},"geometry":{"type":"MultiPolygon","coordinates":[[[[42.1,-14.9],[41.2,-14.9],[39.4,-15],[37.6,-12.9],[38.7,-13.1],[39.7,-13.1],[40.2,-13.1],[40.4,-13.6],[40.6,-13.8],[40.9,-14],[41.2,-14.1],[41.5,-14.3],[41.7,-14.5],[41.8,-14.6],[42,-14.8],[42.1,-14.9]]]]}},{"type":"Feature","properties":{},"geometry":{"type":"MultiPolygon","coordinates":[[[[43.7,-4.6],[45.1,-4.7],[46.1,-5.1],[46.5,-5.6],[48.3,-8.7],[46.3,-8.6],[44.9,-8.5],[42.6,-6.9],[42.3,-6.6],[42.1,-6.5],[41.7,-6.2],[41.6,-6.1],[41.5,-5.9],[41.4,-5.7],[41.2,-5.6],[41,-5.5],[40.7,-5.3],[40.4,-5.2],[40.1,-5],[40,-4.8],[39.7,-4.4],[39.6,-4.2],[39.3,-3.9],[38.3,-2.6],[39.2,-2.9],[39.4,-3.3],[39.8,-3.9],[40.4,-4.2],[40.8,-4.5],[42,-4.7],[43.7,-4.6]]]]}},{"type":"Feature","properties":{},"geometry":{"type":"MultiPolygon","coordinates":[[[[40,-3.2],[40.1,-3.3],[40.2,-3.4],[39.6,-3.4],[38.4,-3.5],[37.7,-3.4],[36.7,-3.2],[35.9,-2.9],[35,-2.6],[34.3,-2.4],[33.7,-2.7],[32.9,-3],[32.3,-3.1],[32.1,-2.8],[32.2,-2.7],[32.4,-2.7],[32.4,-2.9],[32.5,-2.5],[32.8,-2.5],[33,-1.9],[32.8,-1.2],[33.6,-1.1],[33.9,-1.3],[34.1,-1.5],[34.7,-1.5],[35.6,-1.7],[35.2,-1.4],[35.5,-1.6],[35.7,-1.8],[36.2,-2.2],[36.5,-2.2],[37,-2.3],[37.6,-2.4],[38,-2.4],[38.3,-2.5],[38.7,-2.6],[39,-2.7],[39.6,-2.9],[39.9,-3.1],[40,-3.2]]]]}},{"type":"Feature","properties":{},"geometry":{"type":"MultiPolygon","coordinates":[[[[33.2,-0.8],[33.4,-0.9],[33.8,-0.9],[33.2,-1],[33.3,-0.9],[33.2,-0.8]]]]}},{"type":"Feature","properties":{},"geometry":{"type":"MultiPolygon","coordinates":[[[[32.5,-1.8],[32.5,-2.3],[32.4,-2],[32.1,-1.8],[32.5,-1.8]]]]}},{"type":"Feature","properties":{},"geometry":{"type":"MultiPolygon","coordinates":[[[[32,-0.9],[32,-1.1],[31.9,-1.1],[32,-0.9]]]]}},{"type":"Feature","properties":{},"geometry":{"type":"MultiPolygon","coordinates":[[[[38.3,-2.6],[39,-3.4],[39.4,-4.1],[39.1,-3.9],[38.6,-3.7],[38.3,-3.6],[37.9,-3.5],[37.5,-3.4],[37.2,-3.3],[36.7,-3.2],[36.1,-3.2],[35.8,-3.1],[35.3,-2.8],[35,-2.6],[34.8,-2.4],[34.6,-2.1],[34.7,-2],[35.5,-2.3],[36.3,-2.5],[38.3,-2.6]]]]}},{"type":"Feature","properties":{},"geometry":{"type":"MultiPolygon","coordinates":[[[[11.7,35.2],[12.1,34.8],[11.6,34.9],[11.8,34.6],[11.9,34.3],[11.6,34.3],[11,34.4],[11,34.7],[10.7,34.9],[10.7,34.7],[10.3,35.1],[10.2,35.3],[10.6,35.5],[10.6,35.1],[11.1,35.1],[11.5,35.2],[11.7,35.2]]]]}},{"type":"Feature","properties":{},"geometry":{"type":"MultiPolygon","coordinates":[[[[13.2,34.3],[13.7,33.6],[13.2,33.4],[12.9,33.6],[12.6,33.8],[12.5,33.9],[12.7,34.5],[11.9,34.1],[12.2,34.3],[12.3,34.7],[13.2,34.3]]]]}},{"type":"Feature","properties":{},"geometry":{"type":"MultiPolygon","coordinates":[[[[50.8,-21.8],[51,-23.9],[52.7,-26.3],[55.1,-27.4],[55.1,-29],[53.8,-27.9],[52,-26.9],[50.4,-25.5],[49.7,-24.6],[49,-23.7],[48.3,-23.1],[46.4,-22.1],[45.7,-20.6],[44.8,-19.4],[44.4,-18.4],[44.2,-17.9],[44.1,-17.4],[44.1,-17],[44.6,-16.9],[46.4,-17.1],[46.7,-18.2],[47.3,-19.2],[48.2,-20],[49.1,-20.7],[50.8,-21.8]]]]}},{"type":"Feature","properties":{},"geometry":{"type":"MultiPolygon","coordinates":[[[[49.5,-19.1],[51.9,-19.3],[52.4,-19.2],[54.3,-18.8],[55.3,-19.2],[54.1,-19.9],[50.8,-21.8],[49.1,-20.7],[48.2,-20],[47.3,-19.2],[46.7,-18.2],[46.4,-17.1],[48,-17.5],[48.3,-18.2],[49.1,-18.8],[49.5,-19.1]]]]}},{"type":"Feature","properties":{},"geometry":{"type":"MultiPolygon","coordinates":[[[[31,11.6],[30.9,10],[30.6,9.8],[29.9,9.6],[29,9.6],[28.2,9.8],[28.3,10.4],[29.5,12.2],[30.1,12.1],[30.8,11.7],[31,11.6]]]]}},{"type":"Feature","properties":{},"geometry":{"type":"MultiPolygon","coordinates":[[[[13.4,-5.3],[13.7,-5.8],[14.5,-6.4],[15.8,-7.9],[15.4,-7.9],[15.1,-7.5],[14.4,-6.7],[13,-6.1],[11.5,-5.1],[10.6,-4.7],[10,-4.2],[11,-4.2],[11.5,-4.6],[13.2,-5],[13.4,-5.3]]]]}},{"type":"Feature","properties":{},"geometry":{"type":"MultiPolygon","coordinates":[[[[8.9,-3.1],[9.4,-3.4],[9.4,-3.6],[9.5,-3.8],[9.7,-3.9],[8.8,-3.7],[7.8,-3.5],[7,-2.9],[6.6,-2.1],[8.1,-1.5],[8,-2.5],[8.4,-2.9],[8.9,-3.1]]]]}},{"type":"Feature","properties":{},"geometry":{"type":"MultiPolygon","coordinates":[[[[12.5,-6.6],[12,-6.5],[11.4,-5.9],[11.8,-5.4],[12.1,-6.4],[12.5,-6.6]]]]}},{"type":"Feature","properties":{},"geometry":{"type":"MultiPolygon","coordinates":[[[[30.1,13.5],[30.5,13],[30.8,12.4],[31,11.6],[30.3,12.1],[29.7,12.1],[28.6,10.9],[28,9.9],[27.8,9.6],[25.4,7.3],[23.8,6.6],[24,7.4],[26.3,10],[28.2,12.7],[30.1,13.5]]]]}},{"type":"Feature","properties":{},"geometry":{"type":"MultiPolygon","coordinates":[[[[-17.5,41.4],[-18,40.7],[-19.1,40.5],[-19.8,40],[-20.9,39],[-21.4,38.5],[-21.5,39.3],[-22.1,39.9],[-22.5,40.8],[-22.8,42.4],[-22.7,43.9],[-22.8,45.5],[-22.4,45.3],[-22.1,44.7],[-21.2,44.8],[-20.9,45],[-20.8,44.7],[-20.3,43.6],[-19.1,41.7],[-17.4,41.5],[-17.5,41.4]]]]}},{"type":"Feature","properties":{},"geometry":{"type":"MultiPolygon","coordinates":[[[[-49.6,22.4],[-50.6,21.3],[-49.8,20.3],[-48.8,19.2],[-48.2,17.7],[-47.5,15.9],[-47.7,14.8],[-48.5,15.1],[-49.3,15.9],[-50.4,17.9],[-50.3,18.3],[-50.6,18.1],[-50.9,18.6],[-51.6,20.9],[-51.2,22.2],[-51,22.9],[-49.6,22.4]]]]}},{"type":"Feature","properties":{},"geometry":{"type":"MultiPolygon","coordinates":[[[[-18.5,47.6],[-17.9,47.9],[-17.1,47.1],[-16.6,46.2],[-16.8,45.6],[-17.5,46.4],[-18,47.1],[-18.5,47.6]]]]}},{"type":"Feature","properties":{},"geometry":{"type":"MultiPolygon","coordinates":[[[[80.7,8.4],[80.8,7.9],[81,7.5],[79.7,7.5],[78,7.9],[77.6,8.9],[78.3,9],[80.7,8.4]]]]}},{"type":"Feature","properties":{},"geometry":{"type":"MultiPolygon","coordinates":[[[[80.4,7.6],[80.7,7.6],[81,7.5],[81.1,7.4],[82.2,6.8],[82.4,6.7],[79.6,6.8],[77.3,7.6],[77,8.4],[78.4,7.9],[80.4,7.6]]]]}},{"type":"Feature","properties":{},"geometry":{"type":"MultiPolygon","coordinates":[[[[82.2,6.8],[82.5,6.7],[82.8,6.5],[83.1,6.6],[83.2,6.6],[82.6,6.2],[81.5,6.7],[82.2,6.8]]]]}},{"type":"Feature","properties":{},"geometry":{"type":"MultiPolygon","coordinates":[[[[-15.1,43.5],[-14.6,43.4],[-15,42.8],[-15.1,43.5]]]]}},{"type":"Feature","properties":{},"geometry":{"type":"MultiPolygon","coordinates":[[[[28.1,5.8],[28.1,5.5],[27.7,4.9],[28,4.3],[28.1,4],[28.6,4.3],[28.7,4.1],[28.7,4],[28.7,3.8],[28.6,3.7],[28.3,3.7],[27.6,3.7],[27.3,3.9],[27.2,4.2],[27.2,5.1],[27.3,5.8],[27.7,6],[28,6.5],[28.1,7],[28.1,7.1],[28.1,5.8]]]]}},{"type":"Feature","properties":{},"geometry":{"type":"MultiPolygon","coordinates":[[[[15.4,-7.9],[10.8,-7.2],[6.6,-5],[2.1,-3.1],[2,-3],[3.5,-2],[5.6,-2.1],[6.6,-2.1],[7.1,-3],[8.1,-3.6],[9,-3.7],[9.8,-4],[9.9,-4.2],[10.2,-4.3],[10.9,-4.9],[12,-5.6],[13.5,-6.5],[14.9,-7.2],[15.3,-7.9],[15.4,-7.9]]]]}},{"type":"Feature","properties":{},"geometry":{"type":"MultiPolygon","coordinates":[[[[-17.3,48.8],[-16.7,49.3],[-15.7,48.5],[-15.5,47.1],[-15.2,46.2],[-15.9,46.7],[-16.4,48.1],[-17.3,48.8]]]]}},{"type":"Feature","properties":{},"geometry":{"type":"MultiPolygon","coordinates":[[[[-22.5,41.3],[-23.6,42],[-23.9,40.4],[-24.7,40.2],[-25.4,39.6],[-26.1,39.8],[-25.7,40.6],[-25.3,42.3],[-25.5,43.9],[-26.6,45.2],[-27.9,46.3],[-27.1,46.2],[-26.1,45.9],[-24.9,45.6],[-23.5,45.5],[-22.1,43.9],[-22.1,42.3],[-22.5,41.3]]]]}},{"type":"Feature","properties":{},"geometry":{"type":"MultiPolygon","coordinates":[[[[-13.8,38.7],[-11.5,42.8],[-7.2,46.5],[-6.8,45.8],[-6.7,45.2],[-6.8,45.3],[-6.9,44.5],[-7.2,44.7],[-7.2,44.5],[-6.9,44.2],[-7.1,44.1],[-7.3,43.4],[-7.3,43.1],[-7.6,43.2],[-7.8,43.3],[-8,43.4],[-8,43],[-7.9,42.9],[-8.2,43],[-8.7,42.5],[-9.1,42.6],[-9.5,42.5],[-9.7,42.3],[-10,41.8],[-10.6,41.4],[-11,41.1],[-11.6,40.7],[-12.6,39.6],[-13.6,38.9],[-13.8,38.7]]]]}},{"type":"Feature","properties":{},"geometry":{"type":"MultiPolygon","coordinates":[[[[-56.5,-65.4],[-56,-65.5],[-56.3,-65.6],[-56.1,-65.7],[-56,-65.8],[-55.9,-65.6],[-55.4,-65.9],[-55.4,-66],[-56.3,-65.9],[-56.6,-66],[-57,-66],[-57.5,-66],[-57.7,-65.9],[-57.8,-66],[-57.9,-66.1],[-58.4,-66.1],[-58.2,-65.7],[-57.9,-65.7],[-57.3,-65.7],[-57.2,-65.4],[-57.1,-65.4],[-56.5,-65.4]]]]}},{"type":"Feature","properties":{},"geometry":{"type":"MultiPolygon","coordinates":[[[[-57.1,-65.3],[-59,-65.6],[-59.8,-65.6],[-59.9,-65.6],[-60.3,-65.4],[-60.1,-65.4],[-59.6,-65.5],[-59.1,-65.3],[-59,-65.3],[-58.8,-65.3],[-58.8,-65.1],[-58.3,-65.2],[-58,-65.2],[-57.7,-65.3],[-57.1,-65.3]]]]}},{"type":"Feature","properties":{},"geometry":{"type":"MultiPolygon","coordinates":[[[[-6.3,64.2],[-8.4,64.5],[-10.5,64.4],[-10.2,65.5],[-6.2,64.9],[-5.8,64.3],[-6.3,64.2]]]]}},{"type":"Feature","properties":{},"geometry":{"type":"MultiPolygon","coordinates":[[[[-4.2,64.8],[-0.7,66],[-2.8,64.5],[-4.2,64.8]]]]}},{"type":"Feature","properties":{},"geometry":{"type":"MultiPolygon","coordinates":[[[[-14.8,41.8],[-13.7,41.7],[-14,41.1],[-14.8,41.8]]]]}},{"type":"Feature","properties":{},"geometry":{"type":"MultiPolygon","coordinates":[[[[-14.4,42.6],[-14.2,42.9],[-13.9,43.6],[-11.7,46.3],[-11.3,46.3],[-13,44.6],[-13.9,42.6],[-14.4,42.6]]]]}},{"type":"Feature","properties":{},"geometry":{"type":"MultiPolygon","coordinates":[[[[-70.1,-56.3],[-70.8,-56.8],[-71.2,-56.5],[-71.2,-56.7],[-71.6,-56.3],[-71.7,-56.2],[-72.2,-56.2],[-72.2,-56.3],[-72,-56.4],[-72.1,-56.1],[-71.7,-56],[-71.2,-56.1],[-71.1,-56.1],[-70.9,-56],[-70.4,-56.1],[-70.1,-56.2],[-70.1,-56.3]]]]}},{"type":"Feature","properties":{},"geometry":{"type":"MultiPolygon","coordinates":[[[[-71.2,-57.3],[-71.3,-57.3],[-71.4,-57.2],[-71.2,-57.1],[-71.2,-57.3]]]]}},{"type":"Feature","properties":{},"geometry":{"type":"MultiPolygon","coordinates":[[[[-71.6,-57.6],[-72.1,-57.5],[-72.2,-57.3],[-71.7,-57.4],[-71.6,-57.6]]]]}},{"type":"Feature","properties":{},"geometry":{"type":"MultiPolygon","coordinates":[[[[-72.1,-58],[-72.3,-57.8],[-72.2,-57.6],[-72.1,-58]]]]}},{"type":"Feature","properties":{},"geometry":{"type":"MultiPolygon","coordinates":[[[[-72.7,-58.4],[-73.1,-58.8],[-72.7,-58.3],[-72.7,-58.4]]]]}},{"type":"Feature","properties":{},"geometry":{"type":"MultiPolygon","coordinates":[[[[-73.8,-59.8],[-74,-59.8],[-74.4,-59.7],[-74.5,-59.5],[-74.3,-59.5],[-74,-59.6],[-73.8,-59.8]]]]}},{"type":"Feature","properties":{},"geometry":{"type":"MultiPolygon","coordinates":[[[[-74,-60.1],[-74.3,-60.2],[-74.3,-59.9],[-74,-60.1]]]]}},{"type":"Feature","properties":{},"geometry":{"type":"MultiPolygon","coordinates":[[[[-74.3,-60.4],[-74.9,-60.6],[-74.7,-60.3],[-74.3,-60.4]]]]}},{"type":"Feature","properties":{},"geometry":{"type":"MultiPolygon","coordinates":[[[[-74.8,-61],[-75,-61.1],[-74.8,-60.8],[-74.8,-61]]]]}},{"type":"Feature","properties":{},"geometry":{"type":"MultiPolygon","coordinates":[[[[-74.9,-61.7],[-75,-62],[-75,-62.2],[-75.1,-62.2],[-75,-62.3],[-75.9,-62.5],[-76.2,-62.3],[-75.8,-62.3],[-75.7,-62.1],[-75.3,-62],[-75.2,-61.9],[-75.6,-62],[-76,-61.9],[-75.7,-61.9],[-75.4,-61.6],[-74.9,-61.7]]]]}},{"type":"Feature","properties":{},"geometry":{"type":"MultiPolygon","coordinates":[[[[-75,-63],[-75,-63.1],[-75.4,-63.2],[-74.4,-63.8],[-75.2,-63.4],[-75.1,-62.9],[-75,-63]]]]}},{"type":"Feature","properties":{},"geometry":{"type":"MultiPolygon","coordinates":[[[[-73.5,-64.7],[-73.7,-65],[-73.2,-64.9],[-72.1,-65.7],[-73.3,-65.4],[-74.2,-65],[-74.4,-65],[-74.8,-64.9],[-75,-64.9],[-74.9,-64.7],[-75.4,-64.5],[-75.8,-64.5],[-75.8,-64.3],[-76,-64.3],[-76.1,-64.2],[-76,-64],[-75.7,-64.2],[-75.2,-64.4],[-75,-64.5],[-74.5,-64.7],[-74.5,-64.4],[-74.7,-64.1],[-74.1,-64.5],[-74.1,-64.7],[-73.5,-64.7]]]]}},{"type":"Feature","properties":{},"geometry":{"type":"MultiPolygon","coordinates":[[[[-73,-58.3],[-73,-58.5],[-73.3,-58.9],[-73.7,-59.1],[-73.9,-59.4],[-74.1,-59.4],[-74.5,-59.3],[-74.2,-59.3],[-74,-59.2],[-74.2,-59],[-74.1,-58.9],[-73.6,-58.9],[-73.8,-58.8],[-74.1,-58.9],[-74.2,-58.9],[-74.3,-59.1],[-74.6,-58.9],[-74.5,-58.8],[-74.6,-58.7],[-74.3,-58.5],[-74,-58.8],[-74.2,-58.6],[-74.1,-58.7],[-73.9,-58.7],[-73.7,-58.7],[-73.5,-58.6],[-73.4,-58.4],[-73.3,-58.3],[-73.4,-58.3],[-73.1,-58.2],[-73,-58.3]]]]}},{"type":"Feature","properties":{},"geometry":{"type":"MultiPolygon","coordinates":[[[[-75,-62.4],[-75.1,-62.5],[-75.1,-62.8],[-75.5,-62.9],[-75.6,-63.1],[-75.9,-62.6],[-75.7,-62.7],[-75.5,-62.4],[-75,-62.4]]]]}},{"type":"Feature","properties":{},"geometry":{"type":"MultiPolygon","coordinates":[[[[-73,-65.5],[-73.4,-65.6],[-73.7,-65.6],[-73.6,-65.9],[-73.3,-66],[-73.5,-66.3],[-73.6,-66.1],[-73.9,-65.9],[-74.3,-65.8],[-74.1,-65.7],[-74.3,-65.5],[-74.5,-65.8],[-74.9,-65.7],[-74.7,-65.5],[-75,-65.3],[-75,-65.2],[-74.2,-65.4],[-73,-65.5]]]]}},{"type":"Feature","properties":{},"geometry":{"type":"MultiPolygon","coordinates":[[[[-76.2,-62.8],[-76.2,-63],[-76.1,-63.1],[-75.8,-63.2],[-75.9,-63.4],[-76.3,-63.6],[-76.5,-63.5],[-77,-63.4],[-76.7,-63.4],[-76.5,-63.2],[-77.2,-63.2],[-77,-62.9],[-76.6,-62.9],[-76.2,-62.8]]]]}},{"type":"Feature","properties":{},"geometry":{"type":"MultiPolygon","coordinates":[[[[-71.7,-66.2],[-72.5,-66.1],[-72.9,-65.9],[-71.7,-65.9],[-71.7,-66.2]]]]}},{"type":"Feature","properties":{},"geometry":{"type":"MultiPolygon","coordinates":[[[[-74,-64.2],[-74.3,-64.2],[-74.5,-64],[-74,-64.2]]]]}},{"type":"Feature","properties":{},"geometry":{"type":"MultiPolygon","coordinates":[[[[-77,-61.8],[-77,-62],[-76.4,-62.3],[-76.3,-62.6],[-76.6,-62.6],[-76.7,-62.4],[-76.9,-62.2],[-77.3,-62.1],[-77,-61.8]]]]}},{"type":"Feature","properties":{},"geometry":{"type":"MultiPolygon","coordinates":[[[[-73.1,-57.4],[-73.2,-57.6],[-73.3,-57.8],[-73.5,-58],[-73.5,-57.8],[-73.7,-57.6],[-73.5,-57.4],[-73.1,-57.4]]]]}},{"type":"Feature","properties":{},"geometry":{"type":"MultiPolygon","coordinates":[[[[-75.3,-63.7],[-75.1,-63.8],[-75,-64],[-75.1,-64.2],[-75.5,-64.1],[-75.4,-63.9],[-75.7,-63.9],[-75.3,-63.7]]]]}},{"type":"Feature","properties":{},"geometry":{"type":"MultiPolygon","coordinates":[[[[-75.5,-63.5],[-75.6,-63.7],[-75.7,-63.9],[-76,-64],[-76.1,-63.8],[-75.9,-63.7],[-76,-63.5],[-75.5,-63.5]]]]}},{"type":"Feature","properties":{},"geometry":{"type":"MultiPolygon","coordinates":[[[[-74.9,-59.2],[-74.8,-59.4],[-74.9,-59.4],[-74.6,-59.4],[-75.4,-59.5],[-75.1,-59.3],[-74.9,-59.2]]]]}},{"type":"Feature","properties":{},"geometry":{"type":"MultiPolygon","coordinates":[[[[-72.8,-58],[-72.8,-58.3],[-73.2,-57.9],[-72.8,-57.8],[-72.8,-58]]]]}},{"type":"Feature","properties":{},"geometry":{"type":"MultiPolygon","coordinates":[[[[-74.8,-60.1],[-75.1,-60.3],[-75.4,-60.2],[-75.1,-60.2],[-74.9,-60],[-74.8,-60.1]]]]}},{"type":"Feature","properties":{},"geometry":{"type":"MultiPolygon","coordinates":[[[[-72.9,-57.6],[-72.9,-57.8],[-73.2,-57.7],[-73.1,-57.5],[-72.9,-57.6]]]]}},{"type":"Feature","properties":{},"geometry":{"type":"MultiPolygon","coordinates":[[[[-74.4,-59.9],[-74.6,-60.3],[-74.7,-60.1],[-74.6,-59.9],[-74.8,-59.8],[-74.4,-59.9]]]]}},{"type":"Feature","properties":{},"geometry":{"type":"MultiPolygon","coordinates":[[[[-75.1,-64.9],[-75.4,-65],[-75.6,-65.1],[-75.6,-64.9],[-76,-64.9],[-75.8,-64.8],[-75.1,-64.9]]]]}},{"type":"Feature","properties":{},"geometry":{"type":"MultiPolygon","coordinates":[[[[-74.1,-65.2],[-74.6,-65.2],[-74.6,-65.1],[-74.4,-65.1],[-74.1,-65.2]]]]}},{"type":"Feature","properties":{},"geometry":{"type":"MultiPolygon","coordinates":[[[[-75.4,-60.4],[-75.7,-60.6],[-76.2,-60.5],[-75.4,-60.4]]]]}},{"type":"Feature","properties":{},"geometry":{"type":"MultiPolygon","coordinates":[[[[-73.5,-57.8],[-74,-58],[-73.9,-57.9],[-73.9,-57.7],[-73.5,-57.8]]]]}},{"type":"Feature","properties":{},"geometry":{"type":"MultiPolygon","coordinates":[[[[-75.4,-59.6],[-75.5,-59.7],[-75.7,-59.9],[-75.9,-59.7],[-75.4,-59.6]]]]}},{"type":"Feature","properties":{},"geometry":{"type":"MultiPolygon","coordinates":[[[[-74.6,-58.8],[-74.9,-59],[-74.9,-58.8],[-74.6,-58.8]]]]}},{"type":"Feature","properties":{},"geometry":{"type":"MultiPolygon","coordinates":[[[[-73.9,-58.1],[-73.9,-58.2],[-74.1,-58.2],[-73.9,-58.1]]]]}},{"type":"Feature","properties":{},"geometry":{"type":"MultiPolygon","coordinates":[[[[-73.7,-58.4],[-74,-58.5],[-73.8,-58.4],[-73.7,-58.4]]]]}},{"type":"Feature","properties":{},"geometry":{"type":"MultiPolygon","coordinates":[[[[-76.3,-60.9],[-76.8,-60.9],[-76.6,-60.9],[-76.3,-60.9]]]]}},{"type":"Feature","properties":{},"geometry":{"type":"MultiPolygon","coordinates":[[[[-75.8,-61.8],[-76.3,-61.9],[-76.4,-61.8],[-75.8,-61.8]]]]}},{"type":"Feature","properties":{},"geometry":{"type":"MultiPolygon","coordinates":[[[[-72.7,-57.4],[-72.7,-57.6],[-72.9,-57.5],[-72.7,-57.4]]]]}},{"type":"Feature","properties":{},"geometry":{"type":"MultiPolygon","coordinates":[[[[-76,-60.3],[-76,-60.4],[-76.6,-60.6],[-76,-60.3]]]]}},{"type":"Feature","properties":{},"geometry":{"type":"MultiPolygon","coordinates":[[[[-74,-58.3],[-74.3,-58.4],[-74.6,-58.4],[-74,-58.3]]]]}},{"type":"Feature","properties":{},"geometry":{"type":"MultiPolygon","coordinates":[[[[-75.5,-61.3],[-75.5,-61.4],[-75.8,-61.3],[-75.5,-61.3]]]]}},{"type":"Feature","properties":{},"geometry":{"type":"MultiPolygon","coordinates":[[[[-75,-59.9],[-75.2,-60.1],[-75.3,-60],[-75.4,-59.9],[-75.2,-59.9],[-75,-59.9]]]]}},{"type":"Feature","properties":{},"geometry":{"type":"MultiPolygon","coordinates":[[[[-75.2,-60.9],[-75.3,-61.1],[-75.4,-61],[-75.2,-60.9]]]]}},{"type":"Feature","properties":{},"geometry":{"type":"MultiPolygon","coordinates":[[[[-75.9,-61.5],[-76.2,-61.6],[-76.1,-61.4],[-75.9,-61.5]]]]}},{"type":"Feature","properties":{},"geometry":{"type":"MultiPolygon","coordinates":[[[[-76.6,-62.7],[-76.9,-62.8],[-76.9,-62.6],[-76.6,-62.7]]]]}},{"type":"Feature","properties":{},"geometry":{"type":"MultiPolygon","coordinates":[[[[-72.6,-57.2],[-72.9,-57.3],[-72.8,-57.2],[-72.6,-57.2]]]]}},{"type":"Feature","properties":{},"geometry":{"type":"MultiPolygon","coordinates":[[[[83.3,-49.1],[85.1,-49.1],[87.5,-49.2],[86.3,-49.6],[85,-49.9],[81.3,-50.7],[83.3,-49.1]]]]}},{"type":"Feature","properties":{},"geometry":{"type":"MultiPolygon","coordinates":[[[[85.8,-48.3],[88.3,-48.5],[83.8,-49.2],[85.8,-48.4],[85.8,-48.3]]]]}},{"type":"Feature","properties":{},"geometry":{"type":"MultiPolygon","coordinates":[[[[88.3,-48.5],[90.8,-48.8],[92,-50.8],[89.3,-49.9],[87.5,-49.2],[85.1,-49.1],[88.3,-48.5]]]]}},{"type":"Feature","properties":{},"geometry":{"type":"MultiPolygon","coordinates":[[[[112.5,-51.6],[117.7,-51.4],[120,-50.9],[123.5,-50.2],[121.7,-50.9],[118.7,-51.6],[118.3,-51.6],[117.8,-51.9],[116.1,-52.3],[114.2,-53.1],[111,-53.8],[110.6,-53.6],[111.1,-53.1],[112.4,-52],[112.5,-51.6]]]]}},{"type":"Feature","properties":{},"geometry":{"type":"MultiPolygon","coordinates":[[[[121.1,-48.3],[124.7,-49],[123.5,-50.2],[120,-50.9],[117.7,-51.4],[112.5,-51.6],[113.8,-51.4],[114.6,-51.4],[114.8,-51.1],[116.3,-50.4],[117,-50.2],[117.6,-50.1],[117.9,-50],[118.7,-49.6],[119.2,-49.4],[118.5,-49.2],[119.7,-48.7],[121.1,-48.3]]]]}},{"type":"Feature","properties":{},"geometry":{"type":"MultiPolygon","coordinates":[[[[-85.9,49.3],[-85.7,49],[-85.7,48.8],[-86,48.7],[-85.9,49.1],[-85.9,49.3]]]]}},{"type":"Feature","properties":{},"geometry":{"type":"MultiPolygon","coordinates":[[[[-87.1,49.3],[-86.9,49],[-86.3,48.8],[-86.3,48.7],[-86,48.5],[-86.1,48.4],[-86,48.3],[-85.7,48.4],[-85.7,48.2],[-85.8,48],[-85.6,48],[-85.6,47.9],[-85.8,47.9],[-86,48.2],[-86.1,48],[-86.1,48.1],[-86.2,48.3],[-86.6,48.2],[-86.5,48.4],[-87,48.6],[-87,49.1],[-87.1,49.3]]]]}},{"type":"Feature","properties":{},"geometry":{"type":"MultiPolygon","coordinates":[[[[-88.4,51],[-88.3,50.7],[-87.9,50.4],[-87.9,50.3],[-88,50.2],[-88.2,50.1],[-88.3,50.2],[-88.3,50.4],[-88.8,50.9],[-88.8,51],[-88.4,51]]]]}},{"type":"Feature","properties":{},"geometry":{"type":"MultiPolygon","coordinates":[[[[-85.3,48.6],[-85.3,48.5],[-85.5,48.9],[-85.3,48.6]]]]}},{"type":"Feature","properties":{},"geometry":{"type":"MultiPolygon","coordinates":[[[[-87.3,50],[-86.9,49.6],[-87.2,49.6],[-87.3,49.4],[-87.8,49.8],[-87.9,50],[-87.3,50]]]]}},{"type":"Feature","properties":{},"geometry":{"type":"MultiPolygon","coordinates":[[[[-82.7,46.8],[-82.1,46.1],[-82.2,46.1],[-82.5,46.2],[-82.7,46.3],[-82.7,46.6],[-82.7,46.8]]]]}},{"type":"Feature","properties":{},"geometry":{"type":"MultiPolygon","coordinates":[[[[-88.1,49.8],[-87.6,49.7],[-87.6,49.5],[-87.5,49.3],[-87.6,49.2],[-87.8,49.1],[-87.9,49.2],[-87.8,49.4],[-88,49.6],[-88.1,49.8]]]]}},{"type":"Feature","properties":{},"geometry":{"type":"MultiPolygon","coordinates":[[[[-83.9,47.2],[-83.1,46.6],[-83.5,46.9],[-83.6,47],[-83.8,47.1],[-83.9,47.2]]]]}},{"type":"Feature","properties":{},"geometry":{"type":"MultiPolygon","coordinates":[[[[-86.3,49.4],[-86.1,49.2],[-86.1,49],[-86.5,49.2],[-86.5,49.4],[-86.3,49.4]]]]}},{"type":"Feature","properties":{},"geometry":{"type":"MultiPolygon","coordinates":[[[[-86.7,48.3],[-86.5,48],[-86.4,47.9],[-86.6,48.1],[-86.7,48.3]]]]}},{"type":"Feature","properties":{},"geometry":{"type":"MultiPolygon","coordinates":[[[[-86.1,49.4],[-86,49.3],[-86.2,49.4],[-86.1,49.4]]]]}},{"type":"Feature","properties":{},"geometry":{"type":"MultiPolygon","coordinates":[[[[-84.1,47.4],[-84,47.3],[-84.2,47.1],[-84.1,47.4]]]]}},{"type":"Feature","properties":{},"geometry":{"type":"MultiPolygon","coordinates":[[[[-87,49.1],[-87.4,48.9],[-87.3,49.1],[-87,49.1]]]]}},{"type":"Feature","properties":{},"geometry":{"type":"MultiPolygon","coordinates":[[[[-81.9,46.3],[-81.9,46.1],[-82.1,46.3],[-81.9,46.3]]]]}},{"type":"Feature","properties":{},"geometry":{"type":"MultiPolygon","coordinates":[[[[86.6,-49.5],[88.5,-49.6],[92,-51.1],[91.1,-51.2],[87.2,-50.4],[86.6,-49.5]]]]}},{"type":"Feature","properties":{},"geometry":{"type":"MultiPolygon","coordinates":[[[[106.4,-52.6],[102.9,-52.7],[103.6,-52.1],[106.4,-52.6]]]]}},{"type":"Feature","properties":{},"geometry":{"type":"MultiPolygon","coordinates":[[[[-58,43.8],[-56.2,40.9],[-57.4,41.4],[-57.4,40.9],[-57.5,40.3],[-57.5,39.1],[-57.2,37.2],[-57.5,38.2],[-57.8,39],[-58.3,40.2],[-58.9,40.4],[-59.2,40.9],[-58.4,41.2],[-59.1,42.4],[-58.4,42.8],[-59.2,43.8],[-58,43.8]]]]}},{"type":"Feature","properties":{},"geometry":{"type":"MultiPolygon","coordinates":[[[[-16.2,43.3],[-15.9,45],[-15.4,45.3],[-15.4,44.6],[-15.9,43.4],[-16.2,43.3]]]]}},{"type":"Feature","properties":{},"geometry":{"type":"MultiPolygon","coordinates":[[[[68.3,12.3],[69.4,10.1],[71,8.6],[71.9,6],[71.8,4.6],[72.5,3.4],[72.9,2.8],[70.3,5],[69.9,7.7],[68.9,9.9],[68.3,12.3]]]]}},{"type":"Feature","properties":{},"geometry":{"type":"MultiPolygon","coordinates":[[[[101.8,-51],[102.3,-51.1],[100.5,-51.3],[101.8,-51]]]]}},{"type":"Feature","properties":{},"geometry":{"type":"MultiPolygon","coordinates":[[[[107.2,-47.7],[109.8,-47.8],[110.8,-47.9],[111.7,-48],[113.1,-48.1],[115,-48.4],[114.5,-48.7],[113.5,-48.7],[112.9,-48.5],[112.5,-48.6],[111.7,-48.5],[112,-48.7],[111.3,-48.7],[110.9,-48.7],[110.7,-48.7],[110.1,-48.7],[109.6,-48.6],[109.6,-48.9],[109.2,-48.8],[108.9,-48.9],[108.7,-49],[108.4,-48.9],[108.1,-49],[107.4,-49.1],[106.7,-49.4],[106.8,-49.5],[105.7,-49.7],[105.2,-49.8],[104.5,-49.9],[103.8,-50.1],[107.2,-47.7]]]]}},{"type":"Feature","properties":{},"geometry":{"type":"MultiPolygon","coordinates":[[[[115.1,-48.4],[115.5,-48.4],[115,-48.6],[115.1,-48.4]]]]}},{"type":"Feature","properties":{},"geometry":{"type":"MultiPolygon","coordinates":[[[[78.3,10.4],[81.2,9],[81.2,8.8],[80.9,8.5],[80.8,8.3],[80.4,8.3],[77.8,9.3],[77.3,10.5],[78.3,10.4]]]]}},{"type":"Feature","properties":{},"geometry":{"type":"MultiPolygon","coordinates":[[[[-13.7,41.7],[-14.5,42.4],[-13.9,42.6],[-13,44.6],[-11.3,46.3],[-10.8,47],[-10.6,46.3],[-11.5,45.4],[-13.1,43.2],[-13.6,41.7],[-13.7,41.7]]]]}},{"type":"Feature","properties":{},"geometry":{"type":"MultiPolygon","coordinates":[[[[24.8,-8.7],[25,-7.7],[26.1,-8.7],[25.9,-9.6],[25.4,-8.6],[24.9,-8.7],[24.8,-8.7]]]]}},{"type":"Feature","properties":{},"geometry":{"type":"MultiPolygon","coordinates":[[[[-28.7,27.5],[-29,26.3],[-29.3,24.3],[-29,24.3],[-29.6,22.5],[-29.9,22.6],[-31.1,22.4],[-30.8,23.2],[-30.5,23.6],[-31,23.8],[-29.9,25],[-29.1,27.4],[-28.7,27.5]]]]}},{"type":"Feature","properties":{},"geometry":{"type":"MultiPolygon","coordinates":[[[[0.6,74.6],[-8.6,77],[-7.9,77.2],[-4.5,77.5],[-3.5,77.2],[2.3,77.4],[6.4,78.1],[11,78.8],[15.9,79.4],[17.4,79.6],[20,80],[17.2,78.9],[8.8,76.2],[0.6,74.6]]]]}},{"type":"Feature","properties":{},"geometry":{"type":"MultiPolygon","coordinates":[[[[12.3,60.8],[17.4,65.1],[16.3,67.9],[20.2,67.2],[20.7,66],[19.4,64.6],[14.7,61.8],[12.3,60.8]]]]}},{"type":"Feature","properties":{},"geometry":{"type":"MultiPolygon","coordinates":[[[[13.9,41.2],[14.2,41.1],[14.4,40.6],[14.6,40.5],[14.4,40.3],[14.3,40.4],[14.1,40.5],[14,40.9],[13.8,41],[13.9,41.2]]]]}},{"type":"Feature","properties":{},"geometry":{"type":"MultiPolygon","coordinates":[[[[14.8,42.8],[14.9,42.5],[14.3,42.9],[14.8,42.8]]]]}},{"type":"Feature","properties":{},"geometry":{"type":"MultiPolygon","coordinates":[[[[14.6,43.2],[14.3,43],[13.9,43.4],[14.6,43.2]]]]}},{"type":"Feature","properties":{},"geometry":{"type":"MultiPolygon","coordinates":[[[[13.8,40.8],[14,40.5],[13.9,40.2],[13.6,40.6],[13.8,40.8]]]]}},{"type":"Feature","properties":{},"geometry":{"type":"MultiPolygon","coordinates":[[[[15,42.2],[15.1,42],[14.9,42.4],[15,42.2]]]]}},{"type":"Feature","properties":{},"geometry":{"type":"MultiPolygon","coordinates":[[[[13.7,41.8],[14.4,42.1],[13.9,41.7],[13.7,41.8]]]]}},{"type":"Feature","properties":{},"geometry":{"type":"MultiPolygon","coordinates":[[[[13.4,42.1],[13.7,42.1],[13.6,42.1],[13.4,42.1]]]]}},{"type":"Feature","properties":{},"geometry":{"type":"MultiPolygon","coordinates":[[[[-3.8,36.3],[-3.8,36.6],[-3.5,37],[-3.1,36.9],[-3.6,36.4],[-3.8,36.3]]]]}},{"type":"Feature","properties":{},"geometry":{"type":"MultiPolygon","coordinates":[[[[-4.5,36.6],[-5.4,37.1],[-5.2,37.3],[-5.8,38],[-5.5,37.8],[-5.2,38.1],[-4.6,37.8],[-4.2,37.9],[-4.4,37.3],[-4.5,37],[-4.5,36.6]]]]}},{"type":"Feature","properties":{},"geometry":{"type":"MultiPolygon","coordinates":[[[[3.5,36.9],[3.1,35.9],[3,35.7],[2.7,35.3],[2.6,35.3],[2.4,35.2],[2.3,35.2],[1.9,35.3],[1.7,35.2],[1.3,35.5],[1.4,35.8],[1.6,36.2],[2.1,36.1],[2.4,36.1],[2.1,36.4],[1.9,36.6],[1.8,36.8],[1.9,36.9],[2.1,37.2],[2.4,37.1],[2.3,37.3],[2.6,37.3],[2.9,37.3],[3.2,37.8],[3.5,37.6],[3.6,37.8],[3.4,37],[3.5,36.9]]]]}},{"type":"Feature","properties":{},"geometry":{"type":"MultiPolygon","coordinates":[[[[-3.3,38.8],[-4,38.5],[-4.8,38.4],[-4.6,38.8],[-5.1,38.7],[-5.4,38.8],[-5.8,38.8],[-5.7,39],[-5.9,39.1],[-5.8,39.4],[-5.5,39.5],[-4.7,39.3],[-3.7,38.9],[-3.6,38.9],[-3.3,38.8]]]]}},{"type":"Feature","properties":{},"geometry":{"type":"MultiPolygon","coordinates":[[[[0.4,37.5],[0.4,37.1],[0.3,36.8],[-0.1,36.2],[-0.5,36.2],[-0.4,37],[-0.5,37.4],[-0.2,37.3],[-0.3,37.4],[-0.1,37.7],[0.4,37.5]]]]}},{"type":"Feature","properties":{},"geometry":{"type":"MultiPolygon","coordinates":[[[[0.5,35.6],[0.1,35.7],[0.4,35.9],[0.5,36.4],[0.9,36.2],[0.7,35.8],[0.5,35.6]]]]}},{"type":"Feature","properties":{},"geometry":{"type":"MultiPolygon","coordinates":[[[[-2.5,37.7],[-2.9,38.2],[-2,37.9],[-2.2,37.8],[-2.5,37.7]]]]}},{"type":"Feature","properties":{},"geometry":{"type":"MultiPolygon","coordinates":[[[[-1.3,38.1],[-1.9,38.3],[-2,38.7],[-1.3,38.1]]]]}},{"type":"Feature","properties":{},"geometry":{"type":"MultiPolygon","coordinates":[[[[0.4,35.5],[0.6,35.2],[0,35.3],[0.4,35.5]]]]}},{"type":"Feature","properties":{},"geometry":{"type":"MultiPolygon","coordinates":[[[[13.2,34.3],[12.3,34.8],[12.1,35],[11.8,35.1],[10.9,35.9],[11.1,36],[11.5,35.9],[12.2,35.7],[12.9,35.6],[12.8,35.2],[13.3,34.3],[13.2,34.3]]]]}},{"type":"Feature","properties":{},"geometry":{"type":"MultiPolygon","coordinates":[[[[11,36.7],[11.5,36.8],[11.4,36.9],[11.6,37.1],[11.8,37],[11.9,37.1],[12.1,37.2],[12.6,37.2],[12.7,36.6],[12.5,36.3],[12,36.2],[11.5,36],[11.3,36.3],[11,36.7]]]]}},{"type":"Feature","properties":{},"geometry":{"type":"MultiPolygon","coordinates":[[[[14.2,35.3],[14.2,35],[13.2,35.1],[14.2,35.3]]]]}},{"type":"Feature","properties":{},"geometry":{"type":"MultiPolygon","coordinates":[[[[12.8,35.6],[13.3,35.4],[12.9,35.3],[12.8,35.6]]]]}},{"type":"Feature","properties":{},"geometry":{"type":"MultiPolygon","coordinates":[[[[88.3,-47.6],[94.5,-48],[97.3,-48.5],[102.1,-48.5],[105.8,-47.5],[107.1,-47.7],[104.7,-49.5],[103.1,-50.2],[102.4,-50.1],[102.1,-50.5],[101.5,-50.7],[101.1,-50.9],[99.1,-51.3],[93.2,-51.4],[92.1,-49.9],[90.6,-48.6],[87.9,-48.5],[86.6,-48],[87.4,-47.8],[88.3,-47.6]]]]}},{"type":"Feature","properties":{},"geometry":{"type":"MultiPolygon","coordinates":[[[[78,2.3],[80.1,1.8],[84,0.6],[84.2,0.4],[84.1,0.3],[84.1,0.1],[84,-0.2],[83.9,-0.4],[83,-1.6],[82.7,-0.4],[82.2,-0.3],[81.7,-0.1],[81.2,-0.4],[81.1,0],[80.8,0.2],[80.6,-0.2],[80.3,0.3],[80.2,0.5],[79.5,0.8],[79.2,0.8],[79.2,0.9],[78.9,0.9],[78.7,1],[76.9,2.4],[78,2.3]]]]}},{"type":"Feature","properties":{},"geometry":{"type":"MultiPolygon","coordinates":[[[[88.1,-4.7],[87.9,-4.8],[87.6,-4.7],[88.1,-4.7]]]]}},{"type":"Feature","properties":{},"geometry":{"type":"MultiPolygon","coordinates":[[[[81.6,-0.3],[81.7,-0.7],[81.5,-0.3],[81.6,-0.3]]]]}},{"type":"Feature","properties":{},"geometry":{"type":"MultiPolygon","coordinates":[[[[-44.3,-12.4],[-44.8,-12.7],[-45.1,-12.8],[-45.2,-13.4],[-45.8,-13.9],[-46.6,-13.5],[-48,-12.9],[-47.8,-10.7],[-46.8,-8.9],[-45.6,-7.2],[-44.8,-5.5],[-43.9,-4.8],[-43.7,-4.4],[-43.2,-4],[-42.3,-4.2],[-43.2,-7.3],[-44.3,-12.4]]]]}},{"type":"Feature","properties":{},"geometry":{"type":"MultiPolygon","coordinates":[[[[112.7,-47.3],[113.7,-47.4],[117.2,-47.8],[119.1,-48.1],[118.1,-48.7],[117.2,-48.7],[116.1,-49.1],[115.9,-48.9],[115.5,-49],[115,-49],[114.7,-48.9],[114,-48.9],[112.9,-48.8],[111.8,-48.9],[111,-49],[110.7,-49],[110.5,-49.1],[110.1,-49.2],[109.8,-49.2],[109.4,-49.2],[108.6,-49.4],[108.4,-49.6],[107.1,-48.5],[107.8,-48.5],[109.3,-48.1],[110.8,-48.1],[111.3,-48.2],[112.1,-47.5],[112.7,-47.3]]]]}},{"type":"Feature","properties":{},"geometry":{"type":"MultiPolygon","coordinates":[[[[-39.9,-4.7],[-39.9,-5.3],[-39.8,-5.7],[-39.7,-6.3],[-39.7,-6.6],[-39.8,-6.9],[-39.8,-7.4],[-40.1,-8],[-40.1,-8.5],[-40.1,-9],[-41.8,-9.8],[-44.6,-11.4],[-46.2,-12.2],[-47.4,-12.7],[-47.4,-12.5],[-47.8,-12.7],[-47.9,-12.7],[-48.4,-12],[-47.9,-11.5],[-47.4,-11],[-47.1,-10.6],[-46.3,-10.4],[-45.6,-9.8],[-45.1,-10],[-44.9,-9.9],[-44.7,-9.6],[-44.4,-9.6],[-44.2,-9.1],[-44,-9],[-43.6,-9.1],[-43.4,-9.1],[-43.1,-9],[-43,-8.9],[-42.9,-8.8],[-42.7,-8.7],[-42.4,-8.6],[-42.3,-8.5],[-42.1,-8.4],[-42.2,-8.4],[-42,-8.3],[-42.1,-8.1],[-42.3,-8],[-42.2,-7.8],[-41.9,-7.6],[-41.7,-6.8],[-41.4,-6.5],[-41.3,-6],[-41.1,-5.8],[-41.3,-5.4],[-41,-4.9],[-40.1,-4.4],[-40,-4.6],[-39.9,-4.7]]]]}},{"type":"Feature","properties":{},"geometry":{"type":"MultiPolygon","coordinates":[[[[-47.7,-12.9],[-47.9,-13],[-47.7,-12.8],[-47.7,-12.9]]]]}},{"type":"Feature","properties":{},"geometry":{"type":"MultiPolygon","coordinates":[[[[-74.7,-73.3],[-87.6,-72.4],[-85.3,-70.8],[-83.7,-70.2],[-82.5,-70.2],[-81.2,-70.6],[-79.7,-70.5],[-78.7,-70.4],[-77.8,-70.3],[-76.4,-70.1],[-73.1,-69.5],[-73.6,-67],[-74,-66.1],[-72.7,-65.9],[-72.7,-65.6],[-73.1,-65.2],[-72.6,-64.9],[-72.8,-64.6],[-72.9,-64.4],[-72.7,-64.2],[-73.5,-63.9],[-73.1,-63.7],[-72.7,-64],[-72.3,-63.3],[-71.7,-63.1],[-71.7,-62.8],[-70.8,-62.7],[-70.6,-62.5],[-70.5,-62.2],[-70.3,-62],[-70.1,-61.7],[-69.4,-61.7],[-69.1,-61.6],[-69.1,-61.3],[-68.7,-61.4],[-68.2,-61.3],[-68.2,-61.1],[-67.8,-61],[-67.7,-60.7],[-66.7,-60.6],[-66.3,-60.4],[-65.1,-60],[-64.1,-59.9],[-63.9,-60.2],[-64.5,-60.1],[-64.7,-60.3],[-65.7,-60.9],[-65.7,-61.1],[-66.2,-61.1],[-66.5,-61.3],[-67.2,-61.2],[-68,-61.7],[-68.8,-62],[-68.6,-62.4],[-68.3,-62.8],[-68,-62.6],[-67.4,-62.8],[-67.7,-63],[-68.1,-62.9],[-68.5,-62.9],[-69.2,-63.2],[-70.2,-62.8],[-70.2,-63],[-70.3,-63.2],[-70.4,-63.6],[-70.9,-63.4],[-71.2,-63.7],[-71.2,-64],[-71.7,-64],[-71.4,-64.7],[-71.1,-64.7],[-71.1,-65.1],[-70.7,-65.4],[-70.4,-65.4],[-70.5,-65.2],[-69.6,-65.1],[-69.8,-65.5],[-69.8,-65.8],[-68.9,-66.2],[-68.8,-66.9],[-68.4,-67.1],[-68.3,-67.4],[-67.9,-67.7],[-67.6,-68],[-68.2,-68.3],[-67.4,-68.4],[-68.5,-68.7],[-67.8,-68.7],[-67.4,-68.9],[-67.6,-69.1],[-67.7,-69.4],[-67.2,-69.6],[-66.8,-69.9],[-67.5,-69.9],[-68.1,-69.9],[-68.2,-70.2],[-67.7,-70.4],[-68.3,-70.6],[-67.6,-70.7],[-68.4,-71],[-67.8,-71.2],[-68.9,-71.6],[-69.7,-71.5],[-69.2,-71.8],[-69.3,-72],[-73.3,-72.8],[-74.6,-73.2],[-74.6,-73.3],[-74.7,-73.3]]]]}},{"type":"Feature","properties":{},"geometry":{"type":"MultiPolygon","coordinates":[[[[-75.6,-65.6],[-74.8,-66.6],[-73.8,-68.6],[-74.3,-69.1],[-75.9,-69.3],[-77.5,-69.3],[-77,-69],[-76.2,-69],[-76.2,-68.6],[-77.3,-68.3],[-78.2,-68.7],[-79.9,-68.7],[-79,-68.4],[-78.2,-68.3],[-77.2,-68.1],[-76.7,-67.9],[-75.2,-67.8],[-76.1,-67.1],[-75.6,-66.9],[-77,-66.7],[-77.4,-65.8],[-75.6,-65.6]]]]}},{"type":"Feature","properties":{},"geometry":{"type":"MultiPolygon","coordinates":[[[[-78.8,-67.3],[-81,-67.7],[-79.3,-67.5],[-78.8,-67.3]]]]}},{"type":"Feature","properties":{},"geometry":{"type":"MultiPolygon","coordinates":[[[[-78.8,-69.7],[-79,-70.4],[-79.8,-69.9],[-79.8,-69.6],[-78.8,-69.7]]]]}},{"type":"Feature","properties":{},"geometry":{"type":"MultiPolygon","coordinates":[[[[-79.4,-66.7],[-80.4,-66.6],[-79.2,-66.7],[-79.4,-66.7]]]]}},{"type":"Feature","properties":{},"geometry":{"type":"MultiPolygon","coordinates":[[[[-83.7,-73.9],[-80.2,-75],[-77.9,-75.3],[-79.6,-75.6],[-84.5,-75.3],[-84.9,-75.6],[-82.8,-75.8],[-80.7,-76.2],[-83.8,-76.4],[-86.6,-75.8],[-86.1,-76.2],[-86,-76.4],[-83.7,-76.9],[-82.6,-77.2],[-80.4,-76.8],[-79,-77.5],[-78.6,-77.6],[-79.8,-77.9],[-84.1,-79.6],[-85,-80.1],[-85.9,-81.3],[-77.4,-81.3],[-78,-82.3],[-92.5,-82.2],[-105.6,-83.5],[-129.8,-86.2],[-139.8,-86.3],[-144.2,-86.3],[-143.8,-85.8],[-151.1,-85.9],[-154.3,-85.7],[-157,-85.5],[-151,-85.2],[-143.6,-85.2],[-141.4,-84.8],[-141.5,-84.3],[-144.6,-83.2],[-148.9,-82.8],[-140.2,-82.1],[-142.7,-82],[-143.3,-81.9],[-145.2,-81.9],[-144.8,-81.6],[-143.9,-81.3],[-142.1,-81.2],[-143.1,-81.1],[-149,-80.9],[-149.8,-80.7],[-155.1,-80.5],[-153,-80],[-154.3,-80],[-156.4,-80.1],[-159.2,-79.1],[-157.5,-79.1],[-153.7,-79],[-152.2,-79],[-147.9,-79.2],[-148.6,-78.6],[-146.9,-78.8],[-144.5,-78.8],[-144.9,-78.3],[-146.7,-77.9],[-150.4,-77.8],[-147.1,-77.7],[-147.4,-77.5],[-145.6,-76.9],[-143,-76.6],[-142,-76.6],[-140.6,-76.5],[-131.9,-76.3],[-121.3,-75.6],[-115.3,-75],[-105.9,-74.3],[-83.7,-73.9]]]]}},{"type":"Feature","properties":{},"geometry":{"type":"MultiPolygon","coordinates":[[[[144.9,-36.9],[143.4,-36.8],[141.9,-36.5],[141,-36.3],[140.1,-36.1],[139.3,-35.8],[139.3,-35.3],[139.4,-34.9],[140.2,-35.1],[140.6,-35.3],[141.6,-35.5],[142.6,-35.1],[143,-35.2],[143.4,-35.8],[144.6,-36.4],[144.9,-36.9]]]]}},{"type":"Feature","properties":{},"geometry":{"type":"MultiPolygon","coordinates":[[[[133.6,-37.3],[133.1,-37.8],[132.7,-37.8],[133,-37.7],[132.3,-37.6],[132,-37.6],[131.8,-37.2],[131.6,-37.3],[131.8,-36.8],[131.8,-36.7],[131.4,-36.9],[131.2,-37.3],[130.9,-37.6],[130.7,-37],[130.5,-36.8],[130.1,-36.3],[129.8,-36.1],[130.3,-36.1],[131.1,-36],[131.3,-36.2],[131.6,-36.1],[131.8,-36.2],[132,-36.3],[132.1,-36],[132.2,-35.8],[132.7,-36.6],[132.9,-36.2],[133.2,-36.7],[133.2,-37.2],[133.6,-37.3]]]]}},{"type":"Feature","properties":{},"geometry":{"type":"MultiPolygon","coordinates":[[[[132.3,-35.3],[132.6,-36.3],[132,-36.5],[131,-36.7],[130,-36.6],[130,-36.2],[129.6,-36.1],[129.5,-36.1],[129.3,-36],[129.1,-36.1],[128.6,-36.1],[128.9,-35.6],[130.8,-35.1],[132.3,-35.3]]]]}},{"type":"Feature","properties":{},"geometry":{"type":"MultiPolygon","coordinates":[[[[132.8,-36.8],[133.1,-36.8],[132.9,-37],[132,-37],[132.8,-36.8]]]]}},{"type":"Feature","properties":{},"geometry":{"type":"MultiPolygon","coordinates":[[[[130.5,-36.5],[130.9,-36.8],[130.7,-37],[130.3,-36.9],[130.2,-36.5],[130.5,-36.5]]]]}},{"type":"Feature","properties":{},"geometry":{"type":"MultiPolygon","coordinates":[[[[133.3,-36.8],[134.5,-36.7],[133.4,-36.9],[133.3,-36.8]]]]}},{"type":"Feature","properties":{},"geometry":{"type":"MultiPolygon","coordinates":[[[[123.9,-43.1],[122.4,-43.7],[120.8,-44.3],[119.4,-45],[119.1,-44.7],[118.9,-44.3],[120.8,-43.6],[122.7,-43.1],[123.9,-43.1]]]]}},{"type":"Feature","properties":{},"geometry":{"type":"MultiPolygon","coordinates":[[[[129.7,-42.1],[129.2,-42.5],[129.2,-42.2],[129.4,-41.7],[129.8,-41.7],[129.7,-42.1]]]]}},{"type":"Feature","properties":{},"geometry":{"type":"MultiPolygon","coordinates":[[[[118.3,-45.5],[117.7,-45.4],[118.4,-45.2],[118.3,-45.5]]]]}},{"type":"Feature","properties":{},"geometry":{"type":"MultiPolygon","coordinates":[[[[-21.8,-8.3],[-22.9,-9.6],[-22.9,-9.7],[-23.2,-9.5],[-23.3,-9.4],[-23.2,-9],[-23.3,-8.8],[-23.3,-8.6],[-23.5,-8.5],[-23.6,-8.4],[-23.5,-7.8],[-23.4,-7.4],[-23.5,-7.4],[-23.5,-6.8],[-23.3,-6.6],[-23.3,-6.4],[-23.3,-6.3],[-23.5,-6.3],[-22.9,-6.5],[-22.6,-7.4],[-22.1,-8.1],[-21.8,-8.3]]]]}},{"type":"Feature","properties":{},"geometry":{"type":"MultiPolygon","coordinates":[[[[-19.8,-10.1],[-20.1,-10.2],[-19.8,-9.9],[-19.7,-9.8],[-19.8,-9.6],[-19.6,-9.9],[-19.8,-10.1]]]]}},{"type":"Feature","properties":{},"geometry":{"type":"MultiPolygon","coordinates":[[[[-20.6,-9.1],[-20.1,-9.3],[-20.6,-9],[-20.6,-9.1]]]]}},{"type":"Feature","properties":{},"geometry":{"type":"MultiPolygon","coordinates":[[[[9,37],[7.2,37],[4.6,36.9],[4.9,37],[4.3,37.3],[4.6,37.5],[4.4,37.7],[4.1,37.8],[4.6,37.8],[5.1,37.9],[5.2,37.5],[5.4,37.6],[5.3,37.9],[5.5,37.9],[6,37.7],[6.8,37.9],[6.9,37.8],[7.5,38],[8.2,37.5],[8.5,37.1],[8.9,37.1],[9,37]]]]}},{"type":"Feature","properties":{},"geometry":{"type":"MultiPolygon","coordinates":[[[[3.4,36.4],[3.3,36.6],[3.6,36.8],[3.4,36.4]]]]}},{"type":"Feature","properties":{},"geometry":{"type":"MultiPolygon","coordinates":[[[[7.1,32.9],[6.2,33.1],[5.4,33],[3.7,32.6],[3,32.3],[2.8,32.4],[2.9,32.6],[3.2,32.7],[3.3,32.9],[2.9,32.8],[3.8,33.2],[4.1,32.8],[4.5,33],[3.9,33.4],[4,33.4],[4.3,33.6],[4.9,33.7],[5.2,33.4],[5,33.9],[5.6,33.8],[8.8,33.8],[7.3,33.4],[6.9,33],[7.1,32.9]]]]}},{"type":"Feature","properties":{},"geometry":{"type":"MultiPolygon","coordinates":[[[[2.6,32.1],[2.4,32.1],[2.2,32.1],[1.9,32.2],[2.1,32.1],[2.2,32.3],[2.5,32.8],[2.6,32.2],[2.6,32.1]]]]}},{"type":"Feature","properties":{},"geometry":{"type":"MultiPolygon","coordinates":[[[[8.6,34.9],[4.9,35],[5.4,34.9],[5.9,35.1],[6.6,35.5],[6,35.4],[5,35.3],[5,35.5],[4.4,35.5],[5.2,35.8],[7.5,36],[9.2,36],[9.5,35.6],[8.8,35.2],[8.6,35.1],[8,35.1],[7.5,34.9],[8.6,34.9]]]]}},{"type":"Feature","properties":{},"geometry":{"type":"MultiPolygon","coordinates":[[[[4.6,34.9],[3.8,34.2],[4.2,34.9],[4.6,34.9]]]]}},{"type":"Feature","properties":{},"geometry":{"type":"MultiPolygon","coordinates":[[[[3.6,34],[2.7,33.5],[2.6,33.6],[2.7,34],[3,34.1],[3.6,34]]]]}},{"type":"Feature","properties":{},"geometry":{"type":"MultiPolygon","coordinates":[[[[2.9,34.2],[3.2,34.6],[3.3,34.8],[3.6,35.5],[3.7,35.4],[3.9,35.3],[3.5,34.9],[3.8,34.8],[3.3,34.4],[2.9,34.2]]]]}},{"type":"Feature","properties":{},"geometry":{"type":"MultiPolygon","coordinates":[[[[-13.8,38.7],[-14.5,38.6],[-15.3,39.7],[-14.8,41.8],[-14,41.1],[-13.7,41.7],[-13.2,42.8],[-12,45.1],[-10.5,46.2],[-10.8,47],[-10.3,47.4],[-9.8,47.6],[-9.2,47.9],[-7.1,47.4],[-7.2,46.6],[-10.5,43.7],[-12.9,39.5],[-13.8,38.7]]]]}},{"type":"Feature","properties":{},"geometry":{"type":"MultiPolygon","coordinates":[[[[-112.6,-73.8],[-113.2,-74.5],[-112.3,-74.6],[-119.5,-75.4],[-130.3,-76.2],[-139.6,-76.6],[-141,-76.2],[-138.4,-76],[-138.6,-75.6],[-136.3,-75.3],[-134.4,-75.4],[-132.3,-75.3],[-127.5,-74.9],[-125,-74.8],[-121.3,-74.5],[-120.3,-74],[-118.2,-74],[-117.7,-73.6],[-116.9,-73.6],[-116.4,-73.7],[-115.9,-74.1],[-115.9,-74.5],[-114.2,-73.8],[-114.3,-73.5],[-112.6,-73.8]]]]}},{"type":"Feature","properties":{},"geometry":{"type":"MultiPolygon","coordinates":[[[[-127.8,-73.8],[-128.1,-74],[-126.4,-73.9],[-127.3,-74.3],[-129.8,-74],[-130.1,-73.6],[-127.8,-73.8]]]]}},{"type":"Feature","properties":{},"geometry":{"type":"MultiPolygon","coordinates":[[[[-125,-73.7],[-123.2,-73.8],[-123.1,-74.2],[-124.9,-74.2],[-125.8,-73.8],[-125,-73.7]]]]}},{"type":"Feature","properties":{},"geometry":{"type":"MultiPolygon","coordinates":[[[[-88.7,-71.6],[-100.9,-74.1],[-112.3,-74.5],[-109,-74.4],[-104.5,-73.9],[-103.7,-74.2],[-101.6,-73.9],[-101.9,-73.8],[-103.1,-73.5],[-104.1,-73.3],[-105,-72.8],[-105.1,-72.5],[-103.5,-72.3],[-103.7,-72.2],[-107.2,-72.1],[-106.3,-71.7],[-105.1,-71.7],[-102.2,-71.8],[-99.8,-71.7],[-97.7,-71.5],[-95.3,-71.4],[-94.4,-70.8],[-93.7,-71.4],[-91.3,-71.2],[-89.4,-71.5],[-88.7,-71.6]]]]}},{"type":"Feature","properties":{},"geometry":{"type":"MultiPolygon","coordinates":[[[[-103.3,-70.6],[-102.9,-70.8],[-102.4,-70.6],[-101.6,-70.4],[-101.5,-70.6],[-100.6,-70.7],[-101,-71],[-101.5,-71.1],[-103.3,-71.2],[-106.3,-71],[-105.4,-70.7],[-104.8,-70.7],[-104.1,-70.6],[-103.3,-70.6]]]]}},{"type":"Feature","properties":{},"geometry":{"type":"MultiPolygon","coordinates":[[[[153.1,-43.5],[152.7,-43.6],[152.3,-43.4],[151.1,-43.3],[152,-43.3],[153.1,-43.5]]]]}},{"type":"Feature","properties":{},"geometry":{"type":"MultiPolygon","coordinates":[[[[146.8,-38.2],[143.7,-37.5],[140.9,-37.4],[137,-36.8],[135,-36.9],[135.5,-36.3],[137.9,-35.7],[139.7,-36],[141.6,-36.4],[144,-37],[146,-37.6],[146.8,-38.2]]]]}},{"type":"Feature","properties":{},"geometry":{"type":"MultiPolygon","coordinates":[[[[-74.7,-73.3],[-77.9,-73.5],[-80.1,-73.3],[-81,-73.3],[-79.4,-74.1],[-81.3,-73.6],[-74.7,-73.3]]]]}},{"type":"Feature","properties":{},"geometry":{"type":"MultiPolygon","coordinates":[[[[-80.5,-74.7],[-83.2,-74.5],[-82.3,-74.6],[-80.5,-74.7]]]]}},{"type":"Feature","properties":{},"geometry":{"type":"MultiPolygon","coordinates":[[[[-83.1,-76.1],[-84.9,-75.6],[-83.5,-75.9],[-83.1,-76.1]]]]}},{"type":"Feature","properties":{},"geometry":{"type":"MultiPolygon","coordinates":[[[[-79,-76.2],[-82,-76.4],[-82.5,-76.1],[-79,-76.2]]]]}},{"type":"Feature","properties":{},"geometry":{"type":"MultiPolygon","coordinates":[[[[-71.1,-78.6],[-75.6,-77.9],[-77.5,-78.4],[-77.6,-77.7],[-75.3,-77.4],[-73.5,-77.7],[-70.6,-78.2],[-69.2,-78.4],[-69.8,-78.4],[-70.8,-78.4],[-70,-78.6],[-71.1,-78.6]]]]}},{"type":"Feature","properties":{},"geometry":{"type":"MultiPolygon","coordinates":[[[[-68.3,-79.6],[-70.4,-78.9],[-68.9,-78.9],[-68.7,-79.2],[-68.3,-79.6]]]]}},{"type":"Feature","properties":{},"geometry":{"type":"MultiPolygon","coordinates":[[[[-67.5,-80],[-68.3,-79.8],[-67.8,-79.7],[-67.5,-80]]]]}},{"type":"Feature","properties":{},"geometry":{"type":"MultiPolygon","coordinates":[[[[-66.6,-77],[-67.2,-77.6],[-69.9,-77.4],[-71.4,-76.9],[-68.3,-77.1],[-67.9,-76.5],[-66.7,-76.7],[-66.6,-77]]]]}},{"type":"Feature","properties":{},"geometry":{"type":"MultiPolygon","coordinates":[[[[-74.1,-76.3],[-75.3,-75.7],[-74.2,-76.1],[-74.1,-76.3]]]]}},{"type":"Feature","properties":{},"geometry":{"type":"MultiPolygon","coordinates":[[[[-70.8,-76.6],[-71.9,-76.5],[-71.8,-76.3],[-70.8,-76.6]]]]}},{"type":"Feature","properties":{},"geometry":{"type":"MultiPolygon","coordinates":[[[[-31.7,26.1],[-32.7,24.1],[-32.9,22.9],[-33.4,22],[-32.9,20.8],[-32.4,20.3],[-33.3,19.4],[-34.1,18.3],[-34.2,17.1],[-34.5,16.7],[-36.7,18.1],[-38.8,20.3],[-39.7,21.9],[-38.9,22.4],[-38,23],[-37.1,23.6],[-36.9,23.7],[-36.4,24],[-36.4,24.1],[-36.3,24.2],[-36,24.4],[-35.7,24.5],[-35.3,25.6],[-34.7,25.2],[-34.4,24.8],[-34.3,24.7],[-34.6,24.6],[-34.8,24.5],[-34.4,24.5],[-34.6,24.3],[-34.8,24.2],[-35.2,24.3],[-35.3,24.2],[-35.2,24.1],[-35.1,24],[-34.6,24.2],[-34.5,24],[-34.5,24.2],[-34,24.6],[-34.1,24.7],[-33.9,24.8],[-33.7,25.1],[-33.7,25.5],[-33.6,25.6],[-33.4,25.6],[-33.5,25.9],[-33.5,26.2],[-33.3,26.4],[-33.1,26.7],[-33.4,26.4],[-33,27],[-32.8,27.2],[-32,27.3],[-31.7,26.1]]]]}},{"type":"Feature","properties":{},"geometry":{"type":"MultiPolygon","coordinates":[[[[-34.1,24.7],[-34.2,24.4],[-34.2,24.8],[-34.1,24.7]]]]}},{"type":"Feature","properties":{},"geometry":{"type":"MultiPolygon","coordinates":[[[[69.7,-38],[70.6,-39.1],[71.2,-40.4],[72.2,-41.2],[74,-42.3],[74.3,-43],[74.6,-43.6],[74.5,-44.1],[74.8,-44.3],[74.8,-44.7],[75.4,-44.9],[75.9,-45.2],[76.3,-45.5],[78.1,-46.3],[78.8,-46.9],[79.3,-47.7],[79.1,-48.3],[78.1,-47.8],[76.7,-46.9],[76,-46.5],[75,-46.1],[74.4,-45.8],[73,-45.2],[72.2,-44.5],[71.3,-43.8],[70.6,-43],[69.5,-41.8],[68.7,-39.9],[68.2,-38],[67.6,-37.1],[69,-37.5],[69.6,-37.9],[69.7,-38]]]]}},{"type":"Feature","properties":{},"geometry":{"type":"MultiPolygon","coordinates":[[[[85.6,-52.7],[85,-52.1],[84.3,-51],[83.3,-50.1],[82.5,-49.6],[81.5,-49.2],[82.8,-49.5],[83.8,-50.1],[84.9,-50.9],[85.5,-51.4],[85.7,-52],[85.6,-52.7]]]]}},{"type":"Feature","properties":{},"geometry":{"type":"MultiPolygon","coordinates":[[[[98.8,-50.2],[98.1,-50.8],[96.7,-51.1],[96.4,-50.9],[97.6,-50.3],[98.8,-50.2]]]]}},{"type":"Feature","properties":{},"geometry":{"type":"MultiPolygon","coordinates":[[[[-80.9,45.4],[-81.1,45.1],[-81.1,45.2],[-81.2,45.6],[-80.9,45.4]]]]}},{"type":"Feature","properties":{},"geometry":{"type":"MultiPolygon","coordinates":[[[[-79.1,44.8],[-79.6,44.6],[-79.9,44.6],[-80.2,44.6],[-80.3,44.6],[-80.8,44.7],[-80.1,44.9],[-80.6,44.8],[-80.8,44.8],[-81.1,44.8],[-80.9,44.9],[-80.8,45.1],[-80.9,45],[-80.8,45.3],[-79.1,44.8]]]]}},{"type":"Feature","properties":{},"geometry":{"type":"MultiPolygon","coordinates":[[[[-78.5,44.8],[-78.7,44.3],[-78.9,44.3],[-79.1,44.3],[-79.4,44.3],[-79.4,44.5],[-79.1,44.8],[-78.5,44.8]]]]}},{"type":"Feature","properties":{},"geometry":{"type":"MultiPolygon","coordinates":[[[[-78.4,44.8],[-78.4,44.3],[-78.5,44.4],[-78.4,44.8]]]]}},{"type":"Feature","properties":{},"geometry":{"type":"MultiPolygon","coordinates":[[[[-77.3,43.8],[-77.2,43.7],[-77.5,43.7],[-77.3,43.8]]]]}},{"type":"Feature","properties":{},"geometry":{"type":"MultiPolygon","coordinates":[[[[-80.8,43.8],[-80.8,43.9],[-80.6,44],[-81.2,44.2],[-81.2,44],[-78.8,44.2],[-78.1,43.4],[-76.8,43],[-76.7,42.6],[-76.6,42.6],[-77,42.5],[-78.2,42.7],[-78,43.2],[-78.3,42.9],[-78.5,42.8],[-78.8,42.9],[-79,43.1],[-79.2,43.3],[-79.5,43.3],[-79.6,43.5],[-79.9,43.6],[-80.1,43.7],[-80.2,43.6],[-80.2,43.8],[-80.6,43.8],[-80.7,43.8],[-80.8,43.8]]]]}},{"type":"Feature","properties":{},"geometry":{"type":"MultiPolygon","coordinates":[[[[-85.9,47.2],[-85.6,47.1],[-85.7,46.7],[-85.5,46.9],[-85.2,47.3],[-85.3,46.3],[-84.9,46.3],[-85.1,46],[-85,45.9],[-84.4,45.5],[-84.2,45.4],[-84.3,45.4],[-84.6,45.6],[-85,45.9],[-85.3,45.9],[-85.3,46.1],[-85.6,46.2],[-85.7,46.4],[-85.9,46.5],[-86,46.5],[-86.2,46.6],[-86.2,46.8],[-85.9,47.2]]]]}},{"type":"Feature","properties":{},"geometry":{"type":"MultiPolygon","coordinates":[[[[-78.5,43.9],[-78.7,44.2],[-78.6,44],[-78.5,43.9]]]]}},{"type":"Feature","properties":{},"geometry":{"type":"MultiPolygon","coordinates":[[[[9.8,45.5],[9.7,45.9],[9.6,46.4],[9.9,46.5],[10.6,46.6],[11,46.8],[11.6,46.1],[11.4,45.7],[11.4,45.6],[11.3,45.4],[10.9,45.2],[10.6,45.3],[10.3,45.9],[9.8,45.5]]]]}},{"type":"Feature","properties":{},"geometry":{"type":"MultiPolygon","coordinates":[[[[-6.2,48.4],[-8.4,47.8],[-8.5,47.8],[-10.7,49.9],[-8.4,50],[-7.4,51.4],[-4.9,52.1],[-1.1,51.6],[-0.3,51],[-1.4,50.5],[-3,50.2],[-4.5,50.1],[-5.1,50.1],[-5.2,49.8],[-4.4,49.5],[-5.2,48.7],[-5.5,48.6],[-6,48.5],[-6.2,48.4]]]]}},{"type":"Feature","properties":{},"geometry":{"type":"MultiPolygon","coordinates":[[[[104.1,-0.7],[104.1,-1.2],[104,-1.3],[103.8,-1.7],[103.5,-1.9],[103.4,-1.9],[102.9,-2],[102.3,-1.1],[104,-0.7],[104.1,-0.7]]]]}},{"type":"Feature","properties":{},"geometry":{"type":"MultiPolygon","coordinates":[[[[-24.6,71.6],[-23.6,72.2],[-22.7,72.4],[-21.1,73],[-21,74.2],[-20.1,75],[-20.6,75.5],[-15.4,76.2],[-14.3,76.5],[-12.6,76.4],[-10.6,76.8],[-10.9,76.9],[-9.3,76.9],[-1.5,75.1],[-2.9,73.8],[-7.2,74.3],[-12.8,74.1],[-18.4,71.8],[-23.7,71.6],[-24.6,71.6]]]]}},{"type":"Feature","properties":{},"geometry":{"type":"MultiPolygon","coordinates":[[[[-14.8,67.2],[-15.6,68.3],[-11.9,67.2],[-14,67.1],[-14.8,67.2]]]]}},{"type":"Feature","properties":{},"geometry":{"type":"MultiPolygon","coordinates":[[[[-19.4,64.4],[-23.1,66],[-23.1,67.5],[-20.3,67.1],[-17.9,65.7],[-18.9,64.2],[-19.4,64.4]]]]}},{"type":"Feature","properties":{},"geometry":{"type":"MultiPolygon","coordinates":[[[[-92.4,53.3],[-89.9,52],[-89.6,51.9],[-89.5,51.3],[-89.8,51.2],[-90,51.6],[-90.1,51.6],[-90.2,51.5],[-90.6,51.6],[-91.6,52],[-92.4,52.2],[-92.9,52.5],[-94.2,52.8],[-94.8,53.2],[-95,53.4],[-93.7,53.6],[-92.4,53.3]]]]}},{"type":"Feature","properties":{},"geometry":{"type":"MultiPolygon","coordinates":[[[[-13.1,47.6],[-10.2,48.5],[-9.3,47.7],[-10,47.8],[-10.9,47.6],[-11.1,47.5],[-11.4,47.5],[-13.1,47.6]]]]}},{"type":"Feature","properties":{},"geometry":{"type":"MultiPolygon","coordinates":[[[[131.4,-46.7],[129.3,-46.8],[127.4,-48.6],[123.7,-48.8],[121.2,-48.2],[122.1,-47.6],[122.3,-47.2],[122.9,-47.3],[122.9,-47.5],[123.3,-47.5],[123.4,-47.6],[123.7,-47.7],[124.2,-47.4],[124.5,-46.9],[125.7,-46.8],[126,-46.7],[126.1,-46.4],[126.5,-46.7],[126.4,-46.4],[126.5,-46.3],[126.7,-46.2],[127.1,-45.7],[128,-45.4],[128.9,-45.6],[129.7,-45.7],[130.4,-45.8],[131.2,-46.5],[131.5,-46.5],[131.4,-46.7]]]]}},{"type":"Feature","properties":{},"geometry":{"type":"MultiPolygon","coordinates":[[[[125.8,-45.2],[127.3,-44.5],[127.8,-44.7],[127.7,-45],[126.7,-45.5],[126.3,-45.8],[125.6,-45.8],[125.8,-45.6],[125.7,-45.1],[125.8,-45.2]]]]}},{"type":"Feature","properties":{},"geometry":{"type":"MultiPolygon","coordinates":[[[[127.5,-43.4],[128,-43.1],[128.4,-43.5],[128.2,-43.8],[127.7,-43.8],[127.5,-43.4]]]]}},{"type":"Feature","properties":{},"geometry":{"type":"MultiPolygon","coordinates":[[[[121.3,-47.7],[121.3,-48.1],[121.1,-48],[121.3,-47.7]]]]}},{"type":"Feature","properties":{},"geometry":{"type":"MultiPolygon","coordinates":[[[[111.9,-53.6],[109.1,-53],[105.6,-51.9],[105.5,-51.8],[107.8,-51.3],[109.1,-51.3],[110.2,-51.7],[110.9,-51.9],[112.5,-52.1],[114.6,-52.2],[114.2,-52.3],[114,-52.6],[113.6,-53],[112.3,-53.4],[111.9,-53.6]]]]}},{"type":"Feature","properties":{},"geometry":{"type":"MultiPolygon","coordinates":[[[[115,-52],[115.3,-52.2],[115,-52.4],[115,-52]]]]}},{"type":"Feature","properties":{},"geometry":{"type":"MultiPolygon","coordinates":[[[[114.2,-53.7],[113.8,-53.8],[114.5,-53.5],[114.2,-53.7]]]]}},{"type":"Feature","properties":{},"geometry":{"type":"MultiPolygon","coordinates":[[[[116.8,-52.6],[117.6,-52.3],[117.1,-52.8],[116.8,-52.6]]]]}},{"type":"Feature","properties":{},"geometry":{"type":"MultiPolygon","coordinates":[[[[117.3,-52.8],[117.7,-53],[117.2,-52.9],[117.3,-52.8]]]]}},{"type":"Feature","properties":{},"geometry":{"type":"MultiPolygon","coordinates":[[[[140.8,-32.6],[143.9,-33.6],[146.8,-35],[148.3,-35.8],[147.6,-35.9],[147.3,-36.1],[146.8,-36.6],[146.1,-36.9],[146.4,-35.9],[145.6,-35.7],[144.8,-35.5],[144.6,-35.6],[144.4,-35.7],[144.3,-35.6],[144,-35.6],[143.9,-35.4],[143.5,-34.9],[143.3,-34.6],[142.8,-34.2],[142.5,-34.5],[142.3,-34.6],[142,-34.3],[141.4,-34.4],[141.4,-34.2],[141.2,-34.1],[140.2,-33],[140.8,-32.6]]]]}},{"type":"Feature","properties":{},"geometry":{"type":"MultiPolygon","coordinates":[[[[68.8,-32.9],[65.9,-31.9],[60.6,-29.2],[63.6,-26.9],[65.2,-29.5],[68.8,-32.9]]]]}},{"type":"Feature","properties":{},"geometry":{"type":"MultiPolygon","coordinates":[[[[59.5,-36],[57.1,-37.2],[57.2,-36.7],[57.2,-36.9],[56.5,-36.1],[55.9,-35.7],[55.7,-35.1],[55.7,-35],[55.3,-34.7],[54.8,-34],[54.5,-33.9],[54.4,-33.7],[54.2,-33.2],[53.8,-32.4],[53.8,-32.3],[53.5,-31.8],[53.3,-31.3],[53.1,-30.6],[52.8,-30],[53,-29.3],[53.6,-29],[54.5,-29],[54.7,-30.5],[55.2,-31.4],[57.2,-32.9],[59.8,-35.2],[59.5,-36]]]]}},{"type":"Feature","properties":{},"geometry":{"type":"MultiPolygon","coordinates":[[[[50.9,-32],[50.9,-31.3],[51.5,-29.1],[50.8,-30.2],[50.9,-32]]]]}},{"type":"Feature","properties":{},"geometry":{"type":"MultiPolygon","coordinates":[[[[-53.2,34.4],[-52.7,32.7],[-52.2,31.9],[-52,31.2],[-51.8,30.8],[-51.8,30.2],[-50.9,28.2],[-51.1,26.2],[-50.8,25.7],[-51.8,25.2],[-51.7,27.5],[-53,32.2],[-53.3,33.2],[-53.6,34.7],[-53.6,35.1],[-53.2,34.4]]]]}},{"type":"Feature","properties":{},"geometry":{"type":"MultiPolygon","coordinates":[[[[-30.9,25.1],[-30.1,27],[-28.7,30],[-27.7,31.1],[-28.1,30.1],[-29.6,26.4],[-30.9,25.1]]]]}},{"type":"Feature","properties":{},"geometry":{"type":"MultiPolygon","coordinates":[[[[-56.2,40.3],[-56.3,39.1],[-56.8,38.7],[-56,36.5],[-54.7,35.7],[-53.5,34.3],[-53.5,33],[-52.7,29.9],[-52.2,27.5],[-52.8,27.9],[-53.6,27.7],[-54.1,28.3],[-55.1,29.9],[-55.2,30.1],[-55.4,31.3],[-55.9,31.6],[-56,33.5],[-56.2,34],[-57,37.1],[-57.5,39.5],[-57.6,40.5],[-57.3,40.8],[-57.2,41.4],[-56.2,40.3]]]]}},{"type":"Feature","properties":{},"geometry":{"type":"MultiPolygon","coordinates":[[[[-53.2,34.4],[-55.4,36.7],[-56.1,38.7],[-56.2,39.6],[-55.7,39.8],[-54.9,38.3],[-54.5,36.2],[-53.2,34.4]]]]}},{"type":"Feature","properties":{},"geometry":{"type":"MultiPolygon","coordinates":[[[[-21.3,38.4],[-21.2,37.7],[-20.9,37],[-21.1,36.1],[-21.5,35.2],[-22.4,34.4],[-23.5,33.7],[-24.5,33.3],[-25.1,33.3],[-25.7,32.3],[-26.5,30.9],[-27.1,30.2],[-27.4,29.5],[-27.7,29],[-27.8,27.8],[-27.7,25.7],[-27.8,24.6],[-28,23.6],[-28.5,22.6],[-28.8,21.8],[-29.2,20.7],[-29.6,19.5],[-29.7,19.1],[-29.8,18.3],[-30.7,18],[-31.7,17.5],[-31.8,16.8],[-31.5,16.1],[-33.8,16.5],[-34.3,17.6],[-33.8,18.9],[-32.8,19.8],[-32.6,20.6],[-33.2,21.2],[-33.2,22.7],[-32.4,23.3],[-31.7,24],[-31.2,23.7],[-31.8,23.7],[-31.4,23],[-30.8,23.4],[-30.2,23],[-30,24.4],[-29.8,25],[-29.7,27],[-29.4,27.8],[-28.8,28.7],[-28.9,29.4],[-28.6,30],[-28.2,31.2],[-27.9,30.2],[-25.9,33.9],[-24.6,35.3],[-24.2,36.5],[-24.4,36.8],[-24.3,38.2],[-23,41.4],[-22.2,40.2],[-21.6,39.4],[-21.5,38.7],[-21.3,38.4]]]]}},{"type":"Feature","properties":{},"geometry":{"type":"MultiPolygon","coordinates":[[[[-53.6,37.2],[-54.1,38.7],[-54.6,39.8],[-54.2,39.6],[-53.6,39],[-53.6,37.2]]]]}},{"type":"Feature","properties":{},"geometry":{"type":"MultiPolygon","coordinates":[[[[-26.7,32.4],[-27.2,33.9],[-27.4,35],[-26.2,36.7],[-26.3,35.5],[-26.7,32.4]]]]}},{"type":"Feature","properties":{},"geometry":{"type":"MultiPolygon","coordinates":[[[[139.3,-35.6],[135.1,-35.5],[134.4,-35.4],[134.3,-35.4],[132.8,-35],[131.8,-34.4],[135.8,-34.7],[136.9,-34.4],[137.7,-34.7],[138.5,-35],[139.2,-35.3],[139.3,-35.6]]]]}},{"type":"Feature","properties":{},"geometry":{"type":"MultiPolygon","coordinates":[[[[140.7,-35.3],[139.2,-35.3],[139.4,-35],[140.7,-35.3]]]]}},{"type":"Feature","properties":{},"geometry":{"type":"MultiPolygon","coordinates":[[[[73.9,11.5],[75.9,11],[76.5,9.4],[76.3,7.8],[76.5,5.6],[78,2.3],[76.4,2.9],[75.8,3.9],[75.5,5],[75.3,7.1],[74.3,9.4],[73,11],[73.1,11.9],[73.9,11.5]]]]}},{"type":"Feature","properties":{},"geometry":{"type":"MultiPolygon","coordinates":[[[[69.8,-37.7],[69.3,-37.6],[68,-37.1],[67.6,-36.5],[67,-35.6],[65.2,-34.2],[66.5,-33.9],[68.2,-34],[69.5,-35.2],[69.8,-37.7]]]]}},{"type":"Feature","properties":{},"geometry":{"type":"MultiPolygon","coordinates":[[[[71,-35.1],[69.8,-37.7],[69.5,-35.2],[68.2,-34],[66.5,-33.9],[65.2,-34.2],[67.1,-33.1],[70.2,-34.1],[70.8,-34.8],[71,-35.1]]]]}},{"type":"Feature","properties":{},"geometry":{"type":"MultiPolygon","coordinates":[[[[31.7,42.9],[34.6,41.1],[42.8,38.4],[47.9,35.7],[51.3,33.5],[54.8,31.1],[54.9,30.9],[54.4,30.7],[54.5,30.6],[54.4,30.6],[54.5,30.1],[54.4,29.9],[51.9,31.3],[47.5,33.6],[42.7,35.7],[39.8,36.7],[36.5,38],[35.1,38.8],[32.7,41.7],[31.7,42.6],[31.7,42.9]]]]}},{"type":"Feature","properties":{},"geometry":{"type":"MultiPolygon","coordinates":[[[[56.2,30.5],[55.7,30.3],[55.5,30.6],[55.3,30.8],[56.2,30.5]]]]}},{"type":"Feature","properties":{},"geometry":{"type":"MultiPolygon","coordinates":[[[[57.7,29.8],[62.8,29],[58.2,28.5],[57.4,28.7],[57.5,29],[57.6,29.2],[57.5,29.3],[57.2,29.4],[57.2,29.7],[56.8,30],[56.8,30.2],[57.7,29.8]]]]}},{"type":"Feature","properties":{},"geometry":{"type":"MultiPolygon","coordinates":[[[[55.5,42.6],[54.1,41.8],[52.2,40.9],[50.7,40.2],[50.2,39.5],[49.9,38.8],[49.5,38],[49.2,36.4],[46.9,36.3],[41.3,39],[33.4,42.2],[33.5,42.6],[33.7,42.6],[37.3,42.3],[42,41.4],[45.8,41.6],[51.5,42.7],[55.5,42.6]]]]}},{"type":"Feature","properties":{},"geometry":{"type":"MultiPolygon","coordinates":[[[[50.1,37.4],[52.9,34.8],[53.2,33.6],[52.8,33],[49.9,34.6],[49.2,36.4],[50.1,37.4]]]]}},{"type":"Feature","properties":{},"geometry":{"type":"MultiPolygon","coordinates":[[[[50.1,39],[53.2,37.8],[55.3,35.8],[58.1,34.6],[60.6,34.8],[58.5,33.9],[54.6,33.3],[53.4,33.6],[51.9,35.7],[49.6,37.9],[49.8,38.7],[50.1,39]]]]}},{"type":"Feature","properties":{},"geometry":{"type":"MultiPolygon","coordinates":[[[[56.8,41.3],[57.3,39.7],[60.1,39.5],[60,39.2],[60.3,38.6],[60.3,38.4],[60.5,38.2],[60.8,38.1],[58.8,37.8],[56.1,38.3],[55.6,39.8],[55,41.2],[56.8,41.3]]]]}},{"type":"Feature","properties":{},"geometry":{"type":"MultiPolygon","coordinates":[[[[60.6,39.6],[62.3,40.5],[64.1,41.9],[66.2,43.8],[67.3,44],[66.3,42.1],[64,40],[61.4,38.6],[61.1,38.5],[60.8,38.8],[60.6,39.3],[60.5,39.5],[60.6,39.6]]]]}},{"type":"Feature","properties":{},"geometry":{"type":"MultiPolygon","coordinates":[[[[64.7,52.9],[66.8,53.2],[69,53.7],[69.2,53.6],[67,52.4],[66,51.1],[65.9,49.2],[63.3,50.8],[64.7,52.9]]]]}},{"type":"Feature","properties":{},"geometry":{"type":"MultiPolygon","coordinates":[[[[157,47],[149.5,47.4],[140.9,46.9],[133.2,46.1],[129.6,46.5],[131.2,46.5],[136,47.2],[139.2,47.6],[147.1,49.7],[154.2,51.2],[156.7,49.8],[156.7,47.7],[157,47]]]]}},{"type":"Feature","properties":{},"geometry":{"type":"MultiPolygon","coordinates":[[[[165.9,57.2],[165.4,54.7],[164.8,53.2],[162.6,50.1],[161.4,48.6],[160,46.4],[159.3,46.3],[158.7,46.4],[158.8,46.9],[158.4,46.8],[158.1,46.8],[157.8,46.5],[157.5,46.2],[156.7,47.7],[156.7,49.8],[158.3,52.8],[162,54.8],[163.7,57.1],[164.5,57],[165.9,57.4],[165.9,57.2]]]]}},{"type":"Feature","properties":{},"geometry":{"type":"MultiPolygon","coordinates":[[[[15.7,51.6],[15.9,51.5],[16,51.5],[17.1,51.6],[20,50.7],[22.7,48.7],[22.9,48.6],[22.9,48.5],[22.5,48.2],[22.5,48.3],[22.6,48.4],[22.2,48.3],[22,48.1],[21.9,48.3],[21.6,48.3],[21.5,48.2],[21.1,48.5],[20.8,48.7],[20.6,48.7],[20.2,49],[20.2,49.2],[19.4,49.7],[19.5,49.5],[19.3,49.4],[19.1,49.7],[19.1,49.9],[19.3,50.1],[18.8,50.4],[18.3,50.6],[18.4,50.8],[18.1,50.6],[17.5,51],[16.6,50.7],[15.3,50.9],[15.2,51.3],[15.7,51.4],[15.7,51.6]]]]}},{"type":"Feature","properties":{},"geometry":{"type":"MultiPolygon","coordinates":[[[[13.1,48.6],[13.1,48.8],[13.2,49.1],[14.2,49.5],[14.9,49.2],[14.8,48.7],[14.5,48.2],[14.5,48.1],[13.7,48.2],[13.4,48.3],[13.1,48.6]]]]}},{"type":"Feature","properties":{},"geometry":{"type":"MultiPolygon","coordinates":[[[[13.4,49.9],[13.8,50],[13.7,50.5],[15,50.4],[15.6,50.1],[14.7,49.8],[14.4,49.7],[13.9,49.7],[13.4,49.7],[13.4,49.9]]]]}},{"type":"Feature","properties":{},"geometry":{"type":"MultiPolygon","coordinates":[[[[12,47.9],[12.4,48.4],[13.8,48],[13.6,47.9],[13.4,47.7],[12.8,47.7],[12.5,47.6],[11.9,47.7],[12,47.9]]]]}},{"type":"Feature","properties":{},"geometry":{"type":"MultiPolygon","coordinates":[[[[13.9,48.1],[14.5,47.8],[14.3,47.7],[13.9,48.1]]]]}},{"type":"Feature","properties":{},"geometry":{"type":"MultiPolygon","coordinates":[[[[18.5,50.1],[18.8,50.1],[18.6,50],[18.5,50.1]]]]}},{"type":"Feature","properties":{},"geometry":{"type":"MultiPolygon","coordinates":[[[[21.1,46.9],[21.6,47],[21.5,46.8],[21.1,46.9]]]]}},{"type":"Feature","properties":{},"geometry":{"type":"MultiPolygon","coordinates":[[[[21.6,48.3],[21.8,48.3],[21.7,48.2],[21.6,48.3]]]]}},{"type":"Feature","properties":{},"geometry":{"type":"MultiPolygon","coordinates":[[[[18.2,11.5],[17.5,10.8],[17.5,10.9],[17.1,10.5],[16.5,10.3],[16.4,10.4],[16.2,11.2],[16.2,11.5],[16.1,11.6],[16,11.4],[16,11.7],[16,10.8],[15.8,11.1],[15.8,11.4],[15.7,11.6],[15.7,11.8],[15.7,12],[15.6,12.2],[15.6,12],[15.4,12.2],[15.3,12.3],[15.4,12.6],[15.3,12.7],[15.1,12.9],[15.1,13.1],[15.3,13.2],[15.2,13.5],[15.2,13.7],[15.2,13.8],[15.3,14],[15.5,14],[15.9,14.2],[16.2,14],[16,13.3],[15.9,13.2],[15.9,13],[16.5,13.4],[17.2,13.3],[17.2,12.5],[17.1,12.2],[16.9,11.8],[17.3,12],[18.2,11.5]]]]}},{"type":"Feature","properties":{},"geometry":{"type":"MultiPolygon","coordinates":[[[[16.1,9],[15.8,8.5],[15.5,7.9],[14.6,7.4],[14.8,7.5],[14.5,7.5],[14.6,7.8],[14.8,8.1],[14.4,8],[14.2,8.1],[14,8.1],[14,8.4],[14,8.6],[14,8.8],[13.8,8.8],[13.9,8.9],[14.2,9.1],[14.6,9.2],[14.6,9.3],[14.6,9.5],[14.5,9.7],[14.5,9.8],[14.5,10.1],[14.8,10.3],[14.9,10.3],[15.1,10.1],[15.9,10.3],[16.4,10],[16.2,9.8],[16.2,9.5],[16,9.3],[16.1,9]]]]}},{"type":"Feature","properties":{},"geometry":{"type":"MultiPolygon","coordinates":[[[[14.7,13.5],[14.7,13.2],[14.6,13],[14.5,13],[14.4,13.1],[14.4,13.2],[14.6,13.6],[14.7,13.5]]]]}},{"type":"Feature","properties":{},"geometry":{"type":"MultiPolygon","coordinates":[[[[15,12.8],[15.3,12.5],[15.1,12.4],[14.9,12.4],[14.8,12.5],[14.8,12.9],[15,12.8]]]]}},{"type":"Feature","properties":{},"geometry":{"type":"MultiPolygon","coordinates":[[[[16.3,16.5],[16.5,16.4],[16.6,16.1],[16.5,15.9],[16.2,16.1],[16.4,16.2],[16.2,16.4],[16.3,16.5]]]]}},{"type":"Feature","properties":{},"geometry":{"type":"MultiPolygon","coordinates":[[[[15.6,11.8],[15.5,11.6],[15.4,11.8],[15.6,11.8]]]]}},{"type":"Feature","properties":{},"geometry":{"type":"MultiPolygon","coordinates":[[[[15.5,11.2],[15.4,10.9],[15.4,11.1],[15.5,11.2]]]]}},{"type":"Feature","properties":{},"geometry":{"type":"MultiPolygon","coordinates":[[[[16,14.8],[16.2,14.6],[16.1,14.5],[15.9,14.6],[16,14.8]]]]}},{"type":"Feature","properties":{},"geometry":{"type":"MultiPolygon","coordinates":[[[[33.9,-27],[33.8,-27],[34.1,-26.1],[34.2,-25.6],[35.7,-24.1],[37,-23.2],[36.6,-23.8],[36.3,-24.2],[36.1,-24.6],[35.7,-25.2],[35.4,-25.7],[34.3,-26.7],[33.9,-27]]]]}},{"type":"Feature","properties":{},"geometry":{"type":"MultiPolygon","coordinates":[[[[90.8,-62.8],[87.9,-62.8],[84.4,-63.1],[79.7,-62.6],[77.1,-61.9],[72.2,-60.3],[68.4,-58.2],[67.2,-56],[65.4,-53.4],[65.3,-49.7],[64.1,-46.9],[63.6,-46.4],[64.9,-47.3],[65.8,-47.5],[66.2,-51.6],[66.1,-53.2],[66.5,-55.2],[68.2,-56.6],[69.6,-57.8],[71.4,-59.4],[75.9,-61.4],[82.3,-62.7],[86.5,-62.8],[90.3,-62.3],[90.8,-62.8]]]]}},{"type":"Feature","properties":{},"geometry":{"type":"MultiPolygon","coordinates":[[[[34.6,0.7],[34.7,0.5],[34.8,0],[34.7,-0.1],[34.7,-0.5],[35.1,-0.9],[35.2,-1],[34.8,-1],[34.2,-0.8],[33.8,-0.9],[33.4,-0.9],[33.2,-0.8],[32.4,0],[32,0.2],[31.4,0.3],[31.6,1.8],[31.8,3.1],[32.4,2.2],[33.2,1.7],[34.6,0.7]]]]}},{"type":"Feature","properties":{},"geometry":{"type":"MultiPolygon","coordinates":[[[[38.3,11.4],[40.5,12.6],[40.7,12.7],[40.8,12.4],[41.1,11.8],[41.1,11.3],[41.4,10.4],[41.3,10.4],[39.6,9.4],[38.6,9],[37.7,8.9],[37.4,9.2],[37.2,9.4],[37.1,9.8],[37,10.4],[38.2,11.3],[38.3,11.4]]]]}},{"type":"Feature","properties":{},"geometry":{"type":"MultiPolygon","coordinates":[[[[29.2,-2.3],[28,-1.9],[25.9,-2.3],[26,-1.8],[26.8,-1.2],[30.4,-0.5],[30.3,-0.9],[29.9,-2.3],[29.2,-2.3]]]]}},{"type":"Feature","properties":{},"geometry":{"type":"MultiPolygon","coordinates":[[[[29.7,-0.2],[25.3,-1.3],[25.3,-1],[25.1,-0.7],[24.5,-0.3],[24.2,0.1],[23.7,0.7],[24.7,1],[28.6,1],[28.9,0.8],[29.3,0.3],[29.5,0.2],[29.7,-0.2]]]]}},{"type":"Feature","properties":{},"geometry":{"type":"MultiPolygon","coordinates":[[[[30.2,0.2],[25.6,0.1],[25.1,0.2],[24.5,0.5],[24.3,0.7],[23,2.8],[23.3,2.7],[24.2,2.4],[24.6,2.2],[25,2.1],[25.4,2.1],[25.4,1.8],[26.3,2.4],[27.4,2.3],[28.8,1.7],[29.6,1.3],[29.8,0.8],[30,0.4],[30.2,0.2]]]]}},{"type":"Feature","properties":{},"geometry":{"type":"MultiPolygon","coordinates":[[[[28.6,-2.3],[29.1,-2.7],[29.4,-3],[29.5,-3.3],[29.9,-4],[30.2,-4.5],[30.6,-5],[30.8,-5.3],[30.7,-5.7],[30.4,-6.3],[30.3,-6.7],[30.1,-8.9],[29.7,-9.2],[29.7,-8.2],[29.7,-6],[29.3,-4.6],[28.5,-2.9],[28.2,-2.6],[28.6,-2.3]]]]}},{"type":"Feature","properties":{},"geometry":{"type":"MultiPolygon","coordinates":[[[[29.4,-5],[28.9,-5.3],[29.2,-5.6],[29.9,-7.3],[30.2,-8.7],[30,-10.9],[29.9,-11.9],[30.3,-13.3],[30.3,-13.8],[29.9,-13.4],[30,-12.9],[29.4,-13.1],[28.8,-10.7],[29,-10.1],[28.7,-8.6],[28.5,-6.3],[27.8,-3.2],[27.5,-3],[26.9,-3],[26.2,-2.5],[25.8,-2.1],[26,-2.1],[27.2,-1.7],[27.5,-1.9],[27.7,-1.9],[28,-2.1],[28.4,-2.4],[28.7,-2.6],[29.4,-5]]]]}},{"type":"Feature","properties":{},"geometry":{"type":"MultiPolygon","coordinates":[[[[28.8,-15.4],[29.2,-15.4],[28.9,-15.8],[28.8,-15.4]]]]}},{"type":"Feature","properties":{},"geometry":{"type":"MultiPolygon","coordinates":[[[[29.3,-15.4],[29.5,-15.7],[29.2,-15.6],[29.3,-15.4]]]]}},{"type":"Feature","properties":{},"geometry":{"type":"MultiPolygon","coordinates":[[[[25.4,-7.6],[23.8,-7.9],[23.7,-7.3],[25.2,-7.2],[25.4,-7.6]]]]}},{"type":"Feature","properties":{},"geometry":{"type":"MultiPolygon","coordinates":[[[[29,-10.2],[29.1,-10],[28.8,-9],[28.9,-9.1],[28.5,-8.3],[28,-7.1],[27.9,-6.1],[28.1,-6.4],[28.2,-4.9],[27.6,-5.1],[27.6,-4.7],[27.8,-4.4],[27.8,-4.2],[27.6,-4],[27.1,-3.8],[26.9,-4],[26.9,-4.3],[26.7,-4.3],[26.6,-5.9],[26.3,-7.6],[26.8,-8.2],[26.7,-8.5],[25.2,-8.5],[25.2,-8.1],[24.8,-7.4],[24.7,-6.5],[24.4,-5.6],[24.6,-5],[25,-4],[24.7,-3.3],[24.4,-2.7],[24,-2.3],[24.2,-2.1],[24.7,-1.7],[25.4,-1.9],[25.6,-1.8],[25.8,-1.9],[26.4,-2.4],[27,-2.7],[27.5,-2.7],[28.4,-4.7],[28.7,-6.6],[29.2,-8.7],[29.4,-10],[29,-10.2]]]]}},{"type":"Feature","properties":{},"geometry":{"type":"MultiPolygon","coordinates":[[[[28,-5.5],[28,-5.7],[27.9,-5.8],[28,-5.5]]]]}},{"type":"Feature","properties":{},"geometry":{"type":"MultiPolygon","coordinates":[[[[24.2,-4],[24.9,-3.7],[24.4,-3.9],[24.2,-4]]]]}},{"type":"Feature","properties":{},"geometry":{"type":"MultiPolygon","coordinates":[[[[24.1,-3.7],[23.3,-3.6],[23.4,-3.3],[23.7,-3.1],[24,-2.9],[24.6,-3],[24.1,-3.7]]]]}},{"type":"Feature","properties":{},"geometry":{"type":"MultiPolygon","coordinates":[[[[22.6,-3.4],[22.2,-3.4],[21.5,-3.2],[21.8,-2.8],[22.7,-3.1],[22.6,-3.4]]]]}},{"type":"Feature","properties":{},"geometry":{"type":"MultiPolygon","coordinates":[[[[22,-3.6],[23.4,-3.6],[22.9,-4.2],[21.9,-4.5],[21.4,-4.5],[21.4,-4.3],[21.6,-4],[22,-3.8],[22,-3.6]]]]}},{"type":"Feature","properties":{},"geometry":{"type":"MultiPolygon","coordinates":[[[[19.2,-4.2],[19.1,-4.6],[18.8,-4.5],[19,-4.1],[19.2,-4.2]]]]}},{"type":"Feature","properties":{},"geometry":{"type":"MultiPolygon","coordinates":[[[[20,-4.1],[20,-4.4],[19.7,-4],[20,-4.1]]]]}},{"type":"Feature","properties":{},"geometry":{"type":"MultiPolygon","coordinates":[[[[22.2,-5.4],[19.8,-5.2],[20,-5.1],[21,-5],[21.7,-5.1],[22.2,-5.4]]]]}},{"type":"Feature","properties":{},"geometry":{"type":"MultiPolygon","coordinates":[[[[17.5,-6.4],[16.8,-6.3],[17,-6.1],[17.5,-6.4]]]]}},{"type":"Feature","properties":{},"geometry":{"type":"MultiPolygon","coordinates":[[[[19,-6.3],[18.7,-6.8],[18.9,-6.3],[19,-6.3]]]]}},{"type":"Feature","properties":{},"geometry":{"type":"MultiPolygon","coordinates":[[[[-23.8,37.2],[-24.3,35.4],[-25.7,32.7],[-27.3,29.4],[-27.4,30.9],[-26.5,33.2],[-25.8,34.7],[-24.9,36.8],[-23.9,38.2],[-23.8,37.2]]]]}},{"type":"Feature","properties":{},"geometry":{"type":"MultiPolygon","coordinates":[[[[1.1,31.5],[-0.1,31.7],[-0.1,32.1],[0,32.1],[0.1,32.3],[0.3,32.5],[0.6,32.1],[0.6,31.7],[1.1,31.5]]]]}},{"type":"Feature","properties":{},"geometry":{"type":"MultiPolygon","coordinates":[[[[-4.5,34.7],[-3.6,34.1],[-3.2,33.9],[-3,33.8],[-2.7,33.6],[-2.4,33.3],[-3.3,32.9],[-3.8,33.2],[-3.8,33.5],[-5.1,33.9],[-4.6,34.3],[-4.2,34.1],[-4.3,34.3],[-4.7,34.6],[-4.5,34.7]]]]}},{"type":"Feature","properties":{},"geometry":{"type":"MultiPolygon","coordinates":[[[[-4.5,34.7],[-4.8,34.7],[-4.9,35],[-5,35.1],[-5.1,35.5],[-4.5,34.7]]]]}},{"type":"Feature","properties":{},"geometry":{"type":"MultiPolygon","coordinates":[[[[-0.9,31.9],[-1.6,32.1],[-2.1,32.6],[-1.9,32.7],[-1.6,32.4],[-1.6,32.7],[-1.2,33],[-1.3,32.6],[-1.2,32.3],[-1.2,32.6],[-1,32.6],[-0.8,32.9],[-0.7,32.5],[-0.5,32.7],[-0.4,32.4],[-0.9,31.9]]]]}},{"type":"Feature","properties":{},"geometry":{"type":"MultiPolygon","coordinates":[[[[-2.9,32.5],[-3,32.7],[-2.7,32.5],[-2.9,32.5]]]]}},{"type":"Feature","properties":{},"geometry":{"type":"MultiPolygon","coordinates":[[[[-1.4,33.6],[-1.7,33.2],[-1.6,33.6],[-1.4,33.6]]]]}},{"type":"Feature","properties":{},"geometry":{"type":"MultiPolygon","coordinates":[[[[-62.8,-58.7],[-61.4,-59.7],[-62.1,-60.3],[-62.7,-60.4],[-65.3,-60.8],[-66.1,-61.4],[-67.3,-61.2],[-68.4,-61.5],[-69.5,-62.5],[-70,-62.5],[-70.5,-63],[-72.2,-63.1],[-73,-62.9],[-73.9,-63.4],[-74.5,-63.1],[-73.7,-62.8],[-74.7,-62.3],[-74.9,-62.2],[-74.2,-61.9],[-73.8,-61.4],[-73.8,-61],[-74,-61],[-74.2,-61.2],[-74.2,-61.4],[-74.5,-61.3],[-74.4,-61.5],[-74.7,-61.5],[-74.9,-61.5],[-74.7,-61.2],[-74.9,-61.1],[-74.7,-61],[-74.6,-60.8],[-74.4,-60.6],[-74.3,-60.5],[-73.9,-60.2],[-73.8,-60.1],[-74,-60.1],[-73.9,-59.9],[-73.8,-59.8],[-73.5,-59.7],[-73.2,-59.5],[-73.5,-59.3],[-73.4,-59.2],[-73,-59.2],[-72.9,-59.2],[-72.8,-58.9],[-73.3,-59.1],[-72.6,-58.4],[-72.5,-58.3],[-72.3,-58.2],[-72.2,-58.1],[-72.1,-58],[-71.6,-57.9],[-71.5,-58],[-71.2,-58.3],[-71.2,-58.2],[-71.2,-57.9],[-71,-57.8],[-71.2,-57.7],[-71.6,-57.6],[-71.4,-57.5],[-71.4,-57.4],[-71.2,-57.3],[-70.9,-57.2],[-70.1,-56.3],[-69.9,-56.2],[-70.1,-56.6],[-69.6,-56.5],[-66.7,-57.1],[-62.8,-58.7]]]]}},{"type":"Feature","properties":{},"geometry":{"type":"MultiPolygon","coordinates":[[[[-75,-62],[-74.7,-61.9],[-74.2,-61.7],[-75,-62]]]]}},{"type":"Feature","properties":{},"geometry":{"type":"MultiPolygon","coordinates":[[[[-71.1,-66.2],[-73,-65],[-72.1,-64],[-73.3,-63.6],[-72.7,-63.3],[-72.6,-63.3],[-72,-63.3],[-71,-63.5],[-70.5,-64],[-70.6,-64.8],[-69.8,-66],[-69.7,-66.5],[-70.8,-66.3],[-71.1,-66.2]]]]}},{"type":"Feature","properties":{},"geometry":{"type":"MultiPolygon","coordinates":[[[[-75.1,-62.7],[-73.9,-62.6],[-74.5,-62.8],[-75.1,-62.7]]]]}},{"type":"Feature","properties":{},"geometry":{"type":"MultiPolygon","coordinates":[[[[-67,-66.8],[-67.8,-66.7],[-68.1,-66.7],[-68,-66.7],[-67,-66.8]]]]}},{"type":"Feature","properties":{},"geometry":{"type":"MultiPolygon","coordinates":[[[[124.6,-49.9],[127.4,-48.6],[129.3,-46.8],[131.4,-46.7],[131.7,-47.2],[130.4,-47.7],[129.2,-48.7],[126.2,-50],[124.3,-50.5],[123.5,-50.7],[121.5,-51.1],[120.3,-51.5],[124,-50.2],[124.6,-49.9]]]]}},{"type":"Feature","properties":{},"geometry":{"type":"MultiPolygon","coordinates":[[[[165.5,-69.8],[165.7,-69.9],[165.9,-70],[166,-70.1],[165.8,-70.3],[165.6,-70.2],[165.3,-70],[165.2,-69.9],[165.5,-69.8]]]]}},{"type":"Feature","properties":{},"geometry":{"type":"MultiPolygon","coordinates":[[[[148,-46.1],[148.4,-46.2],[148.5,-46.3],[149,-46.3],[149,-46.4],[149.2,-46.7],[149.3,-46.7],[149.3,-46.8],[149.4,-47.1],[149.8,-47.5],[149.8,-47.6],[149.9,-47.6],[149.8,-47.7],[149.8,-47.8],[150.6,-48.2],[150.8,-48.2],[150.8,-48.3],[151,-48.5],[151.2,-48.6],[151.2,-48.7],[151.3,-48.9],[151.4,-49],[151.4,-49.2],[151.4,-49.3],[151.5,-49.4],[151.6,-49.5],[152.1,-49.6],[152.1,-49.7],[152.1,-49.8],[152.1,-49.9],[152.2,-50],[152.1,-50.1],[152,-50.1],[152,-50.2],[151.9,-50.2],[151.8,-50.2],[151.7,-50.3],[151.6,-50.4],[151.5,-50.5],[151.3,-50.5],[151.2,-50.6],[151.1,-50.7],[151,-50.7],[151,-50.8],[150.9,-50.8],[150.9,-50.9],[150.8,-50.9],[150.7,-50.9],[150.6,-51],[150.5,-51],[150.4,-51],[150.3,-51],[150.2,-51.1],[150.1,-51.1],[150,-51.1],[149.9,-51.1],[149.8,-51.2],[149.7,-51.2],[149.6,-51.2],[149.5,-51.2],[149.5,-51.1],[149.6,-51.1],[149.6,-51],[149.7,-51],[149.7,-50.9],[149.8,-50.9],[149.8,-50.8],[149.9,-50.8],[149.9,-50.7],[150,-50.6],[150.1,-50.5],[150.1,-50.4],[150.2,-50.4],[150.2,-50.3],[150.2,-50.2],[150.3,-50.2],[150.3,-50.1],[150.3,-50],[150.4,-49.9],[150.4,-49.8],[150.5,-49.8],[150.5,-49.7],[150.6,-49.6],[150.6,-49.5],[150.7,-49.4],[150.6,-49.4],[150.5,-49.3],[150.4,-49.3],[150.3,-49.2],[150.2,-49.2],[150.1,-49.2],[150,-49.2],[149.9,-49.2],[149.9,-49.1],[149.8,-49.1],[149.7,-49.1],[149.6,-49.1],[149.5,-49.1],[149.5,-49],[149.4,-49],[149.3,-49],[149.2,-49],[149.2,-48.9],[149.1,-48.9],[149,-48.9],[148.9,-48.9],[148.8,-48.9],[148.7,-48.8],[148.6,-48.8],[148.3,-48.7],[148.1,-48.4],[148.1,-48.3],[148,-48.2],[148,-48.1],[148,-48],[148,-47.9],[147.9,-47.9],[147.9,-47.8],[147.9,-47.7],[147.8,-47.7],[147.8,-47.6],[147.8,-47.5],[147.7,-47.4],[147.7,-47.2],[147.7,-47.1],[147.7,-47],[147.7,-46.5],[147.6,-46.2],[147.6,-46],[147.7,-45.9],[148,-46.1]]]]}},{"type":"Feature","properties":{},"geometry":{"type":"MultiPolygon","coordinates":[[[[-2.2,1.4],[-0.4,2],[-0.3,1.8],[0,1.6],[0.3,1.5],[1,1.2],[1.5,1],[1.6,0.8],[1.3,0.8],[1,0.8],[0.9,0.7],[0.8,0.6],[0.5,0.5],[0.3,0.5],[0,0.5],[-0.2,0.5],[-0.4,0.3],[-0.6,0.4],[-0.7,0.4],[-0.9,0.4],[-1,0.3],[-1.1,0.1],[-1.4,-0.1],[-1.5,-0.2],[-1.6,-0.2],[-1.8,-0.3],[-2.1,-0.3],[-2.3,-0.1],[-2.3,0.1],[-2,0.8],[-1.9,0.8],[-1.8,0.9],[-0.8,1.3],[-0.6,0.9],[-1,1.3],[-0.8,1.6],[-0.6,1.7],[-0.8,2],[-1.8,1.4],[-2.2,1.4]]]]}},{"type":"Feature","properties":{},"geometry":{"type":"MultiPolygon","coordinates":[[[[-7.4,-1.1],[-5.9,0],[-5.7,-0.2],[-6.1,-0.4],[-6,-0.5],[-5.9,-0.9],[-5.6,-0.9],[-5.6,-1.3],[-6.1,-1.1],[-6.3,-1.2],[-6.4,-0.9],[-6.6,-0.9],[-6.8,-1.1],[-7.2,-1.1],[-7.4,-1.1]]]]}},{"type":"Feature","properties":{},"geometry":{"type":"MultiPolygon","coordinates":[[[[5.5,2.5],[5.6,2.6],[6.8,3.6],[6.8,3.4],[6.6,3.1],[6.9,3.2],[7.3,3.3],[7.2,3.1],[6.8,2.9],[6.8,2.5],[6.9,2.3],[7.3,2.8],[7.2,2.3],[7.2,2.2],[7.5,2.5],[7.4,1.8],[7.2,1.4],[6.9,1.4],[6.9,1.7],[6.9,2],[6.6,2],[6.7,2.2],[6.6,2.7],[6.2,2.2],[6.1,2.3],[5.8,1.9],[5.7,1.8],[5.4,2],[6,2.4],[5.8,2.5],[5.7,2.4],[5.5,2.4],[5.5,2.5]]]]}},{"type":"Feature","properties":{},"geometry":{"type":"MultiPolygon","coordinates":[[[[1.3,1.3],[1.8,1.1],[2.3,1.5],[2.6,1.5],[2.5,1.3],[1.8,1],[1.4,1.1],[1.3,1.3]]]]}},{"type":"Feature","properties":{},"geometry":{"type":"MultiPolygon","coordinates":[[[[0.7,1.7],[0.7,1.6],[0.3,1.8],[0.7,1.7]]]]}},{"type":"Feature","properties":{},"geometry":{"type":"MultiPolygon","coordinates":[[[[7.1,4],[7.1,3.8],[6.9,3.8],[6.4,3.3],[5.5,2.5],[5.5,2.7],[5.3,2.7],[5.1,2.7],[5,2.6],[4.9,2.6],[4.8,2.6],[4.6,2.7],[4.5,2.8],[4.2,2.7],[4,2.8],[3.8,2.8],[3.7,2.9],[3.3,2.8],[3.1,2.9],[4,3.1],[4.7,3.2],[5.6,3.6],[6.5,4.2],[6.7,4.2],[7.1,4]]]]}},{"type":"Feature","properties":{},"geometry":{"type":"MultiPolygon","coordinates":[[[[-0.4,2],[-2.2,1.4],[-2.5,1.6],[-2.7,1.4],[-2.9,1.1],[-3,1.1],[-3.2,1.1],[-3.3,1.1],[-3.4,1],[-3.5,1],[-3.6,1.1],[-3.8,1.2],[-3.9,0.9],[-3.9,1.4],[-3,1.8],[-1.5,2.6],[-0.8,2.8],[-0.8,2.6],[-0.7,2.3],[-0.5,2.1],[-0.4,2]]]]}},{"type":"Feature","properties":{},"geometry":{"type":"MultiPolygon","coordinates":[[[[-4.4,0.8],[-4.5,0.8],[-4.6,0.9],[-4.7,0.9],[-4,1.3],[-4.3,0.9],[-4.4,0.8]]]]}},{"type":"Feature","properties":{},"geometry":{"type":"MultiPolygon","coordinates":[[[[-5.9,0],[-5.6,0.5],[-5.3,0.5],[-5.9,0]]]]}},{"type":"Feature","properties":{},"geometry":{"type":"MultiPolygon","coordinates":[[[[2.3,2.2],[2.1,1.7],[1.7,1.5],[1.7,1.3],[1.7,1.2],[1.3,1.6],[2.3,2.2]]]]}},{"type":"Feature","properties":{},"geometry":{"type":"MultiPolygon","coordinates":[[[[2.3,1.6],[1.8,1.2],[1.8,1.4],[2.2,1.7],[2.3,1.6]]]]}},{"type":"Feature","properties":{},"geometry":{"type":"MultiPolygon","coordinates":[[[[0.7,1.7],[0.4,2],[0,2],[-0.3,2.3],[-0.4,2.6],[-0.2,2.6],[-0.1,2.4],[0.1,2.3],[0.4,2.1],[0.7,2.1],[0.8,1.9],[0.7,1.8],[0.7,1.7]]]]}},{"type":"Feature","properties":{},"geometry":{"type":"MultiPolygon","coordinates":[[[[-10.2,-1.8],[-9.3,-1.6],[-8.9,-1.6],[-9.2,-2.1],[-9.4,-2.3],[-9.7,-2.4],[-10.1,-2.6],[-10.3,-2],[-10.2,-1.8]]]]}},{"type":"Feature","properties":{},"geometry":{"type":"MultiPolygon","coordinates":[[[[-10.9,-2],[-10.2,-1.8],[-10.2,-2.7],[-10.4,-2.9],[-10.3,-3],[-10.5,-3.3],[-10.8,-3.5],[-11.2,-3.8],[-11.3,-3.7],[-10.9,-3.4],[-11.1,-3.3],[-11.1,-3.1],[-11,-3],[-11.2,-2.8],[-11.1,-2.7],[-10.9,-2.6],[-11.1,-2.5],[-11,-2.4],[-11.1,-2.3],[-10.9,-2.1],[-10.9,-2]]]]}},{"type":"Feature","properties":{},"geometry":{"type":"MultiPolygon","coordinates":[[[[-11.9,-2.5],[-11.2,-2.2],[-11.3,-2.8],[-11.5,-2.8],[-11.8,-2.5],[-11.9,-2.5]]]]}},{"type":"Feature","properties":{},"geometry":{"type":"MultiPolygon","coordinates":[[[[-18.6,-12.2],[-18.9,-12.1],[-19.5,-11.4],[-19.8,-10.5],[-19.9,-9.5],[-19.9,-9.1],[-20.1,-8.5],[-20.6,-7.8],[-20.7,-7.8],[-21.3,-7.8],[-21.6,-7.5],[-21.6,-7.4],[-21.7,-7.2],[-21.7,-7.1],[-22,-6.7],[-22.2,-6.5],[-22.6,-6.3],[-22.7,-6.3],[-22.8,-6.2],[-23.1,-6.2],[-23.2,-6.2],[-23.4,-5.8],[-23.8,-5.7],[-24.4,-5.6],[-24.4,-5.5],[-25.8,-3.8],[-24,-4.4],[-22.6,-4.8],[-20.5,-5.1],[-16.2,-5.2],[-13.1,-3.3],[-12,-2.5],[-11.5,-2.9],[-11.5,-3.5],[-11.7,-3.3],[-11.6,-3.6],[-11.7,-3.8],[-11.9,-3.7],[-11.9,-3.8],[-12,-3.9],[-11.8,-4.2],[-11.6,-5.4],[-11.6,-4.7],[-11.7,-4.7],[-11.9,-4.8],[-12,-4.9],[-12.4,-4.8],[-12.1,-5.1],[-11.7,-5.2],[-11.9,-5.6],[-12.4,-5.6],[-12.5,-5.4],[-12.8,-5.3],[-12.6,-5.7],[-12.9,-5.7],[-12.6,-5.9],[-12.5,-5.9],[-12.7,-6.1],[-12.9,-6],[-13.2,-6],[-13.4,-6.1],[-14.2,-6.5],[-15.3,-6.7],[-15.6,-6.8],[-16.1,-6.9],[-16.4,-6.9],[-16.6,-7],[-16.9,-6.8],[-17,-7.1],[-17.3,-7.3],[-17.4,-7.3],[-17.5,-7.4],[-17.6,-7.5],[-17.6,-7.6],[-17.8,-7.7],[-17.9,-7.9],[-18,-7.9],[-18.1,-7.9],[-18.1,-8.2],[-18.2,-8.4],[-18.3,-10.6],[-18.5,-10.6],[-18.7,-11.8],[-18.6,-12.2]]]]}},{"type":"Feature","properties":{},"geometry":{"type":"MultiPolygon","coordinates":[[[[-19.8,-5.1],[-17.6,-4.7],[-16.1,-4.1],[-13.7,-3.2],[-14.1,-4.6],[-18.9,-5.4],[-19.8,-5.1]]]]}},{"type":"Feature","properties":{},"geometry":{"type":"MultiPolygon","coordinates":[[[[4.7,3.2],[4,3.1],[4.6,3.6],[5.4,4],[4.7,3.2]]]]}},{"type":"Feature","properties":{},"geometry":{"type":"MultiPolygon","coordinates":[[[[6.5,4.2],[5.6,3.6],[4.7,3.2],[5.6,4.3],[5.9,4.4],[5.9,4.3],[5.9,4.2],[6,4.4],[6.1,4.4],[6,4.1],[6.3,4.1],[6.5,4.2]]]]}},{"type":"Feature","properties":{},"geometry":{"type":"MultiPolygon","coordinates":[[[[6.3,4.4],[6.5,4.4],[6.3,4.3],[6.3,4.4]]]]}},{"type":"Feature","properties":{},"geometry":{"type":"MultiPolygon","coordinates":[[[[53,41.1],[55.2,39.8],[55.6,38.6],[54.4,39.3],[52,40.8],[53,41.1]]]]}},{"type":"Feature","properties":{},"geometry":{"type":"MultiPolygon","coordinates":[[[[65,36.7],[65.8,37.9],[67.3,40.2],[67.7,39.7],[66.7,36.5],[63.6,35.9],[65,36.7]]]]}},{"type":"Feature","properties":{},"geometry":{"type":"MultiPolygon","coordinates":[[[[68.7,46.1],[68.4,44.3],[67.9,43],[67.3,40.2],[65.8,37.9],[65,36.7],[65.8,39.2],[66.5,42.7],[67.4,44.7],[68.7,46.1]]]]}},{"type":"Feature","properties":{},"geometry":{"type":"MultiPolygon","coordinates":[[[[52.8,33],[54.3,32.2],[57.5,31],[56.8,30.4],[56.7,30.5],[56.6,30.6],[56.4,30.4],[55.1,31],[54.8,31.3],[52.5,32.5],[52.8,33]]]]}},{"type":"Feature","properties":{},"geometry":{"type":"MultiPolygon","coordinates":[[[[60.7,36.9],[63.8,37.8],[63.6,35.9],[61.3,35.1],[58.1,34.6],[57.9,36.6],[60.1,36.7],[60.7,36.9]]]]}},{"type":"Feature","properties":{},"geometry":{"type":"MultiPolygon","coordinates":[[[[52,40.8],[54.4,39.3],[53.4,38.2],[50.3,39.1],[50.4,39.8],[51.6,40.7],[52,40.8]]]]}},{"type":"Feature","properties":{},"geometry":{"type":"MultiPolygon","coordinates":[[[[54.6,38],[57.2,36.6],[55.3,35.8],[53.2,37.8],[54.6,38]]]]}},{"type":"Feature","properties":{},"geometry":{"type":"MultiPolygon","coordinates":[[[[61.2,38.4],[63.1,39.6],[65.9,41.7],[65.9,39.6],[64.6,38.2],[61.3,36.9],[61.5,38.1],[61.8,38.1],[61.2,38.3],[61.2,38.4]]]]}},{"type":"Feature","properties":{},"geometry":{"type":"MultiPolygon","coordinates":[[[[55.6,38.6],[58,37.8],[60.6,38],[60.9,37.9],[58.9,36.6],[57.2,36.6],[54.6,38],[55.6,38.6]]]]}},{"type":"Feature","properties":{},"geometry":{"type":"MultiPolygon","coordinates":[[[[61,35.1],[63.3,35.8],[65.1,34.9],[64.7,32.8],[61.1,31.5],[57.5,31],[58.5,33.9],[60.6,34.8],[61,35.1]]]]}},{"type":"Feature","properties":{},"geometry":{"type":"MultiPolygon","coordinates":[[[[53.2,33.4],[56.8,33.4],[55.9,31.7],[53.4,32.4],[53,33.5],[53.2,33.4]]]]}},{"type":"Feature","properties":{},"geometry":{"type":"MultiPolygon","coordinates":[[[[68.4,44],[70.2,45.9],[71.8,46.5],[69.8,44.5],[68.6,42.5],[68.3,40.7],[68.2,37.7],[68.6,36.1],[67.9,35.4],[65.6,33.8],[64.9,35.7],[67.1,36.6],[67.7,40.6],[67.9,43.5],[68.4,44]]]]}},{"type":"Feature","properties":{},"geometry":{"type":"MultiPolygon","coordinates":[[[[64.2,32.5],[63.7,29.5],[59.7,29],[59.2,31.2],[62.9,32],[64.2,32.5]]]]}},{"type":"Feature","properties":{},"geometry":{"type":"MultiPolygon","coordinates":[[[[147.6,-46.1],[147.7,-46.3],[147.7,-46.5],[147.7,-46.6],[147.7,-47],[147.7,-47.1],[147.7,-47.2],[147.7,-47.3],[147.7,-47.5],[147.8,-47.6],[147.8,-47.7],[147.9,-47.7],[147.9,-47.8],[147.9,-47.9],[148,-47.9],[148,-48],[148,-48.1],[148,-48.2],[148.1,-48.3],[148.1,-48.4],[148.2,-48.5],[148.6,-48.8],[148.7,-48.8],[148.7,-48.9],[148.8,-48.9],[148.9,-48.9],[149,-48.9],[149.1,-48.9],[149.2,-49],[149.3,-49],[149.4,-49],[149.5,-49],[149.5,-49.1],[149.6,-49.1],[149.7,-49.1],[149.8,-49.1],[149.9,-49.1],[150,-49.2],[150.1,-49.2],[150.2,-49.2],[150.3,-49.2],[150.3,-49.3],[150.4,-49.3],[150.5,-49.3],[150.6,-49.3],[150.6,-49.4],[150.7,-49.4],[150.7,-49.5],[150.6,-49.5],[150.6,-49.6],[150.5,-49.7],[150.5,-49.8],[150.4,-49.8],[150.4,-49.9],[150.4,-50],[150.3,-50],[150.3,-50.1],[150.2,-50.2],[150.2,-50.3],[150.1,-50.4],[150.1,-50.5],[150,-50.6],[150,-50.7],[149.9,-50.7],[149.8,-50.8],[149.7,-50.9],[149.7,-51],[149.6,-51],[149.5,-51.1],[149.5,-51.2],[149.4,-51.2],[150.1,-51.6],[150.8,-51.7],[150.7,-51.7],[150.6,-51.7],[150.5,-51.8],[150.5,-51.9],[150.4,-51.9],[150.3,-52],[150.3,-52.1],[150.2,-52.1],[150.2,-52.2],[150.3,-52.5],[150.3,-52.6],[150.3,-52.8],[150.2,-53],[150.2,-53.1],[150.2,-53.2],[150.2,-53.3],[150,-53.5],[150,-53.6],[149.9,-53.7],[149.9,-53.8],[149.8,-53.9],[149.8,-54],[149.7,-54],[149.7,-54.1],[149.6,-54.1],[149.6,-54.2],[149.5,-54.2],[149.4,-54.2],[149.4,-54.3],[149.3,-54.3],[149.2,-54.4],[149.2,-54.5],[149.1,-54.5],[149.1,-54.6],[149.2,-54.7],[149.2,-54.8],[149.2,-54.9],[149.1,-54.9],[149.1,-55],[149,-55.1],[148.9,-55.2],[148.9,-55.3],[148.8,-55.3],[148.7,-55.4],[148.6,-55.4],[148.6,-55.5],[148.5,-55.5],[148.4,-55.5],[148.4,-55.6],[148.3,-55.6],[148.2,-55.7],[148.1,-55.7],[148,-55.8],[147.9,-55.8],[147.9,-55.9],[147.8,-55.9],[147.7,-56],[147.6,-56.1],[147.5,-56.1],[147.5,-56.2],[147.4,-56.3],[147.3,-56.4],[147.2,-56.4],[147.1,-56.5],[147.1,-56.6],[147,-56.6],[147,-56.7],[146.9,-56.7],[146.9,-56.8],[146.8,-56.8],[146.7,-56.8],[146.7,-56.9],[146.6,-56.9],[146.5,-56.9],[146.4,-56.9],[146.3,-57],[146.2,-57],[146.1,-57],[146.1,-57.1],[146,-57.1],[145.9,-57.1],[145.8,-57.1],[145.7,-57.1],[145.6,-57.1],[145.6,-57],[145.5,-57],[145.5,-56.9],[145.5,-56.8],[145.5,-56.7],[145.4,-56.7],[145.3,-56.7],[145.2,-56.7],[145.2,-56.6],[145.1,-56.6],[145,-56.6],[144.9,-56.5],[144.8,-56.5],[144.8,-56.4],[144.7,-56.4],[144.7,-56.3],[144.6,-56.3],[144.6,-56.2],[144.5,-56.2],[144.5,-56.1],[144.4,-56.1],[144.4,-56],[144.3,-56],[144.3,-55.9],[144.2,-55.9],[144.1,-55.8],[144,-55.8],[144,-55.7],[143.9,-55.7],[143.9,-55.6],[143.8,-55.6],[143.7,-55.5],[143.6,-55.5],[143.6,-55.4],[143.5,-55.4],[143.5,-55.3],[143.4,-55.3],[143.4,-55.2],[143.3,-55.2],[143.3,-55.1],[143.2,-55.1],[143.2,-55],[143.1,-55],[143.1,-54.9],[143.1,-54.8],[143.1,-54.7],[143.1,-54.6],[143.2,-54.5],[143.2,-54.4],[143.3,-54.4],[143.3,-54.3],[143.3,-54.2],[143.2,-54.2],[143.2,-54.1],[143.1,-54.1],[143.1,-54],[143.1,-53.9],[143.1,-53.8],[143,-53.8],[143,-53.7],[142.9,-53.7],[142.9,-53.8],[142.8,-53.8],[142.7,-53.8],[142.7,-53.7],[142.7,-53.6],[142.7,-53.5],[142.6,-53.5],[142.6,-53.4],[142.6,-53.3],[142.5,-53.3],[142.4,-53.2],[142.3,-53.1],[142.2,-53.1],[142.2,-53],[142.3,-53],[142.4,-53],[142.5,-53],[142.5,-52.9],[142.4,-52.9],[142.3,-52.8],[142.2,-52.8],[142.2,-52.7],[142.1,-52.7],[142.1,-52.6],[142.2,-52.6],[142.3,-52.6],[142.4,-52.6],[142.3,-52.6],[142.3,-52.5],[142.2,-52.5],[142.2,-52.4],[142.1,-52.3],[142.1,-52.2],[142.1,-52.1],[142.1,-52],[142.2,-51.9],[142.2,-51.8],[142.3,-51.8],[142.3,-51.7],[142.4,-51.6],[142.5,-51.6],[142.5,-51.5],[142.6,-51.5],[142.7,-51.5],[142.8,-51.4],[142.9,-51.3],[142.9,-51.2],[143,-51.2],[143,-51.1],[143.1,-51],[143.1,-50.9],[143.2,-50.9],[143.2,-50.8],[143.3,-50.7],[143.4,-50.6],[143.5,-50.6],[143.5,-50.5],[143.9,-50],[143.8,-50],[143.7,-50],[143.6,-50.1],[143.8,-49.8],[144,-48.3],[143.8,-46.6],[143.6,-45.7],[143.4,-45.4],[143.7,-45.1],[143.6,-45],[143.4,-45],[143.4,-44.6],[143.7,-44.4],[143.5,-44.1],[143.7,-43.9],[143.7,-43.2],[143.9,-43.3],[144.3,-43.2],[145.1,-44],[145.4,-44.5],[146,-44.8],[146.6,-45.9],[147.3,-46.1],[147.6,-46.1]]]]}},{"type":"Feature","properties":{},"geometry":{"type":"MultiPolygon","coordinates":[[[[132.4,-45.4],[132.3,-45.5],[132.4,-45.6],[132.4,-45.7],[132.4,-45.8],[132.4,-45.9],[132.3,-45.9],[132.3,-46],[132.2,-46],[132.2,-46.1],[132.1,-46.1],[132,-46.1],[131.9,-46.2],[131.8,-46.2],[131.8,-46.3],[131.7,-46.3],[131.7,-46.4],[131.7,-46.5],[131.7,-46.6],[131.6,-46.6],[131.5,-46.6],[131.4,-46.6],[131.3,-46.6],[131.2,-46.6],[131.1,-46.7],[131.1,-46.8],[131,-46.9],[131,-47],[131,-47.1],[131.1,-47.1],[131.1,-47.2],[131,-47.3],[131,-47.4],[131,-47.5],[130.9,-47.6],[131,-47.7],[131.1,-47.7],[131.1,-47.8],[131.2,-47.8],[131.3,-47.8],[131.3,-47.9],[131.4,-47.9],[131.4,-48],[131.5,-48.1],[131.5,-48.2],[131.5,-48.3],[131.5,-48.4],[131.4,-48.4],[131.4,-48.5],[131.5,-48.5],[131.6,-48.6],[131.7,-48.6],[131.7,-48.7],[131.7,-48.8],[131.8,-48.8],[131.8,-48.9],[132.5,-49.1],[132.3,-50.3],[132.2,-50.7],[132.3,-50.7],[132.3,-50.8],[132.4,-50.8],[132.4,-50.9],[132.5,-50.9],[132.5,-51],[132.6,-51],[132.7,-51],[132.8,-51],[132.9,-51],[133,-51],[133,-51.1],[133.1,-51.1],[133.4,-51.4],[133.5,-51.4],[133.5,-51.5],[133.6,-51.6],[133.7,-51.7],[133.7,-51.8],[133.8,-51.8],[133.8,-51.9],[133.9,-52],[133.9,-52.1],[134,-52.1],[133.9,-52.1],[133.8,-52.1],[133.7,-52.2],[133.8,-52.3],[133.9,-52.4],[134,-52.5],[134.1,-52.5],[134.1,-52.6],[134.2,-52.7],[134.3,-52.7],[134.4,-52.7],[134.4,-52.8],[134.5,-52.8],[134.6,-52.8],[134.7,-52.8],[134.8,-52.8],[134.9,-52.8],[135.1,-52.8],[135.2,-52.8],[135.3,-52.8],[135.4,-52.8],[135.5,-52.8],[135.6,-52.8],[135.7,-52.7],[135.8,-52.7],[135.8,-52.6],[135.9,-52.6],[135.9,-52.5],[135.8,-52.5],[135.8,-52.4],[135.7,-52.4],[135.7,-52.3],[135.6,-52.3],[135.7,-52.2],[135.8,-52.3],[135.9,-52.3],[136,-52.2],[136.2,-52.2],[136.2,-52.1],[136.3,-52.1],[136.4,-52.1],[136.4,-52],[136.5,-52],[136.5,-51.9],[136.5,-51.8],[136.6,-51.7],[136.6,-51.6],[136.7,-51.6],[136.8,-51.6],[136.8,-51.5],[136.8,-51.4],[136.9,-51.4],[137,-51.4],[137.1,-51.3],[137.2,-51.3],[137.3,-51.2],[137.5,-51.2],[137.6,-51.1],[137.7,-51.1],[137.8,-51.1],[138,-51],[138.1,-51],[138.2,-51],[138.4,-51.1],[138.6,-51],[138.8,-51],[138.9,-51],[139,-51],[139.2,-50.9],[139.3,-50.9],[139.4,-50.9],[139.5,-50.8],[139.6,-50.8],[139.8,-50.8],[139.9,-50.8],[139.9,-50.7],[140,-50.7],[140.1,-50.7],[140.2,-50.7],[140.3,-50.6],[140.4,-50.6],[140.5,-50.6],[140.6,-50.6],[140.7,-50.5],[140.8,-50.5],[140.9,-50.5],[141,-50.5],[141.1,-50.5],[141.2,-50.5],[141.3,-50.4],[141.4,-50.4],[141.5,-50.4],[141.6,-50.4],[141.7,-50.4],[141.8,-50.4],[141.9,-50.4],[142,-50.4],[142.1,-50.4],[142.2,-50.4],[142.3,-50.4],[142.4,-50.4],[142.6,-50.3],[142.8,-50.4],[142.9,-50.3],[143,-50.3],[143.6,-50.1],[143.7,-50],[143.8,-50],[143.9,-50],[143.9,-50.1],[143.5,-50.5],[143.4,-50.6],[143.3,-50.7],[143.3,-50.8],[143.2,-50.8],[143.2,-50.9],[143.1,-50.9],[143.1,-51],[143,-51.1],[143,-51.2],[142.9,-51.2],[142.9,-51.3],[142.8,-51.4],[142.7,-51.5],[142.6,-51.5],[142.5,-51.5],[142.4,-51.6],[142.3,-51.7],[142.3,-51.8],[142.2,-51.9],[142.1,-52],[142.1,-52.1],[142.1,-52.2],[142.1,-52.3],[142.1,-52.4],[142.2,-52.4],[142.2,-52.5],[142.3,-52.5],[142.3,-52.6],[142.4,-52.6],[142.3,-52.6],[142.2,-52.6],[142.1,-52.7],[142.2,-52.7],[142.2,-52.8],[142.3,-52.8],[142.4,-52.9],[142.5,-52.9],[142.5,-53],[142.4,-53],[142.3,-53],[142.2,-53],[142.2,-53.1],[142.3,-53.1],[142.4,-53.2],[142.5,-53.2],[142.5,-53.3],[142.6,-53.3],[142.6,-53.4],[142.6,-53.5],[142.7,-53.6],[142.7,-53.7],[142.7,-53.8],[142.8,-53.8],[142.9,-53.8],[142.9,-53.7],[143,-53.8],[143.1,-53.8],[143.1,-53.9],[143.1,-54],[143.1,-54.1],[143.2,-54.2],[143.3,-54.2],[143.3,-54.3],[143.3,-54.4],[143.2,-54.4],[143.2,-54.5],[143.2,-54.6],[143.1,-54.6],[143.1,-54.7],[143.1,-54.8],[143.1,-54.9],[143.1,-55],[143.2,-55],[143.3,-55.1],[143.3,-55.2],[143.4,-55.2],[143.4,-55.3],[143.5,-55.4],[143.6,-55.4],[143.7,-55.5],[143.7,-55.6],[143.8,-55.6],[143.9,-55.7],[144,-55.7],[144,-55.8],[144.1,-55.8],[144.2,-55.9],[144.3,-55.9],[144.4,-56],[144.4,-56.1],[144.5,-56.1],[144.6,-56.2],[144.6,-56.3],[144.7,-56.3],[144.7,-56.4],[144.8,-56.4],[144.8,-56.5],[144.9,-56.5],[145,-56.6],[145.1,-56.6],[145.2,-56.6],[145.3,-56.7],[145.4,-56.7],[145.5,-56.8],[145.5,-56.9],[145.5,-57],[145.6,-57],[145.6,-57.1],[145.7,-57.1],[145.8,-57.1],[145.9,-57.1],[145.9,-57.2],[145.5,-57.4],[145.4,-57.5],[145.3,-57.5],[145.2,-57.5],[145.1,-57.5],[145.1,-57.6],[145,-57.6],[144.9,-57.6],[144.8,-57.6],[144.7,-57.6],[144.6,-57.6],[144.5,-57.6],[144.4,-57.6],[144.3,-57.7],[144.2,-57.7],[144.1,-57.7],[144,-57.7],[143.9,-57.7],[143.8,-57.7],[143.7,-57.8],[143.6,-57.8],[143.5,-57.8],[143.4,-57.8],[143.3,-57.8],[143.2,-57.8],[143.1,-57.8],[143.1,-57.7],[143,-57.7],[142.9,-57.7],[142.8,-57.7],[142.7,-57.7],[142.6,-57.7],[142.5,-57.7],[142.5,-57.6],[142.4,-57.6],[142.3,-57.6],[142.2,-57.6],[142.1,-57.6],[142,-57.6],[141.9,-57.6],[141.8,-57.6],[141.7,-57.5],[141.6,-57.5],[141.5,-57.5],[141.4,-57.5],[141.3,-57.5],[141.2,-57.4],[141.1,-57.4],[140.9,-57.3],[140.8,-57.3],[140.7,-57.3],[140.6,-57.3],[140.5,-57.3],[140.4,-57.3],[140.3,-57.3],[140.2,-57.3],[140.2,-57.2],[140.1,-57.2],[140,-57.2],[139.9,-57.2],[139.8,-57.2],[139.7,-57.2],[139.7,-57.1],[139.6,-57.1],[139.5,-57.1],[139.5,-57.2],[139.6,-57.2],[139.6,-57.3],[139.6,-57.4],[139.7,-57.4],[139.7,-57.5],[139.7,-57.6],[139.7,-57.7],[139.7,-57.8],[139.7,-57.9],[139.8,-57.9],[139.8,-58],[139.8,-58.1],[139.8,-58.2],[139.9,-58.2],[139.9,-58.3],[139.8,-58.4],[139.7,-58.4],[139.7,-58.5],[139.6,-58.5],[139.5,-58.5],[139.4,-58.5],[139.3,-58.5],[139.3,-58.6],[139.2,-58.6],[139.1,-58.6],[139,-58.6],[138.9,-58.6],[138.8,-58.6],[138.7,-58.5],[138.6,-58.5],[138.5,-58.5],[138.4,-58.4],[138.3,-58.4],[138.2,-58.3],[138.1,-58.3],[138,-58.2],[137.8,-58.2],[137.8,-58.1],[137.7,-58.1],[137.6,-58],[137.5,-58],[137.4,-57.9],[137.3,-57.8],[137.2,-57.8],[137.1,-57.8],[137.1,-57.9],[137,-57.9],[136.9,-57.9],[136.8,-57.9],[136.8,-58],[136.7,-58],[136.6,-58.1],[136.6,-58.2],[136.5,-58.2],[136.4,-58.2],[136.4,-58.3],[136.3,-58.3],[136.2,-58.3],[136.2,-58.4],[136.1,-58.4],[136,-58.4],[136,-58.5],[135.9,-58.5],[135.8,-58.6],[135.7,-58.7],[135.6,-58.8],[135.5,-58.9],[135.4,-58.9],[135.3,-59],[135.2,-59],[135.2,-59.1],[135.1,-59.1],[135,-59.1],[134.9,-59.1],[134.8,-59.2],[134.7,-59.2],[134.6,-59.2],[134.5,-59.2],[134.4,-59.2],[134.2,-59.3],[134.1,-59.3],[133.9,-59.3],[133.8,-59.3],[133.7,-59.3],[133.6,-59.3],[133.5,-59.3],[133.4,-59.3],[133.3,-59.3],[133.2,-59.3],[133,-59.3],[132.9,-59.3],[132.8,-59.3],[132.7,-59.3],[132.6,-59.3],[132.4,-59.3],[132.3,-59.3],[132.2,-59.3],[132.1,-59.3],[132,-59.3],[131.9,-59.3],[131.8,-59.3],[131.7,-59.4],[131.6,-59.4],[131.5,-59.4],[131.4,-59.4],[131.3,-59.4],[131.2,-59.4],[131.1,-59.4],[131,-59.4],[130.9,-59.4],[130.8,-59.5],[130.7,-59.5],[130.6,-59.5],[130.5,-59.5],[130.4,-59.5],[130.3,-59.5],[130.2,-59.5],[130.1,-59.5],[130,-59.5],[129.9,-59.4],[129.8,-59.4],[129.7,-59.4],[129.6,-59.4],[129.5,-59.4],[129.3,-59.4],[129.2,-59.4],[129.1,-59.3],[129,-59.3],[128.9,-59.3],[128.8,-59.2],[128.7,-59.2],[128.6,-59.2],[128.5,-59.2],[128.4,-59.1],[128.3,-59.1],[128.2,-59.1],[128.1,-59],[128,-59],[127.9,-59],[127.8,-59],[127.7,-58.9],[127.6,-58.8],[127.5,-58.8],[127.4,-58.8],[127.3,-58.8],[127.2,-58.7],[127.1,-58.7],[127,-58.7],[126.9,-58.7],[126.8,-58.8],[126.5,-58.8],[126.5,-58.9],[126.4,-58.9],[126.3,-58.9],[126.2,-58.9],[126.1,-58.9],[126,-58.9],[125.9,-58.9],[125.8,-59],[125.7,-59],[125.6,-59],[125.5,-59],[125.4,-59],[125.3,-58.9],[125.2,-58.9],[125.1,-58.9],[125.1,-58.8],[125,-58.8],[124.9,-58.9],[124.8,-58.9],[124.7,-58.9],[124.6,-58.9],[124.5,-58.9],[124.4,-58.9],[124.3,-58.9],[124.2,-58.9],[124.1,-58.9],[124,-58.9],[123.9,-58.9],[123.8,-58.9],[123.7,-58.8],[123.6,-58.8],[123.5,-58.8],[123.4,-58.7],[123.3,-58.7],[123.3,-58.6],[123.2,-58.6],[123.2,-58.5],[123.2,-58.4],[123.2,-58.3],[123.2,-58.2],[123.1,-58.2],[123.1,-58.1],[123,-58.1],[122.9,-58.1],[122.8,-58.1],[122.7,-58.1],[122.5,-58.2],[122.4,-58.2],[122.3,-58.2],[122.2,-58.1],[122.2,-58],[122.2,-57.9],[122.2,-57.8],[122.2,-57.7],[122.2,-57.6],[122.2,-57.5],[122.2,-57.4],[122.1,-57.4],[122,-57.5],[121.9,-57.5],[121.8,-57.5],[121.8,-57.6],[121.7,-57.6],[121.6,-57.6],[121.5,-57.6],[121.5,-57.7],[121.3,-57.7],[121.3,-57.6],[121.4,-57.6],[121.4,-57.5],[121.3,-57.5],[121.3,-57.4],[121.3,-57.3],[121.2,-57.3],[121.2,-57.2],[121.1,-57.1],[121,-57],[120.9,-57],[120.8,-57],[120.8,-56.9],[120.7,-56.9],[120.6,-56.9],[120.5,-56.9],[120.4,-56.9],[120.3,-56.9],[120.2,-56.9],[120.1,-56.8],[120,-56.8],[119.9,-56.8],[119.8,-56.8],[119.7,-56.8],[119.7,-56.7],[119.6,-56.7],[119.5,-56.7],[119.3,-56.7],[119.2,-56.7],[119.1,-56.7],[119,-56.7],[118.9,-56.7],[118.8,-56.7],[118.7,-56.7],[118.6,-56.7],[118.5,-56.7],[118.4,-56.7],[118.3,-56.7],[118.2,-56.7],[118.1,-56.6],[118,-56.6],[117.9,-56.6],[117.8,-56.6],[117.8,-56.5],[117.7,-56.5],[117.6,-56.5],[117.5,-56.5],[117.5,-56.4],[117.4,-56.4],[117.3,-56.4],[117.2,-56.4],[117.1,-56.3],[117,-56.3],[116.9,-56.3],[116.8,-56.3],[116.8,-56.2],[116.7,-56.2],[116.7,-56.1],[116.7,-56],[116.6,-55.9],[116.5,-55.8],[116.4,-55.7],[116.3,-55.7],[116.3,-55.6],[116.2,-55.6],[116.2,-55.5],[116.1,-55.5],[116,-55.4],[115.9,-55.3],[115.9,-55.2],[115.8,-55.2],[115.8,-55.1],[115.7,-55.1],[115.7,-55],[115.6,-54.9],[115.6,-54.8],[115.5,-54.8],[115.5,-54.7],[115.5,-54.6],[115.5,-54.5],[115.4,-54.5],[115.4,-54.4],[115.4,-54.3],[115.3,-54.3],[115.3,-54.2],[115.2,-54.1],[115.2,-54],[115.1,-54],[115.1,-53.9],[115.1,-53.8],[115.2,-53.7],[115.3,-53.7],[115.3,-53.6],[115.4,-53.6],[115.4,-53.5],[115.3,-53.5],[115.3,-53.4],[115.2,-53.4],[115.2,-53.3],[115.1,-53.3],[115,-53.2],[114.9,-53.1],[114.8,-53.1],[114.7,-53],[114.6,-53],[114.7,-52.8],[115,-52.4],[115.6,-52],[115.9,-51.2],[116.1,-50.9],[116.7,-50.8],[117.1,-50.5],[117.2,-50.7],[117.8,-51.6],[117.8,-51.1],[118.3,-51.1],[118.4,-50.9],[117.9,-50.6],[118,-50.6],[118.1,-50.4],[117.8,-50.2],[118.1,-50.2],[118.1,-50.3],[118.5,-50.5],[118.7,-50.4],[119,-50.5],[119.1,-50.4],[120,-50.5],[119.2,-50.2],[119.5,-50.2],[119.5,-49.9],[119.1,-49.8],[119.2,-49.6],[119.6,-49.4],[119.8,-49.4],[120.1,-49.6],[120.1,-49.4],[120.1,-49.2],[120.4,-49.2],[120.7,-49.1],[120.5,-49],[120.4,-48.7],[120.7,-48.7],[121.1,-48.4],[121.1,-48.6],[121.4,-48.6],[121.6,-48.4],[121.5,-48.2],[121.5,-48],[121.7,-48.1],[121.8,-48.3],[122.3,-48],[122.4,-48.2],[122.8,-48.1],[122.8,-47.8],[123.2,-48.1],[123.6,-48],[124.4,-48.6],[124.6,-48.9],[124.5,-49.4],[124.6,-49.3],[124.7,-49.1],[125.1,-49.1],[125.2,-49.1],[125.5,-48.8],[126.1,-48.9],[126.2,-49.2],[126.3,-49.1],[126.3,-48.9],[126.8,-49.2],[126.9,-48.8],[127.2,-48.8],[127.1,-48.7],[126.9,-48.7],[126.9,-48.6],[126.6,-48.5],[126.6,-48.2],[126.8,-48],[127,-47.8],[127.3,-47.5],[127.4,-47.1],[127.8,-46.7],[128.1,-46.7],[128,-46.4],[128.3,-46.6],[128.6,-46.6],[128.4,-46.3],[128.9,-45.9],[130.1,-46.1],[130.6,-46.1],[130.8,-45.9],[130.9,-45.4],[130.7,-45.4],[130.6,-45.2],[129.8,-45.3],[129.6,-45.1],[130,-45.1],[130,-45],[130.4,-45.1],[131.1,-45.2],[131.8,-45.4],[132,-45.5],[132.4,-45.4]]]]}},{"type":"Feature","properties":{},"geometry":{"type":"MultiPolygon","coordinates":[[[[135.3,-45.4],[135.1,-45.6],[135.2,-45.5],[135.3,-45.4]]]]}},{"type":"Feature","properties":{},"geometry":{"type":"MultiPolygon","coordinates":[[[[134.9,-45.6],[134.7,-45.7],[134.6,-45.6],[134.9,-45.6]]]]}},{"type":"Feature","properties":{},"geometry":{"type":"MultiPolygon","coordinates":[[[[136.6,-45.6],[136.5,-45.5],[136.6,-45.5],[136.6,-45.6]]]]}},{"type":"Feature","properties":{},"geometry":{"type":"MultiPolygon","coordinates":[[[[136.5,-46.1],[136.3,-46.1],[136.4,-46.1],[136.5,-46.1]]]]}},{"type":"Feature","properties":{},"geometry":{"type":"MultiPolygon","coordinates":[[[[136.3,-46.5],[136.1,-46.4],[136.2,-46.4],[136.3,-46.5]]]]}},{"type":"Feature","properties":{},"geometry":{"type":"MultiPolygon","coordinates":[[[[136.2,-46.5],[136,-46.5],[136.1,-46.5],[136.2,-46.5]]]]}},{"type":"Feature","properties":{},"geometry":{"type":"MultiPolygon","coordinates":[[[[135.4,-48.1],[135.4,-48],[135.4,-47.9],[135.4,-48.1]]]]}},{"type":"Feature","properties":{},"geometry":{"type":"MultiPolygon","coordinates":[[[[141.4,-50.1],[141.3,-50],[141.2,-49.9],[141.4,-50.1]]]]}},{"type":"Feature","properties":{},"geometry":{"type":"MultiPolygon","coordinates":[[[[127.9,-45.2],[128,-45.3],[128.3,-45.2],[128.5,-45.2],[128.7,-45.2],[129.2,-45.3],[128.9,-45.6],[127.9,-45.2]]]]}},{"type":"Feature","properties":{},"geometry":{"type":"MultiPolygon","coordinates":[[[[136.9,-47.1],[137,-47.2],[137.2,-47.5],[136.6,-47.5],[136.5,-47.3],[136.9,-46.9],[136.9,-47.1]]]]}},{"type":"Feature","properties":{},"geometry":{"type":"MultiPolygon","coordinates":[[[[127.6,-45.4],[127.7,-45.5],[128,-45.8],[127.2,-45.7],[127.4,-45.6],[127.4,-45.5],[127.6,-45.4]]]]}},{"type":"Feature","properties":{},"geometry":{"type":"MultiPolygon","coordinates":[[[[141.6,-49.1],[141.5,-49.4],[141.1,-49.5],[141.6,-49.1]]]]}},{"type":"Feature","properties":{},"geometry":{"type":"MultiPolygon","coordinates":[[[[139.1,-58.6],[139,-58.7],[139,-58.8],[138.8,-58.9],[138.8,-59],[138.8,-59.1],[138.7,-59.1],[138.7,-59.2],[138.6,-59.3],[138.5,-59.4],[138.4,-59.4],[138.1,-59.6],[137.1,-60],[136.1,-60.2],[135.4,-60.3],[134.8,-60.3],[134.5,-60.5],[135.5,-60.4],[135.8,-60.4],[134.8,-60.6],[133.7,-61],[132.5,-61.1],[132,-61.3],[130.9,-61.4],[130.1,-61.6],[129.5,-61.5],[128.7,-61.4],[128.1,-61.3],[127.7,-61.3],[126.9,-61],[126.8,-60.9],[126.7,-60.9],[126.6,-60.8],[126.5,-60.8],[126.4,-60.8],[126.3,-60.8],[126.2,-60.8],[126.1,-60.8],[126,-60.8],[125.9,-60.8],[125.8,-60.8],[125.7,-60.8],[125.7,-60.7],[125.6,-60.7],[125.6,-60.6],[125.5,-60.6],[125.4,-60.6],[125.3,-60.6],[125.3,-60.5],[125.2,-60.5],[125.1,-60.5],[125,-60.5],[124.9,-60.5],[124.8,-60.5],[124.7,-60.6],[124.6,-60.6],[124.5,-60.6],[124.4,-60.6],[124.3,-60.6],[124.2,-60.6],[124.1,-60.6],[124,-60.6],[123.9,-60.6],[123.8,-60.6],[123.7,-60.5],[123.6,-60.5],[123.5,-60.5],[123.4,-60.5],[123.3,-60.5],[123.2,-60.5],[123.1,-60.5],[123,-60.5],[123,-60.4],[122.9,-60.4],[122.8,-60.4],[122.7,-60.4],[122.6,-60.3],[122.5,-60.3],[122.4,-60.3],[122.4,-60.2],[122.3,-60.2],[122.2,-60.2],[122.1,-60.2],[122,-60.1],[121.9,-60.1],[121.8,-60.1],[121.8,-60],[121.7,-60],[121.6,-59.9],[121.6,-59.8],[121.5,-59.8],[121,-59.3],[120.9,-59.1],[120.8,-59],[120.7,-59],[120.7,-58.9],[120.6,-58.9],[120.5,-58.9],[120.4,-58.8],[120.3,-58.8],[120.2,-58.8],[120.2,-58.7],[120.1,-58.7],[120,-58.6],[119.9,-58.6],[119.9,-58.5],[119.8,-58.5],[119.8,-58.4],[119.7,-58.4],[119.7,-58.3],[119.6,-58.3],[119.6,-58.2],[119.5,-58.2],[119.5,-58.1],[119.4,-58],[119.4,-57.9],[119.3,-57.9],[119.3,-57.8],[119.2,-57.7],[119.2,-57.6],[119.1,-57.6],[119.1,-57.5],[119,-57.5],[119,-57.4],[118.9,-57.4],[118.8,-57.4],[118.7,-57.4],[118.6,-57.4],[118.5,-57.4],[118.4,-57.4],[118.3,-57.4],[118.2,-57.4],[118.1,-57.3],[118,-57.3],[117.9,-57.3],[117.8,-57.3],[117.7,-57.3],[117.6,-57.3],[117.5,-57.3],[117.5,-57.2],[117.4,-57.2],[117.4,-57.3],[117.3,-57.3],[117.2,-57.3],[117.1,-57.3],[117,-57.3],[116.9,-57.2],[116.8,-57.2],[116.7,-57.2],[116.6,-57.2],[116.5,-57.1],[116.4,-57.1],[116.3,-57.1],[116.2,-57.1],[116.1,-57],[116,-57],[115.9,-57],[115.8,-57],[115.7,-56.9],[115.6,-56.9],[115.5,-56.9],[115.4,-56.8],[115.3,-56.8],[115.2,-56.8],[115.2,-56.7],[115.1,-56.7],[115,-56.7],[115,-56.6],[114.9,-56.6],[114.8,-56.5],[114.7,-56.5],[114.7,-56.4],[114.6,-56.4],[114.6,-56.3],[114.6,-56.2],[114.5,-56.2],[114.5,-56.1],[114.5,-56],[114.4,-55.9],[114.4,-55.8],[114.4,-55.7],[114.3,-55.6],[114.3,-55.5],[114.2,-55.5],[114.2,-55.4],[114.2,-55.3],[114.1,-55.2],[114.1,-55.1],[114.1,-55],[114,-55],[114,-54.9],[114,-54.8],[113.9,-54.8],[113.9,-54.7],[113.9,-54.6],[113.8,-54.5],[113.8,-54.4],[113.8,-54.3],[113.7,-54.2],[113.7,-54.1],[113.6,-54],[113.6,-53.9],[113.5,-53.8],[113.4,-53.8],[113.4,-53.7],[113.3,-53.7],[113.3,-53.6],[113.2,-53.6],[114.6,-52.9],[114.6,-53],[114.7,-53],[114.8,-53.1],[114.9,-53.1],[115,-53.2],[115.1,-53.2],[115.1,-53.3],[115.2,-53.3],[115.2,-53.4],[115.3,-53.4],[115.3,-53.5],[115.4,-53.5],[115.4,-53.6],[115.3,-53.6],[115.3,-53.7],[115.2,-53.7],[115.1,-53.8],[115.1,-53.9],[115.1,-54],[115.2,-54],[115.2,-54.1],[115.3,-54.2],[115.3,-54.3],[115.4,-54.3],[115.4,-54.4],[115.4,-54.5],[115.5,-54.6],[115.5,-54.7],[115.5,-54.8],[115.6,-54.8],[115.6,-54.9],[115.7,-54.9],[115.7,-55],[115.7,-55.1],[115.8,-55.2],[115.9,-55.3],[116,-55.4],[116.1,-55.5],[116.2,-55.5],[116.2,-55.6],[116.3,-55.6],[116.4,-55.7],[116.4,-55.8],[116.5,-55.8],[116.6,-55.9],[116.7,-55.9],[116.7,-56],[116.7,-56.1],[116.7,-56.2],[116.8,-56.2],[116.8,-56.3],[116.9,-56.3],[117,-56.3],[117.1,-56.3],[117.2,-56.4],[117.3,-56.4],[117.4,-56.4],[117.5,-56.4],[117.5,-56.5],[117.6,-56.5],[117.7,-56.5],[117.8,-56.6],[117.9,-56.6],[118,-56.6],[118.1,-56.6],[118.2,-56.7],[118.3,-56.7],[118.4,-56.7],[118.5,-56.7],[118.6,-56.7],[118.7,-56.7],[118.8,-56.7],[118.9,-56.7],[119,-56.7],[119.1,-56.7],[119.2,-56.7],[119.3,-56.7],[119.4,-56.7],[119.5,-56.7],[119.6,-56.7],[119.7,-56.7],[119.7,-56.8],[119.8,-56.8],[119.9,-56.8],[120,-56.8],[120.1,-56.8],[120.2,-56.9],[120.3,-56.9],[120.4,-56.9],[120.5,-56.9],[120.6,-56.9],[120.7,-56.9],[120.8,-56.9],[120.8,-57],[120.9,-57],[121,-57],[121.1,-57.1],[121.1,-57.2],[121.2,-57.2],[121.2,-57.3],[121.3,-57.3],[121.3,-57.4],[121.3,-57.5],[121.4,-57.5],[121.4,-57.6],[121.3,-57.6],[121.3,-57.7],[121.4,-57.7],[121.5,-57.7],[121.5,-57.6],[121.6,-57.6],[121.7,-57.6],[121.8,-57.6],[121.9,-57.5],[122,-57.5],[122.1,-57.4],[122.2,-57.4],[122.2,-57.5],[122.2,-57.6],[122.2,-57.7],[122.2,-57.8],[122.2,-57.9],[122.2,-58],[122.2,-58.1],[122.3,-58.2],[122.4,-58.2],[122.5,-58.2],[122.6,-58.2],[122.7,-58.1],[122.8,-58.1],[122.9,-58.1],[123,-58.1],[123.1,-58.1],[123.2,-58.2],[123.2,-58.3],[123.2,-58.4],[123.2,-58.5],[123.2,-58.6],[123.3,-58.6],[123.3,-58.7],[123.4,-58.7],[123.5,-58.8],[123.6,-58.8],[123.7,-58.8],[123.8,-58.9],[123.9,-58.9],[124,-58.9],[124.1,-58.9],[124.2,-58.9],[124.3,-58.9],[124.4,-58.9],[124.5,-58.9],[124.6,-58.9],[124.7,-58.9],[124.8,-58.9],[124.9,-58.9],[125,-58.9],[125,-58.8],[125.1,-58.8],[125.1,-58.9],[125.2,-58.9],[125.3,-58.9],[125.4,-59],[125.5,-59],[125.6,-59],[125.7,-59],[125.8,-59],[125.8,-58.9],[125.9,-58.9],[126,-58.9],[126.1,-58.9],[126.2,-58.9],[126.3,-58.9],[126.4,-58.9],[126.5,-58.9],[126.5,-58.8],[126.9,-58.8],[126.9,-58.7],[127,-58.7],[127.1,-58.7],[127.2,-58.7],[127.3,-58.8],[127.4,-58.8],[127.5,-58.8],[127.6,-58.9],[127.7,-58.9],[127.8,-58.9],[127.8,-59],[127.9,-59],[128,-59],[128.1,-59],[128.2,-59],[128.2,-59.1],[128.3,-59.1],[128.4,-59.1],[128.6,-59.2],[128.7,-59.2],[128.8,-59.2],[128.9,-59.3],[129.1,-59.3],[129.2,-59.3],[129.3,-59.4],[129.5,-59.4],[129.6,-59.4],[129.7,-59.4],[129.8,-59.4],[129.9,-59.4],[129.9,-59.5],[130,-59.5],[130.1,-59.5],[130.2,-59.5],[130.3,-59.5],[130.4,-59.5],[130.5,-59.5],[130.6,-59.5],[130.7,-59.5],[130.8,-59.5],[130.9,-59.4],[131,-59.4],[131.1,-59.4],[131.2,-59.4],[131.3,-59.4],[131.4,-59.4],[131.5,-59.4],[131.6,-59.4],[131.7,-59.4],[131.8,-59.3],[131.9,-59.3],[132,-59.3],[132.1,-59.3],[132.2,-59.3],[132.3,-59.3],[132.5,-59.3],[132.6,-59.3],[132.7,-59.3],[132.9,-59.3],[133,-59.3],[133.1,-59.3],[133.2,-59.3],[133.3,-59.3],[133.4,-59.3],[133.5,-59.3],[133.6,-59.3],[133.7,-59.3],[133.8,-59.3],[133.9,-59.3],[134.1,-59.3],[134.2,-59.3],[134.4,-59.2],[134.5,-59.2],[134.6,-59.2],[134.7,-59.2],[134.8,-59.2],[134.9,-59.1],[135,-59.1],[135.1,-59.1],[135.2,-59.1],[135.2,-59],[135.3,-59],[135.4,-58.9],[135.5,-58.8],[135.6,-58.8],[135.6,-58.7],[135.7,-58.7],[135.8,-58.6],[135.9,-58.5],[136,-58.5],[136,-58.4],[136.1,-58.4],[136.2,-58.4],[136.2,-58.3],[136.3,-58.3],[136.4,-58.3],[136.4,-58.2],[136.5,-58.2],[136.6,-58.1],[136.7,-58.1],[136.7,-58],[136.8,-58],[136.8,-57.9],[136.9,-57.9],[137,-57.9],[137.1,-57.8],[137.2,-57.8],[137.3,-57.9],[137.4,-57.9],[137.5,-58],[137.6,-58],[137.7,-58.1],[137.8,-58.1],[137.9,-58.2],[138,-58.3],[138.2,-58.3],[138.3,-58.4],[138.4,-58.4],[138.5,-58.5],[138.6,-58.5],[138.7,-58.5],[138.8,-58.6],[138.9,-58.6],[139,-58.6],[139.1,-58.6]]]]}},{"type":"Feature","properties":{},"geometry":{"type":"MultiPolygon","coordinates":[[[[136.1,-60.4],[137.1,-60.6],[138.1,-60.7],[138.8,-60.8],[139.4,-60.9],[140.3,-61],[141,-61.1],[141.9,-61.3],[142,-61.3],[142.1,-61.3],[142.7,-61.5],[142.9,-61.6],[143.3,-61.6],[143.8,-61.7],[143.9,-61.7],[144,-61.8],[144.9,-61.9],[145.1,-61.9],[145.2,-61.9],[145.7,-62],[146.5,-62.1],[147.3,-62.2],[147.9,-62.1],[149.7,-62],[150.6,-62.1],[151.1,-62.2],[151.2,-62.5],[151.5,-62.5],[151.7,-62.5],[151.8,-62.5],[151.8,-62.6],[151.9,-62.6],[151.9,-62.7],[152,-62.7],[152,-62.8],[152.1,-62.8],[152.1,-62.9],[152.2,-62.9],[152.3,-62.9],[152.4,-62.9],[152.5,-62.9],[152.6,-63],[152.7,-63],[152.8,-63],[152.9,-63.1],[153,-63.1],[153,-63.2],[153.1,-63.2],[153.1,-63.3],[153.2,-63.3],[153.3,-63.4],[153.4,-63.5],[153.5,-63.5],[153.4,-63.6],[153.1,-63.7],[152.4,-64.1],[151.9,-64.3],[151.4,-64.5],[150.4,-64.9],[149.8,-65.4],[149.4,-65.5],[149.5,-65.7],[149.8,-66.2],[149.8,-66.6],[149.8,-66.8],[149.9,-67.3],[150.1,-67.7],[150,-67.7],[150.1,-67.8],[148.7,-68.1],[149,-67.2],[147.5,-67.7],[146.5,-68],[146.8,-67.6],[146.5,-67],[146.9,-66.1],[146.2,-65.4],[145.6,-65.9],[144.8,-66.6],[143.8,-67.5],[143.3,-67.9],[143,-68],[141.9,-67.7],[142.6,-67.7],[141.4,-67.1],[140.1,-66.5],[139.4,-66.5],[138.9,-66.3],[138.8,-66.1],[138.3,-65.9],[137.3,-65.6],[137.1,-65.7],[134.9,-65.6],[132.1,-65.3],[126.2,-66],[121.5,-66.4],[117.1,-67.6],[115.2,-67.9],[113.5,-67.9],[112.3,-67.8],[111.8,-67.7],[111.9,-67.7],[112,-67.7],[112,-67.6],[112.1,-67.6],[112.2,-67.6],[112.3,-67.5],[112.4,-67.5],[112.4,-67.4],[112.5,-67.4],[112.6,-67.4],[112.7,-67.4],[112.8,-67.4],[112.9,-67.3],[113,-67.3],[113.1,-67.2],[113.3,-67.2],[113.4,-67.2],[113.5,-67.2],[113.6,-67.2],[113.7,-67.2],[113.8,-67.2],[113.9,-67.1],[114,-67.1],[114.1,-67.1],[114.2,-67.1],[114.1,-67.2],[114,-67.2],[113.9,-67.3],[113.8,-67.3],[113.7,-67.3],[113.6,-67.3],[113.5,-67.4],[113.4,-67.4],[113.3,-67.4],[113.2,-67.4],[113.1,-67.5],[113,-67.5],[113,-67.6],[113.1,-67.6],[113.1,-67.5],[113.2,-67.5],[113.3,-67.5],[113.4,-67.5],[113.5,-67.5],[113.6,-67.4],[113.7,-67.4],[113.8,-67.4],[113.9,-67.4],[114,-67.3],[114.1,-67.3],[114.2,-67.3],[114.3,-67.2],[114.4,-67.2],[114.5,-67.1],[114.6,-67.1],[114.6,-67],[114.7,-67],[114.8,-66.9],[114.9,-66.8],[115,-66.8],[115,-66.7],[115.1,-66.7],[115.1,-66.6],[115.2,-66.6],[115.2,-66.5],[115.3,-66.5],[115.2,-66.4],[115.1,-66.4],[115,-66.4],[114.9,-66.4],[114.8,-66.4],[114.7,-66.4],[114.6,-66.4],[114.5,-66.4],[114.5,-66.3],[114.5,-66.2],[114.6,-66.1],[114.7,-66.1],[114.7,-66],[114.8,-66],[114.9,-66],[115,-65.9],[115.1,-65.9],[115.2,-65.8],[115.3,-65.8],[115.5,-65.7],[115.6,-65.7],[115.7,-65.6],[115.8,-65.6],[115.9,-65.6],[116,-65.5],[116.1,-65.5],[116.2,-65.5],[116.3,-65.4],[116.4,-65.4],[116.5,-65.4],[116.5,-65.3],[116.6,-65.3],[116.7,-65.3],[116.7,-65.2],[116.8,-65.2],[116.9,-65.2],[117,-65.1],[117.1,-65.1],[117.2,-65],[117.3,-64.9],[117.4,-64.8],[117.5,-64.7],[117.6,-64.7],[117.7,-64.7],[117.8,-64.6],[117.8,-64.5],[117.9,-64.5],[117.9,-64.4],[118,-64.4],[118,-64.3],[118.1,-64.2],[118.2,-64.2],[118.2,-64.1],[118.3,-64],[118.4,-63.9],[118.5,-63.9],[118.5,-63.8],[118.6,-63.8],[118.6,-63.7],[118.7,-63.7],[118.7,-63.6],[118.6,-63.6],[118.6,-63.7],[118.5,-63.7],[118.4,-63.7],[118.3,-63.8],[118.2,-63.8],[118.1,-63.8],[118,-63.8],[118,-63.7],[118.1,-63.7],[118.1,-63.6],[118.2,-63.5],[118.3,-63.4],[118.4,-63.3],[118.5,-63.2],[118.6,-63.1],[118.7,-63.1],[118.8,-63],[118.9,-63],[119,-62.9],[119.1,-62.9],[119.1,-62.8],[119.2,-62.8],[119.3,-62.7],[119.4,-62.7],[119.5,-62.6],[119.6,-62.6],[119.7,-62.6],[119.8,-62.6],[119.8,-62.5],[119.9,-62.5],[120,-62.5],[120,-62.4],[120.1,-62.4],[120.1,-62.3],[120.2,-62.3],[120.3,-62.2],[120.4,-62.2],[120.5,-62.2],[120.5,-62.1],[120.6,-62.1],[120.7,-62.1],[120.8,-62],[120.9,-62],[121,-62],[121.1,-62],[121.1,-61.9],[121.2,-61.9],[121.3,-61.9],[121.4,-61.9],[121.5,-61.9],[121.5,-61.8],[121.6,-61.8],[121.7,-61.8],[121.8,-61.8],[121.9,-61.7],[122,-61.7],[122,-61.6],[122.2,-61.6],[122.3,-61.5],[122.4,-61.5],[122.9,-61.6],[123.5,-61.7],[124.3,-61.4],[125.2,-60.5],[125.3,-60.5],[125.4,-60.6],[125.5,-60.6],[125.6,-60.6],[125.6,-60.7],[125.7,-60.7],[125.7,-60.8],[125.8,-60.8],[125.9,-60.8],[126,-60.8],[126.1,-60.8],[126.2,-60.8],[126.3,-60.8],[126.4,-60.8],[126.5,-60.8],[126.6,-60.8],[126.7,-60.9],[126.8,-60.9],[126.9,-61],[127,-61],[127.9,-61.3],[128.2,-61.3],[128.9,-61.4],[129.5,-61.5],[130.2,-61.6],[131.3,-61.4],[132.1,-61.2],[132.6,-61],[133.9,-60.9],[134.8,-60.6],[136.1,-60.4]]]]}},{"type":"Feature","properties":{},"geometry":{"type":"MultiPolygon","coordinates":[[[[99.1,-67.6],[99.2,-67.5],[99.2,-67.4],[99.4,-67.4],[99.4,-67.3],[99.6,-67.3],[99.8,-67.3],[99.9,-67.3],[100,-67.3],[100.1,-67.3],[100.2,-67.3],[100.3,-67.3],[100.4,-67.4],[100.5,-67.4],[100.6,-67.4],[100.7,-67.4],[100.8,-67.4],[100.9,-67.4],[101,-67.5],[101.1,-67.5],[101.2,-67.5],[101.3,-67.5],[101.4,-67.5],[101.5,-67.6],[101.6,-67.6],[101.8,-67.6],[101.9,-67.6],[102,-67.6],[102.1,-67.6],[102.2,-67.7],[102.3,-67.7],[102.4,-67.7],[102.5,-67.7],[102.7,-67.7],[102.8,-67.7],[102.9,-67.8],[103,-67.8],[103.1,-67.8],[103.2,-67.8],[103.3,-67.8],[103.4,-67.8],[103.5,-67.9],[103.6,-67.9],[103.7,-67.9],[103.8,-67.9],[103.9,-67.9],[104,-67.9],[104.1,-67.9],[104.3,-67.9],[104.4,-67.9],[104.5,-67.9],[104.7,-67.9],[104.8,-67.9],[104.9,-67.9],[105,-67.9],[105.1,-67.9],[105.2,-67.9],[105.3,-67.9],[105.5,-67.9],[105.6,-67.9],[105.8,-67.9],[105.9,-67.9],[106,-67.9],[106.1,-67.9],[106.2,-67.9],[106.4,-67.9],[106.5,-67.9],[106.6,-67.9],[106.7,-67.9],[106.8,-67.9],[106.9,-67.9],[107,-67.9],[107.1,-67.9],[107,-67.9],[106.6,-68.1],[105.4,-68.1],[103.9,-68.4],[103.4,-68.3],[102.8,-68.4],[100.8,-68.2],[100.2,-68],[99.1,-67.6]]]]}},{"type":"Feature","properties":{},"geometry":{"type":"MultiPolygon","coordinates":[[[[148.2,-68.3],[148.9,-68.4],[147.2,-68.6],[145.7,-68.7],[148.2,-68.3]]]]}},{"type":"Feature","properties":{},"geometry":{"type":"MultiPolygon","coordinates":[[[[99.2,-67.4],[99.2,-67.5],[99.1,-67.6],[97.8,-67.2],[98.8,-66.6],[100.3,-65.3],[100.9,-65.1],[100.1,-63],[100.2,-61.6],[99.8,-60.6],[99.1,-58.7],[99.3,-59.2],[99.5,-59.5],[99.6,-58.4],[100,-58.7],[100.1,-59.1],[100.8,-58.9],[100.2,-57.9],[100.3,-56.7],[101.1,-55.5],[101.9,-55.3],[102.2,-55.5],[102.5,-55.3],[102.9,-55.1],[104.2,-54.8],[104.1,-54.9],[104,-54.9],[103.9,-54.9],[103.9,-55],[103.8,-55],[103.7,-55],[103.6,-55.1],[103.5,-55.1],[103.3,-55.2],[103.2,-55.2],[103.2,-55.3],[103.1,-55.3],[103,-55.3],[102.9,-55.4],[102.9,-55.5],[102.8,-55.6],[102.8,-55.7],[102.8,-55.8],[102.7,-55.9],[102.6,-56],[102.6,-56.2],[102.5,-56.2],[102.5,-56.4],[102.4,-56.5],[102.4,-56.6],[102.4,-56.7],[102.3,-56.9],[102.3,-57],[102.2,-57.1],[102.1,-57.2],[102.1,-57.3],[102.1,-57.4],[102.1,-57.5],[102.1,-57.6],[102.1,-57.7],[102.1,-57.8],[102.1,-57.9],[102.2,-58],[102.2,-58.1],[102.2,-58.2],[102.2,-58.3],[102.2,-58.4],[102.3,-58.4],[102.4,-58.6],[102.4,-58.7],[102.5,-58.8],[102.6,-58.9],[102.6,-59],[102.6,-59.1],[102.6,-59.2],[102.6,-59.3],[102.5,-59.4],[102.5,-59.5],[102.5,-59.6],[102.4,-59.7],[102.4,-59.8],[102.3,-59.9],[102.3,-60],[102.3,-60.1],[102.2,-60.1],[102.2,-60.2],[102.2,-60.3],[102.1,-60.4],[102.1,-60.5],[102.1,-60.6],[102,-60.6],[102,-60.7],[102,-60.8],[102,-60.9],[102,-61],[101.9,-61],[101.9,-61.1],[101.9,-61.2],[101.9,-61.3],[101.9,-61.4],[101.8,-61.5],[101.8,-61.6],[101.8,-61.7],[101.8,-61.8],[101.8,-61.9],[101.8,-62],[101.8,-62.1],[101.8,-62.2],[101.8,-62.3],[101.9,-62.3],[101.9,-62.4],[101.9,-62.5],[102,-62.6],[101.9,-62.8],[101.9,-62.9],[101.9,-63],[101.9,-63.1],[101.9,-63.2],[101.9,-63.3],[101.8,-63.4],[101.8,-63.5],[101.8,-63.6],[101.7,-63.7],[101.7,-63.8],[101.7,-63.9],[101.7,-64],[101.6,-64],[101.6,-64.1],[101.6,-64.2],[101.6,-64.3],[101.5,-64.4],[101.5,-64.5],[101.4,-64.6],[101.4,-64.7],[101.3,-64.8],[101.3,-64.9],[101.2,-65],[101.1,-65.1],[101,-65.2],[100.9,-65.3],[100.9,-65.4],[100.8,-65.5],[100.7,-65.5],[100.7,-65.6],[100.6,-65.7],[100.5,-65.8],[100.4,-65.9],[100.3,-66],[100.2,-66.1],[100.1,-66.2],[100,-66.3],[99.9,-66.4],[99.8,-66.5],[99.8,-66.6],[99.7,-66.7],[99.6,-66.8],[99.5,-66.9],[99.5,-67],[99.4,-67.1],[99.3,-67.2],[99.3,-67.3],[99.2,-67.4]]]]}},{"type":"Feature","properties":{},"geometry":{"type":"MultiPolygon","coordinates":[[[[125.2,-60.5],[124.3,-61.4],[123.5,-61.7],[122.9,-61.6],[122.4,-61.5],[122.3,-61.5],[122.2,-61.6],[122,-61.6],[122,-61.7],[121.9,-61.7],[121.8,-61.8],[121.7,-61.8],[121.6,-61.8],[121.5,-61.8],[121.5,-61.9],[121.4,-61.9],[121.3,-61.9],[121.2,-61.9],[121.1,-61.9],[121.1,-62],[121,-62],[120.9,-62],[120.8,-62],[120.7,-62.1],[120.6,-62.1],[120.5,-62.1],[120.5,-62.2],[120.4,-62.2],[120.3,-62.2],[120.2,-62.3],[120.1,-62.3],[120.1,-62.4],[120,-62.4],[120,-62.5],[119.9,-62.5],[119.8,-62.5],[119.8,-62.6],[119.7,-62.6],[119.6,-62.6],[119.5,-62.6],[119.4,-62.7],[119.3,-62.7],[119.2,-62.8],[119.1,-62.8],[119.1,-62.9],[119,-62.9],[118.9,-63],[118.8,-63],[118.7,-63.1],[118.6,-63.1],[118.5,-63.2],[118.4,-63.3],[118.3,-63.4],[118.2,-63.5],[118.1,-63.6],[118.1,-63.7],[118,-63.7],[118,-63.8],[118.1,-63.8],[118.2,-63.8],[118.3,-63.8],[118.4,-63.7],[118.5,-63.7],[118.6,-63.7],[118.6,-63.6],[118.7,-63.6],[118.7,-63.7],[118.6,-63.7],[118.6,-63.8],[118.5,-63.8],[118.5,-63.9],[118.4,-63.9],[118.3,-64],[118.2,-64.1],[118.2,-64.2],[118.1,-64.2],[118,-64.3],[118,-64.4],[117.9,-64.4],[117.9,-64.5],[117.8,-64.5],[117.8,-64.6],[117.7,-64.7],[117.6,-64.7],[117.5,-64.7],[117.4,-64.8],[117.3,-64.9],[117.2,-65],[117.1,-65.1],[117,-65.1],[116.9,-65.2],[116.8,-65.2],[116.7,-65.2],[116.7,-65.3],[116.6,-65.3],[116.5,-65.3],[116.5,-65.4],[116.4,-65.4],[116.3,-65.4],[116.2,-65.5],[116.1,-65.5],[116,-65.5],[115.9,-65.6],[115.8,-65.6],[115.7,-65.6],[115.6,-65.7],[115.5,-65.7],[115.3,-65.8],[115.2,-65.8],[115.1,-65.9],[115,-65.9],[114.9,-66],[114.8,-66],[114.7,-66],[114.7,-66.1],[114.6,-66.1],[114.5,-66.2],[114.5,-66.3],[114.5,-66.4],[114.6,-66.4],[114.7,-66.4],[114.8,-66.4],[114.9,-66.4],[115,-66.4],[115.1,-66.4],[115.2,-66.4],[115.3,-66.5],[115.2,-66.5],[115.2,-66.6],[115.1,-66.6],[115.1,-66.7],[115,-66.7],[115,-66.8],[114.9,-66.8],[114.8,-66.9],[114.7,-67],[114.6,-67],[114.6,-67.1],[114.5,-67.1],[114.4,-67.2],[114.3,-67.2],[114.2,-67.3],[114.1,-67.3],[114,-67.3],[113.9,-67.4],[113.8,-67.4],[113.7,-67.4],[113.6,-67.4],[113.5,-67.5],[113.4,-67.5],[113.3,-67.5],[113.2,-67.5],[113.1,-67.5],[113.1,-67.6],[113,-67.6],[113,-67.5],[113.1,-67.5],[113.2,-67.4],[113.3,-67.4],[113.4,-67.4],[113.5,-67.4],[113.6,-67.3],[113.7,-67.3],[113.8,-67.3],[113.9,-67.3],[114,-67.2],[114.1,-67.2],[114.2,-67.1],[114.1,-67.1],[114,-67.1],[113.9,-67.1],[113.8,-67.2],[113.7,-67.2],[113.6,-67.2],[113.5,-67.2],[113.4,-67.2],[113.3,-67.2],[113.1,-67.2],[113,-67.3],[112.9,-67.3],[112.8,-67.4],[112.7,-67.4],[112.6,-67.4],[112.5,-67.4],[112.4,-67.4],[112.4,-67.5],[112.3,-67.5],[112.2,-67.6],[112.1,-67.6],[112,-67.6],[112,-67.7],[111.9,-67.7],[111.8,-67.7],[111.4,-67.7],[107.3,-67.9],[107,-67.9],[106.9,-67.9],[106.8,-67.9],[106.7,-67.9],[106.6,-67.9],[106.5,-67.9],[106.4,-67.9],[106.3,-67.9],[106.2,-67.9],[106.1,-67.9],[106,-67.9],[105.9,-67.9],[105.8,-67.9],[105.6,-67.9],[105.5,-67.9],[105.3,-67.9],[105.1,-67.9],[105,-67.9],[104.9,-67.9],[104.8,-67.9],[104.6,-67.9],[104.5,-67.9],[104.4,-67.9],[104.2,-67.9],[104.1,-67.9],[104,-67.9],[103.9,-67.9],[103.8,-67.9],[103.7,-67.9],[103.6,-67.9],[103.5,-67.9],[103.4,-67.8],[103.3,-67.8],[103.2,-67.8],[103.1,-67.8],[103,-67.8],[102.9,-67.7],[102.8,-67.7],[102.6,-67.7],[102.5,-67.7],[102.4,-67.7],[102.3,-67.7],[102.2,-67.7],[102.1,-67.6],[102,-67.6],[101.9,-67.6],[101.8,-67.6],[101.7,-67.6],[101.6,-67.6],[101.5,-67.5],[101.4,-67.5],[101.3,-67.5],[101.2,-67.5],[101.1,-67.5],[101,-67.5],[101,-67.4],[100.9,-67.4],[100.8,-67.4],[100.7,-67.4],[100.6,-67.4],[100.5,-67.4],[100.4,-67.4],[100.3,-67.3],[100.2,-67.3],[100.1,-67.3],[100,-67.3],[99.9,-67.3],[99.8,-67.3],[99.7,-67.3],[99.6,-67.3],[99.5,-67.3],[99.4,-67.3],[99.4,-67.4],[99.3,-67.3],[99.3,-67.2],[99.4,-67.1],[99.4,-67],[99.5,-67],[99.5,-66.9],[99.6,-66.8],[99.7,-66.7],[99.7,-66.6],[99.8,-66.5],[99.9,-66.5],[100,-66.3],[100.1,-66.2],[100.2,-66.1],[100.3,-66],[100.4,-65.9],[100.5,-65.8],[100.6,-65.7],[100.6,-65.6],[100.7,-65.6],[100.7,-65.5],[100.8,-65.4],[100.9,-65.3],[101,-65.2],[101.1,-65.1],[101.2,-65],[101.2,-64.9],[101.3,-64.9],[101.3,-64.8],[101.4,-64.7],[101.4,-64.6],[101.5,-64.5],[101.5,-64.4],[101.5,-64.3],[101.6,-64.3],[101.6,-64.2],[101.6,-64.1],[101.6,-64],[101.7,-63.9],[101.7,-63.8],[101.7,-63.7],[101.8,-63.6],[101.8,-63.5],[101.8,-63.4],[101.8,-63.3],[101.9,-63.3],[101.9,-63.2],[101.9,-63.1],[101.9,-63],[101.9,-62.9],[101.9,-62.8],[101.9,-62.7],[102,-62.6],[101.9,-62.5],[101.9,-62.4],[101.9,-62.3],[101.8,-62.3],[101.8,-62.2],[101.8,-62.1],[101.8,-62],[101.8,-61.9],[101.8,-61.8],[101.8,-61.7],[101.8,-61.6],[101.8,-61.5],[101.9,-61.4],[101.9,-61.3],[101.9,-61.2],[101.9,-61.1],[101.9,-61],[102,-61],[102,-60.9],[102,-60.8],[102,-60.7],[102,-60.6],[102.1,-60.6],[102.1,-60.5],[102.1,-60.4],[102.2,-60.3],[102.2,-60.2],[102.2,-60.1],[102.3,-60],[102.3,-59.9],[102.4,-59.8],[102.4,-59.7],[102.4,-59.6],[102.5,-59.5],[102.5,-59.4],[102.6,-59.3],[102.6,-59.2],[102.6,-59.1],[102.6,-59],[102.6,-58.9],[102.5,-58.9],[102.5,-58.8],[102.5,-58.7],[102.4,-58.7],[102.3,-58.5],[102.2,-58.4],[102.2,-58.3],[102.2,-58.2],[102.2,-58.1],[102.2,-58],[102.1,-57.9],[102.1,-57.8],[102.1,-57.7],[102.1,-57.6],[102.1,-57.5],[102.1,-57.4],[102.1,-57.3],[102.2,-57.2],[102.2,-57.1],[102.3,-56.9],[102.4,-56.7],[102.4,-56.6],[102.4,-56.5],[102.4,-56.4],[102.5,-56.3],[102.6,-56.2],[102.6,-56.1],[102.7,-55.9],[102.8,-55.8],[102.8,-55.7],[102.8,-55.5],[102.9,-55.5],[102.9,-55.4],[103,-55.3],[103.1,-55.3],[103.2,-55.3],[103.2,-55.2],[103.3,-55.2],[103.4,-55.2],[103.5,-55.1],[103.6,-55.1],[103.7,-55],[103.8,-55],[103.9,-54.9],[104,-54.9],[104.1,-54.9],[104.2,-54.8],[104.4,-54.8],[105.7,-54.3],[106.5,-54.2],[106.7,-54.1],[107.3,-54.2],[108.3,-54.3],[109,-54],[110.7,-53.8],[111.6,-53.8],[113.2,-53.6],[113.3,-53.6],[113.3,-53.7],[113.4,-53.7],[113.4,-53.8],[113.5,-53.8],[113.6,-53.9],[113.6,-54],[113.7,-54.1],[113.7,-54.2],[113.8,-54.3],[113.8,-54.4],[113.8,-54.5],[113.8,-54.6],[113.9,-54.6],[113.9,-54.7],[114,-54.8],[114,-54.9],[114,-55],[114.1,-55],[114.1,-55.1],[114.1,-55.2],[114.2,-55.3],[114.2,-55.4],[114.2,-55.5],[114.3,-55.5],[114.3,-55.6],[114.4,-55.6],[114.4,-55.7],[114.4,-55.8],[114.4,-55.9],[114.5,-56],[114.5,-56.1],[114.5,-56.2],[114.6,-56.2],[114.6,-56.3],[114.6,-56.4],[114.7,-56.4],[114.7,-56.5],[114.8,-56.5],[114.9,-56.6],[115,-56.6],[115,-56.7],[115.1,-56.7],[115.2,-56.8],[115.3,-56.8],[115.4,-56.8],[115.5,-56.9],[115.6,-56.9],[115.7,-56.9],[115.8,-56.9],[115.9,-57],[116,-57],[116.1,-57],[116.2,-57.1],[116.3,-57.1],[116.4,-57.1],[116.5,-57.1],[116.7,-57.2],[116.8,-57.2],[116.9,-57.2],[117,-57.2],[117,-57.3],[117.1,-57.3],[117.2,-57.3],[117.3,-57.3],[117.4,-57.3],[117.4,-57.2],[117.5,-57.2],[117.5,-57.3],[117.6,-57.3],[117.7,-57.3],[117.8,-57.3],[117.9,-57.3],[118,-57.3],[118.1,-57.3],[118.2,-57.4],[118.3,-57.4],[118.4,-57.4],[118.5,-57.4],[118.6,-57.4],[118.7,-57.4],[118.8,-57.4],[118.9,-57.4],[119,-57.4],[119,-57.5],[119.1,-57.5],[119.1,-57.6],[119.2,-57.6],[119.2,-57.7],[119.3,-57.8],[119.3,-57.9],[119.4,-57.9],[119.4,-58],[119.5,-58.1],[119.5,-58.2],[119.6,-58.2],[119.6,-58.3],[119.7,-58.3],[119.8,-58.4],[119.8,-58.5],[119.9,-58.5],[119.9,-58.6],[120,-58.6],[120.1,-58.7],[120.2,-58.7],[120.2,-58.8],[120.3,-58.8],[120.4,-58.8],[120.4,-58.9],[120.5,-58.9],[120.6,-58.9],[120.7,-58.9],[120.7,-59],[120.8,-59],[120.9,-59.1],[121.4,-59.6],[121.5,-59.8],[121.6,-59.9],[121.7,-60],[121.8,-60],[121.8,-60.1],[121.9,-60.1],[122,-60.1],[122.1,-60.2],[122.2,-60.2],[122.3,-60.2],[122.4,-60.3],[122.5,-60.3],[122.6,-60.3],[122.6,-60.4],[122.7,-60.4],[122.8,-60.4],[122.9,-60.4],[123,-60.4],[123.1,-60.5],[123.2,-60.5],[123.3,-60.5],[123.4,-60.5],[123.5,-60.5],[123.6,-60.5],[123.7,-60.5],[123.8,-60.5],[123.9,-60.6],[124,-60.6],[124.1,-60.6],[124.2,-60.6],[124.3,-60.6],[124.4,-60.6],[124.5,-60.6],[124.6,-60.6],[124.7,-60.6],[124.8,-60.5],[124.9,-60.5],[125,-60.5],[125.2,-60.5]]]]}},{"type":"Feature","properties":{},"geometry":{"type":"MultiPolygon","coordinates":[[[[132.5,-45.5],[132.6,-45.6],[132.9,-45.6],[133,-45.7],[133.1,-45.6],[133.3,-45.7],[133.8,-45.5],[134.2,-45.8],[134.5,-45.8],[134.6,-45.7],[134.7,-45.7],[135.3,-45.4],[135.1,-45.5],[135.1,-45.6],[135.1,-45.7],[135.2,-45.7],[135.3,-45.6],[135.4,-45.6],[135.5,-45.5],[135.5,-45.6],[135.5,-45.7],[135.6,-45.7],[135.5,-45.8],[135.6,-45.8],[135.6,-45.9],[135.7,-45.8],[136,-45.8],[136.1,-45.6],[135.9,-45.6],[135.8,-45.5],[136,-45.4],[136.2,-45.3],[136.1,-45.3],[136.2,-45.3],[136.3,-45.5],[136.4,-45.6],[136.6,-45.6],[136.6,-45.5],[136.5,-45.5],[136.6,-45.5],[136.7,-45.5],[136.8,-45.6],[136.9,-45.6],[136.8,-45.7],[136.7,-45.8],[136.7,-45.7],[136.6,-45.8],[136.7,-45.9],[136.6,-46],[136.5,-46],[136.5,-46.1],[136.4,-46.1],[136.3,-46.1],[136.4,-46.2],[136.6,-46.3],[136.5,-46.3],[136.4,-46.3],[136.3,-46.3],[136.4,-46.4],[136.5,-46.5],[136.4,-46.5],[136.3,-46.7],[136.3,-46.6],[136.3,-46.5],[136.2,-46.4],[136.1,-46.4],[136.2,-46.5],[136.1,-46.5],[136,-46.5],[136,-46.6],[135.9,-46.5],[135.9,-46.6],[135.8,-46.6],[135.8,-46.7],[135.7,-46.6],[135.7,-46.7],[135.6,-46.7],[135.7,-46.8],[135.7,-46.9],[135.6,-46.8],[135.6,-46.9],[135.6,-47],[135.8,-47.1],[135.9,-47.1],[135.8,-47.3],[135.8,-47.5],[135.8,-47.6],[135.5,-47.7],[135.4,-47.9],[135.4,-48],[135.4,-48.1],[135.3,-48.1],[135.2,-48.2],[135.1,-48.2],[135.5,-48.5],[135.7,-48.5],[136.2,-48.6],[136.5,-48.7],[137.4,-49.2],[137.7,-49.2],[137.7,-49.1],[139,-49.4],[139.2,-49.5],[139.9,-49.7],[140.2,-49.7],[140.4,-49.7],[140.5,-49.7],[140.9,-49.7],[141.1,-49.8],[141.2,-49.9],[141.3,-50],[141.4,-50.1],[141.6,-50.1],[142,-50.3],[142.3,-50.3],[142.4,-50.3],[142.7,-50.3],[142.9,-50.3],[143,-50.3],[142.9,-50.3],[142.8,-50.3],[142.8,-50.4],[142.4,-50.4],[142.3,-50.4],[142.2,-50.4],[142.1,-50.4],[142,-50.4],[141.9,-50.4],[141.8,-50.4],[141.7,-50.4],[141.6,-50.4],[141.5,-50.4],[141.4,-50.4],[141.3,-50.4],[141.2,-50.4],[141.2,-50.5],[141.1,-50.5],[141,-50.5],[140.9,-50.5],[140.8,-50.5],[140.7,-50.5],[140.6,-50.6],[140.4,-50.6],[140.3,-50.6],[140.2,-50.7],[140.1,-50.7],[140,-50.7],[139.9,-50.7],[139.9,-50.8],[139.8,-50.8],[139.7,-50.8],[139.6,-50.8],[139.4,-50.8],[139.4,-50.9],[139.3,-50.9],[139.2,-50.9],[139.1,-51],[139,-51],[138.9,-51],[138.7,-51],[138.5,-51.1],[138.3,-51.1],[138.2,-51],[138.1,-51],[137.9,-51.1],[137.8,-51.1],[137.7,-51.1],[137.5,-51.2],[137.4,-51.2],[137.3,-51.3],[137.1,-51.3],[137,-51.3],[136.9,-51.4],[136.8,-51.4],[136.8,-51.5],[136.7,-51.6],[136.6,-51.6],[136.6,-51.7],[136.5,-51.7],[136.5,-51.8],[136.5,-51.9],[136.5,-52],[136.4,-52],[136.4,-52.1],[136.3,-52.1],[136.2,-52.1],[136.1,-52.2],[135.9,-52.2],[135.8,-52.3],[135.7,-52.3],[135.6,-52.2],[135.6,-52.3],[135.7,-52.4],[135.8,-52.4],[135.8,-52.5],[135.9,-52.5],[135.9,-52.6],[135.8,-52.6],[135.8,-52.7],[135.7,-52.7],[135.6,-52.8],[135.5,-52.8],[135.4,-52.8],[135.3,-52.8],[135.1,-52.8],[135,-52.8],[134.9,-52.8],[134.7,-52.8],[134.6,-52.8],[134.5,-52.8],[134.4,-52.8],[134.4,-52.7],[134.3,-52.7],[134.2,-52.6],[134.1,-52.6],[134,-52.5],[133.9,-52.4],[133.8,-52.3],[133.7,-52.2],[133.8,-52.1],[133.9,-52.1],[134,-52.1],[133.9,-52.1],[133.9,-52],[133.9,-51.9],[133.8,-51.9],[133.8,-51.8],[133.7,-51.8],[133.7,-51.7],[133.6,-51.6],[133.6,-51.5],[133.5,-51.5],[133.5,-51.4],[133.2,-51.2],[133,-51.1],[133,-51],[132.9,-51],[132.8,-51],[132.6,-51],[132.5,-51],[132.5,-50.9],[132.4,-50.8],[132.3,-50.8],[132.3,-50.7],[132.2,-50.7],[132.5,-49.8],[131.8,-48.9],[131.8,-48.8],[131.7,-48.8],[131.7,-48.7],[131.6,-48.6],[131.5,-48.5],[131.4,-48.5],[131.3,-48.4],[131.4,-48.4],[131.5,-48.4],[131.5,-48.3],[131.5,-48.2],[131.5,-48.1],[131.5,-48],[131.4,-48],[131.4,-47.9],[131.3,-47.9],[131.2,-47.8],[131.1,-47.8],[131.1,-47.7],[131,-47.7],[130.9,-47.6],[131,-47.5],[131,-47.4],[131,-47.3],[131.1,-47.2],[131.1,-47.1],[131,-47.1],[131,-47],[131,-46.9],[131.1,-46.8],[131.1,-46.7],[131.2,-46.7],[131.2,-46.6],[131.3,-46.6],[131.4,-46.6],[131.5,-46.6],[131.6,-46.6],[131.7,-46.6],[131.7,-46.5],[131.7,-46.4],[131.7,-46.3],[131.8,-46.3],[131.8,-46.2],[131.9,-46.2],[132,-46.1],[132.1,-46.1],[132.2,-46.1],[132.2,-46],[132.3,-46],[132.3,-45.9],[132.4,-45.9],[132.4,-45.8],[132.4,-45.7],[132.4,-45.6],[132.4,-45.5],[132.3,-45.5],[132.3,-45.4],[132.6,-45.4],[132.5,-45.5]]]]}},{"type":"Feature","properties":{},"geometry":{"type":"MultiPolygon","coordinates":[[[[50.9,-65.8],[55.2,-65.2],[58.2,-65],[63.5,-65.4],[66,-65.9],[66.1,-66.1],[65,-66.2],[63.8,-66.3],[61.8,-66],[59.5,-65.9],[57,-65.9],[52.8,-65.6],[51.9,-65.5],[50.9,-65.8]]]]}},{"type":"Feature","properties":{},"geometry":{"type":"MultiPolygon","coordinates":[[[[63.6,-46.4],[64.1,-46.9],[65.3,-49.7],[65.4,-53.4],[64.6,-53.3],[63.6,-50.8],[60,-51.3],[56.6,-51.1],[55.5,-50.1],[53.5,-50.7],[52.1,-52.3],[51.9,-54.6],[48.9,-55.3],[49.3,-55.1],[49.9,-55.2],[49.6,-54.8],[49,-54.8],[48.8,-54.9],[47,-54.8],[46.9,-52.1],[47.1,-52.3],[47.4,-52.6],[48.1,-52.8],[49,-52.7],[48.5,-52.5],[48.1,-52.2],[47.9,-51.5],[48.3,-51.2],[48.6,-51.1],[48.7,-50.9],[48.2,-50.9],[48.5,-50.8],[48.5,-50.6],[48.2,-50.5],[48.3,-50.3],[48.1,-50.1],[48.2,-50.1],[48.3,-50],[48.6,-49.9],[48.7,-49.7],[48.9,-49.7],[49.1,-49.4],[49.3,-48.9],[50,-48.4],[55.9,-46.7],[63.5,-46.2],[63.6,-46.4]]]]}},{"type":"Feature","properties":{},"geometry":{"type":"MultiPolygon","coordinates":[[[[28.4,-65.7],[28.8,-64.1],[29.5,-63.9],[29.3,-64.2],[28.9,-64.8],[28.5,-65.5],[28.4,-65.7]]]]}},{"type":"Feature","properties":{},"geometry":{"type":"MultiPolygon","coordinates":[[[[29.3,-65.7],[28.5,-65.5],[28.9,-64.8],[29.3,-64.2],[30,-63.7],[29.2,-65],[29.3,-65.7]]]]}},{"type":"Feature","properties":{},"geometry":{"type":"MultiPolygon","coordinates":[[[[41.5,-66],[36.9,-66.3],[36.1,-66.4],[34.5,-65],[33.1,-63.9],[32.4,-63],[33.1,-62.8],[34.5,-62.7],[36.7,-65.2],[41.5,-65.2],[41.5,-66]]]]}},{"type":"Feature","properties":{},"geometry":{"type":"MultiPolygon","coordinates":[[[[31.5,-66.3],[29.5,-65.7],[29.1,-65.4],[29.8,-63.9],[31.4,-63.4],[32.4,-63],[33.1,-63.9],[34.5,-65],[36.1,-66.4],[34.3,-66.7],[33.3,-66.3],[31.5,-66.3]]]]}},{"type":"Feature","properties":{},"geometry":{"type":"MultiPolygon","coordinates":[[[[30,-67.7],[28.7,-67],[27.2,-66.7],[26.6,-66.8],[26.7,-66.6],[26.7,-66.4],[26.3,-66.1],[26.8,-65.7],[29.2,-66.3],[30.9,-67],[31.8,-67.4],[30.7,-67.6],[30,-67.7]]]]}},{"type":"Feature","properties":{},"geometry":{"type":"MultiPolygon","coordinates":[[[[28.6,-67.8],[27.9,-67.4],[26.7,-67.1],[24.9,-66.9],[25.2,-66.6],[23.7,-66.5],[25.2,-65.6],[26.3,-66.1],[26.7,-66.4],[26.7,-66.6],[26.6,-66.8],[27.2,-66.7],[28.7,-67],[30,-67.7],[28.7,-67.8],[28.6,-67.8]]]]}},{"type":"Feature","properties":{},"geometry":{"type":"MultiPolygon","coordinates":[[[[31.8,74.8],[31.6,75.4],[30,75.8],[24,76.5],[19.3,76.3],[17.4,76.4],[20.4,76.7],[24.2,77.2],[32.3,76.9],[35.4,76.2],[37.2,75.7],[39.2,75.4],[40.5,75],[41.2,74.5],[42.2,73.2],[45.5,71.2],[46.3,71.2],[47.6,70],[46.1,69.2],[44.9,69.9],[41.6,70.6],[38.5,72.4],[38.1,72.9],[37.6,73.2],[36.1,73.8],[32.6,74.6],[31.8,74.8]]]]}},{"type":"Feature","properties":{},"geometry":{"type":"MultiPolygon","coordinates":[[[[21,78.6],[29.9,78.1],[37.9,76.2],[41.2,74.9],[43.9,73.6],[46.6,72.9],[49,71.9],[51.5,71.4],[54.5,70.6],[58,69.2],[59.3,68.3],[58.4,68.6],[57.5,69.5],[54.5,70.5],[51.5,71.1],[48.7,71.9],[43.9,72.9],[42.3,73.8],[41.2,74.5],[40.5,75],[39.2,75.4],[37.2,75.7],[35.4,76.2],[32.3,76.9],[24.2,77.2],[21.4,77.5],[21.7,77.8],[22.3,78.3],[21.4,78.1],[20.4,78.2],[19.6,78.4],[21,78.6]]]]}},{"type":"Feature","properties":{},"geometry":{"type":"MultiPolygon","coordinates":[[[[40.2,70.2],[41.1,70],[41.7,69.5],[41.9,69.8],[44,69.5],[46.5,68.8],[42.4,68.2],[38.8,67.5],[37.1,67],[36.7,66.5],[37.7,66.3],[33.2,66.5],[34,68.5],[40.2,70.2]]]]}},{"type":"Feature","properties":{},"geometry":{"type":"MultiPolygon","coordinates":[[[[40.2,70.2],[39.8,70.5],[37.5,71.8],[37.3,72.7],[37.7,72.9],[31.8,74.8],[32.6,74.4],[36.1,73.8],[37.7,73.1],[38.2,72.8],[40.5,71],[42.8,70.4],[45.2,69.8],[46.9,69.1],[48.4,68.6],[46,68.9],[43.6,69.6],[41.8,69.7],[41.6,69.5],[40.8,70],[40.2,70.2]]]]}},{"type":"Feature","properties":{},"geometry":{"type":"MultiPolygon","coordinates":[[[[46.9,69.1],[46.2,70.2],[45.7,71.3],[43.8,71.6],[41.9,73.5],[42.8,73.7],[44.4,72.9],[48.9,71.9],[52.1,70.9],[55.1,70.4],[57.9,69.2],[58.7,68.4],[57.7,67.9],[55,68.4],[48.6,68.5],[46.9,69.1]]]]}},{"type":"Feature","properties":{},"geometry":{"type":"MultiPolygon","coordinates":[[[[49.8,64.7],[51.3,64.6],[53.3,64.7],[55.6,64.3],[57.3,63.7],[59.3,63.2],[60.2,62.7],[59.4,62.9],[56.3,63.8],[54.5,64.2],[53.2,64.3],[49.3,64.1],[45.9,64.4],[44.2,64.7],[40.4,65.3],[38.2,66.1],[44.1,65.6],[46.6,64.9],[47.3,65],[47.5,65.1],[49.8,64.7]]]]}},{"type":"Feature","properties":{},"geometry":{"type":"MultiPolygon","coordinates":[[[[64.8,57.4],[67,57.1],[68.6,57.9],[71.9,59.6],[74.3,61],[74.7,60],[72.9,58.2],[70.8,57],[69.7,55.5],[66,55.6],[64.7,56.7],[64.8,57.4]]]]}},{"type":"Feature","properties":{},"geometry":{"type":"MultiPolygon","coordinates":[[[[63.4,63.4],[65.5,60.8],[65.2,59.5],[63.2,60],[62.8,60.5],[62.1,61.6],[62.9,62.7],[61.5,63.7],[63.4,63.4]]]]}},{"type":"Feature","properties":{},"geometry":{"type":"MultiPolygon","coordinates":[[[[61.5,63.7],[62.9,62.7],[62.1,61.6],[62.8,60.5],[62,59.9],[60.7,61],[60.7,62.1],[60.1,63.5],[59.7,64.3],[61.5,63.7]]]]}},{"type":"Feature","properties":{},"geometry":{"type":"MultiPolygon","coordinates":[[[[65.5,60.3],[68,61.2],[67.9,59.1],[67.8,57.6],[65.7,56.9],[65,58.3],[65.3,59.8],[65.5,60.3]]]]}},{"type":"Feature","properties":{},"geometry":{"type":"MultiPolygon","coordinates":[[[[58.4,60],[60.5,61.3],[61.3,60],[63.6,60],[65.2,59.4],[64.8,57.4],[64.5,56],[62.8,56.3],[62.6,58],[59,58.9],[58.4,60]]]]}},{"type":"Feature","properties":{},"geometry":{"type":"MultiPolygon","coordinates":[[[[59.4,68.1],[64,67.5],[69,65.5],[73.2,62.6],[73.7,60.9],[70.4,58.7],[67.8,58.2],[68.7,61.2],[67.6,63.5],[64.3,65.5],[60.5,67.5],[59.3,68],[59.4,68.1]]]]}},{"type":"Feature","properties":{},"geometry":{"type":"MultiPolygon","coordinates":[[[[58.1,67.9],[61.8,67.2],[65,65.1],[68.3,62.7],[67.5,60.9],[65.5,60.8],[63.4,63.4],[60.3,66.1],[55.8,68.1],[58.1,67.9]]]]}},{"type":"Feature","properties":{},"geometry":{"type":"MultiPolygon","coordinates":[[[[62.7,70.1],[64.6,68.1],[68.3,67],[71.1,64.6],[73.9,61.7],[71.8,63.7],[66.1,66.6],[59.3,68.3],[58,69.2],[57.5,69.9],[60.1,69.5],[61.9,70.3],[62.7,70.1]]]]}},{"type":"Feature","properties":{},"geometry":{"type":"MultiPolygon","coordinates":[[[[141.3,52.5],[135.7,50.6],[131.6,49.6],[133.6,50.9],[136.5,52.1],[139.7,53.2],[141.9,53.4],[141.3,52.5]]]]}},{"type":"Feature","properties":{},"geometry":{"type":"MultiPolygon","coordinates":[[[[143,51.1],[138.2,49.8],[135.7,49.1],[133.7,48.8],[130,48],[126.3,48],[127.6,48.7],[131.6,49.6],[135.7,50.6],[141.3,52.5],[143,51.1]]]]}},{"type":"Feature","properties":{},"geometry":{"type":"MultiPolygon","coordinates":[[[[152.8,57.5],[155.7,57.3],[158.8,56.4],[151.5,55.4],[148,53.1],[144.5,51.4],[142.4,51.4],[141.5,53.6],[141.3,54.5],[141.4,55.1],[143.3,56],[145.2,56.7],[146.6,57.2],[148.9,57.4],[150.8,57.7],[152.8,57.5]]]]}},{"type":"Feature","properties":{},"geometry":{"type":"MultiPolygon","coordinates":[[[[59.1,63.3],[56.5,64],[57.4,63.8],[59.1,63.3]]]]}},{"type":"Feature","properties":{},"geometry":{"type":"MultiPolygon","coordinates":[[[[59.4,63.9],[59,63.6],[58.2,64.2],[59.4,63.9]]]]}},{"type":"Feature","properties":{},"geometry":{"type":"MultiPolygon","coordinates":[[[[44.2,68.2],[48.8,67.7],[48.1,66.6],[51.9,65.6],[53.1,65.1],[50.5,65.1],[50.5,64.8],[52.5,64.7],[53.8,64.6],[51.7,64.6],[50.2,64.6],[44.8,65.9],[43.4,67.7],[44.2,68.2]]]]}},{"type":"Feature","properties":{},"geometry":{"type":"MultiPolygon","coordinates":[[[[49.4,68],[54.3,66.7],[59.2,64.5],[60,63.6],[58.2,64.2],[57.7,64.5],[56.4,64.9],[55.5,65.1],[54.5,65.2],[52.4,65.4],[48.7,66.2],[48.5,67.5],[49.4,68]]]]}},{"type":"Feature","properties":{},"geometry":{"type":"MultiPolygon","coordinates":[[[[48.6,68.5],[55,68.4],[57.9,67.3],[61.8,64.7],[62.2,63.7],[59.7,64.3],[55.9,66.2],[50.2,67.8],[48.6,68.5]]]]}},{"type":"Feature","properties":{},"geometry":{"type":"MultiPolygon","coordinates":[[[[157.7,52.2],[149.9,50.1],[143.5,48.7],[136.7,47.3],[134.7,47.7],[136.1,49.1],[139.3,50.1],[143.9,51.3],[146.7,51.7],[150.6,52.2],[153.1,52.7],[154.9,53.3],[156.7,54.4],[158.3,56],[159.5,56.6],[162.2,56.9],[163.3,56.3],[159.6,53.6],[157.7,52.2]]]]}},{"type":"Feature","properties":{},"geometry":{"type":"MultiPolygon","coordinates":[[[[161.4,56.8],[159.3,56.5],[157.8,55.4],[156.6,54.3],[154.3,53],[153,52.6],[150.5,52.1],[145.4,51.6],[145.9,51.9],[149.7,54.7],[154.4,55.9],[161.2,56.9],[161.4,56.8]]]]}},{"type":"Feature","properties":{},"geometry":{"type":"MultiPolygon","coordinates":[[[[69.3,53.9],[70.8,55.8],[73,56.6],[72.6,55.3],[71.6,54.2],[70.9,53.3],[69.1,52.7],[67.3,51.6],[66.4,51.5],[68.5,53],[69.3,53.9]]]]}},{"type":"Feature","properties":{},"geometry":{"type":"MultiPolygon","coordinates":[[[[57.1,56.8],[59.6,55.9],[60.7,54.1],[62.3,53.4],[62.1,52.2],[61.8,52],[61,51.7],[60.2,51.5],[59.7,51.7],[59,52.6],[58.6,53.4],[58.3,54],[57.4,54.9],[57.1,55.4],[57.2,56.2],[57.1,56.8]]]]}},{"type":"Feature","properties":{},"geometry":{"type":"MultiPolygon","coordinates":[[[[62,52.1],[62.8,53.5],[66.2,53.8],[67.5,54.3],[69.2,55.1],[70.3,55.5],[69.5,54.2],[68.9,53.7],[66.4,53.2],[63.7,52.7],[62.5,52.1],[61.9,51.8],[62,52.1]]]]}},{"type":"Feature","properties":{},"geometry":{"type":"MultiPolygon","coordinates":[[[[44.2,68.2],[43,66.7],[49.4,64.8],[48.3,64.9],[47.1,65.1],[47.2,65],[45.2,65.4],[38,66.2],[36.7,66.5],[36.9,66.9],[37.7,67.2],[41.5,68.1],[44.2,68.2]]]]}},{"type":"Feature","properties":{},"geometry":{"type":"MultiPolygon","coordinates":[[[[51.3,51.3],[52.6,50.8],[55,48.4],[55.4,47.5],[54.5,47.7],[53.2,48.2],[51.3,49.5],[50.9,50.5],[51.3,51.3]]]]}},{"type":"Feature","properties":{},"geometry":{"type":"MultiPolygon","coordinates":[[[[58.5,50.8],[60.5,51],[61.5,51.3],[62,51.8],[63.1,52.4],[64,51.8],[61.1,48.9],[56.9,47.5],[55.1,48.2],[55,48.7],[55.1,49.4],[55.1,50.3],[55.5,50.8],[55.9,51],[57.8,50.9],[58.5,50.8]]]]}},{"type":"Feature","properties":{},"geometry":{"type":"MultiPolygon","coordinates":[[[[58.6,53.4],[58.7,53],[59.2,52.2],[59.9,51.6],[60.5,51.6],[61.6,51.9],[62,52.1],[61.8,51.6],[60.9,51.1],[59.4,50.9],[58.4,51.1],[56.6,52.8],[56.1,53.1],[57.3,53.5],[58.6,53.4]]]]}},{"type":"Feature","properties":{},"geometry":{"type":"MultiPolygon","coordinates":[[[[52.5,52.2],[53.1,53.2],[54.4,53.5],[54.8,53.6],[55,53.7],[56.6,54.3],[58.4,53.8],[57.3,53.5],[56.1,53.1],[55.1,52.8],[54.2,52.6],[53.8,52.5],[52.5,52.2]]]]}},{"type":"Feature","properties":{},"geometry":{"type":"MultiPolygon","coordinates":[[[[56.6,57.5],[57.2,56.2],[57.1,55.4],[57.3,55.1],[57.7,54.6],[55.3,53.8],[54.8,53.6],[54.5,53.5],[53.6,53.4],[53.5,53.9],[54.2,55],[54.9,55.5],[56.4,57.3],[56.6,57.5]]]]}},{"type":"Feature","properties":{},"geometry":{"type":"MultiPolygon","coordinates":[[[[52.5,52.2],[53.8,52.5],[54.2,52.6],[55.1,52.8],[56.6,52.8],[58.4,51.1],[56.8,51],[55.7,50.9],[55.3,50.5],[55.1,50.2],[55.2,49],[54.8,48.6],[52.3,50.9],[51.6,51.5],[52.4,52.1],[52.5,52.2]]]]}},{"type":"Feature","properties":{},"geometry":{"type":"MultiPolygon","coordinates":[[[[57.6,59.5],[58,59.8],[59,58.9],[61.5,58.4],[62.6,57],[64.1,55.5],[66,55.6],[69.7,55.5],[70.8,57],[72.3,57.5],[71.1,56.4],[70.1,55.5],[68.6,54.8],[67.2,54.2],[66,53.8],[62.3,53.4],[60.7,54.1],[59.6,55.9],[57.1,56.8],[57.5,58.5],[57.6,59.5]]]]}},{"type":"Feature","properties":{},"geometry":{"type":"MultiPolygon","coordinates":[[[[96.4,-51.1],[97.5,-51],[98.8,-50.4],[99.8,-50],[101.2,-49.9],[102.4,-49.7],[104.5,-50],[105.5,-49.9],[109.1,-50.7],[107.5,-50.8],[103,-51.1],[96.4,-52.4],[92.5,-52.5],[87.6,-53.2],[85.5,-53.6],[83.5,-53.6],[80.2,-54],[76.1,-52],[74.2,-51.1],[74.9,-50.9],[76.6,-51.2],[81,-52.6],[82.3,-52.8],[84.5,-52.9],[86.2,-52.9],[87.6,-52.8],[88.9,-52.7],[90.6,-52.2],[91.5,-52.1],[92.7,-51.8],[94.4,-51.5],[95.9,-51.3],[96.4,-51.1]]]]}},{"type":"Feature","properties":{},"geometry":{"type":"MultiPolygon","coordinates":[[[[68,-47.9],[67.3,-48.6],[68.4,-49.5],[68.8,-52.4],[68.9,-55.2],[72.3,-57.3],[80.2,-59.6],[85.3,-60.9],[88.3,-61.2],[90.1,-61],[91.9,-63.3],[91.2,-63.3],[90.3,-62.3],[86.5,-62.8],[82.3,-62.7],[75.9,-61.4],[71.4,-59.4],[69.6,-57.8],[68.2,-56.6],[66.5,-55.2],[66.1,-53.2],[66.2,-51.6],[65.8,-47.5],[64.9,-47.3],[63.6,-46.4],[64.3,-46.6],[65.9,-46.8],[66.4,-46.9],[66.1,-47.3],[66.7,-47.6],[68,-47.8],[68,-47.9]]]]}},{"type":"Feature","properties":{},"geometry":{"type":"MultiPolygon","coordinates":[[[[103,-51.1],[100.6,-52.1],[99,-52.4],[97.7,-52.7],[95.5,-53.5],[92.5,-54],[90.6,-54.2],[88.3,-54.5],[85.6,-54.8],[83.5,-54.5],[81.5,-54.3],[82.5,-53.9],[85.2,-53.8],[86.9,-53.3],[90.7,-52.8],[94.9,-52.4],[100,-51.4],[103,-51.1]]]]}},{"type":"Feature","properties":{},"geometry":{"type":"MultiPolygon","coordinates":[[[[80.9,-54],[82.4,-54.4],[84.5,-54.7],[87.2,-54.7],[89.3,-54.5],[91.5,-54],[93.3,-54],[96.7,-53.1],[98.4,-52.5],[99.7,-52.3],[101.9,-51.8],[102.6,-52.3],[100.2,-52.9],[94.8,-54.5],[86.7,-55.7],[83.4,-55.7],[80.9,-54]]]]}},{"type":"Feature","properties":{},"geometry":{"type":"MultiPolygon","coordinates":[[[[53.3,57.9],[54.3,57.4],[52.3,56.1],[50.3,57.9],[53.3,57.9]]]]}},{"type":"Feature","properties":{},"geometry":{"type":"MultiPolygon","coordinates":[[[[50.1,55.3],[43.7,53.3],[43.7,54],[47.2,54.6],[48.6,55.4],[50.1,55.3]]]]}},{"type":"Feature","properties":{},"geometry":{"type":"MultiPolygon","coordinates":[[[[49.5,57.6],[51.4,55.9],[48.6,55.4],[47.2,54.6],[43.7,54],[42.6,53],[43.3,54.6],[45.3,55.8],[46.7,57],[49.5,57.6]]]]}},{"type":"Feature","properties":{},"geometry":{"type":"MultiPolygon","coordinates":[[[[59.8,62.7],[60.2,62.7],[60.6,61.8],[58.8,60.2],[57.6,59.6],[55.1,57.7],[53.4,58],[55.1,59.1],[56.4,59.6],[58.1,60.8],[59.5,61.8],[59.9,62.6],[59.8,62.7]]]]}},{"type":"Feature","properties":{},"geometry":{"type":"MultiPolygon","coordinates":[[[[49.4,58],[46.7,57],[45.3,55.8],[43.3,54.6],[42.1,55.6],[45.9,57.3],[49.4,58]]]]}},{"type":"Feature","properties":{},"geometry":{"type":"MultiPolygon","coordinates":[[[[15.9,52.6],[15.8,52.6],[15.7,52.6],[15.9,52.6]]]]}},{"type":"Feature","properties":{},"geometry":{"type":"MultiPolygon","coordinates":[[[[16.6,55.3],[17.1,54.7],[17.9,54.1],[18.5,53.9],[18.6,53.6],[18.9,53.8],[19.6,53.6],[20.5,53.1],[21.9,52.7],[23.6,52.2],[24.3,51.2],[25,50.7],[25.7,50],[26.5,49.4],[27.3,49.4],[28.1,49.7],[27.1,49.2],[26.7,48.7],[25.7,48.5],[25.2,48.5],[24.3,49.7],[23.7,50.1],[23.1,50.5],[20.9,51.7],[17.8,52.6],[15.9,52.6],[15.5,52.8],[16.1,53],[15.3,53.4],[14.6,53.7],[14.6,53.8],[14.6,54.2],[15,54.4],[14.7,54.3],[14.8,54.8],[15.2,54.8],[16.2,55.3],[16.6,55.3]]]]}},{"type":"Feature","properties":{},"geometry":{"type":"MultiPolygon","coordinates":[[[[55.7,63.9],[58,63.3],[59.9,62.6],[59.7,61.9],[58.4,60.8],[56.8,60],[55.2,59.1],[53.3,58.3],[52.5,57.7],[47.8,57.9],[42.5,56],[42.6,53.4],[41,52.7],[39,52.4],[36.9,52.4],[36,52.3],[35.1,51.8],[33.6,51.5],[33,51.5],[32.6,51.3],[31.6,51],[30.7,51.2],[29.1,51.8],[27,54.3],[26.4,56.1],[31.4,57.8],[36.2,60],[40.7,61.3],[48.3,62.8],[55.3,63.8],[55.7,63.9]]]]}},{"type":"Feature","properties":{},"geometry":{"type":"MultiPolygon","coordinates":[[[[30.4,50.2],[30.3,50.5],[30.7,51],[31.9,51.1],[32.9,51.4],[33.3,51.4],[33.8,51.5],[35.4,52],[36.2,52.4],[37.3,52.4],[39.4,52.4],[41.4,52.8],[43.7,53.3],[50.1,55.3],[52.3,56.1],[56.1,57.5],[57.6,59.5],[57.3,58.2],[56.4,57.3],[54.9,55.5],[54.2,55],[53.5,53.9],[52.7,52.4],[52.3,51.9],[51.3,51.3],[50.9,50.5],[45.7,48.9],[36.6,47.6],[32.1,47.5],[32.7,48],[33.7,48],[34.3,48.6],[34,48.4],[33.9,48.1],[32.7,48.1],[31.9,47.1],[28.8,48.8],[29.4,49.4],[29.2,49.5],[29.6,49.7],[30,49.6],[30.6,50.1],[30.4,50.2]]]]}},{"type":"Feature","properties":{},"geometry":{"type":"MultiPolygon","coordinates":[[[[140.5,-69.9],[140.9,-70.8],[141.1,-71.1],[143.1,-77.6],[127.8,-83.4],[43.8,-85.6],[1.4,-79.5],[20.9,-79],[39.4,-80.5],[53.3,-80.7],[62.6,-79.9],[78.1,-80.1],[102.9,-77.4],[120.7,-71.9],[124.3,-70.2],[124.8,-69.6],[127.5,-69.4],[129.8,-69.6],[130.1,-69.6],[131.2,-69.6],[132.4,-69.5],[134.4,-69.7],[136,-69.9],[137.3,-69.8],[139.1,-70.1],[140.5,-69.9]]]]}},{"type":"Feature","properties":{},"geometry":{"type":"MultiPolygon","coordinates":[[[[2.1,-69.5],[2.5,-70.7],[4.7,-71.5],[9.1,-72.1],[12.7,-72.8],[1.6,-73.6],[0.1,-73.9],[-1.6,-75.5],[-7.4,-76.8],[-14.6,-75.4],[-9.7,-71.4],[-0.3,-69.2],[1.2,-69.1],[2.1,-69.5]]]]}},{"type":"Feature","properties":{},"geometry":{"type":"MultiPolygon","coordinates":[[[[23.5,-73.4],[22.5,-74.9],[22.4,-75.1],[26.2,-78.9],[7,-79.3],[-10.4,-79.3],[-17.9,-77.4],[-16.7,-77],[-15.1,-76.1],[-11.4,-75.9],[-3.1,-75.9],[0,-74],[1.2,-73.7],[11.4,-73.5],[23.5,-73.4]]]]}},{"type":"Feature","properties":{},"geometry":{"type":"MultiPolygon","coordinates":[[[[140.9,-70.8],[140.5,-69.9],[140.9,-70.1],[141.6,-70.2],[141.2,-70.4],[140.9,-70.8]]]]}},{"type":"Feature","properties":{},"geometry":{"type":"MultiPolygon","coordinates":[[[[180,-84.5],[167.1,-83],[148.5,-77],[141.1,-71.1],[141.6,-70.8],[142.9,-70.7],[143.4,-70.7],[143.8,-70.9],[144.2,-71.2],[145.7,-71.4],[146.7,-71.3],[147.8,-71.3],[149.1,-71.2],[149.6,-71.6],[151.6,-71.6],[152.2,-71.2],[153.4,-71.2],[153.2,-71.5],[154.2,-71.7],[154.7,-71.6],[157,-71.9],[157.2,-71.7],[158.8,-71.9],[159.6,-72.3],[161.5,-72.9],[161.8,-73.3],[162.6,-73.2],[163.7,-72.9],[164.9,-72.9],[166.3,-72.7],[167.9,-72.8],[169.1,-73],[169.1,-73.3],[172.2,-73.5],[172.3,-73.8],[172.1,-74.4],[171.4,-74.5],[171.6,-74.6],[171.8,-75.1],[171.3,-75.1],[169.6,-75.2],[169.1,-75.2],[170.2,-75.4],[169.7,-75.6],[169.2,-75.7],[168.8,-75.8],[168.6,-76],[167.7,-75.5],[167.2,-75.7],[167,-76.2],[168.7,-76.8],[166.8,-76.9],[166,-77],[166,-77.3],[164.8,-77.6],[164.5,-77.7],[166.8,-78.1],[166.6,-78.4],[166.6,-78.6],[167.8,-79],[167.5,-79.2],[169.6,-79.9],[171,-80],[171.9,-80.4],[173.1,-80.4],[173.7,-80.6],[170.4,-81.1],[168.3,-80.8],[168.8,-81.2],[168,-81.5],[167.7,-81.8],[168.5,-82.2],[168.1,-82.6],[171.5,-82.7],[171,-82.9],[172.6,-83],[172.4,-83.3],[172.9,-83.6],[174.3,-83.7],[178,-83.9],[177,-84.5],[180,-84.5]]]]}},{"type":"Feature","properties":{},"geometry":{"type":"MultiPolygon","coordinates":[[[[-180,-86],[-178.4,-84.2],[-172.7,-84.7],[-169.5,-84.8],[-171.2,-84.9],[-167.3,-84.9],[-165,-85],[-160.9,-85],[-156.9,-85],[-126.2,-86.7],[-180,-86]]]]}},{"type":"Feature","properties":{},"geometry":{"type":"MultiPolygon","coordinates":[[[[172.9,-79.2],[176.1,-79.4],[173.6,-79.7],[172.8,-79.4],[172.9,-79.2]]]]}},{"type":"Feature","properties":{},"geometry":{"type":"MultiPolygon","coordinates":[[[[-14.6,-75.4],[-15.7,-76.5],[-17.9,-77.4],[-19.3,-77.4],[-16.4,-73.6],[-14.6,-75.4]]]]}},{"type":"Feature","properties":{},"geometry":{"type":"MultiPolygon","coordinates":[[[[-16.8,-73.7],[-35.9,-77.5],[-34.9,-74.1],[-34.2,-73.2],[-32.9,-73.1],[-32,-73.1],[-32.3,-72.9],[-32.3,-72.8],[-31.7,-72.6],[-31.1,-72.2],[-30.3,-72.8],[-16.8,-73.7]]]]}},{"type":"Feature","properties":{},"geometry":{"type":"MultiPolygon","coordinates":[[[[-34.9,-73.2],[-37.9,-77.1],[-43.7,-76],[-47.6,-75.1],[-46.1,-74.6],[-44.9,-74.3],[-43.4,-74.1],[-41.9,-73.8],[-40.6,-73.6],[-39.5,-73.5],[-39.3,-73.4],[-38.5,-73.3],[-36.9,-73.2],[-35.7,-73.2],[-34.9,-73.2]]]]}},{"type":"Feature","properties":{},"geometry":{"type":"MultiPolygon","coordinates":[[[[123.5,-70.4],[108.6,-76.2],[78.8,-80],[82.9,-75.7],[81.6,-70.4],[81.8,-69.5],[83.1,-69.6],[84.9,-69.7],[86.8,-69.5],[88.3,-69.7],[88.6,-70],[89.5,-69.8],[90.8,-69.6],[91.5,-69.2],[94.3,-69.2],[96.2,-69.4],[99.1,-69.9],[99.9,-70.1],[102,-69.9],[102.1,-69.6],[106.5,-69.7],[108,-69.9],[105.8,-70.8],[107.7,-70.6],[109.6,-70.3],[110.7,-70.4],[112.3,-70.5],[111.6,-70.6],[115.7,-70.2],[118.1,-70.1],[119.9,-69.6],[120.6,-69.7],[121,-70],[121.3,-70.5],[122.6,-70.4],[123.5,-70.4]]]]}},{"type":"Feature","properties":{},"geometry":{"type":"MultiPolygon","coordinates":[[[[124,-70.3],[124.1,-70],[124.4,-70],[124,-70.3]]]]}},{"type":"Feature","properties":{},"geometry":{"type":"MultiPolygon","coordinates":[[[[180,-86],[-180,-88],[-96.1,-87.1],[-59.9,-88.3],[119.9,-85.1],[142.2,-79.4],[154.1,-78.2],[171.7,-84.5],[180,-86]]]]}},{"type":"Feature","properties":{},"geometry":{"type":"MultiPolygon","coordinates":[[[[-48.9,-85.7],[-130.5,-86.3],[-111.6,-85.7],[-96.5,-84.7],[-83.7,-83.7],[-73.9,-82.7],[-64.3,-81.6],[-60.1,-80.6],[-53.4,-81],[-48.9,-85.7]]]]}},{"type":"Feature","properties":{},"geometry":{"type":"MultiPolygon","coordinates":[[[[43.8,-85.6],[119.9,-86.8],[-59.9,-86.6],[-25.2,-80.9],[-18,-77.4],[-7.5,-79.3],[13.6,-82.9],[43.8,-85.6]]]]}},{"type":"Feature","properties":{},"geometry":{"type":"MultiPolygon","coordinates":[[[[-48.9,-85.7],[-52.4,-79.6],[-38.3,-77.1],[-41.7,-76.8],[-27.9,-77.6],[-29.7,-82.6],[-48.9,-85.7]]]]}},{"type":"Feature","properties":{},"geometry":{"type":"MultiPolygon","coordinates":[[[[20.5,-69.7],[20.7,-69.8],[20.8,-69.8],[20.9,-69.8],[21.6,-69.8],[22.3,-70],[22.3,-70.2],[22.7,-70.2],[24,-69.4],[17.8,-73.2],[13,-72.3],[15.3,-70],[17.3,-69.2],[17.4,-69],[17.8,-68.9],[17.9,-68.7],[18.9,-68.7],[18.5,-69.1],[19.4,-69.6],[20.2,-69.8],[20.5,-69.7]]]]}},{"type":"Feature","properties":{},"geometry":{"type":"MultiPolygon","coordinates":[[[[50.9,-74.3],[50.3,-75.1],[51.9,-74.4],[53.1,-75.9],[48,-75.6],[43.6,-74.6],[50.9,-74.3]]]]}},{"type":"Feature","properties":{},"geometry":{"type":"MultiPolygon","coordinates":[[[[53.5,-74.8],[73.4,-75.7],[81.1,-78.3],[74,-80],[55.7,-80.2],[52.8,-80.8],[33.7,-80.1],[23.6,-77.1],[22.5,-74.9],[37.4,-73.9],[43.5,-75.2],[49.4,-75.7],[53.5,-75.5],[53.5,-74.8]]]]}},{"type":"Feature","properties":{},"geometry":{"type":"MultiPolygon","coordinates":[[[[50.9,-74.3],[30.4,-73.8],[25.6,-69.3],[27.4,-68.7],[29.4,-68.5],[29.9,-68.3],[31.3,-68.3],[31.4,-68.2],[32.1,-68.1],[32.4,-68.3],[32.5,-68.6],[33.2,-68.8],[34.4,-68.3],[34.4,-68],[33.8,-67.8],[35.3,-68],[36,-68.1],[35.8,-67.9],[35.8,-67.4],[38,-67],[41.8,-67.4],[43.1,-67.9],[41.9,-67.9],[42.3,-68.1],[41.9,-68.1],[41.3,-68.4],[42.2,-68.4],[43.3,-68.3],[44.1,-68.6],[44.2,-68.7],[45.1,-69],[46.9,-69.1],[50.6,-69.4],[55.2,-69.8],[56.1,-70.5],[55.1,-70.8],[55.3,-71.3],[54.2,-71.3],[54.6,-71.6],[53.7,-71.9],[52.6,-71.9],[52.7,-72.1],[53.5,-72.4],[53.6,-72.9],[52.1,-73.4],[51.1,-73.9],[50.9,-74.3]]]]}},{"type":"Feature","properties":{},"geometry":{"type":"MultiPolygon","coordinates":[[[[80.2,-69.5],[83.1,-74.3],[68.2,-75.5],[52.2,-74.4],[53.4,-74.4],[55,-74],[55.6,-73.6],[56.4,-73.3],[56.9,-72.7],[58.1,-72.3],[59.4,-72],[60.6,-72],[61.2,-72],[62.3,-71.7],[63.1,-71.7],[64.4,-71.4],[65.1,-71],[69.8,-70.3],[71.3,-70.2],[73,-69.8],[76.4,-69.5],[78.1,-69.7],[80.2,-69.5]]]]}},{"type":"Feature","properties":{},"geometry":{"type":"MultiPolygon","coordinates":[[[[-34.9,-73.2],[-35.7,-73.2],[-36.9,-73.2],[-38.5,-73.3],[-39.3,-73.4],[-39.5,-73.5],[-40.6,-73.6],[-41.9,-73.8],[-43.4,-74.1],[-44.9,-74.3],[-46.1,-74.6],[-47.6,-75.1],[-48.2,-75.3],[-46.6,-74.8],[-44.2,-74.1],[-42.2,-73.6],[-37.4,-72.9],[-34.4,-72.9],[-32.9,-72.8],[-31.6,-72.2],[-30.8,-71.7],[-31.3,-72.4],[-32.1,-72.7],[-32.3,-72.9],[-32,-73.1],[-32.5,-73.1],[-33.7,-73.1],[-34.6,-73.2],[-34.9,-73.2]]]]}},{"type":"Feature","properties":{},"geometry":{"type":"MultiPolygon","coordinates":[[[[-78.4,-77.4],[-78.3,-77.6],[-77.5,-78.4],[-75.6,-77.9],[-71.1,-78.6],[-70.9,-78.9],[-69,-79.4],[-68.5,-80.1],[-67.3,-80],[-65.1,-79.5],[-62.5,-78.9],[-60.2,-78.6],[-57,-78.6],[-56.8,-79.2],[-58.6,-80.1],[-63.3,-81.4],[-72.1,-82.5],[-81.3,-83.5],[-94.3,-84.5],[-107.6,-85.5],[-130.5,-86.3],[-149.7,-85],[-145.7,-85],[-136.6,-84.8],[-130,-84.5],[-126.7,-84.5],[-116.9,-83.4],[-101.9,-80.7],[-85.3,-81.8],[-80.9,-80.8],[-86.9,-80.6],[-89.1,-79.4],[-84.1,-79],[-80.7,-77.4],[-79.2,-77],[-78.4,-77.4]]]]}},{"type":"Feature","properties":{},"geometry":{"type":"MultiPolygon","coordinates":[[[[-54.3,-76.9],[-59.1,-77.4],[-62.6,-77.2],[-61.1,-76.9],[-58.2,-74.8],[-54.1,-75],[-54.2,-75.5],[-54.6,-76.7],[-54.3,-76.9]]]]}},{"type":"Feature","properties":{},"geometry":{"type":"MultiPolygon","coordinates":[[[[-33.6,-71.6],[-35,-71.3],[-33.5,-70.9],[-33.6,-71.6]]]]}},{"type":"Feature","properties":{},"geometry":{"type":"MultiPolygon","coordinates":[[[[-44.2,-76.8],[-44.6,-76.9],[-45,-76.7],[-44.2,-76.8]]]]}},{"type":"Feature","properties":{},"geometry":{"type":"MultiPolygon","coordinates":[[[[-43.9,-76],[-47.1,-75.9],[-45,-75.9],[-43.9,-76]]]]}},{"type":"Feature","properties":{},"geometry":{"type":"MultiPolygon","coordinates":[[[[-40.5,-76.5],[-43.3,-76.3],[-43.6,-76.1],[-40.5,-76.5]]]]}},{"type":"Feature","properties":{},"geometry":{"type":"MultiPolygon","coordinates":[[[[-52.4,-79.6],[-56.7,-79.2],[-54.8,-78.6],[-53.7,-78.4],[-51.1,-78],[-49.1,-77.8],[-46.8,-77.5],[-44.6,-77.5],[-44.8,-77.3],[-43,-77.1],[-52.4,-79.6]]]]}},{"type":"Feature","properties":{},"geometry":{"type":"MultiPolygon","coordinates":[[[[-44.2,-77],[-44.3,-76.8],[-44,-77],[-44.2,-77]]]]}},{"type":"Feature","properties":{},"geometry":{"type":"MultiPolygon","coordinates":[[[[78.5,51.9],[80.8,53.2],[84.2,54.7],[86.7,55.9],[88.7,56.9],[93.8,57.5],[92.2,55.9],[87,53.6],[82,51.3],[77.4,49.4],[78.5,51.9]]]]}},{"type":"Feature","properties":{},"geometry":{"type":"MultiPolygon","coordinates":[[[[78.5,51.9],[80.8,53.2],[84.2,54.7],[86.7,55.9],[88.7,56.9],[93.8,57.5],[92.2,55.9],[87,53.6],[82,51.3],[77.4,49.4],[78.5,51.9]]]]}}]}