{"type":"FeatureCollection","features":[{"type":"Feature","properties":{},"geometry":{"type":"MultiPolygon","coordinates":[[[[99.3,33.1],[98.8,31.4],[97.9,30.5],[97.3,29.1],[97.4,27.4],[100.3,23.1],[97.8,21.6],[95.8,21],[96.3,22.8],[95,26.2],[96,29.2],[96.3,30.7],[96.6,31.5],[99.3,33.1]]]]}},{"type":"Feature","properties":{},"geometry":{"type":"MultiPolygon","coordinates":[[[[106.5,36],[106.4,35.2],[104.5,35.6],[104,34.5],[103.5,33.3],[102.2,32.2],[101.8,31.2],[101.7,31.1],[101.7,31.3],[101.7,31.9],[101.8,33.2],[104,36.1],[106.5,36]]]]}},{"type":"Feature","properties":{},"geometry":{"type":"MultiPolygon","coordinates":[[[[102.3,31],[102.2,31],[102,30.5],[102,30.9],[102.1,31.3],[102.3,31]]]]}},{"type":"Feature","properties":{},"geometry":{"type":"MultiPolygon","coordinates":[[[[103.2,29.7],[102.5,26.7],[102,28],[102.1,28.8],[102.1,29.3],[102.5,29.7],[103,29.7],[103.2,29.7]]]]}},{"type":"Feature","properties":{},"geometry":{"type":"MultiPolygon","coordinates":[[[[106,37.6],[106,37.1],[106.2,36.7],[104.9,36.2],[102.6,33.8],[101.4,32.6],[100.9,32.7],[100.4,32.1],[100.4,31.6],[100.1,30.7],[100.2,29.9],[99.5,29.5],[99.5,28.8],[100.6,28.8],[100.9,29],[101.3,28.4],[102.3,27.4],[102.5,26.6],[103.5,24.3],[103.8,23.2],[103.7,22.6],[102.5,22.3],[101.7,22],[99.4,24.3],[97.4,27.8],[97.4,29.6],[98.2,30.7],[98.8,31.8],[99.4,33.3],[100.9,34.7],[102,35.7],[103.3,36.9],[104.2,37.2],[105.5,37.5],[106,37.6]]]]}},{"type":"Feature","properties":{},"geometry":{"type":"MultiPolygon","coordinates":[[[[72.9,23.9],[72.5,26.8],[72.1,29.3],[72.4,30.6],[74.3,30.8],[76.5,28.1],[77.5,25.3],[77.9,24.2],[79.5,21.5],[80.8,19.4],[80.2,20.1],[77.9,21.3],[77.3,18.7],[76.8,17.2],[76.5,15.3],[75.7,16.9],[75.2,18],[74.1,20],[73.2,21.9],[72.9,23.9]]]]}},{"type":"Feature","properties":{},"geometry":{"type":"MultiPolygon","coordinates":[[[[96.1,29.7],[94.4,27.2],[92,24.7],[91.2,21.9],[89.2,21.6],[91.2,26],[93.6,28.2],[96.1,29.7]]]]}},{"type":"Feature","properties":{},"geometry":{"type":"MultiPolygon","coordinates":[[[[76.6,30.7],[78.4,28],[77.8,26.4],[77.5,25.3],[76.5,28.1],[74.3,30.8],[76.6,30.7]]]]}},{"type":"Feature","properties":{},"geometry":{"type":"MultiPolygon","coordinates":[[[[21.4,14.6],[21.9,14.6],[22.2,14.7],[23.3,14.8],[24.2,15],[23.6,15],[22.8,15.2],[22.5,15.3],[22.6,15.1],[22,15.1],[22,15.5],[21.9,15.9],[21.7,16.1],[21.3,16.1],[19.9,17.7],[18.7,18.8],[20.1,21.9],[21.4,24.8],[22.8,25.6],[22.6,23.4],[22.4,22.6],[20.8,20.5],[19.4,19.3],[20.2,18.5],[21.3,16.9],[22.4,16.1],[24.2,15.4],[25.1,15.3],[27.1,15.3],[29,13.1],[30.6,12.3],[30.7,11.9],[30.9,11.6],[30.7,11.1],[30.7,11],[30.3,11],[29.8,10.7],[29.3,10.5],[29,9.9],[28.4,10.1],[27.6,10.6],[27.3,11.1],[26.6,11.7],[25.8,12.6],[24.7,12.6],[23.8,12.9],[23.3,13.2],[23,13.2],[22.7,13.2],[22.8,13.5],[22.2,13.6],[21.7,14.1],[21.4,14.6]]]]}},{"type":"Feature","properties":{},"geometry":{"type":"MultiPolygon","coordinates":[[[[21.6,16.6],[22.7,18.6],[23.4,20.4],[22.4,21.7],[22.5,23],[24.1,20.1],[24.1,19.4],[24.3,18.9],[24.2,17.9],[24,16.9],[23.1,16],[21.6,16.6]]]]}},{"type":"Feature","properties":{},"geometry":{"type":"MultiPolygon","coordinates":[[[[23.3,34.3],[25.7,33.8],[25.7,33.5],[27,32.1],[27.6,31.9],[28,31.2],[25.9,27.5],[23.2,26.6],[23.3,29.5],[23.6,31.8],[23.5,32],[23.6,33.3],[23.3,34.3]]]]}},{"type":"Feature","properties":{},"geometry":{"type":"MultiPolygon","coordinates":[[[[22.5,23],[22.6,24.1],[22.7,25.7],[23.8,25.7],[26.3,25.9],[27.9,26.8],[28.9,26.9],[28.8,26.2],[27.9,23.9],[27.1,19.7],[26,17.7],[25.8,17.3],[25.1,16.1],[24.2,15.4],[24,17],[24.2,18.3],[24.3,18.9],[24.2,19.5],[23.8,20.9],[22.5,23]]]]}},{"type":"Feature","properties":{},"geometry":{"type":"MultiPolygon","coordinates":[[[[21.2,27],[25.2,27],[28.8,27.7],[29.6,27.4],[30,27.2],[29.2,27],[28,26.8],[27.3,26.3],[25.1,25.7],[22.9,25.7],[21.7,26.4],[21.2,27]]]]}},{"type":"Feature","properties":{},"geometry":{"type":"MultiPolygon","coordinates":[[[[148.3,-75],[152.8,-75.6],[157.4,-75.1],[174.9,-78.4],[159.5,-80.1],[145.8,-79.2],[143.8,-77.4],[147.1,-75.7],[148.3,-75]]]]}},{"type":"Feature","properties":{},"geometry":{"type":"MultiPolygon","coordinates":[[[[180,-73.6],[174.9,-78],[166.7,-75.6],[176.8,-74.2],[180,-73.6]]]]}},{"type":"Feature","properties":{},"geometry":{"type":"MultiPolygon","coordinates":[[[[-180,-76.6],[-177.9,-73.3],[-168.6,-72.3],[-164.5,-71.6],[-160,-70.6],[-155.2,-69.1],[-154.2,-70.1],[-153.6,-70.9],[-153.2,-71.4],[-153,-72.8],[-155.3,-73.6],[-159.3,-74.1],[-164.9,-74.1],[-172.9,-73.6],[-177,-75.2],[-180,-76.6]]]]}},{"type":"Feature","properties":{},"geometry":{"type":"MultiPolygon","coordinates":[[[[66,-66.5],[76.1,-69.7],[67,-68.6],[64.4,-68.1],[64.8,-66.9],[66,-66.5]]]]}},{"type":"Feature","properties":{},"geometry":{"type":"MultiPolygon","coordinates":[[[[77.5,-69.7],[66,-66.5],[66.2,-65.7],[71.5,-66],[73.8,-66],[77.9,-69.4],[77.5,-69.7]]]]}},{"type":"Feature","properties":{},"geometry":{"type":"MultiPolygon","coordinates":[[[[62.5,-65.8],[64.8,-66.9],[64.4,-68.1],[67,-68.6],[76.1,-69.7],[80.3,-71.5],[75.6,-72.6],[70.3,-72.9],[57.8,-70.5],[56.4,-68.2],[62.5,-66.2],[62.5,-65.8]]]]}},{"type":"Feature","properties":{},"geometry":{"type":"MultiPolygon","coordinates":[[[[57.8,-70.5],[53.5,-73.1],[42.9,-74],[33,-75.6],[15.9,-77.6],[3.5,-77.6],[-6.5,-75.9],[-0.8,-76.1],[20.7,-76.2],[35.3,-74.1],[53.7,-71.8],[57.8,-70.5]]]]}},{"type":"Feature","properties":{},"geometry":{"type":"MultiPolygon","coordinates":[[[[4.5,-64.3],[2,-60.1],[5.3,-58],[11.8,-58.1],[14.7,-60],[13.7,-62],[11,-63.8],[9.8,-65.4],[5.6,-65.7],[4.5,-64.3]]]]}},{"type":"Feature","properties":{},"geometry":{"type":"MultiPolygon","coordinates":[[[[3.5,-62.3],[5.7,-66],[10.1,-70.1],[7.9,-72.4],[6.4,-72.3],[4.9,-71.9],[6.2,-72.8],[6.3,-73],[2.7,-74.7],[-4.5,-73.9],[-4.4,-67.8],[-2.7,-67.5],[-1.7,-66.2],[-2.2,-64.2],[-1.5,-64.4],[-1,-64],[-0.3,-63.2],[-1,-62.7],[-0.3,-62.2],[-0.1,-61.5],[0.1,-60.3],[2.1,-60.6],[3.5,-62.3]]]]}},{"type":"Feature","properties":{},"geometry":{"type":"MultiPolygon","coordinates":[[[[-5.7,-58.6],[-7.5,-59.8],[-8.5,-60.8],[-11.4,-62.6],[-13.7,-63.2],[-11.6,-61.6],[-10.1,-60.8],[-8.3,-59.8],[-7.3,-58.9],[-5,-57.8],[-5.7,-58.6]]]]}},{"type":"Feature","properties":{},"geometry":{"type":"MultiPolygon","coordinates":[[[[5.1,-52.2],[3.3,-56.2],[0.5,-59.7],[-0.5,-60],[-0.9,-59.8],[-2.3,-59.4],[-3,-58.9],[-4.8,-58.2],[-5.9,-58.5],[-7.7,-58.7],[-7.8,-58],[-9.5,-58.4],[-10.3,-59.3],[-10.7,-58.7],[-11.3,-58.8],[-11.4,-58.2],[-11.9,-58.5],[-12.7,-57.5],[-12.3,-53.4],[-10.5,-49.8],[-3.8,-49.9],[1.2,-49.3],[1.8,-49.2],[5.1,-52.2]]]]}},{"type":"Feature","properties":{},"geometry":{"type":"MultiPolygon","coordinates":[[[[-46.2,-81.3],[-63.9,-82],[-66.2,-82.2],[-68.2,-82.3],[-79.7,-81.3],[-102.7,-79.9],[-120.8,-78.1],[-112.1,-77],[-101.2,-76.5],[-79.6,-78.7],[-63.3,-78],[-52.5,-77.5],[-50.3,-79.5],[-46.2,-81.3]]]]}},{"type":"Feature","properties":{},"geometry":{"type":"MultiPolygon","coordinates":[[[[-58.9,-67.1],[-69.5,-68],[-68.3,-63.2],[-68.9,-58.9],[-71.3,-56.5],[-71.9,-55],[-67.4,-56.1],[-68.7,-52.8],[-72.8,-50.2],[-71.2,-48],[-68.8,-48.9],[-65.7,-49.9],[-63.2,-50.8],[-63.3,-51],[-63.4,-51.1],[-62.8,-51.6],[-62.6,-52.2],[-62.7,-53.9],[-63.6,-54.3],[-62.6,-54.1],[-62.4,-54.3],[-62.6,-55.1],[-62.1,-55.5],[-60.9,-56.6],[-60.8,-56.5],[-59.9,-57.1],[-59.6,-57.1],[-58.2,-57.8],[-58.1,-57.9],[-57,-59.2],[-57,-59.6],[-56.7,-59.7],[-56.8,-59.9],[-56.5,-60.3],[-56.6,-60.7],[-56.9,-61.4],[-57.4,-62.3],[-58,-62.7],[-57.1,-63.6],[-57.8,-64],[-58.9,-64],[-60.8,-64.2],[-62,-64.1],[-64.9,-64.4],[-66.9,-64.1],[-63.9,-64.9],[-62.9,-65],[-63.6,-65.6],[-63.6,-66],[-62.7,-66.2],[-62.3,-66.5],[-61.3,-66.6],[-62.6,-66.8],[-62.9,-67],[-61.3,-66.8],[-59.5,-66.9],[-58.9,-67.1]]]]}},{"type":"Feature","properties":{},"geometry":{"type":"MultiPolygon","coordinates":[[[[-59.5,-65.3],[-58.1,-65.7],[-58.2,-66.3],[-59.4,-66.5],[-59.9,-66.5],[-60,-66.5],[-60.6,-66.6],[-61,-66.4],[-61.3,-66.3],[-62.2,-66.3],[-63.7,-65.7],[-62.6,-65.3],[-62.4,-64.9],[-61.9,-65],[-61.6,-64.8],[-61.4,-64.6],[-60.5,-64.7],[-59.5,-65.3]]]]}},{"type":"Feature","properties":{},"geometry":{"type":"MultiPolygon","coordinates":[[[[-62.7,-64.5],[-65.4,-64.6],[-64.3,-64.4],[-63.2,-64.4],[-62.7,-64.5]]]]}},{"type":"Feature","properties":{},"geometry":{"type":"MultiPolygon","coordinates":[[[[-54.6,-67.6],[-54.7,-67.7],[-54.3,-69.2],[-53.7,-70.6],[-54.5,-70.6],[-54,-70.7],[-47.8,-71.3],[-46.4,-71.7],[-45.8,-71.7],[-45.3,-72.6],[-51.2,-74.2],[-74.4,-73.9],[-86.8,-72.7],[-102.1,-71.2],[-112.1,-69.4],[-127.4,-64.5],[-122.4,-63.1],[-115.8,-61.8],[-120.1,-58.6],[-116.3,-56.8],[-107.4,-58.2],[-109.1,-61.4],[-111.6,-66.4],[-104.4,-66.1],[-98.7,-67.3],[-92.9,-70.2],[-86,-71.6],[-79.2,-70.8],[-72.1,-70],[-62.9,-68.3],[-58.9,-67.1],[-57.2,-66.6],[-56.9,-66.6],[-56.3,-66.8],[-56.4,-66.9],[-56.1,-67.1],[-55.5,-67],[-55.4,-67.1],[-55.5,-67.3],[-54.8,-67.4],[-54.7,-67.5],[-54.6,-67.6]]]]}},{"type":"Feature","properties":{},"geometry":{"type":"MultiPolygon","coordinates":[[[[-45.9,-81.4],[-47.7,-81.6],[-60.7,-82.1],[-61,-81.8],[-62.8,-82],[-46.2,-81.3],[-45.9,-81.4]]]]}},{"type":"Feature","properties":{},"geometry":{"type":"MultiPolygon","coordinates":[[[[-93.7,-72.6],[-98.4,-72.4],[-107.4,-73.3],[-112.9,-75.6],[-121.6,-77.2],[-108.9,-79.8],[-84.1,-80.7],[-68.5,-82.4],[-70.4,-82.6],[-74.8,-83],[-93,-83.7],[-98.3,-83.9],[-114.9,-83.3],[-120,-82.8],[-123.1,-82.3],[-130.7,-80.9],[-133.3,-80.4],[-131.2,-79.5],[-131.1,-79.4],[-129.8,-78.6],[-129.3,-78.4],[-129.9,-78],[-130.5,-78],[-130.3,-77.8],[-130.9,-77.4],[-130.7,-76.5],[-130.7,-76.3],[-132,-75],[-133.5,-74.3],[-133,-74.2],[-133.1,-74],[-133,-73.8],[-134.7,-73.7],[-136,-73.4],[-138,-73.2],[-139.2,-73.1],[-140.3,-72.9],[-142.2,-72.5],[-138.2,-70.9],[-130.5,-66.8],[-120.5,-67.1],[-106.3,-70.5],[-112.6,-70.3],[-116.4,-69.3],[-122,-68],[-125.3,-66.3],[-129.3,-66.5],[-126.6,-68.6],[-123.4,-70.7],[-120.6,-72.8],[-119.4,-74.7],[-112.9,-73.9],[-107.8,-72.7],[-104.4,-71],[-93.7,-72.2],[-93.7,-72.6]]]]}},{"type":"Feature","properties":{},"geometry":{"type":"MultiPolygon","coordinates":[[[[-106.8,-57.8],[-119.4,-56.3],[-116,-54.9],[-112.2,-54.5],[-110.2,-53.4],[-109.1,-52],[-107.8,-49.5],[-107.2,-49.1],[-106.4,-48.3],[-105.8,-48],[-103.9,-47.3],[-102.8,-46.5],[-101.2,-45.3],[-100.3,-44.8],[-100.1,-44.7],[-99.2,-44.2],[-97.6,-42.6],[-96.8,-41.4],[-96.3,-41.3],[-95.7,-40.9],[-93.7,-41.1],[-93.2,-41.4],[-92.1,-41.3],[-91.3,-41.4],[-89.1,-41.8],[-89,-42.5],[-94,-44.3],[-95.7,-47.2],[-99.7,-49.4],[-101.5,-50.8],[-102.4,-53.4],[-104.3,-56.8],[-106.8,-57.8]]]]}},{"type":"Feature","properties":{},"geometry":{"type":"MultiPolygon","coordinates":[[[[-137.8,-54.2],[-142.6,-54.2],[-149.1,-54.8],[-147.6,-56.4],[-145.4,-57.7],[-152.9,-57.9],[-153.2,-57.9],[-151.6,-56.7],[-146.6,-51.7],[-144.7,-49.9],[-144.5,-50.4],[-143.9,-50.5],[-142.8,-50.9],[-141.9,-51.3],[-140,-51.8],[-138.4,-52.1],[-137.2,-52.5],[-136.4,-52.4],[-136.1,-53.3],[-137.8,-54.2]]]]}},{"type":"Feature","properties":{},"geometry":{"type":"MultiPolygon","coordinates":[[[[-119.4,-56.3],[-124.1,-57.2],[-134.4,-56.3],[-128.8,-56],[-134.3,-54.6],[-132.2,-52.9],[-131.5,-53.2],[-130.8,-53.3],[-129,-53.5],[-127.4,-53.9],[-126.1,-54.1],[-125.1,-54.3],[-123.5,-54.6],[-120.2,-54.6],[-119.5,-54.6],[-118.2,-54.8],[-119.4,-56.3]]]]}},{"type":"Feature","properties":{},"geometry":{"type":"MultiPolygon","coordinates":[[[[-127.4,-64.5],[-134,-68.9],[-142.3,-72.4],[-142.7,-72.2],[-144.7,-70.6],[-147,-68.2],[-146.8,-68.4],[-146.7,-68.9],[-146,-69.3],[-144.9,-70],[-144.6,-70.1],[-144.5,-69.7],[-143.3,-69.7],[-145.3,-69.3],[-145.3,-69.1],[-145.7,-68.8],[-146.1,-68.4],[-146.6,-68.1],[-147.1,-68.1],[-147.6,-67.8],[-149.7,-66],[-150.2,-65.2],[-148,-65.4],[-143.1,-66.7],[-140.5,-66.1],[-139.3,-65.6],[-137.5,-64.7],[-135.3,-63.5],[-134.2,-60.4],[-142.1,-58],[-142.1,-57.3],[-129.5,-60.8],[-126,-63.4],[-127.4,-64.5]]]]}},{"type":"Feature","properties":{},"geometry":{"type":"MultiPolygon","coordinates":[[[[-137.5,-64.1],[-144.4,-65.2],[-149.4,-64.3],[-148.2,-63.6],[-148.1,-63.6],[-145.7,-62.7],[-143.2,-63.1],[-144.1,-62.6],[-144.5,-62.5],[-145.2,-62.5],[-145.4,-62.2],[-148.7,-62.8],[-150.5,-62.4],[-151.1,-62.4],[-143,-58.7],[-133,-61.4],[-137.5,-64.1]]]]}},{"type":"Feature","properties":{},"geometry":{"type":"MultiPolygon","coordinates":[[[[-66.7,-8.3],[-68.1,-9.1],[-69.8,-9.8],[-70.3,-10.4],[-70.6,-10.7],[-71.1,-10.5],[-72,-10.1],[-71.7,-9],[-72.4,-7.9],[-73.4,-7],[-73.6,-6.5],[-72.8,-5.6],[-71.3,-5.3],[-70.1,-5.3],[-69.4,-5.4],[-68.3,-5.7],[-67.7,-6],[-66.5,-6.4],[-66.5,-7],[-66.7,-8],[-66.7,-8.3]]]]}},{"type":"Feature","properties":{},"geometry":{"type":"MultiPolygon","coordinates":[[[[-58.9,-14],[-61.2,-13],[-62,-12],[-62.5,-11],[-60.4,-11.9],[-59.9,-12.6],[-60,-12.9],[-58.9,-14]]]]}},{"type":"Feature","properties":{},"geometry":{"type":"MultiPolygon","coordinates":[[[[-45.9,0.6],[-45.1,0.4],[-44.9,0.4],[-44.7,0.3],[-44.3,0.4],[-44.6,0.5],[-43.2,1.4],[-42.1,1.5],[-41.4,1.6],[-41.2,1.5],[-41.5,1.4],[-41.6,1.4],[-42,1.3],[-42.2,1.2],[-42.4,1.3],[-42.4,1.2],[-42.3,1],[-42.4,1],[-42.9,0.9],[-42.5,0.8],[-42.7,0.6],[-42.9,0.3],[-43,0],[-43.6,-0.3],[-44.1,0.3],[-44.3,-0.1],[-43.9,-0.3],[-43.8,-0.7],[-43.7,-1],[-44.7,-1.1],[-44.7,-0.6],[-44.8,-0.7],[-45.1,-0.5],[-45.2,-0.2],[-45.6,-0.2],[-45.6,-0.1],[-45.8,-0.1],[-46,0.1],[-45.9,0.3],[-45.9,0.6]]]]}},{"type":"Feature","properties":{},"geometry":{"type":"MultiPolygon","coordinates":[[[[-47.1,0.9],[-46.3,0.4],[-46.2,0.1],[-46.6,0.5],[-46.6,0.2],[-46.9,0.1],[-46.5,0],[-46.5,-0.3],[-46.6,-0.4],[-46.3,-0.7],[-46.2,-1],[-45.8,-1],[-45.6,-1],[-44.9,-1.3],[-44.7,-1.8],[-45.1,-2.2],[-45.1,-2.4],[-45.7,-2.4],[-45.9,-2.2],[-46,-2.1],[-46.4,-1.7],[-46.7,-1.7],[-46.9,-1.6],[-47.2,-1.4],[-47.1,-1],[-47.5,-1],[-47.6,-0.8],[-47.7,-0.7],[-47.5,-0.3],[-47.2,0],[-47,0.8],[-47.1,0.9]]]]}},{"type":"Feature","properties":{},"geometry":{"type":"MultiPolygon","coordinates":[[[[-48.6,1.4],[-48,1.2],[-48.2,1],[-48.4,0.9],[-48.4,0.8],[-48.5,0.8],[-48.9,0.9],[-49,1],[-48.9,1.4],[-48.6,1.4]]]]}},{"type":"Feature","properties":{},"geometry":{"type":"MultiPolygon","coordinates":[[[[-47.6,0.5],[-48.4,-0.1],[-48.4,0.1],[-48.4,0.4],[-48,0.5],[-47.7,0.6],[-47.6,0.5]]]]}},{"type":"Feature","properties":{},"geometry":{"type":"MultiPolygon","coordinates":[[[[-71.4,-1.7],[-71,-0.5],[-70.4,-0.1],[-69,-0.3],[-68.6,-0.4],[-67.2,-0.9],[-69.9,-1],[-71.4,-1.7]]]]}},{"type":"Feature","properties":{},"geometry":{"type":"MultiPolygon","coordinates":[[[[-71.6,-13.6],[-74.6,-15.7],[-76.7,-16.7],[-78.6,-16.5],[-79.9,-14.9],[-81.6,-13.2],[-82.7,-12.2],[-84.6,-10.6],[-84,-8.9],[-81.9,-9.9],[-80.4,-10.4],[-78.4,-11.5],[-78.1,-11.1],[-78,-10.4],[-77.3,-10.1],[-75.9,-10.1],[-75.4,-9.8],[-74.2,-10.4],[-71.9,-11.1],[-70.5,-11.1],[-70.5,-11.4],[-70.9,-12.4],[-71.6,-13.6]]]]}},{"type":"Feature","properties":{},"geometry":{"type":"MultiPolygon","coordinates":[[[[-55.9,-27.7],[-56.3,-27.3],[-57,-27.6],[-57.3,-27.7],[-58.2,-28],[-58.6,-28.4],[-59.3,-28.8],[-59.6,-28.9],[-59.7,-28.9],[-60,-29.1],[-61.8,-28.5],[-60.9,-29.2],[-62.3,-30.3],[-63.6,-31],[-67.2,-32],[-71.6,-33.1],[-75,-33.8],[-77.1,-33.2],[-77.7,-30.8],[-78.7,-27.3],[-80.8,-27.3],[-83.3,-28.7],[-84.4,-28.7],[-84.1,-27],[-84.6,-26],[-85.1,-25.2],[-86,-24.5],[-86.4,-24.4],[-86.6,-24.1],[-86.8,-24.2],[-87.4,-24.5],[-88,-24.3],[-88.6,-24.4],[-88,-23.5],[-87.3,-21.9],[-87.2,-20.9],[-85,-22.3],[-84.4,-23.1],[-81.8,-23.5],[-80.3,-24.7],[-78,-26.5],[-75,-27.4],[-72.2,-27.1],[-68,-27.7],[-64.3,-27.4],[-63.4,-27.8],[-62.2,-26.3],[-62,-26.7],[-62,-27],[-61.6,-27.6],[-61.3,-27.4],[-61.2,-27.3],[-61,-26.8],[-61.2,-26.5],[-60.4,-26.4],[-60.4,-26.7],[-60.2,-26.3],[-59.6,-26.2],[-58.8,-26.4],[-58.7,-26.5],[-58.5,-26.4],[-57.7,-26.2],[-57,-26.3],[-56.8,-26.5],[-56.5,-27],[-56.3,-26.9],[-55.7,-27.2],[-55.9,-27.7]]]]}},{"type":"Feature","properties":{},"geometry":{"type":"MultiPolygon","coordinates":[[[[-64.7,-24.9],[-65.3,-26.3],[-67.1,-27.6],[-70.5,-27.4],[-74.7,-27.4],[-76.8,-27],[-79.1,-25.1],[-78.8,-23.3],[-76.5,-23],[-74.6,-22.9],[-73.7,-22.8],[-72.4,-23.2],[-70.4,-23.3],[-66.5,-24],[-66,-24.1],[-66.9,-24.7],[-68.1,-25.9],[-67.6,-26.8],[-66.5,-25.9],[-66.2,-25.4],[-65.3,-24.8],[-65,-24.9],[-64.7,-24.9]]]]}},{"type":"Feature","properties":{},"geometry":{"type":"MultiPolygon","coordinates":[[[[-76.8,-23.1],[-81.8,-23.5],[-84.4,-23.1],[-85,-22.3],[-87.2,-20.9],[-87.2,-20.2],[-87.9,-18.6],[-88,-17.6],[-87.6,-16.4],[-86.8,-16.6],[-85.2,-17.6],[-83.6,-18.5],[-83.5,-19.4],[-79.6,-21.7],[-77.1,-22.5],[-76.5,-22.9],[-76.8,-23.1]]]]}},{"type":"Feature","properties":{},"geometry":{"type":"MultiPolygon","coordinates":[[[[-45.8,-10.6],[-45.6,-11.3],[-45.8,-11.2],[-46.1,-11.2],[-45.9,-11.4],[-46.1,-11.6],[-45.9,-11.7],[-45.8,-11.7],[-45.8,-11.8],[-46.3,-12.2],[-48.5,-11.9],[-48.8,-11.8],[-48.5,-11.4],[-48.8,-11.4],[-48.7,-11.3],[-48.9,-11.5],[-49,-11.5],[-48.9,-11.4],[-48.8,-11.2],[-49,-11.1],[-49,-11.3],[-49.3,-11.3],[-49.5,-11.1],[-49.9,-11],[-50,-11],[-50.3,-10.9],[-50.3,-10.7],[-50.3,-10.3],[-49.8,-10.1],[-49.6,-9.8],[-49.1,-10.4],[-48.7,-10.4],[-48.2,-10.4],[-47.1,-9.9],[-46.9,-9.3],[-45.8,-10.6]]]]}},{"type":"Feature","properties":{},"geometry":{"type":"MultiPolygon","coordinates":[[[[-47.7,-8.4],[-48.5,-8.4],[-47.9,-8.1],[-47.7,-8.4]]]]}},{"type":"Feature","properties":{},"geometry":{"type":"MultiPolygon","coordinates":[[[[-44.2,-12.1],[-44.3,-12.3],[-44.3,-12.4],[-44.4,-12.6],[-44.4,-12.8],[-44.6,-12.9],[-44.6,-12.7],[-44.7,-12.6],[-44.8,-12.5],[-45,-12.4],[-45,-12.3],[-44.8,-12.1],[-45.1,-12],[-45,-11.8],[-44.2,-12.1]]]]}},{"type":"Feature","properties":{},"geometry":{"type":"MultiPolygon","coordinates":[[[[-43.9,-12.2],[-44,-12.4],[-44,-12.2],[-43.9,-12.2]]]]}},{"type":"Feature","properties":{},"geometry":{"type":"MultiPolygon","coordinates":[[[[-46,-14.8],[-46,-14.6],[-46.2,-14.5],[-46.1,-14.3],[-45.9,-11.9],[-46,-12.2],[-45.9,-12.3],[-45.7,-12.3],[-45.6,-12.5],[-45.8,-12.7],[-45.7,-12.6],[-45.7,-12.7],[-45.5,-12.6],[-45.5,-12.7],[-45.4,-13],[-45.7,-13.1],[-45.5,-13.4],[-45.5,-13.6],[-45.5,-13.7],[-45.5,-14.1],[-45.6,-14.2],[-45.7,-13.6],[-45.8,-14],[-45.7,-14.3],[-45.7,-14.4],[-45.7,-14.6],[-46,-14.8]]]]}},{"type":"Feature","properties":{},"geometry":{"type":"MultiPolygon","coordinates":[[[[-45.4,-12.8],[-45.3,-12.9],[-45.5,-13],[-45.4,-12.8]]]]}},{"type":"Feature","properties":{},"geometry":{"type":"MultiPolygon","coordinates":[[[[-24.9,-15],[-24.6,-15.4],[-24.4,-15.7],[-24.2,-15.8],[-23.9,-15.7],[-23.9,-16.1],[-23.8,-16.4],[-24,-16.8],[-23.8,-16.9],[-23.6,-17],[-24.2,-17.4],[-24.7,-17.2],[-25,-16.5],[-25.1,-15.8],[-25.1,-15.2],[-24.9,-14.8],[-24.9,-15]]]]}},{"type":"Feature","properties":{},"geometry":{"type":"MultiPolygon","coordinates":[[[[-21.9,-15],[-22.1,-15.6],[-22.5,-15.4],[-21.9,-15]]]]}},{"type":"Feature","properties":{},"geometry":{"type":"MultiPolygon","coordinates":[[[[-23.1,-15.4],[-22.9,-15.4],[-22.6,-15.7],[-22.7,-16],[-22.4,-16.3],[-22.2,-16.6],[-22.7,-16.4],[-22.7,-16.3],[-23.2,-16.3],[-23.5,-16.2],[-23.3,-15.9],[-23.2,-15.8],[-23.1,-16],[-22.9,-15.9],[-23.2,-15.7],[-23.1,-15.4]]]]}},{"type":"Feature","properties":{},"geometry":{"type":"MultiPolygon","coordinates":[[[[-23.3,-16.5],[-23.4,-17],[-23.8,-16.9],[-23.7,-16.7],[-23.4,-16.6],[-23.3,-16.5]]]]}},{"type":"Feature","properties":{},"geometry":{"type":"MultiPolygon","coordinates":[[[[-22.4,-16.8],[-22.8,-16.9],[-22.5,-16.6],[-22.4,-16.8]]]]}},{"type":"Feature","properties":{},"geometry":{"type":"MultiPolygon","coordinates":[[[[-21.6,-16],[-21.2,-16.1],[-21.3,-16.2],[-21.5,-16.3],[-21.5,-16.2],[-21.5,-16.1],[-21.6,-16.2],[-21.6,-16]]]]}},{"type":"Feature","properties":{},"geometry":{"type":"MultiPolygon","coordinates":[[[[180,-72.3],[171.8,-75],[162.5,-75.5],[158.2,-73.6],[164.3,-73.5],[167.7,-73.5],[178.4,-72.4],[180,-72.3]]]]}},{"type":"Feature","properties":{},"geometry":{"type":"MultiPolygon","coordinates":[[[[-180,-73.6],[-173.6,-71.9],[-166.8,-71.6],[-162.3,-70.3],[-158.8,-69.7],[-161.2,-68.7],[-164.7,-67.4],[-165.1,-66.8],[-158.1,-68],[-155.7,-68.7],[-156.3,-69.7],[-161.4,-70.8],[-165.4,-71.7],[-170.6,-72.5],[-179.8,-73.6],[-180,-73.6]]]]}},{"type":"Feature","properties":{},"geometry":{"type":"MultiPolygon","coordinates":[[[[139.2,-70.2],[147.1,-70.3],[147.9,-69.9],[148.8,-70.1],[149.3,-70.9],[151.3,-71.6],[154.2,-73],[155.5,-73.4],[160.8,-75.1],[156.5,-75],[151.4,-74.1],[143.9,-73.2],[136.1,-71.5],[138.7,-70.5],[139.8,-70.1],[139.2,-70.2]]]]}},{"type":"Feature","properties":{},"geometry":{"type":"MultiPolygon","coordinates":[[[[39.4,-54.4],[41.6,-55],[42.1,-55.4],[43,-55.8],[48.3,-57.2],[48.4,-57.7],[50.9,-58.1],[51.6,-58.3],[50.7,-60],[48.3,-59.2],[44.1,-58.7],[38.4,-54.6],[39.4,-54.4]]]]}},{"type":"Feature","properties":{},"geometry":{"type":"MultiPolygon","coordinates":[[[[51.5,-55.2],[55.4,-56.1],[56.5,-56.6],[55.9,-58.4],[55.2,-59.2],[55.2,-59],[54.5,-58.5],[54.1,-58.4],[51.6,-57.9],[50.8,-57.7],[50.8,-56.7],[49.1,-56.4],[51,-55.5],[51.5,-55.2]]]]}},{"type":"Feature","properties":{},"geometry":{"type":"MultiPolygon","coordinates":[[[[32,-48.3],[31.7,-48.4],[30.9,-48.2],[32,-48.3]]]]}},{"type":"Feature","properties":{},"geometry":{"type":"MultiPolygon","coordinates":[[[[38,-53.2],[37.7,-52.9],[37.3,-52.4],[37.9,-53.1],[38,-53.2]]]]}},{"type":"Feature","properties":{},"geometry":{"type":"MultiPolygon","coordinates":[[[[39.1,-52],[38.1,-52.3],[38.3,-52.2],[38.7,-52.1],[39.1,-52]]]]}},{"type":"Feature","properties":{},"geometry":{"type":"MultiPolygon","coordinates":[[[[38,-53.3],[38.5,-53.6],[39.3,-54.4],[34.7,-55.2],[29.3,-56.5],[21.2,-56.9],[15.6,-55.5],[8.4,-55.8],[2.6,-58.1],[4.6,-54],[6.7,-52.3],[7.2,-52.5],[7.6,-52.8],[7.7,-52.8],[10.7,-53.5],[13.1,-54.3],[15.1,-55.3],[19.5,-56],[19.8,-54.4],[21.8,-53.5],[24.2,-53.4],[24.6,-53.8],[27.5,-54.2],[30.6,-53.8],[31.5,-53.9],[34.3,-53.1],[34.6,-52.9],[34.9,-52.9],[35.4,-52.6],[36.1,-52.5],[36.8,-52.6],[37.1,-52.6],[37.1,-52.4],[37.6,-52.8],[37.8,-53.1],[38,-53.3]]]]}},{"type":"Feature","properties":{},"geometry":{"type":"MultiPolygon","coordinates":[[[[36.9,-47.6],[36.4,-48.7],[35.7,-49.1],[34.9,-48.9],[36.1,-48.2],[36.9,-47.6]]]]}},{"type":"Feature","properties":{},"geometry":{"type":"MultiPolygon","coordinates":[[[[19.8,-47.9],[19.8,-48.3],[19.5,-48.2],[19.8,-47.9]]]]}},{"type":"Feature","properties":{},"geometry":{"type":"MultiPolygon","coordinates":[[[[46.3,-60.1],[45.7,-61.4],[44.1,-61.8],[43.9,-62.6],[42.6,-63.8],[42.9,-61.2],[39.5,-56],[41.6,-56.9],[46.3,-60.1]]]]}},{"type":"Feature","properties":{},"geometry":{"type":"MultiPolygon","coordinates":[[[[69.7,-60.2],[70.7,-59.9],[72.7,-59.9],[74.4,-59.7],[74.6,-60],[74.6,-60.8],[75.1,-60.2],[77.6,-62],[77.3,-62.5],[77.4,-63.9],[75.4,-63.7],[73.9,-63.2],[72.3,-62.9],[71.1,-62.8],[69.6,-62.1],[68,-61.5],[69.7,-60.2]]]]}},{"type":"Feature","properties":{},"geometry":{"type":"MultiPolygon","coordinates":[[[[69.7,-60.2],[65.6,-61],[65.5,-60.6],[66.4,-60.6],[66.9,-60.5],[69.7,-60.2]]]]}},{"type":"Feature","properties":{},"geometry":{"type":"MultiPolygon","coordinates":[[[[65.1,-60.4],[65.2,-60.3],[64.8,-60.5],[64.7,-60.4],[65.1,-60.4]]]]}},{"type":"Feature","properties":{},"geometry":{"type":"MultiPolygon","coordinates":[[[[-12.7,-57.5],[-15.8,-59.6],[-17.8,-61.2],[-22.8,-62.8],[-25,-64.4],[-26.3,-63.3],[-31.1,-62.9],[-32.4,-62.7],[-36.7,-63.2],[-39.8,-61.7],[-36.6,-61.2],[-34.9,-59.4],[-35.2,-55.7],[-39.5,-55.7],[-38.2,-54],[-37.3,-51.7],[-31.6,-52.2],[-24.3,-54.3],[-18.6,-54.8],[-16.5,-54.6],[-16.7,-53.3],[-22.9,-51.2],[-25,-49.2],[-20.7,-50.2],[-17.2,-51.2],[-12.4,-51.4],[-12.9,-56.2],[-12.7,-57.5]]]]}},{"type":"Feature","properties":{},"geometry":{"type":"MultiPolygon","coordinates":[[[[-25.5,-65],[-24,-66.3],[-25.7,-68.3],[-30.7,-69.4],[-41.9,-71.1],[-42.4,-71],[-40.7,-70.7],[-40.2,-70.5],[-39.2,-70.3],[-39.2,-70.2],[-38.6,-70.1],[-38.3,-69.9],[-38.1,-69.8],[-38.8,-70],[-39.6,-70.1],[-39.6,-69.9],[-39.3,-69.8],[-39.8,-69.5],[-39.3,-69],[-39.7,-69],[-39,-68.6],[-39.6,-68.6],[-39.8,-68.5],[-39.9,-68.7],[-40,-69.3],[-40.3,-69.5],[-40.4,-69.6],[-40.1,-69.8],[-40.1,-70.1],[-40.7,-70.1],[-40.5,-70.4],[-40.8,-70.3],[-41.3,-70.6],[-41.8,-70.7],[-42,-70.8],[-42.9,-70.8],[-42.9,-70.4],[-43.4,-70.3],[-43.6,-71],[-44.5,-71.1],[-50.6,-70],[-51.5,-68.3],[-51.8,-68],[-54.6,-66.2],[-57.1,-65.1],[-55.7,-64.6],[-49.1,-64.1],[-46.9,-61.1],[-50.1,-58.5],[-40.3,-55.9],[-36.4,-55.2],[-33.5,-58.5],[-36.5,-60.8],[-39.6,-61.6],[-38.1,-62.8],[-33.1,-62.7],[-31.6,-62.9],[-27.4,-63],[-25.5,-65]]]]}},{"type":"Feature","properties":{},"geometry":{"type":"MultiPolygon","coordinates":[[[[-150.7,-63.1],[-152.4,-62.1],[-152.9,-59.9],[-147.2,-58.4],[-145.4,-60.8],[-150.7,-63.1]]]]}},{"type":"Feature","properties":{},"geometry":{"type":"MultiPolygon","coordinates":[[[[-72.8,-50.2],[-74.5,-53.4],[-74.7,-56.7],[-78.8,-58.6],[-81.6,-63.1],[-81.4,-67.3],[-87.1,-68.2],[-88.5,-66.5],[-88.8,-63.4],[-88.7,-59.4],[-86.4,-61.2],[-85.7,-60.3],[-85.7,-59.4],[-87.7,-58.1],[-82.9,-52.4],[-79.9,-49.5],[-78.3,-48.3],[-76.2,-48],[-73.4,-47.8],[-72.6,-49.8],[-72.8,-50.2]]]]}},{"type":"Feature","properties":{},"geometry":{"type":"MultiPolygon","coordinates":[[[[-26.7,-79.2],[-44.6,-78.6],[-55.4,-76.4],[-46.5,-76.6],[-31.6,-77.9],[-26.1,-77.9],[-26.1,-78.3],[-26.3,-78.7],[-26.7,-79.2]]]]}},{"type":"Feature","properties":{},"geometry":{"type":"MultiPolygon","coordinates":[[[[-87.2,-12.9],[-89.3,-13],[-89,-11.2],[-88.7,-10.6],[-87.8,-11.2],[-87.2,-12.6],[-87.2,-12.9]]]]}},{"type":"Feature","properties":{},"geometry":{"type":"MultiPolygon","coordinates":[[[[-87.5,-16],[-88.7,-15.4],[-89.4,-16],[-89.9,-15.2],[-89.5,-13.9],[-87.2,-13],[-87.6,-13.9],[-87.7,-15.2],[-87.5,-16]]]]}},{"type":"Feature","properties":{},"geometry":{"type":"MultiPolygon","coordinates":[[[[-69.2,-4.8],[-70.4,-3.9],[-67.9,-1.5],[-65.6,-1.2],[-63.8,-1.9],[-63,-2.2],[-63.3,-2.3],[-65.2,-2.3],[-67.2,-2.8],[-69.1,-4.6],[-69.2,-4.8]]]]}},{"type":"Feature","properties":{},"geometry":{"type":"MultiPolygon","coordinates":[[[[-65.3,-23.6],[-66.5,-24],[-69.5,-23.5],[-71.7,-23.4],[-71.2,-22.9],[-70,-22.5],[-69.6,-22],[-67.9,-21.3],[-67.4,-21.6],[-66.2,-22.5],[-65.4,-23.4],[-65.3,-23.6]]]]}},{"type":"Feature","properties":{},"geometry":{"type":"MultiPolygon","coordinates":[[[[-75.6,-22.7],[-78.9,-21.8],[-81.9,-20.6],[-83.8,-18.9],[-84.1,-18.1],[-85.9,-17.3],[-87.5,-16],[-87.7,-15.2],[-87.6,-13.9],[-87.2,-13],[-84,-11.1],[-82.5,-12.4],[-81.4,-12.8],[-79.5,-15.4],[-77.7,-16.7],[-76.9,-17],[-75.2,-17.7],[-74,-19.2],[-73.7,-20.1],[-73.4,-20.7],[-71.5,-21.3],[-70.7,-22.3],[-73.6,-22.3],[-74.6,-22.3],[-75.6,-22.7]]]]}},{"type":"Feature","properties":{},"geometry":{"type":"MultiPolygon","coordinates":[[[[-124.8,-62.3],[-121,-58.3],[-115.5,-61.3],[-120,-63.9],[-124.8,-62.3]]]]}},{"type":"Feature","properties":{},"geometry":{"type":"MultiPolygon","coordinates":[[[[-124.8,-62.3],[-136.2,-59.3],[-141.7,-56.8],[-133.4,-58.4],[-122.2,-59.6],[-124.8,-62.3]]]]}},{"type":"Feature","properties":{},"geometry":{"type":"MultiPolygon","coordinates":[[[[-44.3,-10.5],[-45.4,-10.2],[-46.8,-8.9],[-46.8,-8.6],[-46.9,-8],[-47,-7.9],[-47,-7.5],[-47,-7.4],[-47.2,-7.3],[-47.3,-7.1],[-47.2,-6.7],[-47,-6.5],[-47.3,-6.4],[-47.2,-6.2],[-47.4,-6.2],[-47.3,-5.5],[-47.3,-5.4],[-47.3,-5.2],[-47.6,-5.3],[-47.9,-5.7],[-48,-5.5],[-48.4,-5.2],[-48.6,-5.2],[-48.7,-5.1],[-49.2,-4.4],[-49.4,-4.3],[-49.3,-3.8],[-49.5,-3.8],[-49.6,-3.8],[-49.9,-3.5],[-49.8,-2.8],[-49.3,-3.3],[-48.6,-3.5],[-48.6,-3.6],[-48.4,-3.5],[-48.3,-3.1],[-48.3,-2.7],[-47.8,-3],[-47.8,-2.9],[-47.7,-2.6],[-47.5,-2.1],[-47.4,-2],[-47.3,-2],[-47,-1.9],[-46.8,-2.1],[-46.4,-2],[-46.3,-2.8],[-46.6,-3.4],[-47,-3.6],[-46.8,-3.8],[-46.6,-3.8],[-46.6,-3.7],[-46.4,-3.8],[-46.4,-3.9],[-46.4,-4.2],[-46.4,-3.9],[-46.1,-4.1],[-46.2,-3.8],[-45.6,-3.9],[-45.3,-4.3],[-45.7,-4.5],[-45.6,-4.6],[-45.7,-4.9],[-45.8,-5.1],[-45.9,-5.4],[-45.4,-5.1],[-45.3,-5.2],[-45.5,-5.3],[-45.4,-5.5],[-45.3,-5.5],[-45,-5.4],[-45.1,-6],[-45.5,-6.3],[-44.9,-6.1],[-44.9,-6.4],[-45.4,-6.6],[-45.1,-6.6],[-44.5,-6.5],[-44.8,-6.7],[-44.4,-6.6],[-44.4,-7.1],[-44.9,-7.3],[-44.8,-7.1],[-45,-7.4],[-44.7,-7.4],[-44.4,-7.3],[-44.2,-7.9],[-44.9,-7.8],[-44.5,-8],[-44.5,-8.3],[-44.9,-8],[-45,-8.2],[-44.8,-8.2],[-44.8,-8.5],[-45,-8.5],[-45.2,-8.3],[-45.1,-8.7],[-44.9,-9],[-44.8,-9],[-44.6,-9],[-45,-9.1],[-44.8,-9.1],[-44.7,-9.2],[-44.7,-9.6],[-44.5,-9.5],[-44.6,-9.8],[-44.4,-9.7],[-44.2,-9.7],[-44.2,-9.8],[-44.1,-9.9],[-44.1,-10],[-44,-10.1],[-43.9,-10.2],[-43.9,-10.5],[-44.3,-10.5]]]]}},{"type":"Feature","properties":{},"geometry":{"type":"MultiPolygon","coordinates":[[[[-47.3,-1.7],[-48.4,-2.7],[-48.5,-3.5],[-48.6,-3.4],[-49.2,-3.3],[-49.6,-2.5],[-49.1,-1.9],[-48.7,-1.5],[-48.5,-1.4],[-48,-1.3],[-46.9,-1.5],[-47.3,-1.7]]]]}},{"type":"Feature","properties":{},"geometry":{"type":"MultiPolygon","coordinates":[[[[-45.8,-2.4],[-45.3,-3.3],[-45.3,-3.7],[-46.2,-3.4],[-46.1,-2.8],[-46.1,-2.5],[-45.8,-2.4]]]]}},{"type":"Feature","properties":{},"geometry":{"type":"MultiPolygon","coordinates":[[[[-47.7,-8.4],[-48,-8.1],[-47.4,-7.9],[-47.7,-8.4]]]]}},{"type":"Feature","properties":{},"geometry":{"type":"MultiPolygon","coordinates":[[[[-47.2,-8.1],[-47,-8.5],[-47.4,-8.2],[-47.2,-8.1]]]]}},{"type":"Feature","properties":{},"geometry":{"type":"MultiPolygon","coordinates":[[[[-48.2,-6.7],[-48.3,-6.5],[-47.8,-6.5],[-48.2,-6.7]]]]}},{"type":"Feature","properties":{},"geometry":{"type":"MultiPolygon","coordinates":[[[[-47.9,-5.8],[-48.2,-5.9],[-48.2,-5.8],[-48.3,-5.6],[-47.9,-5.8]]]]}},{"type":"Feature","properties":{},"geometry":{"type":"MultiPolygon","coordinates":[[[[-12.2,-50.7],[-18.9,-51.2],[-22.4,-49.8],[-20.8,-48.4],[-14,-48.6],[-12.2,-50.7]]]]}},{"type":"Feature","properties":{},"geometry":{"type":"MultiPolygon","coordinates":[[[[-48.8,-6],[-50.1,-5.6],[-49.8,-5.6],[-50,-5.4],[-49.9,-5.2],[-49.8,-5],[-49.6,-4.8],[-49.2,-5.2],[-49,-5.5],[-48.9,-5.7],[-48.9,-5.9],[-48.8,-6]]]]}},{"type":"Feature","properties":{},"geometry":{"type":"MultiPolygon","coordinates":[[[[-46.2,-14.4],[-46.2,-14.3],[-46.3,-14.3],[-46.5,-13.9],[-46.6,-14],[-46.7,-13.8],[-46.7,-13.4],[-46.9,-13.3],[-47,-13.3],[-46.2,-14.4]]]]}},{"type":"Feature","properties":{},"geometry":{"type":"MultiPolygon","coordinates":[[[[-46.8,-15.3],[-46.7,-14.7],[-46.7,-14.9],[-46.5,-15],[-46.7,-15.3],[-46.8,-15.3]]]]}},{"type":"Feature","properties":{},"geometry":{"type":"MultiPolygon","coordinates":[[[[109.6,-69.1],[110.3,-69.1],[110.7,-69.2],[110.7,-70],[107.1,-70.7],[93.3,-71.8],[88,-70.6],[86.1,-70.6],[81.5,-68.5],[83.8,-67.4],[85.2,-66.7],[82.9,-66.6],[81.8,-66.3],[80.3,-66.2],[80,-67.1],[80.9,-67.6],[76.5,-66.7],[76.4,-64.7],[76.4,-63.4],[76.6,-62.9],[81.5,-64.5],[93.7,-67.2],[109.6,-69.1]]]]}},{"type":"Feature","properties":{},"geometry":{"type":"MultiPolygon","coordinates":[[[[77.6,-66.1],[80.7,-67.4],[80.7,-68.6],[77.9,-69.6],[75.7,-66.9],[72.4,-65.9],[68.4,-66],[66.2,-66.3],[63.4,-64.6],[77.6,-66.1]]]]}},{"type":"Feature","properties":{},"geometry":{"type":"MultiPolygon","coordinates":[[[[61.1,-54.6],[64.6,-55.7],[67.3,-56],[68.7,-57.8],[70.6,-58.6],[72.4,-59.3],[69.3,-58.7],[68.5,-58.8],[68.7,-58.6],[66.3,-57.8],[65.5,-57.9],[61.8,-57.7],[61,-57.5],[59.9,-57.3],[58.3,-57.4],[57.7,-56.6],[58.9,-54.6],[61.1,-54.6]]]]}},{"type":"Feature","properties":{},"geometry":{"type":"MultiPolygon","coordinates":[[[[65,-58.4],[66,-58.3],[65.6,-58.4],[65,-58.4]]]]}},{"type":"Feature","properties":{},"geometry":{"type":"MultiPolygon","coordinates":[[[[106,-78.4],[108.4,-78.4],[111,-78.7],[106,-78.4]]]]}},{"type":"Feature","properties":{},"geometry":{"type":"MultiPolygon","coordinates":[[[[123.3,-72.9],[123.4,-74.9],[117,-77.5],[112.9,-77.8],[109.6,-77.8],[105.7,-77.2],[101.7,-76.2],[102.6,-76.1],[113,-77.1],[120.6,-75.7],[124.3,-74],[123.3,-73],[123.3,-72.9]]]]}},{"type":"Feature","properties":{},"geometry":{"type":"MultiPolygon","coordinates":[[[[59.1,-54.2],[57.9,-54.6],[56.8,-55.8],[60.5,-56.7],[62.6,-57.5],[60.3,-57.2],[56.5,-56.3],[54.9,-55.7],[53.9,-54.9],[55.6,-53.8],[56.8,-53.7],[58.2,-53.9],[59.1,-54.2]]]]}},{"type":"Feature","properties":{},"geometry":{"type":"MultiPolygon","coordinates":[[[[79.7,-56.7],[86.4,-58.5],[91.3,-59.2],[96.9,-64.3],[100.8,-66.2],[102.6,-66.9],[102.6,-67],[102.8,-67.3],[103.1,-67.3],[103.3,-67.4],[104,-67.7],[105,-68.1],[105.9,-68.3],[107.9,-68.6],[109.3,-68.9],[109.6,-69.1],[97.4,-67.8],[83.4,-65.3],[76.8,-62.6],[77.2,-61.2],[77.6,-60.4],[78.2,-58.8],[79.4,-57.1],[79.7,-56.7]]]]}},{"type":"Feature","properties":{},"geometry":{"type":"MultiPolygon","coordinates":[[[[78.2,-60.9],[77.5,-62],[76.5,-62.9],[77.3,-61],[78.2,-60.9]]]]}},{"type":"Feature","properties":{},"geometry":{"type":"MultiPolygon","coordinates":[[[[-43.9,-12.2],[-44.9,-11.7],[-44.7,-11.7],[-44.7,-11.6],[-44.8,-11.2],[-45.2,-11.2],[-45.2,-11],[-45.3,-10.8],[-45.5,-10.7],[-45.5,-10.9],[-45.6,-10.8],[-45.8,-10.6],[-44.3,-10.5],[-44.1,-10.6],[-43.8,-10.7],[-43.6,-10.6],[-44,-11],[-43.8,-11],[-43.6,-11.1],[-43.4,-11.1],[-43.3,-11.1],[-43.3,-11.3],[-43.4,-11.4],[-43.5,-11.7],[-43.6,-11.7],[-43.6,-11.6],[-43.8,-11.8],[-43.9,-11.9],[-43.8,-12.1],[-43.9,-12.2]]]]}},{"type":"Feature","properties":{},"geometry":{"type":"MultiPolygon","coordinates":[[[[150.7,-25.5],[150.8,-25.6],[150.9,-25.6],[150.9,-25.7],[151,-25.8],[151,-25.9],[151.1,-25.9],[151.1,-26.1],[151.1,-26],[151.1,-25.9],[151,-26],[150.9,-25.9],[150.9,-26],[150.8,-25.9],[151.1,-26.1],[151,-26.1],[151.2,-26.4],[151.1,-26.4],[151,-26.3],[151,-26.4],[150.9,-26.4],[151.1,-26.4],[151.1,-26.5],[151.1,-26.6],[151.2,-26.6],[151.1,-26.7],[151.2,-26.7],[151.2,-26.8],[151.1,-26.8],[150.9,-26.8],[150.8,-26.9],[150.7,-27],[150.6,-27],[150.6,-27.1],[150.5,-27],[150.4,-27],[150.6,-26.9],[150.6,-26.8],[150.5,-26.8],[150.5,-26.9],[150.4,-26.9],[150.3,-26.9],[150.3,-27],[150.2,-26.9],[150,-26.9],[149.9,-26.9],[149.9,-26.8],[149.8,-26.8],[149.8,-26.7],[149.7,-26.7],[149.7,-26.6],[149.6,-26.6],[149.6,-26.5],[149.5,-26.5],[149.5,-26.4],[149.4,-26.4],[149.4,-26.3],[149.3,-26.2],[149.3,-26.1],[149.2,-26.1],[149.2,-26],[149.1,-26],[149.1,-25.9],[149.1,-25.8],[149.1,-25.7],[149.1,-25.6],[149.1,-25.5],[149.1,-25.4],[149.2,-25.4],[149.3,-25.4],[149.3,-25.3],[149.4,-25.3],[149.5,-25.3],[149.6,-25.3],[149.7,-25.3],[149.8,-25.3],[149.9,-25.3],[150.1,-25.3],[150.3,-25.4],[150.6,-25.5],[150.7,-25.5]]]]}},{"type":"Feature","properties":{},"geometry":{"type":"MultiPolygon","coordinates":[[[[142.2,-12.1],[142.2,-12.2],[142.3,-12.3],[142.3,-12.4],[142.4,-12.4],[142.4,-12.5],[142.4,-12.6],[142.5,-12.6],[142.5,-12.7],[142.6,-12.8],[142.6,-12.9],[142.7,-12.9],[142.7,-13],[142.8,-13],[142.8,-13.1],[142.8,-13.2],[142.9,-13.2],[143,-13.3],[143,-13.4],[143.1,-13.5],[143.1,-13.6],[143.2,-13.6],[143.2,-13.7],[143.2,-13.8],[143.3,-13.8],[143.3,-13.9],[143.4,-14],[143.4,-14.1],[143.5,-14.2],[143.6,-14.3],[143.7,-14.4],[143.7,-14.5],[143.8,-14.5],[143.8,-14.6],[143.9,-14.6],[143.9,-14.7],[144,-14.7],[144,-14.8],[144.1,-14.9],[144.2,-15],[144.3,-15.1],[144.3,-15.2],[144.4,-15.2],[144.4,-15.3],[144.5,-15.3],[144.5,-15.4],[144.6,-15.5],[144.7,-15.6],[144.8,-15.7],[144.9,-15.8],[145,-15.9],[145.1,-16],[145.2,-16],[145.2,-16.1],[145.3,-16.1],[145.3,-16.2],[145.4,-16.2],[145.5,-16.3],[145.6,-16.3],[145.6,-16.4],[145.7,-16.4],[145.8,-16.4],[145.8,-16.5],[145.9,-16.5],[146,-16.5],[146.1,-16.6],[146.2,-16.6],[146.3,-16.6],[146.4,-16.6],[146.5,-16.6],[146.5,-16.7],[147.1,-16.6],[147.7,-16.7],[147.8,-16.7],[147.9,-16.8],[147.8,-16.9],[148,-17.1],[148,-17.6],[148,-18],[148.3,-18.1],[148.3,-18.2],[148.3,-19],[148.6,-19.4],[148.9,-20.2],[149.2,-20.5],[149.1,-20.6],[148,-21.8],[148.1,-21.7],[147.7,-23],[147.8,-23.4],[147.5,-23.4],[147.2,-23.4],[146.7,-23.4],[146.6,-23.4],[146.3,-23.5],[145.8,-23.6],[145.9,-23.7],[145.7,-24.6],[145.6,-24.5],[145.5,-24.5],[145.4,-24.4],[145.3,-24.3],[145.2,-24.2],[145.1,-24.2],[145,-24.1],[144.8,-24],[144.7,-24],[144.7,-23.9],[144.6,-23.9],[144.5,-23.9],[144.5,-23.8],[144.4,-23.8],[144.3,-23.8],[144.3,-23.7],[144.2,-23.7],[144.1,-23.7],[144,-23.7],[143.9,-23.7],[143.9,-23.6],[143.8,-23.6],[143.7,-23.6],[143.6,-23.6],[143.5,-23.6],[143.5,-23.5],[143.4,-23.5],[143.3,-23.5],[143.2,-23.4],[143.1,-23.4],[143,-23.4],[143,-23.3],[142.9,-23.3],[142.8,-23.3],[142.7,-23.3],[142.6,-23.3],[142.5,-23.3],[142.4,-23.3],[142.4,-23.2],[142.3,-23.2],[142.2,-23.2],[142.2,-23.1],[142.1,-23.1],[142,-23.1],[142,-23],[141.9,-23],[141.9,-22.9],[141.8,-22.9],[141.7,-22.8],[141.6,-22.8],[141.5,-22.8],[141.4,-22.7],[141.3,-22.7],[141.2,-22.6],[141.1,-22.5],[141.1,-22.4],[141,-22.4],[141,-22.3],[141,-22.2],[141,-22.1],[141,-22],[141,-21.9],[141,-21.8],[141,-21.7],[141,-21.6],[141,-21.5],[141,-21.4],[141.1,-21.4],[141.1,-21.3],[141.1,-21.2],[141.1,-21.1],[141.1,-21],[141.1,-20.9],[141.1,-20.8],[141.1,-20.7],[141.1,-20.6],[141.1,-20.5],[141.1,-20.4],[141.1,-20.3],[141.2,-20.2],[141.2,-20.1],[141.2,-20],[141.3,-20],[141.3,-19.9],[141.2,-19.9],[141.2,-19.8],[141.1,-19.8],[141.1,-19.7],[141,-19.7],[141,-19.6],[140.9,-19.6],[140.8,-19.5],[140.7,-19.4],[140.6,-19.4],[140.6,-19.3],[140.5,-19.3],[140,-18.6],[139.6,-18.2],[139.7,-18.2],[139.8,-18.2],[139.9,-18.2],[140,-18.2],[140.1,-18.2],[140.2,-18.1],[140.3,-18.1],[140.4,-18.1],[140.5,-18],[140.6,-18],[140.7,-17.9],[140.8,-17.9],[140.8,-17.8],[140.9,-17.8],[140.9,-17.7],[141,-17.7],[141,-17.6],[141.1,-17.6],[141.2,-17.5],[141.3,-17.5],[141.3,-17.4],[141.4,-17.4],[141.5,-17.4],[141.6,-17.3],[141.7,-17.3],[141.8,-17.3],[141.9,-17.2],[142,-17.2],[142.1,-17.1],[142.2,-17.1],[142.3,-17.1],[142.3,-17],[142.4,-17],[142.4,-16.9],[142.5,-16.9],[142.5,-16.8],[142.6,-16.8],[142.6,-16.7],[142.7,-16.7],[142.8,-16.6],[142.9,-16.6],[142.9,-16.5],[143,-16.5],[143.1,-16.4],[143.1,-16.3],[143,-16.3],[143,-16.2],[143,-16.1],[143,-16],[142.9,-16],[142.9,-15.9],[142.9,-15.8],[142.9,-15.7],[142.8,-15.7],[142.8,-15.6],[142.8,-15.5],[142.8,-15.4],[142.7,-15.3],[142.7,-15.2],[142.6,-15.1],[142.6,-15],[142.6,-14.9],[142.5,-14.9],[142.5,-14.8],[142.5,-14.7],[142.5,-14.6],[142.4,-14.6],[142.3,-14.6],[142.3,-14.5],[142.2,-14.4],[142.2,-14.3],[142.2,-14.2],[142.2,-14.1],[142.2,-14],[142.1,-14],[142.1,-13.9],[142,-13.9],[142,-13.8],[141.9,-13.8],[141.9,-13.7],[141.9,-13.6],[141.8,-13.6],[141.8,-13.5],[141.8,-13.4],[141.8,-13.3],[141.7,-13.1],[141.7,-13],[141.7,-12.9],[141.6,-12.8],[141.6,-12.7],[141.6,-12.6],[141.6,-12.5],[141.5,-12.5],[141.5,-12.4],[141.5,-12.3],[141.6,-12.3],[141.6,-12.2],[141.6,-12.1],[141.7,-12.1],[141.8,-12.1],[141.9,-12.1],[142,-12.1],[142.1,-12.1],[142.2,-12.1]]]]}},{"type":"Feature","properties":{},"geometry":{"type":"MultiPolygon","coordinates":[[[[151,-25.8],[150.9,-25.7],[150.9,-25.6],[150.8,-25.6],[150.7,-25.5],[150.6,-25.5],[150.6,-25.4],[150.5,-25.4],[150.5,-25.3],[150.4,-25.3],[150.3,-25.3],[150.3,-25.2],[150.2,-25.2],[150.1,-25.1],[150,-25.1],[149.9,-25],[149.8,-25],[149.8,-24.9],[149.7,-24.9],[149.6,-24.9],[149.4,-24.8],[149.8,-24.5],[150,-24],[150.5,-24.4],[151,-24.9],[151,-25],[150.9,-25],[151.1,-25.5],[151.5,-25.8],[151.5,-26.1],[151.2,-25.9],[151,-25.8]]]]}},{"type":"Feature","properties":{},"geometry":{"type":"MultiPolygon","coordinates":[[[[149.6,-23.2],[149.7,-23.6],[149.3,-23.4],[149.6,-23.2]]]]}},{"type":"Feature","properties":{},"geometry":{"type":"MultiPolygon","coordinates":[[[[149.5,-24.9],[149.6,-24.9],[149.7,-24.9],[149.8,-25],[149.9,-25],[150,-25],[150,-25.1],[150.1,-25.1],[150.2,-25.2],[150.3,-25.2],[150.4,-25.3],[150.5,-25.3],[150.5,-25.4],[150.6,-25.4],[150.7,-25.5],[150.6,-25.5],[150.3,-25.4],[150.1,-25.3],[149.9,-25.3],[149.8,-25.3],[149.7,-25.3],[149.6,-25.3],[149.5,-25.3],[149.4,-25.3],[149.3,-25.3],[149.3,-25.4],[149.2,-25.4],[149.1,-25.4],[149.1,-25.5],[149.1,-25.6],[149.1,-25.7],[149.1,-25.8],[149.1,-25.9],[149.1,-26],[149.2,-26],[149.2,-26.1],[149.3,-26.1],[149.3,-26.2],[149.4,-26.3],[149.4,-26.4],[149.5,-26.4],[149.5,-26.5],[149.6,-26.5],[149.6,-26.6],[149.7,-26.6],[149.7,-26.7],[149.8,-26.7],[149.8,-26.8],[149.9,-26.8],[149.9,-26.9],[149.8,-26.9],[149.7,-26.8],[149.6,-26.8],[149.5,-26.7],[149.4,-26.7],[149.3,-26.6],[149.2,-26.5],[149.3,-26.5],[149.5,-26.5],[149.4,-26.4],[149.3,-26.4],[149.2,-26.3],[149.2,-26.4],[149,-26.3],[148.8,-26.2],[148.8,-26.1],[148.9,-26.1],[148.9,-26],[148.8,-26],[148.8,-25.9],[148.7,-25.9],[148.7,-25.8],[148.7,-25.7],[148.8,-25.7],[148.8,-25.6],[148.8,-25.5],[148.9,-25.5],[148.9,-25.4],[148.9,-25.3],[148.9,-25.2],[149,-25.2],[149.2,-25.1],[149.2,-25],[149.3,-25],[149.3,-24.9],[149.5,-24.9]]]]}},{"type":"Feature","properties":{},"geometry":{"type":"MultiPolygon","coordinates":[[[[140.2,-19.1],[140.5,-19.3],[140.6,-19.3],[140.6,-19.4],[140.7,-19.4],[140.7,-19.5],[140.8,-19.5],[140.9,-19.6],[141,-19.6],[141,-19.7],[141.1,-19.7],[141.1,-19.8],[141.2,-19.8],[141.2,-19.9],[141.3,-19.9],[141.3,-20],[141.2,-20],[141.2,-20.1],[141.2,-20.2],[141.1,-20.3],[141.1,-20.4],[141.1,-20.5],[141.1,-20.6],[141.1,-20.7],[141.1,-20.8],[141.1,-20.9],[141.1,-21],[141.1,-21.1],[141.1,-21.2],[141.1,-21.3],[141,-21.4],[141,-21.5],[141,-21.6],[141,-21.7],[141,-21.8],[141,-21.9],[141,-22],[141,-22.1],[141,-22.2],[141,-22.3],[141,-22.4],[141.1,-22.4],[141.1,-22.5],[141.2,-22.6],[141.3,-22.7],[141.4,-22.7],[141.5,-22.8],[141.6,-22.8],[141.7,-22.8],[141.8,-22.9],[141.9,-22.9],[141.9,-23],[142,-23],[142.1,-23.1],[142.2,-23.1],[142.2,-23.2],[142.3,-23.2],[142.4,-23.2],[142.5,-23.3],[142.6,-23.3],[142.7,-23.3],[142.8,-23.3],[142.9,-23.3],[143,-23.3],[143,-23.4],[143.1,-23.4],[143.2,-23.4],[143.3,-23.5],[143.4,-23.5],[143.5,-23.5],[143.5,-23.6],[143.6,-23.6],[143.7,-23.6],[143.8,-23.6],[143.9,-23.7],[144,-23.7],[144.1,-23.7],[144.2,-23.7],[144.3,-23.7],[144.3,-23.8],[144.4,-23.8],[144.5,-23.8],[144.5,-23.9],[144.6,-23.9],[144.7,-24],[144.8,-24],[145,-24.1],[145.1,-24.1],[145.2,-24.2],[145.3,-24.3],[145.4,-24.4],[145.5,-24.5],[145.6,-24.5],[145.6,-24.6],[145.7,-24.6],[144.5,-24.9],[143.9,-25.3],[142.9,-25.4],[142,-25.1],[141.2,-24.5],[140.8,-24.4],[140.3,-24.3],[140.1,-24.3],[140.1,-24.2],[139.9,-23.9],[139.7,-23.5],[139.6,-23.3],[139.5,-22.9],[139.2,-22.5],[139.1,-22.3],[139.2,-22.2],[139.3,-21.6],[139.6,-21.1],[139.7,-20.8],[139.9,-20.6],[140.1,-20.1],[140.2,-20],[140.2,-19.9],[140.2,-19.8],[140.1,-19.8],[140,-19.7],[139.9,-19.7],[139.9,-19.6],[139.8,-19.6],[139.8,-19.5],[139.7,-19.5],[139.6,-19.5],[139.6,-19.4],[139.5,-19.4],[139.4,-19.4],[139.3,-19.4],[139.3,-19.3],[139.2,-19.3],[139.2,-19.2],[139.1,-19.2],[139.1,-19.1],[139,-19.2],[138.9,-19.2],[138.8,-19.2],[138.7,-18.9],[138.4,-18.9],[137.9,-18.9],[137.1,-19.3],[136.9,-19.5],[136.5,-19.6],[136.1,-19.6],[135.8,-19.6],[135.7,-19.7],[135.2,-19.7],[135.1,-19.7],[134.8,-19.7],[134.9,-19.7],[135.5,-19.5],[136.1,-19.2],[136.4,-19],[136.3,-18.9],[136.2,-18.7],[136.2,-18.6],[136.2,-18.3],[137.1,-17.7],[137.6,-18],[137.7,-18],[137.8,-18.1],[138.2,-18.2],[138.3,-18.3],[138.4,-18.3],[138.5,-18.3],[138.5,-18.4],[138.7,-18.5],[138.9,-18.5],[139,-18.6],[139.1,-18.6],[139.2,-18.6],[139.3,-18.6],[139.7,-18.7],[139.9,-18.8],[140,-18.9],[140,-19],[140.1,-19],[140.2,-19.1]]]]}},{"type":"Feature","properties":{},"geometry":{"type":"MultiPolygon","coordinates":[[[[147.7,-25.5],[147.8,-25.5],[147.9,-25.6],[147.7,-25.5]]]]}},{"type":"Feature","properties":{},"geometry":{"type":"MultiPolygon","coordinates":[[[[148.5,-26.1],[147.9,-25.7],[148,-25.8],[148.1,-25.9],[148.3,-26],[148.5,-26.1]]]]}},{"type":"Feature","properties":{},"geometry":{"type":"MultiPolygon","coordinates":[[[[148.8,-26.2],[149,-26.3],[149.2,-26.4],[149,-26.3],[148.7,-26.2],[148.8,-26.2]]]]}},{"type":"Feature","properties":{},"geometry":{"type":"MultiPolygon","coordinates":[[[[149.1,-26.4],[149.3,-26.5],[149.3,-26.6],[149.5,-26.7],[149.6,-26.8],[149.7,-26.8],[149.5,-26.7],[149.1,-26.4]]]]}},{"type":"Feature","properties":{},"geometry":{"type":"MultiPolygon","coordinates":[[[[151.1,-26],[151,-26],[150.9,-26],[150.9,-25.9],[151,-26],[151.1,-26]]]]}},{"type":"Feature","properties":{},"geometry":{"type":"MultiPolygon","coordinates":[[[[149.9,-26.9],[150,-26.9],[149.8,-26.8],[149.9,-26.9]]]]}},{"type":"Feature","properties":{},"geometry":{"type":"MultiPolygon","coordinates":[[[[150.3,-27],[150.1,-26.9],[150.2,-26.9],[150.3,-27],[150.4,-27],[150.3,-27]]]]}},{"type":"Feature","properties":{},"geometry":{"type":"MultiPolygon","coordinates":[[[[150.6,-26.8],[150.4,-26.9],[150.5,-26.9],[150.5,-26.8],[150.6,-26.8]]]]}},{"type":"Feature","properties":{},"geometry":{"type":"MultiPolygon","coordinates":[[[[150.5,-27],[150.6,-27.1],[150.6,-27],[150.7,-27],[150.6,-27.1],[150.5,-27]]]]}},{"type":"Feature","properties":{},"geometry":{"type":"MultiPolygon","coordinates":[[[[151.2,-26.7],[151.1,-26.7],[151.2,-26.6],[151.2,-26.7]]]]}},{"type":"Feature","properties":{},"geometry":{"type":"MultiPolygon","coordinates":[[[[151.2,-26.7],[151,-26.8],[151.1,-26.8],[151.2,-26.8],[151.2,-26.7]]]]}},{"type":"Feature","properties":{},"geometry":{"type":"MultiPolygon","coordinates":[[[[146.5,-25],[146.5,-25.1],[146.6,-25.3],[146.8,-25.4],[146.9,-25.4],[146.5,-25.1],[146.5,-25]]]]}},{"type":"Feature","properties":{},"geometry":{"type":"MultiPolygon","coordinates":[[[[151.3,-26.3],[151.2,-26.5],[151.2,-26.3],[151.3,-26.2],[151.3,-26.3]]]]}},{"type":"Feature","properties":{},"geometry":{"type":"MultiPolygon","coordinates":[[[[99.5,-60.2],[100.2,-61.1],[99.1,-61.1],[96.4,-61.4],[95.5,-60.1],[96.8,-60.1],[99.5,-60.2]]]]}},{"type":"Feature","properties":{},"geometry":{"type":"MultiPolygon","coordinates":[[[[100,-61.2],[103.1,-62.1],[105.6,-62],[107.6,-61.9],[110.9,-63.2],[112.7,-62.8],[115.2,-63.2],[117.7,-63.4],[115.4,-64.5],[111.5,-64.8],[109.7,-65.3],[104.2,-65.4],[102.3,-63.7],[99.4,-62.4],[98,-61.3],[100,-61.2]]]]}},{"type":"Feature","properties":{},"geometry":{"type":"MultiPolygon","coordinates":[[[[135.8,-7.1],[135.9,-7.1],[136,-7.1],[136.1,-7.2],[136.2,-7.2],[136.3,-7.2],[136.4,-7.2],[136.4,-7.3],[136.5,-7.3],[136.6,-7.3],[136.7,-7.4],[136.8,-7.4],[136.9,-7.4],[136.9,-7.5],[137,-7.5],[137.1,-7.5],[137.2,-7.6],[137.3,-7.6],[137.4,-7.6],[137.4,-7.7],[137.7,-7.9],[137.8,-7.9],[137.8,-8],[137.9,-8],[137.9,-8.1],[138,-8.1],[138.1,-8.1],[138.1,-8.2],[138.2,-8.3],[138.2,-8.4],[138.3,-8.4],[138.3,-8.5],[138.3,-8.6],[138.4,-8.6],[138.4,-8.7],[138.5,-8.7],[138.6,-8.7],[138.7,-8.8],[138.8,-8.8],[138.9,-8.8],[138.9,-8.9],[139,-8.9],[139.1,-8.9],[139.1,-9],[139.2,-9],[139.3,-9],[139.3,-9.1],[139.4,-9.1],[139.5,-9.2],[139.6,-9.2],[139.6,-9.3],[139.7,-9.3],[139.8,-9.4],[139.9,-9.4],[139.9,-9.5],[140,-9.5],[140,-9.6],[140.1,-9.6],[140.1,-9.7],[140.2,-9.7],[140.2,-9.8],[140.3,-9.9],[140.4,-10],[140.4,-10.1],[140.5,-10.1],[140.5,-10.2],[140.6,-10.2],[140.6,-10.3],[140.7,-10.3],[140.7,-10.4],[140.8,-10.4],[140.8,-10.5],[140.9,-10.5],[140.9,-10.6],[141,-10.7],[141.1,-10.8],[141.2,-10.9],[141.3,-11],[141.3,-11.1],[141.4,-11.1],[141.4,-11.2],[141.5,-11.3],[141.6,-11.4],[141.6,-11.5],[141.7,-11.5],[141.7,-11.6],[141.8,-11.7],[141.9,-11.7],[141.9,-11.8],[142,-11.8],[142,-11.9],[142.1,-11.9],[142.1,-12],[142.1,-12.1],[142,-12.1],[141.9,-12.1],[141.8,-12.1],[141.7,-12.1],[141.6,-12.1],[141.6,-12.2],[141.6,-12.3],[141.5,-12.3],[141.5,-12.4],[141.5,-12.5],[141.6,-12.5],[141.6,-12.6],[141.6,-12.7],[141.6,-12.8],[141.7,-12.9],[141.7,-13],[141.7,-13.1],[141.8,-13.2],[141.8,-13.3],[141.8,-13.4],[141.8,-13.5],[141.8,-13.6],[141.9,-13.6],[141.9,-13.7],[141.9,-13.8],[142,-13.8],[142,-13.9],[142.1,-13.9],[142.1,-14],[142.2,-14.1],[142.2,-14.2],[142.2,-14.3],[142.2,-14.4],[142.3,-14.5],[142.4,-14.6],[142.5,-14.6],[142.5,-14.7],[142.5,-14.8],[142.5,-14.9],[142.6,-14.9],[142.6,-15],[142.6,-15.1],[142.7,-15.2],[142.7,-15.3],[142.7,-15.4],[142.8,-15.4],[142.8,-15.5],[142.8,-15.6],[142.8,-15.7],[142.9,-15.7],[142.9,-15.8],[142.9,-15.9],[142.9,-16],[143,-16],[143,-16.1],[143,-16.2],[143.1,-16.3],[143.1,-16.4],[143,-16.5],[142.9,-16.6],[142.8,-16.6],[142.7,-16.7],[142.6,-16.7],[142.6,-16.8],[142.5,-16.9],[142.4,-17],[142.3,-17],[142.2,-17.1],[142.1,-17.1],[142,-17.2],[141.9,-17.2],[141.8,-17.3],[141.7,-17.3],[141.6,-17.3],[141.6,-17.4],[141.5,-17.4],[141.4,-17.4],[141.3,-17.4],[141.3,-17.5],[141.2,-17.5],[141.1,-17.5],[141.1,-17.6],[141,-17.6],[141,-17.7],[140.9,-17.7],[140.9,-17.8],[140.8,-17.8],[140.7,-17.9],[140.7,-18],[140.6,-18],[140.5,-18],[140.4,-18.1],[140.3,-18.1],[140.2,-18.1],[140.1,-18.2],[140,-18.2],[139.9,-18.2],[139.8,-18.2],[139.7,-18.2],[139.6,-18.2],[140.2,-18.9],[140.2,-19],[140.1,-19],[140,-18.9],[139.9,-18.8],[139.8,-18.8],[139.5,-18.6],[139.3,-18.6],[139.2,-18.6],[139.1,-18.6],[138.9,-18.5],[138.8,-18.5],[138.6,-18.4],[138.5,-18.4],[138.5,-18.3],[138.4,-18.3],[138.3,-18.3],[138.2,-18.3],[137.9,-18.1],[137.7,-18],[137.6,-18],[137.4,-17.9],[136.6,-18],[136.2,-18.6],[136.2,-18.7],[136.3,-18.9],[136.4,-19],[136.3,-19.2],[135.7,-19.5],[135.1,-19.7],[134.5,-19.7],[134.4,-19.7],[134.1,-19.7],[134,-19.7],[133.4,-19.7],[133.1,-19.8],[132.6,-19.9],[132.4,-19.9],[131.9,-20],[131.4,-20.1],[130.8,-20.2],[130.5,-20.4],[130.2,-20.5],[130.2,-20.4],[130.7,-20.1],[131,-19.8],[131.4,-19.3],[131.5,-18.8],[131.5,-18.7],[131.5,-18.6],[131.5,-18.5],[131.5,-18.4],[131.5,-18.3],[131.5,-18.2],[131.5,-18],[131.5,-17.9],[131.5,-17.8],[131.6,-17.8],[131.6,-17.7],[131.6,-17.6],[131.7,-17.6],[131.7,-17.5],[131.7,-17.4],[131.6,-17.3],[131.6,-17.2],[131.5,-17.2],[131.5,-17.1],[131.4,-17.1],[131.4,-17],[131.3,-16.9],[131.3,-16.8],[131.2,-16.7],[131.2,-16.6],[131.1,-16.6],[131.1,-16.5],[131,-16.5],[131,-16.4],[131.1,-16.4],[131.2,-16.4],[131.3,-16.4],[131.4,-16.4],[131.5,-16.4],[131.6,-16.4],[131.7,-16.3],[131.8,-16.3],[131.9,-16.3],[132,-16.3],[132.1,-16.3],[132.2,-16.3],[132.3,-16.3],[132.4,-16.3],[132.5,-16.3],[132.6,-16.3],[132.7,-16.3],[132.7,-16.2],[132.8,-16.2],[132.9,-16.2],[133,-16.2],[133.1,-16.2],[133.2,-16.2],[133.3,-16.1],[133.4,-16.1],[133.5,-16],[133.6,-15.9],[133.7,-15.9],[133.7,-15.8],[133.8,-15.8],[133.8,-15.7],[133.9,-15.7],[134,-15.7],[134,-15.6],[134.1,-15.6],[134.1,-15.5],[134.2,-15.4],[134.3,-15.2],[134.3,-15],[134.4,-15],[134.4,-14.9],[134.5,-14.8],[134.5,-14.7],[134.6,-14.7],[134.6,-14.6],[134.7,-14.6],[134.7,-14.5],[134.7,-14.4],[134.7,-14.3],[134.7,-14.2],[134.7,-14.1],[134.8,-14],[134.8,-13.9],[134.8,-13.8],[134.8,-13.7],[134.8,-13.6],[134.9,-13.5],[134.9,-13.4],[134.9,-13.3],[135,-13.3],[135,-13.2],[135,-13.1],[135.1,-13.1],[135.1,-13],[135.1,-12.9],[135.2,-12.9],[135.2,-12.8],[135.2,-12.7],[135.2,-12.6],[135.2,-12.5],[135.2,-12.4],[135.2,-12.3],[135.2,-12.2],[135.2,-12.1],[135.1,-12.1],[135.1,-12],[135.1,-11.9],[135.1,-11.8],[135.1,-11.7],[135.2,-11.7],[135.2,-11.6],[135.2,-11.5],[135.3,-11.5],[135.3,-11.4],[135.3,-11.3],[135.3,-11.2],[135.3,-11.1],[135.3,-11],[135.3,-10.9],[135.3,-10.6],[135.3,-10.5],[135.3,-10.4],[135.2,-10.4],[135.2,-10.1],[135.2,-9.9],[135.1,-9.9],[135.1,-9.8],[135,-9.5],[135,-9.4],[135,-9.3],[135,-9.2],[135,-9.1],[135.1,-9.1],[135.1,-9],[135.2,-9],[134.7,-9],[134.2,-8.8],[134.3,-8.8],[134.3,-8.7],[134.4,-8.7],[134.5,-8.6],[134.6,-8.6],[134.6,-8.5],[134.7,-8.4],[134.8,-8.4],[134.8,-8.3],[134.9,-8.3],[134.9,-8.2],[135,-8.2],[135,-8.1],[135,-8],[135.1,-8],[135.1,-7.9],[135.1,-7.8],[135.2,-7.7],[135.3,-7.6],[135.3,-7.5],[135.4,-7.4],[135.4,-7.3],[135.5,-7.2],[135.7,-7.1],[135.8,-7.1]]]]}},{"type":"Feature","properties":{},"geometry":{"type":"MultiPolygon","coordinates":[[[[147.8,-25.5],[147.9,-25.5],[148.1,-25.4],[148.2,-25.3],[148.4,-25.3],[148.4,-25.2],[148.6,-25.2],[149,-25.2],[148.9,-25.2],[148.9,-25.3],[148.9,-25.4],[148.9,-25.5],[148.8,-25.5],[148.8,-25.6],[148.8,-25.7],[148.7,-25.7],[148.7,-25.8],[148.7,-25.9],[148.8,-25.9],[148.8,-26],[148.9,-26],[148.9,-26.1],[148.8,-26.1],[148.8,-26.2],[148.6,-26.2],[148.4,-26.1],[148.3,-26],[148.2,-25.9],[148.1,-25.9],[148,-25.8],[147.9,-25.8],[147.9,-25.6],[147.8,-25.5],[147.7,-25.5],[147.8,-25.5]]]]}},{"type":"Feature","properties":{},"geometry":{"type":"MultiPolygon","coordinates":[[[[115.5,-54.1],[114.9,-54.7],[114.9,-55.6],[114.4,-55.6],[115.4,-57],[116.6,-57.4],[115.2,-57.5],[113.5,-55.4],[115.5,-54.1]]]]}},{"type":"Feature","properties":{},"geometry":{"type":"MultiPolygon","coordinates":[[[[114.6,-46.3],[115.2,-47.2],[115.5,-47.9],[112.8,-48.8],[114.6,-46.3]]]]}},{"type":"Feature","properties":{},"geometry":{"type":"MultiPolygon","coordinates":[[[[112.8,-48.8],[113.8,-50.9],[113.9,-51.5],[113.6,-54],[108,-53.3],[107.6,-52.3],[109.8,-49.9],[112.8,-48.8]]]]}},{"type":"Feature","properties":{},"geometry":{"type":"MultiPolygon","coordinates":[[[[106.9,-53.1],[110.9,-53.6],[113.5,-55.4],[115.2,-57.5],[117.5,-59.8],[115.1,-61.3],[111.7,-62.1],[108.8,-61.1],[107.5,-60.7],[106.4,-60.5],[105.2,-60.2],[105.1,-60.1],[104.5,-59.9],[103.6,-59.5],[103.4,-59.5],[103.2,-59.4],[102.8,-59.1],[102.4,-58.8],[102,-58.6],[101.4,-58.3],[101.3,-58.2],[100.6,-58],[100.4,-57.7],[100.4,-57.5],[100.1,-57.7],[99.8,-57.4],[99.5,-57.2],[99,-56.8],[98.6,-56],[98.4,-55.9],[98.3,-55.8],[98.1,-55.7],[99,-55.6],[104.2,-54.7],[106.9,-53.1]]]]}},{"type":"Feature","properties":{},"geometry":{"type":"MultiPolygon","coordinates":[[[[124.4,-61.1],[123.9,-61],[123.2,-60.7],[122.7,-61.2],[122.4,-62.1],[122.2,-62.5],[122.2,-62.1],[122.4,-61.1],[122.3,-60.5],[122.5,-60.3],[124.4,-61.1]]]]}},{"type":"Feature","properties":{},"geometry":{"type":"MultiPolygon","coordinates":[[[[98.1,11.2],[98.6,11.2],[98.5,10.1],[98.3,9.7],[98.3,9.8],[98.6,9.9],[98.9,10.5],[98.9,6.6],[97.6,2.3],[99.2,-3.8],[99,-3.7],[99,-3.9],[99.1,-4.1],[99,-4.1],[98.9,-4.4],[98.8,-4.5],[98.9,-4.8],[98.2,-6],[95.9,-6.4],[94.7,-2.5],[94.6,1.6],[96.9,5.4],[97.4,10.1],[98.1,11.2]]]]}},{"type":"Feature","properties":{},"geometry":{"type":"MultiPolygon","coordinates":[[[[93.6,5.8],[96.2,7.3],[94.8,5.2],[92.3,3.3],[90.3,1.9],[89.2,-1.2],[90.7,-3.4],[92.3,-4.8],[95.9,-6.4],[93.9,-7.2],[91,-6.1],[88.4,-2.9],[88.8,-2.1],[88.7,1.2],[91.8,4.6],[93.6,5.8]]]]}},{"type":"Feature","properties":{},"geometry":{"type":"MultiPolygon","coordinates":[[[[106.8,24.7],[104.4,22.9],[103.8,23.4],[103,25],[102.5,26.7],[103.2,29.7],[103.7,30],[104.1,29.8],[104.3,29.7],[104.2,29.5],[104,29.7],[103.9,29.5],[103.7,29.2],[103.6,29],[103.2,28.7],[103.4,28.5],[103.3,28.3],[103.1,28.1],[103.2,27.8],[103.2,27.6],[103.1,27.3],[103.1,26.6],[103.7,26.4],[104.3,26.5],[104.8,26.2],[105.7,25.5],[106.6,25.3],[106.6,25],[106.2,24.9],[105.9,24.8],[105.9,24.7],[106.8,24.7]]]]}},{"type":"Feature","properties":{},"geometry":{"type":"MultiPolygon","coordinates":[[[[106.4,35.2],[106.1,34.6],[106.2,34.1],[106.3,33.8],[106.2,33],[105,31.9],[105,32.3],[105.2,32.6],[104.7,33],[104.7,33.3],[104.4,33.2],[104,32.8],[103.5,33],[103.2,32.7],[103,32.5],[102.8,32.3],[102.5,31.8],[102.5,31.3],[102.4,31.1],[102.2,31.4],[102.7,32.5],[103.6,33.6],[104,34.8],[104.9,35.7],[106.4,35.2]]]]}},{"type":"Feature","properties":{},"geometry":{"type":"MultiPolygon","coordinates":[[[[110.5,31.5],[110,31.2],[110,31.1],[110,30.9],[109.7,30.9],[109.5,30.6],[109.5,30.5],[109.4,30.5],[109.6,30.1],[109.4,30.1],[109.4,30.2],[109.3,29.9],[109.2,29.7],[108.9,29.7],[108.8,29.7],[108.8,29.8],[108.6,30.1],[108.5,29.9],[108.4,30.1],[108.3,30.3],[108.2,30.5],[108.1,30.5],[108.2,30.9],[108.1,31.2],[107.9,31],[107.4,31.4],[107.2,31.3],[107.1,31.3],[107.1,31.5],[107.2,31.5],[107.3,31.5],[107.2,31.7],[107.4,31.7],[107.6,31.9],[107.4,31.8],[107.2,32.1],[106.8,32.4],[106.6,32.3],[106,32.1],[105.9,32],[105.9,31.8],[105.7,31.8],[105.7,31.7],[105.5,31.7],[105.5,31.9],[105.1,31.8],[105.1,31.9],[106.7,33.9],[108,33.6],[110.1,32.3],[110.5,31.9],[110.5,31.5]]]]}},{"type":"Feature","properties":{},"geometry":{"type":"MultiPolygon","coordinates":[[[[95.8,21],[97.8,21.6],[101.3,21.9],[102.2,22.2],[103.6,22.6],[103.7,21.8],[100.6,21.3],[96.9,21.1],[94.6,20.2],[93.7,19.7],[92.9,19.5],[95.2,20.6],[95.8,21]]]]}},{"type":"Feature","properties":{},"geometry":{"type":"MultiPolygon","coordinates":[[[[96.2,7.3],[96.4,8.6],[97.4,7.8],[95.6,3.5],[94.6,-0.8],[96.1,-5.3],[93.8,-5],[91.2,-4.3],[89.9,-2.5],[89.4,0.6],[91.5,2.2],[93.2,4.4],[96.5,5.9],[96.2,7.3]]]]}},{"type":"Feature","properties":{},"geometry":{"type":"MultiPolygon","coordinates":[[[[110.5,31.5],[110.5,31.4],[110.1,31.2],[110.5,31.5]]]]}},{"type":"Feature","properties":{},"geometry":{"type":"MultiPolygon","coordinates":[[[[109.5,30.4],[109.7,30.6],[109.6,30.3],[109.5,30.4]]]]}},{"type":"Feature","properties":{},"geometry":{"type":"MultiPolygon","coordinates":[[[[109.9,28.7],[109.5,28.7],[110,28.9],[109.9,28.7]]]]}},{"type":"Feature","properties":{},"geometry":{"type":"MultiPolygon","coordinates":[[[[110.3,31.1],[110.4,30.8],[110.3,31],[110.3,31.1]]]]}},{"type":"Feature","properties":{},"geometry":{"type":"MultiPolygon","coordinates":[[[[111.9,29.4],[111.8,29.2],[111.9,29.3],[111.9,29.4]]]]}},{"type":"Feature","properties":{},"geometry":{"type":"MultiPolygon","coordinates":[[[[109.7,30.7],[109.9,30.7],[109.8,30.5],[109.7,30.7]]]]}},{"type":"Feature","properties":{},"geometry":{"type":"MultiPolygon","coordinates":[[[[81.9,32.7],[82.9,32],[83.6,31.1],[84,30.1],[84.4,29],[84.5,28],[84.5,27],[84.5,25.9],[84.4,25.2],[84.3,24],[84,22.8],[83.9,21.3],[84,19.8],[84.3,18.3],[84.6,16.6],[84.9,14.7],[85,13.1],[84.7,12],[84.1,10.9],[83.7,9.7],[83.4,11.9],[83.8,13.9],[82.8,15.8],[81.8,17.3],[81.5,19.4],[82.1,22],[82.4,24.1],[82.1,26.2],[81.5,27.8],[81.5,29.7],[81.8,32.3],[81.9,32.7]]]]}},{"type":"Feature","properties":{},"geometry":{"type":"MultiPolygon","coordinates":[[[[105.3,38.7],[106.4,38.3],[106.1,38.2],[106,38],[106.2,38],[106,37.7],[105.8,37.7],[104.9,37.4],[103.7,37],[102.8,36.1],[101.4,35],[99.9,33.8],[99.1,33],[96,31.3],[93.6,29.4],[92.8,28.6],[91.7,28.1],[90.4,26.6],[89.1,27.1],[93.1,30],[96.9,33.7],[103.1,37.5],[105.3,38.7]]]]}},{"type":"Feature","properties":{},"geometry":{"type":"MultiPolygon","coordinates":[[[[21.2,27.1],[21.5,30.2],[20.9,33.3],[20.5,34],[19.7,34.5],[20.2,34.5],[19.9,34.7],[20.5,34.8],[20.7,35.1],[21.6,35.2],[21.6,35.4],[22.2,35.4],[22.4,35.2],[23.6,33.3],[23.5,32],[23.6,31.8],[23.3,29.5],[21.2,27],[21.2,27.1]]]]}},{"type":"Feature","properties":{},"geometry":{"type":"MultiPolygon","coordinates":[[[[18.3,34.5],[18.7,34.6],[19,34.6],[19.5,34.7],[20.2,34.5],[20.4,34],[21.2,32.1],[21.2,28.2],[19.8,27.7],[17.9,29.2],[18.2,30],[18.2,30.9],[17.9,30.8],[18,31.7],[18.5,32],[18.6,32.5],[18.7,32.9],[18.7,33.6],[18.3,34.4],[18.3,34.5]]]]}},{"type":"Feature","properties":{},"geometry":{"type":"MultiPolygon","coordinates":[[[[18.3,34.5],[18.1,35.1],[19.5,35.8],[21,35.9],[22.4,35.6],[22.7,35.2],[22.2,35.2],[22,35.5],[21.7,35.3],[21.5,35.2],[20.7,35],[20.2,34.7],[20.1,34.6],[20.2,34.5],[19.4,34.8],[18.9,34.6],[18.6,34.6],[18.3,34.5]]]]}},{"type":"Feature","properties":{},"geometry":{"type":"MultiPolygon","coordinates":[[[[29.3,27.1],[30.4,27.4],[32.6,27.6],[33.4,27.7],[35.1,28.3],[36.5,29.3],[37.1,29.5],[36.5,28.6],[34.7,26.2],[31.7,23.3],[30.3,20.7],[28.7,18.3],[26.4,15.5],[25,15.3],[25.4,16.6],[25.9,17.5],[26.3,18.5],[27.9,21.8],[28.7,26],[29.3,27.1]]]]}},{"type":"Feature","properties":{},"geometry":{"type":"MultiPolygon","coordinates":[[[[22.2,22.2],[23.2,20.9],[23,19],[21.8,17.3],[21.2,17.4],[19.8,18.6],[19.7,19.8],[21.3,21],[22.2,22.2]]]]}},{"type":"Feature","properties":{},"geometry":{"type":"MultiPolygon","coordinates":[[[[19.2,27.2],[17.3,28],[16.9,28],[16.5,28.3],[16.5,29],[16.6,29.2],[17.2,30.8],[17.5,31.7],[17.7,32.5],[17.3,32.6],[17.6,34.3],[18.3,34.5],[18.4,34.2],[18.7,33],[18.6,32.6],[18.6,32.1],[18.1,31.8],[18,31.1],[18,30.7],[18.1,30.2],[18.1,29.6],[18.9,28.2],[21.2,27],[21.7,26.4],[22.8,25.6],[21.1,26.6],[19.2,27.2]]]]}},{"type":"Feature","properties":{},"geometry":{"type":"MultiPolygon","coordinates":[[[[-37,0.5],[-36.8,0.3],[-36.5,0.1],[-37.2,-0.1],[-37.3,-0.3],[-37.1,-0.2],[-36.3,0.1],[-36,-0.2],[-35.8,-0.6],[-36.9,-1],[-36.9,-1.3],[-36.5,-1.1],[-36.1,-1.6],[-35.6,-0.8],[-35.4,-1.6],[-35,-1.3],[-34.7,-1],[-34.8,-0.7],[-34.1,-0.5],[-34,-1.4],[-34.4,-1.7],[-34.8,-2.1],[-34.3,-1.8],[-34.5,-2.3],[-34.5,-2.7],[-34.5,-2.6],[-34.1,-2.7],[-34.2,-3.2],[-34.1,-3.2],[-34.2,-3.7],[-34.2,-3.9],[-34.1,-4.4],[-33.9,-4.9],[-33.4,-4.7],[-33.8,-4.7],[-33.7,-5],[-33.5,-5],[-33.2,-5],[-33.6,-5.5],[-33.5,-5.6],[-33.8,-5.8],[-33.6,-6],[-33.7,-6.1],[-33.4,-6.2],[-33.2,-6.2],[-33.1,-6.4],[-33,-6.4],[-32.6,-7.1],[-33.4,-6.8],[-32.9,-7.1],[-33.3,-7.3],[-32.7,-7.6],[-32.4,-7.5],[-32.5,-7.9],[-32.9,-8],[-33,-8.3],[-32.7,-8.7],[-32.3,-8.4],[-32.5,-8.9],[-33.2,-8.8],[-33.4,-8.8],[-33.8,-8.7],[-33.6,-9.3],[-34.1,-9.3],[-34.1,-9.6],[-34,-9.6],[-33.4,-9.7],[-34,-9.9],[-33.7,-10],[-33.4,-9.8],[-33.6,-10.3],[-33.1,-10.1],[-32.3,-10.4],[-32.2,-10.5],[-32.1,-10.8],[-31.9,-11],[-31.8,-11.1],[-31.8,-11.2],[-31.7,-11.4],[-31.6,-11.5],[-31.7,-11.7],[-32.1,-11.9],[-32.8,-11.2],[-33.4,-11],[-34.1,-10.8],[-33.7,-11],[-33.6,-11.1],[-33,-11.3],[-33.4,-11.7],[-33.9,-11.8],[-34.1,-12.4],[-33.2,-12.2],[-33.5,-12.6],[-33.6,-12.7],[-33.2,-12.4],[-32.6,-12.1],[-31.6,-12.1],[-31.8,-12.3],[-31.8,-12.5],[-32,-12.6],[-32.1,-12.8],[-32.3,-13],[-32.3,-13.2],[-32.5,-13.4],[-32.5,-13.5],[-32.6,-13.8],[-32.9,-14],[-33.1,-14.1],[-33.3,-14.2],[-33.6,-14.4],[-33.9,-14.4],[-34,-14.8],[-34.2,-14.8],[-34.4,-14.8],[-34.6,-14.7],[-34.9,-14.5],[-34.7,-14.9],[-34.8,-15.1],[-35.1,-15.5],[-35.1,-15.8],[-35.3,-16.1],[-35.3,-16.3],[-35.3,-16.5],[-35.5,-16.8],[-35.7,-16.8],[-35.8,-16.9],[-35.8,-17],[-36,-17.2],[-36.1,-17.2],[-36.4,-17.3],[-36.5,-17.4],[-36.6,-17.2],[-36.6,-16.9],[-36.7,-16.9],[-36.7,-17],[-36.8,-17.3],[-36.9,-17.3],[-36.9,-17.6],[-37,-17.5],[-37.1,-17.6],[-37.3,-17.6],[-37.4,-17.6],[-37.6,-17.8],[-37.5,-18],[-37.6,-18.2],[-38,-18.1],[-38.1,-18.3],[-37.9,-18.9],[-38.3,-19],[-37.9,-19.3],[-38.1,-19.6],[-38,-19.8],[-38.2,-19.7],[-38.2,-19.8],[-38.4,-19.7],[-38.4,-19.9],[-38.6,-20],[-38.7,-20],[-38.4,-20.3],[-38.6,-20.4],[-38.9,-20.4],[-38.8,-20.5],[-38.9,-20.6],[-38.7,-20.8],[-38.6,-20.9],[-38.7,-20.9],[-38.9,-21.3],[-38.7,-21.4],[-39,-21.5],[-38.8,-21.6],[-38.9,-21.7],[-38.9,-21.9],[-38.9,-22],[-39.4,-22.1],[-39,-22.2],[-39.4,-22.3],[-39.1,-22.6],[-39.2,-22.7],[-39.5,-22.7],[-39.8,-22.6],[-39.3,-22.8],[-39.3,-23],[-39.5,-23.1],[-39.8,-22.8],[-40,-23],[-40.1,-23.2],[-40.3,-23.1],[-40,-22.9],[-40.3,-23],[-40.5,-22.7],[-40.5,-22.5],[-40.5,-22.4],[-40.4,-22.1],[-40.7,-22.3],[-40.8,-22.3],[-40.4,-22.1],[-40.8,-22.1],[-40.6,-21.9],[-40.8,-22],[-40.9,-22.1],[-41,-22.2],[-41.1,-22.2],[-41.3,-22.1],[-41.4,-22.2],[-41.5,-22],[-41.7,-21.8],[-41.8,-21.7],[-42,-21.8],[-41.9,-21.7],[-42,-21.5],[-42.2,-21.6],[-41.8,-21.4],[-42.3,-21.4],[-42.2,-21.3],[-42.2,-21.1],[-42.4,-21.1],[-42.1,-20.9],[-42.2,-20.9],[-42.4,-20.9],[-42.3,-20.8],[-42.3,-20.7],[-42.3,-20.5],[-42.6,-20.2],[-42.5,-20.1],[-42.5,-19.9],[-42.7,-19.9],[-42.7,-19.6],[-42.8,-19.6],[-42.7,-19.5],[-42.9,-19.5],[-42.8,-19.2],[-42.5,-19.2],[-42.9,-19.2],[-43,-19.1],[-42.7,-18.9],[-42.8,-18.8],[-42.3,-18.6],[-42.9,-18.7],[-42.6,-18.6],[-42.4,-18.5],[-42.2,-18.4],[-42.4,-18.3],[-42.3,-18.2],[-42.2,-18.4],[-42.1,-18.2],[-42.4,-18.1],[-42.4,-17.6],[-42.6,-18.1],[-42.9,-17.9],[-42.7,-17.9],[-42.7,-17.8],[-43,-18],[-43,-17.9],[-42.9,-17.6],[-42.9,-17.5],[-43.1,-17.5],[-42.6,-17.1],[-42.7,-17.1],[-43.1,-17.3],[-43.2,-17.2],[-43.1,-17],[-43,-16.8],[-42.6,-16.9],[-42.9,-16.9],[-43.3,-16.8],[-43.3,-16.6],[-42.6,-16.2],[-41.9,-16.1],[-42.6,-16.1],[-43.4,-16.5],[-43.1,-16.4],[-42.9,-16.1],[-43,-16],[-42.6,-15.9],[-42.7,-15.8],[-43,-15.7],[-43.3,-15.6],[-42.5,-15.4],[-43.1,-15.3],[-42.8,-15.1],[-42.7,-15],[-41.9,-15.3],[-42,-15.2],[-41.8,-15.1],[-41.9,-14.9],[-42.5,-15],[-43.1,-15.2],[-42.9,-14.9],[-42.8,-14.9],[-42.7,-14.8],[-42.3,-14.9],[-42.8,-14.6],[-42.5,-14.6],[-41.7,-15],[-41.9,-14.7],[-41.8,-14.4],[-42.4,-14.6],[-42.8,-14.4],[-42.4,-14.3],[-42.1,-14.2],[-41.8,-14.2],[-41.7,-14.3],[-41.9,-14.1],[-41.6,-13.8],[-41.5,-13.9],[-41.4,-14],[-41.6,-13.8],[-41.5,-13.8],[-41.7,-13.6],[-41.5,-13.5],[-41.4,-13.4],[-41.4,-13],[-41.6,-12.9],[-41.7,-12.9],[-42.6,-12],[-41.3,-12.6],[-41.6,-12.3],[-41.4,-12.4],[-41.4,-12.2],[-41.3,-12.3],[-41.6,-11.8],[-41.4,-11.8],[-41.8,-11.7],[-41.8,-11.5],[-41.5,-11.2],[-42,-11],[-42,-10.5],[-42.1,-11.1],[-42.2,-11.3],[-42.7,-11.3],[-42.6,-10.8],[-42.2,-10.5],[-42.5,-10.6],[-42.2,-10.4],[-42.4,-10.3],[-42.2,-10.2],[-42.1,-10.1],[-42.1,-9.9],[-42.2,-9.7],[-42.2,-9.4],[-42.2,-9],[-42.2,-8.9],[-42.2,-8.7],[-42.1,-8.4],[-42.3,-8.3],[-42.1,-8.2],[-42.3,-8],[-42.3,-7.7],[-42.4,-7.2],[-42.3,-6.9],[-42.4,-6.7],[-42.7,-6.4],[-43,-6],[-43.2,-5.8],[-43.4,-5.8],[-43.7,-5.8],[-43.8,-5.7],[-44.1,-5.6],[-44.4,-5.5],[-44.1,-5.2],[-44.4,-4.8],[-44.6,-4.6],[-44.4,-4.4],[-43.5,-4.8],[-43.6,-4.5],[-43.3,-4.5],[-43.7,-4.2],[-43.8,-4],[-44.2,-3.8],[-44.3,-3.3],[-43.8,-3],[-43.4,-3.1],[-43.2,-2.9],[-42.8,-3],[-42.2,-2.8],[-41.8,-2.3],[-42.2,-2.3],[-42,-1.7],[-41.7,-1.5],[-41.4,-1.4],[-41.1,-1.3],[-40.6,-0.9],[-40.2,-0.7],[-40.1,-0.7],[-39.9,-1.3],[-39.5,-1.2],[-39.4,-0.6],[-38.8,-1.2],[-38.4,-1],[-38.3,-0.5],[-38.1,-0.7],[-38.6,-0.4],[-38.6,0],[-38.5,0],[-38.3,-0.2],[-37.9,-0.5],[-37.7,-0.1],[-37.8,0.3],[-37.5,0.3],[-37.4,0.3],[-37,0.5]]]]}},{"type":"Feature","properties":{},"geometry":{"type":"MultiPolygon","coordinates":[[[[-42.2,-12.9],[-42,-13.3],[-42.5,-13.3],[-42.6,-13.2],[-43,-13],[-42.9,-12.7],[-42.6,-12.4],[-42.2,-12.9]]]]}},{"type":"Feature","properties":{},"geometry":{"type":"MultiPolygon","coordinates":[[[[-32.8,-11.9],[-33.6,-12.3],[-33.4,-11.8],[-32.9,-11.6],[-32.8,-11.9]]]]}},{"type":"Feature","properties":{},"geometry":{"type":"MultiPolygon","coordinates":[[[[-32.8,-9.6],[-32.4,-9.9],[-32.3,-10.2],[-32.7,-10.1],[-33.2,-9.7],[-32.8,-9.6]]]]}},{"type":"Feature","properties":{},"geometry":{"type":"MultiPolygon","coordinates":[[[[-33.4,-9.2],[-32.8,-9.3],[-33.6,-9.2],[-33.4,-9.2]]]]}},{"type":"Feature","properties":{},"geometry":{"type":"MultiPolygon","coordinates":[[[[-32.5,-9.4],[-32.7,-9.6],[-33.2,-9.6],[-32.5,-9.4]]]]}},{"type":"Feature","properties":{},"geometry":{"type":"MultiPolygon","coordinates":[[[[-32.3,-6.8],[-32.1,-6.9],[-32.4,-7.1],[-32.4,-6.8],[-32.3,-6.8]]]]}},{"type":"Feature","properties":{},"geometry":{"type":"MultiPolygon","coordinates":[[[[-36.6,-17.3],[-36.5,-17.5],[-36.6,-17.6],[-36.6,-17.3]]]]}},{"type":"Feature","properties":{},"geometry":{"type":"MultiPolygon","coordinates":[[[[-41.6,-13],[-41.6,-13.4],[-41.7,-13.1],[-41.6,-13]]]]}},{"type":"Feature","properties":{},"geometry":{"type":"MultiPolygon","coordinates":[[[[-39.7,-23],[-39.3,-23.2],[-39.5,-23.3],[-39.6,-23.1],[-39.7,-23]]]]}},{"type":"Feature","properties":{},"geometry":{"type":"MultiPolygon","coordinates":[[[[-37.9,-18.5],[-37.7,-18.7],[-38,-18.3],[-37.8,-18.5],[-37.9,-18.5]]]]}},{"type":"Feature","properties":{},"geometry":{"type":"MultiPolygon","coordinates":[[[[-38.5,-20.5],[-38.6,-20.6],[-38.7,-20.4],[-38.5,-20.5]]]]}},{"type":"Feature","properties":{},"geometry":{"type":"MultiPolygon","coordinates":[[[[-167.1,-66.4],[-171,-64.9],[-171.1,-64.5],[-172.8,-63],[-175.2,-62.2],[-172,-62.2],[-170.2,-63.5],[-167,-64.6],[-165,-64.4],[-166.3,-63.7],[-165.9,-63],[-168.3,-62],[-165.4,-62.4],[-165.7,-62.7],[-164.8,-63],[-161.8,-63.7],[-161.5,-64.5],[-161.6,-65.5],[-160,-66.4],[-156.9,-67.2],[-156.6,-67.4],[-155.9,-68.2],[-155.7,-68.5],[-161.3,-67.4],[-167.1,-66.4]]]]}},{"type":"Feature","properties":{},"geometry":{"type":"MultiPolygon","coordinates":[[[[121.8,-76.7],[127.8,-74],[132.4,-74.5],[141.9,-75],[147,-75],[147.1,-75.7],[143.8,-77.4],[145.8,-79.2],[145.2,-79.7],[134.8,-79],[125.7,-78],[122.2,-78],[122.3,-77.5],[126,-76.4],[127.5,-76.3],[127.6,-75.7],[125.5,-76.1],[121.8,-76.7]]]]}},{"type":"Feature","properties":{},"geometry":{"type":"MultiPolygon","coordinates":[[[[-159.3,-74.1],[-152.7,-73.2],[-149.2,-73.9],[-143.1,-75.3],[-145,-76.3],[-153.4,-74.2],[-159.3,-74.1]]]]}},{"type":"Feature","properties":{},"geometry":{"type":"MultiPolygon","coordinates":[[[[152.9,-66.7],[153.6,-66.5],[153.7,-66.3],[153.9,-66.1],[154.6,-65.8],[154.9,-65.3],[155.6,-64.7],[157.1,-64.1],[158.1,-63.8],[158,-63.7],[163.7,-63.9],[165.5,-63.7],[165.9,-63.5],[169.3,-61.7],[170,-61.9],[168.8,-62.9],[164.8,-65.9],[163,-67.3],[158.7,-67.6],[155.3,-67.7],[152.6,-67.7],[151,-68],[149.8,-68.3],[148.8,-68.6],[147.6,-69.2],[146.6,-69.9],[145.3,-68.3],[152.7,-67.2],[152.9,-66.7]]]]}},{"type":"Feature","properties":{},"geometry":{"type":"MultiPolygon","coordinates":[[[[-172.3,-63.3],[-171,-64.7],[-171.1,-65],[-171.5,-65.8],[-171.8,-67],[-173.3,-68.7],[-173.8,-66.3],[-172.2,-64.5],[-171.9,-64.1],[-172.3,-63.3]]]]}},{"type":"Feature","properties":{},"geometry":{"type":"MultiPolygon","coordinates":[[[[180,-70.9],[177.1,-72.1],[169.2,-73.4],[165,-73.5],[159.8,-73.7],[155.4,-73.4],[154.5,-72.8],[155.8,-72.2],[159.9,-72.3],[163.8,-72.4],[169.1,-72.1],[172.4,-70.9],[174.5,-71.4],[177.8,-71.2],[179.9,-71],[180,-70.9]]]]}},{"type":"Feature","properties":{},"geometry":{"type":"MultiPolygon","coordinates":[[[[-180,-71.6],[-178.2,-71.1],[-179.9,-71.5],[-180,-71.6]]]]}},{"type":"Feature","properties":{},"geometry":{"type":"MultiPolygon","coordinates":[[[[180,-60.7],[176.5,-62.5],[173.7,-62.7],[170.1,-61.7],[172,-61.4],[177.3,-60],[180,-60.7]]]]}},{"type":"Feature","properties":{},"geometry":{"type":"MultiPolygon","coordinates":[[[[-180,-62],[-175.2,-61.6],[-176.2,-62],[-178.2,-61.9],[-180,-62]]]]}},{"type":"Feature","properties":{},"geometry":{"type":"MultiPolygon","coordinates":[[[[180,-69.9],[178.5,-71],[177.1,-71.2],[173.2,-71],[171.1,-69.6],[167.4,-69.4],[164.5,-69.2],[160.5,-69],[157.6,-68.4],[156,-67.9],[160.7,-67.3],[163.4,-67.3],[166.9,-67.8],[170,-68.1],[172.4,-68.4],[176.1,-69],[180,-69.8],[180,-69.9]]]]}},{"type":"Feature","properties":{},"geometry":{"type":"MultiPolygon","coordinates":[[[[180,-62],[180,-69.9],[177.2,-69.1],[172.8,-68.5],[170.6,-68.2],[167.5,-67.9],[163.8,-67.5],[164.8,-65.9],[168.8,-62.9],[170,-61.9],[173.7,-62.7],[176.5,-62.5],[180,-62]]]]}},{"type":"Feature","properties":{},"geometry":{"type":"MultiPolygon","coordinates":[[[[-180,-69.9],[-180,-62],[-177.5,-61.9],[-175.8,-62.1],[-173.4,-62.8],[-171.4,-64.3],[-172.5,-64.7],[-173.4,-67],[-174.2,-69.7],[-175.6,-70.9],[-178.5,-70.4],[-180,-69.9]]]]}},{"type":"Feature","properties":{},"geometry":{"type":"MultiPolygon","coordinates":[[[[180,-71.6],[176.3,-72.6],[177.1,-72.1],[180,-71.6]]]]}},{"type":"Feature","properties":{},"geometry":{"type":"MultiPolygon","coordinates":[[[[-180,-72.3],[-176,-71.4],[-174.4,-70],[-173.3,-68.7],[-171.8,-67],[-171.5,-65.8],[-171.1,-65],[-169,-65.8],[-164,-67.7],[-160.3,-69],[-158.8,-69.9],[-163.5,-70.8],[-169,-71.7],[-177.4,-72.1],[-180,-72.3]]]]}},{"type":"Feature","properties":{},"geometry":{"type":"MultiPolygon","coordinates":[[[[-176.8,-71.3],[-174.4,-70],[-176,-71.4],[-176.8,-71.3]]]]}},{"type":"Feature","properties":{},"geometry":{"type":"MultiPolygon","coordinates":[[[[156.6,-67.6],[153.5,-68.7],[150.9,-70.9],[151.9,-71.9],[150.1,-71.2],[148.4,-70.2],[148.2,-69.8],[147.5,-70.3],[146.6,-69.9],[147.6,-69.2],[148.8,-68.6],[149.8,-68.3],[151,-68],[152.6,-67.7],[155.3,-67.7],[156.6,-67.6]]]]}},{"type":"Feature","properties":{},"geometry":{"type":"MultiPolygon","coordinates":[[[[180,-76.6],[179.7,-81.6],[174.9,-78.4],[180,-76.6]]]]}},{"type":"Feature","properties":{},"geometry":{"type":"MultiPolygon","coordinates":[[[[-180,-81.6],[-178.2,-76.5],[-176.6,-74.7],[-169.4,-73.5],[-162.5,-74.2],[-159.3,-74.1],[-151.7,-74.5],[-140.9,-76.4],[-136.4,-78.5],[-135,-79.3],[-137.2,-80.5],[-135.1,-82.1],[-130.3,-82.5],[-121.1,-83.2],[-121.8,-83.7],[-105.3,-84.4],[-95.9,-84.5],[-94.2,-84.5],[-89,-84.5],[-79,-84.9],[-107.5,-87.5],[-142.8,-85.3],[-173.7,-82.6],[-180,-81.6]]]]}},{"type":"Feature","properties":{},"geometry":{"type":"MultiPolygon","coordinates":[[[[126.7,-71.1],[125.5,-72.4],[123.3,-72.9],[121.4,-71.7],[121.3,-70.9],[126.7,-71.1]]]]}},{"type":"Feature","properties":{},"geometry":{"type":"MultiPolygon","coordinates":[[[[126.7,-71.1],[131.7,-70.8],[134.4,-71.2],[131.9,-71.3],[129.8,-71.9],[126.3,-73.1],[124.7,-72.9],[127.1,-71.4],[126.7,-71.1]]]]}},{"type":"Feature","properties":{},"geometry":{"type":"MultiPolygon","coordinates":[[[[131.4,-72],[134.9,-71.8],[137.9,-72],[145.6,-73.4],[153.7,-74.4],[152.8,-75.6],[148.3,-75],[144.6,-75],[137.1,-74.9],[129.8,-73.5],[129.5,-72.7],[131.4,-72]]]]}},{"type":"Feature","properties":{},"geometry":{"type":"MultiPolygon","coordinates":[[[[81.5,-68.5],[80.9,-67.6],[80,-67.1],[80.3,-66.2],[81.8,-66.3],[82.9,-66.6],[85.2,-66.7],[83.8,-67.4],[81.5,-68.5]]]]}},{"type":"Feature","properties":{},"geometry":{"type":"MultiPolygon","coordinates":[[[[88.6,-77.1],[104.9,-78.4],[101.2,-78.7],[113.5,-78.4],[118.4,-78.2],[122.2,-78],[125.7,-78],[134.8,-79],[145.2,-79.7],[159.5,-80.1],[147.1,-80.6],[130.7,-81],[108.2,-81.3],[99,-81.3],[95.7,-80.9],[83.5,-80.7],[84.3,-79.9],[86.8,-79.4],[83.6,-78.5],[83.6,-78.4],[85.9,-77.7],[87,-77.9],[88.3,-77.6],[88.5,-77.3],[88.6,-77.1]]]]}},{"type":"Feature","properties":{},"geometry":{"type":"MultiPolygon","coordinates":[[[[180,-81.6],[180,-88.3],[-180,-86.7],[-175.8,-82.2],[-156.6,-84.5],[-112.3,-86.8],[-84.6,-86.4],[-71.4,-83.5],[-68.3,-83.2],[-63,-82.3],[-61.9,-82],[-58.7,-81.5],[-53.9,-80.8],[-52.2,-80.6],[-52.4,-80.7],[-51.5,-81],[-45.8,-80.8],[-45.9,-81.1],[-43.9,-81.4],[-44.5,-80.9],[-44.1,-80.6],[-43.4,-80.7],[-41,-80.6],[-40.7,-80.4],[-33.4,-80.1],[-28.9,-79.6],[-27.1,-79.2],[-27.2,-78.9],[-23.6,-78.8],[-23.8,-80],[-14.2,-81.9],[-11.5,-82.4],[-8,-82.7],[1.2,-82.7],[1.9,-82.4],[5.5,-82.2],[7.1,-82.4],[17.3,-82.5],[25.5,-82.1],[36.9,-81.5],[47.2,-81.4],[58.6,-80.7],[69.8,-81],[84.5,-80.8],[96.9,-81],[106,-81.3],[114.6,-81.2],[136,-80.6],[149.5,-80.5],[161.4,-80.2],[175,-79.3],[180,-81.6]]]]}},{"type":"Feature","properties":{},"geometry":{"type":"MultiPolygon","coordinates":[[[[45.9,-79.1],[32,-81.8],[22.6,-82.5],[6.1,-81.3],[3.2,-81.9],[0.3,-81.9],[-7.1,-81.6],[-12.4,-80.7],[-16.8,-80],[-19,-79.5],[-21.9,-78.9],[-17.2,-78.3],[-1.1,-78.4],[23.6,-78.9],[45.9,-79.1]]]]}},{"type":"Feature","properties":{},"geometry":{"type":"MultiPolygon","coordinates":[[[[94.6,-71.1],[96.4,-72.8],[95.2,-72.4],[94.7,-73],[93.4,-73],[82.7,-73.9],[80.4,-71.5],[88.7,-71.3],[95,-71.4],[94.6,-71.1]]]]}},{"type":"Feature","properties":{},"geometry":{"type":"MultiPolygon","coordinates":[[[[20.4,-56.9],[21.3,-63],[23.1,-68.3],[29.3,-67],[29.9,-63.1],[39.7,-59.7],[39.1,-57.1],[39.5,-56],[42.9,-61.2],[42.6,-63.8],[43.8,-64.4],[44.5,-63.7],[45.5,-63],[47.5,-62],[49.9,-62.3],[52.6,-63],[56,-64.2],[57,-64.8],[57.9,-64.5],[59.3,-64.3],[60,-64.7],[60.5,-65.2],[62.5,-65.8],[61.8,-66.6],[55.1,-68.9],[53.7,-71.8],[35.3,-74.1],[20.7,-76.2],[-0.8,-76.1],[-0.2,-74.8],[4.1,-73.3],[5,-73.7],[6.3,-73.4],[8.6,-73.4],[11.7,-74.6],[22.3,-71.6],[21.9,-69.2],[13.8,-67.8],[6.4,-67.5],[4.8,-65],[9,-66],[10.6,-64.1],[12.3,-62.4],[15,-60.3],[12.9,-58.6],[6,-57.8],[2.2,-59.3],[2.7,-61.8],[4.6,-58],[11,-53.9],[18.7,-56.3],[20.4,-56.9]]]]}},{"type":"Feature","properties":{},"geometry":{"type":"MultiPolygon","coordinates":[[[[8.5,-73.3],[5.6,-73],[5.7,-72.7],[7.9,-72.8],[8.5,-73.3]]]]}},{"type":"Feature","properties":{},"geometry":{"type":"MultiPolygon","coordinates":[[[[42.9,-55.4],[42.9,-56.2],[42.9,-56.7],[42.1,-56.5],[41.7,-55.7],[42.8,-55.4],[42.9,-55.4]]]]}},{"type":"Feature","properties":{},"geometry":{"type":"MultiPolygon","coordinates":[[[[42.9,-54.9],[42.8,-55.4],[42.6,-55],[42.9,-54.9]]]]}},{"type":"Feature","properties":{},"geometry":{"type":"MultiPolygon","coordinates":[[[[43.3,-56.3],[43.4,-55.8],[43.4,-56.2],[43.3,-56.3]]]]}},{"type":"Feature","properties":{},"geometry":{"type":"MultiPolygon","coordinates":[[[[52,-58.2],[53.7,-58.7],[54.3,-59],[54.9,-59.6],[54.9,-60.9],[53,-62.4],[49.2,-61.8],[46.3,-60.1],[49.4,-59.2],[51,-59.6],[52,-58.2]]]]}},{"type":"Feature","properties":{},"geometry":{"type":"MultiPolygon","coordinates":[[[[53.9,-54.9],[54.9,-55.7],[52.4,-55.5],[52.4,-54.8],[53.9,-54.9]]]]}},{"type":"Feature","properties":{},"geometry":{"type":"MultiPolygon","coordinates":[[[[61.7,-54.5],[62.4,-55.3],[61.2,-54.4],[61.7,-54.5]]]]}},{"type":"Feature","properties":{},"geometry":{"type":"MultiPolygon","coordinates":[[[[57.6,-60],[59,-61.3],[62.3,-63],[61,-63.1],[59.7,-62.2],[57.4,-62.2],[55.3,-62.8],[53.8,-62.9],[53,-62.4],[54.9,-60.9],[54.9,-59.6],[55.4,-59.7],[57.4,-60.1],[57.6,-60]]]]}},{"type":"Feature","properties":{},"geometry":{"type":"MultiPolygon","coordinates":[[[[59.5,-57.1],[58.3,-60.1],[56.2,-59.5],[55.7,-59.3],[55.4,-57.5],[58,-56.7],[59.5,-57.1]]]]}},{"type":"Feature","properties":{},"geometry":{"type":"MultiPolygon","coordinates":[[[[65.4,-61.1],[67.3,-61.9],[66.4,-62.7],[63.6,-63.5],[63.5,-62.9],[62.3,-63],[59,-61.3],[57.6,-60],[58.7,-60],[59.4,-60],[63.7,-60.9],[65.4,-61.1]]]]}},{"type":"Feature","properties":{},"geometry":{"type":"MultiPolygon","coordinates":[[[[63.4,-64.6],[61.8,-65.5],[60.4,-64.9],[59.3,-64.5],[58.5,-64.7],[57.2,-64.6],[56.1,-64.5],[57.3,-63.7],[58.6,-63.5],[63.4,-64.6]]]]}},{"type":"Feature","properties":{},"geometry":{"type":"MultiPolygon","coordinates":[[[[53.2,-63],[50.4,-62.6],[48.1,-61.8],[45.8,-62.6],[45,-63.6],[44.2,-64.3],[43,-64],[43.8,-63],[43.4,-61.9],[45.2,-61.5],[47.1,-60.5],[50.3,-62.3],[53.2,-63]]]]}},{"type":"Feature","properties":{},"geometry":{"type":"MultiPolygon","coordinates":[[[[59.1,-54.8],[62.7,-55.2],[65.9,-55.2],[69.9,-56.7],[73.7,-58.4],[74.7,-60],[74.3,-61.8],[71.3,-60.9],[70.2,-59.1],[66.9,-57.5],[60.5,-56.7],[56.8,-55.8],[57.9,-54.6],[59.1,-54.8]]]]}},{"type":"Feature","properties":{},"geometry":{"type":"MultiPolygon","coordinates":[[[[78.6,-57.9],[78,-58.7],[76.7,-61.3],[76.7,-61.7],[76.6,-61.9],[76.3,-62.3],[74.7,-60],[76.5,-58.2],[78.6,-57.9]]]]}},{"type":"Feature","properties":{},"geometry":{"type":"MultiPolygon","coordinates":[[[[54.2,-53.5],[55,-54.4],[52.4,-54.8],[51.9,-53.9],[52.4,-53.4],[54,-53.4],[54.2,-53.5]]]]}},{"type":"Feature","properties":{},"geometry":{"type":"MultiPolygon","coordinates":[[[[63.9,-57.4],[66.1,-58.8],[62.6,-57.5],[63.9,-57.4]]]]}},{"type":"Feature","properties":{},"geometry":{"type":"MultiPolygon","coordinates":[[[[62.6,-63.5],[58.6,-63.5],[54.8,-63],[54.6,-62.4],[55.8,-62.8],[58.1,-62.2],[60.4,-62.5],[61.4,-63.1],[62.6,-63.5]]]]}},{"type":"Feature","properties":{},"geometry":{"type":"MultiPolygon","coordinates":[[[[67.6,-61.4],[69.2,-62],[70.6,-62.7],[72,-62.9],[73.7,-63.1],[74.7,-63.4],[76.4,-64.1],[70.2,-65.2],[62.8,-63.3],[63.6,-63.2],[64.5,-63.2],[67.5,-62.9],[67.6,-61.4]]]]}},{"type":"Feature","properties":{},"geometry":{"type":"MultiPolygon","coordinates":[[[[75.1,-60.6],[75.1,-62.9],[73.5,-62.7],[71,-61.8],[70.2,-59.5],[68.1,-59.4],[65,-58.6],[65.5,-57.2],[70.2,-59],[71.5,-60.4],[73.4,-62.1],[75.1,-60.6]]]]}},{"type":"Feature","properties":{},"geometry":{"type":"MultiPolygon","coordinates":[[[[87.5,-69.9],[84.3,-69.6],[83,-69.7],[85.7,-70.2],[87.3,-70.2],[89.7,-70.2],[92.5,-71.3],[84.9,-71.6],[81,-68.6],[87.5,-69.9]]]]}},{"type":"Feature","properties":{},"geometry":{"type":"MultiPolygon","coordinates":[[[[13.5,-77.7],[-1.1,-78.4],[-17.2,-78.3],[-26.1,-79.1],[-27,-78.8],[-28,-77.9],[-28,-77.8],[-28.1,-77.7],[-28.1,-77.6],[-28.2,-77.5],[-28.2,-77.4],[-25.7,-76.5],[-21.9,-76.3],[-19.3,-76.3],[-19.7,-75.8],[-17.4,-75.9],[-15.8,-76],[-13.1,-76],[-7.3,-75.3],[1,-76.8],[13.5,-77.7]]]]}},{"type":"Feature","properties":{},"geometry":{"type":"MultiPolygon","coordinates":[[[[-0.8,-61.5],[-2,-63.6],[-3,-65.1],[-4.7,-67.8],[-6.9,-67.6],[-7.3,-66.7],[-4.8,-64.1],[-3.5,-62.8],[-2.3,-62],[-1.3,-61.4],[-0.8,-61.5]]]]}},{"type":"Feature","properties":{},"geometry":{"type":"MultiPolygon","coordinates":[[[[-2.1,-64.1],[-1.1,-61.9],[-0.3,-61.2],[-0.4,-61.9],[-0.5,-62.5],[-0.6,-62.9],[-0.7,-63.6],[-0.8,-64.5],[-1.7,-64],[-2.1,-64.1]]]]}},{"type":"Feature","properties":{},"geometry":{"type":"MultiPolygon","coordinates":[[[[0.1,-60.3],[-1.1,-61.4],[-2.1,-61.9],[-2.7,-62],[-2.4,-61.3],[-1.8,-60.5],[-0.7,-59.9],[-0.1,-60.2],[0.1,-60.3]]]]}},{"type":"Feature","properties":{},"geometry":{"type":"MultiPolygon","coordinates":[[[[-0.8,-59.9],[-2.6,-60.3],[-3.4,-61.3],[-4.6,-62.3],[-5.3,-61.3],[-4.9,-60],[-4.5,-58.3],[-2.9,-59.1],[-2,-59.6],[-0.8,-59.9]]]]}},{"type":"Feature","properties":{},"geometry":{"type":"MultiPolygon","coordinates":[[[[-4.9,-62.6],[-5.8,-62.7],[-6,-61.8],[-6.1,-60.8],[-5.3,-61.3],[-4.9,-62.6]]]]}},{"type":"Feature","properties":{},"geometry":{"type":"MultiPolygon","coordinates":[[[[-4.5,-58.3],[-4.9,-60],[-7.7,-61.5],[-6.9,-60],[-4.5,-58.3]]]]}},{"type":"Feature","properties":{},"geometry":{"type":"MultiPolygon","coordinates":[[[[-17.7,-64.2],[-18.1,-64.1],[-16.3,-63.1],[-14.1,-61.9],[-12.1,-60.9],[-12.2,-61.1],[-14,-62.1],[-15.5,-63.2],[-17.7,-64.2]]]]}},{"type":"Feature","properties":{},"geometry":{"type":"MultiPolygon","coordinates":[[[[-7,-58.6],[-8,-59.6],[-9.4,-60.5],[-11.6,-61.5],[-13.4,-62.9],[-15,-63.5],[-15.9,-63.7],[-17.3,-64.3],[-16.6,-63.6],[-14.8,-62.7],[-13.3,-61.7],[-11.3,-60.6],[-9.5,-59.6],[-8.1,-58.1],[-8,-58.5],[-7,-58.6]]]]}},{"type":"Feature","properties":{},"geometry":{"type":"MultiPolygon","coordinates":[[[[-9.5,-59.6],[-11.4,-60.5],[-13,-60.4],[-11.9,-59.7],[-10.3,-59.3],[-9.5,-59.6]]]]}},{"type":"Feature","properties":{},"geometry":{"type":"MultiPolygon","coordinates":[[[[-10.3,-59.3],[-11.9,-59.7],[-13,-60.4],[-14.2,-60.8],[-13.3,-59.6],[-12.5,-59.1],[-11.7,-59.4],[-10.7,-59],[-10.6,-59],[-10.3,-59.3]]]]}},{"type":"Feature","properties":{},"geometry":{"type":"MultiPolygon","coordinates":[[[[-12.8,-59],[-13.1,-59.3],[-13.3,-59.6],[-14.2,-60.8],[-14.5,-61.7],[-14.9,-62.4],[-15.8,-62.7],[-17.8,-63.3],[-20.1,-64],[-20.8,-64.1],[-18.6,-62.4],[-16.7,-61.5],[-14.4,-59.9],[-13,-58.8],[-12.8,-59]]]]}},{"type":"Feature","properties":{},"geometry":{"type":"MultiPolygon","coordinates":[[[[-11.3,-60.6],[-13,-61.2],[-14.9,-62.7],[-17.4,-63.7],[-19,-64.5],[-20.3,-64.7],[-20.1,-64],[-17.8,-63.3],[-15.8,-62.7],[-14.9,-62.4],[-14.5,-61.7],[-13,-60.4],[-11.4,-60.5],[-11.3,-60.6]]]]}},{"type":"Feature","properties":{},"geometry":{"type":"MultiPolygon","coordinates":[[[[-12.4,-58.1],[-14.4,-59.9],[-16.7,-61.5],[-18.6,-62.4],[-20.8,-64.1],[-23.1,-63.1],[-19.1,-61.7],[-16.2,-59.8],[-13,-58],[-12.4,-58.1]]]]}},{"type":"Feature","properties":{},"geometry":{"type":"MultiPolygon","coordinates":[[[[-24,-48.8],[-30,-50],[-34.8,-48.8],[-35.9,-49.6],[-37.3,-51.7],[-38.2,-54],[-42.6,-56.7],[-50.8,-58.1],[-53.5,-59.3],[-55.6,-61.5],[-55.1,-60.7],[-54.8,-60.4],[-54.3,-59.5],[-54,-59.3],[-54.2,-58.9],[-53.7,-58.8],[-53.5,-58.5],[-53.3,-58.5],[-53,-58.5],[-52.8,-58.5],[-52.9,-58.4],[-53.1,-58.4],[-52.4,-58.1],[-51.8,-57.9],[-51.5,-57.7],[-51.8,-57.5],[-51.3,-57.3],[-51.2,-57],[-51.1,-56.7],[-51.2,-56.5],[-50.9,-56.2],[-50.6,-56.1],[-50.4,-56],[-50.2,-55.9],[-50.2,-55.6],[-50.2,-55.3],[-49.6,-55.3],[-49.5,-55.3],[-49.3,-55.4],[-49.3,-55.2],[-49.5,-55.1],[-49,-55.2],[-49,-55],[-49.6,-54.4],[-48.9,-54.3],[-49.3,-54],[-49.1,-53.5],[-48.9,-53.7],[-48.8,-53.8],[-48.9,-53.6],[-48.3,-53.3],[-47.7,-53.3],[-47.3,-53.7],[-46.7,-54.1],[-47.7,-53.4],[-47.2,-53],[-46.7,-53.1],[-45.6,-53],[-43.7,-52.5],[-41,-51.7],[-38.9,-50.5],[-38.3,-50.3],[-37.8,-50.2],[-37.5,-49.7],[-37.2,-49.1],[-36.4,-48.7],[-34.5,-48.6],[-33,-48.5],[-31.2,-48.5],[-27.9,-48],[-24.1,-48.2],[-20.5,-48],[-20.1,-47.8],[-24,-48.8]]]]}},{"type":"Feature","properties":{},"geometry":{"type":"MultiPolygon","coordinates":[[[[-10.7,-58.9],[-11.4,-59.4],[-12.4,-59.1],[-13.1,-59.2],[-12.5,-58.9],[-11.7,-58.3],[-11.4,-58.5],[-10.9,-58.8],[-10.7,-58.9]]]]}},{"type":"Feature","properties":{},"geometry":{"type":"MultiPolygon","coordinates":[[[[-5.7,-58.7],[-9,-62.2],[-11.4,-63.3],[-10.8,-62.1],[-8.3,-60.5],[-7.1,-59.6],[-5.7,-58.7]]]]}},{"type":"Feature","properties":{},"geometry":{"type":"MultiPolygon","coordinates":[[[[-4.1,-63.4],[-5.6,-64.4],[-7.1,-66.9],[-6.2,-67.7],[-4.4,-67.8],[-4.5,-73.9],[-10.4,-72.2],[-11.6,-71.2],[-15.8,-70.7],[-21.6,-70.7],[-24.8,-69],[-25.9,-67.8],[-23.8,-66.1],[-25,-64.4],[-23.2,-63.3],[-20.7,-64.7],[-19.4,-64.7],[-18.1,-64.3],[-16.9,-64],[-15.7,-63.6],[-14.5,-63.2],[-12.6,-63.4],[-10.6,-63.5],[-9.6,-64.4],[-7.8,-63.8],[-5.8,-62.7],[-4.9,-62.6],[-4.4,-63],[-4.1,-63.4]]]]}},{"type":"Feature","properties":{},"geometry":{"type":"MultiPolygon","coordinates":[[[[-79.6,-73.7],[-91.4,-74.1],[-102.7,-75.7],[-109.5,-76.9],[-115.5,-76.3],[-108,-75.1],[-103.5,-73.3],[-99.8,-72.6],[-95.1,-73.1],[-93.7,-72.6],[-83.3,-72.9],[-79.6,-73.7]]]]}},{"type":"Feature","properties":{},"geometry":{"type":"MultiPolygon","coordinates":[[[[-51.5,-76],[-56.1,-76.4],[-63.8,-76.2],[-75.7,-74.9],[-74.4,-73.9],[-51.2,-74.2],[-48.2,-74.9],[-51.5,-76]]]]}},{"type":"Feature","properties":{},"geometry":{"type":"MultiPolygon","coordinates":[[[[-115.5,-76.3],[-110.1,-74.4],[-103.9,-73.6],[-107.9,-75.6],[-115.5,-76.3]]]]}},{"type":"Feature","properties":{},"geometry":{"type":"MultiPolygon","coordinates":[[[[-106.3,-70.5],[-105.3,-71.8],[-111,-73],[-116.4,-74.9],[-120.3,-73.8],[-121.9,-71.8],[-124.7,-69.7],[-128.7,-67.3],[-127.5,-65.8],[-123.9,-67.2],[-119.5,-68.5],[-114.2,-69.9],[-109.5,-70.3],[-106.3,-70.5]]]]}},{"type":"Feature","properties":{},"geometry":{"type":"MultiPolygon","coordinates":[[[[-40,-72.9],[-46,-72.2],[-44.8,-72.2],[-43.9,-72.3],[-42,-72.4],[-40,-72.9]]]]}},{"type":"Feature","properties":{},"geometry":{"type":"MultiPolygon","coordinates":[[[[-25.8,-77.7],[-42.4,-77.1],[-50.8,-75.9],[-46.7,-74.2],[-38.4,-73.5],[-36.1,-74.5],[-35.3,-75],[-33.5,-75.7],[-30,-76.1],[-26.8,-76.3],[-26.2,-76.9],[-25.9,-77.4],[-25.8,-77.7]]]]}},{"type":"Feature","properties":{},"geometry":{"type":"MultiPolygon","coordinates":[[[[-143.7,-58.9],[-151.9,-58.9],[-151.2,-58.1],[-152.1,-58],[-152.6,-58.1],[-145.7,-57.6],[-143.1,-58.1],[-143.7,-58.9]]]]}},{"type":"Feature","properties":{},"geometry":{"type":"MultiPolygon","coordinates":[[[[-122.2,-59.7],[-130.5,-58.8],[-140.8,-57.1],[-136.5,-56.2],[-127.2,-57],[-121.5,-58.9],[-122.2,-59.7]]]]}},{"type":"Feature","properties":{},"geometry":{"type":"MultiPolygon","coordinates":[[[[-141.7,-56.8],[-148.4,-55.2],[-144.6,-55.3],[-141.7,-56.8]]]]}},{"type":"Feature","properties":{},"geometry":{"type":"MultiPolygon","coordinates":[[[[-70.4,-11.2],[-70.7,-11],[-72.9,-10.9],[-75,-9.9],[-75.6,-9.6],[-75,-9.2],[-73.9,-9.7],[-72.6,-10.3],[-71.2,-10.5],[-70.8,-10.6],[-70.4,-10.8],[-70.4,-11.2]]]]}},{"type":"Feature","properties":{},"geometry":{"type":"MultiPolygon","coordinates":[[[[-49.7,-13.4],[-49.7,-13.7],[-50.3,-13.8],[-50.9,-13.6],[-51.3,-13.6],[-51.2,-13.5],[-51,-12.7],[-50.3,-12.8],[-49.9,-13.3],[-49.7,-13.4]]]]}},{"type":"Feature","properties":{},"geometry":{"type":"MultiPolygon","coordinates":[[[[-52,-13],[-52.1,-12.6],[-51.5,-12.5],[-52,-13]]]]}},{"type":"Feature","properties":{},"geometry":{"type":"MultiPolygon","coordinates":[[[[-49.8,-11.9],[-50,-12],[-50.1,-11.7],[-49.8,-11.9]]]]}},{"type":"Feature","properties":{},"geometry":{"type":"MultiPolygon","coordinates":[[[[-47.6,-15.5],[-47.9,-15.9],[-48,-16.2],[-48.4,-16.3],[-48.3,-15.5],[-48.3,-15.2],[-48,-15.3],[-47.8,-15.6],[-47.6,-15.5]]]]}},{"type":"Feature","properties":{},"geometry":{"type":"MultiPolygon","coordinates":[[[[-48.1,-16.6],[-48.2,-16.7],[-48.4,-17.1],[-48.2,-17.2],[-48.3,-17.4],[-48.5,-17.6],[-48.5,-17.5],[-48.7,-17.6],[-48.6,-17.8],[-48.2,-17.6],[-48.3,-18.5],[-48,-20.2],[-47.9,-21.9],[-48.1,-22],[-48,-21.8],[-48,-21.6],[-48.1,-21.7],[-48.1,-22.1],[-48.2,-22.2],[-48.2,-22.5],[-48.2,-22.3],[-48.1,-22.8],[-48.4,-22.5],[-48.6,-21.2],[-48.9,-20.3],[-48.9,-19],[-49,-18.1],[-48.8,-17.3],[-48.4,-16.4],[-48.1,-16.6]]]]}},{"type":"Feature","properties":{},"geometry":{"type":"MultiPolygon","coordinates":[[[[-41.8,-27.9],[-42.4,-28.3],[-42.1,-28.3],[-42.2,-28.5],[-43.8,-29.4],[-43.5,-29],[-42.9,-28.3],[-42.5,-28],[-42.2,-27.8],[-41.9,-27.9],[-41.8,-27.9]]]]}},{"type":"Feature","properties":{},"geometry":{"type":"MultiPolygon","coordinates":[[[[-43.9,-26.4],[-44,-26.6],[-44.2,-26.6],[-44.6,-27],[-45,-27.3],[-45.6,-27.2],[-45.7,-27.1],[-46.3,-27.2],[-46.9,-26.8],[-48.1,-26.6],[-49.4,-26.3],[-49.5,-26.2],[-49.1,-26.1],[-49,-26.3],[-48.8,-26.2],[-48.8,-25.9],[-48.5,-25.9],[-48.5,-25.7],[-48.8,-25.8],[-48.9,-25.1],[-48.1,-24.8],[-47.7,-24.6],[-47.7,-24.7],[-47.5,-25.2],[-47.1,-25.5],[-46.8,-25.9],[-46.6,-25.9],[-46.7,-25.8],[-46.2,-25.3],[-44.5,-25.7],[-43.9,-26.4]]]]}},{"type":"Feature","properties":{},"geometry":{"type":"MultiPolygon","coordinates":[[[[-42.8,-28.2],[-43.9,-29.4],[-45,-29.7],[-44.4,-29.1],[-44.5,-29.1],[-44.1,-28.6],[-43.9,-28.7],[-43.7,-28.5],[-43.7,-28.3],[-43.6,-28.2],[-43.5,-27.8],[-43.1,-27.1],[-42.7,-26.8],[-42.2,-26.4],[-41.8,-26.4],[-41.7,-26.4],[-42.1,-26.5],[-42.2,-27.1],[-42.3,-27.4],[-42.6,-27.7],[-42.8,-28],[-42.8,-28.2]]]]}},{"type":"Feature","properties":{},"geometry":{"type":"MultiPolygon","coordinates":[[[[-46.7,-28.2],[-47.9,-27.3],[-46.8,-27.8],[-46.7,-28.2]]]]}},{"type":"Feature","properties":{},"geometry":{"type":"MultiPolygon","coordinates":[[[[-48.6,-27.7],[-48.6,-27.9],[-48.6,-28.4],[-49,-28.3],[-49.8,-28],[-50.4,-28],[-51,-28.1],[-51.5,-28.3],[-52.3,-28.8],[-53.1,-29.3],[-53.8,-29.8],[-54.5,-29.8],[-55.2,-30.1],[-56,-30.4],[-56.2,-30.5],[-56.4,-30.7],[-57.2,-31.6],[-58.8,-31.7],[-63.1,-31.8],[-66.9,-32.2],[-65.8,-31.6],[-62.7,-30.5],[-61,-29.6],[-60.1,-29.8],[-59.1,-29.4],[-59.2,-29.2],[-58.6,-29.1],[-59.7,-29],[-59.6,-28.9],[-58.9,-28.5],[-58.4,-28.1],[-57.7,-27.8],[-57.2,-27.8],[-56.4,-27.4],[-56,-27.5],[-55.9,-27.9],[-55.3,-28],[-54.8,-28.2],[-54.3,-28.3],[-52.9,-27.8],[-53.2,-28],[-53.8,-28.3],[-54.2,-28.4],[-51.8,-27.6],[-48.8,-27.6],[-48.6,-27.7]]]]}},{"type":"Feature","properties":{},"geometry":{"type":"MultiPolygon","coordinates":[[[[-60,-29.1],[-59.8,-29],[-59.9,-29.2],[-60,-29.1]]]]}},{"type":"Feature","properties":{},"geometry":{"type":"MultiPolygon","coordinates":[[[[-55.8,-1.5],[-57.7,-2],[-58.7,-2.8],[-60.6,-3.3],[-61.2,-2.9],[-61.4,-2.4],[-58.6,0.2],[-57.5,0.6],[-57.1,0.2],[-57.1,0],[-57.3,-0.5],[-57.2,-0.7],[-57.5,-0.6],[-57.6,-1.1],[-57.5,-1],[-57.4,-1.1],[-57.3,-1],[-57.1,-0.7],[-56.6,-0.4],[-56.3,-0.6],[-56.1,-0.7],[-56,-0.7],[-55.9,-0.4],[-56.1,-0.6],[-56.3,-0.4],[-56.4,-0.4],[-56.6,0],[-55.5,-0.3],[-55.8,-0.8],[-55.7,-1],[-55.8,-1.5]]]]}},{"type":"Feature","properties":{},"geometry":{"type":"MultiPolygon","coordinates":[[[[-61.4,-2.9],[-61.7,-2.7],[-61.5,-2.5],[-61.4,-2.5],[-61.4,-2.9]]]]}},{"type":"Feature","properties":{},"geometry":{"type":"MultiPolygon","coordinates":[[[[-72.7,-10.3],[-73.9,-9.7],[-75.3,-9],[-74.7,-8.1],[-74.2,-7.3],[-73.5,-7.2],[-72.4,-8.3],[-72.3,-10],[-72.7,-10.3]]]]}},{"type":"Feature","properties":{},"geometry":{"type":"MultiPolygon","coordinates":[[[[-72.2,-10.4],[-72.7,-10.2],[-72.1,-9.2],[-73,-7.7],[-74.1,-7.3],[-73.8,-6.8],[-72.9,-7.5],[-72,-8.5],[-71.8,-9.5],[-72.2,-10.4]]]]}},{"type":"Feature","properties":{},"geometry":{"type":"MultiPolygon","coordinates":[[[[-50,-26.5],[-51,-26.9],[-51.2,-26.9],[-51.5,-27.1],[-52,-27.3],[-52.4,-27.5],[-52.6,-27.6],[-54,-28.3],[-54.5,-28.2],[-55.2,-28.2],[-54.8,-27.1],[-54.5,-26.2],[-53.8,-25.7],[-53.4,-24.2],[-52.3,-25.2],[-52.2,-25.8],[-51.4,-25.6],[-50.4,-25.6],[-50,-26.5]]]]}},{"type":"Feature","properties":{},"geometry":{"type":"MultiPolygon","coordinates":[[[[-61,4.5],[-61.3,4.8],[-61.2,4.6],[-61.1,4],[-60.8,3.3],[-61.1,3.8],[-61.7,3.6],[-62,3.2],[-63.2,2.1],[-63.4,2.3],[-63.9,2.2],[-64.4,2.2],[-65,1.4],[-65.5,1.2],[-66.1,1],[-67.5,0.6],[-68.6,-0.4],[-69,-0.3],[-70.4,-0.1],[-70.3,0.4],[-69.9,0.6],[-68.7,1.2],[-67.6,1.3],[-66.2,1.5],[-65.5,1.8],[-65.1,2.1],[-65.5,2.4],[-64.8,2.4],[-63.8,2.8],[-63,3.4],[-62.5,4],[-62.8,3.6],[-63.9,3],[-64.5,3],[-63.6,3.3],[-62.9,3.8],[-62.7,4.3],[-61.9,4.7],[-61.9,6.9],[-59.7,8.9],[-60.9,7.2],[-61.1,5.2],[-61,4.9],[-61,4.5]]]]}},{"type":"Feature","properties":{},"geometry":{"type":"MultiPolygon","coordinates":[[[[-50.8,-1.3],[-51.4,-1.6],[-51.7,-1.4],[-51.4,-1.5],[-51.2,-1.2],[-50.9,-1.2],[-50.8,-1.3]]]]}},{"type":"Feature","properties":{},"geometry":{"type":"MultiPolygon","coordinates":[[[[-55.6,-1.9],[-56.7,-2.3],[-58.2,-3],[-59.6,-3.8],[-60.1,-3.5],[-58.7,-2.8],[-57.7,-2],[-55.8,-1.5],[-55.6,-1.9]]]]}},{"type":"Feature","properties":{},"geometry":{"type":"MultiPolygon","coordinates":[[[[-53.8,-0.9],[-53.5,-0.7],[-53.6,-0.9],[-53.8,-1.3],[-54,-1],[-53.8,-0.9]]]]}},{"type":"Feature","properties":{},"geometry":{"type":"MultiPolygon","coordinates":[[[[-55,-1.2],[-54.8,-1.1],[-54.3,-1.1],[-54.4,-1.2],[-54.3,-1.4],[-54.8,-1.3],[-55,-1.2]]]]}},{"type":"Feature","properties":{},"geometry":{"type":"MultiPolygon","coordinates":[[[[-51.9,0.1],[-50.4,1],[-50,0.8],[-50.1,0.5],[-50.3,0.3],[-50.7,0.3],[-50.8,-0.2],[-50.9,-0.6],[-51.2,-0.8],[-51.6,-0.8],[-51.7,-0.5],[-52.1,-0.6],[-51.9,0.1]]]]}},{"type":"Feature","properties":{},"geometry":{"type":"MultiPolygon","coordinates":[[[[-49.5,0.1],[-50.1,-0.7],[-50.6,-1.2],[-50.8,-1.1],[-50.5,-0.7],[-49.7,0.3],[-49.5,0.1]]]]}},{"type":"Feature","properties":{},"geometry":{"type":"MultiPolygon","coordinates":[[[[-58.1,7.1],[-58.8,6.6],[-58.7,3.9],[-58.4,2.4],[-59.1,1.8],[-60.5,1.3],[-61.8,0.8],[-62.6,0],[-62.9,-0.2],[-63.9,-0.8],[-64.2,-0.8],[-64.4,-0.5],[-64.5,-0.7],[-65.6,-1.2],[-67.4,-0.7],[-67.8,0.4],[-66.7,0.8],[-65.7,1.1],[-65,1.3],[-64.5,1.9],[-64.1,2.3],[-63.4,2.4],[-63.3,2.1],[-62,3.2],[-61.1,2.8],[-61.8,2.8],[-61.1,2.4],[-60.8,2.6],[-60.6,1.9],[-60.5,2.1],[-60.1,2],[-59.9,2.2],[-59.9,2.3],[-60.3,2.8],[-60.1,3.1],[-59.7,3.1],[-60.5,3.9],[-60.7,4.1],[-61,4.5],[-61.1,4.9],[-61.1,5.4],[-60.5,7.8],[-59,8.2],[-58.5,7.7],[-58,7.3],[-58.3,7.2],[-58.1,7.1]]]]}},{"type":"Feature","properties":{},"geometry":{"type":"MultiPolygon","coordinates":[[[[-55.8,-8.9],[-56.2,-8.6],[-56.2,-8.9],[-56.5,-8.8],[-56.6,-8.9],[-56.7,-8.9],[-56.8,-8.9],[-57,-9],[-57.2,-9],[-57.3,-8.9],[-57.7,-9.1],[-57.9,-9.3],[-57.9,-9.4],[-58.7,-9],[-62.6,-6.3],[-61.7,-6.6],[-60.9,-6.6],[-59.3,-6.5],[-58.3,-7.3],[-56.5,-8],[-55.8,-8.9]]]]}},{"type":"Feature","properties":{},"geometry":{"type":"MultiPolygon","coordinates":[[[[-64.7,-9],[-64.7,-9.1],[-64.6,-9.1],[-64.9,-9.5],[-65,-9.6],[-65.7,-9.8],[-66.1,-10],[-66.4,-9.2],[-67.5,-9],[-67.5,-8.9],[-66.5,-8.6],[-65.9,-8.6],[-66,-8.9],[-65.8,-8.9],[-65,-9],[-64.8,-9],[-64.7,-9]]]]}},{"type":"Feature","properties":{},"geometry":{"type":"MultiPolygon","coordinates":[[[[-70.7,-4.2],[-71.4,-1.7],[-68.7,-0.7],[-66.4,-0.9],[-67,-1.4],[-69.9,-3.1],[-70.7,-4.2]]]]}},{"type":"Feature","properties":{},"geometry":{"type":"MultiPolygon","coordinates":[[[[-48.6,-14.7],[-48.6,-14.8],[-49.2,-14.6],[-50.2,-14.1],[-50.9,-14],[-51.5,-14.2],[-51.4,-14.1],[-51.7,-14],[-51.1,-13.6],[-50.6,-13.8],[-49.9,-14],[-49.9,-13.5],[-49.5,-13.4],[-49,-13.5],[-48.7,-14.1],[-48.6,-14.5],[-48.4,-14.6],[-48.6,-14.7]]]]}},{"type":"Feature","properties":{},"geometry":{"type":"MultiPolygon","coordinates":[[[[-60.5,-11.3],[-62,-10.4],[-62.4,-10.6],[-63.2,-9.8],[-63.7,-9.5],[-63.6,-9.4],[-63.8,-9.2],[-64,-9.1],[-63.6,-8.8],[-62.7,-9],[-61.6,-10.2],[-60.6,-11.1],[-60.5,-11.3]]]]}},{"type":"Feature","properties":{},"geometry":{"type":"MultiPolygon","coordinates":[[[[-64.1,-9],[-64.3,-8.8],[-64.8,-8.7],[-65.8,-8.6],[-66.4,-8.6],[-67.2,-8.8],[-69,-9.8],[-69.9,-10.3],[-70.3,-12.1],[-71.3,-13.5],[-71.6,-13.5],[-70.7,-12],[-70.4,-11.2],[-70.3,-10.4],[-69.8,-9.8],[-68.1,-9.1],[-66.7,-8.3],[-65.7,-8.1],[-63.9,-8.5],[-64,-8.8],[-64.1,-9]]]]}},{"type":"Feature","properties":{},"geometry":{"type":"MultiPolygon","coordinates":[[[[-59.6,-12],[-61.3,-11.8],[-62.5,-11.7],[-63.1,-11.2],[-63.5,-10.8],[-63.8,-10.3],[-63.6,-9.9],[-64.1,-9.4],[-64.3,-9.2],[-64,-9.1],[-63.8,-9.2],[-63.6,-9.4],[-63.7,-9.5],[-63.2,-9.8],[-62.4,-10.6],[-62,-10.4],[-60.5,-11.3],[-59.7,-11.8],[-59.6,-12]]]]}},{"type":"Feature","properties":{},"geometry":{"type":"MultiPolygon","coordinates":[[[[-64.4,-9],[-64.6,-9],[-64.2,-9],[-64.4,-9]]]]}},{"type":"Feature","properties":{},"geometry":{"type":"MultiPolygon","coordinates":[[[[-64.6,-9],[-65.9,-8.7],[-66.1,-8.7],[-65.8,-8.6],[-64.8,-8.7],[-64.3,-8.8],[-64.7,-8.9],[-64.6,-9]]]]}},{"type":"Feature","properties":{},"geometry":{"type":"MultiPolygon","coordinates":[[[[-64.8,-4.2],[-65.2,-4.1],[-65.4,-4.3],[-65.2,-4.4],[-64.6,-4.6],[-65.3,-6.4],[-65.7,-6.5],[-66.4,-6.4],[-67.5,-6],[-68.2,-5.8],[-69.1,-5.6],[-69.4,-5.3],[-68.5,-3.9],[-66.8,-2.6],[-64.9,-2.3],[-63,-2.3],[-62.6,-2.3],[-61.4,-2.9],[-60.5,-3.3],[-62,-3],[-62.7,-2.8],[-63.8,-3.4],[-64.8,-4.2]]]]}},{"type":"Feature","properties":{},"geometry":{"type":"MultiPolygon","coordinates":[[[[-69.5,-5.4],[-71.2,-5.3],[-72.6,-5.4],[-72,-4.2],[-70.7,-4.2],[-69.3,-5],[-69.5,-5.4]]]]}},{"type":"Feature","properties":{},"geometry":{"type":"MultiPolygon","coordinates":[[[[-58.3,-9.4],[-59,-9.9],[-59.5,-10.4],[-59.7,-10.7],[-59.6,-11],[-59.3,-11.4],[-59.8,-11.7],[-60.6,-11.1],[-61.6,-10.2],[-62.7,-9],[-63,-8.7],[-63,-8.6],[-62.9,-8.4],[-63.5,-8.5],[-63.9,-8.5],[-65.7,-8.1],[-66.7,-8.3],[-66.6,-7.9],[-66.5,-6.8],[-66.2,-6.4],[-65.5,-6.4],[-63.2,-6.3],[-62.6,-6.3],[-58.4,-9.3],[-58.3,-9.4]]]]}},{"type":"Feature","properties":{},"geometry":{"type":"MultiPolygon","coordinates":[[[[-63.9,-27.3],[-67,-27.6],[-64.4,-25.6],[-63.6,-25.1],[-63.5,-25.8],[-64.2,-26.5],[-64.3,-26.8],[-63.7,-26.8],[-63.9,-27.3]]]]}},{"type":"Feature","properties":{},"geometry":{"type":"MultiPolygon","coordinates":[[[[-70,0.7],[-69.4,1.3],[-68.3,2.4],[-67.6,3.2],[-67.1,3.2],[-66.2,3.4],[-65.2,3.7],[-64.2,4.4],[-63.7,5.2],[-63.4,6.1],[-63.4,6.8],[-63.4,7.4],[-62.5,8.3],[-61.7,8.8],[-61.1,9.2],[-60.2,9.2],[-60.2,8.8],[-62,6.1],[-62.1,4.5],[-62.8,4.2],[-63,3.7],[-64,3.1],[-64.5,2.9],[-63.6,3.1],[-62.8,3.6],[-62.5,3.9],[-63.3,3.2],[-64,2.8],[-65.1,2.4],[-65.5,2.3],[-65.1,2.1],[-65.6,1.8],[-66.4,1.4],[-67.8,1.3],[-69,0.7],[-70,0.7]]]]}},{"type":"Feature","properties":{},"geometry":{"type":"MultiPolygon","coordinates":[[[[-65.5,-9.9],[-65.6,-10.1],[-65.7,-10.2],[-66.1,-10.1],[-65.6,-9.8],[-65.5,-9.9]]]]}},{"type":"Feature","properties":{},"geometry":{"type":"MultiPolygon","coordinates":[[[[-66.1,-10.1],[-67.9,-11.5],[-69.3,-12.5],[-69.8,-13.3],[-70.2,-13.6],[-71.2,-14.7],[-73.2,-16.1],[-73.5,-14.9],[-71.5,-13.7],[-70.5,-12.7],[-70,-10.6],[-69.2,-9.8],[-67.8,-9.1],[-67,-9.1],[-66,-9.8],[-66.1,-10.1]]]]}},{"type":"Feature","properties":{},"geometry":{"type":"MultiPolygon","coordinates":[[[[-43.6,-26.4],[-43.8,-26.5],[-43.7,-26.4],[-44.2,-26.2],[-44.9,-25.6],[-46.5,-25.3],[-46.7,-25.8],[-46.6,-25.8],[-46.8,-25.7],[-47.2,-25.7],[-47.8,-24.9],[-47.6,-24.7],[-47.7,-24.6],[-48.8,-25.2],[-49.5,-25.6],[-48.7,-25.8],[-48.4,-25.8],[-48.5,-25.8],[-48.9,-26],[-48.8,-26.2],[-49.2,-26.2],[-49.1,-25.9],[-49.5,-26.3],[-49.8,-26.4],[-50,-26.2],[-50.6,-25.8],[-51.5,-25.7],[-52.2,-25.7],[-52.7,-24],[-52.2,-23.8],[-51.5,-23.8],[-50.6,-23.7],[-49.8,-23.6],[-49.2,-23.6],[-48.9,-23.3],[-48.4,-22.8],[-47.8,-23.1],[-47.9,-23.2],[-47.7,-23.3],[-47.3,-23.5],[-45.9,-23.7],[-45.6,-23.7],[-44.6,-23.7],[-43.1,-23.4],[-43.2,-23.5],[-43.6,-23.7],[-44.2,-23.8],[-44.4,-24.1],[-44.6,-24.2],[-44.3,-24],[-43.6,-23.7],[-42.6,-23.6],[-42.6,-24],[-42.6,-24.2],[-42.2,-24.1],[-42.2,-24.2],[-41.8,-24.4],[-41.7,-24.6],[-41.7,-24.8],[-41.8,-24.9],[-42,-25],[-41.7,-25.2],[-41.9,-25.3],[-41.7,-25.6],[-41.7,-25.8],[-41.9,-25.9],[-42.5,-26.3],[-42.9,-26.4],[-43.3,-26.4],[-43.5,-26.4],[-43.6,-26.4]]]]}},{"type":"Feature","properties":{},"geometry":{"type":"MultiPolygon","coordinates":[[[[-84.4,-28.7],[-85.2,-28.2],[-85.3,-27.9],[-86.1,-27.1],[-86.3,-26.4],[-86.4,-25.5],[-86.5,-25.3],[-86.7,-25.2],[-86.8,-24.1],[-86.6,-24.1],[-86.3,-24.6],[-85.6,-24.7],[-84.9,-25.3],[-84.5,-26.1],[-84,-27.4],[-84.4,-28.7]]]]}},{"type":"Feature","properties":{},"geometry":{"type":"MultiPolygon","coordinates":[[[[-73.7,-16.6],[-73.6,-17.6],[-73.7,-20.1],[-74.3,-18.7],[-75.6,-17.5],[-77.4,-16.9],[-75.4,-16.2],[-73.5,-14.9],[-73.7,-16.6]]]]}},{"type":"Feature","properties":{},"geometry":{"type":"MultiPolygon","coordinates":[[[[-64.1,-20.9],[-63.8,-20.8],[-63.9,-20.9],[-64.2,-20.9],[-64.1,-20.9]]]]}},{"type":"Feature","properties":{},"geometry":{"type":"MultiPolygon","coordinates":[[[[-65,-20.8],[-67.1,-20.7],[-66.6,-21.2],[-65.1,-21.8],[-66.1,-21.8],[-67.3,-21.2],[-67.6,-21.3],[-69.5,-21.8],[-69.8,-22.2],[-70.6,-22.7],[-72,-23.1],[-73.1,-23],[-74.6,-22.5],[-76,-23.1],[-76.8,-23.1],[-75.8,-22.7],[-74.6,-22.4],[-73.7,-22.2],[-71.3,-22.5],[-70.1,-21.9],[-69.8,-21.3],[-69.4,-21],[-68.3,-20.7],[-67.6,-20.7],[-66.6,-20],[-66,-20],[-65,-20.8]]]]}},{"type":"Feature","properties":{},"geometry":{"type":"MultiPolygon","coordinates":[[[[-62.9,-24.2],[-63,-23.9],[-62.9,-23.9],[-62.9,-24.2]]]]}},{"type":"Feature","properties":{},"geometry":{"type":"MultiPolygon","coordinates":[[[[-63.1,-24.6],[-63.7,-24.5],[-64.5,-23.9],[-64.5,-23.7],[-64.5,-23.3],[-63.5,-23.9],[-63.1,-24.5],[-63.1,-24.6]]]]}},{"type":"Feature","properties":{},"geometry":{"type":"MultiPolygon","coordinates":[[[[-63.6,-25.1],[-65,-26.1],[-64.7,-25],[-64.2,-24.6],[-63.7,-24.8],[-63.6,-25.1]]]]}},{"type":"Feature","properties":{},"geometry":{"type":"MultiPolygon","coordinates":[[[[-86.2,-8],[-88.2,-6.8],[-88.2,-5.1],[-87.7,-4.4],[-87.1,-3.7],[-87.1,-2.5],[-86.1,-1.7],[-85.2,-2.3],[-84.3,-5.1],[-82.8,-7.2],[-84.7,-6.3],[-86.4,-6.1],[-86.2,-8]]]]}},{"type":"Feature","properties":{},"geometry":{"type":"MultiPolygon","coordinates":[[[[-89.5,-13.9],[-89.9,-15.2],[-89.7,-16],[-90.1,-16.7],[-90.1,-19.5],[-89.7,-20.8],[-89.8,-22.9],[-88.9,-24],[-90.7,-25.3],[-91.6,-24.8],[-91.3,-20.7],[-90.6,-17.3],[-90.5,-16],[-90.5,-15.4],[-90.6,-14.6],[-90,-14],[-89.6,-13.4],[-89.3,-13.1],[-89.5,-13.9]]]]}},{"type":"Feature","properties":{},"geometry":{"type":"MultiPolygon","coordinates":[[[[-87.6,-8.7],[-89.4,-9.4],[-90,-8],[-90.8,-7.4],[-89.4,-6.6],[-88.3,-5],[-87.7,-4.4],[-88.2,-5.1],[-88.2,-6.8],[-87.6,-8.7]]]]}},{"type":"Feature","properties":{},"geometry":{"type":"MultiPolygon","coordinates":[[[[-45.2,-23.2],[-45.9,-23.6],[-46.2,-22.8],[-46.1,-20.3],[-46.2,-18.4],[-46.2,-18.1],[-46.2,-17.9],[-46.1,-17.6],[-45.9,-17.7],[-46.1,-17.3],[-45.8,-17.2],[-45.8,-17.1],[-45.7,-17],[-45.6,-17],[-45.5,-18.3],[-45.5,-19.7],[-45.4,-21.2],[-45.6,-22.6],[-45.2,-23.2]]]]}},{"type":"Feature","properties":{},"geometry":{"type":"MultiPolygon","coordinates":[[[[-141.6,-55.8],[-148.1,-55.5],[-146.1,-54.5],[-140,-54],[-138,-54.2],[-141.6,-55.8]]]]}},{"type":"Feature","properties":{},"geometry":{"type":"MultiPolygon","coordinates":[[[[49.8,-55.8],[49.8,-56.7],[51,-57.1],[51,-57.8],[49.7,-57.6],[48.4,-56.9],[47.7,-56.7],[45.3,-55.9],[44,-55.5],[43.4,-55.7],[43.5,-55.3],[43.3,-55.1],[43.2,-54.6],[43.1,-54.3],[44.1,-54.9],[46.1,-55.7],[48,-56.1],[49.8,-55.8]]]]}},{"type":"Feature","properties":{},"geometry":{"type":"MultiPolygon","coordinates":[[[[-23.6,-16.9],[-23.3,-17],[-23.2,-17],[-22.9,-17.1],[-22.4,-16.8],[-22.1,-17.1],[-22,-16.8],[-21.8,-16.3],[-21.6,-16.1],[-21.7,-16.2],[-21.5,-16],[-21.1,-15.9],[-20.5,-16],[-20.4,-15.9],[-20.2,-15.1],[-18.3,-15.6],[-19.2,-17.3],[-20.5,-20.4],[-22.3,-23.4],[-24.3,-23.7],[-24.9,-23.1],[-23.9,-21.8],[-24.3,-21.9],[-24,-21.7],[-24.2,-21.5],[-24.5,-20.3],[-24.1,-20.3],[-24,-20.6],[-23.9,-20.4],[-24.1,-20.1],[-24,-19.5],[-23.5,-19.2],[-23.6,-19.2],[-23.2,-18.6],[-23.2,-18.5],[-23.1,-18.3],[-22.6,-18],[-23.1,-18],[-23.3,-17.9],[-23.4,-17.5],[-23.7,-17.5],[-24.1,-17.3],[-24.1,-17],[-23.6,-16.9]]]]}},{"type":"Feature","properties":{},"geometry":{"type":"MultiPolygon","coordinates":[[[[-29.9,-21.3],[-29.3,-20.5],[-28.6,-20.8],[-28,-20.9],[-27.5,-21.2],[-27.6,-21.3],[-27,-21.6],[-27,-21.9],[-26,-21.5],[-25.9,-22.3],[-25.7,-22.5],[-26,-22.7],[-26.1,-23.1],[-25.8,-22.9],[-25.6,-23],[-25.3,-23.3],[-25.8,-23.7],[-26.3,-24],[-26.6,-24.2],[-27.2,-24.7],[-27.8,-24.9],[-27.7,-25.2],[-27.8,-25.4],[-28,-25.5],[-28.4,-25.6],[-28.6,-25.8],[-28.5,-26.1],[-28.9,-26],[-28.6,-25.5],[-28.7,-25],[-28.6,-24.7],[-27.9,-24.2],[-27.8,-23.6],[-28,-24.2],[-28.8,-24.4],[-28.9,-24.2],[-29.4,-24.5],[-29.4,-24.4],[-29.3,-24],[-29.2,-23.4],[-29.3,-23.1],[-29.6,-22.9],[-29.3,-22.7],[-29,-22.4],[-29.1,-22.3],[-29.2,-22],[-29.2,-21.9],[-29.3,-21.6],[-29.5,-21.7],[-29.9,-21.3]]]]}},{"type":"Feature","properties":{},"geometry":{"type":"MultiPolygon","coordinates":[[[[-32.6,-25.1],[-32.5,-24.9],[-31.5,-24],[-31,-23.2],[-30.8,-23.2],[-30.5,-23.6],[-30.4,-24.3],[-30.6,-24.5],[-30.7,-24.6],[-31.1,-25],[-31.2,-25.1],[-31.5,-25.2],[-31.4,-25.5],[-31.7,-25.6],[-32,-25.8],[-32.1,-25.7],[-32.2,-25.5],[-32.7,-25.7],[-32.4,-25.3],[-32.7,-25.3],[-32.5,-25.2],[-32.6,-25.1]]]]}},{"type":"Feature","properties":{},"geometry":{"type":"MultiPolygon","coordinates":[[[[-24.2,-21.5],[-24.2,-21.6],[-24.3,-21.7],[-24.2,-21.5]]]]}},{"type":"Feature","properties":{},"geometry":{"type":"MultiPolygon","coordinates":[[[[-21,-15.9],[-20.7,-15.9],[-20.7,-16],[-20.8,-16],[-21,-15.9]]]]}},{"type":"Feature","properties":{},"geometry":{"type":"MultiPolygon","coordinates":[[[[-180,-60.7],[-178.2,-59.4],[-174.9,-60.2],[-172.8,-60.6],[-170.4,-60.7],[-167.8,-60.8],[-166.3,-61],[-166,-62.1],[-168.2,-62.2],[-165.7,-63.2],[-165.9,-64],[-165.9,-64.4],[-167.4,-64.5],[-170.4,-63.3],[-172.9,-61.8],[-176.9,-61.2],[-180,-60.7]]]]}},{"type":"Feature","properties":{},"geometry":{"type":"MultiPolygon","coordinates":[[[[-140.9,-76.4],[-143.9,-75],[-151,-73.5],[-153,-72.8],[-151.6,-71.9],[-147.6,-73.3],[-142,-74.7],[-138.6,-76.3],[-137.1,-77.5],[-137.8,-77.5],[-140.9,-76.4]]]]}},{"type":"Feature","properties":{},"geometry":{"type":"MultiPolygon","coordinates":[[[[-26.7,-79.2],[-31.8,-80.3],[-33.6,-80.5],[-34.7,-80.4],[-35.4,-80.6],[-39.2,-81],[-45.4,-81.4],[-48.2,-80.2],[-51,-78],[-57.6,-77.2],[-60.3,-76.3],[-50.9,-77.2],[-39.3,-78.9],[-26.7,-79.2]]]]}},{"type":"Feature","properties":{},"geometry":{"type":"MultiPolygon","coordinates":[[[[112.1,-68.5],[114.1,-68.8],[115.8,-68.2],[116.5,-67.9],[118.1,-68.1],[118.5,-68],[119.1,-67.9],[119.9,-68],[121.4,-67.6],[122.1,-67.6],[121.8,-67.5],[123.4,-67.3],[124,-67.1],[124.5,-66.8],[124.5,-66.5],[125,-66.4],[125.5,-66.3],[126.5,-66.1],[128.3,-65.9],[129.6,-65.8],[130,-65.6],[130.5,-65.6],[130.6,-65.6],[131.8,-65.4],[132.9,-65.1],[133.2,-65],[134.1,-64.9],[133.9,-64.8],[134.6,-64.8],[135.1,-64.6],[135.7,-64.6],[136.4,-64.6],[138.4,-64.9],[138.5,-64.9],[138.8,-64.8],[140.2,-65.2],[141.3,-65.5],[142.5,-65.8],[142.7,-65.9],[145.5,-66.4],[146.2,-66.4],[147.3,-66.5],[148.2,-66.4],[150.8,-66.7],[152.5,-66.9],[150.7,-67.8],[144.3,-69.4],[139.6,-69.7],[137.5,-70.5],[135.7,-70.8],[133.5,-70.9],[128.1,-71],[122.8,-70.9],[116.9,-71],[113.3,-71.6],[104.2,-71.5],[111.3,-69.3],[112.1,-68.5]]]]}},{"type":"Feature","properties":{},"geometry":{"type":"MultiPolygon","coordinates":[[[[114.3,-68.1],[114.8,-67.9],[114.3,-68.4],[113.8,-68.2],[114.3,-68.1]]]]}},{"type":"Feature","properties":{},"geometry":{"type":"MultiPolygon","coordinates":[[[[-48.6,-12.4],[-48.6,-12.1],[-48.6,-11.9],[-48.6,-12.4]]]]}},{"type":"Feature","properties":{},"geometry":{"type":"MultiPolygon","coordinates":[[[[100.2,-48.4],[98.6,-51.3],[98.9,-53],[99.3,-54.4],[95.7,-53.1],[97.5,-47.8],[99.7,-47],[100.2,-48.4]]]]}},{"type":"Feature","properties":{},"geometry":{"type":"MultiPolygon","coordinates":[[[[114.6,-46.3],[112.8,-49.1],[109.2,-50.2],[107.3,-52.7],[104.2,-54.7],[99,-55.6],[97.8,-55.6],[97.8,-55.2],[99.3,-54.4],[103.8,-52.7],[106.7,-50.4],[110.4,-47.2],[113.6,-45.3],[114.6,-46.3]]]]}},{"type":"Feature","properties":{},"geometry":{"type":"MultiPolygon","coordinates":[[[[-5.8,-62.7],[-7.8,-63.8],[-9.6,-64.4],[-10.6,-63.5],[-8.6,-62],[-6.3,-61.1],[-6.1,-62],[-5.8,-62.7]]]]}},{"type":"Feature","properties":{},"geometry":{"type":"MultiPolygon","coordinates":[[[[-134.4,-56.3],[-140,-55.7],[-136,-54.5],[-133,-54.8],[-130.4,-56],[-134.4,-56.3]]]]}},{"type":"Feature","properties":{},"geometry":{"type":"MultiPolygon","coordinates":[[[[42.9,-54.9],[42.6,-55],[42.8,-55.4],[41.2,-55.8],[39.5,-55.1],[39.2,-54.8],[38.7,-54.3],[38.5,-53.9],[39.3,-53.9],[40.6,-53.6],[41.7,-53.9],[42.4,-54.4],[42.9,-54.9]]]]}},{"type":"Feature","properties":{},"geometry":{"type":"MultiPolygon","coordinates":[[[[153.4,-72.6],[149.9,-70.4],[155,-68.2],[157.6,-68.4],[160.5,-69],[164.5,-69.2],[167.4,-69.4],[171.1,-69.6],[172.4,-70.9],[169.1,-72.1],[163.8,-72.4],[159.9,-72.3],[155.8,-72.2],[154.5,-72.8],[153.4,-72.6]]]]}},{"type":"Feature","properties":{},"geometry":{"type":"MultiPolygon","coordinates":[[[[75.4,-44.9],[77.2,-45.6],[77.7,-46.4],[77.7,-47],[78.2,-47.8],[78.8,-49],[79.3,-50.1],[79.7,-51],[79.8,-51.6],[79.5,-51.7],[74.9,-47.9],[75.4,-44.9]]]]}},{"type":"Feature","properties":{},"geometry":{"type":"MultiPolygon","coordinates":[[[[115.8,-36.8],[116,-38],[116.4,-41.6],[117,-44],[117.7,-44.6],[117.4,-44.7],[117.3,-45],[117.2,-45.1],[117,-44.9],[116.9,-45.1],[117,-45.4],[116.7,-45.4],[116.9,-45.6],[116.7,-45.8],[116.3,-45.8],[116.7,-46],[116.4,-46.1],[115.9,-45.9],[115.9,-46.1],[116.1,-46.4],[116,-46.6],[115.4,-46.2],[115.2,-46.5],[112.5,-45.2],[109.9,-48],[108.3,-47.6],[106.2,-48.5],[100.2,-48.4],[99.7,-47],[99.4,-45.7],[103.7,-45.3],[106.4,-44.6],[110.8,-43],[111.9,-42.1],[114.2,-40],[114.9,-39],[115.2,-37],[115.8,-36.8]]]]}},{"type":"Feature","properties":{},"geometry":{"type":"MultiPolygon","coordinates":[[[[-156.9,-67.2],[-160,-66.4],[-161.6,-65.5],[-161.5,-64.5],[-160.9,-64.9],[-158.7,-65.8],[-156.9,-66.9],[-156.9,-67.2]]]]}},{"type":"Feature","properties":{},"geometry":{"type":"MultiPolygon","coordinates":[[[[52.4,-73.3],[64.7,-73.9],[68.6,-76.2],[50.7,-78.5],[23.6,-78.9],[13.5,-77.7],[30.1,-76.5],[40.1,-74.7],[52.4,-73.3]]]]}},{"type":"Feature","properties":{},"geometry":{"type":"MultiPolygon","coordinates":[[[[93.9,-60.3],[94,-60.4],[94.3,-60.3],[94.5,-60.2],[95.2,-60.2],[96.1,-61.2],[99.4,-62.4],[102.3,-63.7],[104.2,-65.4],[109.7,-65.3],[112.7,-65.4],[118.7,-66.1],[122.4,-65.8],[122.2,-66.1],[119.7,-66.9],[118.1,-66.9],[115.3,-67.5],[114.2,-67.5],[113.6,-67.3],[112.6,-67.1],[111.2,-66.8],[109.3,-66.3],[108.2,-66.4],[106.1,-66.5],[101.2,-66.1],[99.7,-65.1],[99.8,-64.9],[99.5,-64.7],[99.8,-64.4],[99.6,-64.2],[100.1,-64],[99.5,-64.1],[99.2,-63.7],[99.7,-63.5],[99.5,-63.2],[98.4,-62.9],[98.2,-62.8],[97.5,-62.5],[97,-62.2],[97.2,-62.1],[96.5,-62.2],[95.9,-62.1],[95.8,-61.9],[96.5,-61.8],[95.7,-61.5],[95.1,-60.9],[94,-61],[93.8,-60.5],[93.9,-60.3]]]]}},{"type":"Feature","properties":{},"geometry":{"type":"MultiPolygon","coordinates":[[[[118.6,-63.5],[119.3,-63.6],[120.8,-63.7],[121.2,-64],[122.7,-65],[122.4,-65.7],[119.7,-66.2],[115.1,-65.4],[111.9,-65],[113.8,-64.6],[118.6,-63.5]]]]}},{"type":"Feature","properties":{},"geometry":{"type":"MultiPolygon","coordinates":[[[[99.5,-60.2],[99.9,-60.2],[100.3,-60.2],[100.6,-60.1],[101.5,-60.6],[101.4,-60.9],[103.1,-61.1],[104.3,-61.5],[106.5,-61.7],[103.6,-62],[100.1,-61.2],[100.2,-61],[99.5,-60.2]]]]}},{"type":"Feature","properties":{},"geometry":{"type":"MultiPolygon","coordinates":[[[[112.7,-62.8],[110.9,-63.2],[109,-62.2],[109.8,-62.3],[112.7,-62.8]]]]}},{"type":"Feature","properties":{},"geometry":{"type":"MultiPolygon","coordinates":[[[[109.9,-48],[105.9,-51.4],[102.6,-53.4],[99.7,-53.6],[98.4,-51.7],[100,-49.2],[104.6,-48.4],[107.8,-47.7],[109.8,-47.7],[109.9,-48]]]]}},{"type":"Feature","properties":{},"geometry":{"type":"MultiPolygon","coordinates":[[[[98.3,-45.8],[96.7,-50.9],[93,-53.5],[90.8,-52.2],[89.5,-51.1],[91.4,-50.4],[93.1,-48.8],[93.7,-46.2],[96.3,-45.9],[98.3,-45.8]]]]}},{"type":"Feature","properties":{},"geometry":{"type":"MultiPolygon","coordinates":[[[[125.7,-63.8],[124.9,-63.3],[125.6,-63.2],[124.9,-62.5],[124.8,-62],[125.2,-61.5],[125.9,-62],[125.9,-63.7],[125.7,-63.8]]]]}},{"type":"Feature","properties":{},"geometry":{"type":"MultiPolygon","coordinates":[[[[100.4,-4.1],[101.3,-3.8],[101.2,-3.8],[100.8,-4.7],[100.2,-4.8],[100.2,-4.6],[100.3,-4.2],[100.4,-4.1]]]]}},{"type":"Feature","properties":{},"geometry":{"type":"MultiPolygon","coordinates":[[[[93.6,5.8],[90.9,3.6],[88.3,0.7],[88.7,-2.4],[89.1,-3.3],[92,-6.9],[91.9,-7.4],[90.7,-7.2],[90.1,-7],[89.5,-6.9],[88.4,-6.3],[86.6,-4.9],[85,-4.2],[83.7,-4],[82.8,-4],[83.1,-3.7],[84,-3.2],[84.9,-2.7],[85.6,-2],[86.3,-1.4],[87,-0.3],[87.4,0.7],[88,1.8],[88.6,2.6],[89.6,3.4],[92.8,5.5],[93.6,5.8]]]]}},{"type":"Feature","properties":{},"geometry":{"type":"MultiPolygon","coordinates":[[[[99.2,-3.8],[97.6,2.3],[98.9,6.6],[98.9,10.5],[99.6,10.8],[99.5,10.2],[99.7,10.1],[99.6,10.3],[99.9,10.4],[100,10.2],[99.8,10.1],[99.9,9.9],[100.2,10],[100.2,9.6],[100.7,9.6],[100.4,9.4],[100.5,9.2],[100.4,8.7],[100.6,8.5],[101,8.3],[101,8.1],[101.1,8],[101.1,7.8],[101.3,7.6],[101.2,7.4],[100.9,7.3],[101,7.1],[101.3,7.2],[101.3,7.1],[101.5,7.3],[101.7,6.9],[101.8,6.5],[102.1,6.5],[102.1,6.4],[101.8,6.1],[102.1,6.2],[102.1,6],[101.9,6],[102,5.7],[102.1,5.7],[101.9,5.5],[102.2,5.5],[102.3,5.3],[102.1,5],[101.9,4.9],[102.1,4.8],[102.2,4.7],[102.2,4.6],[102.3,4.2],[102.3,4.1],[102.3,3.9],[102.3,3.7],[102.1,3.5],[102.2,3.4],[102.3,3.3],[102.1,3],[102.3,2.9],[102.4,2.4],[102.3,2.1],[102.2,2],[102,1.7],[101.9,1.5],[101.9,1.3],[101.7,1.4],[101.7,1],[101.6,0.8],[101.7,0.8],[101.9,0.7],[101.4,0.6],[100.9,0.6],[100.8,0.6],[101.1,0.5],[101.2,0.4],[101.4,0.3],[101.5,0],[101.4,-0.3],[101.2,-0.2],[101.3,-0.5],[101,-0.9],[101,-1.1],[101,-1.5],[101,-1.6],[100.9,-1.9],[100.6,-2.2],[100.6,-2.6],[100.5,-2.8],[100.6,-3.1],[100.8,-3.1],[101.1,-3.6],[101,-3.7],[100.6,-3.5],[100.3,-3.5],[100.1,-3.2],[100,-3],[99.9,-3.2],[99.6,-3.1],[99.7,-3.5],[99.6,-3.5],[99.3,-3.7],[99.2,-3.8]]]]}},{"type":"Feature","properties":{},"geometry":{"type":"MultiPolygon","coordinates":[[[[98.7,-4.9],[98.8,-5],[98.8,-5.3],[98.7,-5.6],[98.5,-5.7],[98.7,-5.8],[98.7,-5.9],[98.9,-6.1],[98,-6.3],[98.7,-4.9]]]]}},{"type":"Feature","properties":{},"geometry":{"type":"MultiPolygon","coordinates":[[[[103.6,8],[103.2,7.7],[103.5,8.1],[103.6,8]]]]}},{"type":"Feature","properties":{},"geometry":{"type":"MultiPolygon","coordinates":[[[[102,-3.2],[101.4,-3.6],[101.5,-3.4],[102,-3.2]]]]}},{"type":"Feature","properties":{},"geometry":{"type":"MultiPolygon","coordinates":[[[[102.1,6.7],[102.1,6.6],[102,6.8],[102.1,6.7]]]]}},{"type":"Feature","properties":{},"geometry":{"type":"MultiPolygon","coordinates":[[[[95.8,21],[93.3,21.9],[91.8,21.9],[91.7,23.9],[93.4,26.6],[95,26.2],[96.3,22.8],[95.8,21]]]]}},{"type":"Feature","properties":{},"geometry":{"type":"MultiPolygon","coordinates":[[[[96.3,31.4],[96.3,30.4],[94.4,28.9],[92.5,27.3],[89.9,23.5],[90.4,26.6],[91.7,28.1],[92.8,28.6],[93.6,29.4],[96,31.3],[96.3,31.4]]]]}},{"type":"Feature","properties":{},"geometry":{"type":"MultiPolygon","coordinates":[[[[81.7,33.2],[81.5,31.5],[81.7,28.7],[81.7,26.9],[82.4,25],[82.4,23.1],[81.6,20.1],[81.6,17.9],[81,19.1],[80.1,20.7],[79.8,25.6],[80.5,28.7],[81.7,33.2]]]]}},{"type":"Feature","properties":{},"geometry":{"type":"MultiPolygon","coordinates":[[[[77.3,18.7],[77.9,21.3],[80.2,20.1],[81.5,18.1],[82,17],[83.4,15],[83.7,13.4],[83.3,11.3],[81.7,8.8],[79.9,9.5],[78.4,12.1],[77.6,13.8],[77.3,16],[77.4,18.4],[77.3,18.7]]]]}},{"type":"Feature","properties":{},"geometry":{"type":"MultiPolygon","coordinates":[[[[17,19.7],[16.4,20.2],[17.3,23],[15.5,26.4],[13.4,27],[11.6,29.3],[13.4,29.8],[15.8,31.4],[17.3,32.6],[17.7,32.5],[17.5,31.7],[17.2,30.8],[16.6,29.2],[16.5,29],[16.5,28.3],[16.9,28],[17.3,28],[19.2,27.2],[20.3,24.9],[18.4,20.3],[18,20.2],[17.8,20.6],[17.4,20.2],[17,19.6],[17,19.7]]]]}},{"type":"Feature","properties":{},"geometry":{"type":"MultiPolygon","coordinates":[[[[-29.8,-0.4],[-29.5,-0.5],[-29.3,-0.5],[-29.2,-0.3],[-28.9,-0.4],[-28.5,-0.3],[-28.3,-0.3],[-28.3,-0.1],[-28,0.2],[-27.7,0.5],[-27.8,0.2],[-27.6,0.4],[-27.4,0.3],[-27.3,0.5],[-27.1,0.2],[-27.2,0.8],[-26.9,1],[-26.9,1.2],[-25.7,1.7],[-25.7,1.8],[-25.3,2.1],[-24.9,2.3],[-23.9,2.1],[-23.7,0.6],[-24.8,-0.4],[-25,-0.5],[-25.5,-0.8],[-25.8,-1],[-25.3,-1],[-25,-1],[-24.8,-1.1],[-24.2,-0.6],[-24,-0.6],[-23.7,-0.9],[-23.3,-1],[-23.1,-1.1],[-22.8,-1.2],[-22.6,-1],[-22.3,-0.9],[-21.8,-0.4],[-22.3,-0.1],[-22.7,-0.5],[-23,-0.1],[-22.5,0.2],[-22.4,0.3],[-21.9,1],[-22.2,1],[-23,1.1],[-23.5,2.4],[-23,2.8],[-23,3],[-23.7,3.3],[-23.4,3.8],[-22.1,5.3],[-19.1,9.1],[-17.4,8.9],[-14.6,8.6],[-10,8.2],[-7.1,7.5],[-2.5,6.9],[-1.5,6.8],[-1.3,6.7],[-1.3,6.1],[0.2,5.6],[-0.3,4.3],[-1.7,1.2],[-1.5,2.1],[-2.4,2.5],[-3,2.5],[-3.1,1.9],[-3.2,1.8],[-3.3,1.6],[-3.4,1],[-3.4,0.8],[-3.3,0.2],[-3.3,0],[-3.2,-0.2],[-2.9,-0.3],[-2.9,-0.4],[-3,-0.5],[-3,-0.6],[-4.7,-3.4],[-5.8,-4.8],[-4.8,-8.1],[-5,-8.8],[-5.1,-8.6],[-5,-8.4],[-4.9,-8.2],[-5.4,-7.5],[-5.2,-7.2],[-5.9,-7.3],[-5.9,-7],[-6,-6.5],[-6.2,-6.5],[-6.4,-7.1],[-6.4,-7.9],[-6.5,-8.3],[-6.5,-9],[-6.5,-9.2],[-6.5,-9.7],[-6.4,-9.8],[-6.1,-9.9],[-6,-9.8],[-5.7,-9.8],[-6.1,-9.7],[-6.4,-9.6],[-5.5,-9.2],[-5.1,-8.9],[-5.2,-9.5],[-5.1,-10],[-5.1,-10.9],[-5.4,-11],[-6.2,-11.1],[-6.4,-11.3],[-6.6,-10.7],[-6.6,-10.4],[-7,-10.5],[-7.3,-11.1],[-7.5,-11.1],[-7.9,-11.4],[-7.8,-11.1],[-8,-11.3],[-8.1,-11.7],[-7.8,-12.2],[-8.2,-12.3],[-7.7,-12.5],[-7.7,-12.8],[-7.8,-12.9],[-7.5,-13],[-7.3,-13.2],[-7.1,-13.8],[-7.3,-13.6],[-7.2,-14],[-8.9,-15.8],[-8.8,-15.2],[-10,-14.4],[-10.4,-14.2],[-10.9,-14.3],[-11.1,-14.5],[-11.8,-14.7],[-12,-14.9],[-12.3,-15.1],[-12.8,-15.2],[-13.3,-15.2],[-14,-15.9],[-15,-17],[-15.4,-18],[-15.1,-19.1],[-15.4,-18.9],[-15.5,-19.3],[-15.8,-19.6],[-16,-18.5],[-16.4,-17.3],[-17,-16.5],[-17.6,-16.1],[-19.3,-15.2],[-19.8,-13.7],[-19.6,-13.5],[-18.9,-13],[-18.8,-13.4],[-18.8,-12.9],[-18.9,-12.5],[-18.9,-11.9],[-20,-11.3],[-20.6,-10.3],[-19.7,-10],[-19.9,-9.1],[-20.4,-8.9],[-20.9,-8.9],[-21.2,-8.7],[-21.3,-8.3],[-21.1,-7.9],[-21.1,-7.7],[-20.9,-7.5],[-20.6,-7.1],[-20.4,-6.3],[-20.2,-6],[-20.1,-5.4],[-20.7,-5.8],[-21,-5.6],[-21,-5.9],[-21.2,-6.2],[-21.3,-6.4],[-21.5,-6.6],[-21.4,-6.8],[-21.5,-6.9],[-21.4,-7],[-21.6,-7.2],[-21.7,-7.4],[-21.6,-7.8],[-21.8,-8],[-22,-8.5],[-22,-8.2],[-22.1,-8.4],[-22.2,-8.2],[-22.4,-8.3],[-22.9,-8.4],[-23,-8.5],[-23.3,-8.3],[-23.5,-8.1],[-23.7,-7.9],[-24.3,-7.5],[-24.5,-7.4],[-24.7,-7.3],[-24.8,-7.1],[-25.1,-6.8],[-24.9,-6.6],[-25.1,-6.3],[-25,-6.1],[-25.1,-6],[-25.1,-5.7],[-25.2,-5.3],[-25.4,-4.8],[-25.5,-4.5],[-25.6,-4.3],[-25.8,-4.1],[-26.3,-4.3],[-26.4,-4.5],[-26.5,-4.6],[-26.6,-4.7],[-26.9,-4.9],[-26.6,-5.1],[-26.7,-5.2],[-26.7,-5.5],[-26.8,-5.6],[-26.5,-6],[-26.1,-6],[-25.9,-6.4],[-25.7,-6.9],[-25.8,-7],[-25.8,-7.4],[-25.9,-7.7],[-25.8,-7.8],[-25.8,-8],[-25.7,-8.1],[-25.7,-8.3],[-26,-8.3],[-25.7,-8.6],[-25.6,-8.9],[-25.1,-9.3],[-25.2,-9.4],[-25,-9.5],[-24.9,-9.6],[-24.7,-9.8],[-24.5,-9.9],[-24.2,-9.8],[-23.7,-9.8],[-23.6,-9.9],[-23.2,-9.9],[-23.3,-10.1],[-23.2,-10.6],[-23.1,-10.4],[-23,-10.5],[-23.1,-10.5],[-23,-10.9],[-23.1,-11],[-23,-11.2],[-23.1,-11.4],[-23,-11.5],[-22.9,-11.6],[-23,-11.8],[-22.7,-11.9],[-22.6,-12.1],[-22.7,-12.2],[-22.4,-12.3],[-22.4,-12.4],[-22,-12.8],[-21.8,-13.1],[-21.7,-13.8],[-22.1,-14.1],[-22,-14.6],[-23.1,-14.9],[-23.1,-14.5],[-23.6,-14.5],[-24,-14.3],[-24.3,-14],[-24.8,-13.6],[-24.7,-13.7],[-24.7,-14],[-24.9,-13.6],[-25,-13.7],[-25.1,-13.7],[-25.5,-13.2],[-25.8,-13.3],[-26.1,-13.1],[-26.3,-12.8],[-26.2,-13.1],[-25.9,-13.5],[-25.9,-13.6],[-26.1,-13.7],[-26.2,-14],[-26.2,-14.3],[-26.2,-14.4],[-26.2,-14.9],[-26.2,-15.1],[-26.6,-15.4],[-26.7,-15.4],[-26.8,-15.4],[-26.9,-15.4],[-27.5,-15.5],[-27.9,-15.1],[-27.4,-15.1],[-27.6,-15.1],[-27.7,-14.8],[-27.8,-14.8],[-27.8,-14.7],[-27.9,-14.5],[-27.9,-14.6],[-28,-14.7],[-28.2,-14.8],[-28.1,-15],[-28.3,-14.7],[-28.3,-14.6],[-28,-14.2],[-28.3,-14.4],[-28.3,-14.1],[-28.1,-14],[-28.2,-13.5],[-28.4,-13.9],[-28.4,-14.3],[-28.5,-14.4],[-28.5,-14.2],[-28.6,-14.3],[-28.8,-14.1],[-28.8,-13.7],[-29,-13.9],[-28.9,-13.8],[-29,-13.6],[-29.2,-13.7],[-29.1,-13.6],[-28.8,-13.3],[-28.5,-13.1],[-28.4,-13.1],[-28.4,-12.9],[-28.6,-12.5],[-28.6,-12.8],[-28.8,-13],[-29,-13.2],[-29.3,-13.4],[-29.4,-13.4],[-29.5,-13.2],[-29.5,-13.1],[-29.5,-13],[-29.6,-13],[-29.5,-12.8],[-29.4,-12.7],[-29.1,-12.5],[-29.7,-12.8],[-29.7,-12.7],[-29.6,-12.6],[-29.6,-12.5],[-29.5,-12.4],[-29.3,-12.3],[-29.5,-12],[-29.2,-12.2],[-29.5,-12],[-29.7,-12],[-29.5,-11.9],[-29.4,-11.8],[-29.3,-11.7],[-29.1,-11.4],[-29.5,-11.7],[-29.7,-11.6],[-29.4,-11.4],[-29.4,-11.2],[-29.1,-11.3],[-29.1,-11.2],[-29.3,-11.1],[-29.1,-10.8],[-29.3,-10.8],[-29.3,-10.6],[-29.1,-10.6],[-29.2,-10.4],[-28.7,-10.3],[-28.7,-10.1],[-28.6,-9.6],[-28.9,-9.5],[-28.8,-9.8],[-29,-10.3],[-29.2,-10.1],[-29.2,-9.9],[-29.3,-9.8],[-29.3,-9.7],[-29.3,-9.4],[-29.3,-9.2],[-29.1,-9.3],[-29.1,-9],[-29.2,-8.8],[-29.3,-9],[-29.3,-8.7],[-29.4,-8.8],[-29.2,-8.4],[-29.2,-8.3],[-29.4,-8.2],[-29.6,-8.1],[-29.4,-8.1],[-29.6,-7.9],[-29.7,-7.7],[-29.6,-7.6],[-29.5,-7.3],[-29.5,-7.2],[-29.7,-7.2],[-30,-7.1],[-29.8,-7],[-29.9,-7],[-29.9,-6.8],[-30.1,-6.7],[-30,-6.5],[-30,-6.4],[-29.8,-6.2],[-29.7,-6],[-30,-6.1],[-30,-5.9],[-30.1,-5.9],[-29.8,-5.9],[-29.9,-5.6],[-30,-5.7],[-30.2,-5.6],[-30.2,-5.7],[-30.4,-5.7],[-30.1,-5.4],[-30.4,-5.4],[-30.3,-5.1],[-30.1,-5.2],[-30.1,-5],[-30.3,-5],[-30.2,-4.8],[-29.9,-4.5],[-30.3,-4.7],[-30.4,-4.7],[-30.2,-4.4],[-30.4,-4.3],[-30.5,-3.9],[-30.5,-3.7],[-30.6,-3.7],[-30.3,-3.5],[-30.4,-3.5],[-30.5,-3.4],[-30.5,-3.1],[-30.4,-3.2],[-30.2,-3],[-30.1,-3],[-30.3,-2.8],[-30.2,-2.7],[-29.9,-2.5],[-30.2,-2.3],[-30.5,-2.4],[-30.3,-2.3],[-30.2,-2.2],[-30.1,-2],[-29.9,-2.1],[-30.1,-1.9],[-30.1,-1.8],[-30.2,-1.3],[-30.4,-1.2],[-30.3,-1],[-30.3,-0.9],[-30.1,-0.8],[-29.9,-1.2],[-29.6,-1.5],[-29.8,-0.7],[-29.6,-0.8],[-29.7,-0.5],[-29.8,-0.4]]]]}},{"type":"Feature","properties":{},"geometry":{"type":"MultiPolygon","coordinates":[[[[-25.1,-15.5],[-24.9,-14.7],[-25,-15.2],[-25.1,-15.5]]]]}},{"type":"Feature","properties":{},"geometry":{"type":"MultiPolygon","coordinates":[[[[-21.8,-11.2],[-21.6,-11.5],[-21.4,-11.8],[-21.4,-12.1],[-21.6,-12],[-21.8,-11.4],[-21.8,-11.2]]]]}},{"type":"Feature","properties":{},"geometry":{"type":"MultiPolygon","coordinates":[[[[-21.1,-9.3],[-20.8,-9.5],[-20.7,-9.9],[-20.8,-9.8],[-21.2,-9.6],[-21.2,-9.5],[-21.1,-9.3]]]]}},{"type":"Feature","properties":{},"geometry":{"type":"MultiPolygon","coordinates":[[[[-30.8,-4.6],[-30.6,-4.8],[-30.7,-4.7],[-30.4,-4.8],[-30.5,-5],[-30.6,-5.3],[-30.8,-5.1],[-30.8,-4.9],[-30.8,-4.6]]]]}},{"type":"Feature","properties":{},"geometry":{"type":"MultiPolygon","coordinates":[[[[-30.9,-3.8],[-30.8,-3.7],[-30.6,-3.8],[-30.6,-4.1],[-30.7,-4.1],[-30.8,-4],[-30.8,-3.8],[-30.9,-3.8]]]]}},{"type":"Feature","properties":{},"geometry":{"type":"MultiPolygon","coordinates":[[[[-21.2,-9.1],[-21.2,-9.3],[-21.4,-9.1],[-21.3,-8.9],[-21.2,-9.1]]]]}},{"type":"Feature","properties":{},"geometry":{"type":"MultiPolygon","coordinates":[[[[-31.1,-4.8],[-30.9,-5.2],[-31,-5.1],[-31.1,-5.2],[-31,-5.1],[-31.1,-4.8]]]]}},{"type":"Feature","properties":{},"geometry":{"type":"MultiPolygon","coordinates":[[[[-23.2,-9.2],[-23.1,-9.4],[-23,-9.4],[-23.1,-9.4],[-23.2,-9.4],[-23.2,-9.2]]]]}},{"type":"Feature","properties":{},"geometry":{"type":"MultiPolygon","coordinates":[[[[-30.5,-1.5],[-30.5,-2],[-30.6,-2],[-30.6,-1.8],[-30.5,-1.6],[-30.6,-1.5],[-30.5,-1.5]]]]}},{"type":"Feature","properties":{},"geometry":{"type":"MultiPolygon","coordinates":[[[[-30.7,-3.3],[-30.7,-3.5],[-30.8,-3.4],[-30.8,-3.3],[-30.7,-3.3]]]]}},{"type":"Feature","properties":{},"geometry":{"type":"MultiPolygon","coordinates":[[[[-29.4,-10.5],[-29.3,-10.5],[-29.5,-10.5],[-29.4,-10.5]]]]}},{"type":"Feature","properties":{},"geometry":{"type":"MultiPolygon","coordinates":[[[[-30.3,-1.6],[-30.2,-1.9],[-30.3,-1.7],[-30.3,-1.6]]]]}},{"type":"Feature","properties":{},"geometry":{"type":"MultiPolygon","coordinates":[[[[-22.3,-8.1],[-22.3,-8.5],[-22.4,-8.4],[-22.3,-8.1]]]]}},{"type":"Feature","properties":{},"geometry":{"type":"MultiPolygon","coordinates":[[[[-30.7,-5.3],[-30.7,-5.6],[-30.8,-5.3],[-30.7,-5.3]]]]}},{"type":"Feature","properties":{},"geometry":{"type":"MultiPolygon","coordinates":[[[[-30.4,-0.7],[-30.1,-0.6],[-30.4,-0.8],[-30.4,-0.7]]]]}},{"type":"Feature","properties":{},"geometry":{"type":"MultiPolygon","coordinates":[[[[-30.9,-5.6],[-30.9,-5.7],[-31,-5.7],[-30.9,-5.6]]]]}},{"type":"Feature","properties":{},"geometry":{"type":"MultiPolygon","coordinates":[[[[-25.2,10.1],[-24.6,11.1],[-24.4,11.6],[-23.9,12.2],[-23.2,12],[-21.3,10.6],[-19.1,9.1],[-22.1,5.3],[-23.7,4.8],[-23.8,5.1],[-23.7,5.2],[-24,5.2],[-24,5.5],[-24,5.7],[-24.3,6.1],[-24.3,6.3],[-24.4,6.5],[-24.2,6.6],[-24.2,6.5],[-24.1,6.6],[-24.2,6.7],[-24.4,6.8],[-24.4,6.6],[-24.6,7.2],[-24.4,7.2],[-24.3,7.1],[-24,7.1],[-24.1,7.1],[-24.1,7],[-24,6.9],[-23.9,6.9],[-23.9,7.2],[-23.8,7.4],[-23.8,7.5],[-24,7.5],[-24.2,7.9],[-24.2,8],[-24.1,8.3],[-24.2,8.6],[-24.3,8.7],[-24.3,8.8],[-24.2,8.9],[-24.4,9.1],[-24.2,9.3],[-23.9,9.4],[-24.1,9.5],[-24.2,9.9],[-24.8,9.6],[-25,9.6],[-25.3,9.8],[-25.2,10.1]]]]}},{"type":"Feature","properties":{},"geometry":{"type":"MultiPolygon","coordinates":[[[[-25.1,3.7],[-24.8,4.3],[-24.6,4.4],[-24.1,4.4],[-23.6,3.8],[-24.5,3.5],[-24.5,3.6],[-25,3.6],[-25.1,3.7]]]]}},{"type":"Feature","properties":{},"geometry":{"type":"MultiPolygon","coordinates":[[[[-29.6,-0.3],[-29.9,-0.4],[-29.9,-0.2],[-29.7,0],[-29.6,-0.3]]]]}},{"type":"Feature","properties":{},"geometry":{"type":"MultiPolygon","coordinates":[[[[-28.7,0.1],[-29.3,0.1],[-29.2,0.3],[-28.8,0.3],[-28.7,0.1]]]]}},{"type":"Feature","properties":{},"geometry":{"type":"MultiPolygon","coordinates":[[[[-24,5.2],[-23.7,5.3],[-23.8,5.1],[-24,5.2]]]]}},{"type":"Feature","properties":{},"geometry":{"type":"MultiPolygon","coordinates":[[[[-25.2,6],[-24.9,5.8],[-24.8,5.3],[-25.5,5.5],[-25.2,6]]]]}},{"type":"Feature","properties":{},"geometry":{"type":"MultiPolygon","coordinates":[[[[-25.9,9.2],[-25.1,9.5],[-25.4,9.1],[-25.7,9.1],[-25.9,9.2]]]]}},{"type":"Feature","properties":{},"geometry":{"type":"MultiPolygon","coordinates":[[[[-166,-62.1],[-166.2,-61.3],[-167.6,-60.8],[-169.6,-60.7],[-172.3,-60.6],[-174.6,-60.3],[-177.6,-59.6],[-177.9,-59.1],[-175.6,-59],[-172,-59.5],[-170,-59.6],[-168.7,-59.4],[-167.8,-59.4],[-165.8,-59.1],[-165.2,-59.5],[-164.6,-59.8],[-163.8,-59.7],[-163.1,-60.9],[-163,-60.9],[-163.8,-61.4],[-161.9,-63.6],[-163.9,-63.3],[-165.4,-62.9],[-165.4,-62.5],[-166,-62.1]]]]}},{"type":"Feature","properties":{},"geometry":{"type":"MultiPolygon","coordinates":[[[[71.4,-76],[80.8,-74.3],[83.2,-74.7],[85.2,-76.1],[88.2,-77.2],[88,-77.5],[87.4,-77.9],[86.1,-77.7],[83.7,-78.4],[83.6,-78.4],[85.9,-79],[84.6,-80],[82.3,-80.6],[69.8,-81],[58.6,-80.7],[47.2,-81.4],[36.9,-81.5],[54.9,-77.9],[71.4,-76]]]]}},{"type":"Feature","properties":{},"geometry":{"type":"MultiPolygon","coordinates":[[[[93.6,-73.1],[93.1,-73.3],[93.1,-73.5],[92.7,-73.5],[92.4,-73.7],[92.9,-73.9],[92.8,-74.4],[92.4,-74.4],[92.6,-74.7],[92.6,-74.8],[92.9,-75.1],[95.3,-75.5],[96.3,-75.4],[101.5,-75.9],[102.6,-75.8],[102.7,-75.6],[102.5,-75.4],[101.4,-75.2],[102,-74.8],[103.5,-74.7],[104.4,-74.8],[103,-74.7],[103,-74.1],[101.4,-73.7],[101,-74.2],[100.5,-74],[100.2,-73.8],[99.4,-73.7],[99.1,-73.5],[97.9,-73.2],[96.8,-73.2],[96.2,-72.8],[104.2,-71.5],[112.8,-72.3],[118.8,-71.9],[123.5,-73.1],[124.3,-74.2],[119.4,-76.1],[112.4,-77.1],[102,-76.1],[98.1,-76],[93.8,-75.8],[91.1,-76.6],[85.2,-76.1],[86.8,-76.1],[84.8,-75],[82.7,-73.9],[93.6,-73.1]]]]}},{"type":"Feature","properties":{},"geometry":{"type":"MultiPolygon","coordinates":[[[[126.3,-73.1],[127.8,-72.8],[130.3,-72.3],[129.5,-72.7],[127.8,-74],[121.8,-76.7],[119.6,-77.4],[117.5,-77.6],[126.3,-73.1]]]]}},{"type":"Feature","properties":{},"geometry":{"type":"MultiPolygon","coordinates":[[[[36.4,-55.8],[41,-58.7],[33.9,-61],[30.3,-65.4],[25.9,-68.2],[21.1,-66.4],[22.1,-60.5],[28,-57.8],[36.4,-55.8]]]]}},{"type":"Feature","properties":{},"geometry":{"type":"MultiPolygon","coordinates":[[[[91.2,-59.1],[84.5,-58.6],[79.7,-56.2],[80.5,-54.6],[80.8,-53.6],[82,-54.1],[82.7,-54.2],[82.9,-54.5],[85,-55.5],[87.9,-57.3],[91.2,-59.1]]]]}},{"type":"Feature","properties":{},"geometry":{"type":"MultiPolygon","coordinates":[[[[39.9,-75],[29.9,-76.9],[12.9,-78.1],[26.1,-76.6],[39.9,-75]]]]}},{"type":"Feature","properties":{},"geometry":{"type":"MultiPolygon","coordinates":[[[[52.4,-73.3],[40.1,-74.7],[48.5,-73.2],[52.4,-73.3]]]]}},{"type":"Feature","properties":{},"geometry":{"type":"MultiPolygon","coordinates":[[[[-37.1,-51],[-36,-49.3],[-33.5,-48.9],[-27.8,-50],[-20.5,-52.3],[-16.5,-54.4],[-17,-55.8],[-20.8,-54.3],[-28.8,-53.6],[-35.8,-52.3],[-37.1,-51]]]]}},{"type":"Feature","properties":{},"geometry":{"type":"MultiPolygon","coordinates":[[[[-6.2,-73.9],[-17.8,-75.1],[-34.5,-74.8],[-35.2,-73.9],[-36.9,-73.7],[-42.5,-72.1],[-44,-71.9],[-44.5,-71.1],[-42.3,-71.1],[-38,-70.3],[-27.7,-69.3],[-23.5,-70.4],[-18.7,-70.8],[-14,-70.7],[-10.2,-71.6],[-7.6,-73.4],[-6.2,-73.9]]]]}},{"type":"Feature","properties":{},"geometry":{"type":"MultiPolygon","coordinates":[[[[-88.5,-66.5],[-96,-69],[-102,-66.3],[-102.1,-63.6],[-97.8,-59.9],[-94.4,-54.5],[-89.6,-50.2],[-87.2,-47.3],[-82.7,-46.6],[-79.8,-48.7],[-82.3,-51.7],[-85.8,-56.5],[-85.8,-58.8],[-86.9,-60.5],[-85.3,-61],[-88.2,-59.6],[-89.7,-62.2],[-87.9,-65.6],[-88.5,-66.5]]]]}},{"type":"Feature","properties":{},"geometry":{"type":"MultiPolygon","coordinates":[[[[-67.2,-69.5],[-73.7,-70.1],[-80.5,-71],[-87.2,-68.7],[-81.4,-67.3],[-81.6,-63.1],[-78.8,-58.6],[-74.7,-56.7],[-70,-57],[-67.8,-60.1],[-69.2,-64.3],[-68.5,-68.9],[-67.2,-69.5]]]]}},{"type":"Feature","properties":{},"geometry":{"type":"MultiPolygon","coordinates":[[[[-96,-69],[-88.5,-66.5],[-87.1,-68.2],[-85.8,-69.8],[-84.9,-71.5],[-91.1,-71.5],[-96,-69]]]]}},{"type":"Feature","properties":{},"geometry":{"type":"MultiPolygon","coordinates":[[[[-53.6,-70.4],[-54.5,-67.8],[-54.4,-68],[-53.7,-67.9],[-53.6,-68.1],[-53.4,-68.2],[-53.4,-68.4],[-53.4,-68.6],[-53.1,-68.7],[-52.4,-68.7],[-53.2,-69.1],[-52.6,-69.1],[-52.2,-69],[-52,-69.2],[-51.9,-69.2],[-51.7,-69.4],[-51.4,-69.5],[-51.4,-69.6],[-51.8,-69.8],[-52.5,-69.9],[-52.6,-70],[-52.5,-70],[-51.7,-70],[-52.2,-70.1],[-53,-70.3],[-53.6,-70.4]]]]}},{"type":"Feature","properties":{},"geometry":{"type":"MultiPolygon","coordinates":[[[[-47.8,-71.3],[-53.1,-70.6],[-52.5,-70.6],[-51.9,-70.6],[-51.1,-70.5],[-50.3,-70.6],[-49.7,-70.8],[-49.4,-70.6],[-48,-71.2],[-47.8,-71.3]]]]}},{"type":"Feature","properties":{},"geometry":{"type":"MultiPolygon","coordinates":[[[[-51.2,-70.4],[-52.1,-70.5],[-52.3,-70.4],[-52,-70.3],[-51.2,-70.4]]]]}},{"type":"Feature","properties":{},"geometry":{"type":"MultiPolygon","coordinates":[[[[-58,-77.9],[-71.2,-77.7],[-94.9,-78.3],[-103.5,-76],[-93.9,-74.2],[-82.3,-73.6],[-73.7,-75.1],[-62.1,-76.2],[-58,-77.9]]]]}},{"type":"Feature","properties":{},"geometry":{"type":"MultiPolygon","coordinates":[[[[-63.2,-50.8],[-65.7,-49.9],[-68.8,-48.9],[-71.2,-48],[-74.3,-48.1],[-77,-47.7],[-78.8,-48.2],[-82.7,-46.6],[-87.2,-47.3],[-89.6,-50.2],[-94.4,-54.5],[-97.8,-59.9],[-102.1,-63.6],[-107.4,-66.3],[-111.1,-63.7],[-107.8,-59.6],[-105.5,-57.3],[-102.4,-54.3],[-101.6,-51.7],[-100.2,-49.6],[-97,-47.4],[-94.2,-45.3],[-90,-42.7],[-85.3,-42.2],[-81.5,-42.7],[-78.1,-43.8],[-76.5,-43.1],[-72.6,-43.6],[-72,-43.6],[-71.5,-43.7],[-71.1,-43.8],[-70.6,-44],[-70.2,-44.1],[-69.7,-44.3],[-69.2,-44.4],[-68.9,-44.5],[-68.5,-44.8],[-66.8,-46.1],[-66.3,-47.1],[-65.7,-47.3],[-65,-47.5],[-65,-47.4],[-64.2,-47.8],[-62.5,-49],[-63.6,-48.4],[-63.8,-48.9],[-63.8,-49.3],[-63.3,-49.6],[-62.9,-50.2],[-62.7,-50.7],[-63.2,-50.8]]]]}},{"type":"Feature","properties":{},"geometry":{"type":"MultiPolygon","coordinates":[[[[-61.6,-49.6],[-62,-50],[-62.4,-49.5],[-61.5,-49.5],[-61.6,-49.6]]]]}},{"type":"Feature","properties":{},"geometry":{"type":"MultiPolygon","coordinates":[[[[-149.8,-64.5],[-149.1,-64.4],[-142.4,-65.1],[-137.4,-64.3],[-137.3,-65.1],[-140.6,-65.9],[-141.6,-66.3],[-144.9,-67],[-149.8,-64.5]]]]}},{"type":"Feature","properties":{},"geometry":{"type":"MultiPolygon","coordinates":[[[[-43.1,-23.4],[-44.6,-23.7],[-45.4,-23.6],[-43.7,-22.6],[-43.7,-22.7],[-43.5,-22.7],[-43.5,-22.9],[-43.2,-23],[-42.8,-22.8],[-42.8,-23],[-42.6,-23.3],[-43,-23.4],[-43.1,-23.4]]]]}},{"type":"Feature","properties":{},"geometry":{"type":"MultiPolygon","coordinates":[[[[-43.7,-22.5],[-45.4,-22.2],[-45.5,-20.8],[-45.5,-19],[-45.6,-18],[-45.6,-16.9],[-45.4,-17],[-45.4,-17.2],[-45.3,-17.3],[-45.3,-17.5],[-45.4,-17.7],[-45.4,-17.8],[-45.2,-17.9],[-45.1,-18.1],[-45.4,-18.2],[-45.1,-18.3],[-45.1,-18.4],[-45,-18.4],[-45.2,-18.8],[-45.5,-19],[-45,-18.9],[-44.9,-19.1],[-45.2,-19.2],[-45.3,-19.3],[-44.9,-19.2],[-45,-19.4],[-44.9,-19.5],[-44.7,-19.7],[-44.7,-19.8],[-45,-20],[-44.7,-20.1],[-44.6,-20.2],[-44.5,-20.5],[-44.9,-20.7],[-44.8,-20.8],[-44.8,-20.9],[-44.9,-21],[-45.1,-21.1],[-44.9,-21.2],[-44.8,-21.4],[-44.8,-21.5],[-44.6,-21.6],[-44.4,-22],[-44.2,-21.9],[-44.2,-22.1],[-44.4,-22.4],[-44.1,-22.3],[-43.9,-22.3],[-43.8,-22.4],[-43.7,-22.5]]]]}},{"type":"Feature","properties":{},"geometry":{"type":"MultiPolygon","coordinates":[[[[-58.1,-33],[-58.4,-32.9],[-59.2,-33],[-59.4,-33],[-59.5,-33.4],[-60.6,-33.4],[-61.1,-33.4],[-62,-33.5],[-61.5,-33.4],[-61.8,-33.4],[-62,-33.4],[-62.1,-33.5],[-62.2,-33.5],[-62.3,-33.6],[-62.7,-33.7],[-63.1,-33.7],[-64.3,-34],[-67,-34.3],[-69.9,-34.8],[-72.2,-34.7],[-74.6,-34.2],[-72.7,-33.3],[-69.6,-32.7],[-65.2,-32.1],[-61.9,-31.6],[-58.5,-31.7],[-57.1,-31.6],[-58.1,-33]]]]}},{"type":"Feature","properties":{},"geometry":{"type":"MultiPolygon","coordinates":[[[[-58.3,-33.3],[-59.4,-33.2],[-59.1,-33.1],[-58.8,-33.1],[-58.3,-33.2],[-58.3,-33.3]]]]}},{"type":"Feature","properties":{},"geometry":{"type":"MultiPolygon","coordinates":[[[[-77.6,-32.9],[-80,-31.1],[-78.7,-33.6],[-79,-33.6],[-79.7,-33.1],[-79.1,-33.5],[-79.4,-33.7],[-79.2,-33.8],[-79.2,-34],[-79.3,-33.9],[-79.4,-33.8],[-79.6,-33.9],[-79.7,-34.1],[-79.6,-34.6],[-79.8,-34.7],[-79.9,-34.4],[-79.9,-34.2],[-79.9,-33.9],[-80,-33.6],[-80.5,-33.9],[-80.4,-33.7],[-80.7,-33.6],[-81,-33.2],[-80.8,-32.9],[-81,-32.7],[-81,-32.4],[-81.1,-32.2],[-81.5,-32.2],[-82.3,-31],[-82.8,-30.8],[-83,-30.4],[-83.2,-30.3],[-83.2,-30.6],[-83.8,-30.6],[-84.6,-30.3],[-84.8,-30.1],[-84.8,-30],[-84.9,-29.9],[-84.9,-29.8],[-85.3,-30],[-85.3,-29.8],[-85.7,-29.8],[-85.8,-29.7],[-85.9,-29.8],[-86.2,-29.6],[-86.4,-29.8],[-86.6,-29.8],[-86.8,-29.8],[-86.9,-29.7],[-87.1,-30.1],[-87.4,-30.4],[-87.6,-30.6],[-87.9,-30.9],[-89,-31.2],[-88.5,-30.9],[-88.7,-30.8],[-89,-30.9],[-89.2,-31.1],[-89.6,-31.2],[-89.8,-31],[-90,-28.3],[-91.5,-26.7],[-90.7,-25.3],[-88.9,-24],[-88.3,-24.4],[-87.6,-24.4],[-87,-24.3],[-86.6,-25.3],[-86.4,-25.4],[-86.2,-26.1],[-86.3,-26.6],[-85.8,-27.4],[-85.3,-28],[-85.1,-28.3],[-84.4,-28.8],[-82.2,-28.1],[-79.5,-27.2],[-77.8,-27.9],[-77.7,-32.3],[-77.6,-32.9]]]]}},{"type":"Feature","properties":{},"geometry":{"type":"MultiPolygon","coordinates":[[[[-46.2,-17.7],[-46.3,-17.9],[-46.2,-17.9],[-46.2,-17.7]]]]}},{"type":"Feature","properties":{},"geometry":{"type":"MultiPolygon","coordinates":[[[[-46.2,-18.1],[-46.1,-19.1],[-46.1,-21],[-46,-23.4],[-46.3,-23.9],[-47.6,-23.2],[-47.6,-23],[-47.1,-23],[-46.4,-23.3],[-46.3,-23.2],[-46.2,-23.1],[-46.6,-23],[-46.9,-22.5],[-47,-22.8],[-47.3,-22.8],[-47.4,-22.3],[-47.2,-22.9],[-47.6,-22.8],[-47.9,-22.3],[-47.8,-21.6],[-48.2,-19.9],[-48.2,-18.2],[-48.2,-17.6],[-47.8,-17.8],[-48,-18.5],[-47.9,-18.5],[-47.5,-18.4],[-47.2,-18.3],[-46.8,-18],[-46.8,-18.6],[-46.6,-18.1],[-46.2,-18.1]]]]}},{"type":"Feature","properties":{},"geometry":{"type":"MultiPolygon","coordinates":[[[[-47.7,-23.2],[-47.8,-22.7],[-47.7,-22.9],[-47.7,-23.2]]]]}},{"type":"Feature","properties":{},"geometry":{"type":"MultiPolygon","coordinates":[[[[-47,-13.3],[-47.3,-13.2],[-47.1,-13.9],[-46.9,-14],[-46.9,-14.2],[-46.9,-14.3],[-46.8,-14.4],[-46.8,-14.6],[-47.1,-15],[-47.3,-14.8],[-47.6,-14.5],[-47.7,-14.4],[-47.9,-14.2],[-48,-14.1],[-48,-13.9],[-48,-13.7],[-48.4,-13.5],[-48.3,-13.3],[-48.4,-13.2],[-48.6,-13.2],[-48.6,-13],[-48.6,-12.9],[-48.3,-12.8],[-48.3,-12.6],[-48.5,-12.5],[-48.6,-12.5],[-47.7,-12.3],[-47,-13.3]]]]}},{"type":"Feature","properties":{},"geometry":{"type":"MultiPolygon","coordinates":[[[[8.6,-73.4],[8.5,-73.3],[8.5,-70.5],[7.5,-67.6],[14.4,-67.9],[22.8,-69.7],[18.5,-73],[10.7,-74.6],[8.6,-73.4]]]]}},{"type":"Feature","properties":{},"geometry":{"type":"MultiPolygon","coordinates":[[[[-57.1,-64.5],[-56.3,-62.8],[-55.5,-61.7],[-52.5,-58.7],[-50.1,-58.5],[-46.9,-61.1],[-49.1,-64.1],[-55.7,-64.6],[-57.1,-64.5]]]]}},{"type":"Feature","properties":{},"geometry":{"type":"MultiPolygon","coordinates":[[[[-72.8,-54.6],[-74.5,-51.2],[-70.5,-51.2],[-67,-54.7],[-69.4,-55.8],[-72.8,-54.6]]]]}},{"type":"Feature","properties":{},"geometry":{"type":"MultiPolygon","coordinates":[[[[77,-72.8],[76.9,-75],[69.9,-75.7],[65.3,-73.2],[77,-72.8]]]]}},{"type":"Feature","properties":{},"geometry":{"type":"MultiPolygon","coordinates":[[[[18.8,-82.3],[7.7,-82.6],[7,-82.1],[2.2,-82.4],[0.5,-82.5],[-6.4,-82.8],[-12.3,-82.6],[-13.4,-82.2],[-22.8,-80.4],[-21.9,-78.9],[-19,-79.5],[-16.8,-80],[-12.4,-80.7],[-7.1,-81.6],[0.3,-81.9],[3.2,-81.9],[6.1,-81.3],[18.8,-82.3]]]]}},{"type":"Feature","properties":{},"geometry":{"type":"MultiPolygon","coordinates":[[[[-3,-62.1],[-4.2,-63.3],[-4.4,-62.6],[-4,-61.9],[-3.1,-60.9],[-2.2,-60.3],[-2.2,-60.9],[-2.2,-61.6],[-3,-62.1]]]]}},{"type":"Feature","properties":{},"geometry":{"type":"MultiPolygon","coordinates":[[[[119.2,-71],[122.7,-72.3],[118.8,-71.9],[112.8,-72.3],[104.2,-71.5],[113.3,-71.6],[116.9,-71],[119.2,-71]]]]}},{"type":"Feature","properties":{},"geometry":{"type":"MultiPolygon","coordinates":[[[[-87.3,-20.9],[-89.4,-19.7],[-90.2,-18.5],[-90.1,-16.4],[-89.7,-15.7],[-89.4,-15.7],[-88.3,-15.5],[-87.6,-16.4],[-88,-17.6],[-87.9,-18.6],[-87.2,-20.2],[-87.3,-20.9]]]]}},{"type":"Feature","properties":{},"geometry":{"type":"MultiPolygon","coordinates":[[[[101.7,-76.2],[104.6,-76.7],[108.3,-77.6],[104.9,-78.3],[94.4,-77.9],[92.6,-75.9],[96.8,-75.7],[101.7,-76.2]]]]}},{"type":"Feature","properties":{},"geometry":{"type":"MultiPolygon","coordinates":[[[[-98.4,-72.4],[-93.7,-72.6],[-95.1,-73.1],[-99.8,-72.6],[-98.4,-72.4]]]]}},{"type":"Feature","properties":{},"geometry":{"type":"MultiPolygon","coordinates":[[[[-88.9,-24],[-89.8,-22.9],[-89.7,-20.8],[-90.1,-19.5],[-88,-20.4],[-87.3,-21.5],[-87.6,-23.1],[-88.9,-24]]]]}},{"type":"Feature","properties":{},"geometry":{"type":"MultiPolygon","coordinates":[[[[36.6,-55.5],[30.4,-57],[23.3,-59.8],[20.7,-58.3],[24.2,-57],[32.3,-56],[36.6,-55.5]]]]}},{"type":"Feature","properties":{},"geometry":{"type":"MultiPolygon","coordinates":[[[[6.5,-27.1],[7.4,-26.9],[8.4,-26.4],[8.9,-26],[9.2,-26],[9,-26.3],[8.7,-27],[8.4,-27.6],[8.3,-27.8],[8.2,-28.1],[8,-28.6],[7.8,-28.9],[7.8,-29.1],[7.7,-29.4],[7.7,-29.6],[7.8,-30],[7.9,-30.6],[7.6,-31.1],[6.4,-31.7],[3.4,-31.7],[5.1,-29.9],[6.2,-27.4],[6.5,-27.1]]]]}},{"type":"Feature","properties":{},"geometry":{"type":"MultiPolygon","coordinates":[[[[1,-31.6],[4.3,-31.8],[4.1,-33.1],[3.9,-33.5],[3,-34.3],[2.3,-34.7],[-0.1,-35.5],[-1,-36],[-1,-35.8],[-0.8,-35.6],[-1,-35.5],[-1.3,-35.4],[-0.7,-35],[-0.6,-34.8],[0,-34.8],[0.2,-34.5],[0.2,-34.3],[0.4,-34.1],[-0.3,-33.4],[0.2,-33.4],[1,-32.6],[0.8,-32.3],[1,-32],[1,-31.7],[1,-31.6]]]]}},{"type":"Feature","properties":{},"geometry":{"type":"MultiPolygon","coordinates":[[[[7.5,-31.2],[7.6,-32.1],[8.3,-32.7],[8.6,-32.8],[9,-32.6],[9.9,-32.6],[9.8,-33.1],[9.3,-34.3],[8.9,-34.4],[8.8,-34.6],[8.7,-34.7],[8.2,-35.4],[8.3,-35.9],[8.2,-35.9],[8.2,-36],[8,-36.2],[7.9,-36.3],[7.7,-36.5],[7.4,-36.6],[7.1,-36.8],[6.8,-36.9],[6.6,-37.1],[6.4,-37.2],[6.2,-37.4],[5.9,-37.6],[5.5,-37.7],[5.2,-37.8],[4.9,-37.9],[4.2,-37],[4.1,-37],[4.2,-36.3],[3.1,-36.1],[3,-35.9],[2.7,-35.7],[1.3,-35.6],[1.1,-35.6],[0.9,-35.4],[0.6,-35.6],[0.4,-35.5],[0.3,-35.6],[0.2,-35.6],[0,-35.7],[-0.4,-35.8],[-0.5,-36],[0.2,-35.4],[2.4,-34.6],[3.3,-34.1],[4,-33.4],[4.2,-33],[6.4,-31.7],[7.5,-31.2]]]]}},{"type":"Feature","properties":{},"geometry":{"type":"MultiPolygon","coordinates":[[[[-1.6,-41.5],[-1.4,-41.6],[-1.2,-41.8],[-1.1,-42.2],[-1,-42.4],[-0.6,-42.7],[-0.4,-42.8],[-0.2,-42.9],[-0.1,-43.1],[0.2,-43.4],[0.3,-43.6],[0.6,-43.7],[0.8,-43.9],[1,-44],[1.2,-44.1],[1.3,-44.2],[1.1,-44.7],[0.2,-45],[-2.4,-44.6],[-2.5,-44.7],[-4.6,-45],[-5.8,-45.7],[-6.3,-45.5],[-6.6,-45.4],[-7,-45.4],[-7.5,-45.3],[-7.8,-45.2],[-8.1,-44.9],[-8.6,-44.8],[-9.1,-44.6],[-9.5,-44.5],[-9.8,-44.3],[-10.1,-44.1],[-10.5,-44],[-10.7,-43.9],[-11,-43.9],[-11.1,-43.7],[-11.4,-43.7],[-11.7,-43.7],[-12,-43.5],[-11.8,-43.3],[-11.5,-42.9],[-11.5,-42.4],[-11.8,-42.1],[-12.4,-41.9],[-11.9,-40.8],[-11.3,-40.5],[-11.3,-40.6],[-11.3,-40.1],[-11.1,-40.3],[-10.8,-40.2],[-10.8,-39.8],[-9.5,-39.6],[-8.3,-39.1],[-7.1,-38.4],[-7.2,-38.1],[-7.2,-38],[-6.8,-37.7],[-6.7,-37.6],[-6.2,-37.6],[-5.9,-37.9],[-5.7,-37.9],[-5.3,-38],[-5.1,-38.4],[-4.5,-38.9],[-4,-39.4],[-3,-40.3],[-2.9,-40.5],[-2.7,-40.9],[-2.3,-41],[-1.6,-41.5]]]]}},{"type":"Feature","properties":{},"geometry":{"type":"MultiPolygon","coordinates":[[[[-12,-43.5],[-11.7,-43.7],[-11.4,-43.7],[-11.1,-43.7],[-11,-43.9],[-10.7,-43.9],[-10.5,-44],[-10.1,-44.1],[-9.8,-44.3],[-9.5,-44.5],[-9.1,-44.6],[-8.6,-44.8],[-8.1,-44.9],[-7.8,-45.2],[-7.5,-45.3],[-7,-45.4],[-6.6,-45.4],[-6.3,-45.5],[-5.8,-45.7],[-6.7,-45.9],[-7.4,-45.7],[-8.8,-45.6],[-9.7,-45],[-11.3,-44.1],[-12,-44],[-12,-43.5]]]]}},{"type":"Feature","properties":{},"geometry":{"type":"MultiPolygon","coordinates":[[[[159.4,-64.4],[165.9,-61.1],[166.2,-61.1],[166.5,-61.1],[167.6,-61],[167.4,-61.7],[167.5,-62.1],[166.2,-63],[166.4,-63.4],[167.7,-63.6],[166.5,-63.6],[166.9,-64.2],[165.6,-64],[164.8,-64],[164.8,-64.4],[164.3,-64.9],[163.8,-64.4],[162.1,-64.7],[161.4,-64.8],[160.2,-64.7],[159.4,-64.4]]]]}},{"type":"Feature","properties":{},"geometry":{"type":"MultiPolygon","coordinates":[[[[161.4,-65.3],[161.3,-64.9],[162.2,-65.3],[161.4,-65.3]]]]}},{"type":"Feature","properties":{},"geometry":{"type":"MultiPolygon","coordinates":[[[[132.3,-62.2],[132.4,-62.1],[132.4,-62.2],[132.4,-62.3],[132.3,-62.2]]]]}},{"type":"Feature","properties":{},"geometry":{"type":"MultiPolygon","coordinates":[[[[132.4,-63.7],[132.8,-63.6],[132.9,-63.5],[133.5,-63.5],[133.8,-63.4],[132.4,-63.7]]]]}},{"type":"Feature","properties":{},"geometry":{"type":"MultiPolygon","coordinates":[[[[136.2,-63.1],[140.7,-61.3],[143.5,-62.7],[144.9,-63.7],[145.7,-64.6],[144.8,-65.1],[144.1,-65.1],[143.8,-64.5],[141.9,-64.5],[142.3,-64.3],[140.7,-64.2],[139.5,-63.4],[138.3,-63.3],[136.2,-63.1]]]]}},{"type":"Feature","properties":{},"geometry":{"type":"MultiPolygon","coordinates":[[[[147.2,-65.7],[154.5,-63.4],[157.8,-60.7],[158.7,-65.1],[154,-65.8],[153.7,-65.8],[153.4,-66.2],[152.3,-66],[151.8,-66.2],[149.5,-65.8],[148.6,-65.8],[147.2,-65.7]]]]}},{"type":"Feature","properties":{},"geometry":{"type":"MultiPolygon","coordinates":[[[[157.8,-60.7],[165.5,-59.6],[166.2,-60.6],[166.2,-61.1],[165.9,-61.1],[159.4,-64.4],[158.2,-62],[157.8,-60.7]]]]}},{"type":"Feature","properties":{},"geometry":{"type":"MultiPolygon","coordinates":[[[[-48.6,-14.8],[-48.6,-15],[-48.3,-15.2],[-48.2,-16.1],[-48.5,-16.3],[-48.6,-17],[-49,-18],[-48.8,-18.8],[-48.9,-19.8],[-48.6,-21],[-48.5,-22],[-48.8,-23.1],[-48.9,-23.4],[-49.6,-23.6],[-50.2,-23.6],[-50.9,-23.7],[-51.9,-23.8],[-52.4,-23.8],[-53.2,-24.2],[-53.6,-25.6],[-54.3,-26.1],[-54.7,-27],[-55.3,-28],[-55.9,-27.9],[-55.8,-27.6],[-55.9,-27],[-56.3,-27.1],[-56.5,-26.6],[-57,-26.4],[-57.1,-26.2],[-58.3,-26.5],[-58.6,-26.4],[-58.7,-26.5],[-58.9,-26.2],[-59.8,-26.4],[-60.3,-26.5],[-60.5,-26.6],[-60.9,-26.4],[-61.2,-26.5],[-61.3,-26],[-61.4,-25.9],[-61.5,-25.8],[-61.6,-25.7],[-61.7,-25.6],[-63,-24.5],[-62.9,-24.2],[-62.9,-23.7],[-62.9,-23.5],[-62.8,-22.6],[-63.2,-21.2],[-63.7,-20.7],[-63.8,-20.8],[-64.1,-20.8],[-64.5,-20.8],[-64.9,-20.8],[-66,-20],[-66.6,-20],[-67.3,-20.4],[-68.1,-20.7],[-69.3,-21],[-69.8,-21.2],[-70.1,-21.9],[-71.5,-21.3],[-73.6,-20.7],[-73.6,-19.6],[-73.4,-17.3],[-72.5,-16.5],[-71.4,-15.5],[-70,-14.6],[-69.1,-13.9],[-67.5,-12.7],[-66.4,-12.4],[-66.5,-12.6],[-66.5,-12.9],[-66.9,-13.2],[-67,-13.5],[-66.8,-13.3],[-66.1,-12.8],[-66.2,-12.3],[-64.9,-12.1],[-64.2,-11.9],[-63.8,-11.8],[-62.9,-11.5],[-62.4,-11.8],[-61.9,-12.1],[-60.6,-13.6],[-58.7,-14.3],[-58.6,-15.4],[-57.9,-16.7],[-57.3,-17.3],[-56.8,-17.7],[-57.3,-18.6],[-57.9,-19.6],[-57.9,-20.5],[-57.8,-21.6],[-57.4,-22],[-57,-21.7],[-57,-22.3],[-56.7,-21.9],[-56.4,-21.6],[-56.1,-21.4],[-56.1,-21.1],[-56,-20.9],[-56,-20.7],[-55.7,-20.2],[-55.7,-20],[-55.6,-19.8],[-55.5,-19.7],[-55.7,-19.4],[-55.6,-19.1],[-54.3,-19],[-53.2,-18.5],[-52.6,-17.1],[-52.7,-16.5],[-52.9,-15.9],[-52.9,-15.7],[-52.7,-15.6],[-52.4,-15.5],[-52.2,-15.4],[-52.1,-15.3],[-51.8,-15.1],[-51.7,-14.8],[-51.7,-14.2],[-51.5,-14.3],[-50.5,-14.1],[-49.1,-14.2],[-48.9,-14.7],[-48.6,-14.8]]]]}},{"type":"Feature","properties":{},"geometry":{"type":"MultiPolygon","coordinates":[[[[-64.5,-23.2],[-64.6,-23.7],[-64.6,-23.8],[-64.9,-23.8],[-65,-23.5],[-65.8,-23],[-67.1,-21.8],[-67.6,-21.3],[-67.5,-21.2],[-66.9,-21.4],[-65.5,-22],[-65,-22.2],[-64.8,-22.6],[-64.5,-23.2]]]]}},{"type":"Feature","properties":{},"geometry":{"type":"MultiPolygon","coordinates":[[[[-54.3,-17.7],[-54.4,-17.7],[-54.5,-17.8],[-54.7,-17.8],[-55,-17.9],[-54.7,-17.7],[-54.6,-17.7],[-54.3,-17.7]]]]}},{"type":"Feature","properties":{},"geometry":{"type":"MultiPolygon","coordinates":[[[[-57.6,0.7],[-60.9,-1.8],[-62.2,-2],[-62.9,-1.3],[-62.8,-0.5],[-62.9,-0.1],[-62.4,0.3],[-61.1,1.1],[-59.9,1.5],[-58.6,2.1],[-58.5,2.9],[-59.2,5.9],[-58.3,6.8],[-57.8,7.1],[-57.7,7.1],[-57.5,7.1],[-58.2,6.3],[-58.2,5.9],[-58.1,5.9],[-57.9,5.9],[-57.8,6],[-57.6,6],[-57.5,6],[-57.4,5.8],[-57.8,5.8],[-58.1,5.5],[-58,5.3],[-57.6,4.1],[-57.5,3],[-57.4,2.8],[-57.4,1.9],[-57.8,2.1],[-58.2,2.1],[-57.7,0.8],[-57.6,0.7]]]]}},{"type":"Feature","properties":{},"geometry":{"type":"MultiPolygon","coordinates":[[[[-58.6,7.8],[-59.5,8.6],[-59.9,9.7],[-59.6,9.9],[-59.6,9.5],[-59.6,9.3],[-59.5,9.3],[-59.3,9.5],[-59.2,9.4],[-59.2,9.3],[-59,9.1],[-58.8,9],[-58.8,8.8],[-59,8.8],[-58.9,8.6],[-58.6,8.4],[-58.2,8.1],[-58.1,7.9],[-58,7.8],[-58,7.7],[-58.4,7.8],[-58.6,7.8]]]]}},{"type":"Feature","properties":{},"geometry":{"type":"MultiPolygon","coordinates":[[[[-61.5,-2.4],[-61.9,-2.1],[-61.6,-2.2],[-61.5,-2.4]]]]}},{"type":"Feature","properties":{},"geometry":{"type":"MultiPolygon","coordinates":[[[[-63.6,-0.9],[-63,-0.4],[-63.2,-0.8],[-63.6,-0.9]]]]}},{"type":"Feature","properties":{},"geometry":{"type":"MultiPolygon","coordinates":[[[[-61.7,-2.7],[-62.6,-2.3],[-62.1,-2.3],[-61.7,-2.7]]]]}},{"type":"Feature","properties":{},"geometry":{"type":"MultiPolygon","coordinates":[[[[-53.5,-0.7],[-53.8,-0.9],[-53.9,-0.9],[-54.1,-0.8],[-54.3,-0.9],[-54.3,-0.6],[-54.4,-0.8],[-54.4,-1],[-55,-1.2],[-55.1,-0.9],[-55.3,-0.6],[-55.4,-0.1],[-56,0.4],[-56.6,0.8],[-56.9,1],[-57.1,1.9],[-56.7,2],[-56.9,3.2],[-56.6,3.6],[-55.5,2.1],[-55.4,2],[-55.4,2.9],[-55.9,3.4],[-56.1,3.9],[-55.9,4.3],[-55.2,3.9],[-55,3.7],[-55.3,4.3],[-55.2,4.3],[-55.3,4.6],[-54.8,4.9],[-54.5,5],[-53.6,3.9],[-53.7,3.7],[-53.3,3.7],[-53.7,3.1],[-53.5,3],[-53.3,2.9],[-53.3,2.8],[-53.1,2.9],[-53,2.9],[-53,2.7],[-53,2.4],[-53.6,1.9],[-53.4,1.7],[-52.4,2.7],[-52.2,2.4],[-52.2,1.9],[-53.2,0.6],[-53.5,0.5],[-53.6,-0.1],[-53.6,-0.3],[-53.5,-0.7]]]]}},{"type":"Feature","properties":{},"geometry":{"type":"MultiPolygon","coordinates":[[[[-53,6],[-53.2,5.8],[-53.2,4.6],[-54.7,5.1],[-55.2,5.3],[-55.9,5.3],[-55.9,6.2],[-55.7,6.9],[-54.7,6.8],[-53.4,7.3],[-53,6]]]]}},{"type":"Feature","properties":{},"geometry":{"type":"MultiPolygon","coordinates":[[[[-50.4,1],[-51.9,0.1],[-51.8,0.5],[-51.9,0.8],[-51.4,1],[-51.4,0.6],[-51.2,0.7],[-51,0.9],[-50.9,1],[-50.8,1.3],[-50.8,1.4],[-50.4,1.2],[-50.4,1]]]]}},{"type":"Feature","properties":{},"geometry":{"type":"MultiPolygon","coordinates":[[[[-52.1,1.9],[-51.7,2.6],[-52,1.8],[-52.1,1.9]]]]}},{"type":"Feature","properties":{},"geometry":{"type":"MultiPolygon","coordinates":[[[[-64.7,-12],[-65.6,-12.3],[-66.2,-12.3],[-66.5,-12],[-66.7,-12.4],[-66.4,-12.4],[-67.5,-12.7],[-69.1,-13.9],[-70,-14.6],[-71.4,-15.5],[-72.5,-16.5],[-73.4,-17.3],[-72.9,-15.7],[-70.8,-14.1],[-70,-13.6],[-69.8,-13.2],[-69.1,-12.3],[-67.1,-11],[-65.9,-10.3],[-65.7,-10.2],[-65.6,-10],[-65.4,-9.9],[-65.4,-10.3],[-65.5,-10.4],[-65,-10.9],[-64.8,-11],[-64.7,-11.2],[-64.3,-11.4],[-64.2,-11.5],[-64.5,-11.9],[-64.7,-12]]]]}},{"type":"Feature","properties":{},"geometry":{"type":"MultiPolygon","coordinates":[[[[-62.5,-11.7],[-62.4,-11.8],[-62.9,-11.5],[-63.8,-11.8],[-64.2,-11.9],[-64.5,-11.9],[-64.2,-11.5],[-64.3,-11.4],[-64.7,-11.2],[-64.8,-11],[-65,-10.9],[-65.5,-10.4],[-65.4,-10.3],[-65.4,-9.9],[-65.5,-9.9],[-65.7,-9.9],[-65.6,-9.7],[-64.8,-9.6],[-64.8,-9.3],[-64.6,-9.1],[-64.3,-9.2],[-64.1,-9.4],[-63.6,-9.9],[-63.8,-10.3],[-63.5,-10.8],[-63.1,-11.2],[-62.5,-11.7]]]]}},{"type":"Feature","properties":{},"geometry":{"type":"MultiPolygon","coordinates":[[[[-64.7,-9],[-65.1,-9.1],[-65.9,-8.9],[-66,-8.8],[-64.8,-8.9],[-64.7,-9]]]]}},{"type":"Feature","properties":{},"geometry":{"type":"MultiPolygon","coordinates":[[[[-50.3,-5.6],[-50.1,-5.8],[-49.7,-5.7],[-48.8,-6.1],[-49,-6.3],[-49.4,-6.6],[-49.5,-6.5],[-49.5,-6.6],[-49.7,-7],[-50.3,-8],[-50.9,-8.1],[-51,-7.7],[-51,-7.5],[-51.1,-7.3],[-51,-7.4],[-51.1,-7.6],[-51.2,-8.1],[-51.3,-7.9],[-51.5,-7.8],[-51.7,-7.4],[-51.9,-7.7],[-52.6,-7.9],[-53.2,-7.4],[-53.3,-6.9],[-53.5,-6.8],[-53.2,-7.9],[-53.2,-8.5],[-53.5,-8.5],[-54.2,-8.7],[-54.3,-8.6],[-54.5,-8.5],[-54.7,-8.5],[-55.2,-8.4],[-55.6,-7.9],[-55.9,-7.3],[-55.8,-7.6],[-55.6,-7.8],[-55.6,-8],[-55.3,-8.5],[-55.4,-8.8],[-56,-8.5],[-56.6,-7.7],[-58.9,-7.4],[-59.7,-6.5],[-61,-6.6],[-62,-6.5],[-62.6,-6.3],[-63.2,-6.3],[-64.6,-4.6],[-63.9,-5.4],[-63.6,-5.5],[-64,-4.7],[-64.7,-4.2],[-63.9,-3.5],[-62.9,-2.9],[-62.2,-2.8],[-60.1,-3.5],[-59.6,-3.8],[-58.2,-3],[-56.7,-2.3],[-55.6,-1.9],[-55.4,-2.2],[-55.2,-2.5],[-55,-2.7],[-54.5,-3.3],[-54.5,-3.6],[-54.4,-3.7],[-54.1,-3.5],[-54.3,-3.2],[-54.3,-3.1],[-54.2,-2.9],[-54,-3.1],[-53.8,-3],[-53.8,-3.5],[-53.9,-3.6],[-54.1,-3.9],[-54.2,-4.1],[-54.1,-4.3],[-54.2,-4.5],[-53.9,-4],[-52.9,-3.9],[-52.5,-3.7],[-52.7,-3.7],[-52.4,-3.4],[-52.3,-3.4],[-52.1,-3.2],[-52.4,-2.9],[-52.4,-2.3],[-51.9,-2],[-51.9,-1.6],[-50.9,-1.4],[-50.7,-1.4],[-50.7,-1.6],[-51.1,-2.7],[-51.1,-3],[-51.3,-3],[-51.5,-3],[-51.6,-3.4],[-51.6,-3.7],[-51.4,-3.9],[-51.3,-3.9],[-51.5,-4.1],[-51.6,-3.9],[-51.7,-4.5],[-52,-4.9],[-51.8,-5],[-51,-4.9],[-51.4,-5.5],[-51.7,-5.9],[-51.8,-6.4],[-51.6,-6.5],[-51.5,-6.4],[-51.2,-6.3],[-50.3,-5.6]]]]}},{"type":"Feature","properties":{},"geometry":{"type":"MultiPolygon","coordinates":[[[[-51.9,-7.9],[-52,-8.3],[-51.8,-8.5],[-51.6,-9.3],[-51.5,-10.4],[-51.3,-10.6],[-51.2,-10.8],[-51.3,-11],[-52.1,-10.5],[-52,-10],[-52.5,-10.2],[-53.4,-10.3],[-53.5,-9.6],[-53.8,-9.3],[-52.7,-8.6],[-51.9,-7.9]]]]}},{"type":"Feature","properties":{},"geometry":{"type":"MultiPolygon","coordinates":[[[[-50.1,-0.7],[-49.5,0.1],[-49.1,0.3],[-48.8,0],[-48.8,-0.7],[-49.1,-0.9],[-50.1,-0.7]]]]}},{"type":"Feature","properties":{},"geometry":{"type":"MultiPolygon","coordinates":[[[[-50.6,-1.2],[-50.1,-0.7],[-50.5,-1.2],[-50.6,-1.2]]]]}},{"type":"Feature","properties":{},"geometry":{"type":"MultiPolygon","coordinates":[[[[-52.9,-2.2],[-52.9,-2.7],[-52.9,-3.3],[-53.3,-3.4],[-53.6,-3],[-53.8,-2.7],[-53.9,-2.4],[-53.9,-2.3],[-54,-2.2],[-53.8,-2.1],[-53.4,-2.1],[-53.2,-2],[-52.9,-2.2]]]]}},{"type":"Feature","properties":{},"geometry":{"type":"MultiPolygon","coordinates":[[[[-52.2,-11.3],[-53.2,-11.5],[-52.9,-11],[-52.3,-11.2],[-52.2,-11.3]]]]}},{"type":"Feature","properties":{},"geometry":{"type":"MultiPolygon","coordinates":[[[[-51.4,-8.4],[-51.4,-8.6],[-51.5,-8.4],[-51.4,-8.4]]]]}},{"type":"Feature","properties":{},"geometry":{"type":"MultiPolygon","coordinates":[[[[-52.6,-2.6],[-52.7,-2.8],[-52.8,-2.8],[-52.6,-2.6]]]]}},{"type":"Feature","properties":{},"geometry":{"type":"MultiPolygon","coordinates":[[[[-48.8,-28.4],[-49.4,-28.6],[-50.2,-28.3],[-50,-28.6],[-49.4,-28.8],[-49.2,-29],[-49.2,-29.2],[-49.4,-29.4],[-49.4,-29.6],[-50.3,-30],[-52.1,-30.7],[-53.3,-31.1],[-54.4,-31.4],[-55.4,-31.7],[-57.7,-33.1],[-58.1,-32.9],[-56.5,-30.9],[-56.2,-30.6],[-56.1,-30.4],[-55.2,-30.1],[-54.5,-29.7],[-54,-29.8],[-53.3,-29.6],[-52.6,-28.8],[-51.5,-28.3],[-51.2,-28.2],[-50.5,-28],[-50.1,-28],[-49.1,-28.1],[-48.8,-28.4]]]]}},{"type":"Feature","properties":{},"geometry":{"type":"MultiPolygon","coordinates":[[[[-46.7,-29.7],[-46.8,-29.7],[-46.6,-29.7],[-46.7,-29.7]]]]}},{"type":"Feature","properties":{},"geometry":{"type":"MultiPolygon","coordinates":[[[[47.5,-43.1],[47.7,-43.5],[48.1,-43.7],[48.9,-43.9],[50,-44.3],[52,-44.6],[54.2,-45.2],[57.2,-44.6],[57.7,-44.6],[59.6,-44.6],[61.6,-44.8],[64.2,-44.5],[66.7,-44],[69.5,-44.4],[69,-44.2],[68.6,-44.3],[68,-45.2],[67.4,-46.3],[66.2,-46.7],[64.6,-46.9],[63.4,-47.4],[62,-47],[61.9,-47],[60.2,-46.7],[59.3,-46.9],[58.6,-47.1],[58.7,-47],[58.5,-47.2],[58.7,-47.6],[58.2,-47.8],[58.3,-48.5],[58.8,-48.3],[59.8,-48.7],[60.8,-49],[61.1,-49],[61.2,-49.1],[61.8,-49.2],[62.2,-49.2],[62.4,-49.1],[63.6,-49.1],[63.8,-49.1],[64.1,-49.6],[64.6,-49.7],[65.7,-49.9],[65.5,-49.4],[65.5,-49.3],[65.1,-49],[65.7,-48.6],[65.9,-48.8],[66.3,-49.1],[66.9,-49.6],[67,-49.6],[67.4,-49.8],[67.7,-49.7],[68.3,-49.7],[68.6,-49.4],[69.4,-48.7],[70,-47.9],[69.8,-47.9],[70,-47.6],[69.9,-47.6],[69.7,-47.2],[69.6,-46.3],[69.5,-45.9],[69.4,-45.2],[69.3,-45.1],[69.5,-45.1],[69.5,-45.2],[69.8,-45.3],[70.9,-45.9],[74.9,-47.9],[79.5,-51.7],[78.9,-52.9],[79.5,-54.4],[78.7,-56.7],[78.6,-57.9],[74.5,-59.3],[73.3,-58],[68.5,-56.1],[65.1,-55.1],[61.7,-54.5],[59.1,-54.2],[57.3,-53.8],[56.2,-53.7],[55,-53.4],[53.8,-53.2],[52.4,-53.7],[52,-54.2],[52.7,-55],[51,-55.5],[48,-56.1],[46.1,-55.7],[44.1,-54.9],[43.1,-54.3],[43.1,-54.2],[42.9,-53],[42.6,-52.1],[42.2,-51.6],[41.9,-51],[41.7,-50.7],[41.5,-50.2],[41,-48.9],[40.6,-48.1],[40.3,-47.7],[40.8,-46.5],[41.6,-45.6],[42.2,-44.9],[43,-44.3],[45.5,-43.2],[47.5,-43.1]]]]}},{"type":"Feature","properties":{},"geometry":{"type":"MultiPolygon","coordinates":[[[[68.5,-44.8],[68.1,-45.7],[68.4,-44.8],[68.5,-44.8]]]]}},{"type":"Feature","properties":{},"geometry":{"type":"MultiPolygon","coordinates":[[[[58.2,-47.8],[58.3,-47.9],[58.2,-47.9],[58.2,-47.8]]]]}},{"type":"Feature","properties":{},"geometry":{"type":"MultiPolygon","coordinates":[[[[55.7,-34.4],[59.3,-35.8],[61.8,-37.2],[65.3,-37.2],[65.5,-38.7],[64.9,-39.8],[63.2,-41.1],[61.5,-40.4],[58.8,-41],[55.1,-41.2],[52.6,-39.9],[53.4,-36.3],[53.8,-35],[53.2,-34.6],[54.5,-34.3],[55.7,-34.4]]]]}},{"type":"Feature","properties":{},"geometry":{"type":"MultiPolygon","coordinates":[[[[78.7,-32.6],[75.6,-36.5],[73.3,-40.7],[71.2,-41.6],[67.9,-40.9],[66.4,-38.7],[69,-36.6],[74.8,-34.6],[76.1,-33.6],[78.7,-32.6]]]]}},{"type":"Feature","properties":{},"geometry":{"type":"MultiPolygon","coordinates":[[[[6.6,-52.3],[4.3,-50.6],[2.7,-48.7],[4.4,-48.7],[4.5,-48.7],[4.9,-48.7],[5.6,-48.8],[7,-48.6],[7.1,-48.7],[7.3,-48.8],[7.4,-49.2],[8.4,-49.2],[7.5,-50.2],[7.9,-50.7],[6.2,-51.7],[6.6,-52.3]]]]}},{"type":"Feature","properties":{},"geometry":{"type":"MultiPolygon","coordinates":[[[[97.3,-26.5],[98,-26.3],[99.2,-25.7],[101.1,-25.4],[103.1,-25.6],[102.9,-26.1],[101.6,-26.5],[100.8,-26.7],[100.3,-27],[99.5,-27.8],[98.8,-28.5],[98.3,-29.6],[97.7,-30.2],[97.5,-31.1],[96.3,-31.4],[95.9,-31.9],[95.2,-32.8],[94.7,-33.9],[94.2,-34.2],[94.2,-34.6],[93.8,-34.9],[93.4,-35.2],[93.3,-34.9],[92.4,-35.1],[91.5,-35.6],[91.8,-34.7],[92.6,-33.2],[93.2,-31.9],[93.9,-30.5],[95,-29.2],[96,-28.2],[96.7,-27.3],[97.3,-26.5]]]]}},{"type":"Feature","properties":{},"geometry":{"type":"MultiPolygon","coordinates":[[[[29.4,9.9],[29.8,10.3],[31.4,8.7],[32.8,8.5],[32.3,8.1],[30.8,7.7],[30,7.7],[29.2,7.7],[29.6,8],[30.6,8.2],[30.6,9.1],[30.2,8.9],[30,8.2],[29.6,8.8],[29.5,8.6],[29.1,9],[29.4,9.9]]]]}},{"type":"Feature","properties":{},"geometry":{"type":"MultiPolygon","coordinates":[[[[33,8.8],[37.3,11.3],[41.5,14.5],[43.8,16.1],[45.5,15.6],[46.4,15.6],[47.4,15.7],[48.6,16.6],[50.1,19.8],[52.4,21],[51.7,18.6],[50.8,16.3],[49.1,14.8],[45.8,12.4],[42.9,9.4],[39.4,8.8],[36.5,7.3],[35.6,7.2],[35.5,7.3],[34.2,6.8],[32.5,7.3],[30.7,7],[29.5,7],[30.8,7],[31.9,7.5],[32.7,7.8],[33.4,8.4],[34.3,8.5],[34.8,8.2],[35.2,8.2],[35.5,7.6],[35.6,7.3],[35.8,8.2],[35.4,8.6],[34.6,8.9],[33.2,8.7],[33,8.8]]]]}},{"type":"Feature","properties":{},"geometry":{"type":"MultiPolygon","coordinates":[[[[35.3,8.1],[35.5,8],[35.4,7.9],[35.3,8.1]]]]}},{"type":"Feature","properties":{},"geometry":{"type":"MultiPolygon","coordinates":[[[[-31.5,12.8],[-30.3,11.6],[-30,11.2],[-29.9,11.1],[-29.5,10.7],[-29.3,10.8],[-29.3,10.5],[-29,10.4],[-28.7,10.3],[-28.5,10.3],[-28.6,10.1],[-28.3,10.1],[-28.2,10.1],[-27.9,9.8],[-28,9.6],[-28,9],[-28.2,9.6],[-28.4,9],[-28.6,9.2],[-28.9,9.5],[-29,9.7],[-29.3,9.8],[-29.5,9.8],[-29.7,9.8],[-29.9,10],[-30.2,10.2],[-30.6,10.7],[-30.6,10.9],[-30.9,11.3],[-30.9,11.6],[-31.2,12],[-31.7,12.4],[-31.5,12.8]]]]}},{"type":"Feature","properties":{},"geometry":{"type":"MultiPolygon","coordinates":[[[[-27.9,9.5],[-27.6,9.5],[-27.5,9.6],[-27.2,9.4],[-27,9.3],[-26.6,9.3],[-26.1,9.4],[-25.1,9.9],[-25.3,9.6],[-25.1,9.6],[-25.3,9.2],[-25.4,8.9],[-25.3,8.8],[-25.4,8.7],[-25.7,8.9],[-25.8,8.8],[-26.1,8.6],[-26,8.5],[-26.1,8.3],[-26.8,8.2],[-27,8.5],[-27.2,8.6],[-27.3,8.6],[-27.6,8.7],[-27.9,9],[-27.9,9.5]]]]}},{"type":"Feature","properties":{},"geometry":{"type":"MultiPolygon","coordinates":[[[[-26.1,8.4],[-25.6,8.5],[-25.9,8.3],[-26.1,8.4]]]]}},{"type":"Feature","properties":{},"geometry":{"type":"MultiPolygon","coordinates":[[[[29.5,6.9],[30.9,7.1],[33.4,7.1],[34.3,6.9],[34.5,6.3],[34.3,6.6],[33.5,6.7],[33.2,6.3],[32.9,5.8],[32.5,5.8],[32.2,5.8],[31.7,5.7],[31.5,5.5],[30.9,5.9],[29.5,6.1],[29.5,6.9]]]]}},{"type":"Feature","properties":{},"geometry":{"type":"MultiPolygon","coordinates":[[[[28.9,6.4],[29.2,6.4],[29.4,6.2],[28.9,6.4]]]]}},{"type":"Feature","properties":{},"geometry":{"type":"MultiPolygon","coordinates":[[[[-153.9,-58.2],[-155.3,-58.1],[-155.8,-57.5],[-155,-56.5],[-154.4,-56.2],[-154.3,-55.9],[-155.6,-55.7],[-157,-55.9],[-157.2,-56.2],[-157.8,-56.4],[-158.2,-55.9],[-157.3,-55.7],[-158.4,-55.1],[-159.6,-54.7],[-160.3,-54.5],[-161,-54],[-160.7,-53.4],[-161.3,-52.7],[-161.9,-51.8],[-159.7,-49],[-159.5,-48.6],[-159.1,-48.6],[-158.9,-48.8],[-158.7,-48.8],[-158.8,-49.1],[-158.4,-48.9],[-157.9,-48.9],[-157.5,-49.5],[-157.2,-49.5],[-156.9,-49.3],[-156.7,-49.2],[-156.5,-49.3],[-156.4,-49.5],[-156.3,-49.6],[-155.6,-49.6],[-155.2,-49.8],[-154.7,-50.1],[-154.2,-50.2],[-154,-50.3],[-153.5,-50],[-153.3,-50.4],[-153,-49.9],[-153.2,-49.9],[-153.2,-49.7],[-152.8,-49.6],[-151.8,-49.5],[-151.2,-49.7],[-150.2,-50],[-150.3,-50],[-148.5,-50.2],[-147.5,-50.2],[-152,-56],[-153.9,-58.2]]]]}},{"type":"Feature","properties":{},"geometry":{"type":"MultiPolygon","coordinates":[[[[-159.3,-48.2],[-159.1,-47.7],[-159,-47.5],[-158.9,-47.5],[-158.9,-47.7],[-158.9,-47.9],[-158.9,-48.1],[-159.1,-48.2],[-159.3,-48.2]]]]}},{"type":"Feature","properties":{},"geometry":{"type":"MultiPolygon","coordinates":[[[[-153.2,-49.2],[-153.4,-49.6],[-153.8,-49.6],[-154.3,-49.4],[-154.8,-49.2],[-155.4,-49.1],[-155.4,-48.9],[-155.4,-48.8],[-154.1,-48.9],[-153,-49.3],[-153.2,-49.2]]]]}},{"type":"Feature","properties":{},"geometry":{"type":"MultiPolygon","coordinates":[[[[-157.3,-49.4],[-157.6,-49.4],[-157.8,-49.2],[-157.6,-49.1],[-157.4,-49],[-157.2,-49.1],[-157.2,-49.4],[-157.3,-49.4]]]]}},{"type":"Feature","properties":{},"geometry":{"type":"MultiPolygon","coordinates":[[[[-158,-48.7],[-158.2,-48.5],[-157.9,-48.3],[-158,-48.7]]]]}},{"type":"Feature","properties":{},"geometry":{"type":"MultiPolygon","coordinates":[[[[-157.2,-48.6],[-157.4,-48.6],[-157.4,-48.5],[-157.2,-48.6]]]]}},{"type":"Feature","properties":{},"geometry":{"type":"MultiPolygon","coordinates":[[[[-158.4,-48.2],[-158.5,-48.1],[-158.8,-48.1],[-158.3,-48.1],[-158.4,-48.2]]]]}},{"type":"Feature","properties":{},"geometry":{"type":"MultiPolygon","coordinates":[[[[-157.4,-48.9],[-157.2,-48.7],[-157.2,-48.8],[-157.4,-48.9]]]]}},{"type":"Feature","properties":{},"geometry":{"type":"MultiPolygon","coordinates":[[[[-156.7,-48.8],[-156.6,-48.6],[-156.6,-48.7],[-156.7,-48.8]]]]}},{"type":"Feature","properties":{},"geometry":{"type":"MultiPolygon","coordinates":[[[[170.4,-30.9],[169.9,-31],[170.1,-30.8],[170.2,-30.7],[170.4,-30.9]]]]}},{"type":"Feature","properties":{},"geometry":{"type":"MultiPolygon","coordinates":[[[[159.2,-25.5],[160.2,-25.6],[160.5,-25.4],[160.6,-25.4],[160.8,-25.5],[160.9,-25.4],[161.1,-25.4],[163,-25.5],[164.2,-25.9],[162.9,-26.3],[162.7,-26.5],[162.8,-26.9],[162.3,-26.6],[161.9,-26.6],[161.6,-26.4],[161.2,-26.7],[160.9,-27.1],[160.2,-27.7],[159.4,-27.8],[159,-28],[158.5,-27.9],[158.1,-27.5],[158.2,-27.4],[157.9,-27],[157.2,-26.7],[157.3,-26.5],[157.2,-26.4],[157.7,-26.3],[157.7,-26.2],[157.8,-26.1],[157.9,-26],[158,-25.8],[158.1,-25.8],[158.2,-25.8],[158.5,-25.7],[158.9,-25.8],[159.2,-25.5]]]]}},{"type":"Feature","properties":{},"geometry":{"type":"MultiPolygon","coordinates":[[[[157.8,-27.6],[157.7,-27.7],[157.6,-27.9],[157.2,-27.9],[157.4,-27.8],[157.8,-27.6]]]]}},{"type":"Feature","properties":{},"geometry":{"type":"MultiPolygon","coordinates":[[[[154.5,-30.3],[154.4,-30.4],[154.3,-30.6],[154.1,-30.5],[154.5,-30.3]]]]}},{"type":"Feature","properties":{},"geometry":{"type":"MultiPolygon","coordinates":[[[[82.5,-6.4],[83,-6.6],[83.5,-7],[84.1,-7.6],[84.2,-7.9],[84.3,-8.1],[84.5,-8.3],[84.9,-8.7],[84.6,-8.8],[84.8,-9.1],[85,-9.4],[85.1,-9.6],[84.9,-10.1],[84.5,-10.8],[84.2,-10.7],[82.9,-7.9],[82.5,-6.4]]]]}},{"type":"Feature","properties":{},"geometry":{"type":"MultiPolygon","coordinates":[[[[75.6,-4.6],[75.9,-5.3],[78.3,-6],[80.8,-6.5],[82.1,-6.9],[84.6,-9.9],[83.9,-11.7],[83.7,-11.7],[83.6,-11.8],[83.5,-11.8],[82.3,-11.7],[79.1,-11],[76.7,-9.8],[75.5,-7.2],[75.4,-4.9],[75.6,-4.6]]]]}},{"type":"Feature","properties":{},"geometry":{"type":"MultiPolygon","coordinates":[[[[76.2,-10.7],[77.8,-12.3],[77.2,-12.4],[77.1,-12.1],[77,-11.6],[76.4,-11.9],[75.7,-10.6],[76.2,-10.7]]]]}},{"type":"Feature","properties":{},"geometry":{"type":"MultiPolygon","coordinates":[[[[-57.5,11.3],[-57.8,11.2],[-58,11.8],[-58,12.3],[-57.9,12.8],[-57.7,13.8],[-58.3,13.6],[-57.8,14.3],[-57.3,13.8],[-57.2,12.7],[-57.1,11.9],[-57.5,11.3]]]]}},{"type":"Feature","properties":{},"geometry":{"type":"MultiPolygon","coordinates":[[[[104.3,7.2],[105,6.2],[105.6,5.4],[104.4,5.5],[104.2,5.6],[103.8,6.2],[103.3,6.9],[103.6,7.9],[104.3,7.2]]]]}},{"type":"Feature","properties":{},"geometry":{"type":"MultiPolygon","coordinates":[[[[128.1,2.8],[129.9,2.1],[130.7,1.3],[130.5,1.4],[129.7,1.5],[129,1.7],[128.6,1.5],[128.4,1.5],[128.1,1.4],[127.8,1.5],[127.8,1.3],[127.8,1.2],[127.5,1.1],[127.4,1.1],[127.3,0.9],[127.4,0.6],[127,0.3],[126.8,-0.2],[126.1,-0.5],[127,-0.2],[127.1,-1.2],[126.2,-1.6],[124.8,-1.7],[123.9,-1.9],[123.4,-2.3],[123.3,-1.7],[123.1,-1.4],[122.4,-1.5],[122.4,-1.2],[121.6,-0.8],[121.4,-0.8],[121.3,-0.6],[121.1,-0.5],[120.9,-0.7],[120.8,-0.6],[120.6,-0.6],[120.5,-0.6],[120.5,-0.7],[120.2,-0.7],[120,-0.8],[119.8,-0.9],[118.3,-1.4],[117.9,-0.6],[119.6,0.5],[120.8,1.2],[123.8,2],[126.5,2.8],[128.1,2.8]]]]}},{"type":"Feature","properties":{},"geometry":{"type":"MultiPolygon","coordinates":[[[[123.2,-2.7],[122.5,-2.9],[122.5,-2.2],[123.3,-2.1],[123.2,-2.7]]]]}},{"type":"Feature","properties":{},"geometry":{"type":"MultiPolygon","coordinates":[[[[14,-48.4],[13.2,-49.3],[13.2,-49.8],[12.4,-49.8],[10.7,-48.9],[10.5,-48.3],[11,-48.3],[11.7,-48.5],[13.4,-48.5],[14,-48.4]]]]}},{"type":"Feature","properties":{},"geometry":{"type":"MultiPolygon","coordinates":[[[[8.2,-51],[7.9,-51.4],[7.2,-52],[6.2,-52],[5,-51.7],[5.9,-51.4],[7.5,-50.3],[7.3,-50],[8.2,-51]]]]}},{"type":"Feature","properties":{},"geometry":{"type":"MultiPolygon","coordinates":[[[[38.7,-41.7],[38.9,-41.8],[39.2,-41.8],[39.8,-41.8],[40.3,-41.8],[39.6,-42.5],[38.7,-43.2],[38.1,-43.8],[37.1,-44.8],[36.3,-45.2],[36.1,-45.6],[34.4,-46.1],[34.1,-46.5],[33.1,-46.7],[30.4,-46.2],[29.3,-46.5],[28.7,-46.7],[28.3,-46.7],[27.9,-46.5],[27.7,-46.6],[27.3,-46.7],[27,-46.7],[27.3,-46.5],[26.8,-46.4],[26.6,-46.2],[26.6,-46],[26.1,-45.8],[25.9,-45.4],[26.2,-45],[27.1,-44.4],[27.7,-43.8],[28.5,-43.6],[29.8,-43.4],[31,-43.3],[32.2,-43],[36.1,-43.4],[37.9,-42.3],[38.7,-41.7]]]]}},{"type":"Feature","properties":{},"geometry":{"type":"MultiPolygon","coordinates":[[[[38.1,-41],[37.2,-41.5],[35.5,-42.7],[32,-42.3],[33.1,-41.7],[34.1,-41.1],[34.7,-40.8],[35.3,-41],[35.6,-41],[36.1,-41],[36.5,-40.9],[36.9,-40.9],[37.3,-40.9],[37.6,-40.9],[37.8,-40.9],[38.1,-41]]]]}},{"type":"Feature","properties":{},"geometry":{"type":"MultiPolygon","coordinates":[[[[-38,3],[-37.6,2.6],[-38,2.7],[-37.9,2.4],[-37.7,2.1],[-38,2],[-38.4,2.1],[-38.5,2.4],[-38.7,2.6],[-38.7,2.4],[-39.1,2.7],[-39.1,2.9],[-38.9,3.2],[-38.8,2.8],[-38.4,2.8],[-38.1,2.9],[-38,3]]]]}},{"type":"Feature","properties":{},"geometry":{"type":"MultiPolygon","coordinates":[[[[-36.6,2.2],[-36.1,1.5],[-36.5,1.4],[-36.8,1.5],[-37.1,1.7],[-37.2,1.8],[-37.1,2.3],[-37.7,1.9],[-37.5,2.1],[-37.4,2.6],[-36.6,2.2]]]]}},{"type":"Feature","properties":{},"geometry":{"type":"MultiPolygon","coordinates":[[[[52.1,-39.8],[54.4,-41],[58.1,-41.2],[61,-40.2],[62.6,-41.2],[60.6,-41.5],[58.2,-42.1],[55.6,-42.4],[54,-42.3],[52.6,-42.2],[51.3,-42.3],[48.9,-43],[46.8,-42.5],[44.8,-42.3],[43.4,-41.9],[42.7,-41.7],[42.2,-41.4],[41.8,-41.1],[42.2,-40.7],[43.9,-39.6],[45.2,-40.2],[46.7,-40.4],[48.3,-40.3],[49.6,-40.2],[52.1,-39.8]]]]}},{"type":"Feature","properties":{},"geometry":{"type":"MultiPolygon","coordinates":[[[[48.5,-38.9],[50.6,-37.4],[50.9,-36.9],[52,-35.3],[53.2,-34.9],[52.9,-36.2],[52.1,-39.8],[49.6,-40.2],[48.3,-40.3],[46.7,-40.4],[45.2,-40.2],[43.9,-39.6],[45.7,-38.8],[46.6,-39.1],[47.9,-38.9],[48.5,-38.9]]]]}},{"type":"Feature","properties":{},"geometry":{"type":"MultiPolygon","coordinates":[[[[8.4,-24.3],[9.1,-25.8],[8.8,-26.1],[8.3,-26.5],[7.4,-26.9],[6.5,-27.1],[6.3,-26.4],[6.7,-24.3],[7.3,-24.2],[8.1,-24.2],[8.4,-24.3]]]]}},{"type":"Feature","properties":{},"geometry":{"type":"MultiPolygon","coordinates":[[[[-3,-47.5],[-2.4,-47.9],[-0.9,-48.2],[1.7,-49.2],[1.1,-49.3],[0.5,-49],[-1,-48.5],[-3.1,-48.4],[-5.8,-47.9],[-7.2,-47.8],[-8.3,-47.4],[-6.9,-47.2],[-6,-47.4],[-3.4,-47.3],[-3,-47.5]]]]}},{"type":"Feature","properties":{},"geometry":{"type":"MultiPolygon","coordinates":[[[[-10.3,-46.6],[-9.4,-46.8],[-9.3,-47],[-9.1,-47.2],[-8.8,-47.2],[-10.2,-47.3],[-11.6,-47.3],[-13,-46.8],[-13.8,-46.2],[-11.8,-45.3],[-11.7,-46.2],[-11,-46.6],[-10.3,-46.6]]]]}},{"type":"Feature","properties":{},"geometry":{"type":"MultiPolygon","coordinates":[[[[-11.7,-45.7],[-12.3,-45.4],[-12.7,-44.6],[-11.9,-44.3],[-12.1,-45.4],[-11.7,-45.7]]]]}},{"type":"Feature","properties":{},"geometry":{"type":"MultiPolygon","coordinates":[[[[6.6,-23],[7.2,-23.2],[7.9,-23.7],[8.4,-24.3],[7.4,-24.1],[6.9,-24.4],[6.3,-25.9],[6.3,-27],[6.2,-27.4],[4.8,-30.5],[3.3,-31.7],[3.3,-30.9],[4.5,-27.7],[5.2,-24.4],[6.6,-23]]]]}},{"type":"Feature","properties":{},"geometry":{"type":"MultiPolygon","coordinates":[[[[-60.5,10.7],[-61.1,10.1],[-61.9,10.1],[-62.6,9.7],[-63.6,9],[-64.2,8.6],[-64,9.4],[-64.3,10.2],[-64.4,11.1],[-64.2,12.7],[-63.7,14.1],[-63.3,15.6],[-63.1,15.4],[-63.1,14.8],[-62.4,14.6],[-62.1,14.8],[-62.1,14.5],[-62.1,13.4],[-61.6,11.3],[-60.4,10.8],[-60.5,10.7]]]]}},{"type":"Feature","properties":{},"geometry":{"type":"MultiPolygon","coordinates":[[[[-85.4,-3],[-86.9,-2.5],[-87.4,-3.6],[-88.1,-4.9],[-89.2,-6.1],[-90.6,-7.4],[-91.7,-7.7],[-91.8,-6.8],[-91.3,-5.9],[-89.9,-4.1],[-89.5,-4],[-89.7,-3.8],[-89.5,-3.4],[-87.6,-1.8],[-86.2,-1.7],[-85.5,-1.5],[-85.4,-3]]]]}},{"type":"Feature","properties":{},"geometry":{"type":"MultiPolygon","coordinates":[[[[-59.6,16.5],[-59.1,16.7],[-58.7,15.8],[-58.6,14.8],[-58.8,14.3],[-59.1,15.2],[-59.3,15.9],[-59.6,16.5]]]]}},{"type":"Feature","properties":{},"geometry":{"type":"MultiPolygon","coordinates":[[[[79.6,-4.4],[79.7,-5],[79.9,-5.3],[78.7,-5.5],[77,-5.2],[76.5,-4.2],[77.2,-4],[79.6,-4.4]]]]}},{"type":"Feature","properties":{},"geometry":{"type":"MultiPolygon","coordinates":[[[[79.4,-5.2],[79.6,-5.3],[79.9,-5.3],[80.1,-5.5],[81.2,-6],[81.4,-6],[78.6,-6.1],[76.2,-5.5],[75.9,-4.8],[77.4,-5.1],[79.4,-5.2]]]]}},{"type":"Feature","properties":{},"geometry":{"type":"MultiPolygon","coordinates":[[[[81.2,-6],[81.5,-6.1],[81.8,-6.2],[82.2,-6.1],[81.6,-6.5],[80.5,-6.1],[81.2,-6]]]]}},{"type":"Feature","properties":{},"geometry":{"type":"MultiPolygon","coordinates":[[[[-58,11.9],[-57.7,11.8],[-58,11.3],[-58,11.9]]]]}},{"type":"Feature","properties":{},"geometry":{"type":"MultiPolygon","coordinates":[[[[1.1,-49.3],[-5.9,-50.1],[-12.9,-49],[-20.1,-47.8],[-20.2,-47.8],[-18.2,-46.6],[-15.3,-46.3],[-13.8,-46.2],[-12.8,-46.9],[-11.2,-47.4],[-9.9,-47.2],[-8.7,-47.3],[-8.4,-47.4],[-8,-47.5],[-6.7,-47.9],[-4.8,-48.2],[-2.2,-48.6],[0.1,-48.8],[1,-49.3],[1.1,-49.3]]]]}},{"type":"Feature","properties":{},"geometry":{"type":"MultiPolygon","coordinates":[[[[-58.5,17.5],[-58,17.9],[-57.5,16.9],[-57.6,15.5],[-57.6,14.7],[-58,15.2],[-58,16.7],[-58.5,17.5]]]]}},{"type":"Feature","properties":{},"geometry":{"type":"MultiPolygon","coordinates":[[[[-64,11],[-64.6,11.9],[-65.2,10.5],[-65.9,10.4],[-66.5,10],[-67,10.3],[-66.5,11],[-65.8,12.5],[-65.4,14.1],[-65.8,15.6],[-66.4,16.9],[-65.9,16.6],[-65.2,16.1],[-64.5,15.6],[-63.6,15.3],[-63,13.5],[-63.4,11.9],[-64,11]]]]}},{"type":"Feature","properties":{},"geometry":{"type":"MultiPolygon","coordinates":[[[[-57.9,7.1],[-55.5,10.9],[-51.9,14.2],[-51.7,13.4],[-51.6,12.8],[-51.7,12.9],[-51.9,12.2],[-52.1,12.4],[-52.1,12.2],[-52,11.8],[-52.1,11.8],[-52.3,11.1],[-52.3,10.8],[-52.5,10.9],[-52.7,11.1],[-52.8,11.1],[-52.9,10.8],[-52.8,10.6],[-53,10.7],[-53.5,10.3],[-53.7,10.4],[-54,10.4],[-54.2,10.2],[-54.5,9.7],[-55,9.4],[-55.4,9.1],[-55.9,8.8],[-56.8,7.9],[-57.7,7.3],[-57.9,7.1]]]]}},{"type":"Feature","properties":{},"geometry":{"type":"MultiPolygon","coordinates":[[[[-174.1,-55.3],[-174.3,-55.5],[-174.4,-55.4],[-174.7,-55.4],[-174.9,-55.4],[-174.5,-55.5],[-175,-55.7],[-175.2,-55.6],[-175,-55.3],[-175.1,-55.1],[-175.1,-55],[-175,-54.8],[-174.7,-54.7],[-174.9,-54.7],[-175.2,-54.6],[-175.1,-54.4],[-174.5,-54.5],[-174.4,-54.7],[-174.6,-54.9],[-174.1,-55],[-174,-55],[-174.1,-55.3]]]]}},{"type":"Feature","properties":{},"geometry":{"type":"MultiPolygon","coordinates":[[[[-173.9,-55],[-174.2,-54.2],[-174,-53.9],[-173.7,-53.7],[-173.8,-53.8],[-173.8,-54],[-173.7,-54.2],[-173.6,-54.3],[-173.6,-54.4],[-173.3,-54.4],[-173.5,-54.6],[-173.5,-54.7],[-173.8,-54.8],[-173.9,-55]]]]}},{"type":"Feature","properties":{},"geometry":{"type":"MultiPolygon","coordinates":[[[[9.2,23.3],[8.3,23.8],[7.4,23.8],[7.7,24.9],[9.4,24],[9.5,23.5],[9.2,23.3]]]]}},{"type":"Feature","properties":{},"geometry":{"type":"MultiPolygon","coordinates":[[[[10.4,23.9],[12.1,24.9],[10.9,23.5],[10.4,23.9]]]]}},{"type":"Feature","properties":{},"geometry":{"type":"MultiPolygon","coordinates":[[[[-58.1,10.3],[-57.3,10],[-57.6,9.5],[-58.1,10.3]]]]}},{"type":"Feature","properties":{},"geometry":{"type":"MultiPolygon","coordinates":[[[[-57.7,11],[-57.5,11.3],[-57.1,11.9],[-55.1,14.3],[-54.8,14.4],[-56.3,12.8],[-57.3,11],[-57.7,11]]]]}},{"type":"Feature","properties":{},"geometry":{"type":"MultiPolygon","coordinates":[[[[-159.6,-40.8],[-160.3,-40.6],[-160.1,-40.3],[-160.3,-40.3],[-159.9,-40],[-159.8,-39.9],[-159.9,-39.6],[-160.1,-39.7],[-160.1,-39.8],[-159.7,-39.6],[-159.6,-39.9],[-159.6,-40.1],[-159.5,-40.2],[-159.3,-40.2],[-159.4,-40.5],[-159.4,-40.8],[-159.5,-40.8],[-159.6,-40.8]]]]}},{"type":"Feature","properties":{},"geometry":{"type":"MultiPolygon","coordinates":[[[[-161,-40.5],[-161.1,-40.4],[-161,-40.4],[-160.8,-40.4],[-161,-40.5]]]]}},{"type":"Feature","properties":{},"geometry":{"type":"MultiPolygon","coordinates":[[[[-161.5,-40.4],[-161.4,-40.1],[-161.3,-40],[-161.3,-40.2],[-161.5,-40.4]]]]}},{"type":"Feature","properties":{},"geometry":{"type":"MultiPolygon","coordinates":[[[[-162.1,-40.2],[-161.9,-40],[-161.7,-40.1],[-162.1,-40.2]]]]}},{"type":"Feature","properties":{},"geometry":{"type":"MultiPolygon","coordinates":[[[[-162.8,-40],[-163.3,-39.9],[-162.7,-40],[-162.8,-40]]]]}},{"type":"Feature","properties":{},"geometry":{"type":"MultiPolygon","coordinates":[[[[-164.7,-39.8],[-164.8,-39.8],[-164.6,-39.5],[-164.5,-39.4],[-164.4,-39.5],[-164.5,-39.7],[-164.7,-39.8]]]]}},{"type":"Feature","properties":{},"geometry":{"type":"MultiPolygon","coordinates":[[[[-165.1,-39.8],[-165.2,-39.7],[-164.9,-39.6],[-165.1,-39.8]]]]}},{"type":"Feature","properties":{},"geometry":{"type":"MultiPolygon","coordinates":[[[[-165.5,-39.8],[-165.9,-39.6],[-165.5,-39.6],[-165.5,-39.8]]]]}},{"type":"Feature","properties":{},"geometry":{"type":"MultiPolygon","coordinates":[[[[-166.4,-39.7],[-166.5,-39.7],[-166.1,-39.6],[-166.4,-39.7]]]]}},{"type":"Feature","properties":{},"geometry":{"type":"MultiPolygon","coordinates":[[[[-167.3,-39.9],[-167.7,-39.9],[-167.9,-39.9],[-168.1,-40],[-168.4,-39.6],[-168.3,-39.4],[-168.2,-39.6],[-167.9,-39.6],[-167.7,-39.8],[-167.6,-39.8],[-167.7,-39.6],[-167.7,-39.4],[-167.6,-39.5],[-167.3,-39.6],[-167.3,-39.9]]]]}},{"type":"Feature","properties":{},"geometry":{"type":"MultiPolygon","coordinates":[[[[-168.9,-40.1],[-169.1,-40.2],[-169.3,-40],[-169.8,-40.6],[-169.5,-40.1],[-168.9,-40.1]]]]}},{"type":"Feature","properties":{},"geometry":{"type":"MultiPolygon","coordinates":[[[[-171,-41.2],[-171.3,-41.1],[-171.2,-41.4],[-172.1,-41.9],[-171.9,-41.4],[-171.4,-40.9],[-171.4,-40.7],[-171.3,-40.6],[-171,-40.6],[-170.9,-40.3],[-170.9,-40.2],[-170.7,-40.1],[-170.7,-40],[-170.6,-40],[-170.4,-40],[-170.6,-40.1],[-170.7,-40.4],[-170.8,-40.5],[-171,-40.7],[-170.6,-40.7],[-170.2,-40.5],[-170.7,-40.9],[-171,-40.9],[-171,-41.2]]]]}},{"type":"Feature","properties":{},"geometry":{"type":"MultiPolygon","coordinates":[[[[-162.6,-39.8],[-162.9,-39.9],[-163.4,-39.8],[-163.8,-39.7],[-164.2,-39.7],[-164.2,-39.6],[-164.2,-39.4],[-164.1,-39.5],[-164,-39.6],[-163.8,-39.4],[-163.6,-39.5],[-163.5,-39.7],[-163.4,-39.6],[-163.6,-39.4],[-163.7,-39.4],[-163.9,-39.4],[-163.8,-39.2],[-163.7,-39.2],[-163.6,-39.2],[-163.5,-39.2],[-163.2,-39.3],[-163.4,-39.5],[-163.3,-39.3],[-163.4,-39.4],[-163.3,-39.5],[-163.3,-39.6],[-163.1,-39.7],[-162.9,-39.7],[-162.7,-39.7],[-162.7,-39.6],[-162.5,-39.8],[-162.6,-39.8]]]]}},{"type":"Feature","properties":{},"geometry":{"type":"MultiPolygon","coordinates":[[[[-168.2,-40],[-168.3,-40],[-168.6,-40],[-168.9,-39.9],[-169.2,-39.9],[-168.6,-39.7],[-168.3,-39.8],[-168.2,-40]]]]}},{"type":"Feature","properties":{},"geometry":{"type":"MultiPolygon","coordinates":[[[[-172,-41.5],[-172.1,-41.4],[-172.2,-41.3],[-172.4,-41.3],[-172.6,-41.5],[-173,-41.5],[-172.8,-41.4],[-172.6,-41.2],[-172.4,-41.1],[-172.2,-41.1],[-172.1,-41],[-172.4,-41],[-172.4,-40.8],[-172.1,-40.8],[-171.8,-40.6],[-171.7,-40.6],[-171.8,-41],[-172,-41.5]]]]}},{"type":"Feature","properties":{},"geometry":{"type":"MultiPolygon","coordinates":[[[[-168.8,-39.6],[-169,-39.6],[-169.3,-39.7],[-169.3,-39.9],[-169.5,-39.9],[-169.8,-39.7],[-169.7,-39.6],[-169.7,-39.4],[-169.7,-39.5],[-169.4,-39.6],[-169.5,-39.2],[-169.1,-39.2],[-169,-39.4],[-168.8,-39.6]]]]}},{"type":"Feature","properties":{},"geometry":{"type":"MultiPolygon","coordinates":[[[[-172.7,-42.2],[-172.6,-41.8],[-172.5,-41.6],[-172.3,-42.1],[-172.7,-42.2]]]]}},{"type":"Feature","properties":{},"geometry":{"type":"MultiPolygon","coordinates":[[[[-170.3,-40.9],[-170.4,-40.7],[-170.1,-40.6],[-170.3,-40.9]]]]}},{"type":"Feature","properties":{},"geometry":{"type":"MultiPolygon","coordinates":[[[[-168.2,-39.2],[-168.6,-39.4],[-168.8,-39.5],[-168.4,-39.2],[-168.2,-39.2]]]]}},{"type":"Feature","properties":{},"geometry":{"type":"MultiPolygon","coordinates":[[[[-168.2,-39.2],[-168.2,-39],[-168.1,-38.9],[-167.9,-38.9],[-168.1,-39.1],[-168.2,-39.2]]]]}},{"type":"Feature","properties":{},"geometry":{"type":"MultiPolygon","coordinates":[[[[-161.6,-39.5],[-161.8,-39.5],[-162.1,-39.6],[-162.4,-39.5],[-162.1,-39.4],[-162,-39.3],[-161.7,-39.3],[-161.6,-39.5]]]]}},{"type":"Feature","properties":{},"geometry":{"type":"MultiPolygon","coordinates":[[[[-169.9,-40.2],[-169.9,-40.3],[-170.3,-40.4],[-170.5,-40.4],[-170.4,-40.2],[-170.1,-40.2],[-170.2,-40.1],[-169.9,-40.2]]]]}},{"type":"Feature","properties":{},"geometry":{"type":"MultiPolygon","coordinates":[[[[-169.7,-40.1],[-169.9,-40.1],[-170.1,-40],[-170.3,-40],[-170.1,-39.9],[-169.9,-39.9],[-169.7,-39.8],[-169.7,-40.1]]]]}},{"type":"Feature","properties":{},"geometry":{"type":"MultiPolygon","coordinates":[[[[-164.1,-39.1],[-164.3,-39.3],[-164.4,-39.2],[-164.3,-39.4],[-164.7,-39],[-164.3,-39.1],[-164.1,-39.1]]]]}},{"type":"Feature","properties":{},"geometry":{"type":"MultiPolygon","coordinates":[[[[-162.2,-39.9],[-162.6,-39.9],[-162.3,-39.6],[-162,-39.8],[-162.2,-39.9]]]]}},{"type":"Feature","properties":{},"geometry":{"type":"MultiPolygon","coordinates":[[[[-165.2,-39.5],[-165.5,-39.4],[-165.5,-39.2],[-165.4,-39.2],[-165.4,-39.4],[-165.1,-39.4],[-165.2,-39.5]]]]}},{"type":"Feature","properties":{},"geometry":{"type":"MultiPolygon","coordinates":[[[[-161.8,-39.7],[-162,-39.7],[-162,-39.6],[-161.9,-39.6],[-161.7,-39.5],[-161.8,-39.7]]]]}},{"type":"Feature","properties":{},"geometry":{"type":"MultiPolygon","coordinates":[[[[-164.9,-39.6],[-165.4,-39.6],[-165.2,-39.5],[-165,-39.5],[-164.8,-39.4],[-164.9,-39.6]]]]}},{"type":"Feature","properties":{},"geometry":{"type":"MultiPolygon","coordinates":[[[[-171.4,-40.6],[-171.6,-40.5],[-171.7,-40.4],[-171.5,-40.3],[-171.4,-40.2],[-171.3,-40.2],[-171.4,-40.6]]]]}},{"type":"Feature","properties":{},"geometry":{"type":"MultiPolygon","coordinates":[[[[-171.6,-41],[-171.7,-40.8],[-171.6,-40.8],[-171.5,-40.9],[-171.6,-41]]]]}},{"type":"Feature","properties":{},"geometry":{"type":"MultiPolygon","coordinates":[[[[-165.8,-39.3],[-166,-39.2],[-166,-38.9],[-165.8,-39.3]]]]}},{"type":"Feature","properties":{},"geometry":{"type":"MultiPolygon","coordinates":[[[[-162.1,-39.4],[-162.4,-39.2],[-162.4,-39.3],[-162.1,-39.2],[-162.1,-39.4]]]]}},{"type":"Feature","properties":{},"geometry":{"type":"MultiPolygon","coordinates":[[[[-164.7,-39],[-164.9,-39],[-165.1,-38.9],[-164.9,-38.8],[-164.7,-39]]]]}},{"type":"Feature","properties":{},"geometry":{"type":"MultiPolygon","coordinates":[[[[-163.6,-39.2],[-163.9,-39.1],[-163.6,-39],[-163.6,-39.2]]]]}},{"type":"Feature","properties":{},"geometry":{"type":"MultiPolygon","coordinates":[[[[-162.6,-39.3],[-162.8,-39.4],[-162.8,-39.2],[-162.7,-39.2],[-162.6,-39.3]]]]}},{"type":"Feature","properties":{},"geometry":{"type":"MultiPolygon","coordinates":[[[[-166.5,-39],[-166.6,-38.8],[-166.6,-38.9],[-166.5,-39]]]]}},{"type":"Feature","properties":{},"geometry":{"type":"MultiPolygon","coordinates":[[[[-167.5,-39.5],[-167.7,-39.2],[-167.6,-39.2],[-167.5,-39.5]]]]}},{"type":"Feature","properties":{},"geometry":{"type":"MultiPolygon","coordinates":[[[[-161.5,-39.7],[-161.8,-39.8],[-161.6,-39.6],[-161.5,-39.7]]]]}},{"type":"Feature","properties":{},"geometry":{"type":"MultiPolygon","coordinates":[[[[-165.7,-38.9],[-165.9,-39],[-166.2,-38.7],[-165.7,-38.9]]]]}},{"type":"Feature","properties":{},"geometry":{"type":"MultiPolygon","coordinates":[[[[-162.9,-39.3],[-163.1,-39.2],[-163.1,-39.1],[-162.9,-39.3]]]]}},{"type":"Feature","properties":{},"geometry":{"type":"MultiPolygon","coordinates":[[[[-166.8,-39.5],[-166.9,-39.5],[-166.9,-39.3],[-166.8,-39.5]]]]}},{"type":"Feature","properties":{},"geometry":{"type":"MultiPolygon","coordinates":[[[[-165.1,-39.3],[-165.3,-39.3],[-165.2,-39.2],[-165.1,-39.1],[-165,-39.2],[-165.1,-39.3]]]]}},{"type":"Feature","properties":{},"geometry":{"type":"MultiPolygon","coordinates":[[[[-166.3,-39.5],[-166.5,-39.5],[-166.5,-39.4],[-166.3,-39.5]]]]}},{"type":"Feature","properties":{},"geometry":{"type":"MultiPolygon","coordinates":[[[[-167.2,-39.3],[-167.4,-39.2],[-167.1,-39.2],[-167.2,-39.3]]]]}},{"type":"Feature","properties":{},"geometry":{"type":"MultiPolygon","coordinates":[[[[-168.8,-39.4],[-169,-39.2],[-168.7,-39.2],[-168.8,-39.4]]]]}},{"type":"Feature","properties":{},"geometry":{"type":"MultiPolygon","coordinates":[[[[-161.2,-39.7],[-161.4,-39.6],[-161.3,-39.6],[-161.2,-39.7]]]]}},{"type":"Feature","properties":{},"geometry":{"type":"MultiPolygon","coordinates":[[[[98.9,-30.8],[99.5,-29.7],[100.4,-28.4],[100.4,-29.3],[100.3,-30.2],[99.8,-32.7],[98.9,-30.8]]]]}},{"type":"Feature","properties":{},"geometry":{"type":"MultiPolygon","coordinates":[[[[99,-28.9],[100.1,-27.6],[99.2,-30.5],[99,-29],[99,-28.9]]]]}},{"type":"Feature","properties":{},"geometry":{"type":"MultiPolygon","coordinates":[[[[100.1,-27.6],[101.4,-26.3],[103.7,-26.7],[101.8,-27.7],[100.4,-28.4],[99.5,-29.7],[100.1,-27.6]]]]}},{"type":"Feature","properties":{},"geometry":{"type":"MultiPolygon","coordinates":[[[[112.8,-17.1],[115,-14.6],[115.8,-13.3],[117.1,-11.4],[116.6,-12.7],[115.7,-14.4],[115.4,-14.5],[115.4,-15],[115,-16],[114.6,-17.4],[113.8,-19.2],[113.5,-19.3],[113.3,-18.7],[113,-17.4],[112.8,-17.1]]]]}},{"type":"Feature","properties":{},"geometry":{"type":"MultiPolygon","coordinates":[[[[114.6,-10.9],[117,-10],[117.1,-11.4],[115.8,-13.3],[115,-14.6],[112.8,-17.1],[113.2,-16.3],[113.6,-16],[113.5,-15.7],[113.6,-14.5],[113.8,-14],[114.1,-13.7],[114.1,-13.5],[114.3,-12.9],[114.4,-12.5],[113.9,-12.7],[114.2,-11.7],[114.6,-10.9]]]]}},{"type":"Feature","properties":{},"geometry":{"type":"MultiPolygon","coordinates":[[[[-36.7,25.4],[-37.1,25.5],[-37.2,25.7],[-37.2,25.9],[-36.9,25.5],[-36.7,25.4]]]]}},{"type":"Feature","properties":{},"geometry":{"type":"MultiPolygon","coordinates":[[[[-36.1,25.9],[-36.4,26],[-36.9,26],[-37,26],[-37.2,26],[-37.3,26.1],[-37.4,26.1],[-37.5,26],[-37.7,26.2],[-37.7,26.3],[-37.8,26.2],[-37.9,26.2],[-37.9,26.4],[-37.5,26.3],[-37.6,26.4],[-37.5,26.3],[-37.3,26.2],[-37.2,26.5],[-37.1,26.3],[-36.7,26.4],[-36.2,26],[-36.1,25.9]]]]}},{"type":"Feature","properties":{},"geometry":{"type":"MultiPolygon","coordinates":[[[[-34.1,25.2],[-34.4,25.4],[-34.9,25.4],[-34.9,25.5],[-34.9,25.6],[-34.9,25.7],[-34.8,25.8],[-34.7,25.6],[-34,25.4],[-34,25.3],[-34.1,25.2]]]]}},{"type":"Feature","properties":{},"geometry":{"type":"MultiPolygon","coordinates":[[[[-37.6,25.6],[-37.7,25.8],[-37.2,25.5],[-37.3,25.5],[-37.6,25.6]]]]}},{"type":"Feature","properties":{},"geometry":{"type":"MultiPolygon","coordinates":[[[[-35.5,25.5],[-36,25.6],[-35.8,25.7],[-35.9,25.9],[-35.4,25.8],[-35.2,25.8],[-35.5,25.5]]]]}},{"type":"Feature","properties":{},"geometry":{"type":"MultiPolygon","coordinates":[[[[-40.4,25.7],[-41.2,25.9],[-41,26],[-40.8,26],[-40.5,25.8],[-40.4,25.7]]]]}},{"type":"Feature","properties":{},"geometry":{"type":"MultiPolygon","coordinates":[[[[-35.2,25.9],[-35.5,25.8],[-35.7,26],[-35.9,26.1],[-35.9,26.2],[-35.8,26.4],[-35.7,26.4],[-35.6,26.1],[-35.4,26.1],[-35.2,26],[-35.2,25.9]]]]}},{"type":"Feature","properties":{},"geometry":{"type":"MultiPolygon","coordinates":[[[[-39.4,25.9],[-40.3,26],[-39.8,26],[-39.5,26],[-39.4,25.9]]]]}},{"type":"Feature","properties":{},"geometry":{"type":"MultiPolygon","coordinates":[[[[-36.4,25.5],[-36.7,25.6],[-36.8,25.7],[-36.5,25.7],[-36.4,25.6],[-36.4,25.5]]]]}},{"type":"Feature","properties":{},"geometry":{"type":"MultiPolygon","coordinates":[[[[-37.1,26.5],[-37.4,26.6],[-37.5,26.7],[-37.2,26.6],[-37.1,26.5]]]]}},{"type":"Feature","properties":{},"geometry":{"type":"MultiPolygon","coordinates":[[[[-39.2,25.9],[-39.3,26],[-39.3,26.2],[-39.2,25.9]]]]}},{"type":"Feature","properties":{},"geometry":{"type":"MultiPolygon","coordinates":[[[[-36.2,26],[-36.2,26.3],[-36.1,26.2],[-36.2,26]]]]}},{"type":"Feature","properties":{},"geometry":{"type":"MultiPolygon","coordinates":[[[[-41.2,25.6],[-41.4,25.8],[-41.1,25.7],[-41.2,25.6]]]]}},{"type":"Feature","properties":{},"geometry":{"type":"MultiPolygon","coordinates":[[[[100.5,-29.1],[101.2,-28.1],[103.9,-26.8],[103.8,-27.4],[101.5,-29.2],[100.5,-29.1]]]]}},{"type":"Feature","properties":{},"geometry":{"type":"MultiPolygon","coordinates":[[[[109.6,-15.5],[109,-17.6],[108.5,-17],[109.6,-15.5]]]]}},{"type":"Feature","properties":{},"geometry":{"type":"MultiPolygon","coordinates":[[[[-67,9.6],[-69.2,7.3],[-69.1,8.3],[-69.6,8.2],[-70.2,8],[-71.4,7.6],[-73,6.7],[-72.2,7.3],[-71.5,7.8],[-70.5,8.6],[-70.5,9.1],[-70,9.4],[-69.5,9],[-68.6,9.9],[-68,9.5],[-67.3,10.4],[-67,9.6]]]]}},{"type":"Feature","properties":{},"geometry":{"type":"MultiPolygon","coordinates":[[[[-58.8,11.9],[-58.3,13.6],[-57.9,13.8],[-58,13.1],[-58.6,12],[-58.8,11.9]]]]}},{"type":"Feature","properties":{},"geometry":{"type":"MultiPolygon","coordinates":[[[[69.9,-1.6],[71,-3.8],[72.6,-5.3],[73.4,-7.9],[73.4,-9.3],[74.1,-10.5],[74.4,-11.1],[71.8,-8.9],[71.5,-6.2],[70.5,-4],[69.9,-1.6]]]]}},{"type":"Feature","properties":{},"geometry":{"type":"MultiPolygon","coordinates":[[[[107.6,-21.7],[108,-21.5],[107.4,-22.5],[107.6,-21.7]]]]}},{"type":"Feature","properties":{},"geometry":{"type":"MultiPolygon","coordinates":[[[[107.3,-16.9],[108.6,-15.7],[109.2,-15.3],[109.7,-14.9],[110.5,-14.3],[111.6,-13.7],[111.6,-14],[111.1,-14.6],[110.7,-14.7],[110.5,-14.9],[110.1,-15.2],[110.4,-15.3],[110,-15.6],[109.9,-15.8],[109.7,-15.8],[109.5,-16.2],[109.1,-16.3],[109.3,-16.5],[109.1,-16.7],[109,-16.9],[109,-17],[108.8,-17.1],[108.7,-17.3],[108.5,-17.7],[108.5,-18.3],[108.6,-18.3],[108.3,-19],[108.1,-19.3],[107.9,-19.7],[107.7,-20.2],[107.3,-16.9]]]]}},{"type":"Feature","properties":{},"geometry":{"type":"MultiPolygon","coordinates":[[[[111.7,-13.6],[111.9,-13.4],[111.7,-13.8],[111.7,-13.6]]]]}},{"type":"Feature","properties":{},"geometry":{"type":"MultiPolygon","coordinates":[[[[77.1,-2.7],[80.1,-3.9],[80,-4],[79.8,-4.3],[79.7,-4.6],[79.3,-4.6],[76.7,-3.8],[76.1,-2.6],[77.1,-2.7]]]]}},{"type":"Feature","properties":{},"geometry":{"type":"MultiPolygon","coordinates":[[[[-57.3,10],[-57.8,10.8],[-57.3,11],[-56.3,12.8],[-54.8,14.4],[-54.4,14.9],[-54.3,14.3],[-55.1,13.5],[-56.6,11.4],[-57.2,10],[-57.3,10]]]]}},{"type":"Feature","properties":{},"geometry":{"type":"MultiPolygon","coordinates":[[[[14.2,-46],[13.7,-45.1],[15.8,-45.4],[16.1,-46.2],[14.9,-45.6],[14.2,-45.9],[14.2,-46]]]]}},{"type":"Feature","properties":{},"geometry":{"type":"MultiPolygon","coordinates":[[[[-72.6,-0.9],[-73.2,-2],[-74,-3.7],[-73.9,-3.9],[-74.9,-5.4],[-75.2,-5.2],[-76.3,-5.1],[-75.7,-4.4],[-75.4,-4.1],[-75.7,-3.8],[-74.4,-2.9],[-73,-0.9],[-72.6,-0.9]]]]}},{"type":"Feature","properties":{},"geometry":{"type":"MultiPolygon","coordinates":[[[[13.2,33.5],[10.8,36.1],[11.1,36.3],[12,36.4],[12.3,36.1],[13.9,36.2],[15,36.9],[16.1,37.7],[17.2,38.4],[17.4,38.7],[17.9,39.1],[17.6,38],[15.7,35.1],[13.2,33.5]]]]}},{"type":"Feature","properties":{},"geometry":{"type":"MultiPolygon","coordinates":[[[[18.4,19.8],[20.3,24.3],[19.3,27],[21.1,26.6],[21.6,25.5],[21.3,24],[19.5,20.9],[18.4,19.8]]]]}},{"type":"Feature","properties":{},"geometry":{"type":"MultiPolygon","coordinates":[[[[-36.3,8.8],[-36,8.7],[-35.9,8.3],[-35.7,8.2],[-35.8,8],[-35.9,8.1],[-36.1,8.1],[-36.2,8.5],[-36.4,8.6],[-36.3,8.8]]]]}},{"type":"Feature","properties":{},"geometry":{"type":"MultiPolygon","coordinates":[[[[-35.8,10.5],[-35.7,10.2],[-36.2,10.5],[-35.8,10.5]]]]}},{"type":"Feature","properties":{},"geometry":{"type":"MultiPolygon","coordinates":[[[[-36,10.9],[-36.2,10.6],[-36.5,11],[-36,10.9]]]]}},{"type":"Feature","properties":{},"geometry":{"type":"MultiPolygon","coordinates":[[[[-36.4,8.4],[-36.2,8.2],[-36.2,7.9],[-36.5,8.2],[-36.4,8.4]]]]}},{"type":"Feature","properties":{},"geometry":{"type":"MultiPolygon","coordinates":[[[[-35.6,9.9],[-35.5,9.7],[-35.6,10.1],[-35.6,9.9]]]]}},{"type":"Feature","properties":{},"geometry":{"type":"MultiPolygon","coordinates":[[[[-36.5,9.4],[-36,9.7],[-36.4,9.3],[-36.5,9.4]]]]}},{"type":"Feature","properties":{},"geometry":{"type":"MultiPolygon","coordinates":[[[[-36.8,9.7],[-36.5,9.7],[-36.6,9.7],[-36.8,9.7]]]]}},{"type":"Feature","properties":{},"geometry":{"type":"MultiPolygon","coordinates":[[[[-50.1,5.6],[-50.2,6],[-49.8,6.4],[-49.6,6.3],[-49.9,5.8],[-50.1,5.6]]]]}},{"type":"Feature","properties":{},"geometry":{"type":"MultiPolygon","coordinates":[[[[-50.7,6],[-51.4,6.6],[-51.2,6.8],[-51.7,7.5],[-51.4,7.3],[-51.2,7.5],[-50.7,7.2],[-50.4,7.3],[-50.5,6.7],[-50.6,6.4],[-50.7,6]]]]}},{"type":"Feature","properties":{},"geometry":{"type":"MultiPolygon","coordinates":[[[[-44.3,6.1],[-44.6,5.1],[-44.7,4.9],[-44.9,4.5],[-45,4.5],[-45.2,4.4],[-45.3,4.4],[-45.5,4.5],[-45.7,4.4],[-46,4.7],[-45.9,5],[-45.8,5.4],[-45.4,5.3],[-45.1,5.3],[-45.3,5.6],[-45.4,5.6],[-45.5,5.8],[-45.6,6],[-45.6,6.1],[-45.3,6.4],[-45.1,6.3],[-45.2,6.5],[-45,6.5],[-44.7,6.5],[-44.5,7],[-44.2,6.8],[-44.1,7],[-44.3,6.2],[-44.3,6.1]]]]}},{"type":"Feature","properties":{},"geometry":{"type":"MultiPolygon","coordinates":[[[[-49.6,8.2],[-50.2,7.9],[-50.8,7.8],[-50.6,8.3],[-51,8.2],[-51.2,8.3],[-51.5,8.3],[-51.4,8.5],[-51.6,8.6],[-51.5,8.9],[-51.3,9],[-50.7,8.7],[-49.9,8.3],[-49.8,8.3],[-49.6,8.2]]]]}},{"type":"Feature","properties":{},"geometry":{"type":"MultiPolygon","coordinates":[[[[-46.7,6.8],[-46.7,6.3],[-46.8,6],[-47.1,5.4],[-47.5,5.5],[-47.4,6.2],[-47.5,6.7],[-47.2,6.5],[-47.3,6.7],[-47.1,6.9],[-46.7,6.8]]]]}},{"type":"Feature","properties":{},"geometry":{"type":"MultiPolygon","coordinates":[[[[-46.6,4.8],[-47,4.9],[-46.8,5.1],[-46.6,5.6],[-46.3,5.4],[-46.5,5],[-46.6,4.8]]]]}},{"type":"Feature","properties":{},"geometry":{"type":"MultiPolygon","coordinates":[[[[-49,7],[-49.3,7.6],[-48.6,7.2],[-48.8,7.1],[-49,7]]]]}},{"type":"Feature","properties":{},"geometry":{"type":"MultiPolygon","coordinates":[[[[-48.1,7.3],[-48.5,7.6],[-48.5,8],[-48.1,7.3]]]]}},{"type":"Feature","properties":{},"geometry":{"type":"MultiPolygon","coordinates":[[[[-46.8,4.7],[-46.6,4.5],[-47.1,4.5],[-46.8,4.7]]]]}},{"type":"Feature","properties":{},"geometry":{"type":"MultiPolygon","coordinates":[[[[-36.2,1.9],[-36.9,2.3],[-37.2,2.5],[-37.4,2.6],[-38.2,3.3],[-38,3.4],[-37.7,3.4],[-37.2,3.2],[-36.6,3.2],[-36.6,2.8],[-36.1,1.9],[-36.2,1.9]]]]}},{"type":"Feature","properties":{},"geometry":{"type":"MultiPolygon","coordinates":[[[[-38.2,4.1],[-37.8,4.2],[-37.8,4.4],[-37.7,4.5],[-37.6,4.5],[-37.5,4.6],[-37.3,4.7],[-36.9,4.7],[-36.8,4.1],[-37,3.8],[-37.3,3.7],[-37.7,3.5],[-37.9,3.7],[-37.9,3.8],[-38.2,4.1]]]]}},{"type":"Feature","properties":{},"geometry":{"type":"MultiPolygon","coordinates":[[[[-35.4,3],[-35.5,2.6],[-36.2,2.7],[-35.4,3]]]]}},{"type":"Feature","properties":{},"geometry":{"type":"MultiPolygon","coordinates":[[[[-36.6,3.1],[-36.2,3],[-36.5,2.9],[-36.6,3.1]]]]}},{"type":"Feature","properties":{},"geometry":{"type":"MultiPolygon","coordinates":[[[[99.2,-27.1],[102,-23.9],[103.6,-22.6],[105.7,-20.1],[106.5,-17.5],[107.3,-17],[107.6,-19.3],[107.6,-20.6],[107.2,-20.9],[107.3,-21.2],[107.3,-21.7],[107.3,-22],[106.8,-23.3],[104.7,-26.4],[102.9,-26.2],[101,-26.4],[99.9,-27.9],[98.9,-28.3],[99,-27.7],[99.2,-27.1]]]]}},{"type":"Feature","properties":{},"geometry":{"type":"MultiPolygon","coordinates":[[[[77.3,-10.8],[79.4,-11.1],[83.5,-12],[83.7,-12.2],[83.6,-12.3],[83.7,-12.5],[83.7,-12.8],[83.6,-13],[82.7,-14.3],[82.3,-13.1],[81.8,-13.1],[81.2,-12.9],[80.7,-13.2],[80.6,-12.8],[80.3,-12.6],[80.1,-13.1],[79.8,-12.6],[79.6,-12.4],[79,-12.1],[78.7,-12.2],[78.6,-12.1],[78.4,-12.1],[78.1,-12],[76.2,-10.7],[77.3,-10.8]]]]}},{"type":"Feature","properties":{},"geometry":{"type":"MultiPolygon","coordinates":[[[[88.3,-16.9],[88.1,-17],[87.8,-16.9],[88.3,-16.9]]]]}},{"type":"Feature","properties":{},"geometry":{"type":"MultiPolygon","coordinates":[[[[81.2,-13.1],[81.3,-13.4],[81.1,-13.1],[81.2,-13.1]]]]}},{"type":"Feature","properties":{},"geometry":{"type":"MultiPolygon","coordinates":[[[[-88.6,-42.8],[-89.4,-42.8],[-89.8,-42.7],[-90.4,-43.1],[-91.4,-43.2],[-92,-42.3],[-92.8,-41],[-90.7,-39.4],[-88.4,-38.6],[-85.8,-37.9],[-83.7,-37.1],[-82.3,-37],[-81.8,-36.8],[-81.1,-36.7],[-80.2,-37.3],[-83.4,-39.4],[-88.6,-42.8]]]]}},{"type":"Feature","properties":{},"geometry":{"type":"MultiPolygon","coordinates":[[[[109.6,-13.9],[110.2,-13.5],[112.2,-12.2],[113.5,-11.6],[113.3,-12.4],[112.9,-12.8],[112.6,-13.6],[112.4,-13.6],[112.3,-13.9],[112,-14.1],[111.8,-14.1],[111.5,-14.5],[110.8,-14.9],[110.4,-15.5],[110.1,-16],[110,-16.1],[109.9,-16.2],[109.8,-16.5],[109.7,-16.6],[109.5,-16.9],[109.3,-17.4],[109.4,-17.6],[107.9,-17.5],[108.2,-17.1],[108.6,-16.2],[109.4,-15.4],[109.6,-15.2],[109.5,-14.4],[109.6,-13.9]]]]}},{"type":"Feature","properties":{},"geometry":{"type":"MultiPolygon","coordinates":[[[[-78.1,-39.1],[-78.5,-39.6],[-78.7,-40],[-78.9,-40.5],[-79.2,-40.8],[-79.4,-41],[-79.9,-41.4],[-80.6,-41.8],[-81,-42.2],[-81.4,-42.6],[-83.9,-42.3],[-88.1,-41.9],[-90.4,-41.5],[-92,-41.2],[-91.9,-41],[-92.4,-41],[-92.5,-40.9],[-92.4,-40],[-91.6,-39.9],[-90.6,-39.9],[-90,-39.8],[-89,-40.1],[-87.9,-40],[-87.4,-40.5],[-87.2,-40.5],[-86.8,-40.5],[-86.4,-40.6],[-85.9,-40.4],[-85.5,-40.3],[-85.2,-40.7],[-85,-40.8],[-84.6,-40.9],[-84.4,-40.9],[-84.3,-40.8],[-84,-40.9],[-83.6,-40.9],[-83.4,-41],[-83.2,-41],[-83.2,-40.9],[-82.9,-41],[-82.9,-40.7],[-83,-40.5],[-82.8,-40.4],[-82.3,-40.4],[-81.4,-39.9],[-80.9,-39.9],[-80.4,-39.4],[-80,-39.4],[-80,-38.9],[-79.3,-38.7],[-78.1,-38.8],[-78,-39],[-78.1,-39.1]]]]}},{"type":"Feature","properties":{},"geometry":{"type":"MultiPolygon","coordinates":[[[[-92.5,-41.2],[-92.8,-41.1],[-92.5,-41.1],[-92.5,-41.2]]]]}},{"type":"Feature","properties":{},"geometry":{"type":"MultiPolygon","coordinates":[[[[180,-50.8],[179.3,-50.7],[179.3,-50.5],[179.5,-50.2],[179.1,-50.4],[178.8,-50.6],[178.4,-50.3],[177.9,-50.3],[177.8,-50.3],[177.7,-50],[177.3,-49.9],[176.9,-49.6],[176.5,-49.5],[175.9,-49.6],[175,-48.5],[174.6,-48],[174.4,-48.1],[175.4,-44.2],[177.8,-44.6],[178.6,-45.1],[178.9,-45.4],[178.3,-46],[178.6,-46.4],[178.7,-46.8],[178.9,-47],[179.3,-47.5],[180,-48.5],[179.9,-50.7],[180,-50.8]]]]}},{"type":"Feature","properties":{},"geometry":{"type":"MultiPolygon","coordinates":[[[[-180,-50.6],[-178.7,-48.8],[-175.7,-48.1],[-174.5,-48.1],[-174.2,-48.6],[-174,-48.4],[-173.1,-48.5],[-172.8,-48.5],[-172.2,-48.5],[-171.9,-48.5],[-171.7,-48.4],[-171.1,-48.1],[-170.9,-48.2],[-171.3,-48.4],[-170.5,-48.7],[-169.9,-48.6],[-169.7,-48.9],[-169.3,-49.1],[-168.8,-49.1],[-168.7,-49.4],[-168,-49.2],[-167.9,-49.4],[-167.6,-49.5],[-167.4,-49.9],[-167,-49.8],[-167.2,-49.9],[-167,-50.2],[-166.6,-50.2],[-166.4,-50.4],[-166.1,-50.5],[-165.5,-50.9],[-165.3,-51.2],[-164.9,-51.6],[-164.8,-52],[-165.2,-52.2],[-165,-51.9],[-165.3,-51.7],[-166.2,-51.2],[-166.7,-51.4],[-166.4,-51.1],[-166.6,-51],[-167,-50.7],[-167.5,-50.2],[-168.4,-50.1],[-168.9,-50],[-169.4,-50.3],[-169.2,-50.5],[-169.2,-50.6],[-169.7,-50.5],[-169.5,-50.3],[-169.5,-49.9],[-170.2,-50],[-169.7,-49.5],[-169.9,-49.5],[-170.3,-49.4],[-170.6,-49.3],[-170.6,-49.1],[-171.1,-49.2],[-171.5,-49],[-171.8,-48.9],[-172.6,-48.9],[-172.5,-49.2],[-173.2,-49.1],[-173.6,-49.5],[-173.5,-49.6],[-173,-49.8],[-173.2,-49.7],[-173.8,-49.8],[-174.1,-49.9],[-175.2,-50.1],[-176,-50.2],[-176.2,-50.5],[-176.5,-50.3],[-177,-50.6],[-177.5,-50.5],[-178,-50.3],[-178.1,-50.6],[-178.8,-50.2],[-178.6,-50.7],[-179.1,-50.7],[-179.2,-50.4],[-179.7,-50.6],[-180,-50.6]]]]}},{"type":"Feature","properties":{},"geometry":{"type":"MultiPolygon","coordinates":[[[[-174.7,-47.5],[-176.8,-48.2],[-178.4,-48.3],[-179.2,-48.1],[-179.7,-47.6],[-179.5,-46.9],[-179.3,-47.6],[-179,-47.2],[-178.4,-47.4],[-178.7,-46.9],[-179.1,-46.6],[-178.6,-46.2],[-178.1,-46.4],[-177.9,-46.6],[-177.8,-47.1],[-177.2,-47.3],[-176.9,-47.8],[-176.2,-47.6],[-175.9,-47.6],[-175.4,-46.9],[-174.2,-46.9],[-174.7,-47.5]]]]}},{"type":"Feature","properties":{},"geometry":{"type":"MultiPolygon","coordinates":[[[[-176.8,-46.4],[-177.6,-45.6],[-177.2,-46.2],[-176.8,-46.4]]]]}},{"type":"Feature","properties":{},"geometry":{"type":"MultiPolygon","coordinates":[[[[179.3,-46.6],[179,-46.3],[179.5,-46.3],[179.7,-46.7],[179.3,-46.6]]]]}},{"type":"Feature","properties":{},"geometry":{"type":"MultiPolygon","coordinates":[[[[-176,-46],[-176,-45.7],[-176,-46.1],[-176,-46]]]]}},{"type":"Feature","properties":{},"geometry":{"type":"MultiPolygon","coordinates":[[[[173.8,-43.8],[172,-46.5],[171.8,-47.1],[171.1,-46.8],[171.3,-45.8],[171.2,-45.6],[170.8,-45.8],[170.4,-46.4],[169.8,-45.9],[170.3,-45.3],[170.2,-45.2],[169.9,-45.2],[169.2,-45.6],[168.7,-46],[169.1,-46.1],[168.7,-46.9],[168,-46.6],[167.9,-46.7],[165.6,-45.8],[164.6,-45.9],[163.6,-45.5],[162.9,-46.6],[161.7,-46.7],[160.8,-45.4],[160.7,-43],[154.9,-42.8],[154.8,-42.5],[154.1,-42.1],[154,-41.7],[153.8,-41.5],[153.5,-41.3],[153.3,-40.9],[153.9,-40.8],[154.4,-41.2],[155.2,-41.1],[155.5,-40.8],[156.2,-39.6],[155.7,-39],[157.1,-39.1],[157.4,-38.7],[157.6,-38.7],[157.2,-38.4],[157.2,-38.2],[157.9,-38.2],[157.9,-38.1],[157.9,-37.9],[157.3,-37.2],[157.1,-37.1],[156.3,-36.5],[156.8,-36.3],[156.8,-36.1],[156.4,-35.9],[156.1,-35.3],[156.6,-35.1],[157.1,-35],[157.6,-35.5],[158.3,-35.7],[158.5,-35.5],[158.9,-35.6],[159.3,-35.8],[159.3,-35.4],[159.5,-35.1],[158.6,-34.6],[159.1,-34.3],[159.8,-34.8],[160.5,-34.3],[161.1,-34.2],[161.3,-34.3],[161.8,-34.3],[163.2,-35.4],[166,-36.7],[168,-37.8],[169.7,-38.8],[173.8,-43.8]]]]}},{"type":"Feature","properties":{},"geometry":{"type":"MultiPolygon","coordinates":[[[[126.3,3.5],[125.1,3.2],[123.8,3],[123.1,2.9],[122.4,2.8],[121.7,2.8],[121.5,3.3],[121.3,3.7],[122,3.8],[122.4,3.6],[123.3,3.8],[123.9,4.5],[124.2,4.5],[124.7,4.2],[125.8,4],[126.3,3.5]]]]}},{"type":"Feature","properties":{},"geometry":{"type":"MultiPolygon","coordinates":[[[[118.2,-0.6],[118.1,-1.2],[117.9,-1.4],[118.1,-1.2],[117.5,-1.4],[117.3,-1.4],[116.9,-1.2],[116.8,-1.4],[116.7,-0.9],[116.7,-0.7],[116.5,-1.1],[116.6,-1.5],[116.5,-1.9],[116.1,-1.5],[115.8,-1.4],[115.3,-1.1],[115,-1.1],[115.4,-0.9],[115.8,-0.5],[116.2,-0.5],[116.2,-0.3],[116.5,-0.4],[116.6,-0.4],[116.6,-0.1],[116.6,0.2],[117.3,-0.4],[117.2,0.1],[117.7,-0.3],[117.9,-0.6],[118.2,-0.6]]]]}},{"type":"Feature","properties":{},"geometry":{"type":"MultiPolygon","coordinates":[[[[116.4,0.6],[117.1,-0.1],[116.7,-0.5],[116.1,-1.1],[115.4,-1.4],[115.2,-1.1],[114.9,-1.1],[114.8,-1.2],[114.6,-1.2],[114.5,-1.4],[114.2,-1.5],[114.1,-1],[115.2,0.2],[116.4,0.6]]]]}},{"type":"Feature","properties":{},"geometry":{"type":"MultiPolygon","coordinates":[[[[117.4,-0.5],[117.7,-0.3],[117.6,-0.6],[117,-1],[117.4,-0.5]]]]}},{"type":"Feature","properties":{},"geometry":{"type":"MultiPolygon","coordinates":[[[[115.7,-1.1],[116.1,-1.2],[116,-1.5],[115.8,-1.5],[115.5,-1.3],[115.7,-1.1]]]]}},{"type":"Feature","properties":{},"geometry":{"type":"MultiPolygon","coordinates":[[[[117.8,-0.3],[118.6,0.3],[117.9,-0.3],[117.8,-0.3]]]]}},{"type":"Feature","properties":{},"geometry":{"type":"MultiPolygon","coordinates":[[[[114.9,-9.4],[114.4,-10.5],[113.8,-11.7],[113.3,-12.8],[113,-12.8],[112.7,-12.5],[113.4,-11.2],[114.2,-9.9],[114.9,-9.4]]]]}},{"type":"Feature","properties":{},"geometry":{"type":"MultiPolygon","coordinates":[[[[118,-6.3],[117.9,-6.8],[117.7,-6.6],[117.7,-6],[117.9,-5.9],[118,-6.3]]]]}},{"type":"Feature","properties":{},"geometry":{"type":"MultiPolygon","coordinates":[[[[113,-13.7],[112.7,-13.9],[113,-13.4],[113,-13.7]]]]}},{"type":"Feature","properties":{},"geometry":{"type":"MultiPolygon","coordinates":[[[[-57.4,-50.3],[-59.7,-51.2],[-59.8,-51.3],[-60.1,-50.9],[-60.3,-50.8],[-59.9,-50.6],[-59.9,-50.3],[-59.9,-50.1],[-60,-49.9],[-60,-49.8],[-59.7,-49.3],[-59.2,-49],[-59.4,-49],[-59.1,-48.3],[-58.6,-48.2],[-58.5,-48.1],[-58.5,-48],[-58.8,-47.8],[-58,-48.3],[-58.1,-49.2],[-57.7,-50.1],[-57.4,-50.3]]]]}},{"type":"Feature","properties":{},"geometry":{"type":"MultiPolygon","coordinates":[[[[-55.3,-52.7],[-55.8,-52.7],[-55.3,-52.5],[-55,-52.4],[-55,-52.2],[-54.9,-52.6],[-55.3,-52.7]]]]}},{"type":"Feature","properties":{},"geometry":{"type":"MultiPolygon","coordinates":[[[[-39.9,6.3],[-41.3,6.2],[-43.3,6.1],[-43.1,6.2],[-43.6,6.5],[-43.4,6.7],[-43.5,6.9],[-43.8,7],[-43.3,7],[-43,7.1],[-42.9,6.7],[-42.7,6.8],[-42.8,7.1],[-42.7,7.1],[-42.3,6.9],[-41.6,7.2],[-41.5,7],[-41,7.2],[-40.5,6.8],[-40.2,6.4],[-39.9,6.4],[-39.9,6.3]]]]}},{"type":"Feature","properties":{},"geometry":{"type":"MultiPolygon","coordinates":[[[[-44.3,5.6],[-44.4,5.8],[-44.1,5.9],[-44.3,5.6]]]]}},{"type":"Feature","properties":{},"geometry":{"type":"MultiPolygon","coordinates":[[[[-41.2,2.2],[-42,2.3],[-42.6,2.2],[-44.1,1.8],[-44.7,1.5],[-44.8,1.6],[-44.8,1.8],[-44.5,1.9],[-44.4,2],[-44.7,2],[-44,2.4],[-43.7,2],[-43.4,2.2],[-43.9,2.6],[-43.8,2.6],[-43.6,2.8],[-43.1,2.9],[-42.8,2.6],[-43,3.1],[-42.5,3],[-39.9,3.1],[-41.1,2.6],[-41.4,2.3],[-41.2,2.2]]]]}},{"type":"Feature","properties":{},"geometry":{"type":"MultiPolygon","coordinates":[[[[-45,1.3],[-45.2,1.3],[-45.3,1.3],[-45.6,1.4],[-45.4,1.3],[-45.3,1.5],[-45.1,2],[-45,1.4],[-45,1.3]]]]}},{"type":"Feature","properties":{},"geometry":{"type":"MultiPolygon","coordinates":[[[[-40,4.2],[-43.1,4.2],[-42.7,4.2],[-42.2,4.3],[-41.7,4.8],[-42.2,4.6],[-43,4.5],[-43,4.7],[-43.5,4.7],[-42.9,5],[-41,5.3],[-39.7,5.3],[-39.4,4.9],[-39.9,4.5],[-40.1,4.4],[-40.5,4.4],[-40.9,4.1],[-40,4.2]]]]}},{"type":"Feature","properties":{},"geometry":{"type":"MultiPolygon","coordinates":[[[[-43.3,4.1],[-44,3.4],[-43.7,4.1],[-43.3,4.1]]]]}},{"type":"Feature","properties":{},"geometry":{"type":"MultiPolygon","coordinates":[[[[-44.2,3.2],[-44.9,2.7],[-45,2.8],[-44.9,3.2],[-44.6,3.3],[-44.2,3.2]]]]}},{"type":"Feature","properties":{},"geometry":{"type":"MultiPolygon","coordinates":[[[[-44.8,3.4],[-44.5,3.8],[-44.4,4],[-44.2,4.7],[-44,4.6],[-43.9,4.5],[-44.2,4.1],[-44,4],[-44.4,3.6],[-44.8,3.4]]]]}},{"type":"Feature","properties":{},"geometry":{"type":"MultiPolygon","coordinates":[[[[-57.9,7.1],[-58.5,7.1],[-58.9,8.3],[-58.1,10.3],[-57.6,9.5],[-57.3,10],[-56.7,11.1],[-55.5,13.2],[-54.2,14.2],[-54.3,14.9],[-54,15.3],[-53.6,15.5],[-53.1,15.7],[-51.7,15],[-51.9,14.2],[-54.6,11.7],[-57.1,7.8],[-57.9,7.1]]]]}},{"type":"Feature","properties":{},"geometry":{"type":"MultiPolygon","coordinates":[[[[170.2,-38],[169.3,-38.2],[169.4,-38.5],[167.2,-37.4],[164.3,-35.9],[162,-34.7],[162,-34.2],[162.7,-34.4],[163,-34.1],[163.7,-34.3],[164.1,-34.6],[164.7,-34.9],[166.1,-35.5],[166.7,-35.9],[167.8,-36.4],[168.5,-36.3],[168.9,-36.8],[169.4,-36.7],[169.6,-36.9],[169.5,-37.1],[169.3,-37.4],[168.8,-37.6],[169.8,-37.6],[170.2,-37.4],[170.2,-38]]]]}},{"type":"Feature","properties":{},"geometry":{"type":"MultiPolygon","coordinates":[[[[167,-34.6],[166.7,-34.7],[167.2,-35],[166.6,-35.1],[166.3,-34.4],[166.5,-34.1],[167,-34.6]]]]}},{"type":"Feature","properties":{},"geometry":{"type":"MultiPolygon","coordinates":[[[[167.8,-35.1],[168.1,-35.6],[167.6,-35.9],[167.3,-35.5],[167.4,-35.1],[167.8,-35.1]]]]}},{"type":"Feature","properties":{},"geometry":{"type":"MultiPolygon","coordinates":[[[[176.3,-43.7],[171.7,-41],[169.5,-38.4],[170.2,-39.1],[171.5,-40],[171.2,-40.3],[171.8,-40.8],[171.9,-40.7],[172.1,-40.2],[172.2,-39.9],[172.6,-39.4],[173,-39.2],[173.5,-39.6],[173.6,-39.5],[173.1,-38.5],[173.6,-38.6],[173.9,-38.9],[174.3,-39.8],[174.8,-40.4],[175.4,-41],[175.9,-41.6],[176.7,-41.7],[176,-42.1],[176.6,-42.8],[176.4,-43.5],[176.3,-43.7]]]]}},{"type":"Feature","properties":{},"geometry":{"type":"MultiPolygon","coordinates":[[[[175.5,-39],[175.3,-39.2],[175.7,-39.2],[176.1,-39.4],[175.8,-39.5],[175.9,-39.8],[175.5,-39.8],[175.3,-39.7],[174.8,-39.2],[174.5,-38.2],[175,-38.4],[175.1,-38.5],[175.3,-38.7],[175.5,-39]]]]}},{"type":"Feature","properties":{},"geometry":{"type":"MultiPolygon","coordinates":[[[[137,-0.7],[137.4,-0.8],[137,-0.8],[137,-0.7]]]]}},{"type":"Feature","properties":{},"geometry":{"type":"MultiPolygon","coordinates":[[[[134.3,-0.7],[134.1,-0.9],[133.7,-0.7],[132.9,-0.9],[133.5,-0.7],[134.3,-0.7]]]]}},{"type":"Feature","properties":{},"geometry":{"type":"MultiPolygon","coordinates":[[[[128.1,2.8],[125.6,2.7],[123.5,1.9],[120.4,1.1],[119,0.3],[119.1,1],[120.6,2.3],[122,2.7],[123.6,3],[125.6,3.2],[127.4,3.2],[128.1,2.8]]]]}},{"type":"Feature","properties":{},"geometry":{"type":"MultiPolygon","coordinates":[[[[174.4,-48.1],[174.3,-47.2],[174.5,-46.5],[174.5,-46.3],[173.3,-46.8],[174,-46.2],[174.4,-48.1]]]]}},{"type":"Feature","properties":{},"geometry":{"type":"MultiPolygon","coordinates":[[[[172.4,-46.5],[172.7,-45.7],[172.5,-46],[172.4,-46.5]]]]}},{"type":"Feature","properties":{},"geometry":{"type":"MultiPolygon","coordinates":[[[[170.3,-45.9],[171.1,-45.4],[170.6,-45.8],[170.3,-45.9]]]]}},{"type":"Feature","properties":{},"geometry":{"type":"MultiPolygon","coordinates":[[[[170.2,-46.9],[169.9,-46.2],[170.4,-46],[170.2,-46.9]]]]}},{"type":"Feature","properties":{},"geometry":{"type":"MultiPolygon","coordinates":[[[[166.4,-48.3],[167.7,-47.5],[167.1,-47.1],[168.1,-47.1],[168.4,-47.6],[167.9,-48],[167.1,-48.5],[166.7,-48.7],[166.7,-48.6],[166.7,-48.4],[166.4,-48.5],[166.4,-48.3]]]]}},{"type":"Feature","properties":{},"geometry":{"type":"MultiPolygon","coordinates":[[[[164.9,-48.6],[165.9,-48.4],[165.8,-48.7],[165.4,-48.7],[164.9,-48.6]]]]}},{"type":"Feature","properties":{},"geometry":{"type":"MultiPolygon","coordinates":[[[[164.1,-48.6],[164.4,-48.5],[164.6,-48.7],[164.1,-48.6]]]]}},{"type":"Feature","properties":{},"geometry":{"type":"MultiPolygon","coordinates":[[[[168.5,-49.6],[167.6,-49.3],[168.1,-48.8],[169,-48.6],[168.5,-49.2],[169.3,-49.4],[168.9,-49.6],[168.5,-49.6]]]]}},{"type":"Feature","properties":{},"geometry":{"type":"MultiPolygon","coordinates":[[[[170,-48],[170.9,-47.8],[170.2,-48],[170,-48]]]]}},{"type":"Feature","properties":{},"geometry":{"type":"MultiPolygon","coordinates":[[[[169.4,-48.7],[169.7,-48.5],[169.8,-48.6],[169.4,-48.7]]]]}},{"type":"Feature","properties":{},"geometry":{"type":"MultiPolygon","coordinates":[[[[-76.1,-0.7],[-77.6,-2.3],[-78.1,-3.4],[-78.9,-4.1],[-78.8,-5.3],[-78.6,-6],[-79.7,-6.5],[-80.8,-7.3],[-81.3,-8.5],[-81.7,-8.7],[-83.2,-6.7],[-84.2,-3.9],[-84.4,-2],[-83.5,-1.8],[-82.5,-1.7],[-81.5,-1.4],[-81.3,-1.3],[-80.8,-1.2],[-80.7,-1.2],[-80.6,-1.1],[-80.3,-1],[-80,-1],[-79.3,-0.1],[-78.9,-0.6],[-78.8,-1.1],[-78.7,-1.2],[-79,-1.3],[-79.3,-1.3],[-78.9,-1.4],[-79.2,-1.5],[-79.2,-1.6],[-79.4,-1.6],[-79.6,-1.4],[-79.8,-1.4],[-79.8,-1.5],[-79.7,-1.7],[-79.2,-1.7],[-79.2,-1.8],[-79.1,-1.6],[-78.5,-1.5],[-78.6,-1.4],[-78.3,-1.3],[-78.1,-1.1],[-78,-0.7],[-77.8,-0.6],[-77.7,-0.7],[-77.7,-0.3],[-77.5,-0.1],[-77.3,0],[-77,0.2],[-77.4,0.1],[-76.8,0.5],[-76.6,0.6],[-75.9,0.5],[-76.1,-0.7]]]]}},{"type":"Feature","properties":{},"geometry":{"type":"MultiPolygon","coordinates":[[[[-78.6,-1.3],[-78.7,-1.5],[-78.6,-1.2],[-78.6,-1.3]]]]}},{"type":"Feature","properties":{},"geometry":{"type":"MultiPolygon","coordinates":[[[[80.9,-36.1],[82.6,-36.1],[84.2,-36.4],[85.6,-36.2],[87.6,-35.6],[88.5,-35.8],[89.3,-35.9],[89.7,-36.2],[90.1,-36.2],[90.5,-36.4],[91,-36.1],[91.5,-36],[92.1,-35.9],[93.7,-35.2],[94.6,-35.1],[95.7,-35.2],[96.2,-35.6],[95.2,-35.9],[93.8,-36.3],[92.9,-36.5],[92.2,-36.9],[91.6,-37.1],[90.3,-37.7],[89.2,-37.9],[88,-38.1],[86.8,-38.2],[85,-38.2],[82.5,-37.8],[80.2,-37.2],[78.9,-37.1],[80.1,-36.3],[80.9,-36.1]]]]}},{"type":"Feature","properties":{},"geometry":{"type":"MultiPolygon","coordinates":[[[[103.4,-34.2],[102.5,-34.3],[101.2,-34.1],[99.8,-34.2],[98.9,-34.3],[98.1,-34.7],[99,-34.1],[100,-33.9],[101.2,-33.7],[102,-33.7],[102.7,-33.9],[103.4,-34.2]]]]}},{"type":"Feature","properties":{},"geometry":{"type":"MultiPolygon","coordinates":[[[[105.8,-22.8],[106,-23.5],[105.7,-24.4],[105.4,-24.5],[105.3,-23.5],[105.8,-22.8]]]]}},{"type":"Feature","properties":{},"geometry":{"type":"MultiPolygon","coordinates":[[[[-39.8,12.8],[-39.9,13.2],[-40,13.7],[-39.8,13.9],[-39.3,14],[-39.1,14.1],[-38.5,13.5],[-38.6,13.1],[-38.7,13],[-38.7,12.8],[-39,12.6],[-39.2,12.7],[-39.5,13.2],[-39.8,12.8]]]]}},{"type":"Feature","properties":{},"geometry":{"type":"MultiPolygon","coordinates":[[[[-51,15.9],[-52.5,15.6],[-52.7,15.5],[-53.8,17.9],[-52.3,17.7],[-51.5,19],[-49.7,19.6],[-47.3,18.9],[-46.8,18.3],[-47.5,17.8],[-48.6,17.6],[-49.6,17.6],[-50.1,17.6],[-50.2,17.3],[-49.7,17],[-50.3,16.2],[-50.5,16.2],[-50.9,16],[-51,15.9]]]]}},{"type":"Feature","properties":{},"geometry":{"type":"MultiPolygon","coordinates":[[[[101.3,-4.1],[101.6,-4.5],[101.6,-4.7],[101.6,-5.1],[101.6,-5.4],[101.5,-5.5],[101.1,-5.9],[100.1,-5.5],[101.3,-4.2],[101.3,-4.1]]]]}},{"type":"Feature","properties":{},"geometry":{"type":"MultiPolygon","coordinates":[[[[4,32.3],[4.6,32.7],[5,32.8],[5.8,33.1],[6.3,34.3],[6.9,35],[7,35.4],[8.7,35.7],[9.1,35.9],[9.6,35.7],[10.2,36],[10.2,36.1],[10.7,36.1],[12.6,34],[12,32.8],[10.7,33.4],[8.8,33.5],[6.2,31.8],[4.3,32.2],[4,32.3]]]]}},{"type":"Feature","properties":{},"geometry":{"type":"MultiPolygon","coordinates":[[[[6.1,27],[6.1,28.2],[7.3,26.7],[6.5,26.9],[6.1,27]]]]}},{"type":"Feature","properties":{},"geometry":{"type":"MultiPolygon","coordinates":[[[[3.3,24.9],[2.2,26.9],[2.8,28.3],[3.8,27.5],[4.4,25.9],[3.4,24.5],[3.3,24.9]]]]}},{"type":"Feature","properties":{},"geometry":{"type":"MultiPolygon","coordinates":[[[[-30.5,24.8],[-32.7,24.9],[-32.9,25],[-33.4,25.4],[-33.3,25.6],[-32.9,25.3],[-32.8,25.3],[-32.8,25.5],[-32.5,25.5],[-31.8,25.6],[-31.2,25.7],[-30.7,25.7],[-29.8,25.8],[-29.2,25.7],[-29,25.6],[-29.6,25],[-30.5,24.8]]]]}},{"type":"Feature","properties":{},"geometry":{"type":"MultiPolygon","coordinates":[[[[-55.8,15.8],[-53.7,16.4],[-53.2,15.5],[-53.7,15.6],[-54.3,15.5],[-54.5,15.5],[-54.7,15.5],[-55.8,15.8]]]]}},{"type":"Feature","properties":{},"geometry":{"type":"MultiPolygon","coordinates":[[[[119.3,-5.4],[118.2,-6.3],[118.2,-8.5],[116.3,-10.2],[114.6,-10.8],[114.7,-9.9],[114.5,-9.5],[114.9,-9.3],[115.1,-9.4],[115.2,-9.3],[115.3,-9.3],[115.6,-9.3],[115.7,-8.9],[115.6,-8.3],[116.1,-7.7],[116.2,-7.6],[116.1,-7.3],[116.5,-7.3],[116.3,-7.1],[116.3,-6.9],[116.3,-6.3],[116.6,-5.7],[117.2,-5.5],[117.8,-5.3],[118.2,-5.1],[119.1,-5.3],[119.3,-5.3],[119.3,-5.4]]]]}},{"type":"Feature","properties":{},"geometry":{"type":"MultiPolygon","coordinates":[[[[115.3,-6.4],[115.7,-5.3],[116.1,-5.2],[116.2,-5.5],[116,-6.3],[115.9,-6.7],[115.5,-7],[115.5,-6.7],[115.2,-6.4],[115.3,-6.4]]]]}},{"type":"Feature","properties":{},"geometry":{"type":"MultiPolygon","coordinates":[[[[115.2,-4.3],[115.3,-3.9],[115.8,-4],[115.8,-4.3],[115.5,-4.5],[115.2,-4.3]]]]}},{"type":"Feature","properties":{},"geometry":{"type":"MultiPolygon","coordinates":[[[[114.3,-10.3],[114.6,-10.6],[114.4,-10.6],[114.3,-10.3]]]]}},{"type":"Feature","properties":{},"geometry":{"type":"MultiPolygon","coordinates":[[[[114,-18.7],[112.3,-19.5],[110.1,-20.4],[109.9,-20.4],[110.4,-19],[111,-18.4],[111.9,-18.2],[112.3,-18],[113.1,-17.4],[114.2,-16.6],[114.1,-16.8],[114.2,-17.1],[114.3,-17.5],[114,-18.4],[114,-18.7]]]]}},{"type":"Feature","properties":{},"geometry":{"type":"MultiPolygon","coordinates":[[[[114.2,-16.2],[114.5,-16.3],[114.5,-16.5],[114.2,-16.2]]]]}},{"type":"Feature","properties":{},"geometry":{"type":"MultiPolygon","coordinates":[[[[115.1,-17.8],[115,-18],[115.1,-17.5],[115.1,-17.8]]]]}},{"type":"Feature","properties":{},"geometry":{"type":"MultiPolygon","coordinates":[[[[115.4,-15.9],[115.6,-15.4],[115.7,-15.9],[115.4,-15.9]]]]}},{"type":"Feature","properties":{},"geometry":{"type":"MultiPolygon","coordinates":[[[[115.8,-15.8],[116.2,-15.8],[115.8,-16],[115.8,-15.8]]]]}},{"type":"Feature","properties":{},"geometry":{"type":"MultiPolygon","coordinates":[[[[121.5,6.3],[124.3,6.3],[127,5.9],[128.4,5.5],[127.9,5.2],[127.7,5],[127.6,4.3],[127.1,3.9],[127.1,4.9],[126.3,4.9],[125.6,4.8],[125.6,4.6],[125.4,4.6],[125.3,4.6],[125.1,4.5],[125,4.6],[124.4,5],[124.2,5.2],[123.7,5.4],[123.6,5],[123.5,5.1],[123.4,4.9],[123.1,5],[122.7,4.8],[122.6,5],[122.4,4.9],[121.2,5.6],[121.4,6.2],[121.5,6.3]]]]}},{"type":"Feature","properties":{},"geometry":{"type":"MultiPolygon","coordinates":[[[[75.3,-33.9],[72.6,-35.3],[66.6,-37.5],[66.3,-33.9],[69.8,-34.4],[75.3,-33.9]]]]}},{"type":"Feature","properties":{},"geometry":{"type":"MultiPolygon","coordinates":[[[[73.2,-42],[73.3,-44.2],[72.7,-43.9],[73,-44],[71.6,-44.1],[70.8,-44.3],[70,-44.2],[69.8,-44.1],[69.2,-44.2],[68.1,-44.2],[67.8,-44.3],[67.5,-44.4],[66.9,-44.2],[65.7,-44.1],[65.5,-44],[64.8,-43.9],[64,-43.8],[63,-43.5],[62.2,-43.4],[61.6,-42.9],[61.6,-42.3],[62.4,-41.6],[64.1,-42.3],[65.3,-42.5],[68.4,-42],[72.5,-41.4],[73.2,-42]]]]}},{"type":"Feature","properties":{},"geometry":{"type":"MultiPolygon","coordinates":[[[[63.2,-45.9],[62.4,-45.5],[60.3,-43.8],[61.1,-45],[63.2,-45.9]]]]}},{"type":"Feature","properties":{},"geometry":{"type":"MultiPolygon","coordinates":[[[[-74.4,2.6],[-75.7,1.6],[-76.4,0.8],[-76.9,0.4],[-77.1,0],[-77.7,-0.2],[-79.2,-1.8],[-81.1,-2.4],[-81.4,-2.9],[-82.2,-2.3],[-80.1,-1.4],[-76.3,1.6],[-75.5,2.2],[-74.2,3],[-73.9,3.2],[-74.4,2.6]]]]}},{"type":"Feature","properties":{},"geometry":{"type":"MultiPolygon","coordinates":[[[[-75.2,-2.6],[-73.9,-1],[-71.9,1.5],[-70.8,2.3],[-71.4,1.4],[-73.7,-1.7],[-75.2,-2.6]]]]}},{"type":"Feature","properties":{},"geometry":{"type":"MultiPolygon","coordinates":[[[[-74.4,2.6],[-72.9,5.2],[-71.3,6.4],[-70.4,6.8],[-70.2,6.6],[-71.4,5.4],[-73.1,4.3],[-74.4,2.6]]]]}},{"type":"Feature","properties":{},"geometry":{"type":"MultiPolygon","coordinates":[[[[-64.1,8.5],[-64.2,7.8],[-64.2,7.1],[-64.5,6.3],[-65,5.4],[-66,4.8],[-67.1,4.5],[-67.9,4.3],[-68.4,4.4],[-69.2,3.6],[-70.3,2.5],[-70.9,1.9],[-71.4,1.4],[-71.8,0.9],[-72.2,-0.2],[-72.8,-2.3],[-73.1,-3.2],[-73.7,-4.2],[-74.4,-5],[-74.9,-5.6],[-75.6,-6.6],[-76.3,-7.6],[-76.6,-8],[-76.9,-8.7],[-77.9,-8.7],[-78.9,-8.9],[-79.2,-9.5],[-79.2,-10.2],[-81.2,-9.2],[-81.2,-7.9],[-80.3,-6.9],[-79.1,-6.4],[-78.7,-5.6],[-79,-4.9],[-78.5,-3.5],[-77.6,-3.2],[-76.7,-2.7],[-76.4,-3.1],[-76.9,-3],[-76.8,-3.8],[-76.1,-3.6],[-75.8,-4.1],[-75.2,-2.9],[-74.8,-2.3],[-74.1,-0.5],[-73.6,0.3],[-72.8,0.9],[-72.6,1.6],[-72.2,2.1],[-71.5,3.1],[-71.6,2.1],[-68.9,5.2],[-67.5,6.3],[-66.9,7.2],[-66.9,7.6],[-66.5,8.9],[-64.6,11.7],[-64.3,10.4],[-64.1,9.6],[-64.1,8.8],[-64.1,8.5]]]]}},{"type":"Feature","properties":{},"geometry":{"type":"MultiPolygon","coordinates":[[[[-71.9,4],[-70.7,5],[-69.8,5.8],[-69.9,5.4],[-70.3,4.8],[-71.9,4]]]]}},{"type":"Feature","properties":{},"geometry":{"type":"MultiPolygon","coordinates":[[[[-69.5,3.4],[-69.5,4.9],[-69.4,6],[-67.9,7.3],[-68.4,6.2],[-69.5,3.4]]]]}},{"type":"Feature","properties":{},"geometry":{"type":"MultiPolygon","coordinates":[[[[121.6,3],[118.5,1.5],[117.9,1.3],[117.8,1.3],[116.6,1.1],[115.6,1.2],[118.7,2.5],[119.3,3.2],[120,3.2],[120.7,3.3],[121.4,3.2],[121.6,3]]]]}},{"type":"Feature","properties":{},"geometry":{"type":"MultiPolygon","coordinates":[[[[122.5,3.8],[121.4,3.2],[121.4,3.5],[122.5,3.8]]]]}},{"type":"Feature","properties":{},"geometry":{"type":"MultiPolygon","coordinates":[[[[72.7,-1.8],[74.8,-2.2],[75.4,-3.8],[75.3,-5.4],[75.6,-7.5],[77.3,-10.8],[75.6,-10.2],[75,-9.3],[74.6,-8.2],[74.3,-6.1],[73.3,-3.9],[71.9,-2.3],[71.9,-1.4],[72.7,-1.8]]]]}},{"type":"Feature","properties":{},"geometry":{"type":"MultiPolygon","coordinates":[[[[80.7,-35.9],[80.4,-36.2],[79.1,-36.7],[78.3,-36.7],[77,-36.6],[74.5,-37.1],[75,-36],[76.1,-34.9],[78,-34.7],[80.7,-35.9]]]]}},{"type":"Feature","properties":{},"geometry":{"type":"MultiPolygon","coordinates":[[[[78.7,-33.7],[80.7,-35.9],[78,-34.7],[76.1,-34.9],[75,-36],[74.5,-37.1],[74.5,-35.2],[77.3,-33.6],[78.3,-33.6],[78.7,-33.7]]]]}},{"type":"Feature","properties":{},"geometry":{"type":"MultiPolygon","coordinates":[[[[49.2,23.6],[50.1,24.6],[50.8,25.8],[51,25.9],[50.8,24.1],[51.1,22.7],[52.3,21.2],[49.9,21.4],[49.2,23.6]]]]}},{"type":"Feature","properties":{},"geometry":{"type":"MultiPolygon","coordinates":[[[[38.1,63.4],[47,60.4],[55.9,56.9],[62.2,52.9],[63.5,50.5],[62.7,51.5],[58.9,54],[56.2,55.5],[46.8,57.7],[38,58.8],[36.2,60.7],[38,62.6],[38.1,63.4]]]]}},{"type":"Feature","properties":{},"geometry":{"type":"MultiPolygon","coordinates":[[[[23.3,54.6],[24.1,57.1],[24.9,58.5],[28.5,61.4],[30.8,62.7],[34.1,64.6],[35.3,64.6],[36,64.3],[35.7,63.9],[36.3,63.9],[36.7,63.8],[37.3,64.1],[38,64.2],[38,62.6],[36.2,60.7],[32.5,58.2],[27.6,56.8],[25.3,54.6],[24.6,54.7],[23.3,54.5],[23.3,54.6]]]]}},{"type":"Feature","properties":{},"geometry":{"type":"MultiPolygon","coordinates":[[[[-36.3,19.2],[-36.1,19.2],[-35.4,19.3],[-33.4,18.7],[-31.1,17],[-31,16.9],[-31,16.8],[-31.2,16.5],[-31.3,16.6],[-31.2,16.7],[-31.4,16.6],[-31.6,16.3],[-31.6,16.5],[-31.9,16.5],[-31.9,16.4],[-32.2,16.6],[-32.5,16.8],[-32.6,16.8],[-32.9,17.1],[-33,17.3],[-33.6,17.6],[-33.5,17.5],[-33.6,17.4],[-33.8,17.6],[-33.8,17.8],[-33.7,18],[-34.1,18.3],[-34.4,18.5],[-34.4,18.6],[-34.6,18.4],[-35,18.7],[-35.6,18.4],[-36.5,18.5],[-36.6,18.9],[-36.2,19],[-36.3,19.2]]]]}},{"type":"Feature","properties":{},"geometry":{"type":"MultiPolygon","coordinates":[[[[-37.7,16],[-37.7,16.2],[-37.7,16.6],[-37,17],[-36.5,16.8],[-36.6,16.3],[-36.7,15.8],[-36.7,15.7],[-37.3,15.7],[-37.5,15.8],[-37.7,16]]]]}},{"type":"Feature","properties":{},"geometry":{"type":"MultiPolygon","coordinates":[[[[-37.6,17.3],[-37.4,17.5],[-37.5,18],[-36.6,18],[-36.2,17.7],[-36.7,17.4],[-36.9,17.3],[-37.2,17.2],[-37.6,17.2],[-37.6,17.3]]]]}},{"type":"Feature","properties":{},"geometry":{"type":"MultiPolygon","coordinates":[[[[-38.4,15.3],[-38.2,15.8],[-37.2,15.5],[-37.3,15.4],[-37.4,15.2],[-37.9,15.1],[-38.1,15],[-38.5,15.1],[-38.4,15.3]]]]}},{"type":"Feature","properties":{},"geometry":{"type":"MultiPolygon","coordinates":[[[[-37.1,15.6],[-36.7,15.3],[-36.8,15.2],[-37.1,15.6]]]]}},{"type":"Feature","properties":{},"geometry":{"type":"MultiPolygon","coordinates":[[[[-34.2,17.9],[-34,18],[-34.1,17.9],[-34.2,17.9]]]]}},{"type":"Feature","properties":{},"geometry":{"type":"MultiPolygon","coordinates":[[[[-31.9,15.1],[-31.6,15.2],[-31.7,15],[-31.9,15.1]]]]}},{"type":"Feature","properties":{},"geometry":{"type":"MultiPolygon","coordinates":[[[[-31.9,16.5],[-31.7,16.5],[-31.7,16.4],[-31.9,16.5]]]]}},{"type":"Feature","properties":{},"geometry":{"type":"MultiPolygon","coordinates":[[[[-29.2,-20.3],[-29.8,-21.1],[-29.8,-21],[-30.2,-21.5],[-30.8,-21.7],[-30.8,-21.6],[-31.2,-20.9],[-31.2,-20.6],[-31.4,-20.5],[-31.4,-20.7],[-31.4,-20.4],[-31.3,-21.3],[-31.6,-21],[-31.7,-20.7],[-31.8,-20.5],[-31.8,-20.3],[-31.8,-20.1],[-31.9,-19.9],[-32,-20.1],[-32.1,-20],[-32.2,-19.9],[-32.2,-19.6],[-32.3,-19.5],[-32.5,-19.3],[-32.6,-19.1],[-32.4,-19],[-32.5,-18.7],[-32.5,-18.5],[-32.6,-18.4],[-32.4,-18.2],[-32.2,-18.2],[-31.9,-18],[-31.5,-18.1],[-31.7,-18.8],[-31.8,-18.9],[-31.7,-19.2],[-31.1,-18.7],[-30.4,-18.7],[-30.3,-19.5],[-30.4,-19.8],[-30.5,-20.2],[-30.1,-20],[-29.2,-20.3]]]]}},{"type":"Feature","properties":{},"geometry":{"type":"MultiPolygon","coordinates":[[[[-32,-24.6],[-32.3,-24.8],[-32.6,-24.9],[-32.6,-24.5],[-32.4,-24.1],[-32.8,-24.2],[-33,-24.2],[-33.1,-24.1],[-33.2,-23.8],[-33.3,-23.6],[-33.3,-23.5],[-33.5,-23.4],[-33.3,-23.3],[-32.9,-23.3],[-32.5,-23],[-32.5,-22.7],[-32.6,-22.7],[-32.7,-22.6],[-32.8,-22.4],[-32.7,-22.2],[-32.4,-22.1],[-32.3,-22],[-32.3,-21.8],[-32,-22],[-31.2,-21.9],[-30.8,-22.3],[-31,-22.7],[-31,-22.9],[-31,-23.2],[-31.5,-24],[-32,-24.6]]]]}},{"type":"Feature","properties":{},"geometry":{"type":"MultiPolygon","coordinates":[[[[-33,-18.8],[-33,-19],[-33.1,-19.3],[-33.2,-19.3],[-33.3,-19.2],[-33.3,-19.1],[-33.1,-18.6],[-33,-18.8]]]]}},{"type":"Feature","properties":{},"geometry":{"type":"MultiPolygon","coordinates":[[[[-32.7,-19.5],[-32.3,-19.6],[-32.5,-19.8],[-32.7,-19.8],[-32.8,-19.7],[-32.8,-19.4],[-32.7,-19.5]]]]}},{"type":"Feature","properties":{},"geometry":{"type":"MultiPolygon","coordinates":[[[[-31.8,-15.6],[-31.6,-15.7],[-31.5,-16],[-31.5,-16.2],[-31.8,-16],[-31.6,-15.9],[-31.8,-15.7],[-31.8,-15.6]]]]}},{"type":"Feature","properties":{},"geometry":{"type":"MultiPolygon","coordinates":[[[[-31.9,-20.4],[-32,-20.5],[-32.1,-20.4],[-32.2,-20.3],[-31.9,-20.4]]]]}},{"type":"Feature","properties":{},"geometry":{"type":"MultiPolygon","coordinates":[[[[-31.9,-21],[-32,-21.3],[-32,-21.1],[-31.9,-21]]]]}},{"type":"Feature","properties":{},"geometry":{"type":"MultiPolygon","coordinates":[[[[-31.9,-17.4],[-31.6,-17.5],[-31.7,-17.6],[-31.9,-17.6],[-31.9,-17.4]]]]}},{"type":"Feature","properties":{},"geometry":{"type":"MultiPolygon","coordinates":[[[[43.1,-54.8],[42.9,-54.9],[42.1,-54.1],[41.5,-53.7],[41.3,-51.7],[41.4,-50.1],[41.8,-50.9],[42,-51.3],[42.2,-51.7],[42.5,-52.4],[42.8,-53],[43.1,-54.3],[43.1,-54.8]]]]}},{"type":"Feature","properties":{},"geometry":{"type":"MultiPolygon","coordinates":[[[[115.8,-36.8],[115.1,-38],[114.6,-39.6],[112.9,-41.4],[111.5,-42.3],[108.4,-44.1],[104.8,-45.4],[101.6,-45.4],[97.5,-45.6],[92.7,-44.4],[88.7,-44],[87.9,-44.1],[89.5,-43.7],[90,-43.2],[95.5,-44.5],[97.6,-45.1],[100.3,-45.5],[102.6,-45],[104.6,-44.7],[107.1,-44.2],[110.7,-42.7],[113.6,-40.3],[114.7,-38.6],[115.2,-36.8],[115.8,-36.8]]]]}},{"type":"Feature","properties":{},"geometry":{"type":"MultiPolygon","coordinates":[[[[-8.9,-15.8],[-7.2,-14],[-7.1,-13.9],[-6.9,-14.1],[-6.5,-14.6],[-6.2,-15.1],[-5.7,-15.8],[-5.7,-15.9],[-7,-17.4],[-7.9,-18.1],[-8.7,-18.5],[-9.1,-18.2],[-9.4,-18.1],[-9.6,-17.8],[-9.9,-17.2],[-9,-15.9],[-8.9,-15.8]]]]}},{"type":"Feature","properties":{},"geometry":{"type":"MultiPolygon","coordinates":[[[[14.1,-44.7],[12.4,-45.7],[11.8,-45.3],[13.6,-44.6],[14.1,-44.7]]]]}},{"type":"Feature","properties":{},"geometry":{"type":"MultiPolygon","coordinates":[[[[5.5,-46.8],[6.6,-46.6],[5.8,-46.8],[5.5,-46.8]]]]}},{"type":"Feature","properties":{},"geometry":{"type":"MultiPolygon","coordinates":[[[[5.5,-46.5],[4.3,-46.3],[4.6,-46],[5,-45.8],[5.6,-45.7],[6.4,-45.9],[5.5,-46.5]]]]}},{"type":"Feature","properties":{},"geometry":{"type":"MultiPolygon","coordinates":[[[[3.5,-45.9],[2.9,-45.8],[2,-45.4],[2.6,-45.1],[3.6,-45.6],[3.5,-45.9]]]]}},{"type":"Feature","properties":{},"geometry":{"type":"MultiPolygon","coordinates":[[[[2.6,-45.9],[4.5,-46.3],[3.6,-46.7],[2.1,-46.7],[1.4,-46.6],[1.4,-46.4],[1.9,-46.3],[2.4,-46.1],[2.6,-46],[2.6,-45.9]]]]}},{"type":"Feature","properties":{},"geometry":{"type":"MultiPolygon","coordinates":[[[[-1.6,-45.8],[-1.8,-46.2],[-2.2,-46],[-1.8,-45.6],[-1.6,-45.8]]]]}},{"type":"Feature","properties":{},"geometry":{"type":"MultiPolygon","coordinates":[[[[-0.4,-45.9],[-0.6,-46.1],[-0.8,-45.7],[-0.4,-45.9]]]]}},{"type":"Feature","properties":{},"geometry":{"type":"MultiPolygon","coordinates":[[[[2.1,-47.7],[-1.1,-46.9],[-0.8,-46.9],[0.6,-47],[1.6,-47.3],[2.1,-47.7]]]]}},{"type":"Feature","properties":{},"geometry":{"type":"MultiPolygon","coordinates":[[[[-4.9,-47.3],[-5.9,-47],[-5.4,-46.9],[-4.9,-47.3]]]]}},{"type":"Feature","properties":{},"geometry":{"type":"MultiPolygon","coordinates":[[[[-2.7,-47.7],[-3.5,-48],[-2.8,-47.7],[-2.7,-47.7]]]]}},{"type":"Feature","properties":{},"geometry":{"type":"MultiPolygon","coordinates":[[[[-66,7.3],[-66.9,5.6],[-68.6,3.4],[-70.9,0.6],[-70.6,2],[-69.2,4],[-68.2,5.3],[-66.9,7.2],[-65.7,8.3],[-66,7.3]]]]}},{"type":"Feature","properties":{},"geometry":{"type":"MultiPolygon","coordinates":[[[[-46.2,2.2],[-47.2,2.5],[-47.2,2.8],[-47.1,2.9],[-47,3.1],[-46.8,3.2],[-46.6,2.8],[-46.6,2.5],[-46.2,2.2]]]]}},{"type":"Feature","properties":{},"geometry":{"type":"MultiPolygon","coordinates":[[[[-50.7,5.6],[-50,5],[-49.7,4.7],[-49.5,4.6],[-49.3,4.5],[-49.3,4.4],[-49.1,4.1],[-49.9,3.8],[-50.2,4.1],[-50.2,4.4],[-51.3,4.8],[-50.9,5.2],[-50.6,5],[-50.6,5.2],[-50.9,5.5],[-50.7,5.6]]]]}},{"type":"Feature","properties":{},"geometry":{"type":"MultiPolygon","coordinates":[[[[-50.8,5.6],[-51,5.6],[-51.1,5.9],[-51.1,6],[-51.2,6.4],[-50.8,5.6]]]]}},{"type":"Feature","properties":{},"geometry":{"type":"MultiPolygon","coordinates":[[[[-47.9,2.6],[-48.4,2.9],[-48.9,3.4],[-48.7,3.5],[-48.5,3.2],[-48.5,3.5],[-48.1,3.8],[-48.2,3.4],[-48.1,3.1],[-48.1,3.4],[-47.9,3.3],[-47.7,3.7],[-47.7,3.3],[-47.5,3.4],[-47.4,3.1],[-47.9,2.6]]]]}},{"type":"Feature","properties":{},"geometry":{"type":"MultiPolygon","coordinates":[[[[-49.5,3.3],[-49.6,3.6],[-49.4,3.3],[-49.5,3.3]]]]}},{"type":"Feature","properties":{},"geometry":{"type":"MultiPolygon","coordinates":[[[[-48.3,4.3],[-48.5,4],[-48.4,4.4],[-48.3,4.3]]]]}},{"type":"Feature","properties":{},"geometry":{"type":"MultiPolygon","coordinates":[[[[-161.7,-45.1],[-162.9,-46],[-163.8,-45.7],[-164,-45.4],[-164.8,-44.2],[-165.7,-43.9],[-165.6,-43.3],[-166.2,-42.8],[-167.6,-42.5],[-167.7,-42.3],[-168.3,-42.1],[-168.6,-41.4],[-168.5,-41],[-169.3,-40.7],[-168.9,-40.4],[-168.5,-40.7],[-168,-40.1],[-167.9,-40],[-167.4,-40.3],[-166.7,-40.3],[-166.2,-40.2],[-166.3,-40.1],[-166.5,-40.1],[-166.8,-40.1],[-166.7,-39.9],[-166.9,-40],[-167,-39.9],[-167.1,-39.8],[-167,-39.8],[-166.6,-39.8],[-166.5,-39.7],[-166.4,-39.8],[-166.1,-39.8],[-165.7,-39.8],[-165.6,-39.8],[-165.3,-39.9],[-165.1,-39.9],[-164.8,-39.9],[-164.7,-39.9],[-164.5,-40],[-164.2,-40.1],[-164,-39.9],[-163.8,-39.9],[-163.8,-40.1],[-163.3,-40.1],[-163.7,-39.9],[-162.7,-40],[-162.6,-40.1],[-162.4,-40.2],[-162.2,-40.2],[-162.1,-40.2],[-161.9,-40.5],[-162,-40.5],[-162.3,-40.7],[-162.2,-40.7],[-161.8,-40.6],[-161.7,-40.7],[-161.6,-40.6],[-161.5,-40.4],[-161.3,-40.4],[-161,-40.5],[-160.8,-40.6],[-159.6,-40.8],[-159.4,-40.9],[-159.9,-40.9],[-159.8,-41.1],[-160,-42.8],[-161.7,-45.1]]]]}},{"type":"Feature","properties":{},"geometry":{"type":"MultiPolygon","coordinates":[[[[-167.7,-39.9],[-167.5,-40],[-167.1,-40.1],[-167.7,-39.9]]]]}},{"type":"Feature","properties":{},"geometry":{"type":"MultiPolygon","coordinates":[[[[-172.6,-42.4],[-171.2,-41.4],[-169.9,-41.6],[-169.5,-41],[-169,-41.2],[-168.9,-41.3],[-169,-41.5],[-169,-42],[-169.6,-42.3],[-170.8,-42.4],[-172.3,-42.9],[-172.9,-43],[-172.8,-42.5],[-172.6,-42.4]]]]}},{"type":"Feature","properties":{},"geometry":{"type":"MultiPolygon","coordinates":[[[[-168.6,-40],[-168.3,-40.5],[-168.6,-40.3],[-168.6,-40]]]]}},{"type":"Feature","properties":{},"geometry":{"type":"MultiPolygon","coordinates":[[[[-173.3,-44.1],[-173.2,-43.8],[-173.1,-43.6],[-173.2,-43.7],[-173.3,-44.1]]]]}},{"type":"Feature","properties":{},"geometry":{"type":"MultiPolygon","coordinates":[[[[117.5,-10.7],[118.2,-8.5],[118.2,-6.3],[119.3,-5.4],[119.7,-5.8],[119.3,-6.7],[119.2,-7.9],[118.4,-10.1],[117.7,-11.2],[117.4,-11.7],[116.6,-12.8],[116.3,-13.7],[117.3,-11.1],[117.5,-10.7]]]]}},{"type":"Feature","properties":{},"geometry":{"type":"MultiPolygon","coordinates":[[[[146.7,-25],[146.8,-25.1],[146.9,-25.2],[146.8,-25.4],[146.8,-25.3],[146.6,-25.2],[146.5,-25],[146.7,-25]]]]}},{"type":"Feature","properties":{},"geometry":{"type":"MultiPolygon","coordinates":[[[[131.6,-4.3],[132,-4.3],[132.3,-4.3],[132.4,-4.3],[132.6,-4.6],[132.7,-4.5],[132.7,-4.7],[132.9,-4.9],[133.2,-5.2],[133.3,-5.3],[133.4,-5.5],[134,-5.7],[134.1,-5.6],[134.1,-5.8],[134.3,-5.9],[134.5,-5.9],[134.5,-6],[134.7,-6.2],[134.7,-6.3],[134.8,-6.5],[134.8,-6.6],[134.9,-6.7],[135,-6.7],[135.3,-6.8],[135.4,-6.9],[135.4,-7.1],[135.5,-7.2],[135.4,-7.3],[135.4,-7.4],[135.3,-7.5],[135.3,-7.6],[135.2,-7.7],[135.1,-7.8],[135.1,-7.9],[135.1,-8],[135,-8],[135,-8.1],[135,-8.2],[134.9,-8.2],[134.9,-8.3],[134.8,-8.3],[134.8,-8.4],[134.7,-8.4],[134.6,-8.5],[134.6,-8.6],[134.5,-8.6],[134.4,-8.7],[134.3,-8.7],[134.3,-8.8],[134.2,-8.8],[134.2,-8.7],[134.2,-8.6],[134.2,-8.5],[134.3,-8.5],[134.3,-8.4],[134.3,-8.3],[134.3,-8.2],[134.4,-8.1],[134.4,-8],[134.4,-7.9],[134.4,-7.8],[134.4,-7.7],[134.4,-7.6],[134.4,-7.5],[134.4,-7.4],[134.4,-7.3],[134.4,-7.2],[134.4,-7.1],[134.4,-7],[134.4,-6.9],[134.4,-6.8],[134.3,-6.8],[134.2,-6.8],[134.1,-6.8],[134,-6.7],[133.9,-6.7],[133.8,-6.7],[133.7,-6.7],[133.6,-6.7],[133.5,-6.7],[133.4,-6.7],[133.3,-6.7],[133.2,-6.7],[133.1,-6.7],[133,-6.7],[132.9,-6.7],[132.7,-6.6],[132.5,-6.5],[132.5,-6.4],[132.4,-6.4],[132.4,-6.3],[132.4,-6.2],[132.3,-6.2],[132.3,-6.1],[132.2,-6.1],[132.2,-6],[132.2,-5.9],[132.1,-5.9],[132.1,-5.8],[132,-5.8],[132,-5.7],[131.9,-5.6],[131.8,-5.4],[131.8,-5.3],[131.8,-5.2],[131.6,-4.7],[131.4,-4.5],[131.4,-4.2],[131.4,-4.1],[131.6,-4.3]]]]}},{"type":"Feature","properties":{},"geometry":{"type":"MultiPolygon","coordinates":[[[[-51.3,-31.2],[-49.1,-30.6],[-49,-30.9],[-48.8,-31.1],[-48.4,-31.2],[-47.6,-31.5],[-47,-31.8],[-46.8,-32],[-47.2,-32],[-47.5,-31.9],[-47.7,-32],[-47.9,-32.1],[-48.2,-32.2],[-48.4,-32.2],[-48.7,-32.2],[-48.8,-32.2],[-49,-32.2],[-49.3,-32.4],[-49.5,-32.3],[-49.6,-32.3],[-49.9,-32.2],[-50,-32.3],[-50.1,-32.6],[-50.5,-32.7],[-50.6,-32.8],[-50.8,-32.8],[-51,-32.9],[-51.3,-32.9],[-51.5,-32.6],[-51.6,-32.5],[-51.1,-31.8],[-50.9,-31.8],[-50.9,-31.7],[-49.7,-31.4],[-49.5,-31.8],[-49.9,-31.3],[-49.7,-31.1],[-49.4,-31],[-49.6,-30.7],[-50.8,-31.2],[-51.3,-31.2]]]]}},{"type":"Feature","properties":{},"geometry":{"type":"MultiPolygon","coordinates":[[[[-57.7,-33.1],[-55.8,-32.3],[-55.6,-32.4],[-56,-32.6],[-55.9,-32.7],[-55.9,-33.1],[-55.5,-33.1],[-55.6,-33.5],[-56.1,-33.3],[-56.4,-33.3],[-56.5,-33.1],[-56.7,-33],[-56.9,-33.3],[-57.4,-33.1],[-57.7,-33.1]]]]}},{"type":"Feature","properties":{},"geometry":{"type":"MultiPolygon","coordinates":[[[[-42.3,-30.2],[-42.2,-30.2],[-40.9,-29.2],[-40.8,-29.3],[-40.8,-29.4],[-41,-29.6],[-40.7,-29.6],[-40.3,-29.5],[-40.4,-29.6],[-40.8,-29.9],[-40.8,-30.2],[-40.7,-30.5],[-40.2,-30],[-40.4,-30.4],[-40.3,-30.6],[-40,-30.2],[-40.1,-31],[-40.3,-31.4],[-40.6,-31.4],[-40.7,-31.1],[-40.6,-30.8],[-41,-30.7],[-40.9,-30.6],[-41,-30.1],[-41.4,-30.6],[-41.6,-30.5],[-41.9,-30.9],[-42.1,-31],[-42.4,-30.8],[-41.7,-30.3],[-42,-30.3],[-42,-30.4],[-42.3,-30.4],[-42.3,-30.3],[-42.3,-30.2]]]]}},{"type":"Feature","properties":{},"geometry":{"type":"MultiPolygon","coordinates":[[[[-47.2,-31.5],[-46.7,-31.6],[-46.1,-31.2],[-45.7,-31.3],[-45.8,-31.5],[-46.6,-31.8],[-47.1,-31.7],[-47.2,-31.5]]]]}},{"type":"Feature","properties":{},"geometry":{"type":"MultiPolygon","coordinates":[[[[-47.9,-31],[-47.9,-31.1],[-48.3,-30.9],[-47.9,-31]]]]}},{"type":"Feature","properties":{},"geometry":{"type":"MultiPolygon","coordinates":[[[[-40.5,-28.7],[-40.5,-29],[-40.8,-29],[-41.2,-29.5],[-42.3,-30.2],[-42.3,-30.1],[-42.6,-30.1],[-42.7,-30],[-42.9,-30.2],[-43,-30.2],[-43.2,-30.2],[-43.4,-30.1],[-43.5,-30],[-43.8,-30.1],[-44,-30],[-44.3,-30],[-44.4,-29.9],[-44.9,-30],[-45,-29.9],[-44,-29.7],[-43.2,-29.6],[-42.2,-29.2],[-41.2,-28.6],[-40.9,-28.6],[-40.5,-28.7]]]]}},{"type":"Feature","properties":{},"geometry":{"type":"MultiPolygon","coordinates":[[[[-49.1,-30.6],[-51.3,-31.2],[-51.7,-31],[-51.9,-31.2],[-52.1,-31.4],[-52.3,-31.4],[-52.4,-31.4],[-52.6,-31.4],[-52.7,-31.4],[-52.9,-31.5],[-53,-31.4],[-53.1,-31.3],[-53.3,-31.5],[-53.3,-31.1],[-52.1,-30.7],[-50.3,-30],[-49.5,-29.8],[-49.5,-30],[-49.4,-30.4],[-49.2,-30.5],[-49.1,-30.6]]]]}},{"type":"Feature","properties":{},"geometry":{"type":"MultiPolygon","coordinates":[[[[-53.9,-31.6],[-54,-31.6],[-54.2,-31.4],[-54.3,-31.4],[-53.3,-31.1],[-53.8,-31.5],[-53.9,-31.6]]]]}},{"type":"Feature","properties":{},"geometry":{"type":"MultiPolygon","coordinates":[[[[-55.7,-32.3],[-55.4,-31.7],[-55,-31.7],[-55.7,-32.3]]]]}},{"type":"Feature","properties":{},"geometry":{"type":"MultiPolygon","coordinates":[[[[-46,-30.6],[-46.2,-31],[-46.7,-31.3],[-46.7,-31.4],[-46.7,-31.5],[-47.1,-31.2],[-46,-30.6]]]]}},{"type":"Feature","properties":{},"geometry":{"type":"MultiPolygon","coordinates":[[[[-46,-31.2],[-46.6,-31.6],[-46.6,-31.4],[-46.1,-31.1],[-46,-31.2]]]]}},{"type":"Feature","properties":{},"geometry":{"type":"MultiPolygon","coordinates":[[[[-47.9,-31],[-48.2,-30.7],[-48.6,-30.7],[-49.1,-30.4],[-49.2,-30],[-48.9,-30.1],[-48.8,-30.3],[-48.5,-30.4],[-48.2,-30.6],[-47.9,-30.6],[-47.7,-30.8],[-47.9,-30.9],[-47.9,-31]]]]}},{"type":"Feature","properties":{},"geometry":{"type":"MultiPolygon","coordinates":[[[[-38.2,-46.6],[-36.9,-46.5],[-36.3,-46.5],[-36.8,-47],[-37.2,-47.1],[-37.6,-47.2],[-38.1,-47.4],[-38.4,-46.7],[-38.2,-46.6]]]]}},{"type":"Feature","properties":{},"geometry":{"type":"MultiPolygon","coordinates":[[[[-39.3,-46.7],[-38.3,-46.6],[-38.4,-47.5],[-38.6,-47.6],[-38.5,-47.8],[-38.9,-48],[-39.3,-48.2],[-40.1,-48.5],[-40.1,-48.4],[-40.1,-48.3],[-39.6,-48.1],[-39.8,-47.9],[-39.7,-47.7],[-39.6,-47.7],[-39.8,-47.4],[-39.7,-47.3],[-39.3,-47.3],[-39.7,-47.1],[-39.5,-47],[-39.6,-47],[-39.2,-46.8],[-39.3,-46.7]]]]}},{"type":"Feature","properties":{},"geometry":{"type":"MultiPolygon","coordinates":[[[[-40.8,-47],[-39.7,-46.8],[-40,-47.4],[-40.3,-47.4],[-40.7,-47.1],[-40.8,-47]]]]}},{"type":"Feature","properties":{},"geometry":{"type":"MultiPolygon","coordinates":[[[[-54.6,-55],[-55,-54.8],[-55.5,-54],[-55.6,-53.1],[-55.2,-52.1],[-55,-51.7],[-55,-51],[-55.4,-50.3],[-55.6,-50.2],[-56.4,-50.1],[-56.8,-49.7],[-56.7,-49.5],[-56.7,-49.4],[-56.6,-49.2],[-56.7,-49.2],[-56.9,-48.7],[-57,-48.5],[-57.5,-48.2],[-57.7,-48.2],[-57.9,-48],[-58.2,-48],[-58.3,-47.9],[-58.3,-47.4],[-59,-47.2],[-59.6,-46.9],[-59.6,-46.8],[-60.6,-44.7],[-58.6,-45.9],[-56.8,-46.8],[-54.1,-47.7],[-47.9,-48.9],[-42.7,-47.7],[-40.9,-47],[-40.4,-47.5],[-40.4,-48.1],[-40.6,-47.9],[-40.6,-48.1],[-40.8,-48.3],[-41,-48.3],[-41.1,-48.3],[-41.2,-48.5],[-41,-48.8],[-41,-50],[-40.8,-49.2],[-40.9,-49.3],[-41.3,-49.3],[-41.5,-49.5],[-42,-49.2],[-41.7,-49.6],[-41.2,-49.8],[-41.4,-50.1],[-42.2,-50],[-42.3,-49.8],[-42.8,-49.7],[-42.6,-50.1],[-43,-50],[-42.6,-50.3],[-42.5,-50.3],[-42.9,-50.5],[-43.1,-50.4],[-43.5,-50.3],[-44,-50.3],[-45.2,-50.6],[-47.1,-50.6],[-47.5,-50.7],[-48.3,-50.6],[-48.8,-50.6],[-49.1,-50.5],[-49.5,-50.3],[-49.7,-50.6],[-50.2,-50.7],[-50.4,-50.7],[-50.6,-50.8],[-50.8,-50.9],[-51.1,-50.9],[-51.2,-51],[-51.5,-51.1],[-51.6,-51.1],[-51.7,-51.1],[-51.9,-51.4],[-52.1,-51.5],[-53.3,-53.6],[-53.6,-53.5],[-54.5,-54.6],[-54.6,-55]]]]}},{"type":"Feature","properties":{},"geometry":{"type":"MultiPolygon","coordinates":[[[[-73.3,-34.6],[-70.6,-34.7],[-68.6,-34.5],[-65.5,-34.2],[-66.4,-35.4],[-72.3,-35.1],[-73.3,-34.6]]]]}},{"type":"Feature","properties":{},"geometry":{"type":"MultiPolygon","coordinates":[[[[-43.2,-29.6],[-44,-29.7],[-43.4,-29.2],[-42.5,-28.8],[-43.2,-29.6]]]]}},{"type":"Feature","properties":{},"geometry":{"type":"MultiPolygon","coordinates":[[[[-41.2,-28.6],[-42.2,-29.2],[-43.2,-29.6],[-42.2,-28.5],[-41.9,-28.4],[-41.9,-28.5],[-41.8,-28.6],[-41.8,-28.4],[-41.6,-28.4],[-41.8,-28.7],[-41.5,-28.6],[-41.2,-28.5],[-41.2,-28.6]]]]}},{"type":"Feature","properties":{},"geometry":{"type":"MultiPolygon","coordinates":[[[[-41.4,-28.4],[-41.2,-28.4],[-41.4,-28.5],[-41.4,-28.4]]]]}},{"type":"Feature","properties":{},"geometry":{"type":"MultiPolygon","coordinates":[[[[62.1,12.2],[64.6,13.2],[64.5,11.3],[62.7,10.4],[60,9.9],[59.8,11.8],[61.6,11.9],[62.1,12.2]]]]}},{"type":"Feature","properties":{},"geometry":{"type":"MultiPolygon","coordinates":[[[[56.2,12.8],[58.7,12.5],[57.6,11.1],[55.2,12.2],[56.2,12.8]]]]}},{"type":"Feature","properties":{},"geometry":{"type":"MultiPolygon","coordinates":[[[[58.6,15.3],[60.6,14.7],[62.6,15],[62.9,15],[61.4,13.6],[60,13.4],[57.8,14.7],[58.6,15.3]]]]}},{"type":"Feature","properties":{},"geometry":{"type":"MultiPolygon","coordinates":[[[[62.5,10.4],[64.3,11.1],[65.9,10.4],[65.6,8.3],[62.6,6.8],[59.6,6.2],[60.4,9.1],[62.1,10.1],[62.5,10.4]]]]}},{"type":"Feature","properties":{},"geometry":{"type":"MultiPolygon","coordinates":[[[[63.1,8.5],[62.7,5.5],[59.2,5],[58.8,7.2],[61.9,8.1],[63.1,8.5]]]]}},{"type":"Feature","properties":{},"geometry":{"type":"MultiPolygon","coordinates":[[[[131.3,-4.3],[131.5,-4.6],[131.6,-4.7],[131.6,-4.8],[131.8,-5.2],[131.8,-5.3],[131.8,-5.4],[131.8,-5.5],[131.9,-5.6],[132,-5.7],[132,-5.8],[132.1,-5.8],[132.1,-5.9],[132.2,-5.9],[132.2,-6],[132.3,-6.1],[132.3,-6.2],[132.4,-6.3],[132.4,-6.4],[132.5,-6.4],[132.6,-6.5],[132.9,-6.7],[133,-6.7],[133.1,-6.7],[133.2,-6.7],[133.3,-6.7],[133.4,-6.7],[133.5,-6.7],[133.6,-6.7],[133.7,-6.7],[133.8,-6.7],[133.9,-6.7],[134,-6.7],[134,-6.8],[134.1,-6.8],[134.2,-6.8],[134.3,-6.8],[134.4,-6.8],[134.4,-6.9],[134.4,-7],[134.4,-7.1],[134.4,-7.2],[134.4,-7.3],[134.4,-7.4],[134.4,-7.5],[134.4,-7.6],[134.4,-7.7],[134.4,-7.8],[134.4,-7.9],[134.4,-8],[134.4,-8.1],[134.3,-8.2],[134.3,-8.3],[134.3,-8.4],[134.3,-8.5],[134.2,-8.6],[134.2,-8.7],[134.2,-8.8],[134.7,-9],[135.2,-9],[135.1,-9],[135.1,-9.1],[135,-9.1],[135,-9.2],[135,-9.3],[135,-9.4],[135,-9.5],[135.1,-9.8],[135.1,-9.9],[135.2,-9.9],[135.2,-10.1],[135.2,-10.4],[135.3,-10.4],[135.3,-10.5],[135.3,-10.6],[135.3,-10.9],[135.3,-11],[135.3,-11.1],[135.3,-11.2],[135.3,-11.3],[135.3,-11.4],[135.3,-11.5],[135.2,-11.5],[135.2,-11.6],[135.2,-11.7],[135.1,-11.7],[135.1,-11.8],[135.1,-11.9],[135.1,-12],[135.1,-12.1],[135.2,-12.1],[135.2,-12.2],[135.2,-12.3],[135.2,-12.4],[135.2,-12.5],[135.2,-12.6],[135.2,-12.7],[135.2,-12.8],[135.2,-12.9],[135.1,-12.9],[135.1,-13],[135.1,-13.1],[135,-13.1],[135,-13.2],[135,-13.3],[134.9,-13.3],[134.9,-13.4],[134.9,-13.5],[134.8,-13.6],[134.8,-13.7],[134.8,-13.8],[134.8,-13.9],[134.8,-14],[134.7,-14.1],[134.7,-14.2],[134.7,-14.3],[134.7,-14.4],[134.7,-14.5],[134.7,-14.6],[134.6,-14.6],[134.6,-14.7],[134.5,-14.7],[134.5,-14.8],[134.4,-14.9],[134.4,-15],[134.3,-15],[134.2,-15],[134.2,-15.1],[134.1,-15],[134,-15],[134,-14.9],[134,-14.8],[133.9,-14.8],[133.8,-14.8],[133.7,-14.7],[133.6,-14.7],[133.5,-14.7],[133.4,-14.7],[133.4,-14.6],[133.3,-14.6],[133.3,-14.5],[133.2,-14.5],[133.2,-14.4],[133.1,-14.4],[133.1,-14.3],[133,-14.3],[132.9,-14.3],[132.9,-14.2],[132.8,-14.2],[132.7,-14.2],[132.7,-14.1],[132.6,-14.1],[132.5,-14.1],[132.5,-14],[132.4,-14],[132.3,-13.9],[132.2,-13.9],[132.2,-13.8],[132.1,-13.8],[132,-13.7],[132,-13.6],[131.9,-13.6],[131.9,-13.5],[131.9,-13.4],[131.8,-13.4],[131.8,-13.3],[131.8,-13.2],[131.8,-13.1],[131.8,-13],[131.7,-12.9],[131.6,-12.9],[131.6,-12.8],[131.6,-12.7],[131.5,-12.7],[131.5,-12.6],[131.4,-12.6],[131.3,-12.6],[131.2,-12.6],[131.2,-12.5],[131.1,-12.5],[131.1,-12.4],[131.1,-12.3],[131,-12.3],[130.9,-12.3],[130.9,-12.2],[130.8,-12.2],[130.7,-12.1],[130.7,-12],[130.8,-12],[130.8,-11.9],[130.7,-11.9],[130.6,-11.9],[130.6,-11.8],[130.5,-11.8],[130.5,-11.7],[130.6,-11.7],[130.6,-11.6],[130.5,-11.6],[130.4,-11.6],[130.4,-11.5],[130.3,-11.5],[130.3,-11.4],[130.2,-11.3],[130.2,-11.2],[130.2,-11.1],[130.2,-11],[130.2,-10.9],[130.2,-10.8],[130.2,-10.7],[130.2,-10.6],[130.3,-10.6],[130.3,-10.5],[130.3,-10.4],[130.4,-10.4],[130.4,-10.3],[130.4,-10.2],[130.3,-10.2],[130.3,-10.1],[130.4,-10.1],[130.4,-10],[130.3,-10],[130.3,-9.9],[130.4,-9.9],[130.3,-9.8],[130.4,-9.7],[130.4,-9.6],[130.4,-9.5],[130.4,-9.4],[130.4,-8.9],[130.4,-9],[130.3,-9],[130.4,-8.8],[129.9,-7.3],[129.1,-5.7],[128.6,-5],[128.4,-4.7],[128.5,-4.4],[128.3,-4.3],[128.2,-4.4],[128,-4.1],[128.2,-3.8],[128,-3.6],[128,-3.3],[127.8,-2.6],[127.9,-2.6],[128.2,-2.5],[129,-3],[129.4,-3.3],[129.9,-3.6],[130.6,-4.4],[131.2,-4.4],[131.3,-4.3]]]]}},{"type":"Feature","properties":{},"geometry":{"type":"MultiPolygon","coordinates":[[[[121.4,-8.1],[121.4,-8.2],[121.5,-8.3],[121.5,-8.4],[121.6,-8.4],[121.6,-8.5],[121.6,-8.6],[121.6,-8.7],[121.6,-8.8],[121.5,-8.9],[121.5,-9],[121.4,-9.1],[121.4,-9.2],[121.5,-9.3],[121.5,-9.4],[121.5,-9.5],[121.4,-9.5],[121.3,-9.5],[121.3,-9.6],[121.3,-9.7],[121.3,-9.8],[121.3,-9.9],[121.3,-10],[121.3,-10.1],[121.4,-10.1],[121.5,-10.1],[121.5,-10.2],[121.5,-10.3],[121.6,-10.3],[121.6,-10.4],[121.6,-10.5],[121.6,-10.6],[121.7,-10.6],[121.8,-10.6],[121.9,-10.6],[122,-10.7],[122.1,-10.7],[122.2,-10.8],[122.3,-10.9],[122.3,-11],[122.4,-11],[122.4,-11.1],[122.3,-11.1],[122.4,-11.1],[122.5,-11.2],[122.6,-11.2],[122.7,-11.2],[122.7,-11.3],[123.3,-11.3],[123.8,-12.4],[124,-12.8],[124.1,-12.8],[124.2,-12.9],[124.3,-12.9],[124.4,-12.9],[124.5,-12.8],[124.6,-12.8],[124.6,-12.9],[124.9,-13],[125,-13],[125.1,-13.1],[125.2,-13.1],[125.2,-13.2],[125.3,-13.2],[125.4,-13.3],[125.5,-13.4],[125.6,-13.4],[125.6,-13.5],[125.7,-13.5],[125.6,-13.5],[125.6,-13.6],[125.5,-13.6],[125.6,-13.7],[125.7,-13.7],[125.7,-13.8],[125.8,-13.8],[125.9,-13.8],[126,-13.9],[126.1,-13.9],[126.2,-13.9],[126.3,-13.9],[126.4,-13.9],[126.5,-13.9],[126.5,-13.8],[126.6,-13.8],[126.7,-13.7],[126.8,-13.7],[126.8,-13.6],[126.9,-13.6],[126.9,-13.5],[126.9,-13.4],[126.9,-13.3],[126.8,-13.3],[126.8,-13.2],[126.7,-13.2],[126.6,-13.1],[126.7,-13.1],[126.8,-13.1],[126.8,-13],[126.9,-12.9],[126.9,-12.8],[127,-12.7],[127,-12.6],[126.9,-12.6],[126.9,-12.5],[126.9,-12.4],[126.9,-12.3],[126.9,-12.2],[127,-12.1],[126.9,-12.1],[126.9,-12],[127,-12],[127,-11.9],[127.1,-11.8],[127.1,-11.7],[127.2,-11.6],[127.3,-11.5],[127.3,-11.4],[127.4,-11.4],[127.5,-11.3],[127.6,-11.3],[127.8,-11.2],[127.9,-11.1],[128,-11],[128.1,-10.9],[128.1,-10.8],[128.2,-10.8],[128.2,-10.7],[128.3,-10.6],[128.4,-10.6],[128.4,-10.5],[128.5,-10.5],[128.5,-10.4],[128.6,-10.4],[128.6,-10.3],[128.7,-10.3],[128.7,-10.2],[128.8,-10.2],[128.8,-10.1],[128.9,-10.1],[128.9,-10],[129,-10],[129.1,-9.9],[129.2,-9.9],[129.2,-9.8],[129.3,-9.8],[129.4,-9.8],[129.4,-9.7],[129.5,-9.7],[129.6,-9.6],[129.7,-9.6],[129.8,-9.5],[129.9,-9.5],[130,-9.4],[130.3,-9],[130.4,-9],[130.4,-8.9],[130.5,-8.9],[130.4,-9.4],[130.4,-9.5],[130.4,-9.6],[130.4,-9.7],[130.3,-9.8],[130.4,-9.9],[130.3,-9.9],[130.3,-10],[130.4,-10],[130.4,-10.1],[130.3,-10.1],[130.3,-10.2],[130.4,-10.2],[130.4,-10.3],[130.4,-10.4],[130.3,-10.4],[130.3,-10.5],[130.3,-10.6],[130.2,-10.6],[130.2,-10.7],[130.2,-10.8],[130.2,-10.9],[130.2,-11],[130.2,-11.1],[130.2,-11.2],[130.2,-11.3],[130.3,-11.4],[130.3,-11.5],[130.4,-11.5],[130.4,-11.6],[130.5,-11.6],[130.6,-11.6],[130.6,-11.7],[130.5,-11.7],[130.5,-11.8],[130.6,-11.8],[130.6,-11.9],[130.7,-11.9],[130.8,-11.9],[130.8,-12],[130.7,-12],[130.7,-12.1],[130.8,-12.2],[130.9,-12.2],[131,-12.3],[131.1,-12.3],[131.1,-12.4],[131.1,-12.5],[131.2,-12.5],[131.2,-12.6],[131.3,-12.6],[131.4,-12.6],[131.5,-12.6],[131.5,-12.7],[131.6,-12.7],[131.6,-12.8],[131.7,-12.9],[131.8,-12.9],[131.8,-13],[131.8,-13.1],[131.8,-13.2],[131.8,-13.3],[131.8,-13.4],[131.9,-13.4],[131.9,-13.5],[131.9,-13.6],[132,-13.6],[132,-13.7],[132.1,-13.7],[132.1,-13.8],[132.2,-13.8],[132.2,-13.9],[132.3,-13.9],[132.4,-14],[132.5,-14],[132.6,-14.1],[132.7,-14.1],[132.7,-14.2],[132.8,-14.2],[132.9,-14.2],[132.9,-14.3],[133,-14.3],[133.1,-14.3],[133.1,-14.4],[133.2,-14.4],[133.2,-14.5],[133.3,-14.5],[133.3,-14.6],[133.4,-14.6],[133.5,-14.7],[133.6,-14.7],[133.7,-14.7],[133.8,-14.8],[133.9,-14.8],[134,-14.9],[134,-15],[134.1,-15],[134.2,-15.1],[134.2,-15],[134.3,-15],[134.3,-15.1],[134.2,-15.4],[134.2,-15.5],[134.1,-15.5],[134.1,-15.6],[134,-15.6],[133.9,-15.7],[133.8,-15.7],[133.8,-15.8],[133.7,-15.8],[133.7,-15.9],[133.6,-15.9],[133.6,-16],[133.5,-16],[133.4,-16.1],[133.3,-16.1],[133.2,-16.2],[133.1,-16.2],[133,-16.2],[132.9,-16.2],[132.8,-16.2],[132.7,-16.2],[132.7,-16.3],[132.6,-16.3],[132.5,-16.3],[132.4,-16.3],[132.3,-16.3],[132.2,-16.3],[132.1,-16.3],[132,-16.3],[131.9,-16.3],[131.8,-16.3],[131.7,-16.3],[131.6,-16.4],[131.5,-16.4],[131.4,-16.4],[131.3,-16.4],[131.2,-16.4],[131.1,-16.4],[131,-16.4],[131,-16.5],[131.1,-16.5],[131.1,-16.6],[131.2,-16.6],[131.2,-16.7],[131.3,-16.8],[131.3,-16.9],[131.4,-17],[131.4,-17.1],[131.5,-17.1],[131.5,-17.2],[131.6,-17.2],[131.6,-17.3],[131.7,-17.4],[131.7,-17.5],[131.7,-17.6],[131.6,-17.6],[131.6,-17.7],[131.5,-17.8],[131.5,-17.9],[131.4,-17.9],[131.3,-17.9],[131.2,-17.9],[131.1,-17.9],[131,-17.9],[130.9,-17.9],[130.9,-17.8],[130.8,-17.8],[130.7,-17.8],[130.6,-17.8],[130.5,-17.7],[130.4,-17.7],[130.3,-17.7],[130.2,-17.6],[130.1,-17.7],[130,-17.8],[130,-17.9],[130,-18],[130,-18.1],[130,-18.2],[129.9,-18.3],[129.9,-18.4],[129.9,-18.5],[129.9,-18.6],[129.9,-18.7],[129.9,-18.8],[129.8,-18.8],[129.8,-18.9],[129.8,-19],[129.8,-19.1],[129.8,-19.2],[129.8,-19.3],[129.7,-19.3],[129.7,-19.4],[129.6,-19.4],[129.6,-19.5],[129.5,-19.6],[129.4,-19.6],[129.4,-19.7],[129.3,-19.8],[129.2,-19.8],[129.1,-19.9],[129,-19.9],[129,-20],[128.9,-20],[128.8,-20],[128.8,-20.1],[128.7,-20.1],[128.6,-20.1],[128.6,-20.2],[128.5,-20.2],[128.4,-20.3],[128.4,-20.4],[128.3,-20.4],[128.2,-20.5],[128.1,-20.6],[128,-20.6],[128,-20.7],[127.9,-20.7],[127.9,-20.8],[127.8,-20.8],[127.8,-20.9],[127.7,-20.9],[127.6,-21],[127.6,-20.9],[127.5,-21],[127.4,-21],[127.3,-21],[127.2,-21],[127.2,-21.1],[127.1,-21.1],[127,-21.1],[126.9,-21.1],[126.8,-21.1],[126.7,-21.1],[126.6,-21.1],[126.5,-21.1],[126.4,-21.1],[126.3,-21.1],[126.2,-21.1],[126.1,-21.1],[126,-21.1],[125.9,-21.1],[125.8,-21.2],[125.7,-21.3],[125.6,-21.4],[125.6,-21.5],[125.5,-21.5],[125.5,-21.6],[125.4,-21.7],[125.4,-21.8],[125.3,-21.8],[125.3,-21.9],[125.2,-21.9],[125.1,-21.9],[125,-21.9],[124.9,-21.9],[124.9,-22],[124.8,-22],[124.7,-22],[124.7,-22.1],[124.6,-22.1],[124.6,-22.2],[124.5,-22.2],[124.5,-22.3],[124.4,-22.3],[124.3,-22.3],[124.2,-22.3],[124.1,-22.3],[124,-22.2],[123.9,-22.2],[123.9,-22.1],[123.8,-22.1],[123.8,-22],[123.7,-22],[123.7,-21.9],[123.6,-21.9],[123.6,-22],[123.5,-22],[123.4,-22.1],[123.4,-22.2],[123.3,-22.2],[123.2,-22.2],[123.2,-22.1],[123.1,-22.1],[123.1,-22],[123,-22],[123,-21.9],[122.9,-21.8],[122.8,-21.7],[122.7,-21.6],[122.7,-21.7],[122.7,-21.8],[122.7,-21.9],[122.6,-21.9],[122.6,-22],[122.6,-22.1],[122.5,-22.2],[122.5,-22.1],[122.5,-22],[122.4,-22],[122.4,-21.9],[122.3,-21.9],[122.2,-21.9],[122.2,-21.8],[122.1,-21.8],[122,-21.7],[121.9,-21.7],[121.8,-21.7],[121.8,-21.8],[121.7,-21.8],[121.6,-21.8],[121.5,-21.9],[121.4,-21.9],[121.3,-21.9],[121.2,-21.9],[121.2,-22],[121.1,-22],[121,-22.1],[120.9,-22.1],[120.9,-22.2],[120.8,-22.2],[120.7,-22.3],[120.6,-22.3],[120.5,-22.4],[120.4,-22.4],[120.3,-22.5],[120.2,-22.5],[120.1,-22.5],[120,-22.5],[119.9,-22.5],[119.8,-22.5],[119.7,-22.6],[119.6,-22.6],[119.5,-22.6],[119.4,-22.6],[119.4,-22.5],[119.3,-22.5],[119.2,-22.4],[119.1,-22.4],[119,-22.4],[118.9,-22.3],[118.8,-22.3],[118.7,-22.3],[118.6,-22.3],[118.5,-22.3],[118.5,-22.2],[118.4,-22.2],[118.3,-22.2],[118.2,-22.2],[118.2,-22.1],[118.1,-22.1],[118,-22],[117.9,-22],[117.8,-22],[117.8,-21.9],[117.7,-21.9],[117.7,-21.8],[117.6,-21.8],[117.5,-21.7],[117.4,-21.7],[117.3,-21.6],[117.2,-21.6],[117.1,-21.5],[117,-21.5],[117,-21.4],[117,-21.3],[117,-21.2],[116.9,-21.1],[116.8,-21.1],[116.7,-21],[116.6,-21],[116.5,-21],[116.4,-21],[116.3,-21],[116.2,-21],[116.1,-21],[116.1,-20.8],[115.9,-20.4],[115.9,-19.8],[115.5,-19.1],[115.5,-18.8],[115.7,-18.5],[115.7,-18.1],[115.9,-18.3],[116.8,-18.7],[116.4,-18.3],[116.7,-18.1],[116.6,-17.9],[116.2,-17.9],[116.2,-17.8],[116.1,-17.7],[115.9,-17.6],[116,-17.5],[116.1,-17.6],[116.4,-17.5],[116.4,-17.4],[116.7,-17.4],[116.7,-17.3],[117.2,-17],[116.5,-17],[116.7,-16.9],[116.5,-16.7],[116.2,-16.7],[116.2,-16.5],[116.3,-16.3],[116.4,-16.2],[116.7,-16.2],[116.6,-16.1],[116.4,-15.9],[116.6,-15.8],[116.7,-15.6],[116.5,-15.6],[116.3,-15.4],[116.4,-15.3],[116.5,-14.8],[116.6,-15],[116.8,-14.9],[116.7,-14.6],[116.5,-14.5],[116.5,-14.4],[116.6,-14.4],[116.8,-14.5],[116.9,-14.1],[117.1,-14.1],[117.2,-13.9],[117,-13.7],[117.4,-13.7],[117.6,-13.6],[118.4,-13.8],[118.7,-13.9],[118.9,-14.3],[118.9,-14.2],[118.9,-14],[119.1,-13.9],[119.2,-13.8],[119.1,-13.5],[119.5,-13.4],[119.8,-13.5],[119.7,-13.5],[119.7,-13.3],[120.1,-13.3],[119.9,-13],[120.1,-12.9],[120,-12.9],[119.9,-12.9],[119.8,-12.8],[119.6,-12.9],[119.5,-12.6],[119.4,-12.4],[119.4,-12.1],[119.4,-11.8],[119.2,-11.3],[119.3,-10.9],[119.4,-10.8],[119.2,-10.5],[119.5,-10.6],[119.7,-10.5],[119.4,-10.3],[119.6,-9.8],[120.4,-9.6],[120.6,-9.4],[120.6,-9.1],[120.5,-8.7],[120.3,-8.7],[120.2,-8.6],[119.7,-8.9],[119.6,-8.9],[119.7,-8.7],[119.7,-8.6],[120,-8.6],[120.5,-8.4],[121,-8.4],[121.2,-8.3],[121.4,-8.1]]]]}},{"type":"Feature","properties":{},"geometry":{"type":"MultiPolygon","coordinates":[[[[123.2,-7.1],[123.1,-7.4],[123.2,-7.3],[123.2,-7.1]]]]}},{"type":"Feature","properties":{},"geometry":{"type":"MultiPolygon","coordinates":[[[[123,-7.5],[122.9,-7.6],[122.9,-7.5],[123,-7.5]]]]}},{"type":"Feature","properties":{},"geometry":{"type":"MultiPolygon","coordinates":[[[[124.3,-7.4],[124.1,-7.5],[124.2,-7.4],[124.3,-7.4]]]]}},{"type":"Feature","properties":{},"geometry":{"type":"MultiPolygon","coordinates":[[[[124.5,-9.5],[124.5,-9.4],[124.4,-9.3],[124.5,-9.5]]]]}},{"type":"Feature","properties":{},"geometry":{"type":"MultiPolygon","coordinates":[[[[129,-9.6],[128.9,-9.5],[128.8,-9.4],[129,-9.6]]]]}},{"type":"Feature","properties":{},"geometry":{"type":"MultiPolygon","coordinates":[[[[118.6,-9.6],[118.8,-9.5],[118.9,-9.4],[119,-9.3],[119.4,-9.2],[119.4,-9.6],[118.6,-9.6]]]]}},{"type":"Feature","properties":{},"geometry":{"type":"MultiPolygon","coordinates":[[[[125,-8.2],[125.1,-8.2],[125.3,-8.4],[125,-8.6],[124.8,-8.5],[124.9,-8],[125,-8.2]]]]}},{"type":"Feature","properties":{},"geometry":{"type":"MultiPolygon","coordinates":[[[[118.5,-9.9],[118.6,-9.9],[118.9,-10.1],[118.4,-10.2],[118.5,-10.1],[118.4,-10],[118.5,-9.9]]]]}},{"type":"Feature","properties":{},"geometry":{"type":"MultiPolygon","coordinates":[[[[128.7,-8.7],[128.8,-9],[128.5,-9.1],[128.7,-8.7]]]]}},{"type":"Feature","properties":{},"geometry":{"type":"MultiPolygon","coordinates":[[[[131.5,-17.9],[131.5,-18],[131.5,-18.1],[131.5,-18.2],[131.5,-18.3],[131.5,-18.4],[131.5,-18.5],[131.5,-18.6],[131.5,-18.7],[131.5,-18.8],[131.5,-19],[131.2,-19.6],[130.8,-20],[130.5,-20.2],[130.2,-20.4],[130.2,-20.6],[130.6,-20.3],[130.8,-20.3],[130.5,-20.7],[130.1,-21.2],[129.6,-21.6],[129.6,-22],[129.1,-22.3],[128.9,-22.7],[128.6,-22.8],[128.2,-22.9],[127.9,-23],[127.7,-23.1],[127.2,-23],[127.1,-23],[127,-23],[126.9,-23],[126.8,-23],[126.8,-23.1],[126.7,-23.1],[126.7,-23.2],[126.6,-23.2],[126.5,-23.2],[126.4,-23.2],[126.3,-23.1],[126.2,-23.1],[126.2,-23.2],[126.1,-23.2],[126,-23.3],[125.9,-23.3],[125.9,-23.4],[125.8,-23.4],[125.8,-23.5],[125.7,-23.5],[125.7,-23.6],[125.6,-23.6],[125.5,-23.6],[125.4,-23.7],[125.3,-23.7],[125.2,-23.7],[125.2,-23.8],[125.1,-23.8],[125,-23.8],[124.9,-23.8],[124.8,-23.8],[124.7,-23.8],[124.6,-23.8],[124.5,-23.8],[124.4,-23.8],[124.3,-23.8],[124.2,-23.8],[124.1,-23.8],[124.1,-23.7],[124,-23.7],[123.5,-23.5],[123.3,-23.4],[123.2,-23.3],[123.1,-23.3],[123,-23.3],[122.9,-23.3],[122.8,-23.3],[122.7,-23.3],[122.6,-23.3],[122.5,-23.3],[122.4,-23.2],[122.3,-23.2],[122.2,-23.2],[122.1,-23.1],[122,-23.1],[121.9,-23],[121.8,-23],[121.7,-22.9],[121.6,-22.9],[121.6,-22.8],[121.5,-22.8],[121.4,-22.8],[121.4,-22.7],[121.3,-22.7],[121.3,-22.8],[121.2,-22.8],[121.1,-22.8],[121.1,-22.9],[121,-22.9],[120.9,-22.9],[120.9,-23],[120.8,-23],[120.7,-23],[120.7,-23.1],[120.6,-23.1],[120.5,-23.1],[120.5,-23.2],[120.4,-23.2],[120.4,-23.3],[120.3,-23.3],[120.2,-23.3],[120.2,-23.4],[120.1,-23.4],[120,-23.4],[119.9,-23.4],[119.8,-23.4],[119.7,-23.5],[119.6,-23.5],[119.5,-23.5],[119.4,-23.5],[119.3,-23.6],[119.2,-23.6],[119.1,-23.6],[119,-23.6],[118.9,-23.6],[118.8,-23.6],[118.8,-23.5],[118.7,-23.5],[118.6,-23.5],[118.5,-23.5],[118.5,-23.4],[118.4,-23.4],[118.3,-23.3],[118.2,-23.3],[118.2,-23.2],[118.1,-23.2],[118.1,-23.1],[118,-23.1],[117.9,-23.1],[117.9,-23],[117.8,-23],[117.7,-23],[117.7,-22.9],[117.6,-22.9],[117.6,-22.8],[117.5,-22.8],[117.4,-22.8],[117.4,-22.7],[117.3,-22.7],[117.2,-22.6],[117.1,-22.6],[117.1,-22.5],[117,-22.5],[116.9,-22.5],[116.9,-22.4],[116.8,-22.4],[116.7,-22.4],[116.7,-22.3],[116.6,-22.3],[116.5,-22.2],[116.4,-22.1],[116.3,-22.1],[116.2,-22.1],[116.1,-22],[116,-22],[115.9,-22],[116.1,-21],[116.2,-21],[116.3,-21],[116.4,-21],[116.5,-21],[116.6,-21],[116.7,-21],[116.8,-21.1],[116.9,-21.1],[117,-21.2],[117,-21.3],[117,-21.4],[117.1,-21.5],[117.2,-21.6],[117.3,-21.6],[117.4,-21.7],[117.5,-21.7],[117.6,-21.8],[117.7,-21.8],[117.7,-21.9],[117.8,-21.9],[117.8,-22],[117.9,-22],[118,-22],[118.1,-22.1],[118.2,-22.1],[118.3,-22.2],[118.4,-22.2],[118.5,-22.2],[118.5,-22.3],[118.6,-22.3],[118.7,-22.3],[118.8,-22.3],[118.9,-22.4],[119,-22.4],[119.1,-22.4],[119.2,-22.4],[119.3,-22.4],[119.3,-22.5],[119.4,-22.5],[119.4,-22.6],[119.5,-22.6],[119.6,-22.6],[119.7,-22.6],[119.8,-22.5],[119.9,-22.5],[120,-22.5],[120.1,-22.5],[120.2,-22.5],[120.3,-22.5],[120.4,-22.4],[120.5,-22.4],[120.6,-22.3],[120.7,-22.3],[120.8,-22.2],[120.9,-22.2],[120.9,-22.1],[121,-22.1],[121.1,-22],[121.2,-22],[121.2,-21.9],[121.3,-21.9],[121.4,-21.9],[121.5,-21.9],[121.5,-21.8],[121.6,-21.8],[121.7,-21.8],[121.8,-21.8],[121.8,-21.7],[121.9,-21.7],[122,-21.7],[122.1,-21.8],[122.2,-21.8],[122.2,-21.9],[122.3,-21.9],[122.4,-21.9],[122.4,-22],[122.5,-22],[122.5,-22.1],[122.5,-22.2],[122.6,-22.1],[122.6,-22],[122.6,-21.9],[122.7,-21.9],[122.7,-21.8],[122.7,-21.7],[122.7,-21.6],[122.8,-21.7],[122.9,-21.8],[123,-21.9],[123.1,-22],[123.1,-22.1],[123.2,-22.1],[123.2,-22.2],[123.3,-22.2],[123.4,-22.2],[123.4,-22.1],[123.5,-22],[123.6,-22],[123.6,-21.9],[123.7,-21.9],[123.8,-22],[123.8,-22.1],[123.9,-22.1],[124,-22.2],[124.1,-22.3],[124.2,-22.3],[124.3,-22.3],[124.4,-22.3],[124.5,-22.3],[124.5,-22.2],[124.6,-22.2],[124.7,-22.1],[124.8,-22],[124.9,-21.9],[125,-21.9],[125.1,-21.9],[125.2,-21.9],[125.3,-21.9],[125.3,-21.8],[125.4,-21.8],[125.4,-21.7],[125.5,-21.6],[125.6,-21.5],[125.6,-21.4],[125.8,-21.2],[125.9,-21.2],[125.9,-21.1],[126,-21.1],[126.1,-21.1],[126.2,-21.1],[126.3,-21.1],[126.4,-21.1],[126.5,-21.1],[126.6,-21.1],[126.7,-21.1],[126.8,-21.1],[126.9,-21.1],[127,-21.1],[127.1,-21.1],[127.2,-21.1],[127.2,-21],[127.3,-21],[127.4,-21],[127.5,-21],[127.6,-20.9],[127.7,-20.9],[127.8,-20.8],[127.9,-20.8],[127.9,-20.7],[128,-20.7],[128.1,-20.6],[128.2,-20.5],[128.3,-20.4],[128.4,-20.3],[128.5,-20.2],[128.6,-20.2],[128.6,-20.1],[128.7,-20.1],[128.8,-20.1],[128.8,-20],[128.9,-20],[129,-20],[129,-19.9],[129.1,-19.9],[129.2,-19.9],[129.2,-19.8],[129.3,-19.8],[129.4,-19.7],[129.5,-19.6],[129.6,-19.5],[129.6,-19.4],[129.7,-19.4],[129.7,-19.3],[129.8,-19.3],[129.8,-19.2],[129.8,-19.1],[129.8,-19],[129.8,-18.9],[129.8,-18.8],[129.9,-18.8],[129.9,-18.7],[129.9,-18.6],[129.9,-18.5],[129.9,-18.4],[129.9,-18.3],[130,-18.2],[130,-18.1],[130,-18],[130,-17.9],[130,-17.8],[130.1,-17.8],[130.1,-17.7],[130.2,-17.6],[130.3,-17.7],[130.4,-17.7],[130.5,-17.7],[130.6,-17.8],[130.7,-17.8],[130.8,-17.8],[130.9,-17.8],[130.9,-17.9],[131,-17.9],[131.1,-17.9],[131.2,-17.9],[131.3,-17.9],[131.4,-17.9],[131.5,-17.9]]]]}},{"type":"Feature","properties":{},"geometry":{"type":"MultiPolygon","coordinates":[[[[130.9,-20.2],[131.5,-20.1],[132,-20],[132.4,-19.9],[132.7,-19.9],[133.2,-19.8],[133.6,-19.7],[134,-19.7],[134.1,-19.7],[134.5,-19.7],[134.6,-19.7],[134.8,-19.7],[135.1,-19.7],[135.2,-19.7],[135.7,-19.7],[135.8,-19.6],[136.1,-19.6],[136.5,-19.6],[136.9,-19.5],[137.1,-19.3],[137.9,-18.9],[138.4,-18.9],[138.7,-18.9],[138.8,-19.2],[138.9,-19.2],[139,-19.2],[139.1,-19.1],[139.1,-19.2],[139.2,-19.2],[139.2,-19.3],[139.3,-19.3],[139.3,-19.4],[139.4,-19.4],[139.5,-19.4],[139.6,-19.4],[139.6,-19.5],[139.7,-19.5],[139.8,-19.5],[139.8,-19.6],[139.9,-19.6],[139.9,-19.7],[140,-19.7],[140.1,-19.8],[140.2,-19.8],[140.2,-19.9],[140.2,-20],[140.1,-20.1],[139.9,-20.6],[139.7,-20.8],[139.6,-21.1],[139.3,-21.6],[139.2,-22.2],[139.1,-22.3],[139.2,-22.5],[139.5,-22.9],[139.6,-23.3],[139.7,-23.5],[139.9,-23.9],[140.1,-24.2],[140.1,-24.3],[140.2,-24.4],[139.8,-24.8],[139.6,-24],[139.1,-24.6],[138.9,-25],[138.8,-24.6],[138.4,-24.1],[138.3,-23.3],[137.7,-22.7],[137.6,-23.2],[137.6,-24],[137.6,-25],[137.6,-25.4],[137.6,-25.6],[137,-25.4],[137.3,-25.4],[136.5,-25],[135.7,-24.7],[135.4,-24.9],[135.2,-24.8],[135,-24.6],[134.7,-24.5],[134.1,-24.5],[134.1,-24.6],[133.2,-25],[131.9,-25.3],[130.2,-27.3],[128.8,-28.8],[128.3,-30.8],[128,-31.6],[127.4,-32],[127,-32.3],[126.8,-32.4],[126.8,-32.3],[126.7,-32.3],[126.7,-32.2],[126.7,-32.1],[126.7,-32],[126.7,-31.9],[126.8,-31.9],[126.8,-31.8],[126.7,-31.8],[126.7,-31.7],[126.8,-31.6],[126.8,-31.5],[126.9,-31.5],[126.9,-31.4],[126.9,-31.3],[127,-31.3],[127,-31.4],[127,-31.5],[127,-31.6],[127,-31.7],[126.9,-31.7],[126.9,-31.8],[126.9,-31.9],[127,-31.9],[127,-31.8],[127,-31.7],[127.1,-31.7],[127.1,-31.6],[127.1,-31.5],[127.1,-31.4],[127.1,-31.3],[127.1,-31.2],[127,-31.2],[127,-31.1],[127,-31],[126.9,-30.9],[126.9,-30.8],[126.9,-30.7],[126.8,-30.7],[126.8,-30.6],[126.7,-30.5],[126.6,-30.6],[126.6,-30.7],[126.5,-30.7],[126.4,-30.7],[126.4,-30.6],[126.3,-30.6],[126.3,-30.5],[126.2,-30.5],[126.2,-30.4],[126.2,-30.3],[126.2,-30.2],[126.2,-30.1],[126.2,-30],[126.2,-29.9],[126.2,-29.8],[126.2,-29.7],[126.2,-29.6],[126.2,-29.5],[126.2,-29.4],[126.3,-29.3],[126.2,-29.2],[126.2,-29.1],[126.2,-29],[126.2,-28.9],[126.2,-28.8],[126.1,-28.8],[126.1,-28.7],[126.1,-28.6],[126.1,-28.5],[126.1,-28.4],[126,-28.3],[126,-28.2],[125.9,-28.1],[125.9,-28],[125.8,-27.9],[125.8,-27.8],[125.8,-27.7],[125.7,-27.6],[125.7,-27.5],[125.7,-27.6],[125.7,-27.7],[125.6,-27.8],[125.5,-27.8],[125.5,-27.7],[125.5,-27.6],[125.4,-27.6],[125.4,-27.5],[125.3,-27.4],[125.3,-27.3],[125.3,-27.2],[125.3,-27.1],[125.3,-27],[125.3,-26.9],[125.3,-26.8],[125.3,-26.7],[125.3,-26.6],[125.3,-26.5],[125.3,-26.4],[125.3,-26.3],[125.3,-26.2],[125.3,-26.1],[125.3,-26],[125.3,-25.9],[125.3,-25.8],[125.3,-25.7],[125.3,-25.6],[125.4,-25.6],[125.4,-25.5],[125.4,-25.4],[125.5,-25.4],[125.5,-25.3],[125.5,-25.2],[125.5,-25.1],[125.5,-25],[125.6,-25],[125.6,-24.9],[125.6,-24.8],[125.9,-24.7],[126.2,-24.6],[126.3,-24.2],[126.1,-23.2],[126.2,-23.2],[126.2,-23.1],[126.3,-23.1],[126.4,-23.2],[126.5,-23.2],[126.6,-23.2],[126.7,-23.2],[126.7,-23.1],[126.8,-23.1],[126.8,-23],[126.9,-23],[127,-23],[127.1,-23],[127.2,-23],[127.8,-23.1],[127.9,-22.9],[128.3,-22.9],[128.6,-22.8],[129,-22.7],[129.3,-22.2],[129.6,-21.9],[129.7,-21.6],[130.2,-21.2],[130.5,-20.7],[130.9,-20.2]]]]}},{"type":"Feature","properties":{},"geometry":{"type":"MultiPolygon","coordinates":[[[[123.3,-36.2],[123.2,-36.1],[123.1,-36.1],[123,-36],[123,-35.9],[123.1,-35.9],[123.1,-35.8],[123.2,-35.8],[123.2,-35.7],[123.3,-35.7],[123.3,-35.6],[123.4,-35.6],[123.5,-35.6],[123.5,-35.5],[123.6,-35.5],[123.7,-35.5],[123.7,-35.4],[123.8,-35.4],[123.9,-35.3],[124,-35.3],[124.1,-35.2],[124.2,-35.2],[124.2,-35.1],[124.3,-35.1],[124.4,-35],[124.5,-35],[124.6,-35],[124.6,-34.9],[124.7,-34.9],[124.7,-34.8],[124.8,-34.8],[124.8,-34.7],[124.9,-34.7],[125,-34.6],[125,-34.5],[125.1,-34.5],[125.1,-34.4],[125.2,-34.4],[125.2,-34.3],[125.3,-34.3],[125.3,-34.2],[125.4,-34.2],[125.4,-34.1],[125.5,-34],[125.5,-33.9],[125.6,-33.9],[125.6,-34.1],[125.3,-34.5],[125.2,-35.1],[125,-35.3],[124.9,-35.5],[124.2,-36],[123.9,-36.1],[123.3,-36.2]]]]}},{"type":"Feature","properties":{},"geometry":{"type":"MultiPolygon","coordinates":[[[[139.6,-25.1],[139.9,-25.1],[139.4,-25.5],[138.9,-25.8],[139.6,-25.1]]]]}},{"type":"Feature","properties":{},"geometry":{"type":"MultiPolygon","coordinates":[[[[123,-36],[123.1,-36.1],[123.2,-36.1],[123.3,-36.2],[122.5,-36.4],[122,-35.8],[121.1,-34.6],[121,-34.2],[118.8,-33.4],[117.4,-32.5],[116.3,-32],[114.4,-31.3],[114.9,-31.5],[115.1,-31.5],[114.2,-30.9],[114.6,-30.9],[115,-31.1],[115.1,-30.7],[114,-30.3],[112.9,-29.5],[112.1,-28.4],[112.3,-28],[112.6,-28],[112.5,-27.7],[112.5,-27.4],[112.8,-26.6],[112.9,-26.6],[112.9,-26.7],[112.9,-26.8],[112.8,-26.8],[112.8,-26.9],[112.8,-27],[112.8,-27.1],[112.8,-27.2],[112.8,-27.3],[112.8,-27.4],[112.8,-27.5],[112.8,-27.6],[112.9,-27.7],[113,-27.8],[113.1,-27.9],[113.2,-28],[113.2,-28.1],[113.3,-28.2],[113.4,-28.3],[113.5,-28.4],[113.5,-28.5],[113.6,-28.5],[113.7,-28.6],[113.8,-28.8],[113.9,-28.9],[114,-29],[114.1,-29.1],[114.2,-29.1],[114.2,-29.2],[114.3,-29.2],[114.3,-29.3],[114.4,-29.3],[114.5,-29.3],[114.5,-29.4],[114.6,-29.4],[114.6,-29.5],[114.7,-29.5],[114.8,-29.5],[114.8,-29.6],[114.9,-29.6],[115,-29.7],[115.1,-29.7],[115.2,-29.7],[115.2,-29.8],[115.4,-29.8],[115.5,-29.9],[115.6,-29.9],[115.7,-29.9],[115.8,-29.9],[115.8,-30],[115.9,-30],[116,-30.1],[116.1,-30.1],[116.1,-30.2],[116.2,-30.2],[116.2,-30.3],[116.3,-30.3],[116.3,-30.4],[116.4,-30.5],[116.5,-30.5],[116.5,-30.6],[116.6,-30.6],[116.6,-30.7],[116.7,-30.7],[116.7,-30.8],[116.8,-30.8],[116.8,-30.9],[116.9,-30.9],[116.9,-31],[117,-31],[117,-31.1],[117.1,-31.1],[117.1,-31.2],[117.2,-31.2],[117.2,-31.3],[117.3,-31.3],[117.3,-31.4],[117.4,-31.4],[117.5,-31.5],[117.6,-31.6],[117.7,-31.6],[117.7,-31.7],[117.8,-31.7],[117.9,-31.8],[118,-31.9],[118.1,-32],[118.2,-32],[118.2,-32.1],[118.3,-32.1],[118.4,-32.1],[118.4,-32.2],[118.5,-32.2],[118.6,-32.2],[118.6,-32.3],[118.7,-32.3],[118.8,-32.3],[118.8,-32.4],[118.9,-32.4],[119,-32.4],[119,-32.5],[119.1,-32.5],[119.2,-32.6],[119.3,-32.6],[119.3,-32.7],[119.4,-32.7],[119.5,-32.8],[119.6,-32.8],[119.6,-32.9],[119.7,-32.9],[119.7,-33],[119.8,-33],[119.9,-33],[119.9,-33.1],[120,-33.2],[120.1,-33.2],[120.1,-33.3],[120.2,-33.3],[120.3,-33.4],[120.4,-33.4],[120.4,-33.5],[120.5,-33.6],[120.6,-33.6],[120.6,-33.7],[120.7,-33.7],[120.7,-33.8],[120.8,-33.8],[120.9,-33.9],[121,-34],[121.1,-34.1],[121.2,-34.2],[121.3,-34.3],[121.4,-34.4],[121.4,-34.5],[121.5,-34.6],[121.6,-34.6],[121.6,-34.7],[121.7,-34.7],[121.7,-34.8],[121.8,-34.8],[121.8,-34.9],[121.8,-35],[121.9,-35],[121.9,-35.1],[122,-35.1],[122.1,-35.2],[122.2,-35.3],[122.3,-35.4],[122.3,-35.5],[122.4,-35.5],[122.4,-35.6],[122.5,-35.6],[122.6,-35.7],[122.7,-35.8],[122.8,-35.9],[122.9,-36],[123,-36]]]]}},{"type":"Feature","properties":{},"geometry":{"type":"MultiPolygon","coordinates":[[[[126.1,-23.2],[126.3,-24.2],[126.2,-24.6],[125.9,-24.7],[125.6,-24.8],[125.6,-24.9],[125.6,-25],[125.5,-25],[125.5,-25.1],[125.5,-25.2],[125.5,-25.3],[125.5,-25.4],[125.4,-25.4],[125.4,-25.5],[125.4,-25.6],[125.3,-25.6],[125.3,-25.7],[125.3,-25.8],[125.3,-25.9],[125.3,-26],[125.3,-26.1],[125.3,-26.2],[125.3,-26.3],[125.3,-26.4],[125.3,-26.5],[125.3,-26.6],[125.3,-26.7],[125.3,-26.8],[125.3,-26.9],[125.3,-27],[125.3,-27.1],[125.3,-27.2],[125.3,-27.3],[125.3,-27.4],[125.4,-27.5],[125.4,-27.6],[125.5,-27.6],[125.5,-27.7],[125.5,-27.8],[125.6,-27.8],[125.7,-27.7],[125.7,-27.6],[125.7,-27.5],[125.7,-27.6],[125.8,-27.7],[125.8,-27.8],[125.8,-27.9],[125.9,-28],[125.9,-28.1],[126,-28.2],[126,-28.3],[126.1,-28.4],[126.1,-28.5],[126.1,-28.6],[126.1,-28.7],[126.1,-28.8],[126.2,-28.8],[126.2,-28.9],[126.2,-29],[126.2,-29.1],[126.2,-29.2],[126.3,-29.3],[126.2,-29.4],[126.2,-29.5],[126.2,-29.6],[126.2,-29.7],[126.2,-29.8],[126.2,-29.9],[126.2,-30],[126.2,-30.1],[126.2,-30.2],[126.2,-30.3],[126.2,-30.4],[126.2,-30.5],[126.3,-30.5],[126.3,-30.6],[126.4,-30.6],[126.4,-30.7],[126.5,-30.7],[126.6,-30.7],[126.6,-30.6],[126.7,-30.5],[126.8,-30.6],[126.8,-30.7],[126.9,-30.7],[126.9,-30.8],[126.9,-30.9],[127,-31],[127,-31.1],[127,-31.2],[127.1,-31.2],[127.1,-31.3],[127.1,-31.4],[127.1,-31.5],[127.1,-31.6],[127.1,-31.7],[127,-31.7],[127,-31.8],[127,-31.9],[126.9,-31.9],[126.9,-31.8],[126.9,-31.7],[127,-31.7],[127,-31.6],[127,-31.5],[127,-31.4],[127,-31.3],[126.9,-31.3],[126.9,-31.4],[126.9,-31.5],[126.8,-31.5],[126.8,-31.6],[126.7,-31.7],[126.7,-31.8],[126.8,-31.8],[126.8,-31.9],[126.7,-31.9],[126.7,-32],[126.7,-32.1],[126.7,-32.2],[126.7,-32.3],[126.8,-32.3],[126.8,-32.4],[126.6,-32.5],[125.6,-33.8],[125.5,-33.9],[125.5,-34],[125.4,-34.1],[125.4,-34.2],[125.3,-34.2],[125.3,-34.3],[125.2,-34.3],[125.2,-34.4],[125.1,-34.4],[125.1,-34.5],[125,-34.5],[125,-34.6],[124.9,-34.6],[124.9,-34.7],[124.8,-34.8],[124.7,-34.8],[124.7,-34.9],[124.6,-34.9],[124.6,-35],[124.5,-35],[124.4,-35],[124.3,-35.1],[124.2,-35.1],[124.2,-35.2],[124.1,-35.2],[124,-35.2],[124,-35.3],[123.9,-35.3],[123.9,-35.4],[123.8,-35.4],[123.7,-35.4],[123.7,-35.5],[123.6,-35.5],[123.5,-35.5],[123.4,-35.6],[123.3,-35.6],[123.3,-35.7],[123.2,-35.7],[123.2,-35.8],[123.1,-35.8],[123.1,-35.9],[123,-35.9],[123,-36],[122.9,-36],[122.9,-35.9],[122.8,-35.9],[122.7,-35.8],[122.6,-35.8],[122.6,-35.7],[122.5,-35.6],[122.4,-35.6],[122.3,-35.5],[122.3,-35.4],[122.2,-35.3],[122.1,-35.3],[122,-35.2],[122,-35.1],[121.9,-35],[121.8,-34.9],[121.8,-34.8],[121.7,-34.8],[121.7,-34.7],[121.6,-34.7],[121.6,-34.6],[121.5,-34.6],[121.5,-34.5],[121.4,-34.5],[121.3,-34.4],[121.2,-34.3],[121.2,-34.2],[121.1,-34.2],[121.1,-34.1],[121,-34],[120.9,-34],[120.9,-33.9],[120.8,-33.8],[120.7,-33.7],[120.6,-33.6],[120.5,-33.6],[120.5,-33.5],[120.4,-33.5],[120.3,-33.4],[120.2,-33.4],[120.2,-33.3],[120.1,-33.2],[120,-33.2],[120,-33.1],[119.9,-33.1],[119.8,-33],[119.7,-33],[119.7,-32.9],[119.6,-32.9],[119.6,-32.8],[119.5,-32.8],[119.4,-32.7],[119.3,-32.6],[119.2,-32.6],[119.1,-32.5],[119,-32.4],[118.9,-32.4],[118.8,-32.4],[118.8,-32.3],[118.7,-32.3],[118.6,-32.3],[118.6,-32.2],[118.5,-32.2],[118.4,-32.2],[118.4,-32.1],[118.3,-32.1],[118.2,-32.1],[118.2,-32],[118.1,-32],[118,-31.9],[117.9,-31.9],[117.9,-31.8],[117.8,-31.8],[117.8,-31.7],[117.7,-31.7],[117.6,-31.6],[117.5,-31.5],[117.4,-31.5],[117.4,-31.4],[117.3,-31.4],[117.3,-31.3],[117.2,-31.3],[117.2,-31.2],[117.1,-31.2],[117.1,-31.1],[117,-31.1],[117,-31],[116.9,-31],[116.8,-30.9],[116.7,-30.8],[116.6,-30.7],[116.5,-30.6],[116.4,-30.5],[116.4,-30.4],[116.3,-30.4],[116.3,-30.3],[116.2,-30.3],[116.2,-30.2],[116.1,-30.2],[116.1,-30.1],[116,-30.1],[115.9,-30],[115.8,-30],[115.7,-29.9],[115.6,-29.9],[115.5,-29.9],[115.3,-29.8],[115.2,-29.8],[115.1,-29.7],[115,-29.7],[114.8,-29.6],[114.7,-29.5],[114.6,-29.5],[114.5,-29.4],[114.5,-29.3],[114.4,-29.3],[114.3,-29.3],[114.3,-29.2],[114.2,-29.2],[114.1,-29.1],[114,-29],[114,-28.9],[113.9,-28.8],[113.7,-28.7],[113.7,-28.6],[113.6,-28.5],[113.5,-28.4],[113.4,-28.4],[113.3,-28.2],[113.2,-28],[113.1,-28],[113.1,-27.9],[113,-27.8],[112.9,-27.7],[112.8,-27.6],[112.8,-27.5],[112.8,-27.4],[112.8,-27.3],[112.8,-27.2],[112.8,-27.1],[112.8,-27],[112.8,-26.9],[112.8,-26.8],[112.9,-26.8],[112.9,-26.7],[112.8,-26.6],[112.9,-26.5],[113.1,-25.7],[113.3,-25.2],[113.4,-25.1],[113.7,-24.9],[114.2,-24.5],[114.3,-24],[114.9,-23.2],[115.3,-22.8],[115.9,-22],[116,-22],[116.1,-22],[116.2,-22],[116.2,-22.1],[116.3,-22.1],[116.4,-22.1],[116.5,-22.2],[116.6,-22.2],[116.6,-22.3],[116.7,-22.3],[116.8,-22.4],[116.9,-22.4],[116.9,-22.5],[117,-22.5],[117.1,-22.5],[117.1,-22.6],[117.2,-22.6],[117.2,-22.7],[117.3,-22.7],[117.4,-22.7],[117.4,-22.8],[117.5,-22.8],[117.6,-22.8],[117.6,-22.9],[117.7,-22.9],[117.7,-23],[117.8,-23],[117.9,-23],[118,-23.1],[118.1,-23.2],[118.2,-23.2],[118.2,-23.3],[118.3,-23.3],[118.4,-23.3],[118.4,-23.4],[118.5,-23.4],[118.5,-23.5],[118.6,-23.5],[118.7,-23.5],[118.8,-23.5],[118.8,-23.6],[118.9,-23.6],[119,-23.6],[119.1,-23.6],[119.2,-23.6],[119.3,-23.6],[119.4,-23.5],[119.5,-23.5],[119.6,-23.5],[119.7,-23.5],[119.8,-23.4],[119.9,-23.4],[120,-23.4],[120.1,-23.4],[120.2,-23.4],[120.2,-23.3],[120.3,-23.3],[120.4,-23.3],[120.5,-23.2],[120.5,-23.1],[120.6,-23.1],[120.7,-23.1],[120.7,-23],[120.8,-23],[120.9,-23],[120.9,-22.9],[121,-22.9],[121.1,-22.9],[121.1,-22.8],[121.2,-22.8],[121.3,-22.8],[121.3,-22.7],[121.4,-22.7],[121.4,-22.8],[121.5,-22.8],[121.6,-22.8],[121.6,-22.9],[121.7,-22.9],[121.8,-23],[121.9,-23],[122,-23.1],[122.1,-23.1],[122.2,-23.1],[122.2,-23.2],[122.3,-23.2],[122.4,-23.2],[122.5,-23.3],[122.6,-23.3],[122.7,-23.3],[122.8,-23.3],[122.9,-23.3],[123,-23.3],[123.1,-23.3],[123.2,-23.3],[123.3,-23.4],[123.9,-23.6],[124,-23.7],[124.1,-23.7],[124.1,-23.8],[124.2,-23.8],[124.3,-23.8],[124.4,-23.8],[124.5,-23.8],[124.6,-23.8],[124.7,-23.8],[124.8,-23.8],[124.9,-23.8],[125,-23.8],[125.1,-23.8],[125.2,-23.8],[125.2,-23.7],[125.3,-23.7],[125.4,-23.7],[125.5,-23.6],[125.6,-23.6],[125.7,-23.6],[125.7,-23.5],[125.8,-23.5],[125.9,-23.4],[126,-23.3],[126,-23.2],[126.1,-23.2]]]]}},{"type":"Feature","properties":{},"geometry":{"type":"MultiPolygon","coordinates":[[[[121.5,-8.2],[121.6,-8.2],[121.8,-8.1],[121.9,-8.2],[121.9,-8.1],[122.1,-8],[122.3,-7.8],[122.7,-7.9],[122.9,-7.8],[122.9,-7.7],[123,-7.6],[123.2,-7.2],[123.1,-7.4],[123.2,-7.4],[123.2,-7.5],[123.3,-7.5],[123.3,-7.3],[123.4,-7.2],[123.4,-7.3],[123.4,-7.4],[123.5,-7.3],[123.5,-7.5],[123.6,-7.5],[123.6,-7.4],[123.8,-7.3],[123.8,-7.1],[123.7,-7.1],[123.6,-7.1],[123.6,-7],[123.7,-6.7],[123.7,-6.8],[123.8,-6.8],[123.9,-6.9],[124,-7],[124.1,-6.9],[124,-6.9],[124,-6.8],[124.1,-6.8],[124.2,-6.8],[124.2,-6.9],[124.3,-6.8],[124.3,-6.9],[124.3,-7.1],[124.2,-7],[124.2,-7.1],[124.3,-7.1],[124.3,-7.3],[124.2,-7.3],[124.3,-7.4],[124.2,-7.4],[124.1,-7.5],[124.2,-7.5],[124.3,-7.5],[124.4,-7.6],[124.3,-7.6],[124.4,-7.6],[124.4,-7.7],[124.4,-7.8],[124.4,-8],[124.4,-7.9],[124.3,-7.9],[124.2,-7.8],[124.2,-7.9],[124.2,-8],[124.1,-8],[124.1,-8.1],[124,-8.1],[124,-8.2],[124.1,-8.3],[124.1,-8.4],[124.1,-8.5],[124.3,-8.5],[124.4,-8.5],[124.4,-8.7],[124.5,-8.9],[124.4,-9.1],[124.4,-9.3],[124.5,-9.4],[124.5,-9.5],[124.5,-9.6],[124.4,-9.6],[124.4,-9.7],[124.8,-9.9],[124.9,-9.8],[125.2,-9.8],[125.5,-9.7],[126.2,-9.9],[126.4,-9.8],[126.4,-9.7],[127.3,-9.6],[127.5,-9.6],[127.9,-9.6],[128.1,-9.6],[128.2,-9.5],[128.3,-9.5],[128.5,-9.4],[128.7,-9.4],[128.8,-9.5],[128.9,-9.5],[129,-9.6],[129.1,-9.6],[129.4,-9.6],[129.6,-9.5],[129.9,-9.5],[130,-9.4],[129.9,-9.5],[129.7,-9.6],[129.6,-9.6],[129.5,-9.7],[129.4,-9.7],[129.4,-9.8],[129.3,-9.8],[129.2,-9.8],[129.2,-9.9],[129.1,-9.9],[129,-10],[128.9,-10],[128.9,-10.1],[128.8,-10.1],[128.8,-10.2],[128.7,-10.2],[128.7,-10.3],[128.6,-10.3],[128.6,-10.4],[128.5,-10.4],[128.5,-10.5],[128.4,-10.5],[128.4,-10.6],[128.3,-10.6],[128.3,-10.7],[128.2,-10.7],[128.2,-10.8],[128.1,-10.8],[128.1,-10.9],[128,-11],[128,-11.1],[127.9,-11.1],[127.8,-11.2],[127.7,-11.3],[127.6,-11.3],[127.5,-11.3],[127.4,-11.4],[127.3,-11.5],[127.2,-11.5],[127.2,-11.6],[127.2,-11.7],[127.1,-11.8],[127,-11.9],[126.9,-12],[126.9,-12.1],[126.9,-12.2],[126.9,-12.3],[126.9,-12.4],[126.9,-12.5],[126.9,-12.6],[127,-12.6],[127,-12.7],[127,-12.8],[126.9,-12.8],[126.9,-12.9],[126.8,-13],[126.7,-13.1],[126.6,-13.1],[126.6,-13.2],[126.7,-13.2],[126.8,-13.2],[126.8,-13.3],[126.9,-13.3],[126.9,-13.4],[126.9,-13.5],[126.9,-13.6],[126.8,-13.6],[126.8,-13.7],[126.7,-13.7],[126.6,-13.8],[126.5,-13.9],[126.4,-13.9],[126.3,-13.9],[126.2,-13.9],[126.1,-13.9],[126,-13.9],[125.9,-13.8],[125.8,-13.8],[125.7,-13.7],[125.6,-13.7],[125.5,-13.7],[125.6,-13.6],[125.6,-13.5],[125.7,-13.5],[125.6,-13.5],[125.6,-13.4],[125.5,-13.4],[125.4,-13.3],[125.3,-13.3],[125.3,-13.2],[125.2,-13.2],[125.2,-13.1],[125.1,-13.1],[125,-13],[124.8,-13],[124.6,-12.9],[124.6,-12.8],[124.5,-12.8],[124.4,-12.9],[124.3,-12.9],[124.2,-12.9],[124.1,-12.8],[124,-12.8],[123.6,-11.9],[122.8,-11.4],[122.7,-11.3],[122.6,-11.2],[122.5,-11.2],[122.4,-11.1],[122.3,-11.1],[122.4,-11.1],[122.4,-11],[122.3,-11],[122.3,-10.9],[122.2,-10.8],[122.1,-10.7],[122,-10.7],[121.9,-10.6],[121.8,-10.6],[121.7,-10.6],[121.6,-10.6],[121.6,-10.5],[121.6,-10.4],[121.5,-10.3],[121.5,-10.2],[121.5,-10.1],[121.4,-10.1],[121.3,-10],[121.3,-9.9],[121.3,-9.8],[121.3,-9.7],[121.3,-9.6],[121.3,-9.5],[121.4,-9.5],[121.5,-9.5],[121.5,-9.4],[121.5,-9.3],[121.5,-9.2],[121.4,-9.2],[121.4,-9.1],[121.4,-9],[121.5,-9],[121.5,-8.9],[121.5,-8.8],[121.6,-8.8],[121.6,-8.7],[121.6,-8.6],[121.6,-8.5],[121.6,-8.4],[121.5,-8.4],[121.5,-8.3],[121.4,-8.3],[121.4,-8.2],[121.5,-8.1],[121.5,-8.2]]]]}},{"type":"Feature","properties":{},"geometry":{"type":"MultiPolygon","coordinates":[[[[115.5,-54.1],[114.2,-52.4],[113.9,-51.1],[114.7,-48.9],[115.6,-47.9],[115.8,-47.9],[115.9,-48.4],[116,-48.9],[115.5,-49.6],[115.3,-50.6],[115.5,-51.6],[115,-53.4],[115.1,-53.8],[115.5,-54.1]]]]}},{"type":"Feature","properties":{},"geometry":{"type":"MultiPolygon","coordinates":[[[[87.9,-44.1],[88.7,-44],[92.7,-44.4],[97.5,-45.6],[97.3,-46],[93.6,-45.8],[93.2,-48.1],[92.1,-50.1],[90.1,-50.4],[90.5,-51.9],[92.8,-53.1],[96.5,-53.6],[97.4,-55.4],[97.1,-55.1],[97.2,-54.8],[96.6,-54.9],[96.6,-55.3],[96.7,-55.4],[96.4,-56.4],[91.5,-56.1],[91.8,-56],[92.5,-55.9],[92.9,-55.5],[93,-55],[92.6,-55.2],[91.8,-55.4],[90.7,-55.4],[90.1,-55.1],[90.1,-54.9],[89.8,-54.8],[89.7,-55.1],[89.5,-54.9],[89.2,-54.9],[88.9,-55],[88.6,-55],[88.3,-55],[88.2,-55],[88.1,-54.9],[88,-54.7],[87.7,-54.6],[87.7,-54.4],[87.3,-54.3],[86.6,-54],[85.9,-53.4],[85.3,-49.1],[87.6,-44.1],[87.9,-44.1]]]]}},{"type":"Feature","properties":{},"geometry":{"type":"MultiPolygon","coordinates":[[[[121.5,-62.8],[118.5,-63.5],[117.7,-63.3],[118.3,-63.2],[119.8,-63],[121.3,-62.8],[121.5,-62.8]]]]}},{"type":"Feature","properties":{},"geometry":{"type":"MultiPolygon","coordinates":[[[[121.2,-62.4],[121.3,-62.8],[119.8,-63],[118.3,-63.2],[117.2,-63.2],[120,-62.8],[121.2,-62.4]]]]}},{"type":"Feature","properties":{},"geometry":{"type":"MultiPolygon","coordinates":[[[[117.5,-57.8],[119.4,-59.4],[119.6,-59.7],[117.7,-60.9],[116.2,-61.8],[114.6,-62.5],[114,-62.3],[113.2,-61.8],[117.4,-59.9],[116.1,-58],[117.5,-57.8]]]]}},{"type":"Feature","properties":{},"geometry":{"type":"MultiPolygon","coordinates":[[[[121.2,-61.4],[121,-62.4],[120.6,-62.7],[117.6,-63.1],[115.9,-62.8],[114.6,-62.5],[116.2,-61.8],[117.7,-60.9],[119.6,-59.7],[120.9,-60.2],[120.6,-60.7],[121.2,-61.4]]]]}},{"type":"Feature","properties":{},"geometry":{"type":"MultiPolygon","coordinates":[[[[124.3,-61.1],[123.8,-61.9],[124,-62.6],[124.4,-62.7],[124,-62.8],[123.7,-62.9],[123.4,-63.2],[122.5,-63.3],[122.4,-62.1],[122.7,-61.2],[123.2,-60.7],[123.9,-61],[124.3,-61.1]]]]}},{"type":"Feature","properties":{},"geometry":{"type":"MultiPolygon","coordinates":[[[[125.2,-61.5],[124.8,-62],[124.9,-62.5],[125.6,-63.2],[124.9,-63.3],[125.7,-63.8],[123.1,-63.9],[123.4,-63.2],[123.7,-62.9],[124,-62.8],[124.4,-62.7],[124,-62.6],[123.8,-61.9],[124.3,-61.1],[125.2,-61.4],[125.2,-61.5]]]]}},{"type":"Feature","properties":{},"geometry":{"type":"MultiPolygon","coordinates":[[[[22.9,35],[22.6,35.5],[21.9,35.7],[20,35.9],[18.7,35.5],[18.2,35.5],[18.9,35.9],[19.8,36.6],[22.1,37],[23.2,36.6],[24,36.3],[24.7,36.2],[25.3,36.1],[25.8,35.7],[26.9,34.7],[29.1,33.5],[29.4,33.6],[30.6,32.8],[30.5,31.8],[29.7,32.2],[28.2,32.3],[26.1,33.5],[25.8,33.9],[25.5,34.1],[24.7,34.4],[23.2,34.8],[22.9,35]]]]}},{"type":"Feature","properties":{},"geometry":{"type":"MultiPolygon","coordinates":[[[[18.6,37.8],[20.9,37.9],[23.9,36.8],[25.6,36],[27.2,35.2],[28.4,35.1],[29.8,34.7],[30.9,34.7],[32.5,34.6],[34.7,34.3],[35.8,33.9],[35.3,33.9],[34.3,34.4],[32.5,34.5],[31.2,34.4],[29.7,34.6],[27.6,34.7],[26.6,35.2],[25.8,35.7],[25.3,36.1],[24.7,36.2],[24,36.3],[23.2,36.6],[22.1,37],[19.8,36.6],[19,36.8],[19,37],[19,37.6],[18.8,37.3],[18.5,37.4],[18.3,37.6],[18.6,37.8]]]]}},{"type":"Feature","properties":{},"geometry":{"type":"MultiPolygon","coordinates":[[[[27.8,31.8],[28.3,31.7],[28.8,31.4],[28.7,31.6],[29.6,31.7],[30.9,31.6],[29.7,30.3],[28.7,29.1],[28.2,28.3],[28.3,27.9],[28.8,27.8],[26.9,27.3],[26.3,29.3],[27.8,31.8]]]]}},{"type":"Feature","properties":{},"geometry":{"type":"MultiPolygon","coordinates":[[[[27.8,31.8],[27.6,31.9],[26.1,32.8],[25.6,33.6],[25.6,33.8],[22.9,35],[23.3,34.7],[24.7,34.4],[25.5,34],[25.8,33.8],[27.5,32.5],[28.7,32.3],[29.9,32.2],[30.9,31.9],[31.7,31.8],[30.7,31.6],[29.4,31.8],[28.7,31.5],[28.7,31.4],[28.2,31.7],[27.8,31.8]]]]}},{"type":"Feature","properties":{},"geometry":{"type":"MultiPolygon","coordinates":[[[[30.9,31.9],[30,32.7],[29.1,33.6],[28.4,33.5],[26.6,34.9],[26.8,35.2],[27.7,34.7],[29.7,34.6],[31.5,34.4],[32.8,34.5],[34.7,34.3],[35.5,33.8],[35.5,33.2],[34.3,32.9],[31.9,31.7],[30.9,31.9]]]]}},{"type":"Feature","properties":{},"geometry":{"type":"MultiPolygon","coordinates":[[[[34.7,28.7],[35.4,29],[36.2,29.5],[37.3,29.8],[38.4,29.8],[39.6,29.9],[40.3,29.8],[39.9,29.7],[38,29.6],[37,29.4],[36.3,29.2],[34.8,28.2],[33.2,27.6],[32.3,27.5],[30.4,27.4],[29.1,27.7],[31.8,28.3],[33.2,28.2],[33.5,28.5],[33.5,28.6],[34.7,28.7]]]]}},{"type":"Feature","properties":{},"geometry":{"type":"MultiPolygon","coordinates":[[[[46.2,27.1],[47.4,27.6],[47.5,28.8],[47.6,31.3],[47.4,33],[48.4,32.5],[49.2,30.6],[49.2,28.9],[49.8,27.5],[48,26.1],[46.6,26.5],[46.2,27.1]]]]}},{"type":"Feature","properties":{},"geometry":{"type":"MultiPolygon","coordinates":[[[[41.1,31.2],[43.9,29.9],[44.8,28.9],[43.6,28.5],[43,28.9],[41.9,29.5],[41.4,30.6],[40.1,31],[41.1,31.2]]]]}},{"type":"Feature","properties":{},"geometry":{"type":"MultiPolygon","coordinates":[[[[40.1,31],[41.4,30.6],[41.9,29.5],[43,28.9],[43.1,28.2],[41.7,28.6],[41,29.4],[39.7,30.4],[39,30.9],[40.1,31]]]]}},{"type":"Feature","properties":{},"geometry":{"type":"MultiPolygon","coordinates":[[[[44.3,29.5],[44.6,31],[46.3,29.4],[47.3,28.3],[46.9,27.1],[45.6,27.9],[44.6,29.1],[44.3,29.5]]]]}},{"type":"Feature","properties":{},"geometry":{"type":"MultiPolygon","coordinates":[[[[41.4,27.1],[41.4,28.8],[42.7,28],[43.8,28.7],[44.9,28.8],[46.2,27.1],[47,25.9],[46,25.6],[44.7,26.8],[42.4,26.5],[41.4,27.1]]]]}},{"type":"Feature","properties":{},"geometry":{"type":"MultiPolygon","coordinates":[[[[36,33.7],[38.1,34.4],[41.5,34.4],[45.6,33.7],[47.2,32.7],[47.7,30],[46.9,28.7],[44.9,31.3],[42.7,32.6],[39.8,33.1],[36.9,33.5],[36,33.7]]]]}},{"type":"Feature","properties":{},"geometry":{"type":"MultiPolygon","coordinates":[[[[35.7,33.3],[37.6,33.6],[40.4,32.9],[43.6,32.2],[44.7,30.7],[43.9,29.9],[41.1,31.2],[37.8,32.5],[34.7,33],[35.7,33.3]]]]}},{"type":"Feature","properties":{},"geometry":{"type":"MultiPolygon","coordinates":[[[[35.4,36],[37.7,35.1],[39.9,35.2],[43,34.5],[46.6,33.4],[44,34.1],[39.5,34.4],[35.8,33.9],[34.7,34.3],[33.9,34.7],[35.1,35],[35,35.9],[35.4,36]]]]}},{"type":"Feature","properties":{},"geometry":{"type":"MultiPolygon","coordinates":[[[[48.4,53.2],[54.6,51.9],[58.2,50.2],[55.5,50.6],[52.1,51.3],[48.8,52.1],[47,52.8],[48.4,53.2]]]]}},{"type":"Feature","properties":{},"geometry":{"type":"MultiPolygon","coordinates":[[[[48.8,55],[54,53.6],[56.5,52.7],[58.2,51.8],[61.2,50.1],[62.8,47.9],[61.4,48.3],[58.2,50.2],[54.6,51.9],[48.4,53.2],[48.8,55]]]]}},{"type":"Feature","properties":{},"geometry":{"type":"MultiPolygon","coordinates":[[[[34.7,52.7],[32.4,53.5],[30.1,54.8],[37.3,54.3],[42.4,55.3],[47.2,55.3],[48.9,54.4],[47,52.5],[46.2,51.7],[45.5,51.3],[43.3,51.3],[41.2,51.4],[39.7,51.4],[37.9,51.9],[36.2,52],[34.7,52.7]]]]}},{"type":"Feature","properties":{},"geometry":{"type":"MultiPolygon","coordinates":[[[[39.4,29.9],[37.9,29.8],[38.4,29.9],[39.4,29.9]]]]}},{"type":"Feature","properties":{},"geometry":{"type":"MultiPolygon","coordinates":[[[[39.2,30.5],[39.2,30.1],[38.4,30.4],[39.2,30.5]]]]}},{"type":"Feature","properties":{},"geometry":{"type":"MultiPolygon","coordinates":[[[[30.4,30.6],[32.5,31.1],[32.9,30],[35,30],[35.8,29.8],[34.7,29.2],[34.9,29],[35.8,29.3],[36.4,29.6],[35.6,29.1],[34.9,28.7],[31.9,28.7],[30.4,30],[30.4,30.6]]]]}},{"type":"Feature","properties":{},"geometry":{"type":"MultiPolygon","coordinates":[[[[32.5,31.5],[35.2,31.4],[38.6,30.9],[39.6,30.4],[38.4,30.4],[38,30.5],[37.2,30.5],[36.7,30.4],[36.3,30.2],[35.3,29.9],[33.3,29.8],[32.4,30.9],[32.5,31.5]]]]}},{"type":"Feature","properties":{},"geometry":{"type":"MultiPolygon","coordinates":[[[[31.9,31.7],[34.3,32.9],[36.1,32.7],[39.5,31.7],[40.4,31.1],[39,30.9],[36.1,31.4],[32.9,31.4],[31.9,31.7]]]]}},{"type":"Feature","properties":{},"geometry":{"type":"MultiPolygon","coordinates":[[[[33.4,58.7],[43.6,58.5],[51.3,56.8],[58.4,54.3],[59.2,53],[56.3,53],[52.8,54],[47.9,55.2],[44.9,55.9],[40.8,56.9],[38,57.2],[35.7,57.1],[33.1,56.4],[30.7,55.1],[29.3,54.7],[26.8,54.7],[25.8,55.4],[30.6,57.6],[33.4,58.7]]]]}},{"type":"Feature","properties":{},"geometry":{"type":"MultiPolygon","coordinates":[[[[27.6,54.7],[29.6,54.8],[31.6,55.6],[33.4,56.5],[36.5,57.2],[38.1,57.2],[41,56.9],[46.3,55.5],[45.5,55.5],[39.4,54.5],[34.4,54.5],[27.7,54.6],[27.6,54.7]]]]}},{"type":"Feature","properties":{},"geometry":{"type":"MultiPolygon","coordinates":[[[[50.8,26.1],[50.1,28.1],[50.5,29.5],[51.3,28.5],[51.7,27.3],[52.1,26.3],[51.6,25.1],[51.5,23.6],[51,23.1],[51.1,25.1],[50.8,26.1]]]]}},{"type":"Feature","properties":{},"geometry":{"type":"MultiPolygon","coordinates":[[[[42.8,24.1],[44.7,24.2],[46.4,23.1],[47.7,23.1],[48.3,22.1],[48.3,21.8],[48.1,21.2],[47.7,20.9],[47.3,20.8],[46.4,21.2],[45.7,21.8],[45.2,22.2],[44.2,22.6],[43.7,23],[43.3,23.6],[42.8,24.1]]]]}},{"type":"Feature","properties":{},"geometry":{"type":"MultiPolygon","coordinates":[[[[48.4,21.9],[47.8,23.4],[49.3,24.8],[49.7,25.7],[49.9,27],[50.1,27.7],[50.7,26.4],[50.8,25.8],[49.9,24.4],[48.9,23],[48.6,22.2],[48.5,21.7],[48.4,21.9]]]]}},{"type":"Feature","properties":{},"geometry":{"type":"MultiPolygon","coordinates":[[[[30.4,30.6],[30.8,29.1],[34.5,28.7],[33.9,28.6],[33.4,28.5],[33.5,28.4],[32.4,28.4],[29,27.8],[28.3,27.8],[28.2,28.2],[28.4,28.6],[29.5,30.1],[30.4,30.6]]]]}},{"type":"Feature","properties":{},"geometry":{"type":"MultiPolygon","coordinates":[[[[42.9,17.6],[43.9,17.6],[46.6,16.3],[47.4,15.7],[46.7,15.6],[45.7,15.6],[43.9,16.1],[43.1,16.8],[42.9,17.6]]]]}},{"type":"Feature","properties":{},"geometry":{"type":"MultiPolygon","coordinates":[[[[47.3,19.6],[48.2,20.5],[48.5,21.1],[48.5,21.7],[48.7,22.6],[49.6,22.5],[49.9,19],[48.2,16.3],[46.8,16.3],[46.4,16.6],[46.1,17.3],[45.6,18],[45.6,18.6],[45.7,18.9],[46.8,19.5],[47.3,19.6]]]]}},{"type":"Feature","properties":{},"geometry":{"type":"MultiPolygon","coordinates":[[[[45.7,21.8],[46,21.5],[46.8,21],[47.6,20.8],[47.9,21],[48.2,21.7],[48.3,22],[48.6,21.5],[48.4,20.7],[47.7,20],[47,19.9],[45,20.6],[44.6,20.7],[45,21.4],[45.7,21.8]]]]}},{"type":"Feature","properties":{},"geometry":{"type":"MultiPolygon","coordinates":[[[[43.1,18.8],[42.9,19.8],[43.4,20.5],[43.6,20.7],[43.7,20.8],[44.1,21.9],[45.4,22.1],[45,21.4],[44.6,20.7],[44.2,20.1],[43.8,19.6],[43.7,19.4],[43.1,18.8]]]]}},{"type":"Feature","properties":{},"geometry":{"type":"MultiPolygon","coordinates":[[[[42.2,24.6],[43.3,23.6],[43.7,23],[44,22.7],[44.5,22.5],[43.8,21],[43.6,20.7],[43.5,20.5],[43.1,20.1],[42.7,20.6],[42.5,21.7],[42.5,22.3],[42.2,24.3],[42.2,24.6]]]]}},{"type":"Feature","properties":{},"geometry":{"type":"MultiPolygon","coordinates":[[[[43.1,18.8],[43.7,19.4],[43.8,19.6],[44.2,20.1],[45,20.6],[47,19.9],[46.2,19.2],[45.6,18.7],[45.6,18.2],[45.7,17.9],[46.3,17],[46.4,16.5],[43.7,17.6],[43,17.9],[43.2,18.6],[43.1,18.8]]]]}},{"type":"Feature","properties":{},"geometry":{"type":"MultiPolygon","coordinates":[[[[41.3,26.5],[41.4,26.9],[42.4,26.5],[43.9,26.8],[45.4,26],[47.1,25.4],[48,26.1],[49.8,27.5],[49.2,28.9],[49.5,29.9],[49.8,28.6],[50.1,27.6],[49.8,26.5],[49.6,25.5],[49.3,24.7],[47.7,23.1],[46.4,23.1],[44.7,24.2],[42.8,24.1],[42,25.6],[41.3,26.5]]]]}},{"type":"Feature","properties":{},"geometry":{"type":"MultiPolygon","coordinates":[[[[105.6,-24.5],[105.9,-23.9],[105.9,-22.9],[106,-22.1],[106.4,-21.4],[106.8,-20.7],[108,-19.8],[108.3,-19.2],[110.5,-18],[109.9,-18.8],[108.2,-21.2],[106.8,-25.3],[105.5,-27.3],[104.5,-30.3],[104.3,-31.6],[103.7,-32.7],[103.2,-34.6],[99.8,-36.1],[98.2,-36.9],[98.2,-36.4],[99.1,-35.6],[101.8,-33.6],[102.5,-33],[103.2,-31.8],[103.7,-30.9],[104.1,-30],[104.4,-29.3],[104.5,-28.2],[104.7,-27.6],[104.9,-26.9],[105.2,-25.8],[105.6,-24.9],[105.6,-24.5]]]]}},{"type":"Feature","properties":{},"geometry":{"type":"MultiPolygon","coordinates":[[[[91.3,-42],[91.9,-42.7],[93.5,-42.4],[97.3,-43.3],[101,-44.2],[104.6,-43.1],[109.4,-40.1],[112.3,-38.3],[113.4,-37.2],[113.7,-36.3],[116.8,-36.7],[116.6,-37],[115.2,-36.8],[114.7,-38.6],[113.6,-40.3],[110.7,-42.7],[107.1,-44.2],[104.6,-44.7],[102.6,-45],[100.3,-45.5],[97.6,-45.1],[95.5,-44.5],[90,-43.2],[89.5,-43.7],[87.9,-44.1],[88.3,-43.8],[89.2,-42.9],[89.6,-42.6],[89.9,-42.9],[90.5,-42.6],[91.3,-41.9],[91.3,-42]]]]}},{"type":"Feature","properties":{},"geometry":{"type":"MultiPolygon","coordinates":[[[[108.2,-21.2],[108.1,-23],[107.8,-24],[107.5,-24.7],[107.5,-26.3],[106.9,-28.1],[106.5,-29.2],[106.1,-30.5],[105.6,-32],[104.7,-33],[103.8,-34],[103.7,-33.3],[104.4,-31.8],[104.4,-30.7],[105.2,-28.5],[106.3,-26],[107.3,-22.9],[108.2,-21.2]]]]}},{"type":"Feature","properties":{},"geometry":{"type":"MultiPolygon","coordinates":[[[[103.4,-34.2],[104.3,-33.6],[105.2,-32.6],[106,-31.1],[106.4,-30],[106.6,-28.6],[107.2,-27.7],[107.5,-25.5],[107.7,-24.4],[108,-23.6],[108.3,-22.2],[109.1,-22.1],[108.7,-23.6],[108.2,-27.2],[106.9,-31.9],[106,-33.6],[103.4,-34.2]]]]}},{"type":"Feature","properties":{},"geometry":{"type":"MultiPolygon","coordinates":[[[[40.3,23.9],[41.1,23.8],[40.8,22.1],[38.8,23],[40.3,23.9]]]]}},{"type":"Feature","properties":{},"geometry":{"type":"MultiPolygon","coordinates":[[[[40.2,20.7],[37.6,17.3],[37.3,17.9],[39,19.3],[39.3,20.4],[40.2,20.7]]]]}},{"type":"Feature","properties":{},"geometry":{"type":"MultiPolygon","coordinates":[[[[38.6,22.5],[40.5,21.6],[39.3,20.4],[39,19.3],[37.3,17.9],[37.1,16.7],[36.8,18.3],[37.4,19.9],[37.5,21.3],[38.6,22.5]]]]}},{"type":"Feature","properties":{},"geometry":{"type":"MultiPolygon","coordinates":[[[[40.2,29.6],[40.3,29.8],[41.1,29.2],[41.4,27.4],[41.3,26.6],[41.3,24.3],[40.3,24],[40.5,25.4],[40.7,26.2],[40.8,27.7],[40.7,28.8],[40.3,29.6],[40.2,29.6]]]]}},{"type":"Feature","properties":{},"geometry":{"type":"MultiPolygon","coordinates":[[[[38.3,22.9],[37.5,21.3],[37.4,19.9],[36.8,18.3],[35.7,18.9],[36.9,21.4],[38.3,22.9]]]]}},{"type":"Feature","properties":{},"geometry":{"type":"MultiPolygon","coordinates":[[[[21.4,14.6],[21.8,14],[22.3,13.5],[22.7,13.4],[22.8,13],[23,13.3],[23.4,13.1],[24.1,12.7],[25,12.5],[26.1,12.3],[26.8,11.3],[27.3,11],[27.9,10.5],[28.6,9.9],[29.1,10],[29.6,10.5],[29,9.9],[28.9,9.4],[28.3,9],[28,8.9],[27.1,9.9],[26.6,10.2],[26.2,10.5],[24.6,11.5],[22.5,12.1],[21.3,11.9],[21,12],[21.4,12.3],[20.9,12.6],[20.4,12.8],[20.4,13],[20.4,13.4],[20.5,13.6],[20.4,13.5],[20.4,14],[20.6,13.9],[20.6,14],[21.1,14.6],[21.4,14.6]]]]}},{"type":"Feature","properties":{},"geometry":{"type":"MultiPolygon","coordinates":[[[[37.6,29.5],[39,29.7],[40.2,29.6],[40.7,29],[40.8,27.8],[40.6,26.7],[40.5,25.4],[40.1,24.2],[40,23.5],[37.6,22.4],[35.8,19.4],[36.9,17.1],[36.4,16],[35.3,15.3],[34.1,14.8],[33.6,14.5],[33.2,13.8],[32.5,13.2],[32.1,13.1],[31.9,12.9],[31.3,12.4],[30.7,12.4],[29.6,12.7],[27.7,14.8],[26.9,16.4],[29.1,18.8],[30.8,21.7],[32.4,23.8],[35.2,26.7],[37.5,29.4],[37.6,29.5]]]]}},{"type":"Feature","properties":{},"geometry":{"type":"MultiPolygon","coordinates":[[[[30.9,11.4],[30.7,11.7],[30.8,12.2],[31.5,12.6],[32,13],[32.3,13.1],[32.5,13.3],[33.3,14.1],[33.7,14.6],[34.3,14.8],[35.5,15.4],[36.6,16.2],[37.6,17.3],[40.2,20.7],[40.8,22.1],[41.9,24.4],[41.3,26.5],[42.1,25.3],[42.2,24.3],[42.5,22.3],[42.5,21.7],[42.7,20.6],[43.1,19.1],[43.1,18.5],[42.9,17.6],[43.1,16.8],[40.8,13.8],[35.6,10.3],[32.7,9.2],[33,9.7],[33.6,10],[33.8,10.6],[33.7,10.4],[33.7,10.1],[33,9.9],[32.7,8.7],[30.3,9.8],[30.5,10.5],[30.3,10.5],[30.5,10.8],[30.8,10.8],[31,11.3],[30.9,11.4]]]]}},{"type":"Feature","properties":{},"geometry":{"type":"MultiPolygon","coordinates":[[[[137.6,-27.7],[137.8,-28],[138.3,-28.5],[141.7,-32.5],[143.9,-38.8],[145.5,-45.9],[147.9,-53.5],[144.1,-55.3],[140.6,-52.3],[138.7,-49.4],[137.5,-49.1],[136.3,-46.1],[135.2,-41.8],[133.3,-34.8],[132.5,-31.1],[132.2,-30.6],[132.8,-30],[133.4,-29.3],[133.9,-29.5],[134,-28.9],[134.8,-29],[135.4,-28.7],[136,-28.3],[136.3,-28.2],[136.8,-28],[137.6,-27.7]]]]}},{"type":"Feature","properties":{},"geometry":{"type":"MultiPolygon","coordinates":[[[[145.3,-65.2],[145.5,-64],[144.3,-63.1],[141.9,-62.1],[140.4,-61],[147.2,-61.2],[148.1,-60.9],[149.3,-59.4],[152,-58.1],[155.7,-59.2],[154.5,-63.4],[147.2,-65.7],[146,-65.6],[145.3,-65.2]]]]}},{"type":"Feature","properties":{},"geometry":{"type":"MultiPolygon","coordinates":[[[[135.7,-58.8],[137.8,-57.9],[138.2,-57.7],[141,-54.1],[146.9,-55.4],[152.6,-55.6],[156.1,-57.1],[155.8,-57.5],[155.6,-58.4],[153.9,-58.8],[150,-59],[148.2,-60.8],[147.5,-61.1],[141.7,-60.5],[135.7,-58.8]]]]}},{"type":"Feature","properties":{},"geometry":{"type":"MultiPolygon","coordinates":[[[[138.2,-28.4],[137.6,-27.7],[137.9,-27.8],[138.1,-27.7],[138.1,-28],[138.2,-28.4]]]]}},{"type":"Feature","properties":{},"geometry":{"type":"MultiPolygon","coordinates":[[[[154.4,-43.1],[149.2,-38],[143.5,-33.2],[138.4,-28.6],[138.4,-28.3],[138.8,-28],[139,-28],[139.2,-28.1],[139.5,-28.3],[140.1,-28.2],[140.4,-28.1],[140.8,-28],[141.1,-27.6],[141.5,-28],[142.2,-27.8],[142.2,-27.4],[142.6,-27.2],[142.7,-27.5],[143.1,-27.6],[143.2,-27.4],[144.1,-27.6],[144.1,-27.4],[144.7,-27.4],[145.1,-27.8],[145.8,-28.2],[146,-28.6],[146.2,-28.5],[146.6,-28.1],[146.9,-28.1],[147.4,-27.8],[147.9,-27.9],[148.4,-28],[148.4,-28.3],[149.4,-28.4],[149.4,-28.7],[149.4,-29.3],[149.2,-29.4],[149.3,-29.5],[149.4,-30],[149.2,-30.1],[148.8,-30.2],[148.6,-30.2],[148.9,-30.4],[148.8,-30.5],[148.7,-30.7],[148.6,-30.8],[148.5,-31],[148.2,-30.5],[148.1,-30.7],[148.1,-31.2],[148.7,-31.8],[148.2,-31.9],[148,-32],[148,-32.3],[147.8,-32.7],[147.7,-32.8],[148.4,-33.1],[148.4,-33.4],[148.4,-33.6],[148.7,-34],[148.7,-34.2],[149.2,-34.9],[149.6,-34.9],[149.8,-35.4],[150,-35.4],[150.1,-35.5],[149.5,-36.1],[149.1,-35.7],[149.2,-36.1],[149.1,-36.4],[149.1,-36.8],[149.3,-37.2],[149.3,-37.6],[149.9,-37.7],[149.8,-37.9],[150.1,-37.9],[150.1,-38.2],[150.2,-38.5],[150.4,-38.6],[150.9,-38.8],[150.8,-39.5],[151.3,-39.2],[151.9,-39.7],[152.3,-39.8],[152.1,-39.9],[152.5,-40],[152.7,-40.1],[153.2,-40.3],[153.6,-40.4],[154.4,-43.1]]]]}},{"type":"Feature","properties":{},"geometry":{"type":"MultiPolygon","coordinates":[[[[149.9,-34.1],[150.6,-34.3],[150.1,-34.6],[149.9,-34.3],[149.9,-34.1]]]]}},{"type":"Feature","properties":{},"geometry":{"type":"MultiPolygon","coordinates":[[[[155.7,-59.2],[155.6,-58],[156.1,-57.1],[156.6,-57],[157.6,-60.7],[155.7,-59.2]]]]}},{"type":"Feature","properties":{},"geometry":{"type":"MultiPolygon","coordinates":[[[[157.8,-60.7],[162,-55],[165.8,-57.8],[166.7,-58.6],[166.2,-58.8],[165.9,-59],[166.2,-59.1],[166.3,-59.2],[166.4,-59.5],[166.6,-59.9],[165.5,-59.6],[157.8,-60.7]]]]}},{"type":"Feature","properties":{},"geometry":{"type":"MultiPolygon","coordinates":[[[[166.9,-58.4],[163.1,-55.1],[166,-54.8],[168.3,-54.5],[168.7,-55.2],[168.7,-55.6],[168.7,-56],[168.6,-56.5],[168.5,-57],[168.3,-57.3],[168.3,-57.4],[168.2,-57.6],[167.7,-58],[167.3,-58.3],[166.9,-58.4]]]]}},{"type":"Feature","properties":{},"geometry":{"type":"MultiPolygon","coordinates":[[[[132.5,-31.3],[134.2,-38.3],[136.4,-45.3],[130.6,-43.9],[123.4,-43],[122.2,-42.8],[122.5,-42.4],[122.9,-41.8],[122.9,-41.1],[123.4,-40.6],[123.8,-40.7],[123.7,-40.3],[123.7,-39.8],[123.3,-39.4],[123.9,-38.5],[124.5,-38],[125.7,-37.4],[126,-37.2],[126.4,-36.5],[126,-36.3],[127.2,-35.1],[127.8,-34.8],[128.1,-36],[128.3,-35.3],[128.5,-34.6],[128.9,-34.4],[129.4,-34],[129.4,-34.3],[130.1,-33],[130.6,-32.3],[130.8,-31.6],[131,-31.5],[131.4,-31.6],[131.9,-31.9],[132.2,-31.5],[132.5,-31.3]]]]}},{"type":"Feature","properties":{},"geometry":{"type":"MultiPolygon","coordinates":[[[[132.5,-31.1],[132.3,-30.9],[132.5,-30.9],[132.5,-31.1]]]]}},{"type":"Feature","properties":{},"geometry":{"type":"MultiPolygon","coordinates":[[[[154.4,-43.1],[154.6,-46.7],[146.9,-43],[143.6,-37.3],[143.5,-33.2],[149.2,-38],[154.4,-43.1]]]]}},{"type":"Feature","properties":{},"geometry":{"type":"MultiPolygon","coordinates":[[[[155.1,-47.9],[154.7,-42.6],[156.2,-43.5],[158,-44.4],[159.5,-45.7],[160.6,-47],[161.6,-48.6],[162.6,-49.6],[161.2,-50.3],[155.1,-47.9]]]]}},{"type":"Feature","properties":{},"geometry":{"type":"MultiPolygon","coordinates":[[[[148.8,-55.4],[145.7,-47.8],[146.9,-43],[154.6,-46.7],[156,-53.3],[156.1,-57],[151.7,-55.6],[148.8,-55.4]]]]}},{"type":"Feature","properties":{},"geometry":{"type":"MultiPolygon","coordinates":[[[[155.1,-47.9],[163,-51.2],[163.2,-55],[164.5,-54.6],[159.5,-56],[155.7,-51.5],[155.1,-47.9]]]]}},{"type":"Feature","properties":{},"geometry":{"type":"MultiPolygon","coordinates":[[[[132.4,-62.3],[132.4,-62.2],[132.4,-62.1],[132.3,-62.2],[132,-61.9],[131.8,-61.7],[132.1,-61.5],[131.9,-61.4],[130.1,-61.7],[138.1,-59.9],[139.8,-61.4],[136,-63.1],[133.7,-63.4],[133.3,-63.5],[132.9,-63.5],[132.7,-63.7],[132,-63.4],[132.8,-63.2],[132.9,-62.6],[132.7,-62.3],[132.4,-62.3]]]]}},{"type":"Feature","properties":{},"geometry":{"type":"MultiPolygon","coordinates":[[[[129.4,-52.1],[130.7,-52],[129.4,-51.8],[131.5,-51.1],[131.8,-52.3],[131.2,-53.8],[129.4,-52.1]]]]}},{"type":"Feature","properties":{},"geometry":{"type":"MultiPolygon","coordinates":[[[[129.9,-51.3],[130.2,-46.2],[134.1,-44.7],[136.3,-46.1],[137.5,-49.1],[138.7,-49.4],[140.6,-52.3],[139.9,-55.9],[137.8,-57.9],[131.6,-55.6],[132.1,-53.5],[131.8,-52],[130.8,-51.1],[129.9,-51.3]]]]}},{"type":"Feature","properties":{},"geometry":{"type":"MultiPolygon","coordinates":[[[[129.4,-52.1],[133.6,-57.2],[129.1,-61.4],[127.2,-61.3],[126.1,-60.8],[125.5,-60.8],[124.9,-60.4],[124.7,-60.4],[124.1,-60.2],[124.4,-60],[124.8,-59.8],[125,-59.5],[123.6,-59.4],[123.1,-59.5],[123,-59.8],[122.8,-59.3],[122.8,-59],[122.5,-59.1],[121.6,-59.3],[120.2,-58.7],[119.8,-57.2],[120.4,-56.6],[120.7,-57],[120.9,-56.8],[121.1,-56.9],[121.8,-57.1],[121.4,-56.8],[121.1,-56.4],[121.4,-56],[121.5,-56],[122,-55.6],[121.7,-54.9],[121.6,-53.6],[121.7,-51.9],[122.8,-51.5],[123.4,-51.8],[124.1,-51.6],[124.2,-52],[124.7,-51.8],[125.3,-52],[125.3,-52.3],[125.7,-52.2],[126,-52],[126.9,-51.8],[127.8,-52.1],[128.7,-52.2],[129.4,-52.1]]]]}},{"type":"Feature","properties":{},"geometry":{"type":"MultiPolygon","coordinates":[[[[121.9,-43.3],[128.7,-43.5],[129.9,-47.5],[129.4,-51.7],[129.2,-51.4],[128.3,-51.2],[127.7,-51.1],[127.1,-50.9],[126.3,-50.9],[125.4,-50.6],[124.9,-50.3],[124.9,-49.9],[124.9,-49.7],[124.3,-49.4],[124.2,-49.1],[123.7,-48.7],[123.2,-48.5],[122.2,-46.9],[122.2,-46.4],[121.7,-45.8],[121.6,-44.6],[121.9,-44],[121.9,-43.3]]]]}},{"type":"Feature","properties":{},"geometry":{"type":"MultiPolygon","coordinates":[[[[166.9,-58.4],[167.3,-58.3],[167.7,-58],[168.2,-57.6],[168.3,-57.4],[168.3,-57.3],[168.5,-57],[168.6,-56.5],[168.7,-56],[168.7,-55.6],[168.7,-55.2],[168.3,-54.5],[168.2,-54.3],[168.6,-55],[168.9,-55.8],[169,-56.6],[168.3,-58.1],[167.1,-58.7],[166.6,-59.1],[166.9,-59.8],[167.1,-60.3],[166.4,-59.7],[166.4,-59.3],[166.3,-59.1],[165.9,-59.1],[166,-59],[166.7,-58.7],[166.8,-58.5],[166.9,-58.4]]]]}},{"type":"Feature","properties":{},"geometry":{"type":"MultiPolygon","coordinates":[[[[168.5,-47],[168.2,-47],[167.1,-47.1],[167.7,-47.5],[166.4,-48.3],[166,-48.3],[165.1,-48.5],[164.1,-48.4],[164.1,-48.7],[164.6,-49.2],[165.3,-49.9],[165.4,-50.4],[165,-50.9],[164.2,-50.7],[163.1,-50],[161.8,-48.8],[160.8,-47.3],[159.8,-46],[158.4,-44.6],[156.7,-43.7],[154.7,-42.6],[154.3,-40.7],[154.7,-40.9],[155.7,-41.3],[156.6,-41.5],[156.8,-41.8],[158.7,-42.1],[163.2,-42.9],[162.1,-45.6],[163.6,-46.3],[163.9,-45.3],[165.5,-44.9],[166.3,-45.8],[168.5,-46.5],[169.1,-46.8],[168.5,-47]]]]}},{"type":"Feature","properties":{},"geometry":{"type":"MultiPolygon","coordinates":[[[[167.1,-52.2],[167.1,-51.1],[167.7,-50.4],[168.1,-50.8],[170.9,-52.2],[169.8,-53.1],[169,-52.9],[167.3,-52.2],[167.1,-52.2]]]]}},{"type":"Feature","properties":{},"geometry":{"type":"MultiPolygon","coordinates":[[[[168.5,-59.8],[169.5,-59.7],[169.4,-60.3],[168.5,-59.8]]]]}},{"type":"Feature","properties":{},"geometry":{"type":"MultiPolygon","coordinates":[[[[165.1,-54.2],[165,-54.1],[165.5,-54.1],[165.1,-54.2]]]]}},{"type":"Feature","properties":{},"geometry":{"type":"MultiPolygon","coordinates":[[[[166.1,-54.7],[167,-54.2],[166.5,-54.6],[166.1,-54.7]]]]}},{"type":"Feature","properties":{},"geometry":{"type":"MultiPolygon","coordinates":[[[[164.5,-55],[165.6,-54.7],[165.9,-54.8],[164.5,-55]]]]}},{"type":"Feature","properties":{},"geometry":{"type":"MultiPolygon","coordinates":[[[[163,-51.2],[164.1,-50.7],[164.7,-51.3],[164.9,-51.6],[165,-52.3],[164.9,-52.8],[164.8,-53.4],[164.3,-53.7],[164.6,-53.8],[164.4,-54.2],[163,-51.2]]]]}},{"type":"Feature","properties":{},"geometry":{"type":"MultiPolygon","coordinates":[[[[77.7,25.4],[78.1,27.2],[78.6,29.7],[78.8,31.5],[78.9,33],[80.6,35.5],[81.4,33.7],[80.8,30],[80,26.3],[78.8,23],[77.7,25.4]]]]}},{"type":"Feature","properties":{},"geometry":{"type":"MultiPolygon","coordinates":[[[[77.7,25.4],[78.1,27.2],[78.6,29.7],[78.8,31.5],[78.9,33],[80.6,35.5],[81.4,33.7],[80.8,30],[80,26.3],[78.8,23],[77.7,25.4]]]]}}]}