{"type":"FeatureCollection","features":[{"type":"Feature","properties":{},"geometry":{"type":"MultiPolygon","coordinates":[[[[70,-7.3],[68.5,-8.3],[67.3,-8.3],[65.9,-8.9],[64.8,-10.1],[63.4,-15],[60.7,-14.4],[58.9,-13.4],[60.6,-12.5],[62.3,-9.4],[65.2,-8],[66.5,-7.2],[67.3,-6.8],[70,-7.3]]]]}},{"type":"Feature","properties":{},"geometry":{"type":"MultiPolygon","coordinates":[[[[76.4,-9.2],[75.9,-9.7],[74.9,-8.5],[73.9,-8.9],[72.7,-9.6],[71.1,-9.7],[70.2,-10.1],[70.1,-10.2],[70.2,-10.1],[70.6,-9.6],[71.6,-8.7],[74.9,-7.8],[76.4,-9.2]]]]}},{"type":"Feature","properties":{},"geometry":{"type":"MultiPolygon","coordinates":[[[[70.4,-10.6],[70.3,-10.6],[69.9,-10.8],[70.1,-10.5],[70.5,-10.3],[70.4,-10.6]]]]}},{"type":"Feature","properties":{},"geometry":{"type":"MultiPolygon","coordinates":[[[[70,-12.1],[67.4,-13.8],[68.1,-12.6],[68.7,-12.1],[69,-11.8],[69.6,-11.7],[69.9,-12],[70,-12.1]]]]}},{"type":"Feature","properties":{},"geometry":{"type":"MultiPolygon","coordinates":[[[[77.1,-7.8],[76.8,-8.1],[76.7,-8.5],[75.5,-8.2],[72.5,-8.8],[70.9,-9],[70.7,-8.6],[70,-8.7],[69.6,-9.1],[68.8,-9.6],[68.3,-10.1],[67.5,-10],[67.1,-10.5],[67.7,-11.2],[68.1,-11.2],[67.9,-11.9],[67.8,-13.3],[67.4,-13.9],[66.4,-16.2],[65.9,-17.3],[65.4,-17.5],[64.3,-17],[63.5,-16.7],[63.7,-13.6],[65,-9.9],[66.3,-8.6],[67.6,-8.3],[68.8,-8],[70.3,-7.2],[72.1,-7.1],[73.5,-7],[75.1,-6.8],[75.8,-7.1],[76.8,-7.6],[77.1,-7.8]]]]}},{"type":"Feature","properties":{},"geometry":{"type":"MultiPolygon","coordinates":[[[[31.9,-19.6],[31.1,-16.7],[30.4,-14.3],[30.5,-13],[32.2,-12.6],[34.6,-14.9],[36,-17.5],[36.6,-18.5],[38.8,-20.8],[40.5,-22.6],[39.8,-22.1],[37.2,-21.4],[37.1,-24],[36.9,-25.6],[37.1,-27.5],[35.9,-26.1],[35.1,-25.1],[33.7,-23.3],[32.5,-21.5],[31.9,-19.6]]]]}},{"type":"Feature","properties":{},"geometry":{"type":"MultiPolygon","coordinates":[[[[65.6,-7.7],[62.8,-8.3],[59.4,-8.4],[56.7,-9.5],[55.4,-8.3],[60,-6.9],[63,-7.1],[65.6,-7.7]]]]}},{"type":"Feature","properties":{},"geometry":{"type":"MultiPolygon","coordinates":[[[[34.2,-12.3],[36.3,-14.7],[36.1,-16.4],[36,-17.5],[34.6,-14.9],[32.2,-12.6],[34.2,-12.3]]]]}},{"type":"Feature","properties":{},"geometry":{"type":"MultiPolygon","coordinates":[[[[-22.4,-8.5],[-21.8,-8.3],[-21.6,-8.1],[-20.7,-7.8],[-19.8,-7.3],[-20.4,-7.5],[-21.2,-7.5],[-21.6,-7.5],[-21.4,-7.6],[-21.9,-7.8],[-22.1,-7.4],[-22.2,-7.1],[-22.5,-6.9],[-22.9,-7],[-24.5,-5.8],[-25.9,-5],[-25.4,-1.7],[-24.9,1.5],[-23.9,2.5],[-23.5,0.4],[-23.5,-0.5],[-24.4,-2.8],[-25.4,-4.3],[-24.5,-5],[-23.1,-6.2],[-21.8,-6.7],[-20,-6.9],[-19.1,-6.8],[-17.2,-6.3],[-14.7,-7.9],[-13,-8.1],[-12.9,-8.5],[-12.5,-8.7],[-12.6,-9.2],[-12.5,-9.3],[-12.9,-9.4],[-13.2,-9.9],[-13.8,-10.2],[-13.8,-10.9],[-14.5,-10.9],[-15.3,-10.6],[-15.8,-10.2],[-16.7,-9.9],[-17.6,-9.2],[-18.7,-9.5],[-19.6,-9.5],[-20.2,-9.3],[-20.5,-9.4],[-20.8,-9.5],[-20.8,-9.2],[-21.4,-9.2],[-21.9,-8.8],[-22.4,-8.5]]]]}},{"type":"Feature","properties":{},"geometry":{"type":"MultiPolygon","coordinates":[[[[-22.7,-6.4],[-22.2,-4.2],[-22.1,-2.3],[-23.3,-1.3],[-23.5,-0.1],[-21.3,-2.4],[-21.1,-3.1],[-20.8,-3.6],[-20.6,-4.5],[-20.5,-5.6],[-21.1,-6.7],[-22.7,-6.4]]]]}},{"type":"Feature","properties":{},"geometry":{"type":"MultiPolygon","coordinates":[[[[-25.8,11],[-23.7,11.1],[-23.6,10.8],[-22.1,9.8],[-21.6,9.8],[-21.1,9.2],[-21.7,5.2],[-23.8,3.7],[-24.5,6.5],[-24.9,8.7],[-24.9,8.9],[-25.3,10.1],[-25.8,11]]]]}},{"type":"Feature","properties":{},"geometry":{"type":"MultiPolygon","coordinates":[[[[-23.5,-0.1],[-23.7,1.1],[-24,2.7],[-23.1,2.8],[-21,3.6],[-19.8,4.9],[-19,5.4],[-18.9,4.7],[-19,2.1],[-18.5,-2],[-19,-4.3],[-19,-4.8],[-19.3,-6.1],[-20,-6.9],[-20.6,-5.5],[-20.8,-4.1],[-20.8,-3.5],[-21.1,-3],[-21.8,-1.8],[-23.5,-0.1]]]]}},{"type":"Feature","properties":{},"geometry":{"type":"MultiPolygon","coordinates":[[[[-25.6,3.6],[-22.1,4.5],[-19.3,6],[-18.6,6],[-18.2,5.9],[-18.8,5.5],[-19.8,5],[-20.2,4.4],[-21.9,3.2],[-23.8,2.6],[-25,3.1],[-25.6,3.6]]]]}},{"type":"Feature","properties":{},"geometry":{"type":"MultiPolygon","coordinates":[[[[151.3,-35.5],[152.9,-35.6],[154.1,-34.8],[159.6,-37.3],[156.4,-39.4],[153.1,-39.6],[151.5,-38.1],[151.4,-36.3],[151.3,-35.5]]]]}},{"type":"Feature","properties":{},"geometry":{"type":"MultiPolygon","coordinates":[[[[155.7,-34.8],[158.4,-33.9],[161.7,-32.1],[165,-31.4],[166.7,-30.9],[168.6,-30.4],[170.9,-29.4],[170.9,-30.5],[170.8,-31.2],[170.7,-31.8],[170.2,-33.1],[169.1,-33.7],[167.6,-33.8],[165.9,-33.4],[163.3,-32.6],[161.9,-34.1],[160.5,-35.6],[155.7,-34.8]]]]}},{"type":"Feature","properties":{},"geometry":{"type":"MultiPolygon","coordinates":[[[[123.7,-52.6],[129.6,-49.3],[127.3,-52.4],[126.3,-53.3],[124.3,-53.1],[123.7,-52.6]]]]}},{"type":"Feature","properties":{},"geometry":{"type":"MultiPolygon","coordinates":[[[[129.7,-48.8],[123.7,-52.6],[122.5,-52.4],[123.4,-50.3],[123.7,-49.4],[129.3,-48.7],[129.7,-48.8]]]]}},{"type":"Feature","properties":{},"geometry":{"type":"MultiPolygon","coordinates":[[[[122.4,-53.9],[124.3,-53.1],[126.3,-53.3],[127.3,-52.4],[129.6,-49.3],[132.6,-48.3],[133.9,-49.9],[134.3,-51.5],[130.5,-55.6],[126.6,-56.3],[123,-54],[122.4,-53.9]]]]}},{"type":"Feature","properties":{},"geometry":{"type":"MultiPolygon","coordinates":[[[[130.5,-55.6],[135.7,-56.3],[139.2,-58.8],[144.8,-59.9],[153.7,-60.5],[158.9,-61.2],[163.9,-62.9],[160.8,-62.7],[150.3,-61.3],[141.8,-60.4],[133.3,-56.6],[130.5,-55.6]]]]}},{"type":"Feature","properties":{},"geometry":{"type":"MultiPolygon","coordinates":[[[[152.5,-74.3],[154.2,-78.6],[142.3,-80.1],[127.1,-78.2],[128.1,-75.8],[134.9,-74.6],[142.2,-73.8],[146.3,-72.5],[152.1,-72.8],[152.5,-74.3]]]]}},{"type":"Feature","properties":{},"geometry":{"type":"MultiPolygon","coordinates":[[[[151.8,-75.3],[151.3,-71.2],[152.1,-67.2],[155.2,-66.1],[155.3,-66.3],[156.4,-66.6],[155.6,-65.9],[155.9,-65.6],[160.7,-63.5],[164.4,-65.8],[164.6,-70.9],[163.7,-71.5],[161.6,-73.1],[163.3,-74.7],[161.8,-74.3],[161.5,-75.1],[160.4,-75.9],[161.4,-76.2],[160.3,-76.8],[159.7,-77.4],[157.8,-79],[153.2,-77.1],[151.8,-75.3]]]]}},{"type":"Feature","properties":{},"geometry":{"type":"MultiPolygon","coordinates":[[[[180,-78.6],[177.5,-79.6],[176.3,-79.5],[178.3,-78],[178.7,-76.5],[180,-78.3],[180,-78.6]]]]}},{"type":"Feature","properties":{},"geometry":{"type":"MultiPolygon","coordinates":[[[[-180,-78.3],[-179.5,-75],[-177.2,-74],[-177.3,-75.8],[-178.4,-76.9],[-179.9,-78.2],[-180,-78.3]]]]}},{"type":"Feature","properties":{},"geometry":{"type":"MultiPolygon","coordinates":[[[[180,-79.4],[180,-87.3],[94.1,-88.8],[85.1,-88.4],[109,-85.3],[138.4,-83.4],[151.5,-80.3],[159.4,-78.8],[161.3,-78.9],[164.5,-79.2],[167.4,-79.6],[173,-80.2],[175.4,-80.6],[180,-79.4]]]]}},{"type":"Feature","properties":{},"geometry":{"type":"MultiPolygon","coordinates":[[[[-180,-89.2],[-180,-81.4],[-178,-79.4],[-176.5,-79.7],[-173.7,-79],[-173.6,-78.3],[-172.8,-78.3],[-170.4,-78.3],[-168.7,-78.6],[-169,-78.1],[-162.8,-79.3],[-139,-81.5],[-125.1,-84.2],[-180,-89.2]]]]}},{"type":"Feature","properties":{},"geometry":{"type":"MultiPolygon","coordinates":[[[[172.4,-53.7],[172.3,-51.7],[172.2,-51.5],[172,-51.1],[174.9,-49],[174.5,-44.8],[175.4,-41.2],[177.9,-43.2],[179,-46.1],[178.7,-50.9],[178.9,-53.6],[177.1,-55.4],[173.3,-54.8],[172.4,-53.7]]]]}},{"type":"Feature","properties":{},"geometry":{"type":"MultiPolygon","coordinates":[[[[-163,-55.9],[-164.7,-51.9],[-157,-51.7],[-150.5,-50.4],[-147.6,-48.4],[-145.7,-47.5],[-145.8,-50.3],[-141.5,-48.4],[-139.7,-45],[-136.2,-44.9],[-136.3,-46.7],[-136.4,-49],[-136.7,-50.8],[-136.9,-50.8],[-137.2,-50.8],[-137.7,-51.3],[-138.5,-51.7],[-141.2,-52.2],[-142,-51.8],[-141.5,-52.3],[-141.8,-52.5],[-143.1,-52.6],[-143.5,-52.9],[-144.9,-53.9],[-144.7,-53.9],[-145.5,-54.6],[-145.6,-54.7],[-146.5,-55.6],[-146.7,-55.7],[-148.8,-56.4],[-149.4,-56.4],[-149.6,-56.6],[-150,-56.6],[-150.7,-56.8],[-151.4,-56.8],[-152.8,-56.7],[-154.3,-56.5],[-155.2,-56.3],[-156.7,-56.7],[-157.5,-56.4],[-157.5,-55.9],[-157.9,-55.1],[-157.8,-54.6],[-158.5,-53.3],[-158.2,-52.5],[-159.2,-53.8],[-159.5,-54.3],[-160.4,-54],[-161.2,-54],[-161.4,-54.4],[-161.9,-54.6],[-162.1,-55],[-162.5,-54.4],[-162.9,-54.3],[-162.5,-55],[-162.7,-55.6],[-163,-55.9]]]]}},{"type":"Feature","properties":{},"geometry":{"type":"MultiPolygon","coordinates":[[[[-162.3,-56.4],[-162.5,-56],[-162.2,-56.4],[-162.3,-56.4]]]]}},{"type":"Feature","properties":{},"geometry":{"type":"MultiPolygon","coordinates":[[[[-159.8,-55.7],[-160.6,-56.2],[-161.7,-56.2],[-162,-55.7],[-162,-55.5],[-162.2,-55.2],[-161.8,-55.1],[-161.6,-54.9],[-161.7,-54.6],[-160.7,-54],[-160,-54.4],[-159.2,-54.5],[-159.3,-54.7],[-159,-54.8],[-158.7,-54.9],[-158.8,-55.2],[-159.8,-55.7]]]]}},{"type":"Feature","properties":{},"geometry":{"type":"MultiPolygon","coordinates":[[[[-158.6,-54.3],[-158.9,-53.1],[-158.5,-53.6],[-158.4,-54.1],[-158.6,-54.3]]]]}},{"type":"Feature","properties":{},"geometry":{"type":"MultiPolygon","coordinates":[[[[-164.3,-57.5],[-164.4,-57.5],[-169.5,-57.3],[-169.8,-57.1],[-169.9,-56.9],[-169.9,-57.4],[-172.4,-58.9],[-173.3,-59.1],[-173.5,-59.3],[-176,-59.2],[-176.6,-55.7],[-173.5,-49],[-173.6,-45.9],[-174.1,-40.9],[-174.9,-36.4],[-174.3,-30.1],[-172.3,-32.3],[-168.4,-31.8],[-168.4,-27.7],[-164.1,-29.7],[-163,-33],[-167,-34.3],[-170.7,-37.3],[-168.6,-39.1],[-169.5,-42.3],[-172.4,-45.4],[-171.5,-47.3],[-169.1,-49.5],[-167.9,-51.8],[-163,-55.9],[-162.3,-56.4],[-162.4,-56.6],[-162.6,-56.7],[-162.8,-56.9],[-162.8,-57],[-162.8,-57.1],[-163.2,-57.2],[-163.4,-57.2],[-163.8,-57.3],[-164.1,-57.3],[-164.2,-57.5],[-164.3,-57.5]]]]}},{"type":"Feature","properties":{},"geometry":{"type":"MultiPolygon","coordinates":[[[[171.3,-54.4],[171.3,-54.1],[172,-52.2],[172.5,-52.3],[172.3,-52],[171.4,-54.4],[171.3,-54.4]]]]}},{"type":"Feature","properties":{},"geometry":{"type":"MultiPolygon","coordinates":[[[[180,-40.8],[177.5,-41.7],[174.3,-42.4],[175.1,-46.8],[172.9,-49.8],[172,-51.2],[171.5,-50.4],[170.5,-49.5],[169.9,-47.7],[170.1,-46.9],[169.7,-45.3],[169.7,-44.6],[169.9,-43.5],[170.3,-42.1],[170.7,-41.7],[171.5,-41.7],[171.8,-41.1],[172.6,-40.9],[172.8,-40.8],[172.9,-40.5],[172.7,-40.5],[173.2,-40.1],[173.3,-39.6],[174.1,-39.1],[174.5,-38.7],[175.1,-37.3],[175.3,-37.1],[175.5,-37.1],[175.3,-36.8],[175.2,-36.8],[175.1,-36.1],[174.8,-35.7],[174.4,-35.4],[174.2,-35],[173.7,-34.1],[173.9,-34.1],[178.8,-32.7],[180,-36.7],[178.9,-39.2],[178.8,-40.7],[180,-40.8]]]]}},{"type":"Feature","properties":{},"geometry":{"type":"MultiPolygon","coordinates":[[[[-180,-38.2],[-180,-32.2],[-175.6,-30.6],[-174.6,-38.3],[-174.8,-39.6],[-175.7,-38],[-176,-35.7],[-176.3,-33.6],[-176.6,-31.7],[-178.1,-32.5],[-178.6,-35.3],[-179.6,-37.5],[-180,-38.2]]]]}},{"type":"Feature","properties":{},"geometry":{"type":"MultiPolygon","coordinates":[[[[-180,-41.9],[-178.1,-40.8],[-175.5,-41.5],[-174,-42.1],[-174.1,-45.1],[-174.5,-43.9],[-176.8,-42.7],[-180,-41.9]]]]}},{"type":"Feature","properties":{},"geometry":{"type":"MultiPolygon","coordinates":[[[[180,-28.7],[177.5,-33.1],[173.8,-34.1],[173.7,-34],[173.9,-31.7],[174.6,-29.7],[174.3,-30],[174.2,-30.3],[174.1,-30.9],[174.1,-31.6],[174.3,-31.7],[174.7,-31.6],[174.9,-31.4],[174.7,-31.1],[174.5,-30.7],[174.6,-30.4],[174.8,-30],[174.5,-29.7],[174.5,-29.5],[174.2,-28.5],[174.4,-26.9],[174.9,-25.9],[175.7,-28.2],[177.1,-28.9],[178.2,-28.8],[179.8,-28.8],[180,-28.7]]]]}},{"type":"Feature","properties":{},"geometry":{"type":"MultiPolygon","coordinates":[[[[-180,-32.2],[-179.9,-28.5],[-179.5,-27.8],[-175.9,-26.6],[-179.2,-21.9],[-178.3,-20.7],[-175.3,-25.5],[-174.2,-30.1],[-178.4,-31.7],[-180,-32.2]]]]}},{"type":"Feature","properties":{},"geometry":{"type":"MultiPolygon","coordinates":[[[[180,-22.3],[179.7,-27.9],[176,-26.7],[175.4,-25.8],[176.1,-25.3],[176.5,-25.2],[177.8,-24.9],[178.7,-25.7],[178.2,-25.1],[178.1,-25],[177.9,-24.7],[177.6,-24.5],[176.2,-24.1],[175.3,-23.9],[177,-23.4],[180,-22.3]]]]}},{"type":"Feature","properties":{},"geometry":{"type":"MultiPolygon","coordinates":[[[[-180,-27.9],[-179.2,-21.9],[-175.9,-26.6],[-179.5,-27.8],[-180,-27.9]]]]}},{"type":"Feature","properties":{},"geometry":{"type":"MultiPolygon","coordinates":[[[[-117.1,4.2],[-118.7,4],[-120.5,3.8],[-121.2,3.4],[-121.5,3.2],[-121.9,3.5],[-122.6,4.2],[-122,5.1],[-122.3,6.4],[-123,7.6],[-123.1,8.1],[-122,8.7],[-120.5,8.5],[-119.3,8.2],[-118.7,7.8],[-117.8,7.2],[-117.3,6.8],[-116.3,6],[-116.5,5.4],[-117,4.5],[-117.1,4.2]]]]}},{"type":"Feature","properties":{},"geometry":{"type":"MultiPolygon","coordinates":[[[[-111.9,-3.8],[-113.6,-2],[-114,-0.9],[-114.1,0.3],[-112.5,-1.3],[-112.3,-2.1],[-112.5,-2.4],[-111.9,-3.8]]]]}},{"type":"Feature","properties":{},"geometry":{"type":"MultiPolygon","coordinates":[[[[-93.6,6.8],[-92.9,6.3],[-92.7,6.3],[-92.6,6.1],[-92.2,6.1],[-92.4,6.2],[-90.8,6.6],[-89.7,6.2],[-89,6],[-88.9,5.9],[-89.2,6],[-89.3,6],[-89.7,6],[-89.9,6],[-90.1,6.2],[-90,6.1],[-90.1,5.8],[-90.1,5.9],[-90.6,6],[-90.3,5.8],[-90.6,5.6],[-90.9,5.4],[-91.1,5.2],[-91.8,5.1],[-91.9,5.9],[-92.3,5.6],[-92,5.2],[-92.1,4.9],[-92.2,4.5],[-93.1,4.8],[-92.9,5.2],[-93,5.2],[-93.2,5.5],[-93.3,5.8],[-93.6,6],[-93.5,6.1],[-93.7,6.2],[-93.8,6.4],[-93.7,6.6],[-93.6,6.8]]]]}},{"type":"Feature","properties":{},"geometry":{"type":"MultiPolygon","coordinates":[[[[-94.6,7.5],[-94,6.8],[-94.1,6.5],[-94.3,7],[-94.4,6.7],[-94.7,6.7],[-94.3,6.5],[-94.5,6.2],[-94.6,6.1],[-94.4,5.8],[-94.5,5.5],[-94.1,5.3],[-93.9,5.2],[-93.4,4.7],[-93.4,4.2],[-93.8,4],[-93.9,3.8],[-94.5,3.9],[-94.6,4.2],[-94.7,4.4],[-94.9,4.9],[-95.2,5],[-95.3,5.2],[-95.5,5.5],[-95.3,5.8],[-95.7,6],[-95.6,6.2],[-95.7,6.3],[-95.4,6.6],[-95,6.8],[-94.5,7.5],[-94.6,7.5]]]]}},{"type":"Feature","properties":{},"geometry":{"type":"MultiPolygon","coordinates":[[[[-95.8,8.6],[-95.3,8.1],[-95.6,8],[-95.7,8.1],[-95.8,8],[-95.9,8],[-96.3,8.2],[-96.3,8.4],[-96,8.7],[-95.8,8.6]]]]}},{"type":"Feature","properties":{},"geometry":{"type":"MultiPolygon","coordinates":[[[[-95.2,7.3],[-96.1,7.1],[-96.1,7.3],[-96,7.6],[-95.6,7.5],[-95.3,7.5],[-95.2,7.3]]]]}},{"type":"Feature","properties":{},"geometry":{"type":"MultiPolygon","coordinates":[[[[-119.4,12],[-118.6,13],[-117.9,13.2],[-116.6,12.6],[-116.3,12.3],[-115,11.4],[-117.7,12.2],[-119.4,12]]]]}},{"type":"Feature","properties":{},"geometry":{"type":"MultiPolygon","coordinates":[[[[-123.4,0.8],[-126.7,-0.4],[-129,-0.8],[-130.6,0],[-131.4,1.8],[-132.6,3.9],[-133.3,5.1],[-134.7,7.2],[-133.7,8.7],[-131.9,7.1],[-130.7,6.3],[-129.1,4.7],[-128.7,5],[-128.4,5.6],[-127.6,5.8],[-126.3,5.3],[-125.8,5.5],[-124.8,4.5],[-122.9,3.2],[-121.5,2.8],[-121.6,2.5],[-122.3,1.7],[-123.4,0.8]]]]}},{"type":"Feature","properties":{},"geometry":{"type":"MultiPolygon","coordinates":[[[[-114.3,-17.5],[-114.5,-17],[-115.2,-17.1],[-115.5,-17.1],[-116.4,-17],[-116.9,-17.3],[-117.7,-17.4],[-118,-17.4],[-118.3,-17.4],[-119.7,-16.3],[-119.2,-17.3],[-120.8,-17.8],[-122.1,-18.1],[-125.5,-18],[-129.5,-17.8],[-132.6,-17.5],[-134.2,-16.4],[-134,-14],[-133.8,-10.4],[-135.6,-9.9],[-138.2,-10.7],[-139.1,-10.4],[-138.4,-8.8],[-138.6,-7.8],[-138.8,-6.8],[-139.4,-6],[-139.8,-5.8],[-139.9,-5.4],[-140.1,-5.5],[-140.7,-5.7],[-141.2,-5.3],[-141.8,-5.3],[-141,-4.5],[-140,-3.1],[-139.7,-2.2],[-138,-4],[-137.7,-5],[-135.4,-6],[-134.4,-7.5],[-133,-9.8],[-130.6,-11.4],[-128.1,-11.9],[-124.6,-13.7],[-121.4,-14.5],[-120.8,-15.2],[-119.2,-14.1],[-119.2,-14.6],[-119.2,-14.9],[-119.1,-15.5],[-118.8,-15.5],[-118.6,-15.4],[-118.4,-15],[-118.4,-14.7],[-117.7,-14.9],[-117.8,-15.1],[-117.4,-14.8],[-116.9,-14.9],[-116.3,-15.3],[-116.2,-15.5],[-116,-15.5],[-115.3,-15.5],[-114.7,-15.9],[-114.6,-16.1],[-114.5,-16.7],[-114.3,-16.6],[-114,-17.1],[-114.3,-17.5]]]]}},{"type":"Feature","properties":{},"geometry":{"type":"MultiPolygon","coordinates":[[[[-120.8,-12.1],[-121.8,-13.2],[-123.9,-13.9],[-126.7,-12.7],[-130.4,-11.5],[-132,-10.6],[-133.5,-8.1],[-132.7,-6.6],[-130.6,-6.9],[-128.9,-7.2],[-128,-7.4],[-127,-8.1],[-125.3,-8.8],[-122.1,-10.7],[-121.7,-10.9],[-122.7,-11.2],[-124.2,-12],[-124,-12.9],[-122.8,-12.4],[-122.3,-12.1],[-121.4,-11.8],[-121.1,-12],[-120.9,-12.1],[-120.8,-12.1]]]]}},{"type":"Feature","properties":{},"geometry":{"type":"MultiPolygon","coordinates":[[[[-130.9,-6.8],[-135.4,-6],[-137.7,-5],[-138,-4],[-139.7,-2.2],[-139.5,-1.5],[-139.8,0.2],[-139.6,1.2],[-139,2.2],[-138.3,1.9],[-137.1,0.5],[-135.8,-0.7],[-136,-1.6],[-133,-4.8],[-131,-6.2],[-130.6,-6.7],[-130.9,-6.8]]]]}},{"type":"Feature","properties":{},"geometry":{"type":"MultiPolygon","coordinates":[[[[-98.7,-5.3],[-98.7,-6.1],[-98.9,-5.9],[-99.1,-5.8],[-99.1,-6],[-99.3,-6.1],[-99.2,-6.2],[-99.1,-6.4],[-99.2,-6.4],[-99.7,-6.6],[-101.6,-5.5],[-101.8,-5.3],[-101.5,-5.1],[-101.7,-5],[-101.6,-4.9],[-101.8,-5],[-102,-5],[-101.8,-4.9],[-101.6,-4.7],[-101.8,-4.5],[-101.9,-4.7],[-102.1,-4.7],[-102.3,-4.4],[-102.5,-4.2],[-102.7,-4.1],[-102.9,-3.9],[-102.8,-3.7],[-102.7,-3.4],[-102.1,-3.4],[-101.9,-3.2],[-101.6,-3.9],[-101.2,-4.1],[-100.7,-4.3],[-99.6,-4.2],[-99.2,-3.7],[-98.7,-5.3]]]]}},{"type":"Feature","properties":{},"geometry":{"type":"MultiPolygon","coordinates":[[[[-99.5,-2.6],[-100.3,-2.3],[-99.7,-2.3],[-99.5,-2.6]]]]}},{"type":"Feature","properties":{},"geometry":{"type":"MultiPolygon","coordinates":[[[[-97.8,-7.3],[-98,-7.5],[-98.1,-7.6],[-98.2,-7.7],[-98.3,-7.8],[-98.4,-7.9],[-98.4,-7.8],[-98.4,-7.6],[-98.5,-7.4],[-98.6,-7.3],[-98.6,-7.2],[-98.3,-7.1],[-98.5,-6.9],[-98.4,-6.7],[-97.8,-7.3]]]]}},{"type":"Feature","properties":{},"geometry":{"type":"MultiPolygon","coordinates":[[[[-97.6,-7.5],[-97.7,-7.6],[-97.7,-7.4],[-97.6,-7.5]]]]}},{"type":"Feature","properties":{},"geometry":{"type":"MultiPolygon","coordinates":[[[[-100.5,-9.1],[-100.4,-8.9],[-100.5,-8.8],[-100.4,-8.6],[-99.3,-6.5],[-99.4,-6.7],[-99.4,-6.9],[-99.3,-7],[-99.3,-7.2],[-99.5,-7.3],[-99.4,-7.2],[-99.4,-7.4],[-99.1,-7.3],[-99.2,-7.4],[-99.2,-7.6],[-99.2,-7.7],[-99.5,-7.7],[-99.5,-8],[-99.5,-8.2],[-99.6,-8.3],[-99.7,-8.7],[-99.8,-8.7],[-99.7,-8.2],[-99.9,-8.5],[-100,-8.7],[-100,-8.8],[-100.1,-9],[-100.5,-9.1]]]]}},{"type":"Feature","properties":{},"geometry":{"type":"MultiPolygon","coordinates":[[[[-99.1,-7.5],[-99.1,-7.6],[-99.3,-7.6],[-99.1,-7.5]]]]}},{"type":"Feature","properties":{},"geometry":{"type":"MultiPolygon","coordinates":[[[[-66.3,-30.5],[-66.6,-30.9],[-66.9,-31.2],[-67,-31.4],[-66.7,-31.6],[-67.1,-31.7],[-67.5,-31.9],[-68,-31.8],[-68,-32.1],[-68.2,-32.3],[-68.7,-31.9],[-68.7,-31.3],[-68,-30.8],[-67.3,-30.5],[-66.6,-30.3],[-66.1,-30.4],[-66.3,-30.5]]]]}},{"type":"Feature","properties":{},"geometry":{"type":"MultiPolygon","coordinates":[[[[-65.3,-33.2],[-66,-33.2],[-66,-32.9],[-65.3,-33.2]]]]}},{"type":"Feature","properties":{},"geometry":{"type":"MultiPolygon","coordinates":[[[[-66.1,-32.3],[-66,-32.4],[-66.2,-32.8],[-66.6,-32.8],[-66.9,-33.2],[-67.2,-33.4],[-67.2,-33],[-67,-32.9],[-67.2,-32.4],[-67.2,-32.2],[-66.7,-32.2],[-66.6,-32.3],[-66.8,-32.4],[-66.6,-32.6],[-66.5,-32.3],[-66.1,-32.3]]]]}},{"type":"Feature","properties":{},"geometry":{"type":"MultiPolygon","coordinates":[[[[-67.5,-32.4],[-68.1,-32.5],[-68,-32.1],[-67.8,-32.1],[-67.6,-32.3],[-67.5,-32.4]]]]}},{"type":"Feature","properties":{},"geometry":{"type":"MultiPolygon","coordinates":[[[[-67.5,-33.4],[-67.7,-33],[-67.3,-33.2],[-67.5,-33.4]]]]}},{"type":"Feature","properties":{},"geometry":{"type":"MultiPolygon","coordinates":[[[[-66.3,-33.8],[-66.3,-34.2],[-66.5,-34.2],[-66.6,-34],[-66.5,-33.9],[-66.3,-34],[-66.6,-33.9],[-66.3,-33.8]]]]}},{"type":"Feature","properties":{},"geometry":{"type":"MultiPolygon","coordinates":[[[[153.8,-33.3],[155.7,-32.8],[156.8,-32.5],[160.4,-31.2],[163.3,-30.8],[165.8,-30.8],[167.8,-29.9],[169.3,-29.6],[168.6,-28.4],[167.6,-26.8],[167.5,-26.2],[170.1,-28],[170.8,-29],[170.2,-29.8],[168,-30.5],[166.3,-31],[164.3,-31.5],[161,-32.4],[157.5,-34.5],[155.4,-34.7],[153.8,-33.3]]]]}},{"type":"Feature","properties":{},"geometry":{"type":"MultiPolygon","coordinates":[[[[145.7,-32.5],[148.6,-31.4],[148.7,-30.9],[149.1,-31],[149.6,-31.6],[150.7,-32.1],[152.2,-33.1],[152.8,-33.3],[155.1,-34.6],[153.7,-34.7],[151.8,-34.3],[149.1,-34.5],[145.5,-34.1],[145.8,-32.9],[145.9,-32.4],[145.7,-32.5]]]]}},{"type":"Feature","properties":{},"geometry":{"type":"MultiPolygon","coordinates":[[[[98.8,-64.9],[100.5,-63.7],[101.3,-63.4],[102.4,-62.9],[105.8,-60.1],[106.8,-60.1],[107.8,-58.8],[108.2,-58.4],[111.4,-59],[109.7,-60.2],[108.8,-62.4],[99.3,-65.5],[98.8,-64.9]]]]}},{"type":"Feature","properties":{},"geometry":{"type":"MultiPolygon","coordinates":[[[[102.4,-58.1],[104.8,-56.1],[105.8,-55.6],[109,-56.3],[110.2,-56.7],[109.9,-56.7],[108.9,-57],[108.7,-57.2],[107.4,-58.4],[106.9,-58.8],[105.1,-58.7],[104.2,-59.6],[102.8,-58.4],[102.4,-58.1]]]]}},{"type":"Feature","properties":{},"geometry":{"type":"MultiPolygon","coordinates":[[[[81.7,-68.6],[82,-68.8],[81.1,-69.3],[81.7,-68.6]]]]}},{"type":"Feature","properties":{},"geometry":{"type":"MultiPolygon","coordinates":[[[[95.8,-65.6],[95.1,-65.8],[93.9,-65.9],[95.6,-65.7],[95.8,-65.6]]]]}},{"type":"Feature","properties":{},"geometry":{"type":"MultiPolygon","coordinates":[[[[93.2,-64.8],[93.8,-65.5],[93.5,-65.3],[93.4,-65],[93.2,-64.8]]]]}},{"type":"Feature","properties":{},"geometry":{"type":"MultiPolygon","coordinates":[[[[96,-65.6],[96.9,-65.4],[98.8,-64.9],[100.9,-67.6],[105.4,-70.5],[110.9,-74.6],[111.1,-78],[125.9,-81.1],[150.4,-80.5],[130.5,-83.9],[110.5,-84.2],[110.1,-83.8],[111,-83.5],[111,-83.4],[108.6,-81.5],[108.6,-79.9],[110.5,-78.4],[108.8,-75.8],[102.5,-76.2],[97.7,-75.3],[96.8,-73.9],[98,-73.6],[98.6,-71.8],[97.2,-70.1],[97.4,-69.5],[95.2,-67.8],[94.7,-67.6],[94.7,-67.5],[94.1,-67.1],[93.9,-66.7],[94.3,-66.3],[94.2,-66.1],[93.8,-66.1],[94.9,-65.8],[95.5,-65.7],[96,-65.6]]]]}},{"type":"Feature","properties":{},"geometry":{"type":"MultiPolygon","coordinates":[[[[82.3,-65.2],[84.7,-65.8],[85.4,-66.4],[84.6,-66.9],[83.4,-65.9],[82.3,-65.2]]]]}},{"type":"Feature","properties":{},"geometry":{"type":"MultiPolygon","coordinates":[[[[74.6,-76.5],[76.2,-76.5],[75.7,-76.7],[74.6,-76.5]]]]}},{"type":"Feature","properties":{},"geometry":{"type":"MultiPolygon","coordinates":[[[[111.6,-61.2],[114.4,-61.5],[115.3,-62.2],[117.1,-62.2],[119.8,-62.5],[114.2,-62.8],[102.7,-64.9],[104.7,-63.7],[111.6,-61.2]]]]}},{"type":"Feature","properties":{},"geometry":{"type":"MultiPolygon","coordinates":[[[[114.3,-49.7],[114.2,-49.2],[114.6,-48.3],[114.8,-47.4],[115.2,-47.4],[116.3,-47.6],[115.6,-47.2],[118.7,-46.7],[119.3,-47],[121.3,-47.4],[120.6,-48.2],[119.6,-48.7],[118.9,-49.3],[118.5,-49.8],[117.2,-50.3],[116,-50.9],[114.3,-49.7]]]]}},{"type":"Feature","properties":{},"geometry":{"type":"MultiPolygon","coordinates":[[[[114.3,-49.7],[114.8,-51.9],[114.2,-51.9],[114.3,-51.4],[114.2,-51.2],[114.4,-49.8],[114.3,-49.7]]]]}},{"type":"Feature","properties":{},"geometry":{"type":"MultiPolygon","coordinates":[[[[113.8,-52],[113.5,-51.9],[113.9,-52.2],[113.6,-52.2],[113.8,-52]]]]}},{"type":"Feature","properties":{},"geometry":{"type":"MultiPolygon","coordinates":[[[[-164,-78.8],[-165.7,-76.1],[-167.5,-74.3],[-166.5,-71.4],[-168.4,-69.7],[-164.7,-69.9],[-160.7,-68.2],[-159.6,-67.7],[-159,-65.8],[-154.7,-64.8],[-154.2,-66.4],[-150.3,-67.6],[-140.5,-68],[-140.5,-65.6],[-136.2,-66.3],[-130.4,-66.7],[-130.7,-70.1],[-138.9,-74.4],[-144.2,-77.4],[-145.7,-78.6],[-139.3,-79],[-127,-75.5],[-119.8,-74.1],[-122.7,-76.9],[-128,-79.1],[-132.2,-82],[-158.9,-79.5],[-164,-78.8]]]]}},{"type":"Feature","properties":{},"geometry":{"type":"MultiPolygon","coordinates":[[[[-170.4,-69],[-172.7,-68.1],[-176.2,-66.4],[-173.6,-64.1],[-173.2,-60.6],[-172.9,-60.8],[-172.9,-61.3],[-172.9,-61.6],[-172.6,-61.7],[-172.4,-62],[-172.4,-62.2],[-172.4,-62.9],[-172.2,-62.3],[-172.5,-62],[-172.4,-61.7],[-171.4,-62],[-171.3,-62.1],[-170.3,-62.3],[-170.3,-62.6],[-169.7,-62.6],[-169.4,-62.8],[-169.8,-62.5],[-169,-62.5],[-169.6,-62.3],[-170.3,-62.1],[-170.8,-61.9],[-171.2,-62],[-171.5,-62],[-171.9,-61.7],[-172.1,-61.6],[-172.3,-61.5],[-172.3,-61.4],[-172.4,-61.1],[-172.7,-60.9],[-172.5,-60.8],[-172.2,-60.6],[-171.7,-60.6],[-171,-60.7],[-172.6,-60.3],[-172.3,-59.4],[-169.1,-58.4],[-165.9,-58.5],[-162.5,-58],[-161.5,-57.6],[-159.1,-56.6],[-159.1,-57.9],[-156.9,-61.1],[-149.7,-61.3],[-144.3,-61],[-140.5,-65.6],[-140.5,-68],[-150.3,-67.6],[-154.2,-66.4],[-154.7,-64.8],[-159,-65.8],[-159.6,-67.7],[-160.7,-68.2],[-164.7,-69.9],[-170.4,-69]]]]}},{"type":"Feature","properties":{},"geometry":{"type":"MultiPolygon","coordinates":[[[[180,-21.6],[175.1,-24.4],[174.7,-23.2],[175.2,-21.1],[178.7,-20.7],[180,-21.6]]]]}},{"type":"Feature","properties":{},"geometry":{"type":"MultiPolygon","coordinates":[[[[-139.7,-45],[-144.4,-45.5],[-148.9,-46.7],[-152.6,-45.5],[-159.3,-45.9],[-165,-47.3],[-167.2,-45.5],[-165.3,-44.4],[-161.5,-43],[-156.6,-41.2],[-158.1,-43],[-156.8,-43],[-155.7,-42.5],[-154.9,-41.1],[-146.5,-40.5],[-141.9,-40.7],[-139.9,-40.9],[-138.6,-42],[-137,-43.5],[-139.1,-44.9],[-139.7,-45]]]]}},{"type":"Feature","properties":{},"geometry":{"type":"MultiPolygon","coordinates":[[[[180,-55.3],[176.9,-57.5],[171.1,-59.6],[170.8,-59.3],[170.3,-59.1],[170.1,-58.5],[171.9,-57.5],[177.4,-56],[180,-55.3]]]]}},{"type":"Feature","properties":{},"geometry":{"type":"MultiPolygon","coordinates":[[[[-137.8,5.6],[-139.8,5.9],[-139.1,7.6],[-138.7,8.1],[-138,7.4],[-137.7,5.8],[-137.8,5.6]]]]}},{"type":"Feature","properties":{},"geometry":{"type":"MultiPolygon","coordinates":[[[[-138.9,2.6],[-139.8,3.5],[-140.6,3.1],[-140.9,4],[-140.2,5.1],[-137.8,5.5],[-138.4,4.7],[-138.8,3.4],[-138.9,2.6]]]]}},{"type":"Feature","properties":{},"geometry":{"type":"MultiPolygon","coordinates":[[[[-118.3,8.4],[-119.1,9.6],[-115.9,11.1],[-113.7,10.6],[-112.2,9.3],[-111.6,8.7],[-111.9,8.7],[-113.7,9.4],[-115.7,9.5],[-118.2,8.5],[-118.3,8.4]]]]}},{"type":"Feature","properties":{},"geometry":{"type":"MultiPolygon","coordinates":[[[[-120.9,-10.7],[-122.1,-10.7],[-124.6,-9.3],[-126.5,-8.6],[-125.9,-8.3],[-124.7,-8.2],[-124.2,-7.8],[-122.5,-7.7],[-122.1,-8.1],[-121.3,-9.3],[-121,-10.5],[-120.9,-10.7]]]]}},{"type":"Feature","properties":{},"geometry":{"type":"MultiPolygon","coordinates":[[[[-129.8,-6.8],[-132.4,-5.1],[-134.7,-3.1],[-136.1,-1],[-136.1,-0.2],[-137.6,1],[-138.9,2.6],[-138.8,3.4],[-138.4,4.7],[-137.8,5.5],[-134.3,6.6],[-133.2,4.9],[-132.3,4.2],[-131.2,1.3],[-129.9,-0.5],[-129.3,-1],[-127.9,-2.1],[-127.2,-3.9],[-127.2,-4.8],[-127.1,-5.6],[-125.7,-6.6],[-125.3,-7.8],[-127.8,-7],[-128.8,-6.7],[-129.8,-6.8]]]]}},{"type":"Feature","properties":{},"geometry":{"type":"MultiPolygon","coordinates":[[[[-173,-29.6],[-168.4,-27.7],[-168.4,-31.8],[-172.3,-32.3],[-173,-29.6]]]]}},{"type":"Feature","properties":{},"geometry":{"type":"MultiPolygon","coordinates":[[[[-173.4,-28.1],[-177.1,-22.5],[-177.4,-20.9],[-173.2,-25.1],[-169.9,-28.4],[-173.4,-28.1]]]]}},{"type":"Feature","properties":{},"geometry":{"type":"MultiPolygon","coordinates":[[[[-97.2,-5.9],[-98.1,-5.1],[-98.9,-3.3],[-98.8,-3],[-98.7,-2.5],[-98.7,-2.3],[-98.6,-2],[-98.6,-1.9],[-98.7,-1.7],[-98.7,-1.5],[-98.5,-1.2],[-98.2,-1.1],[-98.4,-0.8],[-98.3,-0.7],[-98.4,-0.6],[-98.1,-0.1],[-98.1,0.1],[-98,0.2],[-98,0.3],[-98.3,0.3],[-98.7,0],[-98.8,0.3],[-99,0.6],[-99.1,0.7],[-99.3,0.9],[-99.4,1.6],[-99.6,1.9],[-99.3,2.3],[-99.5,2.4],[-99.6,2.4],[-99.8,2.8],[-99.4,3.4],[-99.1,2.8],[-98.6,2.3],[-98.6,2.2],[-98.3,2.2],[-98.1,2.5],[-97.9,2.9],[-97.6,2.5],[-97.5,2.6],[-97.3,2.8],[-97,3.1],[-96.8,3.2],[-96.7,3.2],[-96.5,3.2],[-96.3,2.9],[-96,2.9],[-96.1,2],[-96.7,1.7],[-97.1,1.6],[-97,1.4],[-96.8,1.3],[-96.6,1.1],[-96.7,1.1],[-96.8,0.8],[-96.6,1.1],[-96.4,0.8],[-96.4,1.1],[-95.9,0.8],[-95.8,0.3],[-96.2,0.3],[-96.2,0.1],[-96.4,-0.1],[-96.6,-0.3],[-96.8,-0.5],[-96.1,-0.4],[-96.1,-0.5],[-96.4,-0.6],[-96.3,-0.7],[-96.3,-0.8],[-95.9,-0.8],[-96.2,-1.3],[-96.7,-1.5],[-96.1,-1.5],[-96.2,-1.8],[-96.7,-1.7],[-96.4,-1.9],[-95.9,-2],[-96.3,-2.1],[-95.9,-2.1],[-96.1,-2.6],[-96.6,-2.6],[-96.4,-2.5],[-96.7,-2.7],[-96.4,-2.8],[-96.1,-2.8],[-96.1,-3.4],[-96.8,-3],[-96.5,-3.4],[-96.6,-3.7],[-96.8,-3.3],[-97,-3.4],[-96.8,-3.5],[-96.9,-3.7],[-97.1,-3.7],[-97.3,-3.4],[-97.3,-3.8],[-97.3,-4.1],[-97.1,-4.2],[-97,-4.3],[-97.3,-4.3],[-97.1,-4.3],[-97.1,-4.4],[-97.3,-4.8],[-97,-4.8],[-97.3,-5],[-97.1,-5],[-96.9,-5.1],[-96.9,-5.2],[-96.8,-5.3],[-96.9,-5.4],[-96.8,-5.5],[-96.8,-5.7],[-96.9,-6],[-97.2,-5.9]]]]}},{"type":"Feature","properties":{},"geometry":{"type":"MultiPolygon","coordinates":[[[[-96.7,3.5],[-98,2.9],[-98.4,2.3],[-98.5,2.4],[-99,2.7],[-99.1,3.6],[-98.4,4],[-97.9,4.2],[-97.6,4.2],[-97.1,4.1],[-96.2,3.5],[-96.7,3.5]]]]}},{"type":"Feature","properties":{},"geometry":{"type":"MultiPolygon","coordinates":[[[[-95.6,2.2],[-95.4,1.3],[-95.6,0.9],[-96.3,1.5],[-96,2],[-95.8,2.3],[-95.6,2.2]]]]}},{"type":"Feature","properties":{},"geometry":{"type":"MultiPolygon","coordinates":[[[[-99.5,-2.6],[-99.7,-2.2],[-99.1,-2.3],[-99.5,-2.6]]]]}},{"type":"Feature","properties":{},"geometry":{"type":"MultiPolygon","coordinates":[[[[-99,-2.5],[-98.9,-2.9],[-99.2,-2.5],[-99,-2.5]]]]}},{"type":"Feature","properties":{},"geometry":{"type":"MultiPolygon","coordinates":[[[[-99.4,-0.8],[-99.4,-0.6],[-98.9,-0.7],[-99.4,-0.8]]]]}},{"type":"Feature","properties":{},"geometry":{"type":"MultiPolygon","coordinates":[[[[-98.7,-0.1],[-99,-0.1],[-99,0],[-99,0.2],[-98.7,-0.1]]]]}},{"type":"Feature","properties":{},"geometry":{"type":"MultiPolygon","coordinates":[[[[-127.8,-82.3],[-127.5,-78],[-121.6,-75.8],[-114.9,-76.7],[-113,-81.2],[-127.8,-82.3]]]]}},{"type":"Feature","properties":{},"geometry":{"type":"MultiPolygon","coordinates":[[[[-99.7,0],[-100.7,0.9],[-100.5,0.8],[-100.5,1.1],[-100.4,1.2],[-100.2,1.4],[-100,1.5],[-99.7,0.9],[-99.6,0.6],[-99.7,0.4],[-99.7,0.2],[-99.7,0]]]]}},{"type":"Feature","properties":{},"geometry":{"type":"MultiPolygon","coordinates":[[[[-100.5,-8.7],[-100.5,-8.5],[-100.6,-8.6],[-100.6,-8.1],[-100.7,-8.2],[-100.7,-8],[-100.6,-7.6],[-100.8,-7.4],[-100.8,-7.3],[-100.5,-8.7]]]]}},{"type":"Feature","properties":{},"geometry":{"type":"MultiPolygon","coordinates":[[[[-101.4,-9.3],[-101,-8.8],[-101.2,-9],[-101.1,-9.1],[-101.3,-9.3],[-101.4,-9.3]]]]}},{"type":"Feature","properties":{},"geometry":{"type":"MultiPolygon","coordinates":[[[[-101,-10],[-101.3,-10],[-101,-9.9],[-101,-10]]]]}},{"type":"Feature","properties":{},"geometry":{"type":"MultiPolygon","coordinates":[[[[135.5,-38.5],[135.7,-38.3],[135.9,-38.2],[136.7,-38.7],[136.5,-40.1],[134.8,-44.5],[132.4,-45.6],[132.1,-46.2],[128.5,-47.2],[127.4,-46],[126.7,-45.2],[126,-46.1],[125.5,-46.4],[125.1,-47],[126.3,-47.3],[127.2,-47.1],[125.1,-48.5],[122.3,-48],[120.4,-47.7],[119.7,-47.4],[123,-45.9],[129.2,-42.4],[135.5,-38.5]]]]}},{"type":"Feature","properties":{},"geometry":{"type":"MultiPolygon","coordinates":[[[[124.4,-47.9],[126.9,-47.1],[128.5,-47.5],[129.6,-48.7],[125.3,-48.9],[123.3,-49.9],[123.1,-51.6],[123.4,-52.5],[120.4,-53.5],[124.4,-47.9]]]]}},{"type":"Feature","properties":{},"geometry":{"type":"MultiPolygon","coordinates":[[[[103.7,-52.6],[106.4,-51],[107.5,-49.6],[110.6,-49.5],[112.3,-48.8],[113.7,-48.2],[112.1,-49.5],[111.9,-49.9],[111.7,-49.8],[110,-50.7],[109.9,-51.2],[108.7,-53.1],[108.3,-53.4],[107.7,-54],[107.5,-54.8],[106.1,-54.9],[103,-53.8],[103.7,-52.6]]]]}},{"type":"Feature","properties":{},"geometry":{"type":"MultiPolygon","coordinates":[[[[110.6,-51.6],[110.6,-51.1],[110.7,-51.3],[110.6,-51.6]]]]}},{"type":"Feature","properties":{},"geometry":{"type":"MultiPolygon","coordinates":[[[[145.2,-44.4],[145.4,-43.9],[146.1,-43.6],[145.2,-44.4]]]]}},{"type":"Feature","properties":{},"geometry":{"type":"MultiPolygon","coordinates":[[[[142.8,-37.7],[144.6,-39.1],[145.8,-42],[145.4,-42.8],[145,-43.5],[143.6,-43.9],[141.8,-44.2],[141.8,-44],[144.7,-42.4],[144.7,-40.2],[144,-38.3],[142.9,-37.7],[142.8,-37.7]]]]}},{"type":"Feature","properties":{},"geometry":{"type":"MultiPolygon","coordinates":[[[[102.5,-53.6],[102.9,-54.3],[104.6,-55.3],[106.8,-53.5],[108.6,-52.6],[107.7,-53.7],[105.3,-55.5],[103.9,-56.3],[102.2,-56.7],[100.8,-55.5],[101,-54.7],[101.8,-54],[102.5,-53.6]]]]}},{"type":"Feature","properties":{},"geometry":{"type":"MultiPolygon","coordinates":[[[[112.3,-43.6],[116.8,-41.3],[119.2,-39.4],[126.7,-39.8],[130,-39.5],[131.2,-39.3],[131.4,-39.4],[131.7,-39.4],[131.8,-39.4],[132,-39.4],[132.4,-39.3],[133.1,-39.2],[133.7,-39.1],[134.5,-38.7],[135.1,-38.4],[135.5,-38.5],[130.8,-41.5],[124.5,-45.4],[119.3,-47.2],[117.6,-46.6],[116.5,-46.1],[114.6,-45.2],[112.7,-43.9],[112.3,-43.6]]]]}},{"type":"Feature","properties":{},"geometry":{"type":"MultiPolygon","coordinates":[[[[117.3,-46],[118.7,-46.8],[119.6,-47.5],[117.3,-46.5],[117.3,-46]]]]}},{"type":"Feature","properties":{},"geometry":{"type":"MultiPolygon","coordinates":[[[[-97.6,-7.5],[-98.3,-6.7],[-98.1,-6.7],[-98.1,-6.6],[-98,-6.3],[-98.4,-6.1],[-98.3,-5.9],[-98.3,-5.7],[-98.5,-5.6],[-98.5,-5.7],[-98.6,-5.6],[-98.7,-5.3],[-97.3,-5.8],[-97.1,-6],[-96.8,-6.2],[-96.7,-6.2],[-97.2,-6.4],[-97,-6.4],[-96.8,-6.6],[-96.7,-6.7],[-96.5,-6.8],[-96.6,-6.9],[-96.8,-7],[-96.9,-7.2],[-97.1,-7.2],[-97.1,-7.1],[-97.3,-7.2],[-97.4,-7.2],[-97.4,-7.4],[-97.6,-7.5]]]]}},{"type":"Feature","properties":{},"geometry":{"type":"MultiPolygon","coordinates":[[[[134.5,11.4],[134.6,11.3],[134.7,11.3],[134.8,11.3],[134.8,11.2],[134.9,11.2],[134.9,11.1],[135,11.1],[135.1,11],[135,11.1],[135,11],[134.9,11],[134.8,11],[134.7,11],[135.1,10.9],[135,10.9],[135.2,10.7],[135.1,10.7],[135.1,10.6],[135,10.6],[135.2,10.6],[135.3,10.5],[135.2,10.5],[135.3,10.5],[135.3,10.4],[135.4,10.4],[135.4,10.3],[135.3,10.3],[135.3,10.2],[135.2,10.2],[135.1,10.1],[135,10],[135,9.9],[135,9.8],[134.9,9.9],[134.8,9.9],[134.9,10],[134.9,10.1],[134.8,10.1],[134.8,10],[134.7,10],[134.6,10],[134.7,9.9],[134.6,9.9],[134.5,9.9],[134.4,9.9],[134.3,9.9],[134.2,9.9],[134.1,9.9],[134.1,10],[134,10],[133.9,10.1],[133.8,10.2],[133.7,10.2],[133.7,10.3],[133.6,10.3],[133.5,10.3],[133.5,10.4],[133.4,10.4],[133.3,10.4],[133.3,10.5],[133.3,10.6],[133.2,10.6],[133.2,10.7],[133.2,10.8],[133.2,10.9],[133.2,11],[133.2,11.1],[133.3,11.1],[133.4,11.2],[133.5,11.2],[133.6,11.2],[133.6,11.3],[133.7,11.3],[133.8,11.3],[133.8,11.4],[133.9,11.4],[134.1,11.4],[134.4,11.3],[134.5,11.4]]]]}},{"type":"Feature","properties":{},"geometry":{"type":"MultiPolygon","coordinates":[[[[133.3,11.6],[133.4,11.6],[133.5,11.6],[133.6,11.6],[133.7,11.6],[133.8,11.6],[133.9,11.6],[134,11.5],[134.1,11.5],[134.2,11.5],[134.3,11.5],[134.3,11.4],[134.4,11.4],[134.5,11.4],[134.4,11.3],[134.1,11.4],[133.9,11.4],[133.8,11.4],[133.8,11.3],[133.7,11.3],[133.6,11.3],[133.6,11.2],[133.5,11.2],[133.4,11.2],[133.3,11.1],[133.2,11.1],[133.2,11],[133.2,10.9],[133.2,10.8],[133.2,10.7],[133.2,10.6],[133.3,10.6],[133.3,10.5],[133.3,10.4],[133.4,10.4],[133.5,10.4],[133.5,10.3],[133.6,10.3],[133.7,10.3],[133.7,10.2],[133.8,10.2],[133.9,10.1],[134,10],[134.1,10],[134.1,9.9],[134.2,9.9],[134.3,9.9],[134.2,9.8],[134.1,9.9],[133.9,9.9],[133.8,9.9],[133.7,10],[133.6,10],[133.6,10.1],[133.9,10.1],[133.7,10.2],[133.7,10.1],[133.6,10.1],[133.5,10.1],[133.3,10.2],[133.1,10.2],[133.2,10.2],[133.2,10.3],[133.1,10.3],[133.1,10.4],[133,10.4],[132.9,10.4],[132.9,10.5],[132.9,10.6],[132.9,10.7],[132.9,10.8],[132.9,10.9],[132.9,11],[132.9,11.1],[132.9,11.2],[133.1,11.3],[133.1,11.4],[133.2,11.4],[133.2,11.5],[133.1,11.5],[133.1,11.6],[133.3,11.6]]]]}},{"type":"Feature","properties":{},"geometry":{"type":"MultiPolygon","coordinates":[[[[123.3,-36.6],[124.4,-36.8],[124.1,-37.3],[123.3,-38.5],[121.7,-38.1],[122.2,-37.6],[123.3,-36.6]]]]}},{"type":"Feature","properties":{},"geometry":{"type":"MultiPolygon","coordinates":[[[[124.4,-36.9],[126.5,-36.3],[127.2,-35.3],[127.9,-34.6],[130.2,-34.2],[130.6,-33.4],[131.8,-32.8],[133,-32.2],[133.1,-33.7],[131.9,-35.1],[131.8,-36],[130.2,-37.9],[127.7,-37.5],[125.4,-37.9],[123.8,-37.8],[124.4,-36.9]]]]}},{"type":"Feature","properties":{},"geometry":{"type":"MultiPolygon","coordinates":[[[[132,10.5],[132.1,10.6],[132.2,10.7],[132.3,10.7],[132.3,10.8],[132.4,10.9],[132.5,10.9],[132.6,11],[132.9,11.2],[132.9,11.1],[132.9,11],[132.9,10.9],[132.9,10.8],[132.9,10.7],[132.9,10.6],[132.9,10.5],[132.9,10.4],[133,10.4],[133.1,10.4],[133.1,10.3],[133.2,10.3],[133.2,10.2],[133.1,10.2],[133,10.1],[132.8,10.2],[132.6,10.2],[132.5,10.2],[132.4,10.3],[132.3,10.3],[132.2,10.3],[132.2,10.4],[132.1,10.4],[132,10.5]]]]}},{"type":"Feature","properties":{},"geometry":{"type":"MultiPolygon","coordinates":[[[[124.9,-26.1],[125,-26.8],[125.7,-27.5],[125.5,-27.7],[127,-28.3],[127.9,-28.2],[127.3,-28.7],[124.9,-27.9],[124.9,-26.1]]]]}},{"type":"Feature","properties":{},"geometry":{"type":"MultiPolygon","coordinates":[[[[118.9,-20.5],[119.9,-20.9],[120.5,-21.4],[119.6,-23.2],[118.9,-20.5]]]]}},{"type":"Feature","properties":{},"geometry":{"type":"MultiPolygon","coordinates":[[[[119.6,-23.2],[121.7,-24.4],[122.2,-24.8],[123.9,-26.7],[120.6,-28.5],[119.6,-28],[118.9,-25.4],[119.6,-23.2]]]]}},{"type":"Feature","properties":{},"geometry":{"type":"MultiPolygon","coordinates":[[[[120,-28.9],[122.3,-27.6],[124.9,-27.9],[127.3,-28.7],[130.1,-29.6],[130.2,-31.5],[129.6,-33.2],[127.6,-33.6],[126.8,-33.8],[126.1,-34],[125.4,-34.3],[125.3,-34.3],[124.8,-34.4],[124.1,-34.5],[124,-34.6],[123.8,-34.6],[123.4,-34.6],[123,-34.5],[122.7,-34.6],[122.2,-34.6],[122,-34.6],[121.5,-34.7],[121.1,-34.7],[120.9,-34.5],[121,-34.8],[120.7,-34.8],[120.3,-34.7],[119.8,-34.7],[118.8,-34.4],[118.6,-34.4],[118.5,-34.4],[118.3,-34.4],[118.5,-34],[120,-31.2],[120,-28.9]]]]}},{"type":"Feature","properties":{},"geometry":{"type":"MultiPolygon","coordinates":[[[[134,-28.4],[133.7,-28.5],[133.2,-28.5],[133.4,-29.1],[133.9,-29.8],[134.1,-30.2],[133.8,-29.9],[133.1,-29],[132.7,-28.6],[132.6,-28.3],[134,-28.4]]]]}},{"type":"Feature","properties":{},"geometry":{"type":"MultiPolygon","coordinates":[[[[82.2,-14.1],[82.4,-13.7],[83.5,-14],[83.9,-14.3],[83.7,-14.2],[83.7,-13.9],[83.2,-13.5],[87.1,-14.4],[91.2,-16.6],[97.7,-16.1],[97.6,-16.3],[97.7,-16.3],[98,-16.3],[98.2,-16.5],[98.4,-16.6],[98.7,-16.6],[99.8,-17.4],[99.8,-19.8],[95.6,-20.3],[91.2,-19.6],[87.8,-16.6],[83.2,-15.1],[82.2,-14.1]]]]}},{"type":"Feature","properties":{},"geometry":{"type":"MultiPolygon","coordinates":[[[[86.7,-19.7],[85.7,-16.9],[87.6,-18.7],[89,-21.5],[90,-23.8],[93.1,-25.4],[95.8,-24.4],[97.5,-23],[99.8,-19.8],[100.4,-21.9],[98.8,-24.6],[94.8,-26.6],[94,-26],[90.4,-25.5],[87.5,-21.7],[86.7,-19.7]]]]}},{"type":"Feature","properties":{},"geometry":{"type":"MultiPolygon","coordinates":[[[[69.1,-17.9],[66.1,-17.8],[66,-17.1],[66.6,-15.4],[67.4,-13.8],[70,-12.1],[70.6,-12.2],[70.8,-12.5],[70.8,-12.7],[70.6,-12.8],[70.6,-12.6],[70.3,-12.7],[70,-12.7],[69.8,-12.8],[69.3,-12.9],[69.4,-13.1],[69.2,-13.1],[68.9,-13.2],[68.7,-13.4],[68.6,-13.7],[68.3,-13.8],[67.8,-14.3],[68.1,-14.8],[68.6,-15.1],[68.7,-15.6],[68.9,-16.7],[69.3,-17.4],[69.1,-17.6],[68.8,-17.4],[68.5,-17.3],[68.4,-17.4],[69.1,-17.9]]]]}},{"type":"Feature","properties":{},"geometry":{"type":"MultiPolygon","coordinates":[[[[75.9,-9.7],[75.3,-10.1],[75,-10.5],[74.8,-10.7],[74.2,-11.3],[72.8,-11.5],[73,-11.2],[73.3,-11.1],[73.3,-10.5],[73.5,-10.2],[73.2,-10.2],[72.7,-10.2],[72.5,-9.8],[72.1,-9.9],[71.9,-9.9],[71.6,-10],[71.1,-10.1],[70.7,-10.5],[70.5,-10.6],[70.6,-10.2],[71.7,-9.7],[73,-9.4],[74,-8.8],[75.2,-8.5],[75.9,-9.7]]]]}},{"type":"Feature","properties":{},"geometry":{"type":"MultiPolygon","coordinates":[[[[76.2,-14.8],[75.7,-14.7],[75.6,-14.9],[75.5,-15],[75.3,-14.9],[75,-14.9],[74.8,-15],[74.7,-15.4],[74.5,-15.3],[74.6,-15.2],[74.3,-15.4],[74.1,-15.5],[73.9,-15.3],[73.8,-15.3],[73.9,-15.2],[74,-14.9],[73.8,-15],[73.8,-14.7],[73.9,-14.5],[74,-14.4],[73.9,-14.3],[74.3,-14],[74.3,-13.8],[74.1,-13.7],[74,-13.2],[73.9,-13.2],[73.8,-13.2],[73.7,-13.1],[73.8,-13.1],[73.9,-12.9],[73.9,-13],[74,-13.1],[74.1,-12.9],[74.2,-13],[74.4,-13],[74.3,-12.9],[74.3,-12.6],[74.2,-12.1],[74.3,-12.1],[74.1,-12.1],[73.5,-11.9],[73.4,-11.9],[73.3,-12],[73.2,-12.1],[73.2,-11.9],[73.1,-12],[72.9,-11.9],[73.1,-11.8],[72.7,-11.6],[72.8,-11.5],[75.2,-10.9],[75.8,-11.8],[76.4,-13.9],[76.4,-14.5],[76.2,-14.8]]]]}},{"type":"Feature","properties":{},"geometry":{"type":"MultiPolygon","coordinates":[[[[58.3,-14.5],[60.1,-15.4],[62.6,-17.6],[63.4,-18],[64.7,-18.6],[64.2,-19.2],[61.6,-17.5],[59.1,-15.1],[56.9,-14.1],[55.9,-13.8],[55.3,-13.4],[57.6,-14.3],[58.3,-14.5]]]]}},{"type":"Feature","properties":{},"geometry":{"type":"MultiPolygon","coordinates":[[[[85.7,-16.9],[84.5,-16.4],[85.6,-15.6],[89.6,-18.3],[93.8,-20.1],[98.7,-19.4],[98.1,-21.6],[96.9,-24],[94.7,-25],[91.2,-25],[89.9,-22.5],[88,-20.4],[87.2,-16.9],[85.7,-16.9]]]]}},{"type":"Feature","properties":{},"geometry":{"type":"MultiPolygon","coordinates":[[[[76.2,-14.8],[76.1,-14.9],[75.7,-14.8],[76.2,-14.8]]]]}},{"type":"Feature","properties":{},"geometry":{"type":"MultiPolygon","coordinates":[[[[74.8,-15.1],[75,-15.1],[74.8,-15.3],[74.8,-15.1]]]]}},{"type":"Feature","properties":{},"geometry":{"type":"MultiPolygon","coordinates":[[[[73.9,-16.7],[73.7,-16.4],[74.1,-16.6],[73.9,-16.7]]]]}},{"type":"Feature","properties":{},"geometry":{"type":"MultiPolygon","coordinates":[[[[75.8,-15],[75.7,-15.3],[75.7,-15.1],[75.8,-15]]]]}},{"type":"Feature","properties":{},"geometry":{"type":"MultiPolygon","coordinates":[[[[75.1,-15],[75.2,-15.1],[75.1,-15.2],[75.1,-15]]]]}},{"type":"Feature","properties":{},"geometry":{"type":"MultiPolygon","coordinates":[[[[44.4,-12.4],[45.5,-12.8],[46.4,-13.4],[47.2,-14.2],[47.9,-15],[48.4,-15.9],[48.9,-16.8],[49.3,-17.8],[49.6,-18.5],[50,-19.6],[50.3,-20.8],[50.9,-22.2],[51.7,-23.5],[52.6,-24.8],[53.8,-26.1],[55,-27.7],[55.9,-29.1],[56.3,-30.2],[56.2,-31.4],[56.5,-32.7],[55,-30.9],[54.3,-28.9],[52.4,-27.7],[50.7,-26.6],[49.5,-24.8],[48.9,-22.2],[48.3,-20.2],[47.2,-18.4],[46,-17.1],[45.2,-15.3],[44.5,-12.9],[44.4,-12.4]]]]}},{"type":"Feature","properties":{},"geometry":{"type":"MultiPolygon","coordinates":[[[[77.4,-6.6],[77.8,-7.4],[77.6,-7.3],[77.4,-7.4],[77.5,-7.5],[77.2,-7.6],[77.1,-7.5],[76.3,-7.3],[75.4,-7],[74.2,-7.1],[72.6,-7.2],[70.9,-7.2],[69.8,-7.3],[66.7,-6.6],[63.9,-6.3],[62.9,-6.3],[61.9,-5.9],[59.9,-6],[59.6,-4.8],[64.1,-5.6],[69,-5.5],[75.3,-6.3],[77.4,-6.6]]]]}},{"type":"Feature","properties":{},"geometry":{"type":"MultiPolygon","coordinates":[[[[-25.7,3.7],[-26.2,6.7],[-27.4,9.5],[-28,10.2],[-28.7,10.5],[-28.4,10.6],[-28.6,10.8],[-28.1,10.9],[-28.1,11.2],[-27.4,11.6],[-27.4,11.8],[-26.9,11.9],[-26.8,11.7],[-25.3,10.1],[-24.9,8.9],[-24.9,8.7],[-24.5,6.5],[-25.6,3.6],[-25.7,3.7]]]]}},{"type":"Feature","properties":{},"geometry":{"type":"MultiPolygon","coordinates":[[[[-29.9,10.3],[-29.6,10.4],[-29.3,10.5],[-28.9,10.6],[-28.4,10.6],[-28.1,10.2],[-26.9,8.4],[-25.9,4.7],[-27,3.9],[-29,5],[-28.9,5.8],[-29.2,6.6],[-29.3,6.6],[-29.5,7.4],[-29.1,7.8],[-29.2,8.3],[-29.2,8.7],[-29.3,9.4],[-29.8,10.2],[-29.9,10.3]]]]}},{"type":"Feature","properties":{},"geometry":{"type":"MultiPolygon","coordinates":[[[[-29.9,10.3],[-30.2,10.8],[-29.2,11.7],[-28.1,12.1],[-26.9,12.1],[-26.5,11.8],[-26.9,11.7],[-27.1,11.9],[-27.4,11.7],[-27.5,11.6],[-28.1,11.2],[-28.4,10.8],[-28.4,10.7],[-28.4,10.6],[-29,10.7],[-29.4,10.4],[-29.7,10.4],[-29.9,10.3]]]]}},{"type":"Feature","properties":{},"geometry":{"type":"MultiPolygon","coordinates":[[[[-18.7,5.6],[-17.9,6.2],[-16.1,7],[-15.4,7.3],[-14.2,8.4],[-13.3,9.7],[-12.9,10.1],[-13.1,9.1],[-13.9,6.3],[-15.5,2.7],[-15.9,-0.2],[-16.6,-2.9],[-17.9,-6.3],[-19.2,-6.8],[-19.2,-5.4],[-19,-4.5],[-18.9,-3.5],[-18.4,0.2],[-18.9,4.4],[-18.7,5.6]]]]}},{"type":"Feature","properties":{},"geometry":{"type":"MultiPolygon","coordinates":[[[[-23.6,-0.9],[-22.3,-1.9],[-22,-3.8],[-22.6,-5.7],[-23.3,-5.7],[-24.8,-4.9],[-25.2,-3.8],[-24,-2.3],[-23.6,-0.9]]]]}},{"type":"Feature","properties":{},"geometry":{"type":"MultiPolygon","coordinates":[[[[-27.4,3.3],[-29.3,3.7],[-29.6,3.7],[-30,3.8],[-30.2,4.6],[-30.1,4.7],[-30,6.4],[-29.9,7.3],[-29.9,8.2],[-30.2,8.2],[-30.4,9.9],[-29.9,10.3],[-29.8,10],[-29.2,8.9],[-29.2,8.4],[-29.1,7.9],[-29.4,7.6],[-29.3,6.9],[-29.2,6.5],[-29,6],[-28.9,5.5],[-27.9,4.2],[-25.6,3.6],[-25,3.1],[-23.9,2.5],[-25.6,3.1],[-27.4,3.3]]]]}},{"type":"Feature","properties":{},"geometry":{"type":"MultiPolygon","coordinates":[[[[-86.3,1.5],[-86.1,1.3],[-86,1],[-86.7,1],[-86.9,0.9],[-86.6,0.9],[-85.8,0.9],[-85.7,0.5],[-85.7,0.1],[-86.8,0.2],[-86.9,-0.2],[-86.4,-0.1],[-86.3,-0.8],[-85.5,-0.2],[-85.6,-1],[-85.2,-0.9],[-84.8,-0.7],[-84.8,-0.4],[-84.1,-0.5],[-84.3,-1.4],[-84.8,-1.5],[-85.3,-1.7],[-84.7,-1.7],[-85.1,-2],[-85.2,-2.4],[-85.2,-2.3],[-84.8,-2.5],[-85.1,-3],[-85.3,-3.4],[-85.4,-3.6],[-85.5,-4.1],[-85.5,-4.6],[-85,-4.7],[-85.4,-4.5],[-85.3,-4.8],[-85.2,-4.9],[-84.9,-5],[-85.5,-5.3],[-85.4,-5.5],[-85.8,-5.5],[-85.7,-5.7],[-85.8,-5.8],[-85.6,-6],[-85.4,-6.1],[-85.4,-6.3],[-85.3,-6.3],[-85.2,-7.2],[-85.8,-6.6],[-85.5,-7.1],[-86,-7.1],[-85.5,-7.5],[-85.2,-7.6],[-85.4,-8],[-85.9,-7.9],[-86,-8.1],[-85.9,-8.6],[-85.5,-8.4],[-85.9,-8.9],[-86.4,-8.5],[-86.6,-8.4],[-87,-8.2],[-87,-8.8],[-87.5,-8.6],[-87.5,-8.9],[-87,-9.2],[-87.6,-9.2],[-87.3,-9.4],[-87,-9.4],[-87.4,-9.7],[-86.9,-9.7],[-86.3,-10.3],[-86.2,-10.5],[-86.2,-10.8],[-86.1,-11],[-86.1,-11.1],[-86.2,-11.3],[-86.1,-11.5],[-86,-11.6],[-86.2,-11.7],[-86.7,-11.7],[-87,-10.8],[-87.5,-10.4],[-88.1,-10],[-87.8,-10.3],[-87.8,-10.5],[-87.3,-10.9],[-87.8,-11.1],[-88.3,-11],[-88.7,-11.5],[-87.7,-11.6],[-88.3,-11.9],[-88.4,-11.9],[-87.9,-11.8],[-87.3,-11.8],[-86.3,-12.1],[-86.6,-12.3],[-86.6,-12.5],[-86.8,-12.5],[-87,-12.6],[-87.3,-12.7],[-87.4,-12.9],[-87.6,-13],[-87.7,-13.1],[-87.9,-13.3],[-88.2,-13.4],[-88.5,-13.4],[-88.7,-13.4],[-89.1,-13.5],[-89.3,-13.4],[-89.6,-13.7],[-89.8,-13.6],[-89.9,-13.5],[-90.1,-13.4],[-90.3,-13],[-90.3,-13.6],[-90.4,-13.7],[-90.8,-13.9],[-91.1,-14.2],[-91.3,-14.4],[-91.3,-14.6],[-91.5,-14.7],[-91.7,-14.9],[-91.9,-14.9],[-92.1,-14.9],[-92.2,-15],[-92.4,-15.2],[-92.5,-15.1],[-92.8,-15.1],[-92.9,-15.1],[-93,-14.9],[-92.9,-14.6],[-93,-14.7],[-93.1,-14.9],[-93.3,-14.9],[-93.3,-15.2],[-93.4,-15],[-93.6,-15.1],[-93.8,-15],[-93.8,-14.9],[-94.1,-15],[-94.1,-15.3],[-94.2,-15.4],[-94.6,-15.2],[-94.8,-15.3],[-94.8,-16],[-95.3,-15.9],[-95,-16.3],[-95.3,-16.5],[-95.2,-16.7],[-95.4,-16.5],[-95.5,-16.7],[-95.6,-16.5],[-95.7,-16.7],[-95.9,-16.7],[-96,-16.7],[-95.8,-17],[-96.1,-17.1],[-96.3,-16.9],[-96.3,-17.1],[-96.4,-17.1],[-96.4,-17.3],[-96.3,-17.4],[-96.4,-17.5],[-96.7,-17.8],[-96.6,-17.9],[-96.9,-17.9],[-96.8,-18.1],[-96.9,-18.1],[-97,-18.3],[-97.1,-18.4],[-97.6,-18.3],[-97.2,-18.6],[-97.6,-18.5],[-97.5,-18.9],[-97.6,-19],[-97.8,-18.8],[-98.1,-18.6],[-97.8,-18.9],[-97.8,-19.1],[-98,-19.2],[-98.2,-18.8],[-98.4,-18.9],[-98.6,-19],[-98.8,-18.9],[-98.4,-18.8],[-98.8,-18.8],[-98.7,-18.4],[-98.8,-18.4],[-98.7,-18.2],[-98.6,-18.2],[-98.6,-18.1],[-98.4,-18],[-98.7,-18],[-98.9,-18],[-98.4,-17.9],[-98.8,-17.8],[-98.6,-17.7],[-98.8,-17.7],[-98.9,-17.7],[-99,-17.8],[-99.1,-17.8],[-99.3,-17.6],[-99.4,-17.4],[-99.5,-17.2],[-99.5,-17],[-99.7,-17],[-99.6,-17],[-99.6,-16.8],[-99.7,-16.8],[-99.4,-16.7],[-99.8,-16.6],[-99.7,-16.5],[-99.6,-16.3],[-99.8,-16.3],[-99.4,-16.2],[-99.5,-16.2],[-99.8,-16.1],[-99.6,-16],[-99.5,-15.9],[-99.5,-15.8],[-99.6,-15.4],[-99.5,-15.3],[-99.4,-15.1],[-99.5,-15],[-99.5,-14.8],[-99.5,-14.7],[-99.4,-14.6],[-99.5,-14.6],[-99.4,-14.4],[-99.1,-14.5],[-99.4,-14.3],[-99.5,-14.2],[-99.1,-14.2],[-99.2,-14],[-98.6,-14.1],[-99.2,-13.9],[-99,-13.9],[-98.7,-13.9],[-98.5,-13.9],[-98.6,-13.7],[-98.5,-13.6],[-98.5,-13.9],[-98.3,-13.7],[-98.5,-13.6],[-98.4,-13.1],[-98.7,-13.4],[-98.9,-13.2],[-98.7,-13.2],[-98.7,-13.1],[-99,-13.2],[-99,-13.1],[-98.8,-12.9],[-98.8,-12.7],[-98.9,-12.7],[-98.3,-12.5],[-98.4,-12.5],[-98.8,-12.5],[-98.8,-12.4],[-98.8,-12.3],[-98.6,-12.1],[-98.2,-12.3],[-98.5,-12.2],[-98.8,-12],[-98.8,-11.8],[-97.9,-11.7],[-97.3,-11.8],[-97.9,-11.6],[-98.8,-11.7],[-98.5,-11.7],[-98.2,-11.5],[-98.3,-11.3],[-97.9,-11.4],[-97.8,-11.3],[-98.1,-11.1],[-98.3,-10.9],[-97.5,-11],[-98.1,-10.6],[-97.7,-10.6],[-97.6,-10.6],[-97,-11.2],[-97,-11],[-96.8,-11],[-96.8,-10.7],[-97.4,-10.6],[-98,-10.6],[-97.7,-10.3],[-97.6,-10.4],[-97.4,-10.4],[-97.2,-10.6],[-97.5,-10.1],[-97.2,-10.3],[-96.6,-10.9],[-96.8,-10.6],[-96.5,-10.4],[-97.2,-10.3],[-97.4,-10],[-97,-10],[-96.7,-10],[-96.4,-10.1],[-96.4,-10.3],[-96.5,-10.1],[-96.1,-9.8],[-96.1,-10],[-96,-10.1],[-96.1,-9.9],[-96,-9.8],[-96.1,-9.7],[-95.8,-9.6],[-95.8,-9.5],[-95.6,-9.2],[-95.7,-9],[-95.8,-8.9],[-96.3,-7.8],[-95.4,-8.9],[-95.5,-8.5],[-95.3,-8.7],[-95.3,-8.4],[-95.2,-8.5],[-95.3,-8],[-95.1,-8.1],[-95.5,-7.8],[-95.3,-7.7],[-94.9,-7.5],[-95.3,-7.2],[-95.2,-6.6],[-95.5,-7.2],[-95.7,-7.3],[-96.1,-7.1],[-95.8,-6.8],[-95.3,-6.6],[-95.6,-6.6],[-95.3,-6.4],[-95.5,-6.3],[-95.2,-6.3],[-95.1,-6.2],[-95,-6.1],[-95,-5.9],[-94.9,-5.6],[-94.8,-5.2],[-94.7,-5.1],[-94.6,-4.9],[-94.5,-4.7],[-94.6,-4.5],[-94.4,-4.5],[-94.4,-4.2],[-94.3,-4],[-94.2,-3.5],[-94,-3.3],[-94.1,-3],[-94.2,-2.6],[-94.3,-2.2],[-94.5,-1.9],[-94.6,-1.7],[-94.9,-1.7],[-94.9,-1.6],[-95.2,-1.3],[-95.4,-1.2],[-95,-1],[-95.2,-0.5],[-95.2,-0.2],[-95,-0.1],[-94.3,-0.9],[-94.3,-0.5],[-94,-0.6],[-94.3,-0.1],[-94.3,0],[-94.6,0.3],[-94.5,0.9],[-93.9,0.9],[-93.5,0.7],[-93.3,0.8],[-93,0.5],[-92.4,0.5],[-91.8,0.8],[-92.2,1],[-91.7,1.5],[-91.4,1.5],[-91.1,1.5],[-90.8,1.5],[-90.2,1.6],[-89.7,1.7],[-89.6,1.6],[-89.6,1],[-89.3,1],[-88.9,1.5],[-88.7,0.7],[-88.2,0.7],[-87.9,1.1],[-87.7,0.9],[-88.1,1.4],[-88,1.7],[-87.9,1.7],[-87.7,1.4],[-87.5,1],[-87.1,1.3],[-87.1,1.7],[-86.8,1.6],[-86.7,1.5],[-86.3,1.5]]]]}},{"type":"Feature","properties":{},"geometry":{"type":"MultiPolygon","coordinates":[[[[-96.2,-8.8],[-96.2,-9.3],[-96.7,-9.1],[-96.8,-8.9],[-97,-8.6],[-96.8,-8.4],[-96.5,-8.1],[-96.2,-8.8]]]]}},{"type":"Feature","properties":{},"geometry":{"type":"MultiPolygon","coordinates":[[[[-87.3,-11.5],[-88.2,-11.6],[-87.9,-11.2],[-87.3,-11.2],[-87.3,-11.5]]]]}},{"type":"Feature","properties":{},"geometry":{"type":"MultiPolygon","coordinates":[[[[-86.4,-9.4],[-86.1,-9.8],[-86.1,-10.1],[-86.4,-9.9],[-86.8,-9.3],[-86.4,-9.4]]]]}},{"type":"Feature","properties":{},"geometry":{"type":"MultiPolygon","coordinates":[[[[-86.7,-8.8],[-86.3,-9.1],[-86.9,-8.8],[-86.7,-8.8]]]]}},{"type":"Feature","properties":{},"geometry":{"type":"MultiPolygon","coordinates":[[[[-86,-9.3],[-86.3,-9.4],[-86.8,-9.2],[-86,-9.3]]]]}},{"type":"Feature","properties":{},"geometry":{"type":"MultiPolygon","coordinates":[[[[-84.8,-7],[-84.7,-7.1],[-85,-7.3],[-84.9,-7],[-84.8,-7]]]]}},{"type":"Feature","properties":{},"geometry":{"type":"MultiPolygon","coordinates":[[[[-93,-15],[-93,-15.2],[-93.2,-15.3],[-93,-15]]]]}},{"type":"Feature","properties":{},"geometry":{"type":"MultiPolygon","coordinates":[[[[-95.8,-9.1],[-96,-9.5],[-95.9,-9.1],[-95.8,-9.1]]]]}},{"type":"Feature","properties":{},"geometry":{"type":"MultiPolygon","coordinates":[[[[-98.2,-19],[-98,-19.3],[-98.1,-19.4],[-98.1,-19.2],[-98.2,-19]]]]}},{"type":"Feature","properties":{},"geometry":{"type":"MultiPolygon","coordinates":[[[[-94.6,-15.6],[-94.6,-15.8],[-94.7,-15.4],[-94.6,-15.6]]]]}},{"type":"Feature","properties":{},"geometry":{"type":"MultiPolygon","coordinates":[[[[-96,-17.2],[-96.2,-17.2],[-96.2,-17.1],[-96,-17.2]]]]}},{"type":"Feature","properties":{},"geometry":{"type":"MultiPolygon","coordinates":[[[[166.7,-25.7],[165.2,-24],[165.2,-23.5],[164.6,-22],[163.5,-21.1],[165.1,-21.2],[165.8,-22.6],[167.1,-23.9],[168.1,-23.9],[167.6,-23.1],[167.9,-22.4],[166.9,-21.2],[168.3,-21.9],[168.1,-22.2],[168.5,-22.5],[169.7,-23.5],[169.6,-24.3],[169.4,-25.2],[169.8,-26.3],[170.9,-27.4],[170.9,-27.7],[171,-28.5],[170.9,-28.8],[169,-27.2],[166.7,-25.7]]]]}},{"type":"Feature","properties":{},"geometry":{"type":"MultiPolygon","coordinates":[[[[146,-40.7],[144.9,-37.7],[146.5,-37.2],[149.5,-36.3],[150.9,-35.6],[151.4,-36.3],[151.5,-38.1],[153.1,-39.6],[153.2,-40.1],[150.6,-40.5],[148,-40.9],[147.3,-41.5],[146.8,-41.1],[146.6,-39.7],[146.8,-39.4],[146.3,-39],[146.1,-39.6],[146,-40.7]]]]}},{"type":"Feature","properties":{},"geometry":{"type":"MultiPolygon","coordinates":[[[[167.7,-33.8],[170.1,-33.5],[170.9,-34.6],[171.9,-36.5],[170.7,-37.2],[169.4,-34.4],[167.7,-33.8]]]]}},{"type":"Feature","properties":{},"geometry":{"type":"MultiPolygon","coordinates":[[[[149.3,-27.3],[149.6,-27],[149.5,-26.8],[149.5,-26.6],[149.7,-26.2],[149.7,-25.7],[149.8,-25],[150.3,-24.3],[150.7,-23.9],[150.6,-23.7],[153.3,-23.4],[154.1,-23.1],[154.3,-22.8],[155.7,-20.8],[156.1,-20.9],[155.6,-22],[154.2,-25.3],[153.8,-26.8],[152,-27.4],[150.7,-27.9],[149.6,-28.2],[149.1,-28.7],[148.7,-29.2],[148.4,-29.6],[148.3,-30.4],[148.2,-31.1],[146.9,-29.8],[149.4,-27.7],[149.3,-27.3]]]]}},{"type":"Feature","properties":{},"geometry":{"type":"MultiPolygon","coordinates":[[[[164.6,-22],[165.2,-23.5],[165.2,-24],[164.9,-24.5],[164.7,-25.8],[164.3,-26.6],[163.9,-25.9],[164.5,-23.7],[165.1,-23.3],[164.6,-22]]]]}},{"type":"Feature","properties":{},"geometry":{"type":"MultiPolygon","coordinates":[[[[152.2,-33.1],[152.2,-32.3],[153.5,-31.9],[155.1,-31.8],[156.6,-31.3],[158.2,-30.2],[158.8,-30.2],[160,-30],[160.9,-29.9],[161.7,-29.9],[161,-30.4],[159.5,-31.2],[156.8,-32.5],[155.7,-32.8],[153.8,-33.3],[152.6,-33.2],[152.2,-33.1]]]]}},{"type":"Feature","properties":{},"geometry":{"type":"MultiPolygon","coordinates":[[[[156.2,-20.8],[156.4,-20.6],[159.5,-19],[162.1,-19.9],[163.5,-21.1],[162.6,-20.8],[161.1,-20.8],[158.9,-21.5],[157.8,-21.5],[156.2,-20.8]]]]}},{"type":"Feature","properties":{},"geometry":{"type":"MultiPolygon","coordinates":[[[[151.2,-27.7],[153.4,-26.8],[154.1,-26.9],[155.8,-27],[157.1,-27.2],[158,-27.5],[159.9,-28],[161.2,-28.8],[161.2,-29.6],[160.3,-29.9],[159.1,-30.3],[158.1,-29.7],[157.1,-28.6],[155.7,-28.4],[154.5,-28.6],[153,-28.5],[151.4,-28.3],[151.2,-27.7]]]]}},{"type":"Feature","properties":{},"geometry":{"type":"MultiPolygon","coordinates":[[[[161.5,-29.6],[161,-28.7],[159.5,-27.8],[157.9,-27.4],[156.9,-27.1],[155.5,-27],[153.9,-26.8],[154.4,-24.3],[155.7,-21.6],[156.2,-20.8],[158.3,-21.7],[160.3,-21.1],[162,-20.8],[163,-20.9],[164,-21.5],[164.9,-23.1],[164.7,-23.5],[163.8,-25.2],[163.3,-28.5],[162.8,-29.5],[161.5,-29.6]]]]}},{"type":"Feature","properties":{},"geometry":{"type":"MultiPolygon","coordinates":[[[[162.5,-30.2],[163.2,-28.9],[163.8,-27.7],[164.6,-26],[164.8,-24.9],[165.1,-24.1],[166,-24.9],[167.8,-27.2],[168.9,-28.8],[169.2,-29.7],[167.2,-30.2],[165,-30.8],[161.9,-30.9],[159.7,-31.4],[160,-30.9],[161.4,-30.3],[162.5,-30.2]]]]}},{"type":"Feature","properties":{},"geometry":{"type":"MultiPolygon","coordinates":[[[[162.2,-30.1],[163.2,-28.9],[162.5,-30.2],[162.2,-30.1]]]]}},{"type":"Feature","properties":{},"geometry":{"type":"MultiPolygon","coordinates":[[[[151.2,-27.7],[150.3,-29.1],[150.2,-31.4],[151,-32.2],[150.1,-31.8],[149,-31.2],[148.7,-30.8],[148.8,-31.4],[148.2,-31.1],[148.3,-30.4],[148.4,-29.6],[148.7,-29.2],[149.1,-28.7],[149.6,-28.2],[150.7,-27.9],[151.2,-27.7]]]]}},{"type":"Feature","properties":{},"geometry":{"type":"MultiPolygon","coordinates":[[[[159.6,-37.3],[161.9,-35],[161.8,-33.1],[164.8,-32.8],[166.8,-33.7],[167.8,-33.8],[170.2,-35.3],[171.7,-39],[171.2,-40.3],[170.2,-41.2],[169.1,-41.8],[168.6,-43.2],[168.9,-44.1],[168.9,-45.2],[168.5,-45.6],[169.3,-48.1],[168.9,-48.1],[169.1,-48.1],[169.2,-48.9],[166.3,-49.1],[165.2,-47.5],[163.8,-43.8],[161.6,-41],[159.7,-38.1],[159.6,-37.3]]]]}},{"type":"Feature","properties":{},"geometry":{"type":"MultiPolygon","coordinates":[[[[142.3,-35.6],[143,-36.9],[142.8,-37.7],[141.2,-37.2],[140.5,-36.7],[142.3,-35.6]]]]}},{"type":"Feature","properties":{},"geometry":{"type":"MultiPolygon","coordinates":[[[[142.3,-35.6],[143.6,-34.4],[144.8,-34.2],[144.1,-34.8],[143.8,-35.6],[143.8,-37.2],[143.2,-37.4],[142.7,-35.8],[142.3,-35.6]]]]}},{"type":"Feature","properties":{},"geometry":{"type":"MultiPolygon","coordinates":[[[[144.4,-35.5],[145.3,-34.6],[146.4,-34.3],[149.7,-34.4],[152.7,-34.5],[152.9,-35.6],[151.3,-35.5],[150.3,-36],[148.1,-36.8],[145.1,-36.9],[144.4,-36.4],[144.4,-35.5]]]]}},{"type":"Feature","properties":{},"geometry":{"type":"MultiPolygon","coordinates":[[[[128.5,-47.2],[127.2,-47.1],[126.3,-47.3],[125.1,-47],[125.5,-46.4],[126,-46.1],[126.7,-45.2],[127.4,-46],[128.5,-47.2]]]]}},{"type":"Feature","properties":{},"geometry":{"type":"MultiPolygon","coordinates":[[[[141.6,-47.4],[144.9,-44.6],[145,-45.4],[146.3,-43.1],[146.8,-42.2],[147.3,-41.5],[148,-40.9],[150.6,-40.5],[153.2,-40.1],[156.4,-39.4],[154.2,-40.7],[151.6,-42.5],[149.1,-45.4],[148.3,-46.7],[147.5,-47],[146.7,-48.9],[145.4,-48.7],[144.7,-48.2],[143.2,-48.6],[143.1,-48.6],[142.2,-48.1],[142.6,-47.9],[142.2,-47.5],[141.8,-47.4],[141.6,-47.4]]]]}},{"type":"Feature","properties":{},"geometry":{"type":"MultiPolygon","coordinates":[[[[155.6,-55.6],[153,-55.5],[151.5,-54.6],[148.2,-53.6],[146.8,-51.8],[146.8,-49.8],[147,-47.8],[148.2,-46.8],[149.1,-45.6],[151.3,-42.9],[153.6,-41],[155.9,-39.7],[159.1,-37.6],[160.4,-39.9],[162.8,-42.4],[165.4,-46.4],[164.3,-48.2],[169.6,-49.7],[171,-51],[171.4,-51.5],[172.1,-52.1],[172.4,-52.4],[172.8,-52.8],[173.1,-53.7],[173.3,-54],[172.9,-54],[172.3,-54.3],[171.9,-54.6],[171.3,-54.6],[171.4,-54.8],[171.8,-54.9],[171.7,-55.3],[171.7,-55.1],[171.5,-55.6],[170.8,-56.4],[170.1,-57.5],[170,-57.7],[170.2,-58.4],[168.7,-58.6],[165.8,-57.2],[163.6,-56.4],[163.4,-56],[161.3,-56.1],[160.3,-56.6],[159.8,-56.5],[158.7,-56.7],[158.7,-55.9],[155.6,-55.6]]]]}},{"type":"Feature","properties":{},"geometry":{"type":"MultiPolygon","coordinates":[[[[146.7,-55.6],[153,-55.5],[155.6,-55.6],[158.9,-57.4],[159.8,-56.9],[160.5,-56.9],[162.5,-57.2],[164.3,-57.9],[166,-58.3],[167.1,-58.6],[168.6,-59],[167.4,-59.9],[161,-60.4],[152,-58.7],[146.7,-55.6]]]]}},{"type":"Feature","properties":{},"geometry":{"type":"MultiPolygon","coordinates":[[[[134.2,-43.8],[136.6,-44],[136,-44.2],[136.6,-44.6],[136.5,-44.9],[136.4,-48.1],[132.6,-48.3],[133.5,-45.7],[134.7,-43.9],[134.2,-43.8]]]]}},{"type":"Feature","properties":{},"geometry":{"type":"MultiPolygon","coordinates":[[[[111.5,-75.1],[128.7,-71.4],[138.1,-67.3],[131.8,-66.3],[122.8,-68.1],[111.2,-64.6],[105.2,-65.1],[102.7,-64.9],[114.2,-62.8],[119.8,-62.5],[120.8,-61.9],[119.2,-61.7],[117.7,-61.4],[115.4,-60.6],[116,-59.4],[117.2,-58.2],[119.4,-56.6],[120.4,-56.2],[120,-55.8],[119.6,-55.2],[120.4,-55],[121.2,-54.7],[122.4,-53.9],[123.8,-54.3],[128,-56.7],[133.3,-56.6],[141.8,-60.4],[150.3,-61.3],[160.8,-62.7],[160.5,-64],[157.5,-65.4],[157.1,-65],[156,-65.2],[154.5,-65.1],[153.4,-63.7],[143.9,-64.9],[140.6,-66.8],[145.1,-69.7],[152.6,-71],[152.7,-73.6],[148,-72.2],[143.3,-73.5],[137.7,-74.6],[128.7,-75.4],[126.6,-77.4],[139.7,-80.2],[153,-79.4],[153.9,-76.9],[144.1,-80.3],[110.3,-81.2],[110.9,-76.1],[111.5,-75.1]]]]}},{"type":"Feature","properties":{},"geometry":{"type":"MultiPolygon","coordinates":[[[[154.5,-65.2],[156.4,-65.6],[156.1,-65.9],[154.6,-65.7],[154.5,-65.2]]]]}},{"type":"Feature","properties":{},"geometry":{"type":"MultiPolygon","coordinates":[[[[101.4,-63],[103.1,-63],[104.3,-63],[103.9,-63.4],[102.1,-63.7],[101.4,-63]]]]}},{"type":"Feature","properties":{},"geometry":{"type":"MultiPolygon","coordinates":[[[[100.5,-62.9],[101.4,-63],[100.5,-63.1],[100.5,-62.9]]]]}},{"type":"Feature","properties":{},"geometry":{"type":"MultiPolygon","coordinates":[[[[103.5,-62.8],[102.3,-62.7],[103.3,-62.7],[103.5,-62.8]]]]}},{"type":"Feature","properties":{},"geometry":{"type":"MultiPolygon","coordinates":[[[[108,-58.2],[109.1,-57.4],[109.9,-57.2],[111,-56.9],[113.3,-57],[116,-58],[114.9,-59.8],[111.6,-61.2],[109.7,-59.7],[110.7,-58.9],[108,-58.2]]]]}},{"type":"Feature","properties":{},"geometry":{"type":"MultiPolygon","coordinates":[[[[102.2,-56.7],[103.9,-56.3],[103.1,-57.6],[101.8,-57.5],[102.2,-56.7]]]]}},{"type":"Feature","properties":{},"geometry":{"type":"MultiPolygon","coordinates":[[[[103.7,-52.2],[105.1,-52.1],[103.4,-52.5],[103.7,-52.2]]]]}},{"type":"Feature","properties":{},"geometry":{"type":"MultiPolygon","coordinates":[[[[112,-55.6],[114.3,-55.1],[117.7,-53.8],[117.6,-54.4],[116,-54.9],[115.9,-55.9],[116.8,-56.9],[116.9,-57.6],[116,-58],[113.3,-57],[111,-56.9],[111.2,-56.7],[112,-55.7],[112,-55.6]]]]}},{"type":"Feature","properties":{},"geometry":{"type":"MultiPolygon","coordinates":[[[[107.4,-54.1],[112.2,-55.3],[111,-56.2],[110.6,-56.5],[107.3,-56.4],[106.4,-54.8],[107.4,-54.1]]]]}},{"type":"Feature","properties":{},"geometry":{"type":"MultiPolygon","coordinates":[[[[114.9,-52],[116.5,-51.3],[117.7,-51.9],[118.6,-53.3],[117.6,-53.2],[117.7,-53.8],[114.3,-55.1],[112,-55.6],[112.1,-55.1],[112.1,-54.7],[114.3,-52.8],[114.9,-52]]]]}},{"type":"Feature","properties":{},"geometry":{"type":"MultiPolygon","coordinates":[[[[120.4,-53.5],[121.8,-54.2],[120.8,-54.8],[120,-55.2],[120.3,-55.6],[120.2,-56.1],[119.9,-56.6],[118.5,-56.1],[118.3,-55.5],[120.4,-53.5]]]]}},{"type":"Feature","properties":{},"geometry":{"type":"MultiPolygon","coordinates":[[[[117.1,-57.9],[116.5,-59.2],[115,-60.3],[116.9,-61.3],[119,-61.5],[120.6,-61.7],[120.1,-62.3],[118,-62.1],[115.7,-62.5],[114.6,-61.7],[112.4,-60.8],[115.8,-59.3],[117.1,-57.9]]]]}},{"type":"Feature","properties":{},"geometry":{"type":"MultiPolygon","coordinates":[[[[103.4,-53.7],[105.1,-51.9],[106,-50.1],[109.3,-48.5],[112.7,-47.2],[115.2,-47.3],[117.7,-48.1],[115.7,-49.2],[112.8,-49.2],[109.7,-50.4],[106.8,-53.5],[104.6,-55.3],[102.9,-54.3],[103.4,-53.7]]]]}},{"type":"Feature","properties":{},"geometry":{"type":"MultiPolygon","coordinates":[[[[113.5,-44.7],[114.3,-45.3],[117.6,-46.8],[118,-47],[118.3,-47.1],[118.8,-47.4],[115.2,-47.3],[113.4,-45.8],[113.5,-44.7]]]]}},{"type":"Feature","properties":{},"geometry":{"type":"MultiPolygon","coordinates":[[[[99.9,-56.2],[101.7,-55.9],[101.8,-57.5],[100.1,-57.6],[99.3,-57.2],[99.7,-56.3],[99.9,-56.2]]]]}},{"type":"Feature","properties":{},"geometry":{"type":"MultiPolygon","coordinates":[[[[108.8,-51.9],[111.4,-51.1],[108.6,-52.6],[108.8,-51.9]]]]}},{"type":"Feature","properties":{},"geometry":{"type":"MultiPolygon","coordinates":[[[[118.4,-53.7],[118.3,-55.5],[117.2,-57.2],[116.2,-57.2],[116.9,-56.7],[115.9,-55.6],[116.6,-54.6],[117.7,-54.2],[118.4,-53.7]]]]}},{"type":"Feature","properties":{},"geometry":{"type":"MultiPolygon","coordinates":[[[[115.7,-51.1],[116.9,-50.5],[118.2,-50],[118.8,-49.4],[119.5,-48.7],[120,-48.4],[121.4,-47.9],[122,-50.7],[118.2,-53.6],[118,-53.2],[118.2,-52.8],[118,-51.4],[115.7,-51.1]]]]}},{"type":"Feature","properties":{},"geometry":{"type":"MultiPolygon","coordinates":[[[[116.2,-47.3],[119.4,-48.1],[118.8,-48.7],[117,-49.6],[113.4,-49.3],[112.8,-50.3],[111,-51.6],[108.8,-51],[112.7,-49.1],[115.1,-49],[117.9,-48.6],[116.2,-47.3]]]]}},{"type":"Feature","properties":{},"geometry":{"type":"MultiPolygon","coordinates":[[[[131.4,-45.6],[130.5,-46.6],[130.4,-47],[131.5,-46.3],[131.7,-45.7],[132.2,-45],[134,-44.5],[133.4,-46.9],[128.6,-47.4],[131.4,-45.6]]]]}},{"type":"Feature","properties":{},"geometry":{"type":"MultiPolygon","coordinates":[[[[154.7,-60.6],[161,-60.4],[167.4,-59.9],[169.7,-58.3],[170.3,-58.5],[171.6,-59.1],[171.7,-59.2],[171.9,-59.3],[172,-59.4],[172.1,-59.4],[172.2,-59.5],[172.3,-60.5],[171,-61.2],[170,-61.6],[170.6,-61.9],[169.3,-62],[168.6,-62.2],[167.3,-62.4],[164.6,-63.4],[160,-62],[154.7,-60.6]]]]}},{"type":"Feature","properties":{},"geometry":{"type":"MultiPolygon","coordinates":[[[[161.1,-77.3],[163.3,-75.2],[164.4,-73.7],[165.5,-70.9],[168.2,-70.9],[169.4,-71.8],[167.8,-74.5],[166.3,-75.9],[164.3,-76.8],[162.2,-77.4],[161.1,-77.3]]]]}},{"type":"Feature","properties":{},"geometry":{"type":"MultiPolygon","coordinates":[[[[163.5,-74.7],[161.9,-76.9],[160.1,-77.5],[160.5,-76.9],[160.8,-76.3],[160.9,-75.9],[161.2,-75.2],[161.4,-74.3],[162.9,-74.8],[163.5,-74.7]]]]}},{"type":"Feature","properties":{},"geometry":{"type":"MultiPolygon","coordinates":[[[[159.1,-78.4],[161.9,-77.4],[163.9,-76.8],[165.3,-76.8],[164.9,-77.5],[163.7,-78.3],[161.2,-78.8],[159.5,-78.6],[159.1,-78.4]]]]}},{"type":"Feature","properties":{},"geometry":{"type":"MultiPolygon","coordinates":[[[[162.2,-78.7],[166.3,-78.3],[167.4,-77.3],[169.1,-76],[171.8,-77.8],[171.9,-79.1],[169.8,-80.2],[166.8,-79.6],[163.6,-79.1],[162.2,-78.7]]]]}},{"type":"Feature","properties":{},"geometry":{"type":"MultiPolygon","coordinates":[[[[168.8,-76],[170.5,-75.9],[171.9,-76.7],[173.4,-77.7],[170.9,-77.2],[168.8,-76]]]]}},{"type":"Feature","properties":{},"geometry":{"type":"MultiPolygon","coordinates":[[[[172.9,-79.9],[171.8,-78.2],[176.7,-76.1],[176.1,-78.9],[172.9,-79.9]]]]}},{"type":"Feature","properties":{},"geometry":{"type":"MultiPolygon","coordinates":[[[[-174,-72],[-173.5,-72.3],[-174.6,-73.8],[-173.9,-75.6],[-175.3,-76.5],[-175.1,-75.8],[-174.7,-74.5],[-174.7,-73.1],[-174,-72]]]]}},{"type":"Feature","properties":{},"geometry":{"type":"MultiPolygon","coordinates":[[[[-180,-78.6],[-179.2,-77.6],[-177.1,-76.1],[-177.4,-74.9],[-176.2,-73.7],[-175.3,-73.1],[-174.9,-72.5],[-174.2,-72.4],[-174.9,-73.8],[-174.7,-75.1],[-175.5,-76.5],[-177.1,-77.9],[-177,-79.3],[-177.9,-79.6],[-180,-79.5],[-180,-78.6]]]]}},{"type":"Feature","properties":{},"geometry":{"type":"MultiPolygon","coordinates":[[[[-176.9,-78.1],[-175.3,-76.8],[-172.2,-76.4],[-172.5,-77.3],[-174.3,-78.2],[-176.9,-78.1]]]]}},{"type":"Feature","properties":{},"geometry":{"type":"MultiPolygon","coordinates":[[[[-174.3,-78.2],[-172.5,-77.3],[-172.2,-76.4],[-171.1,-75.8],[-169.7,-77],[-169.6,-77.6],[-171.9,-77.7],[-172.9,-78.2],[-173,-78.3],[-174.3,-78.2]]]]}},{"type":"Feature","properties":{},"geometry":{"type":"MultiPolygon","coordinates":[[[[-169.3,-77.6],[-169.9,-77.4],[-169.8,-76.9],[-171.3,-75.6],[-173.2,-74.9],[-174.1,-73.9],[-172.9,-73.9],[-172.2,-72.6],[-171.5,-71.1],[-170.3,-71.8],[-169.3,-73.7],[-169.2,-75],[-168.6,-76.9],[-168.2,-77.6],[-169.3,-77.6]]]]}},{"type":"Feature","properties":{},"geometry":{"type":"MultiPolygon","coordinates":[[[[-175.3,-76.5],[-173.9,-75.6],[-174.6,-73.8],[-173.5,-72.3],[-173.5,-71.3],[-172.2,-70.9],[-172,-72],[-172.6,-73.2],[-173.6,-73.7],[-173.7,-74.4],[-172.6,-75.5],[-173.2,-76.5],[-175.8,-76.9],[-175.3,-76.5]]]]}},{"type":"Feature","properties":{},"geometry":{"type":"MultiPolygon","coordinates":[[[[-167.6,-77.7],[-169.2,-75.9],[-169.4,-74.3],[-169.5,-72.6],[-171.3,-70.9],[-166,-71.5],[-167.2,-74.4],[-165.5,-76.2],[-163.9,-78.8],[-167.6,-77.7]]]]}},{"type":"Feature","properties":{},"geometry":{"type":"MultiPolygon","coordinates":[[[[-118,-74.6],[-124.1,-70.9],[-122.3,-67.7],[-124.6,-67.1],[-130.4,-66.7],[-136.2,-66.3],[-142.7,-63.9],[-146.1,-59.5],[-148.6,-58.2],[-152.8,-57.3],[-151.3,-57.5],[-150.8,-57.7],[-149.1,-57.8],[-148.7,-58],[-147.9,-57.8],[-147.8,-58.1],[-147,-58.1],[-147.2,-58.2],[-147,-58.4],[-147.1,-58.5],[-146.9,-58.4],[-146.8,-58.3],[-146.2,-58.7],[-145.9,-59],[-145.3,-59.1],[-145,-58.9],[-144.7,-59.2],[-144,-59.2],[-143.5,-59.2],[-143.1,-59.2],[-142.5,-59.3],[-142.1,-59.4],[-141.9,-59.5],[-141.6,-59.6],[-141.2,-59.5],[-140.5,-59.5],[-140.4,-59.8],[-140.5,-59.9],[-140.6,-60],[-140.1,-60],[-140.1,-59.9],[-140,-59.9],[-140.2,-60.2],[-139.7,-60.1],[-138.6,-59.7],[-138.3,-60.1],[-137.9,-59.8],[-136.8,-59.8],[-137.2,-60],[-137.3,-60.1],[-136.9,-60],[-136.3,-60.3],[-136,-60.6],[-136.7,-60.9],[-137.6,-61.3],[-136.3,-60.7],[-135.5,-60.9],[-135.4,-61.2],[-135.1,-61.8],[-133.5,-62.9],[-131,-64.4],[-127.9,-65.5],[-127.2,-65.8],[-126.7,-66.1],[-125.6,-66.2],[-123.9,-66.2],[-122.6,-66.6],[-121.5,-67.8],[-120.6,-68.8],[-119.9,-69.9],[-117.1,-72],[-116,-74.5],[-113.3,-76.8],[-112.3,-77.1],[-118,-74.6]]]]}},{"type":"Feature","properties":{},"geometry":{"type":"MultiPolygon","coordinates":[[[[-172.7,-78.3],[-172.6,-77.7],[-169.7,-77.7],[-168.7,-77.4],[-169,-77.8],[-168.8,-78.5],[-169.8,-78.5],[-172,-78.4],[-172.7,-78.3]]]]}},{"type":"Feature","properties":{},"geometry":{"type":"MultiPolygon","coordinates":[[[[180,-74.3],[178.7,-77.2],[178.1,-78.3],[175.8,-79.8],[176.7,-77.3],[177.7,-74.3],[180,-74.3]]]]}},{"type":"Feature","properties":{},"geometry":{"type":"MultiPolygon","coordinates":[[[[180,-65.9],[180,-72.6],[177.7,-74.3],[175,-73.7],[173,-74.5],[170.8,-75.8],[169.1,-76],[168,-75.7],[167.2,-75],[169.3,-74],[168.7,-71.4],[166.8,-70.7],[165.1,-69.3],[164.9,-64.8],[169,-66.6],[171.6,-67],[174.7,-66.7],[178.7,-65.8],[180,-65.9]]]]}},{"type":"Feature","properties":{},"geometry":{"type":"MultiPolygon","coordinates":[[[[-180,-74.3],[-180,-67.6],[-176.3,-66.1],[-173.1,-67.8],[-171.4,-69],[-166.9,-70.1],[-168.3,-70.6],[-172.6,-71],[-173.5,-71.5],[-174.3,-72.1],[-175.3,-72.5],[-175.6,-73.2],[-176.9,-73.9],[-179.6,-74.5],[-180,-74.3]]]]}},{"type":"Feature","properties":{},"geometry":{"type":"MultiPolygon","coordinates":[[[[180,-42.7],[178.7,-43.7],[176.8,-41.5],[179.7,-42.9],[180,-42.7]]]]}},{"type":"Feature","properties":{},"geometry":{"type":"MultiPolygon","coordinates":[[[[-180,-44],[-178.1,-42.5],[-174.6,-43.3],[-175.6,-44],[-175.1,-45.5],[-173.6,-45.9],[-173.5,-49],[-175.4,-46.8],[-178.6,-44.7],[-180,-44]]]]}},{"type":"Feature","properties":{},"geometry":{"type":"MultiPolygon","coordinates":[[[[-179.5,-55.9],[-179.3,-54.6],[-177.9,-52.8],[-175.2,-50],[-175.2,-52.4],[-176.6,-58.1],[-179.1,-56.9],[-179.5,-55.9]]]]}},{"type":"Feature","properties":{},"geometry":{"type":"MultiPolygon","coordinates":[[[[-180,-42.7],[-178.5,-41.5],[-178.1,-42.5],[-180,-42.7]]]]}},{"type":"Feature","properties":{},"geometry":{"type":"MultiPolygon","coordinates":[[[[180,-38.2],[178.8,-40.7],[178.9,-39.2],[180,-38.2]]]]}},{"type":"Feature","properties":{},"geometry":{"type":"MultiPolygon","coordinates":[[[[-180,-40.8],[-179.6,-37.5],[-178.6,-35.3],[-178.1,-32.5],[-176.6,-31.7],[-176.3,-33.6],[-176,-35.7],[-175.7,-38],[-174.8,-39.6],[-174.4,-41.4],[-177,-41.4],[-179.4,-40.8],[-180,-40.8]]]]}},{"type":"Feature","properties":{},"geometry":{"type":"MultiPolygon","coordinates":[[[[-177.1,-60.4],[-174.1,-59.1],[-174.5,-59.4],[-174.9,-59.6],[-175.6,-60.1],[-177.1,-60.4]]]]}},{"type":"Feature","properties":{},"geometry":{"type":"MultiPolygon","coordinates":[[[[180,-56.4],[180,-60.4],[178,-60.2],[176.9,-60.2],[175.1,-60.3],[173.5,-60.6],[172.3,-60.1],[171.6,-59.9],[171.1,-59.6],[176.9,-57.5],[180,-56.4]]]]}},{"type":"Feature","properties":{},"geometry":{"type":"MultiPolygon","coordinates":[[[[-180,-60.4],[-179.5,-56.2],[-178.3,-57.4],[-178.2,-60.4],[-180,-60.4]]]]}},{"type":"Feature","properties":{},"geometry":{"type":"MultiPolygon","coordinates":[[[[-169.9,-28.4],[-173.2,-25.1],[-177.4,-20.9],[-174.7,-21.3],[-170.5,-24.7],[-169.1,-28],[-169.9,-28.4]]]]}},{"type":"Feature","properties":{},"geometry":{"type":"MultiPolygon","coordinates":[[[[-180,-18.4],[-177.5,-19.4],[-178.3,-20.7],[-180,-18.4]]]]}},{"type":"Feature","properties":{},"geometry":{"type":"MultiPolygon","coordinates":[[[[-121.5,2.7],[-121.7,2.9],[-123.7,3.7],[-125.4,5.3],[-125.9,5.8],[-125.2,5.9],[-124.3,5.2],[-123.2,4.1],[-122,3.5],[-121.7,3.3],[-121.4,3],[-121.5,2.7]]]]}},{"type":"Feature","properties":{},"geometry":{"type":"MultiPolygon","coordinates":[[[[-103.3,-6.5],[-103.4,-6.8],[-104,-6.6],[-104.5,-6.2],[-104.8,-6.1],[-104.6,-6],[-104.2,-5.4],[-103.6,-5.7],[-103.4,-6.3],[-103.3,-6.5]]]]}},{"type":"Feature","properties":{},"geometry":{"type":"MultiPolygon","coordinates":[[[[-105.2,-5.2],[-105.2,-4.8],[-104.6,-5],[-105.2,-5.2]]]]}},{"type":"Feature","properties":{},"geometry":{"type":"MultiPolygon","coordinates":[[[[-102.8,-5.1],[-103,-5],[-103,-4.7],[-102.8,-5.1]]]]}},{"type":"Feature","properties":{},"geometry":{"type":"MultiPolygon","coordinates":[[[[-102.2,-9.2],[-102.6,-9.5],[-102.8,-9.7],[-103.2,-9.7],[-102.8,-8.9],[-102.7,-8.6],[-102.5,-8.8],[-102.4,-9.2],[-102.2,-9.2]]]]}},{"type":"Feature","properties":{},"geometry":{"type":"MultiPolygon","coordinates":[[[[-103,-10],[-103.2,-10.1],[-103.5,-10.3],[-103.4,-10.6],[-103.6,-10.7],[-103.8,-10.7],[-104,-10.7],[-104,-10.9],[-103.6,-10.8],[-104,-11.6],[-104.4,-13.3],[-105,-15],[-105.2,-15],[-105,-14.9],[-104.9,-14.7],[-105.1,-14.7],[-105.2,-15],[-105.3,-15.1],[-105.5,-15.4],[-105.4,-15.3],[-105.5,-15.7],[-105.6,-15.4],[-105.3,-14.1],[-105.2,-13.2],[-104.7,-11.9],[-104.4,-11.1],[-104,-10.4],[-103.2,-9.7],[-103,-10]]]]}},{"type":"Feature","properties":{},"geometry":{"type":"MultiPolygon","coordinates":[[[[-102.2,-22.7],[-102.9,-22.8],[-102.7,-22.9],[-102.8,-23.1],[-104.6,-23.3],[-104.2,-23.1],[-103.3,-22.6],[-102.8,-22.5],[-102.5,-22.5],[-102.3,-22.7],[-102.2,-22.7]]]]}},{"type":"Feature","properties":{},"geometry":{"type":"MultiPolygon","coordinates":[[[[-103.4,-20.6],[-103.5,-20.7],[-103.7,-20.6],[-104.2,-20.8],[-104.7,-20.9],[-105.2,-20.6],[-105.3,-20.6],[-105.8,-20.4],[-106.2,-19.8],[-107.1,-19.2],[-108.1,-18.5],[-108.2,-18.3],[-107.7,-18.4],[-107.8,-18.6],[-107.5,-18.6],[-107.5,-18.3],[-107.1,-18.5],[-107.1,-18.2],[-107.4,-18.2],[-107.2,-17.6],[-106.4,-17.5],[-105.9,-17.5],[-106,-17.6],[-106,-18.2],[-105.8,-18.6],[-105.7,-19.1],[-105.5,-19.1],[-105.6,-19],[-104.9,-18.7],[-103.6,-19.7],[-103.4,-20.6]]]]}},{"type":"Feature","properties":{},"geometry":{"type":"MultiPolygon","coordinates":[[[[-103.2,-22.6],[-104.7,-23.3],[-105.8,-23.2],[-105,-22.8],[-105.1,-22.7],[-104.5,-22.5],[-104.3,-22.7],[-104.1,-22.5],[-104,-22.4],[-103.9,-22.3],[-103.7,-22],[-103,-21.4],[-102.5,-21.3],[-101.9,-21.1],[-101.5,-21.3],[-101.4,-21.4],[-101.8,-21.3],[-102.2,-21.9],[-102.4,-22],[-102.8,-22.2],[-103.1,-22.4],[-103.2,-22.6]]]]}},{"type":"Feature","properties":{},"geometry":{"type":"MultiPolygon","coordinates":[[[[-106.6,-21.1],[-107.2,-20],[-106.5,-20.8],[-106.6,-21.1]]]]}},{"type":"Feature","properties":{},"geometry":{"type":"MultiPolygon","coordinates":[[[[-108,-20],[-108.1,-20.3],[-108.3,-20.7],[-108.6,-20.4],[-109.1,-19.9],[-109.7,-19.7],[-110.2,-19.6],[-110.7,-19.5],[-111.6,-19.7],[-112.6,-20],[-113.4,-20.1],[-113.9,-19.9],[-114.7,-19.9],[-115.4,-20],[-115.7,-20],[-115.9,-20.1],[-117,-20.7],[-118.3,-20.3],[-122,-19],[-125.3,-18.3],[-124.2,-18],[-121.1,-17.9],[-119.4,-17.6],[-118.7,-18.1],[-117.7,-18.1],[-117.7,-17.8],[-117.2,-17.9],[-118.1,-17.5],[-118,-17.4],[-117.2,-17.3],[-116.6,-17],[-115.9,-17],[-115.4,-17.2],[-114.6,-17],[-114.3,-17.3],[-114.3,-17.7],[-113.9,-18],[-113.5,-18.4],[-113.1,-18.6],[-111.7,-18.6],[-112.1,-18.8],[-112.8,-18.8],[-113.1,-18.8],[-110.7,-18.8],[-108.1,-19.9],[-108,-20]]]]}},{"type":"Feature","properties":{},"geometry":{"type":"MultiPolygon","coordinates":[[[[-118.3,-17.4],[-118.2,-17.5],[-118.3,-17.6],[-118.3,-17.4]]]]}},{"type":"Feature","properties":{},"geometry":{"type":"MultiPolygon","coordinates":[[[[-104.5,6.9],[-106.5,7.1],[-107.7,6.6],[-109.7,6.9],[-110.1,7.4],[-110.1,8],[-106.5,9.5],[-105.4,9.4],[-105.1,8.9],[-105.2,8.7],[-105.6,8.3],[-105.6,8.1],[-105.8,8.3],[-106.1,7.9],[-105.9,7.9],[-105.9,7.8],[-105.8,7.8],[-105.7,7.8],[-105.4,8],[-104.8,8.1],[-104.7,7.8],[-104.5,7.7],[-104.4,7.7],[-104.2,7.9],[-104.5,7.8],[-104.5,8],[-104.7,8.1],[-104.7,8.5],[-103.8,7.8],[-104.2,7.5],[-104.2,7.2],[-104.5,6.9]]]]}},{"type":"Feature","properties":{},"geometry":{"type":"MultiPolygon","coordinates":[[[[-110.3,7.6],[-110.4,7.8],[-110.2,7.9],[-110.3,7.6]]]]}},{"type":"Feature","properties":{},"geometry":{"type":"MultiPolygon","coordinates":[[[[-123.4,4.3],[-124.3,5.2],[-125.5,6.2],[-124.5,6.9],[-123.8,7.5],[-123.2,7.4],[-122.5,6],[-122.9,4.4],[-123.4,4.3]]]]}},{"type":"Feature","properties":{},"geometry":{"type":"MultiPolygon","coordinates":[[[[-122.9,4],[-123.3,4.3],[-122.5,5],[-122.9,6.7],[-123.7,7.5],[-123.3,7.9],[-122.7,7],[-122.2,5.7],[-122.3,4.7],[-122.9,4]]]]}},{"type":"Feature","properties":{},"geometry":{"type":"MultiPolygon","coordinates":[[[[-108.7,-18.4],[-109.8,-18.5],[-109.9,-18.4],[-110.3,-18.4],[-110.8,-18.5],[-111.2,-18.5],[-111.4,-18.6],[-112.9,-18.7],[-113.3,-18.4],[-113.9,-18.2],[-113.1,-17.3],[-112.5,-16.6],[-111.7,-16.3],[-110.7,-15.2],[-110.2,-16.4],[-110.3,-17],[-109.5,-17.2],[-108.7,-17.5],[-108.7,-18.4]]]]}},{"type":"Feature","properties":{},"geometry":{"type":"MultiPolygon","coordinates":[[[[-107.2,14.3],[-107.4,14.7],[-107.4,14.5],[-107.5,13.9],[-107.5,13.1],[-107.6,13.6],[-108.2,13.7],[-108.6,13.4],[-110.2,12.8],[-110.3,13.1],[-110.9,13.2],[-111.4,13.3],[-112.2,12.8],[-112.8,12.8],[-113.4,12.8],[-114.9,12.8],[-116.3,12.3],[-116.6,12.6],[-117.9,13.2],[-117.7,13.6],[-117.2,13.7],[-115.8,13.8],[-114.8,13.6],[-113.3,13.3],[-112.5,13.4],[-112,13.5],[-112.3,13.9],[-111.6,13.7],[-110.5,13.7],[-109.6,14],[-108.9,14.3],[-109.3,14.1],[-110.6,13.9],[-111.2,14.1],[-110.2,14.1],[-109.3,14.3],[-108.9,14.7],[-108.1,14.8],[-107.2,16.9],[-104.3,17.9],[-106.1,16.8],[-107.1,15],[-107.1,14.7],[-107.2,14.3]]]]}},{"type":"Feature","properties":{},"geometry":{"type":"MultiPolygon","coordinates":[[[[-99.7,5.2],[-100.4,5.1],[-100.6,5.4],[-100.4,5.2],[-100.1,5.4],[-99.8,5.3],[-99.7,5.2]]]]}},{"type":"Feature","properties":{},"geometry":{"type":"MultiPolygon","coordinates":[[[[-104.5,6.4],[-105.6,6.4],[-107.2,6.3],[-108.9,6],[-109.3,6.5],[-107.7,6.6],[-106.5,7.1],[-104.5,6.9],[-104.5,6.4]]]]}},{"type":"Feature","properties":{},"geometry":{"type":"MultiPolygon","coordinates":[[[[-102.4,6.7],[-102.1,6.7],[-102.2,6.6],[-102.5,6.3],[-102.6,6.6],[-102.4,6.7]]]]}},{"type":"Feature","properties":{},"geometry":{"type":"MultiPolygon","coordinates":[[[[-103.7,6.9],[-103.4,6.8],[-103,6.7],[-103,6.6],[-103.1,6.4],[-103.5,6.6],[-103.7,6.9]]]]}},{"type":"Feature","properties":{},"geometry":{"type":"MultiPolygon","coordinates":[[[[-100.2,6.9],[-98.5,7.2],[-98.2,6.8],[-98.5,6.6],[-98.6,6.5],[-99,6.6],[-99.3,6.2],[-99.6,5.9],[-99.9,5.8],[-100.3,5.9],[-100.3,6.2],[-100.7,6.2],[-100.2,6.9]]]]}},{"type":"Feature","properties":{},"geometry":{"type":"MultiPolygon","coordinates":[[[[-98.1,6],[-98.9,5.5],[-99.5,5.2],[-99.7,5.4],[-99.2,5.6],[-98.2,6.2],[-98.1,6]]]]}},{"type":"Feature","properties":{},"geometry":{"type":"MultiPolygon","coordinates":[[[[-103.4,15.7],[-104.4,15.4],[-105.2,12.9],[-105.6,11.4],[-106.4,11.1],[-107.9,11.2],[-109.3,11.1],[-110.4,10.7],[-110.8,10.6],[-111.9,10.4],[-112.2,10.4],[-112.3,10.8],[-112.5,10.7],[-113.7,10.6],[-115.2,11.7],[-115.2,12.8],[-114,12.8],[-112.9,12.8],[-112.3,12.7],[-111.5,13.1],[-111,13.3],[-110.3,13.2],[-110.3,12.9],[-108.6,13.4],[-108,12.8],[-108.6,13],[-108.1,12.4],[-107.7,12.5],[-107.8,11.7],[-107.6,11.9],[-107.3,11.7],[-107.1,11.8],[-107,11.9],[-107.1,12.5],[-106.9,12.7],[-106.5,12.6],[-107,13.6],[-107.1,13.9],[-107.2,14.3],[-107.1,14.7],[-107,15.2],[-105.5,17.2],[-103.9,17],[-103.6,16.4],[-103.3,15.8],[-103.7,15.9],[-103.4,15.7]]]]}},{"type":"Feature","properties":{},"geometry":{"type":"MultiPolygon","coordinates":[[[[-107.2,-0.1],[-107.4,0.4],[-107.6,0.1],[-107.8,0.3],[-107.9,0.2],[-108,0.3],[-108.1,0.3],[-108.4,0.3],[-108.5,0.3],[-108.6,0.4],[-109,0.4],[-109.3,0.3],[-109.9,0.9],[-112.5,4.8],[-111.8,4.2],[-111,3.9],[-109.6,3.4],[-108.9,2.3],[-107.5,1],[-107.2,-0.1]]]]}},{"type":"Feature","properties":{},"geometry":{"type":"MultiPolygon","coordinates":[[[[-115.5,2.9],[-115.5,2.8],[-115.4,2.7],[-115.8,2.5],[-115.9,2.4],[-116.6,2.5],[-117.1,2.4],[-117.1,3.3],[-118.1,3.8],[-118,3.9],[-117,3.9],[-116.5,3.7],[-116.7,3.5],[-116.4,3.3],[-115.7,3],[-115.6,2.9],[-115.5,2.9]]]]}},{"type":"Feature","properties":{},"geometry":{"type":"MultiPolygon","coordinates":[[[[-119.6,9.4],[-119.4,12],[-116.5,12.1],[-114.4,11.1],[-115.1,10.8],[-118.5,10.2],[-119.6,9.4]]]]}},{"type":"Feature","properties":{},"geometry":{"type":"MultiPolygon","coordinates":[[[[-102.8,-8.1],[-103.2,-7.7],[-104,-6.9],[-104.6,-6.5],[-105.2,-6.5],[-105.1,-6.5],[-105.4,-6.3],[-104.6,-6.2],[-104.2,-6.6],[-103.7,-6.9],[-103.5,-6.4],[-103.2,-6.6],[-102.7,-6.9],[-102.7,-7.5],[-102.7,-7.9],[-102.6,-8.1],[-102.8,-8.1]]]]}},{"type":"Feature","properties":{},"geometry":{"type":"MultiPolygon","coordinates":[[[[-112.4,-0.6],[-113.4,0.7],[-113.9,0.6],[-114.3,1.6],[-114.7,2.1],[-114.6,2.2],[-114.7,2.4],[-114.9,2.6],[-114.4,2.7],[-113.6,2.2],[-112.9,0.7],[-112.4,-0.4],[-112.4,-0.6]]]]}},{"type":"Feature","properties":{},"geometry":{"type":"MultiPolygon","coordinates":[[[[-114.9,2.7],[-115,3],[-115.5,3.2],[-116.3,3.6],[-116.9,3.9],[-117.8,3.9],[-119.8,3.6],[-120.8,3.3],[-121.7,1.8],[-123.1,0.7],[-123.3,0.8],[-122,2],[-121.5,2.7],[-121.2,3.4],[-120.5,3.8],[-118.7,4],[-117.1,4.2],[-116.1,4.1],[-114.5,3.1],[-114.7,2.9],[-114.9,2.7]]]]}},{"type":"Feature","properties":{},"geometry":{"type":"MultiPolygon","coordinates":[[[[-111.8,-1.6],[-113.3,-0.8],[-114.3,-0.3],[-114.7,0.3],[-114.9,0.8],[-115,1.4],[-114.7,1.7],[-115.1,2.3],[-115.1,2.6],[-114.9,2.6],[-114.7,2.4],[-114.6,2.2],[-114.7,2.1],[-114.3,1.6],[-113.9,0.6],[-113.4,0.7],[-112.4,-0.6],[-111.8,-1.4],[-111.8,-1.6]]]]}},{"type":"Feature","properties":{},"geometry":{"type":"MultiPolygon","coordinates":[[[[-115.2,2.8],[-115.3,2.9],[-115,2.7],[-115.2,2.8]]]]}},{"type":"Feature","properties":{},"geometry":{"type":"MultiPolygon","coordinates":[[[[-115.4,2.9],[-116.5,3.6],[-116.6,3.6],[-116.3,3.6],[-115.5,3.2],[-115,3],[-115.4,3],[-115.4,2.9]]]]}},{"type":"Feature","properties":{},"geometry":{"type":"MultiPolygon","coordinates":[[[[-113.9,7.4],[-114.3,7.7],[-114.5,7.5],[-114.4,7.4],[-113.9,7],[-115.2,5.6],[-115.6,5.6],[-116.2,5.9],[-117.1,6.6],[-117.7,7],[-118.5,7.6],[-118.7,8],[-117.3,9],[-115.3,9.6],[-113.4,9.3],[-111.6,8.6],[-111.2,8.5],[-110.3,7.5],[-109.6,6.8],[-110.9,7.6],[-111.5,8],[-112.7,7.9],[-113.9,7.4]]]]}},{"type":"Feature","properties":{},"geometry":{"type":"MultiPolygon","coordinates":[[[[-118.8,7.9],[-120.4,8.5],[-121.8,8.8],[-120.8,9.9],[-119.6,9.4],[-118.5,8.2],[-118.8,7.9]]]]}},{"type":"Feature","properties":{},"geometry":{"type":"MultiPolygon","coordinates":[[[[-109.6,0.3],[-110.5,0.2],[-111.1,-0.2],[-111.4,-0.4],[-111.4,-0.6],[-111.2,-1.1],[-111.8,-1.3],[-112.4,-0.4],[-112.9,0.7],[-113.6,2.2],[-113.8,2.6],[-113.7,2.7],[-113.6,2.8],[-114.1,3],[-114.5,3.1],[-116.1,4.1],[-117.1,4.2],[-116.9,4.6],[-116.4,5.6],[-116,5.8],[-115.3,5.6],[-113.2,4.9],[-112.6,4.8],[-109.7,0.5],[-109.6,0.3]]]]}},{"type":"Feature","properties":{},"geometry":{"type":"MultiPolygon","coordinates":[[[[-121,-14.6],[-123.8,-13.9],[-120.8,-12.8],[-119.9,-12.6],[-120.1,-13.2],[-121,-13.7],[-121.2,-13.9],[-120.7,-14.2],[-121,-14.6]]]]}},{"type":"Feature","properties":{},"geometry":{"type":"MultiPolygon","coordinates":[[[[-117.3,13.8],[-116.5,14.2],[-115.1,14.9],[-114.1,15.4],[-113.6,15.2],[-112.7,15.1],[-111.6,15.1],[-110.4,15.3],[-109.6,15.9],[-109,16.6],[-108.7,17.3],[-108.4,17.9],[-107.2,18.4],[-106.3,18.6],[-105.5,18.7],[-104.7,18.4],[-104.9,18],[-107.6,16.2],[-108.3,14.6],[-109.1,14.6],[-109.4,14.3],[-110.6,14],[-111.2,14.1],[-110.3,13.9],[-109.3,14.1],[-108.9,14.3],[-110,13.9],[-110.8,13.8],[-112,13.8],[-112.4,13.8],[-112,13.4],[-112.6,13.3],[-113.5,13.2],[-114.9,13.6],[-116.3,13.5],[-117.3,13.8]]]]}},{"type":"Feature","properties":{},"geometry":{"type":"MultiPolygon","coordinates":[[[[-116.5,2.3],[-116.7,2.1],[-116.8,2.1],[-117.1,2.4],[-116.6,2.4],[-116.5,2.3]]]]}},{"type":"Feature","properties":{},"geometry":{"type":"MultiPolygon","coordinates":[[[[-117.1,2.4],[-119.2,1.6],[-120.8,1.1],[-121.6,0.4],[-122,0.3],[-123.3,-0.4],[-125.6,-1.2],[-125.5,0.1],[-123.3,0.7],[-122.1,1.3],[-120.9,3.1],[-120,3.6],[-118.4,3.8],[-117.6,3.6],[-116.9,2.6],[-117.1,2.4]]]]}},{"type":"Feature","properties":{},"geometry":{"type":"MultiPolygon","coordinates":[[[[-103.1,-20.7],[-103.3,-20.7],[-103.2,-20.6],[-103.5,-20.3],[-103.9,-19.4],[-105.1,-18.6],[-105.6,-19],[-105.5,-19],[-105.6,-18.9],[-106,-18.7],[-106.1,-17.8],[-105.9,-17.6],[-106,-17.5],[-107.1,-17.7],[-107.9,-17.8],[-107.3,-18.2],[-107,-18.3],[-107.1,-18.3],[-107.5,-18.3],[-107.6,-18.6],[-107.9,-18.5],[-107.7,-18.2],[-108.2,-18.4],[-108.5,-18.4],[-108.6,-18.2],[-108.9,-17.6],[-109.7,-17.2],[-110.3,-16.9],[-110.1,-15.2],[-109.5,-15.1],[-109,-15.4],[-108,-15.6],[-107.4,-15.9],[-106.8,-16],[-106.4,-16],[-105.8,-15.6],[-105.4,-16.1],[-105.5,-16.2],[-105.3,-16.3],[-105.1,-16.6],[-104,-17.3],[-103.7,-17.4],[-102.8,-17.8],[-101.4,-18.1],[-101.5,-18.2],[-101.9,-18.1],[-102.5,-18.1],[-102.8,-18.3],[-103.1,-18.3],[-102.7,-18.2],[-101.9,-18.2],[-101,-18.5],[-101.1,-18.8],[-101.3,-19],[-100.9,-19.1],[-100.7,-19.5],[-100.6,-19.7],[-100.7,-19.9],[-100.8,-20],[-101.1,-20],[-101,-20.3],[-101.2,-20.3],[-101.1,-20.6],[-101.2,-20.8],[-101.4,-20.9],[-102.1,-20.9],[-102.5,-20.9],[-102.8,-20.7],[-103,-20.7],[-103.1,-20.7]]]]}},{"type":"Feature","properties":{},"geometry":{"type":"MultiPolygon","coordinates":[[[[-139.1,-10.4],[-139.6,-9.7],[-139.7,-9.4],[-140.2,-8.4],[-140.2,-7.8],[-140,-6.9],[-140.1,-6.7],[-140.2,-6.5],[-140.1,-5.4],[-139.9,-5.4],[-139.7,-6],[-139.1,-6.2],[-138.7,-7],[-138.5,-7.9],[-138.4,-9.2],[-139.1,-10.4]]]]}},{"type":"Feature","properties":{},"geometry":{"type":"MultiPolygon","coordinates":[[[[-126.2,-1.5],[-126.4,-2.5],[-127.2,-4.8],[-127.4,-3.3],[-128.2,-1.8],[-129.6,-0.7],[-127.7,-0.7],[-125.5,0.1],[-126.2,-1.5]]]]}},{"type":"Feature","properties":{},"geometry":{"type":"MultiPolygon","coordinates":[[[[-119,-8.4],[-118.6,-8.5],[-118.7,-8.6],[-119,-8.5],[-119,-8.4]]]]}},{"type":"Feature","properties":{},"geometry":{"type":"MultiPolygon","coordinates":[[[[-119.7,-8.1],[-121.6,-7.4],[-121.3,-8],[-120.1,-9],[-121,-8.7],[-121.9,-7.7],[-122.2,-7.8],[-124,-7.7],[-124.4,-7.9],[-125.3,-8.2],[-126.6,-8.2],[-127.6,-7.8],[-128.8,-6.9],[-130.2,-7],[-130.9,-6.8],[-129.9,-6.8],[-128.8,-6.8],[-127.9,-6.8],[-125.8,-7.8],[-124.6,-7.6],[-124.1,-7.1],[-123.7,-7],[-122.6,-7],[-122,-7.2],[-120.9,-6.8],[-120.4,-7],[-119.7,-8.1]]]]}},{"type":"Feature","properties":{},"geometry":{"type":"MultiPolygon","coordinates":[[[[-119.4,-12.3],[-119.9,-12],[-120.3,-11.1],[-120.3,-10.9],[-120.1,-10.6],[-119.4,-11.5],[-119.3,-12.1],[-119.4,-12.3]]]]}},{"type":"Feature","properties":{},"geometry":{"type":"MultiPolygon","coordinates":[[[[-119.9,-12.6],[-121.6,-13.1],[-120.9,-12.1],[-120.3,-12],[-119.9,-12.3],[-119.9,-12.6]]]]}},{"type":"Feature","properties":{},"geometry":{"type":"MultiPolygon","coordinates":[[[[-135.1,8.6],[-136.7,10.3],[-136.4,11.9],[-135.7,12.5],[-135,13],[-134.7,14.2],[-133.5,14.7],[-132.7,13.9],[-132.5,11],[-131.6,8.6],[-133.2,10],[-134.8,10.5],[-135.1,8.6]]]]}},{"type":"Feature","properties":{},"geometry":{"type":"MultiPolygon","coordinates":[[[[-140.2,5.1],[-140.9,4],[-140.9,3.1],[-141.4,2.5],[-142,-0.2],[-141.9,-1.6],[-142.5,-3.6],[-142,-4.9],[-143.8,-5.8],[-144.5,-5.1],[-143.3,-1.2],[-142,2],[-141.6,3.2],[-141.5,3.9],[-141.4,4.6],[-140.7,5.1],[-140.2,5.6],[-139.9,5.9],[-140.2,5.1]]]]}},{"type":"Feature","properties":{},"geometry":{"type":"MultiPolygon","coordinates":[[[[-136.6,8.2],[-138.5,7.9],[-138.8,9.5],[-139.5,10.2],[-137.9,10.7],[-136.4,12],[-135.7,12.5],[-136.4,11.9],[-136.7,10.3],[-136.6,8.2]]]]}},{"type":"Feature","properties":{},"geometry":{"type":"MultiPolygon","coordinates":[[[[-103.2,-17.1],[-103.9,-17.2],[-103.9,-16.4],[-102.8,-14.2],[-102.1,-12.4],[-102,-12.1],[-101.9,-11.9],[-101.7,-11.6],[-101.5,-11.8],[-101.5,-11.4],[-101.3,-11.4],[-101.2,-11.3],[-101.1,-11.2],[-101,-11.3],[-101.4,-12.5],[-102,-13.8],[-102.5,-15.2],[-103.2,-16.5],[-103.2,-17.1]]]]}},{"type":"Feature","properties":{},"geometry":{"type":"MultiPolygon","coordinates":[[[[-180,-12.8],[-176.9,-12.2],[-174.2,-12.9],[-175.7,-13.4],[-178,-13.6],[-180,-12.8]]]]}},{"type":"Feature","properties":{},"geometry":{"type":"MultiPolygon","coordinates":[[[[103.2,-59.1],[104.9,-59.3],[105.8,-58.6],[107.3,-58.7],[106.7,-59.4],[105.2,-60],[104.8,-60.4],[102.8,-61.6],[101.7,-62.3],[102.1,-62.7],[101.4,-62.6],[100.8,-62.7],[99.7,-62.7],[99,-62.7],[100.5,-62.2],[102.4,-61.2],[103.5,-60.2],[103.2,-59.1]]]]}},{"type":"Feature","properties":{},"geometry":{"type":"MultiPolygon","coordinates":[[[[-67.1,-50.2],[-67.1,-50.4],[-67.1,-50.5],[-67.2,-50.9],[-66.5,-51.3],[-66.8,-51.6],[-66.3,-51.6],[-65.5,-51.7],[-65.1,-51.8],[-65.4,-51.7],[-65,-51.9],[-64.6,-52.3],[-64.5,-52.8],[-64.3,-52.9],[-63,-52.8],[-63,-54.7],[-66.2,-54.3],[-71.6,-53.7],[-77,-52.4],[-77.9,-50.6],[-77,-50],[-74.8,-50.8],[-75,-50.4],[-74.6,-50.7],[-74.3,-50.5],[-72.6,-50],[-72.4,-50.4],[-72.8,-50.5],[-72.5,-50.6],[-72.2,-50.3],[-71.2,-50.3],[-70.6,-50.7],[-70.6,-50.6],[-69.5,-50.9],[-69.4,-50.9],[-69.2,-50.9],[-68.4,-51.4],[-68.6,-50.9],[-68.5,-50.7],[-68,-50.5],[-68,-50.2],[-67.9,-49.8],[-67.5,-49.7],[-67.1,-50.2]]]]}},{"type":"Feature","properties":{},"geometry":{"type":"MultiPolygon","coordinates":[[[[-75.3,-45.2],[-74.1,-45.6],[-74.3,-46.3],[-74.3,-46.9],[-74.6,-47.4],[-74.8,-47.3],[-74.9,-47.3],[-75.1,-47.9],[-75.6,-48],[-74.8,-48.8],[-75.9,-49.1],[-76.1,-49.2],[-76.6,-49],[-77.1,-49],[-76.9,-49.2],[-76.9,-49.4],[-77.3,-49.7],[-78.1,-49.3],[-78.5,-48.9],[-78.9,-48.6],[-79.7,-48.2],[-80.2,-47.6],[-80.6,-47.7],[-80.9,-47.7],[-81,-47.5],[-81.3,-47.1],[-81.6,-47],[-82,-47],[-81.9,-46.7],[-81.1,-46.9],[-80.3,-46.8],[-79.9,-46.9],[-79.1,-47.4],[-78.3,-47.5],[-79.1,-47.3],[-79.5,-46.7],[-79.3,-46.5],[-79.7,-46.2],[-79.6,-46.1],[-79.1,-46.1],[-78.2,-46.2],[-77.8,-46],[-77.5,-45.8],[-77.1,-46],[-76.7,-46.2],[-76.6,-46.1],[-76.2,-45.9],[-76,-46],[-75.6,-45.8],[-75.8,-45.6],[-75.3,-45.2]]]]}},{"type":"Feature","properties":{},"geometry":{"type":"MultiPolygon","coordinates":[[[[-81,-43.3],[-80.8,-43.4],[-79.4,-44.2],[-78.2,-44.5],[-78.2,-44.6],[-78.7,-45],[-79.6,-45.2],[-79.9,-45],[-80.1,-44.9],[-80.7,-44.7],[-80.9,-44.6],[-81,-44.3],[-81.4,-44.4],[-81.7,-44.2],[-81.9,-44],[-81.8,-43.8],[-81.5,-43.7],[-82,-43.3],[-81.3,-43.5],[-81.4,-43.2],[-81.1,-43.4],[-81,-43.3]]]]}},{"type":"Feature","properties":{},"geometry":{"type":"MultiPolygon","coordinates":[[[[-74.3,-50.5],[-74.5,-50.5],[-74.7,-50.4],[-74.3,-50.5]]]]}},{"type":"Feature","properties":{},"geometry":{"type":"MultiPolygon","coordinates":[[[[-64.6,-52.3],[-64.4,-52.6],[-64.7,-52.6],[-64.6,-52.5],[-64.6,-52.3]]]]}},{"type":"Feature","properties":{},"geometry":{"type":"MultiPolygon","coordinates":[[[[164,-20.7],[160.7,-19.4],[162,-18],[162.7,-18.7],[164.2,-19.2],[165.6,-19.6],[166.9,-19.9],[167.7,-20.1],[168,-21.3],[167.6,-21.4],[167.8,-22.2],[168.1,-23],[168.2,-23.7],[167.2,-23.9],[165.8,-22.9],[165.1,-21.8],[164,-20.7]]]]}},{"type":"Feature","properties":{},"geometry":{"type":"MultiPolygon","coordinates":[[[[171.7,-37.7],[171.8,-36.2],[170.5,-34],[170.2,-33.1],[171.1,-32.4],[171.7,-34.2],[172.5,-36.2],[172.4,-38],[171.8,-39.2],[171.7,-39],[171.7,-37.7]]]]}},{"type":"Feature","properties":{},"geometry":{"type":"MultiPolygon","coordinates":[[[[180,-54.4],[176.1,-56.1],[169.8,-58.2],[169.8,-56.7],[170.1,-56.4],[170.2,-56.3],[170.2,-56.2],[170.5,-55.4],[171.2,-54.7],[171.4,-54.4],[175.6,-54.6],[178.3,-54.1],[180,-54.4]]]]}},{"type":"Feature","properties":{},"geometry":{"type":"MultiPolygon","coordinates":[[[[135.6,-37.4],[136.4,-37],[136.4,-36.2],[136.4,-35.8],[137.1,-35.5],[137.1,-35.3],[137.2,-35],[137.6,-34.9],[137.8,-34.2],[138,-34.1],[137.8,-34.1],[138.2,-33.5],[138.2,-33.2],[138.2,-32.8],[138,-32.6],[138.1,-32.4],[138.2,-32.2],[138.5,-31.9],[139,-31.2],[139.4,-30.8],[139.4,-30.6],[139.6,-30.4],[139.7,-30.4],[140,-30],[140.2,-29.5],[140.3,-29.3],[140.6,-29],[140.5,-29],[140.7,-28.8],[140.9,-28.6],[141.1,-28.4],[141.4,-28.3],[142.3,-28.1],[142.5,-28.1],[142.5,-27.9],[143.3,-27.9],[143.9,-28],[144.6,-28.1],[144.7,-28.2],[146.1,-28.1],[146.4,-28],[146.9,-27.9],[147.2,-27.6],[148.5,-27.6],[149.3,-27.5],[148.9,-28.6],[147.1,-31],[145.6,-32],[145.3,-33.1],[145,-33.7],[144.3,-34.2],[142.7,-35.3],[140.9,-36.3],[139.4,-37.8],[139,-39.1],[136.6,-41.3],[136.1,-38.1],[135.6,-37.4]]]]}},{"type":"Feature","properties":{},"geometry":{"type":"MultiPolygon","coordinates":[[[[135.9,-36.5],[135.9,-36.3],[136.1,-36.7],[135.8,-36.7],[135.9,-36.5]]]]}},{"type":"Feature","properties":{},"geometry":{"type":"MultiPolygon","coordinates":[[[[-101.9,-5.9],[-101.8,-5.7],[-101.7,-5.5],[-101.9,-5.9]]]]}},{"type":"Feature","properties":{},"geometry":{"type":"MultiPolygon","coordinates":[[[[112.8,-28.7],[114.4,-31.4],[116.1,-32.4],[117.6,-33.1],[114.8,-34],[110.9,-29.7],[111.2,-28],[112.8,-28.7]]]]}},{"type":"Feature","properties":{},"geometry":{"type":"MultiPolygon","coordinates":[[[[118.9,-20.5],[119.9,-23.4],[118.8,-25.8],[119.8,-28.4],[120,-31.2],[118.5,-34],[118.1,-34.5],[117.7,-34.3],[117.6,-33.1],[118.1,-29.9],[117.7,-27.1],[117.2,-23.1],[117.6,-20.2],[118.9,-20.5]]]]}},{"type":"Feature","properties":{},"geometry":{"type":"MultiPolygon","coordinates":[[[[171.9,-75.2],[173.2,-74.3],[175.9,-74],[177.2,-75.4],[175.8,-76.7],[173.3,-77],[171.9,-76.1],[171.9,-75.2]]]]}},{"type":"Feature","properties":{},"geometry":{"type":"MultiPolygon","coordinates":[[[[-173,-15.6],[-175.8,-14.1],[-173.2,-13.5],[-171.6,-14.5],[-170.7,-16.1],[-173,-15.6]]]]}},{"type":"Feature","properties":{},"geometry":{"type":"MultiPolygon","coordinates":[[[[100.4,-62.9],[100.5,-63.1],[101.4,-63],[102.2,-63.9],[100.5,-64.9],[99.8,-65],[98.7,-65.3],[97.5,-65.4],[97.6,-64.9],[97.1,-64.1],[97.9,-63.5],[99.1,-63.2],[100.4,-62.9]]]]}},{"type":"Feature","properties":{},"geometry":{"type":"MultiPolygon","coordinates":[[[[151.8,-32.8],[149.7,-31.1],[150.7,-28.5],[151.8,-28.4],[153.2,-28.6],[154.8,-28.5],[156,-28.5],[157.5,-28.5],[158.1,-29.8],[157.1,-31.1],[155.3,-31.7],[153.9,-31.9],[152.4,-32.1],[152.3,-32.9],[151.8,-32.8]]]]}},{"type":"Feature","properties":{},"geometry":{"type":"MultiPolygon","coordinates":[[[[96.8,-40.1],[98.5,-39.4],[99.6,-39.6],[100.3,-39.9],[101.4,-40],[103,-40.3],[104.4,-40.6],[105.7,-40.9],[106.3,-41.1],[106.3,-41.4],[99.9,-42],[96.8,-40.1]]]]}},{"type":"Feature","properties":{},"geometry":{"type":"MultiPolygon","coordinates":[[[[113.6,-12.5],[114.4,-13.4],[116.9,-16],[118.8,-17.7],[119.6,-17.9],[119.5,-18],[119.6,-18.3],[119.6,-18.4],[119.4,-18.4],[119.4,-18.5],[119.7,-18.8],[119.5,-18.9],[119.8,-18.9],[119.8,-19.2],[119.5,-19.3],[119.9,-19.4],[119.8,-19.5],[119.4,-19.6],[119.5,-19.8],[119.9,-19.9],[119.9,-20.1],[119.3,-20.1],[119.4,-20.4],[116.9,-20.6],[117.5,-23.9],[116.4,-24.3],[115.9,-26],[112.8,-28.7],[111.2,-28],[110,-27.3],[112.1,-24.9],[113.1,-23.1],[114.4,-19.7],[114.5,-18.6],[114.5,-15.8],[114.3,-14.7],[113.3,-12.9],[113.6,-12.5]]]]}},{"type":"Feature","properties":{},"geometry":{"type":"MultiPolygon","coordinates":[[[[170.9,-27.4],[169.8,-26.3],[169.4,-25.2],[169.6,-24.3],[169.8,-24.7],[170.6,-25.9],[170.9,-27.2],[170.9,-27.4]]]]}},{"type":"Feature","properties":{},"geometry":{"type":"MultiPolygon","coordinates":[[[[136.2,-56.6],[136,-53.1],[139.7,-51.9],[145.1,-55],[152,-58.7],[154.7,-60.6],[147,-59.8],[141.1,-59.1],[136.2,-56.6]]]]}},{"type":"Feature","properties":{},"geometry":{"type":"MultiPolygon","coordinates":[[[[121.4,-38.9],[121.5,-38.9],[121.5,-38.7],[121.5,-38.6],[121.7,-38.3],[123.1,-38.5],[125.4,-37.9],[127.7,-37.5],[130.2,-37.9],[131.8,-36],[132.9,-35.2],[135.6,-33.9],[136.6,-32.6],[136.8,-32.9],[136.6,-34.2],[136,-34.6],[135.6,-35.8],[135.3,-36.1],[134.9,-36.2],[134.4,-36.3],[133.7,-36.5],[132.6,-36.8],[132.3,-37.2],[131.8,-37.9],[129.9,-39.3],[128.5,-39.3],[128.2,-39.1],[127.9,-39.1],[127.7,-38.8],[127.4,-38.8],[127.4,-38.5],[127.3,-38.8],[126.7,-38.7],[126.7,-38.4],[126.3,-38.3],[125.7,-38.6],[125.5,-38.5],[125,-38.7],[124.4,-38.6],[124.3,-38.9],[124,-39.1],[123.8,-39],[123.9,-38.7],[123.3,-38.8],[122.4,-38.8],[122.2,-39.2],[121.5,-39.1],[121.4,-38.9]]]]}},{"type":"Feature","properties":{},"geometry":{"type":"MultiPolygon","coordinates":[[[[133.4,-32],[133.7,-31.8],[134.5,-31.5],[134.9,-31.6],[136.2,-32],[136.6,-32.6],[136,-33.7],[133.7,-34.4],[132.2,-35.2],[132.6,-34.3],[133.4,-32]]]]}},{"type":"Feature","properties":{},"geometry":{"type":"MultiPolygon","coordinates":[[[[123.3,-36.6],[123.4,-36.4],[123.5,-36.2],[123.5,-36.1],[124.4,-36],[124.6,-36.2],[125.4,-35.7],[126.2,-35.5],[127.2,-34.8],[126.5,-36],[124.5,-36.9],[124.3,-36.8],[123.3,-36.6]]]]}},{"type":"Feature","properties":{},"geometry":{"type":"MultiPolygon","coordinates":[[[[130.6,-33.4],[130.2,-34.2],[128.7,-34.3],[129.1,-34],[130.6,-33.4]]]]}},{"type":"Feature","properties":{},"geometry":{"type":"MultiPolygon","coordinates":[[[[117.5,-23.9],[118.1,-28.2],[118.2,-31],[117,-32.4],[114.7,-31.8],[113.3,-29.4],[115,-26.6],[116.1,-24.6],[117.2,-23.7],[117.5,-23.9]]]]}},{"type":"Feature","properties":{},"geometry":{"type":"MultiPolygon","coordinates":[[[[109.5,-27.9],[113.2,-32.1],[114,-35.5],[111.7,-35.8],[110.1,-35.8],[110.2,-34.4],[109.5,-32.5],[107.5,-30.6],[108.6,-29.1],[109.5,-27.9]]]]}},{"type":"Feature","properties":{},"geometry":{"type":"MultiPolygon","coordinates":[[[[136.4,-30.2],[135.8,-30],[135.9,-29.7],[135.2,-29.4],[134.8,-29],[134.6,-28.5],[135.2,-28.7],[136.5,-30.1],[136.4,-30.2]]]]}},{"type":"Feature","properties":{},"geometry":{"type":"MultiPolygon","coordinates":[[[[98.2,-14.9],[98.1,-14.1],[99,-14.7],[99,-15.3],[98.7,-15.2],[98.3,-15],[98.2,-14.9]]]]}},{"type":"Feature","properties":{},"geometry":{"type":"MultiPolygon","coordinates":[[[[86.7,-19.7],[88.3,-22.8],[90.9,-26],[94.3,-26.2],[95.4,-25.9],[99.8,-23.7],[100.3,-23.8],[99.9,-25],[99.6,-25.6],[99.4,-26.1],[98.6,-27.1],[96.7,-28.7],[95.6,-30.1],[95.1,-31.4],[94.9,-32.3],[94.7,-31.9],[94.3,-31],[93.9,-30],[93.3,-29.1],[92.7,-28.4],[91.6,-27.5],[90.7,-26.9],[89.5,-26.1],[88.9,-25.3],[88.2,-24.1],[86.8,-20.6],[86.7,-19.7]]]]}},{"type":"Feature","properties":{},"geometry":{"type":"MultiPolygon","coordinates":[[[[97.7,-16.1],[91.2,-16.6],[87.1,-14.4],[83.2,-13.5],[83,-12.8],[83.6,-13],[83.8,-12.9],[83.5,-12.9],[83.5,-12.6],[83.7,-12.6],[83.8,-12.8],[84,-12.7],[83.9,-12.4],[84.4,-12.5],[84.5,-12],[84.7,-12.3],[84.8,-12.3],[85.3,-12.5],[85.5,-12.3],[85.8,-12],[86.1,-12],[86.2,-12],[86.4,-12],[86.7,-11.9],[86.8,-12],[86.8,-12.3],[87,-12.2],[87,-11.9],[87.1,-12],[87,-11.8],[87.4,-11.7],[87.8,-11.6],[87.8,-11.4],[88,-11.4],[88.2,-11.7],[88.1,-11.4],[88.4,-11.4],[88.3,-11.6],[88.6,-11.6],[88.7,-11.5],[88.8,-11.7],[88.9,-11.4],[89.2,-11.4],[89.3,-11.6],[89.5,-11.8],[89.6,-11.7],[89.7,-11.6],[89.8,-11.6],[90.2,-11.6],[90.3,-11.6],[90.5,-11.6],[90.7,-11.7],[90.9,-11.9],[91,-11.8],[91.1,-11.8],[91.4,-12.1],[91.5,-11.8],[92.1,-11.9],[92.3,-12],[92.4,-12.1],[92.6,-12.4],[92.9,-12.5],[93,-12.5],[92.9,-12.8],[93.3,-12.8],[93.5,-12.9],[93.5,-12.8],[93.6,-12.7],[93.7,-13.1],[93.5,-13.6],[93.6,-13.7],[93.7,-13.5],[93.8,-13.4],[94,-13.2],[94.3,-13.2],[94.5,-13.4],[94.5,-13.5],[94.8,-13.5],[95.1,-13.8],[95.3,-13.8],[95.7,-13.9],[95.8,-14],[96,-14.1],[96.1,-14.2],[96.3,-14.4],[96.8,-14.5],[96.9,-14.7],[97.3,-14.7],[97.3,-14.4],[97.9,-14.3],[97.7,-14.7],[97.6,-15],[97.3,-15.2],[97.1,-15.2],[97.2,-15.3],[97.1,-15.5],[97.5,-15.6],[97.5,-15.7],[97.6,-16],[97.7,-16.1]]]]}},{"type":"Feature","properties":{},"geometry":{"type":"MultiPolygon","coordinates":[[[[98.8,-16.8],[98.8,-16.7],[99.2,-16.7],[99.5,-16.9],[99.6,-17.1],[99.7,-16.9],[99.9,-16.9],[100.1,-16.8],[100.1,-17.7],[98.8,-16.8]]]]}},{"type":"Feature","properties":{},"geometry":{"type":"MultiPolygon","coordinates":[[[[86.7,-9.5],[86.9,-10],[86.6,-9.6],[86.7,-9.5]]]]}},{"type":"Feature","properties":{},"geometry":{"type":"MultiPolygon","coordinates":[[[[97.7,-13.2],[97.9,-13.9],[97.7,-13.8],[97.7,-13.2]]]]}},{"type":"Feature","properties":{},"geometry":{"type":"MultiPolygon","coordinates":[[[[87.7,-11.3],[87.8,-11.3],[87.6,-11.4],[87.7,-11.3]]]]}},{"type":"Feature","properties":{},"geometry":{"type":"MultiPolygon","coordinates":[[[[58.9,-13.4],[58,-11.1],[57.1,-10],[58.6,-8.6],[61.7,-8.1],[62.3,-9.4],[60.6,-12.5],[58.9,-13.4]]]]}},{"type":"Feature","properties":{},"geometry":{"type":"MultiPolygon","coordinates":[[[[66.9,-6.7],[66.3,-7.4],[64,-7.2],[61.7,-6.9],[57.3,-7.6],[59.9,-6],[61.9,-5.9],[62.9,-6.3],[63.9,-6.3],[66.7,-6.6],[66.9,-6.7]]]]}},{"type":"Feature","properties":{},"geometry":{"type":"MultiPolygon","coordinates":[[[[39.1,-10.7],[39.9,-12.3],[41.5,-14.6],[42.5,-16],[44.1,-17.3],[45.2,-18.9],[46.3,-21.8],[47.6,-23.7],[46.4,-23.1],[44.7,-22.1],[41.7,-18],[40.6,-15.1],[39.1,-10.7]]]]}},{"type":"Feature","properties":{},"geometry":{"type":"MultiPolygon","coordinates":[[[[37.1,-24],[37.2,-21.4],[39.8,-22.1],[41.6,-23.7],[42.4,-24.7],[44.4,-26.2],[45.2,-27.7],[45.5,-29.8],[44.5,-32.6],[42.3,-32.5],[39.9,-30.2],[38.6,-28.7],[37.7,-26.7],[37.3,-24.3],[37.1,-24]]]]}},{"type":"Feature","properties":{},"geometry":{"type":"MultiPolygon","coordinates":[[[[-53.1,-20.7],[-53.1,-21],[-53,-21.2],[-52.8,-21.2],[-52.7,-21.5],[-52.4,-21.8],[-52.3,-22],[-52.2,-21.9],[-51.7,-22.1],[-51.3,-22.2],[-51.6,-22.2],[-51.4,-22.3],[-51.3,-22.5],[-51.1,-22.6],[-51.3,-22.9],[-50.8,-22.5],[-50.5,-22.7],[-50.2,-22.7],[-49.2,-23.6],[-49.1,-23.5],[-48.6,-23.7],[-48.2,-24],[-47.9,-25],[-49.3,-25.8],[-50.9,-25.3],[-51.1,-25.1],[-51.6,-24.7],[-51.9,-24.6],[-51.6,-25.1],[-51.5,-25.3],[-51.5,-25.6],[-50.8,-25.9],[-50.7,-26],[-50.8,-26.4],[-50.8,-26.9],[-50.7,-27.1],[-50.7,-27.4],[-50.4,-27.5],[-50.1,-27.7],[-49.4,-28],[-49.4,-27.4],[-50,-27.2],[-49.7,-26.7],[-49.1,-27.1],[-49,-27.1],[-48.1,-27.3],[-48.2,-27],[-48.5,-26.3],[-47.5,-25.3],[-46.8,-25.5],[-46.6,-25.4],[-46.6,-24.6],[-46,-24.7],[-43.8,-25.1],[-38.6,-25.9],[-37.8,-27.4],[-36.4,-29.9],[-33.9,-34],[-32.6,-36.7],[-29.7,-40.7],[-29,-41.5],[-29,-41.7],[-29.5,-42.1],[-28.8,-43.6],[-30.7,-44.1],[-35.3,-44.7],[-34.2,-44.4],[-34.5,-43.4],[-34.8,-42.9],[-35.6,-43.1],[-35.8,-43.2],[-36.2,-43.2],[-36.9,-43.4],[-37.2,-43.5],[-37.7,-44],[-38,-44],[-38.1,-44.2],[-38,-44.5],[-38.2,-44.6],[-38.3,-44.6],[-38.4,-44.6],[-43,-44.5],[-45.4,-44.2],[-49,-46.6],[-50.2,-46.7],[-49.9,-46.5],[-49.6,-46.5],[-49.3,-46.5],[-48.7,-45.8],[-48.2,-45.8],[-48.8,-45.2],[-48.3,-45.1],[-47.8,-44.8],[-47.9,-44.6],[-48.8,-44.7],[-49.8,-45],[-50.4,-45.2],[-51.3,-45.4],[-51.5,-45.5],[-52.1,-45.7],[-52.2,-45.8],[-52.2,-46.1],[-52,-46.2],[-51.9,-46.5],[-52,-46],[-52,-45.7],[-51,-46.4],[-50.4,-46.6],[-51.2,-46.7],[-51.8,-47],[-53,-47.4],[-53.4,-47.1],[-53.9,-46.4],[-54.2,-46.4],[-53.6,-46],[-53.2,-45.8],[-53.5,-45.5],[-54.5,-45.5],[-54.6,-45.3],[-55.1,-45],[-54.7,-45],[-55.1,-44.9],[-55.6,-44.9],[-56.2,-45.4],[-56.5,-45.1],[-56.6,-45.6],[-56.9,-45.6],[-57.1,-45.6],[-57.1,-46],[-57.3,-46.2],[-58.1,-46.6],[-57.9,-46.3],[-58.3,-46.5],[-61.6,-45.5],[-60.6,-45.4],[-60.1,-44.1],[-60,-43.6],[-60.3,-43.2],[-60.6,-43.1],[-61.2,-42.5],[-61.6,-42.4],[-61.9,-42.1],[-62.2,-41.7],[-62.4,-41.3],[-63.5,-40.8],[-65.3,-40.2],[-66.7,-40],[-68,-40.6],[-67.9,-40.3],[-68.4,-40.3],[-68.9,-40.1],[-67.5,-39.6],[-66.1,-39],[-65.4,-38.2],[-65.1,-37.6],[-64.6,-35.7],[-63,-34.8],[-62.7,-34.9],[-61.8,-35.4],[-62.3,-35.6],[-61.7,-35.4],[-61.4,-35.2],[-61.3,-35.2],[-60.6,-35.1],[-60.3,-33.8],[-59.5,-33],[-58.7,-33.7],[-57.8,-33.1],[-57.8,-32.6],[-58,-32.1],[-58,-31.9],[-57.5,-31.6],[-57,-31.6],[-56.8,-31.6],[-56.5,-31.6],[-55.9,-31.8],[-55,-31.7],[-54.5,-31.7],[-53.9,-31.6],[-54.6,-31.2],[-54.4,-30.9],[-54.8,-31],[-55.2,-30.9],[-55.5,-30.8],[-55.8,-30.8],[-56,-30.9],[-56.1,-30.9],[-56.2,-31],[-56.5,-30.9],[-56.8,-30.9],[-57.1,-31.1],[-57.4,-31],[-58,-31],[-57.7,-30.9],[-58,-30.8],[-57.8,-30.7],[-58,-30.5],[-58.3,-30.2],[-58.5,-30.1],[-58.4,-29.8],[-58.2,-29.5],[-58.1,-29.2],[-57.9,-28.5],[-57.9,-28.3],[-57.9,-28.1],[-57.7,-27.9],[-57.5,-27.5],[-57.3,-27.6],[-57,-27.3],[-56.8,-27.3],[-56.7,-27.2],[-56.4,-27.1],[-56.1,-26.9],[-55.6,-26.5],[-55.3,-26.3],[-55.1,-26.1],[-55.1,-25.9],[-55.4,-25.5],[-55.7,-25.4],[-55.9,-25.4],[-56,-25.3],[-56.3,-25.2],[-56.4,-25.5],[-56.6,-25.5],[-56.9,-25.5],[-57,-25.5],[-57.2,-26],[-57.1,-26.3],[-57.5,-26.6],[-57.9,-27],[-58,-27],[-58.4,-27.1],[-58.9,-27.1],[-58.9,-27.2],[-59.1,-27.3],[-59.1,-27.4],[-59.4,-27.5],[-59.5,-27.2],[-59.7,-27.7],[-59.9,-27.8],[-60.2,-28.4],[-60.3,-28.4],[-60.4,-28.6],[-60.4,-28.7],[-60.5,-29],[-60.6,-29.2],[-60.3,-29.5],[-60.2,-29.9],[-60.2,-30],[-60.1,-30.4],[-60.3,-30.4],[-60.8,-30.6],[-60.6,-30.7],[-60.6,-30.8],[-60.7,-30.7],[-61,-30.9],[-61.2,-30.9],[-61.4,-31],[-61.7,-31],[-61.7,-31.1],[-61.9,-31.2],[-62.1,-31.3],[-62.1,-31.5],[-62.2,-31.7],[-62.4,-31.7],[-62.4,-31.9],[-62.5,-32],[-62.8,-32.5],[-62.9,-32.5],[-63.1,-32.8],[-63.8,-33],[-64.3,-32.8],[-64.9,-33.1],[-65.6,-32.1],[-65.1,-32],[-65.2,-31.5],[-65.2,-31.1],[-65,-30.7],[-64.7,-30.2],[-64.8,-30.3],[-65.1,-30.3],[-64.7,-30],[-64.9,-30],[-64.9,-29.9],[-64.6,-29.3],[-64.8,-29.2],[-64.6,-28.8],[-64.4,-28.5],[-64.7,-28.7],[-65,-29.2],[-65.2,-29.1],[-65.3,-29],[-65.6,-29],[-65.9,-29.1],[-66,-29.1],[-66.6,-29.3],[-66.9,-29.3],[-67.3,-29.1],[-67.4,-29],[-67.3,-28.9],[-67.4,-28.8],[-67.7,-28.2],[-67.4,-27.8],[-67.2,-28.2],[-67.3,-28],[-67,-27.9],[-67,-27.8],[-66.9,-27.8],[-66.8,-27.6],[-66.9,-27.6],[-67,-27.6],[-67.2,-27.4],[-67.3,-27.5],[-67.1,-27.3],[-67,-27.3],[-66.5,-27.4],[-66.8,-27.2],[-66.4,-27.1],[-66.3,-27.2],[-65.8,-27],[-66.3,-26.9],[-66.7,-27.1],[-66.9,-27],[-66.7,-26.9],[-66.6,-26.7],[-66.2,-26.5],[-66.5,-26.4],[-66.4,-26.5],[-66.2,-26.3],[-66.4,-26.2],[-66.2,-26.2],[-65.8,-26.4],[-65.4,-26.6],[-65.4,-26.7],[-65.2,-26.6],[-64.9,-26.4],[-65.2,-26.4],[-65.5,-26.2],[-65.8,-26.2],[-66.1,-26],[-66.1,-25.8],[-66,-25.7],[-65.9,-25.6],[-65.8,-25.6],[-65.7,-25.5],[-65.5,-25.5],[-65.4,-25.6],[-65,-25.8],[-65.6,-25.4],[-65.5,-25.3],[-65.5,-25.4],[-65.4,-25.4],[-65.2,-25.4],[-65.1,-25.4],[-64.9,-25.5],[-64.7,-25.3],[-64.8,-25.7],[-64.6,-25.3],[-64.8,-25.1],[-64.5,-25.3],[-64.4,-25.3],[-64.3,-25.4],[-63.9,-25.5],[-64.4,-25.2],[-64.3,-25],[-64,-25.2],[-63.8,-25.2],[-63.8,-25.4],[-63.7,-25.3],[-63.7,-25.2],[-63.3,-25.3],[-63.4,-25.1],[-63.1,-25],[-63.1,-25.2],[-62.9,-25],[-62.9,-25.1],[-62.7,-25.4],[-62.4,-25.4],[-61.9,-25.3],[-61.9,-25],[-62.2,-25.2],[-62.7,-25.1],[-62.6,-25],[-62.4,-24.9],[-62.4,-24.7],[-62.2,-24.7],[-61.9,-24.6],[-61.7,-24.6],[-61.7,-24.8],[-61.5,-24.6],[-61.2,-24.5],[-61.5,-24.4],[-61.2,-24.4],[-61.3,-24.3],[-60.8,-24.4],[-60.7,-24.3],[-60.7,-24.1],[-60.6,-23.9],[-60.6,-24.1],[-60.6,-24],[-60.5,-23.8],[-60.3,-23.6],[-60.2,-23.6],[-59.9,-23.6],[-59.7,-23.6],[-59.8,-23.5],[-59.8,-23.2],[-59.6,-23.3],[-59.7,-23.2],[-59.5,-23.1],[-59.5,-22.9],[-59.2,-22.8],[-59.2,-22.9],[-58.9,-23],[-58.6,-22.9],[-58.9,-22.7],[-58.7,-22.7],[-58.7,-22.6],[-58.5,-22.8],[-58.3,-22.7],[-58.5,-22.6],[-58.4,-22.3],[-58.5,-22.4],[-58.6,-22.3],[-58.2,-22.4],[-58.3,-22.1],[-58,-22.1],[-58,-22.3],[-57.9,-22.3],[-57.8,-22.2],[-57.9,-22],[-57.6,-22.1],[-57.2,-22.2],[-57.5,-22],[-57.6,-21.8],[-57.2,-21.9],[-57.2,-21.7],[-56.9,-21.4],[-56.6,-21.4],[-56.6,-21.3],[-56.4,-21.5],[-56.4,-21.4],[-56.3,-21.3],[-56.1,-21.1],[-56.1,-21.3],[-55.9,-21.3],[-55.8,-21.5],[-55.6,-21.2],[-55.6,-21.3],[-55.2,-21.4],[-55.2,-21.1],[-55.4,-20.9],[-55.2,-21],[-55.1,-21],[-54.8,-21],[-54.9,-21.3],[-54.7,-21],[-54.6,-21],[-54.2,-20.7],[-54.1,-20.5],[-53.9,-20.5],[-53.8,-20.5],[-53.6,-20.6],[-53.9,-21],[-54.1,-21.4],[-53.4,-20.8],[-53.4,-21.1],[-53.2,-20.8],[-53.1,-20.7]]]]}},{"type":"Feature","properties":{},"geometry":{"type":"MultiPolygon","coordinates":[[[[-66.9,-30.4],[-66,-30.4],[-66.6,-30.5],[-66.9,-30.4]]]]}},{"type":"Feature","properties":{},"geometry":{"type":"MultiPolygon","coordinates":[[[[-60.9,-32.2],[-61.2,-32.4],[-61.4,-32.7],[-61.8,-32.9],[-61.8,-32.6],[-61.1,-32.2],[-60.9,-32.2]]]]}},{"type":"Feature","properties":{},"geometry":{"type":"MultiPolygon","coordinates":[[[[-58.6,-32.1],[-58.6,-32.5],[-59,-32.7],[-59,-32.5],[-58.9,-32.1],[-58.8,-32.1],[-58.6,-32.1]]]]}},{"type":"Feature","properties":{},"geometry":{"type":"MultiPolygon","coordinates":[[[[-57.7,-21.4],[-57.8,-21.7],[-57.7,-21.6],[-57.7,-21.9],[-58,-21.9],[-58.3,-21.9],[-58.1,-21.7],[-58,-21.5],[-57.7,-21.4]]]]}},{"type":"Feature","properties":{},"geometry":{"type":"MultiPolygon","coordinates":[[[[-56.9,-21],[-56.8,-21.1],[-56.8,-21.3],[-57.1,-21.4],[-57.2,-21.4],[-57.1,-21.2],[-57,-21.2],[-56.9,-21.2],[-56.9,-21]]]]}},{"type":"Feature","properties":{},"geometry":{"type":"MultiPolygon","coordinates":[[[[-58.4,-32],[-58.6,-32],[-58.5,-31.7],[-58.2,-31.8],[-58.4,-32]]]]}},{"type":"Feature","properties":{},"geometry":{"type":"MultiPolygon","coordinates":[[[[-58,-21.3],[-58.3,-21.5],[-58.3,-21.4],[-58.2,-21.5],[-58,-21.3]]]]}},{"type":"Feature","properties":{},"geometry":{"type":"MultiPolygon","coordinates":[[[[-59.3,-30.2],[-59.5,-30.3],[-59.5,-30.4],[-59.5,-30.3],[-59.5,-30.2],[-59.3,-30.2]]]]}},{"type":"Feature","properties":{},"geometry":{"type":"MultiPolygon","coordinates":[[[[-54.4,-20.5],[-54.9,-20.7],[-55,-20.6],[-54.9,-20.5],[-54.6,-20.5],[-54.5,-20.4],[-54.4,-20.5]]]]}},{"type":"Feature","properties":{},"geometry":{"type":"MultiPolygon","coordinates":[[[[-56.3,-21.1],[-56.6,-21.1],[-56.5,-21],[-56.4,-20.9],[-56.3,-21.1]]]]}},{"type":"Feature","properties":{},"geometry":{"type":"MultiPolygon","coordinates":[[[[-54.5,-20.7],[-54.7,-20.9],[-54.6,-20.8],[-54.5,-20.7]]]]}},{"type":"Feature","properties":{},"geometry":{"type":"MultiPolygon","coordinates":[[[[-57.8,-30.6],[-58.2,-30.8],[-58.1,-30.6],[-57.8,-30.6]]]]}},{"type":"Feature","properties":{},"geometry":{"type":"MultiPolygon","coordinates":[[[[-58.3,-21.8],[-58.7,-21.9],[-58.4,-21.7],[-58.3,-21.8]]]]}},{"type":"Feature","properties":{},"geometry":{"type":"MultiPolygon","coordinates":[[[[-53.6,-20.3],[-53.5,-20.5],[-53.8,-20.4],[-53.6,-20.3]]]]}},{"type":"Feature","properties":{},"geometry":{"type":"MultiPolygon","coordinates":[[[[-58.7,-21.8],[-58.8,-21.8],[-58.9,-21.7],[-58.7,-21.8]]]]}},{"type":"Feature","properties":{},"geometry":{"type":"MultiPolygon","coordinates":[[[[-40.9,-20.2],[-39.6,-20.1],[-39.1,-20],[-38.3,-20.2],[-38,-20.9],[-38.4,-23.2],[-38.6,-25.9],[-43.8,-25.1],[-45.2,-24],[-45,-23.7],[-44.9,-23.7],[-44.8,-23.7],[-44.9,-23.5],[-44.7,-23.4],[-44.5,-23.2],[-44.3,-22.9],[-44.1,-22.8],[-43.8,-22.6],[-43.7,-22.7],[-43.6,-22.7],[-43.6,-22.6],[-43.7,-22.4],[-43.8,-22.5],[-43.4,-22.1],[-43.3,-22.1],[-43.2,-22.2],[-43.2,-22.3],[-43.1,-22.6],[-43.2,-22.5],[-43.2,-22.6],[-43.3,-22.7],[-43.3,-22.8],[-43,-22.6],[-42.7,-22.6],[-42.7,-22.5],[-42.5,-22.1],[-42.3,-22],[-42,-22],[-41.8,-21.7],[-41.7,-21.6],[-41.7,-21.5],[-41.6,-21.6],[-41.5,-21.3],[-41.4,-21.4],[-41.2,-21.4],[-40.9,-21.6],[-40.9,-21.4],[-40.6,-21.1],[-41.1,-20.7],[-41.3,-20.6],[-41.2,-20.2],[-40.9,-20.2]]]]}},{"type":"Feature","properties":{},"geometry":{"type":"MultiPolygon","coordinates":[[[[-46.9,-23.2],[-46.2,-23.1],[-46.2,-23.2],[-46,-23.4],[-45.8,-23.7],[-46.1,-24.4],[-46.8,-23.8],[-46.9,-23.3],[-46.9,-23.2]]]]}},{"type":"Feature","properties":{},"geometry":{"type":"MultiPolygon","coordinates":[[[[168.1,-21.6],[168.1,-20.7],[167.5,-20.1],[166.5,-19.9],[165.1,-19.6],[163.9,-19.2],[162.4,-18.4],[162.2,-18],[163.5,-17.9],[165.4,-18.5],[166.4,-18.7],[167.1,-18.7],[167.6,-18.7],[168.7,-18.6],[168.9,-19.1],[169.2,-19.4],[169.7,-19.3],[169.8,-20.6],[169.8,-20.7],[169.3,-21.1],[169.7,-23.4],[168.8,-22.9],[168.2,-22.4],[168.3,-22],[168.1,-21.6]]]]}},{"type":"Feature","properties":{},"geometry":{"type":"MultiPolygon","coordinates":[[[[139.2,-51.2],[136.9,-48.7],[137.6,-48.1],[139.8,-47.9],[141.6,-47.5],[142,-47.6],[142.5,-47.8],[142.2,-48],[143.1,-48.6],[143.2,-48.7],[144.1,-48.3],[145.5,-48.7],[146.5,-49.1],[147.1,-51.1],[147.5,-52.9],[149.8,-54.1],[151.7,-55.2],[143.4,-54.5],[139.2,-51.2]]]]}},{"type":"Feature","properties":{},"geometry":{"type":"MultiPolygon","coordinates":[[[[136.6,-44.9],[136.7,-45.1],[137.1,-45.2],[137,-45.3],[137.2,-45.4],[137.6,-45.4],[138.2,-45.6],[138.2,-45.7],[138.5,-45.7],[138.8,-45.8],[139.2,-45.8],[140,-45.4],[140,-45.1],[141.3,-44.1],[141.4,-43.8],[141.2,-43.7],[140.9,-43.7],[140.5,-43.8],[140.2,-43.5],[140.2,-43.1],[140.5,-43],[140.1,-43.2],[139.4,-43],[138.7,-43.2],[139.3,-43.5],[138.9,-43.5],[138.6,-43.5],[138.3,-43.7],[138,-43.7],[137.4,-43.8],[137.3,-44.1],[136.6,-44.1],[136.6,-41.3],[139.6,-39.6],[140.7,-37.9],[143.1,-37.8],[144.2,-38.4],[144.9,-40.7],[144.6,-42.5],[141.7,-44.1],[141,-44.9],[140.2,-45.8],[141.1,-46.7],[139.8,-47.9],[140,-47.5],[138.1,-47.8],[136.4,-48.1],[136.6,-44.9]]]]}},{"type":"Feature","properties":{},"geometry":{"type":"MultiPolygon","coordinates":[[[[143.8,-37.2],[144,-36.7],[144.3,-35.8],[144.4,-36.4],[144.9,-37.7],[146,-40.7],[146.2,-41.4],[146,-42],[143.8,-37.2]]]]}},{"type":"Feature","properties":{},"geometry":{"type":"MultiPolygon","coordinates":[[[[102.2,-66.7],[108.8,-64],[115.8,-67.1],[127.8,-66.8],[136.1,-66.6],[136.2,-69.1],[121.3,-72.6],[109.4,-70.9],[102.2,-66.7]]]]}},{"type":"Feature","properties":{},"geometry":{"type":"MultiPolygon","coordinates":[[[[119.1,-39.4],[116.3,-42.2],[111.8,-43.4],[110.1,-42.3],[109,-41.6],[110.1,-41.2],[110.4,-40.9],[110.9,-41],[112.8,-40.5],[116,-40],[119.1,-39.4]]]]}},{"type":"Feature","properties":{},"geometry":{"type":"MultiPolygon","coordinates":[[[[141.7,-58.9],[147.6,-59.5],[155.2,-60.2],[148.7,-60.3],[141.7,-58.9]]]]}},{"type":"Feature","properties":{},"geometry":{"type":"MultiPolygon","coordinates":[[[[136.2,-56.6],[141.1,-59.1],[136.6,-57.7],[136.2,-56.6]]]]}},{"type":"Feature","properties":{},"geometry":{"type":"MultiPolygon","coordinates":[[[[-128.4,-66.6],[-124,-67],[-121.9,-68.5],[-123.5,-72.4],[-132.1,-76.9],[-144.9,-78.7],[-150.6,-77.8],[-140.5,-76.4],[-135.1,-71.8],[-131.5,-67.6],[-128.4,-66.6]]]]}},{"type":"Feature","properties":{},"geometry":{"type":"MultiPolygon","coordinates":[[[[180,-60.8],[179.4,-65.9],[175.5,-66.4],[172.1,-67.2],[168.5,-66.8],[165.5,-65.2],[167.9,-62.9],[177.1,-61.1],[180,-60.6],[180,-60.8]]]]}},{"type":"Feature","properties":{},"geometry":{"type":"MultiPolygon","coordinates":[[[[-180,-66],[-179.7,-60.8],[-176.5,-60.4],[-174.1,-59.8],[-172.8,-59.6],[-172.9,-60.1],[-173.2,-60.6],[-173.6,-64.1],[-177.6,-66.6],[-180,-66]]]]}},{"type":"Feature","properties":{},"geometry":{"type":"MultiPolygon","coordinates":[[[[-165.3,-44.4],[-170.1,-42.9],[-168.5,-39.6],[-165.6,-38],[-160.4,-37.6],[-153.5,-36],[-147,-35.8],[-143,-35.4],[-140.1,-37.5],[-141,-40.4],[-145.5,-40.5],[-152.3,-41.2],[-155,-42.2],[-157.4,-42.5],[-157.6,-43.5],[-156.7,-41.5],[-160.3,-42.1],[-164.1,-44.3],[-165.3,-44.4]]]]}},{"type":"Feature","properties":{},"geometry":{"type":"MultiPolygon","coordinates":[[[[-167.1,-52.8],[-168.4,-50.6],[-170.3,-48.5],[-167.9,-45.7],[-165,-47.3],[-159.3,-45.9],[-152.6,-45.5],[-148.9,-46.7],[-147.9,-49.2],[-152.1,-51.2],[-158.9,-51.5],[-166.2,-52.3],[-167.1,-52.8]]]]}},{"type":"Feature","properties":{},"geometry":{"type":"MultiPolygon","coordinates":[[[[-170.1,-42.9],[-165.3,-44.4],[-167.2,-45.5],[-169.2,-46.5],[-171.5,-47.3],[-172.4,-45.4],[-170.1,-42.9]]]]}},{"type":"Feature","properties":{},"geometry":{"type":"MultiPolygon","coordinates":[[[[-169.5,-57.4],[-164.6,-57.5],[-165,-57.5],[-164.9,-57.8],[-165.2,-57.8],[-165.6,-57.8],[-165.9,-57.8],[-166.2,-57.8],[-166.4,-57.9],[-166.6,-58.1],[-167.1,-57.8],[-167.3,-57.9],[-167.2,-58.1],[-167.4,-58.2],[-167.6,-58.2],[-168,-58.2],[-168.2,-58.3],[-168.3,-58.3],[-168.6,-58.1],[-168.7,-57.8],[-168.8,-57.8],[-169,-58.1],[-169.2,-57.9],[-169.3,-57.6],[-169.5,-57.4]]]]}},{"type":"Feature","properties":{},"geometry":{"type":"MultiPolygon","coordinates":[[[[-172.1,-58.9],[-169.9,-57.5],[-170,-57.7],[-170.1,-57.9],[-170.1,-58.1],[-170.4,-58.4],[-170.9,-58.5],[-170.6,-58.6],[-171.9,-58.9],[-172.1,-58.9]]]]}},{"type":"Feature","properties":{},"geometry":{"type":"MultiPolygon","coordinates":[[[[-169.8,-58.1],[-169.8,-57.8],[-169.7,-57.8],[-169.5,-57.9],[-169.8,-58.1]]]]}},{"type":"Feature","properties":{},"geometry":{"type":"MultiPolygon","coordinates":[[[[180,-44],[180,-50.9],[179.4,-54.4],[179.5,-52.1],[177.4,-48.5],[179.3,-44.3],[180,-44]]]]}},{"type":"Feature","properties":{},"geometry":{"type":"MultiPolygon","coordinates":[[[[-180,-54.4],[-180,-47.5],[-178.6,-44.7],[-175.4,-46.8],[-175.2,-50],[-177.9,-52.8],[-180,-54.4]]]]}},{"type":"Feature","properties":{},"geometry":{"type":"MultiPolygon","coordinates":[[[[-136.7,-50.8],[-136.4,-49],[-136.3,-46.7],[-136.2,-44.9],[-137.8,-43.1],[-138.6,-41.4],[-140,-40.6],[-140.1,-37.5],[-143,-35.4],[-147,-35.8],[-153.5,-36],[-160.4,-37.6],[-165.6,-38],[-170.1,-37.8],[-168.8,-34.9],[-163.8,-33.4],[-160.8,-32.8],[-156.7,-32.2],[-154.1,-30.8],[-151.6,-30.1],[-148,-30.2],[-144.7,-30.4],[-140.2,-31],[-137.1,-33.4],[-135.6,-36],[-134.9,-38.6],[-133.3,-39.1],[-131.7,-41.8],[-131.4,-42.2],[-131.3,-42.5],[-131.2,-42.8],[-131.2,-43.2],[-131.1,-43.6],[-131,-43.9],[-130.9,-44.3],[-130.9,-44.5],[-131,-45],[-131.8,-46.6],[-132.9,-47.4],[-132.9,-47.9],[-132.8,-48.4],[-132.7,-48.3],[-132.9,-49],[-133.7,-50.5],[-133.4,-49.6],[-134.1,-49.6],[-134.7,-49.8],[-135,-50.3],[-135.6,-50.8],[-136.3,-51],[-136.7,-50.8]]]]}},{"type":"Feature","properties":{},"geometry":{"type":"MultiPolygon","coordinates":[[[[-134.3,-51.3],[-135,-51.1],[-134.5,-50.8],[-134.2,-51.3],[-134.3,-51.3]]]]}},{"type":"Feature","properties":{},"geometry":{"type":"MultiPolygon","coordinates":[[[[180,-27.9],[178.5,-28.7],[177.9,-29],[176.4,-28.9],[174.9,-25.8],[175.3,-25.8],[177.9,-27.7],[180,-27.9]]]]}},{"type":"Feature","properties":{},"geometry":{"type":"MultiPolygon","coordinates":[[[[-101.4,-18.1],[-102.8,-17.8],[-103.4,-17.4],[-101.6,-17.1],[-101.6,-17.2],[-101.4,-17.3],[-101.5,-17.5],[-101.2,-17.7],[-100.9,-17.7],[-101,-17.9],[-100.9,-18.2],[-101.3,-18.1],[-101.4,-18.1]]]]}},{"type":"Feature","properties":{},"geometry":{"type":"MultiPolygon","coordinates":[[[[-101.5,-17],[-102.9,-16.1],[-102.4,-14.8],[-101.7,-13.2],[-101.3,-12.2],[-100.9,-11.2],[-100.7,-11.4],[-100.8,-11.4],[-100.9,-11.5],[-100.8,-11.6],[-100.9,-11.7],[-100.9,-11.9],[-101.1,-12],[-101.2,-12.1],[-101,-12.3],[-101,-12.5],[-101.3,-12.4],[-101.1,-12.6],[-101,-12.8],[-101.3,-13.1],[-101.6,-13.2],[-101.2,-13.2],[-101.2,-13.4],[-101.5,-13.4],[-101.6,-13.5],[-101.2,-13.6],[-101.4,-13.7],[-101.3,-13.9],[-101.2,-14.1],[-101.3,-14.2],[-101.6,-14.2],[-101.5,-14.5],[-101.4,-14.6],[-101.4,-15],[-101.8,-15],[-101.8,-15.1],[-101.8,-15.2],[-102,-15.2],[-102.2,-15.3],[-102,-15.4],[-102,-15.6],[-102.1,-15.7],[-102,-15.9],[-101.9,-16.3],[-101.7,-16.4],[-101.8,-16.5],[-102.1,-16.7],[-101.8,-16.7],[-101.6,-16.8],[-101.5,-17]]]]}},{"type":"Feature","properties":{},"geometry":{"type":"MultiPolygon","coordinates":[[[[-118.3,-21.7],[-118.5,-21.5],[-119.2,-21.3],[-119.4,-21.3],[-119.6,-21.6],[-120.5,-21.3],[-121,-21.1],[-121.7,-21],[-121.3,-21],[-121.5,-20.9],[-121.7,-20.9],[-121.8,-20.9],[-121.9,-20.9],[-122,-20.9],[-122.4,-20.9],[-122.8,-20.8],[-123.8,-20.7],[-126.2,-20.2],[-128.7,-19.9],[-130.6,-19.2],[-132.4,-18.1],[-130.6,-17.7],[-127.8,-18],[-123.8,-18.7],[-120.9,-19.2],[-118.1,-20.4],[-116.8,-20.7],[-118.3,-21.7]]]]}},{"type":"Feature","properties":{},"geometry":{"type":"MultiPolygon","coordinates":[[[[-118.6,-21.9],[-119.5,-21.4],[-119.2,-21.5],[-118.9,-21.6],[-118.5,-21.8],[-118.6,-21.9]]]]}},{"type":"Feature","properties":{},"geometry":{"type":"MultiPolygon","coordinates":[[[[-134.5,-16],[-136,-13.7],[-135.7,-16.4],[-135.9,-16.3],[-136.3,-15.8],[-136,-16.2],[-136.2,-16.4],[-136.1,-16.5],[-136.1,-16.7],[-136.2,-16.6],[-136.3,-16.5],[-136.5,-16.5],[-136.6,-16.7],[-136.7,-17.1],[-136.9,-17.2],[-136.9,-17],[-136.8,-16.7],[-136.7,-16.5],[-136.7,-16.1],[-137.2,-16.3],[-137.1,-16.1],[-137.3,-15.9],[-137.4,-15.5],[-137.2,-15.3],[-137.3,-15.1],[-137.2,-14.7],[-137.3,-14.5],[-137.6,-14.5],[-137.9,-13.1],[-138.3,-12.7],[-138.3,-12.3],[-138.5,-12.2],[-138.6,-12.5],[-139,-12.3],[-139.7,-11.9],[-139.8,-11.7],[-139.8,-11.5],[-139.8,-11.4],[-139.8,-11.3],[-140.2,-11.4],[-140.1,-11.3],[-140.5,-11.2],[-140.5,-11],[-140.7,-11.1],[-140.9,-10.9],[-141.1,-11.1],[-141.3,-11],[-141.4,-10.9],[-141.5,-10.8],[-141.8,-11.1],[-142.1,-11.4],[-142.3,-11.6],[-142.6,-11.8],[-143.6,-11.8],[-143.2,-11.7],[-143.3,-11.6],[-143.6,-11.6],[-143.8,-11.7],[-144.2,-11.7],[-144.3,-11.5],[-143.9,-8.8],[-144.8,-7],[-143.8,-5.8],[-142,-4.9],[-141.4,-5.4],[-140.8,-5.5],[-140.3,-5.6],[-140.2,-6.6],[-140.1,-6.8],[-140.1,-7.5],[-140.2,-7.9],[-140,-8.8],[-139.7,-9.5],[-139.6,-9.9],[-139.1,-10.5],[-137,-10.3],[-134.5,-10.1],[-133.2,-11.2],[-134.4,-15.4],[-134.5,-16]]]]}},{"type":"Feature","properties":{},"geometry":{"type":"MultiPolygon","coordinates":[[[[-101.8,-11.8],[-102,-11.9],[-101.9,-11.9],[-101.8,-11.8]]]]}},{"type":"Feature","properties":{},"geometry":{"type":"MultiPolygon","coordinates":[[[[-102,-12.1],[-102.2,-13],[-103,-14.8],[-103.9,-17],[-104.4,-17.4],[-105.3,-16.3],[-105.2,-16.1],[-104.8,-16.2],[-104.2,-16.7],[-104.1,-16.8],[-104,-16.6],[-104.3,-16.4],[-104.3,-15.9],[-104.6,-16.1],[-104.8,-16],[-104.7,-15.5],[-104.8,-16.2],[-105.1,-15.9],[-105.2,-15.3],[-104.8,-14.7],[-104.5,-13],[-103.8,-11.4],[-103.6,-10.8],[-103.3,-11.2],[-103.7,-11.8],[-103.3,-11.9],[-102.9,-11.9],[-102.4,-11.8],[-102.6,-12.3],[-102.3,-11.9],[-102,-12.1]]]]}},{"type":"Feature","properties":{},"geometry":{"type":"MultiPolygon","coordinates":[[[[-105.3,-16.2],[-105.2,-15.7],[-105.3,-15.9],[-105.3,-16.2]]]]}},{"type":"Feature","properties":{},"geometry":{"type":"MultiPolygon","coordinates":[[[[-100.8,-7.3],[-101,-7.2],[-101.1,-7.9],[-101,-8],[-101,-8.2],[-101.1,-8.3],[-101.1,-8.5],[-101.1,-8.6],[-101.6,-8.9],[-101.6,-8.6],[-101.8,-8.3],[-101.9,-8.1],[-102,-7.9],[-102,-7.7],[-101.9,-7.5],[-101.8,-7.3],[-102.1,-7],[-102,-6.9],[-102.1,-6.8],[-102.2,-6.7],[-102.1,-6.5],[-102.1,-6.4],[-101.8,-6.5],[-101.8,-6.4],[-101.7,-6.2],[-101.8,-6.1],[-101.9,-6],[-101,-6.2],[-100.8,-7.3]]]]}},{"type":"Feature","properties":{},"geometry":{"type":"MultiPolygon","coordinates":[[[[154.5,-65.1],[154.5,-65.2],[152.7,-67.9],[151.3,-70.8],[144.6,-69.5],[140.7,-66.3],[148,-64.3],[154,-63.8],[154.5,-65.1]]]]}},{"type":"Feature","properties":{},"geometry":{"type":"MultiPolygon","coordinates":[[[[-158.5,-56.7],[-155.3,-57],[-153.2,-57.4],[-147.3,-58.7],[-146.7,-59.9],[-152.3,-61.5],[-158.2,-60.2],[-158.7,-57.3],[-158.5,-56.7]]]]}},{"type":"Feature","properties":{},"geometry":{"type":"MultiPolygon","coordinates":[[[[-145.4,-46.9],[-141.7,-44.5],[-140,-46.8],[-143.6,-50.1],[-146.1,-49.2],[-145.4,-46.9]]]]}},{"type":"Feature","properties":{},"geometry":{"type":"MultiPolygon","coordinates":[[[[134.3,-49.5],[137.8,-49.8],[138.7,-51.6],[134.7,-53],[134.3,-49.5]]]]}},{"type":"Feature","properties":{},"geometry":{"type":"MultiPolygon","coordinates":[[[[156.2,-56],[158.9,-56.1],[158.9,-56.7],[160.1,-56.4],[160.5,-56.3],[162.1,-56],[163.4,-56],[163.9,-56.4],[167.5,-57.5],[168.6,-59],[167.1,-58.6],[166,-58.3],[164.3,-57.9],[162.5,-57.2],[160.5,-56.9],[159.8,-56.9],[158.9,-57.4],[156.2,-56]]]]}},{"type":"Feature","properties":{},"geometry":{"type":"MultiPolygon","coordinates":[[[[165.7,-76.6],[167.4,-75.4],[168.1,-76],[168,-76.7],[166.6,-77.8],[164.7,-78.5],[164.5,-77.8],[164.4,-77.1],[165.7,-76.6]]]]}},{"type":"Feature","properties":{},"geometry":{"type":"MultiPolygon","coordinates":[[[[140,-37.2],[142.1,-37.4],[140.7,-37.9],[139.6,-39.6],[136.6,-41.3],[139,-39.1],[139.4,-37.8],[140,-37.2]]]]}},{"type":"Feature","properties":{},"geometry":{"type":"MultiPolygon","coordinates":[[[[-139.7,-2.2],[-141.4,-0.6],[-141.9,0.8],[-141.3,2.8],[-140.8,3.4],[-140.5,3.3],[-139.4,3.3],[-139,2.2],[-139.6,1.2],[-139.8,0.2],[-139.5,-1.5],[-139.7,-2.2]]]]}},{"type":"Feature","properties":{},"geometry":{"type":"MultiPolygon","coordinates":[[[[141.8,-44.2],[142.8,-43.8],[144.5,-43.6],[144.8,-44.5],[143.1,-46.4],[140.2,-46.1],[140.5,-45.1],[141.8,-44.2]]]]}},{"type":"Feature","properties":{},"geometry":{"type":"MultiPolygon","coordinates":[[[[-174.7,-43.6],[-174.2,-45],[-175.1,-44.9],[-175.2,-43.3],[-174.7,-43.6]]]]}},{"type":"Feature","properties":{},"geometry":{"type":"MultiPolygon","coordinates":[[[[-142,-4.9],[-142.5,-3.6],[-141.9,-1.6],[-142,-0.2],[-140.3,-1.5],[-139.9,-2.7],[-140.5,-4.2],[-142,-4.9]]]]}},{"type":"Feature","properties":{},"geometry":{"type":"MultiPolygon","coordinates":[[[[101.3,-66.6],[106.3,-69.8],[118.2,-72.4],[116,-74.3],[108.9,-73.1],[103.3,-68.9],[101.3,-66.6]]]]}},{"type":"Feature","properties":{},"geometry":{"type":"MultiPolygon","coordinates":[[[[-2.5,-67.6],[-0.6,-67.2],[1.4,-66.5],[2.2,-66.1],[2.7,-65.9],[2.7,-66.2],[2.4,-67.1],[2.1,-67.7],[2.1,-67.8],[2.1,-68.2],[2,-68.7],[1.8,-69.1],[1.9,-69.3],[1.9,-69.6],[2,-69.8],[2.6,-70.1],[3.4,-70.6],[3.2,-71.2],[0.5,-72.1],[-7.8,-72.7],[-4.3,-70.6],[-2.9,-68],[-2.5,-67.6]]]]}},{"type":"Feature","properties":{},"geometry":{"type":"MultiPolygon","coordinates":[[[[-14.5,-72.8],[-5.1,-72.5],[-4.8,-73.9],[-5.1,-74.3],[-7.3,-75.2],[-9.6,-75.7],[-17.5,-76.7],[-20.5,-77.2],[-20.5,-77],[-19.8,-76.8],[-20.6,-76.7],[-21.7,-76.6],[-19.7,-76.2],[-19.2,-75.9],[-17.3,-75.9],[-16.6,-75.7],[-16.4,-75.5],[-15.8,-75.3],[-18.3,-74.6],[-16.6,-74.5],[-14.3,-73.8],[-15.2,-73.5],[-14.5,-73.2],[-14.7,-72.8],[-14.5,-72.8]]]]}},{"type":"Feature","properties":{},"geometry":{"type":"MultiPolygon","coordinates":[[[[3,-71.3],[4.2,-72.2],[6.5,-72.5],[7.3,-72.6],[8.3,-72.3],[10.5,-72],[11,-72.5],[11.4,-73.7],[10.4,-74],[10.2,-74.1],[10.3,-74.3],[9.7,-75.1],[10.8,-75.5],[10.6,-75.5],[10.8,-75.7],[10.7,-75.9],[10.3,-76],[10,-76.3],[9.4,-76.5],[8.6,-76.7],[7.8,-76.9],[7.4,-77.2],[7.2,-77.3],[6.7,-77.6],[6.1,-77.8],[4.8,-78],[3.6,-78.2],[3.1,-78.4],[-1.1,-77.7],[-1.4,-77.7],[-1.7,-77],[-5.8,-77],[-6.2,-76.8],[-7.5,-76.7],[-12.4,-76.7],[-13.3,-76.7],[-13.8,-76.5],[-15,-76.7],[-15.5,-76.7],[-15.9,-76.8],[-16.2,-76.8],[-17.1,-76.8],[-18.3,-76.9],[-19,-77.2],[-16.4,-76.6],[-9.1,-75.6],[-6.5,-75],[-5,-74.2],[-4.7,-73.8],[0.5,-72.1],[3,-71.3]]]]}},{"type":"Feature","properties":{},"geometry":{"type":"MultiPolygon","coordinates":[[[[-25,-82.6],[-24.1,-82.7],[-23,-83],[-22.5,-83.4],[-21.5,-83.6],[-19.5,-83.8],[-18,-83.9],[-16.6,-84],[-15.1,-84.2],[-13,-84.5],[-11.7,-84.7],[-9.4,-84.9],[-7.8,-85],[-6,-85.1],[-3.9,-85.1],[-2.9,-85.2],[-2.8,-85.8],[-10.4,-86.2],[-36,-85.6],[-37.7,-85.7],[-56,-85.3],[-69.5,-85.3],[-70.3,-84.9],[-71.6,-84.7],[-73.9,-84.5],[-74.7,-84.1],[-75.1,-83.9],[-74.6,-83.6],[-75.6,-83.2],[-76.3,-82.8],[-77.1,-82.5],[-77.1,-82.3],[-76.7,-81.9],[-77.3,-81.7],[-77.9,-81.5],[-78.5,-81.3],[-77.8,-81.2],[-79,-81],[-79.4,-80.8],[-79.8,-80.5],[-77.8,-80.5],[-75.2,-80.4],[-73.1,-80.1],[-72.9,-79.7],[-73.9,-79.3],[-68.2,-78.7],[-65.7,-78.8],[-65.6,-78.8],[-64.5,-78.4],[-64.5,-78.7],[-62.9,-78.7],[-61.7,-78.4],[-57.1,-78.8],[-51.8,-78.8],[-45.8,-78.6],[-45.6,-78.3],[-45.4,-78.2],[-43.6,-78],[-42.8,-78],[-41.3,-78.1],[-40.4,-78.4],[-39.8,-78.5],[-38.5,-78.6],[-38.1,-79.1],[-36.3,-79.7],[-34.9,-80.3],[-31.6,-81.3],[-31.2,-81.5],[-30.4,-81.9],[-28.7,-82.1],[-25,-82.6]]]]}},{"type":"Feature","properties":{},"geometry":{"type":"MultiPolygon","coordinates":[[[[-79.8,-80.5],[-79.4,-80.8],[-79,-81],[-77.8,-81.2],[-78.5,-81.3],[-77.9,-81.5],[-77.3,-81.7],[-76.7,-81.9],[-77.1,-82.3],[-77.1,-82.5],[-76.3,-82.8],[-75.6,-83.2],[-74.6,-83.6],[-75.1,-83.9],[-74.7,-84.1],[-73.9,-84.5],[-71.6,-84.7],[-70.3,-84.9],[-69.5,-85.3],[-76.3,-84.9],[-77.8,-84.4],[-82.1,-83.6],[-81.3,-82.7],[-80.3,-81.3],[-82.2,-80.8],[-79.8,-80.5]]]]}},{"type":"Feature","properties":{},"geometry":{"type":"MultiPolygon","coordinates":[[[[151.5,-24.3],[153.8,-20.4],[154,-20.4],[154.2,-20.4],[154.7,-20.2],[154.7,-21],[154.8,-21.3],[154.4,-22.3],[154.5,-22.7],[155.2,-22.8],[154.6,-22.9],[154.9,-23.4],[154.2,-23.3],[153.9,-23.4],[153.9,-23.8],[153.8,-24.4],[153.5,-23.9],[152.8,-24.3],[152.5,-24.4],[151.9,-24.5],[151.5,-24.3]]]]}},{"type":"Feature","properties":{},"geometry":{"type":"MultiPolygon","coordinates":[[[[152.6,-25],[152.4,-24.6],[152.9,-24.9],[152.6,-25]]]]}},{"type":"Feature","properties":{},"geometry":{"type":"MultiPolygon","coordinates":[[[[138.2,-27.1],[138.2,-27.2],[138.3,-27.2],[138.2,-27.1]]]]}},{"type":"Feature","properties":{},"geometry":{"type":"MultiPolygon","coordinates":[[[[139.2,-28.4],[139.3,-28.2],[139.3,-28.1],[139.5,-28],[139.6,-27.8],[139.2,-28.4]]]]}},{"type":"Feature","properties":{},"geometry":{"type":"MultiPolygon","coordinates":[[[[140.4,-27],[141.5,-24.4],[143.5,-25.1],[144.6,-25.7],[145.4,-26.4],[145.2,-27],[144.9,-27.2],[144.5,-26.6],[143.7,-27],[143.8,-26.8],[143,-27],[142.1,-26.6],[141.5,-26.7],[140.4,-27]]]]}},{"type":"Feature","properties":{},"geometry":{"type":"MultiPolygon","coordinates":[[[[146.5,-27.1],[148.9,-23.9],[149.6,-20.9],[151.3,-25],[149.5,-26.2],[149.4,-26.3],[149.3,-26.7],[148.8,-26.7],[148.7,-27],[147.5,-26.9],[147.2,-27.1],[146.5,-27.1]]]]}},{"type":"Feature","properties":{},"geometry":{"type":"MultiPolygon","coordinates":[[[[149.6,-20.9],[153.4,-19],[153.9,-19.9],[154,-20.4],[153.8,-20.4],[151.5,-24.3],[150.2,-22.1],[149.6,-20.9]]]]}},{"type":"Feature","properties":{},"geometry":{"type":"MultiPolygon","coordinates":[[[[-102.8,-8.1],[-102.9,-8.4],[-102.7,-8.7],[-103,-9.5],[-103.3,-9.6],[-103.7,-10.2],[-104.5,-11],[-104.6,-11.8],[-105,-12.6],[-105.3,-13.9],[-105.6,-14.8],[-106.2,-15.7],[-106.5,-16],[-107.2,-15.9],[-107.7,-15.8],[-108.4,-15.5],[-109.3,-15.3],[-109.7,-15.1],[-110.6,-15.2],[-111.5,-16.4],[-112.3,-16.6],[-113,-17.3],[-113.9,-18],[-114.3,-17.7],[-114.2,-17.4],[-114,-16.9],[-114.4,-16.8],[-114.4,-16.3],[-114.8,-15.9],[-114.7,-15.8],[-115.9,-15.6],[-116.1,-15.4],[-116.3,-15.5],[-116.3,-15.1],[-117.2,-15],[-117.6,-14.9],[-117.8,-15],[-118.1,-14.7],[-118.4,-14.6],[-118.3,-14.2],[-118.3,-14],[-118.4,-13.9],[-118.5,-13.8],[-118.4,-13.8],[-118.5,-13.6],[-119.2,-12.2],[-119,-12],[-118.9,-11.5],[-118.8,-11.4],[-118.4,-10.4],[-118.3,-9],[-118.5,-8.4],[-118.7,-8.5],[-118.9,-8.4],[-119.2,-8.3],[-119.7,-8.1],[-120.3,-7.1],[-120.8,-6.8],[-121.6,-7],[-122.5,-7],[-123.6,-7],[-124.1,-7],[-124.6,-7.6],[-125.7,-6.6],[-127.4,-5.4],[-127,-4.4],[-126.1,-2.3],[-125.1,-1.8],[-123.8,-1.2],[-122.2,-0.7],[-121.1,-0.3],[-119.3,0.3],[-118.2,0.3],[-118.3,0.1],[-118.4,-0.2],[-118.9,-0.3],[-119,-0.6],[-118.9,-0.5],[-118,-0.2],[-117.9,0.3],[-116.7,0.1],[-116,0],[-115.5,0],[-114.6,-0.1],[-114.3,-0.5],[-113.9,-0.9],[-113.2,-2.8],[-111.8,-4.1],[-112.1,-5.1],[-112,-6.6],[-111.6,-7.4],[-111.3,-7.9],[-112,-8.6],[-113,-9.3],[-113.3,-10.2],[-113.6,-11.2],[-113.4,-11.7],[-112.9,-11.6],[-113.1,-12.1],[-112.8,-11.9],[-112.4,-11.7],[-112,-11.6],[-111.9,-11.3],[-111.8,-11.2],[-111.7,-11],[-111.2,-10.6],[-111.2,-10.5],[-111,-10.3],[-110.9,-10.2],[-110.9,-9.9],[-110.7,-9.7],[-109.5,-10],[-108.4,-10],[-107.3,-8.9],[-107.2,-8.3],[-107.1,-7.6],[-107.1,-7.4],[-106.8,-7.4],[-106.5,-7.4],[-106.3,-7.4],[-106.2,-7.3],[-105.8,-7.3],[-105.6,-7],[-105.4,-6.5],[-105.2,-6.6],[-104.3,-6.8],[-103,-7.4],[-103.1,-7.9],[-102.8,-8.1]]]]}},{"type":"Feature","properties":{},"geometry":{"type":"MultiPolygon","coordinates":[[[[-120.1,-10.5],[-120.3,-11],[-120.4,-11.1],[-120.6,-11],[-120.7,-10.7],[-121.2,-10],[-121.9,-8.4],[-122.2,-7.8],[-122.1,-7.7],[-121.6,-8.1],[-120.5,-9.1],[-120.2,-9.4],[-120.1,-9.8],[-120.1,-10.5]]]]}},{"type":"Feature","properties":{},"geometry":{"type":"MultiPolygon","coordinates":[[[[-109,-8.8],[-109.1,-8.8],[-109.2,-8.8],[-109.4,-8.7],[-109.7,-8.7],[-109.3,-8.6],[-109.3,-8.7],[-109,-8.8]]]]}},{"type":"Feature","properties":{},"geometry":{"type":"MultiPolygon","coordinates":[[[[-105.4,9.6],[-109.4,8.4],[-110.8,8.6],[-111.1,9.5],[-110.8,10.3],[-110.7,10.6],[-110.1,10.9],[-108.5,11.2],[-107.2,11.1],[-105.8,11.2],[-105.4,11.9],[-105,15],[-103.8,15.5],[-103.2,15.6],[-103.1,15.5],[-102.9,15.5],[-103.9,15],[-104.1,14.6],[-103.9,14.5],[-103.7,14.5],[-103.6,14.5],[-103.4,14.5],[-103.3,14.4],[-103.3,14.3],[-103.7,14.3],[-104.1,14.2],[-104,13.9],[-104.1,12.7],[-104.4,11.6],[-104.4,11.4],[-104.7,10.6],[-105,10.9],[-105.5,11.1],[-105.4,9.7],[-105.4,9.6]]]]}},{"type":"Feature","properties":{},"geometry":{"type":"MultiPolygon","coordinates":[[[[-103.7,16.6],[-104.2,17.5],[-104.2,18.7],[-103.8,18.9],[-104,18.5],[-104.1,18.3],[-104,18.3],[-103.7,18.4],[-103.6,18.2],[-103.7,18.1],[-103.5,17.9],[-103.4,17.7],[-103.5,17.5],[-103.7,17.5],[-103.6,17.3],[-103.4,17.1],[-103.2,16.6],[-103.1,16.4],[-103.1,16.3],[-103.1,16.2],[-103.5,16.4],[-103.7,16.6]]]]}},{"type":"Feature","properties":{},"geometry":{"type":"MultiPolygon","coordinates":[[[[-110.2,8],[-110.5,8.5],[-110.3,8.3],[-110.2,8]]]]}},{"type":"Feature","properties":{},"geometry":{"type":"MultiPolygon","coordinates":[[[[-111.7,10.2],[-110.9,10.5],[-111.3,10.1],[-111.7,10.2]]]]}},{"type":"Feature","properties":{},"geometry":{"type":"MultiPolygon","coordinates":[[[[-110.5,7.8],[-111.2,8.5],[-110.7,8.3],[-110.5,7.8]]]]}},{"type":"Feature","properties":{},"geometry":{"type":"MultiPolygon","coordinates":[[[[-112.3,9.4],[-112.6,10.4],[-112.4,9.5],[-112.3,9.4]]]]}},{"type":"Feature","properties":{},"geometry":{"type":"MultiPolygon","coordinates":[[[[-102.1,6.8],[-102.4,6.7],[-102.5,6.7],[-102.6,6.8],[-102.8,6.8],[-102.8,7.1],[-102.9,6.9],[-103,6.8],[-103.6,6.9],[-103.7,7.1],[-103.7,7.5],[-103.6,8],[-104,8.7],[-104.4,9.3],[-104.6,9.5],[-104.4,10.4],[-104.1,10.4],[-103.8,11.6],[-103.3,11.9],[-102.9,10.1],[-102.8,9.9],[-102.5,10.8],[-102.8,11.5],[-102.7,11.9],[-102.4,12.3],[-101.9,11.6],[-101.8,11.4],[-101.9,12],[-101.8,12.1],[-101.7,12.3],[-101.2,12.4],[-100.9,12.4],[-100.4,11],[-100.5,10.9],[-100.2,10.7],[-100.8,10.3],[-100.7,10.2],[-100.7,10.1],[-100.5,10],[-100.5,9.9],[-100.3,9.9],[-100.2,9.9],[-100.3,9.7],[-100.4,9.4],[-101.2,9.2],[-101,9],[-99.8,9.5],[-99.7,9.1],[-99.9,8.6],[-101.3,7.8],[-101.6,7.8],[-101.9,7.3],[-101.9,7.2],[-102.1,6.8]]]]}},{"type":"Feature","properties":{},"geometry":{"type":"MultiPolygon","coordinates":[[[[-99.1,12.8],[-99.3,12.6],[-99.7,11.5],[-101,12.6],[-101.4,12.9],[-102,13.2],[-101.7,14.1],[-101.2,14.6],[-100.4,14.1],[-98.9,14.1],[-99.1,12.8]]]]}},{"type":"Feature","properties":{},"geometry":{"type":"MultiPolygon","coordinates":[[[[-98.5,7.2],[-100.2,6.9],[-100,7.2],[-100,7.5],[-99.5,7.5],[-99.6,7.2],[-99.4,7.2],[-99.1,7.3],[-98.9,7.4],[-98.8,7.6],[-98.7,7.7],[-98.4,7.4],[-98.5,7.2]]]]}},{"type":"Feature","properties":{},"geometry":{"type":"MultiPolygon","coordinates":[[[[-99.8,8.6],[-99.1,9.1],[-99.7,8.5],[-99.8,8.6]]]]}},{"type":"Feature","properties":{},"geometry":{"type":"MultiPolygon","coordinates":[[[[-116.5,0.1],[-117.4,0.1],[-118,0.3],[-118.1,0.7],[-118.5,0.4],[-118.2,0.3],[-119.3,0.3],[-121.1,-0.3],[-122.2,-0.7],[-123.8,-1.2],[-125.1,-1.8],[-126.1,-2.3],[-125.2,-0.9],[-122.7,0],[-121.9,0.3],[-121.5,0.6],[-120.6,1.2],[-118.4,1.8],[-117,2.1],[-116.7,2.1],[-116.6,2.2],[-116.4,2.3],[-116.5,1.9],[-116.7,1.9],[-116.4,1.3],[-116.3,1.1],[-116.2,0.8],[-115.9,0.5],[-115.9,0.4],[-116.3,0.1],[-116.5,0.1]]]]}},{"type":"Feature","properties":{},"geometry":{"type":"MultiPolygon","coordinates":[[[[-114.3,-0.3],[-114.3,-0.5],[-114.6,-0.1],[-115.5,0],[-116,0],[-116.3,0.1],[-115.9,0.4],[-115.9,0.5],[-116.2,0.8],[-116.3,1.1],[-116.4,1.3],[-116.7,1.9],[-116.5,1.9],[-116.4,2.3],[-116.5,2.4],[-116.7,2.4],[-116.5,2.5],[-115.8,2.4],[-115.7,2.6],[-115.4,2.8],[-115.1,2.6],[-115.1,2.3],[-114.7,1.7],[-115,1.4],[-114.9,0.8],[-114.7,0.3],[-114.3,-0.3]]]]}},{"type":"Feature","properties":{},"geometry":{"type":"MultiPolygon","coordinates":[[[[-115.4,2.9],[-115.8,3],[-116.5,3.4],[-116.6,3.5],[-115.6,3],[-115.4,2.9]]]]}},{"type":"Feature","properties":{},"geometry":{"type":"MultiPolygon","coordinates":[[[[-100.9,1],[-100.8,0.7],[-100.4,0.7],[-99.7,-0.1],[-99.9,-0.2],[-100.4,-0.3],[-100.5,-0.1],[-100.6,-0.3],[-100.9,-0.5],[-101.8,-1.2],[-102.4,-1.1],[-102.3,-0.7],[-102.2,-0.5],[-102.3,-0.3],[-102.3,-0.4],[-102.3,-0.6],[-102.7,-1],[-102.7,-0.8],[-102.9,-0.6],[-102.9,-0.1],[-103.1,-0.3],[-103.9,-0.3],[-104.2,0.4],[-104.2,0.9],[-104.3,1],[-104.4,-0.1],[-104.6,-0.6],[-105,-0.5],[-105.6,-0.5],[-105.7,-0.3],[-105.8,-0.2],[-106.1,-0.1],[-106.5,0.1],[-106.6,0.8],[-106.7,1.5],[-106.7,1.1],[-106.6,0.9],[-106.7,0.7],[-106.6,0.1],[-106.8,-0.2],[-107.2,0.4],[-107.5,1.3],[-109.5,2.4],[-109.9,3.6],[-111.2,3.9],[-112.1,4.4],[-112.6,4.8],[-113.2,4.9],[-113.9,7],[-113.5,6.1],[-113.3,5.8],[-113.3,6.7],[-113.9,7.4],[-112.8,7.8],[-111.7,8],[-111,7.9],[-109.3,6.5],[-108.9,6],[-107.2,6.3],[-105.6,6.4],[-104.5,6.4],[-104.4,6],[-104.3,5.7],[-104.2,5.5],[-104,4.7],[-104,4.4],[-104,4.3],[-103.7,4.4],[-103.7,4.7],[-103.7,4.8],[-103.5,5],[-103.3,4.7],[-103.2,4.6],[-103.4,4.3],[-103.5,4.2],[-103.7,4],[-103.9,3.8],[-103.9,3.6],[-104.1,3.4],[-103.6,3.8],[-102.7,3.5],[-102.3,3.6],[-102.4,3.7],[-102.1,3.8],[-101.9,3.8],[-101.7,3.8],[-101.8,4.3],[-101.7,4.8],[-101.1,5],[-100.9,5.3],[-99.9,5.1],[-99.7,5.1],[-99.8,4.8],[-100.5,3.9],[-100.7,3.7],[-100.6,3.7],[-100.8,3.8],[-101,3.8],[-101.3,3.5],[-101.4,3.2],[-101.2,3],[-101.2,2.9],[-101.5,2.9],[-101.5,3.1],[-101.8,2.6],[-102.2,2.3],[-102.1,2.1],[-101.3,1.9],[-101.9,1.5],[-102.3,1.2],[-102.6,0.8],[-102.5,0.7],[-102.3,0.7],[-102,0.7],[-100.9,1]]]]}},{"type":"Feature","properties":{},"geometry":{"type":"MultiPolygon","coordinates":[[[[-103.3,-0.6],[-103.5,-0.9],[-103.4,-1.2],[-103.5,-1.9],[-103.7,-3],[-103.7,-3.3],[-103.6,-3.5],[-103.8,-3.6],[-104.4,-2.9],[-104.1,-2.5],[-104.6,-2.4],[-105.5,-2.3],[-105.3,-1.6],[-105.5,-1.2],[-104.2,-0.9],[-103.3,-0.6]]]]}},{"type":"Feature","properties":{},"geometry":{"type":"MultiPolygon","coordinates":[[[[-98.8,5.5],[-98,6],[-97.5,6],[-97.4,5.6],[-97.7,4.9],[-98.1,4.9],[-98.8,5.5]]]]}},{"type":"Feature","properties":{},"geometry":{"type":"MultiPolygon","coordinates":[[[[-99.5,5.2],[-98.9,5.4],[-99.4,5.1],[-99.5,5.2]]]]}},{"type":"Feature","properties":{},"geometry":{"type":"MultiPolygon","coordinates":[[[[-102,5.2],[-102.2,4.6],[-102.5,4.1],[-102.8,4.2],[-103,4.6],[-103.1,5],[-103.1,5.3],[-103,5.4],[-103.1,5.5],[-102.8,5.5],[-102.5,5.4],[-102.3,5.4],[-102,5.2]]]]}},{"type":"Feature","properties":{},"geometry":{"type":"MultiPolygon","coordinates":[[[[-104.8,-3.6],[-105.8,-3.4],[-105.3,-3],[-104.8,-3.4],[-104.8,-3.6]]]]}},{"type":"Feature","properties":{},"geometry":{"type":"MultiPolygon","coordinates":[[[[-102.9,-1.2],[-103,-1.4],[-103,-1.2],[-102.9,-1.2]]]]}},{"type":"Feature","properties":{},"geometry":{"type":"MultiPolygon","coordinates":[[[[-101.9,4.6],[-102.1,4.4],[-102.2,4.5],[-101.9,4.6]]]]}},{"type":"Feature","properties":{},"geometry":{"type":"MultiPolygon","coordinates":[[[[-97.7,-35.1],[-98.3,-34.9],[-98.6,-34.1],[-98.7,-34.4],[-98.5,-35],[-98.4,-35.3],[-98.5,-35.3],[-98.6,-35.4],[-99,-35.4],[-99.1,-35.6],[-100.2,-35.2],[-102.1,-34.5],[-103.2,-34],[-104.2,-33.6],[-104.3,-33.5],[-105.2,-33.1],[-108,-32.6],[-108.1,-32.2],[-105.2,-31.9],[-104.8,-31.8],[-104.6,-31.8],[-103.7,-32.1],[-102.9,-32.3],[-102.6,-32.7],[-101.9,-33],[-100.7,-33],[-99.5,-33.3],[-99.2,-33.4],[-98.5,-33.8],[-98.2,-34],[-97.6,-34.8],[-97.7,-35.1]]]]}},{"type":"Feature","properties":{},"geometry":{"type":"MultiPolygon","coordinates":[[[[79.5,-56.7],[80.3,-56.7],[80.8,-56.5],[81.6,-56.1],[82.9,-55.6],[84.4,-54.4],[86.4,-53.3],[87.2,-51.1],[87.4,-50.8],[88.4,-49.6],[89.6,-48.4],[90.7,-46.7],[91.4,-44.9],[93.2,-43.4],[92.8,-43.6],[92.7,-43.9],[93.4,-44.7],[94.5,-45.6],[94.4,-46.5],[93.9,-47.6],[94,-48.5],[92.9,-49.2],[92.7,-49.3],[91.6,-50.2],[91.5,-50.8],[91.4,-51.3],[91.2,-51.2],[91.5,-51.4],[92.1,-51.4],[92.2,-51.8],[93.4,-52.1],[93.3,-51.7],[94.3,-51.3],[95.1,-50.8],[95.3,-50.6],[95.5,-50.6],[95.8,-50.3],[96,-50],[96,-49.9],[96.4,-49.1],[96.5,-49.1],[97.4,-49],[97.7,-48.8],[98.4,-48.2],[97.7,-48.1],[97.5,-48.1],[96.9,-48.2],[96.7,-47.7],[97,-47.6],[97.6,-47.5],[98.6,-47.4],[99,-47.2],[98.9,-47],[99.2,-46.7],[99,-46.4],[98.3,-45.6],[97.7,-44.8],[97.6,-44.9],[97.3,-44.7],[97.2,-44.7],[96.7,-44.7],[95.6,-44.2],[95,-44.1],[94.1,-43.8],[94,-43.9],[94,-43.7],[94.2,-43.8],[94.4,-43.6],[95.7,-43.3],[99.9,-42],[106.3,-41.4],[107.5,-42.3],[109.5,-42.6],[112,-44.1],[113.5,-44.7],[114.2,-47.2],[112.1,-47.3],[108.1,-49.1],[105.5,-50.6],[103.7,-52.2],[102.5,-53.6],[101.3,-54.5],[100.9,-55.1],[99.9,-55.7],[99.3,-56.3],[99.7,-57.3],[100.6,-57.6],[102.3,-57.4],[102.8,-58.4],[103.5,-60.2],[102.4,-61.2],[100.5,-62.2],[99,-62.7],[98.8,-62.8],[96.3,-62.7],[94.2,-62.7],[93.1,-62.8],[91.6,-62.9],[90.9,-63],[89.8,-63],[86.9,-63],[85,-63],[84.1,-63.1],[81.9,-62.3],[80.5,-61.5],[79.5,-60.9],[78.9,-60.1],[78.5,-58],[79.5,-56.7]]]]}},{"type":"Feature","properties":{},"geometry":{"type":"MultiPolygon","coordinates":[[[[93.1,-44.1],[94,-44.9],[93.2,-44.3],[93.1,-44.1]]]]}},{"type":"Feature","properties":{},"geometry":{"type":"MultiPolygon","coordinates":[[[[73,-46.6],[77.2,-45.1],[80.4,-44.3],[82.6,-42],[84.5,-42.7],[85.3,-43.8],[85.8,-45.6],[84,-46.2],[83.2,-48.3],[81.1,-50.8],[77.9,-51.8],[73.7,-49.3],[72.4,-48.2],[71.4,-48.4],[72,-47.3],[73,-46.6]]]]}},{"type":"Feature","properties":{},"geometry":{"type":"MultiPolygon","coordinates":[[[[86.7,-30.6],[88.3,-35],[91.2,-39],[90.9,-40.8],[88.3,-42.5],[85,-42.2],[84.4,-39.3],[86.1,-34.3],[86,-32.9],[86.7,-30.6]]]]}},{"type":"Feature","properties":{},"geometry":{"type":"MultiPolygon","coordinates":[[[[110.4,-84.2],[101.3,-86.4],[69.8,-87.8],[70,-86.7],[70.6,-86.6],[70.5,-86.4],[72.2,-85.9],[70.8,-85],[72.5,-84.9],[73.5,-84.8],[77.9,-84.8],[78.2,-84.1],[88.3,-84.5],[92.9,-84.2],[106.5,-84.8],[110.4,-84.2]]]]}},{"type":"Feature","properties":{},"geometry":{"type":"MultiPolygon","coordinates":[[[[74.1,-80.4],[79.2,-80.9],[82.2,-81],[82.3,-81.5],[75.3,-82.6],[71,-82.6],[71.1,-82.3],[73.5,-81.9],[74.2,-80.8],[73.9,-80.3],[74.1,-80.4]]]]}},{"type":"Feature","properties":{},"geometry":{"type":"MultiPolygon","coordinates":[[[[95.1,-83.9],[98.9,-84],[106.3,-84.1],[109.3,-84.6],[111.3,-85.4],[104.8,-85.1],[90,-84.5],[86.8,-84.7],[95.1,-83.9]]]]}},{"type":"Feature","properties":{},"geometry":{"type":"MultiPolygon","coordinates":[[[[71.2,-61.8],[71.5,-61.7],[71.7,-61.5],[72.1,-61.1],[72.4,-60.8],[73.4,-61.6],[74,-62.4],[74.7,-63.1],[76.2,-64.1],[76.7,-64.8],[77.4,-65.1],[77.6,-66.4],[78.2,-66.7],[78.3,-67.5],[75.4,-69.1],[75.6,-69.9],[75.7,-70.3],[75.5,-70.5],[74.6,-70.8],[74.8,-70.9],[74.8,-71.2],[74.7,-71.4],[74.4,-71.1],[73.7,-71.5],[73,-71.6],[72.2,-71.5],[71.2,-71.7],[70,-71.7],[69.1,-71.4],[68.3,-70.6],[67.1,-70],[67.2,-69.3],[67.7,-68.4],[68.5,-67.6],[68.7,-66.6],[72.7,-64.3],[71.6,-62.6],[71.2,-61.8]]]]}},{"type":"Feature","properties":{},"geometry":{"type":"MultiPolygon","coordinates":[[[[69.3,-61.8],[69.7,-62.6],[70.8,-64.3],[67,-66.5],[66.8,-65.4],[66.3,-64.5],[66.2,-63.9],[67.1,-63.7],[67.5,-63.5],[67.8,-63.2],[68,-62.8],[68.2,-62.5],[68.5,-62.3],[68.7,-62.1],[69,-61.9],[69.3,-61.8]]]]}},{"type":"Feature","properties":{},"geometry":{"type":"MultiPolygon","coordinates":[[[[-86.1,5.2],[-85.8,4.8],[-86.2,5],[-86.1,4.7],[-86.1,4.3],[-86.3,4.3],[-86.8,4.5],[-86.7,4.9],[-86.9,5.1],[-87,4.9],[-87.2,5.3],[-87.2,5.5],[-86.9,5.8],[-86.9,5.3],[-86.6,5.2],[-86.2,5.2],[-86.1,5.2]]]]}},{"type":"Feature","properties":{},"geometry":{"type":"MultiPolygon","coordinates":[[[[-85,4.1],[-84.7,3.3],[-85.1,3.3],[-85.4,3.5],[-85.6,3.7],[-85.7,3.9],[-85.4,4.4],[-86.1,4.1],[-85.8,4.3],[-85.6,4.7],[-85,4.1]]]]}},{"type":"Feature","properties":{},"geometry":{"type":"MultiPolygon","coordinates":[[[[77.3,-52],[80.5,-51.2],[83.1,-48.9],[83.5,-46.5],[85.7,-46],[84.9,-47.4],[84.3,-49.2],[83.2,-51.1],[82.2,-52],[81.1,-52.9],[80.6,-53.8],[80.2,-55.7],[78.1,-56.9],[76.4,-58],[74.7,-58.8],[73.9,-59.1],[73.2,-59.3],[72.3,-59.5],[72,-59],[71.4,-57.3],[73.3,-56.8],[74.7,-55.9],[75.6,-54.8],[76.4,-53.9],[77.3,-52]]]]}},{"type":"Feature","properties":{},"geometry":{"type":"MultiPolygon","coordinates":[[[[73.6,-53.9],[73.1,-51.7],[72.7,-51.2],[71.4,-49.5],[71.7,-48.5],[73.2,-49.5],[77.3,-52],[76.4,-53.9],[75.6,-54.8],[74.7,-55.9],[73.3,-56.8],[71.4,-57.3],[71.5,-55.7],[72.7,-55.3],[73.3,-54.3],[73.6,-53.9]]]]}},{"type":"Feature","properties":{},"geometry":{"type":"MultiPolygon","coordinates":[[[[0.1,-64.5],[2.4,-65.7],[2.1,-66.1],[1.2,-66.6],[-0.6,-67.2],[-2.5,-67.6],[-3.2,-67],[-3.4,-64.9],[-2.2,-64.6],[-0.4,-64.5],[0.1,-64.5]]]]}},{"type":"Feature","properties":{},"geometry":{"type":"MultiPolygon","coordinates":[[[[-72.1,-88],[-65.1,-88.7],[-15.5,-89.4],[86.2,-88.5],[94.1,-88.8],[76.4,-89.4],[-98,-89.1],[-94.5,-88.1],[-96.9,-86],[-97.3,-85.1],[-97,-84.7],[-90.1,-85.6],[-89.2,-86.3],[-71.4,-87.7],[-72.1,-88]]]]}},{"type":"Feature","properties":{},"geometry":{"type":"MultiPolygon","coordinates":[[[[-94,-83.1],[-94,-83.7],[-95.1,-83.9],[-96.3,-84.1],[-96.2,-84.3],[-99.1,-83.4],[-101.6,-82.5],[-100.5,-81.5],[-97.7,-80.7],[-88.7,-81.6],[-94.4,-82.1],[-95.5,-82.7],[-94,-83.1]]]]}},{"type":"Feature","properties":{},"geometry":{"type":"MultiPolygon","coordinates":[[[[-90.7,-81.9],[-90.2,-81.4],[-86.9,-80.7],[-83.3,-81],[-89.8,-81.5],[-90.7,-81.9]]]]}},{"type":"Feature","properties":{},"geometry":{"type":"MultiPolygon","coordinates":[[[[-4.1,-63.5],[-2.9,-63.7],[-1.3,-64],[0.1,-64.5],[-1.9,-64.5],[-3,-64.8],[-3.4,-66.5],[-3,-67.6],[-2.9,-68],[-4.7,-71.3],[-7.9,-72.7],[-8.5,-71.9],[-6.9,-68.5],[-6.6,-65.2],[-4.1,-63.5]]]]}},{"type":"Feature","properties":{},"geometry":{"type":"MultiPolygon","coordinates":[[[[180,-89.2],[-137.2,-87.6],[-121.8,-83.5],[-112.8,-78],[-112.1,-77],[-107.7,-77.2],[-101.1,-78.9],[-97.7,-80.7],[-100.5,-81.5],[-101.6,-82.5],[-99.1,-83.4],[-96.2,-84.3],[-97.3,-84.6],[-96.9,-84.8],[-99,-85.7],[-96.6,-87],[-94.1,-88.7],[46.5,-89.6],[86.3,-89.2],[177.1,-89.2],[180,-89.2]]]]}},{"type":"Feature","properties":{},"geometry":{"type":"MultiPolygon","coordinates":[[[[60.7,-79.6],[55.1,-79.6],[59.8,-78.4],[64.2,-78.4],[59.7,-79],[60.3,-79.6],[60.7,-79.6]]]]}},{"type":"Feature","properties":{},"geometry":{"type":"MultiPolygon","coordinates":[[[[-83.6,-4.6],[-83.7,-3.7],[-83.6,-3.4],[-83.7,-3.2],[-83.6,-2.1],[-83.3,-2.2],[-83.2,-2.5],[-83,-3],[-82.8,-3.5],[-83.1,-3.7],[-83.6,-4.6]]]]}},{"type":"Feature","properties":{},"geometry":{"type":"MultiPolygon","coordinates":[[[[-82.9,-1.7],[-82.5,-2],[-82.4,-1.8],[-82.3,-1.8],[-82.2,-2],[-82.1,-2],[-81.9,-2.1],[-81.7,-2.4],[-82.1,-2.9],[-82.4,-2.9],[-82.7,-2.7],[-83.1,-2.4],[-83,-2.1],[-82.9,-1.7]]]]}},{"type":"Feature","properties":{},"geometry":{"type":"MultiPolygon","coordinates":[[[[-82.3,-4.6],[-82.6,-4.8],[-82.9,-4.1],[-82.3,-4.6]]]]}},{"type":"Feature","properties":{},"geometry":{"type":"MultiPolygon","coordinates":[[[[-82.8,-3.6],[-82.7,-3.9],[-82.9,-3.7],[-82.8,-3.6]]]]}},{"type":"Feature","properties":{},"geometry":{"type":"MultiPolygon","coordinates":[[[[-133.7,-54.1],[-136,-53],[-136.1,-52.9],[-135.7,-52.6],[-135.6,-52.5],[-135,-52.7],[-134.7,-52.6],[-134.4,-52.5],[-134.1,-52.3],[-133.9,-52.3],[-133,-52.3],[-132.3,-52.4],[-132.4,-52.4],[-131.3,-52.3],[-130.9,-52.5],[-130.7,-52.5],[-130.6,-52.5],[-130.5,-52.3],[-130.8,-52.9],[-132.3,-53.2],[-133.5,-53.8],[-133.7,-54.1]]]]}},{"type":"Feature","properties":{},"geometry":{"type":"MultiPolygon","coordinates":[[[[-136.9,-56],[-137.1,-55.7],[-136.7,-56],[-136.4,-56.1],[-136,-56],[-136.7,-56.2],[-136.9,-56]]]]}},{"type":"Feature","properties":{},"geometry":{"type":"MultiPolygon","coordinates":[[[[-135.1,-55.2],[-135.5,-55.7],[-135,-55.2],[-135.1,-55.2]]]]}},{"type":"Feature","properties":{},"geometry":{"type":"MultiPolygon","coordinates":[[[[158.6,-2.6],[155,-0.1],[153,2.4],[153.6,1.7],[154.7,0.9],[154.6,0.6],[155,0.2],[155.1,0.3],[155.2,0.7],[155.3,1.1],[155.6,1.6],[155.8,1.8],[156.2,1.4],[156.3,1.5],[155.9,2.5],[156.3,2.4],[156.5,2.1],[156.8,1.3],[157.3,0.7],[157.7,0.1],[158.1,-0.5],[158.8,-0.6],[158.3,-1],[158.7,-1.7],[158.6,-2.3],[158.6,-2.6]]]]}},{"type":"Feature","properties":{},"geometry":{"type":"MultiPolygon","coordinates":[[[[157.7,2.2],[157.6,1.9],[157.9,1.9],[158.2,1.8],[158,1.6],[158.1,1.4],[157.8,1.3],[157.6,1.4],[157.2,1.9],[156.9,2.8],[157.3,2.7],[157.4,2.6],[157.6,2.4],[157.7,2.2]]]]}},{"type":"Feature","properties":{},"geometry":{"type":"MultiPolygon","coordinates":[[[[96.9,-6.2],[97.4,-6.6],[97.8,-7.5],[97.7,-7.7],[97,-7],[96.9,-6.2]]]]}},{"type":"Feature","properties":{},"geometry":{"type":"MultiPolygon","coordinates":[[[[85.8,-33.5],[85.3,-36.2],[83.7,-41.3],[79.9,-39.4],[82.7,-37.4],[85.8,-33.5]]]]}},{"type":"Feature","properties":{},"geometry":{"type":"MultiPolygon","coordinates":[[[[92.5,-39.8],[95,-41],[94.3,-41.1],[94.7,-41],[94,-41.9],[93.8,-42.5],[93.3,-42.9],[93.1,-43],[92.9,-43.4],[92.3,-44.1],[92.3,-44.4],[92.2,-44.5],[91.7,-44.9],[90.8,-45.5],[90.7,-45.6],[90.2,-46],[89.6,-46.4],[88.8,-46.9],[88.1,-47.4],[87.2,-47.5],[86.4,-47.2],[86,-46.4],[87.8,-45.6],[88.8,-44.9],[89.8,-42.8],[91.4,-39.9],[92.5,-39.8]]]]}},{"type":"Feature","properties":{},"geometry":{"type":"MultiPolygon","coordinates":[[[[91.9,-47.9],[91,-48.2],[87.7,-48.8],[89.6,-48.8],[91.9,-47.9]]]]}},{"type":"Feature","properties":{},"geometry":{"type":"MultiPolygon","coordinates":[[[[91,-31.5],[91,-31.9],[90.7,-33],[90.2,-33.4],[89.3,-34.2],[88.2,-36.1],[87.5,-35.1],[87.2,-33.7],[88.2,-32.4],[91,-31.5]]]]}},{"type":"Feature","properties":{},"geometry":{"type":"MultiPolygon","coordinates":[[[[87.7,-31.2],[91,-31.5],[88.2,-32.4],[87.2,-33.7],[87.5,-35.1],[88.2,-36.1],[86.4,-34.9],[86.8,-32.1],[87.4,-31.5],[87.7,-31.2]]]]}},{"type":"Feature","properties":{},"geometry":{"type":"MultiPolygon","coordinates":[[[[-40.2,-9.2],[-40.1,-9.3],[-39.6,-9.8],[-39.1,-11.8],[-39.5,-14.5],[-39.5,-14.7],[-39.6,-14.7],[-40,-14.7],[-39.9,-14.6],[-39.7,-14.6],[-40,-14.5],[-40.3,-14.5],[-40.2,-14.4],[-40.3,-14.2],[-40.4,-14.2],[-40.3,-13.8],[-40.4,-13.5],[-40.4,-13.4],[-40.4,-13],[-40.2,-12.9],[-40.2,-12.2],[-40.3,-12.3],[-40.4,-12.3],[-40.3,-12],[-40.2,-11.9],[-39.9,-11.9],[-39.9,-11.5],[-39.9,-11.4],[-39.9,-11.1],[-39.7,-11],[-40,-10.9],[-39.9,-10.5],[-40.5,-10.2],[-40.9,-9.4],[-40.6,-9.1],[-40.3,-9.3],[-40.2,-9.2]]]]}},{"type":"Feature","properties":{},"geometry":{"type":"MultiPolygon","coordinates":[[[[-43.6,-9.6],[-43.5,-9.5],[-43.1,-9.4],[-42.5,-9.7],[-42.4,-10.2],[-42.8,-10.4],[-43.4,-10.5],[-43.5,-10.6],[-43.7,-10.1],[-43.7,-9.9],[-43.6,-9.6]]]]}},{"type":"Feature","properties":{},"geometry":{"type":"MultiPolygon","coordinates":[[[[-42.4,-9],[-42.2,-9.1],[-41.8,-8.8],[-41.4,-9.5],[-41.4,-10],[-42,-9.7],[-42.2,-9.6],[-42.4,-9.4],[-42.6,-9.1],[-42.4,-9]]]]}},{"type":"Feature","properties":{},"geometry":{"type":"MultiPolygon","coordinates":[[[[-44.6,-9.3],[-44.1,-9.3],[-43.8,-10.3],[-44,-10.3],[-44.2,-10.2],[-44.5,-9.9],[-44.7,-9.8],[-44.8,-9.4],[-44.6,-9.3]]]]}},{"type":"Feature","properties":{},"geometry":{"type":"MultiPolygon","coordinates":[[[[-43.7,-10.3],[-43.8,-10.8],[-43.9,-10.7],[-43.7,-10.3]]]]}},{"type":"Feature","properties":{},"geometry":{"type":"MultiPolygon","coordinates":[[[[-40.3,-11.5],[-40.1,-11.6],[-40.3,-11.6],[-40.3,-11.5]]]]}},{"type":"Feature","properties":{},"geometry":{"type":"MultiPolygon","coordinates":[[[[-41.6,-14.9],[-41.3,-15.1],[-41.5,-15.1],[-41.6,-14.9]]]]}},{"type":"Feature","properties":{},"geometry":{"type":"MultiPolygon","coordinates":[[[[-40.3,-14.2],[-40.2,-14.3],[-40.3,-14.3],[-40.3,-14.2]]]]}},{"type":"Feature","properties":{},"geometry":{"type":"MultiPolygon","coordinates":[[[[-91.6,-14],[-91.5,-14.1],[-91.7,-14],[-91.6,-14]]]]}},{"type":"Feature","properties":{},"geometry":{"type":"MultiPolygon","coordinates":[[[[-88.4,-20.8],[-89.2,-21.3],[-89.3,-21.3],[-89.8,-21.5],[-90.4,-21.5],[-90.4,-21.4],[-90.4,-20.6],[-90.3,-20.3],[-90.4,-20.1],[-90.6,-20.3],[-90.4,-20],[-90.8,-20.9],[-90.8,-20.5],[-90.8,-20.2],[-90.8,-20.1],[-90.8,-19.9],[-90.7,-19.8],[-90.7,-19.6],[-90.7,-19.4],[-90.8,-19.6],[-90.9,-19.4],[-91,-19.3],[-90.9,-19],[-90.9,-18.9],[-91,-18.7],[-90.9,-18.4],[-90.7,-18.4],[-90.7,-18.1],[-90.6,-17.9],[-90.6,-17.8],[-90.4,-17.7],[-90.2,-17.7],[-89.8,-17.6],[-89.6,-17.9],[-90,-18.5],[-90.1,-18.6],[-90.2,-18.8],[-89.4,-18.6],[-88.8,-18.9],[-89.1,-19.7],[-89.3,-19.9],[-89.5,-20.2],[-89.1,-20.2],[-88.4,-20.8]]]]}},{"type":"Feature","properties":{},"geometry":{"type":"MultiPolygon","coordinates":[[[[-92.8,-23.6],[-93.2,-23.7],[-93.5,-23.7],[-93.3,-23.3],[-93,-23.1],[-93.4,-23],[-93.6,-22.9],[-93.6,-22.8],[-93.6,-22.5],[-93.5,-22.3],[-93.6,-22.2],[-93.7,-22],[-93.4,-22],[-93,-22.1],[-92.6,-22],[-92.4,-21.8],[-92.6,-21.7],[-92.6,-21.5],[-92.5,-21.3],[-92.4,-21.2],[-92.1,-21.2],[-92,-21.2],[-91.8,-21],[-91.7,-21.3],[-90.9,-21.5],[-90.7,-22],[-90.8,-22],[-91.1,-22.3],[-91.2,-22.5],[-91.3,-22.7],[-92.1,-23.4],[-92.8,-23.6]]]]}},{"type":"Feature","properties":{},"geometry":{"type":"MultiPolygon","coordinates":[[[[-91.2,-18],[-91.3,-18.2],[-91.5,-18.4],[-91.6,-18.4],[-91.6,-18.3],[-91.6,-18.2],[-91.2,-17.8],[-91.2,-18]]]]}},{"type":"Feature","properties":{},"geometry":{"type":"MultiPolygon","coordinates":[[[[-91.2,-18.7],[-90.9,-19],[-91.1,-19.1],[-91.4,-19],[-91.4,-18.9],[-91.3,-18.6],[-91.2,-18.7]]]]}},{"type":"Feature","properties":{},"geometry":{"type":"MultiPolygon","coordinates":[[[[-88.7,-15.5],[-88.6,-15.7],[-88.6,-16],[-88.7,-16.2],[-88.9,-15.9],[-88.7,-15.8],[-88.8,-15.6],[-88.7,-15.5]]]]}},{"type":"Feature","properties":{},"geometry":{"type":"MultiPolygon","coordinates":[[[[-90.9,-19.8],[-91,-19.9],[-91.1,-19.8],[-91.1,-19.7],[-90.9,-19.8]]]]}},{"type":"Feature","properties":{},"geometry":{"type":"MultiPolygon","coordinates":[[[[-91.2,-20.4],[-91.4,-20.6],[-91.3,-20.5],[-91.2,-20.4]]]]}},{"type":"Feature","properties":{},"geometry":{"type":"MultiPolygon","coordinates":[[[[-89.5,-17.1],[-89.4,-17.3],[-89.5,-17.4],[-89.7,-17.3],[-89.5,-17.1]]]]}},{"type":"Feature","properties":{},"geometry":{"type":"MultiPolygon","coordinates":[[[[100.2,-62.8],[100.3,-62.9],[98.6,-63.3],[97.6,-63.6],[93.1,-63.4],[89.7,-63],[91.3,-62.9],[92.4,-62.9],[93.4,-62.9],[94.8,-62.8],[96.2,-62.7],[99.1,-62.8],[100.2,-62.8]]]]}},{"type":"Feature","properties":{},"geometry":{"type":"MultiPolygon","coordinates":[[[[113.6,-12.5],[113.8,-13.8],[114.5,-15.3],[114.6,-17.5],[114.4,-18.9],[113.8,-21.7],[112.8,-24.4],[111,-26],[109,-28.2],[105.3,-29.9],[102.9,-31.9],[102.5,-32.4],[103,-31.3],[102.8,-30.7],[107,-28.5],[108.6,-27.9],[110.4,-26.7],[111.2,-25.2],[112.1,-24],[113.2,-22.4],[114.2,-19.5],[114.4,-16.3],[113.9,-14.5],[113.1,-12.8],[113.6,-12.5]]]]}},{"type":"Feature","properties":{},"geometry":{"type":"MultiPolygon","coordinates":[[[[-61.6,-45.5],[-58.3,-46.5],[-58.2,-46.6],[-58.4,-46.8],[-58.8,-47.4],[-59.4,-47.7],[-60.2,-48.5],[-60.4,-48.4],[-63,-47.7],[-64.3,-47],[-65.2,-46.3],[-65,-46],[-64.8,-45.6],[-64.5,-45.4],[-63.8,-45],[-61.8,-45.4],[-61.6,-45.5]]]]}},{"type":"Feature","properties":{},"geometry":{"type":"MultiPolygon","coordinates":[[[[54.1,-79.2],[56.3,-80.7],[53,-80.9],[52.4,-79.4],[54.1,-79.2]]]]}},{"type":"Feature","properties":{},"geometry":{"type":"MultiPolygon","coordinates":[[[[46.9,-85.5],[49.1,-84.7],[48,-85.2],[46.9,-85.5]]]]}},{"type":"Feature","properties":{},"geometry":{"type":"MultiPolygon","coordinates":[[[[43.3,-85.3],[35,-85.8],[34.3,-85.5],[34.6,-85.1],[36.8,-84.8],[42.2,-84.4],[43.3,-85.3]]]]}},{"type":"Feature","properties":{},"geometry":{"type":"MultiPolygon","coordinates":[[[[25.8,-85.9],[20.2,-86.2],[9.3,-86.1],[12.5,-85.7],[24.4,-85.7],[25.8,-85.9]]]]}},{"type":"Feature","properties":{},"geometry":{"type":"MultiPolygon","coordinates":[[[[19.1,-86.4],[36.8,-85.7],[35.7,-86.5],[23.6,-87.2],[13.7,-87.4],[11.4,-87.2],[15,-86.9],[19.6,-86.6],[19.2,-86.4],[19.1,-86.4]]]]}},{"type":"Feature","properties":{},"geometry":{"type":"MultiPolygon","coordinates":[[[[-31.7,-86.9],[-36.9,-87.2],[-40.9,-86.9],[-33.9,-86.6],[-31.7,-86.9]]]]}},{"type":"Feature","properties":{},"geometry":{"type":"MultiPolygon","coordinates":[[[[-16.9,-87.1],[-18.5,-87.3],[-21.1,-86.9],[-16.9,-87.1]]]]}},{"type":"Feature","properties":{},"geometry":{"type":"MultiPolygon","coordinates":[[[[40.7,-87.9],[-28.8,-88],[-22.7,-88.1],[6.3,-88],[26.3,-87.9],[40.3,-87.9],[40.7,-87.9]]]]}},{"type":"Feature","properties":{},"geometry":{"type":"MultiPolygon","coordinates":[[[[-83.5,-86.7],[-83.7,-86],[-80.4,-86.2],[-83.5,-86.7]]]]}},{"type":"Feature","properties":{},"geometry":{"type":"MultiPolygon","coordinates":[[[[-72.1,-88.2],[-87.5,-88],[-71.6,-88.1],[-72.1,-88.2]]]]}},{"type":"Feature","properties":{},"geometry":{"type":"MultiPolygon","coordinates":[[[[130.9,10.6],[131,10.6],[131.1,10.5],[131.2,10.5],[131.2,10.3],[131.1,10.3],[130.9,10.4],[130.8,10.5],[130.9,10.6]]]]}},{"type":"Feature","properties":{},"geometry":{"type":"MultiPolygon","coordinates":[[[[107.6,22.7],[107.9,22.8],[108,22.9],[108.3,23],[108.4,23],[108.7,22.9],[108.7,23],[108.8,22.9],[109.1,22.8],[109.6,22.7],[109.7,22.7],[109.8,22.7],[109.8,22.6],[109.9,22.5],[110.6,22.6],[110.7,22.8],[110.8,22.7],[111,22.7],[111.2,22.7],[111.3,22.6],[111.5,22.6],[111.6,22.5],[111.8,22.4],[111.9,22.3],[112,22.3],[112.1,22.3],[112.4,22.4],[112.5,22.4],[112.6,22.3],[112.7,22.2],[112.8,22.2],[112.8,22.1],[112.8,22],[112.8,21.9],[112.8,21.8],[112.8,21.7],[112.8,21.5],[112.8,21.4],[112.8,21.3],[112.8,21.2],[112.8,21.1],[112.8,21],[112.8,20.9],[112.8,20.8],[112.8,20.7],[112.7,20.6],[112.7,20.5],[112.7,20.4],[112.6,20.4],[112.6,20.3],[112.6,20.2],[112.5,20.2],[112.5,20.1],[112.5,20.2],[112.4,20.2],[112.4,20.3],[112.4,20.4],[112.3,20.5],[112.3,20.6],[112.3,20.7],[112.3,20.8],[112.2,20.8],[112.2,20.9],[112.1,21],[112.1,21.1],[112,21.2],[112,21.3],[111.9,21.3],[111.9,21.4],[111.8,21.5],[111.8,21.6],[111.7,21.7],[111.7,21.8],[111.6,21.9],[111.5,21.9],[111.4,21.9],[111.4,21.8],[111.3,21.8],[111.2,21.8],[111.1,21.7],[111,21.7],[110.9,21.6],[110.8,21.6],[110.8,21.5],[110.7,21.5],[110.6,21.5],[110.5,21.5],[110.5,21.4],[110.4,21.4],[110.3,21.4],[110.3,21.3],[110.2,21.3],[110.1,21.3],[109.9,21.2],[109.7,21.3],[109.6,21.3],[109.5,21.3],[109.4,21.3],[109.4,21.4],[109.3,21.4],[109.2,21.4],[109.2,21.5],[109.1,21.5],[109,21.6],[108.9,21.6],[108.8,21.6],[108.7,21.6],[108.6,21.7],[108.5,21.8],[108.4,21.9],[108.3,22],[107.8,22.3],[107.5,22.4],[107.4,22.6],[107.3,22.7],[107.6,22.7]]]]}},{"type":"Feature","properties":{},"geometry":{"type":"MultiPolygon","coordinates":[[[[-93.5,-42.5],[-91,-43],[-91,-43.3],[-90.9,-43.6],[-90.6,-43.8],[-90,-44.5],[-89.6,-44.9],[-89.6,-45.2],[-89.9,-45.1],[-90.3,-44.8],[-90.5,-44.9],[-90.7,-44.8],[-91.2,-44.8],[-91.3,-44.7],[-91.6,-44.5],[-91.7,-44.5],[-92,-44.4],[-92.4,-44.5],[-92.5,-44.3],[-92.6,-44.2],[-92.8,-44.1],[-93,-44.1],[-93.4,-44.2],[-93.8,-44.2],[-94,-44.2],[-94.2,-44.2],[-94.4,-44.1],[-94.7,-43.9],[-94.7,-43.7],[-94.7,-43.5],[-93.8,-43.1],[-93.6,-43.2],[-93.5,-43.2],[-92,-43.4],[-92.1,-43.8],[-92.2,-43.3],[-91.8,-43.2],[-91.4,-43.2],[-91.5,-42.9],[-93.1,-42.7],[-93.5,-42.5]]]]}},{"type":"Feature","properties":{},"geometry":{"type":"MultiPolygon","coordinates":[[[[-101,-41.3],[-98.6,-41.4],[-98.6,-41.6],[-99.1,-41.5],[-99.1,-41.7],[-99.3,-42],[-99,-42.2],[-99.3,-42.5],[-99.7,-42.1],[-100,-42],[-99.9,-41.8],[-100,-41.6],[-100.4,-41.7],[-100.8,-41.4],[-101,-41.3]]]]}},{"type":"Feature","properties":{},"geometry":{"type":"MultiPolygon","coordinates":[[[[-83.6,-45.7],[-83.4,-45.7],[-81.3,-45.3],[-81.3,-45.5],[-81.4,-45.6],[-81.7,-45.7],[-81.3,-45.8],[-80.9,-45.8],[-81,-45.9],[-81.7,-46],[-81.9,-46.3],[-82,-46.5],[-81.1,-46.3],[-81.6,-46.6],[-81.6,-46.8],[-81,-46.6],[-81.6,-47.2],[-82.2,-47.5],[-82.6,-47.4],[-82.4,-47.1],[-82.1,-46.8],[-82.5,-46.7],[-82.3,-46.6],[-82,-46.1],[-82.9,-46.3],[-83,-46.2],[-83.6,-46.4],[-83.9,-46.4],[-84,-46.1],[-83,-46],[-83.3,-45.8],[-83.4,-45.9],[-83.7,-45.8],[-83.6,-45.7]]]]}},{"type":"Feature","properties":{},"geometry":{"type":"MultiPolygon","coordinates":[[[[-89.6,-44.6],[-89.2,-45],[-88.2,-44.9],[-87.9,-45.1],[-88.1,-45.3],[-89.2,-45.1],[-89.6,-44.9],[-89.6,-44.6]]]]}},{"type":"Feature","properties":{},"geometry":{"type":"MultiPolygon","coordinates":[[[[-89.9,-43.9],[-90,-44],[-90.3,-43.6],[-89.9,-43.9]]]]}},{"type":"Feature","properties":{},"geometry":{"type":"MultiPolygon","coordinates":[[[[-87.9,-43.2],[-88.4,-43.3],[-88.5,-43.3],[-87.9,-43.2]]]]}},{"type":"Feature","properties":{},"geometry":{"type":"MultiPolygon","coordinates":[[[[-91.6,-40.7],[-91.9,-40.9],[-92.2,-40.8],[-93,-40.7],[-94.6,-40.6],[-94.4,-40.5],[-94.4,-40.4],[-94.6,-40.3],[-94.7,-40.2],[-95,-40.2],[-95.1,-40.1],[-95.2,-40],[-95.2,-39.8],[-95.2,-39.7],[-95.5,-39.5],[-95.6,-39.3],[-95.8,-39.1],[-95.8,-39],[-96.3,-38.7],[-96.2,-38.6],[-95.3,-39.1],[-94.6,-39.5],[-93.5,-40],[-92.1,-40.2],[-91.9,-40.4],[-91.6,-40.7]]]]}},{"type":"Feature","properties":{},"geometry":{"type":"MultiPolygon","coordinates":[[[[-99.9,-36.4],[-102,-35.4],[-102,-35],[-102.3,-35],[-102.7,-35],[-102.8,-34.9],[-102.9,-34.8],[-103,-34.6],[-103.1,-34.7],[-103.3,-34.6],[-103.2,-34.4],[-103.3,-34.3],[-103.6,-34.3],[-103.2,-34],[-102.1,-34.5],[-100.2,-35.2],[-99.4,-35.6],[-99.6,-35.7],[-99.9,-36],[-99.9,-36.3],[-99.9,-36.4]]]]}},{"type":"Feature","properties":{},"geometry":{"type":"MultiPolygon","coordinates":[[[[-104,-34],[-104.1,-33.9],[-104.1,-33.7],[-104.2,-33.6],[-103.2,-34],[-103.9,-34],[-104,-34]]]]}},{"type":"Feature","properties":{},"geometry":{"type":"MultiPolygon","coordinates":[[[[-105.9,-33.3],[-105.2,-33.1],[-105,-33.4],[-105.9,-33.3]]]]}},{"type":"Feature","properties":{},"geometry":{"type":"MultiPolygon","coordinates":[[[[-97.6,-38.4],[-98.2,-38.6],[-98.8,-38.4],[-98.9,-38.5],[-99,-38.6],[-99,-38.1],[-97.6,-38.4]]]]}},{"type":"Feature","properties":{},"geometry":{"type":"MultiPolygon","coordinates":[[[[-98.2,-38.8],[-99,-38.7],[-98.8,-38.6],[-98.2,-38.7],[-98.2,-38.8]]]]}},{"type":"Feature","properties":{},"geometry":{"type":"MultiPolygon","coordinates":[[[[-99.3,-37.5],[-99.3,-37],[-99.6,-36.8],[-99.6,-36.3],[-99.4,-36],[-99.3,-36.2],[-99.4,-36.4],[-99.2,-36.6],[-99.2,-37],[-99,-37.2],[-99.1,-37.4],[-99.2,-37.4],[-99.3,-37.5]]]]}},{"type":"Feature","properties":{},"geometry":{"type":"MultiPolygon","coordinates":[[[[-118.5,-64.8],[-117.5,-65.7],[-117.2,-66.1],[-118.7,-65.9],[-119.2,-65.7],[-119.6,-65.5],[-120.3,-65.2],[-118.9,-64.8],[-118.5,-64.8]]]]}},{"type":"Feature","properties":{},"geometry":{"type":"MultiPolygon","coordinates":[[[[-119.3,-64.2],[-118.5,-64.8],[-120.6,-65],[-121.1,-64.9],[-121.3,-65],[-122,-64.9],[-122.6,-64.6],[-123.6,-64.2],[-123.3,-64.2],[-123.1,-64.2],[-122.5,-64.4],[-122.2,-64.3],[-121.8,-64.3],[-121.6,-64.3],[-121.2,-64.1],[-120.8,-64.2],[-120.6,-64.4],[-120.4,-64.1],[-120.1,-64.2],[-120.2,-64.2],[-120.1,-64.1],[-119.6,-64.3],[-119.3,-64.2]]]]}},{"type":"Feature","properties":{},"geometry":{"type":"MultiPolygon","coordinates":[[[[-120.8,-63.3],[-119.8,-63.9],[-121.2,-64],[-121.3,-63.7],[-120.9,-63.4],[-120.8,-63.3]]]]}},{"type":"Feature","properties":{},"geometry":{"type":"MultiPolygon","coordinates":[[[[-140.9,-57],[-140.7,-56.7],[-139.3,-56.2],[-137.7,-56],[-135.9,-55.9],[-135.2,-56],[-134,-55.7],[-132.9,-55.3],[-132.9,-55.1],[-133,-54.6],[-132.4,-54.2],[-132.2,-54.2],[-131.9,-54.2],[-131.7,-54.1],[-131,-53.8],[-130.8,-53.6],[-130.5,-53.2],[-130.5,-53.1],[-130.4,-52.9],[-130.4,-52.7],[-130.3,-52.6],[-129.7,-52.4],[-129.7,-51.9],[-129.4,-51.4],[-129.3,-51.3],[-126.9,-49.7],[-127.5,-51.6],[-128,-53.1],[-128.1,-55.1],[-127.7,-59.4],[-123,-62.3],[-120.9,-63.2],[-121.6,-63.8],[-122.9,-63.9],[-122.5,-63.7],[-123.1,-63.8],[-123.5,-63.7],[-123.5,-63.6],[-123.6,-63.5],[-124,-63.5],[-124.6,-63.7],[-127.3,-64],[-125.6,-63.9],[-125.7,-63.9],[-125.8,-63.7],[-126.3,-63.6],[-126,-63.2],[-126.6,-63.5],[-126.9,-63.9],[-127.6,-63.8],[-127.8,-63.3],[-127.4,-63.2],[-127.2,-62.8],[-128,-63],[-128.1,-62.8],[-128.6,-63.1],[-128.5,-63.2],[-129.1,-63],[-128.9,-62.8],[-128.8,-62.5],[-129,-62.2],[-129.9,-61.5],[-130.6,-60.4],[-130.8,-60.2],[-130.9,-59.6],[-131,-59.4],[-131.1,-59.2],[-130.9,-58.8],[-131.5,-58.8],[-131.8,-58.5],[-131.8,-58.4],[-132.1,-58.3],[-132.3,-58.2],[-132.4,-58.2],[-132.6,-58],[-133,-57.9],[-132.9,-57.8],[-133.1,-57.7],[-133.6,-57.7],[-133.9,-57.6],[-138.1,-57.4],[-138,-57.2],[-140.2,-57],[-140.9,-57]]]]}},{"type":"Feature","properties":{},"geometry":{"type":"MultiPolygon","coordinates":[[[[-116.4,-24.5],[-114.3,-25.6],[-112.6,-26.1],[-109.9,-26.9],[-111.2,-27.7],[-115.9,-25.3],[-116.4,-24.5]]]]}},{"type":"Feature","properties":{},"geometry":{"type":"MultiPolygon","coordinates":[[[[-94.6,-39.5],[-95.3,-39.1],[-94.3,-39.2],[-93.3,-39.5],[-94.6,-39.5]]]]}},{"type":"Feature","properties":{},"geometry":{"type":"MultiPolygon","coordinates":[[[[-92.1,-40.2],[-93.5,-40],[-94.6,-39.5],[-92.8,-39.5],[-92.5,-39.6],[-92.5,-39.7],[-92.6,-39.8],[-92.4,-39.7],[-92.3,-39.8],[-92.7,-39.9],[-92.4,-40.1],[-92.1,-40.1],[-92.1,-40.2]]]]}},{"type":"Feature","properties":{},"geometry":{"type":"MultiPolygon","coordinates":[[[[-92.1,-39.9],[-91.9,-40],[-92.2,-39.9],[-92.1,-39.9]]]]}},{"type":"Feature","properties":{},"geometry":{"type":"MultiPolygon","coordinates":[[[[10.9,-20],[13.8,-19.8],[13,-21.6],[10.9,-21.8],[8,-21.4],[8.6,-19.5],[10.4,-20],[10.9,-20]]]]}},{"type":"Feature","properties":{},"geometry":{"type":"MultiPolygon","coordinates":[[[[5.8,-17.5],[8.3,-18.2],[6.9,-19.4],[4.7,-18],[5.8,-17.5]]]]}},{"type":"Feature","properties":{},"geometry":{"type":"MultiPolygon","coordinates":[[[[9.6,-15.4],[11.3,-16.7],[13.3,-17],[13.6,-17.1],[11.7,-18],[10.3,-17.7],[8.6,-15.8],[9.6,-15.4]]]]}},{"type":"Feature","properties":{},"geometry":{"type":"MultiPolygon","coordinates":[[[[10.6,-21.8],[12.8,-21.7],[14.1,-22.9],[13.1,-24.8],[9.4,-25.1],[6.1,-24.6],[8.1,-22.2],[10.2,-21.9],[10.6,-21.8]]]]}},{"type":"Feature","properties":{},"geometry":{"type":"MultiPolygon","coordinates":[[[[107.4,22.5],[107.7,22.3],[107.8,22.3],[107.9,22.2],[108.3,22],[108.4,21.9],[108.4,21.8],[108.5,21.7],[108.7,21.7],[108.8,21.6],[108.9,21.6],[109,21.6],[109,21.5],[109.1,21.5],[109.2,21.5],[109.2,21.4],[109.3,21.4],[109.4,21.4],[109.5,21.3],[109.6,21.3],[109.8,21.2],[110.1,21.3],[110.2,21.3],[110.3,21.3],[110.4,21.4],[110.5,21.4],[110.5,21.5],[110.6,21.5],[110.7,21.5],[110.8,21.6],[110.9,21.6],[111,21.6],[111,21.7],[111.1,21.7],[111.2,21.8],[111.3,21.8],[111.4,21.8],[111.5,21.9],[111.6,21.9],[111.7,21.8],[111.7,21.7],[111.8,21.6],[111.8,21.5],[111.9,21.5],[111.9,21.4],[111.9,21.3],[112,21.3],[112,21.2],[112.1,21.1],[112.1,21],[112.2,21],[112.2,20.9],[112.2,20.8],[112.3,20.7],[112.3,20.6],[112.3,20.5],[112.4,20.5],[112.4,20.4],[112.4,20.3],[112.4,20.2],[112.5,20.2],[112.5,20.1],[113.1,20.2],[113.5,20.4],[113.4,20.4],[113.4,20.3],[113.4,20.2],[113.5,20.1],[113.5,20],[113.5,19.9],[113.6,19.9],[113.6,19.8],[113.8,19.6],[113.9,19.6],[114.1,19.4],[114.2,19.2],[114.3,19.2],[114.3,19.1],[114.4,19.1],[114.6,18.8],[114.6,18.7],[114.7,18.6],[114.7,18.5],[114.8,18.5],[114.8,18.4],[114.8,18.3],[114.8,18.2],[114.8,18.1],[114.8,18],[114.9,18],[114.9,17.9],[114.9,17.8],[115,17.7],[115.1,17.7],[115.1,17.6],[115.2,17.6],[115.2,17.5],[115.3,17.5],[115.3,17.4],[115.3,17.3],[115.4,17.3],[115.4,17.2],[115.4,17.1],[115.4,17],[115.5,17],[115.5,16.9],[115.5,16.8],[115.5,16.7],[115.5,16.6],[115.5,16.5],[115.5,16.4],[115.5,16.3],[115.5,16.2],[115.6,16.1],[115.6,16],[115.6,15.9],[115.7,15.8],[115.7,15.7],[115.7,15.6],[115.7,15.5],[115.8,15.5],[115.8,15.4],[115.8,15.3],[115.8,15.2],[115.9,15.2],[115.9,15.1],[115.8,15.1],[115.8,15],[115.8,14.9],[115.8,14.8],[115.8,14.7],[115.7,14.7],[115.7,14.6],[115.6,14.6],[115.5,14.6],[115.4,14.7],[115.3,14.7],[115.2,14.7],[115.1,14.7],[115,14.6],[114.9,14.6],[114.8,14.6],[114.7,14.6],[114.7,14.7],[114.6,14.7],[114.5,14.7],[114.4,14.7],[114.3,14.7],[114.2,14.7],[114.1,14.7],[114,14.7],[113.9,14.7],[113.8,14.7],[113.7,14.7],[113.6,14.7],[113.5,14.7],[113.4,14.7],[113.3,14.7],[113.3,14.8],[113.2,14.8],[113.1,14.8],[113,14.8],[112.9,14.9],[112.8,14.9],[112.8,15],[112.7,15],[112.7,15.1],[112.6,15.1],[112.6,15.2],[112.6,15.3],[112.5,15.3],[112.4,15.3],[112.3,15.3],[112.2,15.4],[112.1,15.4],[112,15.4],[112,15.5],[112,15.4],[111.9,15.4],[111.9,15.3],[111.8,15.3],[111.8,15.4],[111.7,15.4],[111.6,15.4],[111.6,15.5],[111.5,15.5],[111.4,15.5],[111.3,15.5],[111.2,15.5],[111.1,15.5],[111,15.5],[111,15.6],[111.1,15.6],[111.1,15.7],[111,15.7],[110.9,15.7],[110.8,15.7],[110.7,15.7],[110.7,15.8],[110.8,15.8],[110.7,15.8],[110.6,15.8],[110.5,15.8],[110.5,15.9],[110.4,15.9],[110.3,15.9],[110.2,16],[110.1,16.1],[110.1,16.2],[110,16.3],[109.9,16.4],[109.9,16.5],[109.9,16.6],[109.9,16.7],[109.9,16.8],[109.8,16.9],[109.8,17],[109.7,17],[109.7,17.1],[109.6,17.2],[109.6,17.3],[109.5,17.3],[109.5,17.4],[109.5,17.5],[109.4,17.5],[109.4,17.6],[109.4,17.7],[109.2,18.1],[109.1,18],[109.1,17.9],[109,18.2],[107.8,19.2],[106.2,20.1],[105.4,20.5],[105,20.5],[104.9,20.9],[104.7,20.9],[104.6,20.8],[104.3,20.9],[104.2,21.2],[103.9,21.3],[103.7,21.5],[103.2,21.9],[103.3,22],[103.4,22.3],[104.5,22.3],[105,22.2],[105.6,22.3],[106.8,22],[107.3,22.3],[107.4,22.5]]]]}},{"type":"Feature","properties":{},"geometry":{"type":"MultiPolygon","coordinates":[[[[100.9,13.8],[101,13.7],[101.1,13.7],[101.2,13.7],[101.3,13.7],[101.3,13.6],[101.4,13.6],[101.4,13.5],[101.5,13.5],[101.5,13.4],[101.5,13.3],[101.5,13.2],[101.5,13.1],[101.6,13.1],[101.6,13],[101.7,13],[101.7,12.9],[101.8,12.9],[101.8,12.8],[101.7,12.7],[101.7,12.6],[101.7,12.5],[101.8,12.5],[101.8,12.4],[101.9,12.3],[102,12.3],[102,12.2],[102.1,12.2],[102.1,12.3],[102.2,12.3],[102.2,12.2],[102.3,12.2],[102.4,12.1],[102.5,12],[102.6,11.9],[102.6,12],[102.7,12],[102.8,12],[102.8,12.1],[102.9,12.1],[103,12.1],[103.1,12.1],[103.2,12.1],[103.3,12.1],[103.3,12],[103.4,12],[103.5,12],[103.5,11.9],[103.4,11.9],[103.5,11.9],[103.6,11.9],[103.6,12],[103.7,12],[103.8,12],[103.9,12],[103.9,11.9],[104.4,12.3],[105.4,11.6],[105.8,11.4],[105.9,11.5],[106,11.5],[106,11.4],[106.1,11.4],[106.1,11.5],[106.2,11.5],[106.2,11.6],[106.2,11.7],[106.3,11.7],[106.4,11.7],[106.7,11.7],[106.8,11.8],[106.9,11.8],[107,11.8],[107.1,11.8],[107.2,11.8],[107.2,11.7],[107.3,11.7],[107.4,11.7],[107.5,11.7],[107.6,11.7],[107.5,11.7],[107.5,11.6],[107.6,11.5],[107.7,11.5],[107.8,11.5],[107.9,11.6],[108,11.6],[108.1,11.6],[108.2,11.6],[108.3,11.7],[108.4,11.7],[108.4,11.8],[108.5,11.8],[108.5,11.9],[108.5,12],[108.6,12.1],[108.6,12.2],[108.6,12.3],[108.6,12.4],[108.6,12.5],[108.5,12.5],[108.4,12.5],[108.3,12.5],[108.2,12.5],[108.2,12.6],[108.3,12.7],[108.3,12.8],[108.3,12.9],[108.3,13],[108.2,13],[108.2,13.1],[108.1,13.2],[108,13.3],[107.9,13.4],[107.9,13.5],[107.9,13.6],[107.8,13.6],[107.8,13.7],[107.8,13.8],[107.8,13.9],[107.8,14],[107.8,14.1],[107.8,14.2],[107.8,14.3],[107.9,14.4],[107.9,14.5],[108,14.5],[108,14.6],[108.1,14.7],[108.1,14.9],[108.2,14.9],[108.2,15],[108.2,15.1],[108.2,15.2],[108.2,15.3],[108.2,15.4],[108.3,15.5],[108.3,15.6],[108.3,15.7],[108.3,15.8],[108.3,15.9],[108.4,16],[108.4,16.1],[108.4,16.2],[108.4,16.3],[108.5,16.3],[108.5,16.4],[108.5,16.5],[108.5,16.6],[108.6,16.6],[108.6,16.7],[108.7,16.8],[108.7,16.9],[108.8,17],[108.8,17.1],[108.9,17.1],[108.9,17.2],[109,17.3],[109,17.4],[109,17.5],[109.1,17.9],[109.1,18],[109.1,18.1],[109.2,18.1],[109.4,17.6],[109.5,17.5],[109.5,17.4],[109.5,17.3],[109.6,17.3],[109.6,17.2],[109.7,17.1],[109.7,17],[109.8,17],[109.8,16.9],[109.9,16.9],[109.9,16.8],[109.9,16.7],[109.9,16.6],[109.9,16.5],[109.9,16.4],[110,16.3],[110.1,16.2],[110.1,16.1],[110.2,16],[110.3,16],[110.3,15.9],[110.4,15.9],[110.5,15.9],[110.5,15.8],[110.6,15.8],[110.7,15.8],[110.8,15.8],[110.7,15.8],[110.7,15.7],[110.8,15.7],[110.9,15.7],[111,15.7],[111.1,15.7],[111.1,15.6],[111,15.6],[111,15.5],[111.1,15.5],[111.2,15.5],[111.3,15.5],[111.4,15.5],[111.5,15.5],[111.6,15.5],[111.6,15.4],[111.7,15.4],[111.8,15.4],[111.8,15.3],[111.9,15.3],[111.9,15.4],[112,15.4],[112,15.5],[112,15.4],[112.1,15.4],[112.2,15.4],[112.3,15.4],[112.3,15.3],[112.4,15.3],[112.5,15.3],[112.6,15.2],[112.6,15.1],[112.7,15.1],[112.7,15],[112.8,15],[112.8,14.9],[112.9,14.9],[112.9,14.8],[113,14.8],[113.1,14.8],[113.2,14.8],[113.3,14.8],[113.3,14.7],[113.4,14.7],[113.5,14.7],[113.6,14.7],[113.7,14.7],[113.8,14.7],[113.9,14.7],[114,14.7],[114.1,14.7],[114.2,14.7],[114.3,14.7],[114.4,14.7],[114.5,14.7],[114.6,14.7],[114.7,14.7],[114.7,14.6],[114.8,14.6],[114.9,14.6],[115,14.6],[115,14.7],[115.1,14.7],[115.2,14.7],[115.3,14.7],[115.4,14.7],[115.4,14.6],[115.5,14.6],[115.6,14.6],[115.7,14.6],[115.7,14.7],[115.8,14.7],[115.8,14.6],[115.8,14.3],[115.9,14.2],[115.8,14.2],[115.8,14.1],[115.8,14],[115.8,13.9],[115.7,13.9],[115.7,13.8],[115.7,13.7],[115.6,13.7],[115.6,13.6],[115.6,13.5],[115.5,13.4],[115.5,13.3],[115.4,13.3],[115.4,13.2],[115.3,13.2],[115.3,13.1],[115.2,13.1],[115.2,13],[115.1,13],[115.1,12.9],[115,12.9],[114.9,12.8],[114.8,12.7],[114.7,12.7],[114.7,12.6],[114.6,12.6],[114.6,12.5],[114.5,12.5],[114.4,12.5],[114.3,12.4],[114.2,12.4],[114.2,12.3],[114.1,12.3],[114.1,12.2],[114,12.2],[113.9,12.1],[113.8,12.1],[113.8,12],[113.7,12],[113.6,11.9],[113.7,11.9],[113.8,11.9],[113.8,11.8],[113.9,11.8],[114,11.8],[114.1,11.7],[114.2,11.7],[114.2,11.6],[114.3,11.6],[114.4,11.6],[114.4,11.5],[114.5,11.5],[114.6,11.5],[114.6,11.4],[114.7,11.4],[114.8,11.4],[114.8,11.3],[114.8,11.2],[114.8,11.1],[114.8,11],[114.8,10.9],[114.7,10.8],[114.6,10.8],[114.5,10.7],[114.4,10.7],[114.3,10.7],[114.2,10.6],[114.1,10.6],[114,10.6],[113.9,10.6],[113.8,10.5],[113.7,10.5],[113.6,10.5],[113.5,10.5],[113.5,10.4],[113.5,10.3],[113.5,10.2],[113.6,10.2],[113.7,10.1],[113.7,10],[113.7,9.9],[113.7,9.8],[113.7,9.7],[113.8,9.6],[113.8,9.5],[113.8,9.4],[113.9,9.4],[113.9,9.3],[113.9,9.2],[114,9.2],[114,9.1],[114,9],[114.1,8.9],[114.1,8.8],[114.1,8.7],[114,8.7],[114,8.6],[114,8.5],[114,8.4],[114,8.3],[114,8.2],[113.9,8.2],[113.9,8.1],[113.8,8],[113.8,7.9],[113.7,7.8],[113.7,7.7],[113.6,7.6],[113.6,7.5],[113.5,7.5],[113.5,7.4],[113.5,7.3],[113.5,7.2],[113.4,7.2],[113.4,7.1],[113.4,7],[113.4,6.9],[113.4,6.8],[113.3,6.8],[113.3,6.7],[113.3,6.6],[113.2,6.5],[113.2,6.4],[113.1,6.4],[113.1,6.3],[113,6.3],[113,6.2],[112.9,6.1],[112.8,6],[112.7,6],[112.7,5.9],[112.6,5.9],[112.5,5.8],[112.4,5.7],[112.3,5.7],[112.3,5.6],[112.2,5.6],[112.1,5.6],[112.1,5.5],[112,5.5],[111.9,5.4],[111.9,5.3],[111.9,5.2],[111.9,5],[111.9,4.9],[111.8,4.8],[111.8,4.7],[111.8,4.6],[111.8,4.5],[111.7,4.4],[111.6,4.4],[111.6,4.3],[111.6,4.2],[111.5,4.2],[111.5,4.1],[111.5,4],[111.5,3.9],[111.5,3.8],[111.4,3.8],[111.4,3.7],[111.3,3.7],[111.3,3.6],[111.2,3.6],[111.1,3.6],[111.1,3.5],[111,3.5],[110.9,3.5],[110.9,3.6],[110.8,3.6],[110.7,3.6],[110.6,3.6],[110.5,3.6],[110.5,3.5],[110.5,3.4],[110.5,3.3],[110.5,3.2],[110.4,3.2],[110.3,3.2],[110.2,3.2],[110.1,3.3],[110,3.3],[109.9,3.3],[109.8,3.4],[109.7,3.4],[109.7,3.3],[109.8,3.2],[109.8,3.1],[109.8,3],[109.8,2.9],[109.8,2.8],[109.8,2.9],[109.7,2.9],[109.6,2.9],[109.5,2.9],[109.4,2.9],[109.3,2.9],[109.2,2.9],[109.1,2.9],[109.1,2.8],[109,2.8],[109,2.7],[108.9,2.7],[108.9,2.6],[108.9,2.5],[108.8,2.5],[108.8,2.4],[108.7,2.4],[108.7,2.3],[108.6,2.3],[108.6,2.2],[108.6,2.1],[108.6,2],[108.5,2],[108.5,1.9],[108.5,1.8],[108.4,1.7],[108.4,1.6],[108.3,1.5],[108.3,1.4],[108.2,1.4],[108.2,1.3],[108.1,1.3],[108.1,1.2],[108,1.2],[108,1.1],[107.9,1.1],[107.9,1],[107.8,1],[107.8,0.9],[107.7,0.9],[107.6,0.9],[107.5,0.9],[107.4,0.9],[107.3,0.9],[107.3,0.8],[107.2,0.8],[107.1,0.8],[107,0.7],[106.9,0.7],[106.8,0.7],[106.8,0.6],[106.7,0.6],[106.6,0.6],[106.5,0.6],[106.4,0.6],[106.3,0.6],[106.2,0.6],[106.1,0.6],[106.1,0.5],[106,0.6],[105.9,0.6],[105.8,0.6],[105.7,0.5],[105.6,0.5],[105.5,0.5],[105.4,0.5],[105.3,0.5],[105.1,0.5],[105.1,0.6],[105,0.7],[104.9,0.8],[104.9,0.7],[104.8,0.7],[104.7,0.7],[104.7,0.6],[104.6,0.6],[104.5,0.6],[104.5,0.5],[104.4,0.5],[104.3,0.4],[104,0.5],[103.8,0.9],[103.3,1.3],[102.6,1.5],[102.6,1.9],[102.4,2.1],[102.2,2.4],[102.7,2.4],[103.2,2.7],[102.9,2.9],[102.9,3],[102.4,2.9],[102.3,2.9],[102.3,3.1],[102.2,3],[102.2,3.2],[102.3,3.2],[102.3,3.3],[102.5,3.5],[102.7,3.7],[102.6,3.7],[102.7,4.1],[102.4,3.9],[102.3,4],[102,4.2],[101.8,4],[101.8,4.2],[101.6,4.3],[101.7,4.4],[102,4.7],[101.7,4.7],[101.6,4.5],[101.4,4.7],[101.6,4.9],[101.5,5],[101.3,4.9],[101,5.2],[101.1,5.3],[101,5.5],[101.1,5.6],[101.2,5.8],[100.9,6],[100.7,5.9],[100.7,6.1],[100.8,6.1],[101,6.2],[100.9,6.3],[101,6.5],[100.9,6.7],[100.8,6.9],[101,7.1],[101.2,7.2],[102.1,7.7],[102.2,7.6],[102.7,7.4],[102.7,7.6],[102.3,7.7],[102.4,7.9],[102.3,7.9],[102.4,8.2],[102.6,8.4],[102.9,8.5],[102.7,8.6],[102.7,8.7],[102.9,8.9],[102.7,9.2],[102.7,9.3],[102.6,9.1],[102.5,9],[102.3,9.1],[102.1,8.9],[101.9,9.2],[101.8,9.4],[101.4,9.6],[101.4,10],[100.9,10.1],[100.7,10.4],[100.9,10.7],[100.6,10.8],[100.8,10.8],[100.7,10.8],[100.7,11.1],[100.6,11.4],[100.9,12.2],[100.9,12.4],[100.7,12.7],[100.4,12.7],[100.3,12.7],[100.2,12.5],[100,12.3],[99.8,12.2],[100.1,12.4],[100,12.6],[100,12.7],[100.3,13.1],[100.8,13.4],[101,13.5],[100.9,13.8]]]]}},{"type":"Feature","properties":{},"geometry":{"type":"MultiPolygon","coordinates":[[[[101.9,15.7],[102,15.4],[101.9,15.6],[101.9,15.7]]]]}},{"type":"Feature","properties":{},"geometry":{"type":"MultiPolygon","coordinates":[[[[101.9,15.3],[101.9,15.1],[101.8,15.2],[101.9,15.3]]]]}},{"type":"Feature","properties":{},"geometry":{"type":"MultiPolygon","coordinates":[[[[103.2,15.7],[103.1,15.6],[103.2,15.6],[103.2,15.7]]]]}},{"type":"Feature","properties":{},"geometry":{"type":"MultiPolygon","coordinates":[[[[104.4,14.4],[104.3,14.5],[104.2,14.6],[104.4,14.4]]]]}},{"type":"Feature","properties":{},"geometry":{"type":"MultiPolygon","coordinates":[[[[108.2,16.8],[108.1,16.8],[108,16.8],[108.2,16.8]]]]}},{"type":"Feature","properties":{},"geometry":{"type":"MultiPolygon","coordinates":[[[[99.5,11],[99.6,11.3],[99.7,11.4],[99.7,11.5],[99.9,11.8],[100.1,11.5],[99.5,11]]]]}},{"type":"Feature","properties":{},"geometry":{"type":"MultiPolygon","coordinates":[[[[104,15.8],[104.1,15.8],[104.4,15.8],[104.2,15.4],[104,15.5],[103.8,15.9],[104,15.8]]]]}},{"type":"Feature","properties":{},"geometry":{"type":"MultiPolygon","coordinates":[[[[99.6,10.8],[99.7,10.8],[100,10.8],[99.7,10.4],[99.7,10.5],[99.6,10.6],[99.6,10.8]]]]}},{"type":"Feature","properties":{},"geometry":{"type":"MultiPolygon","coordinates":[[[[107.5,17.4],[107.7,17.2],[107.6,16.9],[107.5,17.4]]]]}},{"type":"Feature","properties":{},"geometry":{"type":"MultiPolygon","coordinates":[[[[104.9,0.8],[105,0.7],[105.1,0.6],[105.1,0.5],[105.3,0.5],[105.4,0.5],[105.5,0.5],[105.6,0.5],[105.7,0.5],[105.8,0.6],[105.9,0.6],[106,0.6],[106.1,0.5],[106.1,0.6],[106.2,0.6],[106.3,0.6],[106.4,0.6],[106.5,0.6],[106.6,0.6],[106.7,0.6],[106.8,0.6],[106.8,0.7],[106.9,0.7],[107,0.7],[107.1,0.8],[107.2,0.8],[107.3,0.8],[107.3,0.9],[107.4,0.9],[107.5,0.9],[107.6,0.9],[107.7,0.9],[107.8,0.9],[107.8,1],[107.9,1],[107.9,1.1],[108,1.1],[108,1.2],[108.1,1.2],[108.1,1.3],[108.2,1.3],[108.2,1.4],[108.3,1.4],[108.3,1.5],[108.4,1.6],[108.4,1.7],[108.5,1.8],[108.5,1.9],[108.5,2],[108.6,2],[108.6,2.1],[108.6,2.2],[108.6,2.3],[108.7,2.3],[108.7,2.4],[108.8,2.4],[108.8,2.5],[108.9,2.5],[108.9,2.6],[108.9,2.7],[109,2.7],[109,2.8],[109.1,2.8],[109.1,2.9],[109.2,2.9],[109.3,2.9],[109.4,2.9],[109.5,2.9],[109.6,2.9],[109.7,2.9],[109.8,2.9],[109.8,2.8],[109.8,2.9],[109.8,3],[109.8,3.1],[109.8,3.2],[109.7,3.3],[109.7,3.4],[109.8,3.4],[109.9,3.3],[110,3.3],[110.1,3.3],[110.2,3.2],[110.3,3.2],[110.4,3.2],[110.5,3.2],[110.5,3.3],[110.5,3.4],[110.5,3.5],[110.5,3.6],[110.6,3.6],[110.7,3.6],[110.8,3.6],[110.9,3.6],[110.9,3.5],[111,3.5],[111.1,3.5],[111.1,3.6],[111.2,3.6],[111.3,3.6],[111.3,3.7],[111.4,3.7],[111.4,3.8],[111.5,3.8],[111.5,3.9],[111.5,4],[111.5,4.1],[111.5,4.2],[111.6,4.2],[111.6,4.3],[111.6,4.4],[111.7,4.4],[111.8,4.5],[111.8,4.6],[111.8,4.7],[111.8,4.8],[111.9,4.9],[111.9,5],[111.9,5.2],[111.9,5.3],[111.9,5.4],[112,5.5],[112.1,5.5],[112.1,5.6],[112.2,5.6],[112.3,5.6],[112.3,5.7],[112.4,5.7],[112.5,5.8],[112.6,5.9],[112.7,5.9],[112.7,6],[112.8,6],[112.9,6.1],[113,6.2],[113,6.3],[113.1,6.3],[113.1,6.4],[113.2,6.4],[113.2,6.5],[113.3,6.6],[113.3,6.7],[113.3,6.8],[113.4,6.8],[113.4,6.9],[113.4,7],[113.4,7.1],[113.4,7.2],[113.5,7.2],[113.5,7.3],[113.5,7.4],[113.5,7.5],[113.6,7.5],[113.6,7.6],[113.7,7.7],[113.7,7.8],[113.8,7.9],[113.8,8],[113.9,8.1],[113.9,8.2],[114,8.2],[114,8.3],[114,8.4],[114,8.5],[114,8.6],[114,8.7],[114.1,8.7],[114.1,8.8],[114.1,8.9],[114,9],[114,9.1],[114,9.2],[113.9,9.2],[113.9,9.3],[113.9,9.4],[113.8,9.4],[113.8,9.5],[113.8,9.6],[113.7,9.7],[113.7,9.8],[113.7,9.9],[113.7,10],[113.7,10.1],[113.6,10.2],[113.5,10.2],[113.5,10.3],[113.5,10.4],[113.5,10.5],[113.6,10.5],[113.7,10.5],[113.8,10.5],[113.9,10.6],[114,10.6],[114.1,10.6],[114.2,10.6],[114.3,10.7],[114.4,10.7],[114.5,10.7],[114.6,10.8],[114.7,10.8],[114.8,10.9],[114.8,10.8],[114.9,10.7],[115,10.6],[115,10.5],[115.1,10.5],[115.1,10.4],[115.2,10.4],[115.2,10.3],[115.2,10.2],[115.3,10.1],[115.3,9.9],[115.4,9.3],[115.3,8.7],[115.2,8.4],[115,8.1],[115.1,8],[115.3,8.4],[115.4,8.5],[115.3,8],[115.4,7.4],[115.2,6.8],[115.3,6.5],[115.1,5.9],[115.1,5.5],[114.9,5.3],[114.7,5],[114.5,4.8],[114.3,4.6],[113.9,4.4],[113.8,4.3],[113.7,4.3],[113.7,4.2],[113.6,4.2],[113.6,4.1],[113.6,4],[113.5,4],[113.5,3.9],[113.4,3.9],[113.3,3.9],[113.2,3.9],[113.2,3.8],[113.2,3.7],[113.1,3.7],[113.1,3.6],[113.1,3.5],[113.1,3.4],[113.1,3.3],[113,3.3],[113,3.2],[113,3.1],[112.9,3.1],[112.9,3],[112.8,2.9],[112.8,2.8],[112.7,2.8],[112.7,2.7],[112.6,2.7],[112.6,2.6],[112.5,2.6],[112.4,2.6],[112.4,2.5],[112.3,2.5],[112.3,2.4],[112.2,2.4],[112.1,2.4],[112.1,2.3],[112,2.3],[111.9,2.3],[111.8,2.3],[111.3,2.2],[111.1,2.2],[111,2.2],[110.9,2.2],[110.9,2.1],[110.8,2.1],[110.8,2],[110.7,2],[110.6,2],[110.6,1.9],[110.5,1.9],[110.4,1.9],[110.3,1.9],[110.2,1.8],[110.1,1.8],[110,1.8],[109.9,1.8],[109.8,1.8],[109.7,1.8],[109.6,1.8],[109.5,1.8],[109.4,1.8],[109.3,1.8],[109.2,1.7],[109.2,1.6],[109.1,1.6],[109.1,1.5],[109.1,1.4],[109,1.4],[109,1.3],[109,1.2],[108.9,1.2],[108.9,1.1],[108.8,1],[108.9,1],[108.9,0.9],[108.8,0.9],[108.8,0.8],[108.8,0.7],[108.7,0.7],[108.7,0.6],[108.6,0.5],[108.5,0.5],[108.5,0.4],[108.4,0.4],[108.4,0.3],[108.3,0.2],[108.3,0.1],[108.2,0.1],[108.2,0],[108.1,0],[108.1,-0.1],[108,-0.1],[107.9,-0.2],[107.8,-0.2],[107.8,-0.3],[107.7,-0.3],[107.6,-0.3],[107.5,-0.3],[107.4,-0.3],[107.3,-0.3],[107.2,-0.3],[107.1,-0.3],[107,-0.3],[106.9,-0.3],[106.8,-0.3],[106.7,-0.3],[106.6,-0.3],[106.5,-0.3],[106.4,-0.3],[106.3,-0.3],[106.2,-0.3],[106.1,-0.3],[106,-0.3],[105.9,-0.3],[105.8,-0.3],[105.8,-0.4],[105.7,-0.4],[105.6,-0.4],[105.5,-0.4],[105.4,-0.4],[105.3,-0.4],[105.2,-0.4],[105.1,-0.4],[105,-0.4],[104.9,-0.4],[104.9,-0.5],[104.8,-0.5],[104.7,-0.5],[104.2,0.4],[104.3,0.4],[104.4,0.5],[104.5,0.5],[104.5,0.6],[104.6,0.6],[104.7,0.7],[104.8,0.7],[104.9,0.7],[104.9,0.8]]]]}},{"type":"Feature","properties":{},"geometry":{"type":"MultiPolygon","coordinates":[[[[115.5,8.7],[115.9,8.9],[116.3,9.3],[116.6,9.5],[116.8,9.7],[117.2,10],[117.5,10.2],[117.8,10.5],[117.9,10.5],[118.3,10.7],[118.5,10.8],[118.7,10.9],[118.7,11],[118.8,11],[119.2,11.2],[119.3,11.3],[119.6,11.4],[119.8,11.7],[120.2,11.9],[120.3,12.2],[120.8,12.9],[121.2,13.1],[121.4,13.2],[121.7,13],[121.8,13.1],[121.9,13.1],[121.9,13.2],[122,13.1],[122.1,13.1],[122.2,13.1],[122.2,13],[122.3,13],[122.4,13.1],[122.5,13.1],[122.6,13.1],[122.7,13.1],[122.8,13.1],[122.9,13.1],[122.9,13],[123,13],[123.1,13],[123.2,13],[123.2,12.9],[123.2,12.8],[123.2,12.7],[123.2,12.2],[123.2,11.9],[123.2,11.6],[123.2,11],[123.3,10.5],[123.3,10.3],[123.4,10.2],[123.9,10],[124.2,9.7],[124.3,9.5],[124.7,9.2],[125,9],[125.1,8.9],[125,8.3],[124.4,9],[124.3,8.3],[124.3,7.8],[124.1,8.1],[123.6,8.4],[123,9.1],[122.3,9.4],[122.5,8.9],[122.8,8.2],[123.3,7.3],[123.4,6.9],[123.5,6.8],[123,6.6],[123.2,6.8],[122.4,6.9],[121.6,6.8],[121.5,6.5],[121.2,6.5],[121,6.6],[120.7,6.5],[120.2,6.3],[120.3,6.2],[119.7,5.5],[118.8,4.6],[118.5,2.1],[118.1,0.2],[118.8,-1.8],[118.9,-2.5],[118.8,-3.1],[118.6,-3.6],[118.5,-3.7],[118.4,-3.7],[118.4,-3.6],[118.3,-3.6],[118.3,-3.5],[118.2,-3.4],[118.2,-3.3],[118.3,-3.3],[118.2,-3.3],[118.1,-3.2],[118.1,-3.1],[118.1,-3],[118.1,-2.9],[118.1,-2.8],[118.2,-2.8],[118.2,-2.9],[118.2,-3],[118.3,-3],[118.3,-3.1],[118.3,-3.2],[118.4,-3.2],[118.4,-3.3],[118.4,-3.2],[118.4,-3.1],[118.4,-3],[118.3,-3],[118.3,-2.9],[118.3,-2.8],[118.2,-2.8],[118.2,-2.7],[118.1,-2.6],[118,-2.6],[118,-2.5],[117.9,-2.5],[117.9,-2.4],[117.8,-2.4],[117.8,-2.3],[117.7,-2.3],[117.6,-2.3],[117.6,-2.2],[117.5,-2.2],[117.5,-2.3],[117.5,-2.4],[117.4,-2.4],[117.4,-2.5],[117.3,-2.5],[117.2,-2.5],[117.2,-2.4],[117.1,-2.4],[117.1,-2.3],[117,-2.3],[117,-2.2],[116.9,-2.1],[116.9,-2],[116.8,-2],[116.8,-1.9],[116.8,-1.8],[116.7,-1.8],[116.7,-1.7],[116.7,-1.6],[116.6,-1.6],[116.6,-1.5],[116.6,-1.4],[116.5,-1.4],[116.5,-1.3],[116.4,-1.3],[116.4,-1.2],[116.4,-1.1],[116.3,-1.1],[116.3,-1],[116.2,-1],[116.1,-1],[116.1,-0.9],[116.1,-0.8],[116,-0.8],[116,-0.7],[115.9,-0.7],[115.8,-0.6],[115.7,-0.6],[115.7,-0.5],[115.6,-0.5],[115.5,-0.4],[115.4,-0.3],[115.3,-0.3],[115.3,-0.2],[115.2,-0.2],[115.2,-0.1],[115.1,-0.1],[115.1,-0.2],[115.2,-0.2],[115.2,-0.3],[115.2,-0.4],[115.1,-0.4],[115,-0.3],[114.9,-0.2],[114.8,-0.2],[114.8,-0.1],[114.7,-0.1],[114.7,0],[114.6,0.1],[114.5,0.2],[114.5,0.3],[114.4,0.3],[114.4,0.4],[114.3,0.5],[114.3,0.6],[114.3,0.7],[114.2,0.7],[114.2,0.8],[114.1,0.9],[114,0.9],[114,1],[114,1.1],[113.9,1.1],[113.9,1.2],[113.9,1.3],[113.9,1.4],[113.9,1.5],[113.8,1.6],[113.8,1.7],[113.8,1.8],[113.7,1.9],[113.7,2],[113.6,2.1],[113.8,2.4],[114,2.6],[113.9,3],[113.2,3.8],[113.2,3.9],[113.3,3.9],[113.4,3.9],[113.5,3.9],[113.5,4],[113.6,4],[113.6,4.1],[113.6,4.2],[113.7,4.2],[113.7,4.3],[113.8,4.3],[113.8,4.4],[113.9,4.4],[114.4,4.7],[114.5,4.8],[114.7,5.1],[114.9,5.3],[115.2,5.6],[115.2,6.1],[115.2,6.5],[115.2,6.8],[115.4,7.4],[115.3,8],[115.5,8.7]]]]}},{"type":"Feature","properties":{},"geometry":{"type":"MultiPolygon","coordinates":[[[[118.1,-8.5],[118,-8.5],[117.9,-8.5],[117.8,-8.5],[117.8,-8.4],[117.8,-8.3],[117.8,-8.2],[117.8,-8.1],[117.8,-8],[117.9,-8],[117.9,-7.9],[117.9,-7.8],[118,-7.8],[118,-7.7],[118,-7.6],[118.1,-7.6],[118.1,-7.5],[118.1,-7.4],[118.1,-7.3],[118.2,-7.3],[118.2,-7.2],[118.2,-7.1],[118.2,-7],[118.3,-7],[118.3,-6.9],[118.4,-6.9],[118.4,-6.8],[118.4,-6.7],[118.4,-6.6],[118.4,-6.5],[118.4,-6.4],[118.4,-6.3],[118.4,-6.2],[118.4,-6.1],[118.5,-6.1],[118.5,-6],[118.5,-5.9],[118.5,-5.8],[118.5,-5.7],[118.4,-5.7],[118.4,-5.6],[118.4,-5.5],[118.5,-5.6],[118.6,-5.7],[118.6,-6.2],[118.9,-6.8],[118.8,-7],[118.9,-7.2],[118.6,-7.9],[118.5,-8.1],[118.1,-8.5]]]]}},{"type":"Feature","properties":{},"geometry":{"type":"MultiPolygon","coordinates":[[[[125,8],[125.2,8.1],[125,7.5],[124.7,7.1],[125,8]]]]}},{"type":"Feature","properties":{},"geometry":{"type":"MultiPolygon","coordinates":[[[[117.9,-8.5],[118,-8.5],[118.1,-8.5],[117.7,-9.1],[117,-8.7],[115.8,-8.2],[115.5,-7.9],[113.4,-8.3],[112,-8.2],[111,-8.4],[109.1,-8.8],[109.6,-8.7],[109.8,-8.6],[108.8,-8.6],[109.1,-8.4],[109.5,-8.3],[109.3,-7.9],[108.3,-8.2],[107.1,-8.2],[105.8,-7.7],[105.7,-7.2],[105.9,-7.1],[105.7,-6.9],[105.5,-6.7],[105.2,-5.9],[105.3,-5.9],[105.3,-6],[105.3,-6.1],[105.4,-6.1],[105.4,-6.2],[105.5,-6.2],[105.5,-6.3],[105.6,-6.4],[105.6,-6.5],[105.7,-6.5],[105.7,-6.6],[105.8,-6.7],[105.9,-6.7],[106,-6.8],[106.1,-6.8],[106.2,-6.8],[106.3,-6.8],[106.4,-6.9],[106.6,-6.9],[106.8,-7],[106.9,-7],[107,-7],[107.1,-7],[107.2,-7.1],[107.4,-7.1],[107.5,-7.1],[107.6,-7.2],[107.7,-7.2],[107.8,-7.2],[107.9,-7.2],[108,-7.2],[108.1,-7.2],[108.2,-7.2],[108.3,-7.2],[108.4,-7.2],[108.5,-7.2],[108.6,-7.2],[108.7,-7.2],[108.8,-7.2],[109,-7.1],[109.1,-7.1],[109.2,-7.1],[109.2,-7],[109.3,-7],[109.4,-7],[109.5,-7],[109.6,-7],[109.7,-7],[109.8,-7],[109.9,-7.1],[110,-7.1],[110.1,-7.1],[110.2,-7.1],[110.2,-7.2],[110.3,-7.2],[110.4,-7.2],[110.5,-7.2],[110.6,-7.2],[110.7,-7.3],[110.8,-7.3],[110.9,-7.3],[111,-7.3],[111.1,-7.3],[111.1,-7.4],[111.2,-7.4],[111.3,-7.4],[111.4,-7.4],[111.5,-7.4],[111.6,-7.4],[111.7,-7.4],[111.8,-7.4],[111.9,-7.4],[111.9,-7.5],[112,-7.5],[112.1,-7.5],[112.2,-7.5],[112.3,-7.5],[112.4,-7.5],[112.5,-7.5],[112.6,-7.5],[112.7,-7.5],[112.8,-7.5],[112.8,-7.4],[112.9,-7.4],[113,-7.4],[113.1,-7.4],[113.2,-7.4],[113.3,-7.4],[113.4,-7.4],[113.5,-7.4],[113.6,-7.5],[113.7,-7.5],[113.8,-7.5],[113.9,-7.5],[114,-7.5],[114.1,-7.5],[114.2,-7.5],[114.3,-7.6],[114.4,-7.6],[114.5,-7.6],[114.6,-7.6],[114.7,-7.6],[114.8,-7.6],[114.9,-7.6],[115,-7.7],[115.1,-7.7],[115.2,-7.7],[115.3,-7.7],[115.4,-7.7],[115.4,-7.8],[115.5,-7.8],[115.6,-7.8],[115.7,-7.9],[115.8,-7.9],[115.9,-7.9],[116,-8],[116.1,-8],[116.2,-8],[116.3,-8.1],[116.4,-8.1],[116.5,-8.1],[116.5,-8.2],[116.6,-8.2],[116.7,-8.2],[116.8,-8.3],[116.9,-8.3],[117,-8.3],[117.1,-8.3],[117.1,-8.4],[117.2,-8.4],[117.3,-8.4],[117.4,-8.4],[117.5,-8.4],[117.6,-8.5],[117.7,-8.5],[117.8,-8.5],[117.9,-8.5]]]]}},{"type":"Feature","properties":{},"geometry":{"type":"MultiPolygon","coordinates":[[[[113.2,3.8],[113.9,3],[114,2.6],[113.8,2.4],[113.6,2.1],[113.7,2],[113.7,1.9],[113.8,1.8],[113.8,1.7],[113.8,1.6],[113.9,1.5],[113.9,1.4],[113.9,1.3],[113.9,1.2],[113.9,1.1],[114,1.1],[114,1],[114,0.9],[114.1,0.9],[114.2,0.8],[114.2,0.7],[114.3,0.7],[114.3,0.6],[114.3,0.5],[114.4,0.4],[114.4,0.3],[114.5,0.3],[114.5,0.2],[114.6,0.1],[114.7,0],[114.7,-0.1],[114.8,-0.1],[114.8,-0.2],[114.9,-0.2],[115,-0.3],[115.1,-0.4],[115.2,-0.4],[115.2,-0.3],[115.2,-0.2],[115.1,-0.2],[115.1,-0.1],[115.2,-0.1],[115.2,-0.2],[115.3,-0.2],[115.3,-0.3],[115.4,-0.3],[115.5,-0.4],[115.6,-0.5],[115.7,-0.5],[115.7,-0.6],[115.8,-0.6],[115.9,-0.7],[116,-0.7],[116,-0.8],[116.1,-0.8],[116.1,-0.9],[116.1,-1],[116.2,-1],[116.3,-1],[116.3,-1.1],[116.4,-1.1],[116.4,-1.2],[116.4,-1.3],[116.5,-1.3],[116.5,-1.4],[116.6,-1.4],[116.6,-1.5],[116.6,-1.6],[116.7,-1.6],[116.7,-1.7],[116.7,-1.8],[116.8,-1.8],[116.8,-1.9],[116.8,-2],[116.9,-2],[116.9,-2.1],[117,-2.2],[117,-2.3],[117.1,-2.3],[117.1,-2.4],[117.2,-2.4],[117.2,-2.5],[117.3,-2.5],[117.4,-2.5],[117.4,-2.4],[117.5,-2.4],[117.5,-2.3],[117.5,-2.2],[117.6,-2.2],[117.6,-2.3],[117.7,-2.3],[117.8,-2.3],[117.8,-2.4],[117.9,-2.4],[117.9,-2.5],[118,-2.5],[118,-2.6],[118.1,-2.6],[118.2,-2.7],[118.2,-2.8],[118.3,-2.8],[118.3,-2.9],[118.3,-3],[118.4,-3],[118.4,-3.1],[118.4,-3.2],[118.4,-3.3],[118.4,-3.2],[118.3,-3.2],[118.3,-3.1],[118.3,-3],[118.2,-3],[118.2,-2.9],[118.2,-2.8],[118.1,-2.8],[118.1,-2.9],[118.1,-3],[118.1,-3.1],[118.1,-3.2],[118.2,-3.3],[118.3,-3.3],[118.2,-3.3],[118.2,-3.4],[118.3,-3.5],[118.3,-3.6],[118.4,-3.6],[118.4,-3.7],[118.5,-3.7],[118.5,-3.9],[118.4,-5.5],[118.4,-5.6],[118.4,-5.7],[118.5,-5.7],[118.5,-5.8],[118.5,-5.9],[118.5,-6],[118.5,-6.1],[118.4,-6.2],[118.4,-6.3],[118.4,-6.4],[118.4,-6.5],[118.4,-6.6],[118.4,-6.7],[118.4,-6.8],[118.4,-6.9],[118.3,-6.9],[118.3,-7],[118.2,-7.1],[118.2,-7.2],[118.2,-7.3],[118.1,-7.3],[118.1,-7.4],[118.1,-7.5],[118.1,-7.6],[118,-7.6],[118,-7.7],[118,-7.8],[117.9,-7.8],[117.9,-7.9],[117.9,-8],[117.8,-8],[117.8,-8.1],[117.8,-8.2],[117.8,-8.3],[117.8,-8.4],[117.8,-8.5],[117.7,-8.5],[117.6,-8.5],[117.5,-8.5],[117.4,-8.4],[117.3,-8.4],[117.2,-8.4],[117.1,-8.3],[117,-8.3],[116.9,-8.3],[116.8,-8.3],[116.7,-8.2],[116.6,-8.2],[116.5,-8.2],[116.5,-8.1],[116.4,-8.1],[116.3,-8.1],[116.2,-8.1],[116.2,-8],[116.1,-8],[116,-8],[115.9,-7.9],[115.8,-7.9],[115.7,-7.9],[115.6,-7.8],[115.5,-7.8],[115.4,-7.8],[115.3,-7.7],[115.2,-7.7],[115.1,-7.7],[115,-7.7],[114.9,-7.7],[114.9,-7.6],[114.8,-7.6],[114.7,-7.6],[114.6,-7.6],[114.5,-7.6],[114.4,-7.6],[114.3,-7.6],[114.3,-7.5],[114.2,-7.5],[114.1,-7.5],[114,-7.5],[113.9,-7.5],[113.8,-7.5],[113.7,-7.5],[113.6,-7.5],[113.5,-7.4],[113.4,-7.4],[113.3,-7.4],[113.2,-7.4],[113.1,-7.4],[113,-7.4],[112.9,-7.4],[112.8,-7.4],[112.8,-7.5],[112.7,-7.5],[112.6,-7.5],[112.5,-7.5],[112.4,-7.5],[112.3,-7.5],[112.2,-7.5],[112.1,-7.5],[112,-7.5],[111.9,-7.5],[111.9,-7.4],[111.8,-7.4],[111.7,-7.4],[111.6,-7.4],[111.5,-7.4],[111.4,-7.4],[111.3,-7.4],[111.2,-7.4],[111.1,-7.4],[111.1,-7.3],[111,-7.3],[110.9,-7.3],[110.8,-7.3],[110.7,-7.3],[110.6,-7.2],[110.5,-7.2],[110.4,-7.2],[110.3,-7.2],[110.2,-7.2],[110.2,-7.1],[110.1,-7.1],[110,-7.1],[109.9,-7.1],[109.8,-7.1],[109.8,-7],[109.7,-7],[109.6,-7],[109.5,-7],[109.4,-7],[109.3,-7],[109.2,-7],[109.2,-7.1],[109.1,-7.1],[108.9,-7.1],[108.8,-7.2],[108.7,-7.2],[108.6,-7.2],[108.4,-7.2],[108.3,-7.2],[108.2,-7.2],[108.1,-7.2],[108,-7.2],[107.9,-7.2],[107.8,-7.2],[107.7,-7.2],[107.5,-7.2],[107.5,-7.1],[107.3,-7.1],[107.1,-7],[107,-7],[106.9,-7],[106.8,-7],[106.7,-7],[106.6,-6.9],[106.5,-6.9],[106.3,-6.8],[106.2,-6.8],[106.1,-6.8],[105.9,-6.7],[105.8,-6.7],[105.7,-6.6],[105.7,-6.5],[105.6,-6.5],[105.6,-6.4],[105.5,-6.3],[105.5,-6.2],[105.4,-6.2],[105.4,-6.1],[105.3,-6.1],[105.3,-6],[105.3,-5.9],[105.2,-5.9],[105.2,-5.8],[104.8,-5],[104.7,-4.5],[104.7,-4.4],[104.8,-4.1],[104.9,-3.5],[104.7,-3.1],[104.6,-2],[104.7,-1.5],[104.7,-0.5],[104.8,-0.5],[104.9,-0.5],[104.9,-0.4],[105,-0.4],[105.1,-0.4],[105.2,-0.4],[105.3,-0.4],[105.4,-0.4],[105.5,-0.4],[105.6,-0.4],[105.7,-0.4],[105.8,-0.4],[105.9,-0.3],[106,-0.3],[106.1,-0.3],[106.2,-0.3],[106.3,-0.3],[106.4,-0.3],[106.5,-0.3],[106.6,-0.3],[106.7,-0.3],[106.8,-0.3],[106.9,-0.3],[107,-0.3],[107.1,-0.3],[107.2,-0.3],[107.3,-0.3],[107.4,-0.3],[107.5,-0.3],[107.6,-0.3],[107.7,-0.3],[107.8,-0.3],[107.8,-0.2],[107.9,-0.2],[108,-0.1],[108.1,-0.1],[108.1,0],[108.2,0],[108.2,0.1],[108.3,0.1],[108.3,0.2],[108.4,0.3],[108.5,0.4],[108.6,0.5],[108.7,0.6],[108.7,0.7],[108.8,0.7],[108.8,0.8],[108.9,0.9],[108.9,1],[108.8,1],[108.9,1.1],[108.9,1.2],[109,1.2],[109,1.3],[109,1.4],[109.1,1.4],[109.1,1.5],[109.1,1.6],[109.2,1.6],[109.2,1.7],[109.2,1.8],[109.3,1.8],[109.4,1.8],[109.5,1.8],[109.6,1.8],[109.7,1.8],[109.8,1.8],[109.9,1.8],[110,1.8],[110.1,1.8],[110.2,1.8],[110.3,1.9],[110.4,1.9],[110.5,1.9],[110.6,1.9],[110.6,2],[110.7,2],[110.8,2],[110.8,2.1],[110.9,2.1],[110.9,2.2],[111,2.2],[111.1,2.2],[111.7,2.3],[111.8,2.3],[111.9,2.3],[112,2.3],[112.1,2.3],[112.1,2.4],[112.2,2.4],[112.3,2.4],[112.3,2.5],[112.4,2.5],[112.4,2.6],[112.5,2.6],[112.6,2.6],[112.6,2.7],[112.7,2.7],[112.7,2.8],[112.8,2.8],[112.8,2.9],[112.9,3],[112.9,3.1],[113,3.2],[113,3.3],[113.1,3.3],[113.1,3.4],[113.1,3.5],[113.1,3.6],[113.2,3.7],[113.2,3.8]]]]}},{"type":"Feature","properties":{},"geometry":{"type":"MultiPolygon","coordinates":[[[[101,13.9],[101.2,13.9],[101.3,14.1],[101.4,14.1],[101.3,14.2],[101.5,14.3],[101.5,14.6],[101.9,14.8],[102,14.9],[102,15],[101.9,15],[102,15.1],[101.9,15.2],[101.9,15.6],[102,15.5],[102,15.4],[102.1,15.4],[102.1,15.6],[102.1,15.7],[102.2,15.6],[102.2,15.7],[102.3,15.7],[102.3,15.6],[102.4,15.6],[102.4,15.7],[102.4,15.9],[102.3,16],[102.2,16],[102.2,15.9],[102.1,16.1],[102.1,16.3],[102.1,16.2],[102.2,16.3],[102.3,16.2],[102.4,16.3],[102.5,16.3],[102.5,16.4],[102.4,16.3],[102.4,16.4],[102.5,16.5],[102.6,16.5],[102.7,16.4],[102.7,16.3],[102.8,16.3],[102.9,16.2],[102.8,16.1],[103,16],[102.9,16],[102.9,15.9],[103,16],[103.1,16],[103.1,15.9],[103.2,15.8],[103.3,15.8],[103.4,15.6],[103.3,15.7],[103.2,15.7],[103.1,15.7],[103.2,15.7],[103.1,15.6],[103.2,15.5],[103.1,15.5],[103.2,15.4],[103.1,15.3],[103.2,15.2],[103.3,15.2],[103.4,15.2],[103.3,15.2],[103.4,15.1],[103.6,15.1],[103.6,15.2],[103.8,15.1],[103.9,14.9],[104,14.9],[104.1,14.7],[104.2,14.6],[104.3,14.5],[104.4,14.4],[104.4,14.3],[104.8,14.3],[104.8,14.4],[104.9,14.4],[105.1,14.6],[105.3,14.8],[106,15.1],[106.1,15.2],[106.7,15.9],[107,15.9],[107.4,16.2],[107.5,16.3],[107.5,16.4],[107.6,16.5],[107.8,16.7],[107.9,16.8],[108,16.8],[108.2,16.8],[108.3,16.8],[108.4,16.8],[108.6,17],[108.8,17.2],[109,17.3],[109,17.4],[109,17.5],[109,17.4],[109,17.3],[108.9,17.1],[108.8,17.1],[108.8,17],[108.7,16.9],[108.7,16.8],[108.6,16.8],[108.6,16.7],[108.6,16.6],[108.5,16.5],[108.5,16.4],[108.5,16.3],[108.4,16.3],[108.4,16.2],[108.4,16.1],[108.4,16],[108.3,16],[108.3,15.9],[108.3,15.8],[108.3,15.7],[108.3,15.6],[108.2,15.5],[108.2,15.4],[108.2,15.3],[108.2,15.2],[108.2,15.1],[108.2,15],[108.2,14.9],[108.1,14.8],[108,14.7],[108,14.6],[107.9,14.5],[107.9,14.4],[107.8,14.3],[107.8,14.2],[107.8,14.1],[107.8,14],[107.8,13.9],[107.8,13.8],[107.8,13.7],[107.8,13.6],[107.9,13.6],[107.9,13.5],[107.9,13.4],[108,13.4],[108,13.3],[108.1,13.2],[108.2,13.2],[108.2,13.1],[108.3,13],[108.3,12.9],[108.3,12.8],[108.3,12.7],[108.2,12.6],[108.2,12.5],[108.3,12.5],[108.4,12.5],[108.5,12.5],[108.6,12.5],[108.6,12.4],[108.6,12.3],[108.6,12.2],[108.6,12.1],[108.5,12],[108.5,11.9],[108.5,11.8],[108.4,11.8],[108.4,11.7],[108.3,11.7],[108.3,11.6],[108.2,11.6],[108.1,11.6],[108,11.6],[107.9,11.6],[107.8,11.6],[107.8,11.5],[107.7,11.5],[107.6,11.5],[107.6,11.6],[107.5,11.6],[107.5,11.7],[107.6,11.7],[107.5,11.7],[107.4,11.7],[107.3,11.7],[107.2,11.7],[107.2,11.8],[107.1,11.8],[107,11.8],[106.9,11.8],[106.8,11.8],[106.5,11.7],[106.3,11.7],[106.2,11.7],[106.2,11.6],[106.2,11.5],[106.1,11.5],[106.1,11.4],[106,11.5],[105.9,11.5],[105.8,11.4],[105,12],[104,11.9],[103.9,11.9],[103.9,12],[103.8,12],[103.7,12],[103.6,12],[103.6,11.9],[103.5,11.9],[103.4,11.9],[103.5,11.9],[103.5,12],[103.4,12],[103.3,12],[103.3,12.1],[103.2,12.1],[103.1,12.1],[103,12.1],[102.9,12.1],[102.8,12.1],[102.8,12],[102.7,12],[102.6,12],[102.6,11.9],[102.5,12],[102.4,12.1],[102.3,12.1],[102.3,12.2],[102.2,12.2],[102.2,12.3],[102.1,12.3],[102.1,12.2],[102,12.2],[101.9,12.3],[101.9,12.4],[101.8,12.4],[101.8,12.5],[101.7,12.5],[101.7,12.6],[101.7,12.7],[101.8,12.7],[101.8,12.8],[101.8,12.9],[101.7,12.9],[101.6,13],[101.5,13.1],[101.5,13.2],[101.5,13.3],[101.5,13.4],[101.5,13.5],[101.4,13.5],[101.4,13.6],[101.3,13.6],[101.3,13.7],[101.2,13.7],[101.1,13.7],[101,13.7],[100.9,13.8],[101,13.9]]]]}},{"type":"Feature","properties":{},"geometry":{"type":"MultiPolygon","coordinates":[[[[124.9,-26.1],[123,-25.3],[121.9,-24.5],[120.8,-22.5],[120.6,-21.3],[120.7,-21.2],[121.1,-21.5],[121.4,-21.9],[121.7,-22.7],[122.3,-23.5],[123.1,-24.2],[124.1,-25.7],[124.4,-26],[124.9,-26.1]]]]}},{"type":"Feature","properties":{},"geometry":{"type":"MultiPolygon","coordinates":[[[[102.5,-32.4],[102.9,-31.9],[105.3,-29.9],[109,-28.2],[109.2,-28.6],[107,-30.4],[108.9,-32],[110.2,-33.9],[109.7,-35.1],[111.2,-35.7],[113.5,-35.3],[115.5,-33.9],[117.7,-34.5],[117.3,-34.5],[117,-34.2],[116.8,-34.6],[117.2,-34.8],[117.4,-34.9],[118.3,-35.6],[116,-37.7],[116.1,-37.5],[116.2,-37.1],[116,-36.7],[115.4,-36.4],[115.5,-36.7],[115.4,-37.2],[114.9,-37.7],[114.4,-37.8],[114.2,-37.7],[114,-37.8],[114.3,-38],[113.9,-38],[113.8,-38.1],[113.8,-38.3],[113.7,-38.4],[113.6,-38.6],[113.5,-38.6],[113.4,-38.6],[113.1,-38.5],[112.9,-38.6],[112.8,-38.6],[112.4,-38.7],[111.8,-38.9],[110.9,-38.9],[106.1,-36.9],[102.4,-32.6],[102.5,-32.4]]]]}},{"type":"Feature","properties":{},"geometry":{"type":"MultiPolygon","coordinates":[[[[134,-30.6],[133.3,-32],[132.9,-32.1],[133.1,-31.9],[133.5,-31.3],[134,-30.7],[134,-30.6]]]]}},{"type":"Feature","properties":{},"geometry":{"type":"MultiPolygon","coordinates":[[[[133.7,-30.4],[134,-30.7],[133.5,-31.3],[133.1,-31.9],[132.6,-32.2],[133.4,-31.1],[133.7,-30.4]]]]}},{"type":"Feature","properties":{},"geometry":{"type":"MultiPolygon","coordinates":[[[[128.6,-28.2],[130.6,-28.7],[130.9,-28.8],[131,-30.3],[131.2,-31.6],[131.1,-32.6],[130.7,-32.6],[129.9,-32.5],[130.1,-29.8],[128.1,-28.8],[128.6,-28.2]]]]}},{"type":"Feature","properties":{},"geometry":{"type":"MultiPolygon","coordinates":[[[[132.9,-29.6],[133.5,-30.5],[133.6,-30.8],[132.7,-32.1],[131.8,-32.3],[131.1,-32.6],[131.2,-31.6],[131,-30.3],[130.9,-28.8],[131.8,-28.8],[132.1,-29.3],[132.9,-29.6]]]]}},{"type":"Feature","properties":{},"geometry":{"type":"MultiPolygon","coordinates":[[[[134,-28.5],[134.3,-29.3],[134.9,-29.7],[135.2,-29.7],[135.1,-29.9],[135,-30],[135.1,-30.4],[134.8,-30.7],[133.9,-29.8],[133.4,-29.1],[133.2,-28.5],[133.7,-28.5],[134,-28.5]]]]}},{"type":"Feature","properties":{},"geometry":{"type":"MultiPolygon","coordinates":[[[[134.6,-28.5],[134.8,-29],[135.2,-29.4],[135.9,-29.7],[135.8,-30],[136.4,-30.2],[135.5,-31],[135.1,-30.4],[135,-30],[135.1,-29.9],[135.2,-29.7],[134.9,-29.7],[134.3,-29.3],[134,-28.5],[134.6,-28.5]]]]}},{"type":"Feature","properties":{},"geometry":{"type":"MultiPolygon","coordinates":[[[[-26.3,11.6],[-26.7,12],[-27.2,12.1],[-28.8,11.9],[-29.8,11.3],[-30.2,11.2],[-29.7,11.7],[-29.2,12.6],[-27.5,13.4],[-26.5,13.2],[-25.7,13.1],[-25.1,13.2],[-24.6,13.2],[-24.1,12.9],[-23,12.3],[-20.8,11.7],[-20.6,11.8],[-19.4,11.4],[-19.1,10.5],[-19.9,10.6],[-21.2,10.3],[-23.2,10.9],[-23.6,11.2],[-23.9,11.3],[-24.7,11.5],[-26,11.6],[-26.3,11.6]]]]}},{"type":"Feature","properties":{},"geometry":{"type":"MultiPolygon","coordinates":[[[[-30.5,13.5],[-28.6,14],[-26,13.6],[-24.4,13.2],[-22.9,12.8],[-21.9,13],[-20.6,12.9],[-19.7,13.3],[-18.5,13.6],[-16.6,13.9],[-15.5,13.8],[-16,13.7],[-17,13.9],[-18.4,13.5],[-19.4,13],[-20.7,12.9],[-22.4,12.4],[-23.4,12.7],[-24.1,12.9],[-24.6,13.2],[-25.1,13.2],[-25.7,13.1],[-26.5,13.2],[-27.5,13.4],[-29.2,12.6],[-29.9,12.6],[-29.9,12.8],[-30.1,13.4],[-30.2,13.1],[-30.4,13.1],[-30.6,13.2],[-30.5,13.5]]]]}},{"type":"Feature","properties":{},"geometry":{"type":"MultiPolygon","coordinates":[[[[-21.3,9.7],[-20.9,9.7],[-20.4,9.6],[-20.6,9.8],[-19.9,10.1],[-18.7,10.3],[-19.3,8.8],[-19.8,7.4],[-20,6.5],[-19.8,6.1],[-19.3,6.1],[-20.9,5.2],[-21.9,7],[-21.3,9.7]]]]}},{"type":"Feature","properties":{},"geometry":{"type":"MultiPolygon","coordinates":[[[[-21.3,9.7],[-21.6,9.8],[-23,10.3],[-23.7,10.9],[-23.7,11.1],[-26.3,11.6],[-25.9,11.4],[-24.7,11.5],[-23.9,11.3],[-23.6,11.2],[-21.8,10.3],[-20.8,10.4],[-19.8,10.6],[-18.8,10.6],[-18.1,10.7],[-19,10.3],[-20,10.1],[-20.5,9.7],[-20.5,9.5],[-21,9.7],[-21.3,9.7]]]]}},{"type":"Feature","properties":{},"geometry":{"type":"MultiPolygon","coordinates":[[[[-18.8,10.6],[-19.9,11.1],[-20.8,11.7],[-21.4,11.5],[-23.3,12.4],[-23.2,12.7],[-22.3,12.5],[-20.7,12.9],[-19.2,13.1],[-18.2,13.6],[-16.6,13.9],[-15.7,13.7],[-15.5,13.1],[-16.4,12.5],[-18,10.7],[-18.8,10.6]]]]}},{"type":"Feature","properties":{},"geometry":{"type":"MultiPolygon","coordinates":[[[[-14.7,8.7],[-14.2,9.1],[-13.7,9.8],[-12.9,10.5],[-12,10.8],[-11.1,11.3],[-10.4,11.3],[-10.7,11.1],[-12.2,10.4],[-13,10],[-13.5,9.6],[-14.4,8.2],[-15.5,7.2],[-16.3,6.9],[-17.9,6.2],[-19,6.1],[-16.9,7.4],[-15.7,7.8],[-15.6,8.1],[-15.6,8.2],[-14.7,8.7]]]]}},{"type":"Feature","properties":{},"geometry":{"type":"MultiPolygon","coordinates":[[[[-4.5,10.9],[-3.7,11.8],[-4.1,12.9],[-5,15.1],[-5.9,16.7],[-4.9,16.6],[-3.4,15.1],[-2.7,13.6],[-1.6,12.5],[-2.6,10.6],[-3.9,10.5],[-4.5,10.9]]]]}},{"type":"Feature","properties":{},"geometry":{"type":"MultiPolygon","coordinates":[[[[-10.3,13],[-7.5,12.7],[-6.3,12],[-7.2,11.3],[-7.8,11.4],[-9,11.6],[-9.8,12.4],[-11,12.4],[-10.3,13]]]]}},{"type":"Feature","properties":{},"geometry":{"type":"MultiPolygon","coordinates":[[[[-11,12.4],[-9.8,12.4],[-9,11.6],[-7.8,11.4],[-7.5,10.8],[-8.8,10.7],[-9.7,11.2],[-11.1,11.7],[-11.9,12],[-11,12.4]]]]}},{"type":"Feature","properties":{},"geometry":{"type":"MultiPolygon","coordinates":[[[[-7,12.4],[-7.3,13.9],[-5.3,13],[-4,12.4],[-3.9,11.1],[-5.3,11.4],[-6.5,12.1],[-7,12.4]]]]}},{"type":"Feature","properties":{},"geometry":{"type":"MultiPolygon","coordinates":[[[[-8.5,9.2],[-9.1,10.8],[-7.7,10.5],[-7.1,11.5],[-6.2,11.9],[-4.5,10.9],[-3.4,10],[-4.1,9.4],[-5.6,10.1],[-7.4,8.9],[-8.5,9.2]]]]}},{"type":"Feature","properties":{},"geometry":{"type":"MultiPolygon","coordinates":[[[[-15.4,13.2],[-14,14.1],[-11.5,14.3],[-8.7,14.7],[-7.2,13.6],[-7.5,12.7],[-10.3,13],[-13.4,13.1],[-16.1,12.7],[-15.4,13.2]]]]}},{"type":"Feature","properties":{},"geometry":{"type":"MultiPolygon","coordinates":[[[[-21.5,18.1],[-17.3,18.1],[-14.4,17.4],[-16.3,17.1],[-18.6,17],[-20.9,17.1],[-22.2,17.5],[-21.5,18.1]]]]}},{"type":"Feature","properties":{},"geometry":{"type":"MultiPolygon","coordinates":[[[[-21.8,19.8],[-18.3,19.6],[-16.4,19.3],[-15.1,18.9],[-12.5,18.1],[-10.5,16.5],[-11.6,16.5],[-14.4,17.4],[-17.3,18.1],[-21.5,18.1],[-21.8,19.8]]]]}},{"type":"Feature","properties":{},"geometry":{"type":"MultiPolygon","coordinates":[[[[-29.7,15.7],[-31.3,16.3],[-32.8,17.5],[-28.4,17.5],[-25.6,19.1],[-22.8,19.9],[-21.6,19.3],[-22.1,17.2],[-22.4,16.2],[-22.7,15.7],[-24.1,15.4],[-25.4,15.2],[-26.3,15],[-27.6,15.2],[-28.7,15.2],[-29.7,15.7]]]]}},{"type":"Feature","properties":{},"geometry":{"type":"MultiPolygon","coordinates":[[[[-11.2,11.2],[-12.4,10.7],[-12,10.8],[-11.2,11.2]]]]}},{"type":"Feature","properties":{},"geometry":{"type":"MultiPolygon","coordinates":[[[[-11.6,11.6],[-11.5,11.3],[-12.1,11.3],[-11.6,11.6]]]]}},{"type":"Feature","properties":{},"geometry":{"type":"MultiPolygon","coordinates":[[[[-18.8,9.3],[-17.3,10.3],[-16.6,9.3],[-14.8,9.9],[-14.2,10],[-14.8,9.1],[-14.6,9],[-14,9.6],[-13.5,10],[-14.1,9.3],[-14.5,8.7],[-17,7.9],[-18.7,8.7],[-18.8,9.3]]]]}},{"type":"Feature","properties":{},"geometry":{"type":"MultiPolygon","coordinates":[[[[-17.4,10.6],[-15.2,11.3],[-12.2,11.9],[-11.2,11.8],[-12.1,11.3],[-12.6,11.4],[-13.2,11.1],[-13.5,10.8],[-13.9,10.6],[-14.5,10],[-16.2,9.3],[-17.3,10.1],[-17.4,10.6]]]]}},{"type":"Feature","properties":{},"geometry":{"type":"MultiPolygon","coordinates":[[[[-18,10.7],[-16.4,12.5],[-14.9,12.8],[-11.8,12.9],[-10.8,12.6],[-11.9,12],[-14.4,11.6],[-17,10.7],[-18,10.7]]]]}},{"type":"Feature","properties":{},"geometry":{"type":"MultiPolygon","coordinates":[[[[-6.2,6.9],[-4.6,7.6],[-2.7,7.2],[-1.6,7.7],[-0.7,7],[-0.6,6.7],[-0.5,6.1],[-0.7,5.7],[-1,5.5],[-1.9,5.5],[-2.8,5.8],[-3.4,6],[-4.4,6],[-5,6.2],[-5.6,6.6],[-6.2,6.9]]]]}},{"type":"Feature","properties":{},"geometry":{"type":"MultiPolygon","coordinates":[[[[-18.8,9.3],[-18.1,7.9],[-14.8,8.6],[-15.3,8.3],[-15.7,8],[-15.6,8],[-16.5,7.7],[-19.2,6.2],[-19.8,6],[-20,6.4],[-19.9,6.8],[-19.5,8.5],[-18.8,9.3]]]]}},{"type":"Feature","properties":{},"geometry":{"type":"MultiPolygon","coordinates":[[[[-3.6,1],[-2.8,1.3],[0.1,1.1],[1,0.8],[0.5,0.4],[-0.4,0],[-2.2,-0.2],[-3.2,0.3],[-3.6,1]]]]}},{"type":"Feature","properties":{},"geometry":{"type":"MultiPolygon","coordinates":[[[[-0.6,4.4],[-0.1,5.5],[-0.1,6.2],[-0.3,6.7],[-0.6,7.6],[0.3,7.8],[1.9,4.8],[1.5,1.6],[0.3,1.1],[-0.2,1.3],[-0.7,1.8],[-1.4,2.2],[-1.6,2.7],[-1.7,3.1],[-1,4],[-0.6,4.4]]]]}},{"type":"Feature","properties":{},"geometry":{"type":"MultiPolygon","coordinates":[[[[-2.8,5.8],[-2.4,5.6],[-1.5,5.5],[-0.8,5.5],[-0.6,5.8],[-0.6,6.6],[-0.6,6.9],[-0.2,6.5],[-0.1,5.8],[-0.4,4.8],[-0.9,4.5],[-2.9,4.5],[-3.3,4.4],[-3.3,5.2],[-2.8,5.8]]]]}},{"type":"Feature","properties":{},"geometry":{"type":"MultiPolygon","coordinates":[[[[-3.9,2.1],[-4.5,3],[-4.3,3.8],[-4.2,4],[-4.2,4.2],[-4.2,5.3],[-3.2,5.9],[-3.3,5.2],[-3.3,4.4],[-3.4,3.7],[-3.6,3.1],[-3.7,2.9],[-3.9,2.1]]]]}},{"type":"Feature","properties":{},"geometry":{"type":"MultiPolygon","coordinates":[[[[-6.9,7.1],[-5.6,6.6],[-5,6.2],[-4.6,6],[-4.1,6],[-4.2,4.4],[-4.2,4.1],[-4.3,3.8],[-4.4,3.3],[-4.9,3.6],[-5.6,4.6],[-5.7,5.1],[-6.8,6.9],[-6.9,7.1]]]]}},{"type":"Feature","properties":{},"geometry":{"type":"MultiPolygon","coordinates":[[[[-3.9,2.1],[-3.7,2.9],[-3.6,3.1],[-3.4,3.7],[-2.9,4.5],[-0.9,4.5],[-1.4,3.6],[-1.7,2.9],[-1.5,2.5],[-1.3,2.2],[-0.4,1.6],[-0.2,1.2],[-3,1.2],[-3.7,1.2],[-3.8,2],[-3.9,2.1]]]]}},{"type":"Feature","properties":{},"geometry":{"type":"MultiPolygon","coordinates":[[[[-8.3,8.6],[-8.4,9],[-7.4,8.9],[-6.3,9.8],[-4.7,9.6],[-3,9.6],[-2.6,10.6],[-1.6,12.5],[-2.7,13.6],[-2.9,14.6],[-2.1,13.5],[-1.5,12.7],[-1.2,11.6],[-0.9,10.6],[-0.9,9.8],[-1.6,7.7],[-2.7,7.2],[-4.6,7.6],[-6.2,6.9],[-7.4,8],[-8.3,8.6]]]]}},{"type":"Feature","properties":{},"geometry":{"type":"MultiPolygon","coordinates":[[[[102.5,-29.1],[103.5,-29.3],[104.1,-28.2],[107,-26.8],[109.7,-25.5],[110.9,-22.9],[111.6,-18.2],[112.2,-15.4],[112.2,-13.9],[111.8,-13.1],[114,-11.9],[114.1,-12.2],[113.1,-12.8],[113.9,-14.5],[114.4,-16.3],[114.2,-19.5],[113.2,-22.4],[112.1,-24],[111.2,-25.2],[110.4,-26.7],[108.6,-27.9],[107,-28.5],[102.8,-30.7],[103,-31.3],[102.5,-32.4],[102.4,-32],[102.1,-30.9],[102,-30.5],[102.5,-30.5],[102.6,-30],[102.4,-29.1],[102.5,-29.1]]]]}},{"type":"Feature","properties":{},"geometry":{"type":"MultiPolygon","coordinates":[[[[97.5,-3.5],[98.6,-5],[99.1,-5.9],[99.3,-6.7],[100.3,-7.9],[101.1,-9.6],[101.6,-10.6],[102.2,-11.9],[103,-13.3],[103,-14.5],[103.1,-15.7],[102.6,-15.3],[102,-13.8],[101.2,-13],[100.2,-10.9],[99.3,-8.4],[97.9,-5.4],[97.5,-3.5]]]]}},{"type":"Feature","properties":{},"geometry":{"type":"MultiPolygon","coordinates":[[[[103,-16.1],[103.1,-15.1],[103,-13.9],[102.6,-12.4],[102,-11.3],[101.2,-10.2],[101.1,-9.1],[99.8,-7.3],[99.2,-6.3],[98.9,-5.5],[98.2,-4.2],[98.8,-3.8],[99.4,-5.2],[101.4,-8.1],[103.7,-12.4],[104.2,-14.2],[103,-16.1]]]]}},{"type":"Feature","properties":{},"geometry":{"type":"MultiPolygon","coordinates":[[[[-8.2,5.9],[-7.5,6],[-7.1,4.3],[-9.2,4.6],[-8.2,5.9]]]]}},{"type":"Feature","properties":{},"geometry":{"type":"MultiPolygon","coordinates":[[[[-7.2,2.9],[-8.2,-1.2],[-8.7,-0.7],[-7.7,1.1],[-7.8,2.3],[-7.2,2.9]]]]}},{"type":"Feature","properties":{},"geometry":{"type":"MultiPolygon","coordinates":[[[[-9.2,4.1],[-7.3,3.8],[-7.8,2.3],[-7.7,1.1],[-8.7,-0.7],[-8.5,-1.9],[-9.3,-0.5],[-9.4,1.2],[-9.7,2.5],[-9.2,4.1]]]]}},{"type":"Feature","properties":{},"geometry":{"type":"MultiPolygon","coordinates":[[[[-10.4,11.2],[-10.3,11.3],[-9.5,11.1],[-8.6,9.5],[-8.4,8.7],[-7.5,6.6],[-8.3,6],[-8.6,7.4],[-8.7,8.2],[-9.2,9.5],[-9.7,10.6],[-10.4,11.2]]]]}},{"type":"Feature","properties":{},"geometry":{"type":"MultiPolygon","coordinates":[[[[-9.6,4.3],[-9.7,2.5],[-9.4,1.2],[-9.3,-0.5],[-10.5,-0.3],[-10.3,2.5],[-9.6,4.3]]]]}},{"type":"Feature","properties":{},"geometry":{"type":"MultiPolygon","coordinates":[[[[-22.4,-8.5],[-21.9,-8.9],[-21.2,-9.3],[-20.8,-9.3],[-20.6,-9.6],[-20.5,-9.3],[-20.1,-9.3],[-19.4,-9.6],[-18.4,-9.5],[-17.2,-9.4],[-16.4,-10.2],[-15.7,-10.3],[-15,-10.7],[-14.2,-11],[-13.8,-10.7],[-13.4,-10.1],[-13.8,-10.9],[-13.8,-11.4],[-14.2,-12],[-14.5,-12.1],[-15.6,-11.4],[-16.2,-11.3],[-16.7,-11.1],[-18.5,-10.6],[-20.7,-10.6],[-21.7,-11.1],[-22.1,-11],[-21.8,-10.6],[-22.4,-10.5],[-22.8,-10.4],[-22.9,-10.2],[-23.1,-9.8],[-22.9,-9.6],[-23.1,-9.8],[-23.2,-9.3],[-22.9,-9.2],[-23,-9.2],[-22.6,-8.5],[-22.4,-8.5]]]]}},{"type":"Feature","properties":{},"geometry":{"type":"MultiPolygon","coordinates":[[[[-12.5,10.3],[-11.5,10.8],[-10.4,11.2],[-9.8,10.7],[-9.2,9.7],[-8.9,8.6],[-8.6,7.4],[-8.5,6.1],[-8.3,5.4],[-10,3.6],[-10.6,0.2],[-8.8,-1.6],[-8.9,-2.8],[-9.7,-3.8],[-10.6,-4.7],[-11,-5.1],[-11.1,-5.8],[-11.6,-6.7],[-11.9,-6.9],[-12,-7.2],[-12.4,-7.8],[-12.9,-8],[-14.2,-8],[-16.5,-6.6],[-17.8,-5.3],[-16.5,-2.3],[-15.7,0.9],[-15,3.4],[-13.6,6.9],[-12.6,10.1],[-12.5,10.3]]]]}},{"type":"Feature","properties":{},"geometry":{"type":"MultiPolygon","coordinates":[[[[-12.5,-8.9],[-12.7,-8.7],[-12.8,-8.1],[-12.3,-7.6],[-11.9,-7],[-11.7,-6.9],[-11.6,-6.6],[-11.1,-5.6],[-10.9,-5],[-10.4,-4.6],[-9.5,-3.7],[-8.8,-2.6],[-8.2,-1.2],[-7.2,2.9],[-7.1,4.3],[-7,6.9],[-8.3,8.6],[-7.2,7.8],[-6.8,6.9],[-5.7,5.1],[-5.6,4.6],[-4.9,3.6],[-4,2.3],[-3.8,1.8],[-3.6,1],[-3.2,0.3],[-4.2,-3.3],[-7.7,-8.4],[-10,-10.4],[-9.9,-9.8],[-9.4,-9.4],[-9.5,-8.7],[-9.5,-8.9],[-9.4,-9.3],[-10.1,-9.7],[-9.9,-10.8],[-12.6,-10.6],[-12.6,-9.9],[-12.8,-9.9],[-12.7,-9.6],[-12.4,-9.5],[-12.4,-8.9],[-12.5,-8.9]]]]}},{"type":"Feature","properties":{},"geometry":{"type":"MultiPolygon","coordinates":[[[[124.5,4.9],[124.7,4.6],[125.4,4.4],[129.7,2],[133.8,-3.1],[137.6,-9.2],[141.9,-15.7],[140.5,-18.2],[137.3,-16.4],[134.8,-14.2],[134,-14.4],[131.8,-12],[129.1,-8.6],[124.5,-3.1],[122.1,-0.2],[121.6,0.2],[121.7,0.9],[121.9,1.7],[122.4,1.8],[122.2,2.4],[122.8,2.6],[123.1,3.1],[123.5,3.7],[123.7,3.9],[124,4.3],[124.5,4.9]]]]}},{"type":"Feature","properties":{},"geometry":{"type":"MultiPolygon","coordinates":[[[[145.5,-27],[145,-25.9],[144.1,-25.3],[142.5,-24.9],[141.2,-24.2],[144.6,-23],[144.9,-22.6],[144.9,-20.9],[145.8,-19.3],[148.1,-19.7],[148.9,-23.9],[146.5,-27.1],[145.9,-27.3],[145.5,-27]]]]}},{"type":"Feature","properties":{},"geometry":{"type":"MultiPolygon","coordinates":[[[[137.9,-23.4],[138.4,-22],[138.5,-21.8],[138.3,-17.9],[142.1,-17.7],[145.3,-16.8],[147.7,-17.6],[147.7,-18.1],[147.8,-19],[147.1,-19.7],[145.1,-20.5],[144.9,-22.5],[144.7,-22.9],[141.6,-23.5],[137.9,-23.4]]]]}},{"type":"Feature","properties":{},"geometry":{"type":"MultiPolygon","coordinates":[[[[148.1,-19.7],[147.7,-18.6],[147.7,-17.6],[148,-17.4],[149.5,-21],[148.1,-19.7]]]]}},{"type":"Feature","properties":{},"geometry":{"type":"MultiPolygon","coordinates":[[[[149.6,-20.9],[150.6,-14.9],[153.2,-17.2],[153.9,-17.9],[153.6,-18.2],[153.5,-18.4],[153.7,-18.5],[153.8,-18.6],[153.8,-18.8],[154,-19.2],[153.4,-19],[149.6,-20.9]]]]}},{"type":"Feature","properties":{},"geometry":{"type":"MultiPolygon","coordinates":[[[[154,-17.7],[151.2,-14.8],[152.9,-14.2],[154.1,-13.8],[154.5,-14.4],[154.5,-14.8],[154.6,-15.2],[154.6,-15.7],[154.6,-16.2],[154.5,-16.5],[154.6,-16.6],[154.5,-16.8],[154.3,-17.3],[154.2,-17.6],[154,-17.7]]]]}},{"type":"Feature","properties":{},"geometry":{"type":"MultiPolygon","coordinates":[[[[122.2,-0.4],[126.8,-5.9],[131.4,-11.3],[127.1,-12.1],[122.1,-14.2],[121.2,-14.4],[121.1,-14],[121,-13.3],[120.7,-12.7],[120.7,-12.2],[121,-12],[120.7,-11.8],[120.4,-11.4],[120,-11.2],[119.8,-10.2],[120,-9.5],[120.4,-8.5],[120.6,-8.2],[120.4,-7.5],[120.1,-7.4],[120.2,-5.9],[120.5,-5.4],[121.4,-6.2],[121.1,-5.6],[120.9,-4.9],[121.1,-4.6],[121.3,-4],[121.4,-4.3],[121.2,-2.9],[121.3,-2],[121,-1.3],[121.1,-1.1],[121.5,-1.1],[122,-1.1],[122.1,-0.7],[122.2,-0.4]]]]}},{"type":"Feature","properties":{},"geometry":{"type":"MultiPolygon","coordinates":[[[[122.1,-0.2],[121.8,-0.1],[121.9,0],[122.1,-0.2]]]]}},{"type":"Feature","properties":{},"geometry":{"type":"MultiPolygon","coordinates":[[[[142.8,-4.5],[143.9,-7.9],[137.5,-6.2],[133.1,-1.8],[131.4,2],[137.4,-0.8],[142.8,-4.5]]]]}},{"type":"Feature","properties":{},"geometry":{"type":"MultiPolygon","coordinates":[[[[144.5,-9],[142.8,-4],[144.1,-4.5],[145.6,-5.1],[147,-6.1],[148,-7.2],[149,-8.6],[149.8,-9.4],[149.1,-10.3],[144.5,-9]]]]}},{"type":"Feature","properties":{},"geometry":{"type":"MultiPolygon","coordinates":[[[[143.1,-17.3],[138.4,-10.9],[137.5,-6.2],[143.9,-7.9],[146.6,-14],[147.7,-17.6],[144.8,-17],[143.1,-17.3]]]]}},{"type":"Feature","properties":{},"geometry":{"type":"MultiPolygon","coordinates":[[[[144.5,-9],[150.4,-11],[151.2,-14.7],[151.9,-14.2],[149.3,-16.1],[145.9,-12.3],[144.5,-9]]]]}},{"type":"Feature","properties":{},"geometry":{"type":"MultiPolygon","coordinates":[[[[138.3,-27.2],[138.2,-27.2],[138.2,-27.1],[137.9,-27],[137.6,-26.9],[137.7,-26.6],[137.5,-26.6],[136.9,-27.3],[139.6,-23.8],[141.1,-24.7],[140.3,-27],[139.5,-27.9],[139.4,-28],[139.3,-28.1],[139.2,-28.3],[138.8,-28.3],[139,-27.9],[138.7,-27.4],[138.4,-27.2],[138.3,-27.2]]]]}},{"type":"Feature","properties":{},"geometry":{"type":"MultiPolygon","coordinates":[[[[130.8,-19.5],[131.5,-19],[130.7,-19.3],[131.4,-18],[132.3,-18.9],[132.7,-20.4],[130.8,-19.5]]]]}},{"type":"Feature","properties":{},"geometry":{"type":"MultiPolygon","coordinates":[[[[130.6,-18.7],[128,-14.2],[129.7,-11.5],[131.8,-12],[134,-14.4],[134.8,-14.2],[137.3,-16.4],[138.5,-19.8],[138.4,-22],[134,-21.8],[133.1,-19.9],[132.1,-18.6],[131.1,-18.2],[130.6,-18.7]]]]}},{"type":"Feature","properties":{},"geometry":{"type":"MultiPolygon","coordinates":[[[[130.8,-19.5],[135.9,-22.6],[136.2,-27.3],[135.4,-27.8],[134.5,-27.7],[134.3,-27.8],[133.7,-27.7],[133.6,-27.8],[133.3,-27.8],[133.3,-27.6],[133.3,-27.3],[133.2,-27],[132.5,-27.4],[132.4,-27.6],[132.5,-27.9],[132,-27.5],[131.8,-27.3],[131.8,-27.5],[131.5,-27.9],[130.5,-27.9],[129.2,-26.9],[129,-26.2],[129.5,-26.5],[129.5,-26.2],[129.6,-26.2],[130,-26.1],[129.7,-26],[129.3,-25.8],[129.1,-25.4],[129.2,-25.3],[129.1,-24.8],[128.5,-24.4],[127.6,-23.4],[126.6,-22],[126.9,-21.3],[127.4,-21.3],[127.7,-20.9],[128,-21.2],[128.1,-20.8],[128.5,-20.8],[128.8,-21.1],[128.9,-20.9],[128.9,-20.5],[129.3,-20.1],[129.9,-20],[130.5,-19.8],[130.8,-19.5]]]]}},{"type":"Feature","properties":{},"geometry":{"type":"MultiPolygon","coordinates":[[[[121.3,-15],[125.7,-12.5],[128.5,-15.4],[130.6,-19.2],[130.3,-19],[129.7,-19.1],[129.3,-19.2],[128.9,-19.3],[128.4,-19.5],[127.8,-19.6],[127.3,-19.5],[127,-19.2],[126.9,-19.1],[126.4,-19],[126.2,-18.8],[125.7,-18.7],[125.2,-18.7],[123.7,-17.8],[123.4,-17.4],[122.7,-17.1],[121.9,-16.2],[121.8,-15.6],[121.3,-15]]]]}},{"type":"Feature","properties":{},"geometry":{"type":"MultiPolygon","coordinates":[[[[40.1,-19.2],[39.4,-17.5],[38.6,-15.1],[37.8,-13.4],[37.1,-12],[37.1,-9.2],[38.6,-10.4],[40.2,-13.8],[41.5,-17.4],[42.3,-20.8],[40.1,-19.2]]]]}},{"type":"Feature","properties":{},"geometry":{"type":"MultiPolygon","coordinates":[[[[40.1,-19.2],[39.4,-17.5],[38.6,-15.1],[37.8,-13.4],[37.1,-12],[37.1,-9.2],[38.6,-10.4],[40.2,-13.8],[41.5,-17.4],[42.3,-20.8],[40.1,-19.2]]]]}}]}