{"type":"FeatureCollection","features":[{"type":"Feature","properties":{},"geometry":{"type":"MultiPolygon","coordinates":[[[[129.4,29.6],[127.6,28.7],[126.3,28.6],[124.8,28],[123.5,26.7],[122.3,21.8],[119.5,22.3],[117.5,23],[119.2,24.1],[120.8,27.4],[123.9,28.9],[125.3,29.7],[126.3,30.2],[129.4,29.6]]]]}},{"type":"Feature","properties":{},"geometry":{"type":"MultiPolygon","coordinates":[[[[136.4,27.3],[135.8,26.9],[134.8,28.2],[133.6,27.8],[132.3,27.3],[130.6,27.2],[129.6,26.8],[129.4,26.8],[129.6,26.9],[130,27.3],[131.1,28.1],[134.9,28.9],[136.4,27.3]]]]}},{"type":"Feature","properties":{},"geometry":{"type":"MultiPolygon","coordinates":[[[[129.7,26.4],[129.2,26.1],[129.4,26.4],[129.8,26.7],[129.7,26.4]]]]}},{"type":"Feature","properties":{},"geometry":{"type":"MultiPolygon","coordinates":[[[[129.3,24.8],[126.5,23.1],[127.2,24.3],[127.9,24.9],[128.2,25.2],[128.9,25.3],[129.2,24.9],[129.3,24.8]]]]}},{"type":"Feature","properties":{},"geometry":{"type":"MultiPolygon","coordinates":[[[[137.4,28.7],[137.1,28.5],[136.8,28],[135.6,28.5],[132.2,28.1],[130.4,28],[130.2,28.3],[129.4,28.2],[128.9,27.9],[128,27.4],[127.4,26.8],[126.6,27],[126.1,26.5],[126.8,25.8],[127.2,25.7],[127,25],[126.9,23.7],[126.5,23],[125.5,20.8],[125,19.7],[124.5,19.4],[123.4,19.9],[122.6,20.1],[122.6,23.2],[123.8,27],[125.2,28.3],[126.7,28.6],[128,29],[129.7,29.7],[131.8,29.8],[133.3,29.8],[135.2,29.8],[136,29.6],[137,29],[137.4,28.7]]]]}},{"type":"Feature","properties":{},"geometry":{"type":"MultiPolygon","coordinates":[[[[74.2,39.1],[75.3,42],[76.4,44.4],[77.5,45.4],[79.7,44.9],[80.4,41.6],[79.8,38.7],[79.6,37.5],[79.8,34.5],[80.1,32.1],[79.8,32.9],[78.1,34.9],[76.1,32.8],[74.9,31.6],[73.8,29.9],[73.7,31.7],[73.6,32.9],[73.4,35.2],[73.5,37.3],[74.2,39.1]]]]}},{"type":"Feature","properties":{},"geometry":{"type":"MultiPolygon","coordinates":[[[[124.4,29.2],[121.2,28.5],[117.4,28.1],[114.6,26.6],[112.9,27.7],[117.9,29.6],[121.4,29.7],[124.4,29.2]]]]}},{"type":"Feature","properties":{},"geometry":{"type":"MultiPolygon","coordinates":[[[[82.1,43.8],[82.3,40.7],[80.8,39.5],[79.8,38.7],[80.4,41.6],[79.7,44.9],[82.1,43.8]]]]}},{"type":"Feature","properties":{},"geometry":{"type":"MultiPolygon","coordinates":[[[[5,29.9],[5.6,29.8],[5.9,29.9],[7.1,29.7],[8.2,29.6],[7.5,29.8],[6.7,30.2],[6.3,30.3],[6.5,30.1],[5.8,30.2],[5.9,30.7],[5.9,31],[5.8,31.3],[5.3,31.4],[4.3,33.3],[3.2,34.6],[5.6,37.3],[8.2,39.8],[9.9,40.2],[9,38.2],[8.5,37.4],[6,35.8],[4.1,34.9],[4.7,34],[5.5,32.2],[6.6,31.2],[8.3,30.1],[9.2,29.7],[11.3,29.2],[12.7,26.6],[14.1,25.4],[14.1,25.1],[14.3,24.7],[13.9,24.3],[13.8,24.1],[13.4,24.3],[12.8,24],[12.2,24.1],[11.7,23.5],[11.2,23.9],[10.5,24.5],[10.3,25.1],[9.7,25.8],[9.2,26.9],[8,27.2],[7.1,27.7],[6.7,28.1],[6.4,28.2],[6,28.2],[6.2,28.5],[5.6,28.8],[5.2,29.4],[5,29.9]]]]}},{"type":"Feature","properties":{},"geometry":{"type":"MultiPolygon","coordinates":[[[[5.8,31.9],[7.6,33.5],[8.9,35.1],[8.2,36.6],[8.7,37.8],[9.6,34.7],[9.4,33.9],[9.4,33.4],[9,32.5],[8.5,31.5],[7.3,30.9],[5.8,31.9]]]]}},{"type":"Feature","properties":{},"geometry":{"type":"MultiPolygon","coordinates":[[[[14.1,48.4],[16.7,47.3],[16.6,47],[17.5,45.3],[18.1,45],[18.1,44.2],[14.3,41.3],[10.9,41.1],[12.1,43.9],[13.4,46],[13.4,46.1],[14,47.4],[14.1,48.4]]]]}},{"type":"Feature","properties":{},"geometry":{"type":"MultiPolygon","coordinates":[[[[8.7,37.8],[9.3,38.8],[10,40.4],[11.1,40.1],[14,39.6],[16.2,40],[17.3,39.9],[17,39.3],[15,37.2],[12.7,33.5],[10.9,31.9],[10.5,31.5],[9.4,30.5],[8.3,30.1],[8.5,31.6],[9.1,32.9],[9.4,33.5],[9.5,34],[9.5,35.5],[8.7,37.8]]]]}},{"type":"Feature","properties":{},"geometry":{"type":"MultiPolygon","coordinates":[[[[8.7,42],[13.3,40.9],[17.6,40.6],[18.3,40.2],[18.6,39.9],[17.7,39.9],[16.2,40],[15.3,39.8],[12.6,39.7],[10.2,40.3],[9.1,41.3],[8.7,42]]]]}},{"type":"Feature","properties":{},"geometry":{"type":"MultiPolygon","coordinates":[[[[180,-86.4],[-180,-88.2],[-172.8,-86.1],[-105.7,-84.7],[-70.7,-87.1],[-26.5,-88.9],[94,-88.6],[148.2,-87.4],[161,-86.7],[180,-86.4]]]]}},{"type":"Feature","properties":{},"geometry":{"type":"MultiPolygon","coordinates":[[[[-150.7,-85.7],[-135.3,-83.8],[-129,-80.6],[-121.5,-78],[-119.1,-76.7],[-116.9,-75],[-115.3,-72.8],[-112.2,-73.4],[-110.1,-73.9],[-108.4,-74.3],[-105,-75.3],[-104.6,-76.3],[-106.4,-77.5],[-111.5,-78.6],[-121.6,-79.9],[-118.7,-81.7],[-113.4,-83.5],[-150.7,-85.7]]]]}},{"type":"Feature","properties":{},"geometry":{"type":"MultiPolygon","coordinates":[[[[47.6,-65.3],[51.8,-70],[45.9,-67.3],[44.4,-66.4],[46.2,-65.4],[47.6,-65.3]]]]}},{"type":"Feature","properties":{},"geometry":{"type":"MultiPolygon","coordinates":[[[[53,-70.2],[47.6,-65.3],[48.6,-64.6],[53,-65.9],[55,-66.3],[53.8,-70.1],[53,-70.2]]]]}},{"type":"Feature","properties":{},"geometry":{"type":"MultiPolygon","coordinates":[[[[45.5,-64],[46.2,-65.4],[44.4,-66.4],[45.9,-67.3],[51.8,-70],[52.1,-72.2],[46.1,-72.2],[41.5,-71.5],[36.3,-67.2],[38.1,-65],[45.1,-64.4],[45.5,-64]]]]}},{"type":"Feature","properties":{},"geometry":{"type":"MultiPolygon","coordinates":[[[[36.3,-67.2],[29.4,-68.8],[21.4,-67.9],[13.2,-68],[1.4,-68.1],[-5.2,-67.2],[-9.6,-64.9],[-6.5,-65.4],[5.5,-67.2],[16.4,-67],[31.5,-67.7],[36.3,-67.2]]]]}},{"type":"Feature","properties":{},"geometry":{"type":"MultiPolygon","coordinates":[[[[2.2,-54.3],[1.6,-50],[4.6,-48.3],[9.8,-49],[11.4,-51.1],[9.8,-53],[7.1,-54.4],[5.6,-55.9],[2.5,-55.8],[2.2,-54.3]]]]}},{"type":"Feature","properties":{},"geometry":{"type":"MultiPolygon","coordinates":[[[[2.1,-52.3],[2.4,-56],[3.5,-60.5],[0.8,-62.5],[-0.1,-62.3],[-0.8,-61.8],[-0.4,-62.7],[-0.5,-62.9],[-3.6,-64.3],[-7.5,-63.1],[-5.2,-57.1],[-4,-56.9],[-2.9,-55.7],[-2.7,-53.7],[-2.2,-53.9],[-1.7,-53.6],[-1,-52.8],[-1.4,-52.3],[-0.7,-51.8],[-0.4,-51.2],[0.1,-50],[1.5,-50.5],[2.1,-52.3]]]]}},{"type":"Feature","properties":{},"geometry":{"type":"MultiPolygon","coordinates":[[[[-4,-47.9],[-5.6,-49],[-6.6,-49.9],[-9,-51.5],[-10.8,-52],[-9,-50.6],[-7.7,-49.8],[-6.2,-48.9],[-5.3,-48.1],[-3.3,-47.2],[-4,-47.9]]]]}},{"type":"Feature","properties":{},"geometry":{"type":"MultiPolygon","coordinates":[[[[5.9,-42.5],[3.5,-46.2],[0.5,-49.5],[-0.3,-49.7],[-0.6,-49.4],[-1.5,-48.9],[-2,-48.4],[-3.2,-47.6],[-4.2,-47.8],[-5.5,-47.8],[-5.5,-47.2],[-6.9,-47.5],[-7.7,-48.3],[-7.8,-47.7],[-8.3,-47.7],[-8.3,-47.2],[-8.8,-47.5],[-9.2,-46.4],[-8.4,-42.4],[-6.5,-38.9],[-1,-39.4],[3.2,-39.2],[3.8,-39.2],[5.9,-42.5]]]]}},{"type":"Feature","properties":{},"geometry":{"type":"MultiPolygon","coordinates":[[[[-30,-70],[-37.1,-71.2],[-37.7,-71.5],[-38.4,-71.7],[-44.5,-71.5],[-57.1,-72.4],[-69.9,-73.4],[-67.4,-71.4],[-62.3,-69.6],[-47.9,-69.2],[-40.2,-67.4],[-34.8,-66.4],[-32.8,-68.2],[-30,-70]]]]}},{"type":"Feature","properties":{},"geometry":{"type":"MultiPolygon","coordinates":[[[[-42.7,-56.5],[-49.7,-58.2],[-50.7,-53.4],[-52.5,-49.2],[-55,-47.1],[-55.9,-45.7],[-52,-46.3],[-53.9,-43.2],[-57.8,-41.1],[-57,-38.7],[-54.8,-39.3],[-52,-40.1],[-49.7,-40.7],[-49.8,-40.9],[-49.9,-41],[-49.3,-41.4],[-49,-42],[-48.7,-43.8],[-49.4,-44.2],[-48.7,-43.9],[-48.4,-44.1],[-48.5,-44.9],[-48,-45.3],[-46.8,-46.2],[-46.7,-46.1],[-45.9,-46.6],[-45.6,-46.6],[-44.4,-47.2],[-44.3,-47.3],[-43.2,-48.5],[-43.2,-48.9],[-42.9,-49],[-42.9,-49.2],[-42.6,-49.6],[-42.6,-50],[-42.7,-50.7],[-42.9,-51.6],[-43.2,-52.1],[-42.3,-52.9],[-42.7,-53.3],[-43.6,-53.4],[-44.9,-53.7],[-45.8,-53.7],[-47.8,-54.2],[-49.3,-54.1],[-46.9,-54.6],[-46.1,-54.7],[-46.5,-55.3],[-46.3,-55.7],[-45.6,-55.8],[-45.2,-56.1],[-44.5,-56.1],[-45.4,-56.5],[-45.4,-56.7],[-44.4,-56.3],[-43.2,-56.3],[-42.7,-56.4],[-42.7,-56.5]]]]}},{"type":"Feature","properties":{},"geometry":{"type":"MultiPolygon","coordinates":[[[[-42,-56],[-42.6,-56.2],[-42,-55.9],[-42,-56]]]]}},{"type":"Feature","properties":{},"geometry":{"type":"MultiPolygon","coordinates":[[[[-43.6,-54.7],[-42.5,-55.1],[-42.4,-55.7],[-43.2,-56],[-43.5,-56],[-43.6,-56],[-44,-56.1],[-44.4,-55.9],[-44.6,-55.8],[-45.2,-55.9],[-46.5,-55.5],[-45.8,-55],[-45.8,-54.5],[-45.5,-54.6],[-45.2,-54.4],[-45.2,-54.2],[-44.5,-54.2],[-43.6,-54.7]]]]}},{"type":"Feature","properties":{},"geometry":{"type":"MultiPolygon","coordinates":[[[[-46.2,-54.2],[-48.1,-54.5],[-47.3,-54.2],[-46.5,-54.1],[-46.2,-54.2]]]]}},{"type":"Feature","properties":{},"geometry":{"type":"MultiPolygon","coordinates":[[[[-39.6,-56.7],[-39.6,-56.8],[-38.9,-58.3],[-38.1,-59.6],[-38.6,-59.7],[-38.3,-59.7],[-34.1,-60.1],[-33.1,-60.4],[-32.7,-60.4],[-32.3,-61.3],[-35.4,-63.1],[-49.5,-64.2],[-58.2,-64.4],[-69.7,-65],[-78.7,-65],[-96,-63.4],[-93.1,-61.2],[-88.5,-58.7],[-94.4,-56.6],[-92.2,-54.2],[-83.8,-53.9],[-83.2,-57.1],[-81.3,-62.2],[-76.1,-60.7],[-70.9,-60.9],[-64.3,-62.9],[-58.5,-63.3],[-54.7,-61.8],[-50.5,-60.3],[-45,-58],[-42.7,-56.4],[-41.6,-55.9],[-41.4,-55.9],[-40.9,-56],[-40.9,-56.2],[-40.7,-56.3],[-40.4,-56.2],[-40.2,-56.3],[-40.3,-56.5],[-39.8,-56.5],[-39.6,-56.6],[-39.6,-56.7]]]]}},{"type":"Feature","properties":{},"geometry":{"type":"MultiPolygon","coordinates":[[[[-29.9,-70],[-30.6,-70.2],[-35.6,-71.2],[-36,-70.9],[-36.6,-71.2],[-30,-70],[-29.9,-70]]]]}},{"type":"Feature","properties":{},"geometry":{"type":"MultiPolygon","coordinates":[[[[-62.7,-65.1],[-66,-65.6],[-70.6,-67.7],[-70.5,-70.4],[-72.4,-72.9],[-60.1,-73.1],[-47.3,-71.3],[-38.4,-71.8],[-38.9,-72.1],[-39.9,-72.7],[-44.6,-74.5],[-45.8,-75],[-52.2,-76.1],[-55.5,-76.3],[-58,-76.4],[-65.6,-76.6],[-68.4,-76.7],[-70.9,-75.9],[-70.9,-75.8],[-72.8,-75.1],[-73.2,-74.9],[-74.8,-74.7],[-75,-74.9],[-75.6,-74.7],[-76.9,-74.5],[-79.2,-73.9],[-79.8,-73.7],[-83.6,-73],[-86.4,-72.7],[-86.2,-72.6],[-86.6,-72.4],[-87,-72.3],[-88.3,-72.5],[-90,-72.5],[-91.8,-72.7],[-93,-72.8],[-94.3,-72.9],[-96.7,-73],[-96.6,-70.9],[-96.3,-66],[-87.6,-64.4],[-73.3,-65.1],[-78.1,-65.8],[-82,-65.6],[-87.8,-65.5],[-92.4,-64.6],[-95.5,-65.5],[-90.8,-66.8],[-85.4,-68],[-80.3,-69.3],[-76.2,-70.7],[-73.4,-69],[-71.7,-67.2],[-71.4,-65.2],[-63,-64.8],[-62.7,-65.1]]]]}},{"type":"Feature","properties":{},"geometry":{"type":"MultiPolygon","coordinates":[[[[-83.5,-53.4],[-95.2,-54.3],[-93,-52.3],[-89.8,-51.2],[-88.6,-49.8],[-88.3,-48.2],[-88.2,-45.6],[-87.8,-45.1],[-87.4,-44.2],[-87,-43.9],[-85.5,-42.8],[-84.8,-41.9],[-83.8,-40.5],[-83.1,-39.8],[-83,-39.7],[-82.4,-39],[-81.4,-37.2],[-81.1,-35.9],[-80.6,-35.7],[-80.2,-35.2],[-78.3,-35.1],[-77.7,-35.2],[-76.9,-35],[-76.1,-34.9],[-74.1,-35],[-73.8,-35.7],[-77.7,-38.3],[-78.3,-41.4],[-81.1,-44.1],[-82.1,-45.8],[-81.9,-48.5],[-81.8,-52],[-83.5,-53.4]]]]}},{"type":"Feature","properties":{},"geometry":{"type":"MultiPolygon","coordinates":[[[[-113.8,-55.9],[-118.5,-56.9],[-124.8,-58.7],[-122.1,-59.9],[-118.9,-60.7],[-126.5,-62.4],[-126.9,-62.4],[-126.1,-61],[-124,-55.3],[-123,-53.3],[-122.5,-53.7],[-121.9,-53.6],[-120.6,-53.8],[-119.4,-54],[-117.3,-54.1],[-115.5,-54.1],[-114.2,-54.2],[-113.4,-53.9],[-112.6,-54.7],[-113.8,-55.9]]]]}},{"type":"Feature","properties":{},"geometry":{"type":"MultiPolygon","coordinates":[[[[-95.2,-54.3],[-98.9,-56],[-109.1,-57.2],[-104,-55.8],[-110.1,-55.6],[-109.1,-53.6],[-108.2,-53.7],[-107.5,-53.7],[-105.7,-53.6],[-103.9,-53.5],[-102.6,-53.5],[-101.5,-53.5],[-100,-53.5],[-96.9,-52.9],[-96.3,-52.7],[-95,-52.7],[-95.2,-54.3]]]]}},{"type":"Feature","properties":{},"geometry":{"type":"MultiPolygon","coordinates":[[[[-96,-63.4],[-96.4,-68.5],[-97,-72.9],[-97.6,-72.9],[-102.6,-72],[-108.8,-70.4],[-108.4,-70.6],[-107.4,-70.9],[-106.1,-71.1],[-103.9,-71.5],[-103.4,-71.5],[-104,-71.2],[-102.9,-71],[-105.4,-71],[-105.8,-70.9],[-106.7,-70.6],[-107.7,-70.4],[-108.7,-70.2],[-109.1,-70.4],[-110,-70.2],[-114.8,-69],[-116.3,-68.5],[-113.8,-68.3],[-107.4,-68.4],[-105.8,-67.3],[-105.3,-66.7],[-104.8,-65.5],[-104.1,-64],[-105.9,-61],[-115.4,-60.3],[-115.9,-59.7],[-101.2,-60.4],[-95.9,-62.1],[-96,-63.4]]]]}},{"type":"Feature","properties":{},"geometry":{"type":"MultiPolygon","coordinates":[[[[-105.5,-65],[-110.7,-67.3],[-116.6,-67.5],[-116.3,-66.6],[-116.1,-66.7],[-114.7,-65.4],[-111.9,-65.2],[-113.3,-64.9],[-113.8,-64.9],[-114.4,-65],[-115,-64.9],[-117.7,-66],[-119.9,-66],[-120.5,-66.2],[-115.6,-61.2],[-103.9,-61.6],[-105.5,-65]]]]}},{"type":"Feature","properties":{},"geometry":{"type":"MultiPolygon","coordinates":[[[[-47.6,-1.9],[-49,-2.7],[-50.6,-3.5],[-51.1,-4.2],[-51.4,-4.5],[-51.9,-4.4],[-52.8,-4],[-52.5,-2.9],[-53.3,-1.9],[-54.3,-1],[-54.6,-0.6],[-53.9,0.4],[-52.4,0.8],[-51.2,1],[-50.5,0.8],[-49.4,0.6],[-48.8,0.4],[-47.5,0],[-47.5,-0.6],[-47.7,-1.6],[-47.6,-1.9]]]]}},{"type":"Feature","properties":{},"geometry":{"type":"MultiPolygon","coordinates":[[[[-39.7,-7.3],[-42,-6.3],[-42.8,-5.4],[-43.4,-4.4],[-41.3,-5.2],[-40.8,-5.9],[-40.8,-6.2],[-39.7,-7.3]]]]}},{"type":"Feature","properties":{},"geometry":{"type":"MultiPolygon","coordinates":[[[[-27.3,5.7],[-26.5,5.5],[-26.3,5.5],[-26.1,5.4],[-25.8,5.5],[-26,5.5],[-24.6,6.4],[-23.5,6.5],[-22.7,6.6],[-22.6,6.5],[-22.9,6.5],[-23,6.5],[-23.4,6.4],[-23.6,6.3],[-23.8,6.4],[-23.8,6.3],[-23.7,6],[-23.7,6.1],[-24.3,6],[-23.9,5.9],[-24.1,5.6],[-24.3,5.4],[-24.4,5.1],[-25,4.7],[-25.5,5.4],[-25.7,4.9],[-25.3,4.8],[-25.2,4.4],[-25.1,4.1],[-26.1,4],[-26.1,4.4],[-26.2,4.3],[-26.5,4.6],[-26.7,4.8],[-27,4.9],[-27,5],[-27.2,5],[-27.4,5.2],[-27.3,5.4],[-27.3,5.7]]]]}},{"type":"Feature","properties":{},"geometry":{"type":"MultiPolygon","coordinates":[[[[-28.5,5.9],[-27.7,5.5],[-27.6,5.1],[-28.1,5.5],[-28.1,5.3],[-28.3,5.1],[-27.9,5.1],[-27.9,4.8],[-28,4.6],[-27.8,4.4],[-27.6,4.1],[-27.3,4],[-27,4],[-26.4,3.8],[-26.1,3.3],[-26.5,2.9],[-26.5,2.7],[-27.1,2.6],[-27.3,2.9],[-27.5,2.9],[-27.8,3.3],[-28.1,3.3],[-28.3,3.5],[-28.6,3.7],[-28.5,4],[-28.9,4.1],[-29,4.3],[-29.1,4.4],[-29,4.7],[-28.6,5.1],[-28.4,5.9],[-28.5,5.9]]]]}},{"type":"Feature","properties":{},"geometry":{"type":"MultiPolygon","coordinates":[[[[-30.1,6.5],[-29.4,6.2],[-29.6,6],[-29.8,6],[-29.8,5.9],[-29.9,5.9],[-30.3,5.9],[-30.5,6.1],[-30.3,6.5],[-30.1,6.5]]]]}},{"type":"Feature","properties":{},"geometry":{"type":"MultiPolygon","coordinates":[[[[-29,5.5],[-29.8,4.9],[-29.8,5.2],[-29.8,5.4],[-29.4,5.6],[-29.2,5.6],[-29,5.5]]]]}},{"type":"Feature","properties":{},"geometry":{"type":"MultiPolygon","coordinates":[[[[-52.7,4.5],[-52.3,5.7],[-51.8,6.1],[-50.4,6],[-49.9,5.9],[-48.5,5.5],[-51.2,5.3],[-52.7,4.5]]]]}},{"type":"Feature","properties":{},"geometry":{"type":"MultiPolygon","coordinates":[[[[-52.2,-7.4],[-54.9,-9.8],[-56.9,-10.9],[-58.7,-10.8],[-60.1,-9.3],[-62,-7.8],[-63.1,-6.9],[-65.1,-5.4],[-64.7,-3.7],[-62.5,-4.5],[-61,-4.8],[-59,-5.8],[-58.7,-5.4],[-58.7,-4.7],[-58,-4.3],[-56.6,-4.2],[-56.1,-3.9],[-54.9,-4.5],[-52.6,-5],[-51.2,-4.9],[-51.2,-5.2],[-51.6,-6.2],[-52.2,-7.4]]]]}},{"type":"Feature","properties":{},"geometry":{"type":"MultiPolygon","coordinates":[[[[-36.4,-20.8],[-36.7,-20.5],[-37.4,-20.8],[-37.6,-20.9],[-38.5,-21.2],[-38.9,-21.6],[-39.6,-22],[-39.8,-22.2],[-39.9,-22.2],[-40.1,-22.3],[-41.9,-21.9],[-41,-22.5],[-42.3,-23.6],[-43.4,-24.4],[-46.8,-25.6],[-50.8,-26.9],[-54,-27.8],[-56,-27.4],[-56.8,-25],[-58,-21.6],[-60,-21.8],[-62.3,-23.4],[-63.3,-23.4],[-63.2,-21.8],[-63.7,-20.8],[-64.3,-20],[-65.2,-19.4],[-65.7,-19.3],[-65.9,-19],[-66.1,-19.1],[-66.6,-19.5],[-67.2,-19.3],[-67.8,-19.5],[-67.3,-18.5],[-66.7,-16.9],[-66.8,-15.9],[-64.5,-17],[-63.8,-17.9],[-61.3,-18],[-59.8,-19.1],[-57.4,-20.8],[-54.5,-21.4],[-51.9,-21],[-47.8,-21.3],[-44.3,-20.9],[-43.5,-21.2],[-42.4,-19.6],[-42.2,-20.1],[-42.1,-20.3],[-41.8,-20.9],[-41.5,-20.7],[-41.3,-20.6],[-41.3,-20.1],[-41.4,-19.9],[-40.7,-19.7],[-40.7,-20],[-40.5,-19.6],[-39.9,-19.5],[-39.2,-19.6],[-39.1,-19.7],[-38.9,-19.6],[-38.2,-19.4],[-37.4,-19.5],[-37.2,-19.7],[-36.9,-20.2],[-36.7,-20.1],[-36.2,-20.3],[-36.4,-20.8]]]]}},{"type":"Feature","properties":{},"geometry":{"type":"MultiPolygon","coordinates":[[[[-44.8,-18.4],[-45.3,-19.8],[-47,-21.2],[-50.2,-21.2],[-54.2,-21.4],[-56.2,-21.2],[-58.6,-19.4],[-58.4,-17.7],[-56.3,-17.2],[-54.4,-16.9],[-53.6,-16.8],[-52.3,-17],[-50.4,-17],[-46.6,-17.6],[-46.1,-17.7],[-46.9,-18.3],[-48.1,-19.6],[-47.5,-20.4],[-46.5,-19.5],[-46.2,-19],[-45.4,-18.3],[-45.1,-18.4],[-44.8,-18.4]]]]}},{"type":"Feature","properties":{},"geometry":{"type":"MultiPolygon","coordinates":[[[[-56.6,-17.3],[-61.3,-18],[-63.8,-17.9],[-64.5,-17],[-66.8,-15.9],[-66.8,-15.2],[-67.7,-13.7],[-67.8,-12.7],[-67.6,-11.5],[-66.7,-11.6],[-65.1,-12.5],[-63.5,-13.2],[-63.3,-14.1],[-59.3,-16.1],[-56.9,-16.7],[-56.2,-17.1],[-56.6,-17.3]]]]}},{"type":"Feature","properties":{},"geometry":{"type":"MultiPolygon","coordinates":[[[[-27,-3.5],[-26.7,-4.3],[-27,-4.2],[-27.2,-4.2],[-27.1,-4.3],[-27.3,-4.5],[-27.1,-4.6],[-27,-4.7],[-27,-4.8],[-27.4,-5.2],[-29.6,-4.9],[-29.9,-4.7],[-29.6,-4.4],[-29.8,-4.4],[-29.8,-4.3],[-29.9,-4.5],[-30.1,-4.5],[-30,-4.4],[-29.9,-4.2],[-30.1,-4.1],[-30.1,-4.3],[-30.3,-4.4],[-30.6,-4.1],[-30.9,-4],[-31.1,-4],[-31.4,-3.9],[-31.4,-3.7],[-31.4,-3.3],[-30.9,-3.1],[-30.7,-2.9],[-30.2,-3.4],[-29.8,-3.4],[-29.3,-3.4],[-28.3,-2.9],[-28,-2.3],[-27,-3.5]]]]}},{"type":"Feature","properties":{},"geometry":{"type":"MultiPolygon","coordinates":[[[[-28.8,-1.4],[-29.7,-1.4],[-29.1,-1.1],[-28.8,-1.4]]]]}},{"type":"Feature","properties":{},"geometry":{"type":"MultiPolygon","coordinates":[[[[-25.4,-5],[-25.5,-5.3],[-25.5,-5.4],[-25.5,-5.6],[-25.6,-5.7],[-25.7,-5.9],[-25.7,-5.7],[-25.9,-5.5],[-26,-5.5],[-26.1,-5.4],[-26.1,-5.2],[-26,-5],[-26.2,-5],[-26.2,-4.7],[-25.4,-5]]]]}},{"type":"Feature","properties":{},"geometry":{"type":"MultiPolygon","coordinates":[[[[-25.1,-5.1],[-25.2,-5.3],[-25.2,-5.1],[-25.1,-5.1]]]]}},{"type":"Feature","properties":{},"geometry":{"type":"MultiPolygon","coordinates":[[[[-27.1,-7.8],[-27.1,-7.6],[-27.3,-7.5],[-27.2,-7.3],[-27.1,-4.9],[-27.1,-5.2],[-27,-5.3],[-26.9,-5.3],[-26.8,-5.5],[-26.9,-5.7],[-26.8,-5.6],[-26.8,-5.7],[-26.6,-5.5],[-26.6,-5.6],[-26.6,-5.9],[-26.5,-6],[-26.8,-6.1],[-26.7,-6.4],[-26.6,-6.5],[-26.7,-6.7],[-26.6,-7.1],[-26.7,-7.2],[-26.8,-6.6],[-26.9,-7],[-26.8,-7.2],[-26.8,-7.3],[-26.8,-7.6],[-27.1,-7.8]]]]}},{"type":"Feature","properties":{},"geometry":{"type":"MultiPolygon","coordinates":[[[[-26.5,-5.7],[-26.5,-5.9],[-26.6,-5.9],[-26.5,-5.7]]]]}},{"type":"Feature","properties":{},"geometry":{"type":"MultiPolygon","coordinates":[[[[-6.6,-8.2],[-6.3,-8.6],[-6.1,-8.9],[-6,-9],[-5.9,-9.1],[-5.6,-9],[-5.6,-9.3],[-5.5,-9.7],[-5.7,-10],[-5.5,-10.2],[-5.4,-10.3],[-5.9,-10.6],[-6.4,-10.4],[-6.7,-9.7],[-6.8,-9],[-6.7,-8.4],[-6.6,-8.1],[-6.6,-8.2]]]]}},{"type":"Feature","properties":{},"geometry":{"type":"MultiPolygon","coordinates":[[[[-3.6,-8.3],[-3.8,-8.9],[-4.2,-8.8],[-3.6,-8.3]]]]}},{"type":"Feature","properties":{},"geometry":{"type":"MultiPolygon","coordinates":[[[[-4.8,-8.7],[-4.6,-8.7],[-4.3,-9],[-4.4,-9.3],[-4.1,-9.6],[-4,-9.9],[-4.4,-9.8],[-4.5,-9.6],[-4.9,-9.6],[-5.2,-9.5],[-5,-9.1],[-4.9,-9.1],[-4.8,-9.3],[-4.7,-9.2],[-4.9,-9],[-4.8,-8.7]]]]}},{"type":"Feature","properties":{},"geometry":{"type":"MultiPolygon","coordinates":[[[[-5.1,-9.8],[-5.1,-10.3],[-5.5,-10.1],[-5.4,-10],[-5.2,-9.9],[-5.1,-9.9],[-5.1,-9.8]]]]}},{"type":"Feature","properties":{},"geometry":{"type":"MultiPolygon","coordinates":[[[[-4.1,-10.2],[-4.5,-10.2],[-4.2,-10],[-4.1,-10.2]]]]}},{"type":"Feature","properties":{},"geometry":{"type":"MultiPolygon","coordinates":[[[[-3.4,-9.4],[-3,-9.5],[-3.1,-9.6],[-3.2,-9.7],[-3.3,-9.5],[-3.2,-9.4],[-3.4,-9.6],[-3.4,-9.4]]]]}},{"type":"Feature","properties":{},"geometry":{"type":"MultiPolygon","coordinates":[[[[-173.9,-84.7],[-158.7,-83.9],[-151.8,-83.3],[-137.7,-80.6],[-128.7,-78.7],[-121.7,-77.1],[-119.9,-75.2],[-117.7,-74],[-122.3,-73.7],[-128.5,-73.2],[-130.1,-72.8],[-120.3,-72.5],[-116.4,-72.6],[-115.3,-73.5],[-117.8,-75.5],[-119.7,-77],[-123.2,-78.6],[-130.4,-81.2],[-137.6,-84.7],[-153.9,-85.8],[-173.9,-84.7]]]]}},{"type":"Feature","properties":{},"geometry":{"type":"MultiPolygon","coordinates":[[[[180,-84.7],[165.5,-85.6],[140.9,-84.7],[124.7,-82.3],[132.5,-81.7],[135.7,-81.4],[151.2,-81.8],[153.4,-81.6],[156.5,-81.4],[155.8,-82.2],[161.1,-82.9],[172,-84.4],[176.9,-84.7],[180,-84.7]]]]}},{"type":"Feature","properties":{},"geometry":{"type":"MultiPolygon","coordinates":[[[[-180,-85.9],[-167.8,-85.2],[-169,-86.1],[-180,-85.9]]]]}},{"type":"Feature","properties":{},"geometry":{"type":"MultiPolygon","coordinates":[[[[33.8,-49.3],[35.4,-50.2],[35.6,-50.6],[36.2,-51.2],[40,-53.5],[39.7,-54],[41.8,-54.8],[42.2,-55.1],[40.4,-56.5],[38.8,-55.3],[35.5,-54.2],[32.8,-49.3],[33.8,-49.3]]]]}},{"type":"Feature","properties":{},"geometry":{"type":"MultiPolygon","coordinates":[[[[43.9,-52.2],[46.8,-53.8],[47.5,-54.4],[45.8,-56],[44.7,-56.6],[44.9,-56.4],[44.6,-55.8],[44.3,-55.7],[42.4,-54.7],[41.9,-54.4],[42.4,-53.5],[41.2,-52.8],[43.3,-52.4],[43.9,-52.2]]]]}},{"type":"Feature","properties":{},"geometry":{"type":"MultiPolygon","coordinates":[[[[29.7,-42.1],[29.4,-42.2],[28.8,-41.9],[29.7,-42.1]]]]}},{"type":"Feature","properties":{},"geometry":{"type":"MultiPolygon","coordinates":[[[[33.1,-47.9],[32.9,-47.5],[32.8,-47],[33,-47.8],[33.1,-47.9]]]]}},{"type":"Feature","properties":{},"geometry":{"type":"MultiPolygon","coordinates":[[[[34.5,-46.9],[33.5,-47.1],[33.8,-47],[34.2,-46.9],[34.5,-46.9]]]]}},{"type":"Feature","properties":{},"geometry":{"type":"MultiPolygon","coordinates":[[[[33.1,-48],[33.3,-48.4],[33.7,-49.2],[29.4,-49.3],[24.4,-49.7],[17.6,-49],[13.6,-46.9],[7.7,-46.3],[2.5,-48.1],[5.1,-44.2],[7.2,-42.7],[7.6,-42.9],[7.9,-43.3],[10.2,-44.4],[12,-45.4],[13.3,-46.6],[16.6,-47.8],[17.4,-46.3],[19.3,-45.7],[21.3,-46],[21.5,-46.4],[23.8,-47.2],[26.5,-47.3],[27.3,-47.6],[29.9,-47.2],[30.3,-47],[30.5,-47.1],[31.1,-46.9],[31.8,-46.9],[32.3,-47.1],[32.6,-47.1],[32.6,-47],[32.9,-47.5],[32.9,-47.7],[33.1,-48]]]]}},{"type":"Feature","properties":{},"geometry":{"type":"MultiPolygon","coordinates":[[[[34.3,-42.3],[33.4,-43.3],[32.6,-43.6],[32,-43.3],[33.3,-42.8],[34.3,-42.3]]]]}},{"type":"Feature","properties":{},"geometry":{"type":"MultiPolygon","coordinates":[[[[19.3,-40],[19.1,-40.3],[19,-40.2],[19.3,-40]]]]}},{"type":"Feature","properties":{},"geometry":{"type":"MultiPolygon","coordinates":[[[[36.7,-55.8],[35.2,-57],[33.7,-57.1],[33,-57.8],[31.2,-58.6],[33.1,-56.3],[33.1,-50.8],[34.5,-52],[36.7,-55.8]]]]}},{"type":"Feature","properties":{},"geometry":{"type":"MultiPolygon","coordinates":[[[[57,-60.3],[58.1,-60.3],[59.9,-60.6],[61.8,-60.8],[61.6,-61.1],[61,-61.8],[62,-61.4],[62.8,-63.5],[62,-63.9],[60.6,-65.2],[59,-64.6],[58.1,-63.9],[57,-63.3],[56,-63],[55.3,-62.1],[54.3,-61.2],[57,-60.3]]]]}},{"type":"Feature","properties":{},"geometry":{"type":"MultiPolygon","coordinates":[[[[57,-60.3],[52.6,-60.3],[52.8,-59.9],[53.6,-60.1],[54.1,-60],[56.9,-60.3],[57,-60.3]]]]}},{"type":"Feature","properties":{},"geometry":{"type":"MultiPolygon","coordinates":[[[[52.6,-59.6],[52.8,-59.5],[52.2,-59.7],[52.3,-59.5],[52.6,-59.6]]]]}},{"type":"Feature","properties":{},"geometry":{"type":"MultiPolygon","coordinates":[[[[-9.2,-46.4],[-11.8,-48.3],[-13.5,-49.9],[-17.4,-51.4],[-19.1,-52.9],[-20,-51.8],[-23.4,-51.3],[-24.5,-51.2],[-27.5,-51.7],[-29.9,-50.3],[-27.5,-49.7],[-26.4,-47.8],[-26.7,-44.2],[-30.1,-44.3],[-29.2,-42.5],[-28.5,-40.2],[-23.9,-40.6],[-18.1,-42.9],[-13.6,-43.4],[-11.9,-43.3],[-11.9,-42],[-16.8,-39.7],[-18.5,-37.7],[-15,-38.8],[-12.1,-39.9],[-8.3,-40.3],[-9.2,-45.1],[-9.2,-46.4]]]]}},{"type":"Feature","properties":{},"geometry":{"type":"MultiPolygon","coordinates":[[[[-19.5,-53.5],[-18.5,-54.8],[-19.8,-56.8],[-23.2,-57.9],[-30.4,-59.7],[-30.7,-59.6],[-29.6,-59.3],[-29.4,-59],[-28.7,-58.9],[-28.8,-58.7],[-28.4,-58.6],[-28.2,-58.4],[-28.1,-58.3],[-28.5,-58.5],[-29,-58.7],[-29.1,-58.5],[-28.8,-58.3],[-29.2,-58],[-28.9,-57.5],[-29.2,-57.6],[-28.8,-57.1],[-29.2,-57.2],[-29.4,-57],[-29.4,-57.3],[-29.4,-57.8],[-29.5,-58],[-29.6,-58.2],[-29.4,-58.3],[-29.4,-58.6],[-29.7,-58.6],[-29.6,-58.9],[-29.8,-58.8],[-30.1,-59.2],[-30.4,-59.3],[-30.5,-59.4],[-31.1,-59.4],[-31.1,-59],[-31.5,-58.9],[-31.5,-59.6],[-32,-59.7],[-36.2,-58.9],[-37.2,-57.2],[-37.5,-57],[-39.9,-55.4],[-41.9,-54.4],[-41,-53.9],[-36.4,-53],[-35.3,-49.9],[-38,-47.4],[-30.7,-44.5],[-27.7,-43.7],[-25.3,-47],[-27.5,-49.3],[-29.7,-50.2],[-28.6,-51.3],[-24.9,-51.1],[-23.8,-51.4],[-20.8,-51.5],[-19.5,-53.5]]]]}},{"type":"Feature","properties":{},"geometry":{"type":"MultiPolygon","coordinates":[[[[-119.4,-66.7],[-122.2,-66.1],[-124.8,-64.3],[-120.2,-61.7],[-116.3,-63.6],[-119.4,-66.7]]]]}},{"type":"Feature","properties":{},"geometry":{"type":"MultiPolygon","coordinates":[[[[-57.8,-41.1],[-58.5,-44.4],[-57.7,-47.7],[-60.3,-50],[-60.7,-54.7],[-58.4,-58.7],[-61.9,-60.2],[-64,-58.8],[-66,-56],[-67.8,-52],[-65.2,-53.5],[-65.1,-52.5],[-65.5,-51.6],[-67.6,-50.7],[-65.7,-44.5],[-64,-41.2],[-63,-39.9],[-61.2,-39.3],[-58.9,-38.8],[-57.8,-40.6],[-57.8,-41.1]]]]}},{"type":"Feature","properties":{},"geometry":{"type":"MultiPolygon","coordinates":[[[[-21.3,-67.7],[-30.3,-67.2],[-36.9,-65.4],[-31.9,-65.3],[-23.8,-66.4],[-20.8,-66.4],[-20.9,-66.7],[-21,-67.2],[-21.3,-67.7]]]]}},{"type":"Feature","properties":{},"geometry":{"type":"MultiPolygon","coordinates":[[[[-67.5,-7.9],[-69.5,-8.2],[-69.4,-6.4],[-69.2,-5.8],[-68.2,-6.3],[-67.5,-7.6],[-67.5,-7.9]]]]}},{"type":"Feature","properties":{},"geometry":{"type":"MultiPolygon","coordinates":[[[[-67.5,-11.1],[-68.8,-10.5],[-69.4,-11.2],[-70,-10.4],[-69.7,-9.1],[-67.5,-8],[-67.8,-8.9],[-67.7,-10.3],[-67.5,-11.1]]]]}},{"type":"Feature","properties":{},"geometry":{"type":"MultiPolygon","coordinates":[[[[-50.3,1.5],[-51.5,2.3],[-49.2,4.9],[-46.9,5.3],[-45.1,4.6],[-44.3,4.3],[-44.6,4.2],[-46.5,4.2],[-48.4,3.5],[-50.2,1.7],[-50.3,1.5]]]]}},{"type":"Feature","properties":{},"geometry":{"type":"MultiPolygon","coordinates":[[[[-45.5,-17.1],[-46.6,-17.6],[-49.6,-17.2],[-51.6,-17.3],[-51.2,-16.8],[-50,-16.2],[-49.7,-15.7],[-48.1,-15],[-47.6,-15.3],[-46.4,-16],[-45.6,-17],[-45.5,-17.1]]]]}},{"type":"Feature","properties":{},"geometry":{"type":"MultiPolygon","coordinates":[[[[-55.4,-16.8],[-58.7,-16.1],[-61.6,-15.1],[-63.7,-13.6],[-64,-12.8],[-65.8,-12.2],[-67.5,-11.1],[-67.7,-10.3],[-67.8,-8.9],[-67.5,-8],[-64.5,-5.8],[-62.9,-7.1],[-61.8,-7.4],[-59.7,-9.8],[-57.9,-10.9],[-57.1,-11.2],[-55.4,-11.8],[-54.1,-13.2],[-53.8,-14.1],[-53.4,-14.7],[-51.6,-15.1],[-50.7,-16.1],[-53.5,-16.3],[-54.5,-16.4],[-55.4,-16.8]]]]}},{"type":"Feature","properties":{},"geometry":{"type":"MultiPolygon","coordinates":[[[[-95.8,-60.9],[-95.4,-56.4],[-88.6,-58.2],[-90.3,-61.4],[-95.8,-60.9]]]]}},{"type":"Feature","properties":{},"geometry":{"type":"MultiPolygon","coordinates":[[[[-95.8,-60.9],[-108.6,-60.4],[-115.8,-59.1],[-106.6,-59],[-95.5,-57.9],[-95.8,-60.9]]]]}},{"type":"Feature","properties":{},"geometry":{"type":"MultiPolygon","coordinates":[[[[-25.4,-3.5],[-26.5,-3.2],[-28,-1.8],[-28,-1.5],[-28.1,-1],[-28.1,-0.8],[-28.2,-0.5],[-28.2,-0.4],[-28.4,-0.3],[-28.5,-0.1],[-28.4,0.3],[-28.2,0.5],[-28.5,0.7],[-28.4,0.9],[-28.6,0.8],[-28.5,1.5],[-28.5,1.6],[-28.5,1.8],[-28.5,1.9],[-28.8,1.7],[-29.1,1.3],[-29.2,1.5],[-29.6,1.8],[-29.8,1.8],[-29.9,1.9],[-30.4,2.6],[-30.6,2.7],[-30.5,3.2],[-30.8,3.2],[-31.1,3.5],[-31,4.2],[-30.5,3.7],[-29.8,3.5],[-29.8,3.4],[-29.6,3.5],[-29.5,3.9],[-29.5,4.3],[-29,4.1],[-29,4.2],[-28.9,4.4],[-28.7,4.9],[-28.6,5],[-28.5,5],[-28.3,5.1],[-28,5],[-27.7,5],[-27.5,4.2],[-27.8,3.7],[-28.2,3.4],[-28,3.3],[-27.8,3.2],[-27.8,3.3],[-27.6,3.2],[-27.6,3.1],[-27.6,2.8],[-27.6,3.2],[-27.3,2.9],[-27.4,3.3],[-26.8,3.1],[-26.5,2.8],[-26.9,2.6],[-26.8,2.4],[-26.9,2.1],[-27,1.9],[-27.1,1.6],[-26.6,2],[-26.5,1.9],[-26.7,1.7],[-26.6,1.6],[-26.5,1.5],[-26.2,1.7],[-26.3,1.1],[-26.6,0.7],[-26.1,0.9],[-26.1,0.6],[-26.6,0.5],[-26.3,0.5],[-25.7,0.5],[-26,0.3],[-25.6,0.5],[-25.6,-0.1],[-26.1,-0.2],[-26,-0.1],[-26.1,-0.4],[-25.9,-0.4],[-25.6,-0.3],[-25.4,-0.8],[-26.1,-0.7],[-25.7,-1],[-25.7,-1.3],[-26.1,-0.9],[-26.2,-1.1],[-26,-1.2],[-25.9,-1.4],[-26.2,-1.4],[-26.4,-1.3],[-26.2,-1.6],[-26.1,-1.9],[-26,-1.9],[-25.8,-2],[-26.1,-2.1],[-25.9,-2.1],[-25.9,-2.2],[-25.9,-2.5],[-25.7,-2.5],[-25.8,-2.7],[-25.6,-2.6],[-25.4,-2.7],[-25.2,-2.8],[-25.3,-2.9],[-25.2,-3],[-25.1,-3.2],[-25.1,-3.5],[-25.4,-3.5]]]]}},{"type":"Feature","properties":{},"geometry":{"type":"MultiPolygon","coordinates":[[[[-28.6,5.3],[-29.6,4.3],[-29.7,3.5],[-29.8,3.6],[-30.4,3.7],[-30.8,4.5],[-30.4,5.1],[-29.9,5.5],[-29.7,5.6],[-29.2,5.7],[-28.1,5.5],[-28.6,5.3]]]]}},{"type":"Feature","properties":{},"geometry":{"type":"MultiPolygon","coordinates":[[[[-27,4.6],[-26.5,3.8],[-26.5,3.4],[-27.4,3.7],[-27.3,4.2],[-27.3,4.6],[-27,4.6]]]]}},{"type":"Feature","properties":{},"geometry":{"type":"MultiPolygon","coordinates":[[[[-28.8,-1.4],[-29.1,-1.1],[-28.6,-0.9],[-28.8,-1.4]]]]}},{"type":"Feature","properties":{},"geometry":{"type":"MultiPolygon","coordinates":[[[[-28.3,-1.1],[-28.1,-1.5],[-28.5,-1.1],[-28.3,-1.1]]]]}},{"type":"Feature","properties":{},"geometry":{"type":"MultiPolygon","coordinates":[[[[-29.4,0.4],[-29.5,0.5],[-29,0.6],[-29.4,0.4]]]]}},{"type":"Feature","properties":{},"geometry":{"type":"MultiPolygon","coordinates":[[[[-29.1,1.2],[-29.4,1.1],[-29.4,1.2],[-29.4,1.4],[-29.1,1.2]]]]}},{"type":"Feature","properties":{},"geometry":{"type":"MultiPolygon","coordinates":[[[[-8,-39.7],[-13.6,-39.8],[-16.3,-38.4],[-14.9,-37],[-9.3,-37.5],[-8,-39.7]]]]}},{"type":"Feature","properties":{},"geometry":{"type":"MultiPolygon","coordinates":[[[[-30,1],[-31.2,1.4],[-31,1.4],[-31.2,1.6],[-31.1,1.8],[-31,2],[-30.8,2.2],[-30.4,1.8],[-30.1,1.5],[-30.1,1.3],[-30,1.1],[-30,1]]]]}},{"type":"Feature","properties":{},"geometry":{"type":"MultiPolygon","coordinates":[[[[-27.3,-7.3],[-27.3,-7.2],[-27.4,-7.3],[-27.6,-6.9],[-27.7,-7],[-27.8,-6.8],[-27.8,-6.4],[-28,-6.3],[-28.1,-6.2],[-27.3,-7.3]]]]}},{"type":"Feature","properties":{},"geometry":{"type":"MultiPolygon","coordinates":[[[[-27.9,-8.3],[-27.8,-7.7],[-27.8,-7.9],[-27.6,-8],[-27.8,-8.2],[-27.9,-8.3]]]]}},{"type":"Feature","properties":{},"geometry":{"type":"MultiPolygon","coordinates":[[[[-27.3,-8.8],[-27.5,-8.9],[-27.3,-8.7],[-27.3,-8.8]]]]}},{"type":"Feature","properties":{},"geometry":{"type":"MultiPolygon","coordinates":[[[[86.8,-76.1],[87.7,-76.2],[87.9,-76.4],[86.1,-77],[80,-76.9],[62.8,-75],[60.6,-73],[58.9,-72.6],[58.4,-70],[62.2,-69.5],[64.6,-69.2],[62.6,-68.6],[61.9,-68.2],[60.6,-67.8],[59.1,-68.6],[59.2,-69.2],[56.5,-67.5],[58.9,-65.7],[60.2,-64.5],[61,-64.1],[63.8,-66.6],[72.3,-71.3],[86.7,-76.1],[86.8,-76.1]]]]}},{"type":"Feature","properties":{},"geometry":{"type":"MultiPolygon","coordinates":[[[[58.3,-67.2],[59.3,-69],[57.6,-69.9],[53.5,-70.2],[55.5,-67.5],[53.9,-65.9],[50.3,-65.3],[48.1,-65.2],[47.4,-63.1],[58.3,-67.2]]]]}},{"type":"Feature","properties":{},"geometry":{"type":"MultiPolygon","coordinates":[[[[52.8,-53.5],[55.4,-55.1],[57.8,-55.9],[57.8,-57.9],[59,-59.1],[60.2,-60],[57.8,-58.9],[57,-58.8],[57.3,-58.6],[55.6,-57.4],[54.8,-57.4],[51.6,-56.4],[51,-56.1],[50.1,-55.7],[48.7,-55.5],[48.6,-54.7],[50.8,-53],[52.8,-53.5]]]]}},{"type":"Feature","properties":{},"geometry":{"type":"MultiPolygon","coordinates":[[[[54,-57.8],[55,-57.8],[54.6,-57.8],[54,-57.8]]]]}},{"type":"Feature","properties":{},"geometry":{"type":"MultiPolygon","coordinates":[[[[45.5,-81.6],[47.4,-82],[46.5,-82.6],[45.5,-81.6]]]]}},{"type":"Feature","properties":{},"geometry":{"type":"MultiPolygon","coordinates":[[[[90.2,-82.9],[58.3,-83.5],[54.8,-82.8],[50.9,-82.2],[51.9,-81.4],[55.1,-79.8],[55.9,-79.7],[58.3,-82.3],[71.6,-83.2],[90.2,-82.9]]]]}},{"type":"Feature","properties":{},"geometry":{"type":"MultiPolygon","coordinates":[[[[90.4,-82.9],[94.2,-81.9],[96.8,-82.2],[90.4,-82.9]]]]}},{"type":"Feature","properties":{},"geometry":{"type":"MultiPolygon","coordinates":[[[[51.2,-52.7],[49.9,-52.9],[48.2,-53.8],[51.1,-55.2],[52.4,-56.4],[50.5,-55.7],[47.7,-54.1],[46.6,-53.3],[46.1,-52.3],[48.2,-51.6],[49.4,-51.7],[50.6,-52.2],[51.2,-52.7]]]]}},{"type":"Feature","properties":{},"geometry":{"type":"MultiPolygon","coordinates":[[[[69.2,-59],[74.6,-62.1],[79.2,-63.7],[79.9,-69.4],[81.6,-71.9],[82.5,-72.8],[82.4,-73],[82.1,-73.2],[82.4,-73.3],[82.5,-73.4],[82.8,-73.8],[83.4,-74.3],[83.8,-74.7],[85.7,-75.3],[86.9,-75.8],[86.8,-76.1],[75.2,-72.6],[64.7,-67.6],[61.5,-63.9],[63.1,-62.8],[64.3,-62],[66.1,-60.8],[68.6,-59.4],[69.2,-59]]]]}},{"type":"Feature","properties":{},"geometry":{"type":"MultiPolygon","coordinates":[[[[64.4,-62.6],[62.6,-63.5],[60.9,-64.1],[63.4,-62.6],[64.4,-62.6]]]]}},{"type":"Feature","properties":{},"geometry":{"type":"MultiPolygon","coordinates":[[[[-25.1,-5.1],[-26.1,-4.7],[-25.9,-4.6],[-25.9,-4.5],[-26,-4.2],[-26.4,-4.2],[-26.4,-3.9],[-26.4,-3.8],[-26.7,-3.7],[-26.7,-3.8],[-26.8,-3.8],[-27,-3.5],[-25.5,-3.5],[-25.3,-3.6],[-25,-3.6],[-24.8,-3.6],[-25.2,-4],[-25,-4],[-24.8,-4],[-24.6,-4.1],[-24.4,-4.1],[-24.4,-4.2],[-24.6,-4.3],[-24.6,-4.6],[-24.8,-4.6],[-25,-4.7],[-25.1,-4.9],[-25,-5],[-25.1,-5.1]]]]}},{"type":"Feature","properties":{},"geometry":{"type":"MultiPolygon","coordinates":[[[[140.3,-16.5],[140.4,-16.4],[140.3,-16.4],[140.3,-16.3],[140.4,-16.4],[140.3,-16.5]]]]}},{"type":"Feature","properties":{},"geometry":{"type":"MultiPolygon","coordinates":[[[[141.1,-16.9],[141.1,-16.8],[141.1,-16.7],[141.1,-16.9]]]]}},{"type":"Feature","properties":{},"geometry":{"type":"MultiPolygon","coordinates":[[[[141.5,-17.2],[141.4,-17.1],[141.5,-17.1],[141.5,-17.2]]]]}},{"type":"Feature","properties":{},"geometry":{"type":"MultiPolygon","coordinates":[[[[155.2,-28.2],[154,-28.2],[153.9,-28.2],[153.8,-28.2],[153.7,-28.2],[153.6,-28.1],[153.5,-28.1],[153.4,-28.1],[153.3,-28],[153.2,-28],[153.1,-28],[153.1,-27.9],[153,-27.9],[152.9,-27.8],[152.8,-27.8],[152.8,-27.7],[152.7,-27.7],[152.6,-27.7],[152.6,-27.6],[152.5,-27.6],[152.5,-27.5],[152.4,-27.5],[152.3,-27.4],[152.2,-27.4],[152.2,-27.3],[152.1,-27.3],[152.1,-27.2],[152,-27.2],[152,-27.1],[151.9,-27.1],[151.9,-27],[151.8,-27],[151.8,-26.9],[151.7,-26.9],[151.7,-26.8],[151.7,-26.7],[151.6,-26.7],[151.5,-26.6],[151.5,-26.5],[151.4,-26.5],[151.4,-26.4],[151.3,-26.4],[151.3,-26.3],[151.2,-26.2],[151.1,-26.1],[151.1,-26],[151,-26],[150.9,-25.9],[150.9,-25.8],[150.8,-25.8],[150.8,-25.7],[150.7,-25.7],[150.7,-25.6],[150.6,-25.5],[150.6,-25.4],[150.5,-25.4],[150.5,-25.3],[150.4,-25.2],[150.4,-25.1],[150.3,-25],[150.2,-24.9],[150.2,-24.8],[150.1,-24.7],[150,-24.6],[150,-24.5],[149.9,-24.5],[149.9,-24.4],[149.8,-24.3],[149.8,-24.2],[149.7,-24.2],[149.7,-24.1],[149.6,-24.1],[149.6,-24],[149.6,-23.9],[149.5,-23.9],[149.5,-23.8],[149.4,-23.7],[149.4,-23.6],[149.3,-23.6],[149.3,-23.5],[149.3,-23.4],[149.2,-23.4],[149.2,-23.3],[149.1,-23.3],[149.1,-23.2],[149,-23.2],[148.9,-23],[148.8,-22.9],[148.7,-22.8],[148.7,-22.7],[148.6,-22.6],[148.5,-22.5],[148.4,-22.4],[148.3,-22.3],[148.2,-22.2],[148.1,-22.1],[148.1,-22],[148,-22],[148,-21.9],[147.9,-21.9],[147.9,-21.8],[147.8,-21.7],[147.7,-21.7],[147.7,-21.6],[147.6,-21.6],[147.6,-21.5],[147.5,-21.4],[147.5,-21.3],[147.4,-21.3],[147.3,-21.2],[147.3,-21.1],[147.2,-21.1],[147.2,-21],[147.1,-21],[147.1,-20.9],[147,-20.9],[147,-20.8],[146.9,-20.8],[146.9,-20.7],[146.8,-20.7],[146.7,-20.6],[146.6,-20.6],[146.6,-20.5],[146.5,-20.5],[146.4,-20.4],[146.3,-20.4],[146.2,-20.3],[146.1,-20.3],[146,-20.2],[145.9,-20.2],[145.8,-20.1],[145.7,-20.1],[145.6,-20.1],[145.6,-20],[145.5,-20],[145.4,-20],[145.4,-19.9],[145.4,-19.8],[145.3,-19.8],[145.3,-19.7],[145.3,-19.6],[145.2,-19.6],[145.2,-19.5],[145.1,-19.4],[145,-19.4],[145,-19.3],[144.9,-19.3],[144.8,-19.2],[144.5,-19],[144.4,-18.9],[144.3,-18.9],[144.2,-18.8],[144.1,-18.8],[144,-18.8],[144,-18.7],[143.9,-18.7],[143.8,-18.7],[143.8,-18.6],[143.7,-18.6],[143.6,-18.6],[143.5,-18.6],[143.5,-18.5],[143.4,-18.5],[143.3,-18.5],[143.3,-18.4],[143.2,-18.4],[143.1,-18.4],[143,-18.4],[142.9,-18.4],[142.8,-18.4],[142.8,-18.3],[143.3,-18.3],[143.7,-18.1],[144.3,-18.3],[144.5,-18.2],[145,-18.3],[145.2,-18.2],[145.4,-18.3],[145.4,-18.5],[145.7,-18.7],[146,-18.7],[146.3,-18.9],[146.6,-19],[147.1,-19.6],[147.3,-19.6],[147.5,-19.4],[148.1,-19.3],[148,-19.1],[148.2,-19.2],[148.3,-19.2],[148.7,-19.8],[149.1,-20.1],[149.8,-20.1],[149.9,-20],[150.1,-20],[150.6,-20.3],[151,-20.3],[151.6,-20.5],[151.7,-20.7],[152,-20.9],[152.2,-20.9],[152.5,-21.6],[152.9,-21.9],[152.7,-22],[153,-22.2],[153.8,-22.6],[154.2,-23.2],[154.3,-23.8],[155.1,-25.3],[155.2,-26.5],[155.4,-26.5],[155.4,-27],[155.2,-27.2],[155.2,-27.4],[155.2,-27.6],[155.2,-27.7],[155.3,-27.9],[155.3,-28.2],[155.2,-28.2]]]]}},{"type":"Feature","properties":{},"geometry":{"type":"MultiPolygon","coordinates":[[[[151.8,-20],[151.7,-20.6],[151.5,-20],[151.8,-20]]]]}},{"type":"Feature","properties":{},"geometry":{"type":"MultiPolygon","coordinates":[[[[158.6,-37.1],[158.7,-37.1],[158.7,-37.2],[158.8,-37.2],[158.8,-37.3],[158.9,-37.3],[158.9,-37.4],[159,-37.4],[159,-37.5],[159.1,-37.6],[159.1,-37.5],[159,-37.5],[158.8,-37.5],[158.7,-37.5],[159,-37.6],[158.9,-37.7],[159.1,-37.9],[159,-37.9],[158.9,-37.9],[158.8,-37.9],[159,-38],[159.1,-38.1],[159,-38.1],[159.1,-38.1],[159.1,-38.2],[159.1,-38.3],[159,-38.3],[159,-38.4],[158.8,-38.3],[158.8,-38.4],[158.7,-38.5],[158.6,-38.5],[158.5,-38.5],[158.5,-38.6],[158.4,-38.6],[158.3,-38.5],[158.5,-38.4],[158.4,-38.4],[158.3,-38.4],[158.3,-38.5],[158.2,-38.4],[158.1,-38.4],[158.1,-38.5],[158.2,-38.5],[158.1,-38.5],[158,-38.5],[157.8,-38.4],[157.7,-38.4],[157.6,-38.4],[157.6,-38.3],[157.5,-38.3],[157.5,-38.2],[157.4,-38.2],[157.4,-38.1],[157.3,-38.1],[157.3,-38],[157.2,-38],[157.2,-37.9],[157.1,-37.9],[157.1,-37.8],[157,-37.8],[157,-37.7],[156.9,-37.7],[156.9,-37.6],[156.8,-37.6],[156.8,-37.5],[156.7,-37.5],[156.7,-37.4],[156.7,-37.3],[156.7,-37.2],[156.7,-37.1],[156.8,-37],[156.9,-36.9],[157,-36.9],[157.1,-36.9],[157.2,-36.9],[157.3,-36.9],[157.4,-36.9],[157.5,-36.9],[157.6,-36.8],[157.7,-36.8],[157.9,-36.8],[158.1,-36.9],[158.4,-37],[158.6,-37.1]]]]}},{"type":"Feature","properties":{},"geometry":{"type":"MultiPolygon","coordinates":[[[[149.3,-23.6],[149.4,-23.6],[149.4,-23.7],[149.5,-23.8],[149.5,-23.9],[149.6,-23.9],[149.6,-24],[149.6,-24.1],[149.7,-24.1],[149.7,-24.2],[149.8,-24.2],[149.8,-24.3],[149.8,-24.4],[149.9,-24.4],[149.9,-24.5],[150,-24.6],[150.1,-24.7],[150.1,-24.8],[150.2,-24.8],[150.2,-24.9],[150.3,-24.9],[150.3,-25],[150.3,-25.1],[150.4,-25.1],[150.4,-25.2],[150.5,-25.3],[150.5,-25.4],[150.6,-25.5],[150.6,-25.6],[150.7,-25.6],[150.7,-25.7],[150.8,-25.7],[150.8,-25.8],[150.9,-25.9],[151,-26],[151.1,-26.1],[151.2,-26.2],[151.3,-26.3],[151.3,-26.4],[151.4,-26.4],[151.4,-26.5],[151.5,-26.5],[151.5,-26.6],[151.6,-26.6],[151.6,-26.7],[151.7,-26.8],[151.8,-26.9],[151.8,-27],[151.9,-27],[151.9,-27.1],[152,-27.1],[152.1,-27.2],[152.1,-27.3],[152.2,-27.3],[152.3,-27.4],[152.4,-27.4],[152.4,-27.5],[152.5,-27.5],[152.5,-27.6],[152.6,-27.6],[152.6,-27.7],[152.7,-27.7],[152.8,-27.8],[152.9,-27.8],[152.9,-27.9],[153,-27.9],[153.1,-27.9],[153.1,-28],[153.2,-28],[153.3,-28],[153.3,-28.1],[153.4,-28.1],[153.5,-28.1],[153.6,-28.1],[153.7,-28.1],[153.7,-28.2],[153.8,-28.2],[153.9,-28.2],[154.5,-28.2],[155.2,-28.2],[155.3,-28.3],[155.4,-28.4],[155.4,-28.5],[155.5,-28.6],[155.6,-29.1],[155.6,-29.6],[155.9,-29.6],[155.9,-29.8],[155.9,-30.5],[156.2,-31],[156.5,-31.8],[156.9,-32],[156.8,-32.2],[155.5,-33.3],[155.6,-33.3],[155.1,-34.6],[155.3,-35],[155,-34.9],[154.6,-34.9],[154,-34.9],[153.9,-35],[153.6,-35.1],[153,-35.2],[153.2,-35.3],[152.9,-36.1],[152.8,-36],[152.7,-36],[152.6,-35.9],[152.5,-35.9],[152.4,-35.8],[152.3,-35.7],[152.1,-35.6],[152,-35.5],[151.9,-35.5],[151.8,-35.4],[151.7,-35.4],[151.6,-35.4],[151.6,-35.3],[151.5,-35.3],[151.4,-35.3],[151.4,-35.2],[151.3,-35.2],[151.2,-35.2],[151.1,-35.2],[151,-35.2],[150.9,-35.2],[150.9,-35.1],[150.8,-35.1],[150.7,-35.1],[150.6,-35.1],[150.5,-35],[150.4,-35],[150.3,-35],[150.2,-34.9],[150.1,-34.9],[150,-34.8],[149.9,-34.8],[149.8,-34.8],[149.7,-34.8],[149.6,-34.8],[149.5,-34.7],[149.4,-34.7],[149.3,-34.7],[149.2,-34.7],[149.1,-34.7],[149,-34.6],[148.9,-34.6],[148.9,-34.5],[148.8,-34.5],[148.7,-34.4],[148.6,-34.4],[148.6,-34.3],[148.5,-34.3],[148.4,-34.3],[148.4,-34.2],[148.3,-34.2],[148.2,-34.2],[148.1,-34.2],[148.1,-34.1],[148,-34.1],[148,-34],[147.9,-34],[147.8,-33.9],[147.8,-33.8],[147.8,-33.7],[147.7,-33.7],[147.7,-33.6],[147.7,-33.5],[147.7,-33.4],[147.7,-33.3],[147.7,-33.2],[147.8,-33.1],[147.8,-33],[147.8,-32.9],[147.8,-32.8],[147.8,-32.7],[147.9,-32.6],[147.9,-32.5],[147.9,-32.4],[147.9,-32.3],[147.9,-32.2],[147.9,-32.1],[147.9,-32],[147.9,-31.9],[147.9,-31.8],[148,-31.7],[148,-31.6],[148.1,-31.6],[148.1,-31.5],[148.1,-31.4],[148.1,-31.3],[148,-31.3],[148,-31.2],[147.9,-31.2],[147.9,-31.1],[147.8,-31.1],[147.8,-31],[147.7,-31],[147.6,-30.9],[147.5,-30.9],[147.5,-30.8],[147.4,-30.8],[147.4,-30.7],[147.3,-30.7],[146.8,-30],[146.4,-29.6],[146.5,-29.6],[146.6,-29.6],[146.7,-29.6],[146.8,-29.6],[146.9,-29.6],[147,-29.5],[147.1,-29.5],[147.2,-29.5],[147.3,-29.4],[147.4,-29.4],[147.5,-29.4],[147.6,-29.3],[147.7,-29.3],[147.7,-29.2],[147.8,-29.2],[147.8,-29.1],[147.9,-29.1],[148,-29],[148.1,-29],[148.1,-28.9],[148.2,-28.9],[148.3,-28.9],[148.4,-28.8],[148.5,-28.8],[148.6,-28.8],[148.7,-28.8],[148.7,-28.7],[148.8,-28.7],[148.9,-28.7],[149,-28.7],[149,-28.6],[149.2,-28.6],[149.2,-28.5],[149.3,-28.5],[149.4,-28.5],[149.5,-28.4],[149.6,-28.4],[149.6,-28.3],[149.7,-28.2],[149.8,-28.2],[149.8,-28.1],[149.9,-28.1],[150,-28.1],[150,-28],[150.1,-28],[150.2,-27.9],[150.3,-27.9],[150.3,-27.8],[150.2,-27.8],[150.2,-27.7],[150.1,-27.7],[150.1,-27.6],[150.1,-27.5],[150.1,-27.4],[150,-27.4],[150,-27.3],[150,-27.2],[150,-27.1],[149.9,-27.1],[149.9,-27],[149.9,-26.9],[149.9,-26.8],[149.8,-26.8],[149.8,-26.7],[149.8,-26.6],[149.7,-26.6],[149.7,-26.5],[149.7,-26.4],[149.7,-26.3],[149.6,-26.2],[149.6,-26.1],[149.5,-26],[149.4,-26],[149.4,-25.9],[149.3,-25.9],[149.3,-25.8],[149.3,-25.7],[149.3,-25.6],[149.3,-25.5],[149.3,-25.4],[149.2,-25.4],[149.2,-25.3],[149.1,-25.3],[149.1,-25.2],[149,-25.2],[149,-25.1],[149,-25],[148.9,-25],[148.9,-24.9],[148.9,-24.8],[148.9,-24.7],[148.8,-24.5],[148.8,-24.4],[148.8,-24.3],[148.7,-24.2],[148.7,-24.1],[148.7,-24],[148.7,-23.9],[148.7,-23.8],[148.7,-23.7],[148.7,-23.6],[148.8,-23.6],[148.9,-23.6],[149,-23.6],[149.1,-23.6],[149.2,-23.6],[149.3,-23.6]]]]}},{"type":"Feature","properties":{},"geometry":{"type":"MultiPolygon","coordinates":[[[[158.9,-37.3],[158.8,-37.3],[158.8,-37.2],[158.7,-37.2],[158.7,-37.1],[158.6,-37.1],[158.5,-37],[158.4,-37],[158.4,-36.9],[158.3,-36.9],[158.3,-36.8],[158.2,-36.8],[158.1,-36.8],[158,-36.7],[157.9,-36.7],[157.8,-36.6],[157.7,-36.6],[157.6,-36.5],[157.5,-36.5],[157.4,-36.5],[157.4,-36.4],[157.3,-36.4],[157.1,-36.3],[157.5,-36],[157.8,-35.5],[158.3,-35.9],[158.9,-36.4],[158.8,-36.5],[158.8,-36.6],[159,-37],[159.4,-37.4],[159.5,-37.6],[159.2,-37.4],[159.1,-37.4],[158.9,-37.3]]]]}},{"type":"Feature","properties":{},"geometry":{"type":"MultiPolygon","coordinates":[[[[157.4,-34.8],[157.4,-35.1],[157,-34.9],[157.4,-34.8]]]]}},{"type":"Feature","properties":{},"geometry":{"type":"MultiPolygon","coordinates":[[[[157.2,-36.4],[157.3,-36.4],[157.4,-36.4],[157.4,-36.5],[157.5,-36.5],[157.6,-36.5],[157.7,-36.6],[157.8,-36.6],[157.9,-36.7],[158,-36.7],[158.1,-36.8],[158.2,-36.8],[158.3,-36.9],[158.4,-36.9],[158.4,-37],[158.5,-37],[158.4,-37],[158.1,-36.9],[157.9,-36.8],[157.7,-36.8],[157.6,-36.8],[157.5,-36.9],[157.4,-36.9],[157.3,-36.9],[157.2,-36.9],[157.1,-36.9],[157,-36.9],[156.9,-36.9],[156.8,-37],[156.7,-37.1],[156.7,-37.2],[156.7,-37.3],[156.7,-37.4],[156.7,-37.5],[156.8,-37.5],[156.8,-37.6],[156.9,-37.6],[156.9,-37.7],[157,-37.7],[157,-37.8],[157.1,-37.8],[157.1,-37.9],[157.2,-37.9],[157.2,-38],[157.3,-38],[157.3,-38.1],[157.4,-38.1],[157.4,-38.2],[157.5,-38.2],[157.5,-38.3],[157.6,-38.3],[157.6,-38.4],[157.7,-38.4],[157.6,-38.4],[157.4,-38.3],[157.2,-38.2],[157.2,-38.3],[157.1,-38.2],[157,-38.1],[156.9,-38],[157,-38],[157.2,-38.1],[157.1,-37.9],[157.1,-38],[157,-37.9],[156.9,-37.9],[156.8,-37.9],[156.8,-38],[156.6,-37.8],[156.4,-37.7],[156.5,-37.7],[156.5,-37.6],[156.4,-37.5],[156.3,-37.5],[156.3,-37.4],[156.3,-37.3],[156.4,-37.2],[156.5,-37.1],[156.5,-37],[156.5,-36.9],[156.5,-36.8],[156.6,-36.8],[156.6,-36.7],[156.9,-36.6],[156.9,-36.5],[157,-36.6],[157,-36.5],[157,-36.4],[157.2,-36.4]]]]}},{"type":"Feature","properties":{},"geometry":{"type":"MultiPolygon","coordinates":[[[[147,-30.5],[147.3,-30.7],[147.4,-30.7],[147.4,-30.8],[147.5,-30.8],[147.5,-30.9],[147.6,-30.9],[147.7,-31],[147.8,-31],[147.8,-31.1],[147.9,-31.1],[147.9,-31.2],[148,-31.2],[148,-31.3],[148.1,-31.3],[148.1,-31.4],[148.1,-31.5],[148.1,-31.6],[148,-31.6],[148,-31.7],[147.9,-31.8],[147.9,-31.9],[147.9,-32],[147.9,-32.1],[147.9,-32.2],[147.9,-32.3],[147.9,-32.4],[147.9,-32.5],[147.9,-32.6],[147.8,-32.7],[147.8,-32.8],[147.8,-32.9],[147.8,-33],[147.8,-33.1],[147.7,-33.2],[147.7,-33.3],[147.7,-33.4],[147.7,-33.5],[147.7,-33.6],[147.7,-33.7],[147.8,-33.7],[147.8,-33.8],[147.8,-33.9],[147.9,-34],[148,-34.1],[148.1,-34.1],[148.1,-34.2],[148.2,-34.2],[148.3,-34.2],[148.4,-34.2],[148.4,-34.3],[148.5,-34.3],[148.6,-34.3],[148.6,-34.4],[148.7,-34.4],[148.8,-34.5],[148.9,-34.5],[148.9,-34.6],[149,-34.6],[149.1,-34.6],[149.1,-34.7],[149.2,-34.7],[149.3,-34.7],[149.4,-34.7],[149.5,-34.7],[149.6,-34.7],[149.6,-34.8],[149.7,-34.8],[149.8,-34.8],[149.9,-34.8],[150,-34.8],[150.1,-34.9],[150.2,-34.9],[150.3,-35],[150.4,-35],[150.5,-35],[150.6,-35.1],[150.7,-35.1],[150.8,-35.1],[150.9,-35.1],[150.9,-35.2],[151,-35.2],[151.1,-35.2],[151.2,-35.2],[151.3,-35.2],[151.4,-35.2],[151.4,-35.3],[151.5,-35.3],[151.6,-35.4],[151.7,-35.4],[151.8,-35.4],[151.8,-35.5],[151.9,-35.5],[152.1,-35.6],[152.2,-35.7],[152.3,-35.7],[152.5,-35.8],[152.6,-35.9],[152.7,-36],[152.8,-36],[152.9,-36.1],[151.5,-36.4],[150.9,-36.8],[149.8,-36.9],[148.7,-36.6],[147.9,-35.9],[147.4,-35.8],[146.8,-35.7],[146.7,-35.7],[146.7,-35.6],[146.5,-35.3],[146.3,-34.8],[146.2,-34.6],[146,-34.2],[145.7,-33.8],[145.6,-33.7],[145.7,-33.5],[145.9,-33],[146.2,-32.5],[146.4,-32.2],[146.6,-32],[146.8,-31.5],[146.9,-31.4],[147,-31.3],[146.9,-31.3],[146.9,-31.2],[146.8,-31.2],[146.8,-31.1],[146.7,-31.1],[146.7,-31],[146.6,-31],[146.5,-30.9],[146.4,-30.9],[146.3,-30.8],[146.2,-30.8],[146.1,-30.8],[146,-30.8],[146,-30.7],[145.9,-30.7],[145.9,-30.6],[145.8,-30.6],[145.8,-30.5],[145.7,-30.5],[145.6,-30.5],[145.4,-30.5],[145.3,-30.3],[145,-30.2],[144.5,-30.2],[143.6,-30.6],[143.3,-30.7],[142.9,-30.8],[142.5,-30.9],[142.2,-30.9],[142.1,-30.9],[142,-30.9],[141.5,-30.9],[141.4,-30.9],[141.3,-30.9],[141.1,-30.9],[141.9,-30.7],[142.5,-30.5],[142.9,-30.3],[142.8,-30.2],[142.7,-30.2],[142.6,-30],[142.6,-29.9],[142.6,-29.8],[142.7,-29.6],[143.7,-29],[144.2,-29.3],[144.3,-29.3],[144.4,-29.4],[144.8,-29.6],[144.9,-29.6],[145,-29.6],[145.1,-29.7],[145.2,-29.7],[145.4,-29.8],[145.6,-29.9],[145.7,-29.9],[145.8,-29.9],[145.9,-29.9],[146,-30],[146.1,-30],[146.5,-30.1],[146.6,-30.2],[146.7,-30.3],[146.8,-30.3],[146.8,-30.4],[146.9,-30.4],[147,-30.5]]]]}},{"type":"Feature","properties":{},"geometry":{"type":"MultiPolygon","coordinates":[[[[155.2,-37],[155.3,-37.1],[155.4,-37.2],[155.2,-37]]]]}},{"type":"Feature","properties":{},"geometry":{"type":"MultiPolygon","coordinates":[[[[156.1,-37.6],[155.4,-37.3],[155.5,-37.3],[155.5,-37.4],[155.6,-37.4],[155.8,-37.5],[155.9,-37.6],[156.1,-37.6]]]]}},{"type":"Feature","properties":{},"geometry":{"type":"MultiPolygon","coordinates":[[[[156.4,-37.7],[156.6,-37.8],[156.8,-38],[156.6,-37.8],[156.3,-37.7],[156.4,-37.7]]]]}},{"type":"Feature","properties":{},"geometry":{"type":"MultiPolygon","coordinates":[[[[156.8,-38],[156.9,-38.1],[157,-38.2],[157.2,-38.2],[157.3,-38.3],[157.4,-38.3],[157.2,-38.3],[156.8,-38]]]]}},{"type":"Feature","properties":{},"geometry":{"type":"MultiPolygon","coordinates":[[[[159,-37.5],[158.9,-37.5],[158.8,-37.5],[159,-37.5]]]]}},{"type":"Feature","properties":{},"geometry":{"type":"MultiPolygon","coordinates":[[[[157.7,-38.4],[157.8,-38.4],[157.5,-38.4],[157.6,-38.4],[157.7,-38.4]]]]}},{"type":"Feature","properties":{},"geometry":{"type":"MultiPolygon","coordinates":[[[[158.2,-38.5],[157.9,-38.4],[158,-38.5],[158.1,-38.5],[158.2,-38.5]]]]}},{"type":"Feature","properties":{},"geometry":{"type":"MultiPolygon","coordinates":[[[[159.1,-37.9],[158.9,-37.9],[159,-37.9],[159.1,-37.9]]]]}},{"type":"Feature","properties":{},"geometry":{"type":"MultiPolygon","coordinates":[[[[158.4,-38.4],[158.2,-38.5],[158.3,-38.4],[158.4,-38.4]]]]}},{"type":"Feature","properties":{},"geometry":{"type":"MultiPolygon","coordinates":[[[[158.3,-38.5],[158.4,-38.6],[158.5,-38.6],[158.5,-38.5],[158.5,-38.7],[158.3,-38.5]]]]}},{"type":"Feature","properties":{},"geometry":{"type":"MultiPolygon","coordinates":[[[[159.1,-38.3],[159.1,-38.2],[159.1,-38.1],[159.1,-38.3]]]]}},{"type":"Feature","properties":{},"geometry":{"type":"MultiPolygon","coordinates":[[[[159.1,-38.3],[158.9,-38.4],[159,-38.4],[159.1,-38.3]]]]}},{"type":"Feature","properties":{},"geometry":{"type":"MultiPolygon","coordinates":[[[[153.8,-36.5],[153.9,-36.6],[154,-36.8],[154.2,-36.9],[153.8,-36.7],[153.8,-36.5]]]]}},{"type":"Feature","properties":{},"geometry":{"type":"MultiPolygon","coordinates":[[[[159.2,-37.9],[159.1,-38.1],[159.2,-37.8],[159.2,-37.9]]]]}},{"type":"Feature","properties":{},"geometry":{"type":"MultiPolygon","coordinates":[[[[87.3,-66.2],[87.3,-67.1],[85.9,-67],[82.7,-66.7],[82.9,-65.4],[84.4,-65.6],[87.3,-66.2]]]]}},{"type":"Feature","properties":{},"geometry":{"type":"MultiPolygon","coordinates":[[[[87,-67.2],[89.6,-68.6],[92.7,-68.9],[95.2,-69.3],[98,-71],[100.7,-71],[103.6,-71.7],[106.8,-72.3],[102.2,-73],[96.7,-72.6],[93.7,-72.8],[86.7,-71.9],[86.8,-69.9],[84.9,-68.2],[84.5,-66.9],[87,-67.2]]]]}},{"type":"Feature","properties":{},"geometry":{"type":"MultiPolygon","coordinates":[[[[142.8,-18.3],[142.9,-18.4],[143,-18.4],[143.1,-18.4],[143.2,-18.4],[143.3,-18.5],[143.4,-18.5],[143.5,-18.5],[143.6,-18.6],[143.7,-18.6],[143.8,-18.7],[143.9,-18.7],[144,-18.7],[144,-18.8],[144.1,-18.8],[144.2,-18.8],[144.2,-18.9],[144.3,-18.9],[144.4,-18.9],[144.5,-19],[144.8,-19.2],[144.9,-19.3],[145,-19.3],[145,-19.4],[145.1,-19.4],[145.1,-19.5],[145.2,-19.5],[145.2,-19.6],[145.3,-19.6],[145.3,-19.7],[145.4,-19.8],[145.4,-19.9],[145.4,-20],[145.5,-20],[145.6,-20],[145.6,-20.1],[145.7,-20.1],[145.8,-20.1],[145.9,-20.2],[146,-20.2],[146.1,-20.3],[146.2,-20.3],[146.3,-20.3],[146.3,-20.4],[146.4,-20.4],[146.5,-20.4],[146.5,-20.5],[146.6,-20.5],[146.7,-20.6],[146.8,-20.7],[146.9,-20.7],[146.9,-20.8],[147,-20.8],[147,-20.9],[147.1,-20.9],[147.2,-21],[147.2,-21.1],[147.3,-21.1],[147.3,-21.2],[147.4,-21.2],[147.4,-21.3],[147.5,-21.4],[147.6,-21.5],[147.6,-21.6],[147.7,-21.6],[147.8,-21.7],[147.8,-21.8],[147.9,-21.8],[147.9,-21.9],[148,-21.9],[148.1,-22],[148.1,-22.1],[148.2,-22.2],[148.3,-22.2],[148.3,-22.3],[148.4,-22.4],[148.5,-22.5],[148.5,-22.6],[148.6,-22.6],[148.7,-22.7],[148.7,-22.8],[148.8,-22.9],[148.9,-23],[149,-23.2],[149.1,-23.2],[149.1,-23.3],[149.2,-23.3],[149.2,-23.4],[149.3,-23.5],[149.3,-23.6],[149.2,-23.6],[149.1,-23.6],[149,-23.6],[148.9,-23.6],[148.8,-23.6],[148.7,-23.6],[148.7,-23.7],[148.7,-23.8],[148.7,-23.9],[148.7,-24],[148.7,-24.1],[148.7,-24.2],[148.8,-24.3],[148.8,-24.4],[148.8,-24.5],[148.9,-24.7],[148.9,-24.8],[148.9,-24.9],[148.9,-25],[149,-25],[149,-25.1],[149,-25.2],[149.1,-25.3],[149.2,-25.3],[149.2,-25.4],[149.3,-25.5],[149.3,-25.6],[149.3,-25.7],[149.3,-25.8],[149.3,-25.9],[149.4,-25.9],[149.4,-26],[149.5,-26],[149.6,-26.1],[149.6,-26.2],[149.7,-26.3],[149.7,-26.4],[149.7,-26.5],[149.8,-26.6],[149.8,-26.7],[149.8,-26.8],[149.9,-26.8],[149.9,-26.9],[149.9,-27],[150,-27.1],[150,-27.2],[150,-27.3],[150,-27.4],[150.1,-27.4],[150.1,-27.5],[150.1,-27.6],[150.1,-27.7],[150.2,-27.7],[150.2,-27.8],[150.3,-27.9],[150.2,-27.9],[150.1,-28],[150,-28],[149.9,-28.1],[149.8,-28.1],[149.7,-28.2],[149.7,-28.3],[149.6,-28.3],[149.5,-28.4],[149.4,-28.5],[149.3,-28.5],[149.2,-28.6],[149.1,-28.6],[149,-28.6],[149,-28.7],[148.9,-28.7],[148.8,-28.7],[148.7,-28.7],[148.7,-28.8],[148.6,-28.8],[148.5,-28.8],[148.4,-28.8],[148.3,-28.9],[148.2,-28.9],[148.1,-28.9],[148.1,-29],[148,-29],[147.9,-29.1],[147.8,-29.1],[147.8,-29.2],[147.7,-29.2],[147.6,-29.3],[147.6,-29.4],[147.5,-29.4],[147.4,-29.4],[147.3,-29.5],[147.2,-29.5],[147.1,-29.5],[147,-29.5],[146.9,-29.6],[146.8,-29.6],[146.7,-29.6],[146.6,-29.6],[146.5,-29.6],[146.4,-29.6],[146.3,-29.6],[147,-30.3],[146.9,-30.4],[146.8,-30.4],[146.8,-30.3],[146.7,-30.3],[146.7,-30.2],[146.6,-30.2],[146.2,-30],[146,-30],[146,-29.9],[145.9,-29.9],[145.8,-29.9],[145.6,-29.9],[145.5,-29.9],[145.2,-29.7],[145.1,-29.7],[145,-29.6],[144.9,-29.6],[144.5,-29.4],[144.3,-29.3],[144.2,-29.3],[144,-29.2],[143,-29.3],[142.6,-29.8],[142.6,-29.9],[142.6,-30],[142.7,-30.1],[142.8,-30.2],[142.9,-30.3],[142.7,-30.4],[142,-30.7],[141.3,-30.9],[140.7,-30.9],[140.6,-30.9],[140.2,-30.8],[139.5,-30.8],[139.1,-30.9],[138.6,-30.9],[138.4,-30.9],[137.8,-31],[137.2,-31.1],[136.6,-31.1],[136.3,-31.3],[136,-31.4],[136,-31.2],[136.5,-31],[136.9,-30.8],[137.3,-30.3],[137.5,-29.8],[137.5,-29.7],[137.5,-29.6],[137.6,-29.6],[137.6,-29.5],[137.6,-29.4],[137.5,-29.3],[137.5,-29.2],[137.5,-29.1],[137.5,-29],[137.6,-28.9],[137.6,-28.8],[137.6,-28.7],[137.7,-28.7],[137.7,-28.6],[137.8,-28.6],[137.8,-28.5],[137.8,-28.4],[137.8,-28.3],[137.7,-28.3],[137.7,-28.2],[137.6,-28.2],[137.6,-28.1],[137.6,-28],[137.5,-28],[137.5,-27.9],[137.5,-27.8],[137.4,-27.8],[137.4,-27.7],[137.3,-27.7],[137.3,-27.6],[137.3,-27.5],[137.2,-27.5],[137.2,-27.4],[137.1,-27.4],[137.2,-27.4],[137.3,-27.4],[137.4,-27.4],[137.5,-27.4],[137.6,-27.4],[137.7,-27.4],[137.7,-27.3],[137.8,-27.3],[137.9,-27.3],[138,-27.3],[138.1,-27.3],[138.2,-27.3],[138.2,-27.4],[138.3,-27.4],[138.4,-27.4],[138.5,-27.4],[138.6,-27.4],[138.6,-27.3],[138.7,-27.3],[138.8,-27.3],[138.9,-27.3],[139,-27.3],[139.1,-27.3],[139.2,-27.3],[139.3,-27.3],[139.4,-27.3],[139.5,-27.3],[139.6,-27.2],[139.7,-27.2],[139.8,-27.2],[139.8,-27.1],[139.9,-27.1],[140,-27],[140.1,-27],[140.1,-26.9],[140.2,-26.9],[140.3,-26.8],[140.4,-26.8],[140.5,-26.7],[140.6,-26.7],[140.6,-26.6],[140.7,-26.4],[140.8,-26.2],[140.8,-26.1],[140.9,-26.1],[140.9,-26],[141,-26],[141,-25.9],[141.1,-25.9],[141.1,-25.8],[141.2,-25.8],[141.2,-25.7],[141.2,-25.6],[141.2,-25.5],[141.3,-25.5],[141.3,-25.4],[141.3,-25.3],[141.3,-25.2],[141.4,-25.1],[141.4,-25],[141.4,-24.9],[141.5,-24.8],[141.5,-24.7],[141.5,-24.6],[141.6,-24.5],[141.6,-24.4],[141.7,-24.4],[141.7,-24.3],[141.8,-24.2],[141.8,-24.1],[141.9,-24],[141.9,-23.9],[141.9,-23.8],[141.9,-23.7],[141.9,-23.6],[142,-23.5],[142,-23.4],[141.9,-23.4],[141.9,-23.3],[141.8,-23.2],[141.8,-23.1],[141.8,-23],[141.9,-23],[141.9,-22.9],[141.9,-22.8],[142,-22.8],[142,-22.7],[142,-22.6],[142.1,-22.6],[142.1,-22.5],[142.1,-22.4],[142.1,-22.3],[142.1,-22.2],[142.1,-22.1],[142.1,-21.8],[142.1,-21.7],[142.1,-21.6],[142,-21.6],[142,-21.3],[142,-21.1],[141.9,-21],[141.8,-20.7],[141.8,-20.6],[141.9,-20.6],[141.9,-20.5],[141.9,-20.4],[141.9,-20.3],[142,-20.2],[142.1,-20.2],[141.6,-20.2],[141.1,-20],[141.1,-19.9],[141.2,-19.9],[141.3,-19.9],[141.3,-19.8],[141.4,-19.8],[141.4,-19.7],[141.5,-19.7],[141.6,-19.6],[141.7,-19.6],[141.7,-19.5],[141.8,-19.5],[141.8,-19.4],[141.9,-19.4],[141.9,-19.3],[141.9,-19.2],[142,-19.2],[142,-19.1],[142.1,-19.1],[142.1,-19],[142.2,-18.9],[142.2,-18.8],[142.3,-18.7],[142.3,-18.6],[142.4,-18.6],[142.4,-18.5],[142.5,-18.4],[142.7,-18.3],[142.8,-18.3]]]]}},{"type":"Feature","properties":{},"geometry":{"type":"MultiPolygon","coordinates":[[[[155.3,-37],[155.4,-37],[155.6,-36.9],[155.7,-36.9],[155.9,-36.8],[156,-36.8],[156.2,-36.8],[156.6,-36.7],[156.6,-36.8],[156.5,-36.8],[156.5,-36.9],[156.5,-37],[156.5,-37.1],[156.4,-37.2],[156.3,-37.3],[156.3,-37.4],[156.3,-37.5],[156.4,-37.5],[156.5,-37.6],[156.5,-37.7],[156.4,-37.7],[156.2,-37.7],[156,-37.6],[155.8,-37.6],[155.7,-37.5],[155.6,-37.4],[155.5,-37.3],[155.4,-37.3],[155.4,-37.2],[155.3,-37.1],[155.2,-37],[155.3,-37]]]]}},{"type":"Feature","properties":{},"geometry":{"type":"MultiPolygon","coordinates":[[[[111.1,-63.1],[110,-63.6],[109.4,-64.4],[108.8,-64.4],[109.2,-65.8],[110.4,-66.5],[108.6,-66.3],[107.8,-64.1],[111.1,-63.1]]]]}},{"type":"Feature","properties":{},"geometry":{"type":"MultiPolygon","coordinates":[[[[113.4,-55.3],[113.8,-56.3],[113.8,-57],[110.2,-57.5],[113.4,-55.3]]]]}},{"type":"Feature","properties":{},"geometry":{"type":"MultiPolygon","coordinates":[[[[110.2,-57.5],[110.6,-59.8],[110.4,-60.3],[108.8,-62.7],[102.3,-61.1],[102.5,-60.1],[106.2,-58.2],[110.2,-57.5]]]]}},{"type":"Feature","properties":{},"geometry":{"type":"MultiPolygon","coordinates":[[[[101.1,-60.8],[105.6,-61.9],[107.8,-64.1],[108.6,-66.3],[109.9,-68.9],[105.4,-69.9],[100.2,-70.1],[97.6,-68.7],[96.3,-68.2],[95.2,-67.7],[94,-67.2],[93.9,-67.1],[93.4,-66.8],[92.7,-66.3],[92.4,-66.3],[92.3,-66.1],[92.1,-65.8],[91.9,-65.5],[91.6,-65.2],[91.2,-64.8],[91.1,-64.7],[90.5,-64.3],[90.5,-64],[90.7,-63.8],[90.2,-64],[90,-63.7],[89.9,-63.4],[89.5,-63],[89.6,-62.1],[89.5,-61.9],[89.4,-61.7],[90.4,-61.8],[96.9,-61.9],[101.1,-60.8]]]]}},{"type":"Feature","properties":{},"geometry":{"type":"MultiPolygon","coordinates":[[[[118.4,-71],[117.8,-70.8],[117,-70.5],[115.9,-71],[114.7,-71.8],[114.1,-72.1],[114.3,-71.8],[115.6,-70.8],[115.9,-70.2],[116.4,-70],[118.4,-71]]]]}},{"type":"Feature","properties":{},"geometry":{"type":"MultiPolygon","coordinates":[[[[110.1,11.6],[110.5,11.3],[109.8,10.4],[109.4,10.2],[109.5,10.4],[109.8,10.2],[110.3,10.5],[108,7.4],[104.4,4.7],[102.1,-1.1],[102,-1],[102,-1.1],[101.9,-1.4],[101.8,-1.3],[101.5,-1.4],[101.4,-1.6],[101.3,-1.8],[100.1,-2.4],[97.9,-1.3],[99.2,2.5],[101.6,5.9],[105.7,7.7],[108.9,11.1],[110.1,11.6]]]]}},{"type":"Feature","properties":{},"geometry":{"type":"MultiPolygon","coordinates":[[[[103.2,9.9],[106.2,9.6],[103.8,8.7],[100.7,8.6],[98.2,8.6],[95.5,6.7],[95.5,4],[96,2],[97.9,-1.3],[95.8,-0.9],[94.1,1.7],[93.8,5.8],[94.7,6.3],[96.5,9],[101.1,9.9],[103.2,9.9]]]]}},{"type":"Feature","properties":{},"geometry":{"type":"MultiPolygon","coordinates":[[[[128.2,19],[125.2,19.1],[125.1,19.9],[125.7,21.6],[126.5,23.1],[129.3,24.8],[129.9,24.7],[130.1,24.4],[130.1,24.2],[129.9,24.1],[129.8,24.3],[129.6,24.3],[129.3,24.2],[129.1,24.1],[128.5,24.1],[128.6,23.8],[128.4,23.8],[128.1,23.7],[127.9,23.5],[127.7,23.3],[127.5,23.2],[126.9,22.7],[127.2,22.1],[127.7,21.8],[127.8,21.3],[128,20.3],[128.4,19.5],[128.3,19.3],[127.9,19.5],[127.6,19.6],[128.2,19]]]]}},{"type":"Feature","properties":{},"geometry":{"type":"MultiPolygon","coordinates":[[[[135.8,26.9],[135.1,26.6],[134.7,26.2],[134.6,26],[133.9,25.4],[132.3,25.4],[132.6,25.7],[132.9,25.7],[132.9,26.3],[133.1,26.6],[132.8,26.6],[132.3,26.6],[132.1,27],[131.6,27],[131.4,26.9],[131.1,26.9],[130.5,26.8],[130.1,26.4],[129.9,26.3],[130,26.7],[131.2,27.1],[132.6,27.4],[133.9,28],[135.2,28.1],[135.8,26.9]]]]}},{"type":"Feature","properties":{},"geometry":{"type":"MultiPolygon","coordinates":[[[[135.6,21.8],[135.2,21.9],[135,21.8],[134.9,21.7],[134.7,21.8],[134.4,21.8],[134.2,21.7],[134.1,21.4],[133.9,21.5],[134,21.5],[133.7,21.4],[133.4,21.3],[133.3,21.5],[133.1,21.5],[133.3,21.6],[133.3,21.9],[133.1,21.8],[133.2,22.1],[133.3,22.3],[133.4,22.4],[133.3,22.5],[133.7,22.8],[133.8,23],[133.5,23],[133.5,23.5],[133.3,23.6],[133.2,23.7],[133.3,23.7],[133.4,23.8],[133.4,23.7],[133.5,23.7],[133.6,23.9],[133.8,23.8],[134,23.8],[133.8,23.9],[133.9,24.1],[133.8,24.6],[133.9,24.7],[133.7,24.7],[133.1,24.9],[133,24.9],[132.8,24.8],[132.7,24.7],[132.7,24.9],[132.6,24.8],[132.4,24.9],[132.6,25],[132.2,25.2],[132.4,25.3],[135,25.8],[135.5,24.8],[135.9,22.7],[135.9,22.1],[135.6,21.8]]]]}},{"type":"Feature","properties":{},"geometry":{"type":"MultiPolygon","coordinates":[[[[117.5,23],[119.5,22.3],[122.2,20.2],[123.1,20],[124.4,19.4],[123.9,18.7],[121.3,20.3],[118.4,22.5],[116,23.2],[115,23.5],[114.2,23.7],[116.7,23.2],[117.5,23]]]]}},{"type":"Feature","properties":{},"geometry":{"type":"MultiPolygon","coordinates":[[[[106.2,9.6],[107.2,10.5],[107.5,9.2],[103.5,6.8],[100.1,3.9],[98.8,-0.6],[97,0.9],[95.4,3],[95.4,5.3],[96.7,8.1],[99.4,8.2],[102.1,9],[105.7,8.3],[106.2,9.6]]]]}},{"type":"Feature","properties":{},"geometry":{"type":"MultiPolygon","coordinates":[[[[135.6,21.8],[135.5,21.8],[135.2,21.9],[135.6,21.8]]]]}},{"type":"Feature","properties":{},"geometry":{"type":"MultiPolygon","coordinates":[[[[134.2,21.6],[134.4,21.6],[134.2,21.5],[134.2,21.6]]]]}},{"type":"Feature","properties":{},"geometry":{"type":"MultiPolygon","coordinates":[[[[133.2,20.1],[133,20.4],[133.4,20.2],[133.2,20.1]]]]}},{"type":"Feature","properties":{},"geometry":{"type":"MultiPolygon","coordinates":[[[[135.2,21.7],[135.1,21.4],[135.2,21.6],[135.2,21.7]]]]}},{"type":"Feature","properties":{},"geometry":{"type":"MultiPolygon","coordinates":[[[[135.1,19.5],[134.9,19.3],[135,19.4],[135.1,19.5]]]]}},{"type":"Feature","properties":{},"geometry":{"type":"MultiPolygon","coordinates":[[[[134.5,21.7],[134.6,21.6],[134.5,21.5],[134.5,21.7]]]]}},{"type":"Feature","properties":{},"geometry":{"type":"MultiPolygon","coordinates":[[[[88.9,43.4],[89.4,42.3],[89.5,41.3],[89.3,40.2],[89,39.1],[88.5,38.2],[87.9,37.3],[87.3,36.4],[86.7,35.7],[86,34.8],[85,33.9],[84.1,32.5],[83.5,31.1],[83,29.6],[82.5,28],[81.9,26.2],[81.2,24.7],[80.5,23.8],[79.4,23],[78.5,22.1],[79.2,24.1],[80.4,25.9],[80.3,28],[80.1,29.7],[80.8,31.8],[82.7,33.9],[84.2,35.6],[85,37.6],[85.4,39.3],[86.5,41],[88.6,43.1],[88.9,43.4]]]]}},{"type":"Feature","properties":{},"geometry":{"type":"MultiPolygon","coordinates":[[[[137.9,29.9],[138.3,29],[138,29.1],[137.8,29.1],[137.9,28.9],[137.5,28.8],[137.4,29],[136.6,29.3],[135.5,29.6],[134.2,29.6],[132.3,29.7],[130.4,29.7],[129.1,29.7],[125.6,30.3],[122.4,30.5],[121.2,30.4],[120,30.8],[117.7,30.5],[117.3,31.7],[122.5,31.3],[128.3,31.4],[135.5,30.3],[137.9,29.9]]]]}},{"type":"Feature","properties":{},"geometry":{"type":"MultiPolygon","coordinates":[[[[8.7,42.1],[10.3,45],[10.9,48],[10.7,48.9],[10,49.5],[10.6,49.4],[10.4,49.7],[11.1,49.6],[11.5,49.8],[12.6,49.7],[12.7,49.9],[13.4,49.7],[13.5,49.5],[14,47.4],[13.4,46.1],[13.4,46],[12.1,43.9],[8.7,42],[8.7,42.1]]]]}},{"type":"Feature","properties":{},"geometry":{"type":"MultiPolygon","coordinates":[[[[8.3,49.9],[8.8,49.9],[9.2,49.8],[9.9,49.7],[10.5,49.4],[10.6,48.9],[10.7,46.8],[9.2,43.1],[7.4,43],[5.7,44.9],[6.3,45.6],[6.6,46.4],[6.3,46.4],[6.7,47.2],[7.4,47.4],[7.7,47.9],[8.1,48.2],[8.4,48.9],[8.3,49.8],[8.3,49.9]]]]}},{"type":"Feature","properties":{},"geometry":{"type":"MultiPolygon","coordinates":[[[[8.3,49.9],[8.3,50.5],[10.4,50.8],[12.2,50.6],[13.8,49.9],[14,49.4],[13.4,49.6],[13.3,49.9],[12.8,49.8],[12.5,49.8],[11.4,49.8],[10.7,49.6],[10.6,49.5],[10.6,49.4],[9.8,49.9],[9.1,49.8],[8.7,49.9],[8.3,49.9]]]]}},{"type":"Feature","properties":{},"geometry":{"type":"MultiPolygon","coordinates":[[[[17.9,39.9],[19.2,39.9],[21.6,39.5],[22.6,39.4],[24.6,39.4],[26.6,39.9],[27.3,39.9],[26.3,39.2],[23.3,37.5],[19,35.7],[16.6,33.5],[14,31.7],[10.6,29.6],[9.1,29.8],[9.9,31],[10.7,31.6],[11.4,32.5],[14.3,35.3],[16.7,39.1],[17.9,39.9]]]]}},{"type":"Feature","properties":{},"geometry":{"type":"MultiPolygon","coordinates":[[[[8.1,37.1],[8.8,35.6],[8,33.8],[6.2,32.4],[5.5,32.7],[4.4,34.2],[4.6,35.4],[6.8,36.1],[8.1,37.1]]]]}},{"type":"Feature","properties":{},"geometry":{"type":"MultiPolygon","coordinates":[[[[6.4,42.6],[4.4,43.8],[4.1,44],[3.7,44.3],[3.9,45],[4.1,45.2],[5.4,46.6],[6.1,47.4],[6.7,48.1],[6.3,48.3],[7.3,49.8],[8.3,49.9],[8.3,49.6],[8.1,48.4],[7.9,48],[7.6,47.5],[6.9,47.3],[6.5,46.7],[6.4,46.3],[6.3,45.8],[6,45.3],[6.5,43.6],[8.7,42],[9.1,41.3],[9.9,40.2],[8.4,41.6],[6.4,42.6]]]]}},{"type":"Feature","properties":{},"geometry":{"type":"MultiPolygon","coordinates":[[[[-18.2,7.5],[-17.9,7.3],[-17.7,7.1],[-18.3,6.9],[-18.5,6.7],[-18.2,6.8],[-17.5,7.2],[-17.2,6.8],[-17,6.4],[-18.1,6.1],[-18.1,5.7],[-17.6,6],[-17.3,5.4],[-16.8,6.2],[-16.6,5.5],[-16.2,5.7],[-15.9,6],[-16,6.3],[-15.3,6.5],[-15.2,5.6],[-15.6,5.3],[-16,4.9],[-15.5,5.2],[-15.7,4.7],[-15.7,4.3],[-15.7,4.4],[-15.3,4.3],[-15.4,3.8],[-15.3,3.8],[-15.4,3.3],[-15.4,3.1],[-15.3,2.6],[-15.2,2.1],[-14.6,2.3],[-15,2.2],[-14.9,2],[-14.7,2],[-14.4,2],[-14.9,1.5],[-14.7,1.4],[-15.1,1.2],[-14.9,1],[-15,0.9],[-14.7,0.8],[-14.5,0.8],[-14.4,0.6],[-14.3,0.6],[-13.9,-0.1],[-14.7,0.2],[-14.2,-0.2],[-14.6,-0.3],[-14,-0.6],[-13.7,-0.5],[-13.8,-1],[-14.2,-1],[-14.3,-1.3],[-14,-1.7],[-13.7,-1.4],[-13.8,-2],[-14.5,-1.8],[-14.7,-1.8],[-15.1,-1.7],[-14.9,-2.3],[-15.5,-2.3],[-15.4,-2.6],[-15.3,-2.6],[-14.7,-2.7],[-15.3,-2.9],[-15,-3],[-14.7,-2.8],[-14.9,-3.3],[-14.4,-3.1],[-13.7,-3.4],[-13.5,-3.6],[-13.4,-3.8],[-13.3,-4],[-13.2,-4.1],[-13.2,-4.3],[-13.1,-4.4],[-13,-4.5],[-13.1,-4.7],[-13.5,-4.9],[-14.1,-4.2],[-14.8,-4],[-15.4,-3.8],[-15.1,-4],[-15,-4.1],[-14.4,-4.3],[-14.7,-4.7],[-15.2,-4.8],[-15.4,-5.4],[-14.5,-5.2],[-14.9,-5.6],[-15,-5.7],[-14.6,-5.4],[-14,-5.2],[-13,-5.1],[-13.2,-5.4],[-13.2,-5.5],[-13.4,-5.7],[-13.5,-5.9],[-13.7,-6],[-13.7,-6.3],[-13.9,-6.4],[-13.9,-6.6],[-14,-6.8],[-14.3,-7],[-14.5,-7.2],[-14.7,-7.2],[-15,-7.4],[-15.3,-7.4],[-15.4,-7.8],[-15.6,-7.8],[-15.8,-7.8],[-16,-7.7],[-16.3,-7.5],[-16,-7.9],[-16.2,-8.1],[-16.4,-8.5],[-16.5,-8.8],[-16.6,-9.1],[-16.6,-9.2],[-16.7,-9.5],[-16.9,-9.8],[-17.1,-9.8],[-17.2,-9.8],[-17.2,-9.9],[-17.2,-10],[-17.4,-10.2],[-17.5,-10.2],[-17.7,-10.3],[-17.8,-10.3],[-18,-10.2],[-18,-9.9],[-18.1,-10],[-18.1,-10.2],[-18.2,-10.3],[-18.2,-10.6],[-18.3,-10.5],[-18.5,-10.6],[-18.6,-10.6],[-18.7,-10.5],[-18.9,-10.7],[-18.8,-11],[-18.9,-11.1],[-19.3,-11.1],[-19.5,-11.3],[-19.2,-11.9],[-19.7,-11.9],[-19.2,-12.2],[-19.4,-12.5],[-19.3,-12.7],[-19.5,-12.6],[-19.5,-12.8],[-19.7,-12.6],[-19.7,-12.9],[-19.9,-12.9],[-20,-13],[-19.7,-13.2],[-19.9,-13.3],[-20.2,-13.3],[-20.1,-13.5],[-20.2,-13.5],[-20.1,-13.7],[-20,-13.8],[-20,-13.9],[-20.2,-14.2],[-20,-14.3],[-20.3,-14.4],[-20.1,-14.5],[-20.2,-14.7],[-20.3,-14.9],[-20.7,-15],[-20.3,-15.2],[-20.7,-15.2],[-20.5,-15.5],[-20.4,-15.6],[-20.5,-15.7],[-20.8,-15.6],[-21.1,-15.6],[-20.6,-15.7],[-20.6,-15.9],[-20.8,-16],[-21,-15.8],[-21.2,-16],[-21.4,-16.1],[-21.6,-16],[-21.3,-15.9],[-21.6,-16],[-21.7,-15.6],[-21.8,-15.6],[-21.8,-15.4],[-21.7,-15.4],[-21.8,-15.3],[-21.6,-15.1],[-21.9,-15.2],[-22.1,-15.2],[-21.6,-15],[-22,-15.1],[-21.9,-14.8],[-22.1,-15],[-22.1,-15.1],[-22.2,-15.1],[-22.3,-15.1],[-22.6,-15],[-22.6,-15.1],[-22.8,-15],[-22.9,-14.7],[-23,-14.6],[-23.2,-14.7],[-23.1,-14.6],[-23.2,-14.5],[-23.3,-14.5],[-23,-14.3],[-23.5,-14.3],[-23.4,-14.3],[-23.4,-14],[-23.6,-14],[-23.3,-13.8],[-23.4,-13.9],[-23.6,-13.9],[-23.5,-13.8],[-23.5,-13.6],[-23.5,-13.5],[-23.7,-13.1],[-23.7,-13],[-23.7,-12.9],[-23.9,-12.8],[-23.9,-12.6],[-24,-12.5],[-23.9,-12.4],[-24,-12.4],[-24,-12.2],[-23.7,-12.1],[-24,-12.1],[-24.2,-12],[-23.8,-11.9],[-24,-11.7],[-23.5,-11.6],[-24,-11.7],[-23.8,-11.6],[-23.6,-11.4],[-23.4,-11.4],[-23.6,-11.2],[-23.5,-11.2],[-23.4,-11.4],[-23.3,-11.2],[-23.5,-11.1],[-23.6,-10.6],[-23.8,-11],[-24.1,-10.9],[-23.9,-10.8],[-24.2,-10.9],[-24.2,-10.8],[-24,-10.5],[-24.1,-10.4],[-24.2,-10.4],[-23.8,-10],[-23.9,-10.1],[-24.2,-10.2],[-24.3,-10.1],[-24.3,-10],[-24.2,-9.7],[-23.8,-9.8],[-24,-9.8],[-24.4,-9.7],[-24.5,-9.6],[-23.7,-9.1],[-23.1,-9],[-23.8,-9.1],[-24.5,-9.5],[-24.3,-9.4],[-24.1,-9.1],[-24.2,-8.9],[-23.8,-8.9],[-23.9,-8.7],[-24.2,-8.7],[-24.4,-8.5],[-23.7,-8.3],[-24.3,-8.2],[-24,-8],[-23.9,-8],[-23.1,-8.3],[-23.2,-8.1],[-23,-8],[-23.1,-7.8],[-23.7,-7.9],[-24.2,-8.1],[-24.1,-7.8],[-24,-7.8],[-23.8,-7.7],[-23.5,-7.8],[-24,-7.5],[-23.7,-7.5],[-22.9,-8],[-23.1,-7.7],[-23,-7.4],[-23.6,-7.6],[-24,-7.3],[-23.6,-7.2],[-23.3,-7.2],[-23,-7.1],[-22.9,-7.2],[-23.1,-7.1],[-22.8,-6.7],[-22.8,-6.9],[-22.6,-6.9],[-22.8,-6.7],[-22.7,-6.7],[-22.9,-6.6],[-22.7,-6.4],[-22.6,-6.3],[-22.6,-6],[-22.8,-5.8],[-22.9,-5.8],[-23.8,-5],[-22.6,-5.6],[-22.8,-5.3],[-22.6,-5.3],[-22.6,-5.1],[-22.5,-5.2],[-22.8,-4.8],[-22.6,-4.7],[-23,-4.6],[-23,-4.4],[-22.7,-4.1],[-23.2,-4],[-23.2,-3.4],[-23.3,-4.1],[-23.4,-4.3],[-23.9,-4.2],[-23.8,-3.8],[-23.4,-3.4],[-23.7,-3.6],[-23.4,-3.3],[-23.6,-3.2],[-23.4,-3.1],[-23.3,-3],[-23.3,-2.9],[-23.4,-2.7],[-23.4,-2.4],[-23.4,-2],[-23.4,-1.9],[-23.4,-1.6],[-23.3,-1.4],[-23.5,-1.2],[-23.3,-1.2],[-23.5,-0.9],[-23.5,-0.7],[-23.6,-0.1],[-23.5,0.1],[-23.6,0.4],[-23.9,0.7],[-24.2,1],[-24.4,1.2],[-24.6,1.3],[-24.9,1.2],[-25,1.3],[-25.3,1.5],[-25.6,1.5],[-25.3,1.9],[-25.6,2.3],[-25.8,2.4],[-25.6,2.6],[-24.7,2.2],[-24.8,2.5],[-24.5,2.6],[-25,2.9],[-25.1,3],[-25.4,3.2],[-25.5,3.8],[-25,4],[-24.6,4],[-24.4,4.1],[-24,4],[-23.5,4.2],[-23.1,4.7],[-23.4,4.8],[-23.2,5.4],[-22.9,5.6],[-22.6,5.7],[-22.3,5.7],[-21.8,6.1],[-21.4,6.3],[-21.3,6.4],[-21.1,5.8],[-20.7,5.9],[-20.6,6.5],[-20,5.8],[-19.6,6],[-19.5,6.6],[-19.3,6.4],[-19.8,6.7],[-19.8,7],[-19.7,7],[-19.5,6.9],[-19.1,6.6],[-18.9,7],[-19,7.3],[-18.7,7.4],[-18.5,7.3],[-18.2,7.5]]]]}},{"type":"Feature","properties":{},"geometry":{"type":"MultiPolygon","coordinates":[[[[-23.4,-5.8],[-23.2,-6.2],[-23.7,-6.2],[-23.8,-6.1],[-24.1,-6],[-24.1,-5.6],[-23.8,-5.3],[-23.4,-5.8]]]]}},{"type":"Feature","properties":{},"geometry":{"type":"MultiPolygon","coordinates":[[[[-14.2,-4.9],[-15,-5.3],[-14.8,-4.8],[-14.3,-4.6],[-14.2,-4.9]]]]}},{"type":"Feature","properties":{},"geometry":{"type":"MultiPolygon","coordinates":[[[[-14.1,-2.6],[-13.7,-2.9],[-13.6,-3.2],[-14,-3.1],[-14.5,-2.7],[-14.1,-2.6]]]]}},{"type":"Feature","properties":{},"geometry":{"type":"MultiPolygon","coordinates":[[[[-14.7,-2.2],[-14.1,-2.4],[-14.9,-2.2],[-14.7,-2.2]]]]}},{"type":"Feature","properties":{},"geometry":{"type":"MultiPolygon","coordinates":[[[[-13.8,-2.4],[-14.1,-2.6],[-14.6,-2.6],[-13.8,-2.4]]]]}},{"type":"Feature","properties":{},"geometry":{"type":"MultiPolygon","coordinates":[[[[-13.6,0.2],[-13.4,0.1],[-13.7,-0.2],[-13.7,0.1],[-13.6,0.2]]]]}},{"type":"Feature","properties":{},"geometry":{"type":"MultiPolygon","coordinates":[[[[-18,-10.3],[-17.8,-10.5],[-18,-10.6],[-18,-10.3]]]]}},{"type":"Feature","properties":{},"geometry":{"type":"MultiPolygon","coordinates":[[[[-22.9,-5.9],[-22.8,-6.3],[-22.9,-6],[-22.9,-5.9]]]]}},{"type":"Feature","properties":{},"geometry":{"type":"MultiPolygon","coordinates":[[[[-21,-16],[-20.6,-16.2],[-20.8,-16.2],[-20.8,-16.1],[-21,-16]]]]}},{"type":"Feature","properties":{},"geometry":{"type":"MultiPolygon","coordinates":[[[[-19.2,-11.5],[-19.1,-11.7],[-19.3,-11.3],[-19.1,-11.5],[-19.2,-11.5]]]]}},{"type":"Feature","properties":{},"geometry":{"type":"MultiPolygon","coordinates":[[[[-19.8,-13.5],[-19.9,-13.5],[-20,-13.4],[-19.8,-13.5]]]]}},{"type":"Feature","properties":{},"geometry":{"type":"MultiPolygon","coordinates":[[[[-22.4,-15.1],[-22.4,-15.2],[-22.5,-15.2],[-22.4,-15.1]]]]}},{"type":"Feature","properties":{},"geometry":{"type":"MultiPolygon","coordinates":[[[[-133.1,-72.8],[-140,-72.2],[-140.8,-71.8],[-144.6,-70.8],[-148.7,-70.4],[-144.6,-69.9],[-140.8,-70.8],[-135.5,-71.2],[-133.5,-70.6],[-135.8,-70.3],[-136.2,-69.6],[-140.3,-69.1],[-136.3,-69],[-136.3,-69.3],[-134.9,-69.3],[-130.7,-69.4],[-129.3,-70.1],[-128,-71],[-124.8,-71.5],[-120.3,-71.5],[-119.5,-71.7],[-117.5,-72.2],[-116.8,-72.4],[-124.6,-72.6],[-133.1,-72.8]]]]}},{"type":"Feature","properties":{},"geometry":{"type":"MultiPolygon","coordinates":[[[[77.7,-84],[103.6,-82.9],[108,-85.4],[134.7,-86.4],[151.5,-86.5],[148.2,-87.4],[94,-88.6],[-26.5,-88.9],[18,-88.3],[55.8,-86.7],[60.9,-85.1],[58.2,-84.3],[65.4,-84.3],[78.8,-84.8],[81.2,-85],[86.4,-84.5],[72.7,-84.2],[77.7,-84]]]]}},{"type":"Feature","properties":{},"geometry":{"type":"MultiPolygon","coordinates":[[[[-106.4,-77.5],[-103.5,-75.5],[-98.7,-75.3],[-90.4,-75.2],[-88.5,-76.2],[-101.1,-76.4],[-106.4,-77.5]]]]}},{"type":"Feature","properties":{},"geometry":{"type":"MultiPolygon","coordinates":[[[[180,-74.7],[176,-78.8],[169.5,-79.1],[163.9,-79.2],[160.9,-79.5],[158.3,-79.8],[156.2,-80.1],[153.6,-80.8],[151.3,-81.4],[148.9,-79.8],[164.1,-78.7],[165.5,-78.1],[165.9,-77.7],[165.6,-77.6],[166.7,-77.2],[167.1,-77.1],[168.1,-76.3],[170,-75.6],[172.7,-75.1],[172.6,-74.9],[180,-74.7]]]]}},{"type":"Feature","properties":{},"geometry":{"type":"MultiPolygon","coordinates":[[[[-180,-78.3],[-178.1,-74.8],[-175.3,-74.5],[-174.9,-74.2],[-171,-72.1],[-169.7,-72.2],[-170.8,-73.3],[-174.5,-76.6],[-176.1,-78.2],[-180,-78.3]]]]}},{"type":"Feature","properties":{},"geometry":{"type":"MultiPolygon","coordinates":[[[[-144.6,-70.8],[-140.8,-71.8],[-140,-72.2],[-139.8,-72.8],[-137.9,-74],[-137.5,-74.9],[-139.9,-74.5],[-142.3,-72.3],[-141.4,-71.7],[-144.6,-70.8]]]]}},{"type":"Feature","properties":{},"geometry":{"type":"MultiPolygon","coordinates":[[[[180,-83.3],[175.6,-84.6],[172.6,-84],[178.6,-83.4],[180,-83.3]]]]}},{"type":"Feature","properties":{},"geometry":{"type":"MultiPolygon","coordinates":[[[[-180,-84.7],[-173.6,-83.3],[-164.4,-82.9],[-154.5,-81.9],[-152.3,-80.4],[-147.3,-80.4],[-142.6,-79.7],[-140.3,-79.2],[-134.8,-78.8],[-138.3,-79.9],[-143.2,-81.4],[-154.2,-83.6],[-161.8,-84.1],[-177,-84.7],[-180,-84.7]]]]}},{"type":"Feature","properties":{},"geometry":{"type":"MultiPolygon","coordinates":[[[[-169.3,-72.1],[-168.9,-71.8],[-161.1,-69.6],[-153.5,-69.8],[-148.7,-70.4],[-151.4,-70.5],[-155.3,-71],[-160.9,-72.3],[-164.3,-72.5],[-169.3,-72.1]]]]}},{"type":"Feature","properties":{},"geometry":{"type":"MultiPolygon","coordinates":[[[[180,-78.3],[174.6,-79.7],[171,-79.2],[179.6,-78.3],[180,-78.3]]]]}},{"type":"Feature","properties":{},"geometry":{"type":"MultiPolygon","coordinates":[[[[-180,-79.9],[-176.1,-78.2],[-171.1,-78.3],[-163.1,-78.1],[-158.7,-78.1],[-153.6,-78.1],[-145.3,-78],[-139.6,-78.4],[-140.1,-79.3],[-143.3,-79.8],[-148.3,-80.4],[-157.5,-79.2],[-162.1,-79.6],[-170.7,-79.8],[-176.9,-80],[-180,-79.9]]]]}},{"type":"Feature","properties":{},"geometry":{"type":"MultiPolygon","coordinates":[[[[-138.9,-78.7],[-143.1,-78.2],[-150.9,-78.1],[-158,-78.1],[-162.6,-78.1],[-168.6,-78.2],[-175.5,-78.2],[-174.1,-75.6],[-170.6,-72.8],[-169.3,-72.1],[-162.4,-72.5],[-157.1,-71.5],[-153,-70.7],[-150.2,-70.4],[-147,-70.6],[-142.2,-71.6],[-142.1,-72.1],[-141.5,-74],[-135.7,-76.9],[-134.5,-78],[-138.9,-78.7]]]]}},{"type":"Feature","properties":{},"geometry":{"type":"MultiPolygon","coordinates":[[[[-133.4,-78.7],[-135.1,-77.3],[-136.5,-76],[-137.9,-74.3],[-139.4,-73.2],[-140,-72.3],[-136.3,-72.6],[-127.1,-73.4],[-120.6,-73.8],[-117.4,-74.2],[-120.2,-75.8],[-123.8,-77.7],[-133,-79.6],[-140.3,-81.1],[-140.7,-80.6],[-137.2,-79.3],[-133.4,-78.7]]]]}},{"type":"Feature","properties":{},"geometry":{"type":"MultiPolygon","coordinates":[[[[-134.8,-78.8],[-135.1,-77.3],[-133.4,-78.7],[-134.8,-78.8]]]]}},{"type":"Feature","properties":{},"geometry":{"type":"MultiPolygon","coordinates":[[[[171,-79.2],[160,-81.2],[163.6,-82.7],[162.8,-83.1],[157.4,-82.4],[156.2,-81.7],[154.1,-81.4],[152.3,-81.9],[151.8,-81.4],[154.6,-80.5],[156.6,-80.1],[158.7,-79.7],[161.4,-79.4],[165.3,-79.2],[170.6,-79],[171,-79.2]]]]}},{"type":"Feature","properties":{},"geometry":{"type":"MultiPolygon","coordinates":[[[[-101.1,-84.8],[-113,-82.2],[-124.1,-81.2],[-116.7,-79],[-108,-78.1],[-106,-77.4],[-96.8,-76.1],[-80.6,-75.7],[-75.6,-76.1],[-71.4,-76.8],[-68.2,-77.5],[-61.3,-77.6],[-58,-77.1],[-53.4,-76.7],[-51.5,-76.8],[-43.7,-75.1],[-43.2,-75.3],[-43.1,-75.1],[-41,-74.6],[-35.5,-76],[-38.3,-77.6],[-51.7,-80.5],[-64.7,-83.2],[-91.7,-84.9],[-101.1,-84.8]]]]}},{"type":"Feature","properties":{},"geometry":{"type":"MultiPolygon","coordinates":[[[[107.1,-80.7],[100.5,-81.7],[94.7,-81.7],[96.4,-80.4],[98.4,-79.7],[107.1,-80.7]]]]}},{"type":"Feature","properties":{},"geometry":{"type":"MultiPolygon","coordinates":[[[[107.1,-80.7],[117.2,-81.2],[121.9,-81.8],[116.1,-81.7],[110.4,-81.9],[99.2,-82.4],[97.2,-81.9],[106.8,-81.1],[107.1,-80.7]]]]}},{"type":"Feature","properties":{},"geometry":{"type":"MultiPolygon","coordinates":[[[[180,-85.9],[167,-86.9],[148.5,-86.5],[128,-86.2],[104.3,-84.5],[105.3,-82.8],[109.8,-82.4],[118.1,-82.2],[124.7,-82.3],[140.9,-84.7],[165.5,-85.6],[180,-85.9]]]]}},{"type":"Feature","properties":{},"geometry":{"type":"MultiPolygon","coordinates":[[[[58.4,-70],[59.2,-69.2],[59.1,-68.6],[60.6,-67.8],[61.9,-68.2],[62.6,-68.6],[64.6,-69.2],[62.2,-69.5],[58.4,-70]]]]}},{"type":"Feature","properties":{},"geometry":{"type":"MultiPolygon","coordinates":[[[[42.4,-79.2],[45.2,-81.4],[41.4,-81.6],[53.3,-83.4],[58.1,-84.1],[57.9,-84.8],[60.3,-85.4],[36.3,-87.7],[-24.1,-88.7],[-58.9,-87.7],[-4.2,-87.6],[20.4,-85.4],[24.7,-82.4],[24.8,-81],[26.3,-79.7],[24.6,-78.4],[28.4,-78.5],[33.4,-78.2],[34.4,-77.6],[34.9,-77.6],[38.8,-77.6],[38.7,-77.9],[40.6,-77.9],[41.8,-77.7],[42.4,-79.2]]]]}},{"type":"Feature","properties":{},"geometry":{"type":"MultiPolygon","coordinates":[[[[-2.5,-73],[2.4,-73.1],[5.7,-74],[13.2,-74.6],[18.7,-76],[22.2,-77.9],[26.3,-79.7],[24.8,-81],[24.7,-82.4],[20.4,-85.4],[-4.2,-87.6],[-58.9,-87.7],[-98.9,-85.3],[-72.5,-84.3],[-57.1,-81.8],[-42.8,-78.2],[-34.2,-77.6],[-39,-73.9],[-37.4,-72.4],[-36.6,-71.9],[-36.2,-71.2],[-35.7,-70.9],[-35.3,-70.5],[-33.5,-69.8],[-33,-69.4],[-32.6,-69.6],[-31.5,-69.7],[-30.1,-69.6],[-29.7,-69.9],[-29.3,-69.7],[-29.6,-69.5],[-28.7,-69.3],[-29,-69.4],[-27.8,-69.1],[-25.5,-68.8],[-22.8,-68.1],[-22.3,-68],[-21.5,-67.4],[-21.4,-67.4],[-19.5,-67.7],[-18,-69.7],[-15.8,-70.9],[-15.9,-71.3],[-12.4,-71.7],[-10.2,-71.4],[-9.6,-71.6],[-7.6,-71.6],[-8.1,-72.3],[-2.5,-73]]]]}},{"type":"Feature","properties":{},"geometry":{"type":"MultiPolygon","coordinates":[[[[14.2,-72.5],[2.4,-73.1],[-2.5,-73],[-7.4,-70.8],[-9.2,-71.2],[-10.4,-71.1],[-13.2,-70.5],[-15,-69.4],[-16.7,-68.7],[-17.6,-68.1],[-18.9,-67.4],[-16.3,-66.9],[-8.1,-67.6],[3.8,-69.9],[14.2,-72.5]]]]}},{"type":"Feature","properties":{},"geometry":{"type":"MultiPolygon","coordinates":[[[[65.6,-74.7],[63,-76.4],[62.9,-75.9],[60.8,-76.2],[59.5,-76],[48.4,-74.5],[52.2,-72.2],[59.6,-73.8],[65.2,-75.1],[65.6,-74.7]]]]}},{"type":"Feature","properties":{},"geometry":{"type":"MultiPolygon","coordinates":[[[[17,-48.8],[15.1,-54.8],[13.6,-60.1],[18.8,-59.7],[21.7,-56.1],[31.4,-54.4],[32.3,-51.8],[33.1,-50.8],[33.1,-56.3],[31.2,-58.6],[31.6,-59.4],[32.8,-58.9],[34,-58.4],[36.4,-57.8],[38.1,-58.6],[39.8,-59.7],[41.7,-61.4],[41.9,-62.1],[42.9,-62],[44.3,-62],[44.4,-62.6],[44.5,-63.1],[45.5,-64],[44,-64.6],[36.2,-65.4],[31.5,-67.7],[16.4,-67],[5.5,-67.2],[-6.5,-65.4],[-5.4,-64.3],[-2,-63.1],[-1.8,-63.5],[-0.7,-63.3],[0.7,-63.5],[1.7,-64.9],[10.6,-63.1],[12.1,-60.9],[7.3,-58.6],[2.3,-57.6],[2.1,-55],[4.8,-56.3],[6.7,-54.7],[8.7,-53.2],[11.5,-51.5],[10.5,-49.5],[5.3,-48.1],[1.9,-49.2],[1.6,-51.7],[4.1,-48.1],[10.3,-44.8],[15.8,-48.1],[17,-48.8]]]]}},{"type":"Feature","properties":{},"geometry":{"type":"MultiPolygon","coordinates":[[[[0.7,-63.4],[-1,-62.9],[-0.7,-62.6],[0.6,-62.8],[0.7,-63.4]]]]}},{"type":"Feature","properties":{},"geometry":{"type":"MultiPolygon","coordinates":[[[[36.3,-50.8],[35.9,-51.5],[35.7,-52.1],[35.1,-51.8],[35.1,-50.9],[36.2,-50.8],[36.3,-50.8]]]]}},{"type":"Feature","properties":{},"geometry":{"type":"MultiPolygon","coordinates":[[[[36.5,-50.4],[36.2,-50.8],[36.2,-50.4],[36.5,-50.4]]]]}},{"type":"Feature","properties":{},"geometry":{"type":"MultiPolygon","coordinates":[[[[36.2,-51.8],[36.5,-51.2],[36.3,-51.7],[36.2,-51.8]]]]}},{"type":"Feature","properties":{},"geometry":{"type":"MultiPolygon","coordinates":[[[[42.6,-55.1],[43.8,-55.9],[44.1,-56.3],[44.2,-57],[43.3,-58.1],[40.6,-59.2],[37.9,-57.9],[36.7,-55.8],[39.8,-55.5],[40.8,-56.2],[42.6,-55.1]]]]}},{"type":"Feature","properties":{},"geometry":{"type":"MultiPolygon","coordinates":[[[[46.1,-52.3],[46.6,-53.3],[44.5,-52.6],[44.8,-52],[46.1,-52.3]]]]}},{"type":"Feature","properties":{},"geometry":{"type":"MultiPolygon","coordinates":[[[[53.4,-53.4],[53.6,-54.3],[53,-53.3],[53.4,-53.4]]]]}},{"type":"Feature","properties":{},"geometry":{"type":"MultiPolygon","coordinates":[[[[46.2,-57.8],[46.5,-59.2],[47.9,-61.5],[46.8,-61.3],[46.4,-60.2],[44.5,-59.8],[42.3,-59.9],[40.9,-59.7],[40.6,-59.2],[43.3,-58.1],[44.2,-57],[44.6,-57.1],[46.1,-57.8],[46.2,-57.8]]]]}},{"type":"Feature","properties":{},"geometry":{"type":"MultiPolygon","coordinates":[[[[49.9,-55.5],[46.9,-58],[45.4,-57.1],[45.1,-56.8],[46,-55.1],[48.8,-54.8],[49.9,-55.5]]]]}},{"type":"Feature","properties":{},"geometry":{"type":"MultiPolygon","coordinates":[[[[52.4,-60.3],[53.4,-61.4],[51.8,-62],[48.6,-62.2],[49.1,-61.6],[47.9,-61.5],[46.5,-59.2],[46.2,-57.8],[47.3,-58],[47.9,-58.1],[50.9,-59.8],[52.4,-60.3]]]]}},{"type":"Feature","properties":{},"geometry":{"type":"MultiPolygon","coordinates":[[[[47.4,-63.1],[45.2,-63.6],[44.6,-62.8],[44.1,-62.2],[43.3,-62.3],[42.2,-62],[41.4,-61.7],[43.1,-61.1],[44.4,-61.3],[47.4,-63.1]]]]}},{"type":"Feature","properties":{},"geometry":{"type":"MultiPolygon","coordinates":[[[[40.3,-59.7],[38.3,-58.9],[37,-57.8],[34.5,-58.1],[33.2,-58.9],[32,-59.4],[31.3,-58.9],[32.6,-58.2],[33.1,-57.1],[34.8,-57],[37,-56.3],[38.4,-58.6],[40.3,-59.7]]]]}},{"type":"Feature","properties":{},"geometry":{"type":"MultiPolygon","coordinates":[[[[50.9,-53.2],[53.9,-54.3],[56.9,-54.9],[59.7,-57.1],[62.1,-59.4],[61.8,-61.1],[59.9,-62.7],[57.8,-61.3],[58.2,-59.4],[56.3,-57.3],[51.1,-55.2],[48.2,-53.8],[49.9,-52.9],[50.9,-53.2]]]]}},{"type":"Feature","properties":{},"geometry":{"type":"MultiPolygon","coordinates":[[[[67.3,-60],[66,-60.6],[62.6,-62.7],[62.3,-63.1],[61.9,-63.2],[61.2,-63.5],[61.8,-61.1],[64.9,-59.9],[67.3,-60]]]]}},{"type":"Feature","properties":{},"geometry":{"type":"MultiPolygon","coordinates":[[[[47.1,-51],[47.4,-52.1],[44.8,-52],[44.9,-51.1],[45.6,-50.6],[47,-50.9],[47.1,-51]]]]}},{"type":"Feature","properties":{},"geometry":{"type":"MultiPolygon","coordinates":[[[[53.6,-56.6],[54.7,-58.3],[52.4,-56.4],[53.6,-56.6]]]]}},{"type":"Feature","properties":{},"geometry":{"type":"MultiPolygon","coordinates":[[[[47.8,-61.9],[44.4,-61.3],[41.6,-60.1],[41.9,-59.5],[42.6,-60.1],[45.1,-59.9],[46.8,-60.6],[47.1,-61.4],[47.8,-61.9]]]]}},{"type":"Feature","properties":{},"geometry":{"type":"MultiPolygon","coordinates":[[[[54.1,-61],[55,-61.9],[55.6,-62.7],[56.7,-63.2],[58.1,-63.8],[58.7,-64.2],[59.5,-65.2],[52.7,-64.9],[48.2,-61.8],[49,-61.9],[49.7,-62.1],[52.7,-62.3],[54.1,-61]]]]}},{"type":"Feature","properties":{},"geometry":{"type":"MultiPolygon","coordinates":[[[[61.7,-61.8],[59.5,-63.8],[58.3,-63.3],[56.8,-62.1],[58,-59.8],[56.1,-59.2],[53.8,-58],[55.3,-56.7],[58.4,-59.3],[58.4,-60.9],[58.8,-62.8],[61.7,-61.8]]]]}},{"type":"Feature","properties":{},"geometry":{"type":"MultiPolygon","coordinates":[[[[61.5,-72.4],[59,-71.5],[57.8,-71.3],[59.2,-72.3],[60.7,-72.5],[62.9,-73.1],[63.2,-74.4],[55.6,-73.2],[57.7,-70],[61.5,-72.4]]]]}},{"type":"Feature","properties":{},"geometry":{"type":"MultiPolygon","coordinates":[[[[0.1,-67.9],[-8.1,-67.6],[-16.3,-66.9],[-21,-67.6],[-21.4,-67.2],[-21.8,-66.4],[-21.9,-66.3],[-21.9,-66.1],[-21.9,-66],[-21.9,-65.9],[-20.5,-65],[-18.4,-64.9],[-16.9,-64.8],[-17,-64.4],[-15.7,-64.6],[-14.9,-64.7],[-13.4,-64.7],[-9.8,-64.3],[-5.9,-66.2],[0.1,-67.9]]]]}},{"type":"Feature","properties":{},"geometry":{"type":"MultiPolygon","coordinates":[[[[-0.9,-51.1],[-2.4,-53.1],[-3.5,-54.5],[-5.4,-57.1],[-6.9,-56.8],[-7,-55.8],[-4.6,-53.4],[-3.3,-52.2],[-2.2,-51.5],[-1.2,-51],[-0.9,-51.1]]]]}},{"type":"Feature","properties":{},"geometry":{"type":"MultiPolygon","coordinates":[[[[-2.5,-53.6],[-1.2,-51.5],[-0.4,-50.9],[-0.7,-51.5],[-1,-52.2],[-1.1,-52.5],[-1.4,-53.2],[-1.8,-54.1],[-2.2,-53.5],[-2.5,-53.6]]]]}},{"type":"Feature","properties":{},"geometry":{"type":"MultiPolygon","coordinates":[[[[0.1,-50],[-1.1,-51],[-2,-51.5],[-2.5,-51.4],[-2.1,-50.8],[-1.4,-50.1],[-0.5,-49.6],[0,-49.9],[0.1,-50]]]]}},{"type":"Feature","properties":{},"geometry":{"type":"MultiPolygon","coordinates":[[[[-0.5,-49.6],[-2,-49.8],[-2.8,-50.7],[-3.9,-51.6],[-4.2,-50.6],[-3.7,-49.3],[-3,-47.7],[-2,-48.6],[-1.4,-49.2],[-0.5,-49.6]]]]}},{"type":"Feature","properties":{},"geometry":{"type":"MultiPolygon","coordinates":[[[[-4.2,-52],[-4.9,-51.9],[-4.9,-51],[-4.7,-50],[-4.2,-50.6],[-4.2,-52]]]]}},{"type":"Feature","properties":{},"geometry":{"type":"MultiPolygon","coordinates":[[[[-3,-47.7],[-3.7,-49.3],[-6.1,-50.7],[-5.2,-49.2],[-3,-47.7]]]]}},{"type":"Feature","properties":{},"geometry":{"type":"MultiPolygon","coordinates":[[[[-13.9,-52.9],[-14.1,-52.7],[-12.7,-51.8],[-10.9,-50.8],[-9.3,-49.8],[-9.4,-50],[-10.8,-50.9],[-12.1,-51.9],[-13.9,-52.9]]]]}},{"type":"Feature","properties":{},"geometry":{"type":"MultiPolygon","coordinates":[[[[-5,-47.9],[-5.9,-48.7],[-7.2,-49.5],[-9,-50.4],[-10.5,-51.8],[-11.8,-52.3],[-12.5,-52.5],[-13.6,-53],[-13,-52.3],[-11.6,-51.5],[-10.3,-50.6],[-8.6,-49.6],[-7.1,-48.6],[-5.8,-47.3],[-5.7,-47.7],[-5,-47.9]]]]}},{"type":"Feature","properties":{},"geometry":{"type":"MultiPolygon","coordinates":[[[[-7.1,-48.6],[-8.7,-49.5],[-9.9,-49.3],[-8.9,-48.7],[-7.7,-48.3],[-7.1,-48.6]]]]}},{"type":"Feature","properties":{},"geometry":{"type":"MultiPolygon","coordinates":[[[[-7.7,-48.3],[-8.9,-48.7],[-9.9,-49.3],[-10.8,-49.6],[-10,-48.5],[-9.3,-48],[-8.7,-48.3],[-7.9,-48],[-7.8,-48],[-7.7,-48.3]]]]}},{"type":"Feature","properties":{},"geometry":{"type":"MultiPolygon","coordinates":[[[[-9.5,-47.9],[-9.8,-48.2],[-10,-48.5],[-10.8,-49.6],[-11.2,-50.5],[-11.6,-51.2],[-12.3,-51.4],[-13.8,-52],[-15.6,-52.6],[-16.1,-52.7],[-14.3,-51.1],[-12.8,-50.2],[-10.8,-48.7],[-9.6,-47.7],[-9.5,-47.9]]]]}},{"type":"Feature","properties":{},"geometry":{"type":"MultiPolygon","coordinates":[[[[-8.6,-49.6],[-10,-50.1],[-11.6,-51.5],[-13.6,-52.4],[-14.9,-53.1],[-15.8,-53.3],[-15.6,-52.6],[-13.8,-52],[-12.3,-51.4],[-11.6,-51.2],[-11.2,-50.5],[-9.9,-49.3],[-8.7,-49.5],[-8.6,-49.6]]]]}},{"type":"Feature","properties":{},"geometry":{"type":"MultiPolygon","coordinates":[[[[-9.1,-47],[-10.8,-48.7],[-12.8,-50.2],[-14.3,-51.1],[-16.1,-52.7],[-17.6,-51.6],[-14.6,-50.3],[-12.2,-48.5],[-9.6,-46.9],[-9.1,-47]]]]}},{"type":"Feature","properties":{},"geometry":{"type":"MultiPolygon","coordinates":[[[[-17.6,-37.3],[-22.6,-38.5],[-26.5,-37.3],[-27.4,-38.1],[-28.5,-40.2],[-29.2,-42.5],[-32.4,-45.3],[-38.6,-47.1],[-40.5,-48.4],[-41.7,-50.7],[-41.5,-49.9],[-41.3,-49.6],[-41.1,-48.7],[-40.9,-48.4],[-41.1,-48.1],[-40.7,-48],[-40.7,-47.6],[-40.5,-47.6],[-40.2,-47.6],[-40.1,-47.6],[-40.2,-47.5],[-40.4,-47.5],[-39.9,-47.1],[-39.4,-47],[-39.3,-46.7],[-39.5,-46.5],[-39.1,-46.3],[-39.1,-46],[-39.1,-45.7],[-39.1,-45.5],[-39,-45.2],[-38.7,-45.1],[-38.6,-44.9],[-38.5,-44.8],[-38.5,-44.6],[-38.6,-44.2],[-38.1,-44.2],[-38,-44.3],[-37.9,-44.3],[-37.8,-44.1],[-38,-44],[-37.6,-44.1],[-37.6,-43.9],[-38.2,-43.3],[-37.6,-43.2],[-38,-43],[-37.9,-42.4],[-37.7,-42.6],[-37.6,-42.7],[-37.7,-42.5],[-37.3,-42.2],[-36.8,-42.1],[-36.4,-42.5],[-35.9,-42.9],[-36.7,-42.2],[-36.4,-41.9],[-36,-41.9],[-35.1,-41.8],[-33.6,-41.2],[-31.5,-40.3],[-29.8,-39.1],[-29.4,-38.9],[-29,-38.7],[-28.7,-38.3],[-28.5,-37.6],[-27.9,-37.2],[-26.3,-37],[-25.1,-36.9],[-23.6,-36.9],[-20.8,-36.5],[-17.7,-36.8],[-14.7,-36.6],[-14.3,-36.5],[-17.6,-37.3]]]]}},{"type":"Feature","properties":{},"geometry":{"type":"MultiPolygon","coordinates":[[[[-7.9,-48],[-8.5,-48.4],[-9.2,-48],[-9.7,-48.1],[-9.3,-47.8],[-8.5,-47.3],[-8.4,-47.4],[-8,-47.8],[-7.9,-48]]]]}},{"type":"Feature","properties":{},"geometry":{"type":"MultiPolygon","coordinates":[[[[-4.1,-48],[-7.2,-51.2],[-9.1,-52.3],[-8.5,-51.1],[-6.3,-49.6],[-5.2,-48.8],[-4.1,-48]]]]}},{"type":"Feature","properties":{},"geometry":{"type":"MultiPolygon","coordinates":[[[[-3.8,-52.8],[-5.2,-53.7],[-6.9,-56.1],[-6.5,-56.9],[-5.2,-57.1],[-7.5,-63.1],[-10.5,-61.1],[-11,-60.1],[-13.6,-59.4],[-17.3,-59.2],[-19.3,-57.5],[-19.9,-56.3],[-18.4,-54.6],[-19.1,-52.9],[-17.7,-51.9],[-16,-53.3],[-15.1,-53.3],[-14.1,-52.9],[-13.2,-52.8],[-12.3,-52.3],[-11.4,-52],[-10,-52.3],[-8.6,-52.5],[-8,-53.4],[-6.6,-52.9],[-4.9,-51.9],[-4.2,-52],[-4,-52.3],[-3.8,-52.8]]]]}},{"type":"Feature","properties":{},"geometry":{"type":"MultiPolygon","coordinates":[[[[-52.8,-64.6],[-59.6,-66.3],[-64.4,-69],[-66.2,-71],[-70.8,-71.3],[-68.5,-69.2],[-68.3,-67.1],[-66.7,-65.9],[-63,-65.8],[-62.7,-65.1],[-55.8,-64.2],[-52.8,-64.6]]]]}},{"type":"Feature","properties":{},"geometry":{"type":"MultiPolygon","coordinates":[[[[-34.9,-64.8],[-37.3,-65.4],[-41.8,-65.6],[-49.5,-65.3],[-49.5,-64.2],[-35.4,-63.1],[-33.4,-63.7],[-34.9,-64.8]]]]}},{"type":"Feature","properties":{},"geometry":{"type":"MultiPolygon","coordinates":[[[[-70.8,-71.3],[-70.8,-69],[-68.1,-67.4],[-67.7,-69.6],[-70.8,-71.3]]]]}},{"type":"Feature","properties":{},"geometry":{"type":"MultiPolygon","coordinates":[[[[-73.3,-65.1],[-71.1,-66.1],[-73.4,-68],[-74,-70.3],[-78.3,-70.1],[-82.7,-68.7],[-87.8,-67.4],[-94.1,-66.1],[-94.7,-64.6],[-90.3,-65.1],[-85.3,-65.4],[-79.7,-65.8],[-75.8,-65.4],[-73.3,-65.1]]]]}},{"type":"Feature","properties":{},"geometry":{"type":"MultiPolygon","coordinates":[[[[-28.9,-61.4],[-32.8,-60.9],[-32,-60.9],[-31.5,-60.9],[-30.2,-61],[-28.9,-61.4]]]]}},{"type":"Feature","properties":{},"geometry":{"type":"MultiPolygon","coordinates":[[[[-20.7,-66.2],[-29.6,-65.6],[-34.6,-64.7],[-32.7,-62.9],[-27.9,-62.1],[-26.4,-62.9],[-25.9,-63.5],[-24.8,-64.1],[-22.8,-64.5],[-21.1,-64.8],[-20.8,-65.4],[-20.7,-65.9],[-20.7,-66.2]]]]}},{"type":"Feature","properties":{},"geometry":{"type":"MultiPolygon","coordinates":[[[[-116.3,-61.5],[-124.7,-63.1],[-124.6,-62.3],[-125.6,-62.3],[-126,-62.5],[-119.3,-60.7],[-116.3,-60.6],[-116.3,-61.5]]]]}},{"type":"Feature","properties":{},"geometry":{"type":"MultiPolygon","coordinates":[[[[-95.5,-57.9],[-103.7,-58.8],[-114.8,-59.2],[-111.1,-57.6],[-101.8,-56.4],[-95.5,-57.1],[-95.5,-57.9]]]]}},{"type":"Feature","properties":{},"geometry":{"type":"MultiPolygon","coordinates":[[[[-115.8,-59.1],[-123.8,-59],[-119.8,-58.3],[-115.8,-59.1]]]]}},{"type":"Feature","properties":{},"geometry":{"type":"MultiPolygon","coordinates":[[[[-51.2,-5],[-51.5,-4.8],[-53.6,-4.8],[-55.7,-4],[-56.3,-3.7],[-55.8,-3.3],[-54.7,-3.7],[-53.3,-4.3],[-51.9,-4.4],[-51.6,-4.4],[-51.2,-4.6],[-51.2,-5]]]]}},{"type":"Feature","properties":{},"geometry":{"type":"MultiPolygon","coordinates":[[[[-30.7,-6.4],[-30.7,-6.8],[-31.3,-6.8],[-31.9,-6.6],[-32.3,-6.6],[-32.2,-6.5],[-32.1,-5.8],[-31.4,-5.8],[-30.9,-6.3],[-30.7,-6.4]]]]}},{"type":"Feature","properties":{},"geometry":{"type":"MultiPolygon","coordinates":[[[[-33,-6],[-33.1,-5.7],[-32.5,-5.5],[-33,-6]]]]}},{"type":"Feature","properties":{},"geometry":{"type":"MultiPolygon","coordinates":[[[[-30.9,-5],[-31.1,-5],[-31.1,-4.7],[-30.9,-5]]]]}},{"type":"Feature","properties":{},"geometry":{"type":"MultiPolygon","coordinates":[[[[-28.7,-8.5],[-28.9,-8.9],[-29,-9.2],[-29.4,-9.3],[-29.4,-8.5],[-29.4,-8.1],[-29.1,-8.3],[-28.9,-8.5],[-28.7,-8.5]]]]}},{"type":"Feature","properties":{},"geometry":{"type":"MultiPolygon","coordinates":[[[[-29.1,-9.5],[-29.2,-9.7],[-29.4,-10.1],[-29.2,-10.2],[-29.3,-10.4],[-29.5,-10.6],[-29.5,-10.5],[-29.7,-10.6],[-29.6,-10.7],[-29.2,-10.5],[-29.3,-11.4],[-29,-13.2],[-28.8,-14.9],[-29,-15],[-29,-14.8],[-29,-14.6],[-29.1,-14.7],[-29.1,-15.1],[-29.1,-15.2],[-29.2,-15.5],[-29.1,-15.3],[-29,-15.8],[-29.3,-15.5],[-29.6,-14.2],[-29.8,-13.3],[-29.9,-12],[-29.9,-11.1],[-29.8,-10.3],[-29.4,-9.4],[-29.1,-9.5]]]]}},{"type":"Feature","properties":{},"geometry":{"type":"MultiPolygon","coordinates":[[[[-23,-20.9],[-23.6,-21.2],[-23.3,-21.2],[-23.4,-21.4],[-24.9,-22.4],[-24.6,-22],[-24,-21.2],[-23.6,-20.9],[-23.4,-20.8],[-23.1,-20.8],[-23,-20.9]]]]}},{"type":"Feature","properties":{},"geometry":{"type":"MultiPolygon","coordinates":[[[[-25,-19.4],[-25.1,-19.5],[-25.3,-19.6],[-25.6,-19.9],[-26,-20.2],[-26.6,-20.2],[-26.7,-20.1],[-27.3,-20.1],[-27.9,-19.8],[-29,-19.5],[-30.2,-19.3],[-30.3,-19.2],[-29.9,-19.1],[-29.8,-19.3],[-29.7,-19.2],[-29.7,-18.9],[-29.3,-18.9],[-29.4,-18.7],[-29.7,-18.8],[-29.8,-18.1],[-29,-17.8],[-28.6,-17.6],[-28.6,-17.7],[-28.4,-18.2],[-28,-18.5],[-27.7,-18.9],[-27.6,-18.8],[-27.7,-18.8],[-27.2,-18.3],[-25.6,-18.7],[-25,-19.4]]]]}},{"type":"Feature","properties":{},"geometry":{"type":"MultiPolygon","coordinates":[[[[-24,-21.1],[-24.9,-22.3],[-26,-22.7],[-25.5,-22],[-25.6,-22],[-25.1,-21.6],[-24.9,-21.7],[-24.8,-21.4],[-24.8,-21.2],[-24.7,-21.1],[-24.6,-20.8],[-24.2,-20],[-23.9,-19.7],[-23.4,-19.3],[-23,-19.4],[-22.9,-19.4],[-23.3,-19.5],[-23.4,-20.1],[-23.5,-20.3],[-23.8,-20.6],[-23.9,-20.9],[-24,-21.1]]]]}},{"type":"Feature","properties":{},"geometry":{"type":"MultiPolygon","coordinates":[[[[-27.6,-21.1],[-28.8,-20.3],[-27.7,-20.8],[-27.6,-21.1]]]]}},{"type":"Feature","properties":{},"geometry":{"type":"MultiPolygon","coordinates":[[[[-29.4,-20.7],[-29.4,-20.9],[-29.4,-21.4],[-29.8,-21.3],[-30.5,-21],[-31.1,-21],[-31.7,-21.1],[-32.1,-21.3],[-32.9,-21.8],[-33.7,-22.4],[-34.3,-22.9],[-34.9,-22.9],[-35.6,-23.2],[-36.3,-23.5],[-36.5,-23.7],[-36.7,-23.9],[-37.4,-24.8],[-38.9,-25],[-43,-25.2],[-46.4,-25.8],[-45.5,-25.1],[-42.6,-23.8],[-41.1,-22.9],[-40.3,-23.1],[-39.3,-22.7],[-39.4,-22.5],[-38.9,-22.3],[-39.9,-22.3],[-39.8,-22.2],[-39.1,-21.8],[-38.7,-21.3],[-38,-21],[-37.6,-21],[-36.9,-20.5],[-36.4,-20.7],[-36.3,-21.1],[-35.8,-21.1],[-35.2,-21.4],[-34.8,-21.4],[-33.5,-20.8],[-33.8,-21.1],[-34.4,-21.4],[-34.7,-21.5],[-32.5,-20.6],[-29.6,-20.6],[-29.4,-20.7]]]]}},{"type":"Feature","properties":{},"geometry":{"type":"MultiPolygon","coordinates":[[[[-40.1,-22.3],[-40,-22.3],[-40.1,-22.5],[-40.1,-22.3]]]]}},{"type":"Feature","properties":{},"geometry":{"type":"MultiPolygon","coordinates":[[[[-37.1,5.4],[-39,4.8],[-39.9,3.9],[-41.9,3.4],[-42.4,3.7],[-42.7,4.3],[-40,7],[-38.9,7.3],[-38.5,7],[-38.5,6.8],[-38.6,6.3],[-38.5,6.1],[-38.8,6.2],[-38.9,5.7],[-38.8,5.8],[-38.7,5.7],[-38.6,5.8],[-38.4,6.1],[-37.9,6.4],[-37.6,6.2],[-37.4,6.1],[-37.3,6.2],[-37.2,6.4],[-37.4,6.2],[-37.6,6.4],[-37.7,6.5],[-37.9,6.8],[-36.8,6.5],[-37.1,6],[-37,5.8],[-37.1,5.4]]]]}},{"type":"Feature","properties":{},"geometry":{"type":"MultiPolygon","coordinates":[[[[-42.7,3.8],[-42.9,4],[-42.8,4.1],[-42.7,4.1],[-42.7,3.8]]]]}},{"type":"Feature","properties":{},"geometry":{"type":"MultiPolygon","coordinates":[[[[-53.5,-4.2],[-54.7,-3.7],[-56.1,-3.2],[-55.5,-2.1],[-55.1,-1.3],[-54.5,-1.2],[-53.3,-2.2],[-53.1,-3.9],[-53.5,-4.2]]]]}},{"type":"Feature","properties":{},"geometry":{"type":"MultiPolygon","coordinates":[[[[-52.9,-4.3],[-53.4,-4.1],[-52.9,-3.1],[-53.9,-1.7],[-55,-1.3],[-54.8,-0.8],[-53.8,-1.4],[-52.9,-2.4],[-52.6,-3.4],[-52.9,-4.3]]]]}},{"type":"Feature","properties":{},"geometry":{"type":"MultiPolygon","coordinates":[[[[-30.8,-19.5],[-31.8,-20],[-31.9,-20],[-32.2,-20.1],[-32.7,-20.3],[-33.1,-20.6],[-33.2,-20.7],[-34.6,-21.4],[-35,-21.3],[-35.6,-21.3],[-35.3,-20.2],[-35.1,-19.3],[-34.5,-18.8],[-34,-17.3],[-33,-18.3],[-32.9,-18.8],[-32.1,-18.7],[-31.2,-18.7],[-30.8,-19.5]]]]}},{"type":"Feature","properties":{},"geometry":{"type":"MultiPolygon","coordinates":[[[[-42.5,11.2],[-42.9,11.4],[-42.8,11.2],[-42.6,10.7],[-42.3,10],[-42.6,10.4],[-43.2,10.2],[-43.5,9.8],[-44.7,8.7],[-44.9,8.8],[-45.4,8.7],[-45.9,8.7],[-46.4,7.9],[-47,7.6],[-47.5,7.4],[-48.9,6.9],[-49.9,5.9],[-50.4,6],[-51.8,6.1],[-51.8,6.6],[-51.4,6.8],[-50.1,7.5],[-49.1,7.7],[-47.7,7.9],[-46.9,8.3],[-46.6,8.6],[-47,8.9],[-46.3,8.9],[-45.3,9.4],[-44.5,9.9],[-44.1,10.5],[-44.4,10.1],[-45.4,9.5],[-46,9.5],[-45.2,9.8],[-44.4,10.4],[-44.3,10.9],[-43.5,11.3],[-43.5,13.5],[-41.4,15.6],[-42.6,13.8],[-42.7,11.8],[-42.6,11.6],[-42.5,11.2]]]]}},{"type":"Feature","properties":{},"geometry":{"type":"MultiPolygon","coordinates":[[[[-32,5.7],[-32.6,5.4],[-33,5.6],[-32.6,5.5],[-32.5,5.8],[-32.2,5.8],[-32,5.7]]]]}},{"type":"Feature","properties":{},"geometry":{"type":"MultiPolygon","coordinates":[[[[-36.9,4.9],[-38,4.5],[-39.4,3.8],[-40.8,2.9],[-41.3,3.1],[-39.9,3.9],[-39,4.8],[-37.1,5.4],[-36.9,4.9]]]]}},{"type":"Feature","properties":{},"geometry":{"type":"MultiPolygon","coordinates":[[[[-35.1,6],[-34.8,6.2],[-34.9,6],[-35.1,5.6],[-35.2,5.9],[-35.1,6]]]]}},{"type":"Feature","properties":{},"geometry":{"type":"MultiPolygon","coordinates":[[[[-36.3,5.7],[-36.1,5.8],[-35.6,5.8],[-35.6,5.7],[-35.6,5.4],[-36.1,5.6],[-36.3,5.7]]]]}},{"type":"Feature","properties":{},"geometry":{"type":"MultiPolygon","coordinates":[[[[-33.2,7],[-31.7,8],[-31.3,7.8],[-31.4,7.5],[-31.6,7.3],[-32,7.3],[-32.1,6.8],[-32.2,6.4],[-32.5,6.2],[-32.9,6.1],[-33,6.4],[-33.3,6.3],[-33.2,7]]]]}},{"type":"Feature","properties":{},"geometry":{"type":"MultiPolygon","coordinates":[[[[-30.8,7],[-31.4,6.3],[-31.9,5.8],[-32.1,5.9],[-31.7,6.2],[-31,7.3],[-30.8,7]]]]}},{"type":"Feature","properties":{},"geometry":{"type":"MultiPolygon","coordinates":[[[[-39.7,13.9],[-40.4,13.3],[-40.2,10.7],[-39.9,9.1],[-40.5,8.5],[-41.9,8],[-43.2,7.4],[-44,6.6],[-44.3,6.4],[-45.2,5.7],[-45.5,5.7],[-45.7,6],[-45.9,5.8],[-46.9,5.3],[-48.8,5.7],[-49.2,6.7],[-48.1,7.2],[-47.1,7.6],[-46.5,7.8],[-45.9,8.4],[-45.6,8.8],[-44.9,9],[-44.7,8.7],[-43.4,9.8],[-42.6,9.5],[-43.3,9.5],[-43.3,9.4],[-42.6,9.1],[-42.3,9.3],[-42,8.6],[-41.9,8.8],[-41.6,8.7],[-41.4,8.9],[-41.4,9],[-41.7,9.5],[-41.6,9.8],[-41.2,9.8],[-42,10.6],[-42.2,10.8],[-42.5,11.1],[-42.6,11.6],[-42.7,12],[-42.1,14.5],[-40.7,14.9],[-40.1,14.4],[-39.6,14],[-39.9,14],[-39.7,13.9]]]]}},{"type":"Feature","properties":{},"geometry":{"type":"MultiPolygon","coordinates":[[[[-36.8,-2.1],[-37.2,-1.7],[-37.3,-2.1],[-37.5,-2],[-37.6,-2.1],[-37.7,-2.1],[-37.9,-2.1],[-38.1,-2.2],[-38.2,-2.2],[-38.3,-2.1],[-38.7,-2.3],[-38.9,-2.5],[-38.9,-2.6],[-39.7,-2.2],[-43.6,0.3],[-42.8,0],[-41.9,0.1],[-40.4,0.2],[-39.4,-0.5],[-37.6,-1.2],[-36.8,-2.1]]]]}},{"type":"Feature","properties":{},"geometry":{"type":"MultiPolygon","coordinates":[[[[-45.7,-2.5],[-45.6,-2.6],[-45.8,-3],[-45.9,-3.1],[-46.6,-3.3],[-46.9,-3.6],[-47.3,-2.8],[-48.4,-2.7],[-48.4,-2.6],[-47.4,-2.2],[-46.9,-2.1],[-47,-2.4],[-46.7,-2.5],[-45.9,-2.5],[-45.8,-2.5],[-45.7,-2.5]]]]}},{"type":"Feature","properties":{},"geometry":{"type":"MultiPolygon","coordinates":[[[[-51.9,2],[-52.7,4.5],[-50,5.6],[-47.8,5.5],[-48.4,5],[-51.1,3.1],[-51.9,2]]]]}},{"type":"Feature","properties":{},"geometry":{"type":"MultiPolygon","coordinates":[[[[-29.6,-7.7],[-29.7,-7.8],[-30.2,-7.6],[-31.2,-7.1],[-31.9,-7],[-32.5,-7.3],[-32.4,-7.2],[-32.7,-7.1],[-32.1,-6.7],[-31.6,-6.9],[-30.9,-7],[-30.9,-6.5],[-30.6,-6.5],[-30,-6.5],[-29.8,-7.1],[-29.6,-7.5],[-29.4,-7.6],[-29.6,-7.7]]]]}},{"type":"Feature","properties":{},"geometry":{"type":"MultiPolygon","coordinates":[[[[-41.4,-4.6],[-42.9,-3.8],[-43.3,-4],[-44.1,-3.2],[-44.6,-3],[-44.5,-2.8],[-44.8,-2.7],[-45,-2.6],[-44.5,-2.3],[-43.6,-2.4],[-42.5,-3.5],[-41.5,-4.4],[-41.4,-4.6]]]]}},{"type":"Feature","properties":{},"geometry":{"type":"MultiPolygon","coordinates":[[[[-45,-2.4],[-45.3,-2.2],[-45.8,-2.2],[-46.7,-2.2],[-47.3,-2.2],[-48.1,-2.4],[-49.9,-3.5],[-50.7,-4.1],[-51,-5.9],[-51.9,-7.4],[-52.2,-7.4],[-51.4,-5.8],[-51.2,-5],[-51.1,-4.2],[-50.6,-3.5],[-49,-2.7],[-47.6,-1.9],[-46.6,-1.7],[-44.9,-2],[-45,-2.2],[-45,-2.4]]]]}},{"type":"Feature","properties":{},"geometry":{"type":"MultiPolygon","coordinates":[[[[-40.5,-5.3],[-42.2,-5.1],[-43.3,-5.1],[-43.9,-4.6],[-44.3,-4.3],[-44.7,-3.7],[-44.5,-3.3],[-45,-2.9],[-45.2,-2.7],[-45,-2.6],[-44.8,-2.7],[-44.5,-2.8],[-44.6,-3],[-44.1,-3.2],[-43.3,-4],[-42.9,-3.8],[-41.4,-4.6],[-40.6,-5],[-40.5,-5.3]]]]}},{"type":"Feature","properties":{},"geometry":{"type":"MultiPolygon","coordinates":[[[[-45.4,-2.5],[-45.5,-2.5],[-45.1,-2.5],[-45.4,-2.5]]]]}},{"type":"Feature","properties":{},"geometry":{"type":"MultiPolygon","coordinates":[[[[-45.6,-2.4],[-46.8,-2.3],[-47,-2.3],[-46.7,-2.2],[-45.8,-2.2],[-45.3,-2.2],[-45.6,-2.4]]]]}},{"type":"Feature","properties":{},"geometry":{"type":"MultiPolygon","coordinates":[[[[-45.9,2.3],[-46.4,2.4],[-46.6,2.1],[-46.4,2.1],[-45.8,1.9],[-46.4,0.1],[-46.8,0],[-47.4,0],[-48.6,0.3],[-49.2,0.5],[-50.2,0.7],[-50.5,1],[-49.7,2.4],[-48,3.8],[-46.2,4.2],[-44.3,4.2],[-43.8,4.3],[-42.6,3.7],[-41.7,3.4],[-43.2,3.6],[-43.9,3.7],[-45,3.1],[-45.9,2.3]]]]}},{"type":"Feature","properties":{},"geometry":{"type":"MultiPolygon","coordinates":[[[[-50.6,0.9],[-52.3,0.8],[-53.7,0.6],[-53.2,1.9],[-51.9,2],[-50.4,1.3],[-50.6,0.9]]]]}},{"type":"Feature","properties":{},"geometry":{"type":"MultiPolygon","coordinates":[[[[-39.3,-2.7],[-40,-3.1],[-40.5,-3.7],[-40.6,-4],[-40.5,-4.2],[-40.2,-4.6],[-40.7,-5],[-41.5,-4.4],[-42.5,-3.5],[-43.6,-2.4],[-44,-2.1],[-43.9,-1.9],[-44.4,-1.9],[-44.9,-2],[-46.6,-1.7],[-47.6,-1.9],[-47.6,-1.5],[-47.5,-0.4],[-47.2,0],[-46.6,0.1],[-44.3,0.2],[-43.7,0.3],[-39.4,-2.5],[-39.3,-2.7]]]]}},{"type":"Feature","properties":{},"geometry":{"type":"MultiPolygon","coordinates":[[[[-43.9,-20.8],[-46.9,-21.2],[-44.5,-19],[-43.7,-18.5],[-43.6,-19.2],[-44.3,-19.9],[-44.4,-20.3],[-43.8,-20.3],[-43.9,-20.8]]]]}},{"type":"Feature","properties":{},"geometry":{"type":"MultiPolygon","coordinates":[[[[-51.5,6.9],[-50.9,7.5],[-49.9,8.7],[-49.2,9.5],[-48.6,9.5],[-47.8,9.8],[-46.8,10.2],[-45.8,10.9],[-45.3,11.7],[-45.1,12.6],[-45.1,13.3],[-45.1,14],[-44.2,14.9],[-43.5,15.5],[-42.8,15.8],[-42,15.9],[-41.9,15.4],[-43.7,12.7],[-43.6,11.1],[-44.4,10.8],[-44.5,10.3],[-45.5,9.6],[-46,9.4],[-45.2,9.6],[-44.3,10.2],[-44.1,10.5],[-44.8,9.7],[-45.5,9.3],[-46.6,8.9],[-47,8.8],[-46.5,8.5],[-47,8.2],[-47.8,7.8],[-49.2,7.6],[-50.4,7],[-51.5,6.9]]]]}},{"type":"Feature","properties":{},"geometry":{"type":"MultiPolygon","coordinates":[[[[-46.4,-3.5],[-46.5,-3.7],[-46.6,-3.7],[-46.9,-3.6],[-46.5,-3.4],[-46.4,-3.5]]]]}},{"type":"Feature","properties":{},"geometry":{"type":"MultiPolygon","coordinates":[[[[-46.9,-3.6],[-48.6,-5.1],[-49.9,-6.2],[-50.4,-7.1],[-50.8,-7.4],[-51.7,-8.6],[-53.6,-10],[-54,-8.9],[-52.1,-7.5],[-51.2,-6.5],[-50.8,-4.4],[-50.1,-3.6],[-48.7,-2.8],[-47.9,-2.7],[-46.9,-3.3],[-46.9,-3.6]]]]}},{"type":"Feature","properties":{},"geometry":{"type":"MultiPolygon","coordinates":[[[[-24.7,-19.4],[-24.9,-19.4],[-24.8,-19.3],[-25.2,-19.1],[-25.9,-18.5],[-27.5,-18.2],[-27.7,-18.8],[-27.5,-18.8],[-27.8,-18.7],[-28.1,-18.7],[-28.7,-17.9],[-28.5,-17.7],[-28.7,-17.6],[-29.6,-18.2],[-30.3,-18.6],[-29.6,-18.7],[-29.3,-18.7],[-29.4,-18.8],[-29.7,-19],[-29.7,-19.2],[-30,-19.2],[-29.9,-18.9],[-30.3,-19.3],[-30.6,-19.4],[-30.8,-19.2],[-31.4,-18.8],[-32.2,-18.7],[-32.9,-18.8],[-33.4,-17.1],[-32.9,-16.8],[-32.3,-16.8],[-31.4,-16.7],[-30.7,-16.6],[-30.1,-16.6],[-29.8,-16.3],[-29.4,-15.8],[-28.7,-16.1],[-28.8,-16.2],[-28.6,-16.3],[-28.3,-16.5],[-26.9,-16.7],[-26.7,-16.6],[-25.7,-16.6],[-24.2,-16.4],[-24.4,-16.4],[-24.7,-16.6],[-25.3,-16.7],[-25.5,-17.1],[-25.7,-17.2],[-25.4,-17],[-24.7,-16.7],[-23.8,-16.6],[-23.7,-16.9],[-23.8,-17.2],[-23.4,-17],[-23.4,-17.1],[-23,-17.3],[-22.9,-17.5],[-22.9,-17.7],[-23,-17.8],[-23.2,-18],[-22.9,-18.2],[-23.1,-18.2],[-22.9,-18.5],[-22.9,-18.6],[-23,-18.8],[-23.1,-18.9],[-23.7,-19.2],[-24,-19.3],[-24.4,-19.3],[-24.6,-19.3],[-24.7,-19.4]]]]}},{"type":"Feature","properties":{},"geometry":{"type":"MultiPolygon","coordinates":[[[[-63.3,-23.4],[-64.1,-22.9],[-64.3,-22.7],[-65.1,-22],[-65.4,-21.3],[-65.5,-20.4],[-65.7,-20.3],[-65.8,-20.1],[-66.1,-19.1],[-65.9,-19],[-65.5,-19.5],[-64.9,-19.5],[-64.2,-20.1],[-63.7,-20.9],[-63,-22.1],[-63.3,-23.4]]]]}},{"type":"Feature","properties":{},"geometry":{"type":"MultiPolygon","coordinates":[[[[-54,-10.6],[-53.8,-11.6],[-53.8,-14.1],[-54.5,-12.7],[-55.8,-11.6],[-57.5,-11.1],[-55.7,-10.4],[-54,-8.9],[-54,-10.6]]]]}},{"type":"Feature","properties":{},"geometry":{"type":"MultiPolygon","coordinates":[[[[-44.5,-14.3],[-44.2,-14.3],[-44.2,-14.4],[-44.5,-14.4],[-44.5,-14.3]]]]}},{"type":"Feature","properties":{},"geometry":{"type":"MultiPolygon","coordinates":[[[[-45.4,-14.3],[-47.4,-14.4],[-46.9,-14.8],[-45.3,-15.3],[-46.3,-15.4],[-47.6,-14.8],[-47.8,-14.9],[-49.6,-15.5],[-49.9,-15.9],[-50.6,-16.5],[-51.9,-17],[-53,-16.9],[-54.5,-16.5],[-55.8,-17.2],[-56.6,-17.3],[-55.6,-16.9],[-54.5,-16.5],[-53.6,-16.2],[-51.3,-16.3],[-50.2,-15.6],[-49.9,-15],[-49.6,-14.8],[-48.5,-14.4],[-47.9,-14.3],[-47,-13.5],[-46.4,-13.6],[-45.4,-14.3]]]]}},{"type":"Feature","properties":{},"geometry":{"type":"MultiPolygon","coordinates":[[[[-43.3,-18],[-43.9,-18],[-44.7,-17.3],[-44.8,-17.1],[-44.7,-16.7],[-43.7,-17.3],[-43.3,-17.9],[-43.3,-18]]]]}},{"type":"Feature","properties":{},"geometry":{"type":"MultiPolygon","coordinates":[[[[-43.7,-18.5],[-45.1,-19.6],[-44.9,-18.5],[-44.3,-18.1],[-43.9,-18.2],[-43.7,-18.5]]]]}},{"type":"Feature","properties":{},"geometry":{"type":"MultiPolygon","coordinates":[[[[-65.1,-5.1],[-67.2,-4.1],[-67.4,-2.5],[-66.9,-1.7],[-66.5,-1],[-66.6,0.2],[-65.7,1.1],[-64.7,0.6],[-63.5,-2.1],[-61.8,-3.9],[-63.8,-3.2],[-65.5,-3.3],[-65.1,-5.1]]]]}},{"type":"Feature","properties":{},"geometry":{"type":"MultiPolygon","coordinates":[[[[-69.7,-9.1],[-70,-10.4],[-69.7,-11.2],[-70,-12],[-69.7,-14.7],[-69.2,-16],[-69.1,-18.1],[-68.1,-19.2],[-69.7,-20.6],[-70.6,-20.2],[-70.7,-16],[-70.4,-12.6],[-70.4,-11.3],[-70.5,-10.7],[-70.6,-9.9],[-70.1,-9.3],[-69.8,-8.6],[-69.6,-8.3],[-69.7,-9.1]]]]}},{"type":"Feature","properties":{},"geometry":{"type":"MultiPolygon","coordinates":[[[[-66.4,-6],[-68.1,-6.9],[-68.8,-5.6],[-69.7,-5],[-68.4,-4.1],[-67.5,-2.4],[-66.9,-1.7],[-67.4,-2.5],[-67.2,-4.1],[-66.4,-6]]]]}},{"type":"Feature","properties":{},"geometry":{"type":"MultiPolygon","coordinates":[[[[-26.3,-16.1],[-26.9,-16.5],[-27.2,-15.8],[-27.2,-13.3],[-27.3,-11.4],[-27.3,-11.1],[-27.3,-10.9],[-27.2,-10.6],[-27,-10.7],[-27.1,-10.2],[-26.9,-10.2],[-26.9,-10],[-26.8,-9.9],[-26.7,-9.9],[-26.6,-11.2],[-26.6,-12.6],[-26.5,-14.1],[-26.6,-15.6],[-26.3,-16.1]]]]}},{"type":"Feature","properties":{},"geometry":{"type":"MultiPolygon","coordinates":[[[[-116.4,-58.2],[-123.2,-59.2],[-121.9,-57.9],[-116.1,-56.1],[-113.9,-56],[-116.4,-58.2]]]]}},{"type":"Feature","properties":{},"geometry":{"type":"MultiPolygon","coordinates":[[[[42,-52.4],[41.6,-53.2],[42.4,-53.9],[42,-54.6],[41,-54.1],[40.3,-53.3],[39.7,-52.9],[38.1,-51.7],[37.2,-51.1],[36.6,-51.2],[36.9,-50.9],[36.8,-50.6],[37,-50.1],[37,-49.8],[37.6,-50.6],[38.9,-51.7],[40.3,-52.4],[42,-52.4]]]]}},{"type":"Feature","properties":{},"geometry":{"type":"MultiPolygon","coordinates":[[[[-5.3,-10.2],[-5,-10.3],[-4.6,-10.4],[-4.1,-10.1],[-3.9,-10.4],[-3.7,-10.1],[-3.6,-9.7],[-3.4,-9.4],[-3.5,-9.6],[-3.3,-9.4],[-2.8,-9.3],[-2.3,-9.4],[-2.1,-9.3],[-2,-8.5],[-0.1,-9.1],[-1.1,-10.8],[-2.5,-13.8],[-4.4,-16.7],[-6.3,-17],[-6.9,-16.3],[-5.9,-15.1],[-6.2,-15.2],[-5.9,-14.9],[-6.1,-14.7],[-6.3,-13.5],[-5.9,-13.5],[-5.8,-13.8],[-5.7,-13.6],[-6,-13.4],[-5.8,-12.7],[-5.3,-12.5],[-5.4,-12.4],[-5,-11.9],[-5,-11.8],[-4.9,-11.6],[-4.4,-11.3],[-4.9,-11.3],[-5.1,-11.1],[-5.2,-10.8],[-5.4,-10.8],[-5.8,-10.6],[-5.8,-10.3],[-5.3,-10.2]]]]}},{"type":"Feature","properties":{},"geometry":{"type":"MultiPolygon","coordinates":[[[[-11.6,-14.4],[-11,-13.6],[-10.3,-13.9],[-9.7,-14],[-9.3,-14.4],[-9.4,-14.4],[-9.4,-14.5],[-8.8,-14.8],[-8.8,-15.1],[-7.8,-14.7],[-7.7,-15.5],[-7.6,-15.7],[-7.8,-15.9],[-7.9,-16.3],[-7.6,-16.1],[-7.5,-16.2],[-7.2,-16.5],[-7.7,-16.9],[-8.2,-17.2],[-8.5,-17.4],[-9,-17.8],[-9.7,-18.1],[-9.6,-18.4],[-9.6,-18.6],[-9.9,-18.6],[-10.3,-18.7],[-10.5,-19],[-10.4,-19.2],[-10.8,-19.1],[-10.4,-18.6],[-10.5,-18.1],[-10.4,-17.8],[-9.7,-17.3],[-9.6,-16.8],[-9.9,-17.3],[-10.6,-17.5],[-10.7,-17.3],[-11.1,-17.6],[-11.2,-17.5],[-11.1,-17.1],[-11,-16.5],[-11.1,-16.2],[-11.3,-16],[-11,-15.8],[-10.7,-15.5],[-10.8,-15.4],[-10.9,-15.1],[-10.9,-15],[-11,-14.7],[-11.2,-14.8],[-11.6,-14.4]]]]}},{"type":"Feature","properties":{},"geometry":{"type":"MultiPolygon","coordinates":[[[[-14.2,-18.1],[-14.1,-17.9],[-13.1,-17.1],[-12.7,-16.2],[-12.5,-16.3],[-12.2,-16.7],[-12.1,-17.3],[-12.3,-17.6],[-12.4,-17.7],[-12.8,-18],[-12.9,-18.2],[-13.2,-18.2],[-13.1,-18.5],[-13.3,-18.7],[-13.6,-18.8],[-13.8,-18.7],[-13.9,-18.5],[-14.3,-18.8],[-14.1,-18.3],[-14.4,-18.3],[-14.1,-18.2],[-14.2,-18.1]]]]}},{"type":"Feature","properties":{},"geometry":{"type":"MultiPolygon","coordinates":[[[[-6.1,-14.7],[-6.1,-14.9],[-6.2,-15],[-6.1,-14.7]]]]}},{"type":"Feature","properties":{},"geometry":{"type":"MultiPolygon","coordinates":[[[[-2.7,-9.3],[-2.4,-9.3],[-2.5,-9.4],[-2.6,-9.4],[-2.8,-9.3],[-2.7,-9.3]]]]}},{"type":"Feature","properties":{},"geometry":{"type":"MultiPolygon","coordinates":[[[[-148,-69.8],[-157.7,-69.8],[-155.5,-68.1],[-153.2,-68.5],[-149.2,-68.5],[-145.5,-68.2],[-142.2,-67.9],[-140.1,-67.7],[-137.8,-68.5],[-138.6,-68.9],[-136.9,-69.5],[-134.8,-69.9],[-133.5,-70.4],[-135.4,-71.2],[-140.2,-71],[-143.7,-70.4],[-148,-69.8]]]]}},{"type":"Feature","properties":{},"geometry":{"type":"MultiPolygon","coordinates":[[[[-85.8,-75.5],[-91.7,-75.1],[-101.3,-75.4],[-105,-75.3],[-106,-74.3],[-99,-74.6],[-91.3,-74.5],[-84.5,-75.1],[-80.1,-75.6],[-80.6,-75.7],[-85.8,-75.5]]]]}},{"type":"Feature","properties":{},"geometry":{"type":"MultiPolygon","coordinates":[[[[-21.3,-67.7],[-23.8,-68.8],[-24.6,-69],[-25.2,-68.9],[-25.4,-69.1],[-27.1,-69.6],[-29.7,-70],[-31.4,-68.9],[-33.8,-66.8],[-37.7,-66.3],[-39.7,-65.6],[-34.1,-66],[-27.6,-67.4],[-21.3,-67.7]]]]}},{"type":"Feature","properties":{},"geometry":{"type":"MultiPolygon","coordinates":[[[[91.2,-76.1],[93.4,-76.6],[96.9,-76.4],[98.4,-76.2],[100.4,-76.7],[101.2,-76.7],[102.3,-76.7],[103.3,-76.9],[106.3,-76.8],[107.4,-76.9],[106.9,-76.8],[109.9,-76.8],[111.2,-76.7],[112.4,-76.5],[112.9,-76.2],[113.8,-76.2],[114.7,-76.1],[116.5,-76.1],[119.8,-76.1],[121.9,-76.2],[122.8,-76.1],[123.7,-76.1],[123.8,-76.1],[126.1,-76],[128.1,-75.9],[128.8,-75.8],[130.3,-75.8],[130.2,-75.7],[131.3,-75.7],[132.3,-75.6],[133.3,-75.6],[134.4,-75.7],[137.7,-76.1],[138,-76.1],[138.5,-76],[140.7,-76.5],[142.6,-76.9],[144.6,-77.2],[144.8,-77.3],[150,-77.9],[151.3,-77.9],[153.5,-78],[155.2,-77.9],[160.3,-78.2],[163.7,-78.4],[160.3,-79.4],[146.2,-80.8],[135.8,-80.9],[130,-81.5],[125.4,-81.7],[120.4,-81.5],[109.7,-80.9],[101,-79.9],[91.7,-79],[84.9,-78.9],[74.6,-77],[88.6,-76.6],[91.2,-76.1]]]]}},{"type":"Feature","properties":{},"geometry":{"type":"MultiPolygon","coordinates":[[[[95,-76.1],[96,-76],[94.5,-76.3],[94.2,-76],[95,-76.1]]]]}},{"type":"Feature","properties":{},"geometry":{"type":"MultiPolygon","coordinates":[[[[-29.7,-5.4],[-29.7,-5.1],[-29.7,-4.9],[-29.7,-5.4]]]]}},{"type":"Feature","properties":{},"geometry":{"type":"MultiPolygon","coordinates":[[[[95.8,-55.2],[92.6,-57.6],[91.9,-59.3],[91.5,-60.7],[88.3,-58.8],[93.1,-54.1],[95.8,-53.7],[95.8,-55.2]]]]}},{"type":"Feature","properties":{},"geometry":{"type":"MultiPolygon","coordinates":[[[[113.4,-55.3],[110.1,-57.8],[105.3,-58.3],[101.8,-60.5],[96.9,-61.9],[90.4,-61.8],[89,-61.6],[89.3,-61.2],[91.5,-60.7],[97.7,-59.8],[102.3,-58.1],[108.1,-55.6],[112.4,-54.2],[113.4,-55.3]]]]}},{"type":"Feature","properties":{},"geometry":{"type":"MultiPolygon","coordinates":[[[[-4.9,-51.9],[-6.6,-52.9],[-8,-53.4],[-8.6,-52.5],[-6.8,-51.1],[-5,-50.4],[-5,-51.3],[-4.9,-51.9]]]]}},{"type":"Feature","properties":{},"geometry":{"type":"MultiPolygon","coordinates":[[[[-109.1,-57.2],[-114.9,-57.8],[-111.8,-55.8],[-108.7,-55.5],[-105.5,-56.2],[-109.1,-57.2]]]]}},{"type":"Feature","properties":{},"geometry":{"type":"MultiPolygon","coordinates":[[[[36.6,-50.3],[36.2,-50.4],[36.2,-50.8],[34.7,-50.9],[33.5,-50],[33.4,-49.6],[33.2,-49.1],[33.2,-48.6],[33.9,-48.7],[35.2,-48.7],[36,-49.1],[36.3,-49.7],[36.6,-50.3]]]]}},{"type":"Feature","properties":{},"geometry":{"type":"MultiPolygon","coordinates":[[[[180,-79.9],[175.4,-83.5],[173,-84.2],[164.6,-83.1],[159.4,-81.5],[170.4,-79.4],[177.7,-79.8],[180,-79.9]]]]}},{"type":"Feature","properties":{},"geometry":{"type":"MultiPolygon","coordinates":[[[[-180,-83.3],[-178.8,-80],[-170.7,-79.8],[-164.8,-79.7],[-157.9,-79.4],[-152.3,-80.4],[-154.5,-81.9],[-164.4,-82.9],[-173.6,-83.3],[-180,-83.3]]]]}},{"type":"Feature","properties":{},"geometry":{"type":"MultiPolygon","coordinates":[[[[71.2,-47],[72.8,-48.1],[72.9,-48.9],[72.7,-49.5],[72.8,-50.4],[72.8,-51.7],[72.8,-52.8],[72.7,-53.8],[72.5,-54.3],[72,-54.4],[69.4,-49.8],[71.2,-47]]]]}},{"type":"Feature","properties":{},"geometry":{"type":"MultiPolygon","coordinates":[[[[117.4,-46.2],[117.4,-47.4],[116.9,-51],[116.9,-53.4],[117.5,-54.1],[117.2,-54.1],[117,-54.4],[116.8,-54.5],[116.7,-54.3],[116.5,-54.4],[116.5,-54.8],[116.2,-54.7],[116.3,-55],[116,-55.1],[115.5,-55],[115.9,-55.3],[115.6,-55.4],[115,-55.1],[114.9,-55.3],[115.1,-55.7],[114.9,-55.8],[114.3,-55.4],[114,-55.6],[111.3,-53.9],[107.1,-56.4],[105.4,-55.7],[102.5,-56.3],[95.8,-55.2],[95.8,-53.7],[96.1,-52.4],[101,-52.7],[104.4,-52.5],[110,-51.6],[111.5,-50.9],[114.8,-49.1],[115.8,-48.2],[116.7,-46.3],[117.4,-46.2]]]]}},{"type":"Feature","properties":{},"geometry":{"type":"MultiPolygon","coordinates":[[[[-120.3,-71.5],[-124.8,-71.5],[-128,-71],[-129.3,-70.1],[-128.1,-70.3],[-124.3,-70.7],[-120.7,-71.3],[-120.3,-71.5]]]]}},{"type":"Feature","properties":{},"geometry":{"type":"MultiPolygon","coordinates":[[[[28.4,-68.8],[35.7,-71.2],[33,-73.7],[17.8,-72.7],[3.8,-69.9],[0.1,-67.9],[10.4,-68.4],[18.7,-68.1],[28.4,-68.8]]]]}},{"type":"Feature","properties":{},"geometry":{"type":"MultiPolygon","coordinates":[[[[80.9,-65.3],[80.9,-65.4],[81.4,-65.3],[81.7,-65.3],[82.5,-65.3],[82.6,-66.4],[84.9,-68.2],[86.8,-69.9],[86.7,-71.9],[93.7,-72.8],[97.4,-73.4],[104.7,-75],[110.6,-75.2],[109.8,-75.5],[104.8,-75.9],[102.5,-75.6],[97.5,-75.7],[96.1,-75.5],[95.6,-75.2],[94.7,-74.8],[93.3,-74.3],[91.5,-73.6],[90.1,-73.4],[87.3,-73.1],[82.2,-71.8],[81.9,-70.7],[82.5,-70.5],[82.2,-70.3],[83,-70.1],[83.1,-69.8],[83.8,-69.8],[83.1,-69.7],[83.3,-69.3],[84,-69.3],[84.2,-68.9],[83.2,-68.5],[83.2,-68.3],[82.7,-68],[82.6,-67.5],[82.8,-67.5],[81.9,-67.5],[81.3,-67.3],[81.5,-67.1],[82.4,-67.1],[81.8,-66.7],[81.7,-66],[80.4,-65.9],[80.7,-65.4],[80.9,-65.3]]]]}},{"type":"Feature","properties":{},"geometry":{"type":"MultiPolygon","coordinates":[[[[107.9,-72.5],[108.8,-72.7],[110.8,-73.1],[111.1,-73.4],[112,-74.6],[110.7,-75.2],[106,-75.2],[100.7,-73.8],[96.9,-72.8],[100,-72.8],[107.9,-72.5]]]]}},{"type":"Feature","properties":{},"geometry":{"type":"MultiPolygon","coordinates":[[[[87.3,-66.2],[87.7,-66.3],[88.2,-66.3],[88.6,-66.3],[89.2,-67],[88.8,-67.2],[90.7,-67.7],[91.7,-68.2],[94.1,-68.8],[90.3,-68.6],[87,-67.3],[87.3,-67.1],[87.3,-66.2]]]]}},{"type":"Feature","properties":{},"geometry":{"type":"MultiPolygon","coordinates":[[[[100.7,-71],[98,-71],[96.6,-69.8],[97.5,-70],[100.7,-71]]]]}},{"type":"Feature","properties":{},"geometry":{"type":"MultiPolygon","coordinates":[[[[107.1,-56.4],[100.8,-59],[95.9,-60.4],[92.5,-60],[92.1,-58],[95.2,-55.9],[100.8,-55.9],[104.8,-55.7],[107.1,-56],[107.1,-56.4]]]]}},{"type":"Feature","properties":{},"geometry":{"type":"MultiPolygon","coordinates":[[[[94.9,-52.2],[90.7,-56.9],[85.1,-58.7],[83.6,-57],[82.7,-55.8],[85.1,-55.4],[87.8,-54.2],[89.7,-51.8],[92.6,-52.1],[94.9,-52.2]]]]}},{"type":"Feature","properties":{},"geometry":{"type":"MultiPolygon","coordinates":[[[[118,-73.8],[117.2,-73.2],[118.4,-73.2],[118,-72.5],[118.3,-71.9],[119.3,-71.5],[119.9,-72.1],[118.4,-73.7],[118,-73.8]]]]}},{"type":"Feature","properties":{},"geometry":{"type":"MultiPolygon","coordinates":[[[[103,-2.2],[103.8,-2.4],[102.9,-2.9],[102.3,-2.6],[102.5,-2.4],[102.8,-2.2],[103,-2.2]]]]}},{"type":"Feature","properties":{},"geometry":{"type":"MultiPolygon","coordinates":[[[[103.2,9.9],[99.8,9.7],[95.8,8.8],[94.4,6],[94.2,5],[94.5,0.5],[94.2,0.1],[93.3,1],[92.9,1.5],[92.5,1.9],[91.9,3],[91.2,5.1],[90.3,6.7],[89.3,7.6],[88.6,8],[89,8.1],[90,8],[91.1,7.9],[92.1,8.1],[93,8.3],[94.2,8.7],[95.1,9.3],[96.2,9.9],[97.2,10.2],[98.6,10.3],[102.4,10.1],[103.2,9.9]]]]}},{"type":"Feature","properties":{},"geometry":{"type":"MultiPolygon","coordinates":[[[[102.1,-1.1],[104.4,4.7],[108,7.4],[110.3,10.5],[111.1,10.4],[110.7,9.9],[110.7,9.8],[110.9,10],[111,9.9],[111,9.7],[110.8,9.7],[110.8,9.5],[111.1,9.4],[110.8,9.1],[111.2,8.8],[110.9,8.7],[110.8,8.6],[110.5,8.2],[110.6,8],[110.7,7.6],[110.6,7.3],[110.5,7.1],[110.5,6.8],[110.3,6.7],[110,6.9],[110,6.6],[110.3,6.5],[110.2,6.4],[110.5,6.5],[110.4,6],[110.3,5.7],[110.5,5.5],[110.4,5.4],[110.1,5.3],[110.4,5.2],[110.2,5.1],[110.1,5.2],[110,4.9],[110.1,4.8],[109.8,4.8],[110,4.6],[109.9,4.4],[109.6,4.3],[109.4,4.2],[109.5,4.1],[109.5,3.9],[109.5,3.8],[109.4,3.5],[109.3,3.4],[109.2,3.2],[109.1,3],[108.8,3],[108.8,2.9],[108.8,2.7],[108.4,2.7],[108.6,2.4],[108.3,2],[108.1,1.8],[107.9,1.7],[107.6,1.7],[107.4,1.5],[107.3,1.4],[107.2,1.6],[107,1.2],[106.8,1.1],[106.9,1.1],[106.9,0.9],[106.5,1.1],[106.1,1.4],[106,1.4],[106.2,1.2],[106.2,1],[106.3,0.8],[106.2,0.6],[105.9,0.4],[105.9,0.5],[105.7,0.2],[105.3,0.1],[105.2,-0.1],[104.9,-0.3],[104.9,-0.4],[104.6,-0.6],[104.2,-0.7],[104,-1.1],[103.8,-1.1],[103.6,-1.4],[103.8,-1.6],[103.7,-2.1],[103.6,-2.1],[103.4,-1.8],[103.2,-1.6],[103.2,-1.2],[103.2,-1],[103.1,-1.1],[102.9,-0.9],[102.7,-1.2],[102.6,-1.2],[102.3,-1.2],[102.1,-1.1]]]]}},{"type":"Feature","properties":{},"geometry":{"type":"MultiPolygon","coordinates":[[[[101.1,-1.8],[101.1,-1.9],[100.9,-2.2],[100.7,-2.4],[100.4,-2.3],[100.6,-2.5],[100.5,-2.7],[100.5,-2.9],[99.7,-2.5],[101.1,-1.8]]]]}},{"type":"Feature","properties":{},"geometry":{"type":"MultiPolygon","coordinates":[[[[112.7,5.8],[112.2,5.8],[112.6,5.9],[112.7,5.8]]]]}},{"type":"Feature","properties":{},"geometry":{"type":"MultiPolygon","coordinates":[[[[104.7,-2.4],[104,-2.3],[104.2,-2.2],[104.7,-2.4]]]]}},{"type":"Feature","properties":{},"geometry":{"type":"MultiPolygon","coordinates":[[[[110.6,5.6],[110.5,5.5],[110.6,5.7],[110.6,5.6]]]]}},{"type":"Feature","properties":{},"geometry":{"type":"MultiPolygon","coordinates":[[[[117.5,23],[116.2,25.3],[115.1,26.2],[116.6,27.8],[120,28.6],[120.8,27.4],[119.2,24.1],[117.5,23]]]]}},{"type":"Feature","properties":{},"geometry":{"type":"MultiPolygon","coordinates":[[[[125.9,30.2],[125.1,29.5],[122.5,29.6],[119.9,29.7],[115,28.6],[117.7,30.5],[120,30.8],[121.2,30.4],[122.4,30.5],[125.6,30.3],[125.9,30.2]]]]}},{"type":"Feature","properties":{},"geometry":{"type":"MultiPolygon","coordinates":[[[[89,43.9],[87.7,42.5],[86.1,40],[85.1,38.4],[84.7,36.4],[83.6,34.8],[81.2,32.4],[80.1,30.4],[80.1,31.7],[80,33.5],[82.4,38],[84.9,40.5],[89,43.9]]]]}},{"type":"Feature","properties":{},"geometry":{"type":"MultiPolygon","coordinates":[[[[76.1,32.8],[78.1,34.9],[79.8,32.9],[80.1,30.6],[80.1,29.4],[80.6,27],[80.1,25.4],[78.8,23.7],[76.2,22],[74.7,23.3],[74.3,26.3],[74.2,28.2],[74.8,30.3],[76.1,32.4],[76.1,32.8]]]]}},{"type":"Feature","properties":{},"geometry":{"type":"MultiPolygon","coordinates":[[[[1.5,35.8],[1,36.5],[2.8,39],[1.8,42.7],[-0.4,43.8],[-1.9,46.3],[0.4,46.4],[4,47.5],[6.3,48.3],[6.7,48.1],[6.1,47.4],[5.4,46.6],[4.1,45.2],[3.9,45],[3.7,44.3],[4.1,44],[4.4,43.8],[6.4,42.6],[6.9,40.2],[3.3,36.2],[2.8,36.1],[2.7,36.5],[2.2,36.3],[1.5,35.8]]]]}},{"type":"Feature","properties":{},"geometry":{"type":"MultiPolygon","coordinates":[[[[-10.9,6.5],[-10.7,6.4],[-10.4,6.4],[-10.4,6.6],[-10.1,6.5],[-9.6,6.6],[-9.4,6.6],[-9.5,6.8],[-9.1,7.1],[-8.8,7.4],[-8.9,7.1],[-8.7,7.3],[-8.5,7.2],[-8.4,7.4],[-8.2,7],[-8.3,7.6],[-8,7.8],[-7.9,8],[-6.7,8.5],[-6.7,8.6],[-6.4,8.9],[-5.9,9],[-4.9,8.8],[-4.8,7.3],[-5.9,6.3],[-6.1,6.2],[-6.6,6],[-6.9,5.8],[-6.4,5.8],[-6.2,5.8],[-5.9,5.7],[-5.3,6.1],[-5.2,6.1],[-4.9,5.8],[-4.4,5.7],[-4.2,5.6],[-4,5.5],[-3.7,5.7],[-3.4,5.8],[-2.9,6.2],[-3.3,6.5],[-3.8,6.2],[-4.1,6.6],[-3.5,6.9],[-2.9,7.6],[-3.3,7.7],[-4,7.8],[-4.5,9.1],[-4,9.5],[-4,9.7],[-4.7,10],[-4.3,10.5],[-2.9,12],[0.3,15.6],[2,15.3],[4.9,14.9],[9.5,14.2],[12.5,13.3],[17,12.4],[18,12.2],[18.2,12.1],[18.2,11.5],[19.7,10.8],[19.1,9.6],[17.4,6.6],[17.7,7.5],[16.8,7.9],[16.2,8],[16,7.5],[16,7.3],[15.8,7.1],[15.6,6.6],[15.6,6.3],[15.8,5.7],[15.7,5.5],[15.8,5.3],[16,5.2],[16,5.1],[16,5],[16,4.9],[14.1,2.3],[12.9,1],[13.6,-2.4],[13.3,-3.1],[13.3,-2.9],[13.4,-2.7],[13.5,-2.5],[13.1,-1.8],[13.2,-1.5],[12.5,-1.6],[12.6,-1.2],[12.5,-0.7],[12.3,-0.8],[12.1,-1.3],[12,-2.1],[11.9,-2.5],[11.9,-3.2],[11.9,-3.4],[11.8,-3.9],[11.9,-4],[12.2,-4.1],[12.3,-4],[12.6,-4.1],[12.2,-3.9],[11.9,-3.8],[12.8,-3.5],[13.2,-3.2],[13.1,-3.7],[13.2,-4.3],[13.1,-5.2],[12.7,-5.3],[12,-5.3],[11.8,-5.5],[11.7,-4.9],[11.6,-4.6],[11.3,-4.7],[10.9,-5.3],[10.7,-5.3],[10.3,-5.5],[10.5,-5.2],[10.4,-5.2],[10.2,-5.4],[10.1,-5.7],[10.4,-6.4],[10,-6.4],[10.4,-6.7],[10.4,-6.9],[10.3,-7],[10.6,-7.1],[10.8,-7.3],[11,-8],[10.7,-7.8],[10.8,-8.1],[9,-9.9],[9.2,-9.2],[8,-8.4],[7.7,-8.1],[7.1,-8.2],[7,-8.3],[6.3,-8.5],[6.1,-8.8],[5.7,-8.9],[5.3,-9],[4.8,-9],[4.1,-9.6],[3,-10.7],[2.5,-11.6],[2.8,-12.8],[2.5,-12.6],[2.4,-13],[2.1,-13.3],[1.9,-12.1],[1.7,-10.9],[1.1,-10.1],[0.6,-9.7],[-1.1,-8.7],[-1.5,-7.1],[-1.3,-7],[-0.6,-6.4],[-0.5,-6.9],[-0.5,-6.4],[-0.6,-6],[-0.5,-5.4],[-1.6,-4.7],[-2.1,-3.7],[-1.2,-3.4],[-1.4,-2.5],[-1.9,-2.3],[-2.4,-2.3],[-2.6,-2.1],[-2.7,-1.6],[-2.5,-1.3],[-2.5,-1.1],[-2.3,-0.9],[-2,-0.5],[-1.8,0.2],[-1.5,0.6],[-1.4,1.1],[-2.1,0.8],[-2.3,1],[-2.3,0.7],[-2.5,0.4],[-2.7,0.3],[-2.8,0],[-2.8,-0.2],[-2.8,-0.4],[-3,-0.6],[-3.1,-0.8],[-3,-1.1],[-3.2,-1.4],[-3.4,-1.8],[-3.4,-1.5],[-3.6,-1.7],[-3.6,-1.5],[-3.8,-1.6],[-4.3,-1.7],[-4.5,-1.8],[-4.7,-1.6],[-4.9,-1.3],[-5.1,-1.2],[-5.7,-0.8],[-5.9,-0.7],[-6,-0.6],[-6.2,-0.3],[-6.4,0],[-6.2,0.1],[-6.4,0.4],[-6.3,0.7],[-6.4,0.8],[-6.4,1.1],[-6.5,1.4],[-6.7,1.9],[-6.7,2.3],[-6.8,2.5],[-7,2.7],[-7.5,2.5],[-7.7,2.3],[-7.8,2.2],[-8.1,1.9],[-7.9,1.7],[-7.9,1.6],[-8,1.4],[-8,1.3],[-7.7,0.9],[-7.4,0.8],[-7.2,0.4],[-7.1,-0.1],[-7.1,-0.2],[-7.1,-0.6],[-7.3,-0.9],[-7.2,-1],[-7.2,-1.2],[-7.1,-1.3],[-7.1,-1.5],[-7.4,-1.5],[-7,-1.9],[-7,-2.1],[-6.5,-2.5],[-6.6,-2.6],[-6.5,-2.7],[-6.3,-2.8],[-6.2,-3],[-5.9,-3.2],[-5.6,-3.1],[-5.1,-3.1],[-5.1,-3.2],[-4.7,-3.2],[-4.7,-3.4],[-4.7,-3.9],[-4.6,-3.7],[-4.5,-3.8],[-4.6,-3.8],[-4.5,-4.2],[-4.6,-4.3],[-4.5,-4.5],[-4.6,-4.7],[-4.6,-4.8],[-4.5,-4.9],[-4.5,-5.1],[-4.3,-5.2],[-4.2,-5.4],[-4.3,-5.5],[-4,-5.6],[-4,-5.8],[-3.6,-6.1],[-3.6,-6.2],[-3.4,-6.5],[-3.4,-7.1],[-3.8,-7.5],[-3.6,-8],[-4.8,-8.2],[-4.8,-7.8],[-5.2,-7.7],[-5.7,-7.5],[-5.9,-7.3],[-6.4,-6.8],[-6.3,-6.9],[-6.3,-7.2],[-6.5,-6.8],[-6.6,-6.9],[-6.7,-6.9],[-7.1,-6.4],[-7.3,-6.5],[-7.6,-6.3],[-7.8,-6],[-7.8,-6.3],[-7.4,-6.7],[-7.5,-6.8],[-7.7,-6.9],[-7.7,-7.2],[-7.8,-7.4],[-7.8,-7.6],[-7.8,-8.1],[-7.8,-8.3],[-8.2,-8.6],[-8.3,-8.6],[-8.4,-8.6],[-8.5,-8.6],[-9.1,-8.6],[-9.4,-8.3],[-9,-8.2],[-9.1,-8.2],[-9.2,-8],[-9.3,-7.9],[-9.3,-7.8],[-9.4,-7.7],[-9.5,-7.8],[-9.7,-7.9],[-9.6,-8.1],[-9.8,-7.8],[-9.8,-7.7],[-9.6,-7.4],[-9.8,-7.6],[-9.8,-7.2],[-9.6,-7.1],[-9.7,-6.7],[-9.9,-7],[-9.9,-7.4],[-10,-7.5],[-10.1,-7.3],[-10.1,-7.4],[-10.3,-7.2],[-10.3,-6.8],[-10.5,-7],[-10.4,-7],[-10.5,-6.7],[-10.6,-6.8],[-10.6,-6.7],[-10.3,-6.4],[-10,-6.2],[-9.8,-6.2],[-9.9,-6],[-10,-5.7],[-10.1,-6],[-10.3,-6.1],[-10.5,-6.3],[-10.7,-6.5],[-10.9,-6.5],[-10.9,-6.3],[-11,-6.2],[-11,-6.1],[-11.1,-6.1],[-11,-5.9],[-10.8,-5.8],[-10.5,-5.6],[-11.1,-5.9],[-11.2,-5.8],[-11.1,-5.8],[-11.1,-5.7],[-11,-5.6],[-11,-5.5],[-10.8,-5.3],[-10.9,-5.1],[-10.6,-5.3],[-10.9,-5.1],[-11.2,-5.1],[-10.9,-5],[-10.8,-4.9],[-10.8,-4.8],[-10.5,-4.5],[-11,-4.8],[-11.1,-4.6],[-10.8,-4.5],[-10.8,-4.3],[-10.6,-4.4],[-10.6,-4.3],[-10.7,-4.2],[-10.5,-3.9],[-10.7,-3.9],[-10.7,-3.7],[-10.5,-3.7],[-10.6,-3.5],[-10.1,-3.5],[-10.1,-3.2],[-10,-2.8],[-10.2,-2.6],[-10.2,-2.9],[-10.4,-3.4],[-10.6,-3.2],[-10.6,-3],[-10.7,-2.9],[-10.6,-2.8],[-10.6,-2.5],[-10.6,-2.3],[-10.4,-2.4],[-10.5,-2.1],[-10.5,-1.9],[-10.7,-2.1],[-10.6,-1.8],[-10.7,-1.9],[-10.5,-1.5],[-10.6,-1.4],[-10.7,-1.3],[-10.9,-1.1],[-10.7,-1.2],[-10.8,-1.1],[-10.9,-1],[-11,-0.8],[-10.9,-0.7],[-10.8,-0.4],[-10.8,-0.3],[-11,-0.3],[-11.3,-0.2],[-11.1,-0.1],[-11.2,-0.1],[-11.2,0.1],[-11.4,0.2],[-11.3,0.4],[-11.3,0.5],[-11.1,0.7],[-11,0.9],[-11.3,0.8],[-11.3,1],[-11.1,1],[-11.1,1.3],[-11.3,1.2],[-11.5,1.4],[-11.5,1.2],[-11.6,1.2],[-11.4,1.5],[-11.6,1.5],[-11.6,1.8],[-11.4,1.7],[-11.3,1.7],[-11.4,1.9],[-11.6,1.9],[-11.4,2.1],[-11.2,2.4],[-11.5,2.3],[-11.7,2.2],[-11.4,2.5],[-11.6,2.6],[-11.8,3],[-11.7,3.2],[-11.8,3.3],[-11.5,3.4],[-11.6,3.4],[-11.7,3.5],[-11.7,3.8],[-11.6,3.7],[-11.5,3.9],[-11.3,3.9],[-11.5,4.2],[-11.4,4.2],[-11.1,4.4],[-11.4,4.6],[-11.7,4.5],[-11.5,4.6],[-11.4,4.7],[-11.3,4.9],[-11.1,4.8],[-11.3,5],[-11.3,5.1],[-11.4,5.6],[-11.5,5.7],[-11.5,6],[-11.4,6],[-11.2,6.1],[-11,5.7],[-10.7,5.4],[-11,6.2],[-10.7,6.1],[-10.9,6.4],[-10.9,6.5]]]]}},{"type":"Feature","properties":{},"geometry":{"type":"MultiPolygon","coordinates":[[[[-6.8,-8.7],[-6.6,-7.9],[-6.6,-8.5],[-6.8,-8.7]]]]}},{"type":"Feature","properties":{},"geometry":{"type":"MultiPolygon","coordinates":[[[[-3.3,-4.6],[-3.2,-4.9],[-2.9,-5.2],[-3,-5.5],[-3.2,-5.4],[-3.3,-4.7],[-3.3,-4.6]]]]}},{"type":"Feature","properties":{},"geometry":{"type":"MultiPolygon","coordinates":[[[[-2.6,-2.7],[-2.3,-2.9],[-2.2,-3.3],[-2.3,-3.2],[-2.7,-3],[-2.6,-2.8],[-2.6,-2.7]]]]}},{"type":"Feature","properties":{},"geometry":{"type":"MultiPolygon","coordinates":[[[[-12.1,2.3],[-11.9,2.1],[-11.9,2.2],[-11.7,2.2],[-11.8,1.9],[-11.9,1.6],[-12,1.8],[-12.1,2],[-12.1,2.3]]]]}},{"type":"Feature","properties":{},"geometry":{"type":"MultiPolygon","coordinates":[[[[-12.1,3.1],[-12,3.2],[-11.8,3.1],[-11.9,2.9],[-11.9,2.8],[-12,2.9],[-12.1,3],[-12,3.1],[-12.1,3.1]]]]}},{"type":"Feature","properties":{},"geometry":{"type":"MultiPolygon","coordinates":[[[[-2.7,-2.5],[-2.7,-2.7],[-2.9,-2.5],[-2.7,-2.3],[-2.7,-2.5]]]]}},{"type":"Feature","properties":{},"geometry":{"type":"MultiPolygon","coordinates":[[[[-12.3,2.2],[-12.2,1.8],[-12.3,1.8],[-12.2,1.9],[-12.3,2.2]]]]}},{"type":"Feature","properties":{},"geometry":{"type":"MultiPolygon","coordinates":[[[[-4.6,-2.5],[-4.5,-2.7],[-4.4,-2.7],[-4.6,-2.7],[-4.7,-2.7],[-4.6,-2.5]]]]}},{"type":"Feature","properties":{},"geometry":{"type":"MultiPolygon","coordinates":[[[[-11.6,5.5],[-11.7,5],[-11.8,4.9],[-11.8,5.1],[-11.7,5.3],[-11.7,5.5],[-11.6,5.5]]]]}},{"type":"Feature","properties":{},"geometry":{"type":"MultiPolygon","coordinates":[[[[-11.9,3.6],[-11.9,3.4],[-12.1,3.5],[-12,3.6],[-11.9,3.6]]]]}},{"type":"Feature","properties":{},"geometry":{"type":"MultiPolygon","coordinates":[[[[-10.8,-3.6],[-10.7,-3.6],[-10.9,-3.6],[-10.8,-3.6]]]]}},{"type":"Feature","properties":{},"geometry":{"type":"MultiPolygon","coordinates":[[[[-11.5,5.4],[-11.4,5],[-11.4,5.2],[-11.5,5.4]]]]}},{"type":"Feature","properties":{},"geometry":{"type":"MultiPolygon","coordinates":[[[[-3.7,-1.4],[-3.7,-1.9],[-3.8,-1.8],[-3.7,-1.4]]]]}},{"type":"Feature","properties":{},"geometry":{"type":"MultiPolygon","coordinates":[[[[-11.9,1.6],[-12,1.3],[-12,1.6],[-11.9,1.6]]]]}},{"type":"Feature","properties":{},"geometry":{"type":"MultiPolygon","coordinates":[[[[-11.5,6.2],[-11.3,6.3],[-11.5,6.1],[-11.5,6.2]]]]}},{"type":"Feature","properties":{},"geometry":{"type":"MultiPolygon","coordinates":[[[[-12.1,1.3],[-12.1,1.2],[-12.3,1.2],[-12.1,1.3]]]]}},{"type":"Feature","properties":{},"geometry":{"type":"MultiPolygon","coordinates":[[[[-5.9,16.8],[-5.3,17.9],[-5.1,18.4],[-4.5,18.9],[-3.8,18.7],[-1.9,17.2],[0.3,15.6],[-2.9,12],[-4.6,11.5],[-4.7,11.8],[-4.7,11.9],[-4.6,11.9],[-4.8,11.9],[-4.9,11.9],[-4.9,12.2],[-4.9,12.4],[-5.1,12.8],[-5.1,13],[-5.2,13.3],[-5,13.3],[-5,13.4],[-5,13.5],[-5.2,13.5],[-5.2,13.4],[-5.4,13.9],[-5.2,13.9],[-5.1,13.9],[-4.9,13.9],[-4.9,13.8],[-4.8,13.6],[-4.7,13.6],[-4.7,13.9],[-4.6,14.1],[-4.6,14.2],[-4.7,14.2],[-4.9,14.6],[-5,14.7],[-4.9,15],[-5,15.3],[-5,15.4],[-5.1,15.5],[-5,15.6],[-5.2,15.8],[-5.1,15.8],[-4.9,16],[-4.6,16.1],[-4.8,16.2],[-4.9,16.6],[-5.5,16.4],[-5.7,16.3],[-6,16.6],[-5.9,16.8]]]]}},{"type":"Feature","properties":{},"geometry":{"type":"MultiPolygon","coordinates":[[[[-6.1,10.5],[-5.8,11.1],[-5.7,11.1],[-5.5,11.1],[-5.1,11.2],[-4.6,10.5],[-5.5,10.3],[-6,10.4],[-6.1,10.5]]]]}},{"type":"Feature","properties":{},"geometry":{"type":"MultiPolygon","coordinates":[[[[-10.7,6.6],[-11,6.5],[-11.1,6.7],[-10.8,6.9],[-10.7,6.6]]]]}},{"type":"Feature","properties":{},"geometry":{"type":"MultiPolygon","coordinates":[[[[-9.8,7],[-10.5,7],[-10.3,7.1],[-9.9,7.2],[-9.8,7]]]]}},{"type":"Feature","properties":{},"geometry":{"type":"MultiPolygon","coordinates":[[[[-4.9,11.9],[-4.6,12],[-4.7,11.9],[-4.9,11.9]]]]}},{"type":"Feature","properties":{},"geometry":{"type":"MultiPolygon","coordinates":[[[[-6.1,12.8],[-5.8,12.5],[-5.7,12.1],[-6.4,12.3],[-6.1,12.8]]]]}},{"type":"Feature","properties":{},"geometry":{"type":"MultiPolygon","coordinates":[[[[-6.7,16],[-5.9,16.3],[-6.2,15.9],[-6.5,15.9],[-6.7,16]]]]}},{"type":"Feature","properties":{},"geometry":{"type":"MultiPolygon","coordinates":[[[[-137.3,-68.8],[-138.4,-68],[-140.6,-67.8],[-143.1,-68.1],[-146.6,-68.4],[-149.7,-68.5],[-154.3,-68.3],[-155,-67.9],[-152.2,-67.5],[-147.2,-67.3],[-144.6,-67.1],[-143.2,-66.7],[-142.1,-66.5],[-140,-65.9],[-139,-66.2],[-138,-66.4],[-137.2,-66.1],[-135.3,-67.1],[-135.1,-67.1],[-135.5,-67.7],[-130.8,-69.4],[-133.6,-69.5],[-135.7,-69.4],[-136.2,-69],[-137.3,-68.8]]]]}},{"type":"Feature","properties":{},"geometry":{"type":"MultiPolygon","coordinates":[[[[35.4,-74],[45.9,-74.5],[46.7,-75.2],[44,-76.5],[41.8,-77.7],[40.6,-77.9],[38.7,-77.9],[38.8,-77.6],[34.9,-77.6],[34.4,-77.6],[33.4,-78.2],[28.4,-78.5],[24.6,-78.4],[19,-76.8],[15.7,-75.2],[9.4,-74.3],[5,-73.3],[21.5,-72.8],[35.4,-74]]]]}},{"type":"Feature","properties":{},"geometry":{"type":"MultiPolygon","coordinates":[[[[59.4,-76.1],[58.6,-76.1],[57.9,-76.3],[57.5,-76.2],[56.8,-76.3],[56.5,-76.5],[55.1,-76.8],[54.5,-76.8],[53.9,-77],[53.4,-77.1],[52.6,-77.3],[53,-78.1],[54.2,-78.2],[56.4,-79.5],[57.7,-79.6],[58.4,-79.6],[59.4,-79.4],[59.3,-79],[61.1,-78.9],[63.1,-79.1],[63.5,-79.4],[62.7,-79],[64.8,-78.6],[64.7,-78.1],[62.5,-78.3],[63,-78.1],[63.4,-77.9],[62.9,-77.7],[63.2,-77.5],[63,-77],[62.1,-76.8],[62.7,-76.4],[74.6,-77],[82,-79.3],[91.7,-80.1],[94.2,-81.9],[90.4,-82.9],[71.6,-83.2],[58.3,-82.3],[55.9,-79.7],[53.2,-78.9],[51,-77.9],[45.9,-77.9],[44,-76.5],[44.9,-76.8],[47.1,-75.7],[48.4,-74.5],[59.4,-76.1]]]]}},{"type":"Feature","properties":{},"geometry":{"type":"MultiPolygon","coordinates":[[[[99.1,-82.4],[103.3,-82.4],[110.1,-82.3],[106.7,-82.6],[97.4,-83.4],[69.6,-84],[62,-83.8],[58.3,-83.5],[99.1,-82.4]]]]}},{"type":"Feature","properties":{},"geometry":{"type":"MultiPolygon","coordinates":[[[[30.6,-50.1],[33,-53.6],[26,-54.7],[20.6,-58.3],[15.5,-60.4],[13.3,-58.1],[17,-52.5],[22.8,-50.7],[30.6,-50.1]]]]}},{"type":"Feature","properties":{},"geometry":{"type":"MultiPolygon","coordinates":[[[[79.1,-63.6],[72.5,-61.8],[69.4,-58.6],[71.4,-57.3],[72.3,-56.4],[73.3,-57.1],[73.9,-57.3],[73.9,-57.7],[75.4,-59],[77,-61.3],[79.1,-63.6]]]]}},{"type":"Feature","properties":{},"geometry":{"type":"MultiPolygon","coordinates":[[[[18.1,-68.4],[9.8,-68.8],[-0.8,-68.3],[8,-68.1],[18.1,-68.4]]]]}},{"type":"Feature","properties":{},"geometry":{"type":"MultiPolygon","coordinates":[[[[28.4,-68.8],[18.7,-68.1],[26.1,-68],[28.4,-68.8]]]]}},{"type":"Feature","properties":{},"geometry":{"type":"MultiPolygon","coordinates":[[[[-28.3,-39.5],[-27.5,-37.8],[-25.5,-37.3],[-20.8,-38.5],[-14.9,-40.9],[-11.9,-43.2],[-12.4,-44.6],[-15.3,-42.9],[-21.7,-42.1],[-27.3,-40.8],[-28.3,-39.5]]]]}},{"type":"Feature","properties":{},"geometry":{"type":"MultiPolygon","coordinates":[[[[-8.5,-63],[-15.8,-63.8],[-25.4,-63.3],[-25.9,-62.4],[-27,-62.1],[-30.6,-60.7],[-31.6,-60.5],[-32,-59.7],[-30.7,-59.7],[-28,-58.8],[-21.2,-57.8],[-18.5,-58.9],[-15.5,-59.4],[-12.4,-59.5],[-10.3,-60.5],[-9.2,-62.4],[-8.5,-63]]]]}},{"type":"Feature","properties":{},"geometry":{"type":"MultiPolygon","coordinates":[[[[-64,-58.8],[-67.4,-62.2],[-74,-60.6],[-76.1,-58],[-74.9,-53.9],[-74.6,-48.2],[-72,-43.3],[-70.8,-40.1],[-67.2,-38.8],[-64.1,-40.5],[-65.4,-43.8],[-66.7,-48.9],[-65.8,-51.1],[-65.9,-52.9],[-64.4,-53.2],[-67.4,-52.2],[-67.3,-54.9],[-64,-57.9],[-64,-58.8]]]]}},{"type":"Feature","properties":{},"geometry":{"type":"MultiPolygon","coordinates":[[[[-47.5,-59.4],[-51.4,-60.6],[-55.4,-62.1],[-61.6,-60.7],[-58.4,-58.7],[-60.7,-54.7],[-60.3,-50],[-57.7,-47.7],[-53.9,-47.5],[-51.3,-50.3],[-50.9,-54.6],[-48.5,-59],[-47.5,-59.4]]]]}},{"type":"Feature","properties":{},"geometry":{"type":"MultiPolygon","coordinates":[[[[-67.4,-62.2],[-64,-58.8],[-61.9,-60.2],[-59.8,-61.6],[-57.9,-63.1],[-62,-63.8],[-67.4,-62.2]]]]}},{"type":"Feature","properties":{},"geometry":{"type":"MultiPolygon","coordinates":[[[[-38.1,-59.5],[-39.4,-56.9],[-39.3,-57.1],[-38.9,-56.9],[-38.8,-57.1],[-38.6,-57.3],[-38.5,-57.5],[-38.5,-57.7],[-38.3,-57.7],[-37.8,-57.7],[-38.2,-58.1],[-37.8,-58.1],[-37.6,-58],[-37.4,-58.1],[-37.3,-58.2],[-37.1,-58.4],[-36.9,-58.4],[-36.9,-58.5],[-37.1,-58.7],[-37.5,-58.9],[-37.6,-58.9],[-37.5,-58.9],[-36.9,-58.9],[-37.3,-59.1],[-37.8,-59.3],[-38.1,-59.5]]]]}},{"type":"Feature","properties":{},"geometry":{"type":"MultiPolygon","coordinates":[[[[-34.1,-60.1],[-37.7,-59.6],[-37.3,-59.6],[-36.9,-59.5],[-36.4,-59.4],[-35.9,-59.5],[-35.5,-59.7],[-35.3,-59.5],[-34.2,-60],[-34.1,-60.1]]]]}},{"type":"Feature","properties":{},"geometry":{"type":"MultiPolygon","coordinates":[[[[-36.5,-59.3],[-37.1,-59.4],[-37.2,-59.4],[-37.1,-59.2],[-36.5,-59.3]]]]}},{"type":"Feature","properties":{},"geometry":{"type":"MultiPolygon","coordinates":[[[[-37.5,-67],[-44.5,-67.7],[-56.2,-70.3],[-64.5,-69.4],[-61,-66.7],[-54.6,-64.7],[-48.1,-65.4],[-40.7,-65.6],[-37.5,-67]]]]}},{"type":"Feature","properties":{},"geometry":{"type":"MultiPolygon","coordinates":[[[[-49.7,-40.7],[-52,-40.1],[-54.8,-39.3],[-57,-38.7],[-59.7,-39.2],[-62,-39.2],[-63.4,-39.9],[-67.2,-38.8],[-70.8,-40.1],[-72,-43.3],[-74.6,-48.2],[-74.9,-53.9],[-76.1,-58],[-78.2,-61.4],[-83.2,-59.6],[-83.3,-55.2],[-82.6,-52.7],[-81.4,-49.3],[-81.9,-46.7],[-81.5,-44.5],[-79.4,-41.7],[-77.5,-39.2],[-74.6,-36],[-70.6,-34.8],[-67.1,-34.8],[-63.9,-35.4],[-62.6,-34.5],[-59.1,-34.5],[-58.5,-34.5],[-58.2,-34.5],[-57.8,-34.6],[-57.3,-34.7],[-56.9,-34.8],[-56.5,-34.9],[-56,-35],[-55.8,-35],[-55.3,-35.3],[-53.7,-36.4],[-53,-37.4],[-52.5,-37.5],[-51.9,-37.6],[-51.9,-37.5],[-51.1,-37.9],[-49.5,-38.8],[-50.6,-38.3],[-50.6,-38.8],[-50.6,-39.2],[-50.1,-39.5],[-49.6,-40.1],[-49.4,-40.6],[-49.8,-40.7],[-49.7,-40.7]]]]}},{"type":"Feature","properties":{},"geometry":{"type":"MultiPolygon","coordinates":[[[[-48.6,-39.4],[-49,-39.8],[-49.3,-39.4],[-48.6,-39.3],[-48.6,-39.4]]]]}},{"type":"Feature","properties":{},"geometry":{"type":"MultiPolygon","coordinates":[[[[-116.8,-67.8],[-116.3,-67.5],[-108.9,-66.8],[-105.2,-65.1],[-104.2,-65.8],[-106.2,-67.1],[-106.6,-67.7],[-108.7,-69],[-116.8,-67.8]]]]}},{"type":"Feature","properties":{},"geometry":{"type":"MultiPolygon","coordinates":[[[[-24.2,-16.4],[-25.7,-16.6],[-26.4,-16.5],[-24.9,-15.5],[-24.9,-15.6],[-24.6,-15.6],[-24.6,-15.8],[-24.3,-15.9],[-24,-15.8],[-24,-16],[-23.7,-16.3],[-24.2,-16.3],[-24.2,-16.4]]]]}},{"type":"Feature","properties":{},"geometry":{"type":"MultiPolygon","coordinates":[[[[-24.8,-15.4],[-26.4,-15.1],[-26.6,-13.7],[-26.6,-12],[-26.7,-10.9],[-26.7,-9.8],[-26.5,-9.9],[-26.5,-10.1],[-26.5,-10.2],[-26.4,-10.3],[-26.4,-10.5],[-26.5,-10.7],[-26.5,-10.8],[-26.3,-10.9],[-26.2,-11.1],[-26.5,-11.1],[-26.2,-11.2],[-26.2,-11.4],[-26.1,-11.4],[-26.3,-11.8],[-26.5,-11.9],[-26.1,-11.8],[-26,-12],[-26.3,-12.1],[-26.4,-12.3],[-26,-12.2],[-26.1,-12.4],[-26,-12.4],[-25.8,-12.6],[-25.8,-12.8],[-26.1,-12.9],[-25.8,-13.1],[-25.7,-13.2],[-25.6,-13.5],[-26,-13.7],[-25.9,-13.8],[-25.9,-13.9],[-26,-13.9],[-26.2,-14],[-25.9,-14.2],[-25.9,-14.3],[-25.9,-14.4],[-25.7,-14.6],[-25.5,-14.9],[-25.3,-14.9],[-25.3,-15],[-25.5,-15.3],[-25.2,-15.3],[-25,-15.2],[-24.9,-15.4],[-24.8,-15.4]]]]}},{"type":"Feature","properties":{},"geometry":{"type":"MultiPolygon","coordinates":[[[[-38.2,-26.2],[-38.5,-26.1],[-39.3,-26.3],[-39.4,-26.3],[-39.5,-26.6],[-40.5,-26.7],[-41,-26.7],[-41.8,-26.9],[-41.4,-26.7],[-41.6,-26.7],[-41.8,-26.8],[-41.9,-26.8],[-42,-26.9],[-42.1,-26.9],[-42.5,-27.1],[-42.9,-27.1],[-43.9,-27.5],[-46.4,-27.9],[-49.1,-28.5],[-51.2,-28.6],[-53.5,-28.2],[-51.9,-27.2],[-49,-26.4],[-44.9,-25.6],[-41.9,-25],[-38.7,-25],[-37.3,-24.8],[-38.2,-26.2]]]]}},{"type":"Feature","properties":{},"geometry":{"type":"MultiPolygon","coordinates":[[[[-38.4,-26.6],[-39.4,-26.4],[-39.1,-26.3],[-38.9,-26.3],[-38.3,-26.4],[-38.4,-26.6]]]]}},{"type":"Feature","properties":{},"geometry":{"type":"MultiPolygon","coordinates":[[[[-56.5,-27.1],[-58.9,-25.4],[-57.5,-27.9],[-57.7,-27.9],[-58.4,-27.5],[-57.9,-27.8],[-58.1,-28],[-57.9,-28.1],[-57.8,-28.3],[-58,-28.2],[-58.1,-28.2],[-58.3,-28.2],[-58.4,-28.5],[-58.2,-28.9],[-58.4,-29],[-58.5,-28.8],[-58.5,-28.5],[-58.5,-28.3],[-58.7,-28],[-59.1,-28.3],[-59.1,-28.1],[-59.3,-28],[-59.6,-27.7],[-59.5,-27.4],[-59.7,-27.2],[-59.7,-26.8],[-59.9,-26.7],[-60.2,-26.7],[-61,-25.5],[-61.1,-25.5],[-61.6,-25.3],[-61.8,-25],[-62,-25],[-62,-25.2],[-62.5,-25.2],[-63.3,-25],[-63.6,-24.9],[-63.6,-24.7],[-63.6,-24.6],[-63.7,-24.6],[-64.1,-24.7],[-64,-24.6],[-64.4,-24.7],[-64.5,-24.5],[-64.7,-24.6],[-65,-24.5],[-65.1,-24.7],[-65.3,-24.7],[-65.5,-24.7],[-65.6,-24.7],[-65.7,-25],[-66,-25.4],[-66.1,-25.6],[-66.4,-25.9],[-67.4,-26.3],[-67,-26],[-67.2,-25.9],[-67.5,-26],[-67.7,-26.3],[-68,-26.3],[-68.2,-26.2],[-68.7,-23.5],[-70.3,-22.1],[-69.7,-20.6],[-68.1,-19.2],[-67.4,-19.5],[-66.8,-19.4],[-66.2,-19.3],[-65.8,-20.2],[-65.6,-20.3],[-65.3,-21],[-65.4,-21.5],[-64.8,-22.2],[-64.2,-22.8],[-64,-23.1],[-63.3,-23.6],[-61.2,-22.6],[-58.8,-21.6],[-57.1,-22.2],[-56.6,-26.5],[-56.5,-27.1]]]]}},{"type":"Feature","properties":{},"geometry":{"type":"MultiPolygon","coordinates":[[[[-27.2,-10.7],[-27.4,-10.9],[-27.3,-10.9],[-27.2,-10.7]]]]}},{"type":"Feature","properties":{},"geometry":{"type":"MultiPolygon","coordinates":[[[[-27.3,-11.1],[-27.1,-12],[-27.1,-14],[-27,-16.3],[-27.3,-16.9],[-28.6,-16.2],[-28.6,-16],[-28.1,-15.9],[-27.4,-16.2],[-27.3,-16.2],[-27.3,-16],[-27.6,-16],[-27.9,-15.5],[-28,-15.7],[-28,-15.8],[-28.3,-15.8],[-28.4,-15.2],[-28.2,-15.9],[-28.6,-15.8],[-28.9,-15.3],[-28.8,-14.5],[-29.2,-12.9],[-29.2,-11.2],[-29.3,-10.5],[-28.8,-10.8],[-29,-11.5],[-28.9,-11.5],[-28.5,-11.4],[-28.2,-11.3],[-27.8,-11],[-27.8,-11.5],[-27.6,-11.1],[-27.6,-11],[-27.3,-11.1]]]]}},{"type":"Feature","properties":{},"geometry":{"type":"MultiPolygon","coordinates":[[[[-28.7,-16.1],[-28.7,-15.7],[-28.7,-15.9],[-28.7,-16.1]]]]}},{"type":"Feature","properties":{},"geometry":{"type":"MultiPolygon","coordinates":[[[[-28.1,-6.2],[-28.4,-6.2],[-28.2,-6.9],[-28,-7],[-28,-7.2],[-27.9,-7.4],[-27.9,-7.5],[-28.2,-8],[-28.4,-7.8],[-28.6,-7.5],[-28.8,-7.4],[-29,-7.2],[-29,-7.1],[-29,-6.8],[-29.1,-6.7],[-29.5,-6.5],[-29.4,-6.3],[-29.5,-6.2],[-29.6,-6.2],[-29.7,-6],[-29.7,-5.9],[-29.4,-5.8],[-29.4,-5.6],[-29.5,-5.5],[-29.7,-5.5],[-28.7,-5.2],[-28.1,-6.2]]]]}},{"type":"Feature","properties":{},"geometry":{"type":"MultiPolygon","coordinates":[[[[0.7,-63.5],[0.7,-63.4],[2.3,-60.7],[3.1,-57.8],[7.7,-58.8],[12.4,-61.4],[7.1,-64.1],[1.1,-64.8],[0.7,-63.5]]]]}},{"type":"Feature","properties":{},"geometry":{"type":"MultiPolygon","coordinates":[[[[-42.1,-53.8],[-41.9,-52.1],[-41.6,-50.9],[-39.9,-47.7],[-38,-47.4],[-35.3,-49.9],[-36.4,-53],[-41,-53.9],[-42.1,-53.8]]]]}},{"type":"Feature","properties":{},"geometry":{"type":"MultiPolygon","coordinates":[[[[-56.7,-45.4],[-59.1,-42.3],[-55.7,-41.8],[-52,-44.9],[-53.7,-46.3],[-56.7,-45.4]]]]}},{"type":"Feature","properties":{},"geometry":{"type":"MultiPolygon","coordinates":[[[[46.7,-72.6],[41.4,-74.2],[35.2,-73.5],[37.5,-70.8],[46.7,-72.6]]]]}},{"type":"Feature","properties":{},"geometry":{"type":"MultiPolygon","coordinates":[[[[-3.5,-72.5],[-8.3,-72.1],[-7.8,-71.6],[-10.1,-71.6],[-10.9,-71.6],[-13.8,-71.6],[-16,-71.3],[-16.2,-70.9],[-19.6,-68.9],[-18.9,-67.4],[-17.6,-68.1],[-16.7,-68.7],[-15,-69.4],[-13.2,-70.5],[-10.4,-71.1],[-9.2,-71.2],[-7.4,-70.8],[-3.5,-72.5]]]]}},{"type":"Feature","properties":{},"geometry":{"type":"MultiPolygon","coordinates":[[[[-2.7,-51.6],[-3.9,-52.7],[-3.8,-52],[-3.5,-51.3],[-2.5,-50.4],[-1.6,-49.8],[-1.8,-50.5],[-2,-51.2],[-2.7,-51.6]]]]}},{"type":"Feature","properties":{},"geometry":{"type":"MultiPolygon","coordinates":[[[[95,-79.4],[96.2,-81.1],[91.7,-80.1],[82,-79.3],[74.6,-77],[84.9,-78.9],[91.7,-79],[95,-79.4]]]]}},{"type":"Feature","properties":{},"geometry":{"type":"MultiPolygon","coordinates":[[[[-66.8,-15.9],[-69,-14.9],[-69.9,-13.8],[-70,-11.6],[-69.7,-10.9],[-69.3,-10.9],[-68.4,-10.6],[-67.6,-11.5],[-67.8,-12.7],[-67.7,-13.7],[-66.8,-15.2],[-66.8,-15.9]]]]}},{"type":"Feature","properties":{},"geometry":{"type":"MultiPolygon","coordinates":[[[[55,-79.7],[54.9,-80.5],[52,-81.7],[46.2,-81.3],[42.4,-79.2],[49.7,-77.7],[53.5,-78.5],[55,-79.7]]]]}},{"type":"Feature","properties":{},"geometry":{"type":"MultiPolygon","coordinates":[[[[-66,-65.6],[-62.7,-65.1],[-63,-65.8],[-66.7,-65.9],[-66,-65.6]]]]}},{"type":"Feature","properties":{},"geometry":{"type":"MultiPolygon","coordinates":[[[[-68.1,-19.2],[-69.1,-18.1],[-69.2,-16],[-69.7,-14.7],[-67.6,-15.4],[-66.8,-16.5],[-66.9,-18.1],[-68.1,-19.2]]]]}},{"type":"Feature","properties":{},"geometry":{"type":"MultiPolygon","coordinates":[[[[30.9,-49.8],[25.1,-50.3],[18.2,-52],[16.7,-50.3],[20,-49.4],[27.1,-49.7],[30.9,-49.8]]]]}},{"type":"Feature","properties":{},"geometry":{"type":"MultiPolygon","coordinates":[[[[11.3,-17.7],[12.1,-17.7],[13.2,-17.3],[13.7,-17],[13.9,-17],[13.8,-17.3],[13.3,-18],[13,-18.5],[12.9,-18.6],[12.7,-19],[12.5,-19.4],[12.3,-19.7],[12.2,-19.9],[12.1,-20.2],[12.1,-20.4],[12.1,-20.8],[12.1,-21.4],[11.8,-21.9],[10.6,-22.3],[7.8,-22],[9.6,-20.4],[11,-18.1],[11.3,-17.7]]]]}},{"type":"Feature","properties":{},"geometry":{"type":"MultiPolygon","coordinates":[[[[5.7,-21.7],[8.7,-22.1],[8.3,-23.4],[8.1,-23.8],[7.2,-24.5],[6.4,-24.8],[4.2,-25.4],[3.3,-25.8],[3.4,-25.7],[3.6,-25.4],[3.4,-25.3],[3.1,-25.3],[3.7,-24.9],[3.8,-24.6],[4.3,-24.7],[4.6,-24.5],[4.7,-24.2],[4.8,-24.1],[4.2,-23.4],[4.8,-23.3],[5.5,-22.7],[5.4,-22.4],[5.6,-22.1],[5.6,-21.7],[5.7,-21.7]]]]}},{"type":"Feature","properties":{},"geometry":{"type":"MultiPolygon","coordinates":[[[[11.7,-21.9],[11.6,-22.9],[12.2,-23.5],[12.4,-23.6],[12.8,-23.5],[13.6,-23.6],[13.5,-24.1],[12.9,-25.2],[12.4,-25.3],[12.3,-25.4],[12.3,-25.5],[11.7,-26.1],[11.7,-26.6],[11.6,-26.6],[11.5,-26.8],[11.4,-27],[11.2,-27.1],[11,-27.2],[10.8,-27.3],[10.4,-27.4],[10.1,-27.5],[9.9,-27.7],[9.8,-27.8],[9.5,-28],[9.3,-28.1],[8.9,-28.1],[8.6,-28.2],[8.3,-28.3],[7.8,-27.3],[7.7,-27.3],[7.9,-26.6],[7,-26.3],[6.9,-26.1],[6.7,-25.9],[5.5,-25.7],[5.2,-25.6],[5.1,-25.4],[4.8,-25.6],[4.7,-25.5],[4.5,-25.6],[4.3,-25.6],[3.9,-25.7],[3.7,-25.9],[4.5,-25.4],[6.6,-24.8],[7.5,-24.4],[8.1,-23.7],[8.4,-23.3],[10.6,-22.3],[11.7,-21.9]]]]}},{"type":"Feature","properties":{},"geometry":{"type":"MultiPolygon","coordinates":[[[[2.1,-31.2],[2.2,-31.4],[2.4,-31.6],[2.4,-32],[2.5,-32.2],[2.8,-32.5],[2.9,-32.6],[3.1,-32.7],[3.2,-32.9],[3.4,-33.3],[3.5,-33.5],[3.7,-33.7],[3.8,-33.8],[3.9,-34],[4.1,-34.1],[4.2,-34.2],[3.9,-34.7],[3.1,-34.9],[1,-34.2],[0.8,-34.4],[-0.9,-34.5],[-2.1,-35.1],[-2.5,-34.8],[-2.7,-34.7],[-3.1,-34.7],[-3.5,-34.5],[-3.7,-34.4],[-3.9,-34.2],[-4.3,-34],[-4.7,-33.8],[-5.1,-33.6],[-5.3,-33.4],[-5.5,-33.2],[-5.9,-33],[-6.1,-33],[-6.3,-32.9],[-6.4,-32.7],[-6.6,-32.8],[-6.9,-32.7],[-7.2,-32.5],[-6.9,-32.3],[-6.7,-31.9],[-6.6,-31.4],[-6.8,-31.2],[-7.3,-30.9],[-6.8,-29.8],[-6.3,-29.6],[-6.2,-29.6],[-6.3,-29.2],[-6.1,-29.4],[-5.8,-29.2],[-5.7,-28.8],[-4.6,-28.8],[-3.5,-28.3],[-2.4,-27.7],[-2.4,-27.4],[-2.4,-27.3],[-2.1,-27.1],[-1.9,-27],[-1.5,-27],[-1.2,-27.3],[-1.1,-27.4],[-0.8,-27.4],[-0.6,-27.9],[-0.1,-28.5],[0.2,-29],[1,-29.9],[1.1,-30.2],[1.2,-30.5],[1.5,-30.7],[2.1,-31.2]]]]}},{"type":"Feature","properties":{},"geometry":{"type":"MultiPolygon","coordinates":[[[[-7.2,-32.5],[-6.9,-32.7],[-6.6,-32.8],[-6.4,-32.7],[-6.3,-32.9],[-6.1,-33],[-5.9,-33],[-5.5,-33.2],[-5.3,-33.4],[-5.1,-33.6],[-4.7,-33.8],[-4.3,-34],[-3.9,-34.2],[-3.7,-34.4],[-3.5,-34.5],[-3.1,-34.7],[-2.7,-34.7],[-2.5,-34.8],[-2.1,-35.1],[-2.9,-35.2],[-3.5,-35],[-4.6,-34.8],[-5.3,-34.2],[-6.5,-33.1],[-7.2,-33],[-7.2,-32.5]]]]}},{"type":"Feature","properties":{},"geometry":{"type":"MultiPolygon","coordinates":[[[[180,-73.1],[179.8,-75.7],[178.7,-75.8],[176.5,-75.9],[175,-75.7],[180,-73.1]]]]}},{"type":"Feature","properties":{},"geometry":{"type":"MultiPolygon","coordinates":[[[[-180,-75.6],[-176.5,-71.8],[-176,-71.8],[-175.5,-71.8],[-174,-71.6],[-173.8,-72.3],[-173.4,-72.7],[-174.7,-73.7],[-174.1,-74.1],[-171.8,-74.2],[-173.8,-74.2],[-172.6,-74.8],[-175,-74.7],[-176.2,-74.8],[-175.9,-75.2],[-176.2,-75.8],[-177.6,-75.3],[-180,-75.6]]]]}},{"type":"Feature","properties":{},"geometry":{"type":"MultiPolygon","coordinates":[[[[180,-76.2],[178.3,-76.4],[178.8,-76.1],[180,-76.2]]]]}},{"type":"Feature","properties":{},"geometry":{"type":"MultiPolygon","coordinates":[[[[129.5,-72.9],[129.6,-72.9],[129.6,-73],[129.6,-73.1],[129.5,-72.9]]]]}},{"type":"Feature","properties":{},"geometry":{"type":"MultiPolygon","coordinates":[[[[128.6,-74.5],[129.2,-74.4],[129.5,-74.3],[130.5,-74.3],[131.1,-74.3],[128.6,-74.5]]]]}},{"type":"Feature","properties":{},"geometry":{"type":"MultiPolygon","coordinates":[[[[135.1,-74.2],[143.2,-72.6],[147.4,-74.1],[149.6,-75.2],[150.8,-76.1],[149,-76.6],[147.8,-76.6],[147.4,-75.9],[144.1,-75.9],[144.9,-75.7],[142.1,-75.5],[140.5,-74.7],[138.5,-74.5],[135.1,-74.2]]]]}},{"type":"Feature","properties":{},"geometry":{"type":"MultiPolygon","coordinates":[[[[162,-75.5],[169.3,-73],[173.1,-74.7],[170.6,-76.9],[165.9,-77.3],[164.7,-77.3],[164.3,-77.4],[162.8,-77.6],[159.5,-77],[157.2,-77.6],[153.5,-77.2],[162,-75.5]]]]}},{"type":"Feature","properties":{},"geometry":{"type":"MultiPolygon","coordinates":[[[[180,-69.8],[175.7,-74.8],[173.1,-74.7],[177.1,-70.3],[180,-69.8]]]]}},{"type":"Feature","properties":{},"geometry":{"type":"MultiPolygon","coordinates":[[[[-180,-73.1],[-175.4,-71.1],[-176.1,-71.4],[-176,-71.8],[-178.4,-72.5],[-180,-73.1]]]]}},{"type":"Feature","properties":{},"geometry":{"type":"MultiPolygon","coordinates":[[[[-29.7,-7.8],[-29.6,-8],[-29.4,-8.2],[-29.3,-9],[-29.5,-9.3],[-29.6,-10],[-30,-11],[-29.8,-11.8],[-29.9,-12.8],[-29.6,-14],[-29.5,-15],[-29.7,-16.1],[-29.8,-16.4],[-30.4,-16.6],[-31,-16.7],[-31.7,-16.7],[-32.7,-16.8],[-33.2,-16.8],[-33.9,-17.2],[-34.3,-18.7],[-34.9,-19.2],[-35.3,-20.1],[-35.8,-21.1],[-36.3,-21.1],[-36.3,-20.7],[-36.3,-20.2],[-36.8,-20.3],[-36.9,-19.8],[-37.5,-19.6],[-37.5,-19.4],[-38.7,-19.8],[-39,-19.6],[-39.1,-19.8],[-39.2,-19.4],[-40.1,-19.6],[-40.5,-19.8],[-40.7,-19.9],[-41.1,-19.7],[-41.4,-19.8],[-41.5,-19.3],[-41.6,-19.2],[-41.7,-19.1],[-41.9,-19],[-41.8,-19],[-41.9,-18.9],[-43.2,-17.9],[-43.2,-17.6],[-43.2,-17.1],[-43.1,-16.9],[-43.2,-16],[-43.6,-14.6],[-44.1,-14.1],[-44.2,-14.3],[-44.5,-14.3],[-44.8,-14.3],[-45.3,-14.3],[-46.3,-13.6],[-46.9,-13.5],[-47.6,-14],[-48.4,-14.3],[-49.5,-14.7],[-49.9,-14.9],[-50.2,-15.6],[-51.6,-15.1],[-53.7,-14.7],[-53.7,-13.6],[-53.7,-11.3],[-52.8,-10.5],[-51.9,-9.4],[-50.5,-8.3],[-49.7,-7.6],[-48.2,-6.3],[-47.1,-5.9],[-47.2,-6.2],[-47.2,-6.5],[-47.6,-6.8],[-47.6,-7.1],[-47.5,-6.9],[-46.8,-6.4],[-46.9,-5.8],[-45.7,-5.6],[-45,-5.4],[-44.6,-5.2],[-43.7,-4.9],[-43.3,-5.2],[-42.7,-5.5],[-41.4,-6.9],[-39.5,-7.6],[-39.4,-8.6],[-38.7,-10],[-38,-10.5],[-37.6,-10.8],[-38,-11.7],[-38.6,-12.9],[-38.5,-13.7],[-38.4,-14.8],[-38,-15.1],[-37.6,-14.9],[-37.6,-15.5],[-37.3,-15.1],[-37.1,-14.8],[-36.8,-14.5],[-36.8,-14.3],[-36.7,-14.1],[-36.6,-13.9],[-36.4,-13.3],[-36.4,-13.2],[-36.3,-13],[-36.3,-12.8],[-36.4,-12.5],[-36.3,-12.3],[-35,-12.1],[-34,-11.6],[-33.5,-10.2],[-33.6,-9.6],[-33.8,-8.9],[-33.8,-8.8],[-33.6,-8.7],[-33.3,-8.5],[-33.1,-8.5],[-33.1,-8.3],[-32.8,-8.2],[-32.7,-7.8],[-32.6,-7.3],[-32.5,-7.3],[-31.5,-7.1],[-30.1,-7.2],[-30,-7.7],[-29.7,-7.8]]]]}},{"type":"Feature","properties":{},"geometry":{"type":"MultiPolygon","coordinates":[[[[-44.8,-16.7],[-44.8,-17.2],[-44.8,-17.3],[-45.1,-17.3],[-45.2,-17],[-46,-16.6],[-47.3,-15.4],[-47.8,-15],[-47.8,-14.8],[-47.1,-15],[-45.8,-15.5],[-45.2,-15.7],[-45,-16.1],[-44.8,-16.7]]]]}},{"type":"Feature","properties":{},"geometry":{"type":"MultiPolygon","coordinates":[[[[-35.1,-10.8],[-35.2,-10.9],[-35.3,-10.9],[-35.5,-10.9],[-35.8,-11],[-35.5,-10.8],[-35.4,-10.9],[-35.1,-10.8]]]]}},{"type":"Feature","properties":{},"geometry":{"type":"MultiPolygon","coordinates":[[[[-39,7.5],[-42.2,4.9],[-43.5,4.6],[-44.2,5.2],[-44.2,6.1],[-44.3,6.4],[-43.8,6.9],[-42.5,7.8],[-41.3,8.2],[-40,8.9],[-39.9,9.6],[-40.8,12.6],[-39.9,13.6],[-39.4,13.9],[-39.2,13.8],[-39.1,13.9],[-39.8,13],[-39.8,12.6],[-39.7,12.6],[-39.4,12.7],[-39.3,12.8],[-39.1,12.8],[-39,12.7],[-38.9,12.6],[-39.4,12.5],[-39.6,12.3],[-39.5,12],[-39.1,10.9],[-38.9,9.8],[-38.8,9.6],[-38.8,8.7],[-39.2,8.8],[-39.6,8.9],[-39,7.6],[-39,7.5]]]]}},{"type":"Feature","properties":{},"geometry":{"type":"MultiPolygon","coordinates":[[[[-40.3,14.6],[-41.2,15.3],[-41.6,16.4],[-41.4,16.6],[-41.3,16.2],[-41.4,16],[-41.2,16],[-41,16.3],[-40.9,16.2],[-40.9,16],[-40.7,15.9],[-40.4,15.7],[-40.5,15.5],[-40.7,15.5],[-40.5,15.3],[-40.2,15.1],[-39.9,14.8],[-39.7,14.7],[-39.6,14.6],[-39.6,14.5],[-40,14.5],[-40.3,14.6]]]]}},{"type":"Feature","properties":{},"geometry":{"type":"MultiPolygon","coordinates":[[[[-42.7,4.2],[-43.2,4.5],[-42.9,4.4],[-42.7,4.2]]]]}},{"type":"Feature","properties":{},"geometry":{"type":"MultiPolygon","coordinates":[[[[-44.9,5.6],[-44.4,6.2],[-44.6,5.7],[-44.9,5.6]]]]}},{"type":"Feature","properties":{},"geometry":{"type":"MultiPolygon","coordinates":[[[[-43,3.9],[-43.9,4.3],[-43.3,4.3],[-43,3.9]]]]}},{"type":"Feature","properties":{},"geometry":{"type":"MultiPolygon","coordinates":[[[[-34.8,6.2],[-35.1,6],[-35.2,6],[-35.4,6],[-35.5,6],[-35.6,6.3],[-35.6,6.1],[-35.7,5.9],[-36.3,5.7],[-36.4,5.9],[-36.6,6.3],[-36.7,6.7],[-37.3,7.2],[-38,7.6],[-38.2,7.8],[-38.5,8.7],[-38.1,8.8],[-38.3,10],[-38,10.4],[-36.9,9],[-36.7,8.8],[-36.8,9.7],[-37.4,10.3],[-37.5,10.7],[-37.4,11.1],[-36.6,10.7],[-36.4,10.6],[-36.7,11.1],[-36.7,11.2],[-36.7,11.5],[-36.3,11.7],[-36,11.9],[-35,10.8],[-35.1,10.6],[-34.7,10.6],[-35.1,10],[-34.9,9.9],[-34.7,9.8],[-34.6,9.7],[-34.5,9.8],[-34.4,9.9],[-34.3,9.6],[-34.4,9.3],[-35,8.8],[-34.7,8.7],[-33.8,9.6],[-33.6,9.3],[-33.5,8.8],[-34.5,7.5],[-34.8,7.4],[-34.9,6.8],[-34.9,6.6],[-34.8,6.2]]]]}},{"type":"Feature","properties":{},"geometry":{"type":"MultiPolygon","coordinates":[[[[-34.5,12.9],[-34.7,12.7],[-34.6,11.5],[-36.2,12],[-36.7,12.1],[-37.4,12.2],[-37.4,13.1],[-37.2,13.8],[-36.3,13.7],[-34.9,14.2],[-34.5,12.9]]]]}},{"type":"Feature","properties":{},"geometry":{"type":"MultiPolygon","coordinates":[[[[-31.7,8],[-33.2,7],[-33.1,7.5],[-33.2,7.7],[-32.8,7.9],[-32.7,7.6],[-32.5,7.6],[-32.3,7.9],[-32.2,8],[-32.1,8.2],[-32.1,8.4],[-31.7,8.2],[-31.7,8]]]]}},{"type":"Feature","properties":{},"geometry":{"type":"MultiPolygon","coordinates":[[[[-45.5,-5.5],[-46.4,-5.8],[-47,-5.9],[-47.3,-5.6],[-47.5,-6],[-47.1,-5.9],[-48.2,-6.3],[-49.7,-7.6],[-50.5,-8.3],[-51.9,-9.4],[-52.8,-10.5],[-53.7,-11.3],[-53.3,-9.7],[-51.3,-7.9],[-50.6,-7.4],[-50.4,-6.9],[-49.8,-6],[-47.9,-4.6],[-46.7,-3.8],[-46.5,-3.7],[-46.4,-3.6],[-46.3,-3.5],[-46.2,-3.8],[-46.4,-3.9],[-45.9,-4.4],[-45.7,-4.5],[-45.5,-4.7],[-45.1,-4.9],[-45,-5],[-45.3,-5.4],[-45.5,-5.5]]]]}},{"type":"Feature","properties":{},"geometry":{"type":"MultiPolygon","coordinates":[[[[-43.3,-5.1],[-43.3,-5.2],[-43.7,-4.9],[-44.6,-5.2],[-45,-5.4],[-45.3,-5.4],[-45,-5],[-45.1,-4.9],[-45.5,-4.7],[-45.7,-4.5],[-45.9,-4.4],[-46.4,-3.9],[-46.2,-3.8],[-46.3,-3.5],[-46.4,-3.4],[-46.6,-3.4],[-46.5,-3.3],[-45.7,-3.1],[-45.7,-2.8],[-45.6,-2.6],[-45.2,-2.7],[-45,-2.9],[-44.5,-3.3],[-44.7,-3.7],[-44.3,-4.3],[-43.9,-4.6],[-43.3,-5.1]]]]}},{"type":"Feature","properties":{},"geometry":{"type":"MultiPolygon","coordinates":[[[[-45.6,-2.5],[-46,-2.6],[-46.8,-2.5],[-46.9,-2.4],[-45.8,-2.4],[-45.6,-2.5]]]]}},{"type":"Feature","properties":{},"geometry":{"type":"MultiPolygon","coordinates":[[[[-31.4,1.4],[-31.2,1.2],[-30.9,1.3],[-30,0.9],[-30.1,0.7],[-30.5,0.4],[-30.7,0.5],[-30.7,0.3],[-30.8,0],[-31.5,-1],[-32.1,-1.1],[-32.1,-0.8],[-32.1,-0.5],[-32.3,-0.3],[-32.2,-0.5],[-32.2,-0.6],[-32.3,-1.2],[-32.4,-1],[-32.7,-0.9],[-32.9,-0.4],[-33,-0.7],[-33.7,-1],[-34.3,-0.5],[-34.4,0],[-34.6,0.1],[-34.3,-1],[-34.3,-1.6],[-34.6,-1.6],[-35.3,-1.8],[-35.4,-1.7],[-35.5,-1.6],[-35.8,-1.7],[-36.3,-1.6],[-36.6,-1],[-37,-0.4],[-36.9,-0.8],[-36.7,-1],[-36.7,-1.1],[-36.4,-1.6],[-36.4,-2],[-37.1,-1.7],[-37.7,-0.9],[-40,-0.6],[-40.8,0.2],[-42.1,0],[-43.1,0.2],[-43.7,0.3],[-44.3,0.2],[-45.8,1.9],[-45,1.2],[-44.7,1],[-45.2,1.8],[-45.9,2.3],[-45.1,3.1],[-44.1,3.6],[-43.4,3.8],[-41.3,3.1],[-40.8,2.9],[-39.4,3.8],[-38,4.5],[-36.9,4.9],[-36.7,4.6],[-36.5,4.4],[-36.3,4.2],[-35.7,3.6],[-35.7,3.3],[-35.6,3.2],[-35.3,3.4],[-35.5,3.7],[-35.6,3.8],[-35.4,4],[-35.2,3.8],[-35,3.9],[-35,3.4],[-35.2,3.3],[-35.3,3],[-35.3,2.8],[-35.3,2.6],[-35.3,2.4],[-35.1,2.9],[-34.1,3],[-33.7,3.2],[-33.9,3.2],[-33.7,3.5],[-33.6,3.6],[-33.3,3.7],[-33.6,4],[-33.7,4.6],[-33.2,5],[-33.2,5.4],[-32.2,5.5],[-32,5.6],[-32,5.4],[-32.3,4.2],[-32.3,4],[-32.5,4],[-32.7,3.9],[-32.9,3.5],[-32.8,3.3],[-32.6,3.1],[-32.5,3.1],[-32.7,2.9],[-32.8,3.1],[-32.9,2.5],[-33.2,2.1],[-33,2],[-32.2,2.1],[-32.6,1.5],[-32.9,1],[-33,0.5],[-32.8,0.4],[-32.6,0.5],[-32.4,0.7],[-31.4,1.4]]]]}},{"type":"Feature","properties":{},"geometry":{"type":"MultiPolygon","coordinates":[[[[-33.1,-1],[-33.2,-1.4],[-32.9,-1.6],[-32.7,-2.4],[-32.5,-3.4],[-32.4,-3.7],[-32.2,-3.8],[-32.3,-4],[-33.1,-3.6],[-33,-3],[-33.5,-3.2],[-34.4,-3.4],[-34.6,-2.7],[-34.9,-2.4],[-33.8,-1.7],[-33.1,-1]]]]}},{"type":"Feature","properties":{},"geometry":{"type":"MultiPolygon","coordinates":[[[[-31.3,6.3],[-30.8,7.1],[-30.3,7.3],[-30.1,7],[-30,6.3],[-30.4,6.1],[-31.3,6.3]]]]}},{"type":"Feature","properties":{},"geometry":{"type":"MultiPolygon","coordinates":[[[[-31.9,5.8],[-31.4,6.3],[-31.7,5.7],[-31.9,5.8]]]]}},{"type":"Feature","properties":{},"geometry":{"type":"MultiPolygon","coordinates":[[[[-34.1,4.8],[-34.1,4.2],[-34.2,3.6],[-34.5,3.6],[-34.9,3.9],[-35.1,4.2],[-35.1,4.5],[-35.1,4.6],[-35.2,4.7],[-35,4.8],[-34.6,4.8],[-34.5,4.9],[-34.1,4.8]]]]}},{"type":"Feature","properties":{},"geometry":{"type":"MultiPolygon","coordinates":[[[[-33.3,-4.4],[-34.2,-4.6],[-33.9,-4],[-33.4,-4.2],[-33.3,-4.4]]]]}},{"type":"Feature","properties":{},"geometry":{"type":"MultiPolygon","coordinates":[[[[-32.5,-1.5],[-32.5,-1.6],[-32.6,-1.5],[-32.5,-1.5]]]]}},{"type":"Feature","properties":{},"geometry":{"type":"MultiPolygon","coordinates":[[[[-33.8,4.3],[-33.9,4.1],[-34,4.1],[-33.8,4.3]]]]}},{"type":"Feature","properties":{},"geometry":{"type":"MultiPolygon","coordinates":[[[[-29.6,-21.4],[-30.2,-21.6],[-31,-21.3],[-30.8,-21.6],[-30.2,-21.8],[-30,-22],[-30,-22.2],[-30.2,-22.4],[-30.1,-22.6],[-31,-23],[-32.7,-23.8],[-33.8,-24.1],[-34.8,-24.5],[-35.7,-24.9],[-37.8,-26.3],[-38.2,-26.2],[-36.8,-24],[-36.6,-23.7],[-36.4,-23.6],[-35.6,-23.2],[-35,-22.8],[-34.5,-22.9],[-33.9,-22.7],[-33.2,-21.9],[-32.2,-21.3],[-31.9,-21.2],[-31.2,-21.1],[-30.8,-21],[-29.9,-21.1],[-29.6,-21.4]]]]}},{"type":"Feature","properties":{},"geometry":{"type":"MultiPolygon","coordinates":[[[[-27.6,-22.6],[-27.7,-22.6],[-27.5,-22.6],[-27.6,-22.6]]]]}},{"type":"Feature","properties":{},"geometry":{"type":"MultiPolygon","coordinates":[[[[45.3,-39.9],[45.3,-40.3],[45.7,-40.6],[46.3,-40.9],[47.2,-41.5],[48.9,-42.2],[50.7,-43.1],[53.7,-43.2],[54.2,-43.2],[56.1,-43.6],[57.8,-44.1],[60.4,-44.5],[63,-44.5],[65.6,-45.4],[65.2,-45.1],[64.7,-45.1],[63.8,-45.8],[62.8,-46.8],[61.5,-46.9],[59.8,-46.8],[58.5,-47],[57.4,-46.4],[57.2,-46.3],[55.7,-45.7],[54.9,-45.8],[54.1,-45.8],[54.2,-45.7],[53.9,-45.9],[54,-46.3],[53.4,-46.4],[53.2,-47.1],[53.7,-47],[54.5,-47.6],[55.4,-48.1],[55.6,-48.1],[55.7,-48.3],[56.2,-48.4],[56.5,-48.5],[56.8,-48.5],[57.9,-48.7],[58.1,-48.8],[58.2,-49.3],[58.6,-49.5],[59.6,-49.9],[59.6,-49.4],[59.7,-49.2],[59.4,-48.9],[60.1,-48.7],[60.3,-48.8],[60.5,-49.2],[60.8,-49.9],[60.9,-49.9],[61.2,-50.1],[61.5,-50.1],[62.1,-50.2],[62.5,-50],[63.6,-49.4],[64.6,-48.9],[64.4,-48.8],[64.8,-48.6],[64.7,-48.5],[64.6,-48.1],[65,-47.2],[65.1,-46.8],[65.2,-46.1],[65.1,-46],[65.3,-46],[65.2,-46.2],[65.6,-46.3],[66.3,-47.1],[69.4,-49.8],[72,-54.4],[70.8,-55.4],[70.6,-56.9],[68.2,-58.8],[67.3,-60],[62.2,-60.4],[62,-59],[58.7,-56.3],[56.2,-54.6],[53.4,-53.4],[51.2,-52.7],[49.8,-52],[48.8,-51.7],[47.9,-51.1],[47,-50.7],[45.4,-50.9],[44.8,-51.3],[45,-52.2],[43.3,-52.4],[40.3,-52.4],[38.9,-51.7],[37.6,-50.6],[37,-49.8],[37,-49.7],[37.4,-48.6],[37.5,-47.6],[37.4,-47.1],[37.4,-46.4],[37.3,-46.1],[37.3,-45.6],[37.4,-44.3],[37.3,-43.4],[37.2,-43],[38.1,-41.9],[39,-41.2],[39.9,-40.6],[40.8,-40.2],[43.4,-39.6],[45.3,-39.9]]]]}},{"type":"Feature","properties":{},"geometry":{"type":"MultiPolygon","coordinates":[[[[64.5,-45.5],[63.7,-46.3],[64.3,-45.6],[64.5,-45.5]]]]}},{"type":"Feature","properties":{},"geometry":{"type":"MultiPolygon","coordinates":[[[[53.4,-46.4],[53.5,-46.5],[53.4,-46.5],[53.4,-46.4]]]]}},{"type":"Feature","properties":{},"geometry":{"type":"MultiPolygon","coordinates":[[[[55.6,-32.9],[58.7,-35.1],[60.6,-36.9],[64.1,-37.5],[63.8,-39.1],[62.8,-40],[60.7,-40.9],[59.4,-39.9],[56.6,-40],[53,-39.4],[51,-37.7],[52.9,-34.4],[53.7,-33.2],[53.2,-32.7],[54.5,-32.6],[55.6,-32.9]]]]}},{"type":"Feature","properties":{},"geometry":{"type":"MultiPolygon","coordinates":[[[[78.7,-35.8],[74.4,-39],[70.8,-42.6],[68.3,-43],[65.3,-41.7],[64.6,-39.3],[67.9,-37.8],[74.3,-37],[75.8,-36.3],[78.7,-35.8]]]]}},{"type":"Feature","properties":{},"geometry":{"type":"MultiPolygon","coordinates":[[[[7.2,-42.7],[5.6,-40.8],[4.6,-38.8],[6.1,-38.9],[6.2,-39],[6.4,-39],[7.1,-39.1],[8.3,-39.1],[8.3,-39.2],[8.5,-39.3],[8.4,-39.7],[9.3,-39.9],[8.4,-40.7],[8.5,-41.3],[7,-42.1],[7.2,-42.7]]]]}},{"type":"Feature","properties":{},"geometry":{"type":"MultiPolygon","coordinates":[[[[99.5,-33.3],[100.3,-33.1],[101.7,-32.8],[103.8,-32.8],[105.9,-33.3],[105.5,-33.7],[104.1,-34],[103.2,-34.1],[102.5,-34.2],[101.5,-34.9],[100.6,-35.5],[99.9,-36.5],[99.1,-36.9],[98.7,-37.8],[97.3,-37.9],[96.7,-38.3],[95.8,-39],[94.9,-40.1],[94.4,-40.2],[94.2,-40.6],[93.7,-40.8],[93.1,-41.1],[93.2,-40.8],[92.1,-40.8],[91,-41.1],[91.6,-40.4],[92.9,-39],[93.9,-37.8],[94.9,-36.6],[96.5,-35.5],[97.7,-34.7],[98.7,-33.9],[99.5,-33.3]]]]}},{"type":"Feature","properties":{},"geometry":{"type":"MultiPolygon","coordinates":[[[[12.2,23.5],[12.7,23.7],[13.9,21.7],[15.2,21.2],[14.6,20.9],[13,20.9],[12.1,21.2],[11.3,21.4],[11.9,21.5],[12.9,21.5],[13.2,22.3],[12.8,22.3],[12.3,21.6],[12.1,22.3],[11.9,22.1],[11.6,22.6],[12.2,23.5]]]]}},{"type":"Feature","properties":{},"geometry":{"type":"MultiPolygon","coordinates":[[[[15.6,21.4],[20.7,22.6],[26,24.4],[28.9,25.3],[30.4,24.2],[31.3,23.9],[32.3,23.8],[33.9,24.2],[36.5,26.7],[39.3,27.1],[37.6,25.1],[36,23.2],[33.7,22.3],[29.6,21.1],[25.7,19.2],[22,19.6],[18.7,19],[17.7,19.2],[17.7,19.3],[16.2,19.2],[14.6,20.1],[12.7,20.3],[11.4,20.6],[12.8,20.3],[14,20.5],[15,20.6],[15.8,20.9],[16.8,20.8],[17.2,20.4],[17.6,20.2],[17.8,19.6],[17.8,19.3],[18.2,20.1],[18,20.5],[17.2,21.1],[15.7,21.3],[15.6,21.4]]]]}},{"type":"Feature","properties":{},"geometry":{"type":"MultiPolygon","coordinates":[[[[17.7,20.1],[17.9,19.9],[17.7,19.9],[17.7,20.1]]]]}},{"type":"Feature","properties":{},"geometry":{"type":"MultiPolygon","coordinates":[[[[-12.3,19.8],[-11.2,18.6],[-10.8,18.1],[-10.7,18],[-10.4,17.6],[-10.1,17.7],[-10.1,17.4],[-9.8,17.3],[-9.6,17.1],[-9.4,17.1],[-9.5,16.9],[-9.1,16.9],[-9,16.9],[-8.7,16.7],[-8.8,16.4],[-8.8,15.9],[-9.1,16.4],[-9.3,15.9],[-9.5,16.1],[-9.7,16.3],[-9.9,16.6],[-10.1,16.7],[-10.3,16.7],[-10.6,16.7],[-10.8,16.9],[-11.1,17.2],[-11.5,17.6],[-11.4,17.8],[-11.7,18.2],[-11.8,18.5],[-12.1,19],[-12.6,19.4],[-12.3,19.8]]]]}},{"type":"Feature","properties":{},"geometry":{"type":"MultiPolygon","coordinates":[[[[-8.7,16.4],[-8.5,16.4],[-8.3,16.5],[-8.1,16.3],[-7.8,16.1],[-7.4,16.1],[-6.9,16.2],[-5.8,16.6],[-6,16.4],[-5.8,16.4],[-6,16],[-6.2,15.7],[-6.1,15.5],[-6.2,15.5],[-6.5,15.6],[-6.9,15.4],[-6.8,15.3],[-6.9,15.1],[-7.7,15.1],[-7.9,15.3],[-8,15.5],[-8.1,15.4],[-8.4,15.6],[-8.8,15.8],[-8.7,16.4]]]]}},{"type":"Feature","properties":{},"geometry":{"type":"MultiPolygon","coordinates":[[[[-6.9,15.2],[-6.4,15.3],[-6.7,15.1],[-6.9,15.2]]]]}},{"type":"Feature","properties":{},"geometry":{"type":"MultiPolygon","coordinates":[[[[11.4,20.6],[12.9,20.3],[15.4,19.7],[16.3,19.3],[16.3,18.7],[16.3,19],[15.5,19.3],[15,19],[14.6,18.6],[14.2,18.7],[13.9,18.8],[13.4,18.8],[13.1,18.7],[12.6,19.2],[11.2,19.7],[11.4,20.6]]]]}},{"type":"Feature","properties":{},"geometry":{"type":"MultiPolygon","coordinates":[[[[10.7,20.2],[11,20.1],[11.1,19.8],[10.7,20.2]]]]}},{"type":"Feature","properties":{},"geometry":{"type":"MultiPolygon","coordinates":[[[[-127.4,-62.9],[-129,-63],[-130,-62.5],[-129.9,-61.5],[-129.5,-61.1],[-129.6,-60.8],[-131.1,-60.8],[-132.4,-61.3],[-132.5,-61.6],[-133,-61.9],[-133.8,-61.5],[-133,-61.1],[-134.6,-60.8],[-136.1,-60.7],[-137.1,-60.6],[-138.1,-60.3],[-138.2,-59.6],[-139.3,-59],[-140.5,-58.3],[-139.5,-55.2],[-139.5,-54.8],[-139.1,-54.7],[-138.6,-54.9],[-138.5,-54.8],[-138.5,-55.2],[-138.1,-54.9],[-137.5,-54.8],[-136.8,-55.3],[-136.5,-55.3],[-136.3,-55],[-136.1,-54.9],[-135.8,-55],[-135.6,-55.1],[-135.5,-55.2],[-134.7,-55],[-134.1,-55.2],[-133.4,-55.4],[-132.8,-55.4],[-132.6,-55.5],[-132.2,-55],[-131.8,-55.3],[-131.7,-54.8],[-132,-54.8],[-132.1,-54.7],[-131.7,-54.6],[-130.7,-54.2],[-130,-54.3],[-128.7,-54.4],[-128.8,-54.4],[-126.9,-54.3],[-125.7,-54.1],[-127.1,-60.4],[-127.4,-62.9]]]]}},{"type":"Feature","properties":{},"geometry":{"type":"MultiPolygon","coordinates":[[[[-139.4,-54.3],[-139.4,-53.9],[-139.4,-53.7],[-139.3,-53.7],[-139.2,-53.8],[-139.1,-54],[-139,-54.2],[-139.2,-54.4],[-139.4,-54.3]]]]}},{"type":"Feature","properties":{},"geometry":{"type":"MultiPolygon","coordinates":[[[[-132.3,-54.2],[-132.3,-54.6],[-132.8,-54.7],[-133.4,-54.6],[-134,-54.5],[-134.7,-54.6],[-134.9,-54.3],[-134.8,-54.2],[-133.4,-54.1],[-132.1,-54.3],[-132.3,-54.2]]]]}},{"type":"Feature","properties":{},"geometry":{"type":"MultiPolygon","coordinates":[[[[-136.6,-55.2],[-137,-55.2],[-137.3,-55.1],[-137.2,-54.9],[-137,-54.8],[-136.6,-54.9],[-136.5,-55.1],[-136.6,-55.2]]]]}},{"type":"Feature","properties":{},"geometry":{"type":"MultiPolygon","coordinates":[[[[-137.7,-54.6],[-138,-54.5],[-137.8,-54.2],[-137.7,-54.6]]]]}},{"type":"Feature","properties":{},"geometry":{"type":"MultiPolygon","coordinates":[[[[-136.9,-54.4],[-137.2,-54.4],[-137.2,-54.3],[-136.9,-54.4]]]]}},{"type":"Feature","properties":{},"geometry":{"type":"MultiPolygon","coordinates":[[[[-138.5,-54.2],[-138.6,-54.1],[-138.8,-54.2],[-138.4,-54.1],[-138.5,-54.2]]]]}},{"type":"Feature","properties":{},"geometry":{"type":"MultiPolygon","coordinates":[[[[-137,-54.7],[-136.9,-54.5],[-136.8,-54.6],[-137,-54.7]]]]}},{"type":"Feature","properties":{},"geometry":{"type":"MultiPolygon","coordinates":[[[[-136.3,-54.5],[-136.3,-54.3],[-136.2,-54.4],[-136.3,-54.5]]]]}},{"type":"Feature","properties":{},"geometry":{"type":"MultiPolygon","coordinates":[[[[-178.6,-41.6],[-179.2,-41.6],[-179,-41.5],[-178.9,-41.4],[-178.6,-41.6]]]]}},{"type":"Feature","properties":{},"geometry":{"type":"MultiPolygon","coordinates":[[[[168.1,-36.8],[169.3,-36.9],[169.6,-36.7],[169.7,-36.7],[169.9,-36.7],[170.1,-36.7],[170.3,-36.6],[172.5,-36.7],[173.8,-37],[172.3,-37.5],[172.2,-37.7],[172.3,-38],[171.7,-37.8],[171.3,-37.8],[170.9,-37.6],[170.5,-37.9],[170.2,-38.4],[169.4,-39],[168.5,-39.2],[168,-39.3],[167.5,-39.2],[167.1,-38.9],[167.1,-38.8],[166.7,-38.4],[166,-38.1],[166,-37.9],[165.9,-37.8],[166.5,-37.6],[166.6,-37.4],[166.6,-37.5],[166.7,-37.4],[166.8,-37.2],[166.9,-37.2],[167,-37.1],[167.4,-37.1],[167.8,-37.1],[168.1,-36.8]]]]}},{"type":"Feature","properties":{},"geometry":{"type":"MultiPolygon","coordinates":[[[[166.7,-39],[166.6,-39.1],[166.5,-39.3],[166,-39.3],[166.3,-39.2],[166.7,-39]]]]}},{"type":"Feature","properties":{},"geometry":{"type":"MultiPolygon","coordinates":[[[[163,-41.8],[162.9,-41.9],[162.7,-42],[162.6,-42],[163,-41.8]]]]}},{"type":"Feature","properties":{},"geometry":{"type":"MultiPolygon","coordinates":[[[[83.9,7.1],[84.2,6.7],[84.6,6.1],[84.9,5.3],[84.8,5],[84.8,4.8],[84.9,4.5],[85.1,4],[84.8,4.1],[84.9,3.7],[84.9,3.4],[85,3.2],[84.5,2.7],[83.9,2.3],[83.7,2.5],[83.6,5.6],[83.9,7.1]]]]}},{"type":"Feature","properties":{},"geometry":{"type":"MultiPolygon","coordinates":[[[[78.2,11.5],[78.2,10.7],[80.2,9.1],[82.3,7.7],[83.3,6.8],[84.3,3.1],[83,1.7],[82.9,1.8],[82.7,1.7],[82.6,1.8],[81.6,2.4],[79,4.2],[77.2,6.3],[77.1,9.1],[78,11.3],[78.2,11.5]]]]}},{"type":"Feature","properties":{},"geometry":{"type":"MultiPolygon","coordinates":[[[[76.4,5.6],[77.3,3.5],[76.7,3.7],[76.7,4],[76.8,4.4],[76.2,4.4],[76.1,5.9],[76.4,5.6]]]]}},{"type":"Feature","properties":{},"geometry":{"type":"MultiPolygon","coordinates":[[[[-39.2,18.1],[-39.6,18],[-39.7,18.5],[-39.8,19],[-39.7,19.6],[-39.5,20.6],[-40.1,20.3],[-39.6,21.1],[-39.1,20.6],[-39,19.4],[-38.9,18.7],[-39.2,18.1]]]]}},{"type":"Feature","properties":{},"geometry":{"type":"MultiPolygon","coordinates":[[[[112.7,4.7],[112.7,3.5],[112.7,2.5],[111.8,3.3],[111.7,3.5],[111.7,4.2],[111.7,5],[112.5,5.7],[112.7,4.7]]]]}},{"type":"Feature","properties":{},"geometry":{"type":"MultiPolygon","coordinates":[[[[135.6,-8],[137.3,-8.8],[138,-9.7],[137.8,-9.6],[137.1,-9.4],[136.4,-9.2],[136,-9.3],[135.7,-9.3],[135.4,-9.4],[135.1,-9.3],[135.2,-9.4],[135.1,-9.5],[134.8,-9.6],[134.7,-9.6],[134.5,-9.9],[134.7,-10.2],[134.3,-10.4],[134.1,-10.9],[133.3,-11.1],[134.2,-10.9],[134.3,-11.9],[133.3,-12.3],[131.8,-12.2],[130.9,-12.3],[130.3,-12.7],[130.3,-12.1],[130.2,-11.8],[129.5,-11.8],[129.4,-11.5],[128.7,-11.1],[128.5,-11],[128.4,-10.8],[128.2,-10.7],[128,-10.8],[127.8,-10.8],[127.7,-10.7],[127.6,-10.8],[127.5,-10.8],[127.3,-10.8],[127.1,-10.9],[126.8,-10.9],[125.3,-11.3],[125,-10.5],[126.8,-9.6],[128,-8.9],[131.1,-8.5],[133.9,-7.8],[135.6,-8]]]]}},{"type":"Feature","properties":{},"geometry":{"type":"MultiPolygon","coordinates":[[[[130.1,-13.1],[129.4,-13.2],[129.4,-12.5],[130.3,-12.5],[130.1,-13.1]]]]}},{"type":"Feature","properties":{},"geometry":{"type":"MultiPolygon","coordinates":[[[[14.2,-39.8],[13.4,-40.5],[13.2,-41],[12.5,-40.9],[11.3,-39.8],[11.3,-39.2],[11.7,-39.2],[12.2,-39.6],[13.6,-39.8],[14.2,-39.7],[14.2,-39.8]]]]}},{"type":"Feature","properties":{},"geometry":{"type":"MultiPolygon","coordinates":[[[[8.8,-41.6],[8.4,-41.9],[7.7,-42.5],[6.9,-42.4],[5.9,-41.9],[6.8,-41.8],[8.3,-40.9],[8.2,-40.5],[8.8,-41.6]]]]}},{"type":"Feature","properties":{},"geometry":{"type":"MultiPolygon","coordinates":[[[[37.7,-36.9],[37.8,-37],[38.1,-37.1],[38.6,-37.1],[39.1,-37.2],[38.3,-37.9],[37.3,-38.3],[36.5,-38.8],[35.3,-39.6],[34.5,-39.9],[34.1,-40.2],[32.5,-40.5],[32.1,-40.7],[31.1,-40.8],[28.9,-39.9],[27.9,-40],[27.3,-40.1],[27,-40],[26.6,-39.8],[26.5,-39.8],[26.1,-39.8],[25.8,-39.8],[26.2,-39.7],[25.8,-39.5],[25.6,-39.3],[25.7,-39.1],[25.3,-38.8],[25.2,-38.4],[25.6,-38.1],[26.6,-37.6],[27.2,-37.1],[28,-37.1],[29.2,-37],[30.3,-37.1],[31.5,-37],[34.8,-38.1],[36.8,-37.3],[37.7,-36.9]]]]}},{"type":"Feature","properties":{},"geometry":{"type":"MultiPolygon","coordinates":[[[[37.3,-36],[36.4,-36.4],[34.5,-37.4],[31.5,-36.3],[32.7,-36],[33.7,-35.5],[34.4,-35.3],[34.8,-35.6],[35.1,-35.7],[35.5,-35.8],[35.9,-35.7],[36.3,-35.8],[36.6,-35.8],[36.9,-35.9],[37.2,-35.9],[37.3,-36]]]]}},{"type":"Feature","properties":{},"geometry":{"type":"MultiPolygon","coordinates":[[[[-18.7,9.7],[-18.3,9.4],[-18.7,9.5],[-18.6,9.1],[-18.4,8.9],[-18.7,8.8],[-19.2,8.9],[-19.2,9.2],[-19.4,9.4],[-19.4,9.1],[-19.8,9.5],[-19.9,9.7],[-19.6,10],[-19.5,9.6],[-19.1,9.6],[-18.8,9.7],[-18.7,9.7]]]]}},{"type":"Feature","properties":{},"geometry":{"type":"MultiPolygon","coordinates":[[[[-17.3,8.9],[-16.9,8.2],[-17.3,8.1],[-17.5,8.2],[-17.8,8.4],[-17.9,8.5],[-17.8,9],[-18.4,8.6],[-18.2,8.9],[-18.1,9.3],[-17.3,8.9]]]]}},{"type":"Feature","properties":{},"geometry":{"type":"MultiPolygon","coordinates":[[[[50.6,-37.5],[52.4,-39.1],[55.8,-40.1],[58.9,-39.7],[60.1,-40.9],[58.1,-40.8],[55.6,-41],[53,-40.7],[51.6,-40.3],[50.3,-39.9],[49.1,-39.8],[46.6,-40],[44.8,-39.1],[43.1,-38.5],[41.9,-37.9],[41.4,-37.5],[41,-37.2],[40.7,-36.8],[41.2,-36.5],[43.1,-35.8],[44.1,-36.6],[45.4,-37.1],[46.9,-37.3],[48.2,-37.5],[50.6,-37.5]]]]}},{"type":"Feature","properties":{},"geometry":{"type":"MultiPolygon","coordinates":[[[[47.6,-35.9],[49.9,-34.9],[50.4,-34.5],[51.9,-33.1],[53.1,-32.9],[52.5,-34.1],[50.6,-37.5],[48.2,-37.5],[46.9,-37.3],[45.4,-37.1],[44.1,-36.6],[43.1,-35.8],[45,-35.3],[45.7,-35.8],[47,-35.9],[47.6,-35.9]]]]}},{"type":"Feature","properties":{},"geometry":{"type":"MultiPolygon","coordinates":[[[[13.5,-15.2],[13.9,-16.8],[13.6,-17],[13,-17.4],[12.1,-17.7],[11.3,-17.7],[11.2,-17.1],[11.9,-15.1],[12.4,-15],[13.2,-15.1],[13.5,-15.2]]]]}},{"type":"Feature","properties":{},"geometry":{"type":"MultiPolygon","coordinates":[[[[0.1,-37.1],[0.5,-37.5],[1.7,-37.9],[3.7,-39.2],[3.2,-39.2],[2.8,-38.9],[1.6,-38.3],[-0.2,-38],[-2.4,-37.3],[-3.6,-37],[-4.4,-36.7],[-3.2,-36.5],[-2.5,-36.8],[-0.3,-36.9],[0.1,-37.1]]]]}},{"type":"Feature","properties":{},"geometry":{"type":"MultiPolygon","coordinates":[[[[-6,-35.7],[-5.3,-36],[-5.2,-36.1],[-5,-36.3],[-4.8,-36.4],[-6,-36.3],[-7.2,-36.3],[-8.3,-35.8],[-8.9,-35.1],[-7.2,-34.3],[-7.2,-35.2],[-6.6,-35.6],[-6,-35.7]]]]}},{"type":"Feature","properties":{},"geometry":{"type":"MultiPolygon","coordinates":[[[[-7.1,-34.7],[-7.5,-34.4],[-7.9,-33.6],[-7.1,-33.3],[-7.4,-34.4],[-7.1,-34.7]]]]}},{"type":"Feature","properties":{},"geometry":{"type":"MultiPolygon","coordinates":[[[[12,-13.7],[12.5,-14],[13,-14.5],[13.4,-15.2],[12.6,-14.9],[12,-15.1],[11.3,-16.6],[11.1,-17.7],[11,-18.1],[9.2,-21],[7.8,-22],[7.8,-21.2],[9.4,-18.1],[10.4,-15],[12,-13.7]]]]}},{"type":"Feature","properties":{},"geometry":{"type":"MultiPolygon","coordinates":[[[[-41.9,16.9],[-42.5,16.3],[-43.4,16.2],[-44,15.8],[-45,15],[-45.6,14.6],[-45.5,15.4],[-45.8,16.1],[-46,17],[-45.8,18.7],[-45.5,20.1],[-45.1,21.7],[-44.9,21.4],[-44.8,20.8],[-44.1,20.7],[-43.9,21],[-43.8,20.6],[-43.7,19.5],[-43.1,17.5],[-41.8,17],[-41.9,16.9]]]]}},{"type":"Feature","properties":{},"geometry":{"type":"MultiPolygon","coordinates":[[[[-65.9,1.1],[-67.4,1.3],[-67.7,0.1],[-68,-1.3],[-68.9,-2.7],[-70,-4.3],[-71,-4.8],[-71.2,-3.9],[-71,-2.9],[-70,-0.9],[-69.7,-0.7],[-69.9,-0.6],[-69.7,-0.1],[-68.2,1.8],[-66.9,2.2],[-66.2,2.5],[-65.9,1.1]]]]}},{"type":"Feature","properties":{},"geometry":{"type":"MultiPolygon","coordinates":[[[[-41.6,23.2],[-41.1,23.4],[-40.7,22.5],[-40.5,21.5],[-40.7,21.1],[-41.1,21.9],[-41.3,22.6],[-41.6,23.2]]]]}},{"type":"Feature","properties":{},"geometry":{"type":"MultiPolygon","coordinates":[[[[82,10.1],[81.9,9.5],[82,9.1],[80.7,9.5],[79.3,10.4],[79.2,11.5],[80,11.4],[82,10.1]]]]}},{"type":"Feature","properties":{},"geometry":{"type":"MultiPolygon","coordinates":[[[[81.5,9.4],[81.7,9.3],[81.9,9.1],[82.1,8.9],[82.9,8],[83,7.9],[80.4,8.9],[78.5,10.4],[78.4,11.2],[79.7,10.3],[81.5,9.4]]]]}},{"type":"Feature","properties":{},"geometry":{"type":"MultiPolygon","coordinates":[[[[82.9,8],[83.1,7.8],[83.3,7.6],[83.7,7.5],[83,7.4],[82.2,8.2],[82.9,8]]]]}},{"type":"Feature","properties":{},"geometry":{"type":"MultiPolygon","coordinates":[[[[-39.8,18.7],[-39.4,18.6],[-39.8,18.1],[-39.8,18.7]]]]}},{"type":"Feature","properties":{},"geometry":{"type":"MultiPolygon","coordinates":[[[[3.2,-39.2],[-2.8,-39.5],[-8.4,-37.9],[-14.3,-36.5],[-14.4,-36.4],[-12.6,-35.3],[-10.1,-35.1],[-8.9,-35.1],[-8.1,-35.8],[-6.8,-36.4],[-5.7,-36.3],[-4.7,-36.5],[-4.5,-36.6],[-4.1,-36.7],[-3.1,-37.2],[-1.6,-37.7],[0.5,-38.2],[2.4,-38.6],[3.1,-39.2],[3.2,-39.2]]]]}},{"type":"Feature","properties":{},"geometry":{"type":"MultiPolygon","coordinates":[[[[-40.5,24.2],[-40,24.7],[-39.4,23.7],[-39.5,22.3],[-39.4,21.4],[-39.8,22],[-40,23.5],[-40.5,24.2]]]]}},{"type":"Feature","properties":{},"geometry":{"type":"MultiPolygon","coordinates":[[[[-45.9,17.5],[-46.5,18.4],[-47.1,16.9],[-47.8,16.8],[-48.4,16.3],[-49,16.6],[-48.5,17.4],[-47.8,18.9],[-47.5,20.5],[-48.1,22],[-48.7,23.3],[-48.1,23],[-47.5,22.6],[-46.7,22.1],[-45.7,21.8],[-45,20],[-45.4,18.5],[-45.9,17.5]]]]}},{"type":"Feature","properties":{},"geometry":{"type":"MultiPolygon","coordinates":[[[[-39.5,13.9],[-37.2,17.7],[-33.5,21.1],[-33.3,20.4],[-33.2,19.7],[-33.3,19.9],[-33.5,19.1],[-33.7,19.3],[-33.7,19.1],[-33.5,18.7],[-33.7,18.7],[-33.9,18],[-33.9,17.7],[-34.1,17.8],[-34.2,18],[-34.4,18],[-34.4,17.7],[-34.4,17.6],[-34.6,17.7],[-35.1,17.2],[-35.3,17.3],[-35.6,17.3],[-35.8,17.1],[-36.1,16.5],[-36.6,16.3],[-37,15.9],[-37.5,15.6],[-38.4,14.7],[-39.2,14],[-39.5,13.9]]]]}},{"type":"Feature","properties":{},"geometry":{"type":"MultiPolygon","coordinates":[[[[-152.8,-63.7],[-153,-63.9],[-153.1,-63.8],[-153.5,-63.9],[-153.7,-63.9],[-153.2,-64],[-153.8,-64.2],[-154,-64.2],[-153.9,-63.8],[-154.2,-63.7],[-154.3,-63.5],[-154.2,-63.4],[-153.9,-63.2],[-154.2,-63.2],[-154.6,-63.2],[-154.6,-63],[-153.7,-63],[-153.6,-63.1],[-153.6,-63.4],[-152.9,-63.4],[-152.8,-63.7]]]]}},{"type":"Feature","properties":{},"geometry":{"type":"MultiPolygon","coordinates":[[[[-152.7,-63.4],[-153.5,-62.7],[-153.5,-62.4],[-153.5,-62.3],[-153.2,-62.1],[-153.3,-62.2],[-153.3,-62.4],[-152.9,-62.6],[-152.8,-62.7],[-152.7,-62.7],[-152.3,-62.7],[-152.5,-62.9],[-152.5,-63],[-152.7,-63.2],[-152.7,-63.4]]]]}},{"type":"Feature","properties":{},"geometry":{"type":"MultiPolygon","coordinates":[[[[-152.7,-62.3],[-152.8,-62.2],[-152.9,-62.2],[-152.7,-62.3]]]]}},{"type":"Feature","properties":{},"geometry":{"type":"MultiPolygon","coordinates":[[[[-6.5,40.9],[-7.5,41.5],[-8.7,41.7],[-8,42.8],[-6.1,41.6],[-6.1,41],[-6.5,40.9]]]]}},{"type":"Feature","properties":{},"geometry":{"type":"MultiPolygon","coordinates":[[[[-5,41.3],[-2.7,41.9],[-4.4,40.8],[-5,41.3]]]]}},{"type":"Feature","properties":{},"geometry":{"type":"MultiPolygon","coordinates":[[[[-39.8,17.1],[-39,16.8],[-39.3,16.3],[-39.8,17.1]]]]}},{"type":"Feature","properties":{},"geometry":{"type":"MultiPolygon","coordinates":[[[[-39.4,17.8],[-39.2,18.1],[-38.9,18.7],[-36.8,21.2],[-36.6,21.2],[-38,19.7],[-39,17.7],[-39.4,17.8]]]]}},{"type":"Feature","properties":{},"geometry":{"type":"MultiPolygon","coordinates":[[[[-144.4,-41.4],[-145.2,-41.2],[-145,-40.9],[-145.2,-41],[-144.8,-40.6],[-144.7,-40.5],[-144.8,-40.3],[-145,-40.4],[-145,-40.5],[-144.7,-40.3],[-144.5,-40.5],[-144.5,-40.8],[-144.4,-40.8],[-144.2,-40.9],[-144.2,-41.2],[-144.3,-41.4],[-144.4,-41.4]]]]}},{"type":"Feature","properties":{},"geometry":{"type":"MultiPolygon","coordinates":[[[[-145.9,-41.1],[-146,-41.1],[-145.9,-41],[-145.6,-41.1],[-145.9,-41.1]]]]}},{"type":"Feature","properties":{},"geometry":{"type":"MultiPolygon","coordinates":[[[[-146.4,-41.1],[-146.4,-40.8],[-146.2,-40.7],[-146.1,-40.9],[-146.4,-41.1]]]]}},{"type":"Feature","properties":{},"geometry":{"type":"MultiPolygon","coordinates":[[[[-147,-40.9],[-146.8,-40.7],[-146.6,-40.8],[-147,-40.9]]]]}},{"type":"Feature","properties":{},"geometry":{"type":"MultiPolygon","coordinates":[[[[-147.7,-40.8],[-148.2,-40.7],[-147.6,-40.7],[-147.7,-40.8]]]]}},{"type":"Feature","properties":{},"geometry":{"type":"MultiPolygon","coordinates":[[[[-149.6,-40.6],[-149.7,-40.6],[-149.6,-40.3],[-149.5,-40.2],[-149.3,-40.3],[-149.5,-40.5],[-149.6,-40.6]]]]}},{"type":"Feature","properties":{},"geometry":{"type":"MultiPolygon","coordinates":[[[[-150,-40.6],[-150.2,-40.5],[-149.9,-40.4],[-150,-40.6]]]]}},{"type":"Feature","properties":{},"geometry":{"type":"MultiPolygon","coordinates":[[[[-150.5,-40.6],[-150.9,-40.4],[-150.5,-40.4],[-150.5,-40.6]]]]}},{"type":"Feature","properties":{},"geometry":{"type":"MultiPolygon","coordinates":[[[[-151.4,-40.6],[-151.5,-40.5],[-151.1,-40.5],[-151.4,-40.6]]]]}},{"type":"Feature","properties":{},"geometry":{"type":"MultiPolygon","coordinates":[[[[-152.3,-40.7],[-152.7,-40.8],[-152.9,-40.8],[-153,-40.9],[-153.5,-40.5],[-153.3,-40.4],[-153.2,-40.5],[-152.9,-40.5],[-152.7,-40.7],[-152.6,-40.6],[-152.7,-40.5],[-152.7,-40.3],[-152.6,-40.4],[-152.2,-40.5],[-152.3,-40.7]]]]}},{"type":"Feature","properties":{},"geometry":{"type":"MultiPolygon","coordinates":[[[[-153.9,-41.1],[-154,-41.1],[-154.3,-41],[-154.8,-41.6],[-154.5,-41.1],[-153.8,-41],[-153.9,-41.1]]]]}},{"type":"Feature","properties":{},"geometry":{"type":"MultiPolygon","coordinates":[[[[-155.9,-42.2],[-156.3,-42.2],[-156.1,-42.4],[-157.1,-43],[-156.8,-42.4],[-156.4,-42],[-156.4,-41.9],[-156.4,-41.7],[-156.3,-41.6],[-156,-41.6],[-155.9,-41.3],[-155.9,-41.2],[-155.7,-41.1],[-155.7,-41],[-155.7,-40.9],[-155.6,-41],[-155.4,-41],[-155.6,-41.1],[-155.7,-41.4],[-155.8,-41.5],[-156,-41.7],[-155.6,-41.7],[-155.2,-41.5],[-155.6,-41.8],[-156,-41.9],[-155.9,-42.2]]]]}},{"type":"Feature","properties":{},"geometry":{"type":"MultiPolygon","coordinates":[[[[-147.6,-40.6],[-147.8,-40.6],[-148.4,-40.6],[-148.8,-40.5],[-149.1,-40.5],[-149.2,-40.4],[-149.2,-40.2],[-149.1,-40.3],[-148.9,-40.4],[-148.7,-40.2],[-148.6,-40.2],[-148.5,-40.5],[-148.4,-40.3],[-148.6,-40.2],[-148.7,-40.2],[-148.9,-40.2],[-148.7,-40],[-148.5,-40],[-148.5,-39.9],[-148.2,-40],[-148.4,-40.2],[-148.3,-40.1],[-148.3,-40.2],[-148.2,-40.4],[-148,-40.4],[-147.8,-40.4],[-147.6,-40.4],[-147.7,-40.4],[-147.5,-40.5],[-147.6,-40.6]]]]}},{"type":"Feature","properties":{},"geometry":{"type":"MultiPolygon","coordinates":[[[[-153.2,-40.9],[-153.3,-40.9],[-153.6,-41],[-153.9,-40.8],[-154.2,-40.8],[-153.6,-40.6],[-153.6,-40.7],[-153.3,-40.7],[-153.2,-40.9]]]]}},{"type":"Feature","properties":{},"geometry":{"type":"MultiPolygon","coordinates":[[[[-156.9,-42.6],[-157.1,-42.4],[-157.1,-42.3],[-157.4,-42.4],[-157.6,-42.6],[-158,-42.5],[-157.7,-42.5],[-157.6,-42.3],[-157.4,-42.1],[-157.2,-42.2],[-157.1,-42],[-157.4,-42],[-157.4,-41.8],[-157,-41.9],[-156.8,-41.7],[-156.7,-41.7],[-156.8,-42],[-156.9,-42.6]]]]}},{"type":"Feature","properties":{},"geometry":{"type":"MultiPolygon","coordinates":[[[[-153.8,-40.5],[-154.1,-40.5],[-154.3,-40.6],[-154.3,-40.8],[-154.5,-40.8],[-154.8,-40.7],[-154.7,-40.6],[-154.7,-40.3],[-154.7,-40.5],[-154.4,-40.5],[-154.5,-40.2],[-154.1,-40.2],[-154,-40.3],[-153.8,-40.5]]]]}},{"type":"Feature","properties":{},"geometry":{"type":"MultiPolygon","coordinates":[[[[-157.6,-43.2],[-157.6,-42.9],[-157.4,-42.7],[-157.2,-43.2],[-157.6,-43.2]]]]}},{"type":"Feature","properties":{},"geometry":{"type":"MultiPolygon","coordinates":[[[[-155.3,-41.8],[-155.4,-41.7],[-155.1,-41.5],[-155.3,-41.8]]]]}},{"type":"Feature","properties":{},"geometry":{"type":"MultiPolygon","coordinates":[[[[-153.3,-40.1],[-153.6,-40.3],[-153.8,-40.5],[-153.4,-40.1],[-153.3,-40.1]]]]}},{"type":"Feature","properties":{},"geometry":{"type":"MultiPolygon","coordinates":[[[[-153.3,-40.1],[-153.3,-39.9],[-153.1,-39.8],[-152.9,-39.8],[-153.1,-40],[-153.3,-40.1]]]]}},{"type":"Feature","properties":{},"geometry":{"type":"MultiPolygon","coordinates":[[[[-146.6,-40.2],[-146.7,-40.2],[-147.1,-40.3],[-147.3,-40.2],[-147,-40.2],[-146.9,-40],[-146.6,-40],[-146.6,-40.2]]]]}},{"type":"Feature","properties":{},"geometry":{"type":"MultiPolygon","coordinates":[[[[-154.9,-41.2],[-154.9,-41.3],[-155.2,-41.4],[-155.5,-41.4],[-155.4,-41.2],[-155.1,-41.1],[-155.2,-41],[-154.9,-41.2]]]]}},{"type":"Feature","properties":{},"geometry":{"type":"MultiPolygon","coordinates":[[[[-154.7,-41],[-154.9,-41],[-155.1,-41],[-155.3,-40.9],[-155.1,-40.9],[-154.9,-40.9],[-154.7,-40.8],[-154.7,-41]]]]}},{"type":"Feature","properties":{},"geometry":{"type":"MultiPolygon","coordinates":[[[[-149.1,-39.9],[-149.3,-40],[-149.4,-40],[-149.3,-40.2],[-149.7,-39.8],[-149.3,-39.9],[-149.1,-39.9]]]]}},{"type":"Feature","properties":{},"geometry":{"type":"MultiPolygon","coordinates":[[[[-147.2,-40.6],[-147.5,-40.7],[-147.2,-40.3],[-147,-40.5],[-147.2,-40.6]]]]}},{"type":"Feature","properties":{},"geometry":{"type":"MultiPolygon","coordinates":[[[[-150.2,-40.3],[-150.5,-40.2],[-150.5,-40.1],[-150.4,-40],[-150.4,-40.2],[-150.1,-40.2],[-150.2,-40.3]]]]}},{"type":"Feature","properties":{},"geometry":{"type":"MultiPolygon","coordinates":[[[[-146.7,-40.4],[-147,-40.5],[-146.9,-40.3],[-146.6,-40.2],[-146.7,-40.4]]]]}},{"type":"Feature","properties":{},"geometry":{"type":"MultiPolygon","coordinates":[[[[-149.8,-40.4],[-150.4,-40.4],[-150.2,-40.3],[-150,-40.3],[-149.8,-40.2],[-149.8,-40.4]]]]}},{"type":"Feature","properties":{},"geometry":{"type":"MultiPolygon","coordinates":[[[[-156.4,-41.6],[-156.6,-41.5],[-156.7,-41.4],[-156.5,-41.3],[-156.5,-41.2],[-156.3,-41.3],[-156.4,-41.6]]]]}},{"type":"Feature","properties":{},"geometry":{"type":"MultiPolygon","coordinates":[[[[-156.6,-42],[-156.7,-41.9],[-156.6,-41.8],[-156.5,-41.9],[-156.6,-42]]]]}},{"type":"Feature","properties":{},"geometry":{"type":"MultiPolygon","coordinates":[[[[-150.8,-40.1],[-151,-40],[-151,-39.8],[-150.8,-40.1]]]]}},{"type":"Feature","properties":{},"geometry":{"type":"MultiPolygon","coordinates":[[[[-147.1,-40.1],[-147.4,-40],[-147.3,-40],[-147.1,-39.9],[-147.1,-40.1]]]]}},{"type":"Feature","properties":{},"geometry":{"type":"MultiPolygon","coordinates":[[[[-149.7,-39.8],[-149.9,-39.8],[-150.1,-39.8],[-149.9,-39.6],[-149.7,-39.8]]]]}},{"type":"Feature","properties":{},"geometry":{"type":"MultiPolygon","coordinates":[[[[-148.6,-39.9],[-148.9,-39.9],[-148.6,-39.8],[-148.6,-39.9]]]]}},{"type":"Feature","properties":{},"geometry":{"type":"MultiPolygon","coordinates":[[[[-147.6,-40.1],[-147.7,-40.1],[-147.7,-40],[-147.6,-40.1]]]]}},{"type":"Feature","properties":{},"geometry":{"type":"MultiPolygon","coordinates":[[[[-147.9,-40.3],[-148,-40.1],[-147.9,-40.2],[-147.9,-40.3]]]]}},{"type":"Feature","properties":{},"geometry":{"type":"MultiPolygon","coordinates":[[[[-151.5,-39.9],[-151.7,-39.6],[-151.6,-39.7],[-151.5,-39.9]]]]}},{"type":"Feature","properties":{},"geometry":{"type":"MultiPolygon","coordinates":[[[[-146.4,-40.4],[-146.7,-40.5],[-146.5,-40.3],[-146.4,-40.4]]]]}},{"type":"Feature","properties":{},"geometry":{"type":"MultiPolygon","coordinates":[[[[-150.7,-39.8],[-150.9,-39.8],[-151.2,-39.6],[-150.7,-39.8]]]]}},{"type":"Feature","properties":{},"geometry":{"type":"MultiPolygon","coordinates":[[[[-147.8,-40.1],[-148.1,-40],[-148.1,-39.8],[-147.8,-40.1]]]]}},{"type":"Feature","properties":{},"geometry":{"type":"MultiPolygon","coordinates":[[[[-151.8,-40.3],[-151.9,-40.4],[-151.9,-40.2],[-151.8,-40.3]]]]}},{"type":"Feature","properties":{},"geometry":{"type":"MultiPolygon","coordinates":[[[[-150.1,-40.1],[-150.3,-40.1],[-150.2,-40],[-150.1,-40],[-150,-40],[-150.1,-40.1]]]]}},{"type":"Feature","properties":{},"geometry":{"type":"MultiPolygon","coordinates":[[[[-151.3,-40.4],[-151.5,-40.4],[-151.5,-40.3],[-151.3,-40.4]]]]}},{"type":"Feature","properties":{},"geometry":{"type":"MultiPolygon","coordinates":[[[[-152.2,-40.2],[-152.4,-40.1],[-152.1,-40.1],[-152.2,-40.2]]]]}},{"type":"Feature","properties":{},"geometry":{"type":"MultiPolygon","coordinates":[[[[-153.8,-40.3],[-154,-40.2],[-153.8,-40.1],[-153.8,-40.3]]]]}},{"type":"Feature","properties":{},"geometry":{"type":"MultiPolygon","coordinates":[[[[-146.1,-40.4],[-146.3,-40.3],[-146.2,-40.3],[-146.1,-40.4]]]]}},{"type":"Feature","properties":{},"geometry":{"type":"MultiPolygon","coordinates":[[[[100,-38.7],[100.9,-37.8],[102.3,-36.6],[102,-37.5],[101.7,-38.3],[100.4,-40.7],[100,-38.7]]]]}},{"type":"Feature","properties":{},"geometry":{"type":"MultiPolygon","coordinates":[[[[100.5,-36.9],[102.1,-35.8],[100.3,-38.5],[100.6,-37],[100.5,-36.9]]]]}},{"type":"Feature","properties":{},"geometry":{"type":"MultiPolygon","coordinates":[[[[102.1,-35.8],[103.8,-34.8],[106.2,-35.6],[103.9,-36.2],[102.3,-36.6],[100.9,-37.8],[102.1,-35.8]]]]}},{"type":"Feature","properties":{},"geometry":{"type":"MultiPolygon","coordinates":[[[[118,-27.5],[120.7,-25.4],[121.8,-24.3],[123.4,-22.5],[122.7,-23.7],[121.4,-25.3],[121.2,-25.4],[121.1,-25.9],[120.4,-26.8],[119.9,-28.1],[118.7,-29.8],[118.3,-29.8],[118.2,-29.2],[118.1,-27.9],[118,-27.5]]]]}},{"type":"Feature","properties":{},"geometry":{"type":"MultiPolygon","coordinates":[[[[120.8,-21.7],[123.4,-21.1],[123.4,-22.5],[121.8,-24.3],[120.7,-25.4],[118,-27.5],[118.5,-26.9],[118.9,-26.6],[118.9,-26.3],[119.3,-25.1],[119.5,-24.7],[119.8,-24.4],[119.9,-24.2],[120.2,-23.6],[120.3,-23.2],[119.8,-23.3],[120.2,-22.5],[120.8,-21.7]]]]}},{"type":"Feature","properties":{},"geometry":{"type":"MultiPolygon","coordinates":[[[[-40.1,39.1],[-40.4,39],[-40.7,39],[-40.8,39.2],[-40.3,39.1],[-40.1,39.1]]]]}},{"type":"Feature","properties":{},"geometry":{"type":"MultiPolygon","coordinates":[[[[-40,39.9],[-40.3,39.7],[-40.7,39.4],[-40.9,39.4],[-41,39.2],[-41.2,39.2],[-41.3,39.2],[-41.3,39],[-41.5,39.1],[-41.7,39.1],[-41.7,39],[-41.9,39],[-41.9,39.1],[-41.5,39.2],[-41.7,39.3],[-41.6,39.3],[-41.3,39.3],[-41.4,39.6],[-41.2,39.5],[-40.9,39.9],[-40.2,39.8],[-40,39.9]]]]}},{"type":"Feature","properties":{},"geometry":{"type":"MultiPolygon","coordinates":[[[[-37.6,40.5],[-38,40.5],[-38.5,40.3],[-38.7,40.4],[-38.8,40.5],[-38.7,40.6],[-38.5,40.5],[-37.8,40.8],[-37.6,40.7],[-37.6,40.5]]]]}},{"type":"Feature","properties":{},"geometry":{"type":"MultiPolygon","coordinates":[[[[-40.9,38.7],[-41.2,38.8],[-40.6,38.9],[-40.6,38.8],[-40.9,38.7]]]]}},{"type":"Feature","properties":{},"geometry":{"type":"MultiPolygon","coordinates":[[[[-39.1,39.9],[-39.6,39.7],[-39.6,39.9],[-39.8,39.9],[-39.2,40.2],[-39,40.3],[-39.1,39.9]]]]}},{"type":"Feature","properties":{},"geometry":{"type":"MultiPolygon","coordinates":[[[[-43.4,37],[-44.2,36.7],[-44.1,36.9],[-43.9,37],[-43.6,37.1],[-43.4,37]]]]}},{"type":"Feature","properties":{},"geometry":{"type":"MultiPolygon","coordinates":[[[[-39.2,40.4],[-39.4,40.1],[-39.7,40.2],[-40,40.2],[-40.1,40.2],[-40.2,40.4],[-40.1,40.4],[-39.8,40.3],[-39.6,40.4],[-39.3,40.5],[-39.2,40.4]]]]}},{"type":"Feature","properties":{},"geometry":{"type":"MultiPolygon","coordinates":[[[[-42.8,37.8],[-43.6,37.3],[-43.2,37.6],[-43.1,37.6],[-42.9,37.8],[-42.8,37.8]]]]}},{"type":"Feature","properties":{},"geometry":{"type":"MultiPolygon","coordinates":[[[[-39.9,39.4],[-40.2,39.2],[-40.4,39.2],[-40.1,39.5],[-39.9,39.4]]]]}},{"type":"Feature","properties":{},"geometry":{"type":"MultiPolygon","coordinates":[[[[-41.3,39.7],[-41.6,39.6],[-41.9,39.5],[-41.5,39.7],[-41.3,39.7]]]]}},{"type":"Feature","properties":{},"geometry":{"type":"MultiPolygon","coordinates":[[[[-42.6,38],[-42.7,37.9],[-42.9,38.1],[-42.6,38]]]]}},{"type":"Feature","properties":{},"geometry":{"type":"MultiPolygon","coordinates":[[[[-40.2,39.8],[-40.4,40.1],[-40.2,40],[-40.2,39.8]]]]}},{"type":"Feature","properties":{},"geometry":{"type":"MultiPolygon","coordinates":[[[[-43.9,36.5],[-44.3,36.5],[-44,36.6],[-43.9,36.5]]]]}},{"type":"Feature","properties":{},"geometry":{"type":"MultiPolygon","coordinates":[[[[102.1,-37.3],[103.2,-36.5],[106.4,-35.7],[106.1,-36.3],[103.3,-37.6],[102.1,-37.3]]]]}},{"type":"Feature","properties":{},"geometry":{"type":"MultiPolygon","coordinates":[[[[115.2,-27.2],[113.9,-29],[113.7,-28.3],[115.2,-27.2]]]]}},{"type":"Feature","properties":{},"geometry":{"type":"MultiPolygon","coordinates":[[[[-51.4,18.5],[-53.3,16],[-53.3,17],[-53.8,16.8],[-54.5,16.5],[-55.5,15.9],[-57.1,14.8],[-56.3,15.5],[-55.7,16.1],[-54.9,17],[-54.9,17.5],[-54.5,18],[-53.9,17.6],[-53.1,18.6],[-52.5,18.4],[-51.8,19.4],[-51.4,18.5]]]]}},{"type":"Feature","properties":{},"geometry":{"type":"MultiPolygon","coordinates":[[[[-40.6,18.6],[-40.1,20.3],[-39.7,20.6],[-39.8,19.9],[-40.4,18.7],[-40.6,18.6]]]]}},{"type":"Feature","properties":{},"geometry":{"type":"MultiPolygon","coordinates":[[[[73.9,16.4],[74.1,13.9],[75.1,12],[74.9,9.2],[74.3,7.9],[74.5,6.6],[74.6,5.8],[73.1,8.9],[73.7,11.5],[73.6,13.9],[73.9,16.4]]]]}},{"type":"Feature","properties":{},"geometry":{"type":"MultiPolygon","coordinates":[[[[111.6,-31.3],[112,-31.2],[111.1,-32.1],[111.6,-31.3]]]]}},{"type":"Feature","properties":{},"geometry":{"type":"MultiPolygon","coordinates":[[[[112.1,-26.6],[113.8,-25.6],[114.4,-25.3],[115.1,-24.9],[116,-24.5],[117.3,-24],[117.1,-24.4],[116.6,-24.8],[116.1,-24.9],[115.9,-25.1],[115.4,-25.3],[115.7,-25.4],[115.3,-25.7],[115.1,-25.9],[114.9,-25.9],[114.6,-26.2],[114.2,-26.2],[114.4,-26.5],[114.1,-26.6],[114,-26.8],[114,-26.9],[113.7,-27],[113.6,-27.2],[113.3,-27.5],[113.1,-28.1],[113.2,-28.1],[112.8,-28.8],[112.5,-29],[112.2,-29.4],[111.9,-29.8],[112.1,-26.6]]]]}},{"type":"Feature","properties":{},"geometry":{"type":"MultiPolygon","coordinates":[[[[117.3,-24],[117.6,-23.8],[117.4,-24.1],[117.3,-24]]]]}},{"type":"Feature","properties":{},"geometry":{"type":"MultiPolygon","coordinates":[[[[80.4,12.7],[82.7,10.4],[82.6,10.3],[82.3,10.1],[82,9.9],[81.7,10],[79.6,11.8],[79.5,13.1],[80.4,12.7]]]]}},{"type":"Feature","properties":{},"geometry":{"type":"MultiPolygon","coordinates":[[[[-39,16.8],[-39.5,17.6],[-39,17.7],[-38,19.7],[-36.6,21.2],[-36.1,21.8],[-36,21.2],[-36.8,20.3],[-38.3,18.2],[-38.9,16.8],[-39,16.8]]]]}},{"type":"Feature","properties":{},"geometry":{"type":"MultiPolygon","coordinates":[[[[15,-37.4],[14.7,-36.4],[16.4,-37],[16.6,-37.8],[15.6,-37.1],[15,-37.3],[15,-37.4]]]]}},{"type":"Feature","properties":{},"geometry":{"type":"MultiPolygon","coordinates":[[[[-54,5.2],[-54.5,4],[-55.2,2.2],[-55,2.1],[-55.9,0.5],[-56.2,0.6],[-57.3,0.7],[-56.9,1.5],[-56.5,1.8],[-56.9,2],[-55.6,3],[-54.3,5.1],[-54,5.2]]]]}},{"type":"Feature","properties":{},"geometry":{"type":"MultiPolygon","coordinates":[[[[1.5,50],[-0.4,53.1],[0,53.2],[1.3,53.2],[1.5,52.8],[3.6,52.5],[5.3,53],[7.1,53.5],[8.8,53.9],[9.3,54.1],[10.2,54.3],[9.1,53.3],[5.4,51],[1.5,50]]]]}},{"type":"Feature","properties":{},"geometry":{"type":"MultiPolygon","coordinates":[[[[3.1,35.7],[6.7,39.6],[6.5,42.4],[8.4,41.6],[8.6,40.4],[7.7,39.1],[4.7,36.5],[3.1,35.7]]]]}},{"type":"Feature","properties":{},"geometry":{"type":"MultiPolygon","coordinates":[[[[-17.4,15.8],[-17.1,15.8],[-16.9,15.3],[-16.8,15.2],[-16.9,15],[-17,15.1],[-17.1,15.2],[-17.3,15.6],[-17.4,15.7],[-17.4,15.8]]]]}},{"type":"Feature","properties":{},"geometry":{"type":"MultiPolygon","coordinates":[[[[-16.8,17.5],[-16.8,17.2],[-17.2,17.6],[-16.8,17.5]]]]}},{"type":"Feature","properties":{},"geometry":{"type":"MultiPolygon","coordinates":[[[[-17,17.9],[-17.2,17.7],[-17.6,18],[-17,17.9]]]]}},{"type":"Feature","properties":{},"geometry":{"type":"MultiPolygon","coordinates":[[[[-17.4,15.4],[-17.3,15.2],[-17.3,14.9],[-17.5,15.3],[-17.4,15.4]]]]}},{"type":"Feature","properties":{},"geometry":{"type":"MultiPolygon","coordinates":[[[[-16.6,16.9],[-16.5,16.8],[-16.7,17.1],[-16.6,16.9]]]]}},{"type":"Feature","properties":{},"geometry":{"type":"MultiPolygon","coordinates":[[[[-17.6,16.4],[-17.1,16.8],[-17.5,16.4],[-17.6,16.4]]]]}},{"type":"Feature","properties":{},"geometry":{"type":"MultiPolygon","coordinates":[[[[-17.8,16.7],[-17.6,16.7],[-17.7,16.7],[-17.8,16.7]]]]}},{"type":"Feature","properties":{},"geometry":{"type":"MultiPolygon","coordinates":[[[[-31.6,10.7],[-31.6,11.1],[-31.3,11.4],[-31,11.3],[-31.4,10.8],[-31.6,10.7]]]]}},{"type":"Feature","properties":{},"geometry":{"type":"MultiPolygon","coordinates":[[[[-32.2,11],[-32.9,11.7],[-32.7,11.8],[-33.2,12.5],[-32.9,12.3],[-32.7,12.6],[-32.2,12.3],[-31.9,12.3],[-32,11.7],[-32.1,11.4],[-32.2,11]]]]}},{"type":"Feature","properties":{},"geometry":{"type":"MultiPolygon","coordinates":[[[[-25.7,11.1],[-26,10.2],[-26.1,10],[-26.3,9.6],[-26.4,9.6],[-26.6,9.5],[-26.7,9.5],[-26.9,9.6],[-27.1,9.4],[-27.4,9.7],[-27.4,10.1],[-27.2,10.5],[-26.8,10.3],[-26.5,10.4],[-26.7,10.6],[-26.8,10.7],[-26.9,10.8],[-27.1,11.1],[-27,11.1],[-26.8,11.5],[-26.5,11.3],[-26.6,11.5],[-26.4,11.6],[-26.1,11.5],[-25.9,12.1],[-25.6,11.9],[-25.5,12.1],[-25.7,11.2],[-25.7,11.1]]]]}},{"type":"Feature","properties":{},"geometry":{"type":"MultiPolygon","coordinates":[[[[-31.1,13.2],[-31.7,13],[-32.3,12.8],[-32.1,13.3],[-32.6,13.2],[-32.8,13.3],[-33.1,13.3],[-33,13.5],[-33.1,13.6],[-33,13.9],[-32.8,14.1],[-32.2,13.7],[-31.4,13.3],[-31.3,13.3],[-31.1,13.2]]]]}},{"type":"Feature","properties":{},"geometry":{"type":"MultiPolygon","coordinates":[[[[-28.2,11.8],[-28.2,11.4],[-28.2,11.1],[-28.6,10.5],[-28.9,10.5],[-28.8,11.3],[-28.9,11.7],[-28.6,11.6],[-28.7,11.8],[-28.6,12],[-28.2,11.8]]]]}},{"type":"Feature","properties":{},"geometry":{"type":"MultiPolygon","coordinates":[[[[-28.1,9.8],[-28.5,10],[-28.2,10.2],[-28.1,10.7],[-27.8,10.5],[-27.9,10.1],[-28.1,9.8]]]]}},{"type":"Feature","properties":{},"geometry":{"type":"MultiPolygon","coordinates":[[[[-30.5,12],[-30.8,12.6],[-30.1,12.2],[-30.3,12.1],[-30.5,12]]]]}},{"type":"Feature","properties":{},"geometry":{"type":"MultiPolygon","coordinates":[[[[-29.5,12.4],[-30,12.7],[-30,13],[-29.5,12.4]]]]}},{"type":"Feature","properties":{},"geometry":{"type":"MultiPolygon","coordinates":[[[[-28.2,9.8],[-28,9.5],[-28.5,9.6],[-28.2,9.8]]]]}},{"type":"Feature","properties":{},"geometry":{"type":"MultiPolygon","coordinates":[[[[-17.3,8.9],[-18.1,9.4],[-18.3,9.5],[-18.6,9.7],[-19.4,10.3],[-19.2,10.5],[-18.8,10.4],[-18.3,10.3],[-17.7,10.2],[-17.7,9.8],[-17.3,9],[-17.3,8.9]]]]}},{"type":"Feature","properties":{},"geometry":{"type":"MultiPolygon","coordinates":[[[[-19.4,11.2],[-18.9,11.3],[-19,11.4],[-18.9,11.6],[-18.7,11.5],[-18.6,11.6],[-18.4,11.7],[-18.1,11.8],[-17.9,11.1],[-18.1,10.9],[-18.4,10.7],[-18.9,10.5],[-19.1,10.8],[-19.4,11.2]]]]}},{"type":"Feature","properties":{},"geometry":{"type":"MultiPolygon","coordinates":[[[[-16.6,10],[-16.6,9.7],[-17.4,9.8],[-16.6,10]]]]}},{"type":"Feature","properties":{},"geometry":{"type":"MultiPolygon","coordinates":[[[[-17.7,10.2],[-17.3,10.1],[-17.6,9.9],[-17.7,10.2]]]]}},{"type":"Feature","properties":{},"geometry":{"type":"MultiPolygon","coordinates":[[[[101.3,-35.1],[105.1,-32.5],[107.1,-31.5],[109.8,-29.4],[111.2,-27],[112.1,-26.6],[112,-29],[111.7,-30.2],[111.2,-30.5],[111.3,-30.8],[111.2,-31.2],[111.1,-31.6],[110.3,-32.7],[107.3,-35.4],[105.5,-34.9],[103.4,-34.8],[101.9,-36],[100.7,-36.3],[101,-35.7],[101.3,-35.1]]]]}},{"type":"Feature","properties":{},"geometry":{"type":"MultiPolygon","coordinates":[[[[77.4,5.1],[79.2,4],[82.5,1.6],[82.7,1.4],[82.5,1.2],[82.5,1.1],[82.3,0.8],[82.1,0.6],[80.9,-0.1],[81,1.1],[80.5,1.3],[80.1,1.7],[79.5,1.6],[79.6,2],[79.4,2.3],[79,1.9],[78.9,2.5],[78.9,2.7],[78.4,3.2],[78.1,3.3],[78,3.4],[77.9,3.5],[77.6,3.7],[76.4,5.6],[77.4,5.1]]]]}},{"type":"Feature","properties":{},"geometry":{"type":"MultiPolygon","coordinates":[[[[84.7,-4.8],[84.5,-4.8],[84.2,-4.6],[84.7,-4.8]]]]}},{"type":"Feature","properties":{},"geometry":{"type":"MultiPolygon","coordinates":[[[[80,1.5],[79.9,1.2],[79.9,1.6],[80,1.5]]]]}},{"type":"Feature","properties":{},"geometry":{"type":"MultiPolygon","coordinates":[[[[-73.3,-36],[-74,-36.1],[-74.4,-36],[-74.8,-36.5],[-75.7,-36.7],[-76.4,-36],[-77.5,-34.8],[-76,-32.9],[-74.1,-31.8],[-72,-30.7],[-70.3,-29.6],[-69,-29.3],[-68.6,-29.1],[-68,-28.9],[-67.1,-29.4],[-69.5,-31.9],[-73.3,-36]]]]}},{"type":"Feature","properties":{},"geometry":{"type":"MultiPolygon","coordinates":[[[[115.1,-24],[115.8,-23.7],[118.2,-22.7],[119.5,-22.3],[119.3,-23],[118.8,-23.4],[118.3,-24.1],[118.1,-24],[117.9,-24.3],[117.6,-24.5],[117.4,-24.5],[117,-24.8],[116.2,-25.1],[115.7,-25.6],[115.3,-26],[115.1,-26.1],[115.1,-26.3],[114.9,-26.5],[114.8,-26.7],[114.5,-26.8],[114.2,-27.3],[114.2,-27.5],[112.6,-27.2],[113.1,-26.9],[113.7,-26],[114.6,-25.4],[114.9,-25.2],[115,-24.4],[115.1,-24]]]]}},{"type":"Feature","properties":{},"geometry":{"type":"MultiPolygon","coordinates":[[[[-64.8,-30.8],[-65.1,-31.4],[-65.1,-31.8],[-65.2,-32.3],[-65.4,-32.6],[-65.6,-32.9],[-65.9,-33.3],[-66.4,-33.7],[-66.7,-34.2],[-67,-34.7],[-69.3,-34.7],[-73.1,-35],[-75.2,-35],[-76.8,-35],[-76.7,-34.7],[-77.2,-34.7],[-77.3,-34.6],[-77.4,-33.8],[-76.7,-33.6],[-75.9,-33.4],[-75.3,-33.2],[-74.4,-33.3],[-73.3,-33.1],[-72.8,-33.5],[-72.6,-33.5],[-72.3,-33.4],[-71.9,-33.4],[-71.5,-33.1],[-71.2,-33.1],[-70.8,-33.4],[-70.6,-33.4],[-70.2,-33.5],[-70.1,-33.5],[-70,-33.3],[-69.7,-33.4],[-69.3,-33.4],[-69.1,-33.4],[-68.9,-33.4],[-68.9,-33.3],[-68.7,-33.3],[-68.8,-33.1],[-68.9,-32.9],[-68.7,-32.8],[-68.3,-32.6],[-67.6,-32],[-67.2,-31.9],[-66.8,-31.4],[-66.5,-31.4],[-66.5,-30.9],[-66,-30.6],[-64.9,-30.5],[-64.8,-30.7],[-64.8,-30.8]]]]}},{"type":"Feature","properties":{},"geometry":{"type":"MultiPolygon","coordinates":[[[[-170.4,-58.2],[-170.3,-54.3],[-167.3,-54.4],[-166.1,-54.7],[-165.7,-55.1],[-166.2,-55.6],[-165.8,-56.1],[-165.5,-56.4],[-165.2,-56.6],[-164.6,-57.1],[-163.1,-58],[-158.6,-57.2],[-157.1,-56.8],[-156.5,-57.2],[-156,-57.2],[-155.3,-56.9],[-154.7,-57],[-154.2,-56.8],[-153.8,-56.7],[-153.5,-56.7],[-153.2,-56.3],[-152.7,-56.4],[-153.2,-56.6],[-151.8,-56.6],[-151.3,-56.8],[-150.8,-56.6],[-150.4,-57],[-149.9,-57],[-149.4,-57],[-149.1,-57],[-148.4,-57],[-148.2,-57.2],[-147.9,-57.3],[-147.5,-57.2],[-147.6,-57.5],[-147.2,-57.6],[-146.8,-57.6],[-146.4,-57.7],[-145.9,-57.7],[-145.5,-58.1],[-144.9,-58.2],[-143.9,-58.6],[-143.4,-59],[-143.8,-59.2],[-143.8,-58.9],[-144.2,-58.9],[-145.6,-58.6],[-146,-58.7],[-146.2,-58.5],[-146.5,-58.4],[-146.6,-58.1],[-147.8,-57.9],[-148.5,-57.6],[-149.1,-57.8],[-149.8,-58.1],[-149.4,-58.2],[-149.6,-58.5],[-150,-58.5],[-150,-58.2],[-150,-58],[-150.9,-57.9],[-150.5,-57.3],[-150.8,-57.4],[-151.2,-57.4],[-151.8,-57.5],[-151.7,-57.2],[-152.2,-57.2],[-152.7,-57.3],[-152.9,-57.1],[-154,-57.4],[-154,-57.5],[-154.6,-57.6],[-155.2,-57.9],[-155.1,-58],[-154.8,-57.9],[-154.4,-58.2],[-155.1,-58.3],[-155.7,-58.4],[-156.2,-58.8],[-157.5,-59],[-157.9,-59.2],[-158.4,-59.3],[-158.9,-59.5],[-159.5,-59.7],[-160.1,-59.5],[-160.3,-59.8],[-160.9,-59.5],[-160.9,-59.8],[-161.2,-59.9],[-161.7,-59.9],[-162.3,-59.9],[-162.6,-60.1],[-163.2,-60.3],[-163.2,-60],[-163.3,-59.8],[-163.8,-59.8],[-164.2,-60],[-164.6,-59.8],[-164.9,-60.1],[-165.4,-59.8],[-165.8,-60],[-166.7,-59.7],[-166.6,-59.5],[-167.1,-59.6],[-167.5,-59.6],[-169.3,-58.5],[-170,-58.2],[-170.3,-58.2],[-170.4,-58.2]]]]}},{"type":"Feature","properties":{},"geometry":{"type":"MultiPolygon","coordinates":[[[[-156.6,-56],[-158.2,-56.7],[-161.4,-57.6],[-162.4,-57.5],[-163,-57],[-163.4,-56.5],[-162.8,-56.6],[-162.6,-56.8],[-162,-56.7],[-161.7,-56.3],[-162.6,-56.1],[-162.8,-55.5],[-162.2,-55.7],[-161.7,-55.9],[-161.2,-56.2],[-160.8,-56.3],[-160.4,-56.9],[-159.3,-56.3],[-158.9,-56.5],[-158.9,-55.9],[-157.4,-55.4],[-156.6,-56]]]]}},{"type":"Feature","properties":{},"geometry":{"type":"MultiPolygon","coordinates":[[[[-160.2,-55.4],[-161.5,-54.8],[-160.8,-55.3],[-160.2,-55.4]]]]}},{"type":"Feature","properties":{},"geometry":{"type":"MultiPolygon","coordinates":[[[[-164.3,-56.2],[-165.5,-56.3],[-164.8,-55.9],[-164.3,-55.8],[-164.3,-56.2]]]]}},{"type":"Feature","properties":{},"geometry":{"type":"MultiPolygon","coordinates":[[[[-159.5,-55],[-159.5,-54.6],[-159.4,-55],[-159.5,-55]]]]}},{"type":"Feature","properties":{},"geometry":{"type":"MultiPolygon","coordinates":[[[[180,-48.8],[180,-55.6],[177.5,-56.7],[176.6,-56.6],[174.5,-56.6],[174.5,-57.9],[172.6,-57.7],[172.7,-55.8],[169.7,-54.6],[164,-54.1],[163,-53.7],[162.6,-53.5],[163.1,-53.2],[162.3,-52.9],[162.2,-52.6],[162,-52.4],[162.9,-52.3],[163.8,-52.6],[164.4,-52.4],[164.9,-52],[165.5,-50.9],[165.1,-50.3],[167.2,-50.4],[166.8,-50.1],[166.8,-50],[166.5,-49.8],[166.8,-49.6],[167.2,-49.4],[167.7,-49.4],[167.6,-49.3],[166.5,-48.7],[166.4,-48.5],[165.4,-47.8],[166.2,-47.6],[165.9,-47.5],[165.3,-47.5],[165.2,-46.3],[165.6,-46.4],[166.6,-46.6],[167,-46.7],[168,-47.2],[168.2,-46.6],[168.5,-47],[169.1,-47.2],[169.3,-46.8],[169.1,-46.2],[168.2,-45.8],[169.2,-46],[169.3,-45.8],[170.2,-45.5],[171,-45.5],[171.4,-45.6],[171.8,-45.7],[174.4,-46.8],[177.9,-48],[180,-48.8]]]]}},{"type":"Feature","properties":{},"geometry":{"type":"MultiPolygon","coordinates":[[[[-180,-57.3],[-180,-50.5],[-178.7,-49.1],[-174,-52.8],[-173.6,-56.5],[-173.9,-57],[-174.9,-57.4],[-174.9,-56.7],[-175.1,-56],[-175.4,-56],[-175.6,-56.8],[-176.7,-56.7],[-176.3,-55.9],[-176.5,-55.8],[-176.8,-55.8],[-177.1,-56],[-177.7,-56.5],[-178,-56.9],[-177.3,-57.5],[-178.7,-57],[-178.8,-57.6],[-180,-57.3]]]]}},{"type":"Feature","properties":{},"geometry":{"type":"MultiPolygon","coordinates":[[[[133.8,-7.1],[132.6,-7.3],[131.3,-7.4],[130.5,-7.5],[129.8,-7.5],[129.1,-7.4],[128.9,-6.9],[128.8,-6.6],[129.5,-6.5],[129.9,-6.7],[130.8,-6.6],[131.4,-6],[131.8,-6],[132.2,-6.4],[133.3,-6.6],[133.8,-7.1]]]]}},{"type":"Feature","properties":{},"geometry":{"type":"MultiPolygon","coordinates":[[[[125.3,-10.5],[125.1,-11.1],[124.8,-11.3],[125.1,-11.1],[124.4,-11.2],[124.2,-11.3],[123.9,-11],[123.8,-11.1],[123.7,-10.7],[123.7,-10.5],[123.5,-10.9],[123.5,-11.2],[123.4,-11.6],[123,-11.2],[122.7,-11],[122.3,-10.7],[122,-10.6],[122.3,-10.5],[122.9,-10.1],[123.2,-10.2],[123.3,-10],[123.5,-10.1],[123.7,-10.1],[123.6,-9.8],[123.7,-9.6],[124.4,-10.2],[124.3,-9.8],[124.7,-10.1],[125,-10.5],[125.3,-10.5]]]]}},{"type":"Feature","properties":{},"geometry":{"type":"MultiPolygon","coordinates":[[[[123.6,-9.1],[124.2,-9.9],[123.7,-10.3],[123.1,-10.7],[122.3,-11],[122.2,-10.6],[121.8,-10.6],[121.7,-10.7],[121.6,-10.7],[121.4,-10.9],[121.1,-11],[121.1,-10.4],[122.3,-9.4],[123.6,-9.1]]]]}},{"type":"Feature","properties":{},"geometry":{"type":"MultiPolygon","coordinates":[[[[124.5,-10.3],[124.7,-10.2],[124.6,-10.5],[124,-10.8],[124.5,-10.3]]]]}},{"type":"Feature","properties":{},"geometry":{"type":"MultiPolygon","coordinates":[[[[122.7,-10.7],[123.1,-10.9],[123,-11.1],[122.7,-11.1],[122.4,-10.9],[122.7,-10.7]]]]}},{"type":"Feature","properties":{},"geometry":{"type":"MultiPolygon","coordinates":[[[[124.9,-10.1],[125.7,-9.7],[125,-10.2],[124.9,-10.1]]]]}},{"type":"Feature","properties":{},"geometry":{"type":"MultiPolygon","coordinates":[[[[120.9,-18.9],[120.2,-19.9],[119.4,-21.1],[118.8,-22.1],[118.5,-22],[118.2,-21.7],[119,-20.5],[120.1,-19.3],[120.9,-18.9]]]]}},{"type":"Feature","properties":{},"geometry":{"type":"MultiPolygon","coordinates":[[[[124.4,-16.1],[124.3,-16.6],[124.1,-16.4],[124.1,-15.9],[124.3,-15.7],[124.4,-16.1]]]]}},{"type":"Feature","properties":{},"geometry":{"type":"MultiPolygon","coordinates":[[[[118.4,-22.9],[118,-23.1],[118.3,-22.7],[118.4,-22.9]]]]}},{"type":"Feature","properties":{},"geometry":{"type":"MultiPolygon","coordinates":[[[[-45.1,-39.7],[-46.9,-40.8],[-46.9,-40.9],[-47.2,-40.6],[-47.4,-40.5],[-47.1,-40.2],[-47.1,-39.9],[-47.1,-39.7],[-47.3,-39.6],[-47.3,-39.4],[-47.1,-38.9],[-46.8,-38.5],[-46.9,-38.6],[-46.7,-37.9],[-46.4,-37.7],[-46.4,-37.6],[-46.4,-37.5],[-46.6,-37.4],[-45.9,-37.8],[-45.8,-38.7],[-45.4,-39.6],[-45.1,-39.7]]]]}},{"type":"Feature","properties":{},"geometry":{"type":"MultiPolygon","coordinates":[[[[-43,-41.9],[-43.4,-42],[-43,-41.8],[-42.8,-41.7],[-42.9,-41.4],[-42.7,-41.8],[-43,-41.9]]]]}},{"type":"Feature","properties":{},"geometry":{"type":"MultiPolygon","coordinates":[[[[-43.9,-40.8],[-43.2,-41.1],[-43.8,-40.7],[-43.9,-40.8]]]]}},{"type":"Feature","properties":{},"geometry":{"type":"MultiPolygon","coordinates":[[[[-21.2,11.4],[-22.6,11.3],[-24.7,11.1],[-24.5,11.2],[-25,11.6],[-24.7,11.8],[-24.9,12],[-25.1,12],[-24.7,12],[-24.4,12.2],[-24.2,11.8],[-24.1,11.9],[-24.2,12.2],[-24,12.2],[-23.6,12],[-22.9,12.2],[-22.9,12.1],[-22.4,12.3],[-21.8,11.8],[-21.6,11.4],[-21.3,11.4],[-21.2,11.4]]]]}},{"type":"Feature","properties":{},"geometry":{"type":"MultiPolygon","coordinates":[[[[-25.7,10.6],[-25.8,10.8],[-25.5,11],[-25.7,10.6]]]]}},{"type":"Feature","properties":{},"geometry":{"type":"MultiPolygon","coordinates":[[[[-22.6,7.2],[-23.4,7.4],[-24,7.3],[-25.5,6.8],[-26.1,6.6],[-26.2,6.7],[-26.2,6.9],[-25.9,7],[-25.8,7.1],[-26.1,7],[-25.4,7.5],[-25.1,7.1],[-24.8,7.3],[-25.3,7.6],[-25.2,7.6],[-25,7.8],[-24.5,8],[-24.2,7.7],[-24.4,8.2],[-23.9,8.1],[-21.2,8.2],[-22.4,7.7],[-22.7,7.3],[-22.6,7.2]]]]}},{"type":"Feature","properties":{},"geometry":{"type":"MultiPolygon","coordinates":[[[[-26.4,6.4],[-26.6,6.3],[-26.7,6.3],[-27,6.4],[-26.8,6.4],[-26.7,6.6],[-26.5,7],[-26.4,6.5],[-26.4,6.4]]]]}},{"type":"Feature","properties":{},"geometry":{"type":"MultiPolygon","coordinates":[[[[-21.4,9.3],[-24.4,9.3],[-24.1,9.2],[-23.6,9.3],[-23.1,9.8],[-23.6,9.7],[-24.4,9.6],[-24.4,9.7],[-24.9,9.8],[-24.3,10.1],[-22.3,10.3],[-21,10.4],[-20.7,10],[-21.3,9.5],[-21.4,9.4],[-21.9,9.4],[-22.3,9.2],[-21.4,9.3]]]]}},{"type":"Feature","properties":{},"geometry":{"type":"MultiPolygon","coordinates":[[[[-24.7,9.2],[-25.4,8.5],[-25.1,9.2],[-24.7,9.2]]]]}},{"type":"Feature","properties":{},"geometry":{"type":"MultiPolygon","coordinates":[[[[-25.6,8.3],[-26.3,7.8],[-26.4,7.9],[-26.3,8.2],[-26,8.4],[-25.6,8.3]]]]}},{"type":"Feature","properties":{},"geometry":{"type":"MultiPolygon","coordinates":[[[[-26.2,8.4],[-25.9,8.8],[-25.8,9.1],[-25.6,9.7],[-25.4,9.6],[-25.3,9.5],[-25.6,9.1],[-25.4,9.1],[-25.8,8.6],[-26.2,8.4]]]]}},{"type":"Feature","properties":{},"geometry":{"type":"MultiPolygon","coordinates":[[[[-39.5,13.9],[-40.1,13.8],[-40.5,15],[-39.8,17.1],[-39.3,16.3],[-39,16.8],[-38.4,17.9],[-37.2,20.1],[-35.9,21],[-36.1,21.8],[-35.7,22.2],[-35.3,22.4],[-34.8,22.6],[-33.3,21.9],[-33.5,21.2],[-36.3,18.5],[-38.7,14.6],[-39.5,13.9]]]]}},{"type":"Feature","properties":{},"geometry":{"type":"MultiPolygon","coordinates":[[[[180,-47.5],[178.5,-48.2],[174.9,-46.9],[172.1,-45.9],[172,-45.4],[172.8,-45.6],[173.1,-45.2],[174,-45.3],[174.5,-45.6],[175.2,-45.9],[177,-46.4],[177.8,-46.8],[179.1,-47.2],[179.9,-47.1],[180,-47.5]]]]}},{"type":"Feature","properties":{},"geometry":{"type":"MultiPolygon","coordinates":[[[[-180,-48.8],[-179.5,-47.5],[-179,-47.4],[-178.7,-47.5],[-178.8,-47.7],[-179,-48],[-179.6,-48.3],[-178.3,-48.3],[-178,-48],[-177.9,-48.6],[-178.9,-48.9],[-178.7,-49.1],[-180,-48.8]]]]}},{"type":"Feature","properties":{},"geometry":{"type":"MultiPolygon","coordinates":[[[[177.9,-45.5],[177.6,-45.6],[178.2,-45.9],[177.5,-46],[177.1,-45.3],[177.3,-45],[177.9,-45.5]]]]}},{"type":"Feature","properties":{},"geometry":{"type":"MultiPolygon","coordinates":[[[[178.9,-46],[179.3,-46.4],[178.8,-46.7],[178.3,-46.4],[178.5,-45.9],[178.9,-46]]]]}},{"type":"Feature","properties":{},"geometry":{"type":"MultiPolygon","coordinates":[[[[-169.3,-53.7],[-175.5,-51.5],[-178.6,-49],[-177.7,-49.7],[-176,-50.5],[-176.2,-50.8],[-175.4,-51.2],[-175.3,-51.1],[-175.2,-50.6],[-175.1,-50.3],[-174.7,-49.8],[-174.3,-49.6],[-173.6,-49.9],[-173.5,-49.8],[-174.3,-48.8],[-173.6,-48.9],[-173.3,-49.2],[-172.7,-50],[-171.9,-50.6],[-171.1,-51.1],[-170.3,-51.7],[-169.3,-51.7],[-170,-52.1],[-169.2,-52.7],[-169.2,-53.4],[-169.3,-53.7]]]]}},{"type":"Feature","properties":{},"geometry":{"type":"MultiPolygon","coordinates":[[[[-171.4,-49],[-171.5,-49.3],[-171.1,-49.3],[-170.6,-49.4],[-170.9,-49.5],[-170.7,-49.8],[-171.2,-49.9],[-171.5,-49.8],[-172.2,-49.4],[-172.7,-48.4],[-172.1,-48.5],[-172,-48.7],[-171.6,-48.8],[-171.4,-49]]]]}},{"type":"Feature","properties":{},"geometry":{"type":"MultiPolygon","coordinates":[[[[144.3,-12],[144.8,-12.1],[144.3,-12.1],[144.3,-12]]]]}},{"type":"Feature","properties":{},"geometry":{"type":"MultiPolygon","coordinates":[[[[141.6,-11.9],[141.3,-12],[141,-11.9],[140.1,-12],[140.8,-11.8],[141.6,-11.9]]]]}},{"type":"Feature","properties":{},"geometry":{"type":"MultiPolygon","coordinates":[[[[135.6,-8],[133,-7.9],[130.9,-8.5],[127.7,-9],[126.2,-9.7],[126.3,-9],[127.9,-7.8],[129.4,-7.6],[131.1,-7.4],[133,-7.4],[134.8,-7.5],[135.6,-8]]]]}},{"type":"Feature","properties":{},"geometry":{"type":"MultiPolygon","coordinates":[[[[-170.4,-58.2],[-170.8,-57.3],[-170.8,-56.6],[-170.9,-56.4],[-172.2,-57],[-171.5,-56.4],[-170.4,-58.2]]]]}},{"type":"Feature","properties":{},"geometry":{"type":"MultiPolygon","coordinates":[[[[-173.4,-56.8],[-173.2,-56.1],[-173.3,-56.3],[-173.4,-56.8]]]]}},{"type":"Feature","properties":{},"geometry":{"type":"MultiPolygon","coordinates":[[[[-176.1,-56.4],[-175.3,-55.9],[-175.8,-56.3],[-176.1,-56.4]]]]}},{"type":"Feature","properties":{},"geometry":{"type":"MultiPolygon","coordinates":[[[[-176,-57.4],[-176.5,-56.7],[-176,-56.6],[-176,-57.4]]]]}},{"type":"Feature","properties":{},"geometry":{"type":"MultiPolygon","coordinates":[[[[180,-59.2],[179.7,-59.4],[179.6,-59.2],[180,-59.2]]]]}},{"type":"Feature","properties":{},"geometry":{"type":"MultiPolygon","coordinates":[[[[-180,-58.2],[-178.5,-57.8],[-178.6,-58.2],[-177.9,-58.5],[-178.7,-58.9],[-179.8,-59.8],[-180,-59.5],[-180,-59.4],[-179.8,-59.2],[-179.7,-58.2],[-180,-58.2]]]]}},{"type":"Feature","properties":{},"geometry":{"type":"MultiPolygon","coordinates":[[[[177.6,-59.6],[178.9,-59.3],[178.8,-59.6],[178.3,-59.6],[177.6,-59.6]]]]}},{"type":"Feature","properties":{},"geometry":{"type":"MultiPolygon","coordinates":[[[[176.6,-59.6],[177,-59.5],[177.2,-59.6],[176.6,-59.6]]]]}},{"type":"Feature","properties":{},"geometry":{"type":"MultiPolygon","coordinates":[[[[-177.5,-60.3],[-178.7,-60.1],[-178.2,-59.5],[-177.1,-59.2],[-177.5,-59.9],[-176.5,-60],[-177,-60.3],[-177.5,-60.3]]]]}},{"type":"Feature","properties":{},"geometry":{"type":"MultiPolygon","coordinates":[[[[-176,-58.6],[-174.9,-58.3],[-175.7,-58.5],[-176,-58.6]]]]}},{"type":"Feature","properties":{},"geometry":{"type":"MultiPolygon","coordinates":[[[[-176.6,-59.3],[-176.3,-59.1],[-176,-59.1],[-176.6,-59.3]]]]}},{"type":"Feature","properties":{},"geometry":{"type":"MultiPolygon","coordinates":[[[[-56.9,4.5],[-58.3,2.8],[-58.8,1.7],[-59.4,0.9],[-59.3,-0.4],[-59,-1],[-60.1,-1.6],[-61.1,-2.5],[-61.5,-3.7],[-61.8,-3.9],[-63.5,-2.1],[-64.7,0.6],[-65.1,2.5],[-64.2,2.7],[-63.3,3],[-62.3,3.4],[-62.1,3.4],[-61.6,3.6],[-61.5,3.7],[-61.1,3.8],[-60.9,3.9],[-60.2,4.8],[-59.8,4.3],[-59.6,3.9],[-59.5,3.7],[-59.8,3.7],[-60.1,3.6],[-59.7,3.6],[-60,3.4],[-60.1,3.3],[-60.4,3.5],[-60.6,3.5],[-60.5,3.4],[-60.4,3.2],[-59.9,3.3],[-59.9,3.1],[-59.8,3.3],[-59.3,3.5],[-59.4,3.6],[-59.1,3.7],[-59,3.9],[-58.8,4.3],[-58.7,4.4],[-58.5,4.4],[-58.6,4.7],[-58.4,5],[-58.2,5.1],[-58,5.3],[-58.3,5.2],[-57.8,5.6],[-57.5,5.8],[-56.8,5.7],[-56.9,4.5]]]]}},{"type":"Feature","properties":{},"geometry":{"type":"MultiPolygon","coordinates":[[[[-59.4,3.7],[-59.5,3.4],[-59.4,3.8],[-59.4,3.7]]]]}},{"type":"Feature","properties":{},"geometry":{"type":"MultiPolygon","coordinates":[[[[79.9,-39.7],[81.6,-40],[83.3,-40.6],[84.7,-40.7],[87,-40.4],[87.8,-40.8],[88.7,-41],[89,-41.4],[89.4,-41.5],[89.8,-41.7],[90.3,-41.5],[91,-41.5],[91.6,-41.5],[93.5,-41.1],[94.5,-41.2],[95.6,-41.5],[96,-42],[94.9,-42.1],[93.2,-42.3],[92.3,-42.3],[91.4,-42.6],[90.7,-42.7],[89.1,-43],[88,-42.9],[86.6,-42.9],[85.4,-42.8],[83.4,-42.5],[81,-41.6],[78.9,-40.5],[77.6,-40.2],[79.1,-39.7],[79.9,-39.7]]]]}},{"type":"Feature","properties":{},"geometry":{"type":"MultiPolygon","coordinates":[[[[104.2,-41.8],[103.3,-41.8],[101.8,-41.4],[100.3,-41.2],[99.3,-41.2],[98.3,-41.4],[99.4,-41],[100.6,-41],[102,-41],[102.8,-41.1],[103.6,-41.4],[104.2,-41.8]]]]}},{"type":"Feature","properties":{},"geometry":{"type":"MultiPolygon","coordinates":[[[[109.4,-32.1],[109.4,-32.8],[108.9,-33.6],[108.6,-33.7],[108.7,-32.7],[109.4,-32.1]]]]}},{"type":"Feature","properties":{},"geometry":{"type":"MultiPolygon","coordinates":[[[[-20.9,19.9],[-21.1,20.2],[-21.2,20.8],[-20.9,20.9],[-20.4,21.1],[-20.2,21.2],[-19.6,20.5],[-19.8,20.2],[-19.8,20],[-19.9,19.8],[-20.1,19.7],[-20.3,19.8],[-20.6,20.3],[-20.9,19.9]]]]}},{"type":"Feature","properties":{},"geometry":{"type":"MultiPolygon","coordinates":[[[[-32.6,22.9],[-34.2,22.5],[-34.4,22.4],[-35.6,24.7],[-34,24.7],[-33.2,25.9],[-31.4,26.6],[-28.8,25.9],[-28.3,25.3],[-29,24.8],[-30.2,24.6],[-31.2,24.5],[-31.7,24.6],[-31.8,24.3],[-31.2,23.9],[-31.9,23.2],[-32.1,23.1],[-32.5,23],[-32.6,22.9]]]]}},{"type":"Feature","properties":{},"geometry":{"type":"MultiPolygon","coordinates":[[[[103.7,-2.7],[103.7,-3.2],[103.6,-3.3],[103.3,-3.7],[103.1,-3.9],[103,-3.9],[102.4,-4],[101.9,-3.1],[103.6,-2.7],[103.7,-2.7]]]]}},{"type":"Feature","properties":{},"geometry":{"type":"MultiPolygon","coordinates":[[[[-10.7,50.6],[-9.8,50.9],[-9.2,50.9],[-8.1,51.1],[-7.1,52.1],[-6,52.7],[-5.8,53.2],[-3.3,53.2],[-2.7,53.2],[-2.2,53],[-1.2,53.1],[-1.2,53.2],[-0.6,53.1],[1,50.7],[-0.2,49.6],[-1.7,50.5],[-4,51],[-8,49.7],[-10.3,50.4],[-10.7,50.6]]]]}},{"type":"Feature","properties":{},"geometry":{"type":"MultiPolygon","coordinates":[[[[-9.4,45.1],[-9.1,46.2],[-7.9,44.6],[-9,44.9],[-9.4,45.1]]]]}},{"type":"Feature","properties":{},"geometry":{"type":"MultiPolygon","coordinates":[[[[-13.4,43.4],[-14.3,45.5],[-13.2,46.8],[-12.2,45.9],[-11.8,44.3],[-13.3,43],[-13.4,43.4]]]]}},{"type":"Feature","properties":{},"geometry":{"type":"MultiPolygon","coordinates":[[[[-34,42.5],[-36.1,41.2],[-36.4,41.1],[-37.2,41.2],[-37.2,41.3],[-36.6,41.4],[-36.6,41.5],[-36.7,41.6],[-36.5,41.8],[-35.9,42.3],[-35.4,42.7],[-35,43],[-34.3,43.6],[-33.6,43.9],[-33.3,43.9],[-33.4,43.1],[-34,42.5]]]]}},{"type":"Feature","properties":{},"geometry":{"type":"MultiPolygon","coordinates":[[[[-37.7,22.6],[-35.5,23.3],[-34.9,22.4],[-35.4,22.5],[-36.1,22.4],[-36.2,22.4],[-36.5,22.4],[-37.7,22.6]]]]}},{"type":"Feature","properties":{},"geometry":{"type":"MultiPolygon","coordinates":[[[[126.5,-16.9],[125.2,-17.6],[124.9,-19.8],[122.7,-21.2],[120.9,-21.6],[121.1,-20.7],[121,-20.3],[121.4,-20.2],[121.5,-20.3],[121.7,-20.2],[121.8,-20.3],[122.1,-20.3],[122.3,-19.8],[122.2,-19.3],[122.9,-18.8],[123,-18.6],[122.9,-18.3],[123.3,-18.4],[123.1,-18.2],[123.2,-18.1],[123.2,-17.9],[123.2,-17.4],[123.7,-16.8],[124.3,-16.7],[124.9,-16.5],[125.4,-16.4],[126.3,-16.8],[126.5,-16.7],[126.5,-16.9]]]]}},{"type":"Feature","properties":{},"geometry":{"type":"MultiPolygon","coordinates":[[[[122.2,-17.3],[122.7,-16.3],[123.2,-16.3],[123.3,-16.5],[122.9,-17.3],[122.8,-17.7],[122.4,-18],[122.3,-17.7],[122.1,-17.3],[122.2,-17.3]]]]}},{"type":"Feature","properties":{},"geometry":{"type":"MultiPolygon","coordinates":[[[[122.4,-15.2],[122.5,-14.8],[123,-15],[123,-15.3],[122.7,-15.5],[122.4,-15.2]]]]}},{"type":"Feature","properties":{},"geometry":{"type":"MultiPolygon","coordinates":[[[[120.6,-21.1],[120.9,-21.4],[120.7,-21.4],[120.6,-21.1]]]]}},{"type":"Feature","properties":{},"geometry":{"type":"MultiPolygon","coordinates":[[[[119,-29.3],[117,-29.9],[114.4,-30.5],[114.2,-30.4],[115.1,-29.1],[115.8,-28.6],[116.8,-28.5],[117.3,-28.4],[118.2,-27.9],[119.5,-27.3],[119.3,-27.4],[119.4,-27.7],[119.5,-28.2],[119.1,-29],[119,-29.3]]]]}},{"type":"Feature","properties":{},"geometry":{"type":"MultiPolygon","coordinates":[[[[119.6,-26.9],[119.9,-27],[119.8,-27.3],[119.6,-26.9]]]]}},{"type":"Feature","properties":{},"geometry":{"type":"MultiPolygon","coordinates":[[[[120.3,-28.5],[120.1,-28.8],[120.3,-28.3],[120.3,-28.5]]]]}},{"type":"Feature","properties":{},"geometry":{"type":"MultiPolygon","coordinates":[[[[120.9,-26.7],[121.2,-26.2],[121.2,-26.8],[120.9,-26.7]]]]}},{"type":"Feature","properties":{},"geometry":{"type":"MultiPolygon","coordinates":[[[[121.3,-26.7],[121.7,-26.8],[121.4,-26.9],[121.3,-26.7]]]]}},{"type":"Feature","properties":{},"geometry":{"type":"MultiPolygon","coordinates":[[[[129.2,-4],[132,-4.2],[134.6,-4.9],[136.1,-5.3],[135.6,-5.6],[135.3,-5.8],[135.1,-6.4],[134.6,-6.8],[134.7,-5.8],[133.9,-5.8],[133.2,-5.8],[133.1,-6],[133,-6],[132.9,-6],[132.7,-6.1],[132.5,-5.9],[132,-5.5],[131.8,-5.3],[131.3,-5.1],[131.2,-5.4],[131.1,-5.4],[131,-5.5],[130.7,-5.4],[130.3,-5.6],[130.2,-5.4],[130,-5.4],[128.9,-4.6],[129.2,-4]]]]}},{"type":"Feature","properties":{},"geometry":{"type":"MultiPolygon","coordinates":[[[[75,-36.4],[71.8,-37.2],[65.2,-38.1],[66,-34.6],[69.4,-35.8],[75,-36.4]]]]}},{"type":"Feature","properties":{},"geometry":{"type":"MultiPolygon","coordinates":[[[[70.2,-43.8],[69.4,-46],[69,-45.5],[69.2,-45.7],[67.8,-45.5],[66.9,-45.6],[66.2,-45.3],[66.1,-45.2],[65.4,-45.1],[64.3,-44.9],[64,-45],[63.7,-44.9],[63.1,-44.7],[62,-44.3],[61.9,-44.2],[61.2,-44],[60.5,-43.7],[59.7,-43.3],[59,-42.9],[58.6,-42.4],[58.8,-41.7],[59.7,-41.3],[61.1,-42.3],[62.3,-42.7],[65.4,-42.8],[69.7,-43.1],[70.2,-43.8]]]]}},{"type":"Feature","properties":{},"geometry":{"type":"MultiPolygon","coordinates":[[[[58.9,-45.5],[58.4,-45],[57,-43],[57.3,-44.3],[58.9,-45.5]]]]}},{"type":"Feature","properties":{},"geometry":{"type":"MultiPolygon","coordinates":[[[[-57.7,10.5],[-59,9.3],[-59.5,8.5],[-59.9,8],[-60.1,7.5],[-60.6,7.2],[-61.9,5.4],[-63.6,4.5],[-63.8,4],[-64.7,4.4],[-62.8,5.7],[-59.5,9.2],[-58.8,10],[-57.7,11],[-57.4,11.2],[-57.7,10.5]]]]}},{"type":"Feature","properties":{},"geometry":{"type":"MultiPolygon","coordinates":[[[[-56.5,3.3],[-55.3,4.9],[-53.4,7.6],[-52.3,8.5],[-52.8,7.6],[-55,4.3],[-56.5,3.3]]]]}},{"type":"Feature","properties":{},"geometry":{"type":"MultiPolygon","coordinates":[[[[-57.7,10.5],[-56.7,13.3],[-55.3,14.8],[-54.5,15.3],[-54.1,15.1],[-55.2,13.8],[-56.8,12.4],[-57.7,10.5]]]]}},{"type":"Feature","properties":{},"geometry":{"type":"MultiPolygon","coordinates":[[[[-45.5,14.5],[-45.5,13.8],[-45.5,13.1],[-45.7,12.2],[-46.2,11.4],[-47.2,10.7],[-48.2,10.3],[-49.1,10.1],[-49.6,10.1],[-50.3,9.2],[-51.3,8.1],[-51.9,7.5],[-52.4,6.9],[-52.7,6.4],[-53.1,5.3],[-53.6,3.2],[-53.8,2.2],[-54.3,1.2],[-54.9,0.4],[-55.4,-0.3],[-56,-1.3],[-56.6,-2.4],[-56.8,-2.8],[-57.1,-3.5],[-58.1,-3.7],[-59.1,-3.9],[-59.4,-4.5],[-59.3,-5.2],[-61.3,-4.4],[-61.5,-3.1],[-60.6,-2],[-59.5,-1.4],[-59.1,-0.6],[-59.5,0.1],[-59.1,1.5],[-58.2,1.9],[-57.4,2.4],[-57.1,2],[-57.6,2.2],[-57.4,1.3],[-56.8,1.6],[-56.4,1.1],[-55.9,2.4],[-55.5,3],[-54.9,4.8],[-54.5,5.6],[-53.7,6.4],[-53.7,7.1],[-53.3,7.6],[-52.6,8.7],[-52.7,7.6],[-50.2,10.9],[-48.8,12],[-48.2,13.1],[-48.3,13.4],[-47.9,14.8],[-46.2,17.7],[-45.9,16.4],[-45.5,15.6],[-45.6,14.8],[-45.5,14.5]]]]}},{"type":"Feature","properties":{},"geometry":{"type":"MultiPolygon","coordinates":[[[[-55.5,12.3],[-54.5,13.5],[-53.7,14.4],[-53.7,14],[-54,13.3],[-55.5,12.3]]]]}},{"type":"Feature","properties":{},"geometry":{"type":"MultiPolygon","coordinates":[[[[-51.1,9.6],[-51.2,11.1],[-51.2,12.2],[-49.7,13.6],[-50.2,12.5],[-51.1,9.6]]]]}},{"type":"Feature","properties":{},"geometry":{"type":"MultiPolygon","coordinates":[[[[129,-7.2],[125.8,-8.4],[125.2,-8.5],[125.1,-8.6],[123.8,-8.6],[122.8,-8.4],[126,-7.5],[126.7,-6.8],[127.4,-6.9],[128.2,-6.9],[128.8,-7.1],[129,-7.2]]]]}},{"type":"Feature","properties":{},"geometry":{"type":"MultiPolygon","coordinates":[[[[130,-6.6],[128.9,-7],[128.9,-6.7],[130,-6.6]]]]}},{"type":"Feature","properties":{},"geometry":{"type":"MultiPolygon","coordinates":[[[[76.6,15.2],[78.3,14],[78.3,12.3],[77.6,10.8],[77.1,8.8],[77.4,5.1],[76.1,6.3],[75.8,7.3],[75.9,8.5],[76.4,10.5],[76.3,13],[75.6,15],[75.9,15.8],[76.6,15.2]]]]}},{"type":"Feature","properties":{},"geometry":{"type":"MultiPolygon","coordinates":[[[[79.8,-39.4],[79.4,-39.6],[77.9,-39.9],[77.1,-39.7],[75.8,-39.4],[73.2,-39.3],[74,-38.4],[75.4,-37.6],[77.4,-37.7],[79.8,-39.4]]]]}},{"type":"Feature","properties":{},"geometry":{"type":"MultiPolygon","coordinates":[[[[78.5,-36.9],[79.8,-39.4],[77.4,-37.7],[75.4,-37.6],[74,-38.4],[73.2,-39.3],[73.7,-37.5],[77,-36.5],[78.1,-36.7],[78.5,-36.9]]]]}},{"type":"Feature","properties":{},"geometry":{"type":"MultiPolygon","coordinates":[[[[37.2,30.5],[38.5,31.2],[39.7,32.1],[39.9,32.1],[39,30.5],[38.7,29.1],[39.3,27.3],[36.9,28.3],[37.2,30.5]]]]}},{"type":"Feature","properties":{},"geometry":{"type":"MultiPolygon","coordinates":[[[[105.9,73.6],[98.8,69],[94.8,63.4],[91.6,58.2],[88.9,56.2],[89.9,57.2],[91.3,60.5],[92.3,62.6],[91.6,68.2],[90.1,72.9],[95.8,74.2],[103.3,73.6],[105.9,73.6]]]]}},{"type":"Feature","properties":{},"geometry":{"type":"MultiPolygon","coordinates":[[[[60.5,78.8],[73.7,79.5],[81.8,79.4],[97.6,78],[103.6,76.9],[110.9,75.3],[110.5,74.8],[109.5,74.5],[107.9,74.7],[107.7,74.4],[107.6,74.2],[108.4,73.9],[109,73.6],[103.3,73.6],[95.8,74.2],[85,75.6],[75.6,77.6],[63.7,77.8],[63.2,78.2],[60,78.7],[60.5,78.8]]]]}},{"type":"Feature","properties":{},"geometry":{"type":"MultiPolygon","coordinates":[[[[-17.2,26.2],[-17,26.2],[-16.3,26.3],[-14.2,25.7],[-11.9,24],[-11.7,23.8],[-11.9,23.4],[-12,23.5],[-11.9,23.7],[-12.2,23.5],[-12.3,23.3],[-12.4,23.5],[-12.6,23.5],[-12.7,23.4],[-13,23.6],[-13.3,23.7],[-13.4,23.8],[-13.7,24],[-13.8,24.2],[-14.4,24.6],[-14.3,24.4],[-14.4,24.4],[-14.6,24.6],[-14.7,24.8],[-14.5,25],[-14.9,25.3],[-15.3,25.5],[-15.3,25.7],[-15.5,25.4],[-15.9,25.8],[-16.5,25.4],[-17.4,25.5],[-17.6,25.9],[-17.2,26.1],[-17.2,26.2]]]]}},{"type":"Feature","properties":{},"geometry":{"type":"MultiPolygon","coordinates":[[[[-18.8,23.1],[-18.8,23.3],[-18.7,23.6],[-18,24],[-17.5,23.8],[-17.6,23.3],[-17.7,22.8],[-17.7,22.7],[-18.3,22.7],[-18.5,22.9],[-18.8,23.1]]]]}},{"type":"Feature","properties":{},"geometry":{"type":"MultiPolygon","coordinates":[[[[-18.6,24.4],[-18.4,24.5],[-18.5,25],[-17.6,25.1],[-17.1,24.7],[-17.7,24.4],[-17.9,24.3],[-18.2,24.2],[-18.6,24.2],[-18.6,24.4]]]]}},{"type":"Feature","properties":{},"geometry":{"type":"MultiPolygon","coordinates":[[[[-19.5,22.4],[-19.2,22.9],[-18.2,22.6],[-18.3,22.4],[-18.5,22.3],[-18.9,22.2],[-19.1,22.1],[-19.6,22.2],[-19.5,22.4]]]]}},{"type":"Feature","properties":{},"geometry":{"type":"MultiPolygon","coordinates":[[[[-18.1,22.6],[-17.7,22.3],[-17.8,22.3],[-18.1,22.6]]]]}},{"type":"Feature","properties":{},"geometry":{"type":"MultiPolygon","coordinates":[[[[-15,24.9],[-14.8,25],[-15,24.8],[-15,24.9]]]]}},{"type":"Feature","properties":{},"geometry":{"type":"MultiPolygon","coordinates":[[[[-12.7,22.1],[-12.4,22.1],[-12.5,22],[-12.7,22.1]]]]}},{"type":"Feature","properties":{},"geometry":{"type":"MultiPolygon","coordinates":[[[[-12.6,23.4],[-12.5,23.5],[-12.5,23.4],[-12.6,23.4]]]]}},{"type":"Feature","properties":{},"geometry":{"type":"MultiPolygon","coordinates":[[[[-10.9,-13.4],[-11.4,-14.2],[-11.5,-14.1],[-11.9,-14.5],[-12.4,-14.8],[-12.5,-14.7],[-12.8,-13.9],[-12.8,-13.6],[-13,-13.5],[-13,-13.7],[-13,-13.4],[-12.9,-14.4],[-13.2,-14],[-13.3,-13.7],[-13.4,-13.6],[-13.4,-13.4],[-13.3,-13.3],[-13.4,-13.2],[-13.5,-13],[-13.5,-13.2],[-13.7,-13],[-13.8,-12.9],[-13.8,-12.7],[-13.9,-12.5],[-14,-12.4],[-14.1,-12.1],[-13.9,-12],[-14,-11.8],[-14,-11.5],[-14.1,-11.4],[-13.9,-11.3],[-13.8,-11.2],[-13.4,-11],[-13.1,-11.2],[-13.2,-11.8],[-13.3,-12],[-13.3,-12.2],[-12.7,-11.7],[-12,-11.8],[-11.9,-12.6],[-12,-12.9],[-12.1,-13.3],[-11.8,-13.1],[-10.9,-13.4]]]]}},{"type":"Feature","properties":{},"geometry":{"type":"MultiPolygon","coordinates":[[[[-13.6,-17.6],[-14,-17.8],[-14.2,-17.9],[-14.2,-17.5],[-14.1,-17.1],[-14.4,-17.2],[-14.6,-17.2],[-14.7,-17.1],[-14.8,-16.8],[-14.8,-16.6],[-14.9,-16.6],[-15.1,-16.4],[-14.9,-16.3],[-14.5,-16.3],[-14.1,-16],[-14.1,-15.8],[-14.2,-15.7],[-14.3,-15.6],[-14.3,-15.4],[-14.3,-15.2],[-14,-15.1],[-13.9,-15],[-13.8,-14.8],[-13.6,-15],[-12.8,-14.9],[-12.5,-15.3],[-12.7,-15.7],[-12.7,-16],[-12.7,-16.2],[-13.1,-17.1],[-13.6,-17.6]]]]}},{"type":"Feature","properties":{},"geometry":{"type":"MultiPolygon","coordinates":[[[[-14.5,-11.8],[-14.5,-12.1],[-14.6,-12.3],[-14.7,-12.3],[-14.8,-12.2],[-14.8,-12.1],[-14.6,-11.6],[-14.5,-11.8]]]]}},{"type":"Feature","properties":{},"geometry":{"type":"MultiPolygon","coordinates":[[[[-14.2,-12.5],[-13.8,-12.7],[-14,-12.8],[-14.2,-12.8],[-14.3,-12.7],[-14.3,-12.4],[-14.2,-12.5]]]]}},{"type":"Feature","properties":{},"geometry":{"type":"MultiPolygon","coordinates":[[[[-13.3,-8.7],[-13,-8.8],[-12.9,-9],[-13,-9.2],[-13.3,-9.1],[-13.1,-8.9],[-13.3,-8.8],[-13.3,-8.7]]]]}},{"type":"Feature","properties":{},"geometry":{"type":"MultiPolygon","coordinates":[[[[-13.5,-13.4],[-13.6,-13.6],[-13.7,-13.5],[-13.7,-13.4],[-13.5,-13.4]]]]}},{"type":"Feature","properties":{},"geometry":{"type":"MultiPolygon","coordinates":[[[[-13.5,-14],[-13.6,-14.3],[-13.6,-14.1],[-13.5,-14]]]]}},{"type":"Feature","properties":{},"geometry":{"type":"MultiPolygon","coordinates":[[[[-13.4,-10.4],[-13.1,-10.5],[-13.2,-10.7],[-13.4,-10.6],[-13.4,-10.4]]]]}},{"type":"Feature","properties":{},"geometry":{"type":"MultiPolygon","coordinates":[[[[36.7,-50.3],[36.5,-50.3],[36.2,-49.5],[35.9,-49],[36.5,-47],[37.3,-45.5],[37.3,-46.3],[37.3,-46.8],[37.4,-47.2],[37.3,-47.9],[37.4,-48.5],[36.9,-49.8],[36.7,-50.3]]]]}},{"type":"Feature","properties":{},"geometry":{"type":"MultiPolygon","coordinates":[[[[117.4,-46.2],[116.3,-47.3],[115.3,-48.8],[112.9,-50.3],[111,-51],[106.9,-52.3],[102.3,-53],[98.7,-52.4],[94.1,-51.9],[89.3,-49.9],[85.2,-48.8],[84.3,-48.7],[86.1,-48.6],[86.9,-48.2],[92.3,-50.5],[94.3,-51.5],[97.2,-52.3],[99.9,-52.2],[102.3,-52.2],[105.3,-52.2],[109.9,-51.3],[114,-49.4],[115.7,-47.8],[116.7,-46.1],[117.4,-46.2]]]]}},{"type":"Feature","properties":{},"geometry":{"type":"MultiPolygon","coordinates":[[[[9,-9.9],[10.8,-8.1],[10.9,-8.1],[11.1,-8.3],[11.5,-8.8],[11.7,-9.3],[12.2,-10],[12.1,-10.1],[10.8,-11.5],[9.9,-12.1],[9,-12.5],[8.7,-12.2],[8.4,-12.1],[8.2,-11.7],[8,-11.2],[8.9,-10],[9,-9.9]]]]}},{"type":"Feature","properties":{},"geometry":{"type":"MultiPolygon","coordinates":[[[[15.1,-36.1],[13.4,-36.9],[13,-36.4],[14.7,-35.9],[15.1,-36.1]]]]}},{"type":"Feature","properties":{},"geometry":{"type":"MultiPolygon","coordinates":[[[[7.3,-37.2],[8.3,-37.1],[7.6,-37.2],[7.3,-37.2]]]]}},{"type":"Feature","properties":{},"geometry":{"type":"MultiPolygon","coordinates":[[[[7.4,-36.8],[6.4,-36.5],[6.8,-36.3],[7.1,-36.1],[7.6,-36.1],[8.3,-36.4],[7.4,-36.8]]]]}},{"type":"Feature","properties":{},"geometry":{"type":"MultiPolygon","coordinates":[[[[5.8,-36],[5.3,-35.9],[4.6,-35.4],[5.2,-35.2],[5.9,-35.8],[5.8,-36]]]]}},{"type":"Feature","properties":{},"geometry":{"type":"MultiPolygon","coordinates":[[[[5,-36],[6.6,-36.6],[5.8,-36.9],[4.5,-36.8],[3.9,-36.6],[4,-36.4],[4.3,-36.3],[4.9,-36.2],[5,-36.1],[5,-36]]]]}},{"type":"Feature","properties":{},"geometry":{"type":"MultiPolygon","coordinates":[[[[1.5,-35.5],[1.2,-35.9],[0.9,-35.6],[1.3,-35.3],[1.5,-35.5]]]]}},{"type":"Feature","properties":{},"geometry":{"type":"MultiPolygon","coordinates":[[[[2.5,-35.7],[2.3,-35.9],[2.2,-35.5],[2.5,-35.7]]]]}},{"type":"Feature","properties":{},"geometry":{"type":"MultiPolygon","coordinates":[[[[4.3,-37.7],[1.7,-36.6],[2,-36.7],[3.2,-36.9],[4,-37.3],[4.3,-37.7]]]]}},{"type":"Feature","properties":{},"geometry":{"type":"MultiPolygon","coordinates":[[[[-1.6,-36.8],[-2.3,-36.4],[-1.9,-36.3],[-1.6,-36.8]]]]}},{"type":"Feature","properties":{},"geometry":{"type":"MultiPolygon","coordinates":[[[[-47.8,13.7],[-48.6,12],[-50.2,9.6],[-52.4,6.7],[-52.1,8.2],[-50.8,10.3],[-49.9,11.6],[-48.7,13.6],[-47.6,14.7],[-47.8,13.7]]]]}},{"type":"Feature","properties":{},"geometry":{"type":"MultiPolygon","coordinates":[[[[-27.7,5.7],[-28.7,6],[-28.7,6.4],[-28.6,6.4],[-28.5,6.6],[-28.3,6.8],[-28.1,6.4],[-28.1,6],[-27.7,5.7]]]]}},{"type":"Feature","properties":{},"geometry":{"type":"MultiPolygon","coordinates":[[[[-32.3,9.1],[-31.6,8.5],[-31.2,8.3],[-31.1,8.1],[-30.8,8],[-30.9,8],[-30.6,7.7],[-31.4,7.3],[-31.8,7.7],[-31.8,7.9],[-32.8,8.4],[-32.4,8.8],[-32.1,8.6],[-32.1,8.8],[-32.5,9],[-32.3,9.1]]]]}},{"type":"Feature","properties":{},"geometry":{"type":"MultiPolygon","coordinates":[[[[-32.3,9.2],[-32.5,9.2],[-32.6,9.5],[-32.7,9.5],[-32.7,10],[-32.3,9.2]]]]}},{"type":"Feature","properties":{},"geometry":{"type":"MultiPolygon","coordinates":[[[[-29.4,6.2],[-30,6.5],[-30.4,7],[-30.2,7],[-30,6.8],[-30,7],[-29.6,7.4],[-29.7,6.9],[-29.6,6.6],[-29.6,7],[-29.5,6.9],[-29.3,7.2],[-29.2,6.8],[-29,7],[-29,6.7],[-29.4,6.2]]]]}},{"type":"Feature","properties":{},"geometry":{"type":"MultiPolygon","coordinates":[[[[-31.1,6.9],[-31.2,7.1],[-30.9,6.9],[-31.1,6.9]]]]}},{"type":"Feature","properties":{},"geometry":{"type":"MultiPolygon","coordinates":[[[[-29.8,7.9],[-30,7.6],[-29.9,8],[-29.8,7.9]]]]}},{"type":"Feature","properties":{},"geometry":{"type":"MultiPolygon","coordinates":[[[[-146.3,-45.8],[-147.4,-46.7],[-148.4,-46.5],[-148.6,-46.2],[-149.4,-45],[-150.4,-44.7],[-150.4,-44.1],[-150.9,-43.7],[-152.4,-43.4],[-152.5,-43.2],[-153.2,-43.1],[-153.5,-42.3],[-153.5,-41.9],[-154.3,-41.7],[-153.9,-41.3],[-153.5,-41.6],[-153,-41],[-152.9,-40.9],[-152.4,-41.1],[-151.6,-41.2],[-151.1,-41],[-151.2,-41],[-151.4,-40.9],[-151.7,-41],[-151.7,-40.8],[-151.9,-40.9],[-152,-40.8],[-152,-40.7],[-151.6,-40.7],[-151.5,-40.6],[-151.4,-40.6],[-151.1,-40.6],[-150.7,-40.6],[-150.6,-40.6],[-150.2,-40.7],[-150,-40.7],[-150.1,-40.7],[-149.8,-40.7],[-149.6,-40.7],[-149.4,-40.8],[-149.1,-40.9],[-149,-40.6],[-148.7,-40.7],[-148.7,-40.9],[-148.3,-40.9],[-148.6,-40.7],[-147.6,-40.8],[-147.5,-40.8],[-147.3,-40.9],[-147.1,-40.9],[-147,-40.9],[-146.8,-41.2],[-146.9,-41.2],[-147.2,-41.4],[-147.1,-41.5],[-146.7,-41.3],[-146.6,-41.4],[-146.5,-41.3],[-146.4,-41.1],[-146.2,-41.1],[-145.9,-41.1],[-145.7,-41.3],[-144.4,-41.4],[-144.3,-41.5],[-144.8,-41.5],[-144.6,-41.8],[-144.8,-43.5],[-146.3,-45.8]]]]}},{"type":"Feature","properties":{},"geometry":{"type":"MultiPolygon","coordinates":[[[[-152.7,-40.8],[-152.5,-40.9],[-152.1,-41],[-152.7,-40.8]]]]}},{"type":"Feature","properties":{},"geometry":{"type":"MultiPolygon","coordinates":[[[[-157.5,-43.5],[-156.2,-42.4],[-154.8,-42.6],[-154.4,-42],[-153.9,-42.2],[-153.9,-42.4],[-153.9,-42.9],[-154.5,-43.3],[-155.7,-43.4],[-157.2,-43.9],[-157.8,-44],[-157.7,-43.6],[-157.5,-43.5]]]]}},{"type":"Feature","properties":{},"geometry":{"type":"MultiPolygon","coordinates":[[[[-153.6,-41],[-153.2,-41.4],[-153.6,-41.3],[-153.6,-41]]]]}},{"type":"Feature","properties":{},"geometry":{"type":"MultiPolygon","coordinates":[[[[-158.1,-45.2],[-158,-44.8],[-157.9,-44.7],[-158,-44.8],[-158.1,-45.2]]]]}},{"type":"Feature","properties":{},"geometry":{"type":"MultiPolygon","coordinates":[[[[123.9,-21.8],[124.9,-19.8],[125.2,-17.6],[126.5,-16.9],[126.9,-17.2],[126.3,-18.1],[126.1,-19.3],[124.9,-21.4],[124,-22.4],[123.7,-22.9],[122.7,-23.9],[122.3,-24.7],[123.7,-22.3],[123.9,-21.8]]]]}},{"type":"Feature","properties":{},"geometry":{"type":"MultiPolygon","coordinates":[[[[154,-36.5],[154.1,-36.6],[154.2,-36.7],[154.3,-36.8],[154.2,-37],[154.1,-36.9],[154,-36.7],[153.9,-36.6],[154,-36.5]]]]}},{"type":"Feature","properties":{},"geometry":{"type":"MultiPolygon","coordinates":[[[[138.7,-15.3],[139,-15.3],[139.1,-15.3],[139.4,-15.3],[139.4,-15.4],[139.6,-15.7],[139.7,-15.6],[139.7,-15.7],[139.9,-15.9],[140.3,-16.3],[140.3,-16.4],[140.4,-16.4],[140.3,-16.4],[140.4,-16.6],[141,-16.8],[141.1,-16.8],[141.1,-16.9],[141.4,-17],[141.5,-17.1],[141.6,-17.2],[141.7,-17.4],[141.8,-17.7],[141.8,-17.8],[141.9,-17.9],[142,-17.9],[142.3,-18],[142.4,-18],[142.4,-18.1],[142.4,-18.3],[142.5,-18.4],[142.4,-18.5],[142.4,-18.6],[142.3,-18.6],[142.3,-18.7],[142.2,-18.8],[142.2,-18.9],[142.1,-19],[142.1,-19.1],[142,-19.1],[142,-19.2],[141.9,-19.2],[141.9,-19.3],[141.9,-19.4],[141.8,-19.4],[141.8,-19.5],[141.7,-19.5],[141.7,-19.6],[141.6,-19.6],[141.5,-19.7],[141.4,-19.7],[141.4,-19.8],[141.3,-19.8],[141.3,-19.9],[141.2,-19.9],[141.1,-19.9],[141.1,-19.8],[141.1,-19.7],[141.1,-19.6],[141.2,-19.6],[141.2,-19.5],[141.2,-19.4],[141.2,-19.3],[141.3,-19.3],[141.3,-19.2],[141.3,-19.1],[141.3,-19],[141.3,-18.9],[141.3,-18.8],[141.3,-18.7],[141.3,-18.6],[141.3,-18.5],[141.3,-18.4],[141.3,-18.3],[141.4,-18.2],[141.4,-18.1],[141.4,-18],[141.3,-18],[141.3,-17.9],[141.2,-17.9],[141.1,-17.9],[141,-17.9],[140.9,-17.9],[140.8,-17.9],[140.7,-17.9],[140.6,-17.9],[140.5,-17.8],[140.4,-17.8],[140.3,-17.8],[140.2,-17.8],[140.1,-17.8],[140,-17.8],[139.9,-17.8],[139.8,-17.8],[139.6,-17.7],[139.4,-17.5],[139.4,-17.4],[139.3,-17.4],[139.3,-17.3],[139.3,-17.2],[139.2,-17.2],[139.2,-17.1],[139.1,-17],[139.1,-16.9],[139,-16.9],[139,-16.8],[138.9,-16.7],[138.8,-16.6],[138.8,-16.4],[138.8,-16.3],[138.7,-16.2],[138.6,-15.7],[138.4,-15.5],[138.4,-15.2],[138.4,-15.1],[138.7,-15.3]]]]}},{"type":"Feature","properties":{},"geometry":{"type":"MultiPolygon","coordinates":[[[[-31.9,-24.2],[-29.9,-23.6],[-29.7,-23.9],[-29.5,-24.1],[-29.2,-24.2],[-28.4,-24.5],[-27.9,-24.7],[-27.7,-24.9],[-28,-25],[-28.4,-24.9],[-28.5,-25],[-28.7,-25.1],[-29,-25.2],[-29.1,-25.2],[-29.5,-25.2],[-29.8,-25.2],[-30,-25.4],[-30.2,-25.3],[-30.3,-25.3],[-30.5,-25.2],[-30.6,-25.3],[-30.8,-25.6],[-31.1,-25.8],[-31.2,-25.8],[-31.4,-25.9],[-31.5,-25.9],[-31.9,-25.9],[-32,-25.7],[-32.1,-25.5],[-31.7,-24.8],[-31.5,-24.8],[-31.5,-24.7],[-30.4,-24.4],[-30.2,-24.8],[-30.6,-24.4],[-30.4,-24.1],[-30.1,-24],[-30.3,-23.7],[-31.5,-24.2],[-31.9,-24.2]]]]}},{"type":"Feature","properties":{},"geometry":{"type":"MultiPolygon","coordinates":[[[[-37.8,-26.3],[-36.1,-25.4],[-35.9,-25.6],[-36.3,-25.7],[-36.2,-25.9],[-36.2,-26.2],[-35.8,-26.3],[-35.8,-26.6],[-36.4,-26.4],[-36.6,-26.5],[-36.7,-26.3],[-36.9,-26.2],[-37.1,-26.4],[-37.6,-26.3],[-37.8,-26.3]]]]}},{"type":"Feature","properties":{},"geometry":{"type":"MultiPolygon","coordinates":[[[[-23.5,-23.2],[-23.4,-23.1],[-22.1,-22.1],[-22.1,-22.3],[-22.2,-22.6],[-21.9,-22.5],[-21.6,-22.4],[-21.7,-22.6],[-22.1,-22.8],[-22,-23.2],[-22,-23.4],[-21.5,-22.9],[-21.7,-23.3],[-21.6,-23.5],[-21.3,-23.2],[-21.4,-23.9],[-21.6,-24.3],[-21.9,-24.3],[-21.9,-24],[-21.9,-23.7],[-22.2,-23.7],[-22.1,-23.5],[-22.2,-23],[-22.7,-23.5],[-22.8,-23.4],[-23.1,-23.8],[-23.3,-24],[-23.5,-23.7],[-22.9,-23.3],[-23.2,-23.2],[-23.2,-23.4],[-23.5,-23.4],[-23.5,-23.2]]]]}},{"type":"Feature","properties":{},"geometry":{"type":"MultiPolygon","coordinates":[[[[-28,-24.5],[-27.6,-24.6],[-27,-24.2],[-26.7,-24.2],[-26.7,-24.5],[-27.5,-24.7],[-27.9,-24.7],[-28,-24.5]]]]}},{"type":"Feature","properties":{},"geometry":{"type":"MultiPolygon","coordinates":[[[[-28.7,-24],[-28.7,-24.1],[-29.1,-23.9],[-28.7,-24]]]]}},{"type":"Feature","properties":{},"geometry":{"type":"MultiPolygon","coordinates":[[[[-27.7,-22.6],[-28,-22.9],[-28.1,-22.9],[-27.7,-22.6]]]]}},{"type":"Feature","properties":{},"geometry":{"type":"MultiPolygon","coordinates":[[[[-21.7,-21.6],[-21.8,-21.9],[-22,-21.9],[-22.5,-22.4],[-23.5,-23.2],[-23.5,-23],[-23.7,-23],[-23.9,-23],[-24,-23.1],[-24.2,-23.2],[-24.3,-23.2],[-24.5,-23],[-24.6,-22.9],[-24.9,-23],[-25.1,-23],[-25.4,-23],[-25.5,-22.9],[-25.9,-23],[-26,-22.8],[-25.1,-22.7],[-24.3,-22.5],[-23.4,-22.2],[-22.4,-21.6],[-22.2,-21.5],[-21.7,-21.6]]]]}},{"type":"Feature","properties":{},"geometry":{"type":"MultiPolygon","coordinates":[[[[-29.9,-23.6],[-31.9,-24.2],[-32.3,-24],[-32.5,-24.2],[-32.7,-24.4],[-32.8,-24.4],[-33,-24.5],[-33.2,-24.4],[-33.2,-24.5],[-33.4,-24.5],[-33.5,-24.4],[-33.6,-24.3],[-33.7,-24.6],[-33.8,-24.1],[-32.7,-23.8],[-31,-23],[-30.3,-22.8],[-30.3,-23],[-30.2,-23.4],[-30,-23.5],[-29.9,-23.6]]]]}},{"type":"Feature","properties":{},"geometry":{"type":"MultiPolygon","coordinates":[[[[-34.3,-24.7],[-34.4,-24.7],[-34.6,-24.5],[-34.7,-24.5],[-33.8,-24.2],[-34.2,-24.6],[-34.3,-24.7]]]]}},{"type":"Feature","properties":{},"geometry":{"type":"MultiPolygon","coordinates":[[[[-36,-25.4],[-35.7,-24.9],[-35.4,-24.9],[-36,-25.4]]]]}},{"type":"Feature","properties":{},"geometry":{"type":"MultiPolygon","coordinates":[[[[-26.9,-23.5],[-27.1,-24],[-27.6,-24.3],[-27.6,-24.4],[-27.6,-24.5],[-28,-24.2],[-26.9,-23.5]]]]}},{"type":"Feature","properties":{},"geometry":{"type":"MultiPolygon","coordinates":[[[[-27,-24.1],[-27.5,-24.5],[-27.5,-24.3],[-27,-24],[-27,-24.1]]]]}},{"type":"Feature","properties":{},"geometry":{"type":"MultiPolygon","coordinates":[[[[-28.7,-24],[-29,-23.7],[-29.4,-23.7],[-29.8,-23.4],[-29.9,-23],[-29.7,-23.1],[-29.6,-23.3],[-29.3,-23.4],[-29,-23.6],[-28.7,-23.6],[-28.6,-23.8],[-28.7,-23.9],[-28.7,-24]]]]}},{"type":"Feature","properties":{},"geometry":{"type":"MultiPolygon","coordinates":[[[[-29.5,-35.1],[-28.3,-35],[-27.9,-35],[-28.3,-35.5],[-28.6,-35.6],[-28.9,-35.7],[-29.4,-35.9],[-29.6,-35.3],[-29.5,-35.1]]]]}},{"type":"Feature","properties":{},"geometry":{"type":"MultiPolygon","coordinates":[[[[-30.3,-35.3],[-29.5,-35.1],[-29.5,-36],[-29.7,-36.2],[-29.7,-36.3],[-29.9,-36.5],[-30.3,-36.7],[-30.9,-37.1],[-30.9,-36.9],[-30.9,-36.8],[-30.5,-36.6],[-30.7,-36.5],[-30.6,-36.3],[-30.6,-36.2],[-30.7,-36],[-30.6,-35.9],[-30.3,-35.9],[-30.6,-35.7],[-30.5,-35.6],[-30.6,-35.5],[-30.3,-35.4],[-30.3,-35.3]]]]}},{"type":"Feature","properties":{},"geometry":{"type":"MultiPolygon","coordinates":[[[[-31.6,-35.6],[-30.7,-35.4],[-30.9,-36],[-31.2,-36],[-31.5,-35.7],[-31.6,-35.6]]]]}},{"type":"Feature","properties":{},"geometry":{"type":"MultiPolygon","coordinates":[[[[-42,-44.2],[-42.4,-44.1],[-43,-43.3],[-43.2,-42.4],[-43,-41.4],[-42.9,-41],[-43,-40.3],[-43.4,-39.6],[-43.6,-39.6],[-44.3,-39.5],[-44.6,-39.1],[-44.6,-38.9],[-44.6,-38.8],[-44.6,-38.6],[-44.9,-38.2],[-45,-37.9],[-45.5,-37.7],[-45.7,-37.6],[-45.8,-37.5],[-46.1,-37.5],[-46.2,-37.4],[-46.3,-37],[-46.8,-36.8],[-47.4,-36.5],[-47.4,-36.4],[-48.6,-34.4],[-46.7,-35.5],[-45,-36.2],[-42.7,-36.9],[-37.3,-37.8],[-33.2,-36.3],[-31.7,-35.6],[-31.2,-36.1],[-31.2,-36.7],[-31.4,-36.4],[-31.4,-36.7],[-31.5,-36.9],[-31.7,-36.8],[-31.8,-36.9],[-31.9,-37.1],[-31.7,-37.4],[-31.6,-38.6],[-31.5,-37.8],[-31.6,-37.9],[-31.9,-37.9],[-32,-38.1],[-32.5,-37.9],[-32.2,-38.2],[-31.7,-38.4],[-32,-38.7],[-32.6,-38.7],[-32.7,-38.5],[-33.1,-38.3],[-32.9,-38.7],[-33.3,-38.7],[-32.9,-39],[-32.8,-39],[-33.1,-39.2],[-33.3,-39.1],[-33.7,-39],[-34,-39],[-35,-39.3],[-36.5,-39.4],[-36.9,-39.5],[-37.6,-39.4],[-37.9,-39.5],[-38.2,-39.5],[-38.5,-39.3],[-38.7,-39.6],[-39.1,-39.6],[-39.2,-39.7],[-39.4,-39.8],[-39.5,-39.9],[-39.6,-39.9],[-39.8,-40],[-39.9,-40],[-40.1,-40.1],[-40.2,-40.1],[-40.3,-40.2],[-40.4,-40.4],[-40.6,-40.6],[-41.3,-42.8],[-41.5,-42.7],[-42,-43.9],[-42,-44.2]]]]}},{"type":"Feature","properties":{},"geometry":{"type":"MultiPolygon","coordinates":[[[[-52.3,-28.5],[-49.8,-28.5],[-47.9,-28.2],[-45.1,-27.7],[-45.8,-29],[-51.3,-29],[-52.3,-28.5]]]]}},{"type":"Feature","properties":{},"geometry":{"type":"MultiPolygon","coordinates":[[[[-24.3,-22.5],[-25.1,-22.7],[-24.5,-22.1],[-23.6,-21.7],[-24.3,-22.5]]]]}},{"type":"Feature","properties":{},"geometry":{"type":"MultiPolygon","coordinates":[[[[-22.4,-21.6],[-23.4,-22.2],[-24.3,-22.5],[-23.4,-21.4],[-23.1,-21.3],[-23.1,-21.4],[-23,-21.5],[-23,-21.3],[-22.9,-21.3],[-23,-21.7],[-22.7,-21.6],[-22.4,-21.5],[-22.4,-21.6]]]]}},{"type":"Feature","properties":{},"geometry":{"type":"MultiPolygon","coordinates":[[[[-22.6,-21.3],[-22.5,-21.3],[-22.7,-21.4],[-22.6,-21.3]]]]}},{"type":"Feature","properties":{},"geometry":{"type":"MultiPolygon","coordinates":[[[[51,28.8],[53.7,30.1],[53.8,28.2],[51.9,27.1],[49,26.3],[48.6,28.2],[50.5,28.5],[51,28.8]]]]}},{"type":"Feature","properties":{},"geometry":{"type":"MultiPolygon","coordinates":[[[[44.7,28.9],[47.4,28.4],[46,27.1],[43.5,28.3],[44.7,28.9]]]]}},{"type":"Feature","properties":{},"geometry":{"type":"MultiPolygon","coordinates":[[[[46.3,30.7],[48.6,30.3],[50.9,30.8],[51.2,30.8],[49.7,29.3],[48.2,29],[45.5,30],[46.3,30.7]]]]}},{"type":"Feature","properties":{},"geometry":{"type":"MultiPolygon","coordinates":[[[[51.7,27.1],[53.6,28],[55.5,27.4],[55.4,25.3],[52.3,23.6],[49.1,22.6],[49.6,25.6],[51.3,26.8],[51.7,27.1]]]]}},{"type":"Feature","properties":{},"geometry":{"type":"MultiPolygon","coordinates":[[[[53.8,25],[53.8,22],[50.1,21],[49.3,23.1],[52.6,24.4],[53.8,25]]]]}},{"type":"Feature","properties":{},"geometry":{"type":"MultiPolygon","coordinates":[[[[138.3,-15.3],[138.5,-15.6],[138.6,-15.7],[138.6,-15.8],[138.7,-16.2],[138.8,-16.3],[138.8,-16.4],[138.8,-16.5],[138.9,-16.6],[138.9,-16.8],[139,-16.8],[139,-16.9],[139.1,-16.9],[139.1,-17],[139.2,-17.1],[139.2,-17.2],[139.3,-17.2],[139.3,-17.3],[139.3,-17.4],[139.4,-17.4],[139.4,-17.5],[139.5,-17.6],[139.8,-17.8],[139.9,-17.8],[140,-17.8],[140.1,-17.8],[140.2,-17.8],[140.3,-17.8],[140.4,-17.8],[140.5,-17.8],[140.6,-17.8],[140.6,-17.9],[140.7,-17.9],[140.8,-17.9],[140.9,-17.9],[141,-17.9],[141.1,-17.9],[141.2,-17.9],[141.3,-18],[141.4,-18],[141.4,-18.1],[141.4,-18.2],[141.4,-18.3],[141.3,-18.3],[141.3,-18.4],[141.3,-18.5],[141.3,-18.6],[141.3,-18.7],[141.3,-18.8],[141.3,-18.9],[141.3,-19],[141.3,-19.1],[141.3,-19.2],[141.2,-19.3],[141.2,-19.4],[141.2,-19.5],[141.2,-19.6],[141.1,-19.6],[141.1,-19.7],[141.1,-19.8],[141.1,-19.9],[141.1,-20],[141.6,-20.2],[142.1,-20.2],[142,-20.2],[141.9,-20.3],[141.9,-20.4],[141.9,-20.5],[141.9,-20.6],[141.8,-20.6],[141.8,-20.7],[141.9,-21],[142,-21.1],[142,-21.3],[142,-21.6],[142.1,-21.6],[142.1,-21.7],[142.1,-21.8],[142.1,-22.1],[142.1,-22.2],[142.1,-22.3],[142.1,-22.4],[142.1,-22.5],[142.1,-22.6],[142,-22.6],[142,-22.7],[142,-22.8],[141.9,-22.8],[141.9,-22.9],[141.9,-23],[141.8,-23],[141.8,-23.1],[141.8,-23.2],[141.9,-23.3],[141.9,-23.4],[142,-23.4],[142,-23.5],[141.9,-23.6],[141.9,-23.7],[141.9,-23.8],[141.9,-23.9],[141.9,-24],[141.8,-24.1],[141.8,-24.2],[141.7,-24.3],[141.7,-24.4],[141.6,-24.4],[141.6,-24.5],[141.5,-24.6],[141.5,-24.7],[141.5,-24.8],[141.4,-24.9],[141.4,-25],[141.4,-25.1],[141.3,-25.2],[141.3,-25.3],[141.3,-25.4],[141.3,-25.5],[141.2,-25.5],[141.2,-25.6],[141.2,-25.7],[141.2,-25.8],[141.1,-25.8],[141.1,-25.9],[141,-25.9],[141,-26],[140.9,-26],[140.9,-26.1],[140.8,-26.1],[140.8,-26.2],[140.7,-26.2],[140.6,-26.2],[140.5,-26.2],[140.5,-26.1],[140.5,-26],[140.4,-26],[140.4,-25.9],[140.3,-25.9],[140.2,-25.9],[140.1,-25.8],[140,-25.8],[139.9,-25.8],[139.9,-25.7],[139.8,-25.7],[139.8,-25.6],[139.7,-25.6],[139.6,-25.5],[139.5,-25.4],[139.4,-25.4],[139.4,-25.3],[139.3,-25.3],[139.2,-25.2],[139.1,-25.2],[139,-25.1],[138.9,-25.1],[138.9,-25],[138.8,-25],[138.7,-24.9],[138.6,-24.9],[138.6,-24.8],[138.5,-24.8],[138.5,-24.7],[138.4,-24.7],[138.4,-24.6],[138.3,-24.6],[138.3,-24.5],[138.3,-24.4],[138.3,-24.3],[138.2,-24.3],[138.2,-24.2],[138.2,-24.1],[138.2,-24],[138.2,-23.9],[138.1,-23.9],[138.1,-23.8],[138,-23.8],[138,-23.7],[138,-23.6],[137.9,-23.6],[137.9,-23.5],[137.8,-23.5],[137.8,-23.6],[137.7,-23.6],[137.6,-23.5],[137.6,-23.4],[137.5,-23.4],[137.5,-23.3],[137.4,-23.2],[137.3,-23.2],[137.3,-23.1],[137.2,-23.1],[137.1,-23],[137.1,-22.9],[137.2,-22.9],[137.3,-22.9],[137.2,-22.9],[137.2,-22.8],[137.1,-22.8],[137,-22.8],[137,-22.7],[136.9,-22.7],[136.9,-22.6],[137,-22.6],[137,-22.5],[136.9,-22.5],[136.9,-22.4],[136.8,-22.4],[136.8,-22.3],[136.7,-22.3],[136.7,-22.2],[136.7,-22.1],[136.7,-22],[136.7,-21.9],[136.7,-21.8],[136.7,-21.7],[136.7,-21.6],[136.7,-21.5],[136.8,-21.5],[136.9,-21.4],[136.9,-21.3],[136.9,-21.2],[136.9,-21.1],[136.9,-21],[136.9,-20.9],[136.9,-20.8],[136.9,-20.7],[137,-20.6],[137,-20.5],[137,-20.4],[137,-20.3],[137.1,-19.9],[137,-19.9],[137,-19.7],[136.6,-18.2],[135.9,-16.6],[135.5,-15.8],[135.2,-15.5],[135.4,-15.2],[135.3,-15.1],[135.1,-15.1],[135,-14.8],[135.2,-14.6],[135,-14.3],[134.9,-14],[134.8,-13.4],[134.9,-13.4],[135.2,-13.3],[136,-13.9],[136.4,-14.2],[136.9,-14.5],[137.6,-15.4],[138.2,-15.4],[138.3,-15.3]]]]}},{"type":"Feature","properties":{},"geometry":{"type":"MultiPolygon","coordinates":[[[[127.7,-18.3],[127.7,-18.4],[127.8,-18.5],[127.8,-18.6],[127.9,-18.6],[127.9,-18.7],[127.9,-18.8],[127.9,-18.9],[127.9,-19],[127.8,-19],[127.8,-19.1],[127.7,-19.2],[127.7,-19.3],[127.7,-19.4],[127.7,-19.5],[127.7,-19.6],[127.7,-19.7],[127.6,-19.7],[127.5,-19.7],[127.4,-19.8],[127.4,-19.9],[127.4,-20],[127.5,-20],[127.5,-20.1],[127.5,-20.2],[127.6,-20.3],[127.6,-20.4],[127.7,-20.5],[127.7,-20.6],[127.7,-20.7],[127.7,-20.8],[127.8,-20.8],[127.9,-20.8],[128,-20.8],[128,-20.9],[128.1,-20.9],[128.2,-20.9],[128.2,-21],[128.3,-21],[128.3,-21.1],[128.4,-21.1],[128.4,-21.2],[128.4,-21.3],[128.4,-21.4],[128.5,-21.4],[128.6,-21.4],[128.6,-21.5],[128.7,-21.5],[128.8,-21.6],[129.4,-21.7],[129.8,-22.8],[130,-23.2],[130.1,-23.2],[130.1,-23.3],[130.2,-23.3],[130.2,-23.4],[130.3,-23.4],[130.4,-23.3],[130.5,-23.3],[130.6,-23.3],[131,-23.5],[131.1,-23.5],[131.1,-23.6],[131.2,-23.6],[131.2,-23.7],[131.3,-23.7],[131.3,-23.8],[131.4,-23.8],[131.4,-23.9],[131.5,-23.9],[131.6,-23.9],[131.6,-24],[131.7,-24],[131.7,-24.1],[131.6,-24.1],[131.6,-24.2],[131.7,-24.3],[131.8,-24.3],[131.9,-24.4],[132,-24.4],[132.1,-24.5],[132.2,-24.5],[132.3,-24.5],[132.4,-24.5],[132.5,-24.5],[132.6,-24.5],[132.6,-24.4],[132.7,-24.4],[132.8,-24.3],[132.9,-24.3],[132.9,-24.2],[133,-24.2],[133,-24.1],[133,-24],[133.1,-24],[133,-24],[133,-23.9],[132.9,-23.9],[132.8,-23.8],[132.7,-23.8],[132.8,-23.7],[132.9,-23.7],[133,-23.6],[133,-23.5],[133.1,-23.5],[133.1,-23.4],[133.1,-23.3],[133.1,-23.2],[133.1,-23.1],[133.1,-23],[133.1,-22.9],[133.2,-22.8],[133.2,-22.7],[133.1,-22.7],[133.2,-22.6],[133.3,-22.5],[133.4,-22.4],[133.5,-22.3],[133.5,-22.2],[133.6,-22.2],[133.6,-22.1],[133.7,-22.1],[133.8,-22],[133.9,-22],[134,-22],[134.1,-21.9],[134.2,-21.9],[134.3,-21.8],[134.4,-21.7],[134.5,-21.7],[134.5,-21.6],[134.6,-21.5],[134.7,-21.4],[134.8,-21.4],[134.8,-21.3],[134.9,-21.3],[135,-21.2],[135.1,-21.1],[135.2,-21],[135.3,-21],[135.3,-20.9],[135.4,-20.9],[135.5,-20.9],[135.5,-20.8],[135.6,-20.8],[135.6,-20.7],[135.7,-20.7],[135.8,-20.7],[135.8,-20.6],[135.9,-20.6],[136,-20.6],[136.1,-20.5],[136.2,-20.5],[136.3,-20.5],[136.4,-20.4],[136.5,-20.4],[136.6,-20.3],[136.9,-19.9],[137,-19.9],[137.1,-19.9],[137,-20.3],[137,-20.4],[137,-20.5],[137,-20.6],[136.9,-20.7],[136.9,-20.8],[136.9,-20.9],[136.9,-21],[136.9,-21.1],[136.9,-21.2],[136.9,-21.3],[136.9,-21.4],[136.8,-21.5],[136.7,-21.5],[136.7,-21.6],[136.7,-21.7],[136.7,-21.8],[136.7,-21.9],[136.7,-22],[136.7,-22.1],[136.7,-22.2],[136.7,-22.3],[136.8,-22.3],[136.8,-22.4],[136.9,-22.4],[136.9,-22.5],[137,-22.5],[137,-22.6],[136.9,-22.6],[136.9,-22.7],[137,-22.7],[137,-22.8],[137.1,-22.8],[137.2,-22.8],[137.2,-22.9],[137.3,-22.9],[137.2,-22.9],[137.1,-22.9],[137.1,-23],[137.1,-23.1],[137.2,-23.1],[137.3,-23.1],[137.3,-23.2],[137.4,-23.2],[137.5,-23.3],[137.5,-23.4],[137.6,-23.4],[137.6,-23.5],[137.7,-23.6],[137.8,-23.6],[137.8,-23.5],[137.9,-23.5],[137.9,-23.6],[138,-23.6],[138,-23.7],[138,-23.8],[138.1,-23.8],[138.1,-23.9],[138.2,-23.9],[138.2,-24],[138.2,-24.1],[138.2,-24.2],[138.2,-24.3],[138.3,-24.3],[138.3,-24.4],[138.3,-24.5],[138.3,-24.6],[138.4,-24.6],[138.4,-24.7],[138.5,-24.8],[138.6,-24.8],[138.6,-24.9],[138.7,-24.9],[138.7,-25],[138.8,-25],[138.9,-25],[138.9,-25.1],[139,-25.1],[139.1,-25.2],[139.2,-25.2],[139.2,-25.3],[139.3,-25.3],[139.4,-25.3],[139.4,-25.4],[139.5,-25.4],[139.6,-25.5],[139.7,-25.6],[139.8,-25.7],[139.9,-25.7],[139.9,-25.8],[140,-25.8],[140.1,-25.8],[140.2,-25.9],[140.3,-25.9],[140.4,-25.9],[140.5,-26],[140.5,-26.1],[140.5,-26.2],[140.6,-26.2],[140.7,-26.2],[140.8,-26.2],[140.8,-26.3],[140.6,-26.5],[140.6,-26.6],[140.6,-26.7],[140.5,-26.7],[140.4,-26.7],[140.4,-26.8],[140.3,-26.8],[140.2,-26.9],[140.1,-26.9],[140.1,-27],[140,-27],[139.9,-27.1],[139.8,-27.1],[139.8,-27.2],[139.7,-27.2],[139.6,-27.2],[139.5,-27.2],[139.5,-27.3],[139.4,-27.3],[139.3,-27.3],[139.2,-27.3],[139.1,-27.3],[139,-27.3],[138.9,-27.3],[138.8,-27.3],[138.7,-27.3],[138.6,-27.3],[138.6,-27.4],[138.5,-27.4],[138.4,-27.4],[138.3,-27.4],[138.2,-27.4],[138.2,-27.3],[138.1,-27.3],[138,-27.3],[137.9,-27.3],[137.8,-27.3],[137.7,-27.3],[137.7,-27.4],[137.6,-27.4],[137.5,-27.4],[137.4,-27.4],[137.3,-27.4],[137.2,-27.4],[137.1,-27.4],[137.2,-27.4],[137.2,-27.5],[137.3,-27.6],[137.3,-27.7],[137.4,-27.7],[137.4,-27.8],[137.5,-27.9],[137.5,-28],[137.6,-28],[137.6,-28.1],[137.6,-28.2],[137.7,-28.2],[137.7,-28.3],[137.8,-28.3],[137.8,-28.4],[137.8,-28.5],[137.8,-28.6],[137.7,-28.6],[137.7,-28.7],[137.6,-28.7],[137.6,-28.8],[137.5,-28.9],[137.4,-28.9],[137.3,-28.9],[137.2,-28.8],[137.1,-28.8],[137,-28.8],[136.9,-28.8],[136.7,-28.7],[136.6,-28.7],[136.5,-28.6],[136.4,-28.6],[136.3,-28.6],[136.2,-28.5],[136.1,-28.5],[136.1,-28.6],[136,-28.6],[136,-28.7],[136,-28.8],[136,-28.9],[135.9,-28.9],[135.9,-29],[135.9,-29.1],[135.8,-29.1],[135.8,-29.2],[135.8,-29.3],[135.8,-29.4],[135.7,-29.4],[135.7,-29.5],[135.7,-29.6],[135.7,-29.7],[135.7,-29.8],[135.7,-29.9],[135.6,-29.9],[135.6,-30],[135.6,-30.1],[135.5,-30.2],[135.4,-30.3],[135.3,-30.4],[135.2,-30.5],[135.1,-30.5],[135,-30.6],[134.9,-30.6],[134.8,-30.7],[134.7,-30.7],[134.6,-30.7],[134.6,-30.8],[134.5,-30.8],[134.4,-30.8],[134.3,-30.9],[134.2,-30.9],[134.1,-30.9],[134.1,-31],[134,-31],[134,-31.1],[133.9,-31.1],[133.8,-31.2],[133.7,-31.2],[133.7,-31.3],[133.6,-31.3],[133.6,-31.4],[133.5,-31.4],[133.4,-31.4],[133.4,-31.5],[133.3,-31.5],[133.2,-31.5],[133.2,-31.6],[133.1,-31.6],[133,-31.6],[132.9,-31.6],[132.8,-31.6],[132.7,-31.7],[132.6,-31.7],[132.5,-31.7],[132.3,-31.7],[132.2,-31.7],[132.1,-31.7],[132,-31.7],[131.9,-31.7],[131.8,-31.7],[131.7,-31.7],[131.6,-31.7],[131.5,-31.7],[131.4,-31.7],[131.3,-31.7],[131.2,-31.7],[131.1,-31.7],[131,-31.7],[131,-31.8],[130.9,-31.9],[130.8,-32],[130.7,-32],[130.7,-32.1],[130.6,-32.2],[130.5,-32.2],[130.5,-32.3],[130.4,-32.3],[130.3,-32.3],[130.2,-32.3],[130.1,-32.3],[130,-32.4],[129.9,-32.4],[129.9,-32.5],[129.8,-32.5],[129.7,-32.5],[129.7,-32.6],[129.6,-32.6],[129.5,-32.7],[129.4,-32.7],[129.3,-32.7],[129.2,-32.7],[129.1,-32.6],[129,-32.6],[128.9,-32.5],[128.8,-32.4],[128.7,-32.3],[128.6,-32.2],[128.6,-32.3],[128.5,-32.3],[128.4,-32.4],[128.3,-32.4],[128.3,-32.5],[128.2,-32.5],[128.1,-32.5],[128.1,-32.4],[128,-32.3],[128,-32.2],[127.9,-32.2],[127.9,-32.1],[127.8,-32.1],[127.8,-32],[127.7,-31.9],[127.6,-32],[127.6,-32.1],[127.5,-32.2],[127.5,-32.3],[127.4,-32.4],[127.4,-32.3],[127.3,-32.3],[127.3,-32.2],[127.2,-32.2],[127.2,-32.1],[127.1,-32.1],[127.1,-32],[127,-32],[126.9,-31.9],[126.8,-31.9],[126.7,-31.9],[126.6,-31.9],[126.5,-31.9],[126.4,-32],[126.3,-32],[126.2,-32],[126.1,-32],[126,-32],[125.9,-32],[125.9,-32.1],[125.8,-32.1],[125.7,-32.1],[125.7,-32.2],[125.6,-32.2],[125.5,-32.2],[125.5,-32.3],[125.4,-32.3],[125.3,-32.3],[125.2,-32.4],[125.1,-32.4],[125,-32.4],[124.9,-32.5],[124.8,-32.5],[124.7,-32.5],[124.6,-32.5],[124.5,-32.5],[124.4,-32.5],[124.3,-32.5],[124.2,-32.5],[124.1,-32.5],[124,-32.5],[123.9,-32.5],[123.9,-32.4],[123.8,-32.4],[123.8,-32.3],[123.7,-32.3],[123.6,-32.3],[123.5,-32.2],[123.4,-32.2],[123.3,-32.2],[123.2,-32.1],[123.1,-32.1],[123,-32.1],[122.9,-32],[122.8,-32],[122.7,-31.9],[122.6,-31.9],[122.5,-31.8],[122.4,-31.8],[122.4,-31.7],[122.3,-31.7],[122.2,-31.6],[122.1,-31.6],[122.1,-31.5],[122,-31.5],[122,-31.4],[121.9,-31.4],[121.8,-31.3],[121.7,-31.3],[121.7,-31.2],[121.6,-31.2],[121.5,-31.1],[121.4,-31],[121.4,-30.9],[121.5,-30.9],[121.5,-30.8],[121.4,-30.7],[121.3,-30.7],[121.2,-30.7],[121.1,-30.6],[121,-30.6],[120.9,-30.6],[120.8,-30.6],[120.7,-30.6],[120.7,-30.5],[120.6,-30.5],[120.5,-30.4],[120.5,-30],[120.5,-29.4],[120.2,-28.6],[120.2,-28.3],[120.5,-28],[120.5,-27.6],[120.7,-27.8],[121.6,-28.3],[121.3,-27.9],[121.6,-27.7],[121.5,-27.6],[121.1,-27.5],[121.1,-27.4],[121.1,-27.2],[120.8,-27.1],[120.9,-27],[121,-27.1],[121.4,-27.1],[121.4,-27],[121.7,-27],[121.7,-26.9],[122.3,-26.6],[121.6,-26.6],[121.8,-26.6],[121.6,-26.3],[121.3,-26.3],[121.3,-26.1],[121.5,-25.9],[121.5,-25.8],[121.8,-25.8],[121.8,-25.7],[121.6,-25.6],[121.6,-25.5],[121.8,-25.4],[121.9,-25.2],[121.7,-25.2],[121.5,-25],[121.7,-24.9],[121.8,-24.5],[121.9,-24.6],[122.1,-24.6],[122.1,-24.3],[121.9,-24.1],[121.8,-24],[122,-24],[122.2,-24.2],[122.3,-23.8],[122.5,-23.8],[122.7,-23.6],[122.6,-23.4],[123,-23.5],[123.2,-23.4],[124,-23.6],[124.3,-23.8],[124.4,-24.2],[124.5,-24.1],[124.5,-24],[124.7,-23.8],[124.8,-23.8],[124.8,-23.5],[125.2,-23.4],[125.4,-23.5],[125.4,-23.4],[125.4,-23.2],[125.8,-23.4],[125.7,-23],[125.9,-22.9],[125.8,-22.9],[125.6,-22.9],[125.6,-22.8],[125.3,-22.9],[125.2,-22.6],[125.2,-22.4],[125.2,-22.1],[125.3,-21.7],[125.1,-21.3],[125.2,-20.8],[125.4,-20.7],[125.2,-20.5],[125.5,-20.6],[125.7,-20.5],[125.4,-20.3],[125.6,-19.8],[126.5,-19.7],[126.8,-19.5],[126.9,-19.2],[126.7,-18.8],[126.6,-18.8],[126.4,-18.7],[125.9,-19],[125.8,-18.9],[126,-18.7],[125.9,-18.6],[126.2,-18.6],[126.8,-18.5],[127.3,-18.5],[127.5,-18.5],[127.7,-18.3]]]]}},{"type":"Feature","properties":{},"geometry":{"type":"MultiPolygon","coordinates":[[[[129.7,-17.5],[129.6,-17.8],[129.7,-17.6],[129.7,-17.5]]]]}},{"type":"Feature","properties":{},"geometry":{"type":"MultiPolygon","coordinates":[[[[129.5,-17.8],[129.4,-17.9],[129.3,-17.9],[129.5,-17.8]]]]}},{"type":"Feature","properties":{},"geometry":{"type":"MultiPolygon","coordinates":[[[[130.8,-17.9],[130.7,-17.9],[130.7,-17.8],[130.8,-17.9]]]]}},{"type":"Feature","properties":{},"geometry":{"type":"MultiPolygon","coordinates":[[[[130.8,-18],[130.7,-18],[130.7,-17.9],[130.8,-18]]]]}},{"type":"Feature","properties":{},"geometry":{"type":"MultiPolygon","coordinates":[[[[130.9,-18.1],[130.8,-18.1],[130.8,-18],[130.9,-18.1]]]]}},{"type":"Feature","properties":{},"geometry":{"type":"MultiPolygon","coordinates":[[[[130.8,-20],[130.8,-19.9],[130.8,-19.8],[130.8,-20]]]]}},{"type":"Feature","properties":{},"geometry":{"type":"MultiPolygon","coordinates":[[[[135.5,-20.4],[135.4,-20.3],[135.3,-20.2],[135.5,-20.4]]]]}},{"type":"Feature","properties":{},"geometry":{"type":"MultiPolygon","coordinates":[[[[124.6,-19.5],[124.7,-19.5],[124.9,-19.4],[125,-19.3],[125.2,-19.2],[125.6,-19.2],[125.5,-19.6],[124.6,-19.5]]]]}},{"type":"Feature","properties":{},"geometry":{"type":"MultiPolygon","coordinates":[[[[131.5,-18.7],[131.6,-18.7],[131.8,-18.9],[131.4,-19.2],[131.3,-19],[131.4,-18.5],[131.5,-18.7]]]]}},{"type":"Feature","properties":{},"geometry":{"type":"MultiPolygon","coordinates":[[[[124.5,-19.7],[124.7,-19.8],[124.9,-20],[124.3,-20.1],[124.5,-20],[124.4,-19.9],[124.5,-19.7]]]]}},{"type":"Feature","properties":{},"geometry":{"type":"MultiPolygon","coordinates":[[[[135.3,-19.5],[135.4,-19.8],[135.1,-19.9],[135.3,-19.5]]]]}},{"type":"Feature","properties":{},"geometry":{"type":"MultiPolygon","coordinates":[[[[137.6,-28.8],[137.5,-29],[137.5,-29.1],[137.5,-29.2],[137.5,-29.3],[137.5,-29.4],[137.6,-29.4],[137.6,-29.5],[137.6,-29.6],[137.5,-29.6],[137.5,-29.7],[137.5,-29.8],[137.4,-30],[137.1,-30.6],[136.7,-30.9],[136.3,-31.1],[136,-31.3],[136,-31.5],[136.4,-31.2],[136.6,-31.2],[136.2,-31.6],[135.8,-32.1],[135.2,-32.5],[135.1,-32.8],[134.6,-33.1],[134.3,-33.5],[134,-33.5],[133.5,-33.7],[133.1,-33.7],[132.9,-33.7],[132.4,-33.7],[132.3,-33.7],[132.2,-33.7],[132.2,-33.6],[132.1,-33.6],[132,-33.6],[132,-33.7],[131.9,-33.7],[131.8,-33.7],[131.8,-33.8],[131.7,-33.8],[131.6,-33.8],[131.5,-33.8],[131.5,-33.7],[131.4,-33.7],[131.3,-33.7],[131.2,-33.7],[131.2,-33.8],[131.1,-33.8],[131,-33.8],[131,-33.9],[130.9,-33.9],[130.8,-34],[130.7,-34],[130.7,-34.1],[130.6,-34.1],[130.5,-34.1],[130.4,-34.1],[130.3,-34.2],[130.2,-34.2],[130.1,-34.2],[130,-34.2],[129.9,-34.2],[129.8,-34.2],[129.8,-34.3],[129.7,-34.3],[129.7,-34.2],[129.6,-34.2],[129.5,-34.2],[129.4,-34.2],[129.3,-34.2],[129.2,-34.2],[129.1,-34.2],[129,-34.2],[129,-34.1],[128.9,-34.1],[128.8,-34.1],[128.3,-33.8],[128,-33.6],[127.9,-33.6],[127.8,-33.6],[127.7,-33.6],[127.6,-33.6],[127.5,-33.6],[127.4,-33.6],[127.4,-33.5],[127.3,-33.5],[127.2,-33.5],[127.1,-33.5],[127.1,-33.4],[127,-33.4],[126.9,-33.4],[126.9,-33.3],[126.8,-33.3],[126.7,-33.3],[126.7,-33.2],[126.6,-33.2],[126.5,-33.2],[126.5,-33.1],[126.4,-33.1],[126.4,-33],[126.3,-33],[126.2,-33],[126.2,-32.9],[126.1,-32.9],[126,-32.8],[126,-32.9],[125.9,-32.9],[125.8,-32.9],[125.7,-32.9],[125.7,-33],[125.6,-33],[125.5,-33],[125.4,-33],[125.4,-33.1],[125.3,-33.1],[125.2,-33.1],[125.1,-33.1],[125,-33.1],[125,-33.2],[125.1,-33.2],[125,-33.2],[125,-33.3],[124.9,-33.3],[124.8,-33.3],[124.7,-33.3],[124.6,-33.3],[124.5,-33.4],[124.4,-33.4],[124.3,-33.4],[124.2,-33.4],[124.1,-33.4],[124,-33.4],[123.9,-33.4],[123.8,-33.4],[123.7,-33.4],[123.6,-33.5],[123.5,-33.4],[123.4,-33.4],[123.3,-33.4],[123.2,-33.4],[123.1,-33.4],[123,-33.4],[123,-33.3],[122.9,-33.3],[122.8,-33.3],[122.8,-33.2],[122.7,-33.2],[122.7,-33.1],[122.6,-33.1],[122.5,-33],[122.4,-33],[122.4,-32.9],[122.3,-32.9],[122.3,-32.8],[122.2,-32.8],[122.1,-32.7],[122,-32.7],[122,-32.6],[121.9,-32.6],[121.9,-32.5],[121.8,-32.5],[121.7,-32.4],[121.6,-32.4],[121.6,-32.3],[121.5,-32.3],[121.4,-32.2],[121.3,-32.1],[121.2,-32.1],[121.1,-32],[121,-31.9],[120.9,-31.8],[120.8,-31.7],[120.7,-31.7],[120.6,-31.6],[120.5,-31.6],[120.4,-31.6],[120.3,-31.6],[120.3,-31.5],[120.2,-31.5],[120.6,-30.5],[120.7,-30.5],[120.7,-30.6],[120.8,-30.6],[120.9,-30.6],[121,-30.6],[121.1,-30.6],[121.2,-30.6],[121.2,-30.7],[121.3,-30.7],[121.4,-30.7],[121.5,-30.7],[121.5,-30.8],[121.5,-30.9],[121.4,-30.9],[121.4,-31],[121.5,-31.1],[121.6,-31.2],[121.7,-31.3],[121.8,-31.3],[121.9,-31.4],[122,-31.4],[122,-31.5],[122.1,-31.5],[122.1,-31.6],[122.2,-31.6],[122.3,-31.7],[122.4,-31.7],[122.5,-31.8],[122.6,-31.8],[122.6,-31.9],[122.7,-31.9],[122.8,-32],[122.9,-32],[123,-32.1],[123.1,-32.1],[123.2,-32.1],[123.3,-32.1],[123.3,-32.2],[123.4,-32.2],[123.5,-32.2],[123.6,-32.2],[123.6,-32.3],[123.7,-32.3],[123.8,-32.3],[123.8,-32.4],[123.9,-32.4],[123.9,-32.5],[124,-32.5],[124.1,-32.5],[124.2,-32.5],[124.3,-32.5],[124.4,-32.5],[124.5,-32.5],[124.6,-32.5],[124.7,-32.5],[124.8,-32.5],[124.9,-32.5],[125,-32.4],[125.1,-32.4],[125.2,-32.4],[125.3,-32.3],[125.4,-32.3],[125.5,-32.3],[125.5,-32.2],[125.6,-32.2],[125.7,-32.2],[125.7,-32.1],[125.8,-32.1],[125.9,-32.1],[125.9,-32],[126,-32],[126.1,-32],[126.2,-32],[126.3,-32],[126.4,-32],[126.4,-31.9],[126.5,-31.9],[126.6,-31.9],[126.7,-31.9],[126.8,-31.9],[126.9,-31.9],[127,-32],[127.1,-32],[127.1,-32.1],[127.2,-32.1],[127.2,-32.2],[127.3,-32.2],[127.3,-32.3],[127.4,-32.3],[127.4,-32.4],[127.4,-32.3],[127.5,-32.3],[127.5,-32.2],[127.5,-32.1],[127.6,-32.1],[127.6,-32],[127.6,-31.9],[127.7,-31.9],[127.7,-32],[127.8,-32],[127.8,-32.1],[127.9,-32.1],[127.9,-32.2],[128,-32.3],[128.1,-32.4],[128.1,-32.5],[128.2,-32.5],[128.3,-32.5],[128.4,-32.4],[128.5,-32.3],[128.6,-32.2],[128.7,-32.2],[128.7,-32.3],[128.8,-32.4],[128.9,-32.5],[129,-32.6],[129.1,-32.6],[129.1,-32.7],[129.2,-32.7],[129.3,-32.7],[129.4,-32.7],[129.5,-32.7],[129.6,-32.6],[129.7,-32.6],[129.7,-32.5],[129.8,-32.5],[129.9,-32.5],[129.9,-32.4],[130,-32.4],[130,-32.3],[130.1,-32.3],[130.2,-32.3],[130.3,-32.3],[130.4,-32.3],[130.5,-32.3],[130.5,-32.2],[130.6,-32.2],[130.6,-32.1],[130.7,-32.1],[130.8,-32],[130.9,-31.9],[131,-31.8],[131,-31.7],[131.1,-31.7],[131.2,-31.7],[131.3,-31.7],[131.4,-31.7],[131.5,-31.7],[131.6,-31.7],[131.7,-31.7],[131.8,-31.7],[131.9,-31.7],[132,-31.7],[132.1,-31.7],[132.2,-31.7],[132.3,-31.7],[132.4,-31.7],[132.5,-31.7],[132.6,-31.7],[132.7,-31.7],[132.8,-31.6],[132.9,-31.6],[133,-31.6],[133.1,-31.6],[133.2,-31.6],[133.3,-31.5],[133.4,-31.5],[133.4,-31.4],[133.5,-31.4],[133.6,-31.4],[133.6,-31.3],[133.7,-31.3],[133.7,-31.2],[133.8,-31.2],[133.9,-31.1],[134,-31.1],[134,-31],[134.1,-31],[134.1,-30.9],[134.2,-30.9],[134.3,-30.9],[134.4,-30.8],[134.5,-30.8],[134.6,-30.8],[134.7,-30.7],[134.8,-30.7],[134.9,-30.7],[134.9,-30.6],[135,-30.6],[135.1,-30.5],[135.2,-30.5],[135.3,-30.4],[135.4,-30.3],[135.5,-30.2],[135.6,-30.1],[135.6,-30],[135.6,-29.9],[135.7,-29.9],[135.7,-29.8],[135.7,-29.7],[135.7,-29.6],[135.7,-29.5],[135.7,-29.4],[135.8,-29.4],[135.8,-29.3],[135.8,-29.2],[135.8,-29.1],[135.9,-29.1],[135.9,-29],[135.9,-28.9],[136,-28.9],[136,-28.8],[136,-28.7],[136,-28.6],[136.1,-28.6],[136.1,-28.5],[136.2,-28.5],[136.3,-28.6],[136.4,-28.6],[136.5,-28.6],[136.6,-28.7],[136.7,-28.7],[136.8,-28.7],[136.9,-28.8],[137,-28.8],[137.1,-28.8],[137.2,-28.8],[137.3,-28.9],[137.4,-28.9],[137.5,-28.9],[137.6,-28.8]]]]}},{"type":"Feature","properties":{},"geometry":{"type":"MultiPolygon","coordinates":[[[[136.8,-31.1],[137.4,-31.1],[137.9,-31],[138.4,-30.9],[138.7,-30.9],[139.2,-30.9],[139.7,-30.8],[140.2,-30.8],[140.3,-30.8],[140.7,-30.9],[140.8,-30.9],[141.1,-30.9],[141.3,-30.9],[141.4,-30.9],[141.5,-30.9],[142,-30.9],[142.1,-30.9],[142.2,-30.9],[142.5,-30.9],[142.9,-30.8],[143.3,-30.7],[143.6,-30.6],[144.5,-30.2],[145,-30.2],[145.3,-30.3],[145.4,-30.5],[145.6,-30.5],[145.7,-30.5],[145.8,-30.5],[145.8,-30.6],[145.9,-30.6],[145.9,-30.7],[146,-30.7],[146,-30.8],[146.1,-30.8],[146.2,-30.8],[146.3,-30.8],[146.4,-30.9],[146.5,-30.9],[146.6,-31],[146.7,-31],[146.7,-31.1],[146.8,-31.1],[146.8,-31.2],[146.9,-31.2],[146.9,-31.3],[147,-31.3],[146.9,-31.4],[146.8,-31.5],[146.6,-32],[146.4,-32.2],[146.2,-32.5],[145.9,-33],[145.7,-33.5],[145.6,-33.7],[145.7,-33.8],[146,-34.2],[146.2,-34.6],[146.3,-34.8],[146.5,-35.3],[146.7,-35.6],[146.7,-35.7],[146.3,-36.2],[146,-35.3],[145.5,-35.9],[145.2,-36.3],[145.2,-35.9],[144.8,-35.4],[144.6,-34.6],[144,-34],[143.9,-34.5],[143.9,-35.3],[143.8,-36.3],[143.8,-36.7],[143.7,-36.9],[143.1,-36.7],[143.4,-36.7],[142.6,-36.2],[141.7,-35.9],[141.4,-36.1],[141.1,-36],[140.9,-35.8],[140.6,-35.7],[140,-35.6],[139.9,-35.7],[138.9,-36.1],[137.4,-36.3],[135.3,-38.2],[133.5,-39.5],[132.7,-41.5],[132.2,-42.2],[131.6,-42.6],[131,-42.9],[130.8,-42.9],[130.8,-42.8],[130.8,-42.7],[130.8,-42.6],[130.7,-42.6],[130.7,-42.5],[130.8,-42.5],[130.8,-42.4],[130.8,-42.5],[130.8,-42.4],[130.8,-42.3],[130.8,-42.2],[130.9,-42.2],[130.9,-42.1],[131,-42.1],[131,-42],[131,-41.9],[131.1,-41.9],[131.2,-42],[131.1,-42],[131.1,-42.1],[131.1,-42.2],[131.1,-42.3],[131,-42.3],[131,-42.4],[131,-42.5],[131.1,-42.5],[131.1,-42.4],[131.2,-42.4],[131.2,-42.3],[131.2,-42.2],[131.3,-42.1],[131.3,-42],[131.3,-41.9],[131.3,-41.8],[131.2,-41.7],[131.2,-41.6],[131.2,-41.5],[131.1,-41.4],[131.1,-41.3],[131.1,-41.2],[131,-41.2],[131,-41.1],[130.9,-41.1],[130.8,-41.2],[130.7,-41.2],[130.6,-41.2],[130.5,-41.2],[130.5,-41.1],[130.4,-41.1],[130.4,-41],[130.4,-40.9],[130.4,-40.8],[130.4,-40.7],[130.4,-40.6],[130.5,-40.5],[130.5,-40.4],[130.5,-40.3],[130.5,-40.2],[130.5,-40.1],[130.6,-40.1],[130.6,-40],[130.6,-39.9],[130.6,-39.8],[130.6,-39.7],[130.6,-39.6],[130.6,-39.5],[130.6,-39.4],[130.6,-39.3],[130.5,-39.3],[130.5,-39.2],[130.5,-39.1],[130.5,-39],[130.5,-38.9],[130.5,-38.8],[130.4,-38.8],[130.4,-38.7],[130.4,-38.6],[130.4,-38.5],[130.3,-38.5],[130.3,-38.4],[130.3,-38.3],[130.3,-38.2],[130.2,-38.1],[130.2,-38],[130.2,-37.9],[130.2,-38],[130.2,-38.1],[130.1,-38.1],[130.1,-38.2],[130.1,-38.3],[130,-38.3],[130,-38.2],[129.9,-38.2],[129.9,-38.1],[129.9,-38],[129.9,-37.9],[129.8,-37.8],[129.8,-37.7],[129.8,-37.6],[129.8,-37.5],[129.8,-37.4],[129.8,-37.3],[129.8,-37.2],[129.8,-37.1],[129.8,-37],[129.9,-37],[129.9,-36.9],[129.9,-36.8],[129.9,-36.7],[129.9,-36.6],[129.9,-36.5],[129.9,-36.4],[129.9,-36.3],[130,-36.3],[130,-36.2],[130,-36.1],[130.1,-36.1],[130.1,-36],[130.2,-35.9],[130.2,-35.8],[130.3,-35.8],[130.3,-35.7],[130.3,-35.6],[130.3,-35.5],[130.4,-35.4],[130.4,-35.3],[130.8,-35.3],[131.1,-35.1],[131.3,-34.7],[131.2,-33.7],[131.3,-33.7],[131.4,-33.7],[131.5,-33.7],[131.5,-33.8],[131.6,-33.8],[131.7,-33.8],[131.8,-33.8],[131.8,-33.7],[131.9,-33.7],[132,-33.7],[132,-33.6],[132.1,-33.6],[132.2,-33.6],[132.2,-33.7],[132.3,-33.7],[132.4,-33.7],[133.1,-33.8],[133.2,-33.6],[133.6,-33.6],[134,-33.5],[134.4,-33.4],[134.8,-33.1],[135.1,-32.7],[135.3,-32.4],[135.9,-32],[136.2,-31.6],[136.8,-31.1]]]]}},{"type":"Feature","properties":{},"geometry":{"type":"MultiPolygon","coordinates":[[[[126.1,-46.4],[126,-46.3],[125.9,-46.3],[125.8,-46.2],[125.9,-46.2],[125.9,-46.1],[126,-46],[126.1,-46],[126.1,-45.9],[126.2,-45.9],[126.3,-45.9],[126.3,-45.8],[126.4,-45.8],[126.5,-45.8],[126.6,-45.8],[126.6,-45.7],[126.7,-45.7],[126.8,-45.7],[126.9,-45.6],[127,-45.6],[127.1,-45.6],[127.2,-45.5],[127.3,-45.5],[127.4,-45.5],[127.4,-45.4],[127.5,-45.4],[127.6,-45.4],[127.7,-45.3],[127.8,-45.3],[127.9,-45.3],[128,-45.2],[128.1,-45.2],[128.2,-45.1],[128.3,-45],[128.4,-45],[128.5,-44.9],[128.6,-44.8],[128.7,-44.7],[128.8,-44.7],[128.9,-44.6],[129,-44.5],[129,-44.4],[129.1,-44.4],[129.1,-44.3],[129.2,-44.4],[129.2,-44.6],[128.8,-44.9],[128.6,-45.5],[128.3,-45.6],[128.2,-45.8],[127.2,-46.3],[126.8,-46.3],[126.1,-46.4]]]]}},{"type":"Feature","properties":{},"geometry":{"type":"MultiPolygon","coordinates":[[[[146.1,-36.4],[146.4,-36.5],[145.8,-36.9],[145.2,-37.2],[146.1,-36.4]]]]}},{"type":"Feature","properties":{},"geometry":{"type":"MultiPolygon","coordinates":[[[[125.8,-46.2],[125.9,-46.3],[126,-46.3],[126.1,-46.4],[125.2,-46.6],[124.8,-45.9],[124,-44.6],[123.9,-44.2],[121.5,-43.1],[120.1,-42.1],[119,-41.5],[116.9,-40.5],[117.5,-40.8],[117.8,-40.9],[116.9,-40.1],[117.3,-40.2],[117.7,-40.4],[117.9,-40],[116.7,-39.5],[115.7,-38.6],[115,-37.4],[115.3,-37],[115.7,-37],[115.6,-36.7],[115.6,-36.4],[116.1,-35.7],[116.1,-35.8],[116.1,-35.9],[116.1,-36],[116,-36],[116,-36.1],[116,-36.2],[116,-36.3],[116,-36.4],[115.9,-36.5],[115.9,-36.6],[115.9,-36.7],[116,-36.7],[116,-36.8],[116.1,-36.9],[116.2,-37],[116.2,-37.1],[116.3,-37.2],[116.4,-37.4],[116.5,-37.6],[116.6,-37.6],[116.6,-37.7],[116.7,-37.7],[116.7,-37.8],[116.8,-38],[116.9,-38.1],[117,-38.2],[117.1,-38.3],[117.1,-38.4],[117.2,-38.4],[117.2,-38.5],[117.3,-38.5],[117.3,-38.6],[117.4,-38.6],[117.5,-38.6],[117.5,-38.7],[117.6,-38.8],[117.7,-38.8],[117.8,-38.9],[117.9,-39],[118,-39.1],[118.1,-39.1],[118.2,-39.1],[118.4,-39.2],[118.5,-39.3],[118.6,-39.3],[118.7,-39.3],[118.8,-39.4],[118.9,-39.4],[118.9,-39.5],[119,-39.6],[119.1,-39.6],[119.1,-39.7],[119.2,-39.7],[119.2,-39.8],[119.3,-39.8],[119.3,-39.9],[119.4,-40],[119.5,-40.1],[119.6,-40.2],[119.6,-40.3],[119.7,-40.3],[119.7,-40.4],[119.8,-40.5],[119.9,-40.6],[119.9,-40.7],[120,-40.7],[120,-40.8],[120.1,-40.8],[120.1,-40.9],[120.2,-40.9],[120.2,-41],[120.3,-41],[120.4,-41.1],[120.5,-41.2],[120.6,-41.3],[120.7,-41.4],[120.8,-41.5],[120.9,-41.6],[121,-41.7],[121.1,-41.7],[121.1,-41.8],[121.2,-41.8],[121.3,-41.9],[121.4,-41.9],[121.4,-42],[121.5,-42],[121.6,-42],[121.6,-42.1],[121.7,-42.1],[121.8,-42.1],[121.9,-42.2],[122,-42.3],[122.1,-42.4],[122.2,-42.4],[122.3,-42.5],[122.4,-42.6],[122.5,-42.7],[122.6,-42.7],[122.6,-42.8],[122.7,-42.8],[122.7,-42.9],[122.8,-42.9],[122.8,-43],[122.9,-43.1],[123,-43.1],[123,-43.2],[123.1,-43.2],[123.2,-43.3],[123.3,-43.4],[123.4,-43.5],[123.5,-43.6],[123.6,-43.7],[123.7,-43.7],[123.7,-43.8],[123.8,-43.9],[123.9,-44],[124,-44.1],[124.1,-44.2],[124.1,-44.3],[124.2,-44.3],[124.2,-44.4],[124.3,-44.5],[124.4,-44.6],[124.4,-44.7],[124.5,-44.7],[124.5,-44.8],[124.6,-44.8],[124.6,-44.9],[124.7,-45],[124.7,-45.1],[124.8,-45.1],[124.8,-45.2],[124.9,-45.3],[125,-45.4],[125.1,-45.5],[125.1,-45.6],[125.2,-45.6],[125.3,-45.7],[125.3,-45.8],[125.4,-45.9],[125.5,-45.9],[125.6,-46],[125.7,-46.1],[125.8,-46.2]]]]}},{"type":"Feature","properties":{},"geometry":{"type":"MultiPolygon","coordinates":[[[[131.2,-33.7],[131.3,-34.7],[131.1,-35.1],[130.8,-35.3],[130.4,-35.3],[130.4,-35.4],[130.3,-35.5],[130.3,-35.6],[130.3,-35.7],[130.3,-35.8],[130.2,-35.8],[130.2,-35.9],[130.1,-36],[130.1,-36.1],[130,-36.1],[130,-36.2],[130,-36.3],[129.9,-36.3],[129.9,-36.4],[129.9,-36.5],[129.9,-36.6],[129.9,-36.7],[129.9,-36.8],[129.9,-36.9],[129.9,-37],[129.8,-37],[129.8,-37.1],[129.8,-37.2],[129.8,-37.3],[129.8,-37.4],[129.8,-37.5],[129.8,-37.6],[129.8,-37.7],[129.8,-37.8],[129.9,-37.9],[129.9,-38],[129.9,-38.1],[129.9,-38.2],[130,-38.2],[130,-38.3],[130.1,-38.3],[130.1,-38.2],[130.1,-38.1],[130.2,-38.1],[130.2,-38],[130.2,-37.9],[130.2,-38],[130.2,-38.1],[130.3,-38.2],[130.3,-38.3],[130.3,-38.4],[130.3,-38.5],[130.4,-38.5],[130.4,-38.6],[130.4,-38.7],[130.4,-38.8],[130.5,-38.8],[130.5,-38.9],[130.5,-39],[130.5,-39.1],[130.5,-39.2],[130.5,-39.3],[130.6,-39.3],[130.6,-39.4],[130.6,-39.5],[130.6,-39.6],[130.6,-39.7],[130.6,-39.8],[130.6,-39.9],[130.6,-40],[130.6,-40.1],[130.5,-40.1],[130.5,-40.2],[130.5,-40.3],[130.5,-40.4],[130.5,-40.5],[130.4,-40.6],[130.4,-40.7],[130.4,-40.8],[130.4,-40.9],[130.4,-41],[130.4,-41.1],[130.5,-41.1],[130.5,-41.2],[130.6,-41.2],[130.7,-41.2],[130.8,-41.2],[130.9,-41.1],[131,-41.1],[131,-41.2],[131.1,-41.2],[131.1,-41.3],[131.1,-41.4],[131.2,-41.5],[131.2,-41.6],[131.2,-41.7],[131.3,-41.8],[131.3,-41.9],[131.3,-42],[131.3,-42.1],[131.2,-42.2],[131.2,-42.3],[131.2,-42.4],[131.1,-42.4],[131.1,-42.5],[131,-42.5],[131,-42.4],[131,-42.3],[131.1,-42.3],[131.1,-42.2],[131.1,-42.1],[131.1,-42],[131.2,-42],[131.1,-41.9],[131,-41.9],[131,-42],[131,-42.1],[130.9,-42.1],[130.9,-42.2],[130.8,-42.2],[130.8,-42.3],[130.8,-42.4],[130.8,-42.5],[130.8,-42.4],[130.8,-42.5],[130.7,-42.5],[130.7,-42.6],[130.8,-42.6],[130.8,-42.7],[130.8,-42.8],[130.8,-42.9],[130.6,-43],[129.2,-44.3],[129.1,-44.3],[129.1,-44.4],[129,-44.4],[129,-44.5],[128.9,-44.6],[128.8,-44.7],[128.7,-44.7],[128.7,-44.8],[128.6,-44.8],[128.5,-44.9],[128.4,-45],[128.3,-45],[128.2,-45.1],[128.1,-45.2],[128,-45.2],[127.9,-45.3],[127.8,-45.3],[127.7,-45.3],[127.6,-45.4],[127.5,-45.4],[127.4,-45.5],[127.3,-45.5],[127.2,-45.5],[127.1,-45.6],[127,-45.6],[126.9,-45.6],[126.8,-45.7],[126.7,-45.7],[126.6,-45.7],[126.6,-45.8],[126.5,-45.8],[126.4,-45.8],[126.3,-45.8],[126.2,-45.9],[126.1,-45.9],[126.1,-46],[126,-46],[126,-46.1],[125.9,-46.1],[125.9,-46.2],[125.8,-46.2],[125.7,-46.1],[125.6,-46],[125.5,-46],[125.5,-45.9],[125.4,-45.8],[125.3,-45.7],[125.2,-45.7],[125.2,-45.6],[125.1,-45.5],[125,-45.5],[124.9,-45.4],[124.9,-45.3],[124.8,-45.2],[124.8,-45.1],[124.7,-45.1],[124.7,-45],[124.6,-45],[124.6,-44.9],[124.6,-44.8],[124.5,-44.8],[124.5,-44.7],[124.4,-44.7],[124.4,-44.6],[124.3,-44.6],[124.3,-44.5],[124.2,-44.4],[124.1,-44.3],[124.1,-44.2],[124,-44.2],[124,-44.1],[123.9,-44],[123.8,-43.9],[123.8,-43.8],[123.7,-43.8],[123.6,-43.7],[123.5,-43.6],[123.4,-43.5],[123.3,-43.4],[123.2,-43.3],[123.1,-43.2],[123,-43.1],[122.9,-43],[122.8,-42.9],[122.7,-42.9],[122.7,-42.8],[122.6,-42.8],[122.5,-42.7],[122.4,-42.6],[122.3,-42.6],[122.3,-42.5],[122.2,-42.5],[122.2,-42.4],[122.1,-42.3],[122,-42.3],[121.9,-42.2],[121.8,-42.2],[121.8,-42.1],[121.7,-42.1],[121.6,-42.1],[121.5,-42],[121.4,-42],[121.4,-41.9],[121.3,-41.9],[121.2,-41.8],[121.1,-41.8],[121.1,-41.7],[121,-41.7],[121,-41.6],[120.9,-41.6],[120.8,-41.5],[120.8,-41.4],[120.7,-41.4],[120.6,-41.3],[120.5,-41.2],[120.4,-41.2],[120.4,-41.1],[120.3,-41.1],[120.3,-41],[120.2,-41],[120.2,-40.9],[120.1,-40.9],[120.1,-40.8],[120,-40.8],[120,-40.7],[119.9,-40.6],[119.8,-40.5],[119.7,-40.4],[119.7,-40.3],[119.6,-40.3],[119.6,-40.2],[119.5,-40.2],[119.5,-40.1],[119.4,-40.1],[119.4,-40],[119.3,-39.9],[119.2,-39.8],[119.1,-39.7],[119.1,-39.6],[119,-39.6],[119,-39.5],[118.9,-39.5],[118.8,-39.4],[118.7,-39.4],[118.7,-39.3],[118.6,-39.3],[118.5,-39.3],[118.5,-39.2],[118.3,-39.2],[118.1,-39.1],[118,-39],[117.9,-39],[117.8,-38.9],[117.7,-38.9],[117.7,-38.8],[117.6,-38.8],[117.6,-38.7],[117.5,-38.7],[117.4,-38.6],[117.3,-38.5],[117.2,-38.5],[117.2,-38.4],[117.1,-38.3],[117,-38.2],[116.9,-38],[116.7,-37.8],[116.6,-37.7],[116.5,-37.6],[116.5,-37.5],[116.4,-37.4],[116.3,-37.3],[116.3,-37.1],[116.2,-37.1],[116.2,-37],[116.1,-36.9],[116,-36.8],[115.9,-36.7],[115.9,-36.6],[115.9,-36.5],[115.9,-36.4],[116,-36.4],[116,-36.3],[116,-36.2],[116,-36.1],[116.1,-36],[116.1,-35.9],[116.1,-35.8],[116.1,-35.7],[116.2,-35.6],[116.5,-34.8],[116.9,-34.4],[117,-34.3],[117.4,-34.1],[117.9,-33.8],[118.1,-33.3],[118.9,-32.6],[119.4,-32.2],[120.2,-31.5],[120.3,-31.5],[120.3,-31.6],[120.4,-31.6],[120.5,-31.6],[120.6,-31.6],[120.7,-31.6],[120.7,-31.7],[120.8,-31.8],[120.9,-31.8],[120.9,-31.9],[121,-31.9],[121.1,-32],[121.2,-32],[121.2,-32.1],[121.3,-32.1],[121.3,-32.2],[121.4,-32.2],[121.5,-32.2],[121.5,-32.3],[121.6,-32.3],[121.6,-32.4],[121.7,-32.4],[121.7,-32.5],[121.8,-32.5],[121.9,-32.5],[121.9,-32.6],[122,-32.6],[122.1,-32.7],[122.2,-32.8],[122.3,-32.8],[122.3,-32.9],[122.4,-32.9],[122.4,-33],[122.5,-33],[122.6,-33],[122.6,-33.1],[122.7,-33.1],[122.7,-33.2],[122.8,-33.2],[122.9,-33.3],[123,-33.3],[123,-33.4],[123.1,-33.4],[123.2,-33.4],[123.3,-33.4],[123.4,-33.4],[123.5,-33.4],[123.6,-33.5],[123.7,-33.4],[123.8,-33.4],[123.9,-33.4],[124,-33.4],[124.1,-33.4],[124.2,-33.4],[124.3,-33.4],[124.4,-33.4],[124.5,-33.3],[124.6,-33.3],[124.7,-33.3],[124.8,-33.3],[124.9,-33.3],[125,-33.3],[125,-33.2],[125.1,-33.2],[125,-33.2],[125,-33.1],[125.1,-33.1],[125.2,-33.1],[125.3,-33.1],[125.4,-33.1],[125.4,-33],[125.5,-33],[125.6,-33],[125.7,-32.9],[125.8,-32.9],[125.9,-32.9],[126,-32.9],[126,-32.8],[126.1,-32.9],[126.2,-32.9],[126.3,-33],[126.4,-33.1],[126.5,-33.1],[126.6,-33.2],[126.7,-33.2],[126.7,-33.3],[126.8,-33.3],[126.9,-33.3],[126.9,-33.4],[127,-33.4],[127.1,-33.4],[127.1,-33.5],[127.2,-33.5],[127.3,-33.5],[127.4,-33.5],[127.4,-33.6],[127.5,-33.6],[127.6,-33.6],[127.7,-33.6],[127.8,-33.6],[127.9,-33.6],[128,-33.6],[128.7,-34],[128.8,-34.1],[128.9,-34.1],[129,-34.1],[129,-34.2],[129.1,-34.2],[129.2,-34.2],[129.3,-34.2],[129.4,-34.2],[129.5,-34.2],[129.6,-34.2],[129.7,-34.2],[129.7,-34.3],[129.8,-34.3],[129.8,-34.2],[129.9,-34.2],[130,-34.2],[130.1,-34.2],[130.2,-34.2],[130.3,-34.2],[130.4,-34.1],[130.5,-34.1],[130.6,-34.1],[130.7,-34.1],[130.7,-34],[130.8,-34],[130.9,-34],[130.9,-33.9],[131,-33.9],[131,-33.8],[131.1,-33.8],[131.2,-33.7]]]]}},{"type":"Feature","properties":{},"geometry":{"type":"MultiPolygon","coordinates":[[[[127.8,-18.3],[127.9,-18.4],[128.2,-18.4],[128.3,-18.4],[128.3,-18.3],[128.5,-18.3],[128.7,-18],[129.1,-18.2],[129.3,-18.1],[129.3,-18],[129.4,-18],[129.4,-17.9],[129.7,-17.6],[129.6,-17.7],[129.6,-17.8],[129.7,-17.8],[129.8,-17.7],[129.9,-17.6],[129.9,-17.7],[130,-17.7],[130,-17.9],[130.1,-17.9],[130.1,-17.8],[130.3,-17.7],[130.3,-17.5],[130.2,-17.5],[130.1,-17.5],[130.2,-17.3],[130.3,-17.1],[130.2,-17.2],[130.3,-17.2],[130.4,-17.3],[130.5,-17.4],[130.6,-17.3],[130.6,-17.2],[130.7,-17.3],[130.8,-17.3],[130.9,-17.3],[130.8,-17.4],[130.8,-17.6],[130.8,-17.5],[130.8,-17.6],[130.8,-17.7],[130.8,-17.8],[130.8,-17.9],[130.7,-17.8],[130.7,-17.9],[130.7,-18],[130.8,-18],[130.9,-18],[130.8,-18],[130.8,-18.1],[130.9,-18.1],[130.9,-18.2],[130.9,-18.3],[130.8,-18.4],[130.8,-18.3],[130.7,-18.2],[130.7,-18.3],[130.6,-18.3],[130.7,-18.5],[130.6,-18.4],[130.5,-18.5],[130.6,-18.6],[130.5,-18.5],[130.4,-18.6],[130.4,-18.7],[130.5,-18.7],[130.6,-18.7],[130.6,-18.8],[130.5,-18.8],[130.5,-18.9],[130.7,-19],[130.8,-18.9],[130.8,-19.1],[130.9,-19.3],[130.9,-19.4],[130.8,-19.6],[130.8,-19.8],[130.8,-19.9],[130.8,-20],[130.8,-20.1],[130.7,-20.1],[131.1,-20.3],[131.2,-20.3],[131.3,-20.3],[131.6,-20.3],[131.8,-20.3],[132.6,-20.5],[132.8,-20.4],[133.7,-20.3],[133.9,-20.3],[134.4,-20.4],[134.6,-20.3],[134.7,-20.3],[134.8,-20.3],[135.1,-20.2],[135.2,-20.2],[135.3,-20.3],[135.4,-20.4],[135.5,-20.4],[135.7,-20.4],[136,-20.4],[136.2,-20.4],[136.5,-20.4],[136.6,-20.3],[136.5,-20.4],[136.3,-20.4],[136.2,-20.5],[136.1,-20.5],[136,-20.6],[135.9,-20.6],[135.8,-20.6],[135.8,-20.7],[135.7,-20.7],[135.6,-20.8],[135.5,-20.8],[135.4,-20.9],[135.3,-20.9],[135.3,-21],[135.2,-21],[135.2,-21.1],[135.1,-21.1],[135,-21.2],[134.9,-21.3],[134.8,-21.3],[134.8,-21.4],[134.7,-21.4],[134.6,-21.5],[134.6,-21.6],[134.5,-21.6],[134.4,-21.7],[134.4,-21.8],[134.3,-21.8],[134.3,-21.9],[134.1,-21.9],[134,-22],[133.9,-22],[133.8,-22],[133.8,-22.1],[133.7,-22.1],[133.6,-22.1],[133.5,-22.2],[133.5,-22.3],[133.4,-22.4],[133.4,-22.5],[133.3,-22.5],[133.2,-22.6],[133.1,-22.7],[133.2,-22.7],[133.2,-22.8],[133.1,-22.9],[133.1,-23],[133.1,-23.1],[133.1,-23.2],[133.1,-23.3],[133.1,-23.4],[133.1,-23.5],[133,-23.5],[133,-23.6],[132.9,-23.7],[132.8,-23.7],[132.7,-23.7],[132.8,-23.8],[132.9,-23.9],[133,-23.9],[133,-24],[133.1,-24],[133,-24.1],[133,-24.2],[132.9,-24.3],[132.8,-24.3],[132.7,-24.4],[132.6,-24.4],[132.5,-24.5],[132.4,-24.5],[132.3,-24.5],[132.2,-24.5],[132.1,-24.5],[132,-24.4],[131.9,-24.4],[131.8,-24.4],[131.8,-24.3],[131.7,-24.3],[131.6,-24.2],[131.5,-24.2],[131.6,-24.2],[131.6,-24.1],[131.7,-24.1],[131.7,-24],[131.6,-24],[131.6,-23.9],[131.5,-23.9],[131.4,-23.8],[131.3,-23.8],[131.3,-23.7],[131.2,-23.7],[131.2,-23.6],[131.1,-23.6],[131.1,-23.5],[131,-23.5],[130.8,-23.4],[130.6,-23.3],[130.5,-23.3],[130.4,-23.3],[130.3,-23.4],[130.2,-23.4],[130.2,-23.3],[130.1,-23.3],[130.1,-23.2],[130,-23.2],[129.9,-23.2],[129.7,-22.3],[128.8,-21.7],[128.8,-21.6],[128.7,-21.5],[128.6,-21.5],[128.6,-21.4],[128.5,-21.4],[128.4,-21.4],[128.4,-21.3],[128.4,-21.2],[128.4,-21.1],[128.3,-21.1],[128.3,-21],[128.2,-21],[128.2,-20.9],[128.1,-20.9],[128,-20.9],[128,-20.8],[127.9,-20.8],[127.8,-20.8],[127.7,-20.8],[127.7,-20.7],[127.7,-20.6],[127.7,-20.5],[127.6,-20.4],[127.6,-20.3],[127.5,-20.2],[127.5,-20.1],[127.4,-20],[127.4,-19.9],[127.4,-19.8],[127.4,-19.7],[127.5,-19.7],[127.6,-19.7],[127.7,-19.7],[127.7,-19.6],[127.8,-19.6],[127.7,-19.6],[127.7,-19.5],[127.7,-19.4],[127.7,-19.3],[127.7,-19.2],[127.7,-19.1],[127.8,-19.1],[127.8,-19],[127.9,-19],[127.9,-18.9],[127.9,-18.8],[127.9,-18.7],[127.9,-18.6],[127.8,-18.6],[127.8,-18.5],[127.8,-18.4],[127.7,-18.4],[127.8,-18.3]]]]}},{"type":"Feature","properties":{},"geometry":{"type":"MultiPolygon","coordinates":[[[[111.1,-63.1],[110.4,-61.2],[110.5,-60],[112.4,-57.9],[114,-57.1],[114.2,-57.1],[114.2,-57.6],[114,-58.1],[113.1,-58.7],[112.5,-59.6],[112.2,-60.6],[110.9,-62.3],[110.7,-62.7],[111.1,-63.1]]]]}},{"type":"Feature","properties":{},"geometry":{"type":"MultiPolygon","coordinates":[[[[84.3,-48.7],[85.2,-48.8],[89.3,-49.9],[94.1,-51.9],[93.6,-52.3],[89.7,-51.4],[88.3,-53.6],[86.1,-55.2],[83.8,-55.2],[83.5,-56.6],[85.2,-58.2],[88.9,-59.4],[88.8,-61.3],[88.6,-61],[89,-60.7],[88.2,-60.7],[88,-61],[88,-61.2],[86.9,-62.1],[81.8,-60.9],[82.2,-60.9],[83,-60.8],[83.8,-60.6],[84.1,-60.1],[83.5,-60.2],[82.6,-60.3],[81.4,-60],[81,-59.7],[81.1,-59.4],[80.9,-59.3],[80.5,-59.6],[80.5,-59.3],[80.2,-59.3],[79.8,-59.3],[79.5,-59.2],[79.2,-59.2],[79.1,-59.1],[79,-59.1],[79.1,-58.8],[78.8,-58.7],[78.9,-58.6],[78.5,-58.3],[78,-57.9],[77.7,-57.2],[79.3,-53],[84,-48.7],[84.3,-48.7]]]]}},{"type":"Feature","properties":{},"geometry":{"type":"MultiPolygon","coordinates":[[[[112.8,-72.3],[107.8,-72.5],[106.9,-72.2],[107.8,-72.2],[110.1,-72.3],[112.5,-72.3],[112.8,-72.3]]]]}},{"type":"Feature","properties":{},"geometry":{"type":"MultiPolygon","coordinates":[[[[112.7,-71.9],[112.5,-72.3],[110.1,-72.3],[107.8,-72.2],[106.3,-72],[110.6,-72.1],[112.7,-71.9]]]]}},{"type":"Feature","properties":{},"geometry":{"type":"MultiPolygon","coordinates":[[[[111.3,-67],[112.7,-68.8],[112.9,-69.1],[109.3,-69.9],[106.4,-70.6],[103.5,-71],[103,-70.7],[102.5,-70.1],[109.7,-69],[109.4,-67],[111.3,-67]]]]}},{"type":"Feature","properties":{},"geometry":{"type":"MultiPolygon","coordinates":[[[[113.7,-70.9],[112.5,-71.8],[111.7,-72.1],[106.9,-72],[105,-71.4],[103.5,-71],[106.4,-70.6],[109.3,-69.9],[112.9,-69.1],[114.3,-69.7],[113.3,-70.2],[113.7,-70.9]]]]}},{"type":"Feature","properties":{},"geometry":{"type":"MultiPolygon","coordinates":[[[[118.3,-71],[116.9,-71.8],[116.6,-72.4],[117.1,-72.6],[116.4,-72.6],[115.9,-72.7],[115.1,-73],[113.7,-72.9],[114.7,-71.8],[115.9,-71],[117,-70.5],[117.8,-70.8],[118.3,-71]]]]}},{"type":"Feature","properties":{},"geometry":{"type":"MultiPolygon","coordinates":[[[[119.3,-71.5],[118.3,-71.9],[118,-72.5],[118.4,-73.2],[117.2,-73.2],[118,-73.8],[113.9,-73.5],[115.1,-73],[115.9,-72.7],[116.4,-72.6],[117.1,-72.6],[116.6,-72.4],[116.9,-71.8],[118.3,-71],[119.3,-71.5]]]]}},{"type":"Feature","properties":{},"geometry":{"type":"MultiPolygon","coordinates":[[[[14,49.2],[13.9,49.7],[13.3,50.1],[11,50.8],[9.3,50.7],[8.6,50.9],[9.7,51],[11.2,51.5],[14.1,51.2],[15.3,50.6],[16.1,50.1],[16.9,49.8],[17.5,49.5],[17.8,49],[18.6,47.8],[20.5,46],[20.9,46],[21.8,44.9],[21.3,44.1],[20.6,44.7],[18.9,45.2],[17.1,46.9],[16.9,47.3],[16.6,47.6],[15.9,48.1],[14.3,49],[14,49.2]]]]}},{"type":"Feature","properties":{},"geometry":{"type":"MultiPolygon","coordinates":[[[[10.2,52.9],[13.2,52.4],[16.2,50.6],[17.8,49.4],[19.2,48.2],[20.5,47.7],[21.9,46.9],[23.2,46.6],[24.8,46.1],[27.1,45.1],[28.1,44.4],[27.5,44.6],[26.7,45.4],[24.9,46],[23.3,46.3],[21.7,46.9],[19.4,47.6],[18.5,48.4],[17.8,49],[17.5,49.5],[16.9,49.8],[16.1,50.1],[15.3,50.6],[14.1,51.2],[11.2,51.5],[10.2,51.9],[10.4,52.1],[10.6,52.7],[10.3,52.5],[10,52.6],[9.8,52.8],[10.2,52.9]]]]}},{"type":"Feature","properties":{},"geometry":{"type":"MultiPolygon","coordinates":[[[[18.3,44.8],[18.7,44.6],[19.1,44.1],[19.2,44.4],[20.2,44.2],[21.6,43.7],[19.7,42.9],[18,42],[17.2,41.4],[17,41],[17.6,40.7],[15.2,40.8],[15.5,42.9],[18.3,44.8]]]]}},{"type":"Feature","properties":{},"geometry":{"type":"MultiPolygon","coordinates":[[[[18.3,44.8],[18,45],[16.8,46.2],[16.6,47.1],[16.7,47.3],[14,49.2],[14.4,48.8],[15.9,48.2],[16.7,47.6],[16.9,47.3],[18.3,45.6],[19.5,45.1],[20.7,44.6],[21.8,44],[22.6,43.7],[21.3,43.8],[20,44.3],[19.1,44.3],[19.1,44.1],[18.6,44.6],[18.3,44.8]]]]}},{"type":"Feature","properties":{},"geometry":{"type":"MultiPolygon","coordinates":[[[[21.8,44],[21.1,45.1],[20.6,46.1],[19.7,46.3],[18.4,48.1],[18.7,48.3],[19.6,47.6],[21.8,46.9],[23.6,46.2],[25.2,45.9],[27,45.1],[27.8,44.4],[27.5,43.8],[25.9,44],[22.7,43.6],[21.8,44]]]]}},{"type":"Feature","properties":{},"geometry":{"type":"MultiPolygon","coordinates":[[[[24.4,39.9],[25.3,39.9],[26.4,40.2],[27.7,40.2],[28.8,39.8],[30.1,39.6],[30.8,39.2],[30.3,39.2],[28.3,39.7],[27.2,39.9],[26.4,39.9],[24.3,39.4],[22.4,39.3],[21.4,39.5],[19.2,39.9],[17.9,40.6],[21.2,40.4],[22.6,39.9],[23,40.1],[23.1,40.2],[24.4,39.9]]]]}},{"type":"Feature","properties":{},"geometry":{"type":"MultiPolygon","coordinates":[[[[35.6,34.8],[37.1,34.9],[37.8,36],[39,38.2],[39.7,39.9],[40.5,39.1],[40.3,37.1],[39.5,35.5],[39.4,33.9],[37.1,33.3],[35.8,34.1],[35.6,34.8]]]]}},{"type":"Feature","properties":{},"geometry":{"type":"MultiPolygon","coordinates":[[[[32.3,40.3],[34.7,38.2],[35,36.9],[33.6,37],[33.2,37.5],[32.4,38.4],[32.4,39.6],[31.2,40.4],[32.3,40.3]]]]}},{"type":"Feature","properties":{},"geometry":{"type":"MultiPolygon","coordinates":[[[[31.2,40.4],[32.4,39.6],[32.4,38.4],[33.2,37.5],[33,36.8],[31.7,37.7],[31.4,38.6],[30.5,39.9],[30,40.6],[31.2,40.4]]]]}},{"type":"Feature","properties":{},"geometry":{"type":"MultiPolygon","coordinates":[[[[34.9,37.7],[35.9,39],[36.9,36.9],[37.4,35.6],[36.4,34.6],[35.4,35.7],[35,37.1],[34.9,37.7]]]]}},{"type":"Feature","properties":{},"geometry":{"type":"MultiPolygon","coordinates":[[[[30.8,36.3],[31.5,37.9],[32.5,36.7],[33.9,37.1],[35.1,36.8],[35.6,34.8],[35.9,33.5],[34.8,33.5],[34,35],[31.5,35.4],[30.8,36.3]]]]}},{"type":"Feature","properties":{},"geometry":{"type":"MultiPolygon","coordinates":[[[[28.3,44.2],[30.8,44.2],[34.4,43.1],[38.2,41.1],[39.4,39.7],[38.5,37],[37.2,36.1],[36.3,39.1],[34.6,41],[31.9,42.4],[29.1,43.8],[28.2,44.2],[28.3,44.2]]]]}},{"type":"Feature","properties":{},"geometry":{"type":"MultiPolygon","coordinates":[[[[27.7,43.9],[29.9,43.6],[32.5,42.1],[35.4,40.4],[35.8,38.6],[34.7,38.2],[32.3,40.3],[29.5,42.5],[26.4,43.9],[27.7,43.9]]]]}},{"type":"Feature","properties":{},"geometry":{"type":"MultiPolygon","coordinates":[[[[28.8,46.5],[30.8,44.9],[33.2,44.4],[36,42.7],[39.1,40.5],[36.8,42],[32.3,43.7],[28.1,44.4],[27.1,45.1],[26.5,45.8],[27.9,45.7],[28.4,46.6],[28.8,46.5]]]]}},{"type":"Feature","properties":{},"geometry":{"type":"MultiPolygon","coordinates":[[[[82.4,65.3],[84.6,61.5],[84.7,58.6],[83.2,60.3],[81.8,62.4],[80.5,64.5],[80.6,65.9],[82.4,65.3]]]]}},{"type":"Feature","properties":{},"geometry":{"type":"MultiPolygon","coordinates":[[[[86.5,66],[87.4,62.8],[87.5,61],[87.2,59.6],[86.7,57.1],[84.8,54.9],[84.4,55.9],[84.7,58.6],[84.6,61.5],[82.4,65.3],[86.5,66]]]]}},{"type":"Feature","properties":{},"geometry":{"type":"MultiPolygon","coordinates":[[[[69,72],[68.6,73.6],[70.5,75.5],[75.9,71.6],[82.7,69.4],[86.1,67],[85.4,65.7],[80,65.7],[77.6,65.6],[76.2,65.8],[74.3,66.9],[72.5,68],[71,68.7],[70.3,70],[68.9,70.9],[69,72]]]]}},{"type":"Feature","properties":{},"geometry":{"type":"MultiPolygon","coordinates":[[[[30,39.6],[28.3,40],[28.9,39.9],[30,39.6]]]]}},{"type":"Feature","properties":{},"geometry":{"type":"MultiPolygon","coordinates":[[[[30,40.2],[29.8,39.9],[29.2,40.3],[30,40.2]]]]}},{"type":"Feature","properties":{},"geometry":{"type":"MultiPolygon","coordinates":[[[[20.6,43],[23.1,42.8],[23,41.6],[25.3,41],[26.1,40.6],[24.7,40.4],[24.8,40.1],[25.9,40.2],[26.7,40.2],[25.5,40],[24.6,39.9],[21.4,40.7],[20.3,42.4],[20.6,43]]]]}},{"type":"Feature","properties":{},"geometry":{"type":"MultiPolygon","coordinates":[[[[23.3,43.2],[26.2,42.3],[29.6,40.8],[30.4,40],[29.2,40.3],[28.8,40.6],[27.9,40.8],[27.4,40.9],[26.8,40.9],[25.7,40.9],[23.4,41.4],[23,42.6],[23.3,43.2]]]]}},{"type":"Feature","properties":{},"geometry":{"type":"MultiPolygon","coordinates":[[[[22.7,43.6],[25.9,44],[27.8,43.3],[30.9,41.3],[31.6,40.4],[30,40.6],[27.2,42],[23.7,43],[22.7,43.6]]]]}},{"type":"Feature","properties":{},"geometry":{"type":"MultiPolygon","coordinates":[[[[87.3,75.2],[91.9,70],[92.1,65.7],[91.5,60.9],[89.7,59.8],[87.8,61.2],[87.2,63.5],[86.3,66.6],[86.1,68.4],[86,70.9],[84.9,72.4],[83,73.6],[78.7,74.6],[72.1,75.3],[69.3,75.8],[66,77.1],[67.7,77.9],[81.6,76.3],[87.3,75.2]]]]}},{"type":"Feature","properties":{},"geometry":{"type":"MultiPolygon","coordinates":[[[[67,76.7],[69.8,75.7],[74.7,75.1],[79.4,74.5],[84,73.2],[85,72.4],[86,70.8],[86.1,67.6],[85.4,68],[78.2,70.5],[73.9,73.1],[67,76.6],[67,76.7]]]]}},{"type":"Feature","properties":{},"geometry":{"type":"MultiPolygon","coordinates":[[[[39.9,32.4],[40.1,34.4],[41.1,35.6],[41.4,34.4],[41.3,33.1],[41.2,32.1],[40.2,31.2],[39.4,29.8],[38.8,29.5],[39.7,31.4],[39.9,32.4]]]]}},{"type":"Feature","properties":{},"geometry":{"type":"MultiPolygon","coordinates":[[[[31,33.1],[32.9,32.6],[34.1,31],[35.4,30.6],[35.7,29.4],[35.5,29.2],[35.1,28.7],[34.6,28.5],[34.2,28.6],[33.5,29.2],[33,30],[32.6,30.6],[31.7,31.3],[31.4,31.8],[31.2,32.5],[31,33.1]]]]}},{"type":"Feature","properties":{},"geometry":{"type":"MultiPolygon","coordinates":[[[[35.7,29.3],[35.7,30.8],[37.8,31.7],[38.6,32.4],[39.4,33.5],[39.8,34.1],[39.9,32.7],[39.7,32.1],[38.3,31.1],[36.6,30.1],[36,29.4],[35.7,29],[35.7,29.3]]]]}},{"type":"Feature","properties":{},"geometry":{"type":"MultiPolygon","coordinates":[[[[20.6,43],[20.4,41.4],[24.2,40],[23.6,40],[22.9,40.1],[22.9,40],[21.8,40.2],[17.8,40.7],[17.1,40.9],[17.1,41.3],[17.5,41.7],[19.3,42.7],[20.6,43]]]]}},{"type":"Feature","properties":{},"geometry":{"type":"MultiPolygon","coordinates":[[[[28.6,27],[29.6,26.6],[31.8,24.6],[32.3,23.8],[31.6,23.8],[30.6,24.1],[29,25.2],[28.5,26.1],[28.6,27]]]]}},{"type":"Feature","properties":{},"geometry":{"type":"MultiPolygon","coordinates":[[[[33.7,27.5],[35,28],[35.5,28.5],[35.7,29],[36.3,29.8],[37.1,29.4],[36,26.1],[33.3,24],[31.9,24.4],[31.7,24.9],[31.6,25.6],[31.4,26.4],[31.6,27],[31.8,27.2],[33.1,27.5],[33.7,27.5]]]]}},{"type":"Feature","properties":{},"geometry":{"type":"MultiPolygon","coordinates":[[[[32.9,30],[33.2,29.6],[33.7,28.9],[34.4,28.5],[34.8,28.5],[35.4,29.1],[35.7,29.3],[35.7,28.8],[35.2,28.1],[34.2,27.7],[33.5,27.8],[31.8,29.1],[31.4,29.3],[32.1,29.9],[32.9,30]]]]}},{"type":"Feature","properties":{},"geometry":{"type":"MultiPolygon","coordinates":[[[[29.2,28],[29.4,29],[30.1,29.5],[30.4,29.6],[30.5,29.8],[31.4,30.6],[32.7,30.4],[32.1,29.9],[31.4,29.3],[30.8,28.9],[30.2,28.6],[30,28.4],[29.2,28]]]]}},{"type":"Feature","properties":{},"geometry":{"type":"MultiPolygon","coordinates":[[[[30.5,33.7],[31.2,32.5],[31.4,31.8],[31.6,31.4],[32,31.1],[30.7,29.9],[30.4,29.7],[30.2,29.5],[29.7,29.3],[29.5,29.8],[29.6,31],[29.9,31.5],[30.4,33.5],[30.5,33.7]]]]}},{"type":"Feature","properties":{},"geometry":{"type":"MultiPolygon","coordinates":[[[[29.2,28],[30,28.4],[30.2,28.6],[30.8,28.9],[31.8,29.1],[33.5,27.8],[32.4,27.4],[31.7,27.1],[31.5,26.7],[31.4,26.4],[31.8,25.3],[31.6,24.8],[29.3,26.7],[28.7,27.1],[29.2,27.8],[29.2,28]]]]}},{"type":"Feature","properties":{},"geometry":{"type":"MultiPolygon","coordinates":[[[[30.4,35.8],[30.6,36.1],[31.5,35.4],[33.2,35.3],[34.4,34.1],[35.9,32.9],[37.1,33.3],[39.4,33.9],[39.5,35.5],[40.2,36.3],[40,35],[39.8,34],[39,33.1],[38.4,32.2],[37.7,31.6],[35.4,30.6],[34.1,31],[32.9,32.6],[31,33.1],[30.7,34.8],[30.4,35.8]]]]}},{"type":"Feature","properties":{},"geometry":{"type":"MultiPolygon","coordinates":[[[[108.8,-33.8],[109.3,-33.2],[109.5,-32.2],[109.7,-31.5],[110.3,-30.8],[110.9,-30.2],[112.3,-29.5],[112.7,-29],[115.4,-28.2],[114.5,-28.8],[112.3,-30.9],[109.9,-34.7],[108,-36.5],[106.2,-39.2],[105.6,-40.5],[104.7,-41.4],[103.5,-43.2],[99.3,-44.1],[97.3,-44.5],[97.5,-44],[98.7,-43.4],[102.3,-41.9],[103.2,-41.5],[104.4,-40.4],[105.2,-39.6],[105.8,-38.9],[106.3,-38.3],[106.7,-37.2],[107.1,-36.6],[107.5,-35.9],[108.1,-35],[108.6,-34.1],[108.8,-33.8]]]]}},{"type":"Feature","properties":{},"geometry":{"type":"MultiPolygon","coordinates":[[[[88.8,-47.3],[89.2,-48.1],[90.9,-48.2],[94.7,-49.7],[98.4,-51.2],[102.8,-50.7],[109.3,-48.5],[113.1,-47.2],[114.6,-46.2],[115.1,-45.3],[118.5,-46.1],[118.2,-46.4],[116.7,-46.1],[115.7,-47.8],[114,-49.4],[109.9,-51.3],[105.3,-52.2],[102.3,-52.2],[99.9,-52.2],[97.2,-52.3],[94.3,-51.5],[92.3,-50.5],[86.9,-48.2],[86.1,-48.6],[84.3,-48.7],[84.9,-48.5],[86.2,-47.8],[86.7,-47.6],[86.9,-47.9],[87.6,-47.8],[88.7,-47.3],[88.8,-47.3]]]]}},{"type":"Feature","properties":{},"geometry":{"type":"MultiPolygon","coordinates":[[[[112.3,-30.9],[111.8,-32.7],[111.3,-33.6],[110.8,-34.3],[110.4,-35.8],[109.4,-37.5],[108.7,-38.5],[107.9,-39.7],[107,-41.1],[105.6,-41.9],[104.4,-42.7],[104.5,-42],[105.6,-40.7],[105.9,-39.6],[107.4,-37.6],[109.2,-35.4],[111,-32.4],[112.3,-30.9]]]]}},{"type":"Feature","properties":{},"geometry":{"type":"MultiPolygon","coordinates":[[[[103.9,-42.9],[105,-42.4],[106.3,-41.6],[107.6,-40.3],[108.3,-39.2],[108.8,-37.9],[109.8,-37.1],[110.6,-35],[111,-33.9],[111.5,-33.2],[112.2,-31.9],[113,-32],[112.3,-33.4],[111,-36.8],[108.4,-41.2],[106.9,-42.7],[103.9,-42.9]]]]}},{"type":"Feature","properties":{},"geometry":{"type":"MultiPolygon","coordinates":[[[[28.3,33.7],[29.1,33.3],[28.1,31.8],[26.4,33.3],[28.3,33.7]]]]}},{"type":"Feature","properties":{},"geometry":{"type":"MultiPolygon","coordinates":[[[[26.9,30.7],[23,28.2],[22.9,28.9],[25.1,29.7],[25.9,30.7],[26.9,30.7]]]]}},{"type":"Feature","properties":{},"geometry":{"type":"MultiPolygon","coordinates":[[[[26,32.9],[27.6,31.5],[25.9,30.7],[25.1,29.7],[22.9,28.9],[22.3,27.8],[22.5,29.5],[23.7,30.8],[24.3,32],[26,32.9]]]]}},{"type":"Feature","properties":{},"geometry":{"type":"MultiPolygon","coordinates":[[[[30.6,39.1],[30.9,39.1],[31.4,38.4],[31,36.6],[30.4,35.9],[29.5,33.7],[28.3,33.8],[29.1,35.1],[29.7,35.7],[30.4,37.1],[30.8,38.2],[30.7,39],[30.6,39.1]]]]}},{"type":"Feature","properties":{},"geometry":{"type":"MultiPolygon","coordinates":[[[[25.8,33.3],[24.3,32],[23.7,30.8],[22.5,29.5],[21.6,30.3],[23.8,32.4],[25.8,33.3]]]]}},{"type":"Feature","properties":{},"geometry":{"type":"MultiPolygon","coordinates":[[[[5,29.9],[5.3,29.3],[5.7,28.6],[6.1,28.4],[6.1,28.1],[6.4,28.3],[6.8,28],[7.3,27.5],[8.3,27],[9.4,26.6],[9.8,25.5],[10.3,25],[10.8,24.3],[11.3,23.6],[11.9,23.6],[12.5,24],[11.8,23.5],[11.5,23],[10.7,22.8],[10.4,22.8],[9.8,24],[9.4,24.4],[9,24.8],[7.5,26.1],[5.5,27.2],[4.2,27.3],[3.9,27.5],[4.4,27.7],[3.9,28.1],[3.5,28.4],[3.5,28.6],[3.5,29],[3.8,29.2],[3.6,29.1],[3.7,29.5],[4,29.5],[4,29.6],[4.7,30],[5,29.9]]]]}},{"type":"Feature","properties":{},"geometry":{"type":"MultiPolygon","coordinates":[[[[27.9,39.8],[29.4,39.5],[30.7,39.1],[30.9,38.3],[30.5,37.2],[29.8,36.2],[29.2,35.1],[28.2,34.1],[27.8,33.4],[24.9,33.1],[21.8,30.8],[22.2,28.2],[21.3,27.4],[20,27],[18.5,26.9],[17.9,26.7],[17.3,26.2],[16.3,25.8],[15.9,25.8],[15.6,25.6],[14.9,25.4],[14.3,25.5],[13.2,26.1],[11.8,28.6],[11.4,30.4],[14.6,32.1],[17.4,34.4],[19.9,36],[24.1,37.9],[27.7,39.7],[27.9,39.8]]]]}},{"type":"Feature","properties":{},"geometry":{"type":"MultiPolygon","coordinates":[[[[14.2,24.5],[14.1,24.8],[14.3,25.3],[15.2,25.4],[15.8,25.7],[16.1,25.7],[16.4,25.9],[17.5,26.4],[18,26.8],[18.8,26.9],[20.2,27],[21.6,27.5],[23,28.2],[26.9,30.7],[28.1,31.8],[30.2,33.6],[30.4,35.8],[30.7,34.5],[30.4,33.5],[29.9,31.5],[29.6,31],[29.5,29.8],[29.2,28.2],[29.1,27.7],[28.6,27],[28.5,26.1],[25.1,24],[18.7,22.1],[15.4,21.9],[15.9,22.3],[16.6,22.4],[16.9,22.9],[16.8,22.8],[16.7,22.4],[15.8,22.5],[15.3,21.4],[13,23.1],[13.4,23.7],[13.3,23.8],[13.6,24],[13.8,23.9],[14.2,24.4],[14.2,24.5]]]]}},{"type":"Feature","properties":{},"geometry":{"type":"MultiPolygon","coordinates":[[[[143.6,-39],[143.8,-39.3],[144.4,-39.8],[148.1,-43.9],[150.4,-50.3],[152.1,-57.4],[155.1,-65],[149.6,-66.8],[145.1,-63.7],[142.9,-60.7],[141.4,-60.4],[140.3,-57.3],[139.5,-52.9],[138.1,-45.9],[137.5,-42.1],[137.2,-41.5],[137.9,-41],[138.7,-40.4],[139.3,-40.6],[139.5,-40],[140.3,-40.1],[141,-39.9],[141.8,-39.6],[142.1,-39.5],[142.7,-39.2],[143.6,-39]]]]}},{"type":"Feature","properties":{},"geometry":{"type":"MultiPolygon","coordinates":[[[[150,-76.7],[150.6,-75.5],[148.7,-74.6],[144.9,-73.5],[142.8,-72.4],[153.8,-72.7],[155.2,-72.5],[157.1,-70.9],[161.2,-69.6],[167,-70.6],[166.2,-74.8],[153.4,-77.2],[151.1,-77.1],[150,-76.7]]]]}},{"type":"Feature","properties":{},"geometry":{"type":"MultiPolygon","coordinates":[[[[136.5,-69.9],[139.9,-69.1],[140.4,-68.9],[145.3,-65.5],[153.7,-66.9],[161.9,-67.1],[167.2,-68.5],[166.8,-69],[166.7,-69.9],[164.3,-70.3],[158.3,-70.5],[155.4,-72.4],[154.2,-72.6],[145,-71.9],[136.5,-69.9]]]]}},{"type":"Feature","properties":{},"geometry":{"type":"MultiPolygon","coordinates":[[[[144.3,-39.7],[143.6,-39],[143.9,-39.1],[144.2,-39.1],[144.2,-39.3],[144.3,-39.7]]]]}},{"type":"Feature","properties":{},"geometry":{"type":"MultiPolygon","coordinates":[[[[163.5,-54.6],[156.9,-49.5],[150.2,-44.6],[144.5,-39.9],[144.5,-39.6],[145,-39.4],[145.2,-39.3],[145.5,-39.5],[145.8,-39.7],[146.4,-39.6],[146.8,-39.5],[147.2,-39.4],[147.7,-39.1],[148,-39.4],[148.8,-39.2],[148.9,-38.8],[149.4,-38.7],[149.4,-39],[149.9,-39.1],[150,-38.9],[151,-39.1],[151,-38.9],[151.7,-39],[152.1,-39.3],[153,-39.7],[153.2,-40.1],[153.5,-40],[153.9,-39.6],[154.3,-39.6],[154.8,-39.4],[155.4,-39.4],[155.9,-39.6],[155.9,-39.9],[157.1,-40],[157.1,-40.2],[157.1,-40.9],[156.9,-41],[157,-41.1],[157.1,-41.6],[156.9,-41.6],[156.4,-41.8],[156.2,-41.7],[156.6,-41.9],[156.4,-42.1],[156.3,-42.2],[156.2,-42.3],[156.1,-42.6],[155.7,-42.1],[155.6,-42.2],[155.6,-42.7],[156.2,-43.3],[155.7,-43.5],[155.4,-43.6],[155.5,-43.9],[155.2,-44.2],[155.1,-44.4],[155.9,-44.7],[155.9,-45],[155.9,-45.1],[156.3,-45.5],[156.3,-45.8],[156.9,-46.4],[157.3,-46.5],[157.6,-46.9],[157.9,-46.9],[158,-47],[157.3,-47.6],[156.8,-47.3],[156.9,-47.7],[156.8,-48],[156.8,-48.4],[157,-48.7],[157,-49.1],[157.7,-49.2],[157.6,-49.4],[157.9,-49.4],[157.9,-49.8],[158,-50],[158.3,-50.2],[158.9,-50.4],[158.9,-51],[159.5,-50.7],[160.3,-51.2],[160.7,-51.4],[160.4,-51.5],[161,-51.5],[161.2,-51.7],[161.8,-51.8],[162.3,-51.9],[163.5,-54.6]]]]}},{"type":"Feature","properties":{},"geometry":{"type":"MultiPolygon","coordinates":[[[[157.7,-45.7],[158.6,-45.9],[157.9,-46.2],[157.7,-45.9],[157.7,-45.7]]]]}},{"type":"Feature","properties":{},"geometry":{"type":"MultiPolygon","coordinates":[[[[167,-70.6],[166.7,-69.4],[167.2,-68.5],[167.9,-68.3],[170.3,-72.1],[167,-70.6]]]]}},{"type":"Feature","properties":{},"geometry":{"type":"MultiPolygon","coordinates":[[[[180,-68],[174.6,-71],[171.9,-67.3],[180,-68]]]]}},{"type":"Feature","properties":{},"geometry":{"type":"MultiPolygon","coordinates":[[[[-180,-69.8],[-176.4,-69.1],[-176.6,-69.4],[-177.4,-69.7],[-177.6,-69.8],[-177.1,-69.9],[-176.8,-70],[-176.6,-70.3],[-176.1,-70.6],[-180,-69.8]]]]}},{"type":"Feature","properties":{},"geometry":{"type":"MultiPolygon","coordinates":[[[[-180,-68],[-179.3,-65.6],[-178.6,-65.4],[-175.6,-65.6],[-175.3,-66.1],[-175.1,-66.5],[-175,-67],[-174.8,-67.4],[-175.1,-67.8],[-174.9,-67.9],[-175.1,-67.9],[-175.4,-68.5],[-175.9,-68.9],[-176.3,-69],[-180,-68]]]]}},{"type":"Feature","properties":{},"geometry":{"type":"MultiPolygon","coordinates":[[[[137.5,-42.3],[138.8,-49.4],[140.5,-56.4],[133.4,-54.7],[124.8,-53.2],[123.5,-52.8],[123.9,-52.4],[124.5,-51.9],[124.7,-51.2],[125.4,-50.8],[125.9,-50.9],[125.8,-50.5],[125.9,-50],[125.5,-49.6],[126.4,-48.8],[127.3,-48.3],[128.7,-47.8],[129.2,-47.7],[129.7,-47],[129.3,-46.8],[130.8,-45.7],[131.6,-45.5],[131.8,-46.6],[132.2,-46],[132.5,-45.3],[133,-45.2],[133.6,-44.8],[133.5,-45.1],[134.5,-43.8],[135.2,-43.2],[135.5,-42.5],[135.8,-42.4],[136.2,-42.5],[136.7,-42.8],[137.1,-42.5],[137.5,-42.3]]]]}},{"type":"Feature","properties":{},"geometry":{"type":"MultiPolygon","coordinates":[[[[137.5,-42.1],[137.3,-41.9],[137.5,-41.9],[137.5,-42.1]]]]}},{"type":"Feature","properties":{},"geometry":{"type":"MultiPolygon","coordinates":[[[[163.5,-54.6],[164,-58.2],[154,-54.6],[150.1,-48.8],[150.2,-44.6],[156.9,-49.5],[163.5,-54.6]]]]}},{"type":"Feature","properties":{},"geometry":{"type":"MultiPolygon","coordinates":[[[[164.7,-59.3],[163.8,-54.1],[165.8,-54.9],[168.1,-55.8],[170.2,-57],[171.7,-58.2],[173.4,-59.8],[174.8,-60.7],[173.1,-61.5],[164.7,-59.3]]]]}},{"type":"Feature","properties":{},"geometry":{"type":"MultiPolygon","coordinates":[[[[156.4,-66.9],[152.3,-59.3],[154,-54.6],[164,-58.2],[166.5,-64.7],[167.2,-68.5],[160.5,-67.1],[156.4,-66.9]]]]}},{"type":"Feature","properties":{},"geometry":{"type":"MultiPolygon","coordinates":[[[[168.4,-59.8],[176.9,-63.7],[177.6,-65.9],[178.8,-66],[168.2,-68.3],[165.2,-61.1],[168.4,-59.8]]]]}},{"type":"Feature","properties":{},"geometry":{"type":"MultiPolygon","coordinates":[[[[129.6,-73.1],[129.6,-73],[129.6,-72.9],[129.5,-72.9],[129.2,-72.7],[129,-72.4],[129.6,-72.3],[129.4,-72.2],[126.4,-72.2],[139.7,-71.2],[141.7,-72.7],[134.8,-74.1],[130.8,-74.3],[130.2,-74.4],[129.5,-74.3],[129,-74.4],[128.1,-74.1],[129.6,-74],[130.1,-73.4],[130,-73.1],[129.6,-73.1]]]]}},{"type":"Feature","properties":{},"geometry":{"type":"MultiPolygon","coordinates":[[[[129.9,-62.8],[131.7,-62.8],[130,-62.5],[133,-61.9],[133.1,-63.2],[131.7,-64.6],[129.9,-62.8]]]]}},{"type":"Feature","properties":{},"geometry":{"type":"MultiPolygon","coordinates":[[[[130.8,-62],[132.5,-57],[137.7,-55.7],[140.3,-57.3],[141.4,-60.4],[142.9,-60.7],[145.1,-63.7],[143.3,-67.3],[139.9,-69.1],[131.7,-66.4],[133.1,-64.4],[133.1,-62.8],[132.1,-61.9],[130.8,-62]]]]}},{"type":"Feature","properties":{},"geometry":{"type":"MultiPolygon","coordinates":[[[[129.9,-62.8],[133.9,-68.2],[125.1,-71.8],[122.3,-71.6],[121.1,-71],[120.3,-70.8],[119.7,-70.4],[119.5,-70.4],[118.7,-70.2],[119.3,-70],[119.9,-69.9],[120.4,-69.6],[118.5,-69.3],[117.8,-69.4],[117.4,-69.6],[117.5,-69.1],[117.7,-68.8],[117.2,-68.9],[115.8,-69],[114.4,-68.2],[114.8,-66.7],[115.9,-66.2],[116.1,-66.6],[116.5,-66.5],[116.7,-66.6],[117.5,-66.8],[117.3,-66.5],[117,-66.1],[117.6,-65.8],[117.8,-65.7],[118.6,-65.4],[118.6,-64.7],[119.1,-63.4],[120,-61.8],[121.5,-61.5],[122.2,-61.8],[123.2,-61.8],[123.2,-62.1],[123.9,-62],[124.5,-62.3],[124.5,-62.6],[125,-62.5],[125.5,-62.3],[126.7,-62.2],[127.8,-62.6],[129,-62.8],[129.9,-62.8]]]]}},{"type":"Feature","properties":{},"geometry":{"type":"MultiPolygon","coordinates":[[[[123,-53.3],[131.2,-54.2],[131.8,-58.2],[130,-62.4],[129.8,-62.1],[128.8,-61.7],[128.1,-61.6],[127.3,-61.4],[126.2,-61.2],[125.2,-60.9],[124.7,-60.5],[124.8,-60.1],[124.8,-59.9],[124.2,-59.5],[124.2,-59.3],[123.7,-58.9],[123.1,-58.6],[122.3,-56.9],[122.5,-56.4],[122,-55.7],[122.2,-54.5],[122.8,-54],[123,-53.3]]]]}},{"type":"Feature","properties":{},"geometry":{"type":"MultiPolygon","coordinates":[[[[-176.3,-69],[-175.9,-68.9],[-175.4,-68.5],[-175.1,-67.9],[-174.9,-67.9],[-175.1,-67.8],[-174.8,-67.4],[-175,-67],[-175.1,-66.5],[-175.3,-66.1],[-175.6,-65.6],[-176.4,-65.1],[-176,-65.1],[-175.2,-65.6],[-174.6,-66.5],[-174.1,-67.4],[-175,-68.9],[-175.8,-69.5],[-176.4,-69.8],[-175.3,-70.6],[-176.1,-70.6],[-176.6,-70.3],[-176.8,-70],[-177.1,-69.9],[-177.6,-69.8],[-177.4,-69.7],[-176.6,-69.4],[-176.4,-69.1],[-176.3,-69]]]]}},{"type":"Feature","properties":{},"geometry":{"type":"MultiPolygon","coordinates":[[[[180,-58.2],[179.5,-59.2],[178.8,-59.2],[177.5,-59.6],[175.9,-59.5],[176.5,-59.7],[177.9,-60.5],[178.6,-60.9],[178.4,-61.7],[177.4,-61.6],[176.4,-61.5],[174.5,-60.6],[172.9,-59.3],[171.4,-58],[169.7,-56.6],[167.8,-55.7],[165.2,-54.7],[163,-52.2],[163.6,-52.3],[164.4,-52.4],[165.6,-52.8],[166.2,-53.1],[166.5,-53.1],[173.6,-53.5],[173.5,-55.9],[174.6,-57.2],[176.1,-57.1],[177.1,-56],[178.3,-56.5],[179.5,-56.4],[179.7,-58.1],[180,-58.2]]]]}},{"type":"Feature","properties":{},"geometry":{"type":"MultiPolygon","coordinates":[[[[-180,-57.9],[-177.8,-57.2],[-178,-57.6],[-178.4,-57.7],[-179,-57.8],[-180,-57.9]]]]}},{"type":"Feature","properties":{},"geometry":{"type":"MultiPolygon","coordinates":[[[[-179.1,-62.3],[-179.1,-61.8],[-177.4,-61.4],[-176.5,-62.1],[-173.1,-63],[-175.3,-63.5],[-176.1,-63.5],[-178.6,-63],[-179.1,-62.3]]]]}},{"type":"Feature","properties":{},"geometry":{"type":"MultiPolygon","coordinates":[[[[-173.4,-70.3],[-172,-70.1],[-171.7,-70.7],[-173.4,-70.3]]]]}},{"type":"Feature","properties":{},"geometry":{"type":"MultiPolygon","coordinates":[[[[180,-64.9],[179,-65],[179.6,-64.9],[180,-64.9]]]]}},{"type":"Feature","properties":{},"geometry":{"type":"MultiPolygon","coordinates":[[[[-179.2,-65.5],[-178,-64.9],[-178.6,-65.4],[-179.2,-65.5]]]]}},{"type":"Feature","properties":{},"geometry":{"type":"MultiPolygon","coordinates":[[[[175.9,-61.3],[177.4,-62],[178,-62.3],[178.3,-62.6],[179,-63.4],[178.8,-63.9],[178.8,-64.3],[178.4,-64.7],[178.4,-64.9],[176.9,-63.7],[175.9,-61.3]]]]}},{"type":"Feature","properties":{},"geometry":{"type":"MultiPolygon","coordinates":[[[[179,-65],[179.4,-65.1],[179,-65.1],[179,-65]]]]}},{"type":"Feature","properties":{},"geometry":{"type":"MultiPolygon","coordinates":[[[[80.1,38.6],[81.5,40.2],[83.6,42.1],[84.9,43.7],[86.1,45],[89.6,46.4],[89.1,44.5],[86.1,41.5],[83,38.6],[79.9,36],[80.1,38.6]]]]}},{"type":"Feature","properties":{},"geometry":{"type":"MultiPolygon","coordinates":[[[[80.1,38.6],[81.5,40.2],[83.6,42.1],[84.9,43.7],[86.1,45],[89.6,46.4],[89.1,44.5],[86.1,41.5],[83,38.6],[79.9,36],[80.1,38.6]]]]}}]}