{"type":"FeatureCollection","features":[{"type":"Feature","properties":{},"geometry":{"type":"MultiPolygon","coordinates":[[[[143.2,18.4],[141.5,17.8],[140.3,18],[138.7,17.6],[137.4,16.5],[135.3,11.9],[132.7,12.9],[131,14],[132.8,14.7],[134.9,17.6],[138.1,18.6],[139.6,19.2],[140.5,19.5],[143.2,18.4]]]]}},{"type":"Feature","properties":{},"geometry":{"type":"MultiPolygon","coordinates":[[[[149.2,15.2],[148.6,14.8],[147.9,16.3],[146.8,16.1],[145.5,15.7],[143.9,15.9],[142.9,15.6],[142.7,15.6],[142.9,15.7],[143.4,16.1],[144.5,16.7],[148.1,17],[149.2,15.2]]]]}},{"type":"Feature","properties":{},"geometry":{"type":"MultiPolygon","coordinates":[[[[142.9,15.2],[142.4,15],[142.7,15.3],[143.1,15.5],[142.9,15.2]]]]}},{"type":"Feature","properties":{},"geometry":{"type":"MultiPolygon","coordinates":[[[[142.3,13.7],[139.4,12.5],[140.3,13.5],[141,14],[141.4,14.3],[141.9,14.2],[142.2,13.9],[142.3,13.7]]]]}},{"type":"Feature","properties":{},"geometry":{"type":"MultiPolygon","coordinates":[[[[150.3,16.5],[150,16.2],[149.7,15.8],[148.6,16.4],[145.5,16.5],[143.8,16.7],[143.7,17.1],[142.9,17.1],[142.5,16.8],[141.5,16.4],[140.9,16],[140.2,16.3],[139.6,15.8],[140.2,15],[140.5,14.9],[140.2,14.3],[139.9,13],[139.3,12.4],[138.1,10.3],[137.3,9.3],[136.8,9.1],[135.9,9.8],[135.2,10.2],[135.8,13.3],[137.7,16.7],[139.2,17.8],[140.6,17.9],[141.8,18],[143.5,18.5],[145.4,18.2],[146.8,18],[148.5,17.9],[149.2,17.5],[150,16.7],[150.3,16.5]]]]}},{"type":"Feature","properties":{},"geometry":{"type":"MultiPolygon","coordinates":[[[[83.2,34.7],[85.8,36.7],[88.2,38.5],[89.7,39],[91.1,37.7],[89.7,34.6],[87.6,32.3],[86.9,31.3],[85.5,28.4],[84.5,26.2],[84.7,27.1],[84.2,29.5],[81.5,28.3],[79.8,27.7],[78.1,26.6],[78.9,28.2],[79.4,29.3],[80.4,31.4],[81.6,33.3],[83.2,34.7]]]]}},{"type":"Feature","properties":{},"geometry":{"type":"MultiPolygon","coordinates":[[[[138.6,18.8],[135.6,18.6],[132.1,19],[129.2,18],[127.8,19.4],[132.9,20.3],[136,19.8],[138.6,18.8]]]]}},{"type":"Feature","properties":{},"geometry":{"type":"MultiPolygon","coordinates":[[[[92.4,36],[90.8,33.2],[88.9,32.7],[87.6,32.3],[89.7,34.6],[91.1,37.7],[92.4,36]]]]}},{"type":"Feature","properties":{},"geometry":{"type":"MultiPolygon","coordinates":[[[[17,46],[17.7,45.9],[18.2,45.9],[19.6,45.7],[20.9,45.6],[20.2,45.8],[19.2,46.2],[18.7,46.4],[18.9,46.2],[18.1,46.3],[18.2,46.8],[18.2,47.1],[18.1,47.4],[17.5,47.5],[16.3,49.4],[15.1,50.8],[18.4,53.4],[22.2,55.7],[24.6,56],[23,54.1],[22.2,53.3],[18.8,51.9],[16.3,51.1],[17,50.1],[17.8,48.3],[19.1,47.2],[21.1,46],[22.3,45.6],[24.8,44.9],[26.1,42.2],[27.7,41],[27.6,40.6],[27.8,40.2],[27.3,39.8],[27.2,39.7],[26.7,39.9],[26,39.7],[25.2,39.8],[24.6,39.2],[24,39.7],[23.3,40.4],[23.1,41],[22.4,41.7],[21.9,42.8],[20.5,43.2],[19.5,43.7],[19,44.1],[18.6,44.3],[18.2,44.3],[18.4,44.6],[17.6,44.9],[17.3,45.5],[17,46]]]]}},{"type":"Feature","properties":{},"geometry":{"type":"MultiPolygon","coordinates":[[[[18.1,48],[20.6,49.5],[22.4,51],[21.8,52.5],[22.6,53.7],[23.3,50.5],[22.9,49.8],[22.9,49.3],[22.3,48.4],[21.6,47.5],[20,46.9],[18.1,48]]]]}},{"type":"Feature","properties":{},"geometry":{"type":"MultiPolygon","coordinates":[[[[32.8,63.7],[36,62.3],[35.8,62.1],[36.4,60.3],[37.1,59.9],[36.9,59.1],[30.8,56.7],[26.1,56.9],[28.4,59.5],[30.8,61.4],[30.9,61.6],[32.2,62.7],[32.8,63.7]]]]}},{"type":"Feature","properties":{},"geometry":{"type":"MultiPolygon","coordinates":[[[[22.6,53.7],[23.5,54.7],[24.7,56.2],[26.2,55.8],[29.9,55.1],[33,55.2],[34.5,55],[33.8,54.4],[30.8,52.6],[27.1,49.1],[24.6,47.6],[24,47.3],[22.6,46.4],[21.1,46],[21.5,47.6],[22.4,48.8],[22.9,49.3],[23.1,49.9],[23.3,51.3],[22.6,53.7]]]]}},{"type":"Feature","properties":{},"geometry":{"type":"MultiPolygon","coordinates":[[[[23.2,57.9],[29.3,56.5],[35,55.7],[35.8,55.2],[36.2,54.8],[35,55],[33.1,55.2],[31.8,55.1],[28.2,55.3],[24.9,56],[23.6,57.2],[23.2,57.9]]]]}},{"type":"Feature","properties":{},"geometry":{"type":"MultiPolygon","coordinates":[[[[-15.2,-69.6],[-18.1,-68.7],[-21.6,-68.9],[-25.9,-64],[-18.3,-64.1],[-13,-65.4],[-12,-67.2],[-14.2,-68.8],[-15.2,-69.6]]]]}},{"type":"Feature","properties":{},"geometry":{"type":"MultiPolygon","coordinates":[[[[-24.4,-68],[-30.1,-67],[-37.9,-65.9],[-42.6,-63.8],[-44.9,-62.7],[-47.4,-61.4],[-50.5,-59.8],[-48.5,-59.5],[-47,-59.3],[-45.9,-59.2],[-43.3,-59.1],[-41.5,-59.7],[-40.3,-60.8],[-39.5,-62.3],[-38.7,-64.5],[-34.2,-64.7],[-29.9,-64.6],[-24.4,-68]]]]}},{"type":"Feature","properties":{},"geometry":{"type":"MultiPolygon","coordinates":[[[[27.4,-52.4],[23.7,-56.9],[24.2,-53.5],[24.5,-52.5],[26.5,-52.2],[27.4,-52.4]]]]}},{"type":"Feature","properties":{},"geometry":{"type":"MultiPolygon","coordinates":[[[[23.8,-57.4],[27.4,-52.4],[28.5,-52.2],[29.4,-54.4],[29.9,-55.2],[24.4,-57.5],[23.8,-57.4]]]]}},{"type":"Feature","properties":{},"geometry":{"type":"MultiPolygon","coordinates":[[[[27.5,-50.9],[26.5,-52.2],[24.5,-52.5],[24.2,-53.5],[23.7,-56.9],[20.7,-58.5],[18.4,-57.1],[17.4,-55.6],[19.6,-51.1],[22.6,-49.7],[26.9,-51],[27.5,-50.9]]]]}},{"type":"Feature","properties":{},"geometry":{"type":"MultiPolygon","coordinates":[[[[19.6,-51.1],[14.8,-50.9],[11.6,-48.7],[7.4,-47.4],[1.3,-45.9],[-1.7,-44.4],[-3.5,-41.8],[-1.9,-42.6],[3.9,-45.6],[9.7,-47],[16.8,-50.5],[19.6,-51.1]]]]}},{"type":"Feature","properties":{},"geometry":{"type":"MultiPolygon","coordinates":[[[[6.7,-32.8],[7.5,-28.5],[10.2,-27.3],[13.7,-28.9],[14.1,-31.3],[12.4,-32.8],[10,-33.7],[8.5,-34.8],[6.5,-34.2],[6.7,-32.8]]]]}},{"type":"Feature","properties":{},"geometry":{"type":"MultiPolygon","coordinates":[[[[7.2,-30.8],[6.4,-34.5],[5.6,-38.9],[3.2,-40.5],[2.8,-40.2],[2.5,-39.6],[2.4,-40.6],[2.3,-40.7],[0.1,-41.7],[-1.8,-40.2],[1.1,-34.5],[1.9,-34.5],[3,-33.5],[3.6,-31.5],[3.9,-31.8],[4.3,-31.5],[5,-30.9],[4.9,-30.3],[5.4,-30],[5.8,-29.4],[6.5,-28.3],[7.4,-28.9],[7.2,-30.8]]]]}},{"type":"Feature","properties":{},"geometry":{"type":"MultiPolygon","coordinates":[[[[4.1,-25.7],[2.7,-26.6],[1.8,-27.3],[-0.3,-28.6],[-1.6,-29],[-0.1,-27.7],[1,-27.1],[2.2,-26.4],[3.1,-25.7],[4.7,-25.1],[4.1,-25.7]]]]}},{"type":"Feature","properties":{},"geometry":{"type":"MultiPolygon","coordinates":[[[[12.8,-21.9],[10,-25.1],[6.9,-27.9],[6.3,-27.9],[6.2,-27.6],[5.6,-27],[5.4,-26.4],[4.7,-25.4],[4,-25.5],[2.9,-25.4],[3.1,-24.8],[2,-24.9],[1.3,-25.6],[1.3,-25],[0.9,-25],[1,-24.4],[0.6,-24.7],[0.5,-23.5],[1.8,-19.7],[3.9,-16.5],[8.1,-17.7],[11.6,-18.3],[12,-18.4],[12.8,-21.9]]]]}},{"type":"Feature","properties":{},"geometry":{"type":"MultiPolygon","coordinates":[[[[-14.9,-46],[-18.2,-47.4],[-18.5,-47.7],[-18.8,-48],[-21.7,-48],[-27.1,-49.7],[-32.1,-52],[-32.3,-49.9],[-30.9,-47.5],[-23.9,-45.9],[-20.3,-43.7],[-17.5,-42.6],[-16.3,-44.3],[-14.9,-46]]]]}},{"type":"Feature","properties":{},"geometry":{"type":"MultiPolygon","coordinates":[[[[-23.3,-32.9],[-27.5,-35.2],[-29.1,-30.6],[-31.2,-26.7],[-33.5,-24.9],[-34.5,-23.6],[-31.4,-23.7],[-33.4,-20.9],[-36.9,-19.4],[-36.7,-16.9],[-34.9,-17.2],[-32.5,-17.6],[-30.6,-18],[-30.7,-18.1],[-30.7,-18.3],[-30.2,-18.6],[-29.9,-19.2],[-29.4,-20.8],[-29.8,-21.3],[-29.3,-21],[-29.1,-21.2],[-29,-22],[-28.6,-22.3],[-27.5,-23.1],[-27.5,-23],[-26.8,-23.4],[-26.6,-23.4],[-25.7,-23.9],[-25.6,-24],[-24.6,-25.1],[-24.5,-25.5],[-24.3,-25.5],[-24.3,-25.8],[-24,-26.1],[-24,-26.5],[-24,-27.3],[-24,-28.1],[-24.2,-28.7],[-23.5,-29.4],[-23.7,-29.8],[-24.3,-30],[-25.1,-30.4],[-25.7,-30.4],[-27,-31.1],[-28.1,-31.1],[-26.3,-31.4],[-25.8,-31.5],[-25.9,-32.1],[-25.8,-32.5],[-25.3,-32.5],[-25,-32.8],[-24.5,-32.8],[-25,-33.1],[-25,-33.4],[-24.4,-32.9],[-23.6,-32.8],[-23.3,-32.9]]]]}},{"type":"Feature","properties":{},"geometry":{"type":"MultiPolygon","coordinates":[[[[-24.1,-31.3],[-23.3,-31.6],[-23.2,-32.1],[-23.6,-32.5],[-23.9,-32.5],[-23.9,-32.6],[-24.2,-32.7],[-24.5,-32.5],[-24.6,-32.5],[-25,-32.6],[-25.9,-32.3],[-25.6,-31.7],[-25.6,-31.3],[-25.4,-31.3],[-25.3,-31.1],[-25.2,-30.9],[-24.8,-30.8],[-24.1,-31.3]]]]}},{"type":"Feature","properties":{},"geometry":{"type":"MultiPolygon","coordinates":[[[[-25.9,-31],[-27.2,-31.4],[-26.7,-31.1],[-26.2,-30.9],[-25.9,-31]]]]}},{"type":"Feature","properties":{},"geometry":{"type":"MultiPolygon","coordinates":[[[[-21.2,-33],[-21.2,-33.1],[-20.6,-34.6],[-20,-35.9],[-20.3,-35.9],[-20.1,-36],[-17.5,-36.2],[-16.9,-36.5],[-16.6,-36.6],[-16.3,-37.4],[-18.1,-39.3],[-26,-41.1],[-30.9,-42.1],[-37,-44.2],[-42,-45.8],[-52.7,-48.2],[-52.7,-45.6],[-51.6,-42.3],[-56.8,-41.9],[-56.8,-39.3],[-51.3,-36.8],[-49.2,-39.6],[-45.2,-43.8],[-42.9,-41.4],[-39.7,-40.7],[-35,-41.5],[-31.5,-41.1],[-29.7,-39.2],[-27.5,-37.4],[-24.5,-34.6],[-23.3,-32.9],[-22.6,-32.3],[-22.5,-32.3],[-22.2,-32.4],[-22.2,-32.6],[-22,-32.7],[-21.8,-32.5],[-21.7,-32.7],[-21.7,-32.9],[-21.4,-32.8],[-21.3,-33],[-21.2,-33]]]]}},{"type":"Feature","properties":{},"geometry":{"type":"MultiPolygon","coordinates":[[[[-14.8,-46.1],[-15.2,-46.3],[-17.6,-47.3],[-17.8,-47.1],[-18,-47.4],[-14.9,-46],[-14.8,-46.1]]]]}},{"type":"Feature","properties":{},"geometry":{"type":"MultiPolygon","coordinates":[[[[-33.1,-43.4],[-34.7,-44.2],[-36.1,-46.9],[-34.4,-49.4],[-33.5,-51.9],[-28.1,-50.6],[-23,-48],[-18.8,-48.1],[-19,-48.3],[-19.3,-49],[-21,-50.9],[-21.3,-51.5],[-23.5,-52.9],[-24.7,-53.3],[-25.5,-53.6],[-28.2,-54.4],[-29.2,-54.8],[-30.7,-54.3],[-32,-53.9],[-32.3,-53.8],[-33.1,-53.8],[-33.1,-53.9],[-33.5,-53.8],[-34.1,-53.9],[-35.6,-53.6],[-36,-53.6],[-38.1,-53.6],[-39.6,-53.8],[-39.6,-53.6],[-39.9,-53.6],[-40.3,-53.5],[-40.6,-54],[-41.3,-54.3],[-41.8,-54.8],[-42.1,-55.1],[-42.5,-55.4],[-43.4,-55.9],[-45.7,-54.3],[-50.5,-50.3],[-47.2,-47.1],[-39,-44.9],[-41.1,-46.4],[-43.3,-46.9],[-46.5,-48],[-49.7,-48.3],[-50.6,-49.8],[-47,-49.8],[-43.2,-49.7],[-39.8,-49.9],[-36.9,-50.4],[-36.7,-48.5],[-36.9,-46.6],[-37.8,-44.7],[-33.4,-43.1],[-33.1,-43.4]]]]}},{"type":"Feature","properties":{},"geometry":{"type":"MultiPolygon","coordinates":[[[[-51.4,-36.3],[-58.7,-40.2],[-58.5,-37.8],[-56.9,-36],[-56.7,-34.3],[-57.3,-32.8],[-58.5,-30.4],[-58.4,-29.8],[-58.5,-28.9],[-58.4,-28.4],[-57.7,-27.1],[-57.6,-26],[-57.4,-24.4],[-57.1,-23.6],[-57,-23.4],[-56.8,-22.6],[-56.7,-20.7],[-56.9,-19.4],[-56.6,-19.1],[-56.4,-18.5],[-54.9,-17.9],[-54.4,-17.9],[-53.8,-17.4],[-53.2,-17.2],[-51.5,-16.7],[-51.1,-17.3],[-53.3,-20.7],[-52.8,-23.8],[-53.8,-27.1],[-53.9,-29],[-52.6,-31.4],[-50.9,-34.6],[-51.4,-36.3]]]]}},{"type":"Feature","properties":{},"geometry":{"type":"MultiPolygon","coordinates":[[[[-69.9,-47.2],[-72.1,-49.6],[-74.3,-53.2],[-71.2,-53.2],[-68.4,-52.7],[-70.8,-56.4],[-71,-56.6],[-72.4,-55.3],[-77.4,-50.3],[-78.6,-48.4],[-77.9,-48.5],[-77.5,-48.3],[-76.4,-47.9],[-75.4,-47.7],[-73.9,-47],[-72.6,-46.3],[-71.7,-46],[-71.3,-45.5],[-70.1,-45.9],[-69.9,-47.2]]]]}},{"type":"Feature","properties":{},"geometry":{"type":"MultiPolygon","coordinates":[[[[-58.7,-40.2],[-60.1,-42.7],[-65.7,-46.8],[-63.5,-44],[-67.7,-45.8],[-68.6,-43.8],[-67.9,-43.6],[-67.4,-43.4],[-66.3,-42.7],[-65.1,-42.1],[-64.2,-41.7],[-63.5,-41.4],[-62.5,-40.8],[-60.8,-39.4],[-60.5,-39.1],[-59.6,-38.7],[-58.7,-40.2]]]]}},{"type":"Feature","properties":{},"geometry":{"type":"MultiPolygon","coordinates":[[[[-52.7,-48.2],[-48.2,-52.4],[-43.6,-55.9],[-43.9,-56],[-47,-56.4],[-51.5,-56.8],[-51.2,-56.7],[-50.3,-56.8],[-49.5,-56.6],[-48.1,-56.3],[-47.9,-56.2],[-48.5,-56.2],[-48.4,-55.7],[-49.3,-56.3],[-49.7,-56.3],[-50.3,-56.4],[-51.1,-56.5],[-51.7,-56.6],[-51.7,-56.8],[-52.4,-56.9],[-56,-57.3],[-57.4,-57.4],[-56.6,-56.5],[-53.5,-55],[-53.9,-53.8],[-54.4,-53.1],[-55.4,-52.1],[-56.6,-50.7],[-60.5,-48.9],[-66.7,-51.3],[-67.6,-50.9],[-58.1,-47.1],[-53.7,-47],[-52.7,-48.2]]]]}},{"type":"Feature","properties":{},"geometry":{"type":"MultiPolygon","coordinates":[[[[-56.3,-51.9],[-56.3,-55],[-58.9,-56.8],[-59.9,-56.1],[-59.8,-56.1],[-60.7,-54.8],[-59.4,-53.8],[-60.5,-54],[-60.8,-54.2],[-60.9,-54.5],[-61.4,-54.5],[-61.4,-56.1],[-62.5,-56.8],[-62.6,-57],[-66,-52],[-58.7,-48.8],[-56.3,-51.9]]]]}},{"type":"Feature","properties":{},"geometry":{"type":"MultiPolygon","coordinates":[[[[-26.1,15.8],[-27.4,14.9],[-29,13.9],[-29.5,13.3],[-29.7,12.9],[-30.2,13],[-31.1,13.3],[-31,14.4],[-32,15.3],[-33.1,16.1],[-33.5,16.5],[-32.8,17.5],[-31.4,18.1],[-30.1,18.4],[-29.3,18.3],[-28.2,18.2],[-27.5,18],[-26.2,17.8],[-26.1,17.2],[-26.2,16.1],[-26.1,15.8]]]]}},{"type":"Feature","properties":{},"geometry":{"type":"MultiPolygon","coordinates":[[[[-17.7,11],[-20,11.8],[-20.9,12.7],[-21.5,13.7],[-19.3,13],[-18.8,12.3],[-18.8,12],[-17.7,11]]]]}},{"type":"Feature","properties":{},"geometry":{"type":"MultiPolygon","coordinates":[[[[-4.7,24],[-3.8,23.8],[-3.7,23.8],[-3.5,23.7],[-3,23.8],[-3.3,23.9],[-1.8,24.7],[-0.5,24.8],[0.3,24.8],[0.4,24.7],[0.1,24.7],[0,24.7],[-0.4,24.6],[-0.7,24.5],[-0.9,24.6],[-0.8,24.5],[-0.8,24.3],[-1.4,24.2],[-1,24.1],[-1.2,23.9],[-1.4,23.6],[-1.6,23.3],[-2.3,23],[-2.7,23.7],[-3,23.3],[-2.5,23.1],[-2.5,22.7],[-2.4,22.4],[-3.5,22.3],[-3.5,22.7],[-3.6,22.7],[-3.9,22.9],[-4.1,23.2],[-4.4,23.2],[-4.4,23.3],[-4.7,23.3],[-4.8,23.5],[-4.7,23.7],[-4.7,24]]]]}},{"type":"Feature","properties":{},"geometry":{"type":"MultiPolygon","coordinates":[[[[-6,24.3],[-5.2,23.9],[-5.1,23.5],[-5.6,23.9],[-5.6,23.6],[-5.8,23.5],[-5.4,23.5],[-5.4,23.1],[-5.5,23],[-5.2,22.8],[-5.1,22.4],[-4.7,22.4],[-4.4,22.4],[-3.8,22.1],[-3.5,21.6],[-3.9,21.3],[-4,21],[-4.6,21],[-4.8,21.2],[-5,21.3],[-5.3,21.7],[-5.7,21.7],[-5.8,21.9],[-6.1,22.1],[-6,22.4],[-6.5,22.5],[-6.6,22.7],[-6.7,22.8],[-6.5,23.1],[-6.1,23.5],[-5.9,24.3],[-6,24.3]]]]}},{"type":"Feature","properties":{},"geometry":{"type":"MultiPolygon","coordinates":[[[[-7.7,24.9],[-7,24.6],[-7.2,24.5],[-7.4,24.4],[-7.5,24.3],[-7.6,24.3],[-8,24.4],[-8.2,24.5],[-8,24.9],[-7.7,24.9]]]]}},{"type":"Feature","properties":{},"geometry":{"type":"MultiPolygon","coordinates":[[[[-6.6,23.9],[-7.4,23.4],[-7.5,23.6],[-7.5,23.9],[-7,24],[-6.8,24.1],[-6.6,23.9]]]]}},{"type":"Feature","properties":{},"geometry":{"type":"MultiPolygon","coordinates":[[[[-32.1,21.7],[-31.9,22.9],[-31.3,23.4],[-29.8,23.5],[-29.4,23.4],[-27.7,23.2],[-30.6,22.6],[-32.1,21.7]]]]}},{"type":"Feature","properties":{},"geometry":{"type":"MultiPolygon","coordinates":[[[[-30.2,9.9],[-32.6,7.3],[-34.4,5.9],[-36.2,5.8],[-37.8,7],[-39.8,8.2],[-41.1,9],[-43.4,10.1],[-43.3,11.9],[-40.9,11.4],[-39.4,11.3],[-37.2,10.7],[-37,11.1],[-37,11.8],[-36.4,12.3],[-35,12.5],[-34.6,12.9],[-33.3,12.5],[-30.9,12.3],[-29.5,12.5],[-29.4,12.2],[-29.7,11.2],[-30.2,9.9]]]]}},{"type":"Feature","properties":{},"geometry":{"type":"MultiPolygon","coordinates":[[[[-13.9,-2.4],[-14.3,-2.1],[-14.9,-2.4],[-15.2,-2.5],[-15.9,-2.9],[-16.3,-3.3],[-16.9,-3.7],[-17.1,-3.9],[-17.2,-3.9],[-17.4,-4.1],[-19.1,-3.7],[-18.2,-4.3],[-19.3,-5.5],[-20.3,-6.3],[-23.3,-7.7],[-26.8,-9.3],[-29.6,-10.5],[-31.4,-10.3],[-32.4,-8.1],[-34.1,-4.8],[-35.9,-5.3],[-37.7,-7.2],[-38.6,-7.4],[-38.8,-5.7],[-39.5,-4.8],[-40.1,-4.2],[-41.1,-3.7],[-41.5,-3.7],[-41.8,-3.4],[-41.9,-3.6],[-42.3,-4],[-42.9,-4],[-43.4,-4.2],[-43.1,-3.2],[-42.9,-1.5],[-43.1,-0.6],[-40.8,-1.3],[-40,-2],[-37.6,-1.8],[-36,-2.6],[-33.6,-3.9],[-30.8,-4.2],[-28.4,-3.5],[-24.6,-3.5],[-21.4,-2.8],[-20.6,-3.1],[-19.6,-1.5],[-19.4,-1.9],[-19.4,-2.1],[-19,-2.7],[-18.7,-2.5],[-18.6,-2.4],[-18.6,-1.9],[-18.7,-1.6],[-18,-1.5],[-18,-1.7],[-17.8,-1.3],[-17.3,-1.2],[-16.6,-1.3],[-16.5,-1.4],[-16.3,-1.3],[-15.7,-1],[-15,-1.1],[-14.8,-1.3],[-14.5,-1.8],[-14.3,-1.7],[-13.8,-1.9],[-13.9,-2.4]]]]}},{"type":"Feature","properties":{},"geometry":{"type":"MultiPolygon","coordinates":[[[[-22,-0.4],[-22.4,-1.8],[-23.8,-3.3],[-26.8,-3.6],[-30.6,-4.2],[-32.4,-4.2],[-34.9,-2.7],[-35,-1],[-33,-0.3],[-31.3,0.3],[-30.5,0.5],[-29.3,0.3],[-27.4,0.5],[-23.8,0.3],[-23.3,0.3],[-24,-0.4],[-25,-1.8],[-24.4,-2.6],[-23.5,-1.6],[-23.3,-1],[-22.6,-0.4],[-22.3,-0.4],[-22,-0.4]]]]}},{"type":"Feature","properties":{},"geometry":{"type":"MultiPolygon","coordinates":[[[[-33.3,-0.4],[-37.6,-1.8],[-40,-2],[-40.8,-1.3],[-43.1,-0.6],[-43.3,0.2],[-44.4,1.5],[-44.7,2.5],[-44.7,3.7],[-43.9,3.7],[-42.2,3.1],[-40.4,2.7],[-40.2,1.8],[-36,0.5],[-33.7,0.2],[-33,-0.1],[-33.3,-0.4]]]]}},{"type":"Feature","properties":{},"geometry":{"type":"MultiPolygon","coordinates":[[[[-4.7,14.8],[-4.4,14.1],[-4.7,14.2],[-4.9,14.2],[-4.8,14],[-5,13.8],[-4.8,13.7],[-4.7,13.7],[-4.7,13.6],[-5.2,13.2],[-7.4,13.5],[-7.7,13.7],[-7.4,14],[-7.6,14],[-7.6,14.1],[-7.7,13.9],[-7.9,13.9],[-7.8,14],[-7.7,14.3],[-7.9,14.4],[-7.9,14.2],[-8.1,14.1],[-8.4,14.3],[-8.8,14.4],[-8.9,14.4],[-9.2,14.6],[-9.2,14.7],[-9.3,15.1],[-8.7,15.3],[-8.5,15.6],[-8,15],[-7.6,15],[-7,15],[-6,15.5],[-5.7,16.1],[-4.7,14.8]]]]}},{"type":"Feature","properties":{},"geometry":{"type":"MultiPolygon","coordinates":[[[[-6.5,17],[-7.4,17],[-6.8,17.3],[-6.5,17]]]]}},{"type":"Feature","properties":{},"geometry":{"type":"MultiPolygon","coordinates":[[[[-3.1,13.3],[-3.2,13.1],[-3.2,12.9],[-3.3,12.7],[-3.3,12.6],[-3.5,12.5],[-3.5,12.6],[-3.6,12.8],[-3.7,12.9],[-3.8,13],[-3.8,13.1],[-3.7,13.3],[-3.9,13.4],[-3.9,13.6],[-3.1,13.3]]]]}},{"type":"Feature","properties":{},"geometry":{"type":"MultiPolygon","coordinates":[[[[-2.8,13.2],[-2.9,13],[-2.9,13.2],[-2.8,13.2]]]]}},{"type":"Feature","properties":{},"geometry":{"type":"MultiPolygon","coordinates":[[[[-5,10.6],[-4.9,10.8],[-5.1,10.9],[-5.1,11.1],[-4.8,13.5],[-4.8,13.2],[-4.8,13.1],[-4.6,13.1],[-4.5,12.9],[-4.7,12.7],[-4.6,12.8],[-4.5,12.7],[-4.4,12.8],[-4.4,12.7],[-4.3,12.4],[-4.2,12.4],[-4.5,12.3],[-4.4,12],[-4.4,11.8],[-4.5,11.7],[-4.4,11.3],[-4.5,11.2],[-4.6,11.8],[-4.7,11.4],[-4.6,11.2],[-4.6,11],[-4.6,10.8],[-5,10.6]]]]}},{"type":"Feature","properties":{},"geometry":{"type":"MultiPolygon","coordinates":[[[[-4.2,12.6],[-4.2,12.5],[-4.4,12.4],[-4.2,12.6]]]]}},{"type":"Feature","properties":{},"geometry":{"type":"MultiPolygon","coordinates":[[[[15.6,8.4],[15.8,8],[16,7.6],[16.2,7.5],[16.5,7.6],[16.4,7.2],[16.4,6.8],[16.2,6.5],[16.4,6.4],[16.5,6.2],[15.9,6],[15.4,6.2],[15.2,7],[15.3,7.7],[15.4,8.3],[15.6,8.6],[15.6,8.4]]]]}},{"type":"Feature","properties":{},"geometry":{"type":"MultiPolygon","coordinates":[[[[18.5,7.9],[18.2,7.4],[17.9,7.6],[18.5,7.9]]]]}},{"type":"Feature","properties":{},"geometry":{"type":"MultiPolygon","coordinates":[[[[17.3,7.7],[17.5,7.7],[17.7,7.4],[17.6,7.1],[17.8,6.7],[17.9,6.4],[17.5,6.6],[17.5,6.7],[17,6.8],[16.8,6.9],[17,7.3],[17.1,7.3],[17.2,7.2],[17.3,7.2],[17.1,7.4],[17.3,7.7]]]]}},{"type":"Feature","properties":{},"geometry":{"type":"MultiPolygon","coordinates":[[[[16.8,6.6],[16.7,6.1],[16.4,6.4],[16.5,6.5],[16.7,6.6],[16.8,6.6]]]]}},{"type":"Feature","properties":{},"geometry":{"type":"MultiPolygon","coordinates":[[[[17.7,6.2],[17.3,6.2],[17.6,6.4],[17.7,6.2]]]]}},{"type":"Feature","properties":{},"geometry":{"type":"MultiPolygon","coordinates":[[[[18.6,6.8],[18.9,6.7],[18.8,6.6],[18.7,6.5],[18.6,6.7],[18.7,6.8],[18.5,6.6],[18.6,6.8]]]]}},{"type":"Feature","properties":{},"geometry":{"type":"MultiPolygon","coordinates":[[[[-23.8,-70.2],[-28.2,-69.4],[-30.6,-68.9],[-38.4,-67.3],[-42.4,-65.4],[-44.6,-63.5],[-47.8,-62.2],[-49.3,-61.1],[-51.3,-62],[-54,-63.3],[-55.4,-63.5],[-52.8,-60.9],[-51.3,-60],[-49.4,-60.2],[-46.8,-61.9],[-44.4,-63],[-41.8,-64.3],[-36.6,-66.2],[-27.7,-67.2],[-24,-68.2],[-23.8,-70.2]]]]}},{"type":"Feature","properties":{},"geometry":{"type":"MultiPolygon","coordinates":[[[[-5.7,-74.2],[-15.6,-74.2],[-16.7,-74.7],[-17.7,-74.4],[-17.9,-73.6],[-19.6,-72.7],[-21.2,-71.2],[-21.9,-70.7],[-23.8,-68.5],[-21.1,-69.1],[-18.1,-70.4],[-11.9,-71.3],[-3.3,-72.7],[-5.3,-73.8],[-6.5,-74.3],[-5.7,-74.2]]]]}},{"type":"Feature","properties":{},"geometry":{"type":"MultiPolygon","coordinates":[[[[30.8,-35],[31.3,-36.3],[31.3,-36.8],[31.3,-37.5],[32.6,-40.6],[32.1,-40.9],[32.8,-42.2],[32.9,-42.6],[30.7,-43.3],[30.5,-41.8],[29.1,-39.9],[30.1,-34.8],[30.8,-35]]]]}},{"type":"Feature","properties":{},"geometry":{"type":"MultiPolygon","coordinates":[[[[36.1,-40.6],[37,-42.9],[37,-43.7],[34.6,-44.5],[33.5,-44.6],[33.7,-44.5],[34,-44],[33.9,-43.7],[33.4,-42.3],[33.2,-41.9],[34.2,-41.3],[33.8,-40.4],[35.6,-40.6],[36.1,-40.6]]]]}},{"type":"Feature","properties":{},"geometry":{"type":"MultiPolygon","coordinates":[[[[31.2,-27.4],[30.9,-27.3],[30.6,-26.9],[31.2,-27.4]]]]}},{"type":"Feature","properties":{},"geometry":{"type":"MultiPolygon","coordinates":[[[[31,-33.6],[31,-33.2],[31.2,-32.7],[31,-33.5],[31,-33.6]]]]}},{"type":"Feature","properties":{},"geometry":{"type":"MultiPolygon","coordinates":[[[[32.5,-33.1],[31.7,-33],[31.9,-32.9],[32.3,-33],[32.5,-33.1]]]]}},{"type":"Feature","properties":{},"geometry":{"type":"MultiPolygon","coordinates":[[[[30.9,-33.6],[30.9,-34.1],[30.7,-34.9],[27.6,-33.8],[23.8,-32.9],[19.3,-30.6],[17.2,-27.7],[13.1,-26],[8.8,-26.8],[11.7,-23.5],[13.7,-22.4],[14,-22.7],[14.1,-23.1],[15.5,-24.6],[16.5,-25.9],[17.1,-27.4],[19.1,-29.3],[20.2,-28.1],[21.8,-27.9],[23.2,-28.7],[23.2,-29.1],[24.6,-30.4],[26.5,-31.2],[26.9,-31.7],[29,-32],[29.4,-32],[29.5,-32.1],[30,-32.1],[30.5,-32.3],[30.8,-32.7],[31,-32.8],[31.1,-32.6],[31,-33.1],[31,-33.4],[30.9,-33.6]]]]}},{"type":"Feature","properties":{},"geometry":{"type":"MultiPolygon","coordinates":[[[[34.6,-28.9],[33.5,-29.5],[32.8,-29.5],[32.5,-29.1],[33.7,-29],[34.6,-28.9]]]]}},{"type":"Feature","properties":{},"geometry":{"type":"MultiPolygon","coordinates":[[[[24,-22.5],[23.7,-22.8],[23.7,-22.7],[24,-22.5]]]]}},{"type":"Feature","properties":{},"geometry":{"type":"MultiPolygon","coordinates":[[[[28.8,-41.6],[27.1,-42.3],[26.1,-41.9],[25.1,-42.4],[23.4,-42.6],[26.1,-41.1],[29.4,-36.2],[29.7,-37.7],[28.8,-41.6]]]]}},{"type":"Feature","properties":{},"geometry":{"type":"MultiPolygon","coordinates":[[[[37.8,-51.4],[38.5,-51.8],[39.3,-52.6],[40.2,-53.4],[39.7,-53.6],[38.6,-53.8],[39.6,-53.9],[37.5,-55.7],[36.6,-55.7],[34.1,-56.1],[34.1,-55.2],[34.5,-54.4],[34.6,-53.7],[34.4,-53.1],[35,-52.2],[35.4,-51.3],[37.8,-51.4]]]]}},{"type":"Feature","properties":{},"geometry":{"type":"MultiPolygon","coordinates":[[[[37.8,-51.4],[35.2,-50],[35.7,-49.8],[36,-50.2],[36.4,-50.3],[37.8,-51.4]]]]}},{"type":"Feature","properties":{},"geometry":{"type":"MultiPolygon","coordinates":[[[[35.9,-49.5],[36.1,-49.5],[35.6,-49.4],[35.8,-49.3],[35.9,-49.5]]]]}},{"type":"Feature","properties":{},"geometry":{"type":"MultiPolygon","coordinates":[[[[0.5,-23.5],[-1.7,-25.2],[-3.2,-26.6],[-6.1,-27.8],[-7.5,-29.3],[-8,-28.1],[-10.4,-27.5],[-11.1,-27.3],[-13.2,-27.8],[-14.9,-26.4],[-13.2,-25.8],[-12.3,-24],[-12.5,-20.3],[-15.1,-20.4],[-14.4,-18.6],[-13.8,-16.3],[-10.2,-16.8],[-5.8,-19.3],[-2.4,-20.2],[-1,-20.3],[-0.9,-19],[-4.5,-16.3],[-5.6,-14.1],[-2.9,-15.5],[-0.8,-16.8],[2.2,-17.7],[0.7,-22.3],[0.5,-23.5]]]]}},{"type":"Feature","properties":{},"geometry":{"type":"MultiPolygon","coordinates":[[[[-7.8,-29.8],[-7.3,-31.2],[-8.3,-33.1],[-10.6,-34],[-15.2,-35.8],[-15.4,-35.7],[-14.7,-35.4],[-14.6,-35.1],[-14.2,-34.9],[-14.2,-34.8],[-13.9,-34.7],[-13.8,-34.5],[-13.7,-34.4],[-14,-34.6],[-14.3,-34.8],[-14.4,-34.6],[-14.2,-34.4],[-14.4,-34.1],[-14.3,-33.6],[-14.4,-33.7],[-14.2,-33.2],[-14.4,-33.3],[-14.5,-33.1],[-14.6,-33.4],[-14.5,-33.9],[-14.7,-34.1],[-14.7,-34.3],[-14.6,-34.4],[-14.5,-34.7],[-14.8,-34.7],[-14.7,-35],[-14.8,-34.9],[-15,-35.3],[-15.2,-35.4],[-15.3,-35.5],[-15.6,-35.5],[-15.7,-35.1],[-15.9,-35],[-15.9,-35.7],[-16.2,-35.8],[-18.9,-35.1],[-19.6,-33.4],[-19.8,-33.2],[-21.5,-31.7],[-23,-30.9],[-22.5,-30.3],[-19.4,-29.2],[-18.8,-26.1],[-20.9,-23.7],[-15.6,-20.6],[-13.2,-19.8],[-11.5,-23.1],[-13.2,-25.4],[-14.8,-26.3],[-14,-27.4],[-11.4,-27.3],[-10.6,-27.5],[-8.5,-27.8],[-7.8,-29.8]]]]}},{"type":"Feature","properties":{},"geometry":{"type":"MultiPolygon","coordinates":[[[[-61.3,-57.1],[-63.5,-57.6],[-67.4,-57.1],[-68.1,-53.8],[-63.7,-54],[-61.3,-57.1]]]]}},{"type":"Feature","properties":{},"geometry":{"type":"MultiPolygon","coordinates":[[[[-36.9,-19.4],[-36.7,-22.7],[-35.3,-25.8],[-36.6,-28.5],[-35.5,-33.1],[-32.8,-36.6],[-34.5,-38.6],[-36.3,-37.5],[-38.6,-35.1],[-41.3,-31.7],[-39,-32.6],[-39.2,-31.7],[-39.8,-30.9],[-41.5,-30.4],[-42.1,-24],[-41.7,-20.6],[-41.3,-19.1],[-40,-18.2],[-38.3,-17.3],[-37,-18.9],[-36.9,-19.4]]]]}},{"type":"Feature","properties":{},"geometry":{"type":"MultiPolygon","coordinates":[[[[-10.3,-43.9],[-15.1,-43.3],[-18.8,-41.6],[-16,-41.4],[-11.5,-42.5],[-9.9,-42.6],[-10,-43],[-10.1,-43.4],[-10.3,-43.9]]]]}},{"type":"Feature","properties":{},"geometry":{"type":"MultiPolygon","coordinates":[[[[-45.3,7.2],[-47.2,6.5],[-47.4,8.3],[-47.3,9],[-46.3,8.7],[-45.4,7.5],[-45.3,7.2]]]]}},{"type":"Feature","properties":{},"geometry":{"type":"MultiPolygon","coordinates":[[[[-44.7,4.1],[-46,4.4],[-46.5,3.6],[-47.2,4.3],[-47.2,5.6],[-45.3,7.1],[-45.3,6.2],[-45.1,4.8],[-44.7,4.1]]]]}},{"type":"Feature","properties":{},"geometry":{"type":"MultiPolygon","coordinates":[[[[-29.3,19],[-30.6,19.7],[-28.4,22.5],[-26,23],[-24,22.6],[-23.1,22.3],[-23.4,22.2],[-25.5,22.1],[-27.5,21.2],[-29.2,19.2],[-29.3,19]]]]}},{"type":"Feature","properties":{},"geometry":{"type":"MultiPolygon","coordinates":[[[[-22.7,0.9],[-23.7,0.3],[-26.6,0.4],[-28.6,0.2],[-28.2,0.7],[-27.2,1.4],[-26.9,1.9],[-25.5,2.8],[-24.9,2.6],[-23.7,1.9],[-22.9,1],[-22.7,0.9]]]]}},{"type":"Feature","properties":{},"geometry":{"type":"MultiPolygon","coordinates":[[[[-32.3,0.2],[-35.4,0.5],[-38.4,1.1],[-40.6,2.2],[-41,3],[-42.9,3.3],[-44.7,4.1],[-45.1,4.8],[-45.3,6.2],[-45.3,7.1],[-42.7,9.8],[-40.9,8.8],[-39.8,8.7],[-37.4,6.6],[-35.4,5.7],[-34.6,5.5],[-32.8,5.2],[-31.4,3.9],[-31,3.1],[-30.5,2.5],[-28.8,2.3],[-27.8,1.4],[-30.5,1],[-31.4,0.8],[-32.3,0.2]]]]}},{"type":"Feature","properties":{},"geometry":{"type":"MultiPolygon","coordinates":[[[[-54.5,-46],[-57.5,-42.1],[-52.1,-41.8],[-50.9,-45.1],[-54.5,-46]]]]}},{"type":"Feature","properties":{},"geometry":{"type":"MultiPolygon","coordinates":[[[[-54.5,-46],[-62.6,-49.2],[-68.2,-50.5],[-62.7,-47.5],[-56.6,-43.4],[-54.5,-46]]]]}},{"type":"Feature","properties":{},"geometry":{"type":"MultiPolygon","coordinates":[[[[-3.1,14.8],[-4.2,15.2],[-5.6,16.6],[-5.6,16.9],[-5.8,17.4],[-5.8,17.6],[-5.8,17.9],[-5.9,18],[-6.1,18.1],[-6.1,18.3],[-6,18.7],[-5.8,18.9],[-6.1,19.1],[-6.1,19.3],[-6.2,19.2],[-6.2,19.9],[-6.1,20],[-6.1,20.2],[-6.1,20.3],[-6.4,20.1],[-6.8,19.7],[-6.9,20],[-7.3,20.2],[-7.5,20.2],[-7.6,20.3],[-8.1,21],[-8.3,21.1],[-8.3,21.6],[-8.5,21.7],[-8.6,21.6],[-8.9,21.9],[-8.8,22.6],[-8.2,22.2],[-7.5,21.9],[-7.5,21.8],[-7.2,22],[-7.2,22.3],[-7.1,22.7],[-6.7,22.5],[-6.6,22.6],[-6.5,22.8],[-6.3,23.3],[-6.2,23.4],[-6,23.4],[-5.8,23.5],[-5.5,23.3],[-5.1,23.4],[-5,22.6],[-5.4,22],[-5.8,21.8],[-5.6,21.7],[-5.4,21.6],[-5.3,21.7],[-5.1,21.6],[-5.1,21.5],[-5.1,21.2],[-5.1,21.5],[-4.8,21.3],[-4.9,21.6],[-4.3,21.5],[-3.9,21.1],[-4.4,20.9],[-4.3,20.8],[-4.4,20.5],[-4.5,20.3],[-4.6,20],[-4,20.3],[-3.9,20.2],[-4.2,20],[-4.1,19.9],[-4,19.9],[-3.6,20],[-3.8,19.4],[-4.2,19.1],[-3.6,19.2],[-3.6,18.9],[-4.1,18.8],[-3.8,18.8],[-3.2,18.9],[-3.5,18.6],[-3.1,18.8],[-3.1,18.3],[-3.6,18.1],[-3.5,18.2],[-3.7,18],[-3.4,17.9],[-3.1,18.1],[-2.9,17.5],[-3.7,17.6],[-3.3,17.4],[-3.3,17.1],[-3.6,17.4],[-3.8,17.2],[-3.5,17.2],[-3.5,16.9],[-3.7,16.9],[-4,17],[-3.8,16.7],[-3.7,16.4],[-3.5,16.4],[-3.4,16.3],[-3.8,16.3],[-3.5,16.3],[-3.5,16.2],[-3.5,15.8],[-3.3,15.9],[-3.4,15.6],[-3.2,15.7],[-3,15.6],[-2.8,15.5],[-2.9,15.4],[-2.8,15.3],[-2.7,15.1],[-2.7,14.8],[-3.1,14.8]]]]}},{"type":"Feature","properties":{},"geometry":{"type":"MultiPolygon","coordinates":[[[[-6.1,23.7],[-7.2,22.7],[-7.4,21.9],[-7.5,22],[-8.1,22.1],[-8.5,22.9],[-8.1,23.6],[-7.6,23.9],[-7.3,24],[-6.8,24.2],[-5.6,23.9],[-6.1,23.7]]]]}},{"type":"Feature","properties":{},"geometry":{"type":"MultiPolygon","coordinates":[[[[-4.5,23],[-3.9,22.1],[-4,21.7],[-4.9,22],[-4.8,22.6],[-4.8,22.9],[-4.5,23]]]]}},{"type":"Feature","properties":{},"geometry":{"type":"MultiPolygon","coordinates":[[[[-6.5,17],[-6.8,17.3],[-6.2,17.5],[-6.5,17]]]]}},{"type":"Feature","properties":{},"geometry":{"type":"MultiPolygon","coordinates":[[[[-6,17.3],[-5.8,16.9],[-6.2,17.3],[-6,17.3]]]]}},{"type":"Feature","properties":{},"geometry":{"type":"MultiPolygon","coordinates":[[[[-7.1,18.8],[-7.2,18.9],[-6.7,19],[-7.1,18.8]]]]}},{"type":"Feature","properties":{},"geometry":{"type":"MultiPolygon","coordinates":[[[[-6.7,19.6],[-7,19.6],[-7.1,19.7],[-7.1,19.8],[-6.7,19.6]]]]}},{"type":"Feature","properties":{},"geometry":{"type":"MultiPolygon","coordinates":[[[[2.5,-17.1],[-1.9,-16.6],[-3.9,-15],[-2.7,-13.7],[1.8,-14.8],[2.5,-17.1]]]]}},{"type":"Feature","properties":{},"geometry":{"type":"MultiPolygon","coordinates":[[[[-7.7,19.4],[-9,19.8],[-8.8,19.8],[-9,20.1],[-8.9,20.2],[-8.8,20.5],[-8.6,20.7],[-8.1,20.2],[-7.9,19.9],[-7.9,19.7],[-7.8,19.5],[-7.7,19.4]]]]}},{"type":"Feature","properties":{},"geometry":{"type":"MultiPolygon","coordinates":[[[[-5.1,11],[-5.1,11.2],[-5.2,11.1],[-5.4,11.5],[-5.5,11.4],[-5.6,11.6],[-5.6,12],[-5.8,12.1],[-5.9,12.1],[-5.1,11]]]]}},{"type":"Feature","properties":{},"geometry":{"type":"MultiPolygon","coordinates":[[[[-5.7,10.1],[-5.6,10.7],[-5.6,10.5],[-5.5,10.4],[-5.6,10.2],[-5.7,10.1]]]]}},{"type":"Feature","properties":{},"geometry":{"type":"MultiPolygon","coordinates":[[[[-5.1,9.6],[-5.4,9.5],[-5.1,9.7],[-5.1,9.6]]]]}},{"type":"Feature","properties":{},"geometry":{"type":"MultiPolygon","coordinates":[[[[21.5,-68.5],[21.1,-68.7],[20.7,-68.8],[18.8,-68.5],[18.6,-67.1],[19.5,-62.5],[22.4,-61],[22.5,-60.4],[26.4,-58.7],[28.7,-59.4],[30.2,-59.9],[30.3,-59],[30.6,-58.5],[30.6,-57.9],[28.9,-57.9],[28,-58.3],[29.2,-56.5],[32.6,-56],[34.8,-55.5],[35.8,-55.5],[33.9,-58],[29.4,-63.2],[21.4,-68.5],[21.5,-68.5]]]]}},{"type":"Feature","properties":{},"geometry":{"type":"MultiPolygon","coordinates":[[[[30.4,-56.8],[28.4,-58.2],[26.2,-58.4],[24.1,-57.5],[28.7,-56.2],[29.8,-54.7],[28.7,-53.2],[27.7,-52.5],[29.4,-50.7],[30.4,-56.8]]]]}},{"type":"Feature","properties":{},"geometry":{"type":"MultiPolygon","coordinates":[[[[41.3,-44.6],[41.7,-46.8],[42.6,-48.3],[40.8,-49.9],[40.4,-51.1],[40.1,-52.3],[39.8,-50.6],[39.4,-50.2],[39.7,-50.2],[39.8,-48.8],[39.4,-48.4],[38.1,-46.6],[38,-46.2],[37.7,-45.6],[36.9,-44.9],[37.5,-44.2],[40.3,-43.5],[41.3,-44.6]]]]}},{"type":"Feature","properties":{},"geometry":{"type":"MultiPolygon","coordinates":[[[[38.5,-48.5],[39,-48.8],[38.8,-48.7],[38.5,-48.5]]]]}},{"type":"Feature","properties":{},"geometry":{"type":"MultiPolygon","coordinates":[[[[3.3,-62.8],[2.8,-63.2],[1.5,-63.4],[3.3,-62.8]]]]}},{"type":"Feature","properties":{},"geometry":{"type":"MultiPolygon","coordinates":[[[[5.4,-69.6],[2.1,-68.1],[1.2,-65.1],[2.3,-64.3],[3.3,-63.7],[5.7,-63.5],[8.6,-63.2],[8.5,-63.4],[3.4,-64.8],[2.4,-67],[3,-68.9],[5.3,-69.6],[5.4,-69.6]]]]}},{"type":"Feature","properties":{},"geometry":{"type":"MultiPolygon","coordinates":[[[[40.8,-43.4],[39.8,-43.1],[38,-43.3],[38.7,-45.5],[38.7,-46.9],[38,-45.7],[37.3,-43.5],[37.2,-42.4],[37.6,-41.4],[39.5,-41.5],[40.3,-42],[40.7,-42.8],[40.8,-43.4]]]]}},{"type":"Feature","properties":{},"geometry":{"type":"MultiPolygon","coordinates":[[[[46.8,-54.6],[46.1,-58.7],[46.4,-61.3],[35.9,-64.6],[31,-66.1],[29.1,-66.7],[28.7,-66.7],[28.1,-66.7],[28,-66.8],[27.6,-66.9],[26.9,-67],[25.7,-67.3],[24.7,-67.5],[23.3,-68.1],[22.2,-68.5],[21.5,-68.5],[27.7,-64.6],[32.8,-59],[36.3,-55.5],[38.6,-55.2],[40.2,-55.1],[42.8,-54.8],[46.1,-54.7],[46.8,-54.6]]]]}},{"type":"Feature","properties":{},"geometry":{"type":"MultiPolygon","coordinates":[[[[39.5,-55.6],[37.4,-55.6],[35.7,-55.4],[39,-55.2],[39.5,-55.6]]]]}},{"type":"Feature","properties":{},"geometry":{"type":"MultiPolygon","coordinates":[[[[-2.8,13.2],[-3.8,13.6],[-3.6,13.7],[-3.6,13.8],[-3.7,14.2],[-4.1,14.1],[-4.1,14.4],[-4.1,14.6],[-4.4,14.7],[-4.4,14.5],[-4.5,14.6],[-4.6,14.8],[-3.1,14.8],[-2.9,14.7],[-2.6,14.7],[-2.4,14.7],[-2.9,14.3],[-2.7,14.3],[-2.4,14.3],[-2.2,14.2],[-2.1,14.2],[-2.1,14],[-2.2,13.9],[-2.3,13.7],[-2.4,13.6],[-2.5,13.7],[-2.7,13.6],[-2.7,13.4],[-2.7,13.3],[-2.8,13.2]]]]}},{"type":"Feature","properties":{},"geometry":{"type":"MultiPolygon","coordinates":[[[[152.6,-39.9],[152.7,-39.9],[152.6,-39.8],[152.5,-39.8],[152.7,-39.9],[152.6,-39.9]]]]}},{"type":"Feature","properties":{},"geometry":{"type":"MultiPolygon","coordinates":[[[[172,-52],[170.3,-52],[170.2,-52],[170.1,-52],[170,-52],[169.8,-52],[169.7,-52],[169.6,-51.9],[169.5,-51.9],[169.4,-51.9],[169.3,-51.9],[169.2,-51.9],[169.1,-51.8],[169,-51.8],[168.9,-51.8],[168.9,-51.7],[168.8,-51.7],[168.7,-51.7],[168.6,-51.6],[168.5,-51.6],[168.4,-51.6],[168.4,-51.5],[168.3,-51.5],[168.2,-51.5],[168.1,-51.4],[168,-51.3],[167.9,-51.3],[167.8,-51.2],[167.7,-51.2],[167.7,-51.1],[167.6,-51.1],[167.5,-51],[167.4,-51],[167.3,-50.9],[167.2,-50.9],[167.2,-50.8],[167.1,-50.8],[167.1,-50.7],[167,-50.7],[167,-50.6],[166.9,-50.6],[166.8,-50.5],[166.7,-50.4],[166.6,-50.3],[166.5,-50.3],[166.5,-50.2],[166.4,-50.2],[166.4,-50.1],[166.3,-50.1],[166.2,-50],[166.1,-49.9],[166,-49.9],[166,-49.8],[165.9,-49.8],[165.9,-49.7],[165.8,-49.7],[165.7,-49.6],[165.6,-49.5],[165.5,-49.4],[165.4,-49.3],[165.4,-49.2],[165.3,-49.2],[165.3,-49.1],[165.2,-49.1],[165.2,-49],[165.1,-48.9],[165,-48.8],[164.9,-48.7],[164.8,-48.6],[164.7,-48.5],[164.6,-48.4],[164.5,-48.3],[164.4,-48.2],[164.4,-48.1],[164.3,-48.1],[164.3,-48],[164.2,-48],[164.2,-47.9],[164.1,-47.9],[164.1,-47.8],[164,-47.8],[164,-47.7],[163.9,-47.6],[163.8,-47.5],[163.7,-47.4],[163.7,-47.3],[163.6,-47.3],[163.6,-47.2],[163.5,-47.2],[163.5,-47.1],[163.4,-47.1],[163.2,-46.9],[163.1,-46.8],[163.1,-46.7],[163,-46.7],[162.9,-46.6],[162.8,-46.5],[162.7,-46.4],[162.6,-46.3],[162.5,-46.2],[162.4,-46.2],[162.3,-46.1],[162.2,-46],[162.2,-45.9],[162.1,-45.9],[162.1,-45.8],[162,-45.8],[162,-45.7],[161.9,-45.7],[161.8,-45.6],[161.7,-45.6],[161.7,-45.5],[161.6,-45.5],[161.6,-45.4],[161.5,-45.4],[161.5,-45.3],[161.4,-45.2],[161.3,-45.2],[161.2,-45.1],[161.1,-45],[161.1,-44.9],[161,-44.9],[161,-44.8],[160.9,-44.8],[160.9,-44.7],[160.8,-44.7],[160.7,-44.7],[160.6,-44.6],[160.5,-44.6],[160.5,-44.5],[160.4,-44.5],[160.4,-44.4],[160.3,-44.4],[160.2,-44.4],[160.2,-44.3],[160.1,-44.3],[160,-44.2],[159.9,-44.2],[159.8,-44.1],[159.7,-44.1],[159.5,-44],[159.4,-44],[159.3,-43.9],[159.2,-43.9],[159.1,-43.9],[159,-43.9],[159,-43.8],[158.9,-43.8],[158.8,-43.8],[158.8,-43.7],[158.7,-43.7],[158.7,-43.6],[158.7,-43.5],[158.6,-43.5],[158.6,-43.4],[158.5,-43.3],[158.4,-43.3],[158.4,-43.2],[158.3,-43.2],[158.2,-43.1],[158.1,-43],[158,-43],[157.7,-42.7],[157.6,-42.7],[157.5,-42.7],[157.4,-42.6],[157.3,-42.6],[157.2,-42.5],[157.1,-42.5],[157,-42.5],[156.9,-42.4],[156.8,-42.4],[156.7,-42.4],[156.7,-42.3],[156.6,-42.3],[156.5,-42.3],[156.4,-42.2],[156.3,-42.2],[156.2,-42.2],[156.2,-42.1],[156.1,-42.1],[156,-42.1],[155.9,-42.1],[155.8,-42],[155.7,-42],[155.6,-42],[155.5,-42],[156.1,-42],[156.7,-41.8],[157.4,-42.1],[157.8,-42],[158.4,-42.1],[158.6,-42],[158.9,-42.1],[158.8,-42.3],[159.2,-42.5],[159.6,-42.5],[159.9,-42.7],[160.4,-42.9],[161,-43.5],[161.2,-43.4],[161.4,-43.3],[162.3,-43.1],[162.2,-43],[162.4,-43.1],[162.5,-43.1],[163.1,-43.7],[163.5,-44],[164.5,-44],[164.6,-43.9],[164.9,-43.9],[165.6,-44.2],[166,-44.2],[166.8,-44.4],[166.9,-44.6],[167.3,-44.8],[167.6,-44.8],[168,-45.4],[168.5,-45.7],[168.3,-45.9],[168.7,-46.1],[169.8,-46.5],[170.3,-47.1],[170.5,-47.6],[171.7,-49.1],[172,-50.3],[172.2,-50.3],[172.2,-50.8],[172.1,-51],[172.1,-51.2],[172.1,-51.4],[172.1,-51.5],[172.2,-51.7],[172.2,-52],[172,-52]]]]}},{"type":"Feature","properties":{},"geometry":{"type":"MultiPolygon","coordinates":[[[[167.1,-43.9],[167,-44.5],[166.7,-43.9],[167.1,-43.9]]]]}},{"type":"Feature","properties":{},"geometry":{"type":"MultiPolygon","coordinates":[[[[178.6,-60.6],[178.7,-60.6],[178.8,-60.7],[178.9,-60.7],[179,-60.7],[179,-60.8],[179.1,-60.8],[179.2,-60.8],[179.1,-60.9],[179.2,-60.9],[179.3,-60.9],[179.5,-61],[179.5,-61.1],[179.4,-61],[179.3,-61],[179,-61],[178.8,-61],[179.4,-61.1],[179.3,-61.2],[179.6,-61.4],[179.5,-61.4],[179.4,-61.4],[179.3,-61.4],[179.2,-61.4],[179.5,-61.4],[179.5,-61.5],[179.6,-61.5],[179.5,-61.6],[179.6,-61.6],[179.7,-61.7],[179.8,-61.7],[179.7,-61.8],[179.6,-61.8],[179.6,-61.9],[179.3,-61.8],[179.3,-61.9],[179.1,-62],[178.9,-62],[178.9,-62.1],[178.8,-62.1],[178.8,-62.2],[178.6,-62.1],[178.4,-62.1],[178.7,-62],[178.6,-61.9],[178.5,-61.9],[178.5,-62],[178.4,-62],[178.3,-62],[178.1,-62],[178.2,-62],[178.3,-62.1],[178.2,-62.1],[178,-62],[177.9,-62],[177.6,-62],[177.4,-62],[177.3,-62],[177.2,-62],[177.2,-61.9],[177.1,-61.9],[177,-61.8],[176.9,-61.8],[176.8,-61.8],[176.7,-61.7],[176.6,-61.7],[176.5,-61.6],[176.4,-61.6],[176.4,-61.5],[176.3,-61.5],[176.2,-61.4],[176.1,-61.4],[176,-61.4],[176,-61.3],[175.9,-61.3],[175.8,-61.3],[175.8,-61.2],[175.7,-61.2],[175.7,-61.1],[175.6,-61.1],[175.6,-61],[175.6,-60.9],[175.6,-60.8],[175.6,-60.7],[175.7,-60.7],[175.7,-60.6],[175.8,-60.6],[175.9,-60.6],[176,-60.6],[176.1,-60.5],[176.2,-60.5],[176.3,-60.5],[176.4,-60.5],[176.5,-60.5],[176.6,-60.5],[176.7,-60.5],[176.9,-60.5],[177,-60.4],[177.1,-60.4],[177.4,-60.4],[177.7,-60.5],[178.3,-60.6],[178.6,-60.6]]]]}},{"type":"Feature","properties":{},"geometry":{"type":"MultiPolygon","coordinates":[[[[163.8,-47.5],[163.9,-47.5],[163.9,-47.6],[164,-47.7],[164,-47.8],[164.1,-47.8],[164.1,-47.9],[164.2,-47.9],[164.2,-48],[164.3,-48.1],[164.4,-48.1],[164.4,-48.2],[164.5,-48.3],[164.6,-48.3],[164.6,-48.4],[164.7,-48.5],[164.8,-48.6],[164.9,-48.7],[165,-48.8],[165,-48.9],[165.1,-48.9],[165.2,-49],[165.2,-49.1],[165.3,-49.1],[165.3,-49.2],[165.4,-49.2],[165.4,-49.3],[165.5,-49.4],[165.6,-49.5],[165.7,-49.6],[165.8,-49.7],[165.9,-49.7],[165.9,-49.8],[166,-49.8],[166,-49.9],[166.1,-49.9],[166.2,-50],[166.3,-50],[166.3,-50.1],[166.4,-50.1],[166.4,-50.2],[166.5,-50.2],[166.5,-50.3],[166.6,-50.3],[166.7,-50.4],[166.8,-50.5],[166.9,-50.6],[167,-50.6],[167,-50.7],[167.1,-50.7],[167.1,-50.8],[167.2,-50.8],[167.2,-50.9],[167.3,-50.9],[167.4,-51],[167.5,-51],[167.5,-51.1],[167.6,-51.1],[167.7,-51.1],[167.7,-51.2],[167.8,-51.2],[167.9,-51.3],[168,-51.3],[168,-51.4],[168.1,-51.4],[168.2,-51.4],[168.3,-51.5],[168.4,-51.5],[168.4,-51.6],[168.5,-51.6],[168.6,-51.6],[168.7,-51.7],[168.8,-51.7],[168.9,-51.7],[169,-51.8],[169.1,-51.8],[169.2,-51.8],[169.2,-51.9],[169.3,-51.9],[169.4,-51.9],[169.5,-51.9],[169.6,-51.9],[169.6,-52],[169.7,-52],[169.8,-52],[170,-52],[170.1,-52],[170.2,-52],[170.3,-52],[172,-52],[172.1,-52.1],[172.2,-52],[172.3,-52.2],[172.4,-52.2],[172.4,-52.5],[172.6,-53],[172.9,-53.3],[173.2,-53.4],[173.1,-53.7],[173.3,-54.4],[174.2,-55.3],[174.6,-55.4],[174.8,-55.9],[174.8,-56.2],[172.8,-57.2],[173,-57.4],[172.3,-58.5],[172.7,-58.7],[172.2,-58.7],[171.7,-58.7],[171.1,-58.6],[170.6,-58.9],[170.3,-58.7],[169.6,-59],[169.4,-59.5],[169.2,-60],[169,-59.9],[168.9,-59.9],[168.8,-59.8],[168.6,-59.7],[168.3,-59.6],[168.1,-59.6],[167.9,-59.5],[167.7,-59.4],[167.5,-59.4],[167.4,-59.3],[167.3,-59.3],[167.2,-59.3],[167.1,-59.3],[167,-59.2],[166.9,-59.2],[166.8,-59.2],[166.7,-59.1],[166.6,-59.1],[166.5,-59.1],[166.4,-59.1],[166.3,-59.1],[166.2,-59.1],[166.1,-59.1],[166,-59.1],[165.9,-59],[165.8,-59],[165.7,-59],[165.6,-59],[165.5,-59],[165.3,-58.9],[165.2,-58.9],[165.1,-58.9],[165,-58.9],[164.9,-58.8],[164.8,-58.8],[164.7,-58.8],[164.6,-58.7],[164.5,-58.7],[164.4,-58.7],[164.3,-58.7],[164.2,-58.7],[164.1,-58.7],[164,-58.7],[163.9,-58.7],[163.8,-58.6],[163.7,-58.6],[163.5,-58.6],[163.4,-58.6],[163.3,-58.6],[163.2,-58.6],[163.2,-58.5],[163,-58.5],[162.9,-58.4],[162.8,-58.4],[162.7,-58.4],[162.6,-58.3],[162.5,-58.3],[162.4,-58.2],[162.3,-58.2],[162.2,-58.2],[162.1,-58.1],[162,-58.1],[161.9,-58.1],[161.8,-58.1],[161.7,-58.1],[161.7,-58],[161.6,-58],[161.5,-58],[161.4,-57.9],[161.3,-57.9],[161.3,-57.8],[161.2,-57.8],[161.2,-57.7],[161.1,-57.6],[161.1,-57.5],[161.1,-57.4],[161.1,-57.3],[161.1,-57.2],[161.1,-57.1],[161.1,-57],[161.2,-57],[161.2,-56.9],[161.2,-56.8],[161.3,-56.7],[161.3,-56.6],[161.3,-56.5],[161.3,-56.4],[161.4,-56.4],[161.4,-56.3],[161.4,-56.2],[161.4,-56.1],[161.4,-56],[161.5,-56],[161.5,-55.9],[161.4,-55.9],[161.5,-55.8],[161.5,-55.7],[161.5,-55.6],[161.6,-55.6],[161.6,-55.5],[161.7,-55.5],[161.7,-55.4],[161.7,-55.3],[161.8,-55.3],[161.8,-55.2],[161.7,-55.2],[161.7,-55.1],[161.6,-55.1],[161.5,-55],[161.4,-55],[161.4,-54.9],[161.3,-54.9],[161.2,-54.9],[161.2,-54.8],[161.1,-54.8],[161,-54.7],[160.9,-54.7],[160.8,-54.6],[160.7,-54.6],[160.2,-54.3],[159.7,-53.7],[159.4,-53.4],[159.5,-53.4],[159.6,-53.4],[159.7,-53.4],[159.8,-53.4],[159.9,-53.4],[160,-53.4],[160.1,-53.4],[160.2,-53.4],[160.3,-53.4],[160.4,-53.4],[160.5,-53.4],[160.5,-53.3],[160.6,-53.3],[160.8,-53.3],[160.9,-53.3],[161,-53.2],[161.1,-53.2],[161.2,-53.2],[161.2,-53.1],[161.3,-53.1],[161.4,-53.1],[161.4,-53],[161.5,-53],[161.6,-53],[161.6,-52.9],[161.7,-52.9],[161.8,-52.9],[161.9,-52.8],[162,-52.8],[162.1,-52.8],[162.2,-52.7],[162.3,-52.7],[162.4,-52.7],[162.5,-52.7],[162.6,-52.7],[162.7,-52.7],[162.7,-52.6],[162.8,-52.6],[162.9,-52.6],[163,-52.6],[163.1,-52.6],[163.2,-52.6],[163.2,-52.5],[163.3,-52.5],[163.4,-52.5],[163.5,-52.5],[163.6,-52.4],[163.7,-52.4],[163.9,-52.3],[164,-52.3],[164,-52.2],[164.1,-52.2],[164.2,-52.1],[164.3,-52.1],[164.5,-52],[164.6,-52],[164.7,-51.9],[164.9,-51.9],[164.9,-51.8],[165,-51.8],[165.1,-51.8],[165,-51.7],[164.9,-51.7],[164.9,-51.6],[164.8,-51.5],[164.8,-51.4],[164.7,-51.3],[164.7,-51.2],[164.7,-51.1],[164.6,-51.1],[164.6,-51],[164.6,-50.9],[164.5,-50.9],[164.5,-50.8],[164.5,-50.7],[164.4,-50.7],[164.4,-50.6],[164.4,-50.5],[164.3,-50.5],[164.3,-50.4],[164.2,-50.4],[164.2,-50.3],[164.2,-50.2],[164.2,-50.1],[164.1,-50.1],[164.1,-50],[164,-50],[164,-49.9],[163.9,-49.9],[163.8,-49.8],[163.7,-49.7],[163.7,-49.6],[163.7,-49.5],[163.7,-49.4],[163.6,-49.3],[163.5,-49.3],[163.5,-49.2],[163.4,-49.2],[163.4,-49.1],[163.3,-49.1],[163.3,-49],[163.3,-48.9],[163.2,-48.9],[163.2,-48.8],[163.2,-48.7],[163.2,-48.6],[163.1,-48.6],[163.1,-48.4],[163.1,-48.3],[163,-48.3],[163,-48.2],[162.9,-48.1],[162.9,-48],[162.9,-47.9],[162.9,-47.8],[162.9,-47.7],[162.9,-47.6],[162.9,-47.5],[163,-47.5],[163.1,-47.5],[163.2,-47.5],[163.3,-47.5],[163.4,-47.5],[163.5,-47.5],[163.6,-47.5],[163.7,-47.5],[163.8,-47.5]]]]}},{"type":"Feature","properties":{},"geometry":{"type":"MultiPolygon","coordinates":[[[[180,-60.8],[179.8,-61],[179.7,-60.8],[179.2,-60.8],[179.1,-60.8],[179,-60.8],[179,-60.7],[178.9,-60.7],[178.8,-60.7],[178.7,-60.7],[178.6,-60.6],[178.5,-60.6],[178.4,-60.5],[178.3,-60.5],[178.2,-60.5],[178.1,-60.4],[178,-60.4],[177.9,-60.4],[177.8,-60.4],[177.7,-60.3],[177.6,-60.3],[177.5,-60.3],[177.4,-60.3],[177.3,-60.2],[177.2,-60.2],[177.1,-60.2],[177,-60.2],[176.9,-60.2],[176.9,-60.1],[176.8,-60.1],[176.7,-60.1],[176.6,-60.1],[176.5,-60.1],[176.4,-60.1],[176.3,-60.1],[176.1,-59.8],[176.6,-59.4],[177.6,-59.2],[178,-59.4],[179.3,-60],[178.7,-59.9],[179,-60.3],[179.5,-60.6],[180,-60.8]]]]}},{"type":"Feature","properties":{},"geometry":{"type":"MultiPolygon","coordinates":[[[[176.2,-58.4],[176.3,-58.8],[175.6,-58.6],[176.2,-58.4]]]]}},{"type":"Feature","properties":{},"geometry":{"type":"MultiPolygon","coordinates":[[[[176.2,-60.1],[176.3,-60.1],[176.4,-60.1],[176.5,-60.1],[176.6,-60.1],[176.7,-60.1],[176.8,-60.1],[176.9,-60.2],[177,-60.2],[177.1,-60.2],[177.2,-60.2],[177.4,-60.3],[177.5,-60.3],[177.6,-60.3],[177.7,-60.3],[177.8,-60.4],[177.9,-60.4],[178,-60.4],[178.1,-60.4],[178.2,-60.5],[178.3,-60.5],[178.5,-60.6],[178.3,-60.6],[177.7,-60.5],[177.4,-60.4],[177.1,-60.4],[177,-60.4],[176.9,-60.5],[176.7,-60.5],[176.6,-60.5],[176.5,-60.5],[176.4,-60.5],[176.3,-60.5],[176.2,-60.5],[176.1,-60.5],[176,-60.6],[175.9,-60.6],[175.8,-60.6],[175.7,-60.6],[175.7,-60.7],[175.6,-60.7],[175.6,-60.8],[175.6,-60.9],[175.6,-61],[175.6,-61.1],[175.7,-61.1],[175.7,-61.2],[175.8,-61.2],[175.8,-61.3],[175.9,-61.3],[176,-61.3],[176,-61.4],[176.1,-61.4],[176.2,-61.4],[176.3,-61.5],[176.4,-61.5],[176.4,-61.6],[176.5,-61.6],[176.6,-61.7],[176.7,-61.7],[176.8,-61.8],[176.9,-61.8],[177,-61.8],[177.1,-61.9],[177.2,-61.9],[177.2,-62],[177.3,-62],[177.4,-62],[177.2,-62],[177,-62],[176.9,-61.9],[176.6,-61.9],[176.5,-61.9],[176.4,-61.9],[176.2,-61.8],[176,-61.7],[176.1,-61.7],[176.6,-61.7],[176.4,-61.6],[176.2,-61.6],[176,-61.6],[175.9,-61.6],[175.6,-61.5],[175.2,-61.4],[175.3,-61.4],[175.3,-61.3],[175.2,-61.3],[175.2,-61.2],[175.1,-61.2],[175,-61.2],[175,-61.1],[174.9,-61],[175,-61],[175,-60.9],[175.1,-60.9],[175.1,-60.8],[175.1,-60.7],[175.2,-60.7],[175.1,-60.6],[175.2,-60.6],[175.2,-60.5],[175.3,-60.5],[175.3,-60.4],[175.7,-60.3],[175.8,-60.2],[175.9,-60.2],[175.9,-60.1],[176.2,-60.1]]]]}},{"type":"Feature","properties":{},"geometry":{"type":"MultiPolygon","coordinates":[[[[160.2,-54.3],[160.7,-54.6],[160.8,-54.6],[160.9,-54.7],[161,-54.7],[161.1,-54.8],[161.2,-54.8],[161.2,-54.9],[161.3,-54.9],[161.4,-54.9],[161.4,-55],[161.5,-55],[161.6,-55.1],[161.7,-55.1],[161.7,-55.2],[161.8,-55.2],[161.8,-55.3],[161.7,-55.3],[161.7,-55.4],[161.7,-55.5],[161.6,-55.5],[161.6,-55.6],[161.5,-55.6],[161.5,-55.7],[161.5,-55.8],[161.4,-55.9],[161.5,-55.9],[161.5,-56],[161.4,-56],[161.4,-56.1],[161.4,-56.2],[161.4,-56.3],[161.4,-56.4],[161.3,-56.4],[161.3,-56.5],[161.3,-56.6],[161.3,-56.7],[161.2,-56.8],[161.2,-56.9],[161.2,-57],[161.1,-57],[161.1,-57.1],[161.1,-57.2],[161.1,-57.3],[161.1,-57.4],[161.1,-57.5],[161.1,-57.6],[161.2,-57.7],[161.2,-57.8],[161.3,-57.8],[161.3,-57.9],[161.4,-57.9],[161.5,-58],[161.6,-58],[161.7,-58],[161.7,-58.1],[161.8,-58.1],[161.9,-58.1],[162,-58.1],[162.1,-58.1],[162.2,-58.2],[162.3,-58.2],[162.4,-58.2],[162.5,-58.3],[162.6,-58.3],[162.7,-58.4],[162.8,-58.4],[162.9,-58.4],[163,-58.5],[163.2,-58.5],[163.2,-58.6],[163.3,-58.6],[163.4,-58.6],[163.5,-58.6],[163.7,-58.6],[163.8,-58.6],[163.9,-58.7],[164,-58.7],[164.1,-58.7],[164.2,-58.7],[164.3,-58.7],[164.4,-58.7],[164.5,-58.7],[164.6,-58.7],[164.7,-58.8],[164.8,-58.8],[164.9,-58.8],[165,-58.9],[165.1,-58.9],[165.2,-58.9],[165.3,-58.9],[165.5,-59],[165.6,-59],[165.7,-59],[165.8,-59],[165.9,-59],[166,-59.1],[166.1,-59.1],[166.2,-59.1],[166.3,-59.1],[166.4,-59.1],[166.5,-59.1],[166.6,-59.1],[166.7,-59.1],[166.8,-59.2],[166.9,-59.2],[167,-59.2],[167.1,-59.3],[167.2,-59.3],[167.3,-59.3],[167.4,-59.3],[167.5,-59.4],[167.7,-59.4],[167.9,-59.5],[168.1,-59.6],[168.3,-59.6],[168.6,-59.7],[168.8,-59.8],[168.9,-59.9],[169,-59.9],[169.2,-60],[167,-60.3],[166.1,-60.7],[164.2,-60.8],[162.5,-60.4],[161.1,-59.8],[160.5,-59.6],[159.5,-59.6],[159.3,-59.5],[159.3,-59.4],[159,-59.1],[158.7,-58.7],[158.6,-58.5],[158.3,-58],[157.9,-57.6],[157.8,-57.4],[158,-57.3],[158.2,-56.8],[158.8,-56.3],[159.1,-56],[159.4,-55.8],[159.8,-55.4],[160,-55.2],[160.1,-55.1],[160,-55.1],[160,-55],[159.9,-55],[159.8,-55],[159.7,-54.9],[159.6,-54.9],[159.6,-54.8],[159.5,-54.8],[159.4,-54.7],[159.3,-54.7],[159.2,-54.7],[159.2,-54.6],[159.1,-54.6],[159,-54.6],[158.9,-54.6],[158.8,-54.6],[158.7,-54.6],[158.7,-54.5],[158.6,-54.5],[158.5,-54.4],[158.5,-54.3],[158.4,-54.3],[158.3,-54.3],[158.1,-54.3],[157.9,-54.3],[157.7,-54],[157.3,-54],[156.5,-54],[155.2,-54.2],[154.8,-54.4],[154.1,-54.4],[153.5,-54.4],[153,-54.4],[152.9,-54.4],[152.8,-54.4],[152,-54.4],[151.9,-54.4],[151.8,-54.4],[151.4,-54.3],[151.5,-54.3],[152.6,-54.2],[153.6,-54],[154.2,-53.9],[154,-53.8],[154,-53.7],[153.9,-53.6],[153.9,-53.5],[153.8,-53.4],[154,-53.2],[155.5,-52.7],[156.2,-53],[156.3,-53],[156.3,-53.1],[156.5,-53.1],[157.1,-53.3],[157.2,-53.3],[157.3,-53.4],[157.4,-53.4],[157.5,-53.4],[157.6,-53.5],[157.9,-53.6],[158.2,-53.7],[158.3,-53.7],[158.5,-53.7],[158.6,-53.7],[158.7,-53.7],[158.8,-53.8],[158.9,-53.8],[159.4,-53.9],[159.7,-54],[159.8,-54.1],[159.8,-54.2],[159.9,-54.2],[160,-54.2],[160.2,-54.3]]]]}},{"type":"Feature","properties":{},"geometry":{"type":"MultiPolygon","coordinates":[[[[173.1,-60.8],[173.2,-60.8],[173.4,-60.9],[173.1,-60.8]]]]}},{"type":"Feature","properties":{},"geometry":{"type":"MultiPolygon","coordinates":[[[[174.6,-61.4],[173.4,-61],[173.6,-61.1],[173.7,-61.1],[173.9,-61.2],[174.1,-61.2],[174.3,-61.3],[174.6,-61.4]]]]}},{"type":"Feature","properties":{},"geometry":{"type":"MultiPolygon","coordinates":[[[[175.2,-61.4],[175.6,-61.5],[175.9,-61.6],[175.6,-61.5],[174.9,-61.4],[175.2,-61.4]]]]}},{"type":"Feature","properties":{},"geometry":{"type":"MultiPolygon","coordinates":[[[[175.9,-61.7],[176.1,-61.7],[176.3,-61.8],[176.5,-61.9],[176.6,-61.9],[176.8,-61.9],[176.9,-62],[176.5,-61.9],[175.9,-61.7]]]]}},{"type":"Feature","properties":{},"geometry":{"type":"MultiPolygon","coordinates":[[[[176.5,-61.6],[176.3,-61.6],[176.4,-61.6],[176.5,-61.6]]]]}},{"type":"Feature","properties":{},"geometry":{"type":"MultiPolygon","coordinates":[[[[179.3,-61],[179.2,-61],[179,-61],[179.1,-61],[179.3,-61]]]]}},{"type":"Feature","properties":{},"geometry":{"type":"MultiPolygon","coordinates":[[[[177.4,-62],[177.6,-62],[177.2,-62],[177.3,-62],[177.4,-62]]]]}},{"type":"Feature","properties":{},"geometry":{"type":"MultiPolygon","coordinates":[[[[178.3,-62.1],[177.7,-62],[178,-62],[178.2,-62.1],[178.3,-62.1]]]]}},{"type":"Feature","properties":{},"geometry":{"type":"MultiPolygon","coordinates":[[[[179.4,-61.4],[179.2,-61.4],[179.3,-61.4],[179.4,-61.4]]]]}},{"type":"Feature","properties":{},"geometry":{"type":"MultiPolygon","coordinates":[[[[179.6,-61.4],[179.4,-61.4],[179.5,-61.4],[179.6,-61.4]]]]}},{"type":"Feature","properties":{},"geometry":{"type":"MultiPolygon","coordinates":[[[[178.7,-61.9],[178.3,-62],[178.4,-62],[178.5,-62],[178.5,-61.9],[178.6,-61.9],[178.7,-61.9]]]]}},{"type":"Feature","properties":{},"geometry":{"type":"MultiPolygon","coordinates":[[[[179.6,-61.6],[179.5,-61.6],[179.6,-61.5],[179.6,-61.6]]]]}},{"type":"Feature","properties":{},"geometry":{"type":"MultiPolygon","coordinates":[[[[178.5,-62.1],[178.6,-62.1],[178.8,-62.1],[178.8,-62.2],[178.5,-62.1]]]]}},{"type":"Feature","properties":{},"geometry":{"type":"MultiPolygon","coordinates":[[[[179.8,-61.7],[179.7,-61.7],[179.7,-61.6],[179.8,-61.7]]]]}},{"type":"Feature","properties":{},"geometry":{"type":"MultiPolygon","coordinates":[[[[179.3,-61.8],[179.2,-61.9],[179.2,-61.8],[179.3,-61.8]]]]}},{"type":"Feature","properties":{},"geometry":{"type":"MultiPolygon","coordinates":[[[[179.8,-61.7],[179.5,-61.9],[179.6,-61.8],[179.7,-61.8],[179.8,-61.8],[179.8,-61.7]]]]}},{"type":"Feature","properties":{},"geometry":{"type":"MultiPolygon","coordinates":[[[[170.8,-60.4],[170.8,-60.5],[171.1,-60.6],[171.4,-60.8],[171.5,-60.7],[170.8,-60.5],[170.8,-60.4]]]]}},{"type":"Feature","properties":{},"geometry":{"type":"MultiPolygon","coordinates":[[[[180,-61.4],[179.7,-61.5],[179.8,-61.3],[179.8,-61.2],[180,-61.4]]]]}},{"type":"Feature","properties":{},"geometry":{"type":"MultiPolygon","coordinates":[[[[45.8,-65.5],[43.8,-66],[43.5,-65.4],[42.7,-64.2],[45.3,-63.6],[45.6,-64.2],[45.8,-65.5]]]]}},{"type":"Feature","properties":{},"geometry":{"type":"MultiPolygon","coordinates":[[[[43.5,-65.9],[41.3,-67.4],[41.6,-68.6],[41.5,-69.5],[37.4,-70.9],[38,-71.7],[35.9,-72.7],[34.1,-73.7],[31.5,-72.4],[32.4,-70.7],[31.5,-69.9],[32.5,-67.6],[37.3,-67],[40.5,-65.7],[43,-64.9],[43.5,-65.9]]]]}},{"type":"Feature","properties":{},"geometry":{"type":"MultiPolygon","coordinates":[[[[155.5,-42],[155.6,-42],[155.7,-42],[155.8,-42],[155.9,-42.1],[156,-42.1],[156.1,-42.1],[156.2,-42.1],[156.2,-42.2],[156.3,-42.2],[156.4,-42.2],[156.5,-42.3],[156.6,-42.3],[156.7,-42.3],[156.7,-42.4],[156.8,-42.4],[156.9,-42.4],[157,-42.5],[157.1,-42.5],[157.2,-42.5],[157.2,-42.6],[157.3,-42.6],[157.4,-42.6],[157.5,-42.6],[157.6,-42.7],[157.7,-42.7],[158,-43],[158.1,-43],[158.1,-43.1],[158.2,-43.1],[158.3,-43.1],[158.4,-43.2],[158.4,-43.3],[158.5,-43.3],[158.6,-43.4],[158.6,-43.5],[158.7,-43.5],[158.7,-43.6],[158.7,-43.7],[158.8,-43.7],[158.8,-43.8],[158.9,-43.8],[159,-43.8],[159.1,-43.9],[159.2,-43.9],[159.3,-43.9],[159.3,-44],[159.4,-44],[159.5,-44],[159.6,-44.1],[159.7,-44.1],[159.8,-44.1],[159.9,-44.2],[160,-44.3],[160.1,-44.3],[160.2,-44.3],[160.3,-44.4],[160.4,-44.4],[160.4,-44.5],[160.5,-44.5],[160.6,-44.6],[160.7,-44.6],[160.8,-44.7],[160.9,-44.8],[161,-44.8],[161,-44.9],[161.1,-44.9],[161.1,-45],[161.2,-45],[161.2,-45.1],[161.3,-45.1],[161.3,-45.2],[161.4,-45.2],[161.4,-45.3],[161.5,-45.3],[161.5,-45.4],[161.6,-45.4],[161.6,-45.5],[161.7,-45.6],[161.8,-45.6],[161.9,-45.7],[162,-45.8],[162.1,-45.9],[162.2,-46],[162.3,-46],[162.3,-46.1],[162.4,-46.1],[162.5,-46.2],[162.5,-46.3],[162.6,-46.3],[162.7,-46.4],[162.8,-46.5],[162.9,-46.6],[163,-46.7],[163.1,-46.8],[163.2,-46.9],[163.4,-47],[163.4,-47.1],[163.5,-47.1],[163.5,-47.2],[163.6,-47.2],[163.6,-47.3],[163.7,-47.3],[163.7,-47.4],[163.7,-47.5],[163.6,-47.5],[163.5,-47.5],[163.4,-47.5],[163.3,-47.5],[163.2,-47.5],[163.1,-47.5],[163,-47.5],[162.9,-47.5],[162.9,-47.6],[162.9,-47.7],[162.9,-47.8],[162.9,-47.9],[162.9,-48],[162.9,-48.1],[163,-48.1],[163,-48.2],[163,-48.3],[163.1,-48.3],[163.1,-48.4],[163.1,-48.6],[163.2,-48.6],[163.2,-48.7],[163.2,-48.8],[163.2,-48.9],[163.3,-49],[163.3,-49.1],[163.4,-49.1],[163.4,-49.2],[163.5,-49.2],[163.6,-49.3],[163.7,-49.4],[163.7,-49.5],[163.7,-49.6],[163.7,-49.7],[163.8,-49.8],[163.8,-49.9],[163.9,-49.9],[164,-49.9],[164.1,-50],[164.2,-50.1],[164.2,-50.2],[164.2,-50.3],[164.3,-50.4],[164.3,-50.5],[164.4,-50.5],[164.4,-50.6],[164.4,-50.7],[164.5,-50.7],[164.5,-50.8],[164.5,-50.9],[164.6,-50.9],[164.6,-51],[164.6,-51.1],[164.7,-51.1],[164.7,-51.2],[164.7,-51.3],[164.8,-51.4],[164.8,-51.5],[164.9,-51.6],[164.9,-51.7],[165,-51.7],[165,-51.8],[164.9,-51.8],[164.9,-51.9],[164.8,-51.9],[164.7,-51.9],[164.5,-52],[164.4,-52],[164.3,-52.1],[164.2,-52.1],[164.2,-52.2],[164.1,-52.2],[164,-52.3],[163.9,-52.3],[163.8,-52.4],[163.7,-52.4],[163.6,-52.4],[163.5,-52.5],[163.4,-52.5],[163.3,-52.5],[163.2,-52.5],[163.1,-52.6],[163,-52.6],[162.9,-52.6],[162.8,-52.6],[162.7,-52.6],[162.6,-52.7],[162.5,-52.7],[162.4,-52.7],[162.3,-52.7],[162.2,-52.7],[162.1,-52.8],[162,-52.8],[161.9,-52.8],[161.8,-52.8],[161.8,-52.9],[161.7,-52.9],[161.6,-52.9],[161.6,-53],[161.5,-53],[161.4,-53.1],[161.3,-53.1],[161.2,-53.2],[161.1,-53.2],[161,-53.2],[161,-53.3],[160.8,-53.3],[160.7,-53.3],[160.6,-53.3],[160.5,-53.3],[160.5,-53.4],[160.4,-53.4],[160.3,-53.4],[160.2,-53.4],[160.1,-53.4],[160,-53.4],[159.9,-53.4],[159.8,-53.4],[159.7,-53.4],[159.6,-53.4],[159.4,-53.4],[159.3,-53.4],[160.2,-54.2],[160.1,-54.2],[159.9,-54.2],[159.8,-54.2],[159.8,-54.1],[159.7,-54],[159.6,-54],[159.1,-53.8],[158.8,-53.8],[158.7,-53.7],[158.6,-53.7],[158.5,-53.7],[158.4,-53.7],[158.2,-53.7],[158,-53.6],[157.6,-53.5],[157.5,-53.4],[157.4,-53.4],[157.3,-53.4],[157.2,-53.3],[157.1,-53.3],[156.7,-53.1],[156.4,-53.1],[156.3,-53],[156.2,-53],[156,-52.9],[154.6,-52.9],[153.8,-53.4],[153.8,-53.5],[153.9,-53.6],[153.9,-53.7],[154,-53.8],[154.1,-53.9],[153.9,-54],[152.8,-54.2],[151.8,-54.3],[150.9,-54.3],[150.7,-54.3],[150.2,-54.2],[150.1,-54.2],[149.2,-54.1],[148.6,-54.1],[147.9,-54.1],[147.5,-54.1],[146.6,-54.1],[145.8,-54.1],[144.9,-54],[144.4,-54.1],[143.9,-54.2],[143.9,-54],[144.8,-53.9],[145.4,-53.7],[146.1,-53.3],[146.5,-52.8],[146.6,-52.8],[146.6,-52.7],[146.6,-52.6],[146.7,-52.6],[146.7,-52.5],[146.7,-52.4],[146.7,-52.3],[146.7,-52.2],[146.8,-52.1],[146.8,-52],[146.8,-51.9],[146.9,-51.9],[146.9,-51.8],[147,-51.8],[147,-51.7],[147.1,-51.7],[147.2,-51.7],[147.2,-51.6],[147.3,-51.6],[147.3,-51.5],[147.3,-51.4],[147.2,-51.4],[147.2,-51.3],[147.1,-51.3],[147.1,-51.2],[147,-51.1],[147,-51],[146.9,-51],[146.9,-50.9],[146.9,-50.8],[146.8,-50.7],[146.8,-50.6],[146.7,-50.6],[146.7,-50.5],[146.6,-50.5],[146.6,-50.4],[146.7,-50.4],[146.8,-50.4],[146.9,-50.4],[147,-50.4],[147.1,-50.4],[147.2,-50.4],[147.3,-50.4],[147.4,-50.4],[147.5,-50.4],[147.5,-50.5],[147.6,-50.5],[147.7,-50.5],[147.8,-50.5],[147.9,-50.5],[148,-50.5],[148.1,-50.5],[148.2,-50.5],[148.3,-50.5],[148.4,-50.5],[148.5,-50.5],[148.6,-50.6],[148.7,-50.6],[148.8,-50.6],[148.9,-50.6],[149,-50.6],[149.1,-50.6],[149.2,-50.5],[149.2,-50.6],[149.3,-50.6],[149.4,-50.6],[149.5,-50.6],[149.6,-50.6],[149.7,-50.6],[149.8,-50.6],[149.9,-50.6],[150,-50.6],[150,-50.5],[150.1,-50.5],[150.2,-50.5],[150.3,-50.5],[150.4,-50.5],[150.4,-50.4],[150.5,-50.4],[150.6,-50.4],[150.7,-50.4],[150.7,-50.3],[150.8,-50.3],[150.9,-50.3],[151,-50.2],[151.1,-50.2],[151.2,-50.2],[151.3,-50.2],[151.3,-50.1],[151.4,-50.1],[151.5,-50.1],[151.5,-50],[151.6,-50],[151.7,-49.8],[151.9,-49.6],[152,-49.5],[152.1,-49.5],[152.1,-49.4],[152.2,-49.4],[152.3,-49.4],[152.3,-49.3],[152.4,-49.3],[152.5,-49.2],[152.5,-49.1],[152.6,-49],[152.6,-48.9],[152.7,-48.8],[152.7,-48.7],[152.8,-48.7],[152.8,-48.6],[152.9,-48.5],[152.9,-48.4],[153,-48.3],[153,-48.2],[153.1,-48.1],[153.2,-48],[153.3,-47.9],[153.4,-47.9],[153.4,-47.8],[153.5,-47.8],[153.5,-47.7],[153.6,-47.7],[153.6,-47.6],[153.7,-47.5],[153.7,-47.4],[153.7,-47.3],[153.8,-47.3],[153.8,-47.2],[153.8,-47.1],[153.9,-47],[153.8,-47],[153.8,-46.9],[153.8,-46.8],[153.7,-46.8],[153.7,-46.7],[153.7,-46.6],[153.8,-46.5],[153.8,-46.4],[153.9,-46.4],[153.9,-46.3],[154,-46.3],[154,-46.2],[154.1,-46.2],[154.1,-46.1],[154.1,-46],[154.1,-45.9],[154.2,-45.8],[154.2,-45.7],[154.3,-45.4],[154.3,-45.3],[154.2,-45.3],[154.2,-45.2],[154.2,-45.1],[154.2,-44.9],[154.2,-44.7],[154.2,-44.6],[154.1,-44.6],[154,-44.3],[154,-44.2],[154.1,-44.1],[154.1,-44],[154.2,-43.9],[154.2,-43.8],[154.3,-43.8],[154.4,-43.8],[153.8,-43.7],[153.1,-43.5],[153.2,-43.4],[153.3,-43.4],[153.4,-43.4],[153.4,-43.3],[153.5,-43.3],[153.6,-43.3],[153.7,-43.2],[153.8,-43.2],[153.9,-43.1],[154,-43.1],[154.1,-43],[154.2,-43],[154.2,-42.9],[154.3,-42.9],[154.3,-42.8],[154.4,-42.8],[154.4,-42.7],[154.5,-42.7],[154.5,-42.6],[154.6,-42.6],[154.7,-42.5],[154.7,-42.4],[154.8,-42.3],[154.9,-42.2],[155,-42.2],[155,-42.1],[155.1,-42.1],[155.1,-42],[155.4,-42],[155.5,-42]]]]}},{"type":"Feature","properties":{},"geometry":{"type":"MultiPolygon","coordinates":[[[[173.2,-60.8],[173.4,-60.8],[173.7,-60.7],[173.8,-60.6],[173.9,-60.6],[174.2,-60.5],[174.3,-60.5],[174.7,-60.5],[175.3,-60.4],[175.3,-60.5],[175.2,-60.5],[175.2,-60.6],[175.1,-60.6],[175.2,-60.7],[175.1,-60.7],[175.1,-60.8],[175.1,-60.9],[175,-60.9],[175,-61],[174.9,-61],[175,-61.1],[175,-61.2],[175.1,-61.2],[175.2,-61.2],[175.2,-61.3],[175.3,-61.3],[175.3,-61.4],[175.2,-61.4],[174.9,-61.4],[174.5,-61.3],[174.2,-61.3],[174,-61.2],[173.7,-61.2],[173.6,-61.1],[173.5,-61.1],[173.4,-61],[173.4,-60.9],[173.2,-60.8],[173.1,-60.8],[173.2,-60.8]]]]}},{"type":"Feature","properties":{},"geometry":{"type":"MultiPolygon","coordinates":[[[[67.1,-73.1],[64.8,-72.9],[61.8,-73],[61.5,-72.8],[57.3,-73.5],[55.7,-74.1],[55.4,-73.4],[61.9,-72.2],[67.1,-73.1]]]]}},{"type":"Feature","properties":{},"geometry":{"type":"MultiPolygon","coordinates":[[[[88.7,-69.3],[87.2,-70.2],[85.6,-70.7],[80.8,-69.6],[88.7,-69.3]]]]}},{"type":"Feature","properties":{},"geometry":{"type":"MultiPolygon","coordinates":[[[[80.8,-69.6],[75.8,-71.1],[74.3,-71.4],[66.7,-72],[65.8,-68.6],[68.2,-68.1],[75.4,-68.4],[80.8,-69.6]]]]}},{"type":"Feature","properties":{},"geometry":{"type":"MultiPolygon","coordinates":[[[[65.6,-67.9],[66.3,-70.4],[61.9,-72.2],[55.4,-73.4],[46.8,-74.5],[42.2,-73.1],[40.5,-71.4],[43.9,-70.1],[44.9,-69.5],[45.7,-69],[46.5,-68.4],[46.6,-68.3],[47.2,-68],[48.1,-67.5],[48.1,-67.4],[48.4,-67.3],[49,-67.1],[49.6,-66.8],[50.1,-66.6],[50.7,-66.2],[51,-66.2],[51.4,-65.8],[52,-65.6],[52.5,-65.5],[51.9,-65.4],[52.4,-65.2],[52.8,-65],[53.5,-64.7],[55.2,-64.2],[55.5,-64.1],[55.6,-64],[55.7,-63.9],[56.4,-64.3],[60.4,-66.9],[65.6,-67.9]]]]}},{"type":"Feature","properties":{},"geometry":{"type":"MultiPolygon","coordinates":[[[[38.2,-77.5],[39,-77.3],[40.7,-77],[38.7,-76.7],[35.4,-76.2],[34.1,-76],[35.6,-76.1],[39.7,-76.6],[42.1,-76.7],[43,-76.9],[38.2,-77.5]]]]}},{"type":"Feature","properties":{},"geometry":{"type":"MultiPolygon","coordinates":[[[[120.6,2.2],[120.9,1.8],[120.1,1],[119.7,0.9],[119.8,1],[120,0.8],[120.6,1.1],[117.8,-1.6],[113.8,-3.6],[110.4,-8.9],[110.4,-8.7],[110.3,-8.9],[110.2,-9.1],[110.1,-9.1],[109.8,-9.1],[109.6,-9.2],[109.4,-9.4],[108.1,-9.7],[106.3,-8.3],[108.3,-4.8],[111.3,-1.9],[115.6,-0.9],[119.3,1.9],[120.6,2.2]]]]}},{"type":"Feature","properties":{},"geometry":{"type":"MultiPolygon","coordinates":[[[[113.6,1.7],[116.5,0.8],[114,0.4],[110.9,0.9],[108.5,1.4],[105.6,0.1],[105,-2.5],[105,-4.6],[106.3,-8.3],[104.3,-7.4],[103.1,-4.5],[103.7,-0.5],[104.6,-0.2],[106.9,2.1],[111.5,2.1],[113.6,1.7]]]]}},{"type":"Feature","properties":{},"geometry":{"type":"MultiPolygon","coordinates":[[[[140.3,8.2],[137.5,8.8],[137.5,9.5],[138.4,11.1],[139.4,12.5],[142.3,13.7],[142.8,13.5],[142.9,13.2],[142.9,13],[142.7,12.9],[142.7,13.2],[142.5,13.1],[142.2,13.1],[141.9,13],[141.4,13.1],[141.5,12.9],[141.2,12.9],[140.9,12.8],[140.8,12.7],[140.6,12.4],[140.3,12.4],[139.7,12],[139.9,11.4],[140.3,11],[140.3,10.5],[140.3,9.5],[140.6,8.7],[140.4,8.5],[140.1,8.7],[139.8,8.9],[139.8,8.8],[140.3,8.2]]]]}},{"type":"Feature","properties":{},"geometry":{"type":"MultiPolygon","coordinates":[[[[148.6,14.8],[147.9,14.7],[147.5,14.3],[147.3,14.1],[146.6,13.6],[145.1,13.8],[145.4,14.1],[145.7,14.1],[145.9,14.7],[146.1,14.9],[145.8,15],[145.3,15.1],[145.2,15.5],[144.8,15.5],[144.5,15.5],[144.3,15.5],[143.7,15.5],[143.3,15.2],[143,15.1],[143.2,15.5],[144.4,15.7],[145.8,15.8],[147,16.2],[148.2,16.2],[148.6,14.8]]]]}},{"type":"Feature","properties":{},"geometry":{"type":"MultiPolygon","coordinates":[[[[147.7,9.8],[147.2,10],[147.1,9.9],[147,9.8],[146.8,10],[146.5,10],[146.4,9.9],[146.3,9.9],[146.2,9.6],[146,9.8],[146.1,9.8],[145.8,9.7],[145.6,9.7],[145.4,9.8],[145.3,9.9],[145.4,10],[145.6,10.2],[145.3,10.2],[145.4,10.4],[145.5,10.6],[145.6,10.7],[145.7,10.9],[146,11],[146.1,11.3],[145.9,11.4],[146,11.8],[145.8,11.9],[145.8,12],[145.7,12],[145.8,12],[145.9,12.2],[145.9,12.1],[146,12],[146.1,12.2],[146.2,12.1],[146.4,12],[146.3,12.1],[146.4,12.4],[146.4,12.9],[146.5,12.9],[146.3,13],[145.8,13.3],[145.7,13.2],[145.5,13.2],[145.4,13.1],[145.4,13.3],[145.3,13.2],[145.2,13.3],[145.4,13.4],[145,13.7],[145.2,13.7],[147.7,13.8],[148,12.8],[148.1,10.7],[148,10.1],[147.7,9.8]]]]}},{"type":"Feature","properties":{},"geometry":{"type":"MultiPolygon","coordinates":[[[[131,14],[132.7,12.9],[134.9,10.4],[135.7,9.9],[136.8,9.2],[136.2,8.6],[134,10.7],[131.7,13.3],[129.7,14.5],[128.8,14.9],[128.1,15.3],[130.4,14.2],[131,14]]]]}},{"type":"Feature","properties":{},"geometry":{"type":"MultiPolygon","coordinates":[[[[116.5,0.8],[117.6,1.6],[117.7,0.3],[113.3,-1.4],[109.5,-3.6],[107.2,-7.7],[105.8,-5.9],[104.6,-3.5],[105.1,-1.3],[106.9,1.2],[109.6,0.8],[112.4,1],[115.7,-0.3],[116.5,0.8]]]]}},{"type":"Feature","properties":{},"geometry":{"type":"MultiPolygon","coordinates":[[[[147.7,9.8],[147.6,9.8],[147.3,9.9],[147.7,9.8]]]]}},{"type":"Feature","properties":{},"geometry":{"type":"MultiPolygon","coordinates":[[[[146.3,9.9],[146.5,9.8],[146.3,9.7],[146.3,9.9]]]]}},{"type":"Feature","properties":{},"geometry":{"type":"MultiPolygon","coordinates":[[[[145.1,8.5],[145,8.8],[145.3,8.5],[145.1,8.5]]]]}},{"type":"Feature","properties":{},"geometry":{"type":"MultiPolygon","coordinates":[[[[147.3,9.8],[147.1,9.5],[147.2,9.7],[147.3,9.8]]]]}},{"type":"Feature","properties":{},"geometry":{"type":"MultiPolygon","coordinates":[[[[146.6,9.9],[146.7,9.8],[146.5,9.7],[146.6,9.9]]]]}},{"type":"Feature","properties":{},"geometry":{"type":"MultiPolygon","coordinates":[[[[97.5,33.4],[97.3,32.3],[96.8,31.3],[96.2,30.4],[95.4,29.5],[94.5,28.9],[93.6,28.2],[92.6,27.6],[91.9,27.2],[90.8,26.6],[89.6,26.1],[88.2,25.1],[87,24.1],[85.9,23],[84.7,21.6],[83.5,20.2],[82.2,19.1],[81.2,18.5],[79.9,18.2],[78.7,17.7],[80.2,19.3],[82,20.4],[82.8,22.4],[83.5,24.1],[85,25.7],[87.7,26.9],[89.7,27.9],[91.4,29.5],[92.5,30.9],[94.3,32],[97,33.2],[97.5,33.4]]]]}},{"type":"Feature","properties":{},"geometry":{"type":"MultiPolygon","coordinates":[[[[150.9,17.5],[151.1,16.6],[150.9,16.8],[150.7,16.7],[150.8,16.6],[150.4,16.6],[150.4,16.7],[149.6,17.1],[148.7,17.6],[147.5,17.8],[145.9,18.1],[144.1,18.4],[143,18.5],[140,19.7],[137.1,20.5],[136,20.6],[134.9,21.1],[132.8,21.3],[132.7,22.5],[137.4,21.1],[142.6,20.4],[148.9,18.3],[150.9,17.5]]]]}},{"type":"Feature","properties":{},"geometry":{"type":"MultiPolygon","coordinates":[[[[23.3,58],[26.1,60.7],[27.8,63.7],[27.8,64.6],[26.9,65.2],[27.8,65.1],[27.5,65.4],[28.7,65.2],[29.2,65.4],[31,65.2],[31.3,65.4],[32.2,65.1],[32.3,64.9],[32.2,62.7],[30.9,61.6],[30.8,61.4],[28.4,59.5],[23.2,57.9],[23.3,58]]]]}},{"type":"Feature","properties":{},"geometry":{"type":"MultiPolygon","coordinates":[[[[24.4,65.8],[25.2,65.8],[25.8,65.6],[26.8,65.5],[27.7,65.1],[27.7,64.6],[27.2,62.5],[24.1,59],[21.5,59],[19.4,60.9],[20.4,61.6],[21,62.4],[20.5,62.4],[21.4,63.2],[22.5,63.4],[23,63.8],[23.6,64.1],[24.3,64.8],[24.4,65.7],[24.4,65.8]]]]}},{"type":"Feature","properties":{},"geometry":{"type":"MultiPolygon","coordinates":[[[[24.4,65.8],[24.6,66.4],[28,66.5],[30.7,66.1],[32.8,65.3],[32.9,64.7],[32.1,65],[32,65.3],[31.2,65.2],[30.8,65.3],[29.2,65.4],[28,65.3],[27.8,65.2],[27.7,65.1],[26.7,65.6],[25.6,65.6],[25,65.7],[24.4,65.8]]]]}},{"type":"Feature","properties":{},"geometry":{"type":"MultiPolygon","coordinates":[[[[35.2,54.9],[36.9,54.8],[39.9,54],[41.1,53.7],[43.8,53.5],[46.5,53.6],[47.3,53.5],[45.8,53],[41.5,51.9],[35.5,50.6],[32,48.8],[28.4,47.2],[24,45.4],[22.1,45.7],[23.3,46.8],[24.3,47.4],[25.3,48.2],[29.5,50.8],[33.4,54.2],[35.2,54.9]]]]}},{"type":"Feature","properties":{},"geometry":{"type":"MultiPolygon","coordinates":[[[[21.7,53.1],[22.4,51.5],[21.2,49.8],[18.8,48.5],[17.9,48.8],[16.6,50.3],[16.9,51.5],[19.8,52.2],[21.7,53.1]]]]}},{"type":"Feature","properties":{},"geometry":{"type":"MultiPolygon","coordinates":[[[[20.2,58.6],[17.5,60],[17,60.1],[16.4,60.5],[16.8,61.2],[17.2,61.3],[19.2,62.7],[20.5,63.4],[21.5,64.1],[20.9,64.3],[22.9,65.8],[24.4,65.8],[24.3,65.5],[23.7,64.3],[23.2,63.9],[22.6,63.4],[21.6,63.3],[20.9,62.7],[20.7,62.3],[20.5,61.8],[19.9,61.3],[20.4,59.7],[23.2,57.9],[23.6,57.2],[24.6,56],[22.8,57.5],[20.2,58.6]]]]}},{"type":"Feature","properties":{},"geometry":{"type":"MultiPolygon","coordinates":[[[[5.4,25.3],[5.6,25.2],[5.9,24.9],[5.1,24.8],[5,24.6],[5.2,24.6],[6.1,25],[6.4,24.6],[6.5,24.1],[5.3,23.9],[5.3,23.5],[5.8,23.8],[6.1,23.2],[6.8,24],[6.9,23.2],[7.3,23.4],[7.7,23.7],[7.6,23.9],[8.4,24.1],[8.4,23.2],[7.9,22.9],[7.5,22.6],[8.1,22.8],[7.7,22.3],[7.7,21.9],[7.8,22.1],[8.2,21.9],[8,21.4],[8.1,21.4],[7.9,20.9],[7.9,20.7],[8,20.2],[8.1,19.7],[8.6,19.8],[8.2,19.8],[8.3,19.6],[8.5,19.5],[8.8,19.6],[8.3,19],[8.4,18.9],[8.1,18.8],[8.3,18.6],[8.1,18.5],[8.5,18.4],[8.6,18.3],[8.7,18.1],[8.8,18.1],[9.1,17.3],[8.4,17.7],[8.9,17.3],[8.4,17.2],[9,16.9],[9.3,16.9],[9.2,16.5],[8.7,16.5],[8.6,16.2],[8.9,15.8],[9.3,16.1],[9,15.5],[8.4,15.7],[8.2,15.8],[7.7,15.9],[7.9,15.3],[7.3,15.4],[7.4,15.1],[7.4,15],[8,14.9],[7.4,14.7],[7.7,14.6],[8,14.8],[7.8,14.3],[8.3,14.4],[9,14],[9.2,13.9],[9.2,13.6],[9.4,13.4],[9.5,13.3],[9.4,13.2],[9.6,13],[9.6,12.9],[9.5,12.7],[9,12.5],[8.5,13.4],[7.8,13.6],[7.2,13.8],[7.5,13.6],[7.6,13.5],[8.2,13.2],[7.8,12.8],[7.3,12.8],[7.1,12.3],[8,12.4],[7.6,12],[7.5,11.9],[7.9,12.2],[8.5,12.4],[9.5,12.3],[9.3,12.1],[9.3,11.9],[9.1,11.8],[9,11.6],[8.8,11.5],[8.7,11.2],[8.5,11.1],[8.5,10.9],[8.3,10.7],[8.1,10.5],[7.8,10.4],[7.6,10.4],[7.3,10.2],[7,10.2],[6.8,9.9],[6.7,9.9],[6.5,9.9],[6.2,10],[6,10.3],[6.2,9.8],[6,9.6],[5.7,9.3],[5.6,9],[5.5,8.7],[5.5,8.5],[5.4,8.3],[5.2,8],[5,8],[4.9,8],[4.8,7.8],[4.7,7.6],[4.6,7.7],[4.3,7.6],[4.2,7.5],[4,7.7],[4.1,8],[4,8],[4,7.9],[3.9,7.7],[3.8,7.6],[3.8,7.3],[3.7,7.4],[3.6,7.3],[3.4,7.3],[3.3,7.4],[3.1,7.2],[3.2,7],[3,6.8],[2.7,6.9],[2.5,6.7],[2.7,6.1],[2.3,6.1],[2.7,5.7],[2.5,5.5],[2.6,5.3],[2.3,5.4],[2.3,5.2],[2.1,5.4],[2.2,5.1],[1.9,5.1],[2.1,4.8],[2,4.7],[1.7,4.7],[1.7,4.6],[1.6,4.6],[1.8,4.3],[1.8,4.2],[1.6,3.8],[1.8,3.7],[1.4,3.7],[1.6,3.5],[1.6,3.4],[1.5,3.2],[1.5,3.1],[1,3.1],[1.4,2.9],[1.1,2.8],[1.3,2.5],[1.2,2.4],[1,2.5],[0.7,2.5],[1.1,2.4],[1.1,2.2],[0.9,2.1],[0.7,2.3],[0.5,2.2],[0.3,2],[0.1,2.1],[0.5,2.2],[0.1,2.2],[0,2.5],[0,2.7],[0,2.8],[0,2.9],[0.1,3.1],[-0.1,2.9],[-0.3,2.9],[0.2,3.1],[-0.2,3.1],[-0.1,3.3],[-0.3,3.2],[-0.3,3.1],[-0.4,3],[-0.5,3],[-0.7,3.2],[-0.8,3.1],[-0.9,3.2],[-1.1,3.5],[-1.1,3.6],[-1.3,3.5],[-1.2,3.6],[-1.3,3.8],[-1.5,3.7],[-1.2,3.9],[-1.6,3.9],[-1.5,4],[-1.5,4.2],[-1.6,4.2],[-1.4,4.4],[-1.5,4.4],[-1.7,4.4],[-1.6,4.5],[-1.6,4.6],[-1.6,4.8],[-1.8,5.1],[-1.8,5.2],[-1.7,5.4],[-1.9,5.4],[-1.9,5.7],[-2,5.7],[-1.9,5.8],[-2,5.9],[-2,6.1],[-1.7,6.1],[-2,6.2],[-2.2,6.2],[-1.8,6.4],[-2,6.5],[-1.4,6.6],[-2,6.6],[-1.8,6.7],[-1.6,6.8],[-1.4,6.9],[-1.6,7],[-1.5,7.1],[-1.4,6.9],[-1.3,7.1],[-1.5,7.2],[-1.6,7.7],[-1.8,7.2],[-2,7.4],[-1.8,7.4],[-1.9,7.5],[-2.1,7.4],[-2,7.7],[-2,7.8],[-2.1,7.9],[-1.7,8.2],[-1.8,8.2],[-2.1,8],[-2.2,8.2],[-2.2,8.3],[-2.1,8.5],[-1.7,8.4],[-1.9,8.4],[-2.3,8.6],[-2.4,8.7],[-1.6,9.1],[-0.9,9.2],[-1.6,9.2],[-2.4,8.8],[-2.1,8.9],[-1.9,9.2],[-2.1,9.3],[-1.7,9.4],[-1.7,9.5],[-2,9.6],[-2.3,9.8],[-1.5,9.9],[-2.1,10.1],[-1.8,10.2],[-1.7,10.3],[-0.9,9.9],[-1,10.1],[-0.8,10.2],[-0.9,10.4],[-1.5,10.3],[-2.1,10.1],[-1.9,10.5],[-1.8,10.4],[-1.6,10.5],[-1.3,10.4],[-1.8,10.7],[-1.5,10.7],[-0.7,10.2],[-0.9,10.5],[-0.7,10.9],[-1.4,10.7],[-1.7,10.9],[-1.4,11],[-1.1,11.1],[-0.8,11.1],[-0.7,11],[-0.9,11.1],[-0.6,11.5],[-0.5,11.3],[-0.4,11.3],[-0.6,11.5],[-0.5,11.5],[-0.6,11.6],[-0.4,11.8],[-0.3,11.9],[-0.3,12.2],[-0.5,12.4],[-0.6,12.4],[-1.5,13.3],[-0.2,12.6],[-0.4,12.9],[-0.2,12.8],[-0.3,13.1],[-0.2,13],[-0.5,13.4],[-0.3,13.5],[-0.7,13.6],[-0.6,13.8],[-0.3,14.1],[-0.8,14.2],[-0.8,14.8],[-0.9,14.1],[-1,14],[-1.5,14],[-1.4,14.5],[-0.9,14.8],[-1.3,14.7],[-1,14.9],[-1.2,15],[-1,15.1],[-0.9,15.2],[-0.8,15.3],[-0.9,15.6],[-0.9,15.8],[-0.9,16.3],[-0.9,16.4],[-0.8,16.6],[-0.8,16.9],[-0.9,17],[-0.8,17],[-0.9,17.3],[-0.9,17.6],[-1,18.1],[-0.9,18.4],[-1,18.6],[-1.3,18.9],[-1.6,19.3],[-1.8,19.5],[-2,19.6],[-2.3,19.5],[-2.4,19.6],[-2.7,19.8],[-3,19.8],[-2.7,20.2],[-3,20.6],[-3.2,20.8],[-3,21],[-2,20.5],[-2.2,20.8],[-1.8,20.9],[-2.3,21.2],[-2.4,21.3],[-2.7,21.5],[-2.8,22.1],[-2.3,22.3],[-1.8,22.3],[-1.6,22.4],[-1.2,22.3],[-0.6,22.5],[-0.2,22.9],[-0.6,23],[-0.3,23.6],[0.1,23.8],[0.4,23.9],[0.7,23.9],[1.2,24.2],[1.7,24.4],[1.9,24.4],[2.1,23.9],[2.4,23.9],[2.6,24.5],[3.2,23.8],[3.7,24],[3.9,24.5],[4.1,24.3],[3.5,24.7],[3.5,25],[3.7,25],[3.9,24.8],[4.3,24.5],[4.6,24.9],[4.5,25.3],[4.8,25.3],[4.9,25.2],[5.4,25.3]]]]}},{"type":"Feature","properties":{},"geometry":{"type":"MultiPolygon","coordinates":[[[[-1.1,12.4],[-0.9,12],[-1.4,12],[-1.5,12.1],[-1.9,12.3],[-1.8,12.6],[-1.5,12.9],[-1.1,12.4]]]]}},{"type":"Feature","properties":{},"geometry":{"type":"MultiPolygon","coordinates":[[[[8.4,12.6],[7.5,12.3],[7.7,12.8],[8.3,12.9],[8.4,12.6]]]]}},{"type":"Feature","properties":{},"geometry":{"type":"MultiPolygon","coordinates":[[[[8.7,14.9],[9,14.6],[9.1,14.3],[8.7,14.4],[8.2,14.8],[8.7,14.9]]]]}},{"type":"Feature","properties":{},"geometry":{"type":"MultiPolygon","coordinates":[[[[8.1,15.4],[8.7,15.2],[7.9,15.3],[8.1,15.4]]]]}},{"type":"Feature","properties":{},"geometry":{"type":"MultiPolygon","coordinates":[[[[9,15.1],[8.7,14.9],[8.2,15],[9,15.1]]]]}},{"type":"Feature","properties":{},"geometry":{"type":"MultiPolygon","coordinates":[[[[9.5,17.6],[9.7,17.5],[9.4,17.3],[9.4,17.6],[9.5,17.6]]]]}},{"type":"Feature","properties":{},"geometry":{"type":"MultiPolygon","coordinates":[[[[4,7.6],[4.2,7.4],[4,7.3],[4,7.6]]]]}},{"type":"Feature","properties":{},"geometry":{"type":"MultiPolygon","coordinates":[[[[-0.5,12.3],[-0.6,11.9],[-0.6,12.2],[-0.5,12.3]]]]}},{"type":"Feature","properties":{},"geometry":{"type":"MultiPolygon","coordinates":[[[[0.7,2.1],[1,1.9],[0.9,1.9],[0.8,2],[0.7,2.1]]]]}},{"type":"Feature","properties":{},"geometry":{"type":"MultiPolygon","coordinates":[[[[2.8,6.5],[2.9,6.3],[2.6,6.7],[2.8,6.5]]]]}},{"type":"Feature","properties":{},"geometry":{"type":"MultiPolygon","coordinates":[[[[2,4.6],[1.9,4.5],[1.8,4.7],[2,4.6]]]]}},{"type":"Feature","properties":{},"geometry":{"type":"MultiPolygon","coordinates":[[[[-0.6,3.1],[-0.6,3],[-0.7,3],[-0.6,3.1]]]]}},{"type":"Feature","properties":{},"geometry":{"type":"MultiPolygon","coordinates":[[[[-56.2,-64.4],[-59.4,-66],[-60.5,-66.1],[-64,-66.9],[-66.2,-68.1],[-66.2,-66.6],[-62.9,-65.8],[-60.3,-64.4],[-60.8,-63.5],[-62.4,-64],[-63.9,-63.8],[-66.5,-64.8],[-65.1,-63.6],[-64.5,-63.7],[-63.9,-63.3],[-62.1,-62.1],[-60.3,-62],[-58.2,-62.1],[-56.1,-61.5],[-54.5,-60.3],[-53.9,-60.2],[-52.3,-60],[-51.7,-60],[-54,-62],[-56.2,-64.4]]]]}},{"type":"Feature","properties":{},"geometry":{"type":"MultiPolygon","coordinates":[[[[0.3,-66.3],[0.6,-69.4],[-3.2,-69.5],[-10.5,-69.5],[-14.3,-69.6],[-14.2,-68.8],[-12,-67.2],[-13,-65.4],[-12.8,-64.9],[-8.1,-65.4],[-3.1,-65.7],[-1.6,-65.3],[-0.9,-65.8],[-1.4,-67.1],[-2.1,-67.4],[-1.4,-67.9],[-0.7,-67.3],[0.3,-66.3]]]]}},{"type":"Feature","properties":{},"geometry":{"type":"MultiPolygon","coordinates":[[[[-40.3,-60.8],[-42.4,-59],[-41.2,-58],[-38.5,-56.4],[-36.6,-56.9],[-40.4,-59.1],[-40.3,-60.8]]]]}},{"type":"Feature","properties":{},"geometry":{"type":"MultiPolygon","coordinates":[[[[-27.5,-77.3],[-28.9,-77.3],[-29.4,-77.5],[-30.1,-77.6],[-32,-77.8],[-33.6,-78.1],[-36.6,-78.5],[-40.9,-78.6],[-43.6,-78.5],[-44,-78.7],[-50.9,-76.6],[-53.4,-76.1],[-54.7,-76.1],[-63.9,-75.3],[-63.5,-74.9],[-59.2,-75.1],[-45.5,-75.1],[-39.7,-74.6],[-34.1,-75.4],[-29.4,-76],[-25.3,-76.4],[-22.6,-76.3],[-20.4,-76.1],[-18.7,-75.9],[-16.6,-75.3],[-15.1,-74.6],[-13.5,-76.3],[-26.3,-76.8],[-27.5,-77.3]]]]}},{"type":"Feature","properties":{},"geometry":{"type":"MultiPolygon","coordinates":[[[[-64,-66.9],[-60.5,-66.1],[-59.4,-66],[-58,-66.2],[-54.8,-66.1],[-52.6,-66.2],[-54,-66.7],[-59.9,-66.7],[-61,-66.3],[-64,-66.9]]]]}},{"type":"Feature","properties":{},"geometry":{"type":"MultiPolygon","coordinates":[[[[-21.2,-71.2],[-22.6,-71.8],[-26.2,-71.4],[-29.2,-70.6],[-32.9,-69.9],[-37.7,-69.4],[-38.7,-69.1],[-40.7,-68.2],[-41.8,-67.6],[-42.7,-67],[-41,-67.3],[-37.1,-68],[-30.6,-68.9],[-28.2,-69.4],[-23.8,-70.2],[-21.6,-70.8],[-21.2,-71.2]]]]}},{"type":"Feature","properties":{},"geometry":{"type":"MultiPolygon","coordinates":[[[[-64,-74.8],[-64.9,-74.7],[-71.7,-71.9],[-69.1,-69.4],[-66.2,-68.1],[-66.8,-68.9],[-66.3,-70.3],[-63.2,-72.2],[-62.6,-73.3],[-64,-74.8]]]]}},{"type":"Feature","properties":{},"geometry":{"type":"MultiPolygon","coordinates":[[[[-31.3,-75.8],[-39,-74.8],[-40.1,-74.3],[-42.5,-73],[-44.1,-71.9],[-44.5,-71],[-45.4,-69.3],[-44.7,-67.9],[-42.9,-67.5],[-41.1,-68.1],[-38.9,-68.8],[-38.9,-69.8],[-40.3,-71.1],[-38.5,-72.3],[-36,-73],[-33.2,-74.1],[-30,-75.3],[-31.3,-75.8]]]]}},{"type":"Feature","properties":{},"geometry":{"type":"MultiPolygon","coordinates":[[[[-43.2,-67.3],[-44.9,-68.1],[-45.3,-69.7],[-44.5,-71.2],[-43.9,-72.1],[-42.2,-73.2],[-40,-74.5],[-49.3,-75.4],[-60.9,-75.1],[-64,-74.8],[-62.5,-72.7],[-65.2,-71],[-66.7,-69.5],[-66.7,-68.5],[-65.3,-67.6],[-61.4,-66.5],[-60.3,-66.6],[-55.6,-67],[-47.6,-66.4],[-44.7,-66.4],[-43.2,-67.3]]]]}},{"type":"Feature","properties":{},"geometry":{"type":"MultiPolygon","coordinates":[[[[-42.8,-66.3],[-46.5,-66.3],[-49.7,-66.3],[-54.2,-66.1],[-57.1,-66.2],[-59.1,-66.1],[-57.5,-65.2],[-53.3,-63.1],[-50.6,-61.6],[-49,-61.1],[-46.8,-62.6],[-43.8,-64.1],[-40.7,-66.4],[-37.1,-67.7],[-38.4,-67.8],[-41.6,-67.1],[-42.8,-66.3]]]]}},{"type":"Feature","properties":{},"geometry":{"type":"MultiPolygon","coordinates":[[[[-42.8,-66.6],[-46.5,-66.3],[-42.8,-66.3],[-42.8,-66.6]]]]}},{"type":"Feature","properties":{},"geometry":{"type":"MultiPolygon","coordinates":[[[[-31.3,-75.8],[-25.2,-75.3],[-19.8,-73.5],[-20,-72.5],[-18.6,-73.2],[-17.2,-74.3],[-17.1,-74.7],[-16.1,-74.2],[-15.1,-74.6],[-16.6,-75.3],[-18.7,-75.9],[-20.4,-76.1],[-22.6,-76.3],[-25.3,-76.4],[-29.4,-76],[-31.3,-75.8]]]]}},{"type":"Feature","properties":{},"geometry":{"type":"MultiPolygon","coordinates":[[[[-25.9,-64],[-32.6,-64.1],[-36,-65.3],[-39.8,-63.3],[-39.7,-61.4],[-40.3,-60.6],[-39.4,-58.2],[-34.4,-55.4],[-32.2,-55.1],[-30.1,-55.2],[-28.4,-55.5],[-26,-54.9],[-25.2,-54.2],[-23.6,-53.6],[-22.9,-53.5],[-20.5,-51.5],[-20.2,-51.6],[-20.2,-51.5],[-19.4,-50.9],[-17,-52.2],[-17.8,-53.8],[-21.2,-57.2],[-22.6,-60.2],[-24.7,-63.4],[-25.9,-64]]]]}},{"type":"Feature","properties":{},"geometry":{"type":"MultiPolygon","coordinates":[[[[6.1,-71.7],[4.7,-70.4],[5.4,-69.6],[9,-70.2],[10.6,-70.7],[6.1,-71.7]]]]}},{"type":"Feature","properties":{},"geometry":{"type":"MultiPolygon","coordinates":[[[[6.1,-71.7],[1.9,-72.8],[-1.3,-72.8],[1,-72.4],[2.1,-71.6],[3,-70],[4.5,-69.9],[5.1,-71.5],[6.1,-71.7]]]]}},{"type":"Feature","properties":{},"geometry":{"type":"MultiPolygon","coordinates":[[[[0.5,-71.7],[-2.5,-72.3],[-5.7,-72.3],[-13.4,-71.2],[-19.5,-69.8],[-18.1,-68.7],[-15.2,-69.6],[-12.5,-69.6],[-6.9,-69.5],[-0.1,-70.1],[1.1,-70.8],[0.5,-71.7]]]]}},{"type":"Feature","properties":{},"geometry":{"type":"MultiPolygon","coordinates":[[[[26.4,-58.7],[28,-58.3],[28.9,-57.9],[30.6,-57.9],[30.6,-58.5],[30.3,-59],[30.2,-59.9],[28.7,-59.4],[26.4,-58.7]]]]}},{"type":"Feature","properties":{},"geometry":{"type":"MultiPolygon","coordinates":[[[[9.2,-60.1],[3.8,-62.6],[4,-61.8],[1.1,-63.9],[-0.3,-64.7],[-1.6,-65.3],[-3.1,-65.7],[-8.1,-65.4],[-12.8,-64.9],[-18.3,-64.1],[-13.4,-64],[-7.7,-63.3],[-1.9,-61.1],[-0.1,-60.1],[1.1,-59.9],[2.9,-58.1],[4.4,-58.5],[5.1,-59.1],[7.2,-58.7],[7.3,-58.7],[8.4,-59.4],[7.9,-59.5],[8.3,-59.9],[8.9,-60],[9.2,-60.1]]]]}},{"type":"Feature","properties":{},"geometry":{"type":"MultiPolygon","coordinates":[[[[-2.9,-49.6],[-1.1,-50.5],[0.1,-51.6],[2.2,-52.8],[3.1,-54.5],[2.4,-56.3],[2.2,-59.1],[0.3,-60],[-1.8,-61],[-4.5,-62.5],[-10.5,-63.9],[-16.2,-63.9],[-22.1,-63.8],[-24,-62.9],[-22.3,-59.8],[-20.6,-55.8],[-16.6,-53.8],[-18.1,-50.8],[-18.3,-49],[-18,-48.1],[-17.8,-47.3],[-17.8,-47.2],[-17.4,-46.7],[-16.7,-45.9],[-16.4,-45.5],[-16.4,-45.7],[-16.1,-45.8],[-14.8,-45.6],[-14.7,-45.8],[-14.6,-45.9],[-14.5,-45.6],[-14.5,-45.2],[-14.3,-45.5],[-13.6,-45.3],[-13.8,-44.9],[-11.8,-44.5],[-10.9,-44.2],[-10.4,-43.6],[-9,-43.7],[-9.6,-45.2],[-8.3,-47.3],[-8.3,-47.7],[-7.3,-48.1],[-6,-48.3],[-5.6,-48.4],[-4.5,-48.4],[-4.9,-48.9],[-2.9,-49.6]]]]}},{"type":"Feature","properties":{},"geometry":{"type":"MultiPolygon","coordinates":[[[[4.9,-51.6],[-0.6,-50.8],[-2.7,-50.2],[-4,-47.8],[-5,-48],[-5.5,-47.8],[-6.7,-47],[-7.4,-45.9],[-8.1,-45],[-8.4,-44.4],[-9,-43.7],[-7.6,-43.4],[-3.4,-44.6],[1.7,-47.9],[4.9,-51.6]]]]}},{"type":"Feature","properties":{},"geometry":{"type":"MultiPolygon","coordinates":[[[[20.8,-63.1],[16.8,-63.2],[17.8,-63],[16.6,-62.7],[16.7,-62.3],[15.9,-59.1],[20.7,-58.5],[20.8,-61.1],[19.9,-63.1],[20.8,-63.1]]]]}},{"type":"Feature","properties":{},"geometry":{"type":"MultiPolygon","coordinates":[[[[18.9,-30.3],[15.2,-35.6],[11.8,-40.1],[15.2,-40.8],[18.9,-38.1],[26.3,-38.9],[28.3,-36.9],[29.4,-36.2],[26.1,-41.1],[23.4,-42.6],[23.2,-43.4],[24.3,-43.2],[25.4,-43.2],[27.3,-43.3],[27.8,-44.4],[28,-45.8],[27.7,-47.7],[27.3,-48.4],[27.9,-48.6],[28.7,-49],[28.3,-49.5],[27.9,-49.9],[27.5,-50.9],[26.1,-51],[21.2,-49.6],[16.8,-50.5],[9.7,-47],[3.9,-45.6],[-1.9,-42.6],[-1,-41.5],[1.4,-40.7],[1.4,-41.2],[2,-41.1],[2.8,-41.4],[2.9,-42.9],[8.7,-42.5],[10.6,-40.6],[8.6,-37.7],[5.8,-36],[6.5,-33.4],[7.8,-35.1],[9.6,-33.9],[11.5,-32.8],[14,-31.7],[14,-29.6],[10.7,-27.2],[8,-27.8],[7.1,-30.1],[9.9,-27.1],[15.5,-25],[18.4,-29.3],[18.9,-30.3]]]]}},{"type":"Feature","properties":{},"geometry":{"type":"MultiPolygon","coordinates":[[[[2.8,-41.3],[2,-40.7],[2.3,-40.4],[3,-40.8],[2.8,-41.3]]]]}},{"type":"Feature","properties":{},"geometry":{"type":"MultiPolygon","coordinates":[[[[31.7,-37.1],[31,-37.7],[30.5,-38],[30.3,-37.6],[30.7,-36.9],[31.6,-37.1],[31.7,-37.1]]]]}},{"type":"Feature","properties":{},"geometry":{"type":"MultiPolygon","coordinates":[[[[32.1,-36.8],[31.6,-37.1],[31.9,-36.7],[32.1,-36.8]]]]}},{"type":"Feature","properties":{},"geometry":{"type":"MultiPolygon","coordinates":[[[[31,-38],[31.6,-37.6],[31.1,-37.9],[31,-38]]]]}},{"type":"Feature","properties":{},"geometry":{"type":"MultiPolygon","coordinates":[[[[33.3,-42.7],[33.4,-43.7],[33.3,-44.2],[32.9,-44.8],[31.4,-45.5],[28.9,-45.6],[28.1,-43.8],[28.8,-41.6],[31,-42.3],[31.2,-43.2],[33.3,-42.7]]]]}},{"type":"Feature","properties":{},"geometry":{"type":"MultiPolygon","coordinates":[[[[37.6,-41.4],[37.2,-42.4],[36.2,-41.2],[36.9,-40.7],[37.6,-41.4]]]]}},{"type":"Feature","properties":{},"geometry":{"type":"MultiPolygon","coordinates":[[[[41.8,-44.8],[41.2,-45.6],[41.6,-44.5],[41.8,-44.8]]]]}},{"type":"Feature","properties":{},"geometry":{"type":"MultiPolygon","coordinates":[[[[33.4,-46.1],[32.5,-47.3],[31.3,-49.6],[30.9,-49.1],[31.6,-48.1],[30.7,-47.2],[29.3,-46.7],[28.6,-46.2],[28.9,-45.6],[31.4,-45.5],[32.9,-44.8],[33,-45],[33.4,-46],[33.4,-46.1]]]]}},{"type":"Feature","properties":{},"geometry":{"type":"MultiPolygon","coordinates":[[[[37.7,-45.3],[33.7,-46.4],[33.5,-45.3],[33.5,-44.9],[35.4,-43.8],[37.5,-44.4],[37.7,-45.3]]]]}},{"type":"Feature","properties":{},"geometry":{"type":"MultiPolygon","coordinates":[[[[35.1,-50],[34.6,-51.1],[33,-51.1],[31,-50.3],[31.8,-50],[31.3,-49.6],[32.5,-47.3],[33.4,-46.1],[34,-46.6],[34.3,-46.8],[34.7,-49.1],[35.1,-50]]]]}},{"type":"Feature","properties":{},"geometry":{"type":"MultiPolygon","coordinates":[[[[29.4,-50.7],[27.7,-50.5],[28.1,-49.7],[28.4,-49.1],[27.9,-48.9],[27.5,-48.4],[27.4,-47.9],[28.8,-47.9],[29.4,-48.4],[29.4,-50.7]]]]}},{"type":"Feature","properties":{},"geometry":{"type":"MultiPolygon","coordinates":[[[[28.3,-46],[27.7,-44.7],[27.7,-43.4],[25.9,-43.1],[24.5,-43.4],[23.5,-43.5],[23.4,-42.9],[24.7,-42.6],[25.7,-41.8],[26.8,-42.1],[28.7,-42.2],[28,-44.5],[28.3,-46]]]]}},{"type":"Feature","properties":{},"geometry":{"type":"MultiPolygon","coordinates":[[[[40.2,-43.8],[41.4,-45.7],[42.9,-47.2],[42.8,-49.9],[41.9,-52.5],[39.9,-53.6],[36.9,-54.1],[37.3,-52.4],[39.5,-51.1],[40.4,-48.9],[38.7,-45.5],[38,-43.3],[39.8,-43.1],[40.2,-43.8]]]]}},{"type":"Feature","properties":{},"geometry":{"type":"MultiPolygon","coordinates":[[[[44.5,-54.6],[43,-54.6],[38.4,-55],[37.8,-55.2],[37.4,-55.1],[36.6,-55.1],[39.9,-53.6],[43.1,-53.7],[44.5,-54.6]]]]}},{"type":"Feature","properties":{},"geometry":{"type":"MultiPolygon","coordinates":[[[[39.1,-40.7],[38.6,-41.7],[36.9,-40.7],[37.6,-40],[38.3,-39.9],[39.1,-40.6],[39.1,-40.7]]]]}},{"type":"Feature","properties":{},"geometry":{"type":"MultiPolygon","coordinates":[[[[39.2,-47.5],[38.4,-49.1],[38.7,-46.9],[39.2,-47.5]]]]}},{"type":"Feature","properties":{},"geometry":{"type":"MultiPolygon","coordinates":[[[[30.8,-49.9],[29.4,-48.4],[28.8,-46.6],[29.4,-46.3],[29.4,-46.9],[31,-47.5],[31.4,-48.6],[30.9,-49.3],[30.8,-49.9]]]]}},{"type":"Feature","properties":{},"geometry":{"type":"MultiPolygon","coordinates":[[[[35.4,-51],[35,-52],[34.5,-52.8],[34.5,-53.5],[34.6,-54.3],[34.5,-54.8],[33.6,-55.8],[30.4,-53.6],[31.1,-49.9],[31.5,-50.2],[31.8,-50.6],[33.2,-51.6],[35.4,-51]]]]}},{"type":"Feature","properties":{},"geometry":{"type":"MultiPolygon","coordinates":[[[[39.1,-54],[35.3,-54.8],[35.2,-54.1],[35.8,-52.7],[39.1,-51.3],[38.3,-50.3],[38.2,-48.6],[40.3,-48.1],[39.7,-51.1],[38.1,-52.3],[36.1,-53.9],[39.1,-54]]]]}},{"type":"Feature","properties":{},"geometry":{"type":"MultiPolygon","coordinates":[[[[23.8,-60.9],[24.3,-59.7],[24.2,-59.3],[23.2,-60.2],[23.2,-60.8],[23,-61.6],[20.6,-62.4],[20.3,-59.9],[26.1,-58.5],[23.8,-60.9]]]]}},{"type":"Feature","properties":{},"geometry":{"type":"MultiPolygon","coordinates":[[[[0.7,-45.6],[-3.4,-44.6],[-7.6,-43.4],[-10.2,-43.8],[-10.3,-43.5],[-10.5,-42.6],[-10.5,-42.5],[-10.5,-42.3],[-10.5,-42.2],[-10.5,-42.1],[-9.6,-41.3],[-8.4,-41.2],[-7.6,-41.2],[-7.6,-40.8],[-6.9,-41.1],[-6.4,-41.2],[-5.5,-41.3],[-3.5,-41.2],[-1.8,-43.4],[0.7,-45.6]]]]}},{"type":"Feature","properties":{},"geometry":{"type":"MultiPolygon","coordinates":[[[[5.5,-29.2],[4,-31],[2.9,-32.2],[1,-34.5],[0.1,-34],[0.2,-33.1],[2.4,-31],[3.6,-30],[4.5,-29.5],[5.3,-29.1],[5.5,-29.2]]]]}},{"type":"Feature","properties":{},"geometry":{"type":"MultiPolygon","coordinates":[[[[3.7,-31.4],[5.2,-29.5],[5.9,-29.1],[5.5,-29.7],[5.2,-30.2],[5,-30.6],[4.6,-31.2],[4.2,-32],[4,-31.4],[3.7,-31.4]]]]}},{"type":"Feature","properties":{},"geometry":{"type":"MultiPolygon","coordinates":[[[[6.5,-28.3],[5.4,-29.1],[4.7,-29.4],[4.3,-29.3],[4.8,-28.8],[5.4,-28.1],[6.2,-27.8],[6.4,-28.2],[6.5,-28.3]]]]}},{"type":"Feature","properties":{},"geometry":{"type":"MultiPolygon","coordinates":[[[[6.2,-27.8],[5.1,-27.8],[4.3,-28.6],[3.3,-29.3],[3.3,-28.3],[4,-27.1],[4.8,-25.6],[5.4,-26.6],[5.7,-27.3],[6.2,-27.8]]]]}},{"type":"Feature","properties":{},"geometry":{"type":"MultiPolygon","coordinates":[[[[3,-29.6],[2.5,-29.5],[2.7,-28.6],[3.1,-27.7],[3.3,-28.3],[3,-29.6]]]]}},{"type":"Feature","properties":{},"geometry":{"type":"MultiPolygon","coordinates":[[[[4.8,-25.6],[4,-27.1],[2,-28.1],[2.9,-26.8],[4.8,-25.6]]]]}},{"type":"Feature","properties":{},"geometry":{"type":"MultiPolygon","coordinates":[[[[-3.9,-29.6],[-4,-29.4],[-2.9,-28.6],[-1.5,-27.7],[-0.1,-26.9],[-0.3,-27.1],[-1.4,-27.8],[-2.5,-28.8],[-3.9,-29.6]]]]}},{"type":"Feature","properties":{},"geometry":{"type":"MultiPolygon","coordinates":[[[[3.3,-25.5],[2.5,-26.2],[1.4,-26.9],[-0.1,-27.5],[-1.4,-28.8],[-2.4,-29.1],[-2.8,-29.3],[-3.7,-29.7],[-3.2,-29.1],[-2.1,-28.4],[-1,-27.6],[0.4,-26.8],[1.6,-26],[2.8,-24.9],[2.8,-25.3],[3.3,-25.5]]]]}},{"type":"Feature","properties":{},"geometry":{"type":"MultiPolygon","coordinates":[[[[1.6,-26],[0.3,-26.7],[-0.5,-26.4],[0.3,-25.8],[1.3,-25.6],[1.6,-26]]]]}},{"type":"Feature","properties":{},"geometry":{"type":"MultiPolygon","coordinates":[[[[1.3,-25.6],[0.3,-25.8],[-0.5,-26.4],[-1.2,-26.6],[-0.4,-25.6],[0.1,-25.2],[0.5,-25.5],[1.1,-25.3],[1.2,-25.3],[1.3,-25.6]]]]}},{"type":"Feature","properties":{},"geometry":{"type":"MultiPolygon","coordinates":[[[[0,-25],[-0.2,-25.3],[-0.4,-25.6],[-1.2,-26.6],[-1.6,-27.4],[-2,-28.1],[-2.5,-28.2],[-3.7,-28.7],[-5,-29.2],[-5.4,-29.2],[-3.9,-27.8],[-2.7,-27],[-1.1,-25.7],[0,-24.8],[0,-25]]]]}},{"type":"Feature","properties":{},"geometry":{"type":"MultiPolygon","coordinates":[[[[0.4,-26.8],[-0.7,-27.2],[-2.1,-28.4],[-3.6,-29.1],[-4.6,-29.8],[-5.2,-29.9],[-5,-29.2],[-3.7,-28.7],[-2.5,-28.2],[-2,-28.1],[-1.6,-27.4],[-0.5,-26.4],[0.3,-26.7],[0.4,-26.8]]]]}},{"type":"Feature","properties":{},"geometry":{"type":"MultiPolygon","coordinates":[[[[0.5,-24.2],[-1.1,-25.7],[-2.7,-27],[-3.9,-27.8],[-5.4,-29.2],[-6.3,-28.1],[-4,-27],[-2.1,-25.4],[0.1,-24],[0.5,-24.2]]]]}},{"type":"Feature","properties":{},"geometry":{"type":"MultiPolygon","coordinates":[[[[-4.9,-13.8],[-9.1,-14.7],[-12.2,-13.4],[-13,-14.2],[-13.8,-16.3],[-14.4,-18.6],[-16.8,-21.4],[-21.4,-23.4],[-22.7,-24.8],[-23.3,-27.2],[-23.2,-26.3],[-23.1,-26],[-23.1,-25.1],[-22.9,-24.9],[-23.1,-24.5],[-22.9,-24.4],[-22.9,-24],[-22.7,-24.1],[-22.5,-24],[-22.5,-23.9],[-22.7,-23.9],[-22.3,-23.5],[-22,-23.3],[-21.9,-23],[-22.1,-22.9],[-21.8,-22.7],[-21.8,-22.3],[-21.8,-22.1],[-21.9,-21.9],[-21.8,-21.6],[-21.6,-21.4],[-21.6,-21.3],[-21.5,-21.1],[-21.5,-20.9],[-21.6,-20.6],[-21.2,-20.5],[-21.1,-20.5],[-21,-20.6],[-21,-20.4],[-21.1,-20.3],[-20.8,-20.4],[-20.9,-20.1],[-21.4,-19.6],[-20.9,-19.4],[-21.2,-19.2],[-21.2,-18.7],[-21,-18.9],[-20.9,-19],[-21,-18.8],[-20.7,-18.4],[-20.3,-18.3],[-20,-18.7],[-19.6,-19.1],[-20.3,-18.5],[-20,-18.1],[-19.7,-18.1],[-19,-18],[-17.9,-17.3],[-16.2,-16.4],[-14.9,-15.2],[-14.5,-15],[-14.2,-14.8],[-14,-14.4],[-13.8,-13.7],[-13.3,-13.3],[-12,-13.2],[-11,-13.1],[-9.8,-13.1],[-7.5,-12.8],[-4.9,-13.3],[-2.5,-13.4],[-2.1,-13.2],[-4.9,-13.8]]]]}},{"type":"Feature","properties":{},"geometry":{"type":"MultiPolygon","coordinates":[[[[1.2,-25.2],[0.7,-25.6],[0.2,-25.1],[-0.2,-25.2],[0.2,-25],[0.8,-24.5],[0.9,-24.7],[1.1,-25.1],[1.2,-25.2]]]]}},{"type":"Feature","properties":{},"geometry":{"type":"MultiPolygon","coordinates":[[[[4,-25.8],[1.1,-28.6],[-0.5,-29.4],[0.2,-28.3],[2,-27.1],[3,-26.4],[4,-25.8]]]]}},{"type":"Feature","properties":{},"geometry":{"type":"MultiPolygon","coordinates":[[[[3.1,-30.5],[1.9,-31.2],[0.2,-33.4],[0.3,-34.2],[1.1,-34.5],[-1.8,-40.2],[-3.2,-38],[-3.2,-36.9],[-4.7,-36.1],[-7,-35.6],[-8.1,-33.9],[-8.3,-32.6],[-7.1,-31],[-7.5,-29.3],[-6.4,-28.3],[-5.4,-29.8],[-4.8,-29.9],[-4.1,-29.6],[-3.4,-29.5],[-2.7,-29.1],[-2,-28.9],[-1.1,-29.3],[-0.2,-29.7],[0,-30.6],[1.1,-30.3],[2.5,-29.5],[3,-29.6],[3.1,-30],[3.1,-30.5]]]]}},{"type":"Feature","properties":{},"geometry":{"type":"MultiPolygon","coordinates":[[[[-27.8,-41.7],[-30.9,-44.1],[-32.2,-47.3],[-32.1,-49.3],[-33.9,-50.2],[-34.1,-48],[-35.2,-45.9],[-34.9,-44.7],[-33,-44.1],[-33.1,-43.4],[-29.6,-41.7],[-27.8,-41.7]]]]}},{"type":"Feature","properties":{},"geometry":{"type":"MultiPolygon","coordinates":[[[[-17.7,-41],[-19,-41.7],[-21.4,-42],[-25.8,-42.2],[-26,-41.1],[-18.1,-39.3],[-16.9,-39.8],[-17.7,-41]]]]}},{"type":"Feature","properties":{},"geometry":{"type":"MultiPolygon","coordinates":[[[[-33.9,-50.2],[-35.4,-48.1],[-34.9,-46.2],[-33.5,-48.3],[-33.9,-50.2]]]]}},{"type":"Feature","properties":{},"geometry":{"type":"MultiPolygon","coordinates":[[[[-39,-44.9],[-37.2,-45.4],[-37.3,-47.6],[-36.1,-49.8],[-38.2,-50.2],[-41.4,-49.8],[-44.9,-49.7],[-49.3,-49.9],[-50.9,-48.8],[-48.2,-48.2],[-45.2,-47.5],[-42,-46.7],[-40.1,-45.6],[-39,-44.9]]]]}},{"type":"Feature","properties":{},"geometry":{"type":"MultiPolygon","coordinates":[[[[-14.3,-37.5],[-16.6,-37],[-16.1,-37],[-15.8,-37],[-15.1,-37.1],[-14.3,-37.5]]]]}},{"type":"Feature","properties":{},"geometry":{"type":"MultiPolygon","coordinates":[[[[-9.8,-42.4],[-14.7,-41.7],[-17.5,-40.8],[-16.5,-39.1],[-13.7,-38.2],[-12.8,-39.1],[-12.5,-39.6],[-12,-40.3],[-10.9,-40.7],[-9.9,-41],[-9.8,-41.6],[-9.8,-42.1],[-9.8,-42.4]]]]}},{"type":"Feature","properties":{},"geometry":{"type":"MultiPolygon","coordinates":[[[[-66,-52.4],[-68.9,-56.3],[-69.9,-55.7],[-70.4,-56.1],[-70.5,-56.3],[-68.7,-52.8],[-67,-51.8],[-66,-52.4]]]]}},{"type":"Feature","properties":{},"geometry":{"type":"MultiPolygon","coordinates":[[[[-56.5,-43.4],[-61,-46.4],[-67.5,-50.2],[-66.7,-47.7],[-61.6,-43.9],[-57.1,-42.7],[-56.5,-43.4]]]]}},{"type":"Feature","properties":{},"geometry":{"type":"MultiPolygon","coordinates":[[[[-68.2,-50.5],[-73.3,-53.1],[-71.6,-51.2],[-68.2,-50.5]]]]}},{"type":"Feature","properties":{},"geometry":{"type":"MultiPolygon","coordinates":[[[[-29.4,12.5],[-29.8,12.6],[-31.9,12.4],[-34.1,12.9],[-34.8,13.1],[-34.3,13.6],[-33.1,13.3],[-31.7,12.9],[-30.3,13],[-29.9,13],[-29.5,12.8],[-29.4,12.5]]]]}},{"type":"Feature","properties":{},"geometry":{"type":"MultiPolygon","coordinates":[[[[-8.5,12],[-8.5,11.7],[-9.2,11.6],[-9.8,11.8],[-10.1,11.8],[-10,11.9],[-9.9,12.7],[-9.2,12.6],[-8.7,12.2],[-8.5,12]]]]}},{"type":"Feature","properties":{},"geometry":{"type":"MultiPolygon","coordinates":[[[[-10.9,12.4],[-11,12.8],[-10.4,12.9],[-10.9,12.4]]]]}},{"type":"Feature","properties":{},"geometry":{"type":"MultiPolygon","coordinates":[[[[-8.7,13.5],[-8.9,13.5],[-9,13.7],[-8.7,13.5]]]]}},{"type":"Feature","properties":{},"geometry":{"type":"MultiPolygon","coordinates":[[[[-6.5,9.9],[-6.8,9.5],[-6.9,9.2],[-7.2,9.1],[-7.2,9.9],[-7.2,10.3],[-6.9,10.1],[-6.7,9.9],[-6.5,9.9]]]]}},{"type":"Feature","properties":{},"geometry":{"type":"MultiPolygon","coordinates":[[[[-7,8.9],[-7.1,8.7],[-7.2,8.4],[-7.1,8.2],[-7.2,8],[-7.4,7.9],[-7.6,7.9],[-7.5,7.7],[-7.1,7.9],[-7.2,7],[-7,5.2],[-6.8,3.5],[-7,3.4],[-6.9,3.6],[-6.9,3.8],[-7,3.7],[-7,3.4],[-7.1,3.2],[-7.1,3],[-7.1,3.1],[-7,2.6],[-7.2,2.9],[-7.5,4.2],[-7.7,5.1],[-7.8,6.4],[-7.8,7.3],[-7.7,8.1],[-7.3,9.1],[-7,8.9]]]]}},{"type":"Feature","properties":{},"geometry":{"type":"MultiPolygon","coordinates":[[[[-1.5,-2.7],[-2,-3],[-1.8,-3],[-1.8,-3.2],[-3.3,-4.1],[-3,-3.7],[-2.4,-2.9],[-2.1,-2.6],[-1.8,-2.5],[-1.5,-2.6],[-1.5,-2.7]]]]}},{"type":"Feature","properties":{},"geometry":{"type":"MultiPolygon","coordinates":[[[[-3.3,-1.1],[-3.3,-1.2],[-3.5,-1.2],[-3.9,-1.6],[-4.2,-1.9],[-4.8,-1.8],[-4.9,-1.7],[-5.4,-1.8],[-6,-1.4],[-7,-1.1],[-8.2,-0.9],[-8.3,-0.8],[-7.9,-0.7],[-7.8,-0.9],[-7.7,-0.7],[-7.7,-0.5],[-7.3,-0.5],[-7.4,-0.3],[-7.7,-0.4],[-7.8,0.3],[-7.1,0.7],[-6.7,0.8],[-6.6,0.7],[-6.5,0.2],[-6.1,-0.1],[-5.8,-0.5],[-5.7,-0.5],[-5.8,-0.4],[-5.3,0.1],[-3.8,-0.3],[-3.3,-1.1]]]]}},{"type":"Feature","properties":{},"geometry":{"type":"MultiPolygon","coordinates":[[[[-2.4,-2.9],[-3.3,-4],[-4.3,-4.3],[-3.8,-3.7],[-3.9,-3.7],[-3.5,-3.2],[-3.3,-3.3],[-3.2,-3.1],[-3.1,-2.9],[-3.1,-2.8],[-3,-2.5],[-2.6,-1.7],[-2.2,-1.5],[-1.8,-1.1],[-1.4,-1.1],[-1.3,-1.1],[-1.7,-1.2],[-1.8,-1.9],[-1.9,-2],[-2.2,-2.4],[-2.3,-2.7],[-2.4,-2.9]]]]}},{"type":"Feature","properties":{},"geometry":{"type":"MultiPolygon","coordinates":[[[[-5.8,-2.7],[-6.8,-1.9],[-5.9,-2.4],[-5.8,-2.7]]]]}},{"type":"Feature","properties":{},"geometry":{"type":"MultiPolygon","coordinates":[[[[-7.5,-2.3],[-7.5,-2.5],[-7.5,-3],[-7.8,-2.8],[-8.5,-2.6],[-9,-2.6],[-9.6,-2.7],[-10,-2.9],[-10.7,-3.4],[-11.4,-4],[-12,-4.5],[-12.6,-4.5],[-13.2,-4.8],[-13.9,-5.1],[-14,-5.3],[-14.2,-5.5],[-14.8,-6.4],[-16.2,-6.6],[-19.9,-7],[-23,-7.9],[-22.2,-7.1],[-19.6,-5.7],[-18.3,-4.7],[-17.5,-4.8],[-16.6,-4.4],[-16.8,-4.2],[-16.2,-4],[-17.2,-4],[-17.1,-3.9],[-16.5,-3.5],[-16.2,-3],[-15.5,-2.6],[-15.1,-2.6],[-14.4,-2.1],[-14,-2.3],[-13.9,-2.7],[-13.4,-2.7],[-12.9,-2.9],[-12.5,-3],[-11.2,-2.4],[-11.5,-2.7],[-12.1,-3],[-12.4,-3.1],[-10.3,-2.2],[-7.7,-2.2],[-7.5,-2.3]]]]}},{"type":"Feature","properties":{},"geometry":{"type":"MultiPolygon","coordinates":[[[[-17.4,-4.1],[-17.3,-4],[-17.4,-4.2],[-17.4,-4.1]]]]}},{"type":"Feature","properties":{},"geometry":{"type":"MultiPolygon","coordinates":[[[[-15.4,23.8],[-17.4,23.1],[-18.4,22.2],[-20.4,21.5],[-21.1,21.9],[-21.4,22.4],[-18.6,25.2],[-17.4,25.7],[-17,25.3],[-16.9,25.1],[-17.1,24.6],[-17,24.4],[-17.3,24.5],[-17.4,24],[-17.2,24.1],[-17.2,24],[-17.1,24],[-17,24.1],[-16.8,24.4],[-16.3,24.8],[-16,24.5],[-15.8,24.5],[-15.6,24.5],[-15.6,24.8],[-15.8,24.6],[-16,24.8],[-16.1,24.8],[-16.3,25.2],[-15.1,24.9],[-15.4,24.4],[-15.3,24.2],[-15.4,23.8]]]]}},{"type":"Feature","properties":{},"geometry":{"type":"MultiPolygon","coordinates":[[[[-21.3,21.9],[-21.6,22.1],[-21.5,22.2],[-21.4,22.3],[-21.3,21.9]]]]}},{"type":"Feature","properties":{},"geometry":{"type":"MultiPolygon","coordinates":[[[[-31.9,13],[-33.2,13.4],[-34.7,13.7],[-34.2,14.8],[-33.9,15.7],[-33.3,15.8],[-31.9,15],[-31.5,13.3],[-31.9,13]]]]}},{"type":"Feature","properties":{},"geometry":{"type":"MultiPolygon","coordinates":[[[[-31.3,13],[-31.8,13],[-31.4,14.1],[-32.6,15.4],[-33.8,15.7],[-33.6,16.2],[-32.6,15.7],[-31.5,14.8],[-31.1,13.9],[-31.3,13]]]]}},{"type":"Feature","properties":{},"geometry":{"type":"MultiPolygon","coordinates":[[[[-8.7,-1],[-9.6,-1.5],[-9.8,-1.5],[-10.1,-1.7],[-10.5,-1.9],[-10.9,-2.2],[-11,-2.2],[-12.3,-2.9],[-12.7,-2.9],[-13.3,-2.9],[-13,-1.8],[-12.8,-0.9],[-12.2,-0.3],[-11.8,1.1],[-10.9,0.2],[-10.7,-0.4],[-10,-0.2],[-9.1,-0.2],[-8.7,-1]]]]}},{"type":"Feature","properties":{},"geometry":{"type":"MultiPolygon","coordinates":[[[[-21.7,29.3],[-22.1,29.5],[-22,29.3],[-21.8,28.8],[-21.3,28.1],[-21.7,28.5],[-22.4,28.3],[-22.6,27.9],[-23.9,26.6],[-24.1,26.8],[-24.7,26.6],[-25.2,26.5],[-25.7,25.7],[-26.3,25.4],[-26.9,25.1],[-28.3,24.5],[-29.4,23.4],[-29.8,23.5],[-31.3,23.4],[-31.4,23.9],[-31,24.2],[-29.7,25],[-28.6,25.2],[-27.1,25.6],[-26.3,26.1],[-25.9,26.4],[-26.5,26.6],[-25.6,26.7],[-24.6,27.3],[-23.8,27.9],[-23.4,28.5],[-23.7,28.1],[-24.8,27.4],[-25.5,27.4],[-24.5,27.7],[-23.7,28.4],[-23.6,28.9],[-22.8,29.3],[-23,31.6],[-20.7,33.8],[-21.9,32],[-21.9,29.9],[-21.8,29.7],[-21.7,29.3]]]]}},{"type":"Feature","properties":{},"geometry":{"type":"MultiPolygon","coordinates":[[[[-9.9,24.1],[-10.5,23.8],[-10.9,24],[-10.5,23.9],[-10.4,24.2],[-10,24.2],[-9.9,24.1]]]]}},{"type":"Feature","properties":{},"geometry":{"type":"MultiPolygon","coordinates":[[[[-15.1,23.3],[-16.3,22.8],[-17.8,22.1],[-19.2,21.1],[-19.8,21.3],[-18.4,22.2],[-17.4,23.1],[-15.4,23.8],[-15.1,23.3]]]]}},{"type":"Feature","properties":{},"geometry":{"type":"MultiPolygon","coordinates":[[[[-13.2,24.5],[-12.9,24.6],[-13,24.5],[-13.2,24],[-13.4,24.3],[-13.2,24.5]]]]}},{"type":"Feature","properties":{},"geometry":{"type":"MultiPolygon","coordinates":[[[[-14.6,24.1],[-14.3,24.2],[-13.8,24.2],[-13.8,24.1],[-13.8,23.9],[-14.3,24],[-14.6,24.1]]]]}},{"type":"Feature","properties":{},"geometry":{"type":"MultiPolygon","coordinates":[[[[-11.1,25.5],[-9.5,26.4],[-9,26.3],[-9.2,25.9],[-9.3,25.7],[-9.8,25.7],[-9.9,25.2],[-10,24.8],[-10.4,24.6],[-10.8,24.6],[-10.9,24.9],[-11.3,24.7],[-11.1,25.5]]]]}},{"type":"Feature","properties":{},"geometry":{"type":"MultiPolygon","coordinates":[[[[-8.5,25.5],[-9.2,24.7],[-9.7,24.2],[-9.9,24.3],[-9.5,24.7],[-8.8,25.7],[-8.5,25.5]]]]}},{"type":"Feature","properties":{},"geometry":{"type":"MultiPolygon","coordinates":[[[[-18.7,32.2],[-19.5,31.5],[-19,28.9],[-18.6,27.4],[-19.3,26.7],[-20.8,26.1],[-22.1,25.5],[-23,24.6],[-23.3,24.4],[-24.2,23.7],[-24.5,23.6],[-24.8,23.9],[-24.9,23.7],[-26,23],[-28,23.3],[-28.6,24.3],[-27.5,24.9],[-26.4,25.3],[-25.8,25.6],[-25.3,26.2],[-24.9,26.7],[-24.1,26.9],[-23.9,26.6],[-22.6,27.8],[-21.6,27.6],[-22.4,27.5],[-21.6,27.2],[-21.3,27.4],[-20.9,26.7],[-20.9,26.9],[-20.4,26.9],[-20.3,27.1],[-20.3,27.2],[-20.7,27.7],[-20.5,28],[-20.1,28],[-21.1,28.7],[-21.3,28.9],[-21.7,29.3],[-21.8,29.7],[-21.9,30.1],[-21.5,32.6],[-19.8,33.1],[-19.2,32.7],[-18.6,32.3],[-18.9,32.2],[-18.7,32.2]]]]}},{"type":"Feature","properties":{},"geometry":{"type":"MultiPolygon","coordinates":[[[[-14.9,16.3],[-15.3,16.6],[-15.4,16.3],[-15.6,16.4],[-15.7,16.3],[-15.8,16.3],[-16,16.3],[-16.2,16.2],[-16.3,16.2],[-16.4,16.2],[-16.8,16],[-17,15.8],[-17.1,15.7],[-17.9,16.1],[-22.1,18.4],[-21.2,18.1],[-20.3,18.3],[-18.7,18.5],[-17.6,17.8],[-15.7,17.1],[-14.9,16.3]]]]}},{"type":"Feature","properties":{},"geometry":{"type":"MultiPolygon","coordinates":[[[[-24,15.4],[-23.9,15.3],[-24.1,14.9],[-24.2,14.8],[-24.9,14.5],[-25.3,14.3],[-25.7,15],[-26.8,15],[-26.8,15.1],[-25.9,15.6],[-25.3,15.7],[-25.4,15.4],[-25.1,15.4],[-24.3,15.4],[-24.1,15.4],[-24,15.4]]]]}},{"type":"Feature","properties":{},"geometry":{"type":"MultiPolygon","coordinates":[[[[-31,19.3],[-32.1,21.7],[-29.4,23.1],[-27,23.2],[-27.5,22.6],[-30.3,20.5],[-31,19.3]]]]}},{"type":"Feature","properties":{},"geometry":{"type":"MultiPolygon","coordinates":[[[[-7.5,10.7],[-8,10.9],[-9.1,11.3],[-9.8,11.4],[-10.4,11.2],[-10.3,11.3],[-10.6,11.4],[-10,11.8],[-9.4,11.6],[-8.7,11.4],[-8.8,12],[-8.4,12],[-7.9,11.9],[-7.6,11.3],[-7.4,10.9],[-7.3,10.8],[-7.5,10.7]]]]}},{"type":"Feature","properties":{},"geometry":{"type":"MultiPolygon","coordinates":[[[[-19.5,13.6],[-21.1,14.3],[-21.5,14.1],[-22.3,14.8],[-22.9,15],[-22.8,15.2],[-23.1,15.3],[-23.3,15.4],[-22.9,15.7],[-21.9,15.7],[-20.7,14.6],[-19.6,13.8],[-19.5,13.6]]]]}},{"type":"Feature","properties":{},"geometry":{"type":"MultiPolygon","coordinates":[[[[-23.4,15.5],[-23.6,15.7],[-24.2,15.7],[-25.1,15.7],[-25.8,15.6],[-26.6,15.3],[-28.3,14.1],[-29,13.4],[-29.1,11.6],[-29.9,10],[-30.2,10],[-29.5,11.6],[-29.4,12.5],[-29.5,13.3],[-29,13.9],[-27.4,14.9],[-26.1,15.8],[-25.1,16.2],[-23.2,16],[-23.3,15.8],[-23.4,15.5]]]]}},{"type":"Feature","properties":{},"geometry":{"type":"MultiPolygon","coordinates":[[[[-18.5,13],[-20.3,13],[-21.4,13],[-22.1,13.5],[-22.5,13.8],[-22.9,14.3],[-22.8,14.7],[-23.3,15.1],[-23.5,15.3],[-23.3,15.4],[-23.1,15.3],[-22.8,15.2],[-22.9,15],[-22.3,14.8],[-21.5,14.1],[-21.1,14.3],[-19.5,13.6],[-18.6,13.2],[-18.5,13]]]]}},{"type":"Feature","properties":{},"geometry":{"type":"MultiPolygon","coordinates":[[[[-23.7,15.4],[-23.9,15.5],[-23.5,15.5],[-23.7,15.4]]]]}},{"type":"Feature","properties":{},"geometry":{"type":"MultiPolygon","coordinates":[[[[-23.9,15.5],[-25.3,15.5],[-25.4,15.5],[-25.1,15.7],[-24.2,15.7],[-23.6,15.7],[-24,15.5],[-23.9,15.5]]]]}},{"type":"Feature","properties":{},"geometry":{"type":"MultiPolygon","coordinates":[[[[-24.7,20.1],[-25.2,20.2],[-25.3,20],[-25.1,19.9],[-24.5,19.8],[-25,18],[-25.4,17.8],[-26.1,17.8],[-27.3,18],[-28,18.1],[-29,18.2],[-29.4,18.5],[-28.7,20],[-27,21.5],[-25.2,22.1],[-23.1,22.2],[-22.6,22.3],[-21.3,21.9],[-20.3,21.5],[-21.9,21.7],[-22.7,21.8],[-23.8,21.1],[-24.7,20.1]]]]}},{"type":"Feature","properties":{},"geometry":{"type":"MultiPolygon","coordinates":[[[[-29.4,18.3],[-31.3,18.1],[-32.7,17.7],[-32.3,19.1],[-31,19.3],[-29.3,18.8],[-29.4,18.3]]]]}},{"type":"Feature","properties":{},"geometry":{"type":"MultiPolygon","coordinates":[[[[-17.4,15.6],[-18.1,15.1],[-18.6,14.6],[-18.7,14.3],[-18.6,14],[-18.2,13.6],[-18.7,13.2],[-19.6,13.8],[-20.7,14.6],[-21.9,15.7],[-22.3,15.9],[-22.3,16],[-22.2,16.2],[-22.8,16.1],[-23.2,16],[-25.1,16.2],[-26.1,15.8],[-26.1,16.3],[-26.1,17.4],[-25.8,17.8],[-25.2,17.9],[-22.8,18.2],[-22.2,18.4],[-17.5,15.8],[-17.4,15.6]]]]}},{"type":"Feature","properties":{},"geometry":{"type":"MultiPolygon","coordinates":[[[[-21,-2.7],[-23.8,-3.3],[-21.7,-1],[-21,-0.4],[-20.8,-1.1],[-21.4,-1.9],[-21.5,-2.2],[-20.9,-2.2],[-21,-2.7]]]]}},{"type":"Feature","properties":{},"geometry":{"type":"MultiPolygon","coordinates":[[[[-31.1,24.3],[-30.5,24.9],[-29.6,26.2],[-28.9,27.1],[-28.3,27.1],[-27.4,27.5],[-26.3,28],[-25.3,28.7],[-24.9,29.6],[-24.7,30.5],[-24.8,31.2],[-24.8,31.9],[-23.9,32.9],[-23.1,33.5],[-22.4,33.9],[-21.4,34.1],[-21.3,33.6],[-23.1,30.8],[-22.9,29.1],[-23.7,28.7],[-23.8,28.3],[-24.9,27.5],[-25.4,27.3],[-24.5,27.6],[-23.6,28.2],[-23.3,28.5],[-24.2,27.7],[-24.9,27.2],[-26,26.7],[-26.5,26.5],[-25.9,26.4],[-26.4,26],[-27.2,25.5],[-28.8,25.2],[-30,24.4],[-31.1,24.3]]]]}},{"type":"Feature","properties":{},"geometry":{"type":"MultiPolygon","coordinates":[[[[-24.7,14.4],[-24.8,14.2],[-24.8,14.1],[-25.2,14.2],[-24.8,14.5],[-24.7,14.4]]]]}},{"type":"Feature","properties":{},"geometry":{"type":"MultiPolygon","coordinates":[[[[-25.2,14.2],[-26.8,12.5],[-28,11.4],[-28.5,10.4],[-28.8,10.1],[-29.6,8.8],[-31.3,7.2],[-31.8,8.3],[-30.1,9.8],[-29.3,11],[-29.1,13.1],[-28.5,14],[-27.1,14.9],[-26.3,15.1],[-25.2,14.5],[-25.2,14.2]]]]}},{"type":"Feature","properties":{},"geometry":{"type":"MultiPolygon","coordinates":[[[[-3,-1.1],[-3.1,-1.1],[-3.1,-1],[-3.5,-0.8],[-4.1,-0.2],[-5.6,0.2],[-5.8,-0.4],[-5.7,-0.4],[-5.9,-0.3],[-6.2,-0.3],[-6.7,0.5],[-6.6,0.7],[-6.7,0.8],[-7.6,0.2],[-8.3,-0.1],[-7.6,-0.3],[-7.3,-0.3],[-7.4,-0.4],[-7.7,-0.5],[-7.7,-0.8],[-8,-0.8],[-7.9,-0.5],[-8.3,-0.8],[-8.5,-1],[-8.7,-0.8],[-9.3,-0.3],[-10.1,-0.3],[-10.7,-0.3],[-11.2,1.4],[-10.8,1.6],[-10.2,1.6],[-9.3,1.7],[-8.6,1.8],[-8,1.9],[-7.7,2.1],[-7.3,2.6],[-6.7,2.3],[-6.8,2.2],[-6.6,2.2],[-6.3,1.9],[-5,1.7],[-4.8,1.7],[-3.8,1.7],[-2.4,1.9],[-2.5,1.8],[-2.9,1.7],[-3.5,1.6],[-3.6,1.3],[-3.8,1.1],[-3.6,1.3],[-2.9,1.6],[-2,1.7],[-2,1.3],[-2,1.1],[-1.6,1.2],[-1.7,1.1],[-1.3,0.9],[-1.2,0.7],[-1.2,0.5],[-1.3,0.4],[-1.5,0.2],[-1.3,0],[-1.5,0],[-1.2,-0.3],[-1.3,-0.3],[-1.3,-0.5],[-1.4,-0.6],[-2,-0.9],[-2.3,-1.1],[-2.7,-1],[-2.9,-1],[-3,-1.1]]]]}},{"type":"Feature","properties":{},"geometry":{"type":"MultiPolygon","coordinates":[[[[-38.6,-7.4],[-39.4,-7],[-39.6,-6.8],[-40.5,-6.2],[-40.9,-5.6],[-41.2,-4.8],[-41.3,-4.6],[-41.5,-4.5],[-41.9,-3.5],[-41.7,-3.4],[-41.3,-3.9],[-40.7,-3.8],[-40,-4.3],[-39.4,-4.9],[-38.6,-6],[-38.6,-7.4]]]]}},{"type":"Feature","properties":{},"geometry":{"type":"MultiPolygon","coordinates":[[[[-31.6,6.6],[-31.4,5.6],[-31,3.1],[-31.8,4.4],[-33.2,5.4],[-35,5.6],[-33.3,6.6],[-31.8,8.3],[-31.6,6.6]]]]}},{"type":"Feature","properties":{},"geometry":{"type":"MultiPolygon","coordinates":[[[[-22,3.7],[-21.7,3.8],[-21.7,3.7],[-22,3.7]]]]}},{"type":"Feature","properties":{},"geometry":{"type":"MultiPolygon","coordinates":[[[[-22.8,3.7],[-24.8,3.5],[-24.2,3.1],[-22.7,2.7],[-23.7,2.5],[-24.9,3],[-25.1,2.9],[-26.8,2.1],[-27,1.7],[-27.7,1.1],[-28.9,0.5],[-29.9,0.4],[-31.4,0.6],[-32.5,-0.2],[-33.3,-0.4],[-32.4,0.2],[-31.4,0.7],[-30.6,1.1],[-28.3,1.2],[-27.4,2],[-27.2,2.6],[-26.9,2.9],[-25.9,3.3],[-25.3,3.5],[-24.4,4.3],[-23.9,4.3],[-22.8,3.7]]]]}},{"type":"Feature","properties":{},"geometry":{"type":"MultiPolygon","coordinates":[[[[-20.6,0.1],[-21.2,0.1],[-22,0.7],[-22.1,0.9],[-22,1.3],[-21,0.7],[-20.7,0.3],[-20.6,0.1]]]]}},{"type":"Feature","properties":{},"geometry":{"type":"MultiPolygon","coordinates":[[[[-21,-0.4],[-22.2,-1.6],[-22.1,-0.5],[-21.6,0],[-21.1,-0.2],[-21,-0.4]]]]}},{"type":"Feature","properties":{},"geometry":{"type":"MultiPolygon","coordinates":[[[[-43.4,10.4],[-45.7,11],[-46.2,12.5],[-45.9,13.4],[-45.6,14.2],[-46,15.3],[-45.2,16.4],[-44.1,16.1],[-42.4,13.6],[-40.4,12.1],[-42.4,12.4],[-44.1,12.1],[-43.4,10.4]]]]}},{"type":"Feature","properties":{},"geometry":{"type":"MultiPolygon","coordinates":[[[[-47.2,5.6],[-47.2,4.3],[-46.8,3.5],[-47,2.7],[-46.1,0.1],[-45.4,-1.1],[-44.9,-3.1],[-43.8,-4],[-45,-5.7],[-45.9,-5.4],[-46.8,-1.4],[-47.2,2],[-47.5,3.3],[-47.7,3.9],[-48,4.6],[-47.6,5.3],[-47.4,6.1],[-47.2,6.4],[-47.2,5.6]]]]}},{"type":"Feature","properties":{},"geometry":{"type":"MultiPolygon","coordinates":[[[[-44.6,9.3],[-46.1,8.1],[-47.1,9.2],[-48.1,9.6],[-46.9,10.7],[-46.3,12.6],[-45.9,13.4],[-46.2,12.5],[-45.7,11],[-44.6,9.3]]]]}},{"type":"Feature","properties":{},"geometry":{"type":"MultiPolygon","coordinates":[[[[-4.4,2.2],[-5,1.8],[-5.3,2.6],[-5.1,5.1],[-5.2,7],[-5.2,7.3],[-5.2,7.5],[-5.1,7.8],[-4.9,7.7],[-5,8.1],[-4.8,8.2],[-4.8,8.3],[-4.7,8.4],[-4.6,8.4],[-4.5,7.1],[-4.6,5.7],[-4.5,4.2],[-4.7,2.8],[-4.4,2.2]]]]}},{"type":"Feature","properties":{},"geometry":{"type":"MultiPolygon","coordinates":[[[[-69.5,-50],[-72.8,-53],[-73.3,-51.6],[-71.2,-48.2],[-69.9,-47.4],[-69.5,-50]]]]}},{"type":"Feature","properties":{},"geometry":{"type":"MultiPolygon","coordinates":[[[[34.7,-40.3],[33.8,-40.8],[33.9,-41.6],[33.2,-42.1],[32.8,-41.4],[32.9,-40.4],[32.7,-40],[32.4,-38.5],[32.1,-37.6],[31.7,-37.5],[32,-37.3],[32.2,-37.1],[32.6,-36.7],[32.8,-36.4],[32.7,-37.3],[33,-38.6],[33.5,-39.7],[34.7,-40.3]]]]}},{"type":"Feature","properties":{},"geometry":{"type":"MultiPolygon","coordinates":[[[[16.5,6.3],[16.8,6.2],[16.9,6.1],[17.2,6],[17.7,6.2],[17.9,5.9],[18.1,6.2],[18.3,6.6],[18.6,6.8],[18.4,6.6],[18.7,6.8],[19.1,6.8],[19.6,6.6],[19.8,6.7],[20.1,7.5],[21.8,6.6],[20.6,5.1],[18.7,2.4],[16.5,-0.3],[14.6,-0.3],[14.2,0.4],[15.3,1.5],[15,1.5],[15.3,1.7],[15.2,1.9],[15.1,3.1],[15.5,3.1],[15.5,2.8],[15.6,3],[15.4,3.2],[15.7,3.9],[16.2,4],[16.1,4.1],[16.6,4.6],[16.6,4.7],[16.7,4.8],[17.3,5.1],[16.8,5.2],[16.6,5.3],[16.6,5.7],[16.3,5.7],[16,6],[16.1,6.3],[16.5,6.3]]]]}},{"type":"Feature","properties":{},"geometry":{"type":"MultiPolygon","coordinates":[[[[9.9,2.9],[10.6,3.6],[11.2,3.3],[11.8,3.1],[12.2,2.7],[12,2.6],[12.6,2.2],[12.5,1.9],[13.5,2.1],[13.5,1.4],[13.6,1.2],[13.3,1],[13.2,0.6],[13.5,0.7],[13.6,0.7],[13.8,0.3],[13.3,-0.1],[12.8,-0.2],[12.5,-0.4],[11.9,-0.8],[11.3,-0.9],[11.4,-1.3],[11.3,-1.4],[11.1,-1.4],[10.6,-1.5],[10.5,-1.7],[10.5,-2],[10.1,-1.9],[10.5,-1.4],[10.5,-0.8],[10.7,-0.6],[11.3,-0.2],[11.5,0.3],[11.2,-0.2],[10.5,-0.3],[10.4,-0.1],[10,-0.3],[9.9,-0.2],[10.1,0.2],[10.3,0.7],[10.2,1],[10,1.3],[10.3,1.5],[10.6,1.7],[10.5,1.8],[10.4,2.1],[10.5,2.3],[10.5,2.5],[10.2,2.5],[9.9,2.9]]]]}},{"type":"Feature","properties":{},"geometry":{"type":"MultiPolygon","coordinates":[[[[7,-0.5],[7.1,-0.3],[8.1,0.4],[8.6,1.2],[8.8,1.2],[9.1,0.7],[9.1,0],[8.8,-0.2],[8.7,-0.3],[8.4,-0.6],[8.2,-0.7],[7.9,-0.7],[8,-1],[7.8,-1.2],[7.5,-1.3],[7.4,-1.2],[7.3,-0.9],[6.9,-1.2],[7.1,-0.7],[6.8,-0.7],[7.1,-0.6],[7,-0.5]]]]}},{"type":"Feature","properties":{},"geometry":{"type":"MultiPolygon","coordinates":[[[[15.2,1.9],[15.1,1.8],[15,1.7],[15.2,1.9]]]]}},{"type":"Feature","properties":{},"geometry":{"type":"MultiPolygon","coordinates":[[[[19.2,6.8],[19.5,6.8],[19.4,6.6],[19.4,6.7],[19.2,6.8]]]]}},{"type":"Feature","properties":{},"geometry":{"type":"MultiPolygon","coordinates":[[[[-67.4,-67.7],[-70.4,-70.8],[-74.5,-69.5],[-72.6,-68.9],[-71.2,-67.5],[-70.3,-66.2],[-69.6,-65],[-69.2,-64.2],[-66.5,-63.8],[-66.1,-64.3],[-64.3,-64],[-62.7,-63.6],[-61.3,-63.4],[-60.3,-64.3],[-62.2,-65.7],[-64.7,-66.5],[-67.4,-67.7]]]]}},{"type":"Feature","properties":{},"geometry":{"type":"MultiPolygon","coordinates":[[[[-36.5,-56],[-39,-56.6],[-41.9,-58.5],[-43.3,-59.1],[-45.1,-58.7],[-42.2,-57.5],[-39.5,-56.1],[-36.5,-55.4],[-34.4,-55.2],[-34.4,-55.4],[-36.5,-56]]]]}},{"type":"Feature","properties":{},"geometry":{"type":"MultiPolygon","coordinates":[[[[-10.3,-43.9],[-11.7,-44.9],[-12.2,-45.1],[-12.4,-45],[-12.6,-45.2],[-13.4,-45.7],[-14.7,-46.1],[-15.6,-45],[-17,-43],[-19.1,-42.5],[-20.3,-41.9],[-17.2,-42.2],[-13.6,-43.5],[-10.3,-43.9]]]]}},{"type":"Feature","properties":{},"geometry":{"type":"MultiPolygon","coordinates":[[[[21.8,-69.6],[20.3,-70.1],[20.8,-70.9],[21.2,-71.3],[19.6,-71.7],[19.6,-71.9],[19.5,-72.2],[18.5,-72.3],[18.5,-73],[17.9,-73.2],[18.4,-73.2],[17.6,-73.8],[17.7,-74.1],[18,-74.5],[18.8,-74.7],[18.6,-74.9],[18.4,-75.1],[17.7,-75.5],[16.2,-76.2],[14.9,-76.6],[14.7,-76.8],[14.1,-77],[13.9,-77],[12.8,-77.5],[11.9,-78],[11.7,-78.2],[10.3,-78.4],[10.9,-78.5],[9.7,-78.6],[9.1,-78.9],[8,-79],[6.6,-79.1],[2,-79.3],[1.5,-79.2],[1.1,-79.4],[-2.4,-79.2],[-5.3,-79],[-8,-78.7],[-8.3,-78.6],[-14.1,-78.2],[-15.4,-78.1],[-17.7,-78],[-19.4,-78.1],[-23.9,-77.5],[-26.5,-77.1],[-22.3,-76.5],[-12,-75.2],[-5.9,-74.7],[-3.9,-73.8],[-2.3,-73.3],[0,-72.9],[4.9,-72],[9.6,-71.1],[13.2,-69.6],[13.8,-68.3],[17.8,-65.9],[20.3,-69],[21.8,-69.6]]]]}},{"type":"Feature","properties":{},"geometry":{"type":"MultiPolygon","coordinates":[[[[21.8,-70.5],[22,-70.7],[21.2,-70.4],[22,-70.3],[21.8,-70.5]]]]}},{"type":"Feature","properties":{},"geometry":{"type":"MultiPolygon","coordinates":[[[[-7.5,13.1],[-7.5,13.3],[-7.5,13.5],[-7.5,13.1]]]]}},{"type":"Feature","properties":{},"geometry":{"type":"MultiPolygon","coordinates":[[[[71.6,-62.1],[65.1,-62.5],[61.8,-63.4],[59,-64.1],[60,-61.7],[70.8,-60.3],[73.8,-61.1],[71.6,-62.1]]]]}},{"type":"Feature","properties":{},"geometry":{"type":"MultiPolygon","coordinates":[[[[88.7,-69.3],[80,-69.7],[74.4,-68.1],[66.8,-68],[60.4,-66.9],[56.4,-64.3],[55.7,-63.7],[56.6,-63.6],[59,-64.1],[65.1,-66],[72.1,-66.8],[82.3,-67.4],[89.7,-68.2],[88.7,-69.3]]]]}},{"type":"Feature","properties":{},"geometry":{"type":"MultiPolygon","coordinates":[[[[2.5,-29.5],[1.1,-30.3],[0,-30.6],[-0.2,-29.7],[1.3,-28.5],[2.8,-28],[2.6,-28.9],[2.5,-29.5]]]]}},{"type":"Feature","properties":{},"geometry":{"type":"MultiPolygon","coordinates":[[[[-65.7,-46.8],[-68.9,-49.1],[-68.7,-46.5],[-66.8,-45.3],[-64.2,-44.8],[-65.7,-46.8]]]]}},{"type":"Feature","properties":{},"geometry":{"type":"MultiPolygon","coordinates":[[[[32.1,-36.8],[31.9,-36.7],[31.6,-37.1],[30.5,-36.7],[30.2,-35.6],[30.3,-35.2],[30.4,-34.7],[30.7,-34.3],[31.1,-34.6],[32.1,-34.9],[32.4,-35.6],[32.3,-36.2],[32.1,-36.8]]]]}},{"type":"Feature","properties":{},"geometry":{"type":"MultiPolygon","coordinates":[[[[-20.8,-71.6],[-18.9,-74],[-28,-75.5],[-30.9,-74.9],[-33.3,-73.9],[-36.7,-72.9],[-38.6,-72],[-40.9,-70.9],[-38.6,-69.7],[-34.1,-69.7],[-29.8,-70.5],[-26.8,-71.1],[-23.5,-71.8],[-21.6,-71.3],[-20.8,-71.6]]]]}},{"type":"Feature","properties":{},"geometry":{"type":"MultiPolygon","coordinates":[[[[60.2,-46.1],[60.7,-47.5],[59.9,-48.3],[59.2,-48.7],[58.6,-49.4],[57.4,-50.4],[56.2,-51.3],[55.2,-52],[54.4,-52.3],[54.1,-52.2],[56.5,-47.6],[60.2,-46.1]]]]}},{"type":"Feature","properties":{},"geometry":{"type":"MultiPolygon","coordinates":[[[[107.6,-63.5],[106.1,-64.5],[100.7,-67.4],[96.7,-69.3],[96.2,-70],[95.7,-70],[94.9,-70.1],[94.6,-70],[94.7,-69.9],[94.2,-69.9],[93.6,-70.2],[93.2,-70],[93,-70.2],[92.3,-70.2],[91.9,-70],[91.8,-70.3],[91.2,-70.2],[91,-69.8],[90.5,-69.9],[90,-70.3],[89.6,-70.3],[89.7,-69.7],[88.8,-69.8],[88.9,-67.5],[79.9,-67.5],[79.5,-66.4],[75.8,-65.6],[71.6,-62.1],[73.8,-61.1],[75.8,-60.2],[79.9,-62.5],[83.7,-63.7],[91.2,-65.2],[93.9,-65.2],[100.6,-65],[103.1,-64.6],[106.5,-63.3],[107.6,-63.5]]]]}},{"type":"Feature","properties":{},"geometry":{"type":"MultiPolygon","coordinates":[[[[-54.5,-60.3],[-56.1,-61.5],[-58.2,-62.1],[-60.3,-62],[-59.5,-61.8],[-57.3,-60.9],[-54.9,-60.3],[-54.5,-60.3]]]]}},{"type":"Feature","properties":{},"geometry":{"type":"MultiPolygon","coordinates":[[[[14.4,-50.7],[15.3,-54.2],[11.5,-55.6],[6.3,-52.3],[1.7,-47.9],[0.7,-45.6],[5.8,-47.4],[10.1,-48.4],[14.4,-50.7]]]]}},{"type":"Feature","properties":{},"geometry":{"type":"MultiPolygon","coordinates":[[[[44.5,-62.8],[44.3,-62.9],[44.6,-63],[44.9,-63.1],[45.1,-63.4],[43.1,-64],[40.5,-65.7],[37.3,-67],[32.5,-67.6],[31.5,-69.9],[30.1,-71],[24.8,-73],[22.9,-74.4],[22.1,-74.2],[21.7,-72.9],[22.9,-72.4],[23,-71.1],[23.6,-70.8],[24.5,-70.6],[25.5,-70.4],[26.9,-70],[28.8,-69.4],[29.1,-69],[29.4,-68.1],[31.4,-66.3],[33.8,-65.7],[34.5,-65.8],[34.9,-65.7],[35.7,-65.8],[36.2,-65.8],[36.6,-66],[36.4,-65.7],[37.4,-65.6],[37.7,-65.8],[38.5,-65.7],[39.2,-65.2],[39.5,-65.1],[40.1,-64.8],[40.9,-64.6],[41,-64.6],[40.8,-64.3],[40.9,-64],[41.3,-64],[41.6,-64.3],[42.2,-63.9],[43.5,-63.5],[43.1,-63],[44.1,-62.8],[44.5,-62.8]]]]}},{"type":"Feature","properties":{},"geometry":{"type":"MultiPolygon","coordinates":[[[[33.3,-74.1],[32.5,-74.3],[30.9,-74.9],[29.4,-74.9],[24.9,-74.9],[23,-74.4],[23.9,-73.3],[29,-72],[31.6,-70.8],[31.9,-71.7],[33.3,-74.1]]]]}},{"type":"Feature","properties":{},"geometry":{"type":"MultiPolygon","coordinates":[[[[45.8,-65.5],[45.9,-65.7],[45.9,-65.9],[46.2,-66],[45,-66.5],[44.3,-66.5],[44,-67.4],[43,-68],[42.4,-69],[41.6,-67.6],[43.4,-65.9],[44,-66],[45.8,-65.5]]]]}},{"type":"Feature","properties":{},"geometry":{"type":"MultiPolygon","coordinates":[[[[38,-71.7],[37.4,-70.9],[40.5,-70.1],[40.2,-70.5],[38,-71.7]]]]}},{"type":"Feature","properties":{},"geometry":{"type":"MultiPolygon","coordinates":[[[[79.9,-67.5],[69.1,-66.7],[62.8,-65.6],[61,-64],[64.2,-62.6],[69.9,-62.4],[74.8,-64.7],[78.9,-66.2],[80.7,-67.3],[79.9,-67.5]]]]}},{"type":"Feature","properties":{},"geometry":{"type":"MultiPolygon","coordinates":[[[[74.9,-59.6],[64.7,-61.3],[57.9,-60.3],[59.3,-58.6],[60.3,-57.4],[62.6,-58],[66.3,-58.2],[70.8,-57.2],[73,-58.6],[74.9,-59.6]]]]}},{"type":"Feature","properties":{},"geometry":{"type":"MultiPolygon","coordinates":[[[[26.2,-76.7],[28.9,-76.7],[28.6,-77],[31.8,-77.1],[34,-77.3],[35.7,-77.7],[33,-77.7],[26.2,-76.8],[26.2,-76.7]]]]}},{"type":"Feature","properties":{},"geometry":{"type":"MultiPolygon","coordinates":[[[[111.1,-10.1],[111.9,-10.5],[111.8,-10.4],[110.9,-10.8],[110.4,-10.4],[110.6,-10.3],[110.9,-10.1],[111.1,-10.1]]]]}},{"type":"Feature","properties":{},"geometry":{"type":"MultiPolygon","coordinates":[[[[113.6,1.7],[110.2,2.1],[106.3,2],[104.3,-0.4],[103.9,-1.3],[103.2,-5.8],[102.8,-6.1],[102.2,-5],[101.9,-4.5],[101.6,-4],[101.2,-2.8],[101,-0.5],[100.5,1.1],[99.7,2.2],[99.1,2.8],[99.5,2.8],[100.5,2.5],[101.5,2.2],[102.5,2.2],[103.4,2.1],[104.6,2.4],[105.7,2.7],[106.9,3.1],[107.9,3.1],[109.2,3],[112.9,2.1],[113.6,1.7]]]]}},{"type":"Feature","properties":{},"geometry":{"type":"MultiPolygon","coordinates":[[[[110.4,-8.9],[113.8,-3.6],[117.8,-1.6],[120.6,1.1],[121.3,0.8],[120.9,0.4],[120.9,0.2],[121.1,0.4],[121.2,0.3],[121.1,0.1],[121,0.2],[120.9,-0.1],[121.2,-0.2],[120.9,-0.5],[121.2,-0.8],[120.9,-0.8],[120.8,-0.9],[120.4,-1.3],[120.4,-1.5],[120.5,-1.9],[120.3,-2.1],[120.3,-2.2],[120.2,-2.4],[120.2,-2.7],[120,-2.7],[119.7,-2.5],[119.7,-2.8],[120,-2.9],[119.8,-3],[120.1,-3],[119.9,-3.4],[119.7,-3.7],[120,-3.9],[119.8,-4],[119.5,-4.1],[119.8,-4.2],[119.6,-4.3],[119.5,-4.2],[119.3,-4.4],[119.4,-4.6],[119.2,-4.5],[119.3,-4.7],[119.2,-5],[118.9,-5],[118.7,-5],[118.7,-5.2],[118.7,-5.3],[118.6,-5.4],[118.5,-5.7],[118.4,-5.8],[118.3,-5.9],[118.1,-6.1],[117.8,-6.1],[117.8,-6.2],[117.8,-6.4],[117.4,-6.4],[117.5,-6.6],[117.2,-7],[116.9,-7.2],[116.7,-7.2],[116.4,-7.2],[116.2,-7.3],[116.1,-7.4],[116,-7.2],[115.7,-7.5],[115.5,-7.6],[115.6,-7.6],[115.6,-7.8],[115.2,-7.6],[114.9,-7.2],[114.8,-7.2],[114.9,-7.4],[114.9,-7.6],[115,-7.8],[114.8,-8],[114.5,-8.1],[114.5,-8],[114.3,-8.3],[113.8,-8.3],[113.7,-8.5],[113.4,-8.7],[113.3,-8.7],[113,-8.9],[112.6,-8.9],[112.3,-9.2],[112.1,-9.2],[111.9,-9.5],[112.1,-9.7],[111.8,-10.2],[111.6,-9.8],[111.4,-9.6],[111.5,-9.2],[111.5,-9],[111.4,-9],[111.3,-8.8],[111,-9.1],[110.9,-9.1],[110.6,-9],[110.4,-8.9]]]]}},{"type":"Feature","properties":{},"geometry":{"type":"MultiPolygon","coordinates":[[[[109.3,-9.4],[109.3,-9.5],[109,-9.7],[108.8,-9.9],[108.5,-9.7],[108.6,-9.9],[108.5,-10.1],[108.5,-10.3],[107.7,-9.8],[109.3,-9.4]]]]}},{"type":"Feature","properties":{},"geometry":{"type":"MultiPolygon","coordinates":[[[[122.1,-4],[121.6,-3.9],[122.1,-3.9],[122.1,-4]]]]}},{"type":"Feature","properties":{},"geometry":{"type":"MultiPolygon","coordinates":[[[[112.8,-10.6],[112.1,-10.5],[112.3,-10.4],[112.8,-10.6]]]]}},{"type":"Feature","properties":{},"geometry":{"type":"MultiPolygon","coordinates":[[[[120.1,-3.8],[120,-3.9],[120.1,-3.7],[120.1,-3.8]]]]}},{"type":"Feature","properties":{},"geometry":{"type":"MultiPolygon","coordinates":[[[[131,14],[130.3,16.4],[129.5,17.6],[131.2,18.8],[134.5,19],[134.9,17.6],[132.8,14.7],[131,14]]]]}},{"type":"Feature","properties":{},"geometry":{"type":"MultiPolygon","coordinates":[[[[140.2,19.6],[139.3,19],[137,19.6],[134.6,20.1],[129.9,19.9],[132.8,21.3],[134.9,21.1],[136,20.6],[137.1,20.5],[140,19.7],[140.2,19.6]]]]}},{"type":"Feature","properties":{},"geometry":{"type":"MultiPolygon","coordinates":[[[[97.9,33.8],[96,33],[93.5,31.2],[91.8,30.2],[90.5,28.5],[88.8,27.4],[85.7,26.1],[83.8,24.7],[84.3,25.9],[85.2,27.5],[89.4,30.8],[92.7,32.1],[97.9,33.8]]]]}},{"type":"Feature","properties":{},"geometry":{"type":"MultiPolygon","coordinates":[[[[81.5,28.3],[84.2,29.5],[84.7,27.1],[83.9,24.8],[83.3,23.7],[82.7,21.4],[81.5,20.1],[79.7,19.1],[76.6,18.5],[75.8,20.3],[76.8,23.1],[77.6,24.8],[79.2,26.5],[81.3,28],[81.5,28.3]]]]}},{"type":"Feature","properties":{},"geometry":{"type":"MultiPolygon","coordinates":[[[[12.8,52],[12.2,52.7],[14.8,55.2],[13.6,58.9],[10.4,60],[8.3,62.6],[11.8,62.7],[17.2,63.6],[20.9,64.3],[21.5,64.1],[20.5,63.4],[19.2,62.7],[17.2,61.3],[16.8,61.2],[16.4,60.5],[17,60.1],[17.5,60],[20.2,58.6],[20.5,56.2],[15.3,52.3],[14.6,52.3],[14.5,52.7],[13.8,52.5],[12.8,52]]]]}},{"type":"Feature","properties":{},"geometry":{"type":"MultiPolygon","coordinates":[[[[13.1,23.6],[13.4,23.5],[13.6,23.5],[13.7,23.6],[14,23.5],[14.5,23.5],[14.8,23.5],[14.7,23.7],[15.2,23.9],[15.5,24.2],[15.3,23.9],[15.6,24.1],[15.8,24],[15.9,24.1],[16.1,23.8],[16.1,24.4],[16.4,24.5],[16.6,24.7],[18,25],[17.9,25.1],[18.4,25.3],[18.9,25.4],[20,25.1],[19.8,23.5],[18.5,22.7],[18.2,22.7],[17.6,22.5],[17.3,22.3],[17.8,22.3],[18.1,22.2],[18.3,22.1],[19,22.4],[19.2,22.4],[19.5,22.1],[19.9,21.8],[20.2,21.8],[20.4,21.6],[20.6,21.7],[21,21.8],[21.7,22.2],[21.2,22.5],[20.6,22.3],[20.4,22.7],[21.1,22.9],[21.9,23.5],[21.5,23.6],[20.7,23.9],[20.5,25.2],[21.1,25.6],[21.1,25.8],[20.4,26.2],[20.9,26.6],[22.7,27.8],[27,30.8],[28.8,30.2],[31.8,29.2],[36.6,27.4],[39.5,25.9],[44,23.9],[44.9,23.4],[45.1,23.3],[44.9,22.7],[46.2,21.7],[45.3,20.7],[42.7,18.3],[43.2,19],[42.4,19.7],[41.9,19.9],[41.6,19.4],[41.5,19.3],[41.2,19.1],[40.9,18.6],[40.9,18.4],[40.8,17.8],[40.7,17.6],[40.8,17.4],[41,17.2],[40.9,17.1],[40.9,17],[40.8,17],[38.3,14.9],[36.8,13.9],[36.7,10.4],[36.3,9.7],[36.2,10],[36.4,10.1],[36.6,10.4],[36.3,11.1],[36.5,11.3],[35.8,11.4],[35.9,11.8],[36,12.3],[35.8,12.3],[35.5,11.8],[35.2,11],[35,10.6],[34.8,10],[34.7,9.8],[34.6,9.4],[34.7,9.2],[34.9,9.1],[35,9.1],[35.3,9],[34.9,9.2],[34.7,9.5],[35.7,9.5],[36.1,9.7],[35.9,9.2],[35.8,8.7],[35.6,7.8],[35.2,7.8],[34.4,8],[34.2,7.8],[34.2,8.4],[34.3,8.7],[33.9,8.7],[33.4,8.2],[33.2,8.3],[32.8,8.1],[32.9,8.4],[32.7,8.2],[32.5,7.9],[32.6,7.3],[32.2,7.3],[32.6,7],[32.5,6.8],[32.4,6.7],[32.7,6.5],[32.8,6.2],[32.8,5.5],[32.7,5.8],[32.6,5.5],[30.5,4.1],[30.8,4.7],[29.9,5.8],[29.6,6.1],[29.1,6.2],[28.9,6],[28.2,6],[27.9,5.8],[27.6,5.7],[27.1,5.7],[26.6,5.8],[25.8,5.4],[24.6,4.5],[23.9,3.6],[24,2.5],[23.8,2.7],[23.5,2.4],[23.2,2.1],[23.3,3.3],[23.2,4.5],[22.8,5.4],[22.4,5.9],[20.9,7.2],[20.8,8.8],[21,8.9],[21.8,9.3],[21.8,8.8],[21.9,9.4],[21.9,9.7],[22,10.3],[21.1,11.1],[20.8,12.2],[21.7,12.4],[21.7,13.3],[21.2,13.6],[20.7,13.7],[20.5,13.9],[20.5,14.4],[20.8,14.7],[20.8,14.9],[21,15.1],[21.4,15.4],[21.8,16.1],[22.1,16.4],[22.3,16.9],[21.6,16.7],[21.4,16.9],[21.3,16.6],[21,16.4],[20.8,16.2],[20.6,16],[20.6,15.8],[20.6,15.6],[20.4,15.5],[20.2,15.3],[20.2,14.9],[20,14.7],[19.8,14.3],[19.7,14.6],[19.6,14.4],[19.6,14.6],[19.3,14.6],[18.9,14.6],[18.7,14.4],[18.5,14.7],[18.3,15],[18.1,15.2],[17.6,15.7],[17.4,15.8],[17.3,15.9],[17.1,16.2],[16.9,16.6],[17.1,16.6],[17,17],[17.1,17.2],[17,17.4],[17.1,17.6],[17.1,18],[16.9,18.5],[17,18.9],[16.9,19.1],[16.7,19.3],[16.2,19.2],[16,19],[15.8,18.9],[15.4,18.7],[15.7,18.5],[15.6,18.3],[15.5,18.1],[15.4,18],[15.7,17.6],[16,17.5],[16.1,17.1],[16.2,16.5],[16.1,16.1],[15.9,15.7],[16,15.6],[16,15.5],[16,15.4],[16,15.2],[15.7,15.2],[16,14.8],[16,14.6],[16.5,14.1],[16.4,14],[16.5,13.8],[16.6,13.7],[16.7,13.5],[16.9,13.3],[17.3,13.4],[17.8,13.3],[17.8,13.2],[18.2,13.2],[18.1,12.9],[18.1,12.5],[18.2,12.6],[18.3,12.5],[18.2,12.5],[18.3,12.1],[18.1,12.1],[18.2,11.9],[18,11.7],[18.1,11.5],[18.2,11.4],[18.1,11.2],[18.3,11.1],[18.4,10.9],[18.3,10.8],[18.5,10.7],[18.5,10.5],[18.8,10.1],[18.8,10],[19,9.7],[18.9,9.1],[18.5,8.8],[18.5,8.2],[17.3,8.2],[17.4,8.6],[17,8.7],[16.6,9],[16.4,9.3],[16,9.8],[16,9.7],[16,9.4],[15.9,9.8],[15.8,9.7],[15.7,9.8],[15.3,10.3],[15.1,10.2],[14.8,10.5],[14.7,10.8],[14.7,10.5],[14.9,10],[14.9,9.9],[14.7,9.9],[14.6,9.6],[14.5,9.4],[14.5,9.2],[14.4,8.7],[14.3,8.5],[13.9,8.3],[13.8,8.3],[13.7,8.3],[13,8.4],[12.8,8.8],[13.2,8.8],[13,8.8],[13,9],[12.9,9.1],[12.9,9.2],[12.9,9.4],[12.8,9.3],[12.7,9.2],[12.5,9.1],[12.6,9],[12.4,9.3],[12.5,9.4],[12.7,9.7],[12.4,9.5],[12.5,9.9],[12.7,9.9],[12.7,10.4],[12.4,10.1],[12.4,9.7],[12.2,9.6],[12.2,9.8],[12.2,9.7],[12,9.9],[12.1,10.3],[11.8,10.1],[12,10.2],[11.9,10.4],[11.7,10.3],[11.8,10.5],[12.1,10.7],[12.4,10.9],[12.6,10.8],[12.6,11.1],[12.5,11.4],[12.4,11.1],[12.1,11],[12,10.8],[11.6,10.6],[11.5,10.7],[11.5,10.9],[11.4,11],[11.5,11.1],[11.4,11.1],[11.5,11.3],[11.6,11.4],[12,11.6],[11.4,11.3],[11.3,11.4],[11.4,11.5],[11.5,11.6],[11.5,11.7],[11.7,11.8],[11.6,12.1],[11.9,11.8],[11.7,12.1],[11.4,12.1],[11.7,12.2],[11.7,12.3],[11.8,12.4],[12.1,12.6],[11.6,12.4],[11.5,12.6],[11.8,12.7],[11.9,12.9],[12.1,12.8],[12.1,12.9],[12,12.9],[12.2,13.2],[12,13.2],[12.1,13.5],[12.2,13.4],[12.2,13.6],[12.2,13.7],[12.6,13.6],[12.7,13.9],[12.9,14.3],[12.6,14.4],[12.7,14.1],[12.3,13.7],[12.2,13.9],[12.3,14.1],[12.1,14.2],[12.2,14.4],[12.2,14.6],[12.3,14.8],[12.5,14.7],[12.4,15],[12.4,15.2],[12.2,15],[12.3,15.3],[12.2,15.3],[12.5,15.6],[12.5,15.7],[12.3,15.9],[12.2,16],[12.4,15.9],[12.3,16],[12.1,16.2],[12.1,16.4],[12.1,16.5],[12.3,16.7],[12.3,16.8],[12.2,16.9],[11.9,17],[12.1,17.1],[11.9,17.1],[12,17.2],[12,17.3],[11.8,17.4],[11.9,17.6],[12,17.7],[12.2,17.9],[12.3,18.1],[12,18],[12,18.2],[11.9,18.2],[12.2,18.2],[12.2,18.4],[12,18.4],[11.8,18.6],[11.8,18.4],[11.7,18.5],[12,18.7],[11.7,18.7],[11.8,19],[12,18.9],[12.1,18.9],[12,19.1],[11.8,19.1],[12,19.3],[12.3,19.6],[11.9,19.5],[11.7,19.5],[12.1,19.7],[11.9,19.8],[11.8,19.8],[11.8,20.2],[11.9,20.5],[11.8,20.5],[12.1,20.6],[12,20.6],[11.9,20.8],[11.9,21.1],[12,20.9],[12.2,21.1],[12.4,21.1],[12.2,21.3],[12.3,21.4],[12.6,21.5],[12.4,21.8],[12,21.7],[12.2,21.8],[12.3,21.9],[12.5,22.1],[12.7,21.9],[12.5,22.1],[12.5,22.3],[12.5,22.8],[12.4,22.9],[12.5,23.1],[12.5,23.2],[12.8,23.3],[12.9,22.8],[13.2,22.5],[13,23.3],[13.3,23.2],[13.1,23.5],[13.1,23.6]]]]}},{"type":"Feature","properties":{},"geometry":{"type":"MultiPolygon","coordinates":[[[[15.3,8],[15.6,8.7],[15.5,8.2],[15.3,8]]]]}},{"type":"Feature","properties":{},"geometry":{"type":"MultiPolygon","coordinates":[[[[19.4,11.6],[19.5,11.3],[19.7,10.9],[19.6,10.6],[19.4,10.8],[19.3,11.4],[19.4,11.6]]]]}},{"type":"Feature","properties":{},"geometry":{"type":"MultiPolygon","coordinates":[[[[20.4,13.3],[20.7,13.1],[20.7,12.7],[20.6,12.8],[20.3,13],[20.3,13.2],[20.4,13.3]]]]}},{"type":"Feature","properties":{},"geometry":{"type":"MultiPolygon","coordinates":[[[[11.3,19.6],[11.5,19.3],[11.5,19.5],[11.8,19.4],[11.6,19.1],[11.5,18.8],[11.4,19.1],[11.3,19.3],[11.3,19.6]]]]}},{"type":"Feature","properties":{},"geometry":{"type":"MultiPolygon","coordinates":[[[[11.4,20.4],[11.5,20.5],[11.7,20.3],[11.6,20.1],[11.6,20],[11.5,20.1],[11.4,20.2],[11.5,20.3],[11.4,20.4]]]]}},{"type":"Feature","properties":{},"geometry":{"type":"MultiPolygon","coordinates":[[[[20.4,13.5],[20.3,13.3],[20.1,13.6],[20.3,13.7],[20.4,13.5]]]]}},{"type":"Feature","properties":{},"geometry":{"type":"MultiPolygon","coordinates":[[[[11.1,19.4],[11.2,19.1],[11.1,19.1],[11,19.1],[11.2,19.2],[11.1,19.4]]]]}},{"type":"Feature","properties":{},"geometry":{"type":"MultiPolygon","coordinates":[[[[18.4,13.8],[18.5,13.6],[18.4,13.6],[18.3,13.6],[18.4,13.8]]]]}},{"type":"Feature","properties":{},"geometry":{"type":"MultiPolygon","coordinates":[[[[12.2,22.6],[12.1,22.1],[12,22.2],[12,22.3],[12.2,22.5],[12.1,22.7],[12.2,22.6]]]]}},{"type":"Feature","properties":{},"geometry":{"type":"MultiPolygon","coordinates":[[[[11.7,20.8],[11.6,20.6],[11.5,20.7],[11.5,20.9],[11.7,20.8]]]]}},{"type":"Feature","properties":{},"geometry":{"type":"MultiPolygon","coordinates":[[[[12.3,22.5],[12.4,22.2],[12.4,22.3],[12.3,22.5]]]]}},{"type":"Feature","properties":{},"geometry":{"type":"MultiPolygon","coordinates":[[[[19.5,14.7],[19.4,14.3],[19.3,14.4],[19.5,14.7]]]]}},{"type":"Feature","properties":{},"geometry":{"type":"MultiPolygon","coordinates":[[[[11.4,18.9],[11.3,18.6],[11.3,18.9],[11.4,18.9]]]]}},{"type":"Feature","properties":{},"geometry":{"type":"MultiPolygon","coordinates":[[[[12.4,23.4],[12.7,23.5],[12.4,23.3],[12.4,23.4]]]]}},{"type":"Feature","properties":{},"geometry":{"type":"MultiPolygon","coordinates":[[[[11.2,18.6],[11.2,18.5],[11,18.5],[11.2,18.6]]]]}},{"type":"Feature","properties":{},"geometry":{"type":"MultiPolygon","coordinates":[[[[20.3,33.1],[21.3,34],[21.6,34.5],[22.3,34.9],[23.2,34.6],[24.9,32.8],[27,30.8],[22.7,27.8],[20.8,27.6],[20.7,27.9],[20.7,28],[20.8,28.1],[20.6,28.1],[20.6,28.4],[20.6,28.6],[20.4,29],[20.5,29.2],[20.4,29.5],[20.6,29.5],[20.7,29.5],[20.7,29.6],[20.4,29.7],[20.4,29.6],[20.3,30.1],[20.4,30.2],[20.6,30.1],[20.9,30],[20.9,29.9],[20.9,29.8],[21,29.7],[21.1,30.1],[21.2,30.2],[21.3,30.3],[21.1,30.4],[21,30.7],[21,30.9],[21.2,31.1],[21.1,31.5],[21.1,31.6],[21,31.7],[21.2,31.7],[21,32],[21.3,32.1],[21.7,32.2],[21.4,32.3],[21.4,32.7],[20.7,32.6],[20.4,32.6],[20.2,32.9],[20.3,33.1]]]]}},{"type":"Feature","properties":{},"geometry":{"type":"MultiPolygon","coordinates":[[[[19,26.9],[19.4,27.4],[19.5,27.4],[19.7,27.4],[20.2,27.4],[20.6,26.7],[19.6,26.6],[19.1,26.8],[19,26.9]]]]}},{"type":"Feature","properties":{},"geometry":{"type":"MultiPolygon","coordinates":[[[[13.3,23.7],[13,23.6],[13,23.8],[13.3,24],[13.3,23.7]]]]}},{"type":"Feature","properties":{},"geometry":{"type":"MultiPolygon","coordinates":[[[[14.4,24],[13.7,24],[13.9,24.2],[14.3,24.1],[14.4,24]]]]}},{"type":"Feature","properties":{},"geometry":{"type":"MultiPolygon","coordinates":[[[[20.5,28.1],[20.9,28.1],[20.7,28],[20.5,28.1]]]]}},{"type":"Feature","properties":{},"geometry":{"type":"MultiPolygon","coordinates":[[[[19.4,29.1],[19.7,28.8],[19.7,28.4],[18.9,28.7],[19.4,29.1]]]]}},{"type":"Feature","properties":{},"geometry":{"type":"MultiPolygon","coordinates":[[[[19.3,32.4],[20.2,32.5],[19.9,32.2],[19.6,32.3],[19.3,32.4]]]]}},{"type":"Feature","properties":{},"geometry":{"type":"MultiPolygon","coordinates":[[[[-65.9,-63.8],[-67.8,-63.8],[-69.2,-64.4],[-69.6,-65.3],[-70.3,-66.6],[-71.3,-67.7],[-73.3,-69.2],[-74.7,-69.3],[-74.7,-68.2],[-73,-66.4],[-72.4,-65.4],[-72.5,-64.7],[-72.5,-64.2],[-72.5,-63.2],[-71.5,-63],[-70.8,-62.7],[-70.9,-62.3],[-68.2,-62.2],[-68,-62.2],[-67.1,-62.7],[-62.2,-62.1],[-63.1,-63],[-64,-63.6],[-64.9,-63.5],[-65.9,-63.8]]]]}},{"type":"Feature","properties":{},"geometry":{"type":"MultiPolygon","coordinates":[[[[12.1,-56.2],[15.2,-58.6],[14.4,-59.2],[11.6,-59.5],[9.1,-60],[8.6,-59.9],[7.9,-59.6],[8.4,-59.4],[7.4,-58.8],[7.2,-58.7],[6,-59],[4.3,-58.5],[3.3,-58],[3.2,-56],[3.5,-54.2],[1.6,-52.6],[0.4,-51.3],[7.8,-52.9],[12.1,-56.2]]]]}},{"type":"Feature","properties":{},"geometry":{"type":"MultiPolygon","coordinates":[[[[16.5,-62.3],[16.3,-62.2],[15.8,-62.1],[15.8,-62],[15.5,-61.9],[15,-61.9],[14.1,-61.8],[14,-61.7],[13.5,-61.7],[13.2,-61.6],[12.5,-61.6],[11.3,-62.1],[11.4,-62.3],[9.3,-63.3],[9.2,-63.6],[9.5,-63.7],[10.1,-63.8],[10.7,-63.6],[11.2,-63.9],[11.2,-64.3],[10.6,-64.5],[11.3,-64.2],[12.5,-64.5],[13.7,-64.2],[12.7,-63.9],[13.4,-63.9],[13.8,-63.9],[14.2,-63.7],[14.7,-63.7],[15.6,-63.5],[15.8,-63.2],[16.8,-63.1],[17.8,-65.9],[12.6,-67.8],[10.2,-69.5],[4.9,-69.5],[2.6,-68.8],[2.3,-66.5],[3.7,-64.7],[8.8,-63.3],[9.8,-62.5],[11.1,-61.6],[9.9,-60.7],[11.6,-59.5],[11.4,-59.9],[13.8,-59.6],[15.9,-59.1],[16.5,-62.3]]]]}},{"type":"Feature","properties":{},"geometry":{"type":"MultiPolygon","coordinates":[[[[3,-70],[2.4,-70.5],[1.1,-71.3],[1.1,-70.8],[0.6,-69.4],[0.3,-66.3],[0.4,-65.5],[0.9,-65],[3,-70]]]]}},{"type":"Feature","properties":{},"geometry":{"type":"MultiPolygon","coordinates":[[[[28,-34.9],[27.8,-38.7],[22.5,-37.8],[17.1,-39.9],[12.9,-40.8],[12.5,-38.2],[17.4,-33.8],[22.3,-33.4],[28,-34.9]]]]}},{"type":"Feature","properties":{},"geometry":{"type":"MultiPolygon","coordinates":[[[[46.4,-61.2],[45.4,-57.7],[47.5,-54.4],[50.4,-54.1],[52.1,-53.8],[51.9,-54.7],[52,-55.1],[51.6,-55.4],[50.9,-56.8],[48.8,-59],[46.4,-61.2]]]]}},{"type":"Feature","properties":{},"geometry":{"type":"MultiPolygon","coordinates":[[[[9.7,-48.5],[5.3,-47.6],[0.2,-45.9],[4.7,-46.8],[9.7,-48.5]]]]}},{"type":"Feature","properties":{},"geometry":{"type":"MultiPolygon","coordinates":[[[[14.4,-50.7],[10.1,-48.4],[13.8,-49.6],[14.4,-50.7]]]]}},{"type":"Feature","properties":{},"geometry":{"type":"MultiPolygon","coordinates":[[[[-13.7,-15.6],[-13,-13.9],[-11.3,-13.5],[-7.6,-14.8],[-3.1,-17.6],[-1,-20.1],[-1.6,-21.4],[-3.6,-19.5],[-8.5,-18.3],[-12.9,-16.9],[-13.7,-15.6]]]]}},{"type":"Feature","properties":{},"geometry":{"type":"MultiPolygon","coordinates":[[[[-2.4,-40],[-6.8,-40.2],[-12.3,-39.4],[-12.5,-38.5],[-13.1,-38.2],[-15.3,-36.8],[-15.9,-36.6],[-16.2,-35.8],[-15.4,-35.8],[-13.7,-34.9],[-9.3,-34],[-7.7,-35.2],[-5.9,-36],[-4,-36.3],[-2.9,-37.4],[-2.6,-39.4],[-2.4,-40]]]]}},{"type":"Feature","properties":{},"geometry":{"type":"MultiPolygon","coordinates":[[[[-36.3,-37.5],[-37.1,-41.3],[-41.7,-40.9],[-44.3,-38.9],[-45.4,-34.8],[-47.4,-29.4],[-47.3,-24.1],[-47.4,-20.9],[-44.9,-18.8],[-42,-19.9],[-42.1,-23.3],[-41.5,-28.5],[-40.2,-30.4],[-39.7,-32.1],[-38.6,-32.2],[-40.9,-31.7],[-39.9,-34.3],[-36.6,-36.7],[-36.3,-37.5]]]]}},{"type":"Feature","properties":{},"geometry":{"type":"MultiPolygon","coordinates":[[[[-25.8,-36.2],[-28,-37.7],[-30,-39.6],[-34.2,-39],[-32.8,-36.6],[-35.5,-33.1],[-36.6,-28.5],[-35.3,-25.8],[-32.6,-25.1],[-30.1,-27.6],[-29,-31.8],[-26.6,-35.9],[-25.8,-36.2]]]]}},{"type":"Feature","properties":{},"geometry":{"type":"MultiPolygon","coordinates":[[[[-37.1,-41.3],[-36.3,-37.5],[-34.5,-38.6],[-32.8,-39.6],[-31.1,-40.8],[-33.2,-42],[-37.1,-41.3]]]]}},{"type":"Feature","properties":{},"geometry":{"type":"MultiPolygon","coordinates":[[[[-20,-35.7],[-21.1,-33.2],[-21,-33.4],[-20.7,-33.2],[-20.6,-33.4],[-20.5,-33.6],[-20.4,-33.8],[-20.4,-33.9],[-20.3,-34],[-20,-34],[-20.2,-34.3],[-19.9,-34.4],[-19.8,-34.2],[-19.7,-34.4],[-19.6,-34.4],[-19.4,-34.6],[-19.3,-34.6],[-19.3,-34.7],[-19.4,-34.9],[-19.7,-35.1],[-19.7,-35.2],[-19.3,-35.2],[-19.5,-35.3],[-19.8,-35.5],[-20,-35.7]]]]}},{"type":"Feature","properties":{},"geometry":{"type":"MultiPolygon","coordinates":[[[[-17.5,-36.2],[-19.7,-35.9],[-19.5,-35.8],[-19.2,-35.8],[-19,-35.6],[-18.6,-35.7],[-18.3,-35.8],[-18.3,-35.6],[-17.6,-36.1],[-17.5,-36.2]]]]}},{"type":"Feature","properties":{},"geometry":{"type":"MultiPolygon","coordinates":[[[[-19,-35.5],[-19.4,-35.6],[-19.4,-35.5],[-19,-35.5]]]]}},{"type":"Feature","properties":{},"geometry":{"type":"MultiPolygon","coordinates":[[[[-18.9,-43.2],[-22.5,-44.2],[-27.6,-47.6],[-32,-47.6],[-31.5,-44.6],[-28.7,-42.1],[-25,-42.2],[-20.8,-41.9],[-18.9,-43.2]]]]}},{"type":"Feature","properties":{},"geometry":{"type":"MultiPolygon","coordinates":[[[[-30.6,-18],[-32.5,-17.6],[-34.9,-17.2],[-36.7,-16.9],[-38.8,-17.8],[-40.7,-18.2],[-41.6,-19.2],[-44.9,-18.8],[-47.4,-20.9],[-47.3,-24.1],[-47.4,-29.4],[-45.4,-34.8],[-44.3,-38.9],[-43.8,-42.4],[-47.8,-41.9],[-50.3,-37.9],[-51.1,-35.4],[-51.9,-32],[-53.3,-29.7],[-54,-27.5],[-53.5,-24.4],[-52.9,-21.6],[-51.6,-17.8],[-48.7,-15.7],[-45.8,-15],[-43.1,-14.9],[-42.3,-13.8],[-39.3,-13.2],[-38.9,-13],[-38.6,-13],[-38.2,-13],[-37.8,-13.1],[-37.5,-13.1],[-37.1,-13.1],[-36.7,-13.1],[-36.5,-13.1],[-36.1,-13.3],[-34.5,-14.1],[-33.8,-15],[-33.3,-15.1],[-32.8,-15.1],[-32.9,-15.1],[-32.2,-15.3],[-30.7,-16],[-31.6,-15.7],[-31.6,-16.2],[-31.5,-16.6],[-31.1,-16.8],[-30.6,-17.3],[-30.4,-17.7],[-30.7,-17.9],[-30.6,-18]]]]}},{"type":"Feature","properties":{},"geometry":{"type":"MultiPolygon","coordinates":[[[[-29.9,-16.5],[-30.2,-16.9],[-30.5,-16.6],[-29.9,-16.4],[-29.9,-16.5]]]]}},{"type":"Feature","properties":{},"geometry":{"type":"MultiPolygon","coordinates":[[[[-58.6,-57],[-58.7,-56.7],[-56,-54.2],[-56,-51.9],[-54.8,-52.2],[-54.4,-53.7],[-53.9,-54.2],[-53.3,-55.7],[-58.6,-57]]]]}},{"type":"Feature","properties":{},"geometry":{"type":"MultiPolygon","coordinates":[[[[-2.4,1.9],[-3.8,1.7],[-4.5,1.8],[-3,2.8],[-3,2.7],[-2.7,2.7],[-2.8,2.5],[-2.5,2.3],[-2.2,2.5],[-2.1,2.3],[-1.9,2],[-2.3,2],[-2.4,1.9]]]]}},{"type":"Feature","properties":{},"geometry":{"type":"MultiPolygon","coordinates":[[[[-3,2.9],[-4.5,3.2],[-4.6,4.6],[-4.6,6.4],[-4.6,7.4],[-4.6,8.5],[-4.3,8.4],[-4.4,8.4],[-4.4,8.2],[-4.3,8.2],[-4.3,8.1],[-4.3,7.9],[-4.4,7.7],[-4.4,7.6],[-4.2,7.4],[-4.1,7.3],[-4.4,7.2],[-4.2,7.1],[-4.1,7],[-4,6.9],[-4.2,6.6],[-4.5,6.4],[-4,6.5],[-4,6.3],[-4.2,6.2],[-4.3,6.1],[-3.9,6.2],[-4.1,6],[-3.9,5.9],[-3.8,5.7],[-3.8,5.6],[-4.1,5.4],[-3.8,5.2],[-3.7,5.2],[-3.6,4.8],[-4,4.7],[-3.9,4.6],[-3.9,4.5],[-4.1,4.4],[-4.2,4.3],[-4,4.2],[-3.9,4],[-3.9,3.9],[-3.8,3.8],[-3.6,3.4],[-3.4,3.4],[-3.4,3.3],[-3.6,3],[-3.3,3.1],[-3.1,3.1],[-3,2.9]]]]}},{"type":"Feature","properties":{},"geometry":{"type":"MultiPolygon","coordinates":[[[[-15.5,-7.8],[-15.8,-7.8],[-16.4,-7.9],[-16.6,-8],[-16.7,-8.3],[-17.6,-8.4],[-18,-8.4],[-18.7,-8.7],[-18.3,-8.5],[-18.5,-8.5],[-18.7,-8.6],[-18.8,-8.6],[-18.9,-8.7],[-19,-8.7],[-19.3,-8.9],[-19.7,-9],[-20.6,-9.4],[-22.8,-10],[-25.1,-10.8],[-27,-11],[-29.1,-10.9],[-27.7,-9.7],[-25.2,-8.7],[-21.6,-7.5],[-18.9,-6.7],[-16,-6.6],[-14.7,-6.4],[-15.5,-7.8]]]]}},{"type":"Feature","properties":{},"geometry":{"type":"MultiPolygon","coordinates":[[[[-15.7,-8.2],[-16.6,-8.1],[-16.3,-8],[-16.1,-8],[-15.6,-8.1],[-15.7,-8.2]]]]}},{"type":"Feature","properties":{},"geometry":{"type":"MultiPolygon","coordinates":[[[[-31.9,-10.1],[-34.3,-8.8],[-32.7,-11],[-32.9,-11],[-33.6,-10.7],[-33,-11],[-33.2,-11.2],[-33,-11.3],[-32.9,-11.5],[-33.1,-11.4],[-33.2,-11.4],[-33.3,-11.5],[-33.4,-11.7],[-33.2,-12.1],[-33.3,-12.2],[-33.4,-12],[-33.5,-11.8],[-33.6,-11.5],[-33.7,-11.2],[-34,-11.6],[-34.1,-11.4],[-34.3,-11.4],[-34.6,-11.1],[-34.6,-10.7],[-34.7,-10.6],[-34.8,-10.3],[-35,-10.1],[-35.3,-10.2],[-36.2,-9.1],[-36.3,-9.1],[-36.8,-9],[-37,-8.7],[-37.2,-8.7],[-37.2,-8.9],[-37.6,-9.1],[-38.4,-9],[-38.6,-8.8],[-38.7,-8.7],[-38.7,-8.6],[-38.8,-8.6],[-39.1,-8.8],[-39.1,-8.7],[-39.4,-8.8],[-39.5,-8.6],[-39.7,-8.8],[-39.9,-8.7],[-40,-8.9],[-40.2,-9],[-40.4,-9],[-40.5,-9],[-40.6,-9.3],[-40.7,-9.7],[-40.8,-9.9],[-41,-10.3],[-41.8,-10.8],[-41.5,-10.5],[-41.7,-10.4],[-41.9,-10.6],[-42,-10.9],[-42.4,-11],[-42.5,-10.9],[-43.5,-8.4],[-45.2,-7.2],[-45,-5.7],[-43.8,-4],[-43.1,-4.2],[-42.5,-4],[-42,-3.8],[-41.4,-4.6],[-41.2,-4.7],[-40.9,-5.3],[-40.8,-5.8],[-40.1,-6.4],[-39.6,-6.9],[-39.3,-7.2],[-38.6,-7.5],[-36.9,-6.3],[-34.8,-4.9],[-33.1,-5.3],[-32.1,-9.5],[-31.9,-10.1]]]]}},{"type":"Feature","properties":{},"geometry":{"type":"MultiPolygon","coordinates":[[[[-5.1,7.7],[-5.3,7.5],[-5.2,7.5],[-5.1,7.7]]]]}},{"type":"Feature","properties":{},"geometry":{"type":"MultiPolygon","coordinates":[[[[-5.2,7.3],[-5.1,6.3],[-5.1,4.4],[-5.1,2.1],[-5.4,1.5],[-6.6,2.2],[-6.6,2.4],[-6.1,2.5],[-5.5,2.2],[-5.4,2.2],[-5.3,2.4],[-5.6,2.4],[-5.9,2.9],[-6,2.7],[-6,2.6],[-6.3,2.6],[-6.3,3.2],[-6.2,2.5],[-6.6,2.6],[-6.9,3.2],[-6.7,3.9],[-7.1,5.5],[-7.1,7.3],[-7.1,7.9],[-6.7,7.6],[-6.9,7],[-6.8,6.9],[-6.4,7],[-6.1,7.1],[-5.7,7.4],[-5.7,6.9],[-5.5,7.3],[-5.5,7.4],[-5.2,7.3]]]]}},{"type":"Feature","properties":{},"geometry":{"type":"MultiPolygon","coordinates":[[[[-6.6,2.3],[-6.7,2.7],[-6.7,2.5],[-6.6,2.3]]]]}},{"type":"Feature","properties":{},"geometry":{"type":"MultiPolygon","coordinates":[[[[-5.9,12.1],[-6.1,12.2],[-6,11.5],[-5.8,11.4],[-5.8,11.2],[-5.7,11],[-5.7,10.8],[-6,10.4],[-6.2,10.6],[-6.5,10.9],[-6.6,11],[-6.8,11.2],[-6.8,11.3],[-6.9,11.6],[-6.9,11.8],[-7.3,12],[-7.2,12.1],[-7.3,12.2],[-7.4,12.2],[-7.5,12.5],[-7.5,12.6],[-7.2,12.6],[-7.2,12.8],[-7.3,12.9],[-7.5,12.9],[-6.5,13.2],[-5.9,12.1]]]]}},{"type":"Feature","properties":{},"geometry":{"type":"MultiPolygon","coordinates":[[[[2.8,-41.4],[2.8,-41.3],[4.8,-38.9],[6.2,-36.3],[8.8,-37.9],[10.5,-41.2],[6.2,-42.8],[2.6,-42.7],[2.8,-41.4]]]]}},{"type":"Feature","properties":{},"geometry":{"type":"MultiPolygon","coordinates":[[[[-23.2,-30.3],[-23.3,-28.5],[-23.2,-27.4],[-22.3,-24.1],[-20.9,-23.7],[-18.8,-26.1],[-19.4,-29.2],[-22.5,-30.3],[-23.2,-30.3]]]]}},{"type":"Feature","properties":{},"geometry":{"type":"MultiPolygon","coordinates":[[[[-35.1,-23.5],[-37.6,-20.8],[-35.1,-19.8],[-31.7,-22.3],[-32.7,-23.9],[-35.1,-23.5]]]]}},{"type":"Feature","properties":{},"geometry":{"type":"MultiPolygon","coordinates":[[[[18.1,-57.5],[13.9,-57.5],[12.6,-55.8],[16.6,-54.2],[18.1,-57.5]]]]}},{"type":"Feature","properties":{},"geometry":{"type":"MultiPolygon","coordinates":[[[[-2.9,-49.6],[-4.9,-48.9],[-4.5,-48.4],[-5.6,-48.4],[-6,-48.3],[-7.3,-48.1],[-8.3,-47.7],[-8.3,-47.3],[-9.6,-45.2],[-9,-43.7],[-8.4,-44.4],[-8.1,-45],[-7.4,-45.9],[-6.7,-47],[-5.5,-47.8],[-5,-48],[-4,-47.8],[-2.9,-49.6]]]]}},{"type":"Feature","properties":{},"geometry":{"type":"MultiPolygon","coordinates":[[[[4.1,-29.5],[3,-30.3],[3.3,-29.7],[3.7,-29.1],[4.6,-28.3],[5.3,-27.9],[5,-28.5],[4.7,-29.1],[4.1,-29.5]]]]}},{"type":"Feature","properties":{},"geometry":{"type":"MultiPolygon","coordinates":[[[[11.9,-70.2],[6.9,-70],[10.2,-69.5],[12.6,-67.8],[17.8,-65.9],[13.8,-68.3],[13.2,-69.6],[11.9,-70.2]]]]}},{"type":"Feature","properties":{},"geometry":{"type":"MultiPolygon","coordinates":[[[[-43.2,-0.5],[-45.4,0.1],[-46.5,1],[-47,3.1],[-46.9,3.8],[-46.5,3.9],[-45.6,4.4],[-44.7,3.7],[-44.7,2.5],[-44.4,1.5],[-43.3,0.2],[-43.2,-0.5]]]]}},{"type":"Feature","properties":{},"geometry":{"type":"MultiPolygon","coordinates":[[[[8.6,-63.2],[6.9,-63.5],[4.1,-63.6],[3.9,-62.7],[6.9,-61],[11.1,-61.3],[10.7,-62.4],[8.6,-63.2]]]]}},{"type":"Feature","properties":{},"geometry":{"type":"MultiPolygon","coordinates":[[[[-34.7,-44.2],[-33.1,-43.4],[-33,-44.1],[-34.9,-44.7],[-34.7,-44.2]]]]}},{"type":"Feature","properties":{},"geometry":{"type":"MultiPolygon","coordinates":[[[[-43.8,-4],[-44.9,-3.1],[-45.4,-1.1],[-46.1,0.1],[-44,-0.2],[-43,-1.1],[-42.9,-2.7],[-43.8,-4]]]]}},{"type":"Feature","properties":{},"geometry":{"type":"MultiPolygon","coordinates":[[[[28.4,-34.7],[24.1,-33.6],[18.5,-33.5],[18.2,-31.6],[20.9,-31.5],[25.7,-33.6],[28.4,-34.7]]]]}},{"type":"Feature","properties":{},"geometry":{"type":"MultiPolygon","coordinates":[[[[23.9,0.4],[24.7,0.3],[25.8,0.4],[26.3,0.5],[26.6,0.5],[26.4,0.2],[25.8,-0.3],[25.3,-0.7],[25.2,-0.9],[24.9,-1.1],[24.6,-1.5],[24.3,-1.7],[24.2,-1.9],[24,-2.2],[23.9,-2.3],[23.9,-2.7],[23.7,-3.3],[23.3,-3.7],[22.1,-3.9],[19.7,-2.9],[21.7,-1.7],[23.6,0.2],[23.9,0.4]]]]}},{"type":"Feature","properties":{},"geometry":{"type":"MultiPolygon","coordinates":[[[[17.8,-2.1],[20.4,-3.2],[19.8,-4.4],[19.5,-4.7],[18.5,-5.2],[17.8,-5.3],[15.6,-5.4],[14.8,-5.6],[14.9,-5.5],[15.1,-5.3],[15,-5.2],[14.7,-5],[15.3,-4.8],[15.5,-4.6],[15.9,-4.7],[16.2,-4.6],[16.3,-4.4],[16.5,-4.2],[16.2,-3.4],[16.6,-3.5],[17.5,-3],[17.4,-2.7],[17.7,-2.5],[17.8,-2.1]]]]}},{"type":"Feature","properties":{},"geometry":{"type":"MultiPolygon","coordinates":[[[[23.2,-3.7],[22.9,-4.6],[23.2,-5.4],[23.3,-5.5],[23.8,-5.6],[24.4,-5.8],[24.2,-6.3],[23.3,-7.2],[22.9,-7.2],[22.8,-7.2],[22.7,-7.3],[22,-7.8],[21.9,-8.3],[21.8,-8.2],[21.7,-8.4],[21.6,-8.5],[21.4,-8.6],[21.2,-8.7],[20.9,-8.7],[20.6,-8.7],[20.3,-8.8],[20.1,-8.8],[20,-8.9],[19.7,-9],[19.5,-9.1],[19.1,-9],[18.8,-9],[18.6,-9.1],[18.3,-8],[18.7,-7.4],[17.9,-6.9],[17.9,-6.7],[17.7,-6.4],[16.7,-5.9],[16.5,-5.8],[16.5,-5.6],[16.1,-5.7],[16.1,-5.6],[15.9,-5.7],[15.9,-5.6],[15.7,-5.6],[15.4,-5.6],[15.1,-5.8],[15.9,-5.4],[17.9,-5.3],[18.8,-5.1],[19.6,-4.6],[19.9,-4.3],[22.1,-3.9],[23.2,-3.7]]]]}},{"type":"Feature","properties":{},"geometry":{"type":"MultiPolygon","coordinates":[[[[13,-10.5],[13.1,-10.6],[13.2,-10.8],[13.2,-11.2],[13.4,-11.4],[13.5,-11.7],[13.7,-11.9],[13.8,-12],[13.9,-12.2],[14.1,-12.6],[14.1,-12.8],[14.3,-12.9],[14.4,-13.1],[14.5,-13.2],[14.7,-13.3],[14.7,-13.5],[14.5,-14],[13.9,-14.2],[12,-13.5],[11.9,-13.6],[10.4,-13.8],[9.4,-14.4],[9.1,-14.1],[8.9,-14],[8.6,-14],[8.2,-13.8],[8,-13.7],[7.9,-13.5],[7.5,-13.3],[7.1,-13.1],[6.8,-13],[6.6,-12.8],[6.4,-12.6],[6.2,-12.4],[6,-12.4],[5.8,-12.3],[5.7,-12.2],[5.5,-12.2],[5.2,-12.1],[5,-12],[5.2,-11.7],[5.4,-11.3],[5.4,-10.9],[5.2,-10.6],[4.8,-10.4],[5.2,-9.2],[5.6,-9],[5.7,-9],[5.6,-8.6],[5.8,-8.8],[6,-8.6],[6.1,-8.2],[7.1,-8.1],[8,-7.7],[9,-7],[9,-6.7],[9,-6.6],[9.3,-6.4],[9.4,-6.2],[9.8,-6.3],[10,-6.6],[10.2,-6.6],[10.4,-6.7],[10.6,-7.1],[11,-7.7],[11.4,-8.2],[12,-9.2],[12.1,-9.4],[12.2,-9.8],[12.5,-9.9],[13,-10.5]]]]}},{"type":"Feature","properties":{},"geometry":{"type":"MultiPolygon","coordinates":[[[[5,-12],[5.2,-12.1],[5.5,-12.2],[5.7,-12.2],[5.8,-12.3],[6,-12.4],[6.2,-12.4],[6.4,-12.6],[6.6,-12.8],[6.8,-13],[7.1,-13.1],[7.5,-13.3],[7.9,-13.5],[8,-13.7],[8.2,-13.8],[8.6,-14],[8.9,-14],[9.1,-14.1],[9.4,-14.4],[8.8,-14.5],[8.3,-14.3],[7.3,-14.1],[6.6,-13.5],[5.6,-12.5],[5,-12.5],[5,-12]]]]}},{"type":"Feature","properties":{},"geometry":{"type":"MultiPolygon","coordinates":[[[[-43.5,-77.7],[-64,-77.1],[-64.3,-76.9],[-64.2,-76.8],[-65.6,-76.3],[-62.4,-76.2],[-61,-76],[-56.5,-76.1],[-55.2,-75.9],[-55.6,-75.2],[-54.7,-75.7],[-53,-75.3],[-52.5,-75.9],[-51.8,-76.2],[-50.2,-75.9],[-48,-75.8],[-49.2,-76.3],[-46.4,-76.7],[-45.3,-76.9],[-43.7,-77.3],[-43.5,-77.7]]]]}},{"type":"Feature","properties":{},"geometry":{"type":"MultiPolygon","coordinates":[[[[-43.4,-76.5],[-44.7,-76.8],[-44.5,-76.3],[-43.4,-76.5]]]]}},{"type":"Feature","properties":{},"geometry":{"type":"MultiPolygon","coordinates":[[[[22.9,-80.1],[22.6,-80.1],[22.2,-80],[22.9,-80.1]]]]}},{"type":"Feature","properties":{},"geometry":{"type":"MultiPolygon","coordinates":[[[[16.8,-79],[16.6,-79.1],[16.6,-79.3],[15.8,-79.4],[15.2,-79.6],[16.8,-79]]]]}},{"type":"Feature","properties":{},"geometry":{"type":"MultiPolygon","coordinates":[[[[11.2,-80.4],[3.4,-83],[-8.6,-81.9],[-13.2,-80.9],[-15.1,-79.9],[-12.7,-79.5],[-11.1,-79.5],[-10.2,-80.1],[-5.6,-80],[-6.5,-80.2],[-2.2,-80.2],[2,-80.8],[5.3,-80.7],[11.2,-80.4]]]]}},{"type":"Feature","properties":{},"geometry":{"type":"MultiPolygon","coordinates":[[[[-17.9,-78.9],[-38.4,-79.9],[-56.1,-80.8],[-40.6,-77.4],[-31.1,-77.9],[-30.5,-77.9],[-29.1,-77.7],[-27.6,-78],[-26.2,-77.9],[-22.6,-78.6],[-20.7,-78.6],[-17.9,-78.9]]]]}},{"type":"Feature","properties":{},"geometry":{"type":"MultiPolygon","coordinates":[[[[-56.1,-80.8],[-70.2,-77.7],[-66.3,-77.1],[-64.3,-76.9],[-64,-77.1],[-43.5,-77.7],[-50.5,-79.8],[-56.1,-80.8]]]]}},{"type":"Feature","properties":{},"geometry":{"type":"MultiPolygon","coordinates":[[[[-7.5,10.7],[-7.5,10.4],[-7.2,10.2],[-7.1,9.4],[-7.4,9.1],[-7.5,8.4],[-7.9,7.4],[-7.7,6.6],[-7.8,5.7],[-7.5,4.4],[-7.4,3.5],[-7.6,2.4],[-7.8,2],[-8.4,1.8],[-8.9,1.8],[-9.6,1.7],[-10.5,1.6],[-11,1.6],[-11.7,1.2],[-12,-0.3],[-12.6,-0.8],[-12.9,-1.7],[-13.4,-2.7],[-13.9,-2.7],[-13.9,-2.3],[-14,-1.8],[-14.4,-1.9],[-14.5,-1.4],[-15,-1.2],[-15.1,-1],[-16.2,-1.4],[-16.5,-1.3],[-16.5,-1.5],[-16.7,-1.1],[-17.5,-1.4],[-17.9,-1.5],[-18.1,-1.6],[-18.4,-1.5],[-18.8,-1.6],[-18.8,-1.1],[-19,-1],[-19.1,-0.9],[-19.2,-0.9],[-19.2,-0.8],[-19.2,-0.7],[-20.5,0.3],[-20.5,0.5],[-20.6,1],[-20.5,1.2],[-20.6,2.2],[-21.1,3.5],[-21.6,3.9],[-21.7,3.8],[-22,3.8],[-22.3,3.7],[-22.8,3.7],[-23.8,4.3],[-24.4,4.3],[-25,3.8],[-25.7,3.4],[-26.8,2.9],[-27.2,2.7],[-27.4,2],[-28.8,2.3],[-30.8,2.5],[-31,3.6],[-31.2,5.9],[-30.5,6.8],[-29.7,8],[-28.4,9.2],[-27.6,10],[-26.3,11.4],[-25.3,11.9],[-25.3,11.6],[-25.3,11.4],[-25.6,11],[-25.6,10.7],[-25.6,10.9],[-24.9,11.5],[-25.1,12],[-23.8,12.3],[-23.2,12.6],[-22.7,12.8],[-21.9,13.1],[-21.4,12.9],[-20.8,12.7],[-19.3,11.3],[-17.5,10.7],[-17.3,9.7],[-16.5,8.4],[-15.8,7.9],[-15.4,7.5],[-15.8,6.6],[-16.3,5.5],[-16.2,4.6],[-16,3.5],[-15.6,3.2],[-15.3,3.5],[-15.2,2.9],[-15,3.3],[-14.8,3.6],[-14.5,3.9],[-14.5,4.1],[-14.4,4.3],[-14.4,4.5],[-14.2,5],[-14.2,5.2],[-14.1,5.4],[-14,5.6],[-14.2,5.9],[-14.1,6.1],[-12.9,6.3],[-11.9,6.8],[-11.3,8.2],[-11.5,8.8],[-11.7,9.5],[-11.7,9.6],[-11.5,9.7],[-11.2,9.9],[-11,10],[-10.9,10.1],[-10.6,10.3],[-10.6,10.6],[-10.5,11.1],[-10.4,11.1],[-9.3,11.3],[-8,11.2],[-7.8,10.7],[-7.5,10.7]]]]}},{"type":"Feature","properties":{},"geometry":{"type":"MultiPolygon","coordinates":[[[[-22.1,1.4],[-22.1,0.8],[-22.1,0.7],[-22.3,0.7],[-22.5,1],[-23.3,1.4],[-24.6,2.4],[-25.2,2.8],[-25.1,3],[-24.5,2.9],[-23.1,2.4],[-22.6,2.3],[-22.4,1.9],[-22.1,1.4]]]]}},{"type":"Feature","properties":{},"geometry":{"type":"MultiPolygon","coordinates":[[[[-12.9,7.6],[-13,7.6],[-13.1,7.5],[-13.3,7.5],[-13.6,7.4],[-13.3,7.6],[-12.9,7.6]]]]}},{"type":"Feature","properties":{},"geometry":{"type":"MultiPolygon","coordinates":[[[[-17.5,25.8],[-20.9,23.1],[-22.3,22.6],[-23.1,23.3],[-23.1,24.1],[-23.2,24.4],[-22.7,25],[-21.4,25.9],[-20.1,26.4],[-18.7,27.1],[-18.7,27.9],[-19.8,30.9],[-18.9,31.8],[-18.3,32.2],[-18.1,32.1],[-18,32.2],[-18.7,31.3],[-18.7,30.9],[-18.6,30.9],[-18.3,31],[-18.2,31.1],[-18,31.1],[-17.8,31],[-17.7,30.9],[-18.2,30.8],[-18.5,30.5],[-18.3,30.3],[-17.8,29.2],[-17.6,28.1],[-17.4,27.9],[-17.4,27],[-17.8,27.1],[-18.3,27.2],[-17.6,25.9],[-17.5,25.8]]]]}},{"type":"Feature","properties":{},"geometry":{"type":"MultiPolygon","coordinates":[[[[-19.3,32.8],[-20.4,33.5],[-21.1,34.5],[-20.8,34.8],[-20.7,34.4],[-20.7,34.2],[-20.6,34.2],[-20.3,34.4],[-20.2,34.3],[-20.2,34.2],[-19.9,34.1],[-19.6,33.9],[-19.7,33.8],[-19.9,33.7],[-19.7,33.5],[-19.4,33.4],[-18.9,33.1],[-18.7,32.9],[-18.6,32.8],[-18.6,32.7],[-19,32.8],[-19.3,32.8]]]]}},{"type":"Feature","properties":{},"geometry":{"type":"MultiPolygon","coordinates":[[[[-21.4,22.3],[-21.9,22.6],[-21.6,22.5],[-21.4,22.3]]]]}},{"type":"Feature","properties":{},"geometry":{"type":"MultiPolygon","coordinates":[[[[-23.9,23.6],[-23.4,24.2],[-23.5,23.7],[-23.9,23.6]]]]}},{"type":"Feature","properties":{},"geometry":{"type":"MultiPolygon","coordinates":[[[[-21.6,22],[-22.7,22.3],[-22.1,22.4],[-21.6,22]]]]}},{"type":"Feature","properties":{},"geometry":{"type":"MultiPolygon","coordinates":[[[[-24.2,22.6],[-24.9,23.4],[-24.2,22.7],[-24.2,22.6]]]]}},{"type":"Feature","properties":{},"geometry":{"type":"MultiPolygon","coordinates":[[[[-12.9,24.6],[-13.2,24.5],[-13.3,24.4],[-13.5,24.5],[-13.7,24.4],[-13.8,24.7],[-13.8,24.5],[-13.9,24.3],[-14.5,24.1],[-14.7,24.3],[-14.9,24.7],[-15,25.1],[-15.7,25.6],[-16.4,26],[-16.7,26.1],[-17,27],[-16.6,27.1],[-16.9,28.3],[-16.6,28.8],[-15.3,27.4],[-15.1,27.2],[-15.2,28.1],[-15.8,28.6],[-16,29],[-15.9,29.5],[-15,29.1],[-14.8,28.9],[-15.2,29.5],[-15.1,29.6],[-15.2,29.9],[-14.7,30.1],[-14.3,30.3],[-13.2,29.2],[-13.3,29],[-12.9,29],[-13.3,28.4],[-13.1,28.4],[-13.1,28.3],[-12.8,28.2],[-12.6,28.2],[-12.5,28.3],[-12.4,28.1],[-12.5,27.7],[-13.1,27.2],[-12.8,27.1],[-11.8,28],[-11.6,27.7],[-11.5,27.2],[-12.6,26],[-12.9,25.8],[-13,25.2],[-13,25.1],[-12.9,24.6]]]]}},{"type":"Feature","properties":{},"geometry":{"type":"MultiPolygon","coordinates":[[[[-12.7,31.3],[-12.9,31.1],[-12.7,29.9],[-14.6,30.4],[-15.1,30.5],[-15.9,30.5],[-16,31.4],[-15.8,32.1],[-14.7,32],[-13.2,32.6],[-12.7,31.3]]]]}},{"type":"Feature","properties":{},"geometry":{"type":"MultiPolygon","coordinates":[[[[-9.5,26.4],[-11.1,25.5],[-11.1,25.9],[-11.1,26.1],[-10.7,26.4],[-10.6,26],[-10.4,26.1],[-10.2,26.3],[-10,26.4],[-10,26.7],[-9.9,26.8],[-9.5,26.6],[-9.5,26.4]]]]}},{"type":"Feature","properties":{},"geometry":{"type":"MultiPolygon","coordinates":[[[[-23.7,12.4],[-24.5,12],[-25.1,12],[-25.4,12.2],[-25.6,11.8],[-25.3,11.9],[-26.3,11.4],[-27.6,10],[-28.4,9.2],[-29.7,8],[-30.5,6.8],[-31.2,5.9],[-31.1,7.6],[-29.3,9.5],[-28.6,10.1],[-28.5,10.6],[-27.9,11.6],[-26.1,13.1],[-25,14],[-24.8,14.2],[-24.7,14.3],[-24.6,14.4],[-24.5,14.1],[-24.6,13.9],[-24.1,13.5],[-23.9,13.4],[-23.7,13.2],[-23.3,13.1],[-23.2,13],[-23.4,12.6],[-23.7,12.4]]]]}},{"type":"Feature","properties":{},"geometry":{"type":"MultiPolygon","coordinates":[[[[-21.4,13],[-21.4,12.9],[-21.9,13.1],[-22.7,12.8],[-23.2,12.6],[-23.4,12.6],[-23.2,13],[-23.3,13.1],[-23.7,13.2],[-23.9,13.4],[-24.1,13.5],[-24.6,13.9],[-24.5,14.1],[-24.6,14.4],[-24.7,14.5],[-24.9,14.5],[-24.8,14.6],[-24.1,14.8],[-24,15.1],[-23.9,15.3],[-23.5,15.3],[-23.3,15.1],[-22.8,14.7],[-22.9,14.3],[-22.5,13.8],[-22.1,13.5],[-21.4,13]]]]}},{"type":"Feature","properties":{},"geometry":{"type":"MultiPolygon","coordinates":[[[[-24,15.5],[-24.4,15.3],[-25.2,15.4],[-25.4,15.5],[-24.1,15.5],[-24,15.5]]]]}},{"type":"Feature","properties":{},"geometry":{"type":"MultiPolygon","coordinates":[[[[-9.3,19.8],[-9,19.6],[-8.7,19.7],[-7.7,19.3],[-7.9,19.1],[-8.3,18.8],[-8.5,19],[-8.5,18.8],[-8.6,18.4],[-9.3,17.4],[-9.9,17.3],[-10,17.7],[-9.9,17.9],[-10.1,18.1],[-10,18],[-10.1,17.8],[-10.2,17.3],[-10.3,17.5],[-10.5,17.6],[-10.7,18],[-10.9,17.7],[-11.7,17.5],[-12.3,18],[-12.4,18.4],[-12.6,18.5],[-12.2,17.4],[-12.2,16.9],[-12.6,16.8],[-13.2,16.6],[-13.4,16.7],[-13.5,16.8],[-13.8,16.8],[-14.3,16.8],[-14.7,17.4],[-15.1,17.9],[-15,17.6],[-14.8,17.4],[-14.8,17.3],[-14.4,16.8],[-14.5,16.4],[-15.1,16.7],[-15.8,17.4],[-18.2,17.6],[-19.1,18.5],[-20.5,18.2],[-21.6,18.3],[-22.2,18.4],[-22.8,18.2],[-24.5,19.8],[-23.6,19.1],[-23.3,19],[-23.8,19.8],[-24.7,20.2],[-23.9,21],[-22.8,21.7],[-22.1,21.9],[-19.8,21.3],[-19.2,21.1],[-17.8,22.1],[-16.3,22.8],[-15.1,23.3],[-14.9,23],[-14.7,22.7],[-14.4,22.6],[-13.9,22],[-13.8,21.7],[-13.8,21.6],[-13.4,21.8],[-13.6,22.1],[-13.7,22.2],[-13.5,22.4],[-13.3,22.3],[-13.1,22.3],[-13.1,21.8],[-13.2,21.7],[-13.3,21.4],[-13.4,21.2],[-13.3,21],[-13.4,20.8],[-13.1,21.3],[-12.1,21.4],[-11.7,21.6],[-11.9,21.7],[-11.6,22],[-11.5,22],[-11.2,22.1],[-11.6,22.5],[-11.6,23],[-11.1,23.4],[-11.1,23.8],[-10,24],[-9.8,24],[-9.8,23.8],[-10.2,22.7],[-10.2,22.4],[-10.1,22.4],[-10.4,22.4],[-10.6,22.3],[-10.8,22],[-10.7,21.7],[-10.5,21.5],[-10.4,21.5],[-10.6,21.3],[-10.7,21.5],[-10.8,20.9],[-11.1,20.5],[-10.9,20.4],[-10,20.5],[-10.4,19.9],[-10.8,19.5],[-10.9,18.9],[-10.7,18.9],[-10.5,19],[-10.2,19.1],[-9.3,19.8]]]]}},{"type":"Feature","properties":{},"geometry":{"type":"MultiPolygon","coordinates":[[[[-11,17.4],[-11.1,17],[-10.8,16.8],[-10.6,16.1],[-10.4,15],[-10.2,14.8],[-10.1,14.6],[-10.2,14.4],[-11,14.8],[-10.9,15.4],[-11.4,15.2],[-12.4,15],[-12.5,15.7],[-12.8,16],[-11.7,16.7],[-11,17.4]]]]}},{"type":"Feature","properties":{},"geometry":{"type":"MultiPolygon","coordinates":[[[[-9.1,24.7],[-8.5,25.5],[-8,25.7],[-7.7,25.4],[-7.7,24.7],[-8.1,24.5],[-9.1,24.7]]]]}},{"type":"Feature","properties":{},"geometry":{"type":"MultiPolygon","coordinates":[[[[-9.7,24.2],[-9.1,24.7],[-9.6,24.2],[-9.7,24.2]]]]}},{"type":"Feature","properties":{},"geometry":{"type":"MultiPolygon","coordinates":[[[[-12.1,23.2],[-12.1,22.6],[-12.2,22],[-12.6,22],[-12.9,22.3],[-13.2,22.6],[-13.2,22.9],[-13.2,23],[-13.4,23.1],[-13.1,23.2],[-12.7,23.3],[-12.5,23.3],[-12.1,23.2]]]]}},{"type":"Feature","properties":{},"geometry":{"type":"MultiPolygon","coordinates":[[[[-11.1,14],[-12.1,13.8],[-11.8,14.4],[-11.3,14.2],[-11.1,14]]]]}},{"type":"Feature","properties":{},"geometry":{"type":"MultiPolygon","coordinates":[[[[-10.4,17],[-10.3,16.8],[-10.5,17],[-10.4,17]]]]}},{"type":"Feature","properties":{},"geometry":{"type":"MultiPolygon","coordinates":[[[[-11.8,22.7],[-11.9,22.5],[-12,22.6],[-11.8,22.7]]]]}},{"type":"Feature","properties":{},"geometry":{"type":"MultiPolygon","coordinates":[[[[-7.7,-3],[-8.2,-3.2],[-8.9,-2.9],[-8.7,-3.1],[-8.2,-3.4],[-8,-3.6],[-8,-3.7],[-8.2,-4],[-8.1,-4.2],[-9,-4.6],[-10.5,-5.3],[-11.5,-5.7],[-12.4,-6.1],[-13.3,-6.5],[-15.1,-8],[-15.5,-7.8],[-14.2,-5.6],[-14.1,-5.3],[-14,-5.2],[-13.2,-4.8],[-12.6,-4.4],[-12.2,-4.5],[-11.6,-4.2],[-10.9,-3.5],[-10.1,-2.9],[-9.8,-2.8],[-9.2,-2.6],[-8.8,-2.6],[-7.9,-2.7],[-7.7,-3]]]]}},{"type":"Feature","properties":{},"geometry":{"type":"MultiPolygon","coordinates":[[[[-5.8,-4.3],[-5.9,-4.2],[-5.7,-4.2],[-5.8,-4.3]]]]}},{"type":"Feature","properties":{},"geometry":{"type":"MultiPolygon","coordinates":[[[[44.4,-30.3],[44.2,-30.7],[44.4,-31],[44.7,-31.6],[45.1,-32.4],[46,-33.6],[46.9,-35.1],[49.2,-36.2],[49.6,-36.4],[50.8,-37.4],[51.8,-38.6],[53.6,-39.8],[55.7,-40.8],[57.1,-42.5],[56.9,-42.2],[56.6,-42],[55.3,-42.2],[53.8,-42.6],[52.7,-42.2],[51.5,-41.6],[50.3,-41.2],[49.9,-40.3],[49.8,-40.2],[49.1,-39.1],[48.4,-38.9],[47.8,-38.6],[48,-38.6],[47.6,-38.6],[47.4,-39],[46.9,-38.8],[46.3,-39.4],[46.7,-39.5],[46.9,-40.3],[47.2,-41],[47.3,-41.1],[47.3,-41.3],[47.6,-41.6],[47.8,-41.8],[48,-41.8],[48.7,-42.4],[48.7,-42.5],[48.4,-43.1],[48.6,-43.4],[49,-44],[49.4,-43.6],[49.6,-43.5],[49.6,-43.1],[50.3,-43.2],[50.3,-43.4],[50.2,-43.8],[49.9,-44.5],[50,-44.5],[50,-44.8],[50.3,-44.9],[50.6,-45.2],[51.1,-45.2],[52.4,-45.1],[53.6,-45],[53.5,-44.9],[54,-44.9],[54,-44.8],[54.2,-44.4],[55.2,-43.8],[55.6,-43.5],[56.2,-43],[56.2,-42.9],[56.4,-43],[56.2,-43],[56.4,-43.3],[56.3,-44.3],[56.5,-47.6],[54.1,-52.2],[52,-52.5],[50.2,-53.6],[46.4,-54.1],[44.5,-54.6],[40.9,-53.2],[42.3,-52.1],[42.9,-48.9],[42.7,-46.7],[41.8,-44.8],[40.8,-43.4],[40.4,-42.3],[39.9,-41.8],[39.7,-41],[39.2,-40.4],[38.1,-40],[37.4,-40.2],[36.8,-41],[35.6,-40.6],[33.5,-39.7],[33,-38.6],[32.7,-37.3],[32.8,-36.4],[32.8,-36.3],[33.7,-35.4],[34.3,-34.6],[34.5,-34.1],[34.9,-33.5],[35,-33.2],[35.3,-32.8],[36,-31.6],[36.4,-30.8],[36.5,-30.4],[37.8,-29.7],[38.9,-29.4],[39.8,-29.1],[40.7,-29],[43.1,-29.4],[44.4,-30.3]]]]}},{"type":"Feature","properties":{},"geometry":{"type":"MultiPolygon","coordinates":[[[[56.1,-42.2],[54.9,-42.6],[55.9,-42.2],[56.1,-42.2]]]]}},{"type":"Feature","properties":{},"geometry":{"type":"MultiPolygon","coordinates":[[[[46.9,-38.9],[46.8,-39],[46.8,-38.9],[46.9,-38.9]]]]}},{"type":"Feature","properties":{},"geometry":{"type":"MultiPolygon","coordinates":[[[[56.5,-27.9],[57.9,-31],[58.6,-33.3],[61.1,-35.2],[59.9,-36.5],[58.5,-36.9],[56.2,-36.9],[55.7,-35.5],[53.4,-34.5],[50.8,-32.6],[50.2,-30.4],[53.5,-28.1],[54.8,-27.4],[54.6,-26.8],[55.7,-27.2],[56.5,-27.9]]]]}},{"type":"Feature","properties":{},"geometry":{"type":"MultiPolygon","coordinates":[[[[75,-39.6],[69.1,-40.6],[63.4,-42.2],[61,-41.6],[59.5,-39.3],[60.5,-37],[64.2,-36.9],[70.2,-38.8],[72,-38.8],[75,-39.6]]]]}},{"type":"Feature","properties":{},"geometry":{"type":"MultiPolygon","coordinates":[[[[13.7,-22.4],[13,-20.2],[12.7,-18.1],[13.9,-18.5],[14,-18.6],[14.2,-18.6],[14.6,-18.9],[15.6,-19.1],[15.5,-19.3],[15.7,-19.4],[15.5,-19.8],[16.1,-20.1],[15.2,-20.7],[15.2,-21.3],[13.7,-21.7],[13.7,-22.4]]]]}},{"type":"Feature","properties":{},"geometry":{"type":"MultiPolygon","coordinates":[[[[97,-45.6],[98,-45.8],[99.8,-46],[102,-46.8],[104.1,-48],[103.4,-48.3],[101.6,-48],[100.5,-47.7],[99.7,-47.6],[98.2,-47.8],[96.8,-48],[95.3,-48.6],[94.1,-48.7],[93,-49.4],[91.6,-48.9],[90.6,-49],[89.1,-49.3],[87.4,-49.8],[86.7,-49.7],[86.2,-50],[85.6,-50],[84.7,-50],[85,-49.8],[84,-49.3],[82.7,-49.2],[83.9,-48.7],[86.2,-48.1],[88.1,-47.5],[90,-46.8],[92.5,-46.4],[94.3,-46.2],[95.8,-45.9],[97,-45.6]]]]}},{"type":"Feature","properties":{},"geometry":{"type":"MultiPolygon","coordinates":[[[[25.1,39.2],[25.8,39.3],[26.9,37.3],[28.5,36.6],[27.7,36.4],[25.9,36.5],[24.8,36.9],[24,37.2],[24.6,37.2],[25.8,37.1],[26.2,37.9],[25.7,38],[25,37.3],[24.9,38],[24.7,37.8],[24.4,38.4],[25.1,39.2]]]]}},{"type":"Feature","properties":{},"geometry":{"type":"MultiPolygon","coordinates":[[[[28.9,36.9],[35,37.5],[41.4,38.6],[44.9,38.9],[46.4,37.6],[47.3,37.2],[48.4,36.8],[50.3,37],[53.9,38.9],[57.1,38.8],[54.7,37.1],[52.3,35.6],[49.6,35.2],[44.8,34.7],[40,33.4],[36,34.3],[32.1,34.1],[31,34.4],[31,34.5],[29.3,34.6],[27.6,35.6],[25.4,35.9],[24,36.4],[25.5,36],[27,36.1],[28.1,36.1],[29.1,36.3],[30.2,36.1],[30.6,35.6],[31.1,35.5],[31.2,34.8],[31.1,34.5],[31.7,35.3],[31.5,35.7],[30.7,36.3],[29,36.7],[28.9,36.9]]]]}},{"type":"Feature","properties":{},"geometry":{"type":"MultiPolygon","coordinates":[[[[31.1,35.3],[31.3,35.1],[31.2,35.1],[31.1,35.3]]]]}},{"type":"Feature","properties":{},"geometry":{"type":"MultiPolygon","coordinates":[[[[13.5,36.9],[14.7,35.6],[15,35.1],[15.1,34.9],[15.4,34.6],[15.7,34.6],[15.7,34.3],[16,34.1],[16.3,34],[16.5,33.9],[16.3,33.8],[16.8,33.7],[16.9,33.7],[17.2,33.4],[17,33.2],[16.9,32.6],[16.7,33.2],[16.4,32.6],[16.2,32.9],[15.9,33.2],[15.8,33.5],[15.6,33.6],[15.3,33.6],[15,33.7],[14.8,33.9],[14.5,34.2],[14.2,34.7],[14.3,34.9],[14,35.3],[13.9,35.6],[13.7,36.1],[13.1,36.6],[13.5,36.9]]]]}},{"type":"Feature","properties":{},"geometry":{"type":"MultiPolygon","coordinates":[[[[17.1,33.1],[17.4,33],[17.6,33.1],[17.8,32.9],[18,32.7],[18.5,32.6],[19.1,32.6],[20.4,32.9],[20.1,32.7],[20.3,32.7],[20,32.3],[19.8,32],[19.9,31.9],[19.7,31.8],[19.5,32],[19.4,32],[19,31.8],[19,31.7],[18.8,31.6],[18,31.6],[17.9,31.9],[17.7,32.1],[17.6,32.1],[17.3,32.2],[16.9,32.6],[17.1,33.1]]]]}},{"type":"Feature","properties":{},"geometry":{"type":"MultiPolygon","coordinates":[[[[19,31.7],[19.5,31.7],[19.1,31.5],[19,31.7]]]]}},{"type":"Feature","properties":{},"geometry":{"type":"MultiPolygon","coordinates":[[[[23.9,36.3],[25.7,36],[28.5,35.1],[29.4,34.7],[29.4,34],[29.3,34.3],[28.5,34.7],[27.9,34.4],[27.5,34.1],[26.9,34.2],[26.6,34.4],[26,34.4],[25.7,34.3],[25.1,34.9],[23.6,35.5],[23.9,36.3]]]]}},{"type":"Feature","properties":{},"geometry":{"type":"MultiPolygon","coordinates":[[[[23.1,36],[23.4,35.9],[23.5,35.6],[23.1,36]]]]}},{"type":"Feature","properties":{},"geometry":{"type":"MultiPolygon","coordinates":[[[[-70.7,-57],[-71.5,-57.7],[-72.7,-57.7],[-74,-57],[-74.4,-56.5],[-74.8,-56.4],[-75.7,-56.9],[-75.9,-57.7],[-75.5,-57.9],[-75.3,-58.3],[-76.3,-58.4],[-76.4,-57.8],[-77.9,-58.2],[-79,-58.6],[-79.7,-58.9],[-80.9,-59.1],[-81.8,-58.7],[-83.4,-58.7],[-85.2,-58.7],[-88.5,-56.1],[-89.1,-55.7],[-88.8,-55.5],[-88.3,-55.5],[-88.3,-55.4],[-87.8,-55.7],[-88,-55.3],[-87.6,-55],[-86.4,-55.1],[-86.3,-55],[-86.4,-54.7],[-86.4,-54.5],[-86.1,-54.5],[-85.8,-54.5],[-85.6,-54.5],[-85.3,-54.1],[-84.6,-54],[-83.9,-53.9],[-83.5,-53.6],[-83.3,-53.6],[-83.4,-53.2],[-82.8,-53.2],[-83.3,-52.8],[-83.5,-52.9],[-83.7,-52.8],[-83.6,-52.6],[-83.2,-51.9],[-82.7,-51.7],[-81.7,-51.4],[-81.6,-51.4],[-80.4,-50.6],[-79.8,-50],[-73.7,-55.2],[-70.7,-57]]]]}},{"type":"Feature","properties":{},"geometry":{"type":"MultiPolygon","coordinates":[[[[-89.6,-55.4],[-90.1,-55.1],[-90.3,-54.9],[-90,-54.9],[-89.6,-55],[-89.4,-55.1],[-89.3,-55.3],[-89.6,-55.4]]]]}},{"type":"Feature","properties":{},"geometry":{"type":"MultiPolygon","coordinates":[[[[-84.4,-52.6],[-84,-52.9],[-84.2,-53.1],[-84.8,-53.2],[-85.3,-53.5],[-85.8,-53.8],[-86.1,-53.6],[-86.2,-53.5],[-85.3,-52.9],[-84.2,-52.5],[-84.4,-52.6]]]]}},{"type":"Feature","properties":{},"geometry":{"type":"MultiPolygon","coordinates":[[[[-86.5,-54.9],[-86.7,-55.1],[-87.1,-55.1],[-87.2,-55],[-87.1,-54.8],[-86.8,-54.7],[-86.5,-54.8],[-86.5,-54.9]]]]}},{"type":"Feature","properties":{},"geometry":{"type":"MultiPolygon","coordinates":[[[[-88,-54.9],[-88.3,-55],[-88.4,-54.7],[-88,-54.9]]]]}},{"type":"Feature","properties":{},"geometry":{"type":"MultiPolygon","coordinates":[[[[-87.6,-54.5],[-87.8,-54.6],[-87.9,-54.5],[-87.6,-54.5]]]]}},{"type":"Feature","properties":{},"geometry":{"type":"MultiPolygon","coordinates":[[[[-89,-54.9],[-89.2,-54.9],[-89.3,-55.1],[-89,-54.8],[-89,-54.9]]]]}},{"type":"Feature","properties":{},"geometry":{"type":"MultiPolygon","coordinates":[[[[-87.3,-54.7],[-87.5,-54.5],[-87.3,-54.6],[-87.3,-54.7]]]]}},{"type":"Feature","properties":{},"geometry":{"type":"MultiPolygon","coordinates":[[[[-87,-54.3],[-87.2,-54.1],[-87.1,-54.2],[-87,-54.3]]]]}},{"type":"Feature","properties":{},"geometry":{"type":"MultiPolygon","coordinates":[[[[-144.3,-60.1],[-145,-60.3],[-144.9,-60.1],[-144.9,-60],[-144.3,-60.1]]]]}},{"type":"Feature","properties":{},"geometry":{"type":"MultiPolygon","coordinates":[[[[-166.5,-59],[-164.8,-58.8],[-164.4,-58.6],[-164.2,-58.6],[-163.9,-58.5],[-163.7,-58.4],[-163.4,-58.4],[-160.2,-57.9],[-158.2,-57.9],[-160,-58.8],[-160,-59],[-159.7,-59.3],[-160.7,-59.2],[-161.3,-59.3],[-162,-59.2],[-162.4,-59.6],[-162.6,-60.1],[-163.5,-60.8],[-164.7,-61.2],[-165.5,-61.4],[-166.3,-61.4],[-167.2,-61.2],[-167.1,-61.1],[-168,-60.7],[-169.3,-60.6],[-169.3,-60.4],[-169.5,-60.4],[-168.6,-60.1],[-168.7,-60],[-168.7,-59.9],[-168.6,-59.9],[-168.4,-59.8],[-168.4,-59.6],[-168.2,-59.6],[-168.1,-59.5],[-167.6,-59.4],[-166.9,-59.3],[-166.5,-59]]]]}},{"type":"Feature","properties":{},"geometry":{"type":"MultiPolygon","coordinates":[[[[-167.8,-61.3],[-167.8,-61.5],[-167.9,-61.7],[-168.6,-61.8],[-168.3,-61.6],[-167.8,-61.3]]]]}},{"type":"Feature","properties":{},"geometry":{"type":"MultiPolygon","coordinates":[[[[-172.4,-64.7],[-172.6,-64.8],[-172.8,-65],[-173.1,-64.9],[-172.4,-64.7]]]]}},{"type":"Feature","properties":{},"geometry":{"type":"MultiPolygon","coordinates":[[[[92.3,3.8],[92.7,3.4],[92.9,2.7],[93.1,1.9],[93,1.6],[93,1.4],[93.1,1.1],[93.2,0.5],[92.9,0.6],[93,0.3],[92.9,0],[92.9,-0.3],[92.5,-0.7],[91.8,-1],[91.6,-0.8],[91.9,2.2],[92.3,3.8]]]]}},{"type":"Feature","properties":{},"geometry":{"type":"MultiPolygon","coordinates":[[[[87.3,8.7],[87.2,8],[88.9,6.2],[90.9,4.6],[91.8,3.5],[92.3,-0.3],[90.9,-1.5],[90.7,-1.4],[90.6,-1.4],[90.4,-1.4],[89.5,-0.7],[87.1,1.4],[85.6,3.7],[85.9,6.6],[87,8.6],[87.3,8.7]]]]}},{"type":"Feature","properties":{},"geometry":{"type":"MultiPolygon","coordinates":[[[[84.8,3.2],[85.4,1],[84.8,1.2],[84.9,1.5],[85,1.9],[84.4,2],[84.5,3.5],[84.8,3.2]]]]}},{"type":"Feature","properties":{},"geometry":{"type":"MultiPolygon","coordinates":[[[[-18.4,36.3],[-18.8,36.3],[-19,36.8],[-19.1,37.3],[-19.1,37.8],[-18.9,38.8],[-19.5,38.6],[-19,39.3],[-18.4,38.9],[-18.1,37.7],[-18,37],[-18.4,36.3]]]]}},{"type":"Feature","properties":{},"geometry":{"type":"MultiPolygon","coordinates":[[[[122,-5.1],[121.8,-6.3],[121.6,-7.2],[120.8,-6.3],[120.8,-6.1],[120.9,-5.4],[121.1,-4.6],[122,-4.1],[122,-5.1]]]]}},{"type":"Feature","properties":{},"geometry":{"type":"MultiPolygon","coordinates":[[[[148.1,-30.9],[149.9,-32],[150.7,-32.9],[150.5,-32.8],[149.6,-32.5],[148.8,-32.3],[148.3,-32.3],[148,-32.3],[147.7,-32.4],[147.4,-32.2],[147.4,-32.4],[147.3,-32.4],[147,-32.5],[146.8,-32.5],[146.6,-32.7],[146.7,-33],[146.2,-33.2],[145.9,-33.6],[144.9,-33.8],[146,-33.7],[145.9,-34.7],[144.8,-34.9],[143,-34.7],[141.9,-34.6],[141.2,-34.9],[141.3,-34.3],[141.1,-34],[140.3,-33.9],[140.3,-33.6],[139.6,-33],[139.4,-32.9],[139.3,-32.7],[139.1,-32.6],[138.9,-32.7],[138.7,-32.6],[138.6,-32.5],[138.4,-32.5],[138.3,-32.5],[138,-32.5],[137.8,-32.5],[137.5,-32.5],[135.6,-32.6],[135.5,-31.8],[137.8,-31.2],[139.3,-30.8],[142.9,-30.9],[146.2,-30.6],[148.1,-30.9]]]]}},{"type":"Feature","properties":{},"geometry":{"type":"MultiPolygon","coordinates":[[[[140.9,-35.2],[139.9,-35.2],[140.1,-34.6],[141.1,-34.7],[140.9,-35.2]]]]}},{"type":"Feature","properties":{},"geometry":{"type":"MultiPolygon","coordinates":[[[[20.1,-21.1],[19.1,-21.6],[18.9,-22],[18.4,-21.8],[17.8,-20.4],[17.9,-19.9],[18.3,-20],[18.6,-20.4],[19.6,-20.9],[20.1,-21],[20.1,-21.1]]]]}},{"type":"Feature","properties":{},"geometry":{"type":"MultiPolygon","coordinates":[[[[18.3,-21],[18,-21.3],[17.4,-21.9],[16.7,-21.7],[16,-21.2],[16.7,-21.1],[17.9,-20.3],[17.9,-19.9],[18.3,-21]]]]}},{"type":"Feature","properties":{},"geometry":{"type":"MultiPolygon","coordinates":[[[[26.1,-20.6],[26,-20.8],[26.1,-21.2],[25.9,-21.8],[25.8,-21.6],[25.6,-21.9],[25.1,-22.2],[24.7,-21.9],[24.1,-21.7],[24.2,-21.2],[24.2,-21],[24.2,-20.9],[24,-20.5],[24,-20.1],[23.9,-19.2],[24.1,-19.2],[24.3,-18.8],[24.7,-18.3],[24.8,-18.3],[26.1,-20.6]]]]}},{"type":"Feature","properties":{},"geometry":{"type":"MultiPolygon","coordinates":[[[[23.9,-20.3],[23.8,-20],[23.9,-20.1],[23.9,-20.3]]]]}},{"type":"Feature","properties":{},"geometry":{"type":"MultiPolygon","coordinates":[[[[26.2,-22.9],[25.8,-23],[25.2,-23.1],[25.4,-23.3],[25,-23.3],[24.6,-23.9],[24.4,-23.6],[24.2,-23.6],[23.9,-23.4],[23.8,-23.1],[24,-22.4],[23.9,-22],[24.1,-22],[24.5,-22],[25.2,-22.6],[25.3,-22.2],[25.7,-22],[25.9,-22.2],[26.2,-22.8],[26.2,-22.9]]]]}},{"type":"Feature","properties":{},"geometry":{"type":"MultiPolygon","coordinates":[[[[26.4,-22.9],[26,-22.6],[26.1,-21.9],[26.4,-22.9]]]]}},{"type":"Feature","properties":{},"geometry":{"type":"MultiPolygon","coordinates":[[[[39.8,-25],[39.9,-25.2],[40.1,-25.3],[40.5,-25.6],[40.8,-25.8],[39.8,-26.1],[38.8,-26.2],[38,-26.4],[36.7,-26.8],[35.9,-26.8],[35.5,-27],[34.1,-26.6],[33.7,-26.8],[32.9,-26.6],[31.5,-25.1],[30.7,-24.9],[30.2,-24.8],[30,-24.6],[29.8,-24.3],[29.7,-24.3],[29.4,-24.2],[29.1,-24.1],[29.5,-24.1],[29.2,-23.8],[29.2,-23.6],[29.3,-23.3],[29.2,-23],[29.3,-22.6],[29.7,-22.4],[30.6,-22.3],[31.3,-22],[32,-22.2],[33,-22.5],[33.8,-22.9],[34.8,-23.1],[37,-25.2],[38.9,-25.1],[39.8,-25]]]]}},{"type":"Feature","properties":{},"geometry":{"type":"MultiPolygon","coordinates":[[[[39.9,-24.1],[39,-24.2],[37.1,-24.4],[35.1,-22.5],[36.2,-22.6],[37.2,-22.5],[37.8,-22.5],[38.1,-22.9],[38.3,-23.1],[38.6,-23.3],[38.9,-23.4],[39.2,-23.6],[39.4,-23.7],[39.6,-23.8],[39.8,-24],[39.9,-24.1]]]]}},{"type":"Feature","properties":{},"geometry":{"type":"MultiPolygon","coordinates":[[[[5,27.6],[5.3,27.2],[4.9,27.3],[5,27],[5.2,26.7],[4.9,26.7],[4.4,26.8],[4.4,27.1],[4.1,27.3],[4.1,27.1],[3.7,27.5],[3.7,27.7],[4,28],[4,27.5],[4.4,27.5],[4.8,27.6],[5,27.6]]]]}},{"type":"Feature","properties":{},"geometry":{"type":"MultiPolygon","coordinates":[[[[6.4,26.7],[6.8,25.9],[6.4,25.8],[6.1,26],[5.8,26.2],[5.7,26.3],[5.9,26.8],[5.2,26.5],[5.4,26.7],[5.6,27.1],[6.4,26.7]]]]}},{"type":"Feature","properties":{},"geometry":{"type":"MultiPolygon","coordinates":[[[[50,-30.1],[50.5,-32.2],[52.7,-34.3],[55.5,-35.1],[55.7,-36.7],[54.2,-35.8],[52.1,-35],[50.1,-33.8],[49.2,-33],[48.4,-32.1],[47.5,-31.6],[45.4,-30.9],[44.4,-29.5],[43.3,-28.3],[42.7,-27.3],[42.5,-26.9],[42.3,-26.4],[42.2,-26],[42.8,-25.9],[44.7,-25.9],[45.1,-26.9],[45.9,-27.8],[47,-28.6],[48,-29.2],[50,-30.1]]]]}},{"type":"Feature","properties":{},"geometry":{"type":"MultiPolygon","coordinates":[[[[48.3,-27.6],[50.8,-27.5],[51.3,-27.3],[53.3,-26.7],[54.4,-26.9],[53.3,-27.8],[50,-30.1],[48,-29.2],[47,-28.6],[45.9,-27.8],[45.1,-26.9],[44.7,-25.9],[46.5,-26.1],[46.8,-26.8],[47.8,-27.3],[48.3,-27.6]]]]}},{"type":"Feature","properties":{},"geometry":{"type":"MultiPolygon","coordinates":[[[[26.6,2.3],[26.6,0.7],[26.3,0.5],[25.6,0.3],[24.7,0.3],[23.9,0.4],[24,1],[25.2,2.9],[25.7,2.8],[26.4,2.5],[26.6,2.3]]]]}},{"type":"Feature","properties":{},"geometry":{"type":"MultiPolygon","coordinates":[[[[9.5,-15.7],[9.8,-16.2],[10.6,-16.8],[11.9,-18.3],[11.5,-18.3],[11.3,-17.9],[10.5,-17.1],[9.1,-16.5],[7.5,-15.5],[6.6,-15.1],[6,-14.6],[7,-14.6],[7.5,-15],[9.3,-15.4],[9.5,-15.7]]]]}},{"type":"Feature","properties":{},"geometry":{"type":"MultiPolygon","coordinates":[[[[4.8,-13.4],[5.3,-13.8],[5.4,-13.9],[5.5,-14.2],[5.7,-14.3],[4.7,-14],[3.7,-13.8],[2.9,-13.2],[2.5,-12.4],[4.1,-11.9],[3.9,-12.8],[4.3,-13.2],[4.8,-13.4]]]]}},{"type":"Feature","properties":{},"geometry":{"type":"MultiPolygon","coordinates":[[[[5.2,-14.1],[4.8,-13.8],[4.5,-13],[5.1,-12.8],[4.9,-13.8],[5.2,-14.1]]]]}},{"type":"Feature","properties":{},"geometry":{"type":"MultiPolygon","coordinates":[[[[25.7,4.2],[26,3.7],[26.4,3.1],[26.6,2.3],[25.9,2.8],[25.3,2.8],[24.3,1.5],[23.8,0.5],[23.6,0.2],[21.2,-2.2],[19.7,-2.9],[19.9,-2.1],[22.1,0.6],[23.9,3.3],[25.7,4.2]]]]}},{"type":"Feature","properties":{},"geometry":{"type":"MultiPolygon","coordinates":[[[[-21.5,35.1],[-22.1,34.4],[-23.1,34.3],[-23.8,33.8],[-24.9,33],[-25.5,32.5],[-25.4,33.3],[-25.8,34],[-26.2,34.9],[-26.2,36.5],[-25.9,38],[-25.7,39.5],[-25.4,39.4],[-25.3,38.8],[-24.4,38.7],[-24.1,38.9],[-24,38.6],[-23.8,37.5],[-22.9,35.5],[-21.3,35.2],[-21.5,35.1]]]]}},{"type":"Feature","properties":{},"geometry":{"type":"MultiPolygon","coordinates":[[[[-48.1,18],[-49.6,17.5],[-49.4,16.4],[-49.2,14.9],[-49.4,13.3],[-49.8,11.4],[-50.6,10.5],[-51.1,11.2],[-51.3,12.3],[-51.2,14.5],[-51,14.8],[-51.2,14.8],[-51.3,15.4],[-50.6,17.7],[-49.5,18.6],[-49,19.1],[-48.1,18]]]]}},{"type":"Feature","properties":{},"geometry":{"type":"MultiPolygon","coordinates":[[[[-21.6,41.4],[-21,41.6],[-20.4,40.7],[-20.1,39.8],[-20.4,39.3],[-20.8,40.1],[-21.2,40.8],[-21.6,41.4]]]]}},{"type":"Feature","properties":{},"geometry":{"type":"MultiPolygon","coordinates":[[[[90.8,6.9],[90.7,6.3],[90.7,6],[89.5,6.5],[88.2,7.6],[88.2,8.7],[89,8.4],[90.8,6.9]]]]}},{"type":"Feature","properties":{},"geometry":{"type":"MultiPolygon","coordinates":[[[[90.3,6.3],[90.4,6.2],[90.7,6],[90.8,5.8],[91.4,4.8],[91.6,4.6],[89.1,6],[87.4,7.7],[87.4,8.5],[88.6,7.4],[90.3,6.3]]]]}},{"type":"Feature","properties":{},"geometry":{"type":"MultiPolygon","coordinates":[[[[91.5,4.8],[91.6,4.6],[91.9,4.3],[92.2,4.2],[92.2,4.1],[91.5,4.1],[90.8,5],[91.5,4.8]]]]}},{"type":"Feature","properties":{},"geometry":{"type":"MultiPolygon","coordinates":[[[[-19,37],[-18.6,36.8],[-19,36.3],[-19,37]]]]}},{"type":"Feature","properties":{},"geometry":{"type":"MultiPolygon","coordinates":[[[[20.6,-1.8],[20.6,-2.1],[20.2,-2.7],[20.5,-3.3],[20.6,-3.6],[21.1,-3.3],[21.3,-3.5],[21.2,-3.6],[21.2,-3.8],[21.2,-3.9],[20.9,-3.9],[20.2,-3.9],[19.8,-3.8],[19.7,-3.5],[19.7,-2.5],[19.8,-1.8],[20.2,-1.6],[20.5,-1.1],[20.5,-0.6],[20.6,-0.6],[20.6,-1.8]]]]}},{"type":"Feature","properties":{},"geometry":{"type":"MultiPolygon","coordinates":[[[[11.5,-18.3],[6.7,-17.5],[2.5,-15.3],[-2.1,-13.2],[-2.2,-13.2],[-0.6,-12.2],[1.5,-12.3],[2.5,-12.4],[3,-13.3],[4,-14],[4.9,-14],[5.7,-14.4],[5.9,-14.5],[6.2,-14.6],[6.9,-15.3],[8,-16],[9.6,-16.9],[11,-17.6],[11.5,-18.3]]]]}},{"type":"Feature","properties":{},"geometry":{"type":"MultiPolygon","coordinates":[[[[-20.3,42.4],[-19.8,42.9],[-19,42],[-18.9,40.6],[-18.8,39.7],[-19.4,40.3],[-19.6,41.7],[-20.3,42.4]]]]}},{"type":"Feature","properties":{},"geometry":{"type":"MultiPolygon","coordinates":[[[[-26.1,35.4],[-27,36.1],[-27.5,34.6],[-28.2,34.5],[-28.9,33.9],[-29.6,34.2],[-29.1,35],[-28.5,36.6],[-28.4,38.2],[-29.3,39.6],[-30.2,40.8],[-29.5,40.6],[-28.6,40.2],[-27.6,39.8],[-26.4,39.6],[-25.4,37.9],[-25.6,36.3],[-26.1,35.4]]]]}},{"type":"Feature","properties":{},"geometry":{"type":"MultiPolygon","coordinates":[[[[-18.4,32.2],[-15.9,36.1],[-11.7,39.6],[-11.4,38.8],[-11.3,38.2],[-11.4,38.3],[-11.6,37.5],[-11.8,37.7],[-11.8,37.5],[-11.6,37.2],[-11.8,37.1],[-12,36.4],[-12,36.1],[-12.3,36.2],[-12.5,36.4],[-12.7,36.5],[-12.7,36.1],[-12.6,36],[-12.9,36.1],[-13.4,35.6],[-13.7,35.7],[-14.1,35.7],[-14.3,35.5],[-14.6,34.9],[-15.2,34.7],[-15.6,34.3],[-16.2,34],[-17.2,33],[-18.2,32.3],[-18.4,32.2]]]]}},{"type":"Feature","properties":{},"geometry":{"type":"MultiPolygon","coordinates":[[[[-83.8,-66.7],[-83.4,-66.8],[-83.8,-66.8],[-83.8,-67],[-83.8,-67.1],[-83.5,-66.9],[-83.3,-67.3],[-83.4,-67.4],[-84.2,-67.1],[-84.6,-67.2],[-85,-67.1],[-85.4,-67],[-85.5,-66.9],[-85.7,-67],[-85.9,-67.1],[-86.5,-67],[-85.8,-66.7],[-85.4,-66.7],[-84.9,-66.8],[-84.5,-66.6],[-84.4,-66.5],[-83.8,-66.7]]]]}},{"type":"Feature","properties":{},"geometry":{"type":"MultiPolygon","coordinates":[[[[-84.3,-66.5],[-86.4,-66.4],[-87.1,-66.2],[-87.2,-66.2],[-87.4,-66],[-87.2,-66],[-86.8,-66.1],[-86.2,-66.1],[-86,-66.1],[-85.8,-66.1],[-85.6,-65.9],[-85.2,-66.1],[-85,-66.2],[-84.8,-66.4],[-84.3,-66.5]]]]}},{"type":"Feature","properties":{},"geometry":{"type":"MultiPolygon","coordinates":[[[[-86.6,-65.9],[-86.9,-65.8],[-87,-65.9],[-86.6,-65.9]]]]}},{"type":"Feature","properties":{},"geometry":{"type":"MultiPolygon","coordinates":[[[[1.9,57.1],[0.5,57.6],[-1.2,57.8],[-0.3,58.9],[2.5,57.8],[2.4,57.2],[1.9,57.1]]]]}},{"type":"Feature","properties":{},"geometry":{"type":"MultiPolygon","coordinates":[[[[3.9,57.5],[7.2,58.1],[4.8,57],[3.9,57.5]]]]}},{"type":"Feature","properties":{},"geometry":{"type":"MultiPolygon","coordinates":[[[[-19,35.3],[-18,35.1],[-18.3,34.6],[-19,35.3]]]]}},{"type":"Feature","properties":{},"geometry":{"type":"MultiPolygon","coordinates":[[[[-18.5,36.1],[-18.3,36.4],[-18,37],[-15.6,39.5],[-15.3,39.6],[-17,38],[-18,36],[-18.5,36.1]]]]}},{"type":"Feature","properties":{},"geometry":{"type":"MultiPolygon","coordinates":[[[[-102.1,-48.5],[-103,-48.6],[-103,-48.3],[-103.2,-48.4],[-103,-48],[-102.9,-47.9],[-103.3,-47.7],[-103.4,-47.8],[-103.4,-47.9],[-103.1,-47.6],[-102.8,-47.7],[-102.6,-48],[-102.5,-48],[-102.2,-48],[-102,-48.3],[-102,-48.5],[-102.1,-48.5]]]]}},{"type":"Feature","properties":{},"geometry":{"type":"MultiPolygon","coordinates":[[[[-103.7,-48.8],[-103.8,-48.8],[-103.8,-48.7],[-103.5,-48.7],[-103.7,-48.8]]]]}},{"type":"Feature","properties":{},"geometry":{"type":"MultiPolygon","coordinates":[[[[-104.3,-48.9],[-104.5,-48.6],[-104.4,-48.5],[-104.2,-48.7],[-104.3,-48.9]]]]}},{"type":"Feature","properties":{},"geometry":{"type":"MultiPolygon","coordinates":[[[[-105,-49],[-104.9,-48.8],[-104.7,-48.7],[-105,-49]]]]}},{"type":"Feature","properties":{},"geometry":{"type":"MultiPolygon","coordinates":[[[[-105.9,-49.1],[-106.4,-49.2],[-105.8,-49],[-105.9,-49.1]]]]}},{"type":"Feature","properties":{},"geometry":{"type":"MultiPolygon","coordinates":[[[[-107.9,-49.7],[-108.1,-49.6],[-108.1,-49.4],[-108,-49.3],[-107.9,-49.3],[-107.8,-49.5],[-107.9,-49.7]]]]}},{"type":"Feature","properties":{},"geometry":{"type":"MultiPolygon","coordinates":[[[[-108.4,-49.8],[-108.6,-49.8],[-108.3,-49.6],[-108.4,-49.8]]]]}},{"type":"Feature","properties":{},"geometry":{"type":"MultiPolygon","coordinates":[[[[-108.9,-50],[-109.4,-49.9],[-109,-49.7],[-108.9,-50]]]]}},{"type":"Feature","properties":{},"geometry":{"type":"MultiPolygon","coordinates":[[[[-109.8,-50.2],[-110,-50.2],[-109.6,-50],[-109.8,-50.2]]]]}},{"type":"Feature","properties":{},"geometry":{"type":"MultiPolygon","coordinates":[[[[-110.6,-50.7],[-111,-50.9],[-111.2,-51],[-111.3,-50.9],[-111.4,-51],[-112.1,-50.9],[-112,-50.7],[-111.8,-50.8],[-111.5,-50.7],[-111.2,-50.8],[-111,-50.7],[-111.3,-50.6],[-111.5,-50.5],[-111.2,-50.5],[-110.8,-50.4],[-110.6,-50.7]]]]}},{"type":"Feature","properties":{},"geometry":{"type":"MultiPolygon","coordinates":[[[[-112.2,-51.5],[-112.3,-51.6],[-112.6,-51.5],[-112.8,-52.3],[-112.8,-51.7],[-112.2,-51.5]]]]}},{"type":"Feature","properties":{},"geometry":{"type":"MultiPolygon","coordinates":[[[[-113.6,-53.2],[-114,-53.3],[-113.7,-53.4],[-114.2,-54.3],[-114.4,-53.7],[-114.3,-53.1],[-114.4,-52.9],[-114.4,-52.8],[-114.2,-52.7],[-114.2,-52.4],[-114.3,-52.3],[-114.1,-52.2],[-114.2,-52.1],[-114.2,-52],[-113.9,-51.9],[-114,-52.1],[-114,-52.4],[-114,-52.5],[-114,-52.8],[-113.6,-52.6],[-113.3,-52.3],[-113.5,-52.8],[-113.8,-53],[-113.6,-53.2]]]]}},{"type":"Feature","properties":{},"geometry":{"type":"MultiPolygon","coordinates":[[[[-105.9,-48.9],[-106.1,-49],[-106.7,-49.2],[-107.1,-49.3],[-107.5,-49.4],[-107.7,-49.3],[-107.8,-49.1],[-107.6,-49.2],[-107.4,-49.2],[-107.3,-49],[-107.1,-49],[-106.9,-49.1],[-106.8,-49],[-107.2,-48.9],[-107.3,-48.9],[-107.5,-49],[-107.4,-48.8],[-107.3,-48.7],[-107.2,-48.6],[-106.9,-48.6],[-107,-48.9],[-106.9,-48.7],[-106.9,-48.8],[-106.8,-48.8],[-106.7,-48.9],[-106.4,-48.9],[-106.2,-48.8],[-106.1,-48.8],[-106.1,-48.7],[-105.8,-48.8],[-105.9,-48.9]]]]}},{"type":"Feature","properties":{},"geometry":{"type":"MultiPolygon","coordinates":[[[[-111.5,-51.1],[-111.7,-51.2],[-112,-51.3],[-112.3,-51.3],[-112.6,-51.4],[-112.2,-51],[-112.2,-51.1],[-111.8,-51],[-111.5,-51.1]]]]}},{"type":"Feature","properties":{},"geometry":{"type":"MultiPolygon","coordinates":[[[[-114.4,-53.9],[-114.7,-53.8],[-114.8,-53.7],[-115.1,-53.8],[-115.1,-54.1],[-115.6,-54.2],[-115.4,-54],[-115.3,-53.8],[-115.3,-53.6],[-115,-53.6],[-115,-53.4],[-115.3,-53.5],[-115.5,-53.4],[-115.1,-53.3],[-114.9,-53],[-114.8,-53],[-114.7,-53.4],[-114.4,-53.9]]]]}},{"type":"Feature","properties":{},"geometry":{"type":"MultiPolygon","coordinates":[[[[-112.5,-51],[-112.7,-51.1],[-112.9,-51.2],[-112.8,-51.4],[-113,-51.5],[-113.5,-51.5],[-113.4,-51.4],[-113.6,-51.1],[-113.5,-51.3],[-113.1,-51.2],[-113.5,-50.9],[-113.1,-50.8],[-112.8,-50.9],[-112.5,-51]]]]}},{"type":"Feature","properties":{},"geometry":{"type":"MultiPolygon","coordinates":[[[[-114.7,-54.7],[-114.9,-54.4],[-114.9,-54.1],[-114.3,-54.5],[-114.7,-54.7]]]]}},{"type":"Feature","properties":{},"geometry":{"type":"MultiPolygon","coordinates":[[[[-113.1,-52.7],[-113.3,-52.6],[-113.1,-52.3],[-113.1,-52.7]]]]}},{"type":"Feature","properties":{},"geometry":{"type":"MultiPolygon","coordinates":[[[[-112.2,-50.4],[-112.4,-50.7],[-112.5,-50.9],[-112.3,-50.5],[-112.2,-50.4]]]]}},{"type":"Feature","properties":{},"geometry":{"type":"MultiPolygon","coordinates":[[[[-112.2,-50.4],[-112.3,-50.3],[-112.2,-50.1],[-112,-50],[-112.1,-50.3],[-112.2,-50.4]]]]}},{"type":"Feature","properties":{},"geometry":{"type":"MultiPolygon","coordinates":[[[[-105.1,-48.2],[-105.2,-48.3],[-105.5,-48.5],[-105.9,-48.5],[-105.6,-48.3],[-105.6,-48.2],[-105.3,-48.1],[-105.1,-48.2]]]]}},{"type":"Feature","properties":{},"geometry":{"type":"MultiPolygon","coordinates":[[[[-113.2,-51.9],[-113.2,-52],[-113.4,-52.2],[-113.6,-52.3],[-113.7,-52.1],[-113.4,-52],[-113.6,-51.9],[-113.2,-51.9]]]]}},{"type":"Feature","properties":{},"geometry":{"type":"MultiPolygon","coordinates":[[[[-113,-51.7],[-113.3,-51.8],[-113.5,-51.9],[-113.8,-51.9],[-113.7,-51.7],[-113.5,-51.7],[-113.2,-51.5],[-113,-51.7]]]]}},{"type":"Feature","properties":{},"geometry":{"type":"MultiPolygon","coordinates":[[[[-107.9,-48.9],[-108,-49],[-108.1,-49],[-107.9,-49.1],[-108.6,-48.9],[-108.1,-48.9],[-107.9,-48.9]]]]}},{"type":"Feature","properties":{},"geometry":{"type":"MultiPolygon","coordinates":[[[[-105.4,-48.8],[-105.7,-49],[-105.6,-48.6],[-105.3,-48.6],[-105.4,-48.8]]]]}},{"type":"Feature","properties":{},"geometry":{"type":"MultiPolygon","coordinates":[[[[-108.8,-49.6],[-109.2,-49.6],[-109.2,-49.4],[-109.1,-49.5],[-108.8,-49.4],[-108.8,-49.6]]]]}},{"type":"Feature","properties":{},"geometry":{"type":"MultiPolygon","coordinates":[[[[-105.1,-48.5],[-105.3,-48.6],[-105.4,-48.4],[-105.3,-48.4],[-105.1,-48.3],[-105.1,-48.5]]]]}},{"type":"Feature","properties":{},"geometry":{"type":"MultiPolygon","coordinates":[[[[-108.3,-49.5],[-108.9,-49.8],[-108.7,-49.6],[-108.5,-49.5],[-108.5,-49.3],[-108.3,-49.5]]]]}},{"type":"Feature","properties":{},"geometry":{"type":"MultiPolygon","coordinates":[[[[-114.5,-52.8],[-114.8,-52.8],[-115,-52.7],[-114.8,-52.6],[-114.9,-52.5],[-114.7,-52.5],[-114.5,-52.8]]]]}},{"type":"Feature","properties":{},"geometry":{"type":"MultiPolygon","coordinates":[[[[-114.4,-53.3],[-114.7,-53.2],[-114.6,-53.1],[-114.4,-53.1],[-114.4,-53.3]]]]}},{"type":"Feature","properties":{},"geometry":{"type":"MultiPolygon","coordinates":[[[[-109.5,-49.6],[-109.8,-49.6],[-110,-49.4],[-109.5,-49.6]]]]}},{"type":"Feature","properties":{},"geometry":{"type":"MultiPolygon","coordinates":[[[[-105.6,-48.3],[-106.1,-48.3],[-106,-48.3],[-105.8,-48.2],[-105.6,-48.3]]]]}},{"type":"Feature","properties":{},"geometry":{"type":"MultiPolygon","coordinates":[[[[-108.6,-49],[-108.8,-49.1],[-109.1,-49.1],[-108.9,-48.9],[-108.6,-49]]]]}},{"type":"Feature","properties":{},"geometry":{"type":"MultiPolygon","coordinates":[[[[-107.3,-48.7],[-107.7,-48.8],[-107.5,-48.6],[-107.3,-48.7]]]]}},{"type":"Feature","properties":{},"geometry":{"type":"MultiPolygon","coordinates":[[[[-106.2,-48.4],[-106.2,-48.5],[-106.4,-48.5],[-106.4,-48.4],[-106.2,-48.4]]]]}},{"type":"Feature","properties":{},"geometry":{"type":"MultiPolygon","coordinates":[[[[-106.4,-48.7],[-106.7,-48.7],[-106.5,-48.7],[-106.4,-48.7]]]]}},{"type":"Feature","properties":{},"geometry":{"type":"MultiPolygon","coordinates":[[[[-110.5,-49.6],[-110.8,-49.5],[-110.7,-49.5],[-110.5,-49.6]]]]}},{"type":"Feature","properties":{},"geometry":{"type":"MultiPolygon","coordinates":[[[[-111.2,-50.4],[-111.6,-50.3],[-111.5,-50.2],[-111.2,-50.4]]]]}},{"type":"Feature","properties":{},"geometry":{"type":"MultiPolygon","coordinates":[[[[-104.8,-48.4],[-105,-48.5],[-105,-48.3],[-104.8,-48.4]]]]}},{"type":"Feature","properties":{},"geometry":{"type":"MultiPolygon","coordinates":[[[[-109.7,-49.3],[-109.8,-49.4],[-110.3,-49.3],[-109.7,-49.3]]]]}},{"type":"Feature","properties":{},"geometry":{"type":"MultiPolygon","coordinates":[[[[-106.5,-48.5],[-106.8,-48.5],[-106.9,-48.4],[-106.5,-48.5]]]]}},{"type":"Feature","properties":{},"geometry":{"type":"MultiPolygon","coordinates":[[[[-110.5,-50.1],[-110.6,-50.2],[-110.6,-50.1],[-110.5,-50.1]]]]}},{"type":"Feature","properties":{},"geometry":{"type":"MultiPolygon","coordinates":[[[[-108.8,-49.4],[-109,-49.4],[-109,-49.3],[-109,-49.2],[-108.8,-49.2],[-108.8,-49.4]]]]}},{"type":"Feature","properties":{},"geometry":{"type":"MultiPolygon","coordinates":[[[[-109.9,-50],[-110.1,-50.1],[-110.1,-50],[-109.9,-50]]]]}},{"type":"Feature","properties":{},"geometry":{"type":"MultiPolygon","coordinates":[[[[-111,-50.2],[-111.2,-50.1],[-111,-50.1],[-111,-50.2]]]]}},{"type":"Feature","properties":{},"geometry":{"type":"MultiPolygon","coordinates":[[[[-112.6,-50.8],[-112.9,-50.7],[-112.7,-50.6],[-112.6,-50.8]]]]}},{"type":"Feature","properties":{},"geometry":{"type":"MultiPolygon","coordinates":[[[[-104.5,-48.3],[-104.8,-48.2],[-104.6,-48.2],[-104.5,-48.3]]]]}},{"type":"Feature","properties":{},"geometry":{"type":"MultiPolygon","coordinates":[[[[93.1,-51],[94.9,-50.6],[97.2,-50.2],[96.2,-50.8],[95.2,-51.4],[91.9,-52.9],[93.1,-51]]]]}},{"type":"Feature","properties":{},"geometry":{"type":"MultiPolygon","coordinates":[[[[95.1,-49.7],[97.6,-49.4],[93.7,-51],[95.1,-49.8],[95.1,-49.7]]]]}},{"type":"Feature","properties":{},"geometry":{"type":"MultiPolygon","coordinates":[[[[97.6,-49.4],[100.2,-49.2],[102.4,-50.8],[99.3,-50.5],[97.2,-50.2],[94.9,-50.6],[97.6,-49.4]]]]}},{"type":"Feature","properties":{},"geometry":{"type":"MultiPolygon","coordinates":[[[[121.3,-47.4],[125.7,-46.2],[127.5,-45.4],[130.2,-44],[128.9,-45.1],[126.7,-46.3],[126.3,-46.2],[126,-46.7],[124.8,-47.4],[123.5,-48.5],[121.1,-49.7],[120.6,-49.7],[120.8,-49],[121.4,-47.8],[121.3,-47.4]]]]}},{"type":"Feature","properties":{},"geometry":{"type":"MultiPolygon","coordinates":[[[[127.4,-42.6],[130.8,-42.7],[130.2,-44],[127.5,-45.4],[125.7,-46.2],[121.3,-47.4],[122.3,-46.9],[123,-46.8],[123.1,-46.5],[124.1,-45.5],[124.6,-45.2],[125.1,-45],[125.3,-44.8],[125.8,-44.3],[126.2,-44],[125.5,-43.9],[126.4,-43.2],[127.4,-42.6]]]]}},{"type":"Feature","properties":{},"geometry":{"type":"MultiPolygon","coordinates":[[[[-44.2,60.7],[-44.5,60.5],[-44.9,60.4],[-45.3,60.5],[-44.5,60.6],[-44.2,60.7]]]]}},{"type":"Feature","properties":{},"geometry":{"type":"MultiPolygon","coordinates":[[[[-44.9,61.4],[-45.2,61.2],[-45.4,60.7],[-45.5,60.6],[-45.6,60.4],[-45.8,60.4],[-45.9,60.3],[-45.7,60.2],[-46.1,60.1],[-46.4,60.1],[-46.2,59.9],[-46.4,59.9],[-46.6,60],[-46.3,60.2],[-46.6,60.2],[-46.4,60.3],[-46.1,60.4],[-46.5,60.6],[-46.2,60.6],[-46.2,61],[-45.2,61.3],[-44.9,61.4]]]]}},{"type":"Feature","properties":{},"geometry":{"type":"MultiPolygon","coordinates":[[[[-42.4,62.9],[-43,62.7],[-43.4,62.4],[-43.4,62.3],[-43.8,62.4],[-44,62.4],[-44,62.5],[-43.7,62.6],[-43,63.1],[-42.7,63.1],[-42.4,62.9]]]]}},{"type":"Feature","properties":{},"geometry":{"type":"MultiPolygon","coordinates":[[[[-44.9,60],[-45.3,60],[-44.7,60.3],[-44.6,60.3],[-44.9,60]]]]}},{"type":"Feature","properties":{},"geometry":{"type":"MultiPolygon","coordinates":[[[[-43.8,61.8],[-44.2,61.4],[-44.4,61.6],[-44.8,61.5],[-44.4,62],[-44.2,62.2],[-43.8,61.8]]]]}},{"type":"Feature","properties":{},"geometry":{"type":"MultiPolygon","coordinates":[[[[-46.4,57.6],[-47,56.9],[-47.2,57.2],[-47,57.3],[-46.6,57.5],[-46.4,57.6]]]]}},{"type":"Feature","properties":{},"geometry":{"type":"MultiPolygon","coordinates":[[[[-44.6,62.2],[-44.5,61.9],[-44.9,61.8],[-45.3,61.6],[-45.5,61.6],[-45.8,61.7],[-45.7,61.8],[-45.1,61.8],[-45,62],[-44.7,62.2],[-44.6,62.2]]]]}},{"type":"Feature","properties":{},"geometry":{"type":"MultiPolygon","coordinates":[[[[-46.4,58.5],[-46.9,57.7],[-46.6,58.2],[-46.5,58.4],[-46.4,58.5]]]]}},{"type":"Feature","properties":{},"geometry":{"type":"MultiPolygon","coordinates":[[[[-44.3,61],[-44.5,60.8],[-44.8,60.7],[-44.7,61],[-44.3,61.1],[-44.3,61]]]]}},{"type":"Feature","properties":{},"geometry":{"type":"MultiPolygon","coordinates":[[[[-46.5,60.7],[-46.8,60.4],[-47,60.3],[-46.7,60.6],[-46.5,60.7]]]]}},{"type":"Feature","properties":{},"geometry":{"type":"MultiPolygon","coordinates":[[[[-44,60.9],[-44.2,60.8],[-44.1,60.9],[-44,60.9]]]]}},{"type":"Feature","properties":{},"geometry":{"type":"MultiPolygon","coordinates":[[[[-46.3,58.7],[-46.4,58.6],[-46.8,58.7],[-46.3,58.7]]]]}},{"type":"Feature","properties":{},"geometry":{"type":"MultiPolygon","coordinates":[[[[-45.2,61.3],[-45.8,61.4],[-45.4,61.4],[-45.2,61.3]]]]}},{"type":"Feature","properties":{},"geometry":{"type":"MultiPolygon","coordinates":[[[[-46.5,56.9],[-46.9,56.7],[-46.7,57],[-46.5,56.9]]]]}},{"type":"Feature","properties":{},"geometry":{"type":"MultiPolygon","coordinates":[[[[96.5,-50.7],[98.4,-50.4],[102.5,-51],[101.7,-51.4],[97.5,-51.4],[96.5,-50.7]]]]}},{"type":"Feature","properties":{},"geometry":{"type":"MultiPolygon","coordinates":[[[[117.7,-47.4],[115,-48.5],[115.2,-47.8],[117.7,-47.4]]]]}},{"type":"Feature","properties":{},"geometry":{"type":"MultiPolygon","coordinates":[[[[-40.3,39.4],[-41.3,36.4],[-41.8,37.3],[-42.2,36.9],[-42.8,36.5],[-43.7,35.5],[-44.8,33.9],[-44.4,34.9],[-44,35.6],[-43.5,36.8],[-43.7,37.3],[-43.5,37.8],[-42.7,37.6],[-42.3,38.9],[-41.4,38.9],[-41.2,40.1],[-40.3,39.4]]]]}},{"type":"Feature","properties":{},"geometry":{"type":"MultiPolygon","coordinates":[[[[-20,36.9],[-19.6,38.5],[-19.1,38.9],[-19.2,38.1],[-19.8,37],[-20,36.9]]]]}},{"type":"Feature","properties":{},"geometry":{"type":"MultiPolygon","coordinates":[[[[83.6,14.1],[83.6,11.7],[84.3,9.6],[83.7,6.9],[83,5.7],[83,4.3],[83,3.6],[81.9,6.8],[82.8,9.4],[83,11.8],[83.6,14.1]]]]}},{"type":"Feature","properties":{},"geometry":{"type":"MultiPolygon","coordinates":[[[[111.5,-48.9],[112,-48.9],[110.5,-49.4],[111.5,-48.9]]]]}},{"type":"Feature","properties":{},"geometry":{"type":"MultiPolygon","coordinates":[[[[114.8,-44.7],[117.2,-44.3],[118.2,-44.2],[119.1,-44.1],[120.3,-43.9],[122.1,-43.8],[121.8,-44.2],[120.9,-44.4],[120.3,-44.4],[120,-44.5],[119.3,-44.6],[119.6,-44.7],[119,-44.9],[118.7,-45],[118.4,-44.9],[117.9,-45.1],[117.4,-45],[117.5,-45.3],[117.1,-45.3],[116.9,-45.5],[116.8,-45.6],[116.5,-45.6],[116.2,-45.7],[115.7,-45.9],[115.2,-46.4],[115.3,-46.5],[114.4,-46.9],[114,-47.1],[113.4,-47.4],[112.8,-47.6],[114.8,-44.7]]]]}},{"type":"Feature","properties":{},"geometry":{"type":"MultiPolygon","coordinates":[[[[122.2,-43.8],[122.6,-43.8],[122.2,-44],[122.2,-43.8]]]]}},{"type":"Feature","properties":{},"geometry":{"type":"MultiPolygon","coordinates":[[[[89.5,9.7],[91.5,7.2],[91.4,7.1],[91.1,6.9],[90.8,6.7],[90.5,6.9],[88.6,8.9],[88.7,10.3],[89.5,9.7]]]]}},{"type":"Feature","properties":{},"geometry":{"type":"MultiPolygon","coordinates":[[[[-18,35.1],[-18.7,35.9],[-18,36],[-17,38],[-15.3,39.6],[-14.8,40.2],[-14.7,39.5],[-15.6,38.7],[-17.3,36.5],[-17.9,35.1],[-18,35.1]]]]}},{"type":"Feature","properties":{},"geometry":{"type":"MultiPolygon","coordinates":[[[[21.4,-19],[21.5,-18],[22.7,-18.9],[22.5,-19.8],[22,-18.8],[21.4,-18.9],[21.4,-19]]]]}},{"type":"Feature","properties":{},"geometry":{"type":"MultiPolygon","coordinates":[[[[-33.6,22.2],[-34,21],[-34.5,19.1],[-34.3,19],[-35,17.3],[-35.3,17.4],[-36.5,17.4],[-36.1,18.2],[-35.8,18.5],[-36.2,18.7],[-35,19.9],[-33.9,22.1],[-33.6,22.2]]]]}},{"type":"Feature","properties":{},"geometry":{"type":"MultiPolygon","coordinates":[[[[13.7,66.3],[10.8,69.4],[11.5,69.5],[13.7,69.4],[13.9,69],[17.4,68.7],[20.3,69],[23.5,69.4],[26.5,69.7],[27.5,69.8],[29.1,70],[26.8,69.1],[20,67.1],[13.7,66.3]]]]}},{"type":"Feature","properties":{},"geometry":{"type":"MultiPolygon","coordinates":[[[[15,51.8],[20.1,55.6],[20.3,58.5],[22.8,57.5],[22.8,56.3],[21.5,55],[17.1,52.6],[15,51.8]]]]}},{"type":"Feature","properties":{},"geometry":{"type":"MultiPolygon","coordinates":[[[[7.1,33.5],[7.4,33.5],[7.5,33],[7.7,32.9],[7.6,32.7],[7.4,32.8],[7.3,32.9],[7.2,33.3],[7,33.4],[7.1,33.5]]]]}},{"type":"Feature","properties":{},"geometry":{"type":"MultiPolygon","coordinates":[[[[7.9,35.2],[8,34.9],[7.5,35.3],[7.9,35.2]]]]}},{"type":"Feature","properties":{},"geometry":{"type":"MultiPolygon","coordinates":[[[[7.7,35.6],[7.5,35.4],[7.1,35.8],[7.7,35.6]]]]}},{"type":"Feature","properties":{},"geometry":{"type":"MultiPolygon","coordinates":[[[[7,33.1],[7.1,32.9],[7.1,32.6],[6.8,33],[7,33.1]]]]}},{"type":"Feature","properties":{},"geometry":{"type":"MultiPolygon","coordinates":[[[[8.1,34.6],[8.2,34.4],[8,34.8],[8.1,34.6]]]]}},{"type":"Feature","properties":{},"geometry":{"type":"MultiPolygon","coordinates":[[[[6.9,34.2],[7.6,34.5],[7.1,34.1],[6.9,34.2]]]]}},{"type":"Feature","properties":{},"geometry":{"type":"MultiPolygon","coordinates":[[[[6.7,34.5],[6.9,34.5],[6.8,34.5],[6.7,34.5]]]]}},{"type":"Feature","properties":{},"geometry":{"type":"MultiPolygon","coordinates":[[[[-9.4,29.1],[-9.4,29.5],[-9.1,29.9],[-8.8,29.7],[-9.2,29.3],[-9.4,29.1]]]]}},{"type":"Feature","properties":{},"geometry":{"type":"MultiPolygon","coordinates":[[[[-10,29.5],[-10.9,30.1],[-10.7,30.2],[-11.2,30.9],[-10.8,30.7],[-10.6,31],[-10,30.7],[-9.7,30.7],[-9.9,30.2],[-10,29.9],[-10,29.5]]]]}},{"type":"Feature","properties":{},"geometry":{"type":"MultiPolygon","coordinates":[[[[-2.7,29.4],[-3.1,28.5],[-3.2,28.3],[-3.5,27.9],[-3.6,27.9],[-3.8,27.8],[-3.9,27.9],[-4.2,27.9],[-4.4,27.8],[-4.7,28.1],[-4.6,28.4],[-4.5,28.8],[-4,28.7],[-3.7,28.7],[-3.9,29],[-4,29.1],[-4.1,29.2],[-4.3,29.4],[-4.2,29.5],[-3.9,29.8],[-3.7,29.7],[-3.7,29.9],[-3.5,29.9],[-3.2,29.9],[-2.9,30.4],[-2.6,30.2],[-2.5,30.4],[-2.7,29.6],[-2.7,29.4]]]]}},{"type":"Feature","properties":{},"geometry":{"type":"MultiPolygon","coordinates":[[[[-8.8,31.7],[-9.5,31.4],[-10.2,31.3],[-9.9,31.7],[-10.5,31.7],[-10.7,31.7],[-11,31.7],[-10.9,31.9],[-11.1,32],[-11,32.4],[-10.8,32.5],[-10,32.2],[-9.1,31.7],[-9,31.7],[-8.8,31.7]]]]}},{"type":"Feature","properties":{},"geometry":{"type":"MultiPolygon","coordinates":[[[[-5.5,30.2],[-5.5,29.8],[-5.6,29.5],[-6,28.9],[-6.4,28.9],[-6.3,29.7],[-6.3,30.1],[-6,30],[-6.1,30.2],[-5.9,30.4],[-5.5,30.2]]]]}},{"type":"Feature","properties":{},"geometry":{"type":"MultiPolygon","coordinates":[[[[-5.4,28.2],[-5.9,28.4],[-5.6,28.6],[-5.4,29.1],[-5.1,28.9],[-5.3,28.5],[-5.4,28.2]]]]}},{"type":"Feature","properties":{},"geometry":{"type":"MultiPolygon","coordinates":[[[[-8.1,30.5],[-8.5,31],[-7.7,30.7],[-7.9,30.6],[-8.1,30.5]]]]}},{"type":"Feature","properties":{},"geometry":{"type":"MultiPolygon","coordinates":[[[[-7,30.8],[-7.5,31.1],[-7.6,31.5],[-7,30.8]]]]}},{"type":"Feature","properties":{},"geometry":{"type":"MultiPolygon","coordinates":[[[[-5.6,28.2],[-5.4,27.9],[-6,28],[-5.6,28.2]]]]}},{"type":"Feature","properties":{},"geometry":{"type":"MultiPolygon","coordinates":[[[[6.4,26.7],[5.6,27.2],[5.4,27.4],[5.1,27.5],[4.2,28.3],[4.5,28.4],[4.8,28.3],[5.4,28.1],[6.1,28],[6,27.6],[6.4,26.7]]]]}},{"type":"Feature","properties":{},"geometry":{"type":"MultiPolygon","coordinates":[[[[4.3,29.1],[4.8,29.2],[4.8,29.3],[4.9,29.5],[5.1,29.4],[5.2,29.5],[5.4,29.6],[5.9,29.6],[6,28.9],[5.7,28.7],[5.3,28.6],[4.8,28.4],[4.6,28.7],[4.3,29.1]]]]}},{"type":"Feature","properties":{},"geometry":{"type":"MultiPolygon","coordinates":[[[[7.3,27.7],[7.3,27.4],[6.4,27.5],[7.3,27.7]]]]}},{"type":"Feature","properties":{},"geometry":{"type":"MultiPolygon","coordinates":[[[[6.1,27.9],[6.5,27.8],[6.1,27.7],[6.1,27.9]]]]}},{"type":"Feature","properties":{},"geometry":{"type":"MultiPolygon","coordinates":[[[[97.2,-48.5],[103.3,-47.6],[106.1,-47.4],[110.6,-46.5],[113.5,-44.8],[114.8,-44.7],[113.4,-46.9],[112.3,-47.9],[111.6,-48],[111.5,-48.3],[111.1,-48.7],[110.8,-49],[109.1,-49.7],[103.8,-51.1],[102,-49.9],[99.9,-49],[97.2,-49.5],[95.8,-49.3],[96.5,-48.9],[97.2,-48.5]]]]}},{"type":"Feature","properties":{},"geometry":{"type":"MultiPolygon","coordinates":[[[[85.7,2.5],[87.4,1.2],[90.3,-1.6],[90.5,-1.8],[90.3,-1.9],[90.3,-2.1],[90,-2.3],[89.9,-2.5],[88.5,-3.1],[88.8,-1.9],[88.3,-1.6],[88,-1.2],[87.4,-1.2],[87.5,-0.9],[87.3,-0.5],[86.9,-0.8],[86.9,-0.3],[86.8,0],[86.4,0.6],[86.2,0.7],[86.1,0.8],[86,0.9],[85.7,1.1],[84.8,3.2],[85.7,2.5]]]]}},{"type":"Feature","properties":{},"geometry":{"type":"MultiPolygon","coordinates":[[[[91.8,-8.2],[91.6,-8.2],[91.3,-7.9],[91.8,-8.2]]]]}},{"type":"Feature","properties":{},"geometry":{"type":"MultiPolygon","coordinates":[[[[87.8,-1.4],[87.7,-1.7],[87.7,-1.3],[87.8,-1.4]]]]}},{"type":"Feature","properties":{},"geometry":{"type":"MultiPolygon","coordinates":[[[[-50.6,-17.5],[-51.1,-17.7],[-51.5,-17.8],[-51.6,-18.4],[-52.3,-18.8],[-53.1,-18.3],[-54.4,-17.4],[-53.8,-15.3],[-52.5,-13.7],[-51.1,-12.1],[-49.9,-10.6],[-48.9,-10.1],[-48.6,-9.7],[-48.1,-9.4],[-47.3,-9.7],[-48.7,-12.6],[-50.6,-17.5]]]]}},{"type":"Feature","properties":{},"geometry":{"type":"MultiPolygon","coordinates":[[[[119.6,-43.2],[120.6,-43.1],[123.8,-42.8],[125.6,-42.8],[125,-43.5],[124.2,-43.7],[123.3,-44.3],[123.1,-44.1],[122.8,-44.3],[122.3,-44.4],[122,-44.3],[121.4,-44.5],[120.4,-44.6],[119.5,-44.9],[118.8,-45.2],[118.6,-45.2],[118.4,-45.3],[118.1,-45.5],[117.9,-45.6],[117.5,-45.7],[116.9,-46],[116.8,-46.2],[115.1,-45.4],[115.8,-45.3],[116.9,-44.7],[118.3,-44.4],[118.8,-44.3],[119.2,-43.5],[119.6,-43.2]]]]}},{"type":"Feature","properties":{},"geometry":{"type":"MultiPolygon","coordinates":[[[[-45,-10.6],[-45,-11.2],[-45,-11.6],[-45,-12.2],[-45,-12.5],[-45.1,-12.8],[-45.3,-13.3],[-45.6,-13.8],[-45.7,-14.3],[-45.8,-14.8],[-47.7,-15.4],[-50.7,-16.5],[-52.5,-17],[-53.7,-17.4],[-53.8,-17.1],[-54.1,-17.3],[-54.3,-17.2],[-54.6,-16.4],[-54.1,-16.1],[-53.5,-15.7],[-53.1,-15.3],[-52.3,-15.2],[-51.5,-14.7],[-51,-15],[-50.8,-14.9],[-50.5,-14.7],[-50.2,-14.7],[-49.9,-14.3],[-49.7,-14.2],[-49.3,-14.4],[-49.1,-14.4],[-48.8,-14.4],[-48.7,-14.3],[-48.6,-14.2],[-48.4,-14.1],[-48.1,-14.1],[-47.9,-14],[-47.8,-14],[-47.8,-13.9],[-47.6,-13.8],[-47.7,-13.6],[-47.9,-13.5],[-47.8,-13.3],[-47.4,-13.1],[-47,-12.4],[-46.7,-12.2],[-46.5,-11.6],[-46.3,-11.5],[-46.4,-11],[-46.1,-10.6],[-45.1,-10.3],[-45,-10.5],[-45,-10.6]]]]}},{"type":"Feature","properties":{},"geometry":{"type":"MultiPolygon","coordinates":[[[[-109.7,-70.5],[-117.6,-67.7],[-114,-66.6],[-112.2,-66.4],[-111.2,-66.5],[-110.7,-67.1],[-109.5,-67.2],[-108.6,-67.3],[-107.8,-67.4],[-106.4,-67.4],[-103.1,-67.4],[-100.7,-65.1],[-100.2,-64.2],[-98.9,-64.3],[-98.7,-64],[-98.5,-63.5],[-97.8,-63.4],[-97.7,-63.1],[-97.7,-62.8],[-97.3,-62.7],[-97.7,-62.3],[-97.2,-62.2],[-97.2,-62.5],[-96.2,-61.9],[-95.5,-61.8],[-95.3,-61.5],[-94.4,-61.6],[-94.1,-61.5],[-93.7,-61.2],[-93.5,-61.1],[-93,-60.8],[-92.4,-60.9],[-92,-60.9],[-91.8,-60.7],[-91.5,-60.8],[-91,-60.8],[-90.8,-60.6],[-90.3,-60.6],[-90.1,-60.3],[-89.1,-60.4],[-88.5,-60.3],[-87.2,-60.2],[-86.2,-60.2],[-86.2,-60.5],[-86.7,-60.3],[-86.9,-60.5],[-88.4,-60.8],[-88.5,-61],[-89,-61],[-89.4,-61.1],[-90,-60.9],[-91.1,-61.2],[-92,-61.3],[-92.2,-61.7],[-92.3,-62.1],[-91.8,-62],[-91.4,-62.3],[-91.8,-62.5],[-92.2,-62.3],[-92.5,-62.2],[-93.4,-62.4],[-94,-61.9],[-94.2,-62.1],[-94.4,-62.2],[-94.8,-62.6],[-95.1,-62.3],[-95.6,-62.5],[-95.8,-62.7],[-96.3,-62.7],[-96.6,-63.3],[-96.4,-63.4],[-96.7,-63.8],[-96.7,-64.2],[-96.4,-64.2],[-96.3,-64],[-95.5,-64.1],[-96,-64.4],[-96.3,-64.7],[-95.8,-65.2],[-96.5,-65.8],[-96.5,-66.1],[-96.7,-66.4],[-96.7,-66.7],[-96.8,-67],[-97.6,-67.1],[-97.1,-67.4],[-98.4,-67.5],[-97.7,-67.6],[-97.6,-67.8],[-98.2,-68],[-98.6,-68.3],[-98.5,-68.5],[-98.5,-68.8],[-99.1,-68.7],[-99.6,-68.6],[-100,-68.8],[-99.9,-69.1],[-100.6,-69.2],[-100.3,-69.4],[-101.3,-69.5],[-101.2,-69.8],[-102.7,-70],[-103.1,-69.7],[-103.2,-70.1],[-103.6,-70.2],[-107.9,-70.3],[-109.4,-70.3],[-109.6,-70.5],[-109.7,-70.5]]]]}},{"type":"Feature","properties":{},"geometry":{"type":"MultiPolygon","coordinates":[[[[-101,-63.5],[-101.4,-64.6],[-102.5,-66.5],[-103.6,-66.8],[-105,-66.8],[-106.4,-66.6],[-105.7,-66.4],[-105,-66.5],[-104.6,-66.1],[-105.2,-65.7],[-106.4,-65.9],[-107.6,-65.6],[-106.6,-65.5],[-105.8,-65.5],[-104.8,-65.5],[-104.2,-65.4],[-102.9,-65.6],[-102.9,-64.8],[-102.3,-64.7],[-103.3,-64.3],[-102.8,-63.4],[-101,-63.5]]]]}},{"type":"Feature","properties":{},"geometry":{"type":"MultiPolygon","coordinates":[[[[-105.3,-64.5],[-107.5,-64.6],[-106,-64.7],[-105.3,-64.5]]]]}},{"type":"Feature","properties":{},"geometry":{"type":"MultiPolygon","coordinates":[[[[-107.8,-66.7],[-108.8,-67.2],[-108.8,-66.7],[-108.5,-66.4],[-107.8,-66.7]]]]}},{"type":"Feature","properties":{},"geometry":{"type":"MultiPolygon","coordinates":[[[[-105.3,-63.9],[-106,-63.7],[-105.1,-63.9],[-105.3,-63.9]]]]}},{"type":"Feature","properties":{},"geometry":{"type":"MultiPolygon","coordinates":[[[[-120.4,-68.4],[-116.4,-71],[-115.3,-71.5],[-116.8,-71.7],[-119.1,-71],[-119.8,-70.9],[-119.7,-71.3],[-118.6,-71.8],[-120.7,-71.9],[-121.6,-71.3],[-122.1,-71.2],[-122.4,-71.4],[-122.3,-72],[-122,-72.5],[-121.3,-72.4],[-119.7,-73.1],[-121.5,-73.3],[-121.3,-73.4],[-127.5,-74.1],[-128.8,-74.7],[-131.8,-74.9],[-130,-76],[-131.9,-76.7],[-137.7,-76.2],[-143.9,-74.4],[-158.8,-76.4],[-159.8,-76.2],[-162.3,-76],[-163.3,-75.7],[-164.1,-75.5],[-165.2,-75.5],[-166.2,-75.2],[-164.8,-74.9],[-162.8,-75.1],[-161,-74.8],[-160.6,-74.5],[-160.6,-73.2],[-162.6,-72.7],[-159.1,-72.4],[-158.8,-72],[-158.5,-71.9],[-159.7,-71.7],[-160,-71.5],[-158.4,-71.3],[-158.7,-71.2],[-158.8,-71.1],[-161,-70.6],[-161.5,-70.6],[-163.9,-70.2],[-163,-69.9],[-163.4,-69.7],[-164.3,-69.7],[-165.5,-69.2],[-164.7,-68.8],[-163.8,-68.6],[-162.3,-68.9],[-160.6,-68.9],[-160.2,-68.6],[-159.4,-68.6],[-158.3,-68.7],[-158.7,-68.2],[-158.7,-67.9],[-160.9,-67.7],[-160.2,-67.4],[-158.3,-67.5],[-157.5,-66.9],[-156.6,-66.6],[-155.9,-66.6],[-155.1,-66.5],[-151.1,-66.9],[-144.6,-66.9],[-139.6,-66.9],[-135.3,-66.9],[-120.4,-68.4]]]]}},{"type":"Feature","properties":{},"geometry":{"type":"MultiPolygon","coordinates":[[[[146.1,-29.9],[144.7,-29.9],[143.3,-29.9],[142.4,-29.8],[141.5,-29.7],[140.8,-29.5],[140.7,-29],[140.7,-28.6],[141.4,-28.7],[141.9,-28.9],[142.8,-28.9],[143.7,-28.4],[144.1,-28.5],[144.5,-28.9],[145.7,-29.4],[146.1,-29.9]]]]}},{"type":"Feature","properties":{},"geometry":{"type":"MultiPolygon","coordinates":[[[[135.8,-31.8],[135.5,-32.4],[135.1,-32.5],[135.4,-32.3],[134.7,-32.3],[134.5,-32.3],[134.1,-32],[134,-32.1],[134.1,-31.6],[134.1,-31.5],[133.8,-31.8],[133.6,-32.1],[133.4,-32.5],[133.1,-32],[132.8,-31.8],[132.4,-31.4],[132.1,-31.2],[132.5,-31.2],[133.2,-30.9],[133.5,-31.1],[133.7,-31],[134,-31.1],[134.1,-31.1],[134.2,-30.8],[134.3,-30.6],[134.9,-31.3],[134.9,-30.9],[135.3,-31.3],[135.5,-31.8],[135.8,-31.8]]]]}},{"type":"Feature","properties":{},"geometry":{"type":"MultiPolygon","coordinates":[[[[134.2,-30.1],[134.7,-31],[134.1,-31.3],[133.3,-31.6],[132.4,-31.7],[132.3,-31.3],[131.9,-31.2],[131.8,-31.3],[131.6,-31.2],[131.4,-31.3],[131,-31.4],[131.2,-30.8],[132.7,-30.1],[134.2,-30.1]]]]}},{"type":"Feature","properties":{},"geometry":{"type":"MultiPolygon","coordinates":[[[[135,-31.4],[135.3,-31.4],[135.1,-31.7],[134.4,-31.8],[135,-31.4]]]]}},{"type":"Feature","properties":{},"geometry":{"type":"MultiPolygon","coordinates":[[[[132.8,-31.5],[133.2,-31.7],[133.1,-31.9],[132.7,-31.9],[132.5,-31.6],[132.8,-31.5]]]]}},{"type":"Feature","properties":{},"geometry":{"type":"MultiPolygon","coordinates":[[[[135.5,-31.4],[136.6,-31.1],[135.6,-31.5],[135.5,-31.4]]]]}},{"type":"Feature","properties":{},"geometry":{"type":"MultiPolygon","coordinates":[[[[128.4,-39],[127.2,-39.8],[125.9,-40.7],[124.8,-41.5],[124.4,-41.4],[124.2,-41],[125.7,-40.1],[127.3,-39.2],[128.4,-39]]]]}},{"type":"Feature","properties":{},"geometry":{"type":"MultiPolygon","coordinates":[[[[133.4,-37.1],[133.1,-37.6],[133,-37.3],[133.1,-36.8],[133.4,-36.7],[133.4,-37.1]]]]}},{"type":"Feature","properties":{},"geometry":{"type":"MultiPolygon","coordinates":[[[[123.9,-42.2],[123.4,-42.3],[124,-42],[123.9,-42.2]]]]}},{"type":"Feature","properties":{},"geometry":{"type":"MultiPolygon","coordinates":[[[[-27,-16.5],[-28.3,-17.8],[-28.4,-17.8],[-28.7,-17.6],[-28.8,-17.4],[-28.6,-17.1],[-28.7,-16.9],[-28.7,-16.7],[-28.9,-16.6],[-28.9,-16.4],[-28.8,-15.9],[-28.6,-15.5],[-28.7,-15.5],[-28.6,-14.8],[-28.4,-14.7],[-28.4,-14.5],[-28.4,-14.4],[-28.6,-14.3],[-27.9,-14.6],[-27.8,-15.5],[-27.3,-16.4],[-27,-16.5]]]]}},{"type":"Feature","properties":{},"geometry":{"type":"MultiPolygon","coordinates":[[[[-25.2,-18.5],[-25.5,-18.6],[-25.2,-18.4],[-25.1,-18.2],[-25.1,-18],[-25,-18.4],[-25.2,-18.5]]]]}},{"type":"Feature","properties":{},"geometry":{"type":"MultiPolygon","coordinates":[[[[-26,-17.5],[-25.5,-17.7],[-26,-17.4],[-26,-17.5]]]]}},{"type":"Feature","properties":{},"geometry":{"type":"MultiPolygon","coordinates":[[[[2.3,29.4],[0.7,29.4],[-1.6,29.4],[-1.3,29.5],[-1.9,29.9],[-1.6,30.1],[-1.8,30.3],[-2.1,30.3],[-1.6,30.3],[-1.2,30.5],[-1,30],[-0.9,30.1],[-1,30.4],[-0.8,30.4],[-0.3,30.2],[0.4,30.4],[0.5,30.2],[1.1,30.4],[1.7,29.9],[1.9,29.5],[2.3,29.5],[2.3,29.4]]]]}},{"type":"Feature","properties":{},"geometry":{"type":"MultiPolygon","coordinates":[[[[-2.7,28.9],[-2.8,29.2],[-2.5,29.3],[-2.7,28.9]]]]}},{"type":"Feature","properties":{},"geometry":{"type":"MultiPolygon","coordinates":[[[[0.5,25.4],[-0.3,25.6],[-1,25.5],[-2.7,25.1],[-3.3,24.9],[-3.5,25],[-3.4,25.2],[-3.2,25.3],[-3,25.4],[-3.4,25.4],[-2.6,25.8],[-2.3,25.4],[-1.9,25.6],[-2.5,25.9],[-2.3,25.9],[-2.1,26.1],[-1.5,26.3],[-1.2,25.9],[-1.4,26.4],[-0.9,26.3],[2.1,26.2],[0.7,25.9],[0.3,25.5],[0.5,25.4]]]]}},{"type":"Feature","properties":{},"geometry":{"type":"MultiPolygon","coordinates":[[[[-3.7,24.7],[-3.9,24.7],[-4.1,24.7],[-4.3,24.8],[-4.1,24.7],[-4.1,24.9],[-3.8,25.4],[-3.8,24.8],[-3.7,24.7]]]]}},{"type":"Feature","properties":{},"geometry":{"type":"MultiPolygon","coordinates":[[[[2,27.3],[-1.4,27.5],[-1,27.5],[-0.5,27.6],[0.1,28],[-0.4,27.9],[-1.3,27.9],[-1.4,28],[-1.9,28.1],[-1.2,28.3],[1,28.4],[2.5,28.4],[2.8,28],[2.1,27.6],[1.9,27.5],[1.4,27.6],[1,27.3],[2,27.4],[2,27.3]]]]}},{"type":"Feature","properties":{},"geometry":{"type":"MultiPolygon","coordinates":[[[[-1.7,27.4],[-2.5,26.8],[-2.1,27.5],[-1.7,27.4]]]]}},{"type":"Feature","properties":{},"geometry":{"type":"MultiPolygon","coordinates":[[[[-2.7,26.6],[-3.5,26.1],[-3.6,26.2],[-3.6,26.6],[-3.2,26.7],[-2.7,26.6]]]]}},{"type":"Feature","properties":{},"geometry":{"type":"MultiPolygon","coordinates":[[[[-3.4,26.8],[-3.1,27.1],[-2.9,27.4],[-2.7,28],[-2.5,27.9],[-2.3,27.8],[-2.8,27.4],[-2.5,27.4],[-2.9,26.9],[-3.4,26.8]]]]}},{"type":"Feature","properties":{},"geometry":{"type":"MultiPolygon","coordinates":[[[[-18.4,32.2],[-19.1,32.1],[-19.7,33.3],[-19,35.3],[-18.3,34.6],[-18,35.1],[-17.4,36.2],[-16.1,38.4],[-14.6,39.4],[-14.8,40.2],[-14.3,40.6],[-13.9,40.8],[-13.3,41],[-11.4,40.4],[-11.7,39.6],[-14.9,36.9],[-17.5,32.9],[-18.4,32.2]]]]}},{"type":"Feature","properties":{},"geometry":{"type":"MultiPolygon","coordinates":[[[[-135.9,-66.1],[-136.9,-66.7],[-136.4,-66.8],[-141.6,-66.9],[-148.6,-66.9],[-154.2,-66.8],[-154.9,-66.3],[-153.3,-66.3],[-153.2,-65.8],[-151.7,-65.7],[-150.6,-65.8],[-149.3,-65.9],[-146,-65.8],[-144.4,-65.9],[-141.9,-65.9],[-140.9,-65.5],[-139.6,-65.7],[-139,-65.4],[-138.5,-65.4],[-138.3,-65.6],[-138.2,-66],[-138.6,-66.4],[-137,-65.9],[-136.7,-65.6],[-135.9,-66.1]]]]}},{"type":"Feature","properties":{},"geometry":{"type":"MultiPolygon","coordinates":[[[[-145.6,-64.7],[-145.9,-64.9],[-144.8,-65],[-145.6,-65.3],[-146.9,-64.8],[-147,-64.4],[-145.6,-64.7]]]]}},{"type":"Feature","properties":{},"geometry":{"type":"MultiPolygon","coordinates":[[[[-143.7,-64.8],[-142.6,-65.1],[-142.9,-65.5],[-144,-65.4],[-144.3,-64.9],[-143.7,-64.8]]]]}},{"type":"Feature","properties":{},"geometry":{"type":"MultiPolygon","coordinates":[[[[-117.4,-66.9],[-128.7,-67.6],[-136.3,-66.7],[-134.1,-66.9],[-130.7,-66.9],[-130.5,-67.3],[-128.9,-67.3],[-128.9,-67.2],[-129.5,-66.8],[-129.9,-66.5],[-130,-65.9],[-129.8,-65.6],[-128.5,-65.6],[-128.6,-65.5],[-130.8,-65],[-129.9,-64.8],[-129.1,-64.9],[-127.2,-65.3],[-125.4,-65.5],[-123.7,-65.6],[-121.9,-65.8],[-120.7,-65.4],[-120.8,-66],[-118.9,-66.2],[-117.8,-66.7],[-117.4,-66.9]]]]}},{"type":"Feature","properties":{},"geometry":{"type":"MultiPolygon","coordinates":[[[[-126.9,-64.1],[-126.7,-64.3],[-126.3,-64.2],[-125.5,-64.1],[-125.6,-64.3],[-125,-64.4],[-125.6,-64.7],[-126.1,-64.7],[-127.4,-64.6],[-129.3,-64.1],[-128.4,-63.9],[-128.1,-64],[-127.5,-64],[-126.9,-64.1]]]]}},{"type":"Feature","properties":{},"geometry":{"type":"MultiPolygon","coordinates":[[[[157.9,-35.7],[158.5,-35.9],[157.9,-35.8],[157.9,-35.7]]]]}},{"type":"Feature","properties":{},"geometry":{"type":"MultiPolygon","coordinates":[[[[154.6,-35.4],[154.3,-35.6],[154,-35.4],[152.9,-35.4],[153.7,-35.3],[154.6,-35.4]]]]}},{"type":"Feature","properties":{},"geometry":{"type":"MultiPolygon","coordinates":[[[[148.1,-30.9],[145.2,-30.6],[142.6,-30.9],[138.9,-30.8],[137,-31.2],[137.4,-30.5],[139.4,-29.7],[141.2,-29.7],[143,-29.8],[145.3,-30.1],[147.3,-30.4],[148.1,-30.9]]]]}},{"type":"Feature","properties":{},"geometry":{"type":"MultiPolygon","coordinates":[[[[-109.7,-70.5],[-112.2,-70.1],[-113.5,-69.6],[-114.2,-69.5],[-114.3,-70.4],[-114.8,-69.7],[-109.7,-70.5]]]]}},{"type":"Feature","properties":{},"geometry":{"type":"MultiPolygon","coordinates":[[[[-116.1,-70.8],[-117.5,-70.2],[-117,-70.4],[-116.1,-70.8]]]]}},{"type":"Feature","properties":{},"geometry":{"type":"MultiPolygon","coordinates":[[[[-120.1,-71.6],[-120.4,-70.9],[-120,-71.4],[-120.1,-71.6]]]]}},{"type":"Feature","properties":{},"geometry":{"type":"MultiPolygon","coordinates":[[[[-117.7,-72.2],[-120,-72],[-119.7,-71.7],[-117.7,-72.2]]]]}},{"type":"Feature","properties":{},"geometry":{"type":"MultiPolygon","coordinates":[[[[-118.6,-75.2],[-119.3,-74],[-121.5,-74.1],[-119.9,-73.6],[-118,-73.7],[-117.6,-74.2],[-117.1,-74.9],[-116.9,-75.3],[-117.1,-75.2],[-117.9,-75.1],[-117.9,-75.3],[-118.6,-75.2]]]]}},{"type":"Feature","properties":{},"geometry":{"type":"MultiPolygon","coordinates":[[[[-119.9,-76.2],[-119.1,-75.5],[-118.2,-75.7],[-118.9,-75.9],[-119.9,-76.2]]]]}},{"type":"Feature","properties":{},"geometry":{"type":"MultiPolygon","coordinates":[[[[-121.1,-76.6],[-120.8,-76.4],[-120.2,-76.4],[-121.1,-76.6]]]]}},{"type":"Feature","properties":{},"geometry":{"type":"MultiPolygon","coordinates":[[[[-111.6,-74.6],[-113.6,-75],[-114.7,-74.5],[-114.3,-73.8],[-112.9,-74.4],[-111.4,-74.1],[-111.1,-74.4],[-111.6,-74.6]]]]}},{"type":"Feature","properties":{},"geometry":{"type":"MultiPolygon","coordinates":[[[[-114.8,-73],[-114.3,-72.3],[-114.6,-72.9],[-114.8,-73]]]]}},{"type":"Feature","properties":{},"geometry":{"type":"MultiPolygon","coordinates":[[[[-113.4,-73.7],[-113.7,-73.4],[-113.4,-73.4],[-113.4,-73.7]]]]}},{"type":"Feature","properties":{},"geometry":{"type":"MultiPolygon","coordinates":[[[[-36.6,21.1],[-37.8,19.2],[-38.1,18.1],[-38.7,17.2],[-38.3,16],[-37.9,15.4],[-38.9,14.6],[-39.9,13.6],[-40,12.4],[-40.4,12.1],[-42.4,13.6],[-44.1,16.1],[-44.8,17.8],[-44,18.2],[-43,18.7],[-42.1,19.2],[-41.9,19.3],[-41.4,19.5],[-41.3,19.6],[-41.3,19.7],[-40.9,19.9],[-40.7,19.9],[-40.1,21],[-39.6,20.5],[-39.4,20.1],[-39.2,20],[-39.5,19.9],[-39.8,19.8],[-39.3,19.8],[-39.6,19.6],[-39.8,19.5],[-40.2,19.7],[-40.3,19.6],[-40.2,19.5],[-40.1,19.4],[-39.6,19.5],[-39.6,19.4],[-39.5,19.6],[-39,19.8],[-39,19.9],[-38.8,20],[-38.7,20.3],[-38.6,20.7],[-38.4,20.8],[-38.3,20.8],[-38.4,21.1],[-38.3,21.4],[-38,21.6],[-37.8,21.8],[-38.2,21.6],[-37.7,22.2],[-37.5,22.3],[-36.7,22.3],[-36.6,21.1]]]]}},{"type":"Feature","properties":{},"geometry":{"type":"MultiPolygon","coordinates":[[[[-39.1,20],[-39.2,19.7],[-39.2,20.1],[-39.1,20]]]]}},{"type":"Feature","properties":{},"geometry":{"type":"MultiPolygon","coordinates":[[[[73.4,-43.4],[74.7,-44.4],[75.8,-45.5],[77.1,-46.2],[79.4,-46.9],[79.9,-47.6],[80.5,-48.1],[80.5,-48.6],[80.9,-48.8],[81,-49.1],[81.7,-49.2],[82.3,-49.4],[82.9,-49.7],[85.1,-50.1],[86,-50.6],[86.9,-51.3],[86.9,-51.9],[85.7,-51.5],[83.9,-51],[82.9,-50.7],[81.8,-50.5],[81,-50.3],[79.3,-49.9],[78.2,-49.4],[77,-48.9],[76,-48.2],[74.4,-47.2],[73,-45.5],[71.9,-43.7],[71,-42.9],[72.6,-43.1],[73.4,-43.4]]]]}},{"type":"Feature","properties":{},"geometry":{"type":"MultiPolygon","coordinates":[[[[95.7,-54.9],[94.8,-54.5],[93.5,-53.6],[92.1,-52.9],[91,-52.5],[89.8,-52.3],[91.3,-52.4],[92.6,-52.8],[94.1,-53.3],[94.9,-53.8],[95.4,-54.3],[95.7,-54.9]]]]}},{"type":"Feature","properties":{},"geometry":{"type":"MultiPolygon","coordinates":[[[[108.4,-48.8],[108,-49.4],[106.9,-50],[106.5,-50],[107.3,-49.2],[108.4,-48.8]]]]}},{"type":"Feature","properties":{},"geometry":{"type":"MultiPolygon","coordinates":[[[[-47.2,55.8],[-47.8,55.7],[-47.6,55.8],[-47.2,56.1],[-47.2,55.8]]]]}},{"type":"Feature","properties":{},"geometry":{"type":"MultiPolygon","coordinates":[[[[-46.8,54.4],[-47.5,54.6],[-47.6,54.8],[-47.8,55],[-47.9,55],[-48.2,55.3],[-47.3,55.1],[-47.9,55.2],[-47.9,55.4],[-48.2,55.6],[-47.9,55.5],[-47.6,55.5],[-47.8,55.6],[-47.2,55.7],[-46.8,54.4]]]]}},{"type":"Feature","properties":{},"geometry":{"type":"MultiPolygon","coordinates":[[[[-46.4,54.1],[-47.1,53.9],[-47.3,54],[-47.4,54.2],[-47.7,54.3],[-47.4,54.4],[-46.8,54.4],[-46.4,54.1]]]]}},{"type":"Feature","properties":{},"geometry":{"type":"MultiPolygon","coordinates":[[[[-46.3,54],[-47,53.7],[-46.9,53.9],[-46.3,54]]]]}},{"type":"Feature","properties":{},"geometry":{"type":"MultiPolygon","coordinates":[[[[-46.9,53],[-47.3,53.4],[-47.2,53.5],[-46.9,53]]]]}},{"type":"Feature","properties":{},"geometry":{"type":"MultiPolygon","coordinates":[[[[-46.9,52.8],[-46.9,52.7],[-47.2,52.8],[-46.9,52.8]]]]}},{"type":"Feature","properties":{},"geometry":{"type":"MultiPolygon","coordinates":[[[[-49.5,54.8],[-49.3,54.9],[-49,54.8],[-49,55.3],[-49.3,55.2],[-47.4,53.9],[-47.9,53],[-47.7,52],[-48,51.8],[-48,51.7],[-48.4,51.8],[-49,52.6],[-48.2,52.9],[-48.8,52.8],[-49.1,52.9],[-49.1,53.1],[-49.1,53.4],[-48.9,53.6],[-49.2,53.7],[-49,53.9],[-49,54.2],[-49,54.3],[-49.3,54.4],[-48.9,54.5],[-49.3,54.7],[-49.4,54.7],[-49.5,54.8]]]]}},{"type":"Feature","properties":{},"geometry":{"type":"MultiPolygon","coordinates":[[[[-47.9,59.7],[-47.7,59.5],[-48.6,59.3],[-48.1,59.3],[-47.1,59.3],[-48.9,58.9],[-48.6,58.6],[-49.2,58.6],[-49.4,58.4],[-49.5,57.9],[-49.5,57.7],[-49.7,57.8],[-49.5,58.1],[-49.4,58.5],[-49.5,58.7],[-49.3,58.7],[-49.2,59],[-49,59.1],[-49.1,59.3],[-49,59.4],[-49,59.5],[-48.7,59.7],[-47.9,59.7]]]]}},{"type":"Feature","properties":{},"geometry":{"type":"MultiPolygon","coordinates":[[[[-47.6,53.6],[-47.4,53.8],[-47.5,53.7],[-47.6,53.6]]]]}},{"type":"Feature","properties":{},"geometry":{"type":"MultiPolygon","coordinates":[[[[3.4,37.9],[3.3,38.3],[3.2,38.8],[3.5,38.9],[4.2,39],[4.5,39.2],[5,38.4],[4.8,38.1],[4.8,38],[4.7,37.8],[4.3,37.6],[4.1,37.7],[3.8,38.3],[3.4,37.9]]]]}},{"type":"Feature","properties":{},"geometry":{"type":"MultiPolygon","coordinates":[[[[-10.5,41.3],[-12.5,40.9],[-12.7,40.9],[-14.3,43.1],[-12.4,43.1],[-11.3,44.4],[-9,45],[-5.8,44.3],[-5.1,43.7],[-6.1,43.2],[-7.6,43],[-8.9,43],[-9.5,43],[-9.6,42.7],[-8.9,42.4],[-9.7,41.6],[-9.9,41.6],[-10.4,41.4],[-10.5,41.3]]]]}},{"type":"Feature","properties":{},"geometry":{"type":"MultiPolygon","coordinates":[[[[111.7,-10.7],[111.6,-11.2],[111.4,-11.4],[111.1,-11.7],[110.8,-11.8],[110.7,-11.8],[110.2,-11.8],[109.8,-10.8],[111.6,-10.7],[111.7,-10.7]]]]}},{"type":"Feature","properties":{},"geometry":{"type":"MultiPolygon","coordinates":[[[[-5.8,66.5],[-4.5,66.9],[-3.6,66.9],[-1.9,67.2],[-0.4,68.3],[1.3,68.9],[1.6,69.3],[5.8,69.4],[6.8,69.5],[7.7,69.2],[9.4,69.4],[9.3,69.5],[10.4,69.4],[12.9,66.9],[10.9,65.9],[8.6,66.8],[4.8,67.2],[-1.3,65.8],[-5.2,66.3],[-5.8,66.5]]]]}},{"type":"Feature","properties":{},"geometry":{"type":"MultiPolygon","coordinates":[[[[-2.7,61.1],[-2.4,62.2],[-0.5,60.7],[-2.1,60.9],[-2.7,61.1]]]]}},{"type":"Feature","properties":{},"geometry":{"type":"MultiPolygon","coordinates":[[[[-8.1,59.1],[-9.9,61.1],[-8.7,62.6],[-7,61.7],[-6,60.1],[-7.9,58.8],[-8.1,59.1]]]]}},{"type":"Feature","properties":{},"geometry":{"type":"MultiPolygon","coordinates":[[[[-39.4,66],[-41.2,64.1],[-41.3,63.9],[-42.6,63.7],[-42.9,63.8],[-42.1,64.1],[-42.5,64.2],[-42.4,64.4],[-42.1,65.1],[-42,65.7],[-41.7,66],[-41.5,66.9],[-40.9,67.4],[-40.5,67.5],[-39.5,66.8],[-39.4,66]]]]}},{"type":"Feature","properties":{},"geometry":{"type":"MultiPolygon","coordinates":[[[[-16.7,40.9],[-14.1,41.7],[-13.4,40.8],[-14,40.9],[-14.8,40.8],[-15,40.8],[-15.3,40.7],[-16.7,40.9]]]]}},{"type":"Feature","properties":{},"geometry":{"type":"MultiPolygon","coordinates":[[[[135.8,-39.3],[134,-39.7],[133,-41.8],[129.9,-42.7],[127.5,-42.5],[128,-41.8],[128.1,-41.3],[128.6,-41.3],[128.7,-41.5],[129,-41.4],[129.1,-41.5],[129.5,-41.6],[129.8,-41.2],[129.9,-40.7],[130.9,-40.3],[131.1,-40.2],[131.1,-39.9],[131.6,-40.1],[131.4,-39.8],[131.5,-39.8],[131.6,-39.6],[131.8,-39.1],[132.5,-38.6],[133.3,-38.6],[134,-38.6],[134.7,-38.6],[135.6,-39.1],[135.9,-39.1],[135.8,-39.3]]]]}},{"type":"Feature","properties":{},"geometry":{"type":"MultiPolygon","coordinates":[[[[130.5,-38.8],[131.6,-37.9],[132.1,-38],[132.1,-38.3],[131.4,-38.9],[131.2,-39.3],[130.5,-39.5],[130.6,-39.1],[130.4,-38.8],[130.5,-38.8]]]]}},{"type":"Feature","properties":{},"geometry":{"type":"MultiPolygon","coordinates":[[[[131.4,-36.7],[131.8,-36.4],[132.3,-36.7],[132.2,-37.1],[131.7,-37.1],[131.4,-36.7]]]]}},{"type":"Feature","properties":{},"geometry":{"type":"MultiPolygon","coordinates":[[[[127.4,-42],[127.5,-42.4],[127.3,-42.3],[127.4,-42]]]]}},{"type":"Feature","properties":{},"geometry":{"type":"MultiPolygon","coordinates":[[[[121.7,-49.4],[119,-49.3],[115.4,-49],[115.2,-48.9],[117,-48],[118.2,-47.8],[119.4,-47.9],[120,-48],[121.5,-47.8],[123.4,-47.6],[123.1,-47.7],[123.1,-48],[122.9,-48.5],[121.9,-49.1],[121.7,-49.4]]]]}},{"type":"Feature","properties":{},"geometry":{"type":"MultiPolygon","coordinates":[[[[123.7,-47.3],[124,-47.5],[123.8,-47.7],[123.7,-47.3]]]]}},{"type":"Feature","properties":{},"geometry":{"type":"MultiPolygon","coordinates":[[[[123.7,-49],[123.4,-49.2],[123.9,-48.8],[123.7,-49]]]]}},{"type":"Feature","properties":{},"geometry":{"type":"MultiPolygon","coordinates":[[[[125.4,-47.5],[126,-47.1],[125.8,-47.6],[125.4,-47.5]]]]}},{"type":"Feature","properties":{},"geometry":{"type":"MultiPolygon","coordinates":[[[[125.9,-47.6],[126.4,-47.8],[125.9,-47.8],[125.9,-47.6]]]]}},{"type":"Feature","properties":{},"geometry":{"type":"MultiPolygon","coordinates":[[[[141.5,-26.1],[144.6,-26.8],[147.5,-27.8],[149,-28.4],[148.4,-28.6],[148.1,-28.8],[147.8,-29.4],[147.2,-29.7],[147.3,-28.7],[146.5,-28.6],[145.7,-28.5],[145.6,-28.7],[145.4,-28.7],[145.3,-28.7],[145.1,-28.7],[144.9,-28.5],[144.4,-28.1],[144.2,-27.8],[143.7,-27.5],[143.5,-27.8],[143.4,-27.8],[143.3,-27.9],[142.9,-27.7],[142.5,-27.8],[142.4,-27.7],[142.2,-27.6],[141.1,-26.7],[141.5,-26.1]]]]}},{"type":"Feature","properties":{},"geometry":{"type":"MultiPolygon","coordinates":[[[[71.2,-38.6],[67.9,-38],[61.7,-36.2],[64.4,-33.5],[66.7,-35.8],[71.2,-38.6]]]]}},{"type":"Feature","properties":{},"geometry":{"type":"MultiPolygon","coordinates":[[[[62,-43],[59.7,-44.5],[59.7,-44],[59.7,-44.2],[58.7,-43.5],[58,-43.2],[57.6,-42.7],[57.6,-42.5],[57.1,-42.3],[56.4,-41.6],[56.1,-41.6],[55.9,-41.4],[55.6,-41],[55,-40.2],[54.9,-40.1],[54.6,-39.7],[54.2,-39.2],[53.9,-38.5],[53.5,-37.9],[53.5,-37.3],[54.1,-36.8],[55.2,-36.8],[55.6,-38.2],[56.3,-39],[58.8,-40.3],[62.1,-42.2],[62,-43]]]]}},{"type":"Feature","properties":{},"geometry":{"type":"MultiPolygon","coordinates":[[[[51.7,-40.1],[51.7,-39.5],[51.9,-37.3],[51.3,-38.4],[51.7,-40.1]]]]}},{"type":"Feature","properties":{},"geometry":{"type":"MultiPolygon","coordinates":[[[[-43.7,29.7],[-44.5,28.1],[-44.6,27.2],[-44.9,26.6],[-44.9,26.1],[-45.3,25.6],[-45.9,23.5],[-47.2,21.9],[-47.2,21.4],[-48.3,21.5],[-46.9,23.4],[-45,27.9],[-44.6,28.8],[-43.8,30.2],[-43.6,30.5],[-43.7,29.7]]]]}},{"type":"Feature","properties":{},"geometry":{"type":"MultiPolygon","coordinates":[[[[-36,20],[-34.9,21.8],[-33.3,24.7],[-32.2,25.7],[-32.7,24.7],[-34.6,21.2],[-36,20]]]]}},{"type":"Feature","properties":{},"geometry":{"type":"MultiPolygon","coordinates":[[[[-41.8,35.9],[-42.8,35],[-43.5,34.9],[-44.4,32.7],[-44,31.5],[-44,29.8],[-44.9,28.7],[-46.2,25.8],[-47.3,23.6],[-47.5,24.2],[-48.3,24.4],[-48.3,25.1],[-48.2,27],[-48.1,27.2],[-47.5,28.2],[-47.7,28.8],[-46.5,30.3],[-46.3,30.9],[-44.8,33.8],[-43.4,35.9],[-42.7,36.7],[-42.2,36.8],[-41.7,37.3],[-41.8,35.9]]]]}},{"type":"Feature","properties":{},"geometry":{"type":"MultiPolygon","coordinates":[[[[-43.7,29.7],[-43.8,32.7],[-42.9,34.6],[-42.3,35.4],[-41.8,35.3],[-42.4,33.7],[-43.5,31.8],[-43.7,29.7]]]]}},{"type":"Feature","properties":{},"geometry":{"type":"MultiPolygon","coordinates":[[[[-25.3,32.4],[-25.3,31.7],[-25.2,31],[-25.4,30.1],[-25.9,29.2],[-26.9,28.5],[-28,27.9],[-28.9,27.6],[-29.5,27.6],[-30.2,26.7],[-31.1,25.4],[-31.7,24.8],[-32.1,24.1],[-32.4,23.6],[-32.7,22.4],[-32.9,20.3],[-33,19.3],[-33.3,18.2],[-33.9,17.3],[-34.3,16.6],[-34.8,15.5],[-35.3,14.3],[-35.5,13.9],[-35.7,13.2],[-36.6,12.9],[-37.6,12.5],[-37.8,11.9],[-37.6,11.2],[-39.7,11.7],[-40.1,13],[-39.4,14.2],[-38.4,14.9],[-38.1,15.8],[-38.7,16.4],[-38.5,17.9],[-37.6,18.4],[-36.8,19],[-36.4,18.7],[-37,18.7],[-36.6,18],[-36,18.3],[-35.5,17.9],[-35.2,19.2],[-34.9,19.8],[-34.5,21.8],[-34.2,22.6],[-33.5,23.4],[-33.5,24.1],[-33.2,24.7],[-32.6,25.8],[-32.5,24.8],[-30.2,28.4],[-28.8,29.6],[-28.3,30.7],[-28.4,31],[-28.2,32.4],[-26.5,35.5],[-26,34.2],[-25.5,33.5],[-25.5,32.7],[-25.3,32.4]]]]}},{"type":"Feature","properties":{},"geometry":{"type":"MultiPolygon","coordinates":[[[[-42.1,32.2],[-41.5,33.6],[-41,34.8],[-40.8,34.4],[-40.9,33.7],[-42.1,32.2]]]]}},{"type":"Feature","properties":{},"geometry":{"type":"MultiPolygon","coordinates":[[[[-31.1,26.9],[-31.4,28.4],[-31.5,29.5],[-30.1,31.1],[-30.4,30],[-31.1,26.9]]]]}},{"type":"Feature","properties":{},"geometry":{"type":"MultiPolygon","coordinates":[[[[140.8,-29.3],[136.9,-29.9],[136.2,-29.9],[136,-29.9],[134.6,-29.7],[133.6,-29.2],[137.4,-29],[138.3,-28.5],[139.1,-28.7],[139.9,-28.8],[140.5,-29.1],[140.8,-29.3]]]]}},{"type":"Feature","properties":{},"geometry":{"type":"MultiPolygon","coordinates":[[[[141.9,-28.8],[140.6,-29.1],[140.8,-28.8],[141.9,-28.8]]]]}},{"type":"Feature","properties":{},"geometry":{"type":"MultiPolygon","coordinates":[[[[86.1,12.6],[87.7,11.3],[87.5,9.6],[86.6,8.2],[85.8,6.2],[85.7,2.5],[84.5,3.9],[84.4,4.9],[84.6,6.1],[85.4,8],[85.5,10.5],[85.1,12.6],[85.5,13.3],[86.1,12.6]]]]}},{"type":"Feature","properties":{},"geometry":{"type":"MultiPolygon","coordinates":[[[[73.5,-43.2],[73,-43.2],[71.5,-42.8],[70.9,-42.3],[70,-41.5],[67.7,-40.4],[69.1,-39.9],[70.8,-39.8],[72.5,-40.7],[73.5,-43.2]]]]}},{"type":"Feature","properties":{},"geometry":{"type":"MultiPolygon","coordinates":[[[[74.1,-40.4],[73.5,-43.2],[72.5,-40.7],[70.8,-39.8],[69.1,-39.9],[67.7,-40.4],[69.4,-39],[73,-39.5],[73.8,-40.2],[74.1,-40.4]]]]}},{"type":"Feature","properties":{},"geometry":{"type":"MultiPolygon","coordinates":[[[[23,35.4],[25.6,33.7],[33.3,31.3],[38.2,28.9],[41.6,26.9],[45,24.8],[45.2,24.5],[44.6,24.3],[44.8,24.2],[44.7,24.2],[44.8,23.8],[44.8,23.5],[42.3,24.7],[38,26.7],[33.4,28.6],[30.6,29.5],[27.6,30.6],[26.2,31.4],[23.9,34.1],[22.9,35.1],[23,35.4]]]]}},{"type":"Feature","properties":{},"geometry":{"type":"MultiPolygon","coordinates":[[[[46.4,24.2],[45.9,24],[45.7,24.3],[45.5,24.5],[46.4,24.2]]]]}},{"type":"Feature","properties":{},"geometry":{"type":"MultiPolygon","coordinates":[[[[47.8,23.7],[52.8,23.3],[48.5,22.4],[47.7,22.5],[47.7,22.9],[47.9,23],[47.7,23.2],[47.4,23.3],[47.4,23.5],[47,23.8],[47,24],[47.8,23.7]]]]}},{"type":"Feature","properties":{},"geometry":{"type":"MultiPolygon","coordinates":[[[[55.8,42.5],[57.5,42.9],[59.2,43.5],[59.4,43.5],[57.8,42.1],[57.1,40.8],[57.2,38.9],[54.8,40.4],[55.8,42.5]]]]}},{"type":"Feature","properties":{},"geometry":{"type":"MultiPolygon","coordinates":[[[[162.3,54.8],[153.9,53.4],[145.4,50.7],[138.3,48],[134.6,47.5],[136.2,47.9],[140.4,49.8],[143.3,50.9],[149.9,54.9],[156.4,58],[160.1,57.3],[161.5,55.3],[162.3,54.8]]]]}},{"type":"Feature","properties":{},"geometry":{"type":"MultiPolygon","coordinates":[[[[164.5,66.3],[166.4,63.8],[166.9,62.4],[166.6,59],[166.3,57.3],[166,54.9],[165.2,54.6],[164.5,54.6],[164.3,55.1],[163.9,54.9],[163.6,54.8],[163.5,54.5],[163.3,54.1],[161.5,55.3],[160.1,57.3],[159.7,60.4],[162.3,63.2],[162,65.7],[163,65.8],[164.3,66.4],[164.5,66.3]]]]}},{"type":"Feature","properties":{},"geometry":{"type":"MultiPolygon","coordinates":[[[[8.7,43.9],[8.9,43.8],[9,43.9],[9.9,43.9],[12.4,43],[14.8,41],[15,40.9],[15,40.8],[14.6,40.5],[14.6,40.6],[14.7,40.8],[14.4,40.6],[14.1,40.4],[14.1,40.6],[13.8,40.6],[13.7,40.5],[13.4,40.8],[13.1,41],[13,41],[12.6,41.3],[12.6,41.5],[11.9,42],[12,41.8],[11.8,41.7],[11.6,42],[11.6,42.2],[11.9,42.4],[11.4,42.7],[11.3,42.7],[11,42.9],[11,43.1],[10.8,42.9],[10.3,43.3],[9.5,43],[8.4,43.2],[8.2,43.6],[8.7,43.7],[8.7,43.9]]]]}},{"type":"Feature","properties":{},"geometry":{"type":"MultiPolygon","coordinates":[[[[6.4,40.9],[6.4,41.1],[6.5,41.4],[7.4,41.8],[8,41.5],[7.9,41.1],[7.6,40.6],[7.6,40.5],[6.9,40.5],[6.7,40.7],[6.4,40.9]]]]}},{"type":"Feature","properties":{},"geometry":{"type":"MultiPolygon","coordinates":[[[[6.7,42.2],[7,42.3],[7,42.8],[8.1,42.8],[8.6,42.4],[7.9,42.1],[7.5,42],[7.2,42],[6.7,42],[6.7,42.2]]]]}},{"type":"Feature","properties":{},"geometry":{"type":"MultiPolygon","coordinates":[[[[5.4,40.3],[5.8,40.7],[7,40.4],[6.9,40.2],[6.6,40.1],[6.1,40],[5.8,39.9],[5.3,40.1],[5.4,40.3]]]]}},{"type":"Feature","properties":{},"geometry":{"type":"MultiPolygon","coordinates":[[[[7.1,40.4],[7.6,40.1],[7.4,40],[7.1,40.4]]]]}},{"type":"Feature","properties":{},"geometry":{"type":"MultiPolygon","coordinates":[[[[11.2,42.4],[11.4,42.4],[11.2,42.3],[11.2,42.4]]]]}},{"type":"Feature","properties":{},"geometry":{"type":"MultiPolygon","coordinates":[[[[13.4,39.2],[13.9,39.3],[13.7,39.2],[13.4,39.2]]]]}},{"type":"Feature","properties":{},"geometry":{"type":"MultiPolygon","coordinates":[[[[13.8,40.6],[14,40.6],[14,40.5],[13.8,40.6]]]]}},{"type":"Feature","properties":{},"geometry":{"type":"MultiPolygon","coordinates":[[[[5.7,9.5],[5.9,9.4],[5.7,9.4],[5.7,9.5]]]]}},{"type":"Feature","properties":{},"geometry":{"type":"MultiPolygon","coordinates":[[[[10.7,3.8],[10.1,3.1],[10.1,3.2],[9.6,2.8],[9.1,2.7],[9,2.7],[8.8,3.5],[8.8,3.8],[8.7,4],[8.6,3.7],[8.6,4.1],[8.6,3.1],[8.4,3.4],[8.4,3.8],[8.3,3.9],[8.3,4.1],[8.3,4.3],[8.2,4.5],[8.2,4.3],[8,4.5],[7.9,4.6],[8,4.9],[7.9,5],[7.7,5.2],[7.7,5.4],[7.9,5.6],[7.9,5.8],[7.8,6],[7.8,6.1],[7.9,6.3],[8.1,6.3],[8.5,6.5],[8.8,6.3],[8.6,5.7],[8.5,5.5],[8.5,5.3],[9.1,5.7],[9.8,5.6],[9.8,4.8],[9.7,4.5],[9.5,4.1],[9.9,4.3],[10.7,3.8]]]]}},{"type":"Feature","properties":{},"geometry":{"type":"MultiPolygon","coordinates":[[[[8.7,1.3],[8.4,0.8],[8,0.2],[7.2,-0.3],[7.3,-0.2],[7.1,-0.2],[7.2,0.1],[7.3,0.5],[7,0.4],[6.8,0.4],[6.5,0.4],[6.6,0.7],[6.6,0.9],[6.6,1.2],[6.4,1.1],[6.5,1.3],[6.8,1.5],[7.2,1.5],[7.1,1.6],[7.2,1.8],[7.1,2],[7.1,2.2],[7.1,2.4],[7.4,2.6],[7.5,2.6],[7.5,2.7],[7.7,2.4],[8.5,2.6],[8.9,2.3],[8.8,2.1],[8.8,1.8],[8.5,1.6],[8.7,1.3]]]]}},{"type":"Feature","properties":{},"geometry":{"type":"MultiPolygon","coordinates":[[[[7.3,5.8],[7.3,5.5],[7.2,5.3],[7.1,5.3],[7,5.4],[7.1,5.5],[7.2,6],[7.3,5.8]]]]}},{"type":"Feature","properties":{},"geometry":{"type":"MultiPolygon","coordinates":[[[[7.6,5.1],[7.9,4.9],[7.7,4.8],[7.5,4.8],[7.4,4.9],[7.5,5.2],[7.6,5.1]]]]}},{"type":"Feature","properties":{},"geometry":{"type":"MultiPolygon","coordinates":[[[[8.9,8.8],[9.1,8.7],[9.2,8.4],[9.1,8.2],[8.8,8.4],[9,8.5],[8.8,8.7],[8.9,8.8]]]]}},{"type":"Feature","properties":{},"geometry":{"type":"MultiPolygon","coordinates":[[[[8.2,4.1],[8.1,4],[8,4.1],[8,4.2],[8.2,4.1]]]]}},{"type":"Feature","properties":{},"geometry":{"type":"MultiPolygon","coordinates":[[[[8.1,3.5],[8,3.2],[8,3.4],[8.1,3.5]]]]}},{"type":"Feature","properties":{},"geometry":{"type":"MultiPolygon","coordinates":[[[[8.6,7.1],[8.8,7],[8.7,6.8],[8.5,6.9],[8.6,7.1]]]]}},{"type":"Feature","properties":{},"geometry":{"type":"MultiPolygon","coordinates":[[[[32.3,-36.8],[32.1,-36.7],[32.3,-35.9],[32.4,-35.4],[34,-33.8],[35.3,-32.7],[34.9,-33.4],[34.7,-33.8],[34.5,-34.2],[34.1,-34.8],[33.8,-35.4],[32.7,-36.4],[32.3,-36.8]]]]}},{"type":"Feature","properties":{},"geometry":{"type":"MultiPolygon","coordinates":[[[[107.6,-63.5],[104.8,-64],[101.7,-64.9],[96.5,-65.3],[93.2,-65.1],[86.7,-64.5],[80.9,-63.2],[78.2,-61.3],[74.6,-59.1],[72.7,-55.6],[70.3,-53.1],[69.6,-52.6],[71.3,-53.3],[72.4,-53.3],[74.6,-57.3],[75.3,-58.9],[76.9,-60.7],[79.6,-61.7],[81.9,-62.6],[85.1,-63.8],[91.6,-64.9],[99.2,-64.9],[103.4,-64.3],[106.7,-63.1],[107.6,-63.5]]]]}},{"type":"Feature","properties":{},"geometry":{"type":"MultiPolygon","coordinates":[[[[30.5,4.1],[32.6,5.5],[32.8,5.5],[32.9,5.3],[33.2,4.7],[33.2,4.1],[33.6,3.3],[33.5,3.2],[31.9,2.1],[30.9,1.7],[30,1.6],[29.7,1.9],[29.5,2.1],[29.4,2.5],[29.3,3],[30.4,4],[30.5,4.1]]]]}},{"type":"Feature","properties":{},"geometry":{"type":"MultiPolygon","coordinates":[[[[21.9,-17.8],[20.3,-18.1],[20.2,-17.6],[21.7,-17.5],[21.9,-17.8]]]]}},{"type":"Feature","properties":{},"geometry":{"type":"MultiPolygon","coordinates":[[[[17.3,-16.5],[18.1,-16.5],[17.5,-16.6],[17.3,-16.5]]]]}},{"type":"Feature","properties":{},"geometry":{"type":"MultiPolygon","coordinates":[[[[17.4,-16.2],[16.6,-15.8],[16.9,-15.6],[17.2,-15.5],[17.6,-15.5],[18.1,-15.8],[17.4,-16.2]]]]}},{"type":"Feature","properties":{},"geometry":{"type":"MultiPolygon","coordinates":[[[[16.1,-15.4],[15.6,-15.2],[15.1,-14.7],[15.6,-14.5],[16.2,-15.1],[16.1,-15.4]]]]}},{"type":"Feature","properties":{},"geometry":{"type":"MultiPolygon","coordinates":[[[[15.4,-15.3],[16.7,-15.9],[16,-16.2],[15,-16.1],[14.5,-15.9],[14.5,-15.7],[14.8,-15.6],[15.3,-15.5],[15.4,-15.4],[15.4,-15.3]]]]}},{"type":"Feature","properties":{},"geometry":{"type":"MultiPolygon","coordinates":[[[[12.5,-14.7],[12.2,-15.1],[12,-14.9],[12.3,-14.5],[12.5,-14.7]]]]}},{"type":"Feature","properties":{},"geometry":{"type":"MultiPolygon","coordinates":[[[[13.3,-14.9],[13.1,-15.2],[13,-14.8],[13.3,-14.9]]]]}},{"type":"Feature","properties":{},"geometry":{"type":"MultiPolygon","coordinates":[[[[14.8,-17],[12.7,-15.9],[12.9,-15.9],[13.9,-16.2],[14.5,-16.6],[14.8,-17]]]]}},{"type":"Feature","properties":{},"geometry":{"type":"MultiPolygon","coordinates":[[[[9.9,-16],[9.3,-15.6],[9.6,-15.6],[9.9,-16]]]]}},{"type":"Feature","properties":{},"geometry":{"type":"MultiPolygon","coordinates":[[[[11.4,-16.6],[10.9,-16.8],[11.4,-16.5],[11.4,-16.6]]]]}},{"type":"Feature","properties":{},"geometry":{"type":"MultiPolygon","coordinates":[[[[-27.8,31.4],[-28.5,29.6],[-30.1,27.1],[-32.1,24],[-32,25.4],[-30.8,27.7],[-30,29.1],[-28.9,31.2],[-27.7,32.4],[-27.8,31.4]]]]}},{"type":"Feature","properties":{},"geometry":{"type":"MultiPolygon","coordinates":[[[[-5.2,24.1],[-6.2,24.4],[-6.2,24.8],[-6,25],[-5.8,25.2],[-5.6,24.8],[-5.6,24.4],[-5.2,24.1]]]]}},{"type":"Feature","properties":{},"geometry":{"type":"MultiPolygon","coordinates":[[[[-10.2,27.6],[-9.4,27],[-9,26.7],[-8.8,26.6],[-8.6,26.5],[-8.6,26.4],[-8.3,26.1],[-9.2,25.8],[-9.6,26.1],[-9.6,26.4],[-10.8,26.8],[-10.3,27.2],[-9.9,27],[-10,27.2],[-10.4,27.5],[-10.2,27.6]]]]}},{"type":"Feature","properties":{},"geometry":{"type":"MultiPolygon","coordinates":[[[[-10.2,27.6],[-10.4,27.6],[-10.5,27.9],[-10.6,28],[-10.7,28.4],[-10.2,27.6]]]]}},{"type":"Feature","properties":{},"geometry":{"type":"MultiPolygon","coordinates":[[[[-7,24.6],[-7.6,24.9],[-8.1,25.4],[-7.9,25.5],[-7.6,25.2],[-7.6,25.5],[-7.2,25.8],[-7.4,25.4],[-7.2,25],[-7.2,25.4],[-7,25.3],[-6.8,25.6],[-6.7,25.2],[-6.6,25.4],[-6.5,25.1],[-7,24.6]]]]}},{"type":"Feature","properties":{},"geometry":{"type":"MultiPolygon","coordinates":[[[[-8.8,25.3],[-8.9,25.6],[-8.6,25.3],[-8.8,25.3]]]]}},{"type":"Feature","properties":{},"geometry":{"type":"MultiPolygon","coordinates":[[[[-7.4,26.3],[-7.6,26],[-7.5,26.4],[-7.4,26.3]]]]}},{"type":"Feature","properties":{},"geometry":{"type":"MultiPolygon","coordinates":[[[[-100.5,-53],[-100.9,-54.2],[-102.1,-54.4],[-102.5,-54.2],[-104.4,-53.4],[-105.7,-53.5],[-106.1,-53],[-107.1,-52.8],[-108.9,-53.1],[-109.1,-52.9],[-109.9,-53],[-110.9,-52.5],[-111.1,-52.1],[-112.2,-52.2],[-112,-51.7],[-111.3,-51.9],[-111.2,-51.1],[-111.2,-51],[-110.5,-51.1],[-109.7,-50.8],[-109.2,-50.5],[-109.4,-50.5],[-109.7,-50.5],[-109.9,-50.7],[-110,-50.5],[-110.1,-50.7],[-110.3,-50.6],[-110.4,-50.5],[-109.9,-50.4],[-110,-50.3],[-109.8,-50.3],[-109.5,-50.1],[-109.1,-50],[-108.9,-50],[-108.5,-49.9],[-108.3,-49.9],[-108.4,-49.9],[-108.1,-49.8],[-107.9,-49.7],[-107.6,-49.7],[-107.3,-49.7],[-107.3,-49.5],[-107,-49.4],[-106.9,-49.6],[-106.8,-49.6],[-106.4,-49.4],[-106.9,-49.4],[-105.8,-49.1],[-105.6,-49.1],[-105.4,-49.1],[-105.2,-49],[-105,-49],[-104.7,-49.2],[-104.7,-49.3],[-104.8,-49.5],[-104.7,-49.5],[-104.4,-49.2],[-104.2,-49.3],[-104.3,-49.2],[-104.3,-48.9],[-104.1,-48.9],[-104,-48.9],[-103.7,-48.8],[-103.4,-48.9],[-102.1,-48.5],[-101.9,-48.6],[-102.4,-48.8],[-102,-48.9],[-100.9,-50.5],[-100.5,-53]]]]}},{"type":"Feature","properties":{},"geometry":{"type":"MultiPolygon","coordinates":[[[[-111,-50.9],[-110.8,-50.9],[-110.3,-50.9],[-111,-50.9]]]]}},{"type":"Feature","properties":{},"geometry":{"type":"MultiPolygon","coordinates":[[[[-114.4,-54.8],[-113.7,-53.5],[-112,-53.2],[-112.1,-52.5],[-111.4,-52.5],[-111.3,-52.5],[-111.1,-52.7],[-110.8,-53.2],[-111.2,-53.7],[-112.4,-54.2],[-113.6,-55.1],[-114.2,-55.5],[-114.4,-55],[-114.4,-54.8]]]]}},{"type":"Feature","properties":{},"geometry":{"type":"MultiPolygon","coordinates":[[[[-111.9,-51.3],[-111.2,-51.6],[-111.7,-51.6],[-111.9,-51.3]]]]}},{"type":"Feature","properties":{},"geometry":{"type":"MultiPolygon","coordinates":[[[[-113.6,-56.6],[-113.8,-56.2],[-113.8,-56.1],[-113.9,-56.2],[-113.6,-56.6]]]]}},{"type":"Feature","properties":{},"geometry":{"type":"MultiPolygon","coordinates":[[[[131.1,-43.6],[133,-41.8],[134,-39.7],[135.8,-39.3],[136.2,-39.7],[135.3,-40.5],[134.6,-41.6],[132.5,-43.4],[131,-44.1],[130.4,-44.5],[128.8,-45.2],[128,-45.9],[130.6,-43.9],[131.1,-43.6]]]]}},{"type":"Feature","properties":{},"geometry":{"type":"MultiPolygon","coordinates":[[[[171.1,-60.3],[171.2,-60.4],[171.4,-60.5],[171.5,-60.6],[171.4,-60.8],[171.3,-60.7],[171,-60.6],[170.8,-60.4],[171.1,-60.3]]]]}},{"type":"Feature","properties":{},"geometry":{"type":"MultiPolygon","coordinates":[[[[150.7,-38.6],[151.1,-38.6],[151.2,-38.7],[151.6,-38.7],[151.7,-38.7],[151.9,-39.1],[151.9,-39],[151.9,-39.1],[152.1,-39.4],[152.5,-39.7],[152.6,-39.8],[152.6,-39.9],[152.7,-40.1],[153.4,-40.4],[153.6,-40.3],[153.6,-40.4],[153.8,-40.6],[154,-40.7],[154.1,-40.8],[154.2,-40.9],[154.3,-41],[154.3,-41.3],[154.4,-41.3],[154.4,-41.4],[154.6,-41.5],[155,-41.6],[155,-41.8],[155.1,-41.9],[155.1,-42],[155.1,-42.1],[155,-42.1],[155,-42.2],[154.9,-42.2],[154.8,-42.3],[154.7,-42.4],[154.7,-42.5],[154.6,-42.6],[154.5,-42.6],[154.5,-42.7],[154.4,-42.7],[154.4,-42.8],[154.3,-42.8],[154.3,-42.9],[154.2,-42.9],[154.2,-43],[154.1,-43],[154,-43.1],[153.9,-43.1],[153.8,-43.2],[153.7,-43.2],[153.6,-43.3],[153.5,-43.3],[153.4,-43.3],[153.4,-43.4],[153.3,-43.4],[153.2,-43.4],[153.1,-43.4],[153.1,-43.3],[153.2,-43.3],[153.2,-43.2],[153.3,-43.1],[153.3,-43],[153.4,-43],[153.4,-42.9],[153.4,-42.8],[153.5,-42.7],[153.5,-42.6],[153.5,-42.5],[153.6,-42.4],[153.6,-42.3],[153.6,-42.2],[153.6,-42.1],[153.6,-42],[153.6,-41.9],[153.7,-41.9],[153.7,-41.8],[153.7,-41.7],[153.7,-41.6],[153.7,-41.5],[153.6,-41.5],[153.5,-41.4],[153.4,-41.4],[153.3,-41.4],[153.2,-41.4],[153.1,-41.4],[153,-41.4],[153,-41.3],[152.9,-41.3],[152.8,-41.3],[152.7,-41.3],[152.6,-41.3],[152.5,-41.3],[152.4,-41.3],[152.4,-41.2],[152.3,-41.2],[152.2,-41.2],[152.1,-41.2],[152,-41.2],[151.9,-41.2],[151.8,-41.2],[151.6,-41.1],[151.3,-40.9],[151.3,-40.8],[151.2,-40.7],[151.2,-40.6],[151.1,-40.5],[151.1,-40.4],[151,-40.3],[151,-40.2],[150.9,-40.2],[150.9,-40.1],[150.8,-40],[150.7,-39.9],[150.7,-39.7],[150.7,-39.6],[150.7,-39.5],[150.5,-39],[150.4,-38.7],[150.4,-38.5],[150.4,-38.4],[150.7,-38.6]]]]}},{"type":"Feature","properties":{},"geometry":{"type":"MultiPolygon","coordinates":[[[[-9.8,-5.8],[-7.9,-5.2],[-7.8,-5.4],[-7.6,-5.6],[-7.3,-5.8],[-6.6,-6.1],[-6.1,-6.3],[-6,-6.5],[-6.2,-6.6],[-6.6,-6.5],[-6.7,-6.6],[-6.8,-6.7],[-7.1,-6.8],[-7.3,-6.8],[-7.6,-6.7],[-7.6,-6.8],[-7.8,-6.8],[-8,-7],[-8.2,-6.8],[-8.3,-6.8],[-8.5,-6.8],[-8.6,-6.9],[-8.8,-7.1],[-9,-7.3],[-9.2,-7.4],[-9.3,-7.4],[-9.5,-7.5],[-9.8,-7.5],[-9.9,-7.2],[-10,-7.1],[-9.6,-6.4],[-9.5,-6.4],[-9.4,-6.3],[-8.4,-5.9],[-8.2,-6.3],[-8.6,-5.9],[-8.4,-5.7],[-8.1,-5.6],[-8.3,-5.3],[-9.4,-5.8],[-9.8,-5.8]]]]}},{"type":"Feature","properties":{},"geometry":{"type":"MultiPolygon","coordinates":[[[[-15.1,-8],[-13.6,-7],[-13.4,-7.2],[-13.8,-7.3],[-13.7,-7.5],[-13.6,-7.8],[-13.3,-7.8],[-13.3,-8.2],[-13.8,-8],[-14.1,-8.1],[-14.1,-7.9],[-14.3,-7.8],[-14.5,-8],[-14.9,-7.9],[-15.1,-8]]]]}},{"type":"Feature","properties":{},"geometry":{"type":"MultiPolygon","coordinates":[[[[-2,-4.9],[-1.9,-4.9],[-0.7,-3.9],[-0.7,-4.1],[-0.7,-4.2],[-0.8,-4.4],[-0.6,-4.3],[-0.2,-4.3],[-0.3,-4.4],[-0.7,-4.7],[-0.7,-5],[-0.6,-5.2],[-0.2,-4.8],[-0.4,-5.2],[-0.3,-5.3],[0,-5],[-0.1,-5.7],[-0.4,-6.2],[-0.6,-6.1],[-0.7,-5.8],[-0.6,-5.5],[-0.9,-5.5],[-0.8,-5.4],[-0.9,-4.8],[-1.3,-5.3],[-1.4,-5.2],[-1.7,-5.6],[-1.9,-5.7],[-2.1,-5.5],[-1.5,-5.1],[-1.8,-5],[-1.8,-5.1],[-2,-5.1],[-2,-5],[-2,-4.9]]]]}},{"type":"Feature","properties":{},"geometry":{"type":"MultiPolygon","coordinates":[[[[-6.2,-6.1],[-5.8,-6.2],[-5.3,-5.8],[-5,-5.9],[-5,-6.1],[-5.7,-6.4],[-6.1,-6.3],[-6.2,-6.1]]]]}},{"type":"Feature","properties":{},"geometry":{"type":"MultiPolygon","coordinates":[[[[-6.8,-5.6],[-6.9,-5.7],[-7.2,-5.5],[-6.8,-5.6]]]]}},{"type":"Feature","properties":{},"geometry":{"type":"MultiPolygon","coordinates":[[[[-0.3,-3.5],[-0.4,-3.7],[-0.6,-3.8],[-1,-4.2],[-2,-4.9],[-2,-4.8],[-2.2,-4.8],[-2.4,-4.7],[-2.5,-4.9],[-2.7,-4.9],[-2.8,-4.9],[-2.9,-4.7],[-3,-4.6],[-3.3,-4.7],[-3.5,-4.7],[-3.7,-4.6],[-3.8,-4.5],[-4.2,-4.6],[-4.4,-4.5],[-3.5,-4.3],[-2.8,-4.2],[-1.9,-3.9],[-0.9,-3.4],[-0.7,-3.4],[-0.3,-3.5]]]]}},{"type":"Feature","properties":{},"geometry":{"type":"MultiPolygon","coordinates":[[[[-7.9,-5.2],[-9.8,-5.8],[-10.1,-5.6],[-10.3,-5.8],[-10.5,-6],[-10.6,-6],[-10.8,-6],[-10.9,-6],[-11,-6.1],[-11.1,-6.1],[-11.2,-6],[-11.4,-5.9],[-11.5,-6.2],[-11.5,-5.7],[-10.5,-5.3],[-9,-4.6],[-8.3,-4.4],[-8.3,-4.6],[-8.2,-4.9],[-8,-5.1],[-7.9,-5.2]]]]}},{"type":"Feature","properties":{},"geometry":{"type":"MultiPolygon","coordinates":[[[[-12,-6.2],[-12.1,-6.2],[-12.2,-6.1],[-12.3,-6.1],[-11.5,-5.7],[-11.9,-6.1],[-12,-6.2]]]]}},{"type":"Feature","properties":{},"geometry":{"type":"MultiPolygon","coordinates":[[[[-13.5,-7],[-13.3,-6.5],[-13,-6.5],[-13.5,-7]]]]}},{"type":"Feature","properties":{},"geometry":{"type":"MultiPolygon","coordinates":[[[[-5.2,-5.1],[-5.4,-5.6],[-5.8,-5.9],[-5.8,-6],[-5.9,-6.1],[-6.2,-5.8],[-5.2,-5.1]]]]}},{"type":"Feature","properties":{},"geometry":{"type":"MultiPolygon","coordinates":[[[[-5.3,-5.8],[-5.7,-6.2],[-5.7,-6],[-5.3,-5.7],[-5.3,-5.8]]]]}},{"type":"Feature","properties":{},"geometry":{"type":"MultiPolygon","coordinates":[[[[-6.8,-5.6],[-7.1,-5.3],[-7.5,-5.3],[-7.9,-5],[-8,-4.6],[-7.8,-4.7],[-7.6,-4.9],[-7.4,-5],[-7.1,-5.2],[-6.8,-5.2],[-6.7,-5.4],[-6.8,-5.5],[-6.8,-5.6]]]]}},{"type":"Feature","properties":{},"geometry":{"type":"MultiPolygon","coordinates":[[[[-14.6,-11.2],[-13.7,-11.1],[-13.3,-11.1],[-13.6,-11.6],[-13.9,-11.7],[-14.1,-11.8],[-14.5,-12],[-14.7,-11.4],[-14.6,-11.2]]]]}},{"type":"Feature","properties":{},"geometry":{"type":"MultiPolygon","coordinates":[[[[-15.3,-11.4],[-14.6,-11.2],[-14.7,-12.1],[-14.8,-12.3],[-14.8,-12.4],[-15,-12.6],[-15.3,-12.8],[-15.8,-13.2],[-15.8,-13],[-15.8,-12.9],[-15.5,-12.7],[-15.6,-12.6],[-15.6,-12.4],[-15.5,-12.3],[-15.7,-12.1],[-15.6,-12],[-15.3,-11.9],[-15.6,-11.8],[-15.5,-11.7],[-15.4,-11.7],[-15.6,-11.6],[-15.3,-11.5],[-15.3,-11.4]]]]}},{"type":"Feature","properties":{},"geometry":{"type":"MultiPolygon","coordinates":[[[[-16.4,-11.7],[-15.6,-11.5],[-15.8,-12.1],[-16,-12.1],[-16.3,-11.8],[-16.4,-11.7]]]]}},{"type":"Feature","properties":{},"geometry":{"type":"MultiPolygon","coordinates":[[[[-24.2,-20.8],[-24.5,-20.6],[-25,-19.9],[-25.3,-19],[-25.2,-18],[-25.2,-17.6],[-25.4,-16.9],[-25.7,-16.2],[-25.9,-16.2],[-26.5,-16.2],[-26.8,-15.8],[-26.8,-15.6],[-26.8,-15.5],[-26.8,-15.3],[-27.1,-14.9],[-27.2,-14.7],[-27.6,-14.5],[-27.8,-14.5],[-27.9,-14.4],[-28.2,-14.4],[-28.3,-14.3],[-28.4,-13.9],[-28.8,-13.8],[-29.4,-13.5],[-29.4,-13.4],[-30.6,-11.6],[-28.9,-12.4],[-27.4,-13],[-25.4,-13.5],[-21,-14.1],[-17.7,-12.4],[-16.5,-11.8],[-16,-12.2],[-16,-12.8],[-16.2,-12.5],[-16.2,-12.8],[-16.3,-13],[-16.4,-13],[-16.5,-13],[-16.6,-13.2],[-16.4,-13.5],[-16.3,-14.7],[-16.3,-13.9],[-16.3,-14],[-16.6,-14],[-16.7,-14.2],[-17,-14],[-16.8,-14.3],[-16.4,-14.5],[-16.6,-14.8],[-17.1,-14.8],[-17.2,-14.6],[-17.5,-14.5],[-17.4,-14.8],[-17.7,-14.8],[-17.4,-15.1],[-17.3,-15.1],[-17.5,-15.3],[-17.7,-15.2],[-18,-15.1],[-18.3,-15.2],[-19.1,-15.5],[-20.3,-15.7],[-20.5,-15.7],[-21.1,-15.7],[-21.4,-15.7],[-21.6,-15.8],[-21.9,-15.6],[-22,-15.9],[-22.3,-16],[-22.4,-16],[-22.6,-16.1],[-22.6,-16.2],[-22.7,-16.3],[-22.9,-16.4],[-23.1,-16.6],[-23.2,-16.5],[-23.2,-16.6],[-23.3,-16.9],[-23.4,-17],[-23.8,-19.2],[-23.9,-19.2],[-24.2,-20.4],[-24.2,-20.8]]]]}},{"type":"Feature","properties":{},"geometry":{"type":"MultiPolygon","coordinates":[[[[-28,-11],[-25.7,-10.8],[-24.1,-10.4],[-21.6,-9.7],[-22.2,-11],[-27,-11.4],[-28,-11]]]]}},{"type":"Feature","properties":{},"geometry":{"type":"MultiPolygon","coordinates":[[[[-2.8,-4.2],[-3.5,-4.3],[-2.9,-3.8],[-2.1,-3.5],[-2.8,-4.2]]]]}},{"type":"Feature","properties":{},"geometry":{"type":"MultiPolygon","coordinates":[[[[-0.9,-3.4],[-1.9,-3.9],[-2.8,-4.2],[-1.8,-3.2],[-1.6,-3.1],[-1.5,-3.2],[-1.5,-3.3],[-1.4,-3.1],[-1.3,-3.1],[-1.5,-3.4],[-1.2,-3.4],[-1,-3.3],[-0.9,-3.4]]]]}},{"type":"Feature","properties":{},"geometry":{"type":"MultiPolygon","coordinates":[[[[-1.1,-3.1],[-1,-3.1],[-1.2,-3.2],[-1.1,-3.1]]]]}},{"type":"Feature","properties":{},"geometry":{"type":"MultiPolygon","coordinates":[[[[63.6,32.2],[65.9,34.1],[66.6,32.3],[65.1,30.8],[62.5,29.3],[61.4,31],[63.2,31.8],[63.6,32.2]]]]}},{"type":"Feature","properties":{},"geometry":{"type":"MultiPolygon","coordinates":[[[[57.7,31],[60.6,30.8],[59.4,29.4],[56.6,30.3],[57.7,31]]]]}},{"type":"Feature","properties":{},"geometry":{"type":"MultiPolygon","coordinates":[[[[58.4,32.3],[60.8,32.5],[62.9,33.5],[63.2,33.6],[62.2,31.7],[60.8,31.1],[57.9,31.5],[58.4,32.3]]]]}},{"type":"Feature","properties":{},"geometry":{"type":"MultiPolygon","coordinates":[[[[64.9,30.7],[66.5,32.1],[68.5,32],[69.1,30],[66.6,27.5],[63.7,25.8],[63.2,28.8],[64.6,30.4],[64.9,30.7]]]]}},{"type":"Feature","properties":{},"geometry":{"type":"MultiPolygon","coordinates":[[[[68.4,29.4],[69.4,26.5],[66.1,24.6],[64.6,26.4],[67.5,28.5],[68.4,29.4]]]]}},{"type":"Feature","properties":{},"geometry":{"type":"MultiPolygon","coordinates":[[[[150.3,-38.6],[150.5,-38.8],[150.5,-39],[150.6,-39.1],[150.7,-39.5],[150.7,-39.6],[150.7,-39.7],[150.7,-39.8],[150.8,-40],[150.8,-40.1],[150.9,-40.1],[150.9,-40.2],[151,-40.2],[151,-40.3],[151.1,-40.4],[151.1,-40.5],[151.2,-40.6],[151.2,-40.7],[151.3,-40.7],[151.3,-40.8],[151.4,-40.9],[151.8,-41.1],[151.8,-41.2],[151.9,-41.2],[152,-41.2],[152.1,-41.2],[152.2,-41.2],[152.3,-41.2],[152.4,-41.2],[152.4,-41.3],[152.5,-41.3],[152.6,-41.3],[152.7,-41.3],[152.8,-41.3],[152.9,-41.3],[153,-41.3],[153,-41.4],[153.1,-41.4],[153.2,-41.4],[153.3,-41.4],[153.4,-41.4],[153.5,-41.4],[153.6,-41.5],[153.7,-41.5],[153.7,-41.6],[153.7,-41.7],[153.7,-41.8],[153.7,-41.9],[153.6,-41.9],[153.6,-42],[153.6,-42.1],[153.6,-42.2],[153.6,-42.3],[153.5,-42.4],[153.5,-42.5],[153.5,-42.6],[153.5,-42.7],[153.5,-42.8],[153.4,-42.8],[153.4,-42.9],[153.3,-43],[153.3,-43.1],[153.2,-43.2],[153.2,-43.3],[153.1,-43.3],[153.1,-43.4],[153.1,-43.5],[153.8,-43.7],[154.4,-43.8],[154.3,-43.8],[154.2,-43.8],[154.2,-43.9],[154.1,-44],[154.1,-44.1],[154,-44.2],[154,-44.3],[154.1,-44.6],[154.2,-44.6],[154.2,-44.7],[154.2,-44.9],[154.2,-45.1],[154.2,-45.2],[154.2,-45.3],[154.3,-45.3],[154.3,-45.4],[154.2,-45.7],[154.2,-45.8],[154.1,-45.9],[154.1,-46],[154.1,-46.1],[154.1,-46.2],[154,-46.2],[154,-46.3],[153.9,-46.3],[153.9,-46.4],[153.8,-46.4],[153.8,-46.5],[153.7,-46.6],[153.7,-46.7],[153.7,-46.8],[153.8,-46.8],[153.8,-46.9],[153.8,-47],[153.9,-47],[153.8,-47.1],[153.8,-47.2],[153.8,-47.3],[153.7,-47.3],[153.7,-47.4],[153.7,-47.5],[153.6,-47.6],[153.6,-47.7],[153.5,-47.7],[153.5,-47.8],[153.4,-47.8],[153.4,-47.9],[153.3,-47.9],[153.2,-48],[153.1,-48.1],[153,-48.2],[153,-48.3],[152.9,-48.4],[152.9,-48.5],[152.8,-48.6],[152.8,-48.7],[152.7,-48.7],[152.7,-48.8],[152.6,-48.9],[152.6,-49],[152.5,-49.1],[152.5,-49.2],[152.4,-49.3],[152.3,-49.3],[152.3,-49.4],[152.2,-49.4],[152.1,-49.4],[152.1,-49.5],[152,-49.5],[151.9,-49.6],[151.8,-49.6],[151.7,-49.6],[151.6,-49.6],[151.5,-49.6],[151.4,-49.5],[151.4,-49.4],[151.4,-49.3],[151.3,-49.3],[151.2,-49.3],[151.1,-49.3],[151.1,-49.2],[151,-49.2],[150.9,-49.2],[150.8,-49.2],[150.8,-49.1],[150.7,-49.1],[150.6,-49.1],[150.6,-49],[150.5,-49],[150.5,-48.9],[150.4,-48.9],[150.4,-48.8],[150.3,-48.8],[150.2,-48.7],[150.1,-48.7],[150.1,-48.6],[150,-48.6],[149.9,-48.6],[149.9,-48.5],[149.8,-48.5],[149.7,-48.5],[149.7,-48.4],[149.6,-48.4],[149.5,-48.3],[149.4,-48.3],[149.3,-48.2],[149.2,-48.2],[149.2,-48.1],[149.1,-48.1],[149.1,-48],[149,-48],[148.9,-47.9],[148.8,-47.8],[148.8,-47.7],[148.8,-47.6],[148.7,-47.6],[148.7,-47.5],[148.7,-47.4],[148.7,-47.3],[148.8,-47.2],[148.7,-47.1],[148.6,-47.1],[148.6,-47],[148.6,-46.9],[148.5,-46.9],[148.5,-46.8],[148.4,-46.8],[148.4,-46.7],[148.3,-46.7],[148.2,-46.7],[148.1,-46.7],[148.1,-46.6],[148,-46.6],[148,-46.5],[148,-46.4],[147.9,-46.4],[147.9,-46.3],[147.8,-46.3],[147.7,-46.2],[147.6,-46.2],[147.5,-46.1],[147.5,-46],[147.6,-46],[147.7,-46],[147.7,-45.9],[147.6,-45.9],[147.5,-45.9],[147.5,-45.8],[147.4,-45.8],[147.3,-45.8],[147.3,-45.7],[147.4,-45.7],[147.5,-45.7],[147.5,-45.6],[147.4,-45.6],[147.4,-45.5],[147.3,-45.5],[147.2,-45.5],[147.2,-45.4],[147.1,-45.3],[147.1,-45.2],[147.1,-45.1],[147.1,-45],[147.1,-44.9],[147.2,-44.8],[147.2,-44.7],[147.2,-44.6],[147.3,-44.6],[147.3,-44.5],[147.4,-44.5],[147.5,-44.5],[147.5,-44.4],[147.5,-44.3],[147.6,-44.3],[147.6,-44.2],[147.6,-44.1],[147.6,-44],[147.6,-43.9],[147.7,-43.9],[147.7,-43.8],[147.7,-43.7],[147.7,-43.6],[147.8,-43.6],[147.8,-43.5],[147.9,-43.4],[148.1,-42.9],[148,-43],[148,-42.9],[147.9,-43],[147.8,-43],[148,-42.8],[147.8,-41.2],[147.1,-39.5],[146.8,-38.7],[146.5,-38.4],[146.7,-38.1],[146.6,-38],[146.4,-38],[146.3,-37.7],[146.5,-37.4],[146.3,-37.2],[146.4,-36.9],[146.3,-36.2],[146.5,-36.3],[146.8,-36.2],[147.7,-36.9],[148.1,-37.3],[148.7,-37.6],[149.4,-38.6],[150.1,-38.6],[150.3,-38.6]]]]}},{"type":"Feature","properties":{},"geometry":{"type":"MultiPolygon","coordinates":[[[[136.7,-40],[136.7,-40.1],[136.8,-40.1],[136.8,-40.2],[136.8,-40.3],[136.8,-40.4],[136.8,-40.5],[136.8,-40.6],[136.7,-40.6],[136.7,-40.7],[136.6,-40.7],[136.5,-40.7],[136.5,-40.8],[136.4,-40.8],[136.4,-40.9],[136.4,-41],[136.4,-41.1],[136.4,-41.2],[136.3,-41.2],[136.2,-41.2],[136.1,-41.3],[136,-41.3],[136,-41.4],[135.9,-41.4],[135.9,-41.5],[135.9,-41.6],[135.9,-41.7],[135.9,-41.8],[136,-41.8],[136,-41.9],[136.1,-41.9],[136.1,-42],[136.1,-42.1],[136.1,-42.2],[136,-42.3],[136,-42.4],[136.1,-42.4],[136.2,-42.4],[136.3,-42.4],[136.4,-42.5],[136.5,-42.5],[136.5,-42.6],[136.6,-42.6],[136.6,-42.7],[136.7,-42.7],[136.7,-42.8],[136.7,-42.9],[136.8,-42.9],[136.8,-43],[136.7,-43],[136.7,-43.1],[136.8,-43.1],[136.9,-43.2],[137,-43.2],[137,-43.3],[137.1,-43.3],[137.1,-43.4],[137.2,-43.4],[137.9,-43.6],[138.1,-44.7],[138.1,-45.2],[138.2,-45.2],[138.3,-45.2],[138.4,-45.2],[138.4,-45.3],[138.5,-45.4],[138.6,-45.4],[138.7,-45.4],[138.7,-45.3],[138.8,-45.3],[138.9,-45.3],[139,-45.4],[139.4,-45.6],[139.4,-45.7],[139.5,-45.7],[139.6,-45.8],[139.7,-45.8],[139.7,-45.9],[139.8,-45.9],[139.8,-46],[139.9,-46.1],[140,-46.2],[140.1,-46.2],[140.1,-46.3],[140,-46.3],[139.9,-46.4],[140,-46.4],[140,-46.5],[140.1,-46.5],[140.1,-46.6],[140.2,-46.6],[140.3,-46.6],[140.3,-46.7],[140.4,-46.7],[140.5,-46.8],[140.6,-46.8],[140.7,-46.8],[140.8,-46.9],[140.9,-46.9],[141,-46.9],[141.1,-46.9],[141.2,-46.8],[141.3,-46.8],[141.4,-46.8],[141.5,-46.8],[141.6,-46.7],[141.7,-46.7],[141.8,-46.7],[141.8,-46.6],[141.9,-46.6],[141.9,-46.5],[141.9,-46.4],[141.8,-46.4],[141.8,-46.3],[141.7,-46.3],[141.6,-46.3],[141.6,-46.2],[141.7,-46.2],[141.8,-46.1],[141.9,-46.1],[142,-46],[142.1,-46],[142.1,-45.9],[142.2,-45.9],[142.2,-45.8],[142.2,-45.7],[142.2,-45.6],[142.2,-45.5],[142.3,-45.4],[142.4,-45.3],[142.4,-45.2],[142.5,-45.1],[142.6,-45.1],[142.7,-45],[142.8,-45],[142.9,-44.9],[142.9,-44.8],[143,-44.8],[143.1,-44.7],[143.2,-44.7],[143.4,-44.7],[143.5,-44.6],[143.6,-44.6],[143.8,-44.6],[144,-44.6],[144.1,-44.5],[144.3,-44.4],[144.4,-44.3],[144.5,-44.3],[144.6,-44.2],[144.7,-44.2],[144.8,-44.2],[144.8,-44.1],[144.9,-44.1],[145,-44],[145.1,-44],[145.2,-43.9],[145.3,-43.9],[145.4,-43.9],[145.4,-43.8],[145.5,-43.8],[145.6,-43.8],[145.7,-43.7],[145.8,-43.7],[145.9,-43.7],[146,-43.6],[146.1,-43.6],[146.2,-43.6],[146.3,-43.6],[146.4,-43.5],[146.5,-43.5],[146.6,-43.5],[146.7,-43.5],[146.8,-43.4],[146.9,-43.4],[147,-43.4],[147.2,-43.4],[147.3,-43.4],[147.3,-43.3],[147.4,-43.3],[147.8,-43],[147.9,-43],[148,-43],[148,-42.9],[148,-43],[148.1,-43],[147.9,-43.4],[147.8,-43.5],[147.8,-43.6],[147.7,-43.7],[147.7,-43.8],[147.7,-43.9],[147.6,-43.9],[147.6,-44],[147.6,-44.1],[147.6,-44.2],[147.6,-44.3],[147.5,-44.3],[147.5,-44.4],[147.5,-44.5],[147.4,-44.5],[147.3,-44.5],[147.3,-44.6],[147.2,-44.6],[147.2,-44.7],[147.2,-44.8],[147.2,-44.9],[147.1,-45],[147.1,-45.1],[147.1,-45.2],[147.1,-45.3],[147.2,-45.3],[147.2,-45.4],[147.3,-45.5],[147.4,-45.5],[147.4,-45.6],[147.5,-45.6],[147.4,-45.7],[147.3,-45.7],[147.4,-45.8],[147.5,-45.8],[147.5,-45.9],[147.6,-45.9],[147.7,-46],[147.6,-46],[147.5,-46],[147.5,-46.1],[147.6,-46.2],[147.7,-46.2],[147.7,-46.3],[147.8,-46.3],[147.9,-46.3],[147.9,-46.4],[148,-46.4],[148,-46.5],[148,-46.6],[148.1,-46.6],[148.1,-46.7],[148.2,-46.7],[148.3,-46.7],[148.4,-46.7],[148.4,-46.8],[148.5,-46.8],[148.5,-46.9],[148.6,-46.9],[148.6,-47],[148.6,-47.1],[148.7,-47.1],[148.8,-47.1],[148.8,-47.2],[148.8,-47.3],[148.7,-47.3],[148.7,-47.4],[148.7,-47.5],[148.7,-47.6],[148.8,-47.6],[148.8,-47.7],[148.8,-47.8],[148.9,-47.9],[149,-48],[149.1,-48.1],[149.2,-48.1],[149.3,-48.2],[149.4,-48.3],[149.5,-48.3],[149.5,-48.4],[149.6,-48.4],[149.7,-48.4],[149.8,-48.5],[149.9,-48.5],[150,-48.6],[150.1,-48.6],[150.1,-48.7],[150.2,-48.7],[150.3,-48.7],[150.3,-48.8],[150.4,-48.8],[150.4,-48.9],[150.5,-48.9],[150.5,-49],[150.6,-49],[150.6,-49.1],[150.7,-49.1],[150.8,-49.1],[150.8,-49.2],[150.9,-49.2],[151,-49.2],[151.1,-49.2],[151.2,-49.3],[151.3,-49.3],[151.4,-49.3],[151.4,-49.4],[151.4,-49.5],[151.5,-49.5],[151.5,-49.6],[151.6,-49.6],[151.7,-49.6],[151.8,-49.6],[151.8,-49.7],[151.6,-49.9],[151.5,-50],[151.5,-50.1],[151.4,-50.1],[151.3,-50.1],[151.3,-50.2],[151.2,-50.2],[151.1,-50.2],[151,-50.2],[150.9,-50.2],[150.9,-50.3],[150.8,-50.3],[150.7,-50.3],[150.7,-50.4],[150.6,-50.4],[150.5,-50.4],[150.4,-50.5],[150.3,-50.5],[150.2,-50.5],[150.1,-50.5],[150,-50.6],[149.9,-50.6],[149.8,-50.6],[149.7,-50.6],[149.6,-50.6],[149.5,-50.6],[149.4,-50.6],[149.3,-50.6],[149.2,-50.6],[149.2,-50.5],[149.1,-50.6],[148.9,-50.6],[148.8,-50.6],[148.7,-50.6],[148.6,-50.6],[148.5,-50.5],[148.4,-50.5],[148.3,-50.5],[148.2,-50.5],[148.1,-50.5],[148,-50.5],[147.9,-50.5],[147.8,-50.5],[147.7,-50.5],[147.6,-50.5],[147.5,-50.5],[147.5,-50.4],[147.4,-50.4],[147.3,-50.4],[147.2,-50.4],[147.1,-50.4],[147,-50.4],[146.9,-50.4],[146.8,-50.4],[146.7,-50.4],[146.5,-50.4],[146.6,-50.4],[146.6,-50.5],[146.7,-50.5],[146.7,-50.6],[146.8,-50.6],[146.8,-50.7],[146.9,-50.8],[146.9,-50.9],[146.9,-51],[147,-51],[147,-51.1],[147.1,-51.2],[147.1,-51.3],[147.2,-51.3],[147.2,-51.4],[147.3,-51.4],[147.3,-51.5],[147.3,-51.6],[147.2,-51.6],[147.2,-51.7],[147.1,-51.7],[147,-51.7],[147,-51.8],[146.9,-51.8],[146.9,-51.9],[146.8,-51.9],[146.7,-51.9],[146.6,-51.9],[146.5,-51.9],[146.4,-51.9],[146.3,-51.9],[146.2,-51.8],[146.1,-51.8],[146,-51.8],[145.9,-51.8],[145.9,-51.7],[145.7,-51.7],[145.6,-51.6],[145.5,-51.6],[145.4,-51.6],[145.3,-51.5],[145.2,-51.5],[145.1,-51.4],[145,-51.4],[144.9,-51.4],[144.8,-51.4],[144.7,-51.5],[144.6,-51.5],[144.6,-51.6],[144.6,-51.8],[144.5,-51.8],[144.4,-51.9],[144.3,-52],[144.3,-52.1],[144.2,-52.1],[144.2,-52.2],[144.1,-52.2],[144.1,-52.3],[144.1,-52.4],[144,-52.4],[144,-52.5],[143.9,-52.6],[143.9,-52.7],[143.8,-52.7],[143.8,-52.8],[143.7,-52.8],[143.7,-52.9],[143.6,-52.9],[143.6,-53],[143.5,-53],[143.4,-53],[143.3,-53.1],[143.2,-53.1],[143,-53.2],[142.9,-53.2],[142.8,-53.3],[142.7,-53.3],[142.6,-53.3],[142.5,-53.3],[142.4,-53.3],[142.3,-53.3],[142.3,-53.4],[142.2,-53.4],[142.1,-53.4],[142,-53.4],[141.9,-53.4],[141.8,-53.4],[141.7,-53.4],[141.6,-53.5],[141.5,-53.5],[141.4,-53.5],[141.3,-53.5],[141.2,-53.5],[141.2,-53.6],[141.1,-53.6],[141,-53.6],[140.9,-53.6],[140.8,-53.7],[140.7,-53.7],[140.6,-53.7],[140.6,-53.8],[140.5,-53.8],[140.4,-53.8],[140.3,-53.8],[140.2,-53.8],[140.1,-53.9],[140,-53.9],[139.9,-53.9],[139.8,-53.9],[139.8,-54],[139.7,-54],[139.6,-54],[139.6,-53.9],[139.5,-53.9],[139.4,-53.9],[139.3,-53.9],[139.2,-53.9],[139.1,-53.9],[139,-54],[138.9,-53.9],[138.8,-53.9],[138.6,-53.9],[138.5,-53.9],[138.4,-53.9],[138.3,-53.9],[138.2,-53.8],[138.1,-53.8],[138,-53.8],[137.9,-53.8],[137.8,-53.8],[137.7,-53.8],[137.6,-53.8],[137.5,-53.7],[137.4,-53.7],[137.3,-53.7],[137.2,-53.7],[137.1,-53.7],[137,-53.7],[136.9,-53.7],[136.8,-53.7],[136.7,-53.7],[136.5,-53.9],[136.4,-53.9],[136.3,-53.9],[136.2,-53.9],[136.2,-54],[136.1,-54],[136,-54],[135.9,-54.1],[135.8,-54.1],[135.7,-54.1],[135.7,-54.2],[135.6,-54.2],[135.6,-54.1],[135.5,-54.1],[135.4,-54.1],[135.3,-54.1],[135.2,-54.1],[135.1,-54.1],[135,-54.1],[134.9,-54.1],[134.8,-54.2],[134.7,-54.2],[134.6,-54.2],[134.5,-54.3],[134.4,-54.3],[134.3,-54.3],[134.2,-54.3],[134.1,-54.3],[134,-54.3],[133.9,-54.2],[133.8,-54.2],[133.7,-54.2],[133.6,-54.1],[133.5,-54.1],[133.5,-54],[133.4,-54],[133.4,-53.9],[133.4,-53.8],[133.3,-53.8],[133.3,-53.7],[133.2,-53.7],[133.1,-53.7],[133,-53.7],[132.9,-53.8],[132.7,-53.8],[132.6,-53.9],[132.5,-53.9],[132.5,-53.8],[132.4,-53.8],[132.4,-53.7],[132.3,-53.6],[132.3,-53.5],[132.2,-53.4],[132.2,-53.3],[132.1,-53.2],[132.1,-53.1],[132,-53.1],[132,-53.2],[131.9,-53.2],[131.9,-53.3],[131.8,-53.3],[131.8,-53.4],[131.7,-53.4],[131.6,-53.5],[131.5,-53.5],[131.5,-53.6],[131.4,-53.5],[131.5,-53.5],[131.5,-53.4],[131.4,-53.4],[131.4,-53.3],[131.3,-53.3],[131.3,-53.2],[131.2,-53.2],[131.2,-53.1],[131.1,-53.1],[131.1,-53],[131,-53],[130.9,-52.9],[130.8,-52.9],[130.7,-52.9],[130.6,-52.9],[130.5,-52.9],[130.4,-52.9],[130.3,-52.9],[130.2,-52.9],[130.1,-52.9],[130,-52.9],[129.9,-52.9],[129.8,-52.9],[129.7,-52.9],[129.6,-52.9],[129.5,-52.9],[129.4,-52.9],[129.3,-52.9],[129.2,-52.9],[129.2,-53],[129.1,-53],[129,-53],[128.9,-53],[128.8,-53],[128.7,-53],[128.6,-53],[128.5,-53],[128.4,-53],[128.3,-53],[128.2,-53],[128.1,-53],[128,-53],[127.9,-53],[127.8,-53],[127.7,-53],[127.6,-53],[127.5,-52.9],[127.4,-52.9],[127.3,-52.9],[127.2,-52.9],[127.1,-52.9],[127,-52.9],[126.9,-52.9],[126.8,-52.9],[126.8,-52.8],[126.7,-52.8],[126.7,-52.7],[126.6,-52.7],[126.6,-52.6],[126.5,-52.6],[126.4,-52.5],[126.3,-52.5],[126.2,-52.5],[126.1,-52.4],[126,-52.3],[125.9,-52.3],[125.8,-52.2],[125.7,-52.2],[125.6,-52.1],[125.5,-52.1],[125.5,-52],[125.4,-52],[125.3,-51.9],[125.2,-51.8],[125.1,-51.8],[125.1,-51.7],[125,-51.7],[125,-51.6],[124.9,-51.6],[124.9,-51.5],[124.8,-51.5],[124.8,-51.4],[124.7,-51.4],[124.7,-51.3],[124.6,-51.3],[124.6,-51.2],[124.5,-51.2],[124.5,-51.1],[124.4,-51.1],[124.4,-51],[124.3,-51],[124.2,-50.9],[124.2,-50.8],[124.2,-50.7],[124.3,-50.7],[124.3,-50.6],[124.4,-50.6],[124.4,-50.5],[124.3,-50.5],[124.2,-50.4],[124.1,-50.4],[124,-50.3],[123.9,-50.3],[123.8,-50.2],[123.7,-50.2],[123.6,-50.2],[123.5,-50.1],[123.4,-50.1],[123.4,-49.9],[123.5,-49.5],[123.8,-49],[123.8,-48.1],[123.9,-47.9],[124.4,-47.7],[124.6,-47.3],[124.8,-47.5],[125.7,-48.2],[125.5,-47.8],[125.9,-47.7],[125.9,-47.5],[125.4,-47.3],[125.4,-47.2],[125.5,-47.1],[125.2,-46.9],[125.4,-46.8],[125.4,-47],[125.9,-47],[126,-46.9],[126.4,-47],[126.4,-46.9],[127.2,-46.8],[126.4,-46.6],[126.6,-46.6],[126.6,-46.3],[126.1,-46.3],[126.2,-46],[126.5,-45.9],[126.6,-45.8],[127,-45.9],[127,-45.8],[126.9,-45.6],[126.8,-45.6],[127.2,-45.5],[127.4,-45.4],[127.2,-45.3],[127,-45],[127.2,-45],[127.5,-44.6],[127.6,-44.8],[127.8,-44.8],[127.9,-44.5],[127.8,-44.3],[127.7,-44.2],[127.9,-44.2],[128.1,-44.4],[128.4,-44.1],[128.6,-44.2],[129,-44],[128.8,-43.8],[129.3,-43.9],[129.6,-43.9],[130.6,-44.3],[130.8,-44.6],[130.9,-45],[131,-44.9],[131,-44.7],[131.3,-44.7],[131.4,-44.6],[131.6,-44.4],[132.1,-44.3],[132.3,-44.6],[132.4,-44.5],[132.4,-44.3],[132.8,-44.5],[132.8,-44.1],[133.1,-44],[133,-44],[132.8,-44],[132.7,-43.9],[132.4,-43.9],[132.4,-43.6],[132.5,-43.4],[132.5,-43.1],[132.7,-42.8],[132.7,-42.3],[133,-41.9],[133.2,-41.8],[133,-41.5],[133.4,-41.7],[133.6,-41.7],[133.4,-41.4],[133.8,-41],[134.9,-41],[135.3,-40.9],[135.4,-40.6],[135.4,-40.2],[135.2,-40.2],[135.1,-40.1],[134.3,-40.2],[134.2,-40.1],[134.5,-40],[134.5,-39.9],[134.8,-40],[135.5,-39.9],[136.2,-40.1],[136.4,-40.1],[136.7,-40]]]]}},{"type":"Feature","properties":{},"geometry":{"type":"MultiPolygon","coordinates":[[[[139.4,-39.5],[139.2,-39.7],[139.3,-39.6],[139.3,-39.5],[139.4,-39.5]]]]}},{"type":"Feature","properties":{},"geometry":{"type":"MultiPolygon","coordinates":[[[[139,-39.8],[138.9,-39.9],[138.8,-39.8],[139,-39.8]]]]}},{"type":"Feature","properties":{},"geometry":{"type":"MultiPolygon","coordinates":[[[[140.5,-40.1],[140.4,-40.1],[140.5,-40],[140.5,-40.1]]]]}},{"type":"Feature","properties":{},"geometry":{"type":"MultiPolygon","coordinates":[[[[140.6,-40.3],[140.5,-40.3],[140.6,-40.2],[140.6,-40.3]]]]}},{"type":"Feature","properties":{},"geometry":{"type":"MultiPolygon","coordinates":[[[[140.5,-40.5],[140.3,-40.4],[140.4,-40.4],[140.5,-40.5]]]]}},{"type":"Feature","properties":{},"geometry":{"type":"MultiPolygon","coordinates":[[[[140.1,-42.1],[140.1,-42],[140.1,-41.9],[140.1,-42.1]]]]}},{"type":"Feature","properties":{},"geometry":{"type":"MultiPolygon","coordinates":[[[[145.9,-43.3],[145.8,-43.2],[145.7,-43.1],[145.9,-43.3]]]]}},{"type":"Feature","properties":{},"geometry":{"type":"MultiPolygon","coordinates":[[[[132.6,-40.5],[132.7,-40.5],[133,-40.4],[133.2,-40.4],[133.4,-40.3],[133.9,-40.4],[133.7,-40.7],[132.6,-40.5]]]]}},{"type":"Feature","properties":{},"geometry":{"type":"MultiPolygon","coordinates":[[[[141.2,-41],[141.3,-41.1],[141.5,-41.3],[141,-41.4],[140.9,-41.2],[141.1,-40.8],[141.2,-41]]]]}},{"type":"Feature","properties":{},"geometry":{"type":"MultiPolygon","coordinates":[[[[132.5,-40.7],[132.6,-40.8],[132.8,-41],[132.1,-41],[132.3,-40.9],[132.3,-40.8],[132.5,-40.7]]]]}},{"type":"Feature","properties":{},"geometry":{"type":"MultiPolygon","coordinates":[[[[145.8,-42.4],[145.9,-42.6],[145.5,-42.7],[145.8,-42.4]]]]}},{"type":"Feature","properties":{},"geometry":{"type":"MultiPolygon","coordinates":[[[[146.8,-51.9],[146.8,-52],[146.8,-52.1],[146.7,-52.2],[146.7,-52.3],[146.7,-52.4],[146.7,-52.5],[146.7,-52.6],[146.6,-52.6],[146.6,-52.7],[146.6,-52.8],[146.5,-52.8],[146.4,-53],[145.8,-53.5],[145,-53.9],[144.4,-54],[144,-54.1],[143.9,-54.3],[144.6,-54.1],[144.9,-54.1],[144.2,-54.4],[143.4,-54.9],[142.5,-55.1],[142.2,-55.4],[141.3,-55.7],[140.8,-56],[140.3,-56],[139.6,-56],[139,-56],[138.7,-56],[137.9,-55.8],[137.8,-55.8],[137.7,-55.8],[137.6,-55.8],[137.6,-55.7],[137.5,-55.7],[137.4,-55.7],[137.3,-55.7],[137.3,-55.8],[137.2,-55.8],[137.1,-55.8],[137,-55.8],[136.9,-55.8],[136.8,-55.8],[136.7,-55.8],[136.6,-55.7],[136.5,-55.7],[136.4,-55.7],[136.3,-55.7],[136.2,-55.7],[136.1,-55.7],[136,-55.7],[135.9,-55.7],[135.8,-55.7],[135.8,-55.8],[135.7,-55.8],[135.6,-55.8],[135.5,-55.8],[135.5,-55.9],[135.4,-55.9],[135.3,-55.9],[135.2,-55.9],[135.1,-55.9],[135,-55.9],[134.9,-55.9],[134.8,-55.9],[134.7,-55.9],[134.6,-55.9],[134.5,-55.9],[134.4,-55.9],[134.3,-55.9],[134.2,-55.9],[134.1,-55.9],[134,-55.9],[133.9,-55.9],[133.8,-55.9],[133.8,-55.8],[133.7,-55.8],[133.6,-55.8],[133.5,-55.8],[133.4,-55.8],[133.3,-55.8],[133.2,-55.7],[133.1,-55.7],[133,-55.7],[132.9,-55.7],[132.9,-55.6],[132.8,-55.6],[132.7,-55.5],[132,-55.1],[131.8,-54.9],[131.7,-54.9],[131.6,-54.9],[131.6,-54.8],[131.5,-54.8],[131.4,-54.8],[131.3,-54.8],[131.2,-54.8],[131.1,-54.7],[131,-54.7],[130.9,-54.7],[130.9,-54.6],[130.8,-54.6],[130.7,-54.6],[130.6,-54.5],[130.5,-54.5],[130.4,-54.4],[130.3,-54.4],[130.3,-54.3],[130.2,-54.3],[130.1,-54.3],[130.1,-54.2],[130,-54.2],[130,-54.1],[129.9,-54.1],[129.9,-54],[129.8,-54],[129.7,-53.9],[129.6,-53.9],[129.6,-53.8],[129.5,-53.8],[129.5,-53.7],[129.4,-53.7],[129.3,-53.7],[129.2,-53.7],[129.1,-53.7],[129,-53.7],[128.9,-53.7],[128.8,-53.7],[128.7,-53.7],[128.6,-53.7],[128.5,-53.7],[128.4,-53.7],[128.3,-53.7],[128.2,-53.7],[128.1,-53.7],[128,-53.7],[127.9,-53.7],[127.9,-53.8],[127.8,-53.8],[127.7,-53.8],[127.6,-53.8],[127.5,-53.8],[127.4,-53.8],[127.3,-53.8],[127.2,-53.8],[127,-53.8],[126.9,-53.8],[126.8,-53.8],[126.7,-53.7],[126.6,-53.7],[126.5,-53.7],[126.4,-53.7],[126.3,-53.7],[126.2,-53.7],[126.1,-53.7],[126,-53.7],[125.9,-53.7],[125.8,-53.7],[125.7,-53.6],[125.6,-53.6],[125.5,-53.6],[125.4,-53.5],[125.3,-53.5],[125.2,-53.5],[125.2,-53.4],[125.1,-53.4],[125,-53.4],[125,-53.3],[124.9,-53.3],[124.8,-53.2],[124.8,-53.1],[124.7,-53.1],[124.7,-53],[124.6,-53],[124.6,-52.9],[124.5,-52.9],[124.5,-52.8],[124.4,-52.8],[124.4,-52.7],[124.3,-52.6],[124.2,-52.6],[124.2,-52.5],[124.1,-52.5],[124.1,-52.4],[124,-52.4],[124,-52.3],[123.9,-52.3],[123.9,-52.2],[123.8,-52.2],[123.8,-52.1],[123.7,-52.1],[123.7,-52],[123.6,-52],[123.6,-51.9],[123.5,-51.9],[123.5,-51.8],[123.4,-51.8],[123.4,-51.7],[123.3,-51.6],[123.2,-51.6],[123.2,-51.5],[123.1,-51.4],[123,-51.3],[122.9,-51.2],[122.8,-51.1],[122.7,-51.1],[122.7,-51],[122.6,-51],[122.5,-51],[122.4,-50.9],[123.3,-50.1],[123.4,-50.1],[123.5,-50.1],[123.6,-50.2],[123.7,-50.2],[123.8,-50.2],[123.9,-50.3],[124,-50.3],[124.1,-50.4],[124.2,-50.4],[124.3,-50.5],[124.4,-50.5],[124.4,-50.6],[124.3,-50.6],[124.3,-50.7],[124.2,-50.7],[124.2,-50.8],[124.3,-50.9],[124.3,-51],[124.4,-51],[124.4,-51.1],[124.5,-51.1],[124.5,-51.2],[124.6,-51.2],[124.6,-51.3],[124.7,-51.3],[124.7,-51.4],[124.8,-51.4],[124.9,-51.5],[124.9,-51.6],[125,-51.6],[125,-51.7],[125.1,-51.7],[125.2,-51.8],[125.3,-51.9],[125.4,-52],[125.5,-52.1],[125.6,-52.1],[125.6,-52.2],[125.7,-52.2],[125.8,-52.2],[125.9,-52.3],[126,-52.3],[126.1,-52.4],[126.2,-52.4],[126.3,-52.5],[126.4,-52.5],[126.5,-52.6],[126.6,-52.6],[126.6,-52.7],[126.7,-52.7],[126.7,-52.8],[126.8,-52.8],[126.8,-52.9],[126.9,-52.9],[127,-52.9],[127.1,-52.9],[127.2,-52.9],[127.3,-52.9],[127.4,-52.9],[127.5,-52.9],[127.6,-53],[127.7,-53],[127.8,-53],[127.9,-53],[128,-53],[128.1,-53],[128.2,-53],[128.3,-53],[128.4,-53],[128.5,-53],[128.6,-53],[128.7,-53],[128.8,-53],[128.9,-53],[129,-53],[129.1,-53],[129.2,-52.9],[129.3,-52.9],[129.4,-52.9],[129.5,-52.9],[129.6,-52.9],[129.7,-52.9],[129.8,-52.9],[129.9,-52.9],[130,-52.9],[130.1,-52.9],[130.2,-52.9],[130.3,-52.9],[130.4,-52.9],[130.5,-52.9],[130.6,-52.9],[130.7,-52.9],[130.8,-52.9],[130.9,-52.9],[130.9,-53],[131,-53],[131.1,-53.1],[131.2,-53.1],[131.2,-53.2],[131.3,-53.2],[131.3,-53.3],[131.4,-53.3],[131.4,-53.4],[131.5,-53.4],[131.5,-53.5],[131.4,-53.5],[131.4,-53.6],[131.5,-53.5],[131.6,-53.5],[131.6,-53.4],[131.7,-53.4],[131.8,-53.4],[131.8,-53.3],[131.9,-53.3],[131.9,-53.2],[132,-53.2],[132,-53.1],[132.1,-53.1],[132.1,-53.2],[132.2,-53.3],[132.2,-53.4],[132.3,-53.5],[132.3,-53.6],[132.4,-53.7],[132.4,-53.8],[132.5,-53.8],[132.5,-53.9],[132.6,-53.9],[132.6,-53.8],[132.7,-53.8],[132.8,-53.8],[132.9,-53.8],[133,-53.7],[133.1,-53.7],[133.2,-53.7],[133.3,-53.7],[133.3,-53.8],[133.4,-53.8],[133.4,-53.9],[133.4,-54],[133.5,-54],[133.5,-54.1],[133.6,-54.1],[133.7,-54.2],[133.8,-54.2],[133.9,-54.2],[134,-54.3],[134.1,-54.3],[134.2,-54.3],[134.3,-54.3],[134.4,-54.3],[134.5,-54.3],[134.6,-54.2],[134.7,-54.2],[134.8,-54.2],[134.9,-54.1],[135,-54.1],[135.1,-54.1],[135.2,-54.1],[135.3,-54.1],[135.4,-54.1],[135.5,-54.1],[135.6,-54.1],[135.6,-54.2],[135.7,-54.2],[135.7,-54.1],[135.8,-54.1],[135.9,-54.1],[136,-54],[136.1,-54],[136.2,-54],[136.3,-53.9],[136.4,-53.9],[136.5,-53.8],[136.7,-53.7],[136.8,-53.7],[136.9,-53.7],[137,-53.7],[137.1,-53.7],[137.2,-53.7],[137.3,-53.7],[137.4,-53.7],[137.5,-53.7],[137.5,-53.8],[137.6,-53.8],[137.7,-53.8],[137.8,-53.8],[137.9,-53.8],[138,-53.8],[138.1,-53.8],[138.2,-53.9],[138.3,-53.9],[138.4,-53.9],[138.5,-53.9],[138.6,-53.9],[138.7,-53.9],[138.8,-53.9],[138.9,-53.9],[139,-54],[139.1,-53.9],[139.2,-53.9],[139.3,-53.9],[139.4,-53.9],[139.5,-53.9],[139.6,-53.9],[139.6,-54],[139.7,-54],[139.8,-54],[139.8,-53.9],[139.9,-53.9],[140,-53.9],[140.1,-53.9],[140.2,-53.9],[140.2,-53.8],[140.3,-53.8],[140.4,-53.8],[140.5,-53.8],[140.6,-53.8],[140.6,-53.7],[140.7,-53.7],[140.8,-53.7],[140.9,-53.7],[140.9,-53.6],[141,-53.6],[141.1,-53.6],[141.2,-53.6],[141.2,-53.5],[141.3,-53.5],[141.4,-53.5],[141.5,-53.5],[141.6,-53.4],[141.7,-53.4],[141.9,-53.4],[142,-53.4],[142.1,-53.4],[142.2,-53.4],[142.3,-53.4],[142.3,-53.3],[142.4,-53.3],[142.5,-53.3],[142.6,-53.3],[142.7,-53.3],[142.8,-53.3],[142.8,-53.2],[143,-53.2],[143.1,-53.2],[143.2,-53.1],[143.3,-53.1],[143.4,-53],[143.5,-53],[143.6,-53],[143.6,-52.9],[143.7,-52.9],[143.7,-52.8],[143.8,-52.8],[143.8,-52.7],[143.9,-52.7],[143.9,-52.6],[144,-52.5],[144,-52.4],[144.1,-52.4],[144.1,-52.3],[144.1,-52.2],[144.2,-52.2],[144.2,-52.1],[144.3,-52.1],[144.3,-52],[144.4,-51.9],[144.5,-51.8],[144.6,-51.7],[144.6,-51.6],[144.7,-51.5],[144.8,-51.5],[144.8,-51.4],[144.9,-51.4],[145,-51.4],[145.1,-51.5],[145.2,-51.5],[145.3,-51.5],[145.4,-51.6],[145.5,-51.6],[145.6,-51.6],[145.8,-51.7],[145.9,-51.7],[146,-51.8],[146.1,-51.8],[146.2,-51.8],[146.3,-51.8],[146.3,-51.9],[146.5,-51.9],[146.6,-51.9],[146.7,-51.9],[146.8,-51.9]]]]}},{"type":"Feature","properties":{},"geometry":{"type":"MultiPolygon","coordinates":[[[[145.1,-54],[146,-54.1],[146.8,-54.1],[147.5,-54.1],[148,-54.1],[148.8,-54.1],[149.4,-54.1],[150.1,-54.2],[150.2,-54.2],[150.3,-54.2],[150.9,-54.3],[151.1,-54.3],[151.4,-54.3],[151.8,-54.4],[151.9,-54.4],[152,-54.4],[152.8,-54.4],[152.9,-54.4],[153,-54.4],[153.5,-54.4],[154.1,-54.4],[154.8,-54.4],[155.2,-54.2],[156.5,-54],[157.3,-54],[157.7,-54],[157.9,-54.3],[158.1,-54.3],[158.3,-54.3],[158.4,-54.3],[158.5,-54.3],[158.5,-54.4],[158.6,-54.5],[158.7,-54.5],[158.7,-54.6],[158.8,-54.6],[158.9,-54.6],[159,-54.6],[159.1,-54.6],[159.2,-54.6],[159.2,-54.7],[159.3,-54.7],[159.4,-54.7],[159.5,-54.8],[159.6,-54.8],[159.6,-54.9],[159.7,-54.9],[159.8,-55],[159.9,-55],[160,-55],[160,-55.1],[160.1,-55.1],[160,-55.2],[159.8,-55.4],[159.4,-55.8],[159.1,-56],[158.8,-56.3],[158.2,-56.8],[158,-57.3],[157.8,-57.4],[157.9,-57.6],[158.3,-58],[158.6,-58.5],[158.7,-58.7],[159,-59.1],[159.3,-59.4],[159.3,-59.5],[159.3,-59.6],[158.5,-60],[158.3,-59.1],[157.4,-59.7],[156.8,-60.1],[156.9,-59.7],[156.3,-59.2],[156.2,-58.3],[155.3,-57.7],[155.1,-58.2],[154.9,-59],[154.6,-60],[154.4,-60.3],[154.3,-60.5],[153.3,-60.3],[153.8,-60.3],[152.6,-59.8],[151.3,-59.4],[150.8,-59.5],[150.3,-59.4],[150.1,-59.2],[149.6,-59],[148.7,-58.9],[148.6,-59],[146.8,-59.2],[144.5,-59.2],[140.4,-60.7],[136.9,-61.7],[134.5,-63.5],[133.3,-64.1],[131.9,-64.3],[130.9,-64.5],[130.4,-64.4],[130.5,-64.4],[130.5,-64.3],[130.6,-64.2],[130.6,-64.1],[130.7,-64.1],[130.7,-64],[130.8,-64],[130.9,-64],[130.9,-63.9],[131,-63.8],[131.1,-63.7],[131.2,-63.7],[131.3,-63.7],[131.3,-63.6],[131.4,-63.6],[131.5,-63.6],[131.6,-63.6],[131.6,-63.5],[131.7,-63.5],[131.8,-63.5],[131.8,-63.6],[131.7,-63.6],[131.7,-63.7],[131.6,-63.7],[131.5,-63.8],[131.4,-63.8],[131.4,-63.9],[131.3,-63.9],[131.3,-64],[131.2,-64],[131.2,-64.1],[131.3,-64.1],[131.3,-64],[131.4,-64],[131.5,-64],[131.5,-63.9],[131.6,-63.9],[131.7,-63.8],[131.8,-63.8],[131.8,-63.7],[131.9,-63.7],[131.9,-63.6],[132,-63.6],[132,-63.5],[132,-63.4],[132.1,-63.4],[132.1,-63.3],[132.1,-63.2],[132.1,-63.1],[132.1,-63],[132.1,-62.9],[132.1,-62.8],[132,-62.7],[131.9,-62.7],[131.8,-62.7],[131.8,-62.8],[131.7,-62.8],[131.6,-62.8],[131.5,-62.8],[131.4,-62.8],[131.4,-62.7],[131.3,-62.7],[131.2,-62.7],[131.2,-62.6],[131.2,-62.5],[131.3,-62.4],[131.3,-62.3],[131.4,-62.3],[131.4,-62.2],[131.5,-62.1],[131.6,-62.1],[131.6,-62],[131.7,-62],[131.7,-61.9],[131.8,-61.9],[131.8,-61.8],[131.9,-61.8],[131.9,-61.7],[132,-61.7],[132,-61.6],[132.1,-61.6],[132.1,-61.5],[132.2,-61.5],[132.2,-61.4],[132.3,-61.4],[132.3,-61.3],[132.4,-61.3],[132.4,-61.2],[132.4,-61.1],[132.5,-61.1],[132.5,-61],[132.5,-60.9],[132.5,-60.8],[132.6,-60.7],[132.6,-60.6],[132.6,-60.5],[132.6,-60.4],[132.6,-60.3],[132.6,-60.2],[132.6,-60.1],[132.6,-60],[132.6,-59.9],[132.7,-59.9],[132.7,-59.8],[132.7,-59.7],[132.7,-59.6],[132.7,-59.5],[132.6,-59.5],[132.6,-59.6],[132.6,-59.7],[132.5,-59.7],[132.5,-59.8],[132.4,-59.8],[132.3,-59.8],[132.2,-59.8],[132.2,-59.7],[132.2,-59.6],[132.2,-59.5],[132.2,-59.4],[132.2,-59.3],[132.2,-59.2],[132.3,-59.2],[132.3,-59.1],[132.4,-59],[132.4,-58.9],[132.5,-58.8],[132.6,-58.7],[132.6,-58.6],[132.7,-58.6],[132.7,-58.5],[132.8,-58.5],[132.9,-58.4],[133,-58.3],[133,-58.2],[133,-58.1],[133.1,-58.1],[133.1,-58],[133.2,-58],[133.2,-57.9],[133.3,-57.9],[133.3,-57.8],[133.4,-57.8],[133.4,-57.7],[133.5,-57.7],[133.6,-57.6],[133.7,-57.6],[133.8,-57.6],[133.8,-57.5],[133.9,-57.5],[134,-57.4],[134.1,-57.3],[134.2,-57.2],[134.3,-57.1],[134.4,-57],[134.9,-57.1],[135.4,-57],[135.9,-56.7],[136.2,-55.7],[136.3,-55.7],[136.4,-55.7],[136.5,-55.7],[136.6,-55.7],[136.7,-55.8],[136.8,-55.8],[136.9,-55.8],[137,-55.8],[137.1,-55.8],[137.2,-55.8],[137.3,-55.8],[137.3,-55.7],[137.4,-55.7],[137.5,-55.7],[137.6,-55.7],[137.6,-55.8],[137.7,-55.8],[137.8,-55.8],[137.9,-55.8],[138.9,-56],[139.1,-56],[139.7,-56],[140.3,-56],[140.9,-56],[141.7,-55.7],[142.2,-55.3],[142.6,-55.1],[143.5,-54.8],[144.2,-54.4],[145.1,-54]]]]}},{"type":"Feature","properties":{},"geometry":{"type":"MultiPolygon","coordinates":[[[[119.9,-66.4],[119.8,-66.3],[119.7,-66.2],[119.8,-66.1],[119.9,-66.1],[120,-66.1],[120.1,-66.1],[120.2,-66.1],[120.2,-66],[120.3,-66],[120.4,-66],[120.5,-66],[120.6,-66],[120.7,-66],[120.8,-66],[120.9,-66],[121,-66],[121.1,-66],[121.2,-66],[121.3,-66],[121.4,-66],[121.5,-66],[121.6,-66],[121.7,-66],[121.8,-66],[121.9,-66],[122.1,-66],[122.2,-66],[122.2,-65.9],[122.3,-65.9],[122.4,-65.9],[122.5,-65.9],[122.6,-65.9],[122.7,-65.9],[122.9,-65.9],[123,-65.9],[123.1,-65.9],[123.2,-65.9],[123.3,-65.9],[123.4,-65.9],[123.5,-65.9],[123.6,-65.9],[123.7,-65.9],[123.8,-65.9],[123.9,-65.9],[124,-65.9],[124.1,-65.9],[124.2,-65.9],[124.3,-65.9],[124.4,-65.8],[124.5,-65.8],[124.6,-65.8],[124.7,-65.8],[124.8,-65.8],[124.9,-65.8],[125,-65.7],[125.1,-65.7],[125.2,-65.7],[125.4,-65.7],[125.5,-65.6],[125.7,-65.6],[125.8,-65.6],[125.9,-65.6],[126,-65.5],[126.1,-65.5],[126.2,-65.5],[126.3,-65.5],[126.4,-65.5],[126.4,-65.4],[126.5,-65.4],[126.6,-65.4],[126.7,-65.3],[126.8,-65.3],[126.8,-65.4],[126.6,-65.6],[125.6,-65.8],[124.7,-66.3],[124.2,-66.4],[123.8,-66.5],[121.9,-66.6],[121.2,-66.6],[119.9,-66.4]]]]}},{"type":"Feature","properties":{},"geometry":{"type":"MultiPolygon","coordinates":[[[[158.2,-60.2],[158.7,-60.3],[157.7,-60.7],[156.6,-60.9],[158.2,-60.2]]]]}},{"type":"Feature","properties":{},"geometry":{"type":"MultiPolygon","coordinates":[[[[119.7,-66.2],[119.8,-66.3],[119.9,-66.4],[118.3,-66.3],[118.5,-65.5],[118.5,-64.1],[118.8,-63.8],[116.3,-62.1],[115.3,-60.7],[114.2,-59.8],[112.3,-58.3],[112.8,-58.7],[113.1,-58.9],[112.5,-57.9],[113.1,-58.1],[113.4,-58.4],[114,-58.1],[112.8,-57.3],[112.2,-56.1],[112.2,-54.8],[112.9,-54.5],[113.3,-54.7],[113.4,-54.4],[113.6,-54.1],[114.8,-53.6],[114.7,-53.7],[114.7,-53.8],[114.6,-53.8],[114.5,-53.8],[114.4,-53.9],[114.4,-54],[114.3,-54],[114.3,-54.1],[114.1,-54.2],[114,-54.2],[114,-54.3],[113.9,-54.3],[113.9,-54.4],[113.9,-54.5],[113.8,-54.5],[113.9,-54.6],[113.9,-54.7],[113.9,-54.8],[113.9,-55],[113.9,-55.1],[113.9,-55.2],[114,-55.3],[114,-55.4],[114,-55.5],[114,-55.6],[114.1,-55.6],[114.1,-55.7],[114.1,-55.8],[114.1,-55.9],[114.1,-56],[114.1,-56.2],[114.2,-56.3],[114.2,-56.4],[114.2,-56.5],[114.3,-56.5],[114.3,-56.6],[114.4,-56.7],[114.4,-56.8],[114.5,-56.8],[114.5,-56.9],[114.6,-57],[114.7,-57.1],[114.8,-57.2],[114.9,-57.3],[114.9,-57.4],[115,-57.4],[115.2,-57.6],[115.3,-57.6],[115.4,-57.7],[115.5,-57.7],[115.5,-57.8],[115.6,-57.8],[115.6,-57.9],[115.7,-57.9],[115.7,-58],[115.8,-58.1],[115.8,-58.2],[115.9,-58.2],[115.9,-58.3],[115.9,-58.4],[115.9,-58.5],[116,-58.6],[116,-58.7],[116,-58.8],[116,-58.9],[116.1,-59],[116.1,-59.1],[116.1,-59.2],[116.2,-59.3],[116.2,-59.4],[116.2,-59.5],[116.3,-59.5],[116.3,-59.6],[116.3,-59.7],[116.4,-59.8],[116.4,-59.9],[116.5,-60],[116.5,-60.1],[116.6,-60.1],[116.6,-60.2],[116.6,-60.3],[116.7,-60.3],[116.7,-60.4],[116.7,-60.5],[116.8,-60.6],[116.9,-60.7],[117,-60.8],[117,-60.9],[117.1,-60.9],[117.2,-61],[117.3,-61.1],[117.4,-61.2],[117.5,-61.2],[117.5,-61.3],[117.6,-61.3],[117.7,-61.4],[117.8,-61.5],[117.8,-61.6],[117.9,-61.7],[117.9,-61.8],[118,-61.8],[118,-61.9],[118.1,-61.9],[118.1,-62],[118.1,-62.1],[118.2,-62.1],[118.2,-62.2],[118.3,-62.3],[118.4,-62.5],[118.4,-62.6],[118.5,-62.7],[118.5,-62.8],[118.6,-62.8],[118.6,-62.9],[118.7,-63],[118.7,-63.1],[118.8,-63.2],[118.8,-63.3],[118.9,-63.4],[118.9,-63.5],[118.9,-63.6],[119,-63.6],[119,-63.7],[119,-63.8],[119,-63.9],[119,-64],[119.1,-64.1],[119.1,-64.2],[119.1,-64.3],[119.1,-64.4],[119.1,-64.5],[119.2,-64.5],[119.2,-64.6],[119.2,-64.7],[119.2,-64.8],[119.2,-64.9],[119.2,-65],[119.2,-65.1],[119.2,-65.2],[119.3,-65.3],[119.3,-65.4],[119.3,-65.5],[119.4,-65.6],[119.5,-65.7],[119.5,-65.8],[119.5,-65.9],[119.6,-66],[119.6,-66.1],[119.7,-66.1],[119.7,-66.2]]]]}},{"type":"Feature","properties":{},"geometry":{"type":"MultiPolygon","coordinates":[[[[136.2,-55.7],[135.9,-56.7],[135.4,-57],[134.9,-57.1],[134.4,-57],[134.3,-57.1],[134.2,-57.2],[134.1,-57.3],[134,-57.4],[133.9,-57.5],[133.8,-57.5],[133.8,-57.6],[133.7,-57.6],[133.6,-57.6],[133.5,-57.7],[133.4,-57.7],[133.4,-57.8],[133.3,-57.8],[133.3,-57.9],[133.2,-57.9],[133.2,-58],[133.1,-58],[133.1,-58.1],[133,-58.1],[133,-58.2],[133,-58.3],[132.9,-58.4],[132.8,-58.5],[132.7,-58.5],[132.7,-58.6],[132.6,-58.6],[132.6,-58.7],[132.5,-58.8],[132.4,-58.9],[132.4,-59],[132.3,-59.1],[132.3,-59.2],[132.2,-59.2],[132.2,-59.3],[132.2,-59.4],[132.2,-59.5],[132.2,-59.6],[132.2,-59.7],[132.2,-59.8],[132.3,-59.8],[132.4,-59.8],[132.5,-59.8],[132.5,-59.7],[132.6,-59.7],[132.6,-59.6],[132.6,-59.5],[132.7,-59.5],[132.7,-59.6],[132.7,-59.7],[132.7,-59.8],[132.7,-59.9],[132.6,-59.9],[132.6,-60],[132.6,-60.1],[132.6,-60.2],[132.6,-60.3],[132.6,-60.4],[132.6,-60.5],[132.6,-60.6],[132.6,-60.7],[132.5,-60.8],[132.5,-60.9],[132.5,-61],[132.5,-61.1],[132.4,-61.1],[132.4,-61.2],[132.4,-61.3],[132.3,-61.3],[132.3,-61.4],[132.2,-61.4],[132.2,-61.5],[132.1,-61.5],[132.1,-61.6],[132,-61.6],[132,-61.7],[131.9,-61.7],[131.9,-61.8],[131.8,-61.8],[131.8,-61.9],[131.7,-61.9],[131.7,-62],[131.6,-62],[131.6,-62.1],[131.5,-62.1],[131.4,-62.2],[131.4,-62.3],[131.3,-62.3],[131.3,-62.4],[131.2,-62.5],[131.2,-62.6],[131.2,-62.7],[131.3,-62.7],[131.4,-62.7],[131.4,-62.8],[131.5,-62.8],[131.6,-62.8],[131.7,-62.8],[131.8,-62.8],[131.8,-62.7],[131.9,-62.7],[132,-62.7],[132.1,-62.8],[132.1,-62.9],[132.1,-63],[132.1,-63.1],[132.1,-63.2],[132.1,-63.3],[132.1,-63.4],[132,-63.4],[132,-63.5],[132,-63.6],[131.9,-63.6],[131.9,-63.7],[131.8,-63.7],[131.8,-63.8],[131.7,-63.8],[131.6,-63.9],[131.5,-63.9],[131.5,-64],[131.4,-64],[131.3,-64],[131.3,-64.1],[131.2,-64.1],[131.2,-64],[131.3,-64],[131.3,-63.9],[131.4,-63.9],[131.4,-63.8],[131.5,-63.8],[131.6,-63.7],[131.7,-63.7],[131.7,-63.6],[131.8,-63.6],[131.8,-63.5],[131.7,-63.5],[131.6,-63.5],[131.6,-63.6],[131.5,-63.6],[131.4,-63.6],[131.3,-63.6],[131.3,-63.7],[131.2,-63.7],[131.1,-63.7],[131,-63.8],[130.9,-63.9],[130.9,-64],[130.8,-64],[130.7,-64],[130.7,-64.1],[130.6,-64.1],[130.6,-64.2],[130.5,-64.3],[130.5,-64.4],[130.4,-64.4],[130.1,-64.5],[126.9,-65.3],[126.7,-65.3],[126.6,-65.4],[126.5,-65.4],[126.4,-65.4],[126.3,-65.5],[126.2,-65.5],[126.1,-65.5],[126,-65.6],[125.9,-65.6],[125.8,-65.6],[125.7,-65.6],[125.6,-65.6],[125.5,-65.6],[125.3,-65.7],[125.2,-65.7],[125.1,-65.7],[125,-65.7],[124.9,-65.8],[124.8,-65.8],[124.7,-65.8],[124.6,-65.8],[124.5,-65.8],[124.3,-65.8],[124.3,-65.9],[124.2,-65.9],[124.1,-65.9],[124,-65.9],[123.9,-65.9],[123.8,-65.9],[123.7,-65.9],[123.6,-65.9],[123.5,-65.9],[123.4,-65.9],[123.3,-65.9],[123.2,-65.9],[123.1,-65.9],[122.9,-65.9],[122.8,-65.9],[122.7,-65.9],[122.6,-65.9],[122.5,-65.9],[122.4,-65.9],[122.3,-65.9],[122.2,-65.9],[122.2,-66],[122,-66],[121.9,-66],[121.8,-66],[121.7,-66],[121.6,-66],[121.5,-66],[121.4,-66],[121.3,-66],[121.2,-66],[121.1,-66],[121,-66],[120.9,-66],[120.8,-66],[120.7,-66],[120.6,-66],[120.5,-66],[120.4,-66],[120.3,-66],[120.2,-66],[120.2,-66.1],[120.1,-66.1],[120,-66.1],[119.9,-66.1],[119.8,-66.1],[119.8,-66.2],[119.7,-66.1],[119.6,-66.1],[119.6,-66],[119.5,-65.9],[119.5,-65.8],[119.4,-65.7],[119.4,-65.6],[119.4,-65.5],[119.3,-65.4],[119.3,-65.3],[119.2,-65.1],[119.2,-65],[119.2,-64.9],[119.2,-64.8],[119.2,-64.7],[119.2,-64.6],[119.2,-64.5],[119.1,-64.5],[119.1,-64.4],[119.1,-64.3],[119.1,-64.2],[119.1,-64.1],[119,-63.9],[119,-63.8],[119,-63.7],[119,-63.6],[118.9,-63.5],[118.9,-63.4],[118.8,-63.3],[118.8,-63.2],[118.7,-63.1],[118.7,-63],[118.6,-62.9],[118.6,-62.8],[118.5,-62.7],[118.5,-62.6],[118.4,-62.5],[118.3,-62.4],[118.3,-62.3],[118.2,-62.2],[118.2,-62.1],[118.1,-62.1],[118.1,-62],[118,-61.9],[118,-61.8],[117.9,-61.8],[117.9,-61.7],[117.8,-61.6],[117.7,-61.5],[117.7,-61.4],[117.6,-61.3],[117.5,-61.3],[117.5,-61.2],[117.4,-61.2],[117.3,-61.1],[117.2,-61],[117.1,-61],[117.1,-60.9],[117,-60.8],[116.9,-60.7],[116.8,-60.6],[116.8,-60.5],[116.7,-60.5],[116.7,-60.4],[116.7,-60.3],[116.6,-60.2],[116.6,-60.1],[116.5,-60.1],[116.5,-60],[116.5,-59.9],[116.4,-59.9],[116.4,-59.8],[116.4,-59.7],[116.3,-59.7],[116.3,-59.6],[116.3,-59.5],[116.2,-59.5],[116.2,-59.4],[116.2,-59.3],[116.1,-59.2],[116.1,-59.1],[116.1,-59],[116.1,-58.9],[116,-58.9],[116,-58.8],[116,-58.7],[116,-58.6],[115.9,-58.5],[115.9,-58.4],[115.9,-58.3],[115.9,-58.2],[115.8,-58.2],[115.8,-58.1],[115.8,-58],[115.7,-58],[115.7,-57.9],[115.6,-57.9],[115.6,-57.8],[115.5,-57.8],[115.5,-57.7],[115.4,-57.7],[115.3,-57.6],[115.1,-57.5],[115,-57.4],[114.9,-57.3],[114.8,-57.3],[114.8,-57.2],[114.7,-57.1],[114.6,-57],[114.5,-56.9],[114.4,-56.8],[114.4,-56.7],[114.3,-56.6],[114.3,-56.5],[114.2,-56.5],[114.2,-56.4],[114.2,-56.2],[114.1,-56.1],[114.1,-56],[114.1,-55.8],[114.1,-55.7],[114.1,-55.6],[114,-55.6],[114,-55.5],[114,-55.4],[113.9,-55.2],[113.9,-55],[113.9,-54.9],[113.9,-54.8],[113.9,-54.7],[113.8,-54.5],[113.9,-54.5],[113.9,-54.4],[113.9,-54.3],[114,-54.3],[114,-54.2],[114.1,-54.2],[114.2,-54.1],[114.3,-54.1],[114.3,-54],[114.4,-54],[114.4,-53.9],[114.5,-53.9],[114.5,-53.8],[114.6,-53.8],[114.7,-53.7],[114.8,-53.6],[114.9,-53.6],[115.8,-52.9],[116.6,-52.6],[116.7,-52.5],[117.3,-52.5],[118.2,-52.4],[118.7,-52],[120.2,-51.5],[121,-51.4],[122.4,-50.9],[122.5,-51],[122.6,-51],[122.7,-51.1],[122.8,-51.1],[122.9,-51.2],[123,-51.3],[123.1,-51.4],[123.2,-51.5],[123.2,-51.6],[123.3,-51.7],[123.4,-51.7],[123.4,-51.8],[123.5,-51.8],[123.5,-51.9],[123.6,-51.9],[123.6,-52],[123.7,-52],[123.7,-52.1],[123.8,-52.1],[123.8,-52.2],[123.9,-52.2],[123.9,-52.3],[124,-52.3],[124,-52.4],[124.1,-52.4],[124.2,-52.5],[124.2,-52.6],[124.3,-52.6],[124.4,-52.7],[124.4,-52.8],[124.5,-52.8],[124.5,-52.9],[124.6,-52.9],[124.6,-53],[124.7,-53],[124.7,-53.1],[124.8,-53.1],[124.8,-53.2],[124.9,-53.3],[125,-53.4],[125.1,-53.4],[125.2,-53.5],[125.3,-53.5],[125.4,-53.5],[125.5,-53.6],[125.6,-53.6],[125.7,-53.6],[125.8,-53.7],[125.9,-53.7],[126,-53.7],[126.1,-53.7],[126.2,-53.7],[126.3,-53.7],[126.4,-53.7],[126.5,-53.7],[126.6,-53.7],[126.7,-53.7],[126.8,-53.8],[126.9,-53.8],[127,-53.8],[127.2,-53.8],[127.3,-53.8],[127.4,-53.8],[127.5,-53.8],[127.6,-53.8],[127.7,-53.8],[127.8,-53.8],[127.9,-53.8],[127.9,-53.7],[128,-53.7],[128.1,-53.7],[128.2,-53.7],[128.3,-53.7],[128.4,-53.7],[128.5,-53.7],[128.6,-53.7],[128.7,-53.7],[128.8,-53.7],[128.9,-53.7],[129,-53.7],[129.1,-53.7],[129.2,-53.7],[129.3,-53.7],[129.4,-53.7],[129.5,-53.7],[129.5,-53.8],[129.6,-53.8],[129.7,-53.9],[129.8,-54],[129.9,-54.1],[130,-54.1],[130,-54.2],[130.1,-54.2],[130.2,-54.3],[130.3,-54.3],[130.3,-54.4],[130.4,-54.4],[130.5,-54.5],[130.6,-54.5],[130.7,-54.6],[130.8,-54.6],[130.9,-54.7],[131,-54.7],[131.1,-54.7],[131.2,-54.8],[131.3,-54.8],[131.4,-54.8],[131.5,-54.8],[131.6,-54.8],[131.6,-54.9],[131.7,-54.9],[131.8,-54.9],[132.5,-55.4],[132.7,-55.5],[132.8,-55.5],[132.8,-55.6],[132.9,-55.6],[133,-55.7],[133.1,-55.7],[133.2,-55.7],[133.3,-55.8],[133.4,-55.8],[133.5,-55.8],[133.6,-55.8],[133.7,-55.8],[133.8,-55.8],[133.8,-55.9],[133.9,-55.9],[134,-55.9],[134.1,-55.9],[134.2,-55.9],[134.3,-55.9],[134.4,-55.9],[134.5,-55.9],[134.6,-55.9],[134.7,-55.9],[134.8,-55.9],[134.9,-55.9],[135,-55.9],[135.1,-55.9],[135.2,-55.9],[135.3,-55.9],[135.4,-55.9],[135.5,-55.9],[135.5,-55.8],[135.6,-55.8],[135.7,-55.8],[135.8,-55.8],[135.8,-55.7],[135.9,-55.7],[136,-55.7],[136.1,-55.7],[136.2,-55.7]]]]}},{"type":"Feature","properties":{},"geometry":{"type":"MultiPolygon","coordinates":[[[[136.8,-40],[136.9,-40.1],[137.3,-40.1],[137.4,-40.2],[137.4,-40.1],[137.6,-40.1],[138,-39.9],[138.5,-40.1],[138.7,-40],[138.8,-40],[138.9,-39.9],[139.3,-39.6],[139.2,-39.7],[139.2,-39.8],[139.3,-39.8],[139.4,-39.7],[139.5,-39.7],[139.5,-39.6],[139.5,-39.7],[139.6,-39.8],[139.7,-39.8],[139.6,-39.9],[139.7,-39.9],[139.8,-39.9],[140,-39.8],[140.1,-39.6],[139.9,-39.6],[139.8,-39.6],[139.9,-39.4],[140.1,-39.3],[140,-39.4],[140.1,-39.3],[140.3,-39.5],[140.4,-39.5],[140.5,-39.5],[140.4,-39.5],[140.5,-39.4],[140.6,-39.4],[140.7,-39.5],[140.8,-39.5],[140.7,-39.6],[140.7,-39.8],[140.6,-39.7],[140.7,-39.8],[140.6,-39.9],[140.6,-40],[140.6,-40.1],[140.5,-40],[140.4,-40.1],[140.5,-40.1],[140.6,-40.2],[140.7,-40.2],[140.6,-40.2],[140.5,-40.3],[140.6,-40.3],[140.6,-40.4],[140.6,-40.5],[140.5,-40.6],[140.5,-40.5],[140.4,-40.4],[140.3,-40.4],[140.4,-40.5],[140.3,-40.5],[140.3,-40.6],[140.2,-40.5],[140.1,-40.6],[140.1,-40.7],[140,-40.7],[140,-40.8],[140.1,-40.8],[140.1,-40.9],[140,-40.9],[140,-41],[140.2,-41.2],[140.3,-41.1],[140.3,-41.3],[140.3,-41.5],[140.3,-41.6],[140.1,-41.7],[140.1,-41.9],[140.1,-42],[140.1,-42.1],[140.1,-42.2],[140,-42.2],[139.9,-42.3],[140.4,-42.5],[140.5,-42.5],[140.6,-42.5],[141,-42.6],[141.3,-42.6],[142.2,-42.9],[142.5,-42.9],[142.4,-42.8],[143.7,-42.9],[143.9,-43],[144.5,-43.1],[144.8,-43.1],[144.9,-43],[145.1,-43],[145.4,-43],[145.6,-43.1],[145.7,-43.1],[145.8,-43.2],[145.9,-43.3],[146.1,-43.3],[146.5,-43.4],[146.8,-43.4],[146.8,-43.3],[147.1,-43.4],[147.3,-43.3],[147.2,-43.4],[146.9,-43.4],[146.8,-43.4],[146.7,-43.5],[146.6,-43.5],[146.5,-43.5],[146.4,-43.5],[146.3,-43.5],[146.3,-43.6],[146.2,-43.6],[146.1,-43.6],[146,-43.6],[145.9,-43.7],[145.8,-43.7],[145.7,-43.7],[145.7,-43.8],[145.6,-43.8],[145.5,-43.8],[145.4,-43.9],[145.3,-43.9],[145.2,-43.9],[145.2,-44],[145.1,-44],[145,-44],[145,-44.1],[144.9,-44.1],[144.8,-44.1],[144.8,-44.2],[144.7,-44.2],[144.5,-44.2],[144.5,-44.3],[144.4,-44.3],[144.4,-44.4],[144.3,-44.4],[144.2,-44.5],[144.1,-44.5],[144,-44.5],[143.9,-44.6],[143.7,-44.6],[143.5,-44.6],[143.4,-44.6],[143.3,-44.7],[143.2,-44.7],[143.1,-44.7],[143,-44.8],[142.9,-44.9],[142.8,-44.9],[142.7,-45],[142.6,-45.1],[142.5,-45.1],[142.4,-45.1],[142.4,-45.2],[142.4,-45.3],[142.3,-45.4],[142.2,-45.4],[142.2,-45.5],[142.2,-45.6],[142.2,-45.7],[142.2,-45.8],[142.2,-45.9],[142.1,-45.9],[142.1,-46],[142,-46],[141.8,-46.1],[141.7,-46.2],[141.6,-46.2],[141.7,-46.3],[141.8,-46.3],[141.8,-46.4],[141.9,-46.4],[141.9,-46.5],[141.9,-46.6],[141.8,-46.6],[141.8,-46.7],[141.7,-46.7],[141.6,-46.7],[141.6,-46.8],[141.5,-46.8],[141.4,-46.8],[141.2,-46.8],[141.1,-46.9],[141,-46.9],[140.9,-46.9],[140.8,-46.9],[140.7,-46.8],[140.6,-46.8],[140.5,-46.7],[140.4,-46.7],[140.3,-46.7],[140.2,-46.6],[140.1,-46.5],[140,-46.5],[140,-46.4],[139.9,-46.4],[140,-46.4],[140,-46.3],[140.1,-46.3],[140.1,-46.2],[140,-46.2],[140,-46.1],[139.9,-46.1],[139.9,-46],[139.8,-46],[139.8,-45.9],[139.7,-45.9],[139.7,-45.8],[139.6,-45.8],[139.5,-45.7],[139.4,-45.7],[139.2,-45.5],[139,-45.4],[138.9,-45.4],[138.9,-45.3],[138.8,-45.3],[138.7,-45.4],[138.6,-45.4],[138.5,-45.4],[138.4,-45.3],[138.4,-45.2],[138.3,-45.2],[138.2,-45.2],[138.1,-45.2],[138.1,-44.2],[137.2,-43.5],[137.1,-43.4],[137.1,-43.3],[137,-43.3],[137,-43.2],[136.9,-43.2],[136.9,-43.1],[136.8,-43.1],[136.7,-43.1],[136.8,-43],[136.8,-42.9],[136.7,-42.9],[136.7,-42.8],[136.7,-42.7],[136.6,-42.7],[136.6,-42.6],[136.5,-42.6],[136.5,-42.5],[136.4,-42.5],[136.3,-42.5],[136.3,-42.4],[136.2,-42.4],[136.1,-42.4],[136,-42.4],[136,-42.3],[136.1,-42.2],[136.1,-42.1],[136,-42],[136.1,-41.9],[136,-41.8],[135.9,-41.8],[135.9,-41.7],[135.9,-41.6],[135.9,-41.5],[136,-41.4],[136,-41.3],[136.1,-41.3],[136.2,-41.2],[136.3,-41.2],[136.4,-41.2],[136.4,-41.1],[136.4,-41],[136.4,-40.9],[136.4,-40.8],[136.5,-40.8],[136.5,-40.7],[136.6,-40.7],[136.7,-40.7],[136.7,-40.6],[136.8,-40.6],[136.8,-40.5],[136.8,-40.4],[136.8,-40.3],[136.8,-40.2],[136.7,-40.1],[136.7,-40],[136.9,-39.9],[136.8,-40]]]]}},{"type":"Feature","properties":{},"geometry":{"type":"MultiPolygon","coordinates":[[[[67.1,-73.1],[71.9,-71.9],[75.4,-71.2],[82.1,-70.8],[85.7,-70.8],[85.9,-70.9],[84.9,-71.2],[83.6,-71.5],[80.9,-71.6],[78,-71.9],[75.1,-72.3],[69.3,-72.6],[68.1,-72.8],[67.1,-73.1]]]]}},{"type":"Feature","properties":{},"geometry":{"type":"MultiPolygon","coordinates":[[[[69.6,-52.6],[70.3,-53.1],[72.7,-55.6],[74.6,-59.1],[73.7,-59.2],[71.3,-56.9],[67.5,-58],[63.5,-58.3],[61.7,-57.4],[59.6,-58.3],[58.7,-60.1],[59.5,-62.3],[56.2,-63.4],[56.6,-63.1],[57.4,-63.1],[56.9,-62.8],[56.1,-62.9],[55.9,-63],[53.6,-63.2],[52.4,-60.5],[52.7,-60.6],[53.2,-60.9],[54.1,-61],[55.1,-60.9],[54.5,-60.7],[53.8,-60.4],[53.4,-59.8],[53.7,-59.4],[54.1,-59.3],[54.1,-59.1],[53.5,-59.2],[53.8,-59],[53.7,-58.8],[53.3,-58.7],[53.3,-58.5],[53.1,-58.4],[53.2,-58.3],[53.2,-58.2],[53.6,-58.1],[53.6,-57.9],[53.9,-57.9],[53.9,-57.6],[54.1,-57.1],[54.8,-56.4],[61,-54],[69.4,-52.5],[69.6,-52.6]]]]}},{"type":"Feature","properties":{},"geometry":{"type":"MultiPolygon","coordinates":[[[[33.7,-75.6],[33.3,-74],[34.3,-73.8],[34.2,-74],[33.9,-74.7],[33.7,-75.5],[33.7,-75.6]]]]}},{"type":"Feature","properties":{},"geometry":{"type":"MultiPolygon","coordinates":[[[[35.1,-75.6],[33.7,-75.5],[33.9,-74.7],[34.2,-74],[35,-73.6],[34.6,-74.9],[35.1,-75.6]]]]}},{"type":"Feature","properties":{},"geometry":{"type":"MultiPolygon","coordinates":[[[[54.2,-74.6],[47.8,-75.5],[46.6,-75.6],[42.8,-74.4],[39.9,-73.5],[38.3,-72.6],[39.1,-72.4],[41.1,-72.2],[46.4,-74.4],[53.5,-73.9],[54.2,-74.6]]]]}},{"type":"Feature","properties":{},"geometry":{"type":"MultiPolygon","coordinates":[[[[39.1,-75.9],[35.4,-75.5],[34.7,-75.2],[34.9,-73.8],[36.9,-73.2],[38.3,-72.6],[39.9,-73.5],[42.8,-74.4],[46.6,-75.6],[44.2,-76.1],[42.2,-75.8],[39.1,-75.9]]]]}},{"type":"Feature","properties":{},"geometry":{"type":"MultiPolygon","coordinates":[[[[38.1,-77.4],[35.1,-76.9],[32.4,-76.7],[31.4,-76.8],[31.4,-76.6],[31.4,-76.4],[30.4,-76.1],[31,-75.7],[35.4,-76.2],[38.7,-76.7],[40.7,-77],[39,-77.3],[38.1,-77.4]]]]}},{"type":"Feature","properties":{},"geometry":{"type":"MultiPolygon","coordinates":[[[[35.7,-77.7],[34,-77.3],[31.8,-77.1],[28.6,-77],[28.9,-76.7],[26.2,-76.7],[28.4,-75.7],[30.4,-76.1],[31.4,-76.4],[31.4,-76.6],[31.4,-76.8],[32.4,-76.7],[35.1,-76.9],[38.1,-77.4],[35.9,-77.7],[35.7,-77.7]]]]}},{"type":"Feature","properties":{},"geometry":{"type":"MultiPolygon","coordinates":[[[[32.9,64.5],[32.9,65.1],[32.1,65.5],[28.9,66.4],[26.2,66.5],[25.1,66.7],[27,66.8],[29.5,67.1],[33.9,66.5],[35.4,65.8],[36.3,65.1],[37.4,64.8],[38.1,64.4],[38.5,63.9],[38.9,62.6],[40.9,60.6],[41.4,60.5],[42.2,59.3],[41.2,58.5],[40.4,59.2],[38.2,60],[36.5,61.9],[36.3,62.3],[36.1,62.6],[35.2,63.3],[33.3,64.3],[32.9,64.5]]]]}},{"type":"Feature","properties":{},"geometry":{"type":"MultiPolygon","coordinates":[[[[28.5,68.6],[33,67.8],[36.9,65.7],[38.5,64.3],[40,62.9],[41.7,62.3],[43.2,61.2],[44.8,60.8],[46.8,60],[49.3,58.6],[50.3,57.7],[49.6,58],[48.9,58.9],[46.8,59.9],[44.8,60.4],[43,61.2],[40,62.3],[39.1,63.2],[38.5,63.9],[38.1,64.4],[37.4,64.8],[36.3,65.1],[35.4,65.8],[33.9,66.5],[29.5,67.1],[28.1,67.6],[28.4,67.8],[29.1,68.3],[28.5,68.1],[28,68.3],[27.7,68.5],[28.5,68.6]]]]}},{"type":"Feature","properties":{},"geometry":{"type":"MultiPolygon","coordinates":[[[[37.3,59.7],[37.8,59.4],[38.2,58.9],[38.4,59.2],[39.8,58.9],[41.4,58.2],[38.6,57.6],[36,57],[34.7,56.5],[34.4,56.1],[35,55.8],[31.9,56.1],[32.8,58.1],[37.3,59.7]]]]}},{"type":"Feature","properties":{},"geometry":{"type":"MultiPolygon","coordinates":[[[[37.3,59.7],[37.1,59.9],[35.8,61.3],[35.8,62.2],[36,62.4],[32.9,64.5],[33.2,64.1],[35.2,63.3],[36.1,62.6],[36.4,62.3],[37.6,60.5],[39,59.8],[40.6,59.1],[41.7,58.4],[42.7,58],[41.1,58.3],[39.5,59],[38.3,59.1],[38.2,58.9],[37.7,59.4],[37.3,59.7]]]]}},{"type":"Feature","properties":{},"geometry":{"type":"MultiPolygon","coordinates":[[[[41.7,58.4],[41.3,59.5],[41,60.7],[39.8,60.9],[38.8,62.9],[39.4,63.1],[40.3,62.2],[43.1,61.3],[45.2,60.2],[47.2,59.7],[49.2,58.6],[49.8,57.8],[49.2,57.3],[47.3,57.7],[42.9,57.9],[41.7,58.4]]]]}},{"type":"Feature","properties":{},"geometry":{"type":"MultiPolygon","coordinates":[[[[43.7,54],[44.8,53.9],[46.2,54],[47.9,53.7],[49.2,53.1],[50.7,52.7],[51.4,52.2],[50.8,52.3],[48.5,53.2],[47.1,53.5],[46.2,53.6],[43.3,53.5],[40.8,53.7],[39.6,54.1],[36.9,54.8],[35.4,55.6],[39.6,54.9],[41.4,54.3],[41.9,54.4],[42,54.4],[43.7,54]]]]}},{"type":"Feature","properties":{},"geometry":{"type":"MultiPolygon","coordinates":[[[[55.5,47],[57.2,46.8],[58.4,47.7],[60.8,49.6],[62.3,51],[62.9,50],[61.8,48.2],[60.3,46.9],[59.6,45.4],[56.6,45.2],[55.5,46.3],[55.5,47]]]]}},{"type":"Feature","properties":{},"geometry":{"type":"MultiPolygon","coordinates":[[[[53.7,53],[55.7,50.4],[55.6,49.1],[54,49.5],[53.6,50],[53,51.1],[53.5,52.2],[52.3,53.2],[53.7,53]]]]}},{"type":"Feature","properties":{},"geometry":{"type":"MultiPolygon","coordinates":[[[[52.3,53.2],[53.5,52.2],[53,51.1],[53.6,50],[53.1,49.4],[51.9,50.5],[51.9,51.5],[51.3,53],[50.9,53.7],[52.3,53.2]]]]}},{"type":"Feature","properties":{},"geometry":{"type":"MultiPolygon","coordinates":[[[[55.7,49.9],[57.5,50.9],[57.7,48.8],[57.8,47.4],[56.3,46.6],[55.6,47.9],[55.6,49.4],[55.7,49.9]]]]}},{"type":"Feature","properties":{},"geometry":{"type":"MultiPolygon","coordinates":[[[[50.3,49.4],[51.8,50.8],[52.5,49.5],[54.3,49.5],[55.6,49],[55.5,47],[55.4,45.6],[54,45.9],[53.7,47.5],[50.8,48.4],[50.3,49.4]]]]}},{"type":"Feature","properties":{},"geometry":{"type":"MultiPolygon","coordinates":[[[[50.4,57.5],[53.6,57],[57.6,55.2],[61.2,52.5],[61.9,50.9],[59.7,48.5],[57.8,47.9],[58,51],[56.8,53.2],[54.2,55],[51.2,56.9],[50.3,57.5],[50.4,57.5]]]]}},{"type":"Feature","properties":{},"geometry":{"type":"MultiPolygon","coordinates":[[[[49.5,57.3],[52.1,56.6],[54.7,54.7],[57.5,52.5],[57.2,50.7],[55.7,50.4],[53.7,53],[51.2,55.6],[47.9,57.5],[49.5,57.3]]]]}},{"type":"Feature","properties":{},"geometry":{"type":"MultiPolygon","coordinates":[[[[52.3,59.6],[54,57.7],[56.8,56.7],[59.3,54.5],[61.9,51.7],[59.9,53.6],[55.3,56.3],[50.3,57.7],[49.3,58.6],[48.9,59.3],[50.6,59],[51.7,59.7],[52.3,59.6]]]]}},{"type":"Feature","properties":{},"geometry":{"type":"MultiPolygon","coordinates":[[[[142.1,56],[138,52.8],[134.7,50.8],[135.8,52.5],[137.7,54.4],[140,56.2],[142,56.9],[142.1,56]]]]}},{"type":"Feature","properties":{},"geometry":{"type":"MultiPolygon","coordinates":[[[[144.8,55.1],[141,52.7],[138.9,51.5],[137.2,50.6],[134.2,49],[130.7,48.1],[131.5,49],[134.7,50.8],[138,52.8],[142.1,56],[144.8,55.1]]]]}},{"type":"Feature","properties":{},"geometry":{"type":"MultiPolygon","coordinates":[[[[149.4,63.4],[152.7,63.9],[157.1,63.9],[150.1,61.2],[148.4,58.2],[146,55.8],[143.9,55.3],[141.4,57],[140.4,57.8],[140,58.4],[141.2,59.6],[142.4,60.7],[143.3,61.5],[145.4,62.3],[147,63.1],[149.4,63.4]]]]}},{"type":"Feature","properties":{},"geometry":{"type":"MultiPolygon","coordinates":[[[[50.5,52.7],[48.6,53.4],[49.3,53.2],[50.5,52.7]]]]}},{"type":"Feature","properties":{},"geometry":{"type":"MultiPolygon","coordinates":[[[[50.8,53.3],[50.5,53],[49.8,53.6],[50.8,53.3]]]]}},{"type":"Feature","properties":{},"geometry":{"type":"MultiPolygon","coordinates":[[[[39.8,57.6],[43,57],[42.5,55.9],[45.2,54.9],[46,54.4],[44.2,54.4],[44.2,54.1],[45.6,54],[46.6,53.9],[45.1,53.9],[43.9,53.9],[40.1,55.2],[39.2,57],[39.8,57.6]]]]}},{"type":"Feature","properties":{},"geometry":{"type":"MultiPolygon","coordinates":[[[[43.4,57.4],[46.9,56],[50.5,53.9],[51.2,53.1],[49.8,53.6],[49.4,53.9],[48.5,54.3],[47.8,54.4],[47.1,54.5],[45.6,54.7],[42.9,55.6],[42.8,56.9],[43.4,57.4]]]]}},{"type":"Feature","properties":{},"geometry":{"type":"MultiPolygon","coordinates":[[[[42.9,57.9],[47.3,57.7],[49.4,56.7],[52.4,54.2],[52.9,53.2],[50.9,53.7],[48,55.5],[44,57.1],[42.9,57.9]]]]}},{"type":"Feature","properties":{},"geometry":{"type":"MultiPolygon","coordinates":[[[[159.6,59.8],[152.6,55.9],[146.8,53.1],[141,50],[138.8,49.8],[139.4,51.5],[141.8,53.2],[145.5,55.5],[148.1,56.6],[151.8,58],[154.1,59.1],[155.6,60.1],[156.6,61.6],[156.9,63.4],[157.7,64.2],[160.4,65.1],[162.4,64.9],[160.5,61.5],[159.6,59.8]]]]}},{"type":"Feature","properties":{},"geometry":{"type":"MultiPolygon","coordinates":[[[[159.5,64.9],[157.5,64.1],[156.9,62.7],[156.5,61.4],[155.2,59.7],[154,59],[151.7,58],[146.8,56.2],[147.2,56.6],[148.9,60.1],[152.7,62.3],[159.3,64.9],[159.5,64.9]]]]}},{"type":"Feature","properties":{},"geometry":{"type":"MultiPolygon","coordinates":[[[[59.5,43.7],[60.4,45.7],[62.1,46.6],[62,45.3],[61.3,44.2],[60.8,43.2],[59.5,42.5],[58.1,41.3],[57.3,41.2],[58.9,42.8],[59.5,43.7]]]]}},{"type":"Feature","properties":{},"geometry":{"type":"MultiPolygon","coordinates":[[[[49.4,46.2],[51.5,45.3],[52.5,43.6],[53.9,42.9],[53.8,41.8],[53.5,41.5],[52.9,41.2],[52.3,41],[51.8,41.2],[51.2,42],[50.8,42.8],[50.5,43.5],[49.8,44.3],[49.6,44.8],[49.6,45.6],[49.4,46.2]]]]}},{"type":"Feature","properties":{},"geometry":{"type":"MultiPolygon","coordinates":[[[[53.7,41.6],[54.2,43.1],[57,43.5],[58,44],[59.3,44.9],[60.1,45.4],[59.6,44],[59.2,43.5],[57.2,42.8],[55.1,42.3],[54.1,41.7],[53.6,41.3],[53.7,41.6]]]]}},{"type":"Feature","properties":{},"geometry":{"type":"MultiPolygon","coordinates":[[[[39.8,57.6],[38.9,56.1],[43.4,54.1],[42.6,54.3],[41.8,54.4],[41.8,54.3],[40.4,54.7],[35.3,55.7],[34.4,56],[34.6,56.4],[35.2,56.7],[38,57.5],[39.8,57.6]]]]}},{"type":"Feature","properties":{},"geometry":{"type":"MultiPolygon","coordinates":[[[[45,40.6],[46,40.1],[48.1,37.7],[48.4,36.8],[47.7,37],[46.6,37.5],[45,38.8],[44.6,39.8],[45,40.6]]]]}},{"type":"Feature","properties":{},"geometry":{"type":"MultiPolygon","coordinates":[[[[50.9,40.2],[52.5,40.5],[53.3,40.8],[53.7,41.3],[54.5,42],[55.3,41.4],[53.2,38.4],[49.6,36.9],[48.2,37.6],[48,38.1],[48.1,38.8],[48.1,39.6],[48.4,40.1],[48.7,40.3],[50.3,40.3],[50.9,40.2]]]]}},{"type":"Feature","properties":{},"geometry":{"type":"MultiPolygon","coordinates":[[[[50.8,42.8],[51,42.4],[51.4,41.6],[52,41.1],[52.5,41],[53.4,41.4],[53.7,41.7],[53.6,41.1],[52.8,40.6],[51.6,40.3],[50.8,40.6],[49.3,42.2],[48.9,42.4],[49.7,42.9],[50.8,42.8]]]]}},{"type":"Feature","properties":{},"geometry":{"type":"MultiPolygon","coordinates":[[[[45.9,41.5],[46.4,42.5],[47.4,42.8],[47.7,42.9],[47.9,43],[49.1,43.7],[50.7,43.3],[49.7,42.9],[48.9,42.4],[48,42.1],[47.3,41.9],[47,41.8],[45.9,41.5]]]]}},{"type":"Feature","properties":{},"geometry":{"type":"MultiPolygon","coordinates":[[[[49,46.9],[49.6,45.6],[49.6,44.8],[49.7,44.5],[50,44],[48.2,43.1],[47.8,43],[47.5,42.9],[46.8,42.7],[46.7,43.3],[47.2,44.4],[47.7,44.8],[48.9,46.7],[49,46.9]]]]}},{"type":"Feature","properties":{},"geometry":{"type":"MultiPolygon","coordinates":[[[[45.9,41.5],[47,41.8],[47.3,41.9],[48,42.1],[49.3,42.2],[50.8,40.6],[49.5,40.4],[48.6,40.3],[48.2,39.9],[48.1,39.5],[48.2,38.4],[47.9,38],[45.8,40.3],[45.2,40.8],[45.8,41.4],[45.9,41.5]]]]}},{"type":"Feature","properties":{},"geometry":{"type":"MultiPolygon","coordinates":[[[[49.7,48.9],[50,49.2],[50.8,48.4],[52.8,47.9],[53.8,46.5],[55.1,45.1],[56.6,45.2],[59.6,45.4],[60.3,46.9],[61.4,47.5],[60.6,46.3],[60,45.3],[58.8,44.6],[57.8,43.9],[56.8,43.4],[53.9,42.9],[52.5,43.6],[51.5,45.3],[49.4,46.2],[49.7,47.9],[49.7,48.9]]]]}},{"type":"Feature","properties":{},"geometry":{"type":"MultiPolygon","coordinates":[[[[106.6,-50.1],[107.6,-49.8],[108.5,-48.9],[109.2,-48.4],[110.3,-48],[111.4,-47.6],[113.4,-47.4],[114.3,-47.1],[117.8,-47.2],[116.4,-47.5],[112.6,-48.7],[107.3,-51.3],[103.8,-52.3],[99.5,-53.9],[97.7,-54.8],[95.8,-55.3],[92.8,-56.3],[87.5,-55.3],[85,-54.8],[85.7,-54.5],[87.5,-54.5],[92.8,-54.8],[94.2,-54.8],[96.4,-54.3],[98,-53.9],[99.3,-53.6],[100.4,-53.2],[101.8,-52.4],[102.6,-52.1],[103.5,-51.6],[105,-51],[106.2,-50.4],[106.6,-50.1]]]]}},{"type":"Feature","properties":{},"geometry":{"type":"MultiPolygon","coordinates":[[[[75,-53.3],[74.5,-54.1],[76.1,-54.9],[77.9,-57.6],[79.5,-60.3],[84.6,-61.7],[94.5,-62.5],[100.7,-62.8],[103.8,-62.5],[105.4,-61.9],[109.1,-63.8],[108.4,-64],[106.7,-63.1],[103.4,-64.3],[99.2,-64.9],[91.6,-64.9],[85.1,-63.8],[81.9,-62.6],[79.6,-61.7],[76.9,-60.7],[75.3,-58.9],[74.6,-57.3],[72.4,-53.3],[71.3,-53.3],[69.6,-52.6],[70.3,-52.7],[72.2,-52.7],[72.9,-52.7],[72.7,-53.1],[73.4,-53.3],[74.9,-53.3],[75,-53.3]]]]}},{"type":"Feature","properties":{},"geometry":{"type":"MultiPolygon","coordinates":[[[[112.6,-48.7],[111,-50.2],[109.7,-50.9],[108.7,-51.3],[107.1,-52.5],[104.6,-53.6],[103,-54.3],[101,-55.1],[98.7,-55.9],[96.4,-56.1],[94.3,-56.2],[95,-55.7],[97.5,-55],[98.9,-54.2],[102.2,-53],[106,-51.7],[110.1,-49.7],[112.6,-48.7]]]]}},{"type":"Feature","properties":{},"geometry":{"type":"MultiPolygon","coordinates":[[[[93.5,-56.1],[95.3,-56.2],[97.6,-56.1],[100.1,-55.4],[101.9,-54.8],[103.6,-53.9],[105.4,-53.5],[107.9,-51.9],[109.2,-51.1],[110.2,-50.6],[111.9,-49.6],[112.8,-50],[111,-51],[107.1,-53.7],[100.3,-56.5],[97.1,-57.2],[93.5,-56.1]]]]}},{"type":"Feature","properties":{},"geometry":{"type":"MultiPolygon","coordinates":[[[[46.5,47.3],[47.3,46.8],[45.6,45.4],[44,47.2],[46.5,47.3]]]]}},{"type":"Feature","properties":{},"geometry":{"type":"MultiPolygon","coordinates":[[[[43.9,44.6],[38.7,42.7],[38.8,43.4],[41.6,43.9],[42.7,44.7],[43.9,44.6]]]]}},{"type":"Feature","properties":{},"geometry":{"type":"MultiPolygon","coordinates":[[[[43.4,46.9],[44.9,45.2],[42.7,44.7],[41.6,43.9],[38.8,43.4],[37.9,42.4],[38.4,44],[40.1,45.1],[41.2,46.3],[43.4,46.9]]]]}},{"type":"Feature","properties":{},"geometry":{"type":"MultiPolygon","coordinates":[[[[51.2,52.1],[51.5,52.1],[51.9,51.3],[50.6,49.7],[49.7,49],[47.9,47.1],[46.5,47.4],[47.8,48.5],[48.8,49],[50,50.2],[51,51.2],[51.2,52],[51.2,52.1]]]]}},{"type":"Feature","properties":{},"geometry":{"type":"MultiPolygon","coordinates":[[[[43.3,47.3],[41.2,46.3],[40.1,45.1],[38.4,44],[37.5,45],[40.6,46.7],[43.3,47.3]]]]}},{"type":"Feature","properties":{},"geometry":{"type":"MultiPolygon","coordinates":[[[[17,46],[17.3,45.4],[17.8,44.7],[18.3,44.5],[18.3,44.1],[18.6,44.3],[19.1,44.1],[19.7,43.5],[20.8,43],[22.2,42.4],[22.6,41.3],[23.1,40.8],[23.6,40.1],[24.2,39.4],[24.9,39.4],[25.6,39.6],[24.7,39.2],[24.3,38.8],[23.4,38.7],[23,38.7],[22.4,39.9],[21.9,40.3],[21.5,40.8],[19.9,42.1],[17.5,43.3],[15.9,43.4],[15.6,43.7],[16.2,43.8],[15.5,44.3],[15.1,44.6],[15.1,44.8],[15.2,45.2],[15.5,45.3],[15.2,45.2],[15.4,45.7],[15.7,45.6],[15.8,45.7],[16.7,46.1],[17,46]]]]}},{"type":"Feature","properties":{},"geometry":{"type":"MultiPolygon","coordinates":[[[[48,53.3],[49.8,52.7],[51.2,52.1],[51.1,51.3],[50.2,50.3],[49,49.4],[47.9,48.5],[46.5,47.6],[45.8,47.1],[42.1,47.2],[37.9,45.4],[37.8,42.8],[36.5,42.1],[34.9,41.9],[33.2,41.9],[32.4,41.9],[31.6,41.4],[30.4,41.2],[29.8,41.2],[29.5,41],[28.6,40.8],[27.9,41],[26.6,41.7],[25.3,44.3],[25,46.1],[29.2,47.6],[33.3,49.5],[36.8,50.8],[42.5,52.1],[47.7,53.2],[48,53.3]]]]}},{"type":"Feature","properties":{},"geometry":{"type":"MultiPolygon","coordinates":[[[[27.6,40],[27.5,40.3],[27.9,40.8],[28.9,40.9],[29.7,41.1],[30.1,41.1],[30.5,41.2],[31.9,41.6],[32.6,41.9],[33.4,41.9],[35.2,41.9],[36.9,42.2],[38.7,42.7],[43.9,44.6],[45.6,45.4],[48.7,46.9],[49.7,48.9],[49.5,47.6],[48.9,46.7],[47.7,44.8],[47.2,44.4],[46.7,43.3],[46,41.8],[45.7,41.3],[45,40.6],[44.6,39.8],[40.3,38.3],[32.6,37.2],[28.7,37.3],[29.3,37.7],[30.1,37.7],[30.6,38.2],[30.5,38.1],[30.3,37.7],[29.3,37.9],[28.5,36.9],[26.1,38.7],[26.7,39.3],[26.5,39.4],[26.9,39.6],[27.1,39.5],[27.7,39.9],[27.6,40]]]]}},{"type":"Feature","properties":{},"geometry":{"type":"MultiPolygon","coordinates":[[[[180,-85],[-180,-90],[-165.8,-86.7],[-28.3,-88.8],[106,-87.3],[129.6,-83.6],[125.6,-83.1],[129.5,-80.2],[136.2,-77.5],[140.4,-70.5],[142.2,-65.2],[142,-64.6],[142.5,-64],[144.6,-63.5],[145.8,-63.7],[146.3,-63.2],[147.1,-63.2],[148.9,-63.1],[150.1,-63],[151,-63],[151.9,-62.8],[153.5,-62.6],[153.7,-62.7],[154.7,-63.5],[158.2,-66.3],[164.6,-72.7],[169.8,-79.4],[180,-85]]]]}},{"type":"Feature","properties":{},"geometry":{"type":"MultiPolygon","coordinates":[[[[-14,-79.4],[-14.8,-80.6],[-11.4,-81.5],[-2.6,-82.3],[5.3,-83.2],[-22.9,-83.3],[-27.2,-83.4],[-38.5,-84.6],[-58.7,-84.7],[-60.5,-82.4],[-38.4,-79.9],[-17.9,-78.9],[-15.3,-78.9],[-14,-79.4]]]]}},{"type":"Feature","properties":{},"geometry":{"type":"MultiPolygon","coordinates":[[[[33.9,-84.8],[34.1,-85],[36,-85.6],[74,-88.7],[-82.6,-87.5],[-82.5,-83.8],[-76.8,-83.2],[-71.8,-83.1],[-64.4,-82.8],[-57.3,-83.8],[-44,-84.7],[-27.5,-83.4],[-23.6,-83.3],[18.4,-83.6],[33.9,-84.8]]]]}},{"type":"Feature","properties":{},"geometry":{"type":"MultiPolygon","coordinates":[[[[154.6,-63.4],[153.7,-62.6],[154.2,-62.7],[154.7,-62.7],[154.6,-63],[154.6,-63.4]]]]}},{"type":"Feature","properties":{},"geometry":{"type":"MultiPolygon","coordinates":[[[[180,-72.9],[173.4,-69.7],[158.2,-66.3],[154.9,-63.5],[155.5,-62.9],[156.1,-62.9],[156.5,-63],[157.1,-63.4],[157.6,-63.5],[158.7,-63.4],[159.3,-63.3],[159.8,-63.1],[160.9,-63.3],[161.3,-63.1],[162.7,-63],[162.5,-62.5],[163.3,-62.7],[163.9,-62.9],[164.7,-63],[165.7,-62.9],[166.1,-62.9],[167.1,-62.8],[168.6,-63.1],[168.5,-63.2],[169.8,-63.6],[171,-64.1],[170.2,-63.3],[171.6,-63.4],[171.8,-63.3],[173.1,-63.3],[173.6,-63.3],[174.8,-63.4],[175.5,-63.5],[177.4,-63.8],[176.9,-64.3],[177.5,-64.6],[176,-64.6],[177.4,-64.8],[177.1,-65.4],[176.7,-65.3],[175.3,-65.3],[176,-65.6],[176.1,-65.7],[176.1,-65.9],[175.6,-65.9],[175.7,-66.2],[175.2,-66.3],[174.3,-65.9],[175.1,-66.4],[175.3,-66.7],[175.6,-67],[174.4,-67.1],[174.6,-67.5],[174.8,-67.9],[173.9,-68.2],[175.1,-68.1],[176,-68.6],[175.9,-68.7],[176.5,-69],[176.8,-69.3],[177.3,-69.4],[178.9,-70],[179.3,-70.4],[180,-70.2],[179.7,-71.2],[178.4,-70.9],[178.9,-71.3],[178.8,-71.6],[179,-72],[179.7,-72.3],[179.8,-72.7],[180,-72.9]]]]}},{"type":"Feature","properties":{},"geometry":{"type":"MultiPolygon","coordinates":[[[[-180,-70.8],[-179.5,-70.4],[-179.1,-70.5],[-180,-70.8]]]]}},{"type":"Feature","properties":{},"geometry":{"type":"MultiPolygon","coordinates":[[[[-180,-73.2],[-178.6,-72.7],[-178.7,-72.9],[-178,-72.9],[-177.8,-73.2],[-177.4,-73.5],[-176.7,-73.6],[-175.2,-73.7],[-174.8,-74.4],[-173.7,-73.9],[-171.5,-74.3],[-170.4,-74.4],[-170.9,-74.5],[-169.6,-74.5],[-168.9,-74.6],[-167.5,-74.6],[-166.2,-74.6],[-159.7,-76.9],[-180,-73.2]]]]}},{"type":"Feature","properties":{},"geometry":{"type":"MultiPolygon","coordinates":[[[[-180,-69.6],[-178.6,-69.3],[-179.7,-69.8],[-180,-69.6]]]]}},{"type":"Feature","properties":{},"geometry":{"type":"MultiPolygon","coordinates":[[[[-60.5,-82.4],[-68.6,-83.1],[-76.8,-83.2],[-78.3,-82.9],[-55.5,-80.8],[-60.5,-82.4]]]]}},{"type":"Feature","properties":{},"geometry":{"type":"MultiPolygon","coordinates":[[[[-56.1,-80.8],[-92.9,-80],[-78.8,-77.9],[-75.4,-77.3],[-73.9,-77.5],[-72.9,-77.6],[-72.8,-77.5],[-72.4,-77.4],[-71.2,-77.3],[-69.5,-77.1],[-70.2,-77.7],[-56.1,-80.8]]]]}},{"type":"Feature","properties":{},"geometry":{"type":"MultiPolygon","coordinates":[[[[-76.2,-77.2],[-92.4,-79.4],[-92.9,-77.7],[-93.2,-76.4],[-90.4,-76.3],[-88.7,-76.3],[-86.6,-76.4],[-84.6,-76.4],[-82.8,-76.5],[-81.5,-76.6],[-81.1,-76.6],[-80.1,-76.6],[-78.2,-76.9],[-76.9,-77],[-76.2,-77.2]]]]}},{"type":"Feature","properties":{},"geometry":{"type":"MultiPolygon","coordinates":[[[[142,-65.2],[139.6,-72.2],[134.3,-79.2],[121.2,-75.9],[108.4,-71.9],[107.1,-71.2],[108.4,-71],[110.2,-70.7],[111.6,-70.3],[113.2,-70.1],[114,-70.3],[114.4,-70],[115.2,-69.6],[115.2,-69.1],[117.7,-68.7],[119.6,-68.5],[122.6,-68.4],[123.5,-68.5],[125.1,-68],[124.7,-67.7],[128.3,-67],[129.8,-67],[129.1,-68.2],[130.3,-67.6],[131.4,-67.1],[132.4,-67],[133.7,-66.8],[133.4,-67.1],[136,-66.1],[137.6,-65.6],[138.6,-65],[139.1,-64.9],[139.7,-65.1],[140.4,-65.5],[141.3,-65.3],[142,-65.2]]]]}},{"type":"Feature","properties":{},"geometry":{"type":"MultiPolygon","coordinates":[[[[142.2,-65],[142,-64.7],[142.3,-64.7],[142.2,-65]]]]}},{"type":"Feature","properties":{},"geometry":{"type":"MultiPolygon","coordinates":[[[[180,-73.2],[174.2,-78.2],[164.6,-72.7],[164.8,-68.5],[179.8,-73.1],[180,-73.2]]]]}},{"type":"Feature","properties":{},"geometry":{"type":"MultiPolygon","coordinates":[[[[-180,-78.8],[-176.8,-74.5],[-155.5,-78.3],[-160.6,-79.9],[-180,-78.8]]]]}},{"type":"Feature","properties":{},"geometry":{"type":"MultiPolygon","coordinates":[[[[-144.2,-80.7],[-159.9,-76.4],[-153.8,-76.6],[-146.9,-76.7],[-139.7,-77],[-133.3,-77.4],[-125.4,-77.9],[-119.8,-78],[-118.9,-79.1],[-144.2,-80.7]]]]}},{"type":"Feature","properties":{},"geometry":{"type":"MultiPolygon","coordinates":[[[[180,-78.8],[180,-85],[169,-77.4],[180,-78.8]]]]}},{"type":"Feature","properties":{},"geometry":{"type":"MultiPolygon","coordinates":[[[[-180,-85],[-180,-78.8],[-144.2,-80.7],[-93.4,-83.3],[-81.5,-83.4],[-84.5,-86.7],[-180,-85]]]]}},{"type":"Feature","properties":{},"geometry":{"type":"MultiPolygon","coordinates":[[[[-144.2,-80.7],[-112.2,-78.5],[-92.8,-79.4],[-94.3,-78.6],[-87,-81.5],[-123.2,-82.7],[-144.2,-80.7]]]]}},{"type":"Feature","properties":{},"geometry":{"type":"MultiPolygon","coordinates":[[[[22.2,-80],[22.6,-80.1],[22.9,-80.1],[24.4,-80.1],[25.9,-80.2],[26.2,-80.4],[26.9,-80.4],[28.9,-79.6],[18.4,-83.6],[6.4,-82.7],[11.8,-80.4],[15.6,-79.5],[15.8,-79.4],[16.6,-79.3],[16.6,-79.1],[18.6,-79],[17.9,-79.5],[19.9,-79.9],[21.7,-80.1],[22.2,-80]]]]}},{"type":"Feature","properties":{},"geometry":{"type":"MultiPolygon","coordinates":[[[[86.2,-80.6],[88.9,-81.3],[88,-80.5],[95.7,-81.3],[88.6,-82],[77.7,-82.1],[86.2,-80.6]]]]}},{"type":"Feature","properties":{},"geometry":{"type":"MultiPolygon","coordinates":[[[[103.6,-78.9],[121.2,-75.9],[134.3,-79.2],[128.6,-81],[126.3,-83.2],[125,-84.9],[88.4,-87.8],[34.7,-85.2],[34.1,-85],[33.1,-83.5],[76.2,-81.5],[86.5,-82.3],[94.6,-81.5],[98.1,-79.8],[103.6,-78.9]]]]}},{"type":"Feature","properties":{},"geometry":{"type":"MultiPolygon","coordinates":[[[[86.2,-80.6],[50.1,-83.2],[31.7,-79.3],[34.4,-78.6],[37.8,-78.3],[38.5,-78.1],[40.8,-78],[41,-77.9],[42,-77.6],[42.9,-77.9],[43.3,-78.1],[44.7,-78.3],[46.1,-77.6],[45.7,-77.4],[44.5,-77.2],[47.1,-77.2],[48.5,-77.3],[48,-77.1],[47.3,-76.6],[50.3,-76],[56.5,-75.9],[59.1,-76.2],[57.3,-76.4],[58.2,-76.5],[57.8,-76.6],[57.3,-77],[58.6,-76.8],[60.1,-76.6],[61.7,-76.7],[62,-76.8],[63.9,-77],[66.7,-76.8],[72.4,-76.5],[79,-76.1],[81.7,-76.5],[81.2,-77],[82.5,-77.4],[81.1,-77.6],[82.5,-77.8],[82.1,-78.2],[80.6,-78.3],[81.4,-78.5],[83.1,-78.6],[84.9,-79],[84.5,-79.6],[85.1,-80.2],[86.2,-80.6]]]]}},{"type":"Feature","properties":{},"geometry":{"type":"MultiPolygon","coordinates":[[[[105.5,-71.4],[117.8,-74.9],[108.9,-78.3],[88.5,-80.4],[89.7,-80.2],[90,-79.6],[89.6,-79.2],[89.3,-78.8],[88.4,-78.3],[88.4,-77.7],[89.2,-77.2],[90.6,-77],[91.3,-76.9],[91.7,-76.5],[92.5,-76.3],[93.2,-75.8],[93.3,-75.4],[96.7,-73.9],[98.1,-73.6],[99,-73],[101.9,-72.1],[103.8,-71.9],[105.5,-71.4]]]]}},{"type":"Feature","properties":{},"geometry":{"type":"MultiPolygon","coordinates":[[[[-76.2,-77.2],[-76.9,-77],[-78.2,-76.9],[-80.1,-76.6],[-81.1,-76.6],[-81.5,-76.6],[-82.8,-76.5],[-84.6,-76.4],[-86.6,-76.4],[-88.7,-76.3],[-90.4,-76.3],[-93.2,-76.4],[-94.1,-76.4],[-91.3,-76.3],[-87.5,-76.2],[-84.3,-76.2],[-77.9,-76.5],[-74.8,-77.1],[-73.1,-77.3],[-69.9,-77],[-67.8,-76.8],[-70.3,-77.2],[-72,-77.3],[-72.6,-77.4],[-72.8,-77.6],[-73.4,-77.6],[-74.6,-77.3],[-75.9,-77.3],[-76.2,-77.2]]]]}},{"type":"Feature","properties":{},"geometry":{"type":"MultiPolygon","coordinates":[[[[-119.8,-73.2],[-120.1,-73.4],[-121.5,-74.1],[-119.3,-74],[-118.6,-75.2],[-119.3,-75.4],[-119.9,-76],[-121.8,-76.5],[-121,-76.6],[-118.2,-76.6],[-114.6,-76.6],[-112.6,-76.7],[-110.8,-77.2],[-112.6,-77.6],[-117.3,-77.9],[-124.3,-78],[-131.9,-77.5],[-138.3,-77.1],[-145.5,-76.7],[-152.1,-76.6],[-159.9,-76.4],[-163.8,-74.7],[-162.6,-74.8],[-159.4,-74.8],[-156.7,-74.7],[-155.7,-74.9],[-150.4,-74.4],[-138.9,-73.2],[-134.4,-75.7],[-129.5,-75.4],[-131.7,-74.6],[-130.1,-73.5],[-126.4,-73.7],[-121.2,-72.9],[-119.4,-72.8],[-119.8,-73.2]]]]}},{"type":"Feature","properties":{},"geometry":{"type":"MultiPolygon","coordinates":[[[[-103.4,-76.5],[-108,-76.1],[-109.8,-75.4],[-107.8,-75.4],[-100.4,-74.3],[-97.9,-75.2],[-99.4,-75.6],[-103.1,-76.4],[-103.4,-76.5]]]]}},{"type":"Feature","properties":{},"geometry":{"type":"MultiPolygon","coordinates":[[[[-70.8,-76.2],[-71.6,-75.7],[-69.1,-75.6],[-70.8,-76.2]]]]}},{"type":"Feature","properties":{},"geometry":{"type":"MultiPolygon","coordinates":[[[[-96.2,-78.2],[-96.8,-78.2],[-96.2,-77.9],[-96.2,-78.2]]]]}},{"type":"Feature","properties":{},"geometry":{"type":"MultiPolygon","coordinates":[[[[-93.2,-77.7],[-95.2,-77],[-93.7,-77.4],[-93.2,-77.7]]]]}},{"type":"Feature","properties":{},"geometry":{"type":"MultiPolygon","coordinates":[[[[-92.2,-78.6],[-93.5,-78],[-93.1,-77.8],[-92.2,-78.6]]]]}},{"type":"Feature","properties":{},"geometry":{"type":"MultiPolygon","coordinates":[[[[-112.2,-78.5],[-112.9,-77.7],[-109.6,-77.6],[-108.1,-77.6],[-105,-77.7],[-103,-78],[-100.3,-78.1],[-98.9,-78.5],[-98.2,-78.4],[-96.5,-78.6],[-112.2,-78.5]]]]}},{"type":"Feature","properties":{},"geometry":{"type":"MultiPolygon","coordinates":[[[[-96.7,-78.3],[-96,-78.1],[-96.5,-78.3],[-96.7,-78.3]]]]}},{"type":"Feature","properties":{},"geometry":{"type":"MultiPolygon","coordinates":[[[[87.9,32.1],[89.8,33],[92.6,34],[94.5,35],[96.1,35.7],[99.6,35.9],[98.2,34.3],[94.2,32.6],[90.2,31],[86.3,29.9],[87.9,32.1]]]]}},{"type":"Feature","properties":{},"geometry":{"type":"MultiPolygon","coordinates":[[[[87.9,32.1],[89.8,33],[92.6,34],[94.5,35],[96.1,35.7],[99.6,35.9],[98.2,34.3],[94.2,32.6],[90.2,31],[86.3,29.9],[87.9,32.1]]]]}}]}